
 Ansys Mechanical Enterprise Academic Research     


 *------------------------------------------------------------------*
 |                                                                  |
 |   W E L C O M E   T O   T H E   A N S Y S (R)  P R O G R A M     |
 |                                                                  |
 *------------------------------------------------------------------*




 ***************************************************************
 *         ANSYS MAPDL 2026 R1.02       LEGAL NOTICES          *
 ***************************************************************
 *                                                             *
 * Copyright (c) 2026 Synopsys, Inc. and ANSYS, Inc.           *
 * All rights reserved.                                        *
 * Unauthorized use, distribution or duplication is            *
 * prohibited.                                                 *
 *                                                             *
 * Ansys is a registered trademark of Ansys, Inc. or its       *
 * subsidiaries in the United States or other countries.       *
 * See the Ansys, Inc. online documentation or the Ansys, Inc. *
 * documentation CD or online help for the complete Legal      *
 * Notice.                                                     *
 *                                                             *
 ***************************************************************
 *                                                             *
 * THIS ANSYS SOFTWARE PRODUCT AND PROGRAM DOCUMENTATION       *
 * INCLUDE TRADE SECRETS AND CONFIDENTIAL AND PROPRIETARY      *
 * PRODUCTS OF ANSYS, INC., ITS SUBSIDIARIES, OR LICENSORS.    *
 * The software products and documentation are furnished by    *
 * Ansys, Inc. or its subsidiaries under a software license    *
 * agreement that contains provisions concerning               *
 * non-disclosure, copying, length and nature of use,          *
 * compliance with exporting laws, warranties, disclaimers,    *
 * limitations of liability, and remedies, and other           *
 * provisions.  The software products and documentation may be *
 * used, disclosed, transferred, or copied only in accordance  *
 * with the terms and conditions of that software license      *
 * agreement.                                                  *
 *                                                             *
 * Ansys, Inc. is a UL registered                              *
 * ISO 9001:2015 company.                                      *
 *                                                             *
 ***************************************************************
 *                                                             *
 * This product is subject to U.S. laws governing export and   *
 * re-export.                                                  *
 *                                                             *
 * For U.S. Government users, except as specifically granted   *
 * by the Ansys, Inc. software license agreement, the use,     *
 * duplication, or disclosure by the United States Government  *
 * is subject to restrictions stated in the Ansys, Inc.        *
 * software license agreement and FAR 12.212 (for non-DOD      *
 * licenses).                                                  *
 *                                                             *
 ***************************************************************

 2026 R1.02  
     
 Point Releases and Patches installed:   
     
 Ansys Service Pack 2026 R1.01   
 Ansys Service Pack 2026 R1.02   
 Ansys, Inc. License Manager 2026 R1 
 Ansys, Inc. License Manager 2026 R1.01  
 Ansys, Inc. License Manager 2026 R1.02  
 Discovery (reduced install) 2026 R1 
 Discovery (reduced install) 2026 R1.01  
 Discovery (reduced install) 2026 R1.02  
 Core WB Files 2026 R1   
 Core WB Files 2026 R1.01
 Core WB Files 2026 R1.02
 BladeModeler 2026 R1
 BladeModeler 2026 R1.01 
 BladeModeler 2026 R1.02 
 CFX (includes CFD-Post) 2026 R1 
 CFX (includes CFD-Post) 2026 R1.01  
 CFX (includes CFD-Post) 2026 R1.02  
 CFD-Post only 2026 R1   
 CFD-Post only 2026 R1.01
 CFD-Post only 2026 R1.02
 Chemkin 2026 R1 
 Chemkin 2026 R1.01  
 Chemkin 2026 R1.02  
 EnSight 2026 R1 
 EnSight 2026 R1.01  
 EnSight 2026 R1.02  
 FENSAP-ICE 2026 R1  
 FENSAP-ICE 2026 R1.01   
 FENSAP-ICE 2026 R1.02   
 Fluent (includes CFD-Post) 2026 R1  
 Fluent (includes CFD-Post) 2026 R1.01   
 Fluent (includes CFD-Post) 2026 R1.02   
 Polyflow (includes CFD-Post) 2026 R1
 Polyflow (includes CFD-Post) 2026 R1.01 
 Polyflow (includes CFD-Post) 2026 R1.02 
 Forte (includes EnSight) 2026 R1
 Forte (includes EnSight) 2026 R1.01 
 Forte (includes EnSight) 2026 R1.02 
 ICEM CFD 2026 R1
 ICEM CFD 2026 R1.01 
 ICEM CFD 2026 R1.02 
 RBF Morph Fluids UDF 2026 R1
 RBF Morph Fluids UDF 2026 R1.01 
 RBF Morph Fluids UDF 2026 R1.02 
 RBF Morph Libraries 2026 R1 
 RBF Morph Libraries 2026 R1.01  
 RBF Morph Libraries 2026 R1.02  
 Rocky 2026 R1   
 Rocky 2026 R1.01
 Rocky 2026 R1.02
 Thermal Desktop: AutoCAD 2026 R1
 Thermal Desktop: AutoCAD 2026 R1.01 
 Thermal Desktop: AutoCAD 2026 R1.02 
 Thermal Desktop: Thermal Desktop and TD Designer  2026 R1   
 Thermal Desktop: Thermal Desktop and TD Designer  2026 R1.01
 Thermal Desktop: Thermal Desktop and TD Designer  2026 R1.02
 Thermal Desktop: Sinda Solver 2026 R1   
 Thermal Desktop: Sinda Solver 2026 R1.01
 Thermal Desktop: Sinda Solver 2026 R1.02
 TurboGrid 2026 R1   
 TurboGrid 2026 R1.01
 TurboGrid 2026 R1.02
 Granta EduPack 2026 R1  
 Granta EduPack 2026 R1.01   
 Granta EduPack 2026 R1.02   
 Granta Selector 2026 R1 
 Granta Selector 2026 R1.01  
 Granta Selector 2026 R1.02  
 Dynamic Reporting 2026 R1   
 Dynamic Reporting 2026 R1.01
 Dynamic Reporting 2026 R1.02
 Remote Solve Manager Standalone Services 2026 R1
 Remote Solve Manager Standalone Services 2026 R1.01 
 Remote Solve Manager Standalone Services 2026 R1.02 
 Aqwa 2026 R1
 Aqwa 2026 R1.01 
 Aqwa 2026 R1.02 
 Autodyn 2026 R1 
 Autodyn 2026 R1.01  
 Autodyn 2026 R1.02  
 Customization Files for User Programmable Features 2026 R1  
 Customization Files for User Programmable Features 2026 R1.01   
 Customization Files for User Programmable Features 2026 R1.02   
 LS-DYNA 2026 R1 
 LS-DYNA 2026 R1.01  
 LS-DYNA 2026 R1.02  
 Material Calibration App 2026 R1
 Material Calibration App 2026 R1.01 
 Material Calibration App 2026 R1.02 
 Material Designer 2026 R1   
 Material Designer 2026 R1.01
 Material Designer 2026 R1.02
 Mechanical Products 2026 R1 
 Mechanical Products 2026 R1.01  
 Mechanical Products 2026 R1.02  
 Motion 2026 R1  
 Motion 2026 R1.01   
 Motion 2026 R1.02   
 RBF Morph 2026 R1   
 RBF Morph 2026 R1.01
 RBF Morph 2026 R1.02
 Sherlock 2026 R1
 Sherlock 2026 R1.01 
 Sherlock 2026 R1.02 
 Sound - SAS 2026 R1 
 Sound - SAS 2026 R1.01  
 Sound - SAS 2026 R1.02  
 ACIS Geometry Interface 2026 R1 
 ACIS Geometry Interface 2026 R1.01  
 ACIS Geometry Interface 2026 R1.02  
 AutoCAD Geometry Interface 2026 R1  
 AutoCAD Geometry Interface 2026 R1.01   
 AutoCAD Geometry Interface 2026 R1.02   
 Catia, Version 4 Geometry Interface 2026 R1 
 Catia, Version 4 Geometry Interface 2026 R1.01  
 Catia, Version 4 Geometry Interface 2026 R1.02  
 Catia, Version 5 Geometry Interface 2026 R1 
 Catia, Version 5 Geometry Interface 2026 R1.01  
 Catia, Version 5 Geometry Interface 2026 R1.02  
 Catia, Version 6 Geometry Interface 2026 R1 
 Catia, Version 6 Geometry Interface 2026 R1.01  
 Catia, Version 6 Geometry Interface 2026 R1.02  
 Creo Elements/Direct Modeling Geometry Interface 2026 R1
 Creo Elements/Direct Modeling Geometry Interface 2026 R1.01 
 Creo Elements/Direct Modeling Geometry Interface 2026 R1.02 
 Creo Parametric Geometry Interface 2026 R1  
 Creo Parametric Geometry Interface 2026 R1.01   
 Creo Parametric Geometry Interface 2026 R1.02   
 Inventor Geometry Interface 2026 R1 
 Inventor Geometry Interface 2026 R1.01  
 Inventor Geometry Interface 2026 R1.02  
 JTOpen Geometry Interface 2026 R1   
 JTOpen Geometry Interface 2026 R1.01
 JTOpen Geometry Interface 2026 R1.02
 NX Geometry Interface 2026 R1   
 NX Geometry Interface 2026 R1.01
 NX Geometry Interface 2026 R1.02
 Parasolid Geometry Interface  2026 R1   
 Parasolid Geometry Interface  2026 R1.01
 Parasolid Geometry Interface  2026 R1.02
 Solid Edge Geometry Interface 2026 R1   
 Solid Edge Geometry Interface 2026 R1.01
 Solid Edge Geometry Interface 2026 R1.02
 SOLIDWORKS Geometry Interface 2026 R1   
 SOLIDWORKS Geometry Interface 2026 R1.01
 SOLIDWORKS Geometry Interface 2026 R1.02


          *****  MAPDL COMMAND LINE ARGUMENTS  *****
  BATCH MODE REQUESTED (-b)    = NOLIST
  INPUT FILE COPY MODE (-c)    = COPY
  DISTRIBUTED MEMORY PARALLEL REQUESTED
      12 PARALLEL PROCESSES REQUESTED WITH SINGLE THREAD PER PROCESS
    TOTAL OF    12 CORES REQUESTED
  INPUT FILE NAME              = Z:\Developer\MIT_Rkt_Team\2026-7\MIT-RT-26_27-Work\simulation_work\avionics\powerboardsim\1\_ProjectScratch\ScrF06E\dummy.dat
  OUTPUT FILE NAME             = Z:\Developer\MIT_Rkt_Team\2026-7\MIT-RT-26_27-Work\simulation_work\avionics\powerboardsim\1\_ProjectScratch\ScrF06E\solve.out
  START-UP FILE MODE           = NOREAD
  STOP FILE MODE               = NOREAD

 RELEASE= 2026 R1.02           BUILD= 26.1      UP20260202   VERSION=WINDOWS x64 
 CURRENT JOBNAME=file0  15:02:10  OCT 04, 2026  Elapsed Time=       0.172


 PARAMETER _DS_PROGRESS =     999.0000000    

 /INPUT FILE= ds.dat  LINE=       0



 *** NOTE ***                            ELAPSED TIME =       7.087   TIME= 15:02:12
 The /CONFIG,NOELDB command is not valid in a distributed memory         
 parallel solution.  Command is ignored.                                 

 *GET  _WALLSTRT  FROM  ACTI  ITEM=TIME WALL  VALUE= 0.197607972E-02

 TITLE= 
 powerboardsim_v1--Modale (B5)                                                 

  ACT Extensions:
      LSDYNA, 2026.1
      5f463412-bd3e-484b-87e7-cbc0a665e474, wbex
      ANSYSMotion, 2026.1
      20180725-3f81-49eb-9f31-41364844c769, wbex
      Sherlock_App, 2026.1
      22267810-43dd-444c-b69c-948d1736da5a, wbex

 SET PARAMETER DIMENSIONS ON  _WB_PROJECTSCRATCH_DIR
  TYPE=STRI  DIMENSIONS=      248        1        1

 PARAMETER _WB_PROJECTSCRATCH_DIR(1) = Z:\Developer\MIT_Rkt_Team\2026-7\MIT-RT-26_27-Work\simulation_work\avionics\powerboardsim\1\_ProjectScratch\ScrF06E\

 SET PARAMETER DIMENSIONS ON  _WB_SOLVERFILES_DIR
  TYPE=STRI  DIMENSIONS=      248        1        1

 PARAMETER _WB_SOLVERFILES_DIR(1) = Z:\Developer\MIT_Rkt_Team\2026-7\MIT-RT-26_27-Work\simulation_work\avionics\powerboardsim\1\powerboardsim_v1_files\dp0\SYS-1\MECH\

 SET PARAMETER DIMENSIONS ON  _WB_USERFILES_DIR
  TYPE=STRI  DIMENSIONS=      248        1        1

 PARAMETER _WB_USERFILES_DIR(1) = Z:\Developer\MIT_Rkt_Team\2026-7\MIT-RT-26_27-Work\simulation_work\avionics\powerboardsim\1\powerboardsim_v1_files\user_files\
 --- Data in consistent MKS units. See Solving Units in the help system for more

 MKS UNITS SPECIFIED FOR INTERNAL    
  LENGTH        (l)  = METER (M)
  MASS          (M)  = KILOGRAM (KG)
  TIME          (t)  = SECOND (SEC)
  TEMPERATURE   (T)  = CELSIUS (C)
  TOFFSET            = 273.0
  CHARGE        (Q)  = COULOMB
  FORCE         (f)  = NEWTON (N) (KG-M/SEC2)
  HEAT               = JOULE (N-M)

  PRESSURE           = PASCAL (NEWTON/M**2)
  ENERGY        (W)  = JOULE (N-M)
  POWER         (P)  = WATT (N-M/SEC)
  CURRENT       (i)  = AMPERE (COULOMBS/SEC)
  CAPACITANCE   (C)  = FARAD
  INDUCTANCE    (L)  = HENRY
  MAGNETIC FLUX      = WEBER
  RESISTANCE    (R)  = OHM
  ELECTRIC POTENTIAL = VOLT

 INPUT  UNITS ARE ALSO SET TO MKS 

 *** MAPDL - ENGINEERING ANALYSIS SYSTEM  RELEASE 2026 R1.02       26.1     ***
 Ansys Mechanical Enterprise Academic Research     
 01196637  VERSION=WINDOWS x64   15:02:12  OCT 04, 2026 Elapsed Time=      7.121

 powerboardsim_v1--Modale (B5)                                                 



          ***** MAPDL ANALYSIS DEFINITION (PREP7) *****
 *********** Send User Defined Coordinate System(s) ***********
 *********** Nodes for the whole assembly ***********
 *********** Elements for Body 1 'COMP_C1|COMP_C1' ***********
 *********** Elements for Body 2 'COMP_C2|COMP_C2' ***********
 *********** Elements for Body 3 'COMP_C3|COMP_C3' ***********
 *********** Elements for Body 4 'COMP_C4|COMP_C4' ***********
 *********** Elements for Body 5 'COMP_C5|COMP_C5' ***********
 *********** Elements for Body 6 'COMP_C6|COMP_C6' ***********
 *********** Elements for Body 7 'COMP_C7|COMP_C7' ***********
 *********** Elements for Body 8 'COMP_C8|COMP_C8' ***********
 *********** Elements for Body 9 'COMP_C9|COMP_C9' ***********
 *********** Elements for Body 10 'COMP_C10|COMP_C10' ***********
 *********** Elements for Body 11 'COMP_C11|COMP_C11' ***********
 *********** Elements for Body 12 'COMP_C12|COMP_C12' ***********
 *********** Elements for Body 13 'COMP_C13|COMP_C13' ***********
 *********** Elements for Body 14 'COMP_C14|COMP_C14' ***********
 *********** Elements for Body 15 'COMP_C15|COMP_C15' ***********
 *********** Elements for Body 16 'COMP_C16|COMP_C16' ***********
 *********** Elements for Body 17 'COMP_C17|COMP_C17' ***********
 *********** Elements for Body 18 'COMP_C18|COMP_C18' ***********
 *********** Elements for Body 19 'COMP_C19|COMP_C19' ***********
 *********** Elements for Body 20 'COMP_C20|COMP_C20' ***********
 *********** Elements for Body 21 'COMP_C21|COMP_C21' ***********
 *********** Elements for Body 22 'COMP_C22|COMP_C22' ***********
 *********** Elements for Body 23 'COMP_C23|COMP_C23' ***********
 *********** Elements for Body 24 'COMP_C24|COMP_C24' ***********
 *********** Elements for Body 25 'COMP_C25|COMP_C25' ***********
 *********** Elements for Body 26 'COMP_C26|COMP_C26' ***********
 *********** Elements for Body 27 'COMP_C27|COMP_C27' ***********
 *********** Elements for Body 28 'COMP_C28|COMP_C28' ***********
 *********** Elements for Body 29 'COMP_C29|COMP_C29' ***********
 *********** Elements for Body 30 'COMP_C30|COMP_C30' ***********
 *********** Elements for Body 31 'COMP_C31|COMP_C31' ***********
 *********** Elements for Body 32 'COMP_C32|COMP_C32' ***********
 *********** Elements for Body 33 'COMP_C33|COMP_C33' ***********
 *********** Elements for Body 34 'COMP_C34|COMP_C34' ***********
 *********** Elements for Body 35 'COMP_C35|COMP_C35' ***********
 *********** Elements for Body 36 'COMP_C36|COMP_C36' ***********
 *********** Elements for Body 37 'COMP_C37|COMP_C37' ***********
 *********** Elements for Body 38 'COMP_C38|COMP_C38' ***********
 *********** Elements for Body 39 'COMP_C39|COMP_C39' ***********
 *********** Elements for Body 40 'COMP_C40|COMP_C40' ***********
 *********** Elements for Body 41 'COMP_C41|COMP_C41' ***********
 *********** Elements for Body 42 'COMP_C42|COMP_C42' ***********
 *********** Elements for Body 43 'COMP_C43|COMP_C43' ***********
 *********** Elements for Body 44 'COMP_C44|COMP_C44' ***********
 *********** Elements for Body 45 'COMP_C45|COMP_C45' ***********
 *********** Elements for Body 46 'COMP_C46|COMP_C46' ***********
 *********** Elements for Body 47 'COMP_C47|COMP_C47' ***********
 *********** Elements for Body 48 'COMP_C48|COMP_C48' ***********
 *********** Elements for Body 49 'COMP_C49|COMP_C49' ***********
 *********** Elements for Body 50 'COMP_C50|COMP_C50' ***********
 *********** Elements for Body 51 'COMP_C51|COMP_C51' ***********
 *********** Elements for Body 52 'COMP_C52|COMP_C52' ***********
 *********** Elements for Body 53 'COMP_C53|COMP_C53' ***********
 *********** Elements for Body 54 'COMP_C54|COMP_C54' ***********
 *********** Elements for Body 55 'COMP_C55|COMP_C55' ***********
 *********** Elements for Body 56 'COMP_C56|COMP_C56' ***********
 *********** Elements for Body 57 'COMP_C57|COMP_C57' ***********
 *********** Elements for Body 58 'COMP_C58|COMP_C58' ***********
 *********** Elements for Body 59 'COMP_C59|COMP_C59' ***********
 *********** Elements for Body 60 'COMP_C60|COMP_C60' ***********
 *********** Elements for Body 61 'COMP_C61|COMP_C61' ***********
 *********** Elements for Body 62 'COMP_C62|COMP_C62' ***********
 *********** Elements for Body 63 'COMP_C63|COMP_C63' ***********
 *********** Elements for Body 64 'COMP_C64|COMP_C64' ***********
 *********** Elements for Body 65 'COMP_C65|COMP_C65' ***********
 *********** Elements for Body 66 'COMP_C66|COMP_C66' ***********
 *********** Elements for Body 67 'COMP_C67|COMP_C67' ***********
 *********** Elements for Body 68 'COMP_C68|COMP_C68' ***********
 *********** Elements for Body 69 'COMP_C69|COMP_C69' ***********
 *********** Elements for Body 70 'COMP_C70|COMP_C70' ***********
 *********** Elements for Body 71 'COMP_C71|COMP_C71' ***********
 *********** Elements for Body 72 'COMP_C72|COMP_C72' ***********
 *********** Elements for Body 73 'COMP_C73|COMP_C73' ***********
 *********** Elements for Body 74 'COMP_C74|COMP_C74' ***********
 *********** Elements for Body 75 'COMP_D1|COMP_D1' ***********
 *********** Elements for Body 76 'COMP_D2|COMP_D2' ***********
 *********** Elements for Body 77 'COMP_D3|COMP_D3' ***********
 *********** Elements for Body 78 'COMP_D4|COMP_D4' ***********
 *********** Elements for Body 79 'COMP_D5|COMP_D5' ***********
 *********** Elements for Body 80 'COMP_D6|COMP_D6' ***********
 *********** Elements for Body 81 'COMP_D7|COMP_D7' ***********
 *********** Elements for Body 82 'COMP_D8|COMP_D8' ***********
 *********** Elements for Body 83 'COMP_D9|COMP_D9' ***********
 *********** Elements for Body 84 'COMP_D10|COMP_D10' ***********
 *********** Elements for Body 85 'COMP_IC1|COMP_IC1' ***********
 *********** Elements for Body 86 'COMP_IC2|COMP_IC2' ***********
 *********** Elements for Body 87 'COMP_IC3|COMP_IC3' ***********
 *********** Elements for Body 88 'COMP_IC4|COMP_IC4' ***********
 *********** Elements for Body 89 'COMP_IC5|COMP_IC5' ***********
 *********** Elements for Body 90 'COMP_IC7|COMP_IC7' ***********
 *********** Elements for Body 91 'COMP_IC8|COMP_IC8' ***********
 *********** Elements for Body 92 'COMP_IC9|COMP_IC9' ***********
 *********** Elements for Body 93 'COMP_IC10|COMP_IC10' ***********
 *********** Elements for Body 94 'COMP_IC11|COMP_IC11' ***********
 *********** Elements for Body 95 'COMP_IC12|COMP_IC12' ***********
 *********** Elements for Body 96 'COMP_IC13|COMP_IC13' ***********
 *********** Elements for Body 97 'COMP_IC14|COMP_IC14' ***********
 *********** Elements for Body 98 'COMP_IC15|COMP_IC15' ***********
 *********** Elements for Body 99 'COMP_J1|COMP_J1' ***********
 *********** Elements for Body 100 'COMP_J2|COMP_J2' ***********
 *********** Elements for Body 101 'COMP_J3|COMP_J3' ***********
 *********** Elements for Body 102 'COMP_J4|COMP_J4' ***********
 *********** Elements for Body 103 'COMP_J5|COMP_J5' ***********
 *********** Elements for Body 104 'COMP_J6|COMP_J6' ***********
 *********** Elements for Body 105 'COMP_L1|COMP_L1' ***********
 *********** Elements for Body 106 'COMP_L2|COMP_L2' ***********
 *********** Elements for Body 107 'COMP_L3|COMP_L3' ***********
 *********** Elements for Body 108 'COMP_L4|COMP_L4' ***********
 *********** Elements for Body 109 'COMP_L5|COMP_L5' ***********
 *********** Elements for Body 110 'COMP_L6|COMP_L6' ***********
 *********** Elements for Body 111 'COMP_Q1|COMP_Q1' ***********
 *********** Elements for Body 112 'COMP_Q2|COMP_Q2' ***********
 *********** Elements for Body 113 'COMP_Q3|COMP_Q3' ***********
 *********** Elements for Body 114 'COMP_Q4|COMP_Q4' ***********
 *********** Elements for Body 115 'COMP_R1|COMP_R1' ***********
 *********** Elements for Body 116 'COMP_R2|COMP_R2' ***********
 *********** Elements for Body 117 'COMP_R3|COMP_R3' ***********
 *********** Elements for Body 118 'COMP_R4|COMP_R4' ***********
 *********** Elements for Body 119 'COMP_R5|COMP_R5' ***********
 *********** Elements for Body 120 'COMP_R6|COMP_R6' ***********
 *********** Elements for Body 121 'COMP_R7|COMP_R7' ***********
 *********** Elements for Body 122 'COMP_R8|COMP_R8' ***********
 *********** Elements for Body 123 'COMP_R9|COMP_R9' ***********
 *********** Elements for Body 124 'COMP_R10|COMP_R10' ***********
 *********** Elements for Body 125 'COMP_R11|COMP_R11' ***********
 *********** Elements for Body 126 'COMP_R12|COMP_R12' ***********
 *********** Elements for Body 127 'COMP_R13|COMP_R13' ***********
 *********** Elements for Body 128 'COMP_R14|COMP_R14' ***********
 *********** Elements for Body 129 'COMP_R15|COMP_R15' ***********
 *********** Elements for Body 130 'COMP_R16|COMP_R16' ***********
 *********** Elements for Body 131 'COMP_R17|COMP_R17' ***********
 *********** Elements for Body 132 'COMP_R18|COMP_R18' ***********
 *********** Elements for Body 133 'COMP_R19|COMP_R19' ***********
 *********** Elements for Body 134 'COMP_R20|COMP_R20' ***********
 *********** Elements for Body 135 'COMP_R21|COMP_R21' ***********
 *********** Elements for Body 136 'COMP_R22|COMP_R22' ***********
 *********** Elements for Body 137 'COMP_R23|COMP_R23' ***********
 *********** Elements for Body 138 'COMP_R24|COMP_R24' ***********
 *********** Elements for Body 139 'COMP_R25|COMP_R25' ***********
 *********** Elements for Body 140 'COMP_R26|COMP_R26' ***********
 *********** Elements for Body 141 'COMP_R27|COMP_R27' ***********
 *********** Elements for Body 142 'COMP_R28|COMP_R28' ***********
 *********** Elements for Body 143 'COMP_R29|COMP_R29' ***********
 *********** Elements for Body 144 'COMP_R30|COMP_R30' ***********
 *********** Elements for Body 145 'COMP_R31|COMP_R31' ***********
 *********** Elements for Body 146 'COMP_R32|COMP_R32' ***********
 *********** Elements for Body 147 'COMP_R33|COMP_R33' ***********
 *********** Elements for Body 148 'COMP_R34|COMP_R34' ***********
 *********** Elements for Body 149 'COMP_R35|COMP_R35' ***********
 *********** Elements for Body 150 'COMP_R36|COMP_R36' ***********
 *********** Elements for Body 151 'COMP_R37|COMP_R37' ***********
 *********** Elements for Body 152 'COMP_R38|COMP_R38' ***********
 *********** Elements for Body 153 'COMP_R39|COMP_R39' ***********
 *********** Elements for Body 154 'COMP_R40|COMP_R40' ***********
 *********** Elements for Body 155 'COMP_R41|COMP_R41' ***********
 *********** Elements for Body 156 'COMP_R42|COMP_R42' ***********
 *********** Elements for Body 157 'COMP_R43|COMP_R43' ***********
 *********** Elements for Body 158 'COMP_R44|COMP_R44' ***********
 *********** Elements for Body 159 'COMP_R45|COMP_R45' ***********
 *********** Elements for Body 160 'COMP_R46|COMP_R46' ***********
 *********** Elements for Body 161 'COMP_R47|COMP_R47' ***********
 *********** Elements for Body 162 'COMP_R48|COMP_R48' ***********
 *********** Elements for Body 163 'COMP_R49|COMP_R49' ***********
 *********** Elements for Body 164 'COMP_R50|COMP_R50' ***********
 *********** Elements for Body 165 'COMP_R51|COMP_R51' ***********
 *********** Elements for Body 166 'COMP_R52|COMP_R52' ***********
 *********** Elements for Body 167 'COMP_R53|COMP_R53' ***********
 *********** Elements for Body 168 'COMP_R54|COMP_R54' ***********
 *********** Elements for Body 169 'COMP_R55|COMP_R55' ***********
 *********** Elements for Body 170 'COMP_R56|COMP_R56' ***********
 *********** Elements for Body 171 'COMP_RefDes|COMP_RefDes' ***********
 *********** Elements for Body 172 'COMP_U1|COMP_U1' ***********
 *********** Elements for Body 173 'Power_Board_Batt_Screw_defeatured_2|Part 13[
 *********** Elements for Body 174 'Power_Board_Batt_Screw_defeatured_2|Part 28[
 *********** Elements for Body 175 'Power_Board_Batt_Screw_defeatured_2|Part 12[
 *********** Elements for Body 176 'Power_Board_Batt_Screw_defeatured_2|Part 27[
 *********** Elements for Body 177 'Power_Board_Batt_Screw_defeatured_2|Part 11[
 *********** Elements for Body 178 'Power_Board_Batt_Screw_defeatured_2|Part 26[
 *********** Elements for Body 179 'Power_Board_Batt_Screw_defeatured_2|Part 3[1
 *********** Elements for Body 180 'Power_Board_Batt_Screw_defeatured_2|Part 25[
 *********** Elements for Body 181 'Power_Board_Batt_Screw_defeatured_2|Part 2[1
 *********** Elements for Body 182 'Power_Board_Batt_Screw_defeatured_2|Part 24[
 *********** Elements for Body 183 'Power_Board_Batt_Screw_defeatured_2|Part 4[1
 *********** Elements for Body 184 'Power_Board_Batt_Screw_defeatured_2|Part 23[
 *********** Elements for Body 185 'Power_Board_Batt_Screw_defeatured_2|Part 22[
 *********** Elements for Body 186 'Power_Board_Batt_Screw_defeatured_2|Part 6[1
 *********** Elements for Body 187 'Power_Board_Batt_Screw_defeatured_2|Part 5[1
 *********** Elements for Body 188 'Power_Board_Batt_Screw_defeatured_2|Part 33[
 *********** Elements for Body 189 'Power_Board_Batt_Screw_defeatured_2|Part 17[
 *********** Elements for Body 190 'Power_Board_Batt_Screw_defeatured_2|Part 1[1
 *********** Elements for Body 191 'Power_Board_Batt_Screw_defeatured_2|Part 16[
 *********** Elements for Body 192 'Power_Board_Batt_Screw_defeatured_2|Part 15[
 *********** Elements for Body 193 'Power_Board_Batt_Screw_defeatured_2|Part 14[
 *********** Elements for Body 194 'Power_Board_Batt_Screw_defeatured_2|Part 31[
 *********** Elements for Body 195 'Power_Board_Batt_Screw_defeatured_2|LPattern
 *********** Elements for Body 196 'Power_Board_Batt_Screw_defeatured_2|LPattern
 *********** Elements for Body 197 'Power_Board_Batt_Screw_defeatured_2|LPattern
 *********** Elements for Body 198 'Power_Board_Batt_Screw_defeatured_2|LPattern
 *********** Elements for Body 199 'Power_Board_Batt_Screw_defeatured_2|LPattern
 *********** Elements for Body 200 'Power_Board_Batt_Screw_defeatured_2|LPattern
 *********** Elements for Body 201 'Power_Board_Batt_Screw_defeatured_2|LPattern
 *********** Elements for Body 202 'Power_Board_Batt_Screw_defeatured_2|LPattern
 *********** Elements for Body 203 'Power_Board_Batt_Screw_defeatured_2|LPattern
 *********** Elements for Body 204 'Power_Board_Batt_Screw_defeatured_2|LPattern
 *********** Elements for Body 205 'Power_Board_Batt_Screw_defeatured_2|Part 30[
 *********** Elements for Body 206 'Power_Board_Batt_Screw_defeatured_2|LPattern
 *********** Elements for Body 207 'Power_Board_Batt_Screw_defeatured_2|LPattern
 *********** Elements for Body 208 'PCB|PCB' ***********
 *********** Set Reference Temperature ***********
 *********** Send Materials ***********
 *********** Create Contact "Zone de contact 181" ***********
             Real Constant Set For Above Contact Is 210 & 209
 *********** Create Contact "Zone de contact 182" ***********
             Real Constant Set For Above Contact Is 212 & 211
 *********** Create Contact "Zone de contact 183" ***********
             Real Constant Set For Above Contact Is 214 & 213
 *********** Create Contact "Zone de contact 184" ***********
             Real Constant Set For Above Contact Is 216 & 215
 *********** Create Contact "Zone de contact 185" ***********
             Real Constant Set For Above Contact Is 218 & 217
 *********** Create Contact "Zone de contact 186" ***********
             Real Constant Set For Above Contact Is 220 & 219
 *********** Create Contact "Zone de contact 187" ***********
             Real Constant Set For Above Contact Is 222 & 221
 *********** Create Contact "Zone de contact 188" ***********
             Real Constant Set For Above Contact Is 224 & 223
 *********** Create Contact "Zone de contact 189" ***********
             Real Constant Set For Above Contact Is 226 & 225
 *********** Create Contact "Zone de contact 190" ***********
             Real Constant Set For Above Contact Is 228 & 227
 *********** Create Contact "Zone de contact 191" ***********
             Real Constant Set For Above Contact Is 230 & 229
 *********** Create Contact "Zone de contact 192" ***********
             Real Constant Set For Above Contact Is 232 & 231
 *********** Create Contact "Zone de contact 193" ***********
             Real Constant Set For Above Contact Is 234 & 233
 *********** Create Contact "Zone de contact 194" ***********
             Real Constant Set For Above Contact Is 236 & 235
 *********** Create Contact "Zone de contact 195" ***********
             Real Constant Set For Above Contact Is 238 & 237
 *********** Create Contact "Zone de contact 196" ***********
             Real Constant Set For Above Contact Is 240 & 239
 *********** Create Contact "Zone de contact 197" ***********
             Real Constant Set For Above Contact Is 242 & 241
 *********** Create Contact "Zone de contact 198" ***********
             Real Constant Set For Above Contact Is 244 & 243
 *********** Create Contact "Zone de contact 199" ***********
             Real Constant Set For Above Contact Is 246 & 245
 *********** Create Contact "Zone de contact 200" ***********
             Real Constant Set For Above Contact Is 248 & 247
 *********** Create Contact "Zone de contact 201" ***********
             Real Constant Set For Above Contact Is 250 & 249
 *********** Create Contact "Zone de contact 202" ***********
             Real Constant Set For Above Contact Is 252 & 251
 *********** Create Contact "Zone de contact 203" ***********
             Real Constant Set For Above Contact Is 254 & 253
 *********** Create Contact "Zone de contact 204" ***********
             Real Constant Set For Above Contact Is 256 & 255
 *********** Create Contact "Zone de contact 205" ***********
             Real Constant Set For Above Contact Is 258 & 257
 *********** Create Contact "Zone de contact 206" ***********
             Real Constant Set For Above Contact Is 260 & 259
 *********** Create Contact "Zone de contact 207" ***********
             Real Constant Set For Above Contact Is 262 & 261
 *********** Create Contact "Zone de contact 208" ***********
             Real Constant Set For Above Contact Is 264 & 263
 *********** Create Contact "Zone de contact" ***********
             Real Constant Set For Above Contact Is 266 & 265
 *********** Create Contact "Zone de contact 2" ***********
             Real Constant Set For Above Contact Is 268 & 267
 *********** Create Contact "Zone de contact 3" ***********
             Real Constant Set For Above Contact Is 270 & 269
 *********** Create Contact "Zone de contact 4" ***********
             Real Constant Set For Above Contact Is 272 & 271
 *********** Create Contact "Zone de contact 5" ***********
             Real Constant Set For Above Contact Is 274 & 273
 *********** Create Contact "Zone de contact 6" ***********
             Real Constant Set For Above Contact Is 276 & 275
 *********** Create Contact "Zone de contact 7" ***********
             Real Constant Set For Above Contact Is 278 & 277
 *********** Create Contact "Zone de contact 8" ***********
             Real Constant Set For Above Contact Is 280 & 279
 *********** Create Contact "Zone de contact 9" ***********
             Real Constant Set For Above Contact Is 282 & 281
 *********** Create Contact "Zone de contact 10" ***********
             Real Constant Set For Above Contact Is 284 & 283
 *********** Create Contact "Zone de contact 11" ***********
             Real Constant Set For Above Contact Is 286 & 285
 *********** Create Contact "Zone de contact 12" ***********
             Real Constant Set For Above Contact Is 288 & 287
 *********** Create Contact "Zone de contact 13" ***********
             Real Constant Set For Above Contact Is 290 & 289
 *********** Create Contact "Zone de contact 14" ***********
             Real Constant Set For Above Contact Is 292 & 291
 *********** Create Contact "Zone de contact 15" ***********
             Real Constant Set For Above Contact Is 294 & 293
 *********** Create Contact "Zone de contact 16" ***********
             Real Constant Set For Above Contact Is 296 & 295
 *********** Create Contact "Zone de contact 17" ***********
             Real Constant Set For Above Contact Is 298 & 297
 *********** Create Contact "Zone de contact 18" ***********
             Real Constant Set For Above Contact Is 300 & 299
 *********** Create Contact "Zone de contact 19" ***********
             Real Constant Set For Above Contact Is 302 & 301
 *********** Create Contact "Zone de contact 20" ***********
             Real Constant Set For Above Contact Is 304 & 303
 *********** Create Contact "Zone de contact 21" ***********
             Real Constant Set For Above Contact Is 306 & 305
 *********** Create Contact "Zone de contact 22" ***********
             Real Constant Set For Above Contact Is 308 & 307
 *********** Create Contact "Zone de contact 23" ***********
             Real Constant Set For Above Contact Is 310 & 309
 *********** Create Contact "Zone de contact 24" ***********
             Real Constant Set For Above Contact Is 312 & 311
 *********** Create Contact "Zone de contact 25" ***********
             Real Constant Set For Above Contact Is 314 & 313
 *********** Create Contact "Zone de contact 26" ***********
             Real Constant Set For Above Contact Is 316 & 315
 *********** Create Contact "Zone de contact 27" ***********
             Real Constant Set For Above Contact Is 318 & 317
 *********** Create Contact "Zone de contact 28" ***********
             Real Constant Set For Above Contact Is 320 & 319
 *********** Create Contact "Zone de contact 29" ***********
             Real Constant Set For Above Contact Is 322 & 321
 *********** Create Contact "Zone de contact 30" ***********
             Real Constant Set For Above Contact Is 324 & 323
 *********** Create Contact "Zone de contact 31" ***********
             Real Constant Set For Above Contact Is 326 & 325
 *********** Create Contact "Zone de contact 32" ***********
             Real Constant Set For Above Contact Is 328 & 327
 *********** Create Contact "Zone de contact 33" ***********
             Real Constant Set For Above Contact Is 330 & 329
 *********** Create Contact "Zone de contact 34" ***********
             Real Constant Set For Above Contact Is 332 & 331
 *********** Create Contact "Zone de contact 35" ***********
             Real Constant Set For Above Contact Is 334 & 333
 *********** Create Contact "Zone de contact 36" ***********
             Real Constant Set For Above Contact Is 336 & 335
 *********** Create Contact "Zone de contact 37" ***********
             Real Constant Set For Above Contact Is 338 & 337
 *********** Create Contact "Zone de contact 38" ***********
             Real Constant Set For Above Contact Is 340 & 339
 *********** Create Contact "Zone de contact 39" ***********
             Real Constant Set For Above Contact Is 342 & 341
 *********** Create Contact "Zone de contact 40" ***********
             Real Constant Set For Above Contact Is 344 & 343
 *********** Create Contact "Zone de contact 41" ***********
             Real Constant Set For Above Contact Is 346 & 345
 *********** Create Contact "Zone de contact 42" ***********
             Real Constant Set For Above Contact Is 348 & 347
 *********** Create Contact "Zone de contact 43" ***********
             Real Constant Set For Above Contact Is 350 & 349
 *********** Create Contact "Zone de contact 44" ***********
             Real Constant Set For Above Contact Is 352 & 351
 *********** Create Contact "Zone de contact 45" ***********
             Real Constant Set For Above Contact Is 354 & 353
 *********** Create Contact "Zone de contact 46" ***********
             Real Constant Set For Above Contact Is 356 & 355
 *********** Create Contact "Zone de contact 47" ***********
             Real Constant Set For Above Contact Is 358 & 357
 *********** Create Contact "Zone de contact 48" ***********
             Real Constant Set For Above Contact Is 360 & 359
 *********** Create Contact "Zone de contact 49" ***********
             Real Constant Set For Above Contact Is 362 & 361
 *********** Create Contact "Zone de contact 50" ***********
             Real Constant Set For Above Contact Is 364 & 363
 *********** Create Contact "Zone de contact 51" ***********
             Real Constant Set For Above Contact Is 366 & 365
 *********** Create Contact "Zone de contact 52" ***********
             Real Constant Set For Above Contact Is 368 & 367
 *********** Create Contact "Zone de contact 53" ***********
             Real Constant Set For Above Contact Is 370 & 369
 *********** Create Contact "Zone de contact 54" ***********
             Real Constant Set For Above Contact Is 372 & 371
 *********** Create Contact "Zone de contact 55" ***********
             Real Constant Set For Above Contact Is 374 & 373
 *********** Create Contact "Zone de contact 56" ***********
             Real Constant Set For Above Contact Is 376 & 375
 *********** Create Contact "Zone de contact 57" ***********
             Real Constant Set For Above Contact Is 378 & 377
 *********** Create Contact "Zone de contact 58" ***********
             Real Constant Set For Above Contact Is 380 & 379
 *********** Create Contact "Zone de contact 59" ***********
             Real Constant Set For Above Contact Is 382 & 381
 *********** Create Contact "Zone de contact 60" ***********
             Real Constant Set For Above Contact Is 384 & 383
 *********** Create Contact "Zone de contact 61" ***********
             Real Constant Set For Above Contact Is 386 & 385
 *********** Create Contact "Zone de contact 62" ***********
             Real Constant Set For Above Contact Is 388 & 387
 *********** Create Contact "Zone de contact 63" ***********
             Real Constant Set For Above Contact Is 390 & 389
 *********** Create Contact "Zone de contact 64" ***********
             Real Constant Set For Above Contact Is 392 & 391
 *********** Create Contact "Zone de contact 65" ***********
             Real Constant Set For Above Contact Is 394 & 393
 *********** Create Contact "Zone de contact 66" ***********
             Real Constant Set For Above Contact Is 396 & 395
 *********** Create Contact "Zone de contact 67" ***********
             Real Constant Set For Above Contact Is 398 & 397
 *********** Create Contact "Zone de contact 68" ***********
             Real Constant Set For Above Contact Is 400 & 399
 *********** Create Contact "Zone de contact 69" ***********
             Real Constant Set For Above Contact Is 402 & 401
 *********** Create Contact "Zone de contact 70" ***********
             Real Constant Set For Above Contact Is 404 & 403
 *********** Create Contact "Zone de contact 71" ***********
             Real Constant Set For Above Contact Is 406 & 405
 *********** Create Contact "Zone de contact 72" ***********
             Real Constant Set For Above Contact Is 408 & 407
 *********** Create Contact "Zone de contact 73" ***********
             Real Constant Set For Above Contact Is 410 & 409
 *********** Create Contact "Zone de contact 74" ***********
             Real Constant Set For Above Contact Is 412 & 411
 *********** Create Contact "Zone de contact 75" ***********
             Real Constant Set For Above Contact Is 414 & 413
 *********** Create Contact "Zone de contact 76" ***********
             Real Constant Set For Above Contact Is 416 & 415
 *********** Create Contact "Zone de contact 77" ***********
             Real Constant Set For Above Contact Is 418 & 417
 *********** Create Contact "Zone de contact 78" ***********
             Real Constant Set For Above Contact Is 420 & 419
 *********** Create Contact "Zone de contact 79" ***********
             Real Constant Set For Above Contact Is 422 & 421
 *********** Create Contact "Zone de contact 80" ***********
             Real Constant Set For Above Contact Is 424 & 423
 *********** Create Contact "Zone de contact 81" ***********
             Real Constant Set For Above Contact Is 426 & 425
 *********** Create Contact "Zone de contact 82" ***********
             Real Constant Set For Above Contact Is 428 & 427
 *********** Create Contact "Zone de contact 83" ***********
             Real Constant Set For Above Contact Is 430 & 429
 *********** Create Contact "Zone de contact 84" ***********
             Real Constant Set For Above Contact Is 432 & 431
 *********** Create Contact "Zone de contact 85" ***********
             Real Constant Set For Above Contact Is 434 & 433
 *********** Create Contact "Zone de contact 86" ***********
             Real Constant Set For Above Contact Is 436 & 435
 *********** Create Contact "Zone de contact 87" ***********
             Real Constant Set For Above Contact Is 438 & 437
 *********** Create Contact "Zone de contact 88" ***********
             Real Constant Set For Above Contact Is 440 & 439
 *********** Create Contact "Zone de contact 89" ***********
             Real Constant Set For Above Contact Is 442 & 441
 *********** Create Contact "Zone de contact 90" ***********
             Real Constant Set For Above Contact Is 444 & 443
 *********** Create Contact "Zone de contact 91" ***********
             Real Constant Set For Above Contact Is 446 & 445
 *********** Create Contact "Zone de contact 92" ***********
             Real Constant Set For Above Contact Is 448 & 447
 *********** Create Contact "Zone de contact 93" ***********
             Real Constant Set For Above Contact Is 450 & 449
 *********** Create Contact "Zone de contact 94" ***********
             Real Constant Set For Above Contact Is 452 & 451
 *********** Create Contact "Zone de contact 95" ***********
             Real Constant Set For Above Contact Is 454 & 453
 *********** Create Contact "Zone de contact 96" ***********
             Real Constant Set For Above Contact Is 456 & 455
 *********** Create Contact "Zone de contact 97" ***********
             Real Constant Set For Above Contact Is 458 & 457
 *********** Create Contact "Zone de contact 98" ***********
             Real Constant Set For Above Contact Is 460 & 459
 *********** Create Contact "Zone de contact 99" ***********
             Real Constant Set For Above Contact Is 462 & 461
 *********** Create Contact "Zone de contact 100" ***********
             Real Constant Set For Above Contact Is 464 & 463
 *********** Create Contact "Zone de contact 101" ***********
             Real Constant Set For Above Contact Is 466 & 465
 *********** Create Contact "Zone de contact 102" ***********
             Real Constant Set For Above Contact Is 468 & 467
 *********** Create Contact "Zone de contact 103" ***********
             Real Constant Set For Above Contact Is 470 & 469
 *********** Create Contact "Zone de contact 104" ***********
             Real Constant Set For Above Contact Is 472 & 471
 *********** Create Contact "Zone de contact 105" ***********
             Real Constant Set For Above Contact Is 474 & 473
 *********** Create Contact "Zone de contact 106" ***********
             Real Constant Set For Above Contact Is 476 & 475
 *********** Create Contact "Zone de contact 107" ***********
             Real Constant Set For Above Contact Is 478 & 477
 *********** Create Contact "Zone de contact 108" ***********
             Real Constant Set For Above Contact Is 480 & 479
 *********** Create Contact "Zone de contact 109" ***********
             Real Constant Set For Above Contact Is 482 & 481
 *********** Create Contact "Zone de contact 110" ***********
             Real Constant Set For Above Contact Is 484 & 483
 *********** Create Contact "Zone de contact 111" ***********
             Real Constant Set For Above Contact Is 486 & 485
 *********** Create Contact "Zone de contact 112" ***********
             Real Constant Set For Above Contact Is 488 & 487
 *********** Create Contact "Zone de contact 113" ***********
             Real Constant Set For Above Contact Is 490 & 489
 *********** Create Contact "Zone de contact 114" ***********
             Real Constant Set For Above Contact Is 492 & 491
 *********** Create Contact "Zone de contact 115" ***********
             Real Constant Set For Above Contact Is 494 & 493
 *********** Create Contact "Zone de contact 116" ***********
             Real Constant Set For Above Contact Is 496 & 495
 *********** Create Contact "Zone de contact 117" ***********
             Real Constant Set For Above Contact Is 498 & 497
 *********** Create Contact "Zone de contact 118" ***********
             Real Constant Set For Above Contact Is 500 & 499
 *********** Create Contact "Zone de contact 119" ***********
             Real Constant Set For Above Contact Is 502 & 501
 *********** Create Contact "Zone de contact 120" ***********
             Real Constant Set For Above Contact Is 504 & 503
 *********** Create Contact "Zone de contact 121" ***********
             Real Constant Set For Above Contact Is 506 & 505
 *********** Create Contact "Zone de contact 122" ***********
             Real Constant Set For Above Contact Is 508 & 507
 *********** Create Contact "Zone de contact 123" ***********
             Real Constant Set For Above Contact Is 510 & 509
 *********** Create Contact "Zone de contact 124" ***********
             Real Constant Set For Above Contact Is 512 & 511
 *********** Create Contact "Zone de contact 125" ***********
             Real Constant Set For Above Contact Is 514 & 513
 *********** Create Contact "Zone de contact 126" ***********
             Real Constant Set For Above Contact Is 516 & 515
 *********** Create Contact "Zone de contact 127" ***********
             Real Constant Set For Above Contact Is 518 & 517
 *********** Create Contact "Zone de contact 128" ***********
             Real Constant Set For Above Contact Is 520 & 519
 *********** Create Contact "Zone de contact 129" ***********
             Real Constant Set For Above Contact Is 522 & 521
 *********** Create Contact "Zone de contact 130" ***********
             Real Constant Set For Above Contact Is 524 & 523
 *********** Create Contact "Zone de contact 131" ***********
             Real Constant Set For Above Contact Is 526 & 525
 *********** Create Contact "Zone de contact 132" ***********
             Real Constant Set For Above Contact Is 528 & 527
 *********** Create Contact "Zone de contact 133" ***********
             Real Constant Set For Above Contact Is 530 & 529
 *********** Create Contact "Zone de contact 134" ***********
             Real Constant Set For Above Contact Is 532 & 531
 *********** Create Contact "Zone de contact 135" ***********
             Real Constant Set For Above Contact Is 534 & 533
 *********** Create Contact "Zone de contact 136" ***********
             Real Constant Set For Above Contact Is 536 & 535
 *********** Create Contact "Zone de contact 137" ***********
             Real Constant Set For Above Contact Is 538 & 537
 *********** Create Contact "Zone de contact 138" ***********
             Real Constant Set For Above Contact Is 540 & 539
 *********** Create Contact "Zone de contact 139" ***********
             Real Constant Set For Above Contact Is 542 & 541
 *********** Create Contact "Zone de contact 140" ***********
             Real Constant Set For Above Contact Is 544 & 543
 *********** Create Contact "Zone de contact 141" ***********
             Real Constant Set For Above Contact Is 546 & 545
 *********** Create Contact "Zone de contact 142" ***********
             Real Constant Set For Above Contact Is 548 & 547
 *********** Create Contact "Zone de contact 143" ***********
             Real Constant Set For Above Contact Is 550 & 549
 *********** Create Contact "Zone de contact 144" ***********
             Real Constant Set For Above Contact Is 552 & 551
 *********** Create Contact "Zone de contact 145" ***********
             Real Constant Set For Above Contact Is 554 & 553
 *********** Create Contact "Zone de contact 146" ***********
             Real Constant Set For Above Contact Is 556 & 555
 *********** Create Contact "Zone de contact 147" ***********
             Real Constant Set For Above Contact Is 558 & 557
 *********** Create Contact "Zone de contact 148" ***********
             Real Constant Set For Above Contact Is 560 & 559
 *********** Create Contact "Zone de contact 149" ***********
             Real Constant Set For Above Contact Is 562 & 561
 *********** Create Contact "Zone de contact 150" ***********
             Real Constant Set For Above Contact Is 564 & 563
 *********** Create Contact "Zone de contact 151" ***********
             Real Constant Set For Above Contact Is 566 & 565
 *********** Create Contact "Zone de contact 152" ***********
             Real Constant Set For Above Contact Is 568 & 567
 *********** Create Contact "Zone de contact 153" ***********
             Real Constant Set For Above Contact Is 570 & 569
 *********** Create Contact "Zone de contact 154" ***********
             Real Constant Set For Above Contact Is 572 & 571
 *********** Create Contact "Zone de contact 155" ***********
             Real Constant Set For Above Contact Is 574 & 573
 *********** Create Contact "Zone de contact 156" ***********
             Real Constant Set For Above Contact Is 576 & 575
 *********** Create Contact "Zone de contact 157" ***********
             Real Constant Set For Above Contact Is 578 & 577
 *********** Create Contact "Zone de contact 158" ***********
             Real Constant Set For Above Contact Is 580 & 579
 *********** Create Contact "Zone de contact 159" ***********
             Real Constant Set For Above Contact Is 582 & 581
 *********** Create Contact "Zone de contact 160" ***********
             Real Constant Set For Above Contact Is 584 & 583
 *********** Create Contact "Zone de contact 161" ***********
             Real Constant Set For Above Contact Is 586 & 585
 *********** Create Contact "Zone de contact 162" ***********
             Real Constant Set For Above Contact Is 588 & 587
 *********** Create Contact "Zone de contact 163" ***********
             Real Constant Set For Above Contact Is 590 & 589
 *********** Create Contact "Zone de contact 164" ***********
             Real Constant Set For Above Contact Is 592 & 591
 *********** Create Contact "Zone de contact 165" ***********
             Real Constant Set For Above Contact Is 594 & 593
 *********** Create Contact "Zone de contact 166" ***********
             Real Constant Set For Above Contact Is 596 & 595
 *********** Create Contact "Zone de contact 167" ***********
             Real Constant Set For Above Contact Is 598 & 597
 *********** Create Contact "Zone de contact 168" ***********
             Real Constant Set For Above Contact Is 600 & 599
 *********** Create Contact "Zone de contact 169" ***********
             Real Constant Set For Above Contact Is 602 & 601
 *********** Create Contact "Zone de contact 170" ***********
             Real Constant Set For Above Contact Is 604 & 603
 *********** Create Contact "Zone de contact 171" ***********
             Real Constant Set For Above Contact Is 606 & 605
 *********** Create Contact "Zone de contact 172" ***********
             Real Constant Set For Above Contact Is 608 & 607
 *********** Create Contact "Zone de contact 173" ***********
             Real Constant Set For Above Contact Is 610 & 609
 *********** Create Contact "Zone de contact 174" ***********
             Real Constant Set For Above Contact Is 612 & 611
 *********** Create Contact "Zone de contact 175" ***********
             Real Constant Set For Above Contact Is 614 & 613
 *********** Create Contact "Zone de contact 176" ***********
             Real Constant Set For Above Contact Is 616 & 615
 *********** Create Contact "Zone de contact 177" ***********
             Real Constant Set For Above Contact Is 618 & 617
 *********** Create Contact "Zone de contact 178" ***********
             Real Constant Set For Above Contact Is 620 & 619
 *********** Create Contact "Zone de contact 179" ***********
             Real Constant Set For Above Contact Is 622 & 621
 *********** Create Contact "Zone de contact 180" ***********
             Real Constant Set For Above Contact Is 624 & 623
 *********** Fixed Supports ***********


 ***** ROUTINE COMPLETED *****  ELAPSED TIME =         7.733


 --- Number of total nodes = 95215
 --- Number of contact elements = 17818
 --- Number of spring elements = 0
 --- Number of bearing elements = 0
 --- Number of solid elements = 32843
 --- Number of condensed parts = 0
 --- Number of total elements = 50661

 *GET  _WALLBSOL  FROM  ACTI  ITEM=TIME WALL  VALUE= 0.215041807E-02

 *****  MAPDL SOLUTION ROUTINE  *****

 CONTACT PAIR INFO IS WRITTEN TO FILE= file.cnm                                                                                                                                                                                                                                                            


 PERFORM A MODAL ANALYSIS
  THIS WILL BE A NEW ANALYSIS

 PARAMETER _THICKRATIO =    0.7210000000E-01

 THERMAL STRAINS ARE NOT INCLUDED IN THE LOAD VECTOR.


 USE SYM. BLOCK LANCZOS MODE EXTRACTION METHOD
  EXTRACT    20 MODES
  NORMALIZE THE MODE SHAPES TO THE MASS MATRIX

 ERASE THE CURRENT DATABASE OUTPUT CONTROL TABLE.


 WRITE ALL  ITEMS TO THE DATABASE WITH A FREQUENCY OF NONE
   FOR ALL APPLICABLE ENTITIES

 WRITE NSOL ITEMS TO THE DATABASE WITH A FREQUENCY OF ALL 
   FOR ALL APPLICABLE ENTITIES


 EXPAND ALL EXTRACTED MODES
  DO NOT CALCULATE ELEMENT RESULTS

 DO NOT COMBINE ELEMENT SAVE DATA FILES (.esav) AFTER DISTRIBUTED PARALLEL SOLUTION

 DO NOT COMBINE ELEMENT MATRIX FILES (.emat) AFTER DISTRIBUTED PARALLEL SOLUTION

 DO NOT COMBINE ASSEMBLED MATRIX FILES (.full) AFTER DISTRIBUTED PARALLEL SOLUTION

 *GET  ANSINTER_  FROM  ACTI  ITEM=INT        VALUE=  0.00000000    

 *IF  ANSINTER_  ( =   0.00000     )  NE  
      0  ( =   0.00000     )  THEN    

 *ENDIF

 *** NOTE ***                            ELAPSED TIME =       7.785   TIME= 15:02:13
 The automatic domain decomposition logic has selected the MESH domain   
 decomposition method with 12 processes per solution.                    

 *****  MAPDL SOLVE    COMMAND  *****

 *** WARNING ***                         ELAPSED TIME =       7.899   TIME= 15:02:13
 Element shape checking is currently inactive.  Issue SHPP,ON or         
 SHPP,WARN to reactivate, if desired.                                    

 *** NOTE ***                            ELAPSED TIME =       7.932   TIME= 15:02:13
 The model data was checked and warning messages were found.             
  Please review output or errors file (                                  
 Z:\Developer\MIT_Rkt_Team\2026-7\MIT-RT-26_27-Work\simulation_work\avio 
 nics\powerboardsim\1\_ProjectScratch\ScrF06E\file0.err ) for these      
 warning messages.                                                       

 *** SELECTION OF ELEMENT TECHNOLOGIES FOR APPLICABLE ELEMENTS ***
      --- GIVE SUGGESTIONS AND RESET THE KEY OPTIONS ---

 ELEMENT TYPE         1 IS SOLID186. KEYOPT(2)=0 IS SUGGESTED AND HAS BEEN RESET.
  KEYOPT(1-12)=    0    0    0    0    0    0    0    0    0    0    0    0

 ELEMENT TYPE         2 IS SOLID186. KEYOPT(2)=0 IS SUGGESTED AND HAS BEEN RESET.
  KEYOPT(1-12)=    0    0    0    0    0    0    0    0    0    0    0    0

 ELEMENT TYPE         3 IS SOLID186. KEYOPT(2)=0 IS SUGGESTED AND HAS BEEN RESET.
  KEYOPT(1-12)=    0    0    0    0    0    0    0    0    0    0    0    0

 ELEMENT TYPE         4 IS SOLID186. KEYOPT(2)=0 IS SUGGESTED AND HAS BEEN RESET.
  KEYOPT(1-12)=    0    0    0    0    0    0    0    0    0    0    0    0

 ELEMENT TYPE         5 IS SOLID186. KEYOPT(2)=0 IS SUGGESTED AND HAS BEEN RESET.
  KEYOPT(1-12)=    0    0    0    0    0    0    0    0    0    0    0    0

 ELEMENT TYPE         6 IS SOLID186. KEYOPT(2)=0 IS SUGGESTED AND HAS BEEN RESET.
  KEYOPT(1-12)=    0    0    0    0    0    0    0    0    0    0    0    0

 ELEMENT TYPE         7 IS SOLID186. KEYOPT(2)=0 IS SUGGESTED AND HAS BEEN RESET.
  KEYOPT(1-12)=    0    0    0    0    0    0    0    0    0    0    0    0

 ELEMENT TYPE         8 IS SOLID186. KEYOPT(2)=0 IS SUGGESTED AND HAS BEEN RESET.
  KEYOPT(1-12)=    0    0    0    0    0    0    0    0    0    0    0    0

 ELEMENT TYPE         9 IS SOLID186. KEYOPT(2)=0 IS SUGGESTED AND HAS BEEN RESET.
  KEYOPT(1-12)=    0    0    0    0    0    0    0    0    0    0    0    0

 ELEMENT TYPE        10 IS SOLID186. KEYOPT(2)=0 IS SUGGESTED AND HAS BEEN RESET.
  KEYOPT(1-12)=    0    0    0    0    0    0    0    0    0    0    0    0

 ELEMENT TYPE        11 IS SOLID186. KEYOPT(2)=0 IS SUGGESTED AND HAS BEEN RESET.
  KEYOPT(1-12)=    0    0    0    0    0    0    0    0    0    0    0    0

 ELEMENT TYPE        12 IS SOLID186. KEYOPT(2)=0 IS SUGGESTED AND HAS BEEN RESET.
  KEYOPT(1-12)=    0    0    0    0    0    0    0    0    0    0    0    0

 ELEMENT TYPE        13 IS SOLID186. KEYOPT(2)=0 IS SUGGESTED AND HAS BEEN RESET.
  KEYOPT(1-12)=    0    0    0    0    0    0    0    0    0    0    0    0

 ELEMENT TYPE        14 IS SOLID186. KEYOPT(2)=0 IS SUGGESTED AND HAS BEEN RESET.
  KEYOPT(1-12)=    0    0    0    0    0    0    0    0    0    0    0    0

 ELEMENT TYPE        15 IS SOLID186. KEYOPT(2)=0 IS SUGGESTED AND HAS BEEN RESET.
  KEYOPT(1-12)=    0    0    0    0    0    0    0    0    0    0    0    0

 ELEMENT TYPE        16 IS SOLID186. KEYOPT(2)=0 IS SUGGESTED AND HAS BEEN RESET.
  KEYOPT(1-12)=    0    0    0    0    0    0    0    0    0    0    0    0

 ELEMENT TYPE        17 IS SOLID186. KEYOPT(2)=0 IS SUGGESTED AND HAS BEEN RESET.
  KEYOPT(1-12)=    0    0    0    0    0    0    0    0    0    0    0    0

 ELEMENT TYPE        18 IS SOLID186. KEYOPT(2)=0 IS SUGGESTED AND HAS BEEN RESET.
  KEYOPT(1-12)=    0    0    0    0    0    0    0    0    0    0    0    0

 ELEMENT TYPE        19 IS SOLID186. KEYOPT(2)=0 IS SUGGESTED AND HAS BEEN RESET.
  KEYOPT(1-12)=    0    0    0    0    0    0    0    0    0    0    0    0

 ELEMENT TYPE        20 IS SOLID186. KEYOPT(2)=0 IS SUGGESTED AND HAS BEEN RESET.
  KEYOPT(1-12)=    0    0    0    0    0    0    0    0    0    0    0    0

 ELEMENT TYPE        21 IS SOLID186. KEYOPT(2)=0 IS SUGGESTED AND HAS BEEN RESET.
  KEYOPT(1-12)=    0    0    0    0    0    0    0    0    0    0    0    0

 ELEMENT TYPE        22 IS SOLID186. KEYOPT(2)=0 IS SUGGESTED AND HAS BEEN RESET.
  KEYOPT(1-12)=    0    0    0    0    0    0    0    0    0    0    0    0

 ELEMENT TYPE        23 IS SOLID186. KEYOPT(2)=0 IS SUGGESTED AND HAS BEEN RESET.
  KEYOPT(1-12)=    0    0    0    0    0    0    0    0    0    0    0    0

 ELEMENT TYPE        24 IS SOLID186. KEYOPT(2)=0 IS SUGGESTED AND HAS BEEN RESET.
  KEYOPT(1-12)=    0    0    0    0    0    0    0    0    0    0    0    0

 ELEMENT TYPE        25 IS SOLID186. KEYOPT(2)=0 IS SUGGESTED AND HAS BEEN RESET.
  KEYOPT(1-12)=    0    0    0    0    0    0    0    0    0    0    0    0

 ELEMENT TYPE        26 IS SOLID186. KEYOPT(2)=0 IS SUGGESTED AND HAS BEEN RESET.
  KEYOPT(1-12)=    0    0    0    0    0    0    0    0    0    0    0    0

 ELEMENT TYPE        27 IS SOLID186. KEYOPT(2)=0 IS SUGGESTED AND HAS BEEN RESET.
  KEYOPT(1-12)=    0    0    0    0    0    0    0    0    0    0    0    0

 ELEMENT TYPE        28 IS SOLID186. KEYOPT(2)=0 IS SUGGESTED AND HAS BEEN RESET.
  KEYOPT(1-12)=    0    0    0    0    0    0    0    0    0    0    0    0

 ELEMENT TYPE        29 IS SOLID186. KEYOPT(2)=0 IS SUGGESTED AND HAS BEEN RESET.
  KEYOPT(1-12)=    0    0    0    0    0    0    0    0    0    0    0    0

 ELEMENT TYPE        30 IS SOLID186. KEYOPT(2)=0 IS SUGGESTED AND HAS BEEN RESET.
  KEYOPT(1-12)=    0    0    0    0    0    0    0    0    0    0    0    0

 ELEMENT TYPE        31 IS SOLID186. KEYOPT(2)=0 IS SUGGESTED AND HAS BEEN RESET.
  KEYOPT(1-12)=    0    0    0    0    0    0    0    0    0    0    0    0

 ELEMENT TYPE        32 IS SOLID186. KEYOPT(2)=0 IS SUGGESTED AND HAS BEEN RESET.
  KEYOPT(1-12)=    0    0    0    0    0    0    0    0    0    0    0    0

 ELEMENT TYPE        33 IS SOLID186. KEYOPT(2)=0 IS SUGGESTED AND HAS BEEN RESET.
  KEYOPT(1-12)=    0    0    0    0    0    0    0    0    0    0    0    0

 ELEMENT TYPE        34 IS SOLID186. KEYOPT(2)=0 IS SUGGESTED AND HAS BEEN RESET.
  KEYOPT(1-12)=    0    0    0    0    0    0    0    0    0    0    0    0

 ELEMENT TYPE        35 IS SOLID186. KEYOPT(2)=0 IS SUGGESTED AND HAS BEEN RESET.
  KEYOPT(1-12)=    0    0    0    0    0    0    0    0    0    0    0    0

 ELEMENT TYPE        36 IS SOLID186. KEYOPT(2)=0 IS SUGGESTED AND HAS BEEN RESET.
  KEYOPT(1-12)=    0    0    0    0    0    0    0    0    0    0    0    0

 ELEMENT TYPE        37 IS SOLID186. KEYOPT(2)=0 IS SUGGESTED AND HAS BEEN RESET.
  KEYOPT(1-12)=    0    0    0    0    0    0    0    0    0    0    0    0

 ELEMENT TYPE        38 IS SOLID186. KEYOPT(2)=0 IS SUGGESTED AND HAS BEEN RESET.
  KEYOPT(1-12)=    0    0    0    0    0    0    0    0    0    0    0    0

 ELEMENT TYPE        39 IS SOLID186. KEYOPT(2)=0 IS SUGGESTED AND HAS BEEN RESET.
  KEYOPT(1-12)=    0    0    0    0    0    0    0    0    0    0    0    0

 ELEMENT TYPE        40 IS SOLID186. KEYOPT(2)=0 IS SUGGESTED AND HAS BEEN RESET.
  KEYOPT(1-12)=    0    0    0    0    0    0    0    0    0    0    0    0

 ELEMENT TYPE        41 IS SOLID186. KEYOPT(2)=0 IS SUGGESTED AND HAS BEEN RESET.
  KEYOPT(1-12)=    0    0    0    0    0    0    0    0    0    0    0    0

 ELEMENT TYPE        42 IS SOLID186. KEYOPT(2)=0 IS SUGGESTED AND HAS BEEN RESET.
  KEYOPT(1-12)=    0    0    0    0    0    0    0    0    0    0    0    0

 ELEMENT TYPE        43 IS SOLID186. KEYOPT(2)=0 IS SUGGESTED AND HAS BEEN RESET.
  KEYOPT(1-12)=    0    0    0    0    0    0    0    0    0    0    0    0

 ELEMENT TYPE        44 IS SOLID186. KEYOPT(2)=0 IS SUGGESTED AND HAS BEEN RESET.
  KEYOPT(1-12)=    0    0    0    0    0    0    0    0    0    0    0    0

 ELEMENT TYPE        45 IS SOLID186. KEYOPT(2)=0 IS SUGGESTED AND HAS BEEN RESET.
  KEYOPT(1-12)=    0    0    0    0    0    0    0    0    0    0    0    0

 ELEMENT TYPE        46 IS SOLID186. KEYOPT(2)=0 IS SUGGESTED AND HAS BEEN RESET.
  KEYOPT(1-12)=    0    0    0    0    0    0    0    0    0    0    0    0

 ELEMENT TYPE        47 IS SOLID186. KEYOPT(2)=0 IS SUGGESTED AND HAS BEEN RESET.
  KEYOPT(1-12)=    0    0    0    0    0    0    0    0    0    0    0    0

 ELEMENT TYPE        48 IS SOLID186. KEYOPT(2)=0 IS SUGGESTED AND HAS BEEN RESET.
  KEYOPT(1-12)=    0    0    0    0    0    0    0    0    0    0    0    0

 ELEMENT TYPE        49 IS SOLID186. KEYOPT(2)=0 IS SUGGESTED AND HAS BEEN RESET.
  KEYOPT(1-12)=    0    0    0    0    0    0    0    0    0    0    0    0

 ELEMENT TYPE        50 IS SOLID186. KEYOPT(2)=0 IS SUGGESTED AND HAS BEEN RESET.
  KEYOPT(1-12)=    0    0    0    0    0    0    0    0    0    0    0    0

 ELEMENT TYPE        51 IS SOLID186. KEYOPT(2)=0 IS SUGGESTED AND HAS BEEN RESET.
  KEYOPT(1-12)=    0    0    0    0    0    0    0    0    0    0    0    0

 ELEMENT TYPE        52 IS SOLID186. KEYOPT(2)=0 IS SUGGESTED AND HAS BEEN RESET.
  KEYOPT(1-12)=    0    0    0    0    0    0    0    0    0    0    0    0

 ELEMENT TYPE        53 IS SOLID186. KEYOPT(2)=0 IS SUGGESTED AND HAS BEEN RESET.
  KEYOPT(1-12)=    0    0    0    0    0    0    0    0    0    0    0    0

 ELEMENT TYPE        54 IS SOLID186. KEYOPT(2)=0 IS SUGGESTED AND HAS BEEN RESET.
  KEYOPT(1-12)=    0    0    0    0    0    0    0    0    0    0    0    0

 ELEMENT TYPE        55 IS SOLID186. KEYOPT(2)=0 IS SUGGESTED AND HAS BEEN RESET.
  KEYOPT(1-12)=    0    0    0    0    0    0    0    0    0    0    0    0

 ELEMENT TYPE        56 IS SOLID186. KEYOPT(2)=0 IS SUGGESTED AND HAS BEEN RESET.
  KEYOPT(1-12)=    0    0    0    0    0    0    0    0    0    0    0    0

 ELEMENT TYPE        57 IS SOLID186. KEYOPT(2)=0 IS SUGGESTED AND HAS BEEN RESET.
  KEYOPT(1-12)=    0    0    0    0    0    0    0    0    0    0    0    0

 ELEMENT TYPE        58 IS SOLID186. KEYOPT(2)=0 IS SUGGESTED AND HAS BEEN RESET.
  KEYOPT(1-12)=    0    0    0    0    0    0    0    0    0    0    0    0

 ELEMENT TYPE        59 IS SOLID186. KEYOPT(2)=0 IS SUGGESTED AND HAS BEEN RESET.
  KEYOPT(1-12)=    0    0    0    0    0    0    0    0    0    0    0    0

 ELEMENT TYPE        60 IS SOLID186. KEYOPT(2)=0 IS SUGGESTED AND HAS BEEN RESET.
  KEYOPT(1-12)=    0    0    0    0    0    0    0    0    0    0    0    0

 ELEMENT TYPE        61 IS SOLID186. KEYOPT(2)=0 IS SUGGESTED AND HAS BEEN RESET.
  KEYOPT(1-12)=    0    0    0    0    0    0    0    0    0    0    0    0

 ELEMENT TYPE        62 IS SOLID186. KEYOPT(2)=0 IS SUGGESTED AND HAS BEEN RESET.
  KEYOPT(1-12)=    0    0    0    0    0    0    0    0    0    0    0    0

 ELEMENT TYPE        63 IS SOLID186. KEYOPT(2)=0 IS SUGGESTED AND HAS BEEN RESET.
  KEYOPT(1-12)=    0    0    0    0    0    0    0    0    0    0    0    0

 ELEMENT TYPE        64 IS SOLID186. KEYOPT(2)=0 IS SUGGESTED AND HAS BEEN RESET.
  KEYOPT(1-12)=    0    0    0    0    0    0    0    0    0    0    0    0

 ELEMENT TYPE        65 IS SOLID186. KEYOPT(2)=0 IS SUGGESTED AND HAS BEEN RESET.
  KEYOPT(1-12)=    0    0    0    0    0    0    0    0    0    0    0    0

 ELEMENT TYPE        66 IS SOLID186. KEYOPT(2)=0 IS SUGGESTED AND HAS BEEN RESET.
  KEYOPT(1-12)=    0    0    0    0    0    0    0    0    0    0    0    0

 ELEMENT TYPE        67 IS SOLID186. KEYOPT(2)=0 IS SUGGESTED AND HAS BEEN RESET.
  KEYOPT(1-12)=    0    0    0    0    0    0    0    0    0    0    0    0

 ELEMENT TYPE        68 IS SOLID186. KEYOPT(2)=0 IS SUGGESTED AND HAS BEEN RESET.
  KEYOPT(1-12)=    0    0    0    0    0    0    0    0    0    0    0    0

 ELEMENT TYPE        69 IS SOLID186. KEYOPT(2)=0 IS SUGGESTED AND HAS BEEN RESET.
  KEYOPT(1-12)=    0    0    0    0    0    0    0    0    0    0    0    0

 ELEMENT TYPE        70 IS SOLID186. KEYOPT(2)=0 IS SUGGESTED AND HAS BEEN RESET.
  KEYOPT(1-12)=    0    0    0    0    0    0    0    0    0    0    0    0

 ELEMENT TYPE        71 IS SOLID186. KEYOPT(2)=0 IS SUGGESTED AND HAS BEEN RESET.
  KEYOPT(1-12)=    0    0    0    0    0    0    0    0    0    0    0    0

 ELEMENT TYPE        72 IS SOLID186. KEYOPT(2)=0 IS SUGGESTED AND HAS BEEN RESET.
  KEYOPT(1-12)=    0    0    0    0    0    0    0    0    0    0    0    0

 ELEMENT TYPE        73 IS SOLID186. KEYOPT(2)=0 IS SUGGESTED AND HAS BEEN RESET.
  KEYOPT(1-12)=    0    0    0    0    0    0    0    0    0    0    0    0

 ELEMENT TYPE        74 IS SOLID186. KEYOPT(2)=0 IS SUGGESTED AND HAS BEEN RESET.
  KEYOPT(1-12)=    0    0    0    0    0    0    0    0    0    0    0    0

 ELEMENT TYPE        75 IS SOLID186. KEYOPT(2)=0 IS SUGGESTED AND HAS BEEN RESET.
  KEYOPT(1-12)=    0    0    0    0    0    0    0    0    0    0    0    0

 ELEMENT TYPE        76 IS SOLID186. KEYOPT(2)=0 IS SUGGESTED AND HAS BEEN RESET.
  KEYOPT(1-12)=    0    0    0    0    0    0    0    0    0    0    0    0

 ELEMENT TYPE        77 IS SOLID186. KEYOPT(2)=0 IS SUGGESTED AND HAS BEEN RESET.
  KEYOPT(1-12)=    0    0    0    0    0    0    0    0    0    0    0    0

 ELEMENT TYPE        78 IS SOLID186. KEYOPT(2)=0 IS SUGGESTED AND HAS BEEN RESET.
  KEYOPT(1-12)=    0    0    0    0    0    0    0    0    0    0    0    0

 ELEMENT TYPE        79 IS SOLID186. KEYOPT(2)=0 IS SUGGESTED AND HAS BEEN RESET.
  KEYOPT(1-12)=    0    0    0    0    0    0    0    0    0    0    0    0

 ELEMENT TYPE        80 IS SOLID186. KEYOPT(2)=0 IS SUGGESTED AND HAS BEEN RESET.
  KEYOPT(1-12)=    0    0    0    0    0    0    0    0    0    0    0    0

 ELEMENT TYPE        81 IS SOLID186. KEYOPT(2)=0 IS SUGGESTED AND HAS BEEN RESET.
  KEYOPT(1-12)=    0    0    0    0    0    0    0    0    0    0    0    0

 ELEMENT TYPE        82 IS SOLID186. KEYOPT(2)=0 IS SUGGESTED AND HAS BEEN RESET.
  KEYOPT(1-12)=    0    0    0    0    0    0    0    0    0    0    0    0

 ELEMENT TYPE        83 IS SOLID186. KEYOPT(2)=0 IS SUGGESTED AND HAS BEEN RESET.
  KEYOPT(1-12)=    0    0    0    0    0    0    0    0    0    0    0    0

 ELEMENT TYPE        84 IS SOLID186. KEYOPT(2)=0 IS SUGGESTED AND HAS BEEN RESET.
  KEYOPT(1-12)=    0    0    0    0    0    0    0    0    0    0    0    0

 ELEMENT TYPE        85 IS SOLID186. KEYOPT(2)=0 IS SUGGESTED AND HAS BEEN RESET.
  KEYOPT(1-12)=    0    0    0    0    0    0    0    0    0    0    0    0

 ELEMENT TYPE        86 IS SOLID186. KEYOPT(2)=0 IS SUGGESTED AND HAS BEEN RESET.
  KEYOPT(1-12)=    0    0    0    0    0    0    0    0    0    0    0    0

 ELEMENT TYPE        87 IS SOLID186. KEYOPT(2)=0 IS SUGGESTED AND HAS BEEN RESET.
  KEYOPT(1-12)=    0    0    0    0    0    0    0    0    0    0    0    0

 ELEMENT TYPE        88 IS SOLID186. KEYOPT(2)=0 IS SUGGESTED AND HAS BEEN RESET.
  KEYOPT(1-12)=    0    0    0    0    0    0    0    0    0    0    0    0

 ELEMENT TYPE        89 IS SOLID186. KEYOPT(2)=0 IS SUGGESTED AND HAS BEEN RESET.
  KEYOPT(1-12)=    0    0    0    0    0    0    0    0    0    0    0    0

 ELEMENT TYPE        90 IS SOLID186. KEYOPT(2)=0 IS SUGGESTED AND HAS BEEN RESET.
  KEYOPT(1-12)=    0    0    0    0    0    0    0    0    0    0    0    0

 ELEMENT TYPE        91 IS SOLID186. KEYOPT(2)=0 IS SUGGESTED AND HAS BEEN RESET.
  KEYOPT(1-12)=    0    0    0    0    0    0    0    0    0    0    0    0

 ELEMENT TYPE        92 IS SOLID186. KEYOPT(2)=0 IS SUGGESTED AND HAS BEEN RESET.
  KEYOPT(1-12)=    0    0    0    0    0    0    0    0    0    0    0    0

 ELEMENT TYPE        93 IS SOLID186. KEYOPT(2)=0 IS SUGGESTED AND HAS BEEN RESET.
  KEYOPT(1-12)=    0    0    0    0    0    0    0    0    0    0    0    0

 ELEMENT TYPE        94 IS SOLID186. KEYOPT(2)=0 IS SUGGESTED AND HAS BEEN RESET.
  KEYOPT(1-12)=    0    0    0    0    0    0    0    0    0    0    0    0

 ELEMENT TYPE        95 IS SOLID186. KEYOPT(2)=0 IS SUGGESTED AND HAS BEEN RESET.
  KEYOPT(1-12)=    0    0    0    0    0    0    0    0    0    0    0    0

 ELEMENT TYPE        96 IS SOLID186. KEYOPT(2)=0 IS SUGGESTED AND HAS BEEN RESET.
  KEYOPT(1-12)=    0    0    0    0    0    0    0    0    0    0    0    0

 ELEMENT TYPE        97 IS SOLID186. KEYOPT(2)=0 IS SUGGESTED AND HAS BEEN RESET.
  KEYOPT(1-12)=    0    0    0    0    0    0    0    0    0    0    0    0

 ELEMENT TYPE        98 IS SOLID186. KEYOPT(2)=0 IS SUGGESTED AND HAS BEEN RESET.
  KEYOPT(1-12)=    0    0    0    0    0    0    0    0    0    0    0    0

 ELEMENT TYPE        99 IS SOLID186. KEYOPT(2)=0 IS SUGGESTED AND HAS BEEN RESET.
  KEYOPT(1-12)=    0    0    0    0    0    0    0    0    0    0    0    0

 ELEMENT TYPE       100 IS SOLID186. KEYOPT(2)=0 IS SUGGESTED AND HAS BEEN RESET.
  KEYOPT(1-12)=    0    0    0    0    0    0    0    0    0    0    0    0

 ELEMENT TYPE       101 IS SOLID186. KEYOPT(2)=0 IS SUGGESTED AND HAS BEEN RESET.
  KEYOPT(1-12)=    0    0    0    0    0    0    0    0    0    0    0    0

 ELEMENT TYPE       102 IS SOLID186. KEYOPT(2)=0 IS SUGGESTED AND HAS BEEN RESET.
  KEYOPT(1-12)=    0    0    0    0    0    0    0    0    0    0    0    0

 ELEMENT TYPE       103 IS SOLID186. KEYOPT(2)=0 IS SUGGESTED AND HAS BEEN RESET.
  KEYOPT(1-12)=    0    0    0    0    0    0    0    0    0    0    0    0

 ELEMENT TYPE       104 IS SOLID186. KEYOPT(2)=0 IS SUGGESTED AND HAS BEEN RESET.
  KEYOPT(1-12)=    0    0    0    0    0    0    0    0    0    0    0    0

 ELEMENT TYPE       105 IS SOLID186. KEYOPT(2)=0 IS SUGGESTED AND HAS BEEN RESET.
  KEYOPT(1-12)=    0    0    0    0    0    0    0    0    0    0    0    0

 ELEMENT TYPE       106 IS SOLID186. KEYOPT(2)=0 IS SUGGESTED AND HAS BEEN RESET.
  KEYOPT(1-12)=    0    0    0    0    0    0    0    0    0    0    0    0

 ELEMENT TYPE       107 IS SOLID186. KEYOPT(2)=0 IS SUGGESTED AND HAS BEEN RESET.
  KEYOPT(1-12)=    0    0    0    0    0    0    0    0    0    0    0    0

 ELEMENT TYPE       108 IS SOLID186. KEYOPT(2)=0 IS SUGGESTED AND HAS BEEN RESET.
  KEYOPT(1-12)=    0    0    0    0    0    0    0    0    0    0    0    0

 ELEMENT TYPE       109 IS SOLID186. KEYOPT(2)=0 IS SUGGESTED AND HAS BEEN RESET.
  KEYOPT(1-12)=    0    0    0    0    0    0    0    0    0    0    0    0

 ELEMENT TYPE       110 IS SOLID186. KEYOPT(2)=0 IS SUGGESTED AND HAS BEEN RESET.
  KEYOPT(1-12)=    0    0    0    0    0    0    0    0    0    0    0    0

 ELEMENT TYPE       111 IS SOLID186. KEYOPT(2)=0 IS SUGGESTED AND HAS BEEN RESET.
  KEYOPT(1-12)=    0    0    0    0    0    0    0    0    0    0    0    0

 ELEMENT TYPE       112 IS SOLID186. KEYOPT(2)=0 IS SUGGESTED AND HAS BEEN RESET.
  KEYOPT(1-12)=    0    0    0    0    0    0    0    0    0    0    0    0

 ELEMENT TYPE       113 IS SOLID186. KEYOPT(2)=0 IS SUGGESTED AND HAS BEEN RESET.
  KEYOPT(1-12)=    0    0    0    0    0    0    0    0    0    0    0    0

 ELEMENT TYPE       114 IS SOLID186. KEYOPT(2)=0 IS SUGGESTED AND HAS BEEN RESET.
  KEYOPT(1-12)=    0    0    0    0    0    0    0    0    0    0    0    0

 ELEMENT TYPE       115 IS SOLID186. KEYOPT(2)=0 IS SUGGESTED AND HAS BEEN RESET.
  KEYOPT(1-12)=    0    0    0    0    0    0    0    0    0    0    0    0

 ELEMENT TYPE       116 IS SOLID186. KEYOPT(2)=0 IS SUGGESTED AND HAS BEEN RESET.
  KEYOPT(1-12)=    0    0    0    0    0    0    0    0    0    0    0    0

 ELEMENT TYPE       117 IS SOLID186. KEYOPT(2)=0 IS SUGGESTED AND HAS BEEN RESET.
  KEYOPT(1-12)=    0    0    0    0    0    0    0    0    0    0    0    0

 ELEMENT TYPE       118 IS SOLID186. KEYOPT(2)=0 IS SUGGESTED AND HAS BEEN RESET.
  KEYOPT(1-12)=    0    0    0    0    0    0    0    0    0    0    0    0

 ELEMENT TYPE       119 IS SOLID186. KEYOPT(2)=0 IS SUGGESTED AND HAS BEEN RESET.
  KEYOPT(1-12)=    0    0    0    0    0    0    0    0    0    0    0    0

 ELEMENT TYPE       120 IS SOLID186. KEYOPT(2)=0 IS SUGGESTED AND HAS BEEN RESET.
  KEYOPT(1-12)=    0    0    0    0    0    0    0    0    0    0    0    0

 ELEMENT TYPE       121 IS SOLID186. KEYOPT(2)=0 IS SUGGESTED AND HAS BEEN RESET.
  KEYOPT(1-12)=    0    0    0    0    0    0    0    0    0    0    0    0

 ELEMENT TYPE       122 IS SOLID186. KEYOPT(2)=0 IS SUGGESTED AND HAS BEEN RESET.
  KEYOPT(1-12)=    0    0    0    0    0    0    0    0    0    0    0    0

 ELEMENT TYPE       123 IS SOLID186. KEYOPT(2)=0 IS SUGGESTED AND HAS BEEN RESET.
  KEYOPT(1-12)=    0    0    0    0    0    0    0    0    0    0    0    0

 ELEMENT TYPE       124 IS SOLID186. KEYOPT(2)=0 IS SUGGESTED AND HAS BEEN RESET.
  KEYOPT(1-12)=    0    0    0    0    0    0    0    0    0    0    0    0

 ELEMENT TYPE       125 IS SOLID186. KEYOPT(2)=0 IS SUGGESTED AND HAS BEEN RESET.
  KEYOPT(1-12)=    0    0    0    0    0    0    0    0    0    0    0    0

 ELEMENT TYPE       126 IS SOLID186. KEYOPT(2)=0 IS SUGGESTED AND HAS BEEN RESET.
  KEYOPT(1-12)=    0    0    0    0    0    0    0    0    0    0    0    0

 ELEMENT TYPE       127 IS SOLID186. KEYOPT(2)=0 IS SUGGESTED AND HAS BEEN RESET.
  KEYOPT(1-12)=    0    0    0    0    0    0    0    0    0    0    0    0

 ELEMENT TYPE       128 IS SOLID186. KEYOPT(2)=0 IS SUGGESTED AND HAS BEEN RESET.
  KEYOPT(1-12)=    0    0    0    0    0    0    0    0    0    0    0    0

 ELEMENT TYPE       129 IS SOLID186. KEYOPT(2)=0 IS SUGGESTED AND HAS BEEN RESET.
  KEYOPT(1-12)=    0    0    0    0    0    0    0    0    0    0    0    0

 ELEMENT TYPE       130 IS SOLID186. KEYOPT(2)=0 IS SUGGESTED AND HAS BEEN RESET.
  KEYOPT(1-12)=    0    0    0    0    0    0    0    0    0    0    0    0

 ELEMENT TYPE       131 IS SOLID186. KEYOPT(2)=0 IS SUGGESTED AND HAS BEEN RESET.
  KEYOPT(1-12)=    0    0    0    0    0    0    0    0    0    0    0    0

 ELEMENT TYPE       132 IS SOLID186. KEYOPT(2)=0 IS SUGGESTED AND HAS BEEN RESET.
  KEYOPT(1-12)=    0    0    0    0    0    0    0    0    0    0    0    0

 ELEMENT TYPE       133 IS SOLID186. KEYOPT(2)=0 IS SUGGESTED AND HAS BEEN RESET.
  KEYOPT(1-12)=    0    0    0    0    0    0    0    0    0    0    0    0

 ELEMENT TYPE       134 IS SOLID186. KEYOPT(2)=0 IS SUGGESTED AND HAS BEEN RESET.
  KEYOPT(1-12)=    0    0    0    0    0    0    0    0    0    0    0    0

 ELEMENT TYPE       135 IS SOLID186. KEYOPT(2)=0 IS SUGGESTED AND HAS BEEN RESET.
  KEYOPT(1-12)=    0    0    0    0    0    0    0    0    0    0    0    0

 ELEMENT TYPE       136 IS SOLID186. KEYOPT(2)=0 IS SUGGESTED AND HAS BEEN RESET.
  KEYOPT(1-12)=    0    0    0    0    0    0    0    0    0    0    0    0

 ELEMENT TYPE       137 IS SOLID186. KEYOPT(2)=0 IS SUGGESTED AND HAS BEEN RESET.
  KEYOPT(1-12)=    0    0    0    0    0    0    0    0    0    0    0    0

 ELEMENT TYPE       138 IS SOLID186. KEYOPT(2)=0 IS SUGGESTED AND HAS BEEN RESET.
  KEYOPT(1-12)=    0    0    0    0    0    0    0    0    0    0    0    0

 ELEMENT TYPE       139 IS SOLID186. KEYOPT(2)=0 IS SUGGESTED AND HAS BEEN RESET.
  KEYOPT(1-12)=    0    0    0    0    0    0    0    0    0    0    0    0

 ELEMENT TYPE       140 IS SOLID186. KEYOPT(2)=0 IS SUGGESTED AND HAS BEEN RESET.
  KEYOPT(1-12)=    0    0    0    0    0    0    0    0    0    0    0    0

 ELEMENT TYPE       141 IS SOLID186. KEYOPT(2)=0 IS SUGGESTED AND HAS BEEN RESET.
  KEYOPT(1-12)=    0    0    0    0    0    0    0    0    0    0    0    0

 ELEMENT TYPE       142 IS SOLID186. KEYOPT(2)=0 IS SUGGESTED AND HAS BEEN RESET.
  KEYOPT(1-12)=    0    0    0    0    0    0    0    0    0    0    0    0

 ELEMENT TYPE       143 IS SOLID186. KEYOPT(2)=0 IS SUGGESTED AND HAS BEEN RESET.
  KEYOPT(1-12)=    0    0    0    0    0    0    0    0    0    0    0    0

 ELEMENT TYPE       144 IS SOLID186. KEYOPT(2)=0 IS SUGGESTED AND HAS BEEN RESET.
  KEYOPT(1-12)=    0    0    0    0    0    0    0    0    0    0    0    0

 ELEMENT TYPE       145 IS SOLID186. KEYOPT(2)=0 IS SUGGESTED AND HAS BEEN RESET.
  KEYOPT(1-12)=    0    0    0    0    0    0    0    0    0    0    0    0

 ELEMENT TYPE       146 IS SOLID186. KEYOPT(2)=0 IS SUGGESTED AND HAS BEEN RESET.
  KEYOPT(1-12)=    0    0    0    0    0    0    0    0    0    0    0    0

 ELEMENT TYPE       147 IS SOLID186. KEYOPT(2)=0 IS SUGGESTED AND HAS BEEN RESET.
  KEYOPT(1-12)=    0    0    0    0    0    0    0    0    0    0    0    0

 ELEMENT TYPE       148 IS SOLID186. KEYOPT(2)=0 IS SUGGESTED AND HAS BEEN RESET.
  KEYOPT(1-12)=    0    0    0    0    0    0    0    0    0    0    0    0

 ELEMENT TYPE       149 IS SOLID186. KEYOPT(2)=0 IS SUGGESTED AND HAS BEEN RESET.
  KEYOPT(1-12)=    0    0    0    0    0    0    0    0    0    0    0    0

 ELEMENT TYPE       150 IS SOLID186. KEYOPT(2)=0 IS SUGGESTED AND HAS BEEN RESET.
  KEYOPT(1-12)=    0    0    0    0    0    0    0    0    0    0    0    0

 ELEMENT TYPE       151 IS SOLID186. KEYOPT(2)=0 IS SUGGESTED AND HAS BEEN RESET.
  KEYOPT(1-12)=    0    0    0    0    0    0    0    0    0    0    0    0

 ELEMENT TYPE       152 IS SOLID186. KEYOPT(2)=0 IS SUGGESTED AND HAS BEEN RESET.
  KEYOPT(1-12)=    0    0    0    0    0    0    0    0    0    0    0    0

 ELEMENT TYPE       153 IS SOLID186. KEYOPT(2)=0 IS SUGGESTED AND HAS BEEN RESET.
  KEYOPT(1-12)=    0    0    0    0    0    0    0    0    0    0    0    0

 ELEMENT TYPE       154 IS SOLID186. KEYOPT(2)=0 IS SUGGESTED AND HAS BEEN RESET.
  KEYOPT(1-12)=    0    0    0    0    0    0    0    0    0    0    0    0

 ELEMENT TYPE       155 IS SOLID186. KEYOPT(2)=0 IS SUGGESTED AND HAS BEEN RESET.
  KEYOPT(1-12)=    0    0    0    0    0    0    0    0    0    0    0    0

 ELEMENT TYPE       156 IS SOLID186. KEYOPT(2)=0 IS SUGGESTED AND HAS BEEN RESET.
  KEYOPT(1-12)=    0    0    0    0    0    0    0    0    0    0    0    0

 ELEMENT TYPE       157 IS SOLID186. KEYOPT(2)=0 IS SUGGESTED AND HAS BEEN RESET.
  KEYOPT(1-12)=    0    0    0    0    0    0    0    0    0    0    0    0

 ELEMENT TYPE       158 IS SOLID186. KEYOPT(2)=0 IS SUGGESTED AND HAS BEEN RESET.
  KEYOPT(1-12)=    0    0    0    0    0    0    0    0    0    0    0    0

 ELEMENT TYPE       159 IS SOLID186. KEYOPT(2)=0 IS SUGGESTED AND HAS BEEN RESET.
  KEYOPT(1-12)=    0    0    0    0    0    0    0    0    0    0    0    0

 ELEMENT TYPE       160 IS SOLID186. KEYOPT(2)=0 IS SUGGESTED AND HAS BEEN RESET.
  KEYOPT(1-12)=    0    0    0    0    0    0    0    0    0    0    0    0

 ELEMENT TYPE       161 IS SOLID186. KEYOPT(2)=0 IS SUGGESTED AND HAS BEEN RESET.
  KEYOPT(1-12)=    0    0    0    0    0    0    0    0    0    0    0    0

 ELEMENT TYPE       162 IS SOLID186. KEYOPT(2)=0 IS SUGGESTED AND HAS BEEN RESET.
  KEYOPT(1-12)=    0    0    0    0    0    0    0    0    0    0    0    0

 ELEMENT TYPE       163 IS SOLID186. KEYOPT(2)=0 IS SUGGESTED AND HAS BEEN RESET.
  KEYOPT(1-12)=    0    0    0    0    0    0    0    0    0    0    0    0

 ELEMENT TYPE       164 IS SOLID186. KEYOPT(2)=0 IS SUGGESTED AND HAS BEEN RESET.
  KEYOPT(1-12)=    0    0    0    0    0    0    0    0    0    0    0    0

 ELEMENT TYPE       165 IS SOLID186. KEYOPT(2)=0 IS SUGGESTED AND HAS BEEN RESET.
  KEYOPT(1-12)=    0    0    0    0    0    0    0    0    0    0    0    0

 ELEMENT TYPE       166 IS SOLID186. KEYOPT(2)=0 IS SUGGESTED AND HAS BEEN RESET.
  KEYOPT(1-12)=    0    0    0    0    0    0    0    0    0    0    0    0

 ELEMENT TYPE       167 IS SOLID186. KEYOPT(2)=0 IS SUGGESTED AND HAS BEEN RESET.
  KEYOPT(1-12)=    0    0    0    0    0    0    0    0    0    0    0    0

 ELEMENT TYPE       168 IS SOLID186. KEYOPT(2)=0 IS SUGGESTED AND HAS BEEN RESET.
  KEYOPT(1-12)=    0    0    0    0    0    0    0    0    0    0    0    0

 ELEMENT TYPE       169 IS SOLID186. KEYOPT(2)=0 IS SUGGESTED AND HAS BEEN RESET.
  KEYOPT(1-12)=    0    0    0    0    0    0    0    0    0    0    0    0

 ELEMENT TYPE       170 IS SOLID186. KEYOPT(2)=0 IS SUGGESTED AND HAS BEEN RESET.
  KEYOPT(1-12)=    0    0    0    0    0    0    0    0    0    0    0    0

 ELEMENT TYPE       171 IS SOLID186. KEYOPT(2)=0 IS SUGGESTED AND HAS BEEN RESET.
  KEYOPT(1-12)=    0    0    0    0    0    0    0    0    0    0    0    0

 ELEMENT TYPE       172 IS SOLID186. KEYOPT(2)=0 IS SUGGESTED AND HAS BEEN RESET.
  KEYOPT(1-12)=    0    0    0    0    0    0    0    0    0    0    0    0

 ELEMENT TYPE       173 IS SOLID186. KEYOPT(2)=0 IS SUGGESTED AND HAS BEEN RESET.
  KEYOPT(1-12)=    0    0    0    0    0    0    0    0    0    0    0    0

 ELEMENT TYPE       174 IS SOLID187. IT IS NOT ASSOCIATED WITH FULLY INCOMPRESSIBLE
 HYPERELASTIC MATERIALS. NO SUGGESTION IS AVAILABLE AND NO RESETTING IS NEEDED.

 ELEMENT TYPE       175 IS SOLID187. IT IS NOT ASSOCIATED WITH FULLY INCOMPRESSIBLE
 HYPERELASTIC MATERIALS. NO SUGGESTION IS AVAILABLE AND NO RESETTING IS NEEDED.

 ELEMENT TYPE       176 IS SOLID187. IT IS NOT ASSOCIATED WITH FULLY INCOMPRESSIBLE
 HYPERELASTIC MATERIALS. NO SUGGESTION IS AVAILABLE AND NO RESETTING IS NEEDED.

 ELEMENT TYPE       177 IS SOLID187. IT IS NOT ASSOCIATED WITH FULLY INCOMPRESSIBLE
 HYPERELASTIC MATERIALS. NO SUGGESTION IS AVAILABLE AND NO RESETTING IS NEEDED.

 ELEMENT TYPE       178 IS SOLID186. KEYOPT(2)=0 IS SUGGESTED AND HAS BEEN RESET.
  KEYOPT(1-12)=    0    0    0    0    0    0    0    0    0    0    0    0

 ELEMENT TYPE       179 IS SOLID187. IT IS NOT ASSOCIATED WITH FULLY INCOMPRESSIBLE
 HYPERELASTIC MATERIALS. NO SUGGESTION IS AVAILABLE AND NO RESETTING IS NEEDED.

 ELEMENT TYPE       180 IS SOLID187. IT IS NOT ASSOCIATED WITH FULLY INCOMPRESSIBLE
 HYPERELASTIC MATERIALS. NO SUGGESTION IS AVAILABLE AND NO RESETTING IS NEEDED.

 ELEMENT TYPE       181 IS SOLID186. KEYOPT(2)=0 IS SUGGESTED AND HAS BEEN RESET.
  KEYOPT(1-12)=    0    0    0    0    0    0    0    0    0    0    0    0

 ELEMENT TYPE       182 IS SOLID186. KEYOPT(2)=0 IS SUGGESTED AND HAS BEEN RESET.
  KEYOPT(1-12)=    0    0    0    0    0    0    0    0    0    0    0    0

 ELEMENT TYPE       183 IS SOLID186. KEYOPT(2)=0 IS SUGGESTED AND HAS BEEN RESET.
  KEYOPT(1-12)=    0    0    0    0    0    0    0    0    0    0    0    0

 ELEMENT TYPE       184 IS SOLID187. IT IS NOT ASSOCIATED WITH FULLY INCOMPRESSIBLE
 HYPERELASTIC MATERIALS. NO SUGGESTION IS AVAILABLE AND NO RESETTING IS NEEDED.

 ELEMENT TYPE       185 IS SOLID187. IT IS NOT ASSOCIATED WITH FULLY INCOMPRESSIBLE
 HYPERELASTIC MATERIALS. NO SUGGESTION IS AVAILABLE AND NO RESETTING IS NEEDED.

 ELEMENT TYPE       186 IS SOLID187. IT IS NOT ASSOCIATED WITH FULLY INCOMPRESSIBLE
 HYPERELASTIC MATERIALS. NO SUGGESTION IS AVAILABLE AND NO RESETTING IS NEEDED.

 ELEMENT TYPE       187 IS SOLID187. IT IS NOT ASSOCIATED WITH FULLY INCOMPRESSIBLE
 HYPERELASTIC MATERIALS. NO SUGGESTION IS AVAILABLE AND NO RESETTING IS NEEDED.

 ELEMENT TYPE       188 IS SOLID187. IT IS NOT ASSOCIATED WITH FULLY INCOMPRESSIBLE
 HYPERELASTIC MATERIALS. NO SUGGESTION IS AVAILABLE AND NO RESETTING IS NEEDED.

 ELEMENT TYPE       189 IS SOLID187. IT IS NOT ASSOCIATED WITH FULLY INCOMPRESSIBLE
 HYPERELASTIC MATERIALS. NO SUGGESTION IS AVAILABLE AND NO RESETTING IS NEEDED.

 ELEMENT TYPE       190 IS SOLID187. IT IS NOT ASSOCIATED WITH FULLY INCOMPRESSIBLE
 HYPERELASTIC MATERIALS. NO SUGGESTION IS AVAILABLE AND NO RESETTING IS NEEDED.

 ELEMENT TYPE       191 IS SOLID187. IT IS NOT ASSOCIATED WITH FULLY INCOMPRESSIBLE
 HYPERELASTIC MATERIALS. NO SUGGESTION IS AVAILABLE AND NO RESETTING IS NEEDED.

 ELEMENT TYPE       192 IS SOLID186. KEYOPT(2)=0 IS SUGGESTED AND HAS BEEN RESET.
  KEYOPT(1-12)=    0    0    0    0    0    0    0    0    0    0    0    0

 ELEMENT TYPE       193 IS SOLID187. IT IS NOT ASSOCIATED WITH FULLY INCOMPRESSIBLE
 HYPERELASTIC MATERIALS. NO SUGGESTION IS AVAILABLE AND NO RESETTING IS NEEDED.

 ELEMENT TYPE       194 IS SOLID187. IT IS NOT ASSOCIATED WITH FULLY INCOMPRESSIBLE
 HYPERELASTIC MATERIALS. NO SUGGESTION IS AVAILABLE AND NO RESETTING IS NEEDED.

 ELEMENT TYPE       195 IS SOLID187. IT IS NOT ASSOCIATED WITH FULLY INCOMPRESSIBLE
 HYPERELASTIC MATERIALS. NO SUGGESTION IS AVAILABLE AND NO RESETTING IS NEEDED.

 ELEMENT TYPE       196 IS SOLID187. IT IS NOT ASSOCIATED WITH FULLY INCOMPRESSIBLE
 HYPERELASTIC MATERIALS. NO SUGGESTION IS AVAILABLE AND NO RESETTING IS NEEDED.

 ELEMENT TYPE       197 IS SOLID187. IT IS NOT ASSOCIATED WITH FULLY INCOMPRESSIBLE
 HYPERELASTIC MATERIALS. NO SUGGESTION IS AVAILABLE AND NO RESETTING IS NEEDED.

 ELEMENT TYPE       198 IS SOLID187. IT IS NOT ASSOCIATED WITH FULLY INCOMPRESSIBLE
 HYPERELASTIC MATERIALS. NO SUGGESTION IS AVAILABLE AND NO RESETTING IS NEEDED.

 ELEMENT TYPE       199 IS SOLID187. IT IS NOT ASSOCIATED WITH FULLY INCOMPRESSIBLE
 HYPERELASTIC MATERIALS. NO SUGGESTION IS AVAILABLE AND NO RESETTING IS NEEDED.

 ELEMENT TYPE       200 IS SOLID187. IT IS NOT ASSOCIATED WITH FULLY INCOMPRESSIBLE
 HYPERELASTIC MATERIALS. NO SUGGESTION IS AVAILABLE AND NO RESETTING IS NEEDED.

 ELEMENT TYPE       201 IS SOLID187. IT IS NOT ASSOCIATED WITH FULLY INCOMPRESSIBLE
 HYPERELASTIC MATERIALS. NO SUGGESTION IS AVAILABLE AND NO RESETTING IS NEEDED.

 ELEMENT TYPE       202 IS SOLID187. IT IS NOT ASSOCIATED WITH FULLY INCOMPRESSIBLE
 HYPERELASTIC MATERIALS. NO SUGGESTION IS AVAILABLE AND NO RESETTING IS NEEDED.

 ELEMENT TYPE       203 IS SOLID187. IT IS NOT ASSOCIATED WITH FULLY INCOMPRESSIBLE
 HYPERELASTIC MATERIALS. NO SUGGESTION IS AVAILABLE AND NO RESETTING IS NEEDED.

 ELEMENT TYPE       204 IS SOLID187. IT IS NOT ASSOCIATED WITH FULLY INCOMPRESSIBLE
 HYPERELASTIC MATERIALS. NO SUGGESTION IS AVAILABLE AND NO RESETTING IS NEEDED.

 ELEMENT TYPE       205 IS SOLID187. IT IS NOT ASSOCIATED WITH FULLY INCOMPRESSIBLE
 HYPERELASTIC MATERIALS. NO SUGGESTION IS AVAILABLE AND NO RESETTING IS NEEDED.

 ELEMENT TYPE       206 IS SOLID187. IT IS NOT ASSOCIATED WITH FULLY INCOMPRESSIBLE
 HYPERELASTIC MATERIALS. NO SUGGESTION IS AVAILABLE AND NO RESETTING IS NEEDED.

 ELEMENT TYPE       207 IS SOLID187. IT IS NOT ASSOCIATED WITH FULLY INCOMPRESSIBLE
 HYPERELASTIC MATERIALS. NO SUGGESTION IS AVAILABLE AND NO RESETTING IS NEEDED.

 ELEMENT TYPE       208 IS SOLID186. KEYOPT(2)=0 IS SUGGESTED AND HAS BEEN RESET.
  KEYOPT(1-12)=    0    0    0    0    0    0    0    0    0    0    0    0



 *** MAPDL - ENGINEERING ANALYSIS SYSTEM  RELEASE 2026 R1.02       26.1     ***
 Ansys Mechanical Enterprise Academic Research     
 01196637  VERSION=WINDOWS x64   15:02:13  OCT 04, 2026 Elapsed Time=      8.002

 powerboardsim_v1--Modale (B5)                                                 



                       S O L U T I O N   O P T I O N S

   PROBLEM DIMENSIONALITY. . . . . . . . . . . . .3-D                  
   DEGREES OF FREEDOM. . . . . . UX   UY   UZ  
   ANALYSIS TYPE . . . . . . . . . . . . . . . . .MODAL                
      EXTRACTION METHOD. . . . . . . . . . . . . .BLOCK LANCZOS
   OFFSET TEMPERATURE FROM ABSOLUTE ZERO . . . . .  273.15    
   THERMAL EXPANSION . . . . . . . . . . . . . . .OFF
   NUMBER OF MODES TO EXTRACT. . . . . . . . . . .    20
   GLOBALLY ASSEMBLED MATRIX . . . . . . . . . . .SYMMETRIC  
   NUMBER OF MODES TO EXPAND . . . . . . . . . . .ALL
   ELEMENT RESULTS CALCULATION . . . . . . . . . .OFF

 *** NOTE ***                            ELAPSED TIME =       8.047   TIME= 15:02:13
 The conditions for direct assembly have been met.  No .emat or .erot    
 files will be produced.                                                 

  
  
     D I S T R I B U T E D   D O M A I N   D E C O M P O S E R
  
  ...Number of elements: 50661
  ...Number of nodes:    95215
  ...Decompose to 12 CPU domains
  ...Element load balance ratio =     2.363


                      L O A D   S T E P   O P T I O N S

   LOAD STEP NUMBER. . . . . . . . . . . . . . . .     1
   THERMAL STRAINS INCLUDED IN THE LOAD VECTOR . .    NO
   PRINT OUTPUT CONTROLS . . . . . . . . . . . . .NO PRINTOUT
   DATABASE OUTPUT CONTROLS
      ITEM     FREQUENCY   COMPONENT
       ALL       NONE               
      NSOL        ALL               


 *** WARNING ***                         ELAPSED TIME =      13.341   TIME= 15:02:18
 Multiple constraints have been applied on degree of freedom 1 of        
 contact node 3923 (may be more nodes).  The program will remove         
 certain internal MPCs.  Please check the model carefully.               


                         ***********  PRECISE MASS SUMMARY  ***********

   TOTAL RIGID BODY MASS MATRIX ABOUT ORIGIN
               Translational mass               |   Coupled translational/rotational mass
        0.25182        0.0000        0.0000     |     0.0000      -0.18185E-02  -0.15107E-01
         0.0000       0.25182        0.0000     |    0.18185E-02    0.0000       0.89890E-02
         0.0000        0.0000       0.25182     |    0.15107E-01  -0.89890E-02    0.0000    
     ------------------------------------------ | ------------------------------------------
                                                |         Rotational mass (inertia)
                                                |    0.11412E-02  -0.54098E-03   0.61943E-04
                                                |   -0.54098E-03   0.44608E-03   0.11079E-03
                                                |    0.61943E-04   0.11079E-03   0.15286E-02

   TOTAL MASS = 0.25182    
     The mass principal axes coincide with the global Cartesian axes

   CENTER OF MASS (X,Y,Z)=   0.35696E-01   0.59993E-01  -0.72216E-02

   TOTAL INERTIA ABOUT CENTER OF MASS
        0.22170E-03  -0.17048E-05  -0.29717E-05
       -0.17048E-05   0.11208E-03   0.16886E-05
       -0.29717E-05   0.16886E-05   0.30137E-03

   PRINCIPAL INERTIAS =   0.22161E-03   0.11204E-03   0.30149E-03
   ORIENTATION VECTORS OF THE INERTIA PRINCIPAL AXES IN GLOBAL CARTESIAN
     ( 0.999,-0.015, 0.038) ( 0.015, 1.000,-0.009) (-0.037, 0.009, 0.999) 


  *** MASS SUMMARY BY ELEMENT TYPE ***

  TYPE      MASS
     1  0.638750E-06
     2  0.638750E-06
     3  0.108763E-02
     4  0.493158E-04
     5  0.638750E-06
     6  0.638750E-06
     7  0.493158E-04
     8  0.638750E-06
     9  0.638750E-06
    10  0.693504E-05
    11  0.180600E-04
    12  0.180600E-04
    13  0.638750E-06
    14  0.638750E-06
    15  0.638750E-06
    16  0.638750E-06
    17  0.127500E-05
    18  0.150500E-05
    19  0.638750E-06
    20  0.638750E-06
    21  0.108763E-02
    22  0.493158E-04
    23  0.493158E-04
    24  0.638750E-06
    25  0.638750E-06
    26  0.493158E-04
    27  0.493158E-04
    28  0.638750E-06
    29  0.165550E-05
    30  0.638750E-06
    31  0.638750E-06
    32  0.108763E-02
    33  0.493158E-04
    34  0.638750E-06
    35  0.638750E-06
    36  0.493158E-04
    37  0.638750E-06
    38  0.108763E-02
    39  0.165550E-05
    40  0.638750E-06
    41  0.638750E-06
    42  0.638750E-06
    43  0.638750E-06
    44  0.638750E-06
    45  0.638750E-06
    46  0.638750E-06
    47  0.638750E-06
    48  0.638750E-06
    49  0.638750E-06
    50  0.638750E-06
    51  0.638750E-06
    52  0.638750E-06
    53  0.638750E-06
    54  0.638750E-06
    55  0.638750E-06
    56  0.108763E-02
    57  0.493158E-04
    58  0.638750E-06
    59  0.638750E-06
    60  0.493158E-04
    61  0.638750E-06
    62  0.638750E-06
    63  0.638750E-06
    64  0.638750E-06
    65  0.638750E-06
    66  0.638750E-06
    67  0.493158E-04
    68  0.638750E-06
    69  0.638750E-06
    70  0.493158E-04
    71  0.638750E-06
    72  0.108763E-02
    73  0.638750E-06
    74  0.638750E-06
    75  0.210240E-05
    76  0.705024E-04
    77  0.210240E-05
    78  0.210240E-05
    79  0.210240E-05
    80  0.583200E-04
    81  0.841428E-04
    82  0.841428E-04
    83  0.210240E-05
    84  0.210240E-05
    85  0.139172E-04
    86  0.208080E-04
    87  0.139172E-04
    88  0.207936E-04
    89  0.139172E-04
    90  0.139172E-04
    91  0.146880E-04
    92  0.324900E-04
    93  0.248832E-04
    94  0.139172E-04
    95  0.146880E-04
    96  0.248832E-04
    97  0.139172E-04
    98  0.208080E-04
    99  0.200880E-02
   100  0.830879E-02
   101  0.423386E-02
   102  0.562937E-02
   103  0.339231E-02
   104  0.339231E-02
   105  0.283865E-02
   106  0.130894E-02
   107  0.489888E-04
   108  0.130894E-02
   109  0.130894E-02
   110  0.283865E-02
   111  0.166617E-04
   112  0.921858E-05
   113  0.748584E-04
   114  0.209385E-04
   115  0.485888E-04
   116  0.638750E-06
   117  0.638750E-06
   118  0.638750E-06
   119  0.638750E-06
   120  0.485888E-04
   121  0.638750E-06
   122  0.638750E-06
   123  0.638750E-06
   124  0.638750E-06
   125  0.638750E-06
   126  0.638750E-06
   127  0.638750E-06
   128  0.638750E-06
   129  0.485888E-04
   130  0.638750E-06
   131  0.638750E-06
   132  0.638750E-06
   133  0.638750E-06
   134  0.638750E-06
   135  0.485888E-04
   136  0.638750E-06
   137  0.638750E-06
   138  0.638750E-06
   139  0.638750E-06
   140  0.638750E-06
   141  0.638750E-06
   142  0.638750E-06
   143  0.638750E-06
   144  0.638750E-06
   145  0.530739E-04
   146  0.638750E-06
   147  0.638750E-06
   148  0.638750E-06
   149  0.638750E-06
   150  0.638750E-06
   151  0.638750E-06
   152  0.638750E-06
   153  0.638750E-06
   154  0.638750E-06
   155  0.485888E-04
   156  0.638750E-06
   157  0.638750E-06
   158  0.638750E-06
   159  0.638750E-06
   160  0.485888E-04
   161  0.638750E-06
   162  0.638750E-06
   163  0.638750E-06
   164  0.638750E-06
   165  0.638750E-06
   166  0.485888E-04
   167  0.638750E-06
   168  0.638750E-06
   169  0.638750E-06
   170  0.638750E-06
   171  0.138600E-04
   172  0.739058E-04
   173  0.109550E-02
   174  0.615326E-03
   175  0.138425E-03
   176  0.553788E-01
   177  0.138449E-03
   178  0.109550E-02
   179  0.615318E-03
   180  0.615326E-03
   181  0.109550E-02
   182  0.109550E-02
   183  0.109550E-02
   184  0.138425E-03
   185  0.138425E-03
   186  0.615328E-03
   187  0.553772E-01
   188  0.138429E-03
   189  0.615323E-03
   190  0.138425E-03
   191  0.553784E-01
   192  0.109550E-02
   193  0.615324E-03
   194  0.527664E-03
   195  0.527670E-03
   196  0.527662E-03
   197  0.527649E-03
   198  0.527740E-03
   199  0.527712E-03
   200  0.108949E-02
   201  0.108481E-02
   202  0.108840E-02
   203  0.109310E-02
   204  0.109266E-02
   205  0.108678E-02
   206  0.108500E-02
   207  0.109089E-02
   208  0.176971E-01

 Range of element maximum matrix coefficients in global coordinates
 Maximum = 4.679746455E+10 at element 6030.                              
 Minimum = 15357948 at element 937.                                      

   *** ELEMENT MATRIX FORMULATION TIMES
     TYPE    NUMBER     ENAME   TOTAL ELAPSED   AVG ELAPSED

        1         1  SOLID186          0.0004   0.000364125
        2         1  SOLID186          0.0003   0.000268083
        3         1  SOLID186          0.0004   0.000429208
        4         1  SOLID186          0.0004   0.000418542
        5         1  SOLID186          0.0003   0.000322583
        6         1  SOLID186          0.0003   0.000329458
        7         1  SOLID186          0.0007   0.000690375
        8         1  SOLID186          0.0003   0.000272208
        9         1  SOLID186          0.0003   0.000328333
       10         1  SOLID186          0.0003   0.000264208
       11         1  SOLID186          0.0004   0.000436750
       12         1  SOLID186          0.0004   0.000355333
       13         1  SOLID186          0.0003   0.000275542
       14         1  SOLID186          0.0003   0.000271917
       15         1  SOLID186          0.0003   0.000295208
       16         1  SOLID186          0.0004   0.000415542
       17         1  SOLID186          0.0004   0.000385958
       18         1  SOLID186          0.0003   0.000304917
       19         1  SOLID186          0.0007   0.000701208
       20         1  SOLID186          0.0004   0.000379875
       21         1  SOLID186          0.0003   0.000292542
       22         1  SOLID186          0.0003   0.000277708
       23         1  SOLID186          0.0003   0.000320625
       24         1  SOLID186          0.0004   0.000398208
       25         1  SOLID186          0.0003   0.000321625
       26         1  SOLID186          0.0003   0.000315458
       27         1  SOLID186          0.0004   0.000381000
       28         1  SOLID186          0.0006   0.000564250
       29         1  SOLID186          0.0003   0.000287958
       30         1  SOLID186          0.0007   0.000697000
       31         1  SOLID186          0.0003   0.000317042
       32         1  SOLID186          0.0003   0.000313333
       33         1  SOLID186          0.0003   0.000310583
       34         1  SOLID186          0.0003   0.000327875
       35         1  SOLID186          0.0004   0.000358000
       36         1  SOLID186          0.0005   0.000527000
       37         1  SOLID186          0.0003   0.000344792
       38         1  SOLID186          0.0003   0.000293000
       39         1  SOLID186          0.0005   0.000522667
       40         1  SOLID186          0.0003   0.000290708
       41         1  SOLID186          0.0003   0.000328667
       42         1  SOLID186          0.0003   0.000292833
       43         1  SOLID186          0.0003   0.000313292
       44         1  SOLID186          0.0003   0.000298750
       45         1  SOLID186          0.0003   0.000344708
       46         1  SOLID186          0.0003   0.000312917
       47         1  SOLID186          0.0003   0.000287042
       48         1  SOLID186          0.0003   0.000330792
       49         1  SOLID186          0.0004   0.000391292
       50         1  SOLID186          0.0003   0.000332125
       51         1  SOLID186          0.0003   0.000343917
       52         1  SOLID186          0.0003   0.000308583
       53         1  SOLID186          0.0004   0.000441917
       54         1  SOLID186          0.0003   0.000308292
       55         1  SOLID186          0.0003   0.000265208
       56         1  SOLID186          0.0003   0.000296958
       57         1  SOLID186          0.0003   0.000288167
       58         1  SOLID186          0.0004   0.000360375
       59         1  SOLID186          0.0009   0.000888833
       60         1  SOLID186          0.0005   0.000523750
       61         1  SOLID186          0.0004   0.000354875
       62         1  SOLID186          0.0003   0.000293833
       63         1  SOLID186          0.0003   0.000297125
       64         1  SOLID186          0.0004   0.000371333
       65         1  SOLID186          0.0003   0.000327583
       66         1  SOLID186          0.0006   0.000630708
       67         1  SOLID186          0.0003   0.000302500
       68         1  SOLID186          0.0003   0.000332208
       69         1  SOLID186          0.0003   0.000313542
       70         1  SOLID186          0.0003   0.000318667
       71         1  SOLID186          0.0010   0.000962375
       72         1  SOLID186          0.0003   0.000301167
       73         1  SOLID186          0.0003   0.000347292
       74         1  SOLID186          0.0003   0.000280542
       75         1  SOLID186          0.0003   0.000318208
       76         1  SOLID186          0.0003   0.000321958
       77         1  SOLID186          0.0003   0.000292375
       78         1  SOLID186          0.0003   0.000293750
       79         1  SOLID186          0.0003   0.000290250
       80         1  SOLID186          0.0003   0.000275417
       81         1  SOLID186          0.0004   0.000361042
       82         1  SOLID186          0.0003   0.000325833
       83         1  SOLID186          0.0003   0.000294042
       84         1  SOLID186          0.0003   0.000256250
       85         1  SOLID186          0.0003   0.000316583
       86         1  SOLID186          0.0003   0.000332208
       87         1  SOLID186          0.0003   0.000277083
       88         1  SOLID186          0.0003   0.000311958
       89         1  SOLID186          0.0003   0.000305542
       90         1  SOLID186          0.0004   0.000405417
       91         1  SOLID186          0.0010   0.000977583
       92         1  SOLID186          0.0003   0.000283208
       93         1  SOLID186          0.0003   0.000286542
       94         1  SOLID186          0.0003   0.000294792
       95         1  SOLID186          0.0003   0.000320042
       96         1  SOLID186          0.0005   0.000457125
       97         1  SOLID186          0.0003   0.000282208
       98         1  SOLID186          0.0003   0.000275667
       99         5  SOLID186          0.0015   0.000300742
      100         2  SOLID186          0.0006   0.000293750
      101         4  SOLID186          0.0014   0.000345156
      102         2  SOLID186          0.0006   0.000285937
      103         1  SOLID186          0.0005   0.000500958
      104         1  SOLID186          0.0009   0.000871542
      105         1  SOLID186          0.0003   0.000312167
      106         1  SOLID186          0.0004   0.000360167
      107         1  SOLID186          0.0005   0.000519083
      108         1  SOLID186          0.0004   0.000407542
      109         1  SOLID186          0.0003   0.000310000
      110         1  SOLID186          0.0003   0.000342417
      111         1  SOLID186          0.0003   0.000276667
      112         1  SOLID186          0.0003   0.000268958
      113         1  SOLID186          0.0004   0.000355625
      114         1  SOLID186          0.0003   0.000300083
      115         1  SOLID186          0.0003   0.000277833
      116         1  SOLID186          0.0003   0.000348458
      117         1  SOLID186          0.0004   0.000405375
      118         1  SOLID186          0.0004   0.000382958
      119         1  SOLID186          0.0004   0.000370083
      120         1  SOLID186          0.0003   0.000304667
      121         1  SOLID186          0.0003   0.000294417
      122         1  SOLID186          0.0003   0.000308792
      123         1  SOLID186          0.0003   0.000269958
      124         1  SOLID186          0.0003   0.000326500
      125         1  SOLID186          0.0003   0.000306708
      126         1  SOLID186          0.0005   0.000485250
      127         1  SOLID186          0.0003   0.000285708
      128         1  SOLID186          0.0003   0.000324250
      129         1  SOLID186          0.0003   0.000336208
      130         1  SOLID186          0.0003   0.000325292
      131         1  SOLID186          0.0004   0.000372208
      132         1  SOLID186          0.0003   0.000309083
      133         1  SOLID186          0.0005   0.000462292
      134         1  SOLID186          0.0003   0.000291583
      135         1  SOLID186          0.0004   0.000423208
      136         1  SOLID186          0.0003   0.000305542
      137         1  SOLID186          0.0003   0.000275292
      138         1  SOLID186          0.0004   0.000423292
      139         1  SOLID186          0.0003   0.000327458
      140         1  SOLID186          0.0004   0.000410417
      141         1  SOLID186          0.0003   0.000260292
      142         1  SOLID186          0.0003   0.000268375
      143         1  SOLID186          0.0004   0.000399250
      144         1  SOLID186          0.0003   0.000311958
      145         1  SOLID186          0.0004   0.000409833
      146         1  SOLID186          0.0004   0.000365833
      147         1  SOLID186          0.0003   0.000341792
      148         1  SOLID186          0.0005   0.000456083
      149         1  SOLID186          0.0004   0.000377000
      150         1  SOLID186          0.0002   0.000246208
      151         1  SOLID186          0.0003   0.000305333
      152         1  SOLID186          0.0003   0.000305458
      153         1  SOLID186          0.0004   0.000383833
      154         1  SOLID186          0.0003   0.000321708
      155         1  SOLID186          0.0003   0.000349042
      156         1  SOLID186          0.0003   0.000323833
      157         1  SOLID186          0.0013   0.001254208
      158         1  SOLID186          0.0003   0.000284042
      159         1  SOLID186          0.0003   0.000272958
      160         1  SOLID186          0.0003   0.000344542
      161         1  SOLID186          0.0003   0.000284750
      162         1  SOLID186          0.0003   0.000316500
      163         1  SOLID186          0.0003   0.000340125
      164         1  SOLID186          0.0010   0.000962625
      165         1  SOLID186          0.0003   0.000326667
      166         1  SOLID186          0.0003   0.000278708
      167         1  SOLID186          0.0003   0.000290083
      168         1  SOLID186          0.0004   0.000412042
      169         1  SOLID186          0.0005   0.000541167
      170         1  SOLID186          0.0003   0.000293125
      171         1  SOLID186          0.0003   0.000328042
      172         1  SOLID186          0.0003   0.000348667
      173      1372  SOLID186          0.4031   0.000293786
      174       372  SOLID187          0.0406   0.000109196
      175        60  SOLID187          0.0065   0.000108945
      176       744  SOLID187          0.0668   0.000089817
      177        60  SOLID187          0.0062   0.000103220
      178      1180  SOLID186          0.3490   0.000295731
      179       945  SOLID187          0.0889   0.000094068
      180       381  SOLID187          0.0482   0.000126636
      181      1264  SOLID186          0.3804   0.000300926
      182      1364  SOLID186          0.4230   0.000310114
      183      1124  SOLID186          0.3390   0.000301645
      184        60  SOLID187          0.0055   0.000091697
      185        60  SOLID187          0.0061   0.000102460
      186       370  SOLID187          0.0362   0.000097918
      187       711  SOLID187          0.0646   0.000090791
      188        63  SOLID187          0.0063   0.000100353
      189       386  SOLID187          0.0366   0.000094745
      190        60  SOLID187          0.0057   0.000094474
      191       732  SOLID187          0.0662   0.000090465
      192      1224  SOLID186          0.3505   0.000286342
      193       383  SOLID187          0.0421   0.000109819
      194      2118  SOLID187          0.2091   0.000098737
      195      2100  SOLID187          0.2071   0.000098640
      196      2164  SOLID187          0.2120   0.000097984
      197      2097  SOLID187          0.1987   0.000094746
      198      2230  SOLID187          0.2246   0.000100702
      199      2040  SOLID187          0.2061   0.000101040
      200       737  SOLID187          0.0769   0.000104379
      201       816  SOLID187          0.0820   0.000100550
      202       724  SOLID187          0.0686   0.000094755
      203       795  SOLID187          0.0748   0.000094077
      204       783  SOLID187          0.1022   0.000130529
      205       820  SOLID187          0.0876   0.000106816
      206       714  SOLID187          0.0681   0.000095372
      207       835  SOLID187          0.0792   0.000094899
      208       774  SOLID186          0.2620   0.000338531
      209       303  CONTA174          0.0672   0.000221734
      210       303  TARGE170          0.0060   0.000019773
      211       469  CONTA174          0.0455   0.000097037
      212       469  TARGE170          0.0025   0.000005304
      213       140  CONTA174          0.0083   0.000059064
      214       140  TARGE170          0.0005   0.000003852
      215        87  CONTA174          0.0125   0.000143694
      216        87  TARGE170          0.0057   0.000065883
      217       417  CONTA174          0.1171   0.000280841
      218       417  TARGE170          0.0026   0.000006344
      219       292  CONTA174          0.0628   0.000214949
      220       292  TARGE170          0.0092   0.000031484
      221       200  CONTA174          0.0459   0.000229721
      222       200  TARGE170          0.0009   0.000004612
      223        97  CONTA174          0.0183   0.000189173
      224        97  TARGE170          0.0006   0.000005877
      225       300  CONTA174          0.0654   0.000218091
      226       300  TARGE170          0.0021   0.000006882
      227       200  CONTA174          0.0406   0.000203229
      228       200  TARGE170          0.0009   0.000004458
      229       259  CONTA174          0.0525   0.000202790
      230       259  TARGE170          0.0014   0.000005481
      231       551  CONTA174          0.0515   0.000093464
      232       551  TARGE170          0.0027   0.000004888
      233       148  CONTA174          0.0233   0.000157546
      234       148  TARGE170          0.0006   0.000004005
      235       470  CONTA174          0.1283   0.000273004
      236       470  TARGE170          0.0035   0.000007534
      237       142  CONTA174          0.0137   0.000096242
      238       142  TARGE170          0.0006   0.000004544
      239       297  CONTA174          0.0692   0.000233072
      240       297  TARGE170          0.0035   0.000011811
      241       406  CONTA174          0.0408   0.000100443
      242       406  TARGE170          0.0021   0.000005171
      243       244  CONTA174          0.0464   0.000190302
      244       244  TARGE170          0.0014   0.000005796
      245       115  CONTA174          0.0089   0.000077694
      246       115  TARGE170          0.0005   0.000004040
      247       200  CONTA174          0.0400   0.000200152
      248       200  TARGE170          0.0008   0.000003911
      249       200  CONTA174          0.0448   0.000223925
      250       200  TARGE170          0.0007   0.000003692
      251        75  CONTA174          0.0154   0.000205263
      252        75  TARGE170          0.0002   0.000003151
      253       202  CONTA174          0.0391   0.000193738
      254       202  TARGE170          0.0008   0.000003881
      255        75  CONTA174          0.0103   0.000136859
      256        75  TARGE170          0.0003   0.000003787
      257       437  CONTA174          0.0386   0.000088218
      258       437  TARGE170          0.0022   0.000004961
      259       200  CONTA174          0.0431   0.000215496
      260       200  TARGE170          0.0008   0.000003866
      261        95  CONTA174          0.0144   0.000151442
      262        95  TARGE170          0.0003   0.000003357
      263       132  CONTA174          0.0089   0.000067231
      264       132  TARGE170          0.0006   0.000004488
      265         3  CONTA174          0.0004   0.000141986
      266         3  TARGE170          0.0000   0.000004542
      267         3  CONTA174          0.0003   0.000106375
      268         3  TARGE170          0.0000   0.000004139
      269         6  CONTA174          0.0019   0.000324132
      270         6  TARGE170          0.0000   0.000004479
      271         3  CONTA174          0.0006   0.000201514
      272         3  TARGE170          0.0000   0.000004833
      273         2  CONTA174          0.0002   0.000118729
      274         2  TARGE170          0.0000   0.000005104
      275         3  CONTA174          0.0006   0.000184931
      276         3  TARGE170          0.0000   0.000004264
      277         3  CONTA174          0.0005   0.000169861
      278         3  TARGE170          0.0000   0.000004944
      279         5  CONTA174          0.0007   0.000143100
      280         5  TARGE170          0.0000   0.000004792
      281         2  CONTA174          0.0003   0.000150917
      282         2  TARGE170          0.0000   0.000004479
      283         3  CONTA174          0.0003   0.000097653
      284         3  TARGE170          0.0000   0.000004333
      285         3  CONTA174          0.0005   0.000170944
      286         3  TARGE170          0.0000   0.000005028
      287         3  CONTA174          0.0004   0.000119250
      288         3  TARGE170          0.0000   0.000006083
      289         2  CONTA174          0.0002   0.000116375
      290         2  TARGE170          0.0000   0.000004667
      291         3  CONTA174          0.0008   0.000282903
      292         3  TARGE170          0.0000   0.000003806
      293         2  CONTA174          0.0003   0.000167604
      294         2  TARGE170          0.0000   0.000004521
      295         3  CONTA174          0.0014   0.000460694
      296         3  TARGE170          0.0000   0.000004833
      297         3  CONTA174          0.0003   0.000114944
      298         3  TARGE170          0.0000   0.000004167
      299         4  CONTA174          0.0010   0.000237635
      300         4  TARGE170          0.0000   0.000003760
      301         2  CONTA174          0.0012   0.000618542
      302         2  TARGE170          0.0000   0.000005812
      303         3  CONTA174          0.0006   0.000195264
      304         3  TARGE170          0.0000   0.000004417
      305        10  CONTA174          0.0011   0.000109204
      306        10  TARGE170          0.0001   0.000005608
      307         4  CONTA174          0.0007   0.000172583
      308         4  TARGE170          0.0000   0.000004073
      309         5  CONTA174          0.0005   0.000102200
      310         5  TARGE170          0.0000   0.000004908
      311         3  CONTA174          0.0005   0.000158972
      312         3  TARGE170          0.0000   0.000004903
      313         4  CONTA174          0.0005   0.000132813
      314         4  TARGE170          0.0000   0.000005969
      315         3  CONTA174          0.0005   0.000160639
      316         3  TARGE170          0.0000   0.000004792
      317         5  CONTA174          0.0005   0.000091958
      318         5  TARGE170          0.0000   0.000004458
      319         4  CONTA174          0.0014   0.000353469
      320         4  TARGE170          0.0000   0.000004031
      321         3  CONTA174          0.0006   0.000211625
      322         3  TARGE170          0.0000   0.000004167
      323         4  CONTA174          0.0007   0.000171333
      324         4  TARGE170          0.0000   0.000003854
      325         3  CONTA174          0.0007   0.000243361
      326         3  TARGE170          0.0000   0.000004264
      327         8  CONTA174          0.0016   0.000196719
      328         8  TARGE170          0.0000   0.000004729
      329         3  CONTA174          0.0007   0.000221833
      330         3  TARGE170          0.0000   0.000005056
      331         3  CONTA174          0.0004   0.000135694
      332         3  TARGE170          0.0000   0.000004014
      333         3  CONTA174          0.0007   0.000220792
      334         3  TARGE170          0.0000   0.000004028
      335         3  CONTA174          0.0003   0.000095958
      336         3  TARGE170          0.0000   0.000004222
      337         2  CONTA174          0.0003   0.000131146
      338         2  TARGE170          0.0000   0.000005958
      339         6  CONTA174          0.0006   0.000096014
      340         6  TARGE170          0.0000   0.000005958
      341         4  CONTA174          0.0012   0.000299302
      342         4  TARGE170          0.0000   0.000003917
      343         4  CONTA174          0.0011   0.000285885
      344         4  TARGE170          0.0000   0.000004750
      345         3  CONTA174          0.0005   0.000174153
      346         3  TARGE170          0.0000   0.000003931
      347         2  CONTA174          0.0003   0.000139729
      348         2  TARGE170          0.0000   0.000005208
      349         4  CONTA174          0.0005   0.000124708
      350         4  TARGE170          0.0000   0.000003917
      351         5  CONTA174          0.0010   0.000209958
      352         5  TARGE170          0.0000   0.000004050
      353         6  CONTA174          0.0012   0.000192986
      354         6  TARGE170          0.0000   0.000003715
      355         5  CONTA174          0.0007   0.000147633
      356         5  TARGE170          0.0000   0.000003992
      357         5  CONTA174          0.0012   0.000232467
      358         5  TARGE170          0.0000   0.000004875
      359         5  CONTA174          0.0013   0.000250967
      360         5  TARGE170          0.0000   0.000003908
      361         5  CONTA174          0.0007   0.000149617
      362         5  TARGE170          0.0000   0.000003883
      363         5  CONTA174          0.0007   0.000137150
      364         5  TARGE170          0.0000   0.000004275
      365         5  CONTA174          0.0009   0.000177950
      366         5  TARGE170          0.0000   0.000004025
      367         4  CONTA174          0.0020   0.000490312
      368         4  TARGE170          0.0000   0.000004927
      369         4  CONTA174          0.0005   0.000114875
      370         4  TARGE170          0.0000   0.000004698
      371         4  CONTA174          0.0007   0.000174354
      372         4  TARGE170          0.0000   0.000005792
      373         2  CONTA174          0.0005   0.000243125
      374         2  TARGE170          0.0000   0.000004229
      375         7  CONTA174          0.0015   0.000217881
      376         7  TARGE170          0.0000   0.000005482
      377         3  CONTA174          0.0004   0.000144722
      378         3  TARGE170          0.0000   0.000004208
      379         3  CONTA174          0.0008   0.000259181
      380         3  TARGE170          0.0000   0.000014681
      381         3  CONTA174          0.0027   0.000893944
      382         3  TARGE170          0.0000   0.000003722
      383         3  CONTA174          0.0005   0.000165444
      384         3  TARGE170          0.0000   0.000004347
      385         2  CONTA174          0.0006   0.000285583
      386         2  TARGE170          0.0000   0.000004937
      387         4  CONTA174          0.0007   0.000183760
      388         4  TARGE170          0.0000   0.000003687
      389         5  CONTA174          0.0010   0.000198908
      390         5  TARGE170          0.0001   0.000010225
      391         5  CONTA174          0.0014   0.000284533
      392         5  TARGE170          0.0000   0.000004167
      393         4  CONTA174          0.0006   0.000145917
      394         4  TARGE170          0.0000   0.000004937
      395         3  CONTA174          0.0009   0.000314625
      396         3  TARGE170          0.0000   0.000004125
      397         4  CONTA174          0.0004   0.000102125
      398         4  TARGE170          0.0000   0.000005344
      399         2  CONTA174          0.0004   0.000214604
      400         2  TARGE170          0.0000   0.000004146
      401         3  CONTA174          0.0004   0.000135903
      402         3  TARGE170          0.0000   0.000004083
      403         4  CONTA174          0.0014   0.000348281
      404         4  TARGE170          0.0000   0.000004125
      405         3  CONTA174          0.0009   0.000287944
      406         3  TARGE170          0.0000   0.000004153
      407         6  CONTA174          0.0006   0.000104806
      408         6  TARGE170          0.0000   0.000004188
      409         2  CONTA174          0.0005   0.000265625
      410         2  TARGE170          0.0000   0.000004146
      411         4  CONTA174          0.0009   0.000224875
      412         4  TARGE170          0.0000   0.000003698
      413         7  CONTA174          0.0007   0.000107065
      414         7  TARGE170          0.0000   0.000005161
      415         6  CONTA174          0.0012   0.000207917
      416         6  TARGE170          0.0000   0.000004090
      417         3  CONTA174          0.0003   0.000111167
      418         3  TARGE170          0.0000   0.000005167
      419         4  CONTA174          0.0005   0.000119635
      420         4  TARGE170          0.0000   0.000005417
      421         5  CONTA174          0.0006   0.000120500
      422         5  TARGE170          0.0015   0.000291533
      423         4  CONTA174          0.0003   0.000081656
      424         4  TARGE170          0.0000   0.000004927
      425         5  CONTA174          0.0004   0.000083750
      426         5  TARGE170          0.0000   0.000005208
      427         8  CONTA174          0.0012   0.000149740
      428         8  TARGE170          0.0000   0.000004969
      429         4  CONTA174          0.0003   0.000087031
      430         4  TARGE170          0.0000   0.000004750
      431         3  CONTA174          0.0005   0.000178847
      432         3  TARGE170          0.0000   0.000004639
      433         3  CONTA174          0.0007   0.000228528
      434         3  TARGE170          0.0000   0.000004139
      435         5  CONTA174          0.0007   0.000141158
      436         5  TARGE170          0.0000   0.000004475
      437         2  CONTA174          0.0003   0.000140146
      438         2  TARGE170          0.0000   0.000004667
      439         5  CONTA174          0.0010   0.000201542
      440         5  TARGE170          0.0000   0.000004533
      441         2  CONTA174          0.0003   0.000132000
      442         2  TARGE170          0.0000   0.000004729
      443         5  CONTA174          0.0008   0.000157067
      444         5  TARGE170          0.0001   0.000011458
      445         5  CONTA174          0.0007   0.000141517
      446         5  TARGE170          0.0000   0.000004325
      447         9  CONTA174          0.0013   0.000140167
      448         9  TARGE170          0.0000   0.000004125
      449         6  CONTA174          0.0013   0.000222118
      450         6  TARGE170          0.0000   0.000005028
      451         4  CONTA174          0.0007   0.000173615
      452         4  TARGE170          0.0000   0.000003698
      453         4  CONTA174          0.0010   0.000237833
      454         4  TARGE170          0.0000   0.000004250
      455         5  CONTA174          0.0012   0.000241933
      456         5  TARGE170          0.0000   0.000004058
      457         6  CONTA174          0.0012   0.000207736
      458         6  TARGE170          0.0000   0.000005250
      459         3  CONTA174          0.0011   0.000377486
      460         3  TARGE170          0.0000   0.000004417
      461       222  CONTA174          0.0788   0.000355096
      462       222  TARGE170          0.0012   0.000005380
      463        91  CONTA174          0.0151   0.000166164
      464        91  TARGE170          0.0005   0.000005617
      465        94  CONTA174          0.0145   0.000154013
      466        94  TARGE170          0.0005   0.000005560
      467        47  CONTA174          0.0164   0.000348358
      468        47  TARGE170          0.0003   0.000005389
      469         7  CONTA174          0.0014   0.000193506
      470         7  TARGE170          0.0000   0.000003982
      471         6  CONTA174          0.0010   0.000174993
      472         6  TARGE170          0.0000   0.000004271
      473         5  CONTA174          0.0011   0.000219267
      474         5  TARGE170          0.0000   0.000004242
      475        10  CONTA174          0.0012   0.000122867
      476        10  TARGE170          0.0000   0.000004929
      477         8  CONTA174          0.0021   0.000264391
      478         8  TARGE170          0.0000   0.000005141
      479         5  CONTA174          0.0005   0.000106725
      480         5  TARGE170          0.0000   0.000004333
      481         5  CONTA174          0.0068   0.001360125
      482         5  TARGE170          0.0000   0.000004275
      483         8  CONTA174          0.0012   0.000144260
      484         8  TARGE170          0.0000   0.000005349
      485         5  CONTA174          0.0005   0.000106750
      486         5  TARGE170          0.0000   0.000003675
      487         6  CONTA174          0.0011   0.000191229
      488         6  TARGE170          0.0000   0.000004653
      489        13  CONTA174          0.0012   0.000091891
      490        13  TARGE170          0.0001   0.000004192
      491         6  CONTA174          0.0007   0.000112208
      492         6  TARGE170          0.0000   0.000003681
      493         5  CONTA174          0.0005   0.000107475
      494         5  TARGE170          0.0000   0.000004158
      495         6  CONTA174          0.0006   0.000100465
      496         6  TARGE170          0.0000   0.000004514
      497         3  CONTA174          0.0007   0.000231569
      498         3  TARGE170          0.0000   0.000003806
      499         2  CONTA174          0.0010   0.000481521
      500         2  TARGE170          0.0000   0.000004229
      501         2  CONTA174          0.0008   0.000377562
      502         2  TARGE170          0.0000   0.000004542
      503         5  CONTA174          0.0004   0.000077892
      504         5  TARGE170          0.0000   0.000004733
      505         4  CONTA174          0.0007   0.000175188
      506         4  TARGE170          0.0000   0.000004594
      507         3  CONTA174          0.0003   0.000091208
      508         3  TARGE170          0.0000   0.000004375
      509         4  CONTA174          0.0004   0.000093844
      510         4  TARGE170          0.0000   0.000003750
      511         4  CONTA174          0.0007   0.000175271
      512         4  TARGE170          0.0000   0.000004146
      513         4  CONTA174          0.0013   0.000321615
      514         4  TARGE170          0.0000   0.000004052
      515         4  CONTA174          0.0008   0.000204000
      516         4  TARGE170          0.0000   0.000004104
      517         3  CONTA174          0.0003   0.000096181
      518         3  TARGE170          0.0000   0.000003792
      519         3  CONTA174          0.0006   0.000209875
      520         3  TARGE170          0.0000   0.000004111
      521         5  CONTA174          0.0007   0.000145008
      522         5  TARGE170          0.0000   0.000004300
      523         4  CONTA174          0.0015   0.000379708
      524         4  TARGE170          0.0000   0.000003771
      525         5  CONTA174          0.0004   0.000088983
      526         5  TARGE170          0.0000   0.000004117
      527         4  CONTA174          0.0006   0.000150740
      528         4  TARGE170          0.0000   0.000003854
      529         3  CONTA174          0.0006   0.000188069
      530         3  TARGE170          0.0000   0.000005222
      531         3  CONTA174          0.0008   0.000262222
      532         3  TARGE170          0.0000   0.000003792
      533         7  CONTA174          0.0008   0.000109185
      534         7  TARGE170          0.0000   0.000004619
      535         3  CONTA174          0.0008   0.000273319
      536         3  TARGE170          0.0000   0.000003861
      537         6  CONTA174          0.0007   0.000109417
      538         6  TARGE170          0.0000   0.000004049
      539         3  CONTA174          0.0011   0.000352861
      540         3  TARGE170          0.0000   0.000004139
      541         3  CONTA174          0.0004   0.000121833
      542         3  TARGE170          0.0000   0.000003653
      543         3  CONTA174          0.0006   0.000207861
      544         3  TARGE170          0.0000   0.000004222
      545         4  CONTA174          0.0005   0.000128740
      546         4  TARGE170          0.0000   0.000005427
      547         3  CONTA174          0.0003   0.000091681
      548         3  TARGE170          0.0000   0.000004139
      549         3  CONTA174          0.0005   0.000181764
      550         3  TARGE170          0.0000   0.000003847
      551         3  CONTA174          0.0007   0.000222389
      552         3  TARGE170          0.0000   0.000004028
      553         5  CONTA174          0.0010   0.000195792
      554         5  TARGE170          0.0000   0.000004175
      555         4  CONTA174          0.0006   0.000144760
      556         4  TARGE170          0.0000   0.000004115
      557         2  CONTA174          0.0011   0.000569146
      558         2  TARGE170          0.0000   0.000003667
      559         5  CONTA174          0.0045   0.000906125
      560         5  TARGE170          0.0000   0.000004158
      561         5  CONTA174          0.0009   0.000177575
      562         5  TARGE170          0.0000   0.000004708
      563         6  CONTA174          0.0006   0.000107278
      564         6  TARGE170          0.0001   0.000009819
      565         6  CONTA174          0.0007   0.000119201
      566         6  TARGE170          0.0000   0.000003986
      567         6  CONTA174          0.0009   0.000154667
      568         6  TARGE170          0.0000   0.000003833
      569         4  CONTA174          0.0004   0.000099646
      570         4  TARGE170          0.0000   0.000003740
      571         3  CONTA174          0.0005   0.000152972
      572         3  TARGE170          0.0000   0.000003972
      573         7  CONTA174          0.0011   0.000152732
      574         7  TARGE170          0.0000   0.000004119
      575         4  CONTA174          0.0007   0.000170229
      576         4  TARGE170          0.0000   0.000003927
      577         3  CONTA174          0.0003   0.000102403
      578         3  TARGE170          0.0000   0.000004222
      579         3  CONTA174          0.0008   0.000280736
      580         3  TARGE170          0.0000   0.000004167
      581         3  CONTA174          0.0004   0.000145611
      582         3  TARGE170          0.0000   0.000004153
      583         6  CONTA174          0.0011   0.000186896
      584         6  TARGE170          0.0000   0.000004160
      585         5  CONTA174          0.0005   0.000095492
      586         5  TARGE170          0.0000   0.000004167
      587         3  CONTA174          0.0003   0.000110417
      588         3  TARGE170          0.0000   0.000003708
      589         4  CONTA174          0.0005   0.000123302
      590         4  TARGE170          0.0000   0.000005583
      591         3  CONTA174          0.0004   0.000140458
      592         3  TARGE170          0.0000   0.000004347
      593         4  CONTA174          0.0005   0.000127260
      594         4  TARGE170          0.0000   0.000004198
      595         8  CONTA174          0.0012   0.000144370
      596         8  TARGE170          0.0000   0.000004984
      597         3  CONTA174          0.0005   0.000164972
      598         3  TARGE170          0.0000   0.000004292
      599         2  CONTA174          0.0005   0.000226271
      600         2  TARGE170          0.0000   0.000004312
      601         3  CONTA174          0.0009   0.000299972
      602         3  TARGE170          0.0000   0.000004153
      603         2  CONTA174          0.0003   0.000166729
      604         2  TARGE170          0.0000   0.000004917
      605         6  CONTA174          0.0010   0.000172319
      606         6  TARGE170          0.0000   0.000004410
      607         5  CONTA174          0.0007   0.000131050
      608         5  TARGE170          0.0000   0.000004375
      609       107  CONTA174          0.0077   0.000072200
      610       107  TARGE170          0.0004   0.000003811
      611       122  CONTA174          0.0100   0.000082070
      612       122  TARGE170          0.0005   0.000003810
      613       111  CONTA174          0.0090   0.000081090
      614       111  TARGE170          0.0004   0.000004000
      615       128  CONTA174          0.0125   0.000097872
      616       128  TARGE170          0.0005   0.000004226
      617       134  CONTA174          0.0092   0.000068407
      618       134  TARGE170          0.0005   0.000003884
      619       143  CONTA174          0.0103   0.000072238
      620       143  TARGE170          0.0005   0.000003814
      621       110  CONTA174          0.0117   0.000106686
      622       110  TARGE170          0.0004   0.000003725
      623       137  CONTA174          0.0199   0.000145419
      624       137  TARGE170          0.0005   0.000003681
 Elapsed Time at end of element matrix formulation = 16.2737202.         

  BLOCK LANCZOS CALCULATION OF UP TO    20 EIGENVECTORS.
  NUMBER OF EQUATIONS              =       240216
  MAXIMUM WAVEFRONT                =         1710
  MAXIMUM MODES STORED             =           20
  MINIMUM EIGENVALUE               =  0.00000E+00
  MAXIMUM EIGENVALUE               =  0.10000E+31



  Memory allocated on only this MPI rank (rank     0)
  -------------------------------------------------------------------
  Equation solver memory allocated                     =   134.089 MB
  Equation solver memory required for in-core mode     =   127.784 MB
  Equation solver memory required for out-of-core mode =    58.867 MB
  Total (solver and non-solver) memory allocated       =  1347.065 MB


  Total memory summed across all MPI ranks on this machines
  -------------------------------------------------------------------
  Equation solver memory allocated                     =  1325.280 MB
  Equation solver memory required for in-core mode     =  1263.057 MB
  Equation solver memory required for out-of-core mode =   578.381 MB
  Total (solver and non-solver) memory allocated       =  6774.143 MB

 *** NOTE ***                            ELAPSED TIME =      19.750   TIME= 15:02:25
 The Distributed Sparse Matrix Solver used by the Block Lanczos          
 eigensolver is currently running in the in-core memory mode.  This      
 memory mode uses the most amount of memory in order to avoid using the  
 hard drive as much as possible, which most often results in the         
 fastest solution time.  This mode is recommended if enough physical     
 memory is present to accommodate all of the solver data.                

  Process memory required for in-core LANCZOS Workspace             =     93.010086 MB
  Process memory required for out-of-core LANCZOS Workspace         =     2.685715 MB

  Total   memory required for in-core LANCZOS Workspace             =     929.474304 MB
  Total   memory required for out-of-core LANCZOS Workspace         =     27.784607 MB

  Lanczos Memory Mode : INCORE


  >> Shift # 1 :  | | | | | | | | |                  : 20 Eigenvalues Converged


 *** MAPDL - ENGINEERING ANALYSIS SYSTEM  RELEASE 2026 R1.02       26.1     ***
 Ansys Mechanical Enterprise Academic Research     
 01196637  VERSION=WINDOWS x64   15:02:30  OCT 04, 2026 Elapsed Time=     24.780

 powerboardsim_v1--Modale (B5)                                                 


 NEGATIVE FREQUENCY OF -0.3347E+00 SET TO ZERO
 NEGATIVE FREQUENCY OF -0.3185E+00 SET TO ZERO
 NEGATIVE FREQUENCY OF -0.2961E+00 SET TO ZERO
 NEGATIVE FREQUENCY OF -0.2734E+00 SET TO ZERO
 NEGATIVE FREQUENCY OF -0.2617E+00 SET TO ZERO
 NEGATIVE FREQUENCY OF -0.2541E+00 SET TO ZERO
 NEGATIVE FREQUENCY OF -0.2525E+00 SET TO ZERO
 NEGATIVE FREQUENCY OF -0.2348E+00 SET TO ZERO
 NEGATIVE FREQUENCY OF -0.2314E+00 SET TO ZERO
 NEGATIVE FREQUENCY OF -0.2228E+00 SET TO ZERO
 NEGATIVE FREQUENCY OF -0.2193E+00 SET TO ZERO
 NEGATIVE FREQUENCY OF -0.2156E+00 SET TO ZERO
 NEGATIVE FREQUENCY OF -0.2051E+00 SET TO ZERO
 NEGATIVE FREQUENCY OF -0.2044E+00 SET TO ZERO
 NEGATIVE FREQUENCY OF -0.1926E+00 SET TO ZERO
 NEGATIVE FREQUENCY OF -0.1721E+00 SET TO ZERO
 NEGATIVE FREQUENCY OF -0.1642E+00 SET TO ZERO
 NEGATIVE FREQUENCY OF -0.1322E+00 SET TO ZERO
 NEGATIVE FREQUENCY OF -0.1292E+00 SET TO ZERO
 NEGATIVE FREQUENCY OF -0.1229E+00 SET TO ZERO

 *** FREQUENCIES FROM BLOCK LANCZOS ITERATION ***

  MODE    FREQUENCY (HERTZ)      


    1     0.000000000000    
    2     0.000000000000    
    3     0.000000000000    
    4     0.000000000000    
    5     0.000000000000    
    6     0.000000000000    
    7     0.000000000000    
    8     0.000000000000    
    9     0.000000000000    
   10     0.000000000000    
   11     0.000000000000    
   12     0.000000000000    
   13     0.000000000000    
   14     0.000000000000    
   15     0.000000000000    
   16     0.000000000000    
   17     0.000000000000    
   18     0.000000000000    
   19     0.000000000000    
   20     0.000000000000    

 *** MAPDL - ENGINEERING ANALYSIS SYSTEM  RELEASE 2026 R1.02       26.1     ***
 Ansys Mechanical Enterprise Academic Research     
 01196637  VERSION=WINDOWS x64   15:02:31  OCT 04, 2026 Elapsed Time=     25.889

 powerboardsim_v1--Modale (B5)                                                 





          ***** PARTICIPATION FACTOR CALCULATION *****  X  DIRECTION
                                                                                  CUMULATIVE     RATIO EFF.MASS
  MODE   FREQUENCY       PERIOD      PARTIC.FACTOR     RATIO    EFFECTIVE MASS   MASS FRACTION   TO TOTAL MASS
     1     0.00000        0.0000        0.0000        0.000000     0.00000         0.00000         0.00000    
     2     0.00000        0.0000        0.0000        0.000000     0.00000         0.00000         0.00000    
     3     0.00000        0.0000       0.33923E-05    0.060383    0.115075E-10    0.363209E-02    0.456969E-10
     4     0.00000        0.0000        0.0000        0.000000     0.00000        0.363209E-02     0.00000    
     5     0.00000        0.0000        0.0000        0.000000     0.00000        0.363209E-02     0.00000    
     6     0.00000        0.0000        0.0000        0.000000     0.00000        0.363209E-02     0.00000    
     7     0.00000        0.0000        0.0000        0.000000     0.00000        0.363209E-02     0.00000    
     8     0.00000        0.0000        0.0000        0.000000     0.00000        0.363209E-02     0.00000    
     9     0.00000        0.0000        0.0000        0.000000     0.00000        0.363209E-02     0.00000    
    10     0.00000        0.0000        0.0000        0.000000     0.00000        0.363209E-02     0.00000    
    11     0.00000        0.0000       0.83720E-06    0.014902    0.700903E-12    0.385332E-02    0.278333E-11
    12     0.00000        0.0000        0.0000        0.000000     0.00000        0.385332E-02     0.00000    
    13     0.00000        0.0000        0.0000        0.000000     0.00000        0.385332E-02     0.00000    
    14     0.00000        0.0000        0.0000        0.000000     0.00000        0.385332E-02     0.00000    
    15     0.00000        0.0000        0.0000        0.000000     0.00000        0.385332E-02     0.00000    
    16     0.00000        0.0000        0.0000        0.000000     0.00000        0.385332E-02     0.00000    
    17     0.00000        0.0000      -0.56179E-04    1.000000    0.315606E-08     1.00000        0.125329E-07
    18     0.00000        0.0000        0.0000        0.000000     0.00000         1.00000         0.00000    
    19     0.00000        0.0000        0.0000        0.000000     0.00000         1.00000         0.00000    
    20     0.00000        0.0000        0.0000        0.000000     0.00000         1.00000         0.00000    
 -----------------------------------------------------------------------------------------------------------------
   sum                                                            0.316827E-08                    0.125814E-07
 -----------------------------------------------------------------------------------------------------------------



          ***** PARTICIPATION FACTOR CALCULATION *****  Y  DIRECTION
                                                                                  CUMULATIVE     RATIO EFF.MASS
  MODE   FREQUENCY       PERIOD      PARTIC.FACTOR     RATIO    EFFECTIVE MASS   MASS FRACTION   TO TOTAL MASS
     1     0.00000        0.0000        0.0000        0.000000     0.00000         0.00000         0.00000    
     2     0.00000        0.0000        0.0000        0.000000     0.00000         0.00000         0.00000    
     3     0.00000        0.0000      -0.48696E-05    0.060961    0.237131E-10    0.369634E-02    0.941663E-10
     4     0.00000        0.0000        0.0000        0.000000     0.00000        0.369634E-02     0.00000    
     5     0.00000        0.0000        0.0000        0.000000     0.00000        0.369634E-02     0.00000    
     6     0.00000        0.0000        0.0000        0.000000     0.00000        0.369634E-02     0.00000    
     7     0.00000        0.0000        0.0000        0.000000     0.00000        0.369634E-02     0.00000    
     8     0.00000        0.0000        0.0000        0.000000     0.00000        0.369634E-02     0.00000    
     9     0.00000        0.0000        0.0000        0.000000     0.00000        0.369634E-02     0.00000    
    10     0.00000        0.0000        0.0000        0.000000     0.00000        0.369634E-02     0.00000    
    11     0.00000        0.0000      -0.32589E-05    0.040798    0.106207E-10    0.535187E-02    0.421755E-10
    12     0.00000        0.0000        0.0000        0.000000     0.00000        0.535187E-02     0.00000    
    13     0.00000        0.0000        0.0000        0.000000     0.00000        0.535187E-02     0.00000    
    14     0.00000        0.0000        0.0000        0.000000     0.00000        0.535187E-02     0.00000    
    15     0.00000        0.0000        0.0000        0.000000     0.00000        0.535187E-02     0.00000    
    16     0.00000        0.0000        0.0000        0.000000     0.00000        0.535187E-02     0.00000    
    17     0.00000        0.0000      -0.79881E-04    1.000000    0.638095E-08     1.00000        0.253392E-07
    18     0.00000        0.0000        0.0000        0.000000     0.00000         1.00000         0.00000    
    19     0.00000        0.0000        0.0000        0.000000     0.00000         1.00000         0.00000    
    20     0.00000        0.0000        0.0000        0.000000     0.00000         1.00000         0.00000    
 -----------------------------------------------------------------------------------------------------------------
   sum                                                            0.641528E-08                    0.254755E-07
 -----------------------------------------------------------------------------------------------------------------



          ***** PARTICIPATION FACTOR CALCULATION *****  Z  DIRECTION
                                                                                  CUMULATIVE     RATIO EFF.MASS
  MODE   FREQUENCY       PERIOD      PARTIC.FACTOR     RATIO    EFFECTIVE MASS   MASS FRACTION   TO TOTAL MASS
     1     0.00000        0.0000        0.0000        0.000000     0.00000         0.00000         0.00000    
     2     0.00000        0.0000        0.0000        0.000000     0.00000         0.00000         0.00000    
     3     0.00000        0.0000      -0.79633E-05    0.003641    0.634135E-10    0.132578E-04    0.251819E-09
     4     0.00000        0.0000        0.0000        0.000000     0.00000        0.132578E-04     0.00000    
     5     0.00000        0.0000        0.0000        0.000000     0.00000        0.132578E-04     0.00000    
     6     0.00000        0.0000        0.0000        0.000000     0.00000        0.132578E-04     0.00000    
     7     0.00000        0.0000        0.0000        0.000000     0.00000        0.132578E-04     0.00000    
     8     0.00000        0.0000        0.0000        0.000000     0.00000        0.132578E-04     0.00000    
     9     0.00000        0.0000        0.0000        0.000000     0.00000        0.132578E-04     0.00000    
    10     0.00000        0.0000        0.0000        0.000000     0.00000        0.132578E-04     0.00000    
    11     0.00000        0.0000       0.25281E-05    0.001156    0.639151E-11    0.145940E-04    0.253811E-10
    12     0.00000        0.0000        0.0000        0.000000     0.00000        0.145940E-04     0.00000    
    13     0.00000        0.0000        0.0000        0.000000     0.00000        0.145940E-04     0.00000    
    14     0.00000        0.0000        0.0000        0.000000     0.00000        0.145940E-04     0.00000    
    15     0.00000        0.0000        0.0000        0.000000     0.00000        0.145940E-04     0.00000    
    16     0.00000        0.0000        0.0000        0.000000     0.00000        0.145940E-04     0.00000    
    17     0.00000        0.0000       0.21870E-02    1.000000    0.478304E-05     1.00000        0.189938E-04
    18     0.00000        0.0000        0.0000        0.000000     0.00000         1.00000         0.00000    
    19     0.00000        0.0000        0.0000        0.000000     0.00000         1.00000         0.00000    
    20     0.00000        0.0000        0.0000        0.000000     0.00000         1.00000         0.00000    
 -----------------------------------------------------------------------------------------------------------------
   sum                                                            0.478311E-05                    0.189941E-04
 -----------------------------------------------------------------------------------------------------------------



          ***** PARTICIPATION FACTOR CALCULATION *****ROTX DIRECTION
                                                                                  CUMULATIVE     RATIO EFF.MASS
  MODE   FREQUENCY       PERIOD      PARTIC.FACTOR     RATIO    EFFECTIVE MASS   MASS FRACTION   TO TOTAL MASS
     1     0.00000        0.0000        0.0000        0.000000     0.00000         0.00000         0.00000    
     2     0.00000        0.0000        0.0000        0.000000     0.00000         0.00000         0.00000    
     3     0.00000        0.0000      -0.56157E-06    0.007678    0.315365E-12    0.589439E-04    0.276354E-09
     4     0.00000        0.0000        0.0000        0.000000     0.00000        0.589439E-04     0.00000    
     5     0.00000        0.0000        0.0000        0.000000     0.00000        0.589439E-04     0.00000    
     6     0.00000        0.0000        0.0000        0.000000     0.00000        0.589439E-04     0.00000    
     7     0.00000        0.0000        0.0000        0.000000     0.00000        0.589439E-04     0.00000    
     8     0.00000        0.0000        0.0000        0.000000     0.00000        0.589439E-04     0.00000    
     9     0.00000        0.0000        0.0000        0.000000     0.00000        0.589439E-04     0.00000    
    10     0.00000        0.0000        0.0000        0.000000     0.00000        0.589439E-04     0.00000    
    11     0.00000        0.0000       0.24690E-06    0.003376    0.609599E-13    0.703377E-04    0.534191E-10
    12     0.00000        0.0000        0.0000        0.000000     0.00000        0.703377E-04     0.00000    
    13     0.00000        0.0000        0.0000        0.000000     0.00000        0.703377E-04     0.00000    
    14     0.00000        0.0000        0.0000        0.000000     0.00000        0.703377E-04     0.00000    
    15     0.00000        0.0000        0.0000        0.000000     0.00000        0.703377E-04     0.00000    
    16     0.00000        0.0000        0.0000        0.000000     0.00000        0.703377E-04     0.00000    
    17     0.00000        0.0000       0.73143E-04    1.000000    0.534988E-08     1.00000        0.468810E-05
    18     0.00000        0.0000        0.0000        0.000000     0.00000         1.00000         0.00000    
    19     0.00000        0.0000        0.0000        0.000000     0.00000         1.00000         0.00000    
    20     0.00000        0.0000        0.0000        0.000000     0.00000         1.00000         0.00000    
 -----------------------------------------------------------------------------------------------------------------
   sum                                                            0.535026E-08                    0.468843E-05
 -----------------------------------------------------------------------------------------------------------------



          ***** PARTICIPATION FACTOR CALCULATION *****ROTY DIRECTION
                                                                                  CUMULATIVE     RATIO EFF.MASS
  MODE   FREQUENCY       PERIOD      PARTIC.FACTOR     RATIO    EFFECTIVE MASS   MASS FRACTION   TO TOTAL MASS
     1     0.00000        0.0000        0.0000        0.000000     0.00000         0.00000         0.00000    
     2     0.00000        0.0000        0.0000        0.000000     0.00000         0.00000         0.00000    
     3     0.00000        0.0000       0.30831E-06    0.011277    0.950523E-13    0.127144E-03    0.213082E-09
     4     0.00000        0.0000        0.0000        0.000000     0.00000        0.127144E-03     0.00000    
     5     0.00000        0.0000        0.0000        0.000000     0.00000        0.127144E-03     0.00000    
     6     0.00000        0.0000        0.0000        0.000000     0.00000        0.127144E-03     0.00000    
     7     0.00000        0.0000        0.0000        0.000000     0.00000        0.127144E-03     0.00000    
     8     0.00000        0.0000        0.0000        0.000000     0.00000        0.127144E-03     0.00000    
     9     0.00000        0.0000        0.0000        0.000000     0.00000        0.127144E-03     0.00000    
    10     0.00000        0.0000        0.0000        0.000000     0.00000        0.127144E-03     0.00000    
    11     0.00000        0.0000      -0.49734E-07    0.001819    0.247349E-14    0.130452E-03    0.554490E-11
    12     0.00000        0.0000        0.0000        0.000000     0.00000        0.130452E-03     0.00000    
    13     0.00000        0.0000        0.0000        0.000000     0.00000        0.130452E-03     0.00000    
    14     0.00000        0.0000        0.0000        0.000000     0.00000        0.130452E-03     0.00000    
    15     0.00000        0.0000        0.0000        0.000000     0.00000        0.130452E-03     0.00000    
    16     0.00000        0.0000        0.0000        0.000000     0.00000        0.130452E-03     0.00000    
    17     0.00000        0.0000      -0.27340E-04    1.000000    0.747500E-09     1.00000        0.167570E-05
    18     0.00000        0.0000        0.0000        0.000000     0.00000         1.00000         0.00000    
    19     0.00000        0.0000        0.0000        0.000000     0.00000         1.00000         0.00000    
    20     0.00000        0.0000        0.0000        0.000000     0.00000         1.00000         0.00000    
 -----------------------------------------------------------------------------------------------------------------
   sum                                                            0.747598E-09                    0.167591E-05
 -----------------------------------------------------------------------------------------------------------------



          ***** PARTICIPATION FACTOR CALCULATION *****ROTZ DIRECTION
                                                                                  CUMULATIVE     RATIO EFF.MASS
  MODE   FREQUENCY       PERIOD      PARTIC.FACTOR     RATIO    EFFECTIVE MASS   MASS FRACTION   TO TOTAL MASS
     1     0.00000        0.0000        0.0000        0.000000     0.00000         0.00000         0.00000    
     2     0.00000        0.0000        0.0000        0.000000     0.00000         0.00000         0.00000    
     3     0.00000        0.0000      -0.42763E-06    0.246136    0.182866E-12    0.566892E-01    0.119632E-09
     4     0.00000        0.0000        0.0000        0.000000     0.00000        0.566892E-01     0.00000    
     5     0.00000        0.0000        0.0000        0.000000     0.00000        0.566892E-01     0.00000    
     6     0.00000        0.0000        0.0000        0.000000     0.00000        0.566892E-01     0.00000    
     7     0.00000        0.0000        0.0000        0.000000     0.00000        0.566892E-01     0.00000    
     8     0.00000        0.0000        0.0000        0.000000     0.00000        0.566892E-01     0.00000    
     9     0.00000        0.0000        0.0000        0.000000     0.00000        0.566892E-01     0.00000    
    10     0.00000        0.0000        0.0000        0.000000     0.00000        0.566892E-01     0.00000    
    11     0.00000        0.0000      -0.15641E-06    0.090028    0.244645E-13    0.642733E-01    0.160048E-10
    12     0.00000        0.0000        0.0000        0.000000     0.00000        0.642733E-01     0.00000    
    13     0.00000        0.0000        0.0000        0.000000     0.00000        0.642733E-01     0.00000    
    14     0.00000        0.0000        0.0000        0.000000     0.00000        0.642733E-01     0.00000    
    15     0.00000        0.0000        0.0000        0.000000     0.00000        0.642733E-01     0.00000    
    16     0.00000        0.0000        0.0000        0.000000     0.00000        0.642733E-01     0.00000    
    17     0.00000        0.0000       0.17374E-05    1.000000    0.301843E-11     1.00000        0.197467E-08
    18     0.00000        0.0000        0.0000        0.000000     0.00000         1.00000         0.00000    
    19     0.00000        0.0000        0.0000        0.000000     0.00000         1.00000         0.00000    
    20     0.00000        0.0000        0.0000        0.000000     0.00000         1.00000         0.00000    
 -----------------------------------------------------------------------------------------------------------------
   sum                                                            0.322576E-11                    0.211031E-08
 -----------------------------------------------------------------------------------------------------------------





 *** NOTE ***                            ELAPSED TIME =      25.992   TIME= 15:02:31
 The modes requested are mass normalized (Nrmkey on MODOPT).  However,   
 the modal masses and kinetic energies below are calculated with unit    
 normalized modes.                                                       

        ***** MODAL MASSES, KINETIC ENERGIES, AND TRANSLATIONAL EFFECTIVE MASSES SUMMARY *****

                                                                         EFFECTIVE MASS
  MODE  FREQUENCY   MODAL MASS     KENE      |      X-DIR      RATIO%   Y-DIR      RATIO%   Z-DIR      RATIO% 
     1   0.000      0.1503E-07   0.000       |     0.000        0.00   0.000        0.00   0.000        0.00
     2   0.000      0.1503E-07   0.000       |     0.000        0.00   0.000        0.00   0.000        0.00
     3   0.000      0.1503E-07   0.000       |    0.1151E-10    0.00  0.2371E-10    0.00  0.6341E-10    0.00
     4   0.000      0.1503E-07   0.000       |     0.000        0.00   0.000        0.00   0.000        0.00
     5   0.000      0.1503E-07   0.000       |     0.000        0.00   0.000        0.00   0.000        0.00
     6   0.000      0.1503E-07   0.000       |     0.000        0.00   0.000        0.00   0.000        0.00
     7   0.000      0.1503E-07   0.000       |     0.000        0.00   0.000        0.00   0.000        0.00
     8   0.000      0.1503E-07   0.000       |     0.000        0.00   0.000        0.00   0.000        0.00
     9   0.000      0.1503E-07   0.000       |     0.000        0.00   0.000        0.00   0.000        0.00
    10   0.000      0.1503E-07   0.000       |     0.000        0.00   0.000        0.00   0.000        0.00
    11   0.000      0.1503E-07   0.000       |    0.7009E-12    0.00  0.1062E-10    0.00  0.6392E-11    0.00
    12   0.000      0.1503E-07   0.000       |     0.000        0.00   0.000        0.00   0.000        0.00
    13   0.000      0.3000E-07   0.000       |     0.000        0.00   0.000        0.00   0.000        0.00
    14   0.000      0.1503E-07   0.000       |     0.000        0.00   0.000        0.00   0.000        0.00
    15   0.000      0.1503E-07   0.000       |     0.000        0.00   0.000        0.00   0.000        0.00
    16   0.000      0.1503E-07   0.000       |     0.000        0.00   0.000        0.00   0.000        0.00
    17   0.000      0.3177E-06   0.000       |    0.3156E-08    0.00  0.6381E-08    0.00  0.4783E-05    0.00
    18   0.000      0.1503E-07   0.000       |     0.000        0.00   0.000        0.00   0.000        0.00
    19   0.000      0.1503E-07   0.000       |     0.000        0.00   0.000        0.00   0.000        0.00
    20   0.000      0.1503E-07   0.000       |     0.000        0.00   0.000        0.00   0.000        0.00
 --------------------------------------------------------------------------------------------------------------
   sum                                       |    0.3168E-08    0.00  0.6415E-08    0.00  0.4783E-05    0.00
 --------------------------------------------------------------------------------------------------------------


 *** MAPDL BINARY FILE STATISTICS
  BUFFER SIZE USED= 16384
       15.188 MB WRITTEN ON ELEMENT SAVED DATA FILE: file0.esav
       36.688 MB WRITTEN ON ASSEMBLED MATRIX FILE: file0.full
        4.938 MB WRITTEN ON MODAL MATRIX FILE: file0.mode
        7.625 MB WRITTEN ON RESULTS FILE: file0.rst
 *************** Write FE CONNECTORS *********

 WRITE OUT CONSTRAINT EQUATIONS TO FILE= file.ce                                                                                                                                                                                                                                                             

 *GET  _NMODALSOLPROC  FROM  ACTI  ITEM=NUMC       VALUE=  12.0000000    

 FINISH SOLUTION PROCESSING


 ***** ROUTINE COMPLETED *****  ELAPSED TIME =        29.026



 PRINTOUT RESUMED BY /GOP

 *GET  _WALLASOL  FROM  ACTI  ITEM=TIME WALL  VALUE= 0.806573920E-02

 *** MAPDL - ENGINEERING ANALYSIS SYSTEM  RELEASE 2026 R1.02       26.1     ***
 Ansys Mechanical Enterprise Academic Research     
 01196637  VERSION=WINDOWS x64   15:02:34  OCT 04, 2026 Elapsed Time=     29.059

 powerboardsim_v1--Modale (B5)                                                 



          ***** MAPDL RESULTS INTERPRETATION (POST1) *****

 *** NOTE ***                            ELAPSED TIME =      29.060   TIME= 15:02:34
 Reading results into the database (SET command) will update the current 
 displacement and force boundary conditions in the database with the     
 values from the results file for that load set.  Note that any          
 subsequent solutions will use these values unless action is taken to    
 either SAVE the current values or not overwrite them (/EXIT,NOSAVE).    

 PRINTOUT RESUMED BY /GOP

 Set Encoding of XML File to:ISO-8859-1

 Set Output of XML File to:
     PARM,     ,     ,     ,     ,     ,     ,     ,     ,     ,     ,     ,
         ,     ,     ,     ,     ,     ,     ,

 DATABASE WRITTEN ON FILE  parm.xml                                                                                                                                                                                                                                                            

 EXIT THE MAPDL POST1 DATABASE PROCESSOR


 ***** ROUTINE COMPLETED *****  ELAPSED TIME =        29.315



 PRINTOUT RESUMED BY /GOP

 *GET  _WALLDONE  FROM  ACTI  ITEM=TIME WALL  VALUE= 0.814318175E-02

 PARAMETER _PREPTIME =    0.6276180417    

 PARAMETER _SOLVTIME =     21.29515608    

 PARAMETER _POSTTIME =    0.2787931667    

 PARAMETER _TOTALTIM =     22.20156729    

 *GET  _DLBRATIO  FROM  ACTI  ITEM=SOLU DLBR  VALUE=  2.36335491    

 *GET  _COMBTIME  FROM  ACTI  ITEM=SOLU COMB  VALUE=  1.49396933    

 *GET  _SSMODE   FROM  ACTI  ITEM=SOLU SSMM  VALUE=  2.00000000    

 *GET  _NDOFS    FROM  ACTI  ITEM=SOLU NDOF  VALUE=  240216.000    

 /FCLEAN COMMAND REMOVING ALL LOCAL FILES
 --- Total number of nodes = 95215
 --- Total number of elements = 50661
 --- Element load balance ratio = 2.36335491
 --- Time to combine distributed files = 1.49396933
 --- Sparse memory mode = 2
 --- Number of DOF = 240216

 EXIT MAPDL WITHOUT SAVING DATABASE


 NUMBER OF WARNING MESSAGES ENCOUNTERED=          5
 NUMBER OF ERROR   MESSAGES ENCOUNTERED=          0

+--------------------- M A P D L   S T A T I S T I C S ------------------------+

Release: 2026 R1.02         Build: 26.1       Update: UP20260202   Platform: WINDOWS x64 
Date Run: 10/04/2026   Time: 15:02     Process ID: 10332
Operating System: Windows 11  (Build: 26200)

Processor Model:                           Virtual CPU @ 3.20GHz

Compiler: Intel(R) Fortran Compiler Classic Version 2021.9  (Build: 20230302)
          Intel(R) C/C++ Compiler Classic Version 2021.9  (Build: 20230302)
          AOCL-BLAS 5.1.1 Build 20251008
          Intel(R) oneAPI Math Kernel Library Version 2024.2.3-Product Build 20250403

Number of machines requested            :    1
Total number of cores available         :   14
Number of physical cores available      :   14
Number of processes requested           :   12
Number of threads per process requested :    1
Total number of cores requested         :   12 (Distributed Memory Parallel)               
MPI Type: INTELMPI
MPI Version: Intel(R) MPI Library 2021.16 for Windows* OS


GPU Acceleration: Not Requested

Job Name: file0
Input File: dummy.dat

  Core                Machine Name   Working Directory
 -----------------------------------------------------
     0             MARCDNICHITBF25   Z:\Developer\MIT_Rkt_Team\2026-7\MIT-RT-26_27-Work\simulation_work\avionics\powerboardsim\1\_ProjectScratch\ScrF06E
     1             MARCDNICHITBF25   Z:\Developer\MIT_Rkt_Team\2026-7\MIT-RT-26_27-Work\simulation_work\avionics\powerboardsim\1\_ProjectScratch\ScrF06E
     2             MARCDNICHITBF25   Z:\Developer\MIT_Rkt_Team\2026-7\MIT-RT-26_27-Work\simulation_work\avionics\powerboardsim\1\_ProjectScratch\ScrF06E
     3             MARCDNICHITBF25   Z:\Developer\MIT_Rkt_Team\2026-7\MIT-RT-26_27-Work\simulation_work\avionics\powerboardsim\1\_ProjectScratch\ScrF06E
     4             MARCDNICHITBF25   Z:\Developer\MIT_Rkt_Team\2026-7\MIT-RT-26_27-Work\simulation_work\avionics\powerboardsim\1\_ProjectScratch\ScrF06E
     5             MARCDNICHITBF25   Z:\Developer\MIT_Rkt_Team\2026-7\MIT-RT-26_27-Work\simulation_work\avionics\powerboardsim\1\_ProjectScratch\ScrF06E
     6             MARCDNICHITBF25   Z:\Developer\MIT_Rkt_Team\2026-7\MIT-RT-26_27-Work\simulation_work\avionics\powerboardsim\1\_ProjectScratch\ScrF06E
     7             MARCDNICHITBF25   Z:\Developer\MIT_Rkt_Team\2026-7\MIT-RT-26_27-Work\simulation_work\avionics\powerboardsim\1\_ProjectScratch\ScrF06E
     8             MARCDNICHITBF25   Z:\Developer\MIT_Rkt_Team\2026-7\MIT-RT-26_27-Work\simulation_work\avionics\powerboardsim\1\_ProjectScratch\ScrF06E
     9             MARCDNICHITBF25   Z:\Developer\MIT_Rkt_Team\2026-7\MIT-RT-26_27-Work\simulation_work\avionics\powerboardsim\1\_ProjectScratch\ScrF06E
    10             MARCDNICHITBF25   Z:\Developer\MIT_Rkt_Team\2026-7\MIT-RT-26_27-Work\simulation_work\avionics\powerboardsim\1\_ProjectScratch\ScrF06E
    11             MARCDNICHITBF25   Z:\Developer\MIT_Rkt_Team\2026-7\MIT-RT-26_27-Work\simulation_work\avionics\powerboardsim\1\_ProjectScratch\ScrF06E
 
Latency time from master to core     1 =   33.653 microseconds
Latency time from master to core     2 =   37.399 microseconds
Latency time from master to core     3 =   31.193 microseconds
Latency time from master to core     4 =   34.806 microseconds
Latency time from master to core     5 =   30.969 microseconds
Latency time from master to core     6 =   37.100 microseconds
Latency time from master to core     7 =   36.560 microseconds
Latency time from master to core     8 =   41.443 microseconds
Latency time from master to core     9 =   38.946 microseconds
Latency time from master to core    10 =   31.238 microseconds
Latency time from master to core    11 =   29.733 microseconds
 
Communication speed from master to core     1 =  1843.99 MB/sec
Communication speed from master to core     2 =  2050.32 MB/sec
Communication speed from master to core     3 =  1856.29 MB/sec
Communication speed from master to core     4 =  1805.74 MB/sec
Communication speed from master to core     5 =  1685.72 MB/sec
Communication speed from master to core     6 =  1888.22 MB/sec
Communication speed from master to core     7 =  1701.11 MB/sec
Communication speed from master to core     8 =  1935.96 MB/sec
Communication speed from master to core     9 =  1892.00 MB/sec
Communication speed from master to core    10 =  1794.46 MB/sec
Communication speed from master to core    11 =  2045.38 MB/sec

Total CPU time for main thread                    :       21.7 seconds
Total CPU time summed for all threads             :       41.1 seconds

Elapsed time spent obtaining a license            :        0.5 seconds
Elapsed time spent pre-processing model (/PREP7)  :        0.6 seconds
Elapsed time spent solution - preprocessing       :        3.2 seconds
Elapsed time spent computing solution             :       14.3 seconds
   Elapsed time in element formation & assembly   :        3.3 seconds
   Elapsed time in equation solver                :        8.9 seconds
   Elapsed time in element result calculations    :        0.7 seconds
Elapsed time spent solution - postprocessing      :        1.5 seconds
Elapsed time spent post-processing model (/POST1) :        0.3 seconds
 
Eigensolver used                                  :            Block Lanczos
Sparse direct equation solver computational rate  :       83.8 Gflops
Sparse direct equation solver effective I/O rate  :       28.8 GB/sec

Sum of disk space used on all processes           :      710.9 MB

Sum of memory used on all processes               :     3847.0 MB
Sum of memory allocated on all processes          :     6784.0 MB
Physical memory available                         :        112 GB
Total amount of I/O written to disk               :        0.4 GB
Total amount of I/O read from disk                :        0.2 GB

+------------------ E N D   M A P D L   S T A T I S T I C S -------------------+


 *-----------------------------------------------------------------------------*
 |                                                                             |
 |                               RUN COMPLETED                                 |
 |                                                                             |
 |-----------------------------------------------------------------------------|
 |                                                                             |
 |  Ansys MAPDL 2026 R1.02      Build 26.1         UP20260202    WINDOWS x64   |
 |                                                                             |
 |-----------------------------------------------------------------------------|
 |                                                                             |
 |  Database Requested(-db)     1024 MB     Scratch Memory Requested   1024 MB |
 |  Max Database Used(Master)    106 MB     Max Scratch Used(Master)    409 MB |
 |  Max Database Used(Workers)     1 MB     Max Scratch Used(Workers)   421 MB |
 |  Sum Database Used(All)       117 MB     Sum Scratch Used(All)      3730 MB |
 |                                                                             |
 |-----------------------------------------------------------------------------|
 |                                                                             |
 |        CP Time      (sec) =         41.062       Time  =  15:02:51          |
 |        Elapsed Time (sec) =         46.172       Date  =  10/04/2026        |
 |                                                                             |
 *-----------------------------------------------------------------------------*
