node,x_mm,y_mm,z_mm,ux_mm,uy_mm,uz_mm
       1.,  0.88907483E+01,  0.19809384E+02, -0.11976790E+01,  0.61998745E-03,  0.35977513E-02,  0.15940362E-03
       2.,  0.90216325E+01,  0.19933067E+02, -0.11976790E+01,  0.59010301E-03,  0.35566082E-02,  0.16524130E-03
       3.,  0.91795178E+01,  0.20062336E+02, -0.11976790E+01,  0.56694337E-03,  0.34843097E-02,  0.16161885E-03
       4.,  0.93688664E+01,  0.20193475E+02, -0.11976790E+01,  0.55883709E-03,  0.33736722E-02,  0.15774569E-03
       5.,  0.95933411E+01,  0.20320634E+02, -0.11976790E+01,  0.57462175E-03,  0.32236649E-02,  0.15396833E-03
       6.,  0.98545190E+01,  0.20435670E+02, -0.11976790E+01,  0.62297317E-03,  0.30440531E-02,  0.15131367E-03
       7.,  0.10150303E+02,  0.20528699E+02, -0.11976790E+01,  0.70444342E-03,  0.28613451E-02,  0.14956149E-03
       8.,  0.10473624E+02,  0.20589699E+02, -0.11976790E+01,  0.80702687E-03,  0.27132838E-02,  0.14751518E-03
       9.,  0.10812349E+02,  0.20610999E+02, -0.11976790E+01,  0.90664850E-03,  0.26323277E-02,  0.14545841E-03
      10.,  0.11151074E+02,  0.20589699E+02, -0.11976790E+01,  0.97596142E-03,  0.26262990E-02,  0.14415454E-03
      11.,  0.11474394E+02,  0.20528699E+02, -0.11976790E+01,  0.99635183E-03,  0.26735438E-02,  0.14340826E-03
      12.,  0.11770179E+02,  0.20435670E+02, -0.11976790E+01,  0.96507439E-03,  0.27381724E-02,  0.14202227E-03
      13.,  0.12031357E+02,  0.20320634E+02, -0.11976790E+01,  0.89258755E-03,  0.27899874E-02,  0.14057838E-03
      14.,  0.12255831E+02,  0.20193475E+02, -0.11976790E+01,  0.79547578E-03,  0.28144146E-02,  0.13867939E-03
      15.,  0.12445180E+02,  0.20062336E+02, -0.11976790E+01,  0.68869076E-03,  0.28101833E-02,  0.13902446E-03
      16.,  0.12603065E+02,  0.19933067E+02, -0.11976790E+01,  0.58337999E-03,  0.27832905E-02,  0.13734901E-03
      17.,  0.12733950E+02,  0.19809384E+02, -0.11976790E+01,  0.48561133E-03,  0.27413534E-02,  0.14169519E-03
      18.,  0.12856786E+02,  0.19676715E+02, -0.11976790E+01,  0.38630728E-03,  0.26833941E-02,  0.14059521E-03
      19.,  0.12984638E+02,  0.19517209E+02, -0.11976790E+01,  0.27595727E-03,  0.26009168E-02,  0.14389430E-03
      20.,  0.13113701E+02,  0.19326645E+02, -0.11976790E+01,  0.15877982E-03,  0.24916155E-02,  0.14529217E-03
      21.,  0.13238114E+02,  0.19101688E+02, -0.11976790E+01,  0.41089527E-04,  0.23558551E-02,  0.14617985E-03
      22.,  0.13349872E+02,  0.18841125E+02, -0.11976790E+01, -0.68670834E-04,  0.21986249E-02,  0.14638114E-03
      23.,  0.13439432E+02,  0.18547351E+02, -0.11976790E+01, -0.16214181E-03,  0.20296832E-02,  0.14645618E-03
      24.,  0.13497286E+02,  0.18227513E+02, -0.11976790E+01, -0.23381355E-03,  0.18614655E-02,  0.14673819E-03
      25.,  0.13516315E+02,  0.17893479E+02, -0.11976790E+01, -0.28272632E-03,  0.17059053E-02,  0.14726482E-03
      26.,  0.13493999E+02,  0.17560060E+02, -0.11976790E+01, -0.31219268E-03,  0.15711954E-02,  0.14775635E-03
      27.,  0.13433285E+02,  0.17241936E+02, -0.11976790E+01, -0.32749895E-03,  0.14605672E-02,  0.14802081E-03
      28.,  0.13341575E+02,  0.16950635E+02, -0.11976790E+01, -0.33362083E-03,  0.13731875E-02,  0.14811325E-03
      29.,  0.13228459E+02,  0.16692904E+02, -0.11976790E+01, -0.33417612E-03,  0.13059954E-02,  0.14813409E-03
      30.,  0.13103404E+02,  0.16470794E+02, -0.11976790E+01, -0.33145200E-03,  0.12552599E-02,  0.14813377E-03
      31.,  0.12974251E+02,  0.16282870E+02, -0.11976790E+01, -0.32681630E-03,  0.12174575E-02,  0.14812908E-03
      32.,  0.12846686E+02,  0.16125683E+02, -0.11976790E+01, -0.32109184E-03,  0.11896064E-02,  0.14812436E-03
      33.,  0.12724366E+02,  0.15994982E+02, -0.11976790E+01, -0.31481557E-03,  0.11693421E-02,  0.14812022E-03
      34.,  0.12592945E+02,  0.15872032E+02, -0.11976790E+01, -0.30732690E-03,  0.11530221E-02,  0.14811665E-03
      35.,  0.12434749E+02,  0.15743799E+02, -0.11976790E+01, -0.29736680E-03,  0.11394213E-02,  0.14811291E-03
      36.,  0.12245466E+02,  0.15614012E+02, -0.11976790E+01, -0.28416496E-03,  0.11303604E-02,  0.14810959E-03
      37.,  0.12021615E+02,  0.15488468E+02, -0.11976790E+01, -0.26674164E-03,  0.11282417E-02,  0.14810685E-03
      38.,  0.11761787E+02,  0.15375165E+02, -0.11976790E+01, -0.24397884E-03,  0.11360108E-02,  0.14810471E-03
      39.,  0.11468165E+02,  0.15283734E+02, -0.11976790E+01, -0.21477571E-03,  0.11568206E-02,  0.14810311E-03
      40.,  0.11147739E+02,  0.15223880E+02, -0.11976790E+01, -0.17832980E-03,  0.11933163E-02,  0.14810176E-03
      41.,  0.10812349E+02,  0.15202999E+02, -0.11976790E+01, -0.13448231E-03,  0.12466487E-02,  0.14810010E-03
      42.,  0.10476959E+02,  0.15223880E+02, -0.11976790E+01, -0.83974788E-04,  0.13156754E-02,  0.14809755E-03
      43.,  0.10156533E+02,  0.15283734E+02, -0.11976790E+01, -0.28443255E-04,  0.13969308E-02,  0.14809398E-03
      44.,  0.98629112E+01,  0.15375165E+02, -0.11976790E+01,  0.29900266E-04,  0.14855229E-02,  0.14808992E-03
      45.,  0.96030834E+01,  0.15488468E+02, -0.11976790E+01,  0.88751971E-04,  0.15764493E-02,  0.14808609E-03
      46.,  0.93792318E+01,  0.15614012E+02, -0.11976790E+01,  0.14613445E-03,  0.16656270E-02,  0.14808310E-03
      47.,  0.91899489E+01,  0.15743799E+02, -0.11976790E+01,  0.20060921E-03,  0.17503051E-02,  0.14808104E-03
      48.,  0.90317525E+01,  0.15872032E+02, -0.11976790E+01,  0.25129835E-03,  0.18289787E-02,  0.14807988E-03
      49.,  0.89003322E+01,  0.15994982E+02, -0.11976790E+01,  0.29776674E-03,  0.19010477E-02,  0.14808151E-03
      50.,  0.87780118E+01,  0.16125683E+02, -0.11976790E+01,  0.34537282E-03,  0.19749954E-02,  0.14808564E-03
      51.,  0.86504468E+01,  0.16282870E+02, -0.11976790E+01,  0.40059923E-03,  0.20612781E-02,  0.14809772E-03
      52.,  0.85212943E+01,  0.16470794E+02, -0.11976790E+01,  0.46397903E-03,  0.21617655E-02,  0.14812883E-03
      53.,  0.83962388E+01,  0.16692904E+02, -0.11976790E+01,  0.53524620E-03,  0.22782806E-02,  0.14820506E-03
      54.,  0.82831228E+01,  0.16950635E+02, -0.11976790E+01,  0.61252911E-03,  0.24122192E-02,  0.14838655E-03
      55.,  0.81914125E+01,  0.17241936E+02, -0.11976790E+01,  0.69142756E-03,  0.25638882E-02,  0.14875544E-03
      56.,  0.81306984E+01,  0.17560060E+02, -0.11976790E+01,  0.76448952E-03,  0.27314027E-02,  0.14926069E-03
      57.,  0.81083827E+01,  0.17893479E+02, -0.11976790E+01,  0.82207854E-03,  0.29093409E-02,  0.14972253E-03
      58.,  0.81274120E+01,  0.18227513E+02, -0.11976790E+01,  0.85534017E-03,  0.30880167E-02,  0.14996563E-03
      59.,  0.81852658E+01,  0.18547351E+02, -0.11976790E+01,  0.86013289E-03,  0.32546546E-02,  0.15014573E-03
      60.,  0.82748255E+01,  0.18841125E+02, -0.11976790E+01,  0.83894536E-03,  0.33966334E-02,  0.15072820E-03
      61.,  0.83865843E+01,  0.19101688E+02, -0.11976790E+01,  0.79925893E-03,  0.35050500E-02,  0.15233335E-03
      62.,  0.85109971E+01,  0.19326645E+02, -0.11976790E+01,  0.75027870E-03,  0.35763707E-02,  0.15568220E-03
      63.,  0.86400595E+01,  0.19517209E+02, -0.11976790E+01,  0.70057443E-03,  0.36118093E-02,  0.15951221E-03
      64.,  0.87679120E+01,  0.19676715E+02, -0.11976790E+01,  0.65613500E-03,  0.36165113E-02,  0.16496083E-03
      65.,  0.85521705E+01,  0.20144576E+02, -0.11976790E+01,  0.65696997E-03,  0.36810260E-02,  0.13588210E-03
      66.,  0.87061158E+01,  0.20290051E+02, -0.11976790E+01,  0.65141314E-03,  0.36653751E-02,  0.12344054E-03
      67.,  0.88918198E+01,  0.20442097E+02, -0.11976790E+01,  0.66272563E-03,  0.36133897E-02,  0.12762844E-03
      68.,  0.91145309E+01,  0.20596343E+02, -0.11976790E+01,  0.69564781E-03,  0.35110140E-02,  0.13350265E-03
      69.,  0.93785571E+01,  0.20745907E+02, -0.11976790E+01,  0.75382601E-03,  0.33480854E-02,  0.13885413E-03
      70.,  0.96857534E+01,  0.20881211E+02, -0.11976790E+01,  0.83042824E-03,  0.31323827E-02,  0.14278129E-03
      71.,  0.10033654E+02,  0.20990632E+02, -0.11976790E+01,  0.91005008E-03,  0.28982298E-02,  0.14565576E-03
      72.,  0.10413942E+02,  0.21062380E+02, -0.11976790E+01,  0.97509218E-03,  0.27039258E-02,  0.14932975E-03
      73.,  0.10812349E+02,  0.21087432E+02, -0.11976790E+01,  0.10154917E-02,  0.26037495E-02,  0.15290867E-03
      74.,  0.11210756E+02,  0.21062380E+02, -0.11976790E+01,  0.10314780E-02,  0.26101477E-02,  0.15502504E-03
      75.,  0.11591044E+02,  0.20990632E+02, -0.11976790E+01,  0.10269489E-02,  0.26844661E-02,  0.15605776E-03
      76.,  0.11938944E+02,  0.20881211E+02, -0.11976790E+01,  0.10021886E-02,  0.27676005E-02,  0.15831458E-03
      77.,  0.12246141E+02,  0.20745907E+02, -0.11976790E+01,  0.95558329E-03,  0.28170964E-02,  0.16062086E-03
      78.,  0.12510167E+02,  0.20596343E+02, -0.11976790E+01,  0.88753767E-03,  0.28194280E-02,  0.16370969E-03
      79.,  0.12732878E+02,  0.20442097E+02, -0.11976790E+01,  0.80369985E-03,  0.27818890E-02,  0.16299907E-03
      80.,  0.12918582E+02,  0.20290051E+02, -0.11976790E+01,  0.71095880E-03,  0.27187487E-02,  0.16619319E-03
      81.,  0.13072527E+02,  0.20144576E+02, -0.11976790E+01,  0.61680406E-03,  0.26435399E-02,  0.15774527E-03
      82.,  0.13217007E+02,  0.19988531E+02, -0.11976790E+01,  0.51313101E-03,  0.25537558E-02,  0.16056234E-03
      83.,  0.13367387E+02,  0.19800921E+02, -0.11976790E+01,  0.38967300E-03,  0.24417765E-02,  0.15491223E-03
      84.,  0.13519189E+02,  0.19576781E+02, -0.11976790E+01,  0.24903465E-03,  0.23099862E-02,  0.15247451E-03
      85.,  0.13665523E+02,  0.19312187E+02, -0.11976790E+01,  0.99488585E-04,  0.21651288E-02,  0.15120421E-03
      86.,  0.13796973E+02,  0.19005714E+02, -0.11976790E+01, -0.45773336E-04,  0.20170118E-02,  0.15102929E-03
      87.,  0.13902313E+02,  0.18660178E+02, -0.11976790E+01, -0.17130760E-03,  0.18753392E-02,  0.15099089E-03
      88.,  0.13970360E+02,  0.18283987E+02, -0.11976790E+01, -0.26485166E-03,  0.17471254E-02,  0.15052076E-03
      89.,  0.13992743E+02,  0.17891097E+02, -0.11976790E+01, -0.32272460E-03,  0.16349914E-02,  0.14953346E-03
      90.,  0.13966495E+02,  0.17498931E+02, -0.11976790E+01, -0.35018023E-03,  0.15383789E-02,  0.14862526E-03
      91.,  0.13895083E+02,  0.17124755E+02, -0.11976790E+01, -0.35703162E-03,  0.14557682E-02,  0.14818084E-03
      92.,  0.13787214E+02,  0.16782128E+02, -0.11976790E+01, -0.35262849E-03,  0.13858888E-02,  0.14805449E-03
      93.,  0.13654167E+02,  0.16478985E+02, -0.11976790E+01, -0.34342980E-03,  0.13277005E-02,  0.14803609E-03
      94.,  0.13507078E+02,  0.16217741E+02, -0.11976790E+01, -0.33302349E-03,  0.12800852E-02,  0.14804352E-03
      95.,  0.13355169E+02,  0.15996705E+02, -0.11976790E+01, -0.32307888E-03,  0.12417517E-02,  0.14805451E-03
      96.,  0.13205128E+02,  0.15811822E+02, -0.11976790E+01, -0.31422401E-03,  0.12113297E-02,  0.14806399E-03
      97.,  0.13061255E+02,  0.15658093E+02, -0.11976790E+01, -0.30657008E-03,  0.11874789E-02,  0.14807178E-03
      98.,  0.12906679E+02,  0.15513479E+02, -0.11976790E+01, -0.29917287E-03,  0.11666547E-02,  0.14807832E-03
      99.,  0.12720609E+02,  0.15362652E+02, -0.11976790E+01, -0.29125227E-03,  0.11472779E-02,  0.14808511E-03
     100.,  0.12497975E+02,  0.15209997E+02, -0.11976790E+01, -0.28289106E-03,  0.11313387E-02,  0.14809100E-03
     101.,  0.12234682E+02,  0.15062333E+02, -0.11976790E+01, -0.27411050E-03,  0.11218583E-02,  0.14809570E-03
     102.,  0.11929074E+02,  0.14929066E+02, -0.11976790E+01, -0.26467313E-03,  0.11230007E-02,  0.14809932E-03
     103.,  0.11583717E+02,  0.14821525E+02, -0.11976790E+01, -0.25378993E-03,  0.11397951E-02,  0.14810195E-03
     104.,  0.11206833E+02,  0.14751125E+02, -0.11976790E+01, -0.23984236E-03,  0.11771142E-02,  0.14810407E-03
     105.,  0.10812349E+02,  0.14726566E+02, -0.11976790E+01, -0.22043999E-03,  0.12379139E-02,  0.14810674E-03
     106.,  0.10417865E+02,  0.14751125E+02, -0.11976790E+01, -0.19310088E-03,  0.13215045E-02,  0.14811109E-03
     107.,  0.10040981E+02,  0.14821525E+02, -0.11976790E+01, -0.15635079E-03,  0.14231188E-02,  0.14811742E-03
     108.,  0.96956242E+01,  0.14929066E+02, -0.11976790E+01, -0.11049762E-03,  0.15353160E-02,  0.14812481E-03
     109.,  0.93900159E+01,  0.15062333E+02, -0.11976790E+01, -0.57519518E-04,  0.16503284E-02,  0.14813191E-03
     110.,  0.91267226E+01,  0.15209997E+02, -0.11976790E+01, -0.26451213E-06,  0.17619226E-02,  0.14813766E-03
     111.,  0.89040889E+01,  0.15362652E+02, -0.11976790E+01,  0.58423532E-04,  0.18661051E-02,  0.14814227E-03
     112.,  0.87180189E+01,  0.15513479E+02, -0.11976790E+01,  0.11623831E-03,  0.19609098E-02,  0.14814592E-03
     113.,  0.85634430E+01,  0.15658093E+02, -0.11976790E+01,  0.17159098E-03,  0.20458378E-02,  0.14814502E-03
     114.,  0.84195702E+01,  0.15811822E+02, -0.11976790E+01,  0.23028825E-03,  0.21308084E-02,  0.14814107E-03
     115.,  0.82695288E+01,  0.15996705E+02, -0.11976790E+01,  0.30050907E-03,  0.22268485E-02,  0.14812576E-03
     116.,  0.81176202E+01,  0.16217741E+02, -0.11976790E+01,  0.38356406E-03,  0.23342063E-02,  0.14808302E-03
     117.,  0.79705304E+01,  0.16478985E+02, -0.11976790E+01,  0.47953859E-03,  0.24522460E-02,  0.14797391E-03
     118.,  0.78374839E+01,  0.16782128E+02, -0.11976790E+01,  0.58596072E-03,  0.25791918E-02,  0.14768047E-03
     119.,  0.77296146E+01,  0.17124755E+02, -0.11976790E+01,  0.69606018E-03,  0.27121781E-02,  0.14701549E-03
     120.,  0.76582029E+01,  0.17498931E+02, -0.11976790E+01,  0.79767496E-03,  0.28479321E-02,  0.14605648E-03
     121.,  0.76319554E+01,  0.17891097E+02, -0.11976790E+01,  0.87487003E-03,  0.29838780E-02,  0.14518147E-03
     122.,  0.76543375E+01,  0.18283987E+02, -0.11976790E+01,  0.91370629E-03,  0.31185096E-02,  0.14479549E-03
     123.,  0.77223849E+01,  0.18660178E+02, -0.11976790E+01,  0.90982302E-03,  0.32498778E-02,  0.14459162E-03
     124.,  0.78277247E+01,  0.19005714E+02, -0.11976790E+01,  0.87162769E-03,  0.33736202E-02,  0.14373418E-03
     125.,  0.79591749E+01,  0.19312187E+02, -0.11976790E+01,  0.81557220E-03,  0.34831853E-02,  0.14151539E-03
     126.,  0.81055087E+01,  0.19576781E+02, -0.11976790E+01,  0.75792557E-03,  0.35721072E-02,  0.13676930E-03
     127.,  0.82573113E+01,  0.19800921E+02, -0.11976790E+01,  0.70952258E-03,  0.36357949E-02,  0.13077304E-03
     128.,  0.84076909E+01,  0.19988531E+02, -0.11976790E+01,  0.67567050E-03,  0.36717507E-02,  0.12303871E-03
     129.,  0.82135926E+01,  0.20479768E+02, -0.11976790E+01,  0.76118311E-03,  0.38580340E-02,  0.12262264E-03
     130.,  0.83905992E+01,  0.20647036E+02, -0.11976790E+01,  0.76242011E-03,  0.38518540E-02,  0.16409559E-03
     131.,  0.86041219E+01,  0.20821859E+02, -0.11976790E+01,  0.78071094E-03,  0.38014705E-02,  0.17141427E-03
     132.,  0.88601954E+01,  0.20999210E+02, -0.11976790E+01,  0.82974782E-03,  0.36841459E-02,  0.16914338E-03
     133.,  0.91637731E+01,  0.21171179E+02, -0.11976790E+01,  0.90654091E-03,  0.34890357E-02,  0.16356721E-03
     134.,  0.95169878E+01,  0.21326752E+02, -0.11976790E+01,  0.99960226E-03,  0.32232553E-02,  0.15735410E-03
     135.,  0.99170042E+01,  0.21452564E+02, -0.11976790E+01,  0.10891757E-02,  0.29297308E-02,  0.15159784E-03
     136.,  0.10354260E+02,  0.21535060E+02, -0.11976790E+01,  0.11543544E-02,  0.26860722E-02,  0.14444516E-03
     137.,  0.10812349E+02,  0.21563866E+02, -0.11976790E+01,  0.11829748E-02,  0.25672188E-02,  0.13958596E-03
     138.,  0.11270437E+02,  0.21535060E+02, -0.11976790E+01,  0.11771775E-02,  0.25897831E-02,  0.13619097E-03
     139.,  0.11707694E+02,  0.21452564E+02, -0.11976790E+01,  0.11462750E-02,  0.26977621E-02,  0.13426581E-03
     140.,  0.12107710E+02,  0.21326752E+02, -0.11976790E+01,  0.10984532E-02,  0.28100753E-02,  0.13059007E-03
     141.,  0.12460925E+02,  0.21171179E+02, -0.11976790E+01,  0.10354194E-02,  0.28727825E-02,  0.12850201E-03
     142.,  0.12764503E+02,  0.20999210E+02, -0.11976790E+01,  0.95778795E-03,  0.28727769E-02,  0.12382038E-03
     143.,  0.13020576E+02,  0.20821859E+02, -0.11976790E+01,  0.86584782E-03,  0.28212142E-02,  0.12792916E-03
     144.,  0.13234099E+02,  0.20647036E+02, -0.11976790E+01,  0.76724516E-03,  0.27386627E-02,  0.11949626E-03
     145.,  0.13411105E+02,  0.20479768E+02, -0.11976790E+01,  0.66670842E-03,  0.26418530E-02,  0.14208695E-03
     146.,  0.13577228E+02,  0.20300348E+02, -0.11976790E+01,  0.55659703E-03,  0.25298477E-02,  0.12725130E-03
     147.,  0.13750135E+02,  0.20084633E+02, -0.11976790E+01,  0.42460212E-03,  0.23920461E-02,  0.13667680E-03
     148.,  0.13924678E+02,  0.19826917E+02, -0.11976790E+01,  0.27453720E-03,  0.22347017E-02,  0.14070706E-03
     149.,  0.14092932E+02,  0.19522686E+02, -0.11976790E+01,  0.11442565E-03,  0.20689724E-02,  0.14331750E-03
     150.,  0.14244074E+02,  0.19170303E+02, -0.11976790E+01, -0.41967587E-04,  0.19076630E-02,  0.14334290E-03
     151.,  0.14365194E+02,  0.18773005E+02, -0.11976790E+01, -0.17721631E-03,  0.17642508E-02,  0.14296621E-03
     152.,  0.14443435E+02,  0.18340460E+02, -0.11976790E+01, -0.27784867E-03,  0.16463610E-02,  0.14372363E-03
     153.,  0.14469170E+02,  0.17888715E+02, -0.11976790E+01, -0.33980293E-03,  0.15533486E-02,  0.14568331E-03
     154.,  0.14438990E+02,  0.17437802E+02, -0.11976790E+01, -0.36860817E-03,  0.14789652E-02,  0.14740401E-03
     155.,  0.14356881E+02,  0.17007574E+02, -0.11976790E+01, -0.37478513E-03,  0.14165722E-02,  0.14813785E-03
     156.,  0.14232853E+02,  0.16613621E+02, -0.11976790E+01, -0.36869784E-03,  0.13621614E-02,  0.14826946E-03
     157.,  0.14079876E+02,  0.16265067E+02, -0.11976790E+01, -0.35776471E-03,  0.13142967E-02,  0.14825473E-03
     158.,  0.13910752E+02,  0.15964688E+02, -0.11976790E+01, -0.34620964E-03,  0.12727562E-02,  0.14822262E-03
     159.,  0.13736087E+02,  0.15710541E+02, -0.11976790E+01, -0.33596477E-03,  0.12374906E-02,  0.14819503E-03
     160.,  0.13563569E+02,  0.15497962E+02, -0.11976790E+01, -0.32764876E-03,  0.12082138E-02,  0.14817394E-03
     161.,  0.13398144E+02,  0.15321204E+02, -0.11976790E+01, -0.32125114E-03,  0.11843903E-02,  0.14815775E-03
     162.,  0.13220412E+02,  0.15154926E+02, -0.11976790E+01, -0.31594143E-03,  0.11628845E-02,  0.14814560E-03
     163.,  0.13006469E+02,  0.14981506E+02, -0.11976790E+01, -0.31144067E-03,  0.11421737E-02,  0.14813282E-03
     164.,  0.12750484E+02,  0.14805982E+02, -0.11976790E+01, -0.30832233E-03,  0.11244394E-02,  0.14812194E-03
     165.,  0.12447749E+02,  0.14636198E+02, -0.11976790E+01, -0.30709667E-03,  0.11131511E-02,  0.14811367E-03
     166.,  0.12096361E+02,  0.14482968E+02, -0.11976790E+01, -0.30786506E-03,  0.11133018E-02,  0.14810754E-03
     167.,  0.11699269E+02,  0.14359317E+02, -0.11976790E+01, -0.30977196E-03,  0.11311166E-02,  0.14810336E-03
     168.,  0.11265927E+02,  0.14278371E+02, -0.11976790E+01, -0.31048012E-03,  0.11727994E-02,  0.14810023E-03
     169.,  0.10812349E+02,  0.14250132E+02, -0.11976790E+01, -0.30617368E-03,  0.12422829E-02,  0.14809613E-03
     170.,  0.10358770E+02,  0.14278371E+02, -0.11976790E+01, -0.29254104E-03,  0.13389632E-02,  0.14808871E-03
     171.,  0.99254285E+01,  0.14359317E+02, -0.11976790E+01, -0.26645703E-03,  0.14570735E-02,  0.14807720E-03
     172.,  0.95283373E+01,  0.14482968E+02, -0.11976790E+01, -0.22727963E-03,  0.15874318E-02,  0.14806321E-03
     173.,  0.91769484E+01,  0.14636198E+02, -0.11976790E+01, -0.17689638E-03,  0.17204295E-02,  0.14804928E-03
     174.,  0.88742135E+01,  0.14805982E+02, -0.11976790E+01, -0.11871737E-03,  0.18484158E-02,  0.14803724E-03
     175.,  0.86182289E+01,  0.14981506E+02, -0.11976790E+01, -0.56454830E-04,  0.19665966E-02,  0.14802555E-03
     176.,  0.84042854E+01,  0.15154926E+02, -0.11976790E+01,  0.67081188E-05,  0.20727590E-02,  0.14801396E-03
     177.,  0.82265537E+01,  0.15321204E+02, -0.11976790E+01,  0.68434777E-04,  0.21664979E-02,  0.14801145E-03
     178.,  0.80611286E+01,  0.15497962E+02, -0.11976790E+01,  0.13493764E-03,  0.22587759E-02,  0.14800830E-03
     179.,  0.78886108E+01,  0.15710541E+02, -0.11976790E+01,  0.21561856E-03,  0.23610061E-02,  0.14801918E-03
     180.,  0.77139460E+01,  0.15964688E+02, -0.11976790E+01,  0.31226791E-03,  0.24723097E-02,  0.14806618E-03
     181.,  0.75448220E+01,  0.16265067E+02, -0.11976790E+01,  0.42529405E-03,  0.25906422E-02,  0.14819757E-03
     182.,  0.73918450E+01,  0.16613621E+02, -0.11976790E+01,  0.55209355E-03,  0.27128441E-02,  0.14865304E-03
     183.,  0.72678168E+01,  0.17007574E+02, -0.11976790E+01,  0.68501045E-03,  0.28354888E-02,  0.14985902E-03
     184.,  0.71857075E+01,  0.17437802E+02, -0.11976790E+01,  0.81009779E-03,  0.29566795E-02,  0.15175969E-03
     185.,  0.71555280E+01,  0.17888715E+02, -0.11976790E+01,  0.90897300E-03,  0.30778176E-02,  0.15368056E-03
     186.,  0.71812629E+01,  0.18340460E+02, -0.11976790E+01,  0.96522266E-03,  0.32028582E-02,  0.15424618E-03
     187.,  0.72595040E+01,  0.18773005E+02, -0.11976790E+01,  0.97285990E-03,  0.33339563E-02,  0.15405295E-03
     188.,  0.73806238E+01,  0.19170303E+02, -0.11976790E+01,  0.94097714E-03,  0.34665705E-02,  0.15551746E-03
     189.,  0.75317654E+01,  0.19522686E+02, -0.11976790E+01,  0.88968950E-03,  0.35903621E-02,  0.15921296E-03
     190.,  0.77000203E+01,  0.19826917E+02, -0.11976790E+01,  0.83885095E-03,  0.36954714E-02,  0.16546706E-03
     191.,  0.78745632E+01,  0.20084633E+02, -0.11976790E+01,  0.79941465E-03,  0.37766405E-02,  0.16975589E-03
     192.,  0.80474698E+01,  0.20300348E+02, -0.11976790E+01,  0.77324204E-03,  0.38319095E-02,  0.17196361E-03
     193.,  0.78750147E+01,  0.20814960E+02, -0.11976790E+01,  0.88593992E-03,  0.40930015E-02,  0.41026203E-03
     194.,  0.80750825E+01,  0.21004020E+02, -0.11976790E+01,  0.88159742E-03,  0.41168316E-02,  0.27899551E-03
     195.,  0.83164240E+01,  0.21201620E+02, -0.11976790E+01,  0.92438818E-03,  0.40705909E-02,  0.19945639E-03
     196.,  0.86058599E+01,  0.21402078E+02, -0.11976790E+01,  0.10047603E-02,  0.39387565E-02,  0.16806794E-03
     197.,  0.89489891E+01,  0.21596451E+02, -0.11976790E+01,  0.11139462E-02,  0.37009997E-02,  0.15296266E-03
     198.,  0.93482222E+01,  0.21772294E+02, -0.11976790E+01,  0.12315748E-02,  0.33604167E-02,  0.14963442E-03
     199.,  0.98003546E+01,  0.21914497E+02, -0.11976790E+01,  0.13306767E-02,  0.29699535E-02,  0.15309873E-03
     200.,  0.10294579E+02,  0.22007741E+02, -0.11976790E+01,  0.13876951E-02,  0.26432706E-02,  0.15522169E-03
     201.,  0.10812349E+02,  0.22040299E+02, -0.11976790E+01,  0.13882412E-02,  0.25033008E-02,  0.14354821E-03
     202.,  0.11330119E+02,  0.22007741E+02, -0.11976790E+01,  0.13362640E-02,  0.25718009E-02,  0.14240242E-03
     203.,  0.11824343E+02,  0.21914497E+02, -0.11976790E+01,  0.12577910E-02,  0.27514530E-02,  0.14476091E-03
     204.,  0.12276476E+02,  0.21772294E+02, -0.11976790E+01,  0.11729480E-02,  0.29188162E-02,  0.14311964E-03
     205.,  0.12675709E+02,  0.21596451E+02, -0.11976790E+01,  0.10893192E-02,  0.30032597E-02,  0.13083520E-03
     206.,  0.13018838E+02,  0.21402078E+02, -0.11976790E+01,  0.10015906E-02,  0.29969647E-02,  0.12776542E-03
     207.,  0.13308274E+02,  0.21201620E+02, -0.11976790E+01,  0.90799993E-03,  0.29276493E-02,  0.10993343E-03
     208.,  0.13549615E+02,  0.21004020E+02, -0.11976790E+01,  0.79892630E-03,  0.28173379E-02,  0.13094235E-03
     209.,  0.13749683E+02,  0.20814960E+02, -0.11976790E+01,  0.69060364E-03,  0.26938280E-02,  0.78593536E-04
     210.,  0.13937449E+02,  0.20612164E+02, -0.11976790E+01,  0.57016034E-03,  0.25484059E-02,  0.14600011E-03
     211.,  0.14132883E+02,  0.20368345E+02, -0.11976790E+01,  0.42944077E-03,  0.23768032E-02,  0.14638475E-03
     212.,  0.14330166E+02,  0.20077052E+02, -0.11976790E+01,  0.27080054E-03,  0.21900491E-02,  0.14724337E-03
     213.,  0.14520342E+02,  0.19733186E+02, -0.11976790E+01,  0.10210454E-03,  0.19964706E-02,  0.14408326E-03
     214.,  0.14691175E+02,  0.19334892E+02, -0.11976790E+01, -0.58720380E-04,  0.18155443E-02,  0.14497266E-03
     215.,  0.14828075E+02,  0.18885832E+02, -0.11976790E+01, -0.19347580E-03,  0.16650413E-02,  0.14679715E-03
     216.,  0.14916509E+02,  0.18396933E+02, -0.11976790E+01, -0.29088244E-03,  0.15530423E-02,  0.14708540E-03
     217.,  0.14945597E+02,  0.17886333E+02, -0.11976790E+01, -0.35001954E-03,  0.14745279E-02,  0.14695083E-03
     218.,  0.14911486E+02,  0.17376673E+02, -0.11976790E+01, -0.37784858E-03,  0.14175894E-02,  0.14723665E-03
     219.,  0.14818679E+02,  0.16890393E+02, -0.11976790E+01, -0.38475835E-03,  0.13712846E-02,  0.14759806E-03
     220.,  0.14678492E+02,  0.16445114E+02, -0.11976790E+01, -0.38037268E-03,  0.13295818E-02,  0.14789167E-03
     221.,  0.14505584E+02,  0.16051148E+02, -0.11976790E+01, -0.37155708E-03,  0.12907597E-02,  0.14802376E-03
     222.,  0.14314426E+02,  0.15711634E+02, -0.11976790E+01, -0.36230896E-03,  0.12552021E-02,  0.14807685E-03
     223.,  0.14117005E+02,  0.15424376E+02, -0.11976790E+01, -0.35452273E-03,  0.12236709E-02,  0.14809740E-03
     224.,  0.13922011E+02,  0.15184101E+02, -0.11976790E+01, -0.34881287E-03,  0.11966065E-02,  0.14810898E-03
     225.,  0.13735033E+02,  0.14984315E+02, -0.11976790E+01, -0.34513314E-03,  0.11740225E-02,  0.14811547E-03
     226.,  0.13534146E+02,  0.14796374E+02, -0.11976790E+01, -0.34300369E-03,  0.11532333E-02,  0.14811218E-03
     227.,  0.13292329E+02,  0.14600359E+02, -0.11976790E+01, -0.34270039E-03,  0.11328837E-02,  0.14811185E-03
     228.,  0.13002994E+02,  0.14401968E+02, -0.11976790E+01, -0.34511379E-03,  0.11152756E-02,  0.14811137E-03
     229.,  0.12660817E+02,  0.14210063E+02, -0.11976790E+01, -0.35106809E-03,  0.11042130E-02,  0.14810930E-03
     230.,  0.12263647E+02,  0.14036870E+02, -0.11976790E+01, -0.36085227E-03,  0.11053209E-02,  0.14810695E-03
     231.,  0.11814821E+02,  0.13897109E+02, -0.11976790E+01, -0.37349404E-03,  0.11257882E-02,  0.14810441E-03
     232.,  0.11325022E+02,  0.13805617E+02, -0.11976790E+01, -0.38605444E-03,  0.11729446E-02,  0.14810160E-03
     233.,  0.10812349E+02,  0.13773699E+02, -0.11976790E+01, -0.39359014E-03,  0.12515763E-02,  0.14809859E-03
     234.,  0.10299676E+02,  0.13805617E+02, -0.11976790E+01, -0.39038105E-03,  0.13611430E-02,  0.14809573E-03
     235.,  0.98098764E+01,  0.13897109E+02, -0.11976790E+01, -0.37208740E-03,  0.14949446E-02,  0.14809358E-03
     236.,  0.93610504E+01,  0.14036870E+02, -0.11976790E+01, -0.33745441E-03,  0.16421995E-02,  0.14809278E-03
     237.,  0.89638810E+01,  0.14210063E+02, -0.11976790E+01, -0.28844091E-03,  0.17916586E-02,  0.14809403E-03
     238.,  0.86217043E+01,  0.14401968E+02, -0.11976790E+01, -0.22900286E-03,  0.19344723E-02,  0.14809772E-03
     239.,  0.83323689E+01,  0.14600359E+02, -0.11976790E+01, -0.16357421E-03,  0.20652328E-02,  0.14810883E-03
     240.,  0.80905518E+01,  0.14796374E+02, -0.11976790E+01, -0.96027722E-04,  0.21815858E-02,  0.14812561E-03
     241.,  0.78896645E+01,  0.14984315E+02, -0.11976790E+01, -0.29241865E-04,  0.22832863E-02,  0.14813029E-03
     242.,  0.77026871E+01,  0.15184101E+02, -0.11976790E+01,  0.43349241E-04,  0.23823039E-02,  0.14816857E-03
     243.,  0.75076928E+01,  0.15424376E+02, -0.11976790E+01,  0.13214543E-03,  0.24905139E-02,  0.14822606E-03
     244.,  0.73102719E+01,  0.15711634E+02, -0.11976790E+01,  0.23945969E-03,  0.26062283E-02,  0.14831312E-03
     245.,  0.71191136E+01,  0.16051148E+02, -0.11976790E+01,  0.36634186E-03,  0.27263846E-02,  0.14852670E-03
     246.,  0.69462061E+01,  0.16445114E+02, -0.11976790E+01,  0.51087683E-03,  0.28468813E-02,  0.14881479E-03
     247.,  0.68060189E+01,  0.16890393E+02, -0.11976790E+01,  0.66590130E-03,  0.29639135E-02,  0.14912790E-03
     248.,  0.67132120E+01,  0.17376673E+02, -0.11976790E+01,  0.81725068E-03,  0.30765776E-02,  0.14921589E-03
     249.,  0.66791006E+01,  0.17886333E+02, -0.11976790E+01,  0.94508088E-03,  0.31896313E-02,  0.14791794E-03
     250.,  0.67081884E+01,  0.18396933E+02, -0.11976790E+01,  0.10296365E-02,  0.33127368E-02,  0.14838188E-03
     251.,  0.67966230E+01,  0.18885832E+02, -0.11976790E+01,  0.10597103E-02,  0.34527533E-02,  0.15083077E-03
     252.,  0.69335230E+01,  0.19334892E+02, -0.11976790E+01,  0.10404199E-02,  0.36053251E-02,  0.15024992E-03
     253.,  0.71043560E+01,  0.19733186E+02, -0.11976790E+01,  0.99317282E-03,  0.37529536E-02,  0.15029654E-03
     254.,  0.72945319E+01,  0.20077052E+02, -0.11976790E+01,  0.94533353E-03,  0.38764876E-02,  0.15796183E-03
     255.,  0.74918150E+01,  0.20368345E+02, -0.11976790E+01,  0.91372533E-03,  0.39701458E-02,  0.18144243E-03
     256.,  0.76872487E+01,  0.20612164E+02, -0.11976790E+01,  0.89907996E-03,  0.40403813E-02,  0.23487073E-03
     257.,  0.75364368E+01,  0.21150152E+02, -0.11976790E+01,  0.99016414E-03,  0.43712801E-02, -0.99945645E-03
     258.,  0.77595659E+01,  0.21361005E+02, -0.11976790E+01,  0.10204697E-02,  0.44407030E-02, -0.60993438E-03
     259.,  0.80287260E+01,  0.21581381E+02, -0.11976790E+01,  0.11215552E-02,  0.44140357E-02, -0.23774490E-03
     260.,  0.83515244E+01,  0.21804945E+02, -0.11976790E+01,  0.12735268E-02,  0.42873297E-02, -0.98860039E-04
     261.,  0.87342051E+01,  0.22021724E+02, -0.11976790E+01,  0.14490930E-02,  0.40141342E-02,  0.97316431E-05
     262.,  0.91794566E+01,  0.22217835E+02, -0.11976790E+01,  0.15993613E-02,  0.35834992E-02,  0.75130800E-04
     263.,  0.96837050E+01,  0.22376429E+02, -0.11976790E+01,  0.16953013E-02,  0.30466032E-02,  0.98717911E-04
     264.,  0.10234897E+02,  0.22480421E+02, -0.11976790E+01,  0.17130709E-02,  0.25833741E-02,  0.14418885E-03
     265.,  0.10812349E+02,  0.22516732E+02, -0.11976790E+01,  0.16245704E-02,  0.24219552E-02,  0.24152953E-03
     266.,  0.11389801E+02,  0.22480421E+02, -0.11976790E+01,  0.14598620E-02,  0.25836513E-02,  0.26707613E-03
     267.,  0.11940993E+02,  0.22376429E+02, -0.11976790E+01,  0.12856384E-02,  0.28810632E-02,  0.26615677E-03
     268.,  0.12445241E+02,  0.22217835E+02, -0.11976790E+01,  0.11605901E-02,  0.31206850E-02,  0.29972793E-03
     269.,  0.12890493E+02,  0.22021724E+02, -0.11976790E+01,  0.10743664E-02,  0.32158675E-02,  0.38177081E-03
     270.,  0.13273173E+02,  0.21804945E+02, -0.11976790E+01,  0.10032003E-02,  0.31882862E-02,  0.44351207E-03
     271.,  0.13595972E+02,  0.21581381E+02, -0.11976790E+01,  0.92182497E-03,  0.30715366E-02,  0.50155405E-03
     272.,  0.13865132E+02,  0.21361005E+02, -0.11976790E+01,  0.84262875E-03,  0.29348730E-02,  0.46141894E-03
     273.,  0.14088261E+02,  0.21150152E+02, -0.11976790E+01,  0.71315490E-03,  0.27544010E-02,  0.55757206E-03
     274.,  0.14297670E+02,  0.20923980E+02, -0.11976790E+01,  0.57974898E-03,  0.25640621E-02,  0.29679704E-03
     275.,  0.14515631E+02,  0.20652057E+02, -0.11976790E+01,  0.43107521E-03,  0.23644694E-02,  0.22817817E-03
     276.,  0.14735654E+02,  0.20327188E+02, -0.11976790E+01,  0.25675222E-03,  0.21393474E-02,  0.20733086E-03
     277.,  0.14947751E+02,  0.19943685E+02, -0.11976790E+01,  0.75709205E-04,  0.19129642E-02,  0.20161331E-03
     278.,  0.15138276E+02,  0.19499481E+02, -0.11976790E+01, -0.88359280E-04,  0.17127282E-02,  0.19707351E-03
     279.,  0.15290956E+02,  0.18998659E+02, -0.11976790E+01, -0.21643892E-03,  0.15622525E-02,  0.19440082E-03
     280.,  0.15389584E+02,  0.18453406E+02, -0.11976790E+01, -0.30408652E-03,  0.14640898E-02,  0.18819500E-03
     281.,  0.15422025E+02,  0.17883951E+02, -0.11976790E+01, -0.35574416E-03,  0.14045558E-02,  0.17149495E-03
     282.,  0.15383981E+02,  0.17315544E+02, -0.11976790E+01, -0.38071962E-03,  0.13653642E-02,  0.15579363E-03
     283.,  0.15280477E+02,  0.16773212E+02, -0.11976790E+01, -0.38891432E-03,  0.13329773E-02,  0.14921944E-03
     284.,  0.15124131E+02,  0.16276607E+02, -0.11976790E+01, -0.38805836E-03,  0.13011891E-02,  0.14746137E-03
     285.,  0.14931293E+02,  0.15837230E+02, -0.11976790E+01, -0.38340282E-03,  0.12692431E-02,  0.14716078E-03
     286.,  0.14718100E+02,  0.15458581E+02, -0.11976790E+01, -0.37826282E-03,  0.12384059E-02,  0.14723868E-03
     287.,  0.14497923E+02,  0.15138211E+02, -0.11976790E+01, -0.37436946E-03,  0.12100606E-02,  0.14739699E-03
     288.,  0.14280452E+02,  0.14870241E+02, -0.11976790E+01, -0.37232967E-03,  0.11850932E-02,  0.14751786E-03
     289.,  0.14071923E+02,  0.14647425E+02, -0.11976790E+01, -0.37211689E-03,  0.11638747E-02,  0.14761562E-03
     290.,  0.13847880E+02,  0.14437821E+02, -0.11976790E+01, -0.37374078E-03,  0.11440637E-02,  0.14773180E-03
     291.,  0.13578189E+02,  0.14219212E+02, -0.11976790E+01, -0.37806055E-03,  0.11244673E-02,  0.14783499E-03
     292.,  0.13255503E+02,  0.13997953E+02, -0.11976790E+01, -0.38624394E-03,  0.11074571E-02,  0.14792076E-03
     293.,  0.12873884E+02,  0.13783928E+02, -0.11976790E+01, -0.39940019E-03,  0.10970732E-02,  0.14799306E-03
     294.,  0.12430934E+02,  0.13590771E+02, -0.11976790E+01, -0.41802144E-03,  0.10994806E-02,  0.14804973E-03
     295.,  0.11930373E+02,  0.13434901E+02, -0.11976790E+01, -0.44110134E-03,  0.11228043E-02,  0.14809135E-03
     296.,  0.11384116E+02,  0.13332863E+02, -0.11976790E+01, -0.46520134E-03,  0.11755859E-02,  0.14812482E-03
     297.,  0.10812349E+02,  0.13297266E+02, -0.11976790E+01, -0.48429148E-03,  0.12636317E-02,  0.14816660E-03
     298.,  0.10240582E+02,  0.13332863E+02, -0.11976790E+01, -0.49119800E-03,  0.13865791E-02,  0.14823530E-03
     299.,  0.96943244E+01,  0.13434901E+02, -0.11976790E+01, -0.48031841E-03,  0.15367554E-02,  0.14833596E-03
     300.,  0.91937635E+01,  0.13590771E+02, -0.11976790E+01, -0.44982645E-03,  0.17016335E-02,  0.14845268E-03
     301.,  0.87508135E+01,  0.13783928E+02, -0.11976790E+01, -0.40187050E-03,  0.18682055E-02,  0.14856088E-03
     302.,  0.83691952E+01,  0.13997953E+02, -0.11976790E+01, -0.34105710E-03,  0.20264091E-02,  0.14864411E-03
     303.,  0.80465089E+01,  0.14219212E+02, -0.11976790E+01, -0.27259368E-03,  0.21702766E-02,  0.14869144E-03
     304.,  0.77768183E+01,  0.14437821E+02, -0.11976790E+01, -0.20101350E-03,  0.22973847E-02,  0.14872079E-03
     305.,  0.75527752E+01,  0.14647425E+02, -0.11976790E+01, -0.12970318E-03,  0.24076930E-02,  0.14875794E-03
     306.,  0.73442455E+01,  0.14870241E+02, -0.11976790E+01, -0.51752002E-04,  0.25142773E-02,  0.14863972E-03
     307.,  0.71267748E+01,  0.15138211E+02, -0.11976790E+01,  0.44113261E-04,  0.26297198E-02,  0.14835672E-03
     308.,  0.69065978E+01,  0.15458581E+02, -0.11976790E+01,  0.16073349E-03,  0.27516869E-02,  0.14772776E-03
     309.,  0.66934053E+01,  0.15837230E+02, -0.11976790E+01,  0.29999932E-03,  0.28762027E-02,  0.14604892E-03
     310.,  0.65005672E+01,  0.16276607E+02, -0.11976790E+01,  0.46148285E-03,  0.29979391E-02,  0.14191190E-03
     311.,  0.63442210E+01,  0.16773212E+02, -0.11976790E+01,  0.63969659E-03,  0.31120748E-02,  0.13116186E-03
     312.,  0.62407166E+01,  0.17315544E+02, -0.11976790E+01,  0.82101176E-03,  0.32170594E-02,  0.11395497E-03
     313.,  0.62026732E+01,  0.17883951E+02, -0.11976790E+01,  0.98414546E-03,  0.33184062E-02,  0.10375294E-03
     314.,  0.62351139E+01,  0.18453406E+02, -0.11976790E+01,  0.11068040E-02,  0.34325579E-02,  0.98363332E-04
     315.,  0.63337421E+01,  0.18998659E+02, -0.11976790E+01,  0.11686205E-02,  0.35780326E-02,  0.90980615E-04
     316.,  0.64864221E+01,  0.19499481E+02, -0.11976790E+01,  0.11639470E-02,  0.37537542E-02,  0.82580437E-04
     317.,  0.66769466E+01,  0.19943685E+02, -0.11976790E+01,  0.11153998E-02,  0.39379935E-02,  0.57232951E-04
     318.,  0.68890434E+01,  0.20327188E+02, -0.11976790E+01,  0.10591250E-02,  0.40957588E-02, -0.10714554E-04
     319.,  0.71090668E+01,  0.20652057E+02, -0.11976790E+01,  0.10269853E-02,  0.41996033E-02, -0.14738201E-03
     320.,  0.73270276E+01,  0.20923980E+02, -0.11976790E+01,  0.10205046E-02,  0.42623789E-02, -0.46322117E-03
     321.,  0.71978590E+01,  0.21485344E+02, -0.11976790E+01,  0.10434523E-02,  0.50007579E-02,  0.30466372E-02
     322.,  0.74440493E+01,  0.21717990E+02, -0.11976790E+01,  0.11510805E-02,  0.51318600E-02,  0.21999790E-02
     323.,  0.77410281E+01,  0.21961143E+02, -0.11976790E+01,  0.14338911E-02,  0.50079693E-02,  0.13673455E-02
     324.,  0.80971889E+01,  0.22207813E+02, -0.11976790E+01,  0.17166439E-02,  0.47736212E-02,  0.11128162E-02
     325.,  0.85194211E+01,  0.22446996E+02, -0.11976790E+01,  0.19840579E-02,  0.44479748E-02,  0.69634858E-03
     326.,  0.90106911E+01,  0.22663376E+02, -0.11976790E+01,  0.21888215E-02,  0.39401827E-02,  0.40393088E-03
     327.,  0.95670554E+01,  0.22838361E+02, -0.11976790E+01,  0.22702758E-02,  0.32063323E-02,  0.30258506E-03
     328.,  0.10175215E+02,  0.22953102E+02, -0.11976790E+01,  0.21910591E-02,  0.25131259E-02,  0.12523857E-03
     329.,  0.10812349E+02,  0.22993166E+02, -0.11976790E+01,  0.19002242E-02,  0.23528074E-02, -0.22064512E-03
     330.,  0.11449483E+02,  0.22953102E+02, -0.11976790E+01,  0.14563422E-02,  0.26817314E-02, -0.31124202E-03
     331.,  0.12057642E+02,  0.22838361E+02, -0.11976790E+01,  0.11191335E-02,  0.31299302E-02, -0.31690777E-03
     332.,  0.12614007E+02,  0.22663376E+02, -0.11976790E+01,  0.96809802E-03,  0.34377500E-02, -0.47646879E-03
     333.,  0.13105277E+02,  0.22446996E+02, -0.11976790E+01,  0.93623239E-03,  0.35476247E-02, -0.75077389E-03
     334.,  0.13527509E+02,  0.22207813E+02, -0.11976790E+01,  0.93480511E-03,  0.35070928E-02, -0.96239581E-03
     335.,  0.13883670E+02,  0.21961143E+02, -0.11976790E+01,  0.90528372E-03,  0.33460899E-02, -0.10622923E-02
     336.,  0.14180649E+02,  0.21717990E+02, -0.11976790E+01,  0.86205707E-03,  0.31267774E-02, -0.10196197E-02
     337.,  0.14426839E+02,  0.21485344E+02, -0.11976790E+01,  0.78999903E-03,  0.28812252E-02, -0.11887090E-02
     338.,  0.14657891E+02,  0.21235797E+02, -0.11976790E+01,  0.60115012E-03,  0.25826604E-02, -0.46722138E-03
     339.,  0.14898379E+02,  0.20935769E+02, -0.11976790E+01,  0.44309539E-03,  0.23270769E-02, -0.15414209E-03
     340.,  0.15141143E+02,  0.20577324E+02, -0.11976790E+01,  0.24952151E-03,  0.20549537E-02, -0.63857343E-04
     341.,  0.15375161E+02,  0.20154184E+02, -0.11976790E+01,  0.46015506E-04,  0.17904310E-02, -0.21100357E-04
     342.,  0.15585377E+02,  0.19664070E+02, -0.11976790E+01, -0.12081965E-03,  0.15836427E-02, -0.11540624E-04
     343.,  0.15753837E+02,  0.19111487E+02, -0.11976790E+01, -0.23838274E-03,  0.14524939E-02, -0.21096356E-04
     344.,  0.15862658E+02,  0.18509880E+02, -0.11976790E+01, -0.31336832E-03,  0.13836576E-02, -0.21165845E-05
     345.,  0.15898452E+02,  0.17881568E+02, -0.11976790E+01, -0.35559581E-03,  0.13508281E-02,  0.69436693E-04
     346.,  0.15856477E+02,  0.17254415E+02, -0.11976790E+01, -0.37772556E-03,  0.13304118E-02,  0.12892677E-03
     347.,  0.15742275E+02,  0.16656030E+02, -0.11976790E+01, -0.38870327E-03,  0.13087631E-02,  0.14861084E-03
     348.,  0.15569770E+02,  0.16108099E+02, -0.11976790E+01, -0.39286433E-03,  0.12832498E-02,  0.15238613E-03
     349.,  0.15357001E+02,  0.15623311E+02, -0.11976790E+01, -0.39348441E-03,  0.12554835E-02,  0.15240478E-03
     350.,  0.15121774E+02,  0.15205528E+02, -0.11976790E+01, -0.39324755E-03,  0.12276820E-02,  0.15160744E-03
     351.,  0.14878841E+02,  0.14852047E+02, -0.11976790E+01, -0.39383123E-03,  0.12015697E-02,  0.15080568E-03
     352.,  0.14638894E+02,  0.14556380E+02, -0.11976790E+01, -0.39588964E-03,  0.11781832E-02,  0.15027268E-03
     353.,  0.14408812E+02,  0.14310536E+02, -0.11976790E+01, -0.39943354E-03,  0.11579973E-02,  0.14986427E-03
     354.,  0.14161613E+02,  0.14079268E+02, -0.11976790E+01, -0.40498537E-03,  0.11389628E-02,  0.14942761E-03
     355.,  0.13864049E+02,  0.13838066E+02, -0.11976790E+01, -0.41407588E-03,  0.11199678E-02,  0.14903502E-03
     356.,  0.13508012E+02,  0.13593938E+02, -0.11976790E+01, -0.42816129E-03,  0.11033991E-02,  0.14871827E-03
     357.,  0.13086952E+02,  0.13357793E+02, -0.11976790E+01, -0.44866481E-03,  0.10934484E-02,  0.14846101E-03
     358.,  0.12598221E+02,  0.13144673E+02, -0.11976790E+01, -0.47642650E-03,  0.10967753E-02,  0.14826438E-03
     359.,  0.12045926E+02,  0.12972693E+02, -0.11976790E+01, -0.51061565E-03,  0.11225041E-02,  0.14812817E-03
     360.,  0.11443210E+02,  0.12860108E+02, -0.11976790E+01, -0.54743800E-03,  0.11806322E-02,  0.14802737E-03
     361.,  0.10812349E+02,  0.12820832E+02, -0.11976790E+01, -0.57965892E-03,  0.12783274E-02,  0.14789735E-03
     362.,  0.10181488E+02,  0.12860108E+02, -0.11976790E+01, -0.59824375E-03,  0.14156059E-02,  0.14766030E-03
     363.,  0.95787723E+01,  0.12972693E+02, -0.11976790E+01, -0.59589386E-03,  0.15837105E-02,  0.14728961E-03
     364.,  0.90264766E+01,  0.13144673E+02, -0.11976790E+01, -0.57005026E-03,  0.17680356E-02,  0.14684342E-03
     365.,  0.85377461E+01,  0.13357793E+02, -0.11976790E+01, -0.52318577E-03,  0.19535077E-02,  0.14641339E-03
     366.,  0.81166860E+01,  0.13593938E+02, -0.11976790E+01, -0.46080234E-03,  0.21287115E-02,  0.14606263E-03
     367.,  0.77606489E+01,  0.13838066E+02, -0.11976790E+01, -0.38904913E-03,  0.22871425E-02,  0.14580555E-03
     368.,  0.74630848E+01,  0.14079268E+02, -0.11976790E+01, -0.31326112E-03,  0.24263585E-02,  0.14556240E-03
     369.,  0.72158860E+01,  0.14310536E+02, -0.11976790E+01, -0.23730464E-03,  0.25465526E-02,  0.14530571E-03
     370.,  0.69858039E+01,  0.14556380E+02, -0.11976790E+01, -0.15401607E-03,  0.26621569E-02,  0.14546719E-03
     371.,  0.67458568E+01,  0.14852047E+02, -0.11976790E+01, -0.51247499E-04,  0.27866610E-02,  0.14602636E-03
     372.,  0.65029237E+01,  0.15205528E+02, -0.11976790E+01,  0.74297861E-04,  0.29174050E-02,  0.14758662E-03
     373.,  0.62676969E+01,  0.15623311E+02, -0.11976790E+01,  0.22525290E-03,  0.30496902E-02,  0.15217385E-03
     374.,  0.60549283E+01,  0.16108099E+02, -0.11976790E+01,  0.40278982E-03,  0.31767065E-02,  0.16419273E-03
     375.,  0.58824231E+01,  0.16656030E+02, -0.11976790E+01,  0.60501261E-03,  0.32908527E-02,  0.20124299E-03
     376.,  0.57682211E+01,  0.17254415E+02, -0.11976790E+01,  0.81972028E-03,  0.33883174E-02,  0.27149622E-03
     377.,  0.57262458E+01,  0.17881568E+02, -0.11976790E+01,  0.10204795E-02,  0.34700163E-02,  0.32337752E-03
     378.,  0.57620394E+01,  0.18509880E+02, -0.11976790E+01,  0.11880977E-02,  0.35554600E-02,  0.33478710E-03
     379.,  0.58708612E+01,  0.19111487E+02, -0.11976790E+01,  0.12956185E-02,  0.36870166E-02,  0.34700627E-03
     380.,  0.60393212E+01,  0.19664070E+02, -0.11976790E+01,  0.13065024E-02,  0.38858381E-02,  0.37595189E-03
     381.,  0.62495371E+01,  0.20154184E+02, -0.11976790E+01,  0.12484567E-02,  0.41118682E-02,  0.48491016E-03
     382.,  0.64835550E+01,  0.20577324E+02, -0.11976790E+01,  0.11703296E-02,  0.43290254E-02,  0.81538199E-03
     383.,  0.67263186E+01,  0.20935769E+02, -0.11976790E+01,  0.11082545E-02,  0.45318416E-02,  0.12031120E-02
     384.,  0.69668064E+01,  0.21235797E+02, -0.11976790E+01,  0.10993196E-02,  0.47328673E-02,  0.19602392E-02
     385.,  0.68592811E+01,  0.21820536E+02, -0.11976790E+01,  0.12694985E-02,  0.71517559E-02, -0.47258922E-02
     386.,  0.71285326E+01,  0.22074974E+02, -0.11976790E+01,  0.17864429E-02,  0.70296240E-02, -0.33322710E-02
     387.,  0.74533302E+01,  0.22340904E+02, -0.11976790E+01,  0.22912399E-02,  0.68480064E-02, -0.20655083E-02
     388.,  0.78428534E+01,  0.22610680E+02, -0.11976790E+01,  0.27859927E-02,  0.61986465E-02, -0.17865152E-02
     389.,  0.83046371E+01,  0.22872268E+02, -0.11976790E+01,  0.30606433E-02,  0.54306145E-02, -0.96016815E-03
     390.,  0.88419255E+01,  0.23108917E+02, -0.11976790E+01,  0.31810107E-02,  0.45308034E-02, -0.30541361E-03
     391.,  0.94504058E+01,  0.23300294E+02, -0.11976790E+01,  0.31842712E-02,  0.35242197E-02, -0.73197224E-04
     392.,  0.10115533E+02,  0.23425782E+02, -0.11976790E+01,  0.29380625E-02,  0.24462595E-02,  0.27602027E-03
     393.,  0.10812349E+02,  0.23469599E+02, -0.11976790E+01,  0.22899609E-02,  0.22779871E-02,  0.95845475E-03
     394.,  0.11509165E+02,  0.23425782E+02, -0.11976790E+01,  0.11957756E-02,  0.31487386E-02,  0.10980674E-02
     395.,  0.12174292E+02,  0.23300294E+02, -0.11976790E+01,  0.52028409E-03,  0.38249269E-02,  0.11599426E-02
     396.,  0.12782772E+02,  0.23108917E+02, -0.11976790E+01,  0.33262236E-03,  0.43009698E-02,  0.14086132E-02
     397.,  0.13320061E+02,  0.22872268E+02, -0.11976790E+01,  0.45002006E-03,  0.46296644E-02,  0.19349353E-02
     398.,  0.13781845E+02,  0.22610680E+02, -0.11976790E+01,  0.66245965E-03,  0.46119420E-02,  0.23673030E-02
     399.,  0.14171368E+02,  0.22340904E+02, -0.11976790E+01,  0.79262561E-03,  0.43467248E-02,  0.24107274E-02
     400.,  0.14496165E+02,  0.22074974E+02, -0.11976790E+01,  0.78890817E-03,  0.38007855E-02,  0.23176216E-02
     401.,  0.14765417E+02,  0.21820536E+02, -0.11976790E+01,  0.83920713E-03,  0.34878494E-02,  0.26167548E-02
     402.,  0.15018113E+02,  0.21547613E+02, -0.11976790E+01,  0.65364591E-03,  0.26553282E-02,  0.13026771E-02
     403.,  0.15281127E+02,  0.21219481E+02, -0.11976790E+01,  0.51917945E-03,  0.22440270E-02,  0.70678311E-03
     404.,  0.15546631E+02,  0.20827459E+02, -0.11976790E+01,  0.26807617E-03,  0.18896284E-02,  0.51326580E-03
     405.,  0.15802570E+02,  0.20364683E+02, -0.11976790E+01,  0.28310588E-04,  0.16109771E-02,  0.34016673E-03
     406.,  0.16032478E+02,  0.19828659E+02, -0.11976790E+01, -0.14865495E-03,  0.14279157E-02,  0.35516018E-03
     407.,  0.16216718E+02,  0.19224314E+02, -0.11976790E+01, -0.25053268E-03,  0.13416926E-02,  0.44233004E-03
     408.,  0.16335733E+02,  0.18566353E+02, -0.11976790E+01, -0.31469992E-03,  0.13227509E-02,  0.41428861E-03
     409.,  0.16374879E+02,  0.17879186E+02, -0.11976790E+01, -0.34822392E-03,  0.13253415E-02,  0.25178091E-03
     410.,  0.16328972E+02,  0.17193286E+02, -0.11976790E+01, -0.37036282E-03,  0.13193627E-02,  0.15537081E-03
     411.,  0.16204073E+02,  0.16538849E+02, -0.11976790E+01, -0.38629517E-03,  0.13019661E-02,  0.13822676E-03
     412.,  0.16015409E+02,  0.15939592E+02, -0.11976790E+01, -0.39644786E-03,  0.12780865E-02,  0.13634245E-03
     413.,  0.15782709E+02,  0.15409393E+02, -0.11976790E+01, -0.40259990E-03,  0.12517168E-02,  0.13950184E-03
     414.,  0.15525448E+02,  0.14952475E+02, -0.11976790E+01, -0.40732455E-03,  0.12253073E-02,  0.14173754E-03
     415.,  0.15259759E+02,  0.14565882E+02, -0.11976790E+01, -0.41236080E-03,  0.12004498E-02,  0.14351503E-03
     416.,  0.14997336E+02,  0.14242520E+02, -0.11976790E+01, -0.41852414E-03,  0.11781251E-02,  0.14457019E-03
     417.,  0.14745701E+02,  0.13973647E+02, -0.11976790E+01, -0.42570792E-03,  0.11586634E-02,  0.14530210E-03
     418.,  0.14475347E+02,  0.13720716E+02, -0.11976790E+01, -0.43509400E-03,  0.11399553E-02,  0.14605512E-03
     419.,  0.14149909E+02,  0.13456919E+02, -0.11976790E+01, -0.44890887E-03,  0.11212371E-02,  0.14671730E-03
     420.,  0.13760521E+02,  0.13189924E+02, -0.11976790E+01, -0.46882643E-03,  0.11047362E-02,  0.14722478E-03
     421.,  0.13300019E+02,  0.12931658E+02, -0.11976790E+01, -0.49673124E-03,  0.10947249E-02,  0.14762325E-03
     422.,  0.12765508E+02,  0.12698574E+02, -0.11976790E+01, -0.53407300E-03,  0.10983111E-02,  0.14791727E-03
     423.,  0.12161478E+02,  0.12510484E+02, -0.11976790E+01, -0.58058558E-03,  0.11257209E-02,  0.14810004E-03
     424.,  0.11502305E+02,  0.12387354E+02, -0.11976790E+01, -0.63241758E-03,  0.11887387E-02,  0.14821017E-03
     425.,  0.10812349E+02,  0.12344399E+02, -0.11976790E+01, -0.68092433E-03,  0.12963628E-02,  0.14836298E-03
     426.,  0.10122393E+02,  0.12387354E+02, -0.11976790E+01, -0.71436752E-03,  0.14492630E-02,  0.14871057E-03
     427.,  0.94632203E+01,  0.12510484E+02, -0.11976790E+01, -0.72283004E-03,  0.16374227E-02,  0.14931820E-03
     428.,  0.88591897E+01,  0.12698574E+02, -0.11976790E+01, -0.70267878E-03,  0.18436773E-02,  0.15008975E-03
     429.,  0.83246786E+01,  0.12931658E+02, -0.11976790E+01, -0.65696465E-03,  0.20504495E-02,  0.15086291E-03
     430.,  0.78641768E+01,  0.13189924E+02, -0.11976790E+01, -0.59252212E-03,  0.22447755E-02,  0.15153529E-03
     431.,  0.74747889E+01,  0.13456919E+02, -0.11976790E+01, -0.51680204E-03,  0.24196030E-02,  0.15212202E-03
     432.,  0.71493512E+01,  0.13720716E+02, -0.11976790E+01, -0.43602672E-03,  0.25726521E-02,  0.15276042E-03
     433.,  0.68789968E+01,  0.13973647E+02, -0.11976790E+01, -0.35490632E-03,  0.27043444E-02,  0.15354806E-03
     434.,  0.66273623E+01,  0.14242520E+02, -0.11976790E+01, -0.26561444E-03,  0.28303316E-02,  0.15384069E-03
     435.,  0.63649388E+01,  0.14565882E+02, -0.11976790E+01, -0.15526827E-03,  0.29658923E-02,  0.15390886E-03
     436.,  0.60992496E+01,  0.14952475E+02, -0.11976790E+01, -0.20293695E-04,  0.31081681E-02,  0.15318338E-03
     437.,  0.58419885E+01,  0.15409393E+02, -0.11976790E+01,  0.14247892E-03,  0.32521361E-02,  0.14985507E-03
     438.,  0.56092894E+01,  0.15939592E+02, -0.11976790E+01,  0.33542546E-03,  0.33902634E-02,  0.13556349E-03
     439.,  0.54206252E+01,  0.16538849E+02, -0.11976790E+01,  0.55996166E-03,  0.35118638E-02,  0.90038644E-04
     440.,  0.52957257E+01,  0.17193286E+02, -0.11976790E+01,  0.81154048E-03,  0.36035356E-02, -0.44875637E-04
     441.,  0.52498185E+01,  0.17879186E+02, -0.11976790E+01,  0.10466116E-02,  0.36521229E-02, -0.19444210E-03
     442.,  0.52889649E+01,  0.18566353E+02, -0.11976790E+01,  0.12606151E-02,  0.36865644E-02, -0.19545610E-03
     443.,  0.54079803E+01,  0.19224314E+02, -0.11976790E+01,  0.14369055E-02,  0.37691730E-02, -0.14573103E-03
     444.,  0.55922204E+01,  0.19828659E+02, -0.11976790E+01,  0.14798722E-02,  0.39648928E-02, -0.21892646E-03
     445.,  0.58221277E+01,  0.20364683E+02, -0.11976790E+01,  0.14368834E-02,  0.42947648E-02, -0.44805311E-03
     446.,  0.60780666E+01,  0.20827459E+02, -0.11976790E+01,  0.13485209E-02,  0.48520222E-02, -0.12232092E-02
     447.,  0.63435704E+01,  0.21219481E+02, -0.11976790E+01,  0.12827503E-02,  0.55589638E-02, -0.18376937E-02
     448.,  0.66065853E+01,  0.21547613E+02, -0.11976790E+01,  0.14100139E-02,  0.62818344E-02, -0.29815120E-02
     449.,  0.62681257E+01,  0.22405780E+02, -0.11976790E+01,  0.34833119E-01, -0.12792418E-01, -0.27262450E+00
     450.,  0.66487520E+01,  0.22617812E+02, -0.11976790E+01,  0.28840681E-01, -0.53786951E-02, -0.22721849E+00
     451.,  0.70756666E+01,  0.22839420E+02, -0.11976790E+01,  0.24138904E-01, -0.91968566E-03, -0.18229705E+00
     452.,  0.75565193E+01,  0.23064233E+02, -0.11976790E+01,  0.19596619E-01,  0.27640239E-02, -0.13416494E+00
     453.,  0.80975891E+01,  0.23282223E+02, -0.11976790E+01,  0.14719764E-01,  0.53860333E-02, -0.87412426E-01
     454.,  0.87015794E+01,  0.23479431E+02, -0.11976790E+01,  0.97990383E-02,  0.53620087E-02, -0.46476907E-01
     455.,  0.93648963E+01,  0.23638911E+02, -0.11976790E+01,  0.60463873E-02,  0.35086563E-02, -0.19113602E-01
     456.,  0.10075419E+02,  0.23743485E+02, -0.11976790E+01,  0.40323426E-02,  0.20728215E-02, -0.29315151E-02
     457.,  0.10812349E+02,  0.23779999E+02, -0.11976790E+01,  0.28954096E-02,  0.19369510E-02,  0.11680135E-01
     458.,  0.11549279E+02,  0.23743485E+02, -0.11976790E+01,  0.83062577E-04,  0.40430276E-02,  0.25504016E-01
     459.,  0.12259802E+02,  0.23638911E+02, -0.11976790E+01, -0.34377816E-02,  0.45592143E-02,  0.40093713E-01
     460.,  0.12923118E+02,  0.23479431E+02, -0.11976790E+01, -0.56589094E-02,  0.35203948E-02,  0.64895774E-01
     461.,  0.13527109E+02,  0.23282223E+02, -0.11976790E+01, -0.73304392E-02,  0.14679060E-02,  0.99799419E-01
     462.,  0.14068179E+02,  0.23064233E+02, -0.11976790E+01, -0.95601627E-02, -0.17834063E-02,  0.13650352E+00
     463.,  0.14549031E+02,  0.22839420E+02, -0.11976790E+01, -0.12238080E-01, -0.60280073E-02,  0.16889788E+00
     464.,  0.14975946E+02,  0.22617812E+02, -0.11976790E+01, -0.15014090E-01, -0.10357260E-01,  0.19553847E+00
     465.,  0.15356572E+02,  0.22405780E+02, -0.11976790E+01, -0.18017665E-01, -0.15368395E-01,  0.21823566E+00
     466.,  0.15567152E+02,  0.22022875E+02, -0.11976790E+01, -0.92077296E-02, -0.55422688E-02,  0.14562303E+00
     467.,  0.15786331E+02,  0.21593963E+02, -0.11976790E+01, -0.41108564E-02, -0.95096202E-03,  0.87754119E-01
     468.,  0.16007584E+02,  0.21111810E+02, -0.11976790E+01, -0.13857243E-02,  0.82040089E-03,  0.44961492E-01
     469.,  0.16220867E+02,  0.20570694E+02, -0.11976790E+01, -0.52556932E-03,  0.11251865E-02,  0.20440462E-01
     470.,  0.16412456E+02,  0.19968538E+02, -0.11976790E+01, -0.39223300E-03,  0.11519989E-02,  0.96276034E-02
     471.,  0.16565989E+02,  0.19309449E+02, -0.11976790E+01, -0.32186591E-03,  0.12361345E-02,  0.52057687E-02
     472.,  0.16665169E+02,  0.18605679E+02, -0.11976790E+01, -0.30966896E-03,  0.13013276E-02,  0.27694748E-02
     473.,  0.16697791E+02,  0.17877572E+02, -0.11976790E+01, -0.34116946E-03,  0.13274585E-02,  0.12119448E-02
     474.,  0.16659535E+02,  0.17150519E+02, -0.11976790E+01, -0.36415150E-03,  0.13233608E-02,  0.42479757E-03
     475.,  0.16555452E+02,  0.16449687E+02, -0.11976790E+01, -0.38477082E-03,  0.13037045E-02,  0.15858597E-03
     476.,  0.16398232E+02,  0.15794837E+02, -0.11976790E+01, -0.40014447E-03,  0.12781732E-02,  0.82133815E-04
     477.,  0.16204316E+02,  0.15197536E+02, -0.11976790E+01, -0.41207996E-03,  0.12513964E-02,  0.63642336E-04
     478.,  0.15989932E+02,  0.14661302E+02, -0.11976790E+01, -0.42345646E-03,  0.12256696E-02,  0.61415966E-04
     479.,  0.15768524E+02,  0.14183672E+02, -0.11976790E+01, -0.43626347E-03,  0.12021294E-02,  0.62679984E-04
     480.,  0.15549838E+02,  0.13758735E+02, -0.11976790E+01, -0.45115109E-03,  0.11815161E-02,  0.64245059E-04
     481.,  0.15340142E+02,  0.13379206E+02, -0.11976790E+01, -0.46863363E-03,  0.11642529E-02,  0.64717471E-04
     482.,  0.14958597E+02,  0.13168430E+02, -0.11976790E+01, -0.47779362E-03,  0.11461371E-02,  0.94189225E-04
     483.,  0.14531149E+02,  0.12948599E+02, -0.11976790E+01, -0.49143284E-03,  0.11272935E-02,  0.11558687E-03
     484.,  0.14050409E+02,  0.12726103E+02, -0.11976790E+01, -0.51154287E-03,  0.11100661E-02,  0.13022209E-03
     485.,  0.13510408E+02,  0.12510882E+02, -0.11976790E+01, -0.54047882E-03,  0.10989959E-02,  0.13951742E-03
     486.,  0.12908732E+02,  0.12316645E+02, -0.11976790E+01, -0.58035348E-03,  0.11017729E-02,  0.14488469E-03
     487.,  0.12249123E+02,  0.12159903E+02, -0.11976790E+01, -0.63169460E-03,  0.11295415E-02,  0.14766562E-03
     488.,  0.11543562E+02,  0.12057295E+02, -0.11976790E+01, -0.69138732E-03,  0.11952884E-02,  0.14921919E-03
     489.,  0.10812349E+02,  0.12021499E+02, -0.11976790E+01, -0.75118824E-03,  0.13094058E-02,  0.15101454E-03
     490.,  0.10081136E+02,  0.12057295E+02, -0.11976790E+01, -0.79920906E-03,  0.14740242E-02,  0.15462518E-03
     491.,  0.93755751E+01,  0.12159903E+02, -0.11976790E+01, -0.82484758E-03,  0.16804008E-02,  0.16146700E-03
     492.,  0.87159662E+01,  0.12316645E+02, -0.11976790E+01, -0.82350806E-03,  0.19120967E-02,  0.17230148E-03
     493.,  0.81142903E+01,  0.12510882E+02, -0.11976790E+01, -0.79730710E-03,  0.21514932E-02,  0.18695308E-03
     494.,  0.75742889E+01,  0.12726103E+02, -0.11976790E+01, -0.75234786E-03,  0.23849458E-02,  0.20441635E-03
     495.,  0.70935489E+01,  0.12948599E+02, -0.11976790E+01, -0.69556465E-03,  0.26044778E-02,  0.22285125E-03
     496.,  0.66661008E+01,  0.13168430E+02, -0.11976790E+01, -0.63289377E-03,  0.28068737E-02,  0.23921586E-03
     497.,  0.62845555E+01,  0.13379206E+02, -0.11976790E+01, -0.56843768E-03,  0.29924391E-02,  0.24855236E-03
     498.,  0.60748601E+01,  0.13758735E+02, -0.11976790E+01, -0.44150892E-03,  0.30990349E-02,  0.21654560E-03
     499.,  0.58561738E+01,  0.14183672E+02, -0.11976790E+01, -0.29655281E-03,  0.32147573E-02,  0.17770252E-03
     500.,  0.56347661E+01,  0.14661302E+02, -0.11976790E+01, -0.13067761E-03,  0.33376072E-02,  0.12053349E-03
     501.,  0.54203819E+01,  0.15197536E+02, -0.11976790E+01,  0.58945448E-04,  0.34639867E-02,  0.17758337E-04
     502.,  0.52264660E+01,  0.15794837E+02, -0.11976790E+01,  0.27535727E-03,  0.35879863E-02, -0.19460283E-03
     503.,  0.50692458E+01,  0.16449687E+02, -0.11976790E+01,  0.52205092E-03,  0.37004314E-02, -0.68967580E-03
     504.,  0.49651629E+01,  0.17150519E+02, -0.11976790E+01,  0.80205075E-03,  0.37845591E-02, -0.17275305E-02
     505.,  0.49269069E+01,  0.17877572E+02, -0.11976790E+01,  0.10768781E-02,  0.38313917E-02, -0.36027134E-02
     506.,  0.49595289E+01,  0.18605679E+02, -0.11976790E+01,  0.14315759E-02,  0.38438139E-02, -0.69488445E-02
     507.,  0.50587084E+01,  0.19309449E+02, -0.11976790E+01,  0.20032123E-02,  0.38390469E-02, -0.13378894E-01
     508.,  0.52122418E+01,  0.19968538E+02, -0.11976790E+01,  0.29944916E-02,  0.39627308E-02, -0.27116662E-01
     509.,  0.54038312E+01,  0.20570694E+02, -0.11976790E+01,  0.51185912E-02,  0.41006659E-02, -0.54282341E-01
     510.,  0.56171136E+01,  0.21111810E+02, -0.11976790E+01,  0.88780668E-02,  0.34949263E-02, -0.95630650E-01
     511.,  0.58383669E+01,  0.21593963E+02, -0.11976790E+01,  0.14229431E-01,  0.14197736E-02, -0.14702695E+00
     512.,  0.60575459E+01,  0.22022875E+02, -0.11976790E+01,  0.21807084E-01, -0.31873188E-02, -0.20518080E+00
     513.,  0.56769704E+01,  0.22991024E+02, -0.11976790E+01,  0.12425099E+00, -0.10661413E+00, -0.71827035E+00
     514.,  0.61689714E+01,  0.23160649E+02, -0.11976790E+01,  0.10821203E+00, -0.89709137E-01, -0.62095945E+00
     515.,  0.66980031E+01,  0.23337936E+02, -0.11976790E+01,  0.89958737E-01, -0.70249520E-01, -0.51386250E+00
     516.,  0.72701852E+01,  0.23517786E+02, -0.11976790E+01,  0.69319323E-01, -0.47078258E-01, -0.39848386E+00
     517.,  0.78905411E+01,  0.23692179E+02, -0.11976790E+01,  0.47153580E-01, -0.22663094E-01, -0.27904035E+00
     518.,  0.85612333E+01,  0.23849944E+02, -0.11976790E+01,  0.28302144E-01, -0.51443156E-02, -0.16721170E+00
     519.,  0.92793868E+01,  0.23977529E+02, -0.11976790E+01,  0.14649586E-01,  0.14560591E-02, -0.77754026E-01
     520.,  0.10035305E+02,  0.24061188E+02, -0.11976790E+01,  0.68889651E-02,  0.17067935E-02, -0.16279051E-01
     521.,  0.10812349E+02,  0.24090399E+02, -0.11976790E+01,  0.28499758E-02,  0.16438423E-02,  0.34881922E-01
     522.,  0.11589393E+02,  0.24061188E+02, -0.11976790E+01, -0.35274451E-02,  0.21421511E-02,  0.82209205E-01
     523.,  0.12345311E+02,  0.23977529E+02, -0.11976790E+01, -0.12454002E-01, -0.38382152E-02,  0.13211519E+00
     524.,  0.13063465E+02,  0.23849944E+02, -0.11976790E+01, -0.21903868E-01, -0.16825971E-01,  0.20539640E+00
     525.,  0.13734157E+02,  0.23692179E+02, -0.11976790E+01, -0.33764009E-01, -0.34470979E-01,  0.29889990E+00
     526.,  0.14354513E+02,  0.23517786E+02, -0.11976790E+01, -0.46983080E-01, -0.54136032E-01,  0.39261083E+00
     527.,  0.14926695E+02,  0.23337936E+02, -0.11976790E+01, -0.59928210E-01, -0.73043268E-01,  0.47982890E+00
     528.,  0.15455726E+02,  0.23160649E+02, -0.11976790E+01, -0.71405789E-01, -0.89351834E-01,  0.55721543E+00
     529.,  0.15947728E+02,  0.22991024E+02, -0.11976790E+01, -0.81196813E-01, -0.10272565E+00,  0.62594102E+00
     530.,  0.16116191E+02,  0.22498138E+02, -0.11976790E+01, -0.53307501E-01, -0.63494519E-01,  0.46145933E+00
     531.,  0.16291535E+02,  0.21968445E+02, -0.11976790E+01, -0.28339710E-01, -0.30101989E-01,  0.30214162E+00
     532.,  0.16468537E+02,  0.21396160E+02, -0.11976790E+01, -0.11446720E-01, -0.96181816E-02,  0.16947321E+00
     533.,  0.16639163E+02,  0.20776705E+02, -0.11976790E+01, -0.35595349E-02, -0.14946533E-02,  0.80481752E-01
     534.,  0.16792435E+02,  0.20108418E+02, -0.11976790E+01, -0.11724863E-02,  0.55139373E-03,  0.35511397E-01
     535.,  0.16915261E+02,  0.19394584E+02, -0.11976790E+01, -0.48371687E-03,  0.11301196E-02,  0.16186573E-01
     536.,  0.16994605E+02,  0.18645006E+02, -0.11976790E+01, -0.31496424E-03,  0.13083924E-02,  0.73187830E-02
     537.,  0.17020703E+02,  0.17875957E+02, -0.11976790E+01, -0.33636508E-03,  0.13423012E-02,  0.29597294E-02
     538.,  0.16990098E+02,  0.17107753E+02, -0.11976790E+01, -0.35958441E-03,  0.13314222E-02,  0.99989805E-03
     539.,  0.16906831E+02,  0.16360524E+02, -0.11976790E+01, -0.38514165E-03,  0.13052507E-02,  0.27372203E-03
     540.,  0.16781055E+02,  0.15650082E+02, -0.11976790E+01, -0.40564102E-03,  0.12760581E-02,  0.37135378E-04
     541.,  0.16625923E+02,  0.14985678E+02, -0.11976790E+01, -0.42284723E-03,  0.12480635E-02, -0.39053562E-04
     542.,  0.16454415E+02,  0.14370129E+02, -0.11976790E+01, -0.44025134E-03,  0.12224230E-02, -0.63145088E-04
     543.,  0.16277289E+02,  0.13801463E+02, -0.11976790E+01, -0.45923586E-03,  0.12003733E-02, -0.70674775E-04
     544.,  0.16102340E+02,  0.13274951E+02, -0.11976790E+01, -0.48053557E-03,  0.11821480E-02, -0.73895656E-04
     545.,  0.15934584E+02,  0.12784764E+02, -0.11976790E+01, -0.50336788E-03,  0.11679746E-02, -0.75837283E-04
     546.,  0.15441847E+02,  0.12616144E+02, -0.11976790E+01, -0.51209645E-03,  0.11523686E-02, -0.33337001E-05
     547.,  0.14912389E+02,  0.12440279E+02, -0.11976790E+01, -0.52564995E-03,  0.11343210E-02,  0.54430171E-04
     548.,  0.14340297E+02,  0.12262282E+02, -0.11976790E+01, -0.54635117E-03,  0.11165974E-02,  0.95932652E-04
     549.,  0.13720796E+02,  0.12090105E+02, -0.11976790E+01, -0.57702718E-03,  0.11042454E-02,  0.12289365E-03
     550.,  0.13051955E+02,  0.11934716E+02, -0.11976790E+01, -0.62048571E-03,  0.11057499E-02,  0.13851054E-03
     551.,  0.12336768E+02,  0.11809323E+02, -0.11976790E+01, -0.67806325E-03,  0.11333682E-02,  0.14658457E-03
     552.,  0.11584819E+02,  0.11727236E+02, -0.11976790E+01, -0.74732736E-03,  0.12014264E-02,  0.15109222E-03
     553.,  0.10812349E+02,  0.11698599E+02, -0.11976790E+01, -0.82031257E-03,  0.13217745E-02,  0.15610023E-03
     554.,  0.10039879E+02,  0.11727236E+02, -0.11976790E+01, -0.88481510E-03,  0.14980085E-02,  0.16584227E-03
     555.,  0.92879298E+01,  0.11809323E+02, -0.11976790E+01, -0.92933797E-03,  0.17226181E-02,  0.18436118E-03
     556.,  0.85727428E+01,  0.11934716E+02, -0.11976790E+01, -0.94808389E-03,  0.19797748E-02,  0.21419162E-03
     557.,  0.79039020E+01,  0.12090105E+02, -0.11976790E+01, -0.94204450E-03,  0.22515804E-02,  0.25486424E-03
     558.,  0.72844009E+01,  0.12262282E+02, -0.11976790E+01, -0.91648977E-03,  0.25233456E-02,  0.30212929E-03
     559.,  0.67123089E+01,  0.12440279E+02, -0.11976790E+01, -0.87778395E-03,  0.27856512E-02,  0.34736001E-03
     560.,  0.61828505E+01,  0.12616144E+02, -0.11976790E+01, -0.83138416E-03,  0.30339348E-02,  0.37594680E-03
     561.,  0.56901142E+01,  0.12784764E+02, -0.11976790E+01, -0.78123274E-03,  0.32664287E-02,  0.36453877E-03
     562.,  0.55223579E+01,  0.13274951E+02, -0.11976790E+01, -0.61315917E-03,  0.33537080E-02,  0.26803778E-03
     563.,  0.53474089E+01,  0.13801463E+02, -0.11976790E+01, -0.43208740E-03,  0.34504379E-02,  0.14676305E-03
     564.,  0.51702827E+01,  0.14370129E+02, -0.11976790E+01, -0.23534020E-03,  0.35556789E-02, -0.28547131E-04
     565.,  0.49987753E+01,  0.14985678E+02, -0.11976790E+01, -0.19767050E-04,  0.36672319E-02, -0.32575915E-03
     566.,  0.48436426E+01,  0.15650082E+02, -0.11976790E+01,  0.21861983E-03,  0.37814139E-02, -0.90862985E-03
     567.,  0.47178665E+01,  0.16360524E+02, -0.11976790E+01,  0.48746242E-03,  0.38914299E-02, -0.21630204E-02
     568.,  0.46346001E+01,  0.17107753E+02, -0.11976790E+01,  0.79750231E-03,  0.39836378E-02, -0.47948450E-02
     569.,  0.46039953E+01,  0.17875957E+02, -0.11976790E+01,  0.11275021E-02,  0.40500906E-02, -0.10391927E-01
     570.,  0.46300929E+01,  0.18645006E+02, -0.11976790E+01,  0.18074752E-02,  0.40021167E-02, -0.22213126E-01
     571.,  0.47094365E+01,  0.19394584E+02, -0.11976790E+01,  0.36554546E-02,  0.34948315E-02, -0.46451328E-01
     572.,  0.48322632E+01,  0.20108418E+02, -0.11976790E+01,  0.84793632E-02,  0.13303219E-02, -0.95720324E-01
     573.,  0.49855348E+01,  0.20776705E+02, -0.11976790E+01,  0.19730450E-01, -0.58714722E-02, -0.18148584E+00
     574.,  0.51561607E+01,  0.21396160E+02, -0.11976790E+01,  0.38904158E-01, -0.21430431E-01, -0.29888206E+00
     575.,  0.53331633E+01,  0.21968445E+02, -0.11976790E+01,  0.64017038E-01, -0.44669095E-01, -0.43368500E+00
     576.,  0.55085065E+01,  0.22498138E+02, -0.11976790E+01,  0.93512229E-01, -0.74016909E-01, -0.57636273E+00
     577.,  0.50858150E+01,  0.23576268E+02, -0.11976790E+01,  0.20746130E+00, -0.19447576E+00, -0.11505887E+01
     578.,  0.56891908E+01,  0.23703487E+02, -0.11976790E+01,  0.18333033E+00, -0.16973276E+00, -0.10040837E+01
     579.,  0.63203396E+01,  0.23836451E+02, -0.11976790E+01,  0.15726168E+00, -0.14202509E+00, -0.84980817E+00
     580.,  0.69838512E+01,  0.23971339E+02, -0.11976790E+01,  0.12669031E+00, -0.10777324E+00, -0.68350931E+00
     581.,  0.76834930E+01,  0.24102134E+02, -0.11976790E+01,  0.92087523E-01, -0.67073927E-01, -0.50847700E+00
     582.,  0.84208872E+01,  0.24220458E+02, -0.11976790E+01,  0.58149386E-01, -0.30253614E-01, -0.33178868E+00
     583.,  0.91938774E+01,  0.24316146E+02, -0.11976790E+01,  0.31482063E-01, -0.66328142E-02, -0.17513077E+00
     584.,  0.99951909E+01,  0.24378891E+02, -0.11976790E+01,  0.12978195E-01,  0.14048917E-02, -0.46040871E-01
     585.,  0.10812349E+02,  0.24400799E+02, -0.11976790E+01,  0.19034780E-02,  0.13360741E-02,  0.64418561E-01
     586.,  0.11629507E+02,  0.24378891E+02, -0.11976790E+01, -0.11042460E-01, -0.18736707E-02,  0.15998659E+00
     587.,  0.12430821E+02,  0.24316146E+02, -0.11976790E+01, -0.27966018E-01, -0.20685241E-01,  0.25411575E+00
     588.,  0.13203811E+02,  0.24220458E+02, -0.11976790E+01, -0.46028902E-01, -0.49316976E-01,  0.37804535E+00
     589.,  0.13941205E+02,  0.24102134E+02, -0.11976790E+01, -0.66118408E-01, -0.80578464E-01,  0.51920488E+00
     590.,  0.14640847E+02,  0.23971339E+02, -0.11976790E+01, -0.88740628E-01, -0.11412588E+00,  0.66351099E+00
     591.,  0.15304358E+02,  0.23836451E+02, -0.11976790E+01, -0.11178297E+00, -0.14686089E+00,  0.80395337E+00
     592.,  0.15935507E+02,  0.23703487E+02, -0.11976790E+01, -0.13404469E+00, -0.17789389E+00,  0.93830898E+00
     593.,  0.16538883E+02,  0.23576268E+02, -0.11976790E+01, -0.15355483E+00, -0.20527545E+00,  0.10619920E+01
     594.,  0.16665231E+02,  0.22973400E+02, -0.11976790E+01, -0.11085604E+00, -0.14404778E+00,  0.82247032E+00
     595.,  0.16796738E+02,  0.22342928E+02, -0.11976790E+01, -0.68742779E-01, -0.84424564E-01,  0.58045489E+00
     596.,  0.16929490E+02,  0.21680510E+02, -0.11976790E+01, -0.32928406E-01, -0.35938289E-01,  0.35464910E+00
     597.,  0.17057460E+02,  0.20982716E+02, -0.11976790E+01, -0.11370237E-01, -0.95537540E-02,  0.18090759E+00
     598.,  0.17172413E+02,  0.20248298E+02, -0.11976790E+01, -0.30298471E-02, -0.88332570E-03,  0.79010529E-01
     599.,  0.17264533E+02,  0.19479719E+02, -0.11976790E+01, -0.76406857E-03,  0.10385050E-02,  0.32591093E-01
     600.,  0.17324041E+02,  0.18684332E+02, -0.11976790E+01, -0.33995221E-03,  0.13603094E-02,  0.13350048E-01
     601.,  0.17343614E+02,  0.17874343E+02, -0.11976790E+01, -0.33734276E-03,  0.13674250E-02,  0.52417697E-02
     602.,  0.17320661E+02,  0.17064986E+02, -0.11976790E+01, -0.35878743E-03,  0.13407962E-02,  0.18048908E-02
     603.,  0.17258211E+02,  0.16271362E+02, -0.11976790E+01, -0.38817884E-03,  0.13045172E-02,  0.49424962E-03
     604.,  0.17163879E+02,  0.15505327E+02, -0.11976790E+01, -0.41275413E-03,  0.12714471E-02,  0.33344215E-04
     605.,  0.17047529E+02,  0.14773821E+02, -0.11976790E+01, -0.43480598E-03,  0.12409280E-02, -0.12936720E-03
     606.,  0.16918899E+02,  0.14078956E+02, -0.11976790E+01, -0.45653510E-03,  0.12158381E-02, -0.18761002E-03
     607.,  0.16786054E+02,  0.13419253E+02, -0.11976790E+01, -0.48025040E-03,  0.11955061E-02, -0.21054493E-03
     608.,  0.16654842E+02,  0.12791166E+02, -0.11976790E+01, -0.50465848E-03,  0.11803497E-02, -0.22181243E-03
     609.,  0.16529025E+02,  0.12190323E+02, -0.11976790E+01, -0.52756853E-03,  0.11702600E-02, -0.22769735E-03
     610.,  0.15925098E+02,  0.12063857E+02, -0.11976790E+01, -0.53571454E-03,  0.11588418E-02, -0.11803247E-03
     611.,  0.15293629E+02,  0.11931959E+02, -0.11976790E+01, -0.54929933E-03,  0.11426767E-02, -0.23153805E-04
     612.,  0.14630185E+02,  0.11798461E+02, -0.11976790E+01, -0.57102940E-03,  0.11247655E-02,  0.49968096E-04
     613.,  0.13931184E+02,  0.11669329E+02, -0.11976790E+01, -0.60430893E-03,  0.11109036E-02,  0.99665759E-04
     614.,  0.13195179E+02,  0.11552787E+02, -0.11976790E+01, -0.65271434E-03,  0.11106371E-02,  0.12924456E-03
     615.,  0.12424413E+02,  0.11458742E+02, -0.11976790E+01, -0.71840019E-03,  0.11375629E-02,  0.14479709E-03
     616.,  0.11626077E+02,  0.11397177E+02, -0.11976790E+01, -0.79952976E-03,  0.12074979E-02,  0.15356541E-03
     617.,  0.10812349E+02,  0.11375699E+02, -0.11976790E+01, -0.88826344E-03,  0.13338243E-02,  0.16310211E-03
     618.,  0.99986211E+01,  0.11397177E+02, -0.11976790E+01, -0.97190109E-03,  0.15216202E-02,  0.18123593E-03
     619.,  0.92002846E+01,  0.11458742E+02, -0.11976790E+01, -0.10378234E-02,  0.17645784E-02,  0.21549913E-03
     620.,  0.84295193E+01,  0.11552787E+02, -0.11976790E+01, -0.10787522E-02,  0.20473792E-02,  0.27045598E-03
     621.,  0.76935138E+01,  0.11669329E+02, -0.11976790E+01, -0.10943147E-02,  0.23516293E-02,  0.34390365E-03
     622.,  0.69945129E+01,  0.11798461E+02, -0.11976790E+01, -0.10888485E-02,  0.26611835E-02,  0.42438529E-03
     623.,  0.63310689E+01,  0.11931959E+02, -0.11976790E+01, -0.10681809E-02,  0.29646453E-02,  0.49040975E-03
     624.,  0.56996001E+01,  0.12063857E+02, -0.11976790E+01, -0.10374373E-02,  0.32550909E-02,  0.51109199E-03
     625.,  0.50956728E+01,  0.12190323E+02, -0.11976790E+01, -0.10005449E-02,  0.35286932E-02,  0.45438409E-03
     626.,  0.49698556E+01,  0.12791166E+02, -0.11976790E+01, -0.78506672E-03,  0.35952969E-02,  0.27445064E-03
     627.,  0.48386439E+01,  0.13419253E+02, -0.11976790E+01, -0.56440686E-03,  0.36723289E-02,  0.46769292E-04
     628.,  0.47057993E+01,  0.14078956E+02, -0.11976790E+01, -0.33474537E-03,  0.37602188E-02, -0.28294288E-03
     629.,  0.45771687E+01,  0.14773821E+02, -0.11976790E+01, -0.92918376E-04,  0.38589655E-02, -0.83466494E-03
     630.,  0.44608192E+01,  0.15505327E+02, -0.11976790E+01,  0.16717849E-03,  0.39665380E-02, -0.18837175E-02
     631.,  0.43664871E+01,  0.16271362E+02, -0.11976790E+01,  0.45879995E-03,  0.40804780E-02, -0.40655777E-02
     632.,  0.43040373E+01,  0.17064986E+02, -0.11976790E+01,  0.80603987E-03,  0.41917908E-02, -0.86829493E-02
     633.,  0.42810837E+01,  0.17874343E+02, -0.11976790E+01,  0.12188368E-02,  0.43167907E-02, -0.19063734E-01
     634.,  0.43006569E+01,  0.18684332E+02, -0.11976790E+01,  0.23932440E-02,  0.41977586E-02, -0.42747924E-01
     635.,  0.43601646E+01,  0.19479719E+02, -0.11976790E+01,  0.65511975E-02,  0.24224496E-02, -0.93672577E-01
     636.,  0.44522847E+01,  0.20248298E+02, -0.11976790E+01,  0.18236309E-01, -0.50757129E-02, -0.19119650E+00
     637.,  0.45672383E+01,  0.20982716E+02, -0.11976790E+01,  0.42595695E-01, -0.25013085E-01, -0.34350941E+00
     638.,  0.46952078E+01,  0.21680510E+02, -0.11976790E+01,  0.78826737E-01, -0.59276057E-01, -0.53483799E+00
     639.,  0.48279597E+01,  0.22342928E+02, -0.11976790E+01,  0.12150006E+00, -0.10282389E+00, -0.74254994E+00
     640.,  0.49594671E+01,  0.22973400E+02, -0.11976790E+01,  0.16532758E+00, -0.14941977E+00, -0.95053290E+00
     641.,  0.44946597E+01,  0.24161511E+02, -0.11976790E+01,  0.28920907E+00, -0.28031380E+00, -0.15788127E+01
     642.,  0.52094102E+01,  0.24246324E+02, -0.11976790E+01,  0.25401740E+00, -0.24412092E+00, -0.13760884E+01
     643.,  0.59426760E+01,  0.24334967E+02, -0.11976790E+01,  0.22065302E+00, -0.21016424E+00, -0.11768560E+01
     644.,  0.66975171E+01,  0.24424893E+02, -0.11976790E+01,  0.18486867E+00, -0.17118160E+00, -0.97271267E+00
     645.,  0.74764450E+01,  0.24512089E+02, -0.11976790E+01,  0.14054183E+00, -0.11854394E+00, -0.74970529E+00
     646.,  0.82805411E+01,  0.24590972E+02, -0.11976790E+01,  0.95044914E-01, -0.64187729E-01, -0.51671916E+00
     647.,  0.91083679E+01,  0.24654764E+02, -0.11976790E+01,  0.53639063E-01, -0.20670345E-01, -0.29314368E+00
     648.,  0.99550769E+01,  0.24696593E+02, -0.11976790E+01,  0.22827218E-01,  0.66256364E-03, -0.92395598E-01
     649.,  0.10812349E+02,  0.24711199E+02, -0.11976790E+01, -0.79957406E-03,  0.13873982E-02,  0.95094688E-01
     650.,  0.11669621E+02,  0.24696593E+02, -0.11976790E+01, -0.23249448E-01, -0.76372970E-02,  0.25321526E+00
     651.,  0.12516330E+02,  0.24654764E+02, -0.11976790E+01, -0.50077015E-01, -0.46230234E-01,  0.40072538E+00
     652.,  0.13344157E+02,  0.24590972E+02, -0.11976790E+01, -0.74012978E-01, -0.89790264E-01,  0.56611829E+00
     653.,  0.14148253E+02,  0.24512089E+02, -0.11976790E+01, -0.10054913E+00, -0.13148820E+00,  0.74942342E+00
     654.,  0.14927181E+02,  0.24424893E+02, -0.11976790E+01, -0.13391945E+00, -0.17880192E+00,  0.94387478E+00
     655.,  0.15682022E+02,  0.24334967E+02, -0.11976790E+01, -0.17088757E+00, -0.23065996E+00,  0.11478294E+01
     656.,  0.16415288E+02,  0.24246324E+02, -0.11976790E+01, -0.20375113E+00, -0.27744687E+00,  0.13387068E+01
     657.,  0.17130038E+02,  0.24161511E+02, -0.11976790E+01, -0.23150556E+00, -0.31647682E+00,  0.15136811E+01
     658.,  0.17214270E+02,  0.23448662E+02, -0.11976790E+01, -0.17355504E+00, -0.23295188E+00,  0.11988332E+01
     659.,  0.17301942E+02,  0.22717410E+02, -0.11976790E+01, -0.11645023E+00, -0.15096798E+00,  0.88282557E+00
     660.,  0.17390443E+02,  0.21964861E+02, -0.11976790E+01, -0.63347695E-01, -0.76216926E-01,  0.57541118E+00
     661.,  0.17475756E+02,  0.21188727E+02, -0.11976790E+01, -0.24448392E-01, -0.24769205E-01,  0.31289331E+00
     662.,  0.17552392E+02,  0.20388177E+02, -0.11976790E+01, -0.62528862E-02, -0.36875439E-02,  0.13889466E+00
     663.,  0.17613805E+02,  0.19564854E+02, -0.11976790E+01, -0.11958479E-02,  0.10261275E-02,  0.53460488E-01
     664.,  0.17653477E+02,  0.18723659E+02, -0.11976790E+01, -0.38998972E-03,  0.14503281E-02,  0.20145435E-01
     665.,  0.17666526E+02,  0.17872728E+02, -0.11976790E+01, -0.34903632E-03,  0.13987578E-02,  0.77407459E-02
     666.,  0.17651223E+02,  0.17022220E+02, -0.11976790E+01, -0.36239956E-03,  0.13444526E-02,  0.27292840E-02
     667.,  0.17609590E+02,  0.16182199E+02, -0.11976790E+01, -0.39320453E-03,  0.13023757E-02,  0.77649485E-03
     668.,  0.17546702E+02,  0.15360572E+02, -0.11976790E+01, -0.42221287E-03,  0.12615819E-02,  0.58381423E-04
     669.,  0.17469136E+02,  0.14561964E+02, -0.11976790E+01, -0.44640933E-03,  0.12306129E-02, -0.20450222E-03
     670.,  0.17383382E+02,  0.13787783E+02, -0.11976790E+01, -0.47211220E-03,  0.12056335E-02, -0.30243121E-03
     671.,  0.17294819E+02,  0.13037043E+02, -0.11976790E+01, -0.49858742E-03,  0.11874032E-02, -0.34478167E-03
     672.,  0.17207344E+02,  0.12307381E+02, -0.11976790E+01, -0.52330170E-03,  0.11756168E-02, -0.36485575E-03
     673.,  0.17123466E+02,  0.11595882E+02, -0.11976790E+01, -0.54231760E-03,  0.11696902E-02, -0.37779550E-03
     674.,  0.16408348E+02,  0.11511571E+02, -0.11976790E+01, -0.54873698E-03,  0.11647148E-02, -0.23609203E-03
     675.,  0.15674869E+02,  0.11423639E+02, -0.11976790E+01, -0.56157593E-03,  0.11518553E-02, -0.10761741E-03
     676.,  0.14920073E+02,  0.11334641E+02, -0.11976790E+01, -0.58404546E-03,  0.11344713E-02, -0.28145183E-05
     677.,  0.14141572E+02,  0.11248552E+02, -0.11976790E+01, -0.62037861E-03,  0.11191401E-02,  0.71925527E-04
     678.,  0.13338402E+02,  0.11170857E+02, -0.11976790E+01, -0.67509518E-03,  0.11167652E-02,  0.11779605E-03
     679.,  0.12512059E+02,  0.11108161E+02, -0.11976790E+01, -0.75114223E-03,  0.11425392E-02,  0.14237231E-03
     680.,  0.11667334E+02,  0.11067117E+02, -0.11976790E+01, -0.84708180E-03,  0.12139610E-02,  0.15634692E-03
     681.,  0.10812349E+02,  0.11052799E+02, -0.11976790E+01, -0.95494675E-03,  0.13460507E-02,  0.17135988E-03
     682.,  0.99573637E+01,  0.11067117E+02, -0.11976790E+01, -0.10612901E-02,  0.15454048E-02,  0.19953493E-03
     683.,  0.91126394E+01,  0.11108161E+02, -0.11976790E+01, -0.11520653E-02,  0.18068887E-02,  0.25253906E-03
     684.,  0.82862959E+01,  0.11170857E+02, -0.11976790E+01, -0.12180974E-02,  0.21155766E-02,  0.33697397E-03
     685.,  0.74831255E+01,  0.11248552E+02, -0.11976790E+01, -0.12572116E-02,  0.24523241E-02,  0.44717509E-03
     686.,  0.67046249E+01,  0.11334641E+02, -0.11976790E+01, -0.12726108E-02,  0.27991247E-02,  0.56051773E-03
     687.,  0.59498289E+01,  0.11423639E+02, -0.11976790E+01, -0.12697413E-02,  0.31418632E-02,  0.63901442E-03
     688.,  0.52163497E+01,  0.11511571E+02, -0.11976790E+01, -0.12539304E-02,  0.34709647E-02,  0.64179875E-03
     689.,  0.45012315E+01,  0.11595882E+02, -0.11976790E+01, -0.12295192E-02,  0.37806880E-02,  0.54711954E-03
     690.,  0.44173534E+01,  0.12307381E+02, -0.11976790E+01, -0.96073977E-03,  0.38250238E-02,  0.27483634E-03
     691.,  0.43298789E+01,  0.13037043E+02, -0.11976790E+01, -0.69645857E-03,  0.38808053E-02, -0.66938290E-04
     692.,  0.42413158E+01,  0.13787783E+02, -0.11976790E+01, -0.43117815E-03,  0.39498276E-02, -0.56506222E-03
     693.,  0.41555621E+01,  0.14561964E+02, -0.11976790E+01, -0.16038971E-03,  0.40348382E-02, -0.13955191E-02
     694.,  0.40779958E+01,  0.15360572E+02, -0.11976790E+01,  0.12151489E-03,  0.41387886E-02, -0.29499988E-02
     695.,  0.40151077E+01,  0.16182199E+02, -0.11976790E+01,  0.43634761E-03,  0.42592353E-02, -0.61093981E-02
     696.,  0.39734745E+01,  0.17022220E+02, -0.11976790E+01,  0.82996710E-03,  0.43999100E-02, -0.12808089E-01
     697.,  0.39581721E+01,  0.17872728E+02, -0.11976790E+01,  0.13560478E-02,  0.46228870E-02, -0.28457420E-01
     698.,  0.39712209E+01,  0.18723659E+02, -0.11976790E+01,  0.31667449E-02,  0.44185168E-02, -0.66526975E-01
     699.,  0.40108927E+01,  0.19564854E+02, -0.11976790E+01,  0.10485660E-01,  0.72363990E-03, -0.15041426E+00
     700.,  0.40723061E+01,  0.20388177E+02, -0.11976790E+01,  0.31234010E-01, -0.14815458E-01, -0.30305516E+00
     701.,  0.41489419E+01,  0.21188727E+02, -0.11976790E+01,  0.70509466E-01, -0.50477857E-01, -0.52357144E+00
     702.,  0.42342548E+01,  0.21964861E+02, -0.11976790E+01,  0.12322650E+00, -0.10369085E+00, -0.78439069E+00
     703.,  0.43227561E+01,  0.22717410E+02, -0.11976790E+01,  0.18019291E+00, -0.16398816E+00, -0.10557889E+01
     704.,  0.44104277E+01,  0.23448662E+02, -0.11976790E+01,  0.23616137E+00, -0.22375968E+00, -0.13221273E+01
     705.,  0.39035043E+01,  0.24746755E+02, -0.11976790E+01,  0.36277043E+00, -0.35558890E+00, -0.19851753E+01
     706.,  0.47296296E+01,  0.24789162E+02, -0.11976790E+01,  0.31963125E+00, -0.31181516E+00, -0.17336636E+01
     707.,  0.55650125E+01,  0.24833483E+02, -0.11976790E+01,  0.27394550E+00, -0.26448299E+00, -0.14741180E+01
     708.,  0.64111830E+01,  0.24878446E+02, -0.11976790E+01,  0.23368645E+00, -0.22269306E+00, -0.12372915E+01
     709.,  0.72693970E+01,  0.24922044E+02, -0.11976790E+01,  0.19046187E+00, -0.17304800E+00, -0.99650105E+00
     710.,  0.81401950E+01,  0.24961485E+02, -0.11976790E+01,  0.13107778E+00, -0.10027392E+00, -0.70450924E+00
     711.,  0.90228584E+01,  0.24993381E+02, -0.11976790E+01,  0.76332922E-01, -0.35300956E-01, -0.41262904E+00
     712.,  0.99149629E+01,  0.25014296E+02, -0.11976790E+01,  0.32869019E-01, -0.38492043E-03, -0.14314696E+00
     713.,  0.10812349E+02,  0.25021599E+02, -0.11976790E+01, -0.41327288E-02,  0.14038351E-02,  0.11823977E+00
     714.,  0.11709735E+02,  0.25014296E+02, -0.11976790E+01, -0.40856509E-01, -0.12899178E-01,  0.35832249E+00
     715.,  0.12601839E+02,  0.24993381E+02, -0.11976790E+01, -0.78085017E-01, -0.79846316E-01,  0.56309645E+00
     716.,  0.13484503E+02,  0.24961485E+02, -0.11976790E+01, -0.10518549E+00, -0.13818756E+00,  0.76858324E+00
     717.,  0.14355301E+02,  0.24922044E+02, -0.11976790E+01, -0.13712533E+00, -0.18423078E+00,  0.98483951E+00
     718.,  0.15213515E+02,  0.24878446E+02, -0.11976790E+01, -0.18767369E+00, -0.25444012E+00,  0.12459279E+01
     719.,  0.16059685E+02,  0.24833483E+02, -0.11976790E+01, -0.23595607E+00, -0.32388919E+00,  0.15071211E+01
     720.,  0.16895068E+02,  0.24789162E+02, -0.11976790E+01, -0.27485460E+00, -0.37909550E+00,  0.17428772E+01
     721.,  0.17721194E+02,  0.24746755E+02, -0.11976790E+01, -0.31117758E+00, -0.43119137E+00,  0.19707023E+01
     722.,  0.17763310E+02,  0.23923924E+02, -0.11976790E+01, -0.24019328E+00, -0.32822281E+00,  0.15863213E+01
     723.,  0.17807145E+02,  0.23091892E+02, -0.11976790E+01, -0.16819649E+00, -0.22401698E+00,  0.11974612E+01
     724.,  0.17851396E+02,  0.22249211E+02, -0.11976790E+01, -0.99098342E-01, -0.12483460E+00,  0.81442339E+00
     725.,  0.17894052E+02,  0.21394738E+02, -0.11976790E+01, -0.42050355E-01, -0.46157932E-01,  0.46616910E+00
     726.,  0.17932370E+02,  0.20528057E+02, -0.11976790E+01, -0.10718974E-01, -0.73781525E-02,  0.21035083E+00
     727.,  0.17963077E+02,  0.19649989E+02, -0.11976790E+01, -0.18042060E-02,  0.11372309E-02,  0.76751450E-01
     728.,  0.17982913E+02,  0.18762985E+02, -0.11976790E+01, -0.47356018E-03,  0.15665582E-02,  0.26907011E-01
     729.,  0.17989437E+02,  0.17871114E+02, -0.11976790E+01, -0.37321873E-03,  0.14102622E-02,  0.10196759E-01
     730.,  0.17981786E+02,  0.16979453E+02, -0.11976790E+01, -0.36669022E-03,  0.13504212E-02,  0.36470178E-02
     731.,  0.17960970E+02,  0.16093037E+02, -0.11976790E+01, -0.40274473E-03,  0.12902288E-02,  0.10574148E-02
     732.,  0.17929526E+02,  0.15215817E+02, -0.11976790E+01, -0.43110672E-03,  0.12493950E-02,  0.77704623E-04
     733.,  0.17890742E+02,  0.14350106E+02, -0.11976790E+01, -0.45807065E-03,  0.12161339E-02, -0.27728629E-03
     734.,  0.17847866E+02,  0.13496610E+02, -0.11976790E+01, -0.48635378E-03,  0.11917082E-02, -0.41599820E-03
     735.,  0.17803584E+02,  0.12654834E+02, -0.11976790E+01, -0.51433080E-03,  0.11757974E-02, -0.47325116E-03
     736.,  0.17759847E+02,  0.11823596E+02, -0.11976790E+01, -0.53701862E-03,  0.11676731E-02, -0.50411214E-03
     737.,  0.17717908E+02,  0.11001440E+02, -0.11976790E+01, -0.55062455E-03,  0.11654777E-02, -0.52532068E-03
     738.,  0.16891599E+02,  0.10959285E+02, -0.11976790E+01, -0.55365745E-03,  0.11682177E-02, -0.35439129E-03
     739.,  0.16056109E+02,  0.10915319E+02, -0.11976790E+01, -0.56348712E-03,  0.11605871E-02, -0.19480628E-03
     740.,  0.15209961E+02,  0.10870820E+02, -0.11976790E+01, -0.58478675E-03,  0.11449495E-02, -0.59262429E-04
     741.,  0.14351961E+02,  0.10827776E+02, -0.11976790E+01, -0.62346848E-03,  0.11287378E-02,  0.41358193E-04
     742.,  0.13481625E+02,  0.10788928E+02, -0.11976790E+01, -0.68544585E-03,  0.11243150E-02,  0.10490749E-03
     743.,  0.12599704E+02,  0.10757580E+02, -0.11976790E+01, -0.77436050E-03,  0.11487301E-02,  0.13945178E-03
     744.,  0.11708592E+02,  0.10737058E+02, -0.11976790E+01, -0.88879041E-03,  0.12213918E-02,  0.15915453E-03
     745.,  0.10812349E+02,  0.10729899E+02, -0.11976790E+01, -0.10201931E-02,  0.13591125E-02,  0.18016122E-03
     746.,  0.99161063E+01,  0.10737058E+02, -0.11976790E+01, -0.11539715E-02,  0.15700671E-02,  0.21946321E-03
     747.,  0.90249942E+01,  0.10757580E+02, -0.11976790E+01, -0.12741841E-02,  0.18502510E-02,  0.29346325E-03
     748.,  0.81430724E+01,  0.10788928E+02, -0.11976790E+01, -0.13690726E-02,  0.21849591E-02,  0.41089148E-03
     749.,  0.72727372E+01,  0.10827776E+02, -0.11976790E+01, -0.14338614E-02,  0.25539923E-02,  0.56116566E-03
     750.,  0.64147369E+01,  0.10870820E+02, -0.11976790E+01, -0.14700612E-02,  0.29370040E-02,  0.70717427E-03
     751.,  0.55685889E+01,  0.10915319E+02, -0.11976790E+01, -0.14831624E-02,  0.33167816E-02,  0.79435137E-03
     752.,  0.47330993E+01,  0.10959285E+02, -0.11976790E+01, -0.14800102E-02,  0.36809424E-02,  0.77972776E-03
     753.,  0.39067902E+01,  0.11001440E+02, -0.11976790E+01, -0.14670265E-02,  0.40247643E-02,  0.66446151E-03
     754.,  0.38648512E+01,  0.11823596E+02, -0.11976790E+01, -0.11425618E-02,  0.40458294E-02,  0.30936143E-03
     755.,  0.38211139E+01,  0.12654834E+02, -0.11976790E+01, -0.83067032E-03,  0.40777346E-02, -0.13790904E-03
     756.,  0.37768324E+01,  0.13496610E+02, -0.11976790E+01, -0.52752280E-03,  0.41252138E-02, -0.79219752E-03
     757.,  0.37339555E+01,  0.14350106E+02, -0.11976790E+01, -0.22525300E-03,  0.41933097E-02, -0.18931074E-02
     758.,  0.36951723E+01,  0.15215817E+02, -0.11976790E+01,  0.82422470E-04,  0.42901187E-02, -0.39436524E-02
     759.,  0.36637283E+01,  0.16093037E+02, -0.11976790E+01,  0.41764011E-03,  0.44228340E-02, -0.80554303E-02
     760.,  0.36429117E+01,  0.16979453E+02, -0.11976790E+01,  0.86546260E-03,  0.45937201E-02, -0.16697733E-01
     761.,  0.36352605E+01,  0.17871114E+02, -0.11976790E+01,  0.15448464E-02,  0.49493180E-02, -0.37542667E-01
     762.,  0.36417849E+01,  0.18762985E+02, -0.11976790E+01,  0.41113330E-02,  0.49333870E-02, -0.91194794E-01
     763.,  0.36616208E+01,  0.19649989E+02, -0.11976790E+01,  0.15149824E-01, -0.97526522E-03, -0.21200257E+00
     764.,  0.36923275E+01,  0.20528057E+02, -0.11976790E+01,  0.46507646E-01, -0.26505058E-01, -0.42490716E+00
     765.,  0.37306454E+01,  0.21394738E+02, -0.11976790E+01,  0.10194776E+00, -0.80311614E-01, -0.71507903E+00
     766.,  0.37733019E+01,  0.22249211E+02, -0.11976790E+01,  0.16998605E+00, -0.15154933E+00, -0.10410052E+01
     767.,  0.38175525E+01,  0.23091892E+02, -0.11976790E+01,  0.23988742E+00, -0.22631016E+00, -0.13716398E+01
     768.,  0.38613883E+01,  0.23923924E+02, -0.11976790E+01,  0.30763140E+00, -0.29891666E+00, -0.16950742E+01
     769.,  0.33123489E+01,  0.25331999E+02, -0.11976790E+01,  0.39747057E+00, -0.39649489E+00, -0.22836121E+01
     770.,  0.42498489E+01,  0.25331999E+02, -0.11976790E+01,  0.34608810E+00, -0.34522573E+00, -0.19801353E+01
     771.,  0.51873489E+01,  0.25331999E+02, -0.11976790E+01,  0.29466952E+00, -0.29384983E+00, -0.16782945E+01
     772.,  0.61248489E+01,  0.25331999E+02, -0.11976790E+01,  0.24406534E+00, -0.23610103E+00, -0.13772530E+01
     773.,  0.70623489E+01,  0.25331999E+02, -0.11976790E+01,  0.18680265E+00, -0.17016603E+00, -0.10731217E+01
     774.,  0.79998489E+01,  0.25331999E+02, -0.11976790E+01,  0.13196073E+00, -0.10276299E+00, -0.77155771E+00
     775.,  0.89373489E+01,  0.25331999E+02, -0.11976790E+01,  0.83040624E-01, -0.38292585E-01, -0.47025476E+00
     776.,  0.98748489E+01,  0.25331999E+02, -0.11976790E+01,  0.40958076E-01, -0.17962776E-10, -0.17211816E+00
     777.,  0.10812349E+02,  0.25331999E+02, -0.11976790E+01, -0.73704576E-02, -0.92366682E-11,  0.12500194E+00
     778.,  0.11749849E+02,  0.25331999E+02, -0.11976790E+01, -0.55698992E-01, -0.50722340E-12,  0.42212205E+00
     779.,  0.12687349E+02,  0.25331999E+02, -0.11976790E+01, -0.95376962E-01, -0.10928454E+00,  0.71276318E+00
     780.,  0.13624849E+02,  0.25331999E+02, -0.11976790E+01, -0.14226581E+00, -0.19973469E+00,  0.99105397E+00
     781.,  0.14562349E+02,  0.25331999E+02, -0.11976790E+01, -0.19352867E+00, -0.25560238E+00,  0.12727033E+01
     782.,  0.15499849E+02,  0.25331999E+02, -0.11976790E+01, -0.24560995E+00, -0.33708607E+00,  0.15565959E+01
     783.,  0.16437349E+02,  0.25331999E+02, -0.11976790E+01, -0.29475224E+00, -0.40691292E+00,  0.18496752E+01
     784.,  0.17374849E+02,  0.25331999E+02, -0.11976790E+01, -0.34232293E+00, -0.47628263E+00,  0.21378998E+01
     785.,  0.18312349E+02,  0.25331999E+02, -0.11976790E+01, -0.38978553E+00, -0.54380655E+00,  0.24248228E+01
     786.,  0.18312349E+02,  0.24399186E+02, -0.11976790E+01, -0.30930064E+00, -0.42780816E+00,  0.19810312E+01
     787.,  0.18312349E+02,  0.23466374E+02, -0.11976790E+01, -0.22335218E+00, -0.30255873E+00,  0.15220471E+01
     788.,  0.18312349E+02,  0.22533562E+02, -0.11976790E+01, -0.13862135E+00, -0.17923194E+00,  0.10656072E+01
     789.,  0.18312349E+02,  0.21600749E+02, -0.11976790E+01, -0.63338767E-01, -0.71415337E-01,  0.63347999E+00
     790.,  0.18312349E+02,  0.20667936E+02, -0.11976790E+01, -0.16576266E-01, -0.10233213E-01,  0.28837398E+00
     791.,  0.18312349E+02,  0.19735124E+02, -0.11976790E+01, -0.27045461E-02,  0.18713383E-02,  0.98972982E-01
     792.,  0.18312349E+02,  0.18802311E+02, -0.11976790E+01, -0.60635234E-03,  0.15984134E-02,  0.33012407E-01
     793.,  0.18312349E+02,  0.17869499E+02, -0.11976790E+01, -0.39606982E-03,  0.14379037E-02,  0.12376036E-01
     794.,  0.18312349E+02,  0.16936686E+02, -0.11976790E+01, -0.37650237E-03,  0.13320760E-02,  0.44637563E-02
     795.,  0.18312349E+02,  0.16003874E+02, -0.11976790E+01, -0.41182527E-03,  0.12771555E-02,  0.12532601E-02
     796.,  0.18312349E+02,  0.15071061E+02, -0.11976790E+01, -0.44021642E-03,  0.12326578E-02,  0.64220740E-04
     797.,  0.18312349E+02,  0.14138249E+02, -0.11976790E+01, -0.46915595E-03,  0.11978356E-02, -0.37026151E-03
     798.,  0.18312349E+02,  0.13205437E+02, -0.11976790E+01, -0.49938054E-03,  0.11730966E-02, -0.53225520E-03
     799.,  0.18312349E+02,  0.12272624E+02, -0.11976790E+01, -0.52723840E-03,  0.11610810E-02, -0.60138539E-03
     800.,  0.18312349E+02,  0.11339811E+02, -0.11976790E+01, -0.54587927E-03,  0.11589907E-02, -0.64068626E-03
     801.,  0.18312349E+02,  0.10406999E+02, -0.11976790E+01, -0.55662771E-03,  0.11594989E-02, -0.67198744E-03
     802.,  0.17374849E+02,  0.10406999E+02, -0.11976790E+01, -0.55610161E-03,  0.11674591E-02, -0.47321198E-03
     803.,  0.16437349E+02,  0.10406999E+02, -0.11976790E+01, -0.55854100E-03,  0.11667829E-02, -0.28401204E-03
     804.,  0.15499849E+02,  0.10406999E+02, -0.11976790E+01, -0.57388808E-03,  0.11547101E-02, -0.11819409E-03
     805.,  0.14562349E+02,  0.10406999E+02, -0.11976790E+01, -0.61216976E-03,  0.11389410E-02,  0.89778454E-05
     806.,  0.13624849E+02,  0.10406999E+02, -0.11976790E+01, -0.68133792E-03,  0.11332130E-02,  0.91194919E-04
     807.,  0.12687349E+02,  0.10406999E+02, -0.11976790E+01, -0.78565846E-03,  0.11565452E-02,  0.13623436E-03
     808.,  0.11749849E+02,  0.10406999E+02, -0.11976790E+01, -0.92308314E-03,  0.12304975E-02,  0.16174234E-03
     809.,  0.10812349E+02,  0.10406999E+02, -0.11976790E+01, -0.10837363E-02,  0.13738714E-02,  0.18879334E-03
     810.,  0.98748489E+01,  0.10406999E+02, -0.11976790E+01, -0.12511836E-02,  0.15965062E-02,  0.23981081E-03
     811.,  0.89373489E+01,  0.10406999E+02, -0.11976790E+01, -0.14067964E-02,  0.18954499E-02,  0.33665631E-03
     812.,  0.79998489E+01,  0.10406999E+02, -0.11976790E+01, -0.15351189E-02,  0.22559684E-02,  0.49066701E-03
     813.,  0.70623489E+01,  0.10406999E+02, -0.11976790E+01, -0.16273916E-02,  0.26563967E-02,  0.68508749E-03
     814.,  0.61248489E+01,  0.10406999E+02, -0.11976790E+01, -0.16823263E-02,  0.30736635E-02,  0.86563440E-03
     815.,  0.51873489E+01,  0.10406999E+02, -0.11976790E+01, -0.17054106E-02,  0.34873231E-02,  0.96093110E-03
     816.,  0.42498489E+01,  0.10406999E+02, -0.11976790E+01, -0.17089081E-02,  0.38834724E-02,  0.93107623E-03
     817.,  0.33123489E+01,  0.10406999E+02, -0.11976790E+01, -0.17079316E-02,  0.42657422E-02,  0.80994243E-03
     818.,  0.33123489E+01,  0.11339811E+02, -0.11976790E+01, -0.13320644E-02,  0.42646501E-02,  0.39143977E-03
     819.,  0.33123489E+01,  0.12272624E+02, -0.11976790E+01, -0.96979007E-03,  0.42675118E-02, -0.13162916E-03
     820.,  0.33123489E+01,  0.13205437E+02, -0.11976790E+01, -0.62568057E-03,  0.42876375E-02, -0.91131933E-03
     821.,  0.33123489E+01,  0.14138249E+02, -0.11976790E+01, -0.29105788E-03,  0.43356408E-02, -0.22349385E-02
     822.,  0.33123489E+01,  0.15071061E+02, -0.11976790E+01,  0.45803626E-04,  0.44188801E-02, -0.47310109E-02
     823.,  0.33123489E+01,  0.16003874E+02, -0.11976790E+01,  0.40412211E-03,  0.45546768E-02, -0.97202059E-02
     824.,  0.33123489E+01,  0.16936686E+02, -0.11976790E+01,  0.89943611E-03,  0.47701726E-02, -0.20067330E-01
     825.,  0.33123489E+01,  0.17869499E+02, -0.11976790E+01,  0.17973936E-02,  0.52631664E-02, -0.45426034E-01
     826.,  0.33123489E+01,  0.18802311E+02, -0.11976790E+01,  0.52842174E-02,  0.59611788E-02, -0.11428958E+00
     827.,  0.33123489E+01,  0.19735124E+02, -0.11976790E+01,  0.20428829E-01, -0.13510689E-02, -0.27447486E+00
     828.,  0.33123489E+01,  0.20667936E+02, -0.11976790E+01,  0.63733429E-01, -0.39053762E-01, -0.55392874E+00
     829.,  0.33123489E+01,  0.21600749E+02, -0.11976790E+01,  0.13618441E+00, -0.11358329E+00, -0.91543013E+00
     830.,  0.33123489E+01,  0.22533562E+02, -0.11976790E+01,  0.21855963E+00, -0.20172076E+00, -0.13026346E+01
     831.,  0.33123489E+01,  0.23466374E+02, -0.11976790E+01,  0.30116236E+00, -0.29068891E+00, -0.16914902E+01
     832.,  0.33123489E+01,  0.24399186E+02, -0.11976790E+01,  0.38169474E+00, -0.37640833E+00, -0.20754155E+01
     833.,  0.33123489E+01,  0.25331999E+02, -0.19237207E+01,  0.62594433E+00, -0.30562633E+00, -0.22405938E+01
     834.,  0.42498489E+01,  0.25331999E+02, -0.19237207E+01,  0.57425167E+00, -0.25473380E+00, -0.19377182E+01
     835.,  0.51873489E+01,  0.25331999E+02, -0.19237207E+01,  0.52296327E+00, -0.20046531E+00, -0.16355689E+01
     836.,  0.61248489E+01,  0.25331999E+02, -0.19237207E+01,  0.46542217E+00, -0.94008493E-01, -0.13268811E+01
     837.,  0.70623489E+01,  0.25331999E+02, -0.19237207E+01,  0.41604669E+00, -0.24334373E-10, -0.10260507E+01
     838.,  0.79998489E+01,  0.25331999E+02, -0.19237207E+01,  0.36771816E+00, -0.15610069E-10, -0.72893059E+00
     839.,  0.89373489E+01,  0.25331999E+02, -0.19237207E+01,  0.31938962E+00, -0.68845243E-11, -0.43181049E+00
     840.,  0.98748489E+01,  0.25331999E+02, -0.19237207E+01,  0.27106109E+00,  0.18407863E-11, -0.13469039E+00
     841.,  0.10812349E+02,  0.25331999E+02, -0.19237207E+01,  0.22273255E+00,  0.10567300E-10,  0.16242971E+00
     842.,  0.11749849E+02,  0.25331999E+02, -0.19237207E+01,  0.17440402E+00,  0.19282767E-10,  0.45954981E+00
     843.,  0.12687349E+02,  0.25331999E+02, -0.19237207E+01,  0.12607549E+00,  0.28018916E-10,  0.75666991E+00
     844.,  0.13624849E+02,  0.25331999E+02, -0.19237207E+01,  0.77746952E-01,  0.36737201E-10,  0.10537900E+01
     845.,  0.14562349E+02,  0.25331999E+02, -0.19237207E+01,  0.29418418E-01,  0.45457215E-10,  0.13509101E+01
     846.,  0.15499849E+02,  0.25331999E+02, -0.19237207E+01, -0.17662469E-01, -0.81918251E-01,  0.16444836E+01
     847.,  0.16437349E+02,  0.25331999E+02, -0.19237207E+01, -0.66292469E-01, -0.16743832E+00,  0.19300658E+01
     848.,  0.17374849E+02,  0.25331999E+02, -0.19237207E+01, -0.11568766E+00, -0.22084975E+00,  0.22232657E+01
     849.,  0.18312349E+02,  0.25331999E+02, -0.19237207E+01, -0.16469960E+00, -0.26669832E+00,  0.25183553E+01
     850.,  0.33123489E+01,  0.25331999E+02, -0.26497623E+01,  0.84385417E+00, -0.12233809E+00, -0.21827808E+01
     851.,  0.42498489E+01,  0.25331999E+02, -0.26497623E+01,  0.79417595E+00, -0.92071887E-01, -0.18845200E+01
     852.,  0.51873489E+01,  0.25331999E+02, -0.26497623E+01,  0.74401197E+00, -0.53048641E-01, -0.15847611E+01
     853.,  0.61248489E+01,  0.25331999E+02, -0.26497623E+01,  0.69447823E+00, -0.13252444E-10, -0.12857430E+01
     854.,  0.70623489E+01,  0.25331999E+02, -0.26497623E+01,  0.64614970E+00, -0.45318705E-11, -0.98862293E+00
     855.,  0.79998489E+01,  0.25331999E+02, -0.26497623E+01,  0.59782117E+00,  0.41957568E-11, -0.69150283E+00
     856.,  0.89373489E+01,  0.25331999E+02, -0.26497623E+01,  0.54949263E+00,  0.12913697E-10, -0.39438273E+00
     857.,  0.98748489E+01,  0.25331999E+02, -0.26497623E+01,  0.50116410E+00,  0.21641983E-10, -0.97262626E-01
     858.,  0.10812349E+02,  0.25331999E+02, -0.26497623E+01,  0.45283556E+00,  0.30369736E-10,  0.19985747E+00
     859.,  0.11749849E+02,  0.25331999E+02, -0.26497623E+01,  0.40450703E+00,  0.39094466E-10,  0.49697757E+00
     860.,  0.12687349E+02,  0.25331999E+02, -0.26497623E+01,  0.35617850E+00,  0.47813997E-10,  0.79409767E+00
     861.,  0.13624849E+02,  0.25331999E+02, -0.26497623E+01,  0.30784996E+00,  0.56536823E-10,  0.10912178E+01
     862.,  0.14562349E+02,  0.25331999E+02, -0.26497623E+01,  0.25952143E+00,  0.65261272E-10,  0.13883379E+01
     863.,  0.15499849E+02,  0.25331999E+02, -0.26497623E+01,  0.21119289E+00,  0.73991106E-10,  0.16854580E+01
     864.,  0.16437349E+02,  0.25331999E+02, -0.26497623E+01,  0.16317063E+00, -0.38612670E-01,  0.19808331E+01
     865.,  0.17374849E+02,  0.25331999E+02, -0.26497623E+01,  0.11481760E+00, -0.82271333E-01,  0.22754934E+01
     866.,  0.18312349E+02,  0.25331999E+02, -0.26497623E+01,  0.65413359E-01, -0.10156932E+00,  0.25742191E+01
     867.,  0.33123489E+01,  0.25331999E+02, -0.33758040E+01,  0.10694655E+01, -0.14877232E-01, -0.21391138E+01
     868.,  0.42498489E+01,  0.25331999E+02, -0.33758040E+01,  0.10212383E+01, -0.10912891E-10, -0.18425555E+01
     869.,  0.51873489E+01,  0.25331999E+02, -0.33758040E+01,  0.97290978E+00, -0.21844595E-11, -0.15454354E+01
     870.,  0.61248489E+01,  0.25331999E+02, -0.33758040E+01,  0.92458125E+00,  0.65356093E-11, -0.12483153E+01
     871.,  0.70623489E+01,  0.25331999E+02, -0.33758040E+01,  0.87625271E+00,  0.15270554E-10, -0.95119516E+00
     872.,  0.79998489E+01,  0.25331999E+02, -0.33758040E+01,  0.82792418E+00,  0.24002403E-10, -0.65407506E+00
     873.,  0.89373489E+01,  0.25331999E+02, -0.33758040E+01,  0.77959564E+00,  0.32716468E-10, -0.35695496E+00
     874.,  0.98748489E+01,  0.25331999E+02, -0.33758040E+01,  0.73126711E+00,  0.41445851E-10, -0.59834862E-01
     875.,  0.10812349E+02,  0.25331999E+02, -0.33758040E+01,  0.68293858E+00,  0.50170025E-10,  0.23728524E+00
     876.,  0.11749849E+02,  0.25331999E+02, -0.33758040E+01,  0.63461004E+00,  0.58901285E-10,  0.53440534E+00
     877.,  0.12687349E+02,  0.25331999E+02, -0.33758040E+01,  0.58628151E+00,  0.67622899E-10,  0.83152544E+00
     878.,  0.13624849E+02,  0.25331999E+02, -0.33758040E+01,  0.53795297E+00,  0.76346111E-10,  0.11286455E+01
     879.,  0.14562349E+02,  0.25331999E+02, -0.33758040E+01,  0.48962444E+00,  0.85073330E-10,  0.14257656E+01
     880.,  0.15499849E+02,  0.25331999E+02, -0.33758040E+01,  0.44129591E+00,  0.93792224E-10,  0.17228857E+01
     881.,  0.16437349E+02,  0.25331999E+02, -0.33758040E+01,  0.39296737E+00,  0.10252758E-09,  0.20200058E+01
     882.,  0.17374849E+02,  0.25331999E+02, -0.33758040E+01,  0.34490939E+00, -0.18243556E-01,  0.23166347E+01
     883.,  0.18312349E+02,  0.25331999E+02, -0.33758040E+01,  0.29625156E+00, -0.26347918E-01,  0.26142359E+01
     884.,  0.33123489E+01,  0.25331999E+02, -0.41018457E+01,  0.12996400E+01,  0.18483397E-02, -0.21021327E+01
     885.,  0.42498489E+01,  0.25331999E+02, -0.41018457E+01,  0.12513413E+01,  0.88945134E-11, -0.18051277E+01
     886.,  0.51873489E+01,  0.25331999E+02, -0.41018457E+01,  0.12030128E+01,  0.17619878E-10, -0.15080076E+01
     887.,  0.61248489E+01,  0.25331999E+02, -0.41018457E+01,  0.11546843E+01,  0.26352638E-10, -0.12108875E+01
     888.,  0.70623489E+01,  0.25331999E+02, -0.41018457E+01,  0.11063557E+01,  0.35064568E-10, -0.91376740E+00
     889.,  0.79998489E+01,  0.25331999E+02, -0.41018457E+01,  0.10580272E+01,  0.43794893E-10, -0.61664730E+00
     890.,  0.89373489E+01,  0.25331999E+02, -0.41018457E+01,  0.10096987E+01,  0.52527500E-10, -0.31952720E+00
     891.,  0.98748489E+01,  0.25331999E+02, -0.41018457E+01,  0.96137012E+00,  0.61253730E-10, -0.22407097E-01
     892.,  0.10812349E+02,  0.25331999E+02, -0.41018457E+01,  0.91304159E+00,  0.69972571E-10,  0.27471300E+00
     893.,  0.11749849E+02,  0.25331999E+02, -0.41018457E+01,  0.86471305E+00,  0.78700483E-10,  0.57183310E+00
     894.,  0.12687349E+02,  0.25331999E+02, -0.41018457E+01,  0.81638452E+00,  0.87417492E-10,  0.86895320E+00
     895.,  0.13624849E+02,  0.25331999E+02, -0.41018457E+01,  0.76805598E+00,  0.96150786E-10,  0.11660733E+01
     896.,  0.14562349E+02,  0.25331999E+02, -0.41018457E+01,  0.71972745E+00,  0.10486889E-09,  0.14631934E+01
     897.,  0.15499849E+02,  0.25331999E+02, -0.41018457E+01,  0.67139892E+00,  0.11360161E-09,  0.17603135E+01
     898.,  0.16437349E+02,  0.25331999E+02, -0.41018457E+01,  0.62307038E+00,  0.12232101E-09,  0.20574336E+01
     899.,  0.17374849E+02,  0.25331999E+02, -0.41018457E+01,  0.57474185E+00,  0.13105477E-09,  0.23545537E+01
     900.,  0.18312349E+02,  0.25331999E+02, -0.41018457E+01,  0.52650775E+00, -0.30747064E-02,  0.26516713E+01
     901.,  0.33123489E+01,  0.25331999E+02, -0.48278873E+01,  0.15297729E+01,  0.19980280E-10, -0.20648200E+01
     902.,  0.42498489E+01,  0.25331999E+02, -0.48278873E+01,  0.14814443E+01,  0.28701210E-10, -0.17676999E+01
     903.,  0.51873489E+01,  0.25331999E+02, -0.48278873E+01,  0.14331158E+01,  0.37425804E-10, -0.14705798E+01
     904.,  0.61248489E+01,  0.25331999E+02, -0.48278873E+01,  0.13847873E+01,  0.46149876E-10, -0.11734597E+01
     905.,  0.70623489E+01,  0.25331999E+02, -0.48278873E+01,  0.13364587E+01,  0.54878675E-10, -0.87633963E+00
     906.,  0.79998489E+01,  0.25331999E+02, -0.48278873E+01,  0.12881302E+01,  0.63600816E-10, -0.57921953E+00
     907.,  0.89373489E+01,  0.25331999E+02, -0.48278873E+01,  0.12398017E+01,  0.72325955E-10, -0.28209943E+00
     908.,  0.98748489E+01,  0.25331999E+02, -0.48278873E+01,  0.11914731E+01,  0.81053910E-10,  0.15020668E-01
     909.,  0.10812349E+02,  0.25331999E+02, -0.48278873E+01,  0.11431446E+01,  0.89769336E-10,  0.31214077E+00
     910.,  0.11749849E+02,  0.25331999E+02, -0.48278873E+01,  0.10948161E+01,  0.98502996E-10,  0.60926087E+00
     911.,  0.12687349E+02,  0.25331999E+02, -0.48278873E+01,  0.10464875E+01,  0.10722800E-09,  0.90638097E+00
     912.,  0.13624849E+02,  0.25331999E+02, -0.48278873E+01,  0.99815900E+00,  0.11594899E-09,  0.12035011E+01
     913.,  0.14562349E+02,  0.25331999E+02, -0.48278873E+01,  0.94983046E+00,  0.12467758E-09,  0.15006212E+01
     914.,  0.15499849E+02,  0.25331999E+02, -0.48278873E+01,  0.90150193E+00,  0.13340384E-09,  0.17977413E+01
     915.,  0.16437349E+02,  0.25331999E+02, -0.48278873E+01,  0.85317339E+00,  0.14212688E-09,  0.20948614E+01
     916.,  0.17374849E+02,  0.25331999E+02, -0.48278873E+01,  0.80484486E+00,  0.15084895E-09,  0.23919815E+01
     917.,  0.18312349E+02,  0.25331999E+02, -0.48278873E+01,  0.75651633E+00,  0.15957700E-09,  0.26891016E+01
     918.,  0.33123489E+01,  0.25331999E+02, -0.55539290E+01,  0.17598759E+01,  0.39779163E-10, -0.20273923E+01
     919.,  0.42498489E+01,  0.25331999E+02, -0.55539290E+01,  0.17115473E+01,  0.48505919E-10, -0.17302722E+01
     920.,  0.51873489E+01,  0.25331999E+02, -0.55539290E+01,  0.16632188E+01,  0.57226088E-10, -0.14331521E+01
     921.,  0.61248489E+01,  0.25331999E+02, -0.55539290E+01,  0.16148903E+01,  0.65955678E-10, -0.11360320E+01
     922.,  0.70623489E+01,  0.25331999E+02, -0.55539290E+01,  0.15665617E+01,  0.74674505E-10, -0.83891187E+00
     923.,  0.79998489E+01,  0.25331999E+02, -0.55539290E+01,  0.15182332E+01,  0.83405411E-10, -0.54179177E+00
     924.,  0.89373489E+01,  0.25331999E+02, -0.55539290E+01,  0.14699047E+01,  0.92134138E-10, -0.24467167E+00
     925.,  0.98748489E+01,  0.25331999E+02, -0.55539290E+01,  0.14215761E+01,  0.10085741E-09,  0.52448432E-01
     926.,  0.10812349E+02,  0.25331999E+02, -0.55539290E+01,  0.13732476E+01,  0.10958281E-09,  0.34956853E+00
     927.,  0.11749849E+02,  0.25331999E+02, -0.55539290E+01,  0.13249191E+01,  0.11830754E-09,  0.64668863E+00
     928.,  0.12687349E+02,  0.25331999E+02, -0.55539290E+01,  0.12765905E+01,  0.12703160E-09,  0.94380873E+00
     929.,  0.13624849E+02,  0.25331999E+02, -0.55539290E+01,  0.12282620E+01,  0.13575572E-09,  0.12409288E+01
     930.,  0.14562349E+02,  0.25331999E+02, -0.55539290E+01,  0.11799335E+01,  0.14447254E-09,  0.15380489E+01
     931.,  0.15499849E+02,  0.25331999E+02, -0.55539290E+01,  0.11316049E+01,  0.15320445E-09,  0.18351690E+01
     932.,  0.16437349E+02,  0.25331999E+02, -0.55539290E+01,  0.10832764E+01,  0.16193139E-09,  0.21322891E+01
     933.,  0.17374849E+02,  0.25331999E+02, -0.55539290E+01,  0.10349479E+01,  0.17065583E-09,  0.24294092E+01
     934.,  0.18312349E+02,  0.25331999E+02, -0.55539290E+01,  0.98661934E+00,  0.17937427E-09,  0.27265293E+01
     935.,  0.33123489E+01,  0.25331999E+02, -0.62799707E+01,  0.19899789E+01,  0.59586655E-10, -0.19899645E+01
     936.,  0.42498489E+01,  0.25331999E+02, -0.62799707E+01,  0.19416504E+01,  0.68309519E-10, -0.16928444E+01
     937.,  0.51873489E+01,  0.25331999E+02, -0.62799707E+01,  0.18933218E+01,  0.77028017E-10, -0.13957243E+01
     938.,  0.61248489E+01,  0.25331999E+02, -0.62799707E+01,  0.18449933E+01,  0.85756313E-10, -0.10986042E+01
     939.,  0.70623489E+01,  0.25331999E+02, -0.62799707E+01,  0.17966648E+01,  0.94478264E-10, -0.80148410E+00
     940.,  0.79998489E+01,  0.25331999E+02, -0.62799707E+01,  0.17483362E+01,  0.10320757E-09, -0.50436400E+00
     941.,  0.89373489E+01,  0.25331999E+02, -0.62799707E+01,  0.17000077E+01,  0.11193235E-09, -0.20724390E+00
     942.,  0.98748489E+01,  0.25331999E+02, -0.62799707E+01,  0.16516792E+01,  0.12066031E-09,  0.89876197E-01
     943.,  0.10812349E+02,  0.25331999E+02, -0.62799707E+01,  0.16033506E+01,  0.12938768E-09,  0.38699630E+00
     944.,  0.11749849E+02,  0.25331999E+02, -0.62799707E+01,  0.15550221E+01,  0.13811472E-09,  0.68411640E+00
     945.,  0.12687349E+02,  0.25331999E+02, -0.62799707E+01,  0.15066936E+01,  0.14683214E-09,  0.98123650E+00
     946.,  0.13624849E+02,  0.25331999E+02, -0.62799707E+01,  0.14583650E+01,  0.15555615E-09,  0.12783566E+01
     947.,  0.14562349E+02,  0.25331999E+02, -0.62799707E+01,  0.14100365E+01,  0.16428523E-09,  0.15754767E+01
     948.,  0.15499849E+02,  0.25331999E+02, -0.62799707E+01,  0.13617079E+01,  0.17300027E-09,  0.18725968E+01
     949.,  0.16437349E+02,  0.25331999E+02, -0.62799707E+01,  0.13133794E+01,  0.18173907E-09,  0.21697169E+01
     950.,  0.17374849E+02,  0.25331999E+02, -0.62799707E+01,  0.12650509E+01,  0.19046282E-09,  0.24668370E+01
     951.,  0.18312349E+02,  0.25331999E+02, -0.62799707E+01,  0.12167223E+01,  0.19917633E-09,  0.27639571E+01
     952.,  0.33123489E+01,  0.25331999E+02, -0.70060123E+01,  0.22200819E+01,  0.79384022E-10, -0.19525367E+01
     953.,  0.42498489E+01,  0.25331999E+02, -0.70060123E+01,  0.21717534E+01,  0.88103340E-10, -0.16554166E+01
     954.,  0.51873489E+01,  0.25331999E+02, -0.70060123E+01,  0.21234248E+01,  0.96827601E-10, -0.13582965E+01
     955.,  0.61248489E+01,  0.25331999E+02, -0.70060123E+01,  0.20750963E+01,  0.10555915E-09, -0.10611764E+01
     956.,  0.70623489E+01,  0.25331999E+02, -0.70060123E+01,  0.20267678E+01,  0.11428832E-09, -0.76405634E+00
     957.,  0.79998489E+01,  0.25331999E+02, -0.70060123E+01,  0.19784392E+01,  0.12301197E-09, -0.46693624E+00
     958.,  0.89373489E+01,  0.25331999E+02, -0.70060123E+01,  0.19301107E+01,  0.13173561E-09, -0.16981614E+00
     959.,  0.98748489E+01,  0.25331999E+02, -0.70060123E+01,  0.18817822E+01,  0.14046583E-09,  0.12730396E+00
     960.,  0.10812349E+02,  0.25331999E+02, -0.70060123E+01,  0.18334536E+01,  0.14918839E-09,  0.42442406E+00
     961.,  0.11749849E+02,  0.25331999E+02, -0.70060123E+01,  0.17851251E+01,  0.15791377E-09,  0.72154416E+00
     962.,  0.12687349E+02,  0.25331999E+02, -0.70060123E+01,  0.17367966E+01,  0.16663686E-09,  0.10186643E+01
     963.,  0.13624849E+02,  0.25331999E+02, -0.70060123E+01,  0.16884680E+01,  0.17536190E-09,  0.13157844E+01
     964.,  0.14562349E+02,  0.25331999E+02, -0.70060123E+01,  0.16401395E+01,  0.18409034E-09,  0.16129045E+01
     965.,  0.15499849E+02,  0.25331999E+02, -0.70060123E+01,  0.15918110E+01,  0.19281124E-09,  0.19100246E+01
     966.,  0.16437349E+02,  0.25331999E+02, -0.70060123E+01,  0.15434824E+01,  0.20154625E-09,  0.22071447E+01
     967.,  0.17374849E+02,  0.25331999E+02, -0.70060123E+01,  0.14951539E+01,  0.21026313E-09,  0.25042648E+01
     968.,  0.18312349E+02,  0.25331999E+02, -0.70060123E+01,  0.14468254E+01,  0.21898843E-09,  0.28013849E+01
     969.,  0.33123489E+01,  0.25331999E+02, -0.77320540E+01,  0.24501849E+01,  0.99191726E-10, -0.19151090E+01
     970.,  0.42498489E+01,  0.25331999E+02, -0.77320540E+01,  0.24018564E+01,  0.10791232E-09, -0.16179889E+01
     971.,  0.51873489E+01,  0.25331999E+02, -0.77320540E+01,  0.23535278E+01,  0.11663727E-09, -0.13208688E+01
     972.,  0.61248489E+01,  0.25331999E+02, -0.77320540E+01,  0.23051993E+01,  0.12536418E-09, -0.10237487E+01
     973.,  0.70623489E+01,  0.25331999E+02, -0.77320540E+01,  0.22568708E+01,  0.13408955E-09, -0.72662857E+00
     974.,  0.79998489E+01,  0.25331999E+02, -0.77320540E+01,  0.22085422E+01,  0.14281754E-09, -0.42950847E+00
     975.,  0.89373489E+01,  0.25331999E+02, -0.77320540E+01,  0.21602137E+01,  0.15153858E-09, -0.13238837E+00
     976.,  0.98748489E+01,  0.25331999E+02, -0.77320540E+01,  0.21118852E+01,  0.16027137E-09,  0.16473173E+00
     977.,  0.10812349E+02,  0.25331999E+02, -0.77320540E+01,  0.20635566E+01,  0.16899359E-09,  0.46185183E+00
     978.,  0.11749849E+02,  0.25331999E+02, -0.77320540E+01,  0.20152281E+01,  0.17771959E-09,  0.75897193E+00
     979.,  0.12687349E+02,  0.25331999E+02, -0.77320540E+01,  0.19668996E+01,  0.18644294E-09,  0.10560920E+01
     980.,  0.13624849E+02,  0.25331999E+02, -0.77320540E+01,  0.19185710E+01,  0.19517031E-09,  0.13532121E+01
     981.,  0.14562349E+02,  0.25331999E+02, -0.77320540E+01,  0.18702425E+01,  0.20389119E-09,  0.16503322E+01
     982.,  0.15499849E+02,  0.25331999E+02, -0.77320540E+01,  0.18219140E+01,  0.21261828E-09,  0.19474523E+01
     983.,  0.16437349E+02,  0.25331999E+02, -0.77320540E+01,  0.17735854E+01,  0.22134263E-09,  0.22445724E+01
     984.,  0.17374849E+02,  0.25331999E+02, -0.77320540E+01,  0.17252569E+01,  0.23007208E-09,  0.25416925E+01
     985.,  0.18312349E+02,  0.25331999E+02, -0.77320540E+01,  0.16769284E+01,  0.23878425E-09,  0.28388126E+01
     986.,  0.33123489E+01,  0.25331999E+02, -0.84580957E+01,  0.26802879E+01,  0.11899553E-09, -0.18776812E+01
     987.,  0.42498489E+01,  0.25331999E+02, -0.84580957E+01,  0.26319594E+01,  0.12771709E-09, -0.15805611E+01
     988.,  0.51873489E+01,  0.25331999E+02, -0.84580957E+01,  0.25836309E+01,  0.13644515E-09, -0.12834410E+01
     989.,  0.61248489E+01,  0.25331999E+02, -0.84580957E+01,  0.25353023E+01,  0.14517655E-09, -0.98632091E+00
     990.,  0.70623489E+01,  0.25331999E+02, -0.84580957E+01,  0.24869738E+01,  0.15390122E-09, -0.68920081E+00
     991.,  0.79998489E+01,  0.25331999E+02, -0.84580957E+01,  0.24386453E+01,  0.16262275E-09, -0.39208071E+00
     992.,  0.89373489E+01,  0.25331999E+02, -0.84580957E+01,  0.23903167E+01,  0.17134731E-09, -0.94960609E-01
     993.,  0.98748489E+01,  0.25331999E+02, -0.84580957E+01,  0.23419882E+01,  0.18007327E-09,  0.20215949E+00
     994.,  0.10812349E+02,  0.25331999E+02, -0.84580957E+01,  0.22936597E+01,  0.18880325E-09,  0.49927959E+00
     995.,  0.11749849E+02,  0.25331999E+02, -0.84580957E+01,  0.22453311E+01,  0.19751976E-09,  0.79639969E+00
     996.,  0.12687349E+02,  0.25331999E+02, -0.84580957E+01,  0.21970026E+01,  0.20624560E-09,  0.10935198E+01
     997.,  0.13624849E+02,  0.25331999E+02, -0.84580957E+01,  0.21486741E+01,  0.21496881E-09,  0.13906399E+01
     998.,  0.14562349E+02,  0.25331999E+02, -0.84580957E+01,  0.21003455E+01,  0.22369618E-09,  0.16877600E+01
     999.,  0.15499849E+02,  0.25331999E+02, -0.84580957E+01,  0.20520170E+01,  0.23242186E-09,  0.19848801E+01
    1000.,  0.16437349E+02,  0.25331999E+02, -0.84580957E+01,  0.20036884E+01,  0.24114987E-09,  0.22820002E+01
    1001.,  0.17374849E+02,  0.25331999E+02, -0.84580957E+01,  0.19553599E+01,  0.24987264E-09,  0.25791203E+01
    1002.,  0.18312349E+02,  0.25331999E+02, -0.84580957E+01,  0.19070314E+01,  0.25860149E-09,  0.28762404E+01
    1003.,  0.33123489E+01,  0.25331999E+02, -0.91841373E+01,  0.29103909E+01,  0.13880442E-09, -0.18402534E+01
    1004.,  0.42498489E+01,  0.25331999E+02, -0.91841373E+01,  0.28620624E+01,  0.14752423E-09, -0.15431333E+01
    1005.,  0.51873489E+01,  0.25331999E+02, -0.91841373E+01,  0.28137339E+01,  0.15624337E-09, -0.12460132E+01
    1006.,  0.61248489E+01,  0.25331999E+02, -0.91841373E+01,  0.27654053E+01,  0.16497517E-09, -0.94889315E+00
    1007.,  0.70623489E+01,  0.25331999E+02, -0.91841373E+01,  0.27170768E+01,  0.17369515E-09, -0.65177305E+00
    1008.,  0.79998489E+01,  0.25331999E+02, -0.91841373E+01,  0.26687483E+01,  0.18243064E-09, -0.35465295E+00
    1009.,  0.89373489E+01,  0.25331999E+02, -0.91841373E+01,  0.26204197E+01,  0.19114914E-09, -0.57532845E-01
    1010.,  0.98748489E+01,  0.25331999E+02, -0.91841373E+01,  0.25720912E+01,  0.19987402E-09,  0.23958726E+00
    1011.,  0.10812349E+02,  0.25331999E+02, -0.91841373E+01,  0.25237627E+01,  0.20859547E-09,  0.53670736E+00
    1012.,  0.11749849E+02,  0.25331999E+02, -0.91841373E+01,  0.24754341E+01,  0.21732736E-09,  0.83382746E+00
    1013.,  0.12687349E+02,  0.25331999E+02, -0.91841373E+01,  0.24271056E+01,  0.22604891E-09,  0.11309476E+01
    1014.,  0.13624849E+02,  0.25331999E+02, -0.91841373E+01,  0.23787771E+01,  0.23476790E-09,  0.14280677E+01
    1015.,  0.14562349E+02,  0.25331999E+02, -0.91841373E+01,  0.23304485E+01,  0.24349975E-09,  0.17251878E+01
    1016.,  0.15499849E+02,  0.25331999E+02, -0.91841373E+01,  0.22821200E+01,  0.25222190E-09,  0.20223079E+01
    1017.,  0.16437349E+02,  0.25331999E+02, -0.91841373E+01,  0.22337915E+01,  0.26095095E-09,  0.23194280E+01
    1018.,  0.17374849E+02,  0.25331999E+02, -0.91841373E+01,  0.21854629E+01,  0.26968029E-09,  0.26165481E+01
    1019.,  0.18312349E+02,  0.25331999E+02, -0.91841373E+01,  0.21371344E+01,  0.27840616E-09,  0.29136682E+01
    1020.,  0.33123489E+01,  0.25331999E+02, -0.99101790E+01,  0.31404939E+01,  0.15860068E-09, -0.18028257E+01
    1021.,  0.42498489E+01,  0.25331999E+02, -0.99101790E+01,  0.30921654E+01,  0.16732743E-09, -0.15057056E+01
    1022.,  0.51873489E+01,  0.25331999E+02, -0.99101790E+01,  0.30438369E+01,  0.17604882E-09, -0.12085855E+01
    1023.,  0.61248489E+01,  0.25331999E+02, -0.99101790E+01,  0.29955083E+01,  0.18477597E-09, -0.91146538E+00
    1024.,  0.70623489E+01,  0.25331999E+02, -0.99101790E+01,  0.29471798E+01,  0.19350229E-09, -0.61434528E+00
    1025.,  0.79998489E+01,  0.25331999E+02, -0.99101790E+01,  0.28988513E+01,  0.20222370E-09, -0.31722518E+00
    1026.,  0.89373489E+01,  0.25331999E+02, -0.99101790E+01,  0.28505227E+01,  0.21095075E-09, -0.20105080E-01
    1027.,  0.98748489E+01,  0.25331999E+02, -0.99101790E+01,  0.28021942E+01,  0.21968435E-09,  0.27701502E+00
    1028.,  0.10812349E+02,  0.25331999E+02, -0.99101790E+01,  0.27538657E+01,  0.22840636E-09,  0.57413512E+00
    1029.,  0.11749849E+02,  0.25331999E+02, -0.99101790E+01,  0.27055371E+01,  0.23713028E-09,  0.87125522E+00
    1030.,  0.12687349E+02,  0.25331999E+02, -0.99101790E+01,  0.26572086E+01,  0.24585085E-09,  0.11683753E+01
    1031.,  0.13624849E+02,  0.25331999E+02, -0.99101790E+01,  0.26088801E+01,  0.25457499E-09,  0.14654954E+01
    1032.,  0.14562349E+02,  0.25331999E+02, -0.99101790E+01,  0.25605515E+01,  0.26330628E-09,  0.17626155E+01
    1033.,  0.15499849E+02,  0.25331999E+02, -0.99101790E+01,  0.25122230E+01,  0.27202599E-09,  0.20597356E+01
    1034.,  0.16437349E+02,  0.25331999E+02, -0.99101790E+01,  0.24638945E+01,  0.28075153E-09,  0.23568557E+01
    1035.,  0.17374849E+02,  0.25331999E+02, -0.99101790E+01,  0.24155659E+01,  0.28947757E-09,  0.26539758E+01
    1036.,  0.18312349E+02,  0.25331999E+02, -0.99101790E+01,  0.23672374E+01,  0.29820196E-09,  0.29510959E+01
    1037.,  0.33123489E+01,  0.25331999E+02, -0.10636221E+02,  0.33705970E+01,  0.17840711E-09, -0.17653979E+01
    1038.,  0.42498489E+01,  0.25331999E+02, -0.10636221E+02,  0.33222684E+01,  0.18713073E-09, -0.14682778E+01
    1039.,  0.51873489E+01,  0.25331999E+02, -0.10636221E+02,  0.32739399E+01,  0.19585116E-09, -0.11711577E+01
    1040.,  0.61248489E+01,  0.25331999E+02, -0.10636221E+02,  0.32256114E+01,  0.20457464E-09, -0.87403762E+00
    1041.,  0.70623489E+01,  0.25331999E+02, -0.10636221E+02,  0.31772828E+01,  0.21331451E-09, -0.57691752E+00
    1042.,  0.79998489E+01,  0.25331999E+02, -0.10636221E+02,  0.31289543E+01,  0.22203406E-09, -0.27979742E+00
    1043.,  0.89373489E+01,  0.25331999E+02, -0.10636221E+02,  0.30806258E+01,  0.23075426E-09,  0.17322685E-01
    1044.,  0.98748489E+01,  0.25331999E+02, -0.10636221E+02,  0.30322972E+01,  0.23948546E-09,  0.31444278E+00
    1045.,  0.10812349E+02,  0.25331999E+02, -0.10636221E+02,  0.29839687E+01,  0.24820310E-09,  0.61156289E+00
    1046.,  0.11749849E+02,  0.25331999E+02, -0.10636221E+02,  0.29356402E+01,  0.25693039E-09,  0.90868299E+00
    1047.,  0.12687349E+02,  0.25331999E+02, -0.10636221E+02,  0.28873116E+01,  0.26566381E-09,  0.12058031E+01
    1048.,  0.13624849E+02,  0.25331999E+02, -0.10636221E+02,  0.28389831E+01,  0.27437876E-09,  0.15029232E+01
    1049.,  0.14562349E+02,  0.25331999E+02, -0.10636221E+02,  0.27906546E+01,  0.28310932E-09,  0.18000433E+01
    1050.,  0.15499849E+02,  0.25331999E+02, -0.10636221E+02,  0.27423260E+01,  0.29183002E-09,  0.20971634E+01
    1051.,  0.16437349E+02,  0.25331999E+02, -0.10636221E+02,  0.26939975E+01,  0.30055775E-09,  0.23942835E+01
    1052.,  0.17374849E+02,  0.25331999E+02, -0.10636221E+02,  0.26456689E+01,  0.30927834E-09,  0.26914036E+01
    1053.,  0.18312349E+02,  0.25331999E+02, -0.10636221E+02,  0.25973404E+01,  0.31800795E-09,  0.29885237E+01
    1054.,  0.33123489E+01,  0.25331999E+02, -0.11362262E+02,  0.36007000E+01,  0.19821814E-09, -0.17279702E+01
    1055.,  0.42498489E+01,  0.25331999E+02, -0.11362262E+02,  0.35523714E+01,  0.20693604E-09, -0.14308501E+01
    1056.,  0.51873489E+01,  0.25331999E+02, -0.11362262E+02,  0.35040429E+01,  0.21564910E-09, -0.11337300E+01
    1057.,  0.61248489E+01,  0.25331999E+02, -0.11362262E+02,  0.34557144E+01,  0.22438483E-09, -0.83660985E+00
    1058.,  0.70623489E+01,  0.25331999E+02, -0.11362262E+02,  0.34073858E+01,  0.23311028E-09, -0.53948975E+00
    1059.,  0.79998489E+01,  0.25331999E+02, -0.11362262E+02,  0.33590573E+01,  0.24183750E-09, -0.24236965E+00
    1060.,  0.89373489E+01,  0.25331999E+02, -0.11362262E+02,  0.33107288E+01,  0.25056296E-09,  0.54750449E-01
    1061.,  0.98748489E+01,  0.25331999E+02, -0.11362262E+02,  0.32624002E+01,  0.25928573E-09,  0.35187055E+00
    1062.,  0.10812349E+02,  0.25331999E+02, -0.11362262E+02,  0.32140717E+01,  0.26801252E-09,  0.64899065E+00
    1063.,  0.11749849E+02,  0.25331999E+02, -0.11362262E+02,  0.31657432E+01,  0.27674327E-09,  0.94611075E+00
    1064.,  0.12687349E+02,  0.25331999E+02, -0.11362262E+02,  0.31174146E+01,  0.28546224E-09,  0.12432309E+01
    1065.,  0.13624849E+02,  0.25331999E+02, -0.11362262E+02,  0.30690861E+01,  0.29418569E-09,  0.15403510E+01
    1066.,  0.14562349E+02,  0.25331999E+02, -0.11362262E+02,  0.30207576E+01,  0.30291458E-09,  0.18374711E+01
    1067.,  0.15499849E+02,  0.25331999E+02, -0.11362262E+02,  0.29724290E+01,  0.31162950E-09,  0.21345912E+01
    1068.,  0.16437349E+02,  0.25331999E+02, -0.11362262E+02,  0.29241005E+01,  0.32035638E-09,  0.24317113E+01
    1069.,  0.17374849E+02,  0.25331999E+02, -0.11362262E+02,  0.28757720E+01,  0.32908553E-09,  0.27288314E+01
    1070.,  0.18312349E+02,  0.25331999E+02, -0.11362262E+02,  0.28274434E+01,  0.33780758E-09,  0.30259515E+01
    1071.,  0.33123489E+01,  0.25331999E+02, -0.12088304E+02,  0.38308030E+01,  0.21801792E-09, -0.16905424E+01
    1072.,  0.42498489E+01,  0.25331999E+02, -0.12088304E+02,  0.37824744E+01,  0.22673340E-09, -0.13934223E+01
    1073.,  0.51873489E+01,  0.25331999E+02, -0.12088304E+02,  0.37341459E+01,  0.23546027E-09, -0.10963022E+01
    1074.,  0.61248489E+01,  0.25331999E+02, -0.12088304E+02,  0.36858174E+01,  0.24418691E-09, -0.79918209E+00
    1075.,  0.70623489E+01,  0.25331999E+02, -0.12088304E+02,  0.36374888E+01,  0.25291850E-09, -0.50206199E+00
    1076.,  0.79998489E+01,  0.25331999E+02, -0.12088304E+02,  0.35891603E+01,  0.26163729E-09, -0.20494189E+00
    1077.,  0.89373489E+01,  0.25331999E+02, -0.12088304E+02,  0.35408318E+01,  0.27036113E-09,  0.92178214E-01
    1078.,  0.98748489E+01,  0.25331999E+02, -0.12088304E+02,  0.34925032E+01,  0.27908991E-09,  0.38929831E+00
    1079.,  0.10812349E+02,  0.25331999E+02, -0.12088304E+02,  0.34441747E+01,  0.28780931E-09,  0.68641841E+00
    1080.,  0.11749849E+02,  0.25331999E+02, -0.12088304E+02,  0.33958462E+01,  0.29654130E-09,  0.98353851E+00
    1081.,  0.12687349E+02,  0.25331999E+02, -0.12088304E+02,  0.33475176E+01,  0.30526043E-09,  0.12806586E+01
    1082.,  0.13624849E+02,  0.25331999E+02, -0.12088304E+02,  0.32991891E+01,  0.31399533E-09,  0.15777787E+01
    1083.,  0.14562349E+02,  0.25331999E+02, -0.12088304E+02,  0.32508606E+01,  0.32271613E-09,  0.18748988E+01
    1084.,  0.15499849E+02,  0.25331999E+02, -0.12088304E+02,  0.32025320E+01,  0.33144039E-09,  0.21720189E+01
    1085.,  0.16437349E+02,  0.25331999E+02, -0.12088304E+02,  0.31542035E+01,  0.34016874E-09,  0.24691390E+01
    1086.,  0.17374849E+02,  0.25331999E+02, -0.12088304E+02,  0.31058750E+01,  0.34889268E-09,  0.27662591E+01
    1087.,  0.18312349E+02,  0.25331999E+02, -0.12088304E+02,  0.30575464E+01,  0.35761886E-09,  0.30633792E+01
    1088.,  0.33123489E+01,  0.25331999E+02, -0.12814346E+02,  0.40609060E+01,  0.23782028E-09, -0.16531146E+01
    1089.,  0.42498489E+01,  0.25331999E+02, -0.12814346E+02,  0.40125775E+01,  0.24653610E-09, -0.13559945E+01
    1090.,  0.51873489E+01,  0.25331999E+02, -0.12814346E+02,  0.39642489E+01,  0.25526125E-09, -0.10588744E+01
    1091.,  0.61248489E+01,  0.25331999E+02, -0.12814346E+02,  0.39159204E+01,  0.26398758E-09, -0.76175432E+00
    1092.,  0.70623489E+01,  0.25331999E+02, -0.12814346E+02,  0.38675919E+01,  0.27272022E-09, -0.46463422E+00
    1093.,  0.79998489E+01,  0.25331999E+02, -0.12814346E+02,  0.38192633E+01,  0.28144265E-09, -0.16751412E+00
    1094.,  0.89373489E+01,  0.25331999E+02, -0.12814346E+02,  0.37709348E+01,  0.29016154E-09,  0.12960598E+00
    1095.,  0.98748489E+01,  0.25331999E+02, -0.12814346E+02,  0.37226063E+01,  0.29889103E-09,  0.42672608E+00
    1096.,  0.10812349E+02,  0.25331999E+02, -0.12814346E+02,  0.36742777E+01,  0.30761351E-09,  0.72384618E+00
    1097.,  0.11749849E+02,  0.25331999E+02, -0.12814346E+02,  0.36259492E+01,  0.31634739E-09,  0.10209663E+01
    1098.,  0.12687349E+02,  0.25331999E+02, -0.12814346E+02,  0.35776207E+01,  0.32506517E-09,  0.13180864E+01
    1099.,  0.13624849E+02,  0.25331999E+02, -0.12814346E+02,  0.35292921E+01,  0.33378716E-09,  0.16152065E+01
    1100.,  0.14562349E+02,  0.25331999E+02, -0.12814346E+02,  0.34809636E+01,  0.34252391E-09,  0.19123266E+01
    1101.,  0.15499849E+02,  0.25331999E+02, -0.12814346E+02,  0.34326350E+01,  0.35123972E-09,  0.22094467E+01
    1102.,  0.16437349E+02,  0.25331999E+02, -0.12814346E+02,  0.33843065E+01,  0.35996883E-09,  0.25065668E+01
    1103.,  0.17374849E+02,  0.25331999E+02, -0.12814346E+02,  0.33359780E+01,  0.36869575E-09,  0.28036869E+01
    1104.,  0.18312349E+02,  0.25331999E+02, -0.12814346E+02,  0.32876494E+01,  0.37741640E-09,  0.31008070E+01
    1105.,  0.33123489E+01,  0.25331999E+02, -0.13540387E+02,  0.42910090E+01,  0.25761760E-09, -0.16156869E+01
    1106.,  0.42498489E+01,  0.25331999E+02, -0.13540387E+02,  0.42426805E+01,  0.26633911E-09, -0.13185668E+01
    1107.,  0.51873489E+01,  0.25331999E+02, -0.13540387E+02,  0.41943519E+01,  0.27507387E-09, -0.10214467E+01
    1108.,  0.61248489E+01,  0.25331999E+02, -0.13540387E+02,  0.41460234E+01,  0.28378798E-09, -0.72432656E+00
    1109.,  0.70623489E+01,  0.25331999E+02, -0.13540387E+02,  0.40976949E+01,  0.29251817E-09, -0.42720646E+00
    1110.,  0.79998489E+01,  0.25331999E+02, -0.13540387E+02,  0.40493663E+01,  0.30124526E-09, -0.13008636E+00
    1111.,  0.89373489E+01,  0.25331999E+02, -0.13540387E+02,  0.40010378E+01,  0.30997010E-09,  0.16703374E+00
    1112.,  0.98748489E+01,  0.25331999E+02, -0.13540387E+02,  0.39527093E+01,  0.31869631E-09,  0.46415384E+00
    1113.,  0.10812349E+02,  0.25331999E+02, -0.13540387E+02,  0.39043807E+01,  0.32742286E-09,  0.76127394E+00
    1114.,  0.11749849E+02,  0.25331999E+02, -0.13540387E+02,  0.38560522E+01,  0.33615164E-09,  0.10583940E+01
    1115.,  0.12687349E+02,  0.25331999E+02, -0.13540387E+02,  0.38077237E+01,  0.34486441E-09,  0.13555141E+01
    1116.,  0.13624849E+02,  0.25331999E+02, -0.13540387E+02,  0.37593951E+01,  0.35359653E-09,  0.16526342E+01
    1117.,  0.14562349E+02,  0.25331999E+02, -0.13540387E+02,  0.37110666E+01,  0.36232271E-09,  0.19497543E+01
    1118.,  0.15499849E+02,  0.25331999E+02, -0.13540387E+02,  0.36627381E+01,  0.37103697E-09,  0.22468744E+01
    1119.,  0.16437349E+02,  0.25331999E+02, -0.13540387E+02,  0.36144095E+01,  0.37977066E-09,  0.25439945E+01
    1120.,  0.17374849E+02,  0.25331999E+02, -0.13540387E+02,  0.35660810E+01,  0.38849740E-09,  0.28411146E+01
    1121.,  0.18312349E+02,  0.25331999E+02, -0.13540387E+02,  0.35177525E+01,  0.39722747E-09,  0.31382347E+01
    1122.,  0.33123489E+01,  0.25331999E+02, -0.14266429E+02,  0.45211120E+01,  0.27742950E-09, -0.15782591E+01
    1123.,  0.42498489E+01,  0.25331999E+02, -0.14266429E+02,  0.44727835E+01,  0.28613962E-09, -0.12811390E+01
    1124.,  0.51873489E+01,  0.25331999E+02, -0.14266429E+02,  0.44244549E+01,  0.29487248E-09, -0.98401889E+00
    1125.,  0.61248489E+01,  0.25331999E+02, -0.14266429E+02,  0.43761264E+01,  0.30359596E-09, -0.68689879E+00
    1126.,  0.70623489E+01,  0.25331999E+02, -0.14266429E+02,  0.43277979E+01,  0.31232287E-09, -0.38977869E+00
    1127.,  0.79998489E+01,  0.25331999E+02, -0.14266429E+02,  0.42794693E+01,  0.32104351E-09, -0.92658593E-01
    1128.,  0.89373489E+01,  0.25331999E+02, -0.14266429E+02,  0.42311408E+01,  0.32977867E-09,  0.20446151E+00
    1129.,  0.98748489E+01,  0.25331999E+02, -0.14266429E+02,  0.41828123E+01,  0.33849880E-09,  0.50158161E+00
    1130.,  0.10812349E+02,  0.25331999E+02, -0.14266429E+02,  0.41344837E+01,  0.34721956E-09,  0.79870171E+00
    1131.,  0.11749849E+02,  0.25331999E+02, -0.14266429E+02,  0.40861552E+01,  0.35595288E-09,  0.10958218E+01
    1132.,  0.12687349E+02,  0.25331999E+02, -0.14266429E+02,  0.40378267E+01,  0.36467819E-09,  0.13929419E+01
    1133.,  0.13624849E+02,  0.25331999E+02, -0.14266429E+02,  0.39894981E+01,  0.37340118E-09,  0.16900620E+01
    1134.,  0.14562349E+02,  0.25331999E+02, -0.14266429E+02,  0.39411696E+01,  0.38212267E-09,  0.19871821E+01
    1135.,  0.15499849E+02,  0.25331999E+02, -0.14266429E+02,  0.38928411E+01,  0.39084983E-09,  0.22843022E+01
    1136.,  0.16437349E+02,  0.25331999E+02, -0.14266429E+02,  0.38445125E+01,  0.39957761E-09,  0.25814223E+01
    1137.,  0.17374849E+02,  0.25331999E+02, -0.14266429E+02,  0.37961840E+01,  0.40829830E-09,  0.28785424E+01
    1138.,  0.18312349E+02,  0.25331999E+02, -0.14266429E+02,  0.37478555E+01,  0.41702211E-09,  0.31756625E+01
    1139.,  0.33123489E+01,  0.25331999E+02, -0.14992471E+02,  0.47512150E+01,  0.29722353E-09, -0.15408313E+01
    1140.,  0.42498489E+01,  0.25331999E+02, -0.14992471E+02,  0.47028865E+01,  0.30595468E-09, -0.12437112E+01
    1141.,  0.51873489E+01,  0.25331999E+02, -0.14992471E+02,  0.46545580E+01,  0.31467615E-09, -0.94659113E+00
    1142.,  0.61248489E+01,  0.25331999E+02, -0.14992471E+02,  0.46062294E+01,  0.32339835E-09, -0.64947103E+00
    1143.,  0.70623489E+01,  0.25331999E+02, -0.14992471E+02,  0.45579009E+01,  0.33212055E-09, -0.35235093E+00
    1144.,  0.79998489E+01,  0.25331999E+02, -0.14992471E+02,  0.45095724E+01,  0.34084742E-09, -0.55230828E-01
    1145.,  0.89373489E+01,  0.25331999E+02, -0.14992471E+02,  0.44612438E+01,  0.34958186E-09,  0.24188927E+00
    1146.,  0.98748489E+01,  0.25331999E+02, -0.14992471E+02,  0.44129153E+01,  0.35830737E-09,  0.53900937E+00
    1147.,  0.10812349E+02,  0.25331999E+02, -0.14992471E+02,  0.43645868E+01,  0.36702907E-09,  0.83612947E+00
    1148.,  0.11749849E+02,  0.25331999E+02, -0.14992471E+02,  0.43162582E+01,  0.37575676E-09,  0.11332496E+01
    1149.,  0.12687349E+02,  0.25331999E+02, -0.14992471E+02,  0.42679297E+01,  0.38447426E-09,  0.14303697E+01
    1150.,  0.13624849E+02,  0.25331999E+02, -0.14992471E+02,  0.42196012E+01,  0.39320254E-09,  0.17274898E+01
    1151.,  0.14562349E+02,  0.25331999E+02, -0.14992471E+02,  0.41712726E+01,  0.40192188E-09,  0.20246099E+01
    1152.,  0.15499849E+02,  0.25331999E+02, -0.14992471E+02,  0.41229441E+01,  0.41065365E-09,  0.23217300E+01
    1153.,  0.16437349E+02,  0.25331999E+02, -0.14992471E+02,  0.40746155E+01,  0.41938087E-09,  0.26188501E+01
    1154.,  0.17374849E+02,  0.25331999E+02, -0.14992471E+02,  0.40262870E+01,  0.42810853E-09,  0.29159702E+01
    1155.,  0.18312349E+02,  0.25331999E+02, -0.14992471E+02,  0.39779585E+01,  0.43682627E-09,  0.32130903E+01
    1156.,  0.33123489E+01,  0.25331999E+02, -0.15718512E+02,  0.49813180E+01,  0.31702898E-09, -0.15034036E+01
    1157.,  0.42498489E+01,  0.25331999E+02, -0.15718512E+02,  0.49329895E+01,  0.32575813E-09, -0.12062835E+01
    1158.,  0.51873489E+01,  0.25331999E+02, -0.15718512E+02,  0.48846610E+01,  0.33448077E-09, -0.90916336E+00
    1159.,  0.61248489E+01,  0.25331999E+02, -0.15718512E+02,  0.48363324E+01,  0.34320228E-09, -0.61204326E+00
    1160.,  0.70623489E+01,  0.25331999E+02, -0.15718512E+02,  0.47880039E+01,  0.35192434E-09, -0.31492316E+00
    1161.,  0.79998489E+01,  0.25331999E+02, -0.15718512E+02,  0.47396754E+01,  0.36065574E-09, -0.17803063E-01
    1162.,  0.89373489E+01,  0.25331999E+02, -0.15718512E+02,  0.46913468E+01,  0.36938240E-09,  0.27931704E+00
    1163.,  0.98748489E+01,  0.25331999E+02, -0.15718512E+02,  0.46430183E+01,  0.37810558E-09,  0.57643714E+00
    1164.,  0.10812349E+02,  0.25331999E+02, -0.15718512E+02,  0.45946898E+01,  0.38683126E-09,  0.87355724E+00
    1165.,  0.11749849E+02,  0.25331999E+02, -0.15718512E+02,  0.45463612E+01,  0.39555620E-09,  0.11706773E+01
    1166.,  0.12687349E+02,  0.25331999E+02, -0.15718512E+02,  0.44980327E+01,  0.40427743E-09,  0.14677974E+01
    1167.,  0.13624849E+02,  0.25331999E+02, -0.15718512E+02,  0.44497042E+01,  0.41300622E-09,  0.17649175E+01
    1168.,  0.14562349E+02,  0.25331999E+02, -0.15718512E+02,  0.44013756E+01,  0.42173435E-09,  0.20620376E+01
    1169.,  0.15499849E+02,  0.25331999E+02, -0.15718512E+02,  0.43530471E+01,  0.43045975E-09,  0.23591577E+01
    1170.,  0.16437349E+02,  0.25331999E+02, -0.15718512E+02,  0.43047186E+01,  0.43918584E-09,  0.26562778E+01
    1171.,  0.17374849E+02,  0.25331999E+02, -0.15718512E+02,  0.42563900E+01,  0.44791561E-09,  0.29533979E+01
    1172.,  0.18312349E+02,  0.25331999E+02, -0.15718512E+02,  0.42080615E+01,  0.45662341E-09,  0.32505180E+01
    1173.,  0.33123489E+01,  0.25331999E+02, -0.16444554E+02,  0.52114210E+01,  0.33683106E-09, -0.14659758E+01
    1174.,  0.42498489E+01,  0.25331999E+02, -0.16444554E+02,  0.51630925E+01,  0.34555894E-09, -0.11688557E+01
    1175.,  0.51873489E+01,  0.25331999E+02, -0.16444554E+02,  0.51147640E+01,  0.35428682E-09, -0.87173560E+00
    1176.,  0.61248489E+01,  0.25331999E+02, -0.16444554E+02,  0.50664354E+01,  0.36301784E-09, -0.57461550E+00
    1177.,  0.70623489E+01,  0.25331999E+02, -0.16444554E+02,  0.50181069E+01,  0.37173760E-09, -0.27749540E+00
    1178.,  0.79998489E+01,  0.25331999E+02, -0.16444554E+02,  0.49697784E+01,  0.38046249E-09,  0.19624701E-01
    1179.,  0.89373489E+01,  0.25331999E+02, -0.16444554E+02,  0.49214498E+01,  0.38918589E-09,  0.31674480E+00
    1180.,  0.98748489E+01,  0.25331999E+02, -0.16444554E+02,  0.48731213E+01,  0.39791550E-09,  0.61386490E+00
    1181.,  0.10812349E+02,  0.25331999E+02, -0.16444554E+02,  0.48247928E+01,  0.40663592E-09,  0.91098500E+00
    1182.,  0.11749849E+02,  0.25331999E+02, -0.16444554E+02,  0.47764642E+01,  0.41536946E-09,  0.12081051E+01
    1183.,  0.12687349E+02,  0.25331999E+02, -0.16444554E+02,  0.47281357E+01,  0.42408981E-09,  0.15052252E+01
    1184.,  0.13624849E+02,  0.25331999E+02, -0.16444554E+02,  0.46798072E+01,  0.43280955E-09,  0.18023453E+01
    1185.,  0.14562349E+02,  0.25331999E+02, -0.16444554E+02,  0.46314786E+01,  0.44153749E-09,  0.20994654E+01
    1186.,  0.15499849E+02,  0.25331999E+02, -0.16444554E+02,  0.45831501E+01,  0.45026017E-09,  0.23965855E+01
    1187.,  0.16437349E+02,  0.25331999E+02, -0.16444554E+02,  0.45348216E+01,  0.45898579E-09,  0.26937056E+01
    1188.,  0.17374849E+02,  0.25331999E+02, -0.16444554E+02,  0.44864930E+01,  0.46772532E-09,  0.29908257E+01
    1189.,  0.18312349E+02,  0.25331999E+02, -0.16444554E+02,  0.44381645E+01,  0.47644124E-09,  0.32879458E+01
    1190.,  0.33123489E+01,  0.25331999E+02, -0.17170596E+02,  0.54415241E+01,  0.35663800E-09, -0.14285480E+01
    1191.,  0.42498489E+01,  0.25331999E+02, -0.17170596E+02,  0.53931955E+01,  0.36535746E-09, -0.11314279E+01
    1192.,  0.51873489E+01,  0.25331999E+02, -0.17170596E+02,  0.53448670E+01,  0.37408771E-09, -0.83430783E+00
    1193.,  0.61248489E+01,  0.25331999E+02, -0.17170596E+02,  0.52965385E+01,  0.38280882E-09, -0.53718773E+00
    1194.,  0.70623489E+01,  0.25331999E+02, -0.17170596E+02,  0.52482099E+01,  0.39153241E-09, -0.24006763E+00
    1195.,  0.79998489E+01,  0.25331999E+02, -0.17170596E+02,  0.51998814E+01,  0.40026114E-09,  0.57052466E-01
    1196.,  0.89373489E+01,  0.25331999E+02, -0.17170596E+02,  0.51515529E+01,  0.40899248E-09,  0.35417257E+00
    1197.,  0.98748489E+01,  0.25331999E+02, -0.17170596E+02,  0.51032243E+01,  0.41771134E-09,  0.65129267E+00
    1198.,  0.10812349E+02,  0.25331999E+02, -0.17170596E+02,  0.50548958E+01,  0.42644036E-09,  0.94841277E+00
    1199.,  0.11749849E+02,  0.25331999E+02, -0.17170596E+02,  0.50065673E+01,  0.43516462E-09,  0.12455329E+01
    1200.,  0.12687349E+02,  0.25331999E+02, -0.17170596E+02,  0.49582387E+01,  0.44388984E-09,  0.15426530E+01
    1201.,  0.13624849E+02,  0.25331999E+02, -0.17170596E+02,  0.49099102E+01,  0.45261332E-09,  0.18397731E+01
    1202.,  0.14562349E+02,  0.25331999E+02, -0.17170596E+02,  0.48615816E+01,  0.46134500E-09,  0.21368932E+01
    1203.,  0.15499849E+02,  0.25331999E+02, -0.17170596E+02,  0.48132531E+01,  0.47006531E-09,  0.24340133E+01
    1204.,  0.16437349E+02,  0.25331999E+02, -0.17170596E+02,  0.47649246E+01,  0.47879109E-09,  0.27311334E+01
    1205.,  0.17374849E+02,  0.25331999E+02, -0.17170596E+02,  0.47165960E+01,  0.48752015E-09,  0.30282535E+01
    1206.,  0.18312349E+02,  0.25331999E+02, -0.17170596E+02,  0.46682675E+01,  0.49623882E-09,  0.33253736E+01
    1207.,  0.33123489E+01,  0.25331999E+02, -0.17896637E+02,  0.56716271E+01,  0.37644491E-09, -0.13911203E+01
    1208.,  0.42498489E+01,  0.25331999E+02, -0.17896637E+02,  0.56232985E+01,  0.38517249E-09, -0.10940002E+01
    1209.,  0.51873489E+01,  0.25331999E+02, -0.17896637E+02,  0.55749700E+01,  0.39388946E-09, -0.79688007E+00
    1210.,  0.61248489E+01,  0.25331999E+02, -0.17896637E+02,  0.55266415E+01,  0.40262024E-09, -0.49975997E+00
    1211.,  0.70623489E+01,  0.25331999E+02, -0.17896637E+02,  0.54783129E+01,  0.41134746E-09, -0.20263987E+00
    1212.,  0.79998489E+01,  0.25331999E+02, -0.17896637E+02,  0.54299844E+01,  0.42006624E-09,  0.94480230E-01
    1213.,  0.89373489E+01,  0.25331999E+02, -0.17896637E+02,  0.53816559E+01,  0.42878570E-09,  0.39160033E+00
    1214.,  0.98748489E+01,  0.25331999E+02, -0.17896637E+02,  0.53333273E+01,  0.43751882E-09,  0.68872043E+00
    1215.,  0.10812349E+02,  0.25331999E+02, -0.17896637E+02,  0.52849988E+01,  0.44624548E-09,  0.98584053E+00
    1216.,  0.11749849E+02,  0.25331999E+02, -0.17896637E+02,  0.52366703E+01,  0.45497233E-09,  0.12829606E+01
    1217.,  0.12687349E+02,  0.25331999E+02, -0.17896637E+02,  0.51883417E+01,  0.46369723E-09,  0.15800807E+01
    1218.,  0.13624849E+02,  0.25331999E+02, -0.17896637E+02,  0.51400132E+01,  0.47241073E-09,  0.18772008E+01
    1219.,  0.14562349E+02,  0.25331999E+02, -0.17896637E+02,  0.50916847E+01,  0.48115052E-09,  0.21743209E+01
    1220.,  0.15499849E+02,  0.25331999E+02, -0.17896637E+02,  0.50433561E+01,  0.48987208E-09,  0.24714410E+01
    1221.,  0.16437349E+02,  0.25331999E+02, -0.17896637E+02,  0.49950276E+01,  0.49859954E-09,  0.27685611E+01
    1222.,  0.17374849E+02,  0.25331999E+02, -0.17896637E+02,  0.49466991E+01,  0.50731545E-09,  0.30656812E+01
    1223.,  0.18312349E+02,  0.25331999E+02, -0.17896637E+02,  0.48983705E+01,  0.51604770E-09,  0.33628013E+01
    1224.,  0.33123489E+01,  0.25331999E+02, -0.18622679E+02,  0.59017301E+01,  0.39624743E-09, -0.13536925E+01
    1225.,  0.42498489E+01,  0.25331999E+02, -0.18622679E+02,  0.58534015E+01,  0.40496552E-09, -0.10565724E+01
    1226.,  0.51873489E+01,  0.25331999E+02, -0.18622679E+02,  0.58050730E+01,  0.41369131E-09, -0.75945231E+00
    1227.,  0.61248489E+01,  0.25331999E+02, -0.18622679E+02,  0.57567445E+01,  0.42241902E-09, -0.46233221E+00
    1228.,  0.70623489E+01,  0.25331999E+02, -0.18622679E+02,  0.57084159E+01,  0.43114793E-09, -0.16521211E+00
    1229.,  0.79998489E+01,  0.25331999E+02, -0.18622679E+02,  0.56600874E+01,  0.43987106E-09,  0.13190800E+00
    1230.,  0.89373489E+01,  0.25331999E+02, -0.18622679E+02,  0.56117589E+01,  0.44859123E-09,  0.42902810E+00
    1231.,  0.98748489E+01,  0.25331999E+02, -0.18622679E+02,  0.55634303E+01,  0.45732113E-09,  0.72614820E+00
    1232.,  0.10812349E+02,  0.25331999E+02, -0.18622679E+02,  0.55151018E+01,  0.46604923E-09,  0.10232683E+01
    1233.,  0.11749849E+02,  0.25331999E+02, -0.18622679E+02,  0.54667733E+01,  0.47477218E-09,  0.13203884E+01
    1234.,  0.12687349E+02,  0.25331999E+02, -0.18622679E+02,  0.54184447E+01,  0.48348983E-09,  0.16175085E+01
    1235.,  0.13624849E+02,  0.25331999E+02, -0.18622679E+02,  0.53701162E+01,  0.49221655E-09,  0.19146286E+01
    1236.,  0.14562349E+02,  0.25331999E+02, -0.18622679E+02,  0.53217877E+01,  0.50094658E-09,  0.22117487E+01
    1237.,  0.15499849E+02,  0.25331999E+02, -0.18622679E+02,  0.52734591E+01,  0.50967727E-09,  0.25088688E+01
    1238.,  0.16437349E+02,  0.25331999E+02, -0.18622679E+02,  0.52251306E+01,  0.51839752E-09,  0.28059889E+01
    1239.,  0.17374849E+02,  0.25331999E+02, -0.18622679E+02,  0.51768021E+01,  0.52712481E-09,  0.31031090E+01
    1240.,  0.18312349E+02,  0.25331999E+02, -0.18622679E+02,  0.51284735E+01,  0.53584489E-09,  0.34002291E+01
    1241.,  0.88907483E+01,  0.10100462E+03, -0.11976790E+01,  0.61998742E-03, -0.35977512E-02,  0.15940362E-03
    1242.,  0.90216325E+01,  0.10088094E+03, -0.11976790E+01,  0.59010297E-03, -0.35566082E-02,  0.16524130E-03
    1243.,  0.91795178E+01,  0.10075167E+03, -0.11976790E+01,  0.56694333E-03, -0.34843097E-02,  0.16161885E-03
    1244.,  0.93688664E+01,  0.10062053E+03, -0.11976790E+01,  0.55883704E-03, -0.33736722E-02,  0.15774569E-03
    1245.,  0.95933411E+01,  0.10049337E+03, -0.11976790E+01,  0.57462168E-03, -0.32236649E-02,  0.15396833E-03
    1246.,  0.98545190E+01,  0.10037833E+03, -0.11976790E+01,  0.62297310E-03, -0.30440531E-02,  0.15131367E-03
    1247.,  0.10150303E+02,  0.10028530E+03, -0.11976790E+01,  0.70444339E-03, -0.28613451E-02,  0.14956149E-03
    1248.,  0.10473624E+02,  0.10022430E+03, -0.11976790E+01,  0.80702682E-03, -0.27132838E-02,  0.14751518E-03
    1249.,  0.10812349E+02,  0.10020300E+03, -0.11976790E+01,  0.90664845E-03, -0.26323277E-02,  0.14545841E-03
    1250.,  0.11151074E+02,  0.10022430E+03, -0.11976790E+01,  0.97596136E-03, -0.26262990E-02,  0.14415454E-03
    1251.,  0.11474394E+02,  0.10028530E+03, -0.11976790E+01,  0.99635178E-03, -0.26735439E-02,  0.14340826E-03
    1252.,  0.11770179E+02,  0.10037833E+03, -0.11976790E+01,  0.96507434E-03, -0.27381724E-02,  0.14202227E-03
    1253.,  0.12031357E+02,  0.10049337E+03, -0.11976790E+01,  0.89258750E-03, -0.27899874E-02,  0.14057838E-03
    1254.,  0.12255831E+02,  0.10062053E+03, -0.11976790E+01,  0.79547576E-03, -0.28144146E-02,  0.13867939E-03
    1255.,  0.12445180E+02,  0.10075167E+03, -0.11976790E+01,  0.68869073E-03, -0.28101834E-02,  0.13902446E-03
    1256.,  0.12603065E+02,  0.10088094E+03, -0.11976790E+01,  0.58337997E-03, -0.27832906E-02,  0.13734901E-03
    1257.,  0.12733950E+02,  0.10100462E+03, -0.11976790E+01,  0.48561129E-03, -0.27413535E-02,  0.14169519E-03
    1258.,  0.12856786E+02,  0.10113729E+03, -0.11976790E+01,  0.38630723E-03, -0.26833941E-02,  0.14059521E-03
    1259.,  0.12984638E+02,  0.10129679E+03, -0.11976790E+01,  0.27595720E-03, -0.26009168E-02,  0.14389430E-03
    1260.,  0.13113701E+02,  0.10148736E+03, -0.11976790E+01,  0.15877978E-03, -0.24916155E-02,  0.14529217E-03
    1261.,  0.13238114E+02,  0.10171231E+03, -0.11976790E+01,  0.41089498E-04, -0.23558551E-02,  0.14617985E-03
    1262.,  0.13349872E+02,  0.10197288E+03, -0.11976790E+01, -0.68670869E-04, -0.21986249E-02,  0.14638114E-03
    1263.,  0.13439432E+02,  0.10226665E+03, -0.11976790E+01, -0.16214184E-03, -0.20296832E-02,  0.14645618E-03
    1264.,  0.13497286E+02,  0.10258649E+03, -0.11976790E+01, -0.23381357E-03, -0.18614656E-02,  0.14673819E-03
    1265.,  0.13516315E+02,  0.10292052E+03, -0.11976790E+01, -0.28272634E-03, -0.17059053E-02,  0.14726482E-03
    1266.,  0.13493999E+02,  0.10325394E+03, -0.11976790E+01, -0.31219270E-03, -0.15711955E-02,  0.14775635E-03
    1267.,  0.13433285E+02,  0.10357207E+03, -0.11976790E+01, -0.32749896E-03, -0.14605672E-02,  0.14802081E-03
    1268.,  0.13341575E+02,  0.10386337E+03, -0.11976790E+01, -0.33362085E-03, -0.13731876E-02,  0.14811325E-03
    1269.,  0.13228459E+02,  0.10412110E+03, -0.11976790E+01, -0.33417613E-03, -0.13059954E-02,  0.14813409E-03
    1270.,  0.13103404E+02,  0.10434321E+03, -0.11976790E+01, -0.33145201E-03, -0.12552600E-02,  0.14813377E-03
    1271.,  0.12974251E+02,  0.10453113E+03, -0.11976790E+01, -0.32681631E-03, -0.12174575E-02,  0.14812908E-03
    1272.,  0.12846686E+02,  0.10468832E+03, -0.11976790E+01, -0.32109184E-03, -0.11896064E-02,  0.14812435E-03
    1273.,  0.12724366E+02,  0.10481902E+03, -0.11976790E+01, -0.31481558E-03, -0.11693421E-02,  0.14812022E-03
    1274.,  0.12592945E+02,  0.10494197E+03, -0.11976790E+01, -0.30732690E-03, -0.11530221E-02,  0.14811665E-03
    1275.,  0.12434749E+02,  0.10507020E+03, -0.11976790E+01, -0.29736680E-03, -0.11394213E-02,  0.14811291E-03
    1276.,  0.12245466E+02,  0.10519999E+03, -0.11976790E+01, -0.28416496E-03, -0.11303604E-02,  0.14810959E-03
    1277.,  0.12021615E+02,  0.10532554E+03, -0.11976790E+01, -0.26674164E-03, -0.11282417E-02,  0.14810685E-03
    1278.,  0.11761787E+02,  0.10543884E+03, -0.11976790E+01, -0.24397885E-03, -0.11360108E-02,  0.14810471E-03
    1279.,  0.11468165E+02,  0.10553027E+03, -0.11976790E+01, -0.21477571E-03, -0.11568206E-02,  0.14810311E-03
    1280.,  0.11147739E+02,  0.10559012E+03, -0.11976790E+01, -0.17832980E-03, -0.11933163E-02,  0.14810176E-03
    1281.,  0.10812349E+02,  0.10561100E+03, -0.11976790E+01, -0.13448231E-03, -0.12466487E-02,  0.14810010E-03
    1282.,  0.10476959E+02,  0.10559012E+03, -0.11976790E+01, -0.83974789E-04, -0.13156754E-02,  0.14809755E-03
    1283.,  0.10156533E+02,  0.10553027E+03, -0.11976790E+01, -0.28443244E-04, -0.13969308E-02,  0.14809398E-03
    1284.,  0.98629112E+01,  0.10543884E+03, -0.11976790E+01,  0.29900268E-04, -0.14855229E-02,  0.14808992E-03
    1285.,  0.96030834E+01,  0.10532554E+03, -0.11976790E+01,  0.88751978E-04, -0.15764493E-02,  0.14808609E-03
    1286.,  0.93792318E+01,  0.10519999E+03, -0.11976790E+01,  0.14613445E-03, -0.16656270E-02,  0.14808310E-03
    1287.,  0.91899489E+01,  0.10507020E+03, -0.11976790E+01,  0.20060921E-03, -0.17503051E-02,  0.14808104E-03
    1288.,  0.90317525E+01,  0.10494197E+03, -0.11976790E+01,  0.25129834E-03, -0.18289787E-02,  0.14807988E-03
    1289.,  0.89003322E+01,  0.10481902E+03, -0.11976790E+01,  0.29776675E-03, -0.19010476E-02,  0.14808151E-03
    1290.,  0.87780118E+01,  0.10468832E+03, -0.11976790E+01,  0.34537280E-03, -0.19749954E-02,  0.14808564E-03
    1291.,  0.86504468E+01,  0.10453113E+03, -0.11976790E+01,  0.40059922E-03, -0.20612780E-02,  0.14809772E-03
    1292.,  0.85212943E+01,  0.10434321E+03, -0.11976790E+01,  0.46397902E-03, -0.21617654E-02,  0.14812883E-03
    1293.,  0.83962388E+01,  0.10412110E+03, -0.11976790E+01,  0.53524618E-03, -0.22782806E-02,  0.14820506E-03
    1294.,  0.82831228E+01,  0.10386337E+03, -0.11976790E+01,  0.61252910E-03, -0.24122192E-02,  0.14838655E-03
    1295.,  0.81914125E+01,  0.10357207E+03, -0.11976790E+01,  0.69142755E-03, -0.25638881E-02,  0.14875544E-03
    1296.,  0.81306984E+01,  0.10325394E+03, -0.11976790E+01,  0.76448951E-03, -0.27314027E-02,  0.14926069E-03
    1297.,  0.81083827E+01,  0.10292052E+03, -0.11976790E+01,  0.82207853E-03, -0.29093409E-02,  0.14972253E-03
    1298.,  0.81274120E+01,  0.10258649E+03, -0.11976790E+01,  0.85534015E-03, -0.30880167E-02,  0.14996563E-03
    1299.,  0.81852658E+01,  0.10226665E+03, -0.11976790E+01,  0.86013286E-03, -0.32546546E-02,  0.15014573E-03
    1300.,  0.82748255E+01,  0.10197288E+03, -0.11976790E+01,  0.83894533E-03, -0.33966334E-02,  0.15072820E-03
    1301.,  0.83865843E+01,  0.10171231E+03, -0.11976790E+01,  0.79925889E-03, -0.35050499E-02,  0.15233335E-03
    1302.,  0.85109971E+01,  0.10148736E+03, -0.11976790E+01,  0.75027866E-03, -0.35763706E-02,  0.15568220E-03
    1303.,  0.86400595E+01,  0.10129679E+03, -0.11976790E+01,  0.70057441E-03, -0.36118093E-02,  0.15951221E-03
    1304.,  0.87679120E+01,  0.10113729E+03, -0.11976790E+01,  0.65613497E-03, -0.36165113E-02,  0.16496083E-03
    1305.,  0.85521705E+01,  0.10066943E+03, -0.11976790E+01,  0.65696992E-03, -0.36810260E-02,  0.13588210E-03
    1306.,  0.87061158E+01,  0.10052395E+03, -0.11976790E+01,  0.65141309E-03, -0.36653751E-02,  0.12344054E-03
    1307.,  0.88918198E+01,  0.10037191E+03, -0.11976790E+01,  0.66272557E-03, -0.36133897E-02,  0.12762844E-03
    1308.,  0.91145309E+01,  0.10021766E+03, -0.11976790E+01,  0.69564776E-03, -0.35110140E-02,  0.13350265E-03
    1309.,  0.93785571E+01,  0.10006810E+03, -0.11976790E+01,  0.75382597E-03, -0.33480853E-02,  0.13885413E-03
    1310.,  0.96857534E+01,  0.99932792E+02, -0.11976790E+01,  0.83042819E-03, -0.31323827E-02,  0.14278129E-03
    1311.,  0.10033654E+02,  0.99823371E+02, -0.11976790E+01,  0.91005002E-03, -0.28982298E-02,  0.14565576E-03
    1312.,  0.10413942E+02,  0.99751623E+02, -0.11976790E+01,  0.97509212E-03, -0.27039258E-02,  0.14932975E-03
    1313.,  0.10812349E+02,  0.99726571E+02, -0.11976790E+01,  0.10154917E-02, -0.26037495E-02,  0.15290867E-03
    1314.,  0.11210756E+02,  0.99751623E+02, -0.11976790E+01,  0.10314779E-02, -0.26101477E-02,  0.15502504E-03
    1315.,  0.11591044E+02,  0.99823371E+02, -0.11976790E+01,  0.10269488E-02, -0.26844661E-02,  0.15605776E-03
    1316.,  0.11938944E+02,  0.99932792E+02, -0.11976790E+01,  0.10021886E-02, -0.27676005E-02,  0.15831458E-03
    1317.,  0.12246141E+02,  0.10006810E+03, -0.11976790E+01,  0.95558324E-03, -0.28170964E-02,  0.16062086E-03
    1318.,  0.12510167E+02,  0.10021766E+03, -0.11976790E+01,  0.88753761E-03, -0.28194281E-02,  0.16370969E-03
    1319.,  0.12732878E+02,  0.10037191E+03, -0.11976790E+01,  0.80369979E-03, -0.27818890E-02,  0.16299907E-03
    1320.,  0.12918582E+02,  0.10052395E+03, -0.11976790E+01,  0.71095875E-03, -0.27187487E-02,  0.16619319E-03
    1321.,  0.13072527E+02,  0.10066943E+03, -0.11976790E+01,  0.61680402E-03, -0.26435400E-02,  0.15774527E-03
    1322.,  0.13217007E+02,  0.10082547E+03, -0.11976790E+01,  0.51313096E-03, -0.25537558E-02,  0.16056234E-03
    1323.,  0.13367387E+02,  0.10101308E+03, -0.11976790E+01,  0.38967295E-03, -0.24417765E-02,  0.15491223E-03
    1324.,  0.13519189E+02,  0.10123722E+03, -0.11976790E+01,  0.24903462E-03, -0.23099862E-02,  0.15247451E-03
    1325.,  0.13665523E+02,  0.10150182E+03, -0.11976790E+01,  0.99488531E-04, -0.21651289E-02,  0.15120421E-03
    1326.,  0.13796973E+02,  0.10180829E+03, -0.11976790E+01, -0.45773373E-04, -0.20170119E-02,  0.15102929E-03
    1327.,  0.13902313E+02,  0.10215383E+03, -0.11976790E+01, -0.17130765E-03, -0.18753392E-02,  0.15099089E-03
    1328.,  0.13970360E+02,  0.10253002E+03, -0.11976790E+01, -0.26485169E-03, -0.17471254E-02,  0.15052076E-03
    1329.,  0.13992743E+02,  0.10292291E+03, -0.11976790E+01, -0.32272463E-03, -0.16349914E-02,  0.14953346E-03
    1330.,  0.13966495E+02,  0.10331507E+03, -0.11976790E+01, -0.35018024E-03, -0.15383790E-02,  0.14862526E-03
    1331.,  0.13895083E+02,  0.10368925E+03, -0.11976790E+01, -0.35703163E-03, -0.14557682E-02,  0.14818084E-03
    1332.,  0.13787214E+02,  0.10403187E+03, -0.11976790E+01, -0.35262851E-03, -0.13858888E-02,  0.14805449E-03
    1333.,  0.13654167E+02,  0.10433502E+03, -0.11976790E+01, -0.34342981E-03, -0.13277006E-02,  0.14803609E-03
    1334.,  0.13507078E+02,  0.10459626E+03, -0.11976790E+01, -0.33302350E-03, -0.12800853E-02,  0.14804352E-03
    1335.,  0.13355169E+02,  0.10481730E+03, -0.11976790E+01, -0.32307889E-03, -0.12417518E-02,  0.14805451E-03
    1336.,  0.13205128E+02,  0.10500218E+03, -0.11976790E+01, -0.31422401E-03, -0.12113298E-02,  0.14806399E-03
    1337.,  0.13061255E+02,  0.10515591E+03, -0.11976790E+01, -0.30657008E-03, -0.11874789E-02,  0.14807178E-03
    1338.,  0.12906679E+02,  0.10530052E+03, -0.11976790E+01, -0.29917287E-03, -0.11666547E-02,  0.14807832E-03
    1339.,  0.12720609E+02,  0.10545135E+03, -0.11976790E+01, -0.29125226E-03, -0.11472779E-02,  0.14808511E-03
    1340.,  0.12497975E+02,  0.10560401E+03, -0.11976790E+01, -0.28289105E-03, -0.11313387E-02,  0.14809100E-03
    1341.,  0.12234682E+02,  0.10575167E+03, -0.11976790E+01, -0.27411050E-03, -0.11218583E-02,  0.14809570E-03
    1342.,  0.11929074E+02,  0.10588494E+03, -0.11976790E+01, -0.26467313E-03, -0.11230007E-02,  0.14809932E-03
    1343.,  0.11583717E+02,  0.10599248E+03, -0.11976790E+01, -0.25378992E-03, -0.11397951E-02,  0.14810194E-03
    1344.,  0.11206833E+02,  0.10606288E+03, -0.11976790E+01, -0.23984235E-03, -0.11771142E-02,  0.14810407E-03
    1345.,  0.10812349E+02,  0.10608744E+03, -0.11976790E+01, -0.22043998E-03, -0.12379139E-02,  0.14810674E-03
    1346.,  0.10417865E+02,  0.10606288E+03, -0.11976790E+01, -0.19310087E-03, -0.13215045E-02,  0.14811109E-03
    1347.,  0.10040981E+02,  0.10599248E+03, -0.11976790E+01, -0.15635077E-03, -0.14231188E-02,  0.14811742E-03
    1348.,  0.96956242E+01,  0.10588494E+03, -0.11976790E+01, -0.11049761E-03, -0.15353160E-02,  0.14812481E-03
    1349.,  0.93900159E+01,  0.10575167E+03, -0.11976790E+01, -0.57519531E-04, -0.16503284E-02,  0.14813191E-03
    1350.,  0.91267226E+01,  0.10560401E+03, -0.11976790E+01, -0.26451976E-06, -0.17619226E-02,  0.14813766E-03
    1351.,  0.89040889E+01,  0.10545135E+03, -0.11976790E+01,  0.58423522E-04, -0.18661051E-02,  0.14814227E-03
    1352.,  0.87180189E+01,  0.10530052E+03, -0.11976790E+01,  0.11623832E-03, -0.19609098E-02,  0.14814591E-03
    1353.,  0.85634430E+01,  0.10515591E+03, -0.11976790E+01,  0.17159097E-03, -0.20458378E-02,  0.14814502E-03
    1354.,  0.84195702E+01,  0.10500218E+03, -0.11976790E+01,  0.23028824E-03, -0.21308084E-02,  0.14814107E-03
    1355.,  0.82695288E+01,  0.10481730E+03, -0.11976790E+01,  0.30050908E-03, -0.22268485E-02,  0.14812576E-03
    1356.,  0.81176202E+01,  0.10459626E+03, -0.11976790E+01,  0.38356406E-03, -0.23342062E-02,  0.14808302E-03
    1357.,  0.79705304E+01,  0.10433502E+03, -0.11976790E+01,  0.47953858E-03, -0.24522460E-02,  0.14797391E-03
    1358.,  0.78374839E+01,  0.10403187E+03, -0.11976790E+01,  0.58596072E-03, -0.25791918E-02,  0.14768047E-03
    1359.,  0.77296146E+01,  0.10368925E+03, -0.11976790E+01,  0.69606017E-03, -0.27121781E-02,  0.14701549E-03
    1360.,  0.76582029E+01,  0.10331507E+03, -0.11976790E+01,  0.79767495E-03, -0.28479321E-02,  0.14605648E-03
    1361.,  0.76319554E+01,  0.10292291E+03, -0.11976790E+01,  0.87487001E-03, -0.29838779E-02,  0.14518147E-03
    1362.,  0.76543375E+01,  0.10253002E+03, -0.11976790E+01,  0.91370627E-03, -0.31185095E-02,  0.14479549E-03
    1363.,  0.77223849E+01,  0.10215383E+03, -0.11976790E+01,  0.90982300E-03, -0.32498778E-02,  0.14459162E-03
    1364.,  0.78277247E+01,  0.10180829E+03, -0.11976790E+01,  0.87162766E-03, -0.33736201E-02,  0.14373418E-03
    1365.,  0.79591749E+01,  0.10150182E+03, -0.11976790E+01,  0.81557217E-03, -0.34831853E-02,  0.14151539E-03
    1366.,  0.81055087E+01,  0.10123722E+03, -0.11976790E+01,  0.75792553E-03, -0.35721072E-02,  0.13676929E-03
    1367.,  0.82573113E+01,  0.10101308E+03, -0.11976790E+01,  0.70952254E-03, -0.36357949E-02,  0.13077304E-03
    1368.,  0.84076909E+01,  0.10082547E+03, -0.11976790E+01,  0.67567046E-03, -0.36717506E-02,  0.12303871E-03
    1369.,  0.82135926E+01,  0.10033424E+03, -0.11976790E+01,  0.76118306E-03, -0.38580340E-02,  0.12262263E-03
    1370.,  0.83905992E+01,  0.10016697E+03, -0.11976790E+01,  0.76242006E-03, -0.38518540E-02,  0.16409560E-03
    1371.,  0.86041219E+01,  0.99992144E+02, -0.11976790E+01,  0.78071088E-03, -0.38014705E-02,  0.17141427E-03
    1372.,  0.88601954E+01,  0.99814793E+02, -0.11976790E+01,  0.82974776E-03, -0.36841459E-02,  0.16914338E-03
    1373.,  0.91637731E+01,  0.99642824E+02, -0.11976790E+01,  0.90654085E-03, -0.34890356E-02,  0.16356721E-03
    1374.,  0.95169878E+01,  0.99487251E+02, -0.11976790E+01,  0.99960219E-03, -0.32232552E-02,  0.15735410E-03
    1375.,  0.99170042E+01,  0.99361439E+02, -0.11976790E+01,  0.10891757E-02, -0.29297308E-02,  0.15159784E-03
    1376.,  0.10354260E+02,  0.99278943E+02, -0.11976790E+01,  0.11543544E-02, -0.26860721E-02,  0.14444516E-03
    1377.,  0.10812349E+02,  0.99250137E+02, -0.11976790E+01,  0.11829747E-02, -0.25672188E-02,  0.13958596E-03
    1378.,  0.11270437E+02,  0.99278943E+02, -0.11976790E+01,  0.11771775E-02, -0.25897831E-02,  0.13619097E-03
    1379.,  0.11707694E+02,  0.99361439E+02, -0.11976790E+01,  0.11462750E-02, -0.26977621E-02,  0.13426581E-03
    1380.,  0.12107710E+02,  0.99487251E+02, -0.11976790E+01,  0.10984531E-02, -0.28100753E-02,  0.13059007E-03
    1381.,  0.12460925E+02,  0.99642824E+02, -0.11976790E+01,  0.10354193E-02, -0.28727825E-02,  0.12850201E-03
    1382.,  0.12764503E+02,  0.99814793E+02, -0.11976790E+01,  0.95778789E-03, -0.28727770E-02,  0.12382038E-03
    1383.,  0.13020576E+02,  0.99992144E+02, -0.11976790E+01,  0.86584776E-03, -0.28212143E-02,  0.12792916E-03
    1384.,  0.13234099E+02,  0.10016697E+03, -0.11976790E+01,  0.76724511E-03, -0.27386628E-02,  0.11949626E-03
    1385.,  0.13411105E+02,  0.10033424E+03, -0.11976790E+01,  0.66670837E-03, -0.26418531E-02,  0.14208695E-03
    1386.,  0.13577228E+02,  0.10051366E+03, -0.11976790E+01,  0.55659698E-03, -0.25298477E-02,  0.12725130E-03
    1387.,  0.13750135E+02,  0.10072937E+03, -0.11976790E+01,  0.42460207E-03, -0.23920461E-02,  0.13667680E-03
    1388.,  0.13924678E+02,  0.10098709E+03, -0.11976790E+01,  0.27453714E-03, -0.22347017E-02,  0.14070706E-03
    1389.,  0.14092932E+02,  0.10129132E+03, -0.11976790E+01,  0.11442562E-03, -0.20689724E-02,  0.14331750E-03
    1390.,  0.14244074E+02,  0.10164370E+03, -0.11976790E+01, -0.41967629E-04, -0.19076630E-02,  0.14334290E-03
    1391.,  0.14365194E+02,  0.10204100E+03, -0.11976790E+01, -0.17721633E-03, -0.17642509E-02,  0.14296621E-03
    1392.,  0.14443435E+02,  0.10247354E+03, -0.11976790E+01, -0.27784870E-03, -0.16463610E-02,  0.14372363E-03
    1393.,  0.14469170E+02,  0.10292529E+03, -0.11976790E+01, -0.33980296E-03, -0.15533486E-02,  0.14568331E-03
    1394.,  0.14438990E+02,  0.10337620E+03, -0.11976790E+01, -0.36860819E-03, -0.14789652E-02,  0.14740401E-03
    1395.,  0.14356881E+02,  0.10380643E+03, -0.11976790E+01, -0.37478515E-03, -0.14165723E-02,  0.14813785E-03
    1396.,  0.14232853E+02,  0.10420038E+03, -0.11976790E+01, -0.36869785E-03, -0.13621615E-02,  0.14826946E-03
    1397.,  0.14079876E+02,  0.10454894E+03, -0.11976790E+01, -0.35776472E-03, -0.13142967E-02,  0.14825473E-03
    1398.,  0.13910752E+02,  0.10484932E+03, -0.11976790E+01, -0.34620965E-03, -0.12727563E-02,  0.14822262E-03
    1399.,  0.13736087E+02,  0.10510346E+03, -0.11976790E+01, -0.33596478E-03, -0.12374906E-02,  0.14819503E-03
    1400.,  0.13563569E+02,  0.10531604E+03, -0.11976790E+01, -0.32764876E-03, -0.12082138E-02,  0.14817394E-03
    1401.,  0.13398144E+02,  0.10549280E+03, -0.11976790E+01, -0.32125114E-03, -0.11843903E-02,  0.14815775E-03
    1402.,  0.13220412E+02,  0.10565908E+03, -0.11976790E+01, -0.31594143E-03, -0.11628846E-02,  0.14814560E-03
    1403.,  0.13006469E+02,  0.10583250E+03, -0.11976790E+01, -0.31144066E-03, -0.11421737E-02,  0.14813282E-03
    1404.,  0.12750484E+02,  0.10600802E+03, -0.11976790E+01, -0.30832232E-03, -0.11244394E-02,  0.14812194E-03
    1405.,  0.12447749E+02,  0.10617780E+03, -0.11976790E+01, -0.30709666E-03, -0.11131511E-02,  0.14811367E-03
    1406.,  0.12096361E+02,  0.10633103E+03, -0.11976790E+01, -0.30786506E-03, -0.11133018E-02,  0.14810753E-03
    1407.,  0.11699269E+02,  0.10645469E+03, -0.11976790E+01, -0.30977196E-03, -0.11311166E-02,  0.14810335E-03
    1408.,  0.11265927E+02,  0.10653563E+03, -0.11976790E+01, -0.31048011E-03, -0.11727994E-02,  0.14810023E-03
    1409.,  0.10812349E+02,  0.10656387E+03, -0.11976790E+01, -0.30617368E-03, -0.12422829E-02,  0.14809613E-03
    1410.,  0.10358770E+02,  0.10653563E+03, -0.11976790E+01, -0.29254103E-03, -0.13389632E-02,  0.14808871E-03
    1411.,  0.99254285E+01,  0.10645469E+03, -0.11976790E+01, -0.26645703E-03, -0.14570734E-02,  0.14807720E-03
    1412.,  0.95283373E+01,  0.10633103E+03, -0.11976790E+01, -0.22727963E-03, -0.15874318E-02,  0.14806321E-03
    1413.,  0.91769484E+01,  0.10617780E+03, -0.11976790E+01, -0.17689637E-03, -0.17204295E-02,  0.14804928E-03
    1414.,  0.88742135E+01,  0.10600802E+03, -0.11976790E+01, -0.11871736E-03, -0.18484158E-02,  0.14803724E-03
    1415.,  0.86182289E+01,  0.10583250E+03, -0.11976790E+01, -0.56454816E-04, -0.19665966E-02,  0.14802555E-03
    1416.,  0.84042854E+01,  0.10565908E+03, -0.11976790E+01,  0.67081311E-05, -0.20727590E-02,  0.14801396E-03
    1417.,  0.82265537E+01,  0.10549280E+03, -0.11976790E+01,  0.68434785E-04, -0.21664979E-02,  0.14801144E-03
    1418.,  0.80611286E+01,  0.10531604E+03, -0.11976790E+01,  0.13493763E-03, -0.22587758E-02,  0.14800830E-03
    1419.,  0.78886108E+01,  0.10510346E+03, -0.11976790E+01,  0.21561855E-03, -0.23610060E-02,  0.14801918E-03
    1420.,  0.77139460E+01,  0.10484932E+03, -0.11976790E+01,  0.31226791E-03, -0.24723097E-02,  0.14806618E-03
    1421.,  0.75448220E+01,  0.10454894E+03, -0.11976790E+01,  0.42529403E-03, -0.25906422E-02,  0.14819757E-03
    1422.,  0.73918450E+01,  0.10420038E+03, -0.11976790E+01,  0.55209356E-03, -0.27128441E-02,  0.14865304E-03
    1423.,  0.72678168E+01,  0.10380643E+03, -0.11976790E+01,  0.68501045E-03, -0.28354888E-02,  0.14985902E-03
    1424.,  0.71857075E+01,  0.10337620E+03, -0.11976790E+01,  0.81009778E-03, -0.29566795E-02,  0.15175969E-03
    1425.,  0.71555280E+01,  0.10292529E+03, -0.11976790E+01,  0.90897298E-03, -0.30778176E-02,  0.15368056E-03
    1426.,  0.71812629E+01,  0.10247354E+03, -0.11976790E+01,  0.96522264E-03, -0.32028582E-02,  0.15424618E-03
    1427.,  0.72595040E+01,  0.10204100E+03, -0.11976790E+01,  0.97285987E-03, -0.33339563E-02,  0.15405295E-03
    1428.,  0.73806238E+01,  0.10164370E+03, -0.11976790E+01,  0.94097711E-03, -0.34665705E-02,  0.15551746E-03
    1429.,  0.75317654E+01,  0.10129132E+03, -0.11976790E+01,  0.88968946E-03, -0.35903620E-02,  0.15921296E-03
    1430.,  0.77000203E+01,  0.10098709E+03, -0.11976790E+01,  0.83885091E-03, -0.36954714E-02,  0.16546706E-03
    1431.,  0.78745632E+01,  0.10072937E+03, -0.11976790E+01,  0.79941460E-03, -0.37766404E-02,  0.16975589E-03
    1432.,  0.80474698E+01,  0.10051366E+03, -0.11976790E+01,  0.77324199E-03, -0.38319095E-02,  0.17196361E-03
    1433.,  0.78750147E+01,  0.99999043E+02, -0.11976790E+01,  0.88593986E-03, -0.40930015E-02,  0.41026203E-03
    1434.,  0.80750825E+01,  0.99809983E+02, -0.11976790E+01,  0.88159736E-03, -0.41168316E-02,  0.27899550E-03
    1435.,  0.83164240E+01,  0.99612383E+02, -0.11976790E+01,  0.92438812E-03, -0.40705909E-02,  0.19945639E-03
    1436.,  0.86058599E+01,  0.99411925E+02, -0.11976790E+01,  0.10047603E-02, -0.39387565E-02,  0.16806794E-03
    1437.,  0.89489891E+01,  0.99217552E+02, -0.11976790E+01,  0.11139461E-02, -0.37009996E-02,  0.15296266E-03
    1438.,  0.93482222E+01,  0.99041709E+02, -0.11976790E+01,  0.12315747E-02, -0.33604167E-02,  0.14963442E-03
    1439.,  0.98003546E+01,  0.98899506E+02, -0.11976790E+01,  0.13306766E-02, -0.29699534E-02,  0.15309873E-03
    1440.,  0.10294579E+02,  0.98806262E+02, -0.11976790E+01,  0.13876951E-02, -0.26432706E-02,  0.15522169E-03
    1441.,  0.10812349E+02,  0.98773704E+02, -0.11976790E+01,  0.13882411E-02, -0.25033008E-02,  0.14354821E-03
    1442.,  0.11330119E+02,  0.98806262E+02, -0.11976790E+01,  0.13362639E-02, -0.25718009E-02,  0.14240242E-03
    1443.,  0.11824343E+02,  0.98899506E+02, -0.11976790E+01,  0.12577909E-02, -0.27514531E-02,  0.14476091E-03
    1444.,  0.12276476E+02,  0.99041709E+02, -0.11976790E+01,  0.11729480E-02, -0.29188162E-02,  0.14311964E-03
    1445.,  0.12675709E+02,  0.99217552E+02, -0.11976790E+01,  0.10893191E-02, -0.30032598E-02,  0.13083520E-03
    1446.,  0.13018838E+02,  0.99411925E+02, -0.11976790E+01,  0.10015905E-02, -0.29969647E-02,  0.12776541E-03
    1447.,  0.13308274E+02,  0.99612383E+02, -0.11976790E+01,  0.90799986E-03, -0.29276494E-02,  0.10993343E-03
    1448.,  0.13549615E+02,  0.99809983E+02, -0.11976790E+01,  0.79892624E-03, -0.28173380E-02,  0.13094236E-03
    1449.,  0.13749683E+02,  0.99999043E+02, -0.11976790E+01,  0.69060358E-03, -0.26938281E-02,  0.78593532E-04
    1450.,  0.13937449E+02,  0.10020184E+03, -0.11976790E+01,  0.57016028E-03, -0.25484060E-02,  0.14600011E-03
    1451.,  0.14132883E+02,  0.10044566E+03, -0.11976790E+01,  0.42944072E-03, -0.23768033E-02,  0.14638475E-03
    1452.,  0.14330166E+02,  0.10073695E+03, -0.11976790E+01,  0.27080048E-03, -0.21900491E-02,  0.14724337E-03
    1453.,  0.14520342E+02,  0.10108082E+03, -0.11976790E+01,  0.10210449E-03, -0.19964707E-02,  0.14408325E-03
    1454.,  0.14691175E+02,  0.10147911E+03, -0.11976790E+01, -0.58720422E-04, -0.18155444E-02,  0.14497266E-03
    1455.,  0.14828075E+02,  0.10192817E+03, -0.11976790E+01, -0.19347583E-03, -0.16650414E-02,  0.14679715E-03
    1456.,  0.14916509E+02,  0.10241707E+03, -0.11976790E+01, -0.29088246E-03, -0.15530424E-02,  0.14708539E-03
    1457.,  0.14945597E+02,  0.10292767E+03, -0.11976790E+01, -0.35001956E-03, -0.14745280E-02,  0.14695083E-03
    1458.,  0.14911486E+02,  0.10343733E+03, -0.11976790E+01, -0.37784860E-03, -0.14175895E-02,  0.14723665E-03
    1459.,  0.14818679E+02,  0.10392361E+03, -0.11976790E+01, -0.38475837E-03, -0.13712846E-02,  0.14759806E-03
    1460.,  0.14678492E+02,  0.10436889E+03, -0.11976790E+01, -0.38037269E-03, -0.13295818E-02,  0.14789167E-03
    1461.,  0.14505584E+02,  0.10476285E+03, -0.11976790E+01, -0.37155709E-03, -0.12907598E-02,  0.14802376E-03
    1462.,  0.14314426E+02,  0.10510237E+03, -0.11976790E+01, -0.36230896E-03, -0.12552021E-02,  0.14807685E-03
    1463.,  0.14117005E+02,  0.10538963E+03, -0.11976790E+01, -0.35452273E-03, -0.12236710E-02,  0.14809740E-03
    1464.,  0.13922011E+02,  0.10562990E+03, -0.11976790E+01, -0.34881287E-03, -0.11966066E-02,  0.14810898E-03
    1465.,  0.13735033E+02,  0.10582969E+03, -0.11976790E+01, -0.34513314E-03, -0.11740225E-02,  0.14811547E-03
    1466.,  0.13534146E+02,  0.10601763E+03, -0.11976790E+01, -0.34300369E-03, -0.11532334E-02,  0.14811218E-03
    1467.,  0.13292329E+02,  0.10621364E+03, -0.11976790E+01, -0.34270038E-03, -0.11328838E-02,  0.14811185E-03
    1468.,  0.13002994E+02,  0.10641204E+03, -0.11976790E+01, -0.34511378E-03, -0.11152757E-02,  0.14811137E-03
    1469.,  0.12660817E+02,  0.10660394E+03, -0.11976790E+01, -0.35106808E-03, -0.11042130E-02,  0.14810930E-03
    1470.,  0.12263647E+02,  0.10677713E+03, -0.11976790E+01, -0.36085226E-03, -0.11053209E-02,  0.14810695E-03
    1471.,  0.11814821E+02,  0.10691689E+03, -0.11976790E+01, -0.37349402E-03, -0.11257882E-02,  0.14810441E-03
    1472.,  0.11325022E+02,  0.10700839E+03, -0.11976790E+01, -0.38605442E-03, -0.11729446E-02,  0.14810160E-03
    1473.,  0.10812349E+02,  0.10704030E+03, -0.11976790E+01, -0.39359012E-03, -0.12515763E-02,  0.14809859E-03
    1474.,  0.10299676E+02,  0.10700839E+03, -0.11976790E+01, -0.39038102E-03, -0.13611430E-02,  0.14809573E-03
    1475.,  0.98098764E+01,  0.10691689E+03, -0.11976790E+01, -0.37208739E-03, -0.14949446E-02,  0.14809358E-03
    1476.,  0.93610504E+01,  0.10677713E+03, -0.11976790E+01, -0.33745440E-03, -0.16421995E-02,  0.14809278E-03
    1477.,  0.89638810E+01,  0.10660394E+03, -0.11976790E+01, -0.28844090E-03, -0.17916586E-02,  0.14809403E-03
    1478.,  0.86217043E+01,  0.10641204E+03, -0.11976790E+01, -0.22900286E-03, -0.19344723E-02,  0.14809772E-03
    1479.,  0.83323689E+01,  0.10621364E+03, -0.11976790E+01, -0.16357420E-03, -0.20652328E-02,  0.14810883E-03
    1480.,  0.80905518E+01,  0.10601763E+03, -0.11976790E+01, -0.96027732E-04, -0.21815858E-02,  0.14812561E-03
    1481.,  0.78896645E+01,  0.10582969E+03, -0.11976790E+01, -0.29241873E-04, -0.22832863E-02,  0.14813029E-03
    1482.,  0.77026871E+01,  0.10562990E+03, -0.11976790E+01,  0.43349240E-04, -0.23823039E-02,  0.14816857E-03
    1483.,  0.75076928E+01,  0.10538963E+03, -0.11976790E+01,  0.13214544E-03, -0.24905139E-02,  0.14822606E-03
    1484.,  0.73102719E+01,  0.10510237E+03, -0.11976790E+01,  0.23945970E-03, -0.26062282E-02,  0.14831312E-03
    1485.,  0.71191136E+01,  0.10476285E+03, -0.11976790E+01,  0.36634187E-03, -0.27263846E-02,  0.14852670E-03
    1486.,  0.69462061E+01,  0.10436889E+03, -0.11976790E+01,  0.51087680E-03, -0.28468813E-02,  0.14881479E-03
    1487.,  0.68060189E+01,  0.10392361E+03, -0.11976790E+01,  0.66590128E-03, -0.29639135E-02,  0.14912790E-03
    1488.,  0.67132120E+01,  0.10343733E+03, -0.11976790E+01,  0.81725067E-03, -0.30765775E-02,  0.14921589E-03
    1489.,  0.66791006E+01,  0.10292767E+03, -0.11976790E+01,  0.94508087E-03, -0.31896313E-02,  0.14791794E-03
    1490.,  0.67081884E+01,  0.10241707E+03, -0.11976790E+01,  0.10296365E-02, -0.33127368E-02,  0.14838188E-03
    1491.,  0.67966230E+01,  0.10192817E+03, -0.11976790E+01,  0.10597103E-02, -0.34527532E-02,  0.15083077E-03
    1492.,  0.69335230E+01,  0.10147911E+03, -0.11976790E+01,  0.10404199E-02, -0.36053251E-02,  0.15024991E-03
    1493.,  0.71043560E+01,  0.10108082E+03, -0.11976790E+01,  0.99317278E-03, -0.37529536E-02,  0.15029655E-03
    1494.,  0.72945319E+01,  0.10073695E+03, -0.11976790E+01,  0.94533348E-03, -0.38764876E-02,  0.15796182E-03
    1495.,  0.74918150E+01,  0.10044566E+03, -0.11976790E+01,  0.91372529E-03, -0.39701457E-02,  0.18144244E-03
    1496.,  0.76872487E+01,  0.10020184E+03, -0.11976790E+01,  0.89907991E-03, -0.40403812E-02,  0.23487073E-03
    1497.,  0.75364368E+01,  0.99663851E+02, -0.11976790E+01,  0.99016407E-03, -0.43712801E-02, -0.99945644E-03
    1498.,  0.77595659E+01,  0.99452998E+02, -0.11976790E+01,  0.10204697E-02, -0.44407029E-02, -0.60993438E-03
    1499.,  0.80287260E+01,  0.99232622E+02, -0.11976790E+01,  0.11215551E-02, -0.44140356E-02, -0.23774489E-03
    1500.,  0.83515244E+01,  0.99009058E+02, -0.11976790E+01,  0.12735268E-02, -0.42873297E-02, -0.98860036E-04
    1501.,  0.87342051E+01,  0.98792279E+02, -0.11976790E+01,  0.14490929E-02, -0.40141341E-02,  0.97316428E-05
    1502.,  0.91794566E+01,  0.98596168E+02, -0.11976790E+01,  0.15993612E-02, -0.35834992E-02,  0.75130800E-04
    1503.,  0.96837050E+01,  0.98437574E+02, -0.11976790E+01,  0.16953012E-02, -0.30466031E-02,  0.98717910E-04
    1504.,  0.10234897E+02,  0.98333582E+02, -0.11976790E+01,  0.17130708E-02, -0.25833741E-02,  0.14418885E-03
    1505.,  0.10812349E+02,  0.98297271E+02, -0.11976790E+01,  0.16245703E-02, -0.24219552E-02,  0.24152953E-03
    1506.,  0.11389801E+02,  0.98333582E+02, -0.11976790E+01,  0.14598619E-02, -0.25836514E-02,  0.26707613E-03
    1507.,  0.11940993E+02,  0.98437574E+02, -0.11976790E+01,  0.12856383E-02, -0.28810633E-02,  0.26615677E-03
    1508.,  0.12445241E+02,  0.98596168E+02, -0.11976790E+01,  0.11605900E-02, -0.31206850E-02,  0.29972793E-03
    1509.,  0.12890493E+02,  0.98792279E+02, -0.11976790E+01,  0.10743663E-02, -0.32158675E-02,  0.38177081E-03
    1510.,  0.13273173E+02,  0.99009058E+02, -0.11976790E+01,  0.10032002E-02, -0.31882863E-02,  0.44351207E-03
    1511.,  0.13595972E+02,  0.99232622E+02, -0.11976790E+01,  0.92182489E-03, -0.30715367E-02,  0.50155406E-03
    1512.,  0.13865132E+02,  0.99452998E+02, -0.11976790E+01,  0.84262868E-03, -0.29348731E-02,  0.46141895E-03
    1513.,  0.14088261E+02,  0.99663851E+02, -0.11976790E+01,  0.71315483E-03, -0.27544011E-02,  0.55757206E-03
    1514.,  0.14297670E+02,  0.99890023E+02, -0.11976790E+01,  0.57974892E-03, -0.25640621E-02,  0.29679704E-03
    1515.,  0.14515631E+02,  0.10016195E+03, -0.11976790E+01,  0.43107515E-03, -0.23644694E-02,  0.22817817E-03
    1516.,  0.14735654E+02,  0.10048681E+03, -0.11976790E+01,  0.25675217E-03, -0.21393474E-02,  0.20733085E-03
    1517.,  0.14947751E+02,  0.10087032E+03, -0.11976790E+01,  0.75709167E-04, -0.19129642E-02,  0.20161332E-03
    1518.,  0.15138276E+02,  0.10131452E+03, -0.11976790E+01, -0.88359327E-04, -0.17127283E-02,  0.19707351E-03
    1519.,  0.15290956E+02,  0.10181534E+03, -0.11976790E+01, -0.21643896E-03, -0.15622525E-02,  0.19440083E-03
    1520.,  0.15389584E+02,  0.10236060E+03, -0.11976790E+01, -0.30408656E-03, -0.14640898E-02,  0.18819501E-03
    1521.,  0.15422025E+02,  0.10293005E+03, -0.11976790E+01, -0.35574419E-03, -0.14045559E-02,  0.17149494E-03
    1522.,  0.15383981E+02,  0.10349846E+03, -0.11976790E+01, -0.38071964E-03, -0.13653643E-02,  0.15579363E-03
    1523.,  0.15280477E+02,  0.10404079E+03, -0.11976790E+01, -0.38891433E-03, -0.13329773E-02,  0.14921944E-03
    1524.,  0.15124131E+02,  0.10453740E+03, -0.11976790E+01, -0.38805837E-03, -0.13011891E-02,  0.14746137E-03
    1525.,  0.14931293E+02,  0.10497677E+03, -0.11976790E+01, -0.38340282E-03, -0.12692432E-02,  0.14716078E-03
    1526.,  0.14718100E+02,  0.10535542E+03, -0.11976790E+01, -0.37826282E-03, -0.12384060E-02,  0.14723868E-03
    1527.,  0.14497923E+02,  0.10567579E+03, -0.11976790E+01, -0.37436945E-03, -0.12100606E-02,  0.14739699E-03
    1528.,  0.14280452E+02,  0.10594376E+03, -0.11976790E+01, -0.37232966E-03, -0.11850932E-02,  0.14751786E-03
    1529.,  0.14071923E+02,  0.10616658E+03, -0.11976790E+01, -0.37211689E-03, -0.11638747E-02,  0.14761562E-03
    1530.,  0.13847880E+02,  0.10637618E+03, -0.11976790E+01, -0.37374077E-03, -0.11440638E-02,  0.14773180E-03
    1531.,  0.13578189E+02,  0.10659479E+03, -0.11976790E+01, -0.37806054E-03, -0.11244673E-02,  0.14783499E-03
    1532.,  0.13255503E+02,  0.10681605E+03, -0.11976790E+01, -0.38624392E-03, -0.11074572E-02,  0.14792076E-03
    1533.,  0.12873884E+02,  0.10703007E+03, -0.11976790E+01, -0.39940017E-03, -0.10970732E-02,  0.14799306E-03
    1534.,  0.12430934E+02,  0.10722323E+03, -0.11976790E+01, -0.41802142E-03, -0.10994806E-02,  0.14804973E-03
    1535.,  0.11930373E+02,  0.10737910E+03, -0.11976790E+01, -0.44110132E-03, -0.11228043E-02,  0.14809135E-03
    1536.,  0.11384116E+02,  0.10748114E+03, -0.11976790E+01, -0.46520132E-03, -0.11755859E-02,  0.14812482E-03
    1537.,  0.10812349E+02,  0.10751674E+03, -0.11976790E+01, -0.48429146E-03, -0.12636317E-02,  0.14816660E-03
    1538.,  0.10240582E+02,  0.10748114E+03, -0.11976790E+01, -0.49119798E-03, -0.13865791E-02,  0.14823529E-03
    1539.,  0.96943244E+01,  0.10737910E+03, -0.11976790E+01, -0.48031839E-03, -0.15367554E-02,  0.14833596E-03
    1540.,  0.91937635E+01,  0.10722323E+03, -0.11976790E+01, -0.44982643E-03, -0.17016335E-02,  0.14845268E-03
    1541.,  0.87508135E+01,  0.10703007E+03, -0.11976790E+01, -0.40187047E-03, -0.18682055E-02,  0.14856088E-03
    1542.,  0.83691952E+01,  0.10681605E+03, -0.11976790E+01, -0.34105707E-03, -0.20264090E-02,  0.14864411E-03
    1543.,  0.80465089E+01,  0.10659479E+03, -0.11976790E+01, -0.27259368E-03, -0.21702765E-02,  0.14869144E-03
    1544.,  0.77768183E+01,  0.10637618E+03, -0.11976790E+01, -0.20101349E-03, -0.22973847E-02,  0.14872079E-03
    1545.,  0.75527752E+01,  0.10616658E+03, -0.11976790E+01, -0.12970318E-03, -0.24076929E-02,  0.14875794E-03
    1546.,  0.73442455E+01,  0.10594376E+03, -0.11976790E+01, -0.51751996E-04, -0.25142772E-02,  0.14863972E-03
    1547.,  0.71267748E+01,  0.10567579E+03, -0.11976790E+01,  0.44113257E-04, -0.26297198E-02,  0.14835672E-03
    1548.,  0.69065978E+01,  0.10535542E+03, -0.11976790E+01,  0.16073350E-03, -0.27516869E-02,  0.14772776E-03
    1549.,  0.66934053E+01,  0.10497677E+03, -0.11976790E+01,  0.29999931E-03, -0.28762026E-02,  0.14604892E-03
    1550.,  0.65005672E+01,  0.10453740E+03, -0.11976790E+01,  0.46148283E-03, -0.29979390E-02,  0.14191190E-03
    1551.,  0.63442210E+01,  0.10404079E+03, -0.11976790E+01,  0.63969656E-03, -0.31120747E-02,  0.13116186E-03
    1552.,  0.62407166E+01,  0.10349846E+03, -0.11976790E+01,  0.82101175E-03, -0.32170594E-02,  0.11395497E-03
    1553.,  0.62026732E+01,  0.10293005E+03, -0.11976790E+01,  0.98414544E-03, -0.33184062E-02,  0.10375294E-03
    1554.,  0.62351139E+01,  0.10236060E+03, -0.11976790E+01,  0.11068040E-02, -0.34325579E-02,  0.98363330E-04
    1555.,  0.63337421E+01,  0.10181534E+03, -0.11976790E+01,  0.11686204E-02, -0.35780325E-02,  0.90980607E-04
    1556.,  0.64864221E+01,  0.10131452E+03, -0.11976790E+01,  0.11639470E-02, -0.37537542E-02,  0.82580449E-04
    1557.,  0.66769466E+01,  0.10087032E+03, -0.11976790E+01,  0.11153998E-02, -0.39379934E-02,  0.57232935E-04
    1558.,  0.68890434E+01,  0.10048681E+03, -0.11976790E+01,  0.10591250E-02, -0.40957588E-02, -0.10714533E-04
    1559.,  0.71090668E+01,  0.10016195E+03, -0.11976790E+01,  0.10269852E-02, -0.41996033E-02, -0.14738202E-03
    1560.,  0.73270276E+01,  0.99890023E+02, -0.11976790E+01,  0.10205046E-02, -0.42623789E-02, -0.46322116E-03
    1561.,  0.71978590E+01,  0.99328659E+02, -0.11976790E+01,  0.10434523E-02, -0.50007579E-02,  0.30466372E-02
    1562.,  0.74440493E+01,  0.99096014E+02, -0.11976790E+01,  0.11510804E-02, -0.51318600E-02,  0.21999790E-02
    1563.,  0.77410281E+01,  0.98852860E+02, -0.11976790E+01,  0.14338910E-02, -0.50079692E-02,  0.13673455E-02
    1564.,  0.80971889E+01,  0.98606190E+02, -0.11976790E+01,  0.17166438E-02, -0.47736211E-02,  0.11128162E-02
    1565.,  0.85194211E+01,  0.98367007E+02, -0.11976790E+01,  0.19840578E-02, -0.44479748E-02,  0.69634858E-03
    1566.,  0.90106911E+01,  0.98150627E+02, -0.11976790E+01,  0.21888214E-02, -0.39401827E-02,  0.40393088E-03
    1567.,  0.95670554E+01,  0.97975642E+02, -0.11976790E+01,  0.22702757E-02, -0.32063323E-02,  0.30258507E-03
    1568.,  0.10175215E+02,  0.97860901E+02, -0.11976790E+01,  0.21910590E-02, -0.25131259E-02,  0.12523858E-03
    1569.,  0.10812349E+02,  0.97820837E+02, -0.11976790E+01,  0.19002241E-02, -0.23528074E-02, -0.22064511E-03
    1570.,  0.11449483E+02,  0.97860901E+02, -0.11976790E+01,  0.14563420E-02, -0.26817314E-02, -0.31124202E-03
    1571.,  0.12057642E+02,  0.97975642E+02, -0.11976790E+01,  0.11191334E-02, -0.31299303E-02, -0.31690776E-03
    1572.,  0.12614007E+02,  0.98150627E+02, -0.11976790E+01,  0.96809791E-03, -0.34377500E-02, -0.47646879E-03
    1573.,  0.13105277E+02,  0.98367007E+02, -0.11976790E+01,  0.93623229E-03, -0.35476248E-02, -0.75077389E-03
    1574.,  0.13527509E+02,  0.98606190E+02, -0.11976790E+01,  0.93480502E-03, -0.35070929E-02, -0.96239581E-03
    1575.,  0.13883670E+02,  0.98852860E+02, -0.11976790E+01,  0.90528364E-03, -0.33460899E-02, -0.10622923E-02
    1576.,  0.14180649E+02,  0.99096014E+02, -0.11976790E+01,  0.86205700E-03, -0.31267775E-02, -0.10196197E-02
    1577.,  0.14426839E+02,  0.99328659E+02, -0.11976790E+01,  0.78999896E-03, -0.28812253E-02, -0.11887090E-02
    1578.,  0.14657891E+02,  0.99578206E+02, -0.11976790E+01,  0.60115005E-03, -0.25826605E-02, -0.46722139E-03
    1579.,  0.14898379E+02,  0.99878234E+02, -0.11976790E+01,  0.44309533E-03, -0.23270770E-02, -0.15414208E-03
    1580.,  0.15141143E+02,  0.10023668E+03, -0.11976790E+01,  0.24952147E-03, -0.20549538E-02, -0.63857361E-04
    1581.,  0.15375161E+02,  0.10065982E+03, -0.11976790E+01,  0.46015451E-04, -0.17904311E-02, -0.21100360E-04
    1582.,  0.15585377E+02,  0.10114993E+03, -0.11976790E+01, -0.12081970E-03, -0.15836428E-02, -0.11540612E-04
    1583.,  0.15753837E+02,  0.10170252E+03, -0.11976790E+01, -0.23838278E-03, -0.14524940E-02, -0.21096367E-04
    1584.,  0.15862658E+02,  0.10230412E+03, -0.11976790E+01, -0.31336836E-03, -0.13836577E-02, -0.21165820E-05
    1585.,  0.15898452E+02,  0.10293243E+03, -0.11976790E+01, -0.35559584E-03, -0.13508282E-02,  0.69436689E-04
    1586.,  0.15856477E+02,  0.10355959E+03, -0.11976790E+01, -0.37772558E-03, -0.13304118E-02,  0.12892676E-03
    1587.,  0.15742275E+02,  0.10415797E+03, -0.11976790E+01, -0.38870329E-03, -0.13087632E-02,  0.14861085E-03
    1588.,  0.15569770E+02,  0.10470590E+03, -0.11976790E+01, -0.39286434E-03, -0.12832498E-02,  0.15238613E-03
    1589.,  0.15357001E+02,  0.10519069E+03, -0.11976790E+01, -0.39348442E-03, -0.12554836E-02,  0.15240478E-03
    1590.,  0.15121774E+02,  0.10560847E+03, -0.11976790E+01, -0.39324755E-03, -0.12276820E-02,  0.15160744E-03
    1591.,  0.14878841E+02,  0.10596196E+03, -0.11976790E+01, -0.39383123E-03, -0.12015698E-02,  0.15080568E-03
    1592.,  0.14638894E+02,  0.10625762E+03, -0.11976790E+01, -0.39588963E-03, -0.11781833E-02,  0.15027268E-03
    1593.,  0.14408812E+02,  0.10650347E+03, -0.11976790E+01, -0.39943352E-03, -0.11579973E-02,  0.14986427E-03
    1594.,  0.14161613E+02,  0.10673473E+03, -0.11976790E+01, -0.40498535E-03, -0.11389628E-02,  0.14942761E-03
    1595.,  0.13864049E+02,  0.10697594E+03, -0.11976790E+01, -0.41407586E-03, -0.11199679E-02,  0.14903502E-03
    1596.,  0.13508012E+02,  0.10722006E+03, -0.11976790E+01, -0.42816127E-03, -0.11033992E-02,  0.14871827E-03
    1597.,  0.13086952E+02,  0.10745621E+03, -0.11976790E+01, -0.44866480E-03, -0.10934484E-02,  0.14846101E-03
    1598.,  0.12598221E+02,  0.10766933E+03, -0.11976790E+01, -0.47642649E-03, -0.10967753E-02,  0.14826438E-03
    1599.,  0.12045926E+02,  0.10784131E+03, -0.11976790E+01, -0.51061562E-03, -0.11225041E-02,  0.14812817E-03
    1600.,  0.11443210E+02,  0.10795389E+03, -0.11976790E+01, -0.54743798E-03, -0.11806322E-02,  0.14802737E-03
    1601.,  0.10812349E+02,  0.10799317E+03, -0.11976790E+01, -0.57965890E-03, -0.12783274E-02,  0.14789735E-03
    1602.,  0.10181488E+02,  0.10795389E+03, -0.11976790E+01, -0.59824373E-03, -0.14156059E-02,  0.14766030E-03
    1603.,  0.95787723E+01,  0.10784131E+03, -0.11976790E+01, -0.59589382E-03, -0.15837105E-02,  0.14728961E-03
    1604.,  0.90264766E+01,  0.10766933E+03, -0.11976790E+01, -0.57005026E-03, -0.17680356E-02,  0.14684342E-03
    1605.,  0.85377461E+01,  0.10745621E+03, -0.11976790E+01, -0.52318576E-03, -0.19535076E-02,  0.14641339E-03
    1606.,  0.81166860E+01,  0.10722006E+03, -0.11976790E+01, -0.46080232E-03, -0.21287115E-02,  0.14606263E-03
    1607.,  0.77606489E+01,  0.10697594E+03, -0.11976790E+01, -0.38904911E-03, -0.22871425E-02,  0.14580555E-03
    1608.,  0.74630848E+01,  0.10673473E+03, -0.11976790E+01, -0.31326110E-03, -0.24263585E-02,  0.14556240E-03
    1609.,  0.72158860E+01,  0.10650347E+03, -0.11976790E+01, -0.23730462E-03, -0.25465526E-02,  0.14530571E-03
    1610.,  0.69858039E+01,  0.10625762E+03, -0.11976790E+01, -0.15401605E-03, -0.26621569E-02,  0.14546719E-03
    1611.,  0.67458568E+01,  0.10596196E+03, -0.11976790E+01, -0.51247486E-04, -0.27866610E-02,  0.14602636E-03
    1612.,  0.65029237E+01,  0.10560847E+03, -0.11976790E+01,  0.74297849E-04, -0.29174049E-02,  0.14758662E-03
    1613.,  0.62676969E+01,  0.10519069E+03, -0.11976790E+01,  0.22525291E-03, -0.30496902E-02,  0.15217385E-03
    1614.,  0.60549283E+01,  0.10470590E+03, -0.11976790E+01,  0.40278981E-03, -0.31767065E-02,  0.16419273E-03
    1615.,  0.58824231E+01,  0.10415797E+03, -0.11976790E+01,  0.60501259E-03, -0.32908527E-02,  0.20124299E-03
    1616.,  0.57682211E+01,  0.10355959E+03, -0.11976790E+01,  0.81972028E-03, -0.33883174E-02,  0.27149622E-03
    1617.,  0.57262458E+01,  0.10293243E+03, -0.11976790E+01,  0.10204795E-02, -0.34700162E-02,  0.32337753E-03
    1618.,  0.57620394E+01,  0.10230412E+03, -0.11976790E+01,  0.11880977E-02, -0.35554600E-02,  0.33478709E-03
    1619.,  0.58708612E+01,  0.10170252E+03, -0.11976790E+01,  0.12956185E-02, -0.36870166E-02,  0.34700629E-03
    1620.,  0.60393212E+01,  0.10114993E+03, -0.11976790E+01,  0.13065024E-02, -0.38858381E-02,  0.37595185E-03
    1621.,  0.62495371E+01,  0.10065982E+03, -0.11976790E+01,  0.12484566E-02, -0.41118682E-02,  0.48491018E-03
    1622.,  0.64835550E+01,  0.10023668E+03, -0.11976790E+01,  0.11703296E-02, -0.43290254E-02,  0.81538201E-03
    1623.,  0.67263186E+01,  0.99878234E+02, -0.11976790E+01,  0.11082544E-02, -0.45318416E-02,  0.12031119E-02
    1624.,  0.69668064E+01,  0.99578206E+02, -0.11976790E+01,  0.10993195E-02, -0.47328672E-02,  0.19602392E-02
    1625.,  0.68592811E+01,  0.98993467E+02, -0.11976790E+01,  0.12694985E-02, -0.71517559E-02, -0.47258922E-02
    1626.,  0.71285326E+01,  0.98739029E+02, -0.11976790E+01,  0.17864428E-02, -0.70296239E-02, -0.33322710E-02
    1627.,  0.74533302E+01,  0.98473099E+02, -0.11976790E+01,  0.22912398E-02, -0.68480063E-02, -0.20655083E-02
    1628.,  0.78428534E+01,  0.98203323E+02, -0.11976790E+01,  0.27859925E-02, -0.61986465E-02, -0.17865152E-02
    1629.,  0.83046371E+01,  0.97941735E+02, -0.11976790E+01,  0.30606432E-02, -0.54306144E-02, -0.96016816E-03
    1630.,  0.88419255E+01,  0.97705086E+02, -0.11976790E+01,  0.31810106E-02, -0.45308033E-02, -0.30541361E-03
    1631.,  0.94504058E+01,  0.97513709E+02, -0.11976790E+01,  0.31842711E-02, -0.35242197E-02, -0.73197230E-04
    1632.,  0.10115533E+02,  0.97388221E+02, -0.11976790E+01,  0.29380624E-02, -0.24462594E-02,  0.27602026E-03
    1633.,  0.10812349E+02,  0.97344404E+02, -0.11976790E+01,  0.22899608E-02, -0.22779871E-02,  0.95845474E-03
    1634.,  0.11509165E+02,  0.97388221E+02, -0.11976790E+01,  0.11957755E-02, -0.31487387E-02,  0.10980674E-02
    1635.,  0.12174292E+02,  0.97513709E+02, -0.11976790E+01,  0.52028395E-03, -0.38249269E-02,  0.11599426E-02
    1636.,  0.12782772E+02,  0.97705086E+02, -0.11976790E+01,  0.33262222E-03, -0.43009699E-02,  0.14086132E-02
    1637.,  0.13320061E+02,  0.97941735E+02, -0.11976790E+01,  0.45001993E-03, -0.46296645E-02,  0.19349353E-02
    1638.,  0.13781845E+02,  0.98203323E+02, -0.11976790E+01,  0.66245953E-03, -0.46119421E-02,  0.23673030E-02
    1639.,  0.14171368E+02,  0.98473099E+02, -0.11976790E+01,  0.79262551E-03, -0.43467248E-02,  0.24107274E-02
    1640.,  0.14496165E+02,  0.98739029E+02, -0.11976790E+01,  0.78890808E-03, -0.38007856E-02,  0.23176217E-02
    1641.,  0.14765417E+02,  0.98993467E+02, -0.11976790E+01,  0.83920704E-03, -0.34878495E-02,  0.26167549E-02
    1642.,  0.15018113E+02,  0.99266390E+02, -0.11976790E+01,  0.65364583E-03, -0.26553283E-02,  0.13026771E-02
    1643.,  0.15281127E+02,  0.99594522E+02, -0.11976790E+01,  0.51917938E-03, -0.22440270E-02,  0.70678315E-03
    1644.,  0.15546631E+02,  0.99986544E+02, -0.11976790E+01,  0.26807611E-03, -0.18896284E-02,  0.51326578E-03
    1645.,  0.15802570E+02,  0.10044932E+03, -0.11976790E+01,  0.28310546E-04, -0.16109772E-02,  0.34016677E-03
    1646.,  0.16032478E+02,  0.10098534E+03, -0.11976790E+01, -0.14865501E-03, -0.14279158E-02,  0.35516014E-03
    1647.,  0.16216718E+02,  0.10158969E+03, -0.11976790E+01, -0.25053272E-03, -0.13416927E-02,  0.44233005E-03
    1648.,  0.16335733E+02,  0.10224765E+03, -0.11976790E+01, -0.31469996E-03, -0.13227510E-02,  0.41428862E-03
    1649.,  0.16374879E+02,  0.10293482E+03, -0.11976790E+01, -0.34822395E-03, -0.13253416E-02,  0.25178091E-03
    1650.,  0.16328972E+02,  0.10362072E+03, -0.11976790E+01, -0.37036284E-03, -0.13193627E-02,  0.15537081E-03
    1651.,  0.16204073E+02,  0.10427515E+03, -0.11976790E+01, -0.38629519E-03, -0.13019662E-02,  0.13822676E-03
    1652.,  0.16015409E+02,  0.10487441E+03, -0.11976790E+01, -0.39644787E-03, -0.12780866E-02,  0.13634245E-03
    1653.,  0.15782709E+02,  0.10540461E+03, -0.11976790E+01, -0.40259990E-03, -0.12517169E-02,  0.13950184E-03
    1654.,  0.15525448E+02,  0.10586153E+03, -0.11976790E+01, -0.40732455E-03, -0.12253073E-02,  0.14173754E-03
    1655.,  0.15259759E+02,  0.10624812E+03, -0.11976790E+01, -0.41236080E-03, -0.12004498E-02,  0.14351503E-03
    1656.,  0.14997336E+02,  0.10657148E+03, -0.11976790E+01, -0.41852413E-03, -0.11781251E-02,  0.14457019E-03
    1657.,  0.14745701E+02,  0.10684036E+03, -0.11976790E+01, -0.42570791E-03, -0.11586635E-02,  0.14530209E-03
    1658.,  0.14475347E+02,  0.10709329E+03, -0.11976790E+01, -0.43509398E-03, -0.11399553E-02,  0.14605512E-03
    1659.,  0.14149909E+02,  0.10735708E+03, -0.11976790E+01, -0.44890885E-03, -0.11212372E-02,  0.14671730E-03
    1660.,  0.13760521E+02,  0.10762408E+03, -0.11976790E+01, -0.46882641E-03, -0.11047362E-02,  0.14722478E-03
    1661.,  0.13300019E+02,  0.10788234E+03, -0.11976790E+01, -0.49673121E-03, -0.10947250E-02,  0.14762325E-03
    1662.,  0.12765508E+02,  0.10811543E+03, -0.11976790E+01, -0.53407298E-03, -0.10983111E-02,  0.14791727E-03
    1663.,  0.12161478E+02,  0.10830352E+03, -0.11976790E+01, -0.58058556E-03, -0.11257209E-02,  0.14810004E-03
    1664.,  0.11502305E+02,  0.10842665E+03, -0.11976790E+01, -0.63241754E-03, -0.11887387E-02,  0.14821017E-03
    1665.,  0.10812349E+02,  0.10846960E+03, -0.11976790E+01, -0.68092430E-03, -0.12963628E-02,  0.14836298E-03
    1666.,  0.10122393E+02,  0.10842665E+03, -0.11976790E+01, -0.71436749E-03, -0.14492629E-02,  0.14871057E-03
    1667.,  0.94632203E+01,  0.10830352E+03, -0.11976790E+01, -0.72283002E-03, -0.16374227E-02,  0.14931820E-03
    1668.,  0.88591897E+01,  0.10811543E+03, -0.11976790E+01, -0.70267876E-03, -0.18436773E-02,  0.15008975E-03
    1669.,  0.83246786E+01,  0.10788234E+03, -0.11976790E+01, -0.65696462E-03, -0.20504495E-02,  0.15086291E-03
    1670.,  0.78641768E+01,  0.10762408E+03, -0.11976790E+01, -0.59252211E-03, -0.22447755E-02,  0.15153529E-03
    1671.,  0.74747889E+01,  0.10735708E+03, -0.11976790E+01, -0.51680202E-03, -0.24196029E-02,  0.15212202E-03
    1672.,  0.71493512E+01,  0.10709329E+03, -0.11976790E+01, -0.43602669E-03, -0.25726521E-02,  0.15276042E-03
    1673.,  0.68789968E+01,  0.10684036E+03, -0.11976790E+01, -0.35490631E-03, -0.27043443E-02,  0.15354806E-03
    1674.,  0.66273623E+01,  0.10657148E+03, -0.11976790E+01, -0.26561442E-03, -0.28303316E-02,  0.15384069E-03
    1675.,  0.63649388E+01,  0.10624812E+03, -0.11976790E+01, -0.15526827E-03, -0.29658923E-02,  0.15390886E-03
    1676.,  0.60992496E+01,  0.10586153E+03, -0.11976790E+01, -0.20293701E-04, -0.31081680E-02,  0.15318338E-03
    1677.,  0.58419885E+01,  0.10540461E+03, -0.11976790E+01,  0.14247892E-03, -0.32521360E-02,  0.14985507E-03
    1678.,  0.56092894E+01,  0.10487441E+03, -0.11976790E+01,  0.33542546E-03, -0.33902634E-02,  0.13556350E-03
    1679.,  0.54206252E+01,  0.10427515E+03, -0.11976790E+01,  0.55996165E-03, -0.35118637E-02,  0.90038635E-04
    1680.,  0.52957257E+01,  0.10362072E+03, -0.11976790E+01,  0.81154048E-03, -0.36035355E-02, -0.44875621E-04
    1681.,  0.52498185E+01,  0.10293482E+03, -0.11976790E+01,  0.10466116E-02, -0.36521228E-02, -0.19444210E-03
    1682.,  0.52889649E+01,  0.10224765E+03, -0.11976790E+01,  0.12606151E-02, -0.36865643E-02, -0.19545612E-03
    1683.,  0.54079803E+01,  0.10158969E+03, -0.11976790E+01,  0.14369055E-02, -0.37691729E-02, -0.14573104E-03
    1684.,  0.55922204E+01,  0.10098534E+03, -0.11976790E+01,  0.14798721E-02, -0.39648927E-02, -0.21892633E-03
    1685.,  0.58221277E+01,  0.10044932E+03, -0.11976790E+01,  0.14368833E-02, -0.42947647E-02, -0.44805324E-03
    1686.,  0.60780666E+01,  0.99986544E+02, -0.11976790E+01,  0.13485209E-02, -0.48520221E-02, -0.12232091E-02
    1687.,  0.63435704E+01,  0.99594522E+02, -0.11976790E+01,  0.12827503E-02, -0.55589638E-02, -0.18376938E-02
    1688.,  0.66065853E+01,  0.99266390E+02, -0.11976790E+01,  0.14100138E-02, -0.62818343E-02, -0.29815119E-02
    1689.,  0.62681257E+01,  0.98408223E+02, -0.11976790E+01,  0.34833119E-01,  0.12792418E-01, -0.27262450E+00
    1690.,  0.66487520E+01,  0.98196191E+02, -0.11976790E+01,  0.28840681E-01,  0.53786951E-02, -0.22721849E+00
    1691.,  0.70756666E+01,  0.97974583E+02, -0.11976790E+01,  0.24138904E-01,  0.91968572E-03, -0.18229705E+00
    1692.,  0.75565193E+01,  0.97749770E+02, -0.11976790E+01,  0.19596619E-01, -0.27640238E-02, -0.13416494E+00
    1693.,  0.80975891E+01,  0.97531779E+02, -0.11976790E+01,  0.14719764E-01, -0.53860332E-02, -0.87412426E-01
    1694.,  0.87015794E+01,  0.97334572E+02, -0.11976790E+01,  0.97990381E-02, -0.53620086E-02, -0.46476907E-01
    1695.,  0.93648963E+01,  0.97175092E+02, -0.11976790E+01,  0.60463871E-02, -0.35086562E-02, -0.19113602E-01
    1696.,  0.10075419E+02,  0.97070518E+02, -0.11976790E+01,  0.40323424E-02, -0.20728215E-02, -0.29315152E-02
    1697.,  0.10812349E+02,  0.97034004E+02, -0.11976790E+01,  0.28954094E-02, -0.19369510E-02,  0.11680135E-01
    1698.,  0.11549279E+02,  0.97070518E+02, -0.11976790E+01,  0.83062367E-04, -0.40430276E-02,  0.25504016E-01
    1699.,  0.12259802E+02,  0.97175092E+02, -0.11976790E+01, -0.34377819E-02, -0.45592144E-02,  0.40093712E-01
    1700.,  0.12923118E+02,  0.97334572E+02, -0.11976790E+01, -0.56589097E-02, -0.35203949E-02,  0.64895774E-01
    1701.,  0.13527109E+02,  0.97531779E+02, -0.11976790E+01, -0.73304394E-02, -0.14679060E-02,  0.99799419E-01
    1702.,  0.14068179E+02,  0.97749770E+02, -0.11976790E+01, -0.95601629E-02,  0.17834062E-02,  0.13650352E+00
    1703.,  0.14549031E+02,  0.97974583E+02, -0.11976790E+01, -0.12238081E-01,  0.60280072E-02,  0.16889788E+00
    1704.,  0.14975946E+02,  0.98196191E+02, -0.11976790E+01, -0.15014091E-01,  0.10357260E-01,  0.19553847E+00
    1705.,  0.15356572E+02,  0.98408223E+02, -0.11976790E+01, -0.18017665E-01,  0.15368395E-01,  0.21823566E+00
    1706.,  0.15567152E+02,  0.98791128E+02, -0.11976790E+01, -0.92077296E-02,  0.55422685E-02,  0.14562303E+00
    1707.,  0.15786331E+02,  0.99220040E+02, -0.11976790E+01, -0.41108566E-02,  0.95096202E-03,  0.87754120E-01
    1708.,  0.16007584E+02,  0.99702193E+02, -0.11976790E+01, -0.13857244E-02, -0.82040098E-03,  0.44961492E-01
    1709.,  0.16220867E+02,  0.10024331E+03, -0.11976790E+01, -0.52556942E-03, -0.11251866E-02,  0.20440463E-01
    1710.,  0.16412456E+02,  0.10084546E+03, -0.11976790E+01, -0.39223303E-03, -0.11519990E-02,  0.96276026E-02
    1711.,  0.16565989E+02,  0.10150455E+03, -0.11976790E+01, -0.32186596E-03, -0.12361346E-02,  0.52057689E-02
    1712.,  0.16665169E+02,  0.10220832E+03, -0.11976790E+01, -0.30966899E-03, -0.13013276E-02,  0.27694748E-02
    1713.,  0.16697791E+02,  0.10293643E+03, -0.11976790E+01, -0.34116949E-03, -0.13274586E-02,  0.12119449E-02
    1714.,  0.16659535E+02,  0.10366348E+03, -0.11976790E+01, -0.36415152E-03, -0.13233609E-02,  0.42479758E-03
    1715.,  0.16555452E+02,  0.10436432E+03, -0.11976790E+01, -0.38477083E-03, -0.13037046E-02,  0.15858598E-03
    1716.,  0.16398232E+02,  0.10501917E+03, -0.11976790E+01, -0.40014448E-03, -0.12781733E-02,  0.82133819E-04
    1717.,  0.16204316E+02,  0.10561647E+03, -0.11976790E+01, -0.41207996E-03, -0.12513965E-02,  0.63642339E-04
    1718.,  0.15989932E+02,  0.10615270E+03, -0.11976790E+01, -0.42345645E-03, -0.12256697E-02,  0.61415971E-04
    1719.,  0.15768524E+02,  0.10663033E+03, -0.11976790E+01, -0.43626346E-03, -0.12021295E-02,  0.62679983E-04
    1720.,  0.15549838E+02,  0.10705527E+03, -0.11976790E+01, -0.45115107E-03, -0.11815161E-02,  0.64245060E-04
    1721.,  0.15340142E+02,  0.10743480E+03, -0.11976790E+01, -0.46863361E-03, -0.11642529E-02,  0.64717471E-04
    1722.,  0.14958597E+02,  0.10764557E+03, -0.11976790E+01, -0.47779360E-03, -0.11461371E-02,  0.94189224E-04
    1723.,  0.14531149E+02,  0.10786540E+03, -0.11976790E+01, -0.49143282E-03, -0.11272935E-02,  0.11558687E-03
    1724.,  0.14050409E+02,  0.10808790E+03, -0.11976790E+01, -0.51154284E-03, -0.11100661E-02,  0.13022209E-03
    1725.,  0.13510408E+02,  0.10830312E+03, -0.11976790E+01, -0.54047878E-03, -0.10989959E-02,  0.13951742E-03
    1726.,  0.12908732E+02,  0.10849736E+03, -0.11976790E+01, -0.58035345E-03, -0.11017729E-02,  0.14488469E-03
    1727.,  0.12249123E+02,  0.10865410E+03, -0.11976790E+01, -0.63169457E-03, -0.11295416E-02,  0.14766562E-03
    1728.,  0.11543562E+02,  0.10875671E+03, -0.11976790E+01, -0.69138728E-03, -0.11952884E-02,  0.14921919E-03
    1729.,  0.10812349E+02,  0.10879250E+03, -0.11976790E+01, -0.75118821E-03, -0.13094058E-02,  0.15101454E-03
    1730.,  0.10081136E+02,  0.10875671E+03, -0.11976790E+01, -0.79920903E-03, -0.14740242E-02,  0.15462518E-03
    1731.,  0.93755751E+01,  0.10865410E+03, -0.11976790E+01, -0.82484756E-03, -0.16804008E-02,  0.16146700E-03
    1732.,  0.87159662E+01,  0.10849736E+03, -0.11976790E+01, -0.82350803E-03, -0.19120967E-02,  0.17230148E-03
    1733.,  0.81142903E+01,  0.10830312E+03, -0.11976790E+01, -0.79730706E-03, -0.21514932E-02,  0.18695307E-03
    1734.,  0.75742889E+01,  0.10808790E+03, -0.11976790E+01, -0.75234782E-03, -0.23849457E-02,  0.20441634E-03
    1735.,  0.70935489E+01,  0.10786540E+03, -0.11976790E+01, -0.69556463E-03, -0.26044777E-02,  0.22285125E-03
    1736.,  0.66661008E+01,  0.10764557E+03, -0.11976790E+01, -0.63289376E-03, -0.28068736E-02,  0.23921586E-03
    1737.,  0.62845555E+01,  0.10743480E+03, -0.11976790E+01, -0.56843767E-03, -0.29924390E-02,  0.24855236E-03
    1738.,  0.60748601E+01,  0.10705527E+03, -0.11976790E+01, -0.44150891E-03, -0.30990348E-02,  0.21654560E-03
    1739.,  0.58561738E+01,  0.10663033E+03, -0.11976790E+01, -0.29655282E-03, -0.32147573E-02,  0.17770252E-03
    1740.,  0.56347661E+01,  0.10615270E+03, -0.11976790E+01, -0.13067760E-03, -0.33376072E-02,  0.12053349E-03
    1741.,  0.54203819E+01,  0.10561647E+03, -0.11976790E+01,  0.58945458E-04, -0.34639867E-02,  0.17758339E-04
    1742.,  0.52264660E+01,  0.10501917E+03, -0.11976790E+01,  0.27535727E-03, -0.35879862E-02, -0.19460282E-03
    1743.,  0.50692458E+01,  0.10436432E+03, -0.11976790E+01,  0.52205092E-03, -0.37004313E-02, -0.68967579E-03
    1744.,  0.49651629E+01,  0.10366348E+03, -0.11976790E+01,  0.80205073E-03, -0.37845590E-02, -0.17275305E-02
    1745.,  0.49269069E+01,  0.10293643E+03, -0.11976790E+01,  0.10768781E-02, -0.38313916E-02, -0.36027135E-02
    1746.,  0.49595289E+01,  0.10220832E+03, -0.11976790E+01,  0.14315759E-02, -0.38438139E-02, -0.69488443E-02
    1747.,  0.50587084E+01,  0.10150455E+03, -0.11976790E+01,  0.20032123E-02, -0.38390468E-02, -0.13378894E-01
    1748.,  0.52122418E+01,  0.10084546E+03, -0.11976790E+01,  0.29944913E-02, -0.39627308E-02, -0.27116659E-01
    1749.,  0.54038312E+01,  0.10024331E+03, -0.11976790E+01,  0.51185913E-02, -0.41006658E-02, -0.54282343E-01
    1750.,  0.56171136E+01,  0.99702193E+02, -0.11976790E+01,  0.88780666E-02, -0.34949263E-02, -0.95630649E-01
    1751.,  0.58383669E+01,  0.99220040E+02, -0.11976790E+01,  0.14229431E-01, -0.14197734E-02, -0.14702695E+00
    1752.,  0.60575459E+01,  0.98791128E+02, -0.11976790E+01,  0.21807083E-01,  0.31873185E-02, -0.20518080E+00
    1753.,  0.56769704E+01,  0.97822979E+02, -0.11976790E+01,  0.12425099E+00,  0.10661413E+00, -0.71827035E+00
    1754.,  0.61689714E+01,  0.97653354E+02, -0.11976790E+01,  0.10821203E+00,  0.89709137E-01, -0.62095945E+00
    1755.,  0.66980031E+01,  0.97476067E+02, -0.11976790E+01,  0.89958737E-01,  0.70249520E-01, -0.51386250E+00
    1756.,  0.72701852E+01,  0.97296217E+02, -0.11976790E+01,  0.69319323E-01,  0.47078258E-01, -0.39848385E+00
    1757.,  0.78905411E+01,  0.97121824E+02, -0.11976790E+01,  0.47153579E-01,  0.22663094E-01, -0.27904035E+00
    1758.,  0.85612333E+01,  0.96964059E+02, -0.11976790E+01,  0.28302144E-01,  0.51443157E-02, -0.16721170E+00
    1759.,  0.92793868E+01,  0.96836474E+02, -0.11976790E+01,  0.14649586E-01, -0.14560590E-02, -0.77754027E-01
    1760.,  0.10035305E+02,  0.96752815E+02, -0.11976790E+01,  0.68889648E-02, -0.17067934E-02, -0.16279051E-01
    1761.,  0.10812349E+02,  0.96723604E+02, -0.11976790E+01,  0.28499755E-02, -0.16438423E-02,  0.34881922E-01
    1762.,  0.11589393E+02,  0.96752815E+02, -0.11976790E+01, -0.35274454E-02, -0.21421512E-02,  0.82209205E-01
    1763.,  0.12345311E+02,  0.96836474E+02, -0.11976790E+01, -0.12454002E-01,  0.38382151E-02,  0.13211519E+00
    1764.,  0.13063465E+02,  0.96964059E+02, -0.11976790E+01, -0.21903869E-01,  0.16825971E-01,  0.20539640E+00
    1765.,  0.13734157E+02,  0.97121824E+02, -0.11976790E+01, -0.33764009E-01,  0.34470979E-01,  0.29889990E+00
    1766.,  0.14354513E+02,  0.97296217E+02, -0.11976790E+01, -0.46983081E-01,  0.54136032E-01,  0.39261083E+00
    1767.,  0.14926695E+02,  0.97476067E+02, -0.11976790E+01, -0.59928210E-01,  0.73043268E-01,  0.47982890E+00
    1768.,  0.15455726E+02,  0.97653354E+02, -0.11976790E+01, -0.71405789E-01,  0.89351834E-01,  0.55721543E+00
    1769.,  0.15947728E+02,  0.97822979E+02, -0.11976790E+01, -0.81196813E-01,  0.10272565E+00,  0.62594102E+00
    1770.,  0.16116191E+02,  0.98315865E+02, -0.11976790E+01, -0.53307501E-01,  0.63494519E-01,  0.46145933E+00
    1771.,  0.16291535E+02,  0.98845558E+02, -0.11976790E+01, -0.28339710E-01,  0.30101989E-01,  0.30214162E+00
    1772.,  0.16468537E+02,  0.99417843E+02, -0.11976790E+01, -0.11446720E-01,  0.96181816E-02,  0.16947321E+00
    1773.,  0.16639163E+02,  0.10003730E+03, -0.11976790E+01, -0.35595352E-02,  0.14946534E-02,  0.80481755E-01
    1774.,  0.16792435E+02,  0.10070558E+03, -0.11976790E+01, -0.11724865E-02, -0.55139371E-03,  0.35511401E-01
    1775.,  0.16915261E+02,  0.10141942E+03, -0.11976790E+01, -0.48371693E-03, -0.11301197E-02,  0.16186574E-01
    1776.,  0.16994605E+02,  0.10216900E+03, -0.11976790E+01, -0.31496427E-03, -0.13083924E-02,  0.73187830E-02
    1777.,  0.17020703E+02,  0.10293805E+03, -0.11976790E+01, -0.33636511E-03, -0.13423013E-02,  0.29597293E-02
    1778.,  0.16990098E+02,  0.10370625E+03, -0.11976790E+01, -0.35958443E-03, -0.13314222E-02,  0.99989803E-03
    1779.,  0.16906831E+02,  0.10445348E+03, -0.11976790E+01, -0.38514166E-03, -0.13052508E-02,  0.27372206E-03
    1780.,  0.16781055E+02,  0.10516392E+03, -0.11976790E+01, -0.40564102E-03, -0.12760582E-02,  0.37135388E-04
    1781.,  0.16625923E+02,  0.10582832E+03, -0.11976790E+01, -0.42284722E-03, -0.12480636E-02, -0.39053552E-04
    1782.,  0.16454415E+02,  0.10644387E+03, -0.11976790E+01, -0.44025133E-03, -0.12224230E-02, -0.63145083E-04
    1783.,  0.16277289E+02,  0.10701254E+03, -0.11976790E+01, -0.45923584E-03, -0.12003733E-02, -0.70674767E-04
    1784.,  0.16102340E+02,  0.10753905E+03, -0.11976790E+01, -0.48053555E-03, -0.11821480E-02, -0.73895649E-04
    1785.,  0.15934584E+02,  0.10802924E+03, -0.11976790E+01, -0.50336786E-03, -0.11679746E-02, -0.75837281E-04
    1786.,  0.15441847E+02,  0.10819786E+03, -0.11976790E+01, -0.51209642E-03, -0.11523687E-02, -0.33336971E-05
    1787.,  0.14912389E+02,  0.10837372E+03, -0.11976790E+01, -0.52564992E-03, -0.11343211E-02,  0.54430172E-04
    1788.,  0.14340297E+02,  0.10855172E+03, -0.11976790E+01, -0.54635114E-03, -0.11165974E-02,  0.95932652E-04
    1789.,  0.13720796E+02,  0.10872390E+03, -0.11976790E+01, -0.57702715E-03, -0.11042455E-02,  0.12289365E-03
    1790.,  0.13051955E+02,  0.10887929E+03, -0.11976790E+01, -0.62048567E-03, -0.11057500E-02,  0.13851054E-03
    1791.,  0.12336768E+02,  0.10900468E+03, -0.11976790E+01, -0.67806321E-03, -0.11333682E-02,  0.14658457E-03
    1792.,  0.11584819E+02,  0.10908677E+03, -0.11976790E+01, -0.74732733E-03, -0.12014264E-02,  0.15109222E-03
    1793.,  0.10812349E+02,  0.10911540E+03, -0.11976790E+01, -0.82031253E-03, -0.13217745E-02,  0.15610023E-03
    1794.,  0.10039879E+02,  0.10908677E+03, -0.11976790E+01, -0.88481507E-03, -0.14980085E-02,  0.16584227E-03
    1795.,  0.92879298E+01,  0.10900468E+03, -0.11976790E+01, -0.92933792E-03, -0.17226181E-02,  0.18436118E-03
    1796.,  0.85727428E+01,  0.10887929E+03, -0.11976790E+01, -0.94808385E-03, -0.19797747E-02,  0.21419161E-03
    1797.,  0.79039020E+01,  0.10872390E+03, -0.11976790E+01, -0.94204447E-03, -0.22515803E-02,  0.25486424E-03
    1798.,  0.72844009E+01,  0.10855172E+03, -0.11976790E+01, -0.91648974E-03, -0.25233456E-02,  0.30212928E-03
    1799.,  0.67123089E+01,  0.10837372E+03, -0.11976790E+01, -0.87778392E-03, -0.27856512E-02,  0.34736000E-03
    1800.,  0.61828505E+01,  0.10819786E+03, -0.11976790E+01, -0.83138412E-03, -0.30339348E-02,  0.37594679E-03
    1801.,  0.56901142E+01,  0.10802924E+03, -0.11976790E+01, -0.78123272E-03, -0.32664287E-02,  0.36453876E-03
    1802.,  0.55223579E+01,  0.10753905E+03, -0.11976790E+01, -0.61315914E-03, -0.33537079E-02,  0.26803777E-03
    1803.,  0.53474089E+01,  0.10701254E+03, -0.11976790E+01, -0.43208737E-03, -0.34504378E-02,  0.14676304E-03
    1804.,  0.51702827E+01,  0.10644387E+03, -0.11976790E+01, -0.23534019E-03, -0.35556789E-02, -0.28547125E-04
    1805.,  0.49987753E+01,  0.10582832E+03, -0.11976790E+01, -0.19767034E-04, -0.36672319E-02, -0.32575915E-03
    1806.,  0.48436426E+01,  0.10516392E+03, -0.11976790E+01,  0.21861983E-03, -0.37814138E-02, -0.90862984E-03
    1807.,  0.47178665E+01,  0.10445348E+03, -0.11976790E+01,  0.48746242E-03, -0.38914298E-02, -0.21630204E-02
    1808.,  0.46346001E+01,  0.10370625E+03, -0.11976790E+01,  0.79750228E-03, -0.39836377E-02, -0.47948448E-02
    1809.,  0.46039953E+01,  0.10293805E+03, -0.11976790E+01,  0.11275020E-02, -0.40500905E-02, -0.10391927E-01
    1810.,  0.46300929E+01,  0.10216900E+03, -0.11976790E+01,  0.18074751E-02, -0.40021166E-02, -0.22213125E-01
    1811.,  0.47094365E+01,  0.10141942E+03, -0.11976790E+01,  0.36554545E-02, -0.34948315E-02, -0.46451327E-01
    1812.,  0.48322632E+01,  0.10070558E+03, -0.11976790E+01,  0.84793638E-02, -0.13303215E-02, -0.95720330E-01
    1813.,  0.49855348E+01,  0.10003730E+03, -0.11976790E+01,  0.19730450E-01,  0.58714727E-02, -0.18148585E+00
    1814.,  0.51561607E+01,  0.99417843E+02, -0.11976790E+01,  0.38904157E-01,  0.21430431E-01, -0.29888206E+00
    1815.,  0.53331633E+01,  0.98845558E+02, -0.11976790E+01,  0.64017038E-01,  0.44669095E-01, -0.43368500E+00
    1816.,  0.55085065E+01,  0.98315865E+02, -0.11976790E+01,  0.93512228E-01,  0.74016909E-01, -0.57636273E+00
    1817.,  0.50858150E+01,  0.97237735E+02, -0.11976790E+01,  0.20746130E+00,  0.19447576E+00, -0.11505887E+01
    1818.,  0.56891908E+01,  0.97110516E+02, -0.11976790E+01,  0.18333033E+00,  0.16973276E+00, -0.10040837E+01
    1819.,  0.63203396E+01,  0.96977552E+02, -0.11976790E+01,  0.15726168E+00,  0.14202509E+00, -0.84980817E+00
    1820.,  0.69838512E+01,  0.96842664E+02, -0.11976790E+01,  0.12669031E+00,  0.10777324E+00, -0.68350930E+00
    1821.,  0.76834930E+01,  0.96711869E+02, -0.11976790E+01,  0.92087522E-01,  0.67073927E-01, -0.50847700E+00
    1822.,  0.84208872E+01,  0.96593545E+02, -0.11976790E+01,  0.58149385E-01,  0.30253613E-01, -0.33178868E+00
    1823.,  0.91938774E+01,  0.96497857E+02, -0.11976790E+01,  0.31482063E-01,  0.66328143E-02, -0.17513077E+00
    1824.,  0.99951909E+01,  0.96435112E+02, -0.11976790E+01,  0.12978194E-01, -0.14048917E-02, -0.46040871E-01
    1825.,  0.10812349E+02,  0.96413204E+02, -0.11976790E+01,  0.19034776E-02, -0.13360741E-02,  0.64418561E-01
    1826.,  0.11629507E+02,  0.96435112E+02, -0.11976790E+01, -0.11042461E-01,  0.18736706E-02,  0.15998659E+00
    1827.,  0.12430821E+02,  0.96497857E+02, -0.11976790E+01, -0.27966018E-01,  0.20685241E-01,  0.25411575E+00
    1828.,  0.13203811E+02,  0.96593545E+02, -0.11976790E+01, -0.46028902E-01,  0.49316975E-01,  0.37804535E+00
    1829.,  0.13941205E+02,  0.96711869E+02, -0.11976790E+01, -0.66118409E-01,  0.80578464E-01,  0.51920488E+00
    1830.,  0.14640847E+02,  0.96842664E+02, -0.11976790E+01, -0.88740628E-01,  0.11412588E+00,  0.66351099E+00
    1831.,  0.15304358E+02,  0.96977552E+02, -0.11976790E+01, -0.11178297E+00,  0.14686089E+00,  0.80395337E+00
    1832.,  0.15935507E+02,  0.97110516E+02, -0.11976790E+01, -0.13404470E+00,  0.17789389E+00,  0.93830898E+00
    1833.,  0.16538883E+02,  0.97237735E+02, -0.11976790E+01, -0.15355483E+00,  0.20527545E+00,  0.10619920E+01
    1834.,  0.16665231E+02,  0.97840603E+02, -0.11976790E+01, -0.11085605E+00,  0.14404778E+00,  0.82247032E+00
    1835.,  0.16796738E+02,  0.98471075E+02, -0.11976790E+01, -0.68742780E-01,  0.84424564E-01,  0.58045490E+00
    1836.,  0.16929490E+02,  0.99133493E+02, -0.11976790E+01, -0.32928407E-01,  0.35938289E-01,  0.35464910E+00
    1837.,  0.17057460E+02,  0.99831287E+02, -0.11976790E+01, -0.11370238E-01,  0.95537540E-02,  0.18090759E+00
    1838.,  0.17172413E+02,  0.10056571E+03, -0.11976790E+01, -0.30298475E-02,  0.88332588E-03,  0.79010534E-01
    1839.,  0.17264533E+02,  0.10133428E+03, -0.11976790E+01, -0.76406858E-03, -0.10385051E-02,  0.32591093E-01
    1840.,  0.17324041E+02,  0.10212967E+03, -0.11976790E+01, -0.33995224E-03, -0.13603095E-02,  0.13350048E-01
    1841.,  0.17343614E+02,  0.10293966E+03, -0.11976790E+01, -0.33734279E-03, -0.13674251E-02,  0.52417700E-02
    1842.,  0.17320661E+02,  0.10374902E+03, -0.11976790E+01, -0.35878745E-03, -0.13407963E-02,  0.18048909E-02
    1843.,  0.17258211E+02,  0.10454264E+03, -0.11976790E+01, -0.38817885E-03, -0.13045173E-02,  0.49424970E-03
    1844.,  0.17163879E+02,  0.10530868E+03, -0.11976790E+01, -0.41275413E-03, -0.12714472E-02,  0.33344231E-04
    1845.,  0.17047529E+02,  0.10604018E+03, -0.11976790E+01, -0.43480598E-03, -0.12409280E-02, -0.12936719E-03
    1846.,  0.16918899E+02,  0.10673505E+03, -0.11976790E+01, -0.45653508E-03, -0.12158381E-02, -0.18761000E-03
    1847.,  0.16786054E+02,  0.10739475E+03, -0.11976790E+01, -0.48025038E-03, -0.11955062E-02, -0.21054492E-03
    1848.,  0.16654842E+02,  0.10802284E+03, -0.11976790E+01, -0.50465845E-03, -0.11803498E-02, -0.22181242E-03
    1849.,  0.16529025E+02,  0.10862368E+03, -0.11976790E+01, -0.52756850E-03, -0.11702600E-02, -0.22769735E-03
    1850.,  0.15925098E+02,  0.10875015E+03, -0.11976790E+01, -0.53571451E-03, -0.11588419E-02, -0.11803247E-03
    1851.,  0.15293629E+02,  0.10888204E+03, -0.11976790E+01, -0.54929929E-03, -0.11426768E-02, -0.23153804E-04
    1852.,  0.14630185E+02,  0.10901554E+03, -0.11976790E+01, -0.57102937E-03, -0.11247655E-02,  0.49968095E-04
    1853.,  0.13931184E+02,  0.10914467E+03, -0.11976790E+01, -0.60430889E-03, -0.11109036E-02,  0.99665760E-04
    1854.,  0.13195179E+02,  0.10926122E+03, -0.11976790E+01, -0.65271430E-03, -0.11106371E-02,  0.12924456E-03
    1855.,  0.12424413E+02,  0.10935526E+03, -0.11976790E+01, -0.71840014E-03, -0.11375629E-02,  0.14479709E-03
    1856.,  0.11626077E+02,  0.10941683E+03, -0.11976790E+01, -0.79952973E-03, -0.12074979E-02,  0.15356541E-03
    1857.,  0.10812349E+02,  0.10943830E+03, -0.11976790E+01, -0.88826340E-03, -0.13338243E-02,  0.16310211E-03
    1858.,  0.99986211E+01,  0.10941683E+03, -0.11976790E+01, -0.97190106E-03, -0.15216202E-02,  0.18123593E-03
    1859.,  0.92002846E+01,  0.10935526E+03, -0.11976790E+01, -0.10378233E-02, -0.17645784E-02,  0.21549912E-03
    1860.,  0.84295193E+01,  0.10926122E+03, -0.11976790E+01, -0.10787521E-02, -0.20473792E-02,  0.27045597E-03
    1861.,  0.76935138E+01,  0.10914467E+03, -0.11976790E+01, -0.10943147E-02, -0.23516292E-02,  0.34390363E-03
    1862.,  0.69945129E+01,  0.10901554E+03, -0.11976790E+01, -0.10888485E-02, -0.26611835E-02,  0.42438528E-03
    1863.,  0.63310689E+01,  0.10888204E+03, -0.11976790E+01, -0.10681809E-02, -0.29646452E-02,  0.49040974E-03
    1864.,  0.56996001E+01,  0.10875015E+03, -0.11976790E+01, -0.10374373E-02, -0.32550908E-02,  0.51109199E-03
    1865.,  0.50956728E+01,  0.10862368E+03, -0.11976790E+01, -0.10005449E-02, -0.35286931E-02,  0.45438409E-03
    1866.,  0.49698556E+01,  0.10802284E+03, -0.11976790E+01, -0.78506669E-03, -0.35952968E-02,  0.27445063E-03
    1867.,  0.48386439E+01,  0.10739475E+03, -0.11976790E+01, -0.56440683E-03, -0.36723289E-02,  0.46769283E-04
    1868.,  0.47057993E+01,  0.10673505E+03, -0.11976790E+01, -0.33474534E-03, -0.37602188E-02, -0.28294289E-03
    1869.,  0.45771687E+01,  0.10604018E+03, -0.11976790E+01, -0.92918386E-04, -0.38589655E-02, -0.83466489E-03
    1870.,  0.44608192E+01,  0.10530868E+03, -0.11976790E+01,  0.16717849E-03, -0.39665380E-02, -0.18837175E-02
    1871.,  0.43664871E+01,  0.10454264E+03, -0.11976790E+01,  0.45879996E-03, -0.40804779E-02, -0.40655778E-02
    1872.,  0.43040373E+01,  0.10374902E+03, -0.11976790E+01,  0.80603986E-03, -0.41917908E-02, -0.86829493E-02
    1873.,  0.42810837E+01,  0.10293966E+03, -0.11976790E+01,  0.12188368E-02, -0.43167906E-02, -0.19063735E-01
    1874.,  0.43006569E+01,  0.10212967E+03, -0.11976790E+01,  0.23932439E-02, -0.41977585E-02, -0.42747922E-01
    1875.,  0.43601646E+01,  0.10133428E+03, -0.11976790E+01,  0.65511970E-02, -0.24224498E-02, -0.93672573E-01
    1876.,  0.44522847E+01,  0.10056571E+03, -0.11976790E+01,  0.18236310E-01,  0.50757137E-02, -0.19119651E+00
    1877.,  0.45672383E+01,  0.99831287E+02, -0.11976790E+01,  0.42595694E-01,  0.25013085E-01, -0.34350940E+00
    1878.,  0.46952078E+01,  0.99133493E+02, -0.11976790E+01,  0.78826737E-01,  0.59276057E-01, -0.53483799E+00
    1879.,  0.48279597E+01,  0.98471075E+02, -0.11976790E+01,  0.12150006E+00,  0.10282389E+00, -0.74254994E+00
    1880.,  0.49594671E+01,  0.97840603E+02, -0.11976790E+01,  0.16532758E+00,  0.14941977E+00, -0.95053290E+00
    1881.,  0.44946597E+01,  0.96652492E+02, -0.11976790E+01,  0.28920907E+00,  0.28031380E+00, -0.15788127E+01
    1882.,  0.52094102E+01,  0.96567679E+02, -0.11976790E+01,  0.25401740E+00,  0.24412092E+00, -0.13760884E+01
    1883.,  0.59426760E+01,  0.96479036E+02, -0.11976790E+01,  0.22065302E+00,  0.21016424E+00, -0.11768560E+01
    1884.,  0.66975171E+01,  0.96389110E+02, -0.11976790E+01,  0.18486867E+00,  0.17118160E+00, -0.97271267E+00
    1885.,  0.74764450E+01,  0.96301914E+02, -0.11976790E+01,  0.14054183E+00,  0.11854394E+00, -0.74970529E+00
    1886.,  0.82805411E+01,  0.96223031E+02, -0.11976790E+01,  0.95044913E-01,  0.64187728E-01, -0.51671916E+00
    1887.,  0.91083679E+01,  0.96159239E+02, -0.11976790E+01,  0.53639062E-01,  0.20670345E-01, -0.29314367E+00
    1888.,  0.99550769E+01,  0.96117410E+02, -0.11976790E+01,  0.22827217E-01, -0.66256362E-03, -0.92395597E-01
    1889.,  0.10812349E+02,  0.96102804E+02, -0.11976790E+01, -0.79957473E-03, -0.13873982E-02,  0.95094688E-01
    1890.,  0.11669621E+02,  0.96117410E+02, -0.11976790E+01, -0.23249449E-01,  0.76372970E-02,  0.25321526E+00
    1891.,  0.12516330E+02,  0.96159239E+02, -0.11976790E+01, -0.50077016E-01,  0.46230234E-01,  0.40072538E+00
    1892.,  0.13344157E+02,  0.96223031E+02, -0.11976790E+01, -0.74012979E-01,  0.89790264E-01,  0.56611829E+00
    1893.,  0.14148253E+02,  0.96301914E+02, -0.11976790E+01, -0.10054913E+00,  0.13148820E+00,  0.74942342E+00
    1894.,  0.14927181E+02,  0.96389110E+02, -0.11976790E+01, -0.13391945E+00,  0.17880192E+00,  0.94387478E+00
    1895.,  0.15682022E+02,  0.96479036E+02, -0.11976790E+01, -0.17088757E+00,  0.23065996E+00,  0.11478294E+01
    1896.,  0.16415288E+02,  0.96567679E+02, -0.11976790E+01, -0.20375113E+00,  0.27744687E+00,  0.13387068E+01
    1897.,  0.17130038E+02,  0.96652492E+02, -0.11976790E+01, -0.23150556E+00,  0.31647682E+00,  0.15136811E+01
    1898.,  0.17214270E+02,  0.97365341E+02, -0.11976790E+01, -0.17355504E+00,  0.23295188E+00,  0.11988332E+01
    1899.,  0.17301942E+02,  0.98096593E+02, -0.11976790E+01, -0.11645024E+00,  0.15096798E+00,  0.88282557E+00
    1900.,  0.17390443E+02,  0.98849142E+02, -0.11976790E+01, -0.63347696E-01,  0.76216926E-01,  0.57541118E+00
    1901.,  0.17475756E+02,  0.99625276E+02, -0.11976790E+01, -0.24448393E-01,  0.24769205E-01,  0.31289331E+00
    1902.,  0.17552392E+02,  0.10042583E+03, -0.11976790E+01, -0.62528866E-02,  0.36875441E-02,  0.13889466E+00
    1903.,  0.17613805E+02,  0.10124915E+03, -0.11976790E+01, -0.11958480E-02, -0.10261275E-02,  0.53460492E-01
    1904.,  0.17653477E+02,  0.10209034E+03, -0.11976790E+01, -0.38998976E-03, -0.14503282E-02,  0.20145436E-01
    1905.,  0.17666526E+02,  0.10294127E+03, -0.11976790E+01, -0.34903635E-03, -0.13987579E-02,  0.77407459E-02
    1906.,  0.17651223E+02,  0.10379178E+03, -0.11976790E+01, -0.36239958E-03, -0.13444527E-02,  0.27292841E-02
    1907.,  0.17609590E+02,  0.10463180E+03, -0.11976790E+01, -0.39320454E-03, -0.13023758E-02,  0.77649485E-03
    1908.,  0.17546702E+02,  0.10545343E+03, -0.11976790E+01, -0.42221287E-03, -0.12615820E-02,  0.58381452E-04
    1909.,  0.17469136E+02,  0.10625204E+03, -0.11976790E+01, -0.44640932E-03, -0.12306130E-02, -0.20450221E-03
    1910.,  0.17383382E+02,  0.10702622E+03, -0.11976790E+01, -0.47211218E-03, -0.12056336E-02, -0.30243119E-03
    1911.,  0.17294819E+02,  0.10777696E+03, -0.11976790E+01, -0.49858739E-03, -0.11874032E-02, -0.34478165E-03
    1912.,  0.17207344E+02,  0.10850662E+03, -0.11976790E+01, -0.52330167E-03, -0.11756169E-02, -0.36485574E-03
    1913.,  0.17123466E+02,  0.10921812E+03, -0.11976790E+01, -0.54231755E-03, -0.11696902E-02, -0.37779549E-03
    1914.,  0.16408348E+02,  0.10930243E+03, -0.11976790E+01, -0.54873694E-03, -0.11647148E-02, -0.23609203E-03
    1915.,  0.15674869E+02,  0.10939036E+03, -0.11976790E+01, -0.56157589E-03, -0.11518553E-02, -0.10761740E-03
    1916.,  0.14920073E+02,  0.10947936E+03, -0.11976790E+01, -0.58404541E-03, -0.11344713E-02, -0.28145199E-05
    1917.,  0.14141572E+02,  0.10956545E+03, -0.11976790E+01, -0.62037857E-03, -0.11191401E-02,  0.71925527E-04
    1918.,  0.13338402E+02,  0.10964315E+03, -0.11976790E+01, -0.67509514E-03, -0.11167652E-02,  0.11779605E-03
    1919.,  0.12512059E+02,  0.10970584E+03, -0.11976790E+01, -0.75114218E-03, -0.11425393E-02,  0.14237231E-03
    1920.,  0.11667334E+02,  0.10974689E+03, -0.11976790E+01, -0.84708175E-03, -0.12139610E-02,  0.15634692E-03
    1921.,  0.10812349E+02,  0.10976120E+03, -0.11976790E+01, -0.95494671E-03, -0.13460507E-02,  0.17135988E-03
    1922.,  0.99573637E+01,  0.10974689E+03, -0.11976790E+01, -0.10612900E-02, -0.15454048E-02,  0.19953492E-03
    1923.,  0.91126394E+01,  0.10970584E+03, -0.11976790E+01, -0.11520653E-02, -0.18068887E-02,  0.25253905E-03
    1924.,  0.82862959E+01,  0.10964315E+03, -0.11976790E+01, -0.12180974E-02, -0.21155766E-02,  0.33697396E-03
    1925.,  0.74831255E+01,  0.10956545E+03, -0.11976790E+01, -0.12572116E-02, -0.24523241E-02,  0.44717508E-03
    1926.,  0.67046249E+01,  0.10947936E+03, -0.11976790E+01, -0.12726108E-02, -0.27991247E-02,  0.56051773E-03
    1927.,  0.59498289E+01,  0.10939036E+03, -0.11976790E+01, -0.12697413E-02, -0.31418631E-02,  0.63901440E-03
    1928.,  0.52163497E+01,  0.10930243E+03, -0.11976790E+01, -0.12539303E-02, -0.34709647E-02,  0.64179874E-03
    1929.,  0.45012315E+01,  0.10921812E+03, -0.11976790E+01, -0.12295192E-02, -0.37806880E-02,  0.54711953E-03
    1930.,  0.44173534E+01,  0.10850662E+03, -0.11976790E+01, -0.96073974E-03, -0.38250237E-02,  0.27483635E-03
    1931.,  0.43298789E+01,  0.10777696E+03, -0.11976790E+01, -0.69645854E-03, -0.38808052E-02, -0.66938295E-04
    1932.,  0.42413158E+01,  0.10702622E+03, -0.11976790E+01, -0.43117814E-03, -0.39498276E-02, -0.56506220E-03
    1933.,  0.41555621E+01,  0.10625204E+03, -0.11976790E+01, -0.16038972E-03, -0.40348381E-02, -0.13955190E-02
    1934.,  0.40779958E+01,  0.10545343E+03, -0.11976790E+01,  0.12151489E-03, -0.41387886E-02, -0.29499988E-02
    1935.,  0.40151077E+01,  0.10463180E+03, -0.11976790E+01,  0.43634758E-03, -0.42592352E-02, -0.61093978E-02
    1936.,  0.39734745E+01,  0.10379178E+03, -0.11976790E+01,  0.82996708E-03, -0.43999099E-02, -0.12808089E-01
    1937.,  0.39581721E+01,  0.10294127E+03, -0.11976790E+01,  0.13560478E-02, -0.46228869E-02, -0.28457419E-01
    1938.,  0.39712209E+01,  0.10209034E+03, -0.11976790E+01,  0.31667450E-02, -0.44185167E-02, -0.66526977E-01
    1939.,  0.40108927E+01,  0.10124915E+03, -0.11976790E+01,  0.10485661E-01, -0.72363946E-03, -0.15041427E+00
    1940.,  0.40723061E+01,  0.10042583E+03, -0.11976790E+01,  0.31234010E-01,  0.14815459E-01, -0.30305516E+00
    1941.,  0.41489419E+01,  0.99625276E+02, -0.11976790E+01,  0.70509465E-01,  0.50477857E-01, -0.52357143E+00
    1942.,  0.42342548E+01,  0.98849142E+02, -0.11976790E+01,  0.12322650E+00,  0.10369085E+00, -0.78439069E+00
    1943.,  0.43227561E+01,  0.98096593E+02, -0.11976790E+01,  0.18019291E+00,  0.16398816E+00, -0.10557889E+01
    1944.,  0.44104277E+01,  0.97365341E+02, -0.11976790E+01,  0.23616137E+00,  0.22375968E+00, -0.13221273E+01
    1945.,  0.39035043E+01,  0.96067248E+02, -0.11976790E+01,  0.36277043E+00,  0.35558890E+00, -0.19851753E+01
    1946.,  0.47296296E+01,  0.96024841E+02, -0.11976790E+01,  0.31963125E+00,  0.31181516E+00, -0.17336636E+01
    1947.,  0.55650125E+01,  0.95980520E+02, -0.11976790E+01,  0.27394550E+00,  0.26448299E+00, -0.14741180E+01
    1948.,  0.64111830E+01,  0.95935557E+02, -0.11976790E+01,  0.23368645E+00,  0.22269306E+00, -0.12372915E+01
    1949.,  0.72693970E+01,  0.95891959E+02, -0.11976790E+01,  0.19046186E+00,  0.17304800E+00, -0.99650104E+00
    1950.,  0.81401950E+01,  0.95852518E+02, -0.11976790E+01,  0.13107778E+00,  0.10027392E+00, -0.70450924E+00
    1951.,  0.90228584E+01,  0.95820622E+02, -0.11976790E+01,  0.76332921E-01,  0.35300956E-01, -0.41262904E+00
    1952.,  0.99149629E+01,  0.95799707E+02, -0.11976790E+01,  0.32869018E-01,  0.38492040E-03, -0.14314695E+00
    1953.,  0.10812349E+02,  0.95792404E+02, -0.11976790E+01, -0.41327299E-02, -0.14038351E-02,  0.11823977E+00
    1954.,  0.11709735E+02,  0.95799707E+02, -0.11976790E+01, -0.40856509E-01,  0.12899178E-01,  0.35832249E+00
    1955.,  0.12601839E+02,  0.95820622E+02, -0.11976790E+01, -0.78085018E-01,  0.79846316E-01,  0.56309646E+00
    1956.,  0.13484503E+02,  0.95852518E+02, -0.11976790E+01, -0.10518549E+00,  0.13818756E+00,  0.76858324E+00
    1957.,  0.14355301E+02,  0.95891959E+02, -0.11976790E+01, -0.13712533E+00,  0.18423078E+00,  0.98483951E+00
    1958.,  0.15213515E+02,  0.95935557E+02, -0.11976790E+01, -0.18767369E+00,  0.25444012E+00,  0.12459279E+01
    1959.,  0.16059685E+02,  0.95980520E+02, -0.11976790E+01, -0.23595607E+00,  0.32388919E+00,  0.15071211E+01
    1960.,  0.16895068E+02,  0.96024841E+02, -0.11976790E+01, -0.27485460E+00,  0.37909550E+00,  0.17428772E+01
    1961.,  0.17721194E+02,  0.96067248E+02, -0.11976790E+01, -0.31117758E+00,  0.43119137E+00,  0.19707023E+01
    1962.,  0.17763310E+02,  0.96890079E+02, -0.11976790E+01, -0.24019329E+00,  0.32822281E+00,  0.15863213E+01
    1963.,  0.17807145E+02,  0.97722111E+02, -0.11976790E+01, -0.16819649E+00,  0.22401698E+00,  0.11974612E+01
    1964.,  0.17851396E+02,  0.98564792E+02, -0.11976790E+01, -0.99098342E-01,  0.12483460E+00,  0.81442340E+00
    1965.,  0.17894052E+02,  0.99419265E+02, -0.11976790E+01, -0.42050356E-01,  0.46157933E-01,  0.46616911E+00
    1966.,  0.17932370E+02,  0.10028595E+03, -0.11976790E+01, -0.10718974E-01,  0.73781528E-02,  0.21035083E+00
    1967.,  0.17963077E+02,  0.10116401E+03, -0.11976790E+01, -0.18042062E-02, -0.11372309E-02,  0.76751454E-01
    1968.,  0.17982913E+02,  0.10205102E+03, -0.11976790E+01, -0.47356023E-03, -0.15665583E-02,  0.26907012E-01
    1969.,  0.17989437E+02,  0.10294289E+03, -0.11976790E+01, -0.37321877E-03, -0.14102623E-02,  0.10196760E-01
    1970.,  0.17981786E+02,  0.10383455E+03, -0.11976790E+01, -0.36669024E-03, -0.13504212E-02,  0.36470181E-02
    1971.,  0.17960970E+02,  0.10472097E+03, -0.11976790E+01, -0.40274474E-03, -0.12902288E-02,  0.10574149E-02
    1972.,  0.17929526E+02,  0.10559819E+03, -0.11976790E+01, -0.43110672E-03, -0.12493950E-02,  0.77704662E-04
    1973.,  0.17890742E+02,  0.10646390E+03, -0.11976790E+01, -0.45807064E-03, -0.12161340E-02, -0.27728628E-03
    1974.,  0.17847866E+02,  0.10731739E+03, -0.11976790E+01, -0.48635376E-03, -0.11917083E-02, -0.41599818E-03
    1975.,  0.17803584E+02,  0.10815917E+03, -0.11976790E+01, -0.51433077E-03, -0.11757975E-02, -0.47325115E-03
    1976.,  0.17759847E+02,  0.10899041E+03, -0.11976790E+01, -0.53701858E-03, -0.11676732E-02, -0.50411212E-03
    1977.,  0.17717908E+02,  0.10981256E+03, -0.11976790E+01, -0.55062451E-03, -0.11654777E-02, -0.52532067E-03
    1978.,  0.16891599E+02,  0.10985472E+03, -0.11976790E+01, -0.55365740E-03, -0.11682178E-02, -0.35439129E-03
    1979.,  0.16056109E+02,  0.10989868E+03, -0.11976790E+01, -0.56348707E-03, -0.11605872E-02, -0.19480628E-03
    1980.,  0.15209961E+02,  0.10994318E+03, -0.11976790E+01, -0.58478670E-03, -0.11449495E-02, -0.59262428E-04
    1981.,  0.14351961E+02,  0.10998623E+03, -0.11976790E+01, -0.62346843E-03, -0.11287379E-02,  0.41358194E-04
    1982.,  0.13481625E+02,  0.11002507E+03, -0.11976790E+01, -0.68544581E-03, -0.11243151E-02,  0.10490749E-03
    1983.,  0.12599704E+02,  0.11005642E+03, -0.11976790E+01, -0.77436045E-03, -0.11487301E-02,  0.13945178E-03
    1984.,  0.11708592E+02,  0.11007694E+03, -0.11976790E+01, -0.88879036E-03, -0.12213918E-02,  0.15915453E-03
    1985.,  0.10812349E+02,  0.11008410E+03, -0.11976790E+01, -0.10201930E-02, -0.13591125E-02,  0.18016122E-03
    1986.,  0.99161063E+01,  0.11007694E+03, -0.11976790E+01, -0.11539714E-02, -0.15700671E-02,  0.21946320E-03
    1987.,  0.90249942E+01,  0.11005642E+03, -0.11976790E+01, -0.12741840E-02, -0.18502510E-02,  0.29346325E-03
    1988.,  0.81430724E+01,  0.11002507E+03, -0.11976790E+01, -0.13690726E-02, -0.21849591E-02,  0.41089148E-03
    1989.,  0.72727372E+01,  0.10998623E+03, -0.11976790E+01, -0.14338614E-02, -0.25539923E-02,  0.56116564E-03
    1990.,  0.64147369E+01,  0.10994318E+03, -0.11976790E+01, -0.14700611E-02, -0.29370039E-02,  0.70717425E-03
    1991.,  0.55685889E+01,  0.10989868E+03, -0.11976790E+01, -0.14831624E-02, -0.33167816E-02,  0.79435136E-03
    1992.,  0.47330993E+01,  0.10985472E+03, -0.11976790E+01, -0.14800101E-02, -0.36809424E-02,  0.77972777E-03
    1993.,  0.39067902E+01,  0.10981256E+03, -0.11976790E+01, -0.14670265E-02, -0.40247643E-02,  0.66446150E-03
    1994.,  0.38648512E+01,  0.10899041E+03, -0.11976790E+01, -0.11425618E-02, -0.40458293E-02,  0.30936141E-03
    1995.,  0.38211139E+01,  0.10815917E+03, -0.11976790E+01, -0.83067029E-03, -0.40777345E-02, -0.13790904E-03
    1996.,  0.37768324E+01,  0.10731739E+03, -0.11976790E+01, -0.52752276E-03, -0.41252137E-02, -0.79219755E-03
    1997.,  0.37339555E+01,  0.10646390E+03, -0.11976790E+01, -0.22525300E-03, -0.41933096E-02, -0.18931073E-02
    1998.,  0.36951723E+01,  0.10559819E+03, -0.11976790E+01,  0.82422473E-04, -0.42901187E-02, -0.39436523E-02
    1999.,  0.36637283E+01,  0.10472097E+03, -0.11976790E+01,  0.41764009E-03, -0.44228339E-02, -0.80554300E-02
    2000.,  0.36429117E+01,  0.10383455E+03, -0.11976790E+01,  0.86546260E-03, -0.45937200E-02, -0.16697733E-01
    2001.,  0.36352605E+01,  0.10294289E+03, -0.11976790E+01,  0.15448464E-02, -0.49493179E-02, -0.37542668E-01
    2002.,  0.36417849E+01,  0.10205102E+03, -0.11976790E+01,  0.41113330E-02, -0.49333870E-02, -0.91194795E-01
    2003.,  0.36616208E+01,  0.10116401E+03, -0.11976790E+01,  0.15149824E-01,  0.97526555E-03, -0.21200257E+00
    2004.,  0.36923275E+01,  0.10028595E+03, -0.11976790E+01,  0.46507646E-01,  0.26505059E-01, -0.42490716E+00
    2005.,  0.37306454E+01,  0.99419265E+02, -0.11976790E+01,  0.10194776E+00,  0.80311614E-01, -0.71507903E+00
    2006.,  0.37733019E+01,  0.98564792E+02, -0.11976790E+01,  0.16998604E+00,  0.15154933E+00, -0.10410052E+01
    2007.,  0.38175525E+01,  0.97722111E+02, -0.11976790E+01,  0.23988742E+00,  0.22631016E+00, -0.13716398E+01
    2008.,  0.38613883E+01,  0.96890079E+02, -0.11976790E+01,  0.30763140E+00,  0.29891666E+00, -0.16950742E+01
    2009.,  0.33123489E+01,  0.95482004E+02, -0.11976790E+01,  0.39747057E+00,  0.39649489E+00, -0.22836121E+01
    2010.,  0.42498489E+01,  0.95482004E+02, -0.11976790E+01,  0.34608810E+00,  0.34522573E+00, -0.19801353E+01
    2011.,  0.51873489E+01,  0.95482004E+02, -0.11976790E+01,  0.29466952E+00,  0.29384983E+00, -0.16782945E+01
    2012.,  0.61248489E+01,  0.95482004E+02, -0.11976790E+01,  0.24406534E+00,  0.23610103E+00, -0.13772530E+01
    2013.,  0.70623489E+01,  0.95482004E+02, -0.11976790E+01,  0.18680265E+00,  0.17016603E+00, -0.10731216E+01
    2014.,  0.79998489E+01,  0.95482004E+02, -0.11976790E+01,  0.13196073E+00,  0.10276299E+00, -0.77155770E+00
    2015.,  0.89373489E+01,  0.95482004E+02, -0.11976790E+01,  0.83040623E-01,  0.38292585E-01, -0.47025476E+00
    2016.,  0.98748489E+01,  0.95482004E+02, -0.11976790E+01,  0.40958075E-01, -0.17977849E-10, -0.17211815E+00
    2017.,  0.10812349E+02,  0.95482004E+02, -0.11976790E+01, -0.73704588E-02, -0.92350260E-11,  0.12500195E+00
    2018.,  0.11749849E+02,  0.95482004E+02, -0.11976790E+01, -0.55698993E-01, -0.51930737E-12,  0.42212205E+00
    2019.,  0.12687349E+02,  0.95482004E+02, -0.11976790E+01, -0.95376963E-01,  0.10928454E+00,  0.71276318E+00
    2020.,  0.13624849E+02,  0.95482004E+02, -0.11976790E+01, -0.14226581E+00,  0.19973469E+00,  0.99105397E+00
    2021.,  0.14562349E+02,  0.95482004E+02, -0.11976790E+01, -0.19352868E+00,  0.25560238E+00,  0.12727033E+01
    2022.,  0.15499849E+02,  0.95482004E+02, -0.11976790E+01, -0.24560995E+00,  0.33708607E+00,  0.15565959E+01
    2023.,  0.16437349E+02,  0.95482004E+02, -0.11976790E+01, -0.29475224E+00,  0.40691293E+00,  0.18496752E+01
    2024.,  0.17374849E+02,  0.95482004E+02, -0.11976790E+01, -0.34232293E+00,  0.47628263E+00,  0.21378998E+01
    2025.,  0.18312349E+02,  0.95482004E+02, -0.11976790E+01, -0.38978553E+00,  0.54380655E+00,  0.24248228E+01
    2026.,  0.18312349E+02,  0.96414817E+02, -0.11976790E+01, -0.30930064E+00,  0.42780816E+00,  0.19810312E+01
    2027.,  0.18312349E+02,  0.97347629E+02, -0.11976790E+01, -0.22335218E+00,  0.30255873E+00,  0.15220471E+01
    2028.,  0.18312349E+02,  0.98280441E+02, -0.11976790E+01, -0.13862135E+00,  0.17923194E+00,  0.10656072E+01
    2029.,  0.18312349E+02,  0.99213254E+02, -0.11976790E+01, -0.63338767E-01,  0.71415337E-01,  0.63347999E+00
    2030.,  0.18312349E+02,  0.10014607E+03, -0.11976790E+01, -0.16576266E-01,  0.10233213E-01,  0.28837398E+00
    2031.,  0.18312349E+02,  0.10107888E+03, -0.11976790E+01, -0.27045462E-02, -0.18713383E-02,  0.98972984E-01
    2032.,  0.18312349E+02,  0.10201169E+03, -0.11976790E+01, -0.60635239E-03, -0.15984135E-02,  0.33012408E-01
    2033.,  0.18312349E+02,  0.10294450E+03, -0.11976790E+01, -0.39606986E-03, -0.14379037E-02,  0.12376036E-01
    2034.,  0.18312349E+02,  0.10387732E+03, -0.11976790E+01, -0.37650239E-03, -0.13320760E-02,  0.44637565E-02
    2035.,  0.18312349E+02,  0.10481013E+03, -0.11976790E+01, -0.41182528E-03, -0.12771556E-02,  0.12532602E-02
    2036.,  0.18312349E+02,  0.10574294E+03, -0.11976790E+01, -0.44021642E-03, -0.12326579E-02,  0.64220784E-04
    2037.,  0.18312349E+02,  0.10667575E+03, -0.11976790E+01, -0.46915594E-03, -0.11978357E-02, -0.37026148E-03
    2038.,  0.18312349E+02,  0.10760857E+03, -0.11976790E+01, -0.49938052E-03, -0.11730967E-02, -0.53225518E-03
    2039.,  0.18312349E+02,  0.10854138E+03, -0.11976790E+01, -0.52723837E-03, -0.11610811E-02, -0.60138538E-03
    2040.,  0.18312349E+02,  0.10947419E+03, -0.11976790E+01, -0.54587922E-03, -0.11589907E-02, -0.64068625E-03
    2041.,  0.18312349E+02,  0.11040700E+03, -0.11976790E+01, -0.55662765E-03, -0.11594990E-02, -0.67198743E-03
    2042.,  0.17374849E+02,  0.11040700E+03, -0.11976790E+01, -0.55610156E-03, -0.11674591E-02, -0.47321197E-03
    2043.,  0.16437349E+02,  0.11040700E+03, -0.11976790E+01, -0.55854095E-03, -0.11667830E-02, -0.28401204E-03
    2044.,  0.15499849E+02,  0.11040700E+03, -0.11976790E+01, -0.57388802E-03, -0.11547101E-02, -0.11819409E-03
    2045.,  0.14562349E+02,  0.11040700E+03, -0.11976790E+01, -0.61216971E-03, -0.11389411E-02,  0.89778444E-05
    2046.,  0.13624849E+02,  0.11040700E+03, -0.11976790E+01, -0.68133787E-03, -0.11332130E-02,  0.91194917E-04
    2047.,  0.12687349E+02,  0.11040700E+03, -0.11976790E+01, -0.78565841E-03, -0.11565452E-02,  0.13623436E-03
    2048.,  0.11749849E+02,  0.11040700E+03, -0.11976790E+01, -0.92308309E-03, -0.12304976E-02,  0.16174234E-03
    2049.,  0.10812349E+02,  0.11040700E+03, -0.11976790E+01, -0.10837362E-02, -0.13738714E-02,  0.18879334E-03
    2050.,  0.98748489E+01,  0.11040700E+03, -0.11976790E+01, -0.12511835E-02, -0.15965062E-02,  0.23981081E-03
    2051.,  0.89373489E+01,  0.11040700E+03, -0.11976790E+01, -0.14067963E-02, -0.18954499E-02,  0.33665630E-03
    2052.,  0.79998489E+01,  0.11040700E+03, -0.11976790E+01, -0.15351188E-02, -0.22559683E-02,  0.49066700E-03
    2053.,  0.70623489E+01,  0.11040700E+03, -0.11976790E+01, -0.16273916E-02, -0.26563966E-02,  0.68508748E-03
    2054.,  0.61248489E+01,  0.11040700E+03, -0.11976790E+01, -0.16823263E-02, -0.30736635E-02,  0.86563438E-03
    2055.,  0.51873489E+01,  0.11040700E+03, -0.11976790E+01, -0.17054105E-02, -0.34873230E-02,  0.96093108E-03
    2056.,  0.42498489E+01,  0.11040700E+03, -0.11976790E+01, -0.17089081E-02, -0.38834723E-02,  0.93107622E-03
    2057.,  0.33123489E+01,  0.11040700E+03, -0.11976790E+01, -0.17079315E-02, -0.42657422E-02,  0.80994242E-03
    2058.,  0.33123489E+01,  0.10947419E+03, -0.11976790E+01, -0.13320643E-02, -0.42646500E-02,  0.39143977E-03
    2059.,  0.33123489E+01,  0.10854138E+03, -0.11976790E+01, -0.96979004E-03, -0.42675118E-02, -0.13162915E-03
    2060.,  0.33123489E+01,  0.10760857E+03, -0.11976790E+01, -0.62568055E-03, -0.42876374E-02, -0.91131930E-03
    2061.,  0.33123489E+01,  0.10667575E+03, -0.11976790E+01, -0.29105786E-03, -0.43356407E-02, -0.22349385E-02
    2062.,  0.33123489E+01,  0.10574294E+03, -0.11976790E+01,  0.45803629E-04, -0.44188800E-02, -0.47310108E-02
    2063.,  0.33123489E+01,  0.10481013E+03, -0.11976790E+01,  0.40412211E-03, -0.45546767E-02, -0.97202058E-02
    2064.,  0.33123489E+01,  0.10387732E+03, -0.11976790E+01,  0.89943609E-03, -0.47701725E-02, -0.20067330E-01
    2065.,  0.33123489E+01,  0.10294450E+03, -0.11976790E+01,  0.17973935E-02, -0.52631664E-02, -0.45426033E-01
    2066.,  0.33123489E+01,  0.10201169E+03, -0.11976790E+01,  0.52842173E-02, -0.59611787E-02, -0.11428958E+00
    2067.,  0.33123489E+01,  0.10107888E+03, -0.11976790E+01,  0.20428828E-01,  0.13510690E-02, -0.27447486E+00
    2068.,  0.33123489E+01,  0.10014607E+03, -0.11976790E+01,  0.63733429E-01,  0.39053762E-01, -0.55392873E+00
    2069.,  0.33123489E+01,  0.99213254E+02, -0.11976790E+01,  0.13618441E+00,  0.11358329E+00, -0.91543013E+00
    2070.,  0.33123489E+01,  0.98280441E+02, -0.11976790E+01,  0.21855962E+00,  0.20172075E+00, -0.13026346E+01
    2071.,  0.33123489E+01,  0.97347629E+02, -0.11976790E+01,  0.30116236E+00,  0.29068891E+00, -0.16914902E+01
    2072.,  0.33123489E+01,  0.96414817E+02, -0.11976790E+01,  0.38169474E+00,  0.37640833E+00, -0.20754155E+01
    2073.,  0.33123489E+01,  0.95482004E+02, -0.19237207E+01,  0.62594433E+00,  0.30562633E+00, -0.22405938E+01
    2074.,  0.42498489E+01,  0.95482004E+02, -0.19237207E+01,  0.57425167E+00,  0.25473380E+00, -0.19377182E+01
    2075.,  0.51873489E+01,  0.95482004E+02, -0.19237207E+01,  0.52296327E+00,  0.20046531E+00, -0.16355689E+01
    2076.,  0.61248489E+01,  0.95482004E+02, -0.19237207E+01,  0.46542217E+00,  0.94008493E-01, -0.13268811E+01
    2077.,  0.70623489E+01,  0.95482004E+02, -0.19237207E+01,  0.41604669E+00, -0.24328607E-10, -0.10260507E+01
    2078.,  0.79998489E+01,  0.95482004E+02, -0.19237207E+01,  0.36771815E+00, -0.15615844E-10, -0.72893059E+00
    2079.,  0.89373489E+01,  0.95482004E+02, -0.19237207E+01,  0.31938962E+00, -0.68934193E-11, -0.43181049E+00
    2080.,  0.98748489E+01,  0.95482004E+02, -0.19237207E+01,  0.27106109E+00,  0.18427678E-11, -0.13469039E+00
    2081.,  0.10812349E+02,  0.95482004E+02, -0.19237207E+01,  0.22273255E+00,  0.10558406E-10,  0.16242971E+00
    2082.,  0.11749849E+02,  0.95482004E+02, -0.19237207E+01,  0.17440402E+00,  0.19280426E-10,  0.45954981E+00
    2083.,  0.12687349E+02,  0.95482004E+02, -0.19237207E+01,  0.12607548E+00,  0.28008844E-10,  0.75666991E+00
    2084.,  0.13624849E+02,  0.95482004E+02, -0.19237207E+01,  0.77746950E-01,  0.36737997E-10,  0.10537900E+01
    2085.,  0.14562349E+02,  0.95482004E+02, -0.19237207E+01,  0.29418416E-01,  0.45461328E-10,  0.13509101E+01
    2086.,  0.15499849E+02,  0.95482004E+02, -0.19237207E+01, -0.17662471E-01,  0.81918251E-01,  0.16444836E+01
    2087.,  0.16437349E+02,  0.95482004E+02, -0.19237207E+01, -0.66292470E-01,  0.16743832E+00,  0.19300658E+01
    2088.,  0.17374849E+02,  0.95482004E+02, -0.19237207E+01, -0.11568766E+00,  0.22084975E+00,  0.22232657E+01
    2089.,  0.18312349E+02,  0.95482004E+02, -0.19237207E+01, -0.16469960E+00,  0.26669832E+00,  0.25183553E+01
    2090.,  0.33123489E+01,  0.95482004E+02, -0.26497623E+01,  0.84385417E+00,  0.12233809E+00, -0.21827808E+01
    2091.,  0.42498489E+01,  0.95482004E+02, -0.26497623E+01,  0.79417595E+00,  0.92071887E-01, -0.18845200E+01
    2092.,  0.51873489E+01,  0.95482004E+02, -0.26497623E+01,  0.74401197E+00,  0.53048640E-01, -0.15847611E+01
    2093.,  0.61248489E+01,  0.95482004E+02, -0.26497623E+01,  0.69447823E+00, -0.13257900E-10, -0.12857430E+01
    2094.,  0.70623489E+01,  0.95482004E+02, -0.26497623E+01,  0.64614970E+00, -0.45230313E-11, -0.98862293E+00
    2095.,  0.79998489E+01,  0.95482004E+02, -0.26497623E+01,  0.59782117E+00,  0.41905752E-11, -0.69150283E+00
    2096.,  0.89373489E+01,  0.95482004E+02, -0.26497623E+01,  0.54949263E+00,  0.12910060E-10, -0.39438272E+00
    2097.,  0.98748489E+01,  0.95482004E+02, -0.26497623E+01,  0.50116410E+00,  0.21629114E-10, -0.97262625E-01
    2098.,  0.10812349E+02,  0.95482004E+02, -0.26497623E+01,  0.45283556E+00,  0.30370605E-10,  0.19985748E+00
    2099.,  0.11749849E+02,  0.95482004E+02, -0.26497623E+01,  0.40450703E+00,  0.39081463E-10,  0.49697758E+00
    2100.,  0.12687349E+02,  0.95482004E+02, -0.26497623E+01,  0.35617850E+00,  0.47808555E-10,  0.79409768E+00
    2101.,  0.13624849E+02,  0.95482004E+02, -0.26497623E+01,  0.30784996E+00,  0.56541907E-10,  0.10912178E+01
    2102.,  0.14562349E+02,  0.95482004E+02, -0.26497623E+01,  0.25952143E+00,  0.65259234E-10,  0.13883379E+01
    2103.,  0.15499849E+02,  0.95482004E+02, -0.26497623E+01,  0.21119289E+00,  0.73998721E-10,  0.16854580E+01
    2104.,  0.16437349E+02,  0.95482004E+02, -0.26497623E+01,  0.16317063E+00,  0.38612670E-01,  0.19808331E+01
    2105.,  0.17374849E+02,  0.95482004E+02, -0.26497623E+01,  0.11481760E+00,  0.82271333E-01,  0.22754934E+01
    2106.,  0.18312349E+02,  0.95482004E+02, -0.26497623E+01,  0.65413358E-01,  0.10156932E+00,  0.25742191E+01
    2107.,  0.33123489E+01,  0.95482004E+02, -0.33758040E+01,  0.10694655E+01,  0.14877232E-01, -0.21391138E+01
    2108.,  0.42498489E+01,  0.95482004E+02, -0.33758040E+01,  0.10212383E+01, -0.10904472E-10, -0.18425555E+01
    2109.,  0.51873489E+01,  0.95482004E+02, -0.33758040E+01,  0.97290978E+00, -0.21880871E-11, -0.15454354E+01
    2110.,  0.61248489E+01,  0.95482004E+02, -0.33758040E+01,  0.92458124E+00,  0.65330998E-11, -0.12483153E+01
    2111.,  0.70623489E+01,  0.95482004E+02, -0.33758040E+01,  0.87625271E+00,  0.15265814E-10, -0.95119516E+00
    2112.,  0.79998489E+01,  0.95482004E+02, -0.33758040E+01,  0.82792418E+00,  0.23989611E-10, -0.65407506E+00
    2113.,  0.89373489E+01,  0.95482004E+02, -0.33758040E+01,  0.77959564E+00,  0.32718797E-10, -0.35695496E+00
    2114.,  0.98748489E+01,  0.95482004E+02, -0.33758040E+01,  0.73126711E+00,  0.41447215E-10, -0.59834860E-01
    2115.,  0.10812349E+02,  0.95482004E+02, -0.33758040E+01,  0.68293857E+00,  0.50168685E-10,  0.23728524E+00
    2116.,  0.11749849E+02,  0.95482004E+02, -0.33758040E+01,  0.63461004E+00,  0.58894972E-10,  0.53440534E+00
    2117.,  0.12687349E+02,  0.95482004E+02, -0.33758040E+01,  0.58628151E+00,  0.67620933E-10,  0.83152544E+00
    2118.,  0.13624849E+02,  0.95482004E+02, -0.33758040E+01,  0.53795297E+00,  0.76343804E-10,  0.11286455E+01
    2119.,  0.14562349E+02,  0.95482004E+02, -0.33758040E+01,  0.48962444E+00,  0.85072001E-10,  0.14257656E+01
    2120.,  0.15499849E+02,  0.95482004E+02, -0.33758040E+01,  0.44129590E+00,  0.93791043E-10,  0.17228857E+01
    2121.,  0.16437349E+02,  0.95482004E+02, -0.33758040E+01,  0.39296737E+00,  0.10252103E-09,  0.20200058E+01
    2122.,  0.17374849E+02,  0.95482004E+02, -0.33758040E+01,  0.34490939E+00,  0.18243556E-01,  0.23166347E+01
    2123.,  0.18312349E+02,  0.95482004E+02, -0.33758040E+01,  0.29625156E+00,  0.26347918E-01,  0.26142359E+01
    2124.,  0.33123489E+01,  0.95482004E+02, -0.41018457E+01,  0.12996400E+01, -0.18483397E-02, -0.21021327E+01
    2125.,  0.42498489E+01,  0.95482004E+02, -0.41018457E+01,  0.12513413E+01,  0.88945785E-11, -0.18051277E+01
    2126.,  0.51873489E+01,  0.95482004E+02, -0.41018457E+01,  0.12030128E+01,  0.17618416E-10, -0.15080076E+01
    2127.,  0.61248489E+01,  0.95482004E+02, -0.41018457E+01,  0.11546843E+01,  0.26343092E-10, -0.12108875E+01
    2128.,  0.70623489E+01,  0.95482004E+02, -0.41018457E+01,  0.11063557E+01,  0.35076766E-10, -0.91376740E+00
    2129.,  0.79998489E+01,  0.95482004E+02, -0.41018457E+01,  0.10580272E+01,  0.43800881E-10, -0.61664730E+00
    2130.,  0.89373489E+01,  0.95482004E+02, -0.41018457E+01,  0.10096987E+01,  0.52523643E-10, -0.31952720E+00
    2131.,  0.98748489E+01,  0.95482004E+02, -0.41018457E+01,  0.96137012E+00,  0.61244579E-10, -0.22407095E-01
    2132.,  0.10812349E+02,  0.95482004E+02, -0.41018457E+01,  0.91304159E+00,  0.69969052E-10,  0.27471300E+00
    2133.,  0.11749849E+02,  0.95482004E+02, -0.41018457E+01,  0.86471305E+00,  0.78703512E-10,  0.57183311E+00
    2134.,  0.12687349E+02,  0.95482004E+02, -0.41018457E+01,  0.81638452E+00,  0.87426647E-10,  0.86895321E+00
    2135.,  0.13624849E+02,  0.95482004E+02, -0.41018457E+01,  0.76805598E+00,  0.96158731E-10,  0.11660733E+01
    2136.,  0.14562349E+02,  0.95482004E+02, -0.41018457E+01,  0.71972745E+00,  0.10487221E-09,  0.14631934E+01
    2137.,  0.15499849E+02,  0.95482004E+02, -0.41018457E+01,  0.67139892E+00,  0.11359527E-09,  0.17603135E+01
    2138.,  0.16437349E+02,  0.95482004E+02, -0.41018457E+01,  0.62307038E+00,  0.12232169E-09,  0.20574336E+01
    2139.,  0.17374849E+02,  0.95482004E+02, -0.41018457E+01,  0.57474185E+00,  0.13104847E-09,  0.23545537E+01
    2140.,  0.18312349E+02,  0.95482004E+02, -0.41018457E+01,  0.52650774E+00,  0.30747066E-02,  0.26516713E+01
    2141.,  0.33123489E+01,  0.95482004E+02, -0.48278873E+01,  0.15297729E+01,  0.19970219E-10, -0.20648200E+01
    2142.,  0.42498489E+01,  0.95482004E+02, -0.48278873E+01,  0.14814443E+01,  0.28704214E-10, -0.17676999E+01
    2143.,  0.51873489E+01,  0.95482004E+02, -0.48278873E+01,  0.14331158E+01,  0.37433701E-10, -0.14705798E+01
    2144.,  0.61248489E+01,  0.95482004E+02, -0.48278873E+01,  0.13847873E+01,  0.46153414E-10, -0.11734597E+01
    2145.,  0.70623489E+01,  0.95482004E+02, -0.48278873E+01,  0.13364587E+01,  0.54881120E-10, -0.87633963E+00
    2146.,  0.79998489E+01,  0.95482004E+02, -0.48278873E+01,  0.12881302E+01,  0.63599102E-10, -0.57921953E+00
    2147.,  0.89373489E+01,  0.95482004E+02, -0.48278873E+01,  0.12398017E+01,  0.72317588E-10, -0.28209943E+00
    2148.,  0.98748489E+01,  0.95482004E+02, -0.48278873E+01,  0.11914731E+01,  0.81051138E-10,  0.15020669E-01
    2149.,  0.10812349E+02,  0.95482004E+02, -0.48278873E+01,  0.11431446E+01,  0.89770159E-10,  0.31214077E+00
    2150.,  0.11749849E+02,  0.95482004E+02, -0.48278873E+01,  0.10948161E+01,  0.98496962E-10,  0.60926087E+00
    2151.,  0.12687349E+02,  0.95482004E+02, -0.48278873E+01,  0.10464875E+01,  0.10722250E-09,  0.90638097E+00
    2152.,  0.13624849E+02,  0.95482004E+02, -0.48278873E+01,  0.99815899E+00,  0.11595878E-09,  0.12035011E+01
    2153.,  0.14562349E+02,  0.95482004E+02, -0.48278873E+01,  0.94983046E+00,  0.12467640E-09,  0.15006212E+01
    2154.,  0.15499849E+02,  0.95482004E+02, -0.48278873E+01,  0.90150193E+00,  0.13340172E-09,  0.17977413E+01
    2155.,  0.16437349E+02,  0.95482004E+02, -0.48278873E+01,  0.85317339E+00,  0.14213240E-09,  0.20948614E+01
    2156.,  0.17374849E+02,  0.95482004E+02, -0.48278873E+01,  0.80484486E+00,  0.15085157E-09,  0.23919815E+01
    2157.,  0.18312349E+02,  0.95482004E+02, -0.48278873E+01,  0.75651632E+00,  0.15957292E-09,  0.26891016E+01
    2158.,  0.33123489E+01,  0.95482004E+02, -0.55539290E+01,  0.17598759E+01,  0.39781371E-10, -0.20273923E+01
    2159.,  0.42498489E+01,  0.95482004E+02, -0.55539290E+01,  0.17115473E+01,  0.48507035E-10, -0.17302722E+01
    2160.,  0.51873489E+01,  0.95482004E+02, -0.55539290E+01,  0.16632188E+01,  0.57224895E-10, -0.14331521E+01
    2161.,  0.61248489E+01,  0.95482004E+02, -0.55539290E+01,  0.16148903E+01,  0.65948316E-10, -0.11360320E+01
    2162.,  0.70623489E+01,  0.95482004E+02, -0.55539290E+01,  0.15665617E+01,  0.74678903E-10, -0.83891187E+00
    2163.,  0.79998489E+01,  0.95482004E+02, -0.55539290E+01,  0.15182332E+01,  0.83402726E-10, -0.54179177E+00
    2164.,  0.89373489E+01,  0.95482004E+02, -0.55539290E+01,  0.14699047E+01,  0.92134696E-10, -0.24467167E+00
    2165.,  0.98748489E+01,  0.95482004E+02, -0.55539290E+01,  0.14215761E+01,  0.10085291E-09,  0.52448434E-01
    2166.,  0.10812349E+02,  0.95482004E+02, -0.55539290E+01,  0.13732476E+01,  0.10957896E-09,  0.34956853E+00
    2167.,  0.11749849E+02,  0.95482004E+02, -0.55539290E+01,  0.13249191E+01,  0.11829379E-09,  0.64668863E+00
    2168.,  0.12687349E+02,  0.95482004E+02, -0.55539290E+01,  0.12765905E+01,  0.12702634E-09,  0.94380873E+00
    2169.,  0.13624849E+02,  0.95482004E+02, -0.55539290E+01,  0.12282620E+01,  0.13576270E-09,  0.12409288E+01
    2170.,  0.14562349E+02,  0.95482004E+02, -0.55539290E+01,  0.11799335E+01,  0.14447684E-09,  0.15380489E+01
    2171.,  0.15499849E+02,  0.95482004E+02, -0.55539290E+01,  0.11316049E+01,  0.15320190E-09,  0.18351690E+01
    2172.,  0.16437349E+02,  0.95482004E+02, -0.55539290E+01,  0.10832764E+01,  0.16192465E-09,  0.21322891E+01
    2173.,  0.17374849E+02,  0.95482004E+02, -0.55539290E+01,  0.10349479E+01,  0.17065500E-09,  0.24294092E+01
    2174.,  0.18312349E+02,  0.95482004E+02, -0.55539290E+01,  0.98661934E+00,  0.17938468E-09,  0.27265293E+01
    2175.,  0.33123489E+01,  0.95482004E+02, -0.62799707E+01,  0.19899789E+01,  0.59576302E-10, -0.19899645E+01
    2176.,  0.42498489E+01,  0.95482004E+02, -0.62799707E+01,  0.19416504E+01,  0.68308331E-10, -0.16928444E+01
    2177.,  0.51873489E+01,  0.95482004E+02, -0.62799707E+01,  0.18933218E+01,  0.77033111E-10, -0.13957243E+01
    2178.,  0.61248489E+01,  0.95482004E+02, -0.62799707E+01,  0.18449933E+01,  0.85753196E-10, -0.10986042E+01
    2179.,  0.70623489E+01,  0.95482004E+02, -0.62799707E+01,  0.17966648E+01,  0.94477402E-10, -0.80148410E+00
    2180.,  0.79998489E+01,  0.95482004E+02, -0.62799707E+01,  0.17483362E+01,  0.10320434E-09, -0.50436400E+00
    2181.,  0.89373489E+01,  0.95482004E+02, -0.62799707E+01,  0.17000077E+01,  0.11192921E-09, -0.20724390E+00
    2182.,  0.98748489E+01,  0.95482004E+02, -0.62799707E+01,  0.16516792E+01,  0.12065733E-09,  0.89876199E-01
    2183.,  0.10812349E+02,  0.95482004E+02, -0.62799707E+01,  0.16033506E+01,  0.12938473E-09,  0.38699630E+00
    2184.,  0.11749849E+02,  0.95482004E+02, -0.62799707E+01,  0.15550221E+01,  0.13811019E-09,  0.68411640E+00
    2185.,  0.12687349E+02,  0.95482004E+02, -0.62799707E+01,  0.15066936E+01,  0.14683340E-09,  0.98123650E+00
    2186.,  0.13624849E+02,  0.95482004E+02, -0.62799707E+01,  0.14583650E+01,  0.15555313E-09,  0.12783566E+01
    2187.,  0.14562349E+02,  0.95482004E+02, -0.62799707E+01,  0.14100365E+01,  0.16428082E-09,  0.15754767E+01
    2188.,  0.15499849E+02,  0.95482004E+02, -0.62799707E+01,  0.13617079E+01,  0.17301162E-09,  0.18725968E+01
    2189.,  0.16437349E+02,  0.95482004E+02, -0.62799707E+01,  0.13133794E+01,  0.18173845E-09,  0.21697169E+01
    2190.,  0.17374849E+02,  0.95482004E+02, -0.62799707E+01,  0.12650509E+01,  0.19046085E-09,  0.24668370E+01
    2191.,  0.18312349E+02,  0.95482004E+02, -0.62799707E+01,  0.12167223E+01,  0.19918695E-09,  0.27639571E+01
    2192.,  0.33123489E+01,  0.95482004E+02, -0.70060123E+01,  0.22200819E+01,  0.79384345E-10, -0.19525367E+01
    2193.,  0.42498489E+01,  0.95482004E+02, -0.70060123E+01,  0.21717534E+01,  0.88113369E-10, -0.16554166E+01
    2194.,  0.51873489E+01,  0.95482004E+02, -0.70060123E+01,  0.21234248E+01,  0.96840974E-10, -0.13582965E+01
    2195.,  0.61248489E+01,  0.95482004E+02, -0.70060123E+01,  0.20750963E+01,  0.10556417E-09, -0.10611764E+01
    2196.,  0.70623489E+01,  0.95482004E+02, -0.70060123E+01,  0.20267678E+01,  0.11428927E-09, -0.76405634E+00
    2197.,  0.79998489E+01,  0.95482004E+02, -0.70060123E+01,  0.19784392E+01,  0.12301124E-09, -0.46693624E+00
    2198.,  0.89373489E+01,  0.95482004E+02, -0.70060123E+01,  0.19301107E+01,  0.13174168E-09, -0.16981614E+00
    2199.,  0.98748489E+01,  0.95482004E+02, -0.70060123E+01,  0.18817822E+01,  0.14045382E-09,  0.12730396E+00
    2200.,  0.10812349E+02,  0.95482004E+02, -0.70060123E+01,  0.18334536E+01,  0.14918662E-09,  0.42442406E+00
    2201.,  0.11749849E+02,  0.95482004E+02, -0.70060123E+01,  0.17851251E+01,  0.15791366E-09,  0.72154416E+00
    2202.,  0.12687349E+02,  0.95482004E+02, -0.70060123E+01,  0.17367966E+01,  0.16663885E-09,  0.10186643E+01
    2203.,  0.13624849E+02,  0.95482004E+02, -0.70060123E+01,  0.16884680E+01,  0.17536480E-09,  0.13157844E+01
    2204.,  0.14562349E+02,  0.95482004E+02, -0.70060123E+01,  0.16401395E+01,  0.18409081E-09,  0.16129045E+01
    2205.,  0.15499849E+02,  0.95482004E+02, -0.70060123E+01,  0.15918110E+01,  0.19281653E-09,  0.19100246E+01
    2206.,  0.16437349E+02,  0.95482004E+02, -0.70060123E+01,  0.15434824E+01,  0.20153912E-09,  0.22071447E+01
    2207.,  0.17374849E+02,  0.95482004E+02, -0.70060123E+01,  0.14951539E+01,  0.21026720E-09,  0.25042648E+01
    2208.,  0.18312349E+02,  0.95482004E+02, -0.70060123E+01,  0.14468254E+01,  0.21898875E-09,  0.28013849E+01
    2209.,  0.33123489E+01,  0.95482004E+02, -0.77320540E+01,  0.24501849E+01,  0.99195149E-10, -0.19151090E+01
    2210.,  0.42498489E+01,  0.95482004E+02, -0.77320540E+01,  0.24018564E+01,  0.10791140E-09, -0.16179889E+01
    2211.,  0.51873489E+01,  0.95482004E+02, -0.77320540E+01,  0.23535278E+01,  0.11664901E-09, -0.13208688E+01
    2212.,  0.61248489E+01,  0.95482004E+02, -0.77320540E+01,  0.23051993E+01,  0.12536253E-09, -0.10237487E+01
    2213.,  0.70623489E+01,  0.95482004E+02, -0.77320540E+01,  0.22568708E+01,  0.13408998E-09, -0.72662857E+00
    2214.,  0.79998489E+01,  0.95482004E+02, -0.77320540E+01,  0.22085422E+01,  0.14281861E-09, -0.42950847E+00
    2215.,  0.89373489E+01,  0.95482004E+02, -0.77320540E+01,  0.21602137E+01,  0.15153834E-09, -0.13238837E+00
    2216.,  0.98748489E+01,  0.95482004E+02, -0.77320540E+01,  0.21118852E+01,  0.16026488E-09,  0.16473173E+00
    2217.,  0.10812349E+02,  0.95482004E+02, -0.77320540E+01,  0.20635566E+01,  0.16899117E-09,  0.46185183E+00
    2218.,  0.11749849E+02,  0.95482004E+02, -0.77320540E+01,  0.20152281E+01,  0.17771966E-09,  0.75897193E+00
    2219.,  0.12687349E+02,  0.95482004E+02, -0.77320540E+01,  0.19668996E+01,  0.18644520E-09,  0.10560920E+01
    2220.,  0.13624849E+02,  0.95482004E+02, -0.77320540E+01,  0.19185710E+01,  0.19516338E-09,  0.13532121E+01
    2221.,  0.14562349E+02,  0.95482004E+02, -0.77320540E+01,  0.18702425E+01,  0.20388396E-09,  0.16503322E+01
    2222.,  0.15499849E+02,  0.95482004E+02, -0.77320540E+01,  0.18219140E+01,  0.21261311E-09,  0.19474523E+01
    2223.,  0.16437349E+02,  0.95482004E+02, -0.77320540E+01,  0.17735854E+01,  0.22133744E-09,  0.22445724E+01
    2224.,  0.17374849E+02,  0.95482004E+02, -0.77320540E+01,  0.17252569E+01,  0.23006656E-09,  0.25416925E+01
    2225.,  0.18312349E+02,  0.95482004E+02, -0.77320540E+01,  0.16769284E+01,  0.23880178E-09,  0.28388126E+01
    2226.,  0.33123489E+01,  0.95482004E+02, -0.84580957E+01,  0.26802879E+01,  0.11898177E-09, -0.18776812E+01
    2227.,  0.42498489E+01,  0.95482004E+02, -0.84580957E+01,  0.26319594E+01,  0.12772071E-09, -0.15805611E+01
    2228.,  0.51873489E+01,  0.95482004E+02, -0.84580957E+01,  0.25836309E+01,  0.13644393E-09, -0.12834410E+01
    2229.,  0.61248489E+01,  0.95482004E+02, -0.84580957E+01,  0.25353023E+01,  0.14516290E-09, -0.98632091E+00
    2230.,  0.70623489E+01,  0.95482004E+02, -0.84580957E+01,  0.24869738E+01,  0.15388953E-09, -0.68920081E+00
    2231.,  0.79998489E+01,  0.95482004E+02, -0.84580957E+01,  0.24386453E+01,  0.16262022E-09, -0.39208071E+00
    2232.,  0.89373489E+01,  0.95482004E+02, -0.84580957E+01,  0.23903167E+01,  0.17134766E-09, -0.94960608E-01
    2233.,  0.98748489E+01,  0.95482004E+02, -0.84580957E+01,  0.23419882E+01,  0.18005980E-09,  0.20215949E+00
    2234.,  0.10812349E+02,  0.95482004E+02, -0.84580957E+01,  0.22936597E+01,  0.18879106E-09,  0.49927959E+00
    2235.,  0.11749849E+02,  0.95482004E+02, -0.84580957E+01,  0.22453311E+01,  0.19751683E-09,  0.79639969E+00
    2236.,  0.12687349E+02,  0.95482004E+02, -0.84580957E+01,  0.21970026E+01,  0.20624119E-09,  0.10935198E+01
    2237.,  0.13624849E+02,  0.95482004E+02, -0.84580957E+01,  0.21486740E+01,  0.21496969E-09,  0.13906399E+01
    2238.,  0.14562349E+02,  0.95482004E+02, -0.84580957E+01,  0.21003455E+01,  0.22369509E-09,  0.16877600E+01
    2239.,  0.15499849E+02,  0.95482004E+02, -0.84580957E+01,  0.20520170E+01,  0.23241778E-09,  0.19848801E+01
    2240.,  0.16437349E+02,  0.95482004E+02, -0.84580957E+01,  0.20036884E+01,  0.24113953E-09,  0.22820002E+01
    2241.,  0.17374849E+02,  0.95482004E+02, -0.84580957E+01,  0.19553599E+01,  0.24986095E-09,  0.25791203E+01
    2242.,  0.18312349E+02,  0.95482004E+02, -0.84580957E+01,  0.19070314E+01,  0.25859770E-09,  0.28762404E+01
    2243.,  0.33123489E+01,  0.95482004E+02, -0.91841373E+01,  0.29103909E+01,  0.13879575E-09, -0.18402534E+01
    2244.,  0.42498489E+01,  0.95482004E+02, -0.91841373E+01,  0.28620624E+01,  0.14752286E-09, -0.15431333E+01
    2245.,  0.51873489E+01,  0.95482004E+02, -0.91841373E+01,  0.28137339E+01,  0.15624713E-09, -0.12460132E+01
    2246.,  0.61248489E+01,  0.95482004E+02, -0.91841373E+01,  0.27654053E+01,  0.16498029E-09, -0.94889314E+00
    2247.,  0.70623489E+01,  0.95482004E+02, -0.91841373E+01,  0.27170768E+01,  0.17370121E-09, -0.65177304E+00
    2248.,  0.79998489E+01,  0.95482004E+02, -0.91841373E+01,  0.26687483E+01,  0.18243163E-09, -0.35465294E+00
    2249.,  0.89373489E+01,  0.95482004E+02, -0.91841373E+01,  0.26204197E+01,  0.19114848E-09, -0.57532843E-01
    2250.,  0.98748489E+01,  0.95482004E+02, -0.91841373E+01,  0.25720912E+01,  0.19986833E-09,  0.23958726E+00
    2251.,  0.10812349E+02,  0.95482004E+02, -0.91841373E+01,  0.25237627E+01,  0.20860478E-09,  0.53670736E+00
    2252.,  0.11749849E+02,  0.95482004E+02, -0.91841373E+01,  0.24754341E+01,  0.21731641E-09,  0.83382746E+00
    2253.,  0.12687349E+02,  0.95482004E+02, -0.91841373E+01,  0.24271056E+01,  0.22604771E-09,  0.11309476E+01
    2254.,  0.13624849E+02,  0.95482004E+02, -0.91841373E+01,  0.23787771E+01,  0.23477838E-09,  0.14280677E+01
    2255.,  0.14562349E+02,  0.95482004E+02, -0.91841373E+01,  0.23304485E+01,  0.24350225E-09,  0.17251878E+01
    2256.,  0.15499849E+02,  0.95482004E+02, -0.91841373E+01,  0.22821200E+01,  0.25222121E-09,  0.20223079E+01
    2257.,  0.16437349E+02,  0.95482004E+02, -0.91841373E+01,  0.22337915E+01,  0.26094520E-09,  0.23194280E+01
    2258.,  0.17374849E+02,  0.95482004E+02, -0.91841373E+01,  0.21854629E+01,  0.26967650E-09,  0.26165481E+01
    2259.,  0.18312349E+02,  0.95482004E+02, -0.91841373E+01,  0.21371344E+01,  0.27840127E-09,  0.29136682E+01
    2260.,  0.33123489E+01,  0.95482004E+02, -0.99101790E+01,  0.31404939E+01,  0.15859899E-09, -0.18028257E+01
    2261.,  0.42498489E+01,  0.95482004E+02, -0.99101790E+01,  0.30921654E+01,  0.16733137E-09, -0.15057056E+01
    2262.,  0.51873489E+01,  0.95482004E+02, -0.99101790E+01,  0.30438369E+01,  0.17605230E-09, -0.12085855E+01
    2263.,  0.61248489E+01,  0.95482004E+02, -0.99101790E+01,  0.29955083E+01,  0.18477877E-09, -0.91146538E+00
    2264.,  0.70623489E+01,  0.95482004E+02, -0.99101790E+01,  0.29471798E+01,  0.19350770E-09, -0.61434528E+00
    2265.,  0.79998489E+01,  0.95482004E+02, -0.99101790E+01,  0.28988513E+01,  0.20223061E-09, -0.31722518E+00
    2266.,  0.89373489E+01,  0.95482004E+02, -0.99101790E+01,  0.28505227E+01,  0.21095131E-09, -0.20105079E-01
    2267.,  0.98748489E+01,  0.95482004E+02, -0.99101790E+01,  0.28021942E+01,  0.21967190E-09,  0.27701502E+00
    2268.,  0.10812349E+02,  0.95482004E+02, -0.99101790E+01,  0.27538657E+01,  0.22840642E-09,  0.57413512E+00
    2269.,  0.11749849E+02,  0.95482004E+02, -0.99101790E+01,  0.27055371E+01,  0.23712110E-09,  0.87125522E+00
    2270.,  0.12687349E+02,  0.95482004E+02, -0.99101790E+01,  0.26572086E+01,  0.24585007E-09,  0.11683753E+01
    2271.,  0.13624849E+02,  0.95482004E+02, -0.99101790E+01,  0.26088801E+01,  0.25458258E-09,  0.14654954E+01
    2272.,  0.14562349E+02,  0.95482004E+02, -0.99101790E+01,  0.25605515E+01,  0.26329718E-09,  0.17626155E+01
    2273.,  0.15499849E+02,  0.95482004E+02, -0.99101790E+01,  0.25122230E+01,  0.27203276E-09,  0.20597356E+01
    2274.,  0.16437349E+02,  0.95482004E+02, -0.99101790E+01,  0.24638945E+01,  0.28075640E-09,  0.23568557E+01
    2275.,  0.17374849E+02,  0.95482004E+02, -0.99101790E+01,  0.24155659E+01,  0.28947363E-09,  0.26539758E+01
    2276.,  0.18312349E+02,  0.95482004E+02, -0.99101790E+01,  0.23672374E+01,  0.29820649E-09,  0.29510959E+01
    2277.,  0.33123489E+01,  0.95482004E+02, -0.10636221E+02,  0.33705970E+01,  0.17839754E-09, -0.17653979E+01
    2278.,  0.42498489E+01,  0.95482004E+02, -0.10636221E+02,  0.33222684E+01,  0.18713557E-09, -0.14682778E+01
    2279.,  0.51873489E+01,  0.95482004E+02, -0.10636221E+02,  0.32739399E+01,  0.19585705E-09, -0.11711577E+01
    2280.,  0.61248489E+01,  0.95482004E+02, -0.10636221E+02,  0.32256114E+01,  0.20457949E-09, -0.87403761E+00
    2281.,  0.70623489E+01,  0.95482004E+02, -0.10636221E+02,  0.31772828E+01,  0.21330634E-09, -0.57691751E+00
    2282.,  0.79998489E+01,  0.95482004E+02, -0.10636221E+02,  0.31289543E+01,  0.22203115E-09, -0.27979741E+00
    2283.,  0.89373489E+01,  0.95482004E+02, -0.10636221E+02,  0.30806258E+01,  0.23075398E-09,  0.17322686E-01
    2284.,  0.98748489E+01,  0.95482004E+02, -0.10636221E+02,  0.30322972E+01,  0.23947981E-09,  0.31444279E+00
    2285.,  0.10812349E+02,  0.95482004E+02, -0.10636221E+02,  0.29839687E+01,  0.24821096E-09,  0.61156289E+00
    2286.,  0.11749849E+02,  0.95482004E+02, -0.10636221E+02,  0.29356402E+01,  0.25692843E-09,  0.90868299E+00
    2287.,  0.12687349E+02,  0.95482004E+02, -0.10636221E+02,  0.28873116E+01,  0.26565512E-09,  0.12058031E+01
    2288.,  0.13624849E+02,  0.95482004E+02, -0.10636221E+02,  0.28389831E+01,  0.27438401E-09,  0.15029232E+01
    2289.,  0.14562349E+02,  0.95482004E+02, -0.10636221E+02,  0.27906545E+01,  0.28310059E-09,  0.18000433E+01
    2290.,  0.15499849E+02,  0.95482004E+02, -0.10636221E+02,  0.27423260E+01,  0.29182840E-09,  0.20971634E+01
    2291.,  0.16437349E+02,  0.95482004E+02, -0.10636221E+02,  0.26939975E+01,  0.30055620E-09,  0.23942835E+01
    2292.,  0.17374849E+02,  0.95482004E+02, -0.10636221E+02,  0.26456689E+01,  0.30927502E-09,  0.26914036E+01
    2293.,  0.18312349E+02,  0.95482004E+02, -0.10636221E+02,  0.25973404E+01,  0.31802027E-09,  0.29885237E+01
    2294.,  0.33123489E+01,  0.95482004E+02, -0.11362262E+02,  0.36007000E+01,  0.19819640E-09, -0.17279702E+01
    2295.,  0.42498489E+01,  0.95482004E+02, -0.11362262E+02,  0.35523714E+01,  0.20694207E-09, -0.14308501E+01
    2296.,  0.51873489E+01,  0.95482004E+02, -0.11362262E+02,  0.35040429E+01,  0.21565942E-09, -0.11337300E+01
    2297.,  0.61248489E+01,  0.95482004E+02, -0.11362262E+02,  0.34557144E+01,  0.22438481E-09, -0.83660985E+00
    2298.,  0.70623489E+01,  0.95482004E+02, -0.11362262E+02,  0.34073858E+01,  0.23310905E-09, -0.53948975E+00
    2299.,  0.79998489E+01,  0.95482004E+02, -0.11362262E+02,  0.33590573E+01,  0.24183344E-09, -0.24236965E+00
    2300.,  0.89373489E+01,  0.95482004E+02, -0.11362262E+02,  0.33107288E+01,  0.25055795E-09,  0.54750451E-01
    2301.,  0.98748489E+01,  0.95482004E+02, -0.11362262E+02,  0.32624002E+01,  0.25928278E-09,  0.35187055E+00
    2302.,  0.10812349E+02,  0.95482004E+02, -0.11362262E+02,  0.32140717E+01,  0.26800777E-09,  0.64899065E+00
    2303.,  0.11749849E+02,  0.95482004E+02, -0.11362262E+02,  0.31657432E+01,  0.27673229E-09,  0.94611075E+00
    2304.,  0.12687349E+02,  0.95482004E+02, -0.11362262E+02,  0.31174146E+01,  0.28546570E-09,  0.12432309E+01
    2305.,  0.13624849E+02,  0.95482004E+02, -0.11362262E+02,  0.30690861E+01,  0.29419573E-09,  0.15403510E+01
    2306.,  0.14562349E+02,  0.95482004E+02, -0.11362262E+02,  0.30207576E+01,  0.30291086E-09,  0.18374711E+01
    2307.,  0.15499849E+02,  0.95482004E+02, -0.11362262E+02,  0.29724290E+01,  0.31163201E-09,  0.21345912E+01
    2308.,  0.16437349E+02,  0.95482004E+02, -0.11362262E+02,  0.29241005E+01,  0.32036263E-09,  0.24317113E+01
    2309.,  0.17374849E+02,  0.95482004E+02, -0.11362262E+02,  0.28757720E+01,  0.32909006E-09,  0.27288314E+01
    2310.,  0.18312349E+02,  0.95482004E+02, -0.11362262E+02,  0.28274434E+01,  0.33781563E-09,  0.30259515E+01
    2311.,  0.33123489E+01,  0.95482004E+02, -0.12088304E+02,  0.38308030E+01,  0.21800907E-09, -0.16905424E+01
    2312.,  0.42498489E+01,  0.95482004E+02, -0.12088304E+02,  0.37824744E+01,  0.22674146E-09, -0.13934223E+01
    2313.,  0.51873489E+01,  0.95482004E+02, -0.12088304E+02,  0.37341459E+01,  0.23546530E-09, -0.10963022E+01
    2314.,  0.61248489E+01,  0.95482004E+02, -0.12088304E+02,  0.36858174E+01,  0.24418079E-09, -0.79918209E+00
    2315.,  0.70623489E+01,  0.95482004E+02, -0.12088304E+02,  0.36374888E+01,  0.25291472E-09, -0.50206199E+00
    2316.,  0.79998489E+01,  0.95482004E+02, -0.12088304E+02,  0.35891603E+01,  0.26162984E-09, -0.20494188E+00
    2317.,  0.89373489E+01,  0.95482004E+02, -0.12088304E+02,  0.35408318E+01,  0.27036338E-09,  0.92178215E-01
    2318.,  0.98748489E+01,  0.95482004E+02, -0.12088304E+02,  0.34925032E+01,  0.27908207E-09,  0.38929832E+00
    2319.,  0.10812349E+02,  0.95482004E+02, -0.12088304E+02,  0.34441747E+01,  0.28780973E-09,  0.68641842E+00
    2320.,  0.11749849E+02,  0.95482004E+02, -0.12088304E+02,  0.33958462E+01,  0.29652702E-09,  0.98353852E+00
    2321.,  0.12687349E+02,  0.95482004E+02, -0.12088304E+02,  0.33475176E+01,  0.30526060E-09,  0.12806586E+01
    2322.,  0.13624849E+02,  0.95482004E+02, -0.12088304E+02,  0.32991891E+01,  0.31398214E-09,  0.15777787E+01
    2323.,  0.14562349E+02,  0.95482004E+02, -0.12088304E+02,  0.32508606E+01,  0.32270951E-09,  0.18748988E+01
    2324.,  0.15499849E+02,  0.95482004E+02, -0.12088304E+02,  0.32025320E+01,  0.33143452E-09,  0.21720189E+01
    2325.,  0.16437349E+02,  0.95482004E+02, -0.12088304E+02,  0.31542035E+01,  0.34016490E-09,  0.24691390E+01
    2326.,  0.17374849E+02,  0.95482004E+02, -0.12088304E+02,  0.31058750E+01,  0.34889150E-09,  0.27662591E+01
    2327.,  0.18312349E+02,  0.95482004E+02, -0.12088304E+02,  0.30575464E+01,  0.35761291E-09,  0.30633792E+01
    2328.,  0.33123489E+01,  0.95482004E+02, -0.12814346E+02,  0.40609060E+01,  0.23781408E-09, -0.16531146E+01
    2329.,  0.42498489E+01,  0.95482004E+02, -0.12814346E+02,  0.40125775E+01,  0.24654913E-09, -0.13559945E+01
    2330.,  0.51873489E+01,  0.95482004E+02, -0.12814346E+02,  0.39642489E+01,  0.25526099E-09, -0.10588744E+01
    2331.,  0.61248489E+01,  0.95482004E+02, -0.12814346E+02,  0.39159204E+01,  0.26399068E-09, -0.76175432E+00
    2332.,  0.70623489E+01,  0.95482004E+02, -0.12814346E+02,  0.38675919E+01,  0.27271956E-09, -0.46463422E+00
    2333.,  0.79998489E+01,  0.95482004E+02, -0.12814346E+02,  0.38192633E+01,  0.28143757E-09, -0.16751412E+00
    2334.,  0.89373489E+01,  0.95482004E+02, -0.12814346E+02,  0.37709348E+01,  0.29016249E-09,  0.12960598E+00
    2335.,  0.98748489E+01,  0.95482004E+02, -0.12814346E+02,  0.37226063E+01,  0.29888631E-09,  0.42672608E+00
    2336.,  0.10812349E+02,  0.95482004E+02, -0.12814346E+02,  0.36742777E+01,  0.30761535E-09,  0.72384618E+00
    2337.,  0.11749849E+02,  0.95482004E+02, -0.12814346E+02,  0.36259492E+01,  0.31633445E-09,  0.10209663E+01
    2338.,  0.12687349E+02,  0.95482004E+02, -0.12814346E+02,  0.35776207E+01,  0.32506994E-09,  0.13180864E+01
    2339.,  0.13624849E+02,  0.95482004E+02, -0.12814346E+02,  0.35292921E+01,  0.33379412E-09,  0.16152065E+01
    2340.,  0.14562349E+02,  0.95482004E+02, -0.12814346E+02,  0.34809636E+01,  0.34251135E-09,  0.19123266E+01
    2341.,  0.15499849E+02,  0.95482004E+02, -0.12814346E+02,  0.34326350E+01,  0.35124021E-09,  0.22094467E+01
    2342.,  0.16437349E+02,  0.95482004E+02, -0.12814346E+02,  0.33843065E+01,  0.35996972E-09,  0.25065668E+01
    2343.,  0.17374849E+02,  0.95482004E+02, -0.12814346E+02,  0.33359780E+01,  0.36869316E-09,  0.28036869E+01
    2344.,  0.18312349E+02,  0.95482004E+02, -0.12814346E+02,  0.32876494E+01,  0.37743159E-09,  0.31008070E+01
    2345.,  0.33123489E+01,  0.95482004E+02, -0.13540387E+02,  0.42910090E+01,  0.25760709E-09, -0.16156869E+01
    2346.,  0.42498489E+01,  0.95482004E+02, -0.13540387E+02,  0.42426805E+01,  0.26634886E-09, -0.13185668E+01
    2347.,  0.51873489E+01,  0.95482004E+02, -0.13540387E+02,  0.41943519E+01,  0.27506842E-09, -0.10214467E+01
    2348.,  0.61248489E+01,  0.95482004E+02, -0.13540387E+02,  0.41460234E+01,  0.28379562E-09, -0.72432656E+00
    2349.,  0.70623489E+01,  0.95482004E+02, -0.13540387E+02,  0.40976949E+01,  0.29251568E-09, -0.42720646E+00
    2350.,  0.79998489E+01,  0.95482004E+02, -0.13540387E+02,  0.40493663E+01,  0.30124669E-09, -0.13008636E+00
    2351.,  0.89373489E+01,  0.95482004E+02, -0.13540387E+02,  0.40010378E+01,  0.30996185E-09,  0.16703374E+00
    2352.,  0.98748489E+01,  0.95482004E+02, -0.13540387E+02,  0.39527093E+01,  0.31868866E-09,  0.46415384E+00
    2353.,  0.10812349E+02,  0.95482004E+02, -0.13540387E+02,  0.39043807E+01,  0.32742337E-09,  0.76127395E+00
    2354.,  0.11749849E+02,  0.95482004E+02, -0.13540387E+02,  0.38560522E+01,  0.33614696E-09,  0.10583940E+01
    2355.,  0.12687349E+02,  0.95482004E+02, -0.13540387E+02,  0.38077237E+01,  0.34487390E-09,  0.13555141E+01
    2356.,  0.13624849E+02,  0.95482004E+02, -0.13540387E+02,  0.37593951E+01,  0.35359280E-09,  0.16526342E+01
    2357.,  0.14562349E+02,  0.95482004E+02, -0.13540387E+02,  0.37110666E+01,  0.36231946E-09,  0.19497543E+01
    2358.,  0.15499849E+02,  0.95482004E+02, -0.13540387E+02,  0.36627381E+01,  0.37104315E-09,  0.22468744E+01
    2359.,  0.16437349E+02,  0.95482004E+02, -0.13540387E+02,  0.36144095E+01,  0.37976614E-09,  0.25439945E+01
    2360.,  0.17374849E+02,  0.95482004E+02, -0.13540387E+02,  0.35660810E+01,  0.38849349E-09,  0.28411146E+01
    2361.,  0.18312349E+02,  0.95482004E+02, -0.13540387E+02,  0.35177525E+01,  0.39721818E-09,  0.31382347E+01
    2362.,  0.33123489E+01,  0.95482004E+02, -0.14266429E+02,  0.45211120E+01,  0.27741809E-09, -0.15782591E+01
    2363.,  0.42498489E+01,  0.95482004E+02, -0.14266429E+02,  0.44727835E+01,  0.28615188E-09, -0.12811390E+01
    2364.,  0.51873489E+01,  0.95482004E+02, -0.14266429E+02,  0.44244549E+01,  0.29486667E-09, -0.98401889E+00
    2365.,  0.61248489E+01,  0.95482004E+02, -0.14266429E+02,  0.43761264E+01,  0.30359350E-09, -0.68689879E+00
    2366.,  0.70623489E+01,  0.95482004E+02, -0.14266429E+02,  0.43277979E+01,  0.31232813E-09, -0.38977869E+00
    2367.,  0.79998489E+01,  0.95482004E+02, -0.14266429E+02,  0.42794693E+01,  0.32105957E-09, -0.92658591E-01
    2368.,  0.89373489E+01,  0.95482004E+02, -0.14266429E+02,  0.42311408E+01,  0.32977212E-09,  0.20446151E+00
    2369.,  0.98748489E+01,  0.95482004E+02, -0.14266429E+02,  0.41828123E+01,  0.33850046E-09,  0.50158161E+00
    2370.,  0.10812349E+02,  0.95482004E+02, -0.14266429E+02,  0.41344837E+01,  0.34722251E-09,  0.79870171E+00
    2371.,  0.11749849E+02,  0.95482004E+02, -0.14266429E+02,  0.40861552E+01,  0.35594497E-09,  0.10958218E+01
    2372.,  0.12687349E+02,  0.95482004E+02, -0.14266429E+02,  0.40378267E+01,  0.36466776E-09,  0.13929419E+01
    2373.,  0.13624849E+02,  0.95482004E+02, -0.14266429E+02,  0.39894981E+01,  0.37340428E-09,  0.16900620E+01
    2374.,  0.14562349E+02,  0.95482004E+02, -0.14266429E+02,  0.39411696E+01,  0.38212806E-09,  0.19871821E+01
    2375.,  0.15499849E+02,  0.95482004E+02, -0.14266429E+02,  0.38928411E+01,  0.39084781E-09,  0.22843022E+01
    2376.,  0.16437349E+02,  0.95482004E+02, -0.14266429E+02,  0.38445125E+01,  0.39957822E-09,  0.25814223E+01
    2377.,  0.17374849E+02,  0.95482004E+02, -0.14266429E+02,  0.37961840E+01,  0.40830080E-09,  0.28785424E+01
    2378.,  0.18312349E+02,  0.95482004E+02, -0.14266429E+02,  0.37478555E+01,  0.41702368E-09,  0.31756625E+01
    2379.,  0.33123489E+01,  0.95482004E+02, -0.14992471E+02,  0.47512150E+01,  0.29721952E-09, -0.15408313E+01
    2380.,  0.42498489E+01,  0.95482004E+02, -0.14992471E+02,  0.47028865E+01,  0.30596172E-09, -0.12437112E+01
    2381.,  0.51873489E+01,  0.95482004E+02, -0.14992471E+02,  0.46545580E+01,  0.31468618E-09, -0.94659113E+00
    2382.,  0.61248489E+01,  0.95482004E+02, -0.14992471E+02,  0.46062294E+01,  0.32340530E-09, -0.64947103E+00
    2383.,  0.70623489E+01,  0.95482004E+02, -0.14992471E+02,  0.45579009E+01,  0.33212633E-09, -0.35235093E+00
    2384.,  0.79998489E+01,  0.95482004E+02, -0.14992471E+02,  0.45095724E+01,  0.34085164E-09, -0.55230826E-01
    2385.,  0.89373489E+01,  0.95482004E+02, -0.14992471E+02,  0.44612438E+01,  0.34956995E-09,  0.24188927E+00
    2386.,  0.98748489E+01,  0.95482004E+02, -0.14992471E+02,  0.44129153E+01,  0.35830198E-09,  0.53900937E+00
    2387.,  0.10812349E+02,  0.95482004E+02, -0.14992471E+02,  0.43645868E+01,  0.36702463E-09,  0.83612947E+00
    2388.,  0.11749849E+02,  0.95482004E+02, -0.14992471E+02,  0.43162582E+01,  0.37574000E-09,  0.11332496E+01
    2389.,  0.12687349E+02,  0.95482004E+02, -0.14992471E+02,  0.42679297E+01,  0.38447015E-09,  0.14303697E+01
    2390.,  0.13624849E+02,  0.95482004E+02, -0.14992471E+02,  0.42196011E+01,  0.39320549E-09,  0.17274898E+01
    2391.,  0.14562349E+02,  0.95482004E+02, -0.14992471E+02,  0.41712726E+01,  0.40192337E-09,  0.20246099E+01
    2392.,  0.15499849E+02,  0.95482004E+02, -0.14992471E+02,  0.41229441E+01,  0.41064899E-09,  0.23217300E+01
    2393.,  0.16437349E+02,  0.95482004E+02, -0.14992471E+02,  0.40746155E+01,  0.41937826E-09,  0.26188501E+01
    2394.,  0.17374849E+02,  0.95482004E+02, -0.14992471E+02,  0.40262870E+01,  0.42810275E-09,  0.29159702E+01
    2395.,  0.18312349E+02,  0.95482004E+02, -0.14992471E+02,  0.39779585E+01,  0.43683179E-09,  0.32130903E+01
    2396.,  0.33123489E+01,  0.95482004E+02, -0.15718512E+02,  0.49813180E+01,  0.31702499E-09, -0.15034036E+01
    2397.,  0.42498489E+01,  0.95482004E+02, -0.15718512E+02,  0.49329895E+01,  0.32575716E-09, -0.12062835E+01
    2398.,  0.51873489E+01,  0.95482004E+02, -0.15718512E+02,  0.48846610E+01,  0.33448155E-09, -0.90916336E+00
    2399.,  0.61248489E+01,  0.95482004E+02, -0.15718512E+02,  0.48363324E+01,  0.34320237E-09, -0.61204326E+00
    2400.,  0.70623489E+01,  0.95482004E+02, -0.15718512E+02,  0.47880039E+01,  0.35192385E-09, -0.31492316E+00
    2401.,  0.79998489E+01,  0.95482004E+02, -0.15718512E+02,  0.47396754E+01,  0.36065619E-09, -0.17803062E-01
    2402.,  0.89373489E+01,  0.95482004E+02, -0.15718512E+02,  0.46913468E+01,  0.36937837E-09,  0.27931704E+00
    2403.,  0.98748489E+01,  0.95482004E+02, -0.15718512E+02,  0.46430183E+01,  0.37810007E-09,  0.57643714E+00
    2404.,  0.10812349E+02,  0.95482004E+02, -0.15718512E+02,  0.45946898E+01,  0.38683247E-09,  0.87355724E+00
    2405.,  0.11749849E+02,  0.95482004E+02, -0.15718512E+02,  0.45463612E+01,  0.39556240E-09,  0.11706773E+01
    2406.,  0.12687349E+02,  0.95482004E+02, -0.15718512E+02,  0.44980327E+01,  0.40428049E-09,  0.14677974E+01
    2407.,  0.13624849E+02,  0.95482004E+02, -0.15718512E+02,  0.44497042E+01,  0.41300435E-09,  0.17649175E+01
    2408.,  0.14562349E+02,  0.95482004E+02, -0.15718512E+02,  0.44013756E+01,  0.42173154E-09,  0.20620376E+01
    2409.,  0.15499849E+02,  0.95482004E+02, -0.15718512E+02,  0.43530471E+01,  0.43045734E-09,  0.23591577E+01
    2410.,  0.16437349E+02,  0.95482004E+02, -0.15718512E+02,  0.43047186E+01,  0.43918557E-09,  0.26562778E+01
    2411.,  0.17374849E+02,  0.95482004E+02, -0.15718512E+02,  0.42563900E+01,  0.44790618E-09,  0.29533979E+01
    2412.,  0.18312349E+02,  0.95482004E+02, -0.15718512E+02,  0.42080615E+01,  0.45663208E-09,  0.32505180E+01
    2413.,  0.33123489E+01,  0.95482004E+02, -0.16444554E+02,  0.52114210E+01,  0.33683217E-09, -0.14659758E+01
    2414.,  0.42498489E+01,  0.95482004E+02, -0.16444554E+02,  0.51630925E+01,  0.34556184E-09, -0.11688557E+01
    2415.,  0.51873489E+01,  0.95482004E+02, -0.16444554E+02,  0.51147640E+01,  0.35428529E-09, -0.87173560E+00
    2416.,  0.61248489E+01,  0.95482004E+02, -0.16444554E+02,  0.50664354E+01,  0.36300403E-09, -0.57461550E+00
    2417.,  0.70623489E+01,  0.95482004E+02, -0.16444554E+02,  0.50181069E+01,  0.37173954E-09, -0.27749540E+00
    2418.,  0.79998489E+01,  0.95482004E+02, -0.16444554E+02,  0.49697784E+01,  0.38045218E-09,  0.19624703E-01
    2419.,  0.89373489E+01,  0.95482004E+02, -0.16444554E+02,  0.49214498E+01,  0.38918286E-09,  0.31674480E+00
    2420.,  0.98748489E+01,  0.95482004E+02, -0.16444554E+02,  0.48731213E+01,  0.39790731E-09,  0.61386490E+00
    2421.,  0.10812349E+02,  0.95482004E+02, -0.16444554E+02,  0.48247928E+01,  0.40662761E-09,  0.91098500E+00
    2422.,  0.11749849E+02,  0.95482004E+02, -0.16444554E+02,  0.47764642E+01,  0.41536538E-09,  0.12081051E+01
    2423.,  0.12687349E+02,  0.95482004E+02, -0.16444554E+02,  0.47281357E+01,  0.42408282E-09,  0.15052252E+01
    2424.,  0.13624849E+02,  0.95482004E+02, -0.16444554E+02,  0.46798072E+01,  0.43281206E-09,  0.18023453E+01
    2425.,  0.14562349E+02,  0.95482004E+02, -0.16444554E+02,  0.46314786E+01,  0.44153020E-09,  0.20994654E+01
    2426.,  0.15499849E+02,  0.95482004E+02, -0.16444554E+02,  0.45831501E+01,  0.45026532E-09,  0.23965855E+01
    2427.,  0.16437349E+02,  0.95482004E+02, -0.16444554E+02,  0.45348216E+01,  0.45898289E-09,  0.26937056E+01
    2428.,  0.17374849E+02,  0.95482004E+02, -0.16444554E+02,  0.44864930E+01,  0.46771413E-09,  0.29908257E+01
    2429.,  0.18312349E+02,  0.95482004E+02, -0.16444554E+02,  0.44381645E+01,  0.47643601E-09,  0.32879458E+01
    2430.,  0.33123489E+01,  0.95482004E+02, -0.17170596E+02,  0.54415241E+01,  0.35663845E-09, -0.14285480E+01
    2431.,  0.42498489E+01,  0.95482004E+02, -0.17170596E+02,  0.53931955E+01,  0.36536109E-09, -0.11314279E+01
    2432.,  0.51873489E+01,  0.95482004E+02, -0.17170596E+02,  0.53448670E+01,  0.37409064E-09, -0.83430783E+00
    2433.,  0.61248489E+01,  0.95482004E+02, -0.17170596E+02,  0.52965385E+01,  0.38281463E-09, -0.53718773E+00
    2434.,  0.70623489E+01,  0.95482004E+02, -0.17170596E+02,  0.52482099E+01,  0.39153780E-09, -0.24006763E+00
    2435.,  0.79998489E+01,  0.95482004E+02, -0.17170596E+02,  0.51998814E+01,  0.40026284E-09,  0.57052468E-01
    2436.,  0.89373489E+01,  0.95482004E+02, -0.17170596E+02,  0.51515529E+01,  0.40898715E-09,  0.35417257E+00
    2437.,  0.98748489E+01,  0.95482004E+02, -0.17170596E+02,  0.51032243E+01,  0.41770157E-09,  0.65129267E+00
    2438.,  0.10812349E+02,  0.95482004E+02, -0.17170596E+02,  0.50548958E+01,  0.42643924E-09,  0.94841277E+00
    2439.,  0.11749849E+02,  0.95482004E+02, -0.17170596E+02,  0.50065673E+01,  0.43516092E-09,  0.12455329E+01
    2440.,  0.12687349E+02,  0.95482004E+02, -0.17170596E+02,  0.49582387E+01,  0.44388747E-09,  0.15426530E+01
    2441.,  0.13624849E+02,  0.95482004E+02, -0.17170596E+02,  0.49099102E+01,  0.45261045E-09,  0.18397731E+01
    2442.,  0.14562349E+02,  0.95482004E+02, -0.17170596E+02,  0.48615816E+01,  0.46134493E-09,  0.21368932E+01
    2443.,  0.15499849E+02,  0.95482004E+02, -0.17170596E+02,  0.48132531E+01,  0.47006993E-09,  0.24340133E+01
    2444.,  0.16437349E+02,  0.95482004E+02, -0.17170596E+02,  0.47649246E+01,  0.47879186E-09,  0.27311334E+01
    2445.,  0.17374849E+02,  0.95482004E+02, -0.17170596E+02,  0.47165960E+01,  0.48751687E-09,  0.30282535E+01
    2446.,  0.18312349E+02,  0.95482004E+02, -0.17170596E+02,  0.46682675E+01,  0.49623511E-09,  0.33253736E+01
    2447.,  0.33123489E+01,  0.95482004E+02, -0.17896637E+02,  0.56716271E+01,  0.37642919E-09, -0.13911203E+01
    2448.,  0.42498489E+01,  0.95482004E+02, -0.17896637E+02,  0.56232985E+01,  0.38516960E-09, -0.10940002E+01
    2449.,  0.51873489E+01,  0.95482004E+02, -0.17896637E+02,  0.55749700E+01,  0.39389917E-09, -0.79688007E+00
    2450.,  0.61248489E+01,  0.95482004E+02, -0.17896637E+02,  0.55266415E+01,  0.40261446E-09, -0.49975997E+00
    2451.,  0.70623489E+01,  0.95482004E+02, -0.17896637E+02,  0.54783129E+01,  0.41134140E-09, -0.20263987E+00
    2452.,  0.79998489E+01,  0.95482004E+02, -0.17896637E+02,  0.54299844E+01,  0.42006525E-09,  0.94480232E-01
    2453.,  0.89373489E+01,  0.95482004E+02, -0.17896637E+02,  0.53816559E+01,  0.42879140E-09,  0.39160033E+00
    2454.,  0.98748489E+01,  0.95482004E+02, -0.17896637E+02,  0.53333273E+01,  0.43751055E-09,  0.68872043E+00
    2455.,  0.10812349E+02,  0.95482004E+02, -0.17896637E+02,  0.52849988E+01,  0.44624748E-09,  0.98584053E+00
    2456.,  0.11749849E+02,  0.95482004E+02, -0.17896637E+02,  0.52366703E+01,  0.45496124E-09,  0.12829606E+01
    2457.,  0.12687349E+02,  0.95482004E+02, -0.17896637E+02,  0.51883417E+01,  0.46369398E-09,  0.15800807E+01
    2458.,  0.13624849E+02,  0.95482004E+02, -0.17896637E+02,  0.51400132E+01,  0.47241912E-09,  0.18772008E+01
    2459.,  0.14562349E+02,  0.95482004E+02, -0.17896637E+02,  0.50916847E+01,  0.48114524E-09,  0.21743209E+01
    2460.,  0.15499849E+02,  0.95482004E+02, -0.17896637E+02,  0.50433561E+01,  0.48986965E-09,  0.24714410E+01
    2461.,  0.16437349E+02,  0.95482004E+02, -0.17896637E+02,  0.49950276E+01,  0.49858782E-09,  0.27685611E+01
    2462.,  0.17374849E+02,  0.95482004E+02, -0.17896637E+02,  0.49466991E+01,  0.50732385E-09,  0.30656812E+01
    2463.,  0.18312349E+02,  0.95482004E+02, -0.17896637E+02,  0.48983705E+01,  0.51604555E-09,  0.33628013E+01
    2464.,  0.33123489E+01,  0.95482004E+02, -0.18622679E+02,  0.59017301E+01,  0.39624299E-09, -0.13536925E+01
    2465.,  0.42498489E+01,  0.95482004E+02, -0.18622679E+02,  0.58534015E+01,  0.40497680E-09, -0.10565724E+01
    2466.,  0.51873489E+01,  0.95482004E+02, -0.18622679E+02,  0.58050730E+01,  0.41369314E-09, -0.75945230E+00
    2467.,  0.61248489E+01,  0.95482004E+02, -0.18622679E+02,  0.57567445E+01,  0.42241909E-09, -0.46233220E+00
    2468.,  0.70623489E+01,  0.95482004E+02, -0.18622679E+02,  0.57084159E+01,  0.43114341E-09, -0.16521210E+00
    2469.,  0.79998489E+01,  0.95482004E+02, -0.18622679E+02,  0.56600874E+01,  0.43986666E-09,  0.13190800E+00
    2470.,  0.89373489E+01,  0.95482004E+02, -0.18622679E+02,  0.56117589E+01,  0.44859794E-09,  0.42902810E+00
    2471.,  0.98748489E+01,  0.95482004E+02, -0.18622679E+02,  0.55634303E+01,  0.45732293E-09,  0.72614820E+00
    2472.,  0.10812349E+02,  0.95482004E+02, -0.18622679E+02,  0.55151018E+01,  0.46604913E-09,  0.10232683E+01
    2473.,  0.11749849E+02,  0.95482004E+02, -0.18622679E+02,  0.54667733E+01,  0.47477485E-09,  0.13203884E+01
    2474.,  0.12687349E+02,  0.95482004E+02, -0.18622679E+02,  0.54184447E+01,  0.48350022E-09,  0.16175085E+01
    2475.,  0.13624849E+02,  0.95482004E+02, -0.18622679E+02,  0.53701162E+01,  0.49222326E-09,  0.19146286E+01
    2476.,  0.14562349E+02,  0.95482004E+02, -0.18622679E+02,  0.53217877E+01,  0.50093891E-09,  0.22117487E+01
    2477.,  0.15499849E+02,  0.95482004E+02, -0.18622679E+02,  0.52734591E+01,  0.50966934E-09,  0.25088688E+01
    2478.,  0.16437349E+02,  0.95482004E+02, -0.18622679E+02,  0.52251306E+01,  0.51840192E-09,  0.28059889E+01
    2479.,  0.17374849E+02,  0.95482004E+02, -0.18622679E+02,  0.51768021E+01,  0.52712773E-09,  0.31031090E+01
    2480.,  0.18312349E+02,  0.95482004E+02, -0.18622679E+02,  0.51284735E+01,  0.53584738E-09,  0.34002291E+01
