node,x_mm,y_mm,z_mm,ux_mm,uy_mm,uz_mm
       1.,  0.88907483E+01,  0.19809384E+02, -0.11976790E+01,  0.61246233E-03,  0.35668256E-02,  0.15930684E-03
       2.,  0.90216325E+01,  0.19933067E+02, -0.11976790E+01,  0.58307714E-03,  0.35248860E-02,  0.16504945E-03
       3.,  0.91795178E+01,  0.20062336E+02, -0.11976790E+01,  0.56049685E-03,  0.34518737E-02,  0.16146942E-03
       4.,  0.93688664E+01,  0.20193475E+02, -0.11976790E+01,  0.55297135E-03,  0.33407387E-02,  0.15763498E-03
       5.,  0.95933411E+01,  0.20320634E+02, -0.11976790E+01,  0.56932864E-03,  0.31905454E-02,  0.15389812E-03
       6.,  0.98545190E+01,  0.20435670E+02, -0.11976790E+01,  0.61813734E-03,  0.30111813E-02,  0.15129237E-03
       7.,  0.10150303E+02,  0.20528699E+02, -0.11976790E+01,  0.69993044E-03,  0.28291513E-02,  0.14957158E-03
       8.,  0.10473624E+02,  0.20589699E+02, -0.11976790E+01,  0.80272879E-03,  0.26821169E-02,  0.14755187E-03
       9.,  0.10812349E+02,  0.20610999E+02, -0.11976790E+01,  0.90255412E-03,  0.26023945E-02,  0.14549428E-03
      10.,  0.11151074E+02,  0.20589699E+02, -0.11976790E+01,  0.97217341E-03,  0.25976904E-02,  0.14419771E-03
      11.,  0.11474394E+02,  0.20528699E+02, -0.11976790E+01,  0.99304083E-03,  0.26463083E-02,  0.14346216E-03
      12.,  0.11770179E+02,  0.20435670E+02, -0.11976790E+01,  0.96239002E-03,  0.27123556E-02,  0.14210182E-03
      13.,  0.12031357E+02,  0.20320634E+02, -0.11976790E+01,  0.89060587E-03,  0.27656155E-02,  0.14066858E-03
      14.,  0.12255831E+02,  0.20193475E+02, -0.11976790E+01,  0.79418969E-03,  0.27914671E-02,  0.13878511E-03
      15.,  0.12445180E+02,  0.20062336E+02, -0.11976790E+01,  0.68804092E-03,  0.27885851E-02,  0.13910744E-03
      16.,  0.12603065E+02,  0.19933067E+02, -0.11976790E+01,  0.58328214E-03,  0.27629283E-02,  0.13744904E-03
      17.,  0.12733950E+02,  0.19809384E+02, -0.11976790E+01,  0.48597864E-03,  0.27220967E-02,  0.14173612E-03
      18.,  0.12856786E+02,  0.19676715E+02, -0.11976790E+01,  0.38711011E-03,  0.26652410E-02,  0.14065679E-03
      19.,  0.12984638E+02,  0.19517209E+02, -0.11976790E+01,  0.27721194E-03,  0.25839929E-02,  0.14392232E-03
      20.,  0.13113701E+02,  0.19326645E+02, -0.11976790E+01,  0.16047978E-03,  0.24760235E-02,  0.14530293E-03
      21.,  0.13238114E+02,  0.19101688E+02, -0.11976790E+01,  0.43208336E-04,  0.23416674E-02,  0.14618149E-03
      22.,  0.13349872E+02,  0.18841125E+02, -0.11976790E+01, -0.66187591E-04,  0.21858642E-02,  0.14638113E-03
      23.,  0.13439432E+02,  0.18547351E+02, -0.11976790E+01, -0.15937319E-03,  0.20183098E-02,  0.14645735E-03
      24.,  0.13497286E+02,  0.18227513E+02, -0.11976790E+01, -0.23085444E-03,  0.18513795E-02,  0.14674227E-03
      25.,  0.13516315E+02,  0.17893479E+02, -0.11976790E+01, -0.27967711E-03,  0.16969555E-02,  0.14726970E-03
      26.,  0.13493999E+02,  0.17560060E+02, -0.11976790E+01, -0.30914396E-03,  0.15632006E-02,  0.14776006E-03
      27.,  0.13433285E+02,  0.17241936E+02, -0.11976790E+01, -0.32452014E-03,  0.14533405E-02,  0.14802249E-03
      28.,  0.13341575E+02,  0.16950635E+02, -0.11976790E+01, -0.33075669E-03,  0.13665570E-02,  0.14811383E-03
      29.,  0.13228459E+02,  0.16692904E+02, -0.11976790E+01, -0.33145021E-03,  0.12998156E-02,  0.14813421E-03
      30.,  0.13103404E+02,  0.16470794E+02, -0.11976790E+01, -0.32887289E-03,  0.12494145E-02,  0.14813374E-03
      31.,  0.12974251E+02,  0.16282870E+02, -0.11976790E+01, -0.32438334E-03,  0.12118565E-02,  0.14812900E-03
      32.,  0.12846686E+02,  0.16125683E+02, -0.11976790E+01, -0.31879924E-03,  0.11841821E-02,  0.14812426E-03
      33.,  0.12724366E+02,  0.15994982E+02, -0.11976790E+01, -0.31265491E-03,  0.11640437E-02,  0.14812013E-03
      34.,  0.12592945E+02,  0.15872032E+02, -0.11976790E+01, -0.30530633E-03,  0.11478225E-02,  0.14811656E-03
      35.,  0.12434749E+02,  0.15743799E+02, -0.11976790E+01, -0.29551409E-03,  0.11343011E-02,  0.14811283E-03
      36.,  0.12245466E+02,  0.15614012E+02, -0.11976790E+01, -0.28251390E-03,  0.11252883E-02,  0.14810953E-03
      37.,  0.12021615E+02,  0.15488468E+02, -0.11976790E+01, -0.26533317E-03,  0.11231719E-02,  0.14810681E-03
      38.,  0.11761787E+02,  0.15375165E+02, -0.11976790E+01, -0.24286153E-03,  0.11308795E-02,  0.14810468E-03
      39.,  0.11468165E+02,  0.15283734E+02, -0.11976790E+01, -0.21400511E-03,  0.11515454E-02,  0.14810310E-03
      40.,  0.11147739E+02,  0.15223880E+02, -0.11976790E+01, -0.17796577E-03,  0.11877990E-02,  0.14810177E-03
      41.,  0.10812349E+02,  0.15202999E+02, -0.11976790E+01, -0.13458390E-03,  0.12407844E-02,  0.14810014E-03
      42.,  0.10476959E+02,  0.15223880E+02, -0.11976790E+01, -0.84593313E-04,  0.13093660E-02,  0.14809764E-03
      43.,  0.10156533E+02,  0.15283734E+02, -0.11976790E+01, -0.29615492E-04,  0.13900985E-02,  0.14809412E-03
      44.,  0.98629112E+01,  0.15375165E+02, -0.11976790E+01,  0.28156431E-04,  0.14781186E-02,  0.14809011E-03
      45.,  0.96030834E+01,  0.15488468E+02, -0.11976790E+01,  0.86438174E-04,  0.15684533E-02,  0.14808630E-03
      46.,  0.93792318E+01,  0.15614012E+02, -0.11976790E+01,  0.14326914E-03,  0.16570441E-02,  0.14808329E-03
      47.,  0.91899489E+01,  0.15743799E+02, -0.11976790E+01,  0.19722315E-03,  0.17411575E-02,  0.14808118E-03
      48.,  0.90317525E+01,  0.15872032E+02, -0.11976790E+01,  0.24742979E-03,  0.18192982E-02,  0.14807994E-03
      49.,  0.89003322E+01,  0.15994982E+02, -0.11976790E+01,  0.29345749E-03,  0.18908712E-02,  0.14808144E-03
      50.,  0.87780118E+01,  0.16125683E+02, -0.11976790E+01,  0.34061385E-03,  0.19643013E-02,  0.14808538E-03
      51.,  0.86504468E+01,  0.16282870E+02, -0.11976790E+01,  0.39532107E-03,  0.20499675E-02,  0.14809708E-03
      52.,  0.85212943E+01,  0.16470794E+02, -0.11976790E+01,  0.45810860E-03,  0.21497184E-02,  0.14812742E-03
      53.,  0.83962388E+01,  0.16692904E+02, -0.11976790E+01,  0.52871470E-03,  0.22653525E-02,  0.14820214E-03
      54.,  0.82831228E+01,  0.16950635E+02, -0.11976790E+01,  0.60528640E-03,  0.23982393E-02,  0.14838077E-03
      55.,  0.81914125E+01,  0.17241936E+02, -0.11976790E+01,  0.68346305E-03,  0.25486625E-02,  0.14874675E-03
      56.,  0.81306984E+01,  0.17560060E+02, -0.11976790E+01,  0.75585421E-03,  0.27147263E-02,  0.14925125E-03
      57.,  0.81083827E+01,  0.17893479E+02, -0.11976790E+01,  0.81289715E-03,  0.28910202E-02,  0.14971610E-03
      58.,  0.81274120E+01,  0.18227513E+02, -0.11976790E+01,  0.84580000E-03,  0.30679004E-02,  0.14996245E-03
      59.,  0.81852658E+01,  0.18547351E+02, -0.11976790E+01,  0.85045085E-03,  0.32326596E-02,  0.15014182E-03
      60.,  0.82748255E+01,  0.18841125E+02, -0.11976790E+01,  0.82933172E-03,  0.33727579E-02,  0.15071401E-03
      61.,  0.83865843E+01,  0.19101688E+02, -0.11976790E+01,  0.78989104E-03,  0.34793727E-02,  0.15228914E-03
      62.,  0.85109971E+01,  0.19326645E+02, -0.11976790E+01,  0.74129530E-03,  0.35490380E-02,  0.15557504E-03
      63.,  0.86400595E+01,  0.19517209E+02, -0.11976790E+01,  0.69206587E-03,  0.35830298E-02,  0.15936657E-03
      64.,  0.87679120E+01,  0.19676715E+02, -0.11976790E+01,  0.64811678E-03,  0.35865495E-02,  0.16476527E-03
      65.,  0.85521705E+01,  0.20144576E+02, -0.11976790E+01,  0.65029904E-03,  0.36511868E-02,  0.13586988E-03
      66.,  0.87061158E+01,  0.20290051E+02, -0.11976790E+01,  0.64526168E-03,  0.36344310E-02,  0.12363226E-03
      67.,  0.88918198E+01,  0.20442097E+02, -0.11976790E+01,  0.65701600E-03,  0.35814008E-02,  0.12779358E-03
      68.,  0.91145309E+01,  0.20596343E+02, -0.11976790E+01,  0.69030668E-03,  0.34781446E-02,  0.13363050E-03
      69.,  0.93785571E+01,  0.20745907E+02, -0.11976790E+01,  0.74861089E-03,  0.33147357E-02,  0.13894825E-03
      70.,  0.96857534E+01,  0.20881211E+02, -0.11976790E+01,  0.82513689E-03,  0.30990879E-02,  0.14280764E-03
      71.,  0.10033654E+02,  0.20990632E+02, -0.11976790E+01,  0.90453837E-03,  0.28656061E-02,  0.14563136E-03
      72.,  0.10413942E+02,  0.21062380E+02, -0.11976790E+01,  0.96934078E-03,  0.26724792E-02,  0.14925948E-03
      73.,  0.10812349E+02,  0.21087432E+02, -0.11976790E+01,  0.10096170E-02,  0.25737470E-02,  0.15284771E-03
      74.,  0.11210756E+02,  0.21062380E+02, -0.11976790E+01,  0.10257070E-02,  0.25816759E-02,  0.15495653E-03
      75.,  0.11591044E+02,  0.20990632E+02, -0.11976790E+01,  0.10215404E-02,  0.26575920E-02,  0.15597677E-03
      76.,  0.11938944E+02,  0.20881211E+02, -0.11976790E+01,  0.99736935E-03,  0.27424223E-02,  0.15819822E-03
      77.,  0.12246141E+02,  0.20745907E+02, -0.11976790E+01,  0.95149907E-03,  0.27936749E-02,  0.16050009E-03
      78.,  0.12510167E+02,  0.20596343E+02, -0.11976790E+01,  0.88425677E-03,  0.27977262E-02,  0.16357289E-03
      79.,  0.12732878E+02,  0.20442097E+02, -0.11976790E+01,  0.80121617E-03,  0.27617770E-02,  0.16290742E-03
      80.,  0.12918582E+02,  0.20290051E+02, -0.11976790E+01,  0.70922051E-03,  0.27000417E-02,  0.16606456E-03
      81.,  0.13072527E+02,  0.20144576E+02, -0.11976790E+01,  0.61573264E-03,  0.26260368E-02,  0.15772241E-03
      82.,  0.13217007E+02,  0.19988531E+02, -0.11976790E+01,  0.51272128E-03,  0.25374123E-02,  0.16048038E-03
      83.,  0.13367387E+02,  0.19800921E+02, -0.11976790E+01,  0.38997525E-03,  0.24266531E-02,  0.15487505E-03
      84.,  0.13519189E+02,  0.19576781E+02, -0.11976790E+01,  0.25007587E-03,  0.22961155E-02,  0.15246332E-03
      85.,  0.13665523E+02,  0.19312187E+02, -0.11976790E+01,  0.10124455E-03,  0.21524944E-02,  0.15120404E-03
      86.,  0.13796973E+02,  0.19005714E+02, -0.11976790E+01, -0.43383233E-04,  0.20055467E-02,  0.15102997E-03
      87.,  0.13902313E+02,  0.18660178E+02, -0.11976790E+01, -0.16842068E-03,  0.18649434E-02,  0.15098924E-03
      88.,  0.13970360E+02,  0.18283987E+02, -0.11976790E+01, -0.26164991E-03,  0.17376765E-02,  0.15051285E-03
      89.,  0.13992743E+02,  0.17891097E+02, -0.11976790E+01, -0.31940028E-03,  0.16263617E-02,  0.14952409E-03
      90.,  0.13966495E+02,  0.17498931E+02, -0.11976790E+01, -0.34689740E-03,  0.15304477E-02,  0.14861856E-03
      91.,  0.13895083E+02,  0.17124755E+02, -0.11976790E+01, -0.35390094E-03,  0.14484272E-02,  0.14817823E-03
      92.,  0.13787214E+02,  0.16782128E+02, -0.11976790E+01, -0.34970517E-03,  0.13790415E-02,  0.14805378E-03
      93.,  0.13654167E+02,  0.16478985E+02, -0.11976790E+01, -0.34072732E-03,  0.13212608E-02,  0.14803600E-03
      94.,  0.13507078E+02,  0.16217741E+02, -0.11976790E+01, -0.33053109E-03,  0.12739769E-02,  0.14804365E-03
      95.,  0.13355169E+02,  0.15996705E+02, -0.11976790E+01, -0.32077504E-03,  0.12359088E-02,  0.14805469E-03
      96.,  0.13205128E+02,  0.15811822E+02, -0.11976790E+01, -0.31208450E-03,  0.12056966E-02,  0.14806417E-03
      97.,  0.13061255E+02,  0.15658093E+02, -0.11976790E+01, -0.30457206E-03,  0.11820098E-02,  0.14807196E-03
      98.,  0.12906679E+02,  0.15513479E+02, -0.11976790E+01, -0.29731264E-03,  0.11613284E-02,  0.14807848E-03
      99.,  0.12720609E+02,  0.15362652E+02, -0.11976790E+01, -0.28954213E-03,  0.11420843E-02,  0.14808524E-03
     100.,  0.12497975E+02,  0.15209997E+02, -0.11976790E+01, -0.28134323E-03,  0.11262547E-02,  0.14809111E-03
     101.,  0.12234682E+02,  0.15062333E+02, -0.11976790E+01, -0.27273737E-03,  0.11168409E-02,  0.14809578E-03
     102.,  0.11929074E+02,  0.14929066E+02, -0.11976790E+01, -0.26348872E-03,  0.11179803E-02,  0.14809937E-03
     103.,  0.11583717E+02,  0.14821525E+02, -0.11976790E+01, -0.25281307E-03,  0.11346698E-02,  0.14810197E-03
     104.,  0.11206833E+02,  0.14751125E+02, -0.11976790E+01, -0.23910144E-03,  0.11717509E-02,  0.14810405E-03
     105.,  0.10812349E+02,  0.14726566E+02, -0.11976790E+01, -0.21997719E-03,  0.12321593E-02,  0.14810666E-03
     106.,  0.10417865E+02,  0.14751125E+02, -0.11976790E+01, -0.19297231E-03,  0.13152079E-02,  0.14811093E-03
     107.,  0.10040981E+02,  0.14821525E+02, -0.11976790E+01, -0.15661999E-03,  0.14161567E-02,  0.14811716E-03
     108.,  0.96956242E+01,  0.14929066E+02, -0.11976790E+01, -0.11122433E-03,  0.15276103E-02,  0.14812447E-03
     109.,  0.93900159E+01,  0.15062333E+02, -0.11976790E+01, -0.58749081E-04,  0.16418497E-02,  0.14813153E-03
     110.,  0.91267226E+01,  0.15209997E+02, -0.11976790E+01, -0.20221776E-05,  0.17526823E-02,  0.14813729E-03
     111.,  0.89040889E+01,  0.15362652E+02, -0.11976790E+01,  0.56132800E-04,  0.18561427E-02,  0.14814197E-03
     112.,  0.87180189E+01,  0.15513479E+02, -0.11976790E+01,  0.11342640E-03,  0.19502802E-02,  0.14814573E-03
     113.,  0.85634430E+01,  0.15658093E+02, -0.11976790E+01,  0.16828170E-03,  0.20346019E-02,  0.14814502E-03
     114.,  0.84195702E+01,  0.15811822E+02, -0.11976790E+01,  0.22645217E-03,  0.21189574E-02,  0.14814137E-03
     115.,  0.82695288E+01,  0.15996705E+02, -0.11976790E+01,  0.29604287E-03,  0.22142915E-02,  0.14812663E-03
     116.,  0.81176202E+01,  0.16217741E+02, -0.11976790E+01,  0.37835229E-03,  0.23208454E-02,  0.14808503E-03
     117.,  0.79705304E+01,  0.16478985E+02, -0.11976790E+01,  0.47346476E-03,  0.24379820E-02,  0.14797842E-03
     118.,  0.78374839E+01,  0.16782128E+02, -0.11976790E+01,  0.57893059E-03,  0.25639304E-02,  0.14769046E-03
     119.,  0.77296146E+01,  0.17124755E+02, -0.11976790E+01,  0.68803929E-03,  0.26958360E-02,  0.14703170E-03
     120.,  0.76582029E+01,  0.17498931E+02, -0.11976790E+01,  0.78873362E-03,  0.28304371E-02,  0.14607489E-03
     121.,  0.76319554E+01,  0.17891097E+02, -0.11976790E+01,  0.86521165E-03,  0.29651621E-02,  0.14519340E-03
     122.,  0.76543375E+01,  0.18283987E+02, -0.11976790E+01,  0.90365064E-03,  0.30984989E-02,  0.14479983E-03
     123.,  0.77223849E+01,  0.18660178E+02, -0.11976790E+01,  0.89973700E-03,  0.32284942E-02,  0.14459582E-03
     124.,  0.78277247E+01,  0.19005714E+02, -0.11976790E+01,  0.86183960E-03,  0.33507912E-02,  0.14375057E-03
     125.,  0.79591749E+01,  0.19312187E+02, -0.11976790E+01,  0.80631930E-03,  0.34588597E-02,  0.14157151E-03
     126.,  0.81055087E+01,  0.19576781E+02, -0.11976790E+01,  0.74933331E-03,  0.35462733E-02,  0.13691323E-03
     127.,  0.82573113E+01,  0.19800921E+02, -0.11976790E+01,  0.70162281E-03,  0.36084843E-02,  0.13095296E-03
     128.,  0.84076909E+01,  0.19988531E+02, -0.11976790E+01,  0.66843980E-03,  0.36430618E-02,  0.12325225E-03
     129.,  0.82135926E+01,  0.20479768E+02, -0.11976790E+01,  0.75466508E-03,  0.38283486E-02,  0.12360142E-03
     130.,  0.83905992E+01,  0.20647036E+02, -0.11976790E+01,  0.75637313E-03,  0.38208534E-02,  0.16442796E-03
     131.,  0.86041219E+01,  0.20821859E+02, -0.11976790E+01,  0.77515463E-03,  0.37691106E-02,  0.17153782E-03
     132.,  0.88601954E+01,  0.20999210E+02, -0.11976790E+01,  0.82420902E-03,  0.36507435E-02,  0.16913684E-03
     133.,  0.91637731E+01,  0.21171179E+02, -0.11976790E+01,  0.90078547E-03,  0.34549668E-02,  0.16346908E-03
     134.,  0.95169878E+01,  0.21326752E+02, -0.11976790E+01,  0.99341212E-03,  0.31892064E-02,  0.15733588E-03
     135.,  0.99170042E+01,  0.21452564E+02, -0.11976790E+01,  0.10824052E-02,  0.28965362E-02,  0.15165977E-03
     136.,  0.10354260E+02,  0.21535060E+02, -0.11976790E+01,  0.11469622E-02,  0.26543645E-02,  0.14459296E-03
     137.,  0.10812349E+02,  0.21563866E+02, -0.11976790E+01,  0.11751579E-02,  0.25371828E-02,  0.13968098E-03
     138.,  0.11270437E+02,  0.21535060E+02, -0.11976790E+01,  0.11693278E-02,  0.25613507E-02,  0.13629537E-03
     139.,  0.11707694E+02,  0.21452564E+02, -0.11976790E+01,  0.11388485E-02,  0.26709679E-02,  0.13437017E-03
     140.,  0.12107710E+02,  0.21326752E+02, -0.11976790E+01,  0.10917847E-02,  0.27851165E-02,  0.13071385E-03
     141.,  0.12460925E+02,  0.21171179E+02, -0.11976790E+01,  0.10296812E-02,  0.28498131E-02,  0.12854928E-03
     142.,  0.12764503E+02,  0.20999210E+02, -0.11976790E+01,  0.95300634E-03,  0.28517738E-02,  0.12385303E-03
     143.,  0.13020576E+02,  0.20821859E+02, -0.11976790E+01,  0.86200850E-03,  0.28020072E-02,  0.12782560E-03
     144.,  0.13234099E+02,  0.20647036E+02, -0.11976790E+01,  0.76428601E-03,  0.27210129E-02,  0.11952552E-03
     145.,  0.13411105E+02,  0.20479768E+02, -0.11976790E+01,  0.66454471E-03,  0.26255262E-02,  0.14187436E-03
     146.,  0.13577228E+02,  0.20300348E+02, -0.11976790E+01,  0.55522459E-03,  0.25147508E-02,  0.12731425E-03
     147.,  0.13750135E+02,  0.20084633E+02, -0.11976790E+01,  0.42409967E-03,  0.23782342E-02,  0.13672175E-03
     148.,  0.13924678E+02,  0.19826917E+02, -0.11976790E+01,  0.27493309E-03,  0.22221531E-02,  0.14072304E-03
     149.,  0.14092932E+02,  0.19522686E+02, -0.11976790E+01,  0.11570974E-03,  0.20575957E-02,  0.14331359E-03
     150.,  0.14244074E+02,  0.19170303E+02, -0.11976790E+01, -0.39863796E-04,  0.18973431E-02,  0.14333729E-03
     151.,  0.14365194E+02,  0.18773005E+02, -0.11976790E+01, -0.17444807E-03,  0.17548404E-02,  0.14296739E-03
     152.,  0.14443435E+02,  0.18340460E+02, -0.11976790E+01, -0.27463881E-03,  0.16377052E-02,  0.14374195E-03
     153.,  0.14469170E+02,  0.17888715E+02, -0.11976790E+01, -0.33639674E-03,  0.15453089E-02,  0.14570205E-03
     154.,  0.14438990E+02,  0.17437802E+02, -0.11976790E+01, -0.36521715E-03,  0.14714355E-02,  0.14741624E-03
     155.,  0.14356881E+02,  0.17007574E+02, -0.11976790E+01, -0.37155200E-03,  0.14094786E-02,  0.14814158E-03
     156.,  0.14232853E+02,  0.16613621E+02, -0.11976790E+01, -0.36569274E-03,  0.13554497E-02,  0.14826995E-03
     157.,  0.14079876E+02,  0.16265067E+02, -0.11976790E+01, -0.35500304E-03,  0.13079205E-02,  0.14825455E-03
     158.,  0.13910752E+02,  0.15964688E+02, -0.11976790E+01, -0.34367516E-03,  0.12666708E-02,  0.14822222E-03
     159.,  0.13736087E+02,  0.15710541E+02, -0.11976790E+01, -0.33362776E-03,  0.12316519E-02,  0.14819460E-03
     160.,  0.13563569E+02,  0.15497962E+02, -0.11976790E+01, -0.32547700E-03,  0.12025802E-02,  0.14817355E-03
     161.,  0.13398144E+02,  0.15321204E+02, -0.11976790E+01, -0.31921508E-03,  0.11789240E-02,  0.14815740E-03
     162.,  0.13220412E+02,  0.15154926E+02, -0.11976790E+01, -0.31403045E-03,  0.11575697E-02,  0.14814530E-03
     163.,  0.13006469E+02,  0.14981506E+02, -0.11976790E+01, -0.30965674E-03,  0.11370057E-02,  0.14813257E-03
     164.,  0.12750484E+02,  0.14805982E+02, -0.11976790E+01, -0.30666351E-03,  0.11193990E-02,  0.14812174E-03
     165.,  0.12447749E+02,  0.14636198E+02, -0.11976790E+01, -0.30555740E-03,  0.11081963E-02,  0.14811352E-03
     166.,  0.12096361E+02,  0.14482968E+02, -0.11976790E+01, -0.30643870E-03,  0.11083578E-02,  0.14810744E-03
     167.,  0.11699269E+02,  0.14359317E+02, -0.11976790E+01, -0.30845688E-03,  0.11260674E-02,  0.14810332E-03
     168.,  0.11265927E+02,  0.14278371E+02, -0.11976790E+01, -0.30928917E-03,  0.11674881E-02,  0.14810026E-03
     169.,  0.10812349E+02,  0.14250132E+02, -0.11976790E+01, -0.30514369E-03,  0.12365251E-02,  0.14809626E-03
     170.,  0.10358770E+02,  0.14278371E+02, -0.11976790E+01, -0.29173620E-03,  0.13325755E-02,  0.14808899E-03
     171.,  0.99254285E+01,  0.14359317E+02, -0.11976790E+01, -0.26596173E-03,  0.14499070E-02,  0.14807766E-03
     172.,  0.95283373E+01,  0.14482968E+02, -0.11976790E+01, -0.22718261E-03,  0.15793950E-02,  0.14806384E-03
     173.,  0.91769484E+01,  0.14636198E+02, -0.11976790E+01, -0.17727404E-03,  0.17114934E-02,  0.14805002E-03
     174.,  0.88742135E+01,  0.14805982E+02, -0.11976790E+01, -0.11962291E-03,  0.18386033E-02,  0.14803799E-03
     175.,  0.86182289E+01,  0.14981506E+02, -0.11976790E+01, -0.57915270E-04,  0.19559649E-02,  0.14802624E-03
     176.,  0.84042854E+01,  0.15154926E+02, -0.11976790E+01,  0.46890889E-05,  0.20613834E-02,  0.14801453E-03
     177.,  0.82265537E+01,  0.15321204E+02, -0.11976790E+01,  0.65871279E-04,  0.21544588E-02,  0.14801175E-03
     178.,  0.80611286E+01,  0.15497962E+02, -0.11976790E+01,  0.13178774E-03,  0.22460776E-02,  0.14800820E-03
     179.,  0.78886108E+01,  0.15710541E+02, -0.11976790E+01,  0.21175677E-03,  0.23475708E-02,  0.14801830E-03
     180.,  0.77139460E+01,  0.15964688E+02, -0.11976790E+01,  0.30755268E-03,  0.24580635E-02,  0.14806375E-03
     181.,  0.75448220E+01,  0.16265067E+02, -0.11976790E+01,  0.41958125E-03,  0.25755236E-02,  0.14819113E-03
     182.,  0.73918450E+01,  0.16613621E+02, -0.11976790E+01,  0.54526507E-03,  0.26968124E-02,  0.14863603E-03
     183.,  0.72678168E+01,  0.17007574E+02, -0.11976790E+01,  0.67702171E-03,  0.28185248E-02,  0.14982847E-03
     184.,  0.71857075E+01,  0.17437802E+02, -0.11976790E+01,  0.80103427E-03,  0.29387732E-02,  0.15171941E-03
     185.,  0.71555280E+01,  0.17888715E+02, -0.11976790E+01,  0.89908865E-03,  0.30589427E-02,  0.15365387E-03
     186.,  0.71812629E+01,  0.18340460E+02, -0.11976790E+01,  0.95491845E-03,  0.31829517E-02,  0.15424377E-03
     187.,  0.72595040E+01,  0.18773005E+02, -0.11976790E+01,  0.96259236E-03,  0.33129154E-02,  0.15405720E-03
     188.,  0.73806238E+01,  0.19170303E+02, -0.11976790E+01,  0.93113324E-03,  0.34442831E-02,  0.15550283E-03
     189.,  0.75317654E+01,  0.19522686E+02, -0.11976790E+01,  0.88049836E-03,  0.35667190E-02,  0.15913996E-03
     190.,  0.77000203E+01,  0.19826917E+02, -0.11976790E+01,  0.83039866E-03,  0.36703732E-02,  0.16531441E-03
     191.,  0.78745632E+01,  0.20084633E+02, -0.11976790E+01,  0.79166901E-03,  0.37500438E-02,  0.16976632E-03
     192.,  0.80474698E+01,  0.20300348E+02, -0.11976790E+01,  0.76613485E-03,  0.38037732E-02,  0.17218179E-03
     193.,  0.78750147E+01,  0.20814960E+02, -0.11976790E+01,  0.87966114E-03,  0.40639841E-02,  0.40488708E-03
     194.,  0.80750825E+01,  0.21004020E+02, -0.11976790E+01,  0.87627333E-03,  0.40854727E-02,  0.27589742E-03
     195.,  0.83164240E+01,  0.21201620E+02, -0.11976790E+01,  0.91862996E-03,  0.40377168E-02,  0.19794702E-03
     196.,  0.86058599E+01,  0.21402078E+02, -0.11976790E+01,  0.99845355E-03,  0.39043591E-02,  0.16721581E-03
     197.,  0.89489891E+01,  0.21596451E+02, -0.11976790E+01,  0.11069505E-02,  0.36655508E-02,  0.15267632E-03
     198.,  0.93482222E+01,  0.21772294E+02, -0.11976790E+01,  0.12238461E-02,  0.33249294E-02,  0.14951832E-03
     199.,  0.98003546E+01,  0.21914497E+02, -0.11976790E+01,  0.13220239E-02,  0.29357775E-02,  0.15306883E-03
     200.,  0.10294579E+02,  0.22007741E+02, -0.11976790E+01,  0.13781112E-02,  0.26112461E-02,  0.15515643E-03
     201.,  0.10812349E+02,  0.22040299E+02, -0.11976790E+01,  0.13780652E-02,  0.24732358E-02,  0.14365634E-03
     202.,  0.11330119E+02,  0.22007741E+02, -0.11976790E+01,  0.13261611E-02,  0.25431917E-02,  0.14247333E-03
     203.,  0.11824343E+02,  0.21914497E+02, -0.11976790E+01,  0.12483539E-02,  0.27242862E-02,  0.14493525E-03
     204.,  0.12276476E+02,  0.21772294E+02, -0.11976790E+01,  0.11645935E-02,  0.28935574E-02,  0.14348643E-03
     205.,  0.12675709E+02,  0.21596451E+02, -0.11976790E+01,  0.10821448E-02,  0.29803565E-02,  0.13160317E-03
     206.,  0.13018838E+02,  0.21402078E+02, -0.11976790E+01,  0.99552982E-03,  0.29764178E-02,  0.12867140E-03
     207.,  0.13308274E+02,  0.21201620E+02, -0.11976790E+01,  0.90291563E-03,  0.29091272E-02,  0.11115517E-03
     208.,  0.13549615E+02,  0.21004020E+02, -0.11976790E+01,  0.79483109E-03,  0.28005461E-02,  0.13171602E-03
     209.,  0.13749683E+02,  0.20814960E+02, -0.11976790E+01,  0.68744230E-03,  0.26784597E-02,  0.79857039E-04
     210.,  0.13937449E+02,  0.20612164E+02, -0.11976790E+01,  0.56793759E-03,  0.25344519E-02,  0.14625561E-03
     211.,  0.14132883E+02,  0.20368345E+02, -0.11976790E+01,  0.42818651E-03,  0.23642185E-02,  0.14641090E-03
     212.,  0.14330166E+02,  0.20077052E+02, -0.11976790E+01,  0.27055192E-03,  0.21786838E-02,  0.14723708E-03
     213.,  0.14520342E+02,  0.19733186E+02, -0.11976790E+01,  0.10289812E-03,  0.19862392E-02,  0.14409523E-03
     214.,  0.14691175E+02,  0.19334892E+02, -0.11976790E+01, -0.56947349E-04,  0.18062974E-02,  0.14498954E-03
     215.,  0.14828075E+02,  0.18885832E+02, -0.11976790E+01, -0.19088814E-03,  0.16566000E-02,  0.14680504E-03
     216.,  0.14916509E+02,  0.18396933E+02, -0.11976790E+01, -0.28773904E-03,  0.15452172E-02,  0.14706886E-03
     217.,  0.14945597E+02,  0.17886333E+02, -0.11976790E+01, -0.34660710E-03,  0.14671594E-02,  0.14695175E-03
     218.,  0.14911486E+02,  0.17376673E+02, -0.11976790E+01, -0.37441205E-03,  0.14105726E-02,  0.14723943E-03
     219.,  0.14818679E+02,  0.16890393E+02, -0.11976790E+01, -0.38146162E-03,  0.13645664E-02,  0.14760157E-03
     220.,  0.14678492E+02,  0.16445114E+02, -0.11976790E+01, -0.37729599E-03,  0.13231386E-02,  0.14789402E-03
     221.,  0.14505584E+02,  0.16051148E+02, -0.11976790E+01, -0.36871827E-03,  0.12845755E-02,  0.14802470E-03
     222.,  0.14314426E+02,  0.15711634E+02, -0.11976790E+01, -0.35969027E-03,  0.12492574E-02,  0.14807736E-03
     223.,  0.14117005E+02,  0.15424376E+02, -0.11976790E+01, -0.35209160E-03,  0.12179408E-02,  0.14809768E-03
     224.,  0.13922011E+02,  0.15184101E+02, -0.11976790E+01, -0.34653410E-03,  0.11910622E-02,  0.14810909E-03
     225.,  0.13735033E+02,  0.14984315E+02, -0.11976790E+01, -0.34297485E-03,  0.11686344E-02,  0.14811549E-03
     226.,  0.13534146E+02,  0.14796374E+02, -0.11976790E+01, -0.34095116E-03,  0.11479904E-02,  0.14811220E-03
     227.,  0.13292329E+02,  0.14600359E+02, -0.11976790E+01, -0.34074783E-03,  0.11277845E-02,  0.14811184E-03
     228.,  0.13002994E+02,  0.14401968E+02, -0.11976790E+01, -0.34324901E-03,  0.11103034E-02,  0.14811134E-03
     229.,  0.12660817E+02,  0.14210063E+02, -0.11976790E+01, -0.34927277E-03,  0.10993261E-02,  0.14810927E-03
     230.,  0.12263647E+02,  0.14036870E+02, -0.11976790E+01, -0.35910546E-03,  0.11004402E-02,  0.14810693E-03
     231.,  0.11814821E+02,  0.13897109E+02, -0.11976790E+01, -0.37178047E-03,  0.11207871E-02,  0.14810441E-03
     232.,  0.11325022E+02,  0.13805617E+02, -0.11976790E+01, -0.38437756E-03,  0.11676471E-02,  0.14810163E-03
     233.,  0.10812349E+02,  0.13773699E+02, -0.11976790E+01, -0.39198551E-03,  0.12457731E-02,  0.14809865E-03
     234.,  0.10299676E+02,  0.13805617E+02, -0.11976790E+01, -0.38892200E-03,  0.13546254E-02,  0.14809582E-03
     235.,  0.98098764E+01,  0.13897109E+02, -0.11976790E+01, -0.37087675E-03,  0.14875449E-02,  0.14809367E-03
     236.,  0.93610504E+01,  0.14036870E+02, -0.11976790E+01, -0.33660450E-03,  0.16338189E-02,  0.14809284E-03
     237.,  0.89638810E+01,  0.14210063E+02, -0.11976790E+01, -0.28805195E-03,  0.17822727E-02,  0.14809401E-03
     238.,  0.86217043E+01,  0.14401968E+02, -0.11976790E+01, -0.22914839E-03,  0.19241173E-02,  0.14809757E-03
     239.,  0.83323689E+01,  0.14600359E+02, -0.11976790E+01, -0.16429652E-03,  0.20539839E-02,  0.14810846E-03
     240.,  0.80905518E+01,  0.14796374E+02, -0.11976790E+01, -0.97340747E-04,  0.21695366E-02,  0.14812490E-03
     241.,  0.78896645E+01,  0.14984315E+02, -0.11976790E+01, -0.31137523E-04,  0.22705346E-02,  0.14812935E-03
     242.,  0.77026871E+01,  0.15184101E+02, -0.11976790E+01,  0.40820291E-04,  0.23688660E-02,  0.14816715E-03
     243.,  0.75076928E+01,  0.15424376E+02, -0.11976790E+01,  0.12884119E-03,  0.24763247E-02,  0.14822381E-03
     244.,  0.73102719E+01,  0.15711634E+02, -0.11976790E+01,  0.23521809E-03,  0.25912354E-02,  0.14830926E-03
     245.,  0.71191136E+01,  0.16051148E+02, -0.11976790E+01,  0.36099502E-03,  0.27105586E-02,  0.14852074E-03
     246.,  0.69462061E+01,  0.16445114E+02, -0.11976790E+01,  0.50428390E-03,  0.28302237E-02,  0.14880808E-03
     247.,  0.68060189E+01,  0.16890393E+02, -0.11976790E+01,  0.65800049E-03,  0.29464560E-02,  0.14912010E-03
     248.,  0.67132120E+01,  0.17376673E+02, -0.11976790E+01,  0.80812640E-03,  0.30583549E-02,  0.14923585E-03
     249.,  0.66791006E+01,  0.17886333E+02, -0.11976790E+01,  0.93501424E-03,  0.31706343E-02,  0.14794041E-03
     250.,  0.67081884E+01,  0.18396933E+02, -0.11976790E+01,  0.10191013E-02,  0.32928798E-02,  0.14835720E-03
     251.,  0.67966230E+01,  0.18885832E+02, -0.11976790E+01,  0.10492583E-02,  0.34319065E-02,  0.15078900E-03
     252.,  0.69335230E+01,  0.19334892E+02, -0.11976790E+01,  0.10305079E-02,  0.35833350E-02,  0.15021396E-03
     253.,  0.71043560E+01,  0.19733186E+02, -0.11976790E+01,  0.98405756E-03,  0.37297305E-02,  0.15020836E-03
     254.,  0.72945319E+01,  0.20077052E+02, -0.11976790E+01,  0.93703107E-03,  0.38519648E-02,  0.15764326E-03
     255.,  0.74918150E+01,  0.20368345E+02, -0.11976790E+01,  0.90617705E-03,  0.39441784E-02,  0.18022151E-03
     256.,  0.76872487E+01,  0.20612164E+02, -0.11976790E+01,  0.89211469E-03,  0.40129677E-02,  0.23216400E-03
     257.,  0.75364368E+01,  0.21150152E+02, -0.11976790E+01,  0.98551882E-03,  0.43414580E-02, -0.98261174E-03
     258.,  0.77595659E+01,  0.21361005E+02, -0.11976790E+01,  0.10148689E-02,  0.44088657E-02, -0.59862487E-03
     259.,  0.80287260E+01,  0.21581381E+02, -0.11976790E+01,  0.11151070E-02,  0.43803687E-02, -0.23199118E-03
     260.,  0.83515244E+01,  0.21804945E+02, -0.11976790E+01,  0.12657008E-02,  0.42518937E-02, -0.94787107E-04
     261.,  0.87342051E+01,  0.22021724E+02, -0.11976790E+01,  0.14400663E-02,  0.39766208E-02,  0.11633302E-04
     262.,  0.91794566E+01,  0.22217835E+02, -0.11976790E+01,  0.15890480E-02,  0.35455777E-02,  0.75625459E-04
     263.,  0.96837050E+01,  0.22376429E+02, -0.11976790E+01,  0.16838032E-02,  0.30107607E-02,  0.98294747E-04
     264.,  0.10234897E+02,  0.22480421E+02, -0.11976790E+01,  0.17002601E-02,  0.25510529E-02,  0.14324209E-03
     265.,  0.10812349E+02,  0.22516732E+02, -0.11976790E+01,  0.16113850E-02,  0.23917504E-02,  0.24031366E-03
     266.,  0.11389801E+02,  0.22480421E+02, -0.11976790E+01,  0.14475203E-02,  0.25543807E-02,  0.26601165E-03
     267.,  0.11940993E+02,  0.22376429E+02, -0.11976790E+01,  0.12745633E-02,  0.28529272E-02,  0.26476914E-03
     268.,  0.12445241E+02,  0.22217835E+02, -0.11976790E+01,  0.11506333E-02,  0.30946287E-02,  0.29739972E-03
     269.,  0.12890493E+02,  0.22021724E+02, -0.11976790E+01,  0.10658251E-02,  0.31928958E-02,  0.37748744E-03
     270.,  0.13273173E+02,  0.21804945E+02, -0.11976790E+01,  0.99592042E-03,  0.31680819E-02,  0.43868502E-03
     271.,  0.13595972E+02,  0.21581381E+02, -0.11976790E+01,  0.91568637E-03,  0.30537627E-02,  0.49655517E-03
     272.,  0.13865132E+02,  0.21361005E+02, -0.11976790E+01,  0.83722295E-03,  0.29188131E-02,  0.45773923E-03
     273.,  0.14088261E+02,  0.21150152E+02, -0.11976790E+01,  0.70881954E-03,  0.27401332E-02,  0.55302016E-03
     274.,  0.14297670E+02,  0.20923980E+02, -0.11976790E+01,  0.57669602E-03,  0.25514424E-02,  0.29532297E-03
     275.,  0.14515631E+02,  0.20652057E+02, -0.11976790E+01,  0.42902882E-03,  0.23530137E-02,  0.22793195E-03
     276.,  0.14735654E+02,  0.20327188E+02, -0.11976790E+01,  0.25585146E-03,  0.21291256E-02,  0.20726494E-03
     277.,  0.14947751E+02,  0.19943685E+02, -0.11976790E+01,  0.75990940E-04,  0.19038342E-02,  0.20159146E-03
     278.,  0.15138276E+02,  0.19499481E+02, -0.11976790E+01, -0.86922040E-04,  0.17045268E-02,  0.19706314E-03
     279.,  0.15290956E+02,  0.18998659E+02, -0.11976790E+01, -0.21403482E-03,  0.15547655E-02,  0.19436461E-03
     280.,  0.15389584E+02,  0.18453406E+02, -0.11976790E+01, -0.30102694E-03,  0.14570887E-02,  0.18811610E-03
     281.,  0.15422025E+02,  0.17883951E+02, -0.11976790E+01, -0.35235689E-03,  0.13978546E-02,  0.17132218E-03
     282.,  0.15383981E+02,  0.17315544E+02, -0.11976790E+01, -0.37727290E-03,  0.13588628E-02,  0.15568711E-03
     283.,  0.15280477E+02,  0.16773212E+02, -0.11976790E+01, -0.38558474E-03,  0.13266473E-02,  0.14918303E-03
     284.,  0.15124131E+02,  0.16276607E+02, -0.11976790E+01, -0.38492990E-03,  0.12950361E-02,  0.14745029E-03
     285.,  0.14931293E+02,  0.15837230E+02, -0.11976790E+01, -0.38049322E-03,  0.12632778E-02,  0.14715925E-03
     286.,  0.14718100E+02,  0.15458581E+02, -0.11976790E+01, -0.37555355E-03,  0.12326301E-02,  0.14724020E-03
     287.,  0.14497923E+02,  0.15138211E+02, -0.11976790E+01, -0.37182714E-03,  0.12044653E-02,  0.14739939E-03
     288.,  0.14280452E+02,  0.14870241E+02, -0.11976790E+01, -0.36991896E-03,  0.11796610E-02,  0.14752062E-03
     289.,  0.14071923E+02,  0.14647425E+02, -0.11976790E+01, -0.36980589E-03,  0.11585837E-02,  0.14761834E-03
     290.,  0.13847880E+02,  0.14437821E+02, -0.11976790E+01, -0.37151210E-03,  0.11389067E-02,  0.14773413E-03
     291.,  0.13578189E+02,  0.14219212E+02, -0.11976790E+01, -0.37590192E-03,  0.11194449E-02,  0.14783698E-03
     292.,  0.13255503E+02,  0.13997953E+02, -0.11976790E+01, -0.38413465E-03,  0.11025545E-02,  0.14792242E-03
     293.,  0.12873884E+02,  0.13783928E+02, -0.11976790E+01, -0.39731133E-03,  0.10922490E-02,  0.14799433E-03
     294.,  0.12430934E+02,  0.13590771E+02, -0.11976790E+01, -0.41592006E-03,  0.10946528E-02,  0.14805056E-03
     295.,  0.11930373E+02,  0.13434901E+02, -0.11976790E+01, -0.43896046E-03,  0.11178366E-02,  0.14809168E-03
     296.,  0.11384116E+02,  0.13332863E+02, -0.11976790E+01, -0.46301620E-03,  0.11702850E-02,  0.14812452E-03
     297.,  0.10812349E+02,  0.13297266E+02, -0.11976790E+01, -0.48209699E-03,  0.12577642E-02,  0.14816540E-03
     298.,  0.10240582E+02,  0.13332863E+02, -0.11976790E+01, -0.48907687E-03,  0.13799113E-02,  0.14823281E-03
     299.,  0.96943244E+01,  0.13434901E+02, -0.11976790E+01, -0.47839166E-03,  0.15291014E-02,  0.14833195E-03
     300.,  0.91937635E+01,  0.13590771E+02, -0.11976790E+01, -0.44822892E-03,  0.16928883E-02,  0.14844736E-03
     301.,  0.87508135E+01,  0.13783928E+02, -0.11976790E+01, -0.40072397E-03,  0.18583505E-02,  0.14855494E-03
     302.,  0.83691952E+01,  0.13997953E+02, -0.11976790E+01, -0.34045251E-03,  0.20154948E-02,  0.14863850E-03
     303.,  0.80465089E+01,  0.14219212E+02, -0.11976790E+01, -0.27258563E-03,  0.21583959E-02,  0.14868721E-03
     304.,  0.77768183E+01,  0.14437821E+02, -0.11976790E+01, -0.20162369E-03,  0.22846492E-02,  0.14871878E-03
     305.,  0.75527752E+01,  0.14647425E+02, -0.11976790E+01, -0.13092784E-03,  0.23942162E-02,  0.14875847E-03
     306.,  0.73442455E+01,  0.14870241E+02, -0.11976790E+01, -0.53648526E-04,  0.25000865E-02,  0.14864494E-03
     307.,  0.71267748E+01,  0.15138211E+02, -0.11976790E+01,  0.41389129E-04,  0.26147609E-02,  0.14837109E-03
     308.,  0.69065978E+01,  0.15458581E+02, -0.11976790E+01,  0.15700150E-03,  0.27359259E-02,  0.14775920E-03
     309.,  0.66934053E+01,  0.15837230E+02, -0.11976790E+01,  0.29506691E-03,  0.28596389E-02,  0.14611446E-03
     310.,  0.65005672E+01,  0.16276607E+02, -0.11976790E+01,  0.45517797E-03,  0.29806131E-02,  0.14206180E-03
     311.,  0.63442210E+01,  0.16773212E+02, -0.11976790E+01,  0.63193401E-03,  0.30940644E-02,  0.13145651E-03
     312.,  0.62407166E+01,  0.17315544E+02, -0.11976790E+01,  0.81185904E-03,  0.31984619E-02,  0.11421710E-03
     313.,  0.62026732E+01,  0.17883951E+02, -0.11976790E+01,  0.97388510E-03,  0.32992519E-02,  0.10386470E-03
     314.,  0.62351139E+01,  0.18453406E+02, -0.11976790E+01,  0.10959524E-02,  0.34127100E-02,  0.98470224E-04
     315.,  0.63337421E+01,  0.18998659E+02, -0.11976790E+01,  0.11579071E-02,  0.35572594E-02,  0.91103371E-04
     316.,  0.64864221E+01,  0.19499481E+02, -0.11976790E+01,  0.11539433E-02,  0.37319503E-02,  0.82804190E-04
     317.,  0.66769466E+01,  0.19943685E+02, -0.11976790E+01,  0.11063771E-02,  0.39149873E-02,  0.57915125E-04
     318.,  0.68890434E+01,  0.20327188E+02, -0.11976790E+01,  0.10511716E-02,  0.40716134E-02, -0.83798088E-05
     319.,  0.71090668E+01,  0.20652057E+02, -0.11976790E+01,  0.10199432E-02,  0.41744581E-02, -0.14117400E-03
     320.,  0.73270276E+01,  0.20923980E+02, -0.11976790E+01,  0.10143254E-02,  0.42358800E-02, -0.45189774E-03
     321.,  0.71978590E+01,  0.21485344E+02, -0.11976790E+01,  0.10392609E-02,  0.49642666E-02,  0.30179031E-02
     322.,  0.74440493E+01,  0.21717990E+02, -0.11976790E+01,  0.11464157E-02,  0.50916445E-02,  0.21817625E-02
     323.,  0.77410281E+01,  0.21961143E+02, -0.11976790E+01,  0.14260508E-02,  0.49678724E-02,  0.13548554E-02
     324.,  0.80971889E+01,  0.22207813E+02, -0.11976790E+01,  0.17068170E-02,  0.47342522E-02,  0.11006481E-02
     325.,  0.85194211E+01,  0.22446996E+02, -0.11976790E+01,  0.19721096E-02,  0.44083171E-02,  0.69044159E-03
     326.,  0.90106911E+01,  0.22663376E+02, -0.11976790E+01,  0.21748866E-02,  0.38987271E-02,  0.40283665E-03
     327.,  0.95670554E+01,  0.22838361E+02, -0.11976790E+01,  0.22535339E-02,  0.31676402E-02,  0.30448423E-03
     328.,  0.10175215E+02,  0.22953102E+02, -0.11976790E+01,  0.21727616E-02,  0.24806704E-02,  0.12949189E-03
     329.,  0.10812349E+02,  0.22993166E+02, -0.11976790E+01,  0.18836848E-02,  0.23217344E-02, -0.21583209E-03
     330.,  0.11449483E+02,  0.22953102E+02, -0.11976790E+01,  0.14426276E-02,  0.26509511E-02, -0.30687120E-03
     331.,  0.12057642E+02,  0.22838361E+02, -0.11976790E+01,  0.11072674E-02,  0.30998390E-02, -0.31169197E-03
     332.,  0.12614007E+02,  0.22663376E+02, -0.11976790E+01,  0.95770098E-03,  0.34099040E-02, -0.46838602E-03
     333.,  0.13105277E+02,  0.22446996E+02, -0.11976790E+01,  0.92677937E-03,  0.35215677E-02, -0.73918552E-03
     334.,  0.13527509E+02,  0.22207813E+02, -0.11976790E+01,  0.92626756E-03,  0.34832647E-02, -0.94992608E-03
     335.,  0.13883670E+02,  0.21961143E+02, -0.11976790E+01,  0.89784952E-03,  0.33250085E-02, -0.10506212E-02
     336.,  0.14180649E+02,  0.21717990E+02, -0.11976790E+01,  0.85576483E-03,  0.31090449E-02, -0.10105945E-02
     337.,  0.14426839E+02,  0.21485344E+02, -0.11976790E+01,  0.78454047E-03,  0.28662176E-02, -0.11779392E-02
     338.,  0.14657891E+02,  0.21235797E+02, -0.11976790E+01,  0.59741381E-03,  0.25708391E-02, -0.46285288E-03
     339.,  0.14898379E+02,  0.20935769E+02, -0.11976790E+01,  0.44031691E-03,  0.23168151E-02, -0.15311850E-03
     340.,  0.15141143E+02,  0.20577324E+02, -0.11976790E+01,  0.24787844E-03,  0.20458895E-02, -0.63585642E-04
     341.,  0.15375161E+02,  0.20154184E+02, -0.11976790E+01,  0.45737323E-04,  0.17824151E-02, -0.21138537E-04
     342.,  0.15585377E+02,  0.19664070E+02, -0.11976790E+01, -0.11971762E-03,  0.15764846E-02, -0.11660200E-04
     343.,  0.15753837E+02,  0.19111487E+02, -0.11976790E+01, -0.23613889E-03,  0.14459597E-02, -0.21042581E-04
     344.,  0.15862658E+02,  0.18509880E+02, -0.11976790E+01, -0.31039842E-03,  0.13774491E-02, -0.16701101E-05
     345.,  0.15898452E+02,  0.17881568E+02, -0.11976790E+01, -0.35225205E-03,  0.13447327E-02,  0.70149494E-04
     346.,  0.15856477E+02,  0.17254415E+02, -0.11976790E+01, -0.37429228E-03,  0.13243604E-02,  0.12929417E-03
     347.,  0.15742275E+02,  0.16656030E+02, -0.11976790E+01, -0.38536652E-03,  0.13027686E-02,  0.14870474E-03
     348.,  0.15569770E+02,  0.16108099E+02, -0.11976790E+01, -0.38970607E-03,  0.12773478E-02,  0.15240939E-03
     349.,  0.15357001E+02,  0.15623311E+02, -0.11976790E+01, -0.39051909E-03,  0.12497082E-02,  0.15240171E-03
     350.,  0.15121774E+02,  0.15205528E+02, -0.11976790E+01, -0.39045529E-03,  0.12220542E-02,  0.15159665E-03
     351.,  0.14878841E+02,  0.14852047E+02, -0.11976790E+01, -0.39117986E-03,  0.11960927E-02,  0.15079435E-03
     352.,  0.14638894E+02,  0.14556380E+02, -0.11976790E+01, -0.39334471E-03,  0.11728486E-02,  0.15026116E-03
     353.,  0.14408812E+02,  0.14310536E+02, -0.11976790E+01, -0.39696468E-03,  0.11527898E-02,  0.14985353E-03
     354.,  0.14161613E+02,  0.14079268E+02, -0.11976790E+01, -0.40257343E-03,  0.11338779E-02,  0.14941860E-03
     355.,  0.13864049E+02,  0.13838066E+02, -0.11976790E+01, -0.41170254E-03,  0.11150080E-02,  0.14902755E-03
     356.,  0.13508012E+02,  0.13593938E+02, -0.11976790E+01, -0.42579775E-03,  0.10985512E-02,  0.14871221E-03
     357.,  0.13086952E+02,  0.13357793E+02, -0.11976790E+01, -0.44627222E-03,  0.10886719E-02,  0.14845642E-03
     358.,  0.12598221E+02,  0.13144673E+02, -0.11976790E+01, -0.47395974E-03,  0.10919856E-02,  0.14826139E-03
     359.,  0.12045926E+02,  0.12972693E+02, -0.11976790E+01, -0.50803470E-03,  0.11175567E-02,  0.14812692E-03
     360.,  0.11443210E+02,  0.12860108E+02, -0.11976790E+01, -0.54472761E-03,  0.11753157E-02,  0.14802824E-03
     361.,  0.10812349E+02,  0.12820832E+02, -0.11976790E+01, -0.57685139E-03,  0.12723822E-02,  0.14790134E-03
     362.,  0.10181488E+02,  0.12860108E+02, -0.11976790E+01, -0.59543107E-03,  0.14087697E-02,  0.14766901E-03
     363.,  0.95787723E+01,  0.12972693E+02, -0.11976790E+01, -0.59321718E-03,  0.15757762E-02,  0.14730423E-03
     364.,  0.90264766E+01,  0.13144673E+02, -0.11976790E+01, -0.56766936E-03,  0.17588907E-02,  0.14686347E-03
     365.,  0.85377461E+01,  0.13357793E+02, -0.11976790E+01, -0.52124551E-03,  0.19431398E-02,  0.14643657E-03
     366.,  0.81166860E+01,  0.13593938E+02, -0.11976790E+01, -0.45941117E-03,  0.21171857E-02,  0.14608569E-03
     367.,  0.77606489E+01,  0.13838066E+02, -0.11976790E+01, -0.38827310E-03,  0.22745698E-02,  0.14582511E-03
     368.,  0.74630848E+01,  0.14079268E+02, -0.11976790E+01, -0.31312858E-03,  0.24128681E-02,  0.14557597E-03
     369.,  0.72158860E+01,  0.14310536E+02, -0.11976790E+01, -0.23781538E-03,  0.25322739E-02,  0.14531237E-03
     370.,  0.69858039E+01,  0.14556380E+02, -0.11976790E+01, -0.15523286E-03,  0.26471264E-02,  0.14546102E-03
     371.,  0.67458568E+01,  0.14852047E+02, -0.11976790E+01, -0.53337254E-04,  0.27708319E-02,  0.14599226E-03
     372.,  0.65029237E+01,  0.15205528E+02, -0.11976790E+01,  0.71138007E-04,  0.29007582E-02,  0.14749944E-03
     373.,  0.62676969E+01,  0.15623311E+02, -0.11976790E+01,  0.22080580E-03,  0.30322489E-02,  0.15198436E-03
     374.,  0.60549283E+01,  0.16108099E+02, -0.11976790E+01,  0.39684430E-03,  0.31585511E-02,  0.16371905E-03
     375.,  0.58824231E+01,  0.16656030E+02, -0.11976790E+01,  0.59743419E-03,  0.32721187E-02,  0.20014298E-03
     376.,  0.57682211E+01,  0.17254415E+02, -0.11976790E+01,  0.81058302E-03,  0.33691650E-02,  0.27024312E-03
     377.,  0.57262458E+01,  0.17881568E+02, -0.11976790E+01,  0.10100527E-02,  0.34506379E-02,  0.32279794E-03
     378.,  0.57620394E+01,  0.18509880E+02, -0.11976790E+01,  0.11768093E-02,  0.35356715E-02,  0.33463057E-03
     379.,  0.58708612E+01,  0.19111487E+02, -0.11976790E+01,  0.12844342E-02,  0.36662927E-02,  0.34679616E-03
     380.,  0.60393212E+01,  0.19664070E+02, -0.11976790E+01,  0.12964505E-02,  0.38639334E-02,  0.37554626E-03
     381.,  0.62495371E+01,  0.20154184E+02, -0.11976790E+01,  0.12395074E-02,  0.40891620E-02,  0.48270593E-03
     382.,  0.64835550E+01,  0.20577324E+02, -0.11976790E+01,  0.11630826E-02,  0.43047447E-02,  0.80628818E-03
     383.,  0.67263186E+01,  0.20935769E+02, -0.11976790E+01,  0.11032809E-02,  0.45040663E-02,  0.11859501E-02
     384.,  0.69668064E+01,  0.21235797E+02, -0.11976790E+01,  0.10951900E-02,  0.47004463E-02,  0.19365491E-02
     385.,  0.68592811E+01,  0.21820536E+02, -0.11976790E+01,  0.12612494E-02,  0.70862346E-02, -0.46817646E-02
     386.,  0.71285326E+01,  0.22074974E+02, -0.11976790E+01,  0.17708079E-02,  0.69635226E-02, -0.33048169E-02
     387.,  0.74533302E+01,  0.22340904E+02, -0.11976790E+01,  0.22702606E-02,  0.67805735E-02, -0.20437431E-02
     388.,  0.78428534E+01,  0.22610680E+02, -0.11976790E+01,  0.27593257E-02,  0.61371210E-02, -0.17647398E-02
     389.,  0.83046371E+01,  0.22872268E+02, -0.11976790E+01,  0.30340643E-02,  0.53747874E-02, -0.95150269E-03
     390.,  0.88419255E+01,  0.23108917E+02, -0.11976790E+01,  0.31579616E-02,  0.44811295E-02, -0.30113090E-03
     391.,  0.94504058E+01,  0.23300294E+02, -0.11976790E+01,  0.31595462E-02,  0.34816939E-02, -0.76292151E-04
     392.,  0.10115533E+02,  0.23425782E+02, -0.11976790E+01,  0.29082078E-02,  0.24135779E-02,  0.26408012E-03
     393.,  0.10812349E+02,  0.23469599E+02, -0.11976790E+01,  0.22654396E-02,  0.22462536E-02,  0.94884863E-03
     394.,  0.11509165E+02,  0.23425782E+02, -0.11976790E+01,  0.11810503E-02,  0.31105369E-02,  0.10879960E-02
     395.,  0.12174292E+02,  0.23300294E+02, -0.11976790E+01,  0.51330844E-03,  0.37835415E-02,  0.11487341E-02
     396.,  0.12782772E+02,  0.23108917E+02, -0.11976790E+01,  0.33120807E-03,  0.42577482E-02,  0.13949606E-02
     397.,  0.13320061E+02,  0.22872268E+02, -0.11976790E+01,  0.44938377E-03,  0.45848468E-02,  0.19144299E-02
     398.,  0.13781845E+02,  0.22610680E+02, -0.11976790E+01,  0.66011619E-03,  0.45704851E-02,  0.23453431E-02
     399.,  0.14171368E+02,  0.22340904E+02, -0.11976790E+01,  0.78918998E-03,  0.43115233E-02,  0.23912736E-02
     400.,  0.14496165E+02,  0.22074974E+02, -0.11976790E+01,  0.78521230E-03,  0.37745523E-02,  0.23034281E-02
     401.,  0.14765417E+02,  0.21820536E+02, -0.11976790E+01,  0.83445618E-03,  0.34666482E-02,  0.25995483E-02
     402.,  0.15018113E+02,  0.21547613E+02, -0.11976790E+01,  0.64997450E-03,  0.26434712E-02,  0.12957543E-02
     403.,  0.15281127E+02,  0.21219481E+02, -0.11976790E+01,  0.51534480E-03,  0.22347069E-02,  0.70496469E-03
     404.,  0.15546631E+02,  0.20827459E+02, -0.11976790E+01,  0.26560239E-03,  0.18818494E-02,  0.51254843E-03
     405.,  0.15802570E+02,  0.20364683E+02, -0.11976790E+01,  0.27324575E-04,  0.16040836E-02,  0.34053397E-03
     406.,  0.16032478E+02,  0.19828659E+02, -0.11976790E+01, -0.14786078E-03,  0.14218401E-02,  0.35581739E-03
     407.,  0.16216718E+02,  0.19224314E+02, -0.11976790E+01, -0.24841643E-03,  0.13361413E-02,  0.44251275E-03
     408.,  0.16335733E+02,  0.18566353E+02, -0.11976790E+01, -0.31185050E-03,  0.13172648E-02,  0.41284033E-03
     409.,  0.16374879E+02,  0.17879186E+02, -0.11976790E+01, -0.34493421E-03,  0.13197216E-02,  0.25035768E-03
     410.,  0.16328972E+02,  0.17193286E+02, -0.11976790E+01, -0.36695566E-03,  0.13136494E-02,  0.15494724E-03
     411.,  0.16204073E+02,  0.16538849E+02, -0.11976790E+01, -0.38297394E-03,  0.12962145E-02,  0.13813208E-03
     412.,  0.16015409E+02,  0.15939592E+02, -0.11976790E+01, -0.39328030E-03,  0.12723584E-02,  0.13635557E-03
     413.,  0.15782709E+02,  0.15409393E+02, -0.11976790E+01, -0.39959291E-03,  0.12460742E-02,  0.13952415E-03
     414.,  0.15525448E+02,  0.14952475E+02, -0.11976790E+01, -0.40446147E-03,  0.12197807E-02,  0.14176635E-03
     415.,  0.15259759E+02,  0.14565882E+02, -0.11976790E+01, -0.40960970E-03,  0.11950515E-02,  0.14353913E-03
     416.,  0.14997336E+02,  0.14242520E+02, -0.11976790E+01, -0.41585256E-03,  0.11728523E-02,  0.14459177E-03
     417.,  0.14745701E+02,  0.13973647E+02, -0.11976790E+01, -0.42308838E-03,  0.11535067E-02,  0.14532134E-03
     418.,  0.14475347E+02,  0.13720716E+02, -0.11976790E+01, -0.43250585E-03,  0.11349128E-02,  0.14607059E-03
     419.,  0.14149909E+02,  0.13456919E+02, -0.11976790E+01, -0.44632702E-03,  0.11163117E-02,  0.14672969E-03
     420.,  0.13760521E+02,  0.13189924E+02, -0.11976790E+01, -0.46621490E-03,  0.10999168E-02,  0.14723460E-03
     421.,  0.13300019E+02,  0.12931658E+02, -0.11976790E+01, -0.49404088E-03,  0.10899723E-02,  0.14763057E-03
     422.,  0.12765508E+02,  0.12698574E+02, -0.11976790E+01, -0.53124486E-03,  0.10935394E-02,  0.14792204E-03
     423.,  0.12161478E+02,  0.12510484E+02, -0.11976790E+01, -0.57756260E-03,  0.11207773E-02,  0.14810220E-03
     424.,  0.11502305E+02,  0.12387354E+02, -0.11976790E+01, -0.62916816E-03,  0.11833930E-02,  0.14820933E-03
     425.,  0.10812349E+02,  0.12344399E+02, -0.11976790E+01, -0.67747314E-03,  0.12903247E-02,  0.14835754E-03
     426.,  0.10122393E+02,  0.12387354E+02, -0.11976790E+01, -0.71081541E-03,  0.14422358E-02,  0.14869748E-03
     427.,  0.94632203E+01,  0.12510484E+02, -0.11976790E+01, -0.71934288E-03,  0.16291731E-02,  0.14929468E-03
     428.,  0.88591897E+01,  0.12698574E+02, -0.11976790E+01, -0.69944774E-03,  0.18340831E-02,  0.15005590E-03
     429.,  0.83246786E+01,  0.12931658E+02, -0.11976790E+01, -0.65416258E-03,  0.20395041E-02,  0.15082205E-03
     430.,  0.78641768E+01,  0.13189924E+02, -0.11976790E+01, -0.59027742E-03,  0.22325595E-02,  0.15149218E-03
     431.,  0.74747889E+01,  0.13456919E+02, -0.11976790E+01, -0.51519277E-03,  0.24062462E-02,  0.15208113E-03
     432.,  0.71493512E+01,  0.13720716E+02, -0.11976790E+01, -0.43508725E-03,  0.25583021E-02,  0.15272512E-03
     433.,  0.68789968E+01,  0.13973647E+02, -0.11976790E+01, -0.35463889E-03,  0.26891460E-02,  0.15351740E-03
     434.,  0.66273623E+01,  0.14242520E+02, -0.11976790E+01, -0.26608723E-03,  0.28143289E-02,  0.15382334E-03
     435.,  0.63649388E+01,  0.14565882E+02, -0.11976790E+01, -0.15665769E-03,  0.29490421E-02,  0.15392177E-03
     436.,  0.60992496E+01,  0.14952475E+02, -0.11976790E+01, -0.22809044E-04,  0.30904576E-02,  0.15324277E-03
     437.,  0.58419885E+01,  0.15409393E+02, -0.11976790E+01,  0.13859507E-03,  0.32336068E-02,  0.15009669E-03
     438.,  0.56092894E+01,  0.15939592E+02, -0.11976790E+01,  0.32992339E-03,  0.33710261E-02,  0.13606171E-03
     439.,  0.54206252E+01,  0.16538849E+02, -0.11976790E+01,  0.55263187E-03,  0.34921106E-02,  0.91744381E-04
     440.,  0.52957257E+01,  0.17193286E+02, -0.11976790E+01,  0.80247015E-03,  0.35836539E-02, -0.41727018E-04
     441.,  0.52498185E+01,  0.17879186E+02, -0.11976790E+01,  0.10361364E-02,  0.36323964E-02, -0.19271450E-03
     442.,  0.52889649E+01,  0.18566353E+02, -0.11976790E+01,  0.12487554E-02,  0.36668401E-02, -0.19583929E-03
     443.,  0.54079803E+01,  0.19224314E+02, -0.11976790E+01,  0.14249663E-02,  0.37488311E-02, -0.14650919E-03
     444.,  0.55922204E+01,  0.19828659E+02, -0.11976790E+01,  0.14693060E-02,  0.39427931E-02, -0.21820418E-03
     445.,  0.58221277E+01,  0.20364683E+02, -0.11976790E+01,  0.14264509E-02,  0.42696581E-02, -0.44483266E-03
     446.,  0.60780666E+01,  0.20827459E+02, -0.11976790E+01,  0.13387376E-02,  0.48177689E-02, -0.12061926E-02
     447.,  0.63435704E+01,  0.21219481E+02, -0.11976790E+01,  0.12750264E-02,  0.55122585E-02, -0.18068191E-02
     448.,  0.66065853E+01,  0.21547613E+02, -0.11976790E+01,  0.14010456E-02,  0.62262704E-02, -0.29439457E-02
     449.,  0.62681257E+01,  0.22405780E+02, -0.11976790E+01,  0.34257190E-01, -0.12473589E-01, -0.27030872E+00
     450.,  0.66487520E+01,  0.22617812E+02, -0.11976790E+01,  0.28386186E-01, -0.51863034E-02, -0.22532862E+00
     451.,  0.70756666E+01,  0.22839420E+02, -0.11976790E+01,  0.23777396E-01, -0.81607466E-03, -0.18082037E+00
     452.,  0.75565193E+01,  0.23064233E+02, -0.11976790E+01,  0.19330356E-01,  0.27763820E-02, -0.13313907E+00
     453.,  0.80975891E+01,  0.23282223E+02, -0.11976790E+01,  0.14549927E-01,  0.53267414E-02, -0.86826854E-01
     454.,  0.87015794E+01,  0.23479431E+02, -0.11976790E+01,  0.97103750E-02,  0.52886952E-02, -0.46281818E-01
     455.,  0.93648963E+01,  0.23638911E+02, -0.11976790E+01,  0.60012786E-02,  0.34581269E-02, -0.19122614E-01
     456.,  0.10075419E+02,  0.23743485E+02, -0.11976790E+01,  0.39947583E-02,  0.20423940E-02, -0.30006654E-02
     457.,  0.10812349E+02,  0.23779999E+02, -0.11976790E+01,  0.28627167E-02,  0.19088503E-02,  0.11563109E-01
     458.,  0.11549279E+02,  0.23743485E+02, -0.11976790E+01,  0.75540907E-04,  0.39865098E-02,  0.25335461E-01
     459.,  0.12259802E+02,  0.23638911E+02, -0.11976790E+01, -0.34029577E-02,  0.44960991E-02,  0.39847465E-01
     460.,  0.12923118E+02,  0.23479431E+02, -0.11976790E+01, -0.55926307E-02,  0.34741450E-02,  0.64475412E-01
     461.,  0.13527109E+02,  0.23282223E+02, -0.11976790E+01, -0.72364762E-02,  0.14630670E-02,  0.99144607E-01
     462.,  0.14068179E+02,  0.23064233E+02, -0.11976790E+01, -0.94303310E-02, -0.17297836E-02,  0.13562041E+00
     463.,  0.14549031E+02,  0.22839420E+02, -0.11976790E+01, -0.12071686E-01, -0.59132445E-02,  0.16782540E+00
     464.,  0.14975946E+02,  0.22617812E+02, -0.11976790E+01, -0.14813018E-01, -0.10188338E-01,  0.19430920E+00
     465.,  0.15356572E+02,  0.22405780E+02, -0.11976790E+01, -0.17784005E-01, -0.15146098E-01,  0.21688977E+00
     466.,  0.15567152E+02,  0.22022875E+02, -0.11976790E+01, -0.90884034E-02, -0.54505489E-02,  0.14472772E+00
     467.,  0.15786331E+02,  0.21593963E+02, -0.11976790E+01, -0.40600425E-02, -0.92409973E-03,  0.87239663E-01
     468.,  0.16007584E+02,  0.21111810E+02, -0.11976790E+01, -0.13728970E-02,  0.82040284E-03,  0.44732342E-01
     469.,  0.16220867E+02,  0.20570694E+02, -0.11976790E+01, -0.52440114E-03,  0.11199324E-02,  0.20357979E-01
     470.,  0.16412456E+02,  0.19968538E+02, -0.11976790E+01, -0.39077210E-03,  0.11475000E-02,  0.95919569E-02
     471.,  0.16565989E+02,  0.19309449E+02, -0.11976790E+01, -0.31919037E-03,  0.12316547E-02,  0.51814264E-02
     472.,  0.16665169E+02,  0.18605679E+02, -0.11976790E+01, -0.30693853E-03,  0.12962894E-02,  0.27518800E-02
     473.,  0.16697791E+02,  0.17877572E+02, -0.11976790E+01, -0.33786948E-03,  0.13220756E-02,  0.12010757E-02
     474.,  0.16659535E+02,  0.17150519E+02, -0.11976790E+01, -0.36077228E-03,  0.13178303E-02,  0.41995212E-03
     475.,  0.16555452E+02,  0.16449687E+02, -0.11976790E+01, -0.38148067E-03,  0.12980639E-02,  0.15691338E-03
     476.,  0.16398232E+02,  0.15794837E+02, -0.11976790E+01, -0.39697780E-03,  0.12725507E-02,  0.81606164E-04
     477.,  0.16204316E+02,  0.15197536E+02, -0.11976790E+01, -0.40904755E-03,  0.12458421E-02,  0.63598078E-04
     478.,  0.15989932E+02,  0.14661302E+02, -0.11976790E+01, -0.42052851E-03,  0.12202208E-02,  0.61589954E-04
     479.,  0.15768524E+02,  0.14183672E+02, -0.11976790E+01, -0.43340237E-03,  0.11967973E-02,  0.62973498E-04
     480.,  0.15549838E+02,  0.13758735E+02, -0.11976790E+01, -0.44831593E-03,  0.11762985E-02,  0.64619036E-04
     481.,  0.15340142E+02,  0.13379206E+02, -0.11976790E+01, -0.46578588E-03,  0.11591380E-02,  0.65158754E-04
     482.,  0.14958597E+02,  0.13168430E+02, -0.11976790E+01, -0.47496539E-03,  0.11411181E-02,  0.94530937E-04
     483.,  0.14531149E+02,  0.12948599E+02, -0.11976790E+01, -0.48860216E-03,  0.11223810E-02,  0.11583567E-03
     484.,  0.14050409E+02,  0.12726103E+02, -0.11976790E+01, -0.50867321E-03,  0.11052539E-02,  0.13039148E-03
     485.,  0.13510408E+02,  0.12510882E+02, -0.11976790E+01, -0.53751779E-03,  0.10942483E-02,  0.13962319E-03
     486.,  0.12908732E+02,  0.12316645E+02, -0.11976790E+01, -0.57723464E-03,  0.10970042E-02,  0.14494190E-03
     487.,  0.12249123E+02,  0.12159903E+02, -0.11976790E+01, -0.62834824E-03,  0.11245936E-02,  0.14768584E-03
     488.,  0.11543562E+02,  0.12057295E+02, -0.11976790E+01, -0.68776409E-03,  0.11899182E-02,  0.14920620E-03
     489.,  0.10812349E+02,  0.12021499E+02, -0.11976790E+01, -0.74729173E-03,  0.13033013E-02,  0.15095815E-03
     490.,  0.10081136E+02,  0.12057295E+02, -0.11976790E+01, -0.79511896E-03,  0.14668573E-02,  0.15449734E-03
     491.,  0.93755751E+01,  0.12159903E+02, -0.11976790E+01, -0.82071187E-03,  0.16718993E-02,  0.16122825E-03
     492.,  0.87159662E+01,  0.12316645E+02, -0.11976790E+01, -0.81950501E-03,  0.19020950E-02,  0.17192044E-03
     493.,  0.81142903E+01,  0.12510882E+02, -0.11976790E+01, -0.79360173E-03,  0.21399417E-02,  0.18643034E-03
     494.,  0.75742889E+01,  0.12726103E+02, -0.11976790E+01, -0.74906464E-03,  0.23718858E-02,  0.20380487E-03
     495.,  0.70935489E+01,  0.12948599E+02, -0.11976790E+01, -0.69278037E-03,  0.25900050E-02,  0.22227680E-03
     496.,  0.66661008E+01,  0.13168430E+02, -0.11976790E+01, -0.63064332E-03,  0.27911065E-02,  0.23890211E-03
     497.,  0.62845555E+01,  0.13379206E+02, -0.11976790E+01, -0.56672420E-03,  0.29754982E-02,  0.24885778E-03
     498.,  0.60748601E+01,  0.13758735E+02, -0.11976790E+01, -0.44077171E-03,  0.30814161E-02,  0.21748919E-03
     499.,  0.58561738E+01,  0.14183672E+02, -0.11976790E+01, -0.29695085E-03,  0.31964214E-02,  0.17944725E-03
     500.,  0.56347661E+01,  0.14661302E+02, -0.11976790E+01, -0.13240235E-03,  0.33185438E-02,  0.12345712E-03
     501.,  0.54203819E+01,  0.15197536E+02, -0.11976790E+01,  0.55678526E-04,  0.34442297E-02,  0.22671747E-04
     502.,  0.52264660E+01,  0.15794837E+02, -0.11976790E+01,  0.27028666E-03,  0.35676527E-02, -0.18582351E-03
     503.,  0.50692458E+01,  0.16449687E+02, -0.11976790E+01,  0.51494410E-03,  0.36797232E-02, -0.67290205E-03
     504.,  0.49651629E+01,  0.17150519E+02, -0.11976790E+01,  0.79288236E-03,  0.37637091E-02, -0.17000376E-02
     505.,  0.49269069E+01,  0.17877572E+02, -0.11976790E+01,  0.10660435E-02,  0.38106690E-02, -0.35599516E-02
     506.,  0.49595289E+01,  0.18605679E+02, -0.11976790E+01,  0.14170177E-02,  0.38242890E-02, -0.68810744E-02
     507.,  0.50587084E+01,  0.19309449E+02, -0.11976790E+01,  0.19839089E-02,  0.38204269E-02, -0.13269304E-01
     508.,  0.52122418E+01,  0.19968538E+02, -0.11976790E+01,  0.29626229E-02,  0.39415980E-02, -0.26891277E-01
     509.,  0.54038312E+01,  0.20570694E+02, -0.11976790E+01,  0.50468515E-02,  0.40808443E-02, -0.53779098E-01
     510.,  0.56171136E+01,  0.21111810E+02, -0.11976790E+01,  0.87347771E-02,  0.34963133E-02, -0.94704615E-01
     511.,  0.58383669E+01,  0.21593963E+02, -0.11976790E+01,  0.13988431E-01,  0.14757572E-02, -0.14562427E+00
     512.,  0.60575459E+01,  0.22022875E+02, -0.11976790E+01,  0.21435690E-01, -0.30363373E-02, -0.20331861E+00
     513.,  0.56769704E+01,  0.22991024E+02, -0.11976790E+01,  0.12224806E+00, -0.10486256E+00, -0.71273797E+00
     514.,  0.61689714E+01,  0.23160649E+02, -0.11976790E+01,  0.10648357E+00, -0.88230564E-01, -0.61623150E+00
     515.,  0.66980031E+01,  0.23337936E+02, -0.11976790E+01,  0.88561282E-01, -0.69104832E-01, -0.51004140E+00
     516.,  0.72701852E+01,  0.23517786E+02, -0.11976790E+01,  0.68300687E-01, -0.46346551E-01, -0.39562645E+00
     517.,  0.78905411E+01,  0.23692179E+02, -0.11976790E+01,  0.46529413E-01, -0.22361522E-01, -0.27720582E+00
     518.,  0.85612333E+01,  0.23849944E+02, -0.11976790E+01,  0.27993080E-01, -0.51356363E-02, -0.16636521E+00
     519.,  0.92793868E+01,  0.23977529E+02, -0.11976790E+01,  0.14524434E-01,  0.13950172E-02, -0.77604985E-01
     520.,  0.10035305E+02,  0.24061188E+02, -0.11976790E+01,  0.68323171E-02,  0.16755038E-02, -0.16404720E-01
     521.,  0.10812349E+02,  0.24090399E+02, -0.11976790E+01,  0.28165490E-02,  0.16237872E-02,  0.34566418E-01
     522.,  0.11589393E+02,  0.24061188E+02, -0.11976790E+01, -0.35003831E-02,  0.21077498E-02,  0.81711055E-01
     523.,  0.12345311E+02,  0.23977529E+02, -0.11976790E+01, -0.12332427E-01, -0.38166235E-02,  0.13137612E+00
     524.,  0.13063465E+02,  0.23849944E+02, -0.11976790E+01, -0.21669624E-01, -0.16642114E-01,  0.20421208E+00
     525.,  0.13734157E+02,  0.23692179E+02, -0.11976790E+01, -0.33373326E-01, -0.34051571E-01,  0.29714870E+00
     526.,  0.14354513E+02,  0.23517786E+02, -0.11976790E+01, -0.46419249E-01, -0.53459381E-01,  0.39031867E+00
     527.,  0.14926695E+02,  0.23337936E+02, -0.11976790E+01, -0.59193218E-01, -0.72119822E-01,  0.47701943E+00
     528.,  0.15455726E+02,  0.23160649E+02, -0.11976790E+01, -0.70521687E-01, -0.88220399E-01,  0.55394349E+00
     529.,  0.15947728E+02,  0.22991024E+02, -0.11976790E+01, -0.80183458E-01, -0.10141896E+00,  0.62224573E+00
     530.,  0.16116191E+02,  0.22498138E+02, -0.11976790E+01, -0.52642430E-01, -0.62680887E-01,  0.45871121E+00
     531.,  0.16291535E+02,  0.21968445E+02, -0.11976790E+01, -0.27994029E-01, -0.29719065E-01,  0.30035287E+00
     532.,  0.16468537E+02,  0.21396160E+02, -0.11976790E+01, -0.11318598E-01, -0.95016839E-02,  0.16851974E+00
     533.,  0.16639163E+02,  0.20776705E+02, -0.11976790E+01, -0.35276299E-02, -0.14756232E-02,  0.80072075E-01
     534.,  0.16792435E+02,  0.20108418E+02, -0.11976790E+01, -0.11638565E-02,  0.55225835E-03,  0.35334293E-01
     535.,  0.16915261E+02,  0.19394584E+02, -0.11976790E+01, -0.47871810E-03,  0.11275155E-02,  0.16091763E-01
     536.,  0.16994605E+02,  0.18645006E+02, -0.11976790E+01, -0.31205900E-03,  0.13038361E-02,  0.72656515E-02
     537.,  0.17020703E+02,  0.17875957E+02, -0.11976790E+01, -0.33299208E-03,  0.13372124E-02,  0.29324032E-02
     538.,  0.16990098E+02,  0.17107753E+02, -0.11976790E+01, -0.35625439E-03,  0.13259474E-02,  0.98732717E-03
     539.,  0.16906831E+02,  0.16360524E+02, -0.11976790E+01, -0.38187447E-03,  0.12997116E-02,  0.26875320E-03
     540.,  0.16781055E+02,  0.15650082E+02, -0.11976790E+01, -0.40248791E-03,  0.12705048E-02,  0.35264188E-04
     541.,  0.16625923E+02,  0.14985678E+02, -0.11976790E+01, -0.41979568E-03,  0.12425777E-02, -0.39536436E-04
     542.,  0.16454415E+02,  0.14370129E+02, -0.11976790E+01, -0.43727413E-03,  0.12170311E-02, -0.62945312E-04
     543.,  0.16277289E+02,  0.13801463E+02, -0.11976790E+01, -0.45628854E-03,  0.11950850E-02, -0.70078529E-04
     544.,  0.16102340E+02,  0.13274951E+02, -0.11976790E+01, -0.47757683E-03,  0.11769563E-02, -0.73033466E-04
     545.,  0.15934584E+02,  0.12784764E+02, -0.11976790E+01, -0.50036210E-03,  0.11628648E-02, -0.74761565E-04
     546.,  0.15441847E+02,  0.12616144E+02, -0.11976790E+01, -0.50909371E-03,  0.11473460E-02, -0.24323609E-05
     547.,  0.14912389E+02,  0.12440279E+02, -0.11976790E+01, -0.52262939E-03,  0.11293993E-02,  0.55112394E-04
     548.,  0.14340297E+02,  0.12262282E+02, -0.11976790E+01, -0.54327590E-03,  0.11117758E-02,  0.96403750E-04
     549.,  0.13720796E+02,  0.12090105E+02, -0.11976790E+01, -0.57384100E-03,  0.10994915E-02,  0.12318679E-03
     550.,  0.13051955E+02,  0.11934716E+02, -0.11976790E+01, -0.61711371E-03,  0.11009779E-02,  0.13866629E-03
     551.,  0.12336768E+02,  0.11809323E+02, -0.11976790E+01, -0.67442168E-03,  0.11284140E-02,  0.14663712E-03
     552.,  0.11584819E+02,  0.11727236E+02, -0.11976790E+01, -0.74334762E-03,  0.11960329E-02,  0.15105477E-03
     553.,  0.10812349E+02,  0.11698599E+02, -0.11976790E+01, -0.81597610E-03,  0.13156064E-02,  0.15594843E-03
     554.,  0.10039879E+02,  0.11727236E+02, -0.11976790E+01, -0.88018012E-03,  0.14907050E-02,  0.16550371E-03
     555.,  0.92879298E+01,  0.11809323E+02, -0.11976790E+01, -0.92453515E-03,  0.17138664E-02,  0.18372923E-03
     556.,  0.85727428E+01,  0.11934716E+02, -0.11976790E+01, -0.94328026E-03,  0.19693649E-02,  0.21317730E-03
     557.,  0.79039020E+01,  0.12090105E+02, -0.11976790E+01, -0.93739961E-03,  0.22394191E-02,  0.25347445E-03
     558.,  0.72844009E+01,  0.12262282E+02, -0.11976790E+01, -0.91212686E-03,  0.25094351E-02,  0.30054769E-03
     559.,  0.67123089E+01,  0.12440279E+02, -0.11976790E+01, -0.87378145E-03,  0.27700542E-02,  0.34602242E-03
     560.,  0.61828505E+01,  0.12616144E+02, -0.11976790E+01, -0.82778064E-03,  0.30167431E-02,  0.37562194E-03
     561.,  0.56901142E+01,  0.12784764E+02, -0.11976790E+01, -0.77803767E-03,  0.32477393E-02,  0.36641265E-03
     562.,  0.55223579E+01,  0.13274951E+02, -0.11976790E+01, -0.61120281E-03,  0.33344670E-02,  0.27174814E-03
     563.,  0.53474089E+01,  0.13801463E+02, -0.11976790E+01, -0.43149683E-03,  0.34306039E-02,  0.15276937E-03
     564.,  0.51702827E+01,  0.14370129E+02, -0.11976790E+01, -0.23626982E-03,  0.35352333E-02, -0.19275588E-04
     565.,  0.49987753E+01,  0.14985678E+02, -0.11976790E+01, -0.22421276E-04,  0.36462036E-02, -0.31121245E-03
     566.,  0.48436426E+01,  0.15650082E+02, -0.11976790E+01,  0.21400773E-03,  0.37598749E-02, -0.88427500E-03
     567.,  0.47178665E+01,  0.16360524E+02, -0.11976790E+01,  0.48053108E-03,  0.38696344E-02, -0.21202557E-02
     568.,  0.46346001E+01,  0.17107753E+02, -0.11976790E+01,  0.78801564E-03,  0.39616987E-02, -0.47205890E-02
     569.,  0.46039953E+01,  0.17875957E+02, -0.11976790E+01,  0.11151076E-02,  0.40285386E-02, -0.10256783E-01
     570.,  0.46300929E+01,  0.18645006E+02, -0.11976790E+01,  0.17842702E-02,  0.39841670E-02, -0.21970524E-01
     571.,  0.47094365E+01,  0.19394584E+02, -0.11976790E+01,  0.36057288E-02,  0.34866207E-02, -0.46020875E-01
     572.,  0.48322632E+01,  0.20108418E+02, -0.11976790E+01,  0.83497909E-02,  0.13596422E-02, -0.94861055E-01
     573.,  0.49855348E+01,  0.20776705E+02, -0.11976790E+01,  0.19395466E-01, -0.57033205E-02, -0.17982478E+00
     574.,  0.51561607E+01,  0.21396160E+02, -0.11976790E+01,  0.38230644E-01, -0.20975967E-01, -0.29620756E+00
     575.,  0.53331633E+01,  0.21968445E+02, -0.11976790E+01,  0.62930628E-01, -0.43829202E-01, -0.42999803E+00
     576.,  0.55085065E+01,  0.22498138E+02, -0.11976790E+01,  0.91968526E-01, -0.72730933E-01, -0.57171874E+00
     577.,  0.50858150E+01,  0.23576268E+02, -0.11976790E+01,  0.20419430E+00, -0.19145779E+00, -0.11420981E+01
     578.,  0.56891908E+01,  0.23703487E+02, -0.11976790E+01,  0.18044674E+00, -0.16709380E+00, -0.99672083E+00
     579.,  0.63203396E+01,  0.23836451E+02, -0.11976790E+01,  0.15480395E+00, -0.13982553E+00, -0.84364792E+00
     580.,  0.69838512E+01,  0.23971339E+02, -0.11976790E+01,  0.12476882E+00, -0.10615569E+00, -0.67867246E+00
     581.,  0.76834930E+01,  0.24102134E+02, -0.11976790E+01,  0.90771503E-01, -0.66138195E-01, -0.50505319E+00
     582.,  0.84208872E+01,  0.24220458E+02, -0.11976790E+01,  0.57406295E-01, -0.29920331E-01, -0.32984770E+00
     583.,  0.91938774E+01,  0.24316146E+02, -0.11976790E+01,  0.31132542E-01, -0.66162415E-02, -0.17439590E+00
     584.,  0.99951909E+01,  0.24378891E+02, -0.11976790E+01,  0.12855333E-01,  0.13730079E-02, -0.46070977E-01
     585.,  0.10812349E+02,  0.24400799E+02, -0.11976790E+01,  0.18773054E-02,  0.13262026E-02,  0.63876793E-01
     586.,  0.11629507E+02,  0.24378891E+02, -0.11976790E+01, -0.10942707E-01, -0.18677382E-02,  0.15905313E+00
     587.,  0.12430821E+02,  0.24316146E+02, -0.11976790E+01, -0.27699189E-01, -0.20498622E-01,  0.25276414E+00
     588.,  0.13203811E+02,  0.24220458E+02, -0.11976790E+01, -0.45544768E-01, -0.48784378E-01,  0.37597167E+00
     589.,  0.13941205E+02,  0.24102134E+02, -0.11976790E+01, -0.65379348E-01, -0.79651418E-01,  0.51631750E+00
     590.,  0.14640847E+02,  0.23971339E+02, -0.11976790E+01, -0.87699958E-01, -0.11275838E+00,  0.65977067E+00
     591.,  0.15304358E+02,  0.23836451E+02, -0.11976790E+01, -0.11042078E+00, -0.14504528E+00,  0.79933009E+00
     592.,  0.15935507E+02,  0.23703487E+02, -0.11976790E+01, -0.13235829E+00, -0.17562868E+00,  0.93279010E+00
     593.,  0.16538883E+02,  0.23576268E+02, -0.11976790E+01, -0.15158679E+00, -0.20261774E+00,  0.10556512E+01
     594.,  0.16665231E+02,  0.22973400E+02, -0.11976790E+01, -0.10945587E+00, -0.14220662E+00,  0.81758038E+00
     595.,  0.16796738E+02,  0.22342928E+02, -0.11976790E+01, -0.67886418E-01, -0.83357249E-01,  0.57700341E+00
     596.,  0.16929490E+02,  0.21680510E+02, -0.11976790E+01, -0.32530265E-01, -0.35493188E-01,  0.35255537E+00
     597.,  0.17057460E+02,  0.20982716E+02, -0.11976790E+01, -0.11240544E-01, -0.94355572E-02,  0.17986139E+00
     598.,  0.17172413E+02,  0.20248298E+02, -0.11976790E+01, -0.29967788E-02, -0.86342135E-03,  0.78546038E-01
     599.,  0.17264533E+02,  0.19479719E+02, -0.11976790E+01, -0.75481403E-03,  0.10388843E-02,  0.32377910E-01
     600.,  0.17324041E+02,  0.18684332E+02, -0.11976790E+01, -0.33668429E-03,  0.13555768E-02,  0.13249073E-01
     601.,  0.17343614E+02,  0.17874343E+02, -0.11976790E+01, -0.33390890E-03,  0.13622632E-02,  0.51938353E-02
     602.,  0.17320661E+02,  0.17064986E+02, -0.11976790E+01, -0.35546123E-03,  0.13354299E-02,  0.17827616E-02
     603.,  0.17258211E+02,  0.16271362E+02, -0.11976790E+01, -0.38494889E-03,  0.12990046E-02,  0.48478026E-03
     604.,  0.17163879E+02,  0.15505327E+02, -0.11976790E+01, -0.40960859E-03,  0.12659485E-02,  0.29473692E-04
     605.,  0.17047529E+02,  0.14773821E+02, -0.11976790E+01, -0.43174381E-03,  0.12354863E-02, -0.13067237E-03
     606.,  0.16918899E+02,  0.14078956E+02, -0.11976790E+01, -0.45351965E-03,  0.12104853E-02, -0.18759244E-03
     607.,  0.16786054E+02,  0.13419253E+02, -0.11976790E+01, -0.47724150E-03,  0.11902399E-02, -0.20977476E-03
     608.,  0.16654842E+02,  0.12791166E+02, -0.11976790E+01, -0.50161614E-03,  0.11751593E-02, -0.22052453E-03
     609.,  0.16529025E+02,  0.12190323E+02, -0.11976790E+01, -0.52447530E-03,  0.11651257E-02, -0.22600875E-03
     610.,  0.15925098E+02,  0.12063857E+02, -0.11976790E+01, -0.53260765E-03,  0.11537890E-02, -0.11652631E-03
     611.,  0.15293629E+02,  0.11931959E+02, -0.11976790E+01, -0.54615687E-03,  0.11377233E-02, -0.21953495E-04
     612.,  0.14630185E+02,  0.11798461E+02, -0.11976790E+01, -0.56781204E-03,  0.11199157E-02,  0.50824269E-04
     613.,  0.13931184E+02,  0.11669329E+02, -0.11976790E+01, -0.60095450E-03,  0.11061295E-02,  0.10020723E-03
     614.,  0.13195179E+02,  0.11552787E+02, -0.11976790E+01, -0.64913700E-03,  0.11058531E-02,  0.12953313E-03
     615.,  0.12424413E+02,  0.11458742E+02, -0.11976790E+01, -0.71449945E-03,  0.11325982E-02,  0.14489315E-03
     616.,  0.11626077E+02,  0.11397177E+02, -0.11976790E+01, -0.79521541E-03,  0.12020803E-02,  0.15349429E-03
     617.,  0.10812349E+02,  0.11375699E+02, -0.11976790E+01, -0.88349306E-03,  0.13275934E-02,  0.16282126E-03
     618.,  0.99986211E+01,  0.11397177E+02, -0.11976790E+01, -0.96671067E-03,  0.15141809E-02,  0.18061506E-03
     619.,  0.92002846E+01,  0.11458742E+02, -0.11976790E+01, -0.10323268E-02,  0.17555754E-02,  0.21434514E-03
     620.,  0.84295193E+01,  0.11552787E+02, -0.11976790E+01, -0.10731071E-02,  0.20365568E-02,  0.26861346E-03
     621.,  0.76935138E+01,  0.11669329E+02, -0.11976790E+01, -0.10886786E-02,  0.23388497E-02,  0.34141838E-03
     622.,  0.69945129E+01,  0.11798461E+02, -0.11976790E+01, -0.10833474E-02,  0.26464107E-02,  0.42167573E-03
     623.,  0.63310689E+01,  0.11931959E+02, -0.11976790E+01, -0.10628997E-02,  0.29479121E-02,  0.48839878E-03
     624.,  0.56996001E+01,  0.12063857E+02, -0.11976790E+01, -0.10324240E-02,  0.32364679E-02,  0.51126217E-03
     625.,  0.50956728E+01,  0.12190323E+02, -0.11976790E+01, -0.99582218E-03,  0.35082668E-02,  0.45866124E-03
     626.,  0.49698556E+01,  0.12791166E+02, -0.11976790E+01, -0.78188182E-03,  0.35744498E-02,  0.28208057E-03
     627.,  0.48386439E+01,  0.13419253E+02, -0.11976790E+01, -0.56283941E-03,  0.36510140E-02,  0.58574934E-04
     628.,  0.47057993E+01,  0.14078956E+02, -0.11976790E+01, -0.33491161E-03,  0.37383996E-02, -0.26525463E-03
     629.,  0.45771687E+01,  0.14773821E+02, -0.11976790E+01, -0.94968594E-04,  0.38366306E-02, -0.80757917E-03
     630.,  0.44608192E+01,  0.15505327E+02, -0.11976790E+01,  0.16297489E-03,  0.39437755E-02, -0.18400159E-02
     631.,  0.43664871E+01,  0.16271362E+02, -0.11976790E+01,  0.45202279E-03,  0.40573343E-02, -0.39908513E-02
     632.,  0.43040373E+01,  0.17064986E+02, -0.11976790E+01,  0.79611034E-03,  0.41686927E-02, -0.85513676E-02
     633.,  0.42810837E+01,  0.17874343E+02, -0.11976790E+01,  0.12037951E-02,  0.42939864E-02, -0.18812140E-01
     634.,  0.43006569E+01,  0.18684332E+02, -0.11976790E+01,  0.23564715E-02,  0.41827650E-02, -0.42260483E-01
     635.,  0.43601646E+01,  0.19479719E+02, -0.11976790E+01,  0.64408229E-02,  0.24436673E-02, -0.92744368E-01
     636.,  0.44522847E+01,  0.20248298E+02, -0.11976790E+01,  0.17920859E-01, -0.49177928E-02, -0.18942087E+00
     637.,  0.45672383E+01,  0.20982716E+02, -0.11976790E+01,  0.41856458E-01, -0.24501934E-01, -0.34044535E+00
     638.,  0.46952078E+01,  0.21680510E+02, -0.11976790E+01,  0.77492099E-01, -0.58203176E-01, -0.53031954E+00
     639.,  0.48279597E+01,  0.22342928E+02, -0.11976790E+01,  0.11950457E+00, -0.10109505E+00, -0.73661909E+00
     640.,  0.49594671E+01,  0.22973400E+02, -0.11976790E+01,  0.16267740E+00, -0.14702625E+00, -0.94327643E+00
     641.,  0.44946597E+01,  0.24161511E+02, -0.11976790E+01,  0.28470523E+00, -0.27605176E+00, -0.15673794E+01
     642.,  0.52094102E+01,  0.24246324E+02, -0.11976790E+01,  0.25008063E+00, -0.24042518E+00, -0.13662127E+01
     643.,  0.59426760E+01,  0.24334967E+02, -0.11976790E+01,  0.21722797E+00, -0.20697268E+00, -0.11684553E+01
     644.,  0.66975171E+01,  0.24424893E+02, -0.11976790E+01,  0.18200385E+00, -0.16860534E+00, -0.96581374E+00
     645.,  0.74764450E+01,  0.24512089E+02, -0.11976790E+01,  0.13842671E+00, -0.11681865E+00, -0.74452348E+00
     646.,  0.82805411E+01,  0.24590972E+02, -0.11976790E+01,  0.93693788E-01, -0.63309698E-01, -0.51334939E+00
     647.,  0.91083679E+01,  0.24654764E+02, -0.11976790E+01,  0.52918216E-01, -0.20420343E-01, -0.29146524E+00
     648.,  0.99550769E+01,  0.24696593E+02, -0.11976790E+01,  0.22550542E-01,  0.64048894E-03, -0.92066649E-01
     649.,  0.10812349E+02,  0.24711199E+02, -0.11976790E+01, -0.79280804E-03,  0.13800004E-02,  0.94319555E-01
     650.,  0.11669621E+02,  0.24696593E+02, -0.11976790E+01, -0.23024973E-01, -0.75657840E-02,  0.25173013E+00
     651.,  0.12516330E+02,  0.24654764E+02, -0.11976790E+01, -0.49575340E-01, -0.45763399E-01,  0.39856360E+00
     652.,  0.13344157E+02,  0.24590972E+02, -0.11976790E+01, -0.73221173E-01, -0.88801008E-01,  0.56305231E+00
     653.,  0.14148253E+02,  0.24512089E+02, -0.11976790E+01, -0.99433613E-01, -0.12999546E+00,  0.74533237E+00
     654.,  0.14927181E+02,  0.24424893E+02, -0.11976790E+01, -0.13234278E+00, -0.17666899E+00,  0.93859140E+00
     655.,  0.15682022E+02,  0.24334967E+02, -0.11976790E+01, -0.16873083E+00, -0.22772029E+00,  0.11410937E+01
     656.,  0.16415288E+02,  0.24246324E+02, -0.11976790E+01, -0.20108954E+00, -0.27379052E+00,  0.13306355E+01
     657.,  0.17130038E+02,  0.24161511E+02, -0.11976790E+01, -0.22844757E+00, -0.31225965E+00,  0.15044533E+01
     658.,  0.17214270E+02,  0.23448662E+02, -0.11976790E+01, -0.17131073E+00, -0.22991357E+00,  0.11916079E+01
     659.,  0.17301942E+02,  0.22717410E+02, -0.11976790E+01, -0.11497285E+00, -0.14903779E+00,  0.87753781E+00
     660.,  0.17390443E+02,  0.21964861E+02, -0.11976790E+01, -0.62555483E-01, -0.75254882E-01,  0.57195309E+00
     661.,  0.17475756E+02,  0.21188727E+02, -0.11976790E+01, -0.24144949E-01, -0.24448943E-01,  0.31098010E+00
     662.,  0.17552392E+02,  0.20388177E+02, -0.11976790E+01, -0.61724375E-02, -0.36229229E-02,  0.13800007E+00
     663.,  0.17613805E+02,  0.19564854E+02, -0.11976790E+01, -0.11799971E-02,  0.10301267E-02,  0.53080850E-01
     664.,  0.17653477E+02,  0.18723659E+02, -0.11976790E+01, -0.38604853E-03,  0.14453874E-02,  0.19988114E-01
     665.,  0.17666526E+02,  0.17872728E+02, -0.11976790E+01, -0.34540913E-03,  0.13937192E-02,  0.76711408E-02
     666.,  0.17651223E+02,  0.17022220E+02, -0.11976790E+01, -0.35908563E-03,  0.13390433E-02,  0.26968888E-02
     667.,  0.17609590E+02,  0.16182199E+02, -0.11976790E+01, -0.38999484E-03,  0.12969015E-02,  0.76208101E-03
     668.,  0.17546702E+02,  0.15360572E+02, -0.11976790E+01, -0.41907724E-03,  0.12561010E-02,  0.52197417E-04
     669.,  0.17469136E+02,  0.14561964E+02, -0.11976790E+01, -0.44333544E-03,  0.12252066E-02, -0.20675424E-03
     670.,  0.17383382E+02,  0.13787783E+02, -0.11976790E+01, -0.46907356E-03,  0.12003021E-02, -0.30269176E-03
     671.,  0.17294819E+02,  0.13037043E+02, -0.11976790E+01, -0.49553317E-03,  0.11821473E-02, -0.34387482E-03
     672.,  0.17207344E+02,  0.12307381E+02, -0.11976790E+01, -0.52020931E-03,  0.11704172E-02, -0.36316730E-03
     673.,  0.17123466E+02,  0.11595882E+02, -0.11976790E+01, -0.53919077E-03,  0.11645235E-02, -0.37549191E-03
     674.,  0.16408348E+02,  0.11511571E+02, -0.11976790E+01, -0.54558989E-03,  0.11596162E-02, -0.23398028E-03
     675.,  0.15674869E+02,  0.11423639E+02, -0.11976790E+01, -0.55838110E-03,  0.11468526E-02, -0.10586788E-03
     676.,  0.14920073E+02,  0.11334641E+02, -0.11976790E+01, -0.58075677E-03,  0.11295767E-02, -0.15251213E-05
     677.,  0.14141572E+02,  0.11248552E+02, -0.11976790E+01, -0.61692343E-03,  0.11143317E-02,  0.72757266E-04
     678.,  0.13338402E+02,  0.11170857E+02, -0.11976790E+01, -0.67137157E-03,  0.11119587E-02,  0.11824333E-03
     679.,  0.12512059E+02,  0.11108161E+02, -0.11976790E+01, -0.74702790E-03,  0.11375576E-02,  0.14252174E-03
     680.,  0.11667334E+02,  0.11067117E+02, -0.11976790E+01, -0.84246059E-03,  0.12085157E-02,  0.15623773E-03
     681.,  0.10812349E+02,  0.11052799E+02, -0.11976790E+01, -0.94974945E-03,  0.13397550E-02,  0.17092853E-03
     682.,  0.99573637E+01,  0.11067117E+02, -0.11976790E+01, -0.10555292E-02,  0.15378271E-02,  0.19858325E-03
     683.,  0.91126394E+01,  0.11108161E+02, -0.11976790E+01, -0.11458386E-02,  0.17976298E-02,  0.25077288E-03
     684.,  0.82862959E+01,  0.11170857E+02, -0.11976790E+01, -0.12115562E-02,  0.21043336E-02,  0.33416646E-03
     685.,  0.74831255E+01,  0.11248552E+02, -0.11976790E+01, -0.12505164E-02,  0.24389149E-02,  0.44344181E-03
     686.,  0.67046249E+01,  0.11334641E+02, -0.11976790E+01, -0.12658978E-02,  0.27834766E-02,  0.55659690E-03
     687.,  0.59498289E+01,  0.11423639E+02, -0.11976790E+01, -0.12631090E-02,  0.31239841E-02,  0.63641151E-03
     688.,  0.52163497E+01,  0.11511571E+02, -0.11976790E+01, -0.12474431E-02,  0.34509138E-02,  0.64264529E-03
     689.,  0.45012315E+01,  0.11595882E+02, -0.11976790E+01, -0.12232170E-02,  0.37585564E-02,  0.55368817E-03
     690.,  0.44173534E+01,  0.12307381E+02, -0.11976790E+01, -0.95631206E-03,  0.38026091E-02,  0.28638781E-03
     691.,  0.43298789E+01,  0.13037043E+02, -0.11976790E+01, -0.69392243E-03,  0.38580510E-02, -0.49241864E-04
     692.,  0.42413158E+01,  0.13787783E+02, -0.11976790E+01, -0.43060511E-03,  0.39266803E-02, -0.53866978E-03
     693.,  0.41555621E+01,  0.14561964E+02, -0.11976790E+01, -0.16189771E-03,  0.40112492E-02, -0.13553559E-02
     694.,  0.40779958E+01,  0.15360572E+02, -0.11976790E+01,  0.11771722E-03,  0.41147276E-02, -0.28860407E-02
     695.,  0.40151077E+01,  0.16182199E+02, -0.11976790E+01,  0.42962377E-03,  0.42348857E-02, -0.60017361E-02
     696.,  0.39734745E+01,  0.17022220E+02, -0.11976790E+01,  0.81944761E-03,  0.43752032E-02, -0.12617706E-01
     697.,  0.39581721E+01,  0.17872728E+02, -0.11976790E+01,  0.13377580E-02,  0.45982016E-02, -0.28078354E-01
     698.,  0.39712209E+01,  0.18723659E+02, -0.11976790E+01,  0.31121032E-02,  0.44067451E-02, -0.65744557E-01
     699.,  0.40108927E+01,  0.19564854E+02, -0.11976790E+01,  0.10289947E-01,  0.79400575E-03, -0.14886886E+00
     700.,  0.40723061E+01,  0.20388177E+02, -0.11976790E+01,  0.30670775E-01, -0.14464233E-01, -0.30022322E+00
     701.,  0.41489419E+01,  0.21188727E+02, -0.11976790E+01,  0.69292238E-01, -0.49533795E-01, -0.51902733E+00
     702.,  0.42342548E+01,  0.21964861E+02, -0.11976790E+01,  0.12118216E+00, -0.10193018E+00, -0.77801770E+00
     703.,  0.43227561E+01,  0.22717410E+02, -0.11976790E+01,  0.17728872E+00, -0.16135416E+00, -0.10476457E+01
     704.,  0.44104277E+01,  0.23448662E+02, -0.11976790E+01,  0.23243110E+00, -0.22028498E+00, -0.13123024E+01
     705.,  0.39035043E+01,  0.24746755E+02, -0.11976790E+01,  0.35716808E+00, -0.35024226E+00, -0.19709389E+01
     706.,  0.47296296E+01,  0.24789162E+02, -0.11976790E+01,  0.31471372E+00, -0.30714142E+00, -0.17213241E+01
     707.,  0.55650125E+01,  0.24833483E+02, -0.11976790E+01,  0.26975196E+00, -0.26053352E+00, -0.14637345E+01
     708.,  0.64111830E+01,  0.24878446E+02, -0.11976790E+01,  0.23006414E+00, -0.21931858E+00, -0.12284922E+01
     709.,  0.72693970E+01,  0.24922044E+02, -0.11976790E+01,  0.18744768E+00, -0.17039212E+00, -0.98930107E+00
     710.,  0.81401950E+01,  0.24961485E+02, -0.11976790E+01,  0.12905406E+00, -0.98732317E-01, -0.69954411E+00
     711.,  0.90228584E+01,  0.24993381E+02, -0.11976790E+01,  0.75227464E-01, -0.34767299E-01, -0.40990274E+00
     712.,  0.99149629E+01,  0.25014296E+02, -0.11976790E+01,  0.32406877E-01, -0.38413245E-03, -0.14232854E+00
     713.,  0.10812349E+02,  0.25021599E+02, -0.11976790E+01, -0.40963998E-02,  0.13928700E-02,  0.11730018E+00
     714.,  0.11709735E+02,  0.25014296E+02, -0.11976790E+01, -0.40360228E-01, -0.12745813E-01,  0.35597282E+00
     715.,  0.12601839E+02,  0.24993381E+02, -0.11976790E+01, -0.77156665E-01, -0.78895029E-01,  0.55978052E+00
     716.,  0.13484503E+02,  0.24961485E+02, -0.11976790E+01, -0.10398889E+00, -0.13656556E+00,  0.76429547E+00
     717.,  0.14355301E+02,  0.24922044E+02, -0.11976790E+01, -0.13560034E+00, -0.18214970E+00,  0.97949406E+00
     718.,  0.15213515E+02,  0.24878446E+02, -0.11976790E+01, -0.18534502E+00, -0.25125213E+00,  0.12387138E+01
     719.,  0.16059685E+02,  0.24833483E+02, -0.11976790E+01, -0.23282880E+00, -0.31955956E+00,  0.14979597E+01
     720.,  0.16895068E+02,  0.24789162E+02, -0.11976790E+01, -0.27116333E+00, -0.37395564E+00,  0.17321322E+01
     721.,  0.17721194E+02,  0.24746755E+02, -0.11976790E+01, -0.30696516E+00, -0.42530110E+00,  0.19584496E+01
     722.,  0.17763310E+02,  0.23923924E+02, -0.11976790E+01, -0.23701544E+00, -0.32384320E+00,  0.15766095E+01
     723.,  0.17807145E+02,  0.23091892E+02, -0.11976790E+01, -0.16602392E+00, -0.22110414E+00,  0.11902135E+01
     724.,  0.17851396E+02,  0.22249211E+02, -0.11976790E+01, -0.97841046E-01, -0.12324458E+00,  0.80949812E+00
     725.,  0.17894052E+02,  0.21394738E+02, -0.11976790E+01, -0.41512529E-01, -0.45554179E-01,  0.46326412E+00
     726.,  0.17932370E+02,  0.20528057E+02, -0.11976790E+01, -0.10573062E-01, -0.72494058E-02,  0.20893193E+00
     727.,  0.17963077E+02,  0.19649989E+02, -0.11976790E+01, -0.17791604E-02,  0.11443438E-02,  0.76170711E-01
     728.,  0.17982913E+02,  0.18762985E+02, -0.11976790E+01, -0.46852140E-03,  0.15608395E-02,  0.26690811E-01
     729.,  0.17989437E+02,  0.17871114E+02, -0.11976790E+01, -0.36932988E-03,  0.14050626E-02,  0.10106619E-01
     730.,  0.17981786E+02,  0.16979453E+02, -0.11976790E+01, -0.36338024E-03,  0.13450458E-02,  0.36047302E-02
     731.,  0.17960970E+02,  0.16093037E+02, -0.11976790E+01, -0.39955365E-03,  0.12847225E-02,  0.10381515E-02
     732.,  0.17929526E+02,  0.15215817E+02, -0.11976790E+01, -0.42796489E-03,  0.12439437E-02,  0.69406696E-04
     733.,  0.17890742E+02,  0.14350106E+02, -0.11976790E+01, -0.45499856E-03,  0.12107378E-02, -0.28037777E-03
     734.,  0.17847866E+02,  0.13496610E+02, -0.11976790E+01, -0.48329318E-03,  0.11863963E-02, -0.41642041E-03
     735.,  0.17803584E+02,  0.12654834E+02, -0.11976790E+01, -0.51124431E-03,  0.11705525E-02, -0.47213327E-03
     736.,  0.17759847E+02,  0.11823596E+02, -0.11976790E+01, -0.53389840E-03,  0.11624693E-02, -0.50196207E-03
     737.,  0.17717908E+02,  0.11001440E+02, -0.11976790E+01, -0.54749757E-03,  0.11602884E-02, -0.52235650E-03
     738.,  0.16891599E+02,  0.10959285E+02, -0.11976790E+01, -0.55051764E-03,  0.11630736E-02, -0.35165740E-03
     739.,  0.16056109E+02,  0.10915319E+02, -0.11976790E+01, -0.56030176E-03,  0.11555278E-02, -0.19248502E-03
     740.,  0.15209961E+02,  0.10870820E+02, -0.11976790E+01, -0.58149949E-03,  0.11399989E-02, -0.57506525E-04
     741.,  0.14351961E+02,  0.10827776E+02, -0.11976790E+01, -0.61998925E-03,  0.11238829E-02,  0.42511753E-04
     742.,  0.13481625E+02,  0.10788928E+02, -0.11976790E+01, -0.68164762E-03,  0.11194749E-02,  0.10553407E-03
     743.,  0.12599704E+02,  0.10757580E+02, -0.11976790E+01, -0.77008992E-03,  0.11437225E-02,  0.13966431E-03
     744.,  0.11708592E+02,  0.10737058E+02, -0.11976790E+01, -0.88389773E-03,  0.12159119E-02,  0.15900831E-03
     745.,  0.10812349E+02,  0.10729899E+02, -0.11976790E+01, -0.10145772E-02,  0.13527459E-02,  0.17957016E-03
     746.,  0.99161063E+01,  0.10737058E+02, -0.11976790E+01, -0.11476193E-02,  0.15623444E-02,  0.21815270E-03
     747.,  0.90249942E+01,  0.10757580E+02, -0.11976790E+01, -0.12671785E-02,  0.18407277E-02,  0.29102334E-03
     748.,  0.81430724E+01,  0.10788928E+02, -0.11976790E+01, -0.13615642E-02,  0.21732844E-02,  0.40701372E-03
     749.,  0.72727372E+01,  0.10827776E+02, -0.11976790E+01, -0.14260232E-02,  0.25399410E-02,  0.55605186E-03
     750.,  0.64147369E+01,  0.10870820E+02, -0.11976790E+01, -0.14620513E-02,  0.29204705E-02,  0.70193623E-03
     751.,  0.55685889E+01,  0.10915319E+02, -0.11976790E+01, -0.14751047E-02,  0.32977551E-02,  0.79109864E-03
     752.,  0.47330993E+01,  0.10959285E+02, -0.11976790E+01, -0.14719906E-02,  0.36594809E-02,  0.78111355E-03
     753.,  0.39067902E+01,  0.11001440E+02, -0.11976790E+01, -0.14590995E-02,  0.40009645E-02,  0.67277225E-03
     754.,  0.38648512E+01,  0.11823596E+02, -0.11976790E+01, -0.11368659E-02,  0.40218908E-02,  0.32404069E-03
     755.,  0.38211139E+01,  0.12654834E+02, -0.11976790E+01, -0.82716710E-03,  0.40535981E-02, -0.11528662E-03
     756.,  0.37768324E+01,  0.13496610E+02, -0.11976790E+01, -0.52622065E-03,  0.41008030E-02, -0.75828118E-03
     757.,  0.37339555E+01,  0.14350106E+02, -0.11976790E+01, -0.22624803E-03,  0.41685423E-02, -0.18411482E-02
     758.,  0.36951723E+01,  0.15215817E+02, -0.11976790E+01,  0.78948552E-04,  0.42648955E-02, -0.38608221E-02
     759.,  0.36637283E+01,  0.16093037E+02, -0.11976790E+01,  0.41105072E-03,  0.43971226E-02, -0.79170808E-02
     760.,  0.36429117E+01,  0.16979453E+02, -0.11976790E+01,  0.85403980E-03,  0.45676929E-02, -0.16453299E-01
     761.,  0.36352605E+01,  0.17871114E+02, -0.11976790E+01,  0.15227412E-02,  0.49204839E-02, -0.37038147E-01
     762.,  0.36417849E+01,  0.18762985E+02, -0.11976790E+01,  0.40355523E-02,  0.49212226E-02, -0.90094617E-01
     763.,  0.36616208E+01,  0.19649989E+02, -0.11976790E+01,  0.14853913E-01, -0.84944813E-03, -0.20977812E+00
     764.,  0.36923275E+01,  0.20528057E+02, -0.11976790E+01,  0.45658571E-01, -0.25923836E-01, -0.42095373E+00
     765.,  0.37306454E+01,  0.21394738E+02, -0.11976790E+01,  0.10020735E+00, -0.78880112E-01, -0.70902280E+00
     766.,  0.37733019E+01,  0.22249211E+02, -0.11976790E+01,  0.16720708E+00, -0.14906619E+00, -0.10327724E+01
     767.,  0.38175525E+01,  0.23091892E+02, -0.11976790E+01,  0.23606464E+00, -0.22275939E+00, -0.13612815E+01
     768.,  0.38613883E+01,  0.23923924E+02, -0.11976790E+01,  0.30281235E+00, -0.29434430E+00, -0.16826670E+01
     769.,  0.33123489E+01,  0.25331999E+02, -0.11976790E+01,  0.39146874E+00, -0.39060672E+00, -0.22675190E+01
     770.,  0.42498489E+01,  0.25331999E+02, -0.11976790E+01,  0.34085769E+00, -0.34009807E+00, -0.19662013E+01
     771.,  0.51873489E+01,  0.25331999E+02, -0.11976790E+01,  0.29021095E+00, -0.28947295E+00, -0.16665111E+01
     772.,  0.61248489E+01,  0.25331999E+02, -0.11976790E+01,  0.24035725E+00, -0.23257750E+00, -0.13676028E+01
     773.,  0.70623489E+01,  0.25331999E+02, -0.11976790E+01,  0.18401635E+00, -0.16760076E+00, -0.10656687E+01
     774.,  0.79998489E+01,  0.25331999E+02, -0.11976790E+01,  0.13004530E+00, -0.10117731E+00, -0.76626922E+00
     775.,  0.89373489E+01,  0.25331999E+02, -0.11976790E+01,  0.81861794E-01, -0.37705821E-01, -0.46711352E+00
     776.,  0.98748489E+01,  0.25331999E+02, -0.11976790E+01,  0.40360614E-01, -0.17107584E-10, -0.17104510E+00
     777.,  0.10812349E+02,  0.25331999E+02, -0.11976790E+01, -0.72921060E-02, -0.85327129E-11,  0.12404483E+00
     778.,  0.11749849E+02,  0.25331999E+02, -0.11976790E+01, -0.54944826E-01,  0.39481602E-13,  0.41913477E+00
     779.,  0.12687349E+02,  0.25331999E+02, -0.11976790E+01, -0.94087773E-01, -0.10771267E+00,  0.70792125E+00
     780.,  0.13624849E+02,  0.25331999E+02, -0.11976790E+01, -0.14041235E+00, -0.19685330E+00,  0.98474202E+00
     781.,  0.14562349E+02,  0.25331999E+02, -0.11976790E+01, -0.19094507E+00, -0.25212800E+00,  0.12647634E+01
     782.,  0.15499849E+02,  0.25331999E+02, -0.11976790E+01, -0.24225782E+00, -0.33245453E+00,  0.15469160E+01
     783.,  0.16437349E+02,  0.25331999E+02, -0.11976790E+01, -0.29070132E+00, -0.40125872E+00,  0.18380263E+01
     784.,  0.17374849E+02,  0.25331999E+02, -0.11976790E+01, -0.33760442E+00, -0.46965172E+00,  0.21243866E+01
     785.,  0.18312349E+02,  0.25331999E+02, -0.11976790E+01, -0.38440256E+00, -0.53621167E+00,  0.24094598E+01
     786.,  0.18312349E+02,  0.24399186E+02, -0.11976790E+01, -0.30513578E+00, -0.42199919E+00,  0.19687494E+01
     787.,  0.18312349E+02,  0.23466374E+02, -0.11976790E+01, -0.22041846E+00, -0.29855657E+00,  0.15127360E+01
     788.,  0.18312349E+02,  0.22533562E+02, -0.11976790E+01, -0.13684572E+00, -0.17693395E+00,  0.10591403E+01
     789.,  0.18312349E+02,  0.21600749E+02, -0.11976790E+01, -0.62524437E-01, -0.70485575E-01,  0.62953224E+00
     790.,  0.18312349E+02,  0.20667936E+02, -0.11976790E+01, -0.16347228E-01, -0.10042685E-01,  0.28638368E+00
     791.,  0.18312349E+02,  0.19735124E+02, -0.11976790E+01, -0.26673259E-02,  0.18754361E-02,  0.98182229E-01
     792.,  0.18312349E+02,  0.18802311E+02, -0.11976790E+01, -0.59952522E-03,  0.15914097E-02,  0.32742073E-01
     793.,  0.18312349E+02,  0.17869499E+02, -0.11976790E+01, -0.39189890E-03,  0.14327327E-02,  0.12268273E-01
     794.,  0.18312349E+02,  0.16936686E+02, -0.11976790E+01, -0.37321375E-03,  0.13265925E-02,  0.44123491E-02
     795.,  0.18312349E+02,  0.16003874E+02, -0.11976790E+01, -0.40861953E-03,  0.12716896E-02,  0.12299431E-02
     796.,  0.18312349E+02,  0.15071061E+02, -0.11976790E+01, -0.43708501E-03,  0.12271816E-02,  0.54332661E-04
     797.,  0.18312349E+02,  0.14138249E+02, -0.11976790E+01, -0.46607722E-03,  0.11924553E-02, -0.37382365E-03
     798.,  0.18312349E+02,  0.13205437E+02, -0.11976790E+01, -0.49630062E-03,  0.11678132E-02, -0.53260044E-03
     799.,  0.18312349E+02,  0.12272624E+02, -0.11976790E+01, -0.52412645E-03,  0.11558613E-02, -0.59989775E-03
     800.,  0.18312349E+02,  0.11339811E+02, -0.11976790E+01, -0.54275092E-03,  0.11537883E-02, -0.63798099E-03
     801.,  0.18312349E+02,  0.10406999E+02, -0.11976790E+01, -0.55351333E-03,  0.11542958E-02, -0.66830586E-03
     802.,  0.17374849E+02,  0.10406999E+02, -0.11976790E+01, -0.55298801E-03,  0.11622844E-02, -0.46982569E-03
     803.,  0.16437349E+02,  0.10406999E+02, -0.11976790E+01, -0.55540816E-03,  0.11616728E-02, -0.28108878E-03
     804.,  0.15499849E+02,  0.10406999E+02, -0.11976790E+01, -0.57066955E-03,  0.11497023E-02, -0.11593825E-03
     805.,  0.14562349E+02,  0.10406999E+02, -0.11976790E+01, -0.60874945E-03,  0.11340328E-02,  0.10481756E-04
     806.,  0.13624849E+02,  0.10406999E+02, -0.11976790E+01, -0.67755037E-03,  0.11283294E-02,  0.92019030E-04
     807.,  0.12687349E+02,  0.10406999E+02, -0.11976790E+01, -0.78130368E-03,  0.11515006E-02,  0.13652021E-03
     808.,  0.11749849E+02,  0.10406999E+02, -0.11976790E+01, -0.91796451E-03,  0.12249720E-02,  0.16156554E-03
     809.,  0.10812349E+02,  0.10406999E+02, -0.11976790E+01, -0.10777123E-02,  0.13674229E-02,  0.18804498E-03
     810.,  0.98748489E+01,  0.10406999E+02, -0.11976790E+01, -0.12442120E-02,  0.15886267E-02,  0.23813087E-03
     811.,  0.89373489E+01,  0.10406999E+02, -0.11976790E+01, -0.13989481E-02,  0.18856491E-02,  0.33350006E-03
     812.,  0.79998489E+01,  0.10406999E+02, -0.11976790E+01, -0.15265533E-02,  0.22438490E-02,  0.48562318E-03
     813.,  0.70623489E+01,  0.10406999E+02, -0.11976790E+01, -0.16183103E-02,  0.26416935E-02,  0.67844628E-03
     814.,  0.61248489E+01,  0.10406999E+02, -0.11976790E+01, -0.16729289E-02,  0.30562428E-02,  0.85891408E-03
     815.,  0.51873489E+01,  0.10406999E+02, -0.11976790E+01, -0.16958664E-02,  0.34671619E-02,  0.95686092E-03
     816.,  0.42498489E+01,  0.10406999E+02, -0.11976790E+01, -0.16993310E-02,  0.38606333E-02,  0.93275076E-03
     817.,  0.33123489E+01,  0.10406999E+02, -0.11976790E+01, -0.16983582E-02,  0.42402933E-02,  0.81941475E-03
     818.,  0.33123489E+01,  0.11339811E+02, -0.11976790E+01, -0.13250654E-02,  0.42392073E-02,  0.40824814E-03
     819.,  0.33123489E+01,  0.12272624E+02, -0.11976790E+01, -0.96530252E-03,  0.42420423E-02, -0.10563638E-03
     820.,  0.33123489E+01,  0.13205437E+02, -0.11976790E+01, -0.62365510E-03,  0.42620426E-02, -0.87187707E-03
     821.,  0.33123489E+01,  0.14138249E+02, -0.11976790E+01, -0.29153503E-03,  0.43097844E-02, -0.21738120E-02
     822.,  0.33123489E+01,  0.15071061E+02, -0.11976790E+01,  0.42615325E-04,  0.43926262E-02, -0.46322985E-02
     823.,  0.33123489E+01,  0.16003874E+02, -0.11976790E+01,  0.39765273E-03,  0.45278518E-02, -0.95550679E-02
     824.,  0.33123489E+01,  0.16936686E+02, -0.11976790E+01,  0.88718024E-03,  0.47423878E-02, -0.19776826E-01
     825.,  0.33123489E+01,  0.17869499E+02, -0.11976790E+01,  0.17701304E-02,  0.52293459E-02, -0.44811735E-01
     826.,  0.33123489E+01,  0.18802311E+02, -0.11976790E+01,  0.51842857E-02,  0.59390255E-02, -0.11287654E+00
     827.,  0.33123489E+01,  0.19735124E+02, -0.11976790E+01,  0.20023452E-01, -0.11817605E-02, -0.27154891E+00
     828.,  0.33123489E+01,  0.20667936E+02, -0.11976790E+01,  0.62569415E-01, -0.38223966E-01, -0.54881697E+00
     829.,  0.33123489E+01,  0.21600749E+02, -0.11976790E+01,  0.13388744E+00, -0.11162282E+00, -0.90784174E+00
     830.,  0.33123489E+01,  0.22533562E+02, -0.11976790E+01,  0.21502518E+00, -0.19848852E+00, -0.12925319E+01
     831.,  0.33123489E+01,  0.23466374E+02, -0.11976790E+01,  0.29639791E+00, -0.28618917E+00, -0.16788952E+01
     832.,  0.33123489E+01,  0.24399186E+02, -0.11976790E+01,  0.37575504E+00, -0.37070487E+00, -0.20603898E+01
     833.,  0.33123489E+01,  0.25331999E+02, -0.19237207E+01,  0.61849357E+00, -0.30134224E+00, -0.22251914E+01
     834.,  0.42498489E+01,  0.25331999E+02, -0.19237207E+01,  0.56757482E+00, -0.25116200E+00, -0.19244681E+01
     835.,  0.51873489E+01,  0.25331999E+02, -0.19237207E+01,  0.51704748E+00, -0.19756578E+00, -0.16244593E+01
     836.,  0.61248489E+01,  0.25331999E+02, -0.19237207E+01,  0.46047025E+00, -0.92587728E-01, -0.13181038E+01
     837.,  0.70623489E+01,  0.25331999E+02, -0.19237207E+01,  0.41184954E+00, -0.23195049E-10, -0.10194105E+01
     838.,  0.79998489E+01,  0.25331999E+02, -0.19237207E+01,  0.36419682E+00, -0.14622403E-10, -0.72432058E+00
     839.,  0.89373489E+01,  0.25331999E+02, -0.19237207E+01,  0.31654409E+00, -0.60612647E-11, -0.42923065E+00
     840.,  0.98748489E+01,  0.25331999E+02, -0.19237207E+01,  0.26889137E+00,  0.25172353E-11, -0.13414072E+00
     841.,  0.10812349E+02,  0.25331999E+02, -0.19237207E+01,  0.22123865E+00,  0.11080244E-10,  0.16094922E+00
     842.,  0.11749849E+02,  0.25331999E+02, -0.19237207E+01,  0.17358593E+00,  0.19645306E-10,  0.45603915E+00
     843.,  0.12687349E+02,  0.25331999E+02, -0.19237207E+01,  0.12593321E+00,  0.28222838E-10,  0.75112909E+00
     844.,  0.13624849E+02,  0.25331999E+02, -0.19237207E+01,  0.78280493E-01,  0.36785785E-10,  0.10462190E+01
     845.,  0.14562349E+02,  0.25331999E+02, -0.19237207E+01,  0.30627772E-01,  0.45352706E-10,  0.13413090E+01
     846.,  0.15499849E+02,  0.25331999E+02, -0.19237207E+01, -0.15801173E-01, -0.80476163E-01,  0.16329703E+01
     847.,  0.16437349E+02,  0.25331999E+02, -0.19237207E+01, -0.63758073E-01, -0.16437644E+00,  0.19169218E+01
     848.,  0.17374849E+02,  0.25331999E+02, -0.19237207E+01, -0.11245207E+00, -0.21680418E+00,  0.22082075E+01
     849.,  0.18312349E+02,  0.25331999E+02, -0.19237207E+01, -0.16077264E+00, -0.26163796E+00,  0.25013737E+01
     850.,  0.33123489E+01,  0.25331999E+02, -0.26497623E+01,  0.83522043E+00, -0.12042105E+00, -0.21683979E+01
     851.,  0.42498489E+01,  0.25331999E+02, -0.26497623E+01,  0.78626966E+00, -0.90769113E-01, -0.18722060E+01
     852.,  0.51873489E+01,  0.25331999E+02, -0.26497623E+01,  0.73683758E+00, -0.52292233E-01, -0.15745336E+01
     853.,  0.61248489E+01,  0.25331999E+02, -0.26497623E+01,  0.68803302E+00, -0.12151077E-10, -0.12775961E+01
     854.,  0.70623489E+01,  0.25331999E+02, -0.26497623E+01,  0.64038030E+00, -0.35839138E-11, -0.98250613E+00
     855.,  0.79998489E+01,  0.25331999E+02, -0.26497623E+01,  0.59272758E+00,  0.49913722E-11, -0.68741620E+00
     856.,  0.89373489E+01,  0.25331999E+02, -0.26497623E+01,  0.54507485E+00,  0.13550850E-10, -0.39232626E+00
     857.,  0.98748489E+01,  0.25331999E+02, -0.26497623E+01,  0.49742213E+00,  0.22130407E-10, -0.97236331E-01
     858.,  0.10812349E+02,  0.25331999E+02, -0.26497623E+01,  0.44976941E+00,  0.30695100E-10,  0.19785360E+00
     859.,  0.11749849E+02,  0.25331999E+02, -0.26497623E+01,  0.40211669E+00,  0.39265465E-10,  0.49294354E+00
     860.,  0.12687349E+02,  0.25331999E+02, -0.26497623E+01,  0.35446397E+00,  0.47834059E-10,  0.78803347E+00
     861.,  0.13624849E+02,  0.25331999E+02, -0.26497623E+01,  0.30681125E+00,  0.56395559E-10,  0.10831234E+01
     862.,  0.14562349E+02,  0.25331999E+02, -0.26497623E+01,  0.25915853E+00,  0.64967336E-10,  0.13782133E+01
     863.,  0.15499849E+02,  0.25331999E+02, -0.26497623E+01,  0.21150581E+00,  0.73528105E-10,  0.16733033E+01
     864.,  0.16437349E+02,  0.25331999E+02, -0.26497623E+01,  0.16415217E+00, -0.37763856E-01,  0.19667057E+01
     865.,  0.17374849E+02,  0.25331999E+02, -0.26497623E+01,  0.11647476E+00, -0.80409372E-01,  0.22594462E+01
     866.,  0.18312349E+02,  0.25331999E+02, -0.26497623E+01,  0.67779800E-01, -0.99013409E-01,  0.25561204E+01
     867.,  0.33123489E+01,  0.25331999E+02, -0.33758040E+01,  0.10594201E+01, -0.14493294E-01, -0.21254194E+01
     868.,  0.42498489E+01,  0.25331999E+02, -0.33758040E+01,  0.10118692E+01, -0.96786447E-11, -0.18308715E+01
     869.,  0.51873489E+01,  0.25331999E+02, -0.33758040E+01,  0.96421650E+00, -0.11152817E-11, -0.15357816E+01
     870.,  0.61248489E+01,  0.25331999E+02, -0.33758040E+01,  0.91656378E+00,  0.74595257E-11, -0.12406917E+01
     871.,  0.70623489E+01,  0.25331999E+02, -0.33758040E+01,  0.86891106E+00,  0.16039845E-10, -0.94560175E+00
     872.,  0.79998489E+01,  0.25331999E+02, -0.33758040E+01,  0.82125834E+00,  0.24605722E-10, -0.65051181E+00
     873.,  0.89373489E+01,  0.25331999E+02, -0.33758040E+01,  0.77360561E+00,  0.33168576E-10, -0.35542188E+00
     874.,  0.98748489E+01,  0.25331999E+02, -0.33758040E+01,  0.72595289E+00,  0.41742217E-10, -0.60331946E-01
     875.,  0.10812349E+02,  0.25331999E+02, -0.33758040E+01,  0.67830017E+00,  0.50308174E-10,  0.23475799E+00
     876.,  0.11749849E+02,  0.25331999E+02, -0.33758040E+01,  0.63064745E+00,  0.58879452E-10,  0.52984792E+00
     877.,  0.12687349E+02,  0.25331999E+02, -0.33758040E+01,  0.58299473E+00,  0.67446622E-10,  0.82493786E+00
     878.,  0.13624849E+02,  0.25331999E+02, -0.33758040E+01,  0.53534201E+00,  0.76012058E-10,  0.11200278E+01
     879.,  0.14562349E+02,  0.25331999E+02, -0.33758040E+01,  0.48768929E+00,  0.84590595E-10,  0.14151177E+01
     880.,  0.15499849E+02,  0.25331999E+02, -0.33758040E+01,  0.44003657E+00,  0.93146278E-10,  0.17102077E+01
     881.,  0.16437349E+02,  0.25331999E+02, -0.33758040E+01,  0.39238385E+00,  0.10173031E-09,  0.20052976E+01
     882.,  0.17374849E+02,  0.25331999E+02, -0.33758040E+01,  0.34499581E+00, -0.17763224E-01,  0.22999133E+01
     883.,  0.18312349E+02,  0.25331999E+02, -0.33758040E+01,  0.29703001E+00, -0.25603197E-01,  0.25954736E+01
     884.,  0.33123489E+01,  0.25331999E+02, -0.41018457E+01,  0.12880242E+01,  0.18519392E-02, -0.20889458E+01
     885.,  0.42498489E+01,  0.25331999E+02, -0.41018457E+01,  0.12404000E+01,  0.99378936E-11, -0.17939672E+01
     886.,  0.51873489E+01,  0.25331999E+02, -0.41018457E+01,  0.11927473E+01,  0.18500001E-10, -0.14988772E+01
     887.,  0.61248489E+01,  0.25331999E+02, -0.41018457E+01,  0.11450945E+01,  0.27078528E-10, -0.12037873E+01
     888.,  0.70623489E+01,  0.25331999E+02, -0.41018457E+01,  0.10974418E+01,  0.35642926E-10, -0.90869736E+00
     889.,  0.79998489E+01,  0.25331999E+02, -0.41018457E+01,  0.10497891E+01,  0.44218635E-10, -0.61360743E+00
     890.,  0.89373489E+01,  0.25331999E+02, -0.41018457E+01,  0.10021364E+01,  0.52786233E-10, -0.31851750E+00
     891.,  0.98748489E+01,  0.25331999E+02, -0.41018457E+01,  0.95448365E+00,  0.61354730E-10, -0.23427561E-01
     892.,  0.10812349E+02,  0.25331999E+02, -0.41018457E+01,  0.90683093E+00,  0.69925698E-10,  0.27166237E+00
     893.,  0.11749849E+02,  0.25331999E+02, -0.41018457E+01,  0.85917821E+00,  0.78489874E-10,  0.56675231E+00
     894.,  0.12687349E+02,  0.25331999E+02, -0.41018457E+01,  0.81152549E+00,  0.87056301E-10,  0.86184224E+00
     895.,  0.13624849E+02,  0.25331999E+02, -0.41018457E+01,  0.76387277E+00,  0.95621918E-10,  0.11569322E+01
     896.,  0.14562349E+02,  0.25331999E+02, -0.41018457E+01,  0.71622005E+00,  0.10418744E-09,  0.14520221E+01
     897.,  0.15499849E+02,  0.25331999E+02, -0.41018457E+01,  0.66856733E+00,  0.11275763E-09,  0.17471120E+01
     898.,  0.16437349E+02,  0.25331999E+02, -0.41018457E+01,  0.62091461E+00,  0.12133260E-09,  0.20422020E+01
     899.,  0.17374849E+02,  0.25331999E+02, -0.41018457E+01,  0.57326189E+00,  0.12991082E-09,  0.23372919E+01
     900.,  0.18312349E+02,  0.25331999E+02, -0.41018457E+01,  0.52570356E+00, -0.30035062E-02,  0.26323775E+01
     901.,  0.33123489E+01,  0.25331999E+02, -0.48278873E+01,  0.15165835E+01,  0.20986681E-10, -0.20521527E+01
     902.,  0.42498489E+01,  0.25331999E+02, -0.48278873E+01,  0.14689307E+01,  0.29551118E-10, -0.17570628E+01
     903.,  0.51873489E+01,  0.25331999E+02, -0.48278873E+01,  0.14212780E+01,  0.38115663E-10, -0.14619728E+01
     904.,  0.61248489E+01,  0.25331999E+02, -0.48278873E+01,  0.13736253E+01,  0.46690404E-10, -0.11668829E+01
     905.,  0.70623489E+01,  0.25331999E+02, -0.48278873E+01,  0.13259726E+01,  0.55266186E-10, -0.87179298E+00
     906.,  0.79998489E+01,  0.25331999E+02, -0.48278873E+01,  0.12783199E+01,  0.63827278E-10, -0.57670304E+00
     907.,  0.89373489E+01,  0.25331999E+02, -0.48278873E+01,  0.12306671E+01,  0.72390472E-10, -0.28161311E+00
     908.,  0.98748489E+01,  0.25331999E+02, -0.48278873E+01,  0.11830144E+01,  0.80963843E-10,  0.13476823E-01
     909.,  0.10812349E+02,  0.25331999E+02, -0.48278873E+01,  0.11353617E+01,  0.89532508E-10,  0.30856676E+00
     910.,  0.11749849E+02,  0.25331999E+02, -0.48278873E+01,  0.10877090E+01,  0.98105685E-10,  0.60365669E+00
     911.,  0.12687349E+02,  0.25331999E+02, -0.48278873E+01,  0.10400563E+01,  0.10666769E-09,  0.89874663E+00
     912.,  0.13624849E+02,  0.25331999E+02, -0.48278873E+01,  0.99240353E+00,  0.11523524E-09,  0.11938366E+01
     913.,  0.14562349E+02,  0.25331999E+02, -0.48278873E+01,  0.94475081E+00,  0.12380998E-09,  0.14889265E+01
     914.,  0.15499849E+02,  0.25331999E+02, -0.48278873E+01,  0.89709809E+00,  0.13238406E-09,  0.17840164E+01
     915.,  0.16437349E+02,  0.25331999E+02, -0.48278873E+01,  0.84944537E+00,  0.14095179E-09,  0.20791064E+01
     916.,  0.17374849E+02,  0.25331999E+02, -0.48278873E+01,  0.80179265E+00,  0.14951420E-09,  0.23741963E+01
     917.,  0.18312349E+02,  0.25331999E+02, -0.48278873E+01,  0.75413993E+00,  0.15808591E-09,  0.26692862E+01
     918.,  0.33123489E+01,  0.25331999E+02, -0.55539290E+01,  0.17451142E+01,  0.40591108E-10, -0.20152483E+01
     919.,  0.42498489E+01,  0.25331999E+02, -0.55539290E+01,  0.16974615E+01,  0.49161166E-10, -0.17201584E+01
     920.,  0.51873489E+01,  0.25331999E+02, -0.55539290E+01,  0.16498088E+01,  0.57723985E-10, -0.14250685E+01
     921.,  0.61248489E+01,  0.25331999E+02, -0.55539290E+01,  0.16021561E+01,  0.66300555E-10, -0.11299785E+01
     922.,  0.70623489E+01,  0.25331999E+02, -0.55539290E+01,  0.15545033E+01,  0.74866816E-10, -0.83488859E+00
     923.,  0.79998489E+01,  0.25331999E+02, -0.55539290E+01,  0.15068506E+01,  0.83448727E-10, -0.53979866E+00
     924.,  0.89373489E+01,  0.25331999E+02, -0.55539290E+01,  0.14591979E+01,  0.92019291E-10, -0.24470873E+00
     925.,  0.98748489E+01,  0.25331999E+02, -0.55539290E+01,  0.14115452E+01,  0.10058601E-09,  0.50381208E-01
     926.,  0.10812349E+02,  0.25331999E+02, -0.55539290E+01,  0.13638925E+01,  0.10914312E-09,  0.34547114E+00
     927.,  0.11749849E+02,  0.25331999E+02, -0.55539290E+01,  0.13162397E+01,  0.11772331E-09,  0.64056108E+00
     928.,  0.12687349E+02,  0.25331999E+02, -0.55539290E+01,  0.12685870E+01,  0.12628465E-09,  0.93565101E+00
     929.,  0.13624849E+02,  0.25331999E+02, -0.55539290E+01,  0.12209343E+01,  0.13485395E-09,  0.12307409E+01
     930.,  0.14562349E+02,  0.25331999E+02, -0.55539290E+01,  0.11732816E+01,  0.14342915E-09,  0.15258309E+01
     931.,  0.15499849E+02,  0.25331999E+02, -0.55539290E+01,  0.11256289E+01,  0.15200016E-09,  0.18209208E+01
     932.,  0.16437349E+02,  0.25331999E+02, -0.55539290E+01,  0.10779761E+01,  0.16056991E-09,  0.21160107E+01
     933.,  0.17374849E+02,  0.25331999E+02, -0.55539290E+01,  0.10303234E+01,  0.16913514E-09,  0.24111007E+01
     934.,  0.18312349E+02,  0.25331999E+02, -0.55539290E+01,  0.98267069E+00,  0.17769740E-09,  0.27061906E+01
     935.,  0.33123489E+01,  0.25331999E+02, -0.62799707E+01,  0.19736450E+01,  0.60220046E-10, -0.19783439E+01
     936.,  0.42498489E+01,  0.25331999E+02, -0.62799707E+01,  0.19259923E+01,  0.68771451E-10, -0.16832540E+01
     937.,  0.51873489E+01,  0.25331999E+02, -0.62799707E+01,  0.18783395E+01,  0.77340843E-10, -0.13881641E+01
     938.,  0.61248489E+01,  0.25331999E+02, -0.62799707E+01,  0.18306868E+01,  0.85923218E-10, -0.10930741E+01
     939.,  0.70623489E+01,  0.25331999E+02, -0.62799707E+01,  0.17830341E+01,  0.94483571E-10, -0.79798421E+00
     940.,  0.79998489E+01,  0.25331999E+02, -0.62799707E+01,  0.17353814E+01,  0.10304938E-09, -0.50289428E+00
     941.,  0.89373489E+01,  0.25331999E+02, -0.62799707E+01,  0.16877287E+01,  0.11161981E-09, -0.20780434E+00
     942.,  0.98748489E+01,  0.25331999E+02, -0.62799707E+01,  0.16400759E+01,  0.12018995E-09,  0.87285593E-01
     943.,  0.10812349E+02,  0.25331999E+02, -0.62799707E+01,  0.15924232E+01,  0.12876145E-09,  0.38237553E+00
     944.,  0.11749849E+02,  0.25331999E+02, -0.62799707E+01,  0.15447705E+01,  0.13732904E-09,  0.67746546E+00
     945.,  0.12687349E+02,  0.25331999E+02, -0.62799707E+01,  0.14971178E+01,  0.14589894E-09,  0.97255539E+00
     946.,  0.13624849E+02,  0.25331999E+02, -0.62799707E+01,  0.14494651E+01,  0.15446245E-09,  0.12676453E+01
     947.,  0.14562349E+02,  0.25331999E+02, -0.62799707E+01,  0.14018123E+01,  0.16304356E-09,  0.15627353E+01
     948.,  0.15499849E+02,  0.25331999E+02, -0.62799707E+01,  0.13541596E+01,  0.17160934E-09,  0.18578252E+01
     949.,  0.16437349E+02,  0.25331999E+02, -0.62799707E+01,  0.13065069E+01,  0.18018602E-09,  0.21529151E+01
     950.,  0.17374849E+02,  0.25331999E+02, -0.62799707E+01,  0.12588542E+01,  0.18874699E-09,  0.24480051E+01
     951.,  0.18312349E+02,  0.25331999E+02, -0.62799707E+01,  0.12112014E+01,  0.19731974E-09,  0.27430950E+01
     952.,  0.33123489E+01,  0.25331999E+02, -0.70060123E+01,  0.22021757E+01,  0.79819844E-10, -0.19414396E+01
     953.,  0.42498489E+01,  0.25331999E+02, -0.70060123E+01,  0.21545230E+01,  0.88381789E-10, -0.16463496E+01
     954.,  0.51873489E+01,  0.25331999E+02, -0.70060123E+01,  0.21068703E+01,  0.96960957E-10, -0.13512597E+01
     955.,  0.61248489E+01,  0.25331999E+02, -0.70060123E+01,  0.20592176E+01,  0.10553345E-09, -0.10561698E+01
     956.,  0.70623489E+01,  0.25331999E+02, -0.70060123E+01,  0.20115649E+01,  0.11409194E-09, -0.76107982E+00
     957.,  0.79998489E+01,  0.25331999E+02, -0.70060123E+01,  0.19639121E+01,  0.12265856E-09, -0.46598989E+00
     958.,  0.89373489E+01,  0.25331999E+02, -0.70060123E+01,  0.19162594E+01,  0.13124332E-09, -0.17089996E+00
     959.,  0.98748489E+01,  0.25331999E+02, -0.70060123E+01,  0.18686067E+01,  0.13981435E-09,  0.12418998E+00
     960.,  0.10812349E+02,  0.25331999E+02, -0.70060123E+01,  0.18209540E+01,  0.14838293E-09,  0.41927991E+00
     961.,  0.11749849E+02,  0.25331999E+02, -0.70060123E+01,  0.17733013E+01,  0.15694004E-09,  0.71436984E+00
     962.,  0.12687349E+02,  0.25331999E+02, -0.70060123E+01,  0.17256485E+01,  0.16552048E-09,  0.10094598E+01
     963.,  0.13624849E+02,  0.25331999E+02, -0.70060123E+01,  0.16779958E+01,  0.17408550E-09,  0.13045497E+01
     964.,  0.14562349E+02,  0.25331999E+02, -0.70060123E+01,  0.16303431E+01,  0.18266259E-09,  0.15996396E+01
     965.,  0.15499849E+02,  0.25331999E+02, -0.70060123E+01,  0.15826904E+01,  0.19122592E-09,  0.18947296E+01
     966.,  0.16437349E+02,  0.25331999E+02, -0.70060123E+01,  0.15350377E+01,  0.19980393E-09,  0.21898195E+01
     967.,  0.17374849E+02,  0.25331999E+02, -0.70060123E+01,  0.14873849E+01,  0.20836420E-09,  0.24849094E+01
     968.,  0.18312349E+02,  0.25331999E+02, -0.70060123E+01,  0.14397322E+01,  0.21693354E-09,  0.27799994E+01
     969.,  0.33123489E+01,  0.25331999E+02, -0.77320540E+01,  0.24307065E+01,  0.99434152E-10, -0.19045352E+01
     970.,  0.42498489E+01,  0.25331999E+02, -0.77320540E+01,  0.23830538E+01,  0.10800610E-09, -0.16094452E+01
     971.,  0.51873489E+01,  0.25331999E+02, -0.77320540E+01,  0.23354011E+01,  0.11657195E-09, -0.13143553E+01
     972.,  0.61248489E+01,  0.25331999E+02, -0.77320540E+01,  0.22877483E+01,  0.12514261E-09, -0.10192654E+01
     973.,  0.70623489E+01,  0.25331999E+02, -0.77320540E+01,  0.22400956E+01,  0.13371568E-09, -0.72417544E+00
     974.,  0.79998489E+01,  0.25331999E+02, -0.77320540E+01,  0.21924429E+01,  0.14228931E-09, -0.42908551E+00
     975.,  0.89373489E+01,  0.25331999E+02, -0.77320540E+01,  0.21447902E+01,  0.15085200E-09, -0.13399557E+00
     976.,  0.98748489E+01,  0.25331999E+02, -0.77320540E+01,  0.20971375E+01,  0.15942161E-09,  0.16109436E+00
     977.,  0.10812349E+02,  0.25331999E+02, -0.77320540E+01,  0.20494847E+01,  0.16798784E-09,  0.45618430E+00
     978.,  0.11749849E+02,  0.25331999E+02, -0.77320540E+01,  0.20018320E+01,  0.17656141E-09,  0.75127423E+00
     979.,  0.12687349E+02,  0.25331999E+02, -0.77320540E+01,  0.19541793E+01,  0.18512815E-09,  0.10463642E+01
     980.,  0.13624849E+02,  0.25331999E+02, -0.77320540E+01,  0.19065266E+01,  0.19369664E-09,  0.13414541E+01
     981.,  0.14562349E+02,  0.25331999E+02, -0.77320540E+01,  0.18588739E+01,  0.20227011E-09,  0.16365440E+01
     982.,  0.15499849E+02,  0.25331999E+02, -0.77320540E+01,  0.18112211E+01,  0.21083719E-09,  0.19316340E+01
     983.,  0.16437349E+02,  0.25331999E+02, -0.77320540E+01,  0.17635684E+01,  0.21940635E-09,  0.22267239E+01
     984.,  0.17374849E+02,  0.25331999E+02, -0.77320540E+01,  0.17159157E+01,  0.22798092E-09,  0.25218138E+01
     985.,  0.18312349E+02,  0.25331999E+02, -0.77320540E+01,  0.16682630E+01,  0.23653644E-09,  0.28169038E+01
     986.,  0.33123489E+01,  0.25331999E+02, -0.84580957E+01,  0.26592373E+01,  0.11905472E-09, -0.18676308E+01
     987.,  0.42498489E+01,  0.25331999E+02, -0.84580957E+01,  0.26115845E+01,  0.12762395E-09, -0.15725409E+01
     988.,  0.51873489E+01,  0.25331999E+02, -0.84580957E+01,  0.25639318E+01,  0.13619117E-09, -0.12774509E+01
     989.,  0.61248489E+01,  0.25331999E+02, -0.84580957E+01,  0.25162791E+01,  0.14475692E-09, -0.98236099E+00
     990.,  0.70623489E+01,  0.25331999E+02, -0.84580957E+01,  0.24686264E+01,  0.15333049E-09, -0.68727106E+00
     991.,  0.79998489E+01,  0.25331999E+02, -0.84580957E+01,  0.24209737E+01,  0.16190128E-09, -0.39218112E+00
     992.,  0.89373489E+01,  0.25331999E+02, -0.84580957E+01,  0.23733209E+01,  0.17047765E-09, -0.97091188E-01
     993.,  0.98748489E+01,  0.25331999E+02, -0.84580957E+01,  0.23256682E+01,  0.17904028E-09,  0.19799875E+00
     994.,  0.10812349E+02,  0.25331999E+02, -0.84580957E+01,  0.22780155E+01,  0.18760809E-09,  0.49308868E+00
     995.,  0.11749849E+02,  0.25331999E+02, -0.84580957E+01,  0.22303628E+01,  0.19617615E-09,  0.78817861E+00
     996.,  0.12687349E+02,  0.25331999E+02, -0.84580957E+01,  0.21827101E+01,  0.20474209E-09,  0.10832685E+01
     997.,  0.13624849E+02,  0.25331999E+02, -0.84580957E+01,  0.21350573E+01,  0.21330610E-09,  0.13783585E+01
     998.,  0.14562349E+02,  0.25331999E+02, -0.84580957E+01,  0.20874046E+01,  0.22189793E-09,  0.16734484E+01
     999.,  0.15499849E+02,  0.25331999E+02, -0.84580957E+01,  0.20397519E+01,  0.23045313E-09,  0.19685383E+01
    1000.,  0.16437349E+02,  0.25331999E+02, -0.84580957E+01,  0.19920992E+01,  0.23902379E-09,  0.22636283E+01
    1001.,  0.17374849E+02,  0.25331999E+02, -0.84580957E+01,  0.19444465E+01,  0.24759608E-09,  0.25587182E+01
    1002.,  0.18312349E+02,  0.25331999E+02, -0.84580957E+01,  0.18967937E+01,  0.25615914E-09,  0.28538082E+01
    1003.,  0.33123489E+01,  0.25331999E+02, -0.91841373E+01,  0.28877680E+01,  0.13867228E-09, -0.18307264E+01
    1004.,  0.42498489E+01,  0.25331999E+02, -0.91841373E+01,  0.28401153E+01,  0.14722564E-09, -0.15356365E+01
    1005.,  0.51873489E+01,  0.25331999E+02, -0.91841373E+01,  0.27924626E+01,  0.15580721E-09, -0.12405465E+01
    1006.,  0.61248489E+01,  0.25331999E+02, -0.91841373E+01,  0.27448099E+01,  0.16437673E-09, -0.94545660E+00
    1007.,  0.70623489E+01,  0.25331999E+02, -0.91841373E+01,  0.26971571E+01,  0.17294102E-09, -0.65036667E+00
    1008.,  0.79998489E+01,  0.25331999E+02, -0.91841373E+01,  0.26495044E+01,  0.18152336E-09, -0.35527674E+00
    1009.,  0.89373489E+01,  0.25331999E+02, -0.91841373E+01,  0.26018517E+01,  0.19008923E-09, -0.60186803E-01
    1010.,  0.98748489E+01,  0.25331999E+02, -0.91841373E+01,  0.25541990E+01,  0.19864748E-09,  0.23490313E+00
    1011.,  0.10812349E+02,  0.25331999E+02, -0.91841373E+01,  0.25065463E+01,  0.20721795E-09,  0.52999306E+00
    1012.,  0.11749849E+02,  0.25331999E+02, -0.91841373E+01,  0.24588935E+01,  0.21579424E-09,  0.82508300E+00
    1013.,  0.12687349E+02,  0.25331999E+02, -0.91841373E+01,  0.24112408E+01,  0.22435369E-09,  0.11201729E+01
    1014.,  0.13624849E+02,  0.25331999E+02, -0.91841373E+01,  0.23635881E+01,  0.23293020E-09,  0.14152629E+01
    1015.,  0.14562349E+02,  0.25331999E+02, -0.91841373E+01,  0.23159354E+01,  0.24149923E-09,  0.17103528E+01
    1016.,  0.15499849E+02,  0.25331999E+02, -0.91841373E+01,  0.22682827E+01,  0.25005611E-09,  0.20054427E+01
    1017.,  0.16437349E+02,  0.25331999E+02, -0.91841373E+01,  0.22206299E+01,  0.25863148E-09,  0.23005327E+01
    1018.,  0.17374849E+02,  0.25331999E+02, -0.91841373E+01,  0.21729772E+01,  0.26721020E-09,  0.25956226E+01
    1019.,  0.18312349E+02,  0.25331999E+02, -0.91841373E+01,  0.21253245E+01,  0.27577618E-09,  0.28907125E+01
    1020.,  0.33123489E+01,  0.25331999E+02, -0.99101790E+01,  0.31162988E+01,  0.15827413E-09, -0.17938220E+01
    1021.,  0.42498489E+01,  0.25331999E+02, -0.99101790E+01,  0.30686461E+01,  0.16684530E-09, -0.14987321E+01
    1022.,  0.51873489E+01,  0.25331999E+02, -0.99101790E+01,  0.30209933E+01,  0.17541587E-09, -0.12036422E+01
    1023.,  0.61248489E+01,  0.25331999E+02, -0.99101790E+01,  0.29733406E+01,  0.18399304E-09, -0.90855222E+00
    1024.,  0.70623489E+01,  0.25331999E+02, -0.99101790E+01,  0.29256879E+01,  0.19254557E-09, -0.61346229E+00
    1025.,  0.79998489E+01,  0.25331999E+02, -0.99101790E+01,  0.28780352E+01,  0.20112013E-09, -0.31837235E+00
    1026.,  0.89373489E+01,  0.25331999E+02, -0.99101790E+01,  0.28303825E+01,  0.20968232E-09, -0.23282418E-01
    1027.,  0.98748489E+01,  0.25331999E+02, -0.99101790E+01,  0.27827297E+01,  0.21827113E-09,  0.27180752E+00
    1028.,  0.10812349E+02,  0.25331999E+02, -0.99101790E+01,  0.27350770E+01,  0.22684536E-09,  0.56689745E+00
    1029.,  0.11749849E+02,  0.25331999E+02, -0.99101790E+01,  0.26874243E+01,  0.23540717E-09,  0.86198738E+00
    1030.,  0.12687349E+02,  0.25331999E+02, -0.99101790E+01,  0.26397716E+01,  0.24396466E-09,  0.11570773E+01
    1031.,  0.13624849E+02,  0.25331999E+02, -0.99101790E+01,  0.25921189E+01,  0.25254350E-09,  0.14521673E+01
    1032.,  0.14562349E+02,  0.25331999E+02, -0.99101790E+01,  0.25444661E+01,  0.26110840E-09,  0.17472572E+01
    1033.,  0.15499849E+02,  0.25331999E+02, -0.99101790E+01,  0.24968134E+01,  0.26967606E-09,  0.20423471E+01
    1034.,  0.16437349E+02,  0.25331999E+02, -0.99101790E+01,  0.24491607E+01,  0.27824814E-09,  0.23374371E+01
    1035.,  0.17374849E+02,  0.25331999E+02, -0.99101790E+01,  0.24015080E+01,  0.28682705E-09,  0.26325270E+01
    1036.,  0.18312349E+02,  0.25331999E+02, -0.99101790E+01,  0.23538552E+01,  0.29539053E-09,  0.29276169E+01
    1037.,  0.33123489E+01,  0.25331999E+02, -0.10636221E+02,  0.33448295E+01,  0.17789629E-09, -0.17569176E+01
    1038.,  0.42498489E+01,  0.25331999E+02, -0.10636221E+02,  0.32971768E+01,  0.18647210E-09, -0.14618277E+01
    1039.,  0.51873489E+01,  0.25331999E+02, -0.10636221E+02,  0.32495241E+01,  0.19503654E-09, -0.11667378E+01
    1040.,  0.61248489E+01,  0.25331999E+02, -0.10636221E+02,  0.32018714E+01,  0.20360384E-09, -0.87164784E+00
    1041.,  0.70623489E+01,  0.25331999E+02, -0.10636221E+02,  0.31542187E+01,  0.21217971E-09, -0.57655790E+00
    1042.,  0.79998489E+01,  0.25331999E+02, -0.10636221E+02,  0.31065659E+01,  0.22074016E-09, -0.28146797E+00
    1043.,  0.89373489E+01,  0.25331999E+02, -0.10636221E+02,  0.30589132E+01,  0.22930861E-09,  0.13621967E-01
    1044.,  0.98748489E+01,  0.25331999E+02, -0.10636221E+02,  0.30112605E+01,  0.23788216E-09,  0.30871190E+00
    1045.,  0.10812349E+02,  0.25331999E+02, -0.10636221E+02,  0.29636078E+01,  0.24645163E-09,  0.60380183E+00
    1046.,  0.11749849E+02,  0.25331999E+02, -0.10636221E+02,  0.29159551E+01,  0.25501978E-09,  0.89889177E+00
    1047.,  0.12687349E+02,  0.25331999E+02, -0.10636221E+02,  0.28683023E+01,  0.26359463E-09,  0.11939817E+01
    1048.,  0.13624849E+02,  0.25331999E+02, -0.10636221E+02,  0.28206496E+01,  0.27214841E-09,  0.14890716E+01
    1049.,  0.14562349E+02,  0.25331999E+02, -0.10636221E+02,  0.27729969E+01,  0.28073170E-09,  0.17841616E+01
    1050.,  0.15499849E+02,  0.25331999E+02, -0.10636221E+02,  0.27253442E+01,  0.28929321E-09,  0.20792515E+01
    1051.,  0.16437349E+02,  0.25331999E+02, -0.10636221E+02,  0.26776915E+01,  0.29786499E-09,  0.23743414E+01
    1052.,  0.17374849E+02,  0.25331999E+02, -0.10636221E+02,  0.26300387E+01,  0.30642777E-09,  0.26694314E+01
    1053.,  0.18312349E+02,  0.25331999E+02, -0.10636221E+02,  0.25823860E+01,  0.31499465E-09,  0.29645213E+01
    1054.,  0.33123489E+01,  0.25331999E+02, -0.11362262E+02,  0.35733603E+01,  0.19750626E-09, -0.17200133E+01
    1055.,  0.42498489E+01,  0.25331999E+02, -0.11362262E+02,  0.35257076E+01,  0.20608143E-09, -0.14249233E+01
    1056.,  0.51873489E+01,  0.25331999E+02, -0.11362262E+02,  0.34780549E+01,  0.21464707E-09, -0.11298334E+01
    1057.,  0.61248489E+01,  0.25331999E+02, -0.11362262E+02,  0.34304021E+01,  0.22321678E-09, -0.83474345E+00
    1058.,  0.70623489E+01,  0.25331999E+02, -0.11362262E+02,  0.33827494E+01,  0.23178914E-09, -0.53965352E+00
    1059.,  0.79998489E+01,  0.25331999E+02, -0.11362262E+02,  0.33350967E+01,  0.24035494E-09, -0.24456358E+00
    1060.,  0.89373489E+01,  0.25331999E+02, -0.11362262E+02,  0.32874440E+01,  0.24893300E-09,  0.50526351E-01
    1061.,  0.98748489E+01,  0.25331999E+02, -0.11362262E+02,  0.32397913E+01,  0.25749155E-09,  0.34561628E+00
    1062.,  0.10812349E+02,  0.25331999E+02, -0.11362262E+02,  0.31921385E+01,  0.26606856E-09,  0.64070622E+00
    1063.,  0.11749849E+02,  0.25331999E+02, -0.11362262E+02,  0.31444858E+01,  0.27463609E-09,  0.93579615E+00
    1064.,  0.12687349E+02,  0.25331999E+02, -0.11362262E+02,  0.30968331E+01,  0.28320229E-09,  0.12308861E+01
    1065.,  0.13624849E+02,  0.25331999E+02, -0.11362262E+02,  0.30491804E+01,  0.29177002E-09,  0.15259760E+01
    1066.,  0.14562349E+02,  0.25331999E+02, -0.11362262E+02,  0.30015277E+01,  0.30034072E-09,  0.18210660E+01
    1067.,  0.15499849E+02,  0.25331999E+02, -0.11362262E+02,  0.29538749E+01,  0.30890436E-09,  0.21161559E+01
    1068.,  0.16437349E+02,  0.25331999E+02, -0.11362262E+02,  0.29062222E+01,  0.31748240E-09,  0.24112458E+01
    1069.,  0.17374849E+02,  0.25331999E+02, -0.11362262E+02,  0.28585695E+01,  0.32605099E-09,  0.27063358E+01
    1070.,  0.18312349E+02,  0.25331999E+02, -0.11362262E+02,  0.28109168E+01,  0.33461722E-09,  0.30014257E+01
    1071.,  0.33123489E+01,  0.25331999E+02, -0.12088304E+02,  0.38018911E+01,  0.21712688E-09, -0.16831089E+01
    1072.,  0.42498489E+01,  0.25331999E+02, -0.12088304E+02,  0.37542383E+01,  0.22570144E-09, -0.13880189E+01
    1073.,  0.51873489E+01,  0.25331999E+02, -0.12088304E+02,  0.37065856E+01,  0.23425865E-09, -0.10929290E+01
    1074.,  0.61248489E+01,  0.25331999E+02, -0.12088304E+02,  0.36589329E+01,  0.24283083E-09, -0.79783907E+00
    1075.,  0.70623489E+01,  0.25331999E+02, -0.12088304E+02,  0.36112802E+01,  0.25139932E-09, -0.50274913E+00
    1076.,  0.79998489E+01,  0.25331999E+02, -0.12088304E+02,  0.35636275E+01,  0.25996618E-09, -0.20765920E+00
    1077.,  0.89373489E+01,  0.25331999E+02, -0.12088304E+02,  0.35159747E+01,  0.26854025E-09,  0.87430736E-01
    1078.,  0.98748489E+01,  0.25331999E+02, -0.12088304E+02,  0.34683220E+01,  0.27711149E-09,  0.38252067E+00
    1079.,  0.10812349E+02,  0.25331999E+02, -0.12088304E+02,  0.34206693E+01,  0.28567716E-09,  0.67761060E+00
    1080.,  0.11749849E+02,  0.25331999E+02, -0.12088304E+02,  0.33730166E+01,  0.29425323E-09,  0.97270054E+00
    1081.,  0.12687349E+02,  0.25331999E+02, -0.12088304E+02,  0.33253639E+01,  0.30281983E-09,  0.12677905E+01
    1082.,  0.13624849E+02,  0.25331999E+02, -0.12088304E+02,  0.32777111E+01,  0.31138148E-09,  0.15628804E+01
    1083.,  0.14562349E+02,  0.25331999E+02, -0.12088304E+02,  0.32300584E+01,  0.31995702E-09,  0.18579703E+01
    1084.,  0.15499849E+02,  0.25331999E+02, -0.12088304E+02,  0.31824057E+01,  0.32853100E-09,  0.21530603E+01
    1085.,  0.16437349E+02,  0.25331999E+02, -0.12088304E+02,  0.31347530E+01,  0.33709058E-09,  0.24481502E+01
    1086.,  0.17374849E+02,  0.25331999E+02, -0.12088304E+02,  0.30871002E+01,  0.34566359E-09,  0.27432401E+01
    1087.,  0.18312349E+02,  0.25331999E+02, -0.12088304E+02,  0.30394475E+01,  0.35422994E-09,  0.30383301E+01
    1088.,  0.33123489E+01,  0.25331999E+02, -0.12814346E+02,  0.40304218E+01,  0.23673411E-09, -0.16462045E+01
    1089.,  0.42498489E+01,  0.25331999E+02, -0.12814346E+02,  0.39827691E+01,  0.24530728E-09, -0.13511145E+01
    1090.,  0.51873489E+01,  0.25331999E+02, -0.12814346E+02,  0.39351164E+01,  0.25387482E-09, -0.10560246E+01
    1091.,  0.61248489E+01,  0.25331999E+02, -0.12814346E+02,  0.38874637E+01,  0.26244505E-09, -0.76093468E+00
    1092.,  0.70623489E+01,  0.25331999E+02, -0.12814346E+02,  0.38398109E+01,  0.27101703E-09, -0.46584475E+00
    1093.,  0.79998489E+01,  0.25331999E+02, -0.12814346E+02,  0.37921582E+01,  0.27958076E-09, -0.17075481E+00
    1094.,  0.89373489E+01,  0.25331999E+02, -0.12814346E+02,  0.37445055E+01,  0.28815332E-09,  0.12433512E+00
    1095.,  0.98748489E+01,  0.25331999E+02, -0.12814346E+02,  0.36968528E+01,  0.29672174E-09,  0.41942505E+00
    1096.,  0.10812349E+02,  0.25331999E+02, -0.12814346E+02,  0.36492001E+01,  0.30528920E-09,  0.71451499E+00
    1097.,  0.11749849E+02,  0.25331999E+02, -0.12814346E+02,  0.36015473E+01,  0.31386284E-09,  0.10096049E+01
    1098.,  0.12687349E+02,  0.25331999E+02, -0.12814346E+02,  0.35538946E+01,  0.32242476E-09,  0.13046949E+01
    1099.,  0.13624849E+02,  0.25331999E+02, -0.12814346E+02,  0.35062419E+01,  0.33098942E-09,  0.15997848E+01
    1100.,  0.14562349E+02,  0.25331999E+02, -0.12814346E+02,  0.34585892E+01,  0.33956868E-09,  0.18948747E+01
    1101.,  0.15499849E+02,  0.25331999E+02, -0.12814346E+02,  0.34109365E+01,  0.34812680E-09,  0.21899647E+01
    1102.,  0.16437349E+02,  0.25331999E+02, -0.12814346E+02,  0.33632837E+01,  0.35671049E-09,  0.24850546E+01
    1103.,  0.17374849E+02,  0.25331999E+02, -0.12814346E+02,  0.33156310E+01,  0.36528242E-09,  0.27801445E+01
    1104.,  0.18312349E+02,  0.25331999E+02, -0.12814346E+02,  0.32679783E+01,  0.37383971E-09,  0.30752345E+01
    1105.,  0.33123489E+01,  0.25331999E+02, -0.13540387E+02,  0.42589526E+01,  0.25635977E-09, -0.16093001E+01
    1106.,  0.42498489E+01,  0.25331999E+02, -0.13540387E+02,  0.42112999E+01,  0.26492187E-09, -0.13142102E+01
    1107.,  0.51873489E+01,  0.25331999E+02, -0.13540387E+02,  0.41636471E+01,  0.27349441E-09, -0.10191202E+01
    1108.,  0.61248489E+01,  0.25331999E+02, -0.13540387E+02,  0.41159944E+01,  0.28206638E-09, -0.72403030E+00
    1109.,  0.70623489E+01,  0.25331999E+02, -0.13540387E+02,  0.40683417E+01,  0.29062437E-09, -0.42894036E+00
    1110.,  0.79998489E+01,  0.25331999E+02, -0.13540387E+02,  0.40206890E+01,  0.29919320E-09, -0.13385043E+00
    1111.,  0.89373489E+01,  0.25331999E+02, -0.13540387E+02,  0.39730363E+01,  0.30776496E-09,  0.16123950E+00
    1112.,  0.98748489E+01,  0.25331999E+02, -0.13540387E+02,  0.39253835E+01,  0.31634669E-09,  0.45632944E+00
    1113.,  0.10812349E+02,  0.25331999E+02, -0.13540387E+02,  0.38777308E+01,  0.32490747E-09,  0.75141937E+00
    1114.,  0.11749849E+02,  0.25331999E+02, -0.13540387E+02,  0.38300781E+01,  0.33348038E-09,  0.10465093E+01
    1115.,  0.12687349E+02,  0.25331999E+02, -0.13540387E+02,  0.37824254E+01,  0.34204100E-09,  0.13415992E+01
    1116.,  0.13624849E+02,  0.25331999E+02, -0.13540387E+02,  0.37347727E+01,  0.35061786E-09,  0.16366892E+01
    1117.,  0.14562349E+02,  0.25331999E+02, -0.13540387E+02,  0.36871199E+01,  0.35918489E-09,  0.19317791E+01
    1118.,  0.15499849E+02,  0.25331999E+02, -0.13540387E+02,  0.36394672E+01,  0.36774786E-09,  0.22268690E+01
    1119.,  0.16437349E+02,  0.25331999E+02, -0.13540387E+02,  0.35918145E+01,  0.37632876E-09,  0.25219590E+01
    1120.,  0.17374849E+02,  0.25331999E+02, -0.13540387E+02,  0.35441618E+01,  0.38489347E-09,  0.28170489E+01
    1121.,  0.18312349E+02,  0.25331999E+02, -0.13540387E+02,  0.34965090E+01,  0.39346327E-09,  0.31121388E+01
    1122.,  0.33123489E+01,  0.25331999E+02, -0.14266429E+02,  0.44874833E+01,  0.27596594E-09, -0.15723957E+01
    1123.,  0.42498489E+01,  0.25331999E+02, -0.14266429E+02,  0.44398306E+01,  0.28452163E-09, -0.12773058E+01
    1124.,  0.51873489E+01,  0.25331999E+02, -0.14266429E+02,  0.43921779E+01,  0.29309873E-09, -0.98221585E+00
    1125.,  0.61248489E+01,  0.25331999E+02, -0.14266429E+02,  0.43445252E+01,  0.30167089E-09, -0.68712591E+00
    1126.,  0.70623489E+01,  0.25331999E+02, -0.14266429E+02,  0.42968725E+01,  0.31024274E-09, -0.39203598E+00
    1127.,  0.79998489E+01,  0.25331999E+02, -0.14266429E+02,  0.42492197E+01,  0.31881362E-09, -0.96946044E-01
    1128.,  0.89373489E+01,  0.25331999E+02, -0.14266429E+02,  0.42015670E+01,  0.32738387E-09,  0.19814389E+00
    1129.,  0.98748489E+01,  0.25331999E+02, -0.14266429E+02,  0.41539143E+01,  0.33594921E-09,  0.49323382E+00
    1130.,  0.10812349E+02,  0.25331999E+02, -0.14266429E+02,  0.41062616E+01,  0.34451230E-09,  0.78832376E+00
    1131.,  0.11749849E+02,  0.25331999E+02, -0.14266429E+02,  0.40586089E+01,  0.35308238E-09,  0.10834137E+01
    1132.,  0.12687349E+02,  0.25331999E+02, -0.14266429E+02,  0.40109561E+01,  0.36165855E-09,  0.13785036E+01
    1133.,  0.13624849E+02,  0.25331999E+02, -0.14266429E+02,  0.39633034E+01,  0.37023483E-09,  0.16735936E+01
    1134.,  0.14562349E+02,  0.25331999E+02, -0.14266429E+02,  0.39156507E+01,  0.37880225E-09,  0.19686835E+01
    1135.,  0.15499849E+02,  0.25331999E+02, -0.14266429E+02,  0.38679980E+01,  0.38736678E-09,  0.22637734E+01
    1136.,  0.16437349E+02,  0.25331999E+02, -0.14266429E+02,  0.38203453E+01,  0.39593532E-09,  0.25588634E+01
    1137.,  0.17374849E+02,  0.25331999E+02, -0.14266429E+02,  0.37726925E+01,  0.40450193E-09,  0.28539533E+01
    1138.,  0.18312349E+02,  0.25331999E+02, -0.14266429E+02,  0.37250398E+01,  0.41308114E-09,  0.31490432E+01
    1139.,  0.33123489E+01,  0.25331999E+02, -0.14992471E+02,  0.47160141E+01,  0.29558272E-09, -0.15354913E+01
    1140.,  0.42498489E+01,  0.25331999E+02, -0.14992471E+02,  0.46683614E+01,  0.30415367E-09, -0.12404014E+01
    1141.,  0.51873489E+01,  0.25331999E+02, -0.14992471E+02,  0.46207087E+01,  0.31271951E-09, -0.94531146E+00
    1142.,  0.61248489E+01,  0.25331999E+02, -0.14992471E+02,  0.45730559E+01,  0.32128103E-09, -0.65022153E+00
    1143.,  0.70623489E+01,  0.25331999E+02, -0.14992471E+02,  0.45254032E+01,  0.32985925E-09, -0.35513159E+00
    1144.,  0.79998489E+01,  0.25331999E+02, -0.14992471E+02,  0.44777505E+01,  0.33842491E-09, -0.60041660E-01
    1145.,  0.89373489E+01,  0.25331999E+02, -0.14992471E+02,  0.44300978E+01,  0.34700016E-09,  0.23504827E+00
    1146.,  0.98748489E+01,  0.25331999E+02, -0.14992471E+02,  0.43824451E+01,  0.35557050E-09,  0.53013821E+00
    1147.,  0.10812349E+02,  0.25331999E+02, -0.14992471E+02,  0.43347923E+01,  0.36413733E-09,  0.82522814E+00
    1148.,  0.11749849E+02,  0.25331999E+02, -0.14992471E+02,  0.42871396E+01,  0.37270384E-09,  0.11203181E+01
    1149.,  0.12687349E+02,  0.25331999E+02, -0.14992471E+02,  0.42394869E+01,  0.38127889E-09,  0.14154080E+01
    1150.,  0.13624849E+02,  0.25331999E+02, -0.14992471E+02,  0.41918342E+01,  0.38984573E-09,  0.17104979E+01
    1151.,  0.14562349E+02,  0.25331999E+02, -0.14992471E+02,  0.41441815E+01,  0.39841257E-09,  0.20055879E+01
    1152.,  0.15499849E+02,  0.25331999E+02, -0.14992471E+02,  0.40965287E+01,  0.40697882E-09,  0.23006778E+01
    1153.,  0.16437349E+02,  0.25331999E+02, -0.14992471E+02,  0.40488760E+01,  0.41555005E-09,  0.25957677E+01
    1154.,  0.17374849E+02,  0.25331999E+02, -0.14992471E+02,  0.40012233E+01,  0.42412317E-09,  0.28908577E+01
    1155.,  0.18312349E+02,  0.25331999E+02, -0.14992471E+02,  0.39535706E+01,  0.43267649E-09,  0.31859476E+01
    1156.,  0.33123489E+01,  0.25331999E+02, -0.15718512E+02,  0.49445449E+01,  0.31519715E-09, -0.14985869E+01
    1157.,  0.42498489E+01,  0.25331999E+02, -0.15718512E+02,  0.48968921E+01,  0.32375768E-09, -0.12034970E+01
    1158.,  0.51873489E+01,  0.25331999E+02, -0.15718512E+02,  0.48492394E+01,  0.33233311E-09, -0.90840708E+00
    1159.,  0.61248489E+01,  0.25331999E+02, -0.15718512E+02,  0.48015867E+01,  0.34089664E-09, -0.61331714E+00
    1160.,  0.70623489E+01,  0.25331999E+02, -0.15718512E+02,  0.47539340E+01,  0.34947010E-09, -0.31822721E+00
    1161.,  0.79998489E+01,  0.25331999E+02, -0.15718512E+02,  0.47062813E+01,  0.35804037E-09, -0.23137275E-01
    1162.,  0.89373489E+01,  0.25331999E+02, -0.15718512E+02,  0.46586285E+01,  0.36660019E-09,  0.27195266E+00
    1163.,  0.98748489E+01,  0.25331999E+02, -0.15718512E+02,  0.46109758E+01,  0.37518090E-09,  0.56704259E+00
    1164.,  0.10812349E+02,  0.25331999E+02, -0.15718512E+02,  0.45633231E+01,  0.38375278E-09,  0.86213253E+00
    1165.,  0.11749849E+02,  0.25331999E+02, -0.15718512E+02,  0.45156704E+01,  0.39232158E-09,  0.11572225E+01
    1166.,  0.12687349E+02,  0.25331999E+02, -0.15718512E+02,  0.44680177E+01,  0.40088308E-09,  0.14523124E+01
    1167.,  0.13624849E+02,  0.25331999E+02, -0.15718512E+02,  0.44203649E+01,  0.40946199E-09,  0.17474023E+01
    1168.,  0.14562349E+02,  0.25331999E+02, -0.15718512E+02,  0.43727122E+01,  0.41802223E-09,  0.20424923E+01
    1169.,  0.15499849E+02,  0.25331999E+02, -0.15718512E+02,  0.43250595E+01,  0.42659486E-09,  0.23375822E+01
    1170.,  0.16437349E+02,  0.25331999E+02, -0.15718512E+02,  0.42774068E+01,  0.43516608E-09,  0.26326721E+01
    1171.,  0.17374849E+02,  0.25331999E+02, -0.15718512E+02,  0.42297540E+01,  0.44374345E-09,  0.29277621E+01
    1172.,  0.18312349E+02,  0.25331999E+02, -0.15718512E+02,  0.41821013E+01,  0.45230265E-09,  0.32228520E+01
    1173.,  0.33123489E+01,  0.25331999E+02, -0.16444554E+02,  0.51730756E+01,  0.33480788E-09, -0.14616826E+01
    1174.,  0.42498489E+01,  0.25331999E+02, -0.16444554E+02,  0.51254229E+01,  0.34337448E-09, -0.11665926E+01
    1175.,  0.51873489E+01,  0.25331999E+02, -0.16444554E+02,  0.50777702E+01,  0.35194589E-09, -0.87150269E+00
    1176.,  0.61248489E+01,  0.25331999E+02, -0.16444554E+02,  0.50301175E+01,  0.36051550E-09, -0.57641276E+00
    1177.,  0.70623489E+01,  0.25331999E+02, -0.16444554E+02,  0.49824647E+01,  0.36909398E-09, -0.28132282E+00
    1178.,  0.79998489E+01,  0.25331999E+02, -0.16444554E+02,  0.49348120E+01,  0.37766246E-09,  0.13767109E-01
    1179.,  0.89373489E+01,  0.25331999E+02, -0.16444554E+02,  0.48871593E+01,  0.38623087E-09,  0.30885704E+00
    1180.,  0.98748489E+01,  0.25331999E+02, -0.16444554E+02,  0.48395066E+01,  0.39478852E-09,  0.60394698E+00
    1181.,  0.10812349E+02,  0.25331999E+02, -0.16444554E+02,  0.47918539E+01,  0.40336728E-09,  0.89903691E+00
    1182.,  0.11749849E+02,  0.25331999E+02, -0.16444554E+02,  0.47442011E+01,  0.41194549E-09,  0.11941268E+01
    1183.,  0.12687349E+02,  0.25331999E+02, -0.16444554E+02,  0.46965484E+01,  0.42050183E-09,  0.14892168E+01
    1184.,  0.13624849E+02,  0.25331999E+02, -0.16444554E+02,  0.46488957E+01,  0.42906642E-09,  0.17843067E+01
    1185.,  0.14562349E+02,  0.25331999E+02, -0.16444554E+02,  0.46012430E+01,  0.43764001E-09,  0.20793966E+01
    1186.,  0.15499849E+02,  0.25331999E+02, -0.16444554E+02,  0.45535903E+01,  0.44621778E-09,  0.23744866E+01
    1187.,  0.16437349E+02,  0.25331999E+02, -0.16444554E+02,  0.45059375E+01,  0.45478225E-09,  0.26695765E+01
    1188.,  0.17374849E+02,  0.25331999E+02, -0.16444554E+02,  0.44582848E+01,  0.46335115E-09,  0.29646664E+01
    1189.,  0.18312349E+02,  0.25331999E+02, -0.16444554E+02,  0.44106321E+01,  0.47192151E-09,  0.32597564E+01
    1190.,  0.33123489E+01,  0.25331999E+02, -0.17170596E+02,  0.54016064E+01,  0.35441979E-09, -0.14247782E+01
    1191.,  0.42498489E+01,  0.25331999E+02, -0.17170596E+02,  0.53539537E+01,  0.36299947E-09, -0.11296882E+01
    1192.,  0.51873489E+01,  0.25331999E+02, -0.17170596E+02,  0.53063009E+01,  0.37155776E-09, -0.83459831E+00
    1193.,  0.61248489E+01,  0.25331999E+02, -0.17170596E+02,  0.52586482E+01,  0.38013942E-09, -0.53950837E+00
    1194.,  0.70623489E+01,  0.25331999E+02, -0.17170596E+02,  0.52109955E+01,  0.38870112E-09, -0.24441844E+00
    1195.,  0.79998489E+01,  0.25331999E+02, -0.17170596E+02,  0.51633428E+01,  0.39727103E-09,  0.50671494E-01
    1196.,  0.89373489E+01,  0.25331999E+02, -0.17170596E+02,  0.51156901E+01,  0.40584160E-09,  0.34576143E+00
    1197.,  0.98748489E+01,  0.25331999E+02, -0.17170596E+02,  0.50680373E+01,  0.41440786E-09,  0.64085136E+00
    1198.,  0.10812349E+02,  0.25331999E+02, -0.17170596E+02,  0.50203846E+01,  0.42298213E-09,  0.93594130E+00
    1199.,  0.11749849E+02,  0.25331999E+02, -0.17170596E+02,  0.49727319E+01,  0.43154974E-09,  0.12310312E+01
    1200.,  0.12687349E+02,  0.25331999E+02, -0.17170596E+02,  0.49250792E+01,  0.44010917E-09,  0.15261212E+01
    1201.,  0.13624849E+02,  0.25331999E+02, -0.17170596E+02,  0.48774265E+01,  0.44868686E-09,  0.18212111E+01
    1202.,  0.14562349E+02,  0.25331999E+02, -0.17170596E+02,  0.48297737E+01,  0.45725849E-09,  0.21163010E+01
    1203.,  0.15499849E+02,  0.25331999E+02, -0.17170596E+02,  0.47821210E+01,  0.46582559E-09,  0.24113910E+01
    1204.,  0.16437349E+02,  0.25331999E+02, -0.17170596E+02,  0.47344683E+01,  0.47438959E-09,  0.27064809E+01
    1205.,  0.17374849E+02,  0.25331999E+02, -0.17170596E+02,  0.46868156E+01,  0.48296361E-09,  0.30015708E+01
    1206.,  0.18312349E+02,  0.25331999E+02, -0.17170596E+02,  0.46391628E+01,  0.49152800E-09,  0.32966608E+01
    1207.,  0.33123489E+01,  0.25331999E+02, -0.17896637E+02,  0.56301371E+01,  0.37405226E-09, -0.13878738E+01
    1208.,  0.42498489E+01,  0.25331999E+02, -0.17896637E+02,  0.55824844E+01,  0.38261053E-09, -0.10927839E+01
    1209.,  0.51873489E+01,  0.25331999E+02, -0.17896637E+02,  0.55348317E+01,  0.39116769E-09, -0.79769392E+00
    1210.,  0.61248489E+01,  0.25331999E+02, -0.17896637E+02,  0.54871790E+01,  0.39974798E-09, -0.50260399E+00
    1211.,  0.70623489E+01,  0.25331999E+02, -0.17896637E+02,  0.54395263E+01,  0.40831686E-09, -0.20751406E+00
    1212.,  0.79998489E+01,  0.25331999E+02, -0.17896637E+02,  0.53918735E+01,  0.41688591E-09,  0.87575879E-01
    1213.,  0.89373489E+01,  0.25331999E+02, -0.17896637E+02,  0.53442208E+01,  0.42545279E-09,  0.38266581E+00
    1214.,  0.98748489E+01,  0.25331999E+02, -0.17896637E+02,  0.52965681E+01,  0.43402924E-09,  0.67775575E+00
    1215.,  0.10812349E+02,  0.25331999E+02, -0.17896637E+02,  0.52489154E+01,  0.44259511E-09,  0.97284568E+00
    1216.,  0.11749849E+02,  0.25331999E+02, -0.17896637E+02,  0.52012627E+01,  0.45116321E-09,  0.12679356E+01
    1217.,  0.12687349E+02,  0.25331999E+02, -0.17896637E+02,  0.51536099E+01,  0.45973205E-09,  0.15630255E+01
    1218.,  0.13624849E+02,  0.25331999E+02, -0.17896637E+02,  0.51059572E+01,  0.46830090E-09,  0.18581155E+01
    1219.,  0.14562349E+02,  0.25331999E+02, -0.17896637E+02,  0.50583045E+01,  0.47688076E-09,  0.21532054E+01
    1220.,  0.15499849E+02,  0.25331999E+02, -0.17896637E+02,  0.50106518E+01,  0.48543762E-09,  0.24482953E+01
    1221.,  0.16437349E+02,  0.25331999E+02, -0.17896637E+02,  0.49629990E+01,  0.49400977E-09,  0.27433853E+01
    1222.,  0.17374849E+02,  0.25331999E+02, -0.17896637E+02,  0.49153463E+01,  0.50258130E-09,  0.30384752E+01
    1223.,  0.18312349E+02,  0.25331999E+02, -0.17896637E+02,  0.48676936E+01,  0.51114681E-09,  0.33335652E+01
    1224.,  0.33123489E+01,  0.25331999E+02, -0.18622679E+02,  0.58586679E+01,  0.39365564E-09, -0.13509694E+01
    1225.,  0.42498489E+01,  0.25331999E+02, -0.18622679E+02,  0.58110152E+01,  0.40221281E-09, -0.10558795E+01
    1226.,  0.51873489E+01,  0.25331999E+02, -0.18622679E+02,  0.57633625E+01,  0.41078941E-09, -0.76078954E+00
    1227.,  0.61248489E+01,  0.25331999E+02, -0.18622679E+02,  0.57157097E+01,  0.41935865E-09, -0.46569960E+00
    1228.,  0.70623489E+01,  0.25331999E+02, -0.18622679E+02,  0.56680570E+01,  0.42792457E-09, -0.17060967E+00
    1229.,  0.79998489E+01,  0.25331999E+02, -0.18622679E+02,  0.56204043E+01,  0.43650534E-09,  0.12448026E+00
    1230.,  0.89373489E+01,  0.25331999E+02, -0.18622679E+02,  0.55727516E+01,  0.44506700E-09,  0.41957020E+00
    1231.,  0.98748489E+01,  0.25331999E+02, -0.18622679E+02,  0.55250989E+01,  0.45364102E-09,  0.71466013E+00
    1232.,  0.10812349E+02,  0.25331999E+02, -0.18622679E+02,  0.54774461E+01,  0.46221602E-09,  0.10097501E+01
    1233.,  0.11749849E+02,  0.25331999E+02, -0.18622679E+02,  0.54297934E+01,  0.47077076E-09,  0.13048400E+01
    1234.,  0.12687349E+02,  0.25331999E+02, -0.18622679E+02,  0.53821407E+01,  0.47934005E-09,  0.15999299E+01
    1235.,  0.13624849E+02,  0.25331999E+02, -0.18622679E+02,  0.53344880E+01,  0.48792042E-09,  0.18950199E+01
    1236.,  0.14562349E+02,  0.25331999E+02, -0.18622679E+02,  0.52868353E+01,  0.49648392E-09,  0.21901098E+01
    1237.,  0.15499849E+02,  0.25331999E+02, -0.18622679E+02,  0.52391825E+01,  0.50505219E-09,  0.24851997E+01
    1238.,  0.16437349E+02,  0.25331999E+02, -0.18622679E+02,  0.51915298E+01,  0.51362140E-09,  0.27802897E+01
    1239.,  0.17374849E+02,  0.25331999E+02, -0.18622679E+02,  0.51438771E+01,  0.52218958E-09,  0.30753796E+01
    1240.,  0.18312349E+02,  0.25331999E+02, -0.18622679E+02,  0.50962244E+01,  0.53076116E-09,  0.33704695E+01
    1241.,  0.88907483E+01,  0.10100462E+03, -0.11976790E+01,  0.61246230E-03, -0.35668256E-02,  0.15930684E-03
    1242.,  0.90216325E+01,  0.10088094E+03, -0.11976790E+01,  0.58307710E-03, -0.35248860E-02,  0.16504945E-03
    1243.,  0.91795178E+01,  0.10075167E+03, -0.11976790E+01,  0.56049681E-03, -0.34518737E-02,  0.16146943E-03
    1244.,  0.93688664E+01,  0.10062053E+03, -0.11976790E+01,  0.55297131E-03, -0.33407386E-02,  0.15763498E-03
    1245.,  0.95933411E+01,  0.10049337E+03, -0.11976790E+01,  0.56932858E-03, -0.31905454E-02,  0.15389812E-03
    1246.,  0.98545190E+01,  0.10037833E+03, -0.11976790E+01,  0.61813727E-03, -0.30111813E-02,  0.15129237E-03
    1247.,  0.10150303E+02,  0.10028530E+03, -0.11976790E+01,  0.69993040E-03, -0.28291513E-02,  0.14957158E-03
    1248.,  0.10473624E+02,  0.10022430E+03, -0.11976790E+01,  0.80272874E-03, -0.26821169E-02,  0.14755187E-03
    1249.,  0.10812349E+02,  0.10020300E+03, -0.11976790E+01,  0.90255407E-03, -0.26023945E-02,  0.14549428E-03
    1250.,  0.11151074E+02,  0.10022430E+03, -0.11976790E+01,  0.97217336E-03, -0.25976904E-02,  0.14419771E-03
    1251.,  0.11474394E+02,  0.10028530E+03, -0.11976790E+01,  0.99304078E-03, -0.26463083E-02,  0.14346216E-03
    1252.,  0.11770179E+02,  0.10037833E+03, -0.11976790E+01,  0.96238996E-03, -0.27123556E-02,  0.14210182E-03
    1253.,  0.12031357E+02,  0.10049337E+03, -0.11976790E+01,  0.89060582E-03, -0.27656155E-02,  0.14066858E-03
    1254.,  0.12255831E+02,  0.10062053E+03, -0.11976790E+01,  0.79418968E-03, -0.27914671E-02,  0.13878511E-03
    1255.,  0.12445180E+02,  0.10075167E+03, -0.11976790E+01,  0.68804089E-03, -0.27885851E-02,  0.13910744E-03
    1256.,  0.12603065E+02,  0.10088094E+03, -0.11976790E+01,  0.58328212E-03, -0.27629283E-02,  0.13744904E-03
    1257.,  0.12733950E+02,  0.10100462E+03, -0.11976790E+01,  0.48597860E-03, -0.27220968E-02,  0.14173612E-03
    1258.,  0.12856786E+02,  0.10113729E+03, -0.11976790E+01,  0.38711005E-03, -0.26652411E-02,  0.14065679E-03
    1259.,  0.12984638E+02,  0.10129679E+03, -0.11976790E+01,  0.27721188E-03, -0.25839930E-02,  0.14392232E-03
    1260.,  0.13113701E+02,  0.10148736E+03, -0.11976790E+01,  0.16047975E-03, -0.24760235E-02,  0.14530293E-03
    1261.,  0.13238114E+02,  0.10171231E+03, -0.11976790E+01,  0.43208306E-04, -0.23416674E-02,  0.14618149E-03
    1262.,  0.13349872E+02,  0.10197288E+03, -0.11976790E+01, -0.66187625E-04, -0.21858642E-02,  0.14638113E-03
    1263.,  0.13439432E+02,  0.10226665E+03, -0.11976790E+01, -0.15937323E-03, -0.20183098E-02,  0.14645735E-03
    1264.,  0.13497286E+02,  0.10258649E+03, -0.11976790E+01, -0.23085446E-03, -0.18513796E-02,  0.14674227E-03
    1265.,  0.13516315E+02,  0.10292052E+03, -0.11976790E+01, -0.27967713E-03, -0.16969556E-02,  0.14726970E-03
    1266.,  0.13493999E+02,  0.10325394E+03, -0.11976790E+01, -0.30914398E-03, -0.15632006E-02,  0.14776006E-03
    1267.,  0.13433285E+02,  0.10357207E+03, -0.11976790E+01, -0.32452015E-03, -0.14533405E-02,  0.14802249E-03
    1268.,  0.13341575E+02,  0.10386337E+03, -0.11976790E+01, -0.33075670E-03, -0.13665570E-02,  0.14811383E-03
    1269.,  0.13228459E+02,  0.10412110E+03, -0.11976790E+01, -0.33145022E-03, -0.12998156E-02,  0.14813421E-03
    1270.,  0.13103404E+02,  0.10434321E+03, -0.11976790E+01, -0.32887291E-03, -0.12494145E-02,  0.14813374E-03
    1271.,  0.12974251E+02,  0.10453113E+03, -0.11976790E+01, -0.32438334E-03, -0.12118566E-02,  0.14812900E-03
    1272.,  0.12846686E+02,  0.10468832E+03, -0.11976790E+01, -0.31879925E-03, -0.11841821E-02,  0.14812426E-03
    1273.,  0.12724366E+02,  0.10481902E+03, -0.11976790E+01, -0.31265491E-03, -0.11640437E-02,  0.14812013E-03
    1274.,  0.12592945E+02,  0.10494197E+03, -0.11976790E+01, -0.30530633E-03, -0.11478226E-02,  0.14811656E-03
    1275.,  0.12434749E+02,  0.10507020E+03, -0.11976790E+01, -0.29551410E-03, -0.11343011E-02,  0.14811283E-03
    1276.,  0.12245466E+02,  0.10519999E+03, -0.11976790E+01, -0.28251391E-03, -0.11252883E-02,  0.14810953E-03
    1277.,  0.12021615E+02,  0.10532554E+03, -0.11976790E+01, -0.26533317E-03, -0.11231719E-02,  0.14810681E-03
    1278.,  0.11761787E+02,  0.10543884E+03, -0.11976790E+01, -0.24286153E-03, -0.11308795E-02,  0.14810468E-03
    1279.,  0.11468165E+02,  0.10553027E+03, -0.11976790E+01, -0.21400511E-03, -0.11515454E-02,  0.14810310E-03
    1280.,  0.11147739E+02,  0.10559012E+03, -0.11976790E+01, -0.17796577E-03, -0.11877990E-02,  0.14810177E-03
    1281.,  0.10812349E+02,  0.10561100E+03, -0.11976790E+01, -0.13458390E-03, -0.12407844E-02,  0.14810014E-03
    1282.,  0.10476959E+02,  0.10559012E+03, -0.11976790E+01, -0.84593314E-04, -0.13093660E-02,  0.14809764E-03
    1283.,  0.10156533E+02,  0.10553027E+03, -0.11976790E+01, -0.29615481E-04, -0.13900985E-02,  0.14809412E-03
    1284.,  0.98629112E+01,  0.10543884E+03, -0.11976790E+01,  0.28156434E-04, -0.14781186E-02,  0.14809011E-03
    1285.,  0.96030834E+01,  0.10532554E+03, -0.11976790E+01,  0.86438181E-04, -0.15684533E-02,  0.14808630E-03
    1286.,  0.93792318E+01,  0.10519999E+03, -0.11976790E+01,  0.14326914E-03, -0.16570441E-02,  0.14808329E-03
    1287.,  0.91899489E+01,  0.10507020E+03, -0.11976790E+01,  0.19722315E-03, -0.17411574E-02,  0.14808118E-03
    1288.,  0.90317525E+01,  0.10494197E+03, -0.11976790E+01,  0.24742978E-03, -0.18192982E-02,  0.14807994E-03
    1289.,  0.89003322E+01,  0.10481902E+03, -0.11976790E+01,  0.29345750E-03, -0.18908712E-02,  0.14808144E-03
    1290.,  0.87780118E+01,  0.10468832E+03, -0.11976790E+01,  0.34061383E-03, -0.19643013E-02,  0.14808538E-03
    1291.,  0.86504468E+01,  0.10453113E+03, -0.11976790E+01,  0.39532106E-03, -0.20499675E-02,  0.14809708E-03
    1292.,  0.85212943E+01,  0.10434321E+03, -0.11976790E+01,  0.45810859E-03, -0.21497184E-02,  0.14812742E-03
    1293.,  0.83962388E+01,  0.10412110E+03, -0.11976790E+01,  0.52871468E-03, -0.22653525E-02,  0.14820214E-03
    1294.,  0.82831228E+01,  0.10386337E+03, -0.11976790E+01,  0.60528639E-03, -0.23982393E-02,  0.14838077E-03
    1295.,  0.81914125E+01,  0.10357207E+03, -0.11976790E+01,  0.68346304E-03, -0.25486625E-02,  0.14874675E-03
    1296.,  0.81306984E+01,  0.10325394E+03, -0.11976790E+01,  0.75585419E-03, -0.27147263E-02,  0.14925125E-03
    1297.,  0.81083827E+01,  0.10292052E+03, -0.11976790E+01,  0.81289714E-03, -0.28910202E-02,  0.14971610E-03
    1298.,  0.81274120E+01,  0.10258649E+03, -0.11976790E+01,  0.84579998E-03, -0.30679004E-02,  0.14996245E-03
    1299.,  0.81852658E+01,  0.10226665E+03, -0.11976790E+01,  0.85045082E-03, -0.32326596E-02,  0.15014182E-03
    1300.,  0.82748255E+01,  0.10197288E+03, -0.11976790E+01,  0.82933169E-03, -0.33727579E-02,  0.15071401E-03
    1301.,  0.83865843E+01,  0.10171231E+03, -0.11976790E+01,  0.78989100E-03, -0.34793727E-02,  0.15228914E-03
    1302.,  0.85109971E+01,  0.10148736E+03, -0.11976790E+01,  0.74129526E-03, -0.35490380E-02,  0.15557504E-03
    1303.,  0.86400595E+01,  0.10129679E+03, -0.11976790E+01,  0.69206585E-03, -0.35830298E-02,  0.15936657E-03
    1304.,  0.87679120E+01,  0.10113729E+03, -0.11976790E+01,  0.64811675E-03, -0.35865495E-02,  0.16476527E-03
    1305.,  0.85521705E+01,  0.10066943E+03, -0.11976790E+01,  0.65029899E-03, -0.36511868E-02,  0.13586988E-03
    1306.,  0.87061158E+01,  0.10052395E+03, -0.11976790E+01,  0.64526163E-03, -0.36344309E-02,  0.12363226E-03
    1307.,  0.88918198E+01,  0.10037191E+03, -0.11976790E+01,  0.65701594E-03, -0.35814008E-02,  0.12779358E-03
    1308.,  0.91145309E+01,  0.10021766E+03, -0.11976790E+01,  0.69030663E-03, -0.34781446E-02,  0.13363050E-03
    1309.,  0.93785571E+01,  0.10006810E+03, -0.11976790E+01,  0.74861086E-03, -0.33147357E-02,  0.13894825E-03
    1310.,  0.96857534E+01,  0.99932792E+02, -0.11976790E+01,  0.82513684E-03, -0.30990879E-02,  0.14280764E-03
    1311.,  0.10033654E+02,  0.99823371E+02, -0.11976790E+01,  0.90453831E-03, -0.28656061E-02,  0.14563136E-03
    1312.,  0.10413942E+02,  0.99751623E+02, -0.11976790E+01,  0.96934072E-03, -0.26724791E-02,  0.14925948E-03
    1313.,  0.10812349E+02,  0.99726571E+02, -0.11976790E+01,  0.10096169E-02, -0.25737470E-02,  0.15284771E-03
    1314.,  0.11210756E+02,  0.99751623E+02, -0.11976790E+01,  0.10257069E-02, -0.25816760E-02,  0.15495653E-03
    1315.,  0.11591044E+02,  0.99823371E+02, -0.11976790E+01,  0.10215403E-02, -0.26575921E-02,  0.15597677E-03
    1316.,  0.11938944E+02,  0.99932792E+02, -0.11976790E+01,  0.99736930E-03, -0.27424223E-02,  0.15819822E-03
    1317.,  0.12246141E+02,  0.10006810E+03, -0.11976790E+01,  0.95149903E-03, -0.27936749E-02,  0.16050009E-03
    1318.,  0.12510167E+02,  0.10021766E+03, -0.11976790E+01,  0.88425672E-03, -0.27977263E-02,  0.16357289E-03
    1319.,  0.12732878E+02,  0.10037191E+03, -0.11976790E+01,  0.80121611E-03, -0.27617771E-02,  0.16290742E-03
    1320.,  0.12918582E+02,  0.10052395E+03, -0.11976790E+01,  0.70922046E-03, -0.27000417E-02,  0.16606456E-03
    1321.,  0.13072527E+02,  0.10066943E+03, -0.11976790E+01,  0.61573259E-03, -0.26260369E-02,  0.15772241E-03
    1322.,  0.13217007E+02,  0.10082547E+03, -0.11976790E+01,  0.51272123E-03, -0.25374124E-02,  0.16048038E-03
    1323.,  0.13367387E+02,  0.10101308E+03, -0.11976790E+01,  0.38997519E-03, -0.24266531E-02,  0.15487505E-03
    1324.,  0.13519189E+02,  0.10123722E+03, -0.11976790E+01,  0.25007584E-03, -0.22961156E-02,  0.15246332E-03
    1325.,  0.13665523E+02,  0.10150182E+03, -0.11976790E+01,  0.10124450E-03, -0.21524944E-02,  0.15120403E-03
    1326.,  0.13796973E+02,  0.10180829E+03, -0.11976790E+01, -0.43383269E-04, -0.20055467E-02,  0.15102997E-03
    1327.,  0.13902313E+02,  0.10215383E+03, -0.11976790E+01, -0.16842073E-03, -0.18649434E-02,  0.15098924E-03
    1328.,  0.13970360E+02,  0.10253002E+03, -0.11976790E+01, -0.26164994E-03, -0.17376766E-02,  0.15051285E-03
    1329.,  0.13992743E+02,  0.10292291E+03, -0.11976790E+01, -0.31940031E-03, -0.16263617E-02,  0.14952409E-03
    1330.,  0.13966495E+02,  0.10331507E+03, -0.11976790E+01, -0.34689742E-03, -0.15304477E-02,  0.14861856E-03
    1331.,  0.13895083E+02,  0.10368925E+03, -0.11976790E+01, -0.35390096E-03, -0.14484272E-02,  0.14817823E-03
    1332.,  0.13787214E+02,  0.10403187E+03, -0.11976790E+01, -0.34970518E-03, -0.13790416E-02,  0.14805378E-03
    1333.,  0.13654167E+02,  0.10433502E+03, -0.11976790E+01, -0.34072733E-03, -0.13212608E-02,  0.14803600E-03
    1334.,  0.13507078E+02,  0.10459626E+03, -0.11976790E+01, -0.33053110E-03, -0.12739769E-02,  0.14804365E-03
    1335.,  0.13355169E+02,  0.10481730E+03, -0.11976790E+01, -0.32077504E-03, -0.12359088E-02,  0.14805469E-03
    1336.,  0.13205128E+02,  0.10500218E+03, -0.11976790E+01, -0.31208450E-03, -0.12056966E-02,  0.14806417E-03
    1337.,  0.13061255E+02,  0.10515591E+03, -0.11976790E+01, -0.30457206E-03, -0.11820098E-02,  0.14807196E-03
    1338.,  0.12906679E+02,  0.10530052E+03, -0.11976790E+01, -0.29731264E-03, -0.11613284E-02,  0.14807848E-03
    1339.,  0.12720609E+02,  0.10545135E+03, -0.11976790E+01, -0.28954213E-03, -0.11420844E-02,  0.14808524E-03
    1340.,  0.12497975E+02,  0.10560401E+03, -0.11976790E+01, -0.28134323E-03, -0.11262547E-02,  0.14809111E-03
    1341.,  0.12234682E+02,  0.10575167E+03, -0.11976790E+01, -0.27273737E-03, -0.11168409E-02,  0.14809578E-03
    1342.,  0.11929074E+02,  0.10588494E+03, -0.11976790E+01, -0.26348872E-03, -0.11179803E-02,  0.14809937E-03
    1343.,  0.11583717E+02,  0.10599248E+03, -0.11976790E+01, -0.25281306E-03, -0.11346699E-02,  0.14810197E-03
    1344.,  0.11206833E+02,  0.10606288E+03, -0.11976790E+01, -0.23910143E-03, -0.11717509E-02,  0.14810405E-03
    1345.,  0.10812349E+02,  0.10608744E+03, -0.11976790E+01, -0.21997718E-03, -0.12321593E-02,  0.14810666E-03
    1346.,  0.10417865E+02,  0.10606288E+03, -0.11976790E+01, -0.19297230E-03, -0.13152079E-02,  0.14811093E-03
    1347.,  0.10040981E+02,  0.10599248E+03, -0.11976790E+01, -0.15661997E-03, -0.14161567E-02,  0.14811716E-03
    1348.,  0.96956242E+01,  0.10588494E+03, -0.11976790E+01, -0.11122431E-03, -0.15276103E-02,  0.14812447E-03
    1349.,  0.93900159E+01,  0.10575167E+03, -0.11976790E+01, -0.58749094E-04, -0.16418497E-02,  0.14813153E-03
    1350.,  0.91267226E+01,  0.10560401E+03, -0.11976790E+01, -0.20221852E-05, -0.17526823E-02,  0.14813729E-03
    1351.,  0.89040889E+01,  0.10545135E+03, -0.11976790E+01,  0.56132791E-04, -0.18561427E-02,  0.14814197E-03
    1352.,  0.87180189E+01,  0.10530052E+03, -0.11976790E+01,  0.11342640E-03, -0.19502802E-02,  0.14814573E-03
    1353.,  0.85634430E+01,  0.10515591E+03, -0.11976790E+01,  0.16828169E-03, -0.20346019E-02,  0.14814502E-03
    1354.,  0.84195702E+01,  0.10500218E+03, -0.11976790E+01,  0.22645216E-03, -0.21189574E-02,  0.14814137E-03
    1355.,  0.82695288E+01,  0.10481730E+03, -0.11976790E+01,  0.29604289E-03, -0.22142914E-02,  0.14812663E-03
    1356.,  0.81176202E+01,  0.10459626E+03, -0.11976790E+01,  0.37835229E-03, -0.23208453E-02,  0.14808503E-03
    1357.,  0.79705304E+01,  0.10433502E+03, -0.11976790E+01,  0.47346476E-03, -0.24379820E-02,  0.14797842E-03
    1358.,  0.78374839E+01,  0.10403187E+03, -0.11976790E+01,  0.57893059E-03, -0.25639304E-02,  0.14769046E-03
    1359.,  0.77296146E+01,  0.10368925E+03, -0.11976790E+01,  0.68803928E-03, -0.26958359E-02,  0.14703170E-03
    1360.,  0.76582029E+01,  0.10331507E+03, -0.11976790E+01,  0.78873361E-03, -0.28304371E-02,  0.14607489E-03
    1361.,  0.76319554E+01,  0.10292291E+03, -0.11976790E+01,  0.86521163E-03, -0.29651620E-02,  0.14519340E-03
    1362.,  0.76543375E+01,  0.10253002E+03, -0.11976790E+01,  0.90365062E-03, -0.30984988E-02,  0.14479983E-03
    1363.,  0.77223849E+01,  0.10215383E+03, -0.11976790E+01,  0.89973697E-03, -0.32284942E-02,  0.14459582E-03
    1364.,  0.78277247E+01,  0.10180829E+03, -0.11976790E+01,  0.86183957E-03, -0.33507912E-02,  0.14375057E-03
    1365.,  0.79591749E+01,  0.10150182E+03, -0.11976790E+01,  0.80631927E-03, -0.34588596E-02,  0.14157151E-03
    1366.,  0.81055087E+01,  0.10123722E+03, -0.11976790E+01,  0.74933328E-03, -0.35462733E-02,  0.13691323E-03
    1367.,  0.82573113E+01,  0.10101308E+03, -0.11976790E+01,  0.70162278E-03, -0.36084842E-02,  0.13095296E-03
    1368.,  0.84076909E+01,  0.10082547E+03, -0.11976790E+01,  0.66843976E-03, -0.36430618E-02,  0.12325225E-03
    1369.,  0.82135926E+01,  0.10033424E+03, -0.11976790E+01,  0.75466503E-03, -0.38283486E-02,  0.12360141E-03
    1370.,  0.83905992E+01,  0.10016697E+03, -0.11976790E+01,  0.75637309E-03, -0.38208533E-02,  0.16442797E-03
    1371.,  0.86041219E+01,  0.99992144E+02, -0.11976790E+01,  0.77515457E-03, -0.37691105E-02,  0.17153782E-03
    1372.,  0.88601954E+01,  0.99814793E+02, -0.11976790E+01,  0.82420896E-03, -0.36507435E-02,  0.16913684E-03
    1373.,  0.91637731E+01,  0.99642824E+02, -0.11976790E+01,  0.90078541E-03, -0.34549668E-02,  0.16346908E-03
    1374.,  0.95169878E+01,  0.99487251E+02, -0.11976790E+01,  0.99341205E-03, -0.31892063E-02,  0.15733588E-03
    1375.,  0.99170042E+01,  0.99361439E+02, -0.11976790E+01,  0.10824051E-02, -0.28965362E-02,  0.15165977E-03
    1376.,  0.10354260E+02,  0.99278943E+02, -0.11976790E+01,  0.11469621E-02, -0.26543645E-02,  0.14459296E-03
    1377.,  0.10812349E+02,  0.99250137E+02, -0.11976790E+01,  0.11751578E-02, -0.25371828E-02,  0.13968098E-03
    1378.,  0.11270437E+02,  0.99278943E+02, -0.11976790E+01,  0.11693277E-02, -0.25613507E-02,  0.13629537E-03
    1379.,  0.11707694E+02,  0.99361439E+02, -0.11976790E+01,  0.11388485E-02, -0.26709679E-02,  0.13437017E-03
    1380.,  0.12107710E+02,  0.99487251E+02, -0.11976790E+01,  0.10917846E-02, -0.27851165E-02,  0.13071385E-03
    1381.,  0.12460925E+02,  0.99642824E+02, -0.11976790E+01,  0.10296812E-02, -0.28498131E-02,  0.12854928E-03
    1382.,  0.12764503E+02,  0.99814793E+02, -0.11976790E+01,  0.95300628E-03, -0.28517738E-02,  0.12385303E-03
    1383.,  0.13020576E+02,  0.99992144E+02, -0.11976790E+01,  0.86200844E-03, -0.28020072E-02,  0.12782560E-03
    1384.,  0.13234099E+02,  0.10016697E+03, -0.11976790E+01,  0.76428597E-03, -0.27210130E-02,  0.11952552E-03
    1385.,  0.13411105E+02,  0.10033424E+03, -0.11976790E+01,  0.66454466E-03, -0.26255262E-02,  0.14187436E-03
    1386.,  0.13577228E+02,  0.10051366E+03, -0.11976790E+01,  0.55522453E-03, -0.25147508E-02,  0.12731425E-03
    1387.,  0.13750135E+02,  0.10072937E+03, -0.11976790E+01,  0.42409962E-03, -0.23782342E-02,  0.13672175E-03
    1388.,  0.13924678E+02,  0.10098709E+03, -0.11976790E+01,  0.27493303E-03, -0.22221531E-02,  0.14072304E-03
    1389.,  0.14092932E+02,  0.10129132E+03, -0.11976790E+01,  0.11570971E-03, -0.20575957E-02,  0.14331359E-03
    1390.,  0.14244074E+02,  0.10164370E+03, -0.11976790E+01, -0.39863838E-04, -0.18973431E-02,  0.14333729E-03
    1391.,  0.14365194E+02,  0.10204100E+03, -0.11976790E+01, -0.17444809E-03, -0.17548405E-02,  0.14296739E-03
    1392.,  0.14443435E+02,  0.10247354E+03, -0.11976790E+01, -0.27463884E-03, -0.16377053E-02,  0.14374195E-03
    1393.,  0.14469170E+02,  0.10292529E+03, -0.11976790E+01, -0.33639677E-03, -0.15453089E-02,  0.14570205E-03
    1394.,  0.14438990E+02,  0.10337620E+03, -0.11976790E+01, -0.36521717E-03, -0.14714355E-02,  0.14741624E-03
    1395.,  0.14356881E+02,  0.10380643E+03, -0.11976790E+01, -0.37155202E-03, -0.14094786E-02,  0.14814158E-03
    1396.,  0.14232853E+02,  0.10420038E+03, -0.11976790E+01, -0.36569275E-03, -0.13554498E-02,  0.14826995E-03
    1397.,  0.14079876E+02,  0.10454894E+03, -0.11976790E+01, -0.35500305E-03, -0.13079205E-02,  0.14825455E-03
    1398.,  0.13910752E+02,  0.10484932E+03, -0.11976790E+01, -0.34367516E-03, -0.12666708E-02,  0.14822222E-03
    1399.,  0.13736087E+02,  0.10510346E+03, -0.11976790E+01, -0.33362776E-03, -0.12316520E-02,  0.14819460E-03
    1400.,  0.13563569E+02,  0.10531604E+03, -0.11976790E+01, -0.32547700E-03, -0.12025803E-02,  0.14817355E-03
    1401.,  0.13398144E+02,  0.10549280E+03, -0.11976790E+01, -0.31921508E-03, -0.11789240E-02,  0.14815740E-03
    1402.,  0.13220412E+02,  0.10565908E+03, -0.11976790E+01, -0.31403045E-03, -0.11575697E-02,  0.14814529E-03
    1403.,  0.13006469E+02,  0.10583250E+03, -0.11976790E+01, -0.30965673E-03, -0.11370057E-02,  0.14813257E-03
    1404.,  0.12750484E+02,  0.10600802E+03, -0.11976790E+01, -0.30666351E-03, -0.11193991E-02,  0.14812174E-03
    1405.,  0.12447749E+02,  0.10617780E+03, -0.11976790E+01, -0.30555740E-03, -0.11081964E-02,  0.14811352E-03
    1406.,  0.12096361E+02,  0.10633103E+03, -0.11976790E+01, -0.30643870E-03, -0.11083578E-02,  0.14810744E-03
    1407.,  0.11699269E+02,  0.10645469E+03, -0.11976790E+01, -0.30845687E-03, -0.11260674E-02,  0.14810332E-03
    1408.,  0.11265927E+02,  0.10653563E+03, -0.11976790E+01, -0.30928916E-03, -0.11674881E-02,  0.14810026E-03
    1409.,  0.10812349E+02,  0.10656387E+03, -0.11976790E+01, -0.30514368E-03, -0.12365251E-02,  0.14809626E-03
    1410.,  0.10358770E+02,  0.10653563E+03, -0.11976790E+01, -0.29173619E-03, -0.13325755E-02,  0.14808899E-03
    1411.,  0.99254285E+01,  0.10645469E+03, -0.11976790E+01, -0.26596172E-03, -0.14499070E-02,  0.14807766E-03
    1412.,  0.95283373E+01,  0.10633103E+03, -0.11976790E+01, -0.22718261E-03, -0.15793950E-02,  0.14806384E-03
    1413.,  0.91769484E+01,  0.10617780E+03, -0.11976790E+01, -0.17727404E-03, -0.17114934E-02,  0.14805002E-03
    1414.,  0.88742135E+01,  0.10600802E+03, -0.11976790E+01, -0.11962290E-03, -0.18386032E-02,  0.14803799E-03
    1415.,  0.86182289E+01,  0.10583250E+03, -0.11976790E+01, -0.57915257E-04, -0.19559649E-02,  0.14802624E-03
    1416.,  0.84042854E+01,  0.10565908E+03, -0.11976790E+01,  0.46891011E-05, -0.20613833E-02,  0.14801453E-03
    1417.,  0.82265537E+01,  0.10549280E+03, -0.11976790E+01,  0.65871287E-04, -0.21544588E-02,  0.14801175E-03
    1418.,  0.80611286E+01,  0.10531604E+03, -0.11976790E+01,  0.13178773E-03, -0.22460776E-02,  0.14800820E-03
    1419.,  0.78886108E+01,  0.10510346E+03, -0.11976790E+01,  0.21175677E-03, -0.23475707E-02,  0.14801830E-03
    1420.,  0.77139460E+01,  0.10484932E+03, -0.11976790E+01,  0.30755268E-03, -0.24580634E-02,  0.14806375E-03
    1421.,  0.75448220E+01,  0.10454894E+03, -0.11976790E+01,  0.41958123E-03, -0.25755236E-02,  0.14819113E-03
    1422.,  0.73918450E+01,  0.10420038E+03, -0.11976790E+01,  0.54526507E-03, -0.26968123E-02,  0.14863603E-03
    1423.,  0.72678168E+01,  0.10380643E+03, -0.11976790E+01,  0.67702170E-03, -0.28185247E-02,  0.14982847E-03
    1424.,  0.71857075E+01,  0.10337620E+03, -0.11976790E+01,  0.80103426E-03, -0.29387732E-02,  0.15171941E-03
    1425.,  0.71555280E+01,  0.10292529E+03, -0.11976790E+01,  0.89908863E-03, -0.30589427E-02,  0.15365387E-03
    1426.,  0.71812629E+01,  0.10247354E+03, -0.11976790E+01,  0.95491842E-03, -0.31829517E-02,  0.15424377E-03
    1427.,  0.72595040E+01,  0.10204100E+03, -0.11976790E+01,  0.96259233E-03, -0.33129153E-02,  0.15405720E-03
    1428.,  0.73806238E+01,  0.10164370E+03, -0.11976790E+01,  0.93113320E-03, -0.34442830E-02,  0.15550283E-03
    1429.,  0.75317654E+01,  0.10129132E+03, -0.11976790E+01,  0.88049832E-03, -0.35667190E-02,  0.15913996E-03
    1430.,  0.77000203E+01,  0.10098709E+03, -0.11976790E+01,  0.83039862E-03, -0.36703731E-02,  0.16531441E-03
    1431.,  0.78745632E+01,  0.10072937E+03, -0.11976790E+01,  0.79166896E-03, -0.37500437E-02,  0.16976632E-03
    1432.,  0.80474698E+01,  0.10051366E+03, -0.11976790E+01,  0.76613480E-03, -0.38037732E-02,  0.17218179E-03
    1433.,  0.78750147E+01,  0.99999043E+02, -0.11976790E+01,  0.87966109E-03, -0.40639840E-02,  0.40488709E-03
    1434.,  0.80750825E+01,  0.99809983E+02, -0.11976790E+01,  0.87627327E-03, -0.40854727E-02,  0.27589742E-03
    1435.,  0.83164240E+01,  0.99612383E+02, -0.11976790E+01,  0.91862989E-03, -0.40377168E-02,  0.19794702E-03
    1436.,  0.86058599E+01,  0.99411925E+02, -0.11976790E+01,  0.99845348E-03, -0.39043590E-02,  0.16721581E-03
    1437.,  0.89489891E+01,  0.99217552E+02, -0.11976790E+01,  0.11069504E-02, -0.36655508E-02,  0.15267632E-03
    1438.,  0.93482222E+01,  0.99041709E+02, -0.11976790E+01,  0.12238460E-02, -0.33249294E-02,  0.14951832E-03
    1439.,  0.98003546E+01,  0.98899506E+02, -0.11976790E+01,  0.13220238E-02, -0.29357775E-02,  0.15306883E-03
    1440.,  0.10294579E+02,  0.98806262E+02, -0.11976790E+01,  0.13781111E-02, -0.26112461E-02,  0.15515643E-03
    1441.,  0.10812349E+02,  0.98773704E+02, -0.11976790E+01,  0.13780651E-02, -0.24732358E-02,  0.14365634E-03
    1442.,  0.11330119E+02,  0.98806262E+02, -0.11976790E+01,  0.13261611E-02, -0.25431917E-02,  0.14247333E-03
    1443.,  0.11824343E+02,  0.98899506E+02, -0.11976790E+01,  0.12483538E-02, -0.27242862E-02,  0.14493525E-03
    1444.,  0.12276476E+02,  0.99041709E+02, -0.11976790E+01,  0.11645934E-02, -0.28935574E-02,  0.14348643E-03
    1445.,  0.12675709E+02,  0.99217552E+02, -0.11976790E+01,  0.10821447E-02, -0.29803565E-02,  0.13160317E-03
    1446.,  0.13018838E+02,  0.99411925E+02, -0.11976790E+01,  0.99552975E-03, -0.29764178E-02,  0.12867140E-03
    1447.,  0.13308274E+02,  0.99612383E+02, -0.11976790E+01,  0.90291557E-03, -0.29091272E-02,  0.11115517E-03
    1448.,  0.13549615E+02,  0.99809983E+02, -0.11976790E+01,  0.79483103E-03, -0.28005462E-02,  0.13171602E-03
    1449.,  0.13749683E+02,  0.99999043E+02, -0.11976790E+01,  0.68744224E-03, -0.26784598E-02,  0.79857036E-04
    1450.,  0.13937449E+02,  0.10020184E+03, -0.11976790E+01,  0.56793753E-03, -0.25344520E-02,  0.14625560E-03
    1451.,  0.14132883E+02,  0.10044566E+03, -0.11976790E+01,  0.42818646E-03, -0.23642185E-02,  0.14641090E-03
    1452.,  0.14330166E+02,  0.10073695E+03, -0.11976790E+01,  0.27055186E-03, -0.21786838E-02,  0.14723708E-03
    1453.,  0.14520342E+02,  0.10108082E+03, -0.11976790E+01,  0.10289807E-03, -0.19862393E-02,  0.14409523E-03
    1454.,  0.14691175E+02,  0.10147911E+03, -0.11976790E+01, -0.56947391E-04, -0.18062975E-02,  0.14498954E-03
    1455.,  0.14828075E+02,  0.10192817E+03, -0.11976790E+01, -0.19088818E-03, -0.16566000E-02,  0.14680504E-03
    1456.,  0.14916509E+02,  0.10241707E+03, -0.11976790E+01, -0.28773906E-03, -0.15452172E-02,  0.14706886E-03
    1457.,  0.14945597E+02,  0.10292767E+03, -0.11976790E+01, -0.34660712E-03, -0.14671595E-02,  0.14695175E-03
    1458.,  0.14911486E+02,  0.10343733E+03, -0.11976790E+01, -0.37441207E-03, -0.14105727E-02,  0.14723943E-03
    1459.,  0.14818679E+02,  0.10392361E+03, -0.11976790E+01, -0.38146164E-03, -0.13645665E-02,  0.14760157E-03
    1460.,  0.14678492E+02,  0.10436889E+03, -0.11976790E+01, -0.37729600E-03, -0.13231387E-02,  0.14789402E-03
    1461.,  0.14505584E+02,  0.10476285E+03, -0.11976790E+01, -0.36871827E-03, -0.12845755E-02,  0.14802470E-03
    1462.,  0.14314426E+02,  0.10510237E+03, -0.11976790E+01, -0.35969027E-03, -0.12492575E-02,  0.14807736E-03
    1463.,  0.14117005E+02,  0.10538963E+03, -0.11976790E+01, -0.35209160E-03, -0.12179408E-02,  0.14809768E-03
    1464.,  0.13922011E+02,  0.10562990E+03, -0.11976790E+01, -0.34653410E-03, -0.11910622E-02,  0.14810909E-03
    1465.,  0.13735033E+02,  0.10582969E+03, -0.11976790E+01, -0.34297485E-03, -0.11686345E-02,  0.14811549E-03
    1466.,  0.13534146E+02,  0.10601763E+03, -0.11976790E+01, -0.34095116E-03, -0.11479904E-02,  0.14811220E-03
    1467.,  0.13292329E+02,  0.10621364E+03, -0.11976790E+01, -0.34074782E-03, -0.11277845E-02,  0.14811184E-03
    1468.,  0.13002994E+02,  0.10641204E+03, -0.11976790E+01, -0.34324900E-03, -0.11103035E-02,  0.14811134E-03
    1469.,  0.12660817E+02,  0.10660394E+03, -0.11976790E+01, -0.34927276E-03, -0.10993261E-02,  0.14810927E-03
    1470.,  0.12263647E+02,  0.10677713E+03, -0.11976790E+01, -0.35910545E-03, -0.11004402E-02,  0.14810693E-03
    1471.,  0.11814821E+02,  0.10691689E+03, -0.11976790E+01, -0.37178046E-03, -0.11207871E-02,  0.14810441E-03
    1472.,  0.11325022E+02,  0.10700839E+03, -0.11976790E+01, -0.38437754E-03, -0.11676471E-02,  0.14810163E-03
    1473.,  0.10812349E+02,  0.10704030E+03, -0.11976790E+01, -0.39198549E-03, -0.12457731E-02,  0.14809865E-03
    1474.,  0.10299676E+02,  0.10700839E+03, -0.11976790E+01, -0.38892197E-03, -0.13546254E-02,  0.14809582E-03
    1475.,  0.98098764E+01,  0.10691689E+03, -0.11976790E+01, -0.37087673E-03, -0.14875449E-02,  0.14809367E-03
    1476.,  0.93610504E+01,  0.10677713E+03, -0.11976790E+01, -0.33660449E-03, -0.16338188E-02,  0.14809284E-03
    1477.,  0.89638810E+01,  0.10660394E+03, -0.11976790E+01, -0.28805193E-03, -0.17822727E-02,  0.14809401E-03
    1478.,  0.86217043E+01,  0.10641204E+03, -0.11976790E+01, -0.22914838E-03, -0.19241173E-02,  0.14809757E-03
    1479.,  0.83323689E+01,  0.10621364E+03, -0.11976790E+01, -0.16429651E-03, -0.20539839E-02,  0.14810846E-03
    1480.,  0.80905518E+01,  0.10601763E+03, -0.11976790E+01, -0.97340757E-04, -0.21695366E-02,  0.14812490E-03
    1481.,  0.78896645E+01,  0.10582969E+03, -0.11976790E+01, -0.31137532E-04, -0.22705345E-02,  0.14812935E-03
    1482.,  0.77026871E+01,  0.10562990E+03, -0.11976790E+01,  0.40820290E-04, -0.23688660E-02,  0.14816715E-03
    1483.,  0.75076928E+01,  0.10538963E+03, -0.11976790E+01,  0.12884120E-03, -0.24763247E-02,  0.14822381E-03
    1484.,  0.73102719E+01,  0.10510237E+03, -0.11976790E+01,  0.23521810E-03, -0.25912354E-02,  0.14830926E-03
    1485.,  0.71191136E+01,  0.10476285E+03, -0.11976790E+01,  0.36099503E-03, -0.27105586E-02,  0.14852074E-03
    1486.,  0.69462061E+01,  0.10436889E+03, -0.11976790E+01,  0.50428387E-03, -0.28302237E-02,  0.14880808E-03
    1487.,  0.68060189E+01,  0.10392361E+03, -0.11976790E+01,  0.65800046E-03, -0.29464560E-02,  0.14912010E-03
    1488.,  0.67132120E+01,  0.10343733E+03, -0.11976790E+01,  0.80812639E-03, -0.30583549E-02,  0.14923584E-03
    1489.,  0.66791006E+01,  0.10292767E+03, -0.11976790E+01,  0.93501423E-03, -0.31706343E-02,  0.14794041E-03
    1490.,  0.67081884E+01,  0.10241707E+03, -0.11976790E+01,  0.10191013E-02, -0.32928798E-02,  0.14835721E-03
    1491.,  0.67966230E+01,  0.10192817E+03, -0.11976790E+01,  0.10492582E-02, -0.34319065E-02,  0.15078900E-03
    1492.,  0.69335230E+01,  0.10147911E+03, -0.11976790E+01,  0.10305079E-02, -0.35833349E-02,  0.15021395E-03
    1493.,  0.71043560E+01,  0.10108082E+03, -0.11976790E+01,  0.98405752E-03, -0.37297304E-02,  0.15020837E-03
    1494.,  0.72945319E+01,  0.10073695E+03, -0.11976790E+01,  0.93703102E-03, -0.38519648E-02,  0.15764326E-03
    1495.,  0.74918150E+01,  0.10044566E+03, -0.11976790E+01,  0.90617700E-03, -0.39441784E-02,  0.18022152E-03
    1496.,  0.76872487E+01,  0.10020184E+03, -0.11976790E+01,  0.89211463E-03, -0.40129676E-02,  0.23216400E-03
    1497.,  0.75364368E+01,  0.99663851E+02, -0.11976790E+01,  0.98551876E-03, -0.43414579E-02, -0.98261173E-03
    1498.,  0.77595659E+01,  0.99452998E+02, -0.11976790E+01,  0.10148688E-02, -0.44088657E-02, -0.59862488E-03
    1499.,  0.80287260E+01,  0.99232622E+02, -0.11976790E+01,  0.11151069E-02, -0.43803687E-02, -0.23199118E-03
    1500.,  0.83515244E+01,  0.99009058E+02, -0.11976790E+01,  0.12657007E-02, -0.42518937E-02, -0.94787104E-04
    1501.,  0.87342051E+01,  0.98792279E+02, -0.11976790E+01,  0.14400662E-02, -0.39766207E-02,  0.11633302E-04
    1502.,  0.91794566E+01,  0.98596168E+02, -0.11976790E+01,  0.15890479E-02, -0.35455776E-02,  0.75625459E-04
    1503.,  0.96837050E+01,  0.98437574E+02, -0.11976790E+01,  0.16838031E-02, -0.30107607E-02,  0.98294746E-04
    1504.,  0.10234897E+02,  0.98333582E+02, -0.11976790E+01,  0.17002600E-02, -0.25510528E-02,  0.14324209E-03
    1505.,  0.10812349E+02,  0.98297271E+02, -0.11976790E+01,  0.16113849E-02, -0.23917504E-02,  0.24031366E-03
    1506.,  0.11389801E+02,  0.98333582E+02, -0.11976790E+01,  0.14475202E-02, -0.25543807E-02,  0.26601165E-03
    1507.,  0.11940993E+02,  0.98437574E+02, -0.11976790E+01,  0.12745632E-02, -0.28529272E-02,  0.26476913E-03
    1508.,  0.12445241E+02,  0.98596168E+02, -0.11976790E+01,  0.11506332E-02, -0.30946287E-02,  0.29739972E-03
    1509.,  0.12890493E+02,  0.98792279E+02, -0.11976790E+01,  0.10658250E-02, -0.31928959E-02,  0.37748744E-03
    1510.,  0.13273173E+02,  0.99009058E+02, -0.11976790E+01,  0.99592034E-03, -0.31680819E-02,  0.43868502E-03
    1511.,  0.13595972E+02,  0.99232622E+02, -0.11976790E+01,  0.91568630E-03, -0.30537628E-02,  0.49655517E-03
    1512.,  0.13865132E+02,  0.99452998E+02, -0.11976790E+01,  0.83722289E-03, -0.29188132E-02,  0.45773924E-03
    1513.,  0.14088261E+02,  0.99663851E+02, -0.11976790E+01,  0.70881948E-03, -0.27401332E-02,  0.55302016E-03
    1514.,  0.14297670E+02,  0.99890023E+02, -0.11976790E+01,  0.57669596E-03, -0.25514424E-02,  0.29532298E-03
    1515.,  0.14515631E+02,  0.10016195E+03, -0.11976790E+01,  0.42902876E-03, -0.23530138E-02,  0.22793196E-03
    1516.,  0.14735654E+02,  0.10048681E+03, -0.11976790E+01,  0.25585141E-03, -0.21291256E-02,  0.20726493E-03
    1517.,  0.14947751E+02,  0.10087032E+03, -0.11976790E+01,  0.75990903E-04, -0.19038343E-02,  0.20159147E-03
    1518.,  0.15138276E+02,  0.10131452E+03, -0.11976790E+01, -0.86922087E-04, -0.17045268E-02,  0.19706313E-03
    1519.,  0.15290956E+02,  0.10181534E+03, -0.11976790E+01, -0.21403486E-03, -0.15547655E-02,  0.19436461E-03
    1520.,  0.15389584E+02,  0.10236060E+03, -0.11976790E+01, -0.30102698E-03, -0.14570887E-02,  0.18811611E-03
    1521.,  0.15422025E+02,  0.10293005E+03, -0.11976790E+01, -0.35235692E-03, -0.13978546E-02,  0.17132218E-03
    1522.,  0.15383981E+02,  0.10349846E+03, -0.11976790E+01, -0.37727291E-03, -0.13588628E-02,  0.15568711E-03
    1523.,  0.15280477E+02,  0.10404079E+03, -0.11976790E+01, -0.38558476E-03, -0.13266474E-02,  0.14918303E-03
    1524.,  0.15124131E+02,  0.10453740E+03, -0.11976790E+01, -0.38492991E-03, -0.12950362E-02,  0.14745029E-03
    1525.,  0.14931293E+02,  0.10497677E+03, -0.11976790E+01, -0.38049323E-03, -0.12632778E-02,  0.14715925E-03
    1526.,  0.14718100E+02,  0.10535542E+03, -0.11976790E+01, -0.37555355E-03, -0.12326301E-02,  0.14724020E-03
    1527.,  0.14497923E+02,  0.10567579E+03, -0.11976790E+01, -0.37182714E-03, -0.12044654E-02,  0.14739939E-03
    1528.,  0.14280452E+02,  0.10594376E+03, -0.11976790E+01, -0.36991895E-03, -0.11796611E-02,  0.14752062E-03
    1529.,  0.14071923E+02,  0.10616658E+03, -0.11976790E+01, -0.36980588E-03, -0.11585838E-02,  0.14761834E-03
    1530.,  0.13847880E+02,  0.10637618E+03, -0.11976790E+01, -0.37151210E-03, -0.11389067E-02,  0.14773413E-03
    1531.,  0.13578189E+02,  0.10659479E+03, -0.11976790E+01, -0.37590192E-03, -0.11194449E-02,  0.14783698E-03
    1532.,  0.13255503E+02,  0.10681605E+03, -0.11976790E+01, -0.38413464E-03, -0.11025546E-02,  0.14792242E-03
    1533.,  0.12873884E+02,  0.10703007E+03, -0.11976790E+01, -0.39731131E-03, -0.10922491E-02,  0.14799433E-03
    1534.,  0.12430934E+02,  0.10722323E+03, -0.11976790E+01, -0.41592004E-03, -0.10946528E-02,  0.14805056E-03
    1535.,  0.11930373E+02,  0.10737910E+03, -0.11976790E+01, -0.43896043E-03, -0.11178366E-02,  0.14809168E-03
    1536.,  0.11384116E+02,  0.10748114E+03, -0.11976790E+01, -0.46301618E-03, -0.11702850E-02,  0.14812452E-03
    1537.,  0.10812349E+02,  0.10751674E+03, -0.11976790E+01, -0.48209697E-03, -0.12577642E-02,  0.14816540E-03
    1538.,  0.10240582E+02,  0.10748114E+03, -0.11976790E+01, -0.48907685E-03, -0.13799113E-02,  0.14823281E-03
    1539.,  0.96943244E+01,  0.10737910E+03, -0.11976790E+01, -0.47839164E-03, -0.15291013E-02,  0.14833195E-03
    1540.,  0.91937635E+01,  0.10722323E+03, -0.11976790E+01, -0.44822890E-03, -0.16928882E-02,  0.14844736E-03
    1541.,  0.87508135E+01,  0.10703007E+03, -0.11976790E+01, -0.40072394E-03, -0.18583505E-02,  0.14855494E-03
    1542.,  0.83691952E+01,  0.10681605E+03, -0.11976790E+01, -0.34045248E-03, -0.20154948E-02,  0.14863850E-03
    1543.,  0.80465089E+01,  0.10659479E+03, -0.11976790E+01, -0.27258562E-03, -0.21583959E-02,  0.14868721E-03
    1544.,  0.77768183E+01,  0.10637618E+03, -0.11976790E+01, -0.20162368E-03, -0.22846491E-02,  0.14871878E-03
    1545.,  0.75527752E+01,  0.10616658E+03, -0.11976790E+01, -0.13092784E-03, -0.23942161E-02,  0.14875847E-03
    1546.,  0.73442455E+01,  0.10594376E+03, -0.11976790E+01, -0.53648521E-04, -0.25000865E-02,  0.14864494E-03
    1547.,  0.71267748E+01,  0.10567579E+03, -0.11976790E+01,  0.41389125E-04, -0.26147608E-02,  0.14837109E-03
    1548.,  0.69065978E+01,  0.10535542E+03, -0.11976790E+01,  0.15700152E-03, -0.27359258E-02,  0.14775920E-03
    1549.,  0.66934053E+01,  0.10497677E+03, -0.11976790E+01,  0.29506690E-03, -0.28596388E-02,  0.14611446E-03
    1550.,  0.65005672E+01,  0.10453740E+03, -0.11976790E+01,  0.45517795E-03, -0.29806131E-02,  0.14206180E-03
    1551.,  0.63442210E+01,  0.10404079E+03, -0.11976790E+01,  0.63193399E-03, -0.30940643E-02,  0.13145651E-03
    1552.,  0.62407166E+01,  0.10349846E+03, -0.11976790E+01,  0.81185903E-03, -0.31984619E-02,  0.11421710E-03
    1553.,  0.62026732E+01,  0.10293005E+03, -0.11976790E+01,  0.97388507E-03, -0.32992519E-02,  0.10386470E-03
    1554.,  0.62351139E+01,  0.10236060E+03, -0.11976790E+01,  0.10959524E-02, -0.34127099E-02,  0.98470221E-04
    1555.,  0.63337421E+01,  0.10181534E+03, -0.11976790E+01,  0.11579070E-02, -0.35572594E-02,  0.91103363E-04
    1556.,  0.64864221E+01,  0.10131452E+03, -0.11976790E+01,  0.11539433E-02, -0.37319502E-02,  0.82804202E-04
    1557.,  0.66769466E+01,  0.10087032E+03, -0.11976790E+01,  0.11063770E-02, -0.39149873E-02,  0.57915109E-04
    1558.,  0.68890434E+01,  0.10048681E+03, -0.11976790E+01,  0.10511716E-02, -0.40716133E-02, -0.83797877E-05
    1559.,  0.71090668E+01,  0.10016195E+03, -0.11976790E+01,  0.10199432E-02, -0.41744581E-02, -0.14117401E-03
    1560.,  0.73270276E+01,  0.99890023E+02, -0.11976790E+01,  0.10143254E-02, -0.42358799E-02, -0.45189773E-03
    1561.,  0.71978590E+01,  0.99328659E+02, -0.11976790E+01,  0.10392609E-02, -0.49642665E-02,  0.30179031E-02
    1562.,  0.74440493E+01,  0.99096014E+02, -0.11976790E+01,  0.11464157E-02, -0.50916445E-02,  0.21817625E-02
    1563.,  0.77410281E+01,  0.98852860E+02, -0.11976790E+01,  0.14260507E-02, -0.49678724E-02,  0.13548554E-02
    1564.,  0.80971889E+01,  0.98606190E+02, -0.11976790E+01,  0.17068169E-02, -0.47342522E-02,  0.11006481E-02
    1565.,  0.85194211E+01,  0.98367007E+02, -0.11976790E+01,  0.19721095E-02, -0.44083170E-02,  0.69044159E-03
    1566.,  0.90106911E+01,  0.98150627E+02, -0.11976790E+01,  0.21748865E-02, -0.38987271E-02,  0.40283665E-03
    1567.,  0.95670554E+01,  0.97975642E+02, -0.11976790E+01,  0.22535338E-02, -0.31676401E-02,  0.30448423E-03
    1568.,  0.10175215E+02,  0.97860901E+02, -0.11976790E+01,  0.21727614E-02, -0.24806704E-02,  0.12949189E-03
    1569.,  0.10812349E+02,  0.97820837E+02, -0.11976790E+01,  0.18836847E-02, -0.23217344E-02, -0.21583209E-03
    1570.,  0.11449483E+02,  0.97860901E+02, -0.11976790E+01,  0.14426275E-02, -0.26509511E-02, -0.30687119E-03
    1571.,  0.12057642E+02,  0.97975642E+02, -0.11976790E+01,  0.11072673E-02, -0.30998391E-02, -0.31169197E-03
    1572.,  0.12614007E+02,  0.98150627E+02, -0.11976790E+01,  0.95770087E-03, -0.34099041E-02, -0.46838602E-03
    1573.,  0.13105277E+02,  0.98367007E+02, -0.11976790E+01,  0.92677927E-03, -0.35215678E-02, -0.73918552E-03
    1574.,  0.13527509E+02,  0.98606190E+02, -0.11976790E+01,  0.92626747E-03, -0.34832647E-02, -0.94992609E-03
    1575.,  0.13883670E+02,  0.98852860E+02, -0.11976790E+01,  0.89784944E-03, -0.33250085E-02, -0.10506212E-02
    1576.,  0.14180649E+02,  0.99096014E+02, -0.11976790E+01,  0.85576475E-03, -0.31090449E-02, -0.10105945E-02
    1577.,  0.14426839E+02,  0.99328659E+02, -0.11976790E+01,  0.78454040E-03, -0.28662176E-02, -0.11779393E-02
    1578.,  0.14657891E+02,  0.99578206E+02, -0.11976790E+01,  0.59741375E-03, -0.25708392E-02, -0.46285289E-03
    1579.,  0.14898379E+02,  0.99878234E+02, -0.11976790E+01,  0.44031685E-03, -0.23168151E-02, -0.15311849E-03
    1580.,  0.15141143E+02,  0.10023668E+03, -0.11976790E+01,  0.24787840E-03, -0.20458896E-02, -0.63585660E-04
    1581.,  0.15375161E+02,  0.10065982E+03, -0.11976790E+01,  0.45737269E-04, -0.17824151E-02, -0.21138541E-04
    1582.,  0.15585377E+02,  0.10114993E+03, -0.11976790E+01, -0.11971766E-03, -0.15764847E-02, -0.11660188E-04
    1583.,  0.15753837E+02,  0.10170252E+03, -0.11976790E+01, -0.23613893E-03, -0.14459598E-02, -0.21042593E-04
    1584.,  0.15862658E+02,  0.10230412E+03, -0.11976790E+01, -0.31039845E-03, -0.13774492E-02, -0.16701077E-05
    1585.,  0.15898452E+02,  0.10293243E+03, -0.11976790E+01, -0.35225208E-03, -0.13447328E-02,  0.70149491E-04
    1586.,  0.15856477E+02,  0.10355959E+03, -0.11976790E+01, -0.37429229E-03, -0.13243605E-02,  0.12929417E-03
    1587.,  0.15742275E+02,  0.10415797E+03, -0.11976790E+01, -0.38536653E-03, -0.13027686E-02,  0.14870474E-03
    1588.,  0.15569770E+02,  0.10470590E+03, -0.11976790E+01, -0.38970608E-03, -0.12773478E-02,  0.15240939E-03
    1589.,  0.15357001E+02,  0.10519069E+03, -0.11976790E+01, -0.39051909E-03, -0.12497083E-02,  0.15240171E-03
    1590.,  0.15121774E+02,  0.10560847E+03, -0.11976790E+01, -0.39045528E-03, -0.12220542E-02,  0.15159665E-03
    1591.,  0.14878841E+02,  0.10596196E+03, -0.11976790E+01, -0.39117985E-03, -0.11960927E-02,  0.15079435E-03
    1592.,  0.14638894E+02,  0.10625762E+03, -0.11976790E+01, -0.39334470E-03, -0.11728487E-02,  0.15026116E-03
    1593.,  0.14408812E+02,  0.10650347E+03, -0.11976790E+01, -0.39696467E-03, -0.11527898E-02,  0.14985353E-03
    1594.,  0.14161613E+02,  0.10673473E+03, -0.11976790E+01, -0.40257342E-03, -0.11338780E-02,  0.14941860E-03
    1595.,  0.13864049E+02,  0.10697594E+03, -0.11976790E+01, -0.41170252E-03, -0.11150080E-02,  0.14902755E-03
    1596.,  0.13508012E+02,  0.10722006E+03, -0.11976790E+01, -0.42579773E-03, -0.10985513E-02,  0.14871221E-03
    1597.,  0.13086952E+02,  0.10745621E+03, -0.11976790E+01, -0.44627220E-03, -0.10886719E-02,  0.14845642E-03
    1598.,  0.12598221E+02,  0.10766933E+03, -0.11976790E+01, -0.47395973E-03, -0.10919857E-02,  0.14826139E-03
    1599.,  0.12045926E+02,  0.10784131E+03, -0.11976790E+01, -0.50803466E-03, -0.11175567E-02,  0.14812692E-03
    1600.,  0.11443210E+02,  0.10795389E+03, -0.11976790E+01, -0.54472759E-03, -0.11753157E-02,  0.14802824E-03
    1601.,  0.10812349E+02,  0.10799317E+03, -0.11976790E+01, -0.57685137E-03, -0.12723822E-02,  0.14790134E-03
    1602.,  0.10181488E+02,  0.10795389E+03, -0.11976790E+01, -0.59543106E-03, -0.14087697E-02,  0.14766901E-03
    1603.,  0.95787723E+01,  0.10784131E+03, -0.11976790E+01, -0.59321715E-03, -0.15757761E-02,  0.14730423E-03
    1604.,  0.90264766E+01,  0.10766933E+03, -0.11976790E+01, -0.56766936E-03, -0.17588907E-02,  0.14686347E-03
    1605.,  0.85377461E+01,  0.10745621E+03, -0.11976790E+01, -0.52124550E-03, -0.19431398E-02,  0.14643657E-03
    1606.,  0.81166860E+01,  0.10722006E+03, -0.11976790E+01, -0.45941115E-03, -0.21171857E-02,  0.14608569E-03
    1607.,  0.77606489E+01,  0.10697594E+03, -0.11976790E+01, -0.38827308E-03, -0.22745698E-02,  0.14582511E-03
    1608.,  0.74630848E+01,  0.10673473E+03, -0.11976790E+01, -0.31312857E-03, -0.24128681E-02,  0.14557597E-03
    1609.,  0.72158860E+01,  0.10650347E+03, -0.11976790E+01, -0.23781536E-03, -0.25322739E-02,  0.14531237E-03
    1610.,  0.69858039E+01,  0.10625762E+03, -0.11976790E+01, -0.15523285E-03, -0.26471264E-02,  0.14546102E-03
    1611.,  0.67458568E+01,  0.10596196E+03, -0.11976790E+01, -0.53337241E-04, -0.27708319E-02,  0.14599226E-03
    1612.,  0.65029237E+01,  0.10560847E+03, -0.11976790E+01,  0.71137995E-04, -0.29007581E-02,  0.14749944E-03
    1613.,  0.62676969E+01,  0.10519069E+03, -0.11976790E+01,  0.22080581E-03, -0.30322488E-02,  0.15198436E-03
    1614.,  0.60549283E+01,  0.10470590E+03, -0.11976790E+01,  0.39684429E-03, -0.31585511E-02,  0.16371906E-03
    1615.,  0.58824231E+01,  0.10415797E+03, -0.11976790E+01,  0.59743417E-03, -0.32721186E-02,  0.20014298E-03
    1616.,  0.57682211E+01,  0.10355959E+03, -0.11976790E+01,  0.81058302E-03, -0.33691649E-02,  0.27024312E-03
    1617.,  0.57262458E+01,  0.10293243E+03, -0.11976790E+01,  0.10100526E-02, -0.34506379E-02,  0.32279794E-03
    1618.,  0.57620394E+01,  0.10230412E+03, -0.11976790E+01,  0.11768093E-02, -0.35356715E-02,  0.33463056E-03
    1619.,  0.58708612E+01,  0.10170252E+03, -0.11976790E+01,  0.12844341E-02, -0.36662926E-02,  0.34679618E-03
    1620.,  0.60393212E+01,  0.10114993E+03, -0.11976790E+01,  0.12964505E-02, -0.38639334E-02,  0.37554622E-03
    1621.,  0.62495371E+01,  0.10065982E+03, -0.11976790E+01,  0.12395074E-02, -0.40891619E-02,  0.48270595E-03
    1622.,  0.64835550E+01,  0.10023668E+03, -0.11976790E+01,  0.11630826E-02, -0.43047447E-02,  0.80628820E-03
    1623.,  0.67263186E+01,  0.99878234E+02, -0.11976790E+01,  0.11032809E-02, -0.45040662E-02,  0.11859501E-02
    1624.,  0.69668064E+01,  0.99578206E+02, -0.11976790E+01,  0.10951899E-02, -0.47004463E-02,  0.19365491E-02
    1625.,  0.68592811E+01,  0.98993467E+02, -0.11976790E+01,  0.12612493E-02, -0.70862345E-02, -0.46817646E-02
    1626.,  0.71285326E+01,  0.98739029E+02, -0.11976790E+01,  0.17708078E-02, -0.69635225E-02, -0.33048169E-02
    1627.,  0.74533302E+01,  0.98473099E+02, -0.11976790E+01,  0.22702605E-02, -0.67805734E-02, -0.20437431E-02
    1628.,  0.78428534E+01,  0.98203323E+02, -0.11976790E+01,  0.27593256E-02, -0.61371209E-02, -0.17647398E-02
    1629.,  0.83046371E+01,  0.97941735E+02, -0.11976790E+01,  0.30340642E-02, -0.53747874E-02, -0.95150269E-03
    1630.,  0.88419255E+01,  0.97705086E+02, -0.11976790E+01,  0.31579614E-02, -0.44811294E-02, -0.30113091E-03
    1631.,  0.94504058E+01,  0.97513709E+02, -0.11976790E+01,  0.31595460E-02, -0.34816939E-02, -0.76292157E-04
    1632.,  0.10115533E+02,  0.97388221E+02, -0.11976790E+01,  0.29082077E-02, -0.24135778E-02,  0.26408010E-03
    1633.,  0.10812349E+02,  0.97344404E+02, -0.11976790E+01,  0.22654394E-02, -0.22462537E-02,  0.94884862E-03
    1634.,  0.11509165E+02,  0.97388221E+02, -0.11976790E+01,  0.11810501E-02, -0.31105370E-02,  0.10879960E-02
    1635.,  0.12174292E+02,  0.97513709E+02, -0.11976790E+01,  0.51330829E-03, -0.37835416E-02,  0.11487341E-02
    1636.,  0.12782772E+02,  0.97705086E+02, -0.11976790E+01,  0.33120793E-03, -0.42577483E-02,  0.13949606E-02
    1637.,  0.13320061E+02,  0.97941735E+02, -0.11976790E+01,  0.44938364E-03, -0.45848469E-02,  0.19144299E-02
    1638.,  0.13781845E+02,  0.98203323E+02, -0.11976790E+01,  0.66011608E-03, -0.45704852E-02,  0.23453431E-02
    1639.,  0.14171368E+02,  0.98473099E+02, -0.11976790E+01,  0.78918988E-03, -0.43115233E-02,  0.23912736E-02
    1640.,  0.14496165E+02,  0.98739029E+02, -0.11976790E+01,  0.78521221E-03, -0.37745524E-02,  0.23034281E-02
    1641.,  0.14765417E+02,  0.98993467E+02, -0.11976790E+01,  0.83445609E-03, -0.34666482E-02,  0.25995483E-02
    1642.,  0.15018113E+02,  0.99266390E+02, -0.11976790E+01,  0.64997442E-03, -0.26434713E-02,  0.12957543E-02
    1643.,  0.15281127E+02,  0.99594522E+02, -0.11976790E+01,  0.51534473E-03, -0.22347070E-02,  0.70496473E-03
    1644.,  0.15546631E+02,  0.99986544E+02, -0.11976790E+01,  0.26560233E-03, -0.18818495E-02,  0.51254841E-03
    1645.,  0.15802570E+02,  0.10044932E+03, -0.11976790E+01,  0.27324533E-04, -0.16040837E-02,  0.34053402E-03
    1646.,  0.16032478E+02,  0.10098534E+03, -0.11976790E+01, -0.14786083E-03, -0.14218402E-02,  0.35581735E-03
    1647.,  0.16216718E+02,  0.10158969E+03, -0.11976790E+01, -0.24841647E-03, -0.13361414E-02,  0.44251276E-03
    1648.,  0.16335733E+02,  0.10224765E+03, -0.11976790E+01, -0.31185054E-03, -0.13172648E-02,  0.41284035E-03
    1649.,  0.16374879E+02,  0.10293482E+03, -0.11976790E+01, -0.34493424E-03, -0.13197217E-02,  0.25035767E-03
    1650.,  0.16328972E+02,  0.10362072E+03, -0.11976790E+01, -0.36695568E-03, -0.13136494E-02,  0.15494724E-03
    1651.,  0.16204073E+02,  0.10427515E+03, -0.11976790E+01, -0.38297396E-03, -0.12962145E-02,  0.13813208E-03
    1652.,  0.16015409E+02,  0.10487441E+03, -0.11976790E+01, -0.39328031E-03, -0.12723585E-02,  0.13635557E-03
    1653.,  0.15782709E+02,  0.10540461E+03, -0.11976790E+01, -0.39959291E-03, -0.12460743E-02,  0.13952415E-03
    1654.,  0.15525448E+02,  0.10586153E+03, -0.11976790E+01, -0.40446146E-03, -0.12197808E-02,  0.14176635E-03
    1655.,  0.15259759E+02,  0.10624812E+03, -0.11976790E+01, -0.40960969E-03, -0.11950515E-02,  0.14353913E-03
    1656.,  0.14997336E+02,  0.10657148E+03, -0.11976790E+01, -0.41585255E-03, -0.11728524E-02,  0.14459177E-03
    1657.,  0.14745701E+02,  0.10684036E+03, -0.11976790E+01, -0.42308837E-03, -0.11535067E-02,  0.14532134E-03
    1658.,  0.14475347E+02,  0.10709329E+03, -0.11976790E+01, -0.43250583E-03, -0.11349129E-02,  0.14607059E-03
    1659.,  0.14149909E+02,  0.10735708E+03, -0.11976790E+01, -0.44632700E-03, -0.11163117E-02,  0.14672969E-03
    1660.,  0.13760521E+02,  0.10762408E+03, -0.11976790E+01, -0.46621488E-03, -0.10999168E-02,  0.14723460E-03
    1661.,  0.13300019E+02,  0.10788234E+03, -0.11976790E+01, -0.49404086E-03, -0.10899723E-02,  0.14763057E-03
    1662.,  0.12765508E+02,  0.10811543E+03, -0.11976790E+01, -0.53124484E-03, -0.10935394E-02,  0.14792204E-03
    1663.,  0.12161478E+02,  0.10830352E+03, -0.11976790E+01, -0.57756258E-03, -0.11207773E-02,  0.14810220E-03
    1664.,  0.11502305E+02,  0.10842665E+03, -0.11976790E+01, -0.62916813E-03, -0.11833930E-02,  0.14820933E-03
    1665.,  0.10812349E+02,  0.10846960E+03, -0.11976790E+01, -0.67747311E-03, -0.12903247E-02,  0.14835754E-03
    1666.,  0.10122393E+02,  0.10842665E+03, -0.11976790E+01, -0.71081537E-03, -0.14422358E-02,  0.14869747E-03
    1667.,  0.94632203E+01,  0.10830352E+03, -0.11976790E+01, -0.71934286E-03, -0.16291731E-02,  0.14929468E-03
    1668.,  0.88591897E+01,  0.10811543E+03, -0.11976790E+01, -0.69944772E-03, -0.18340831E-02,  0.15005590E-03
    1669.,  0.83246786E+01,  0.10788234E+03, -0.11976790E+01, -0.65416256E-03, -0.20395041E-02,  0.15082205E-03
    1670.,  0.78641768E+01,  0.10762408E+03, -0.11976790E+01, -0.59027741E-03, -0.22325595E-02,  0.15149218E-03
    1671.,  0.74747889E+01,  0.10735708E+03, -0.11976790E+01, -0.51519275E-03, -0.24062462E-02,  0.15208113E-03
    1672.,  0.71493512E+01,  0.10709329E+03, -0.11976790E+01, -0.43508723E-03, -0.25583021E-02,  0.15272512E-03
    1673.,  0.68789968E+01,  0.10684036E+03, -0.11976790E+01, -0.35463888E-03, -0.26891459E-02,  0.15351740E-03
    1674.,  0.66273623E+01,  0.10657148E+03, -0.11976790E+01, -0.26608721E-03, -0.28143289E-02,  0.15382334E-03
    1675.,  0.63649388E+01,  0.10624812E+03, -0.11976790E+01, -0.15665769E-03, -0.29490420E-02,  0.15392177E-03
    1676.,  0.60992496E+01,  0.10586153E+03, -0.11976790E+01, -0.22809050E-04, -0.30904576E-02,  0.15324277E-03
    1677.,  0.58419885E+01,  0.10540461E+03, -0.11976790E+01,  0.13859507E-03, -0.32336067E-02,  0.15009669E-03
    1678.,  0.56092894E+01,  0.10487441E+03, -0.11976790E+01,  0.32992338E-03, -0.33710261E-02,  0.13606171E-03
    1679.,  0.54206252E+01,  0.10427515E+03, -0.11976790E+01,  0.55263185E-03, -0.34921106E-02,  0.91744372E-04
    1680.,  0.52957257E+01,  0.10362072E+03, -0.11976790E+01,  0.80247014E-03, -0.35836539E-02, -0.41727005E-04
    1681.,  0.52498185E+01,  0.10293482E+03, -0.11976790E+01,  0.10361364E-02, -0.36323963E-02, -0.19271450E-03
    1682.,  0.52889649E+01,  0.10224765E+03, -0.11976790E+01,  0.12487554E-02, -0.36668401E-02, -0.19583931E-03
    1683.,  0.54079803E+01,  0.10158969E+03, -0.11976790E+01,  0.14249663E-02, -0.37488310E-02, -0.14650920E-03
    1684.,  0.55922204E+01,  0.10098534E+03, -0.11976790E+01,  0.14693060E-02, -0.39427931E-02, -0.21820406E-03
    1685.,  0.58221277E+01,  0.10044932E+03, -0.11976790E+01,  0.14264508E-02, -0.42696580E-02, -0.44483280E-03
    1686.,  0.60780666E+01,  0.99986544E+02, -0.11976790E+01,  0.13387375E-02, -0.48177689E-02, -0.12061926E-02
    1687.,  0.63435704E+01,  0.99594522E+02, -0.11976790E+01,  0.12750263E-02, -0.55122584E-02, -0.18068191E-02
    1688.,  0.66065853E+01,  0.99266390E+02, -0.11976790E+01,  0.14010455E-02, -0.62262703E-02, -0.29439456E-02
    1689.,  0.62681257E+01,  0.98408223E+02, -0.11976790E+01,  0.34257190E-01,  0.12473589E-01, -0.27030872E+00
    1690.,  0.66487520E+01,  0.98196191E+02, -0.11976790E+01,  0.28386186E-01,  0.51863035E-02, -0.22532862E+00
    1691.,  0.70756666E+01,  0.97974583E+02, -0.11976790E+01,  0.23777396E-01,  0.81607473E-03, -0.18082037E+00
    1692.,  0.75565193E+01,  0.97749770E+02, -0.11976790E+01,  0.19330356E-01, -0.27763819E-02, -0.13313907E+00
    1693.,  0.80975891E+01,  0.97531779E+02, -0.11976790E+01,  0.14549926E-01, -0.53267413E-02, -0.86826854E-01
    1694.,  0.87015794E+01,  0.97334572E+02, -0.11976790E+01,  0.97103748E-02, -0.52886951E-02, -0.46281818E-01
    1695.,  0.93648963E+01,  0.97175092E+02, -0.11976790E+01,  0.60012784E-02, -0.34581269E-02, -0.19122614E-01
    1696.,  0.10075419E+02,  0.97070518E+02, -0.11976790E+01,  0.39947581E-02, -0.20423940E-02, -0.30006655E-02
    1697.,  0.10812349E+02,  0.97034004E+02, -0.11976790E+01,  0.28627165E-02, -0.19088503E-02,  0.11563109E-01
    1698.,  0.11549279E+02,  0.97070518E+02, -0.11976790E+01,  0.75540699E-04, -0.39865098E-02,  0.25335461E-01
    1699.,  0.12259802E+02,  0.97175092E+02, -0.11976790E+01, -0.34029579E-02, -0.44960992E-02,  0.39847465E-01
    1700.,  0.12923118E+02,  0.97334572E+02, -0.11976790E+01, -0.55926309E-02, -0.34741451E-02,  0.64475412E-01
    1701.,  0.13527109E+02,  0.97531779E+02, -0.11976790E+01, -0.72364765E-02, -0.14630671E-02,  0.99144607E-01
    1702.,  0.14068179E+02,  0.97749770E+02, -0.11976790E+01, -0.94303312E-02,  0.17297835E-02,  0.13562041E+00
    1703.,  0.14549031E+02,  0.97974583E+02, -0.11976790E+01, -0.12071686E-01,  0.59132444E-02,  0.16782540E+00
    1704.,  0.14975946E+02,  0.98196191E+02, -0.11976790E+01, -0.14813019E-01,  0.10188338E-01,  0.19430920E+00
    1705.,  0.15356572E+02,  0.98408223E+02, -0.11976790E+01, -0.17784005E-01,  0.15146098E-01,  0.21688977E+00
    1706.,  0.15567152E+02,  0.98791128E+02, -0.11976790E+01, -0.90884033E-02,  0.54505485E-02,  0.14472772E+00
    1707.,  0.15786331E+02,  0.99220040E+02, -0.11976790E+01, -0.40600426E-02,  0.92409972E-03,  0.87239663E-01
    1708.,  0.16007584E+02,  0.99702193E+02, -0.11976790E+01, -0.13728971E-02, -0.82040293E-03,  0.44732342E-01
    1709.,  0.16220867E+02,  0.10024331E+03, -0.11976790E+01, -0.52440124E-03, -0.11199325E-02,  0.20357980E-01
    1710.,  0.16412456E+02,  0.10084546E+03, -0.11976790E+01, -0.39077213E-03, -0.11475001E-02,  0.95919561E-02
    1711.,  0.16565989E+02,  0.10150455E+03, -0.11976790E+01, -0.31919042E-03, -0.12316547E-02,  0.51814266E-02
    1712.,  0.16665169E+02,  0.10220832E+03, -0.11976790E+01, -0.30693856E-03, -0.12962895E-02,  0.27518800E-02
    1713.,  0.16697791E+02,  0.10293643E+03, -0.11976790E+01, -0.33786951E-03, -0.13220757E-02,  0.12010758E-02
    1714.,  0.16659535E+02,  0.10366348E+03, -0.11976790E+01, -0.36077230E-03, -0.13178303E-02,  0.41995213E-03
    1715.,  0.16555452E+02,  0.10436432E+03, -0.11976790E+01, -0.38148068E-03, -0.12980639E-02,  0.15691339E-03
    1716.,  0.16398232E+02,  0.10501917E+03, -0.11976790E+01, -0.39697781E-03, -0.12725508E-02,  0.81606168E-04
    1717.,  0.16204316E+02,  0.10561647E+03, -0.11976790E+01, -0.40904755E-03, -0.12458422E-02,  0.63598081E-04
    1718.,  0.15989932E+02,  0.10615270E+03, -0.11976790E+01, -0.42052851E-03, -0.12202209E-02,  0.61589959E-04
    1719.,  0.15768524E+02,  0.10663033E+03, -0.11976790E+01, -0.43340236E-03, -0.11967974E-02,  0.62973497E-04
    1720.,  0.15549838E+02,  0.10705527E+03, -0.11976790E+01, -0.44831591E-03, -0.11762985E-02,  0.64619037E-04
    1721.,  0.15340142E+02,  0.10743480E+03, -0.11976790E+01, -0.46578586E-03, -0.11591381E-02,  0.65158754E-04
    1722.,  0.14958597E+02,  0.10764557E+03, -0.11976790E+01, -0.47496537E-03, -0.11411182E-02,  0.94530936E-04
    1723.,  0.14531149E+02,  0.10786540E+03, -0.11976790E+01, -0.48860213E-03, -0.11223811E-02,  0.11583567E-03
    1724.,  0.14050409E+02,  0.10808790E+03, -0.11976790E+01, -0.50867318E-03, -0.11052540E-02,  0.13039148E-03
    1725.,  0.13510408E+02,  0.10830312E+03, -0.11976790E+01, -0.53751775E-03, -0.10942483E-02,  0.13962319E-03
    1726.,  0.12908732E+02,  0.10849736E+03, -0.11976790E+01, -0.57723461E-03, -0.10970042E-02,  0.14494190E-03
    1727.,  0.12249123E+02,  0.10865410E+03, -0.11976790E+01, -0.62834821E-03, -0.11245936E-02,  0.14768584E-03
    1728.,  0.11543562E+02,  0.10875671E+03, -0.11976790E+01, -0.68776405E-03, -0.11899182E-02,  0.14920620E-03
    1729.,  0.10812349E+02,  0.10879250E+03, -0.11976790E+01, -0.74729170E-03, -0.13033013E-02,  0.15095815E-03
    1730.,  0.10081136E+02,  0.10875671E+03, -0.11976790E+01, -0.79511893E-03, -0.14668573E-02,  0.15449734E-03
    1731.,  0.93755751E+01,  0.10865410E+03, -0.11976790E+01, -0.82071184E-03, -0.16718993E-02,  0.16122825E-03
    1732.,  0.87159662E+01,  0.10849736E+03, -0.11976790E+01, -0.81950498E-03, -0.19020950E-02,  0.17192043E-03
    1733.,  0.81142903E+01,  0.10830312E+03, -0.11976790E+01, -0.79360168E-03, -0.21399417E-02,  0.18643033E-03
    1734.,  0.75742889E+01,  0.10808790E+03, -0.11976790E+01, -0.74906460E-03, -0.23718858E-02,  0.20380487E-03
    1735.,  0.70935489E+01,  0.10786540E+03, -0.11976790E+01, -0.69278034E-03, -0.25900050E-02,  0.22227680E-03
    1736.,  0.66661008E+01,  0.10764557E+03, -0.11976790E+01, -0.63064331E-03, -0.27911064E-02,  0.23890211E-03
    1737.,  0.62845555E+01,  0.10743480E+03, -0.11976790E+01, -0.56672418E-03, -0.29754982E-02,  0.24885778E-03
    1738.,  0.60748601E+01,  0.10705527E+03, -0.11976790E+01, -0.44077170E-03, -0.30814160E-02,  0.21748919E-03
    1739.,  0.58561738E+01,  0.10663033E+03, -0.11976790E+01, -0.29695085E-03, -0.31964213E-02,  0.17944725E-03
    1740.,  0.56347661E+01,  0.10615270E+03, -0.11976790E+01, -0.13240233E-03, -0.33185437E-02,  0.12345712E-03
    1741.,  0.54203819E+01,  0.10561647E+03, -0.11976790E+01,  0.55678536E-04, -0.34442297E-02,  0.22671748E-04
    1742.,  0.52264660E+01,  0.10501917E+03, -0.11976790E+01,  0.27028666E-03, -0.35676527E-02, -0.18582350E-03
    1743.,  0.50692458E+01,  0.10436432E+03, -0.11976790E+01,  0.51494409E-03, -0.36797231E-02, -0.67290204E-03
    1744.,  0.49651629E+01,  0.10366348E+03, -0.11976790E+01,  0.79288235E-03, -0.37637091E-02, -0.17000376E-02
    1745.,  0.49269069E+01,  0.10293643E+03, -0.11976790E+01,  0.10660435E-02, -0.38106689E-02, -0.35599517E-02
    1746.,  0.49595289E+01,  0.10220832E+03, -0.11976790E+01,  0.14170177E-02, -0.38242889E-02, -0.68810742E-02
    1747.,  0.50587084E+01,  0.10150455E+03, -0.11976790E+01,  0.19839089E-02, -0.38204269E-02, -0.13269305E-01
    1748.,  0.52122418E+01,  0.10084546E+03, -0.11976790E+01,  0.29626227E-02, -0.39415979E-02, -0.26891274E-01
    1749.,  0.54038312E+01,  0.10024331E+03, -0.11976790E+01,  0.50468515E-02, -0.40808442E-02, -0.53779100E-01
    1750.,  0.56171136E+01,  0.99702193E+02, -0.11976790E+01,  0.87347769E-02, -0.34963133E-02, -0.94704615E-01
    1751.,  0.58383669E+01,  0.99220040E+02, -0.11976790E+01,  0.13988431E-01, -0.14757570E-02, -0.14562427E+00
    1752.,  0.60575459E+01,  0.98791128E+02, -0.11976790E+01,  0.21435689E-01,  0.30363370E-02, -0.20331860E+00
    1753.,  0.56769704E+01,  0.97822979E+02, -0.11976790E+01,  0.12224806E+00,  0.10486256E+00, -0.71273797E+00
    1754.,  0.61689714E+01,  0.97653354E+02, -0.11976790E+01,  0.10648357E+00,  0.88230564E-01, -0.61623150E+00
    1755.,  0.66980031E+01,  0.97476067E+02, -0.11976790E+01,  0.88561282E-01,  0.69104832E-01, -0.51004140E+00
    1756.,  0.72701852E+01,  0.97296217E+02, -0.11976790E+01,  0.68300687E-01,  0.46346550E-01, -0.39562645E+00
    1757.,  0.78905411E+01,  0.97121824E+02, -0.11976790E+01,  0.46529413E-01,  0.22361522E-01, -0.27720582E+00
    1758.,  0.85612333E+01,  0.96964059E+02, -0.11976790E+01,  0.27993080E-01,  0.51356364E-02, -0.16636521E+00
    1759.,  0.92793868E+01,  0.96836474E+02, -0.11976790E+01,  0.14524434E-01, -0.13950170E-02, -0.77604985E-01
    1760.,  0.10035305E+02,  0.96752815E+02, -0.11976790E+01,  0.68323169E-02, -0.16755037E-02, -0.16404720E-01
    1761.,  0.10812349E+02,  0.96723604E+02, -0.11976790E+01,  0.28165488E-02, -0.16237872E-02,  0.34566418E-01
    1762.,  0.11589393E+02,  0.96752815E+02, -0.11976790E+01, -0.35003834E-02, -0.21077499E-02,  0.81711055E-01
    1763.,  0.12345311E+02,  0.96836474E+02, -0.11976790E+01, -0.12332427E-01,  0.38166234E-02,  0.13137612E+00
    1764.,  0.13063465E+02,  0.96964059E+02, -0.11976790E+01, -0.21669624E-01,  0.16642114E-01,  0.20421208E+00
    1765.,  0.13734157E+02,  0.97121824E+02, -0.11976790E+01, -0.33373327E-01,  0.34051571E-01,  0.29714870E+00
    1766.,  0.14354513E+02,  0.97296217E+02, -0.11976790E+01, -0.46419249E-01,  0.53459381E-01,  0.39031867E+00
    1767.,  0.14926695E+02,  0.97476067E+02, -0.11976790E+01, -0.59193219E-01,  0.72119822E-01,  0.47701943E+00
    1768.,  0.15455726E+02,  0.97653354E+02, -0.11976790E+01, -0.70521687E-01,  0.88220399E-01,  0.55394349E+00
    1769.,  0.15947728E+02,  0.97822979E+02, -0.11976790E+01, -0.80183459E-01,  0.10141896E+00,  0.62224573E+00
    1770.,  0.16116191E+02,  0.98315865E+02, -0.11976790E+01, -0.52642430E-01,  0.62680887E-01,  0.45871121E+00
    1771.,  0.16291535E+02,  0.98845558E+02, -0.11976790E+01, -0.27994030E-01,  0.29719065E-01,  0.30035287E+00
    1772.,  0.16468537E+02,  0.99417843E+02, -0.11976790E+01, -0.11318598E-01,  0.95016840E-02,  0.16851974E+00
    1773.,  0.16639163E+02,  0.10003730E+03, -0.11976790E+01, -0.35276302E-02,  0.14756233E-02,  0.80072078E-01
    1774.,  0.16792435E+02,  0.10070558E+03, -0.11976790E+01, -0.11638567E-02, -0.55225834E-03,  0.35334296E-01
    1775.,  0.16915261E+02,  0.10141942E+03, -0.11976790E+01, -0.47871815E-03, -0.11275156E-02,  0.16091764E-01
    1776.,  0.16994605E+02,  0.10216900E+03, -0.11976790E+01, -0.31205903E-03, -0.13038362E-02,  0.72656515E-02
    1777.,  0.17020703E+02,  0.10293805E+03, -0.11976790E+01, -0.33299211E-03, -0.13372124E-02,  0.29324031E-02
    1778.,  0.16990098E+02,  0.10370625E+03, -0.11976790E+01, -0.35625441E-03, -0.13259475E-02,  0.98732715E-03
    1779.,  0.16906831E+02,  0.10445348E+03, -0.11976790E+01, -0.38187448E-03, -0.12997116E-02,  0.26875323E-03
    1780.,  0.16781055E+02,  0.10516392E+03, -0.11976790E+01, -0.40248791E-03, -0.12705048E-02,  0.35264198E-04
    1781.,  0.16625923E+02,  0.10582832E+03, -0.11976790E+01, -0.41979567E-03, -0.12425778E-02, -0.39536425E-04
    1782.,  0.16454415E+02,  0.10644387E+03, -0.11976790E+01, -0.43727412E-03, -0.12170312E-02, -0.62945308E-04
    1783.,  0.16277289E+02,  0.10701254E+03, -0.11976790E+01, -0.45628852E-03, -0.11950850E-02, -0.70078521E-04
    1784.,  0.16102340E+02,  0.10753905E+03, -0.11976790E+01, -0.47757681E-03, -0.11769564E-02, -0.73033458E-04
    1785.,  0.15934584E+02,  0.10802924E+03, -0.11976790E+01, -0.50036207E-03, -0.11628649E-02, -0.74761562E-04
    1786.,  0.15441847E+02,  0.10819786E+03, -0.11976790E+01, -0.50909368E-03, -0.11473460E-02, -0.24323579E-05
    1787.,  0.14912389E+02,  0.10837372E+03, -0.11976790E+01, -0.52262936E-03, -0.11293994E-02,  0.55112394E-04
    1788.,  0.14340297E+02,  0.10855172E+03, -0.11976790E+01, -0.54327587E-03, -0.11117758E-02,  0.96403751E-04
    1789.,  0.13720796E+02,  0.10872390E+03, -0.11976790E+01, -0.57384096E-03, -0.10994915E-02,  0.12318679E-03
    1790.,  0.13051955E+02,  0.10887929E+03, -0.11976790E+01, -0.61711367E-03, -0.11009779E-02,  0.13866629E-03
    1791.,  0.12336768E+02,  0.10900468E+03, -0.11976790E+01, -0.67442164E-03, -0.11284140E-02,  0.14663712E-03
    1792.,  0.11584819E+02,  0.10908677E+03, -0.11976790E+01, -0.74334759E-03, -0.11960329E-02,  0.15105477E-03
    1793.,  0.10812349E+02,  0.10911540E+03, -0.11976790E+01, -0.81597607E-03, -0.13156064E-02,  0.15594843E-03
    1794.,  0.10039879E+02,  0.10908677E+03, -0.11976790E+01, -0.88018009E-03, -0.14907050E-02,  0.16550371E-03
    1795.,  0.92879298E+01,  0.10900468E+03, -0.11976790E+01, -0.92453510E-03, -0.17138664E-02,  0.18372923E-03
    1796.,  0.85727428E+01,  0.10887929E+03, -0.11976790E+01, -0.94328022E-03, -0.19693649E-02,  0.21317730E-03
    1797.,  0.79039020E+01,  0.10872390E+03, -0.11976790E+01, -0.93739958E-03, -0.22394190E-02,  0.25347445E-03
    1798.,  0.72844009E+01,  0.10855172E+03, -0.11976790E+01, -0.91212683E-03, -0.25094350E-02,  0.30054768E-03
    1799.,  0.67123089E+01,  0.10837372E+03, -0.11976790E+01, -0.87378142E-03, -0.27700542E-02,  0.34602241E-03
    1800.,  0.61828505E+01,  0.10819786E+03, -0.11976790E+01, -0.82778060E-03, -0.30167430E-02,  0.37562193E-03
    1801.,  0.56901142E+01,  0.10802924E+03, -0.11976790E+01, -0.77803764E-03, -0.32477392E-02,  0.36641264E-03
    1802.,  0.55223579E+01,  0.10753905E+03, -0.11976790E+01, -0.61120278E-03, -0.33344669E-02,  0.27174813E-03
    1803.,  0.53474089E+01,  0.10701254E+03, -0.11976790E+01, -0.43149680E-03, -0.34306038E-02,  0.15276936E-03
    1804.,  0.51702827E+01,  0.10644387E+03, -0.11976790E+01, -0.23626981E-03, -0.35352333E-02, -0.19275583E-04
    1805.,  0.49987753E+01,  0.10582832E+03, -0.11976790E+01, -0.22421261E-04, -0.36462035E-02, -0.31121245E-03
    1806.,  0.48436426E+01,  0.10516392E+03, -0.11976790E+01,  0.21400773E-03, -0.37598748E-02, -0.88427499E-03
    1807.,  0.47178665E+01,  0.10445348E+03, -0.11976790E+01,  0.48053108E-03, -0.38696343E-02, -0.21202557E-02
    1808.,  0.46346001E+01,  0.10370625E+03, -0.11976790E+01,  0.78801561E-03, -0.39616987E-02, -0.47205888E-02
    1809.,  0.46039953E+01,  0.10293805E+03, -0.11976790E+01,  0.11151075E-02, -0.40285386E-02, -0.10256783E-01
    1810.,  0.46300929E+01,  0.10216900E+03, -0.11976790E+01,  0.17842701E-02, -0.39841669E-02, -0.21970523E-01
    1811.,  0.47094365E+01,  0.10141942E+03, -0.11976790E+01,  0.36057287E-02, -0.34866207E-02, -0.46020875E-01
    1812.,  0.48322632E+01,  0.10070558E+03, -0.11976790E+01,  0.83497914E-02, -0.13596418E-02, -0.94861061E-01
    1813.,  0.49855348E+01,  0.10003730E+03, -0.11976790E+01,  0.19395466E-01,  0.57033210E-02, -0.17982479E+00
    1814.,  0.51561607E+01,  0.99417843E+02, -0.11976790E+01,  0.38230644E-01,  0.20975967E-01, -0.29620756E+00
    1815.,  0.53331633E+01,  0.98845558E+02, -0.11976790E+01,  0.62930628E-01,  0.43829202E-01, -0.42999803E+00
    1816.,  0.55085065E+01,  0.98315865E+02, -0.11976790E+01,  0.91968525E-01,  0.72730933E-01, -0.57171873E+00
    1817.,  0.50858150E+01,  0.97237735E+02, -0.11976790E+01,  0.20419430E+00,  0.19145779E+00, -0.11420981E+01
    1818.,  0.56891908E+01,  0.97110516E+02, -0.11976790E+01,  0.18044674E+00,  0.16709380E+00, -0.99672083E+00
    1819.,  0.63203396E+01,  0.96977552E+02, -0.11976790E+01,  0.15480395E+00,  0.13982553E+00, -0.84364791E+00
    1820.,  0.69838512E+01,  0.96842664E+02, -0.11976790E+01,  0.12476882E+00,  0.10615569E+00, -0.67867246E+00
    1821.,  0.76834930E+01,  0.96711869E+02, -0.11976790E+01,  0.90771503E-01,  0.66138195E-01, -0.50505319E+00
    1822.,  0.84208872E+01,  0.96593545E+02, -0.11976790E+01,  0.57406294E-01,  0.29920331E-01, -0.32984770E+00
    1823.,  0.91938774E+01,  0.96497857E+02, -0.11976790E+01,  0.31132541E-01,  0.66162417E-02, -0.17439590E+00
    1824.,  0.99951909E+01,  0.96435112E+02, -0.11976790E+01,  0.12855333E-01, -0.13730079E-02, -0.46070977E-01
    1825.,  0.10812349E+02,  0.96413204E+02, -0.11976790E+01,  0.18773050E-02, -0.13262026E-02,  0.63876793E-01
    1826.,  0.11629507E+02,  0.96435112E+02, -0.11976790E+01, -0.10942707E-01,  0.18677380E-02,  0.15905313E+00
    1827.,  0.12430821E+02,  0.96497857E+02, -0.11976790E+01, -0.27699189E-01,  0.20498621E-01,  0.25276414E+00
    1828.,  0.13203811E+02,  0.96593545E+02, -0.11976790E+01, -0.45544768E-01,  0.48784377E-01,  0.37597167E+00
    1829.,  0.13941205E+02,  0.96711869E+02, -0.11976790E+01, -0.65379348E-01,  0.79651418E-01,  0.51631750E+00
    1830.,  0.14640847E+02,  0.96842664E+02, -0.11976790E+01, -0.87699958E-01,  0.11275838E+00,  0.65977067E+00
    1831.,  0.15304358E+02,  0.96977552E+02, -0.11976790E+01, -0.11042078E+00,  0.14504528E+00,  0.79933009E+00
    1832.,  0.15935507E+02,  0.97110516E+02, -0.11976790E+01, -0.13235829E+00,  0.17562868E+00,  0.93279010E+00
    1833.,  0.16538883E+02,  0.97237735E+02, -0.11976790E+01, -0.15158679E+00,  0.20261774E+00,  0.10556512E+01
    1834.,  0.16665231E+02,  0.97840603E+02, -0.11976790E+01, -0.10945587E+00,  0.14220662E+00,  0.81758038E+00
    1835.,  0.16796738E+02,  0.98471075E+02, -0.11976790E+01, -0.67886418E-01,  0.83357249E-01,  0.57700341E+00
    1836.,  0.16929490E+02,  0.99133493E+02, -0.11976790E+01, -0.32530265E-01,  0.35493188E-01,  0.35255537E+00
    1837.,  0.17057460E+02,  0.99831287E+02, -0.11976790E+01, -0.11240544E-01,  0.94355572E-02,  0.17986139E+00
    1838.,  0.17172413E+02,  0.10056571E+03, -0.11976790E+01, -0.29967792E-02,  0.86342153E-03,  0.78546043E-01
    1839.,  0.17264533E+02,  0.10133428E+03, -0.11976790E+01, -0.75481405E-03, -0.10388844E-02,  0.32377909E-01
    1840.,  0.17324041E+02,  0.10212967E+03, -0.11976790E+01, -0.33668433E-03, -0.13555768E-02,  0.13249072E-01
    1841.,  0.17343614E+02,  0.10293966E+03, -0.11976790E+01, -0.33390892E-03, -0.13622633E-02,  0.51938355E-02
    1842.,  0.17320661E+02,  0.10374902E+03, -0.11976790E+01, -0.35546125E-03, -0.13354300E-02,  0.17827617E-02
    1843.,  0.17258211E+02,  0.10454264E+03, -0.11976790E+01, -0.38494890E-03, -0.12990046E-02,  0.48478034E-03
    1844.,  0.17163879E+02,  0.10530868E+03, -0.11976790E+01, -0.40960859E-03, -0.12659485E-02,  0.29473708E-04
    1845.,  0.17047529E+02,  0.10604018E+03, -0.11976790E+01, -0.43174381E-03, -0.12354863E-02, -0.13067236E-03
    1846.,  0.16918899E+02,  0.10673505E+03, -0.11976790E+01, -0.45351964E-03, -0.12104854E-02, -0.18759243E-03
    1847.,  0.16786054E+02,  0.10739475E+03, -0.11976790E+01, -0.47724148E-03, -0.11902400E-02, -0.20977475E-03
    1848.,  0.16654842E+02,  0.10802284E+03, -0.11976790E+01, -0.50161611E-03, -0.11751594E-02, -0.22052452E-03
    1849.,  0.16529025E+02,  0.10862368E+03, -0.11976790E+01, -0.52447526E-03, -0.11651258E-02, -0.22600875E-03
    1850.,  0.15925098E+02,  0.10875015E+03, -0.11976790E+01, -0.53260762E-03, -0.11537890E-02, -0.11652631E-03
    1851.,  0.15293629E+02,  0.10888204E+03, -0.11976790E+01, -0.54615683E-03, -0.11377233E-02, -0.21953494E-04
    1852.,  0.14630185E+02,  0.10901554E+03, -0.11976790E+01, -0.56781201E-03, -0.11199158E-02,  0.50824268E-04
    1853.,  0.13931184E+02,  0.10914467E+03, -0.11976790E+01, -0.60095445E-03, -0.11061295E-02,  0.10020723E-03
    1854.,  0.13195179E+02,  0.10926122E+03, -0.11976790E+01, -0.64913695E-03, -0.11058531E-02,  0.12953313E-03
    1855.,  0.12424413E+02,  0.10935526E+03, -0.11976790E+01, -0.71449941E-03, -0.11325983E-02,  0.14489315E-03
    1856.,  0.11626077E+02,  0.10941683E+03, -0.11976790E+01, -0.79521538E-03, -0.12020803E-02,  0.15349429E-03
    1857.,  0.10812349E+02,  0.10943830E+03, -0.11976790E+01, -0.88349302E-03, -0.13275934E-02,  0.16282126E-03
    1858.,  0.99986211E+01,  0.10941683E+03, -0.11976790E+01, -0.96671064E-03, -0.15141809E-02,  0.18061506E-03
    1859.,  0.92002846E+01,  0.10935526E+03, -0.11976790E+01, -0.10323267E-02, -0.17555754E-02,  0.21434513E-03
    1860.,  0.84295193E+01,  0.10926122E+03, -0.11976790E+01, -0.10731071E-02, -0.20365568E-02,  0.26861345E-03
    1861.,  0.76935138E+01,  0.10914467E+03, -0.11976790E+01, -0.10886785E-02, -0.23388497E-02,  0.34141837E-03
    1862.,  0.69945129E+01,  0.10901554E+03, -0.11976790E+01, -0.10833473E-02, -0.26464107E-02,  0.42167573E-03
    1863.,  0.63310689E+01,  0.10888204E+03, -0.11976790E+01, -0.10628996E-02, -0.29479121E-02,  0.48839877E-03
    1864.,  0.56996001E+01,  0.10875015E+03, -0.11976790E+01, -0.10324240E-02, -0.32364678E-02,  0.51126217E-03
    1865.,  0.50956728E+01,  0.10862368E+03, -0.11976790E+01, -0.99582215E-03, -0.35082667E-02,  0.45866123E-03
    1866.,  0.49698556E+01,  0.10802284E+03, -0.11976790E+01, -0.78188179E-03, -0.35744498E-02,  0.28208057E-03
    1867.,  0.48386439E+01,  0.10739475E+03, -0.11976790E+01, -0.56283938E-03, -0.36510139E-02,  0.58574924E-04
    1868.,  0.47057993E+01,  0.10673505E+03, -0.11976790E+01, -0.33491159E-03, -0.37383996E-02, -0.26525463E-03
    1869.,  0.45771687E+01,  0.10604018E+03, -0.11976790E+01, -0.94968604E-04, -0.38366305E-02, -0.80757912E-03
    1870.,  0.44608192E+01,  0.10530868E+03, -0.11976790E+01,  0.16297489E-03, -0.39437754E-02, -0.18400159E-02
    1871.,  0.43664871E+01,  0.10454264E+03, -0.11976790E+01,  0.45202280E-03, -0.40573342E-02, -0.39908514E-02
    1872.,  0.43040373E+01,  0.10374902E+03, -0.11976790E+01,  0.79611033E-03, -0.41686926E-02, -0.85513676E-02
    1873.,  0.42810837E+01,  0.10293966E+03, -0.11976790E+01,  0.12037951E-02, -0.42939864E-02, -0.18812140E-01
    1874.,  0.43006569E+01,  0.10212967E+03, -0.11976790E+01,  0.23564714E-02, -0.41827649E-02, -0.42260481E-01
    1875.,  0.43601646E+01,  0.10133428E+03, -0.11976790E+01,  0.64408225E-02, -0.24436674E-02, -0.92744364E-01
    1876.,  0.44522847E+01,  0.10056571E+03, -0.11976790E+01,  0.17920860E-01,  0.49177936E-02, -0.18942087E+00
    1877.,  0.45672383E+01,  0.99831287E+02, -0.11976790E+01,  0.41856457E-01,  0.24501934E-01, -0.34044535E+00
    1878.,  0.46952078E+01,  0.99133493E+02, -0.11976790E+01,  0.77492098E-01,  0.58203176E-01, -0.53031954E+00
    1879.,  0.48279597E+01,  0.98471075E+02, -0.11976790E+01,  0.11950457E+00,  0.10109505E+00, -0.73661909E+00
    1880.,  0.49594671E+01,  0.97840603E+02, -0.11976790E+01,  0.16267740E+00,  0.14702625E+00, -0.94327643E+00
    1881.,  0.44946597E+01,  0.96652492E+02, -0.11976790E+01,  0.28470523E+00,  0.27605176E+00, -0.15673794E+01
    1882.,  0.52094102E+01,  0.96567679E+02, -0.11976790E+01,  0.25008062E+00,  0.24042518E+00, -0.13662127E+01
    1883.,  0.59426760E+01,  0.96479036E+02, -0.11976790E+01,  0.21722797E+00,  0.20697268E+00, -0.11684553E+01
    1884.,  0.66975171E+01,  0.96389110E+02, -0.11976790E+01,  0.18200385E+00,  0.16860534E+00, -0.96581374E+00
    1885.,  0.74764450E+01,  0.96301914E+02, -0.11976790E+01,  0.13842671E+00,  0.11681865E+00, -0.74452348E+00
    1886.,  0.82805411E+01,  0.96223031E+02, -0.11976790E+01,  0.93693787E-01,  0.63309698E-01, -0.51334939E+00
    1887.,  0.91083679E+01,  0.96159239E+02, -0.11976790E+01,  0.52918216E-01,  0.20420343E-01, -0.29146524E+00
    1888.,  0.99550769E+01,  0.96117410E+02, -0.11976790E+01,  0.22550541E-01, -0.64048892E-03, -0.92066649E-01
    1889.,  0.10812349E+02,  0.96102804E+02, -0.11976790E+01, -0.79280870E-03, -0.13800004E-02,  0.94319556E-01
    1890.,  0.11669621E+02,  0.96117410E+02, -0.11976790E+01, -0.23024974E-01,  0.75657839E-02,  0.25173013E+00
    1891.,  0.12516330E+02,  0.96159239E+02, -0.11976790E+01, -0.49575341E-01,  0.45763399E-01,  0.39856360E+00
    1892.,  0.13344157E+02,  0.96223031E+02, -0.11976790E+01, -0.73221174E-01,  0.88801008E-01,  0.56305231E+00
    1893.,  0.14148253E+02,  0.96301914E+02, -0.11976790E+01, -0.99433614E-01,  0.12999546E+00,  0.74533237E+00
    1894.,  0.14927181E+02,  0.96389110E+02, -0.11976790E+01, -0.13234278E+00,  0.17666899E+00,  0.93859140E+00
    1895.,  0.15682022E+02,  0.96479036E+02, -0.11976790E+01, -0.16873084E+00,  0.22772029E+00,  0.11410937E+01
    1896.,  0.16415288E+02,  0.96567679E+02, -0.11976790E+01, -0.20108954E+00,  0.27379052E+00,  0.13306355E+01
    1897.,  0.17130038E+02,  0.96652492E+02, -0.11976790E+01, -0.22844757E+00,  0.31225965E+00,  0.15044533E+01
    1898.,  0.17214270E+02,  0.97365341E+02, -0.11976790E+01, -0.17131073E+00,  0.22991357E+00,  0.11916079E+01
    1899.,  0.17301942E+02,  0.98096593E+02, -0.11976790E+01, -0.11497285E+00,  0.14903779E+00,  0.87753782E+00
    1900.,  0.17390443E+02,  0.98849142E+02, -0.11976790E+01, -0.62555484E-01,  0.75254882E-01,  0.57195309E+00
    1901.,  0.17475756E+02,  0.99625276E+02, -0.11976790E+01, -0.24144949E-01,  0.24448944E-01,  0.31098011E+00
    1902.,  0.17552392E+02,  0.10042583E+03, -0.11976790E+01, -0.61724379E-02,  0.36229231E-02,  0.13800007E+00
    1903.,  0.17613805E+02,  0.10124915E+03, -0.11976790E+01, -0.11799973E-02, -0.10301267E-02,  0.53080854E-01
    1904.,  0.17653477E+02,  0.10209034E+03, -0.11976790E+01, -0.38604857E-03, -0.14453875E-02,  0.19988115E-01
    1905.,  0.17666526E+02,  0.10294127E+03, -0.11976790E+01, -0.34540916E-03, -0.13937193E-02,  0.76711408E-02
    1906.,  0.17651223E+02,  0.10379178E+03, -0.11976790E+01, -0.35908565E-03, -0.13390434E-02,  0.26968888E-02
    1907.,  0.17609590E+02,  0.10463180E+03, -0.11976790E+01, -0.38999485E-03, -0.12969016E-02,  0.76208101E-03
    1908.,  0.17546702E+02,  0.10545343E+03, -0.11976790E+01, -0.41907724E-03, -0.12561010E-02,  0.52197446E-04
    1909.,  0.17469136E+02,  0.10625204E+03, -0.11976790E+01, -0.44333544E-03, -0.12252066E-02, -0.20675422E-03
    1910.,  0.17383382E+02,  0.10702622E+03, -0.11976790E+01, -0.46907354E-03, -0.12003021E-02, -0.30269174E-03
    1911.,  0.17294819E+02,  0.10777696E+03, -0.11976790E+01, -0.49553314E-03, -0.11821474E-02, -0.34387481E-03
    1912.,  0.17207344E+02,  0.10850662E+03, -0.11976790E+01, -0.52020928E-03, -0.11704173E-02, -0.36316729E-03
    1913.,  0.17123466E+02,  0.10921812E+03, -0.11976790E+01, -0.53919073E-03, -0.11645235E-02, -0.37549190E-03
    1914.,  0.16408348E+02,  0.10930243E+03, -0.11976790E+01, -0.54558985E-03, -0.11596163E-02, -0.23398027E-03
    1915.,  0.15674869E+02,  0.10939036E+03, -0.11976790E+01, -0.55838106E-03, -0.11468526E-02, -0.10586788E-03
    1916.,  0.14920073E+02,  0.10947936E+03, -0.11976790E+01, -0.58075673E-03, -0.11295767E-02, -0.15251228E-05
    1917.,  0.14141572E+02,  0.10956545E+03, -0.11976790E+01, -0.61692338E-03, -0.11143317E-02,  0.72757266E-04
    1918.,  0.13338402E+02,  0.10964315E+03, -0.11976790E+01, -0.67137153E-03, -0.11119587E-02,  0.11824333E-03
    1919.,  0.12512059E+02,  0.10970584E+03, -0.11976790E+01, -0.74702785E-03, -0.11375576E-02,  0.14252173E-03
    1920.,  0.11667334E+02,  0.10974689E+03, -0.11976790E+01, -0.84246054E-03, -0.12085157E-02,  0.15623773E-03
    1921.,  0.10812349E+02,  0.10976120E+03, -0.11976790E+01, -0.94974941E-03, -0.13397550E-02,  0.17092853E-03
    1922.,  0.99573637E+01,  0.10974689E+03, -0.11976790E+01, -0.10555291E-02, -0.15378271E-02,  0.19858324E-03
    1923.,  0.91126394E+01,  0.10970584E+03, -0.11976790E+01, -0.11458385E-02, -0.17976298E-02,  0.25077288E-03
    1924.,  0.82862959E+01,  0.10964315E+03, -0.11976790E+01, -0.12115562E-02, -0.21043336E-02,  0.33416646E-03
    1925.,  0.74831255E+01,  0.10956545E+03, -0.11976790E+01, -0.12505164E-02, -0.24389148E-02,  0.44344180E-03
    1926.,  0.67046249E+01,  0.10947936E+03, -0.11976790E+01, -0.12658978E-02, -0.27834766E-02,  0.55659690E-03
    1927.,  0.59498289E+01,  0.10939036E+03, -0.11976790E+01, -0.12631090E-02, -0.31239841E-02,  0.63641149E-03
    1928.,  0.52163497E+01,  0.10930243E+03, -0.11976790E+01, -0.12474431E-02, -0.34509137E-02,  0.64264528E-03
    1929.,  0.45012315E+01,  0.10921812E+03, -0.11976790E+01, -0.12232169E-02, -0.37585563E-02,  0.55368816E-03
    1930.,  0.44173534E+01,  0.10850662E+03, -0.11976790E+01, -0.95631204E-03, -0.38026090E-02,  0.28638781E-03
    1931.,  0.43298789E+01,  0.10777696E+03, -0.11976790E+01, -0.69392240E-03, -0.38580509E-02, -0.49241870E-04
    1932.,  0.42413158E+01,  0.10702622E+03, -0.11976790E+01, -0.43060510E-03, -0.39266803E-02, -0.53866977E-03
    1933.,  0.41555621E+01,  0.10625204E+03, -0.11976790E+01, -0.16189771E-03, -0.40112491E-02, -0.13553558E-02
    1934.,  0.40779958E+01,  0.10545343E+03, -0.11976790E+01,  0.11771722E-03, -0.41147275E-02, -0.28860406E-02
    1935.,  0.40151077E+01,  0.10463180E+03, -0.11976790E+01,  0.42962375E-03, -0.42348856E-02, -0.60017359E-02
    1936.,  0.39734745E+01,  0.10379178E+03, -0.11976790E+01,  0.81944758E-03, -0.43752031E-02, -0.12617706E-01
    1937.,  0.39581721E+01,  0.10294127E+03, -0.11976790E+01,  0.13377579E-02, -0.45982015E-02, -0.28078353E-01
    1938.,  0.39712209E+01,  0.10209034E+03, -0.11976790E+01,  0.31121032E-02, -0.44067451E-02, -0.65744558E-01
    1939.,  0.40108927E+01,  0.10124915E+03, -0.11976790E+01,  0.10289948E-01, -0.79400531E-03, -0.14886886E+00
    1940.,  0.40723061E+01,  0.10042583E+03, -0.11976790E+01,  0.30670775E-01,  0.14464234E-01, -0.30022322E+00
    1941.,  0.41489419E+01,  0.99625276E+02, -0.11976790E+01,  0.69292237E-01,  0.49533795E-01, -0.51902733E+00
    1942.,  0.42342548E+01,  0.98849142E+02, -0.11976790E+01,  0.12118216E+00,  0.10193018E+00, -0.77801770E+00
    1943.,  0.43227561E+01,  0.98096593E+02, -0.11976790E+01,  0.17728872E+00,  0.16135416E+00, -0.10476457E+01
    1944.,  0.44104277E+01,  0.97365341E+02, -0.11976790E+01,  0.23243110E+00,  0.22028498E+00, -0.13123024E+01
    1945.,  0.39035043E+01,  0.96067248E+02, -0.11976790E+01,  0.35716808E+00,  0.35024226E+00, -0.19709389E+01
    1946.,  0.47296296E+01,  0.96024841E+02, -0.11976790E+01,  0.31471371E+00,  0.30714142E+00, -0.17213241E+01
    1947.,  0.55650125E+01,  0.95980520E+02, -0.11976790E+01,  0.26975195E+00,  0.26053352E+00, -0.14637345E+01
    1948.,  0.64111830E+01,  0.95935557E+02, -0.11976790E+01,  0.23006414E+00,  0.21931858E+00, -0.12284922E+01
    1949.,  0.72693970E+01,  0.95891959E+02, -0.11976790E+01,  0.18744768E+00,  0.17039212E+00, -0.98930107E+00
    1950.,  0.81401950E+01,  0.95852518E+02, -0.11976790E+01,  0.12905405E+00,  0.98732316E-01, -0.69954411E+00
    1951.,  0.90228584E+01,  0.95820622E+02, -0.11976790E+01,  0.75227463E-01,  0.34767299E-01, -0.40990274E+00
    1952.,  0.99149629E+01,  0.95799707E+02, -0.11976790E+01,  0.32406876E-01,  0.38413242E-03, -0.14232854E+00
    1953.,  0.10812349E+02,  0.95792404E+02, -0.11976790E+01, -0.40964008E-02, -0.13928700E-02,  0.11730018E+00
    1954.,  0.11709735E+02,  0.95799707E+02, -0.11976790E+01, -0.40360229E-01,  0.12745813E-01,  0.35597282E+00
    1955.,  0.12601839E+02,  0.95820622E+02, -0.11976790E+01, -0.77156666E-01,  0.78895030E-01,  0.55978052E+00
    1956.,  0.13484503E+02,  0.95852518E+02, -0.11976790E+01, -0.10398889E+00,  0.13656556E+00,  0.76429547E+00
    1957.,  0.14355301E+02,  0.95891959E+02, -0.11976790E+01, -0.13560034E+00,  0.18214970E+00,  0.97949406E+00
    1958.,  0.15213515E+02,  0.95935557E+02, -0.11976790E+01, -0.18534502E+00,  0.25125213E+00,  0.12387138E+01
    1959.,  0.16059685E+02,  0.95980520E+02, -0.11976790E+01, -0.23282880E+00,  0.31955956E+00,  0.14979597E+01
    1960.,  0.16895068E+02,  0.96024841E+02, -0.11976790E+01, -0.27116333E+00,  0.37395564E+00,  0.17321322E+01
    1961.,  0.17721194E+02,  0.96067248E+02, -0.11976790E+01, -0.30696516E+00,  0.42530110E+00,  0.19584496E+01
    1962.,  0.17763310E+02,  0.96890079E+02, -0.11976790E+01, -0.23701544E+00,  0.32384320E+00,  0.15766095E+01
    1963.,  0.17807145E+02,  0.97722111E+02, -0.11976790E+01, -0.16602392E+00,  0.22110414E+00,  0.11902135E+01
    1964.,  0.17851396E+02,  0.98564792E+02, -0.11976790E+01, -0.97841047E-01,  0.12324458E+00,  0.80949812E+00
    1965.,  0.17894052E+02,  0.99419265E+02, -0.11976790E+01, -0.41512530E-01,  0.45554180E-01,  0.46326413E+00
    1966.,  0.17932370E+02,  0.10028595E+03, -0.11976790E+01, -0.10573062E-01,  0.72494061E-02,  0.20893193E+00
    1967.,  0.17963077E+02,  0.10116401E+03, -0.11976790E+01, -0.17791606E-02, -0.11443438E-02,  0.76170714E-01
    1968.,  0.17982913E+02,  0.10205102E+03, -0.11976790E+01, -0.46852145E-03, -0.15608396E-02,  0.26690812E-01
    1969.,  0.17989437E+02,  0.10294289E+03, -0.11976790E+01, -0.36932991E-03, -0.14050627E-02,  0.10106619E-01
    1970.,  0.17981786E+02,  0.10383455E+03, -0.11976790E+01, -0.36338026E-03, -0.13450459E-02,  0.36047305E-02
    1971.,  0.17960970E+02,  0.10472097E+03, -0.11976790E+01, -0.39955365E-03, -0.12847226E-02,  0.10381515E-02
    1972.,  0.17929526E+02,  0.10559819E+03, -0.11976790E+01, -0.42796489E-03, -0.12439438E-02,  0.69406736E-04
    1973.,  0.17890742E+02,  0.10646390E+03, -0.11976790E+01, -0.45499855E-03, -0.12107379E-02, -0.28037775E-03
    1974.,  0.17847866E+02,  0.10731739E+03, -0.11976790E+01, -0.48329316E-03, -0.11863964E-02, -0.41642039E-03
    1975.,  0.17803584E+02,  0.10815917E+03, -0.11976790E+01, -0.51124428E-03, -0.11705526E-02, -0.47213326E-03
    1976.,  0.17759847E+02,  0.10899041E+03, -0.11976790E+01, -0.53389836E-03, -0.11624694E-02, -0.50196206E-03
    1977.,  0.17717908E+02,  0.10981256E+03, -0.11976790E+01, -0.54749752E-03, -0.11602885E-02, -0.52235649E-03
    1978.,  0.16891599E+02,  0.10985472E+03, -0.11976790E+01, -0.55051759E-03, -0.11630737E-02, -0.35165740E-03
    1979.,  0.16056109E+02,  0.10989868E+03, -0.11976790E+01, -0.56030171E-03, -0.11555279E-02, -0.19248502E-03
    1980.,  0.15209961E+02,  0.10994318E+03, -0.11976790E+01, -0.58149944E-03, -0.11399990E-02, -0.57506524E-04
    1981.,  0.14351961E+02,  0.10998623E+03, -0.11976790E+01, -0.61998920E-03, -0.11238829E-02,  0.42511754E-04
    1982.,  0.13481625E+02,  0.11002507E+03, -0.11976790E+01, -0.68164757E-03, -0.11194750E-02,  0.10553407E-03
    1983.,  0.12599704E+02,  0.11005642E+03, -0.11976790E+01, -0.77008987E-03, -0.11437225E-02,  0.13966431E-03
    1984.,  0.11708592E+02,  0.11007694E+03, -0.11976790E+01, -0.88389768E-03, -0.12159119E-02,  0.15900831E-03
    1985.,  0.10812349E+02,  0.11008410E+03, -0.11976790E+01, -0.10145772E-02, -0.13527459E-02,  0.17957016E-03
    1986.,  0.99161063E+01,  0.11007694E+03, -0.11976790E+01, -0.11476193E-02, -0.15623444E-02,  0.21815269E-03
    1987.,  0.90249942E+01,  0.11005642E+03, -0.11976790E+01, -0.12671785E-02, -0.18407277E-02,  0.29102334E-03
    1988.,  0.81430724E+01,  0.11002507E+03, -0.11976790E+01, -0.13615642E-02, -0.21732843E-02,  0.40701371E-03
    1989.,  0.72727372E+01,  0.10998623E+03, -0.11976790E+01, -0.14260231E-02, -0.25399410E-02,  0.55605184E-03
    1990.,  0.64147369E+01,  0.10994318E+03, -0.11976790E+01, -0.14620512E-02, -0.29204705E-02,  0.70193621E-03
    1991.,  0.55685889E+01,  0.10989868E+03, -0.11976790E+01, -0.14751046E-02, -0.32977551E-02,  0.79109862E-03
    1992.,  0.47330993E+01,  0.10985472E+03, -0.11976790E+01, -0.14719906E-02, -0.36594808E-02,  0.78111355E-03
    1993.,  0.39067902E+01,  0.10981256E+03, -0.11976790E+01, -0.14590995E-02, -0.40009644E-02,  0.67277224E-03
    1994.,  0.38648512E+01,  0.10899041E+03, -0.11976790E+01, -0.11368658E-02, -0.40218907E-02,  0.32404067E-03
    1995.,  0.38211139E+01,  0.10815917E+03, -0.11976790E+01, -0.82716706E-03, -0.40535980E-02, -0.11528662E-03
    1996.,  0.37768324E+01,  0.10731739E+03, -0.11976790E+01, -0.52622061E-03, -0.41008029E-02, -0.75828121E-03
    1997.,  0.37339555E+01,  0.10646390E+03, -0.11976790E+01, -0.22624802E-03, -0.41685423E-02, -0.18411481E-02
    1998.,  0.36951723E+01,  0.10559819E+03, -0.11976790E+01,  0.78948555E-04, -0.42648955E-02, -0.38608221E-02
    1999.,  0.36637283E+01,  0.10472097E+03, -0.11976790E+01,  0.41105070E-03, -0.43971225E-02, -0.79170805E-02
    2000.,  0.36429117E+01,  0.10383455E+03, -0.11976790E+01,  0.85403980E-03, -0.45676929E-02, -0.16453299E-01
    2001.,  0.36352605E+01,  0.10294289E+03, -0.11976790E+01,  0.15227412E-02, -0.49204838E-02, -0.37038148E-01
    2002.,  0.36417849E+01,  0.10205102E+03, -0.11976790E+01,  0.40355523E-02, -0.49212225E-02, -0.90094618E-01
    2003.,  0.36616208E+01,  0.10116401E+03, -0.11976790E+01,  0.14853913E-01,  0.84944845E-03, -0.20977812E+00
    2004.,  0.36923275E+01,  0.10028595E+03, -0.11976790E+01,  0.45658571E-01,  0.25923837E-01, -0.42095373E+00
    2005.,  0.37306454E+01,  0.99419265E+02, -0.11976790E+01,  0.10020735E+00,  0.78880113E-01, -0.70902281E+00
    2006.,  0.37733019E+01,  0.98564792E+02, -0.11976790E+01,  0.16720708E+00,  0.14906619E+00, -0.10327724E+01
    2007.,  0.38175525E+01,  0.97722111E+02, -0.11976790E+01,  0.23606464E+00,  0.22275939E+00, -0.13612815E+01
    2008.,  0.38613883E+01,  0.96890079E+02, -0.11976790E+01,  0.30281235E+00,  0.29434430E+00, -0.16826670E+01
    2009.,  0.33123489E+01,  0.95482004E+02, -0.11976790E+01,  0.39146873E+00,  0.39060672E+00, -0.22675190E+01
    2010.,  0.42498489E+01,  0.95482004E+02, -0.11976790E+01,  0.34085768E+00,  0.34009807E+00, -0.19662013E+01
    2011.,  0.51873489E+01,  0.95482004E+02, -0.11976790E+01,  0.29021095E+00,  0.28947295E+00, -0.16665111E+01
    2012.,  0.61248489E+01,  0.95482004E+02, -0.11976790E+01,  0.24035725E+00,  0.23257750E+00, -0.13676028E+01
    2013.,  0.70623489E+01,  0.95482004E+02, -0.11976790E+01,  0.18401635E+00,  0.16760076E+00, -0.10656687E+01
    2014.,  0.79998489E+01,  0.95482004E+02, -0.11976790E+01,  0.13004529E+00,  0.10117731E+00, -0.76626922E+00
    2015.,  0.89373489E+01,  0.95482004E+02, -0.11976790E+01,  0.81861793E-01,  0.37705820E-01, -0.46711351E+00
    2016.,  0.98748489E+01,  0.95482004E+02, -0.11976790E+01,  0.40360613E-01, -0.17113459E-10, -0.17104510E+00
    2017.,  0.10812349E+02,  0.95482004E+02, -0.11976790E+01, -0.72921072E-02, -0.85291476E-11,  0.12404484E+00
    2018.,  0.11749849E+02,  0.95482004E+02, -0.11976790E+01, -0.54944828E-01,  0.25593741E-13,  0.41913477E+00
    2019.,  0.12687349E+02,  0.95482004E+02, -0.11976790E+01, -0.94087774E-01,  0.10771267E+00,  0.70792125E+00
    2020.,  0.13624849E+02,  0.95482004E+02, -0.11976790E+01, -0.14041235E+00,  0.19685330E+00,  0.98474202E+00
    2021.,  0.14562349E+02,  0.95482004E+02, -0.11976790E+01, -0.19094507E+00,  0.25212800E+00,  0.12647634E+01
    2022.,  0.15499849E+02,  0.95482004E+02, -0.11976790E+01, -0.24225782E+00,  0.33245453E+00,  0.15469160E+01
    2023.,  0.16437349E+02,  0.95482004E+02, -0.11976790E+01, -0.29070132E+00,  0.40125872E+00,  0.18380263E+01
    2024.,  0.17374849E+02,  0.95482004E+02, -0.11976790E+01, -0.33760442E+00,  0.46965172E+00,  0.21243866E+01
    2025.,  0.18312349E+02,  0.95482004E+02, -0.11976790E+01, -0.38440256E+00,  0.53621167E+00,  0.24094598E+01
    2026.,  0.18312349E+02,  0.96414817E+02, -0.11976790E+01, -0.30513578E+00,  0.42199919E+00,  0.19687494E+01
    2027.,  0.18312349E+02,  0.97347629E+02, -0.11976790E+01, -0.22041846E+00,  0.29855657E+00,  0.15127360E+01
    2028.,  0.18312349E+02,  0.98280441E+02, -0.11976790E+01, -0.13684572E+00,  0.17693395E+00,  0.10591403E+01
    2029.,  0.18312349E+02,  0.99213254E+02, -0.11976790E+01, -0.62524438E-01,  0.70485575E-01,  0.62953224E+00
    2030.,  0.18312349E+02,  0.10014607E+03, -0.11976790E+01, -0.16347228E-01,  0.10042686E-01,  0.28638369E+00
    2031.,  0.18312349E+02,  0.10107888E+03, -0.11976790E+01, -0.26673261E-02, -0.18754361E-02,  0.98182230E-01
    2032.,  0.18312349E+02,  0.10201169E+03, -0.11976790E+01, -0.59952527E-03, -0.15914098E-02,  0.32742074E-01
    2033.,  0.18312349E+02,  0.10294450E+03, -0.11976790E+01, -0.39189893E-03, -0.14327328E-02,  0.12268273E-01
    2034.,  0.18312349E+02,  0.10387732E+03, -0.11976790E+01, -0.37321376E-03, -0.13265926E-02,  0.44123492E-02
    2035.,  0.18312349E+02,  0.10481013E+03, -0.11976790E+01, -0.40861954E-03, -0.12716896E-02,  0.12299432E-02
    2036.,  0.18312349E+02,  0.10574294E+03, -0.11976790E+01, -0.43708501E-03, -0.12271817E-02,  0.54332705E-04
    2037.,  0.18312349E+02,  0.10667575E+03, -0.11976790E+01, -0.46607720E-03, -0.11924554E-02, -0.37382362E-03
    2038.,  0.18312349E+02,  0.10760857E+03, -0.11976790E+01, -0.49630059E-03, -0.11678133E-02, -0.53260042E-03
    2039.,  0.18312349E+02,  0.10854138E+03, -0.11976790E+01, -0.52412642E-03, -0.11558614E-02, -0.59989773E-03
    2040.,  0.18312349E+02,  0.10947419E+03, -0.11976790E+01, -0.54275088E-03, -0.11537884E-02, -0.63798097E-03
    2041.,  0.18312349E+02,  0.11040700E+03, -0.11976790E+01, -0.55351328E-03, -0.11542959E-02, -0.66830585E-03
    2042.,  0.17374849E+02,  0.11040700E+03, -0.11976790E+01, -0.55298795E-03, -0.11622845E-02, -0.46982568E-03
    2043.,  0.16437349E+02,  0.11040700E+03, -0.11976790E+01, -0.55540810E-03, -0.11616729E-02, -0.28108878E-03
    2044.,  0.15499849E+02,  0.11040700E+03, -0.11976790E+01, -0.57066949E-03, -0.11497023E-02, -0.11593825E-03
    2045.,  0.14562349E+02,  0.11040700E+03, -0.11976790E+01, -0.60874940E-03, -0.11340328E-02,  0.10481755E-04
    2046.,  0.13624849E+02,  0.11040700E+03, -0.11976790E+01, -0.67755031E-03, -0.11283294E-02,  0.92019029E-04
    2047.,  0.12687349E+02,  0.11040700E+03, -0.11976790E+01, -0.78130363E-03, -0.11515006E-02,  0.13652021E-03
    2048.,  0.11749849E+02,  0.11040700E+03, -0.11976790E+01, -0.91796446E-03, -0.12249720E-02,  0.16156554E-03
    2049.,  0.10812349E+02,  0.11040700E+03, -0.11976790E+01, -0.10777122E-02, -0.13674229E-02,  0.18804497E-03
    2050.,  0.98748489E+01,  0.11040700E+03, -0.11976790E+01, -0.12442120E-02, -0.15886267E-02,  0.23813087E-03
    2051.,  0.89373489E+01,  0.11040700E+03, -0.11976790E+01, -0.13989481E-02, -0.18856491E-02,  0.33350005E-03
    2052.,  0.79998489E+01,  0.11040700E+03, -0.11976790E+01, -0.15265533E-02, -0.22438490E-02,  0.48562317E-03
    2053.,  0.70623489E+01,  0.11040700E+03, -0.11976790E+01, -0.16183103E-02, -0.26416934E-02,  0.67844627E-03
    2054.,  0.61248489E+01,  0.11040700E+03, -0.11976790E+01, -0.16729288E-02, -0.30562427E-02,  0.85891407E-03
    2055.,  0.51873489E+01,  0.11040700E+03, -0.11976790E+01, -0.16958663E-02, -0.34671618E-02,  0.95686091E-03
    2056.,  0.42498489E+01,  0.11040700E+03, -0.11976790E+01, -0.16993310E-02, -0.38606333E-02,  0.93275074E-03
    2057.,  0.33123489E+01,  0.11040700E+03, -0.11976790E+01, -0.16983581E-02, -0.42402932E-02,  0.81941474E-03
    2058.,  0.33123489E+01,  0.10947419E+03, -0.11976790E+01, -0.13250654E-02, -0.42392072E-02,  0.40824814E-03
    2059.,  0.33123489E+01,  0.10854138E+03, -0.11976790E+01, -0.96530249E-03, -0.42420422E-02, -0.10563638E-03
    2060.,  0.33123489E+01,  0.10760857E+03, -0.11976790E+01, -0.62365507E-03, -0.42620425E-02, -0.87187705E-03
    2061.,  0.33123489E+01,  0.10667575E+03, -0.11976790E+01, -0.29153501E-03, -0.43097843E-02, -0.21738119E-02
    2062.,  0.33123489E+01,  0.10574294E+03, -0.11976790E+01,  0.42615328E-04, -0.43926261E-02, -0.46322984E-02
    2063.,  0.33123489E+01,  0.10481013E+03, -0.11976790E+01,  0.39765273E-03, -0.45278517E-02, -0.95550678E-02
    2064.,  0.33123489E+01,  0.10387732E+03, -0.11976790E+01,  0.88718022E-03, -0.47423878E-02, -0.19776826E-01
    2065.,  0.33123489E+01,  0.10294450E+03, -0.11976790E+01,  0.17701304E-02, -0.52293458E-02, -0.44811735E-01
    2066.,  0.33123489E+01,  0.10201169E+03, -0.11976790E+01,  0.51842856E-02, -0.59390254E-02, -0.11287654E+00
    2067.,  0.33123489E+01,  0.10107888E+03, -0.11976790E+01,  0.20023452E-01,  0.11817605E-02, -0.27154891E+00
    2068.,  0.33123489E+01,  0.10014607E+03, -0.11976790E+01,  0.62569414E-01,  0.38223966E-01, -0.54881696E+00
    2069.,  0.33123489E+01,  0.99213254E+02, -0.11976790E+01,  0.13388744E+00,  0.11162282E+00, -0.90784174E+00
    2070.,  0.33123489E+01,  0.98280441E+02, -0.11976790E+01,  0.21502518E+00,  0.19848852E+00, -0.12925319E+01
    2071.,  0.33123489E+01,  0.97347629E+02, -0.11976790E+01,  0.29639791E+00,  0.28618917E+00, -0.16788952E+01
    2072.,  0.33123489E+01,  0.96414817E+02, -0.11976790E+01,  0.37575503E+00,  0.37070487E+00, -0.20603898E+01
    2073.,  0.33123489E+01,  0.95482004E+02, -0.19237207E+01,  0.61849357E+00,  0.30134224E+00, -0.22251914E+01
    2074.,  0.42498489E+01,  0.95482004E+02, -0.19237207E+01,  0.56757482E+00,  0.25116200E+00, -0.19244681E+01
    2075.,  0.51873489E+01,  0.95482004E+02, -0.19237207E+01,  0.51704748E+00,  0.19756578E+00, -0.16244593E+01
    2076.,  0.61248489E+01,  0.95482004E+02, -0.19237207E+01,  0.46047025E+00,  0.92587728E-01, -0.13181038E+01
    2077.,  0.70623489E+01,  0.95482004E+02, -0.19237207E+01,  0.41184953E+00, -0.23195978E-10, -0.10194105E+01
    2078.,  0.79998489E+01,  0.95482004E+02, -0.19237207E+01,  0.36419681E+00, -0.14625187E-10, -0.72432058E+00
    2079.,  0.89373489E+01,  0.95482004E+02, -0.19237207E+01,  0.31654409E+00, -0.60555943E-11, -0.42923065E+00
    2080.,  0.98748489E+01,  0.95482004E+02, -0.19237207E+01,  0.26889137E+00,  0.25239810E-11, -0.13414071E+00
    2081.,  0.10812349E+02,  0.95482004E+02, -0.19237207E+01,  0.22123865E+00,  0.11078821E-10,  0.16094922E+00
    2082.,  0.11749849E+02,  0.95482004E+02, -0.19237207E+01,  0.17358593E+00,  0.19646741E-10,  0.45603915E+00
    2083.,  0.12687349E+02,  0.95482004E+02, -0.19237207E+01,  0.12593321E+00,  0.28217509E-10,  0.75112909E+00
    2084.,  0.13624849E+02,  0.95482004E+02, -0.19237207E+01,  0.78280491E-01,  0.36793588E-10,  0.10462190E+01
    2085.,  0.14562349E+02,  0.95482004E+02, -0.19237207E+01,  0.30627771E-01,  0.45365866E-10,  0.13413090E+01
    2086.,  0.15499849E+02,  0.95482004E+02, -0.19237207E+01, -0.15801174E-01,  0.80476163E-01,  0.16329703E+01
    2087.,  0.16437349E+02,  0.95482004E+02, -0.19237207E+01, -0.63758074E-01,  0.16437644E+00,  0.19169218E+01
    2088.,  0.17374849E+02,  0.95482004E+02, -0.19237207E+01, -0.11245207E+00,  0.21680418E+00,  0.22082075E+01
    2089.,  0.18312349E+02,  0.95482004E+02, -0.19237207E+01, -0.16077264E+00,  0.26163796E+00,  0.25013737E+01
    2090.,  0.33123489E+01,  0.95482004E+02, -0.26497623E+01,  0.83522043E+00,  0.12042105E+00, -0.21683979E+01
    2091.,  0.42498489E+01,  0.95482004E+02, -0.26497623E+01,  0.78626966E+00,  0.90769113E-01, -0.18722060E+01
    2092.,  0.51873489E+01,  0.95482004E+02, -0.26497623E+01,  0.73683758E+00,  0.52292233E-01, -0.15745336E+01
    2093.,  0.61248489E+01,  0.95482004E+02, -0.26497623E+01,  0.68803301E+00, -0.12146720E-10, -0.12775961E+01
    2094.,  0.70623489E+01,  0.95482004E+02, -0.26497623E+01,  0.64038029E+00, -0.35783762E-11, -0.98250613E+00
    2095.,  0.79998489E+01,  0.95482004E+02, -0.26497623E+01,  0.59272757E+00,  0.49741226E-11, -0.68741620E+00
    2096.,  0.89373489E+01,  0.95482004E+02, -0.26497623E+01,  0.54507485E+00,  0.13550169E-10, -0.39232626E+00
    2097.,  0.98748489E+01,  0.95482004E+02, -0.26497623E+01,  0.49742213E+00,  0.22105620E-10, -0.97236329E-01
    2098.,  0.10812349E+02,  0.95482004E+02, -0.26497623E+01,  0.44976941E+00,  0.30697562E-10,  0.19785360E+00
    2099.,  0.11749849E+02,  0.95482004E+02, -0.26497623E+01,  0.40211669E+00,  0.39266095E-10,  0.49294354E+00
    2100.,  0.12687349E+02,  0.95482004E+02, -0.26497623E+01,  0.35446397E+00,  0.47828465E-10,  0.78803347E+00
    2101.,  0.13624849E+02,  0.95482004E+02, -0.26497623E+01,  0.30681125E+00,  0.56409665E-10,  0.10831234E+01
    2102.,  0.14562349E+02,  0.95482004E+02, -0.26497623E+01,  0.25915853E+00,  0.64973238E-10,  0.13782133E+01
    2103.,  0.15499849E+02,  0.95482004E+02, -0.26497623E+01,  0.21150581E+00,  0.73540337E-10,  0.16733033E+01
    2104.,  0.16437349E+02,  0.95482004E+02, -0.26497623E+01,  0.16415217E+00,  0.37763856E-01,  0.19667057E+01
    2105.,  0.17374849E+02,  0.95482004E+02, -0.26497623E+01,  0.11647475E+00,  0.80409372E-01,  0.22594462E+01
    2106.,  0.18312349E+02,  0.95482004E+02, -0.26497623E+01,  0.67779799E-01,  0.99013409E-01,  0.25561204E+01
    2107.,  0.33123489E+01,  0.95482004E+02, -0.33758040E+01,  0.10594201E+01,  0.14493294E-01, -0.21254194E+01
    2108.,  0.42498489E+01,  0.95482004E+02, -0.33758040E+01,  0.10118692E+01, -0.96686862E-11, -0.18308715E+01
    2109.,  0.51873489E+01,  0.95482004E+02, -0.33758040E+01,  0.96421650E+00, -0.11164595E-11, -0.15357816E+01
    2110.,  0.61248489E+01,  0.95482004E+02, -0.33758040E+01,  0.91656377E+00,  0.74619995E-11, -0.12406917E+01
    2111.,  0.70623489E+01,  0.95482004E+02, -0.33758040E+01,  0.86891105E+00,  0.16029545E-10, -0.94560175E+00
    2112.,  0.79998489E+01,  0.95482004E+02, -0.33758040E+01,  0.82125833E+00,  0.24594398E-10, -0.65051181E+00
    2113.,  0.89373489E+01,  0.95482004E+02, -0.33758040E+01,  0.77360561E+00,  0.33171741E-10, -0.35542188E+00
    2114.,  0.98748489E+01,  0.95482004E+02, -0.33758040E+01,  0.72595289E+00,  0.41739830E-10, -0.60331944E-01
    2115.,  0.10812349E+02,  0.95482004E+02, -0.33758040E+01,  0.67830017E+00,  0.50301854E-10,  0.23475799E+00
    2116.,  0.11749849E+02,  0.95482004E+02, -0.33758040E+01,  0.63064745E+00,  0.58876970E-10,  0.52984792E+00
    2117.,  0.12687349E+02,  0.95482004E+02, -0.33758040E+01,  0.58299473E+00,  0.67452017E-10,  0.82493786E+00
    2118.,  0.13624849E+02,  0.95482004E+02, -0.33758040E+01,  0.53534201E+00,  0.76022302E-10,  0.11200278E+01
    2119.,  0.14562349E+02,  0.95482004E+02, -0.33758040E+01,  0.48768929E+00,  0.84581287E-10,  0.14151177E+01
    2120.,  0.15499849E+02,  0.95482004E+02, -0.33758040E+01,  0.44003657E+00,  0.93141467E-10,  0.17102077E+01
    2121.,  0.16437349E+02,  0.95482004E+02, -0.33758040E+01,  0.39238385E+00,  0.10172128E-09,  0.20052976E+01
    2122.,  0.17374849E+02,  0.95482004E+02, -0.33758040E+01,  0.34499581E+00,  0.17763225E-01,  0.22999134E+01
    2123.,  0.18312349E+02,  0.95482004E+02, -0.33758040E+01,  0.29703001E+00,  0.25603198E-01,  0.25954736E+01
    2124.,  0.33123489E+01,  0.95482004E+02, -0.41018457E+01,  0.12880242E+01, -0.18519392E-02, -0.20889458E+01
    2125.,  0.42498489E+01,  0.95482004E+02, -0.41018457E+01,  0.12404000E+01,  0.99431186E-11, -0.17939672E+01
    2126.,  0.51873489E+01,  0.95482004E+02, -0.41018457E+01,  0.11927473E+01,  0.18510460E-10, -0.14988772E+01
    2127.,  0.61248489E+01,  0.95482004E+02, -0.41018457E+01,  0.11450945E+01,  0.27076584E-10, -0.12037873E+01
    2128.,  0.70623489E+01,  0.95482004E+02, -0.41018457E+01,  0.10974418E+01,  0.35644738E-10, -0.90869736E+00
    2129.,  0.79998489E+01,  0.95482004E+02, -0.41018457E+01,  0.10497891E+01,  0.44220435E-10, -0.61360743E+00
    2130.,  0.89373489E+01,  0.95482004E+02, -0.41018457E+01,  0.10021364E+01,  0.52784550E-10, -0.31851749E+00
    2131.,  0.98748489E+01,  0.95482004E+02, -0.41018457E+01,  0.95448365E+00,  0.61352548E-10, -0.23427560E-01
    2132.,  0.10812349E+02,  0.95482004E+02, -0.41018457E+01,  0.90683093E+00,  0.69922950E-10,  0.27166237E+00
    2133.,  0.11749849E+02,  0.95482004E+02, -0.41018457E+01,  0.85917821E+00,  0.78492429E-10,  0.56675231E+00
    2134.,  0.12687349E+02,  0.95482004E+02, -0.41018457E+01,  0.81152549E+00,  0.87057362E-10,  0.86184224E+00
    2135.,  0.13624849E+02,  0.95482004E+02, -0.41018457E+01,  0.76387277E+00,  0.95624714E-10,  0.11569322E+01
    2136.,  0.14562349E+02,  0.95482004E+02, -0.41018457E+01,  0.71622005E+00,  0.10420476E-09,  0.14520221E+01
    2137.,  0.15499849E+02,  0.95482004E+02, -0.41018457E+01,  0.66856733E+00,  0.11276297E-09,  0.17471120E+01
    2138.,  0.16437349E+02,  0.95482004E+02, -0.41018457E+01,  0.62091461E+00,  0.12133819E-09,  0.20422020E+01
    2139.,  0.17374849E+02,  0.95482004E+02, -0.41018457E+01,  0.57326189E+00,  0.12991161E-09,  0.23372919E+01
    2140.,  0.18312349E+02,  0.95482004E+02, -0.41018457E+01,  0.52570355E+00,  0.30035064E-02,  0.26323775E+01
    2141.,  0.33123489E+01,  0.95482004E+02, -0.48278873E+01,  0.15165835E+01,  0.20970496E-10, -0.20521527E+01
    2142.,  0.42498489E+01,  0.95482004E+02, -0.48278873E+01,  0.14689307E+01,  0.29553294E-10, -0.17570628E+01
    2143.,  0.51873489E+01,  0.95482004E+02, -0.48278873E+01,  0.14212780E+01,  0.38127886E-10, -0.14619728E+01
    2144.,  0.61248489E+01,  0.95482004E+02, -0.48278873E+01,  0.13736253E+01,  0.46693689E-10, -0.11668829E+01
    2145.,  0.70623489E+01,  0.95482004E+02, -0.48278873E+01,  0.13259726E+01,  0.55262353E-10, -0.87179298E+00
    2146.,  0.79998489E+01,  0.95482004E+02, -0.48278873E+01,  0.12783199E+01,  0.63823756E-10, -0.57670304E+00
    2147.,  0.89373489E+01,  0.95482004E+02, -0.48278873E+01,  0.12306671E+01,  0.72399163E-10, -0.28161311E+00
    2148.,  0.98748489E+01,  0.95482004E+02, -0.48278873E+01,  0.11830144E+01,  0.80965712E-10,  0.13476825E-01
    2149.,  0.10812349E+02,  0.95482004E+02, -0.48278873E+01,  0.11353617E+01,  0.89533983E-10,  0.30856676E+00
    2150.,  0.11749849E+02,  0.95482004E+02, -0.48278873E+01,  0.10877090E+01,  0.98092050E-10,  0.60365669E+00
    2151.,  0.12687349E+02,  0.95482004E+02, -0.48278873E+01,  0.10400563E+01,  0.10666390E-09,  0.89874663E+00
    2152.,  0.13624849E+02,  0.95482004E+02, -0.48278873E+01,  0.99240353E+00,  0.11525261E-09,  0.11938366E+01
    2153.,  0.14562349E+02,  0.95482004E+02, -0.48278873E+01,  0.94475081E+00,  0.12381498E-09,  0.14889265E+01
    2154.,  0.15499849E+02,  0.95482004E+02, -0.48278873E+01,  0.89709809E+00,  0.13238210E-09,  0.17840164E+01
    2155.,  0.16437349E+02,  0.95482004E+02, -0.48278873E+01,  0.84944537E+00,  0.14095371E-09,  0.20791064E+01
    2156.,  0.17374849E+02,  0.95482004E+02, -0.48278873E+01,  0.80179265E+00,  0.14951127E-09,  0.23741963E+01
    2157.,  0.18312349E+02,  0.95482004E+02, -0.48278873E+01,  0.75413993E+00,  0.15809404E-09,  0.26692862E+01
    2158.,  0.33123489E+01,  0.95482004E+02, -0.55539290E+01,  0.17451142E+01,  0.40589841E-10, -0.20152483E+01
    2159.,  0.42498489E+01,  0.95482004E+02, -0.55539290E+01,  0.16974615E+01,  0.49174584E-10, -0.17201584E+01
    2160.,  0.51873489E+01,  0.95482004E+02, -0.55539290E+01,  0.16498088E+01,  0.57726019E-10, -0.14250685E+01
    2161.,  0.61248489E+01,  0.95482004E+02, -0.55539290E+01,  0.16021561E+01,  0.66299278E-10, -0.11299785E+01
    2162.,  0.70623489E+01,  0.95482004E+02, -0.55539290E+01,  0.15545033E+01,  0.74866373E-10, -0.83488859E+00
    2163.,  0.79998489E+01,  0.95482004E+02, -0.55539290E+01,  0.15068506E+01,  0.83438951E-10, -0.53979866E+00
    2164.,  0.89373489E+01,  0.95482004E+02, -0.55539290E+01,  0.14591979E+01,  0.92008996E-10, -0.24470872E+00
    2165.,  0.98748489E+01,  0.95482004E+02, -0.55539290E+01,  0.14115452E+01,  0.10058645E-09,  0.50381209E-01
    2166.,  0.10812349E+02,  0.95482004E+02, -0.55539290E+01,  0.13638925E+01,  0.10914812E-09,  0.34547114E+00
    2167.,  0.11749849E+02,  0.95482004E+02, -0.55539290E+01,  0.13162397E+01,  0.11772082E-09,  0.64056108E+00
    2168.,  0.12687349E+02,  0.95482004E+02, -0.55539290E+01,  0.12685870E+01,  0.12628675E-09,  0.93565101E+00
    2169.,  0.13624849E+02,  0.95482004E+02, -0.55539290E+01,  0.12209343E+01,  0.13486327E-09,  0.12307409E+01
    2170.,  0.14562349E+02,  0.95482004E+02, -0.55539290E+01,  0.11732816E+01,  0.14341812E-09,  0.15258309E+01
    2171.,  0.15499849E+02,  0.95482004E+02, -0.55539290E+01,  0.11256289E+01,  0.15200230E-09,  0.18209208E+01
    2172.,  0.16437349E+02,  0.95482004E+02, -0.55539290E+01,  0.10779761E+01,  0.16055670E-09,  0.21160107E+01
    2173.,  0.17374849E+02,  0.95482004E+02, -0.55539290E+01,  0.10303234E+01,  0.16913486E-09,  0.24111007E+01
    2174.,  0.18312349E+02,  0.95482004E+02, -0.55539290E+01,  0.98267069E+00,  0.17770728E-09,  0.27061906E+01
    2175.,  0.33123489E+01,  0.95482004E+02, -0.62799707E+01,  0.19736450E+01,  0.60202450E-10, -0.19783439E+01
    2176.,  0.42498489E+01,  0.95482004E+02, -0.62799707E+01,  0.19259923E+01,  0.68784308E-10, -0.16832540E+01
    2177.,  0.51873489E+01,  0.95482004E+02, -0.62799707E+01,  0.18783395E+01,  0.77348716E-10, -0.13881641E+01
    2178.,  0.61248489E+01,  0.95482004E+02, -0.62799707E+01,  0.18306868E+01,  0.85917197E-10, -0.10930741E+01
    2179.,  0.70623489E+01,  0.95482004E+02, -0.62799707E+01,  0.17830341E+01,  0.94490649E-10, -0.79798421E+00
    2180.,  0.79998489E+01,  0.95482004E+02, -0.62799707E+01,  0.17353814E+01,  0.10305595E-09, -0.50289427E+00
    2181.,  0.89373489E+01,  0.95482004E+02, -0.62799707E+01,  0.16877287E+01,  0.11162620E-09, -0.20780434E+00
    2182.,  0.98748489E+01,  0.95482004E+02, -0.62799707E+01,  0.16400759E+01,  0.12018752E-09,  0.87285594E-01
    2183.,  0.10812349E+02,  0.95482004E+02, -0.62799707E+01,  0.15924232E+01,  0.12876446E-09,  0.38237553E+00
    2184.,  0.11749849E+02,  0.95482004E+02, -0.62799707E+01,  0.15447705E+01,  0.13733888E-09,  0.67746546E+00
    2185.,  0.12687349E+02,  0.95482004E+02, -0.62799707E+01,  0.14971178E+01,  0.14591042E-09,  0.97255540E+00
    2186.,  0.13624849E+02,  0.95482004E+02, -0.62799707E+01,  0.14494651E+01,  0.15447562E-09,  0.12676453E+01
    2187.,  0.14562349E+02,  0.95482004E+02, -0.62799707E+01,  0.14018123E+01,  0.16303339E-09,  0.15627353E+01
    2188.,  0.15499849E+02,  0.95482004E+02, -0.62799707E+01,  0.13541596E+01,  0.17161019E-09,  0.18578252E+01
    2189.,  0.16437349E+02,  0.95482004E+02, -0.62799707E+01,  0.13065069E+01,  0.18018178E-09,  0.21529151E+01
    2190.,  0.17374849E+02,  0.95482004E+02, -0.62799707E+01,  0.12588542E+01,  0.18875454E-09,  0.24480051E+01
    2191.,  0.18312349E+02,  0.95482004E+02, -0.62799707E+01,  0.12112014E+01,  0.19731679E-09,  0.27430950E+01
    2192.,  0.33123489E+01,  0.95482004E+02, -0.70060123E+01,  0.22021757E+01,  0.79820762E-10, -0.19414396E+01
    2193.,  0.42498489E+01,  0.95482004E+02, -0.70060123E+01,  0.21545230E+01,  0.88390296E-10, -0.16463496E+01
    2194.,  0.51873489E+01,  0.95482004E+02, -0.70060123E+01,  0.21068703E+01,  0.96960684E-10, -0.13512597E+01
    2195.,  0.61248489E+01,  0.95482004E+02, -0.70060123E+01,  0.20592176E+01,  0.10553485E-09, -0.10561698E+01
    2196.,  0.70623489E+01,  0.95482004E+02, -0.70060123E+01,  0.20115649E+01,  0.11409900E-09, -0.76107982E+00
    2197.,  0.79998489E+01,  0.95482004E+02, -0.70060123E+01,  0.19639121E+01,  0.12267534E-09, -0.46598989E+00
    2198.,  0.89373489E+01,  0.95482004E+02, -0.70060123E+01,  0.19162594E+01,  0.13123695E-09, -0.17089996E+00
    2199.,  0.98748489E+01,  0.95482004E+02, -0.70060123E+01,  0.18686067E+01,  0.13979733E-09,  0.12418998E+00
    2200.,  0.10812349E+02,  0.95482004E+02, -0.70060123E+01,  0.18209540E+01,  0.14838163E-09,  0.41927991E+00
    2201.,  0.11749849E+02,  0.95482004E+02, -0.70060123E+01,  0.17733013E+01,  0.15695339E-09,  0.71436985E+00
    2202.,  0.12687349E+02,  0.95482004E+02, -0.70060123E+01,  0.17256485E+01,  0.16551787E-09,  0.10094598E+01
    2203.,  0.13624849E+02,  0.95482004E+02, -0.70060123E+01,  0.16779958E+01,  0.17408850E-09,  0.13045497E+01
    2204.,  0.14562349E+02,  0.95482004E+02, -0.70060123E+01,  0.16303431E+01,  0.18265770E-09,  0.15996396E+01
    2205.,  0.15499849E+02,  0.95482004E+02, -0.70060123E+01,  0.15826904E+01,  0.19122534E-09,  0.18947296E+01
    2206.,  0.16437349E+02,  0.95482004E+02, -0.70060123E+01,  0.15350376E+01,  0.19979140E-09,  0.21898195E+01
    2207.,  0.17374849E+02,  0.95482004E+02, -0.70060123E+01,  0.14873849E+01,  0.20835953E-09,  0.24849095E+01
    2208.,  0.18312349E+02,  0.95482004E+02, -0.70060123E+01,  0.14397322E+01,  0.21693074E-09,  0.27799994E+01
    2209.,  0.33123489E+01,  0.95482004E+02, -0.77320540E+01,  0.24307065E+01,  0.99432993E-10, -0.19045352E+01
    2210.,  0.42498489E+01,  0.95482004E+02, -0.77320540E+01,  0.23830538E+01,  0.10799973E-09, -0.16094452E+01
    2211.,  0.51873489E+01,  0.95482004E+02, -0.77320540E+01,  0.23354011E+01,  0.11658967E-09, -0.13143553E+01
    2212.,  0.61248489E+01,  0.95482004E+02, -0.77320540E+01,  0.22877483E+01,  0.12513772E-09, -0.10192654E+01
    2213.,  0.70623489E+01,  0.95482004E+02, -0.77320540E+01,  0.22400956E+01,  0.13372150E-09, -0.72417544E+00
    2214.,  0.79998489E+01,  0.95482004E+02, -0.77320540E+01,  0.21924429E+01,  0.14228534E-09, -0.42908550E+00
    2215.,  0.89373489E+01,  0.95482004E+02, -0.77320540E+01,  0.21447902E+01,  0.15086213E-09, -0.13399557E+00
    2216.,  0.98748489E+01,  0.95482004E+02, -0.77320540E+01,  0.20971375E+01,  0.15941920E-09,  0.16109436E+00
    2217.,  0.10812349E+02,  0.95482004E+02, -0.77320540E+01,  0.20494847E+01,  0.16799367E-09,  0.45618430E+00
    2218.,  0.11749849E+02,  0.95482004E+02, -0.77320540E+01,  0.20018320E+01,  0.17656436E-09,  0.75127423E+00
    2219.,  0.12687349E+02,  0.95482004E+02, -0.77320540E+01,  0.19541793E+01,  0.18513668E-09,  0.10463642E+01
    2220.,  0.13624849E+02,  0.95482004E+02, -0.77320540E+01,  0.19065266E+01,  0.19370794E-09,  0.13414541E+01
    2221.,  0.14562349E+02,  0.95482004E+02, -0.77320540E+01,  0.18588739E+01,  0.20227231E-09,  0.16365440E+01
    2222.,  0.15499849E+02,  0.95482004E+02, -0.77320540E+01,  0.18112211E+01,  0.21084743E-09,  0.19316340E+01
    2223.,  0.16437349E+02,  0.95482004E+02, -0.77320540E+01,  0.17635684E+01,  0.21940953E-09,  0.22267239E+01
    2224.,  0.17374849E+02,  0.95482004E+02, -0.77320540E+01,  0.17159157E+01,  0.22798896E-09,  0.25218138E+01
    2225.,  0.18312349E+02,  0.95482004E+02, -0.77320540E+01,  0.16682630E+01,  0.23655474E-09,  0.28169038E+01
    2226.,  0.33123489E+01,  0.95482004E+02, -0.84580957E+01,  0.26592373E+01,  0.11904191E-09, -0.18676308E+01
    2227.,  0.42498489E+01,  0.95482004E+02, -0.84580957E+01,  0.26115845E+01,  0.12761420E-09, -0.15725409E+01
    2228.,  0.51873489E+01,  0.95482004E+02, -0.84580957E+01,  0.25639318E+01,  0.13618739E-09, -0.12774509E+01
    2229.,  0.61248489E+01,  0.95482004E+02, -0.84580957E+01,  0.25162791E+01,  0.14475238E-09, -0.98236099E+00
    2230.,  0.70623489E+01,  0.95482004E+02, -0.84580957E+01,  0.24686264E+01,  0.15333182E-09, -0.68727105E+00
    2231.,  0.79998489E+01,  0.95482004E+02, -0.84580957E+01,  0.24209737E+01,  0.16189188E-09, -0.39218112E+00
    2232.,  0.89373489E+01,  0.95482004E+02, -0.84580957E+01,  0.23733209E+01,  0.17046398E-09, -0.97091186E-01
    2233.,  0.98748489E+01,  0.95482004E+02, -0.84580957E+01,  0.23256682E+01,  0.17903004E-09,  0.19799875E+00
    2234.,  0.10812349E+02,  0.95482004E+02, -0.84580957E+01,  0.22780155E+01,  0.18760236E-09,  0.49308868E+00
    2235.,  0.11749849E+02,  0.95482004E+02, -0.84580957E+01,  0.22303628E+01,  0.19616261E-09,  0.78817862E+00
    2236.,  0.12687349E+02,  0.95482004E+02, -0.84580957E+01,  0.21827101E+01,  0.20473547E-09,  0.10832685E+01
    2237.,  0.13624849E+02,  0.95482004E+02, -0.84580957E+01,  0.21350573E+01,  0.21331149E-09,  0.13783585E+01
    2238.,  0.14562349E+02,  0.95482004E+02, -0.84580957E+01,  0.20874046E+01,  0.22189176E-09,  0.16734484E+01
    2239.,  0.15499849E+02,  0.95482004E+02, -0.84580957E+01,  0.20397519E+01,  0.23044575E-09,  0.19685384E+01
    2240.,  0.16437349E+02,  0.95482004E+02, -0.84580957E+01,  0.19920992E+01,  0.23901479E-09,  0.22636283E+01
    2241.,  0.17374849E+02,  0.95482004E+02, -0.84580957E+01,  0.19444464E+01,  0.24758485E-09,  0.25587182E+01
    2242.,  0.18312349E+02,  0.95482004E+02, -0.84580957E+01,  0.18967937E+01,  0.25617247E-09,  0.28538082E+01
    2243.,  0.33123489E+01,  0.95482004E+02, -0.91841373E+01,  0.28877680E+01,  0.13866437E-09, -0.18307264E+01
    2244.,  0.42498489E+01,  0.95482004E+02, -0.91841373E+01,  0.28401153E+01,  0.14724169E-09, -0.15356365E+01
    2245.,  0.51873489E+01,  0.95482004E+02, -0.91841373E+01,  0.27924626E+01,  0.15579954E-09, -0.12405465E+01
    2246.,  0.61248489E+01,  0.95482004E+02, -0.91841373E+01,  0.27448099E+01,  0.16436990E-09, -0.94545660E+00
    2247.,  0.70623489E+01,  0.95482004E+02, -0.91841373E+01,  0.26971571E+01,  0.17293944E-09, -0.65036667E+00
    2248.,  0.79998489E+01,  0.95482004E+02, -0.91841373E+01,  0.26495044E+01,  0.18151855E-09, -0.35527674E+00
    2249.,  0.89373489E+01,  0.95482004E+02, -0.91841373E+01,  0.26018517E+01,  0.19008139E-09, -0.60186801E-01
    2250.,  0.98748489E+01,  0.95482004E+02, -0.91841373E+01,  0.25541990E+01,  0.19865262E-09,  0.23490313E+00
    2251.,  0.10812349E+02,  0.95482004E+02, -0.91841373E+01,  0.25065463E+01,  0.20722708E-09,  0.52999307E+00
    2252.,  0.11749849E+02,  0.95482004E+02, -0.91841373E+01,  0.24588935E+01,  0.21578068E-09,  0.82508300E+00
    2253.,  0.12687349E+02,  0.95482004E+02, -0.91841373E+01,  0.24112408E+01,  0.22435742E-09,  0.11201729E+01
    2254.,  0.13624849E+02,  0.95482004E+02, -0.91841373E+01,  0.23635881E+01,  0.23293119E-09,  0.14152629E+01
    2255.,  0.14562349E+02,  0.95482004E+02, -0.91841373E+01,  0.23159354E+01,  0.24150192E-09,  0.17103528E+01
    2256.,  0.15499849E+02,  0.95482004E+02, -0.91841373E+01,  0.22682826E+01,  0.25006644E-09,  0.20054427E+01
    2257.,  0.16437349E+02,  0.95482004E+02, -0.91841373E+01,  0.22206299E+01,  0.25864250E-09,  0.23005327E+01
    2258.,  0.17374849E+02,  0.95482004E+02, -0.91841373E+01,  0.21729772E+01,  0.26720835E-09,  0.25956226E+01
    2259.,  0.18312349E+02,  0.95482004E+02, -0.91841373E+01,  0.21253245E+01,  0.27577674E-09,  0.28907125E+01
    2260.,  0.33123489E+01,  0.95482004E+02, -0.99101790E+01,  0.31162988E+01,  0.15827892E-09, -0.17938220E+01
    2261.,  0.42498489E+01,  0.95482004E+02, -0.99101790E+01,  0.30686461E+01,  0.16684545E-09, -0.14987321E+01
    2262.,  0.51873489E+01,  0.95482004E+02, -0.99101790E+01,  0.30209933E+01,  0.17541403E-09, -0.12036422E+01
    2263.,  0.61248489E+01,  0.95482004E+02, -0.99101790E+01,  0.29733406E+01,  0.18397604E-09, -0.90855222E+00
    2264.,  0.70623489E+01,  0.95482004E+02, -0.99101790E+01,  0.29256879E+01,  0.19256171E-09, -0.61346228E+00
    2265.,  0.79998489E+01,  0.95482004E+02, -0.99101790E+01,  0.28780352E+01,  0.20112744E-09, -0.31837235E+00
    2266.,  0.89373489E+01,  0.95482004E+02, -0.99101790E+01,  0.28303825E+01,  0.20969211E-09, -0.23282417E-01
    2267.,  0.98748489E+01,  0.95482004E+02, -0.99101790E+01,  0.27827297E+01,  0.21826289E-09,  0.27180752E+00
    2268.,  0.10812349E+02,  0.95482004E+02, -0.99101790E+01,  0.27350770E+01,  0.22683019E-09,  0.56689745E+00
    2269.,  0.11749849E+02,  0.95482004E+02, -0.99101790E+01,  0.26874243E+01,  0.23539625E-09,  0.86198739E+00
    2270.,  0.12687349E+02,  0.95482004E+02, -0.99101790E+01,  0.26397716E+01,  0.24397279E-09,  0.11570773E+01
    2271.,  0.13624849E+02,  0.95482004E+02, -0.99101790E+01,  0.25921189E+01,  0.25254885E-09,  0.14521673E+01
    2272.,  0.14562349E+02,  0.95482004E+02, -0.99101790E+01,  0.25444661E+01,  0.26111434E-09,  0.17472572E+01
    2273.,  0.15499849E+02,  0.95482004E+02, -0.99101790E+01,  0.24968134E+01,  0.26968506E-09,  0.20423471E+01
    2274.,  0.16437349E+02,  0.95482004E+02, -0.99101790E+01,  0.24491607E+01,  0.27823939E-09,  0.23374371E+01
    2275.,  0.17374849E+02,  0.95482004E+02, -0.99101790E+01,  0.24015080E+01,  0.28681836E-09,  0.26325270E+01
    2276.,  0.18312349E+02,  0.95482004E+02, -0.99101790E+01,  0.23538552E+01,  0.29539013E-09,  0.29276169E+01
    2277.,  0.33123489E+01,  0.95482004E+02, -0.10636221E+02,  0.33448295E+01,  0.17789752E-09, -0.17569176E+01
    2278.,  0.42498489E+01,  0.95482004E+02, -0.10636221E+02,  0.32971768E+01,  0.18646101E-09, -0.14618277E+01
    2279.,  0.51873489E+01,  0.95482004E+02, -0.10636221E+02,  0.32495241E+01,  0.19502830E-09, -0.11667378E+01
    2280.,  0.61248489E+01,  0.95482004E+02, -0.10636221E+02,  0.32018714E+01,  0.20360082E-09, -0.87164783E+00
    2281.,  0.70623489E+01,  0.95482004E+02, -0.10636221E+02,  0.31542187E+01,  0.21217350E-09, -0.57655790E+00
    2282.,  0.79998489E+01,  0.95482004E+02, -0.10636221E+02,  0.31065659E+01,  0.22073169E-09, -0.28146797E+00
    2283.,  0.89373489E+01,  0.95482004E+02, -0.10636221E+02,  0.30589132E+01,  0.22931819E-09,  0.13621968E-01
    2284.,  0.98748489E+01,  0.95482004E+02, -0.10636221E+02,  0.30112605E+01,  0.23787964E-09,  0.30871190E+00
    2285.,  0.10812349E+02,  0.95482004E+02, -0.10636221E+02,  0.29636078E+01,  0.24645193E-09,  0.60380184E+00
    2286.,  0.11749849E+02,  0.95482004E+02, -0.10636221E+02,  0.29159551E+01,  0.25501650E-09,  0.89889177E+00
    2287.,  0.12687349E+02,  0.95482004E+02, -0.10636221E+02,  0.28683023E+01,  0.26358379E-09,  0.11939817E+01
    2288.,  0.13624849E+02,  0.95482004E+02, -0.10636221E+02,  0.28206496E+01,  0.27215679E-09,  0.14890716E+01
    2289.,  0.14562349E+02,  0.95482004E+02, -0.10636221E+02,  0.27729969E+01,  0.28072629E-09,  0.17841616E+01
    2290.,  0.15499849E+02,  0.95482004E+02, -0.10636221E+02,  0.27253442E+01,  0.28930361E-09,  0.20792515E+01
    2291.,  0.16437349E+02,  0.95482004E+02, -0.10636221E+02,  0.26776915E+01,  0.29786539E-09,  0.23743414E+01
    2292.,  0.17374849E+02,  0.95482004E+02, -0.10636221E+02,  0.26300387E+01,  0.30642657E-09,  0.26694314E+01
    2293.,  0.18312349E+02,  0.95482004E+02, -0.10636221E+02,  0.25823860E+01,  0.31501379E-09,  0.29645213E+01
    2294.,  0.33123489E+01,  0.95482004E+02, -0.11362262E+02,  0.35733603E+01,  0.19750165E-09, -0.17200133E+01
    2295.,  0.42498489E+01,  0.95482004E+02, -0.11362262E+02,  0.35257076E+01,  0.20607546E-09, -0.14249233E+01
    2296.,  0.51873489E+01,  0.95482004E+02, -0.11362262E+02,  0.34780549E+01,  0.21464108E-09, -0.11298334E+01
    2297.,  0.61248489E+01,  0.95482004E+02, -0.11362262E+02,  0.34304021E+01,  0.22322380E-09, -0.83474345E+00
    2298.,  0.70623489E+01,  0.95482004E+02, -0.11362262E+02,  0.33827494E+01,  0.23178714E-09, -0.53965352E+00
    2299.,  0.79998489E+01,  0.95482004E+02, -0.11362262E+02,  0.33350967E+01,  0.24034888E-09, -0.24456358E+00
    2300.,  0.89373489E+01,  0.95482004E+02, -0.11362262E+02,  0.32874440E+01,  0.24892527E-09,  0.50526352E-01
    2301.,  0.98748489E+01,  0.95482004E+02, -0.11362262E+02,  0.32397913E+01,  0.25749010E-09,  0.34561629E+00
    2302.,  0.10812349E+02,  0.95482004E+02, -0.11362262E+02,  0.31921385E+01,  0.26606316E-09,  0.64070622E+00
    2303.,  0.11749849E+02,  0.95482004E+02, -0.11362262E+02,  0.31444858E+01,  0.27463568E-09,  0.93579615E+00
    2304.,  0.12687349E+02,  0.95482004E+02, -0.11362262E+02,  0.30968331E+01,  0.28320897E-09,  0.12308861E+01
    2305.,  0.13624849E+02,  0.95482004E+02, -0.11362262E+02,  0.30491804E+01,  0.29177689E-09,  0.15259760E+01
    2306.,  0.14562349E+02,  0.95482004E+02, -0.11362262E+02,  0.30015276E+01,  0.30033593E-09,  0.18210660E+01
    2307.,  0.15499849E+02,  0.95482004E+02, -0.11362262E+02,  0.29538749E+01,  0.30891365E-09,  0.21161559E+01
    2308.,  0.16437349E+02,  0.95482004E+02, -0.11362262E+02,  0.29062222E+01,  0.31748623E-09,  0.24112458E+01
    2309.,  0.17374849E+02,  0.95482004E+02, -0.11362262E+02,  0.28585695E+01,  0.32605412E-09,  0.27063358E+01
    2310.,  0.18312349E+02,  0.95482004E+02, -0.11362262E+02,  0.28109168E+01,  0.33462531E-09,  0.30014257E+01
    2311.,  0.33123489E+01,  0.95482004E+02, -0.12088304E+02,  0.38018911E+01,  0.21712141E-09, -0.16831089E+01
    2312.,  0.42498489E+01,  0.95482004E+02, -0.12088304E+02,  0.37542383E+01,  0.22569212E-09, -0.13880189E+01
    2313.,  0.51873489E+01,  0.95482004E+02, -0.12088304E+02,  0.37065856E+01,  0.23426761E-09, -0.10929290E+01
    2314.,  0.61248489E+01,  0.95482004E+02, -0.12088304E+02,  0.36589329E+01,  0.24282259E-09, -0.79783906E+00
    2315.,  0.70623489E+01,  0.95482004E+02, -0.12088304E+02,  0.36112802E+01,  0.25140081E-09, -0.50274913E+00
    2316.,  0.79998489E+01,  0.95482004E+02, -0.12088304E+02,  0.35636275E+01,  0.25996300E-09, -0.20765920E+00
    2317.,  0.89373489E+01,  0.95482004E+02, -0.12088304E+02,  0.35159747E+01,  0.26853181E-09,  0.87430737E-01
    2318.,  0.98748489E+01,  0.95482004E+02, -0.12088304E+02,  0.34683220E+01,  0.27710170E-09,  0.38252067E+00
    2319.,  0.10812349E+02,  0.95482004E+02, -0.12088304E+02,  0.34206693E+01,  0.28567734E-09,  0.67761061E+00
    2320.,  0.11749849E+02,  0.95482004E+02, -0.12088304E+02,  0.33730166E+01,  0.29424416E-09,  0.97270054E+00
    2321.,  0.12687349E+02,  0.95482004E+02, -0.12088304E+02,  0.33253639E+01,  0.30281811E-09,  0.12677905E+01
    2322.,  0.13624849E+02,  0.95482004E+02, -0.12088304E+02,  0.32777111E+01,  0.31139106E-09,  0.15628804E+01
    2323.,  0.14562349E+02,  0.95482004E+02, -0.12088304E+02,  0.32300584E+01,  0.31994324E-09,  0.18579703E+01
    2324.,  0.15499849E+02,  0.95482004E+02, -0.12088304E+02,  0.31824057E+01,  0.32852637E-09,  0.21530603E+01
    2325.,  0.16437349E+02,  0.95482004E+02, -0.12088304E+02,  0.31347530E+01,  0.33709751E-09,  0.24481502E+01
    2326.,  0.17374849E+02,  0.95482004E+02, -0.12088304E+02,  0.30871002E+01,  0.34566433E-09,  0.27432401E+01
    2327.,  0.18312349E+02,  0.95482004E+02, -0.12088304E+02,  0.30394475E+01,  0.35423923E-09,  0.30383301E+01
    2328.,  0.33123489E+01,  0.95482004E+02, -0.12814346E+02,  0.40304218E+01,  0.23673813E-09, -0.16462045E+01
    2329.,  0.42498489E+01,  0.95482004E+02, -0.12814346E+02,  0.39827691E+01,  0.24529763E-09, -0.13511145E+01
    2330.,  0.51873489E+01,  0.95482004E+02, -0.12814346E+02,  0.39351164E+01,  0.25388578E-09, -0.10560246E+01
    2331.,  0.61248489E+01,  0.95482004E+02, -0.12814346E+02,  0.38874637E+01,  0.26244091E-09, -0.76093468E+00
    2332.,  0.70623489E+01,  0.95482004E+02, -0.12814346E+02,  0.38398109E+01,  0.27100876E-09, -0.46584475E+00
    2333.,  0.79998489E+01,  0.95482004E+02, -0.12814346E+02,  0.37921582E+01,  0.27959556E-09, -0.17075481E+00
    2334.,  0.89373489E+01,  0.95482004E+02, -0.12814346E+02,  0.37445055E+01,  0.28814366E-09,  0.12433512E+00
    2335.,  0.98748489E+01,  0.95482004E+02, -0.12814346E+02,  0.36968528E+01,  0.29671526E-09,  0.41942506E+00
    2336.,  0.10812349E+02,  0.95482004E+02, -0.12814346E+02,  0.36492001E+01,  0.30529193E-09,  0.71451499E+00
    2337.,  0.11749849E+02,  0.95482004E+02, -0.12814346E+02,  0.36015473E+01,  0.31384401E-09,  0.10096049E+01
    2338.,  0.12687349E+02,  0.95482004E+02, -0.12814346E+02,  0.35538946E+01,  0.32243386E-09,  0.13046949E+01
    2339.,  0.13624849E+02,  0.95482004E+02, -0.12814346E+02,  0.35062419E+01,  0.33100101E-09,  0.15997848E+01
    2340.,  0.14562349E+02,  0.95482004E+02, -0.12814346E+02,  0.34585892E+01,  0.33957423E-09,  0.18948747E+01
    2341.,  0.15499849E+02,  0.95482004E+02, -0.12814346E+02,  0.34109365E+01,  0.34813321E-09,  0.21899647E+01
    2342.,  0.16437349E+02,  0.95482004E+02, -0.12814346E+02,  0.33632837E+01,  0.35670078E-09,  0.24850546E+01
    2343.,  0.17374849E+02,  0.95482004E+02, -0.12814346E+02,  0.33156310E+01,  0.36526608E-09,  0.27801445E+01
    2344.,  0.18312349E+02,  0.95482004E+02, -0.12814346E+02,  0.32679783E+01,  0.37384881E-09,  0.30752345E+01
    2345.,  0.33123489E+01,  0.95482004E+02, -0.13540387E+02,  0.42589526E+01,  0.25634977E-09, -0.16093001E+01
    2346.,  0.42498489E+01,  0.95482004E+02, -0.13540387E+02,  0.42112999E+01,  0.26491113E-09, -0.13142102E+01
    2347.,  0.51873489E+01,  0.95482004E+02, -0.13540387E+02,  0.41636471E+01,  0.27349868E-09, -0.10191202E+01
    2348.,  0.61248489E+01,  0.95482004E+02, -0.13540387E+02,  0.41159944E+01,  0.28206277E-09, -0.72403030E+00
    2349.,  0.70623489E+01,  0.95482004E+02, -0.13540387E+02,  0.40683417E+01,  0.29062926E-09, -0.42894036E+00
    2350.,  0.79998489E+01,  0.95482004E+02, -0.13540387E+02,  0.40206890E+01,  0.29919993E-09, -0.13385043E+00
    2351.,  0.89373489E+01,  0.95482004E+02, -0.13540387E+02,  0.39730363E+01,  0.30777294E-09,  0.16123951E+00
    2352.,  0.98748489E+01,  0.95482004E+02, -0.13540387E+02,  0.39253835E+01,  0.31632345E-09,  0.45632944E+00
    2353.,  0.10812349E+02,  0.95482004E+02, -0.13540387E+02,  0.38777308E+01,  0.32490283E-09,  0.75141937E+00
    2354.,  0.11749849E+02,  0.95482004E+02, -0.13540387E+02,  0.38300781E+01,  0.33348539E-09,  0.10465093E+01
    2355.,  0.12687349E+02,  0.95482004E+02, -0.13540387E+02,  0.37824254E+01,  0.34205093E-09,  0.13415992E+01
    2356.,  0.13624849E+02,  0.95482004E+02, -0.13540387E+02,  0.37347726E+01,  0.35061518E-09,  0.16366892E+01
    2357.,  0.14562349E+02,  0.95482004E+02, -0.13540387E+02,  0.36871199E+01,  0.35918067E-09,  0.19317791E+01
    2358.,  0.15499849E+02,  0.95482004E+02, -0.13540387E+02,  0.36394672E+01,  0.36774972E-09,  0.22268690E+01
    2359.,  0.16437349E+02,  0.95482004E+02, -0.13540387E+02,  0.35918145E+01,  0.37631675E-09,  0.25219590E+01
    2360.,  0.17374849E+02,  0.95482004E+02, -0.13540387E+02,  0.35441618E+01,  0.38488467E-09,  0.28170489E+01
    2361.,  0.18312349E+02,  0.95482004E+02, -0.13540387E+02,  0.34965090E+01,  0.39346982E-09,  0.31121388E+01
    2362.,  0.33123489E+01,  0.95482004E+02, -0.14266429E+02,  0.44874833E+01,  0.27596516E-09, -0.15723957E+01
    2363.,  0.42498489E+01,  0.95482004E+02, -0.14266429E+02,  0.44398306E+01,  0.28453395E-09, -0.12773058E+01
    2364.,  0.51873489E+01,  0.95482004E+02, -0.14266429E+02,  0.43921779E+01,  0.29309870E-09, -0.98221584E+00
    2365.,  0.61248489E+01,  0.95482004E+02, -0.14266429E+02,  0.43445252E+01,  0.30167458E-09, -0.68712591E+00
    2366.,  0.70623489E+01,  0.95482004E+02, -0.14266429E+02,  0.42968725E+01,  0.31024021E-09, -0.39203598E+00
    2367.,  0.79998489E+01,  0.95482004E+02, -0.14266429E+02,  0.42492197E+01,  0.31880407E-09, -0.96946043E-01
    2368.,  0.89373489E+01,  0.95482004E+02, -0.14266429E+02,  0.42015670E+01,  0.32737931E-09,  0.19814389E+00
    2369.,  0.98748489E+01,  0.95482004E+02, -0.14266429E+02,  0.41539143E+01,  0.33596039E-09,  0.49323383E+00
    2370.,  0.10812349E+02,  0.95482004E+02, -0.14266429E+02,  0.41062616E+01,  0.34451463E-09,  0.78832376E+00
    2371.,  0.11749849E+02,  0.95482004E+02, -0.14266429E+02,  0.40586089E+01,  0.35309931E-09,  0.10834137E+01
    2372.,  0.12687349E+02,  0.95482004E+02, -0.14266429E+02,  0.40109561E+01,  0.36166465E-09,  0.13785036E+01
    2373.,  0.13624849E+02,  0.95482004E+02, -0.14266429E+02,  0.39633034E+01,  0.37023166E-09,  0.16735936E+01
    2374.,  0.14562349E+02,  0.95482004E+02, -0.14266429E+02,  0.39156507E+01,  0.37880504E-09,  0.19686835E+01
    2375.,  0.15499849E+02,  0.95482004E+02, -0.14266429E+02,  0.38679980E+01,  0.38737576E-09,  0.22637734E+01
    2376.,  0.16437349E+02,  0.95482004E+02, -0.14266429E+02,  0.38203452E+01,  0.39593628E-09,  0.25588634E+01
    2377.,  0.17374849E+02,  0.95482004E+02, -0.14266429E+02,  0.37726925E+01,  0.40450968E-09,  0.28539533E+01
    2378.,  0.18312349E+02,  0.95482004E+02, -0.14266429E+02,  0.37250398E+01,  0.41307059E-09,  0.31490432E+01
    2379.,  0.33123489E+01,  0.95482004E+02, -0.14992471E+02,  0.47160141E+01,  0.29557067E-09, -0.15354913E+01
    2380.,  0.42498489E+01,  0.95482004E+02, -0.14992471E+02,  0.46683614E+01,  0.30415063E-09, -0.12404014E+01
    2381.,  0.51873489E+01,  0.95482004E+02, -0.14992471E+02,  0.46207087E+01,  0.31272105E-09, -0.94531146E+00
    2382.,  0.61248489E+01,  0.95482004E+02, -0.14992471E+02,  0.45730559E+01,  0.32129119E-09, -0.65022153E+00
    2383.,  0.70623489E+01,  0.95482004E+02, -0.14992471E+02,  0.45254032E+01,  0.32986108E-09, -0.35513159E+00
    2384.,  0.79998489E+01,  0.95482004E+02, -0.14992471E+02,  0.44777505E+01,  0.33842409E-09, -0.60041658E-01
    2385.,  0.89373489E+01,  0.95482004E+02, -0.14992471E+02,  0.44300978E+01,  0.34699011E-09,  0.23504828E+00
    2386.,  0.98748489E+01,  0.95482004E+02, -0.14992471E+02,  0.43824451E+01,  0.35556168E-09,  0.53013821E+00
    2387.,  0.10812349E+02,  0.95482004E+02, -0.14992471E+02,  0.43347923E+01,  0.36412898E-09,  0.82522814E+00
    2388.,  0.11749849E+02,  0.95482004E+02, -0.14992471E+02,  0.42871396E+01,  0.37270497E-09,  0.11203181E+01
    2389.,  0.12687349E+02,  0.95482004E+02, -0.14992471E+02,  0.42394869E+01,  0.38127243E-09,  0.14154080E+01
    2390.,  0.13624849E+02,  0.95482004E+02, -0.14992471E+02,  0.41918342E+01,  0.38984772E-09,  0.17104979E+01
    2391.,  0.14562349E+02,  0.95482004E+02, -0.14992471E+02,  0.41441815E+01,  0.39840997E-09,  0.20055879E+01
    2392.,  0.15499849E+02,  0.95482004E+02, -0.14992471E+02,  0.40965287E+01,  0.40697859E-09,  0.23006778E+01
    2393.,  0.16437349E+02,  0.95482004E+02, -0.14992471E+02,  0.40488760E+01,  0.41554977E-09,  0.25957677E+01
    2394.,  0.17374849E+02,  0.95482004E+02, -0.14992471E+02,  0.40012233E+01,  0.42411644E-09,  0.28908577E+01
    2395.,  0.18312349E+02,  0.95482004E+02, -0.14992471E+02,  0.39535706E+01,  0.43269990E-09,  0.31859476E+01
    2396.,  0.33123489E+01,  0.95482004E+02, -0.15718512E+02,  0.49445449E+01,  0.31519176E-09, -0.14985869E+01
    2397.,  0.42498489E+01,  0.95482004E+02, -0.15718512E+02,  0.48968921E+01,  0.32376782E-09, -0.12034970E+01
    2398.,  0.51873489E+01,  0.95482004E+02, -0.15718512E+02,  0.48492394E+01,  0.33233549E-09, -0.90840708E+00
    2399.,  0.61248489E+01,  0.95482004E+02, -0.15718512E+02,  0.48015867E+01,  0.34089755E-09, -0.61331714E+00
    2400.,  0.70623489E+01,  0.95482004E+02, -0.15718512E+02,  0.47539340E+01,  0.34948324E-09, -0.31822721E+00
    2401.,  0.79998489E+01,  0.95482004E+02, -0.15718512E+02,  0.47062813E+01,  0.35804236E-09, -0.23137274E-01
    2402.,  0.89373489E+01,  0.95482004E+02, -0.15718512E+02,  0.46586285E+01,  0.36661237E-09,  0.27195266E+00
    2403.,  0.98748489E+01,  0.95482004E+02, -0.15718512E+02,  0.46109758E+01,  0.37516726E-09,  0.56704259E+00
    2404.,  0.10812349E+02,  0.95482004E+02, -0.15718512E+02,  0.45633231E+01,  0.38374366E-09,  0.86213253E+00
    2405.,  0.11749849E+02,  0.95482004E+02, -0.15718512E+02,  0.45156704E+01,  0.39232305E-09,  0.11572225E+01
    2406.,  0.12687349E+02,  0.95482004E+02, -0.15718512E+02,  0.44680176E+01,  0.40088648E-09,  0.14523124E+01
    2407.,  0.13624849E+02,  0.95482004E+02, -0.15718512E+02,  0.44203649E+01,  0.40945985E-09,  0.17474023E+01
    2408.,  0.14562349E+02,  0.95482004E+02, -0.15718512E+02,  0.43727122E+01,  0.41802342E-09,  0.20424923E+01
    2409.,  0.15499849E+02,  0.95482004E+02, -0.15718512E+02,  0.43250595E+01,  0.42660592E-09,  0.23375822E+01
    2410.,  0.16437349E+02,  0.95482004E+02, -0.15718512E+02,  0.42774068E+01,  0.43516023E-09,  0.26326721E+01
    2411.,  0.17374849E+02,  0.95482004E+02, -0.15718512E+02,  0.42297540E+01,  0.44373992E-09,  0.29277621E+01
    2412.,  0.18312349E+02,  0.95482004E+02, -0.15718512E+02,  0.41821013E+01,  0.45230262E-09,  0.32228520E+01
    2413.,  0.33123489E+01,  0.95482004E+02, -0.16444554E+02,  0.51730756E+01,  0.33480441E-09, -0.14616826E+01
    2414.,  0.42498489E+01,  0.95482004E+02, -0.16444554E+02,  0.51254229E+01,  0.34338047E-09, -0.11665926E+01
    2415.,  0.51873489E+01,  0.95482004E+02, -0.16444554E+02,  0.50777702E+01,  0.35194253E-09, -0.87150269E+00
    2416.,  0.61248489E+01,  0.95482004E+02, -0.16444554E+02,  0.50301175E+01,  0.36051256E-09, -0.57641276E+00
    2417.,  0.70623489E+01,  0.95482004E+02, -0.16444554E+02,  0.49824647E+01,  0.36908049E-09, -0.28132282E+00
    2418.,  0.79998489E+01,  0.95482004E+02, -0.16444554E+02,  0.49348120E+01,  0.37764716E-09,  0.13767111E-01
    2419.,  0.89373489E+01,  0.95482004E+02, -0.16444554E+02,  0.48871593E+01,  0.38621412E-09,  0.30885704E+00
    2420.,  0.98748489E+01,  0.95482004E+02, -0.16444554E+02,  0.48395066E+01,  0.39478148E-09,  0.60394698E+00
    2421.,  0.10812349E+02,  0.95482004E+02, -0.16444554E+02,  0.47918539E+01,  0.40336434E-09,  0.89903691E+00
    2422.,  0.11749849E+02,  0.95482004E+02, -0.16444554E+02,  0.47442011E+01,  0.41193641E-09,  0.11941268E+01
    2423.,  0.12687349E+02,  0.95482004E+02, -0.16444554E+02,  0.46965484E+01,  0.42050481E-09,  0.14892168E+01
    2424.,  0.13624849E+02,  0.95482004E+02, -0.16444554E+02,  0.46488957E+01,  0.42907447E-09,  0.17843067E+01
    2425.,  0.14562349E+02,  0.95482004E+02, -0.16444554E+02,  0.46012430E+01,  0.43762516E-09,  0.20793966E+01
    2426.,  0.15499849E+02,  0.95482004E+02, -0.16444554E+02,  0.45535902E+01,  0.44621891E-09,  0.23744866E+01
    2427.,  0.16437349E+02,  0.95482004E+02, -0.16444554E+02,  0.45059375E+01,  0.45477756E-09,  0.26695765E+01
    2428.,  0.17374849E+02,  0.95482004E+02, -0.16444554E+02,  0.44582848E+01,  0.46335340E-09,  0.29646665E+01
    2429.,  0.18312349E+02,  0.95482004E+02, -0.16444554E+02,  0.44106321E+01,  0.47191896E-09,  0.32597564E+01
    2430.,  0.33123489E+01,  0.95482004E+02, -0.17170596E+02,  0.54016064E+01,  0.35442499E-09, -0.14247782E+01
    2431.,  0.42498489E+01,  0.95482004E+02, -0.17170596E+02,  0.53539537E+01,  0.36298864E-09, -0.11296882E+01
    2432.,  0.51873489E+01,  0.95482004E+02, -0.17170596E+02,  0.53063009E+01,  0.37155753E-09, -0.83459831E+00
    2433.,  0.61248489E+01,  0.95482004E+02, -0.17170596E+02,  0.52586482E+01,  0.38012655E-09, -0.53950837E+00
    2434.,  0.70623489E+01,  0.95482004E+02, -0.17170596E+02,  0.52109955E+01,  0.38870083E-09, -0.24441844E+00
    2435.,  0.79998489E+01,  0.95482004E+02, -0.17170596E+02,  0.51633428E+01,  0.39727378E-09,  0.50671496E-01
    2436.,  0.89373489E+01,  0.95482004E+02, -0.17170596E+02,  0.51156901E+01,  0.40583666E-09,  0.34576143E+00
    2437.,  0.98748489E+01,  0.95482004E+02, -0.17170596E+02,  0.50680373E+01,  0.41440697E-09,  0.64085136E+00
    2438.,  0.10812349E+02,  0.95482004E+02, -0.17170596E+02,  0.50203846E+01,  0.42298127E-09,  0.93594130E+00
    2439.,  0.11749849E+02,  0.95482004E+02, -0.17170596E+02,  0.49727319E+01,  0.43155014E-09,  0.12310312E+01
    2440.,  0.12687349E+02,  0.95482004E+02, -0.17170596E+02,  0.49250792E+01,  0.44011641E-09,  0.15261212E+01
    2441.,  0.13624849E+02,  0.95482004E+02, -0.17170596E+02,  0.48774265E+01,  0.44868836E-09,  0.18212111E+01
    2442.,  0.14562349E+02,  0.95482004E+02, -0.17170596E+02,  0.48297737E+01,  0.45726120E-09,  0.21163010E+01
    2443.,  0.15499849E+02,  0.95482004E+02, -0.17170596E+02,  0.47821210E+01,  0.46582103E-09,  0.24113910E+01
    2444.,  0.16437349E+02,  0.95482004E+02, -0.17170596E+02,  0.47344683E+01,  0.47439989E-09,  0.27064809E+01
    2445.,  0.17374849E+02,  0.95482004E+02, -0.17170596E+02,  0.46868156E+01,  0.48296386E-09,  0.30015708E+01
    2446.,  0.18312349E+02,  0.95482004E+02, -0.17170596E+02,  0.46391628E+01,  0.49152663E-09,  0.32966608E+01
    2447.,  0.33123489E+01,  0.95482004E+02, -0.17896637E+02,  0.56301371E+01,  0.37402096E-09, -0.13878738E+01
    2448.,  0.42498489E+01,  0.95482004E+02, -0.17896637E+02,  0.55824844E+01,  0.38260112E-09, -0.10927839E+01
    2449.,  0.51873489E+01,  0.95482004E+02, -0.17896637E+02,  0.55348317E+01,  0.39117849E-09, -0.79769392E+00
    2450.,  0.61248489E+01,  0.95482004E+02, -0.17896637E+02,  0.54871790E+01,  0.39974542E-09, -0.50260399E+00
    2451.,  0.70623489E+01,  0.95482004E+02, -0.17896637E+02,  0.54395263E+01,  0.40831987E-09, -0.20751405E+00
    2452.,  0.79998489E+01,  0.95482004E+02, -0.17896637E+02,  0.53918735E+01,  0.41688789E-09,  0.87575880E-01
    2453.,  0.89373489E+01,  0.95482004E+02, -0.17896637E+02,  0.53442208E+01,  0.42545659E-09,  0.38266581E+00
    2454.,  0.98748489E+01,  0.95482004E+02, -0.17896637E+02,  0.52965681E+01,  0.43401936E-09,  0.67775575E+00
    2455.,  0.10812349E+02,  0.95482004E+02, -0.17896637E+02,  0.52489154E+01,  0.44259165E-09,  0.97284568E+00
    2456.,  0.11749849E+02,  0.95482004E+02, -0.17896637E+02,  0.52012626E+01,  0.45115076E-09,  0.12679356E+01
    2457.,  0.12687349E+02,  0.95482004E+02, -0.17896637E+02,  0.51536099E+01,  0.45973512E-09,  0.15630255E+01
    2458.,  0.13624849E+02,  0.95482004E+02, -0.17896637E+02,  0.51059572E+01,  0.46828933E-09,  0.18581155E+01
    2459.,  0.14562349E+02,  0.95482004E+02, -0.17896637E+02,  0.50583045E+01,  0.47687104E-09,  0.21532054E+01
    2460.,  0.15499849E+02,  0.95482004E+02, -0.17896637E+02,  0.50106518E+01,  0.48543489E-09,  0.24482954E+01
    2461.,  0.16437349E+02,  0.95482004E+02, -0.17896637E+02,  0.49629990E+01,  0.49400556E-09,  0.27433853E+01
    2462.,  0.17374849E+02,  0.95482004E+02, -0.17896637E+02,  0.49153463E+01,  0.50257861E-09,  0.30384752E+01
    2463.,  0.18312349E+02,  0.95482004E+02, -0.17896637E+02,  0.48676936E+01,  0.51114698E-09,  0.33335652E+01
    2464.,  0.33123489E+01,  0.95482004E+02, -0.18622679E+02,  0.58586679E+01,  0.39364578E-09, -0.13509694E+01
    2465.,  0.42498489E+01,  0.95482004E+02, -0.18622679E+02,  0.58110152E+01,  0.40223005E-09, -0.10558795E+01
    2466.,  0.51873489E+01,  0.95482004E+02, -0.18622679E+02,  0.57633625E+01,  0.41079005E-09, -0.76078954E+00
    2467.,  0.61248489E+01,  0.95482004E+02, -0.18622679E+02,  0.57157097E+01,  0.41934675E-09, -0.46569960E+00
    2468.,  0.70623489E+01,  0.95482004E+02, -0.18622679E+02,  0.56680570E+01,  0.42793178E-09, -0.17060967E+00
    2469.,  0.79998489E+01,  0.95482004E+02, -0.18622679E+02,  0.56204043E+01,  0.43648979E-09,  0.12448026E+00
    2470.,  0.89373489E+01,  0.95482004E+02, -0.18622679E+02,  0.55727516E+01,  0.44507859E-09,  0.41957020E+00
    2471.,  0.98748489E+01,  0.95482004E+02, -0.18622679E+02,  0.55250989E+01,  0.45363341E-09,  0.71466013E+00
    2472.,  0.10812349E+02,  0.95482004E+02, -0.18622679E+02,  0.54774461E+01,  0.46220709E-09,  0.10097501E+01
    2473.,  0.11749849E+02,  0.95482004E+02, -0.18622679E+02,  0.54297934E+01,  0.47077702E-09,  0.13048400E+01
    2474.,  0.12687349E+02,  0.95482004E+02, -0.18622679E+02,  0.53821407E+01,  0.47934369E-09,  0.15999299E+01
    2475.,  0.13624849E+02,  0.95482004E+02, -0.18622679E+02,  0.53344880E+01,  0.48790659E-09,  0.18950199E+01
    2476.,  0.14562349E+02,  0.95482004E+02, -0.18622679E+02,  0.52868352E+01,  0.49647252E-09,  0.21901098E+01
    2477.,  0.15499849E+02,  0.95482004E+02, -0.18622679E+02,  0.52391825E+01,  0.50504845E-09,  0.24851997E+01
    2478.,  0.16437349E+02,  0.95482004E+02, -0.18622679E+02,  0.51915298E+01,  0.51361998E-09,  0.27802897E+01
    2479.,  0.17374849E+02,  0.95482004E+02, -0.18622679E+02,  0.51438771E+01,  0.52220072E-09,  0.30753796E+01
    2480.,  0.18312349E+02,  0.95482004E+02, -0.18622679E+02,  0.50962244E+01,  0.53076465E-09,  0.33704695E+01
