
 Ansys Mechanical Enterprise Academic Research     


 *------------------------------------------------------------------*
 |                                                                  |
 |   W E L C O M E   T O   T H E   A N S Y S (R)  P R O G R A M     |
 |                                                                  |
 *------------------------------------------------------------------*




 ***************************************************************
 *         ANSYS MAPDL 2026 R1.02       LEGAL NOTICES          *
 ***************************************************************
 *                                                             *
 * Copyright (c) 2026 Synopsys, Inc. and ANSYS, Inc.           *
 * All rights reserved.                                        *
 * Unauthorized use, distribution or duplication is            *
 * prohibited.                                                 *
 *                                                             *
 * Ansys is a registered trademark of Ansys, Inc. or its       *
 * subsidiaries in the United States or other countries.       *
 * See the Ansys, Inc. online documentation or the Ansys, Inc. *
 * documentation CD or online help for the complete Legal      *
 * Notice.                                                     *
 *                                                             *
 ***************************************************************
 *                                                             *
 * THIS ANSYS SOFTWARE PRODUCT AND PROGRAM DOCUMENTATION       *
 * INCLUDE TRADE SECRETS AND CONFIDENTIAL AND PROPRIETARY      *
 * PRODUCTS OF ANSYS, INC., ITS SUBSIDIARIES, OR LICENSORS.    *
 * The software products and documentation are furnished by    *
 * Ansys, Inc. or its subsidiaries under a software license    *
 * agreement that contains provisions concerning               *
 * non-disclosure, copying, length and nature of use,          *
 * compliance with exporting laws, warranties, disclaimers,    *
 * limitations of liability, and remedies, and other           *
 * provisions.  The software products and documentation may be *
 * used, disclosed, transferred, or copied only in accordance  *
 * with the terms and conditions of that software license      *
 * agreement.                                                  *
 *                                                             *
 * Ansys, Inc. is a UL registered                              *
 * ISO 9001:2015 company.                                      *
 *                                                             *
 ***************************************************************
 *                                                             *
 * This product is subject to U.S. laws governing export and   *
 * re-export.                                                  *
 *                                                             *
 * For U.S. Government users, except as specifically granted   *
 * by the Ansys, Inc. software license agreement, the use,     *
 * duplication, or disclosure by the United States Government  *
 * is subject to restrictions stated in the Ansys, Inc.        *
 * software license agreement and FAR 12.212 (for non-DOD      *
 * licenses).                                                  *
 *                                                             *
 ***************************************************************

 2026 R1.02  
     
 Point Releases and Patches installed:   
     
 Ansys Service Pack 2026 R1.01   
 Ansys Service Pack 2026 R1.02   
 Ansys, Inc. License Manager 2026 R1 
 Ansys, Inc. License Manager 2026 R1.01  
 Ansys, Inc. License Manager 2026 R1.02  
 Discovery (reduced install) 2026 R1 
 Discovery (reduced install) 2026 R1.01  
 Discovery (reduced install) 2026 R1.02  
 Core WB Files 2026 R1   
 Core WB Files 2026 R1.01
 Core WB Files 2026 R1.02
 BladeModeler 2026 R1
 BladeModeler 2026 R1.01 
 BladeModeler 2026 R1.02 
 CFX (includes CFD-Post) 2026 R1 
 CFX (includes CFD-Post) 2026 R1.01  
 CFX (includes CFD-Post) 2026 R1.02  
 CFD-Post only 2026 R1   
 CFD-Post only 2026 R1.01
 CFD-Post only 2026 R1.02
 Chemkin 2026 R1 
 Chemkin 2026 R1.01  
 Chemkin 2026 R1.02  
 EnSight 2026 R1 
 EnSight 2026 R1.01  
 EnSight 2026 R1.02  
 FENSAP-ICE 2026 R1  
 FENSAP-ICE 2026 R1.01   
 FENSAP-ICE 2026 R1.02   
 Fluent (includes CFD-Post) 2026 R1  
 Fluent (includes CFD-Post) 2026 R1.01   
 Fluent (includes CFD-Post) 2026 R1.02   
 Polyflow (includes CFD-Post) 2026 R1
 Polyflow (includes CFD-Post) 2026 R1.01 
 Polyflow (includes CFD-Post) 2026 R1.02 
 Forte (includes EnSight) 2026 R1
 Forte (includes EnSight) 2026 R1.01 
 Forte (includes EnSight) 2026 R1.02 
 ICEM CFD 2026 R1
 ICEM CFD 2026 R1.01 
 ICEM CFD 2026 R1.02 
 RBF Morph Fluids UDF 2026 R1
 RBF Morph Fluids UDF 2026 R1.01 
 RBF Morph Fluids UDF 2026 R1.02 
 RBF Morph Libraries 2026 R1 
 RBF Morph Libraries 2026 R1.01  
 RBF Morph Libraries 2026 R1.02  
 Rocky 2026 R1   
 Rocky 2026 R1.01
 Rocky 2026 R1.02
 Thermal Desktop: AutoCAD 2026 R1
 Thermal Desktop: AutoCAD 2026 R1.01 
 Thermal Desktop: AutoCAD 2026 R1.02 
 Thermal Desktop: Thermal Desktop and TD Designer  2026 R1   
 Thermal Desktop: Thermal Desktop and TD Designer  2026 R1.01
 Thermal Desktop: Thermal Desktop and TD Designer  2026 R1.02
 Thermal Desktop: Sinda Solver 2026 R1   
 Thermal Desktop: Sinda Solver 2026 R1.01
 Thermal Desktop: Sinda Solver 2026 R1.02
 TurboGrid 2026 R1   
 TurboGrid 2026 R1.01
 TurboGrid 2026 R1.02
 Granta EduPack 2026 R1  
 Granta EduPack 2026 R1.01   
 Granta EduPack 2026 R1.02   
 Granta Selector 2026 R1 
 Granta Selector 2026 R1.01  
 Granta Selector 2026 R1.02  
 Dynamic Reporting 2026 R1   
 Dynamic Reporting 2026 R1.01
 Dynamic Reporting 2026 R1.02
 Remote Solve Manager Standalone Services 2026 R1
 Remote Solve Manager Standalone Services 2026 R1.01 
 Remote Solve Manager Standalone Services 2026 R1.02 
 Aqwa 2026 R1
 Aqwa 2026 R1.01 
 Aqwa 2026 R1.02 
 Autodyn 2026 R1 
 Autodyn 2026 R1.01  
 Autodyn 2026 R1.02  
 Customization Files for User Programmable Features 2026 R1  
 Customization Files for User Programmable Features 2026 R1.01   
 Customization Files for User Programmable Features 2026 R1.02   
 LS-DYNA 2026 R1 
 LS-DYNA 2026 R1.01  
 LS-DYNA 2026 R1.02  
 Material Calibration App 2026 R1
 Material Calibration App 2026 R1.01 
 Material Calibration App 2026 R1.02 
 Material Designer 2026 R1   
 Material Designer 2026 R1.01
 Material Designer 2026 R1.02
 Mechanical Products 2026 R1 
 Mechanical Products 2026 R1.01  
 Mechanical Products 2026 R1.02  
 Motion 2026 R1  
 Motion 2026 R1.01   
 Motion 2026 R1.02   
 RBF Morph 2026 R1   
 RBF Morph 2026 R1.01
 RBF Morph 2026 R1.02
 Sherlock 2026 R1
 Sherlock 2026 R1.01 
 Sherlock 2026 R1.02 
 Sound - SAS 2026 R1 
 Sound - SAS 2026 R1.01  
 Sound - SAS 2026 R1.02  
 ACIS Geometry Interface 2026 R1 
 ACIS Geometry Interface 2026 R1.01  
 ACIS Geometry Interface 2026 R1.02  
 AutoCAD Geometry Interface 2026 R1  
 AutoCAD Geometry Interface 2026 R1.01   
 AutoCAD Geometry Interface 2026 R1.02   
 Catia, Version 4 Geometry Interface 2026 R1 
 Catia, Version 4 Geometry Interface 2026 R1.01  
 Catia, Version 4 Geometry Interface 2026 R1.02  
 Catia, Version 5 Geometry Interface 2026 R1 
 Catia, Version 5 Geometry Interface 2026 R1.01  
 Catia, Version 5 Geometry Interface 2026 R1.02  
 Catia, Version 6 Geometry Interface 2026 R1 
 Catia, Version 6 Geometry Interface 2026 R1.01  
 Catia, Version 6 Geometry Interface 2026 R1.02  
 Creo Elements/Direct Modeling Geometry Interface 2026 R1
 Creo Elements/Direct Modeling Geometry Interface 2026 R1.01 
 Creo Elements/Direct Modeling Geometry Interface 2026 R1.02 
 Creo Parametric Geometry Interface 2026 R1  
 Creo Parametric Geometry Interface 2026 R1.01   
 Creo Parametric Geometry Interface 2026 R1.02   
 Inventor Geometry Interface 2026 R1 
 Inventor Geometry Interface 2026 R1.01  
 Inventor Geometry Interface 2026 R1.02  
 JTOpen Geometry Interface 2026 R1   
 JTOpen Geometry Interface 2026 R1.01
 JTOpen Geometry Interface 2026 R1.02
 NX Geometry Interface 2026 R1   
 NX Geometry Interface 2026 R1.01
 NX Geometry Interface 2026 R1.02
 Parasolid Geometry Interface  2026 R1   
 Parasolid Geometry Interface  2026 R1.01
 Parasolid Geometry Interface  2026 R1.02
 Solid Edge Geometry Interface 2026 R1   
 Solid Edge Geometry Interface 2026 R1.01
 Solid Edge Geometry Interface 2026 R1.02
 SOLIDWORKS Geometry Interface 2026 R1   
 SOLIDWORKS Geometry Interface 2026 R1.01
 SOLIDWORKS Geometry Interface 2026 R1.02


          *****  MAPDL COMMAND LINE ARGUMENTS  *****
  BATCH MODE REQUESTED (-b)    = NOLIST
  INPUT FILE COPY MODE (-c)    = COPY
  DISTRIBUTED MEMORY PARALLEL REQUESTED
      12 PARALLEL PROCESSES REQUESTED WITH SINGLE THREAD PER PROCESS
    TOTAL OF    12 CORES REQUESTED
  INPUT FILE NAME              = Z:\Developer\MIT_Rkt_Team\2026-7\MIT-RT-26_27-Work\simulation_work\avionics\powerboardsim\1\_ProjectScratch\ScrF704\dummy.dat
  OUTPUT FILE NAME             = Z:\Developer\MIT_Rkt_Team\2026-7\MIT-RT-26_27-Work\simulation_work\avionics\powerboardsim\1\_ProjectScratch\ScrF704\solve.out
  START-UP FILE MODE           = NOREAD
  STOP FILE MODE               = NOREAD

 RELEASE= 2026 R1.02           BUILD= 26.1      UP20260202   VERSION=WINDOWS x64 
 CURRENT JOBNAME=file0  21:43:18  OCT 04, 2026  Elapsed Time=       0.281


 PARAMETER _DS_PROGRESS =     999.0000000    

 /INPUT FILE= ds.dat  LINE=       0



 *** NOTE ***                            ELAPSED TIME =      12.322   TIME= 21:43:24
 The /CONFIG,NOELDB command is not valid in a distributed memory         
 parallel solution.  Command is ignored.                                 

 *GET  _WALLSTRT  FROM  ACTI  ITEM=TIME WALL  VALUE= 0.344333343E-02

 TITLE= 
 powerboardsim_v1--BOLT750 - preload then locked length (B5)                   

  ACT Extensions:
      LSDYNA, 2026.1
      5f463412-bd3e-484b-87e7-cbc0a665e474, wbex
      ANSYSMotion, 2026.1
      20180725-3f81-49eb-9f31-41364844c769, wbex
      BoltTools, 2024.1
      e58f9c27-8401-45e5-83b8-72af00fdd1a2, wbex
      Sherlock_App, 2026.1
      22267810-43dd-444c-b69c-948d1736da5a, wbex

 SET PARAMETER DIMENSIONS ON  _WB_PROJECTSCRATCH_DIR
  TYPE=STRI  DIMENSIONS=      248        1        1

 PARAMETER _WB_PROJECTSCRATCH_DIR(1) = Z:\Developer\MIT_Rkt_Team\2026-7\MIT-RT-26_27-Work\simulation_work\avionics\powerboardsim\1\_ProjectScratch\ScrF704\

 SET PARAMETER DIMENSIONS ON  _WB_SOLVERFILES_DIR
  TYPE=STRI  DIMENSIONS=      248        1        1

 PARAMETER _WB_SOLVERFILES_DIR(1) = Z:\Developer\MIT_Rkt_Team\2026-7\MIT-RT-26_27-Work\simulation_work\avionics\powerboardsim\1\powerboardsim_v1_files\dp0\SYS-2\MECH\

 SET PARAMETER DIMENSIONS ON  _WB_USERFILES_DIR
  TYPE=STRI  DIMENSIONS=      248        1        1

 PARAMETER _WB_USERFILES_DIR(1) = Z:\Developer\MIT_Rkt_Team\2026-7\MIT-RT-26_27-Work\simulation_work\avionics\powerboardsim\1\powerboardsim_v1_files\user_files\
 --- Data in consistent MKS units. See Solving Units in the help system for more

 MKS UNITS SPECIFIED FOR INTERNAL    
  LENGTH        (l)  = METER (M)
  MASS          (M)  = KILOGRAM (KG)
  TIME          (t)  = SECOND (SEC)
  TEMPERATURE   (T)  = CELSIUS (C)
  TOFFSET            = 273.0
  CHARGE        (Q)  = COULOMB
  FORCE         (f)  = NEWTON (N) (KG-M/SEC2)
  HEAT               = JOULE (N-M)

  PRESSURE           = PASCAL (NEWTON/M**2)
  ENERGY        (W)  = JOULE (N-M)
  POWER         (P)  = WATT (N-M/SEC)
  CURRENT       (i)  = AMPERE (COULOMBS/SEC)
  CAPACITANCE   (C)  = FARAD
  INDUCTANCE    (L)  = HENRY
  MAGNETIC FLUX      = WEBER
  RESISTANCE    (R)  = OHM
  ELECTRIC POTENTIAL = VOLT

 INPUT  UNITS ARE ALSO SET TO MKS 

 *** MAPDL - ENGINEERING ANALYSIS SYSTEM  RELEASE 2026 R1.02       26.1     ***
 Ansys Mechanical Enterprise Academic Research     
 01196637  VERSION=WINDOWS x64   21:43:24  OCT 04, 2026 Elapsed Time=     12.409

 powerboardsim_v1--BOLT750 - preload then locked length (B5)                   



          ***** MAPDL ANALYSIS DEFINITION (PREP7) *****
 *********** Send User Defined Coordinate System(s) ***********
 *********** Nodes for the whole assembly ***********
 *********** Elements for Body 1 'COMP_C1|COMP_C1' ***********
 *********** Elements for Body 2 'COMP_C2|COMP_C2' ***********
 *********** Elements for Body 3 'COMP_C3|COMP_C3' ***********
 *********** Elements for Body 4 'COMP_C4|COMP_C4' ***********
 *********** Elements for Body 5 'COMP_C5|COMP_C5' ***********
 *********** Elements for Body 6 'COMP_C6|COMP_C6' ***********
 *********** Elements for Body 7 'COMP_C7|COMP_C7' ***********
 *********** Elements for Body 8 'COMP_C8|COMP_C8' ***********
 *********** Elements for Body 9 'COMP_C9|COMP_C9' ***********
 *********** Elements for Body 10 'COMP_C10|COMP_C10' ***********
 *********** Elements for Body 11 'COMP_C11|COMP_C11' ***********
 *********** Elements for Body 12 'COMP_C12|COMP_C12' ***********
 *********** Elements for Body 13 'COMP_C13|COMP_C13' ***********
 *********** Elements for Body 14 'COMP_C14|COMP_C14' ***********
 *********** Elements for Body 15 'COMP_C15|COMP_C15' ***********
 *********** Elements for Body 16 'COMP_C16|COMP_C16' ***********
 *********** Elements for Body 17 'COMP_C17|COMP_C17' ***********
 *********** Elements for Body 18 'COMP_C18|COMP_C18' ***********
 *********** Elements for Body 19 'COMP_C19|COMP_C19' ***********
 *********** Elements for Body 20 'COMP_C20|COMP_C20' ***********
 *********** Elements for Body 21 'COMP_C21|COMP_C21' ***********
 *********** Elements for Body 22 'COMP_C22|COMP_C22' ***********
 *********** Elements for Body 23 'COMP_C23|COMP_C23' ***********
 *********** Elements for Body 24 'COMP_C24|COMP_C24' ***********
 *********** Elements for Body 25 'COMP_C25|COMP_C25' ***********
 *********** Elements for Body 26 'COMP_C26|COMP_C26' ***********
 *********** Elements for Body 27 'COMP_C27|COMP_C27' ***********
 *********** Elements for Body 28 'COMP_C28|COMP_C28' ***********
 *********** Elements for Body 29 'COMP_C29|COMP_C29' ***********
 *********** Elements for Body 30 'COMP_C30|COMP_C30' ***********
 *********** Elements for Body 31 'COMP_C31|COMP_C31' ***********
 *********** Elements for Body 32 'COMP_C32|COMP_C32' ***********
 *********** Elements for Body 33 'COMP_C33|COMP_C33' ***********
 *********** Elements for Body 34 'COMP_C34|COMP_C34' ***********
 *********** Elements for Body 35 'COMP_C35|COMP_C35' ***********
 *********** Elements for Body 36 'COMP_C36|COMP_C36' ***********
 *********** Elements for Body 37 'COMP_C37|COMP_C37' ***********
 *********** Elements for Body 38 'COMP_C38|COMP_C38' ***********
 *********** Elements for Body 39 'COMP_C39|COMP_C39' ***********
 *********** Elements for Body 40 'COMP_C40|COMP_C40' ***********
 *********** Elements for Body 41 'COMP_C41|COMP_C41' ***********
 *********** Elements for Body 42 'COMP_C42|COMP_C42' ***********
 *********** Elements for Body 43 'COMP_C43|COMP_C43' ***********
 *********** Elements for Body 44 'COMP_C44|COMP_C44' ***********
 *********** Elements for Body 45 'COMP_C45|COMP_C45' ***********
 *********** Elements for Body 46 'COMP_C46|COMP_C46' ***********
 *********** Elements for Body 47 'COMP_C47|COMP_C47' ***********
 *********** Elements for Body 48 'COMP_C48|COMP_C48' ***********
 *********** Elements for Body 49 'COMP_C49|COMP_C49' ***********
 *********** Elements for Body 50 'COMP_C50|COMP_C50' ***********
 *********** Elements for Body 51 'COMP_C51|COMP_C51' ***********
 *********** Elements for Body 52 'COMP_C52|COMP_C52' ***********
 *********** Elements for Body 53 'COMP_C53|COMP_C53' ***********
 *********** Elements for Body 54 'COMP_C54|COMP_C54' ***********
 *********** Elements for Body 55 'COMP_C55|COMP_C55' ***********
 *********** Elements for Body 56 'COMP_C56|COMP_C56' ***********
 *********** Elements for Body 57 'COMP_C57|COMP_C57' ***********
 *********** Elements for Body 58 'COMP_C58|COMP_C58' ***********
 *********** Elements for Body 59 'COMP_C59|COMP_C59' ***********
 *********** Elements for Body 60 'COMP_C60|COMP_C60' ***********
 *********** Elements for Body 61 'COMP_C61|COMP_C61' ***********
 *********** Elements for Body 62 'COMP_C62|COMP_C62' ***********
 *********** Elements for Body 63 'COMP_C63|COMP_C63' ***********
 *********** Elements for Body 64 'COMP_C64|COMP_C64' ***********
 *********** Elements for Body 65 'COMP_C65|COMP_C65' ***********
 *********** Elements for Body 66 'COMP_C66|COMP_C66' ***********
 *********** Elements for Body 67 'COMP_C67|COMP_C67' ***********
 *********** Elements for Body 68 'COMP_C68|COMP_C68' ***********
 *********** Elements for Body 69 'COMP_C69|COMP_C69' ***********
 *********** Elements for Body 70 'COMP_C70|COMP_C70' ***********
 *********** Elements for Body 71 'COMP_C71|COMP_C71' ***********
 *********** Elements for Body 72 'COMP_C72|COMP_C72' ***********
 *********** Elements for Body 73 'COMP_C73|COMP_C73' ***********
 *********** Elements for Body 74 'COMP_C74|COMP_C74' ***********
 *********** Elements for Body 75 'COMP_D1|COMP_D1' ***********
 *********** Elements for Body 76 'COMP_D2|COMP_D2' ***********
 *********** Elements for Body 77 'COMP_D3|COMP_D3' ***********
 *********** Elements for Body 78 'COMP_D4|COMP_D4' ***********
 *********** Elements for Body 79 'COMP_D5|COMP_D5' ***********
 *********** Elements for Body 80 'COMP_D6|COMP_D6' ***********
 *********** Elements for Body 81 'COMP_D7|COMP_D7' ***********
 *********** Elements for Body 82 'COMP_D8|COMP_D8' ***********
 *********** Elements for Body 83 'COMP_D9|COMP_D9' ***********
 *********** Elements for Body 84 'COMP_D10|COMP_D10' ***********
 *********** Elements for Body 85 'COMP_IC1|COMP_IC1' ***********
 *********** Elements for Body 86 'COMP_IC2|COMP_IC2' ***********
 *********** Elements for Body 87 'COMP_IC3|COMP_IC3' ***********
 *********** Elements for Body 88 'COMP_IC4|COMP_IC4' ***********
 *********** Elements for Body 89 'COMP_IC5|COMP_IC5' ***********
 *********** Elements for Body 90 'COMP_IC7|COMP_IC7' ***********
 *********** Elements for Body 91 'COMP_IC8|COMP_IC8' ***********
 *********** Elements for Body 92 'COMP_IC9|COMP_IC9' ***********
 *********** Elements for Body 93 'COMP_IC10|COMP_IC10' ***********
 *********** Elements for Body 94 'COMP_IC11|COMP_IC11' ***********
 *********** Elements for Body 95 'COMP_IC12|COMP_IC12' ***********
 *********** Elements for Body 96 'COMP_IC13|COMP_IC13' ***********
 *********** Elements for Body 97 'COMP_IC14|COMP_IC14' ***********
 *********** Elements for Body 98 'COMP_IC15|COMP_IC15' ***********
 *********** Elements for Body 99 'COMP_J1|COMP_J1' ***********
 *********** Elements for Body 100 'COMP_J2|COMP_J2' ***********
 *********** Elements for Body 101 'COMP_J3|COMP_J3' ***********
 *********** Elements for Body 102 'COMP_J4|COMP_J4' ***********
 *********** Elements for Body 103 'COMP_J5|COMP_J5' ***********
 *********** Elements for Body 104 'COMP_J6|COMP_J6' ***********
 *********** Elements for Body 105 'COMP_L1|COMP_L1' ***********
 *********** Elements for Body 106 'COMP_L2|COMP_L2' ***********
 *********** Elements for Body 107 'COMP_L3|COMP_L3' ***********
 *********** Elements for Body 108 'COMP_L4|COMP_L4' ***********
 *********** Elements for Body 109 'COMP_L5|COMP_L5' ***********
 *********** Elements for Body 110 'COMP_L6|COMP_L6' ***********
 *********** Elements for Body 111 'COMP_Q1|COMP_Q1' ***********
 *********** Elements for Body 112 'COMP_Q2|COMP_Q2' ***********
 *********** Elements for Body 113 'COMP_Q3|COMP_Q3' ***********
 *********** Elements for Body 114 'COMP_Q4|COMP_Q4' ***********
 *********** Elements for Body 115 'COMP_R1|COMP_R1' ***********
 *********** Elements for Body 116 'COMP_R2|COMP_R2' ***********
 *********** Elements for Body 117 'COMP_R3|COMP_R3' ***********
 *********** Elements for Body 118 'COMP_R4|COMP_R4' ***********
 *********** Elements for Body 119 'COMP_R5|COMP_R5' ***********
 *********** Elements for Body 120 'COMP_R6|COMP_R6' ***********
 *********** Elements for Body 121 'COMP_R7|COMP_R7' ***********
 *********** Elements for Body 122 'COMP_R8|COMP_R8' ***********
 *********** Elements for Body 123 'COMP_R9|COMP_R9' ***********
 *********** Elements for Body 124 'COMP_R10|COMP_R10' ***********
 *********** Elements for Body 125 'COMP_R11|COMP_R11' ***********
 *********** Elements for Body 126 'COMP_R12|COMP_R12' ***********
 *********** Elements for Body 127 'COMP_R13|COMP_R13' ***********
 *********** Elements for Body 128 'COMP_R14|COMP_R14' ***********
 *********** Elements for Body 129 'COMP_R15|COMP_R15' ***********
 *********** Elements for Body 130 'COMP_R16|COMP_R16' ***********
 *********** Elements for Body 131 'COMP_R17|COMP_R17' ***********
 *********** Elements for Body 132 'COMP_R18|COMP_R18' ***********
 *********** Elements for Body 133 'COMP_R19|COMP_R19' ***********
 *********** Elements for Body 134 'COMP_R20|COMP_R20' ***********
 *********** Elements for Body 135 'COMP_R21|COMP_R21' ***********
 *********** Elements for Body 136 'COMP_R22|COMP_R22' ***********
 *********** Elements for Body 137 'COMP_R23|COMP_R23' ***********
 *********** Elements for Body 138 'COMP_R24|COMP_R24' ***********
 *********** Elements for Body 139 'COMP_R25|COMP_R25' ***********
 *********** Elements for Body 140 'COMP_R26|COMP_R26' ***********
 *********** Elements for Body 141 'COMP_R27|COMP_R27' ***********
 *********** Elements for Body 142 'COMP_R28|COMP_R28' ***********
 *********** Elements for Body 143 'COMP_R29|COMP_R29' ***********
 *********** Elements for Body 144 'COMP_R30|COMP_R30' ***********
 *********** Elements for Body 145 'COMP_R31|COMP_R31' ***********
 *********** Elements for Body 146 'COMP_R32|COMP_R32' ***********
 *********** Elements for Body 147 'COMP_R33|COMP_R33' ***********
 *********** Elements for Body 148 'COMP_R34|COMP_R34' ***********
 *********** Elements for Body 149 'COMP_R35|COMP_R35' ***********
 *********** Elements for Body 150 'COMP_R36|COMP_R36' ***********
 *********** Elements for Body 151 'COMP_R37|COMP_R37' ***********
 *********** Elements for Body 152 'COMP_R38|COMP_R38' ***********
 *********** Elements for Body 153 'COMP_R39|COMP_R39' ***********
 *********** Elements for Body 154 'COMP_R40|COMP_R40' ***********
 *********** Elements for Body 155 'COMP_R41|COMP_R41' ***********
 *********** Elements for Body 156 'COMP_R42|COMP_R42' ***********
 *********** Elements for Body 157 'COMP_R43|COMP_R43' ***********
 *********** Elements for Body 158 'COMP_R44|COMP_R44' ***********
 *********** Elements for Body 159 'COMP_R45|COMP_R45' ***********
 *********** Elements for Body 160 'COMP_R46|COMP_R46' ***********
 *********** Elements for Body 161 'COMP_R47|COMP_R47' ***********
 *********** Elements for Body 162 'COMP_R48|COMP_R48' ***********
 *********** Elements for Body 163 'COMP_R49|COMP_R49' ***********
 *********** Elements for Body 164 'COMP_R50|COMP_R50' ***********
 *********** Elements for Body 165 'COMP_R51|COMP_R51' ***********
 *********** Elements for Body 166 'COMP_R52|COMP_R52' ***********
 *********** Elements for Body 167 'COMP_R53|COMP_R53' ***********
 *********** Elements for Body 168 'COMP_R54|COMP_R54' ***********
 *********** Elements for Body 169 'COMP_R55|COMP_R55' ***********
 *********** Elements for Body 170 'COMP_R56|COMP_R56' ***********
 *********** Elements for Body 171 'COMP_RefDes|COMP_RefDes' ***********
 *********** Elements for Body 172 'COMP_U1|COMP_U1' ***********
 *********** Elements for Body 173 'Power_Board_Batt_Screw_defeatured_2|Part 13[
 *********** Elements for Body 174 'Power_Board_Batt_Screw_defeatured_2|Part 28[
 *********** Elements for Body 175 'Power_Board_Batt_Screw_defeatured_2|Part 12[
 *********** Elements for Body 176 'Power_Board_Batt_Screw_defeatured_2|Part 27[
 *********** Elements for Body 177 'Power_Board_Batt_Screw_defeatured_2|Part 11[
 *********** Elements for Body 178 'Power_Board_Batt_Screw_defeatured_2|Part 26[
 *********** Elements for Body 179 'Power_Board_Batt_Screw_defeatured_2|Part 3[1
 *********** Elements for Body 180 'Power_Board_Batt_Screw_defeatured_2|Part 25[
 *********** Elements for Body 181 'Power_Board_Batt_Screw_defeatured_2|Part 2[1
 *********** Elements for Body 182 'Power_Board_Batt_Screw_defeatured_2|Part 24[
 *********** Elements for Body 183 'Power_Board_Batt_Screw_defeatured_2|Part 4[1
 *********** Elements for Body 184 'Power_Board_Batt_Screw_defeatured_2|Part 23[
 *********** Elements for Body 185 'Power_Board_Batt_Screw_defeatured_2|Part 22[
 *********** Elements for Body 186 'Power_Board_Batt_Screw_defeatured_2|Part 6[1
 *********** Elements for Body 187 'Power_Board_Batt_Screw_defeatured_2|Part 5[1
 *********** Elements for Body 188 'Power_Board_Batt_Screw_defeatured_2|Part 33[
 *********** Elements for Body 189 'Power_Board_Batt_Screw_defeatured_2|Part 17[
 *********** Elements for Body 190 'Power_Board_Batt_Screw_defeatured_2|Part 1[1
 *********** Elements for Body 191 'Power_Board_Batt_Screw_defeatured_2|Part 16[
 *********** Elements for Body 192 'Power_Board_Batt_Screw_defeatured_2|Part 15[
 *********** Elements for Body 193 'Power_Board_Batt_Screw_defeatured_2|Part 14[
 *********** Elements for Body 194 'Power_Board_Batt_Screw_defeatured_2|Part 31[
 *********** Elements for Body 195 'Power_Board_Batt_Screw_defeatured_2|LPattern
 *********** Elements for Body 196 'Power_Board_Batt_Screw_defeatured_2|LPattern
 *********** Elements for Body 197 'Power_Board_Batt_Screw_defeatured_2|LPattern
 *********** Elements for Body 198 'Power_Board_Batt_Screw_defeatured_2|LPattern
 *********** Elements for Body 199 'Power_Board_Batt_Screw_defeatured_2|LPattern
 *********** Elements for Body 200 'Power_Board_Batt_Screw_defeatured_2|LPattern
 *********** Elements for Body 201 'Power_Board_Batt_Screw_defeatured_2|LPattern
 *********** Elements for Body 202 'Power_Board_Batt_Screw_defeatured_2|LPattern
 *********** Elements for Body 203 'Power_Board_Batt_Screw_defeatured_2|LPattern
 *********** Elements for Body 204 'Power_Board_Batt_Screw_defeatured_2|LPattern
 *********** Elements for Body 205 'Power_Board_Batt_Screw_defeatured_2|Part 30[
 *********** Elements for Body 206 'Power_Board_Batt_Screw_defeatured_2|LPattern
 *********** Elements for Body 207 'Power_Board_Batt_Screw_defeatured_2|LPattern
 *********** Elements for Body 208 'PCB|PCB' ***********
 *********** Set Reference Temperature ***********
 *********** Send Materials ***********
 *********** Create Contact "Zone de contact 181" ***********
             Real Constant Set For Above Contact Is 210 & 209
 *********** Create Contact "Zone de contact 182" ***********
             Real Constant Set For Above Contact Is 212 & 211
 *********** Create Contact "Zone de contact 184" ***********
             Real Constant Set For Above Contact Is 214 & 213
 *********** Create Contact "Zone de contact 185" ***********
             Real Constant Set For Above Contact Is 216 & 215
 *********** Create Contact "Zone de contact 186" ***********
             Real Constant Set For Above Contact Is 218 & 217
 *********** Create Contact "Zone de contact 187" ***********
             Real Constant Set For Above Contact Is 220 & 219
 *********** Create Contact "Zone de contact 188" ***********
             Real Constant Set For Above Contact Is 222 & 221
 *********** Create Contact "Zone de contact 189" ***********
             Real Constant Set For Above Contact Is 224 & 223
 *********** Create Contact "Zone de contact 190" ***********
             Real Constant Set For Above Contact Is 226 & 225
 *********** Create Contact "Zone de contact 191" ***********
             Real Constant Set For Above Contact Is 228 & 227
 *********** Create Contact "Zone de contact 192" ***********
             Real Constant Set For Above Contact Is 230 & 229
 *********** Create Contact "Zone de contact 193" ***********
             Real Constant Set For Above Contact Is 232 & 231
 *********** Create Contact "Zone de contact 194" ***********
             Real Constant Set For Above Contact Is 234 & 233
 *********** Create Contact "Zone de contact 196" ***********
             Real Constant Set For Above Contact Is 236 & 235
 *********** Create Contact "Zone de contact 197" ***********
             Real Constant Set For Above Contact Is 238 & 237
 *********** Create Contact "Zone de contact 198" ***********
             Real Constant Set For Above Contact Is 240 & 239
 *********** Create Contact "Zone de contact 200" ***********
             Real Constant Set For Above Contact Is 242 & 241
 *********** Create Contact "Zone de contact 201" ***********
             Real Constant Set For Above Contact Is 244 & 243
 *********** Create Contact "Zone de contact 202" ***********
             Real Constant Set For Above Contact Is 246 & 245
 *********** Create Contact "Zone de contact 203" ***********
             Real Constant Set For Above Contact Is 248 & 247
 *********** Create Contact "Zone de contact 204" ***********
             Real Constant Set For Above Contact Is 250 & 249
 *********** Create Contact "Zone de contact 205" ***********
             Real Constant Set For Above Contact Is 252 & 251
 *********** Create Contact "Zone de contact 206" ***********
             Real Constant Set For Above Contact Is 254 & 253
 *********** Create Contact "Zone de contact 207" ***********
             Real Constant Set For Above Contact Is 256 & 255
 *********** Create Contact "Zone de contact" ***********
             Real Constant Set For Above Contact Is 258 & 257
 *********** Create Contact "Zone de contact 2" ***********
             Real Constant Set For Above Contact Is 260 & 259
 *********** Create Contact "Zone de contact 3" ***********
             Real Constant Set For Above Contact Is 262 & 261
 *********** Create Contact "Zone de contact 4" ***********
             Real Constant Set For Above Contact Is 264 & 263
 *********** Create Contact "Zone de contact 5" ***********
             Real Constant Set For Above Contact Is 266 & 265
 *********** Create Contact "Zone de contact 6" ***********
             Real Constant Set For Above Contact Is 268 & 267
 *********** Create Contact "Zone de contact 7" ***********
             Real Constant Set For Above Contact Is 270 & 269
 *********** Create Contact "Zone de contact 8" ***********
             Real Constant Set For Above Contact Is 272 & 271
 *********** Create Contact "Zone de contact 9" ***********
             Real Constant Set For Above Contact Is 274 & 273
 *********** Create Contact "Zone de contact 10" ***********
             Real Constant Set For Above Contact Is 276 & 275
 *********** Create Contact "Zone de contact 11" ***********
             Real Constant Set For Above Contact Is 278 & 277
 *********** Create Contact "Zone de contact 12" ***********
             Real Constant Set For Above Contact Is 280 & 279
 *********** Create Contact "Zone de contact 13" ***********
             Real Constant Set For Above Contact Is 282 & 281
 *********** Create Contact "Zone de contact 14" ***********
             Real Constant Set For Above Contact Is 284 & 283
 *********** Create Contact "Zone de contact 15" ***********
             Real Constant Set For Above Contact Is 286 & 285
 *********** Create Contact "Zone de contact 16" ***********
             Real Constant Set For Above Contact Is 288 & 287
 *********** Create Contact "Zone de contact 17" ***********
             Real Constant Set For Above Contact Is 290 & 289
 *********** Create Contact "Zone de contact 18" ***********
             Real Constant Set For Above Contact Is 292 & 291
 *********** Create Contact "Zone de contact 19" ***********
             Real Constant Set For Above Contact Is 294 & 293
 *********** Create Contact "Zone de contact 20" ***********
             Real Constant Set For Above Contact Is 296 & 295
 *********** Create Contact "Zone de contact 21" ***********
             Real Constant Set For Above Contact Is 298 & 297
 *********** Create Contact "Zone de contact 22" ***********
             Real Constant Set For Above Contact Is 300 & 299
 *********** Create Contact "Zone de contact 23" ***********
             Real Constant Set For Above Contact Is 302 & 301
 *********** Create Contact "Zone de contact 24" ***********
             Real Constant Set For Above Contact Is 304 & 303
 *********** Create Contact "Zone de contact 25" ***********
             Real Constant Set For Above Contact Is 306 & 305
 *********** Create Contact "Zone de contact 26" ***********
             Real Constant Set For Above Contact Is 308 & 307
 *********** Create Contact "Zone de contact 27" ***********
             Real Constant Set For Above Contact Is 310 & 309
 *********** Create Contact "Zone de contact 28" ***********
             Real Constant Set For Above Contact Is 312 & 311
 *********** Create Contact "Zone de contact 29" ***********
             Real Constant Set For Above Contact Is 314 & 313
 *********** Create Contact "Zone de contact 30" ***********
             Real Constant Set For Above Contact Is 316 & 315
 *********** Create Contact "Zone de contact 31" ***********
             Real Constant Set For Above Contact Is 318 & 317
 *********** Create Contact "Zone de contact 32" ***********
             Real Constant Set For Above Contact Is 320 & 319
 *********** Create Contact "Zone de contact 33" ***********
             Real Constant Set For Above Contact Is 322 & 321
 *********** Create Contact "Zone de contact 34" ***********
             Real Constant Set For Above Contact Is 324 & 323
 *********** Create Contact "Zone de contact 35" ***********
             Real Constant Set For Above Contact Is 326 & 325
 *********** Create Contact "Zone de contact 36" ***********
             Real Constant Set For Above Contact Is 328 & 327
 *********** Create Contact "Zone de contact 37" ***********
             Real Constant Set For Above Contact Is 330 & 329
 *********** Create Contact "Zone de contact 38" ***********
             Real Constant Set For Above Contact Is 332 & 331
 *********** Create Contact "Zone de contact 39" ***********
             Real Constant Set For Above Contact Is 334 & 333
 *********** Create Contact "Zone de contact 40" ***********
             Real Constant Set For Above Contact Is 336 & 335
 *********** Create Contact "Zone de contact 41" ***********
             Real Constant Set For Above Contact Is 338 & 337
 *********** Create Contact "Zone de contact 42" ***********
             Real Constant Set For Above Contact Is 340 & 339
 *********** Create Contact "Zone de contact 43" ***********
             Real Constant Set For Above Contact Is 342 & 341
 *********** Create Contact "Zone de contact 44" ***********
             Real Constant Set For Above Contact Is 344 & 343
 *********** Create Contact "Zone de contact 45" ***********
             Real Constant Set For Above Contact Is 346 & 345
 *********** Create Contact "Zone de contact 46" ***********
             Real Constant Set For Above Contact Is 348 & 347
 *********** Create Contact "Zone de contact 47" ***********
             Real Constant Set For Above Contact Is 350 & 349
 *********** Create Contact "Zone de contact 48" ***********
             Real Constant Set For Above Contact Is 352 & 351
 *********** Create Contact "Zone de contact 49" ***********
             Real Constant Set For Above Contact Is 354 & 353
 *********** Create Contact "Zone de contact 50" ***********
             Real Constant Set For Above Contact Is 356 & 355
 *********** Create Contact "Zone de contact 51" ***********
             Real Constant Set For Above Contact Is 358 & 357
 *********** Create Contact "Zone de contact 52" ***********
             Real Constant Set For Above Contact Is 360 & 359
 *********** Create Contact "Zone de contact 53" ***********
             Real Constant Set For Above Contact Is 362 & 361
 *********** Create Contact "Zone de contact 54" ***********
             Real Constant Set For Above Contact Is 364 & 363
 *********** Create Contact "Zone de contact 55" ***********
             Real Constant Set For Above Contact Is 366 & 365
 *********** Create Contact "Zone de contact 56" ***********
             Real Constant Set For Above Contact Is 368 & 367
 *********** Create Contact "Zone de contact 57" ***********
             Real Constant Set For Above Contact Is 370 & 369
 *********** Create Contact "Zone de contact 58" ***********
             Real Constant Set For Above Contact Is 372 & 371
 *********** Create Contact "Zone de contact 59" ***********
             Real Constant Set For Above Contact Is 374 & 373
 *********** Create Contact "Zone de contact 60" ***********
             Real Constant Set For Above Contact Is 376 & 375
 *********** Create Contact "Zone de contact 61" ***********
             Real Constant Set For Above Contact Is 378 & 377
 *********** Create Contact "Zone de contact 62" ***********
             Real Constant Set For Above Contact Is 380 & 379
 *********** Create Contact "Zone de contact 63" ***********
             Real Constant Set For Above Contact Is 382 & 381
 *********** Create Contact "Zone de contact 64" ***********
             Real Constant Set For Above Contact Is 384 & 383
 *********** Create Contact "Zone de contact 65" ***********
             Real Constant Set For Above Contact Is 386 & 385
 *********** Create Contact "Zone de contact 66" ***********
             Real Constant Set For Above Contact Is 388 & 387
 *********** Create Contact "Zone de contact 67" ***********
             Real Constant Set For Above Contact Is 390 & 389
 *********** Create Contact "Zone de contact 68" ***********
             Real Constant Set For Above Contact Is 392 & 391
 *********** Create Contact "Zone de contact 69" ***********
             Real Constant Set For Above Contact Is 394 & 393
 *********** Create Contact "Zone de contact 70" ***********
             Real Constant Set For Above Contact Is 396 & 395
 *********** Create Contact "Zone de contact 71" ***********
             Real Constant Set For Above Contact Is 398 & 397
 *********** Create Contact "Zone de contact 72" ***********
             Real Constant Set For Above Contact Is 400 & 399
 *********** Create Contact "Zone de contact 73" ***********
             Real Constant Set For Above Contact Is 402 & 401
 *********** Create Contact "Zone de contact 74" ***********
             Real Constant Set For Above Contact Is 404 & 403
 *********** Create Contact "Zone de contact 75" ***********
             Real Constant Set For Above Contact Is 406 & 405
 *********** Create Contact "Zone de contact 76" ***********
             Real Constant Set For Above Contact Is 408 & 407
 *********** Create Contact "Zone de contact 77" ***********
             Real Constant Set For Above Contact Is 410 & 409
 *********** Create Contact "Zone de contact 78" ***********
             Real Constant Set For Above Contact Is 412 & 411
 *********** Create Contact "Zone de contact 79" ***********
             Real Constant Set For Above Contact Is 414 & 413
 *********** Create Contact "Zone de contact 80" ***********
             Real Constant Set For Above Contact Is 416 & 415
 *********** Create Contact "Zone de contact 81" ***********
             Real Constant Set For Above Contact Is 418 & 417
 *********** Create Contact "Zone de contact 82" ***********
             Real Constant Set For Above Contact Is 420 & 419
 *********** Create Contact "Zone de contact 83" ***********
             Real Constant Set For Above Contact Is 422 & 421
 *********** Create Contact "Zone de contact 84" ***********
             Real Constant Set For Above Contact Is 424 & 423
 *********** Create Contact "Zone de contact 85" ***********
             Real Constant Set For Above Contact Is 426 & 425
 *********** Create Contact "Zone de contact 86" ***********
             Real Constant Set For Above Contact Is 428 & 427
 *********** Create Contact "Zone de contact 87" ***********
             Real Constant Set For Above Contact Is 430 & 429
 *********** Create Contact "Zone de contact 88" ***********
             Real Constant Set For Above Contact Is 432 & 431
 *********** Create Contact "Zone de contact 89" ***********
             Real Constant Set For Above Contact Is 434 & 433
 *********** Create Contact "Zone de contact 90" ***********
             Real Constant Set For Above Contact Is 436 & 435
 *********** Create Contact "Zone de contact 91" ***********
             Real Constant Set For Above Contact Is 438 & 437
 *********** Create Contact "Zone de contact 92" ***********
             Real Constant Set For Above Contact Is 440 & 439
 *********** Create Contact "Zone de contact 93" ***********
             Real Constant Set For Above Contact Is 442 & 441
 *********** Create Contact "Zone de contact 94" ***********
             Real Constant Set For Above Contact Is 444 & 443
 *********** Create Contact "Zone de contact 95" ***********
             Real Constant Set For Above Contact Is 446 & 445
 *********** Create Contact "Zone de contact 96" ***********
             Real Constant Set For Above Contact Is 448 & 447
 *********** Create Contact "Zone de contact 97" ***********
             Real Constant Set For Above Contact Is 450 & 449
 *********** Create Contact "Zone de contact 98" ***********
             Real Constant Set For Above Contact Is 452 & 451
 *********** Create Contact "Zone de contact 99" ***********
             Real Constant Set For Above Contact Is 454 & 453
 *********** Create Contact "Zone de contact 100" ***********
             Real Constant Set For Above Contact Is 456 & 455
 *********** Create Contact "Zone de contact 101" ***********
             Real Constant Set For Above Contact Is 458 & 457
 *********** Create Contact "Zone de contact 102" ***********
             Real Constant Set For Above Contact Is 460 & 459
 *********** Create Contact "Zone de contact 103" ***********
             Real Constant Set For Above Contact Is 462 & 461
 *********** Create Contact "Zone de contact 104" ***********
             Real Constant Set For Above Contact Is 464 & 463
 *********** Create Contact "Zone de contact 105" ***********
             Real Constant Set For Above Contact Is 466 & 465
 *********** Create Contact "Zone de contact 106" ***********
             Real Constant Set For Above Contact Is 468 & 467
 *********** Create Contact "Zone de contact 107" ***********
             Real Constant Set For Above Contact Is 470 & 469
 *********** Create Contact "Zone de contact 108" ***********
             Real Constant Set For Above Contact Is 472 & 471
 *********** Create Contact "Zone de contact 109" ***********
             Real Constant Set For Above Contact Is 474 & 473
 *********** Create Contact "Zone de contact 110" ***********
             Real Constant Set For Above Contact Is 476 & 475
 *********** Create Contact "Zone de contact 111" ***********
             Real Constant Set For Above Contact Is 478 & 477
 *********** Create Contact "Zone de contact 112" ***********
             Real Constant Set For Above Contact Is 480 & 479
 *********** Create Contact "Zone de contact 113" ***********
             Real Constant Set For Above Contact Is 482 & 481
 *********** Create Contact "Zone de contact 114" ***********
             Real Constant Set For Above Contact Is 484 & 483
 *********** Create Contact "Zone de contact 115" ***********
             Real Constant Set For Above Contact Is 486 & 485
 *********** Create Contact "Zone de contact 116" ***********
             Real Constant Set For Above Contact Is 488 & 487
 *********** Create Contact "Zone de contact 117" ***********
             Real Constant Set For Above Contact Is 490 & 489
 *********** Create Contact "Zone de contact 118" ***********
             Real Constant Set For Above Contact Is 492 & 491
 *********** Create Contact "Zone de contact 119" ***********
             Real Constant Set For Above Contact Is 494 & 493
 *********** Create Contact "Zone de contact 120" ***********
             Real Constant Set For Above Contact Is 496 & 495
 *********** Create Contact "Zone de contact 121" ***********
             Real Constant Set For Above Contact Is 498 & 497
 *********** Create Contact "Zone de contact 122" ***********
             Real Constant Set For Above Contact Is 500 & 499
 *********** Create Contact "Zone de contact 123" ***********
             Real Constant Set For Above Contact Is 502 & 501
 *********** Create Contact "Zone de contact 124" ***********
             Real Constant Set For Above Contact Is 504 & 503
 *********** Create Contact "Zone de contact 125" ***********
             Real Constant Set For Above Contact Is 506 & 505
 *********** Create Contact "Zone de contact 126" ***********
             Real Constant Set For Above Contact Is 508 & 507
 *********** Create Contact "Zone de contact 127" ***********
             Real Constant Set For Above Contact Is 510 & 509
 *********** Create Contact "Zone de contact 128" ***********
             Real Constant Set For Above Contact Is 512 & 511
 *********** Create Contact "Zone de contact 129" ***********
             Real Constant Set For Above Contact Is 514 & 513
 *********** Create Contact "Zone de contact 130" ***********
             Real Constant Set For Above Contact Is 516 & 515
 *********** Create Contact "Zone de contact 131" ***********
             Real Constant Set For Above Contact Is 518 & 517
 *********** Create Contact "Zone de contact 132" ***********
             Real Constant Set For Above Contact Is 520 & 519
 *********** Create Contact "Zone de contact 133" ***********
             Real Constant Set For Above Contact Is 522 & 521
 *********** Create Contact "Zone de contact 134" ***********
             Real Constant Set For Above Contact Is 524 & 523
 *********** Create Contact "Zone de contact 135" ***********
             Real Constant Set For Above Contact Is 526 & 525
 *********** Create Contact "Zone de contact 136" ***********
             Real Constant Set For Above Contact Is 528 & 527
 *********** Create Contact "Zone de contact 137" ***********
             Real Constant Set For Above Contact Is 530 & 529
 *********** Create Contact "Zone de contact 138" ***********
             Real Constant Set For Above Contact Is 532 & 531
 *********** Create Contact "Zone de contact 139" ***********
             Real Constant Set For Above Contact Is 534 & 533
 *********** Create Contact "Zone de contact 140" ***********
             Real Constant Set For Above Contact Is 536 & 535
 *********** Create Contact "Zone de contact 141" ***********
             Real Constant Set For Above Contact Is 538 & 537
 *********** Create Contact "Zone de contact 142" ***********
             Real Constant Set For Above Contact Is 540 & 539
 *********** Create Contact "Zone de contact 143" ***********
             Real Constant Set For Above Contact Is 542 & 541
 *********** Create Contact "Zone de contact 144" ***********
             Real Constant Set For Above Contact Is 544 & 543
 *********** Create Contact "Zone de contact 145" ***********
             Real Constant Set For Above Contact Is 546 & 545
 *********** Create Contact "Zone de contact 146" ***********
             Real Constant Set For Above Contact Is 548 & 547
 *********** Create Contact "Zone de contact 147" ***********
             Real Constant Set For Above Contact Is 550 & 549
 *********** Create Contact "Zone de contact 148" ***********
             Real Constant Set For Above Contact Is 552 & 551
 *********** Create Contact "Zone de contact 149" ***********
             Real Constant Set For Above Contact Is 554 & 553
 *********** Create Contact "Zone de contact 150" ***********
             Real Constant Set For Above Contact Is 556 & 555
 *********** Create Contact "Zone de contact 151" ***********
             Real Constant Set For Above Contact Is 558 & 557
 *********** Create Contact "Zone de contact 152" ***********
             Real Constant Set For Above Contact Is 560 & 559
 *********** Create Contact "Zone de contact 153" ***********
             Real Constant Set For Above Contact Is 562 & 561
 *********** Create Contact "Zone de contact 154" ***********
             Real Constant Set For Above Contact Is 564 & 563
 *********** Create Contact "Zone de contact 155" ***********
             Real Constant Set For Above Contact Is 566 & 565
 *********** Create Contact "Zone de contact 156" ***********
             Real Constant Set For Above Contact Is 568 & 567
 *********** Create Contact "Zone de contact 157" ***********
             Real Constant Set For Above Contact Is 570 & 569
 *********** Create Contact "Zone de contact 158" ***********
             Real Constant Set For Above Contact Is 572 & 571
 *********** Create Contact "Zone de contact 159" ***********
             Real Constant Set For Above Contact Is 574 & 573
 *********** Create Contact "Zone de contact 160" ***********
             Real Constant Set For Above Contact Is 576 & 575
 *********** Create Contact "Zone de contact 161" ***********
             Real Constant Set For Above Contact Is 578 & 577
 *********** Create Contact "Zone de contact 162" ***********
             Real Constant Set For Above Contact Is 580 & 579
 *********** Create Contact "Zone de contact 163" ***********
             Real Constant Set For Above Contact Is 582 & 581
 *********** Create Contact "Zone de contact 164" ***********
             Real Constant Set For Above Contact Is 584 & 583
 *********** Create Contact "Zone de contact 165" ***********
             Real Constant Set For Above Contact Is 586 & 585
 *********** Create Contact "Zone de contact 166" ***********
             Real Constant Set For Above Contact Is 588 & 587
 *********** Create Contact "Zone de contact 167" ***********
             Real Constant Set For Above Contact Is 590 & 589
 *********** Create Contact "Zone de contact 168" ***********
             Real Constant Set For Above Contact Is 592 & 591
 *********** Create Contact "Zone de contact 169" ***********
             Real Constant Set For Above Contact Is 594 & 593
 *********** Create Contact "Zone de contact 170" ***********
             Real Constant Set For Above Contact Is 596 & 595
 *********** Create Contact "Zone de contact 171" ***********
             Real Constant Set For Above Contact Is 598 & 597
 *********** Create Contact "Zone de contact 172" ***********
             Real Constant Set For Above Contact Is 600 & 599
 *********** Create Contact "Zone de contact 173" ***********
             Real Constant Set For Above Contact Is 602 & 601
 *********** Create Contact "Zone de contact 174" ***********
             Real Constant Set For Above Contact Is 604 & 603
 *********** Create Contact "Zone de contact 175" ***********
             Real Constant Set For Above Contact Is 606 & 605
 *********** Create Contact "Zone de contact 176" ***********
             Real Constant Set For Above Contact Is 608 & 607
 *********** Create Contact "Zone de contact 177" ***********
             Real Constant Set For Above Contact Is 610 & 609
 *********** Create Contact "Zone de contact 178" ***********
             Real Constant Set For Above Contact Is 612 & 611
 *********** Create Contact "Zone de contact 179" ***********
             Real Constant Set For Above Contact Is 614 & 613
 *********** Create Contact "Zone de contact 180" ***********
             Real Constant Set For Above Contact Is 616 & 615
 *********** Create Contact "Sans frottement - Power_Board_Batt_Screw_defeatured
             Real Constant Set For Above Contact Is 618 & 617
 *********** Create Contact "Sans frottement - Power_Board_Batt_Screw_defeatured
             Real Constant Set For Above Contact Is 620 & 619
 *********** Create Contact "Sans frottement - Power_Board_Batt_Screw_defeatured
             Real Constant Set For Above Contact Is 622 & 621
 *********** Create Contact "Sans frottement - Power_Board_Batt_Screw_defeatured
             Real Constant Set For Above Contact Is 624 & 623
 *********** Create Contact "Sans frottement - Power_Board_Batt_Screw_defeatured
             Real Constant Set For Above Contact Is 626 & 625
 *********** Create Contact "Sans frottement - Power_Board_Batt_Screw_defeatured
             Real Constant Set For Above Contact Is 628 & 627
 *********** Send Named Selection as Element Component ***********
 *********** Send Named Selection as Node Component ***********
 *********** Send Named Selection as Node Component ***********
 *********** Send Named Selection as Element Component ***********
 *********** Send Named Selection as Node Component ***********
 *********** Send Named Selection as Node Component ***********
 *********** Send Named Selection as Element Component ***********
 *********** Send Named Selection as Node Component ***********
 *********** Send Named Selection as Node Component ***********
 *********** Send Named Selection as Element Component ***********
 *********** Send Named Selection as Node Component ***********
 *********** Send Named Selection as Node Component ***********
 *********** Send Named Selection as Element Component ***********
 *********** Send Named Selection as Node Component ***********
 *********** Send Named Selection as Node Component ***********
 *********** Send Named Selection as Element Component ***********
 *********** Send Named Selection as Node Component ***********
 *********** Send Named Selection as Node Component ***********
 ****** Sending PCB_ExistingBolt_670N.xml at ASSEMBLY Level as Bolt ******
 PCB_BOLT_1: pretension=142 target=187 contact=32


 ***** ROUTINE COMPLETED *****  ELAPSED TIME =        20.634



 *****  MAPDL SOLUTION ROUTINE  *****
 Done Sending PCB_ExistingBolt_670N.xml at ASSEMBLY Level as Bolt

 *** WARNING ***                         ELAPSED TIME =      20.635   TIME= 21:43:33
 Parameter _APDLBOLTCSIDS already exists.  It is deleted and redefined   
 by the *DIM command.                                                    
 ****** Sending PCB_ExistingBolt_670N.xml at ASSEMBLY Level as Bolt ******

 FINISH SOLUTION PROCESSING


 ***** ROUTINE COMPLETED *****  ELAPSED TIME =        20.637



 *** MAPDL - ENGINEERING ANALYSIS SYSTEM  RELEASE 2026 R1.02       26.1     ***
 Ansys Mechanical Enterprise Academic Research     
 01196637  VERSION=WINDOWS x64   21:43:33  OCT 04, 2026 Elapsed Time=     20.638

 powerboardsim_v1--BOLT750 - preload then locked length (B5)                   



          ***** MAPDL ANALYSIS DEFINITION (PREP7) *****
 PCB_BOLT_2: pretension=141 target=200 contact=32


 ***** ROUTINE COMPLETED *****  ELAPSED TIME =        23.181



 *****  MAPDL SOLUTION ROUTINE  *****
 Done Sending PCB_ExistingBolt_670N.xml at ASSEMBLY Level as Bolt

 *** WARNING ***                         ELAPSED TIME =      23.185   TIME= 21:43:35
 Parameter _APDLBOLTCSIDS already exists.  It is deleted and redefined   
 by the *DIM command.                                                    
 ****** Sending PCB_ExistingBolt_670N.xml at ASSEMBLY Level as Bolt ******

 FINISH SOLUTION PROCESSING


 ***** ROUTINE COMPLETED *****  ELAPSED TIME =        23.245



 *** MAPDL - ENGINEERING ANALYSIS SYSTEM  RELEASE 2026 R1.02       26.1     ***
 Ansys Mechanical Enterprise Academic Research     
 01196637  VERSION=WINDOWS x64   21:43:35  OCT 04, 2026 Elapsed Time=     23.363

 powerboardsim_v1--BOLT750 - preload then locked length (B5)                   



          ***** MAPDL ANALYSIS DEFINITION (PREP7) *****
 PCB_BOLT_3: pretension=149 target=200 contact=32


 ***** ROUTINE COMPLETED *****  ELAPSED TIME =        25.563



 *****  MAPDL SOLUTION ROUTINE  *****
 Done Sending PCB_ExistingBolt_670N.xml at ASSEMBLY Level as Bolt

 *** WARNING ***                         ELAPSED TIME =      25.564   TIME= 21:43:38
 Parameter _APDLBOLTCSIDS already exists.  It is deleted and redefined   
 by the *DIM command.                                                    
 ****** Sending PCB_ExistingBolt_670N.xml at ASSEMBLY Level as Bolt ******

 FINISH SOLUTION PROCESSING


 ***** ROUTINE COMPLETED *****  ELAPSED TIME =        25.567



 *** MAPDL - ENGINEERING ANALYSIS SYSTEM  RELEASE 2026 R1.02       26.1     ***
 Ansys Mechanical Enterprise Academic Research     
 01196637  VERSION=WINDOWS x64   21:43:38  OCT 04, 2026 Elapsed Time=     25.568

 powerboardsim_v1--BOLT750 - preload then locked length (B5)                   



          ***** MAPDL ANALYSIS DEFINITION (PREP7) *****
 PCB_BOLT_4: pretension=134 target=180 contact=32


 ***** ROUTINE COMPLETED *****  ELAPSED TIME =        27.723



 *****  MAPDL SOLUTION ROUTINE  *****
 Done Sending PCB_ExistingBolt_670N.xml at ASSEMBLY Level as Bolt

 *** WARNING ***                         ELAPSED TIME =      27.725   TIME= 21:43:40
 Parameter _APDLBOLTCSIDS already exists.  It is deleted and redefined   
 by the *DIM command.                                                    
 ****** Sending PCB_ExistingBolt_670N.xml at ASSEMBLY Level as Bolt ******

 FINISH SOLUTION PROCESSING


 ***** ROUTINE COMPLETED *****  ELAPSED TIME =        27.728



 *** MAPDL - ENGINEERING ANALYSIS SYSTEM  RELEASE 2026 R1.02       26.1     ***
 Ansys Mechanical Enterprise Academic Research     
 01196637  VERSION=WINDOWS x64   21:43:40  OCT 04, 2026 Elapsed Time=     27.729

 powerboardsim_v1--BOLT750 - preload then locked length (B5)                   



          ***** MAPDL ANALYSIS DEFINITION (PREP7) *****
 PCB_BOLT_5: pretension=138 target=185 contact=32


 ***** ROUTINE COMPLETED *****  ELAPSED TIME =        30.008



 *****  MAPDL SOLUTION ROUTINE  *****
 Done Sending PCB_ExistingBolt_670N.xml at ASSEMBLY Level as Bolt

 *** WARNING ***                         ELAPSED TIME =      30.010   TIME= 21:43:42
 Parameter _APDLBOLTCSIDS already exists.  It is deleted and redefined   
 by the *DIM command.                                                    
 ****** Sending PCB_ExistingBolt_670N.xml at ASSEMBLY Level as Bolt ******

 FINISH SOLUTION PROCESSING


 ***** ROUTINE COMPLETED *****  ELAPSED TIME =        30.012



 *** MAPDL - ENGINEERING ANALYSIS SYSTEM  RELEASE 2026 R1.02       26.1     ***
 Ansys Mechanical Enterprise Academic Research     
 01196637  VERSION=WINDOWS x64   21:43:42  OCT 04, 2026 Elapsed Time=     30.013

 powerboardsim_v1--BOLT750 - preload then locked length (B5)                   



          ***** MAPDL ANALYSIS DEFINITION (PREP7) *****
 PCB_BOLT_6: pretension=126 target=185 contact=32


 ***** ROUTINE COMPLETED *****  ELAPSED TIME =        32.324



 *****  MAPDL SOLUTION ROUTINE  *****
 Done Sending PCB_ExistingBolt_670N.xml at ASSEMBLY Level as Bolt
 *********** Fixed Supports ***********

 FINISH SOLUTION PROCESSING


 ***** ROUTINE COMPLETED *****  ELAPSED TIME =        32.329


 --- Number of total nodes = 369590
 --- Number of contact elements = 150810
 --- Number of spring elements = 0
 --- Number of bearing elements = 0
 --- Number of solid elements = 112902
 --- Number of condensed parts = 0
 --- Number of total elements = 265871

 *GET  _WALLBSOL  FROM  ACTI  ITEM=TIME WALL  VALUE= 0.905430229E-02
 ****************************************************************************
 *************************    SOLUTION       ********************************
 ****************************************************************************

 *****  MAPDL SOLUTION ROUTINE  *****


 PERFORM A STATIC ANALYSIS
  THIS WILL BE A NEW ANALYSIS

 LARGE DEFORMATION ANALYSIS

 PARAMETER _THICKRATIO =    0.7210000000E-01

 USE SPARSE MATRIX DIRECT SOLVER

 CONTACT INFORMATION PRINTOUT LEVEL       1

 CONTACT PAIR INFO IS WRITTEN TO FILE= file.cnm                                                                                                                                                                                                                                                            

 CHECK INITIAL OPEN/CLOSED STATUS OF SELECTED CONTACT ELEMENTS
      AND LIST DETAILED CONTACT PAIR INFORMATION

 SPLIT CONTACT SURFACES AT SOLVE PHASE

    NUMBER OF SPLITTING TBD BY PROGRAM

 NLDIAG: Nonlinear diagnostics CONT option is set to ON. 
         Writing frequency : each ITERATION.

 DEFINE RESTART CONTROL FOR LOADSTEP LAST
 AT FREQUENCY OF LAST AND NUMBER FOR OVERWRITE IS   -1
 ****************************************************
 ******************* SOLVE FOR LS 1 OF 2 ****************

 PRINTOUT RESUMED BY /GOP

 USE AUTOMATIC TIME STEPPING THIS LOAD STEP

 USE       5 SUBSTEPS INITIALLY THIS LOAD STEP FOR ALL  DEGREES OF FREEDOM
 FOR AUTOMATIC TIME STEPPING:
   USE    100 SUBSTEPS AS A MAXIMUM
   USE      1 SUBSTEPS AS A MINIMUM

 TIME=  1.0000    

 ERASE THE CURRENT DATABASE OUTPUT CONTROL TABLE.


 WRITE ALL  ITEMS TO THE DATABASE WITH A FREQUENCY OF NONE
   FOR ALL APPLICABLE ENTITIES

 WRITE NSOL ITEMS TO THE DATABASE WITH A FREQUENCY OF ALL 
   FOR ALL APPLICABLE ENTITIES

 WRITE RSOL ITEMS TO THE DATABASE WITH A FREQUENCY OF ALL 
   FOR ALL APPLICABLE ENTITIES

 WRITE EANG ITEMS TO THE DATABASE WITH A FREQUENCY OF ALL 
   FOR ALL APPLICABLE ENTITIES

 WRITE ETMP ITEMS TO THE DATABASE WITH A FREQUENCY OF ALL 
   FOR ALL APPLICABLE ENTITIES

 WRITE VENG ITEMS TO THE DATABASE WITH A FREQUENCY OF ALL 
   FOR ALL APPLICABLE ENTITIES

 WRITE STRS ITEMS TO THE DATABASE WITH A FREQUENCY OF ALL 
   FOR ALL APPLICABLE ENTITIES

 WRITE EPEL ITEMS TO THE DATABASE WITH A FREQUENCY OF ALL 
   FOR ALL APPLICABLE ENTITIES

 WRITE EPPL ITEMS TO THE DATABASE WITH A FREQUENCY OF ALL 
   FOR ALL APPLICABLE ENTITIES

 WRITE CONT ITEMS TO THE DATABASE WITH A FREQUENCY OF ALL 
   FOR ALL APPLICABLE ENTITIES

 PARAMETER _MECHOBJID =     4139.000000    

 PARAMETER _MECHANALYSISSTEP =     1.000000000    

 SET PARAMETER DIMENSIONS ON  _APDLBOLTCSIDS
  TYPE=ARRA  DIMENSIONS=        1        1        1

 *** WARNING ***                         ELAPSED TIME =      32.814   TIME= 21:43:45
 Parameter _APDLBOLTCSIDS already exists.  It is deleted and redefined   
 by the *DIM command.                                                    

 PARAMETER _APDLBOLTCSIDS(1) =     12.00000000    

 PARAMETER _BOLTZLOC =     0.000000000    

 PARAMETER _NUTWASHERZLOC =     0.000000000    

 PARAMETER _NUTZLOC =     0.000000000    

 PARAMETER PBINDEX =     1.000000000    

 PARAMETER PBBODY = PCB670_01_BODY  

 PARAMETER PBSHAFT = PCB670_01_SHAFT 

 PARAMETER PBHOLE = PCB670_01_HOLE  
 ****** Sending PCB_ExistingBolt_670N.xml at ASSEMBLY Level as Bolt ******

 PARAMETER PARTNAMEINASSEMBLY = Bolt    

 PARAMETER INPUTLEVEL = ASSEMBLY

 PARAMETER PARTFILENAME = PCB_ExistingBolt_670N.xml       

 PARAMETER PBLOAD =     750.0000000    

 *GET  PBANALYSIS  FROM  ACTI  ITEM=ANTY       VALUE=  0.00000000    

 *IF  PBAnalysis  ( =   0.00000     )  EQ  
      0  ( =   0.00000     )  THEN    

 PARAMETER PBPN =     369771.0000    

 *IF  _MechAnalysisStep  ( =   1.00000     )  EQ  
      1  ( =   1.00000     )  THEN    

 SPECIFIED NODAL LOAD FX   FOR SELECTED NODES    369771 TO   369771 BY        1
  REAL=  750.000000       IMAG=  0.00000000    
 PCB_BOLT_1 PRELOAD 750 N

 *ELSEIF  _MechAnalysisStep                 ( =   1.00000     )  GT  
          1                                 ( =   1.00000     )  THEN    

 *ENDIF

 *ENDIF

 SELECT ALL ENTITIES OF TYPE= ALL  AND BELOW
 Done Sending PCB_ExistingBolt_670N.xml at ASSEMBLY Level as Bolt

 PARAMETER _MECHOBJID =     4147.000000    

 PARAMETER _MECHANALYSISSTEP =     1.000000000    

 SET PARAMETER DIMENSIONS ON  _APDLBOLTCSIDS
  TYPE=ARRA  DIMENSIONS=        1        1        1

 *** WARNING ***                         ELAPSED TIME =      33.064   TIME= 21:43:45
 Parameter _APDLBOLTCSIDS already exists.  It is deleted and redefined   
 by the *DIM command.                                                    

 PARAMETER _APDLBOLTCSIDS(1) =     12.00000000    

 PARAMETER _BOLTZLOC =     0.000000000    

 PARAMETER _NUTWASHERZLOC =     0.000000000    

 PARAMETER _NUTZLOC =     0.000000000    

 PARAMETER PBINDEX =     2.000000000    

 PARAMETER PBBODY = PCB670_02_BODY  

 PARAMETER PBSHAFT = PCB670_02_SHAFT 

 PARAMETER PBHOLE = PCB670_02_HOLE  
 ****** Sending PCB_ExistingBolt_670N.xml at ASSEMBLY Level as Bolt ******

 PARAMETER PARTNAMEINASSEMBLY = Bolt    

 PARAMETER INPUTLEVEL = ASSEMBLY

 PARAMETER PARTFILENAME = PCB_ExistingBolt_670N.xml       

 PARAMETER PBLOAD =     750.0000000    

 *GET  PBANALYSIS  FROM  ACTI  ITEM=ANTY       VALUE=  0.00000000    

 *IF  PBAnalysis  ( =   0.00000     )  EQ  
      0  ( =   0.00000     )  THEN    

 PARAMETER PBPN =     371772.0000    

 *IF  _MechAnalysisStep  ( =   1.00000     )  EQ  
      1  ( =   1.00000     )  THEN    

 SPECIFIED NODAL LOAD FX   FOR SELECTED NODES    371772 TO   371772 BY        1
  REAL=  750.000000       IMAG=  0.00000000    
 PCB_BOLT_2 PRELOAD 750 N

 *ELSEIF  _MechAnalysisStep                 ( =   1.00000     )  GT  
          1                                 ( =   1.00000     )  THEN    

 *ENDIF

 *ENDIF

 SELECT ALL ENTITIES OF TYPE= ALL  AND BELOW
 Done Sending PCB_ExistingBolt_670N.xml at ASSEMBLY Level as Bolt

 PARAMETER _MECHOBJID =     4155.000000    

 PARAMETER _MECHANALYSISSTEP =     1.000000000    

 SET PARAMETER DIMENSIONS ON  _APDLBOLTCSIDS
  TYPE=ARRA  DIMENSIONS=        1        1        1

 *** WARNING ***                         ELAPSED TIME =      33.068   TIME= 21:43:45
 Parameter _APDLBOLTCSIDS already exists.  It is deleted and redefined   
 by the *DIM command.                                                    

 PARAMETER _APDLBOLTCSIDS(1) =     12.00000000    

 PARAMETER _BOLTZLOC =     0.000000000    

 PARAMETER _NUTWASHERZLOC =     0.000000000    

 PARAMETER _NUTZLOC =     0.000000000    

 PARAMETER PBINDEX =     3.000000000    

 PARAMETER PBBODY = PCB670_03_BODY  

 PARAMETER PBSHAFT = PCB670_03_SHAFT 

 PARAMETER PBHOLE = PCB670_03_HOLE  
 ****** Sending PCB_ExistingBolt_670N.xml at ASSEMBLY Level as Bolt ******

 PARAMETER PARTNAMEINASSEMBLY = Bolt    

 PARAMETER INPUTLEVEL = ASSEMBLY

 PARAMETER PARTFILENAME = PCB_ExistingBolt_670N.xml       

 PARAMETER PBLOAD =     750.0000000    

 *GET  PBANALYSIS  FROM  ACTI  ITEM=ANTY       VALUE=  0.00000000    

 *IF  PBAnalysis  ( =   0.00000     )  EQ  
      0  ( =   0.00000     )  THEN    

 PARAMETER PBPN =     373773.0000    

 *IF  _MechAnalysisStep  ( =   1.00000     )  EQ  
      1  ( =   1.00000     )  THEN    

 SPECIFIED NODAL LOAD FX   FOR SELECTED NODES    373773 TO   373773 BY        1
  REAL=  750.000000       IMAG=  0.00000000    
 PCB_BOLT_3 PRELOAD 750 N

 *ELSEIF  _MechAnalysisStep                 ( =   1.00000     )  GT  
          1                                 ( =   1.00000     )  THEN    

 *ENDIF

 *ENDIF

 SELECT ALL ENTITIES OF TYPE= ALL  AND BELOW
 Done Sending PCB_ExistingBolt_670N.xml at ASSEMBLY Level as Bolt

 PARAMETER _MECHOBJID =     4163.000000    

 PARAMETER _MECHANALYSISSTEP =     1.000000000    

 SET PARAMETER DIMENSIONS ON  _APDLBOLTCSIDS
  TYPE=ARRA  DIMENSIONS=        1        1        1

 *** WARNING ***                         ELAPSED TIME =      33.071   TIME= 21:43:45
 Parameter _APDLBOLTCSIDS already exists.  It is deleted and redefined   
 by the *DIM command.                                                    

 PARAMETER _APDLBOLTCSIDS(1) =     12.00000000    

 PARAMETER _BOLTZLOC =     0.000000000    

 PARAMETER _NUTWASHERZLOC =     0.000000000    

 PARAMETER _NUTZLOC =     0.000000000    

 PARAMETER PBINDEX =     4.000000000    

 PARAMETER PBBODY = PCB670_04_BODY  

 PARAMETER PBSHAFT = PCB670_04_SHAFT 

 PARAMETER PBHOLE = PCB670_04_HOLE  
 ****** Sending PCB_ExistingBolt_670N.xml at ASSEMBLY Level as Bolt ******

 PARAMETER PARTNAMEINASSEMBLY = Bolt    

 PARAMETER INPUTLEVEL = ASSEMBLY

 PARAMETER PARTFILENAME = PCB_ExistingBolt_670N.xml       

 PARAMETER PBLOAD =     750.0000000    

 *GET  PBANALYSIS  FROM  ACTI  ITEM=ANTY       VALUE=  0.00000000    

 *IF  PBAnalysis  ( =   0.00000     )  EQ  
      0  ( =   0.00000     )  THEN    

 PARAMETER PBPN =     375774.0000    

 *IF  _MechAnalysisStep  ( =   1.00000     )  EQ  
      1  ( =   1.00000     )  THEN    

 SPECIFIED NODAL LOAD FX   FOR SELECTED NODES    375774 TO   375774 BY        1
  REAL=  750.000000       IMAG=  0.00000000    
 PCB_BOLT_4 PRELOAD 750 N

 *ELSEIF  _MechAnalysisStep                 ( =   1.00000     )  GT  
          1                                 ( =   1.00000     )  THEN    

 *ENDIF

 *ENDIF

 SELECT ALL ENTITIES OF TYPE= ALL  AND BELOW
 Done Sending PCB_ExistingBolt_670N.xml at ASSEMBLY Level as Bolt

 PARAMETER _MECHOBJID =     4171.000000    

 PARAMETER _MECHANALYSISSTEP =     1.000000000    

 SET PARAMETER DIMENSIONS ON  _APDLBOLTCSIDS
  TYPE=ARRA  DIMENSIONS=        1        1        1

 *** WARNING ***                         ELAPSED TIME =      33.075   TIME= 21:43:45
 Parameter _APDLBOLTCSIDS already exists.  It is deleted and redefined   
 by the *DIM command.                                                    

 PARAMETER _APDLBOLTCSIDS(1) =     12.00000000    

 PARAMETER _BOLTZLOC =     0.000000000    

 PARAMETER _NUTWASHERZLOC =     0.000000000    

 PARAMETER _NUTZLOC =     0.000000000    

 PARAMETER PBINDEX =     5.000000000    

 PARAMETER PBBODY = PCB670_05_BODY  

 PARAMETER PBSHAFT = PCB670_05_SHAFT 

 PARAMETER PBHOLE = PCB670_05_HOLE  
 ****** Sending PCB_ExistingBolt_670N.xml at ASSEMBLY Level as Bolt ******

 PARAMETER PARTNAMEINASSEMBLY = Bolt    

 PARAMETER INPUTLEVEL = ASSEMBLY

 PARAMETER PARTFILENAME = PCB_ExistingBolt_670N.xml       

 PARAMETER PBLOAD =     750.0000000    

 *GET  PBANALYSIS  FROM  ACTI  ITEM=ANTY       VALUE=  0.00000000    

 *IF  PBAnalysis  ( =   0.00000     )  EQ  
      0  ( =   0.00000     )  THEN    

 PARAMETER PBPN =     377775.0000    

 *IF  _MechAnalysisStep  ( =   1.00000     )  EQ  
      1  ( =   1.00000     )  THEN    

 SPECIFIED NODAL LOAD FX   FOR SELECTED NODES    377775 TO   377775 BY        1
  REAL=  750.000000       IMAG=  0.00000000    
 PCB_BOLT_5 PRELOAD 750 N

 *ELSEIF  _MechAnalysisStep                 ( =   1.00000     )  GT  
          1                                 ( =   1.00000     )  THEN    

 *ENDIF

 *ENDIF

 SELECT ALL ENTITIES OF TYPE= ALL  AND BELOW
 Done Sending PCB_ExistingBolt_670N.xml at ASSEMBLY Level as Bolt

 PARAMETER _MECHOBJID =     4179.000000    

 PARAMETER _MECHANALYSISSTEP =     1.000000000    

 SET PARAMETER DIMENSIONS ON  _APDLBOLTCSIDS
  TYPE=ARRA  DIMENSIONS=        1        1        1

 *** WARNING ***                         ELAPSED TIME =      33.079   TIME= 21:43:45
 Parameter _APDLBOLTCSIDS already exists.  It is deleted and redefined   
 by the *DIM command.                                                    

 PARAMETER _APDLBOLTCSIDS(1) =     12.00000000    

 PARAMETER _BOLTZLOC =     0.000000000    

 PARAMETER _NUTWASHERZLOC =     0.000000000    

 PARAMETER _NUTZLOC =     0.000000000    

 PARAMETER PBINDEX =     6.000000000    

 PARAMETER PBBODY = PCB670_06_BODY  

 PARAMETER PBSHAFT = PCB670_06_SHAFT 

 PARAMETER PBHOLE = PCB670_06_HOLE  
 ****** Sending PCB_ExistingBolt_670N.xml at ASSEMBLY Level as Bolt ******

 PARAMETER PARTNAMEINASSEMBLY = Bolt    

 PARAMETER INPUTLEVEL = ASSEMBLY

 PARAMETER PARTFILENAME = PCB_ExistingBolt_670N.xml       

 PARAMETER PBLOAD =     750.0000000    

 *GET  PBANALYSIS  FROM  ACTI  ITEM=ANTY       VALUE=  0.00000000    

 *IF  PBAnalysis  ( =   0.00000     )  EQ  
      0  ( =   0.00000     )  THEN    

 PARAMETER PBPN =     379776.0000    

 *IF  _MechAnalysisStep  ( =   1.00000     )  EQ  
      1  ( =   1.00000     )  THEN    

 SPECIFIED NODAL LOAD FX   FOR SELECTED NODES    379776 TO   379776 BY        1
  REAL=  750.000000       IMAG=  0.00000000    
 PCB_BOLT_6 PRELOAD 750 N

 *ELSEIF  _MechAnalysisStep                 ( =   1.00000     )  GT  
          1                                 ( =   1.00000     )  THEN    

 *ENDIF

 *ENDIF

 SELECT ALL ENTITIES OF TYPE= ALL  AND BELOW
 Done Sending PCB_ExistingBolt_670N.xml at ASSEMBLY Level as Bolt

 FINISH SOLUTION PROCESSING


 ***** ROUTINE COMPLETED *****  ELAPSED TIME =        33.084



 *** MAPDL - ENGINEERING ANALYSIS SYSTEM  RELEASE 2026 R1.02       26.1     ***
 Ansys Mechanical Enterprise Academic Research     
 01196637  VERSION=WINDOWS x64   21:43:45  OCT 04, 2026 Elapsed Time=     33.085

 powerboardsim_v1--BOLT750 - preload then locked length (B5)                   



          ***** MAPDL ANALYSIS DEFINITION (PREP7) *****

 ELEMENT TECHNOLOGY CONTROL PARAMETER FOR APPLICABLE ELEMENTS = OFF.

 DEGENERATED ELEMENT SHAPE CONTROL PARAMETER FOR APPLICABLE ELEMENTS = ON.

 REACTIVATE MESSAGES (WARNINGS ONLY) FOR ELEMENT SHAPE LIMIT VIOLATIONS.


 ***** ROUTINE COMPLETED *****  ELAPSED TIME =        33.089



 *****  MAPDL SOLUTION ROUTINE  *****

 *GET  ANSINTER_  FROM  ACTI  ITEM=INT        VALUE=  0.00000000    

 *IF  ANSINTER_  ( =   0.00000     )  NE  
      0  ( =   0.00000     )  THEN    

 *ENDIF

 *** NOTE ***                            ELAPSED TIME =      33.260   TIME= 21:43:45
 The automatic domain decomposition logic has selected the MESH domain   
 decomposition method with 12 processes per solution.                    

 *****  MAPDL SOLVE    COMMAND  *****

 *** WARNING ***                         ELAPSED TIME =      34.519   TIME= 21:43:47
 Element shape errors, if any, are currently shown as warnings only.     
 Issue SHPP,ON to restore shape error traps, if desired.                 

 *** WARNING ***                         ELAPSED TIME =      35.121   TIME= 21:43:47
 PRETS179 element maintains its original orientation in a large          
 deformation analysis.                                                   

 *** WARNING ***                         ELAPSED TIME =      35.126   TIME= 21:43:47
 PRETS179 element maintains its original orientation in a large          
 deformation analysis.                                                   

 *** WARNING ***                         ELAPSED TIME =      35.131   TIME= 21:43:47
 PRETS179 element maintains its original orientation in a large          
 deformation analysis.                                                   

 *** WARNING ***                         ELAPSED TIME =      35.138   TIME= 21:43:47
 PRETS179 element maintains its original orientation in a large          
 deformation analysis.                                                   

 *** WARNING ***                         ELAPSED TIME =      35.161   TIME= 21:43:47
 PRETS179 element maintains its original orientation in a large          
 deformation analysis.                                                   

 *** WARNING ***                         ELAPSED TIME =      35.169   TIME= 21:43:47
 PRETS179 element maintains its original orientation in a large          
 deformation analysis.                                                   

 *** WARNING ***                         ELAPSED TIME =      35.270   TIME= 21:43:47
 No shape testing has been performed on 115061 of the 265871 selected    
 elements.  To perform shape testing on these elements and see any       
 warning messages about the others, please issue the CHECK command.      

 *** NOTE ***                            ELAPSED TIME =      35.272   TIME= 21:43:47
 The model data was checked and warning messages were found.             
  Please review output or errors file (                                  
 Z:\Developer\MIT_Rkt_Team\2026-7\MIT-RT-26_27-Work\simulation_work\avio 
 nics\powerboardsim\1\_ProjectScratch\ScrF704\file0.err ) for these      
 warning messages.                                                       

 *** MAPDL - ENGINEERING ANALYSIS SYSTEM  RELEASE 2026 R1.02       26.1     ***
 Ansys Mechanical Enterprise Academic Research     
 01196637  VERSION=WINDOWS x64   21:43:48  OCT 04, 2026 Elapsed Time=     35.590

 powerboardsim_v1--BOLT750 - preload then locked length (B5)                   



                       S O L U T I O N   O P T I O N S

   PROBLEM DIMENSIONALITY. . . . . . . . . . . . .3-D                  
   DEGREES OF FREEDOM. . . . . . UX   UY   UZ  
   ANALYSIS TYPE . . . . . . . . . . . . . . . . .STATIC (STEADY-STATE)
   OFFSET TEMPERATURE FROM ABSOLUTE ZERO . . . . .  273.15    
   NONLINEAR GEOMETRIC EFFECTS . . . . . . . . . .ON
   EQUATION SOLVER OPTION. . . . . . . . . . . . .SPARSE             
   NEWTON-RAPHSON OPTION . . . . . . . . . . . . .PROGRAM CHOSEN   
   GLOBALLY ASSEMBLED MATRIX . . . . . . . . . . .SYMMETRIC  

 *** WARNING ***                         ELAPSED TIME =      36.068   TIME= 21:43:48
 Material number 628 (used by element 330976) should normally have at    
 least one MP or one TB type command associated with it.  Output of      
 energy by material may not be available.                                

 *** NOTE ***                            ELAPSED TIME =      36.144   TIME= 21:43:48
 The step data was checked and warning messages were found.              
  Please review output or errors file (                                  
 Z:\Developer\MIT_Rkt_Team\2026-7\MIT-RT-26_27-Work\simulation_work\avio 
 nics\powerboardsim\1\_ProjectScratch\ScrF704\file0.err ) for these      
 warning messages.                                                       

 *** NOTE ***                            ELAPSED TIME =      36.146   TIME= 21:43:48
 This nonlinear analysis defaults to using the full Newton-Raphson       
 solution procedure.  This can be modified using the NROPT command.      

 TRIM CONTACT/TARGET SURFACE

 CHECK INITIAL OPEN/CLOSED STATUS OF SELECTED CONTACT ELEMENTS
      AND LIST DETAILED CONTACT PAIR INFORMATION

 *** NOTE ***                            ELAPSED TIME =      53.446   TIME= 21:44:06
 The largest contact pair has few number of contact elements than the    
 optimal domain size for the specified number of CPU domains.  As a      
 result, no contact pairs were split.                                    

 *** NOTE ***                            ELAPSED TIME =      53.623   TIME= 21:44:06
 The maximum number of contact elements in any single contact pair is    
 399, which is smaller than the optimal domain size of 2523 elements     
 for the given number of CPU domains (12).  Therefore, no contact pairs  
 are being split by the CNCH,DMP logic.                                  

  
  
     D I S T R I B U T E D   D O M A I N   D E C O M P O S E R
  
  ...Number of elements: 248516
  ...Number of nodes:    369590
  ...Decompose to 12 CPU domains
  ...Element load balance ratio =     1.824


                      L O A D   S T E P   O P T I O N S

   LOAD STEP NUMBER. . . . . . . . . . . . . . . .     1
   TIME AT END OF THE LOAD STEP. . . . . . . . . .  1.0000    
   AUTOMATIC TIME STEPPING . . . . . . . . . . . .    ON
      INITIAL NUMBER OF SUBSTEPS . . . . . . . . .     5
      MAXIMUM NUMBER OF SUBSTEPS . . . . . . . . .   100
      MINIMUM NUMBER OF SUBSTEPS . . . . . . . . .     1
   MAXIMUM NUMBER OF EQUILIBRIUM ITERATIONS. . . .    15
   STEP CHANGE BOUNDARY CONDITIONS . . . . . . . .    NO
   STRESS-STIFFENING . . . . . . . . . . . . . . .    ON
   TERMINATE ANALYSIS IF NOT CONVERGED . . . . . .YES (EXIT)  
   CONVERGENCE CONTROLS. . . . . . . . . . . . . .USE DEFAULTS
   PRINT OUTPUT CONTROLS . . . . . . . . . . . . .NO PRINTOUT
   DATABASE OUTPUT CONTROLS
      ITEM     FREQUENCY   COMPONENT
       ALL       NONE               
      NSOL        ALL               
      RSOL        ALL               
      EANG        ALL               
      ETMP        ALL               
      VENG        ALL               
      STRS        ALL               
      EPEL        ALL               
      EPPL        ALL               
      CONT        ALL               


 SOLUTION MONITORING INFO IS WRITTEN TO FILE= file.mntr                                                                                                                                                                                                                                                           

 >>>> PRETENSION ELEMENT STATUS <<<<
 SECTION NAME     PT.NODE  --------STATUS--------------------  ----LOAD SOURCE----
   629             369771  APPLIED PRELOAD FORCE=  750.00      F COMMAND
   637             373773  APPLIED PRELOAD FORCE=  750.00      F COMMAND
   633             371772  APPLIED PRELOAD FORCE=  750.00      F COMMAND
   645             377775  APPLIED PRELOAD FORCE=  750.00      F COMMAND
   641             375774  APPLIED PRELOAD FORCE=  750.00      F COMMAND
   649             379776  APPLIED PRELOAD FORCE=  750.00      F COMMAND
 MAXIMUM NUMBER OF EQUILIBRIUM ITERATIONS HAS BEEN MODIFIED              
  TO BE, NEQIT = 26, BY SOLUTION CONTROL LOGIC.                          


 *** WARNING ***                         ELAPSED TIME =      93.535   TIME= 21:44:46
 Multiple constraints have been applied on degree of freedom 1 of        
 contact node 208695 (may be more nodes).  The program will remove       
 certain internal MPCs.  Please check the model carefully.               

 *** WARNING ***                         ELAPSED TIME =      95.258   TIME= 21:44:47
 Multiple constraints have been applied on degree of freedom 1 of        
 contact node 208923 (may be more nodes).  The program will remove       
 certain internal MPCs.  Please check the model carefully.               


                         ***********  PRECISE MASS SUMMARY  ***********

   TOTAL RIGID BODY MASS MATRIX ABOUT ORIGIN
               Translational mass               |   Coupled translational/rotational mass
        0.25182        0.0000        0.0000     |     0.0000      -0.18186E-02  -0.15108E-01
         0.0000       0.25182        0.0000     |    0.18186E-02    0.0000       0.89891E-02
         0.0000        0.0000       0.25182     |    0.15108E-01  -0.89891E-02    0.0000    
     ------------------------------------------ | ------------------------------------------
                                                |         Rotational mass (inertia)
                                                |    0.11412E-02  -0.54098E-03   0.61943E-04
                                                |   -0.54098E-03   0.44609E-03   0.11079E-03
                                                |    0.61943E-04   0.11079E-03   0.15286E-02

   TOTAL MASS = 0.25182    
     The mass principal axes coincide with the global Cartesian axes

   CENTER OF MASS (X,Y,Z)=   0.35696E-01   0.59993E-01  -0.72216E-02

   TOTAL INERTIA ABOUT CENTER OF MASS
        0.22170E-03  -0.17048E-05  -0.29717E-05
       -0.17048E-05   0.11208E-03   0.16886E-05
       -0.29717E-05   0.16886E-05   0.30137E-03

   PRINCIPAL INERTIAS =   0.22161E-03   0.11204E-03   0.30150E-03
   ORIENTATION VECTORS OF THE INERTIA PRINCIPAL AXES IN GLOBAL CARTESIAN
     ( 0.999,-0.015, 0.038) ( 0.015, 1.000,-0.009) (-0.037, 0.009, 0.999) 


  *** MASS SUMMARY BY ELEMENT TYPE ***

  TYPE      MASS
     1  0.638750E-06
     2  0.638750E-06
     3  0.108763E-02
     4  0.493158E-04
     5  0.638750E-06
     6  0.638750E-06
     7  0.493158E-04
     8  0.638750E-06
     9  0.638750E-06
    10  0.693504E-05
    11  0.180600E-04
    12  0.180600E-04
    13  0.638750E-06
    14  0.638750E-06
    15  0.638750E-06
    16  0.638750E-06
    17  0.127500E-05
    18  0.150500E-05
    19  0.638750E-06
    20  0.638750E-06
    21  0.108763E-02
    22  0.493158E-04
    23  0.493158E-04
    24  0.638750E-06
    25  0.638750E-06
    26  0.493158E-04
    27  0.493158E-04
    28  0.638750E-06
    29  0.165550E-05
    30  0.638750E-06
    31  0.638750E-06
    32  0.108763E-02
    33  0.493158E-04
    34  0.638750E-06
    35  0.638750E-06
    36  0.493158E-04
    37  0.638750E-06
    38  0.108763E-02
    39  0.165550E-05
    40  0.638750E-06
    41  0.638750E-06
    42  0.638750E-06
    43  0.638750E-06
    44  0.638750E-06
    45  0.638750E-06
    46  0.638750E-06
    47  0.638750E-06
    48  0.638750E-06
    49  0.638750E-06
    50  0.638750E-06
    51  0.638750E-06
    52  0.638750E-06
    53  0.638750E-06
    54  0.638750E-06
    55  0.638750E-06
    56  0.108763E-02
    57  0.493158E-04
    58  0.638750E-06
    59  0.638750E-06
    60  0.493158E-04
    61  0.638750E-06
    62  0.638750E-06
    63  0.638750E-06
    64  0.638750E-06
    65  0.638750E-06
    66  0.638750E-06
    67  0.493158E-04
    68  0.638750E-06
    69  0.638750E-06
    70  0.493158E-04
    71  0.638750E-06
    72  0.108763E-02
    73  0.638750E-06
    74  0.638750E-06
    75  0.210240E-05
    76  0.705024E-04
    77  0.210240E-05
    78  0.210240E-05
    79  0.210240E-05
    80  0.583200E-04
    81  0.841428E-04
    82  0.841428E-04
    83  0.210240E-05
    84  0.210240E-05
    85  0.139172E-04
    86  0.208080E-04
    87  0.139172E-04
    88  0.207936E-04
    89  0.139172E-04
    90  0.139172E-04
    91  0.146880E-04
    92  0.324900E-04
    93  0.248832E-04
    94  0.139172E-04
    95  0.146880E-04
    96  0.248832E-04
    97  0.139172E-04
    98  0.208080E-04
    99  0.200880E-02
   100  0.830879E-02
   101  0.423386E-02
   102  0.562937E-02
   103  0.339231E-02
   104  0.339231E-02
   105  0.283865E-02
   106  0.130894E-02
   107  0.489888E-04
   108  0.130894E-02
   109  0.130894E-02
   110  0.283865E-02
   111  0.166617E-04
   112  0.921858E-05
   113  0.748584E-04
   114  0.209385E-04
   115  0.485888E-04
   116  0.638750E-06
   117  0.638750E-06
   118  0.638750E-06
   119  0.638750E-06
   120  0.485888E-04
   121  0.638750E-06
   122  0.638750E-06
   123  0.638750E-06
   124  0.638750E-06
   125  0.638750E-06
   126  0.638750E-06
   127  0.638750E-06
   128  0.638750E-06
   129  0.485888E-04
   130  0.638750E-06
   131  0.638750E-06
   132  0.638750E-06
   133  0.638750E-06
   134  0.638750E-06
   135  0.485888E-04
   136  0.638750E-06
   137  0.638750E-06
   138  0.638750E-06
   139  0.638750E-06
   140  0.638750E-06
   141  0.638750E-06
   142  0.638750E-06
   143  0.638750E-06
   144  0.638750E-06
   145  0.530739E-04
   146  0.638750E-06
   147  0.638750E-06
   148  0.638750E-06
   149  0.638750E-06
   150  0.638750E-06
   151  0.638750E-06
   152  0.638750E-06
   153  0.638750E-06
   154  0.638750E-06
   155  0.485888E-04
   156  0.638750E-06
   157  0.638750E-06
   158  0.638750E-06
   159  0.638750E-06
   160  0.485888E-04
   161  0.638750E-06
   162  0.638750E-06
   163  0.638750E-06
   164  0.638750E-06
   165  0.638750E-06
   166  0.485888E-04
   167  0.638750E-06
   168  0.638750E-06
   169  0.638750E-06
   170  0.638750E-06
   171  0.138600E-04
   172  0.739058E-04
   173  0.109550E-02
   174  0.615326E-03
   175  0.138425E-03
   176  0.553788E-01
   177  0.138449E-03
   178  0.109550E-02
   179  0.615318E-03
   180  0.615326E-03
   181  0.109550E-02
   182  0.109550E-02
   183  0.109550E-02
   184  0.138425E-03
   185  0.138425E-03
   186  0.615328E-03
   187  0.553772E-01
   188  0.138429E-03
   189  0.615323E-03
   190  0.138425E-03
   191  0.553784E-01
   192  0.109550E-02
   193  0.615324E-03
   194  0.528137E-03
   195  0.528138E-03
   196  0.528140E-03
   197  0.528143E-03
   198  0.528153E-03
   199  0.528149E-03
   200  0.108949E-02
   201  0.108481E-02
   202  0.108840E-02
   203  0.109310E-02
   204  0.109266E-02
   205  0.108678E-02
   206  0.108500E-02
   207  0.109089E-02
   208  0.176971E-01

 Range of element maximum matrix coefficients in global coordinates
 Maximum = 4.679746455E+10 at element 4632.                              
 Minimum = 2905496.9 at element 212055.                                  

   *** ELEMENT MATRIX FORMULATION TIMES
     TYPE    NUMBER     ENAME   TOTAL ELAPSED   AVG ELAPSED

        1         1  SOLID186          0.0004   0.000425958
        2         1  SOLID186          0.0003   0.000337708
        3         1  SOLID186          0.0007   0.000700000
        4         1  SOLID186          0.0005   0.000528292
        5         1  SOLID186          0.0004   0.000375125
        6         1  SOLID186          0.0019   0.001880083
        7         1  SOLID186          0.0004   0.000448375
        8         1  SOLID186          0.0004   0.000375125
        9         1  SOLID186          0.0008   0.000752208
       10         1  SOLID186          0.0008   0.000822042
       11         1  SOLID186          0.0008   0.000790958
       12         1  SOLID186          0.0009   0.000890917
       13         1  SOLID186          0.0004   0.000365458
       14         1  SOLID186          0.0004   0.000427417
       15         1  SOLID186          0.0009   0.000928667
       16         1  SOLID186          0.0047   0.004653958
       17         1  SOLID186          0.0007   0.000746667
       18         1  SOLID186          0.0007   0.000651083
       19         1  SOLID186          0.0010   0.001024708
       20         1  SOLID186          0.0005   0.000528542
       21         1  SOLID186          0.0045   0.004511208
       22         1  SOLID186          0.0009   0.000906667
       23         1  SOLID186          0.0012   0.001206208
       24         1  SOLID186          0.0010   0.000971500
       25         1  SOLID186          0.0007   0.000749792
       26         1  SOLID186          0.0007   0.000651333
       27         1  SOLID186          0.0004   0.000445208
       28         1  SOLID186          0.0007   0.000716292
       29         1  SOLID186          0.0010   0.000958000
       30         1  SOLID186          0.0005   0.000531083
       31         1  SOLID186          0.0020   0.001957333
       32         1  SOLID186          0.0011   0.001097958
       33         1  SOLID186          0.0005   0.000463958
       34         1  SOLID186          0.0006   0.000565958
       35         1  SOLID186          0.0003   0.000332333
       36         1  SOLID186          0.0006   0.000550417
       37         1  SOLID186          0.0004   0.000361625
       38         1  SOLID186          0.0008   0.000758708
       39         1  SOLID186          0.0007   0.000722000
       40         1  SOLID186          0.0023   0.002260000
       41         1  SOLID186          0.0004   0.000352833
       42         1  SOLID186          0.0004   0.000434417
       43         1  SOLID186          0.0008   0.000820917
       44         1  SOLID186          0.0011   0.001106042
       45         1  SOLID186          0.0005   0.000456333
       46         1  SOLID186          0.0219   0.021878375
       47         1  SOLID186          0.0010   0.000992125
       48         1  SOLID186          0.0007   0.000671750
       49         1  SOLID186          0.0004   0.000429750
       50         1  SOLID186          0.0133   0.013261167
       51         1  SOLID186          0.0008   0.000761875
       52         1  SOLID186          0.0295   0.029521875
       53         1  SOLID186          0.0007   0.000728917
       54         1  SOLID186          0.0007   0.000734500
       55         1  SOLID186          0.0008   0.000806167
       56         1  SOLID186          0.0007   0.000744625
       57         1  SOLID186          0.0005   0.000506167
       58         1  SOLID186          0.0004   0.000388000
       59         1  SOLID186          0.0010   0.000951417
       60         1  SOLID186          0.0009   0.000856833
       61         1  SOLID186          0.0008   0.000781000
       62         1  SOLID186          0.0009   0.000908917
       63         1  SOLID186          0.0003   0.000300750
       64         1  SOLID186          0.0008   0.000777417
       65         1  SOLID186          0.0009   0.000915125
       66         1  SOLID186          0.0006   0.000643417
       67         1  SOLID186          0.0005   0.000457167
       68         1  SOLID186          0.0007   0.000650750
       69         1  SOLID186          0.0006   0.000610250
       70         1  SOLID186          0.0003   0.000348292
       71         1  SOLID186          0.0004   0.000433708
       72         1  SOLID186          0.0242   0.024222333
       73         1  SOLID186          0.0007   0.000747083
       74         1  SOLID186          0.0004   0.000444458
       75         1  SOLID186          0.0045   0.004528458
       76         1  SOLID186          0.0006   0.000630500
       77         1  SOLID186          0.0011   0.001067083
       78         1  SOLID186          0.0008   0.000802083
       79         1  SOLID186          0.0004   0.000357333
       80         1  SOLID186          0.0177   0.017718875
       81         1  SOLID186          0.0004   0.000355000
       82         1  SOLID186          0.0004   0.000407458
       83         1  SOLID186          0.0005   0.000459208
       84         1  SOLID186          0.0005   0.000506750
       85         1  SOLID186          0.0005   0.000487333
       86         1  SOLID186          0.0155   0.015549792
       87         1  SOLID186          0.0008   0.000782625
       88         1  SOLID186          0.0005   0.000481583
       89         1  SOLID186          0.0011   0.001090125
       90         1  SOLID186          0.0003   0.000341417
       91         1  SOLID186          0.0009   0.000929375
       92         1  SOLID186          0.0009   0.000926458
       93         1  SOLID186          0.0008   0.000777250
       94         1  SOLID186          0.0009   0.000908125
       95         1  SOLID186          0.0016   0.001554333
       96         1  SOLID186          0.0008   0.000826458
       97         1  SOLID186          0.0008   0.000782125
       98         1  SOLID186          0.0015   0.001499000
       99         5  SOLID186          0.0074   0.001481358
      100         2  SOLID186          0.0028   0.001397729
      101         4  SOLID186          0.0061   0.001524167
      102         2  SOLID186          0.0013   0.000672917
      103         1  SOLID186          0.0153   0.015254708
      104         1  SOLID186          0.0018   0.001769167
      105         1  SOLID186          0.0020   0.002029542
      106         1  SOLID186          0.0007   0.000712958
      107         1  SOLID186          0.0033   0.003295583
      108         1  SOLID186          0.0007   0.000694875
      109         1  SOLID186          0.0004   0.000391958
      110         1  SOLID186          0.0004   0.000374625
      111         1  SOLID186          0.0007   0.000681750
      112         1  SOLID186          0.0004   0.000401417
      113         1  SOLID186          0.0025   0.002478833
      114         1  SOLID186          0.0146   0.014637625
      115         1  SOLID186          0.0013   0.001269500
      116         1  SOLID186          0.2202   0.220212333
      117         1  SOLID186          0.0013   0.001280000
      118         1  SOLID186          0.0083   0.008314917
      119         1  SOLID186          0.0175   0.017484292
      120         1  SOLID186          0.0175   0.017518292
      121         1  SOLID186          0.0004   0.000377000
      122         1  SOLID186          0.0044   0.004433417
      123         1  SOLID186          0.0010   0.000980792
      124         1  SOLID186          0.0004   0.000401792
      125         1  SOLID186          0.0016   0.001600750
      126         1  SOLID186          0.0540   0.054021833
      127         1  SOLID186          0.0004   0.000431583
      128         1  SOLID186          0.0004   0.000447375
      129         1  SOLID186          0.0146   0.014626083
      130         1  SOLID186          0.0007   0.000653292
      131         1  SOLID186          0.0044   0.004430417
      132         1  SOLID186          0.0005   0.000487958
      133         1  SOLID186          0.0005   0.000459917
      134         1  SOLID186          0.0047   0.004664375
      135         1  SOLID186          0.0011   0.001061667
      136         1  SOLID186          0.0007   0.000722375
      137         1  SOLID186          0.0023   0.002263500
      138         1  SOLID186          0.0006   0.000554708
      139         1  SOLID186          0.0005   0.000545833
      140         1  SOLID186          0.0014   0.001389000
      141         1  SOLID186          0.0008   0.000808667
      142         1  SOLID186          0.0202   0.020239083
      143         1  SOLID186          0.0008   0.000775208
      144         1  SOLID186          0.0007   0.000711542
      145         1  SOLID186          0.0007   0.000705333
      146         1  SOLID186          0.0007   0.000707208
      147         1  SOLID186          0.0003   0.000320125
      148         1  SOLID186          0.0004   0.000433250
      149         1  SOLID186          0.0005   0.000540958
      150         1  SOLID186          0.0004   0.000393125
      151         1  SOLID186          0.0006   0.000554583
      152         1  SOLID186          0.0018   0.001819750
      153         1  SOLID186          0.0009   0.000934000
      154         1  SOLID186          0.0004   0.000366750
      155         1  SOLID186          0.0009   0.000936917
      156         1  SOLID186          0.0005   0.000479167
      157         1  SOLID186          0.0009   0.000929375
      158         1  SOLID186          0.0012   0.001211792
      159         1  SOLID186          0.0004   0.000376708
      160         1  SOLID186          0.0008   0.000795458
      161         1  SOLID186          0.0049   0.004863208
      162         1  SOLID186          0.0008   0.000843250
      163         1  SOLID186          0.0008   0.000849500
      164         1  SOLID186          0.0008   0.000790458
      165         1  SOLID186          0.0006   0.000553500
      166         1  SOLID186          0.0009   0.000940292
      167         1  SOLID186          0.0004   0.000386000
      168         1  SOLID186          0.0008   0.000765458
      169         1  SOLID186          0.0004   0.000432708
      170         1  SOLID186          0.0006   0.000606250
      171         1  SOLID186          0.0006   0.000614583
      172         1  SOLID186          0.0011   0.001115625
      173      1372  SOLID186          3.7299   0.002718586
      174       372  SOLID187          0.1758   0.000472639
      175        60  SOLID187          0.0108   0.000179734
      176       744  SOLID187          0.6463   0.000868654
      177        60  SOLID187          0.0242   0.000403985
      178      1180  SOLID186          2.7396   0.002321708
      179       945  SOLID187          0.7010   0.000741809
      180       381  SOLID187          0.2638   0.000692298
      181      1264  SOLID186          3.4541   0.002732690
      182      1364  SOLID186          3.0445   0.002232068
      183      1124  SOLID186          3.1331   0.002787463
      184        60  SOLID187          0.0583   0.000971506
      185        60  SOLID187          0.0645   0.001075597
      186       370  SOLID187          0.2373   0.000641249
      187       711  SOLID187          0.7324   0.001030070
      188        63  SOLID187          0.1270   0.002015497
      189       386  SOLID187          0.3084   0.000798871
      190        60  SOLID187          0.0268   0.000447365
      191       732  SOLID187          0.5653   0.000772202
      192      1224  SOLID186          3.1097   0.002540641
      193       383  SOLID187          0.1672   0.000436682
      194      9124  SOLID187          7.2789   0.000797771
      195      9158  SOLID187          7.6812   0.000838744
      196      9214  SOLID187          7.1984   0.000781246
      197      8841  SOLID187          7.3074   0.000826531
      198      8984  SOLID187          7.3492   0.000818032
      199      9247  SOLID187          7.3760   0.000797662
      200       737  SOLID187          0.8580   0.001164213
      201       816  SOLID187          0.7622   0.000934082
      202       724  SOLID187          0.7187   0.000992645
      203       795  SOLID187          0.5728   0.000720473
      204       783  SOLID187          0.5149   0.000657606
      205       820  SOLID187          0.8553   0.001043021
      206       714  SOLID187          0.6053   0.000847706
      207       835  SOLID187          0.7861   0.000941389
      208     39014  SOLID186        107.3698   0.002752084
      209        20  CONTA174          0.0574   0.002872077
      210       115  TARGE170          0.0006   0.000005102
      211       399  CONTA174          1.1542   0.002892669
      212        52  TARGE170          0.0001   0.000001827
      213        47  CONTA174          0.1064   0.002263230
      214        40  TARGE170          0.0001   0.000001536
      215       351  CONTA174          0.9397   0.002677236
      216        46  TARGE170          0.0001   0.000002302
      217        20  CONTA174          0.0957   0.004786454
      218       111  TARGE170          0.0003   0.000002440
      219       339  CONTA174          0.4444   0.001310777
      220        20  TARGE170          0.0001   0.000004263
      221        49  CONTA174          0.0708   0.001444728
      222        48  TARGE170          0.0001   0.000002322
      223        19  CONTA174          0.1231   0.006478191
      224       103  TARGE170          0.0003   0.000002523
      225       365  CONTA174          0.7274   0.001992836
      226        20  TARGE170          0.0000   0.000001700
      227        20  CONTA174          0.1309   0.006546842
      228       108  TARGE170          0.0005   0.000004533
      229       370  CONTA174          1.0512   0.002841071
      230       157  TARGE170          0.0064   0.000040997
      231       100  CONTA174          0.0436   0.000436481
      232        48  TARGE170          0.0001   0.000002336
      233       399  CONTA174          1.0576   0.002650541
      234        45  TARGE170          0.0001   0.000002122
      235        20  CONTA174          0.0732   0.003661790
      236       110  TARGE170          0.0002   0.000002162
      237       337  CONTA174          0.6728   0.001996453
      238        53  TARGE170          0.0001   0.000002234
      239        20  CONTA174          0.0111   0.000552794
      240       102  TARGE170          0.0002   0.000002226
      241       352  CONTA174          0.8925   0.002535390
      242        20  TARGE170          0.0000   0.000001904
      243       349  CONTA174          0.6119   0.001753191
      244        20  TARGE170          0.0001   0.000003702
      245        44  CONTA174          0.2274   0.005168038
      246        31  TARGE170          0.0001   0.000001614
      247       314  CONTA174          0.8657   0.002757129
      248        22  TARGE170          0.0000   0.000001646
      249        48  CONTA174          0.0263   0.000548888
      250        27  TARGE170          0.0000   0.000001608
      251       364  CONTA174          0.9134   0.002509235
      252        51  TARGE170          0.0002   0.000003763
      253       357  CONTA174          0.4858   0.001360746
      254        20  TARGE170          0.0001   0.000003492
      255        47  CONTA174          0.0242   0.000514986
      256        48  TARGE170          0.0001   0.000001578
      257         1  CONTA174          0.0004   0.000430792
      258        13  TARGE170          0.0000   0.000002115
      259         1  CONTA174          0.0003   0.000305750
      260        11  TARGE170          0.0000   0.000002042
      261         1  CONTA174          0.0496   0.049577208
      262       208  TARGE170          0.1272   0.000611659
      263         1  CONTA174          0.0008   0.000765292
      264        36  TARGE170          0.0001   0.000002138
      265         1  CONTA174          0.0003   0.000343292
      266        13  TARGE170          0.0000   0.000001968
      267         1  CONTA174          0.0020   0.002011292
      268        14  TARGE170          0.0000   0.000002640
      269         1  CONTA174          0.0013   0.001332042
      270        38  TARGE170          0.0002   0.000005172
      271         1  CONTA174          0.0003   0.000305625
      272        12  TARGE170          0.0001   0.000008580
      273         1  CONTA174          0.0005   0.000457083
      274        12  TARGE170          0.0000   0.000002503
      275         1  CONTA174          0.0011   0.001093375
      276        17  TARGE170          0.0001   0.000005341
      277         1  CONTA174          0.0007   0.000725000
      278        23  TARGE170          0.0001   0.000005290
      279         1  CONTA174          0.0012   0.001193500
      280        29  TARGE170          0.0002   0.000005214
      281         1  CONTA174          0.0003   0.000280208
      282        12  TARGE170          0.0000   0.000002142
      283         1  CONTA174          0.0010   0.000957000
      284        15  TARGE170          0.0001   0.000004139
      285         1  CONTA174          0.0006   0.000625458
      286        11  TARGE170          0.0000   0.000002140
      287         1  CONTA174          0.0166   0.016573958
      288        15  TARGE170          0.0001   0.000005311
      289         1  CONTA174          0.0010   0.001035667
      290        13  TARGE170          0.0000   0.000002208
      291         1  CONTA174          0.0005   0.000461167
      292        10  TARGE170          0.0000   0.000002162
      293         1  CONTA174          0.0004   0.000414042
      294        12  TARGE170          0.0001   0.000005215
      295         1  CONTA174          0.0005   0.000491625
      296        12  TARGE170          0.0000   0.000002031
      297         1  CONTA174          0.0057   0.005674500
      298       249  TARGE170          0.0420   0.000168506
      299         1  CONTA174          0.0229   0.022865417
      300        44  TARGE170          0.0002   0.000004088
      301         1  CONTA174          0.0015   0.001475792
      302        46  TARGE170          0.0003   0.000005733
      303         1  CONTA174          0.0009   0.000926583
      304        14  TARGE170          0.0000   0.000002649
      305         1  CONTA174          0.0006   0.000611417
      306        15  TARGE170          0.0001   0.000005256
      307         1  CONTA174          0.0005   0.000543583
      308        35  TARGE170          0.0055   0.000157992
      309         1  CONTA174          0.0005   0.000487375
      310        35  TARGE170          0.0004   0.000010344
      311         1  CONTA174          0.0014   0.001448625
      312        12  TARGE170          0.0000   0.000002062
      313         1  CONTA174          0.0005   0.000481250
      314        12  TARGE170          0.0001   0.000005406
      315         1  CONTA174          0.0154   0.015387708
      316        13  TARGE170          0.0000   0.000002064
      317         1  CONTA174          0.0003   0.000343208
      318        16  TARGE170          0.0000   0.000002346
      319         1  CONTA174          0.0638   0.063762458
      320       224  TARGE170          0.0006   0.000002522
      321         1  CONTA174          0.0007   0.000674125
      322        36  TARGE170          0.0001   0.000001970
      323         1  CONTA174          0.0004   0.000413083
      324        15  TARGE170          0.0001   0.000004011
      325         1  CONTA174          0.0003   0.000319917
      326        12  TARGE170          0.0000   0.000002062
      327         1  CONTA174          0.0536   0.053564042
      328        45  TARGE170          0.0003   0.000006440
      329         1  CONTA174          0.0003   0.000287500
      330        16  TARGE170          0.0001   0.000006026
      331         1  CONTA174          0.0045   0.004549958
      332       209  TARGE170          0.0011   0.000005199
      333         1  CONTA174          0.0008   0.000832458
      334        13  TARGE170          0.0001   0.000004516
      335         1  CONTA174          0.0102   0.010173042
      336        15  TARGE170          0.0001   0.000005289
      337         1  CONTA174          0.0026   0.002578917
      338        14  TARGE170          0.0001   0.000005327
      339         1  CONTA174          0.0003   0.000320833
      340        13  TARGE170          0.0000   0.000003462
      341         1  CONTA174          0.0003   0.000318792
      342        15  TARGE170          0.0001   0.000008261
      343         1  CONTA174          0.0186   0.018607375
      344        11  TARGE170          0.0001   0.000005333
      345         1  CONTA174          0.0004   0.000387292
      346        14  TARGE170          0.0001   0.000005658
      347         1  CONTA174          0.0006   0.000607625
      348        12  TARGE170          0.0000   0.000002167
      349         1  CONTA174          0.0014   0.001423917
      350        15  TARGE170          0.0001   0.000005250
      351         1  CONTA174          0.0026   0.002552333
      352        16  TARGE170          0.0000   0.000002313
      353         1  CONTA174          0.0012   0.001200500
      354        16  TARGE170          0.0000   0.000002161
      355         1  CONTA174          0.0006   0.000635875
      356        15  TARGE170          0.0001   0.000005017
      357         1  CONTA174          0.0008   0.000769375
      358        11  TARGE170          0.0001   0.000005136
      359         1  CONTA174          0.0014   0.001392500
      360        14  TARGE170          0.0000   0.000003062
      361         1  CONTA174          0.0005   0.000513917
      362        17  TARGE170          0.0001   0.000005348
      363         1  CONTA174          0.0006   0.000561083
      364        10  TARGE170          0.0000   0.000002883
      365         1  CONTA174          0.0005   0.000509250
      366        14  TARGE170          0.0000   0.000002101
      367         1  CONTA174          0.0251   0.025103292
      368       222  TARGE170          0.0011   0.000005154
      369         1  CONTA174          0.0018   0.001779875
      370        41  TARGE170          0.0001   0.000002090
      371         1  CONTA174          0.0005   0.000479833
      372        13  TARGE170          0.0000   0.000002218
      373         1  CONTA174          0.0008   0.000794875
      374        12  TARGE170          0.0000   0.000002757
      375         1  CONTA174          0.0011   0.001147042
      376        35  TARGE170          0.0001   0.000003098
      377         1  CONTA174          0.0007   0.000659417
      378        13  TARGE170          0.0001   0.000005436
      379         1  CONTA174          0.0023   0.002258583
      380        14  TARGE170          0.0001   0.000004917
      381         1  CONTA174          0.0005   0.000511375
      382        12  TARGE170          0.0000   0.000002191
      383         1  CONTA174          0.0010   0.000950500
      384        12  TARGE170          0.0002   0.000018993
      385         1  CONTA174          0.0151   0.015126500
      386        12  TARGE170          0.0001   0.000005413
      387         1  CONTA174          0.0008   0.000820375
      388        14  TARGE170          0.0001   0.000007935
      389         1  CONTA174          0.0007   0.000655792
      390        40  TARGE170          0.0001   0.000002023
      391         1  CONTA174          0.0009   0.000894250
      392        15  TARGE170          0.0001   0.000004136
      393         1  CONTA174          0.0007   0.000677333
      394        12  TARGE170          0.0001   0.000008323
      395         1  CONTA174          0.0006   0.000550250
      396        40  TARGE170          0.0006   0.000013856
      397         1  CONTA174          0.0004   0.000364458
      398        13  TARGE170          0.0000   0.000001997
      399         1  CONTA174          0.0381   0.038138625
      400       213  TARGE170          0.0012   0.000005589
      401         1  CONTA174          0.0003   0.000348792
      402        14  TARGE170          0.0001   0.000005009
      403         1  CONTA174          0.0006   0.000635125
      404        13  TARGE170          0.0001   0.000005702
      405         1  CONTA174          0.0023   0.002344625
      406        22  TARGE170          0.0001   0.000004106
      407         1  CONTA174          0.0009   0.000890583
      408        63  TARGE170          0.0001   0.000001950
      409         1  CONTA174          0.0004   0.000360625
      410        18  TARGE170          0.0000   0.000002519
      411         1  CONTA174          0.0004   0.000359875
      412        16  TARGE170          0.0000   0.000002667
      413         1  CONTA174          0.0006   0.000559958
      414        16  TARGE170          0.0001   0.000004901
      415         1  CONTA174          0.0049   0.004945833
      416        66  TARGE170          0.0008   0.000011484
      417         1  CONTA174          0.0008   0.000803125
      418        77  TARGE170          0.0002   0.000002130
      419         1  CONTA174          0.0009   0.000875625
      420        83  TARGE170          0.0004   0.000005096
      421         1  CONTA174          0.0003   0.000343125
      422        16  TARGE170          0.0001   0.000004888
      423         1  CONTA174          0.0007   0.000682792
      424        18  TARGE170          0.0000   0.000002736
      425         1  CONTA174          0.0006   0.000588000
      426        32  TARGE170          0.0001   0.000002026
      427         1  CONTA174          0.0013   0.001329708
      428        45  TARGE170          0.0002   0.000004956
      429         1  CONTA174          0.0015   0.001483042
      430        33  TARGE170          0.0002   0.000004547
      431         1  CONTA174          0.0012   0.001225667
      432        46  TARGE170          0.0003   0.000006933
      433         1  CONTA174          0.0006   0.000629667
      434        35  TARGE170          0.0002   0.000004729
      435         1  CONTA174          0.0005   0.000455375
      436        37  TARGE170          0.0001   0.000002229
      437         1  CONTA174          0.0004   0.000391875
      438        38  TARGE170          0.0002   0.000005645
      439         1  CONTA174          0.0005   0.000508500
      440        52  TARGE170          0.0003   0.000004858
      441         1  CONTA174          0.0012   0.001248667
      442        56  TARGE170          0.0001   0.000002504
      443         1  CONTA174          0.0011   0.001086750
      444        38  TARGE170          0.0002   0.000005226
      445         1  CONTA174          0.0010   0.001043042
      446        40  TARGE170          0.0001   0.000002083
      447         1  CONTA174          0.0089   0.008878500
      448        55  TARGE170          0.0003   0.000006041
      449         1  CONTA174          0.0187   0.018690417
      450        38  TARGE170          0.0002   0.000005220
      451         1  CONTA174          0.0357   0.035686542
      452        47  TARGE170          0.0002   0.000004361
      453         5  CONTA174          0.1145   0.022892958
      454       231  TARGE170          0.0015   0.000006393
      455         2  CONTA174          0.0037   0.001868042
      456       220  TARGE170          0.0010   0.000004617
      457         4  CONTA174          0.0303   0.007580979
      458       374  TARGE170          0.0010   0.000002736
      459         2  CONTA174          0.0059   0.002948896
      460       216  TARGE170          0.0141   0.000065137
      461         1  CONTA174          0.0677   0.067731833
      462       199  TARGE170          0.0005   0.000002545
      463         1  CONTA174          0.0025   0.002464208
      464       191  TARGE170          0.0008   0.000004411
      465         1  CONTA174          0.0029   0.002864208
      466       165  TARGE170          0.0004   0.000002599
      467         1  CONTA174          0.0025   0.002484750
      468       114  TARGE170          0.0003   0.000002798
      469         1  CONTA174          0.0036   0.003634750
      470        81  TARGE170          0.0006   0.000006790
      471         1  CONTA174          0.0031   0.003052542
      472       106  TARGE170          0.0006   0.000005210
      473         1  CONTA174          0.0012   0.001169000
      474       101  TARGE170          0.0002   0.000002112
      475         1  CONTA174          0.0159   0.015892000
      476       202  TARGE170          0.0011   0.000005614
      477         1  CONTA174          0.0026   0.002574375
      478        45  TARGE170          0.0001   0.000002926
      479         1  CONTA174          0.0005   0.000495083
      480        36  TARGE170          0.0001   0.000001917
      481         1  CONTA174          0.0023   0.002291917
      482        59  TARGE170          0.0001   0.000002136
      483         1  CONTA174          0.0021   0.002104625
      484        54  TARGE170          0.0003   0.000005245
      485         1  CONTA174          0.0115   0.011453000
      486        50  TARGE170          0.0003   0.000005597
      487         1  CONTA174          0.0220   0.021966250
      488        15  TARGE170          0.0001   0.000004614
      489         1  CONTA174          0.0083   0.008285875
      490        15  TARGE170          0.0001   0.000005236
      491         1  CONTA174          0.0015   0.001535458
      492        12  TARGE170          0.0001   0.000005243
      493         1  CONTA174          0.0007   0.000731125
      494        15  TARGE170          0.0001   0.000005353
      495         1  CONTA174          0.0016   0.001620917
      496        47  TARGE170          0.0001   0.000002436
      497         1  CONTA174          0.0004   0.000409667
      498        16  TARGE170          0.0001   0.000006060
      499         1  CONTA174          0.0014   0.001444292
      500        12  TARGE170          0.0001   0.000006073
      501         1  CONTA174          0.0003   0.000288500
      502        12  TARGE170          0.0000   0.000002597
      503         1  CONTA174          0.0004   0.000373125
      504        15  TARGE170          0.0001   0.000004108
      505         1  CONTA174          0.0152   0.015152833
      506        15  TARGE170          0.0001   0.000004358
      507         1  CONTA174          0.0007   0.000739250
      508        10  TARGE170          0.0000   0.000001983
      509         1  CONTA174          0.0004   0.000368833
      510        12  TARGE170          0.0000   0.000002250
      511         1  CONTA174          0.0003   0.000283917
      512        11  TARGE170          0.0001   0.000004564
      513         1  CONTA174          0.0010   0.001036000
      514        50  TARGE170          0.0003   0.000005666
      515         1  CONTA174          0.0007   0.000657167
      516         8  TARGE170          0.0001   0.000006469
      517         1  CONTA174          0.0007   0.000693583
      518        12  TARGE170          0.0001   0.000005618
      519         1  CONTA174          0.0002   0.000243667
      520        16  TARGE170          0.0001   0.000005695
      521         1  CONTA174          0.0003   0.000313708
      522        12  TARGE170          0.0000   0.000003625
      523         1  CONTA174          0.0010   0.000983542
      524        14  TARGE170          0.0001   0.000003598
      525         1  CONTA174          0.0009   0.000946917
      526        49  TARGE170          0.0003   0.000006518
      527         1  CONTA174          0.0005   0.000519792
      528        11  TARGE170          0.0000   0.000003170
      529         1  CONTA174          0.0021   0.002050625
      530        12  TARGE170          0.0000   0.000002760
      531         1  CONTA174          0.0004   0.000403292
      532        12  TARGE170          0.0000   0.000002087
      533         1  CONTA174          0.0003   0.000306708
      534        11  TARGE170          0.0001   0.000005485
      535         1  CONTA174          0.0014   0.001387625
      536        12  TARGE170          0.0001   0.000004552
      537         1  CONTA174          0.0007   0.000720292
      538        12  TARGE170          0.0001   0.000006747
      539         1  CONTA174          0.0020   0.001973458
      540        12  TARGE170          0.0001   0.000005010
      541         1  CONTA174          0.0009   0.000878083
      542        15  TARGE170          0.0001   0.000004322
      543         1  CONTA174          0.0004   0.000402583
      544        16  TARGE170          0.0000   0.000002198
      545         1  CONTA174          0.0012   0.001162292
      546        43  TARGE170          0.0002   0.000005336
      547         1  CONTA174          0.0010   0.000962042
      548        13  TARGE170          0.0000   0.000003340
      549         1  CONTA174          0.0005   0.000492833
      550        16  TARGE170          0.0000   0.000002010
      551         1  CONTA174          0.0003   0.000296792
      552        13  TARGE170          0.0001   0.000005138
      553         1  CONTA174          0.0245   0.024489000
      554        14  TARGE170          0.0001   0.000005119
      555         1  CONTA174          0.0004   0.000382917
      556        16  TARGE170          0.0000   0.000002070
      557         1  CONTA174          0.0006   0.000614833
      558        12  TARGE170          0.0001   0.000004205
      559         1  CONTA174          0.0007   0.000652125
      560        12  TARGE170          0.0001   0.000008573
      561         1  CONTA174          0.0007   0.000724292
      562        16  TARGE170          0.0001   0.000005117
      563         1  CONTA174          0.0004   0.000409125
      564        14  TARGE170          0.0001   0.000005048
      565         1  CONTA174          0.0005   0.000478583
      566        52  TARGE170          0.0003   0.000005840
      567         1  CONTA174          0.0003   0.000253667
      568        16  TARGE170          0.0000   0.000001984
      569         1  CONTA174          0.0014   0.001398917
      570        14  TARGE170          0.0000   0.000002699
      571         1  CONTA174          0.0016   0.001563792
      572        11  TARGE170          0.0000   0.000002610
      573         1  CONTA174          0.0005   0.000486292
      574        16  TARGE170          0.0000   0.000002083
      575         1  CONTA174          0.0087   0.008686000
      576        50  TARGE170          0.0003   0.000005116
      577         1  CONTA174          0.0023   0.002269375
      578        13  TARGE170          0.0000   0.000002978
      579         1  CONTA174          0.0007   0.000676292
      580        12  TARGE170          0.0000   0.000002576
      581         1  CONTA174          0.0011   0.001101958
      582        15  TARGE170          0.0001   0.000006061
      583         1  CONTA174          0.0154   0.015438500
      584        15  TARGE170          0.0001   0.000005442
      585         1  CONTA174          0.0003   0.000339333
      586        11  TARGE170          0.0000   0.000003136
      587         1  CONTA174          0.0009   0.000871500
      588        49  TARGE170          0.0004   0.000007327
      589         1  CONTA174          0.0003   0.000300250
      590        10  TARGE170          0.0000   0.000002513
      591         1  CONTA174          0.0008   0.000769083
      592        14  TARGE170          0.0000   0.000002461
      593         1  CONTA174          0.0005   0.000477792
      594        14  TARGE170          0.0001   0.000004979
      595         1  CONTA174          0.0004   0.000406792
      596        13  TARGE170          0.0000   0.000002157
      597         1  CONTA174          0.0008   0.000817708
      598        48  TARGE170          0.0004   0.000008765
      599         1  CONTA174          0.0008   0.000802250
      600        49  TARGE170          0.0003   0.000006148
      601        48  CONTA174          0.0697   0.001452557
      602        82  TARGE170          0.0002   0.000002260
      603        40  CONTA174          0.0126   0.000314308
      604        85  TARGE170          0.0002   0.000002031
      605        48  CONTA174          0.0256   0.000532387
      606        89  TARGE170          0.0002   0.000002212
      607        48  CONTA174          0.0503   0.001047855
      608       101  TARGE170          0.0002   0.000001916
      609        40  CONTA174          0.0747   0.001867060
      610        88  TARGE170          0.0002   0.000001790
      611        48  CONTA174          0.0384   0.000799890
      612       118  TARGE170          0.0002   0.000002045
      613        48  CONTA174          0.1149   0.002394631
      614        78  TARGE170          0.0001   0.000001575
      615        48  CONTA174          0.0285   0.000594477
      616       102  TARGE170          0.0002   0.000001550
      617       295  CONTA174          1.4583   0.004943540
      618     19507  TARGE170          0.4559   0.000023372
      619       343  CONTA174          1.6597   0.004838657
      620     19507  TARGE170          0.4659   0.000023882
      621       281  CONTA174          1.4092   0.005015069
      622     19507  TARGE170          0.2996   0.000015358
      623       341  CONTA174          1.4857   0.004356865
      624     19507  TARGE170          0.3157   0.000016185
      625       306  CONTA174          1.2699   0.004150077
      626     19507  TARGE170          0.3060   0.000015689
      627       316  CONTA174          1.2886   0.004077819
      628     19507  TARGE170          0.4150   0.000021275
      629       142  PRETS179          0.0005   0.000003705
      630       187  TARGE170          0.0044   0.000023543
      631        32  CONTA174          0.0419   0.001309857
      633       141  PRETS179          0.0229   0.000162176
      634       200  TARGE170          0.0006   0.000002758
      635        32  CONTA174          0.0036   0.000111911
      637       149  PRETS179          0.0049   0.000033030
      638       200  TARGE170          0.0007   0.000003479
      639        32  CONTA174          0.0069   0.000216507
      641       134  PRETS179          0.0179   0.000133800
      642       180  TARGE170          0.0067   0.000037060
      643        32  CONTA174          0.0364   0.001136105
      645       138  PRETS179          0.0018   0.000013294
      646       185  TARGE170          0.0004   0.000001903
      647        32  CONTA174          0.0110   0.000343435
      649       126  PRETS179          0.0276   0.000218823
      650       185  TARGE170          0.0003   0.000001739
      651        32  CONTA174          0.0446   0.001392466
 Elapsed Time at end of element matrix formulation = 174.372058.         

 ALL CURRENT MAPDL DATA WRITTEN TO FILE NAME= file.rdb
  FOR POSSIBLE RESUME FROM THIS POINT
     FORCE CONVERGENCE VALUE  =   367.4      CRITERION=   1.837    

 *** NOTE ***                            ELAPSED TIME =     203.236   TIME= 21:46:35
 The initial memory allocation (-m) has been exceeded.                   
  Supplemental memory allocations are being used.                        

 DISTRIBUTED SPARSE MATRIX DIRECT SOLVER.
  Number of equations =     1071426,    Maximum wavefront =   2346


  Memory allocated on only this MPI rank (rank     0)
  -------------------------------------------------------------------
  Equation solver memory allocated                     =     0.816 GB
  Equation solver memory required for in-core mode     =     0.788 GB
  Equation solver memory required for out-of-core mode =     0.467 GB
  Total (solver and non-solver) memory allocated       =     3.046 GB


  Total memory summed across all MPI ranks on this machines
  -------------------------------------------------------------------
  Equation solver memory allocated                     =    10.491 GB
  Equation solver memory required for in-core mode     =    10.065 GB
  Equation solver memory required for out-of-core mode =     4.247 GB
  Total (solver and non-solver) memory allocated       =    21.451 GB

 *** NOTE ***                            ELAPSED TIME =     226.140   TIME= 21:46:58
 The Distributed Sparse Matrix Solver is currently running in the        
 in-core memory mode.  This memory mode uses the most amount of memory   
 in order to avoid using the hard drive as much as possible, which most  
 often results in the fastest solution time.  This mode is recommended   
 if enough physical memory is present to accommodate all of the solver   
 data.                                                                   
 curEqn=   5978  totEqn=  63498 Job CP sec=    499.453
      Factor Done=  52% Factor Wall sec=     30.715 rate=       1.9 GFlops
 curEqn=  13172  totEqn=  63498 Job CP sec=    535.125
      Factor Done=  90% Factor Wall sec=     71.024 rate=       1.4 GFlops
 curEqn=  63498  totEqn=  63498 Job CP sec=    547.094
      Factor Done= 100% Factor Wall sec=     85.575 rate=       1.3 GFlops
 Distributed sparse solver maximum pivot= 1.283100214E+11 at node 11261  
 UY.                                                                     
 Distributed sparse solver minimum pivot= 59402.7992 at node 164093 UZ.  
 Distributed sparse solver minimum pivot in absolute value= 59402.7992   
 at node 164093 UZ.                                                      
     DISP CONVERGENCE VALUE   =  0.5193E-05  CRITERION=  0.2596E-06
    EQUIL ITER   1 COMPLETED.  NEW TRIANG MATRIX.  MAX DOF INC=  0.5193E-05
     DISP CONVERGENCE VALUE   =  0.5193E-05  CRITERION=  0.2596E-06
     LINE SEARCH PARAMETER =   1.000     SCALED MAX DOF INC =  0.5193E-05
     FORCE CONVERGENCE VALUE  =   82.85      CRITERION=   1.837    
    EQUIL ITER   2 COMPLETED.  NEW TRIANG MATRIX.  MAX DOF INC=  0.9890E-06
     DISP CONVERGENCE VALUE   =  0.8207E-06  CRITERION=  0.3007E-06
     LINE SEARCH PARAMETER =  0.8298     SCALED MAX DOF INC =  0.8207E-06
     FORCE CONVERGENCE VALUE  =   20.09      CRITERION=   1.837    
    EQUIL ITER   3 COMPLETED.  NEW TRIANG MATRIX.  MAX DOF INC=  0.3280E-05
     DISP CONVERGENCE VALUE   =  0.3280E-05  CRITERION=  0.3871E-06
     LINE SEARCH PARAMETER =   1.000     SCALED MAX DOF INC =  0.3280E-05
     FORCE CONVERGENCE VALUE  =   4.833      CRITERION=   1.837    
    EQUIL ITER   4 COMPLETED.  NEW TRIANG MATRIX.  MAX DOF INC=  0.1449E-05
     DISP CONVERGENCE VALUE   =  0.1449E-05  CRITERION=  0.4596E-06
     LINE SEARCH PARAMETER =   1.000     SCALED MAX DOF INC =  0.1449E-05
     FORCE CONVERGENCE VALUE  =   2.049      CRITERION=   1.837    
    EQUIL ITER   5 COMPLETED.  NEW TRIANG MATRIX.  MAX DOF INC=  0.3781E-06
     DISP CONVERGENCE VALUE   =  0.3781E-06  CRITERION=  0.4746E-06 <<< CONVERGED
     LINE SEARCH PARAMETER =   1.000     SCALED MAX DOF INC =  0.3781E-06
     FORCE CONVERGENCE VALUE  =  0.2876      CRITERION=   1.837     <<< CONVERGED
    >>> SOLUTION CONVERGED AFTER EQUILIBRIUM ITERATION   5

   *** ELEMENT RESULT CALCULATION TIMES
     TYPE    NUMBER     ENAME   TOTAL ELAPSED   AVG ELAPSED

        1         1  SOLID186          0.0005   0.000507792
        2         1  SOLID186          0.0002   0.000237875
        3         1  SOLID186          0.0005   0.000511708
        4         1  SOLID186          0.0003   0.000330958
        5         1  SOLID186          0.0003   0.000339125
        6         1  SOLID186          0.0003   0.000254625
        7         1  SOLID186          0.0007   0.000687458
        8         1  SOLID186          0.0006   0.000561125
        9         1  SOLID186          0.0004   0.000378625
       10         1  SOLID186          0.0009   0.000878250
       11         1  SOLID186          0.0003   0.000257042
       12         1  SOLID186          0.0006   0.000616375
       13         1  SOLID186          0.0004   0.000407042
       14         1  SOLID186          0.0004   0.000376167
       15         1  SOLID186          0.0007   0.000669583
       16         1  SOLID186          0.0003   0.000304875
       17         1  SOLID186          0.0002   0.000209708
       18         1  SOLID186          0.0005   0.000453792
       19         1  SOLID186          0.0004   0.000425417
       20         1  SOLID186          0.0005   0.000480875
       21         1  SOLID186          0.0109   0.010853458
       22         1  SOLID186          0.0003   0.000263375
       23         1  SOLID186          0.0003   0.000286417
       24         1  SOLID186          0.0023   0.002261167
       25         1  SOLID186          0.0004   0.000412250
       26         1  SOLID186          0.0003   0.000338750
       27         1  SOLID186          0.0003   0.000267625
       28         1  SOLID186          0.0065   0.006513833
       29         1  SOLID186          0.0009   0.000910208
       30         1  SOLID186          0.0003   0.000268125
       31         1  SOLID186          0.0004   0.000370250
       32         1  SOLID186          0.0004   0.000420500
       33         1  SOLID186          0.0002   0.000232042
       34         1  SOLID186          0.0003   0.000261875
       35         1  SOLID186          0.0006   0.000631375
       36         1  SOLID186          0.0005   0.000500167
       37         1  SOLID186          0.0002   0.000237625
       38         1  SOLID186          0.0006   0.000642458
       39         1  SOLID186          0.0003   0.000325000
       40         1  SOLID186          0.0007   0.000655917
       41         1  SOLID186          0.0005   0.000459292
       42         1  SOLID186          0.0005   0.000514708
       43         1  SOLID186          0.0004   0.000368833
       44         1  SOLID186          0.0003   0.000273750
       45         1  SOLID186          0.0004   0.000366708
       46         1  SOLID186          0.0005   0.000534500
       47         1  SOLID186          0.0003   0.000297792
       48         1  SOLID186          0.0003   0.000253375
       49         1  SOLID186          0.0003   0.000250250
       50         1  SOLID186          0.0021   0.002083167
       51         1  SOLID186          0.0006   0.000626333
       52         1  SOLID186          0.0008   0.000812500
       53         1  SOLID186          0.0005   0.000523667
       54         1  SOLID186          0.0003   0.000309708
       55         1  SOLID186          0.0011   0.001070500
       56         1  SOLID186          0.0004   0.000403000
       57         1  SOLID186          0.0004   0.000429625
       58         1  SOLID186          0.0003   0.000271375
       59         1  SOLID186          0.0003   0.000310000
       60         1  SOLID186          0.0003   0.000254792
       61         1  SOLID186          0.0003   0.000348542
       62         1  SOLID186          0.0004   0.000443625
       63         1  SOLID186          0.0004   0.000361417
       64         1  SOLID186          0.0006   0.000555542
       65         1  SOLID186          0.0006   0.000554750
       66         1  SOLID186          0.0013   0.001276708
       67         1  SOLID186          0.0006   0.000562125
       68         1  SOLID186          0.0003   0.000267667
       69         1  SOLID186          0.0007   0.000650875
       70         1  SOLID186          0.0004   0.000399708
       71         1  SOLID186          0.0003   0.000269417
       72         1  SOLID186          0.0006   0.000604625
       73         1  SOLID186          0.0002   0.000228125
       74         1  SOLID186          0.0006   0.000560875
       75         1  SOLID186          0.0065   0.006463333
       76         1  SOLID186          0.0006   0.000630958
       77         1  SOLID186          0.0003   0.000343042
       78         1  SOLID186          0.0081   0.008142417
       79         1  SOLID186          0.0006   0.000567542
       80         1  SOLID186          0.0003   0.000253583
       81         1  SOLID186          0.0004   0.000365333
       82         1  SOLID186          0.0003   0.000335917
       83         1  SOLID186          0.0006   0.000632333
       84         1  SOLID186          0.0003   0.000263083
       85         1  SOLID186          0.0010   0.000963333
       86         1  SOLID186          0.0007   0.000740917
       87         1  SOLID186          0.0003   0.000268833
       88         1  SOLID186          0.0004   0.000431917
       89         1  SOLID186          0.0005   0.000503750
       90         1  SOLID186          0.0002   0.000222667
       91         1  SOLID186          0.0009   0.000903542
       92         1  SOLID186          0.0004   0.000353042
       93         1  SOLID186          0.0003   0.000261042
       94         1  SOLID186          0.0010   0.001004083
       95         1  SOLID186          0.0003   0.000349833
       96         1  SOLID186          0.0006   0.000622708
       97         1  SOLID186          0.0005   0.000546833
       98         1  SOLID186          0.0003   0.000269292
       99         5  SOLID186          0.0025   0.000506342
      100         2  SOLID186          0.0830   0.041476188
      101         4  SOLID186          0.0127   0.003181198
      102         2  SOLID186          0.0013   0.000642500
      103         1  SOLID186          0.0006   0.000558083
      104         1  SOLID186          0.0003   0.000323542
      105         1  SOLID186          0.0008   0.000793208
      106         1  SOLID186          0.0003   0.000310125
      107         1  SOLID186          0.0008   0.000771375
      108         1  SOLID186          0.0003   0.000271167
      109         1  SOLID186          0.0004   0.000368792
      110         1  SOLID186          0.0002   0.000230458
      111         1  SOLID186          0.0003   0.000305125
      112         1  SOLID186          0.0002   0.000218542
      113         1  SOLID186          0.0003   0.000275875
      114         1  SOLID186          0.0005   0.000542125
      115         1  SOLID186          0.0005   0.000454667
      116         1  SOLID186          0.0064   0.006372542
      117         1  SOLID186          0.0003   0.000271792
      118         1  SOLID186          0.0006   0.000558792
      119         1  SOLID186          0.0003   0.000328000
      120         1  SOLID186          0.0004   0.000425583
      121         1  SOLID186          0.0007   0.000693833
      122         1  SOLID186          0.0079   0.007927792
      123         1  SOLID186          0.0009   0.000909750
      124         1  SOLID186          0.0002   0.000245958
      125         1  SOLID186          0.0004   0.000357792
      126         1  SOLID186          0.0007   0.000734917
      127         1  SOLID186          0.0004   0.000366542
      128         1  SOLID186          0.0005   0.000495125
      129         1  SOLID186          0.0003   0.000338917
      130         1  SOLID186          0.0005   0.000476583
      131         1  SOLID186          0.0099   0.009894375
      132         1  SOLID186          0.0005   0.000530375
      133         1  SOLID186          0.0006   0.000563583
      134         1  SOLID186          0.0093   0.009344458
      135         1  SOLID186          0.0004   0.000351875
      136         1  SOLID186          0.0002   0.000223958
      137         1  SOLID186          0.0799   0.079919875
      138         1  SOLID186          0.0003   0.000339458
      139         1  SOLID186          0.0006   0.000567292
      140         1  SOLID186          0.0003   0.000331792
      141         1  SOLID186          0.0010   0.000963917
      142         1  SOLID186          0.0110   0.010969833
      143         1  SOLID186          0.0006   0.000581667
      144         1  SOLID186          0.0002   0.000203875
      145         1  SOLID186          0.0002   0.000236792
      146         1  SOLID186          0.0003   0.000322250
      147         1  SOLID186          0.0002   0.000245125
      148         1  SOLID186          0.0003   0.000310958
      149         1  SOLID186          0.0002   0.000209458
      150         1  SOLID186          0.0002   0.000225875
      151         1  SOLID186          0.0003   0.000263583
      152         1  SOLID186          0.0005   0.000499083
      153         1  SOLID186          0.0003   0.000255917
      154         1  SOLID186          0.0007   0.000690500
      155         1  SOLID186          0.0010   0.000996542
      156         1  SOLID186          0.0003   0.000287750
      157         1  SOLID186          0.0008   0.000755667
      158         1  SOLID186          0.0005   0.000540583
      159         1  SOLID186          0.0003   0.000250583
      160         1  SOLID186          0.0003   0.000322417
      161         1  SOLID186          0.0760   0.076035000
      162         1  SOLID186          0.0004   0.000433750
      163         1  SOLID186          0.0003   0.000266167
      164         1  SOLID186          0.0002   0.000236625
      165         1  SOLID186          0.0007   0.000673375
      166         1  SOLID186          0.0002   0.000244750
      167         1  SOLID186          0.0002   0.000240750
      168         1  SOLID186          0.0002   0.000219417
      169         1  SOLID186          0.0006   0.000561208
      170         1  SOLID186          0.0004   0.000377167
      171         1  SOLID186          0.0019   0.001921500
      172         1  SOLID186          0.0003   0.000276667
      173      1372  SOLID186          1.5069   0.001098343
      174       372  SOLID187          0.1970   0.000529587
      175        60  SOLID187          0.0115   0.000192152
      176       744  SOLID187          0.2084   0.000280041
      177        60  SOLID187          0.0423   0.000705356
      178      1180  SOLID186          1.2975   0.001099568
      179       945  SOLID187          0.4202   0.000444637
      180       381  SOLID187          0.1844   0.000483997
      181      1264  SOLID186          1.2995   0.001028096
      182      1364  SOLID186          1.5894   0.001165215
      183      1124  SOLID186          1.3311   0.001184290
      184        60  SOLID187          0.0111   0.000185409
      185        60  SOLID187          0.0223   0.000370963
      186       370  SOLID187          0.2370   0.000640540
      187       711  SOLID187          0.2578   0.000362643
      188        63  SOLID187          0.0099   0.000156720
      189       386  SOLID187          0.1951   0.000505453
      190        60  SOLID187          0.0529   0.000881826
      191       732  SOLID187          0.3852   0.000526170
      192      1224  SOLID186          1.3292   0.001085915
      193       383  SOLID187          0.1480   0.000386415
      194      9124  SOLID187          3.7492   0.000410911
      195      9158  SOLID187          3.8743   0.000423053
      196      9214  SOLID187          3.7227   0.000404024
      197      8841  SOLID187          4.1845   0.000473311
      198      8984  SOLID187          4.5906   0.000510976
      199      9247  SOLID187          4.1722   0.000451191
      200       737  SOLID187          0.3539   0.000480198
      201       816  SOLID187          0.6126   0.000750757
      202       724  SOLID187          0.4649   0.000642183
      203       795  SOLID187          0.3788   0.000476535
      204       783  SOLID187          0.3728   0.000476089
      205       820  SOLID187          0.3002   0.000366056
      206       714  SOLID187          0.3146   0.000440595
      207       835  SOLID187          0.4115   0.000492858
      208     39014  SOLID186         45.4474   0.001164899
      209        20  CONTA174          0.0231   0.001156163
      211       399  CONTA174          0.3824   0.000958289
      213        47  CONTA174          0.0098   0.000209168
      215       351  CONTA174          0.1718   0.000489425
      217        20  CONTA174          0.0479   0.002396783
      219       339  CONTA174          0.2332   0.000688052
      221        49  CONTA174          0.0046   0.000093808
      223        19  CONTA174          0.0033   0.000175592
      225       365  CONTA174          0.2432   0.000666240
      227        20  CONTA174          0.0033   0.000165188
      229       370  CONTA174          0.1822   0.000492514
      231       100  CONTA174          0.0116   0.000116458
      233       399  CONTA174          0.2063   0.000516955
      235        20  CONTA174          0.0209   0.001045938
      237       337  CONTA174          0.4050   0.001201676
      239        20  CONTA174          0.0025   0.000127138
      241       352  CONTA174          0.2602   0.000739219
      243       349  CONTA174          0.3835   0.001098961
      245        44  CONTA174          0.0242   0.000549838
      247       314  CONTA174          0.2039   0.000649489
      249        48  CONTA174          0.0044   0.000091559
      251       364  CONTA174          0.2113   0.000580544
      253       357  CONTA174          0.2067   0.000578904
      255        47  CONTA174          0.0119   0.000252597
      257         1  CONTA174          0.0002   0.000175250
      259         1  CONTA174          0.0001   0.000096667
      261         1  CONTA174          0.0003   0.000343625
      263         1  CONTA174          0.0002   0.000226417
      265         1  CONTA174          0.0001   0.000119000
      267         1  CONTA174          0.0001   0.000080958
      269         1  CONTA174          0.0004   0.000408208
      271         1  CONTA174          0.0002   0.000203208
      273         1  CONTA174          0.0001   0.000144750
      275         1  CONTA174          0.0003   0.000274875
      277         1  CONTA174          0.0001   0.000096458
      279         1  CONTA174          0.0001   0.000137750
      281         1  CONTA174          0.0003   0.000263375
      283         1  CONTA174          0.0001   0.000112417
      285         1  CONTA174          0.0003   0.000265583
      287         1  CONTA174          0.0001   0.000112875
      289         1  CONTA174          0.0001   0.000069250
      291         1  CONTA174          0.0002   0.000171958
      293         1  CONTA174          0.0001   0.000098792
      295         1  CONTA174          0.0002   0.000190208
      297         1  CONTA174          0.0361   0.036069542
      299         1  CONTA174          0.0001   0.000145792
      301         1  CONTA174          0.0002   0.000155750
      303         1  CONTA174          0.0001   0.000085292
      305         1  CONTA174          0.0001   0.000108292
      307         1  CONTA174          0.0001   0.000077458
      309         1  CONTA174          0.0001   0.000091083
      311         1  CONTA174          0.0005   0.000542125
      313         1  CONTA174          0.0001   0.000107958
      315         1  CONTA174          0.0002   0.000201083
      317         1  CONTA174          0.0001   0.000102417
      319         1  CONTA174          0.0005   0.000511375
      321         1  CONTA174          0.0001   0.000114208
      323         1  CONTA174          0.0001   0.000090500
      325         1  CONTA174          0.0001   0.000097208
      327         1  CONTA174          0.0003   0.000297292
      329         1  CONTA174          0.0001   0.000094250
      331         1  CONTA174          0.0002   0.000233542
      333         1  CONTA174          0.0001   0.000072583
      335         1  CONTA174          0.0001   0.000118000
      337         1  CONTA174          0.0004   0.000415708
      339         1  CONTA174          0.0003   0.000258417
      341         1  CONTA174          0.0001   0.000126875
      343         1  CONTA174          0.0002   0.000156208
      345         1  CONTA174          0.0001   0.000147500
      347         1  CONTA174          0.0002   0.000185458
      349         1  CONTA174          0.0001   0.000090458
      351         1  CONTA174          0.0001   0.000073792
      353         1  CONTA174          0.0001   0.000093875
      355         1  CONTA174          0.0001   0.000094833
      357         1  CONTA174          0.0002   0.000180958
      359         1  CONTA174          0.0001   0.000111375
      361         1  CONTA174          0.0002   0.000167708
      363         1  CONTA174          0.0001   0.000062083
      365         1  CONTA174          0.0003   0.000276375
      367         1  CONTA174          0.0001   0.000105625
      369         1  CONTA174          0.0003   0.000282167
      371         1  CONTA174          0.0001   0.000118917
      373         1  CONTA174          0.0001   0.000078375
      375         1  CONTA174          0.0001   0.000108375
      377         1  CONTA174          0.0001   0.000145292
      379         1  CONTA174          0.0003   0.000348333
      381         1  CONTA174          0.0003   0.000294750
      383         1  CONTA174          0.0002   0.000208708
      385         1  CONTA174          0.0001   0.000139792
      387         1  CONTA174          0.0003   0.000304292
      389         1  CONTA174          0.0002   0.000186667
      391         1  CONTA174          0.0001   0.000088917
      393         1  CONTA174          0.0002   0.000237042
      395         1  CONTA174          0.0002   0.000191625
      397         1  CONTA174          0.0001   0.000129708
      399         1  CONTA174          0.0002   0.000187708
      401         1  CONTA174          0.0002   0.000239167
      403         1  CONTA174          0.0001   0.000137792
      405         1  CONTA174          0.0069   0.006936042
      407         1  CONTA174          0.0004   0.000410792
      409         1  CONTA174          0.0001   0.000124583
      411         1  CONTA174          0.0002   0.000205708
      413         1  CONTA174          0.0002   0.000235958
      415         1  CONTA174          0.0001   0.000082208
      417         1  CONTA174          0.0001   0.000130917
      419         1  CONTA174          0.0002   0.000176792
      421         1  CONTA174          0.0009   0.000912125
      423         1  CONTA174          0.0001   0.000075083
      425         1  CONTA174          0.0004   0.000425792
      427         1  CONTA174          0.0002   0.000218042
      429         1  CONTA174          0.0002   0.000202708
      431         1  CONTA174          0.0003   0.000262083
      433         1  CONTA174          0.0001   0.000104958
      435         1  CONTA174          0.0001   0.000096958
      437         1  CONTA174          0.0002   0.000238167
      439         1  CONTA174          0.0001   0.000121500
      441         1  CONTA174          0.0001   0.000073292
      443         1  CONTA174          0.0003   0.000348375
      445         1  CONTA174          0.0001   0.000081958
      447         1  CONTA174          0.0002   0.000166583
      449         1  CONTA174          0.0002   0.000190333
      451         1  CONTA174          0.0002   0.000195167
      453         5  CONTA174          0.0014   0.000278658
      455         2  CONTA174          0.0017   0.000871479
      457         4  CONTA174          0.0705   0.017627490
      459         2  CONTA174          0.0006   0.000303417
      461         1  CONTA174          0.0003   0.000349333
      463         1  CONTA174          0.0002   0.000198458
      465         1  CONTA174          0.0002   0.000188958
      467         1  CONTA174          0.0001   0.000133917
      469         1  CONTA174          0.0004   0.000399500
      471         1  CONTA174          0.0001   0.000079833
      473         1  CONTA174          0.0004   0.000351583
      475         1  CONTA174          0.0001   0.000081625
      477         1  CONTA174          0.0002   0.000186250
      479         1  CONTA174          0.0001   0.000091792
      481         1  CONTA174          0.0001   0.000093125
      483         1  CONTA174          0.0002   0.000180000
      485         1  CONTA174          0.0006   0.000609792
      487         1  CONTA174          0.0073   0.007286625
      489         1  CONTA174          0.0002   0.000223042
      491         1  CONTA174          0.0004   0.000419167
      493         1  CONTA174          0.0001   0.000106833
      495         1  CONTA174          0.0002   0.000235500
      497         1  CONTA174          0.0001   0.000144042
      499         1  CONTA174          0.0619   0.061870500
      501         1  CONTA174          0.0004   0.000368292
      503         1  CONTA174          0.0001   0.000124417
      505         1  CONTA174          0.0001   0.000112667
      507         1  CONTA174          0.0009   0.000877542
      509         1  CONTA174          0.0001   0.000122958
      511         1  CONTA174          0.0001   0.000149917
      513         1  CONTA174          0.0001   0.000080125
      515         1  CONTA174          0.0004   0.000414917
      517         1  CONTA174          0.0723   0.072320417
      519         1  CONTA174          0.0002   0.000209250
      521         1  CONTA174          0.0001   0.000141792
      523         1  CONTA174          0.0007   0.000731958
      525         1  CONTA174          0.0001   0.000136625
      527         1  CONTA174          0.0001   0.000061167
      529         1  CONTA174          0.0065   0.006519083
      531         1  CONTA174          0.0001   0.000130667
      533         1  CONTA174          0.0002   0.000207375
      535         1  CONTA174          0.0001   0.000086792
      537         1  CONTA174          0.0003   0.000270667
      539         1  CONTA174          0.0005   0.000475917
      541         1  CONTA174          0.0003   0.000250375
      543         1  CONTA174          0.0001   0.000077958
      545         1  CONTA174          0.0002   0.000152333
      547         1  CONTA174          0.0002   0.000178458
      549         1  CONTA174          0.0002   0.000169542
      551         1  CONTA174          0.0001   0.000111875
      553         1  CONTA174          0.0002   0.000158167
      555         1  CONTA174          0.0002   0.000187250
      557         1  CONTA174          0.0001   0.000058083
      559         1  CONTA174          0.0001   0.000128958
      561         1  CONTA174          0.0001   0.000088667
      563         1  CONTA174          0.0007   0.000659250
      565         1  CONTA174          0.0001   0.000137750
      567         1  CONTA174          0.0001   0.000094083
      569         1  CONTA174          0.0002   0.000231875
      571         1  CONTA174          0.0001   0.000075583
      573         1  CONTA174          0.0002   0.000249000
      575         1  CONTA174          0.0002   0.000188958
      577         1  CONTA174          0.0042   0.004206500
      579         1  CONTA174          0.0001   0.000097583
      581         1  CONTA174          0.0002   0.000179625
      583         1  CONTA174          0.0001   0.000066792
      585         1  CONTA174          0.0002   0.000151292
      587         1  CONTA174          0.0002   0.000235250
      589         1  CONTA174          0.0001   0.000086792
      591         1  CONTA174          0.0001   0.000073750
      593         1  CONTA174          0.0004   0.000391583
      595         1  CONTA174          0.0001   0.000143333
      597         1  CONTA174          0.0016   0.001558875
      599         1  CONTA174          0.0002   0.000202417
      601        48  CONTA174          0.0179   0.000373575
      603        40  CONTA174          0.0768   0.001919330
      605        48  CONTA174          0.1135   0.002364422
      607        48  CONTA174          0.0196   0.000408945
      609        40  CONTA174          0.0177   0.000443158
      611        48  CONTA174          0.0041   0.000084690
      613        48  CONTA174          0.0363   0.000755803
      615        48  CONTA174          0.0235   0.000490275
      617       295  CONTA174          0.2212   0.000749745
      619       343  CONTA174          0.2556   0.000745119
      621       281  CONTA174          0.2364   0.000841143
      623       341  CONTA174          0.2469   0.000724044
      625       306  CONTA174          0.2713   0.000886653
      627       316  CONTA174          0.2457   0.000777661
      631        32  CONTA174          0.0118   0.000369728
      635        32  CONTA174          0.0021   0.000065733
      639        32  CONTA174          0.0034   0.000105520
      643        32  CONTA174          0.0233   0.000727600
      647        32  CONTA174          0.0032   0.000100633
      651        32  CONTA174          0.0024   0.000075802

   *** NODAL LOAD CALCULATION TIMES
     TYPE    NUMBER     ENAME   TOTAL ELAPSED   AVG ELAPSED

        1         1  SOLID186          0.0000   0.000048083
        2         1  SOLID186          0.0000   0.000011708
        3         1  SOLID186          0.0000   0.000031500
        4         1  SOLID186          0.0000   0.000016917
        5         1  SOLID186          0.0000   0.000018833
        6         1  SOLID186          0.0000   0.000017625
        7         1  SOLID186          0.0001   0.000079667
        8         1  SOLID186          0.0000   0.000048083
        9         1  SOLID186          0.0000   0.000039958
       10         1  SOLID186          0.0001   0.000053792
       11         1  SOLID186          0.0000   0.000013542
       12         1  SOLID186          0.0000   0.000040458
       13         1  SOLID186          0.0000   0.000046292
       14         1  SOLID186          0.0000   0.000017333
       15         1  SOLID186          0.0001   0.000063000
       16         1  SOLID186          0.0000   0.000014833
       17         1  SOLID186          0.0000   0.000013958
       18         1  SOLID186          0.0000   0.000023000
       19         1  SOLID186          0.0000   0.000018750
       20         1  SOLID186          0.0000   0.000041875
       21         1  SOLID186          0.0028   0.002759167
       22         1  SOLID186          0.0000   0.000012542
       23         1  SOLID186          0.0000   0.000016917
       24         1  SOLID186          0.0002   0.000153792
       25         1  SOLID186          0.0000   0.000037083
       26         1  SOLID186          0.0000   0.000020500
       27         1  SOLID186          0.0000   0.000038167
       28         1  SOLID186          0.0001   0.000100250
       29         1  SOLID186          0.0000   0.000036083
       30         1  SOLID186          0.0000   0.000014458
       31         1  SOLID186          0.0000   0.000015042
       32         1  SOLID186          0.0000   0.000027500
       33         1  SOLID186          0.0000   0.000013042
       34         1  SOLID186          0.0000   0.000014042
       35         1  SOLID186          0.0000   0.000025000
       36         1  SOLID186          0.0000   0.000032875
       37         1  SOLID186          0.0000   0.000017000
       38         1  SOLID186          0.0000   0.000037625
       39         1  SOLID186          0.0000   0.000030417
       40         1  SOLID186          0.0000   0.000029333
       41         1  SOLID186          0.0001   0.000055250
       42         1  SOLID186          0.0000   0.000040000
       43         1  SOLID186          0.0000   0.000014458
       44         1  SOLID186          0.0000   0.000030042
       45         1  SOLID186          0.0000   0.000027542
       46         1  SOLID186          0.0000   0.000046042
       47         1  SOLID186          0.0000   0.000015083
       48         1  SOLID186          0.0000   0.000013083
       49         1  SOLID186          0.0000   0.000012917
       50         1  SOLID186          0.0001   0.000109458
       51         1  SOLID186          0.0000   0.000033250
       52         1  SOLID186          0.0000   0.000033917
       53         1  SOLID186          0.0000   0.000034833
       54         1  SOLID186          0.0000   0.000017333
       55         1  SOLID186          0.0001   0.000091917
       56         1  SOLID186          0.0000   0.000030125
       57         1  SOLID186          0.0000   0.000024583
       58         1  SOLID186          0.0000   0.000026167
       59         1  SOLID186          0.0000   0.000016833
       60         1  SOLID186          0.0000   0.000014500
       61         1  SOLID186          0.0001   0.000144250
       62         1  SOLID186          0.0000   0.000023375
       63         1  SOLID186          0.0000   0.000043625
       64         1  SOLID186          0.0000   0.000033333
       65         1  SOLID186          0.0001   0.000068958
       66         1  SOLID186          0.0001   0.000100417
       67         1  SOLID186          0.0000   0.000037208
       68         1  SOLID186          0.0000   0.000015250
       69         1  SOLID186          0.0000   0.000034917
       70         1  SOLID186          0.0000   0.000039000
       71         1  SOLID186          0.0000   0.000014500
       72         1  SOLID186          0.0001   0.000051875
       73         1  SOLID186          0.0000   0.000012250
       74         1  SOLID186          0.0000   0.000031917
       75         1  SOLID186          0.0010   0.000987958
       76         1  SOLID186          0.0001   0.000064125
       77         1  SOLID186          0.0000   0.000019542
       78         1  SOLID186          0.0002   0.000218833
       79         1  SOLID186          0.0001   0.000078833
       80         1  SOLID186          0.0000   0.000014458
       81         1  SOLID186          0.0000   0.000024375
       82         1  SOLID186          0.0000   0.000041250
       83         1  SOLID186          0.0001   0.000065958
       84         1  SOLID186          0.0000   0.000015833
       85         1  SOLID186          0.0000   0.000035250
       86         1  SOLID186          0.0003   0.000266125
       87         1  SOLID186          0.0000   0.000015500
       88         1  SOLID186          0.0000   0.000046042
       89         1  SOLID186          0.0000   0.000032792
       90         1  SOLID186          0.0000   0.000010417
       91         1  SOLID186          0.0000   0.000034875
       92         1  SOLID186          0.0000   0.000032750
       93         1  SOLID186          0.0000   0.000015208
       94         1  SOLID186          0.0001   0.000080500
       95         1  SOLID186          0.0000   0.000013167
       96         1  SOLID186          0.0001   0.000053250
       97         1  SOLID186          0.0000   0.000029625
       98         1  SOLID186          0.0000   0.000039208
       99         5  SOLID186          0.0002   0.000048242
      100         2  SOLID186          0.0053   0.002652208
      101         4  SOLID186          0.0012   0.000308927
      102         2  SOLID186          0.0001   0.000053646
      103         1  SOLID186          0.0000   0.000024167
      104         1  SOLID186          0.0000   0.000017083
      105         1  SOLID186          0.0001   0.000071208
      106         1  SOLID186          0.0000   0.000018292
      107         1  SOLID186          0.0001   0.000055500
      108         1  SOLID186          0.0000   0.000015750
      109         1  SOLID186          0.0000   0.000044833
      110         1  SOLID186          0.0000   0.000010958
      111         1  SOLID186          0.0000   0.000018917
      112         1  SOLID186          0.0000   0.000011833
      113         1  SOLID186          0.0000   0.000014708
      114         1  SOLID186          0.0000   0.000031625
      115         1  SOLID186          0.0000   0.000044167
      116         1  SOLID186          0.0047   0.004714375
      117         1  SOLID186          0.0000   0.000016125
      118         1  SOLID186          0.0000   0.000023958
      119         1  SOLID186          0.0000   0.000020375
      120         1  SOLID186          0.0001   0.000067542
      121         1  SOLID186          0.0001   0.000085542
      122         1  SOLID186          0.0053   0.005288958
      123         1  SOLID186          0.0003   0.000251208
      124         1  SOLID186          0.0000   0.000012333
      125         1  SOLID186          0.0000   0.000021667
      126         1  SOLID186          0.0001   0.000063042
      127         1  SOLID186          0.0000   0.000046833
      128         1  SOLID186          0.0000   0.000032208
      129         1  SOLID186          0.0000   0.000018667
      130         1  SOLID186          0.0002   0.000161833
      131         1  SOLID186          0.0023   0.002253708
      132         1  SOLID186          0.0001   0.000069292
      133         1  SOLID186          0.0001   0.000065208
      134         1  SOLID186          0.0017   0.001696458
      135         1  SOLID186          0.0000   0.000013917
      136         1  SOLID186          0.0000   0.000016917
      137         1  SOLID186          0.0400   0.040020417
      138         1  SOLID186          0.0000   0.000015042
      139         1  SOLID186          0.0000   0.000040833
      140         1  SOLID186          0.0000   0.000016625
      141         1  SOLID186          0.0000   0.000044792
      142         1  SOLID186          0.0001   0.000126000
      143         1  SOLID186          0.0000   0.000028708
      144         1  SOLID186          0.0000   0.000012708
      145         1  SOLID186          0.0000   0.000016875
      146         1  SOLID186          0.0000   0.000017125
      147         1  SOLID186          0.0000   0.000014458
      148         1  SOLID186          0.0000   0.000047000
      149         1  SOLID186          0.0000   0.000010042
      150         1  SOLID186          0.0000   0.000016625
      151         1  SOLID186          0.0000   0.000016042
      152         1  SOLID186          0.0000   0.000031792
      153         1  SOLID186          0.0000   0.000012208
      154         1  SOLID186          0.0001   0.000075708
      155         1  SOLID186          0.0000   0.000045417
      156         1  SOLID186          0.0000   0.000014250
      157         1  SOLID186          0.0001   0.000107042
      158         1  SOLID186          0.0001   0.000137542
      159         1  SOLID186          0.0000   0.000016250
      160         1  SOLID186          0.0000   0.000018125
      161         1  SOLID186          0.0043   0.004342917
      162         1  SOLID186          0.0000   0.000021250
      163         1  SOLID186          0.0000   0.000012833
      164         1  SOLID186          0.0000   0.000015417
      165         1  SOLID186          0.0000   0.000041833
      166         1  SOLID186          0.0000   0.000014458
      167         1  SOLID186          0.0000   0.000015250
      168         1  SOLID186          0.0000   0.000012375
      169         1  SOLID186          0.0001   0.000081875
      170         1  SOLID186          0.0000   0.000018917
      171         1  SOLID186          0.0001   0.000051417
      172         1  SOLID186          0.0000   0.000016250
      173      1372  SOLID186          0.1237   0.000090183
      174       372  SOLID187          0.0789   0.000211984
      175        60  SOLID187          0.0016   0.000026231
      176       744  SOLID187          0.0319   0.000042872
      177        60  SOLID187          0.0027   0.000045504
      178      1180  SOLID186          0.1345   0.000113989
      179       945  SOLID187          0.0874   0.000092539
      180       381  SOLID187          0.0686   0.000179999
      181      1264  SOLID186          0.1732   0.000137052
      182      1364  SOLID186          0.1673   0.000122623
      183      1124  SOLID186          0.1018   0.000090605
      184        60  SOLID187          0.0016   0.000027461
      185        60  SOLID187          0.0020   0.000033974
      186       370  SOLID187          0.0544   0.000147148
      187       711  SOLID187          0.0205   0.000028786
      188        63  SOLID187          0.0016   0.000025052
      189       386  SOLID187          0.0358   0.000092652
      190        60  SOLID187          0.0150   0.000249813
      191       732  SOLID187          0.0840   0.000114712
      192      1224  SOLID186          0.1296   0.000105880
      193       383  SOLID187          0.0519   0.000135572
      194      9124  SOLID187          0.7503   0.000082231
      195      9158  SOLID187          0.7880   0.000086047
      196      9214  SOLID187          0.7168   0.000077794
      197      8841  SOLID187          0.8942   0.000101145
      198      8984  SOLID187          0.7076   0.000078759
      199      9247  SOLID187          0.9475   0.000102466
      200       737  SOLID187          0.0511   0.000069358
      201       816  SOLID187          0.0586   0.000071859
      202       724  SOLID187          0.0976   0.000134814
      203       795  SOLID187          0.0453   0.000057035
      204       783  SOLID187          0.0618   0.000078920
      205       820  SOLID187          0.0998   0.000121686
      206       714  SOLID187          0.0138   0.000019383
      207       835  SOLID187          0.0493   0.000059060
      208     39014  SOLID186          4.4899   0.000115086
      209        20  CONTA174          0.0001   0.000004390
      211       399  CONTA174          0.0174   0.000043519
      213        47  CONTA174          0.0001   0.000002253
      215       351  CONTA174          0.0030   0.000008564
      217        20  CONTA174          0.0002   0.000007740
      219       339  CONTA174          0.0023   0.000006861
      221        49  CONTA174          0.0001   0.000001724
      223        19  CONTA174          0.0001   0.000003860
      225       365  CONTA174          0.0020   0.000005367
      227        20  CONTA174          0.0001   0.000002767
      229       370  CONTA174          0.0137   0.000036916
      231       100  CONTA174          0.0002   0.000001887
      233       399  CONTA174          0.0031   0.000007743
      235        20  CONTA174          0.0001   0.000004994
      237       337  CONTA174          0.0021   0.000006284
      239        20  CONTA174          0.0000   0.000001819
      241       352  CONTA174          0.0160   0.000045534
      243       349  CONTA174          0.0033   0.000009546
      245        44  CONTA174          0.0003   0.000005895
      247       314  CONTA174          0.0024   0.000007794
      249        48  CONTA174          0.0001   0.000001354
      251       364  CONTA174          0.0021   0.000005853
      253       357  CONTA174          0.0024   0.000006780
      255        47  CONTA174          0.0001   0.000001666
      257         1  CONTA174          0.0000   0.000004375
      259         1  CONTA174          0.0000   0.000001333
      261         1  CONTA174          0.0000   0.000003583
      263         1  CONTA174          0.0000   0.000002667
      265         1  CONTA174          0.0000   0.000002458
      267         1  CONTA174          0.0000   0.000001792
      269         1  CONTA174          0.0000   0.000017167
      271         1  CONTA174          0.0000   0.000005833
      273         1  CONTA174          0.0000   0.000004083
      275         1  CONTA174          0.0000   0.000006083
      277         1  CONTA174          0.0000   0.000001417
      279         1  CONTA174          0.0000   0.000003625
      281         1  CONTA174          0.0000   0.000007875
      283         1  CONTA174          0.0000   0.000002500
      285         1  CONTA174          0.0000   0.000007083
      287         1  CONTA174          0.0000   0.000002042
      289         1  CONTA174          0.0000   0.000001292
      291         1  CONTA174          0.0000   0.000002667
      293         1  CONTA174          0.0000   0.000002667
      295         1  CONTA174          0.0000   0.000003833
      297         1  CONTA174          0.0018   0.001815333
      299         1  CONTA174          0.0000   0.000003667
      301         1  CONTA174          0.0000   0.000003167
      303         1  CONTA174          0.0000   0.000002000
      305         1  CONTA174          0.0000   0.000002667
      307         1  CONTA174          0.0000   0.000001708
      309         1  CONTA174          0.0000   0.000004583
      311         1  CONTA174          0.0000   0.000010167
      313         1  CONTA174          0.0000   0.000002833
      315         1  CONTA174          0.0000   0.000002000
      317         1  CONTA174          0.0000   0.000001333
      319         1  CONTA174          0.0000   0.000007042
      321         1  CONTA174          0.0000   0.000002125
      323         1  CONTA174          0.0000   0.000002083
      325         1  CONTA174          0.0000   0.000002042
      327         1  CONTA174          0.0000   0.000004542
      329         1  CONTA174          0.0000   0.000001542
      331         1  CONTA174          0.0000   0.000008500
      333         1  CONTA174          0.0000   0.000001750
      335         1  CONTA174          0.0000   0.000002667
      337         1  CONTA174          0.0000   0.000006417
      339         1  CONTA174          0.0000   0.000004083
      341         1  CONTA174          0.0000   0.000002250
      343         1  CONTA174          0.0000   0.000001958
      345         1  CONTA174          0.0000   0.000002292
      347         1  CONTA174          0.0000   0.000003500
      349         1  CONTA174          0.0000   0.000001792
      351         1  CONTA174          0.0000   0.000001042
      353         1  CONTA174          0.0000   0.000001208
      355         1  CONTA174          0.0000   0.000001250
      357         1  CONTA174          0.0000   0.000007500
      359         1  CONTA174          0.0000   0.000003333
      361         1  CONTA174          0.0000   0.000012708
      363         1  CONTA174          0.0000   0.000001250
      365         1  CONTA174          0.0000   0.000008542
      367         1  CONTA174          0.0000   0.000001750
      369         1  CONTA174          0.0000   0.000003708
      371         1  CONTA174          0.0000   0.000002208
      373         1  CONTA174          0.0000   0.000001708
      375         1  CONTA174          0.0000   0.000002625
      377         1  CONTA174          0.0000   0.000007125
      379         1  CONTA174          0.0000   0.000005125
      381         1  CONTA174          0.0000   0.000002042
      383         1  CONTA174          0.0000   0.000004292
      385         1  CONTA174          0.0000   0.000003167
      387         1  CONTA174          0.0000   0.000015625
      389         1  CONTA174          0.0000   0.000004333
      391         1  CONTA174          0.0000   0.000002167
      393         1  CONTA174          0.0000   0.000006042
      395         1  CONTA174          0.0000   0.000004167
      397         1  CONTA174          0.0000   0.000002500
      399         1  CONTA174          0.0000   0.000005333
      401         1  CONTA174          0.0000   0.000002958
      403         1  CONTA174          0.0000   0.000002708
      405         1  CONTA174          0.0007   0.000675958
      407         1  CONTA174          0.0000   0.000004958
      409         1  CONTA174          0.0000   0.000003458
      411         1  CONTA174          0.0000   0.000009083
      413         1  CONTA174          0.0000   0.000004833
      415         1  CONTA174          0.0000   0.000006208
      417         1  CONTA174          0.0000   0.000002333
      419         1  CONTA174          0.0000   0.000003333
      421         1  CONTA174          0.0001   0.000097250
      423         1  CONTA174          0.0000   0.000001875
      425         1  CONTA174          0.0000   0.000009042
      427         1  CONTA174          0.0000   0.000005667
      429         1  CONTA174          0.0000   0.000002292
      431         1  CONTA174          0.0000   0.000005083
      433         1  CONTA174          0.0000   0.000002083
      435         1  CONTA174          0.0000   0.000001792
      437         1  CONTA174          0.0000   0.000018542
      439         1  CONTA174          0.0000   0.000003042
      441         1  CONTA174          0.0000   0.000001333
      443         1  CONTA174          0.0000   0.000009375
      445         1  CONTA174          0.0000   0.000001333
      447         1  CONTA174          0.0000   0.000003167
      449         1  CONTA174          0.0000   0.000002708
      451         1  CONTA174          0.0000   0.000004542
      453         5  CONTA174          0.0000   0.000003242
      455         2  CONTA174          0.0002   0.000083188
      457         4  CONTA174          0.0028   0.000712427
      459         2  CONTA174          0.0000   0.000004104
      461         1  CONTA174          0.0000   0.000005500
      463         1  CONTA174          0.0000   0.000030667
      465         1  CONTA174          0.0000   0.000003833
      467         1  CONTA174          0.0000   0.000001542
      469         1  CONTA174          0.0000   0.000015458
      471         1  CONTA174          0.0000   0.000001500
      473         1  CONTA174          0.0000   0.000006708
      475         1  CONTA174          0.0000   0.000013833
      477         1  CONTA174          0.0000   0.000002042
      479         1  CONTA174          0.0000   0.000001958
      481         1  CONTA174          0.0000   0.000001417
      483         1  CONTA174          0.0000   0.000003833
      485         1  CONTA174          0.0000   0.000006417
      487         1  CONTA174          0.0015   0.001454292
      489         1  CONTA174          0.0000   0.000002167
      491         1  CONTA174          0.0000   0.000012167
      493         1  CONTA174          0.0000   0.000002833
      495         1  CONTA174          0.0000   0.000014208
      497         1  CONTA174          0.0000   0.000001875
      499         1  CONTA174          0.0019   0.001858375
      501         1  CONTA174          0.0000   0.000014083
      503         1  CONTA174          0.0000   0.000002458
      505         1  CONTA174          0.0000   0.000002083
      507         1  CONTA174          0.0000   0.000010292
      509         1  CONTA174          0.0000   0.000002708
      511         1  CONTA174          0.0000   0.000004042
      513         1  CONTA174          0.0000   0.000001500
      515         1  CONTA174          0.0000   0.000007583
      517         1  CONTA174          0.0025   0.002507417
      519         1  CONTA174          0.0000   0.000008708
      521         1  CONTA174          0.0000   0.000003667
      523         1  CONTA174          0.0001   0.000068875
      525         1  CONTA174          0.0000   0.000001958
      527         1  CONTA174          0.0000   0.000001042
      529         1  CONTA174          0.0014   0.001359375
      531         1  CONTA174          0.0000   0.000002583
      533         1  CONTA174          0.0000   0.000004333
      535         1  CONTA174          0.0000   0.000001958
      537         1  CONTA174          0.0000   0.000004083
      539         1  CONTA174          0.0001   0.000057708
      541         1  CONTA174          0.0000   0.000005333
      543         1  CONTA174          0.0000   0.000001083
      545         1  CONTA174          0.0000   0.000001792
      547         1  CONTA174          0.0000   0.000001917
      549         1  CONTA174          0.0000   0.000001833
      551         1  CONTA174          0.0000   0.000002292
      553         1  CONTA174          0.0000   0.000002167
      555         1  CONTA174          0.0000   0.000001667
      557         1  CONTA174          0.0000   0.000001042
      559         1  CONTA174          0.0000   0.000003042
      561         1  CONTA174          0.0000   0.000001208
      563         1  CONTA174          0.0000   0.000022458
      565         1  CONTA174          0.0000   0.000002792
      567         1  CONTA174          0.0000   0.000002250
      569         1  CONTA174          0.0000   0.000039292
      571         1  CONTA174          0.0000   0.000001708
      573         1  CONTA174          0.0000   0.000003000
      575         1  CONTA174          0.0000   0.000004333
      577         1  CONTA174          0.0012   0.001243167
      579         1  CONTA174          0.0000   0.000001583
      581         1  CONTA174          0.0000   0.000001958
      583         1  CONTA174          0.0000   0.000001292
      585         1  CONTA174          0.0000   0.000003875
      587         1  CONTA174          0.0000   0.000001458
      589         1  CONTA174          0.0000   0.000001542
      591         1  CONTA174          0.0000   0.000002625
      593         1  CONTA174          0.0000   0.000007333
      595         1  CONTA174          0.0000   0.000002417
      597         1  CONTA174          0.0000   0.000028708
      599         1  CONTA174          0.0000   0.000003250
      601        48  CONTA174          0.0001   0.000002811
      603        40  CONTA174          0.0001   0.000002561
      605        48  CONTA174          0.0003   0.000006413
      607        48  CONTA174          0.0004   0.000007760
      609        40  CONTA174          0.0002   0.000004232
      611        48  CONTA174          0.0002   0.000005078
      613        48  CONTA174          0.0002   0.000004926
      615        48  CONTA174          0.0003   0.000005263
      617       295  CONTA174          0.0064   0.000021777
      619       343  CONTA174          0.0200   0.000058172
      621       281  CONTA174          0.0085   0.000030222
      623       341  CONTA174          0.0105   0.000030747
      625       306  CONTA174          0.0317   0.000103703
      627       316  CONTA174          0.0406   0.000128452
      631        32  CONTA174          0.0001   0.000002822
      635        32  CONTA174          0.0001   0.000002701
      639        32  CONTA174          0.0001   0.000002444
      643        32  CONTA174          0.0001   0.000003615
      647        32  CONTA174          0.0001   0.000003807
      651        32  CONTA174          0.0003   0.000008691
 *** LOAD STEP     1   SUBSTEP     1  COMPLETED.    CUM ITER =      5
 *** TIME =  0.200000         TIME INC =  0.200000    
 *** AUTO STEP TIME:  NEXT TIME INC = 0.20000      UNCHANGED

     FORCE CONVERGENCE VALUE  =   5.717      CRITERION=   3.674    
     DISP CONVERGENCE VALUE   =  0.4226E-07  CRITERION=  0.4767E-06 <<< CONVERGED
    EQUIL ITER   1 COMPLETED.  NEW TRIANG MATRIX.  MAX DOF INC=  0.4226E-07
     DISP CONVERGENCE VALUE   =  0.4226E-07  CRITERION=  0.4767E-06 <<< CONVERGED
     LINE SEARCH PARAMETER =   1.000     SCALED MAX DOF INC =  0.4226E-07
     FORCE CONVERGENCE VALUE  =  0.1555E-01  CRITERION=   3.674     <<< CONVERGED
    >>> SOLUTION CONVERGED AFTER EQUILIBRIUM ITERATION   1
 *** LOAD STEP     1   SUBSTEP     2  COMPLETED.    CUM ITER =      6
 *** TIME =  0.400000         TIME INC =  0.200000    
 *** AUTO TIME STEP:  NEXT TIME INC = 0.30000      INCREASED (FACTOR = 1.5000)

     FORCE CONVERGENCE VALUE  =   10.66      CRITERION=   6.430    
     DISP CONVERGENCE VALUE   =  0.7133E-07  CRITERION=  0.7115E-06 <<< CONVERGED
    EQUIL ITER   1 COMPLETED.  NEW TRIANG MATRIX.  MAX DOF INC= -0.7133E-07
     DISP CONVERGENCE VALUE   =  0.7118E-07  CRITERION=  0.7115E-06 <<< CONVERGED
     LINE SEARCH PARAMETER =  0.9979     SCALED MAX DOF INC = -0.7118E-07
     FORCE CONVERGENCE VALUE  =  0.2284E-01  CRITERION=   6.430     <<< CONVERGED
    >>> SOLUTION CONVERGED AFTER EQUILIBRIUM ITERATION   1
 *** LOAD STEP     1   SUBSTEP     3  COMPLETED.    CUM ITER =      7
 *** TIME =  0.700000         TIME INC =  0.300000    
 *** AUTO STEP TIME:  NEXT TIME INC = 0.30000      UNCHANGED

     FORCE CONVERGENCE VALUE  =   12.98      CRITERION=   9.186    
     DISP CONVERGENCE VALUE   =  0.1012E-06  CRITERION=  0.7115E-06 <<< CONVERGED
    EQUIL ITER   1 COMPLETED.  NEW TRIANG MATRIX.  MAX DOF INC= -0.1012E-06
     DISP CONVERGENCE VALUE   =  0.1011E-06  CRITERION=  0.7115E-06 <<< CONVERGED
     LINE SEARCH PARAMETER =  0.9988     SCALED MAX DOF INC = -0.1011E-06
     FORCE CONVERGENCE VALUE  =  0.1996E-01  CRITERION=   9.186     <<< CONVERGED
    >>> SOLUTION CONVERGED AFTER EQUILIBRIUM ITERATION   1
 *** LOAD STEP     1   SUBSTEP     4  COMPLETED.    CUM ITER =      8
 *** TIME =   1.00000         TIME INC =  0.300000    


 *** MAPDL BINARY FILE STATISTICS
  BUFFER SIZE USED= 16384
        2.500 MB WRITTEN ON ELEMENT MATRIX FILE: file0.emat
      114.000 MB WRITTEN ON ELEMENT SAVED DATA FILE: file0.esav
      187.688 MB WRITTEN ON ASSEMBLED MATRIX FILE: file0.full
       49.375 MB WRITTEN ON RESULTS FILE: file0.rst
 *************** Write FE CONNECTORS *********

 WRITE OUT CONSTRAINT EQUATIONS TO FILE= file.ce                                                                                                                                                                                                                                                             
 ****************************************************
 *************** FINISHED SOLVE FOR LS 1 *************
 ****************************************************
 ******************* SOLVE FOR LS 2 OF 2 ****************

 PRINTOUT RESUMED BY /GOP

 USE AUTOMATIC TIME STEPPING THIS LOAD STEP

 USE       5 SUBSTEPS INITIALLY THIS LOAD STEP FOR ALL  DEGREES OF FREEDOM
 FOR AUTOMATIC TIME STEPPING:
   USE    100 SUBSTEPS AS A MAXIMUM
   USE      1 SUBSTEPS AS A MINIMUM

 TIME=  2.0000    

 ERASE THE CURRENT DATABASE OUTPUT CONTROL TABLE.


 WRITE ALL  ITEMS TO THE DATABASE WITH A FREQUENCY OF NONE
   FOR ALL APPLICABLE ENTITIES

 WRITE NSOL ITEMS TO THE DATABASE WITH A FREQUENCY OF ALL 
   FOR ALL APPLICABLE ENTITIES

 WRITE RSOL ITEMS TO THE DATABASE WITH A FREQUENCY OF ALL 
   FOR ALL APPLICABLE ENTITIES

 WRITE EANG ITEMS TO THE DATABASE WITH A FREQUENCY OF ALL 
   FOR ALL APPLICABLE ENTITIES

 WRITE ETMP ITEMS TO THE DATABASE WITH A FREQUENCY OF ALL 
   FOR ALL APPLICABLE ENTITIES

 WRITE VENG ITEMS TO THE DATABASE WITH A FREQUENCY OF ALL 
   FOR ALL APPLICABLE ENTITIES

 WRITE STRS ITEMS TO THE DATABASE WITH A FREQUENCY OF ALL 
   FOR ALL APPLICABLE ENTITIES

 WRITE EPEL ITEMS TO THE DATABASE WITH A FREQUENCY OF ALL 
   FOR ALL APPLICABLE ENTITIES

 WRITE EPPL ITEMS TO THE DATABASE WITH A FREQUENCY OF ALL 
   FOR ALL APPLICABLE ENTITIES

 WRITE CONT ITEMS TO THE DATABASE WITH A FREQUENCY OF ALL 
   FOR ALL APPLICABLE ENTITIES

 PARAMETER _MECHOBJID =     4139.000000    

 PARAMETER _MECHANALYSISSTEP =     2.000000000    

 SET PARAMETER DIMENSIONS ON  _APDLBOLTCSIDS
  TYPE=ARRA  DIMENSIONS=        1        1        1

 *** WARNING ***                         ELAPSED TIME =    2363.800   TIME= 22:22:36
 Parameter _APDLBOLTCSIDS already exists.  It is deleted and redefined   
 by the *DIM command.                                                    

 PARAMETER _APDLBOLTCSIDS(1) =     12.00000000    

 PARAMETER _BOLTZLOC =     0.000000000    

 PARAMETER _NUTWASHERZLOC =     0.000000000    

 PARAMETER _NUTZLOC =     0.000000000    

 PARAMETER PBINDEX =     1.000000000    

 PARAMETER PBBODY = PCB670_01_BODY  

 PARAMETER PBSHAFT = PCB670_01_SHAFT 

 PARAMETER PBHOLE = PCB670_01_HOLE  
 ****** Sending PCB_ExistingBolt_670N.xml at ASSEMBLY Level as Bolt ******

 PARAMETER PARTNAMEINASSEMBLY = Bolt    

 PARAMETER INPUTLEVEL = ASSEMBLY

 PARAMETER PARTFILENAME = PCB_ExistingBolt_670N.xml       

 PARAMETER PBLOAD =     750.0000000    

 *GET  PBANALYSIS  FROM  ACTI  ITEM=ANTY       VALUE=  0.00000000    

 *IF  PBAnalysis  ( =   0.00000     )  EQ  
      0  ( =   0.00000     )  THEN    

 PARAMETER PBPN =     369771.0000    

 *IF  _MechAnalysisStep  ( =   2.00000     )  EQ  
      1  ( =   1.00000     )  THEN    

 *ELSEIF  _MechAnalysisStep                 ( =   2.00000     )  GT  
          1                                 ( =   1.00000     )  THEN    

 DELETE SPECIFIED NODAL LOAD FX   FOR SELECTED NODES FROM  369771 TO  369771 BY       1

 NUMBER OF NODAL LOADS DELETED=       1

 *** WARNING ***                         ELAPSED TIME =    2363.805   TIME= 22:22:36
 Table _FIX is an MAPDL reserved table name.  It is used to constrain    
 structural degrees of freedom to their current displaced status.  This  
 table should not be used for other purposes.                            

 SPECIFIED CONSTRAINT UX   FOR SELECTED NODES       369771 TO      369771 BY           1
 SET ACCORDING TO TABLE PARAMETER = _FIX    
 PCB_BOLT_1 LOCK

 *ENDIF

 *ENDIF

 SELECT ALL ENTITIES OF TYPE= ALL  AND BELOW
 Done Sending PCB_ExistingBolt_670N.xml at ASSEMBLY Level as Bolt

 PARAMETER _MECHOBJID =     4147.000000    

 PARAMETER _MECHANALYSISSTEP =     2.000000000    

 SET PARAMETER DIMENSIONS ON  _APDLBOLTCSIDS
  TYPE=ARRA  DIMENSIONS=        1        1        1

 *** WARNING ***                         ELAPSED TIME =    2363.808   TIME= 22:22:36
 Parameter _APDLBOLTCSIDS already exists.  It is deleted and redefined   
 by the *DIM command.                                                    

 PARAMETER _APDLBOLTCSIDS(1) =     12.00000000    

 PARAMETER _BOLTZLOC =     0.000000000    

 PARAMETER _NUTWASHERZLOC =     0.000000000    

 PARAMETER _NUTZLOC =     0.000000000    

 PARAMETER PBINDEX =     2.000000000    

 PARAMETER PBBODY = PCB670_02_BODY  

 PARAMETER PBSHAFT = PCB670_02_SHAFT 

 PARAMETER PBHOLE = PCB670_02_HOLE  
 ****** Sending PCB_ExistingBolt_670N.xml at ASSEMBLY Level as Bolt ******

 PARAMETER PARTNAMEINASSEMBLY = Bolt    

 PARAMETER INPUTLEVEL = ASSEMBLY

 PARAMETER PARTFILENAME = PCB_ExistingBolt_670N.xml       

 PARAMETER PBLOAD =     750.0000000    

 *GET  PBANALYSIS  FROM  ACTI  ITEM=ANTY       VALUE=  0.00000000    

 *IF  PBAnalysis  ( =   0.00000     )  EQ  
      0  ( =   0.00000     )  THEN    

 PARAMETER PBPN =     371772.0000    

 *IF  _MechAnalysisStep  ( =   2.00000     )  EQ  
      1  ( =   1.00000     )  THEN    

 *ELSEIF  _MechAnalysisStep                 ( =   2.00000     )  GT  
          1                                 ( =   1.00000     )  THEN    

 DELETE SPECIFIED NODAL LOAD FX   FOR SELECTED NODES FROM  371772 TO  371772 BY       1

 NUMBER OF NODAL LOADS DELETED=       1

 SPECIFIED CONSTRAINT UX   FOR SELECTED NODES       371772 TO      371772 BY           1
 SET ACCORDING TO TABLE PARAMETER = _FIX    
 PCB_BOLT_2 LOCK

 *ENDIF

 *ENDIF

 SELECT ALL ENTITIES OF TYPE= ALL  AND BELOW
 Done Sending PCB_ExistingBolt_670N.xml at ASSEMBLY Level as Bolt

 PARAMETER _MECHOBJID =     4155.000000    

 PARAMETER _MECHANALYSISSTEP =     2.000000000    

 SET PARAMETER DIMENSIONS ON  _APDLBOLTCSIDS
  TYPE=ARRA  DIMENSIONS=        1        1        1

 *** WARNING ***                         ELAPSED TIME =    2363.812   TIME= 22:22:36
 Parameter _APDLBOLTCSIDS already exists.  It is deleted and redefined   
 by the *DIM command.                                                    

 PARAMETER _APDLBOLTCSIDS(1) =     12.00000000    

 PARAMETER _BOLTZLOC =     0.000000000    

 PARAMETER _NUTWASHERZLOC =     0.000000000    

 PARAMETER _NUTZLOC =     0.000000000    

 PARAMETER PBINDEX =     3.000000000    

 PARAMETER PBBODY = PCB670_03_BODY  

 PARAMETER PBSHAFT = PCB670_03_SHAFT 

 PARAMETER PBHOLE = PCB670_03_HOLE  
 ****** Sending PCB_ExistingBolt_670N.xml at ASSEMBLY Level as Bolt ******

 PARAMETER PARTNAMEINASSEMBLY = Bolt    

 PARAMETER INPUTLEVEL = ASSEMBLY

 PARAMETER PARTFILENAME = PCB_ExistingBolt_670N.xml       

 PARAMETER PBLOAD =     750.0000000    

 *GET  PBANALYSIS  FROM  ACTI  ITEM=ANTY       VALUE=  0.00000000    

 *IF  PBAnalysis  ( =   0.00000     )  EQ  
      0  ( =   0.00000     )  THEN    

 PARAMETER PBPN =     373773.0000    

 *IF  _MechAnalysisStep  ( =   2.00000     )  EQ  
      1  ( =   1.00000     )  THEN    

 *ELSEIF  _MechAnalysisStep                 ( =   2.00000     )  GT  
          1                                 ( =   1.00000     )  THEN    

 DELETE SPECIFIED NODAL LOAD FX   FOR SELECTED NODES FROM  373773 TO  373773 BY       1

 NUMBER OF NODAL LOADS DELETED=       1

 SPECIFIED CONSTRAINT UX   FOR SELECTED NODES       373773 TO      373773 BY           1
 SET ACCORDING TO TABLE PARAMETER = _FIX    
 PCB_BOLT_3 LOCK

 *ENDIF

 *ENDIF

 SELECT ALL ENTITIES OF TYPE= ALL  AND BELOW
 Done Sending PCB_ExistingBolt_670N.xml at ASSEMBLY Level as Bolt

 PARAMETER _MECHOBJID =     4163.000000    

 PARAMETER _MECHANALYSISSTEP =     2.000000000    

 SET PARAMETER DIMENSIONS ON  _APDLBOLTCSIDS
  TYPE=ARRA  DIMENSIONS=        1        1        1

 *** WARNING ***                         ELAPSED TIME =    2363.816   TIME= 22:22:36
 Parameter _APDLBOLTCSIDS already exists.  It is deleted and redefined   
 by the *DIM command.                                                    

 PARAMETER _APDLBOLTCSIDS(1) =     12.00000000    

 PARAMETER _BOLTZLOC =     0.000000000    

 PARAMETER _NUTWASHERZLOC =     0.000000000    

 PARAMETER _NUTZLOC =     0.000000000    

 PARAMETER PBINDEX =     4.000000000    

 PARAMETER PBBODY = PCB670_04_BODY  

 PARAMETER PBSHAFT = PCB670_04_SHAFT 

 PARAMETER PBHOLE = PCB670_04_HOLE  
 ****** Sending PCB_ExistingBolt_670N.xml at ASSEMBLY Level as Bolt ******

 PARAMETER PARTNAMEINASSEMBLY = Bolt    

 PARAMETER INPUTLEVEL = ASSEMBLY

 PARAMETER PARTFILENAME = PCB_ExistingBolt_670N.xml       

 PARAMETER PBLOAD =     750.0000000    

 *GET  PBANALYSIS  FROM  ACTI  ITEM=ANTY       VALUE=  0.00000000    

 *IF  PBAnalysis  ( =   0.00000     )  EQ  
      0  ( =   0.00000     )  THEN    

 PARAMETER PBPN =     375774.0000    

 *IF  _MechAnalysisStep  ( =   2.00000     )  EQ  
      1  ( =   1.00000     )  THEN    

 *ELSEIF  _MechAnalysisStep                 ( =   2.00000     )  GT  
          1                                 ( =   1.00000     )  THEN    

 DELETE SPECIFIED NODAL LOAD FX   FOR SELECTED NODES FROM  375774 TO  375774 BY       1

 NUMBER OF NODAL LOADS DELETED=       1

 SPECIFIED CONSTRAINT UX   FOR SELECTED NODES       375774 TO      375774 BY           1
 SET ACCORDING TO TABLE PARAMETER = _FIX    
 PCB_BOLT_4 LOCK

 *ENDIF

 *ENDIF

 SELECT ALL ENTITIES OF TYPE= ALL  AND BELOW
 Done Sending PCB_ExistingBolt_670N.xml at ASSEMBLY Level as Bolt

 PARAMETER _MECHOBJID =     4171.000000    

 PARAMETER _MECHANALYSISSTEP =     2.000000000    

 SET PARAMETER DIMENSIONS ON  _APDLBOLTCSIDS
  TYPE=ARRA  DIMENSIONS=        1        1        1

 *** WARNING ***                         ELAPSED TIME =    2363.822   TIME= 22:22:36
 Parameter _APDLBOLTCSIDS already exists.  It is deleted and redefined   
 by the *DIM command.                                                    

 PARAMETER _APDLBOLTCSIDS(1) =     12.00000000    

 PARAMETER _BOLTZLOC =     0.000000000    

 PARAMETER _NUTWASHERZLOC =     0.000000000    

 PARAMETER _NUTZLOC =     0.000000000    

 PARAMETER PBINDEX =     5.000000000    

 PARAMETER PBBODY = PCB670_05_BODY  

 PARAMETER PBSHAFT = PCB670_05_SHAFT 

 PARAMETER PBHOLE = PCB670_05_HOLE  
 ****** Sending PCB_ExistingBolt_670N.xml at ASSEMBLY Level as Bolt ******

 PARAMETER PARTNAMEINASSEMBLY = Bolt    

 PARAMETER INPUTLEVEL = ASSEMBLY

 PARAMETER PARTFILENAME = PCB_ExistingBolt_670N.xml       

 PARAMETER PBLOAD =     750.0000000    

 *GET  PBANALYSIS  FROM  ACTI  ITEM=ANTY       VALUE=  0.00000000    

 *IF  PBAnalysis  ( =   0.00000     )  EQ  
      0  ( =   0.00000     )  THEN    

 PARAMETER PBPN =     377775.0000    

 *IF  _MechAnalysisStep  ( =   2.00000     )  EQ  
      1  ( =   1.00000     )  THEN    

 *ELSEIF  _MechAnalysisStep                 ( =   2.00000     )  GT  
          1                                 ( =   1.00000     )  THEN    

 DELETE SPECIFIED NODAL LOAD FX   FOR SELECTED NODES FROM  377775 TO  377775 BY       1

 NUMBER OF NODAL LOADS DELETED=       1

 SPECIFIED CONSTRAINT UX   FOR SELECTED NODES       377775 TO      377775 BY           1
 SET ACCORDING TO TABLE PARAMETER = _FIX    
 PCB_BOLT_5 LOCK

 *ENDIF

 *ENDIF

 SELECT ALL ENTITIES OF TYPE= ALL  AND BELOW
 Done Sending PCB_ExistingBolt_670N.xml at ASSEMBLY Level as Bolt

 PARAMETER _MECHOBJID =     4179.000000    

 PARAMETER _MECHANALYSISSTEP =     2.000000000    

 SET PARAMETER DIMENSIONS ON  _APDLBOLTCSIDS
  TYPE=ARRA  DIMENSIONS=        1        1        1

 *** WARNING ***                         ELAPSED TIME =    2363.827   TIME= 22:22:36
 Parameter _APDLBOLTCSIDS already exists.  It is deleted and redefined   
 by the *DIM command.                                                    

 PARAMETER _APDLBOLTCSIDS(1) =     12.00000000    

 PARAMETER _BOLTZLOC =     0.000000000    

 PARAMETER _NUTWASHERZLOC =     0.000000000    

 PARAMETER _NUTZLOC =     0.000000000    

 PARAMETER PBINDEX =     6.000000000    

 PARAMETER PBBODY = PCB670_06_BODY  

 PARAMETER PBSHAFT = PCB670_06_SHAFT 

 PARAMETER PBHOLE = PCB670_06_HOLE  
 ****** Sending PCB_ExistingBolt_670N.xml at ASSEMBLY Level as Bolt ******

 PARAMETER PARTNAMEINASSEMBLY = Bolt    

 PARAMETER INPUTLEVEL = ASSEMBLY

 PARAMETER PARTFILENAME = PCB_ExistingBolt_670N.xml       

 PARAMETER PBLOAD =     750.0000000    

 *GET  PBANALYSIS  FROM  ACTI  ITEM=ANTY       VALUE=  0.00000000    

 *IF  PBAnalysis  ( =   0.00000     )  EQ  
      0  ( =   0.00000     )  THEN    

 PARAMETER PBPN =     379776.0000    

 *IF  _MechAnalysisStep  ( =   2.00000     )  EQ  
      1  ( =   1.00000     )  THEN    

 *ELSEIF  _MechAnalysisStep                 ( =   2.00000     )  GT  
          1                                 ( =   1.00000     )  THEN    

 DELETE SPECIFIED NODAL LOAD FX   FOR SELECTED NODES FROM  379776 TO  379776 BY       1

 NUMBER OF NODAL LOADS DELETED=       1

 SPECIFIED CONSTRAINT UX   FOR SELECTED NODES       379776 TO      379776 BY           1
 SET ACCORDING TO TABLE PARAMETER = _FIX    
 PCB_BOLT_6 LOCK

 *ENDIF

 *ENDIF

 SELECT ALL ENTITIES OF TYPE= ALL  AND BELOW
 Done Sending PCB_ExistingBolt_670N.xml at ASSEMBLY Level as Bolt

 *****  MAPDL SOLVE    COMMAND  *****

 *** WARNING ***                         ELAPSED TIME =    2365.089   TIME= 22:22:37
 Material number 628 (used by element 330976) should normally have at    
 least one MP or one TB type command associated with it.  Output of      
 energy by material may not be available.                                

 *** NOTE ***                            ELAPSED TIME =    2365.098   TIME= 22:22:37
 The step data was checked and warning messages were found.              
  Please review output or errors file (                                  
 Z:\Developer\MIT_Rkt_Team\2026-7\MIT-RT-26_27-Work\simulation_work\avio 
 nics\powerboardsim\1\_ProjectScratch\ScrF704\file0.err ) for these      
 warning messages.                                                       

 *** NOTE ***                            ELAPSED TIME =    2365.099   TIME= 22:22:37
 This nonlinear analysis defaults to using the full Newton-Raphson       
 solution procedure.  This can be modified using the NROPT command.      

 *** MAPDL - ENGINEERING ANALYSIS SYSTEM  RELEASE 2026 R1.02       26.1     ***
 Ansys Mechanical Enterprise Academic Research     
 01196637  VERSION=WINDOWS x64   22:22:39  OCT 04, 2026 Elapsed Time=   2367.067

 powerboardsim_v1--BOLT750 - preload then locked length (B5)                   



                      L O A D   S T E P   O P T I O N S

   LOAD STEP NUMBER. . . . . . . . . . . . . . . .     2
   TIME AT END OF THE LOAD STEP. . . . . . . . . .  2.0000    
   AUTOMATIC TIME STEPPING . . . . . . . . . . . .    ON
      INITIAL NUMBER OF SUBSTEPS . . . . . . . . .     5
      MAXIMUM NUMBER OF SUBSTEPS . . . . . . . . .   100
      MINIMUM NUMBER OF SUBSTEPS . . . . . . . . .     1
   MAXIMUM NUMBER OF EQUILIBRIUM ITERATIONS. . . .    15
   STEP CHANGE BOUNDARY CONDITIONS . . . . . . . .    NO
   STRESS-STIFFENING . . . . . . . . . . . . . . .    ON
   TERMINATE ANALYSIS IF NOT CONVERGED . . . . . .YES (EXIT)  
   CONVERGENCE CONTROLS. . . . . . . . . . . . . .USE DEFAULTS
   PRINT OUTPUT CONTROLS . . . . . . . . . . . . .NO PRINTOUT
   DATABASE OUTPUT CONTROLS
      ITEM     FREQUENCY   COMPONENT
       ALL       NONE               
      NSOL        ALL               
      RSOL        ALL               
      EANG        ALL               
      ETMP        ALL               
      VENG        ALL               
      STRS        ALL               
      EPEL        ALL               
      EPPL        ALL               
      CONT        ALL               


 SOLUTION MONITORING INFO IS WRITTEN TO FILE= file.mntr                                                                                                                                                                                                                                                           

 >>>> PRETENSION ELEMENT STATUS <<<<
 SECTION NAME     PT.NODE  --------STATUS--------------------  ----LOAD SOURCE----
   629             369771  FIXED RELATIVE MOTION= 0.28297E-04  D COMMAND
   637             373773  FIXED RELATIVE MOTION= 0.18597E-04  D COMMAND
   633             371772  FIXED RELATIVE MOTION= 0.22205E-04  D COMMAND
   645             377775  FIXED RELATIVE MOTION= 0.20686E-04  D COMMAND
   641             375774  FIXED RELATIVE MOTION= 0.30457E-04  D COMMAND
   649             379776  FIXED RELATIVE MOTION= 0.18772E-04  D COMMAND
 MAXIMUM NUMBER OF EQUILIBRIUM ITERATIONS HAS BEEN MODIFIED              
  TO BE, NEQIT = 26, BY SOLUTION CONTROL LOGIC.                          

     FORCE CONVERGENCE VALUE  =  0.1996E-01  CRITERION=   9.186    
     DISP CONVERGENCE VALUE   =  0.9746E-09  CRITERION=  0.7115E-06 <<< CONVERGED
    EQUIL ITER   1 COMPLETED.  NEW TRIANG MATRIX.  MAX DOF INC=  0.9746E-09
     DISP CONVERGENCE VALUE   =  0.9746E-09  CRITERION=  0.7115E-06 <<< CONVERGED
     LINE SEARCH PARAMETER =   1.000     SCALED MAX DOF INC =  0.9746E-09
     FORCE CONVERGENCE VALUE  =  0.6220E-04  CRITERION=   9.186     <<< CONVERGED
    >>> SOLUTION CONVERGED AFTER EQUILIBRIUM ITERATION   1
 *** LOAD STEP     2   SUBSTEP     1  COMPLETED.    CUM ITER =      9
 *** TIME =   1.20000         TIME INC =  0.200000    
 *** AUTO STEP TIME:  NEXT TIME INC = 0.20000      UNCHANGED

     FORCE CONVERGENCE VALUE  =  0.1999E-01  CRITERION=   9.186    
     DISP CONVERGENCE VALUE   =  0.9783E-09  CRITERION=  0.7115E-06 <<< CONVERGED
    EQUIL ITER   1 COMPLETED.  NEW TRIANG MATRIX.  MAX DOF INC= -0.9783E-09
     DISP CONVERGENCE VALUE   =  0.9783E-09  CRITERION=  0.7115E-06 <<< CONVERGED
     LINE SEARCH PARAMETER =   1.000     SCALED MAX DOF INC = -0.9783E-09
     FORCE CONVERGENCE VALUE  =  0.6426E-04  CRITERION=   9.186     <<< CONVERGED
    >>> SOLUTION CONVERGED AFTER EQUILIBRIUM ITERATION   1
 *** LOAD STEP     2   SUBSTEP     2  COMPLETED.    CUM ITER =     10
 *** TIME =   1.40000         TIME INC =  0.200000    
 *** AUTO TIME STEP:  NEXT TIME INC = 0.30000      INCREASED (FACTOR = 1.5000)

     FORCE CONVERGENCE VALUE  =  0.2539E-03  CRITERION=   9.186    
     DISP CONVERGENCE VALUE   =  0.2008E-10  CRITERION=  0.7115E-06 <<< CONVERGED
    EQUIL ITER   1 COMPLETED.  NEW TRIANG MATRIX.  MAX DOF INC=  0.2008E-10
     DISP CONVERGENCE VALUE   =  0.2008E-10  CRITERION=  0.7115E-06 <<< CONVERGED
     LINE SEARCH PARAMETER =   1.000     SCALED MAX DOF INC =  0.2008E-10
     FORCE CONVERGENCE VALUE  =  0.4846E-05  CRITERION=   9.186     <<< CONVERGED
    >>> SOLUTION CONVERGED AFTER EQUILIBRIUM ITERATION   1
 *** LOAD STEP     2   SUBSTEP     3  COMPLETED.    CUM ITER =     11
 *** TIME =   1.70000         TIME INC =  0.300000    
 *** AUTO STEP TIME:  NEXT TIME INC = 0.30000      UNCHANGED

     FORCE CONVERGENCE VALUE  =  0.7287E-04  CRITERION=   9.186    
     DISP CONVERGENCE VALUE   =  0.6323E-11  CRITERION=  0.7115E-06 <<< CONVERGED
    EQUIL ITER   1 COMPLETED.  NEW TRIANG MATRIX.  MAX DOF INC= -0.6323E-11
     DISP CONVERGENCE VALUE   =  0.6323E-11  CRITERION=  0.7115E-06 <<< CONVERGED
     LINE SEARCH PARAMETER =   1.000     SCALED MAX DOF INC = -0.6323E-11
     FORCE CONVERGENCE VALUE  =  0.1369E-05  CRITERION=   9.186     <<< CONVERGED
    >>> SOLUTION CONVERGED AFTER EQUILIBRIUM ITERATION   1
 *** LOAD STEP     2   SUBSTEP     4  COMPLETED.    CUM ITER =     12
 *** TIME =   2.00000         TIME INC =  0.300000    
 ****************************************************
 *************** FINISHED SOLVE FOR LS 2 *************

 FINISH SOLUTION PROCESSING


 ***** ROUTINE COMPLETED *****  ELAPSED TIME =      3661.086



 *GET  _WALLASOL  FROM  ACTI  ITEM=TIME WALL  VALUE=  1.01696872    

 PRINTOUT RESUMED BY /GOP

 *** MAPDL - ENGINEERING ANALYSIS SYSTEM  RELEASE 2026 R1.02       26.1     ***
 Ansys Mechanical Enterprise Academic Research     
 01196637  VERSION=WINDOWS x64   22:44:14  OCT 04, 2026 Elapsed Time=   3661.219

 powerboardsim_v1--BOLT750 - preload then locked length (B5)                   



          ***** MAPDL RESULTS INTERPRETATION (POST1) *****

 *** NOTE ***                            ELAPSED TIME =    3661.222   TIME= 22:44:14
 Reading results into the database (SET command) will update the current 
 displacement and force boundary conditions in the database with the     
 values from the results file for that load set.  Note that any          
 subsequent solutions will use these values unless action is taken to    
 either SAVE the current values or not overwrite them (/EXIT,NOSAVE).    

 PARAMETER _MECHOBJID =     4139.000000    

 PARAMETER _MECHANALYSISSTEP =     0.000000000    

 SET PARAMETER DIMENSIONS ON  _APDLBOLTCSIDS
  TYPE=ARRA  DIMENSIONS=        1        1        1

 *** WARNING ***                         ELAPSED TIME =    3661.224   TIME= 22:44:14
 Parameter _APDLBOLTCSIDS already exists.  It is deleted and redefined   
 by the *DIM command.                                                    

 PARAMETER _APDLBOLTCSIDS(1) =     12.00000000    

 PARAMETER _BOLTZLOC =     0.000000000    

 PARAMETER _NUTWASHERZLOC =     0.000000000    

 PARAMETER _NUTZLOC =     0.000000000    

 PARAMETER _MECHOBJID =     4147.000000    

 PARAMETER _MECHANALYSISSTEP =     0.000000000    

 SET PARAMETER DIMENSIONS ON  _APDLBOLTCSIDS
  TYPE=ARRA  DIMENSIONS=        1        1        1

 *** WARNING ***                         ELAPSED TIME =    3661.232   TIME= 22:44:14
 Parameter _APDLBOLTCSIDS already exists.  It is deleted and redefined   
 by the *DIM command.                                                    

 PARAMETER _APDLBOLTCSIDS(1) =     12.00000000    

 PARAMETER _BOLTZLOC =     0.000000000    

 PARAMETER _NUTWASHERZLOC =     0.000000000    

 PARAMETER _NUTZLOC =     0.000000000    

 PARAMETER _MECHOBJID =     4155.000000    

 PARAMETER _MECHANALYSISSTEP =     0.000000000    

 SET PARAMETER DIMENSIONS ON  _APDLBOLTCSIDS
  TYPE=ARRA  DIMENSIONS=        1        1        1

 *** WARNING ***                         ELAPSED TIME =    3661.233   TIME= 22:44:14
 Parameter _APDLBOLTCSIDS already exists.  It is deleted and redefined   
 by the *DIM command.                                                    

 PARAMETER _APDLBOLTCSIDS(1) =     12.00000000    

 PARAMETER _BOLTZLOC =     0.000000000    

 PARAMETER _NUTWASHERZLOC =     0.000000000    

 PARAMETER _NUTZLOC =     0.000000000    

 PARAMETER _MECHOBJID =     4163.000000    

 PARAMETER _MECHANALYSISSTEP =     0.000000000    

 SET PARAMETER DIMENSIONS ON  _APDLBOLTCSIDS
  TYPE=ARRA  DIMENSIONS=        1        1        1

 *** WARNING ***                         ELAPSED TIME =    3661.235   TIME= 22:44:14
 Parameter _APDLBOLTCSIDS already exists.  It is deleted and redefined   
 by the *DIM command.                                                    

 PARAMETER _APDLBOLTCSIDS(1) =     12.00000000    

 PARAMETER _BOLTZLOC =     0.000000000    

 PARAMETER _NUTWASHERZLOC =     0.000000000    

 PARAMETER _NUTZLOC =     0.000000000    

 PARAMETER _MECHOBJID =     4171.000000    

 PARAMETER _MECHANALYSISSTEP =     0.000000000    

 SET PARAMETER DIMENSIONS ON  _APDLBOLTCSIDS
  TYPE=ARRA  DIMENSIONS=        1        1        1

 *** WARNING ***                         ELAPSED TIME =    3661.236   TIME= 22:44:14
 Parameter _APDLBOLTCSIDS already exists.  It is deleted and redefined   
 by the *DIM command.                                                    

 PARAMETER _APDLBOLTCSIDS(1) =     12.00000000    

 PARAMETER _BOLTZLOC =     0.000000000    

 PARAMETER _NUTWASHERZLOC =     0.000000000    

 PARAMETER _NUTZLOC =     0.000000000    

 PARAMETER _MECHOBJID =     4179.000000    

 PARAMETER _MECHANALYSISSTEP =     0.000000000    

 SET PARAMETER DIMENSIONS ON  _APDLBOLTCSIDS
  TYPE=ARRA  DIMENSIONS=        1        1        1

 *** WARNING ***                         ELAPSED TIME =    3661.238   TIME= 22:44:14
 Parameter _APDLBOLTCSIDS already exists.  It is deleted and redefined   
 by the *DIM command.                                                    

 PARAMETER _APDLBOLTCSIDS(1) =     12.00000000    

 PARAMETER _BOLTZLOC =     0.000000000    

 PARAMETER _NUTWASHERZLOC =     0.000000000    

 PARAMETER _NUTZLOC =     0.000000000    
 You have already entered the general postprocessor (POST1).             

 OPENED FILE= bolt_preload_audit.csv FOR COMMAND FILE DATA 


 *DO LOOP ON PARAMETER= PBSTEP FROM  1.0000     TO  2.0000     BY  1.0000    


 USE LOAD STEP     1  SUBSTEP  LAST    FOR LOAD CASE 0 

 SET COMMAND GOT LOAD STEP=     1  SUBSTEP=     4  CUMULATIVE ITERATION=     8
   TIME/FREQUENCY=  1.0000    
 TITLE= powerboardsim_v1--BOLT750 - preload then locked length (B5)             

 *DO LOOP ON PARAMETER= PBII FROM  1.0000     TO  6.0000     BY  1.0000    

 PARAMETER PBPN =     369771.0000    

 *GET  PBUX      FROM  NODE 369771  ITEM=U    X     VALUE= 0.282970332E-04

 *ENDDO  INDEX= PBII                            

 *ENDDO  INDEX= PBSTEP                          

  COMMAND FILE CLOSED 


 SELECT ALL ENTITIES OF TYPE= ALL  AND BELOW

 Set Encoding of XML File to:ISO-8859-1

 Set Output of XML File to:
     PARM,     ,     ,     ,     ,     ,     ,     ,     ,     ,     ,     ,
         ,     ,     ,     ,     ,     ,     ,

 DATABASE WRITTEN ON FILE  parm.xml                                                                                                                                                                                                                                                            

 EXIT THE MAPDL POST1 DATABASE PROCESSOR


 ***** ROUTINE COMPLETED *****  ELAPSED TIME =      3664.535



 PRINTOUT RESUMED BY /GOP

 *GET  _WALLDONE  FROM  ACTI  ITEM=TIME WALL  VALUE=  1.01792654    

 PARAMETER _PREPTIME =     20.19948792    

 PARAMETER _SOLVTIME =     3628.491904    

 PARAMETER _POSTTIME =     3.448142000    

 PARAMETER _TOTALTIM =     3652.139533    

 *GET  _DLBRATIO  FROM  ACTI  ITEM=SOLU DLBR  VALUE=  1.82363490    

 *GET  _COMBTIME  FROM  ACTI  ITEM=SOLU COMB  VALUE=  93.3278055    

 *GET  _SSMODE   FROM  ACTI  ITEM=SOLU SSMM  VALUE=  2.00000000    

 *GET  _NDOFS    FROM  ACTI  ITEM=SOLU NDOF  VALUE=  1071426.00    
 --- Total number of nodes = 369590
 --- Total number of elements = 248516
 --- Element load balance ratio = 1.8236349
 --- Time to combine distributed files = 93.3278055
 --- Sparse memory mode = 2
 --- Number of DOF = 1071426

 EXIT MAPDL WITHOUT SAVING DATABASE


 NUMBER OF WARNING MESSAGES ENCOUNTERED=         45
 NUMBER OF ERROR   MESSAGES ENCOUNTERED=          0

 *** NOTE ***                            ELAPSED TIME =    3679.972   TIME= 22:44:32
 The solution for the current simulation was performed using 12 cores.   
 The parallel performance of this simulation on this hardware indicates  
 that this simulation would benefit from using additional CPU cores.     
 Consider using more CPU cores, which may require additional HPC         
 licenses, when running this simulation again on the same hardware.      

+--------------------- M A P D L   S T A T I S T I C S ------------------------+

Release: 2026 R1.02         Build: 26.1       Update: UP20260202   Platform: WINDOWS x64 
Date Run: 10/04/2026   Time: 22:44     Process ID: 388
Operating System: Windows 11  (Build: 26200)

Processor Model:                           Virtual CPU @ 3.20GHz

Compiler: Intel(R) Fortran Compiler Classic Version 2021.9  (Build: 20230302)
          Intel(R) C/C++ Compiler Classic Version 2021.9  (Build: 20230302)
          AOCL-BLAS 5.1.1 Build 20251008
          Intel(R) oneAPI Math Kernel Library Version 2024.2.3-Product Build 20250403

Number of machines requested            :    1
Total number of cores available         :   14
Number of physical cores available      :   14
Number of processes requested           :   12
Number of threads per process requested :    1
Total number of cores requested         :   12 (Distributed Memory Parallel)               
MPI Type: INTELMPI
MPI Version: Intel(R) MPI Library 2021.16 for Windows* OS


GPU Acceleration: Not Requested

Job Name: file0
Input File: dummy.dat

  Core                Machine Name   Working Directory
 -----------------------------------------------------
     0             MARCDNICHITBF25   Z:\Developer\MIT_Rkt_Team\2026-7\MIT-RT-26_27-Work\simulation_work\avionics\powerboardsim\1\_ProjectScratch\ScrF704
     1             MARCDNICHITBF25   Z:\Developer\MIT_Rkt_Team\2026-7\MIT-RT-26_27-Work\simulation_work\avionics\powerboardsim\1\_ProjectScratch\ScrF704
     2             MARCDNICHITBF25   Z:\Developer\MIT_Rkt_Team\2026-7\MIT-RT-26_27-Work\simulation_work\avionics\powerboardsim\1\_ProjectScratch\ScrF704
     3             MARCDNICHITBF25   Z:\Developer\MIT_Rkt_Team\2026-7\MIT-RT-26_27-Work\simulation_work\avionics\powerboardsim\1\_ProjectScratch\ScrF704
     4             MARCDNICHITBF25   Z:\Developer\MIT_Rkt_Team\2026-7\MIT-RT-26_27-Work\simulation_work\avionics\powerboardsim\1\_ProjectScratch\ScrF704
     5             MARCDNICHITBF25   Z:\Developer\MIT_Rkt_Team\2026-7\MIT-RT-26_27-Work\simulation_work\avionics\powerboardsim\1\_ProjectScratch\ScrF704
     6             MARCDNICHITBF25   Z:\Developer\MIT_Rkt_Team\2026-7\MIT-RT-26_27-Work\simulation_work\avionics\powerboardsim\1\_ProjectScratch\ScrF704
     7             MARCDNICHITBF25   Z:\Developer\MIT_Rkt_Team\2026-7\MIT-RT-26_27-Work\simulation_work\avionics\powerboardsim\1\_ProjectScratch\ScrF704
     8             MARCDNICHITBF25   Z:\Developer\MIT_Rkt_Team\2026-7\MIT-RT-26_27-Work\simulation_work\avionics\powerboardsim\1\_ProjectScratch\ScrF704
     9             MARCDNICHITBF25   Z:\Developer\MIT_Rkt_Team\2026-7\MIT-RT-26_27-Work\simulation_work\avionics\powerboardsim\1\_ProjectScratch\ScrF704
    10             MARCDNICHITBF25   Z:\Developer\MIT_Rkt_Team\2026-7\MIT-RT-26_27-Work\simulation_work\avionics\powerboardsim\1\_ProjectScratch\ScrF704
    11             MARCDNICHITBF25   Z:\Developer\MIT_Rkt_Team\2026-7\MIT-RT-26_27-Work\simulation_work\avionics\powerboardsim\1\_ProjectScratch\ScrF704
 
Latency time from master to core     1 =  641.465 microseconds
Latency time from master to core     2 =   34.453 microseconds
Latency time from master to core     3 =   33.763 microseconds
Latency time from master to core     4 =  641.980 microseconds
Latency time from master to core     5 =   40.509 microseconds
Latency time from master to core     6 =   31.941 microseconds
Latency time from master to core     7 =   80.155 microseconds
Latency time from master to core     8 =  449.110 microseconds
Latency time from master to core     9 =   32.661 microseconds
Latency time from master to core    10 =   33.835 microseconds
Latency time from master to core    11 =  520.960 microseconds
 
Communication speed from master to core     1 =   278.31 MB/sec
Communication speed from master to core     2 =   281.60 MB/sec
Communication speed from master to core     3 =   277.38 MB/sec
Communication speed from master to core     4 =   281.17 MB/sec
Communication speed from master to core     5 =   296.78 MB/sec
Communication speed from master to core     6 =   265.15 MB/sec
Communication speed from master to core     7 =   280.87 MB/sec
Communication speed from master to core     8 =   242.01 MB/sec
Communication speed from master to core     9 =   280.92 MB/sec
Communication speed from master to core    10 =   372.37 MB/sec
Communication speed from master to core    11 =  1090.61 MB/sec

Total CPU time for main thread                    :     3213.5 seconds
Total CPU time summed for all threads             :     3522.2 seconds

Elapsed time spent obtaining a license            :        0.7 seconds
Elapsed time spent pre-processing model (/PREP7)  :       19.8 seconds
Elapsed time spent solution - preprocessing       :       53.5 seconds
Elapsed time spent computing solution             :     3466.4 seconds
   Elapsed time in element formation & assembly   :     1291.1 seconds
   Elapsed time in equation solver                :     1382.9 seconds
   Elapsed time in element result calculations    :      233.1 seconds
Elapsed time spent solution - postprocessing      :       93.3 seconds
Elapsed time spent post-processing model (/POST1) :        3.3 seconds
 
Equation solver used                              :            Sparse (symmetric)
Sparse direct equation solver computational rate  :       19.3 Gflops
Sparse direct equation solver effective I/O rate  :       91.8 GB/sec

Sum of disk space used on all processes           :     4934.1 MB

Sum of memory used on all processes               :    16953.0 MB
Sum of memory allocated on all processes          :    22690.0 MB
Physical memory available                         :        112 GB
Total amount of I/O written to disk               :       25.5 GB
Total amount of I/O read from disk                :       67.5 GB

+------------------ E N D   M A P D L   S T A T I S T I C S -------------------+


 *-----------------------------------------------------------------------------*
 |                                                                             |
 |                               RUN COMPLETED                                 |
 |                                                                             |
 |-----------------------------------------------------------------------------|
 |                                                                             |
 |  Ansys MAPDL 2026 R1.02      Build 26.1         UP20260202    WINDOWS x64   |
 |                                                                             |
 |-----------------------------------------------------------------------------|
 |                                                                             |
 |  Database Requested(-db)     1024 MB     Scratch Memory Requested   1024 MB |
 |  Max Database Used(Master)    634 MB     Max Scratch Used(Master)   1740 MB |
 |  Max Database Used(Workers)     1 MB     Max Scratch Used(Workers)  1948 MB |
 |  Sum Database Used(All)       645 MB     Sum Scratch Used(All)     16308 MB |
 |                                                                             |
 |-----------------------------------------------------------------------------|
 |                                                                             |
 |        CP Time      (sec) =       3522.172       Time  =  22:44:32          |
 |        Elapsed Time (sec) =       3679.971       Date  =  10/04/2026        |
 |                                                                             |
 *-----------------------------------------------------------------------------*
