element,damage_top,damage_mid,damage_bot,peeq_bot,seqv_bot,z_mm
       1.,  0.00000000E+00,  0.00000000E+00,  0.00000000E+00,  0.00000000E+00,  0.40268521E+02, -0.11976790E+01
       2.,  0.00000000E+00,  0.00000000E+00,  0.00000000E+00,  0.00000000E+00,  0.42876494E+02, -0.11976790E+01
       3.,  0.00000000E+00,  0.00000000E+00,  0.00000000E+00,  0.00000000E+00,  0.43440329E+02, -0.11976790E+01
       4.,  0.00000000E+00,  0.00000000E+00,  0.00000000E+00,  0.00000000E+00,  0.38585946E+02, -0.11976790E+01
       5.,  0.00000000E+00,  0.00000000E+00,  0.00000000E+00,  0.00000000E+00,  0.31632398E+02, -0.11976790E+01
       6.,  0.00000000E+00,  0.00000000E+00,  0.00000000E+00,  0.00000000E+00,  0.29095153E+02, -0.11976790E+01
       7.,  0.00000000E+00,  0.00000000E+00,  0.00000000E+00,  0.00000000E+00,  0.33334458E+02, -0.11976790E+01
       8.,  0.00000000E+00,  0.00000000E+00,  0.00000000E+00,  0.00000000E+00,  0.36414009E+02, -0.11976790E+01
       9.,  0.00000000E+00,  0.00000000E+00,  0.00000000E+00,  0.00000000E+00,  0.34868063E+02, -0.11976790E+01
      10.,  0.00000000E+00,  0.00000000E+00,  0.00000000E+00,  0.00000000E+00,  0.36191276E+02, -0.11976790E+01
      11.,  0.00000000E+00,  0.00000000E+00,  0.00000000E+00,  0.00000000E+00,  0.45486600E+02, -0.11976790E+01
      12.,  0.00000000E+00,  0.00000000E+00,  0.00000000E+00,  0.00000000E+00,  0.55119774E+02, -0.11976790E+01
      13.,  0.00000000E+00,  0.00000000E+00,  0.00000000E+00,  0.00000000E+00,  0.59444928E+02, -0.11976790E+01
      14.,  0.00000000E+00,  0.00000000E+00,  0.00000000E+00,  0.00000000E+00,  0.57424297E+02, -0.11976790E+01
      15.,  0.00000000E+00,  0.00000000E+00,  0.00000000E+00,  0.00000000E+00,  0.52289679E+02, -0.11976790E+01
      16.,  0.00000000E+00,  0.00000000E+00,  0.00000000E+00,  0.00000000E+00,  0.47715819E+02, -0.11976790E+01
      17.,  0.00000000E+00,  0.00000000E+00,  0.00000000E+00,  0.00000000E+00,  0.40927487E+02, -0.11976790E+01
      18.,  0.00000000E+00,  0.00000000E+00,  0.00000000E+00,  0.00000000E+00,  0.42433546E+02, -0.11976790E+01
      19.,  0.00000000E+00,  0.00000000E+00,  0.00000000E+00,  0.00000000E+00,  0.46917804E+02, -0.11976790E+01
      20.,  0.00000000E+00,  0.00000000E+00,  0.00000000E+00,  0.00000000E+00,  0.56825310E+02, -0.11976790E+01
      21.,  0.00000000E+00,  0.00000000E+00,  0.00000000E+00,  0.00000000E+00,  0.67696059E+02, -0.11976790E+01
      22.,  0.00000000E+00,  0.00000000E+00,  0.00000000E+00,  0.00000000E+00,  0.75903775E+02, -0.11976790E+01
      23.,  0.00000000E+00,  0.00000000E+00,  0.00000000E+00,  0.00000000E+00,  0.78787462E+02, -0.11976790E+01
      24.,  0.00000000E+00,  0.00000000E+00,  0.00000000E+00,  0.00000000E+00,  0.75850090E+02, -0.11976790E+01
      25.,  0.00000000E+00,  0.00000000E+00,  0.00000000E+00,  0.00000000E+00,  0.68432048E+02, -0.11976790E+01
      26.,  0.00000000E+00,  0.00000000E+00,  0.00000000E+00,  0.00000000E+00,  0.58728099E+02, -0.11976790E+01
      27.,  0.00000000E+00,  0.00000000E+00,  0.00000000E+00,  0.00000000E+00,  0.48682120E+02, -0.11976790E+01
      28.,  0.00000000E+00,  0.00000000E+00,  0.00000000E+00,  0.00000000E+00,  0.39449904E+02, -0.11976790E+01
      29.,  0.00000000E+00,  0.00000000E+00,  0.00000000E+00,  0.00000000E+00,  0.31470125E+02, -0.11976790E+01
      30.,  0.00000000E+00,  0.00000000E+00,  0.00000000E+00,  0.00000000E+00,  0.24789669E+02, -0.11976790E+01
      31.,  0.00000000E+00,  0.00000000E+00,  0.00000000E+00,  0.00000000E+00,  0.19314880E+02, -0.11976790E+01
      32.,  0.00000000E+00,  0.00000000E+00,  0.00000000E+00,  0.00000000E+00,  0.14935881E+02, -0.11976790E+01
      33.,  0.00000000E+00,  0.00000000E+00,  0.00000000E+00,  0.00000000E+00,  0.11421356E+02, -0.11976790E+01
      34.,  0.00000000E+00,  0.00000000E+00,  0.00000000E+00,  0.00000000E+00,  0.87653944E+01, -0.11976790E+01
      35.,  0.00000000E+00,  0.00000000E+00,  0.00000000E+00,  0.00000000E+00,  0.79716491E+01, -0.11976790E+01
      36.,  0.00000000E+00,  0.00000000E+00,  0.00000000E+00,  0.00000000E+00,  0.97940231E+01, -0.11976790E+01
      37.,  0.00000000E+00,  0.00000000E+00,  0.00000000E+00,  0.00000000E+00,  0.13096352E+02, -0.11976790E+01
      38.,  0.00000000E+00,  0.00000000E+00,  0.00000000E+00,  0.00000000E+00,  0.16554625E+02, -0.11976790E+01
      39.,  0.00000000E+00,  0.00000000E+00,  0.00000000E+00,  0.00000000E+00,  0.19262621E+02, -0.11976790E+01
      40.,  0.00000000E+00,  0.00000000E+00,  0.00000000E+00,  0.00000000E+00,  0.20551398E+02, -0.11976790E+01
      41.,  0.00000000E+00,  0.00000000E+00,  0.00000000E+00,  0.00000000E+00,  0.20029522E+02, -0.11976790E+01
      42.,  0.00000000E+00,  0.00000000E+00,  0.00000000E+00,  0.00000000E+00,  0.17711302E+02, -0.11976790E+01
      43.,  0.00000000E+00,  0.00000000E+00,  0.00000000E+00,  0.00000000E+00,  0.14089516E+02, -0.11976790E+01
      44.,  0.00000000E+00,  0.00000000E+00,  0.00000000E+00,  0.00000000E+00,  0.10262191E+02, -0.11976790E+01
      45.,  0.00000000E+00,  0.00000000E+00,  0.00000000E+00,  0.00000000E+00,  0.84632701E+01, -0.11976790E+01
      46.,  0.00000000E+00,  0.00000000E+00,  0.00000000E+00,  0.00000000E+00,  0.10658148E+02, -0.11976790E+01
      47.,  0.00000000E+00,  0.00000000E+00,  0.00000000E+00,  0.00000000E+00,  0.15152973E+02, -0.11976790E+01
      48.,  0.00000000E+00,  0.00000000E+00,  0.00000000E+00,  0.00000000E+00,  0.20210969E+02, -0.11976790E+01
      49.,  0.00000000E+00,  0.00000000E+00,  0.00000000E+00,  0.00000000E+00,  0.25543836E+02, -0.11976790E+01
      50.,  0.00000000E+00,  0.00000000E+00,  0.00000000E+00,  0.00000000E+00,  0.31688190E+02, -0.11976790E+01
      51.,  0.00000000E+00,  0.00000000E+00,  0.00000000E+00,  0.00000000E+00,  0.39095983E+02, -0.11976790E+01
      52.,  0.00000000E+00,  0.00000000E+00,  0.00000000E+00,  0.00000000E+00,  0.47907761E+02, -0.11976790E+01
      53.,  0.00000000E+00,  0.00000000E+00,  0.00000000E+00,  0.00000000E+00,  0.58107396E+02, -0.11976790E+01
      54.,  0.00000000E+00,  0.00000000E+00,  0.00000000E+00,  0.00000000E+00,  0.69295649E+02, -0.11976790E+01
      55.,  0.00000000E+00,  0.00000000E+00,  0.00000000E+00,  0.00000000E+00,  0.80346341E+02, -0.11976790E+01
      56.,  0.00000000E+00,  0.00000000E+00,  0.00000000E+00,  0.00000000E+00,  0.89211030E+02, -0.11976790E+01
      57.,  0.00000000E+00,  0.00000000E+00,  0.00000000E+00,  0.00000000E+00,  0.93337670E+02, -0.11976790E+01
      58.,  0.00000000E+00,  0.00000000E+00,  0.00000000E+00,  0.00000000E+00,  0.90829182E+02, -0.11976790E+01
      59.,  0.00000000E+00,  0.00000000E+00,  0.00000000E+00,  0.00000000E+00,  0.81658514E+02, -0.11976790E+01
      60.,  0.00000000E+00,  0.00000000E+00,  0.00000000E+00,  0.00000000E+00,  0.68097573E+02, -0.11976790E+01
      61.,  0.00000000E+00,  0.00000000E+00,  0.00000000E+00,  0.00000000E+00,  0.53808595E+02, -0.11976790E+01
      62.,  0.00000000E+00,  0.00000000E+00,  0.00000000E+00,  0.00000000E+00,  0.43298443E+02, -0.11976790E+01
      63.,  0.00000000E+00,  0.00000000E+00,  0.00000000E+00,  0.00000000E+00,  0.37572178E+02, -0.11976790E+01
      64.,  0.00000000E+00,  0.00000000E+00,  0.00000000E+00,  0.00000000E+00,  0.42627058E+02, -0.11976790E+01
      65.,  0.00000000E+00,  0.00000000E+00,  0.00000000E+00,  0.00000000E+00,  0.79923434E+02, -0.11976790E+01
      66.,  0.00000000E+00,  0.00000000E+00,  0.00000000E+00,  0.00000000E+00,  0.65877296E+02, -0.11976790E+01
      67.,  0.00000000E+00,  0.00000000E+00,  0.00000000E+00,  0.00000000E+00,  0.49879757E+02, -0.11976790E+01
      68.,  0.00000000E+00,  0.00000000E+00,  0.00000000E+00,  0.00000000E+00,  0.45869246E+02, -0.11976790E+01
      69.,  0.00000000E+00,  0.00000000E+00,  0.00000000E+00,  0.00000000E+00,  0.48233760E+02, -0.11976790E+01
      70.,  0.00000000E+00,  0.00000000E+00,  0.00000000E+00,  0.00000000E+00,  0.44975490E+02, -0.11976790E+01
      71.,  0.00000000E+00,  0.00000000E+00,  0.00000000E+00,  0.00000000E+00,  0.29366229E+02, -0.11976790E+01
      72.,  0.00000000E+00,  0.00000000E+00,  0.00000000E+00,  0.00000000E+00,  0.25479844E+02, -0.11976790E+01
      73.,  0.00000000E+00,  0.00000000E+00,  0.00000000E+00,  0.00000000E+00,  0.51602440E+02, -0.11976790E+01
      74.,  0.00000000E+00,  0.00000000E+00,  0.00000000E+00,  0.00000000E+00,  0.68266909E+02, -0.11976790E+01
      75.,  0.00000000E+00,  0.00000000E+00,  0.00000000E+00,  0.00000000E+00,  0.66180960E+02, -0.11976790E+01
      76.,  0.00000000E+00,  0.00000000E+00,  0.00000000E+00,  0.00000000E+00,  0.53918387E+02, -0.11976790E+01
      77.,  0.00000000E+00,  0.00000000E+00,  0.00000000E+00,  0.00000000E+00,  0.45344463E+02, -0.11976790E+01
      78.,  0.00000000E+00,  0.00000000E+00,  0.00000000E+00,  0.00000000E+00,  0.50239312E+02, -0.11976790E+01
      79.,  0.00000000E+00,  0.00000000E+00,  0.00000000E+00,  0.00000000E+00,  0.63142668E+02, -0.11976790E+01
      80.,  0.00000000E+00,  0.00000000E+00,  0.00000000E+00,  0.00000000E+00,  0.65363654E+02, -0.11976790E+01
      81.,  0.00000000E+00,  0.00000000E+00,  0.00000000E+00,  0.00000000E+00,  0.81453762E+02, -0.11976790E+01
      82.,  0.00000000E+00,  0.00000000E+00,  0.00000000E+00,  0.00000000E+00,  0.78862231E+02, -0.11976790E+01
      83.,  0.00000000E+00,  0.00000000E+00,  0.00000000E+00,  0.00000000E+00,  0.80750263E+02, -0.11976790E+01
      84.,  0.00000000E+00,  0.00000000E+00,  0.00000000E+00,  0.00000000E+00,  0.76447731E+02, -0.11976790E+01
      85.,  0.00000000E+00,  0.00000000E+00,  0.00000000E+00,  0.00000000E+00,  0.69439129E+02, -0.11976790E+01
      86.,  0.00000000E+00,  0.00000000E+00,  0.00000000E+00,  0.00000000E+00,  0.61163847E+02, -0.11976790E+01
      87.,  0.00000000E+00,  0.00000000E+00,  0.00000000E+00,  0.00000000E+00,  0.54234958E+02, -0.11976790E+01
      88.,  0.00000000E+00,  0.00000000E+00,  0.00000000E+00,  0.00000000E+00,  0.49287747E+02, -0.11976790E+01
      89.,  0.00000000E+00,  0.00000000E+00,  0.00000000E+00,  0.00000000E+00,  0.45187449E+02, -0.11976790E+01
      90.,  0.00000000E+00,  0.00000000E+00,  0.00000000E+00,  0.00000000E+00,  0.40908799E+02, -0.11976790E+01
      91.,  0.00000000E+00,  0.00000000E+00,  0.00000000E+00,  0.00000000E+00,  0.36436101E+02, -0.11976790E+01
      92.,  0.00000000E+00,  0.00000000E+00,  0.00000000E+00,  0.00000000E+00,  0.32165289E+02, -0.11976790E+01
      93.,  0.00000000E+00,  0.00000000E+00,  0.00000000E+00,  0.00000000E+00,  0.28399292E+02, -0.11976790E+01
      94.,  0.00000000E+00,  0.00000000E+00,  0.00000000E+00,  0.00000000E+00,  0.25247216E+02, -0.11976790E+01
      95.,  0.00000000E+00,  0.00000000E+00,  0.00000000E+00,  0.00000000E+00,  0.22689041E+02, -0.11976790E+01
      96.,  0.00000000E+00,  0.00000000E+00,  0.00000000E+00,  0.00000000E+00,  0.20649490E+02, -0.11976790E+01
      97.,  0.00000000E+00,  0.00000000E+00,  0.00000000E+00,  0.00000000E+00,  0.18930631E+02, -0.11976790E+01
      98.,  0.00000000E+00,  0.00000000E+00,  0.00000000E+00,  0.00000000E+00,  0.17305532E+02, -0.11976790E+01
      99.,  0.00000000E+00,  0.00000000E+00,  0.00000000E+00,  0.00000000E+00,  0.15716490E+02, -0.11976790E+01
     100.,  0.00000000E+00,  0.00000000E+00,  0.00000000E+00,  0.00000000E+00,  0.14180278E+02, -0.11976790E+01
     101.,  0.00000000E+00,  0.00000000E+00,  0.00000000E+00,  0.00000000E+00,  0.12684299E+02, -0.11976790E+01
     102.,  0.00000000E+00,  0.00000000E+00,  0.00000000E+00,  0.00000000E+00,  0.11195160E+02, -0.11976790E+01
     103.,  0.00000000E+00,  0.00000000E+00,  0.00000000E+00,  0.00000000E+00,  0.97512358E+01, -0.11976790E+01
     104.,  0.00000000E+00,  0.00000000E+00,  0.00000000E+00,  0.00000000E+00,  0.86379219E+01, -0.11976790E+01
     105.,  0.00000000E+00,  0.00000000E+00,  0.00000000E+00,  0.00000000E+00,  0.84325073E+01, -0.11976790E+01
     106.,  0.00000000E+00,  0.00000000E+00,  0.00000000E+00,  0.00000000E+00,  0.95098760E+01, -0.11976790E+01
     107.,  0.00000000E+00,  0.00000000E+00,  0.00000000E+00,  0.00000000E+00,  0.11592717E+02, -0.11976790E+01
     108.,  0.00000000E+00,  0.00000000E+00,  0.00000000E+00,  0.00000000E+00,  0.14199589E+02, -0.11976790E+01
     109.,  0.00000000E+00,  0.00000000E+00,  0.00000000E+00,  0.00000000E+00,  0.17021193E+02, -0.11976790E+01
     110.,  0.00000000E+00,  0.00000000E+00,  0.00000000E+00,  0.00000000E+00,  0.19894933E+02, -0.11976790E+01
     111.,  0.00000000E+00,  0.00000000E+00,  0.00000000E+00,  0.00000000E+00,  0.22726354E+02, -0.11976790E+01
     112.,  0.00000000E+00,  0.00000000E+00,  0.00000000E+00,  0.00000000E+00,  0.25454654E+02, -0.11976790E+01
     113.,  0.00000000E+00,  0.00000000E+00,  0.00000000E+00,  0.00000000E+00,  0.28194570E+02, -0.11976790E+01
     114.,  0.00000000E+00,  0.00000000E+00,  0.00000000E+00,  0.00000000E+00,  0.31290622E+02, -0.11976790E+01
     115.,  0.00000000E+00,  0.00000000E+00,  0.00000000E+00,  0.00000000E+00,  0.34994439E+02, -0.11976790E+01
     116.,  0.00000000E+00,  0.00000000E+00,  0.00000000E+00,  0.00000000E+00,  0.39354719E+02, -0.11976790E+01
     117.,  0.00000000E+00,  0.00000000E+00,  0.00000000E+00,  0.00000000E+00,  0.44325748E+02, -0.11976790E+01
     118.,  0.00000000E+00,  0.00000000E+00,  0.00000000E+00,  0.00000000E+00,  0.49704699E+02, -0.11976790E+01
     119.,  0.00000000E+00,  0.00000000E+00,  0.00000000E+00,  0.00000000E+00,  0.55231149E+02, -0.11976790E+01
     120.,  0.00000000E+00,  0.00000000E+00,  0.00000000E+00,  0.00000000E+00,  0.60898172E+02, -0.11976790E+01
     121.,  0.00000000E+00,  0.00000000E+00,  0.00000000E+00,  0.00000000E+00,  0.67330322E+02, -0.11976790E+01
     122.,  0.00000000E+00,  0.00000000E+00,  0.00000000E+00,  0.00000000E+00,  0.75147030E+02, -0.11976790E+01
     123.,  0.00000000E+00,  0.00000000E+00,  0.00000000E+00,  0.00000000E+00,  0.83347281E+02, -0.11976790E+01
     124.,  0.00000000E+00,  0.00000000E+00,  0.00000000E+00,  0.00000000E+00,  0.89427753E+02, -0.11976790E+01
     125.,  0.00000000E+00,  0.00000000E+00,  0.00000000E+00,  0.00000000E+00,  0.92226736E+02, -0.11976790E+01
     126.,  0.00000000E+00,  0.00000000E+00,  0.00000000E+00,  0.00000000E+00,  0.90923241E+02, -0.11976790E+01
     127.,  0.00000000E+00,  0.00000000E+00,  0.00000000E+00,  0.00000000E+00,  0.92345133E+02, -0.11976790E+01
     128.,  0.00000000E+00,  0.00000000E+00,  0.00000000E+00,  0.00000000E+00,  0.69741362E+02, -0.11976790E+01
     129.,  0.00000000E+00,  0.00000000E+00,  0.00000000E+00,  0.00000000E+00,  0.69080097E+02, -0.11976790E+01
     130.,  0.00000000E+00,  0.00000000E+00,  0.00000000E+00,  0.00000000E+00,  0.52903619E+02, -0.11976790E+01
     131.,  0.00000000E+00,  0.00000000E+00,  0.00000000E+00,  0.00000000E+00,  0.38286246E+02, -0.11976790E+01
     132.,  0.00000000E+00,  0.00000000E+00,  0.00000000E+00,  0.00000000E+00,  0.28996917E+02, -0.11976790E+01
     133.,  0.00000000E+00,  0.00000000E+00,  0.00000000E+00,  0.00000000E+00,  0.33116350E+02, -0.11976790E+01
     134.,  0.00000000E+00,  0.00000000E+00,  0.00000000E+00,  0.00000000E+00,  0.34249004E+02, -0.11976790E+01
     135.,  0.00000000E+00,  0.00000000E+00,  0.00000000E+00,  0.00000000E+00,  0.24120566E+02, -0.11976790E+01
     136.,  0.00000000E+00,  0.00000000E+00,  0.00000000E+00,  0.00000000E+00,  0.34498970E+02, -0.11976790E+01
     137.,  0.00000000E+00,  0.00000000E+00,  0.00000000E+00,  0.00000000E+00,  0.68208844E+02, -0.11976790E+01
     138.,  0.00000000E+00,  0.00000000E+00,  0.00000000E+00,  0.00000000E+00,  0.88845263E+02, -0.11976790E+01
     139.,  0.00000000E+00,  0.00000000E+00,  0.00000000E+00,  0.00000000E+00,  0.92586053E+02, -0.11976790E+01
     140.,  0.00000000E+00,  0.00000000E+00,  0.00000000E+00,  0.00000000E+00,  0.88604852E+02, -0.11976790E+01
     141.,  0.00000000E+00,  0.00000000E+00,  0.00000000E+00,  0.00000000E+00,  0.90147245E+02, -0.11976790E+01
     142.,  0.00000000E+00,  0.00000000E+00,  0.00000000E+00,  0.00000000E+00,  0.93247297E+02, -0.11976790E+01
     143.,  0.00000000E+00,  0.00000000E+00,  0.00000000E+00,  0.00000000E+00,  0.98579254E+02, -0.11976790E+01
     144.,  0.00000000E+00,  0.00000000E+00,  0.00000000E+00,  0.00000000E+00,  0.11383873E+03, -0.11976790E+01
     145.,  0.00000000E+00,  0.00000000E+00,  0.00000000E+00,  0.00000000E+00,  0.89042993E+02, -0.11976790E+01
     146.,  0.00000000E+00,  0.00000000E+00,  0.00000000E+00,  0.00000000E+00,  0.10468283E+03, -0.11976790E+01
     147.,  0.00000000E+00,  0.00000000E+00,  0.00000000E+00,  0.00000000E+00,  0.94128516E+02, -0.11976790E+01
     148.,  0.00000000E+00,  0.00000000E+00,  0.00000000E+00,  0.00000000E+00,  0.85549683E+02, -0.11976790E+01
     149.,  0.00000000E+00,  0.00000000E+00,  0.00000000E+00,  0.00000000E+00,  0.71583592E+02, -0.11976790E+01
     150.,  0.00000000E+00,  0.00000000E+00,  0.00000000E+00,  0.00000000E+00,  0.55924396E+02, -0.11976790E+01
     151.,  0.00000000E+00,  0.00000000E+00,  0.00000000E+00,  0.00000000E+00,  0.43155350E+02, -0.11976790E+01
     152.,  0.00000000E+00,  0.00000000E+00,  0.00000000E+00,  0.00000000E+00,  0.35776047E+02, -0.11976790E+01
     153.,  0.00000000E+00,  0.00000000E+00,  0.00000000E+00,  0.00000000E+00,  0.32149837E+02, -0.11976790E+01
     154.,  0.00000000E+00,  0.00000000E+00,  0.00000000E+00,  0.00000000E+00,  0.29860685E+02, -0.11976790E+01
     155.,  0.00000000E+00,  0.00000000E+00,  0.00000000E+00,  0.00000000E+00,  0.27858309E+02, -0.11976790E+01
     156.,  0.00000000E+00,  0.00000000E+00,  0.00000000E+00,  0.00000000E+00,  0.26020295E+02, -0.11976790E+01
     157.,  0.00000000E+00,  0.00000000E+00,  0.00000000E+00,  0.00000000E+00,  0.24427016E+02, -0.11976790E+01
     158.,  0.00000000E+00,  0.00000000E+00,  0.00000000E+00,  0.00000000E+00,  0.23095084E+02, -0.11976790E+01
     159.,  0.00000000E+00,  0.00000000E+00,  0.00000000E+00,  0.00000000E+00,  0.21984691E+02, -0.11976790E+01
     160.,  0.00000000E+00,  0.00000000E+00,  0.00000000E+00,  0.00000000E+00,  0.21042284E+02, -0.11976790E+01
     161.,  0.00000000E+00,  0.00000000E+00,  0.00000000E+00,  0.00000000E+00,  0.20156981E+02, -0.11976790E+01
     162.,  0.00000000E+00,  0.00000000E+00,  0.00000000E+00,  0.00000000E+00,  0.19178804E+02, -0.11976790E+01
     163.,  0.00000000E+00,  0.00000000E+00,  0.00000000E+00,  0.00000000E+00,  0.17980491E+02, -0.11976790E+01
     164.,  0.00000000E+00,  0.00000000E+00,  0.00000000E+00,  0.00000000E+00,  0.16440399E+02, -0.11976790E+01
     165.,  0.00000000E+00,  0.00000000E+00,  0.00000000E+00,  0.00000000E+00,  0.14395013E+02, -0.11976790E+01
     166.,  0.00000000E+00,  0.00000000E+00,  0.00000000E+00,  0.00000000E+00,  0.11696673E+02, -0.11976790E+01
     167.,  0.00000000E+00,  0.00000000E+00,  0.00000000E+00,  0.00000000E+00,  0.83777076E+01, -0.11976790E+01
     168.,  0.00000000E+00,  0.00000000E+00,  0.00000000E+00,  0.00000000E+00,  0.51771791E+01, -0.11976790E+01
     169.,  0.00000000E+00,  0.00000000E+00,  0.00000000E+00,  0.00000000E+00,  0.50678451E+01, -0.11976790E+01
     170.,  0.00000000E+00,  0.00000000E+00,  0.00000000E+00,  0.00000000E+00,  0.85201347E+01, -0.11976790E+01
     171.,  0.00000000E+00,  0.00000000E+00,  0.00000000E+00,  0.00000000E+00,  0.12494726E+02, -0.11976790E+01
     172.,  0.00000000E+00,  0.00000000E+00,  0.00000000E+00,  0.00000000E+00,  0.16021046E+02, -0.11976790E+01
     173.,  0.00000000E+00,  0.00000000E+00,  0.00000000E+00,  0.00000000E+00,  0.18921543E+02, -0.11976790E+01
     174.,  0.00000000E+00,  0.00000000E+00,  0.00000000E+00,  0.00000000E+00,  0.21256756E+02, -0.11976790E+01
     175.,  0.00000000E+00,  0.00000000E+00,  0.00000000E+00,  0.00000000E+00,  0.23153082E+02, -0.11976790E+01
     176.,  0.00000000E+00,  0.00000000E+00,  0.00000000E+00,  0.00000000E+00,  0.24736111E+02, -0.11976790E+01
     177.,  0.00000000E+00,  0.00000000E+00,  0.00000000E+00,  0.00000000E+00,  0.26166972E+02, -0.11976790E+01
     178.,  0.00000000E+00,  0.00000000E+00,  0.00000000E+00,  0.00000000E+00,  0.27686145E+02, -0.11976790E+01
     179.,  0.00000000E+00,  0.00000000E+00,  0.00000000E+00,  0.00000000E+00,  0.29459955E+02, -0.11976790E+01
     180.,  0.00000000E+00,  0.00000000E+00,  0.00000000E+00,  0.00000000E+00,  0.31591444E+02, -0.11976790E+01
     181.,  0.00000000E+00,  0.00000000E+00,  0.00000000E+00,  0.00000000E+00,  0.34225134E+02, -0.11976790E+01
     182.,  0.00000000E+00,  0.00000000E+00,  0.00000000E+00,  0.00000000E+00,  0.37544781E+02, -0.11976790E+01
     183.,  0.00000000E+00,  0.00000000E+00,  0.00000000E+00,  0.00000000E+00,  0.42049869E+02, -0.11976790E+01
     184.,  0.00000000E+00,  0.00000000E+00,  0.00000000E+00,  0.00000000E+00,  0.49193285E+02, -0.11976790E+01
     185.,  0.00000000E+00,  0.00000000E+00,  0.00000000E+00,  0.00000000E+00,  0.60623534E+02, -0.11976790E+01
     186.,  0.00000000E+00,  0.00000000E+00,  0.00000000E+00,  0.00000000E+00,  0.75939573E+02, -0.11976790E+01
     187.,  0.00000000E+00,  0.00000000E+00,  0.00000000E+00,  0.00000000E+00,  0.91731159E+02, -0.11976790E+01
     188.,  0.00000000E+00,  0.00000000E+00,  0.00000000E+00,  0.00000000E+00,  0.10282322E+03, -0.11976790E+01
     189.,  0.00000000E+00,  0.00000000E+00,  0.00000000E+00,  0.00000000E+00,  0.10610314E+03, -0.11976790E+01
     190.,  0.00000000E+00,  0.00000000E+00,  0.00000000E+00,  0.00000000E+00,  0.10549428E+03, -0.11976790E+01
     191.,  0.00000000E+00,  0.00000000E+00,  0.00000000E+00,  0.00000000E+00,  0.10506375E+03, -0.11976790E+01
     192.,  0.00000000E+00,  0.00000000E+00,  0.00000000E+00,  0.00000000E+00,  0.13731232E+03, -0.11976790E+01
     193.,  0.00000000E+00,  0.00000000E+00,  0.00000000E+00,  0.40002569E-03,  0.16278192E+03, -0.11976790E+01
     194.,  0.00000000E+00,  0.00000000E+00,  0.00000000E+00,  0.00000000E+00,  0.12191471E+03, -0.11976790E+01
     195.,  0.00000000E+00,  0.00000000E+00,  0.00000000E+00,  0.00000000E+00,  0.85542397E+02, -0.11976790E+01
     196.,  0.00000000E+00,  0.00000000E+00,  0.00000000E+00,  0.00000000E+00,  0.72916644E+02, -0.11976790E+01
     197.,  0.00000000E+00,  0.00000000E+00,  0.00000000E+00,  0.00000000E+00,  0.52365819E+02, -0.11976790E+01
     198.,  0.00000000E+00,  0.00000000E+00,  0.00000000E+00,  0.00000000E+00,  0.27347890E+02, -0.11976790E+01
     199.,  0.00000000E+00,  0.00000000E+00,  0.00000000E+00,  0.00000000E+00,  0.30403782E+02, -0.11976790E+01
     200.,  0.00000000E+00,  0.00000000E+00,  0.00000000E+00,  0.00000000E+00,  0.68244631E+02, -0.11976790E+01
     201.,  0.00000000E+00,  0.00000000E+00,  0.00000000E+00,  0.00000000E+00,  0.93894533E+02, -0.11976790E+01
     202.,  0.00000000E+00,  0.00000000E+00,  0.00000000E+00,  0.00000000E+00,  0.10093690E+03, -0.11976790E+01
     203.,  0.00000000E+00,  0.00000000E+00,  0.00000000E+00,  0.00000000E+00,  0.94101509E+02, -0.11976790E+01
     204.,  0.00000000E+00,  0.00000000E+00,  0.00000000E+00,  0.00000000E+00,  0.92587332E+02, -0.11976790E+01
     205.,  0.00000000E+00,  0.00000000E+00,  0.00000000E+00,  0.00000000E+00,  0.94622277E+02, -0.11976790E+01
     206.,  0.00000000E+00,  0.00000000E+00,  0.00000000E+00,  0.00000000E+00,  0.10598182E+03, -0.11976790E+01
     207.,  0.00000000E+00,  0.00000000E+00,  0.00000000E+00,  0.00000000E+00,  0.11561762E+03, -0.11976790E+01
     208.,  0.00000000E+00,  0.00000000E+00,  0.00000000E+00,  0.00000000E+00,  0.10537547E+03, -0.11976790E+01
     209.,  0.00000000E+00,  0.00000000E+00,  0.00000000E+00,  0.49277302E-04,  0.15457482E+03, -0.11976790E+01
     210.,  0.00000000E+00,  0.00000000E+00,  0.00000000E+00,  0.00000000E+00,  0.10970978E+03, -0.11976790E+01
     211.,  0.00000000E+00,  0.00000000E+00,  0.00000000E+00,  0.00000000E+00,  0.10008405E+03, -0.11976790E+01
     212.,  0.00000000E+00,  0.00000000E+00,  0.00000000E+00,  0.00000000E+00,  0.88500043E+02, -0.11976790E+01
     213.,  0.00000000E+00,  0.00000000E+00,  0.00000000E+00,  0.00000000E+00,  0.71966932E+02, -0.11976790E+01
     214.,  0.00000000E+00,  0.00000000E+00,  0.00000000E+00,  0.00000000E+00,  0.53413738E+02, -0.11976790E+01
     215.,  0.00000000E+00,  0.00000000E+00,  0.00000000E+00,  0.00000000E+00,  0.37042047E+02, -0.11976790E+01
     216.,  0.00000000E+00,  0.00000000E+00,  0.00000000E+00,  0.00000000E+00,  0.26764764E+02, -0.11976790E+01
     217.,  0.00000000E+00,  0.00000000E+00,  0.00000000E+00,  0.00000000E+00,  0.22505709E+02, -0.11976790E+01
     218.,  0.00000000E+00,  0.00000000E+00,  0.00000000E+00,  0.00000000E+00,  0.21041921E+02, -0.11976790E+01
     219.,  0.00000000E+00,  0.00000000E+00,  0.00000000E+00,  0.00000000E+00,  0.20262806E+02, -0.11976790E+01
     220.,  0.00000000E+00,  0.00000000E+00,  0.00000000E+00,  0.00000000E+00,  0.19807944E+02, -0.11976790E+01
     221.,  0.00000000E+00,  0.00000000E+00,  0.00000000E+00,  0.00000000E+00,  0.19570269E+02, -0.11976790E+01
     222.,  0.00000000E+00,  0.00000000E+00,  0.00000000E+00,  0.00000000E+00,  0.19434838E+02, -0.11976790E+01
     223.,  0.00000000E+00,  0.00000000E+00,  0.00000000E+00,  0.00000000E+00,  0.19325793E+02, -0.11976790E+01
     224.,  0.00000000E+00,  0.00000000E+00,  0.00000000E+00,  0.00000000E+00,  0.19190863E+02, -0.11976790E+01
     225.,  0.00000000E+00,  0.00000000E+00,  0.00000000E+00,  0.00000000E+00,  0.18988946E+02, -0.11976790E+01
     226.,  0.00000000E+00,  0.00000000E+00,  0.00000000E+00,  0.00000000E+00,  0.18635347E+02, -0.11976790E+01
     227.,  0.00000000E+00,  0.00000000E+00,  0.00000000E+00,  0.00000000E+00,  0.18025011E+02, -0.11976790E+01
     228.,  0.00000000E+00,  0.00000000E+00,  0.00000000E+00,  0.00000000E+00,  0.16998681E+02, -0.11976790E+01
     229.,  0.00000000E+00,  0.00000000E+00,  0.00000000E+00,  0.00000000E+00,  0.15358105E+02, -0.11976790E+01
     230.,  0.00000000E+00,  0.00000000E+00,  0.00000000E+00,  0.00000000E+00,  0.12940227E+02, -0.11976790E+01
     231.,  0.00000000E+00,  0.00000000E+00,  0.00000000E+00,  0.00000000E+00,  0.98173010E+01, -0.11976790E+01
     232.,  0.00000000E+00,  0.00000000E+00,  0.00000000E+00,  0.00000000E+00,  0.68015840E+01, -0.11976790E+01
     233.,  0.00000000E+00,  0.00000000E+00,  0.00000000E+00,  0.00000000E+00,  0.63559938E+01, -0.11976790E+01
     234.,  0.00000000E+00,  0.00000000E+00,  0.00000000E+00,  0.00000000E+00,  0.92447521E+01, -0.11976790E+01
     235.,  0.00000000E+00,  0.00000000E+00,  0.00000000E+00,  0.00000000E+00,  0.12899693E+02, -0.11976790E+01
     236.,  0.00000000E+00,  0.00000000E+00,  0.00000000E+00,  0.00000000E+00,  0.16063576E+02, -0.11976790E+01
     237.,  0.00000000E+00,  0.00000000E+00,  0.00000000E+00,  0.00000000E+00,  0.18448619E+02, -0.11976790E+01
     238.,  0.00000000E+00,  0.00000000E+00,  0.00000000E+00,  0.00000000E+00,  0.20114129E+02, -0.11976790E+01
     239.,  0.00000000E+00,  0.00000000E+00,  0.00000000E+00,  0.00000000E+00,  0.21228378E+02, -0.11976790E+01
     240.,  0.00000000E+00,  0.00000000E+00,  0.00000000E+00,  0.00000000E+00,  0.21948863E+02, -0.11976790E+01
     241.,  0.00000000E+00,  0.00000000E+00,  0.00000000E+00,  0.00000000E+00,  0.22465852E+02, -0.11976790E+01
     242.,  0.00000000E+00,  0.00000000E+00,  0.00000000E+00,  0.00000000E+00,  0.22904729E+02, -0.11976790E+01
     243.,  0.00000000E+00,  0.00000000E+00,  0.00000000E+00,  0.00000000E+00,  0.23352070E+02, -0.11976790E+01
     244.,  0.00000000E+00,  0.00000000E+00,  0.00000000E+00,  0.00000000E+00,  0.23993602E+02, -0.11976790E+01
     245.,  0.00000000E+00,  0.00000000E+00,  0.00000000E+00,  0.00000000E+00,  0.25105044E+02, -0.11976790E+01
     246.,  0.00000000E+00,  0.00000000E+00,  0.00000000E+00,  0.00000000E+00,  0.27206525E+02, -0.11976790E+01
     247.,  0.00000000E+00,  0.00000000E+00,  0.00000000E+00,  0.00000000E+00,  0.31067600E+02, -0.11976790E+01
     248.,  0.00000000E+00,  0.00000000E+00,  0.00000000E+00,  0.00000000E+00,  0.38059886E+02, -0.11976790E+01
     249.,  0.00000000E+00,  0.00000000E+00,  0.00000000E+00,  0.00000000E+00,  0.51080094E+02, -0.11976790E+01
     250.,  0.00000000E+00,  0.00000000E+00,  0.00000000E+00,  0.00000000E+00,  0.71615941E+02, -0.11976790E+01
     251.,  0.00000000E+00,  0.00000000E+00,  0.00000000E+00,  0.00000000E+00,  0.93510737E+02, -0.11976790E+01
     252.,  0.00000000E+00,  0.00000000E+00,  0.00000000E+00,  0.00000000E+00,  0.10952356E+03, -0.11976790E+01
     253.,  0.00000000E+00,  0.00000000E+00,  0.00000000E+00,  0.00000000E+00,  0.11074841E+03, -0.11976790E+01
     254.,  0.00000000E+00,  0.00000000E+00,  0.00000000E+00,  0.00000000E+00,  0.88525412E+02, -0.11976790E+01
     255.,  0.00000000E+00,  0.00000000E+00,  0.00000000E+00,  0.00000000E+00,  0.54165711E+02, -0.11976790E+01
     256.,  0.00000000E+00,  0.00000000E+00,  0.00000000E+00,  0.13904144E-03,  0.12369921E+03, -0.11976790E+01
     257.,  0.00000000E+00,  0.00000000E+00,  0.00000000E+00,  0.52925230E-02,  0.21706901E+03, -0.11976790E+01
     258.,  0.00000000E+00,  0.00000000E+00,  0.00000000E+00,  0.28038921E-02,  0.20249261E+03, -0.11976790E+01
     259.,  0.00000000E+00,  0.00000000E+00,  0.00000000E+00,  0.11788460E-02,  0.19266648E+03, -0.11976790E+01
     260.,  0.00000000E+00,  0.00000000E+00,  0.00000000E+00,  0.31889330E-03,  0.18628264E+03, -0.11976790E+01
     261.,  0.00000000E+00,  0.00000000E+00,  0.00000000E+00,  0.00000000E+00,  0.14752316E+03, -0.11976790E+01
     262.,  0.00000000E+00,  0.00000000E+00,  0.00000000E+00,  0.00000000E+00,  0.84682144E+02, -0.11976790E+01
     263.,  0.00000000E+00,  0.00000000E+00,  0.00000000E+00,  0.00000000E+00,  0.49373518E+02, -0.11976790E+01
     264.,  0.00000000E+00,  0.00000000E+00,  0.00000000E+00,  0.00000000E+00,  0.11374354E+03, -0.11976790E+01
     265.,  0.00000000E+00,  0.00000000E+00,  0.00000000E+00,  0.00000000E+00,  0.15916927E+03, -0.11976790E+01
     266.,  0.00000000E+00,  0.00000000E+00,  0.00000000E+00,  0.00000000E+00,  0.12782404E+03, -0.11976790E+01
     267.,  0.00000000E+00,  0.00000000E+00,  0.00000000E+00,  0.00000000E+00,  0.95950134E+02, -0.11976790E+01
     268.,  0.00000000E+00,  0.00000000E+00,  0.00000000E+00,  0.00000000E+00,  0.12740574E+03, -0.11976790E+01
     269.,  0.00000000E+00,  0.00000000E+00,  0.00000000E+00,  0.00000000E+00,  0.17048337E+03, -0.11976790E+01
     270.,  0.00000000E+00,  0.00000000E+00,  0.00000000E+00,  0.24429336E-03,  0.18548519E+03, -0.11976790E+01
     271.,  0.00000000E+00,  0.00000000E+00,  0.00000000E+00,  0.16931883E-03,  0.17807959E+03, -0.11976790E+01
     272.,  0.00000000E+00,  0.00000000E+00,  0.00000000E+00,  0.66417143E-03,  0.18445671E+03, -0.11976790E+01
     273.,  0.00000000E+00,  0.00000000E+00,  0.00000000E+00,  0.39444870E-03,  0.15848224E+03, -0.11976790E+01
     274.,  0.00000000E+00,  0.00000000E+00,  0.00000000E+00,  0.00000000E+00,  0.87058106E+02, -0.11976790E+01
     275.,  0.00000000E+00,  0.00000000E+00,  0.00000000E+00,  0.00000000E+00,  0.10746195E+03, -0.11976790E+01
     276.,  0.00000000E+00,  0.00000000E+00,  0.00000000E+00,  0.00000000E+00,  0.99781176E+02, -0.11976790E+01
     277.,  0.00000000E+00,  0.00000000E+00,  0.00000000E+00,  0.00000000E+00,  0.88988886E+02, -0.11976790E+01
     278.,  0.00000000E+00,  0.00000000E+00,  0.00000000E+00,  0.00000000E+00,  0.68195932E+02, -0.11976790E+01
     279.,  0.00000000E+00,  0.00000000E+00,  0.00000000E+00,  0.00000000E+00,  0.50081631E+02, -0.11976790E+01
     280.,  0.00000000E+00,  0.00000000E+00,  0.00000000E+00,  0.00000000E+00,  0.32986296E+02, -0.11976790E+01
     281.,  0.00000000E+00,  0.00000000E+00,  0.00000000E+00,  0.00000000E+00,  0.18931289E+02, -0.11976790E+01
     282.,  0.00000000E+00,  0.00000000E+00,  0.00000000E+00,  0.00000000E+00,  0.13740803E+02, -0.11976790E+01
     283.,  0.00000000E+00,  0.00000000E+00,  0.00000000E+00,  0.00000000E+00,  0.13704188E+02, -0.11976790E+01
     284.,  0.00000000E+00,  0.00000000E+00,  0.00000000E+00,  0.00000000E+00,  0.14284982E+02, -0.11976790E+01
     285.,  0.00000000E+00,  0.00000000E+00,  0.00000000E+00,  0.00000000E+00,  0.14975777E+02, -0.11976790E+01
     286.,  0.00000000E+00,  0.00000000E+00,  0.00000000E+00,  0.00000000E+00,  0.15691885E+02, -0.11976790E+01
     287.,  0.00000000E+00,  0.00000000E+00,  0.00000000E+00,  0.00000000E+00,  0.16348352E+02, -0.11976790E+01
     288.,  0.00000000E+00,  0.00000000E+00,  0.00000000E+00,  0.00000000E+00,  0.16867437E+02, -0.11976790E+01
     289.,  0.00000000E+00,  0.00000000E+00,  0.00000000E+00,  0.00000000E+00,  0.17224134E+02, -0.11976790E+01
     290.,  0.00000000E+00,  0.00000000E+00,  0.00000000E+00,  0.00000000E+00,  0.17457076E+02, -0.11976790E+01
     291.,  0.00000000E+00,  0.00000000E+00,  0.00000000E+00,  0.00000000E+00,  0.17458863E+02, -0.11976790E+01
     292.,  0.00000000E+00,  0.00000000E+00,  0.00000000E+00,  0.00000000E+00,  0.17072614E+02, -0.11976790E+01
     293.,  0.00000000E+00,  0.00000000E+00,  0.00000000E+00,  0.00000000E+00,  0.16098113E+02, -0.11976790E+01
     294.,  0.00000000E+00,  0.00000000E+00,  0.00000000E+00,  0.00000000E+00,  0.14400702E+02, -0.11976790E+01
     295.,  0.00000000E+00,  0.00000000E+00,  0.00000000E+00,  0.00000000E+00,  0.12110810E+02, -0.11976790E+01
     296.,  0.00000000E+00,  0.00000000E+00,  0.00000000E+00,  0.00000000E+00,  0.99589102E+01, -0.11976790E+01
     297.,  0.00000000E+00,  0.00000000E+00,  0.00000000E+00,  0.00000000E+00,  0.93966755E+01, -0.11976790E+01
     298.,  0.00000000E+00,  0.00000000E+00,  0.00000000E+00,  0.00000000E+00,  0.11066272E+02, -0.11976790E+01
     299.,  0.00000000E+00,  0.00000000E+00,  0.00000000E+00,  0.00000000E+00,  0.13737596E+02, -0.11976790E+01
     300.,  0.00000000E+00,  0.00000000E+00,  0.00000000E+00,  0.00000000E+00,  0.16213840E+02, -0.11976790E+01
     301.,  0.00000000E+00,  0.00000000E+00,  0.00000000E+00,  0.00000000E+00,  0.18031178E+02, -0.11976790E+01
     302.,  0.00000000E+00,  0.00000000E+00,  0.00000000E+00,  0.00000000E+00,  0.19159978E+02, -0.11976790E+01
     303.,  0.00000000E+00,  0.00000000E+00,  0.00000000E+00,  0.00000000E+00,  0.19734934E+02, -0.11976790E+01
     304.,  0.00000000E+00,  0.00000000E+00,  0.00000000E+00,  0.00000000E+00,  0.19948887E+02, -0.11976790E+01
     305.,  0.00000000E+00,  0.00000000E+00,  0.00000000E+00,  0.00000000E+00,  0.19881175E+02, -0.11976790E+01
     306.,  0.00000000E+00,  0.00000000E+00,  0.00000000E+00,  0.00000000E+00,  0.19558904E+02, -0.11976790E+01
     307.,  0.00000000E+00,  0.00000000E+00,  0.00000000E+00,  0.00000000E+00,  0.19106030E+02, -0.11976790E+01
     308.,  0.00000000E+00,  0.00000000E+00,  0.00000000E+00,  0.00000000E+00,  0.18574248E+02, -0.11976790E+01
     309.,  0.00000000E+00,  0.00000000E+00,  0.00000000E+00,  0.00000000E+00,  0.18611651E+02, -0.11976790E+01
     310.,  0.00000000E+00,  0.00000000E+00,  0.00000000E+00,  0.00000000E+00,  0.20997834E+02, -0.11976790E+01
     311.,  0.00000000E+00,  0.00000000E+00,  0.00000000E+00,  0.00000000E+00,  0.27354738E+02, -0.11976790E+01
     312.,  0.00000000E+00,  0.00000000E+00,  0.00000000E+00,  0.00000000E+00,  0.33296746E+02, -0.11976790E+01
     313.,  0.00000000E+00,  0.00000000E+00,  0.00000000E+00,  0.00000000E+00,  0.41352556E+02, -0.11976790E+01
     314.,  0.00000000E+00,  0.00000000E+00,  0.00000000E+00,  0.00000000E+00,  0.61596810E+02, -0.11976790E+01
     315.,  0.00000000E+00,  0.00000000E+00,  0.00000000E+00,  0.00000000E+00,  0.92599864E+02, -0.11976790E+01
     316.,  0.00000000E+00,  0.00000000E+00,  0.00000000E+00,  0.00000000E+00,  0.13161541E+03, -0.11976790E+01
     317.,  0.00000000E+00,  0.00000000E+00,  0.00000000E+00,  0.84937340E-04,  0.17959219E+03, -0.11976790E+01
     318.,  0.00000000E+00,  0.00000000E+00,  0.00000000E+00,  0.73684262E-03,  0.18811619E+03, -0.11976790E+01
     319.,  0.00000000E+00,  0.00000000E+00,  0.00000000E+00,  0.20526918E-02,  0.19772071E+03, -0.11976790E+01
     320.,  0.00000000E+00,  0.00000000E+00,  0.00000000E+00,  0.50971974E-02,  0.21543304E+03, -0.11976790E+01
     321.,  0.00000000E+00,  0.00000000E+00,  0.00000000E+00,  0.99103677E-02,  0.24165232E+03, -0.11976790E+01
     322.,  0.00000000E+00,  0.00000000E+00,  0.00000000E+00,  0.53560530E-02,  0.21665975E+03, -0.11976790E+01
     323.,  0.00000000E+00,  0.00000000E+00,  0.00000000E+00,  0.28819576E-02,  0.20424415E+03, -0.11976790E+01
     324.,  0.00000000E+00,  0.00000000E+00,  0.00000000E+00,  0.21577038E-02,  0.19784550E+03, -0.11976790E+01
     325.,  0.00000000E+00,  0.00000000E+00,  0.00000000E+00,  0.97812271E-03,  0.18869597E+03, -0.11976790E+01
     326.,  0.00000000E+00,  0.00000000E+00,  0.00000000E+00,  0.28513649E-03,  0.17320082E+03, -0.11976790E+01
     327.,  0.00000000E+00,  0.00000000E+00,  0.00000000E+00,  0.99223073E-04,  0.14622451E+03, -0.11976790E+01
     328.,  0.00000000E+00,  0.00000000E+00,  0.00000000E+00,  0.55886104E-03,  0.18156718E+03, -0.11976790E+01
     329.,  0.00000000E+00,  0.00000000E+00,  0.00000000E+00,  0.15467474E-02,  0.19504848E+03, -0.11976790E+01
     330.,  0.00000000E+00,  0.00000000E+00,  0.00000000E+00,  0.22632056E-02,  0.20014575E+03, -0.11976790E+01
     331.,  0.00000000E+00,  0.00000000E+00,  0.00000000E+00,  0.29426559E-02,  0.20486478E+03, -0.11976790E+01
     332.,  0.00000000E+00,  0.00000000E+00,  0.00000000E+00,  0.44405979E-02,  0.21408697E+03, -0.11976790E+01
     333.,  0.00000000E+00,  0.00000000E+00,  0.00000000E+00,  0.60863341E-02,  0.22373203E+03, -0.11976790E+01
     334.,  0.00000000E+00,  0.00000000E+00,  0.00000000E+00,  0.69940663E-02,  0.22900134E+03, -0.11976790E+01
     335.,  0.00000000E+00,  0.00000000E+00,  0.00000000E+00,  0.67426725E-02,  0.22618737E+03, -0.11976790E+01
     336.,  0.00000000E+00,  0.00000000E+00,  0.00000000E+00,  0.67064038E-02,  0.22629649E+03, -0.11976790E+01
     337.,  0.00000000E+00,  0.00000000E+00,  0.00000000E+00,  0.57177393E-02,  0.21569439E+03, -0.11976790E+01
     338.,  0.00000000E+00,  0.00000000E+00,  0.00000000E+00,  0.14964053E-02,  0.19218619E+03, -0.11976790E+01
     339.,  0.00000000E+00,  0.00000000E+00,  0.00000000E+00,  0.38813915E-03,  0.18629071E+03, -0.11976790E+01
     340.,  0.00000000E+00,  0.00000000E+00,  0.00000000E+00,  0.00000000E+00,  0.15439487E+03, -0.11976790E+01
     341.,  0.00000000E+00,  0.00000000E+00,  0.00000000E+00,  0.00000000E+00,  0.11655447E+03, -0.11976790E+01
     342.,  0.00000000E+00,  0.00000000E+00,  0.00000000E+00,  0.00000000E+00,  0.12014458E+03, -0.11976790E+01
     343.,  0.00000000E+00,  0.00000000E+00,  0.00000000E+00,  0.00000000E+00,  0.13046786E+03, -0.11976790E+01
     344.,  0.00000000E+00,  0.00000000E+00,  0.00000000E+00,  0.00000000E+00,  0.10157920E+03, -0.11976790E+01
     345.,  0.00000000E+00,  0.00000000E+00,  0.00000000E+00,  0.00000000E+00,  0.48803932E+02, -0.11976790E+01
     346.,  0.00000000E+00,  0.00000000E+00,  0.00000000E+00,  0.00000000E+00,  0.14091660E+02, -0.11976790E+01
     347.,  0.00000000E+00,  0.00000000E+00,  0.00000000E+00,  0.00000000E+00,  0.87772871E+01, -0.11976790E+01
     348.,  0.00000000E+00,  0.00000000E+00,  0.00000000E+00,  0.00000000E+00,  0.11306980E+02, -0.11976790E+01
     349.,  0.00000000E+00,  0.00000000E+00,  0.00000000E+00,  0.00000000E+00,  0.13225149E+02, -0.11976790E+01
     350.,  0.00000000E+00,  0.00000000E+00,  0.00000000E+00,  0.00000000E+00,  0.14548619E+02, -0.11976790E+01
     351.,  0.00000000E+00,  0.00000000E+00,  0.00000000E+00,  0.00000000E+00,  0.15544276E+02, -0.11976790E+01
     352.,  0.00000000E+00,  0.00000000E+00,  0.00000000E+00,  0.00000000E+00,  0.16386409E+02, -0.11976790E+01
     353.,  0.00000000E+00,  0.00000000E+00,  0.00000000E+00,  0.00000000E+00,  0.17024393E+02, -0.11976790E+01
     354.,  0.00000000E+00,  0.00000000E+00,  0.00000000E+00,  0.00000000E+00,  0.17437493E+02, -0.11976790E+01
     355.,  0.00000000E+00,  0.00000000E+00,  0.00000000E+00,  0.00000000E+00,  0.17731900E+02, -0.11976790E+01
     356.,  0.00000000E+00,  0.00000000E+00,  0.00000000E+00,  0.00000000E+00,  0.17732617E+02, -0.11976790E+01
     357.,  0.00000000E+00,  0.00000000E+00,  0.00000000E+00,  0.00000000E+00,  0.17280195E+02, -0.11976790E+01
     358.,  0.00000000E+00,  0.00000000E+00,  0.00000000E+00,  0.00000000E+00,  0.16304780E+02, -0.11976790E+01
     359.,  0.00000000E+00,  0.00000000E+00,  0.00000000E+00,  0.00000000E+00,  0.14956266E+02, -0.11976790E+01
     360.,  0.00000000E+00,  0.00000000E+00,  0.00000000E+00,  0.00000000E+00,  0.13689896E+02, -0.11976790E+01
     361.,  0.00000000E+00,  0.00000000E+00,  0.00000000E+00,  0.00000000E+00,  0.13138903E+02, -0.11976790E+01
     362.,  0.00000000E+00,  0.00000000E+00,  0.00000000E+00,  0.00000000E+00,  0.13650798E+02, -0.11976790E+01
     363.,  0.00000000E+00,  0.00000000E+00,  0.00000000E+00,  0.00000000E+00,  0.14922779E+02, -0.11976790E+01
     364.,  0.00000000E+00,  0.00000000E+00,  0.00000000E+00,  0.00000000E+00,  0.16342350E+02, -0.11976790E+01
     365.,  0.00000000E+00,  0.00000000E+00,  0.00000000E+00,  0.00000000E+00,  0.17491459E+02, -0.11976790E+01
     366.,  0.00000000E+00,  0.00000000E+00,  0.00000000E+00,  0.00000000E+00,  0.18255932E+02, -0.11976790E+01
     367.,  0.00000000E+00,  0.00000000E+00,  0.00000000E+00,  0.00000000E+00,  0.18707261E+02, -0.11976790E+01
     368.,  0.00000000E+00,  0.00000000E+00,  0.00000000E+00,  0.00000000E+00,  0.18893646E+02, -0.11976790E+01
     369.,  0.00000000E+00,  0.00000000E+00,  0.00000000E+00,  0.00000000E+00,  0.18893259E+02, -0.11976790E+01
     370.,  0.00000000E+00,  0.00000000E+00,  0.00000000E+00,  0.00000000E+00,  0.19079641E+02, -0.11976790E+01
     371.,  0.00000000E+00,  0.00000000E+00,  0.00000000E+00,  0.00000000E+00,  0.19370293E+02, -0.11976790E+01
     372.,  0.00000000E+00,  0.00000000E+00,  0.00000000E+00,  0.00000000E+00,  0.20189172E+02, -0.11976790E+01
     373.,  0.00000000E+00,  0.00000000E+00,  0.00000000E+00,  0.00000000E+00,  0.23112825E+02, -0.11976790E+01
     374.,  0.00000000E+00,  0.00000000E+00,  0.00000000E+00,  0.00000000E+00,  0.39054259E+02, -0.11976790E+01
     375.,  0.00000000E+00,  0.00000000E+00,  0.00000000E+00,  0.00000000E+00,  0.85530507E+02, -0.11976790E+01
     376.,  0.00000000E+00,  0.00000000E+00,  0.00000000E+00,  0.00000000E+00,  0.14051663E+03, -0.11976790E+01
     377.,  0.00000000E+00,  0.00000000E+00,  0.00000000E+00,  0.00000000E+00,  0.17372758E+03, -0.11976790E+01
     378.,  0.00000000E+00,  0.00000000E+00,  0.00000000E+00,  0.92309238E-04,  0.18543148E+03, -0.11976790E+01
     379.,  0.00000000E+00,  0.00000000E+00,  0.00000000E+00,  0.26718616E-03,  0.18660282E+03, -0.11976790E+01
     380.,  0.00000000E+00,  0.00000000E+00,  0.00000000E+00,  0.57874211E-03,  0.18852151E+03, -0.11976790E+01
     381.,  0.00000000E+00,  0.00000000E+00,  0.00000000E+00,  0.12305597E-02,  0.19313045E+03, -0.11976790E+01
     382.,  0.00000000E+00,  0.00000000E+00,  0.00000000E+00,  0.25661607E-02,  0.19962879E+03, -0.11976790E+01
     383.,  0.00000000E+00,  0.00000000E+00,  0.00000000E+00,  0.42995588E-02,  0.21273213E+03, -0.11976790E+01
     384.,  0.00000000E+00,  0.00000000E+00,  0.00000000E+00,  0.90232708E-02,  0.23800281E+03, -0.11976790E+01
     385.,  0.00000000E+00,  0.00000000E+00,  0.00000000E+00,  0.48647538E-01,  0.34320117E+03, -0.11976790E+01
     386.,  0.00000000E+00,  0.00000000E+00,  0.00000000E+00,  0.56173585E-01,  0.35657495E+03, -0.11976790E+01
     387.,  0.00000000E+00,  0.00000000E+00,  0.00000000E+00,  0.63356538E-01,  0.36841644E+03, -0.11976790E+01
     388.,  0.00000000E+00,  0.00000000E+00,  0.00000000E+00,  0.65669511E-01,  0.37207255E+03, -0.11976790E+01
     389.,  0.00000000E+00,  0.00000000E+00,  0.00000000E+00,  0.58609746E-01,  0.35968184E+03, -0.11976790E+01
     390.,  0.00000000E+00,  0.00000000E+00,  0.00000000E+00,  0.40725117E-01,  0.32729301E+03, -0.11976790E+01
     391.,  0.00000000E+00,  0.00000000E+00,  0.00000000E+00,  0.18704862E-01,  0.27539908E+03, -0.11976790E+01
     392.,  0.00000000E+00,  0.00000000E+00,  0.00000000E+00,  0.85950670E-02,  0.21934618E+03, -0.11976790E+01
     393.,  0.00000000E+00,  0.00000000E+00,  0.00000000E+00,  0.26688098E-01,  0.30074592E+03, -0.11976790E+01
     394.,  0.00000000E+00,  0.00000000E+00,  0.00000000E+00,  0.48056012E-01,  0.34309751E+03, -0.11976790E+01
     395.,  0.00000000E+00,  0.00000000E+00,  0.00000000E+00,  0.64234605E-01,  0.36975034E+03, -0.11976790E+01
     396.,  0.00000000E+00,  0.00000000E+00,  0.00000000E+00,  0.78441087E-01,  0.39175037E+03, -0.11976790E+01
     397.,  0.00000000E+00,  0.00000000E+00,  0.00000000E+00,  0.86154472E-01,  0.40332702E+03, -0.11976790E+01
     398.,  0.00000000E+00,  0.00000000E+00,  0.00000000E+00,  0.83592666E-01,  0.39945778E+03, -0.11976790E+01
     399.,  0.00000000E+00,  0.00000000E+00,  0.00000000E+00,  0.74505465E-01,  0.38587423E+03, -0.11976790E+01
     400.,  0.00000000E+00,  0.00000000E+00,  0.00000000E+00,  0.61974963E-01,  0.36548100E+03, -0.11976790E+01
     401.,  0.00000000E+00,  0.00000000E+00,  0.00000000E+00,  0.51520783E-01,  0.34836889E+03, -0.11976790E+01
     402.,  0.00000000E+00,  0.00000000E+00,  0.00000000E+00,  0.43746945E-01,  0.33514782E+03, -0.11976790E+01
     403.,  0.00000000E+00,  0.00000000E+00,  0.00000000E+00,  0.32407748E-01,  0.31412920E+03, -0.11976790E+01
     404.,  0.00000000E+00,  0.00000000E+00,  0.00000000E+00,  0.20154074E-01,  0.28372424E+03, -0.11976790E+01
     405.,  0.00000000E+00,  0.00000000E+00,  0.00000000E+00,  0.10621453E-01,  0.24664971E+03, -0.11976790E+01
     406.,  0.00000000E+00,  0.00000000E+00,  0.00000000E+00,  0.52558436E-02,  0.21891229E+03, -0.11976790E+01
     407.,  0.00000000E+00,  0.00000000E+00,  0.00000000E+00,  0.22674746E-02,  0.20016082E+03, -0.11976790E+01
     408.,  0.00000000E+00,  0.00000000E+00,  0.00000000E+00,  0.49093623E-03,  0.18740395E+03, -0.11976790E+01
     409.,  0.00000000E+00,  0.00000000E+00,  0.00000000E+00,  0.00000000E+00,  0.11771242E+03, -0.11976790E+01
     410.,  0.00000000E+00,  0.00000000E+00,  0.00000000E+00,  0.00000000E+00,  0.42230257E+02, -0.11976790E+01
     411.,  0.00000000E+00,  0.00000000E+00,  0.00000000E+00,  0.00000000E+00,  0.13427361E+02, -0.11976790E+01
     412.,  0.00000000E+00,  0.00000000E+00,  0.00000000E+00,  0.00000000E+00,  0.10845050E+02, -0.11976790E+01
     413.,  0.00000000E+00,  0.00000000E+00,  0.00000000E+00,  0.00000000E+00,  0.13000750E+02, -0.11976790E+01
     414.,  0.00000000E+00,  0.00000000E+00,  0.00000000E+00,  0.00000000E+00,  0.14309505E+02, -0.11976790E+01
     415.,  0.00000000E+00,  0.00000000E+00,  0.00000000E+00,  0.00000000E+00,  0.15154372E+02, -0.11976790E+01
     416.,  0.00000000E+00,  0.00000000E+00,  0.00000000E+00,  0.00000000E+00,  0.15736460E+02, -0.11976790E+01
     417.,  0.00000000E+00,  0.00000000E+00,  0.00000000E+00,  0.00000000E+00,  0.16435786E+02, -0.11976790E+01
     418.,  0.00000000E+00,  0.00000000E+00,  0.00000000E+00,  0.00000000E+00,  0.17166018E+02, -0.11976790E+01
     419.,  0.00000000E+00,  0.00000000E+00,  0.00000000E+00,  0.00000000E+00,  0.17741814E+02, -0.11976790E+01
     420.,  0.00000000E+00,  0.00000000E+00,  0.00000000E+00,  0.00000000E+00,  0.18044719E+02, -0.11976790E+01
     421.,  0.00000000E+00,  0.00000000E+00,  0.00000000E+00,  0.00000000E+00,  0.17990132E+02, -0.11976790E+01
     422.,  0.00000000E+00,  0.00000000E+00,  0.00000000E+00,  0.00000000E+00,  0.17601205E+02, -0.11976790E+01
     423.,  0.00000000E+00,  0.00000000E+00,  0.00000000E+00,  0.00000000E+00,  0.17048773E+02, -0.11976790E+01
     424.,  0.00000000E+00,  0.00000000E+00,  0.00000000E+00,  0.00000000E+00,  0.16561161E+02, -0.11976790E+01
     425.,  0.00000000E+00,  0.00000000E+00,  0.00000000E+00,  0.00000000E+00,  0.16295715E+02, -0.11976790E+01
     426.,  0.00000000E+00,  0.00000000E+00,  0.00000000E+00,  0.00000000E+00,  0.16356102E+02, -0.11976790E+01
     427.,  0.00000000E+00,  0.00000000E+00,  0.00000000E+00,  0.00000000E+00,  0.16783322E+02, -0.11976790E+01
     428.,  0.00000000E+00,  0.00000000E+00,  0.00000000E+00,  0.00000000E+00,  0.17448656E+02, -0.11976790E+01
     429.,  0.00000000E+00,  0.00000000E+00,  0.00000000E+00,  0.00000000E+00,  0.18125006E+02, -0.11976790E+01
     430.,  0.00000000E+00,  0.00000000E+00,  0.00000000E+00,  0.00000000E+00,  0.18663386E+02, -0.11976790E+01
     431.,  0.00000000E+00,  0.00000000E+00,  0.00000000E+00,  0.00000000E+00,  0.19038959E+02, -0.11976790E+01
     432.,  0.00000000E+00,  0.00000000E+00,  0.00000000E+00,  0.00000000E+00,  0.19394456E+02, -0.11976790E+01
     433.,  0.00000000E+00,  0.00000000E+00,  0.00000000E+00,  0.00000000E+00,  0.19960176E+02, -0.11976790E+01
     434.,  0.00000000E+00,  0.00000000E+00,  0.00000000E+00,  0.00000000E+00,  0.20325594E+02, -0.11976790E+01
     435.,  0.00000000E+00,  0.00000000E+00,  0.00000000E+00,  0.00000000E+00,  0.21204952E+02, -0.11976790E+01
     436.,  0.00000000E+00,  0.00000000E+00,  0.00000000E+00,  0.00000000E+00,  0.24161384E+02, -0.11976790E+01
     437.,  0.00000000E+00,  0.00000000E+00,  0.00000000E+00,  0.00000000E+00,  0.37307637E+02, -0.11976790E+01
     438.,  0.00000000E+00,  0.00000000E+00,  0.00000000E+00,  0.00000000E+00,  0.80540955E+02, -0.11976790E+01
     439.,  0.00000000E+00,  0.00000000E+00,  0.00000000E+00,  0.99885416E-04,  0.16762510E+03, -0.11976790E+01
     440.,  0.00000000E+00,  0.00000000E+00,  0.00000000E+00,  0.15857763E-02,  0.19523518E+03, -0.11976790E+01
     441.,  0.00000000E+00,  0.00000000E+00,  0.00000000E+00,  0.55134540E-02,  0.22023734E+03, -0.11976790E+01
     442.,  0.00000000E+00,  0.00000000E+00,  0.00000000E+00,  0.12290927E-01,  0.25488321E+03, -0.11976790E+01
     443.,  0.00000000E+00,  0.00000000E+00,  0.00000000E+00,  0.22395635E-01,  0.29217878E+03, -0.11976790E+01
     444.,  0.00000000E+00,  0.00000000E+00,  0.00000000E+00,  0.35336277E-01,  0.32105913E+03, -0.11976790E+01
     445.,  0.00000000E+00,  0.00000000E+00,  0.00000000E+00,  0.45800152E-01,  0.33936895E+03, -0.11976790E+01
     446.,  0.00000000E+00,  0.00000000E+00,  0.00000000E+00,  0.49496585E-01,  0.34572319E+03, -0.11976790E+01
     447.,  0.00000000E+00,  0.00000000E+00,  0.00000000E+00,  0.48904396E-01,  0.34462471E+03, -0.11976790E+01
     448.,  0.00000000E+00,  0.00000000E+00,  0.00000000E+00,  0.47021478E-01,  0.34101874E+03, -0.11976790E+01
     449.,  0.00000000E+00,  0.00000000E+00,  0.00000000E+00,  0.28476100E-02,  0.18333167E+03, -0.11976790E+01
     450.,  0.00000000E+00,  0.00000000E+00,  0.00000000E+00,  0.52487106E-02,  0.21526190E+03, -0.11976790E+01
     451.,  0.00000000E+00,  0.00000000E+00,  0.00000000E+00,  0.12727752E-01,  0.25277354E+03, -0.11976790E+01
     452.,  0.00000000E+00,  0.00000000E+00,  0.00000000E+00,  0.25998204E-01,  0.30162299E+03, -0.11976790E+01
     453.,  0.00000000E+00,  0.00000000E+00,  0.00000000E+00,  0.38443782E-01,  0.32532399E+03, -0.11976790E+01
     454.,  0.00000000E+00,  0.00000000E+00,  0.00000000E+00,  0.44919066E-01,  0.33709834E+03, -0.11976790E+01
     455.,  0.00000000E+00,  0.00000000E+00,  0.00000000E+00,  0.32697795E-01,  0.31474777E+03, -0.11976790E+01
     456.,  0.00000000E+00,  0.00000000E+00,  0.00000000E+00,  0.16407105E-01,  0.25677259E+03, -0.11976790E+01
     457.,  0.00000000E+00,  0.00000000E+00,  0.00000000E+00,  0.19698633E-01,  0.27938558E+03, -0.11976790E+01
     458.,  0.00000000E+00,  0.00000000E+00,  0.00000000E+00,  0.28574334E-01,  0.30876481E+03, -0.11976790E+01
     459.,  0.00000000E+00,  0.00000000E+00,  0.00000000E+00,  0.29625023E-01,  0.31020721E+03, -0.11976790E+01
     460.,  0.00000000E+00,  0.00000000E+00,  0.00000000E+00,  0.22618144E-01,  0.29236769E+03, -0.11976790E+01
     461.,  0.00000000E+00,  0.00000000E+00,  0.00000000E+00,  0.13174969E-01,  0.25553219E+03, -0.11976790E+01
     462.,  0.00000000E+00,  0.00000000E+00,  0.00000000E+00,  0.63609745E-02,  0.22177044E+03, -0.11976790E+01
     463.,  0.00000000E+00,  0.00000000E+00,  0.00000000E+00,  0.30298787E-02,  0.19329485E+03, -0.11976790E+01
     464.,  0.00000000E+00,  0.00000000E+00,  0.00000000E+00,  0.54489411E-02,  0.19255663E+03, -0.11976790E+01
     465.,  0.00000000E+00,  0.00000000E+00,  0.00000000E+00,  0.14474722E-01,  0.25179912E+03, -0.11976790E+01
     466.,  0.00000000E+00,  0.00000000E+00,  0.00000000E+00,  0.21873281E-01,  0.28912788E+03, -0.11976790E+01
     467.,  0.00000000E+00,  0.00000000E+00,  0.00000000E+00,  0.26467572E-01,  0.30421242E+03, -0.11976790E+01
     468.,  0.00000000E+00,  0.00000000E+00,  0.00000000E+00,  0.23936683E-01,  0.29667196E+03, -0.11976790E+01
     469.,  0.00000000E+00,  0.00000000E+00,  0.00000000E+00,  0.14744400E-01,  0.26489000E+03, -0.11976790E+01
     470.,  0.00000000E+00,  0.00000000E+00,  0.00000000E+00,  0.63670540E-02,  0.22475567E+03, -0.11976790E+01
     471.,  0.00000000E+00,  0.00000000E+00,  0.00000000E+00,  0.22478197E-02,  0.19967278E+03, -0.11976790E+01
     472.,  0.00000000E+00,  0.00000000E+00,  0.00000000E+00,  0.57356160E-03,  0.18845643E+03, -0.11976790E+01
     473.,  0.00000000E+00,  0.00000000E+00,  0.00000000E+00,  0.00000000E+00,  0.13933931E+03, -0.11976790E+01
     474.,  0.00000000E+00,  0.00000000E+00,  0.00000000E+00,  0.00000000E+00,  0.60843195E+02, -0.11976790E+01
     475.,  0.00000000E+00,  0.00000000E+00,  0.00000000E+00,  0.00000000E+00,  0.23362864E+02, -0.11976790E+01
     476.,  0.00000000E+00,  0.00000000E+00,  0.00000000E+00,  0.00000000E+00,  0.11932772E+02, -0.11976790E+01
     477.,  0.00000000E+00,  0.00000000E+00,  0.00000000E+00,  0.00000000E+00,  0.10759554E+02, -0.11976790E+01
     478.,  0.00000000E+00,  0.00000000E+00,  0.00000000E+00,  0.00000000E+00,  0.11478955E+02, -0.11976790E+01
     479.,  0.00000000E+00,  0.00000000E+00,  0.00000000E+00,  0.00000000E+00,  0.11963252E+02, -0.11976790E+01
     480.,  0.00000000E+00,  0.00000000E+00,  0.00000000E+00,  0.00000000E+00,  0.12264389E+02, -0.11976790E+01
     481.,  0.00000000E+00,  0.00000000E+00,  0.00000000E+00,  0.00000000E+00,  0.13152134E+02, -0.11976790E+01
     482.,  0.00000000E+00,  0.00000000E+00,  0.00000000E+00,  0.00000000E+00,  0.14634475E+02, -0.11976790E+01
     483.,  0.00000000E+00,  0.00000000E+00,  0.00000000E+00,  0.00000000E+00,  0.15900047E+02, -0.11976790E+01
     484.,  0.00000000E+00,  0.00000000E+00,  0.00000000E+00,  0.00000000E+00,  0.16876676E+02, -0.11976790E+01
     485.,  0.00000000E+00,  0.00000000E+00,  0.00000000E+00,  0.00000000E+00,  0.17543439E+02, -0.11976790E+01
     486.,  0.00000000E+00,  0.00000000E+00,  0.00000000E+00,  0.00000000E+00,  0.17993420E+02, -0.11976790E+01
     487.,  0.00000000E+00,  0.00000000E+00,  0.00000000E+00,  0.00000000E+00,  0.18375822E+02, -0.11976790E+01
     488.,  0.00000000E+00,  0.00000000E+00,  0.00000000E+00,  0.00000000E+00,  0.18707415E+02, -0.11976790E+01
     489.,  0.00000000E+00,  0.00000000E+00,  0.00000000E+00,  0.00000000E+00,  0.18855548E+02, -0.11976790E+01
     490.,  0.00000000E+00,  0.00000000E+00,  0.00000000E+00,  0.00000000E+00,  0.18799125E+02, -0.11976790E+01
     491.,  0.00000000E+00,  0.00000000E+00,  0.00000000E+00,  0.00000000E+00,  0.18721333E+02, -0.11976790E+01
     492.,  0.00000000E+00,  0.00000000E+00,  0.00000000E+00,  0.00000000E+00,  0.18767382E+02, -0.11976790E+01
     493.,  0.00000000E+00,  0.00000000E+00,  0.00000000E+00,  0.00000000E+00,  0.18881786E+02, -0.11976790E+01
     494.,  0.00000000E+00,  0.00000000E+00,  0.00000000E+00,  0.00000000E+00,  0.18911258E+02, -0.11976790E+01
     495.,  0.00000000E+00,  0.00000000E+00,  0.00000000E+00,  0.00000000E+00,  0.18761296E+02, -0.11976790E+01
     496.,  0.00000000E+00,  0.00000000E+00,  0.00000000E+00,  0.00000000E+00,  0.18301759E+02, -0.11976790E+01
     497.,  0.00000000E+00,  0.00000000E+00,  0.00000000E+00,  0.00000000E+00,  0.18251738E+02, -0.11976790E+01
     498.,  0.00000000E+00,  0.00000000E+00,  0.00000000E+00,  0.00000000E+00,  0.19056673E+02, -0.11976790E+01
     499.,  0.00000000E+00,  0.00000000E+00,  0.00000000E+00,  0.00000000E+00,  0.20511820E+02, -0.11976790E+01
     500.,  0.00000000E+00,  0.00000000E+00,  0.00000000E+00,  0.00000000E+00,  0.25262975E+02, -0.11976790E+01
     501.,  0.00000000E+00,  0.00000000E+00,  0.00000000E+00,  0.00000000E+00,  0.41358959E+02, -0.11976790E+01
     502.,  0.00000000E+00,  0.00000000E+00,  0.00000000E+00,  0.00000000E+00,  0.84651584E+02, -0.11976790E+01
     503.,  0.00000000E+00,  0.00000000E+00,  0.00000000E+00,  0.59048576E-04,  0.17151056E+03, -0.11976790E+01
     504.,  0.00000000E+00,  0.00000000E+00,  0.00000000E+00,  0.10979366E-02,  0.19240185E+03, -0.11976790E+01
     505.,  0.00000000E+00,  0.00000000E+00,  0.00000000E+00,  0.38131160E-02,  0.20992059E+03, -0.11976790E+01
     506.,  0.00000000E+00,  0.00000000E+00,  0.00000000E+00,  0.97189451E-02,  0.24258274E+03, -0.11976790E+01
     507.,  0.00000000E+00,  0.00000000E+00,  0.00000000E+00,  0.18537856E-01,  0.27984004E+03, -0.11976790E+01
     508.,  0.00000000E+00,  0.00000000E+00,  0.00000000E+00,  0.23649763E-01,  0.29585136E+03, -0.11976790E+01
     509.,  0.00000000E+00,  0.00000000E+00,  0.00000000E+00,  0.19987097E-01,  0.28235702E+03, -0.11976790E+01
     510.,  0.00000000E+00,  0.00000000E+00,  0.00000000E+00,  0.12331689E-01,  0.24825539E+03, -0.11976790E+01
     511.,  0.00000000E+00,  0.00000000E+00,  0.00000000E+00,  0.67016912E-02,  0.20297890E+03, -0.11976790E+01
     512.,  0.00000000E+00,  0.00000000E+00,  0.00000000E+00,  0.33907199E-02,  0.19779818E+03, -0.11976790E+01
     513.,  0.00000000E+00,  0.00000000E+00,  0.00000000E+00,  0.70633933E-03,  0.17490081E+03, -0.11976790E+01
     514.,  0.00000000E+00,  0.00000000E+00,  0.00000000E+00,  0.61536834E-03,  0.14080698E+03, -0.11976790E+01
     515.,  0.00000000E+00,  0.00000000E+00,  0.00000000E+00,  0.52158665E-02,  0.21810833E+03, -0.11976790E+01
     516.,  0.00000000E+00,  0.00000000E+00,  0.00000000E+00,  0.14051719E-01,  0.25920665E+03, -0.11976790E+01
     517.,  0.00000000E+00,  0.00000000E+00,  0.00000000E+00,  0.24842175E-01,  0.29901412E+03, -0.11976790E+01
     518.,  0.00000000E+00,  0.00000000E+00,  0.00000000E+00,  0.37679671E-01,  0.32325363E+03, -0.11976790E+01
     519.,  0.00000000E+00,  0.00000000E+00,  0.00000000E+00,  0.41157400E-01,  0.33094902E+03, -0.11976790E+01
     520.,  0.00000000E+00,  0.00000000E+00,  0.00000000E+00,  0.26898294E-01,  0.29524635E+03, -0.11976790E+01
     521.,  0.00000000E+00,  0.00000000E+00,  0.00000000E+00,  0.22375470E-01,  0.28200147E+03, -0.11976790E+01
     522.,  0.00000000E+00,  0.00000000E+00,  0.00000000E+00,  0.25951702E-01,  0.30207271E+03, -0.11976790E+01
     523.,  0.00000000E+00,  0.00000000E+00,  0.00000000E+00,  0.21922267E-01,  0.29081752E+03, -0.11976790E+01
     524.,  0.00000000E+00,  0.00000000E+00,  0.00000000E+00,  0.12442726E-01,  0.25397520E+03, -0.11976790E+01
     525.,  0.00000000E+00,  0.00000000E+00,  0.00000000E+00,  0.52473942E-02,  0.21885328E+03, -0.11976790E+01
     526.,  0.00000000E+00,  0.00000000E+00,  0.00000000E+00,  0.31107336E-02,  0.20419183E+03, -0.11976790E+01
     527.,  0.00000000E+00,  0.00000000E+00,  0.00000000E+00,  0.39616121E-02,  0.20328121E+03, -0.11976790E+01
     528.,  0.00000000E+00,  0.00000000E+00,  0.00000000E+00,  0.40836688E-02,  0.20917879E+03, -0.11976790E+01
     529.,  0.00000000E+00,  0.00000000E+00,  0.00000000E+00,  0.29160518E-02,  0.20433409E+03, -0.11976790E+01
     530.,  0.00000000E+00,  0.00000000E+00,  0.00000000E+00,  0.81920528E-02,  0.23038948E+03, -0.11976790E+01
     531.,  0.00000000E+00,  0.00000000E+00,  0.00000000E+00,  0.16266463E-01,  0.27066252E+03, -0.11976790E+01
     532.,  0.00000000E+00,  0.00000000E+00,  0.00000000E+00,  0.21074635E-01,  0.28868701E+03, -0.11976790E+01
     533.,  0.00000000E+00,  0.00000000E+00,  0.00000000E+00,  0.16870579E-01,  0.27369908E+03, -0.11976790E+01
     534.,  0.00000000E+00,  0.00000000E+00,  0.00000000E+00,  0.85945752E-02,  0.23657223E+03, -0.11976790E+01
     535.,  0.00000000E+00,  0.00000000E+00,  0.00000000E+00,  0.30959134E-02,  0.20456940E+03, -0.11976790E+01
     536.,  0.00000000E+00,  0.00000000E+00,  0.00000000E+00,  0.73386358E-03,  0.18965836E+03, -0.11976790E+01
     537.,  0.00000000E+00,  0.00000000E+00,  0.00000000E+00,  0.00000000E+00,  0.15534740E+03, -0.11976790E+01
     538.,  0.00000000E+00,  0.00000000E+00,  0.00000000E+00,  0.00000000E+00,  0.70326265E+02, -0.11976790E+01
     539.,  0.00000000E+00,  0.00000000E+00,  0.00000000E+00,  0.00000000E+00,  0.30561357E+02, -0.11976790E+01
     540.,  0.00000000E+00,  0.00000000E+00,  0.00000000E+00,  0.00000000E+00,  0.14923021E+02, -0.11976790E+01
     541.,  0.00000000E+00,  0.00000000E+00,  0.00000000E+00,  0.00000000E+00,  0.10727972E+02, -0.11976790E+01
     542.,  0.00000000E+00,  0.00000000E+00,  0.00000000E+00,  0.00000000E+00,  0.97093817E+01, -0.11976790E+01
     543.,  0.00000000E+00,  0.00000000E+00,  0.00000000E+00,  0.00000000E+00,  0.94795141E+01, -0.11976790E+01
     544.,  0.00000000E+00,  0.00000000E+00,  0.00000000E+00,  0.00000000E+00,  0.89638482E+01, -0.11976790E+01
     545.,  0.00000000E+00,  0.00000000E+00,  0.00000000E+00,  0.00000000E+00,  0.95088192E+01, -0.11976790E+01
     546.,  0.00000000E+00,  0.00000000E+00,  0.00000000E+00,  0.00000000E+00,  0.11439846E+02, -0.11976790E+01
     547.,  0.00000000E+00,  0.00000000E+00,  0.00000000E+00,  0.00000000E+00,  0.13390768E+02, -0.11976790E+01
     548.,  0.00000000E+00,  0.00000000E+00,  0.00000000E+00,  0.00000000E+00,  0.15188768E+02, -0.11976790E+01
     549.,  0.00000000E+00,  0.00000000E+00,  0.00000000E+00,  0.00000000E+00,  0.16846209E+02, -0.11976790E+01
     550.,  0.00000000E+00,  0.00000000E+00,  0.00000000E+00,  0.00000000E+00,  0.18479576E+02, -0.11976790E+01
     551.,  0.00000000E+00,  0.00000000E+00,  0.00000000E+00,  0.00000000E+00,  0.20093119E+02, -0.11976790E+01
     552.,  0.00000000E+00,  0.00000000E+00,  0.00000000E+00,  0.00000000E+00,  0.21386748E+02, -0.11976790E+01
     553.,  0.00000000E+00,  0.00000000E+00,  0.00000000E+00,  0.00000000E+00,  0.21932735E+02, -0.11976790E+01
     554.,  0.00000000E+00,  0.00000000E+00,  0.00000000E+00,  0.00000000E+00,  0.21597859E+02, -0.11976790E+01
     555.,  0.00000000E+00,  0.00000000E+00,  0.00000000E+00,  0.00000000E+00,  0.20667256E+02, -0.11976790E+01
     556.,  0.00000000E+00,  0.00000000E+00,  0.00000000E+00,  0.00000000E+00,  0.19549077E+02, -0.11976790E+01
     557.,  0.00000000E+00,  0.00000000E+00,  0.00000000E+00,  0.00000000E+00,  0.18434010E+02, -0.11976790E+01
     558.,  0.00000000E+00,  0.00000000E+00,  0.00000000E+00,  0.00000000E+00,  0.17237681E+02, -0.11976790E+01
     559.,  0.00000000E+00,  0.00000000E+00,  0.00000000E+00,  0.00000000E+00,  0.15678994E+02, -0.11976790E+01
     560.,  0.00000000E+00,  0.00000000E+00,  0.00000000E+00,  0.00000000E+00,  0.13428433E+02, -0.11976790E+01
     561.,  0.00000000E+00,  0.00000000E+00,  0.00000000E+00,  0.00000000E+00,  0.12933589E+02, -0.11976790E+01
     562.,  0.00000000E+00,  0.00000000E+00,  0.00000000E+00,  0.00000000E+00,  0.14491567E+02, -0.11976790E+01
     563.,  0.00000000E+00,  0.00000000E+00,  0.00000000E+00,  0.00000000E+00,  0.16951795E+02, -0.11976790E+01
     564.,  0.00000000E+00,  0.00000000E+00,  0.00000000E+00,  0.00000000E+00,  0.23180331E+02, -0.11976790E+01
     565.,  0.00000000E+00,  0.00000000E+00,  0.00000000E+00,  0.00000000E+00,  0.40562172E+02, -0.11976790E+01
     566.,  0.00000000E+00,  0.00000000E+00,  0.00000000E+00,  0.00000000E+00,  0.83693258E+02, -0.11976790E+01
     567.,  0.00000000E+00,  0.00000000E+00,  0.00000000E+00,  0.11661110E-04,  0.17262440E+03, -0.11976790E+01
     568.,  0.00000000E+00,  0.00000000E+00,  0.00000000E+00,  0.96912320E-03,  0.19149587E+03, -0.11976790E+01
     569.,  0.00000000E+00,  0.00000000E+00,  0.00000000E+00,  0.37402991E-02,  0.20958117E+03, -0.11976790E+01
     570.,  0.00000000E+00,  0.00000000E+00,  0.00000000E+00,  0.98379503E-02,  0.24348616E+03, -0.11976790E+01
     571.,  0.00000000E+00,  0.00000000E+00,  0.00000000E+00,  0.16916204E-01,  0.27423687E+03, -0.11976790E+01
     572.,  0.00000000E+00,  0.00000000E+00,  0.00000000E+00,  0.18040123E-01,  0.27766653E+03, -0.11976790E+01
     573.,  0.00000000E+00,  0.00000000E+00,  0.00000000E+00,  0.12244117E-01,  0.25268475E+03, -0.11976790E+01
     574.,  0.00000000E+00,  0.00000000E+00,  0.00000000E+00,  0.60325019E-02,  0.21866720E+03, -0.11976790E+01
     575.,  0.00000000E+00,  0.00000000E+00,  0.00000000E+00,  0.20742487E-02,  0.17740909E+03, -0.11976790E+01
     576.,  0.00000000E+00,  0.00000000E+00,  0.00000000E+00,  0.42400326E-03,  0.17401473E+03, -0.11976790E+01
     577.,  0.00000000E+00,  0.00000000E+00,  0.00000000E+00,  0.18359851E-02,  0.19211373E+03, -0.11976790E+01
     578.,  0.00000000E+00,  0.00000000E+00,  0.00000000E+00,  0.28581289E-02,  0.18876851E+03, -0.11976790E+01
     579.,  0.00000000E+00,  0.00000000E+00,  0.00000000E+00,  0.26417581E-02,  0.17095585E+03, -0.11976790E+01
     580.,  0.00000000E+00,  0.00000000E+00,  0.00000000E+00,  0.10422000E-01,  0.24482356E+03, -0.11976790E+01
     581.,  0.00000000E+00,  0.00000000E+00,  0.00000000E+00,  0.17157903E-01,  0.26475753E+03, -0.11976790E+01
     582.,  0.00000000E+00,  0.00000000E+00,  0.00000000E+00,  0.28790078E-01,  0.30810578E+03, -0.11976790E+01
     583.,  0.00000000E+00,  0.00000000E+00,  0.00000000E+00,  0.34104372E-01,  0.31728728E+03, -0.11976790E+01
     584.,  0.00000000E+00,  0.00000000E+00,  0.00000000E+00,  0.30726089E-01,  0.31000660E+03, -0.11976790E+01
     585.,  0.00000000E+00,  0.00000000E+00,  0.00000000E+00,  0.23973191E-01,  0.28872987E+03, -0.11976790E+01
     586.,  0.00000000E+00,  0.00000000E+00,  0.00000000E+00,  0.28012890E-01,  0.30713425E+03, -0.11976790E+01
     587.,  0.00000000E+00,  0.00000000E+00,  0.00000000E+00,  0.20464816E-01,  0.28289145E+03, -0.11976790E+01
     588.,  0.00000000E+00,  0.00000000E+00,  0.00000000E+00,  0.78814684E-02,  0.23321401E+03, -0.11976790E+01
     589.,  0.00000000E+00,  0.00000000E+00,  0.00000000E+00,  0.51844022E-02,  0.21286635E+03, -0.11976790E+01
     590.,  0.00000000E+00,  0.00000000E+00,  0.00000000E+00,  0.48955555E-02,  0.20519138E+03, -0.11976790E+01
     591.,  0.00000000E+00,  0.00000000E+00,  0.00000000E+00,  0.43426120E-02,  0.20606337E+03, -0.11976790E+01
     592.,  0.00000000E+00,  0.00000000E+00,  0.00000000E+00,  0.17091997E-02,  0.18721860E+03, -0.11976790E+01
     593.,  0.00000000E+00,  0.00000000E+00,  0.00000000E+00,  0.17665402E-02,  0.19387875E+03, -0.11976790E+01
     594.,  0.00000000E+00,  0.00000000E+00,  0.00000000E+00,  0.27182634E-02,  0.20340147E+03, -0.11976790E+01
     595.,  0.00000000E+00,  0.00000000E+00,  0.00000000E+00,  0.79721549E-02,  0.23174738E+03, -0.11976790E+01
     596.,  0.00000000E+00,  0.00000000E+00,  0.00000000E+00,  0.15702824E-01,  0.26929720E+03, -0.11976790E+01
     597.,  0.00000000E+00,  0.00000000E+00,  0.00000000E+00,  0.16676224E-01,  0.27340435E+03, -0.11976790E+01
     598.,  0.00000000E+00,  0.00000000E+00,  0.00000000E+00,  0.10650125E-01,  0.24674534E+03, -0.11976790E+01
     599.,  0.00000000E+00,  0.00000000E+00,  0.00000000E+00,  0.42076607E-02,  0.21124462E+03, -0.11976790E+01
     600.,  0.00000000E+00,  0.00000000E+00,  0.00000000E+00,  0.95045737E-03,  0.19082821E+03, -0.11976790E+01
     601.,  0.00000000E+00,  0.00000000E+00,  0.00000000E+00,  0.00000000E+00,  0.16102721E+03, -0.11976790E+01
     602.,  0.00000000E+00,  0.00000000E+00,  0.00000000E+00,  0.00000000E+00,  0.76151834E+02, -0.11976790E+01
     603.,  0.00000000E+00,  0.00000000E+00,  0.00000000E+00,  0.00000000E+00,  0.33970055E+02, -0.11976790E+01
     604.,  0.00000000E+00,  0.00000000E+00,  0.00000000E+00,  0.00000000E+00,  0.16852606E+02, -0.11976790E+01
     605.,  0.00000000E+00,  0.00000000E+00,  0.00000000E+00,  0.00000000E+00,  0.10550977E+02, -0.11976790E+01
     606.,  0.00000000E+00,  0.00000000E+00,  0.00000000E+00,  0.00000000E+00,  0.84977467E+01, -0.11976790E+01
     607.,  0.00000000E+00,  0.00000000E+00,  0.00000000E+00,  0.00000000E+00,  0.70803402E+01, -0.11976790E+01
     608.,  0.00000000E+00,  0.00000000E+00,  0.00000000E+00,  0.00000000E+00,  0.57451902E+01, -0.11976790E+01
     609.,  0.00000000E+00,  0.00000000E+00,  0.00000000E+00,  0.00000000E+00,  0.59374709E+01, -0.11976790E+01
     610.,  0.00000000E+00,  0.00000000E+00,  0.00000000E+00,  0.00000000E+00,  0.80857715E+01, -0.11976790E+01
     611.,  0.00000000E+00,  0.00000000E+00,  0.00000000E+00,  0.00000000E+00,  0.10506129E+02, -0.11976790E+01
     612.,  0.00000000E+00,  0.00000000E+00,  0.00000000E+00,  0.00000000E+00,  0.13138027E+02, -0.11976790E+01
     613.,  0.00000000E+00,  0.00000000E+00,  0.00000000E+00,  0.00000000E+00,  0.16017613E+02, -0.11976790E+01
     614.,  0.00000000E+00,  0.00000000E+00,  0.00000000E+00,  0.00000000E+00,  0.19171058E+02, -0.11976790E+01
     615.,  0.00000000E+00,  0.00000000E+00,  0.00000000E+00,  0.00000000E+00,  0.22287356E+02, -0.11976790E+01
     616.,  0.00000000E+00,  0.00000000E+00,  0.00000000E+00,  0.00000000E+00,  0.24667154E+02, -0.11976790E+01
     617.,  0.00000000E+00,  0.00000000E+00,  0.00000000E+00,  0.00000000E+00,  0.25602781E+02, -0.11976790E+01
     618.,  0.00000000E+00,  0.00000000E+00,  0.00000000E+00,  0.00000000E+00,  0.24851288E+02, -0.11976790E+01
     619.,  0.00000000E+00,  0.00000000E+00,  0.00000000E+00,  0.00000000E+00,  0.22751422E+02, -0.11976790E+01
     620.,  0.00000000E+00,  0.00000000E+00,  0.00000000E+00,  0.00000000E+00,  0.19935109E+02, -0.11976790E+01
     621.,  0.00000000E+00,  0.00000000E+00,  0.00000000E+00,  0.00000000E+00,  0.16946351E+02, -0.11976790E+01
     622.,  0.00000000E+00,  0.00000000E+00,  0.00000000E+00,  0.00000000E+00,  0.13944204E+02, -0.11976790E+01
     623.,  0.00000000E+00,  0.00000000E+00,  0.00000000E+00,  0.00000000E+00,  0.10754167E+02, -0.11976790E+01
     624.,  0.00000000E+00,  0.00000000E+00,  0.00000000E+00,  0.00000000E+00,  0.72769352E+01, -0.11976790E+01
     625.,  0.00000000E+00,  0.00000000E+00,  0.00000000E+00,  0.00000000E+00,  0.67375467E+01, -0.11976790E+01
     626.,  0.00000000E+00,  0.00000000E+00,  0.00000000E+00,  0.00000000E+00,  0.88983271E+01, -0.11976790E+01
     627.,  0.00000000E+00,  0.00000000E+00,  0.00000000E+00,  0.00000000E+00,  0.12147517E+02, -0.11976790E+01
     628.,  0.00000000E+00,  0.00000000E+00,  0.00000000E+00,  0.00000000E+00,  0.20083335E+02, -0.11976790E+01
     629.,  0.00000000E+00,  0.00000000E+00,  0.00000000E+00,  0.00000000E+00,  0.38246883E+02, -0.11976790E+01
     630.,  0.00000000E+00,  0.00000000E+00,  0.00000000E+00,  0.00000000E+00,  0.78968814E+02, -0.11976790E+01
     631.,  0.00000000E+00,  0.00000000E+00,  0.00000000E+00,  0.00000000E+00,  0.16611804E+03, -0.11976790E+01
     632.,  0.00000000E+00,  0.00000000E+00,  0.00000000E+00,  0.86853017E-03,  0.19065916E+03, -0.11976790E+01
     633.,  0.00000000E+00,  0.00000000E+00,  0.00000000E+00,  0.37359875E-02,  0.20961108E+03, -0.11976790E+01
     634.,  0.00000000E+00,  0.00000000E+00,  0.00000000E+00,  0.94884690E-02,  0.24205286E+03, -0.11976790E+01
     635.,  0.00000000E+00,  0.00000000E+00,  0.00000000E+00,  0.15099662E-01,  0.26721194E+03, -0.11976790E+01
     636.,  0.00000000E+00,  0.00000000E+00,  0.00000000E+00,  0.14290205E-01,  0.26335589E+03, -0.11976790E+01
     637.,  0.00000000E+00,  0.00000000E+00,  0.00000000E+00,  0.83009602E-02,  0.23453238E+03, -0.11976790E+01
     638.,  0.00000000E+00,  0.00000000E+00,  0.00000000E+00,  0.29722895E-02,  0.19482738E+03, -0.11976790E+01
     639.,  0.00000000E+00,  0.00000000E+00,  0.00000000E+00,  0.15188030E-03,  0.17012255E+03, -0.11976790E+01
     640.,  0.00000000E+00,  0.00000000E+00,  0.00000000E+00,  0.14056760E-03,  0.15249239E+03, -0.11976790E+01
     641.,  0.00000000E+00,  0.00000000E+00,  0.00000000E+00,  0.70568961E-02,  0.22659710E+03, -0.11976790E+01
     642.,  0.00000000E+00,  0.00000000E+00,  0.00000000E+00,  0.12563869E-01,  0.24750278E+03, -0.11976790E+01
     643.,  0.00000000E+00,  0.00000000E+00,  0.00000000E+00,  0.17178092E-01,  0.25725361E+03, -0.11976790E+01
     644.,  0.00000000E+00,  0.00000000E+00,  0.00000000E+00,  0.11750456E-01,  0.12235627E+03, -0.11976790E+01
     645.,  0.00000000E+00,  0.00000000E+00,  0.00000000E+00,  0.18116439E-01,  0.24589682E+03, -0.11976790E+01
     646.,  0.00000000E+00,  0.00000000E+00,  0.00000000E+00,  0.27247579E-01,  0.30415323E+03, -0.11976790E+01
     647.,  0.00000000E+00,  0.00000000E+00,  0.00000000E+00,  0.27805166E-01,  0.30538416E+03, -0.11976790E+01
     648.,  0.00000000E+00,  0.00000000E+00,  0.00000000E+00,  0.23726873E-01,  0.27618357E+03, -0.11976790E+01
     649.,  0.00000000E+00,  0.00000000E+00,  0.00000000E+00,  0.32183453E-01,  0.26011615E+03, -0.11976790E+01
     650.,  0.00000000E+00,  0.00000000E+00,  0.00000000E+00,  0.33746909E-01,  0.31602955E+03, -0.11976790E+01
     651.,  0.00000000E+00,  0.00000000E+00,  0.00000000E+00,  0.22766479E-01,  0.28931865E+03, -0.11976790E+01
     652.,  0.00000000E+00,  0.00000000E+00,  0.00000000E+00,  0.14971685E-01,  0.25952000E+03, -0.11976790E+01
     653.,  0.00000000E+00,  0.00000000E+00,  0.00000000E+00,  0.91971119E-02,  0.23096744E+03, -0.11976790E+01
     654.,  0.00000000E+00,  0.00000000E+00,  0.00000000E+00,  0.70743941E-02,  0.21908243E+03, -0.11976790E+01
     655.,  0.00000000E+00,  0.00000000E+00,  0.00000000E+00,  0.23671190E-02,  0.17428897E+03, -0.11976790E+01
     656.,  0.00000000E+00,  0.00000000E+00,  0.00000000E+00,  0.95138314E-04,  0.13455752E+03, -0.11976790E+01
     657.,  0.00000000E+00,  0.00000000E+00,  0.00000000E+00,  0.42080980E-03,  0.17720989E+03, -0.11976790E+01
     658.,  0.00000000E+00,  0.00000000E+00,  0.00000000E+00,  0.17311129E-02,  0.19310435E+03, -0.11976790E+01
     659.,  0.00000000E+00,  0.00000000E+00,  0.00000000E+00,  0.40907130E-02,  0.21130045E+03, -0.11976790E+01
     660.,  0.00000000E+00,  0.00000000E+00,  0.00000000E+00,  0.11227542E-01,  0.24886815E+03, -0.11976790E+01
     661.,  0.00000000E+00,  0.00000000E+00,  0.00000000E+00,  0.17002310E-01,  0.27448798E+03, -0.11976790E+01
     662.,  0.00000000E+00,  0.00000000E+00,  0.00000000E+00,  0.13564412E-01,  0.26000548E+03, -0.11976790E+01
     663.,  0.00000000E+00,  0.00000000E+00,  0.00000000E+00,  0.56385436E-02,  0.21972911E+03, -0.11976790E+01
     664.,  0.00000000E+00,  0.00000000E+00,  0.00000000E+00,  0.11244150E-02,  0.19213783E+03, -0.11976790E+01
     665.,  0.00000000E+00,  0.00000000E+00,  0.00000000E+00,  0.00000000E+00,  0.16866421E+03, -0.11976790E+01
     666.,  0.00000000E+00,  0.00000000E+00,  0.00000000E+00,  0.00000000E+00,  0.78498149E+02, -0.11976790E+01
     667.,  0.00000000E+00,  0.00000000E+00,  0.00000000E+00,  0.00000000E+00,  0.36055293E+02, -0.11976790E+01
     668.,  0.00000000E+00,  0.00000000E+00,  0.00000000E+00,  0.00000000E+00,  0.16898490E+02, -0.11976790E+01
     669.,  0.00000000E+00,  0.00000000E+00,  0.00000000E+00,  0.00000000E+00,  0.10130688E+02, -0.11976790E+01
     670.,  0.00000000E+00,  0.00000000E+00,  0.00000000E+00,  0.00000000E+00,  0.67890064E+01, -0.11976790E+01
     671.,  0.00000000E+00,  0.00000000E+00,  0.00000000E+00,  0.00000000E+00,  0.45701018E+01, -0.11976790E+01
     672.,  0.00000000E+00,  0.00000000E+00,  0.00000000E+00,  0.00000000E+00,  0.25934641E+01, -0.11976790E+01
     673.,  0.00000000E+00,  0.00000000E+00,  0.00000000E+00,  0.00000000E+00,  0.25556755E+01, -0.11976790E+01
     674.,  0.00000000E+00,  0.00000000E+00,  0.00000000E+00,  0.00000000E+00,  0.47170611E+01, -0.11976790E+01
     675.,  0.00000000E+00,  0.00000000E+00,  0.00000000E+00,  0.00000000E+00,  0.74135952E+01, -0.11976790E+01
     676.,  0.00000000E+00,  0.00000000E+00,  0.00000000E+00,  0.00000000E+00,  0.10856501E+02, -0.11976790E+01
     677.,  0.00000000E+00,  0.00000000E+00,  0.00000000E+00,  0.00000000E+00,  0.15213302E+02, -0.11976790E+01
     678.,  0.00000000E+00,  0.00000000E+00,  0.00000000E+00,  0.00000000E+00,  0.20220507E+02, -0.11976790E+01
     679.,  0.00000000E+00,  0.00000000E+00,  0.00000000E+00,  0.00000000E+00,  0.25085840E+02, -0.11976790E+01
     680.,  0.00000000E+00,  0.00000000E+00,  0.00000000E+00,  0.00000000E+00,  0.28675209E+02, -0.11976790E+01
     681.,  0.00000000E+00,  0.00000000E+00,  0.00000000E+00,  0.00000000E+00,  0.30007287E+02, -0.11976790E+01
     682.,  0.00000000E+00,  0.00000000E+00,  0.00000000E+00,  0.00000000E+00,  0.28720079E+02, -0.11976790E+01
     683.,  0.00000000E+00,  0.00000000E+00,  0.00000000E+00,  0.00000000E+00,  0.25161157E+02, -0.11976790E+01
     684.,  0.00000000E+00,  0.00000000E+00,  0.00000000E+00,  0.00000000E+00,  0.20148387E+02, -0.11976790E+01
     685.,  0.00000000E+00,  0.00000000E+00,  0.00000000E+00,  0.00000000E+00,  0.14640003E+02, -0.11976790E+01
     686.,  0.00000000E+00,  0.00000000E+00,  0.00000000E+00,  0.00000000E+00,  0.94831236E+01, -0.11976790E+01
     687.,  0.00000000E+00,  0.00000000E+00,  0.00000000E+00,  0.00000000E+00,  0.51779262E+01, -0.11976790E+01
     688.,  0.00000000E+00,  0.00000000E+00,  0.00000000E+00,  0.00000000E+00,  0.19424659E+01, -0.11976790E+01
     689.,  0.00000000E+00,  0.00000000E+00,  0.00000000E+00,  0.00000000E+00,  0.20877929E+01, -0.11976790E+01
     690.,  0.00000000E+00,  0.00000000E+00,  0.00000000E+00,  0.00000000E+00,  0.42417710E+01, -0.11976790E+01
     691.,  0.00000000E+00,  0.00000000E+00,  0.00000000E+00,  0.00000000E+00,  0.83348101E+01, -0.11976790E+01
     692.,  0.00000000E+00,  0.00000000E+00,  0.00000000E+00,  0.00000000E+00,  0.17916768E+02, -0.11976790E+01
     693.,  0.00000000E+00,  0.00000000E+00,  0.00000000E+00,  0.00000000E+00,  0.37130610E+02, -0.11976790E+01
     694.,  0.00000000E+00,  0.00000000E+00,  0.00000000E+00,  0.00000000E+00,  0.76237959E+02, -0.11976790E+01
     695.,  0.00000000E+00,  0.00000000E+00,  0.00000000E+00,  0.00000000E+00,  0.15682444E+03, -0.11976790E+01
     696.,  0.00000000E+00,  0.00000000E+00,  0.00000000E+00,  0.79655786E-03,  0.18952119E+03, -0.11976790E+01
     697.,  0.00000000E+00,  0.00000000E+00,  0.00000000E+00,  0.33752842E-02,  0.20686148E+03, -0.11976790E+01
     698.,  0.00000000E+00,  0.00000000E+00,  0.00000000E+00,  0.83748943E-02,  0.23580640E+03, -0.11976790E+01
     699.,  0.00000000E+00,  0.00000000E+00,  0.00000000E+00,  0.12701310E-01,  0.25668232E+03, -0.11976790E+01
     700.,  0.00000000E+00,  0.00000000E+00,  0.00000000E+00,  0.11196997E-01,  0.24950097E+03, -0.11976790E+01
     701.,  0.00000000E+00,  0.00000000E+00,  0.00000000E+00,  0.53192780E-02,  0.21529297E+03, -0.11976790E+01
     702.,  0.00000000E+00,  0.00000000E+00,  0.00000000E+00,  0.12365005E-02,  0.18960845E+03, -0.11976790E+01
     703.,  0.00000000E+00,  0.00000000E+00,  0.00000000E+00,  0.15194399E-03,  0.17584169E+03, -0.11976790E+01
     704.,  0.00000000E+00,  0.00000000E+00,  0.00000000E+00,  0.49684299E-02,  0.20334768E+03, -0.11976790E+01
     705.,  0.00000000E+00,  0.00000000E+00,  0.00000000E+00,  0.60482641E-01,  0.36355383E+03, -0.11976790E+01
     706.,  0.00000000E+00,  0.00000000E+00,  0.00000000E+00,  0.59214368E-01,  0.36074297E+03, -0.11976790E+01
     707.,  0.00000000E+00,  0.00000000E+00,  0.00000000E+00,  0.79705819E-01,  0.38918580E+03, -0.11976790E+01
     708.,  0.00000000E+00,  0.00000000E+00,  0.10736650E-01,  0.18333987E+00,  0.50643416E+03, -0.11976790E+01
     709.,  0.00000000E+00,  0.00000000E+00,  0.29294846E-01,  0.21367228E+00,  0.52456866E+03, -0.11976790E+01
     710.,  0.00000000E+00,  0.00000000E+00,  0.00000000E+00,  0.14394277E+00,  0.47591747E+03, -0.11976790E+01
     711.,  0.00000000E+00,  0.00000000E+00,  0.00000000E+00,  0.75911548E-01,  0.38446343E+03, -0.11976790E+01
     712.,  0.00000000E+00,  0.00000000E+00,  0.00000000E+00,  0.17673925E-01,  0.21474003E+03, -0.11976790E+01
     713.,  0.00000000E+00,  0.00000000E+00,  0.00000000E+00,  0.28777548E-01,  0.29275721E+03, -0.11976790E+01
     714.,  0.00000000E+00,  0.00000000E+00,  0.00000000E+00,  0.36717629E-01,  0.29046250E+03, -0.11976790E+01
     715.,  0.00000000E+00,  0.00000000E+00,  0.00000000E+00,  0.37408434E-01,  0.30204998E+03, -0.11976790E+01
     716.,  0.00000000E+00,  0.00000000E+00,  0.00000000E+00,  0.81514023E-01,  0.39479092E+03, -0.11976790E+01
     717.,  0.00000000E+00,  0.00000000E+00,  0.00000000E+00,  0.76028020E-01,  0.38276492E+03, -0.11976790E+01
     718.,  0.00000000E+00,  0.00000000E+00,  0.00000000E+00,  0.16976221E-01,  0.21217779E+03, -0.11976790E+01
     719.,  0.00000000E+00,  0.00000000E+00,  0.00000000E+00,  0.97230859E-02,  0.19079964E+03, -0.11976790E+01
     720.,  0.00000000E+00,  0.00000000E+00,  0.00000000E+00,  0.62564645E-02,  0.11975883E+03, -0.11976790E+01
     721.,  0.00000000E+00,  0.00000000E+00,  0.00000000E+00,  0.15994464E-02,  0.15467790E+03, -0.11976790E+01
     722.,  0.00000000E+00,  0.00000000E+00,  0.00000000E+00,  0.10151333E-02,  0.19062760E+03, -0.11976790E+01
     723.,  0.00000000E+00,  0.00000000E+00,  0.00000000E+00,  0.31154179E-02,  0.20337264E+03, -0.11976790E+01
     724.,  0.00000000E+00,  0.00000000E+00,  0.00000000E+00,  0.89957014E-02,  0.23798414E+03, -0.11976790E+01
     725.,  0.00000000E+00,  0.00000000E+00,  0.00000000E+00,  0.19150555E-01,  0.28220994E+03, -0.11976790E+01
     726.,  0.00000000E+00,  0.00000000E+00,  0.00000000E+00,  0.19649484E-01,  0.28242249E+03, -0.11976790E+01
     727.,  0.00000000E+00,  0.00000000E+00,  0.00000000E+00,  0.74554124E-02,  0.22982557E+03, -0.11976790E+01
     728.,  0.00000000E+00,  0.00000000E+00,  0.00000000E+00,  0.12692979E-02,  0.19199339E+03, -0.11976790E+01
     729.,  0.00000000E+00,  0.00000000E+00,  0.00000000E+00,  0.00000000E+00,  0.16321306E+03, -0.11976790E+01
     730.,  0.00000000E+00,  0.00000000E+00,  0.00000000E+00,  0.00000000E+00,  0.78119914E+02, -0.11976790E+01
     731.,  0.00000000E+00,  0.00000000E+00,  0.00000000E+00,  0.00000000E+00,  0.34339192E+02, -0.11976790E+01
     732.,  0.00000000E+00,  0.00000000E+00,  0.00000000E+00,  0.00000000E+00,  0.16452205E+02, -0.11976790E+01
     733.,  0.00000000E+00,  0.00000000E+00,  0.00000000E+00,  0.00000000E+00,  0.89654903E+01, -0.11976790E+01
     734.,  0.00000000E+00,  0.00000000E+00,  0.00000000E+00,  0.00000000E+00,  0.46167060E+01, -0.11976790E+01
     735.,  0.00000000E+00,  0.00000000E+00,  0.00000000E+00,  0.00000000E+00,  0.18945960E+01, -0.11976790E+01
     736.,  0.00000000E+00,  0.00000000E+00,  0.00000000E+00,  0.00000000E+00,  0.46702492E+00, -0.11976790E+01
     737.,  0.00000000E+00,  0.00000000E+00,  0.00000000E+00,  0.00000000E+00,  0.37866741E+00, -0.11976790E+01
     738.,  0.00000000E+00,  0.00000000E+00,  0.00000000E+00,  0.00000000E+00,  0.15720445E+01, -0.11976790E+01
     739.,  0.00000000E+00,  0.00000000E+00,  0.00000000E+00,  0.00000000E+00,  0.41852033E+01, -0.11976790E+01
     740.,  0.00000000E+00,  0.00000000E+00,  0.00000000E+00,  0.00000000E+00,  0.85727016E+01, -0.11976790E+01
     741.,  0.00000000E+00,  0.00000000E+00,  0.00000000E+00,  0.00000000E+00,  0.14686452E+02, -0.11976790E+01
     742.,  0.00000000E+00,  0.00000000E+00,  0.00000000E+00,  0.00000000E+00,  0.21825415E+02, -0.11976790E+01
     743.,  0.00000000E+00,  0.00000000E+00,  0.00000000E+00,  0.00000000E+00,  0.28655273E+02, -0.11976790E+01
     744.,  0.00000000E+00,  0.00000000E+00,  0.00000000E+00,  0.00000000E+00,  0.33585494E+02, -0.11976790E+01
     745.,  0.00000000E+00,  0.00000000E+00,  0.00000000E+00,  0.00000000E+00,  0.35339305E+02, -0.11976790E+01
     746.,  0.00000000E+00,  0.00000000E+00,  0.00000000E+00,  0.00000000E+00,  0.33416974E+02, -0.11976790E+01
     747.,  0.00000000E+00,  0.00000000E+00,  0.00000000E+00,  0.00000000E+00,  0.28177679E+02, -0.11976790E+01
     748.,  0.00000000E+00,  0.00000000E+00,  0.00000000E+00,  0.00000000E+00,  0.20612390E+02, -0.11976790E+01
     749.,  0.00000000E+00,  0.00000000E+00,  0.00000000E+00,  0.00000000E+00,  0.12131551E+02, -0.11976790E+01
     750.,  0.00000000E+00,  0.00000000E+00,  0.00000000E+00,  0.00000000E+00,  0.45624867E+01, -0.11976790E+01
     751.,  0.00000000E+00,  0.00000000E+00,  0.00000000E+00,  0.00000000E+00,  0.43766185E+00, -0.11976790E+01
     752.,  0.00000000E+00,  0.00000000E+00,  0.00000000E+00,  0.00000000E+00,  0.14583940E+01, -0.11976790E+01
     753.,  0.00000000E+00,  0.00000000E+00,  0.00000000E+00,  0.00000000E+00,  0.18550105E+01, -0.11976790E+01
     754.,  0.00000000E+00,  0.00000000E+00,  0.00000000E+00,  0.00000000E+00,  0.35004604E+01, -0.11976790E+01
     755.,  0.00000000E+00,  0.00000000E+00,  0.00000000E+00,  0.00000000E+00,  0.76133024E+01, -0.11976790E+01
     756.,  0.00000000E+00,  0.00000000E+00,  0.00000000E+00,  0.00000000E+00,  0.16465118E+02, -0.11976790E+01
     757.,  0.00000000E+00,  0.00000000E+00,  0.00000000E+00,  0.00000000E+00,  0.35504184E+02, -0.11976790E+01
     758.,  0.00000000E+00,  0.00000000E+00,  0.00000000E+00,  0.00000000E+00,  0.70225611E+02, -0.11976790E+01
     759.,  0.00000000E+00,  0.00000000E+00,  0.00000000E+00,  0.00000000E+00,  0.13748678E+03, -0.11976790E+01
     760.,  0.00000000E+00,  0.00000000E+00,  0.00000000E+00,  0.61492177E-03,  0.18769785E+03, -0.11976790E+01
     761.,  0.00000000E+00,  0.00000000E+00,  0.00000000E+00,  0.25168758E-02,  0.20003061E+03, -0.11976790E+01
     762.,  0.00000000E+00,  0.00000000E+00,  0.00000000E+00,  0.59586748E-02,  0.21874738E+03, -0.11976790E+01
     763.,  0.00000000E+00,  0.00000000E+00,  0.00000000E+00,  0.97965505E-02,  0.24103656E+03, -0.11976790E+01
     764.,  0.00000000E+00,  0.00000000E+00,  0.00000000E+00,  0.84623070E-02,  0.23308438E+03, -0.11976790E+01
     765.,  0.00000000E+00,  0.00000000E+00,  0.00000000E+00,  0.32169727E-02,  0.20314578E+03, -0.11976790E+01
     766.,  0.00000000E+00,  0.00000000E+00,  0.00000000E+00,  0.76632506E-03,  0.18986638E+03, -0.11976790E+01
     767.,  0.00000000E+00,  0.00000000E+00,  0.00000000E+00,  0.92002513E-03,  0.18097326E+03, -0.11976790E+01
     768.,  0.00000000E+00,  0.00000000E+00,  0.00000000E+00,  0.22337327E-01,  0.24776153E+03, -0.11976790E+01
     769.,  0.00000000E+00,  0.00000000E+00,  0.00000000E+00,  0.25964672E-01,  0.29952286E+03, -0.15606998E+01
     770.,  0.00000000E+00,  0.00000000E+00,  0.00000000E+00,  0.24868643E-01,  0.29526335E+03, -0.15606998E+01
     771.,  0.00000000E+00,  0.00000000E+00,  0.00000000E+00,  0.28291563E-01,  0.29879383E+03, -0.15606998E+01
     772.,  0.00000000E+00,  0.00000000E+00,  0.00000000E+00,  0.24100813E-01,  0.23478639E+03, -0.15606998E+01
     773.,  0.00000000E+00,  0.00000000E+00,  0.00000000E+00,  0.35806030E-01,  0.32080974E+03, -0.15606998E+01
     774.,  0.00000000E+00,  0.00000000E+00,  0.00000000E+00,  0.17909162E-01,  0.27137386E+03, -0.15606998E+01
     775.,  0.00000000E+00,  0.00000000E+00,  0.00000000E+00,  0.40965920E-02,  0.20898388E+03, -0.15606998E+01
     776.,  0.00000000E+00,  0.00000000E+00,  0.00000000E+00,  0.00000000E+00,  0.85360190E-08, -0.15606998E+01
     777.,  0.00000000E+00,  0.00000000E+00,  0.00000000E+00,  0.00000000E+00,  0.92784915E-08, -0.15606998E+01
     778.,  0.00000000E+00,  0.00000000E+00,  0.00000000E+00,  0.27208170E-01,  0.29729475E+03, -0.15606998E+01
     779.,  0.00000000E+00,  0.00000000E+00,  0.00000000E+00,  0.52447466E-01,  0.34351673E+03, -0.15606998E+01
     780.,  0.00000000E+00,  0.00000000E+00,  0.00000000E+00,  0.81776274E-01,  0.39503314E+03, -0.15606998E+01
     781.,  0.00000000E+00,  0.00000000E+00,  0.00000000E+00,  0.59385649E-01,  0.35258638E+03, -0.15606998E+01
     782.,  0.00000000E+00,  0.00000000E+00,  0.00000000E+00,  0.29703168E-01,  0.26123874E+03, -0.15606998E+01
     783.,  0.00000000E+00,  0.00000000E+00,  0.00000000E+00,  0.22840832E-01,  0.21296614E+03, -0.15606998E+01
     784.,  0.00000000E+00,  0.00000000E+00,  0.00000000E+00,  0.21816052E-01,  0.21442032E+03, -0.15606998E+01
     785.,  0.00000000E+00,  0.00000000E+00,  0.00000000E+00,  0.58617656E-02,  0.10764707E+03, -0.22867415E+01
     786.,  0.00000000E+00,  0.00000000E+00,  0.00000000E+00,  0.82752440E-02,  0.10637192E+03, -0.22867415E+01
     787.,  0.00000000E+00,  0.00000000E+00,  0.00000000E+00,  0.22076123E-01,  0.26702340E+03, -0.22867415E+01
     788.,  0.00000000E+00,  0.00000000E+00,  0.00000000E+00,  0.24000366E-01,  0.28971279E+03, -0.22867415E+01
     789.,  0.00000000E+00,  0.00000000E+00,  0.00000000E+00,  0.00000000E+00,  0.39175421E-08, -0.22867415E+01
     790.,  0.00000000E+00,  0.00000000E+00,  0.00000000E+00,  0.00000000E+00,  0.42593980E-08, -0.22867415E+01
     791.,  0.00000000E+00,  0.00000000E+00,  0.00000000E+00,  0.00000000E+00,  0.78925728E-08, -0.22867415E+01
     792.,  0.00000000E+00,  0.00000000E+00,  0.00000000E+00,  0.00000000E+00,  0.78739987E-08, -0.22867415E+01
     793.,  0.00000000E+00,  0.00000000E+00,  0.00000000E+00,  0.00000000E+00,  0.28842896E-08, -0.22867415E+01
     794.,  0.00000000E+00,  0.00000000E+00,  0.00000000E+00,  0.00000000E+00,  0.37682145E-08, -0.22867415E+01
     795.,  0.00000000E+00,  0.00000000E+00,  0.00000000E+00,  0.00000000E+00,  0.11065779E-07, -0.22867415E+01
     796.,  0.00000000E+00,  0.00000000E+00,  0.00000000E+00,  0.00000000E+00,  0.40416895E-08, -0.22867415E+01
     797.,  0.00000000E+00,  0.00000000E+00,  0.00000000E+00,  0.21933337E-01,  0.28387728E+03, -0.22867415E+01
     798.,  0.00000000E+00,  0.00000000E+00,  0.00000000E+00,  0.23390993E-01,  0.27680329E+03, -0.22867415E+01
     799.,  0.00000000E+00,  0.00000000E+00,  0.00000000E+00,  0.18357959E-01,  0.25849154E+03, -0.22867415E+01
     800.,  0.00000000E+00,  0.00000000E+00,  0.00000000E+00,  0.15086986E-01,  0.24475259E+03, -0.22867415E+01
     801.,  0.00000000E+00,  0.00000000E+00,  0.00000000E+00,  0.29930209E-01,  0.30932367E+03, -0.30127832E+01
     802.,  0.00000000E+00,  0.00000000E+00,  0.00000000E+00,  0.22932045E-01,  0.28686880E+03, -0.30127832E+01
     803.,  0.00000000E+00,  0.00000000E+00,  0.00000000E+00,  0.14649426E-01,  0.25874044E+03, -0.30127832E+01
     804.,  0.00000000E+00,  0.00000000E+00,  0.00000000E+00,  0.00000000E+00,  0.90209010E-08, -0.30127832E+01
     805.,  0.00000000E+00,  0.00000000E+00,  0.00000000E+00,  0.00000000E+00,  0.10378403E-07, -0.30127832E+01
     806.,  0.00000000E+00,  0.00000000E+00,  0.00000000E+00,  0.00000000E+00,  0.99105484E-08, -0.30127832E+01
     807.,  0.00000000E+00,  0.00000000E+00,  0.00000000E+00,  0.00000000E+00,  0.77161282E-08, -0.30127832E+01
     808.,  0.00000000E+00,  0.00000000E+00,  0.00000000E+00,  0.00000000E+00,  0.11231511E-07, -0.30127832E+01
     809.,  0.00000000E+00,  0.00000000E+00,  0.00000000E+00,  0.00000000E+00,  0.60389244E-08, -0.30127832E+01
     810.,  0.00000000E+00,  0.00000000E+00,  0.00000000E+00,  0.00000000E+00,  0.63490370E-08, -0.30127832E+01
     811.,  0.00000000E+00,  0.00000000E+00,  0.00000000E+00,  0.00000000E+00,  0.84602703E-08, -0.30127832E+01
     812.,  0.00000000E+00,  0.00000000E+00,  0.00000000E+00,  0.00000000E+00,  0.92929628E-08, -0.30127832E+01
     813.,  0.00000000E+00,  0.00000000E+00,  0.00000000E+00,  0.00000000E+00,  0.69465033E-08, -0.30127832E+01
     814.,  0.00000000E+00,  0.00000000E+00,  0.00000000E+00,  0.10995261E-01,  0.24368206E+03, -0.30127832E+01
     815.,  0.00000000E+00,  0.00000000E+00,  0.00000000E+00,  0.12188443E-01,  0.24422729E+03, -0.30127832E+01
     816.,  0.00000000E+00,  0.00000000E+00,  0.00000000E+00,  0.86209795E-02,  0.21856495E+03, -0.30127832E+01
     817.,  0.00000000E+00,  0.00000000E+00,  0.00000000E+00,  0.34737049E-02,  0.20322247E+03, -0.37388248E+01
     818.,  0.00000000E+00,  0.00000000E+00,  0.00000000E+00,  0.00000000E+00,  0.28254912E-08, -0.37388248E+01
     819.,  0.00000000E+00,  0.00000000E+00,  0.00000000E+00,  0.00000000E+00,  0.12873319E-08, -0.37388248E+01
     820.,  0.00000000E+00,  0.00000000E+00,  0.00000000E+00,  0.00000000E+00,  0.51768727E-08, -0.37388248E+01
     821.,  0.00000000E+00,  0.00000000E+00,  0.00000000E+00,  0.00000000E+00,  0.60603215E-08, -0.37388248E+01
     822.,  0.00000000E+00,  0.00000000E+00,  0.00000000E+00,  0.00000000E+00,  0.40641256E-08, -0.37388248E+01
     823.,  0.00000000E+00,  0.00000000E+00,  0.00000000E+00,  0.00000000E+00,  0.86177640E-08, -0.37388248E+01
     824.,  0.00000000E+00,  0.00000000E+00,  0.00000000E+00,  0.00000000E+00,  0.72008284E-08, -0.37388248E+01
     825.,  0.00000000E+00,  0.00000000E+00,  0.00000000E+00,  0.00000000E+00,  0.30290009E-08, -0.37388248E+01
     826.,  0.00000000E+00,  0.00000000E+00,  0.00000000E+00,  0.00000000E+00,  0.93118555E-08, -0.37388248E+01
     827.,  0.00000000E+00,  0.00000000E+00,  0.00000000E+00,  0.00000000E+00,  0.85730802E-08, -0.37388248E+01
     828.,  0.00000000E+00,  0.00000000E+00,  0.00000000E+00,  0.00000000E+00,  0.40063098E-08, -0.37388248E+01
     829.,  0.00000000E+00,  0.00000000E+00,  0.00000000E+00,  0.00000000E+00,  0.64555177E-08, -0.37388248E+01
     830.,  0.00000000E+00,  0.00000000E+00,  0.00000000E+00,  0.00000000E+00,  0.11542184E-07, -0.37388248E+01
     831.,  0.00000000E+00,  0.00000000E+00,  0.00000000E+00,  0.44844374E-02,  0.21017014E+03, -0.37388248E+01
     832.,  0.00000000E+00,  0.00000000E+00,  0.00000000E+00,  0.49913030E-02,  0.20474881E+03, -0.37388248E+01
     833.,  0.00000000E+00,  0.00000000E+00,  0.00000000E+00,  0.00000000E+00,  0.94759000E+02, -0.44648665E+01
     834.,  0.00000000E+00,  0.00000000E+00,  0.00000000E+00,  0.00000000E+00,  0.34465115E-08, -0.44648665E+01
     835.,  0.00000000E+00,  0.00000000E+00,  0.00000000E+00,  0.00000000E+00,  0.41445907E-08, -0.44648665E+01
     836.,  0.00000000E+00,  0.00000000E+00,  0.00000000E+00,  0.00000000E+00,  0.10423623E-07, -0.44648665E+01
     837.,  0.00000000E+00,  0.00000000E+00,  0.00000000E+00,  0.00000000E+00,  0.58870975E-08, -0.44648665E+01
     838.,  0.00000000E+00,  0.00000000E+00,  0.00000000E+00,  0.00000000E+00,  0.21931763E-08, -0.44648665E+01
     839.,  0.00000000E+00,  0.00000000E+00,  0.00000000E+00,  0.00000000E+00,  0.67060928E-08, -0.44648665E+01
     840.,  0.00000000E+00,  0.00000000E+00,  0.00000000E+00,  0.00000000E+00,  0.12301322E-07, -0.44648665E+01
     841.,  0.00000000E+00,  0.00000000E+00,  0.00000000E+00,  0.00000000E+00,  0.80854301E-08, -0.44648665E+01
     842.,  0.00000000E+00,  0.00000000E+00,  0.00000000E+00,  0.00000000E+00,  0.40803928E-08, -0.44648665E+01
     843.,  0.00000000E+00,  0.00000000E+00,  0.00000000E+00,  0.00000000E+00,  0.92364943E-08, -0.44648665E+01
     844.,  0.00000000E+00,  0.00000000E+00,  0.00000000E+00,  0.00000000E+00,  0.86169920E-08, -0.44648665E+01
     845.,  0.00000000E+00,  0.00000000E+00,  0.00000000E+00,  0.00000000E+00,  0.12106507E-07, -0.44648665E+01
     846.,  0.00000000E+00,  0.00000000E+00,  0.00000000E+00,  0.00000000E+00,  0.13299592E-07, -0.44648665E+01
     847.,  0.00000000E+00,  0.00000000E+00,  0.00000000E+00,  0.00000000E+00,  0.13521896E-07, -0.44648665E+01
     848.,  0.00000000E+00,  0.00000000E+00,  0.00000000E+00,  0.74130581E-04,  0.13589543E+03, -0.44648665E+01
     849.,  0.00000000E+00,  0.00000000E+00,  0.00000000E+00,  0.00000000E+00,  0.97767550E-08, -0.51909082E+01
     850.,  0.00000000E+00,  0.00000000E+00,  0.00000000E+00,  0.00000000E+00,  0.11679647E-07, -0.51909082E+01
     851.,  0.00000000E+00,  0.00000000E+00,  0.00000000E+00,  0.00000000E+00,  0.10206750E-07, -0.51909082E+01
     852.,  0.00000000E+00,  0.00000000E+00,  0.00000000E+00,  0.00000000E+00,  0.17631367E-08, -0.51909082E+01
     853.,  0.00000000E+00,  0.00000000E+00,  0.00000000E+00,  0.00000000E+00,  0.82423448E-08, -0.51909082E+01
     854.,  0.00000000E+00,  0.00000000E+00,  0.00000000E+00,  0.00000000E+00,  0.50494551E-08, -0.51909082E+01
     855.,  0.00000000E+00,  0.00000000E+00,  0.00000000E+00,  0.00000000E+00,  0.63822335E-08, -0.51909082E+01
     856.,  0.00000000E+00,  0.00000000E+00,  0.00000000E+00,  0.00000000E+00,  0.84495469E-08, -0.51909082E+01
     857.,  0.00000000E+00,  0.00000000E+00,  0.00000000E+00,  0.00000000E+00,  0.70326075E-08, -0.51909082E+01
     858.,  0.00000000E+00,  0.00000000E+00,  0.00000000E+00,  0.00000000E+00,  0.50840263E-08, -0.51909082E+01
     859.,  0.00000000E+00,  0.00000000E+00,  0.00000000E+00,  0.00000000E+00,  0.64386998E-08, -0.51909082E+01
     860.,  0.00000000E+00,  0.00000000E+00,  0.00000000E+00,  0.00000000E+00,  0.48849279E-08, -0.51909082E+01
     861.,  0.00000000E+00,  0.00000000E+00,  0.00000000E+00,  0.00000000E+00,  0.34803302E-08, -0.51909082E+01
     862.,  0.00000000E+00,  0.00000000E+00,  0.00000000E+00,  0.00000000E+00,  0.81909264E-08, -0.51909082E+01
     863.,  0.00000000E+00,  0.00000000E+00,  0.00000000E+00,  0.00000000E+00,  0.66160978E-08, -0.51909082E+01
     864.,  0.00000000E+00,  0.00000000E+00,  0.00000000E+00,  0.00000000E+00,  0.98967731E-08, -0.51909082E+01
     865.,  0.00000000E+00,  0.00000000E+00,  0.00000000E+00,  0.00000000E+00,  0.11096941E-07, -0.59169498E+01
     866.,  0.00000000E+00,  0.00000000E+00,  0.00000000E+00,  0.00000000E+00,  0.34074234E-08, -0.59169498E+01
     867.,  0.00000000E+00,  0.00000000E+00,  0.00000000E+00,  0.00000000E+00,  0.40839778E-08, -0.59169498E+01
     868.,  0.00000000E+00,  0.00000000E+00,  0.00000000E+00,  0.00000000E+00,  0.83435924E-08, -0.59169498E+01
     869.,  0.00000000E+00,  0.00000000E+00,  0.00000000E+00,  0.00000000E+00,  0.29781095E-08, -0.59169498E+01
     870.,  0.00000000E+00,  0.00000000E+00,  0.00000000E+00,  0.00000000E+00,  0.89006140E-08, -0.59169498E+01
     871.,  0.00000000E+00,  0.00000000E+00,  0.00000000E+00,  0.00000000E+00,  0.56678453E-08, -0.59169498E+01
     872.,  0.00000000E+00,  0.00000000E+00,  0.00000000E+00,  0.00000000E+00,  0.70182560E-08, -0.59169498E+01
     873.,  0.00000000E+00,  0.00000000E+00,  0.00000000E+00,  0.00000000E+00,  0.80544779E-08, -0.59169498E+01
     874.,  0.00000000E+00,  0.00000000E+00,  0.00000000E+00,  0.00000000E+00,  0.65487456E-08, -0.59169498E+01
     875.,  0.00000000E+00,  0.00000000E+00,  0.00000000E+00,  0.00000000E+00,  0.64811086E-08, -0.59169498E+01
     876.,  0.00000000E+00,  0.00000000E+00,  0.00000000E+00,  0.00000000E+00,  0.63359609E-08, -0.59169498E+01
     877.,  0.00000000E+00,  0.00000000E+00,  0.00000000E+00,  0.00000000E+00,  0.10202605E-07, -0.59169498E+01
     878.,  0.00000000E+00,  0.00000000E+00,  0.00000000E+00,  0.00000000E+00,  0.11918347E-07, -0.59169498E+01
     879.,  0.00000000E+00,  0.00000000E+00,  0.00000000E+00,  0.00000000E+00,  0.12108789E-07, -0.59169498E+01
     880.,  0.00000000E+00,  0.00000000E+00,  0.00000000E+00,  0.00000000E+00,  0.14109651E-08, -0.59169498E+01
     881.,  0.00000000E+00,  0.00000000E+00,  0.00000000E+00,  0.00000000E+00,  0.56000737E-08, -0.66429915E+01
     882.,  0.00000000E+00,  0.00000000E+00,  0.00000000E+00,  0.00000000E+00,  0.48960688E-08, -0.66429915E+01
     883.,  0.00000000E+00,  0.00000000E+00,  0.00000000E+00,  0.00000000E+00,  0.43917956E-08, -0.66429915E+01
     884.,  0.00000000E+00,  0.00000000E+00,  0.00000000E+00,  0.00000000E+00,  0.70659421E-08, -0.66429915E+01
     885.,  0.00000000E+00,  0.00000000E+00,  0.00000000E+00,  0.00000000E+00,  0.37911545E-08, -0.66429915E+01
     886.,  0.00000000E+00,  0.00000000E+00,  0.00000000E+00,  0.00000000E+00,  0.39691488E-08, -0.66429915E+01
     887.,  0.00000000E+00,  0.00000000E+00,  0.00000000E+00,  0.00000000E+00,  0.40803067E-08, -0.66429915E+01
     888.,  0.00000000E+00,  0.00000000E+00,  0.00000000E+00,  0.00000000E+00,  0.81026503E-08, -0.66429915E+01
     889.,  0.00000000E+00,  0.00000000E+00,  0.00000000E+00,  0.00000000E+00,  0.71859542E-08, -0.66429915E+01
     890.,  0.00000000E+00,  0.00000000E+00,  0.00000000E+00,  0.00000000E+00,  0.62128260E-08, -0.66429915E+01
     891.,  0.00000000E+00,  0.00000000E+00,  0.00000000E+00,  0.00000000E+00,  0.85248275E-08, -0.66429915E+01
     892.,  0.00000000E+00,  0.00000000E+00,  0.00000000E+00,  0.00000000E+00,  0.11151198E-07, -0.66429915E+01
     893.,  0.00000000E+00,  0.00000000E+00,  0.00000000E+00,  0.00000000E+00,  0.72822320E-08, -0.66429915E+01
     894.,  0.00000000E+00,  0.00000000E+00,  0.00000000E+00,  0.00000000E+00,  0.17057637E-07, -0.66429915E+01
     895.,  0.00000000E+00,  0.00000000E+00,  0.00000000E+00,  0.00000000E+00,  0.65960896E-08, -0.66429915E+01
     896.,  0.00000000E+00,  0.00000000E+00,  0.00000000E+00,  0.00000000E+00,  0.39563208E-08, -0.66429915E+01
     897.,  0.00000000E+00,  0.00000000E+00,  0.00000000E+00,  0.00000000E+00,  0.12442921E-07, -0.73690332E+01
     898.,  0.00000000E+00,  0.00000000E+00,  0.00000000E+00,  0.00000000E+00,  0.51267963E-08, -0.73690332E+01
     899.,  0.00000000E+00,  0.00000000E+00,  0.00000000E+00,  0.00000000E+00,  0.80109290E-08, -0.73690332E+01
     900.,  0.00000000E+00,  0.00000000E+00,  0.00000000E+00,  0.00000000E+00,  0.11468821E-07, -0.73690332E+01
     901.,  0.00000000E+00,  0.00000000E+00,  0.00000000E+00,  0.00000000E+00,  0.58589466E-08, -0.73690332E+01
     902.,  0.00000000E+00,  0.00000000E+00,  0.00000000E+00,  0.00000000E+00,  0.46038040E-08, -0.73690332E+01
     903.,  0.00000000E+00,  0.00000000E+00,  0.00000000E+00,  0.00000000E+00,  0.12451502E-07, -0.73690332E+01
     904.,  0.00000000E+00,  0.00000000E+00,  0.00000000E+00,  0.00000000E+00,  0.39615843E-08, -0.73690332E+01
     905.,  0.00000000E+00,  0.00000000E+00,  0.00000000E+00,  0.00000000E+00,  0.95886252E-08, -0.73690332E+01
     906.,  0.00000000E+00,  0.00000000E+00,  0.00000000E+00,  0.00000000E+00,  0.10040358E-07, -0.73690332E+01
     907.,  0.00000000E+00,  0.00000000E+00,  0.00000000E+00,  0.00000000E+00,  0.75572358E-08, -0.73690332E+01
     908.,  0.00000000E+00,  0.00000000E+00,  0.00000000E+00,  0.00000000E+00,  0.65827915E-08, -0.73690332E+01
     909.,  0.00000000E+00,  0.00000000E+00,  0.00000000E+00,  0.00000000E+00,  0.53949087E-08, -0.73690332E+01
     910.,  0.00000000E+00,  0.00000000E+00,  0.00000000E+00,  0.00000000E+00,  0.74743548E-08, -0.73690332E+01
     911.,  0.00000000E+00,  0.00000000E+00,  0.00000000E+00,  0.00000000E+00,  0.84653427E-08, -0.73690332E+01
     912.,  0.00000000E+00,  0.00000000E+00,  0.00000000E+00,  0.00000000E+00,  0.68216869E-08, -0.73690332E+01
     913.,  0.00000000E+00,  0.00000000E+00,  0.00000000E+00,  0.00000000E+00,  0.46308377E-08, -0.80950748E+01
     914.,  0.00000000E+00,  0.00000000E+00,  0.00000000E+00,  0.00000000E+00,  0.64922288E-08, -0.80950748E+01
     915.,  0.00000000E+00,  0.00000000E+00,  0.00000000E+00,  0.00000000E+00,  0.35630822E-08, -0.80950748E+01
     916.,  0.00000000E+00,  0.00000000E+00,  0.00000000E+00,  0.00000000E+00,  0.64447628E-08, -0.80950748E+01
     917.,  0.00000000E+00,  0.00000000E+00,  0.00000000E+00,  0.00000000E+00,  0.83492710E-08, -0.80950748E+01
     918.,  0.00000000E+00,  0.00000000E+00,  0.00000000E+00,  0.00000000E+00,  0.24266376E-08, -0.80950748E+01
     919.,  0.00000000E+00,  0.00000000E+00,  0.00000000E+00,  0.00000000E+00,  0.10836469E-07, -0.80950748E+01
     920.,  0.00000000E+00,  0.00000000E+00,  0.00000000E+00,  0.00000000E+00,  0.66008660E-08, -0.80950748E+01
     921.,  0.00000000E+00,  0.00000000E+00,  0.00000000E+00,  0.00000000E+00,  0.30078143E-08, -0.80950748E+01
     922.,  0.00000000E+00,  0.00000000E+00,  0.00000000E+00,  0.00000000E+00,  0.59512150E-08, -0.80950748E+01
     923.,  0.00000000E+00,  0.00000000E+00,  0.00000000E+00,  0.00000000E+00,  0.11310681E-07, -0.80950748E+01
     924.,  0.00000000E+00,  0.00000000E+00,  0.00000000E+00,  0.00000000E+00,  0.75050330E-08, -0.80950748E+01
     925.,  0.00000000E+00,  0.00000000E+00,  0.00000000E+00,  0.00000000E+00,  0.83030776E-08, -0.80950748E+01
     926.,  0.00000000E+00,  0.00000000E+00,  0.00000000E+00,  0.00000000E+00,  0.11553826E-07, -0.80950748E+01
     927.,  0.00000000E+00,  0.00000000E+00,  0.00000000E+00,  0.00000000E+00,  0.93946226E-08, -0.80950748E+01
     928.,  0.00000000E+00,  0.00000000E+00,  0.00000000E+00,  0.00000000E+00,  0.10824195E-07, -0.80950748E+01
     929.,  0.00000000E+00,  0.00000000E+00,  0.00000000E+00,  0.00000000E+00,  0.93119718E-08, -0.88211165E+01
     930.,  0.00000000E+00,  0.00000000E+00,  0.00000000E+00,  0.00000000E+00,  0.26974021E-08, -0.88211165E+01
     931.,  0.00000000E+00,  0.00000000E+00,  0.00000000E+00,  0.00000000E+00,  0.36149983E-08, -0.88211165E+01
     932.,  0.00000000E+00,  0.00000000E+00,  0.00000000E+00,  0.00000000E+00,  0.11982546E-07, -0.88211165E+01
     933.,  0.00000000E+00,  0.00000000E+00,  0.00000000E+00,  0.00000000E+00,  0.56035081E-08, -0.88211165E+01
     934.,  0.00000000E+00,  0.00000000E+00,  0.00000000E+00,  0.00000000E+00,  0.55085894E-08, -0.88211165E+01
     935.,  0.00000000E+00,  0.00000000E+00,  0.00000000E+00,  0.00000000E+00,  0.96050000E-08, -0.88211165E+01
     936.,  0.00000000E+00,  0.00000000E+00,  0.00000000E+00,  0.00000000E+00,  0.12511024E-07, -0.88211165E+01
     937.,  0.00000000E+00,  0.00000000E+00,  0.00000000E+00,  0.00000000E+00,  0.37761457E-08, -0.88211165E+01
     938.,  0.00000000E+00,  0.00000000E+00,  0.00000000E+00,  0.00000000E+00,  0.10718224E-07, -0.88211165E+01
     939.,  0.00000000E+00,  0.00000000E+00,  0.00000000E+00,  0.00000000E+00,  0.11510946E-07, -0.88211165E+01
     940.,  0.00000000E+00,  0.00000000E+00,  0.00000000E+00,  0.00000000E+00,  0.11187952E-07, -0.88211165E+01
     941.,  0.00000000E+00,  0.00000000E+00,  0.00000000E+00,  0.00000000E+00,  0.44880119E-08, -0.88211165E+01
     942.,  0.00000000E+00,  0.00000000E+00,  0.00000000E+00,  0.00000000E+00,  0.63637850E-08, -0.88211165E+01
     943.,  0.00000000E+00,  0.00000000E+00,  0.00000000E+00,  0.00000000E+00,  0.10636833E-07, -0.88211165E+01
     944.,  0.00000000E+00,  0.00000000E+00,  0.00000000E+00,  0.00000000E+00,  0.46494250E-08, -0.88211165E+01
     945.,  0.00000000E+00,  0.00000000E+00,  0.00000000E+00,  0.00000000E+00,  0.63509084E-08, -0.95471582E+01
     946.,  0.00000000E+00,  0.00000000E+00,  0.00000000E+00,  0.00000000E+00,  0.86395446E-08, -0.95471582E+01
     947.,  0.00000000E+00,  0.00000000E+00,  0.00000000E+00,  0.00000000E+00,  0.11964324E-07, -0.95471582E+01
     948.,  0.00000000E+00,  0.00000000E+00,  0.00000000E+00,  0.00000000E+00,  0.63695473E-08, -0.95471582E+01
     949.,  0.00000000E+00,  0.00000000E+00,  0.00000000E+00,  0.00000000E+00,  0.47800684E-08, -0.95471582E+01
     950.,  0.00000000E+00,  0.00000000E+00,  0.00000000E+00,  0.00000000E+00,  0.43562442E-08, -0.95471582E+01
     951.,  0.00000000E+00,  0.00000000E+00,  0.00000000E+00,  0.00000000E+00,  0.91572920E-08, -0.95471582E+01
     952.,  0.00000000E+00,  0.00000000E+00,  0.00000000E+00,  0.00000000E+00,  0.87294942E-08, -0.95471582E+01
     953.,  0.00000000E+00,  0.00000000E+00,  0.00000000E+00,  0.00000000E+00,  0.77108447E-08, -0.95471582E+01
     954.,  0.00000000E+00,  0.00000000E+00,  0.00000000E+00,  0.00000000E+00,  0.17700343E-07, -0.95471582E+01
     955.,  0.00000000E+00,  0.00000000E+00,  0.00000000E+00,  0.00000000E+00,  0.98616931E-08, -0.95471582E+01
     956.,  0.00000000E+00,  0.00000000E+00,  0.00000000E+00,  0.00000000E+00,  0.21010483E-08, -0.95471582E+01
     957.,  0.00000000E+00,  0.00000000E+00,  0.00000000E+00,  0.00000000E+00,  0.15802921E-07, -0.95471582E+01
     958.,  0.00000000E+00,  0.00000000E+00,  0.00000000E+00,  0.00000000E+00,  0.11268738E-07, -0.95471582E+01
     959.,  0.00000000E+00,  0.00000000E+00,  0.00000000E+00,  0.00000000E+00,  0.10013130E-07, -0.95471582E+01
     960.,  0.00000000E+00,  0.00000000E+00,  0.00000000E+00,  0.00000000E+00,  0.85011531E-08, -0.95471582E+01
     961.,  0.00000000E+00,  0.00000000E+00,  0.00000000E+00,  0.00000000E+00,  0.51578718E-08, -0.10273200E+02
     962.,  0.00000000E+00,  0.00000000E+00,  0.00000000E+00,  0.00000000E+00,  0.73470182E-08, -0.10273200E+02
     963.,  0.00000000E+00,  0.00000000E+00,  0.00000000E+00,  0.00000000E+00,  0.75664359E-08, -0.10273200E+02
     964.,  0.00000000E+00,  0.00000000E+00,  0.00000000E+00,  0.00000000E+00,  0.11006656E-07, -0.10273200E+02
     965.,  0.00000000E+00,  0.00000000E+00,  0.00000000E+00,  0.00000000E+00,  0.51325474E-08, -0.10273200E+02
     966.,  0.00000000E+00,  0.00000000E+00,  0.00000000E+00,  0.00000000E+00,  0.13529721E-07, -0.10273200E+02
     967.,  0.00000000E+00,  0.00000000E+00,  0.00000000E+00,  0.00000000E+00,  0.46151288E-08, -0.10273200E+02
     968.,  0.00000000E+00,  0.00000000E+00,  0.00000000E+00,  0.00000000E+00,  0.15936330E-07, -0.10273200E+02
     969.,  0.00000000E+00,  0.00000000E+00,  0.00000000E+00,  0.00000000E+00,  0.46094285E-08, -0.10273200E+02
     970.,  0.00000000E+00,  0.00000000E+00,  0.00000000E+00,  0.00000000E+00,  0.49323840E-08, -0.10273200E+02
     971.,  0.00000000E+00,  0.00000000E+00,  0.00000000E+00,  0.00000000E+00,  0.63503900E-08, -0.10273200E+02
     972.,  0.00000000E+00,  0.00000000E+00,  0.00000000E+00,  0.00000000E+00,  0.51142309E-08, -0.10273200E+02
     973.,  0.00000000E+00,  0.00000000E+00,  0.00000000E+00,  0.00000000E+00,  0.58415555E-08, -0.10273200E+02
     974.,  0.00000000E+00,  0.00000000E+00,  0.00000000E+00,  0.00000000E+00,  0.13323742E-07, -0.10273200E+02
     975.,  0.00000000E+00,  0.00000000E+00,  0.00000000E+00,  0.00000000E+00,  0.62638750E-08, -0.10273200E+02
     976.,  0.00000000E+00,  0.00000000E+00,  0.00000000E+00,  0.00000000E+00,  0.90924140E-08, -0.10273200E+02
     977.,  0.00000000E+00,  0.00000000E+00,  0.00000000E+00,  0.00000000E+00,  0.34209181E-08, -0.10999242E+02
     978.,  0.00000000E+00,  0.00000000E+00,  0.00000000E+00,  0.00000000E+00,  0.42561986E-08, -0.10999242E+02
     979.,  0.00000000E+00,  0.00000000E+00,  0.00000000E+00,  0.00000000E+00,  0.10486420E-07, -0.10999242E+02
     980.,  0.00000000E+00,  0.00000000E+00,  0.00000000E+00,  0.00000000E+00,  0.11057355E-07, -0.10999242E+02
     981.,  0.00000000E+00,  0.00000000E+00,  0.00000000E+00,  0.00000000E+00,  0.50924457E-08, -0.10999242E+02
     982.,  0.00000000E+00,  0.00000000E+00,  0.00000000E+00,  0.00000000E+00,  0.18226637E-07, -0.10999242E+02
     983.,  0.00000000E+00,  0.00000000E+00,  0.00000000E+00,  0.00000000E+00,  0.93409346E-08, -0.10999242E+02
     984.,  0.00000000E+00,  0.00000000E+00,  0.00000000E+00,  0.00000000E+00,  0.11520686E-07, -0.10999242E+02
     985.,  0.00000000E+00,  0.00000000E+00,  0.00000000E+00,  0.00000000E+00,  0.34547601E-08, -0.10999242E+02
     986.,  0.00000000E+00,  0.00000000E+00,  0.00000000E+00,  0.00000000E+00,  0.62231376E-08, -0.10999242E+02
     987.,  0.00000000E+00,  0.00000000E+00,  0.00000000E+00,  0.00000000E+00,  0.94389056E-08, -0.10999242E+02
     988.,  0.00000000E+00,  0.00000000E+00,  0.00000000E+00,  0.00000000E+00,  0.53329519E-08, -0.10999242E+02
     989.,  0.00000000E+00,  0.00000000E+00,  0.00000000E+00,  0.00000000E+00,  0.44623935E-08, -0.10999242E+02
     990.,  0.00000000E+00,  0.00000000E+00,  0.00000000E+00,  0.00000000E+00,  0.65280268E-08, -0.10999242E+02
     991.,  0.00000000E+00,  0.00000000E+00,  0.00000000E+00,  0.00000000E+00,  0.14561700E-07, -0.10999242E+02
     992.,  0.00000000E+00,  0.00000000E+00,  0.00000000E+00,  0.00000000E+00,  0.15636948E-07, -0.10999242E+02
     993.,  0.00000000E+00,  0.00000000E+00,  0.00000000E+00,  0.00000000E+00,  0.10035451E-07, -0.11725283E+02
     994.,  0.00000000E+00,  0.00000000E+00,  0.00000000E+00,  0.00000000E+00,  0.16779433E-07, -0.11725283E+02
     995.,  0.00000000E+00,  0.00000000E+00,  0.00000000E+00,  0.00000000E+00,  0.68682107E-08, -0.11725283E+02
     996.,  0.00000000E+00,  0.00000000E+00,  0.00000000E+00,  0.00000000E+00,  0.13864044E-07, -0.11725283E+02
     997.,  0.00000000E+00,  0.00000000E+00,  0.00000000E+00,  0.00000000E+00,  0.22161741E-08, -0.11725283E+02
     998.,  0.00000000E+00,  0.00000000E+00,  0.00000000E+00,  0.00000000E+00,  0.13753991E-08, -0.11725283E+02
     999.,  0.00000000E+00,  0.00000000E+00,  0.00000000E+00,  0.00000000E+00,  0.36883757E-08, -0.11725283E+02
    1000.,  0.00000000E+00,  0.00000000E+00,  0.00000000E+00,  0.00000000E+00,  0.57892606E-08, -0.11725283E+02
    1001.,  0.00000000E+00,  0.00000000E+00,  0.00000000E+00,  0.00000000E+00,  0.83310972E-08, -0.11725283E+02
    1002.,  0.00000000E+00,  0.00000000E+00,  0.00000000E+00,  0.00000000E+00,  0.75110883E-08, -0.11725283E+02
    1003.,  0.00000000E+00,  0.00000000E+00,  0.00000000E+00,  0.00000000E+00,  0.11857469E-07, -0.11725283E+02
    1004.,  0.00000000E+00,  0.00000000E+00,  0.00000000E+00,  0.00000000E+00,  0.16240649E-07, -0.11725283E+02
    1005.,  0.00000000E+00,  0.00000000E+00,  0.00000000E+00,  0.00000000E+00,  0.10161709E-07, -0.11725283E+02
    1006.,  0.00000000E+00,  0.00000000E+00,  0.00000000E+00,  0.00000000E+00,  0.48624708E-08, -0.11725283E+02
    1007.,  0.00000000E+00,  0.00000000E+00,  0.00000000E+00,  0.00000000E+00,  0.53662296E-08, -0.11725283E+02
    1008.,  0.00000000E+00,  0.00000000E+00,  0.00000000E+00,  0.00000000E+00,  0.24468938E-08, -0.11725283E+02
    1009.,  0.00000000E+00,  0.00000000E+00,  0.00000000E+00,  0.00000000E+00,  0.92591912E-08, -0.12451325E+02
    1010.,  0.00000000E+00,  0.00000000E+00,  0.00000000E+00,  0.00000000E+00,  0.94689998E-08, -0.12451325E+02
    1011.,  0.00000000E+00,  0.00000000E+00,  0.00000000E+00,  0.00000000E+00,  0.10979742E-07, -0.12451325E+02
    1012.,  0.00000000E+00,  0.00000000E+00,  0.00000000E+00,  0.00000000E+00,  0.92021563E-08, -0.12451325E+02
    1013.,  0.00000000E+00,  0.00000000E+00,  0.00000000E+00,  0.00000000E+00,  0.87966357E-08, -0.12451325E+02
    1014.,  0.00000000E+00,  0.00000000E+00,  0.00000000E+00,  0.00000000E+00,  0.98528521E-08, -0.12451325E+02
    1015.,  0.00000000E+00,  0.00000000E+00,  0.00000000E+00,  0.00000000E+00,  0.45314818E-08, -0.12451325E+02
    1016.,  0.00000000E+00,  0.00000000E+00,  0.00000000E+00,  0.00000000E+00,  0.86152545E-08, -0.12451325E+02
    1017.,  0.00000000E+00,  0.00000000E+00,  0.00000000E+00,  0.00000000E+00,  0.18436750E-07, -0.12451325E+02
    1018.,  0.00000000E+00,  0.00000000E+00,  0.00000000E+00,  0.00000000E+00,  0.10069903E-07, -0.12451325E+02
    1019.,  0.00000000E+00,  0.00000000E+00,  0.00000000E+00,  0.00000000E+00,  0.14030528E-07, -0.12451325E+02
    1020.,  0.00000000E+00,  0.00000000E+00,  0.00000000E+00,  0.00000000E+00,  0.31282693E-08, -0.12451325E+02
    1021.,  0.00000000E+00,  0.00000000E+00,  0.00000000E+00,  0.00000000E+00,  0.35550081E-08, -0.12451325E+02
    1022.,  0.00000000E+00,  0.00000000E+00,  0.00000000E+00,  0.00000000E+00,  0.16706975E-07, -0.12451325E+02
    1023.,  0.00000000E+00,  0.00000000E+00,  0.00000000E+00,  0.00000000E+00,  0.68141451E-08, -0.12451325E+02
    1024.,  0.00000000E+00,  0.00000000E+00,  0.00000000E+00,  0.00000000E+00,  0.21775551E-08, -0.12451325E+02
    1025.,  0.00000000E+00,  0.00000000E+00,  0.00000000E+00,  0.00000000E+00,  0.12662186E-07, -0.13177366E+02
    1026.,  0.00000000E+00,  0.00000000E+00,  0.00000000E+00,  0.00000000E+00,  0.33927065E-08, -0.13177366E+02
    1027.,  0.00000000E+00,  0.00000000E+00,  0.00000000E+00,  0.00000000E+00,  0.37731242E-08, -0.13177366E+02
    1028.,  0.00000000E+00,  0.00000000E+00,  0.00000000E+00,  0.00000000E+00,  0.70502575E-08, -0.13177366E+02
    1029.,  0.00000000E+00,  0.00000000E+00,  0.00000000E+00,  0.00000000E+00,  0.40677702E-08, -0.13177366E+02
    1030.,  0.00000000E+00,  0.00000000E+00,  0.00000000E+00,  0.00000000E+00,  0.10040470E-07, -0.13177366E+02
    1031.,  0.00000000E+00,  0.00000000E+00,  0.00000000E+00,  0.00000000E+00,  0.73694974E-08, -0.13177366E+02
    1032.,  0.00000000E+00,  0.00000000E+00,  0.00000000E+00,  0.00000000E+00,  0.73132778E-08, -0.13177366E+02
    1033.,  0.00000000E+00,  0.00000000E+00,  0.00000000E+00,  0.00000000E+00,  0.75685401E-08, -0.13177366E+02
    1034.,  0.00000000E+00,  0.00000000E+00,  0.00000000E+00,  0.00000000E+00,  0.25113579E-08, -0.13177366E+02
    1035.,  0.00000000E+00,  0.00000000E+00,  0.00000000E+00,  0.00000000E+00,  0.10794206E-07, -0.13177366E+02
    1036.,  0.00000000E+00,  0.00000000E+00,  0.00000000E+00,  0.00000000E+00,  0.60148472E-08, -0.13177366E+02
    1037.,  0.00000000E+00,  0.00000000E+00,  0.00000000E+00,  0.00000000E+00,  0.15644734E-07, -0.13177366E+02
    1038.,  0.00000000E+00,  0.00000000E+00,  0.00000000E+00,  0.00000000E+00,  0.80759471E-08, -0.13177366E+02
    1039.,  0.00000000E+00,  0.00000000E+00,  0.00000000E+00,  0.00000000E+00,  0.12181344E-07, -0.13177366E+02
    1040.,  0.00000000E+00,  0.00000000E+00,  0.00000000E+00,  0.00000000E+00,  0.10709703E-07, -0.13177366E+02
    1041.,  0.00000000E+00,  0.00000000E+00,  0.00000000E+00,  0.00000000E+00,  0.54168548E-08, -0.13903408E+02
    1042.,  0.00000000E+00,  0.00000000E+00,  0.00000000E+00,  0.00000000E+00,  0.76960274E-08, -0.13903408E+02
    1043.,  0.00000000E+00,  0.00000000E+00,  0.00000000E+00,  0.00000000E+00,  0.62069426E-08, -0.13903408E+02
    1044.,  0.00000000E+00,  0.00000000E+00,  0.00000000E+00,  0.00000000E+00,  0.98657813E-08, -0.13903408E+02
    1045.,  0.00000000E+00,  0.00000000E+00,  0.00000000E+00,  0.00000000E+00,  0.38254884E-08, -0.13903408E+02
    1046.,  0.00000000E+00,  0.00000000E+00,  0.00000000E+00,  0.00000000E+00,  0.46871316E-08, -0.13903408E+02
    1047.,  0.00000000E+00,  0.00000000E+00,  0.00000000E+00,  0.00000000E+00,  0.72895700E-08, -0.13903408E+02
    1048.,  0.00000000E+00,  0.00000000E+00,  0.00000000E+00,  0.00000000E+00,  0.96020702E-08, -0.13903408E+02
    1049.,  0.00000000E+00,  0.00000000E+00,  0.00000000E+00,  0.00000000E+00,  0.71213061E-08, -0.13903408E+02
    1050.,  0.00000000E+00,  0.00000000E+00,  0.00000000E+00,  0.00000000E+00,  0.50411379E-08, -0.13903408E+02
    1051.,  0.00000000E+00,  0.00000000E+00,  0.00000000E+00,  0.00000000E+00,  0.18669155E-07, -0.13903408E+02
    1052.,  0.00000000E+00,  0.00000000E+00,  0.00000000E+00,  0.00000000E+00,  0.15905538E-07, -0.13903408E+02
    1053.,  0.00000000E+00,  0.00000000E+00,  0.00000000E+00,  0.00000000E+00,  0.73832008E-08, -0.13903408E+02
    1054.,  0.00000000E+00,  0.00000000E+00,  0.00000000E+00,  0.00000000E+00,  0.12144060E-07, -0.13903408E+02
    1055.,  0.00000000E+00,  0.00000000E+00,  0.00000000E+00,  0.00000000E+00,  0.92789250E-08, -0.13903408E+02
    1056.,  0.00000000E+00,  0.00000000E+00,  0.00000000E+00,  0.00000000E+00,  0.63851841E-08, -0.13903408E+02
    1057.,  0.00000000E+00,  0.00000000E+00,  0.00000000E+00,  0.00000000E+00,  0.10340624E-07, -0.14629450E+02
    1058.,  0.00000000E+00,  0.00000000E+00,  0.00000000E+00,  0.00000000E+00,  0.14261303E-07, -0.14629450E+02
    1059.,  0.00000000E+00,  0.00000000E+00,  0.00000000E+00,  0.00000000E+00,  0.58182744E-08, -0.14629450E+02
    1060.,  0.00000000E+00,  0.00000000E+00,  0.00000000E+00,  0.00000000E+00,  0.16961783E-07, -0.14629450E+02
    1061.,  0.00000000E+00,  0.00000000E+00,  0.00000000E+00,  0.00000000E+00,  0.20954159E-08, -0.14629450E+02
    1062.,  0.00000000E+00,  0.00000000E+00,  0.00000000E+00,  0.00000000E+00,  0.31984018E-08, -0.14629450E+02
    1063.,  0.00000000E+00,  0.00000000E+00,  0.00000000E+00,  0.00000000E+00,  0.63895372E-08, -0.14629450E+02
    1064.,  0.00000000E+00,  0.00000000E+00,  0.00000000E+00,  0.00000000E+00,  0.17157096E-07, -0.14629450E+02
    1065.,  0.00000000E+00,  0.00000000E+00,  0.00000000E+00,  0.00000000E+00,  0.13048546E-07, -0.14629450E+02
    1066.,  0.00000000E+00,  0.00000000E+00,  0.00000000E+00,  0.00000000E+00,  0.93108470E-08, -0.14629450E+02
    1067.,  0.00000000E+00,  0.00000000E+00,  0.00000000E+00,  0.00000000E+00,  0.92597749E-08, -0.14629450E+02
    1068.,  0.00000000E+00,  0.00000000E+00,  0.00000000E+00,  0.00000000E+00,  0.13695441E-07, -0.14629450E+02
    1069.,  0.00000000E+00,  0.00000000E+00,  0.00000000E+00,  0.00000000E+00,  0.56770638E-08, -0.14629450E+02
    1070.,  0.00000000E+00,  0.00000000E+00,  0.00000000E+00,  0.00000000E+00,  0.96842249E-08, -0.14629450E+02
    1071.,  0.00000000E+00,  0.00000000E+00,  0.00000000E+00,  0.00000000E+00,  0.11282481E-07, -0.14629450E+02
    1072.,  0.00000000E+00,  0.00000000E+00,  0.00000000E+00,  0.00000000E+00,  0.12370781E-07, -0.14629450E+02
    1073.,  0.00000000E+00,  0.00000000E+00,  0.00000000E+00,  0.00000000E+00,  0.48989221E-08, -0.15355491E+02
    1074.,  0.00000000E+00,  0.00000000E+00,  0.00000000E+00,  0.00000000E+00,  0.14304434E-07, -0.15355491E+02
    1075.,  0.00000000E+00,  0.00000000E+00,  0.00000000E+00,  0.00000000E+00,  0.28763742E-08, -0.15355491E+02
    1076.,  0.00000000E+00,  0.00000000E+00,  0.00000000E+00,  0.00000000E+00,  0.22933837E-08, -0.15355491E+02
    1077.,  0.00000000E+00,  0.00000000E+00,  0.00000000E+00,  0.00000000E+00,  0.85472411E-08, -0.15355491E+02
    1078.,  0.00000000E+00,  0.00000000E+00,  0.00000000E+00,  0.00000000E+00,  0.18398421E-07, -0.15355491E+02
    1079.,  0.00000000E+00,  0.00000000E+00,  0.00000000E+00,  0.00000000E+00,  0.17717394E-07, -0.15355491E+02
    1080.,  0.00000000E+00,  0.00000000E+00,  0.00000000E+00,  0.00000000E+00,  0.57661635E-08, -0.15355491E+02
    1081.,  0.00000000E+00,  0.00000000E+00,  0.00000000E+00,  0.00000000E+00,  0.11582360E-07, -0.15355491E+02
    1082.,  0.00000000E+00,  0.00000000E+00,  0.00000000E+00,  0.00000000E+00,  0.46812345E-08, -0.15355491E+02
    1083.,  0.00000000E+00,  0.00000000E+00,  0.00000000E+00,  0.00000000E+00,  0.45254485E-08, -0.15355491E+02
    1084.,  0.00000000E+00,  0.00000000E+00,  0.00000000E+00,  0.00000000E+00,  0.73489926E-08, -0.15355491E+02
    1085.,  0.00000000E+00,  0.00000000E+00,  0.00000000E+00,  0.00000000E+00,  0.46717704E-08, -0.15355491E+02
    1086.,  0.00000000E+00,  0.00000000E+00,  0.00000000E+00,  0.00000000E+00,  0.85903943E-08, -0.15355491E+02
    1087.,  0.00000000E+00,  0.00000000E+00,  0.00000000E+00,  0.00000000E+00,  0.14047004E-07, -0.15355491E+02
    1088.,  0.00000000E+00,  0.00000000E+00,  0.00000000E+00,  0.00000000E+00,  0.16629517E-07, -0.15355491E+02
    1089.,  0.00000000E+00,  0.00000000E+00,  0.00000000E+00,  0.00000000E+00,  0.11932151E-07, -0.16081533E+02
    1090.,  0.00000000E+00,  0.00000000E+00,  0.00000000E+00,  0.00000000E+00,  0.19669349E-08, -0.16081533E+02
    1091.,  0.00000000E+00,  0.00000000E+00,  0.00000000E+00,  0.00000000E+00,  0.94331506E-08, -0.16081533E+02
    1092.,  0.00000000E+00,  0.00000000E+00,  0.00000000E+00,  0.00000000E+00,  0.61511514E-08, -0.16081533E+02
    1093.,  0.00000000E+00,  0.00000000E+00,  0.00000000E+00,  0.00000000E+00,  0.82397729E-08, -0.16081533E+02
    1094.,  0.00000000E+00,  0.00000000E+00,  0.00000000E+00,  0.00000000E+00,  0.10284947E-07, -0.16081533E+02
    1095.,  0.00000000E+00,  0.00000000E+00,  0.00000000E+00,  0.00000000E+00,  0.89760772E-08, -0.16081533E+02
    1096.,  0.00000000E+00,  0.00000000E+00,  0.00000000E+00,  0.00000000E+00,  0.17058564E-07, -0.16081533E+02
    1097.,  0.00000000E+00,  0.00000000E+00,  0.00000000E+00,  0.00000000E+00,  0.93734578E-08, -0.16081533E+02
    1098.,  0.00000000E+00,  0.00000000E+00,  0.00000000E+00,  0.00000000E+00,  0.14774573E-08, -0.16081533E+02
    1099.,  0.00000000E+00,  0.00000000E+00,  0.00000000E+00,  0.00000000E+00,  0.11936692E-07, -0.16081533E+02
    1100.,  0.00000000E+00,  0.00000000E+00,  0.00000000E+00,  0.00000000E+00,  0.12468257E-07, -0.16081533E+02
    1101.,  0.00000000E+00,  0.00000000E+00,  0.00000000E+00,  0.00000000E+00,  0.74442562E-08, -0.16081533E+02
    1102.,  0.00000000E+00,  0.00000000E+00,  0.00000000E+00,  0.00000000E+00,  0.14655454E-07, -0.16081533E+02
    1103.,  0.00000000E+00,  0.00000000E+00,  0.00000000E+00,  0.00000000E+00,  0.13926640E-07, -0.16081533E+02
    1104.,  0.00000000E+00,  0.00000000E+00,  0.00000000E+00,  0.00000000E+00,  0.58411310E-08, -0.16081533E+02
    1105.,  0.00000000E+00,  0.00000000E+00,  0.00000000E+00,  0.00000000E+00,  0.12279642E-07, -0.16807575E+02
    1106.,  0.00000000E+00,  0.00000000E+00,  0.00000000E+00,  0.00000000E+00,  0.23541678E-07, -0.16807575E+02
    1107.,  0.00000000E+00,  0.00000000E+00,  0.00000000E+00,  0.00000000E+00,  0.10784471E-07, -0.16807575E+02
    1108.,  0.00000000E+00,  0.00000000E+00,  0.00000000E+00,  0.00000000E+00,  0.19802368E-08, -0.16807575E+02
    1109.,  0.00000000E+00,  0.00000000E+00,  0.00000000E+00,  0.00000000E+00,  0.11051747E-07, -0.16807575E+02
    1110.,  0.00000000E+00,  0.00000000E+00,  0.00000000E+00,  0.00000000E+00,  0.11485448E-07, -0.16807575E+02
    1111.,  0.00000000E+00,  0.00000000E+00,  0.00000000E+00,  0.00000000E+00,  0.18345901E-07, -0.16807575E+02
    1112.,  0.00000000E+00,  0.00000000E+00,  0.00000000E+00,  0.00000000E+00,  0.81101863E-08, -0.16807575E+02
    1113.,  0.00000000E+00,  0.00000000E+00,  0.00000000E+00,  0.00000000E+00,  0.89111023E-08, -0.16807575E+02
    1114.,  0.00000000E+00,  0.00000000E+00,  0.00000000E+00,  0.00000000E+00,  0.10965199E-07, -0.16807575E+02
    1115.,  0.00000000E+00,  0.00000000E+00,  0.00000000E+00,  0.00000000E+00,  0.15955423E-07, -0.16807575E+02
    1116.,  0.00000000E+00,  0.00000000E+00,  0.00000000E+00,  0.00000000E+00,  0.62836427E-08, -0.16807575E+02
    1117.,  0.00000000E+00,  0.00000000E+00,  0.00000000E+00,  0.00000000E+00,  0.11525561E-07, -0.16807575E+02
    1118.,  0.00000000E+00,  0.00000000E+00,  0.00000000E+00,  0.00000000E+00,  0.17895298E-07, -0.16807575E+02
    1119.,  0.00000000E+00,  0.00000000E+00,  0.00000000E+00,  0.00000000E+00,  0.71085253E-08, -0.16807575E+02
    1120.,  0.00000000E+00,  0.00000000E+00,  0.00000000E+00,  0.00000000E+00,  0.11108660E-07, -0.16807575E+02
    1121.,  0.00000000E+00,  0.00000000E+00,  0.00000000E+00,  0.00000000E+00,  0.79857690E-08, -0.17533617E+02
    1122.,  0.00000000E+00,  0.00000000E+00,  0.00000000E+00,  0.00000000E+00,  0.82920055E-08, -0.17533617E+02
    1123.,  0.00000000E+00,  0.00000000E+00,  0.00000000E+00,  0.00000000E+00,  0.63478641E-08, -0.17533617E+02
    1124.,  0.00000000E+00,  0.00000000E+00,  0.00000000E+00,  0.00000000E+00,  0.83692410E-08, -0.17533617E+02
    1125.,  0.00000000E+00,  0.00000000E+00,  0.00000000E+00,  0.00000000E+00,  0.12656737E-07, -0.17533617E+02
    1126.,  0.00000000E+00,  0.00000000E+00,  0.00000000E+00,  0.00000000E+00,  0.67892303E-08, -0.17533617E+02
    1127.,  0.00000000E+00,  0.00000000E+00,  0.00000000E+00,  0.00000000E+00,  0.98554746E-08, -0.17533617E+02
    1128.,  0.00000000E+00,  0.00000000E+00,  0.00000000E+00,  0.00000000E+00,  0.61160145E-08, -0.17533617E+02
    1129.,  0.00000000E+00,  0.00000000E+00,  0.00000000E+00,  0.00000000E+00,  0.18900045E-07, -0.17533617E+02
    1130.,  0.00000000E+00,  0.00000000E+00,  0.00000000E+00,  0.00000000E+00,  0.95425143E-08, -0.17533617E+02
    1131.,  0.00000000E+00,  0.00000000E+00,  0.00000000E+00,  0.00000000E+00,  0.96718174E-08, -0.17533617E+02
    1132.,  0.00000000E+00,  0.00000000E+00,  0.00000000E+00,  0.00000000E+00,  0.47689702E-08, -0.17533617E+02
    1133.,  0.00000000E+00,  0.00000000E+00,  0.00000000E+00,  0.00000000E+00,  0.57739513E-08, -0.17533617E+02
    1134.,  0.00000000E+00,  0.00000000E+00,  0.00000000E+00,  0.00000000E+00,  0.20245790E-07, -0.17533617E+02
    1135.,  0.00000000E+00,  0.00000000E+00,  0.00000000E+00,  0.00000000E+00,  0.69381603E-08, -0.17533617E+02
    1136.,  0.00000000E+00,  0.00000000E+00,  0.00000000E+00,  0.00000000E+00,  0.45899432E-08, -0.17533617E+02
    1137.,  0.00000000E+00,  0.00000000E+00,  0.00000000E+00,  0.00000000E+00,  0.10647295E-07, -0.18259658E+02
    1138.,  0.00000000E+00,  0.00000000E+00,  0.00000000E+00,  0.00000000E+00,  0.87207097E-08, -0.18259658E+02
    1139.,  0.00000000E+00,  0.00000000E+00,  0.00000000E+00,  0.00000000E+00,  0.37902955E-08, -0.18259658E+02
    1140.,  0.00000000E+00,  0.00000000E+00,  0.00000000E+00,  0.00000000E+00,  0.10309566E-07, -0.18259658E+02
    1141.,  0.00000000E+00,  0.00000000E+00,  0.00000000E+00,  0.00000000E+00,  0.45534321E-08, -0.18259658E+02
    1142.,  0.00000000E+00,  0.00000000E+00,  0.00000000E+00,  0.00000000E+00,  0.12758733E-07, -0.18259658E+02
    1143.,  0.00000000E+00,  0.00000000E+00,  0.00000000E+00,  0.00000000E+00,  0.14363783E-07, -0.18259658E+02
    1144.,  0.00000000E+00,  0.00000000E+00,  0.00000000E+00,  0.00000000E+00,  0.18739325E-07, -0.18259658E+02
    1145.,  0.00000000E+00,  0.00000000E+00,  0.00000000E+00,  0.00000000E+00,  0.91901493E-08, -0.18259658E+02
    1146.,  0.00000000E+00,  0.00000000E+00,  0.00000000E+00,  0.00000000E+00,  0.11508922E-07, -0.18259658E+02
    1147.,  0.00000000E+00,  0.00000000E+00,  0.00000000E+00,  0.00000000E+00,  0.48426442E-08, -0.18259658E+02
    1148.,  0.00000000E+00,  0.00000000E+00,  0.00000000E+00,  0.00000000E+00,  0.12660557E-07, -0.18259658E+02
    1149.,  0.00000000E+00,  0.00000000E+00,  0.00000000E+00,  0.00000000E+00,  0.12759931E-07, -0.18259658E+02
    1150.,  0.00000000E+00,  0.00000000E+00,  0.00000000E+00,  0.00000000E+00,  0.13769478E-07, -0.18259658E+02
    1151.,  0.00000000E+00,  0.00000000E+00,  0.00000000E+00,  0.00000000E+00,  0.12785898E-07, -0.18259658E+02
    1152.,  0.00000000E+00,  0.00000000E+00,  0.00000000E+00,  0.00000000E+00,  0.20095761E-07, -0.18259658E+02
    1153.,  0.00000000E+00,  0.00000000E+00,  0.00000000E+00,  0.00000000E+00,  0.40268523E+02, -0.11976790E+01
    1154.,  0.00000000E+00,  0.00000000E+00,  0.00000000E+00,  0.00000000E+00,  0.42876498E+02, -0.11976790E+01
    1155.,  0.00000000E+00,  0.00000000E+00,  0.00000000E+00,  0.00000000E+00,  0.43440333E+02, -0.11976790E+01
    1156.,  0.00000000E+00,  0.00000000E+00,  0.00000000E+00,  0.00000000E+00,  0.38585947E+02, -0.11976790E+01
    1157.,  0.00000000E+00,  0.00000000E+00,  0.00000000E+00,  0.00000000E+00,  0.31632396E+02, -0.11976790E+01
    1158.,  0.00000000E+00,  0.00000000E+00,  0.00000000E+00,  0.00000000E+00,  0.29095151E+02, -0.11976790E+01
    1159.,  0.00000000E+00,  0.00000000E+00,  0.00000000E+00,  0.00000000E+00,  0.33334457E+02, -0.11976790E+01
    1160.,  0.00000000E+00,  0.00000000E+00,  0.00000000E+00,  0.00000000E+00,  0.36414006E+02, -0.11976790E+01
    1161.,  0.00000000E+00,  0.00000000E+00,  0.00000000E+00,  0.00000000E+00,  0.34868060E+02, -0.11976790E+01
    1162.,  0.00000000E+00,  0.00000000E+00,  0.00000000E+00,  0.00000000E+00,  0.36191274E+02, -0.11976790E+01
    1163.,  0.00000000E+00,  0.00000000E+00,  0.00000000E+00,  0.00000000E+00,  0.45486596E+02, -0.11976790E+01
    1164.,  0.00000000E+00,  0.00000000E+00,  0.00000000E+00,  0.00000000E+00,  0.55119764E+02, -0.11976790E+01
    1165.,  0.00000000E+00,  0.00000000E+00,  0.00000000E+00,  0.00000000E+00,  0.59444921E+02, -0.11976790E+01
    1166.,  0.00000000E+00,  0.00000000E+00,  0.00000000E+00,  0.00000000E+00,  0.57424298E+02, -0.11976790E+01
    1167.,  0.00000000E+00,  0.00000000E+00,  0.00000000E+00,  0.00000000E+00,  0.52289678E+02, -0.11976790E+01
    1168.,  0.00000000E+00,  0.00000000E+00,  0.00000000E+00,  0.00000000E+00,  0.47715816E+02, -0.11976790E+01
    1169.,  0.00000000E+00,  0.00000000E+00,  0.00000000E+00,  0.00000000E+00,  0.40927484E+02, -0.11976790E+01
    1170.,  0.00000000E+00,  0.00000000E+00,  0.00000000E+00,  0.00000000E+00,  0.42433539E+02, -0.11976790E+01
    1171.,  0.00000000E+00,  0.00000000E+00,  0.00000000E+00,  0.00000000E+00,  0.46917796E+02, -0.11976790E+01
    1172.,  0.00000000E+00,  0.00000000E+00,  0.00000000E+00,  0.00000000E+00,  0.56825304E+02, -0.11976790E+01
    1173.,  0.00000000E+00,  0.00000000E+00,  0.00000000E+00,  0.00000000E+00,  0.67696053E+02, -0.11976790E+01
    1174.,  0.00000000E+00,  0.00000000E+00,  0.00000000E+00,  0.00000000E+00,  0.75903767E+02, -0.11976790E+01
    1175.,  0.00000000E+00,  0.00000000E+00,  0.00000000E+00,  0.00000000E+00,  0.78787456E+02, -0.11976790E+01
    1176.,  0.00000000E+00,  0.00000000E+00,  0.00000000E+00,  0.00000000E+00,  0.75850085E+02, -0.11976790E+01
    1177.,  0.00000000E+00,  0.00000000E+00,  0.00000000E+00,  0.00000000E+00,  0.68432045E+02, -0.11976790E+01
    1178.,  0.00000000E+00,  0.00000000E+00,  0.00000000E+00,  0.00000000E+00,  0.58728099E+02, -0.11976790E+01
    1179.,  0.00000000E+00,  0.00000000E+00,  0.00000000E+00,  0.00000000E+00,  0.48682120E+02, -0.11976790E+01
    1180.,  0.00000000E+00,  0.00000000E+00,  0.00000000E+00,  0.00000000E+00,  0.39449905E+02, -0.11976790E+01
    1181.,  0.00000000E+00,  0.00000000E+00,  0.00000000E+00,  0.00000000E+00,  0.31470127E+02, -0.11976790E+01
    1182.,  0.00000000E+00,  0.00000000E+00,  0.00000000E+00,  0.00000000E+00,  0.24789672E+02, -0.11976790E+01
    1183.,  0.00000000E+00,  0.00000000E+00,  0.00000000E+00,  0.00000000E+00,  0.19314883E+02, -0.11976790E+01
    1184.,  0.00000000E+00,  0.00000000E+00,  0.00000000E+00,  0.00000000E+00,  0.14935883E+02, -0.11976790E+01
    1185.,  0.00000000E+00,  0.00000000E+00,  0.00000000E+00,  0.00000000E+00,  0.11421357E+02, -0.11976790E+01
    1186.,  0.00000000E+00,  0.00000000E+00,  0.00000000E+00,  0.00000000E+00,  0.87653959E+01, -0.11976790E+01
    1187.,  0.00000000E+00,  0.00000000E+00,  0.00000000E+00,  0.00000000E+00,  0.79716491E+01, -0.11976790E+01
    1188.,  0.00000000E+00,  0.00000000E+00,  0.00000000E+00,  0.00000000E+00,  0.97940215E+01, -0.11976790E+01
    1189.,  0.00000000E+00,  0.00000000E+00,  0.00000000E+00,  0.00000000E+00,  0.13096350E+02, -0.11976790E+01
    1190.,  0.00000000E+00,  0.00000000E+00,  0.00000000E+00,  0.00000000E+00,  0.16554623E+02, -0.11976790E+01
    1191.,  0.00000000E+00,  0.00000000E+00,  0.00000000E+00,  0.00000000E+00,  0.19262619E+02, -0.11976790E+01
    1192.,  0.00000000E+00,  0.00000000E+00,  0.00000000E+00,  0.00000000E+00,  0.20551398E+02, -0.11976790E+01
    1193.,  0.00000000E+00,  0.00000000E+00,  0.00000000E+00,  0.00000000E+00,  0.20029521E+02, -0.11976790E+01
    1194.,  0.00000000E+00,  0.00000000E+00,  0.00000000E+00,  0.00000000E+00,  0.17711301E+02, -0.11976790E+01
    1195.,  0.00000000E+00,  0.00000000E+00,  0.00000000E+00,  0.00000000E+00,  0.14089514E+02, -0.11976790E+01
    1196.,  0.00000000E+00,  0.00000000E+00,  0.00000000E+00,  0.00000000E+00,  0.10262190E+02, -0.11976790E+01
    1197.,  0.00000000E+00,  0.00000000E+00,  0.00000000E+00,  0.00000000E+00,  0.84632698E+01, -0.11976790E+01
    1198.,  0.00000000E+00,  0.00000000E+00,  0.00000000E+00,  0.00000000E+00,  0.10658148E+02, -0.11976790E+01
    1199.,  0.00000000E+00,  0.00000000E+00,  0.00000000E+00,  0.00000000E+00,  0.15152974E+02, -0.11976790E+01
    1200.,  0.00000000E+00,  0.00000000E+00,  0.00000000E+00,  0.00000000E+00,  0.20210969E+02, -0.11976790E+01
    1201.,  0.00000000E+00,  0.00000000E+00,  0.00000000E+00,  0.00000000E+00,  0.25543836E+02, -0.11976790E+01
    1202.,  0.00000000E+00,  0.00000000E+00,  0.00000000E+00,  0.00000000E+00,  0.31688190E+02, -0.11976790E+01
    1203.,  0.00000000E+00,  0.00000000E+00,  0.00000000E+00,  0.00000000E+00,  0.39095984E+02, -0.11976790E+01
    1204.,  0.00000000E+00,  0.00000000E+00,  0.00000000E+00,  0.00000000E+00,  0.47907761E+02, -0.11976790E+01
    1205.,  0.00000000E+00,  0.00000000E+00,  0.00000000E+00,  0.00000000E+00,  0.58107397E+02, -0.11976790E+01
    1206.,  0.00000000E+00,  0.00000000E+00,  0.00000000E+00,  0.00000000E+00,  0.69295648E+02, -0.11976790E+01
    1207.,  0.00000000E+00,  0.00000000E+00,  0.00000000E+00,  0.00000000E+00,  0.80346339E+02, -0.11976790E+01
    1208.,  0.00000000E+00,  0.00000000E+00,  0.00000000E+00,  0.00000000E+00,  0.89211028E+02, -0.11976790E+01
    1209.,  0.00000000E+00,  0.00000000E+00,  0.00000000E+00,  0.00000000E+00,  0.93337669E+02, -0.11976790E+01
    1210.,  0.00000000E+00,  0.00000000E+00,  0.00000000E+00,  0.00000000E+00,  0.90829179E+02, -0.11976790E+01
    1211.,  0.00000000E+00,  0.00000000E+00,  0.00000000E+00,  0.00000000E+00,  0.81658510E+02, -0.11976790E+01
    1212.,  0.00000000E+00,  0.00000000E+00,  0.00000000E+00,  0.00000000E+00,  0.68097571E+02, -0.11976790E+01
    1213.,  0.00000000E+00,  0.00000000E+00,  0.00000000E+00,  0.00000000E+00,  0.53808593E+02, -0.11976790E+01
    1214.,  0.00000000E+00,  0.00000000E+00,  0.00000000E+00,  0.00000000E+00,  0.43298440E+02, -0.11976790E+01
    1215.,  0.00000000E+00,  0.00000000E+00,  0.00000000E+00,  0.00000000E+00,  0.37572175E+02, -0.11976790E+01
    1216.,  0.00000000E+00,  0.00000000E+00,  0.00000000E+00,  0.00000000E+00,  0.42627058E+02, -0.11976790E+01
    1217.,  0.00000000E+00,  0.00000000E+00,  0.00000000E+00,  0.00000000E+00,  0.79923433E+02, -0.11976790E+01
    1218.,  0.00000000E+00,  0.00000000E+00,  0.00000000E+00,  0.00000000E+00,  0.65877297E+02, -0.11976790E+01
    1219.,  0.00000000E+00,  0.00000000E+00,  0.00000000E+00,  0.00000000E+00,  0.49879755E+02, -0.11976790E+01
    1220.,  0.00000000E+00,  0.00000000E+00,  0.00000000E+00,  0.00000000E+00,  0.45869249E+02, -0.11976790E+01
    1221.,  0.00000000E+00,  0.00000000E+00,  0.00000000E+00,  0.00000000E+00,  0.48233760E+02, -0.11976790E+01
    1222.,  0.00000000E+00,  0.00000000E+00,  0.00000000E+00,  0.00000000E+00,  0.44975489E+02, -0.11976790E+01
    1223.,  0.00000000E+00,  0.00000000E+00,  0.00000000E+00,  0.00000000E+00,  0.29366227E+02, -0.11976790E+01
    1224.,  0.00000000E+00,  0.00000000E+00,  0.00000000E+00,  0.00000000E+00,  0.25479841E+02, -0.11976790E+01
    1225.,  0.00000000E+00,  0.00000000E+00,  0.00000000E+00,  0.00000000E+00,  0.51602435E+02, -0.11976790E+01
    1226.,  0.00000000E+00,  0.00000000E+00,  0.00000000E+00,  0.00000000E+00,  0.68266906E+02, -0.11976790E+01
    1227.,  0.00000000E+00,  0.00000000E+00,  0.00000000E+00,  0.00000000E+00,  0.66180959E+02, -0.11976790E+01
    1228.,  0.00000000E+00,  0.00000000E+00,  0.00000000E+00,  0.00000000E+00,  0.53918386E+02, -0.11976790E+01
    1229.,  0.00000000E+00,  0.00000000E+00,  0.00000000E+00,  0.00000000E+00,  0.45344461E+02, -0.11976790E+01
    1230.,  0.00000000E+00,  0.00000000E+00,  0.00000000E+00,  0.00000000E+00,  0.50239307E+02, -0.11976790E+01
    1231.,  0.00000000E+00,  0.00000000E+00,  0.00000000E+00,  0.00000000E+00,  0.63142662E+02, -0.11976790E+01
    1232.,  0.00000000E+00,  0.00000000E+00,  0.00000000E+00,  0.00000000E+00,  0.65363649E+02, -0.11976790E+01
    1233.,  0.00000000E+00,  0.00000000E+00,  0.00000000E+00,  0.00000000E+00,  0.81453752E+02, -0.11976790E+01
    1234.,  0.00000000E+00,  0.00000000E+00,  0.00000000E+00,  0.00000000E+00,  0.78862225E+02, -0.11976790E+01
    1235.,  0.00000000E+00,  0.00000000E+00,  0.00000000E+00,  0.00000000E+00,  0.80750255E+02, -0.11976790E+01
    1236.,  0.00000000E+00,  0.00000000E+00,  0.00000000E+00,  0.00000000E+00,  0.76447726E+02, -0.11976790E+01
    1237.,  0.00000000E+00,  0.00000000E+00,  0.00000000E+00,  0.00000000E+00,  0.69439126E+02, -0.11976790E+01
    1238.,  0.00000000E+00,  0.00000000E+00,  0.00000000E+00,  0.00000000E+00,  0.61163845E+02, -0.11976790E+01
    1239.,  0.00000000E+00,  0.00000000E+00,  0.00000000E+00,  0.00000000E+00,  0.54234955E+02, -0.11976790E+01
    1240.,  0.00000000E+00,  0.00000000E+00,  0.00000000E+00,  0.00000000E+00,  0.49287745E+02, -0.11976790E+01
    1241.,  0.00000000E+00,  0.00000000E+00,  0.00000000E+00,  0.00000000E+00,  0.45187449E+02, -0.11976790E+01
    1242.,  0.00000000E+00,  0.00000000E+00,  0.00000000E+00,  0.00000000E+00,  0.40908799E+02, -0.11976790E+01
    1243.,  0.00000000E+00,  0.00000000E+00,  0.00000000E+00,  0.00000000E+00,  0.36436102E+02, -0.11976790E+01
    1244.,  0.00000000E+00,  0.00000000E+00,  0.00000000E+00,  0.00000000E+00,  0.32165289E+02, -0.11976790E+01
    1245.,  0.00000000E+00,  0.00000000E+00,  0.00000000E+00,  0.00000000E+00,  0.28399292E+02, -0.11976790E+01
    1246.,  0.00000000E+00,  0.00000000E+00,  0.00000000E+00,  0.00000000E+00,  0.25247216E+02, -0.11976790E+01
    1247.,  0.00000000E+00,  0.00000000E+00,  0.00000000E+00,  0.00000000E+00,  0.22689042E+02, -0.11976790E+01
    1248.,  0.00000000E+00,  0.00000000E+00,  0.00000000E+00,  0.00000000E+00,  0.20649491E+02, -0.11976790E+01
    1249.,  0.00000000E+00,  0.00000000E+00,  0.00000000E+00,  0.00000000E+00,  0.18930632E+02, -0.11976790E+01
    1250.,  0.00000000E+00,  0.00000000E+00,  0.00000000E+00,  0.00000000E+00,  0.17305532E+02, -0.11976790E+01
    1251.,  0.00000000E+00,  0.00000000E+00,  0.00000000E+00,  0.00000000E+00,  0.15716490E+02, -0.11976790E+01
    1252.,  0.00000000E+00,  0.00000000E+00,  0.00000000E+00,  0.00000000E+00,  0.14180279E+02, -0.11976790E+01
    1253.,  0.00000000E+00,  0.00000000E+00,  0.00000000E+00,  0.00000000E+00,  0.12684299E+02, -0.11976790E+01
    1254.,  0.00000000E+00,  0.00000000E+00,  0.00000000E+00,  0.00000000E+00,  0.11195159E+02, -0.11976790E+01
    1255.,  0.00000000E+00,  0.00000000E+00,  0.00000000E+00,  0.00000000E+00,  0.97512352E+01, -0.11976790E+01
    1256.,  0.00000000E+00,  0.00000000E+00,  0.00000000E+00,  0.00000000E+00,  0.86379213E+01, -0.11976790E+01
    1257.,  0.00000000E+00,  0.00000000E+00,  0.00000000E+00,  0.00000000E+00,  0.84325063E+01, -0.11976790E+01
    1258.,  0.00000000E+00,  0.00000000E+00,  0.00000000E+00,  0.00000000E+00,  0.95098756E+01, -0.11976790E+01
    1259.,  0.00000000E+00,  0.00000000E+00,  0.00000000E+00,  0.00000000E+00,  0.11592716E+02, -0.11976790E+01
    1260.,  0.00000000E+00,  0.00000000E+00,  0.00000000E+00,  0.00000000E+00,  0.14199589E+02, -0.11976790E+01
    1261.,  0.00000000E+00,  0.00000000E+00,  0.00000000E+00,  0.00000000E+00,  0.17021193E+02, -0.11976790E+01
    1262.,  0.00000000E+00,  0.00000000E+00,  0.00000000E+00,  0.00000000E+00,  0.19894933E+02, -0.11976790E+01
    1263.,  0.00000000E+00,  0.00000000E+00,  0.00000000E+00,  0.00000000E+00,  0.22726353E+02, -0.11976790E+01
    1264.,  0.00000000E+00,  0.00000000E+00,  0.00000000E+00,  0.00000000E+00,  0.25454653E+02, -0.11976790E+01
    1265.,  0.00000000E+00,  0.00000000E+00,  0.00000000E+00,  0.00000000E+00,  0.28194570E+02, -0.11976790E+01
    1266.,  0.00000000E+00,  0.00000000E+00,  0.00000000E+00,  0.00000000E+00,  0.31290622E+02, -0.11976790E+01
    1267.,  0.00000000E+00,  0.00000000E+00,  0.00000000E+00,  0.00000000E+00,  0.34994439E+02, -0.11976790E+01
    1268.,  0.00000000E+00,  0.00000000E+00,  0.00000000E+00,  0.00000000E+00,  0.39354719E+02, -0.11976790E+01
    1269.,  0.00000000E+00,  0.00000000E+00,  0.00000000E+00,  0.00000000E+00,  0.44325747E+02, -0.11976790E+01
    1270.,  0.00000000E+00,  0.00000000E+00,  0.00000000E+00,  0.00000000E+00,  0.49704700E+02, -0.11976790E+01
    1271.,  0.00000000E+00,  0.00000000E+00,  0.00000000E+00,  0.00000000E+00,  0.55231150E+02, -0.11976790E+01
    1272.,  0.00000000E+00,  0.00000000E+00,  0.00000000E+00,  0.00000000E+00,  0.60898172E+02, -0.11976790E+01
    1273.,  0.00000000E+00,  0.00000000E+00,  0.00000000E+00,  0.00000000E+00,  0.67330320E+02, -0.11976790E+01
    1274.,  0.00000000E+00,  0.00000000E+00,  0.00000000E+00,  0.00000000E+00,  0.75147029E+02, -0.11976790E+01
    1275.,  0.00000000E+00,  0.00000000E+00,  0.00000000E+00,  0.00000000E+00,  0.83347281E+02, -0.11976790E+01
    1276.,  0.00000000E+00,  0.00000000E+00,  0.00000000E+00,  0.00000000E+00,  0.89427753E+02, -0.11976790E+01
    1277.,  0.00000000E+00,  0.00000000E+00,  0.00000000E+00,  0.00000000E+00,  0.92226735E+02, -0.11976790E+01
    1278.,  0.00000000E+00,  0.00000000E+00,  0.00000000E+00,  0.00000000E+00,  0.90923237E+02, -0.11976790E+01
    1279.,  0.00000000E+00,  0.00000000E+00,  0.00000000E+00,  0.00000000E+00,  0.92345131E+02, -0.11976790E+01
    1280.,  0.00000000E+00,  0.00000000E+00,  0.00000000E+00,  0.00000000E+00,  0.69741360E+02, -0.11976790E+01
    1281.,  0.00000000E+00,  0.00000000E+00,  0.00000000E+00,  0.00000000E+00,  0.69080093E+02, -0.11976790E+01
    1282.,  0.00000000E+00,  0.00000000E+00,  0.00000000E+00,  0.00000000E+00,  0.52903613E+02, -0.11976790E+01
    1283.,  0.00000000E+00,  0.00000000E+00,  0.00000000E+00,  0.00000000E+00,  0.38286245E+02, -0.11976790E+01
    1284.,  0.00000000E+00,  0.00000000E+00,  0.00000000E+00,  0.00000000E+00,  0.28996917E+02, -0.11976790E+01
    1285.,  0.00000000E+00,  0.00000000E+00,  0.00000000E+00,  0.00000000E+00,  0.33116350E+02, -0.11976790E+01
    1286.,  0.00000000E+00,  0.00000000E+00,  0.00000000E+00,  0.00000000E+00,  0.34249003E+02, -0.11976790E+01
    1287.,  0.00000000E+00,  0.00000000E+00,  0.00000000E+00,  0.00000000E+00,  0.24120563E+02, -0.11976790E+01
    1288.,  0.00000000E+00,  0.00000000E+00,  0.00000000E+00,  0.00000000E+00,  0.34498968E+02, -0.11976790E+01
    1289.,  0.00000000E+00,  0.00000000E+00,  0.00000000E+00,  0.00000000E+00,  0.68208843E+02, -0.11976790E+01
    1290.,  0.00000000E+00,  0.00000000E+00,  0.00000000E+00,  0.00000000E+00,  0.88845259E+02, -0.11976790E+01
    1291.,  0.00000000E+00,  0.00000000E+00,  0.00000000E+00,  0.00000000E+00,  0.92586048E+02, -0.11976790E+01
    1292.,  0.00000000E+00,  0.00000000E+00,  0.00000000E+00,  0.00000000E+00,  0.88604845E+02, -0.11976790E+01
    1293.,  0.00000000E+00,  0.00000000E+00,  0.00000000E+00,  0.00000000E+00,  0.90147240E+02, -0.11976790E+01
    1294.,  0.00000000E+00,  0.00000000E+00,  0.00000000E+00,  0.00000000E+00,  0.93247286E+02, -0.11976790E+01
    1295.,  0.00000000E+00,  0.00000000E+00,  0.00000000E+00,  0.00000000E+00,  0.98579247E+02, -0.11976790E+01
    1296.,  0.00000000E+00,  0.00000000E+00,  0.00000000E+00,  0.00000000E+00,  0.11383872E+03, -0.11976790E+01
    1297.,  0.00000000E+00,  0.00000000E+00,  0.00000000E+00,  0.00000000E+00,  0.89042992E+02, -0.11976790E+01
    1298.,  0.00000000E+00,  0.00000000E+00,  0.00000000E+00,  0.00000000E+00,  0.10468282E+03, -0.11976790E+01
    1299.,  0.00000000E+00,  0.00000000E+00,  0.00000000E+00,  0.00000000E+00,  0.94128511E+02, -0.11976790E+01
    1300.,  0.00000000E+00,  0.00000000E+00,  0.00000000E+00,  0.00000000E+00,  0.85549679E+02, -0.11976790E+01
    1301.,  0.00000000E+00,  0.00000000E+00,  0.00000000E+00,  0.00000000E+00,  0.71583590E+02, -0.11976790E+01
    1302.,  0.00000000E+00,  0.00000000E+00,  0.00000000E+00,  0.00000000E+00,  0.55924397E+02, -0.11976790E+01
    1303.,  0.00000000E+00,  0.00000000E+00,  0.00000000E+00,  0.00000000E+00,  0.43155352E+02, -0.11976790E+01
    1304.,  0.00000000E+00,  0.00000000E+00,  0.00000000E+00,  0.00000000E+00,  0.35776048E+02, -0.11976790E+01
    1305.,  0.00000000E+00,  0.00000000E+00,  0.00000000E+00,  0.00000000E+00,  0.32149836E+02, -0.11976790E+01
    1306.,  0.00000000E+00,  0.00000000E+00,  0.00000000E+00,  0.00000000E+00,  0.29860683E+02, -0.11976790E+01
    1307.,  0.00000000E+00,  0.00000000E+00,  0.00000000E+00,  0.00000000E+00,  0.27858308E+02, -0.11976790E+01
    1308.,  0.00000000E+00,  0.00000000E+00,  0.00000000E+00,  0.00000000E+00,  0.26020295E+02, -0.11976790E+01
    1309.,  0.00000000E+00,  0.00000000E+00,  0.00000000E+00,  0.00000000E+00,  0.24427015E+02, -0.11976790E+01
    1310.,  0.00000000E+00,  0.00000000E+00,  0.00000000E+00,  0.00000000E+00,  0.23095084E+02, -0.11976790E+01
    1311.,  0.00000000E+00,  0.00000000E+00,  0.00000000E+00,  0.00000000E+00,  0.21984692E+02, -0.11976790E+01
    1312.,  0.00000000E+00,  0.00000000E+00,  0.00000000E+00,  0.00000000E+00,  0.21042284E+02, -0.11976790E+01
    1313.,  0.00000000E+00,  0.00000000E+00,  0.00000000E+00,  0.00000000E+00,  0.20156980E+02, -0.11976790E+01
    1314.,  0.00000000E+00,  0.00000000E+00,  0.00000000E+00,  0.00000000E+00,  0.19178805E+02, -0.11976790E+01
    1315.,  0.00000000E+00,  0.00000000E+00,  0.00000000E+00,  0.00000000E+00,  0.17980491E+02, -0.11976790E+01
    1316.,  0.00000000E+00,  0.00000000E+00,  0.00000000E+00,  0.00000000E+00,  0.16440398E+02, -0.11976790E+01
    1317.,  0.00000000E+00,  0.00000000E+00,  0.00000000E+00,  0.00000000E+00,  0.14395013E+02, -0.11976790E+01
    1318.,  0.00000000E+00,  0.00000000E+00,  0.00000000E+00,  0.00000000E+00,  0.11696673E+02, -0.11976790E+01
    1319.,  0.00000000E+00,  0.00000000E+00,  0.00000000E+00,  0.00000000E+00,  0.83777075E+01, -0.11976790E+01
    1320.,  0.00000000E+00,  0.00000000E+00,  0.00000000E+00,  0.00000000E+00,  0.51771790E+01, -0.11976790E+01
    1321.,  0.00000000E+00,  0.00000000E+00,  0.00000000E+00,  0.00000000E+00,  0.50678448E+01, -0.11976790E+01
    1322.,  0.00000000E+00,  0.00000000E+00,  0.00000000E+00,  0.00000000E+00,  0.85201346E+01, -0.11976790E+01
    1323.,  0.00000000E+00,  0.00000000E+00,  0.00000000E+00,  0.00000000E+00,  0.12494725E+02, -0.11976790E+01
    1324.,  0.00000000E+00,  0.00000000E+00,  0.00000000E+00,  0.00000000E+00,  0.16021045E+02, -0.11976790E+01
    1325.,  0.00000000E+00,  0.00000000E+00,  0.00000000E+00,  0.00000000E+00,  0.18921542E+02, -0.11976790E+01
    1326.,  0.00000000E+00,  0.00000000E+00,  0.00000000E+00,  0.00000000E+00,  0.21256755E+02, -0.11976790E+01
    1327.,  0.00000000E+00,  0.00000000E+00,  0.00000000E+00,  0.00000000E+00,  0.23153081E+02, -0.11976790E+01
    1328.,  0.00000000E+00,  0.00000000E+00,  0.00000000E+00,  0.00000000E+00,  0.24736112E+02, -0.11976790E+01
    1329.,  0.00000000E+00,  0.00000000E+00,  0.00000000E+00,  0.00000000E+00,  0.26166970E+02, -0.11976790E+01
    1330.,  0.00000000E+00,  0.00000000E+00,  0.00000000E+00,  0.00000000E+00,  0.27686144E+02, -0.11976790E+01
    1331.,  0.00000000E+00,  0.00000000E+00,  0.00000000E+00,  0.00000000E+00,  0.29459953E+02, -0.11976790E+01
    1332.,  0.00000000E+00,  0.00000000E+00,  0.00000000E+00,  0.00000000E+00,  0.31591443E+02, -0.11976790E+01
    1333.,  0.00000000E+00,  0.00000000E+00,  0.00000000E+00,  0.00000000E+00,  0.34225132E+02, -0.11976790E+01
    1334.,  0.00000000E+00,  0.00000000E+00,  0.00000000E+00,  0.00000000E+00,  0.37544780E+02, -0.11976790E+01
    1335.,  0.00000000E+00,  0.00000000E+00,  0.00000000E+00,  0.00000000E+00,  0.42049868E+02, -0.11976790E+01
    1336.,  0.00000000E+00,  0.00000000E+00,  0.00000000E+00,  0.00000000E+00,  0.49193285E+02, -0.11976790E+01
    1337.,  0.00000000E+00,  0.00000000E+00,  0.00000000E+00,  0.00000000E+00,  0.60623535E+02, -0.11976790E+01
    1338.,  0.00000000E+00,  0.00000000E+00,  0.00000000E+00,  0.00000000E+00,  0.75939575E+02, -0.11976790E+01
    1339.,  0.00000000E+00,  0.00000000E+00,  0.00000000E+00,  0.00000000E+00,  0.91731162E+02, -0.11976790E+01
    1340.,  0.00000000E+00,  0.00000000E+00,  0.00000000E+00,  0.00000000E+00,  0.10282322E+03, -0.11976790E+01
    1341.,  0.00000000E+00,  0.00000000E+00,  0.00000000E+00,  0.00000000E+00,  0.10610313E+03, -0.11976790E+01
    1342.,  0.00000000E+00,  0.00000000E+00,  0.00000000E+00,  0.00000000E+00,  0.10549428E+03, -0.11976790E+01
    1343.,  0.00000000E+00,  0.00000000E+00,  0.00000000E+00,  0.00000000E+00,  0.10506375E+03, -0.11976790E+01
    1344.,  0.00000000E+00,  0.00000000E+00,  0.00000000E+00,  0.00000000E+00,  0.13731232E+03, -0.11976790E+01
    1345.,  0.00000000E+00,  0.00000000E+00,  0.00000000E+00,  0.40002575E-03,  0.16278191E+03, -0.11976790E+01
    1346.,  0.00000000E+00,  0.00000000E+00,  0.00000000E+00,  0.00000000E+00,  0.12191471E+03, -0.11976790E+01
    1347.,  0.00000000E+00,  0.00000000E+00,  0.00000000E+00,  0.00000000E+00,  0.85542396E+02, -0.11976790E+01
    1348.,  0.00000000E+00,  0.00000000E+00,  0.00000000E+00,  0.00000000E+00,  0.72916639E+02, -0.11976790E+01
    1349.,  0.00000000E+00,  0.00000000E+00,  0.00000000E+00,  0.00000000E+00,  0.52365813E+02, -0.11976790E+01
    1350.,  0.00000000E+00,  0.00000000E+00,  0.00000000E+00,  0.00000000E+00,  0.27347885E+02, -0.11976790E+01
    1351.,  0.00000000E+00,  0.00000000E+00,  0.00000000E+00,  0.00000000E+00,  0.30403785E+02, -0.11976790E+01
    1352.,  0.00000000E+00,  0.00000000E+00,  0.00000000E+00,  0.00000000E+00,  0.68244633E+02, -0.11976790E+01
    1353.,  0.00000000E+00,  0.00000000E+00,  0.00000000E+00,  0.00000000E+00,  0.93894535E+02, -0.11976790E+01
    1354.,  0.00000000E+00,  0.00000000E+00,  0.00000000E+00,  0.00000000E+00,  0.10093690E+03, -0.11976790E+01
    1355.,  0.00000000E+00,  0.00000000E+00,  0.00000000E+00,  0.00000000E+00,  0.94101510E+02, -0.11976790E+01
    1356.,  0.00000000E+00,  0.00000000E+00,  0.00000000E+00,  0.00000000E+00,  0.92587332E+02, -0.11976790E+01
    1357.,  0.00000000E+00,  0.00000000E+00,  0.00000000E+00,  0.00000000E+00,  0.94622271E+02, -0.11976790E+01
    1358.,  0.00000000E+00,  0.00000000E+00,  0.00000000E+00,  0.00000000E+00,  0.10598182E+03, -0.11976790E+01
    1359.,  0.00000000E+00,  0.00000000E+00,  0.00000000E+00,  0.00000000E+00,  0.11561761E+03, -0.11976790E+01
    1360.,  0.00000000E+00,  0.00000000E+00,  0.00000000E+00,  0.00000000E+00,  0.10537545E+03, -0.11976790E+01
    1361.,  0.00000000E+00,  0.00000000E+00,  0.00000000E+00,  0.49277203E-04,  0.15457482E+03, -0.11976790E+01
    1362.,  0.00000000E+00,  0.00000000E+00,  0.00000000E+00,  0.00000000E+00,  0.10970978E+03, -0.11976790E+01
    1363.,  0.00000000E+00,  0.00000000E+00,  0.00000000E+00,  0.00000000E+00,  0.10008405E+03, -0.11976790E+01
    1364.,  0.00000000E+00,  0.00000000E+00,  0.00000000E+00,  0.00000000E+00,  0.88500037E+02, -0.11976790E+01
    1365.,  0.00000000E+00,  0.00000000E+00,  0.00000000E+00,  0.00000000E+00,  0.71966932E+02, -0.11976790E+01
    1366.,  0.00000000E+00,  0.00000000E+00,  0.00000000E+00,  0.00000000E+00,  0.53413739E+02, -0.11976790E+01
    1367.,  0.00000000E+00,  0.00000000E+00,  0.00000000E+00,  0.00000000E+00,  0.37042049E+02, -0.11976790E+01
    1368.,  0.00000000E+00,  0.00000000E+00,  0.00000000E+00,  0.00000000E+00,  0.26764765E+02, -0.11976790E+01
    1369.,  0.00000000E+00,  0.00000000E+00,  0.00000000E+00,  0.00000000E+00,  0.22505709E+02, -0.11976790E+01
    1370.,  0.00000000E+00,  0.00000000E+00,  0.00000000E+00,  0.00000000E+00,  0.21041920E+02, -0.11976790E+01
    1371.,  0.00000000E+00,  0.00000000E+00,  0.00000000E+00,  0.00000000E+00,  0.20262805E+02, -0.11976790E+01
    1372.,  0.00000000E+00,  0.00000000E+00,  0.00000000E+00,  0.00000000E+00,  0.19807944E+02, -0.11976790E+01
    1373.,  0.00000000E+00,  0.00000000E+00,  0.00000000E+00,  0.00000000E+00,  0.19570269E+02, -0.11976790E+01
    1374.,  0.00000000E+00,  0.00000000E+00,  0.00000000E+00,  0.00000000E+00,  0.19434838E+02, -0.11976790E+01
    1375.,  0.00000000E+00,  0.00000000E+00,  0.00000000E+00,  0.00000000E+00,  0.19325793E+02, -0.11976790E+01
    1376.,  0.00000000E+00,  0.00000000E+00,  0.00000000E+00,  0.00000000E+00,  0.19190863E+02, -0.11976790E+01
    1377.,  0.00000000E+00,  0.00000000E+00,  0.00000000E+00,  0.00000000E+00,  0.18988945E+02, -0.11976790E+01
    1378.,  0.00000000E+00,  0.00000000E+00,  0.00000000E+00,  0.00000000E+00,  0.18635346E+02, -0.11976790E+01
    1379.,  0.00000000E+00,  0.00000000E+00,  0.00000000E+00,  0.00000000E+00,  0.18025011E+02, -0.11976790E+01
    1380.,  0.00000000E+00,  0.00000000E+00,  0.00000000E+00,  0.00000000E+00,  0.16998681E+02, -0.11976790E+01
    1381.,  0.00000000E+00,  0.00000000E+00,  0.00000000E+00,  0.00000000E+00,  0.15358106E+02, -0.11976790E+01
    1382.,  0.00000000E+00,  0.00000000E+00,  0.00000000E+00,  0.00000000E+00,  0.12940227E+02, -0.11976790E+01
    1383.,  0.00000000E+00,  0.00000000E+00,  0.00000000E+00,  0.00000000E+00,  0.98173012E+01, -0.11976790E+01
    1384.,  0.00000000E+00,  0.00000000E+00,  0.00000000E+00,  0.00000000E+00,  0.68015841E+01, -0.11976790E+01
    1385.,  0.00000000E+00,  0.00000000E+00,  0.00000000E+00,  0.00000000E+00,  0.63559942E+01, -0.11976790E+01
    1386.,  0.00000000E+00,  0.00000000E+00,  0.00000000E+00,  0.00000000E+00,  0.92447520E+01, -0.11976790E+01
    1387.,  0.00000000E+00,  0.00000000E+00,  0.00000000E+00,  0.00000000E+00,  0.12899693E+02, -0.11976790E+01
    1388.,  0.00000000E+00,  0.00000000E+00,  0.00000000E+00,  0.00000000E+00,  0.16063576E+02, -0.11976790E+01
    1389.,  0.00000000E+00,  0.00000000E+00,  0.00000000E+00,  0.00000000E+00,  0.18448619E+02, -0.11976790E+01
    1390.,  0.00000000E+00,  0.00000000E+00,  0.00000000E+00,  0.00000000E+00,  0.20114129E+02, -0.11976790E+01
    1391.,  0.00000000E+00,  0.00000000E+00,  0.00000000E+00,  0.00000000E+00,  0.21228377E+02, -0.11976790E+01
    1392.,  0.00000000E+00,  0.00000000E+00,  0.00000000E+00,  0.00000000E+00,  0.21948862E+02, -0.11976790E+01
    1393.,  0.00000000E+00,  0.00000000E+00,  0.00000000E+00,  0.00000000E+00,  0.22465852E+02, -0.11976790E+01
    1394.,  0.00000000E+00,  0.00000000E+00,  0.00000000E+00,  0.00000000E+00,  0.22904729E+02, -0.11976790E+01
    1395.,  0.00000000E+00,  0.00000000E+00,  0.00000000E+00,  0.00000000E+00,  0.23352070E+02, -0.11976790E+01
    1396.,  0.00000000E+00,  0.00000000E+00,  0.00000000E+00,  0.00000000E+00,  0.23993602E+02, -0.11976790E+01
    1397.,  0.00000000E+00,  0.00000000E+00,  0.00000000E+00,  0.00000000E+00,  0.25105042E+02, -0.11976790E+01
    1398.,  0.00000000E+00,  0.00000000E+00,  0.00000000E+00,  0.00000000E+00,  0.27206524E+02, -0.11976790E+01
    1399.,  0.00000000E+00,  0.00000000E+00,  0.00000000E+00,  0.00000000E+00,  0.31067598E+02, -0.11976790E+01
    1400.,  0.00000000E+00,  0.00000000E+00,  0.00000000E+00,  0.00000000E+00,  0.38059887E+02, -0.11976790E+01
    1401.,  0.00000000E+00,  0.00000000E+00,  0.00000000E+00,  0.00000000E+00,  0.51080096E+02, -0.11976790E+01
    1402.,  0.00000000E+00,  0.00000000E+00,  0.00000000E+00,  0.00000000E+00,  0.71615944E+02, -0.11976790E+01
    1403.,  0.00000000E+00,  0.00000000E+00,  0.00000000E+00,  0.00000000E+00,  0.93510740E+02, -0.11976790E+01
    1404.,  0.00000000E+00,  0.00000000E+00,  0.00000000E+00,  0.00000000E+00,  0.10952356E+03, -0.11976790E+01
    1405.,  0.00000000E+00,  0.00000000E+00,  0.00000000E+00,  0.00000000E+00,  0.11074841E+03, -0.11976790E+01
    1406.,  0.00000000E+00,  0.00000000E+00,  0.00000000E+00,  0.00000000E+00,  0.88525408E+02, -0.11976790E+01
    1407.,  0.00000000E+00,  0.00000000E+00,  0.00000000E+00,  0.00000000E+00,  0.54165717E+02, -0.11976790E+01
    1408.,  0.00000000E+00,  0.00000000E+00,  0.00000000E+00,  0.13904148E-03,  0.12369920E+03, -0.11976790E+01
    1409.,  0.00000000E+00,  0.00000000E+00,  0.00000000E+00,  0.52925230E-02,  0.21706901E+03, -0.11976790E+01
    1410.,  0.00000000E+00,  0.00000000E+00,  0.00000000E+00,  0.28038921E-02,  0.20249261E+03, -0.11976790E+01
    1411.,  0.00000000E+00,  0.00000000E+00,  0.00000000E+00,  0.11788460E-02,  0.19266648E+03, -0.11976790E+01
    1412.,  0.00000000E+00,  0.00000000E+00,  0.00000000E+00,  0.31889327E-03,  0.18628264E+03, -0.11976790E+01
    1413.,  0.00000000E+00,  0.00000000E+00,  0.00000000E+00,  0.00000000E+00,  0.14752315E+03, -0.11976790E+01
    1414.,  0.00000000E+00,  0.00000000E+00,  0.00000000E+00,  0.00000000E+00,  0.84682140E+02, -0.11976790E+01
    1415.,  0.00000000E+00,  0.00000000E+00,  0.00000000E+00,  0.00000000E+00,  0.49373522E+02, -0.11976790E+01
    1416.,  0.00000000E+00,  0.00000000E+00,  0.00000000E+00,  0.00000000E+00,  0.11374354E+03, -0.11976790E+01
    1417.,  0.00000000E+00,  0.00000000E+00,  0.00000000E+00,  0.00000000E+00,  0.15916927E+03, -0.11976790E+01
    1418.,  0.00000000E+00,  0.00000000E+00,  0.00000000E+00,  0.00000000E+00,  0.12782405E+03, -0.11976790E+01
    1419.,  0.00000000E+00,  0.00000000E+00,  0.00000000E+00,  0.00000000E+00,  0.95950145E+02, -0.11976790E+01
    1420.,  0.00000000E+00,  0.00000000E+00,  0.00000000E+00,  0.00000000E+00,  0.12740574E+03, -0.11976790E+01
    1421.,  0.00000000E+00,  0.00000000E+00,  0.00000000E+00,  0.00000000E+00,  0.17048335E+03, -0.11976790E+01
    1422.,  0.00000000E+00,  0.00000000E+00,  0.00000000E+00,  0.24429321E-03,  0.18548519E+03, -0.11976790E+01
    1423.,  0.00000000E+00,  0.00000000E+00,  0.00000000E+00,  0.16931872E-03,  0.17807958E+03, -0.11976790E+01
    1424.,  0.00000000E+00,  0.00000000E+00,  0.00000000E+00,  0.66417118E-03,  0.18445671E+03, -0.11976790E+01
    1425.,  0.00000000E+00,  0.00000000E+00,  0.00000000E+00,  0.39444859E-03,  0.15848228E+03, -0.11976790E+01
    1426.,  0.00000000E+00,  0.00000000E+00,  0.00000000E+00,  0.00000000E+00,  0.87058124E+02, -0.11976790E+01
    1427.,  0.00000000E+00,  0.00000000E+00,  0.00000000E+00,  0.00000000E+00,  0.10746192E+03, -0.11976790E+01
    1428.,  0.00000000E+00,  0.00000000E+00,  0.00000000E+00,  0.00000000E+00,  0.99781177E+02, -0.11976790E+01
    1429.,  0.00000000E+00,  0.00000000E+00,  0.00000000E+00,  0.00000000E+00,  0.88988886E+02, -0.11976790E+01
    1430.,  0.00000000E+00,  0.00000000E+00,  0.00000000E+00,  0.00000000E+00,  0.68195932E+02, -0.11976790E+01
    1431.,  0.00000000E+00,  0.00000000E+00,  0.00000000E+00,  0.00000000E+00,  0.50081634E+02, -0.11976790E+01
    1432.,  0.00000000E+00,  0.00000000E+00,  0.00000000E+00,  0.00000000E+00,  0.32986296E+02, -0.11976790E+01
    1433.,  0.00000000E+00,  0.00000000E+00,  0.00000000E+00,  0.00000000E+00,  0.18931290E+02, -0.11976790E+01
    1434.,  0.00000000E+00,  0.00000000E+00,  0.00000000E+00,  0.00000000E+00,  0.13740803E+02, -0.11976790E+01
    1435.,  0.00000000E+00,  0.00000000E+00,  0.00000000E+00,  0.00000000E+00,  0.13704189E+02, -0.11976790E+01
    1436.,  0.00000000E+00,  0.00000000E+00,  0.00000000E+00,  0.00000000E+00,  0.14284982E+02, -0.11976790E+01
    1437.,  0.00000000E+00,  0.00000000E+00,  0.00000000E+00,  0.00000000E+00,  0.14975777E+02, -0.11976790E+01
    1438.,  0.00000000E+00,  0.00000000E+00,  0.00000000E+00,  0.00000000E+00,  0.15691885E+02, -0.11976790E+01
    1439.,  0.00000000E+00,  0.00000000E+00,  0.00000000E+00,  0.00000000E+00,  0.16348352E+02, -0.11976790E+01
    1440.,  0.00000000E+00,  0.00000000E+00,  0.00000000E+00,  0.00000000E+00,  0.16867437E+02, -0.11976790E+01
    1441.,  0.00000000E+00,  0.00000000E+00,  0.00000000E+00,  0.00000000E+00,  0.17224134E+02, -0.11976790E+01
    1442.,  0.00000000E+00,  0.00000000E+00,  0.00000000E+00,  0.00000000E+00,  0.17457076E+02, -0.11976790E+01
    1443.,  0.00000000E+00,  0.00000000E+00,  0.00000000E+00,  0.00000000E+00,  0.17458863E+02, -0.11976790E+01
    1444.,  0.00000000E+00,  0.00000000E+00,  0.00000000E+00,  0.00000000E+00,  0.17072614E+02, -0.11976790E+01
    1445.,  0.00000000E+00,  0.00000000E+00,  0.00000000E+00,  0.00000000E+00,  0.16098113E+02, -0.11976790E+01
    1446.,  0.00000000E+00,  0.00000000E+00,  0.00000000E+00,  0.00000000E+00,  0.14400702E+02, -0.11976790E+01
    1447.,  0.00000000E+00,  0.00000000E+00,  0.00000000E+00,  0.00000000E+00,  0.12110810E+02, -0.11976790E+01
    1448.,  0.00000000E+00,  0.00000000E+00,  0.00000000E+00,  0.00000000E+00,  0.99589108E+01, -0.11976790E+01
    1449.,  0.00000000E+00,  0.00000000E+00,  0.00000000E+00,  0.00000000E+00,  0.93966756E+01, -0.11976790E+01
    1450.,  0.00000000E+00,  0.00000000E+00,  0.00000000E+00,  0.00000000E+00,  0.11066272E+02, -0.11976790E+01
    1451.,  0.00000000E+00,  0.00000000E+00,  0.00000000E+00,  0.00000000E+00,  0.13737596E+02, -0.11976790E+01
    1452.,  0.00000000E+00,  0.00000000E+00,  0.00000000E+00,  0.00000000E+00,  0.16213840E+02, -0.11976790E+01
    1453.,  0.00000000E+00,  0.00000000E+00,  0.00000000E+00,  0.00000000E+00,  0.18031177E+02, -0.11976790E+01
    1454.,  0.00000000E+00,  0.00000000E+00,  0.00000000E+00,  0.00000000E+00,  0.19159977E+02, -0.11976790E+01
    1455.,  0.00000000E+00,  0.00000000E+00,  0.00000000E+00,  0.00000000E+00,  0.19734934E+02, -0.11976790E+01
    1456.,  0.00000000E+00,  0.00000000E+00,  0.00000000E+00,  0.00000000E+00,  0.19948887E+02, -0.11976790E+01
    1457.,  0.00000000E+00,  0.00000000E+00,  0.00000000E+00,  0.00000000E+00,  0.19881174E+02, -0.11976790E+01
    1458.,  0.00000000E+00,  0.00000000E+00,  0.00000000E+00,  0.00000000E+00,  0.19558904E+02, -0.11976790E+01
    1459.,  0.00000000E+00,  0.00000000E+00,  0.00000000E+00,  0.00000000E+00,  0.19106030E+02, -0.11976790E+01
    1460.,  0.00000000E+00,  0.00000000E+00,  0.00000000E+00,  0.00000000E+00,  0.18574248E+02, -0.11976790E+01
    1461.,  0.00000000E+00,  0.00000000E+00,  0.00000000E+00,  0.00000000E+00,  0.18611652E+02, -0.11976790E+01
    1462.,  0.00000000E+00,  0.00000000E+00,  0.00000000E+00,  0.00000000E+00,  0.20997832E+02, -0.11976790E+01
    1463.,  0.00000000E+00,  0.00000000E+00,  0.00000000E+00,  0.00000000E+00,  0.27354737E+02, -0.11976790E+01
    1464.,  0.00000000E+00,  0.00000000E+00,  0.00000000E+00,  0.00000000E+00,  0.33296743E+02, -0.11976790E+01
    1465.,  0.00000000E+00,  0.00000000E+00,  0.00000000E+00,  0.00000000E+00,  0.41352555E+02, -0.11976790E+01
    1466.,  0.00000000E+00,  0.00000000E+00,  0.00000000E+00,  0.00000000E+00,  0.61596823E+02, -0.11976790E+01
    1467.,  0.00000000E+00,  0.00000000E+00,  0.00000000E+00,  0.00000000E+00,  0.92599862E+02, -0.11976790E+01
    1468.,  0.00000000E+00,  0.00000000E+00,  0.00000000E+00,  0.00000000E+00,  0.13161541E+03, -0.11976790E+01
    1469.,  0.00000000E+00,  0.00000000E+00,  0.00000000E+00,  0.84937247E-04,  0.17959220E+03, -0.11976790E+01
    1470.,  0.00000000E+00,  0.00000000E+00,  0.00000000E+00,  0.73684269E-03,  0.18811619E+03, -0.11976790E+01
    1471.,  0.00000000E+00,  0.00000000E+00,  0.00000000E+00,  0.20526916E-02,  0.19772071E+03, -0.11976790E+01
    1472.,  0.00000000E+00,  0.00000000E+00,  0.00000000E+00,  0.50971973E-02,  0.21543304E+03, -0.11976790E+01
    1473.,  0.00000000E+00,  0.00000000E+00,  0.00000000E+00,  0.99103677E-02,  0.24165232E+03, -0.11976790E+01
    1474.,  0.00000000E+00,  0.00000000E+00,  0.00000000E+00,  0.53560530E-02,  0.21665974E+03, -0.11976790E+01
    1475.,  0.00000000E+00,  0.00000000E+00,  0.00000000E+00,  0.28819576E-02,  0.20424415E+03, -0.11976790E+01
    1476.,  0.00000000E+00,  0.00000000E+00,  0.00000000E+00,  0.21577037E-02,  0.19784550E+03, -0.11976790E+01
    1477.,  0.00000000E+00,  0.00000000E+00,  0.00000000E+00,  0.97812264E-03,  0.18869597E+03, -0.11976790E+01
    1478.,  0.00000000E+00,  0.00000000E+00,  0.00000000E+00,  0.28513649E-03,  0.17320082E+03, -0.11976790E+01
    1479.,  0.00000000E+00,  0.00000000E+00,  0.00000000E+00,  0.99223079E-04,  0.14622451E+03, -0.11976790E+01
    1480.,  0.00000000E+00,  0.00000000E+00,  0.00000000E+00,  0.55886108E-03,  0.18156718E+03, -0.11976790E+01
    1481.,  0.00000000E+00,  0.00000000E+00,  0.00000000E+00,  0.15467475E-02,  0.19504848E+03, -0.11976790E+01
    1482.,  0.00000000E+00,  0.00000000E+00,  0.00000000E+00,  0.22632057E-02,  0.20014576E+03, -0.11976790E+01
    1483.,  0.00000000E+00,  0.00000000E+00,  0.00000000E+00,  0.29426558E-02,  0.20486478E+03, -0.11976790E+01
    1484.,  0.00000000E+00,  0.00000000E+00,  0.00000000E+00,  0.44405973E-02,  0.21408696E+03, -0.11976790E+01
    1485.,  0.00000000E+00,  0.00000000E+00,  0.00000000E+00,  0.60863330E-02,  0.22373202E+03, -0.11976790E+01
    1486.,  0.00000000E+00,  0.00000000E+00,  0.00000000E+00,  0.69940649E-02,  0.22900133E+03, -0.11976790E+01
    1487.,  0.00000000E+00,  0.00000000E+00,  0.00000000E+00,  0.67426710E-02,  0.22618736E+03, -0.11976790E+01
    1488.,  0.00000000E+00,  0.00000000E+00,  0.00000000E+00,  0.67064021E-02,  0.22629647E+03, -0.11976790E+01
    1489.,  0.00000000E+00,  0.00000000E+00,  0.00000000E+00,  0.57177381E-02,  0.21569442E+03, -0.11976790E+01
    1490.,  0.00000000E+00,  0.00000000E+00,  0.00000000E+00,  0.14964056E-02,  0.19218632E+03, -0.11976790E+01
    1491.,  0.00000000E+00,  0.00000000E+00,  0.00000000E+00,  0.38813933E-03,  0.18629079E+03, -0.11976790E+01
    1492.,  0.00000000E+00,  0.00000000E+00,  0.00000000E+00,  0.00000000E+00,  0.15439492E+03, -0.11976790E+01
    1493.,  0.00000000E+00,  0.00000000E+00,  0.00000000E+00,  0.00000000E+00,  0.11655448E+03, -0.11976790E+01
    1494.,  0.00000000E+00,  0.00000000E+00,  0.00000000E+00,  0.00000000E+00,  0.12014458E+03, -0.11976790E+01
    1495.,  0.00000000E+00,  0.00000000E+00,  0.00000000E+00,  0.00000000E+00,  0.13046786E+03, -0.11976790E+01
    1496.,  0.00000000E+00,  0.00000000E+00,  0.00000000E+00,  0.00000000E+00,  0.10157920E+03, -0.11976790E+01
    1497.,  0.00000000E+00,  0.00000000E+00,  0.00000000E+00,  0.00000000E+00,  0.48803929E+02, -0.11976790E+01
    1498.,  0.00000000E+00,  0.00000000E+00,  0.00000000E+00,  0.00000000E+00,  0.14091659E+02, -0.11976790E+01
    1499.,  0.00000000E+00,  0.00000000E+00,  0.00000000E+00,  0.00000000E+00,  0.87772894E+01, -0.11976790E+01
    1500.,  0.00000000E+00,  0.00000000E+00,  0.00000000E+00,  0.00000000E+00,  0.11306982E+02, -0.11976790E+01
    1501.,  0.00000000E+00,  0.00000000E+00,  0.00000000E+00,  0.00000000E+00,  0.13225150E+02, -0.11976790E+01
    1502.,  0.00000000E+00,  0.00000000E+00,  0.00000000E+00,  0.00000000E+00,  0.14548619E+02, -0.11976790E+01
    1503.,  0.00000000E+00,  0.00000000E+00,  0.00000000E+00,  0.00000000E+00,  0.15544276E+02, -0.11976790E+01
    1504.,  0.00000000E+00,  0.00000000E+00,  0.00000000E+00,  0.00000000E+00,  0.16386409E+02, -0.11976790E+01
    1505.,  0.00000000E+00,  0.00000000E+00,  0.00000000E+00,  0.00000000E+00,  0.17024393E+02, -0.11976790E+01
    1506.,  0.00000000E+00,  0.00000000E+00,  0.00000000E+00,  0.00000000E+00,  0.17437493E+02, -0.11976790E+01
    1507.,  0.00000000E+00,  0.00000000E+00,  0.00000000E+00,  0.00000000E+00,  0.17731900E+02, -0.11976790E+01
    1508.,  0.00000000E+00,  0.00000000E+00,  0.00000000E+00,  0.00000000E+00,  0.17732617E+02, -0.11976790E+01
    1509.,  0.00000000E+00,  0.00000000E+00,  0.00000000E+00,  0.00000000E+00,  0.17280195E+02, -0.11976790E+01
    1510.,  0.00000000E+00,  0.00000000E+00,  0.00000000E+00,  0.00000000E+00,  0.16304780E+02, -0.11976790E+01
    1511.,  0.00000000E+00,  0.00000000E+00,  0.00000000E+00,  0.00000000E+00,  0.14956266E+02, -0.11976790E+01
    1512.,  0.00000000E+00,  0.00000000E+00,  0.00000000E+00,  0.00000000E+00,  0.13689897E+02, -0.11976790E+01
    1513.,  0.00000000E+00,  0.00000000E+00,  0.00000000E+00,  0.00000000E+00,  0.13138903E+02, -0.11976790E+01
    1514.,  0.00000000E+00,  0.00000000E+00,  0.00000000E+00,  0.00000000E+00,  0.13650798E+02, -0.11976790E+01
    1515.,  0.00000000E+00,  0.00000000E+00,  0.00000000E+00,  0.00000000E+00,  0.14922779E+02, -0.11976790E+01
    1516.,  0.00000000E+00,  0.00000000E+00,  0.00000000E+00,  0.00000000E+00,  0.16342351E+02, -0.11976790E+01
    1517.,  0.00000000E+00,  0.00000000E+00,  0.00000000E+00,  0.00000000E+00,  0.17491459E+02, -0.11976790E+01
    1518.,  0.00000000E+00,  0.00000000E+00,  0.00000000E+00,  0.00000000E+00,  0.18255933E+02, -0.11976790E+01
    1519.,  0.00000000E+00,  0.00000000E+00,  0.00000000E+00,  0.00000000E+00,  0.18707261E+02, -0.11976790E+01
    1520.,  0.00000000E+00,  0.00000000E+00,  0.00000000E+00,  0.00000000E+00,  0.18893646E+02, -0.11976790E+01
    1521.,  0.00000000E+00,  0.00000000E+00,  0.00000000E+00,  0.00000000E+00,  0.18893258E+02, -0.11976790E+01
    1522.,  0.00000000E+00,  0.00000000E+00,  0.00000000E+00,  0.00000000E+00,  0.19079640E+02, -0.11976790E+01
    1523.,  0.00000000E+00,  0.00000000E+00,  0.00000000E+00,  0.00000000E+00,  0.19370293E+02, -0.11976790E+01
    1524.,  0.00000000E+00,  0.00000000E+00,  0.00000000E+00,  0.00000000E+00,  0.20189171E+02, -0.11976790E+01
    1525.,  0.00000000E+00,  0.00000000E+00,  0.00000000E+00,  0.00000000E+00,  0.23112825E+02, -0.11976790E+01
    1526.,  0.00000000E+00,  0.00000000E+00,  0.00000000E+00,  0.00000000E+00,  0.39054257E+02, -0.11976790E+01
    1527.,  0.00000000E+00,  0.00000000E+00,  0.00000000E+00,  0.00000000E+00,  0.85530503E+02, -0.11976790E+01
    1528.,  0.00000000E+00,  0.00000000E+00,  0.00000000E+00,  0.00000000E+00,  0.14051663E+03, -0.11976790E+01
    1529.,  0.00000000E+00,  0.00000000E+00,  0.00000000E+00,  0.00000000E+00,  0.17372757E+03, -0.11976790E+01
    1530.,  0.00000000E+00,  0.00000000E+00,  0.00000000E+00,  0.92307880E-04,  0.18543177E+03, -0.11976790E+01
    1531.,  0.00000000E+00,  0.00000000E+00,  0.00000000E+00,  0.26718782E-03,  0.18660250E+03, -0.11976790E+01
    1532.,  0.00000000E+00,  0.00000000E+00,  0.00000000E+00,  0.57874218E-03,  0.18852150E+03, -0.11976790E+01
    1533.,  0.00000000E+00,  0.00000000E+00,  0.00000000E+00,  0.12305598E-02,  0.19313044E+03, -0.11976790E+01
    1534.,  0.00000000E+00,  0.00000000E+00,  0.00000000E+00,  0.25661607E-02,  0.19962879E+03, -0.11976790E+01
    1535.,  0.00000000E+00,  0.00000000E+00,  0.00000000E+00,  0.42995586E-02,  0.21273212E+03, -0.11976790E+01
    1536.,  0.00000000E+00,  0.00000000E+00,  0.00000000E+00,  0.90232709E-02,  0.23800281E+03, -0.11976790E+01
    1537.,  0.00000000E+00,  0.00000000E+00,  0.00000000E+00,  0.48647538E-01,  0.34320118E+03, -0.11976790E+01
    1538.,  0.00000000E+00,  0.00000000E+00,  0.00000000E+00,  0.56173584E-01,  0.35657495E+03, -0.11976790E+01
    1539.,  0.00000000E+00,  0.00000000E+00,  0.00000000E+00,  0.63356538E-01,  0.36841645E+03, -0.11976790E+01
    1540.,  0.00000000E+00,  0.00000000E+00,  0.00000000E+00,  0.65669511E-01,  0.37207256E+03, -0.11976790E+01
    1541.,  0.00000000E+00,  0.00000000E+00,  0.00000000E+00,  0.58609746E-01,  0.35968184E+03, -0.11976790E+01
    1542.,  0.00000000E+00,  0.00000000E+00,  0.00000000E+00,  0.40725117E-01,  0.32729301E+03, -0.11976790E+01
    1543.,  0.00000000E+00,  0.00000000E+00,  0.00000000E+00,  0.18704862E-01,  0.27539909E+03, -0.11976790E+01
    1544.,  0.00000000E+00,  0.00000000E+00,  0.00000000E+00,  0.85950670E-02,  0.21934618E+03, -0.11976790E+01
    1545.,  0.00000000E+00,  0.00000000E+00,  0.00000000E+00,  0.26688098E-01,  0.30074592E+03, -0.11976790E+01
    1546.,  0.00000000E+00,  0.00000000E+00,  0.00000000E+00,  0.48056012E-01,  0.34309750E+03, -0.11976790E+01
    1547.,  0.00000000E+00,  0.00000000E+00,  0.00000000E+00,  0.64234605E-01,  0.36975035E+03, -0.11976790E+01
    1548.,  0.00000000E+00,  0.00000000E+00,  0.00000000E+00,  0.78441085E-01,  0.39175037E+03, -0.11976790E+01
    1549.,  0.00000000E+00,  0.00000000E+00,  0.00000000E+00,  0.86154470E-01,  0.40332701E+03, -0.11976790E+01
    1550.,  0.00000000E+00,  0.00000000E+00,  0.00000000E+00,  0.83592666E-01,  0.39945778E+03, -0.11976790E+01
    1551.,  0.00000000E+00,  0.00000000E+00,  0.00000000E+00,  0.74505465E-01,  0.38587423E+03, -0.11976790E+01
    1552.,  0.00000000E+00,  0.00000000E+00,  0.00000000E+00,  0.61974963E-01,  0.36548099E+03, -0.11976790E+01
    1553.,  0.00000000E+00,  0.00000000E+00,  0.00000000E+00,  0.51520782E-01,  0.34836887E+03, -0.11976790E+01
    1554.,  0.00000000E+00,  0.00000000E+00,  0.00000000E+00,  0.43746944E-01,  0.33514782E+03, -0.11976790E+01
    1555.,  0.00000000E+00,  0.00000000E+00,  0.00000000E+00,  0.32407747E-01,  0.31412922E+03, -0.11976790E+01
    1556.,  0.00000000E+00,  0.00000000E+00,  0.00000000E+00,  0.20154077E-01,  0.28372426E+03, -0.11976790E+01
    1557.,  0.00000000E+00,  0.00000000E+00,  0.00000000E+00,  0.10621454E-01,  0.24664978E+03, -0.11976790E+01
    1558.,  0.00000000E+00,  0.00000000E+00,  0.00000000E+00,  0.52558442E-02,  0.21891229E+03, -0.11976790E+01
    1559.,  0.00000000E+00,  0.00000000E+00,  0.00000000E+00,  0.22674750E-02,  0.20016082E+03, -0.11976790E+01
    1560.,  0.00000000E+00,  0.00000000E+00,  0.00000000E+00,  0.49093630E-03,  0.18740395E+03, -0.11976790E+01
    1561.,  0.00000000E+00,  0.00000000E+00,  0.00000000E+00,  0.00000000E+00,  0.11771242E+03, -0.11976790E+01
    1562.,  0.00000000E+00,  0.00000000E+00,  0.00000000E+00,  0.00000000E+00,  0.42230257E+02, -0.11976790E+01
    1563.,  0.00000000E+00,  0.00000000E+00,  0.00000000E+00,  0.00000000E+00,  0.13427362E+02, -0.11976790E+01
    1564.,  0.00000000E+00,  0.00000000E+00,  0.00000000E+00,  0.00000000E+00,  0.10845052E+02, -0.11976790E+01
    1565.,  0.00000000E+00,  0.00000000E+00,  0.00000000E+00,  0.00000000E+00,  0.13000751E+02, -0.11976790E+01
    1566.,  0.00000000E+00,  0.00000000E+00,  0.00000000E+00,  0.00000000E+00,  0.14309506E+02, -0.11976790E+01
    1567.,  0.00000000E+00,  0.00000000E+00,  0.00000000E+00,  0.00000000E+00,  0.15154372E+02, -0.11976790E+01
    1568.,  0.00000000E+00,  0.00000000E+00,  0.00000000E+00,  0.00000000E+00,  0.15736460E+02, -0.11976790E+01
    1569.,  0.00000000E+00,  0.00000000E+00,  0.00000000E+00,  0.00000000E+00,  0.16435786E+02, -0.11976790E+01
    1570.,  0.00000000E+00,  0.00000000E+00,  0.00000000E+00,  0.00000000E+00,  0.17166019E+02, -0.11976790E+01
    1571.,  0.00000000E+00,  0.00000000E+00,  0.00000000E+00,  0.00000000E+00,  0.17741814E+02, -0.11976790E+01
    1572.,  0.00000000E+00,  0.00000000E+00,  0.00000000E+00,  0.00000000E+00,  0.18044719E+02, -0.11976790E+01
    1573.,  0.00000000E+00,  0.00000000E+00,  0.00000000E+00,  0.00000000E+00,  0.17990133E+02, -0.11976790E+01
    1574.,  0.00000000E+00,  0.00000000E+00,  0.00000000E+00,  0.00000000E+00,  0.17601205E+02, -0.11976790E+01
    1575.,  0.00000000E+00,  0.00000000E+00,  0.00000000E+00,  0.00000000E+00,  0.17048773E+02, -0.11976790E+01
    1576.,  0.00000000E+00,  0.00000000E+00,  0.00000000E+00,  0.00000000E+00,  0.16561162E+02, -0.11976790E+01
    1577.,  0.00000000E+00,  0.00000000E+00,  0.00000000E+00,  0.00000000E+00,  0.16295715E+02, -0.11976790E+01
    1578.,  0.00000000E+00,  0.00000000E+00,  0.00000000E+00,  0.00000000E+00,  0.16356102E+02, -0.11976790E+01
    1579.,  0.00000000E+00,  0.00000000E+00,  0.00000000E+00,  0.00000000E+00,  0.16783322E+02, -0.11976790E+01
    1580.,  0.00000000E+00,  0.00000000E+00,  0.00000000E+00,  0.00000000E+00,  0.17448656E+02, -0.11976790E+01
    1581.,  0.00000000E+00,  0.00000000E+00,  0.00000000E+00,  0.00000000E+00,  0.18125006E+02, -0.11976790E+01
    1582.,  0.00000000E+00,  0.00000000E+00,  0.00000000E+00,  0.00000000E+00,  0.18663386E+02, -0.11976790E+01
    1583.,  0.00000000E+00,  0.00000000E+00,  0.00000000E+00,  0.00000000E+00,  0.19038959E+02, -0.11976790E+01
    1584.,  0.00000000E+00,  0.00000000E+00,  0.00000000E+00,  0.00000000E+00,  0.19394455E+02, -0.11976790E+01
    1585.,  0.00000000E+00,  0.00000000E+00,  0.00000000E+00,  0.00000000E+00,  0.19960175E+02, -0.11976790E+01
    1586.,  0.00000000E+00,  0.00000000E+00,  0.00000000E+00,  0.00000000E+00,  0.20325594E+02, -0.11976790E+01
    1587.,  0.00000000E+00,  0.00000000E+00,  0.00000000E+00,  0.00000000E+00,  0.21204952E+02, -0.11976790E+01
    1588.,  0.00000000E+00,  0.00000000E+00,  0.00000000E+00,  0.00000000E+00,  0.24161383E+02, -0.11976790E+01
    1589.,  0.00000000E+00,  0.00000000E+00,  0.00000000E+00,  0.00000000E+00,  0.37307638E+02, -0.11976790E+01
    1590.,  0.00000000E+00,  0.00000000E+00,  0.00000000E+00,  0.00000000E+00,  0.80540955E+02, -0.11976790E+01
    1591.,  0.00000000E+00,  0.00000000E+00,  0.00000000E+00,  0.99885434E-04,  0.16762510E+03, -0.11976790E+01
    1592.,  0.00000000E+00,  0.00000000E+00,  0.00000000E+00,  0.15857763E-02,  0.19523518E+03, -0.11976790E+01
    1593.,  0.00000000E+00,  0.00000000E+00,  0.00000000E+00,  0.55134540E-02,  0.22023735E+03, -0.11976790E+01
    1594.,  0.00000000E+00,  0.00000000E+00,  0.00000000E+00,  0.12290928E-01,  0.25488322E+03, -0.11976790E+01
    1595.,  0.00000000E+00,  0.00000000E+00,  0.00000000E+00,  0.22395635E-01,  0.29217877E+03, -0.11976790E+01
    1596.,  0.00000000E+00,  0.00000000E+00,  0.00000000E+00,  0.35336277E-01,  0.32105913E+03, -0.11976790E+01
    1597.,  0.00000000E+00,  0.00000000E+00,  0.00000000E+00,  0.45800154E-01,  0.33936896E+03, -0.11976790E+01
    1598.,  0.00000000E+00,  0.00000000E+00,  0.00000000E+00,  0.49496585E-01,  0.34572319E+03, -0.11976790E+01
    1599.,  0.00000000E+00,  0.00000000E+00,  0.00000000E+00,  0.48904396E-01,  0.34462472E+03, -0.11976790E+01
    1600.,  0.00000000E+00,  0.00000000E+00,  0.00000000E+00,  0.47021478E-01,  0.34101874E+03, -0.11976790E+01
    1601.,  0.00000000E+00,  0.00000000E+00,  0.00000000E+00,  0.28476100E-02,  0.18333167E+03, -0.11976790E+01
    1602.,  0.00000000E+00,  0.00000000E+00,  0.00000000E+00,  0.52487106E-02,  0.21526190E+03, -0.11976790E+01
    1603.,  0.00000000E+00,  0.00000000E+00,  0.00000000E+00,  0.12727752E-01,  0.25277354E+03, -0.11976790E+01
    1604.,  0.00000000E+00,  0.00000000E+00,  0.00000000E+00,  0.25998204E-01,  0.30162299E+03, -0.11976790E+01
    1605.,  0.00000000E+00,  0.00000000E+00,  0.00000000E+00,  0.38443782E-01,  0.32532399E+03, -0.11976790E+01
    1606.,  0.00000000E+00,  0.00000000E+00,  0.00000000E+00,  0.44919066E-01,  0.33709835E+03, -0.11976790E+01
    1607.,  0.00000000E+00,  0.00000000E+00,  0.00000000E+00,  0.32697795E-01,  0.31474776E+03, -0.11976790E+01
    1608.,  0.00000000E+00,  0.00000000E+00,  0.00000000E+00,  0.16407104E-01,  0.25677259E+03, -0.11976790E+01
    1609.,  0.00000000E+00,  0.00000000E+00,  0.00000000E+00,  0.19698633E-01,  0.27938557E+03, -0.11976790E+01
    1610.,  0.00000000E+00,  0.00000000E+00,  0.00000000E+00,  0.28574334E-01,  0.30876481E+03, -0.11976790E+01
    1611.,  0.00000000E+00,  0.00000000E+00,  0.00000000E+00,  0.29625024E-01,  0.31020720E+03, -0.11976790E+01
    1612.,  0.00000000E+00,  0.00000000E+00,  0.00000000E+00,  0.22618145E-01,  0.29236771E+03, -0.11976790E+01
    1613.,  0.00000000E+00,  0.00000000E+00,  0.00000000E+00,  0.13174969E-01,  0.25553220E+03, -0.11976790E+01
    1614.,  0.00000000E+00,  0.00000000E+00,  0.00000000E+00,  0.63609746E-02,  0.22177045E+03, -0.11976790E+01
    1615.,  0.00000000E+00,  0.00000000E+00,  0.00000000E+00,  0.30298791E-02,  0.19329491E+03, -0.11976790E+01
    1616.,  0.00000000E+00,  0.00000000E+00,  0.00000000E+00,  0.54489424E-02,  0.19255667E+03, -0.11976790E+01
    1617.,  0.00000000E+00,  0.00000000E+00,  0.00000000E+00,  0.14474723E-01,  0.25179915E+03, -0.11976790E+01
    1618.,  0.00000000E+00,  0.00000000E+00,  0.00000000E+00,  0.21873279E-01,  0.28912789E+03, -0.11976790E+01
    1619.,  0.00000000E+00,  0.00000000E+00,  0.00000000E+00,  0.26467567E-01,  0.30421241E+03, -0.11976790E+01
    1620.,  0.00000000E+00,  0.00000000E+00,  0.00000000E+00,  0.23936681E-01,  0.29667195E+03, -0.11976790E+01
    1621.,  0.00000000E+00,  0.00000000E+00,  0.00000000E+00,  0.14744400E-01,  0.26489000E+03, -0.11976790E+01
    1622.,  0.00000000E+00,  0.00000000E+00,  0.00000000E+00,  0.63670547E-02,  0.22475567E+03, -0.11976790E+01
    1623.,  0.00000000E+00,  0.00000000E+00,  0.00000000E+00,  0.22478199E-02,  0.19967278E+03, -0.11976790E+01
    1624.,  0.00000000E+00,  0.00000000E+00,  0.00000000E+00,  0.57356169E-03,  0.18845643E+03, -0.11976790E+01
    1625.,  0.00000000E+00,  0.00000000E+00,  0.00000000E+00,  0.00000000E+00,  0.13933931E+03, -0.11976790E+01
    1626.,  0.00000000E+00,  0.00000000E+00,  0.00000000E+00,  0.00000000E+00,  0.60843195E+02, -0.11976790E+01
    1627.,  0.00000000E+00,  0.00000000E+00,  0.00000000E+00,  0.00000000E+00,  0.23362865E+02, -0.11976790E+01
    1628.,  0.00000000E+00,  0.00000000E+00,  0.00000000E+00,  0.00000000E+00,  0.11932773E+02, -0.11976790E+01
    1629.,  0.00000000E+00,  0.00000000E+00,  0.00000000E+00,  0.00000000E+00,  0.10759554E+02, -0.11976790E+01
    1630.,  0.00000000E+00,  0.00000000E+00,  0.00000000E+00,  0.00000000E+00,  0.11478955E+02, -0.11976790E+01
    1631.,  0.00000000E+00,  0.00000000E+00,  0.00000000E+00,  0.00000000E+00,  0.11963252E+02, -0.11976790E+01
    1632.,  0.00000000E+00,  0.00000000E+00,  0.00000000E+00,  0.00000000E+00,  0.12264390E+02, -0.11976790E+01
    1633.,  0.00000000E+00,  0.00000000E+00,  0.00000000E+00,  0.00000000E+00,  0.13152134E+02, -0.11976790E+01
    1634.,  0.00000000E+00,  0.00000000E+00,  0.00000000E+00,  0.00000000E+00,  0.14634476E+02, -0.11976790E+01
    1635.,  0.00000000E+00,  0.00000000E+00,  0.00000000E+00,  0.00000000E+00,  0.15900047E+02, -0.11976790E+01
    1636.,  0.00000000E+00,  0.00000000E+00,  0.00000000E+00,  0.00000000E+00,  0.16876676E+02, -0.11976790E+01
    1637.,  0.00000000E+00,  0.00000000E+00,  0.00000000E+00,  0.00000000E+00,  0.17543439E+02, -0.11976790E+01
    1638.,  0.00000000E+00,  0.00000000E+00,  0.00000000E+00,  0.00000000E+00,  0.17993420E+02, -0.11976790E+01
    1639.,  0.00000000E+00,  0.00000000E+00,  0.00000000E+00,  0.00000000E+00,  0.18375823E+02, -0.11976790E+01
    1640.,  0.00000000E+00,  0.00000000E+00,  0.00000000E+00,  0.00000000E+00,  0.18707415E+02, -0.11976790E+01
    1641.,  0.00000000E+00,  0.00000000E+00,  0.00000000E+00,  0.00000000E+00,  0.18855548E+02, -0.11976790E+01
    1642.,  0.00000000E+00,  0.00000000E+00,  0.00000000E+00,  0.00000000E+00,  0.18799125E+02, -0.11976790E+01
    1643.,  0.00000000E+00,  0.00000000E+00,  0.00000000E+00,  0.00000000E+00,  0.18721333E+02, -0.11976790E+01
    1644.,  0.00000000E+00,  0.00000000E+00,  0.00000000E+00,  0.00000000E+00,  0.18767381E+02, -0.11976790E+01
    1645.,  0.00000000E+00,  0.00000000E+00,  0.00000000E+00,  0.00000000E+00,  0.18881786E+02, -0.11976790E+01
    1646.,  0.00000000E+00,  0.00000000E+00,  0.00000000E+00,  0.00000000E+00,  0.18911258E+02, -0.11976790E+01
    1647.,  0.00000000E+00,  0.00000000E+00,  0.00000000E+00,  0.00000000E+00,  0.18761296E+02, -0.11976790E+01
    1648.,  0.00000000E+00,  0.00000000E+00,  0.00000000E+00,  0.00000000E+00,  0.18301759E+02, -0.11976790E+01
    1649.,  0.00000000E+00,  0.00000000E+00,  0.00000000E+00,  0.00000000E+00,  0.18251738E+02, -0.11976790E+01
    1650.,  0.00000000E+00,  0.00000000E+00,  0.00000000E+00,  0.00000000E+00,  0.19056673E+02, -0.11976790E+01
    1651.,  0.00000000E+00,  0.00000000E+00,  0.00000000E+00,  0.00000000E+00,  0.20511820E+02, -0.11976790E+01
    1652.,  0.00000000E+00,  0.00000000E+00,  0.00000000E+00,  0.00000000E+00,  0.25262975E+02, -0.11976790E+01
    1653.,  0.00000000E+00,  0.00000000E+00,  0.00000000E+00,  0.00000000E+00,  0.41358959E+02, -0.11976790E+01
    1654.,  0.00000000E+00,  0.00000000E+00,  0.00000000E+00,  0.00000000E+00,  0.84651584E+02, -0.11976790E+01
    1655.,  0.00000000E+00,  0.00000000E+00,  0.00000000E+00,  0.59048574E-04,  0.17151056E+03, -0.11976790E+01
    1656.,  0.00000000E+00,  0.00000000E+00,  0.00000000E+00,  0.10979365E-02,  0.19240185E+03, -0.11976790E+01
    1657.,  0.00000000E+00,  0.00000000E+00,  0.00000000E+00,  0.38131159E-02,  0.20992059E+03, -0.11976790E+01
    1658.,  0.00000000E+00,  0.00000000E+00,  0.00000000E+00,  0.97189447E-02,  0.24258274E+03, -0.11976790E+01
    1659.,  0.00000000E+00,  0.00000000E+00,  0.00000000E+00,  0.18537857E-01,  0.27984004E+03, -0.11976790E+01
    1660.,  0.00000000E+00,  0.00000000E+00,  0.00000000E+00,  0.23649763E-01,  0.29585136E+03, -0.11976790E+01
    1661.,  0.00000000E+00,  0.00000000E+00,  0.00000000E+00,  0.19987098E-01,  0.28235691E+03, -0.11976790E+01
    1662.,  0.00000000E+00,  0.00000000E+00,  0.00000000E+00,  0.12331690E-01,  0.24825523E+03, -0.11976790E+01
    1663.,  0.00000000E+00,  0.00000000E+00,  0.00000000E+00,  0.67016915E-02,  0.20297887E+03, -0.11976790E+01
    1664.,  0.00000000E+00,  0.00000000E+00,  0.00000000E+00,  0.33907199E-02,  0.19779818E+03, -0.11976790E+01
    1665.,  0.00000000E+00,  0.00000000E+00,  0.00000000E+00,  0.70633933E-03,  0.17490081E+03, -0.11976790E+01
    1666.,  0.00000000E+00,  0.00000000E+00,  0.00000000E+00,  0.61536832E-03,  0.14080698E+03, -0.11976790E+01
    1667.,  0.00000000E+00,  0.00000000E+00,  0.00000000E+00,  0.52158663E-02,  0.21810833E+03, -0.11976790E+01
    1668.,  0.00000000E+00,  0.00000000E+00,  0.00000000E+00,  0.14051719E-01,  0.25920665E+03, -0.11976790E+01
    1669.,  0.00000000E+00,  0.00000000E+00,  0.00000000E+00,  0.24842175E-01,  0.29901412E+03, -0.11976790E+01
    1670.,  0.00000000E+00,  0.00000000E+00,  0.00000000E+00,  0.37679671E-01,  0.32325363E+03, -0.11976790E+01
    1671.,  0.00000000E+00,  0.00000000E+00,  0.00000000E+00,  0.41157400E-01,  0.33094901E+03, -0.11976790E+01
    1672.,  0.00000000E+00,  0.00000000E+00,  0.00000000E+00,  0.26898293E-01,  0.29524635E+03, -0.11976790E+01
    1673.,  0.00000000E+00,  0.00000000E+00,  0.00000000E+00,  0.22375470E-01,  0.28200147E+03, -0.11976790E+01
    1674.,  0.00000000E+00,  0.00000000E+00,  0.00000000E+00,  0.25951697E-01,  0.30207269E+03, -0.11976790E+01
    1675.,  0.00000000E+00,  0.00000000E+00,  0.00000000E+00,  0.21922268E-01,  0.29081753E+03, -0.11976790E+01
    1676.,  0.00000000E+00,  0.00000000E+00,  0.00000000E+00,  0.12442726E-01,  0.25397521E+03, -0.11976790E+01
    1677.,  0.00000000E+00,  0.00000000E+00,  0.00000000E+00,  0.52473947E-02,  0.21885331E+03, -0.11976790E+01
    1678.,  0.00000000E+00,  0.00000000E+00,  0.00000000E+00,  0.31107342E-02,  0.20419184E+03, -0.11976790E+01
    1679.,  0.00000000E+00,  0.00000000E+00,  0.00000000E+00,  0.39616124E-02,  0.20328123E+03, -0.11976790E+01
    1680.,  0.00000000E+00,  0.00000000E+00,  0.00000000E+00,  0.40836690E-02,  0.20917879E+03, -0.11976790E+01
    1681.,  0.00000000E+00,  0.00000000E+00,  0.00000000E+00,  0.29160520E-02,  0.20433410E+03, -0.11976790E+01
    1682.,  0.00000000E+00,  0.00000000E+00,  0.00000000E+00,  0.81920538E-02,  0.23038949E+03, -0.11976790E+01
    1683.,  0.00000000E+00,  0.00000000E+00,  0.00000000E+00,  0.16266463E-01,  0.27066254E+03, -0.11976790E+01
    1684.,  0.00000000E+00,  0.00000000E+00,  0.00000000E+00,  0.21074631E-01,  0.28868700E+03, -0.11976790E+01
    1685.,  0.00000000E+00,  0.00000000E+00,  0.00000000E+00,  0.16870577E-01,  0.27369908E+03, -0.11976790E+01
    1686.,  0.00000000E+00,  0.00000000E+00,  0.00000000E+00,  0.85945750E-02,  0.23657223E+03, -0.11976790E+01
    1687.,  0.00000000E+00,  0.00000000E+00,  0.00000000E+00,  0.30959136E-02,  0.20456940E+03, -0.11976790E+01
    1688.,  0.00000000E+00,  0.00000000E+00,  0.00000000E+00,  0.73386364E-03,  0.18965836E+03, -0.11976790E+01
    1689.,  0.00000000E+00,  0.00000000E+00,  0.00000000E+00,  0.00000000E+00,  0.15534741E+03, -0.11976790E+01
    1690.,  0.00000000E+00,  0.00000000E+00,  0.00000000E+00,  0.00000000E+00,  0.70326266E+02, -0.11976790E+01
    1691.,  0.00000000E+00,  0.00000000E+00,  0.00000000E+00,  0.00000000E+00,  0.30561361E+02, -0.11976790E+01
    1692.,  0.00000000E+00,  0.00000000E+00,  0.00000000E+00,  0.00000000E+00,  0.14923021E+02, -0.11976790E+01
    1693.,  0.00000000E+00,  0.00000000E+00,  0.00000000E+00,  0.00000000E+00,  0.10727973E+02, -0.11976790E+01
    1694.,  0.00000000E+00,  0.00000000E+00,  0.00000000E+00,  0.00000000E+00,  0.97093822E+01, -0.11976790E+01
    1695.,  0.00000000E+00,  0.00000000E+00,  0.00000000E+00,  0.00000000E+00,  0.94795142E+01, -0.11976790E+01
    1696.,  0.00000000E+00,  0.00000000E+00,  0.00000000E+00,  0.00000000E+00,  0.89638486E+01, -0.11976790E+01
    1697.,  0.00000000E+00,  0.00000000E+00,  0.00000000E+00,  0.00000000E+00,  0.95088192E+01, -0.11976790E+01
    1698.,  0.00000000E+00,  0.00000000E+00,  0.00000000E+00,  0.00000000E+00,  0.11439846E+02, -0.11976790E+01
    1699.,  0.00000000E+00,  0.00000000E+00,  0.00000000E+00,  0.00000000E+00,  0.13390768E+02, -0.11976790E+01
    1700.,  0.00000000E+00,  0.00000000E+00,  0.00000000E+00,  0.00000000E+00,  0.15188769E+02, -0.11976790E+01
    1701.,  0.00000000E+00,  0.00000000E+00,  0.00000000E+00,  0.00000000E+00,  0.16846209E+02, -0.11976790E+01
    1702.,  0.00000000E+00,  0.00000000E+00,  0.00000000E+00,  0.00000000E+00,  0.18479576E+02, -0.11976790E+01
    1703.,  0.00000000E+00,  0.00000000E+00,  0.00000000E+00,  0.00000000E+00,  0.20093119E+02, -0.11976790E+01
    1704.,  0.00000000E+00,  0.00000000E+00,  0.00000000E+00,  0.00000000E+00,  0.21386748E+02, -0.11976790E+01
    1705.,  0.00000000E+00,  0.00000000E+00,  0.00000000E+00,  0.00000000E+00,  0.21932735E+02, -0.11976790E+01
    1706.,  0.00000000E+00,  0.00000000E+00,  0.00000000E+00,  0.00000000E+00,  0.21597858E+02, -0.11976790E+01
    1707.,  0.00000000E+00,  0.00000000E+00,  0.00000000E+00,  0.00000000E+00,  0.20667256E+02, -0.11976790E+01
    1708.,  0.00000000E+00,  0.00000000E+00,  0.00000000E+00,  0.00000000E+00,  0.19549077E+02, -0.11976790E+01
    1709.,  0.00000000E+00,  0.00000000E+00,  0.00000000E+00,  0.00000000E+00,  0.18434009E+02, -0.11976790E+01
    1710.,  0.00000000E+00,  0.00000000E+00,  0.00000000E+00,  0.00000000E+00,  0.17237681E+02, -0.11976790E+01
    1711.,  0.00000000E+00,  0.00000000E+00,  0.00000000E+00,  0.00000000E+00,  0.15678994E+02, -0.11976790E+01
    1712.,  0.00000000E+00,  0.00000000E+00,  0.00000000E+00,  0.00000000E+00,  0.13428432E+02, -0.11976790E+01
    1713.,  0.00000000E+00,  0.00000000E+00,  0.00000000E+00,  0.00000000E+00,  0.12933589E+02, -0.11976790E+01
    1714.,  0.00000000E+00,  0.00000000E+00,  0.00000000E+00,  0.00000000E+00,  0.14491567E+02, -0.11976790E+01
    1715.,  0.00000000E+00,  0.00000000E+00,  0.00000000E+00,  0.00000000E+00,  0.16951795E+02, -0.11976790E+01
    1716.,  0.00000000E+00,  0.00000000E+00,  0.00000000E+00,  0.00000000E+00,  0.23180330E+02, -0.11976790E+01
    1717.,  0.00000000E+00,  0.00000000E+00,  0.00000000E+00,  0.00000000E+00,  0.40562170E+02, -0.11976790E+01
    1718.,  0.00000000E+00,  0.00000000E+00,  0.00000000E+00,  0.00000000E+00,  0.83693260E+02, -0.11976790E+01
    1719.,  0.00000000E+00,  0.00000000E+00,  0.00000000E+00,  0.11661088E-04,  0.17262440E+03, -0.11976790E+01
    1720.,  0.00000000E+00,  0.00000000E+00,  0.00000000E+00,  0.96912323E-03,  0.19149587E+03, -0.11976790E+01
    1721.,  0.00000000E+00,  0.00000000E+00,  0.00000000E+00,  0.37402990E-02,  0.20958117E+03, -0.11976790E+01
    1722.,  0.00000000E+00,  0.00000000E+00,  0.00000000E+00,  0.98379501E-02,  0.24348616E+03, -0.11976790E+01
    1723.,  0.00000000E+00,  0.00000000E+00,  0.00000000E+00,  0.16916204E-01,  0.27423687E+03, -0.11976790E+01
    1724.,  0.00000000E+00,  0.00000000E+00,  0.00000000E+00,  0.18040123E-01,  0.27766652E+03, -0.11976790E+01
    1725.,  0.00000000E+00,  0.00000000E+00,  0.00000000E+00,  0.12244117E-01,  0.25268477E+03, -0.11976790E+01
    1726.,  0.00000000E+00,  0.00000000E+00,  0.00000000E+00,  0.60325016E-02,  0.21866720E+03, -0.11976790E+01
    1727.,  0.00000000E+00,  0.00000000E+00,  0.00000000E+00,  0.20742489E-02,  0.17740907E+03, -0.11976790E+01
    1728.,  0.00000000E+00,  0.00000000E+00,  0.00000000E+00,  0.42400329E-03,  0.17401473E+03, -0.11976790E+01
    1729.,  0.00000000E+00,  0.00000000E+00,  0.00000000E+00,  0.18359851E-02,  0.19211373E+03, -0.11976790E+01
    1730.,  0.00000000E+00,  0.00000000E+00,  0.00000000E+00,  0.28581288E-02,  0.18876852E+03, -0.11976790E+01
    1731.,  0.00000000E+00,  0.00000000E+00,  0.00000000E+00,  0.26417579E-02,  0.17095585E+03, -0.11976790E+01
    1732.,  0.00000000E+00,  0.00000000E+00,  0.00000000E+00,  0.10421999E-01,  0.24482356E+03, -0.11976790E+01
    1733.,  0.00000000E+00,  0.00000000E+00,  0.00000000E+00,  0.17157904E-01,  0.26475755E+03, -0.11976790E+01
    1734.,  0.00000000E+00,  0.00000000E+00,  0.00000000E+00,  0.28790078E-01,  0.30810578E+03, -0.11976790E+01
    1735.,  0.00000000E+00,  0.00000000E+00,  0.00000000E+00,  0.34104372E-01,  0.31728728E+03, -0.11976790E+01
    1736.,  0.00000000E+00,  0.00000000E+00,  0.00000000E+00,  0.30726088E-01,  0.31000661E+03, -0.11976790E+01
    1737.,  0.00000000E+00,  0.00000000E+00,  0.00000000E+00,  0.23973191E-01,  0.28872988E+03, -0.11976790E+01
    1738.,  0.00000000E+00,  0.00000000E+00,  0.00000000E+00,  0.28012890E-01,  0.30713425E+03, -0.11976790E+01
    1739.,  0.00000000E+00,  0.00000000E+00,  0.00000000E+00,  0.20464816E-01,  0.28289146E+03, -0.11976790E+01
    1740.,  0.00000000E+00,  0.00000000E+00,  0.00000000E+00,  0.78814689E-02,  0.23321401E+03, -0.11976790E+01
    1741.,  0.00000000E+00,  0.00000000E+00,  0.00000000E+00,  0.51844026E-02,  0.21286636E+03, -0.11976790E+01
    1742.,  0.00000000E+00,  0.00000000E+00,  0.00000000E+00,  0.48955556E-02,  0.20519139E+03, -0.11976790E+01
    1743.,  0.00000000E+00,  0.00000000E+00,  0.00000000E+00,  0.43426117E-02,  0.20606336E+03, -0.11976790E+01
    1744.,  0.00000000E+00,  0.00000000E+00,  0.00000000E+00,  0.17091997E-02,  0.18721860E+03, -0.11976790E+01
    1745.,  0.00000000E+00,  0.00000000E+00,  0.00000000E+00,  0.17665408E-02,  0.19387875E+03, -0.11976790E+01
    1746.,  0.00000000E+00,  0.00000000E+00,  0.00000000E+00,  0.27182635E-02,  0.20340147E+03, -0.11976790E+01
    1747.,  0.00000000E+00,  0.00000000E+00,  0.00000000E+00,  0.79721580E-02,  0.23174740E+03, -0.11976790E+01
    1748.,  0.00000000E+00,  0.00000000E+00,  0.00000000E+00,  0.15702823E-01,  0.26929720E+03, -0.11976790E+01
    1749.,  0.00000000E+00,  0.00000000E+00,  0.00000000E+00,  0.16676222E-01,  0.27340434E+03, -0.11976790E+01
    1750.,  0.00000000E+00,  0.00000000E+00,  0.00000000E+00,  0.10650124E-01,  0.24674534E+03, -0.11976790E+01
    1751.,  0.00000000E+00,  0.00000000E+00,  0.00000000E+00,  0.42076608E-02,  0.21124462E+03, -0.11976790E+01
    1752.,  0.00000000E+00,  0.00000000E+00,  0.00000000E+00,  0.95045750E-03,  0.19082821E+03, -0.11976790E+01
    1753.,  0.00000000E+00,  0.00000000E+00,  0.00000000E+00,  0.00000000E+00,  0.16102721E+03, -0.11976790E+01
    1754.,  0.00000000E+00,  0.00000000E+00,  0.00000000E+00,  0.00000000E+00,  0.76151835E+02, -0.11976790E+01
    1755.,  0.00000000E+00,  0.00000000E+00,  0.00000000E+00,  0.00000000E+00,  0.33970055E+02, -0.11976790E+01
    1756.,  0.00000000E+00,  0.00000000E+00,  0.00000000E+00,  0.00000000E+00,  0.16852607E+02, -0.11976790E+01
    1757.,  0.00000000E+00,  0.00000000E+00,  0.00000000E+00,  0.00000000E+00,  0.10550977E+02, -0.11976790E+01
    1758.,  0.00000000E+00,  0.00000000E+00,  0.00000000E+00,  0.00000000E+00,  0.84977469E+01, -0.11976790E+01
    1759.,  0.00000000E+00,  0.00000000E+00,  0.00000000E+00,  0.00000000E+00,  0.70803403E+01, -0.11976790E+01
    1760.,  0.00000000E+00,  0.00000000E+00,  0.00000000E+00,  0.00000000E+00,  0.57451902E+01, -0.11976790E+01
    1761.,  0.00000000E+00,  0.00000000E+00,  0.00000000E+00,  0.00000000E+00,  0.59374710E+01, -0.11976790E+01
    1762.,  0.00000000E+00,  0.00000000E+00,  0.00000000E+00,  0.00000000E+00,  0.80857713E+01, -0.11976790E+01
    1763.,  0.00000000E+00,  0.00000000E+00,  0.00000000E+00,  0.00000000E+00,  0.10506129E+02, -0.11976790E+01
    1764.,  0.00000000E+00,  0.00000000E+00,  0.00000000E+00,  0.00000000E+00,  0.13138027E+02, -0.11976790E+01
    1765.,  0.00000000E+00,  0.00000000E+00,  0.00000000E+00,  0.00000000E+00,  0.16017613E+02, -0.11976790E+01
    1766.,  0.00000000E+00,  0.00000000E+00,  0.00000000E+00,  0.00000000E+00,  0.19171058E+02, -0.11976790E+01
    1767.,  0.00000000E+00,  0.00000000E+00,  0.00000000E+00,  0.00000000E+00,  0.22287356E+02, -0.11976790E+01
    1768.,  0.00000000E+00,  0.00000000E+00,  0.00000000E+00,  0.00000000E+00,  0.24667154E+02, -0.11976790E+01
    1769.,  0.00000000E+00,  0.00000000E+00,  0.00000000E+00,  0.00000000E+00,  0.25602781E+02, -0.11976790E+01
    1770.,  0.00000000E+00,  0.00000000E+00,  0.00000000E+00,  0.00000000E+00,  0.24851287E+02, -0.11976790E+01
    1771.,  0.00000000E+00,  0.00000000E+00,  0.00000000E+00,  0.00000000E+00,  0.22751422E+02, -0.11976790E+01
    1772.,  0.00000000E+00,  0.00000000E+00,  0.00000000E+00,  0.00000000E+00,  0.19935108E+02, -0.11976790E+01
    1773.,  0.00000000E+00,  0.00000000E+00,  0.00000000E+00,  0.00000000E+00,  0.16946351E+02, -0.11976790E+01
    1774.,  0.00000000E+00,  0.00000000E+00,  0.00000000E+00,  0.00000000E+00,  0.13944204E+02, -0.11976790E+01
    1775.,  0.00000000E+00,  0.00000000E+00,  0.00000000E+00,  0.00000000E+00,  0.10754167E+02, -0.11976790E+01
    1776.,  0.00000000E+00,  0.00000000E+00,  0.00000000E+00,  0.00000000E+00,  0.72769352E+01, -0.11976790E+01
    1777.,  0.00000000E+00,  0.00000000E+00,  0.00000000E+00,  0.00000000E+00,  0.67375467E+01, -0.11976790E+01
    1778.,  0.00000000E+00,  0.00000000E+00,  0.00000000E+00,  0.00000000E+00,  0.88983271E+01, -0.11976790E+01
    1779.,  0.00000000E+00,  0.00000000E+00,  0.00000000E+00,  0.00000000E+00,  0.12147517E+02, -0.11976790E+01
    1780.,  0.00000000E+00,  0.00000000E+00,  0.00000000E+00,  0.00000000E+00,  0.20083334E+02, -0.11976790E+01
    1781.,  0.00000000E+00,  0.00000000E+00,  0.00000000E+00,  0.00000000E+00,  0.38246883E+02, -0.11976790E+01
    1782.,  0.00000000E+00,  0.00000000E+00,  0.00000000E+00,  0.00000000E+00,  0.78968808E+02, -0.11976790E+01
    1783.,  0.00000000E+00,  0.00000000E+00,  0.00000000E+00,  0.00000000E+00,  0.16611804E+03, -0.11976790E+01
    1784.,  0.00000000E+00,  0.00000000E+00,  0.00000000E+00,  0.86853010E-03,  0.19065916E+03, -0.11976790E+01
    1785.,  0.00000000E+00,  0.00000000E+00,  0.00000000E+00,  0.37359875E-02,  0.20961108E+03, -0.11976790E+01
    1786.,  0.00000000E+00,  0.00000000E+00,  0.00000000E+00,  0.94884695E-02,  0.24205286E+03, -0.11976790E+01
    1787.,  0.00000000E+00,  0.00000000E+00,  0.00000000E+00,  0.15099662E-01,  0.26721194E+03, -0.11976790E+01
    1788.,  0.00000000E+00,  0.00000000E+00,  0.00000000E+00,  0.14290205E-01,  0.26335589E+03, -0.11976790E+01
    1789.,  0.00000000E+00,  0.00000000E+00,  0.00000000E+00,  0.83009594E-02,  0.23453244E+03, -0.11976790E+01
    1790.,  0.00000000E+00,  0.00000000E+00,  0.00000000E+00,  0.29722897E-02,  0.19482735E+03, -0.11976790E+01
    1791.,  0.00000000E+00,  0.00000000E+00,  0.00000000E+00,  0.15188033E-03,  0.17012255E+03, -0.11976790E+01
    1792.,  0.00000000E+00,  0.00000000E+00,  0.00000000E+00,  0.14056760E-03,  0.15249239E+03, -0.11976790E+01
    1793.,  0.00000000E+00,  0.00000000E+00,  0.00000000E+00,  0.70568961E-02,  0.22659710E+03, -0.11976790E+01
    1794.,  0.00000000E+00,  0.00000000E+00,  0.00000000E+00,  0.12563869E-01,  0.24750278E+03, -0.11976790E+01
    1795.,  0.00000000E+00,  0.00000000E+00,  0.00000000E+00,  0.17178092E-01,  0.25725362E+03, -0.11976790E+01
    1796.,  0.00000000E+00,  0.00000000E+00,  0.00000000E+00,  0.11750456E-01,  0.12235626E+03, -0.11976790E+01
    1797.,  0.00000000E+00,  0.00000000E+00,  0.00000000E+00,  0.18116440E-01,  0.24589676E+03, -0.11976790E+01
    1798.,  0.00000000E+00,  0.00000000E+00,  0.00000000E+00,  0.27247579E-01,  0.30415323E+03, -0.11976790E+01
    1799.,  0.00000000E+00,  0.00000000E+00,  0.00000000E+00,  0.27805167E-01,  0.30538403E+03, -0.11976790E+01
    1800.,  0.00000000E+00,  0.00000000E+00,  0.00000000E+00,  0.23726872E-01,  0.27618358E+03, -0.11976790E+01
    1801.,  0.00000000E+00,  0.00000000E+00,  0.00000000E+00,  0.32183453E-01,  0.26011616E+03, -0.11976790E+01
    1802.,  0.00000000E+00,  0.00000000E+00,  0.00000000E+00,  0.33746909E-01,  0.31602955E+03, -0.11976790E+01
    1803.,  0.00000000E+00,  0.00000000E+00,  0.00000000E+00,  0.22766479E-01,  0.28931865E+03, -0.11976790E+01
    1804.,  0.00000000E+00,  0.00000000E+00,  0.00000000E+00,  0.14971685E-01,  0.25952001E+03, -0.11976790E+01
    1805.,  0.00000000E+00,  0.00000000E+00,  0.00000000E+00,  0.91971117E-02,  0.23096744E+03, -0.11976790E+01
    1806.,  0.00000000E+00,  0.00000000E+00,  0.00000000E+00,  0.70743940E-02,  0.21908242E+03, -0.11976790E+01
    1807.,  0.00000000E+00,  0.00000000E+00,  0.00000000E+00,  0.23671190E-02,  0.17428897E+03, -0.11976790E+01
    1808.,  0.00000000E+00,  0.00000000E+00,  0.00000000E+00,  0.95138386E-04,  0.13455756E+03, -0.11976790E+01
    1809.,  0.00000000E+00,  0.00000000E+00,  0.00000000E+00,  0.42081001E-03,  0.17720989E+03, -0.11976790E+01
    1810.,  0.00000000E+00,  0.00000000E+00,  0.00000000E+00,  0.17311124E-02,  0.19310435E+03, -0.11976790E+01
    1811.,  0.00000000E+00,  0.00000000E+00,  0.00000000E+00,  0.40907142E-02,  0.21130045E+03, -0.11976790E+01
    1812.,  0.00000000E+00,  0.00000000E+00,  0.00000000E+00,  0.11227544E-01,  0.24886818E+03, -0.11976790E+01
    1813.,  0.00000000E+00,  0.00000000E+00,  0.00000000E+00,  0.17002309E-01,  0.27448798E+03, -0.11976790E+01
    1814.,  0.00000000E+00,  0.00000000E+00,  0.00000000E+00,  0.13564410E-01,  0.26000548E+03, -0.11976790E+01
    1815.,  0.00000000E+00,  0.00000000E+00,  0.00000000E+00,  0.56385437E-02,  0.21972912E+03, -0.11976790E+01
    1816.,  0.00000000E+00,  0.00000000E+00,  0.00000000E+00,  0.11244151E-02,  0.19213783E+03, -0.11976790E+01
    1817.,  0.00000000E+00,  0.00000000E+00,  0.00000000E+00,  0.00000000E+00,  0.16866422E+03, -0.11976790E+01
    1818.,  0.00000000E+00,  0.00000000E+00,  0.00000000E+00,  0.00000000E+00,  0.78498148E+02, -0.11976790E+01
    1819.,  0.00000000E+00,  0.00000000E+00,  0.00000000E+00,  0.00000000E+00,  0.36055294E+02, -0.11976790E+01
    1820.,  0.00000000E+00,  0.00000000E+00,  0.00000000E+00,  0.00000000E+00,  0.16898490E+02, -0.11976790E+01
    1821.,  0.00000000E+00,  0.00000000E+00,  0.00000000E+00,  0.00000000E+00,  0.10130687E+02, -0.11976790E+01
    1822.,  0.00000000E+00,  0.00000000E+00,  0.00000000E+00,  0.00000000E+00,  0.67890067E+01, -0.11976790E+01
    1823.,  0.00000000E+00,  0.00000000E+00,  0.00000000E+00,  0.00000000E+00,  0.45701017E+01, -0.11976790E+01
    1824.,  0.00000000E+00,  0.00000000E+00,  0.00000000E+00,  0.00000000E+00,  0.25934640E+01, -0.11976790E+01
    1825.,  0.00000000E+00,  0.00000000E+00,  0.00000000E+00,  0.00000000E+00,  0.25556754E+01, -0.11976790E+01
    1826.,  0.00000000E+00,  0.00000000E+00,  0.00000000E+00,  0.00000000E+00,  0.47170612E+01, -0.11976790E+01
    1827.,  0.00000000E+00,  0.00000000E+00,  0.00000000E+00,  0.00000000E+00,  0.74135953E+01, -0.11976790E+01
    1828.,  0.00000000E+00,  0.00000000E+00,  0.00000000E+00,  0.00000000E+00,  0.10856501E+02, -0.11976790E+01
    1829.,  0.00000000E+00,  0.00000000E+00,  0.00000000E+00,  0.00000000E+00,  0.15213302E+02, -0.11976790E+01
    1830.,  0.00000000E+00,  0.00000000E+00,  0.00000000E+00,  0.00000000E+00,  0.20220507E+02, -0.11976790E+01
    1831.,  0.00000000E+00,  0.00000000E+00,  0.00000000E+00,  0.00000000E+00,  0.25085840E+02, -0.11976790E+01
    1832.,  0.00000000E+00,  0.00000000E+00,  0.00000000E+00,  0.00000000E+00,  0.28675209E+02, -0.11976790E+01
    1833.,  0.00000000E+00,  0.00000000E+00,  0.00000000E+00,  0.00000000E+00,  0.30007287E+02, -0.11976790E+01
    1834.,  0.00000000E+00,  0.00000000E+00,  0.00000000E+00,  0.00000000E+00,  0.28720078E+02, -0.11976790E+01
    1835.,  0.00000000E+00,  0.00000000E+00,  0.00000000E+00,  0.00000000E+00,  0.25161156E+02, -0.11976790E+01
    1836.,  0.00000000E+00,  0.00000000E+00,  0.00000000E+00,  0.00000000E+00,  0.20148387E+02, -0.11976790E+01
    1837.,  0.00000000E+00,  0.00000000E+00,  0.00000000E+00,  0.00000000E+00,  0.14640003E+02, -0.11976790E+01
    1838.,  0.00000000E+00,  0.00000000E+00,  0.00000000E+00,  0.00000000E+00,  0.94831236E+01, -0.11976790E+01
    1839.,  0.00000000E+00,  0.00000000E+00,  0.00000000E+00,  0.00000000E+00,  0.51779261E+01, -0.11976790E+01
    1840.,  0.00000000E+00,  0.00000000E+00,  0.00000000E+00,  0.00000000E+00,  0.19424659E+01, -0.11976790E+01
    1841.,  0.00000000E+00,  0.00000000E+00,  0.00000000E+00,  0.00000000E+00,  0.20877930E+01, -0.11976790E+01
    1842.,  0.00000000E+00,  0.00000000E+00,  0.00000000E+00,  0.00000000E+00,  0.42417709E+01, -0.11976790E+01
    1843.,  0.00000000E+00,  0.00000000E+00,  0.00000000E+00,  0.00000000E+00,  0.83348103E+01, -0.11976790E+01
    1844.,  0.00000000E+00,  0.00000000E+00,  0.00000000E+00,  0.00000000E+00,  0.17916768E+02, -0.11976790E+01
    1845.,  0.00000000E+00,  0.00000000E+00,  0.00000000E+00,  0.00000000E+00,  0.37130611E+02, -0.11976790E+01
    1846.,  0.00000000E+00,  0.00000000E+00,  0.00000000E+00,  0.00000000E+00,  0.76237957E+02, -0.11976790E+01
    1847.,  0.00000000E+00,  0.00000000E+00,  0.00000000E+00,  0.00000000E+00,  0.15682444E+03, -0.11976790E+01
    1848.,  0.00000000E+00,  0.00000000E+00,  0.00000000E+00,  0.79655781E-03,  0.18952118E+03, -0.11976790E+01
    1849.,  0.00000000E+00,  0.00000000E+00,  0.00000000E+00,  0.33752842E-02,  0.20686148E+03, -0.11976790E+01
    1850.,  0.00000000E+00,  0.00000000E+00,  0.00000000E+00,  0.83748946E-02,  0.23580640E+03, -0.11976790E+01
    1851.,  0.00000000E+00,  0.00000000E+00,  0.00000000E+00,  0.12701310E-01,  0.25668232E+03, -0.11976790E+01
    1852.,  0.00000000E+00,  0.00000000E+00,  0.00000000E+00,  0.11196997E-01,  0.24950097E+03, -0.11976790E+01
    1853.,  0.00000000E+00,  0.00000000E+00,  0.00000000E+00,  0.53192779E-02,  0.21529296E+03, -0.11976790E+01
    1854.,  0.00000000E+00,  0.00000000E+00,  0.00000000E+00,  0.12365007E-02,  0.18960842E+03, -0.11976790E+01
    1855.,  0.00000000E+00,  0.00000000E+00,  0.00000000E+00,  0.15194400E-03,  0.17584169E+03, -0.11976790E+01
    1856.,  0.00000000E+00,  0.00000000E+00,  0.00000000E+00,  0.49684297E-02,  0.20334768E+03, -0.11976790E+01
    1857.,  0.00000000E+00,  0.00000000E+00,  0.00000000E+00,  0.60482640E-01,  0.36355383E+03, -0.11976790E+01
    1858.,  0.00000000E+00,  0.00000000E+00,  0.00000000E+00,  0.59214367E-01,  0.36074297E+03, -0.11976790E+01
    1859.,  0.00000000E+00,  0.00000000E+00,  0.00000000E+00,  0.79705819E-01,  0.38918580E+03, -0.11976790E+01
    1860.,  0.00000000E+00,  0.00000000E+00,  0.10736653E-01,  0.18333988E+00,  0.50643416E+03, -0.11976790E+01
    1861.,  0.00000000E+00,  0.00000000E+00,  0.29294861E-01,  0.21367228E+00,  0.52456781E+03, -0.11976790E+01
    1862.,  0.00000000E+00,  0.00000000E+00,  0.00000000E+00,  0.14394277E+00,  0.47591747E+03, -0.11976790E+01
    1863.,  0.00000000E+00,  0.00000000E+00,  0.00000000E+00,  0.75911551E-01,  0.38446278E+03, -0.11976790E+01
    1864.,  0.00000000E+00,  0.00000000E+00,  0.00000000E+00,  0.17673926E-01,  0.21473990E+03, -0.11976790E+01
    1865.,  0.00000000E+00,  0.00000000E+00,  0.00000000E+00,  0.28777548E-01,  0.29275720E+03, -0.11976790E+01
    1866.,  0.00000000E+00,  0.00000000E+00,  0.00000000E+00,  0.36717629E-01,  0.29046250E+03, -0.11976790E+01
    1867.,  0.00000000E+00,  0.00000000E+00,  0.00000000E+00,  0.37408435E-01,  0.30204997E+03, -0.11976790E+01
    1868.,  0.00000000E+00,  0.00000000E+00,  0.00000000E+00,  0.81514023E-01,  0.39479093E+03, -0.11976790E+01
    1869.,  0.00000000E+00,  0.00000000E+00,  0.00000000E+00,  0.76028020E-01,  0.38276492E+03, -0.11976790E+01
    1870.,  0.00000000E+00,  0.00000000E+00,  0.00000000E+00,  0.16976221E-01,  0.21217780E+03, -0.11976790E+01
    1871.,  0.00000000E+00,  0.00000000E+00,  0.00000000E+00,  0.97230859E-02,  0.19079966E+03, -0.11976790E+01
    1872.,  0.00000000E+00,  0.00000000E+00,  0.00000000E+00,  0.62564645E-02,  0.11975885E+03, -0.11976790E+01
    1873.,  0.00000000E+00,  0.00000000E+00,  0.00000000E+00,  0.15994465E-02,  0.15467793E+03, -0.11976790E+01
    1874.,  0.00000000E+00,  0.00000000E+00,  0.00000000E+00,  0.10151332E-02,  0.19062760E+03, -0.11976790E+01
    1875.,  0.00000000E+00,  0.00000000E+00,  0.00000000E+00,  0.31154179E-02,  0.20337264E+03, -0.11976790E+01
    1876.,  0.00000000E+00,  0.00000000E+00,  0.00000000E+00,  0.89957041E-02,  0.23798415E+03, -0.11976790E+01
    1877.,  0.00000000E+00,  0.00000000E+00,  0.00000000E+00,  0.19150557E-01,  0.28220996E+03, -0.11976790E+01
    1878.,  0.00000000E+00,  0.00000000E+00,  0.00000000E+00,  0.19649481E-01,  0.28242248E+03, -0.11976790E+01
    1879.,  0.00000000E+00,  0.00000000E+00,  0.00000000E+00,  0.74554118E-02,  0.22982557E+03, -0.11976790E+01
    1880.,  0.00000000E+00,  0.00000000E+00,  0.00000000E+00,  0.12692981E-02,  0.19199341E+03, -0.11976790E+01
    1881.,  0.00000000E+00,  0.00000000E+00,  0.00000000E+00,  0.00000000E+00,  0.16321306E+03, -0.11976790E+01
    1882.,  0.00000000E+00,  0.00000000E+00,  0.00000000E+00,  0.00000000E+00,  0.78119917E+02, -0.11976790E+01
    1883.,  0.00000000E+00,  0.00000000E+00,  0.00000000E+00,  0.00000000E+00,  0.34339191E+02, -0.11976790E+01
    1884.,  0.00000000E+00,  0.00000000E+00,  0.00000000E+00,  0.00000000E+00,  0.16452205E+02, -0.11976790E+01
    1885.,  0.00000000E+00,  0.00000000E+00,  0.00000000E+00,  0.00000000E+00,  0.89654903E+01, -0.11976790E+01
    1886.,  0.00000000E+00,  0.00000000E+00,  0.00000000E+00,  0.00000000E+00,  0.46167061E+01, -0.11976790E+01
    1887.,  0.00000000E+00,  0.00000000E+00,  0.00000000E+00,  0.00000000E+00,  0.18945959E+01, -0.11976790E+01
    1888.,  0.00000000E+00,  0.00000000E+00,  0.00000000E+00,  0.00000000E+00,  0.46702492E+00, -0.11976790E+01
    1889.,  0.00000000E+00,  0.00000000E+00,  0.00000000E+00,  0.00000000E+00,  0.37866737E+00, -0.11976790E+01
    1890.,  0.00000000E+00,  0.00000000E+00,  0.00000000E+00,  0.00000000E+00,  0.15720444E+01, -0.11976790E+01
    1891.,  0.00000000E+00,  0.00000000E+00,  0.00000000E+00,  0.00000000E+00,  0.41852033E+01, -0.11976790E+01
    1892.,  0.00000000E+00,  0.00000000E+00,  0.00000000E+00,  0.00000000E+00,  0.85727016E+01, -0.11976790E+01
    1893.,  0.00000000E+00,  0.00000000E+00,  0.00000000E+00,  0.00000000E+00,  0.14686452E+02, -0.11976790E+01
    1894.,  0.00000000E+00,  0.00000000E+00,  0.00000000E+00,  0.00000000E+00,  0.21825414E+02, -0.11976790E+01
    1895.,  0.00000000E+00,  0.00000000E+00,  0.00000000E+00,  0.00000000E+00,  0.28655273E+02, -0.11976790E+01
    1896.,  0.00000000E+00,  0.00000000E+00,  0.00000000E+00,  0.00000000E+00,  0.33585494E+02, -0.11976790E+01
    1897.,  0.00000000E+00,  0.00000000E+00,  0.00000000E+00,  0.00000000E+00,  0.35339304E+02, -0.11976790E+01
    1898.,  0.00000000E+00,  0.00000000E+00,  0.00000000E+00,  0.00000000E+00,  0.33416974E+02, -0.11976790E+01
    1899.,  0.00000000E+00,  0.00000000E+00,  0.00000000E+00,  0.00000000E+00,  0.28177679E+02, -0.11976790E+01
    1900.,  0.00000000E+00,  0.00000000E+00,  0.00000000E+00,  0.00000000E+00,  0.20612390E+02, -0.11976790E+01
    1901.,  0.00000000E+00,  0.00000000E+00,  0.00000000E+00,  0.00000000E+00,  0.12131551E+02, -0.11976790E+01
    1902.,  0.00000000E+00,  0.00000000E+00,  0.00000000E+00,  0.00000000E+00,  0.45624865E+01, -0.11976790E+01
    1903.,  0.00000000E+00,  0.00000000E+00,  0.00000000E+00,  0.00000000E+00,  0.43766186E+00, -0.11976790E+01
    1904.,  0.00000000E+00,  0.00000000E+00,  0.00000000E+00,  0.00000000E+00,  0.14583940E+01, -0.11976790E+01
    1905.,  0.00000000E+00,  0.00000000E+00,  0.00000000E+00,  0.00000000E+00,  0.18550105E+01, -0.11976790E+01
    1906.,  0.00000000E+00,  0.00000000E+00,  0.00000000E+00,  0.00000000E+00,  0.35004606E+01, -0.11976790E+01
    1907.,  0.00000000E+00,  0.00000000E+00,  0.00000000E+00,  0.00000000E+00,  0.76133026E+01, -0.11976790E+01
    1908.,  0.00000000E+00,  0.00000000E+00,  0.00000000E+00,  0.00000000E+00,  0.16465118E+02, -0.11976790E+01
    1909.,  0.00000000E+00,  0.00000000E+00,  0.00000000E+00,  0.00000000E+00,  0.35504182E+02, -0.11976790E+01
    1910.,  0.00000000E+00,  0.00000000E+00,  0.00000000E+00,  0.00000000E+00,  0.70225610E+02, -0.11976790E+01
    1911.,  0.00000000E+00,  0.00000000E+00,  0.00000000E+00,  0.00000000E+00,  0.13748678E+03, -0.11976790E+01
    1912.,  0.00000000E+00,  0.00000000E+00,  0.00000000E+00,  0.61492175E-03,  0.18769785E+03, -0.11976790E+01
    1913.,  0.00000000E+00,  0.00000000E+00,  0.00000000E+00,  0.25168759E-02,  0.20003061E+03, -0.11976790E+01
    1914.,  0.00000000E+00,  0.00000000E+00,  0.00000000E+00,  0.59586748E-02,  0.21874738E+03, -0.11976790E+01
    1915.,  0.00000000E+00,  0.00000000E+00,  0.00000000E+00,  0.97965505E-02,  0.24103656E+03, -0.11976790E+01
    1916.,  0.00000000E+00,  0.00000000E+00,  0.00000000E+00,  0.84623070E-02,  0.23308437E+03, -0.11976790E+01
    1917.,  0.00000000E+00,  0.00000000E+00,  0.00000000E+00,  0.32169726E-02,  0.20314577E+03, -0.11976790E+01
    1918.,  0.00000000E+00,  0.00000000E+00,  0.00000000E+00,  0.76632509E-03,  0.18986637E+03, -0.11976790E+01
    1919.,  0.00000000E+00,  0.00000000E+00,  0.00000000E+00,  0.92002513E-03,  0.18097327E+03, -0.11976790E+01
    1920.,  0.00000000E+00,  0.00000000E+00,  0.00000000E+00,  0.22337326E-01,  0.24776153E+03, -0.11976790E+01
    1921.,  0.00000000E+00,  0.00000000E+00,  0.00000000E+00,  0.25964674E-01,  0.29952274E+03, -0.15606998E+01
    1922.,  0.00000000E+00,  0.00000000E+00,  0.00000000E+00,  0.24868643E-01,  0.29526336E+03, -0.15606998E+01
    1923.,  0.00000000E+00,  0.00000000E+00,  0.00000000E+00,  0.28291563E-01,  0.29879383E+03, -0.15606998E+01
    1924.,  0.00000000E+00,  0.00000000E+00,  0.00000000E+00,  0.24100814E-01,  0.23478626E+03, -0.15606998E+01
    1925.,  0.00000000E+00,  0.00000000E+00,  0.00000000E+00,  0.35806033E-01,  0.32080941E+03, -0.15606998E+01
    1926.,  0.00000000E+00,  0.00000000E+00,  0.00000000E+00,  0.17909162E-01,  0.27137386E+03, -0.15606998E+01
    1927.,  0.00000000E+00,  0.00000000E+00,  0.00000000E+00,  0.40965922E-02,  0.20898387E+03, -0.15606998E+01
    1928.,  0.00000000E+00,  0.00000000E+00,  0.00000000E+00,  0.00000000E+00,  0.84863675E-08, -0.15606998E+01
    1929.,  0.00000000E+00,  0.00000000E+00,  0.00000000E+00,  0.00000000E+00,  0.45948546E-08, -0.15606998E+01
    1930.,  0.00000000E+00,  0.00000000E+00,  0.00000000E+00,  0.27208170E-01,  0.29729476E+03, -0.15606998E+01
    1931.,  0.00000000E+00,  0.00000000E+00,  0.00000000E+00,  0.52447466E-01,  0.34351674E+03, -0.15606998E+01
    1932.,  0.00000000E+00,  0.00000000E+00,  0.00000000E+00,  0.81776274E-01,  0.39503314E+03, -0.15606998E+01
    1933.,  0.00000000E+00,  0.00000000E+00,  0.00000000E+00,  0.59385650E-01,  0.35258639E+03, -0.15606998E+01
    1934.,  0.00000000E+00,  0.00000000E+00,  0.00000000E+00,  0.29703168E-01,  0.26123874E+03, -0.15606998E+01
    1935.,  0.00000000E+00,  0.00000000E+00,  0.00000000E+00,  0.22840832E-01,  0.21296614E+03, -0.15606998E+01
    1936.,  0.00000000E+00,  0.00000000E+00,  0.00000000E+00,  0.21816053E-01,  0.21442033E+03, -0.15606998E+01
    1937.,  0.00000000E+00,  0.00000000E+00,  0.00000000E+00,  0.58617656E-02,  0.10764706E+03, -0.22867415E+01
    1938.,  0.00000000E+00,  0.00000000E+00,  0.00000000E+00,  0.82752440E-02,  0.10637193E+03, -0.22867415E+01
    1939.,  0.00000000E+00,  0.00000000E+00,  0.00000000E+00,  0.22076123E-01,  0.26702340E+03, -0.22867415E+01
    1940.,  0.00000000E+00,  0.00000000E+00,  0.00000000E+00,  0.24000367E-01,  0.28971279E+03, -0.22867415E+01
    1941.,  0.00000000E+00,  0.00000000E+00,  0.00000000E+00,  0.00000000E+00,  0.62926822E-08, -0.22867415E+01
    1942.,  0.00000000E+00,  0.00000000E+00,  0.00000000E+00,  0.00000000E+00,  0.87532460E-08, -0.22867415E+01
    1943.,  0.00000000E+00,  0.00000000E+00,  0.00000000E+00,  0.00000000E+00,  0.48402699E-08, -0.22867415E+01
    1944.,  0.00000000E+00,  0.00000000E+00,  0.00000000E+00,  0.00000000E+00,  0.21618329E-08, -0.22867415E+01
    1945.,  0.00000000E+00,  0.00000000E+00,  0.00000000E+00,  0.00000000E+00,  0.89695406E-08, -0.22867415E+01
    1946.,  0.00000000E+00,  0.00000000E+00,  0.00000000E+00,  0.00000000E+00,  0.37564811E-08, -0.22867415E+01
    1947.,  0.00000000E+00,  0.00000000E+00,  0.00000000E+00,  0.00000000E+00,  0.42292060E-08, -0.22867415E+01
    1948.,  0.00000000E+00,  0.00000000E+00,  0.00000000E+00,  0.00000000E+00,  0.25128688E-08, -0.22867415E+01
    1949.,  0.00000000E+00,  0.00000000E+00,  0.00000000E+00,  0.21933337E-01,  0.28387728E+03, -0.22867415E+01
    1950.,  0.00000000E+00,  0.00000000E+00,  0.00000000E+00,  0.23390993E-01,  0.27680329E+03, -0.22867415E+01
    1951.,  0.00000000E+00,  0.00000000E+00,  0.00000000E+00,  0.18357959E-01,  0.25849154E+03, -0.22867415E+01
    1952.,  0.00000000E+00,  0.00000000E+00,  0.00000000E+00,  0.15086987E-01,  0.24475259E+03, -0.22867415E+01
    1953.,  0.00000000E+00,  0.00000000E+00,  0.00000000E+00,  0.29930209E-01,  0.30932367E+03, -0.30127832E+01
    1954.,  0.00000000E+00,  0.00000000E+00,  0.00000000E+00,  0.22932045E-01,  0.28686880E+03, -0.30127832E+01
    1955.,  0.00000000E+00,  0.00000000E+00,  0.00000000E+00,  0.14649426E-01,  0.25874044E+03, -0.30127832E+01
    1956.,  0.00000000E+00,  0.00000000E+00,  0.00000000E+00,  0.00000000E+00,  0.29027694E-08, -0.30127832E+01
    1957.,  0.00000000E+00,  0.00000000E+00,  0.00000000E+00,  0.00000000E+00,  0.68132771E-08, -0.30127832E+01
    1958.,  0.00000000E+00,  0.00000000E+00,  0.00000000E+00,  0.00000000E+00,  0.64145930E-08, -0.30127832E+01
    1959.,  0.00000000E+00,  0.00000000E+00,  0.00000000E+00,  0.00000000E+00,  0.62163853E-08, -0.30127832E+01
    1960.,  0.00000000E+00,  0.00000000E+00,  0.00000000E+00,  0.00000000E+00,  0.17179172E-08, -0.30127832E+01
    1961.,  0.00000000E+00,  0.00000000E+00,  0.00000000E+00,  0.00000000E+00,  0.43225122E-08, -0.30127832E+01
    1962.,  0.00000000E+00,  0.00000000E+00,  0.00000000E+00,  0.00000000E+00,  0.96686453E-08, -0.30127832E+01
    1963.,  0.00000000E+00,  0.00000000E+00,  0.00000000E+00,  0.00000000E+00,  0.59549940E-08, -0.30127832E+01
    1964.,  0.00000000E+00,  0.00000000E+00,  0.00000000E+00,  0.00000000E+00,  0.65273254E-08, -0.30127832E+01
    1965.,  0.00000000E+00,  0.00000000E+00,  0.00000000E+00,  0.00000000E+00,  0.13678052E-07, -0.30127832E+01
    1966.,  0.00000000E+00,  0.00000000E+00,  0.00000000E+00,  0.10995262E-01,  0.24368207E+03, -0.30127832E+01
    1967.,  0.00000000E+00,  0.00000000E+00,  0.00000000E+00,  0.12188443E-01,  0.24422729E+03, -0.30127832E+01
    1968.,  0.00000000E+00,  0.00000000E+00,  0.00000000E+00,  0.86209797E-02,  0.21856495E+03, -0.30127832E+01
    1969.,  0.00000000E+00,  0.00000000E+00,  0.00000000E+00,  0.34737049E-02,  0.20322247E+03, -0.37388248E+01
    1970.,  0.00000000E+00,  0.00000000E+00,  0.00000000E+00,  0.00000000E+00,  0.11689053E-07, -0.37388248E+01
    1971.,  0.00000000E+00,  0.00000000E+00,  0.00000000E+00,  0.00000000E+00,  0.77770200E-08, -0.37388248E+01
    1972.,  0.00000000E+00,  0.00000000E+00,  0.00000000E+00,  0.00000000E+00,  0.84762141E-08, -0.37388248E+01
    1973.,  0.00000000E+00,  0.00000000E+00,  0.00000000E+00,  0.00000000E+00,  0.63087750E-08, -0.37388248E+01
    1974.,  0.00000000E+00,  0.00000000E+00,  0.00000000E+00,  0.00000000E+00,  0.50076184E-08, -0.37388248E+01
    1975.,  0.00000000E+00,  0.00000000E+00,  0.00000000E+00,  0.00000000E+00,  0.63509562E-08, -0.37388248E+01
    1976.,  0.00000000E+00,  0.00000000E+00,  0.00000000E+00,  0.00000000E+00,  0.74074292E-08, -0.37388248E+01
    1977.,  0.00000000E+00,  0.00000000E+00,  0.00000000E+00,  0.00000000E+00,  0.47462983E-08, -0.37388248E+01
    1978.,  0.00000000E+00,  0.00000000E+00,  0.00000000E+00,  0.00000000E+00,  0.66082250E-08, -0.37388248E+01
    1979.,  0.00000000E+00,  0.00000000E+00,  0.00000000E+00,  0.00000000E+00,  0.10045089E-07, -0.37388248E+01
    1980.,  0.00000000E+00,  0.00000000E+00,  0.00000000E+00,  0.00000000E+00,  0.10432510E-07, -0.37388248E+01
    1981.,  0.00000000E+00,  0.00000000E+00,  0.00000000E+00,  0.00000000E+00,  0.36277036E-08, -0.37388248E+01
    1982.,  0.00000000E+00,  0.00000000E+00,  0.00000000E+00,  0.00000000E+00,  0.11799107E-07, -0.37388248E+01
    1983.,  0.00000000E+00,  0.00000000E+00,  0.00000000E+00,  0.44844374E-02,  0.21017013E+03, -0.37388248E+01
    1984.,  0.00000000E+00,  0.00000000E+00,  0.00000000E+00,  0.49913031E-02,  0.20474881E+03, -0.37388248E+01
    1985.,  0.00000000E+00,  0.00000000E+00,  0.00000000E+00,  0.00000000E+00,  0.94759002E+02, -0.44648665E+01
    1986.,  0.00000000E+00,  0.00000000E+00,  0.00000000E+00,  0.00000000E+00,  0.11592712E-07, -0.44648665E+01
    1987.,  0.00000000E+00,  0.00000000E+00,  0.00000000E+00,  0.00000000E+00,  0.64457828E-08, -0.44648665E+01
    1988.,  0.00000000E+00,  0.00000000E+00,  0.00000000E+00,  0.00000000E+00,  0.69241193E-08, -0.44648665E+01
    1989.,  0.00000000E+00,  0.00000000E+00,  0.00000000E+00,  0.00000000E+00,  0.41913527E-08, -0.44648665E+01
    1990.,  0.00000000E+00,  0.00000000E+00,  0.00000000E+00,  0.00000000E+00,  0.47386931E-08, -0.44648665E+01
    1991.,  0.00000000E+00,  0.00000000E+00,  0.00000000E+00,  0.00000000E+00,  0.10229484E-07, -0.44648665E+01
    1992.,  0.00000000E+00,  0.00000000E+00,  0.00000000E+00,  0.00000000E+00,  0.83381292E-08, -0.44648665E+01
    1993.,  0.00000000E+00,  0.00000000E+00,  0.00000000E+00,  0.00000000E+00,  0.23595475E-08, -0.44648665E+01
    1994.,  0.00000000E+00,  0.00000000E+00,  0.00000000E+00,  0.00000000E+00,  0.61788271E-08, -0.44648665E+01
    1995.,  0.00000000E+00,  0.00000000E+00,  0.00000000E+00,  0.00000000E+00,  0.52209745E-08, -0.44648665E+01
    1996.,  0.00000000E+00,  0.00000000E+00,  0.00000000E+00,  0.00000000E+00,  0.34046801E-08, -0.44648665E+01
    1997.,  0.00000000E+00,  0.00000000E+00,  0.00000000E+00,  0.00000000E+00,  0.49276151E-08, -0.44648665E+01
    1998.,  0.00000000E+00,  0.00000000E+00,  0.00000000E+00,  0.00000000E+00,  0.15423749E-07, -0.44648665E+01
    1999.,  0.00000000E+00,  0.00000000E+00,  0.00000000E+00,  0.00000000E+00,  0.83155090E-08, -0.44648665E+01
    2000.,  0.00000000E+00,  0.00000000E+00,  0.00000000E+00,  0.74130560E-04,  0.13589543E+03, -0.44648665E+01
    2001.,  0.00000000E+00,  0.00000000E+00,  0.00000000E+00,  0.00000000E+00,  0.32343941E-08, -0.51909082E+01
    2002.,  0.00000000E+00,  0.00000000E+00,  0.00000000E+00,  0.00000000E+00,  0.12136920E-07, -0.51909082E+01
    2003.,  0.00000000E+00,  0.00000000E+00,  0.00000000E+00,  0.00000000E+00,  0.42199122E-08, -0.51909082E+01
    2004.,  0.00000000E+00,  0.00000000E+00,  0.00000000E+00,  0.00000000E+00,  0.66090352E-08, -0.51909082E+01
    2005.,  0.00000000E+00,  0.00000000E+00,  0.00000000E+00,  0.00000000E+00,  0.10995719E-07, -0.51909082E+01
    2006.,  0.00000000E+00,  0.00000000E+00,  0.00000000E+00,  0.00000000E+00,  0.64656181E-08, -0.51909082E+01
    2007.,  0.00000000E+00,  0.00000000E+00,  0.00000000E+00,  0.00000000E+00,  0.73029627E-08, -0.51909082E+01
    2008.,  0.00000000E+00,  0.00000000E+00,  0.00000000E+00,  0.00000000E+00,  0.51573724E-08, -0.51909082E+01
    2009.,  0.00000000E+00,  0.00000000E+00,  0.00000000E+00,  0.00000000E+00,  0.64173827E-08, -0.51909082E+01
    2010.,  0.00000000E+00,  0.00000000E+00,  0.00000000E+00,  0.00000000E+00,  0.73229244E-08, -0.51909082E+01
    2011.,  0.00000000E+00,  0.00000000E+00,  0.00000000E+00,  0.00000000E+00,  0.74727050E-08, -0.51909082E+01
    2012.,  0.00000000E+00,  0.00000000E+00,  0.00000000E+00,  0.00000000E+00,  0.23079565E-08, -0.51909082E+01
    2013.,  0.00000000E+00,  0.00000000E+00,  0.00000000E+00,  0.00000000E+00,  0.11990143E-07, -0.51909082E+01
    2014.,  0.00000000E+00,  0.00000000E+00,  0.00000000E+00,  0.00000000E+00,  0.11220081E-07, -0.51909082E+01
    2015.,  0.00000000E+00,  0.00000000E+00,  0.00000000E+00,  0.00000000E+00,  0.82556258E-08, -0.51909082E+01
    2016.,  0.00000000E+00,  0.00000000E+00,  0.00000000E+00,  0.00000000E+00,  0.84111725E-08, -0.51909082E+01
    2017.,  0.00000000E+00,  0.00000000E+00,  0.00000000E+00,  0.00000000E+00,  0.75375311E-08, -0.59169498E+01
    2018.,  0.00000000E+00,  0.00000000E+00,  0.00000000E+00,  0.00000000E+00,  0.85211920E-08, -0.59169498E+01
    2019.,  0.00000000E+00,  0.00000000E+00,  0.00000000E+00,  0.00000000E+00,  0.80289968E-08, -0.59169498E+01
    2020.,  0.00000000E+00,  0.00000000E+00,  0.00000000E+00,  0.00000000E+00,  0.29837651E-08, -0.59169498E+01
    2021.,  0.00000000E+00,  0.00000000E+00,  0.00000000E+00,  0.00000000E+00,  0.54658046E-08, -0.59169498E+01
    2022.,  0.00000000E+00,  0.00000000E+00,  0.00000000E+00,  0.00000000E+00,  0.38491705E-08, -0.59169498E+01
    2023.,  0.00000000E+00,  0.00000000E+00,  0.00000000E+00,  0.00000000E+00,  0.64070088E-08, -0.59169498E+01
    2024.,  0.00000000E+00,  0.00000000E+00,  0.00000000E+00,  0.00000000E+00,  0.10806191E-07, -0.59169498E+01
    2025.,  0.00000000E+00,  0.00000000E+00,  0.00000000E+00,  0.00000000E+00,  0.55075232E-08, -0.59169498E+01
    2026.,  0.00000000E+00,  0.00000000E+00,  0.00000000E+00,  0.00000000E+00,  0.15185400E-08, -0.59169498E+01
    2027.,  0.00000000E+00,  0.00000000E+00,  0.00000000E+00,  0.00000000E+00,  0.68069091E-08, -0.59169498E+01
    2028.,  0.00000000E+00,  0.00000000E+00,  0.00000000E+00,  0.00000000E+00,  0.50005769E-08, -0.59169498E+01
    2029.,  0.00000000E+00,  0.00000000E+00,  0.00000000E+00,  0.00000000E+00,  0.66041360E-08, -0.59169498E+01
    2030.,  0.00000000E+00,  0.00000000E+00,  0.00000000E+00,  0.00000000E+00,  0.11851393E-07, -0.59169498E+01
    2031.,  0.00000000E+00,  0.00000000E+00,  0.00000000E+00,  0.00000000E+00,  0.95296001E-08, -0.59169498E+01
    2032.,  0.00000000E+00,  0.00000000E+00,  0.00000000E+00,  0.00000000E+00,  0.59042619E-08, -0.59169498E+01
    2033.,  0.00000000E+00,  0.00000000E+00,  0.00000000E+00,  0.00000000E+00,  0.53504723E-08, -0.66429915E+01
    2034.,  0.00000000E+00,  0.00000000E+00,  0.00000000E+00,  0.00000000E+00,  0.13243336E-07, -0.66429915E+01
    2035.,  0.00000000E+00,  0.00000000E+00,  0.00000000E+00,  0.00000000E+00,  0.76950190E-08, -0.66429915E+01
    2036.,  0.00000000E+00,  0.00000000E+00,  0.00000000E+00,  0.00000000E+00,  0.29058349E-08, -0.66429915E+01
    2037.,  0.00000000E+00,  0.00000000E+00,  0.00000000E+00,  0.00000000E+00,  0.63190017E-08, -0.66429915E+01
    2038.,  0.00000000E+00,  0.00000000E+00,  0.00000000E+00,  0.00000000E+00,  0.54818601E-08, -0.66429915E+01
    2039.,  0.00000000E+00,  0.00000000E+00,  0.00000000E+00,  0.00000000E+00,  0.38615252E-08, -0.66429915E+01
    2040.,  0.00000000E+00,  0.00000000E+00,  0.00000000E+00,  0.00000000E+00,  0.59112720E-08, -0.66429915E+01
    2041.,  0.00000000E+00,  0.00000000E+00,  0.00000000E+00,  0.00000000E+00,  0.91444357E-08, -0.66429915E+01
    2042.,  0.00000000E+00,  0.00000000E+00,  0.00000000E+00,  0.00000000E+00,  0.45897237E-08, -0.66429915E+01
    2043.,  0.00000000E+00,  0.00000000E+00,  0.00000000E+00,  0.00000000E+00,  0.72560710E-08, -0.66429915E+01
    2044.,  0.00000000E+00,  0.00000000E+00,  0.00000000E+00,  0.00000000E+00,  0.89197604E-08, -0.66429915E+01
    2045.,  0.00000000E+00,  0.00000000E+00,  0.00000000E+00,  0.00000000E+00,  0.58577891E-08, -0.66429915E+01
    2046.,  0.00000000E+00,  0.00000000E+00,  0.00000000E+00,  0.00000000E+00,  0.73725987E-08, -0.66429915E+01
    2047.,  0.00000000E+00,  0.00000000E+00,  0.00000000E+00,  0.00000000E+00,  0.62396397E-08, -0.66429915E+01
    2048.,  0.00000000E+00,  0.00000000E+00,  0.00000000E+00,  0.00000000E+00,  0.73337687E-08, -0.66429915E+01
    2049.,  0.00000000E+00,  0.00000000E+00,  0.00000000E+00,  0.00000000E+00,  0.24695657E-08, -0.73690332E+01
    2050.,  0.00000000E+00,  0.00000000E+00,  0.00000000E+00,  0.00000000E+00,  0.79693932E-08, -0.73690332E+01
    2051.,  0.00000000E+00,  0.00000000E+00,  0.00000000E+00,  0.00000000E+00,  0.23959511E-08, -0.73690332E+01
    2052.,  0.00000000E+00,  0.00000000E+00,  0.00000000E+00,  0.00000000E+00,  0.79743036E-08, -0.73690332E+01
    2053.,  0.00000000E+00,  0.00000000E+00,  0.00000000E+00,  0.00000000E+00,  0.94896995E-08, -0.73690332E+01
    2054.,  0.00000000E+00,  0.00000000E+00,  0.00000000E+00,  0.00000000E+00,  0.42765171E-08, -0.73690332E+01
    2055.,  0.00000000E+00,  0.00000000E+00,  0.00000000E+00,  0.00000000E+00,  0.46191863E-08, -0.73690332E+01
    2056.,  0.00000000E+00,  0.00000000E+00,  0.00000000E+00,  0.00000000E+00,  0.10520927E-07, -0.73690332E+01
    2057.,  0.00000000E+00,  0.00000000E+00,  0.00000000E+00,  0.00000000E+00,  0.34009224E-08, -0.73690332E+01
    2058.,  0.00000000E+00,  0.00000000E+00,  0.00000000E+00,  0.00000000E+00,  0.64617428E-08, -0.73690332E+01
    2059.,  0.00000000E+00,  0.00000000E+00,  0.00000000E+00,  0.00000000E+00,  0.11686741E-07, -0.73690332E+01
    2060.,  0.00000000E+00,  0.00000000E+00,  0.00000000E+00,  0.00000000E+00,  0.68499253E-08, -0.73690332E+01
    2061.,  0.00000000E+00,  0.00000000E+00,  0.00000000E+00,  0.00000000E+00,  0.34693737E-08, -0.73690332E+01
    2062.,  0.00000000E+00,  0.00000000E+00,  0.00000000E+00,  0.00000000E+00,  0.19654668E-08, -0.73690332E+01
    2063.,  0.00000000E+00,  0.00000000E+00,  0.00000000E+00,  0.00000000E+00,  0.61006225E-08, -0.73690332E+01
    2064.,  0.00000000E+00,  0.00000000E+00,  0.00000000E+00,  0.00000000E+00,  0.27284774E-08, -0.73690332E+01
    2065.,  0.00000000E+00,  0.00000000E+00,  0.00000000E+00,  0.00000000E+00,  0.57485606E-08, -0.80950748E+01
    2066.,  0.00000000E+00,  0.00000000E+00,  0.00000000E+00,  0.00000000E+00,  0.62627249E-08, -0.80950748E+01
    2067.,  0.00000000E+00,  0.00000000E+00,  0.00000000E+00,  0.00000000E+00,  0.60592670E-08, -0.80950748E+01
    2068.,  0.00000000E+00,  0.00000000E+00,  0.00000000E+00,  0.00000000E+00,  0.62022051E-08, -0.80950748E+01
    2069.,  0.00000000E+00,  0.00000000E+00,  0.00000000E+00,  0.00000000E+00,  0.19764399E-08, -0.80950748E+01
    2070.,  0.00000000E+00,  0.00000000E+00,  0.00000000E+00,  0.00000000E+00,  0.73906416E-08, -0.80950748E+01
    2071.,  0.00000000E+00,  0.00000000E+00,  0.00000000E+00,  0.00000000E+00,  0.10901615E-07, -0.80950748E+01
    2072.,  0.00000000E+00,  0.00000000E+00,  0.00000000E+00,  0.00000000E+00,  0.82066581E-08, -0.80950748E+01
    2073.,  0.00000000E+00,  0.00000000E+00,  0.00000000E+00,  0.00000000E+00,  0.12028883E-07, -0.80950748E+01
    2074.,  0.00000000E+00,  0.00000000E+00,  0.00000000E+00,  0.00000000E+00,  0.65805720E-08, -0.80950748E+01
    2075.,  0.00000000E+00,  0.00000000E+00,  0.00000000E+00,  0.00000000E+00,  0.29034976E-08, -0.80950748E+01
    2076.,  0.00000000E+00,  0.00000000E+00,  0.00000000E+00,  0.00000000E+00,  0.85259283E-08, -0.80950748E+01
    2077.,  0.00000000E+00,  0.00000000E+00,  0.00000000E+00,  0.00000000E+00,  0.13121444E-07, -0.80950748E+01
    2078.,  0.00000000E+00,  0.00000000E+00,  0.00000000E+00,  0.00000000E+00,  0.13162247E-07, -0.80950748E+01
    2079.,  0.00000000E+00,  0.00000000E+00,  0.00000000E+00,  0.00000000E+00,  0.82789137E-08, -0.80950748E+01
    2080.,  0.00000000E+00,  0.00000000E+00,  0.00000000E+00,  0.00000000E+00,  0.10222392E-07, -0.80950748E+01
    2081.,  0.00000000E+00,  0.00000000E+00,  0.00000000E+00,  0.00000000E+00,  0.57998950E-08, -0.88211165E+01
    2082.,  0.00000000E+00,  0.00000000E+00,  0.00000000E+00,  0.00000000E+00,  0.91958564E-08, -0.88211165E+01
    2083.,  0.00000000E+00,  0.00000000E+00,  0.00000000E+00,  0.00000000E+00,  0.77804470E-08, -0.88211165E+01
    2084.,  0.00000000E+00,  0.00000000E+00,  0.00000000E+00,  0.00000000E+00,  0.54793222E-08, -0.88211165E+01
    2085.,  0.00000000E+00,  0.00000000E+00,  0.00000000E+00,  0.00000000E+00,  0.44353027E-08, -0.88211165E+01
    2086.,  0.00000000E+00,  0.00000000E+00,  0.00000000E+00,  0.00000000E+00,  0.46809441E-08, -0.88211165E+01
    2087.,  0.00000000E+00,  0.00000000E+00,  0.00000000E+00,  0.00000000E+00,  0.54097698E-08, -0.88211165E+01
    2088.,  0.00000000E+00,  0.00000000E+00,  0.00000000E+00,  0.00000000E+00,  0.76385412E-08, -0.88211165E+01
    2089.,  0.00000000E+00,  0.00000000E+00,  0.00000000E+00,  0.00000000E+00,  0.97015998E-08, -0.88211165E+01
    2090.,  0.00000000E+00,  0.00000000E+00,  0.00000000E+00,  0.00000000E+00,  0.50625310E-08, -0.88211165E+01
    2091.,  0.00000000E+00,  0.00000000E+00,  0.00000000E+00,  0.00000000E+00,  0.65216476E-08, -0.88211165E+01
    2092.,  0.00000000E+00,  0.00000000E+00,  0.00000000E+00,  0.00000000E+00,  0.96223626E-08, -0.88211165E+01
    2093.,  0.00000000E+00,  0.00000000E+00,  0.00000000E+00,  0.00000000E+00,  0.82609568E-08, -0.88211165E+01
    2094.,  0.00000000E+00,  0.00000000E+00,  0.00000000E+00,  0.00000000E+00,  0.82663531E-08, -0.88211165E+01
    2095.,  0.00000000E+00,  0.00000000E+00,  0.00000000E+00,  0.00000000E+00,  0.50660182E-08, -0.88211165E+01
    2096.,  0.00000000E+00,  0.00000000E+00,  0.00000000E+00,  0.00000000E+00,  0.10512994E-07, -0.88211165E+01
    2097.,  0.00000000E+00,  0.00000000E+00,  0.00000000E+00,  0.00000000E+00,  0.50056531E-08, -0.95471582E+01
    2098.,  0.00000000E+00,  0.00000000E+00,  0.00000000E+00,  0.00000000E+00,  0.74012943E-08, -0.95471582E+01
    2099.,  0.00000000E+00,  0.00000000E+00,  0.00000000E+00,  0.00000000E+00,  0.67976196E-08, -0.95471582E+01
    2100.,  0.00000000E+00,  0.00000000E+00,  0.00000000E+00,  0.00000000E+00,  0.69819001E-08, -0.95471582E+01
    2101.,  0.00000000E+00,  0.00000000E+00,  0.00000000E+00,  0.00000000E+00,  0.48292149E-08, -0.95471582E+01
    2102.,  0.00000000E+00,  0.00000000E+00,  0.00000000E+00,  0.00000000E+00,  0.63354111E-08, -0.95471582E+01
    2103.,  0.00000000E+00,  0.00000000E+00,  0.00000000E+00,  0.00000000E+00,  0.23791936E-08, -0.95471582E+01
    2104.,  0.00000000E+00,  0.00000000E+00,  0.00000000E+00,  0.00000000E+00,  0.74079477E-08, -0.95471582E+01
    2105.,  0.00000000E+00,  0.00000000E+00,  0.00000000E+00,  0.00000000E+00,  0.89466526E-08, -0.95471582E+01
    2106.,  0.00000000E+00,  0.00000000E+00,  0.00000000E+00,  0.00000000E+00,  0.98966486E-08, -0.95471582E+01
    2107.,  0.00000000E+00,  0.00000000E+00,  0.00000000E+00,  0.00000000E+00,  0.76700362E-08, -0.95471582E+01
    2108.,  0.00000000E+00,  0.00000000E+00,  0.00000000E+00,  0.00000000E+00,  0.12275074E-07, -0.95471582E+01
    2109.,  0.00000000E+00,  0.00000000E+00,  0.00000000E+00,  0.00000000E+00,  0.12786242E-07, -0.95471582E+01
    2110.,  0.00000000E+00,  0.00000000E+00,  0.00000000E+00,  0.00000000E+00,  0.80605287E-08, -0.95471582E+01
    2111.,  0.00000000E+00,  0.00000000E+00,  0.00000000E+00,  0.00000000E+00,  0.12209989E-07, -0.95471582E+01
    2112.,  0.00000000E+00,  0.00000000E+00,  0.00000000E+00,  0.00000000E+00,  0.24908606E-08, -0.95471582E+01
    2113.,  0.00000000E+00,  0.00000000E+00,  0.00000000E+00,  0.00000000E+00,  0.90140864E-08, -0.10273200E+02
    2114.,  0.00000000E+00,  0.00000000E+00,  0.00000000E+00,  0.00000000E+00,  0.78317387E-08, -0.10273200E+02
    2115.,  0.00000000E+00,  0.00000000E+00,  0.00000000E+00,  0.00000000E+00,  0.91627002E-08, -0.10273200E+02
    2116.,  0.00000000E+00,  0.00000000E+00,  0.00000000E+00,  0.00000000E+00,  0.33910910E-08, -0.10273200E+02
    2117.,  0.00000000E+00,  0.00000000E+00,  0.00000000E+00,  0.00000000E+00,  0.13596654E-07, -0.10273200E+02
    2118.,  0.00000000E+00,  0.00000000E+00,  0.00000000E+00,  0.00000000E+00,  0.11876244E-07, -0.10273200E+02
    2119.,  0.00000000E+00,  0.00000000E+00,  0.00000000E+00,  0.00000000E+00,  0.73579151E-08, -0.10273200E+02
    2120.,  0.00000000E+00,  0.00000000E+00,  0.00000000E+00,  0.00000000E+00,  0.14056925E-07, -0.10273200E+02
    2121.,  0.00000000E+00,  0.00000000E+00,  0.00000000E+00,  0.00000000E+00,  0.33718937E-08, -0.10273200E+02
    2122.,  0.00000000E+00,  0.00000000E+00,  0.00000000E+00,  0.00000000E+00,  0.46106310E-08, -0.10273200E+02
    2123.,  0.00000000E+00,  0.00000000E+00,  0.00000000E+00,  0.00000000E+00,  0.61387768E-08, -0.10273200E+02
    2124.,  0.00000000E+00,  0.00000000E+00,  0.00000000E+00,  0.00000000E+00,  0.10203191E-07, -0.10273200E+02
    2125.,  0.00000000E+00,  0.00000000E+00,  0.00000000E+00,  0.00000000E+00,  0.12252079E-07, -0.10273200E+02
    2126.,  0.00000000E+00,  0.00000000E+00,  0.00000000E+00,  0.00000000E+00,  0.11006980E-07, -0.10273200E+02
    2127.,  0.00000000E+00,  0.00000000E+00,  0.00000000E+00,  0.00000000E+00,  0.77229358E-08, -0.10273200E+02
    2128.,  0.00000000E+00,  0.00000000E+00,  0.00000000E+00,  0.00000000E+00,  0.13686774E-07, -0.10273200E+02
    2129.,  0.00000000E+00,  0.00000000E+00,  0.00000000E+00,  0.00000000E+00,  0.89910085E-08, -0.10999242E+02
    2130.,  0.00000000E+00,  0.00000000E+00,  0.00000000E+00,  0.00000000E+00,  0.10469197E-07, -0.10999242E+02
    2131.,  0.00000000E+00,  0.00000000E+00,  0.00000000E+00,  0.00000000E+00,  0.65012142E-08, -0.10999242E+02
    2132.,  0.00000000E+00,  0.00000000E+00,  0.00000000E+00,  0.00000000E+00,  0.62630399E-08, -0.10999242E+02
    2133.,  0.00000000E+00,  0.00000000E+00,  0.00000000E+00,  0.00000000E+00,  0.66593888E-08, -0.10999242E+02
    2134.,  0.00000000E+00,  0.00000000E+00,  0.00000000E+00,  0.00000000E+00,  0.56790008E-08, -0.10999242E+02
    2135.,  0.00000000E+00,  0.00000000E+00,  0.00000000E+00,  0.00000000E+00,  0.98289468E-08, -0.10999242E+02
    2136.,  0.00000000E+00,  0.00000000E+00,  0.00000000E+00,  0.00000000E+00,  0.22150532E-08, -0.10999242E+02
    2137.,  0.00000000E+00,  0.00000000E+00,  0.00000000E+00,  0.00000000E+00,  0.55245535E-08, -0.10999242E+02
    2138.,  0.00000000E+00,  0.00000000E+00,  0.00000000E+00,  0.00000000E+00,  0.60312656E-08, -0.10999242E+02
    2139.,  0.00000000E+00,  0.00000000E+00,  0.00000000E+00,  0.00000000E+00,  0.50353773E-08, -0.10999242E+02
    2140.,  0.00000000E+00,  0.00000000E+00,  0.00000000E+00,  0.00000000E+00,  0.37724580E-08, -0.10999242E+02
    2141.,  0.00000000E+00,  0.00000000E+00,  0.00000000E+00,  0.00000000E+00,  0.79836037E-08, -0.10999242E+02
    2142.,  0.00000000E+00,  0.00000000E+00,  0.00000000E+00,  0.00000000E+00,  0.95646477E-08, -0.10999242E+02
    2143.,  0.00000000E+00,  0.00000000E+00,  0.00000000E+00,  0.00000000E+00,  0.82049324E-08, -0.10999242E+02
    2144.,  0.00000000E+00,  0.00000000E+00,  0.00000000E+00,  0.00000000E+00,  0.98863587E-08, -0.10999242E+02
    2145.,  0.00000000E+00,  0.00000000E+00,  0.00000000E+00,  0.00000000E+00,  0.11814446E-08, -0.11725283E+02
    2146.,  0.00000000E+00,  0.00000000E+00,  0.00000000E+00,  0.00000000E+00,  0.63709870E-08, -0.11725283E+02
    2147.,  0.00000000E+00,  0.00000000E+00,  0.00000000E+00,  0.00000000E+00,  0.66343921E-08, -0.11725283E+02
    2148.,  0.00000000E+00,  0.00000000E+00,  0.00000000E+00,  0.00000000E+00,  0.92647906E-08, -0.11725283E+02
    2149.,  0.00000000E+00,  0.00000000E+00,  0.00000000E+00,  0.00000000E+00,  0.76824547E-08, -0.11725283E+02
    2150.,  0.00000000E+00,  0.00000000E+00,  0.00000000E+00,  0.00000000E+00,  0.10522596E-07, -0.11725283E+02
    2151.,  0.00000000E+00,  0.00000000E+00,  0.00000000E+00,  0.00000000E+00,  0.54624587E-08, -0.11725283E+02
    2152.,  0.00000000E+00,  0.00000000E+00,  0.00000000E+00,  0.00000000E+00,  0.12216393E-08, -0.11725283E+02
    2153.,  0.00000000E+00,  0.00000000E+00,  0.00000000E+00,  0.00000000E+00,  0.57774958E-08, -0.11725283E+02
    2154.,  0.00000000E+00,  0.00000000E+00,  0.00000000E+00,  0.00000000E+00,  0.14704777E-07, -0.11725283E+02
    2155.,  0.00000000E+00,  0.00000000E+00,  0.00000000E+00,  0.00000000E+00,  0.86885009E-08, -0.11725283E+02
    2156.,  0.00000000E+00,  0.00000000E+00,  0.00000000E+00,  0.00000000E+00,  0.93974491E-08, -0.11725283E+02
    2157.,  0.00000000E+00,  0.00000000E+00,  0.00000000E+00,  0.00000000E+00,  0.15156335E-07, -0.11725283E+02
    2158.,  0.00000000E+00,  0.00000000E+00,  0.00000000E+00,  0.00000000E+00,  0.58394894E-08, -0.11725283E+02
    2159.,  0.00000000E+00,  0.00000000E+00,  0.00000000E+00,  0.00000000E+00,  0.10765137E-07, -0.11725283E+02
    2160.,  0.00000000E+00,  0.00000000E+00,  0.00000000E+00,  0.00000000E+00,  0.10436689E-07, -0.11725283E+02
    2161.,  0.00000000E+00,  0.00000000E+00,  0.00000000E+00,  0.00000000E+00,  0.53738836E-08, -0.12451325E+02
    2162.,  0.00000000E+00,  0.00000000E+00,  0.00000000E+00,  0.00000000E+00,  0.14621490E-07, -0.12451325E+02
    2163.,  0.00000000E+00,  0.00000000E+00,  0.00000000E+00,  0.00000000E+00,  0.47256944E-08, -0.12451325E+02
    2164.,  0.00000000E+00,  0.00000000E+00,  0.00000000E+00,  0.00000000E+00,  0.62131069E-08, -0.12451325E+02
    2165.,  0.00000000E+00,  0.00000000E+00,  0.00000000E+00,  0.00000000E+00,  0.64787786E-08, -0.12451325E+02
    2166.,  0.00000000E+00,  0.00000000E+00,  0.00000000E+00,  0.00000000E+00,  0.64061285E-08, -0.12451325E+02
    2167.,  0.00000000E+00,  0.00000000E+00,  0.00000000E+00,  0.00000000E+00,  0.14687140E-07, -0.12451325E+02
    2168.,  0.00000000E+00,  0.00000000E+00,  0.00000000E+00,  0.00000000E+00,  0.59550419E-08, -0.12451325E+02
    2169.,  0.00000000E+00,  0.00000000E+00,  0.00000000E+00,  0.00000000E+00,  0.11136757E-07, -0.12451325E+02
    2170.,  0.00000000E+00,  0.00000000E+00,  0.00000000E+00,  0.00000000E+00,  0.10617116E-07, -0.12451325E+02
    2171.,  0.00000000E+00,  0.00000000E+00,  0.00000000E+00,  0.00000000E+00,  0.70731232E-08, -0.12451325E+02
    2172.,  0.00000000E+00,  0.00000000E+00,  0.00000000E+00,  0.00000000E+00,  0.76662361E-08, -0.12451325E+02
    2173.,  0.00000000E+00,  0.00000000E+00,  0.00000000E+00,  0.00000000E+00,  0.10349022E-07, -0.12451325E+02
    2174.,  0.00000000E+00,  0.00000000E+00,  0.00000000E+00,  0.00000000E+00,  0.87712062E-08, -0.12451325E+02
    2175.,  0.00000000E+00,  0.00000000E+00,  0.00000000E+00,  0.00000000E+00,  0.82772867E-08, -0.12451325E+02
    2176.,  0.00000000E+00,  0.00000000E+00,  0.00000000E+00,  0.00000000E+00,  0.30690705E-08, -0.12451325E+02
    2177.,  0.00000000E+00,  0.00000000E+00,  0.00000000E+00,  0.00000000E+00,  0.75344185E-08, -0.13177366E+02
    2178.,  0.00000000E+00,  0.00000000E+00,  0.00000000E+00,  0.00000000E+00,  0.11755103E-07, -0.13177366E+02
    2179.,  0.00000000E+00,  0.00000000E+00,  0.00000000E+00,  0.00000000E+00,  0.58851288E-08, -0.13177366E+02
    2180.,  0.00000000E+00,  0.00000000E+00,  0.00000000E+00,  0.00000000E+00,  0.26412785E-08, -0.13177366E+02
    2181.,  0.00000000E+00,  0.00000000E+00,  0.00000000E+00,  0.00000000E+00,  0.43440528E-08, -0.13177366E+02
    2182.,  0.00000000E+00,  0.00000000E+00,  0.00000000E+00,  0.00000000E+00,  0.76802848E-08, -0.13177366E+02
    2183.,  0.00000000E+00,  0.00000000E+00,  0.00000000E+00,  0.00000000E+00,  0.63841062E-08, -0.13177366E+02
    2184.,  0.00000000E+00,  0.00000000E+00,  0.00000000E+00,  0.00000000E+00,  0.41118151E-08, -0.13177366E+02
    2185.,  0.00000000E+00,  0.00000000E+00,  0.00000000E+00,  0.00000000E+00,  0.74620338E-08, -0.13177366E+02
    2186.,  0.00000000E+00,  0.00000000E+00,  0.00000000E+00,  0.00000000E+00,  0.65948217E-08, -0.13177366E+02
    2187.,  0.00000000E+00,  0.00000000E+00,  0.00000000E+00,  0.00000000E+00,  0.11701141E-07, -0.13177366E+02
    2188.,  0.00000000E+00,  0.00000000E+00,  0.00000000E+00,  0.00000000E+00,  0.64268292E-08, -0.13177366E+02
    2189.,  0.00000000E+00,  0.00000000E+00,  0.00000000E+00,  0.00000000E+00,  0.75037121E-08, -0.13177366E+02
    2190.,  0.00000000E+00,  0.00000000E+00,  0.00000000E+00,  0.00000000E+00,  0.16319309E-07, -0.13177366E+02
    2191.,  0.00000000E+00,  0.00000000E+00,  0.00000000E+00,  0.00000000E+00,  0.14292365E-07, -0.13177366E+02
    2192.,  0.00000000E+00,  0.00000000E+00,  0.00000000E+00,  0.00000000E+00,  0.96019967E-08, -0.13177366E+02
    2193.,  0.00000000E+00,  0.00000000E+00,  0.00000000E+00,  0.00000000E+00,  0.11935022E-07, -0.13903408E+02
    2194.,  0.00000000E+00,  0.00000000E+00,  0.00000000E+00,  0.00000000E+00,  0.20029237E-07, -0.13903408E+02
    2195.,  0.00000000E+00,  0.00000000E+00,  0.00000000E+00,  0.00000000E+00,  0.47868398E-08, -0.13903408E+02
    2196.,  0.00000000E+00,  0.00000000E+00,  0.00000000E+00,  0.00000000E+00,  0.55146130E-08, -0.13903408E+02
    2197.,  0.00000000E+00,  0.00000000E+00,  0.00000000E+00,  0.00000000E+00,  0.65934013E-08, -0.13903408E+02
    2198.,  0.00000000E+00,  0.00000000E+00,  0.00000000E+00,  0.00000000E+00,  0.73705381E-08, -0.13903408E+02
    2199.,  0.00000000E+00,  0.00000000E+00,  0.00000000E+00,  0.00000000E+00,  0.94909601E-08, -0.13903408E+02
    2200.,  0.00000000E+00,  0.00000000E+00,  0.00000000E+00,  0.00000000E+00,  0.65870146E-08, -0.13903408E+02
    2201.,  0.00000000E+00,  0.00000000E+00,  0.00000000E+00,  0.00000000E+00,  0.10204749E-07, -0.13903408E+02
    2202.,  0.00000000E+00,  0.00000000E+00,  0.00000000E+00,  0.00000000E+00,  0.39489738E-08, -0.13903408E+02
    2203.,  0.00000000E+00,  0.00000000E+00,  0.00000000E+00,  0.00000000E+00,  0.50553162E-08, -0.13903408E+02
    2204.,  0.00000000E+00,  0.00000000E+00,  0.00000000E+00,  0.00000000E+00,  0.37284460E-08, -0.13903408E+02
    2205.,  0.00000000E+00,  0.00000000E+00,  0.00000000E+00,  0.00000000E+00,  0.38468314E-08, -0.13903408E+02
    2206.,  0.00000000E+00,  0.00000000E+00,  0.00000000E+00,  0.00000000E+00,  0.15259495E-07, -0.13903408E+02
    2207.,  0.00000000E+00,  0.00000000E+00,  0.00000000E+00,  0.00000000E+00,  0.19028047E-07, -0.13903408E+02
    2208.,  0.00000000E+00,  0.00000000E+00,  0.00000000E+00,  0.00000000E+00,  0.29634775E-08, -0.13903408E+02
    2209.,  0.00000000E+00,  0.00000000E+00,  0.00000000E+00,  0.00000000E+00,  0.46144236E-08, -0.14629450E+02
    2210.,  0.00000000E+00,  0.00000000E+00,  0.00000000E+00,  0.00000000E+00,  0.13590414E-07, -0.14629450E+02
    2211.,  0.00000000E+00,  0.00000000E+00,  0.00000000E+00,  0.00000000E+00,  0.88529692E-08, -0.14629450E+02
    2212.,  0.00000000E+00,  0.00000000E+00,  0.00000000E+00,  0.00000000E+00,  0.36313584E-08, -0.14629450E+02
    2213.,  0.00000000E+00,  0.00000000E+00,  0.00000000E+00,  0.00000000E+00,  0.65546230E-08, -0.14629450E+02
    2214.,  0.00000000E+00,  0.00000000E+00,  0.00000000E+00,  0.00000000E+00,  0.56124347E-08, -0.14629450E+02
    2215.,  0.00000000E+00,  0.00000000E+00,  0.00000000E+00,  0.00000000E+00,  0.13893124E-07, -0.14629450E+02
    2216.,  0.00000000E+00,  0.00000000E+00,  0.00000000E+00,  0.00000000E+00,  0.25262651E-07, -0.14629450E+02
    2217.,  0.00000000E+00,  0.00000000E+00,  0.00000000E+00,  0.00000000E+00,  0.61487452E-08, -0.14629450E+02
    2218.,  0.00000000E+00,  0.00000000E+00,  0.00000000E+00,  0.00000000E+00,  0.15831771E-08, -0.14629450E+02
    2219.,  0.00000000E+00,  0.00000000E+00,  0.00000000E+00,  0.00000000E+00,  0.10998839E-07, -0.14629450E+02
    2220.,  0.00000000E+00,  0.00000000E+00,  0.00000000E+00,  0.00000000E+00,  0.11506167E-07, -0.14629450E+02
    2221.,  0.00000000E+00,  0.00000000E+00,  0.00000000E+00,  0.00000000E+00,  0.20174639E-08, -0.14629450E+02
    2222.,  0.00000000E+00,  0.00000000E+00,  0.00000000E+00,  0.00000000E+00,  0.77699062E-08, -0.14629450E+02
    2223.,  0.00000000E+00,  0.00000000E+00,  0.00000000E+00,  0.00000000E+00,  0.19719147E-07, -0.14629450E+02
    2224.,  0.00000000E+00,  0.00000000E+00,  0.00000000E+00,  0.00000000E+00,  0.15962201E-07, -0.14629450E+02
    2225.,  0.00000000E+00,  0.00000000E+00,  0.00000000E+00,  0.00000000E+00,  0.60374708E-08, -0.15355491E+02
    2226.,  0.00000000E+00,  0.00000000E+00,  0.00000000E+00,  0.00000000E+00,  0.56361505E-08, -0.15355491E+02
    2227.,  0.00000000E+00,  0.00000000E+00,  0.00000000E+00,  0.00000000E+00,  0.10216297E-07, -0.15355491E+02
    2228.,  0.00000000E+00,  0.00000000E+00,  0.00000000E+00,  0.00000000E+00,  0.14619252E-07, -0.15355491E+02
    2229.,  0.00000000E+00,  0.00000000E+00,  0.00000000E+00,  0.00000000E+00,  0.49366208E-08, -0.15355491E+02
    2230.,  0.00000000E+00,  0.00000000E+00,  0.00000000E+00,  0.00000000E+00,  0.10112884E-07, -0.15355491E+02
    2231.,  0.00000000E+00,  0.00000000E+00,  0.00000000E+00,  0.00000000E+00,  0.67827238E-08, -0.15355491E+02
    2232.,  0.00000000E+00,  0.00000000E+00,  0.00000000E+00,  0.00000000E+00,  0.13358675E-07, -0.15355491E+02
    2233.,  0.00000000E+00,  0.00000000E+00,  0.00000000E+00,  0.00000000E+00,  0.13116894E-07, -0.15355491E+02
    2234.,  0.00000000E+00,  0.00000000E+00,  0.00000000E+00,  0.00000000E+00,  0.61751754E-08, -0.15355491E+02
    2235.,  0.00000000E+00,  0.00000000E+00,  0.00000000E+00,  0.00000000E+00,  0.77971863E-08, -0.15355491E+02
    2236.,  0.00000000E+00,  0.00000000E+00,  0.00000000E+00,  0.00000000E+00,  0.14974447E-07, -0.15355491E+02
    2237.,  0.00000000E+00,  0.00000000E+00,  0.00000000E+00,  0.00000000E+00,  0.10825980E-07, -0.15355491E+02
    2238.,  0.00000000E+00,  0.00000000E+00,  0.00000000E+00,  0.00000000E+00,  0.17401214E-07, -0.15355491E+02
    2239.,  0.00000000E+00,  0.00000000E+00,  0.00000000E+00,  0.00000000E+00,  0.11913847E-07, -0.15355491E+02
    2240.,  0.00000000E+00,  0.00000000E+00,  0.00000000E+00,  0.00000000E+00,  0.14802328E-07, -0.15355491E+02
    2241.,  0.00000000E+00,  0.00000000E+00,  0.00000000E+00,  0.00000000E+00,  0.68119537E-08, -0.16081533E+02
    2242.,  0.00000000E+00,  0.00000000E+00,  0.00000000E+00,  0.00000000E+00,  0.98498947E-08, -0.16081533E+02
    2243.,  0.00000000E+00,  0.00000000E+00,  0.00000000E+00,  0.00000000E+00,  0.54653731E-08, -0.16081533E+02
    2244.,  0.00000000E+00,  0.00000000E+00,  0.00000000E+00,  0.00000000E+00,  0.13185287E-07, -0.16081533E+02
    2245.,  0.00000000E+00,  0.00000000E+00,  0.00000000E+00,  0.00000000E+00,  0.48452020E-08, -0.16081533E+02
    2246.,  0.00000000E+00,  0.00000000E+00,  0.00000000E+00,  0.00000000E+00,  0.91841589E-08, -0.16081533E+02
    2247.,  0.00000000E+00,  0.00000000E+00,  0.00000000E+00,  0.00000000E+00,  0.10473237E-07, -0.16081533E+02
    2248.,  0.00000000E+00,  0.00000000E+00,  0.00000000E+00,  0.00000000E+00,  0.44680824E-08, -0.16081533E+02
    2249.,  0.00000000E+00,  0.00000000E+00,  0.00000000E+00,  0.00000000E+00,  0.74253121E-08, -0.16081533E+02
    2250.,  0.00000000E+00,  0.00000000E+00,  0.00000000E+00,  0.00000000E+00,  0.14275173E-07, -0.16081533E+02
    2251.,  0.00000000E+00,  0.00000000E+00,  0.00000000E+00,  0.00000000E+00,  0.67440733E-08, -0.16081533E+02
    2252.,  0.00000000E+00,  0.00000000E+00,  0.00000000E+00,  0.00000000E+00,  0.13408343E-07, -0.16081533E+02
    2253.,  0.00000000E+00,  0.00000000E+00,  0.00000000E+00,  0.00000000E+00,  0.10325018E-07, -0.16081533E+02
    2254.,  0.00000000E+00,  0.00000000E+00,  0.00000000E+00,  0.00000000E+00,  0.11207536E-07, -0.16081533E+02
    2255.,  0.00000000E+00,  0.00000000E+00,  0.00000000E+00,  0.00000000E+00,  0.14810389E-07, -0.16081533E+02
    2256.,  0.00000000E+00,  0.00000000E+00,  0.00000000E+00,  0.00000000E+00,  0.55113415E-08, -0.16081533E+02
    2257.,  0.00000000E+00,  0.00000000E+00,  0.00000000E+00,  0.00000000E+00,  0.86402676E-08, -0.16807575E+02
    2258.,  0.00000000E+00,  0.00000000E+00,  0.00000000E+00,  0.00000000E+00,  0.10127285E-07, -0.16807575E+02
    2259.,  0.00000000E+00,  0.00000000E+00,  0.00000000E+00,  0.00000000E+00,  0.77077110E-08, -0.16807575E+02
    2260.,  0.00000000E+00,  0.00000000E+00,  0.00000000E+00,  0.00000000E+00,  0.75367102E-08, -0.16807575E+02
    2261.,  0.00000000E+00,  0.00000000E+00,  0.00000000E+00,  0.00000000E+00,  0.72576883E-08, -0.16807575E+02
    2262.,  0.00000000E+00,  0.00000000E+00,  0.00000000E+00,  0.00000000E+00,  0.85493298E-08, -0.16807575E+02
    2263.,  0.00000000E+00,  0.00000000E+00,  0.00000000E+00,  0.00000000E+00,  0.85221574E-08, -0.16807575E+02
    2264.,  0.00000000E+00,  0.00000000E+00,  0.00000000E+00,  0.00000000E+00,  0.85034122E-08, -0.16807575E+02
    2265.,  0.00000000E+00,  0.00000000E+00,  0.00000000E+00,  0.00000000E+00,  0.11137358E-07, -0.16807575E+02
    2266.,  0.00000000E+00,  0.00000000E+00,  0.00000000E+00,  0.00000000E+00,  0.23089842E-07, -0.16807575E+02
    2267.,  0.00000000E+00,  0.00000000E+00,  0.00000000E+00,  0.00000000E+00,  0.25431429E-08, -0.16807575E+02
    2268.,  0.00000000E+00,  0.00000000E+00,  0.00000000E+00,  0.00000000E+00,  0.97879964E-08, -0.16807575E+02
    2269.,  0.00000000E+00,  0.00000000E+00,  0.00000000E+00,  0.00000000E+00,  0.89940235E-08, -0.16807575E+02
    2270.,  0.00000000E+00,  0.00000000E+00,  0.00000000E+00,  0.00000000E+00,  0.25875765E-07, -0.16807575E+02
    2271.,  0.00000000E+00,  0.00000000E+00,  0.00000000E+00,  0.00000000E+00,  0.24105687E-07, -0.16807575E+02
    2272.,  0.00000000E+00,  0.00000000E+00,  0.00000000E+00,  0.00000000E+00,  0.73263896E-08, -0.16807575E+02
    2273.,  0.00000000E+00,  0.00000000E+00,  0.00000000E+00,  0.00000000E+00,  0.23409029E-08, -0.17533617E+02
    2274.,  0.00000000E+00,  0.00000000E+00,  0.00000000E+00,  0.00000000E+00,  0.50824438E-08, -0.17533617E+02
    2275.,  0.00000000E+00,  0.00000000E+00,  0.00000000E+00,  0.00000000E+00,  0.23968996E-08, -0.17533617E+02
    2276.,  0.00000000E+00,  0.00000000E+00,  0.00000000E+00,  0.00000000E+00,  0.13032333E-07, -0.17533617E+02
    2277.,  0.00000000E+00,  0.00000000E+00,  0.00000000E+00,  0.00000000E+00,  0.39049460E-08, -0.17533617E+02
    2278.,  0.00000000E+00,  0.00000000E+00,  0.00000000E+00,  0.00000000E+00,  0.19658289E-08, -0.17533617E+02
    2279.,  0.00000000E+00,  0.00000000E+00,  0.00000000E+00,  0.00000000E+00,  0.19822492E-08, -0.17533617E+02
    2280.,  0.00000000E+00,  0.00000000E+00,  0.00000000E+00,  0.00000000E+00,  0.51049826E-08, -0.17533617E+02
    2281.,  0.00000000E+00,  0.00000000E+00,  0.00000000E+00,  0.00000000E+00,  0.49162173E-08, -0.17533617E+02
    2282.,  0.00000000E+00,  0.00000000E+00,  0.00000000E+00,  0.00000000E+00,  0.10447393E-07, -0.17533617E+02
    2283.,  0.00000000E+00,  0.00000000E+00,  0.00000000E+00,  0.00000000E+00,  0.31991245E-08, -0.17533617E+02
    2284.,  0.00000000E+00,  0.00000000E+00,  0.00000000E+00,  0.00000000E+00,  0.18323502E-07, -0.17533617E+02
    2285.,  0.00000000E+00,  0.00000000E+00,  0.00000000E+00,  0.00000000E+00,  0.13528573E-07, -0.17533617E+02
    2286.,  0.00000000E+00,  0.00000000E+00,  0.00000000E+00,  0.00000000E+00,  0.55779897E-08, -0.17533617E+02
    2287.,  0.00000000E+00,  0.00000000E+00,  0.00000000E+00,  0.00000000E+00,  0.22167149E-07, -0.17533617E+02
    2288.,  0.00000000E+00,  0.00000000E+00,  0.00000000E+00,  0.00000000E+00,  0.11240515E-07, -0.17533617E+02
    2289.,  0.00000000E+00,  0.00000000E+00,  0.00000000E+00,  0.00000000E+00,  0.10505795E-07, -0.18259658E+02
    2290.,  0.00000000E+00,  0.00000000E+00,  0.00000000E+00,  0.00000000E+00,  0.16394078E-07, -0.18259658E+02
    2291.,  0.00000000E+00,  0.00000000E+00,  0.00000000E+00,  0.00000000E+00,  0.98668185E-08, -0.18259658E+02
    2292.,  0.00000000E+00,  0.00000000E+00,  0.00000000E+00,  0.00000000E+00,  0.11280779E-07, -0.18259658E+02
    2293.,  0.00000000E+00,  0.00000000E+00,  0.00000000E+00,  0.00000000E+00,  0.86626835E-08, -0.18259658E+02
    2294.,  0.00000000E+00,  0.00000000E+00,  0.00000000E+00,  0.00000000E+00,  0.12358652E-07, -0.18259658E+02
    2295.,  0.00000000E+00,  0.00000000E+00,  0.00000000E+00,  0.00000000E+00,  0.11585348E-07, -0.18259658E+02
    2296.,  0.00000000E+00,  0.00000000E+00,  0.00000000E+00,  0.00000000E+00,  0.20241207E-08, -0.18259658E+02
    2297.,  0.00000000E+00,  0.00000000E+00,  0.00000000E+00,  0.00000000E+00,  0.91665294E-08, -0.18259658E+02
    2298.,  0.00000000E+00,  0.00000000E+00,  0.00000000E+00,  0.00000000E+00,  0.10059282E-07, -0.18259658E+02
    2299.,  0.00000000E+00,  0.00000000E+00,  0.00000000E+00,  0.00000000E+00,  0.12462672E-07, -0.18259658E+02
    2300.,  0.00000000E+00,  0.00000000E+00,  0.00000000E+00,  0.00000000E+00,  0.88697269E-08, -0.18259658E+02
    2301.,  0.00000000E+00,  0.00000000E+00,  0.00000000E+00,  0.00000000E+00,  0.66242036E-08, -0.18259658E+02
    2302.,  0.00000000E+00,  0.00000000E+00,  0.00000000E+00,  0.00000000E+00,  0.27028662E-08, -0.18259658E+02
    2303.,  0.00000000E+00,  0.00000000E+00,  0.00000000E+00,  0.00000000E+00,  0.18526857E-07, -0.18259658E+02
    2304.,  0.00000000E+00,  0.00000000E+00,  0.00000000E+00,  0.00000000E+00,  0.20594615E-07, -0.18259658E+02
