element,damage_top,damage_mid,damage_bot,peeq_bot,seqv_bot,z_mm
       1.,  0.00000000E+00,  0.00000000E+00,  0.00000000E+00,  0.00000000E+00,  0.40039603E+02, -0.11976790E+01
       2.,  0.00000000E+00,  0.00000000E+00,  0.00000000E+00,  0.00000000E+00,  0.42770235E+02, -0.11976790E+01
       3.,  0.00000000E+00,  0.00000000E+00,  0.00000000E+00,  0.00000000E+00,  0.43459780E+02, -0.11976790E+01
       4.,  0.00000000E+00,  0.00000000E+00,  0.00000000E+00,  0.00000000E+00,  0.38695985E+02, -0.11976790E+01
       5.,  0.00000000E+00,  0.00000000E+00,  0.00000000E+00,  0.00000000E+00,  0.31706570E+02, -0.11976790E+01
       6.,  0.00000000E+00,  0.00000000E+00,  0.00000000E+00,  0.00000000E+00,  0.28952485E+02, -0.11976790E+01
       7.,  0.00000000E+00,  0.00000000E+00,  0.00000000E+00,  0.00000000E+00,  0.33014251E+02, -0.11976790E+01
       8.,  0.00000000E+00,  0.00000000E+00,  0.00000000E+00,  0.00000000E+00,  0.36105011E+02, -0.11976790E+01
       9.,  0.00000000E+00,  0.00000000E+00,  0.00000000E+00,  0.00000000E+00,  0.34675541E+02, -0.11976790E+01
      10.,  0.00000000E+00,  0.00000000E+00,  0.00000000E+00,  0.00000000E+00,  0.36140645E+02, -0.11976790E+01
      11.,  0.00000000E+00,  0.00000000E+00,  0.00000000E+00,  0.00000000E+00,  0.45461217E+02, -0.11976790E+01
      12.,  0.00000000E+00,  0.00000000E+00,  0.00000000E+00,  0.00000000E+00,  0.54989948E+02, -0.11976790E+01
      13.,  0.00000000E+00,  0.00000000E+00,  0.00000000E+00,  0.00000000E+00,  0.59186059E+02, -0.11976790E+01
      14.,  0.00000000E+00,  0.00000000E+00,  0.00000000E+00,  0.00000000E+00,  0.57049706E+02, -0.11976790E+01
      15.,  0.00000000E+00,  0.00000000E+00,  0.00000000E+00,  0.00000000E+00,  0.51885770E+02, -0.11976790E+01
      16.,  0.00000000E+00,  0.00000000E+00,  0.00000000E+00,  0.00000000E+00,  0.47528403E+02, -0.11976790E+01
      17.,  0.00000000E+00,  0.00000000E+00,  0.00000000E+00,  0.00000000E+00,  0.40928248E+02, -0.11976790E+01
      18.,  0.00000000E+00,  0.00000000E+00,  0.00000000E+00,  0.00000000E+00,  0.43043632E+02, -0.11976790E+01
      19.,  0.00000000E+00,  0.00000000E+00,  0.00000000E+00,  0.00000000E+00,  0.48076560E+02, -0.11976790E+01
      20.,  0.00000000E+00,  0.00000000E+00,  0.00000000E+00,  0.00000000E+00,  0.58343405E+02, -0.11976790E+01
      21.,  0.00000000E+00,  0.00000000E+00,  0.00000000E+00,  0.00000000E+00,  0.69382153E+02, -0.11976790E+01
      22.,  0.00000000E+00,  0.00000000E+00,  0.00000000E+00,  0.00000000E+00,  0.77623572E+02, -0.11976790E+01
      23.,  0.00000000E+00,  0.00000000E+00,  0.00000000E+00,  0.00000000E+00,  0.80435644E+02, -0.11976790E+01
      24.,  0.00000000E+00,  0.00000000E+00,  0.00000000E+00,  0.00000000E+00,  0.77345672E+02, -0.11976790E+01
      25.,  0.00000000E+00,  0.00000000E+00,  0.00000000E+00,  0.00000000E+00,  0.69722228E+02, -0.11976790E+01
      26.,  0.00000000E+00,  0.00000000E+00,  0.00000000E+00,  0.00000000E+00,  0.59790952E+02, -0.11976790E+01
      27.,  0.00000000E+00,  0.00000000E+00,  0.00000000E+00,  0.00000000E+00,  0.49522150E+02, -0.11976790E+01
      28.,  0.00000000E+00,  0.00000000E+00,  0.00000000E+00,  0.00000000E+00,  0.40089435E+02, -0.11976790E+01
      29.,  0.00000000E+00,  0.00000000E+00,  0.00000000E+00,  0.00000000E+00,  0.31939741E+02, -0.11976790E+01
      30.,  0.00000000E+00,  0.00000000E+00,  0.00000000E+00,  0.00000000E+00,  0.25121371E+02, -0.11976790E+01
      31.,  0.00000000E+00,  0.00000000E+00,  0.00000000E+00,  0.00000000E+00,  0.19539791E+02, -0.11976790E+01
      32.,  0.00000000E+00,  0.00000000E+00,  0.00000000E+00,  0.00000000E+00,  0.15084898E+02, -0.11976790E+01
      33.,  0.00000000E+00,  0.00000000E+00,  0.00000000E+00,  0.00000000E+00,  0.11527074E+02, -0.11976790E+01
      34.,  0.00000000E+00,  0.00000000E+00,  0.00000000E+00,  0.00000000E+00,  0.88797568E+01, -0.11976790E+01
      35.,  0.00000000E+00,  0.00000000E+00,  0.00000000E+00,  0.00000000E+00,  0.81788053E+01, -0.11976790E+01
      36.,  0.00000000E+00,  0.00000000E+00,  0.00000000E+00,  0.00000000E+00,  0.10122421E+02, -0.11976790E+01
      37.,  0.00000000E+00,  0.00000000E+00,  0.00000000E+00,  0.00000000E+00,  0.13524450E+02, -0.11976790E+01
      38.,  0.00000000E+00,  0.00000000E+00,  0.00000000E+00,  0.00000000E+00,  0.17064639E+02, -0.11976790E+01
      39.,  0.00000000E+00,  0.00000000E+00,  0.00000000E+00,  0.00000000E+00,  0.19834917E+02, -0.11976790E+01
      40.,  0.00000000E+00,  0.00000000E+00,  0.00000000E+00,  0.00000000E+00,  0.21158919E+02, -0.11976790E+01
      41.,  0.00000000E+00,  0.00000000E+00,  0.00000000E+00,  0.00000000E+00,  0.20638522E+02, -0.11976790E+01
      42.,  0.00000000E+00,  0.00000000E+00,  0.00000000E+00,  0.00000000E+00,  0.18285368E+02, -0.11976790E+01
      43.,  0.00000000E+00,  0.00000000E+00,  0.00000000E+00,  0.00000000E+00,  0.14592650E+02, -0.11976790E+01
      44.,  0.00000000E+00,  0.00000000E+00,  0.00000000E+00,  0.00000000E+00,  0.10651292E+02, -0.11976790E+01
      45.,  0.00000000E+00,  0.00000000E+00,  0.00000000E+00,  0.00000000E+00,  0.86742707E+01, -0.11976790E+01
      46.,  0.00000000E+00,  0.00000000E+00,  0.00000000E+00,  0.00000000E+00,  0.10749979E+02, -0.11976790E+01
      47.,  0.00000000E+00,  0.00000000E+00,  0.00000000E+00,  0.00000000E+00,  0.15269552E+02, -0.11976790E+01
      48.,  0.00000000E+00,  0.00000000E+00,  0.00000000E+00,  0.00000000E+00,  0.20412984E+02, -0.11976790E+01
      49.,  0.00000000E+00,  0.00000000E+00,  0.00000000E+00,  0.00000000E+00,  0.25857262E+02, -0.11976790E+01
      50.,  0.00000000E+00,  0.00000000E+00,  0.00000000E+00,  0.00000000E+00,  0.32143727E+02, -0.11976790E+01
      51.,  0.00000000E+00,  0.00000000E+00,  0.00000000E+00,  0.00000000E+00,  0.39735120E+02, -0.11976790E+01
      52.,  0.00000000E+00,  0.00000000E+00,  0.00000000E+00,  0.00000000E+00,  0.48777964E+02, -0.11976790E+01
      53.,  0.00000000E+00,  0.00000000E+00,  0.00000000E+00,  0.00000000E+00,  0.59259442E+02, -0.11976790E+01
      54.,  0.00000000E+00,  0.00000000E+00,  0.00000000E+00,  0.00000000E+00,  0.70774893E+02, -0.11976790E+01
      55.,  0.00000000E+00,  0.00000000E+00,  0.00000000E+00,  0.00000000E+00,  0.82175927E+02, -0.11976790E+01
      56.,  0.00000000E+00,  0.00000000E+00,  0.00000000E+00,  0.00000000E+00,  0.91372626E+02, -0.11976790E+01
      57.,  0.00000000E+00,  0.00000000E+00,  0.00000000E+00,  0.00000000E+00,  0.95761630E+02, -0.11976790E+01
      58.,  0.00000000E+00,  0.00000000E+00,  0.00000000E+00,  0.00000000E+00,  0.93396998E+02, -0.11976790E+01
      59.,  0.00000000E+00,  0.00000000E+00,  0.00000000E+00,  0.00000000E+00,  0.84219074E+02, -0.11976790E+01
      60.,  0.00000000E+00,  0.00000000E+00,  0.00000000E+00,  0.00000000E+00,  0.70474153E+02, -0.11976790E+01
      61.,  0.00000000E+00,  0.00000000E+00,  0.00000000E+00,  0.00000000E+00,  0.55802739E+02, -0.11976790E+01
      62.,  0.00000000E+00,  0.00000000E+00,  0.00000000E+00,  0.00000000E+00,  0.44717939E+02, -0.11976790E+01
      63.,  0.00000000E+00,  0.00000000E+00,  0.00000000E+00,  0.00000000E+00,  0.38355340E+02, -0.11976790E+01
      64.,  0.00000000E+00,  0.00000000E+00,  0.00000000E+00,  0.00000000E+00,  0.43058056E+02, -0.11976790E+01
      65.,  0.00000000E+00,  0.00000000E+00,  0.00000000E+00,  0.00000000E+00,  0.82293782E+02, -0.11976790E+01
      66.,  0.00000000E+00,  0.00000000E+00,  0.00000000E+00,  0.00000000E+00,  0.67522080E+02, -0.11976790E+01
      67.,  0.00000000E+00,  0.00000000E+00,  0.00000000E+00,  0.00000000E+00,  0.50559530E+02, -0.11976790E+01
      68.,  0.00000000E+00,  0.00000000E+00,  0.00000000E+00,  0.00000000E+00,  0.45712852E+02, -0.11976790E+01
      69.,  0.00000000E+00,  0.00000000E+00,  0.00000000E+00,  0.00000000E+00,  0.47893977E+02, -0.11976790E+01
      70.,  0.00000000E+00,  0.00000000E+00,  0.00000000E+00,  0.00000000E+00,  0.44842126E+02, -0.11976790E+01
      71.,  0.00000000E+00,  0.00000000E+00,  0.00000000E+00,  0.00000000E+00,  0.29484318E+02, -0.11976790E+01
      72.,  0.00000000E+00,  0.00000000E+00,  0.00000000E+00,  0.00000000E+00,  0.25581051E+02, -0.11976790E+01
      73.,  0.00000000E+00,  0.00000000E+00,  0.00000000E+00,  0.00000000E+00,  0.51647825E+02, -0.11976790E+01
      74.,  0.00000000E+00,  0.00000000E+00,  0.00000000E+00,  0.00000000E+00,  0.68225299E+02, -0.11976790E+01
      75.,  0.00000000E+00,  0.00000000E+00,  0.00000000E+00,  0.00000000E+00,  0.65929411E+02, -0.11976790E+01
      76.,  0.00000000E+00,  0.00000000E+00,  0.00000000E+00,  0.00000000E+00,  0.53559559E+02, -0.11976790E+01
      77.,  0.00000000E+00,  0.00000000E+00,  0.00000000E+00,  0.00000000E+00,  0.45218383E+02, -0.11976790E+01
      78.,  0.00000000E+00,  0.00000000E+00,  0.00000000E+00,  0.00000000E+00,  0.50571841E+02, -0.11976790E+01
      79.,  0.00000000E+00,  0.00000000E+00,  0.00000000E+00,  0.00000000E+00,  0.63972839E+02, -0.11976790E+01
      80.,  0.00000000E+00,  0.00000000E+00,  0.00000000E+00,  0.00000000E+00,  0.66028139E+02, -0.11976790E+01
      81.,  0.00000000E+00,  0.00000000E+00,  0.00000000E+00,  0.00000000E+00,  0.82579178E+02, -0.11976790E+01
      82.,  0.00000000E+00,  0.00000000E+00,  0.00000000E+00,  0.00000000E+00,  0.79802784E+02, -0.11976790E+01
      83.,  0.00000000E+00,  0.00000000E+00,  0.00000000E+00,  0.00000000E+00,  0.81684137E+02, -0.11976790E+01
      84.,  0.00000000E+00,  0.00000000E+00,  0.00000000E+00,  0.00000000E+00,  0.77350338E+02, -0.11976790E+01
      85.,  0.00000000E+00,  0.00000000E+00,  0.00000000E+00,  0.00000000E+00,  0.70356806E+02, -0.11976790E+01
      86.,  0.00000000E+00,  0.00000000E+00,  0.00000000E+00,  0.00000000E+00,  0.62115722E+02, -0.11976790E+01
      87.,  0.00000000E+00,  0.00000000E+00,  0.00000000E+00,  0.00000000E+00,  0.55213702E+02, -0.11976790E+01
      88.,  0.00000000E+00,  0.00000000E+00,  0.00000000E+00,  0.00000000E+00,  0.50247617E+02, -0.11976790E+01
      89.,  0.00000000E+00,  0.00000000E+00,  0.00000000E+00,  0.00000000E+00,  0.46081249E+02, -0.11976790E+01
      90.,  0.00000000E+00,  0.00000000E+00,  0.00000000E+00,  0.00000000E+00,  0.41708539E+02, -0.11976790E+01
      91.,  0.00000000E+00,  0.00000000E+00,  0.00000000E+00,  0.00000000E+00,  0.37132368E+02, -0.11976790E+01
      92.,  0.00000000E+00,  0.00000000E+00,  0.00000000E+00,  0.00000000E+00,  0.32763675E+02, -0.11976790E+01
      93.,  0.00000000E+00,  0.00000000E+00,  0.00000000E+00,  0.00000000E+00,  0.28913192E+02, -0.11976790E+01
      94.,  0.00000000E+00,  0.00000000E+00,  0.00000000E+00,  0.00000000E+00,  0.25693068E+02, -0.11976790E+01
      95.,  0.00000000E+00,  0.00000000E+00,  0.00000000E+00,  0.00000000E+00,  0.23082868E+02, -0.11976790E+01
      96.,  0.00000000E+00,  0.00000000E+00,  0.00000000E+00,  0.00000000E+00,  0.21005208E+02, -0.11976790E+01
      97.,  0.00000000E+00,  0.00000000E+00,  0.00000000E+00,  0.00000000E+00,  0.19257753E+02, -0.11976790E+01
      98.,  0.00000000E+00,  0.00000000E+00,  0.00000000E+00,  0.00000000E+00,  0.17610033E+02, -0.11976790E+01
      99.,  0.00000000E+00,  0.00000000E+00,  0.00000000E+00,  0.00000000E+00,  0.16005092E+02, -0.11976790E+01
     100.,  0.00000000E+00,  0.00000000E+00,  0.00000000E+00,  0.00000000E+00,  0.14461649E+02, -0.11976790E+01
     101.,  0.00000000E+00,  0.00000000E+00,  0.00000000E+00,  0.00000000E+00,  0.12967913E+02, -0.11976790E+01
     102.,  0.00000000E+00,  0.00000000E+00,  0.00000000E+00,  0.00000000E+00,  0.11489264E+02, -0.11976790E+01
     103.,  0.00000000E+00,  0.00000000E+00,  0.00000000E+00,  0.00000000E+00,  0.10060250E+02, -0.11976790E+01
     104.,  0.00000000E+00,  0.00000000E+00,  0.00000000E+00,  0.00000000E+00,  0.89568502E+01, -0.11976790E+01
     105.,  0.00000000E+00,  0.00000000E+00,  0.00000000E+00,  0.00000000E+00,  0.87399763E+01, -0.11976790E+01
     106.,  0.00000000E+00,  0.00000000E+00,  0.00000000E+00,  0.00000000E+00,  0.97876068E+01, -0.11976790E+01
     107.,  0.00000000E+00,  0.00000000E+00,  0.00000000E+00,  0.00000000E+00,  0.11852138E+02, -0.11976790E+01
     108.,  0.00000000E+00,  0.00000000E+00,  0.00000000E+00,  0.00000000E+00,  0.14466063E+02, -0.11976790E+01
     109.,  0.00000000E+00,  0.00000000E+00,  0.00000000E+00,  0.00000000E+00,  0.17317051E+02, -0.11976790E+01
     110.,  0.00000000E+00,  0.00000000E+00,  0.00000000E+00,  0.00000000E+00,  0.20235954E+02, -0.11976790E+01
     111.,  0.00000000E+00,  0.00000000E+00,  0.00000000E+00,  0.00000000E+00,  0.23122424E+02, -0.11976790E+01
     112.,  0.00000000E+00,  0.00000000E+00,  0.00000000E+00,  0.00000000E+00,  0.25911076E+02, -0.11976790E+01
     113.,  0.00000000E+00,  0.00000000E+00,  0.00000000E+00,  0.00000000E+00,  0.28717095E+02, -0.11976790E+01
     114.,  0.00000000E+00,  0.00000000E+00,  0.00000000E+00,  0.00000000E+00,  0.31892874E+02, -0.11976790E+01
     115.,  0.00000000E+00,  0.00000000E+00,  0.00000000E+00,  0.00000000E+00,  0.35697394E+02, -0.11976790E+01
     116.,  0.00000000E+00,  0.00000000E+00,  0.00000000E+00,  0.00000000E+00,  0.40180765E+02, -0.11976790E+01
     117.,  0.00000000E+00,  0.00000000E+00,  0.00000000E+00,  0.00000000E+00,  0.45293995E+02, -0.11976790E+01
     118.,  0.00000000E+00,  0.00000000E+00,  0.00000000E+00,  0.00000000E+00,  0.50826289E+02, -0.11976790E+01
     119.,  0.00000000E+00,  0.00000000E+00,  0.00000000E+00,  0.00000000E+00,  0.56500876E+02, -0.11976790E+01
     120.,  0.00000000E+00,  0.00000000E+00,  0.00000000E+00,  0.00000000E+00,  0.62288566E+02, -0.11976790E+01
     121.,  0.00000000E+00,  0.00000000E+00,  0.00000000E+00,  0.00000000E+00,  0.68793302E+02, -0.11976790E+01
     122.,  0.00000000E+00,  0.00000000E+00,  0.00000000E+00,  0.00000000E+00,  0.76635842E+02, -0.11976790E+01
     123.,  0.00000000E+00,  0.00000000E+00,  0.00000000E+00,  0.00000000E+00,  0.84841918E+02, -0.11976790E+01
     124.,  0.00000000E+00,  0.00000000E+00,  0.00000000E+00,  0.00000000E+00,  0.90972675E+02, -0.11976790E+01
     125.,  0.00000000E+00,  0.00000000E+00,  0.00000000E+00,  0.00000000E+00,  0.93884922E+02, -0.11976790E+01
     126.,  0.00000000E+00,  0.00000000E+00,  0.00000000E+00,  0.00000000E+00,  0.92625994E+02, -0.11976790E+01
     127.,  0.00000000E+00,  0.00000000E+00,  0.00000000E+00,  0.00000000E+00,  0.94242286E+02, -0.11976790E+01
     128.,  0.00000000E+00,  0.00000000E+00,  0.00000000E+00,  0.00000000E+00,  0.71173250E+02, -0.11976790E+01
     129.,  0.00000000E+00,  0.00000000E+00,  0.00000000E+00,  0.00000000E+00,  0.71334145E+02, -0.11976790E+01
     130.,  0.00000000E+00,  0.00000000E+00,  0.00000000E+00,  0.00000000E+00,  0.54500686E+02, -0.11976790E+01
     131.,  0.00000000E+00,  0.00000000E+00,  0.00000000E+00,  0.00000000E+00,  0.39410640E+02, -0.11976790E+01
     132.,  0.00000000E+00,  0.00000000E+00,  0.00000000E+00,  0.00000000E+00,  0.28897070E+02, -0.11976790E+01
     133.,  0.00000000E+00,  0.00000000E+00,  0.00000000E+00,  0.00000000E+00,  0.32158794E+02, -0.11976790E+01
     134.,  0.00000000E+00,  0.00000000E+00,  0.00000000E+00,  0.00000000E+00,  0.33522701E+02, -0.11976790E+01
     135.,  0.00000000E+00,  0.00000000E+00,  0.00000000E+00,  0.00000000E+00,  0.23512069E+02, -0.11976790E+01
     136.,  0.00000000E+00,  0.00000000E+00,  0.00000000E+00,  0.00000000E+00,  0.34429272E+02, -0.11976790E+01
     137.,  0.00000000E+00,  0.00000000E+00,  0.00000000E+00,  0.00000000E+00,  0.68633572E+02, -0.11976790E+01
     138.,  0.00000000E+00,  0.00000000E+00,  0.00000000E+00,  0.00000000E+00,  0.89356267E+02, -0.11976790E+01
     139.,  0.00000000E+00,  0.00000000E+00,  0.00000000E+00,  0.00000000E+00,  0.93077195E+02, -0.11976790E+01
     140.,  0.00000000E+00,  0.00000000E+00,  0.00000000E+00,  0.00000000E+00,  0.89103123E+02, -0.11976790E+01
     141.,  0.00000000E+00,  0.00000000E+00,  0.00000000E+00,  0.00000000E+00,  0.90824924E+02, -0.11976790E+01
     142.,  0.00000000E+00,  0.00000000E+00,  0.00000000E+00,  0.00000000E+00,  0.94044077E+02, -0.11976790E+01
     143.,  0.00000000E+00,  0.00000000E+00,  0.00000000E+00,  0.00000000E+00,  0.99315055E+02, -0.11976790E+01
     144.,  0.00000000E+00,  0.00000000E+00,  0.00000000E+00,  0.00000000E+00,  0.11526455E+03, -0.11976790E+01
     145.,  0.00000000E+00,  0.00000000E+00,  0.00000000E+00,  0.00000000E+00,  0.89485130E+02, -0.11976790E+01
     146.,  0.00000000E+00,  0.00000000E+00,  0.00000000E+00,  0.00000000E+00,  0.10565139E+03, -0.11976790E+01
     147.,  0.00000000E+00,  0.00000000E+00,  0.00000000E+00,  0.00000000E+00,  0.94934512E+02, -0.11976790E+01
     148.,  0.00000000E+00,  0.00000000E+00,  0.00000000E+00,  0.00000000E+00,  0.86298898E+02, -0.11976790E+01
     149.,  0.00000000E+00,  0.00000000E+00,  0.00000000E+00,  0.00000000E+00,  0.72268725E+02, -0.11976790E+01
     150.,  0.00000000E+00,  0.00000000E+00,  0.00000000E+00,  0.00000000E+00,  0.56569793E+02, -0.11976790E+01
     151.,  0.00000000E+00,  0.00000000E+00,  0.00000000E+00,  0.00000000E+00,  0.43795243E+02, -0.11976790E+01
     152.,  0.00000000E+00,  0.00000000E+00,  0.00000000E+00,  0.00000000E+00,  0.36438371E+02, -0.11976790E+01
     153.,  0.00000000E+00,  0.00000000E+00,  0.00000000E+00,  0.00000000E+00,  0.32815598E+02, -0.11976790E+01
     154.,  0.00000000E+00,  0.00000000E+00,  0.00000000E+00,  0.00000000E+00,  0.30496379E+02, -0.11976790E+01
     155.,  0.00000000E+00,  0.00000000E+00,  0.00000000E+00,  0.00000000E+00,  0.28447318E+02, -0.11976790E+01
     156.,  0.00000000E+00,  0.00000000E+00,  0.00000000E+00,  0.00000000E+00,  0.26557032E+02, -0.11976790E+01
     157.,  0.00000000E+00,  0.00000000E+00,  0.00000000E+00,  0.00000000E+00,  0.24915411E+02, -0.11976790E+01
     158.,  0.00000000E+00,  0.00000000E+00,  0.00000000E+00,  0.00000000E+00,  0.23543145E+02, -0.11976790E+01
     159.,  0.00000000E+00,  0.00000000E+00,  0.00000000E+00,  0.00000000E+00,  0.22400448E+02, -0.11976790E+01
     160.,  0.00000000E+00,  0.00000000E+00,  0.00000000E+00,  0.00000000E+00,  0.21432421E+02, -0.11976790E+01
     161.,  0.00000000E+00,  0.00000000E+00,  0.00000000E+00,  0.00000000E+00,  0.20525092E+02, -0.11976790E+01
     162.,  0.00000000E+00,  0.00000000E+00,  0.00000000E+00,  0.00000000E+00,  0.19525039E+02, -0.11976790E+01
     163.,  0.00000000E+00,  0.00000000E+00,  0.00000000E+00,  0.00000000E+00,  0.18303066E+02, -0.11976790E+01
     164.,  0.00000000E+00,  0.00000000E+00,  0.00000000E+00,  0.00000000E+00,  0.16736126E+02, -0.11976790E+01
     165.,  0.00000000E+00,  0.00000000E+00,  0.00000000E+00,  0.00000000E+00,  0.14658492E+02, -0.11976790E+01
     166.,  0.00000000E+00,  0.00000000E+00,  0.00000000E+00,  0.00000000E+00,  0.11920411E+02, -0.11976790E+01
     167.,  0.00000000E+00,  0.00000000E+00,  0.00000000E+00,  0.00000000E+00,  0.85550682E+01, -0.11976790E+01
     168.,  0.00000000E+00,  0.00000000E+00,  0.00000000E+00,  0.00000000E+00,  0.53112104E+01, -0.11976790E+01
     169.,  0.00000000E+00,  0.00000000E+00,  0.00000000E+00,  0.00000000E+00,  0.51780797E+01, -0.11976790E+01
     170.,  0.00000000E+00,  0.00000000E+00,  0.00000000E+00,  0.00000000E+00,  0.86627482E+01, -0.11976790E+01
     171.,  0.00000000E+00,  0.00000000E+00,  0.00000000E+00,  0.00000000E+00,  0.12697722E+02, -0.11976790E+01
     172.,  0.00000000E+00,  0.00000000E+00,  0.00000000E+00,  0.00000000E+00,  0.16286269E+02, -0.11976790E+01
     173.,  0.00000000E+00,  0.00000000E+00,  0.00000000E+00,  0.00000000E+00,  0.19244269E+02, -0.11976790E+01
     174.,  0.00000000E+00,  0.00000000E+00,  0.00000000E+00,  0.00000000E+00,  0.21631598E+02, -0.11976790E+01
     175.,  0.00000000E+00,  0.00000000E+00,  0.00000000E+00,  0.00000000E+00,  0.23575621E+02, -0.11976790E+01
     176.,  0.00000000E+00,  0.00000000E+00,  0.00000000E+00,  0.00000000E+00,  0.25203184E+02, -0.11976790E+01
     177.,  0.00000000E+00,  0.00000000E+00,  0.00000000E+00,  0.00000000E+00,  0.26678266E+02, -0.11976790E+01
     178.,  0.00000000E+00,  0.00000000E+00,  0.00000000E+00,  0.00000000E+00,  0.28248234E+02, -0.11976790E+01
     179.,  0.00000000E+00,  0.00000000E+00,  0.00000000E+00,  0.00000000E+00,  0.30084231E+02, -0.11976790E+01
     180.,  0.00000000E+00,  0.00000000E+00,  0.00000000E+00,  0.00000000E+00,  0.32290870E+02, -0.11976790E+01
     181.,  0.00000000E+00,  0.00000000E+00,  0.00000000E+00,  0.00000000E+00,  0.35009580E+02, -0.11976790E+01
     182.,  0.00000000E+00,  0.00000000E+00,  0.00000000E+00,  0.00000000E+00,  0.38408670E+02, -0.11976790E+01
     183.,  0.00000000E+00,  0.00000000E+00,  0.00000000E+00,  0.00000000E+00,  0.42975109E+02, -0.11976790E+01
     184.,  0.00000000E+00,  0.00000000E+00,  0.00000000E+00,  0.00000000E+00,  0.50150877E+02, -0.11976790E+01
     185.,  0.00000000E+00,  0.00000000E+00,  0.00000000E+00,  0.00000000E+00,  0.61604237E+02, -0.11976790E+01
     186.,  0.00000000E+00,  0.00000000E+00,  0.00000000E+00,  0.00000000E+00,  0.76978505E+02, -0.11976790E+01
     187.,  0.00000000E+00,  0.00000000E+00,  0.00000000E+00,  0.00000000E+00,  0.92889976E+02, -0.11976790E+01
     188.,  0.00000000E+00,  0.00000000E+00,  0.00000000E+00,  0.00000000E+00,  0.10407376E+03, -0.11976790E+01
     189.,  0.00000000E+00,  0.00000000E+00,  0.00000000E+00,  0.00000000E+00,  0.10756403E+03, -0.11976790E+01
     190.,  0.00000000E+00,  0.00000000E+00,  0.00000000E+00,  0.00000000E+00,  0.10747433E+03, -0.11976790E+01
     191.,  0.00000000E+00,  0.00000000E+00,  0.00000000E+00,  0.00000000E+00,  0.10758628E+03, -0.11976790E+01
     192.,  0.00000000E+00,  0.00000000E+00,  0.00000000E+00,  0.00000000E+00,  0.14136251E+03, -0.11976790E+01
     193.,  0.00000000E+00,  0.00000000E+00,  0.00000000E+00,  0.44989013E-03,  0.16456140E+03, -0.11976790E+01
     194.,  0.00000000E+00,  0.00000000E+00,  0.00000000E+00,  0.00000000E+00,  0.12535085E+03, -0.11976790E+01
     195.,  0.00000000E+00,  0.00000000E+00,  0.00000000E+00,  0.00000000E+00,  0.86828231E+02, -0.11976790E+01
     196.,  0.00000000E+00,  0.00000000E+00,  0.00000000E+00,  0.00000000E+00,  0.74357368E+02, -0.11976790E+01
     197.,  0.00000000E+00,  0.00000000E+00,  0.00000000E+00,  0.00000000E+00,  0.53595254E+02, -0.11976790E+01
     198.,  0.00000000E+00,  0.00000000E+00,  0.00000000E+00,  0.00000000E+00,  0.27065287E+02, -0.11976790E+01
     199.,  0.00000000E+00,  0.00000000E+00,  0.00000000E+00,  0.00000000E+00,  0.29754578E+02, -0.11976790E+01
     200.,  0.00000000E+00,  0.00000000E+00,  0.00000000E+00,  0.00000000E+00,  0.68780411E+02, -0.11976790E+01
     201.,  0.00000000E+00,  0.00000000E+00,  0.00000000E+00,  0.00000000E+00,  0.94812520E+02, -0.11976790E+01
     202.,  0.00000000E+00,  0.00000000E+00,  0.00000000E+00,  0.00000000E+00,  0.10213799E+03, -0.11976790E+01
     203.,  0.00000000E+00,  0.00000000E+00,  0.00000000E+00,  0.00000000E+00,  0.95740486E+02, -0.11976790E+01
     204.,  0.00000000E+00,  0.00000000E+00,  0.00000000E+00,  0.00000000E+00,  0.95378689E+02, -0.11976790E+01
     205.,  0.00000000E+00,  0.00000000E+00,  0.00000000E+00,  0.00000000E+00,  0.98035386E+02, -0.11976790E+01
     206.,  0.00000000E+00,  0.00000000E+00,  0.00000000E+00,  0.00000000E+00,  0.10979081E+03, -0.11976790E+01
     207.,  0.00000000E+00,  0.00000000E+00,  0.00000000E+00,  0.00000000E+00,  0.11907149E+03, -0.11976790E+01
     208.,  0.00000000E+00,  0.00000000E+00,  0.00000000E+00,  0.00000000E+00,  0.10824597E+03, -0.11976790E+01
     209.,  0.00000000E+00,  0.00000000E+00,  0.00000000E+00,  0.61308459E-04,  0.15578398E+03, -0.11976790E+01
     210.,  0.00000000E+00,  0.00000000E+00,  0.00000000E+00,  0.00000000E+00,  0.11102480E+03, -0.11976790E+01
     211.,  0.00000000E+00,  0.00000000E+00,  0.00000000E+00,  0.00000000E+00,  0.10084967E+03, -0.11976790E+01
     212.,  0.00000000E+00,  0.00000000E+00,  0.00000000E+00,  0.00000000E+00,  0.89097099E+02, -0.11976790E+01
     213.,  0.00000000E+00,  0.00000000E+00,  0.00000000E+00,  0.00000000E+00,  0.72453728E+02, -0.11976790E+01
     214.,  0.00000000E+00,  0.00000000E+00,  0.00000000E+00,  0.00000000E+00,  0.53813314E+02, -0.11976790E+01
     215.,  0.00000000E+00,  0.00000000E+00,  0.00000000E+00,  0.00000000E+00,  0.37444188E+02, -0.11976790E+01
     216.,  0.00000000E+00,  0.00000000E+00,  0.00000000E+00,  0.00000000E+00,  0.27216960E+02, -0.11976790E+01
     217.,  0.00000000E+00,  0.00000000E+00,  0.00000000E+00,  0.00000000E+00,  0.22987476E+02, -0.11976790E+01
     218.,  0.00000000E+00,  0.00000000E+00,  0.00000000E+00,  0.00000000E+00,  0.21527777E+02, -0.11976790E+01
     219.,  0.00000000E+00,  0.00000000E+00,  0.00000000E+00,  0.00000000E+00,  0.20726929E+02, -0.11976790E+01
     220.,  0.00000000E+00,  0.00000000E+00,  0.00000000E+00,  0.00000000E+00,  0.20241895E+02, -0.11976790E+01
     221.,  0.00000000E+00,  0.00000000E+00,  0.00000000E+00,  0.00000000E+00,  0.19976648E+02, -0.11976790E+01
     222.,  0.00000000E+00,  0.00000000E+00,  0.00000000E+00,  0.00000000E+00,  0.19818632E+02, -0.11976790E+01
     223.,  0.00000000E+00,  0.00000000E+00,  0.00000000E+00,  0.00000000E+00,  0.19692084E+02, -0.11976790E+01
     224.,  0.00000000E+00,  0.00000000E+00,  0.00000000E+00,  0.00000000E+00,  0.19543326E+02, -0.11976790E+01
     225.,  0.00000000E+00,  0.00000000E+00,  0.00000000E+00,  0.00000000E+00,  0.19329049E+02, -0.11976790E+01
     226.,  0.00000000E+00,  0.00000000E+00,  0.00000000E+00,  0.00000000E+00,  0.18961792E+02, -0.11976790E+01
     227.,  0.00000000E+00,  0.00000000E+00,  0.00000000E+00,  0.00000000E+00,  0.18334534E+02, -0.11976790E+01
     228.,  0.00000000E+00,  0.00000000E+00,  0.00000000E+00,  0.00000000E+00,  0.17285359E+02, -0.11976790E+01
     229.,  0.00000000E+00,  0.00000000E+00,  0.00000000E+00,  0.00000000E+00,  0.15612128E+02, -0.11976790E+01
     230.,  0.00000000E+00,  0.00000000E+00,  0.00000000E+00,  0.00000000E+00,  0.13147306E+02, -0.11976790E+01
     231.,  0.00000000E+00,  0.00000000E+00,  0.00000000E+00,  0.00000000E+00,  0.99601787E+01, -0.11976790E+01
     232.,  0.00000000E+00,  0.00000000E+00,  0.00000000E+00,  0.00000000E+00,  0.68687825E+01, -0.11976790E+01
     233.,  0.00000000E+00,  0.00000000E+00,  0.00000000E+00,  0.00000000E+00,  0.63951139E+01, -0.11976790E+01
     234.,  0.00000000E+00,  0.00000000E+00,  0.00000000E+00,  0.00000000E+00,  0.93447917E+01, -0.11976790E+01
     235.,  0.00000000E+00,  0.00000000E+00,  0.00000000E+00,  0.00000000E+00,  0.13074903E+02, -0.11976790E+01
     236.,  0.00000000E+00,  0.00000000E+00,  0.00000000E+00,  0.00000000E+00,  0.16302584E+02, -0.11976790E+01
     237.,  0.00000000E+00,  0.00000000E+00,  0.00000000E+00,  0.00000000E+00,  0.18736674E+02, -0.11976790E+01
     238.,  0.00000000E+00,  0.00000000E+00,  0.00000000E+00,  0.00000000E+00,  0.20438368E+02, -0.11976790E+01
     239.,  0.00000000E+00,  0.00000000E+00,  0.00000000E+00,  0.00000000E+00,  0.21579420E+02, -0.11976790E+01
     240.,  0.00000000E+00,  0.00000000E+00,  0.00000000E+00,  0.00000000E+00,  0.22320240E+02, -0.11976790E+01
     241.,  0.00000000E+00,  0.00000000E+00,  0.00000000E+00,  0.00000000E+00,  0.22855533E+02, -0.11976790E+01
     242.,  0.00000000E+00,  0.00000000E+00,  0.00000000E+00,  0.00000000E+00,  0.23314171E+02, -0.11976790E+01
     243.,  0.00000000E+00,  0.00000000E+00,  0.00000000E+00,  0.00000000E+00,  0.23787884E+02, -0.11976790E+01
     244.,  0.00000000E+00,  0.00000000E+00,  0.00000000E+00,  0.00000000E+00,  0.24465381E+02, -0.11976790E+01
     245.,  0.00000000E+00,  0.00000000E+00,  0.00000000E+00,  0.00000000E+00,  0.25626240E+02, -0.11976790E+01
     246.,  0.00000000E+00,  0.00000000E+00,  0.00000000E+00,  0.00000000E+00,  0.27787422E+02, -0.11976790E+01
     247.,  0.00000000E+00,  0.00000000E+00,  0.00000000E+00,  0.00000000E+00,  0.31674572E+02, -0.11976790E+01
     248.,  0.00000000E+00,  0.00000000E+00,  0.00000000E+00,  0.00000000E+00,  0.38689487E+02, -0.11976790E+01
     249.,  0.00000000E+00,  0.00000000E+00,  0.00000000E+00,  0.00000000E+00,  0.51862879E+02, -0.11976790E+01
     250.,  0.00000000E+00,  0.00000000E+00,  0.00000000E+00,  0.00000000E+00,  0.72637967E+02, -0.11976790E+01
     251.,  0.00000000E+00,  0.00000000E+00,  0.00000000E+00,  0.00000000E+00,  0.94608882E+02, -0.11976790E+01
     252.,  0.00000000E+00,  0.00000000E+00,  0.00000000E+00,  0.00000000E+00,  0.11065994E+03, -0.11976790E+01
     253.,  0.00000000E+00,  0.00000000E+00,  0.00000000E+00,  0.00000000E+00,  0.11105429E+03, -0.11976790E+01
     254.,  0.00000000E+00,  0.00000000E+00,  0.00000000E+00,  0.00000000E+00,  0.87664565E+02, -0.11976790E+01
     255.,  0.00000000E+00,  0.00000000E+00,  0.00000000E+00,  0.00000000E+00,  0.53643184E+02, -0.11976790E+01
     256.,  0.00000000E+00,  0.00000000E+00,  0.00000000E+00,  0.17228132E-03,  0.12857078E+03, -0.11976790E+01
     257.,  0.00000000E+00,  0.00000000E+00,  0.00000000E+00,  0.55462166E-02,  0.21856485E+03, -0.11976790E+01
     258.,  0.00000000E+00,  0.00000000E+00,  0.00000000E+00,  0.29670556E-02,  0.20359142E+03, -0.11976790E+01
     259.,  0.00000000E+00,  0.00000000E+00,  0.00000000E+00,  0.12832578E-02,  0.19336414E+03, -0.11976790E+01
     260.,  0.00000000E+00,  0.00000000E+00,  0.00000000E+00,  0.37778330E-03,  0.18668170E+03, -0.11976790E+01
     261.,  0.00000000E+00,  0.00000000E+00,  0.00000000E+00,  0.00000000E+00,  0.15301877E+03, -0.11976790E+01
     262.,  0.00000000E+00,  0.00000000E+00,  0.00000000E+00,  0.00000000E+00,  0.87363758E+02, -0.11976790E+01
     263.,  0.00000000E+00,  0.00000000E+00,  0.00000000E+00,  0.00000000E+00,  0.49195567E+02, -0.11976790E+01
     264.,  0.00000000E+00,  0.00000000E+00,  0.00000000E+00,  0.00000000E+00,  0.11703155E+03, -0.11976790E+01
     265.,  0.00000000E+00,  0.00000000E+00,  0.00000000E+00,  0.00000000E+00,  0.16172599E+03, -0.11976790E+01
     266.,  0.00000000E+00,  0.00000000E+00,  0.00000000E+00,  0.00000000E+00,  0.12919252E+03, -0.11976790E+01
     267.,  0.00000000E+00,  0.00000000E+00,  0.00000000E+00,  0.00000000E+00,  0.98452967E+02, -0.11976790E+01
     268.,  0.00000000E+00,  0.00000000E+00,  0.00000000E+00,  0.00000000E+00,  0.13309638E+03, -0.11976790E+01
     269.,  0.00000000E+00,  0.00000000E+00,  0.00000000E+00,  0.49004680E-05,  0.17666699E+03, -0.11976790E+01
     270.,  0.00000000E+00,  0.00000000E+00,  0.00000000E+00,  0.28731392E-03,  0.18580813E+03, -0.11976790E+01
     271.,  0.00000000E+00,  0.00000000E+00,  0.00000000E+00,  0.19958665E-03,  0.17944202E+03, -0.11976790E+01
     272.,  0.00000000E+00,  0.00000000E+00,  0.00000000E+00,  0.70984865E-03,  0.18479639E+03, -0.11976790E+01
     273.,  0.00000000E+00,  0.00000000E+00,  0.00000000E+00,  0.42364626E-03,  0.16056064E+03, -0.11976790E+01
     274.,  0.00000000E+00,  0.00000000E+00,  0.00000000E+00,  0.00000000E+00,  0.87907711E+02, -0.11976790E+01
     275.,  0.00000000E+00,  0.00000000E+00,  0.00000000E+00,  0.00000000E+00,  0.10814926E+03, -0.11976790E+01
     276.,  0.00000000E+00,  0.00000000E+00,  0.00000000E+00,  0.00000000E+00,  0.10015012E+03, -0.11976790E+01
     277.,  0.00000000E+00,  0.00000000E+00,  0.00000000E+00,  0.00000000E+00,  0.89345927E+02, -0.11976790E+01
     278.,  0.00000000E+00,  0.00000000E+00,  0.00000000E+00,  0.00000000E+00,  0.68515080E+02, -0.11976790E+01
     279.,  0.00000000E+00,  0.00000000E+00,  0.00000000E+00,  0.00000000E+00,  0.50396188E+02, -0.11976790E+01
     280.,  0.00000000E+00,  0.00000000E+00,  0.00000000E+00,  0.00000000E+00,  0.33393695E+02, -0.11976790E+01
     281.,  0.00000000E+00,  0.00000000E+00,  0.00000000E+00,  0.00000000E+00,  0.19428606E+02, -0.11976790E+01
     282.,  0.00000000E+00,  0.00000000E+00,  0.00000000E+00,  0.00000000E+00,  0.14122666E+02, -0.11976790E+01
     283.,  0.00000000E+00,  0.00000000E+00,  0.00000000E+00,  0.00000000E+00,  0.14025938E+02, -0.11976790E+01
     284.,  0.00000000E+00,  0.00000000E+00,  0.00000000E+00,  0.00000000E+00,  0.14589208E+02, -0.11976790E+01
     285.,  0.00000000E+00,  0.00000000E+00,  0.00000000E+00,  0.00000000E+00,  0.15268881E+02, -0.11976790E+01
     286.,  0.00000000E+00,  0.00000000E+00,  0.00000000E+00,  0.00000000E+00,  0.15979720E+02, -0.11976790E+01
     287.,  0.00000000E+00,  0.00000000E+00,  0.00000000E+00,  0.00000000E+00,  0.16634416E+02, -0.11976790E+01
     288.,  0.00000000E+00,  0.00000000E+00,  0.00000000E+00,  0.00000000E+00,  0.17152965E+02, -0.11976790E+01
     289.,  0.00000000E+00,  0.00000000E+00,  0.00000000E+00,  0.00000000E+00,  0.17508724E+02, -0.11976790E+01
     290.,  0.00000000E+00,  0.00000000E+00,  0.00000000E+00,  0.00000000E+00,  0.17739701E+02, -0.11976790E+01
     291.,  0.00000000E+00,  0.00000000E+00,  0.00000000E+00,  0.00000000E+00,  0.17736380E+02, -0.11976790E+01
     292.,  0.00000000E+00,  0.00000000E+00,  0.00000000E+00,  0.00000000E+00,  0.17338950E+02, -0.11976790E+01
     293.,  0.00000000E+00,  0.00000000E+00,  0.00000000E+00,  0.00000000E+00,  0.16342697E+02, -0.11976790E+01
     294.,  0.00000000E+00,  0.00000000E+00,  0.00000000E+00,  0.00000000E+00,  0.14608710E+02, -0.11976790E+01
     295.,  0.00000000E+00,  0.00000000E+00,  0.00000000E+00,  0.00000000E+00,  0.12266473E+02, -0.11976790E+01
     296.,  0.00000000E+00,  0.00000000E+00,  0.00000000E+00,  0.00000000E+00,  0.10057540E+02, -0.11976790E+01
     297.,  0.00000000E+00,  0.00000000E+00,  0.00000000E+00,  0.00000000E+00,  0.94716065E+01, -0.11976790E+01
     298.,  0.00000000E+00,  0.00000000E+00,  0.00000000E+00,  0.00000000E+00,  0.11176052E+02, -0.11976790E+01
     299.,  0.00000000E+00,  0.00000000E+00,  0.00000000E+00,  0.00000000E+00,  0.13903997E+02, -0.11976790E+01
     300.,  0.00000000E+00,  0.00000000E+00,  0.00000000E+00,  0.00000000E+00,  0.16428044E+02, -0.11976790E+01
     301.,  0.00000000E+00,  0.00000000E+00,  0.00000000E+00,  0.00000000E+00,  0.18275510E+02, -0.11976790E+01
     302.,  0.00000000E+00,  0.00000000E+00,  0.00000000E+00,  0.00000000E+00,  0.19417140E+02, -0.11976790E+01
     303.,  0.00000000E+00,  0.00000000E+00,  0.00000000E+00,  0.00000000E+00,  0.19991238E+02, -0.11976790E+01
     304.,  0.00000000E+00,  0.00000000E+00,  0.00000000E+00,  0.00000000E+00,  0.20196039E+02, -0.11976790E+01
     305.,  0.00000000E+00,  0.00000000E+00,  0.00000000E+00,  0.00000000E+00,  0.20111471E+02, -0.11976790E+01
     306.,  0.00000000E+00,  0.00000000E+00,  0.00000000E+00,  0.00000000E+00,  0.19764592E+02, -0.11976790E+01
     307.,  0.00000000E+00,  0.00000000E+00,  0.00000000E+00,  0.00000000E+00,  0.19276792E+02, -0.11976790E+01
     308.,  0.00000000E+00,  0.00000000E+00,  0.00000000E+00,  0.00000000E+00,  0.18715631E+02, -0.11976790E+01
     309.,  0.00000000E+00,  0.00000000E+00,  0.00000000E+00,  0.00000000E+00,  0.18762660E+02, -0.11976790E+01
     310.,  0.00000000E+00,  0.00000000E+00,  0.00000000E+00,  0.00000000E+00,  0.21279180E+02, -0.11976790E+01
     311.,  0.00000000E+00,  0.00000000E+00,  0.00000000E+00,  0.00000000E+00,  0.27747530E+02, -0.11976790E+01
     312.,  0.00000000E+00,  0.00000000E+00,  0.00000000E+00,  0.00000000E+00,  0.33612901E+02, -0.11976790E+01
     313.,  0.00000000E+00,  0.00000000E+00,  0.00000000E+00,  0.00000000E+00,  0.41836785E+02, -0.11976790E+01
     314.,  0.00000000E+00,  0.00000000E+00,  0.00000000E+00,  0.00000000E+00,  0.62429372E+02, -0.11976790E+01
     315.,  0.00000000E+00,  0.00000000E+00,  0.00000000E+00,  0.00000000E+00,  0.93843467E+02, -0.11976790E+01
     316.,  0.00000000E+00,  0.00000000E+00,  0.00000000E+00,  0.00000000E+00,  0.13353089E+03, -0.11976790E+01
     317.,  0.00000000E+00,  0.00000000E+00,  0.00000000E+00,  0.11142433E-03,  0.18038529E+03, -0.11976790E+01
     318.,  0.00000000E+00,  0.00000000E+00,  0.00000000E+00,  0.82824483E-03,  0.18860911E+03, -0.11976790E+01
     319.,  0.00000000E+00,  0.00000000E+00,  0.00000000E+00,  0.22234446E-02,  0.19892674E+03, -0.11976790E+01
     320.,  0.00000000E+00,  0.00000000E+00,  0.00000000E+00,  0.53551665E-02,  0.21713156E+03, -0.11976790E+01
     321.,  0.00000000E+00,  0.00000000E+00,  0.00000000E+00,  0.10206601E-01,  0.24297094E+03, -0.11976790E+01
     322.,  0.00000000E+00,  0.00000000E+00,  0.00000000E+00,  0.55195824E-02,  0.21759579E+03, -0.11976790E+01
     323.,  0.00000000E+00,  0.00000000E+00,  0.00000000E+00,  0.30005337E-02,  0.20495477E+03, -0.11976790E+01
     324.,  0.00000000E+00,  0.00000000E+00,  0.00000000E+00,  0.22685816E-02,  0.19858250E+03, -0.11976790E+01
     325.,  0.00000000E+00,  0.00000000E+00,  0.00000000E+00,  0.10414197E-02,  0.18894466E+03, -0.11976790E+01
     326.,  0.00000000E+00,  0.00000000E+00,  0.00000000E+00,  0.29757998E-03,  0.17481756E+03, -0.11976790E+01
     327.,  0.00000000E+00,  0.00000000E+00,  0.00000000E+00,  0.99223073E-04,  0.14717709E+03, -0.11976790E+01
     328.,  0.00000000E+00,  0.00000000E+00,  0.00000000E+00,  0.60420968E-03,  0.18390942E+03, -0.11976790E+01
     329.,  0.00000000E+00,  0.00000000E+00,  0.00000000E+00,  0.16216410E-02,  0.19538007E+03, -0.11976790E+01
     330.,  0.00000000E+00,  0.00000000E+00,  0.00000000E+00,  0.23739826E-02,  0.20070032E+03, -0.11976790E+01
     331.,  0.00000000E+00,  0.00000000E+00,  0.00000000E+00,  0.31045315E-02,  0.20578584E+03, -0.11976790E+01
     332.,  0.00000000E+00,  0.00000000E+00,  0.00000000E+00,  0.46640458E-02,  0.21533186E+03, -0.11976790E+01
     333.,  0.00000000E+00,  0.00000000E+00,  0.00000000E+00,  0.63566961E-02,  0.22522492E+03, -0.11976790E+01
     334.,  0.00000000E+00,  0.00000000E+00,  0.00000000E+00,  0.72582482E-02,  0.23045407E+03, -0.11976790E+01
     335.,  0.00000000E+00,  0.00000000E+00,  0.00000000E+00,  0.69616798E-02,  0.22735453E+03, -0.11976790E+01
     336.,  0.00000000E+00,  0.00000000E+00,  0.00000000E+00,  0.68861279E-02,  0.22730677E+03, -0.11976790E+01
     337.,  0.00000000E+00,  0.00000000E+00,  0.00000000E+00,  0.58710046E-02,  0.21642292E+03, -0.11976790E+01
     338.,  0.00000000E+00,  0.00000000E+00,  0.00000000E+00,  0.15311887E-02,  0.19230595E+03, -0.11976790E+01
     339.,  0.00000000E+00,  0.00000000E+00,  0.00000000E+00,  0.39720049E-03,  0.18629557E+03, -0.11976790E+01
     340.,  0.00000000E+00,  0.00000000E+00,  0.00000000E+00,  0.00000000E+00,  0.15475150E+03, -0.11976790E+01
     341.,  0.00000000E+00,  0.00000000E+00,  0.00000000E+00,  0.00000000E+00,  0.11645260E+03, -0.11976790E+01
     342.,  0.00000000E+00,  0.00000000E+00,  0.00000000E+00,  0.00000000E+00,  0.11985263E+03, -0.11976790E+01
     343.,  0.00000000E+00,  0.00000000E+00,  0.00000000E+00,  0.00000000E+00,  0.13084534E+03, -0.11976790E+01
     344.,  0.00000000E+00,  0.00000000E+00,  0.00000000E+00,  0.00000000E+00,  0.10280306E+03, -0.11976790E+01
     345.,  0.00000000E+00,  0.00000000E+00,  0.00000000E+00,  0.00000000E+00,  0.50009779E+02, -0.11976790E+01
     346.,  0.00000000E+00,  0.00000000E+00,  0.00000000E+00,  0.00000000E+00,  0.14536345E+02, -0.11976790E+01
     347.,  0.00000000E+00,  0.00000000E+00,  0.00000000E+00,  0.00000000E+00,  0.88299862E+01, -0.11976790E+01
     348.,  0.00000000E+00,  0.00000000E+00,  0.00000000E+00,  0.00000000E+00,  0.11400417E+02, -0.11976790E+01
     349.,  0.00000000E+00,  0.00000000E+00,  0.00000000E+00,  0.00000000E+00,  0.13376712E+02, -0.11976790E+01
     350.,  0.00000000E+00,  0.00000000E+00,  0.00000000E+00,  0.00000000E+00,  0.14736159E+02, -0.11976790E+01
     351.,  0.00000000E+00,  0.00000000E+00,  0.00000000E+00,  0.00000000E+00,  0.15755453E+02, -0.11976790E+01
     352.,  0.00000000E+00,  0.00000000E+00,  0.00000000E+00,  0.00000000E+00,  0.16616749E+02, -0.11976790E+01
     353.,  0.00000000E+00,  0.00000000E+00,  0.00000000E+00,  0.00000000E+00,  0.17267657E+02, -0.11976790E+01
     354.,  0.00000000E+00,  0.00000000E+00,  0.00000000E+00,  0.00000000E+00,  0.17689307E+02, -0.11976790E+01
     355.,  0.00000000E+00,  0.00000000E+00,  0.00000000E+00,  0.00000000E+00,  0.17990275E+02, -0.11976790E+01
     356.,  0.00000000E+00,  0.00000000E+00,  0.00000000E+00,  0.00000000E+00,  0.17991108E+02, -0.11976790E+01
     357.,  0.00000000E+00,  0.00000000E+00,  0.00000000E+00,  0.00000000E+00,  0.17528718E+02, -0.11976790E+01
     358.,  0.00000000E+00,  0.00000000E+00,  0.00000000E+00,  0.00000000E+00,  0.16530439E+02, -0.11976790E+01
     359.,  0.00000000E+00,  0.00000000E+00,  0.00000000E+00,  0.00000000E+00,  0.15147255E+02, -0.11976790E+01
     360.,  0.00000000E+00,  0.00000000E+00,  0.00000000E+00,  0.00000000E+00,  0.13843024E+02, -0.11976790E+01
     361.,  0.00000000E+00,  0.00000000E+00,  0.00000000E+00,  0.00000000E+00,  0.13267256E+02, -0.11976790E+01
     362.,  0.00000000E+00,  0.00000000E+00,  0.00000000E+00,  0.00000000E+00,  0.13779181E+02, -0.11976790E+01
     363.,  0.00000000E+00,  0.00000000E+00,  0.00000000E+00,  0.00000000E+00,  0.15069128E+02, -0.11976790E+01
     364.,  0.00000000E+00,  0.00000000E+00,  0.00000000E+00,  0.00000000E+00,  0.16509170E+02, -0.11976790E+01
     365.,  0.00000000E+00,  0.00000000E+00,  0.00000000E+00,  0.00000000E+00,  0.17671679E+02, -0.11976790E+01
     366.,  0.00000000E+00,  0.00000000E+00,  0.00000000E+00,  0.00000000E+00,  0.18439991E+02, -0.11976790E+01
     367.,  0.00000000E+00,  0.00000000E+00,  0.00000000E+00,  0.00000000E+00,  0.18886635E+02, -0.11976790E+01
     368.,  0.00000000E+00,  0.00000000E+00,  0.00000000E+00,  0.00000000E+00,  0.19060036E+02, -0.11976790E+01
     369.,  0.00000000E+00,  0.00000000E+00,  0.00000000E+00,  0.00000000E+00,  0.19041662E+02, -0.11976790E+01
     370.,  0.00000000E+00,  0.00000000E+00,  0.00000000E+00,  0.00000000E+00,  0.19213004E+02, -0.11976790E+01
     371.,  0.00000000E+00,  0.00000000E+00,  0.00000000E+00,  0.00000000E+00,  0.19491273E+02, -0.11976790E+01
     372.,  0.00000000E+00,  0.00000000E+00,  0.00000000E+00,  0.00000000E+00,  0.20327096E+02, -0.11976790E+01
     373.,  0.00000000E+00,  0.00000000E+00,  0.00000000E+00,  0.00000000E+00,  0.23591137E+02, -0.11976790E+01
     374.,  0.00000000E+00,  0.00000000E+00,  0.00000000E+00,  0.00000000E+00,  0.40760616E+02, -0.11976790E+01
     375.,  0.00000000E+00,  0.00000000E+00,  0.00000000E+00,  0.00000000E+00,  0.88443405E+02, -0.11976790E+01
     376.,  0.00000000E+00,  0.00000000E+00,  0.00000000E+00,  0.00000000E+00,  0.14235923E+03, -0.11976790E+01
     377.,  0.00000000E+00,  0.00000000E+00,  0.00000000E+00,  0.00000000E+00,  0.17442324E+03, -0.11976790E+01
     378.,  0.00000000E+00,  0.00000000E+00,  0.00000000E+00,  0.96550864E-04,  0.18543285E+03, -0.11976790E+01
     379.,  0.00000000E+00,  0.00000000E+00,  0.00000000E+00,  0.27256819E-03,  0.18658882E+03, -0.11976790E+01
     380.,  0.00000000E+00,  0.00000000E+00,  0.00000000E+00,  0.59603929E-03,  0.18855010E+03, -0.11976790E+01
     381.,  0.00000000E+00,  0.00000000E+00,  0.00000000E+00,  0.12873508E-02,  0.19343088E+03, -0.11976790E+01
     382.,  0.00000000E+00,  0.00000000E+00,  0.00000000E+00,  0.27108782E-02,  0.20033023E+03, -0.11976790E+01
     383.,  0.00000000E+00,  0.00000000E+00,  0.00000000E+00,  0.45281287E-02,  0.21409329E+03, -0.11976790E+01
     384.,  0.00000000E+00,  0.00000000E+00,  0.00000000E+00,  0.93437078E-02,  0.23969380E+03, -0.11976790E+01
     385.,  0.00000000E+00,  0.00000000E+00,  0.00000000E+00,  0.49691274E-01,  0.34494259E+03, -0.11976790E+01
     386.,  0.00000000E+00,  0.00000000E+00,  0.00000000E+00,  0.57304445E-01,  0.35842821E+03, -0.11976790E+01
     387.,  0.00000000E+00,  0.00000000E+00,  0.00000000E+00,  0.64611575E-01,  0.37041605E+03, -0.11976790E+01
     388.,  0.00000000E+00,  0.00000000E+00,  0.00000000E+00,  0.66907639E-01,  0.37402465E+03, -0.11976790E+01
     389.,  0.00000000E+00,  0.00000000E+00,  0.00000000E+00,  0.59575677E-01,  0.36119951E+03, -0.11976790E+01
     390.,  0.00000000E+00,  0.00000000E+00,  0.00000000E+00,  0.41166465E-01,  0.32803660E+03, -0.11976790E+01
     391.,  0.00000000E+00,  0.00000000E+00,  0.00000000E+00,  0.18788122E-01,  0.27552625E+03, -0.11976790E+01
     392.,  0.00000000E+00,  0.00000000E+00,  0.00000000E+00,  0.88364285E-02,  0.22341024E+03, -0.11976790E+01
     393.,  0.00000000E+00,  0.00000000E+00,  0.00000000E+00,  0.27371845E-01,  0.30223280E+03, -0.11976790E+01
     394.,  0.00000000E+00,  0.00000000E+00,  0.00000000E+00,  0.49094809E-01,  0.34474750E+03, -0.11976790E+01
     395.,  0.00000000E+00,  0.00000000E+00,  0.00000000E+00,  0.65559522E-01,  0.37185509E+03, -0.11976790E+01
     396.,  0.00000000E+00,  0.00000000E+00,  0.00000000E+00,  0.80015019E-01,  0.39411855E+03, -0.11976790E+01
     397.,  0.00000000E+00,  0.00000000E+00,  0.00000000E+00,  0.87825354E-01,  0.40576078E+03, -0.11976790E+01
     398.,  0.00000000E+00,  0.00000000E+00,  0.00000000E+00,  0.85175635E-01,  0.40177921E+03, -0.11976790E+01
     399.,  0.00000000E+00,  0.00000000E+00,  0.00000000E+00,  0.75910553E-01,  0.38801735E+03, -0.11976790E+01
     400.,  0.00000000E+00,  0.00000000E+00,  0.00000000E+00,  0.63113708E-01,  0.36729388E+03, -0.11976790E+01
     401.,  0.00000000E+00,  0.00000000E+00,  0.00000000E+00,  0.52427360E-01,  0.34986042E+03, -0.11976790E+01
     402.,  0.00000000E+00,  0.00000000E+00,  0.00000000E+00,  0.44525397E-01,  0.33645121E+03, -0.11976790E+01
     403.,  0.00000000E+00,  0.00000000E+00,  0.00000000E+00,  0.32962900E-01,  0.31509278E+03, -0.11976790E+01
     404.,  0.00000000E+00,  0.00000000E+00,  0.00000000E+00,  0.20469476E-01,  0.28471138E+03, -0.11976790E+01
     405.,  0.00000000E+00,  0.00000000E+00,  0.00000000E+00,  0.10775737E-01,  0.24737254E+03, -0.11976790E+01
     406.,  0.00000000E+00,  0.00000000E+00,  0.00000000E+00,  0.53488639E-02,  0.21946654E+03, -0.11976790E+01
     407.,  0.00000000E+00,  0.00000000E+00,  0.00000000E+00,  0.23337929E-02,  0.20061804E+03, -0.11976790E+01
     408.,  0.00000000E+00,  0.00000000E+00,  0.00000000E+00,  0.52403337E-03,  0.18763489E+03, -0.11976790E+01
     409.,  0.00000000E+00,  0.00000000E+00,  0.00000000E+00,  0.00000000E+00,  0.12016907E+03, -0.11976790E+01
     410.,  0.00000000E+00,  0.00000000E+00,  0.00000000E+00,  0.00000000E+00,  0.43357500E+02, -0.11976790E+01
     411.,  0.00000000E+00,  0.00000000E+00,  0.00000000E+00,  0.00000000E+00,  0.13606236E+02, -0.11976790E+01
     412.,  0.00000000E+00,  0.00000000E+00,  0.00000000E+00,  0.00000000E+00,  0.10814201E+02, -0.11976790E+01
     413.,  0.00000000E+00,  0.00000000E+00,  0.00000000E+00,  0.00000000E+00,  0.13067434E+02, -0.11976790E+01
     414.,  0.00000000E+00,  0.00000000E+00,  0.00000000E+00,  0.00000000E+00,  0.14435938E+02, -0.11976790E+01
     415.,  0.00000000E+00,  0.00000000E+00,  0.00000000E+00,  0.00000000E+00,  0.15318011E+02, -0.11976790E+01
     416.,  0.00000000E+00,  0.00000000E+00,  0.00000000E+00,  0.00000000E+00,  0.15922126E+02, -0.11976790E+01
     417.,  0.00000000E+00,  0.00000000E+00,  0.00000000E+00,  0.00000000E+00,  0.16643496E+02, -0.11976790E+01
     418.,  0.00000000E+00,  0.00000000E+00,  0.00000000E+00,  0.00000000E+00,  0.17394153E+02, -0.11976790E+01
     419.,  0.00000000E+00,  0.00000000E+00,  0.00000000E+00,  0.00000000E+00,  0.17985320E+02, -0.11976790E+01
     420.,  0.00000000E+00,  0.00000000E+00,  0.00000000E+00,  0.00000000E+00,  0.18296886E+02, -0.11976790E+01
     421.,  0.00000000E+00,  0.00000000E+00,  0.00000000E+00,  0.00000000E+00,  0.18241580E+02, -0.11976790E+01
     422.,  0.00000000E+00,  0.00000000E+00,  0.00000000E+00,  0.00000000E+00,  0.17841560E+02, -0.11976790E+01
     423.,  0.00000000E+00,  0.00000000E+00,  0.00000000E+00,  0.00000000E+00,  0.17270207E+02, -0.11976790E+01
     424.,  0.00000000E+00,  0.00000000E+00,  0.00000000E+00,  0.00000000E+00,  0.16761491E+02, -0.11976790E+01
     425.,  0.00000000E+00,  0.00000000E+00,  0.00000000E+00,  0.00000000E+00,  0.16478000E+02, -0.11976790E+01
     426.,  0.00000000E+00,  0.00000000E+00,  0.00000000E+00,  0.00000000E+00,  0.16526530E+02, -0.11976790E+01
     427.,  0.00000000E+00,  0.00000000E+00,  0.00000000E+00,  0.00000000E+00,  0.16949681E+02, -0.11976790E+01
     428.,  0.00000000E+00,  0.00000000E+00,  0.00000000E+00,  0.00000000E+00,  0.17617655E+02, -0.11976790E+01
     429.,  0.00000000E+00,  0.00000000E+00,  0.00000000E+00,  0.00000000E+00,  0.18299478E+02, -0.11976790E+01
     430.,  0.00000000E+00,  0.00000000E+00,  0.00000000E+00,  0.00000000E+00,  0.18842057E+02, -0.11976790E+01
     431.,  0.00000000E+00,  0.00000000E+00,  0.00000000E+00,  0.00000000E+00,  0.19219018E+02, -0.11976790E+01
     432.,  0.00000000E+00,  0.00000000E+00,  0.00000000E+00,  0.00000000E+00,  0.19576321E+02, -0.11976790E+01
     433.,  0.00000000E+00,  0.00000000E+00,  0.00000000E+00,  0.00000000E+00,  0.20148364E+02, -0.11976790E+01
     434.,  0.00000000E+00,  0.00000000E+00,  0.00000000E+00,  0.00000000E+00,  0.20526380E+02, -0.11976790E+01
     435.,  0.00000000E+00,  0.00000000E+00,  0.00000000E+00,  0.00000000E+00,  0.21491591E+02, -0.11976790E+01
     436.,  0.00000000E+00,  0.00000000E+00,  0.00000000E+00,  0.00000000E+00,  0.24812825E+02, -0.11976790E+01
     437.,  0.00000000E+00,  0.00000000E+00,  0.00000000E+00,  0.00000000E+00,  0.39127263E+02, -0.11976790E+01
     438.,  0.00000000E+00,  0.00000000E+00,  0.00000000E+00,  0.00000000E+00,  0.84462315E+02, -0.11976790E+01
     439.,  0.00000000E+00,  0.00000000E+00,  0.00000000E+00,  0.12712812E-03,  0.17104488E+03, -0.11976790E+01
     440.,  0.00000000E+00,  0.00000000E+00,  0.00000000E+00,  0.17136591E-02,  0.19608423E+03, -0.11976790E+01
     441.,  0.00000000E+00,  0.00000000E+00,  0.00000000E+00,  0.57734034E-02,  0.22167337E+03, -0.11976790E+01
     442.,  0.00000000E+00,  0.00000000E+00,  0.00000000E+00,  0.12685286E-01,  0.25654189E+03, -0.11976790E+01
     443.,  0.00000000E+00,  0.00000000E+00,  0.00000000E+00,  0.23005147E-01,  0.29381359E+03, -0.11976790E+01
     444.,  0.00000000E+00,  0.00000000E+00,  0.00000000E+00,  0.36298898E-01,  0.32264752E+03, -0.11976790E+01
     445.,  0.00000000E+00,  0.00000000E+00,  0.00000000E+00,  0.46995645E-01,  0.34139905E+03, -0.11976790E+01
     446.,  0.00000000E+00,  0.00000000E+00,  0.00000000E+00,  0.50634332E-01,  0.34763269E+03, -0.11976790E+01
     447.,  0.00000000E+00,  0.00000000E+00,  0.00000000E+00,  0.49892672E-01,  0.34627552E+03, -0.11976790E+01
     448.,  0.00000000E+00,  0.00000000E+00,  0.00000000E+00,  0.47983014E-01,  0.34263632E+03, -0.11976790E+01
     449.,  0.00000000E+00,  0.00000000E+00,  0.00000000E+00,  0.31349644E-02,  0.18545723E+03, -0.11976790E+01
     450.,  0.00000000E+00,  0.00000000E+00,  0.00000000E+00,  0.56344533E-02,  0.21782069E+03, -0.11976790E+01
     451.,  0.00000000E+00,  0.00000000E+00,  0.00000000E+00,  0.13285950E-01,  0.25513622E+03, -0.11976790E+01
     452.,  0.00000000E+00,  0.00000000E+00,  0.00000000E+00,  0.26886818E-01,  0.30378893E+03, -0.11976790E+01
     453.,  0.00000000E+00,  0.00000000E+00,  0.00000000E+00,  0.39550364E-01,  0.32722823E+03, -0.11976790E+01
     454.,  0.00000000E+00,  0.00000000E+00,  0.00000000E+00,  0.46017426E-01,  0.33893397E+03, -0.11976790E+01
     455.,  0.00000000E+00,  0.00000000E+00,  0.00000000E+00,  0.33235178E-01,  0.31561834E+03, -0.11976790E+01
     456.,  0.00000000E+00,  0.00000000E+00,  0.00000000E+00,  0.16637407E-01,  0.25861100E+03, -0.11976790E+01
     457.,  0.00000000E+00,  0.00000000E+00,  0.00000000E+00,  0.20032796E-01,  0.28035705E+03, -0.11976790E+01
     458.,  0.00000000E+00,  0.00000000E+00,  0.00000000E+00,  0.29069043E-01,  0.30970367E+03, -0.11976790E+01
     459.,  0.00000000E+00,  0.00000000E+00,  0.00000000E+00,  0.30019972E-01,  0.31091032E+03, -0.11976790E+01
     460.,  0.00000000E+00,  0.00000000E+00,  0.00000000E+00,  0.22830241E-01,  0.29283557E+03, -0.11976790E+01
     461.,  0.00000000E+00,  0.00000000E+00,  0.00000000E+00,  0.13269272E-01,  0.25561322E+03, -0.11976790E+01
     462.,  0.00000000E+00,  0.00000000E+00,  0.00000000E+00,  0.64218681E-02,  0.22158739E+03, -0.11976790E+01
     463.,  0.00000000E+00,  0.00000000E+00,  0.00000000E+00,  0.30669874E-02,  0.19262688E+03, -0.11976790E+01
     464.,  0.00000000E+00,  0.00000000E+00,  0.00000000E+00,  0.55497644E-02,  0.19126772E+03, -0.11976790E+01
     465.,  0.00000000E+00,  0.00000000E+00,  0.00000000E+00,  0.14766886E-01,  0.25261336E+03, -0.11976790E+01
     466.,  0.00000000E+00,  0.00000000E+00,  0.00000000E+00,  0.22285750E-01,  0.29035378E+03, -0.11976790E+01
     467.,  0.00000000E+00,  0.00000000E+00,  0.00000000E+00,  0.27011547E-01,  0.30552492E+03, -0.11976790E+01
     468.,  0.00000000E+00,  0.00000000E+00,  0.00000000E+00,  0.24462572E-01,  0.29815405E+03, -0.11976790E+01
     469.,  0.00000000E+00,  0.00000000E+00,  0.00000000E+00,  0.15072469E-01,  0.26618935E+03, -0.11976790E+01
     470.,  0.00000000E+00,  0.00000000E+00,  0.00000000E+00,  0.65114206E-02,  0.22555385E+03, -0.11976790E+01
     471.,  0.00000000E+00,  0.00000000E+00,  0.00000000E+00,  0.23035731E-02,  0.20004065E+03, -0.11976790E+01
     472.,  0.00000000E+00,  0.00000000E+00,  0.00000000E+00,  0.60095965E-03,  0.18864761E+03, -0.11976790E+01
     473.,  0.00000000E+00,  0.00000000E+00,  0.00000000E+00,  0.00000000E+00,  0.14177828E+03, -0.11976790E+01
     474.,  0.00000000E+00,  0.00000000E+00,  0.00000000E+00,  0.00000000E+00,  0.62084794E+02, -0.11976790E+01
     475.,  0.00000000E+00,  0.00000000E+00,  0.00000000E+00,  0.00000000E+00,  0.23814461E+02, -0.11976790E+01
     476.,  0.00000000E+00,  0.00000000E+00,  0.00000000E+00,  0.00000000E+00,  0.12037553E+02, -0.11976790E+01
     477.,  0.00000000E+00,  0.00000000E+00,  0.00000000E+00,  0.00000000E+00,  0.10810918E+02, -0.11976790E+01
     478.,  0.00000000E+00,  0.00000000E+00,  0.00000000E+00,  0.00000000E+00,  0.11566655E+02, -0.11976790E+01
     479.,  0.00000000E+00,  0.00000000E+00,  0.00000000E+00,  0.00000000E+00,  0.12074443E+02, -0.11976790E+01
     480.,  0.00000000E+00,  0.00000000E+00,  0.00000000E+00,  0.00000000E+00,  0.12392568E+02, -0.11976790E+01
     481.,  0.00000000E+00,  0.00000000E+00,  0.00000000E+00,  0.00000000E+00,  0.13301851E+02, -0.11976790E+01
     482.,  0.00000000E+00,  0.00000000E+00,  0.00000000E+00,  0.00000000E+00,  0.14814076E+02, -0.11976790E+01
     483.,  0.00000000E+00,  0.00000000E+00,  0.00000000E+00,  0.00000000E+00,  0.16106139E+02, -0.11976790E+01
     484.,  0.00000000E+00,  0.00000000E+00,  0.00000000E+00,  0.00000000E+00,  0.17102994E+02, -0.11976790E+01
     485.,  0.00000000E+00,  0.00000000E+00,  0.00000000E+00,  0.00000000E+00,  0.17781972E+02, -0.11976790E+01
     486.,  0.00000000E+00,  0.00000000E+00,  0.00000000E+00,  0.00000000E+00,  0.18236470E+02, -0.11976790E+01
     487.,  0.00000000E+00,  0.00000000E+00,  0.00000000E+00,  0.00000000E+00,  0.18618739E+02, -0.11976790E+01
     488.,  0.00000000E+00,  0.00000000E+00,  0.00000000E+00,  0.00000000E+00,  0.18948183E+02, -0.11976790E+01
     489.,  0.00000000E+00,  0.00000000E+00,  0.00000000E+00,  0.00000000E+00,  0.19091366E+02, -0.11976790E+01
     490.,  0.00000000E+00,  0.00000000E+00,  0.00000000E+00,  0.00000000E+00,  0.19025886E+02, -0.11976790E+01
     491.,  0.00000000E+00,  0.00000000E+00,  0.00000000E+00,  0.00000000E+00,  0.18937226E+02, -0.11976790E+01
     492.,  0.00000000E+00,  0.00000000E+00,  0.00000000E+00,  0.00000000E+00,  0.18974922E+02, -0.11976790E+01
     493.,  0.00000000E+00,  0.00000000E+00,  0.00000000E+00,  0.00000000E+00,  0.19084840E+02, -0.11976790E+01
     494.,  0.00000000E+00,  0.00000000E+00,  0.00000000E+00,  0.00000000E+00,  0.19111205E+02, -0.11976790E+01
     495.,  0.00000000E+00,  0.00000000E+00,  0.00000000E+00,  0.00000000E+00,  0.18956974E+02, -0.11976790E+01
     496.,  0.00000000E+00,  0.00000000E+00,  0.00000000E+00,  0.00000000E+00,  0.18492596E+02, -0.11976790E+01
     497.,  0.00000000E+00,  0.00000000E+00,  0.00000000E+00,  0.00000000E+00,  0.18452559E+02, -0.11976790E+01
     498.,  0.00000000E+00,  0.00000000E+00,  0.00000000E+00,  0.00000000E+00,  0.19307861E+02, -0.11976790E+01
     499.,  0.00000000E+00,  0.00000000E+00,  0.00000000E+00,  0.00000000E+00,  0.20914819E+02, -0.11976790E+01
     500.,  0.00000000E+00,  0.00000000E+00,  0.00000000E+00,  0.00000000E+00,  0.26157562E+02, -0.11976790E+01
     501.,  0.00000000E+00,  0.00000000E+00,  0.00000000E+00,  0.00000000E+00,  0.43333850E+02, -0.11976790E+01
     502.,  0.00000000E+00,  0.00000000E+00,  0.00000000E+00,  0.00000000E+00,  0.88448332E+02, -0.11976790E+01
     503.,  0.00000000E+00,  0.00000000E+00,  0.00000000E+00,  0.79885227E-04,  0.17478354E+03, -0.11976790E+01
     504.,  0.00000000E+00,  0.00000000E+00,  0.00000000E+00,  0.11755098E-02,  0.19290802E+03, -0.11976790E+01
     505.,  0.00000000E+00,  0.00000000E+00,  0.00000000E+00,  0.39806581E-02,  0.21088996E+03, -0.11976790E+01
     506.,  0.00000000E+00,  0.00000000E+00,  0.00000000E+00,  0.10078771E-01,  0.24430992E+03, -0.11976790E+01
     507.,  0.00000000E+00,  0.00000000E+00,  0.00000000E+00,  0.19173185E-01,  0.28205450E+03, -0.11976790E+01
     508.,  0.00000000E+00,  0.00000000E+00,  0.00000000E+00,  0.24346769E-01,  0.29779512E+03, -0.11976790E+01
     509.,  0.00000000E+00,  0.00000000E+00,  0.00000000E+00,  0.20395368E-01,  0.28353963E+03, -0.11976790E+01
     510.,  0.00000000E+00,  0.00000000E+00,  0.00000000E+00,  0.12474066E-01,  0.24843843E+03, -0.11976790E+01
     511.,  0.00000000E+00,  0.00000000E+00,  0.00000000E+00,  0.68338615E-02,  0.20306547E+03, -0.11976790E+01
     512.,  0.00000000E+00,  0.00000000E+00,  0.00000000E+00,  0.35968931E-02,  0.19939338E+03, -0.11976790E+01
     513.,  0.00000000E+00,  0.00000000E+00,  0.00000000E+00,  0.78190583E-03,  0.17489858E+03, -0.11976790E+01
     514.,  0.00000000E+00,  0.00000000E+00,  0.00000000E+00,  0.72418836E-03,  0.14264522E+03, -0.11976790E+01
     515.,  0.00000000E+00,  0.00000000E+00,  0.00000000E+00,  0.56231229E-02,  0.22018268E+03, -0.11976790E+01
     516.,  0.00000000E+00,  0.00000000E+00,  0.00000000E+00,  0.14687794E-01,  0.26167873E+03, -0.11976790E+01
     517.,  0.00000000E+00,  0.00000000E+00,  0.00000000E+00,  0.25719242E-01,  0.30135179E+03, -0.11976790E+01
     518.,  0.00000000E+00,  0.00000000E+00,  0.00000000E+00,  0.38952288E-01,  0.32522657E+03, -0.11976790E+01
     519.,  0.00000000E+00,  0.00000000E+00,  0.00000000E+00,  0.42477935E-01,  0.33319953E+03, -0.11976790E+01
     520.,  0.00000000E+00,  0.00000000E+00,  0.00000000E+00,  0.27521515E-01,  0.29657661E+03, -0.11976790E+01
     521.,  0.00000000E+00,  0.00000000E+00,  0.00000000E+00,  0.22858982E-01,  0.28336843E+03, -0.11976790E+01
     522.,  0.00000000E+00,  0.00000000E+00,  0.00000000E+00,  0.26570078E-01,  0.30349312E+03, -0.11976790E+01
     523.,  0.00000000E+00,  0.00000000E+00,  0.00000000E+00,  0.22381940E-01,  0.29215507E+03, -0.11976790E+01
     524.,  0.00000000E+00,  0.00000000E+00,  0.00000000E+00,  0.12700997E-01,  0.25507475E+03, -0.11976790E+01
     525.,  0.00000000E+00,  0.00000000E+00,  0.00000000E+00,  0.53534349E-02,  0.21947611E+03, -0.11976790E+01
     526.,  0.00000000E+00,  0.00000000E+00,  0.00000000E+00,  0.32120124E-02,  0.20473918E+03, -0.11976790E+01
     527.,  0.00000000E+00,  0.00000000E+00,  0.00000000E+00,  0.41440565E-02,  0.20402290E+03, -0.11976790E+01
     528.,  0.00000000E+00,  0.00000000E+00,  0.00000000E+00,  0.42828619E-02,  0.21033210E+03, -0.11976790E+01
     529.,  0.00000000E+00,  0.00000000E+00,  0.00000000E+00,  0.30522315E-02,  0.20511628E+03, -0.11976790E+01
     530.,  0.00000000E+00,  0.00000000E+00,  0.00000000E+00,  0.83965570E-02,  0.23149661E+03, -0.11976790E+01
     531.,  0.00000000E+00,  0.00000000E+00,  0.00000000E+00,  0.16629099E-01,  0.27201646E+03, -0.11976790E+01
     532.,  0.00000000E+00,  0.00000000E+00,  0.00000000E+00,  0.21554458E-01,  0.29019304E+03, -0.11976790E+01
     533.,  0.00000000E+00,  0.00000000E+00,  0.00000000E+00,  0.17243901E-01,  0.27507945E+03, -0.11976790E+01
     534.,  0.00000000E+00,  0.00000000E+00,  0.00000000E+00,  0.87866356E-02,  0.23755137E+03, -0.11976790E+01
     535.,  0.00000000E+00,  0.00000000E+00,  0.00000000E+00,  0.31731999E-02,  0.20505646E+03, -0.11976790E+01
     536.,  0.00000000E+00,  0.00000000E+00,  0.00000000E+00,  0.76523882E-03,  0.18985918E+03, -0.11976790E+01
     537.,  0.00000000E+00,  0.00000000E+00,  0.00000000E+00,  0.00000000E+00,  0.15790330E+03, -0.11976790E+01
     538.,  0.00000000E+00,  0.00000000E+00,  0.00000000E+00,  0.00000000E+00,  0.71564345E+02, -0.11976790E+01
     539.,  0.00000000E+00,  0.00000000E+00,  0.00000000E+00,  0.00000000E+00,  0.31133128E+02, -0.11976790E+01
     540.,  0.00000000E+00,  0.00000000E+00,  0.00000000E+00,  0.00000000E+00,  0.15127305E+02, -0.11976790E+01
     541.,  0.00000000E+00,  0.00000000E+00,  0.00000000E+00,  0.00000000E+00,  0.10830522E+02, -0.11976790E+01
     542.,  0.00000000E+00,  0.00000000E+00,  0.00000000E+00,  0.00000000E+00,  0.97950716E+01, -0.11976790E+01
     543.,  0.00000000E+00,  0.00000000E+00,  0.00000000E+00,  0.00000000E+00,  0.95738845E+01, -0.11976790E+01
     544.,  0.00000000E+00,  0.00000000E+00,  0.00000000E+00,  0.00000000E+00,  0.90630098E+01, -0.11976790E+01
     545.,  0.00000000E+00,  0.00000000E+00,  0.00000000E+00,  0.00000000E+00,  0.96185204E+01, -0.11976790E+01
     546.,  0.00000000E+00,  0.00000000E+00,  0.00000000E+00,  0.00000000E+00,  0.11576986E+02, -0.11976790E+01
     547.,  0.00000000E+00,  0.00000000E+00,  0.00000000E+00,  0.00000000E+00,  0.13559857E+02, -0.11976790E+01
     548.,  0.00000000E+00,  0.00000000E+00,  0.00000000E+00,  0.00000000E+00,  0.15388319E+02, -0.11976790E+01
     549.,  0.00000000E+00,  0.00000000E+00,  0.00000000E+00,  0.00000000E+00,  0.17072445E+02, -0.11976790E+01
     550.,  0.00000000E+00,  0.00000000E+00,  0.00000000E+00,  0.00000000E+00,  0.18729645E+02, -0.11976790E+01
     551.,  0.00000000E+00,  0.00000000E+00,  0.00000000E+00,  0.00000000E+00,  0.20365462E+02, -0.11976790E+01
     552.,  0.00000000E+00,  0.00000000E+00,  0.00000000E+00,  0.00000000E+00,  0.21676953E+02, -0.11976790E+01
     553.,  0.00000000E+00,  0.00000000E+00,  0.00000000E+00,  0.00000000E+00,  0.22229318E+02, -0.11976790E+01
     554.,  0.00000000E+00,  0.00000000E+00,  0.00000000E+00,  0.00000000E+00,  0.21884136E+02, -0.11976790E+01
     555.,  0.00000000E+00,  0.00000000E+00,  0.00000000E+00,  0.00000000E+00,  0.20928189E+02, -0.11976790E+01
     556.,  0.00000000E+00,  0.00000000E+00,  0.00000000E+00,  0.00000000E+00,  0.19777610E+02, -0.11976790E+01
     557.,  0.00000000E+00,  0.00000000E+00,  0.00000000E+00,  0.00000000E+00,  0.18631648E+02, -0.11976790E+01
     558.,  0.00000000E+00,  0.00000000E+00,  0.00000000E+00,  0.00000000E+00,  0.17408788E+02, -0.11976790E+01
     559.,  0.00000000E+00,  0.00000000E+00,  0.00000000E+00,  0.00000000E+00,  0.15823884E+02, -0.11976790E+01
     560.,  0.00000000E+00,  0.00000000E+00,  0.00000000E+00,  0.00000000E+00,  0.13540929E+02, -0.11976790E+01
     561.,  0.00000000E+00,  0.00000000E+00,  0.00000000E+00,  0.00000000E+00,  0.13055150E+02, -0.11976790E+01
     562.,  0.00000000E+00,  0.00000000E+00,  0.00000000E+00,  0.00000000E+00,  0.14687325E+02, -0.11976790E+01
     563.,  0.00000000E+00,  0.00000000E+00,  0.00000000E+00,  0.00000000E+00,  0.17358365E+02, -0.11976790E+01
     564.,  0.00000000E+00,  0.00000000E+00,  0.00000000E+00,  0.00000000E+00,  0.24098256E+02, -0.11976790E+01
     565.,  0.00000000E+00,  0.00000000E+00,  0.00000000E+00,  0.00000000E+00,  0.42469925E+02, -0.11976790E+01
     566.,  0.00000000E+00,  0.00000000E+00,  0.00000000E+00,  0.00000000E+00,  0.87331072E+02, -0.11976790E+01
     567.,  0.00000000E+00,  0.00000000E+00,  0.00000000E+00,  0.28013134E-04,  0.17573404E+03, -0.11976790E+01
     568.,  0.00000000E+00,  0.00000000E+00,  0.00000000E+00,  0.10414943E-02,  0.19196474E+03, -0.11976790E+01
     569.,  0.00000000E+00,  0.00000000E+00,  0.00000000E+00,  0.39074185E-02,  0.21056281E+03, -0.11976790E+01
     570.,  0.00000000E+00,  0.00000000E+00,  0.00000000E+00,  0.10194237E-01,  0.24523027E+03, -0.11976790E+01
     571.,  0.00000000E+00,  0.00000000E+00,  0.00000000E+00,  0.17467031E-01,  0.27626141E+03, -0.11976790E+01
     572.,  0.00000000E+00,  0.00000000E+00,  0.00000000E+00,  0.18490565E-01,  0.27917570E+03, -0.11976790E+01
     573.,  0.00000000E+00,  0.00000000E+00,  0.00000000E+00,  0.12428647E-01,  0.25346891E+03, -0.11976790E+01
     574.,  0.00000000E+00,  0.00000000E+00,  0.00000000E+00,  0.60949103E-02,  0.21889863E+03, -0.11976790E+01
     575.,  0.00000000E+00,  0.00000000E+00,  0.00000000E+00,  0.21072590E-02,  0.17684349E+03, -0.11976790E+01
     576.,  0.00000000E+00,  0.00000000E+00,  0.00000000E+00,  0.47406786E-03,  0.17493458E+03, -0.11976790E+01
     577.,  0.00000000E+00,  0.00000000E+00,  0.00000000E+00,  0.19426326E-02,  0.19261210E+03, -0.11976790E+01
     578.,  0.00000000E+00,  0.00000000E+00,  0.00000000E+00,  0.30035281E-02,  0.18894559E+03, -0.11976790E+01
     579.,  0.00000000E+00,  0.00000000E+00,  0.00000000E+00,  0.28553105E-02,  0.17604448E+03, -0.11976790E+01
     580.,  0.00000000E+00,  0.00000000E+00,  0.00000000E+00,  0.10948145E-01,  0.24678525E+03, -0.11976790E+01
     581.,  0.00000000E+00,  0.00000000E+00,  0.00000000E+00,  0.17747300E-01,  0.26615534E+03, -0.11976790E+01
     582.,  0.00000000E+00,  0.00000000E+00,  0.00000000E+00,  0.29765773E-01,  0.30987604E+03, -0.11976790E+01
     583.,  0.00000000E+00,  0.00000000E+00,  0.00000000E+00,  0.35375060E-01,  0.31951134E+03, -0.11976790E+01
     584.,  0.00000000E+00,  0.00000000E+00,  0.00000000E+00,  0.31658006E-01,  0.31142257E+03, -0.11976790E+01
     585.,  0.00000000E+00,  0.00000000E+00,  0.00000000E+00,  0.24555803E-01,  0.29056832E+03, -0.11976790E+01
     586.,  0.00000000E+00,  0.00000000E+00,  0.00000000E+00,  0.28998939E-01,  0.30906249E+03, -0.11976790E+01
     587.,  0.00000000E+00,  0.00000000E+00,  0.00000000E+00,  0.21144552E-01,  0.28474653E+03, -0.11976790E+01
     588.,  0.00000000E+00,  0.00000000E+00,  0.00000000E+00,  0.81123920E-02,  0.23441203E+03, -0.11976790E+01
     589.,  0.00000000E+00,  0.00000000E+00,  0.00000000E+00,  0.54122424E-02,  0.21386469E+03, -0.11976790E+01
     590.,  0.00000000E+00,  0.00000000E+00,  0.00000000E+00,  0.51870640E-02,  0.20652777E+03, -0.11976790E+01
     591.,  0.00000000E+00,  0.00000000E+00,  0.00000000E+00,  0.46188941E-02,  0.20786731E+03, -0.11976790E+01
     592.,  0.00000000E+00,  0.00000000E+00,  0.00000000E+00,  0.18480012E-02,  0.18799944E+03, -0.11976790E+01
     593.,  0.00000000E+00,  0.00000000E+00,  0.00000000E+00,  0.18836210E-02,  0.19488070E+03, -0.11976790E+01
     594.,  0.00000000E+00,  0.00000000E+00,  0.00000000E+00,  0.28563061E-02,  0.20429897E+03, -0.11976790E+01
     595.,  0.00000000E+00,  0.00000000E+00,  0.00000000E+00,  0.81842758E-02,  0.23295195E+03, -0.11976790E+01
     596.,  0.00000000E+00,  0.00000000E+00,  0.00000000E+00,  0.16043697E-01,  0.27061523E+03, -0.11976790E+01
     597.,  0.00000000E+00,  0.00000000E+00,  0.00000000E+00,  0.16993395E-01,  0.27458919E+03, -0.11976790E+01
     598.,  0.00000000E+00,  0.00000000E+00,  0.00000000E+00,  0.10855170E-01,  0.24772001E+03, -0.11976790E+01
     599.,  0.00000000E+00,  0.00000000E+00,  0.00000000E+00,  0.43105700E-02,  0.21184287E+03, -0.11976790E+01
     600.,  0.00000000E+00,  0.00000000E+00,  0.00000000E+00,  0.98900902E-03,  0.19107732E+03, -0.11976790E+01
     601.,  0.00000000E+00,  0.00000000E+00,  0.00000000E+00,  0.00000000E+00,  0.16347559E+03, -0.11976790E+01
     602.,  0.00000000E+00,  0.00000000E+00,  0.00000000E+00,  0.00000000E+00,  0.77432012E+02, -0.11976790E+01
     603.,  0.00000000E+00,  0.00000000E+00,  0.00000000E+00,  0.00000000E+00,  0.34561631E+02, -0.11976790E+01
     604.,  0.00000000E+00,  0.00000000E+00,  0.00000000E+00,  0.00000000E+00,  0.17124765E+02, -0.11976790E+01
     605.,  0.00000000E+00,  0.00000000E+00,  0.00000000E+00,  0.00000000E+00,  0.10686364E+02, -0.11976790E+01
     606.,  0.00000000E+00,  0.00000000E+00,  0.00000000E+00,  0.00000000E+00,  0.85982513E+01, -0.11976790E+01
     607.,  0.00000000E+00,  0.00000000E+00,  0.00000000E+00,  0.00000000E+00,  0.71686636E+01, -0.11976790E+01
     608.,  0.00000000E+00,  0.00000000E+00,  0.00000000E+00,  0.00000000E+00,  0.58218176E+01, -0.11976790E+01
     609.,  0.00000000E+00,  0.00000000E+00,  0.00000000E+00,  0.00000000E+00,  0.60161054E+01, -0.11976790E+01
     610.,  0.00000000E+00,  0.00000000E+00,  0.00000000E+00,  0.00000000E+00,  0.81881334E+01, -0.11976790E+01
     611.,  0.00000000E+00,  0.00000000E+00,  0.00000000E+00,  0.00000000E+00,  0.10640637E+02, -0.11976790E+01
     612.,  0.00000000E+00,  0.00000000E+00,  0.00000000E+00,  0.00000000E+00,  0.13310826E+02, -0.11976790E+01
     613.,  0.00000000E+00,  0.00000000E+00,  0.00000000E+00,  0.00000000E+00,  0.16232954E+02, -0.11976790E+01
     614.,  0.00000000E+00,  0.00000000E+00,  0.00000000E+00,  0.00000000E+00,  0.19433270E+02, -0.11976790E+01
     615.,  0.00000000E+00,  0.00000000E+00,  0.00000000E+00,  0.00000000E+00,  0.22597525E+02, -0.11976790E+01
     616.,  0.00000000E+00,  0.00000000E+00,  0.00000000E+00,  0.00000000E+00,  0.25016196E+02, -0.11976790E+01
     617.,  0.00000000E+00,  0.00000000E+00,  0.00000000E+00,  0.00000000E+00,  0.25968450E+02, -0.11976790E+01
     618.,  0.00000000E+00,  0.00000000E+00,  0.00000000E+00,  0.00000000E+00,  0.25202510E+02, -0.11976790E+01
     619.,  0.00000000E+00,  0.00000000E+00,  0.00000000E+00,  0.00000000E+00,  0.23057044E+02, -0.11976790E+01
     620.,  0.00000000E+00,  0.00000000E+00,  0.00000000E+00,  0.00000000E+00,  0.20173648E+02, -0.11976790E+01
     621.,  0.00000000E+00,  0.00000000E+00,  0.00000000E+00,  0.00000000E+00,  0.17113394E+02, -0.11976790E+01
     622.,  0.00000000E+00,  0.00000000E+00,  0.00000000E+00,  0.00000000E+00,  0.14050415E+02, -0.11976790E+01
     623.,  0.00000000E+00,  0.00000000E+00,  0.00000000E+00,  0.00000000E+00,  0.10814447E+02, -0.11976790E+01
     624.,  0.00000000E+00,  0.00000000E+00,  0.00000000E+00,  0.00000000E+00,  0.73008687E+01, -0.11976790E+01
     625.,  0.00000000E+00,  0.00000000E+00,  0.00000000E+00,  0.00000000E+00,  0.67849906E+01, -0.11976790E+01
     626.,  0.00000000E+00,  0.00000000E+00,  0.00000000E+00,  0.00000000E+00,  0.90291762E+01, -0.11976790E+01
     627.,  0.00000000E+00,  0.00000000E+00,  0.00000000E+00,  0.00000000E+00,  0.12527822E+02, -0.11976790E+01
     628.,  0.00000000E+00,  0.00000000E+00,  0.00000000E+00,  0.00000000E+00,  0.20986671E+02, -0.11976790E+01
     629.,  0.00000000E+00,  0.00000000E+00,  0.00000000E+00,  0.00000000E+00,  0.40004848E+02, -0.11976790E+01
     630.,  0.00000000E+00,  0.00000000E+00,  0.00000000E+00,  0.00000000E+00,  0.82284734E+02, -0.11976790E+01
     631.,  0.00000000E+00,  0.00000000E+00,  0.00000000E+00,  0.00000000E+00,  0.17191087E+03, -0.11976790E+01
     632.,  0.00000000E+00,  0.00000000E+00,  0.00000000E+00,  0.94009000E-03,  0.19113018E+03, -0.11976790E+01
     633.,  0.00000000E+00,  0.00000000E+00,  0.00000000E+00,  0.38934515E-02,  0.21056565E+03, -0.11976790E+01
     634.,  0.00000000E+00,  0.00000000E+00,  0.00000000E+00,  0.98163448E-02,  0.24367915E+03, -0.11976790E+01
     635.,  0.00000000E+00,  0.00000000E+00,  0.00000000E+00,  0.15552044E-01,  0.26895013E+03, -0.11976790E+01
     636.,  0.00000000E+00,  0.00000000E+00,  0.00000000E+00,  0.14597905E-01,  0.26458500E+03, -0.11976790E+01
     637.,  0.00000000E+00,  0.00000000E+00,  0.00000000E+00,  0.84176519E-02,  0.23515376E+03, -0.11976790E+01
     638.,  0.00000000E+00,  0.00000000E+00,  0.00000000E+00,  0.30108100E-02,  0.19497082E+03, -0.11976790E+01
     639.,  0.00000000E+00,  0.00000000E+00,  0.00000000E+00,  0.15985605E-03,  0.16988057E+03, -0.11976790E+01
     640.,  0.00000000E+00,  0.00000000E+00,  0.00000000E+00,  0.15647880E-03,  0.15562523E+03, -0.11976790E+01
     641.,  0.00000000E+00,  0.00000000E+00,  0.00000000E+00,  0.72464325E-02,  0.22727932E+03, -0.11976790E+01
     642.,  0.00000000E+00,  0.00000000E+00,  0.00000000E+00,  0.12881891E-01,  0.24830345E+03, -0.11976790E+01
     643.,  0.00000000E+00,  0.00000000E+00,  0.00000000E+00,  0.17641776E-01,  0.25791172E+03, -0.11976790E+01
     644.,  0.00000000E+00,  0.00000000E+00,  0.00000000E+00,  0.12014171E-01,  0.10493419E+03, -0.11976790E+01
     645.,  0.00000000E+00,  0.00000000E+00,  0.00000000E+00,  0.18611800E-01,  0.24645355E+03, -0.11976790E+01
     646.,  0.00000000E+00,  0.00000000E+00,  0.00000000E+00,  0.28019611E-01,  0.30603390E+03, -0.11976790E+01
     647.,  0.00000000E+00,  0.00000000E+00,  0.00000000E+00,  0.28634502E-01,  0.30714948E+03, -0.11976790E+01
     648.,  0.00000000E+00,  0.00000000E+00,  0.00000000E+00,  0.24467817E-01,  0.27796073E+03, -0.11976790E+01
     649.,  0.00000000E+00,  0.00000000E+00,  0.00000000E+00,  0.33526167E-01,  0.26270589E+03, -0.11976790E+01
     650.,  0.00000000E+00,  0.00000000E+00,  0.00000000E+00,  0.36217926E-01,  0.32131785E+03, -0.11976790E+01
     651.,  0.00000000E+00,  0.00000000E+00,  0.00000000E+00,  0.24271551E-01,  0.29335440E+03, -0.11976790E+01
     652.,  0.00000000E+00,  0.00000000E+00,  0.00000000E+00,  0.15714969E-01,  0.26177493E+03, -0.11976790E+01
     653.,  0.00000000E+00,  0.00000000E+00,  0.00000000E+00,  0.97315302E-02,  0.23292504E+03, -0.11976790E+01
     654.,  0.00000000E+00,  0.00000000E+00,  0.00000000E+00,  0.75523710E-02,  0.22171175E+03, -0.11976790E+01
     655.,  0.00000000E+00,  0.00000000E+00,  0.00000000E+00,  0.25509487E-02,  0.17509753E+03, -0.11976790E+01
     656.,  0.00000000E+00,  0.00000000E+00,  0.00000000E+00,  0.10503219E-03,  0.13887287E+03, -0.11976790E+01
     657.,  0.00000000E+00,  0.00000000E+00,  0.00000000E+00,  0.46894188E-03,  0.17793411E+03, -0.11976790E+01
     658.,  0.00000000E+00,  0.00000000E+00,  0.00000000E+00,  0.18426973E-02,  0.19408835E+03, -0.11976790E+01
     659.,  0.00000000E+00,  0.00000000E+00,  0.00000000E+00,  0.42550957E-02,  0.21237003E+03, -0.11976790E+01
     660.,  0.00000000E+00,  0.00000000E+00,  0.00000000E+00,  0.11481212E-01,  0.25007770E+03, -0.11976790E+01
     661.,  0.00000000E+00,  0.00000000E+00,  0.00000000E+00,  0.17298748E-01,  0.27558521E+03, -0.11976790E+01
     662.,  0.00000000E+00,  0.00000000E+00,  0.00000000E+00,  0.13798262E-01,  0.26096353E+03, -0.11976790E+01
     663.,  0.00000000E+00,  0.00000000E+00,  0.00000000E+00,  0.57768053E-02,  0.22052282E+03, -0.11976790E+01
     664.,  0.00000000E+00,  0.00000000E+00,  0.00000000E+00,  0.11717368E-02,  0.19245959E+03, -0.11976790E+01
     665.,  0.00000000E+00,  0.00000000E+00,  0.00000000E+00,  0.15194476E-05,  0.17087420E+03, -0.11976790E+01
     666.,  0.00000000E+00,  0.00000000E+00,  0.00000000E+00,  0.00000000E+00,  0.79734719E+02, -0.11976790E+01
     667.,  0.00000000E+00,  0.00000000E+00,  0.00000000E+00,  0.00000000E+00,  0.36696221E+02, -0.11976790E+01
     668.,  0.00000000E+00,  0.00000000E+00,  0.00000000E+00,  0.00000000E+00,  0.17189566E+02, -0.11976790E+01
     669.,  0.00000000E+00,  0.00000000E+00,  0.00000000E+00,  0.00000000E+00,  0.10286165E+02, -0.11976790E+01
     670.,  0.00000000E+00,  0.00000000E+00,  0.00000000E+00,  0.00000000E+00,  0.68938945E+01, -0.11976790E+01
     671.,  0.00000000E+00,  0.00000000E+00,  0.00000000E+00,  0.00000000E+00,  0.46436288E+01, -0.11976790E+01
     672.,  0.00000000E+00,  0.00000000E+00,  0.00000000E+00,  0.00000000E+00,  0.26400502E+01, -0.11976790E+01
     673.,  0.00000000E+00,  0.00000000E+00,  0.00000000E+00,  0.00000000E+00,  0.26002179E+01, -0.11976790E+01
     674.,  0.00000000E+00,  0.00000000E+00,  0.00000000E+00,  0.00000000E+00,  0.47864730E+01, -0.11976790E+01
     675.,  0.00000000E+00,  0.00000000E+00,  0.00000000E+00,  0.00000000E+00,  0.75155201E+01, -0.11976790E+01
     676.,  0.00000000E+00,  0.00000000E+00,  0.00000000E+00,  0.00000000E+00,  0.11003322E+02, -0.11976790E+01
     677.,  0.00000000E+00,  0.00000000E+00,  0.00000000E+00,  0.00000000E+00,  0.15420524E+02, -0.11976790E+01
     678.,  0.00000000E+00,  0.00000000E+00,  0.00000000E+00,  0.00000000E+00,  0.20501599E+02, -0.11976790E+01
     679.,  0.00000000E+00,  0.00000000E+00,  0.00000000E+00,  0.00000000E+00,  0.25443798E+02, -0.11976790E+01
     680.,  0.00000000E+00,  0.00000000E+00,  0.00000000E+00,  0.00000000E+00,  0.29094525E+02, -0.11976790E+01
     681.,  0.00000000E+00,  0.00000000E+00,  0.00000000E+00,  0.00000000E+00,  0.30453074E+02, -0.11976790E+01
     682.,  0.00000000E+00,  0.00000000E+00,  0.00000000E+00,  0.00000000E+00,  0.29144913E+02, -0.11976790E+01
     683.,  0.00000000E+00,  0.00000000E+00,  0.00000000E+00,  0.00000000E+00,  0.25515578E+02, -0.11976790E+01
     684.,  0.00000000E+00,  0.00000000E+00,  0.00000000E+00,  0.00000000E+00,  0.20393538E+02, -0.11976790E+01
     685.,  0.00000000E+00,  0.00000000E+00,  0.00000000E+00,  0.00000000E+00,  0.14761261E+02, -0.11976790E+01
     686.,  0.00000000E+00,  0.00000000E+00,  0.00000000E+00,  0.00000000E+00,  0.95025265E+01, -0.11976790E+01
     687.,  0.00000000E+00,  0.00000000E+00,  0.00000000E+00,  0.00000000E+00,  0.51509086E+01, -0.11976790E+01
     688.,  0.00000000E+00,  0.00000000E+00,  0.00000000E+00,  0.00000000E+00,  0.19445930E+01, -0.11976790E+01
     689.,  0.00000000E+00,  0.00000000E+00,  0.00000000E+00,  0.00000000E+00,  0.21726796E+01, -0.11976790E+01
     690.,  0.00000000E+00,  0.00000000E+00,  0.00000000E+00,  0.00000000E+00,  0.43988108E+01, -0.11976790E+01
     691.,  0.00000000E+00,  0.00000000E+00,  0.00000000E+00,  0.00000000E+00,  0.87400449E+01, -0.11976790E+01
     692.,  0.00000000E+00,  0.00000000E+00,  0.00000000E+00,  0.00000000E+00,  0.18822563E+02, -0.11976790E+01
     693.,  0.00000000E+00,  0.00000000E+00,  0.00000000E+00,  0.00000000E+00,  0.38812498E+02, -0.11976790E+01
     694.,  0.00000000E+00,  0.00000000E+00,  0.00000000E+00,  0.00000000E+00,  0.79162302E+02, -0.11976790E+01
     695.,  0.00000000E+00,  0.00000000E+00,  0.00000000E+00,  0.00000000E+00,  0.16265233E+03, -0.11976790E+01
     696.,  0.00000000E+00,  0.00000000E+00,  0.00000000E+00,  0.85926805E-03,  0.18992503E+03, -0.11976790E+01
     697.,  0.00000000E+00,  0.00000000E+00,  0.00000000E+00,  0.35029158E-02,  0.20765422E+03, -0.11976790E+01
     698.,  0.00000000E+00,  0.00000000E+00,  0.00000000E+00,  0.86391727E-02,  0.23717809E+03, -0.11976790E+01
     699.,  0.00000000E+00,  0.00000000E+00,  0.00000000E+00,  0.13030909E-01,  0.25809214E+03, -0.11976790E+01
     700.,  0.00000000E+00,  0.00000000E+00,  0.00000000E+00,  0.11409107E-01,  0.25046028E+03, -0.11976790E+01
     701.,  0.00000000E+00,  0.00000000E+00,  0.00000000E+00,  0.53976430E-02,  0.21575877E+03, -0.11976790E+01
     702.,  0.00000000E+00,  0.00000000E+00,  0.00000000E+00,  0.12650579E-02,  0.18999510E+03, -0.11976790E+01
     703.,  0.00000000E+00,  0.00000000E+00,  0.00000000E+00,  0.16892032E-03,  0.17750802E+03, -0.11976790E+01
     704.,  0.00000000E+00,  0.00000000E+00,  0.00000000E+00,  0.51310484E-02,  0.20415201E+03, -0.11976790E+01
     705.,  0.00000000E+00,  0.00000000E+00,  0.00000000E+00,  0.62249742E-01,  0.36638508E+03, -0.11976790E+01
     706.,  0.00000000E+00,  0.00000000E+00,  0.00000000E+00,  0.60554381E-01,  0.36280034E+03, -0.11976790E+01
     707.,  0.00000000E+00,  0.00000000E+00,  0.00000000E+00,  0.81807104E-01,  0.39208789E+03, -0.11976790E+01
     708.,  0.00000000E+00,  0.00000000E+00,  0.21356923E-01,  0.18985961E+00,  0.50626369E+03, -0.11976790E+01
     709.,  0.00000000E+00,  0.00000000E+00,  0.40505258E-01,  0.22146507E+00,  0.52430365E+03, -0.11976790E+01
     710.,  0.00000000E+00,  0.00000000E+00,  0.00000000E+00,  0.14871523E+00,  0.48103033E+03, -0.11976790E+01
     711.,  0.00000000E+00,  0.00000000E+00,  0.00000000E+00,  0.78325424E-01,  0.38802784E+03, -0.11976790E+01
     712.,  0.00000000E+00,  0.00000000E+00,  0.00000000E+00,  0.18180695E-01,  0.21807669E+03, -0.11976790E+01
     713.,  0.00000000E+00,  0.00000000E+00,  0.00000000E+00,  0.29428170E-01,  0.29311119E+03, -0.11976790E+01
     714.,  0.00000000E+00,  0.00000000E+00,  0.00000000E+00,  0.37595768E-01,  0.28974687E+03, -0.11976790E+01
     715.,  0.00000000E+00,  0.00000000E+00,  0.00000000E+00,  0.39060785E-01,  0.30854665E+03, -0.11976790E+01
     716.,  0.00000000E+00,  0.00000000E+00,  0.00000000E+00,  0.86393392E-01,  0.40187147E+03, -0.11976790E+01
     717.,  0.00000000E+00,  0.00000000E+00,  0.00000000E+00,  0.80329617E-01,  0.38901070E+03, -0.11976790E+01
     718.,  0.00000000E+00,  0.00000000E+00,  0.00000000E+00,  0.17580061E-01,  0.21599765E+03, -0.11976790E+01
     719.,  0.00000000E+00,  0.00000000E+00,  0.00000000E+00,  0.97342727E-02,  0.18499523E+03, -0.11976790E+01
     720.,  0.00000000E+00,  0.00000000E+00,  0.00000000E+00,  0.62564645E-02,  0.11817255E+03, -0.11976790E+01
     721.,  0.00000000E+00,  0.00000000E+00,  0.00000000E+00,  0.16090634E-02,  0.15515319E+03, -0.11976790E+01
     722.,  0.00000000E+00,  0.00000000E+00,  0.00000000E+00,  0.10875806E-02,  0.19105617E+03, -0.11976790E+01
     723.,  0.00000000E+00,  0.00000000E+00,  0.00000000E+00,  0.32801245E-02,  0.20457931E+03, -0.11976790E+01
     724.,  0.00000000E+00,  0.00000000E+00,  0.00000000E+00,  0.92566048E-02,  0.23940679E+03, -0.11976790E+01
     725.,  0.00000000E+00,  0.00000000E+00,  0.00000000E+00,  0.19511759E-01,  0.28344503E+03, -0.11976790E+01
     726.,  0.00000000E+00,  0.00000000E+00,  0.00000000E+00,  0.19985816E-01,  0.28355443E+03, -0.11976790E+01
     727.,  0.00000000E+00,  0.00000000E+00,  0.00000000E+00,  0.76453987E-02,  0.23085539E+03, -0.11976790E+01
     728.,  0.00000000E+00,  0.00000000E+00,  0.00000000E+00,  0.13269712E-02,  0.19235301E+03, -0.11976790E+01
     729.,  0.00000000E+00,  0.00000000E+00,  0.00000000E+00,  0.00000000E+00,  0.16557758E+03, -0.11976790E+01
     730.,  0.00000000E+00,  0.00000000E+00,  0.00000000E+00,  0.00000000E+00,  0.79310804E+02, -0.11976790E+01
     731.,  0.00000000E+00,  0.00000000E+00,  0.00000000E+00,  0.00000000E+00,  0.34951351E+02, -0.11976790E+01
     732.,  0.00000000E+00,  0.00000000E+00,  0.00000000E+00,  0.00000000E+00,  0.16744552E+02, -0.11976790E+01
     733.,  0.00000000E+00,  0.00000000E+00,  0.00000000E+00,  0.00000000E+00,  0.91235085E+01, -0.11976790E+01
     734.,  0.00000000E+00,  0.00000000E+00,  0.00000000E+00,  0.00000000E+00,  0.47071164E+01, -0.11976790E+01
     735.,  0.00000000E+00,  0.00000000E+00,  0.00000000E+00,  0.00000000E+00,  0.19404029E+01, -0.11976790E+01
     736.,  0.00000000E+00,  0.00000000E+00,  0.00000000E+00,  0.00000000E+00,  0.48387983E+00, -0.11976790E+01
     737.,  0.00000000E+00,  0.00000000E+00,  0.00000000E+00,  0.00000000E+00,  0.39367770E+00, -0.11976790E+01
     738.,  0.00000000E+00,  0.00000000E+00,  0.00000000E+00,  0.00000000E+00,  0.16079972E+01, -0.11976790E+01
     739.,  0.00000000E+00,  0.00000000E+00,  0.00000000E+00,  0.00000000E+00,  0.42543844E+01, -0.11976790E+01
     740.,  0.00000000E+00,  0.00000000E+00,  0.00000000E+00,  0.00000000E+00,  0.86952641E+01, -0.11976790E+01
     741.,  0.00000000E+00,  0.00000000E+00,  0.00000000E+00,  0.00000000E+00,  0.14890195E+02, -0.11976790E+01
     742.,  0.00000000E+00,  0.00000000E+00,  0.00000000E+00,  0.00000000E+00,  0.22133906E+02, -0.11976790E+01
     743.,  0.00000000E+00,  0.00000000E+00,  0.00000000E+00,  0.00000000E+00,  0.29072992E+02, -0.11976790E+01
     744.,  0.00000000E+00,  0.00000000E+00,  0.00000000E+00,  0.00000000E+00,  0.34089176E+02, -0.11976790E+01
     745.,  0.00000000E+00,  0.00000000E+00,  0.00000000E+00,  0.00000000E+00,  0.35879524E+02, -0.11976790E+01
     746.,  0.00000000E+00,  0.00000000E+00,  0.00000000E+00,  0.00000000E+00,  0.33927816E+02, -0.11976790E+01
     747.,  0.00000000E+00,  0.00000000E+00,  0.00000000E+00,  0.00000000E+00,  0.28590446E+02, -0.11976790E+01
     748.,  0.00000000E+00,  0.00000000E+00,  0.00000000E+00,  0.00000000E+00,  0.20872003E+02, -0.11976790E+01
     749.,  0.00000000E+00,  0.00000000E+00,  0.00000000E+00,  0.00000000E+00,  0.12215486E+02, -0.11976790E+01
     750.,  0.00000000E+00,  0.00000000E+00,  0.00000000E+00,  0.00000000E+00,  0.44982378E+01, -0.11976790E+01
     751.,  0.00000000E+00,  0.00000000E+00,  0.00000000E+00,  0.00000000E+00,  0.53086652E+00, -0.11976790E+01
     752.,  0.00000000E+00,  0.00000000E+00,  0.00000000E+00,  0.00000000E+00,  0.15645175E+01, -0.11976790E+01
     753.,  0.00000000E+00,  0.00000000E+00,  0.00000000E+00,  0.00000000E+00,  0.19730785E+01, -0.11976790E+01
     754.,  0.00000000E+00,  0.00000000E+00,  0.00000000E+00,  0.00000000E+00,  0.37461874E+01, -0.11976790E+01
     755.,  0.00000000E+00,  0.00000000E+00,  0.00000000E+00,  0.00000000E+00,  0.80605205E+01, -0.11976790E+01
     756.,  0.00000000E+00,  0.00000000E+00,  0.00000000E+00,  0.00000000E+00,  0.17297758E+02, -0.11976790E+01
     757.,  0.00000000E+00,  0.00000000E+00,  0.00000000E+00,  0.00000000E+00,  0.37064946E+02, -0.11976790E+01
     758.,  0.00000000E+00,  0.00000000E+00,  0.00000000E+00,  0.00000000E+00,  0.72777890E+02, -0.11976790E+01
     759.,  0.00000000E+00,  0.00000000E+00,  0.00000000E+00,  0.00000000E+00,  0.14238799E+03, -0.11976790E+01
     760.,  0.00000000E+00,  0.00000000E+00,  0.00000000E+00,  0.66083341E-03,  0.18792965E+03, -0.11976790E+01
     761.,  0.00000000E+00,  0.00000000E+00,  0.00000000E+00,  0.26062646E-02,  0.20059930E+03, -0.11976790E+01
     762.,  0.00000000E+00,  0.00000000E+00,  0.00000000E+00,  0.61254697E-02,  0.21937761E+03, -0.11976790E+01
     763.,  0.00000000E+00,  0.00000000E+00,  0.00000000E+00,  0.10004963E-01,  0.24195443E+03, -0.11976790E+01
     764.,  0.00000000E+00,  0.00000000E+00,  0.00000000E+00,  0.86070092E-02,  0.23377572E+03, -0.11976790E+01
     765.,  0.00000000E+00,  0.00000000E+00,  0.00000000E+00,  0.32699296E-02,  0.20364524E+03, -0.11976790E+01
     766.,  0.00000000E+00,  0.00000000E+00,  0.00000000E+00,  0.80128801E-03,  0.19018431E+03, -0.11976790E+01
     767.,  0.00000000E+00,  0.00000000E+00,  0.00000000E+00,  0.95148186E-03,  0.18105890E+03, -0.11976790E+01
     768.,  0.00000000E+00,  0.00000000E+00,  0.00000000E+00,  0.22906598E-01,  0.24764750E+03, -0.11976790E+01
     769.,  0.00000000E+00,  0.00000000E+00,  0.00000000E+00,  0.26726371E-01,  0.30138854E+03, -0.15606998E+01
     770.,  0.00000000E+00,  0.00000000E+00,  0.00000000E+00,  0.25809476E-01,  0.29752545E+03, -0.15606998E+01
     771.,  0.00000000E+00,  0.00000000E+00,  0.00000000E+00,  0.29572538E-01,  0.30177341E+03, -0.15606998E+01
     772.,  0.00000000E+00,  0.00000000E+00,  0.00000000E+00,  0.24998793E-01,  0.23635030E+03, -0.15606998E+01
     773.,  0.00000000E+00,  0.00000000E+00,  0.00000000E+00,  0.37048997E-01,  0.32305787E+03, -0.15606998E+01
     774.,  0.00000000E+00,  0.00000000E+00,  0.00000000E+00,  0.18664999E-01,  0.27390843E+03, -0.15606998E+01
     775.,  0.00000000E+00,  0.00000000E+00,  0.00000000E+00,  0.43017403E-02,  0.21007072E+03, -0.15606998E+01
     776.,  0.00000000E+00,  0.00000000E+00,  0.00000000E+00,  0.00000000E+00,  0.23280859E-07, -0.15606998E+01
     777.,  0.00000000E+00,  0.00000000E+00,  0.00000000E+00,  0.00000000E+00,  0.19402175E-07, -0.15606998E+01
     778.,  0.00000000E+00,  0.00000000E+00,  0.00000000E+00,  0.28440092E-01,  0.30027561E+03, -0.15606998E+01
     779.,  0.00000000E+00,  0.00000000E+00,  0.00000000E+00,  0.54721469E-01,  0.34720864E+03, -0.15606998E+01
     780.,  0.00000000E+00,  0.00000000E+00,  0.00000000E+00,  0.85002005E-01,  0.39973489E+03, -0.15606998E+01
     781.,  0.00000000E+00,  0.00000000E+00,  0.00000000E+00,  0.61356168E-01,  0.35580957E+03, -0.15606998E+01
     782.,  0.00000000E+00,  0.00000000E+00,  0.00000000E+00,  0.30286203E-01,  0.26371244E+03, -0.15606998E+01
     783.,  0.00000000E+00,  0.00000000E+00,  0.00000000E+00,  0.22960087E-01,  0.20587896E+03, -0.15606998E+01
     784.,  0.00000000E+00,  0.00000000E+00,  0.00000000E+00,  0.21905107E-01,  0.21005227E+03, -0.15606998E+01
     785.,  0.00000000E+00,  0.00000000E+00,  0.00000000E+00,  0.61643271E-02,  0.10459437E+03, -0.22867415E+01
     786.,  0.00000000E+00,  0.00000000E+00,  0.00000000E+00,  0.86788375E-02,  0.10568809E+03, -0.22867415E+01
     787.,  0.00000000E+00,  0.00000000E+00,  0.00000000E+00,  0.23056942E-01,  0.26927820E+03, -0.22867415E+01
     788.,  0.00000000E+00,  0.00000000E+00,  0.00000000E+00,  0.25143016E-01,  0.29266033E+03, -0.22867415E+01
     789.,  0.00000000E+00,  0.00000000E+00,  0.00000000E+00,  0.00000000E+00,  0.15725709E-07, -0.22867415E+01
     790.,  0.00000000E+00,  0.00000000E+00,  0.00000000E+00,  0.00000000E+00,  0.77047472E-08, -0.22867415E+01
     791.,  0.00000000E+00,  0.00000000E+00,  0.00000000E+00,  0.00000000E+00,  0.13215697E-07, -0.22867415E+01
     792.,  0.00000000E+00,  0.00000000E+00,  0.00000000E+00,  0.00000000E+00,  0.14580416E-07, -0.22867415E+01
     793.,  0.00000000E+00,  0.00000000E+00,  0.00000000E+00,  0.00000000E+00,  0.13685959E-07, -0.22867415E+01
     794.,  0.00000000E+00,  0.00000000E+00,  0.00000000E+00,  0.00000000E+00,  0.15478938E-07, -0.22867415E+01
     795.,  0.00000000E+00,  0.00000000E+00,  0.00000000E+00,  0.00000000E+00,  0.17978899E-07, -0.22867415E+01
     796.,  0.00000000E+00,  0.00000000E+00,  0.00000000E+00,  0.00000000E+00,  0.19360928E-07, -0.22867415E+01
     797.,  0.00000000E+00,  0.00000000E+00,  0.00000000E+00,  0.23085944E-01,  0.28709046E+03, -0.22867415E+01
     798.,  0.00000000E+00,  0.00000000E+00,  0.00000000E+00,  0.24458209E-01,  0.27954891E+03, -0.22867415E+01
     799.,  0.00000000E+00,  0.00000000E+00,  0.00000000E+00,  0.18927407E-01,  0.25969259E+03, -0.22867415E+01
     800.,  0.00000000E+00,  0.00000000E+00,  0.00000000E+00,  0.15357121E-01,  0.24370498E+03, -0.22867415E+01
     801.,  0.00000000E+00,  0.00000000E+00,  0.00000000E+00,  0.31101108E-01,  0.31157252E+03, -0.30127832E+01
     802.,  0.00000000E+00,  0.00000000E+00,  0.00000000E+00,  0.23909805E-01,  0.28961958E+03, -0.30127832E+01
     803.,  0.00000000E+00,  0.00000000E+00,  0.00000000E+00,  0.15384229E-01,  0.26145481E+03, -0.30127832E+01
     804.,  0.00000000E+00,  0.00000000E+00,  0.00000000E+00,  0.00000000E+00,  0.25226326E-07, -0.30127832E+01
     805.,  0.00000000E+00,  0.00000000E+00,  0.00000000E+00,  0.00000000E+00,  0.22200112E-07, -0.30127832E+01
     806.,  0.00000000E+00,  0.00000000E+00,  0.00000000E+00,  0.00000000E+00,  0.20395070E-07, -0.30127832E+01
     807.,  0.00000000E+00,  0.00000000E+00,  0.00000000E+00,  0.00000000E+00,  0.15933259E-07, -0.30127832E+01
     808.,  0.00000000E+00,  0.00000000E+00,  0.00000000E+00,  0.00000000E+00,  0.10138704E-07, -0.30127832E+01
     809.,  0.00000000E+00,  0.00000000E+00,  0.00000000E+00,  0.00000000E+00,  0.21302036E-07, -0.30127832E+01
     810.,  0.00000000E+00,  0.00000000E+00,  0.00000000E+00,  0.00000000E+00,  0.97872544E-08, -0.30127832E+01
     811.,  0.00000000E+00,  0.00000000E+00,  0.00000000E+00,  0.00000000E+00,  0.17059542E-07, -0.30127832E+01
     812.,  0.00000000E+00,  0.00000000E+00,  0.00000000E+00,  0.00000000E+00,  0.10631655E-07, -0.30127832E+01
     813.,  0.00000000E+00,  0.00000000E+00,  0.00000000E+00,  0.00000000E+00,  0.13480353E-07, -0.30127832E+01
     814.,  0.00000000E+00,  0.00000000E+00,  0.00000000E+00,  0.11762261E-01,  0.24706433E+03, -0.30127832E+01
     815.,  0.00000000E+00,  0.00000000E+00,  0.00000000E+00,  0.12945664E-01,  0.24739035E+03, -0.30127832E+01
     816.,  0.00000000E+00,  0.00000000E+00,  0.00000000E+00,  0.90405811E-02,  0.21926875E+03, -0.30127832E+01
     817.,  0.00000000E+00,  0.00000000E+00,  0.00000000E+00,  0.37558976E-02,  0.20518570E+03, -0.37388248E+01
     818.,  0.00000000E+00,  0.00000000E+00,  0.00000000E+00,  0.00000000E+00,  0.15055637E-07, -0.37388248E+01
     819.,  0.00000000E+00,  0.00000000E+00,  0.00000000E+00,  0.00000000E+00,  0.97737894E-08, -0.37388248E+01
     820.,  0.00000000E+00,  0.00000000E+00,  0.00000000E+00,  0.00000000E+00,  0.16803926E-07, -0.37388248E+01
     821.,  0.00000000E+00,  0.00000000E+00,  0.00000000E+00,  0.00000000E+00,  0.13165007E-07, -0.37388248E+01
     822.,  0.00000000E+00,  0.00000000E+00,  0.00000000E+00,  0.00000000E+00,  0.10266887E-07, -0.37388248E+01
     823.,  0.00000000E+00,  0.00000000E+00,  0.00000000E+00,  0.00000000E+00,  0.18574183E-07, -0.37388248E+01
     824.,  0.00000000E+00,  0.00000000E+00,  0.00000000E+00,  0.00000000E+00,  0.14061136E-07, -0.37388248E+01
     825.,  0.00000000E+00,  0.00000000E+00,  0.00000000E+00,  0.00000000E+00,  0.19668135E-07, -0.37388248E+01
     826.,  0.00000000E+00,  0.00000000E+00,  0.00000000E+00,  0.00000000E+00,  0.15899337E-07, -0.37388248E+01
     827.,  0.00000000E+00,  0.00000000E+00,  0.00000000E+00,  0.00000000E+00,  0.17656417E-07, -0.37388248E+01
     828.,  0.00000000E+00,  0.00000000E+00,  0.00000000E+00,  0.00000000E+00,  0.98443787E-08, -0.37388248E+01
     829.,  0.00000000E+00,  0.00000000E+00,  0.00000000E+00,  0.00000000E+00,  0.12474705E-07, -0.37388248E+01
     830.,  0.00000000E+00,  0.00000000E+00,  0.00000000E+00,  0.00000000E+00,  0.97943219E-08, -0.37388248E+01
     831.,  0.00000000E+00,  0.00000000E+00,  0.00000000E+00,  0.49007431E-02,  0.21261505E+03, -0.37388248E+01
     832.,  0.00000000E+00,  0.00000000E+00,  0.00000000E+00,  0.54413626E-02,  0.20768247E+03, -0.37388248E+01
     833.,  0.00000000E+00,  0.00000000E+00,  0.00000000E+00,  0.00000000E+00,  0.94987536E+02, -0.44648665E+01
     834.,  0.00000000E+00,  0.00000000E+00,  0.00000000E+00,  0.00000000E+00,  0.13671597E-07, -0.44648665E+01
     835.,  0.00000000E+00,  0.00000000E+00,  0.00000000E+00,  0.00000000E+00,  0.11401941E-07, -0.44648665E+01
     836.,  0.00000000E+00,  0.00000000E+00,  0.00000000E+00,  0.00000000E+00,  0.20053515E-07, -0.44648665E+01
     837.,  0.00000000E+00,  0.00000000E+00,  0.00000000E+00,  0.00000000E+00,  0.14311182E-07, -0.44648665E+01
     838.,  0.00000000E+00,  0.00000000E+00,  0.00000000E+00,  0.00000000E+00,  0.12062228E-07, -0.44648665E+01
     839.,  0.00000000E+00,  0.00000000E+00,  0.00000000E+00,  0.00000000E+00,  0.21328144E-07, -0.44648665E+01
     840.,  0.00000000E+00,  0.00000000E+00,  0.00000000E+00,  0.00000000E+00,  0.19093545E-07, -0.44648665E+01
     841.,  0.00000000E+00,  0.00000000E+00,  0.00000000E+00,  0.00000000E+00,  0.17596244E-07, -0.44648665E+01
     842.,  0.00000000E+00,  0.00000000E+00,  0.00000000E+00,  0.00000000E+00,  0.16732853E-07, -0.44648665E+01
     843.,  0.00000000E+00,  0.00000000E+00,  0.00000000E+00,  0.00000000E+00,  0.23604620E-07, -0.44648665E+01
     844.,  0.00000000E+00,  0.00000000E+00,  0.00000000E+00,  0.00000000E+00,  0.90055218E-08, -0.44648665E+01
     845.,  0.00000000E+00,  0.00000000E+00,  0.00000000E+00,  0.00000000E+00,  0.14257544E-07, -0.44648665E+01
     846.,  0.00000000E+00,  0.00000000E+00,  0.00000000E+00,  0.00000000E+00,  0.10936686E-07, -0.44648665E+01
     847.,  0.00000000E+00,  0.00000000E+00,  0.00000000E+00,  0.00000000E+00,  0.10382794E-07, -0.44648665E+01
     848.,  0.00000000E+00,  0.00000000E+00,  0.00000000E+00,  0.10947647E-03,  0.13934528E+03, -0.44648665E+01
     849.,  0.00000000E+00,  0.00000000E+00,  0.00000000E+00,  0.00000000E+00,  0.14474213E-07, -0.51909082E+01
     850.,  0.00000000E+00,  0.00000000E+00,  0.00000000E+00,  0.00000000E+00,  0.14287482E-07, -0.51909082E+01
     851.,  0.00000000E+00,  0.00000000E+00,  0.00000000E+00,  0.00000000E+00,  0.19698452E-07, -0.51909082E+01
     852.,  0.00000000E+00,  0.00000000E+00,  0.00000000E+00,  0.00000000E+00,  0.11132129E-07, -0.51909082E+01
     853.,  0.00000000E+00,  0.00000000E+00,  0.00000000E+00,  0.00000000E+00,  0.11545001E-07, -0.51909082E+01
     854.,  0.00000000E+00,  0.00000000E+00,  0.00000000E+00,  0.00000000E+00,  0.13620619E-07, -0.51909082E+01
     855.,  0.00000000E+00,  0.00000000E+00,  0.00000000E+00,  0.00000000E+00,  0.15183596E-07, -0.51909082E+01
     856.,  0.00000000E+00,  0.00000000E+00,  0.00000000E+00,  0.00000000E+00,  0.12057681E-07, -0.51909082E+01
     857.,  0.00000000E+00,  0.00000000E+00,  0.00000000E+00,  0.00000000E+00,  0.22208846E-07, -0.51909082E+01
     858.,  0.00000000E+00,  0.00000000E+00,  0.00000000E+00,  0.00000000E+00,  0.13377780E-07, -0.51909082E+01
     859.,  0.00000000E+00,  0.00000000E+00,  0.00000000E+00,  0.00000000E+00,  0.16109864E-07, -0.51909082E+01
     860.,  0.00000000E+00,  0.00000000E+00,  0.00000000E+00,  0.00000000E+00,  0.74913545E-08, -0.51909082E+01
     861.,  0.00000000E+00,  0.00000000E+00,  0.00000000E+00,  0.00000000E+00,  0.13373843E-07, -0.51909082E+01
     862.,  0.00000000E+00,  0.00000000E+00,  0.00000000E+00,  0.00000000E+00,  0.98920381E-08, -0.51909082E+01
     863.,  0.00000000E+00,  0.00000000E+00,  0.00000000E+00,  0.00000000E+00,  0.19571744E-07, -0.51909082E+01
     864.,  0.00000000E+00,  0.00000000E+00,  0.00000000E+00,  0.00000000E+00,  0.26021481E-07, -0.51909082E+01
     865.,  0.00000000E+00,  0.00000000E+00,  0.00000000E+00,  0.00000000E+00,  0.19345522E-07, -0.59169498E+01
     866.,  0.00000000E+00,  0.00000000E+00,  0.00000000E+00,  0.00000000E+00,  0.18133445E-07, -0.59169498E+01
     867.,  0.00000000E+00,  0.00000000E+00,  0.00000000E+00,  0.00000000E+00,  0.18565951E-07, -0.59169498E+01
     868.,  0.00000000E+00,  0.00000000E+00,  0.00000000E+00,  0.00000000E+00,  0.13079220E-07, -0.59169498E+01
     869.,  0.00000000E+00,  0.00000000E+00,  0.00000000E+00,  0.00000000E+00,  0.16591912E-07, -0.59169498E+01
     870.,  0.00000000E+00,  0.00000000E+00,  0.00000000E+00,  0.00000000E+00,  0.18687734E-07, -0.59169498E+01
     871.,  0.00000000E+00,  0.00000000E+00,  0.00000000E+00,  0.00000000E+00,  0.12358296E-07, -0.59169498E+01
     872.,  0.00000000E+00,  0.00000000E+00,  0.00000000E+00,  0.00000000E+00,  0.19003655E-07, -0.59169498E+01
     873.,  0.00000000E+00,  0.00000000E+00,  0.00000000E+00,  0.00000000E+00,  0.19598853E-07, -0.59169498E+01
     874.,  0.00000000E+00,  0.00000000E+00,  0.00000000E+00,  0.00000000E+00,  0.25476374E-07, -0.59169498E+01
     875.,  0.00000000E+00,  0.00000000E+00,  0.00000000E+00,  0.00000000E+00,  0.15868435E-07, -0.59169498E+01
     876.,  0.00000000E+00,  0.00000000E+00,  0.00000000E+00,  0.00000000E+00,  0.22399673E-07, -0.59169498E+01
     877.,  0.00000000E+00,  0.00000000E+00,  0.00000000E+00,  0.00000000E+00,  0.24332147E-07, -0.59169498E+01
     878.,  0.00000000E+00,  0.00000000E+00,  0.00000000E+00,  0.00000000E+00,  0.13385875E-07, -0.59169498E+01
     879.,  0.00000000E+00,  0.00000000E+00,  0.00000000E+00,  0.00000000E+00,  0.55224322E-08, -0.59169498E+01
     880.,  0.00000000E+00,  0.00000000E+00,  0.00000000E+00,  0.00000000E+00,  0.64441237E-08, -0.59169498E+01
     881.,  0.00000000E+00,  0.00000000E+00,  0.00000000E+00,  0.00000000E+00,  0.73289540E-08, -0.66429915E+01
     882.,  0.00000000E+00,  0.00000000E+00,  0.00000000E+00,  0.00000000E+00,  0.99856521E-08, -0.66429915E+01
     883.,  0.00000000E+00,  0.00000000E+00,  0.00000000E+00,  0.00000000E+00,  0.16329156E-07, -0.66429915E+01
     884.,  0.00000000E+00,  0.00000000E+00,  0.00000000E+00,  0.00000000E+00,  0.10995261E-07, -0.66429915E+01
     885.,  0.00000000E+00,  0.00000000E+00,  0.00000000E+00,  0.00000000E+00,  0.15041431E-07, -0.66429915E+01
     886.,  0.00000000E+00,  0.00000000E+00,  0.00000000E+00,  0.00000000E+00,  0.87500317E-08, -0.66429915E+01
     887.,  0.00000000E+00,  0.00000000E+00,  0.00000000E+00,  0.00000000E+00,  0.18213852E-07, -0.66429915E+01
     888.,  0.00000000E+00,  0.00000000E+00,  0.00000000E+00,  0.00000000E+00,  0.15037826E-07, -0.66429915E+01
     889.,  0.00000000E+00,  0.00000000E+00,  0.00000000E+00,  0.00000000E+00,  0.14080171E-07, -0.66429915E+01
     890.,  0.00000000E+00,  0.00000000E+00,  0.00000000E+00,  0.00000000E+00,  0.18568142E-07, -0.66429915E+01
     891.,  0.00000000E+00,  0.00000000E+00,  0.00000000E+00,  0.00000000E+00,  0.15081873E-07, -0.66429915E+01
     892.,  0.00000000E+00,  0.00000000E+00,  0.00000000E+00,  0.00000000E+00,  0.19985755E-07, -0.66429915E+01
     893.,  0.00000000E+00,  0.00000000E+00,  0.00000000E+00,  0.00000000E+00,  0.17500165E-07, -0.66429915E+01
     894.,  0.00000000E+00,  0.00000000E+00,  0.00000000E+00,  0.00000000E+00,  0.20712443E-07, -0.66429915E+01
     895.,  0.00000000E+00,  0.00000000E+00,  0.00000000E+00,  0.00000000E+00,  0.15558893E-07, -0.66429915E+01
     896.,  0.00000000E+00,  0.00000000E+00,  0.00000000E+00,  0.00000000E+00,  0.76336230E-08, -0.66429915E+01
     897.,  0.00000000E+00,  0.00000000E+00,  0.00000000E+00,  0.00000000E+00,  0.22496448E-07, -0.73690332E+01
     898.,  0.00000000E+00,  0.00000000E+00,  0.00000000E+00,  0.00000000E+00,  0.17808406E-07, -0.73690332E+01
     899.,  0.00000000E+00,  0.00000000E+00,  0.00000000E+00,  0.00000000E+00,  0.12081389E-07, -0.73690332E+01
     900.,  0.00000000E+00,  0.00000000E+00,  0.00000000E+00,  0.00000000E+00,  0.24058535E-07, -0.73690332E+01
     901.,  0.00000000E+00,  0.00000000E+00,  0.00000000E+00,  0.00000000E+00,  0.21139538E-07, -0.73690332E+01
     902.,  0.00000000E+00,  0.00000000E+00,  0.00000000E+00,  0.00000000E+00,  0.15253214E-07, -0.73690332E+01
     903.,  0.00000000E+00,  0.00000000E+00,  0.00000000E+00,  0.00000000E+00,  0.18393533E-07, -0.73690332E+01
     904.,  0.00000000E+00,  0.00000000E+00,  0.00000000E+00,  0.00000000E+00,  0.46207436E-08, -0.73690332E+01
     905.,  0.00000000E+00,  0.00000000E+00,  0.00000000E+00,  0.00000000E+00,  0.16049385E-07, -0.73690332E+01
     906.,  0.00000000E+00,  0.00000000E+00,  0.00000000E+00,  0.00000000E+00,  0.16084414E-07, -0.73690332E+01
     907.,  0.00000000E+00,  0.00000000E+00,  0.00000000E+00,  0.00000000E+00,  0.11770699E-07, -0.73690332E+01
     908.,  0.00000000E+00,  0.00000000E+00,  0.00000000E+00,  0.00000000E+00,  0.15799399E-07, -0.73690332E+01
     909.,  0.00000000E+00,  0.00000000E+00,  0.00000000E+00,  0.00000000E+00,  0.12899573E-07, -0.73690332E+01
     910.,  0.00000000E+00,  0.00000000E+00,  0.00000000E+00,  0.00000000E+00,  0.95813298E-08, -0.73690332E+01
     911.,  0.00000000E+00,  0.00000000E+00,  0.00000000E+00,  0.00000000E+00,  0.12163758E-07, -0.73690332E+01
     912.,  0.00000000E+00,  0.00000000E+00,  0.00000000E+00,  0.00000000E+00,  0.12405401E-07, -0.73690332E+01
     913.,  0.00000000E+00,  0.00000000E+00,  0.00000000E+00,  0.00000000E+00,  0.11774631E-07, -0.80950748E+01
     914.,  0.00000000E+00,  0.00000000E+00,  0.00000000E+00,  0.00000000E+00,  0.21188517E-07, -0.80950748E+01
     915.,  0.00000000E+00,  0.00000000E+00,  0.00000000E+00,  0.00000000E+00,  0.10917299E-07, -0.80950748E+01
     916.,  0.00000000E+00,  0.00000000E+00,  0.00000000E+00,  0.00000000E+00,  0.86136710E-08, -0.80950748E+01
     917.,  0.00000000E+00,  0.00000000E+00,  0.00000000E+00,  0.00000000E+00,  0.11308158E-07, -0.80950748E+01
     918.,  0.00000000E+00,  0.00000000E+00,  0.00000000E+00,  0.00000000E+00,  0.88407276E-08, -0.80950748E+01
     919.,  0.00000000E+00,  0.00000000E+00,  0.00000000E+00,  0.00000000E+00,  0.19422537E-07, -0.80950748E+01
     920.,  0.00000000E+00,  0.00000000E+00,  0.00000000E+00,  0.00000000E+00,  0.16360639E-07, -0.80950748E+01
     921.,  0.00000000E+00,  0.00000000E+00,  0.00000000E+00,  0.00000000E+00,  0.14270778E-07, -0.80950748E+01
     922.,  0.00000000E+00,  0.00000000E+00,  0.00000000E+00,  0.00000000E+00,  0.97007452E-08, -0.80950748E+01
     923.,  0.00000000E+00,  0.00000000E+00,  0.00000000E+00,  0.00000000E+00,  0.14550360E-07, -0.80950748E+01
     924.,  0.00000000E+00,  0.00000000E+00,  0.00000000E+00,  0.00000000E+00,  0.17792211E-07, -0.80950748E+01
     925.,  0.00000000E+00,  0.00000000E+00,  0.00000000E+00,  0.00000000E+00,  0.20102517E-07, -0.80950748E+01
     926.,  0.00000000E+00,  0.00000000E+00,  0.00000000E+00,  0.00000000E+00,  0.18009922E-07, -0.80950748E+01
     927.,  0.00000000E+00,  0.00000000E+00,  0.00000000E+00,  0.00000000E+00,  0.13391458E-07, -0.80950748E+01
     928.,  0.00000000E+00,  0.00000000E+00,  0.00000000E+00,  0.00000000E+00,  0.16808970E-07, -0.80950748E+01
     929.,  0.00000000E+00,  0.00000000E+00,  0.00000000E+00,  0.00000000E+00,  0.12205439E-07, -0.88211165E+01
     930.,  0.00000000E+00,  0.00000000E+00,  0.00000000E+00,  0.00000000E+00,  0.96016441E-08, -0.88211165E+01
     931.,  0.00000000E+00,  0.00000000E+00,  0.00000000E+00,  0.00000000E+00,  0.12059037E-07, -0.88211165E+01
     932.,  0.00000000E+00,  0.00000000E+00,  0.00000000E+00,  0.00000000E+00,  0.19893271E-07, -0.88211165E+01
     933.,  0.00000000E+00,  0.00000000E+00,  0.00000000E+00,  0.00000000E+00,  0.14321288E-07, -0.88211165E+01
     934.,  0.00000000E+00,  0.00000000E+00,  0.00000000E+00,  0.00000000E+00,  0.16593002E-07, -0.88211165E+01
     935.,  0.00000000E+00,  0.00000000E+00,  0.00000000E+00,  0.00000000E+00,  0.20370342E-07, -0.88211165E+01
     936.,  0.00000000E+00,  0.00000000E+00,  0.00000000E+00,  0.00000000E+00,  0.14170929E-07, -0.88211165E+01
     937.,  0.00000000E+00,  0.00000000E+00,  0.00000000E+00,  0.00000000E+00,  0.10237313E-07, -0.88211165E+01
     938.,  0.00000000E+00,  0.00000000E+00,  0.00000000E+00,  0.00000000E+00,  0.22512069E-07, -0.88211165E+01
     939.,  0.00000000E+00,  0.00000000E+00,  0.00000000E+00,  0.00000000E+00,  0.12878487E-07, -0.88211165E+01
     940.,  0.00000000E+00,  0.00000000E+00,  0.00000000E+00,  0.00000000E+00,  0.18179862E-07, -0.88211165E+01
     941.,  0.00000000E+00,  0.00000000E+00,  0.00000000E+00,  0.00000000E+00,  0.14450216E-07, -0.88211165E+01
     942.,  0.00000000E+00,  0.00000000E+00,  0.00000000E+00,  0.00000000E+00,  0.11750641E-07, -0.88211165E+01
     943.,  0.00000000E+00,  0.00000000E+00,  0.00000000E+00,  0.00000000E+00,  0.19683047E-07, -0.88211165E+01
     944.,  0.00000000E+00,  0.00000000E+00,  0.00000000E+00,  0.00000000E+00,  0.14009158E-07, -0.88211165E+01
     945.,  0.00000000E+00,  0.00000000E+00,  0.00000000E+00,  0.00000000E+00,  0.12057326E-07, -0.95471582E+01
     946.,  0.00000000E+00,  0.00000000E+00,  0.00000000E+00,  0.00000000E+00,  0.15730338E-07, -0.95471582E+01
     947.,  0.00000000E+00,  0.00000000E+00,  0.00000000E+00,  0.00000000E+00,  0.17847974E-07, -0.95471582E+01
     948.,  0.00000000E+00,  0.00000000E+00,  0.00000000E+00,  0.00000000E+00,  0.10870981E-07, -0.95471582E+01
     949.,  0.00000000E+00,  0.00000000E+00,  0.00000000E+00,  0.00000000E+00,  0.55692051E-08, -0.95471582E+01
     950.,  0.00000000E+00,  0.00000000E+00,  0.00000000E+00,  0.00000000E+00,  0.15539014E-07, -0.95471582E+01
     951.,  0.00000000E+00,  0.00000000E+00,  0.00000000E+00,  0.00000000E+00,  0.14432041E-07, -0.95471582E+01
     952.,  0.00000000E+00,  0.00000000E+00,  0.00000000E+00,  0.00000000E+00,  0.65502063E-08, -0.95471582E+01
     953.,  0.00000000E+00,  0.00000000E+00,  0.00000000E+00,  0.00000000E+00,  0.13839913E-07, -0.95471582E+01
     954.,  0.00000000E+00,  0.00000000E+00,  0.00000000E+00,  0.00000000E+00,  0.16282665E-07, -0.95471582E+01
     955.,  0.00000000E+00,  0.00000000E+00,  0.00000000E+00,  0.00000000E+00,  0.20094436E-07, -0.95471582E+01
     956.,  0.00000000E+00,  0.00000000E+00,  0.00000000E+00,  0.00000000E+00,  0.16247956E-07, -0.95471582E+01
     957.,  0.00000000E+00,  0.00000000E+00,  0.00000000E+00,  0.00000000E+00,  0.73296653E-08, -0.95471582E+01
     958.,  0.00000000E+00,  0.00000000E+00,  0.00000000E+00,  0.00000000E+00,  0.16217284E-07, -0.95471582E+01
     959.,  0.00000000E+00,  0.00000000E+00,  0.00000000E+00,  0.00000000E+00,  0.24168529E-07, -0.95471582E+01
     960.,  0.00000000E+00,  0.00000000E+00,  0.00000000E+00,  0.00000000E+00,  0.21212682E-07, -0.95471582E+01
     961.,  0.00000000E+00,  0.00000000E+00,  0.00000000E+00,  0.00000000E+00,  0.16329654E-07, -0.10273200E+02
     962.,  0.00000000E+00,  0.00000000E+00,  0.00000000E+00,  0.00000000E+00,  0.13972745E-07, -0.10273200E+02
     963.,  0.00000000E+00,  0.00000000E+00,  0.00000000E+00,  0.00000000E+00,  0.69820876E-08, -0.10273200E+02
     964.,  0.00000000E+00,  0.00000000E+00,  0.00000000E+00,  0.00000000E+00,  0.14863575E-07, -0.10273200E+02
     965.,  0.00000000E+00,  0.00000000E+00,  0.00000000E+00,  0.00000000E+00,  0.10012020E-07, -0.10273200E+02
     966.,  0.00000000E+00,  0.00000000E+00,  0.00000000E+00,  0.00000000E+00,  0.23904999E-07, -0.10273200E+02
     967.,  0.00000000E+00,  0.00000000E+00,  0.00000000E+00,  0.00000000E+00,  0.17654281E-07, -0.10273200E+02
     968.,  0.00000000E+00,  0.00000000E+00,  0.00000000E+00,  0.00000000E+00,  0.16869475E-07, -0.10273200E+02
     969.,  0.00000000E+00,  0.00000000E+00,  0.00000000E+00,  0.00000000E+00,  0.18063220E-07, -0.10273200E+02
     970.,  0.00000000E+00,  0.00000000E+00,  0.00000000E+00,  0.00000000E+00,  0.16417242E-07, -0.10273200E+02
     971.,  0.00000000E+00,  0.00000000E+00,  0.00000000E+00,  0.00000000E+00,  0.12132686E-07, -0.10273200E+02
     972.,  0.00000000E+00,  0.00000000E+00,  0.00000000E+00,  0.00000000E+00,  0.11907317E-07, -0.10273200E+02
     973.,  0.00000000E+00,  0.00000000E+00,  0.00000000E+00,  0.00000000E+00,  0.16130507E-07, -0.10273200E+02
     974.,  0.00000000E+00,  0.00000000E+00,  0.00000000E+00,  0.00000000E+00,  0.26733081E-07, -0.10273200E+02
     975.,  0.00000000E+00,  0.00000000E+00,  0.00000000E+00,  0.00000000E+00,  0.17407527E-07, -0.10273200E+02
     976.,  0.00000000E+00,  0.00000000E+00,  0.00000000E+00,  0.00000000E+00,  0.16979960E-07, -0.10273200E+02
     977.,  0.00000000E+00,  0.00000000E+00,  0.00000000E+00,  0.00000000E+00,  0.96874261E-08, -0.10999242E+02
     978.,  0.00000000E+00,  0.00000000E+00,  0.00000000E+00,  0.00000000E+00,  0.15601433E-07, -0.10999242E+02
     979.,  0.00000000E+00,  0.00000000E+00,  0.00000000E+00,  0.00000000E+00,  0.17619717E-07, -0.10999242E+02
     980.,  0.00000000E+00,  0.00000000E+00,  0.00000000E+00,  0.00000000E+00,  0.15418136E-07, -0.10999242E+02
     981.,  0.00000000E+00,  0.00000000E+00,  0.00000000E+00,  0.00000000E+00,  0.11872206E-07, -0.10999242E+02
     982.,  0.00000000E+00,  0.00000000E+00,  0.00000000E+00,  0.00000000E+00,  0.32174639E-07, -0.10999242E+02
     983.,  0.00000000E+00,  0.00000000E+00,  0.00000000E+00,  0.00000000E+00,  0.16493661E-07, -0.10999242E+02
     984.,  0.00000000E+00,  0.00000000E+00,  0.00000000E+00,  0.00000000E+00,  0.12409150E-07, -0.10999242E+02
     985.,  0.00000000E+00,  0.00000000E+00,  0.00000000E+00,  0.00000000E+00,  0.99141992E-08, -0.10999242E+02
     986.,  0.00000000E+00,  0.00000000E+00,  0.00000000E+00,  0.00000000E+00,  0.15894943E-07, -0.10999242E+02
     987.,  0.00000000E+00,  0.00000000E+00,  0.00000000E+00,  0.00000000E+00,  0.21732476E-07, -0.10999242E+02
     988.,  0.00000000E+00,  0.00000000E+00,  0.00000000E+00,  0.00000000E+00,  0.21513579E-07, -0.10999242E+02
     989.,  0.00000000E+00,  0.00000000E+00,  0.00000000E+00,  0.00000000E+00,  0.17829878E-07, -0.10999242E+02
     990.,  0.00000000E+00,  0.00000000E+00,  0.00000000E+00,  0.00000000E+00,  0.21855999E-07, -0.10999242E+02
     991.,  0.00000000E+00,  0.00000000E+00,  0.00000000E+00,  0.00000000E+00,  0.18887485E-07, -0.10999242E+02
     992.,  0.00000000E+00,  0.00000000E+00,  0.00000000E+00,  0.00000000E+00,  0.25128449E-07, -0.10999242E+02
     993.,  0.00000000E+00,  0.00000000E+00,  0.00000000E+00,  0.00000000E+00,  0.15764152E-07, -0.11725283E+02
     994.,  0.00000000E+00,  0.00000000E+00,  0.00000000E+00,  0.00000000E+00,  0.29773866E-07, -0.11725283E+02
     995.,  0.00000000E+00,  0.00000000E+00,  0.00000000E+00,  0.00000000E+00,  0.12389610E-07, -0.11725283E+02
     996.,  0.00000000E+00,  0.00000000E+00,  0.00000000E+00,  0.00000000E+00,  0.19380705E-07, -0.11725283E+02
     997.,  0.00000000E+00,  0.00000000E+00,  0.00000000E+00,  0.00000000E+00,  0.11737299E-07, -0.11725283E+02
     998.,  0.00000000E+00,  0.00000000E+00,  0.00000000E+00,  0.00000000E+00,  0.12350263E-07, -0.11725283E+02
     999.,  0.00000000E+00,  0.00000000E+00,  0.00000000E+00,  0.00000000E+00,  0.14224600E-07, -0.11725283E+02
    1000.,  0.00000000E+00,  0.00000000E+00,  0.00000000E+00,  0.00000000E+00,  0.84698355E-08, -0.11725283E+02
    1001.,  0.00000000E+00,  0.00000000E+00,  0.00000000E+00,  0.00000000E+00,  0.98067489E-08, -0.11725283E+02
    1002.,  0.00000000E+00,  0.00000000E+00,  0.00000000E+00,  0.00000000E+00,  0.23014620E-07, -0.11725283E+02
    1003.,  0.00000000E+00,  0.00000000E+00,  0.00000000E+00,  0.00000000E+00,  0.18052507E-07, -0.11725283E+02
    1004.,  0.00000000E+00,  0.00000000E+00,  0.00000000E+00,  0.00000000E+00,  0.19728871E-07, -0.11725283E+02
    1005.,  0.00000000E+00,  0.00000000E+00,  0.00000000E+00,  0.00000000E+00,  0.23087530E-07, -0.11725283E+02
    1006.,  0.00000000E+00,  0.00000000E+00,  0.00000000E+00,  0.00000000E+00,  0.10794440E-07, -0.11725283E+02
    1007.,  0.00000000E+00,  0.00000000E+00,  0.00000000E+00,  0.00000000E+00,  0.16571592E-07, -0.11725283E+02
    1008.,  0.00000000E+00,  0.00000000E+00,  0.00000000E+00,  0.00000000E+00,  0.10700999E-07, -0.11725283E+02
    1009.,  0.00000000E+00,  0.00000000E+00,  0.00000000E+00,  0.00000000E+00,  0.15139455E-07, -0.12451325E+02
    1010.,  0.00000000E+00,  0.00000000E+00,  0.00000000E+00,  0.00000000E+00,  0.25131973E-07, -0.12451325E+02
    1011.,  0.00000000E+00,  0.00000000E+00,  0.00000000E+00,  0.00000000E+00,  0.23095493E-07, -0.12451325E+02
    1012.,  0.00000000E+00,  0.00000000E+00,  0.00000000E+00,  0.00000000E+00,  0.20027698E-07, -0.12451325E+02
    1013.,  0.00000000E+00,  0.00000000E+00,  0.00000000E+00,  0.00000000E+00,  0.22690695E-07, -0.12451325E+02
    1014.,  0.00000000E+00,  0.00000000E+00,  0.00000000E+00,  0.00000000E+00,  0.13079584E-07, -0.12451325E+02
    1015.,  0.00000000E+00,  0.00000000E+00,  0.00000000E+00,  0.00000000E+00,  0.20781989E-07, -0.12451325E+02
    1016.,  0.00000000E+00,  0.00000000E+00,  0.00000000E+00,  0.00000000E+00,  0.18235618E-07, -0.12451325E+02
    1017.,  0.00000000E+00,  0.00000000E+00,  0.00000000E+00,  0.00000000E+00,  0.21217279E-07, -0.12451325E+02
    1018.,  0.00000000E+00,  0.00000000E+00,  0.00000000E+00,  0.00000000E+00,  0.25205552E-07, -0.12451325E+02
    1019.,  0.00000000E+00,  0.00000000E+00,  0.00000000E+00,  0.00000000E+00,  0.21207523E-07, -0.12451325E+02
    1020.,  0.00000000E+00,  0.00000000E+00,  0.00000000E+00,  0.00000000E+00,  0.12778593E-07, -0.12451325E+02
    1021.,  0.00000000E+00,  0.00000000E+00,  0.00000000E+00,  0.00000000E+00,  0.97701869E-08, -0.12451325E+02
    1022.,  0.00000000E+00,  0.00000000E+00,  0.00000000E+00,  0.00000000E+00,  0.22665710E-07, -0.12451325E+02
    1023.,  0.00000000E+00,  0.00000000E+00,  0.00000000E+00,  0.00000000E+00,  0.12859007E-07, -0.12451325E+02
    1024.,  0.00000000E+00,  0.00000000E+00,  0.00000000E+00,  0.00000000E+00,  0.16101967E-07, -0.12451325E+02
    1025.,  0.00000000E+00,  0.00000000E+00,  0.00000000E+00,  0.00000000E+00,  0.19609286E-07, -0.13177366E+02
    1026.,  0.00000000E+00,  0.00000000E+00,  0.00000000E+00,  0.00000000E+00,  0.17731048E-07, -0.13177366E+02
    1027.,  0.00000000E+00,  0.00000000E+00,  0.00000000E+00,  0.00000000E+00,  0.88781709E-08, -0.13177366E+02
    1028.,  0.00000000E+00,  0.00000000E+00,  0.00000000E+00,  0.00000000E+00,  0.13562772E-07, -0.13177366E+02
    1029.,  0.00000000E+00,  0.00000000E+00,  0.00000000E+00,  0.00000000E+00,  0.14694497E-07, -0.13177366E+02
    1030.,  0.00000000E+00,  0.00000000E+00,  0.00000000E+00,  0.00000000E+00,  0.24121184E-07, -0.13177366E+02
    1031.,  0.00000000E+00,  0.00000000E+00,  0.00000000E+00,  0.00000000E+00,  0.12143909E-07, -0.13177366E+02
    1032.,  0.00000000E+00,  0.00000000E+00,  0.00000000E+00,  0.00000000E+00,  0.20094560E-07, -0.13177366E+02
    1033.,  0.00000000E+00,  0.00000000E+00,  0.00000000E+00,  0.00000000E+00,  0.10311319E-07, -0.13177366E+02
    1034.,  0.00000000E+00,  0.00000000E+00,  0.00000000E+00,  0.00000000E+00,  0.89244029E-08, -0.13177366E+02
    1035.,  0.00000000E+00,  0.00000000E+00,  0.00000000E+00,  0.00000000E+00,  0.59250892E-08, -0.13177366E+02
    1036.,  0.00000000E+00,  0.00000000E+00,  0.00000000E+00,  0.00000000E+00,  0.16634471E-07, -0.13177366E+02
    1037.,  0.00000000E+00,  0.00000000E+00,  0.00000000E+00,  0.00000000E+00,  0.15310351E-07, -0.13177366E+02
    1038.,  0.00000000E+00,  0.00000000E+00,  0.00000000E+00,  0.00000000E+00,  0.84929603E-08, -0.13177366E+02
    1039.,  0.00000000E+00,  0.00000000E+00,  0.00000000E+00,  0.00000000E+00,  0.22233267E-08, -0.13177366E+02
    1040.,  0.00000000E+00,  0.00000000E+00,  0.00000000E+00,  0.00000000E+00,  0.11978736E-07, -0.13177366E+02
    1041.,  0.00000000E+00,  0.00000000E+00,  0.00000000E+00,  0.00000000E+00,  0.12339112E-07, -0.13903408E+02
    1042.,  0.00000000E+00,  0.00000000E+00,  0.00000000E+00,  0.00000000E+00,  0.14946871E-07, -0.13903408E+02
    1043.,  0.00000000E+00,  0.00000000E+00,  0.00000000E+00,  0.00000000E+00,  0.30604162E-07, -0.13903408E+02
    1044.,  0.00000000E+00,  0.00000000E+00,  0.00000000E+00,  0.00000000E+00,  0.21377687E-07, -0.13903408E+02
    1045.,  0.00000000E+00,  0.00000000E+00,  0.00000000E+00,  0.00000000E+00,  0.11536837E-07, -0.13903408E+02
    1046.,  0.00000000E+00,  0.00000000E+00,  0.00000000E+00,  0.00000000E+00,  0.17561710E-07, -0.13903408E+02
    1047.,  0.00000000E+00,  0.00000000E+00,  0.00000000E+00,  0.00000000E+00,  0.15751380E-07, -0.13903408E+02
    1048.,  0.00000000E+00,  0.00000000E+00,  0.00000000E+00,  0.00000000E+00,  0.26000437E-07, -0.13903408E+02
    1049.,  0.00000000E+00,  0.00000000E+00,  0.00000000E+00,  0.00000000E+00,  0.23130525E-07, -0.13903408E+02
    1050.,  0.00000000E+00,  0.00000000E+00,  0.00000000E+00,  0.00000000E+00,  0.15404189E-07, -0.13903408E+02
    1051.,  0.00000000E+00,  0.00000000E+00,  0.00000000E+00,  0.00000000E+00,  0.27892530E-07, -0.13903408E+02
    1052.,  0.00000000E+00,  0.00000000E+00,  0.00000000E+00,  0.00000000E+00,  0.24744847E-07, -0.13903408E+02
    1053.,  0.00000000E+00,  0.00000000E+00,  0.00000000E+00,  0.00000000E+00,  0.17575783E-07, -0.13903408E+02
    1054.,  0.00000000E+00,  0.00000000E+00,  0.00000000E+00,  0.00000000E+00,  0.21196486E-07, -0.13903408E+02
    1055.,  0.00000000E+00,  0.00000000E+00,  0.00000000E+00,  0.00000000E+00,  0.26572625E-07, -0.13903408E+02
    1056.,  0.00000000E+00,  0.00000000E+00,  0.00000000E+00,  0.00000000E+00,  0.93119919E-08, -0.13903408E+02
    1057.,  0.00000000E+00,  0.00000000E+00,  0.00000000E+00,  0.00000000E+00,  0.26360812E-07, -0.14629450E+02
    1058.,  0.00000000E+00,  0.00000000E+00,  0.00000000E+00,  0.00000000E+00,  0.35567052E-07, -0.14629450E+02
    1059.,  0.00000000E+00,  0.00000000E+00,  0.00000000E+00,  0.00000000E+00,  0.91841075E-08, -0.14629450E+02
    1060.,  0.00000000E+00,  0.00000000E+00,  0.00000000E+00,  0.00000000E+00,  0.20013719E-07, -0.14629450E+02
    1061.,  0.00000000E+00,  0.00000000E+00,  0.00000000E+00,  0.00000000E+00,  0.14149408E-07, -0.14629450E+02
    1062.,  0.00000000E+00,  0.00000000E+00,  0.00000000E+00,  0.00000000E+00,  0.10976279E-07, -0.14629450E+02
    1063.,  0.00000000E+00,  0.00000000E+00,  0.00000000E+00,  0.00000000E+00,  0.95395764E-08, -0.14629450E+02
    1064.,  0.00000000E+00,  0.00000000E+00,  0.00000000E+00,  0.00000000E+00,  0.22035609E-07, -0.14629450E+02
    1065.,  0.00000000E+00,  0.00000000E+00,  0.00000000E+00,  0.00000000E+00,  0.16508934E-07, -0.14629450E+02
    1066.,  0.00000000E+00,  0.00000000E+00,  0.00000000E+00,  0.00000000E+00,  0.47928032E-08, -0.14629450E+02
    1067.,  0.00000000E+00,  0.00000000E+00,  0.00000000E+00,  0.00000000E+00,  0.14547269E-07, -0.14629450E+02
    1068.,  0.00000000E+00,  0.00000000E+00,  0.00000000E+00,  0.00000000E+00,  0.21249109E-07, -0.14629450E+02
    1069.,  0.00000000E+00,  0.00000000E+00,  0.00000000E+00,  0.00000000E+00,  0.15219951E-07, -0.14629450E+02
    1070.,  0.00000000E+00,  0.00000000E+00,  0.00000000E+00,  0.00000000E+00,  0.10841015E-07, -0.14629450E+02
    1071.,  0.00000000E+00,  0.00000000E+00,  0.00000000E+00,  0.00000000E+00,  0.31270602E-07, -0.14629450E+02
    1072.,  0.00000000E+00,  0.00000000E+00,  0.00000000E+00,  0.00000000E+00,  0.26575904E-07, -0.14629450E+02
    1073.,  0.00000000E+00,  0.00000000E+00,  0.00000000E+00,  0.00000000E+00,  0.99193346E-08, -0.15355491E+02
    1074.,  0.00000000E+00,  0.00000000E+00,  0.00000000E+00,  0.00000000E+00,  0.20251411E-07, -0.15355491E+02
    1075.,  0.00000000E+00,  0.00000000E+00,  0.00000000E+00,  0.00000000E+00,  0.41556081E-08, -0.15355491E+02
    1076.,  0.00000000E+00,  0.00000000E+00,  0.00000000E+00,  0.00000000E+00,  0.13803881E-07, -0.15355491E+02
    1077.,  0.00000000E+00,  0.00000000E+00,  0.00000000E+00,  0.00000000E+00,  0.26071569E-07, -0.15355491E+02
    1078.,  0.00000000E+00,  0.00000000E+00,  0.00000000E+00,  0.00000000E+00,  0.28536808E-07, -0.15355491E+02
    1079.,  0.00000000E+00,  0.00000000E+00,  0.00000000E+00,  0.00000000E+00,  0.21510237E-07, -0.15355491E+02
    1080.,  0.00000000E+00,  0.00000000E+00,  0.00000000E+00,  0.00000000E+00,  0.10536336E-07, -0.15355491E+02
    1081.,  0.00000000E+00,  0.00000000E+00,  0.00000000E+00,  0.00000000E+00,  0.12801774E-07, -0.15355491E+02
    1082.,  0.00000000E+00,  0.00000000E+00,  0.00000000E+00,  0.00000000E+00,  0.59505463E-08, -0.15355491E+02
    1083.,  0.00000000E+00,  0.00000000E+00,  0.00000000E+00,  0.00000000E+00,  0.17436596E-07, -0.15355491E+02
    1084.,  0.00000000E+00,  0.00000000E+00,  0.00000000E+00,  0.00000000E+00,  0.70022905E-08, -0.15355491E+02
    1085.,  0.00000000E+00,  0.00000000E+00,  0.00000000E+00,  0.00000000E+00,  0.12184082E-07, -0.15355491E+02
    1086.,  0.00000000E+00,  0.00000000E+00,  0.00000000E+00,  0.00000000E+00,  0.18902895E-07, -0.15355491E+02
    1087.,  0.00000000E+00,  0.00000000E+00,  0.00000000E+00,  0.00000000E+00,  0.18741958E-07, -0.15355491E+02
    1088.,  0.00000000E+00,  0.00000000E+00,  0.00000000E+00,  0.00000000E+00,  0.14498554E-07, -0.15355491E+02
    1089.,  0.00000000E+00,  0.00000000E+00,  0.00000000E+00,  0.00000000E+00,  0.16399949E-07, -0.16081533E+02
    1090.,  0.00000000E+00,  0.00000000E+00,  0.00000000E+00,  0.00000000E+00,  0.17004371E-07, -0.16081533E+02
    1091.,  0.00000000E+00,  0.00000000E+00,  0.00000000E+00,  0.00000000E+00,  0.12252700E-07, -0.16081533E+02
    1092.,  0.00000000E+00,  0.00000000E+00,  0.00000000E+00,  0.00000000E+00,  0.16974401E-07, -0.16081533E+02
    1093.,  0.00000000E+00,  0.00000000E+00,  0.00000000E+00,  0.00000000E+00,  0.20211829E-07, -0.16081533E+02
    1094.,  0.00000000E+00,  0.00000000E+00,  0.00000000E+00,  0.00000000E+00,  0.21295244E-07, -0.16081533E+02
    1095.,  0.00000000E+00,  0.00000000E+00,  0.00000000E+00,  0.00000000E+00,  0.19588346E-07, -0.16081533E+02
    1096.,  0.00000000E+00,  0.00000000E+00,  0.00000000E+00,  0.00000000E+00,  0.27170206E-07, -0.16081533E+02
    1097.,  0.00000000E+00,  0.00000000E+00,  0.00000000E+00,  0.00000000E+00,  0.12229542E-07, -0.16081533E+02
    1098.,  0.00000000E+00,  0.00000000E+00,  0.00000000E+00,  0.00000000E+00,  0.12935217E-07, -0.16081533E+02
    1099.,  0.00000000E+00,  0.00000000E+00,  0.00000000E+00,  0.00000000E+00,  0.19050360E-07, -0.16081533E+02
    1100.,  0.00000000E+00,  0.00000000E+00,  0.00000000E+00,  0.00000000E+00,  0.21558741E-07, -0.16081533E+02
    1101.,  0.00000000E+00,  0.00000000E+00,  0.00000000E+00,  0.00000000E+00,  0.87958972E-08, -0.16081533E+02
    1102.,  0.00000000E+00,  0.00000000E+00,  0.00000000E+00,  0.00000000E+00,  0.24578236E-07, -0.16081533E+02
    1103.,  0.00000000E+00,  0.00000000E+00,  0.00000000E+00,  0.00000000E+00,  0.22620347E-07, -0.16081533E+02
    1104.,  0.00000000E+00,  0.00000000E+00,  0.00000000E+00,  0.00000000E+00,  0.17779180E-07, -0.16081533E+02
    1105.,  0.00000000E+00,  0.00000000E+00,  0.00000000E+00,  0.00000000E+00,  0.19651071E-07, -0.16807575E+02
    1106.,  0.00000000E+00,  0.00000000E+00,  0.00000000E+00,  0.00000000E+00,  0.28685756E-07, -0.16807575E+02
    1107.,  0.00000000E+00,  0.00000000E+00,  0.00000000E+00,  0.00000000E+00,  0.91593391E-08, -0.16807575E+02
    1108.,  0.00000000E+00,  0.00000000E+00,  0.00000000E+00,  0.00000000E+00,  0.19135481E-07, -0.16807575E+02
    1109.,  0.00000000E+00,  0.00000000E+00,  0.00000000E+00,  0.00000000E+00,  0.27035787E-07, -0.16807575E+02
    1110.,  0.00000000E+00,  0.00000000E+00,  0.00000000E+00,  0.00000000E+00,  0.24855539E-07, -0.16807575E+02
    1111.,  0.00000000E+00,  0.00000000E+00,  0.00000000E+00,  0.00000000E+00,  0.22340668E-07, -0.16807575E+02
    1112.,  0.00000000E+00,  0.00000000E+00,  0.00000000E+00,  0.00000000E+00,  0.45239525E-08, -0.16807575E+02
    1113.,  0.00000000E+00,  0.00000000E+00,  0.00000000E+00,  0.00000000E+00,  0.19766764E-07, -0.16807575E+02
    1114.,  0.00000000E+00,  0.00000000E+00,  0.00000000E+00,  0.00000000E+00,  0.68025359E-08, -0.16807575E+02
    1115.,  0.00000000E+00,  0.00000000E+00,  0.00000000E+00,  0.00000000E+00,  0.72401124E-08, -0.16807575E+02
    1116.,  0.00000000E+00,  0.00000000E+00,  0.00000000E+00,  0.00000000E+00,  0.18942244E-07, -0.16807575E+02
    1117.,  0.00000000E+00,  0.00000000E+00,  0.00000000E+00,  0.00000000E+00,  0.14258502E-07, -0.16807575E+02
    1118.,  0.00000000E+00,  0.00000000E+00,  0.00000000E+00,  0.00000000E+00,  0.12933525E-07, -0.16807575E+02
    1119.,  0.00000000E+00,  0.00000000E+00,  0.00000000E+00,  0.00000000E+00,  0.20865250E-07, -0.16807575E+02
    1120.,  0.00000000E+00,  0.00000000E+00,  0.00000000E+00,  0.00000000E+00,  0.13811491E-07, -0.16807575E+02
    1121.,  0.00000000E+00,  0.00000000E+00,  0.00000000E+00,  0.00000000E+00,  0.99983604E-08, -0.17533617E+02
    1122.,  0.00000000E+00,  0.00000000E+00,  0.00000000E+00,  0.00000000E+00,  0.77420226E-08, -0.17533617E+02
    1123.,  0.00000000E+00,  0.00000000E+00,  0.00000000E+00,  0.00000000E+00,  0.18475984E-07, -0.17533617E+02
    1124.,  0.00000000E+00,  0.00000000E+00,  0.00000000E+00,  0.00000000E+00,  0.22018594E-07, -0.17533617E+02
    1125.,  0.00000000E+00,  0.00000000E+00,  0.00000000E+00,  0.00000000E+00,  0.11054959E-07, -0.17533617E+02
    1126.,  0.00000000E+00,  0.00000000E+00,  0.00000000E+00,  0.00000000E+00,  0.20225524E-07, -0.17533617E+02
    1127.,  0.00000000E+00,  0.00000000E+00,  0.00000000E+00,  0.00000000E+00,  0.95665804E-08, -0.17533617E+02
    1128.,  0.00000000E+00,  0.00000000E+00,  0.00000000E+00,  0.00000000E+00,  0.10074332E-07, -0.17533617E+02
    1129.,  0.00000000E+00,  0.00000000E+00,  0.00000000E+00,  0.00000000E+00,  0.27864254E-07, -0.17533617E+02
    1130.,  0.00000000E+00,  0.00000000E+00,  0.00000000E+00,  0.00000000E+00,  0.20704815E-07, -0.17533617E+02
    1131.,  0.00000000E+00,  0.00000000E+00,  0.00000000E+00,  0.00000000E+00,  0.62860526E-08, -0.17533617E+02
    1132.,  0.00000000E+00,  0.00000000E+00,  0.00000000E+00,  0.00000000E+00,  0.20565485E-07, -0.17533617E+02
    1133.,  0.00000000E+00,  0.00000000E+00,  0.00000000E+00,  0.00000000E+00,  0.25483711E-07, -0.17533617E+02
    1134.,  0.00000000E+00,  0.00000000E+00,  0.00000000E+00,  0.00000000E+00,  0.17732762E-07, -0.17533617E+02
    1135.,  0.00000000E+00,  0.00000000E+00,  0.00000000E+00,  0.00000000E+00,  0.56202579E-08, -0.17533617E+02
    1136.,  0.00000000E+00,  0.00000000E+00,  0.00000000E+00,  0.00000000E+00,  0.20403716E-07, -0.17533617E+02
    1137.,  0.00000000E+00,  0.00000000E+00,  0.00000000E+00,  0.00000000E+00,  0.10302483E-07, -0.18259658E+02
    1138.,  0.00000000E+00,  0.00000000E+00,  0.00000000E+00,  0.00000000E+00,  0.19084348E-07, -0.18259658E+02
    1139.,  0.00000000E+00,  0.00000000E+00,  0.00000000E+00,  0.00000000E+00,  0.55799357E-08, -0.18259658E+02
    1140.,  0.00000000E+00,  0.00000000E+00,  0.00000000E+00,  0.00000000E+00,  0.19871478E-07, -0.18259658E+02
    1141.,  0.00000000E+00,  0.00000000E+00,  0.00000000E+00,  0.00000000E+00,  0.27430958E-07, -0.18259658E+02
    1142.,  0.00000000E+00,  0.00000000E+00,  0.00000000E+00,  0.00000000E+00,  0.31996991E-07, -0.18259658E+02
    1143.,  0.00000000E+00,  0.00000000E+00,  0.00000000E+00,  0.00000000E+00,  0.89150296E-08, -0.18259658E+02
    1144.,  0.00000000E+00,  0.00000000E+00,  0.00000000E+00,  0.00000000E+00,  0.16298759E-07, -0.18259658E+02
    1145.,  0.00000000E+00,  0.00000000E+00,  0.00000000E+00,  0.00000000E+00,  0.14890476E-07, -0.18259658E+02
    1146.,  0.00000000E+00,  0.00000000E+00,  0.00000000E+00,  0.00000000E+00,  0.14485049E-07, -0.18259658E+02
    1147.,  0.00000000E+00,  0.00000000E+00,  0.00000000E+00,  0.00000000E+00,  0.20989182E-07, -0.18259658E+02
    1148.,  0.00000000E+00,  0.00000000E+00,  0.00000000E+00,  0.00000000E+00,  0.23264250E-07, -0.18259658E+02
    1149.,  0.00000000E+00,  0.00000000E+00,  0.00000000E+00,  0.00000000E+00,  0.28620529E-07, -0.18259658E+02
    1150.,  0.00000000E+00,  0.00000000E+00,  0.00000000E+00,  0.00000000E+00,  0.15834317E-07, -0.18259658E+02
    1151.,  0.00000000E+00,  0.00000000E+00,  0.00000000E+00,  0.00000000E+00,  0.23271026E-07, -0.18259658E+02
    1152.,  0.00000000E+00,  0.00000000E+00,  0.00000000E+00,  0.00000000E+00,  0.26778047E-07, -0.18259658E+02
    1153.,  0.00000000E+00,  0.00000000E+00,  0.00000000E+00,  0.00000000E+00,  0.40024323E+02, -0.11976790E+01
    1154.,  0.00000000E+00,  0.00000000E+00,  0.00000000E+00,  0.00000000E+00,  0.42758692E+02, -0.11976790E+01
    1155.,  0.00000000E+00,  0.00000000E+00,  0.00000000E+00,  0.00000000E+00,  0.43451646E+02, -0.11976790E+01
    1156.,  0.00000000E+00,  0.00000000E+00,  0.00000000E+00,  0.00000000E+00,  0.38692647E+02, -0.11976790E+01
    1157.,  0.00000000E+00,  0.00000000E+00,  0.00000000E+00,  0.00000000E+00,  0.31701131E+02, -0.11976790E+01
    1158.,  0.00000000E+00,  0.00000000E+00,  0.00000000E+00,  0.00000000E+00,  0.28929826E+02, -0.11976790E+01
    1159.,  0.00000000E+00,  0.00000000E+00,  0.00000000E+00,  0.00000000E+00,  0.32976000E+02, -0.11976790E+01
    1160.,  0.00000000E+00,  0.00000000E+00,  0.00000000E+00,  0.00000000E+00,  0.36066380E+02, -0.11976790E+01
    1161.,  0.00000000E+00,  0.00000000E+00,  0.00000000E+00,  0.00000000E+00,  0.34645417E+02, -0.11976790E+01
    1162.,  0.00000000E+00,  0.00000000E+00,  0.00000000E+00,  0.00000000E+00,  0.36117606E+02, -0.11976790E+01
    1163.,  0.00000000E+00,  0.00000000E+00,  0.00000000E+00,  0.00000000E+00,  0.45437634E+02, -0.11976790E+01
    1164.,  0.00000000E+00,  0.00000000E+00,  0.00000000E+00,  0.00000000E+00,  0.54963523E+02, -0.11976790E+01
    1165.,  0.00000000E+00,  0.00000000E+00,  0.00000000E+00,  0.00000000E+00,  0.59158648E+02, -0.11976790E+01
    1166.,  0.00000000E+00,  0.00000000E+00,  0.00000000E+00,  0.00000000E+00,  0.57023775E+02, -0.11976790E+01
    1167.,  0.00000000E+00,  0.00000000E+00,  0.00000000E+00,  0.00000000E+00,  0.51863279E+02, -0.11976790E+01
    1168.,  0.00000000E+00,  0.00000000E+00,  0.00000000E+00,  0.00000000E+00,  0.47511522E+02, -0.11976790E+01
    1169.,  0.00000000E+00,  0.00000000E+00,  0.00000000E+00,  0.00000000E+00,  0.40917912E+02, -0.11976790E+01
    1170.,  0.00000000E+00,  0.00000000E+00,  0.00000000E+00,  0.00000000E+00,  0.43041843E+02, -0.11976790E+01
    1171.,  0.00000000E+00,  0.00000000E+00,  0.00000000E+00,  0.00000000E+00,  0.48081745E+02, -0.11976790E+01
    1172.,  0.00000000E+00,  0.00000000E+00,  0.00000000E+00,  0.00000000E+00,  0.58351585E+02, -0.11976790E+01
    1173.,  0.00000000E+00,  0.00000000E+00,  0.00000000E+00,  0.00000000E+00,  0.69390847E+02, -0.11976790E+01
    1174.,  0.00000000E+00,  0.00000000E+00,  0.00000000E+00,  0.00000000E+00,  0.77631711E+02, -0.11976790E+01
    1175.,  0.00000000E+00,  0.00000000E+00,  0.00000000E+00,  0.00000000E+00,  0.80442922E+02, -0.11976790E+01
    1176.,  0.00000000E+00,  0.00000000E+00,  0.00000000E+00,  0.00000000E+00,  0.77352031E+02, -0.11976790E+01
    1177.,  0.00000000E+00,  0.00000000E+00,  0.00000000E+00,  0.00000000E+00,  0.69727661E+02, -0.11976790E+01
    1178.,  0.00000000E+00,  0.00000000E+00,  0.00000000E+00,  0.00000000E+00,  0.59795463E+02, -0.11976790E+01
    1179.,  0.00000000E+00,  0.00000000E+00,  0.00000000E+00,  0.00000000E+00,  0.49525781E+02, -0.11976790E+01
    1180.,  0.00000000E+00,  0.00000000E+00,  0.00000000E+00,  0.00000000E+00,  0.40092267E+02, -0.11976790E+01
    1181.,  0.00000000E+00,  0.00000000E+00,  0.00000000E+00,  0.00000000E+00,  0.31941884E+02, -0.11976790E+01
    1182.,  0.00000000E+00,  0.00000000E+00,  0.00000000E+00,  0.00000000E+00,  0.25122944E+02, -0.11976790E+01
    1183.,  0.00000000E+00,  0.00000000E+00,  0.00000000E+00,  0.00000000E+00,  0.19540911E+02, -0.11976790E+01
    1184.,  0.00000000E+00,  0.00000000E+00,  0.00000000E+00,  0.00000000E+00,  0.15085680E+02, -0.11976790E+01
    1185.,  0.00000000E+00,  0.00000000E+00,  0.00000000E+00,  0.00000000E+00,  0.11527639E+02, -0.11976790E+01
    1186.,  0.00000000E+00,  0.00000000E+00,  0.00000000E+00,  0.00000000E+00,  0.88802994E+01, -0.11976790E+01
    1187.,  0.00000000E+00,  0.00000000E+00,  0.00000000E+00,  0.00000000E+00,  0.81796703E+01, -0.11976790E+01
    1188.,  0.00000000E+00,  0.00000000E+00,  0.00000000E+00,  0.00000000E+00,  0.10123809E+02, -0.11976790E+01
    1189.,  0.00000000E+00,  0.00000000E+00,  0.00000000E+00,  0.00000000E+00,  0.13526384E+02, -0.11976790E+01
    1190.,  0.00000000E+00,  0.00000000E+00,  0.00000000E+00,  0.00000000E+00,  0.17067157E+02, -0.11976790E+01
    1191.,  0.00000000E+00,  0.00000000E+00,  0.00000000E+00,  0.00000000E+00,  0.19838071E+02, -0.11976790E+01
    1192.,  0.00000000E+00,  0.00000000E+00,  0.00000000E+00,  0.00000000E+00,  0.21162749E+02, -0.11976790E+01
    1193.,  0.00000000E+00,  0.00000000E+00,  0.00000000E+00,  0.00000000E+00,  0.20643029E+02, -0.11976790E+01
    1194.,  0.00000000E+00,  0.00000000E+00,  0.00000000E+00,  0.00000000E+00,  0.18290461E+02, -0.11976790E+01
    1195.,  0.00000000E+00,  0.00000000E+00,  0.00000000E+00,  0.00000000E+00,  0.14598000E+02, -0.11976790E+01
    1196.,  0.00000000E+00,  0.00000000E+00,  0.00000000E+00,  0.00000000E+00,  0.10655799E+02, -0.11976790E+01
    1197.,  0.00000000E+00,  0.00000000E+00,  0.00000000E+00,  0.00000000E+00,  0.86749575E+01, -0.11976790E+01
    1198.,  0.00000000E+00,  0.00000000E+00,  0.00000000E+00,  0.00000000E+00,  0.10745930E+02, -0.11976790E+01
    1199.,  0.00000000E+00,  0.00000000E+00,  0.00000000E+00,  0.00000000E+00,  0.15263275E+02, -0.11976790E+01
    1200.,  0.00000000E+00,  0.00000000E+00,  0.00000000E+00,  0.00000000E+00,  0.20405766E+02, -0.11976790E+01
    1201.,  0.00000000E+00,  0.00000000E+00,  0.00000000E+00,  0.00000000E+00,  0.25849595E+02, -0.11976790E+01
    1202.,  0.00000000E+00,  0.00000000E+00,  0.00000000E+00,  0.00000000E+00,  0.32135867E+02, -0.11976790E+01
    1203.,  0.00000000E+00,  0.00000000E+00,  0.00000000E+00,  0.00000000E+00,  0.39727320E+02, -0.11976790E+01
    1204.,  0.00000000E+00,  0.00000000E+00,  0.00000000E+00,  0.00000000E+00,  0.48770584E+02, -0.11976790E+01
    1205.,  0.00000000E+00,  0.00000000E+00,  0.00000000E+00,  0.00000000E+00,  0.59253022E+02, -0.11976790E+01
    1206.,  0.00000000E+00,  0.00000000E+00,  0.00000000E+00,  0.00000000E+00,  0.70770240E+02, -0.11976790E+01
    1207.,  0.00000000E+00,  0.00000000E+00,  0.00000000E+00,  0.00000000E+00,  0.82174181E+02, -0.11976790E+01
    1208.,  0.00000000E+00,  0.00000000E+00,  0.00000000E+00,  0.00000000E+00,  0.91375185E+02, -0.11976790E+01
    1209.,  0.00000000E+00,  0.00000000E+00,  0.00000000E+00,  0.00000000E+00,  0.95769851E+02, -0.11976790E+01
    1210.,  0.00000000E+00,  0.00000000E+00,  0.00000000E+00,  0.00000000E+00,  0.93411552E+02, -0.11976790E+01
    1211.,  0.00000000E+00,  0.00000000E+00,  0.00000000E+00,  0.00000000E+00,  0.84239283E+02, -0.11976790E+01
    1212.,  0.00000000E+00,  0.00000000E+00,  0.00000000E+00,  0.00000000E+00,  0.70497595E+02, -0.11976790E+01
    1213.,  0.00000000E+00,  0.00000000E+00,  0.00000000E+00,  0.00000000E+00,  0.55824887E+02, -0.11976790E+01
    1214.,  0.00000000E+00,  0.00000000E+00,  0.00000000E+00,  0.00000000E+00,  0.44731493E+02, -0.11976790E+01
    1215.,  0.00000000E+00,  0.00000000E+00,  0.00000000E+00,  0.00000000E+00,  0.38357484E+02, -0.11976790E+01
    1216.,  0.00000000E+00,  0.00000000E+00,  0.00000000E+00,  0.00000000E+00,  0.43050120E+02, -0.11976790E+01
    1217.,  0.00000000E+00,  0.00000000E+00,  0.00000000E+00,  0.00000000E+00,  0.82310193E+02, -0.11976790E+01
    1218.,  0.00000000E+00,  0.00000000E+00,  0.00000000E+00,  0.00000000E+00,  0.67528194E+02, -0.11976790E+01
    1219.,  0.00000000E+00,  0.00000000E+00,  0.00000000E+00,  0.00000000E+00,  0.50555786E+02, -0.11976790E+01
    1220.,  0.00000000E+00,  0.00000000E+00,  0.00000000E+00,  0.00000000E+00,  0.45688305E+02, -0.11976790E+01
    1221.,  0.00000000E+00,  0.00000000E+00,  0.00000000E+00,  0.00000000E+00,  0.47860057E+02, -0.11976790E+01
    1222.,  0.00000000E+00,  0.00000000E+00,  0.00000000E+00,  0.00000000E+00,  0.44815744E+02, -0.11976790E+01
    1223.,  0.00000000E+00,  0.00000000E+00,  0.00000000E+00,  0.00000000E+00,  0.29468840E+02, -0.11976790E+01
    1224.,  0.00000000E+00,  0.00000000E+00,  0.00000000E+00,  0.00000000E+00,  0.25541414E+02, -0.11976790E+01
    1225.,  0.00000000E+00,  0.00000000E+00,  0.00000000E+00,  0.00000000E+00,  0.51598441E+02, -0.11976790E+01
    1226.,  0.00000000E+00,  0.00000000E+00,  0.00000000E+00,  0.00000000E+00,  0.68179844E+02, -0.11976790E+01
    1227.,  0.00000000E+00,  0.00000000E+00,  0.00000000E+00,  0.00000000E+00,  0.65894408E+02, -0.11976790E+01
    1228.,  0.00000000E+00,  0.00000000E+00,  0.00000000E+00,  0.00000000E+00,  0.53534619E+02, -0.11976790E+01
    1229.,  0.00000000E+00,  0.00000000E+00,  0.00000000E+00,  0.00000000E+00,  0.45200565E+02, -0.11976790E+01
    1230.,  0.00000000E+00,  0.00000000E+00,  0.00000000E+00,  0.00000000E+00,  0.50558559E+02, -0.11976790E+01
    1231.,  0.00000000E+00,  0.00000000E+00,  0.00000000E+00,  0.00000000E+00,  0.63962166E+02, -0.11976790E+01
    1232.,  0.00000000E+00,  0.00000000E+00,  0.00000000E+00,  0.00000000E+00,  0.66018923E+02, -0.11976790E+01
    1233.,  0.00000000E+00,  0.00000000E+00,  0.00000000E+00,  0.00000000E+00,  0.82571960E+02, -0.11976790E+01
    1234.,  0.00000000E+00,  0.00000000E+00,  0.00000000E+00,  0.00000000E+00,  0.79797003E+02, -0.11976790E+01
    1235.,  0.00000000E+00,  0.00000000E+00,  0.00000000E+00,  0.00000000E+00,  0.81680156E+02, -0.11976790E+01
    1236.,  0.00000000E+00,  0.00000000E+00,  0.00000000E+00,  0.00000000E+00,  0.77348908E+02, -0.11976790E+01
    1237.,  0.00000000E+00,  0.00000000E+00,  0.00000000E+00,  0.00000000E+00,  0.70357911E+02, -0.11976790E+01
    1238.,  0.00000000E+00,  0.00000000E+00,  0.00000000E+00,  0.00000000E+00,  0.62118978E+02, -0.11976790E+01
    1239.,  0.00000000E+00,  0.00000000E+00,  0.00000000E+00,  0.00000000E+00,  0.55218127E+02, -0.11976790E+01
    1240.,  0.00000000E+00,  0.00000000E+00,  0.00000000E+00,  0.00000000E+00,  0.50252188E+02, -0.11976790E+01
    1241.,  0.00000000E+00,  0.00000000E+00,  0.00000000E+00,  0.00000000E+00,  0.46085409E+02, -0.11976790E+01
    1242.,  0.00000000E+00,  0.00000000E+00,  0.00000000E+00,  0.00000000E+00,  0.41712139E+02, -0.11976790E+01
    1243.,  0.00000000E+00,  0.00000000E+00,  0.00000000E+00,  0.00000000E+00,  0.37135426E+02, -0.11976790E+01
    1244.,  0.00000000E+00,  0.00000000E+00,  0.00000000E+00,  0.00000000E+00,  0.32766249E+02, -0.11976790E+01
    1245.,  0.00000000E+00,  0.00000000E+00,  0.00000000E+00,  0.00000000E+00,  0.28915360E+02, -0.11976790E+01
    1246.,  0.00000000E+00,  0.00000000E+00,  0.00000000E+00,  0.00000000E+00,  0.25694906E+02, -0.11976790E+01
    1247.,  0.00000000E+00,  0.00000000E+00,  0.00000000E+00,  0.00000000E+00,  0.23084453E+02, -0.11976790E+01
    1248.,  0.00000000E+00,  0.00000000E+00,  0.00000000E+00,  0.00000000E+00,  0.21006610E+02, -0.11976790E+01
    1249.,  0.00000000E+00,  0.00000000E+00,  0.00000000E+00,  0.00000000E+00,  0.19259028E+02, -0.11976790E+01
    1250.,  0.00000000E+00,  0.00000000E+00,  0.00000000E+00,  0.00000000E+00,  0.17611226E+02, -0.11976790E+01
    1251.,  0.00000000E+00,  0.00000000E+00,  0.00000000E+00,  0.00000000E+00,  0.16006270E+02, -0.11976790E+01
    1252.,  0.00000000E+00,  0.00000000E+00,  0.00000000E+00,  0.00000000E+00,  0.14462918E+02, -0.11976790E+01
    1253.,  0.00000000E+00,  0.00000000E+00,  0.00000000E+00,  0.00000000E+00,  0.12969416E+02, -0.11976790E+01
    1254.,  0.00000000E+00,  0.00000000E+00,  0.00000000E+00,  0.00000000E+00,  0.11491166E+02, -0.11976790E+01
    1255.,  0.00000000E+00,  0.00000000E+00,  0.00000000E+00,  0.00000000E+00,  0.10062660E+02, -0.11976790E+01
    1256.,  0.00000000E+00,  0.00000000E+00,  0.00000000E+00,  0.00000000E+00,  0.89596236E+01, -0.11976790E+01
    1257.,  0.00000000E+00,  0.00000000E+00,  0.00000000E+00,  0.00000000E+00,  0.87424564E+01, -0.11976790E+01
    1258.,  0.00000000E+00,  0.00000000E+00,  0.00000000E+00,  0.00000000E+00,  0.97889846E+01, -0.11976790E+01
    1259.,  0.00000000E+00,  0.00000000E+00,  0.00000000E+00,  0.00000000E+00,  0.11852167E+02, -0.11976790E+01
    1260.,  0.00000000E+00,  0.00000000E+00,  0.00000000E+00,  0.00000000E+00,  0.14464925E+02, -0.11976790E+01
    1261.,  0.00000000E+00,  0.00000000E+00,  0.00000000E+00,  0.00000000E+00,  0.17315035E+02, -0.11976790E+01
    1262.,  0.00000000E+00,  0.00000000E+00,  0.00000000E+00,  0.00000000E+00,  0.20233329E+02, -0.11976790E+01
    1263.,  0.00000000E+00,  0.00000000E+00,  0.00000000E+00,  0.00000000E+00,  0.23119416E+02, -0.11976790E+01
    1264.,  0.00000000E+00,  0.00000000E+00,  0.00000000E+00,  0.00000000E+00,  0.25907861E+02, -0.11976790E+01
    1265.,  0.00000000E+00,  0.00000000E+00,  0.00000000E+00,  0.00000000E+00,  0.28713804E+02, -0.11976790E+01
    1266.,  0.00000000E+00,  0.00000000E+00,  0.00000000E+00,  0.00000000E+00,  0.31889634E+02, -0.11976790E+01
    1267.,  0.00000000E+00,  0.00000000E+00,  0.00000000E+00,  0.00000000E+00,  0.35694377E+02, -0.11976790E+01
    1268.,  0.00000000E+00,  0.00000000E+00,  0.00000000E+00,  0.00000000E+00,  0.40178199E+02, -0.11976790E+01
    1269.,  0.00000000E+00,  0.00000000E+00,  0.00000000E+00,  0.00000000E+00,  0.45292149E+02, -0.11976790E+01
    1270.,  0.00000000E+00,  0.00000000E+00,  0.00000000E+00,  0.00000000E+00,  0.50825382E+02, -0.11976790E+01
    1271.,  0.00000000E+00,  0.00000000E+00,  0.00000000E+00,  0.00000000E+00,  0.56500867E+02, -0.11976790E+01
    1272.,  0.00000000E+00,  0.00000000E+00,  0.00000000E+00,  0.00000000E+00,  0.62288807E+02, -0.11976790E+01
    1273.,  0.00000000E+00,  0.00000000E+00,  0.00000000E+00,  0.00000000E+00,  0.68792452E+02, -0.11976790E+01
    1274.,  0.00000000E+00,  0.00000000E+00,  0.00000000E+00,  0.00000000E+00,  0.76632887E+02, -0.11976790E+01
    1275.,  0.00000000E+00,  0.00000000E+00,  0.00000000E+00,  0.00000000E+00,  0.84837539E+02, -0.11976790E+01
    1276.,  0.00000000E+00,  0.00000000E+00,  0.00000000E+00,  0.00000000E+00,  0.90968944E+02, -0.11976790E+01
    1277.,  0.00000000E+00,  0.00000000E+00,  0.00000000E+00,  0.00000000E+00,  0.93883803E+02, -0.11976790E+01
    1278.,  0.00000000E+00,  0.00000000E+00,  0.00000000E+00,  0.00000000E+00,  0.92631006E+02, -0.11976790E+01
    1279.,  0.00000000E+00,  0.00000000E+00,  0.00000000E+00,  0.00000000E+00,  0.94250309E+02, -0.11976790E+01
    1280.,  0.00000000E+00,  0.00000000E+00,  0.00000000E+00,  0.00000000E+00,  0.71187293E+02, -0.11976790E+01
    1281.,  0.00000000E+00,  0.00000000E+00,  0.00000000E+00,  0.00000000E+00,  0.71337408E+02, -0.11976790E+01
    1282.,  0.00000000E+00,  0.00000000E+00,  0.00000000E+00,  0.00000000E+00,  0.54530736E+02, -0.11976790E+01
    1283.,  0.00000000E+00,  0.00000000E+00,  0.00000000E+00,  0.00000000E+00,  0.39428486E+02, -0.11976790E+01
    1284.,  0.00000000E+00,  0.00000000E+00,  0.00000000E+00,  0.00000000E+00,  0.28890026E+02, -0.11976790E+01
    1285.,  0.00000000E+00,  0.00000000E+00,  0.00000000E+00,  0.00000000E+00,  0.32124950E+02, -0.11976790E+01
    1286.,  0.00000000E+00,  0.00000000E+00,  0.00000000E+00,  0.00000000E+00,  0.33490026E+02, -0.11976790E+01
    1287.,  0.00000000E+00,  0.00000000E+00,  0.00000000E+00,  0.00000000E+00,  0.23486564E+02, -0.11976790E+01
    1288.,  0.00000000E+00,  0.00000000E+00,  0.00000000E+00,  0.00000000E+00,  0.34377152E+02, -0.11976790E+01
    1289.,  0.00000000E+00,  0.00000000E+00,  0.00000000E+00,  0.00000000E+00,  0.68570364E+02, -0.11976790E+01
    1290.,  0.00000000E+00,  0.00000000E+00,  0.00000000E+00,  0.00000000E+00,  0.89298645E+02, -0.11976790E+01
    1291.,  0.00000000E+00,  0.00000000E+00,  0.00000000E+00,  0.00000000E+00,  0.93035067E+02, -0.11976790E+01
    1292.,  0.00000000E+00,  0.00000000E+00,  0.00000000E+00,  0.00000000E+00,  0.89078028E+02, -0.11976790E+01
    1293.,  0.00000000E+00,  0.00000000E+00,  0.00000000E+00,  0.00000000E+00,  0.90811706E+02, -0.11976790E+01
    1294.,  0.00000000E+00,  0.00000000E+00,  0.00000000E+00,  0.00000000E+00,  0.94037094E+02, -0.11976790E+01
    1295.,  0.00000000E+00,  0.00000000E+00,  0.00000000E+00,  0.00000000E+00,  0.99311498E+02, -0.11976790E+01
    1296.,  0.00000000E+00,  0.00000000E+00,  0.00000000E+00,  0.00000000E+00,  0.11525918E+03, -0.11976790E+01
    1297.,  0.00000000E+00,  0.00000000E+00,  0.00000000E+00,  0.00000000E+00,  0.89479032E+02, -0.11976790E+01
    1298.,  0.00000000E+00,  0.00000000E+00,  0.00000000E+00,  0.00000000E+00,  0.10564617E+03, -0.11976790E+01
    1299.,  0.00000000E+00,  0.00000000E+00,  0.00000000E+00,  0.00000000E+00,  0.94929973E+02, -0.11976790E+01
    1300.,  0.00000000E+00,  0.00000000E+00,  0.00000000E+00,  0.00000000E+00,  0.86295656E+02, -0.11976790E+01
    1301.,  0.00000000E+00,  0.00000000E+00,  0.00000000E+00,  0.00000000E+00,  0.72267742E+02, -0.11976790E+01
    1302.,  0.00000000E+00,  0.00000000E+00,  0.00000000E+00,  0.00000000E+00,  0.56570983E+02, -0.11976790E+01
    1303.,  0.00000000E+00,  0.00000000E+00,  0.00000000E+00,  0.00000000E+00,  0.43797975E+02, -0.11976790E+01
    1304.,  0.00000000E+00,  0.00000000E+00,  0.00000000E+00,  0.00000000E+00,  0.36441711E+02, -0.11976790E+01
    1305.,  0.00000000E+00,  0.00000000E+00,  0.00000000E+00,  0.00000000E+00,  0.32818850E+02, -0.11976790E+01
    1306.,  0.00000000E+00,  0.00000000E+00,  0.00000000E+00,  0.00000000E+00,  0.30499312E+02, -0.11976790E+01
    1307.,  0.00000000E+00,  0.00000000E+00,  0.00000000E+00,  0.00000000E+00,  0.28449909E+02, -0.11976790E+01
    1308.,  0.00000000E+00,  0.00000000E+00,  0.00000000E+00,  0.00000000E+00,  0.26559304E+02, -0.11976790E+01
    1309.,  0.00000000E+00,  0.00000000E+00,  0.00000000E+00,  0.00000000E+00,  0.24917397E+02, -0.11976790E+01
    1310.,  0.00000000E+00,  0.00000000E+00,  0.00000000E+00,  0.00000000E+00,  0.23544892E+02, -0.11976790E+01
    1311.,  0.00000000E+00,  0.00000000E+00,  0.00000000E+00,  0.00000000E+00,  0.22402000E+02, -0.11976790E+01
    1312.,  0.00000000E+00,  0.00000000E+00,  0.00000000E+00,  0.00000000E+00,  0.21433824E+02, -0.11976790E+01
    1313.,  0.00000000E+00,  0.00000000E+00,  0.00000000E+00,  0.00000000E+00,  0.20526375E+02, -0.11976790E+01
    1314.,  0.00000000E+00,  0.00000000E+00,  0.00000000E+00,  0.00000000E+00,  0.19526223E+02, -0.11976790E+01
    1315.,  0.00000000E+00,  0.00000000E+00,  0.00000000E+00,  0.00000000E+00,  0.18304171E+02, -0.11976790E+01
    1316.,  0.00000000E+00,  0.00000000E+00,  0.00000000E+00,  0.00000000E+00,  0.16737187E+02, -0.11976790E+01
    1317.,  0.00000000E+00,  0.00000000E+00,  0.00000000E+00,  0.00000000E+00,  0.14659559E+02, -0.11976790E+01
    1318.,  0.00000000E+00,  0.00000000E+00,  0.00000000E+00,  0.00000000E+00,  0.11921545E+02, -0.11976790E+01
    1319.,  0.00000000E+00,  0.00000000E+00,  0.00000000E+00,  0.00000000E+00,  0.85563198E+01, -0.11976790E+01
    1320.,  0.00000000E+00,  0.00000000E+00,  0.00000000E+00,  0.00000000E+00,  0.53124123E+01, -0.11976790E+01
    1321.,  0.00000000E+00,  0.00000000E+00,  0.00000000E+00,  0.00000000E+00,  0.51780776E+01, -0.11976790E+01
    1322.,  0.00000000E+00,  0.00000000E+00,  0.00000000E+00,  0.00000000E+00,  0.86617897E+01, -0.11976790E+01
    1323.,  0.00000000E+00,  0.00000000E+00,  0.00000000E+00,  0.00000000E+00,  0.12696337E+02, -0.11976790E+01
    1324.,  0.00000000E+00,  0.00000000E+00,  0.00000000E+00,  0.00000000E+00,  0.16284635E+02, -0.11976790E+01
    1325.,  0.00000000E+00,  0.00000000E+00,  0.00000000E+00,  0.00000000E+00,  0.19242484E+02, -0.11976790E+01
    1326.,  0.00000000E+00,  0.00000000E+00,  0.00000000E+00,  0.00000000E+00,  0.21629741E+02, -0.11976790E+01
    1327.,  0.00000000E+00,  0.00000000E+00,  0.00000000E+00,  0.00000000E+00,  0.23573760E+02, -0.11976790E+01
    1328.,  0.00000000E+00,  0.00000000E+00,  0.00000000E+00,  0.00000000E+00,  0.25201376E+02, -0.11976790E+01
    1329.,  0.00000000E+00,  0.00000000E+00,  0.00000000E+00,  0.00000000E+00,  0.26676562E+02, -0.11976790E+01
    1330.,  0.00000000E+00,  0.00000000E+00,  0.00000000E+00,  0.00000000E+00,  0.28246707E+02, -0.11976790E+01
    1331.,  0.00000000E+00,  0.00000000E+00,  0.00000000E+00,  0.00000000E+00,  0.30082983E+02, -0.11976790E+01
    1332.,  0.00000000E+00,  0.00000000E+00,  0.00000000E+00,  0.00000000E+00,  0.32290008E+02, -0.11976790E+01
    1333.,  0.00000000E+00,  0.00000000E+00,  0.00000000E+00,  0.00000000E+00,  0.35009136E+02, -0.11976790E+01
    1334.,  0.00000000E+00,  0.00000000E+00,  0.00000000E+00,  0.00000000E+00,  0.38408387E+02, -0.11976790E+01
    1335.,  0.00000000E+00,  0.00000000E+00,  0.00000000E+00,  0.00000000E+00,  0.42973975E+02, -0.11976790E+01
    1336.,  0.00000000E+00,  0.00000000E+00,  0.00000000E+00,  0.00000000E+00,  0.50146989E+02, -0.11976790E+01
    1337.,  0.00000000E+00,  0.00000000E+00,  0.00000000E+00,  0.00000000E+00,  0.61595800E+02, -0.11976790E+01
    1338.,  0.00000000E+00,  0.00000000E+00,  0.00000000E+00,  0.00000000E+00,  0.76965596E+02, -0.11976790E+01
    1339.,  0.00000000E+00,  0.00000000E+00,  0.00000000E+00,  0.00000000E+00,  0.92875503E+02, -0.11976790E+01
    1340.,  0.00000000E+00,  0.00000000E+00,  0.00000000E+00,  0.00000000E+00,  0.10406256E+03, -0.11976790E+01
    1341.,  0.00000000E+00,  0.00000000E+00,  0.00000000E+00,  0.00000000E+00,  0.10755900E+03, -0.11976790E+01
    1342.,  0.00000000E+00,  0.00000000E+00,  0.00000000E+00,  0.00000000E+00,  0.10747249E+03, -0.11976790E+01
    1343.,  0.00000000E+00,  0.00000000E+00,  0.00000000E+00,  0.00000000E+00,  0.10759801E+03, -0.11976790E+01
    1344.,  0.00000000E+00,  0.00000000E+00,  0.00000000E+00,  0.00000000E+00,  0.14137157E+03, -0.11976790E+01
    1345.,  0.00000000E+00,  0.00000000E+00,  0.00000000E+00,  0.44991668E-03,  0.16457062E+03, -0.11976790E+01
    1346.,  0.00000000E+00,  0.00000000E+00,  0.00000000E+00,  0.00000000E+00,  0.12537883E+03, -0.11976790E+01
    1347.,  0.00000000E+00,  0.00000000E+00,  0.00000000E+00,  0.00000000E+00,  0.86862224E+02, -0.11976790E+01
    1348.,  0.00000000E+00,  0.00000000E+00,  0.00000000E+00,  0.00000000E+00,  0.74382226E+02, -0.11976790E+01
    1349.,  0.00000000E+00,  0.00000000E+00,  0.00000000E+00,  0.00000000E+00,  0.53621019E+02, -0.11976790E+01
    1350.,  0.00000000E+00,  0.00000000E+00,  0.00000000E+00,  0.00000000E+00,  0.27090416E+02, -0.11976790E+01
    1351.,  0.00000000E+00,  0.00000000E+00,  0.00000000E+00,  0.00000000E+00,  0.29697388E+02, -0.11976790E+01
    1352.,  0.00000000E+00,  0.00000000E+00,  0.00000000E+00,  0.00000000E+00,  0.68702886E+02, -0.11976790E+01
    1353.,  0.00000000E+00,  0.00000000E+00,  0.00000000E+00,  0.00000000E+00,  0.94737019E+02, -0.11976790E+01
    1354.,  0.00000000E+00,  0.00000000E+00,  0.00000000E+00,  0.00000000E+00,  0.10207603E+03, -0.11976790E+01
    1355.,  0.00000000E+00,  0.00000000E+00,  0.00000000E+00,  0.00000000E+00,  0.95693060E+02, -0.11976790E+01
    1356.,  0.00000000E+00,  0.00000000E+00,  0.00000000E+00,  0.00000000E+00,  0.95341591E+02, -0.11976790E+01
    1357.,  0.00000000E+00,  0.00000000E+00,  0.00000000E+00,  0.00000000E+00,  0.98007154E+02, -0.11976790E+01
    1358.,  0.00000000E+00,  0.00000000E+00,  0.00000000E+00,  0.00000000E+00,  0.10976731E+03, -0.11976790E+01
    1359.,  0.00000000E+00,  0.00000000E+00,  0.00000000E+00,  0.00000000E+00,  0.11905291E+03, -0.11976790E+01
    1360.,  0.00000000E+00,  0.00000000E+00,  0.00000000E+00,  0.00000000E+00,  0.10823640E+03, -0.11976790E+01
    1361.,  0.00000000E+00,  0.00000000E+00,  0.00000000E+00,  0.61299423E-04,  0.15577943E+03, -0.11976790E+01
    1362.,  0.00000000E+00,  0.00000000E+00,  0.00000000E+00,  0.00000000E+00,  0.11101864E+03, -0.11976790E+01
    1363.,  0.00000000E+00,  0.00000000E+00,  0.00000000E+00,  0.00000000E+00,  0.10084232E+03, -0.11976790E+01
    1364.,  0.00000000E+00,  0.00000000E+00,  0.00000000E+00,  0.00000000E+00,  0.89092962E+02, -0.11976790E+01
    1365.,  0.00000000E+00,  0.00000000E+00,  0.00000000E+00,  0.00000000E+00,  0.72452422E+02, -0.11976790E+01
    1366.,  0.00000000E+00,  0.00000000E+00,  0.00000000E+00,  0.00000000E+00,  0.53814025E+02, -0.11976790E+01
    1367.,  0.00000000E+00,  0.00000000E+00,  0.00000000E+00,  0.00000000E+00,  0.37446155E+02, -0.11976790E+01
    1368.,  0.00000000E+00,  0.00000000E+00,  0.00000000E+00,  0.00000000E+00,  0.27219467E+02, -0.11976790E+01
    1369.,  0.00000000E+00,  0.00000000E+00,  0.00000000E+00,  0.00000000E+00,  0.22989921E+02, -0.11976790E+01
    1370.,  0.00000000E+00,  0.00000000E+00,  0.00000000E+00,  0.00000000E+00,  0.21530007E+02, -0.11976790E+01
    1371.,  0.00000000E+00,  0.00000000E+00,  0.00000000E+00,  0.00000000E+00,  0.20728930E+02, -0.11976790E+01
    1372.,  0.00000000E+00,  0.00000000E+00,  0.00000000E+00,  0.00000000E+00,  0.20243654E+02, -0.11976790E+01
    1373.,  0.00000000E+00,  0.00000000E+00,  0.00000000E+00,  0.00000000E+00,  0.19978175E+02, -0.11976790E+01
    1374.,  0.00000000E+00,  0.00000000E+00,  0.00000000E+00,  0.00000000E+00,  0.19819953E+02, -0.11976790E+01
    1375.,  0.00000000E+00,  0.00000000E+00,  0.00000000E+00,  0.00000000E+00,  0.19693237E+02, -0.11976790E+01
    1376.,  0.00000000E+00,  0.00000000E+00,  0.00000000E+00,  0.00000000E+00,  0.19544345E+02, -0.11976790E+01
    1377.,  0.00000000E+00,  0.00000000E+00,  0.00000000E+00,  0.00000000E+00,  0.19329958E+02, -0.11976790E+01
    1378.,  0.00000000E+00,  0.00000000E+00,  0.00000000E+00,  0.00000000E+00,  0.18962599E+02, -0.11976790E+01
    1379.,  0.00000000E+00,  0.00000000E+00,  0.00000000E+00,  0.00000000E+00,  0.18335246E+02, -0.11976790E+01
    1380.,  0.00000000E+00,  0.00000000E+00,  0.00000000E+00,  0.00000000E+00,  0.17285984E+02, -0.11976790E+01
    1381.,  0.00000000E+00,  0.00000000E+00,  0.00000000E+00,  0.00000000E+00,  0.15612670E+02, -0.11976790E+01
    1382.,  0.00000000E+00,  0.00000000E+00,  0.00000000E+00,  0.00000000E+00,  0.13147744E+02, -0.11976790E+01
    1383.,  0.00000000E+00,  0.00000000E+00,  0.00000000E+00,  0.00000000E+00,  0.99604142E+01, -0.11976790E+01
    1384.,  0.00000000E+00,  0.00000000E+00,  0.00000000E+00,  0.00000000E+00,  0.68684774E+01, -0.11976790E+01
    1385.,  0.00000000E+00,  0.00000000E+00,  0.00000000E+00,  0.00000000E+00,  0.63939329E+01, -0.11976790E+01
    1386.,  0.00000000E+00,  0.00000000E+00,  0.00000000E+00,  0.00000000E+00,  0.93433428E+01, -0.11976790E+01
    1387.,  0.00000000E+00,  0.00000000E+00,  0.00000000E+00,  0.00000000E+00,  0.13073428E+02, -0.11976790E+01
    1388.,  0.00000000E+00,  0.00000000E+00,  0.00000000E+00,  0.00000000E+00,  0.16301106E+02, -0.11976790E+01
    1389.,  0.00000000E+00,  0.00000000E+00,  0.00000000E+00,  0.00000000E+00,  0.18735196E+02, -0.11976790E+01
    1390.,  0.00000000E+00,  0.00000000E+00,  0.00000000E+00,  0.00000000E+00,  0.20436898E+02, -0.11976790E+01
    1391.,  0.00000000E+00,  0.00000000E+00,  0.00000000E+00,  0.00000000E+00,  0.21577968E+02, -0.11976790E+01
    1392.,  0.00000000E+00,  0.00000000E+00,  0.00000000E+00,  0.00000000E+00,  0.22318815E+02, -0.11976790E+01
    1393.,  0.00000000E+00,  0.00000000E+00,  0.00000000E+00,  0.00000000E+00,  0.22854149E+02, -0.11976790E+01
    1394.,  0.00000000E+00,  0.00000000E+00,  0.00000000E+00,  0.00000000E+00,  0.23312844E+02, -0.11976790E+01
    1395.,  0.00000000E+00,  0.00000000E+00,  0.00000000E+00,  0.00000000E+00,  0.23786644E+02, -0.11976790E+01
    1396.,  0.00000000E+00,  0.00000000E+00,  0.00000000E+00,  0.00000000E+00,  0.24464264E+02, -0.11976790E+01
    1397.,  0.00000000E+00,  0.00000000E+00,  0.00000000E+00,  0.00000000E+00,  0.25625210E+02, -0.11976790E+01
    1398.,  0.00000000E+00,  0.00000000E+00,  0.00000000E+00,  0.00000000E+00,  0.27786087E+02, -0.11976790E+01
    1399.,  0.00000000E+00,  0.00000000E+00,  0.00000000E+00,  0.00000000E+00,  0.31671646E+02, -0.11976790E+01
    1400.,  0.00000000E+00,  0.00000000E+00,  0.00000000E+00,  0.00000000E+00,  0.38682717E+02, -0.11976790E+01
    1401.,  0.00000000E+00,  0.00000000E+00,  0.00000000E+00,  0.00000000E+00,  0.51850516E+02, -0.11976790E+01
    1402.,  0.00000000E+00,  0.00000000E+00,  0.00000000E+00,  0.00000000E+00,  0.72619986E+02, -0.11976790E+01
    1403.,  0.00000000E+00,  0.00000000E+00,  0.00000000E+00,  0.00000000E+00,  0.94588287E+02, -0.11976790E+01
    1404.,  0.00000000E+00,  0.00000000E+00,  0.00000000E+00,  0.00000000E+00,  0.11064140E+03, -0.11976790E+01
    1405.,  0.00000000E+00,  0.00000000E+00,  0.00000000E+00,  0.00000000E+00,  0.11104384E+03, -0.11976790E+01
    1406.,  0.00000000E+00,  0.00000000E+00,  0.00000000E+00,  0.00000000E+00,  0.87673616E+02, -0.11976790E+01
    1407.,  0.00000000E+00,  0.00000000E+00,  0.00000000E+00,  0.00000000E+00,  0.53646028E+02, -0.11976790E+01
    1408.,  0.00000000E+00,  0.00000000E+00,  0.00000000E+00,  0.17226669E-03,  0.12857114E+03, -0.11976790E+01
    1409.,  0.00000000E+00,  0.00000000E+00,  0.00000000E+00,  0.55452998E-02,  0.21856387E+03, -0.11976790E+01
    1410.,  0.00000000E+00,  0.00000000E+00,  0.00000000E+00,  0.29663583E-02,  0.20360668E+03, -0.11976790E+01
    1411.,  0.00000000E+00,  0.00000000E+00,  0.00000000E+00,  0.12826116E-02,  0.19340152E+03, -0.11976790E+01
    1412.,  0.00000000E+00,  0.00000000E+00,  0.00000000E+00,  0.37745128E-03,  0.18670572E+03, -0.11976790E+01
    1413.,  0.00000000E+00,  0.00000000E+00,  0.00000000E+00,  0.00000000E+00,  0.15304186E+03, -0.11976790E+01
    1414.,  0.00000000E+00,  0.00000000E+00,  0.00000000E+00,  0.00000000E+00,  0.87454814E+02, -0.11976790E+01
    1415.,  0.00000000E+00,  0.00000000E+00,  0.00000000E+00,  0.00000000E+00,  0.49224529E+02, -0.11976790E+01
    1416.,  0.00000000E+00,  0.00000000E+00,  0.00000000E+00,  0.00000000E+00,  0.11693358E+03, -0.11976790E+01
    1417.,  0.00000000E+00,  0.00000000E+00,  0.00000000E+00,  0.00000000E+00,  0.16165918E+03, -0.11976790E+01
    1418.,  0.00000000E+00,  0.00000000E+00,  0.00000000E+00,  0.00000000E+00,  0.12915268E+03, -0.11976790E+01
    1419.,  0.00000000E+00,  0.00000000E+00,  0.00000000E+00,  0.00000000E+00,  0.98429712E+02, -0.11976790E+01
    1420.,  0.00000000E+00,  0.00000000E+00,  0.00000000E+00,  0.00000000E+00,  0.13307514E+03, -0.11976790E+01
    1421.,  0.00000000E+00,  0.00000000E+00,  0.00000000E+00,  0.48714951E-05,  0.17664670E+03, -0.11976790E+01
    1422.,  0.00000000E+00,  0.00000000E+00,  0.00000000E+00,  0.28719803E-03,  0.18580312E+03, -0.11976790E+01
    1423.,  0.00000000E+00,  0.00000000E+00,  0.00000000E+00,  0.19952966E-03,  0.17944313E+03, -0.11976790E+01
    1424.,  0.00000000E+00,  0.00000000E+00,  0.00000000E+00,  0.70993150E-03,  0.18479618E+03, -0.11976790E+01
    1425.,  0.00000000E+00,  0.00000000E+00,  0.00000000E+00,  0.42373982E-03,  0.16056227E+03, -0.11976790E+01
    1426.,  0.00000000E+00,  0.00000000E+00,  0.00000000E+00,  0.00000000E+00,  0.87891789E+02, -0.11976790E+01
    1427.,  0.00000000E+00,  0.00000000E+00,  0.00000000E+00,  0.00000000E+00,  0.10813675E+03, -0.11976790E+01
    1428.,  0.00000000E+00,  0.00000000E+00,  0.00000000E+00,  0.00000000E+00,  0.10014284E+03, -0.11976790E+01
    1429.,  0.00000000E+00,  0.00000000E+00,  0.00000000E+00,  0.00000000E+00,  0.89341610E+02, -0.11976790E+01
    1430.,  0.00000000E+00,  0.00000000E+00,  0.00000000E+00,  0.00000000E+00,  0.68513110E+02, -0.11976790E+01
    1431.,  0.00000000E+00,  0.00000000E+00,  0.00000000E+00,  0.00000000E+00,  0.50395724E+02, -0.11976790E+01
    1432.,  0.00000000E+00,  0.00000000E+00,  0.00000000E+00,  0.00000000E+00,  0.33394871E+02, -0.11976790E+01
    1433.,  0.00000000E+00,  0.00000000E+00,  0.00000000E+00,  0.00000000E+00,  0.19430652E+02, -0.11976790E+01
    1434.,  0.00000000E+00,  0.00000000E+00,  0.00000000E+00,  0.00000000E+00,  0.14124312E+02, -0.11976790E+01
    1435.,  0.00000000E+00,  0.00000000E+00,  0.00000000E+00,  0.00000000E+00,  0.14027205E+02, -0.11976790E+01
    1436.,  0.00000000E+00,  0.00000000E+00,  0.00000000E+00,  0.00000000E+00,  0.14590268E+02, -0.11976790E+01
    1437.,  0.00000000E+00,  0.00000000E+00,  0.00000000E+00,  0.00000000E+00,  0.15269747E+02, -0.11976790E+01
    1438.,  0.00000000E+00,  0.00000000E+00,  0.00000000E+00,  0.00000000E+00,  0.15980415E+02, -0.11976790E+01
    1439.,  0.00000000E+00,  0.00000000E+00,  0.00000000E+00,  0.00000000E+00,  0.16634969E+02, -0.11976790E+01
    1440.,  0.00000000E+00,  0.00000000E+00,  0.00000000E+00,  0.00000000E+00,  0.17153406E+02, -0.11976790E+01
    1441.,  0.00000000E+00,  0.00000000E+00,  0.00000000E+00,  0.00000000E+00,  0.17509069E+02, -0.11976790E+01
    1442.,  0.00000000E+00,  0.00000000E+00,  0.00000000E+00,  0.00000000E+00,  0.17739958E+02, -0.11976790E+01
    1443.,  0.00000000E+00,  0.00000000E+00,  0.00000000E+00,  0.00000000E+00,  0.17736548E+02, -0.11976790E+01
    1444.,  0.00000000E+00,  0.00000000E+00,  0.00000000E+00,  0.00000000E+00,  0.17339026E+02, -0.11976790E+01
    1445.,  0.00000000E+00,  0.00000000E+00,  0.00000000E+00,  0.00000000E+00,  0.16342665E+02, -0.11976790E+01
    1446.,  0.00000000E+00,  0.00000000E+00,  0.00000000E+00,  0.00000000E+00,  0.14608527E+02, -0.11976790E+01
    1447.,  0.00000000E+00,  0.00000000E+00,  0.00000000E+00,  0.00000000E+00,  0.12266039E+02, -0.11976790E+01
    1448.,  0.00000000E+00,  0.00000000E+00,  0.00000000E+00,  0.00000000E+00,  0.10056694E+02, -0.11976790E+01
    1449.,  0.00000000E+00,  0.00000000E+00,  0.00000000E+00,  0.00000000E+00,  0.94703288E+01, -0.11976790E+01
    1450.,  0.00000000E+00,  0.00000000E+00,  0.00000000E+00,  0.00000000E+00,  0.11174637E+02, -0.11976790E+01
    1451.,  0.00000000E+00,  0.00000000E+00,  0.00000000E+00,  0.00000000E+00,  0.13902605E+02, -0.11976790E+01
    1452.,  0.00000000E+00,  0.00000000E+00,  0.00000000E+00,  0.00000000E+00,  0.16426667E+02, -0.11976790E+01
    1453.,  0.00000000E+00,  0.00000000E+00,  0.00000000E+00,  0.00000000E+00,  0.18274105E+02, -0.11976790E+01
    1454.,  0.00000000E+00,  0.00000000E+00,  0.00000000E+00,  0.00000000E+00,  0.19415660E+02, -0.11976790E+01
    1455.,  0.00000000E+00,  0.00000000E+00,  0.00000000E+00,  0.00000000E+00,  0.19989644E+02, -0.11976790E+01
    1456.,  0.00000000E+00,  0.00000000E+00,  0.00000000E+00,  0.00000000E+00,  0.20194300E+02, -0.11976790E+01
    1457.,  0.00000000E+00,  0.00000000E+00,  0.00000000E+00,  0.00000000E+00,  0.20109527E+02, -0.11976790E+01
    1458.,  0.00000000E+00,  0.00000000E+00,  0.00000000E+00,  0.00000000E+00,  0.19762371E+02, -0.11976790E+01
    1459.,  0.00000000E+00,  0.00000000E+00,  0.00000000E+00,  0.00000000E+00,  0.19274173E+02, -0.11976790E+01
    1460.,  0.00000000E+00,  0.00000000E+00,  0.00000000E+00,  0.00000000E+00,  0.18712381E+02, -0.11976790E+01
    1461.,  0.00000000E+00,  0.00000000E+00,  0.00000000E+00,  0.00000000E+00,  0.18758488E+02, -0.11976790E+01
    1462.,  0.00000000E+00,  0.00000000E+00,  0.00000000E+00,  0.00000000E+00,  0.21273575E+02, -0.11976790E+01
    1463.,  0.00000000E+00,  0.00000000E+00,  0.00000000E+00,  0.00000000E+00,  0.27740976E+02, -0.11976790E+01
    1464.,  0.00000000E+00,  0.00000000E+00,  0.00000000E+00,  0.00000000E+00,  0.33606056E+02, -0.11976790E+01
    1465.,  0.00000000E+00,  0.00000000E+00,  0.00000000E+00,  0.00000000E+00,  0.41825237E+02, -0.11976790E+01
    1466.,  0.00000000E+00,  0.00000000E+00,  0.00000000E+00,  0.00000000E+00,  0.62411232E+02, -0.11976790E+01
    1467.,  0.00000000E+00,  0.00000000E+00,  0.00000000E+00,  0.00000000E+00,  0.93816378E+02, -0.11976790E+01
    1468.,  0.00000000E+00,  0.00000000E+00,  0.00000000E+00,  0.00000000E+00,  0.13349347E+03, -0.11976790E+01
    1469.,  0.00000000E+00,  0.00000000E+00,  0.00000000E+00,  0.11113689E-03,  0.18039495E+03, -0.11976790E+01
    1470.,  0.00000000E+00,  0.00000000E+00,  0.00000000E+00,  0.82736827E-03,  0.18865415E+03, -0.11976790E+01
    1471.,  0.00000000E+00,  0.00000000E+00,  0.00000000E+00,  0.22221621E-02,  0.19896515E+03, -0.11976790E+01
    1472.,  0.00000000E+00,  0.00000000E+00,  0.00000000E+00,  0.53539998E-02,  0.21713719E+03, -0.11976790E+01
    1473.,  0.00000000E+00,  0.00000000E+00,  0.00000000E+00,  0.10206031E-01,  0.24296395E+03, -0.11976790E+01
    1474.,  0.00000000E+00,  0.00000000E+00,  0.00000000E+00,  0.55194981E-02,  0.21759460E+03, -0.11976790E+01
    1475.,  0.00000000E+00,  0.00000000E+00,  0.00000000E+00,  0.30002575E-02,  0.20498589E+03, -0.11976790E+01
    1476.,  0.00000000E+00,  0.00000000E+00,  0.00000000E+00,  0.22682829E-02,  0.19862630E+03, -0.11976790E+01
    1477.,  0.00000000E+00,  0.00000000E+00,  0.00000000E+00,  0.10414063E-02,  0.18898287E+03, -0.11976790E+01
    1478.,  0.00000000E+00,  0.00000000E+00,  0.00000000E+00,  0.29762149E-03,  0.17485490E+03, -0.11976790E+01
    1479.,  0.00000000E+00,  0.00000000E+00,  0.00000000E+00,  0.99223079E-04,  0.14718852E+03, -0.11976790E+01
    1480.,  0.00000000E+00,  0.00000000E+00,  0.00000000E+00,  0.60384943E-03,  0.18384349E+03, -0.11976790E+01
    1481.,  0.00000000E+00,  0.00000000E+00,  0.00000000E+00,  0.16210251E-02,  0.19532686E+03, -0.11976790E+01
    1482.,  0.00000000E+00,  0.00000000E+00,  0.00000000E+00,  0.23730394E-02,  0.20070676E+03, -0.11976790E+01
    1483.,  0.00000000E+00,  0.00000000E+00,  0.00000000E+00,  0.31031852E-02,  0.20583080E+03, -0.11976790E+01
    1484.,  0.00000000E+00,  0.00000000E+00,  0.00000000E+00,  0.46624127E-02,  0.21540182E+03, -0.11976790E+01
    1485.,  0.00000000E+00,  0.00000000E+00,  0.00000000E+00,  0.63553745E-02,  0.22525839E+03, -0.11976790E+01
    1486.,  0.00000000E+00,  0.00000000E+00,  0.00000000E+00,  0.72574754E-02,  0.23045131E+03, -0.11976790E+01
    1487.,  0.00000000E+00,  0.00000000E+00,  0.00000000E+00,  0.69614752E-02,  0.22735530E+03, -0.11976790E+01
    1488.,  0.00000000E+00,  0.00000000E+00,  0.00000000E+00,  0.68866904E-02,  0.22730931E+03, -0.11976790E+01
    1489.,  0.00000000E+00,  0.00000000E+00,  0.00000000E+00,  0.58715577E-02,  0.21643519E+03, -0.11976790E+01
    1490.,  0.00000000E+00,  0.00000000E+00,  0.00000000E+00,  0.15313711E-02,  0.19234483E+03, -0.11976790E+01
    1491.,  0.00000000E+00,  0.00000000E+00,  0.00000000E+00,  0.39719536E-03,  0.18634026E+03, -0.11976790E+01
    1492.,  0.00000000E+00,  0.00000000E+00,  0.00000000E+00,  0.00000000E+00,  0.15477438E+03, -0.11976790E+01
    1493.,  0.00000000E+00,  0.00000000E+00,  0.00000000E+00,  0.00000000E+00,  0.11645634E+03, -0.11976790E+01
    1494.,  0.00000000E+00,  0.00000000E+00,  0.00000000E+00,  0.00000000E+00,  0.11985169E+03, -0.11976790E+01
    1495.,  0.00000000E+00,  0.00000000E+00,  0.00000000E+00,  0.00000000E+00,  0.13084638E+03, -0.11976790E+01
    1496.,  0.00000000E+00,  0.00000000E+00,  0.00000000E+00,  0.00000000E+00,  0.10280918E+03, -0.11976790E+01
    1497.,  0.00000000E+00,  0.00000000E+00,  0.00000000E+00,  0.00000000E+00,  0.50016069E+02, -0.11976790E+01
    1498.,  0.00000000E+00,  0.00000000E+00,  0.00000000E+00,  0.00000000E+00,  0.14538850E+02, -0.11976790E+01
    1499.,  0.00000000E+00,  0.00000000E+00,  0.00000000E+00,  0.00000000E+00,  0.88301007E+01, -0.11976790E+01
    1500.,  0.00000000E+00,  0.00000000E+00,  0.00000000E+00,  0.00000000E+00,  0.11400448E+02, -0.11976790E+01
    1501.,  0.00000000E+00,  0.00000000E+00,  0.00000000E+00,  0.00000000E+00,  0.13376768E+02, -0.11976790E+01
    1502.,  0.00000000E+00,  0.00000000E+00,  0.00000000E+00,  0.00000000E+00,  0.14736174E+02, -0.11976790E+01
    1503.,  0.00000000E+00,  0.00000000E+00,  0.00000000E+00,  0.00000000E+00,  0.15755406E+02, -0.11976790E+01
    1504.,  0.00000000E+00,  0.00000000E+00,  0.00000000E+00,  0.00000000E+00,  0.16616643E+02, -0.11976790E+01
    1505.,  0.00000000E+00,  0.00000000E+00,  0.00000000E+00,  0.00000000E+00,  0.17267495E+02, -0.11976790E+01
    1506.,  0.00000000E+00,  0.00000000E+00,  0.00000000E+00,  0.00000000E+00,  0.17689075E+02, -0.11976790E+01
    1507.,  0.00000000E+00,  0.00000000E+00,  0.00000000E+00,  0.00000000E+00,  0.17989967E+02, -0.11976790E+01
    1508.,  0.00000000E+00,  0.00000000E+00,  0.00000000E+00,  0.00000000E+00,  0.17990711E+02, -0.11976790E+01
    1509.,  0.00000000E+00,  0.00000000E+00,  0.00000000E+00,  0.00000000E+00,  0.17528207E+02, -0.11976790E+01
    1510.,  0.00000000E+00,  0.00000000E+00,  0.00000000E+00,  0.00000000E+00,  0.16529775E+02, -0.11976790E+01
    1511.,  0.00000000E+00,  0.00000000E+00,  0.00000000E+00,  0.00000000E+00,  0.15146387E+02, -0.11976790E+01
    1512.,  0.00000000E+00,  0.00000000E+00,  0.00000000E+00,  0.00000000E+00,  0.13841921E+02, -0.11976790E+01
    1513.,  0.00000000E+00,  0.00000000E+00,  0.00000000E+00,  0.00000000E+00,  0.13265969E+02, -0.11976790E+01
    1514.,  0.00000000E+00,  0.00000000E+00,  0.00000000E+00,  0.00000000E+00,  0.13777836E+02, -0.11976790E+01
    1515.,  0.00000000E+00,  0.00000000E+00,  0.00000000E+00,  0.00000000E+00,  0.15067789E+02, -0.11976790E+01
    1516.,  0.00000000E+00,  0.00000000E+00,  0.00000000E+00,  0.00000000E+00,  0.16507781E+02, -0.11976790E+01
    1517.,  0.00000000E+00,  0.00000000E+00,  0.00000000E+00,  0.00000000E+00,  0.17670124E+02, -0.11976790E+01
    1518.,  0.00000000E+00,  0.00000000E+00,  0.00000000E+00,  0.00000000E+00,  0.18438142E+02, -0.11976790E+01
    1519.,  0.00000000E+00,  0.00000000E+00,  0.00000000E+00,  0.00000000E+00,  0.18884372E+02, -0.11976790E+01
    1520.,  0.00000000E+00,  0.00000000E+00,  0.00000000E+00,  0.00000000E+00,  0.19057265E+02, -0.11976790E+01
    1521.,  0.00000000E+00,  0.00000000E+00,  0.00000000E+00,  0.00000000E+00,  0.19038383E+02, -0.11976790E+01
    1522.,  0.00000000E+00,  0.00000000E+00,  0.00000000E+00,  0.00000000E+00,  0.19209014E+02, -0.11976790E+01
    1523.,  0.00000000E+00,  0.00000000E+00,  0.00000000E+00,  0.00000000E+00,  0.19486282E+02, -0.11976790E+01
    1524.,  0.00000000E+00,  0.00000000E+00,  0.00000000E+00,  0.00000000E+00,  0.20320724E+02, -0.11976790E+01
    1525.,  0.00000000E+00,  0.00000000E+00,  0.00000000E+00,  0.00000000E+00,  0.23582002E+02, -0.11976790E+01
    1526.,  0.00000000E+00,  0.00000000E+00,  0.00000000E+00,  0.00000000E+00,  0.40746348E+02, -0.11976790E+01
    1527.,  0.00000000E+00,  0.00000000E+00,  0.00000000E+00,  0.00000000E+00,  0.88423761E+02, -0.11976790E+01
    1528.,  0.00000000E+00,  0.00000000E+00,  0.00000000E+00,  0.00000000E+00,  0.14234078E+03, -0.11976790E+01
    1529.,  0.00000000E+00,  0.00000000E+00,  0.00000000E+00,  0.00000000E+00,  0.17440407E+03, -0.11976790E+01
    1530.,  0.00000000E+00,  0.00000000E+00,  0.00000000E+00,  0.96400844E-04,  0.18543502E+03, -0.11976790E+01
    1531.,  0.00000000E+00,  0.00000000E+00,  0.00000000E+00,  0.27234225E-03,  0.18658444E+03, -0.11976790E+01
    1532.,  0.00000000E+00,  0.00000000E+00,  0.00000000E+00,  0.59556593E-03,  0.18857148E+03, -0.11976790E+01
    1533.,  0.00000000E+00,  0.00000000E+00,  0.00000000E+00,  0.12867388E-02,  0.19346478E+03, -0.11976790E+01
    1534.,  0.00000000E+00,  0.00000000E+00,  0.00000000E+00,  0.27095089E-02,  0.20041478E+03, -0.11976790E+01
    1535.,  0.00000000E+00,  0.00000000E+00,  0.00000000E+00,  0.45265150E-02,  0.21413021E+03, -0.11976790E+01
    1536.,  0.00000000E+00,  0.00000000E+00,  0.00000000E+00,  0.93426004E-02,  0.23967351E+03, -0.11976790E+01
    1537.,  0.00000000E+00,  0.00000000E+00,  0.00000000E+00,  0.49691126E-01,  0.34494532E+03, -0.11976790E+01
    1538.,  0.00000000E+00,  0.00000000E+00,  0.00000000E+00,  0.57304489E-01,  0.35842679E+03, -0.11976790E+01
    1539.,  0.00000000E+00,  0.00000000E+00,  0.00000000E+00,  0.64612297E-01,  0.37041729E+03, -0.11976790E+01
    1540.,  0.00000000E+00,  0.00000000E+00,  0.00000000E+00,  0.66908974E-01,  0.37402688E+03, -0.11976790E+01
    1541.,  0.00000000E+00,  0.00000000E+00,  0.00000000E+00,  0.59577050E-01,  0.36120235E+03, -0.11976790E+01
    1542.,  0.00000000E+00,  0.00000000E+00,  0.00000000E+00,  0.41166841E-01,  0.32805452E+03, -0.11976790E+01
    1543.,  0.00000000E+00,  0.00000000E+00,  0.00000000E+00,  0.18787809E-01,  0.27553834E+03, -0.11976790E+01
    1544.,  0.00000000E+00,  0.00000000E+00,  0.00000000E+00,  0.88345100E-02,  0.22333287E+03, -0.11976790E+01
    1545.,  0.00000000E+00,  0.00000000E+00,  0.00000000E+00,  0.27366379E-01,  0.30227132E+03, -0.11976790E+01
    1546.,  0.00000000E+00,  0.00000000E+00,  0.00000000E+00,  0.49088405E-01,  0.34477744E+03, -0.11976790E+01
    1547.,  0.00000000E+00,  0.00000000E+00,  0.00000000E+00,  0.65554011E-01,  0.37181928E+03, -0.11976790E+01
    1548.,  0.00000000E+00,  0.00000000E+00,  0.00000000E+00,  0.80009744E-01,  0.39411046E+03, -0.11976790E+01
    1549.,  0.00000000E+00,  0.00000000E+00,  0.00000000E+00,  0.87821240E-01,  0.40575478E+03, -0.11976790E+01
    1550.,  0.00000000E+00,  0.00000000E+00,  0.00000000E+00,  0.85172901E-01,  0.40177546E+03, -0.11976790E+01
    1551.,  0.00000000E+00,  0.00000000E+00,  0.00000000E+00,  0.75908830E-01,  0.38801481E+03, -0.11976790E+01
    1552.,  0.00000000E+00,  0.00000000E+00,  0.00000000E+00,  0.63112612E-01,  0.36729267E+03, -0.11976790E+01
    1553.,  0.00000000E+00,  0.00000000E+00,  0.00000000E+00,  0.52427007E-01,  0.34986122E+03, -0.11976790E+01
    1554.,  0.00000000E+00,  0.00000000E+00,  0.00000000E+00,  0.44525820E-01,  0.33645536E+03, -0.11976790E+01
    1555.,  0.00000000E+00,  0.00000000E+00,  0.00000000E+00,  0.32963867E-01,  0.31509838E+03, -0.11976790E+01
    1556.,  0.00000000E+00,  0.00000000E+00,  0.00000000E+00,  0.20470697E-01,  0.28471814E+03, -0.11976790E+01
    1557.,  0.00000000E+00,  0.00000000E+00,  0.00000000E+00,  0.10776782E-01,  0.24737801E+03, -0.11976790E+01
    1558.,  0.00000000E+00,  0.00000000E+00,  0.00000000E+00,  0.53495035E-02,  0.21947023E+03, -0.11976790E+01
    1559.,  0.00000000E+00,  0.00000000E+00,  0.00000000E+00,  0.23341475E-02,  0.20062039E+03, -0.11976790E+01
    1560.,  0.00000000E+00,  0.00000000E+00,  0.00000000E+00,  0.52418185E-03,  0.18763590E+03, -0.11976790E+01
    1561.,  0.00000000E+00,  0.00000000E+00,  0.00000000E+00,  0.00000000E+00,  0.12017979E+03, -0.11976790E+01
    1562.,  0.00000000E+00,  0.00000000E+00,  0.00000000E+00,  0.00000000E+00,  0.43363621E+02, -0.11976790E+01
    1563.,  0.00000000E+00,  0.00000000E+00,  0.00000000E+00,  0.00000000E+00,  0.13607603E+02, -0.11976790E+01
    1564.,  0.00000000E+00,  0.00000000E+00,  0.00000000E+00,  0.00000000E+00,  0.10813739E+02, -0.11976790E+01
    1565.,  0.00000000E+00,  0.00000000E+00,  0.00000000E+00,  0.00000000E+00,  0.13067025E+02, -0.11976790E+01
    1566.,  0.00000000E+00,  0.00000000E+00,  0.00000000E+00,  0.00000000E+00,  0.14435624E+02, -0.11976790E+01
    1567.,  0.00000000E+00,  0.00000000E+00,  0.00000000E+00,  0.00000000E+00,  0.15317721E+02, -0.11976790E+01
    1568.,  0.00000000E+00,  0.00000000E+00,  0.00000000E+00,  0.00000000E+00,  0.15921813E+02, -0.11976790E+01
    1569.,  0.00000000E+00,  0.00000000E+00,  0.00000000E+00,  0.00000000E+00,  0.16643148E+02, -0.11976790E+01
    1570.,  0.00000000E+00,  0.00000000E+00,  0.00000000E+00,  0.00000000E+00,  0.17393770E+02, -0.11976790E+01
    1571.,  0.00000000E+00,  0.00000000E+00,  0.00000000E+00,  0.00000000E+00,  0.17984880E+02, -0.11976790E+01
    1572.,  0.00000000E+00,  0.00000000E+00,  0.00000000E+00,  0.00000000E+00,  0.18296365E+02, -0.11976790E+01
    1573.,  0.00000000E+00,  0.00000000E+00,  0.00000000E+00,  0.00000000E+00,  0.18240947E+02, -0.11976790E+01
    1574.,  0.00000000E+00,  0.00000000E+00,  0.00000000E+00,  0.00000000E+00,  0.17840776E+02, -0.11976790E+01
    1575.,  0.00000000E+00,  0.00000000E+00,  0.00000000E+00,  0.00000000E+00,  0.17269242E+02, -0.11976790E+01
    1576.,  0.00000000E+00,  0.00000000E+00,  0.00000000E+00,  0.00000000E+00,  0.16760344E+02, -0.11976790E+01
    1577.,  0.00000000E+00,  0.00000000E+00,  0.00000000E+00,  0.00000000E+00,  0.16476719E+02, -0.11976790E+01
    1578.,  0.00000000E+00,  0.00000000E+00,  0.00000000E+00,  0.00000000E+00,  0.16525185E+02, -0.11976790E+01
    1579.,  0.00000000E+00,  0.00000000E+00,  0.00000000E+00,  0.00000000E+00,  0.16948306E+02, -0.11976790E+01
    1580.,  0.00000000E+00,  0.00000000E+00,  0.00000000E+00,  0.00000000E+00,  0.17616201E+02, -0.11976790E+01
    1581.,  0.00000000E+00,  0.00000000E+00,  0.00000000E+00,  0.00000000E+00,  0.18297844E+02, -0.11976790E+01
    1582.,  0.00000000E+00,  0.00000000E+00,  0.00000000E+00,  0.00000000E+00,  0.18840151E+02, -0.11976790E+01
    1583.,  0.00000000E+00,  0.00000000E+00,  0.00000000E+00,  0.00000000E+00,  0.19216785E+02, -0.11976790E+01
    1584.,  0.00000000E+00,  0.00000000E+00,  0.00000000E+00,  0.00000000E+00,  0.19573706E+02, -0.11976790E+01
    1585.,  0.00000000E+00,  0.00000000E+00,  0.00000000E+00,  0.00000000E+00,  0.20145104E+02, -0.11976790E+01
    1586.,  0.00000000E+00,  0.00000000E+00,  0.00000000E+00,  0.00000000E+00,  0.20522345E+02, -0.11976790E+01
    1587.,  0.00000000E+00,  0.00000000E+00,  0.00000000E+00,  0.00000000E+00,  0.21486372E+02, -0.11976790E+01
    1588.,  0.00000000E+00,  0.00000000E+00,  0.00000000E+00,  0.00000000E+00,  0.24805269E+02, -0.11976790E+01
    1589.,  0.00000000E+00,  0.00000000E+00,  0.00000000E+00,  0.00000000E+00,  0.39114664E+02, -0.11976790E+01
    1590.,  0.00000000E+00,  0.00000000E+00,  0.00000000E+00,  0.00000000E+00,  0.84440868E+02, -0.11976790E+01
    1591.,  0.00000000E+00,  0.00000000E+00,  0.00000000E+00,  0.12696817E-03,  0.17103164E+03, -0.11976790E+01
    1592.,  0.00000000E+00,  0.00000000E+00,  0.00000000E+00,  0.17129406E-02,  0.19610195E+03, -0.11976790E+01
    1593.,  0.00000000E+00,  0.00000000E+00,  0.00000000E+00,  0.57719784E-02,  0.22171424E+03, -0.11976790E+01
    1594.,  0.00000000E+00,  0.00000000E+00,  0.00000000E+00,  0.12682998E-01,  0.25663165E+03, -0.11976790E+01
    1595.,  0.00000000E+00,  0.00000000E+00,  0.00000000E+00,  0.23001826E-01,  0.29395603E+03, -0.11976790E+01
    1596.,  0.00000000E+00,  0.00000000E+00,  0.00000000E+00,  0.36295103E-01,  0.32273812E+03, -0.11976790E+01
    1597.,  0.00000000E+00,  0.00000000E+00,  0.00000000E+00,  0.46992755E-01,  0.34139359E+03, -0.11976790E+01
    1598.,  0.00000000E+00,  0.00000000E+00,  0.00000000E+00,  0.50633201E-01,  0.34763093E+03, -0.11976790E+01
    1599.,  0.00000000E+00,  0.00000000E+00,  0.00000000E+00,  0.49892690E-01,  0.34627583E+03, -0.11976790E+01
    1600.,  0.00000000E+00,  0.00000000E+00,  0.00000000E+00,  0.47983186E-01,  0.34263718E+03, -0.11976790E+01
    1601.,  0.00000000E+00,  0.00000000E+00,  0.00000000E+00,  0.31325139E-02,  0.18544054E+03, -0.11976790E+01
    1602.,  0.00000000E+00,  0.00000000E+00,  0.00000000E+00,  0.56321200E-02,  0.21785281E+03, -0.11976790E+01
    1603.,  0.00000000E+00,  0.00000000E+00,  0.00000000E+00,  0.13284125E-01,  0.25512777E+03, -0.11976790E+01
    1604.,  0.00000000E+00,  0.00000000E+00,  0.00000000E+00,  0.26885894E-01,  0.30378496E+03, -0.11976790E+01
    1605.,  0.00000000E+00,  0.00000000E+00,  0.00000000E+00,  0.39551546E-01,  0.32723616E+03, -0.11976790E+01
    1606.,  0.00000000E+00,  0.00000000E+00,  0.00000000E+00,  0.46018358E-01,  0.33893834E+03, -0.11976790E+01
    1607.,  0.00000000E+00,  0.00000000E+00,  0.00000000E+00,  0.33233464E-01,  0.31568644E+03, -0.11976790E+01
    1608.,  0.00000000E+00,  0.00000000E+00,  0.00000000E+00,  0.16636099E-01,  0.25860984E+03, -0.11976790E+01
    1609.,  0.00000000E+00,  0.00000000E+00,  0.00000000E+00,  0.20031691E-01,  0.28031226E+03, -0.11976790E+01
    1610.,  0.00000000E+00,  0.00000000E+00,  0.00000000E+00,  0.29068049E-01,  0.30968036E+03, -0.11976790E+01
    1611.,  0.00000000E+00,  0.00000000E+00,  0.00000000E+00,  0.30019754E-01,  0.31091106E+03, -0.11976790E+01
    1612.,  0.00000000E+00,  0.00000000E+00,  0.00000000E+00,  0.22830994E-01,  0.29284006E+03, -0.11976790E+01
    1613.,  0.00000000E+00,  0.00000000E+00,  0.00000000E+00,  0.13270078E-01,  0.25561855E+03, -0.11976790E+01
    1614.,  0.00000000E+00,  0.00000000E+00,  0.00000000E+00,  0.64222555E-02,  0.22159315E+03, -0.11976790E+01
    1615.,  0.00000000E+00,  0.00000000E+00,  0.00000000E+00,  0.30670600E-02,  0.19263399E+03, -0.11976790E+01
    1616.,  0.00000000E+00,  0.00000000E+00,  0.00000000E+00,  0.55494029E-02,  0.19125579E+03, -0.11976790E+01
    1617.,  0.00000000E+00,  0.00000000E+00,  0.00000000E+00,  0.14766046E-01,  0.25260710E+03, -0.11976790E+01
    1618.,  0.00000000E+00,  0.00000000E+00,  0.00000000E+00,  0.22284843E-01,  0.29034845E+03, -0.11976790E+01
    1619.,  0.00000000E+00,  0.00000000E+00,  0.00000000E+00,  0.27010909E-01,  0.30552249E+03, -0.11976790E+01
    1620.,  0.00000000E+00,  0.00000000E+00,  0.00000000E+00,  0.24462599E-01,  0.29815552E+03, -0.11976790E+01
    1621.,  0.00000000E+00,  0.00000000E+00,  0.00000000E+00,  0.15073037E-01,  0.26619281E+03, -0.11976790E+01
    1622.,  0.00000000E+00,  0.00000000E+00,  0.00000000E+00,  0.65120219E-02,  0.22555782E+03, -0.11976790E+01
    1623.,  0.00000000E+00,  0.00000000E+00,  0.00000000E+00,  0.23039338E-02,  0.20004320E+03, -0.11976790E+01
    1624.,  0.00000000E+00,  0.00000000E+00,  0.00000000E+00,  0.60110323E-03,  0.18864857E+03, -0.11976790E+01
    1625.,  0.00000000E+00,  0.00000000E+00,  0.00000000E+00,  0.00000000E+00,  0.14178929E+03, -0.11976790E+01
    1626.,  0.00000000E+00,  0.00000000E+00,  0.00000000E+00,  0.00000000E+00,  0.62090995E+02, -0.11976790E+01
    1627.,  0.00000000E+00,  0.00000000E+00,  0.00000000E+00,  0.00000000E+00,  0.23816993E+02, -0.11976790E+01
    1628.,  0.00000000E+00,  0.00000000E+00,  0.00000000E+00,  0.00000000E+00,  0.12037852E+02, -0.11976790E+01
    1629.,  0.00000000E+00,  0.00000000E+00,  0.00000000E+00,  0.00000000E+00,  0.10810531E+02, -0.11976790E+01
    1630.,  0.00000000E+00,  0.00000000E+00,  0.00000000E+00,  0.00000000E+00,  0.11566256E+02, -0.11976790E+01
    1631.,  0.00000000E+00,  0.00000000E+00,  0.00000000E+00,  0.00000000E+00,  0.12074047E+02, -0.11976790E+01
    1632.,  0.00000000E+00,  0.00000000E+00,  0.00000000E+00,  0.00000000E+00,  0.12392186E+02, -0.11976790E+01
    1633.,  0.00000000E+00,  0.00000000E+00,  0.00000000E+00,  0.00000000E+00,  0.13301486E+02, -0.11976790E+01
    1634.,  0.00000000E+00,  0.00000000E+00,  0.00000000E+00,  0.00000000E+00,  0.14813706E+02, -0.11976790E+01
    1635.,  0.00000000E+00,  0.00000000E+00,  0.00000000E+00,  0.00000000E+00,  0.16105742E+02, -0.11976790E+01
    1636.,  0.00000000E+00,  0.00000000E+00,  0.00000000E+00,  0.00000000E+00,  0.17102539E+02, -0.11976790E+01
    1637.,  0.00000000E+00,  0.00000000E+00,  0.00000000E+00,  0.00000000E+00,  0.17781418E+02, -0.11976790E+01
    1638.,  0.00000000E+00,  0.00000000E+00,  0.00000000E+00,  0.00000000E+00,  0.18235772E+02, -0.11976790E+01
    1639.,  0.00000000E+00,  0.00000000E+00,  0.00000000E+00,  0.00000000E+00,  0.18617866E+02, -0.11976790E+01
    1640.,  0.00000000E+00,  0.00000000E+00,  0.00000000E+00,  0.00000000E+00,  0.18947130E+02, -0.11976790E+01
    1641.,  0.00000000E+00,  0.00000000E+00,  0.00000000E+00,  0.00000000E+00,  0.19090166E+02, -0.11976790E+01
    1642.,  0.00000000E+00,  0.00000000E+00,  0.00000000E+00,  0.00000000E+00,  0.19024595E+02, -0.11976790E+01
    1643.,  0.00000000E+00,  0.00000000E+00,  0.00000000E+00,  0.00000000E+00,  0.18935888E+02, -0.11976790E+01
    1644.,  0.00000000E+00,  0.00000000E+00,  0.00000000E+00,  0.00000000E+00,  0.18973542E+02, -0.11976790E+01
    1645.,  0.00000000E+00,  0.00000000E+00,  0.00000000E+00,  0.00000000E+00,  0.19083380E+02, -0.11976790E+01
    1646.,  0.00000000E+00,  0.00000000E+00,  0.00000000E+00,  0.00000000E+00,  0.19109634E+02, -0.11976790E+01
    1647.,  0.00000000E+00,  0.00000000E+00,  0.00000000E+00,  0.00000000E+00,  0.18955291E+02, -0.11976790E+01
    1648.,  0.00000000E+00,  0.00000000E+00,  0.00000000E+00,  0.00000000E+00,  0.18490852E+02, -0.11976790E+01
    1649.,  0.00000000E+00,  0.00000000E+00,  0.00000000E+00,  0.00000000E+00,  0.18450570E+02, -0.11976790E+01
    1650.,  0.00000000E+00,  0.00000000E+00,  0.00000000E+00,  0.00000000E+00,  0.19305217E+02, -0.11976790E+01
    1651.,  0.00000000E+00,  0.00000000E+00,  0.00000000E+00,  0.00000000E+00,  0.20911106E+02, -0.11976790E+01
    1652.,  0.00000000E+00,  0.00000000E+00,  0.00000000E+00,  0.00000000E+00,  0.26151753E+02, -0.11976790E+01
    1653.,  0.00000000E+00,  0.00000000E+00,  0.00000000E+00,  0.00000000E+00,  0.43324116E+02, -0.11976790E+01
    1654.,  0.00000000E+00,  0.00000000E+00,  0.00000000E+00,  0.00000000E+00,  0.88431322E+02, -0.11976790E+01
    1655.,  0.00000000E+00,  0.00000000E+00,  0.00000000E+00,  0.79770911E-04,  0.17477356E+03, -0.11976790E+01
    1656.,  0.00000000E+00,  0.00000000E+00,  0.00000000E+00,  0.11750919E-02,  0.19292344E+03, -0.11976790E+01
    1657.,  0.00000000E+00,  0.00000000E+00,  0.00000000E+00,  0.39797915E-02,  0.21092313E+03, -0.11976790E+01
    1658.,  0.00000000E+00,  0.00000000E+00,  0.00000000E+00,  0.10077323E-01,  0.24433266E+03, -0.11976790E+01
    1659.,  0.00000000E+00,  0.00000000E+00,  0.00000000E+00,  0.19171533E-01,  0.28204867E+03, -0.11976790E+01
    1660.,  0.00000000E+00,  0.00000000E+00,  0.00000000E+00,  0.24346423E-01,  0.29779650E+03, -0.11976790E+01
    1661.,  0.00000000E+00,  0.00000000E+00,  0.00000000E+00,  0.20397156E-01,  0.28355330E+03, -0.11976790E+01
    1662.,  0.00000000E+00,  0.00000000E+00,  0.00000000E+00,  0.12476053E-01,  0.24846129E+03, -0.11976790E+01
    1663.,  0.00000000E+00,  0.00000000E+00,  0.00000000E+00,  0.68343732E-02,  0.20310404E+03, -0.11976790E+01
    1664.,  0.00000000E+00,  0.00000000E+00,  0.00000000E+00,  0.35958600E-02,  0.19942922E+03, -0.11976790E+01
    1665.,  0.00000000E+00,  0.00000000E+00,  0.00000000E+00,  0.78138604E-03,  0.17493245E+03, -0.11976790E+01
    1666.,  0.00000000E+00,  0.00000000E+00,  0.00000000E+00,  0.72312806E-03,  0.14256140E+03, -0.11976790E+01
    1667.,  0.00000000E+00,  0.00000000E+00,  0.00000000E+00,  0.56196582E-02,  0.22045735E+03, -0.11976790E+01
    1668.,  0.00000000E+00,  0.00000000E+00,  0.00000000E+00,  0.14685255E-01,  0.26170735E+03, -0.11976790E+01
    1669.,  0.00000000E+00,  0.00000000E+00,  0.00000000E+00,  0.25719584E-01,  0.30135530E+03, -0.11976790E+01
    1670.,  0.00000000E+00,  0.00000000E+00,  0.00000000E+00,  0.38954322E-01,  0.32523175E+03, -0.11976790E+01
    1671.,  0.00000000E+00,  0.00000000E+00,  0.00000000E+00,  0.42477605E-01,  0.33319917E+03, -0.11976790E+01
    1672.,  0.00000000E+00,  0.00000000E+00,  0.00000000E+00,  0.27519456E-01,  0.29656891E+03, -0.11976790E+01
    1673.,  0.00000000E+00,  0.00000000E+00,  0.00000000E+00,  0.22857889E-01,  0.28335974E+03, -0.11976790E+01
    1674.,  0.00000000E+00,  0.00000000E+00,  0.00000000E+00,  0.26568743E-01,  0.30349105E+03, -0.11976790E+01
    1675.,  0.00000000E+00,  0.00000000E+00,  0.00000000E+00,  0.22382066E-01,  0.29215628E+03, -0.11976790E+01
    1676.,  0.00000000E+00,  0.00000000E+00,  0.00000000E+00,  0.12701989E-01,  0.25508118E+03, -0.11976790E+01
    1677.,  0.00000000E+00,  0.00000000E+00,  0.00000000E+00,  0.53542786E-02,  0.21948115E+03, -0.11976790E+01
    1678.,  0.00000000E+00,  0.00000000E+00,  0.00000000E+00,  0.32120880E-02,  0.20473820E+03, -0.11976790E+01
    1679.,  0.00000000E+00,  0.00000000E+00,  0.00000000E+00,  0.41437491E-02,  0.20402114E+03, -0.11976790E+01
    1680.,  0.00000000E+00,  0.00000000E+00,  0.00000000E+00,  0.42825864E-02,  0.21033159E+03, -0.11976790E+01
    1681.,  0.00000000E+00,  0.00000000E+00,  0.00000000E+00,  0.30520172E-02,  0.20511411E+03, -0.11976790E+01
    1682.,  0.00000000E+00,  0.00000000E+00,  0.00000000E+00,  0.83958992E-02,  0.23149377E+03, -0.11976790E+01
    1683.,  0.00000000E+00,  0.00000000E+00,  0.00000000E+00,  0.16628091E-01,  0.27201156E+03, -0.11976790E+01
    1684.,  0.00000000E+00,  0.00000000E+00,  0.00000000E+00,  0.21553742E-01,  0.29019032E+03, -0.11976790E+01
    1685.,  0.00000000E+00,  0.00000000E+00,  0.00000000E+00,  0.17243883E-01,  0.27508010E+03, -0.11976790E+01
    1686.,  0.00000000E+00,  0.00000000E+00,  0.00000000E+00,  0.87869891E-02,  0.23755412E+03, -0.11976790E+01
    1687.,  0.00000000E+00,  0.00000000E+00,  0.00000000E+00,  0.31735551E-02,  0.20505954E+03, -0.11976790E+01
    1688.,  0.00000000E+00,  0.00000000E+00,  0.00000000E+00,  0.76543212E-03,  0.18986028E+03, -0.11976790E+01
    1689.,  0.00000000E+00,  0.00000000E+00,  0.00000000E+00,  0.00000000E+00,  0.15791463E+03, -0.11976790E+01
    1690.,  0.00000000E+00,  0.00000000E+00,  0.00000000E+00,  0.00000000E+00,  0.71570366E+02, -0.11976790E+01
    1691.,  0.00000000E+00,  0.00000000E+00,  0.00000000E+00,  0.00000000E+00,  0.31135863E+02, -0.11976790E+01
    1692.,  0.00000000E+00,  0.00000000E+00,  0.00000000E+00,  0.00000000E+00,  0.15128059E+02, -0.11976790E+01
    1693.,  0.00000000E+00,  0.00000000E+00,  0.00000000E+00,  0.00000000E+00,  0.10830475E+02, -0.11976790E+01
    1694.,  0.00000000E+00,  0.00000000E+00,  0.00000000E+00,  0.00000000E+00,  0.97947765E+01, -0.11976790E+01
    1695.,  0.00000000E+00,  0.00000000E+00,  0.00000000E+00,  0.00000000E+00,  0.95735684E+01, -0.11976790E+01
    1696.,  0.00000000E+00,  0.00000000E+00,  0.00000000E+00,  0.00000000E+00,  0.90627202E+01, -0.11976790E+01
    1697.,  0.00000000E+00,  0.00000000E+00,  0.00000000E+00,  0.00000000E+00,  0.96182210E+01, -0.11976790E+01
    1698.,  0.00000000E+00,  0.00000000E+00,  0.00000000E+00,  0.00000000E+00,  0.11576656E+02, -0.11976790E+01
    1699.,  0.00000000E+00,  0.00000000E+00,  0.00000000E+00,  0.00000000E+00,  0.13559499E+02, -0.11976790E+01
    1700.,  0.00000000E+00,  0.00000000E+00,  0.00000000E+00,  0.00000000E+00,  0.15387909E+02, -0.11976790E+01
    1701.,  0.00000000E+00,  0.00000000E+00,  0.00000000E+00,  0.00000000E+00,  0.17071941E+02, -0.11976790E+01
    1702.,  0.00000000E+00,  0.00000000E+00,  0.00000000E+00,  0.00000000E+00,  0.18729004E+02, -0.11976790E+01
    1703.,  0.00000000E+00,  0.00000000E+00,  0.00000000E+00,  0.00000000E+00,  0.20364659E+02, -0.11976790E+01
    1704.,  0.00000000E+00,  0.00000000E+00,  0.00000000E+00,  0.00000000E+00,  0.21675980E+02, -0.11976790E+01
    1705.,  0.00000000E+00,  0.00000000E+00,  0.00000000E+00,  0.00000000E+00,  0.22228197E+02, -0.11976790E+01
    1706.,  0.00000000E+00,  0.00000000E+00,  0.00000000E+00,  0.00000000E+00,  0.21882925E+02, -0.11976790E+01
    1707.,  0.00000000E+00,  0.00000000E+00,  0.00000000E+00,  0.00000000E+00,  0.20926964E+02, -0.11976790E+01
    1708.,  0.00000000E+00,  0.00000000E+00,  0.00000000E+00,  0.00000000E+00,  0.19776433E+02, -0.11976790E+01
    1709.,  0.00000000E+00,  0.00000000E+00,  0.00000000E+00,  0.00000000E+00,  0.18630538E+02, -0.11976790E+01
    1710.,  0.00000000E+00,  0.00000000E+00,  0.00000000E+00,  0.00000000E+00,  0.17407749E+02, -0.11976790E+01
    1711.,  0.00000000E+00,  0.00000000E+00,  0.00000000E+00,  0.00000000E+00,  0.15822952E+02, -0.11976790E+01
    1712.,  0.00000000E+00,  0.00000000E+00,  0.00000000E+00,  0.00000000E+00,  0.13540185E+02, -0.11976790E+01
    1713.,  0.00000000E+00,  0.00000000E+00,  0.00000000E+00,  0.00000000E+00,  0.13054253E+02, -0.11976790E+01
    1714.,  0.00000000E+00,  0.00000000E+00,  0.00000000E+00,  0.00000000E+00,  0.14685780E+02, -0.11976790E+01
    1715.,  0.00000000E+00,  0.00000000E+00,  0.00000000E+00,  0.00000000E+00,  0.17355737E+02, -0.11976790E+01
    1716.,  0.00000000E+00,  0.00000000E+00,  0.00000000E+00,  0.00000000E+00,  0.24093775E+02, -0.11976790E+01
    1717.,  0.00000000E+00,  0.00000000E+00,  0.00000000E+00,  0.00000000E+00,  0.42461826E+02, -0.11976790E+01
    1718.,  0.00000000E+00,  0.00000000E+00,  0.00000000E+00,  0.00000000E+00,  0.87316942E+02, -0.11976790E+01
    1719.,  0.00000000E+00,  0.00000000E+00,  0.00000000E+00,  0.27931074E-04,  0.17572539E+03, -0.11976790E+01
    1720.,  0.00000000E+00,  0.00000000E+00,  0.00000000E+00,  0.10411236E-02,  0.19198299E+03, -0.11976790E+01
    1721.,  0.00000000E+00,  0.00000000E+00,  0.00000000E+00,  0.39066383E-02,  0.21059320E+03, -0.11976790E+01
    1722.,  0.00000000E+00,  0.00000000E+00,  0.00000000E+00,  0.10193141E-01,  0.24523013E+03, -0.11976790E+01
    1723.,  0.00000000E+00,  0.00000000E+00,  0.00000000E+00,  0.17466294E-01,  0.27625938E+03, -0.11976790E+01
    1724.,  0.00000000E+00,  0.00000000E+00,  0.00000000E+00,  0.18491896E-01,  0.27918421E+03, -0.11976790E+01
    1725.,  0.00000000E+00,  0.00000000E+00,  0.00000000E+00,  0.12430635E-01,  0.25348218E+03, -0.11976790E+01
    1726.,  0.00000000E+00,  0.00000000E+00,  0.00000000E+00,  0.60960723E-02,  0.21891989E+03, -0.11976790E+01
    1727.,  0.00000000E+00,  0.00000000E+00,  0.00000000E+00,  0.21077272E-02,  0.17687645E+03, -0.11976790E+01
    1728.,  0.00000000E+00,  0.00000000E+00,  0.00000000E+00,  0.47370073E-03,  0.17493326E+03, -0.11976790E+01
    1729.,  0.00000000E+00,  0.00000000E+00,  0.00000000E+00,  0.19417743E-02,  0.19266936E+03, -0.11976790E+01
    1730.,  0.00000000E+00,  0.00000000E+00,  0.00000000E+00,  0.30026113E-02,  0.18903911E+03, -0.11976790E+01
    1731.,  0.00000000E+00,  0.00000000E+00,  0.00000000E+00,  0.28533039E-02,  0.17593458E+03, -0.11976790E+01
    1732.,  0.00000000E+00,  0.00000000E+00,  0.00000000E+00,  0.10944088E-01,  0.24702319E+03, -0.11976790E+01
    1733.,  0.00000000E+00,  0.00000000E+00,  0.00000000E+00,  0.17746301E-01,  0.26615057E+03, -0.11976790E+01
    1734.,  0.00000000E+00,  0.00000000E+00,  0.00000000E+00,  0.29767803E-01,  0.30986990E+03, -0.11976790E+01
    1735.,  0.00000000E+00,  0.00000000E+00,  0.00000000E+00,  0.35379124E-01,  0.31953708E+03, -0.11976790E+01
    1736.,  0.00000000E+00,  0.00000000E+00,  0.00000000E+00,  0.31656776E-01,  0.31141698E+03, -0.11976790E+01
    1737.,  0.00000000E+00,  0.00000000E+00,  0.00000000E+00,  0.24554939E-01,  0.29057137E+03, -0.11976790E+01
    1738.,  0.00000000E+00,  0.00000000E+00,  0.00000000E+00,  0.28997137E-01,  0.30906119E+03, -0.11976790E+01
    1739.,  0.00000000E+00,  0.00000000E+00,  0.00000000E+00,  0.21144645E-01,  0.28474944E+03, -0.11976790E+01
    1740.,  0.00000000E+00,  0.00000000E+00,  0.00000000E+00,  0.81132479E-02,  0.23441823E+03, -0.11976790E+01
    1741.,  0.00000000E+00,  0.00000000E+00,  0.00000000E+00,  0.54124983E-02,  0.21387184E+03, -0.11976790E+01
    1742.,  0.00000000E+00,  0.00000000E+00,  0.00000000E+00,  0.51866282E-02,  0.20652393E+03, -0.11976790E+01
    1743.,  0.00000000E+00,  0.00000000E+00,  0.00000000E+00,  0.46186240E-02,  0.20786752E+03, -0.11976790E+01
    1744.,  0.00000000E+00,  0.00000000E+00,  0.00000000E+00,  0.18478819E-02,  0.18799951E+03, -0.11976790E+01
    1745.,  0.00000000E+00,  0.00000000E+00,  0.00000000E+00,  0.18835086E-02,  0.19488020E+03, -0.11976790E+01
    1746.,  0.00000000E+00,  0.00000000E+00,  0.00000000E+00,  0.28560767E-02,  0.20429717E+03, -0.11976790E+01
    1747.,  0.00000000E+00,  0.00000000E+00,  0.00000000E+00,  0.81835683E-02,  0.23294874E+03, -0.11976790E+01
    1748.,  0.00000000E+00,  0.00000000E+00,  0.00000000E+00,  0.16042813E-01,  0.27061119E+03, -0.11976790E+01
    1749.,  0.00000000E+00,  0.00000000E+00,  0.00000000E+00,  0.16992999E-01,  0.27458802E+03, -0.11976790E+01
    1750.,  0.00000000E+00,  0.00000000E+00,  0.00000000E+00,  0.10855326E-01,  0.24772187E+03, -0.11976790E+01
    1751.,  0.00000000E+00,  0.00000000E+00,  0.00000000E+00,  0.43109024E-02,  0.21184573E+03, -0.11976790E+01
    1752.,  0.00000000E+00,  0.00000000E+00,  0.00000000E+00,  0.98924100E-03,  0.19107884E+03, -0.11976790E+01
    1753.,  0.00000000E+00,  0.00000000E+00,  0.00000000E+00,  0.00000000E+00,  0.16348670E+03, -0.11976790E+01
    1754.,  0.00000000E+00,  0.00000000E+00,  0.00000000E+00,  0.00000000E+00,  0.77437852E+02, -0.11976790E+01
    1755.,  0.00000000E+00,  0.00000000E+00,  0.00000000E+00,  0.00000000E+00,  0.34564196E+02, -0.11976790E+01
    1756.,  0.00000000E+00,  0.00000000E+00,  0.00000000E+00,  0.00000000E+00,  0.17125749E+02, -0.11976790E+01
    1757.,  0.00000000E+00,  0.00000000E+00,  0.00000000E+00,  0.00000000E+00,  0.10686484E+02, -0.11976790E+01
    1758.,  0.00000000E+00,  0.00000000E+00,  0.00000000E+00,  0.00000000E+00,  0.85981185E+01, -0.11976790E+01
    1759.,  0.00000000E+00,  0.00000000E+00,  0.00000000E+00,  0.00000000E+00,  0.71685013E+01, -0.11976790E+01
    1760.,  0.00000000E+00,  0.00000000E+00,  0.00000000E+00,  0.00000000E+00,  0.58216683E+01, -0.11976790E+01
    1761.,  0.00000000E+00,  0.00000000E+00,  0.00000000E+00,  0.00000000E+00,  0.60159366E+01, -0.11976790E+01
    1762.,  0.00000000E+00,  0.00000000E+00,  0.00000000E+00,  0.00000000E+00,  0.81878933E+01, -0.11976790E+01
    1763.,  0.00000000E+00,  0.00000000E+00,  0.00000000E+00,  0.00000000E+00,  0.10640339E+02, -0.11976790E+01
    1764.,  0.00000000E+00,  0.00000000E+00,  0.00000000E+00,  0.00000000E+00,  0.13310460E+02, -0.11976790E+01
    1765.,  0.00000000E+00,  0.00000000E+00,  0.00000000E+00,  0.00000000E+00,  0.16232488E+02, -0.11976790E+01
    1766.,  0.00000000E+00,  0.00000000E+00,  0.00000000E+00,  0.00000000E+00,  0.19432672E+02, -0.11976790E+01
    1767.,  0.00000000E+00,  0.00000000E+00,  0.00000000E+00,  0.00000000E+00,  0.22596777E+02, -0.11976790E+01
    1768.,  0.00000000E+00,  0.00000000E+00,  0.00000000E+00,  0.00000000E+00,  0.25015288E+02, -0.11976790E+01
    1769.,  0.00000000E+00,  0.00000000E+00,  0.00000000E+00,  0.00000000E+00,  0.25967401E+02, -0.11976790E+01
    1770.,  0.00000000E+00,  0.00000000E+00,  0.00000000E+00,  0.00000000E+00,  0.25201388E+02, -0.11976790E+01
    1771.,  0.00000000E+00,  0.00000000E+00,  0.00000000E+00,  0.00000000E+00,  0.23055973E+02, -0.11976790E+01
    1772.,  0.00000000E+00,  0.00000000E+00,  0.00000000E+00,  0.00000000E+00,  0.20172757E+02, -0.11976790E+01
    1773.,  0.00000000E+00,  0.00000000E+00,  0.00000000E+00,  0.00000000E+00,  0.17112750E+02, -0.11976790E+01
    1774.,  0.00000000E+00,  0.00000000E+00,  0.00000000E+00,  0.00000000E+00,  0.14050017E+02, -0.11976790E+01
    1775.,  0.00000000E+00,  0.00000000E+00,  0.00000000E+00,  0.00000000E+00,  0.10814274E+02, -0.11976790E+01
    1776.,  0.00000000E+00,  0.00000000E+00,  0.00000000E+00,  0.00000000E+00,  0.73009037E+01, -0.11976790E+01
    1777.,  0.00000000E+00,  0.00000000E+00,  0.00000000E+00,  0.00000000E+00,  0.67848020E+01, -0.11976790E+01
    1778.,  0.00000000E+00,  0.00000000E+00,  0.00000000E+00,  0.00000000E+00,  0.90283837E+01, -0.11976790E+01
    1779.,  0.00000000E+00,  0.00000000E+00,  0.00000000E+00,  0.00000000E+00,  0.12525826E+02, -0.11976790E+01
    1780.,  0.00000000E+00,  0.00000000E+00,  0.00000000E+00,  0.00000000E+00,  0.20982706E+02, -0.11976790E+01
    1781.,  0.00000000E+00,  0.00000000E+00,  0.00000000E+00,  0.00000000E+00,  0.39998041E+02, -0.11976790E+01
    1782.,  0.00000000E+00,  0.00000000E+00,  0.00000000E+00,  0.00000000E+00,  0.82271593E+02, -0.11976790E+01
    1783.,  0.00000000E+00,  0.00000000E+00,  0.00000000E+00,  0.00000000E+00,  0.17188905E+03, -0.11976790E+01
    1784.,  0.00000000E+00,  0.00000000E+00,  0.00000000E+00,  0.93972673E-03,  0.19115013E+03, -0.11976790E+01
    1785.,  0.00000000E+00,  0.00000000E+00,  0.00000000E+00,  0.38927349E-02,  0.21059040E+03, -0.11976790E+01
    1786.,  0.00000000E+00,  0.00000000E+00,  0.00000000E+00,  0.98154258E-02,  0.24367461E+03, -0.11976790E+01
    1787.,  0.00000000E+00,  0.00000000E+00,  0.00000000E+00,  0.15551991E-01,  0.26895091E+03, -0.11976790E+01
    1788.,  0.00000000E+00,  0.00000000E+00,  0.00000000E+00,  0.14599473E-01,  0.26459405E+03, -0.11976790E+01
    1789.,  0.00000000E+00,  0.00000000E+00,  0.00000000E+00,  0.84190154E-02,  0.23516418E+03, -0.11976790E+01
    1790.,  0.00000000E+00,  0.00000000E+00,  0.00000000E+00,  0.30114676E-02,  0.19500930E+03, -0.11976790E+01
    1791.,  0.00000000E+00,  0.00000000E+00,  0.00000000E+00,  0.15995089E-03,  0.16993275E+03, -0.11976790E+01
    1792.,  0.00000000E+00,  0.00000000E+00,  0.00000000E+00,  0.15630659E-03,  0.15555785E+03, -0.11976790E+01
    1793.,  0.00000000E+00,  0.00000000E+00,  0.00000000E+00,  0.72459618E-02,  0.22728858E+03, -0.11976790E+01
    1794.,  0.00000000E+00,  0.00000000E+00,  0.00000000E+00,  0.12881190E-01,  0.24830089E+03, -0.11976790E+01
    1795.,  0.00000000E+00,  0.00000000E+00,  0.00000000E+00,  0.17640433E-01,  0.25786703E+03, -0.11976790E+01
    1796.,  0.00000000E+00,  0.00000000E+00,  0.00000000E+00,  0.12012223E-01,  0.10405308E+03, -0.11976790E+01
    1797.,  0.00000000E+00,  0.00000000E+00,  0.00000000E+00,  0.18612944E-01,  0.24630597E+03, -0.11976790E+01
    1798.,  0.00000000E+00,  0.00000000E+00,  0.00000000E+00,  0.28019967E-01,  0.30603230E+03, -0.11976790E+01
    1799.,  0.00000000E+00,  0.00000000E+00,  0.00000000E+00,  0.28639283E-01,  0.30714561E+03, -0.11976790E+01
    1800.,  0.00000000E+00,  0.00000000E+00,  0.00000000E+00,  0.24469674E-01,  0.27797082E+03, -0.11976790E+01
    1801.,  0.00000000E+00,  0.00000000E+00,  0.00000000E+00,  0.33524428E-01,  0.26278932E+03, -0.11976790E+01
    1802.,  0.00000000E+00,  0.00000000E+00,  0.00000000E+00,  0.36211628E-01,  0.32130492E+03, -0.11976790E+01
    1803.,  0.00000000E+00,  0.00000000E+00,  0.00000000E+00,  0.24269310E-01,  0.29334995E+03, -0.11976790E+01
    1804.,  0.00000000E+00,  0.00000000E+00,  0.00000000E+00,  0.15714175E-01,  0.26177456E+03, -0.11976790E+01
    1805.,  0.00000000E+00,  0.00000000E+00,  0.00000000E+00,  0.97308564E-02,  0.23291772E+03, -0.11976790E+01
    1806.,  0.00000000E+00,  0.00000000E+00,  0.00000000E+00,  0.75519482E-02,  0.22171217E+03, -0.11976790E+01
    1807.,  0.00000000E+00,  0.00000000E+00,  0.00000000E+00,  0.25508017E-02,  0.17509871E+03, -0.11976790E+01
    1808.,  0.00000000E+00,  0.00000000E+00,  0.00000000E+00,  0.10502885E-03,  0.13887414E+03, -0.11976790E+01
    1809.,  0.00000000E+00,  0.00000000E+00,  0.00000000E+00,  0.46893388E-03,  0.17793583E+03, -0.11976790E+01
    1810.,  0.00000000E+00,  0.00000000E+00,  0.00000000E+00,  0.18426011E-02,  0.19408850E+03, -0.11976790E+01
    1811.,  0.00000000E+00,  0.00000000E+00,  0.00000000E+00,  0.42547407E-02,  0.21236827E+03, -0.11976790E+01
    1812.,  0.00000000E+00,  0.00000000E+00,  0.00000000E+00,  0.11480415E-01,  0.25007405E+03, -0.11976790E+01
    1813.,  0.00000000E+00,  0.00000000E+00,  0.00000000E+00,  0.17298040E-01,  0.27558307E+03, -0.11976790E+01
    1814.,  0.00000000E+00,  0.00000000E+00,  0.00000000E+00,  0.13798190E-01,  0.26096479E+03, -0.11976790E+01
    1815.,  0.00000000E+00,  0.00000000E+00,  0.00000000E+00,  0.57771320E-02,  0.22052539E+03, -0.11976790E+01
    1816.,  0.00000000E+00,  0.00000000E+00,  0.00000000E+00,  0.11720269E-02,  0.19246158E+03, -0.11976790E+01
    1817.,  0.00000000E+00,  0.00000000E+00,  0.00000000E+00,  0.15353329E-05,  0.17088277E+03, -0.11976790E+01
    1818.,  0.00000000E+00,  0.00000000E+00,  0.00000000E+00,  0.00000000E+00,  0.79739965E+02, -0.11976790E+01
    1819.,  0.00000000E+00,  0.00000000E+00,  0.00000000E+00,  0.00000000E+00,  0.36698819E+02, -0.11976790E+01
    1820.,  0.00000000E+00,  0.00000000E+00,  0.00000000E+00,  0.00000000E+00,  0.17190537E+02, -0.11976790E+01
    1821.,  0.00000000E+00,  0.00000000E+00,  0.00000000E+00,  0.00000000E+00,  0.10286350E+02, -0.11976790E+01
    1822.,  0.00000000E+00,  0.00000000E+00,  0.00000000E+00,  0.00000000E+00,  0.68939060E+01, -0.11976790E+01
    1823.,  0.00000000E+00,  0.00000000E+00,  0.00000000E+00,  0.00000000E+00,  0.46435896E+01, -0.11976790E+01
    1824.,  0.00000000E+00,  0.00000000E+00,  0.00000000E+00,  0.00000000E+00,  0.26400295E+01, -0.11976790E+01
    1825.,  0.00000000E+00,  0.00000000E+00,  0.00000000E+00,  0.00000000E+00,  0.26001774E+01, -0.11976790E+01
    1826.,  0.00000000E+00,  0.00000000E+00,  0.00000000E+00,  0.00000000E+00,  0.47863505E+01, -0.11976790E+01
    1827.,  0.00000000E+00,  0.00000000E+00,  0.00000000E+00,  0.00000000E+00,  0.75153080E+01, -0.11976790E+01
    1828.,  0.00000000E+00,  0.00000000E+00,  0.00000000E+00,  0.00000000E+00,  0.11003007E+02, -0.11976790E+01
    1829.,  0.00000000E+00,  0.00000000E+00,  0.00000000E+00,  0.00000000E+00,  0.15420088E+02, -0.11976790E+01
    1830.,  0.00000000E+00,  0.00000000E+00,  0.00000000E+00,  0.00000000E+00,  0.20501032E+02, -0.11976790E+01
    1831.,  0.00000000E+00,  0.00000000E+00,  0.00000000E+00,  0.00000000E+00,  0.25443090E+02, -0.11976790E+01
    1832.,  0.00000000E+00,  0.00000000E+00,  0.00000000E+00,  0.00000000E+00,  0.29093667E+02, -0.11976790E+01
    1833.,  0.00000000E+00,  0.00000000E+00,  0.00000000E+00,  0.00000000E+00,  0.30452084E+02, -0.11976790E+01
    1834.,  0.00000000E+00,  0.00000000E+00,  0.00000000E+00,  0.00000000E+00,  0.29143878E+02, -0.11976790E+01
    1835.,  0.00000000E+00,  0.00000000E+00,  0.00000000E+00,  0.00000000E+00,  0.25514675E+02, -0.11976790E+01
    1836.,  0.00000000E+00,  0.00000000E+00,  0.00000000E+00,  0.00000000E+00,  0.20392974E+02, -0.11976790E+01
    1837.,  0.00000000E+00,  0.00000000E+00,  0.00000000E+00,  0.00000000E+00,  0.14761157E+02, -0.11976790E+01
    1838.,  0.00000000E+00,  0.00000000E+00,  0.00000000E+00,  0.00000000E+00,  0.95028165E+01, -0.11976790E+01
    1839.,  0.00000000E+00,  0.00000000E+00,  0.00000000E+00,  0.00000000E+00,  0.51513490E+01, -0.11976790E+01
    1840.,  0.00000000E+00,  0.00000000E+00,  0.00000000E+00,  0.00000000E+00,  0.19447198E+01, -0.11976790E+01
    1841.,  0.00000000E+00,  0.00000000E+00,  0.00000000E+00,  0.00000000E+00,  0.21721980E+01, -0.11976790E+01
    1842.,  0.00000000E+00,  0.00000000E+00,  0.00000000E+00,  0.00000000E+00,  0.43979782E+01, -0.11976790E+01
    1843.,  0.00000000E+00,  0.00000000E+00,  0.00000000E+00,  0.00000000E+00,  0.87380090E+01, -0.11976790E+01
    1844.,  0.00000000E+00,  0.00000000E+00,  0.00000000E+00,  0.00000000E+00,  0.18818533E+02, -0.11976790E+01
    1845.,  0.00000000E+00,  0.00000000E+00,  0.00000000E+00,  0.00000000E+00,  0.38805441E+02, -0.11976790E+01
    1846.,  0.00000000E+00,  0.00000000E+00,  0.00000000E+00,  0.00000000E+00,  0.79150810E+02, -0.11976790E+01
    1847.,  0.00000000E+00,  0.00000000E+00,  0.00000000E+00,  0.00000000E+00,  0.16262997E+03, -0.11976790E+01
    1848.,  0.00000000E+00,  0.00000000E+00,  0.00000000E+00,  0.85893301E-03,  0.18994944E+03, -0.11976790E+01
    1849.,  0.00000000E+00,  0.00000000E+00,  0.00000000E+00,  0.35023275E-02,  0.20766763E+03, -0.11976790E+01
    1850.,  0.00000000E+00,  0.00000000E+00,  0.00000000E+00,  0.86384679E-02,  0.23717359E+03, -0.11976790E+01
    1851.,  0.00000000E+00,  0.00000000E+00,  0.00000000E+00,  0.13031064E-01,  0.25809395E+03, -0.11976790E+01
    1852.,  0.00000000E+00,  0.00000000E+00,  0.00000000E+00,  0.11410253E-01,  0.25046635E+03, -0.11976790E+01
    1853.,  0.00000000E+00,  0.00000000E+00,  0.00000000E+00,  0.53983808E-02,  0.21577601E+03, -0.11976790E+01
    1854.,  0.00000000E+00,  0.00000000E+00,  0.00000000E+00,  0.12652908E-02,  0.19002079E+03, -0.11976790E+01
    1855.,  0.00000000E+00,  0.00000000E+00,  0.00000000E+00,  0.16896418E-03,  0.17751131E+03, -0.11976790E+01
    1856.,  0.00000000E+00,  0.00000000E+00,  0.00000000E+00,  0.51308417E-02,  0.20414544E+03, -0.11976790E+01
    1857.,  0.00000000E+00,  0.00000000E+00,  0.00000000E+00,  0.62252264E-01,  0.36638758E+03, -0.11976790E+01
    1858.,  0.00000000E+00,  0.00000000E+00,  0.00000000E+00,  0.60557555E-01,  0.36281140E+03, -0.11976790E+01
    1859.,  0.00000000E+00,  0.00000000E+00,  0.00000000E+00,  0.81813351E-01,  0.39210285E+03, -0.11976790E+01
    1860.,  0.00000000E+00,  0.00000000E+00,  0.21400756E-01,  0.18988508E+00,  0.50624838E+03, -0.11976790E+01
    1861.,  0.00000000E+00,  0.00000000E+00,  0.40555762E-01,  0.22150095E+00,  0.52429699E+03, -0.11976790E+01
    1862.,  0.00000000E+00,  0.00000000E+00,  0.00000000E+00,  0.14873880E+00,  0.48106115E+03, -0.11976790E+01
    1863.,  0.00000000E+00,  0.00000000E+00,  0.00000000E+00,  0.78343494E-01,  0.38807889E+03, -0.11976790E+01
    1864.,  0.00000000E+00,  0.00000000E+00,  0.00000000E+00,  0.18186243E-01,  0.21844712E+03, -0.11976790E+01
    1865.,  0.00000000E+00,  0.00000000E+00,  0.00000000E+00,  0.29426890E-01,  0.29311587E+03, -0.11976790E+01
    1866.,  0.00000000E+00,  0.00000000E+00,  0.00000000E+00,  0.37592335E-01,  0.28962697E+03, -0.11976790E+01
    1867.,  0.00000000E+00,  0.00000000E+00,  0.00000000E+00,  0.39057730E-01,  0.30854251E+03, -0.11976790E+01
    1868.,  0.00000000E+00,  0.00000000E+00,  0.00000000E+00,  0.86386867E-01,  0.40186232E+03, -0.11976790E+01
    1869.,  0.00000000E+00,  0.00000000E+00,  0.00000000E+00,  0.80324306E-01,  0.38900557E+03, -0.11976790E+01
    1870.,  0.00000000E+00,  0.00000000E+00,  0.00000000E+00,  0.17579472E-01,  0.21600409E+03, -0.11976790E+01
    1871.,  0.00000000E+00,  0.00000000E+00,  0.00000000E+00,  0.97342164E-02,  0.18498428E+03, -0.11976790E+01
    1872.,  0.00000000E+00,  0.00000000E+00,  0.00000000E+00,  0.62564645E-02,  0.11818510E+03, -0.11976790E+01
    1873.,  0.00000000E+00,  0.00000000E+00,  0.00000000E+00,  0.16090548E-02,  0.15515290E+03, -0.11976790E+01
    1874.,  0.00000000E+00,  0.00000000E+00,  0.00000000E+00,  0.10875560E-02,  0.19105637E+03, -0.11976790E+01
    1875.,  0.00000000E+00,  0.00000000E+00,  0.00000000E+00,  0.32799325E-02,  0.20457953E+03, -0.11976790E+01
    1876.,  0.00000000E+00,  0.00000000E+00,  0.00000000E+00,  0.92559424E-02,  0.23940419E+03, -0.11976790E+01
    1877.,  0.00000000E+00,  0.00000000E+00,  0.00000000E+00,  0.19510666E-01,  0.28344036E+03, -0.11976790E+01
    1878.,  0.00000000E+00,  0.00000000E+00,  0.00000000E+00,  0.19985421E-01,  0.28355547E+03, -0.11976790E+01
    1879.,  0.00000000E+00,  0.00000000E+00,  0.00000000E+00,  0.76457397E-02,  0.23085822E+03, -0.11976790E+01
    1880.,  0.00000000E+00,  0.00000000E+00,  0.00000000E+00,  0.13273081E-02,  0.19235550E+03, -0.11976790E+01
    1881.,  0.00000000E+00,  0.00000000E+00,  0.00000000E+00,  0.00000000E+00,  0.16559048E+03, -0.11976790E+01
    1882.,  0.00000000E+00,  0.00000000E+00,  0.00000000E+00,  0.00000000E+00,  0.79314957E+02, -0.11976790E+01
    1883.,  0.00000000E+00,  0.00000000E+00,  0.00000000E+00,  0.00000000E+00,  0.34953827E+02, -0.11976790E+01
    1884.,  0.00000000E+00,  0.00000000E+00,  0.00000000E+00,  0.00000000E+00,  0.16745318E+02, -0.11976790E+01
    1885.,  0.00000000E+00,  0.00000000E+00,  0.00000000E+00,  0.00000000E+00,  0.91237125E+01, -0.11976790E+01
    1886.,  0.00000000E+00,  0.00000000E+00,  0.00000000E+00,  0.00000000E+00,  0.47071979E+01, -0.11976790E+01
    1887.,  0.00000000E+00,  0.00000000E+00,  0.00000000E+00,  0.00000000E+00,  0.19404577E+01, -0.11976790E+01
    1888.,  0.00000000E+00,  0.00000000E+00,  0.00000000E+00,  0.00000000E+00,  0.48391655E+00, -0.11976790E+01
    1889.,  0.00000000E+00,  0.00000000E+00,  0.00000000E+00,  0.00000000E+00,  0.39370399E+00, -0.11976790E+01
    1890.,  0.00000000E+00,  0.00000000E+00,  0.00000000E+00,  0.00000000E+00,  0.16079898E+01, -0.11976790E+01
    1891.,  0.00000000E+00,  0.00000000E+00,  0.00000000E+00,  0.00000000E+00,  0.42542693E+01, -0.11976790E+01
    1892.,  0.00000000E+00,  0.00000000E+00,  0.00000000E+00,  0.00000000E+00,  0.86949987E+01, -0.11976790E+01
    1893.,  0.00000000E+00,  0.00000000E+00,  0.00000000E+00,  0.00000000E+00,  0.14889781E+02, -0.11976790E+01
    1894.,  0.00000000E+00,  0.00000000E+00,  0.00000000E+00,  0.00000000E+00,  0.22133361E+02, -0.11976790E+01
    1895.,  0.00000000E+00,  0.00000000E+00,  0.00000000E+00,  0.00000000E+00,  0.29072316E+02, -0.11976790E+01
    1896.,  0.00000000E+00,  0.00000000E+00,  0.00000000E+00,  0.00000000E+00,  0.34088358E+02, -0.11976790E+01
    1897.,  0.00000000E+00,  0.00000000E+00,  0.00000000E+00,  0.00000000E+00,  0.35878579E+02, -0.11976790E+01
    1898.,  0.00000000E+00,  0.00000000E+00,  0.00000000E+00,  0.00000000E+00,  0.33926852E+02, -0.11976790E+01
    1899.,  0.00000000E+00,  0.00000000E+00,  0.00000000E+00,  0.00000000E+00,  0.28589691E+02, -0.11976790E+01
    1900.,  0.00000000E+00,  0.00000000E+00,  0.00000000E+00,  0.00000000E+00,  0.20871738E+02, -0.11976790E+01
    1901.,  0.00000000E+00,  0.00000000E+00,  0.00000000E+00,  0.00000000E+00,  0.12215889E+02, -0.11976790E+01
    1902.,  0.00000000E+00,  0.00000000E+00,  0.00000000E+00,  0.00000000E+00,  0.44992004E+01, -0.11976790E+01
    1903.,  0.00000000E+00,  0.00000000E+00,  0.00000000E+00,  0.00000000E+00,  0.53001344E+00, -0.11976790E+01
    1904.,  0.00000000E+00,  0.00000000E+00,  0.00000000E+00,  0.00000000E+00,  0.15637771E+01, -0.11976790E+01
    1905.,  0.00000000E+00,  0.00000000E+00,  0.00000000E+00,  0.00000000E+00,  0.19723000E+01, -0.11976790E+01
    1906.,  0.00000000E+00,  0.00000000E+00,  0.00000000E+00,  0.00000000E+00,  0.37446571E+01, -0.11976790E+01
    1907.,  0.00000000E+00,  0.00000000E+00,  0.00000000E+00,  0.00000000E+00,  0.80580636E+01, -0.11976790E+01
    1908.,  0.00000000E+00,  0.00000000E+00,  0.00000000E+00,  0.00000000E+00,  0.17293465E+02, -0.11976790E+01
    1909.,  0.00000000E+00,  0.00000000E+00,  0.00000000E+00,  0.00000000E+00,  0.37057745E+02, -0.11976790E+01
    1910.,  0.00000000E+00,  0.00000000E+00,  0.00000000E+00,  0.00000000E+00,  0.72766648E+02, -0.11976790E+01
    1911.,  0.00000000E+00,  0.00000000E+00,  0.00000000E+00,  0.00000000E+00,  0.14236909E+03, -0.11976790E+01
    1912.,  0.00000000E+00,  0.00000000E+00,  0.00000000E+00,  0.66059346E-03,  0.18794530E+03, -0.11976790E+01
    1913.,  0.00000000E+00,  0.00000000E+00,  0.00000000E+00,  0.26057423E-02,  0.20062318E+03, -0.11976790E+01
    1914.,  0.00000000E+00,  0.00000000E+00,  0.00000000E+00,  0.61248400E-02,  0.21935650E+03, -0.11976790E+01
    1915.,  0.00000000E+00,  0.00000000E+00,  0.00000000E+00,  0.10004840E-01,  0.24195252E+03, -0.11976790E+01
    1916.,  0.00000000E+00,  0.00000000E+00,  0.00000000E+00,  0.86077062E-02,  0.23377845E+03, -0.11976790E+01
    1917.,  0.00000000E+00,  0.00000000E+00,  0.00000000E+00,  0.32703425E-02,  0.20365240E+03, -0.11976790E+01
    1918.,  0.00000000E+00,  0.00000000E+00,  0.00000000E+00,  0.80143135E-03,  0.19018532E+03, -0.11976790E+01
    1919.,  0.00000000E+00,  0.00000000E+00,  0.00000000E+00,  0.95132855E-03,  0.18107279E+03, -0.11976790E+01
    1920.,  0.00000000E+00,  0.00000000E+00,  0.00000000E+00,  0.22907285E-01,  0.24764538E+03, -0.11976790E+01
    1921.,  0.00000000E+00,  0.00000000E+00,  0.00000000E+00,  0.26731394E-01,  0.30140266E+03, -0.15606998E+01
    1922.,  0.00000000E+00,  0.00000000E+00,  0.00000000E+00,  0.25813301E-01,  0.29754646E+03, -0.15606998E+01
    1923.,  0.00000000E+00,  0.00000000E+00,  0.00000000E+00,  0.29576465E-01,  0.30178199E+03, -0.15606998E+01
    1924.,  0.00000000E+00,  0.00000000E+00,  0.00000000E+00,  0.25003416E-01,  0.23632425E+03, -0.15606998E+01
    1925.,  0.00000000E+00,  0.00000000E+00,  0.00000000E+00,  0.37057507E-01,  0.32307438E+03, -0.15606998E+01
    1926.,  0.00000000E+00,  0.00000000E+00,  0.00000000E+00,  0.18669476E-01,  0.27392409E+03, -0.15606998E+01
    1927.,  0.00000000E+00,  0.00000000E+00,  0.00000000E+00,  0.43030607E-02,  0.21007946E+03, -0.15606998E+01
    1928.,  0.00000000E+00,  0.00000000E+00,  0.00000000E+00,  0.00000000E+00,  0.15566966E-07, -0.15606998E+01
    1929.,  0.00000000E+00,  0.00000000E+00,  0.00000000E+00,  0.00000000E+00,  0.20077204E-07, -0.15606998E+01
    1930.,  0.00000000E+00,  0.00000000E+00,  0.00000000E+00,  0.28437601E-01,  0.30027020E+03, -0.15606998E+01
    1931.,  0.00000000E+00,  0.00000000E+00,  0.00000000E+00,  0.54717937E-01,  0.34720621E+03, -0.15606998E+01
    1932.,  0.00000000E+00,  0.00000000E+00,  0.00000000E+00,  0.84997619E-01,  0.39973183E+03, -0.15606998E+01
    1933.,  0.00000000E+00,  0.00000000E+00,  0.00000000E+00,  0.61353534E-01,  0.35580574E+03, -0.15606998E+01
    1934.,  0.00000000E+00,  0.00000000E+00,  0.00000000E+00,  0.30285427E-01,  0.26371381E+03, -0.15606998E+01
    1935.,  0.00000000E+00,  0.00000000E+00,  0.00000000E+00,  0.22959743E-01,  0.20587783E+03, -0.15606998E+01
    1936.,  0.00000000E+00,  0.00000000E+00,  0.00000000E+00,  0.21904762E-01,  0.21004853E+03, -0.15606998E+01
    1937.,  0.00000000E+00,  0.00000000E+00,  0.00000000E+00,  0.61650551E-02,  0.10454196E+03, -0.22867415E+01
    1938.,  0.00000000E+00,  0.00000000E+00,  0.00000000E+00,  0.86796762E-02,  0.10568249E+03, -0.22867415E+01
    1939.,  0.00000000E+00,  0.00000000E+00,  0.00000000E+00,  0.23059201E-01,  0.26927529E+03, -0.22867415E+01
    1940.,  0.00000000E+00,  0.00000000E+00,  0.00000000E+00,  0.25146377E-01,  0.29266751E+03, -0.22867415E+01
    1941.,  0.00000000E+00,  0.00000000E+00,  0.00000000E+00,  0.00000000E+00,  0.14665089E-07, -0.22867415E+01
    1942.,  0.00000000E+00,  0.00000000E+00,  0.00000000E+00,  0.00000000E+00,  0.23542746E-07, -0.22867415E+01
    1943.,  0.00000000E+00,  0.00000000E+00,  0.00000000E+00,  0.00000000E+00,  0.15793582E-07, -0.22867415E+01
    1944.,  0.00000000E+00,  0.00000000E+00,  0.00000000E+00,  0.00000000E+00,  0.42638574E-08, -0.22867415E+01
    1945.,  0.00000000E+00,  0.00000000E+00,  0.00000000E+00,  0.00000000E+00,  0.23377521E-07, -0.22867415E+01
    1946.,  0.00000000E+00,  0.00000000E+00,  0.00000000E+00,  0.00000000E+00,  0.17323099E-07, -0.22867415E+01
    1947.,  0.00000000E+00,  0.00000000E+00,  0.00000000E+00,  0.00000000E+00,  0.87680939E-08, -0.22867415E+01
    1948.,  0.00000000E+00,  0.00000000E+00,  0.00000000E+00,  0.00000000E+00,  0.10441104E-07, -0.22867415E+01
    1949.,  0.00000000E+00,  0.00000000E+00,  0.00000000E+00,  0.23084668E-01,  0.28708695E+03, -0.22867415E+01
    1950.,  0.00000000E+00,  0.00000000E+00,  0.00000000E+00,  0.24457028E-01,  0.27954604E+03, -0.22867415E+01
    1951.,  0.00000000E+00,  0.00000000E+00,  0.00000000E+00,  0.18926659E-01,  0.25968945E+03, -0.22867415E+01
    1952.,  0.00000000E+00,  0.00000000E+00,  0.00000000E+00,  0.15356775E-01,  0.24370569E+03, -0.22867415E+01
    1953.,  0.00000000E+00,  0.00000000E+00,  0.00000000E+00,  0.31103503E-01,  0.31157672E+03, -0.30127832E+01
    1954.,  0.00000000E+00,  0.00000000E+00,  0.00000000E+00,  0.23911865E-01,  0.28962440E+03, -0.30127832E+01
    1955.,  0.00000000E+00,  0.00000000E+00,  0.00000000E+00,  0.15385910E-01,  0.26146142E+03, -0.30127832E+01
    1956.,  0.00000000E+00,  0.00000000E+00,  0.00000000E+00,  0.00000000E+00,  0.86478774E-08, -0.30127832E+01
    1957.,  0.00000000E+00,  0.00000000E+00,  0.00000000E+00,  0.00000000E+00,  0.15176588E-07, -0.30127832E+01
    1958.,  0.00000000E+00,  0.00000000E+00,  0.00000000E+00,  0.00000000E+00,  0.69014009E-08, -0.30127832E+01
    1959.,  0.00000000E+00,  0.00000000E+00,  0.00000000E+00,  0.00000000E+00,  0.17050791E-07, -0.30127832E+01
    1960.,  0.00000000E+00,  0.00000000E+00,  0.00000000E+00,  0.00000000E+00,  0.95266295E-08, -0.30127832E+01
    1961.,  0.00000000E+00,  0.00000000E+00,  0.00000000E+00,  0.00000000E+00,  0.13917386E-07, -0.30127832E+01
    1962.,  0.00000000E+00,  0.00000000E+00,  0.00000000E+00,  0.00000000E+00,  0.24669386E-07, -0.30127832E+01
    1963.,  0.00000000E+00,  0.00000000E+00,  0.00000000E+00,  0.00000000E+00,  0.14499808E-07, -0.30127832E+01
    1964.,  0.00000000E+00,  0.00000000E+00,  0.00000000E+00,  0.00000000E+00,  0.24721232E-07, -0.30127832E+01
    1965.,  0.00000000E+00,  0.00000000E+00,  0.00000000E+00,  0.00000000E+00,  0.15785391E-07, -0.30127832E+01
    1966.,  0.00000000E+00,  0.00000000E+00,  0.00000000E+00,  0.11761585E-01,  0.24706130E+03, -0.30127832E+01
    1967.,  0.00000000E+00,  0.00000000E+00,  0.00000000E+00,  0.12945007E-01,  0.24738830E+03, -0.30127832E+01
    1968.,  0.00000000E+00,  0.00000000E+00,  0.00000000E+00,  0.90402388E-02,  0.21926899E+03, -0.30127832E+01
    1969.,  0.00000000E+00,  0.00000000E+00,  0.00000000E+00,  0.37563269E-02,  0.20518873E+03, -0.37388248E+01
    1970.,  0.00000000E+00,  0.00000000E+00,  0.00000000E+00,  0.00000000E+00,  0.21756988E-07, -0.37388248E+01
    1971.,  0.00000000E+00,  0.00000000E+00,  0.00000000E+00,  0.00000000E+00,  0.13591784E-07, -0.37388248E+01
    1972.,  0.00000000E+00,  0.00000000E+00,  0.00000000E+00,  0.00000000E+00,  0.12640403E-07, -0.37388248E+01
    1973.,  0.00000000E+00,  0.00000000E+00,  0.00000000E+00,  0.00000000E+00,  0.25261048E-07, -0.37388248E+01
    1974.,  0.00000000E+00,  0.00000000E+00,  0.00000000E+00,  0.00000000E+00,  0.13897949E-07, -0.37388248E+01
    1975.,  0.00000000E+00,  0.00000000E+00,  0.00000000E+00,  0.00000000E+00,  0.13920425E-07, -0.37388248E+01
    1976.,  0.00000000E+00,  0.00000000E+00,  0.00000000E+00,  0.00000000E+00,  0.11449288E-07, -0.37388248E+01
    1977.,  0.00000000E+00,  0.00000000E+00,  0.00000000E+00,  0.00000000E+00,  0.15212724E-07, -0.37388248E+01
    1978.,  0.00000000E+00,  0.00000000E+00,  0.00000000E+00,  0.00000000E+00,  0.15593724E-07, -0.37388248E+01
    1979.,  0.00000000E+00,  0.00000000E+00,  0.00000000E+00,  0.00000000E+00,  0.22443523E-07, -0.37388248E+01
    1980.,  0.00000000E+00,  0.00000000E+00,  0.00000000E+00,  0.00000000E+00,  0.15140340E-07, -0.37388248E+01
    1981.,  0.00000000E+00,  0.00000000E+00,  0.00000000E+00,  0.00000000E+00,  0.60050466E-08, -0.37388248E+01
    1982.,  0.00000000E+00,  0.00000000E+00,  0.00000000E+00,  0.00000000E+00,  0.16749039E-07, -0.37388248E+01
    1983.,  0.00000000E+00,  0.00000000E+00,  0.00000000E+00,  0.49004128E-02,  0.21261309E+03, -0.37388248E+01
    1984.,  0.00000000E+00,  0.00000000E+00,  0.00000000E+00,  0.54410249E-02,  0.20768095E+03, -0.37388248E+01
    1985.,  0.00000000E+00,  0.00000000E+00,  0.00000000E+00,  0.00000000E+00,  0.94992295E+02, -0.44648665E+01
    1986.,  0.00000000E+00,  0.00000000E+00,  0.00000000E+00,  0.00000000E+00,  0.11046772E-07, -0.44648665E+01
    1987.,  0.00000000E+00,  0.00000000E+00,  0.00000000E+00,  0.00000000E+00,  0.23018471E-07, -0.44648665E+01
    1988.,  0.00000000E+00,  0.00000000E+00,  0.00000000E+00,  0.00000000E+00,  0.11305715E-07, -0.44648665E+01
    1989.,  0.00000000E+00,  0.00000000E+00,  0.00000000E+00,  0.00000000E+00,  0.73980796E-08, -0.44648665E+01
    1990.,  0.00000000E+00,  0.00000000E+00,  0.00000000E+00,  0.00000000E+00,  0.24301956E-08, -0.44648665E+01
    1991.,  0.00000000E+00,  0.00000000E+00,  0.00000000E+00,  0.00000000E+00,  0.17342321E-07, -0.44648665E+01
    1992.,  0.00000000E+00,  0.00000000E+00,  0.00000000E+00,  0.00000000E+00,  0.18372480E-07, -0.44648665E+01
    1993.,  0.00000000E+00,  0.00000000E+00,  0.00000000E+00,  0.00000000E+00,  0.16108725E-07, -0.44648665E+01
    1994.,  0.00000000E+00,  0.00000000E+00,  0.00000000E+00,  0.00000000E+00,  0.16942201E-07, -0.44648665E+01
    1995.,  0.00000000E+00,  0.00000000E+00,  0.00000000E+00,  0.00000000E+00,  0.20726267E-07, -0.44648665E+01
    1996.,  0.00000000E+00,  0.00000000E+00,  0.00000000E+00,  0.00000000E+00,  0.17904261E-07, -0.44648665E+01
    1997.,  0.00000000E+00,  0.00000000E+00,  0.00000000E+00,  0.00000000E+00,  0.10753416E-07, -0.44648665E+01
    1998.,  0.00000000E+00,  0.00000000E+00,  0.00000000E+00,  0.00000000E+00,  0.25695567E-07, -0.44648665E+01
    1999.,  0.00000000E+00,  0.00000000E+00,  0.00000000E+00,  0.00000000E+00,  0.44538775E-08, -0.44648665E+01
    2000.,  0.00000000E+00,  0.00000000E+00,  0.00000000E+00,  0.10945976E-03,  0.13934300E+03, -0.44648665E+01
    2001.,  0.00000000E+00,  0.00000000E+00,  0.00000000E+00,  0.00000000E+00,  0.13315376E-07, -0.51909082E+01
    2002.,  0.00000000E+00,  0.00000000E+00,  0.00000000E+00,  0.00000000E+00,  0.18743771E-07, -0.51909082E+01
    2003.,  0.00000000E+00,  0.00000000E+00,  0.00000000E+00,  0.00000000E+00,  0.15941664E-07, -0.51909082E+01
    2004.,  0.00000000E+00,  0.00000000E+00,  0.00000000E+00,  0.00000000E+00,  0.13770847E-07, -0.51909082E+01
    2005.,  0.00000000E+00,  0.00000000E+00,  0.00000000E+00,  0.00000000E+00,  0.21397614E-07, -0.51909082E+01
    2006.,  0.00000000E+00,  0.00000000E+00,  0.00000000E+00,  0.00000000E+00,  0.80621804E-08, -0.51909082E+01
    2007.,  0.00000000E+00,  0.00000000E+00,  0.00000000E+00,  0.00000000E+00,  0.96514682E-08, -0.51909082E+01
    2008.,  0.00000000E+00,  0.00000000E+00,  0.00000000E+00,  0.00000000E+00,  0.10308227E-07, -0.51909082E+01
    2009.,  0.00000000E+00,  0.00000000E+00,  0.00000000E+00,  0.00000000E+00,  0.14922634E-07, -0.51909082E+01
    2010.,  0.00000000E+00,  0.00000000E+00,  0.00000000E+00,  0.00000000E+00,  0.11564099E-07, -0.51909082E+01
    2011.,  0.00000000E+00,  0.00000000E+00,  0.00000000E+00,  0.00000000E+00,  0.11183017E-07, -0.51909082E+01
    2012.,  0.00000000E+00,  0.00000000E+00,  0.00000000E+00,  0.00000000E+00,  0.14467646E-07, -0.51909082E+01
    2013.,  0.00000000E+00,  0.00000000E+00,  0.00000000E+00,  0.00000000E+00,  0.13566404E-07, -0.51909082E+01
    2014.,  0.00000000E+00,  0.00000000E+00,  0.00000000E+00,  0.00000000E+00,  0.28127198E-07, -0.51909082E+01
    2015.,  0.00000000E+00,  0.00000000E+00,  0.00000000E+00,  0.00000000E+00,  0.19529835E-07, -0.51909082E+01
    2016.,  0.00000000E+00,  0.00000000E+00,  0.00000000E+00,  0.00000000E+00,  0.17771284E-07, -0.51909082E+01
    2017.,  0.00000000E+00,  0.00000000E+00,  0.00000000E+00,  0.00000000E+00,  0.14466941E-07, -0.59169498E+01
    2018.,  0.00000000E+00,  0.00000000E+00,  0.00000000E+00,  0.00000000E+00,  0.15353003E-07, -0.59169498E+01
    2019.,  0.00000000E+00,  0.00000000E+00,  0.00000000E+00,  0.00000000E+00,  0.18919857E-07, -0.59169498E+01
    2020.,  0.00000000E+00,  0.00000000E+00,  0.00000000E+00,  0.00000000E+00,  0.17117059E-07, -0.59169498E+01
    2021.,  0.00000000E+00,  0.00000000E+00,  0.00000000E+00,  0.00000000E+00,  0.12103406E-07, -0.59169498E+01
    2022.,  0.00000000E+00,  0.00000000E+00,  0.00000000E+00,  0.00000000E+00,  0.13869668E-07, -0.59169498E+01
    2023.,  0.00000000E+00,  0.00000000E+00,  0.00000000E+00,  0.00000000E+00,  0.65765290E-08, -0.59169498E+01
    2024.,  0.00000000E+00,  0.00000000E+00,  0.00000000E+00,  0.00000000E+00,  0.12032467E-07, -0.59169498E+01
    2025.,  0.00000000E+00,  0.00000000E+00,  0.00000000E+00,  0.00000000E+00,  0.20359989E-07, -0.59169498E+01
    2026.,  0.00000000E+00,  0.00000000E+00,  0.00000000E+00,  0.00000000E+00,  0.18035695E-07, -0.59169498E+01
    2027.,  0.00000000E+00,  0.00000000E+00,  0.00000000E+00,  0.00000000E+00,  0.59650338E-08, -0.59169498E+01
    2028.,  0.00000000E+00,  0.00000000E+00,  0.00000000E+00,  0.00000000E+00,  0.14208253E-07, -0.59169498E+01
    2029.,  0.00000000E+00,  0.00000000E+00,  0.00000000E+00,  0.00000000E+00,  0.13777681E-07, -0.59169498E+01
    2030.,  0.00000000E+00,  0.00000000E+00,  0.00000000E+00,  0.00000000E+00,  0.20530344E-07, -0.59169498E+01
    2031.,  0.00000000E+00,  0.00000000E+00,  0.00000000E+00,  0.00000000E+00,  0.14039086E-07, -0.59169498E+01
    2032.,  0.00000000E+00,  0.00000000E+00,  0.00000000E+00,  0.00000000E+00,  0.13219809E-07, -0.59169498E+01
    2033.,  0.00000000E+00,  0.00000000E+00,  0.00000000E+00,  0.00000000E+00,  0.13040200E-07, -0.66429915E+01
    2034.,  0.00000000E+00,  0.00000000E+00,  0.00000000E+00,  0.00000000E+00,  0.20385818E-07, -0.66429915E+01
    2035.,  0.00000000E+00,  0.00000000E+00,  0.00000000E+00,  0.00000000E+00,  0.16788775E-07, -0.66429915E+01
    2036.,  0.00000000E+00,  0.00000000E+00,  0.00000000E+00,  0.00000000E+00,  0.10652574E-07, -0.66429915E+01
    2037.,  0.00000000E+00,  0.00000000E+00,  0.00000000E+00,  0.00000000E+00,  0.17352270E-07, -0.66429915E+01
    2038.,  0.00000000E+00,  0.00000000E+00,  0.00000000E+00,  0.00000000E+00,  0.13859156E-07, -0.66429915E+01
    2039.,  0.00000000E+00,  0.00000000E+00,  0.00000000E+00,  0.00000000E+00,  0.11934097E-07, -0.66429915E+01
    2040.,  0.00000000E+00,  0.00000000E+00,  0.00000000E+00,  0.00000000E+00,  0.13014498E-07, -0.66429915E+01
    2041.,  0.00000000E+00,  0.00000000E+00,  0.00000000E+00,  0.00000000E+00,  0.18370654E-07, -0.66429915E+01
    2042.,  0.00000000E+00,  0.00000000E+00,  0.00000000E+00,  0.00000000E+00,  0.22324379E-07, -0.66429915E+01
    2043.,  0.00000000E+00,  0.00000000E+00,  0.00000000E+00,  0.00000000E+00,  0.16010945E-07, -0.66429915E+01
    2044.,  0.00000000E+00,  0.00000000E+00,  0.00000000E+00,  0.00000000E+00,  0.18227806E-07, -0.66429915E+01
    2045.,  0.00000000E+00,  0.00000000E+00,  0.00000000E+00,  0.00000000E+00,  0.13247890E-07, -0.66429915E+01
    2046.,  0.00000000E+00,  0.00000000E+00,  0.00000000E+00,  0.00000000E+00,  0.18563553E-07, -0.66429915E+01
    2047.,  0.00000000E+00,  0.00000000E+00,  0.00000000E+00,  0.00000000E+00,  0.23226592E-07, -0.66429915E+01
    2048.,  0.00000000E+00,  0.00000000E+00,  0.00000000E+00,  0.00000000E+00,  0.13170877E-07, -0.66429915E+01
    2049.,  0.00000000E+00,  0.00000000E+00,  0.00000000E+00,  0.00000000E+00,  0.15864117E-07, -0.73690332E+01
    2050.,  0.00000000E+00,  0.00000000E+00,  0.00000000E+00,  0.00000000E+00,  0.12683585E-07, -0.73690332E+01
    2051.,  0.00000000E+00,  0.00000000E+00,  0.00000000E+00,  0.00000000E+00,  0.12624078E-07, -0.73690332E+01
    2052.,  0.00000000E+00,  0.00000000E+00,  0.00000000E+00,  0.00000000E+00,  0.17466914E-07, -0.73690332E+01
    2053.,  0.00000000E+00,  0.00000000E+00,  0.00000000E+00,  0.00000000E+00,  0.18590996E-07, -0.73690332E+01
    2054.,  0.00000000E+00,  0.00000000E+00,  0.00000000E+00,  0.00000000E+00,  0.11273064E-07, -0.73690332E+01
    2055.,  0.00000000E+00,  0.00000000E+00,  0.00000000E+00,  0.00000000E+00,  0.13265377E-07, -0.73690332E+01
    2056.,  0.00000000E+00,  0.00000000E+00,  0.00000000E+00,  0.00000000E+00,  0.15015947E-07, -0.73690332E+01
    2057.,  0.00000000E+00,  0.00000000E+00,  0.00000000E+00,  0.00000000E+00,  0.76221807E-08, -0.73690332E+01
    2058.,  0.00000000E+00,  0.00000000E+00,  0.00000000E+00,  0.00000000E+00,  0.16753997E-07, -0.73690332E+01
    2059.,  0.00000000E+00,  0.00000000E+00,  0.00000000E+00,  0.00000000E+00,  0.23092992E-07, -0.73690332E+01
    2060.,  0.00000000E+00,  0.00000000E+00,  0.00000000E+00,  0.00000000E+00,  0.18955868E-07, -0.73690332E+01
    2061.,  0.00000000E+00,  0.00000000E+00,  0.00000000E+00,  0.00000000E+00,  0.97497144E-08, -0.73690332E+01
    2062.,  0.00000000E+00,  0.00000000E+00,  0.00000000E+00,  0.00000000E+00,  0.13333890E-07, -0.73690332E+01
    2063.,  0.00000000E+00,  0.00000000E+00,  0.00000000E+00,  0.00000000E+00,  0.19818216E-07, -0.73690332E+01
    2064.,  0.00000000E+00,  0.00000000E+00,  0.00000000E+00,  0.00000000E+00,  0.13299741E-07, -0.73690332E+01
    2065.,  0.00000000E+00,  0.00000000E+00,  0.00000000E+00,  0.00000000E+00,  0.17236975E-07, -0.80950748E+01
    2066.,  0.00000000E+00,  0.00000000E+00,  0.00000000E+00,  0.00000000E+00,  0.11564971E-07, -0.80950748E+01
    2067.,  0.00000000E+00,  0.00000000E+00,  0.00000000E+00,  0.00000000E+00,  0.13470726E-07, -0.80950748E+01
    2068.,  0.00000000E+00,  0.00000000E+00,  0.00000000E+00,  0.00000000E+00,  0.12412110E-07, -0.80950748E+01
    2069.,  0.00000000E+00,  0.00000000E+00,  0.00000000E+00,  0.00000000E+00,  0.13554441E-07, -0.80950748E+01
    2070.,  0.00000000E+00,  0.00000000E+00,  0.00000000E+00,  0.00000000E+00,  0.17224424E-07, -0.80950748E+01
    2071.,  0.00000000E+00,  0.00000000E+00,  0.00000000E+00,  0.00000000E+00,  0.19643045E-07, -0.80950748E+01
    2072.,  0.00000000E+00,  0.00000000E+00,  0.00000000E+00,  0.00000000E+00,  0.20292098E-07, -0.80950748E+01
    2073.,  0.00000000E+00,  0.00000000E+00,  0.00000000E+00,  0.00000000E+00,  0.13351375E-07, -0.80950748E+01
    2074.,  0.00000000E+00,  0.00000000E+00,  0.00000000E+00,  0.00000000E+00,  0.21338256E-07, -0.80950748E+01
    2075.,  0.00000000E+00,  0.00000000E+00,  0.00000000E+00,  0.00000000E+00,  0.12978737E-07, -0.80950748E+01
    2076.,  0.00000000E+00,  0.00000000E+00,  0.00000000E+00,  0.00000000E+00,  0.16785849E-07, -0.80950748E+01
    2077.,  0.00000000E+00,  0.00000000E+00,  0.00000000E+00,  0.00000000E+00,  0.19293317E-07, -0.80950748E+01
    2078.,  0.00000000E+00,  0.00000000E+00,  0.00000000E+00,  0.00000000E+00,  0.25074476E-07, -0.80950748E+01
    2079.,  0.00000000E+00,  0.00000000E+00,  0.00000000E+00,  0.00000000E+00,  0.19303718E-07, -0.80950748E+01
    2080.,  0.00000000E+00,  0.00000000E+00,  0.00000000E+00,  0.00000000E+00,  0.15284157E-07, -0.80950748E+01
    2081.,  0.00000000E+00,  0.00000000E+00,  0.00000000E+00,  0.00000000E+00,  0.12984877E-07, -0.88211165E+01
    2082.,  0.00000000E+00,  0.00000000E+00,  0.00000000E+00,  0.00000000E+00,  0.13516076E-07, -0.88211165E+01
    2083.,  0.00000000E+00,  0.00000000E+00,  0.00000000E+00,  0.00000000E+00,  0.95508245E-08, -0.88211165E+01
    2084.,  0.00000000E+00,  0.00000000E+00,  0.00000000E+00,  0.00000000E+00,  0.15702239E-07, -0.88211165E+01
    2085.,  0.00000000E+00,  0.00000000E+00,  0.00000000E+00,  0.00000000E+00,  0.15238792E-07, -0.88211165E+01
    2086.,  0.00000000E+00,  0.00000000E+00,  0.00000000E+00,  0.00000000E+00,  0.13767175E-07, -0.88211165E+01
    2087.,  0.00000000E+00,  0.00000000E+00,  0.00000000E+00,  0.00000000E+00,  0.10678188E-07, -0.88211165E+01
    2088.,  0.00000000E+00,  0.00000000E+00,  0.00000000E+00,  0.00000000E+00,  0.19072734E-07, -0.88211165E+01
    2089.,  0.00000000E+00,  0.00000000E+00,  0.00000000E+00,  0.00000000E+00,  0.17750348E-07, -0.88211165E+01
    2090.,  0.00000000E+00,  0.00000000E+00,  0.00000000E+00,  0.00000000E+00,  0.10387650E-07, -0.88211165E+01
    2091.,  0.00000000E+00,  0.00000000E+00,  0.00000000E+00,  0.00000000E+00,  0.18817198E-07, -0.88211165E+01
    2092.,  0.00000000E+00,  0.00000000E+00,  0.00000000E+00,  0.00000000E+00,  0.12659112E-07, -0.88211165E+01
    2093.,  0.00000000E+00,  0.00000000E+00,  0.00000000E+00,  0.00000000E+00,  0.60281742E-08, -0.88211165E+01
    2094.,  0.00000000E+00,  0.00000000E+00,  0.00000000E+00,  0.00000000E+00,  0.99099271E-08, -0.88211165E+01
    2095.,  0.00000000E+00,  0.00000000E+00,  0.00000000E+00,  0.00000000E+00,  0.10233334E-07, -0.88211165E+01
    2096.,  0.00000000E+00,  0.00000000E+00,  0.00000000E+00,  0.00000000E+00,  0.12491171E-07, -0.88211165E+01
    2097.,  0.00000000E+00,  0.00000000E+00,  0.00000000E+00,  0.00000000E+00,  0.13345256E-07, -0.95471582E+01
    2098.,  0.00000000E+00,  0.00000000E+00,  0.00000000E+00,  0.00000000E+00,  0.14218802E-07, -0.95471582E+01
    2099.,  0.00000000E+00,  0.00000000E+00,  0.00000000E+00,  0.00000000E+00,  0.20451349E-07, -0.95471582E+01
    2100.,  0.00000000E+00,  0.00000000E+00,  0.00000000E+00,  0.00000000E+00,  0.14615420E-07, -0.95471582E+01
    2101.,  0.00000000E+00,  0.00000000E+00,  0.00000000E+00,  0.00000000E+00,  0.10238263E-07, -0.95471582E+01
    2102.,  0.00000000E+00,  0.00000000E+00,  0.00000000E+00,  0.00000000E+00,  0.96883110E-08, -0.95471582E+01
    2103.,  0.00000000E+00,  0.00000000E+00,  0.00000000E+00,  0.00000000E+00,  0.15573835E-07, -0.95471582E+01
    2104.,  0.00000000E+00,  0.00000000E+00,  0.00000000E+00,  0.00000000E+00,  0.20032134E-07, -0.95471582E+01
    2105.,  0.00000000E+00,  0.00000000E+00,  0.00000000E+00,  0.00000000E+00,  0.23968905E-07, -0.95471582E+01
    2106.,  0.00000000E+00,  0.00000000E+00,  0.00000000E+00,  0.00000000E+00,  0.95666760E-08, -0.95471582E+01
    2107.,  0.00000000E+00,  0.00000000E+00,  0.00000000E+00,  0.00000000E+00,  0.12758570E-07, -0.95471582E+01
    2108.,  0.00000000E+00,  0.00000000E+00,  0.00000000E+00,  0.00000000E+00,  0.16759257E-07, -0.95471582E+01
    2109.,  0.00000000E+00,  0.00000000E+00,  0.00000000E+00,  0.00000000E+00,  0.15914119E-07, -0.95471582E+01
    2110.,  0.00000000E+00,  0.00000000E+00,  0.00000000E+00,  0.00000000E+00,  0.22162624E-07, -0.95471582E+01
    2111.,  0.00000000E+00,  0.00000000E+00,  0.00000000E+00,  0.00000000E+00,  0.21948284E-07, -0.95471582E+01
    2112.,  0.00000000E+00,  0.00000000E+00,  0.00000000E+00,  0.00000000E+00,  0.67121707E-08, -0.95471582E+01
    2113.,  0.00000000E+00,  0.00000000E+00,  0.00000000E+00,  0.00000000E+00,  0.15983994E-07, -0.10273200E+02
    2114.,  0.00000000E+00,  0.00000000E+00,  0.00000000E+00,  0.00000000E+00,  0.12337151E-07, -0.10273200E+02
    2115.,  0.00000000E+00,  0.00000000E+00,  0.00000000E+00,  0.00000000E+00,  0.16503782E-07, -0.10273200E+02
    2116.,  0.00000000E+00,  0.00000000E+00,  0.00000000E+00,  0.00000000E+00,  0.10494456E-07, -0.10273200E+02
    2117.,  0.00000000E+00,  0.00000000E+00,  0.00000000E+00,  0.00000000E+00,  0.18797220E-07, -0.10273200E+02
    2118.,  0.00000000E+00,  0.00000000E+00,  0.00000000E+00,  0.00000000E+00,  0.35194406E-07, -0.10273200E+02
    2119.,  0.00000000E+00,  0.00000000E+00,  0.00000000E+00,  0.00000000E+00,  0.17159509E-07, -0.10273200E+02
    2120.,  0.00000000E+00,  0.00000000E+00,  0.00000000E+00,  0.00000000E+00,  0.16610980E-07, -0.10273200E+02
    2121.,  0.00000000E+00,  0.00000000E+00,  0.00000000E+00,  0.00000000E+00,  0.15635616E-07, -0.10273200E+02
    2122.,  0.00000000E+00,  0.00000000E+00,  0.00000000E+00,  0.00000000E+00,  0.15785592E-07, -0.10273200E+02
    2123.,  0.00000000E+00,  0.00000000E+00,  0.00000000E+00,  0.00000000E+00,  0.15071012E-07, -0.10273200E+02
    2124.,  0.00000000E+00,  0.00000000E+00,  0.00000000E+00,  0.00000000E+00,  0.20762064E-07, -0.10273200E+02
    2125.,  0.00000000E+00,  0.00000000E+00,  0.00000000E+00,  0.00000000E+00,  0.17379446E-07, -0.10273200E+02
    2126.,  0.00000000E+00,  0.00000000E+00,  0.00000000E+00,  0.00000000E+00,  0.16661794E-07, -0.10273200E+02
    2127.,  0.00000000E+00,  0.00000000E+00,  0.00000000E+00,  0.00000000E+00,  0.11855247E-07, -0.10273200E+02
    2128.,  0.00000000E+00,  0.00000000E+00,  0.00000000E+00,  0.00000000E+00,  0.15738469E-07, -0.10273200E+02
    2129.,  0.00000000E+00,  0.00000000E+00,  0.00000000E+00,  0.00000000E+00,  0.19062248E-07, -0.10999242E+02
    2130.,  0.00000000E+00,  0.00000000E+00,  0.00000000E+00,  0.00000000E+00,  0.12640837E-07, -0.10999242E+02
    2131.,  0.00000000E+00,  0.00000000E+00,  0.00000000E+00,  0.00000000E+00,  0.15234492E-07, -0.10999242E+02
    2132.,  0.00000000E+00,  0.00000000E+00,  0.00000000E+00,  0.00000000E+00,  0.25494936E-07, -0.10999242E+02
    2133.,  0.00000000E+00,  0.00000000E+00,  0.00000000E+00,  0.00000000E+00,  0.11640013E-07, -0.10999242E+02
    2134.,  0.00000000E+00,  0.00000000E+00,  0.00000000E+00,  0.00000000E+00,  0.71025302E-08, -0.10999242E+02
    2135.,  0.00000000E+00,  0.00000000E+00,  0.00000000E+00,  0.00000000E+00,  0.14455206E-07, -0.10999242E+02
    2136.,  0.00000000E+00,  0.00000000E+00,  0.00000000E+00,  0.00000000E+00,  0.74626577E-08, -0.10999242E+02
    2137.,  0.00000000E+00,  0.00000000E+00,  0.00000000E+00,  0.00000000E+00,  0.93176507E-08, -0.10999242E+02
    2138.,  0.00000000E+00,  0.00000000E+00,  0.00000000E+00,  0.00000000E+00,  0.12730697E-07, -0.10999242E+02
    2139.,  0.00000000E+00,  0.00000000E+00,  0.00000000E+00,  0.00000000E+00,  0.12799600E-07, -0.10999242E+02
    2140.,  0.00000000E+00,  0.00000000E+00,  0.00000000E+00,  0.00000000E+00,  0.17496943E-07, -0.10999242E+02
    2141.,  0.00000000E+00,  0.00000000E+00,  0.00000000E+00,  0.00000000E+00,  0.14502446E-07, -0.10999242E+02
    2142.,  0.00000000E+00,  0.00000000E+00,  0.00000000E+00,  0.00000000E+00,  0.55172250E-08, -0.10999242E+02
    2143.,  0.00000000E+00,  0.00000000E+00,  0.00000000E+00,  0.00000000E+00,  0.20440076E-07, -0.10999242E+02
    2144.,  0.00000000E+00,  0.00000000E+00,  0.00000000E+00,  0.00000000E+00,  0.17122646E-07, -0.10999242E+02
    2145.,  0.00000000E+00,  0.00000000E+00,  0.00000000E+00,  0.00000000E+00,  0.97248349E-08, -0.11725283E+02
    2146.,  0.00000000E+00,  0.00000000E+00,  0.00000000E+00,  0.00000000E+00,  0.16123403E-07, -0.11725283E+02
    2147.,  0.00000000E+00,  0.00000000E+00,  0.00000000E+00,  0.00000000E+00,  0.15735459E-07, -0.11725283E+02
    2148.,  0.00000000E+00,  0.00000000E+00,  0.00000000E+00,  0.00000000E+00,  0.18532872E-07, -0.11725283E+02
    2149.,  0.00000000E+00,  0.00000000E+00,  0.00000000E+00,  0.00000000E+00,  0.12442399E-07, -0.11725283E+02
    2150.,  0.00000000E+00,  0.00000000E+00,  0.00000000E+00,  0.00000000E+00,  0.16300581E-07, -0.11725283E+02
    2151.,  0.00000000E+00,  0.00000000E+00,  0.00000000E+00,  0.00000000E+00,  0.10498233E-07, -0.11725283E+02
    2152.,  0.00000000E+00,  0.00000000E+00,  0.00000000E+00,  0.00000000E+00,  0.91558758E-08, -0.11725283E+02
    2153.,  0.00000000E+00,  0.00000000E+00,  0.00000000E+00,  0.00000000E+00,  0.17600025E-07, -0.11725283E+02
    2154.,  0.00000000E+00,  0.00000000E+00,  0.00000000E+00,  0.00000000E+00,  0.19684940E-07, -0.11725283E+02
    2155.,  0.00000000E+00,  0.00000000E+00,  0.00000000E+00,  0.00000000E+00,  0.23659244E-07, -0.11725283E+02
    2156.,  0.00000000E+00,  0.00000000E+00,  0.00000000E+00,  0.00000000E+00,  0.21268671E-07, -0.11725283E+02
    2157.,  0.00000000E+00,  0.00000000E+00,  0.00000000E+00,  0.00000000E+00,  0.16640588E-07, -0.11725283E+02
    2158.,  0.00000000E+00,  0.00000000E+00,  0.00000000E+00,  0.00000000E+00,  0.22499947E-07, -0.11725283E+02
    2159.,  0.00000000E+00,  0.00000000E+00,  0.00000000E+00,  0.00000000E+00,  0.95462331E-08, -0.11725283E+02
    2160.,  0.00000000E+00,  0.00000000E+00,  0.00000000E+00,  0.00000000E+00,  0.18566105E-07, -0.11725283E+02
    2161.,  0.00000000E+00,  0.00000000E+00,  0.00000000E+00,  0.00000000E+00,  0.16621845E-07, -0.12451325E+02
    2162.,  0.00000000E+00,  0.00000000E+00,  0.00000000E+00,  0.00000000E+00,  0.19337263E-07, -0.12451325E+02
    2163.,  0.00000000E+00,  0.00000000E+00,  0.00000000E+00,  0.00000000E+00,  0.16826612E-07, -0.12451325E+02
    2164.,  0.00000000E+00,  0.00000000E+00,  0.00000000E+00,  0.00000000E+00,  0.14801901E-07, -0.12451325E+02
    2165.,  0.00000000E+00,  0.00000000E+00,  0.00000000E+00,  0.00000000E+00,  0.15785629E-07, -0.12451325E+02
    2166.,  0.00000000E+00,  0.00000000E+00,  0.00000000E+00,  0.00000000E+00,  0.14791569E-07, -0.12451325E+02
    2167.,  0.00000000E+00,  0.00000000E+00,  0.00000000E+00,  0.00000000E+00,  0.21211634E-07, -0.12451325E+02
    2168.,  0.00000000E+00,  0.00000000E+00,  0.00000000E+00,  0.00000000E+00,  0.95115973E-08, -0.12451325E+02
    2169.,  0.00000000E+00,  0.00000000E+00,  0.00000000E+00,  0.00000000E+00,  0.20901935E-07, -0.12451325E+02
    2170.,  0.00000000E+00,  0.00000000E+00,  0.00000000E+00,  0.00000000E+00,  0.17444011E-07, -0.12451325E+02
    2171.,  0.00000000E+00,  0.00000000E+00,  0.00000000E+00,  0.00000000E+00,  0.11137788E-07, -0.12451325E+02
    2172.,  0.00000000E+00,  0.00000000E+00,  0.00000000E+00,  0.00000000E+00,  0.70188836E-08, -0.12451325E+02
    2173.,  0.00000000E+00,  0.00000000E+00,  0.00000000E+00,  0.00000000E+00,  0.98612811E-08, -0.12451325E+02
    2174.,  0.00000000E+00,  0.00000000E+00,  0.00000000E+00,  0.00000000E+00,  0.14644898E-07, -0.12451325E+02
    2175.,  0.00000000E+00,  0.00000000E+00,  0.00000000E+00,  0.00000000E+00,  0.19572411E-07, -0.12451325E+02
    2176.,  0.00000000E+00,  0.00000000E+00,  0.00000000E+00,  0.00000000E+00,  0.16765255E-07, -0.12451325E+02
    2177.,  0.00000000E+00,  0.00000000E+00,  0.00000000E+00,  0.00000000E+00,  0.19723739E-07, -0.13177366E+02
    2178.,  0.00000000E+00,  0.00000000E+00,  0.00000000E+00,  0.00000000E+00,  0.19159785E-07, -0.13177366E+02
    2179.,  0.00000000E+00,  0.00000000E+00,  0.00000000E+00,  0.00000000E+00,  0.12794953E-07, -0.13177366E+02
    2180.,  0.00000000E+00,  0.00000000E+00,  0.00000000E+00,  0.00000000E+00,  0.13493244E-07, -0.13177366E+02
    2181.,  0.00000000E+00,  0.00000000E+00,  0.00000000E+00,  0.00000000E+00,  0.14155646E-07, -0.13177366E+02
    2182.,  0.00000000E+00,  0.00000000E+00,  0.00000000E+00,  0.00000000E+00,  0.77188580E-08, -0.13177366E+02
    2183.,  0.00000000E+00,  0.00000000E+00,  0.00000000E+00,  0.00000000E+00,  0.11140264E-07, -0.13177366E+02
    2184.,  0.00000000E+00,  0.00000000E+00,  0.00000000E+00,  0.00000000E+00,  0.23065264E-07, -0.13177366E+02
    2185.,  0.00000000E+00,  0.00000000E+00,  0.00000000E+00,  0.00000000E+00,  0.14881114E-07, -0.13177366E+02
    2186.,  0.00000000E+00,  0.00000000E+00,  0.00000000E+00,  0.00000000E+00,  0.15703859E-07, -0.13177366E+02
    2187.,  0.00000000E+00,  0.00000000E+00,  0.00000000E+00,  0.00000000E+00,  0.10187928E-07, -0.13177366E+02
    2188.,  0.00000000E+00,  0.00000000E+00,  0.00000000E+00,  0.00000000E+00,  0.13574465E-07, -0.13177366E+02
    2189.,  0.00000000E+00,  0.00000000E+00,  0.00000000E+00,  0.00000000E+00,  0.20647628E-07, -0.13177366E+02
    2190.,  0.00000000E+00,  0.00000000E+00,  0.00000000E+00,  0.00000000E+00,  0.19446056E-07, -0.13177366E+02
    2191.,  0.00000000E+00,  0.00000000E+00,  0.00000000E+00,  0.00000000E+00,  0.56915977E-08, -0.13177366E+02
    2192.,  0.00000000E+00,  0.00000000E+00,  0.00000000E+00,  0.00000000E+00,  0.16001296E-07, -0.13177366E+02
    2193.,  0.00000000E+00,  0.00000000E+00,  0.00000000E+00,  0.00000000E+00,  0.19055274E-07, -0.13903408E+02
    2194.,  0.00000000E+00,  0.00000000E+00,  0.00000000E+00,  0.00000000E+00,  0.17792342E-07, -0.13903408E+02
    2195.,  0.00000000E+00,  0.00000000E+00,  0.00000000E+00,  0.00000000E+00,  0.11546960E-07, -0.13903408E+02
    2196.,  0.00000000E+00,  0.00000000E+00,  0.00000000E+00,  0.00000000E+00,  0.18519021E-07, -0.13903408E+02
    2197.,  0.00000000E+00,  0.00000000E+00,  0.00000000E+00,  0.00000000E+00,  0.14991092E-07, -0.13903408E+02
    2198.,  0.00000000E+00,  0.00000000E+00,  0.00000000E+00,  0.00000000E+00,  0.17985729E-07, -0.13903408E+02
    2199.,  0.00000000E+00,  0.00000000E+00,  0.00000000E+00,  0.00000000E+00,  0.12976324E-07, -0.13903408E+02
    2200.,  0.00000000E+00,  0.00000000E+00,  0.00000000E+00,  0.00000000E+00,  0.12636082E-07, -0.13903408E+02
    2201.,  0.00000000E+00,  0.00000000E+00,  0.00000000E+00,  0.00000000E+00,  0.14981347E-07, -0.13903408E+02
    2202.,  0.00000000E+00,  0.00000000E+00,  0.00000000E+00,  0.00000000E+00,  0.17871663E-07, -0.13903408E+02
    2203.,  0.00000000E+00,  0.00000000E+00,  0.00000000E+00,  0.00000000E+00,  0.22026364E-07, -0.13903408E+02
    2204.,  0.00000000E+00,  0.00000000E+00,  0.00000000E+00,  0.00000000E+00,  0.11529176E-07, -0.13903408E+02
    2205.,  0.00000000E+00,  0.00000000E+00,  0.00000000E+00,  0.00000000E+00,  0.13837561E-07, -0.13903408E+02
    2206.,  0.00000000E+00,  0.00000000E+00,  0.00000000E+00,  0.00000000E+00,  0.26871639E-07, -0.13903408E+02
    2207.,  0.00000000E+00,  0.00000000E+00,  0.00000000E+00,  0.00000000E+00,  0.12086300E-07, -0.13903408E+02
    2208.,  0.00000000E+00,  0.00000000E+00,  0.00000000E+00,  0.00000000E+00,  0.66628706E-08, -0.13903408E+02
    2209.,  0.00000000E+00,  0.00000000E+00,  0.00000000E+00,  0.00000000E+00,  0.16875863E-07, -0.14629450E+02
    2210.,  0.00000000E+00,  0.00000000E+00,  0.00000000E+00,  0.00000000E+00,  0.20176335E-07, -0.14629450E+02
    2211.,  0.00000000E+00,  0.00000000E+00,  0.00000000E+00,  0.00000000E+00,  0.24622154E-07, -0.14629450E+02
    2212.,  0.00000000E+00,  0.00000000E+00,  0.00000000E+00,  0.00000000E+00,  0.11168004E-07, -0.14629450E+02
    2213.,  0.00000000E+00,  0.00000000E+00,  0.00000000E+00,  0.00000000E+00,  0.91973436E-08, -0.14629450E+02
    2214.,  0.00000000E+00,  0.00000000E+00,  0.00000000E+00,  0.00000000E+00,  0.11880078E-07, -0.14629450E+02
    2215.,  0.00000000E+00,  0.00000000E+00,  0.00000000E+00,  0.00000000E+00,  0.18357659E-07, -0.14629450E+02
    2216.,  0.00000000E+00,  0.00000000E+00,  0.00000000E+00,  0.00000000E+00,  0.37389039E-07, -0.14629450E+02
    2217.,  0.00000000E+00,  0.00000000E+00,  0.00000000E+00,  0.00000000E+00,  0.11512434E-07, -0.14629450E+02
    2218.,  0.00000000E+00,  0.00000000E+00,  0.00000000E+00,  0.00000000E+00,  0.13616638E-07, -0.14629450E+02
    2219.,  0.00000000E+00,  0.00000000E+00,  0.00000000E+00,  0.00000000E+00,  0.14044299E-07, -0.14629450E+02
    2220.,  0.00000000E+00,  0.00000000E+00,  0.00000000E+00,  0.00000000E+00,  0.25092481E-07, -0.14629450E+02
    2221.,  0.00000000E+00,  0.00000000E+00,  0.00000000E+00,  0.00000000E+00,  0.12887700E-07, -0.14629450E+02
    2222.,  0.00000000E+00,  0.00000000E+00,  0.00000000E+00,  0.00000000E+00,  0.13167061E-07, -0.14629450E+02
    2223.,  0.00000000E+00,  0.00000000E+00,  0.00000000E+00,  0.00000000E+00,  0.30279766E-07, -0.14629450E+02
    2224.,  0.00000000E+00,  0.00000000E+00,  0.00000000E+00,  0.00000000E+00,  0.22804636E-07, -0.14629450E+02
    2225.,  0.00000000E+00,  0.00000000E+00,  0.00000000E+00,  0.00000000E+00,  0.11842610E-07, -0.15355491E+02
    2226.,  0.00000000E+00,  0.00000000E+00,  0.00000000E+00,  0.00000000E+00,  0.15076585E-07, -0.15355491E+02
    2227.,  0.00000000E+00,  0.00000000E+00,  0.00000000E+00,  0.00000000E+00,  0.14365947E-07, -0.15355491E+02
    2228.,  0.00000000E+00,  0.00000000E+00,  0.00000000E+00,  0.00000000E+00,  0.20850400E-07, -0.15355491E+02
    2229.,  0.00000000E+00,  0.00000000E+00,  0.00000000E+00,  0.00000000E+00,  0.11142528E-07, -0.15355491E+02
    2230.,  0.00000000E+00,  0.00000000E+00,  0.00000000E+00,  0.00000000E+00,  0.13025459E-07, -0.15355491E+02
    2231.,  0.00000000E+00,  0.00000000E+00,  0.00000000E+00,  0.00000000E+00,  0.18710851E-07, -0.15355491E+02
    2232.,  0.00000000E+00,  0.00000000E+00,  0.00000000E+00,  0.00000000E+00,  0.14677224E-07, -0.15355491E+02
    2233.,  0.00000000E+00,  0.00000000E+00,  0.00000000E+00,  0.00000000E+00,  0.19463136E-07, -0.15355491E+02
    2234.,  0.00000000E+00,  0.00000000E+00,  0.00000000E+00,  0.00000000E+00,  0.18716718E-07, -0.15355491E+02
    2235.,  0.00000000E+00,  0.00000000E+00,  0.00000000E+00,  0.00000000E+00,  0.12626843E-07, -0.15355491E+02
    2236.,  0.00000000E+00,  0.00000000E+00,  0.00000000E+00,  0.00000000E+00,  0.28839417E-07, -0.15355491E+02
    2237.,  0.00000000E+00,  0.00000000E+00,  0.00000000E+00,  0.00000000E+00,  0.55533734E-08, -0.15355491E+02
    2238.,  0.00000000E+00,  0.00000000E+00,  0.00000000E+00,  0.00000000E+00,  0.31219736E-07, -0.15355491E+02
    2239.,  0.00000000E+00,  0.00000000E+00,  0.00000000E+00,  0.00000000E+00,  0.11659679E-07, -0.15355491E+02
    2240.,  0.00000000E+00,  0.00000000E+00,  0.00000000E+00,  0.00000000E+00,  0.18689286E-07, -0.15355491E+02
    2241.,  0.00000000E+00,  0.00000000E+00,  0.00000000E+00,  0.00000000E+00,  0.96652177E-08, -0.16081533E+02
    2242.,  0.00000000E+00,  0.00000000E+00,  0.00000000E+00,  0.00000000E+00,  0.82921281E-08, -0.16081533E+02
    2243.,  0.00000000E+00,  0.00000000E+00,  0.00000000E+00,  0.00000000E+00,  0.24600327E-07, -0.16081533E+02
    2244.,  0.00000000E+00,  0.00000000E+00,  0.00000000E+00,  0.00000000E+00,  0.30458782E-07, -0.16081533E+02
    2245.,  0.00000000E+00,  0.00000000E+00,  0.00000000E+00,  0.00000000E+00,  0.13277919E-07, -0.16081533E+02
    2246.,  0.00000000E+00,  0.00000000E+00,  0.00000000E+00,  0.00000000E+00,  0.78413587E-08, -0.16081533E+02
    2247.,  0.00000000E+00,  0.00000000E+00,  0.00000000E+00,  0.00000000E+00,  0.15281559E-07, -0.16081533E+02
    2248.,  0.00000000E+00,  0.00000000E+00,  0.00000000E+00,  0.00000000E+00,  0.90929697E-08, -0.16081533E+02
    2249.,  0.00000000E+00,  0.00000000E+00,  0.00000000E+00,  0.00000000E+00,  0.51014369E-08, -0.16081533E+02
    2250.,  0.00000000E+00,  0.00000000E+00,  0.00000000E+00,  0.00000000E+00,  0.90788548E-08, -0.16081533E+02
    2251.,  0.00000000E+00,  0.00000000E+00,  0.00000000E+00,  0.00000000E+00,  0.12353264E-07, -0.16081533E+02
    2252.,  0.00000000E+00,  0.00000000E+00,  0.00000000E+00,  0.00000000E+00,  0.22160172E-07, -0.16081533E+02
    2253.,  0.00000000E+00,  0.00000000E+00,  0.00000000E+00,  0.00000000E+00,  0.16936386E-07, -0.16081533E+02
    2254.,  0.00000000E+00,  0.00000000E+00,  0.00000000E+00,  0.00000000E+00,  0.21598976E-07, -0.16081533E+02
    2255.,  0.00000000E+00,  0.00000000E+00,  0.00000000E+00,  0.00000000E+00,  0.19389408E-07, -0.16081533E+02
    2256.,  0.00000000E+00,  0.00000000E+00,  0.00000000E+00,  0.00000000E+00,  0.10274526E-07, -0.16081533E+02
    2257.,  0.00000000E+00,  0.00000000E+00,  0.00000000E+00,  0.00000000E+00,  0.13587496E-07, -0.16807575E+02
    2258.,  0.00000000E+00,  0.00000000E+00,  0.00000000E+00,  0.00000000E+00,  0.16612489E-07, -0.16807575E+02
    2259.,  0.00000000E+00,  0.00000000E+00,  0.00000000E+00,  0.00000000E+00,  0.11297055E-07, -0.16807575E+02
    2260.,  0.00000000E+00,  0.00000000E+00,  0.00000000E+00,  0.00000000E+00,  0.19727765E-07, -0.16807575E+02
    2261.,  0.00000000E+00,  0.00000000E+00,  0.00000000E+00,  0.00000000E+00,  0.11858393E-07, -0.16807575E+02
    2262.,  0.00000000E+00,  0.00000000E+00,  0.00000000E+00,  0.00000000E+00,  0.22719950E-07, -0.16807575E+02
    2263.,  0.00000000E+00,  0.00000000E+00,  0.00000000E+00,  0.00000000E+00,  0.26461217E-07, -0.16807575E+02
    2264.,  0.00000000E+00,  0.00000000E+00,  0.00000000E+00,  0.00000000E+00,  0.19313381E-07, -0.16807575E+02
    2265.,  0.00000000E+00,  0.00000000E+00,  0.00000000E+00,  0.00000000E+00,  0.99392484E-08, -0.16807575E+02
    2266.,  0.00000000E+00,  0.00000000E+00,  0.00000000E+00,  0.00000000E+00,  0.33666171E-07, -0.16807575E+02
    2267.,  0.00000000E+00,  0.00000000E+00,  0.00000000E+00,  0.00000000E+00,  0.12643746E-07, -0.16807575E+02
    2268.,  0.00000000E+00,  0.00000000E+00,  0.00000000E+00,  0.00000000E+00,  0.13059739E-07, -0.16807575E+02
    2269.,  0.00000000E+00,  0.00000000E+00,  0.00000000E+00,  0.00000000E+00,  0.15207344E-07, -0.16807575E+02
    2270.,  0.00000000E+00,  0.00000000E+00,  0.00000000E+00,  0.00000000E+00,  0.36531545E-07, -0.16807575E+02
    2271.,  0.00000000E+00,  0.00000000E+00,  0.00000000E+00,  0.00000000E+00,  0.40467253E-07, -0.16807575E+02
    2272.,  0.00000000E+00,  0.00000000E+00,  0.00000000E+00,  0.00000000E+00,  0.11340746E-07, -0.16807575E+02
    2273.,  0.00000000E+00,  0.00000000E+00,  0.00000000E+00,  0.00000000E+00,  0.22376019E-07, -0.17533617E+02
    2274.,  0.00000000E+00,  0.00000000E+00,  0.00000000E+00,  0.00000000E+00,  0.17226877E-07, -0.17533617E+02
    2275.,  0.00000000E+00,  0.00000000E+00,  0.00000000E+00,  0.00000000E+00,  0.17489040E-07, -0.17533617E+02
    2276.,  0.00000000E+00,  0.00000000E+00,  0.00000000E+00,  0.00000000E+00,  0.15738542E-07, -0.17533617E+02
    2277.,  0.00000000E+00,  0.00000000E+00,  0.00000000E+00,  0.00000000E+00,  0.86496230E-08, -0.17533617E+02
    2278.,  0.00000000E+00,  0.00000000E+00,  0.00000000E+00,  0.00000000E+00,  0.69026413E-08, -0.17533617E+02
    2279.,  0.00000000E+00,  0.00000000E+00,  0.00000000E+00,  0.00000000E+00,  0.18859968E-07, -0.17533617E+02
    2280.,  0.00000000E+00,  0.00000000E+00,  0.00000000E+00,  0.00000000E+00,  0.87165214E-09, -0.17533617E+02
    2281.,  0.00000000E+00,  0.00000000E+00,  0.00000000E+00,  0.00000000E+00,  0.12568119E-07, -0.17533617E+02
    2282.,  0.00000000E+00,  0.00000000E+00,  0.00000000E+00,  0.00000000E+00,  0.15366963E-07, -0.17533617E+02
    2283.,  0.00000000E+00,  0.00000000E+00,  0.00000000E+00,  0.00000000E+00,  0.15992931E-07, -0.17533617E+02
    2284.,  0.00000000E+00,  0.00000000E+00,  0.00000000E+00,  0.00000000E+00,  0.22228554E-07, -0.17533617E+02
    2285.,  0.00000000E+00,  0.00000000E+00,  0.00000000E+00,  0.00000000E+00,  0.12432997E-07, -0.17533617E+02
    2286.,  0.00000000E+00,  0.00000000E+00,  0.00000000E+00,  0.00000000E+00,  0.21783002E-07, -0.17533617E+02
    2287.,  0.00000000E+00,  0.00000000E+00,  0.00000000E+00,  0.00000000E+00,  0.15381420E-07, -0.17533617E+02
    2288.,  0.00000000E+00,  0.00000000E+00,  0.00000000E+00,  0.00000000E+00,  0.11464435E-07, -0.17533617E+02
    2289.,  0.00000000E+00,  0.00000000E+00,  0.00000000E+00,  0.00000000E+00,  0.17904500E-07, -0.18259658E+02
    2290.,  0.00000000E+00,  0.00000000E+00,  0.00000000E+00,  0.00000000E+00,  0.17052336E-07, -0.18259658E+02
    2291.,  0.00000000E+00,  0.00000000E+00,  0.00000000E+00,  0.00000000E+00,  0.21299996E-07, -0.18259658E+02
    2292.,  0.00000000E+00,  0.00000000E+00,  0.00000000E+00,  0.00000000E+00,  0.21683182E-07, -0.18259658E+02
    2293.,  0.00000000E+00,  0.00000000E+00,  0.00000000E+00,  0.00000000E+00,  0.17109378E-07, -0.18259658E+02
    2294.,  0.00000000E+00,  0.00000000E+00,  0.00000000E+00,  0.00000000E+00,  0.16751104E-07, -0.18259658E+02
    2295.,  0.00000000E+00,  0.00000000E+00,  0.00000000E+00,  0.00000000E+00,  0.84048160E-08, -0.18259658E+02
    2296.,  0.00000000E+00,  0.00000000E+00,  0.00000000E+00,  0.00000000E+00,  0.16979806E-07, -0.18259658E+02
    2297.,  0.00000000E+00,  0.00000000E+00,  0.00000000E+00,  0.00000000E+00,  0.17026767E-07, -0.18259658E+02
    2298.,  0.00000000E+00,  0.00000000E+00,  0.00000000E+00,  0.00000000E+00,  0.19528736E-07, -0.18259658E+02
    2299.,  0.00000000E+00,  0.00000000E+00,  0.00000000E+00,  0.00000000E+00,  0.29994855E-07, -0.18259658E+02
    2300.,  0.00000000E+00,  0.00000000E+00,  0.00000000E+00,  0.00000000E+00,  0.10069899E-07, -0.18259658E+02
    2301.,  0.00000000E+00,  0.00000000E+00,  0.00000000E+00,  0.00000000E+00,  0.16525972E-07, -0.18259658E+02
    2302.,  0.00000000E+00,  0.00000000E+00,  0.00000000E+00,  0.00000000E+00,  0.22186389E-07, -0.18259658E+02
    2303.,  0.00000000E+00,  0.00000000E+00,  0.00000000E+00,  0.00000000E+00,  0.19461146E-07, -0.18259658E+02
    2304.,  0.00000000E+00,  0.00000000E+00,  0.00000000E+00,  0.00000000E+00,  0.17253955E-07, -0.18259658E+02
