element,damage_top,damage_mid,damage_bot,peeq_bot,seqv_bot,z_mm
       1.,  0.00000000E+00,  0.00000000E+00,  0.00000000E+00,  0.00000000E+00,  0.40104997E+02, -0.11976790E+01
       2.,  0.00000000E+00,  0.00000000E+00,  0.00000000E+00,  0.00000000E+00,  0.42802480E+02, -0.11976790E+01
       3.,  0.00000000E+00,  0.00000000E+00,  0.00000000E+00,  0.00000000E+00,  0.43459218E+02, -0.11976790E+01
       4.,  0.00000000E+00,  0.00000000E+00,  0.00000000E+00,  0.00000000E+00,  0.38670077E+02, -0.11976790E+01
       5.,  0.00000000E+00,  0.00000000E+00,  0.00000000E+00,  0.00000000E+00,  0.31690962E+02, -0.11976790E+01
       6.,  0.00000000E+00,  0.00000000E+00,  0.00000000E+00,  0.00000000E+00,  0.29001104E+02, -0.11976790E+01
       7.,  0.00000000E+00,  0.00000000E+00,  0.00000000E+00,  0.00000000E+00,  0.33117137E+02, -0.11976790E+01
       8.,  0.00000000E+00,  0.00000000E+00,  0.00000000E+00,  0.00000000E+00,  0.36205533E+02, -0.11976790E+01
       9.,  0.00000000E+00,  0.00000000E+00,  0.00000000E+00,  0.00000000E+00,  0.34741635E+02, -0.11976790E+01
      10.,  0.00000000E+00,  0.00000000E+00,  0.00000000E+00,  0.00000000E+00,  0.36166297E+02, -0.11976790E+01
      11.,  0.00000000E+00,  0.00000000E+00,  0.00000000E+00,  0.00000000E+00,  0.45480640E+02, -0.11976790E+01
      12.,  0.00000000E+00,  0.00000000E+00,  0.00000000E+00,  0.00000000E+00,  0.55038190E+02, -0.11976790E+01
      13.,  0.00000000E+00,  0.00000000E+00,  0.00000000E+00,  0.00000000E+00,  0.59268037E+02, -0.11976790E+01
      14.,  0.00000000E+00,  0.00000000E+00,  0.00000000E+00,  0.00000000E+00,  0.57160158E+02, -0.11976790E+01
      15.,  0.00000000E+00,  0.00000000E+00,  0.00000000E+00,  0.00000000E+00,  0.52001208E+02, -0.11976790E+01
      16.,  0.00000000E+00,  0.00000000E+00,  0.00000000E+00,  0.00000000E+00,  0.47583322E+02, -0.11976790E+01
      17.,  0.00000000E+00,  0.00000000E+00,  0.00000000E+00,  0.00000000E+00,  0.40929772E+02, -0.11976790E+01
      18.,  0.00000000E+00,  0.00000000E+00,  0.00000000E+00,  0.00000000E+00,  0.42882816E+02, -0.11976790E+01
      19.,  0.00000000E+00,  0.00000000E+00,  0.00000000E+00,  0.00000000E+00,  0.47771415E+02, -0.11976790E+01
      20.,  0.00000000E+00,  0.00000000E+00,  0.00000000E+00,  0.00000000E+00,  0.57944916E+02, -0.11976790E+01
      21.,  0.00000000E+00,  0.00000000E+00,  0.00000000E+00,  0.00000000E+00,  0.68940388E+02, -0.11976790E+01
      22.,  0.00000000E+00,  0.00000000E+00,  0.00000000E+00,  0.00000000E+00,  0.77173447E+02, -0.11976790E+01
      23.,  0.00000000E+00,  0.00000000E+00,  0.00000000E+00,  0.00000000E+00,  0.80004425E+02, -0.11976790E+01
      24.,  0.00000000E+00,  0.00000000E+00,  0.00000000E+00,  0.00000000E+00,  0.76954329E+02, -0.11976790E+01
      25.,  0.00000000E+00,  0.00000000E+00,  0.00000000E+00,  0.00000000E+00,  0.69384470E+02, -0.11976790E+01
      26.,  0.00000000E+00,  0.00000000E+00,  0.00000000E+00,  0.00000000E+00,  0.59512508E+02, -0.11976790E+01
      27.,  0.00000000E+00,  0.00000000E+00,  0.00000000E+00,  0.00000000E+00,  0.49301890E+02, -0.11976790E+01
      28.,  0.00000000E+00,  0.00000000E+00,  0.00000000E+00,  0.00000000E+00,  0.39921572E+02, -0.11976790E+01
      29.,  0.00000000E+00,  0.00000000E+00,  0.00000000E+00,  0.00000000E+00,  0.31816316E+02, -0.11976790E+01
      30.,  0.00000000E+00,  0.00000000E+00,  0.00000000E+00,  0.00000000E+00,  0.25034034E+02, -0.11976790E+01
      31.,  0.00000000E+00,  0.00000000E+00,  0.00000000E+00,  0.00000000E+00,  0.19480409E+02, -0.11976790E+01
      32.,  0.00000000E+00,  0.00000000E+00,  0.00000000E+00,  0.00000000E+00,  0.15045378E+02, -0.11976790E+01
      33.,  0.00000000E+00,  0.00000000E+00,  0.00000000E+00,  0.00000000E+00,  0.11498861E+02, -0.11976790E+01
      34.,  0.00000000E+00,  0.00000000E+00,  0.00000000E+00,  0.00000000E+00,  0.88492325E+01, -0.11976790E+01
      35.,  0.00000000E+00,  0.00000000E+00,  0.00000000E+00,  0.00000000E+00,  0.81241423E+01, -0.11976790E+01
      36.,  0.00000000E+00,  0.00000000E+00,  0.00000000E+00,  0.00000000E+00,  0.10036361E+02, -0.11976790E+01
      37.,  0.00000000E+00,  0.00000000E+00,  0.00000000E+00,  0.00000000E+00,  0.13412380E+02, -0.11976790E+01
      38.,  0.00000000E+00,  0.00000000E+00,  0.00000000E+00,  0.00000000E+00,  0.16931034E+02, -0.11976790E+01
      39.,  0.00000000E+00,  0.00000000E+00,  0.00000000E+00,  0.00000000E+00,  0.19684817E+02, -0.11976790E+01
      40.,  0.00000000E+00,  0.00000000E+00,  0.00000000E+00,  0.00000000E+00,  0.20999334E+02, -0.11976790E+01
      41.,  0.00000000E+00,  0.00000000E+00,  0.00000000E+00,  0.00000000E+00,  0.20478232E+02, -0.11976790E+01
      42.,  0.00000000E+00,  0.00000000E+00,  0.00000000E+00,  0.00000000E+00,  0.18133890E+02, -0.11976790E+01
      43.,  0.00000000E+00,  0.00000000E+00,  0.00000000E+00,  0.00000000E+00,  0.14459458E+02, -0.11976790E+01
      44.,  0.00000000E+00,  0.00000000E+00,  0.00000000E+00,  0.00000000E+00,  0.10547888E+02, -0.11976790E+01
      45.,  0.00000000E+00,  0.00000000E+00,  0.00000000E+00,  0.00000000E+00,  0.86182868E+01, -0.11976790E+01
      46.,  0.00000000E+00,  0.00000000E+00,  0.00000000E+00,  0.00000000E+00,  0.10727141E+02, -0.11976790E+01
      47.,  0.00000000E+00,  0.00000000E+00,  0.00000000E+00,  0.00000000E+00,  0.15241428E+02, -0.11976790E+01
      48.,  0.00000000E+00,  0.00000000E+00,  0.00000000E+00,  0.00000000E+00,  0.20363085E+02, -0.11976790E+01
      49.,  0.00000000E+00,  0.00000000E+00,  0.00000000E+00,  0.00000000E+00,  0.25778569E+02, -0.11976790E+01
      50.,  0.00000000E+00,  0.00000000E+00,  0.00000000E+00,  0.00000000E+00,  0.32028127E+02, -0.11976790E+01
      51.,  0.00000000E+00,  0.00000000E+00,  0.00000000E+00,  0.00000000E+00,  0.39571703E+02, -0.11976790E+01
      52.,  0.00000000E+00,  0.00000000E+00,  0.00000000E+00,  0.00000000E+00,  0.48554238E+02, -0.11976790E+01
      53.,  0.00000000E+00,  0.00000000E+00,  0.00000000E+00,  0.00000000E+00,  0.58961983E+02, -0.11976790E+01
      54.,  0.00000000E+00,  0.00000000E+00,  0.00000000E+00,  0.00000000E+00,  0.70391594E+02, -0.11976790E+01
      55.,  0.00000000E+00,  0.00000000E+00,  0.00000000E+00,  0.00000000E+00,  0.81700345E+02, -0.11976790E+01
      56.,  0.00000000E+00,  0.00000000E+00,  0.00000000E+00,  0.00000000E+00,  0.90809015E+02, -0.11976790E+01
      57.,  0.00000000E+00,  0.00000000E+00,  0.00000000E+00,  0.00000000E+00,  0.95127602E+02, -0.11976790E+01
      58.,  0.00000000E+00,  0.00000000E+00,  0.00000000E+00,  0.00000000E+00,  0.92722992E+02, -0.11976790E+01
      59.,  0.00000000E+00,  0.00000000E+00,  0.00000000E+00,  0.00000000E+00,  0.83544274E+02, -0.11976790E+01
      60.,  0.00000000E+00,  0.00000000E+00,  0.00000000E+00,  0.00000000E+00,  0.69844756E+02, -0.11976790E+01
      61.,  0.00000000E+00,  0.00000000E+00,  0.00000000E+00,  0.00000000E+00,  0.55271258E+02, -0.11976790E+01
      62.,  0.00000000E+00,  0.00000000E+00,  0.00000000E+00,  0.00000000E+00,  0.44335825E+02, -0.11976790E+01
      63.,  0.00000000E+00,  0.00000000E+00,  0.00000000E+00,  0.00000000E+00,  0.38141887E+02, -0.11976790E+01
      64.,  0.00000000E+00,  0.00000000E+00,  0.00000000E+00,  0.00000000E+00,  0.42943582E+02, -0.11976790E+01
      65.,  0.00000000E+00,  0.00000000E+00,  0.00000000E+00,  0.00000000E+00,  0.81661800E+02, -0.11976790E+01
      66.,  0.00000000E+00,  0.00000000E+00,  0.00000000E+00,  0.00000000E+00,  0.67083816E+02, -0.11976790E+01
      67.,  0.00000000E+00,  0.00000000E+00,  0.00000000E+00,  0.00000000E+00,  0.50377305E+02, -0.11976790E+01
      68.,  0.00000000E+00,  0.00000000E+00,  0.00000000E+00,  0.00000000E+00,  0.45761675E+02, -0.11976790E+01
      69.,  0.00000000E+00,  0.00000000E+00,  0.00000000E+00,  0.00000000E+00,  0.47999835E+02, -0.11976790E+01
      70.,  0.00000000E+00,  0.00000000E+00,  0.00000000E+00,  0.00000000E+00,  0.44893531E+02, -0.11976790E+01
      71.,  0.00000000E+00,  0.00000000E+00,  0.00000000E+00,  0.00000000E+00,  0.29464470E+02, -0.11976790E+01
      72.,  0.00000000E+00,  0.00000000E+00,  0.00000000E+00,  0.00000000E+00,  0.25574477E+02, -0.11976790E+01
      73.,  0.00000000E+00,  0.00000000E+00,  0.00000000E+00,  0.00000000E+00,  0.51660879E+02, -0.11976790E+01
      74.,  0.00000000E+00,  0.00000000E+00,  0.00000000E+00,  0.00000000E+00,  0.68260038E+02, -0.11976790E+01
      75.,  0.00000000E+00,  0.00000000E+00,  0.00000000E+00,  0.00000000E+00,  0.66014000E+02, -0.11976790E+01
      76.,  0.00000000E+00,  0.00000000E+00,  0.00000000E+00,  0.00000000E+00,  0.53665423E+02, -0.11976790E+01
      77.,  0.00000000E+00,  0.00000000E+00,  0.00000000E+00,  0.00000000E+00,  0.45258975E+02, -0.11976790E+01
      78.,  0.00000000E+00,  0.00000000E+00,  0.00000000E+00,  0.00000000E+00,  0.50492517E+02, -0.11976790E+01
      79.,  0.00000000E+00,  0.00000000E+00,  0.00000000E+00,  0.00000000E+00,  0.63763996E+02, -0.11976790E+01
      80.,  0.00000000E+00,  0.00000000E+00,  0.00000000E+00,  0.00000000E+00,  0.65861550E+02, -0.11976790E+01
      81.,  0.00000000E+00,  0.00000000E+00,  0.00000000E+00,  0.00000000E+00,  0.82291469E+02, -0.11976790E+01
      82.,  0.00000000E+00,  0.00000000E+00,  0.00000000E+00,  0.00000000E+00,  0.79561544E+02, -0.11976790E+01
      83.,  0.00000000E+00,  0.00000000E+00,  0.00000000E+00,  0.00000000E+00,  0.81443101E+02, -0.11976790E+01
      84.,  0.00000000E+00,  0.00000000E+00,  0.00000000E+00,  0.00000000E+00,  0.77115911E+02, -0.11976790E+01
      85.,  0.00000000E+00,  0.00000000E+00,  0.00000000E+00,  0.00000000E+00,  0.70117292E+02, -0.11976790E+01
      86.,  0.00000000E+00,  0.00000000E+00,  0.00000000E+00,  0.00000000E+00,  0.61866519E+02, -0.11976790E+01
      87.,  0.00000000E+00,  0.00000000E+00,  0.00000000E+00,  0.00000000E+00,  0.54957220E+02, -0.11976790E+01
      88.,  0.00000000E+00,  0.00000000E+00,  0.00000000E+00,  0.00000000E+00,  0.49996112E+02, -0.11976790E+01
      89.,  0.00000000E+00,  0.00000000E+00,  0.00000000E+00,  0.00000000E+00,  0.45847096E+02, -0.11976790E+01
      90.,  0.00000000E+00,  0.00000000E+00,  0.00000000E+00,  0.00000000E+00,  0.41499003E+02, -0.11976790E+01
      91.,  0.00000000E+00,  0.00000000E+00,  0.00000000E+00,  0.00000000E+00,  0.36949883E+02, -0.11976790E+01
      92.,  0.00000000E+00,  0.00000000E+00,  0.00000000E+00,  0.00000000E+00,  0.32606773E+02, -0.11976790E+01
      93.,  0.00000000E+00,  0.00000000E+00,  0.00000000E+00,  0.00000000E+00,  0.28778382E+02, -0.11976790E+01
      94.,  0.00000000E+00,  0.00000000E+00,  0.00000000E+00,  0.00000000E+00,  0.25576057E+02, -0.11976790E+01
      95.,  0.00000000E+00,  0.00000000E+00,  0.00000000E+00,  0.00000000E+00,  0.22979469E+02, -0.11976790E+01
      96.,  0.00000000E+00,  0.00000000E+00,  0.00000000E+00,  0.00000000E+00,  0.20911778E+02, -0.11976790E+01
      97.,  0.00000000E+00,  0.00000000E+00,  0.00000000E+00,  0.00000000E+00,  0.19171800E+02, -0.11976790E+01
      98.,  0.00000000E+00,  0.00000000E+00,  0.00000000E+00,  0.00000000E+00,  0.17529987E+02, -0.11976790E+01
      99.,  0.00000000E+00,  0.00000000E+00,  0.00000000E+00,  0.00000000E+00,  0.15929178E+02, -0.11976790E+01
     100.,  0.00000000E+00,  0.00000000E+00,  0.00000000E+00,  0.00000000E+00,  0.14387580E+02, -0.11976790E+01
     101.,  0.00000000E+00,  0.00000000E+00,  0.00000000E+00,  0.00000000E+00,  0.12893183E+02, -0.11976790E+01
     102.,  0.00000000E+00,  0.00000000E+00,  0.00000000E+00,  0.00000000E+00,  0.11411699E+02, -0.11976790E+01
     103.,  0.00000000E+00,  0.00000000E+00,  0.00000000E+00,  0.00000000E+00,  0.99787116E+01, -0.11976790E+01
     104.,  0.00000000E+00,  0.00000000E+00,  0.00000000E+00,  0.00000000E+00,  0.88727244E+01, -0.11976790E+01
     105.,  0.00000000E+00,  0.00000000E+00,  0.00000000E+00,  0.00000000E+00,  0.86589660E+01, -0.11976790E+01
     106.,  0.00000000E+00,  0.00000000E+00,  0.00000000E+00,  0.00000000E+00,  0.97146559E+01, -0.11976790E+01
     107.,  0.00000000E+00,  0.00000000E+00,  0.00000000E+00,  0.00000000E+00,  0.11784413E+02, -0.11976790E+01
     108.,  0.00000000E+00,  0.00000000E+00,  0.00000000E+00,  0.00000000E+00,  0.14396941E+02, -0.11976790E+01
     109.,  0.00000000E+00,  0.00000000E+00,  0.00000000E+00,  0.00000000E+00,  0.17240620E+02, -0.11976790E+01
     110.,  0.00000000E+00,  0.00000000E+00,  0.00000000E+00,  0.00000000E+00,  0.20147998E+02, -0.11976790E+01
     111.,  0.00000000E+00,  0.00000000E+00,  0.00000000E+00,  0.00000000E+00,  0.23020279E+02, -0.11976790E+01
     112.,  0.00000000E+00,  0.00000000E+00,  0.00000000E+00,  0.00000000E+00,  0.25793292E+02, -0.11976790E+01
     113.,  0.00000000E+00,  0.00000000E+00,  0.00000000E+00,  0.00000000E+00,  0.28582123E+02, -0.11976790E+01
     114.,  0.00000000E+00,  0.00000000E+00,  0.00000000E+00,  0.00000000E+00,  0.31737122E+02, -0.11976790E+01
     115.,  0.00000000E+00,  0.00000000E+00,  0.00000000E+00,  0.00000000E+00,  0.35515337E+02, -0.11976790E+01
     116.,  0.00000000E+00,  0.00000000E+00,  0.00000000E+00,  0.00000000E+00,  0.39966496E+02, -0.11976790E+01
     117.,  0.00000000E+00,  0.00000000E+00,  0.00000000E+00,  0.00000000E+00,  0.45042441E+02, -0.11976790E+01
     118.,  0.00000000E+00,  0.00000000E+00,  0.00000000E+00,  0.00000000E+00,  0.50534445E+02, -0.11976790E+01
     119.,  0.00000000E+00,  0.00000000E+00,  0.00000000E+00,  0.00000000E+00,  0.56170055E+02, -0.11976790E+01
     120.,  0.00000000E+00,  0.00000000E+00,  0.00000000E+00,  0.00000000E+00,  0.61926096E+02, -0.11976790E+01
     121.,  0.00000000E+00,  0.00000000E+00,  0.00000000E+00,  0.00000000E+00,  0.68412205E+02, -0.11976790E+01
     122.,  0.00000000E+00,  0.00000000E+00,  0.00000000E+00,  0.00000000E+00,  0.76249076E+02, -0.11976790E+01
     123.,  0.00000000E+00,  0.00000000E+00,  0.00000000E+00,  0.00000000E+00,  0.84455038E+02, -0.11976790E+01
     124.,  0.00000000E+00,  0.00000000E+00,  0.00000000E+00,  0.00000000E+00,  0.90573673E+02, -0.11976790E+01
     125.,  0.00000000E+00,  0.00000000E+00,  0.00000000E+00,  0.00000000E+00,  0.93455162E+02, -0.11976790E+01
     126.,  0.00000000E+00,  0.00000000E+00,  0.00000000E+00,  0.00000000E+00,  0.92183507E+02, -0.11976790E+01
     127.,  0.00000000E+00,  0.00000000E+00,  0.00000000E+00,  0.00000000E+00,  0.93745710E+02, -0.11976790E+01
     128.,  0.00000000E+00,  0.00000000E+00,  0.00000000E+00,  0.00000000E+00,  0.70792709E+02, -0.11976790E+01
     129.,  0.00000000E+00,  0.00000000E+00,  0.00000000E+00,  0.00000000E+00,  0.70747555E+02, -0.11976790E+01
     130.,  0.00000000E+00,  0.00000000E+00,  0.00000000E+00,  0.00000000E+00,  0.54062207E+02, -0.11976790E+01
     131.,  0.00000000E+00,  0.00000000E+00,  0.00000000E+00,  0.00000000E+00,  0.39100886E+02, -0.11976790E+01
     132.,  0.00000000E+00,  0.00000000E+00,  0.00000000E+00,  0.00000000E+00,  0.28914505E+02, -0.11976790E+01
     133.,  0.00000000E+00,  0.00000000E+00,  0.00000000E+00,  0.00000000E+00,  0.32423385E+02, -0.11976790E+01
     134.,  0.00000000E+00,  0.00000000E+00,  0.00000000E+00,  0.00000000E+00,  0.33732464E+02, -0.11976790E+01
     135.,  0.00000000E+00,  0.00000000E+00,  0.00000000E+00,  0.00000000E+00,  0.23689068E+02, -0.11976790E+01
     136.,  0.00000000E+00,  0.00000000E+00,  0.00000000E+00,  0.00000000E+00,  0.34475633E+02, -0.11976790E+01
     137.,  0.00000000E+00,  0.00000000E+00,  0.00000000E+00,  0.00000000E+00,  0.68555257E+02, -0.11976790E+01
     138.,  0.00000000E+00,  0.00000000E+00,  0.00000000E+00,  0.00000000E+00,  0.89250253E+02, -0.11976790E+01
     139.,  0.00000000E+00,  0.00000000E+00,  0.00000000E+00,  0.00000000E+00,  0.92967962E+02, -0.11976790E+01
     140.,  0.00000000E+00,  0.00000000E+00,  0.00000000E+00,  0.00000000E+00,  0.88988759E+02, -0.11976790E+01
     141.,  0.00000000E+00,  0.00000000E+00,  0.00000000E+00,  0.00000000E+00,  0.90662764E+02, -0.11976790E+01
     142.,  0.00000000E+00,  0.00000000E+00,  0.00000000E+00,  0.00000000E+00,  0.93845159E+02, -0.11976790E+01
     143.,  0.00000000E+00,  0.00000000E+00,  0.00000000E+00,  0.00000000E+00,  0.99127639E+02, -0.11976790E+01
     144.,  0.00000000E+00,  0.00000000E+00,  0.00000000E+00,  0.00000000E+00,  0.11489837E+03, -0.11976790E+01
     145.,  0.00000000E+00,  0.00000000E+00,  0.00000000E+00,  0.00000000E+00,  0.89374356E+02, -0.11976790E+01
     146.,  0.00000000E+00,  0.00000000E+00,  0.00000000E+00,  0.00000000E+00,  0.10540314E+03, -0.11976790E+01
     147.,  0.00000000E+00,  0.00000000E+00,  0.00000000E+00,  0.00000000E+00,  0.94727070E+02, -0.11976790E+01
     148.,  0.00000000E+00,  0.00000000E+00,  0.00000000E+00,  0.00000000E+00,  0.86105554E+02, -0.11976790E+01
     149.,  0.00000000E+00,  0.00000000E+00,  0.00000000E+00,  0.00000000E+00,  0.72091049E+02, -0.11976790E+01
     150.,  0.00000000E+00,  0.00000000E+00,  0.00000000E+00,  0.00000000E+00,  0.56401338E+02, -0.11976790E+01
     151.,  0.00000000E+00,  0.00000000E+00,  0.00000000E+00,  0.00000000E+00,  0.43627474E+02, -0.11976790E+01
     152.,  0.00000000E+00,  0.00000000E+00,  0.00000000E+00,  0.00000000E+00,  0.36264589E+02, -0.11976790E+01
     153.,  0.00000000E+00,  0.00000000E+00,  0.00000000E+00,  0.00000000E+00,  0.32641006E+02, -0.11976790E+01
     154.,  0.00000000E+00,  0.00000000E+00,  0.00000000E+00,  0.00000000E+00,  0.30329715E+02, -0.11976790E+01
     155.,  0.00000000E+00,  0.00000000E+00,  0.00000000E+00,  0.00000000E+00,  0.28292873E+02, -0.11976790E+01
     156.,  0.00000000E+00,  0.00000000E+00,  0.00000000E+00,  0.00000000E+00,  0.26416266E+02, -0.11976790E+01
     157.,  0.00000000E+00,  0.00000000E+00,  0.00000000E+00,  0.00000000E+00,  0.24787302E+02, -0.11976790E+01
     158.,  0.00000000E+00,  0.00000000E+00,  0.00000000E+00,  0.00000000E+00,  0.23425600E+02, -0.11976790E+01
     159.,  0.00000000E+00,  0.00000000E+00,  0.00000000E+00,  0.00000000E+00,  0.22291367E+02, -0.11976790E+01
     160.,  0.00000000E+00,  0.00000000E+00,  0.00000000E+00,  0.00000000E+00,  0.21330051E+02, -0.11976790E+01
     161.,  0.00000000E+00,  0.00000000E+00,  0.00000000E+00,  0.00000000E+00,  0.20428487E+02, -0.11976790E+01
     162.,  0.00000000E+00,  0.00000000E+00,  0.00000000E+00,  0.00000000E+00,  0.19434152E+02, -0.11976790E+01
     163.,  0.00000000E+00,  0.00000000E+00,  0.00000000E+00,  0.00000000E+00,  0.18218350E+02, -0.11976790E+01
     164.,  0.00000000E+00,  0.00000000E+00,  0.00000000E+00,  0.00000000E+00,  0.16658391E+02, -0.11976790E+01
     165.,  0.00000000E+00,  0.00000000E+00,  0.00000000E+00,  0.00000000E+00,  0.14589120E+02, -0.11976790E+01
     166.,  0.00000000E+00,  0.00000000E+00,  0.00000000E+00,  0.00000000E+00,  0.11861324E+02, -0.11976790E+01
     167.,  0.00000000E+00,  0.00000000E+00,  0.00000000E+00,  0.00000000E+00,  0.85079691E+01, -0.11976790E+01
     168.,  0.00000000E+00,  0.00000000E+00,  0.00000000E+00,  0.00000000E+00,  0.52753897E+01, -0.11976790E+01
     169.,  0.00000000E+00,  0.00000000E+00,  0.00000000E+00,  0.00000000E+00,  0.51491113E+01, -0.11976790E+01
     170.,  0.00000000E+00,  0.00000000E+00,  0.00000000E+00,  0.00000000E+00,  0.86259069E+01, -0.11976790E+01
     171.,  0.00000000E+00,  0.00000000E+00,  0.00000000E+00,  0.00000000E+00,  0.12645355E+02, -0.11976790E+01
     172.,  0.00000000E+00,  0.00000000E+00,  0.00000000E+00,  0.00000000E+00,  0.16217773E+02, -0.11976790E+01
     173.,  0.00000000E+00,  0.00000000E+00,  0.00000000E+00,  0.00000000E+00,  0.19160818E+02, -0.11976790E+01
     174.,  0.00000000E+00,  0.00000000E+00,  0.00000000E+00,  0.00000000E+00,  0.21534562E+02, -0.11976790E+01
     175.,  0.00000000E+00,  0.00000000E+00,  0.00000000E+00,  0.00000000E+00,  0.23466125E+02, -0.11976790E+01
     176.,  0.00000000E+00,  0.00000000E+00,  0.00000000E+00,  0.00000000E+00,  0.25082032E+02, -0.11976790E+01
     177.,  0.00000000E+00,  0.00000000E+00,  0.00000000E+00,  0.00000000E+00,  0.26545520E+02, -0.11976790E+01
     178.,  0.00000000E+00,  0.00000000E+00,  0.00000000E+00,  0.00000000E+00,  0.28102150E+02, -0.11976790E+01
     179.,  0.00000000E+00,  0.00000000E+00,  0.00000000E+00,  0.00000000E+00,  0.29921809E+02, -0.11976790E+01
     180.,  0.00000000E+00,  0.00000000E+00,  0.00000000E+00,  0.00000000E+00,  0.32108701E+02, -0.11976790E+01
     181.,  0.00000000E+00,  0.00000000E+00,  0.00000000E+00,  0.00000000E+00,  0.34805084E+02, -0.11976790E+01
     182.,  0.00000000E+00,  0.00000000E+00,  0.00000000E+00,  0.00000000E+00,  0.38183381E+02, -0.11976790E+01
     183.,  0.00000000E+00,  0.00000000E+00,  0.00000000E+00,  0.00000000E+00,  0.42734057E+02, -0.11976790E+01
     184.,  0.00000000E+00,  0.00000000E+00,  0.00000000E+00,  0.00000000E+00,  0.49902309E+02, -0.11976790E+01
     185.,  0.00000000E+00,  0.00000000E+00,  0.00000000E+00,  0.00000000E+00,  0.61351394E+02, -0.11976790E+01
     186.,  0.00000000E+00,  0.00000000E+00,  0.00000000E+00,  0.00000000E+00,  0.76712328E+02, -0.11976790E+01
     187.,  0.00000000E+00,  0.00000000E+00,  0.00000000E+00,  0.00000000E+00,  0.92594277E+02, -0.11976790E+01
     188.,  0.00000000E+00,  0.00000000E+00,  0.00000000E+00,  0.00000000E+00,  0.10375571E+03, -0.11976790E+01
     189.,  0.00000000E+00,  0.00000000E+00,  0.00000000E+00,  0.00000000E+00,  0.10719201E+03, -0.11976790E+01
     190.,  0.00000000E+00,  0.00000000E+00,  0.00000000E+00,  0.00000000E+00,  0.10695936E+03, -0.11976790E+01
     191.,  0.00000000E+00,  0.00000000E+00,  0.00000000E+00,  0.00000000E+00,  0.10692744E+03, -0.11976790E+01
     192.,  0.00000000E+00,  0.00000000E+00,  0.00000000E+00,  0.00000000E+00,  0.14030409E+03, -0.11976790E+01
     193.,  0.00000000E+00,  0.00000000E+00,  0.00000000E+00,  0.43684602E-03,  0.16409493E+03, -0.11976790E+01
     194.,  0.00000000E+00,  0.00000000E+00,  0.00000000E+00,  0.00000000E+00,  0.12444166E+03, -0.11976790E+01
     195.,  0.00000000E+00,  0.00000000E+00,  0.00000000E+00,  0.00000000E+00,  0.86430651E+02, -0.11976790E+01
     196.,  0.00000000E+00,  0.00000000E+00,  0.00000000E+00,  0.00000000E+00,  0.73955351E+02, -0.11976790E+01
     197.,  0.00000000E+00,  0.00000000E+00,  0.00000000E+00,  0.00000000E+00,  0.53272728E+02, -0.11976790E+01
     198.,  0.00000000E+00,  0.00000000E+00,  0.00000000E+00,  0.00000000E+00,  0.27131572E+02, -0.11976790E+01
     199.,  0.00000000E+00,  0.00000000E+00,  0.00000000E+00,  0.00000000E+00,  0.29957478E+02, -0.11976790E+01
     200.,  0.00000000E+00,  0.00000000E+00,  0.00000000E+00,  0.00000000E+00,  0.68683935E+02, -0.11976790E+01
     201.,  0.00000000E+00,  0.00000000E+00,  0.00000000E+00,  0.00000000E+00,  0.94608460E+02, -0.11976790E+01
     202.,  0.00000000E+00,  0.00000000E+00,  0.00000000E+00,  0.00000000E+00,  0.10185468E+03, -0.11976790E+01
     203.,  0.00000000E+00,  0.00000000E+00,  0.00000000E+00,  0.00000000E+00,  0.95330553E+02, -0.11976790E+01
     204.,  0.00000000E+00,  0.00000000E+00,  0.00000000E+00,  0.00000000E+00,  0.94659397E+02, -0.11976790E+01
     205.,  0.00000000E+00,  0.00000000E+00,  0.00000000E+00,  0.00000000E+00,  0.97147111E+02, -0.11976790E+01
     206.,  0.00000000E+00,  0.00000000E+00,  0.00000000E+00,  0.00000000E+00,  0.10879171E+03, -0.11976790E+01
     207.,  0.00000000E+00,  0.00000000E+00,  0.00000000E+00,  0.00000000E+00,  0.11817326E+03, -0.11976790E+01
     208.,  0.00000000E+00,  0.00000000E+00,  0.00000000E+00,  0.00000000E+00,  0.10749377E+03, -0.11976790E+01
     209.,  0.00000000E+00,  0.00000000E+00,  0.00000000E+00,  0.58175186E-04,  0.15546843E+03, -0.11976790E+01
     210.,  0.00000000E+00,  0.00000000E+00,  0.00000000E+00,  0.00000000E+00,  0.11068153E+03, -0.11976790E+01
     211.,  0.00000000E+00,  0.00000000E+00,  0.00000000E+00,  0.00000000E+00,  0.10065266E+03, -0.11976790E+01
     212.,  0.00000000E+00,  0.00000000E+00,  0.00000000E+00,  0.00000000E+00,  0.88944198E+02, -0.11976790E+01
     213.,  0.00000000E+00,  0.00000000E+00,  0.00000000E+00,  0.00000000E+00,  0.72328346E+02, -0.11976790E+01
     214.,  0.00000000E+00,  0.00000000E+00,  0.00000000E+00,  0.00000000E+00,  0.53709449E+02, -0.11976790E+01
     215.,  0.00000000E+00,  0.00000000E+00,  0.00000000E+00,  0.00000000E+00,  0.37338867E+02, -0.11976790E+01
     216.,  0.00000000E+00,  0.00000000E+00,  0.00000000E+00,  0.00000000E+00,  0.27098135E+02, -0.11976790E+01
     217.,  0.00000000E+00,  0.00000000E+00,  0.00000000E+00,  0.00000000E+00,  0.22860916E+02, -0.11976790E+01
     218.,  0.00000000E+00,  0.00000000E+00,  0.00000000E+00,  0.00000000E+00,  0.21400178E+02, -0.11976790E+01
     219.,  0.00000000E+00,  0.00000000E+00,  0.00000000E+00,  0.00000000E+00,  0.20605056E+02, -0.11976790E+01
     220.,  0.00000000E+00,  0.00000000E+00,  0.00000000E+00,  0.00000000E+00,  0.20127961E+02, -0.11976790E+01
     221.,  0.00000000E+00,  0.00000000E+00,  0.00000000E+00,  0.00000000E+00,  0.19869974E+02, -0.11976790E+01
     222.,  0.00000000E+00,  0.00000000E+00,  0.00000000E+00,  0.00000000E+00,  0.19717918E+02, -0.11976790E+01
     223.,  0.00000000E+00,  0.00000000E+00,  0.00000000E+00,  0.00000000E+00,  0.19595993E+02, -0.11976790E+01
     224.,  0.00000000E+00,  0.00000000E+00,  0.00000000E+00,  0.00000000E+00,  0.19450886E+02, -0.11976790E+01
     225.,  0.00000000E+00,  0.00000000E+00,  0.00000000E+00,  0.00000000E+00,  0.19239865E+02, -0.11976790E+01
     226.,  0.00000000E+00,  0.00000000E+00,  0.00000000E+00,  0.00000000E+00,  0.18876194E+02, -0.11976790E+01
     227.,  0.00000000E+00,  0.00000000E+00,  0.00000000E+00,  0.00000000E+00,  0.18253362E+02, -0.11976790E+01
     228.,  0.00000000E+00,  0.00000000E+00,  0.00000000E+00,  0.00000000E+00,  0.17210143E+02, -0.11976790E+01
     229.,  0.00000000E+00,  0.00000000E+00,  0.00000000E+00,  0.00000000E+00,  0.15545412E+02, -0.11976790E+01
     230.,  0.00000000E+00,  0.00000000E+00,  0.00000000E+00,  0.00000000E+00,  0.13092813E+02, -0.11976790E+01
     231.,  0.00000000E+00,  0.00000000E+00,  0.00000000E+00,  0.00000000E+00,  0.99224455E+01, -0.11976790E+01
     232.,  0.00000000E+00,  0.00000000E+00,  0.00000000E+00,  0.00000000E+00,  0.68509928E+01, -0.11976790E+01
     233.,  0.00000000E+00,  0.00000000E+00,  0.00000000E+00,  0.00000000E+00,  0.63852107E+01, -0.11976790E+01
     234.,  0.00000000E+00,  0.00000000E+00,  0.00000000E+00,  0.00000000E+00,  0.93192774E+01, -0.11976790E+01
     235.,  0.00000000E+00,  0.00000000E+00,  0.00000000E+00,  0.00000000E+00,  0.13029835E+02, -0.11976790E+01
     236.,  0.00000000E+00,  0.00000000E+00,  0.00000000E+00,  0.00000000E+00,  0.16240863E+02, -0.11976790E+01
     237.,  0.00000000E+00,  0.00000000E+00,  0.00000000E+00,  0.00000000E+00,  0.18662120E+02, -0.11976790E+01
     238.,  0.00000000E+00,  0.00000000E+00,  0.00000000E+00,  0.00000000E+00,  0.20354320E+02, -0.11976790E+01
     239.,  0.00000000E+00,  0.00000000E+00,  0.00000000E+00,  0.00000000E+00,  0.21488316E+02, -0.11976790E+01
     240.,  0.00000000E+00,  0.00000000E+00,  0.00000000E+00,  0.00000000E+00,  0.22223758E+02, -0.11976790E+01
     241.,  0.00000000E+00,  0.00000000E+00,  0.00000000E+00,  0.00000000E+00,  0.22754187E+02, -0.11976790E+01
     242.,  0.00000000E+00,  0.00000000E+00,  0.00000000E+00,  0.00000000E+00,  0.23207562E+02, -0.11976790E+01
     243.,  0.00000000E+00,  0.00000000E+00,  0.00000000E+00,  0.00000000E+00,  0.23674235E+02, -0.11976790E+01
     244.,  0.00000000E+00,  0.00000000E+00,  0.00000000E+00,  0.00000000E+00,  0.24342176E+02, -0.11976790E+01
     245.,  0.00000000E+00,  0.00000000E+00,  0.00000000E+00,  0.00000000E+00,  0.25490026E+02, -0.11976790E+01
     246.,  0.00000000E+00,  0.00000000E+00,  0.00000000E+00,  0.00000000E+00,  0.27635751E+02, -0.11976790E+01
     247.,  0.00000000E+00,  0.00000000E+00,  0.00000000E+00,  0.00000000E+00,  0.31516645E+02, -0.11976790E+01
     248.,  0.00000000E+00,  0.00000000E+00,  0.00000000E+00,  0.00000000E+00,  0.38526951E+02, -0.11976790E+01
     249.,  0.00000000E+00,  0.00000000E+00,  0.00000000E+00,  0.00000000E+00,  0.51662559E+02, -0.11976790E+01
     250.,  0.00000000E+00,  0.00000000E+00,  0.00000000E+00,  0.00000000E+00,  0.72377771E+02, -0.11976790E+01
     251.,  0.00000000E+00,  0.00000000E+00,  0.00000000E+00,  0.00000000E+00,  0.94329839E+02, -0.11976790E+01
     252.,  0.00000000E+00,  0.00000000E+00,  0.00000000E+00,  0.00000000E+00,  0.11037192E+03, -0.11976790E+01
     253.,  0.00000000E+00,  0.00000000E+00,  0.00000000E+00,  0.00000000E+00,  0.11098399E+03, -0.11976790E+01
     254.,  0.00000000E+00,  0.00000000E+00,  0.00000000E+00,  0.00000000E+00,  0.87901586E+02, -0.11976790E+01
     255.,  0.00000000E+00,  0.00000000E+00,  0.00000000E+00,  0.00000000E+00,  0.53715003E+02, -0.11976790E+01
     256.,  0.00000000E+00,  0.00000000E+00,  0.00000000E+00,  0.16356527E-03,  0.12729637E+03, -0.11976790E+01
     257.,  0.00000000E+00,  0.00000000E+00,  0.00000000E+00,  0.54802628E-02,  0.21818887E+03, -0.11976790E+01
     258.,  0.00000000E+00,  0.00000000E+00,  0.00000000E+00,  0.29243683E-02,  0.20332211E+03, -0.11976790E+01
     259.,  0.00000000E+00,  0.00000000E+00,  0.00000000E+00,  0.12558264E-02,  0.19319638E+03, -0.11976790E+01
     260.,  0.00000000E+00,  0.00000000E+00,  0.00000000E+00,  0.36239484E-03,  0.18658744E+03, -0.11976790E+01
     261.,  0.00000000E+00,  0.00000000E+00,  0.00000000E+00,  0.00000000E+00,  0.15156228E+03, -0.11976790E+01
     262.,  0.00000000E+00,  0.00000000E+00,  0.00000000E+00,  0.00000000E+00,  0.86586746E+02, -0.11976790E+01
     263.,  0.00000000E+00,  0.00000000E+00,  0.00000000E+00,  0.00000000E+00,  0.49235793E+02, -0.11976790E+01
     264.,  0.00000000E+00,  0.00000000E+00,  0.00000000E+00,  0.00000000E+00,  0.11621523E+03, -0.11976790E+01
     265.,  0.00000000E+00,  0.00000000E+00,  0.00000000E+00,  0.00000000E+00,  0.16109425E+03, -0.11976790E+01
     266.,  0.00000000E+00,  0.00000000E+00,  0.00000000E+00,  0.00000000E+00,  0.12885480E+03, -0.11976790E+01
     267.,  0.00000000E+00,  0.00000000E+00,  0.00000000E+00,  0.00000000E+00,  0.97804096E+02, -0.11976790E+01
     268.,  0.00000000E+00,  0.00000000E+00,  0.00000000E+00,  0.00000000E+00,  0.13161457E+03, -0.11976790E+01
     269.,  0.00000000E+00,  0.00000000E+00,  0.00000000E+00,  0.26330974E-05,  0.17524387E+03, -0.11976790E+01
     270.,  0.00000000E+00,  0.00000000E+00,  0.00000000E+00,  0.27602836E-03,  0.18572345E+03, -0.11976790E+01
     271.,  0.00000000E+00,  0.00000000E+00,  0.00000000E+00,  0.19167711E-03,  0.17908315E+03, -0.11976790E+01
     272.,  0.00000000E+00,  0.00000000E+00,  0.00000000E+00,  0.69787242E-03,  0.18470723E+03, -0.11976790E+01
     273.,  0.00000000E+00,  0.00000000E+00,  0.00000000E+00,  0.41479991E-03,  0.16020519E+03, -0.11976790E+01
     274.,  0.00000000E+00,  0.00000000E+00,  0.00000000E+00,  0.00000000E+00,  0.87679717E+02, -0.11976790E+01
     275.,  0.00000000E+00,  0.00000000E+00,  0.00000000E+00,  0.00000000E+00,  0.10797474E+03, -0.11976790E+01
     276.,  0.00000000E+00,  0.00000000E+00,  0.00000000E+00,  0.00000000E+00,  0.10005879E+03, -0.11976790E+01
     277.,  0.00000000E+00,  0.00000000E+00,  0.00000000E+00,  0.00000000E+00,  0.89255674E+02, -0.11976790E+01
     278.,  0.00000000E+00,  0.00000000E+00,  0.00000000E+00,  0.00000000E+00,  0.68433404E+02, -0.11976790E+01
     279.,  0.00000000E+00,  0.00000000E+00,  0.00000000E+00,  0.00000000E+00,  0.50314766E+02, -0.11976790E+01
     280.,  0.00000000E+00,  0.00000000E+00,  0.00000000E+00,  0.00000000E+00,  0.33287342E+02, -0.11976790E+01
     281.,  0.00000000E+00,  0.00000000E+00,  0.00000000E+00,  0.00000000E+00,  0.19297929E+02, -0.11976790E+01
     282.,  0.00000000E+00,  0.00000000E+00,  0.00000000E+00,  0.00000000E+00,  0.14021959E+02, -0.11976790E+01
     283.,  0.00000000E+00,  0.00000000E+00,  0.00000000E+00,  0.00000000E+00,  0.13941120E+02, -0.11976790E+01
     284.,  0.00000000E+00,  0.00000000E+00,  0.00000000E+00,  0.00000000E+00,  0.14509096E+02, -0.11976790E+01
     285.,  0.00000000E+00,  0.00000000E+00,  0.00000000E+00,  0.00000000E+00,  0.15191815E+02, -0.11976790E+01
     286.,  0.00000000E+00,  0.00000000E+00,  0.00000000E+00,  0.00000000E+00,  0.15904146E+02, -0.11976790E+01
     287.,  0.00000000E+00,  0.00000000E+00,  0.00000000E+00,  0.00000000E+00,  0.16559398E+02, -0.11976790E+01
     288.,  0.00000000E+00,  0.00000000E+00,  0.00000000E+00,  0.00000000E+00,  0.17078151E+02, -0.11976790E+01
     289.,  0.00000000E+00,  0.00000000E+00,  0.00000000E+00,  0.00000000E+00,  0.17434198E+02, -0.11976790E+01
     290.,  0.00000000E+00,  0.00000000E+00,  0.00000000E+00,  0.00000000E+00,  0.17665721E+02, -0.11976790E+01
     291.,  0.00000000E+00,  0.00000000E+00,  0.00000000E+00,  0.00000000E+00,  0.17663752E+02, -0.11976790E+01
     292.,  0.00000000E+00,  0.00000000E+00,  0.00000000E+00,  0.00000000E+00,  0.17269244E+02, -0.11976790E+01
     293.,  0.00000000E+00,  0.00000000E+00,  0.00000000E+00,  0.00000000E+00,  0.16278662E+02, -0.11976790E+01
     294.,  0.00000000E+00,  0.00000000E+00,  0.00000000E+00,  0.00000000E+00,  0.14554221E+02, -0.11976790E+01
     295.,  0.00000000E+00,  0.00000000E+00,  0.00000000E+00,  0.00000000E+00,  0.12225694E+02, -0.11976790E+01
     296.,  0.00000000E+00,  0.00000000E+00,  0.00000000E+00,  0.00000000E+00,  0.10031826E+02, -0.11976790E+01
     297.,  0.00000000E+00,  0.00000000E+00,  0.00000000E+00,  0.00000000E+00,  0.94523820E+01, -0.11976790E+01
     298.,  0.00000000E+00,  0.00000000E+00,  0.00000000E+00,  0.00000000E+00,  0.11147917E+02, -0.11976790E+01
     299.,  0.00000000E+00,  0.00000000E+00,  0.00000000E+00,  0.00000000E+00,  0.13861122E+02, -0.11976790E+01
     300.,  0.00000000E+00,  0.00000000E+00,  0.00000000E+00,  0.00000000E+00,  0.16372671E+02, -0.11976790E+01
     301.,  0.00000000E+00,  0.00000000E+00,  0.00000000E+00,  0.00000000E+00,  0.18212236E+02, -0.11976790E+01
     302.,  0.00000000E+00,  0.00000000E+00,  0.00000000E+00,  0.00000000E+00,  0.19350481E+02, -0.11976790E+01
     303.,  0.00000000E+00,  0.00000000E+00,  0.00000000E+00,  0.00000000E+00,  0.19924772E+02, -0.11976790E+01
     304.,  0.00000000E+00,  0.00000000E+00,  0.00000000E+00,  0.00000000E+00,  0.20131937E+02, -0.11976790E+01
     305.,  0.00000000E+00,  0.00000000E+00,  0.00000000E+00,  0.00000000E+00,  0.20051761E+02, -0.11976790E+01
     306.,  0.00000000E+00,  0.00000000E+00,  0.00000000E+00,  0.00000000E+00,  0.19711274E+02, -0.11976790E+01
     307.,  0.00000000E+00,  0.00000000E+00,  0.00000000E+00,  0.00000000E+00,  0.19232593E+02, -0.11976790E+01
     308.,  0.00000000E+00,  0.00000000E+00,  0.00000000E+00,  0.00000000E+00,  0.18679004E+02, -0.11976790E+01
     309.,  0.00000000E+00,  0.00000000E+00,  0.00000000E+00,  0.00000000E+00,  0.18723449E+02, -0.11976790E+01
     310.,  0.00000000E+00,  0.00000000E+00,  0.00000000E+00,  0.00000000E+00,  0.21205575E+02, -0.11976790E+01
     311.,  0.00000000E+00,  0.00000000E+00,  0.00000000E+00,  0.00000000E+00,  0.27644597E+02, -0.11976790E+01
     312.,  0.00000000E+00,  0.00000000E+00,  0.00000000E+00,  0.00000000E+00,  0.33530785E+02, -0.11976790E+01
     313.,  0.00000000E+00,  0.00000000E+00,  0.00000000E+00,  0.00000000E+00,  0.41712750E+02, -0.11976790E+01
     314.,  0.00000000E+00,  0.00000000E+00,  0.00000000E+00,  0.00000000E+00,  0.62218732E+02, -0.11976790E+01
     315.,  0.00000000E+00,  0.00000000E+00,  0.00000000E+00,  0.00000000E+00,  0.93527801E+02, -0.11976790E+01
     316.,  0.00000000E+00,  0.00000000E+00,  0.00000000E+00,  0.00000000E+00,  0.13303191E+03, -0.11976790E+01
     317.,  0.00000000E+00,  0.00000000E+00,  0.00000000E+00,  0.10440364E-03,  0.18020217E+03, -0.11976790E+01
     318.,  0.00000000E+00,  0.00000000E+00,  0.00000000E+00,  0.80397203E-03,  0.18852508E+03, -0.11976790E+01
     319.,  0.00000000E+00,  0.00000000E+00,  0.00000000E+00,  0.21783940E-02,  0.19864879E+03, -0.11976790E+01
     320.,  0.00000000E+00,  0.00000000E+00,  0.00000000E+00,  0.52879048E-02,  0.21670612E+03, -0.11976790E+01
     321.,  0.00000000E+00,  0.00000000E+00,  0.00000000E+00,  0.10129463E-01,  0.24262778E+03, -0.11976790E+01
     322.,  0.00000000E+00,  0.00000000E+00,  0.00000000E+00,  0.54768205E-02,  0.21734589E+03, -0.11976790E+01
     323.,  0.00000000E+00,  0.00000000E+00,  0.00000000E+00,  0.29692994E-02,  0.20477499E+03, -0.11976790E+01
     324.,  0.00000000E+00,  0.00000000E+00,  0.00000000E+00,  0.22394527E-02,  0.19840227E+03, -0.11976790E+01
     325.,  0.00000000E+00,  0.00000000E+00,  0.00000000E+00,  0.10243871E-02,  0.18886948E+03, -0.11976790E+01
     326.,  0.00000000E+00,  0.00000000E+00,  0.00000000E+00,  0.29304427E-03,  0.17447063E+03, -0.11976790E+01
     327.,  0.00000000E+00,  0.00000000E+00,  0.00000000E+00,  0.99223073E-04,  0.14684755E+03, -0.11976790E+01
     328.,  0.00000000E+00,  0.00000000E+00,  0.00000000E+00,  0.59224981E-03,  0.18334319E+03, -0.11976790E+01
     329.,  0.00000000E+00,  0.00000000E+00,  0.00000000E+00,  0.16021850E-02,  0.19534277E+03, -0.11976790E+01
     330.,  0.00000000E+00,  0.00000000E+00,  0.00000000E+00,  0.23451893E-02,  0.20063403E+03, -0.11976790E+01
     331.,  0.00000000E+00,  0.00000000E+00,  0.00000000E+00,  0.30623124E-02,  0.20563137E+03, -0.11976790E+01
     332.,  0.00000000E+00,  0.00000000E+00,  0.00000000E+00,  0.46056001E-02,  0.21507072E+03, -0.11976790E+01
     333.,  0.00000000E+00,  0.00000000E+00,  0.00000000E+00,  0.62858426E-02,  0.22486394E+03, -0.11976790E+01
     334.,  0.00000000E+00,  0.00000000E+00,  0.00000000E+00,  0.71890929E-02,  0.23007723E+03, -0.11976790E+01
     335.,  0.00000000E+00,  0.00000000E+00,  0.00000000E+00,  0.69042980E-02,  0.22705128E+03, -0.11976790E+01
     336.,  0.00000000E+00,  0.00000000E+00,  0.00000000E+00,  0.68389245E-02,  0.22704136E+03, -0.11976790E+01
     337.,  0.00000000E+00,  0.00000000E+00,  0.00000000E+00,  0.58306388E-02,  0.21623407E+03, -0.11976790E+01
     338.,  0.00000000E+00,  0.00000000E+00,  0.00000000E+00,  0.15216830E-02,  0.19229695E+03, -0.11976790E+01
     339.,  0.00000000E+00,  0.00000000E+00,  0.00000000E+00,  0.39458520E-03,  0.18630586E+03, -0.11976790E+01
     340.,  0.00000000E+00,  0.00000000E+00,  0.00000000E+00,  0.00000000E+00,  0.15464220E+03, -0.11976790E+01
     341.,  0.00000000E+00,  0.00000000E+00,  0.00000000E+00,  0.00000000E+00,  0.11646948E+03, -0.11976790E+01
     342.,  0.00000000E+00,  0.00000000E+00,  0.00000000E+00,  0.00000000E+00,  0.11992794E+03, -0.11976790E+01
     343.,  0.00000000E+00,  0.00000000E+00,  0.00000000E+00,  0.00000000E+00,  0.13074776E+03, -0.11976790E+01
     344.,  0.00000000E+00,  0.00000000E+00,  0.00000000E+00,  0.00000000E+00,  0.10248438E+03, -0.11976790E+01
     345.,  0.00000000E+00,  0.00000000E+00,  0.00000000E+00,  0.00000000E+00,  0.49694410E+02, -0.11976790E+01
     346.,  0.00000000E+00,  0.00000000E+00,  0.00000000E+00,  0.00000000E+00,  0.14419167E+02, -0.11976790E+01
     347.,  0.00000000E+00,  0.00000000E+00,  0.00000000E+00,  0.00000000E+00,  0.88151175E+01, -0.11976790E+01
     348.,  0.00000000E+00,  0.00000000E+00,  0.00000000E+00,  0.00000000E+00,  0.11375479E+02, -0.11976790E+01
     349.,  0.00000000E+00,  0.00000000E+00,  0.00000000E+00,  0.00000000E+00,  0.13336801E+02, -0.11976790E+01
     350.,  0.00000000E+00,  0.00000000E+00,  0.00000000E+00,  0.00000000E+00,  0.14687010E+02, -0.11976790E+01
     351.,  0.00000000E+00,  0.00000000E+00,  0.00000000E+00,  0.00000000E+00,  0.15700216E+02, -0.11976790E+01
     352.,  0.00000000E+00,  0.00000000E+00,  0.00000000E+00,  0.00000000E+00,  0.16556566E+02, -0.11976790E+01
     353.,  0.00000000E+00,  0.00000000E+00,  0.00000000E+00,  0.00000000E+00,  0.17204139E+02, -0.11976790E+01
     354.,  0.00000000E+00,  0.00000000E+00,  0.00000000E+00,  0.00000000E+00,  0.17623583E+02, -0.11976790E+01
     355.,  0.00000000E+00,  0.00000000E+00,  0.00000000E+00,  0.00000000E+00,  0.17922852E+02, -0.11976790E+01
     356.,  0.00000000E+00,  0.00000000E+00,  0.00000000E+00,  0.00000000E+00,  0.17923657E+02, -0.11976790E+01
     357.,  0.00000000E+00,  0.00000000E+00,  0.00000000E+00,  0.00000000E+00,  0.17463863E+02, -0.11976790E+01
     358.,  0.00000000E+00,  0.00000000E+00,  0.00000000E+00,  0.00000000E+00,  0.16471555E+02, -0.11976790E+01
     359.,  0.00000000E+00,  0.00000000E+00,  0.00000000E+00,  0.00000000E+00,  0.15097460E+02, -0.11976790E+01
     360.,  0.00000000E+00,  0.00000000E+00,  0.00000000E+00,  0.00000000E+00,  0.13803215E+02, -0.11976790E+01
     361.,  0.00000000E+00,  0.00000000E+00,  0.00000000E+00,  0.00000000E+00,  0.13234063E+02, -0.11976790E+01
     362.,  0.00000000E+00,  0.00000000E+00,  0.00000000E+00,  0.00000000E+00,  0.13746095E+02, -0.11976790E+01
     363.,  0.00000000E+00,  0.00000000E+00,  0.00000000E+00,  0.00000000E+00,  0.15031386E+02, -0.11976790E+01
     364.,  0.00000000E+00,  0.00000000E+00,  0.00000000E+00,  0.00000000E+00,  0.16466064E+02, -0.11976790E+01
     365.,  0.00000000E+00,  0.00000000E+00,  0.00000000E+00,  0.00000000E+00,  0.17625044E+02, -0.11976790E+01
     366.,  0.00000000E+00,  0.00000000E+00,  0.00000000E+00,  0.00000000E+00,  0.18392340E+02, -0.11976790E+01
     367.,  0.00000000E+00,  0.00000000E+00,  0.00000000E+00,  0.00000000E+00,  0.18840225E+02, -0.11976790E+01
     368.,  0.00000000E+00,  0.00000000E+00,  0.00000000E+00,  0.00000000E+00,  0.19017058E+02, -0.11976790E+01
     369.,  0.00000000E+00,  0.00000000E+00,  0.00000000E+00,  0.00000000E+00,  0.19003402E+02, -0.11976790E+01
     370.,  0.00000000E+00,  0.00000000E+00,  0.00000000E+00,  0.00000000E+00,  0.19178799E+02, -0.11976790E+01
     371.,  0.00000000E+00,  0.00000000E+00,  0.00000000E+00,  0.00000000E+00,  0.19460314E+02, -0.11976790E+01
     372.,  0.00000000E+00,  0.00000000E+00,  0.00000000E+00,  0.00000000E+00,  0.20291436E+02, -0.11976790E+01
     373.,  0.00000000E+00,  0.00000000E+00,  0.00000000E+00,  0.00000000E+00,  0.23465133E+02, -0.11976790E+01
     374.,  0.00000000E+00,  0.00000000E+00,  0.00000000E+00,  0.00000000E+00,  0.40312306E+02, -0.11976790E+01
     375.,  0.00000000E+00,  0.00000000E+00,  0.00000000E+00,  0.00000000E+00,  0.87685441E+02, -0.11976790E+01
     376.,  0.00000000E+00,  0.00000000E+00,  0.00000000E+00,  0.00000000E+00,  0.14188511E+03, -0.11976790E+01
     377.,  0.00000000E+00,  0.00000000E+00,  0.00000000E+00,  0.00000000E+00,  0.17424681E+03, -0.11976790E+01
     378.,  0.00000000E+00,  0.00000000E+00,  0.00000000E+00,  0.95357354E-04,  0.18545410E+03, -0.11976790E+01
     379.,  0.00000000E+00,  0.00000000E+00,  0.00000000E+00,  0.27113833E-03,  0.18659599E+03, -0.11976790E+01
     380.,  0.00000000E+00,  0.00000000E+00,  0.00000000E+00,  0.59126008E-03,  0.18857818E+03, -0.11976790E+01
     381.,  0.00000000E+00,  0.00000000E+00,  0.00000000E+00,  0.12721850E-02,  0.19341484E+03, -0.11976790E+01
     382.,  0.00000000E+00,  0.00000000E+00,  0.00000000E+00,  0.26725596E-02,  0.20023939E+03, -0.11976790E+01
     383.,  0.00000000E+00,  0.00000000E+00,  0.00000000E+00,  0.44680249E-02,  0.21380474E+03, -0.11976790E+01
     384.,  0.00000000E+00,  0.00000000E+00,  0.00000000E+00,  0.92602480E-02,  0.23926405E+03, -0.11976790E+01
     385.,  0.00000000E+00,  0.00000000E+00,  0.00000000E+00,  0.49418196E-01,  0.34448757E+03, -0.11976790E+01
     386.,  0.00000000E+00,  0.00000000E+00,  0.00000000E+00,  0.57009219E-01,  0.35794604E+03, -0.11976790E+01
     387.,  0.00000000E+00,  0.00000000E+00,  0.00000000E+00,  0.64283430E-01,  0.36989431E+03, -0.11976790E+01
     388.,  0.00000000E+00,  0.00000000E+00,  0.00000000E+00,  0.66583948E-01,  0.37351546E+03, -0.11976790E+01
     389.,  0.00000000E+00,  0.00000000E+00,  0.00000000E+00,  0.59323926E-01,  0.36080671E+03, -0.11976790E+01
     390.,  0.00000000E+00,  0.00000000E+00,  0.00000000E+00,  0.41051727E-01,  0.32784938E+03, -0.11976790E+01
     391.,  0.00000000E+00,  0.00000000E+00,  0.00000000E+00,  0.18765697E-01,  0.27549391E+03, -0.11976790E+01
     392.,  0.00000000E+00,  0.00000000E+00,  0.00000000E+00,  0.87720337E-02,  0.22249213E+03, -0.11976790E+01
     393.,  0.00000000E+00,  0.00000000E+00,  0.00000000E+00,  0.27192762E-01,  0.30199159E+03, -0.11976790E+01
     394.,  0.00000000E+00,  0.00000000E+00,  0.00000000E+00,  0.48823648E-01,  0.34439554E+03, -0.11976790E+01
     395.,  0.00000000E+00,  0.00000000E+00,  0.00000000E+00,  0.65213812E-01,  0.37130727E+03, -0.11976790E+01
     396.,  0.00000000E+00,  0.00000000E+00,  0.00000000E+00,  0.79604510E-01,  0.39350258E+03, -0.11976790E+01
     397.,  0.00000000E+00,  0.00000000E+00,  0.00000000E+00,  0.87390114E-01,  0.40512737E+03, -0.11976790E+01
     398.,  0.00000000E+00,  0.00000000E+00,  0.00000000E+00,  0.84763821E-01,  0.40117659E+03, -0.11976790E+01
     399.,  0.00000000E+00,  0.00000000E+00,  0.00000000E+00,  0.75545287E-01,  0.38746122E+03, -0.11976790E+01
     400.,  0.00000000E+00,  0.00000000E+00,  0.00000000E+00,  0.62817786E-01,  0.36682350E+03, -0.11976790E+01
     401.,  0.00000000E+00,  0.00000000E+00,  0.00000000E+00,  0.52191690E-01,  0.34947291E+03, -0.11976790E+01
     402.,  0.00000000E+00,  0.00000000E+00,  0.00000000E+00,  0.44322819E-01,  0.33611082E+03, -0.11976790E+01
     403.,  0.00000000E+00,  0.00000000E+00,  0.00000000E+00,  0.32818283E-01,  0.31483927E+03, -0.11976790E+01
     404.,  0.00000000E+00,  0.00000000E+00,  0.00000000E+00,  0.20387118E-01,  0.28445211E+03, -0.11976790E+01
     405.,  0.00000000E+00,  0.00000000E+00,  0.00000000E+00,  0.10735315E-01,  0.24718324E+03, -0.11976790E+01
     406.,  0.00000000E+00,  0.00000000E+00,  0.00000000E+00,  0.53244531E-02,  0.21932116E+03, -0.11976790E+01
     407.,  0.00000000E+00,  0.00000000E+00,  0.00000000E+00,  0.23163766E-02,  0.20050001E+03, -0.11976790E+01
     408.,  0.00000000E+00,  0.00000000E+00,  0.00000000E+00,  0.51534841E-03,  0.18757470E+03, -0.11976790E+01
     409.,  0.00000000E+00,  0.00000000E+00,  0.00000000E+00,  0.00000000E+00,  0.11952755E+03, -0.11976790E+01
     410.,  0.00000000E+00,  0.00000000E+00,  0.00000000E+00,  0.00000000E+00,  0.43061508E+02, -0.11976790E+01
     411.,  0.00000000E+00,  0.00000000E+00,  0.00000000E+00,  0.00000000E+00,  0.13558876E+02, -0.11976790E+01
     412.,  0.00000000E+00,  0.00000000E+00,  0.00000000E+00,  0.00000000E+00,  0.10822176E+02, -0.11976790E+01
     413.,  0.00000000E+00,  0.00000000E+00,  0.00000000E+00,  0.00000000E+00,  0.13050054E+02, -0.11976790E+01
     414.,  0.00000000E+00,  0.00000000E+00,  0.00000000E+00,  0.00000000E+00,  0.14402987E+02, -0.11976790E+01
     415.,  0.00000000E+00,  0.00000000E+00,  0.00000000E+00,  0.00000000E+00,  0.15275385E+02, -0.11976790E+01
     416.,  0.00000000E+00,  0.00000000E+00,  0.00000000E+00,  0.00000000E+00,  0.15873785E+02, -0.11976790E+01
     417.,  0.00000000E+00,  0.00000000E+00,  0.00000000E+00,  0.00000000E+00,  0.16589414E+02, -0.11976790E+01
     418.,  0.00000000E+00,  0.00000000E+00,  0.00000000E+00,  0.00000000E+00,  0.17334743E+02, -0.11976790E+01
     419.,  0.00000000E+00,  0.00000000E+00,  0.00000000E+00,  0.00000000E+00,  0.17921896E+02, -0.11976790E+01
     420.,  0.00000000E+00,  0.00000000E+00,  0.00000000E+00,  0.00000000E+00,  0.18231191E+02, -0.11976790E+01
     421.,  0.00000000E+00,  0.00000000E+00,  0.00000000E+00,  0.00000000E+00,  0.18176063E+02, -0.11976790E+01
     422.,  0.00000000E+00,  0.00000000E+00,  0.00000000E+00,  0.00000000E+00,  0.17778939E+02, -0.11976790E+01
     423.,  0.00000000E+00,  0.00000000E+00,  0.00000000E+00,  0.00000000E+00,  0.17212552E+02, -0.11976790E+01
     424.,  0.00000000E+00,  0.00000000E+00,  0.00000000E+00,  0.00000000E+00,  0.16709408E+02, -0.11976790E+01
     425.,  0.00000000E+00,  0.00000000E+00,  0.00000000E+00,  0.00000000E+00,  0.16430711E+02, -0.11976790E+01
     426.,  0.00000000E+00,  0.00000000E+00,  0.00000000E+00,  0.00000000E+00,  0.16482407E+02, -0.11976790E+01
     427.,  0.00000000E+00,  0.00000000E+00,  0.00000000E+00,  0.00000000E+00,  0.16906651E+02, -0.11976790E+01
     428.,  0.00000000E+00,  0.00000000E+00,  0.00000000E+00,  0.00000000E+00,  0.17573922E+02, -0.11976790E+01
     429.,  0.00000000E+00,  0.00000000E+00,  0.00000000E+00,  0.00000000E+00,  0.18254282E+02, -0.11976790E+01
     430.,  0.00000000E+00,  0.00000000E+00,  0.00000000E+00,  0.00000000E+00,  0.18795726E+02, -0.11976790E+01
     431.,  0.00000000E+00,  0.00000000E+00,  0.00000000E+00,  0.00000000E+00,  0.19172283E+02, -0.11976790E+01
     432.,  0.00000000E+00,  0.00000000E+00,  0.00000000E+00,  0.00000000E+00,  0.19529055E+02, -0.11976790E+01
     433.,  0.00000000E+00,  0.00000000E+00,  0.00000000E+00,  0.00000000E+00,  0.20099380E+02, -0.11976790E+01
     434.,  0.00000000E+00,  0.00000000E+00,  0.00000000E+00,  0.00000000E+00,  0.20473750E+02, -0.11976790E+01
     435.,  0.00000000E+00,  0.00000000E+00,  0.00000000E+00,  0.00000000E+00,  0.21415926E+02, -0.11976790E+01
     436.,  0.00000000E+00,  0.00000000E+00,  0.00000000E+00,  0.00000000E+00,  0.24640135E+02, -0.11976790E+01
     437.,  0.00000000E+00,  0.00000000E+00,  0.00000000E+00,  0.00000000E+00,  0.38649303E+02, -0.11976790E+01
     438.,  0.00000000E+00,  0.00000000E+00,  0.00000000E+00,  0.00000000E+00,  0.83437251E+02, -0.11976790E+01
     439.,  0.00000000E+00,  0.00000000E+00,  0.00000000E+00,  0.11996750E-03,  0.17016011E+03, -0.11976790E+01
     440.,  0.00000000E+00,  0.00000000E+00,  0.00000000E+00,  0.16800567E-02,  0.19588823E+03, -0.11976790E+01
     441.,  0.00000000E+00,  0.00000000E+00,  0.00000000E+00,  0.57052752E-02,  0.22135148E+03, -0.11976790E+01
     442.,  0.00000000E+00,  0.00000000E+00,  0.00000000E+00,  0.12582239E-01,  0.25620157E+03, -0.11976790E+01
     443.,  0.00000000E+00,  0.00000000E+00,  0.00000000E+00,  0.22845854E-01,  0.29352141E+03, -0.11976790E+01
     444.,  0.00000000E+00,  0.00000000E+00,  0.00000000E+00,  0.36047361E-01,  0.32231494E+03, -0.11976790E+01
     445.,  0.00000000E+00,  0.00000000E+00,  0.00000000E+00,  0.46683195E-01,  0.34086967E+03, -0.11976790E+01
     446.,  0.00000000E+00,  0.00000000E+00,  0.00000000E+00,  0.50337045E-01,  0.34713399E+03, -0.11976790E+01
     447.,  0.00000000E+00,  0.00000000E+00,  0.00000000E+00,  0.49634544E-01,  0.34584488E+03, -0.11976790E+01
     448.,  0.00000000E+00,  0.00000000E+00,  0.00000000E+00,  0.47731373E-01,  0.34221381E+03, -0.11976790E+01
     449.,  0.00000000E+00,  0.00000000E+00,  0.00000000E+00,  0.30580619E-02,  0.18497613E+03, -0.11976790E+01
     450.,  0.00000000E+00,  0.00000000E+00,  0.00000000E+00,  0.55314517E-02,  0.21726141E+03, -0.11976790E+01
     451.,  0.00000000E+00,  0.00000000E+00,  0.00000000E+00,  0.13139186E-01,  0.25453374E+03, -0.11976790E+01
     452.,  0.00000000E+00,  0.00000000E+00,  0.00000000E+00,  0.26653330E-01,  0.30322680E+03, -0.11976790E+01
     453.,  0.00000000E+00,  0.00000000E+00,  0.00000000E+00,  0.39260353E-01,  0.32672661E+03, -0.11976790E+01
     454.,  0.00000000E+00,  0.00000000E+00,  0.00000000E+00,  0.45732519E-01,  0.33845754E+03, -0.11976790E+01
     455.,  0.00000000E+00,  0.00000000E+00,  0.00000000E+00,  0.33096785E-01,  0.31544913E+03, -0.11976790E+01
     456.,  0.00000000E+00,  0.00000000E+00,  0.00000000E+00,  0.16577678E-01,  0.25812846E+03, -0.11976790E+01
     457.,  0.00000000E+00,  0.00000000E+00,  0.00000000E+00,  0.19945791E-01,  0.28011030E+03, -0.11976790E+01
     458.,  0.00000000E+00,  0.00000000E+00,  0.00000000E+00,  0.28940217E-01,  0.30945934E+03, -0.11976790E+01
     459.,  0.00000000E+00,  0.00000000E+00,  0.00000000E+00,  0.29917937E-01,  0.31072876E+03, -0.11976790E+01
     460.,  0.00000000E+00,  0.00000000E+00,  0.00000000E+00,  0.22776338E-01,  0.29271993E+03, -0.11976790E+01
     461.,  0.00000000E+00,  0.00000000E+00,  0.00000000E+00,  0.13245980E-01,  0.25560056E+03, -0.11976790E+01
     462.,  0.00000000E+00,  0.00000000E+00,  0.00000000E+00,  0.64066409E-02,  0.22164620E+03, -0.11976790E+01
     463.,  0.00000000E+00,  0.00000000E+00,  0.00000000E+00,  0.30575054E-02,  0.19281315E+03, -0.11976790E+01
     464.,  0.00000000E+00,  0.00000000E+00,  0.00000000E+00,  0.55236287E-02,  0.19161020E+03, -0.11976790E+01
     465.,  0.00000000E+00,  0.00000000E+00,  0.00000000E+00,  0.14691075E-01,  0.25240457E+03, -0.11976790E+01
     466.,  0.00000000E+00,  0.00000000E+00,  0.00000000E+00,  0.22178693E-01,  0.29004599E+03, -0.11976790E+01
     467.,  0.00000000E+00,  0.00000000E+00,  0.00000000E+00,  0.26870117E-01,  0.30519253E+03, -0.11976790E+01
     468.,  0.00000000E+00,  0.00000000E+00,  0.00000000E+00,  0.24325558E-01,  0.29776716E+03, -0.11976790E+01
     469.,  0.00000000E+00,  0.00000000E+00,  0.00000000E+00,  0.14986790E-01,  0.26584979E+03, -0.11976790E+01
     470.,  0.00000000E+00,  0.00000000E+00,  0.00000000E+00,  0.64737070E-02,  0.22534523E+03, -0.11976790E+01
     471.,  0.00000000E+00,  0.00000000E+00,  0.00000000E+00,  0.22890042E-02,  0.19994456E+03, -0.11976790E+01
     472.,  0.00000000E+00,  0.00000000E+00,  0.00000000E+00,  0.59374865E-03,  0.18859799E+03, -0.11976790E+01
     473.,  0.00000000E+00,  0.00000000E+00,  0.00000000E+00,  0.00000000E+00,  0.14113682E+03, -0.11976790E+01
     474.,  0.00000000E+00,  0.00000000E+00,  0.00000000E+00,  0.00000000E+00,  0.61760265E+02, -0.11976790E+01
     475.,  0.00000000E+00,  0.00000000E+00,  0.00000000E+00,  0.00000000E+00,  0.23696101E+02, -0.11976790E+01
     476.,  0.00000000E+00,  0.00000000E+00,  0.00000000E+00,  0.00000000E+00,  0.12010218E+02, -0.11976790E+01
     477.,  0.00000000E+00,  0.00000000E+00,  0.00000000E+00,  0.00000000E+00,  0.10797705E+02, -0.11976790E+01
     478.,  0.00000000E+00,  0.00000000E+00,  0.00000000E+00,  0.00000000E+00,  0.11543970E+02, -0.11976790E+01
     479.,  0.00000000E+00,  0.00000000E+00,  0.00000000E+00,  0.00000000E+00,  0.12045645E+02, -0.11976790E+01
     480.,  0.00000000E+00,  0.00000000E+00,  0.00000000E+00,  0.00000000E+00,  0.12359337E+02, -0.11976790E+01
     481.,  0.00000000E+00,  0.00000000E+00,  0.00000000E+00,  0.00000000E+00,  0.13262995E+02, -0.11976790E+01
     482.,  0.00000000E+00,  0.00000000E+00,  0.00000000E+00,  0.00000000E+00,  0.14767401E+02, -0.11976790E+01
     483.,  0.00000000E+00,  0.00000000E+00,  0.00000000E+00,  0.00000000E+00,  0.16052530E+02, -0.11976790E+01
     484.,  0.00000000E+00,  0.00000000E+00,  0.00000000E+00,  0.00000000E+00,  0.17044086E+02, -0.11976790E+01
     485.,  0.00000000E+00,  0.00000000E+00,  0.00000000E+00,  0.00000000E+00,  0.17719860E+02, -0.11976790E+01
     486.,  0.00000000E+00,  0.00000000E+00,  0.00000000E+00,  0.00000000E+00,  0.18173177E+02, -0.11976790E+01
     487.,  0.00000000E+00,  0.00000000E+00,  0.00000000E+00,  0.00000000E+00,  0.18555502E+02, -0.11976790E+01
     488.,  0.00000000E+00,  0.00000000E+00,  0.00000000E+00,  0.00000000E+00,  0.18885546E+02, -0.11976790E+01
     489.,  0.00000000E+00,  0.00000000E+00,  0.00000000E+00,  0.00000000E+00,  0.19030070E+02, -0.11976790E+01
     490.,  0.00000000E+00,  0.00000000E+00,  0.00000000E+00,  0.00000000E+00,  0.18967001E+02, -0.11976790E+01
     491.,  0.00000000E+00,  0.00000000E+00,  0.00000000E+00,  0.00000000E+00,  0.18881203E+02, -0.11976790E+01
     492.,  0.00000000E+00,  0.00000000E+00,  0.00000000E+00,  0.00000000E+00,  0.18921069E+02, -0.11976790E+01
     493.,  0.00000000E+00,  0.00000000E+00,  0.00000000E+00,  0.00000000E+00,  0.19032110E+02, -0.11976790E+01
     494.,  0.00000000E+00,  0.00000000E+00,  0.00000000E+00,  0.00000000E+00,  0.19059204E+02, -0.11976790E+01
     495.,  0.00000000E+00,  0.00000000E+00,  0.00000000E+00,  0.00000000E+00,  0.18905966E+02, -0.11976790E+01
     496.,  0.00000000E+00,  0.00000000E+00,  0.00000000E+00,  0.00000000E+00,  0.18442650E+02, -0.11976790E+01
     497.,  0.00000000E+00,  0.00000000E+00,  0.00000000E+00,  0.00000000E+00,  0.18399769E+02, -0.11976790E+01
     498.,  0.00000000E+00,  0.00000000E+00,  0.00000000E+00,  0.00000000E+00,  0.19241545E+02, -0.11976790E+01
     499.,  0.00000000E+00,  0.00000000E+00,  0.00000000E+00,  0.00000000E+00,  0.20807708E+02, -0.11976790E+01
     500.,  0.00000000E+00,  0.00000000E+00,  0.00000000E+00,  0.00000000E+00,  0.25921476E+02, -0.11976790E+01
     501.,  0.00000000E+00,  0.00000000E+00,  0.00000000E+00,  0.00000000E+00,  0.42817166E+02, -0.11976790E+01
     502.,  0.00000000E+00,  0.00000000E+00,  0.00000000E+00,  0.00000000E+00,  0.87457569E+02, -0.11976790E+01
     503.,  0.00000000E+00,  0.00000000E+00,  0.00000000E+00,  0.74433849E-04,  0.17393683E+03, -0.11976790E+01
     504.,  0.00000000E+00,  0.00000000E+00,  0.00000000E+00,  0.11550552E-02,  0.19279480E+03, -0.11976790E+01
     505.,  0.00000000E+00,  0.00000000E+00,  0.00000000E+00,  0.39364922E-02,  0.21067133E+03, -0.11976790E+01
     506.,  0.00000000E+00,  0.00000000E+00,  0.00000000E+00,  0.99841990E-02,  0.24388773E+03, -0.11976790E+01
     507.,  0.00000000E+00,  0.00000000E+00,  0.00000000E+00,  0.19006639E-01,  0.28148043E+03, -0.11976790E+01
     508.,  0.00000000E+00,  0.00000000E+00,  0.00000000E+00,  0.24164215E-01,  0.29729145E+03, -0.11976790E+01
     509.,  0.00000000E+00,  0.00000000E+00,  0.00000000E+00,  0.20288666E-01,  0.28323606E+03, -0.11976790E+01
     510.,  0.00000000E+00,  0.00000000E+00,  0.00000000E+00,  0.12437018E-01,  0.24841959E+03, -0.11976790E+01
     511.,  0.00000000E+00,  0.00000000E+00,  0.00000000E+00,  0.67980035E-02,  0.20297526E+03, -0.11976790E+01
     512.,  0.00000000E+00,  0.00000000E+00,  0.00000000E+00,  0.35410007E-02,  0.19901533E+03, -0.11976790E+01
     513.,  0.00000000E+00,  0.00000000E+00,  0.00000000E+00,  0.76129317E-03,  0.17496561E+03, -0.11976790E+01
     514.,  0.00000000E+00,  0.00000000E+00,  0.00000000E+00,  0.69477336E-03,  0.14237672E+03, -0.11976790E+01
     515.,  0.00000000E+00,  0.00000000E+00,  0.00000000E+00,  0.55155385E-02,  0.21992279E+03, -0.11976790E+01
     516.,  0.00000000E+00,  0.00000000E+00,  0.00000000E+00,  0.14520804E-01,  0.26109175E+03, -0.11976790E+01
     517.,  0.00000000E+00,  0.00000000E+00,  0.00000000E+00,  0.25487896E-01,  0.30074937E+03, -0.11976790E+01
     518.,  0.00000000E+00,  0.00000000E+00,  0.00000000E+00,  0.38620101E-01,  0.32471477E+03, -0.11976790E+01
     519.,  0.00000000E+00,  0.00000000E+00,  0.00000000E+00,  0.42134137E-01,  0.33261520E+03, -0.11976790E+01
     520.,  0.00000000E+00,  0.00000000E+00,  0.00000000E+00,  0.27359440E-01,  0.29623241E+03, -0.11976790E+01
     521.,  0.00000000E+00,  0.00000000E+00,  0.00000000E+00,  0.22732985E-01,  0.28301193E+03, -0.11976790E+01
     522.,  0.00000000E+00,  0.00000000E+00,  0.00000000E+00,  0.26409445E-01,  0.30313084E+03, -0.11976790E+01
     523.,  0.00000000E+00,  0.00000000E+00,  0.00000000E+00,  0.22263395E-01,  0.29181311E+03, -0.11976790E+01
     524.,  0.00000000E+00,  0.00000000E+00,  0.00000000E+00,  0.12634521E-01,  0.25479157E+03, -0.11976790E+01
     525.,  0.00000000E+00,  0.00000000E+00,  0.00000000E+00,  0.53261817E-02,  0.21931736E+03, -0.11976790E+01
     526.,  0.00000000E+00,  0.00000000E+00,  0.00000000E+00,  0.31858590E-02,  0.20459163E+03, -0.11976790E+01
     527.,  0.00000000E+00,  0.00000000E+00,  0.00000000E+00,  0.40964552E-02,  0.20382870E+03, -0.11976790E+01
     528.,  0.00000000E+00,  0.00000000E+00,  0.00000000E+00,  0.42308674E-02,  0.21003169E+03, -0.11976790E+01
     529.,  0.00000000E+00,  0.00000000E+00,  0.00000000E+00,  0.30167268E-02,  0.20491402E+03, -0.11976790E+01
     530.,  0.00000000E+00,  0.00000000E+00,  0.00000000E+00,  0.83435107E-02,  0.23121171E+03, -0.11976790E+01
     531.,  0.00000000E+00,  0.00000000E+00,  0.00000000E+00,  0.16535025E-01,  0.27166801E+03, -0.11976790E+01
     532.,  0.00000000E+00,  0.00000000E+00,  0.00000000E+00,  0.21429652E-01,  0.28980241E+03, -0.11976790E+01
     533.,  0.00000000E+00,  0.00000000E+00,  0.00000000E+00,  0.17146446E-01,  0.27471914E+03, -0.11976790E+01
     534.,  0.00000000E+00,  0.00000000E+00,  0.00000000E+00,  0.87363899E-02,  0.23729481E+03, -0.11976790E+01
     535.,  0.00000000E+00,  0.00000000E+00,  0.00000000E+00,  0.31530036E-02,  0.20492925E+03, -0.11976790E+01
     536.,  0.00000000E+00,  0.00000000E+00,  0.00000000E+00,  0.75704073E-03,  0.18980694E+03, -0.11976790E+01
     537.,  0.00000000E+00,  0.00000000E+00,  0.00000000E+00,  0.00000000E+00,  0.15723174E+03, -0.11976790E+01
     538.,  0.00000000E+00,  0.00000000E+00,  0.00000000E+00,  0.00000000E+00,  0.71240470E+02, -0.11976790E+01
     539.,  0.00000000E+00,  0.00000000E+00,  0.00000000E+00,  0.00000000E+00,  0.30983703E+02, -0.11976790E+01
     540.,  0.00000000E+00,  0.00000000E+00,  0.00000000E+00,  0.00000000E+00,  0.15074090E+02, -0.11976790E+01
     541.,  0.00000000E+00,  0.00000000E+00,  0.00000000E+00,  0.00000000E+00,  0.10803955E+02, -0.11976790E+01
     542.,  0.00000000E+00,  0.00000000E+00,  0.00000000E+00,  0.00000000E+00,  0.97729883E+01, -0.11976790E+01
     543.,  0.00000000E+00,  0.00000000E+00,  0.00000000E+00,  0.00000000E+00,  0.95495001E+01, -0.11976790E+01
     544.,  0.00000000E+00,  0.00000000E+00,  0.00000000E+00,  0.00000000E+00,  0.90373766E+01, -0.11976790E+01
     545.,  0.00000000E+00,  0.00000000E+00,  0.00000000E+00,  0.00000000E+00,  0.95901253E+01, -0.11976790E+01
     546.,  0.00000000E+00,  0.00000000E+00,  0.00000000E+00,  0.00000000E+00,  0.11541422E+02, -0.11976790E+01
     547.,  0.00000000E+00,  0.00000000E+00,  0.00000000E+00,  0.00000000E+00,  0.13515938E+02, -0.11976790E+01
     548.,  0.00000000E+00,  0.00000000E+00,  0.00000000E+00,  0.00000000E+00,  0.15336433E+02, -0.11976790E+01
     549.,  0.00000000E+00,  0.00000000E+00,  0.00000000E+00,  0.00000000E+00,  0.17013581E+02, -0.11976790E+01
     550.,  0.00000000E+00,  0.00000000E+00,  0.00000000E+00,  0.00000000E+00,  0.18664560E+02, -0.11976790E+01
     551.,  0.00000000E+00,  0.00000000E+00,  0.00000000E+00,  0.00000000E+00,  0.20294575E+02, -0.11976790E+01
     552.,  0.00000000E+00,  0.00000000E+00,  0.00000000E+00,  0.00000000E+00,  0.21601417E+02, -0.11976790E+01
     553.,  0.00000000E+00,  0.00000000E+00,  0.00000000E+00,  0.00000000E+00,  0.22152130E+02, -0.11976790E+01
     554.,  0.00000000E+00,  0.00000000E+00,  0.00000000E+00,  0.00000000E+00,  0.21809651E+02, -0.11976790E+01
     555.,  0.00000000E+00,  0.00000000E+00,  0.00000000E+00,  0.00000000E+00,  0.20860328E+02, -0.11976790E+01
     556.,  0.00000000E+00,  0.00000000E+00,  0.00000000E+00,  0.00000000E+00,  0.19718191E+02, -0.11976790E+01
     557.,  0.00000000E+00,  0.00000000E+00,  0.00000000E+00,  0.00000000E+00,  0.18580237E+02, -0.11976790E+01
     558.,  0.00000000E+00,  0.00000000E+00,  0.00000000E+00,  0.00000000E+00,  0.17364186E+02, -0.11976790E+01
     559.,  0.00000000E+00,  0.00000000E+00,  0.00000000E+00,  0.00000000E+00,  0.15785945E+02, -0.11976790E+01
     560.,  0.00000000E+00,  0.00000000E+00,  0.00000000E+00,  0.00000000E+00,  0.13511187E+02, -0.11976790E+01
     561.,  0.00000000E+00,  0.00000000E+00,  0.00000000E+00,  0.00000000E+00,  0.13022727E+02, -0.11976790E+01
     562.,  0.00000000E+00,  0.00000000E+00,  0.00000000E+00,  0.00000000E+00,  0.14635160E+02, -0.11976790E+01
     563.,  0.00000000E+00,  0.00000000E+00,  0.00000000E+00,  0.00000000E+00,  0.17250282E+02, -0.11976790E+01
     564.,  0.00000000E+00,  0.00000000E+00,  0.00000000E+00,  0.00000000E+00,  0.23856558E+02, -0.11976790E+01
     565.,  0.00000000E+00,  0.00000000E+00,  0.00000000E+00,  0.00000000E+00,  0.41970243E+02, -0.11976790E+01
     566.,  0.00000000E+00,  0.00000000E+00,  0.00000000E+00,  0.00000000E+00,  0.86390290E+02, -0.11976790E+01
     567.,  0.00000000E+00,  0.00000000E+00,  0.00000000E+00,  0.23779939E-04,  0.17492139E+03, -0.11976790E+01
     568.,  0.00000000E+00,  0.00000000E+00,  0.00000000E+00,  0.10223906E-02,  0.19186097E+03, -0.11976790E+01
     569.,  0.00000000E+00,  0.00000000E+00,  0.00000000E+00,  0.38633931E-02,  0.21033417E+03, -0.11976790E+01
     570.,  0.00000000E+00,  0.00000000E+00,  0.00000000E+00,  0.10100836E-01,  0.24477807E+03, -0.11976790E+01
     571.,  0.00000000E+00,  0.00000000E+00,  0.00000000E+00,  0.17322625E-01,  0.27573493E+03, -0.11976790E+01
     572.,  0.00000000E+00,  0.00000000E+00,  0.00000000E+00,  0.18372737E-01,  0.27878293E+03, -0.11976790E+01
     573.,  0.00000000E+00,  0.00000000E+00,  0.00000000E+00,  0.12380514E-01,  0.25328439E+03, -0.11976790E+01
     574.,  0.00000000E+00,  0.00000000E+00,  0.00000000E+00,  0.60788444E-02,  0.21881407E+03, -0.11976790E+01
     575.,  0.00000000E+00,  0.00000000E+00,  0.00000000E+00,  0.20985877E-02,  0.17695084E+03, -0.11976790E+01
     576.,  0.00000000E+00,  0.00000000E+00,  0.00000000E+00,  0.46050577E-03,  0.17470557E+03, -0.11976790E+01
     577.,  0.00000000E+00,  0.00000000E+00,  0.00000000E+00,  0.19147908E-02,  0.19256279E+03, -0.11976790E+01
     578.,  0.00000000E+00,  0.00000000E+00,  0.00000000E+00,  0.29656479E-02,  0.18902587E+03, -0.11976790E+01
     579.,  0.00000000E+00,  0.00000000E+00,  0.00000000E+00,  0.27989586E-02,  0.17512366E+03, -0.11976790E+01
     580.,  0.00000000E+00,  0.00000000E+00,  0.00000000E+00,  0.10809937E-01,  0.24658176E+03, -0.11976790E+01
     581.,  0.00000000E+00,  0.00000000E+00,  0.00000000E+00,  0.17591709E-01,  0.26576896E+03, -0.11976790E+01
     582.,  0.00000000E+00,  0.00000000E+00,  0.00000000E+00,  0.29509005E-01,  0.30942894E+03, -0.11976790E+01
     583.,  0.00000000E+00,  0.00000000E+00,  0.00000000E+00,  0.35040452E-01,  0.31892296E+03, -0.11976790E+01
     584.,  0.00000000E+00,  0.00000000E+00,  0.00000000E+00,  0.31413983E-01,  0.31105350E+03, -0.11976790E+01
     585.,  0.00000000E+00,  0.00000000E+00,  0.00000000E+00,  0.24403850E-01,  0.29008601E+03, -0.11976790E+01
     586.,  0.00000000E+00,  0.00000000E+00,  0.00000000E+00,  0.28743706E-01,  0.30858570E+03, -0.11976790E+01
     587.,  0.00000000E+00,  0.00000000E+00,  0.00000000E+00,  0.20969625E-01,  0.28428994E+03, -0.11976790E+01
     588.,  0.00000000E+00,  0.00000000E+00,  0.00000000E+00,  0.80536216E-02,  0.23410921E+03, -0.11976790E+01
     589.,  0.00000000E+00,  0.00000000E+00,  0.00000000E+00,  0.53535135E-02,  0.21361364E+03, -0.11976790E+01
     590.,  0.00000000E+00,  0.00000000E+00,  0.00000000E+00,  0.51108962E-02,  0.20618244E+03, -0.11976790E+01
     591.,  0.00000000E+00,  0.00000000E+00,  0.00000000E+00,  0.45463821E-02,  0.20739411E+03, -0.11976790E+01
     592.,  0.00000000E+00,  0.00000000E+00,  0.00000000E+00,  0.18113781E-02,  0.18779501E+03, -0.11976790E+01
     593.,  0.00000000E+00,  0.00000000E+00,  0.00000000E+00,  0.18526993E-02,  0.19461468E+03, -0.11976790E+01
     594.,  0.00000000E+00,  0.00000000E+00,  0.00000000E+00,  0.28200509E-02,  0.20406400E+03, -0.11976790E+01
     595.,  0.00000000E+00,  0.00000000E+00,  0.00000000E+00,  0.81291995E-02,  0.23263997E+03, -0.11976790E+01
     596.,  0.00000000E+00,  0.00000000E+00,  0.00000000E+00,  0.15955286E-01,  0.27027378E+03, -0.11976790E+01
     597.,  0.00000000E+00,  0.00000000E+00,  0.00000000E+00,  0.16910910E-01,  0.27428272E+03, -0.11976790E+01
     598.,  0.00000000E+00,  0.00000000E+00,  0.00000000E+00,  0.10801675E-01,  0.24746518E+03, -0.11976790E+01
     599.,  0.00000000E+00,  0.00000000E+00,  0.00000000E+00,  0.42836792E-02,  0.21168648E+03, -0.11976790E+01
     600.,  0.00000000E+00,  0.00000000E+00,  0.00000000E+00,  0.97891959E-03,  0.19101268E+03, -0.11976790E+01
     601.,  0.00000000E+00,  0.00000000E+00,  0.00000000E+00,  0.00000000E+00,  0.16283256E+03, -0.11976790E+01
     602.,  0.00000000E+00,  0.00000000E+00,  0.00000000E+00,  0.00000000E+00,  0.77097250E+02, -0.11976790E+01
     603.,  0.00000000E+00,  0.00000000E+00,  0.00000000E+00,  0.00000000E+00,  0.34407269E+02, -0.11976790E+01
     604.,  0.00000000E+00,  0.00000000E+00,  0.00000000E+00,  0.00000000E+00,  0.17053725E+02, -0.11976790E+01
     605.,  0.00000000E+00,  0.00000000E+00,  0.00000000E+00,  0.00000000E+00,  0.10651322E+02, -0.11976790E+01
     606.,  0.00000000E+00,  0.00000000E+00,  0.00000000E+00,  0.00000000E+00,  0.85722330E+01, -0.11976790E+01
     607.,  0.00000000E+00,  0.00000000E+00,  0.00000000E+00,  0.00000000E+00,  0.71458386E+01, -0.11976790E+01
     608.,  0.00000000E+00,  0.00000000E+00,  0.00000000E+00,  0.00000000E+00,  0.58019949E+01, -0.11976790E+01
     609.,  0.00000000E+00,  0.00000000E+00,  0.00000000E+00,  0.00000000E+00,  0.59957599E+01, -0.11976790E+01
     610.,  0.00000000E+00,  0.00000000E+00,  0.00000000E+00,  0.00000000E+00,  0.81616254E+01, -0.11976790E+01
     611.,  0.00000000E+00,  0.00000000E+00,  0.00000000E+00,  0.00000000E+00,  0.10605750E+02, -0.11976790E+01
     612.,  0.00000000E+00,  0.00000000E+00,  0.00000000E+00,  0.00000000E+00,  0.13265948E+02, -0.11976790E+01
     613.,  0.00000000E+00,  0.00000000E+00,  0.00000000E+00,  0.00000000E+00,  0.16176977E+02, -0.11976790E+01
     614.,  0.00000000E+00,  0.00000000E+00,  0.00000000E+00,  0.00000000E+00,  0.19365067E+02, -0.11976790E+01
     615.,  0.00000000E+00,  0.00000000E+00,  0.00000000E+00,  0.00000000E+00,  0.22516803E+02, -0.11976790E+01
     616.,  0.00000000E+00,  0.00000000E+00,  0.00000000E+00,  0.00000000E+00,  0.24925312E+02, -0.11976790E+01
     617.,  0.00000000E+00,  0.00000000E+00,  0.00000000E+00,  0.00000000E+00,  0.25873199E+02, -0.11976790E+01
     618.,  0.00000000E+00,  0.00000000E+00,  0.00000000E+00,  0.00000000E+00,  0.25111002E+02, -0.11976790E+01
     619.,  0.00000000E+00,  0.00000000E+00,  0.00000000E+00,  0.00000000E+00,  0.22977419E+02, -0.11976790E+01
     620.,  0.00000000E+00,  0.00000000E+00,  0.00000000E+00,  0.00000000E+00,  0.20111510E+02, -0.11976790E+01
     621.,  0.00000000E+00,  0.00000000E+00,  0.00000000E+00,  0.00000000E+00,  0.17069860E+02, -0.11976790E+01
     622.,  0.00000000E+00,  0.00000000E+00,  0.00000000E+00,  0.00000000E+00,  0.14022627E+02, -0.11976790E+01
     623.,  0.00000000E+00,  0.00000000E+00,  0.00000000E+00,  0.00000000E+00,  0.10798429E+02, -0.11976790E+01
     624.,  0.00000000E+00,  0.00000000E+00,  0.00000000E+00,  0.00000000E+00,  0.72940689E+01, -0.11976790E+01
     625.,  0.00000000E+00,  0.00000000E+00,  0.00000000E+00,  0.00000000E+00,  0.67717106E+01, -0.11976790E+01
     626.,  0.00000000E+00,  0.00000000E+00,  0.00000000E+00,  0.00000000E+00,  0.89935792E+01, -0.11976790E+01
     627.,  0.00000000E+00,  0.00000000E+00,  0.00000000E+00,  0.00000000E+00,  0.12426883E+02, -0.11976790E+01
     628.,  0.00000000E+00,  0.00000000E+00,  0.00000000E+00,  0.00000000E+00,  0.20748948E+02, -0.11976790E+01
     629.,  0.00000000E+00,  0.00000000E+00,  0.00000000E+00,  0.00000000E+00,  0.39547410E+02, -0.11976790E+01
     630.,  0.00000000E+00,  0.00000000E+00,  0.00000000E+00,  0.00000000E+00,  0.81419611E+02, -0.11976790E+01
     631.,  0.00000000E+00,  0.00000000E+00,  0.00000000E+00,  0.00000000E+00,  0.17039375E+03, -0.11976790E+01
     632.,  0.00000000E+00,  0.00000000E+00,  0.00000000E+00,  0.92116532E-03,  0.19102643E+03, -0.11976790E+01
     633.,  0.00000000E+00,  0.00000000E+00,  0.00000000E+00,  0.38519863E-02,  0.21033983E+03, -0.11976790E+01
     634.,  0.00000000E+00,  0.00000000E+00,  0.00000000E+00,  0.97303765E-02,  0.24325665E+03, -0.11976790E+01
     635.,  0.00000000E+00,  0.00000000E+00,  0.00000000E+00,  0.15433447E-01,  0.26849426E+03, -0.11976790E+01
     636.,  0.00000000E+00,  0.00000000E+00,  0.00000000E+00,  0.14517646E-01,  0.26426419E+03, -0.11976790E+01
     637.,  0.00000000E+00,  0.00000000E+00,  0.00000000E+00,  0.83872030E-02,  0.23500778E+03, -0.11976790E+01
     638.,  0.00000000E+00,  0.00000000E+00,  0.00000000E+00,  0.30007687E-02,  0.19491153E+03, -0.11976790E+01
     639.,  0.00000000E+00,  0.00000000E+00,  0.00000000E+00,  0.15758363E-03,  0.16991910E+03, -0.11976790E+01
     640.,  0.00000000E+00,  0.00000000E+00,  0.00000000E+00,  0.15231454E-03,  0.15483244E+03, -0.11976790E+01
     641.,  0.00000000E+00,  0.00000000E+00,  0.00000000E+00,  0.71973157E-02,  0.22712116E+03, -0.11976790E+01
     642.,  0.00000000E+00,  0.00000000E+00,  0.00000000E+00,  0.12799280E-01,  0.24810780E+03, -0.11976790E+01
     643.,  0.00000000E+00,  0.00000000E+00,  0.00000000E+00,  0.17521249E-01,  0.25772850E+03, -0.11976790E+01
     644.,  0.00000000E+00,  0.00000000E+00,  0.00000000E+00,  0.11944814E-01,  0.10991298E+03, -0.11976790E+01
     645.,  0.00000000E+00,  0.00000000E+00,  0.00000000E+00,  0.18479086E-01,  0.24637081E+03, -0.11976790E+01
     646.,  0.00000000E+00,  0.00000000E+00,  0.00000000E+00,  0.27816960E-01,  0.30555254E+03, -0.11976790E+01
     647.,  0.00000000E+00,  0.00000000E+00,  0.00000000E+00,  0.28416162E-01,  0.30669613E+03, -0.11976790E+01
     648.,  0.00000000E+00,  0.00000000E+00,  0.00000000E+00,  0.24273346E-01,  0.27748994E+03, -0.11976790E+01
     649.,  0.00000000E+00,  0.00000000E+00,  0.00000000E+00,  0.33172132E-01,  0.26197665E+03, -0.11976790E+01
     650.,  0.00000000E+00,  0.00000000E+00,  0.00000000E+00,  0.35567962E-01,  0.31995999E+03, -0.11976790E+01
     651.,  0.00000000E+00,  0.00000000E+00,  0.00000000E+00,  0.23880739E-01,  0.29237358E+03, -0.11976790E+01
     652.,  0.00000000E+00,  0.00000000E+00,  0.00000000E+00,  0.15523583E-01,  0.26120373E+03, -0.11976790E+01
     653.,  0.00000000E+00,  0.00000000E+00,  0.00000000E+00,  0.95917642E-02,  0.23243055E+03, -0.11976790E+01
     654.,  0.00000000E+00,  0.00000000E+00,  0.00000000E+00,  0.74264654E-02,  0.22102126E+03, -0.11976790E+01
     655.,  0.00000000E+00,  0.00000000E+00,  0.00000000E+00,  0.25022079E-02,  0.17487458E+03, -0.11976790E+01
     656.,  0.00000000E+00,  0.00000000E+00,  0.00000000E+00,  0.10242004E-03,  0.13768142E+03, -0.11976790E+01
     657.,  0.00000000E+00,  0.00000000E+00,  0.00000000E+00,  0.45628831E-03,  0.17773234E+03, -0.11976790E+01
     658.,  0.00000000E+00,  0.00000000E+00,  0.00000000E+00,  0.18133213E-02,  0.19383084E+03, -0.11976790E+01
     659.,  0.00000000E+00,  0.00000000E+00,  0.00000000E+00,  0.42121304E-02,  0.21209087E+03, -0.11976790E+01
     660.,  0.00000000E+00,  0.00000000E+00,  0.00000000E+00,  0.11415514E-01,  0.24976551E+03, -0.11976790E+01
     661.,  0.00000000E+00,  0.00000000E+00,  0.00000000E+00,  0.17221979E-01,  0.27530082E+03, -0.11976790E+01
     662.,  0.00000000E+00,  0.00000000E+00,  0.00000000E+00,  0.13737381E-01,  0.26071334E+03, -0.11976790E+01
     663.,  0.00000000E+00,  0.00000000E+00,  0.00000000E+00,  0.57406317E-02,  0.22031532E+03, -0.11976790E+01
     664.,  0.00000000E+00,  0.00000000E+00,  0.00000000E+00,  0.11593515E-02,  0.19237715E+03, -0.11976790E+01
     665.,  0.00000000E+00,  0.00000000E+00,  0.00000000E+00,  0.67849294E-06,  0.17038568E+03, -0.11976790E+01
     666.,  0.00000000E+00,  0.00000000E+00,  0.00000000E+00,  0.00000000E+00,  0.79412485E+02, -0.11976790E+01
     667.,  0.00000000E+00,  0.00000000E+00,  0.00000000E+00,  0.00000000E+00,  0.36528452E+02, -0.11976790E+01
     668.,  0.00000000E+00,  0.00000000E+00,  0.00000000E+00,  0.00000000E+00,  0.17113890E+02, -0.11976790E+01
     669.,  0.00000000E+00,  0.00000000E+00,  0.00000000E+00,  0.00000000E+00,  0.10245754E+02, -0.11976790E+01
     670.,  0.00000000E+00,  0.00000000E+00,  0.00000000E+00,  0.00000000E+00,  0.68667135E+01, -0.11976790E+01
     671.,  0.00000000E+00,  0.00000000E+00,  0.00000000E+00,  0.00000000E+00,  0.46245781E+01, -0.11976790E+01
     672.,  0.00000000E+00,  0.00000000E+00,  0.00000000E+00,  0.00000000E+00,  0.26279762E+01, -0.11976790E+01
     673.,  0.00000000E+00,  0.00000000E+00,  0.00000000E+00,  0.00000000E+00,  0.25886826E+01, -0.11976790E+01
     674.,  0.00000000E+00,  0.00000000E+00,  0.00000000E+00,  0.00000000E+00,  0.47685035E+01, -0.11976790E+01
     675.,  0.00000000E+00,  0.00000000E+00,  0.00000000E+00,  0.00000000E+00,  0.74891138E+01, -0.11976790E+01
     676.,  0.00000000E+00,  0.00000000E+00,  0.00000000E+00,  0.00000000E+00,  0.10965239E+02, -0.11976790E+01
     677.,  0.00000000E+00,  0.00000000E+00,  0.00000000E+00,  0.00000000E+00,  0.15366711E+02, -0.11976790E+01
     678.,  0.00000000E+00,  0.00000000E+00,  0.00000000E+00,  0.00000000E+00,  0.20428524E+02, -0.11976790E+01
     679.,  0.00000000E+00,  0.00000000E+00,  0.00000000E+00,  0.00000000E+00,  0.25350648E+02, -0.11976790E+01
     680.,  0.00000000E+00,  0.00000000E+00,  0.00000000E+00,  0.00000000E+00,  0.28985312E+02, -0.11976790E+01
     681.,  0.00000000E+00,  0.00000000E+00,  0.00000000E+00,  0.00000000E+00,  0.30336882E+02, -0.11976790E+01
     682.,  0.00000000E+00,  0.00000000E+00,  0.00000000E+00,  0.00000000E+00,  0.29034117E+02, -0.11976790E+01
     683.,  0.00000000E+00,  0.00000000E+00,  0.00000000E+00,  0.00000000E+00,  0.25423102E+02, -0.11976790E+01
     684.,  0.00000000E+00,  0.00000000E+00,  0.00000000E+00,  0.00000000E+00,  0.20329539E+02, -0.11976790E+01
     685.,  0.00000000E+00,  0.00000000E+00,  0.00000000E+00,  0.00000000E+00,  0.14729552E+02, -0.11976790E+01
     686.,  0.00000000E+00,  0.00000000E+00,  0.00000000E+00,  0.00000000E+00,  0.94972951E+01, -0.11976790E+01
     687.,  0.00000000E+00,  0.00000000E+00,  0.00000000E+00,  0.00000000E+00,  0.51575360E+01, -0.11976790E+01
     688.,  0.00000000E+00,  0.00000000E+00,  0.00000000E+00,  0.00000000E+00,  0.19429981E+01, -0.11976790E+01
     689.,  0.00000000E+00,  0.00000000E+00,  0.00000000E+00,  0.00000000E+00,  0.21495028E+01, -0.11976790E+01
     690.,  0.00000000E+00,  0.00000000E+00,  0.00000000E+00,  0.00000000E+00,  0.43563244E+01, -0.11976790E+01
     691.,  0.00000000E+00,  0.00000000E+00,  0.00000000E+00,  0.00000000E+00,  0.86331691E+01, -0.11976790E+01
     692.,  0.00000000E+00,  0.00000000E+00,  0.00000000E+00,  0.00000000E+00,  0.18585450E+02, -0.11976790E+01
     693.,  0.00000000E+00,  0.00000000E+00,  0.00000000E+00,  0.00000000E+00,  0.38375064E+02, -0.11976790E+01
     694.,  0.00000000E+00,  0.00000000E+00,  0.00000000E+00,  0.00000000E+00,  0.78399652E+02, -0.11976790E+01
     695.,  0.00000000E+00,  0.00000000E+00,  0.00000000E+00,  0.00000000E+00,  0.16113124E+03, -0.11976790E+01
     696.,  0.00000000E+00,  0.00000000E+00,  0.00000000E+00,  0.84271205E-03,  0.18984032E+03, -0.11976790E+01
     697.,  0.00000000E+00,  0.00000000E+00,  0.00000000E+00,  0.34693677E-02,  0.20746425E+03, -0.11976790E+01
     698.,  0.00000000E+00,  0.00000000E+00,  0.00000000E+00,  0.85699214E-02,  0.23681890E+03, -0.11976790E+01
     699.,  0.00000000E+00,  0.00000000E+00,  0.00000000E+00,  0.12944681E-01,  0.25772306E+03, -0.11976790E+01
     700.,  0.00000000E+00,  0.00000000E+00,  0.00000000E+00,  0.11353819E-01,  0.25020957E+03, -0.11976790E+01
     701.,  0.00000000E+00,  0.00000000E+00,  0.00000000E+00,  0.53770300E-02,  0.21565148E+03, -0.11976790E+01
     702.,  0.00000000E+00,  0.00000000E+00,  0.00000000E+00,  0.12574294E-02,  0.18990623E+03, -0.11976790E+01
     703.,  0.00000000E+00,  0.00000000E+00,  0.00000000E+00,  0.16443780E-03,  0.17706302E+03, -0.11976790E+01
     704.,  0.00000000E+00,  0.00000000E+00,  0.00000000E+00,  0.50886057E-02,  0.20395729E+03, -0.11976790E+01
     705.,  0.00000000E+00,  0.00000000E+00,  0.00000000E+00,  0.61786084E-01,  0.36564386E+03, -0.11976790E+01
     706.,  0.00000000E+00,  0.00000000E+00,  0.00000000E+00,  0.60204652E-01,  0.36226710E+03, -0.11976790E+01
     707.,  0.00000000E+00,  0.00000000E+00,  0.00000000E+00,  0.81256761E-01,  0.39133306E+03, -0.11976790E+01
     708.,  0.00000000E+00,  0.00000000E+00,  0.18541703E-01,  0.18813627E+00,  0.50633980E+03, -0.11976790E+01
     709.,  0.00000000E+00,  0.00000000E+00,  0.37529627E-01,  0.21940118E+00,  0.52445267E+03, -0.11976790E+01
     710.,  0.00000000E+00,  0.00000000E+00,  0.00000000E+00,  0.14745760E+00,  0.47969633E+03, -0.11976790E+01
     711.,  0.00000000E+00,  0.00000000E+00,  0.00000000E+00,  0.77689003E-01,  0.38709803E+03, -0.11976790E+01
     712.,  0.00000000E+00,  0.00000000E+00,  0.00000000E+00,  0.18045957E-01,  0.21714982E+03, -0.11976790E+01
     713.,  0.00000000E+00,  0.00000000E+00,  0.00000000E+00,  0.29258841E-01,  0.29300485E+03, -0.11976790E+01
     714.,  0.00000000E+00,  0.00000000E+00,  0.00000000E+00,  0.37360519E-01,  0.28999750E+03, -0.11976790E+01
     715.,  0.00000000E+00,  0.00000000E+00,  0.00000000E+00,  0.38616891E-01,  0.30688116E+03, -0.11976790E+01
     716.,  0.00000000E+00,  0.00000000E+00,  0.00000000E+00,  0.85103635E-01,  0.40001435E+03, -0.11976790E+01
     717.,  0.00000000E+00,  0.00000000E+00,  0.00000000E+00,  0.79194634E-01,  0.38737487E+03, -0.11976790E+01
     718.,  0.00000000E+00,  0.00000000E+00,  0.00000000E+00,  0.17418921E-01,  0.21497658E+03, -0.11976790E+01
     719.,  0.00000000E+00,  0.00000000E+00,  0.00000000E+00,  0.97318778E-02,  0.18655182E+03, -0.11976790E+01
     720.,  0.00000000E+00,  0.00000000E+00,  0.00000000E+00,  0.62564645E-02,  0.11849629E+03, -0.11976790E+01
     721.,  0.00000000E+00,  0.00000000E+00,  0.00000000E+00,  0.16064649E-02,  0.15499744E+03, -0.11976790E+01
     722.,  0.00000000E+00,  0.00000000E+00,  0.00000000E+00,  0.10682526E-02,  0.19093850E+03, -0.11976790E+01
     723.,  0.00000000E+00,  0.00000000E+00,  0.00000000E+00,  0.32367383E-02,  0.20426005E+03, -0.11976790E+01
     724.,  0.00000000E+00,  0.00000000E+00,  0.00000000E+00,  0.91887901E-02,  0.23903742E+03, -0.11976790E+01
     725.,  0.00000000E+00,  0.00000000E+00,  0.00000000E+00,  0.19418412E-01,  0.28312639E+03, -0.11976790E+01
     726.,  0.00000000E+00,  0.00000000E+00,  0.00000000E+00,  0.19898517E-01,  0.28325980E+03, -0.11976790E+01
     727.,  0.00000000E+00,  0.00000000E+00,  0.00000000E+00,  0.75956814E-02,  0.23058707E+03, -0.11976790E+01
     728.,  0.00000000E+00,  0.00000000E+00,  0.00000000E+00,  0.13118545E-02,  0.19226066E+03, -0.11976790E+01
     729.,  0.00000000E+00,  0.00000000E+00,  0.00000000E+00,  0.00000000E+00,  0.16495578E+03, -0.11976790E+01
     730.,  0.00000000E+00,  0.00000000E+00,  0.00000000E+00,  0.00000000E+00,  0.78998421E+02, -0.11976790E+01
     731.,  0.00000000E+00,  0.00000000E+00,  0.00000000E+00,  0.00000000E+00,  0.34791894E+02, -0.11976790E+01
     732.,  0.00000000E+00,  0.00000000E+00,  0.00000000E+00,  0.00000000E+00,  0.16668402E+02, -0.11976790E+01
     733.,  0.00000000E+00,  0.00000000E+00,  0.00000000E+00,  0.00000000E+00,  0.90824223E+01, -0.11976790E+01
     734.,  0.00000000E+00,  0.00000000E+00,  0.00000000E+00,  0.00000000E+00,  0.46836496E+01, -0.11976790E+01
     735.,  0.00000000E+00,  0.00000000E+00,  0.00000000E+00,  0.00000000E+00,  0.19284934E+01, -0.11976790E+01
     736.,  0.00000000E+00,  0.00000000E+00,  0.00000000E+00,  0.00000000E+00,  0.47949098E+00, -0.11976790E+01
     737.,  0.00000000E+00,  0.00000000E+00,  0.00000000E+00,  0.00000000E+00,  0.38977044E+00, -0.11976790E+01
     738.,  0.00000000E+00,  0.00000000E+00,  0.00000000E+00,  0.00000000E+00,  0.15986771E+01, -0.11976790E+01
     739.,  0.00000000E+00,  0.00000000E+00,  0.00000000E+00,  0.00000000E+00,  0.42364784E+01, -0.11976790E+01
     740.,  0.00000000E+00,  0.00000000E+00,  0.00000000E+00,  0.00000000E+00,  0.86635217E+01, -0.11976790E+01
     741.,  0.00000000E+00,  0.00000000E+00,  0.00000000E+00,  0.00000000E+00,  0.14837341E+02, -0.11976790E+01
     742.,  0.00000000E+00,  0.00000000E+00,  0.00000000E+00,  0.00000000E+00,  0.22053744E+02, -0.11976790E+01
     743.,  0.00000000E+00,  0.00000000E+00,  0.00000000E+00,  0.00000000E+00,  0.28964296E+02, -0.11976790E+01
     744.,  0.00000000E+00,  0.00000000E+00,  0.00000000E+00,  0.00000000E+00,  0.33957963E+02, -0.11976790E+01
     745.,  0.00000000E+00,  0.00000000E+00,  0.00000000E+00,  0.00000000E+00,  0.35738659E+02, -0.11976790E+01
     746.,  0.00000000E+00,  0.00000000E+00,  0.00000000E+00,  0.00000000E+00,  0.33794496E+02, -0.11976790E+01
     747.,  0.00000000E+00,  0.00000000E+00,  0.00000000E+00,  0.00000000E+00,  0.28482618E+02, -0.11976790E+01
     748.,  0.00000000E+00,  0.00000000E+00,  0.00000000E+00,  0.00000000E+00,  0.20804072E+02, -0.11976790E+01
     749.,  0.00000000E+00,  0.00000000E+00,  0.00000000E+00,  0.00000000E+00,  0.12193358E+02, -0.11976790E+01
     750.,  0.00000000E+00,  0.00000000E+00,  0.00000000E+00,  0.00000000E+00,  0.45147784E+01, -0.11976790E+01
     751.,  0.00000000E+00,  0.00000000E+00,  0.00000000E+00,  0.00000000E+00,  0.50487956E+00, -0.11976790E+01
     752.,  0.00000000E+00,  0.00000000E+00,  0.00000000E+00,  0.00000000E+00,  0.15369068E+01, -0.11976790E+01
     753.,  0.00000000E+00,  0.00000000E+00,  0.00000000E+00,  0.00000000E+00,  0.19423671E+01, -0.11976790E+01
     754.,  0.00000000E+00,  0.00000000E+00,  0.00000000E+00,  0.00000000E+00,  0.36822274E+01, -0.11976790E+01
     755.,  0.00000000E+00,  0.00000000E+00,  0.00000000E+00,  0.00000000E+00,  0.79436745E+01, -0.11976790E+01
     756.,  0.00000000E+00,  0.00000000E+00,  0.00000000E+00,  0.00000000E+00,  0.17081145E+02, -0.11976790E+01
     757.,  0.00000000E+00,  0.00000000E+00,  0.00000000E+00,  0.00000000E+00,  0.36657751E+02, -0.11976790E+01
     758.,  0.00000000E+00,  0.00000000E+00,  0.00000000E+00,  0.00000000E+00,  0.72118030E+02, -0.11976790E+01
     759.,  0.00000000E+00,  0.00000000E+00,  0.00000000E+00,  0.00000000E+00,  0.14110722E+03, -0.11976790E+01
     760.,  0.00000000E+00,  0.00000000E+00,  0.00000000E+00,  0.64881441E-03,  0.18788253E+03, -0.11976790E+01
     761.,  0.00000000E+00,  0.00000000E+00,  0.00000000E+00,  0.25825062E-02,  0.20047442E+03, -0.11976790E+01
     762.,  0.00000000E+00,  0.00000000E+00,  0.00000000E+00,  0.60817391E-02,  0.21921772E+03, -0.11976790E+01
     763.,  0.00000000E+00,  0.00000000E+00,  0.00000000E+00,  0.99506287E-02,  0.24171406E+03, -0.11976790E+01
     764.,  0.00000000E+00,  0.00000000E+00,  0.00000000E+00,  0.85692406E-02,  0.23359615E+03, -0.11976790E+01
     765.,  0.00000000E+00,  0.00000000E+00,  0.00000000E+00,  0.32559514E-02,  0.20352555E+03, -0.11976790E+01
     766.,  0.00000000E+00,  0.00000000E+00,  0.00000000E+00,  0.79203954E-03,  0.19010299E+03, -0.11976790E+01
     767.,  0.00000000E+00,  0.00000000E+00,  0.00000000E+00,  0.94317225E-03,  0.18104491E+03, -0.11976790E+01
     768.,  0.00000000E+00,  0.00000000E+00,  0.00000000E+00,  0.22757775E-01,  0.24770543E+03, -0.11976790E+01
     769.,  0.00000000E+00,  0.00000000E+00,  0.00000000E+00,  0.26524810E-01,  0.30090848E+03, -0.15606998E+01
     770.,  0.00000000E+00,  0.00000000E+00,  0.00000000E+00,  0.25560051E-01,  0.29692579E+03, -0.15606998E+01
     771.,  0.00000000E+00,  0.00000000E+00,  0.00000000E+00,  0.29231972E-01,  0.30097588E+03, -0.15606998E+01
     772.,  0.00000000E+00,  0.00000000E+00,  0.00000000E+00,  0.24761645E-01,  0.23600180E+03, -0.15606998E+01
     773.,  0.00000000E+00,  0.00000000E+00,  0.00000000E+00,  0.36721777E-01,  0.32250399E+03, -0.15606998E+01
     774.,  0.00000000E+00,  0.00000000E+00,  0.00000000E+00,  0.18465715E-01,  0.27325514E+03, -0.15606998E+01
     775.,  0.00000000E+00,  0.00000000E+00,  0.00000000E+00,  0.42477868E-02,  0.20978654E+03, -0.15606998E+01
     776.,  0.00000000E+00,  0.00000000E+00,  0.00000000E+00,  0.00000000E+00,  0.14191820E-07, -0.15606998E+01
     777.,  0.00000000E+00,  0.00000000E+00,  0.00000000E+00,  0.00000000E+00,  0.11830472E-07, -0.15606998E+01
     778.,  0.00000000E+00,  0.00000000E+00,  0.00000000E+00,  0.28116208E-01,  0.29949347E+03, -0.15606998E+01
     779.,  0.00000000E+00,  0.00000000E+00,  0.00000000E+00,  0.54124466E-01,  0.34624146E+03, -0.15606998E+01
     780.,  0.00000000E+00,  0.00000000E+00,  0.00000000E+00,  0.84157029E-01,  0.39850896E+03, -0.15606998E+01
     781.,  0.00000000E+00,  0.00000000E+00,  0.00000000E+00,  0.60840578E-01,  0.35496805E+03, -0.15606998E+01
     782.,  0.00000000E+00,  0.00000000E+00,  0.00000000E+00,  0.30132644E-01,  0.26304288E+03, -0.15606998E+01
     783.,  0.00000000E+00,  0.00000000E+00,  0.00000000E+00,  0.22930018E-01,  0.20778910E+03, -0.15606998E+01
     784.,  0.00000000E+00,  0.00000000E+00,  0.00000000E+00,  0.21882823E-01,  0.21122403E+03, -0.15606998E+01
     785.,  0.00000000E+00,  0.00000000E+00,  0.00000000E+00,  0.60841934E-02,  0.10539018E+03, -0.22867415E+01
     786.,  0.00000000E+00,  0.00000000E+00,  0.00000000E+00,  0.85724937E-02,  0.10591414E+03, -0.22867415E+01
     787.,  0.00000000E+00,  0.00000000E+00,  0.00000000E+00,  0.22798405E-01,  0.26868523E+03, -0.22867415E+01
     788.,  0.00000000E+00,  0.00000000E+00,  0.00000000E+00,  0.24840523E-01,  0.29189012E+03, -0.22867415E+01
     789.,  0.00000000E+00,  0.00000000E+00,  0.00000000E+00,  0.00000000E+00,  0.12779810E-07, -0.22867415E+01
     790.,  0.00000000E+00,  0.00000000E+00,  0.00000000E+00,  0.00000000E+00,  0.48438562E-08, -0.22867415E+01
     791.,  0.00000000E+00,  0.00000000E+00,  0.00000000E+00,  0.00000000E+00,  0.83748314E-08, -0.22867415E+01
     792.,  0.00000000E+00,  0.00000000E+00,  0.00000000E+00,  0.00000000E+00,  0.14405047E-07, -0.22867415E+01
     793.,  0.00000000E+00,  0.00000000E+00,  0.00000000E+00,  0.00000000E+00,  0.95565345E-08, -0.22867415E+01
     794.,  0.00000000E+00,  0.00000000E+00,  0.00000000E+00,  0.00000000E+00,  0.49756874E-08, -0.22867415E+01
     795.,  0.00000000E+00,  0.00000000E+00,  0.00000000E+00,  0.00000000E+00,  0.84058473E-08, -0.22867415E+01
     796.,  0.00000000E+00,  0.00000000E+00,  0.00000000E+00,  0.00000000E+00,  0.96736461E-08, -0.22867415E+01
     797.,  0.00000000E+00,  0.00000000E+00,  0.00000000E+00,  0.22783071E-01,  0.28629247E+03, -0.22867415E+01
     798.,  0.00000000E+00,  0.00000000E+00,  0.00000000E+00,  0.24178685E-01,  0.27883817E+03, -0.22867415E+01
     799.,  0.00000000E+00,  0.00000000E+00,  0.00000000E+00,  0.18779151E-01,  0.25938036E+03, -0.22867415E+01
     800.,  0.00000000E+00,  0.00000000E+00,  0.00000000E+00,  0.15287188E-01,  0.24399651E+03, -0.22867415E+01
     801.,  0.00000000E+00,  0.00000000E+00,  0.00000000E+00,  0.30794611E-01,  0.31100061E+03, -0.30127832E+01
     802.,  0.00000000E+00,  0.00000000E+00,  0.00000000E+00,  0.23653213E-01,  0.28891897E+03, -0.30127832E+01
     803.,  0.00000000E+00,  0.00000000E+00,  0.00000000E+00,  0.15190168E-01,  0.26073571E+03, -0.30127832E+01
     804.,  0.00000000E+00,  0.00000000E+00,  0.00000000E+00,  0.00000000E+00,  0.16594716E-07, -0.30127832E+01
     805.,  0.00000000E+00,  0.00000000E+00,  0.00000000E+00,  0.00000000E+00,  0.10071093E-07, -0.30127832E+01
     806.,  0.00000000E+00,  0.00000000E+00,  0.00000000E+00,  0.00000000E+00,  0.11454313E-07, -0.30127832E+01
     807.,  0.00000000E+00,  0.00000000E+00,  0.00000000E+00,  0.00000000E+00,  0.52976937E-08, -0.30127832E+01
     808.,  0.00000000E+00,  0.00000000E+00,  0.00000000E+00,  0.00000000E+00,  0.93635747E-08, -0.30127832E+01
     809.,  0.00000000E+00,  0.00000000E+00,  0.00000000E+00,  0.00000000E+00,  0.15719165E-07, -0.30127832E+01
     810.,  0.00000000E+00,  0.00000000E+00,  0.00000000E+00,  0.00000000E+00,  0.46413604E-08, -0.30127832E+01
     811.,  0.00000000E+00,  0.00000000E+00,  0.00000000E+00,  0.00000000E+00,  0.12458150E-07, -0.30127832E+01
     812.,  0.00000000E+00,  0.00000000E+00,  0.00000000E+00,  0.00000000E+00,  0.37541376E-08, -0.30127832E+01
     813.,  0.00000000E+00,  0.00000000E+00,  0.00000000E+00,  0.00000000E+00,  0.12089421E-07, -0.30127832E+01
     814.,  0.00000000E+00,  0.00000000E+00,  0.00000000E+00,  0.11560041E-01,  0.24617244E+03, -0.30127832E+01
     815.,  0.00000000E+00,  0.00000000E+00,  0.00000000E+00,  0.12746334E-01,  0.24656694E+03, -0.30127832E+01
     816.,  0.00000000E+00,  0.00000000E+00,  0.00000000E+00,  0.89310685E-02,  0.21908399E+03, -0.30127832E+01
     817.,  0.00000000E+00,  0.00000000E+00,  0.00000000E+00,  0.36806770E-02,  0.20466844E+03, -0.37388248E+01
     818.,  0.00000000E+00,  0.00000000E+00,  0.00000000E+00,  0.00000000E+00,  0.76840729E-08, -0.37388248E+01
     819.,  0.00000000E+00,  0.00000000E+00,  0.00000000E+00,  0.00000000E+00,  0.75851600E-08, -0.37388248E+01
     820.,  0.00000000E+00,  0.00000000E+00,  0.00000000E+00,  0.00000000E+00,  0.11411032E-07, -0.37388248E+01
     821.,  0.00000000E+00,  0.00000000E+00,  0.00000000E+00,  0.00000000E+00,  0.79552302E-08, -0.37388248E+01
     822.,  0.00000000E+00,  0.00000000E+00,  0.00000000E+00,  0.00000000E+00,  0.26658101E-08, -0.37388248E+01
     823.,  0.00000000E+00,  0.00000000E+00,  0.00000000E+00,  0.00000000E+00,  0.13616597E-07, -0.37388248E+01
     824.,  0.00000000E+00,  0.00000000E+00,  0.00000000E+00,  0.00000000E+00,  0.94603344E-08, -0.37388248E+01
     825.,  0.00000000E+00,  0.00000000E+00,  0.00000000E+00,  0.00000000E+00,  0.11669246E-07, -0.37388248E+01
     826.,  0.00000000E+00,  0.00000000E+00,  0.00000000E+00,  0.00000000E+00,  0.90288776E-08, -0.37388248E+01
     827.,  0.00000000E+00,  0.00000000E+00,  0.00000000E+00,  0.00000000E+00,  0.15391488E-07, -0.37388248E+01
     828.,  0.00000000E+00,  0.00000000E+00,  0.00000000E+00,  0.00000000E+00,  0.60960243E-08, -0.37388248E+01
     829.,  0.00000000E+00,  0.00000000E+00,  0.00000000E+00,  0.00000000E+00,  0.16828336E-07, -0.37388248E+01
     830.,  0.00000000E+00,  0.00000000E+00,  0.00000000E+00,  0.00000000E+00,  0.11085660E-07, -0.37388248E+01
     831.,  0.00000000E+00,  0.00000000E+00,  0.00000000E+00,  0.47904862E-02,  0.21196876E+03, -0.37388248E+01
     832.,  0.00000000E+00,  0.00000000E+00,  0.00000000E+00,  0.53223899E-02,  0.20691132E+03, -0.37388248E+01
     833.,  0.00000000E+00,  0.00000000E+00,  0.00000000E+00,  0.00000000E+00,  0.94958427E+02, -0.44648665E+01
     834.,  0.00000000E+00,  0.00000000E+00,  0.00000000E+00,  0.00000000E+00,  0.70982675E-08, -0.44648665E+01
     835.,  0.00000000E+00,  0.00000000E+00,  0.00000000E+00,  0.00000000E+00,  0.75963409E-08, -0.44648665E+01
     836.,  0.00000000E+00,  0.00000000E+00,  0.00000000E+00,  0.00000000E+00,  0.16357981E-07, -0.44648665E+01
     837.,  0.00000000E+00,  0.00000000E+00,  0.00000000E+00,  0.00000000E+00,  0.10243382E-07, -0.44648665E+01
     838.,  0.00000000E+00,  0.00000000E+00,  0.00000000E+00,  0.00000000E+00,  0.49269028E-08, -0.44648665E+01
     839.,  0.00000000E+00,  0.00000000E+00,  0.00000000E+00,  0.00000000E+00,  0.14255580E-07, -0.44648665E+01
     840.,  0.00000000E+00,  0.00000000E+00,  0.00000000E+00,  0.00000000E+00,  0.11552872E-07, -0.44648665E+01
     841.,  0.00000000E+00,  0.00000000E+00,  0.00000000E+00,  0.00000000E+00,  0.12958995E-07, -0.44648665E+01
     842.,  0.00000000E+00,  0.00000000E+00,  0.00000000E+00,  0.00000000E+00,  0.12378937E-07, -0.44648665E+01
     843.,  0.00000000E+00,  0.00000000E+00,  0.00000000E+00,  0.00000000E+00,  0.15229075E-07, -0.44648665E+01
     844.,  0.00000000E+00,  0.00000000E+00,  0.00000000E+00,  0.00000000E+00,  0.25107473E-08, -0.44648665E+01
     845.,  0.00000000E+00,  0.00000000E+00,  0.00000000E+00,  0.00000000E+00,  0.10694765E-07, -0.44648665E+01
     846.,  0.00000000E+00,  0.00000000E+00,  0.00000000E+00,  0.00000000E+00,  0.83585093E-08, -0.44648665E+01
     847.,  0.00000000E+00,  0.00000000E+00,  0.00000000E+00,  0.00000000E+00,  0.66238034E-08, -0.44648665E+01
     848.,  0.00000000E+00,  0.00000000E+00,  0.00000000E+00,  0.99982247E-04,  0.13840059E+03, -0.44648665E+01
     849.,  0.00000000E+00,  0.00000000E+00,  0.00000000E+00,  0.00000000E+00,  0.64111183E-08, -0.51909082E+01
     850.,  0.00000000E+00,  0.00000000E+00,  0.00000000E+00,  0.00000000E+00,  0.64888805E-08, -0.51909082E+01
     851.,  0.00000000E+00,  0.00000000E+00,  0.00000000E+00,  0.00000000E+00,  0.12825573E-07, -0.51909082E+01
     852.,  0.00000000E+00,  0.00000000E+00,  0.00000000E+00,  0.00000000E+00,  0.46812946E-08, -0.51909082E+01
     853.,  0.00000000E+00,  0.00000000E+00,  0.00000000E+00,  0.00000000E+00,  0.77401630E-08, -0.51909082E+01
     854.,  0.00000000E+00,  0.00000000E+00,  0.00000000E+00,  0.00000000E+00,  0.14834403E-07, -0.51909082E+01
     855.,  0.00000000E+00,  0.00000000E+00,  0.00000000E+00,  0.00000000E+00,  0.16096832E-07, -0.51909082E+01
     856.,  0.00000000E+00,  0.00000000E+00,  0.00000000E+00,  0.00000000E+00,  0.67706832E-08, -0.51909082E+01
     857.,  0.00000000E+00,  0.00000000E+00,  0.00000000E+00,  0.00000000E+00,  0.19051282E-07, -0.51909082E+01
     858.,  0.00000000E+00,  0.00000000E+00,  0.00000000E+00,  0.00000000E+00,  0.89807765E-08, -0.51909082E+01
     859.,  0.00000000E+00,  0.00000000E+00,  0.00000000E+00,  0.00000000E+00,  0.94463475E-08, -0.51909082E+01
     860.,  0.00000000E+00,  0.00000000E+00,  0.00000000E+00,  0.00000000E+00,  0.38136635E-08, -0.51909082E+01
     861.,  0.00000000E+00,  0.00000000E+00,  0.00000000E+00,  0.00000000E+00,  0.90570916E-08, -0.51909082E+01
     862.,  0.00000000E+00,  0.00000000E+00,  0.00000000E+00,  0.00000000E+00,  0.64117412E-08, -0.51909082E+01
     863.,  0.00000000E+00,  0.00000000E+00,  0.00000000E+00,  0.00000000E+00,  0.14230206E-07, -0.51909082E+01
     864.,  0.00000000E+00,  0.00000000E+00,  0.00000000E+00,  0.00000000E+00,  0.13734904E-07, -0.51909082E+01
     865.,  0.00000000E+00,  0.00000000E+00,  0.00000000E+00,  0.00000000E+00,  0.14978917E-07, -0.59169498E+01
     866.,  0.00000000E+00,  0.00000000E+00,  0.00000000E+00,  0.00000000E+00,  0.11587979E-07, -0.59169498E+01
     867.,  0.00000000E+00,  0.00000000E+00,  0.00000000E+00,  0.00000000E+00,  0.12362973E-07, -0.59169498E+01
     868.,  0.00000000E+00,  0.00000000E+00,  0.00000000E+00,  0.00000000E+00,  0.37922270E-08, -0.59169498E+01
     869.,  0.00000000E+00,  0.00000000E+00,  0.00000000E+00,  0.00000000E+00,  0.11435539E-07, -0.59169498E+01
     870.,  0.00000000E+00,  0.00000000E+00,  0.00000000E+00,  0.00000000E+00,  0.12163134E-07, -0.59169498E+01
     871.,  0.00000000E+00,  0.00000000E+00,  0.00000000E+00,  0.00000000E+00,  0.72352255E-08, -0.59169498E+01
     872.,  0.00000000E+00,  0.00000000E+00,  0.00000000E+00,  0.00000000E+00,  0.83307667E-08, -0.59169498E+01
     873.,  0.00000000E+00,  0.00000000E+00,  0.00000000E+00,  0.00000000E+00,  0.14732294E-07, -0.59169498E+01
     874.,  0.00000000E+00,  0.00000000E+00,  0.00000000E+00,  0.00000000E+00,  0.18557519E-07, -0.59169498E+01
     875.,  0.00000000E+00,  0.00000000E+00,  0.00000000E+00,  0.00000000E+00,  0.12582341E-07, -0.59169498E+01
     876.,  0.00000000E+00,  0.00000000E+00,  0.00000000E+00,  0.00000000E+00,  0.14628879E-07, -0.59169498E+01
     877.,  0.00000000E+00,  0.00000000E+00,  0.00000000E+00,  0.00000000E+00,  0.20157071E-07, -0.59169498E+01
     878.,  0.00000000E+00,  0.00000000E+00,  0.00000000E+00,  0.00000000E+00,  0.12358795E-07, -0.59169498E+01
     879.,  0.00000000E+00,  0.00000000E+00,  0.00000000E+00,  0.00000000E+00,  0.64379324E-08, -0.59169498E+01
     880.,  0.00000000E+00,  0.00000000E+00,  0.00000000E+00,  0.00000000E+00,  0.95570848E-08, -0.59169498E+01
     881.,  0.00000000E+00,  0.00000000E+00,  0.00000000E+00,  0.00000000E+00,  0.57496307E-08, -0.66429915E+01
     882.,  0.00000000E+00,  0.00000000E+00,  0.00000000E+00,  0.00000000E+00,  0.70048967E-08, -0.66429915E+01
     883.,  0.00000000E+00,  0.00000000E+00,  0.00000000E+00,  0.00000000E+00,  0.11923088E-07, -0.66429915E+01
     884.,  0.00000000E+00,  0.00000000E+00,  0.00000000E+00,  0.00000000E+00,  0.51842295E-08, -0.66429915E+01
     885.,  0.00000000E+00,  0.00000000E+00,  0.00000000E+00,  0.00000000E+00,  0.14077214E-07, -0.66429915E+01
     886.,  0.00000000E+00,  0.00000000E+00,  0.00000000E+00,  0.00000000E+00,  0.86970442E-08, -0.66429915E+01
     887.,  0.00000000E+00,  0.00000000E+00,  0.00000000E+00,  0.00000000E+00,  0.19746962E-07, -0.66429915E+01
     888.,  0.00000000E+00,  0.00000000E+00,  0.00000000E+00,  0.00000000E+00,  0.14030163E-07, -0.66429915E+01
     889.,  0.00000000E+00,  0.00000000E+00,  0.00000000E+00,  0.00000000E+00,  0.15393967E-07, -0.66429915E+01
     890.,  0.00000000E+00,  0.00000000E+00,  0.00000000E+00,  0.00000000E+00,  0.97274407E-08, -0.66429915E+01
     891.,  0.00000000E+00,  0.00000000E+00,  0.00000000E+00,  0.00000000E+00,  0.81048757E-08, -0.66429915E+01
     892.,  0.00000000E+00,  0.00000000E+00,  0.00000000E+00,  0.00000000E+00,  0.14767996E-07, -0.66429915E+01
     893.,  0.00000000E+00,  0.00000000E+00,  0.00000000E+00,  0.00000000E+00,  0.14289583E-07, -0.66429915E+01
     894.,  0.00000000E+00,  0.00000000E+00,  0.00000000E+00,  0.00000000E+00,  0.20294736E-07, -0.66429915E+01
     895.,  0.00000000E+00,  0.00000000E+00,  0.00000000E+00,  0.00000000E+00,  0.46811103E-08, -0.66429915E+01
     896.,  0.00000000E+00,  0.00000000E+00,  0.00000000E+00,  0.00000000E+00,  0.71811268E-08, -0.66429915E+01
     897.,  0.00000000E+00,  0.00000000E+00,  0.00000000E+00,  0.00000000E+00,  0.11690208E-07, -0.73690332E+01
     898.,  0.00000000E+00,  0.00000000E+00,  0.00000000E+00,  0.00000000E+00,  0.79193825E-08, -0.73690332E+01
     899.,  0.00000000E+00,  0.00000000E+00,  0.00000000E+00,  0.00000000E+00,  0.13026264E-07, -0.73690332E+01
     900.,  0.00000000E+00,  0.00000000E+00,  0.00000000E+00,  0.00000000E+00,  0.12592455E-07, -0.73690332E+01
     901.,  0.00000000E+00,  0.00000000E+00,  0.00000000E+00,  0.00000000E+00,  0.10579365E-07, -0.73690332E+01
     902.,  0.00000000E+00,  0.00000000E+00,  0.00000000E+00,  0.00000000E+00,  0.12161444E-07, -0.73690332E+01
     903.,  0.00000000E+00,  0.00000000E+00,  0.00000000E+00,  0.00000000E+00,  0.99775596E-08, -0.73690332E+01
     904.,  0.00000000E+00,  0.00000000E+00,  0.00000000E+00,  0.00000000E+00,  0.42661584E-08, -0.73690332E+01
     905.,  0.00000000E+00,  0.00000000E+00,  0.00000000E+00,  0.00000000E+00,  0.93396749E-08, -0.73690332E+01
     906.,  0.00000000E+00,  0.00000000E+00,  0.00000000E+00,  0.00000000E+00,  0.10587275E-07, -0.73690332E+01
     907.,  0.00000000E+00,  0.00000000E+00,  0.00000000E+00,  0.00000000E+00,  0.15694580E-07, -0.73690332E+01
     908.,  0.00000000E+00,  0.00000000E+00,  0.00000000E+00,  0.00000000E+00,  0.11684280E-07, -0.73690332E+01
     909.,  0.00000000E+00,  0.00000000E+00,  0.00000000E+00,  0.00000000E+00,  0.14384822E-07, -0.73690332E+01
     910.,  0.00000000E+00,  0.00000000E+00,  0.00000000E+00,  0.00000000E+00,  0.62126174E-08, -0.73690332E+01
     911.,  0.00000000E+00,  0.00000000E+00,  0.00000000E+00,  0.00000000E+00,  0.67308584E-08, -0.73690332E+01
     912.,  0.00000000E+00,  0.00000000E+00,  0.00000000E+00,  0.00000000E+00,  0.26292071E-08, -0.73690332E+01
     913.,  0.00000000E+00,  0.00000000E+00,  0.00000000E+00,  0.00000000E+00,  0.46411189E-08, -0.80950748E+01
     914.,  0.00000000E+00,  0.00000000E+00,  0.00000000E+00,  0.00000000E+00,  0.15563906E-07, -0.80950748E+01
     915.,  0.00000000E+00,  0.00000000E+00,  0.00000000E+00,  0.00000000E+00,  0.82066043E-08, -0.80950748E+01
     916.,  0.00000000E+00,  0.00000000E+00,  0.00000000E+00,  0.00000000E+00,  0.62483507E-08, -0.80950748E+01
     917.,  0.00000000E+00,  0.00000000E+00,  0.00000000E+00,  0.00000000E+00,  0.36458682E-08, -0.80950748E+01
     918.,  0.00000000E+00,  0.00000000E+00,  0.00000000E+00,  0.00000000E+00,  0.10919824E-07, -0.80950748E+01
     919.,  0.00000000E+00,  0.00000000E+00,  0.00000000E+00,  0.00000000E+00,  0.14719837E-07, -0.80950748E+01
     920.,  0.00000000E+00,  0.00000000E+00,  0.00000000E+00,  0.00000000E+00,  0.15243547E-07, -0.80950748E+01
     921.,  0.00000000E+00,  0.00000000E+00,  0.00000000E+00,  0.00000000E+00,  0.11335323E-07, -0.80950748E+01
     922.,  0.00000000E+00,  0.00000000E+00,  0.00000000E+00,  0.00000000E+00,  0.64285394E-08, -0.80950748E+01
     923.,  0.00000000E+00,  0.00000000E+00,  0.00000000E+00,  0.00000000E+00,  0.55832203E-08, -0.80950748E+01
     924.,  0.00000000E+00,  0.00000000E+00,  0.00000000E+00,  0.00000000E+00,  0.11421049E-07, -0.80950748E+01
     925.,  0.00000000E+00,  0.00000000E+00,  0.00000000E+00,  0.00000000E+00,  0.14916551E-07, -0.80950748E+01
     926.,  0.00000000E+00,  0.00000000E+00,  0.00000000E+00,  0.00000000E+00,  0.75395172E-08, -0.80950748E+01
     927.,  0.00000000E+00,  0.00000000E+00,  0.00000000E+00,  0.00000000E+00,  0.51531389E-08, -0.80950748E+01
     928.,  0.00000000E+00,  0.00000000E+00,  0.00000000E+00,  0.00000000E+00,  0.10273266E-07, -0.80950748E+01
     929.,  0.00000000E+00,  0.00000000E+00,  0.00000000E+00,  0.00000000E+00,  0.52438887E-08, -0.88211165E+01
     930.,  0.00000000E+00,  0.00000000E+00,  0.00000000E+00,  0.00000000E+00,  0.10047585E-07, -0.88211165E+01
     931.,  0.00000000E+00,  0.00000000E+00,  0.00000000E+00,  0.00000000E+00,  0.84358055E-08, -0.88211165E+01
     932.,  0.00000000E+00,  0.00000000E+00,  0.00000000E+00,  0.00000000E+00,  0.10224024E-07, -0.88211165E+01
     933.,  0.00000000E+00,  0.00000000E+00,  0.00000000E+00,  0.00000000E+00,  0.69294401E-08, -0.88211165E+01
     934.,  0.00000000E+00,  0.00000000E+00,  0.00000000E+00,  0.00000000E+00,  0.11253652E-07, -0.88211165E+01
     935.,  0.00000000E+00,  0.00000000E+00,  0.00000000E+00,  0.00000000E+00,  0.11783196E-07, -0.88211165E+01
     936.,  0.00000000E+00,  0.00000000E+00,  0.00000000E+00,  0.00000000E+00,  0.88148000E-08, -0.88211165E+01
     937.,  0.00000000E+00,  0.00000000E+00,  0.00000000E+00,  0.00000000E+00,  0.80744401E-08, -0.88211165E+01
     938.,  0.00000000E+00,  0.00000000E+00,  0.00000000E+00,  0.00000000E+00,  0.13728266E-07, -0.88211165E+01
     939.,  0.00000000E+00,  0.00000000E+00,  0.00000000E+00,  0.00000000E+00,  0.37399907E-08, -0.88211165E+01
     940.,  0.00000000E+00,  0.00000000E+00,  0.00000000E+00,  0.00000000E+00,  0.16244318E-07, -0.88211165E+01
     941.,  0.00000000E+00,  0.00000000E+00,  0.00000000E+00,  0.00000000E+00,  0.88784633E-08, -0.88211165E+01
     942.,  0.00000000E+00,  0.00000000E+00,  0.00000000E+00,  0.00000000E+00,  0.48430925E-08, -0.88211165E+01
     943.,  0.00000000E+00,  0.00000000E+00,  0.00000000E+00,  0.00000000E+00,  0.86028004E-08, -0.88211165E+01
     944.,  0.00000000E+00,  0.00000000E+00,  0.00000000E+00,  0.00000000E+00,  0.15229690E-07, -0.88211165E+01
     945.,  0.00000000E+00,  0.00000000E+00,  0.00000000E+00,  0.00000000E+00,  0.12280455E-07, -0.95471582E+01
     946.,  0.00000000E+00,  0.00000000E+00,  0.00000000E+00,  0.00000000E+00,  0.75363476E-08, -0.95471582E+01
     947.,  0.00000000E+00,  0.00000000E+00,  0.00000000E+00,  0.00000000E+00,  0.10196636E-07, -0.95471582E+01
     948.,  0.00000000E+00,  0.00000000E+00,  0.00000000E+00,  0.00000000E+00,  0.96729855E-08, -0.95471582E+01
     949.,  0.00000000E+00,  0.00000000E+00,  0.00000000E+00,  0.00000000E+00,  0.60781799E-08, -0.95471582E+01
     950.,  0.00000000E+00,  0.00000000E+00,  0.00000000E+00,  0.00000000E+00,  0.12129503E-07, -0.95471582E+01
     951.,  0.00000000E+00,  0.00000000E+00,  0.00000000E+00,  0.00000000E+00,  0.81066116E-08, -0.95471582E+01
     952.,  0.00000000E+00,  0.00000000E+00,  0.00000000E+00,  0.00000000E+00,  0.66877277E-08, -0.95471582E+01
     953.,  0.00000000E+00,  0.00000000E+00,  0.00000000E+00,  0.00000000E+00,  0.39326550E-08, -0.95471582E+01
     954.,  0.00000000E+00,  0.00000000E+00,  0.00000000E+00,  0.00000000E+00,  0.10269409E-07, -0.95471582E+01
     955.,  0.00000000E+00,  0.00000000E+00,  0.00000000E+00,  0.00000000E+00,  0.10409099E-07, -0.95471582E+01
     956.,  0.00000000E+00,  0.00000000E+00,  0.00000000E+00,  0.00000000E+00,  0.13036342E-07, -0.95471582E+01
     957.,  0.00000000E+00,  0.00000000E+00,  0.00000000E+00,  0.00000000E+00,  0.30610784E-08, -0.95471582E+01
     958.,  0.00000000E+00,  0.00000000E+00,  0.00000000E+00,  0.00000000E+00,  0.11436086E-07, -0.95471582E+01
     959.,  0.00000000E+00,  0.00000000E+00,  0.00000000E+00,  0.00000000E+00,  0.16543104E-07, -0.95471582E+01
     960.,  0.00000000E+00,  0.00000000E+00,  0.00000000E+00,  0.00000000E+00,  0.14663712E-07, -0.95471582E+01
     961.,  0.00000000E+00,  0.00000000E+00,  0.00000000E+00,  0.00000000E+00,  0.16929284E-07, -0.10273200E+02
     962.,  0.00000000E+00,  0.00000000E+00,  0.00000000E+00,  0.00000000E+00,  0.43442286E-08, -0.10273200E+02
     963.,  0.00000000E+00,  0.00000000E+00,  0.00000000E+00,  0.00000000E+00,  0.53093567E-08, -0.10273200E+02
     964.,  0.00000000E+00,  0.00000000E+00,  0.00000000E+00,  0.00000000E+00,  0.11959655E-07, -0.10273200E+02
     965.,  0.00000000E+00,  0.00000000E+00,  0.00000000E+00,  0.00000000E+00,  0.13055976E-07, -0.10273200E+02
     966.,  0.00000000E+00,  0.00000000E+00,  0.00000000E+00,  0.00000000E+00,  0.19557974E-07, -0.10273200E+02
     967.,  0.00000000E+00,  0.00000000E+00,  0.00000000E+00,  0.00000000E+00,  0.16888985E-07, -0.10273200E+02
     968.,  0.00000000E+00,  0.00000000E+00,  0.00000000E+00,  0.00000000E+00,  0.14430267E-07, -0.10273200E+02
     969.,  0.00000000E+00,  0.00000000E+00,  0.00000000E+00,  0.00000000E+00,  0.17997075E-07, -0.10273200E+02
     970.,  0.00000000E+00,  0.00000000E+00,  0.00000000E+00,  0.00000000E+00,  0.10470837E-07, -0.10273200E+02
     971.,  0.00000000E+00,  0.00000000E+00,  0.00000000E+00,  0.00000000E+00,  0.92952525E-08, -0.10273200E+02
     972.,  0.00000000E+00,  0.00000000E+00,  0.00000000E+00,  0.00000000E+00,  0.12331519E-07, -0.10273200E+02
     973.,  0.00000000E+00,  0.00000000E+00,  0.00000000E+00,  0.00000000E+00,  0.77606889E-08, -0.10273200E+02
     974.,  0.00000000E+00,  0.00000000E+00,  0.00000000E+00,  0.00000000E+00,  0.13438113E-07, -0.10273200E+02
     975.,  0.00000000E+00,  0.00000000E+00,  0.00000000E+00,  0.00000000E+00,  0.13901868E-07, -0.10273200E+02
     976.,  0.00000000E+00,  0.00000000E+00,  0.00000000E+00,  0.00000000E+00,  0.18456871E-07, -0.10273200E+02
     977.,  0.00000000E+00,  0.00000000E+00,  0.00000000E+00,  0.00000000E+00,  0.78540970E-08, -0.10999242E+02
     978.,  0.00000000E+00,  0.00000000E+00,  0.00000000E+00,  0.00000000E+00,  0.15267636E-07, -0.10999242E+02
     979.,  0.00000000E+00,  0.00000000E+00,  0.00000000E+00,  0.00000000E+00,  0.19855139E-07, -0.10999242E+02
     980.,  0.00000000E+00,  0.00000000E+00,  0.00000000E+00,  0.00000000E+00,  0.14281318E-07, -0.10999242E+02
     981.,  0.00000000E+00,  0.00000000E+00,  0.00000000E+00,  0.00000000E+00,  0.12026365E-07, -0.10999242E+02
     982.,  0.00000000E+00,  0.00000000E+00,  0.00000000E+00,  0.00000000E+00,  0.22796218E-07, -0.10999242E+02
     983.,  0.00000000E+00,  0.00000000E+00,  0.00000000E+00,  0.00000000E+00,  0.63581800E-08, -0.10999242E+02
     984.,  0.00000000E+00,  0.00000000E+00,  0.00000000E+00,  0.00000000E+00,  0.79585264E-08, -0.10999242E+02
     985.,  0.00000000E+00,  0.00000000E+00,  0.00000000E+00,  0.00000000E+00,  0.54201137E-08, -0.10999242E+02
     986.,  0.00000000E+00,  0.00000000E+00,  0.00000000E+00,  0.00000000E+00,  0.13237360E-07, -0.10999242E+02
     987.,  0.00000000E+00,  0.00000000E+00,  0.00000000E+00,  0.00000000E+00,  0.12561948E-07, -0.10999242E+02
     988.,  0.00000000E+00,  0.00000000E+00,  0.00000000E+00,  0.00000000E+00,  0.16369173E-07, -0.10999242E+02
     989.,  0.00000000E+00,  0.00000000E+00,  0.00000000E+00,  0.00000000E+00,  0.81136326E-08, -0.10999242E+02
     990.,  0.00000000E+00,  0.00000000E+00,  0.00000000E+00,  0.00000000E+00,  0.25747465E-07, -0.10999242E+02
     991.,  0.00000000E+00,  0.00000000E+00,  0.00000000E+00,  0.00000000E+00,  0.17250937E-07, -0.10999242E+02
     992.,  0.00000000E+00,  0.00000000E+00,  0.00000000E+00,  0.00000000E+00,  0.23596687E-07, -0.10999242E+02
     993.,  0.00000000E+00,  0.00000000E+00,  0.00000000E+00,  0.00000000E+00,  0.87313968E-08, -0.11725283E+02
     994.,  0.00000000E+00,  0.00000000E+00,  0.00000000E+00,  0.00000000E+00,  0.17128335E-07, -0.11725283E+02
     995.,  0.00000000E+00,  0.00000000E+00,  0.00000000E+00,  0.00000000E+00,  0.14489974E-07, -0.11725283E+02
     996.,  0.00000000E+00,  0.00000000E+00,  0.00000000E+00,  0.00000000E+00,  0.12296304E-07, -0.11725283E+02
     997.,  0.00000000E+00,  0.00000000E+00,  0.00000000E+00,  0.00000000E+00,  0.90875858E-08, -0.11725283E+02
     998.,  0.00000000E+00,  0.00000000E+00,  0.00000000E+00,  0.00000000E+00,  0.10241372E-07, -0.11725283E+02
     999.,  0.00000000E+00,  0.00000000E+00,  0.00000000E+00,  0.00000000E+00,  0.10564292E-07, -0.11725283E+02
    1000.,  0.00000000E+00,  0.00000000E+00,  0.00000000E+00,  0.00000000E+00,  0.55039412E-08, -0.11725283E+02
    1001.,  0.00000000E+00,  0.00000000E+00,  0.00000000E+00,  0.00000000E+00,  0.12392039E-07, -0.11725283E+02
    1002.,  0.00000000E+00,  0.00000000E+00,  0.00000000E+00,  0.00000000E+00,  0.13525005E-07, -0.11725283E+02
    1003.,  0.00000000E+00,  0.00000000E+00,  0.00000000E+00,  0.00000000E+00,  0.10847290E-07, -0.11725283E+02
    1004.,  0.00000000E+00,  0.00000000E+00,  0.00000000E+00,  0.00000000E+00,  0.99808065E-08, -0.11725283E+02
    1005.,  0.00000000E+00,  0.00000000E+00,  0.00000000E+00,  0.00000000E+00,  0.21101363E-07, -0.11725283E+02
    1006.,  0.00000000E+00,  0.00000000E+00,  0.00000000E+00,  0.00000000E+00,  0.54424384E-08, -0.11725283E+02
    1007.,  0.00000000E+00,  0.00000000E+00,  0.00000000E+00,  0.00000000E+00,  0.81377919E-08, -0.11725283E+02
    1008.,  0.00000000E+00,  0.00000000E+00,  0.00000000E+00,  0.00000000E+00,  0.12333855E-07, -0.11725283E+02
    1009.,  0.00000000E+00,  0.00000000E+00,  0.00000000E+00,  0.00000000E+00,  0.15715635E-07, -0.12451325E+02
    1010.,  0.00000000E+00,  0.00000000E+00,  0.00000000E+00,  0.00000000E+00,  0.17826856E-07, -0.12451325E+02
    1011.,  0.00000000E+00,  0.00000000E+00,  0.00000000E+00,  0.00000000E+00,  0.18721681E-07, -0.12451325E+02
    1012.,  0.00000000E+00,  0.00000000E+00,  0.00000000E+00,  0.00000000E+00,  0.13186037E-07, -0.12451325E+02
    1013.,  0.00000000E+00,  0.00000000E+00,  0.00000000E+00,  0.00000000E+00,  0.11682733E-07, -0.12451325E+02
    1014.,  0.00000000E+00,  0.00000000E+00,  0.00000000E+00,  0.00000000E+00,  0.14666741E-07, -0.12451325E+02
    1015.,  0.00000000E+00,  0.00000000E+00,  0.00000000E+00,  0.00000000E+00,  0.10813189E-07, -0.12451325E+02
    1016.,  0.00000000E+00,  0.00000000E+00,  0.00000000E+00,  0.00000000E+00,  0.12758039E-07, -0.12451325E+02
    1017.,  0.00000000E+00,  0.00000000E+00,  0.00000000E+00,  0.00000000E+00,  0.16042417E-07, -0.12451325E+02
    1018.,  0.00000000E+00,  0.00000000E+00,  0.00000000E+00,  0.00000000E+00,  0.16223920E-07, -0.12451325E+02
    1019.,  0.00000000E+00,  0.00000000E+00,  0.00000000E+00,  0.00000000E+00,  0.12952644E-07, -0.12451325E+02
    1020.,  0.00000000E+00,  0.00000000E+00,  0.00000000E+00,  0.00000000E+00,  0.10350541E-07, -0.12451325E+02
    1021.,  0.00000000E+00,  0.00000000E+00,  0.00000000E+00,  0.00000000E+00,  0.92249756E-08, -0.12451325E+02
    1022.,  0.00000000E+00,  0.00000000E+00,  0.00000000E+00,  0.00000000E+00,  0.16006370E-07, -0.12451325E+02
    1023.,  0.00000000E+00,  0.00000000E+00,  0.00000000E+00,  0.00000000E+00,  0.90545336E-08, -0.12451325E+02
    1024.,  0.00000000E+00,  0.00000000E+00,  0.00000000E+00,  0.00000000E+00,  0.13645788E-07, -0.12451325E+02
    1025.,  0.00000000E+00,  0.00000000E+00,  0.00000000E+00,  0.00000000E+00,  0.11881946E-07, -0.13177366E+02
    1026.,  0.00000000E+00,  0.00000000E+00,  0.00000000E+00,  0.00000000E+00,  0.12780569E-07, -0.13177366E+02
    1027.,  0.00000000E+00,  0.00000000E+00,  0.00000000E+00,  0.00000000E+00,  0.10840333E-07, -0.13177366E+02
    1028.,  0.00000000E+00,  0.00000000E+00,  0.00000000E+00,  0.00000000E+00,  0.12078218E-07, -0.13177366E+02
    1029.,  0.00000000E+00,  0.00000000E+00,  0.00000000E+00,  0.00000000E+00,  0.17274358E-07, -0.13177366E+02
    1030.,  0.00000000E+00,  0.00000000E+00,  0.00000000E+00,  0.00000000E+00,  0.23609580E-07, -0.13177366E+02
    1031.,  0.00000000E+00,  0.00000000E+00,  0.00000000E+00,  0.00000000E+00,  0.50170889E-08, -0.13177366E+02
    1032.,  0.00000000E+00,  0.00000000E+00,  0.00000000E+00,  0.00000000E+00,  0.85912769E-08, -0.13177366E+02
    1033.,  0.00000000E+00,  0.00000000E+00,  0.00000000E+00,  0.00000000E+00,  0.12289307E-07, -0.13177366E+02
    1034.,  0.00000000E+00,  0.00000000E+00,  0.00000000E+00,  0.00000000E+00,  0.94697395E-08, -0.13177366E+02
    1035.,  0.00000000E+00,  0.00000000E+00,  0.00000000E+00,  0.00000000E+00,  0.66637830E-08, -0.13177366E+02
    1036.,  0.00000000E+00,  0.00000000E+00,  0.00000000E+00,  0.00000000E+00,  0.17830495E-07, -0.13177366E+02
    1037.,  0.00000000E+00,  0.00000000E+00,  0.00000000E+00,  0.00000000E+00,  0.15832069E-07, -0.13177366E+02
    1038.,  0.00000000E+00,  0.00000000E+00,  0.00000000E+00,  0.00000000E+00,  0.69132448E-08, -0.13177366E+02
    1039.,  0.00000000E+00,  0.00000000E+00,  0.00000000E+00,  0.00000000E+00,  0.10394707E-07, -0.13177366E+02
    1040.,  0.00000000E+00,  0.00000000E+00,  0.00000000E+00,  0.00000000E+00,  0.17954672E-07, -0.13177366E+02
    1041.,  0.00000000E+00,  0.00000000E+00,  0.00000000E+00,  0.00000000E+00,  0.70825956E-08, -0.13903408E+02
    1042.,  0.00000000E+00,  0.00000000E+00,  0.00000000E+00,  0.00000000E+00,  0.95722056E-08, -0.13903408E+02
    1043.,  0.00000000E+00,  0.00000000E+00,  0.00000000E+00,  0.00000000E+00,  0.17542865E-07, -0.13903408E+02
    1044.,  0.00000000E+00,  0.00000000E+00,  0.00000000E+00,  0.00000000E+00,  0.87878672E-08, -0.13903408E+02
    1045.,  0.00000000E+00,  0.00000000E+00,  0.00000000E+00,  0.00000000E+00,  0.53294748E-08, -0.13903408E+02
    1046.,  0.00000000E+00,  0.00000000E+00,  0.00000000E+00,  0.00000000E+00,  0.12150549E-07, -0.13903408E+02
    1047.,  0.00000000E+00,  0.00000000E+00,  0.00000000E+00,  0.00000000E+00,  0.16580589E-07, -0.13903408E+02
    1048.,  0.00000000E+00,  0.00000000E+00,  0.00000000E+00,  0.00000000E+00,  0.18777414E-07, -0.13903408E+02
    1049.,  0.00000000E+00,  0.00000000E+00,  0.00000000E+00,  0.00000000E+00,  0.16957188E-07, -0.13903408E+02
    1050.,  0.00000000E+00,  0.00000000E+00,  0.00000000E+00,  0.00000000E+00,  0.68016461E-08, -0.13903408E+02
    1051.,  0.00000000E+00,  0.00000000E+00,  0.00000000E+00,  0.00000000E+00,  0.19558252E-07, -0.13903408E+02
    1052.,  0.00000000E+00,  0.00000000E+00,  0.00000000E+00,  0.00000000E+00,  0.10568379E-07, -0.13903408E+02
    1053.,  0.00000000E+00,  0.00000000E+00,  0.00000000E+00,  0.00000000E+00,  0.12879953E-07, -0.13903408E+02
    1054.,  0.00000000E+00,  0.00000000E+00,  0.00000000E+00,  0.00000000E+00,  0.19618707E-07, -0.13903408E+02
    1055.,  0.00000000E+00,  0.00000000E+00,  0.00000000E+00,  0.00000000E+00,  0.17587925E-07, -0.13903408E+02
    1056.,  0.00000000E+00,  0.00000000E+00,  0.00000000E+00,  0.00000000E+00,  0.82616761E-08, -0.13903408E+02
    1057.,  0.00000000E+00,  0.00000000E+00,  0.00000000E+00,  0.00000000E+00,  0.13536875E-07, -0.14629450E+02
    1058.,  0.00000000E+00,  0.00000000E+00,  0.00000000E+00,  0.00000000E+00,  0.24561485E-07, -0.14629450E+02
    1059.,  0.00000000E+00,  0.00000000E+00,  0.00000000E+00,  0.00000000E+00,  0.87652554E-08, -0.14629450E+02
    1060.,  0.00000000E+00,  0.00000000E+00,  0.00000000E+00,  0.00000000E+00,  0.10404875E-07, -0.14629450E+02
    1061.,  0.00000000E+00,  0.00000000E+00,  0.00000000E+00,  0.00000000E+00,  0.15521892E-07, -0.14629450E+02
    1062.,  0.00000000E+00,  0.00000000E+00,  0.00000000E+00,  0.00000000E+00,  0.61638091E-08, -0.14629450E+02
    1063.,  0.00000000E+00,  0.00000000E+00,  0.00000000E+00,  0.00000000E+00,  0.72512924E-08, -0.14629450E+02
    1064.,  0.00000000E+00,  0.00000000E+00,  0.00000000E+00,  0.00000000E+00,  0.15068893E-07, -0.14629450E+02
    1065.,  0.00000000E+00,  0.00000000E+00,  0.00000000E+00,  0.00000000E+00,  0.89064281E-08, -0.14629450E+02
    1066.,  0.00000000E+00,  0.00000000E+00,  0.00000000E+00,  0.00000000E+00,  0.60152029E-08, -0.14629450E+02
    1067.,  0.00000000E+00,  0.00000000E+00,  0.00000000E+00,  0.00000000E+00,  0.16419488E-07, -0.14629450E+02
    1068.,  0.00000000E+00,  0.00000000E+00,  0.00000000E+00,  0.00000000E+00,  0.23436778E-07, -0.14629450E+02
    1069.,  0.00000000E+00,  0.00000000E+00,  0.00000000E+00,  0.00000000E+00,  0.13692649E-07, -0.14629450E+02
    1070.,  0.00000000E+00,  0.00000000E+00,  0.00000000E+00,  0.00000000E+00,  0.18370442E-08, -0.14629450E+02
    1071.,  0.00000000E+00,  0.00000000E+00,  0.00000000E+00,  0.00000000E+00,  0.23476534E-07, -0.14629450E+02
    1072.,  0.00000000E+00,  0.00000000E+00,  0.00000000E+00,  0.00000000E+00,  0.22925628E-07, -0.14629450E+02
    1073.,  0.00000000E+00,  0.00000000E+00,  0.00000000E+00,  0.00000000E+00,  0.22863226E-08, -0.15355491E+02
    1074.,  0.00000000E+00,  0.00000000E+00,  0.00000000E+00,  0.00000000E+00,  0.15578220E-07, -0.15355491E+02
    1075.,  0.00000000E+00,  0.00000000E+00,  0.00000000E+00,  0.00000000E+00,  0.97100079E-08, -0.15355491E+02
    1076.,  0.00000000E+00,  0.00000000E+00,  0.00000000E+00,  0.00000000E+00,  0.12990214E-07, -0.15355491E+02
    1077.,  0.00000000E+00,  0.00000000E+00,  0.00000000E+00,  0.00000000E+00,  0.21345946E-07, -0.15355491E+02
    1078.,  0.00000000E+00,  0.00000000E+00,  0.00000000E+00,  0.00000000E+00,  0.15945211E-07, -0.15355491E+02
    1079.,  0.00000000E+00,  0.00000000E+00,  0.00000000E+00,  0.00000000E+00,  0.15913372E-07, -0.15355491E+02
    1080.,  0.00000000E+00,  0.00000000E+00,  0.00000000E+00,  0.00000000E+00,  0.54811136E-08, -0.15355491E+02
    1081.,  0.00000000E+00,  0.00000000E+00,  0.00000000E+00,  0.00000000E+00,  0.88086322E-08, -0.15355491E+02
    1082.,  0.00000000E+00,  0.00000000E+00,  0.00000000E+00,  0.00000000E+00,  0.65649579E-08, -0.15355491E+02
    1083.,  0.00000000E+00,  0.00000000E+00,  0.00000000E+00,  0.00000000E+00,  0.10478842E-07, -0.15355491E+02
    1084.,  0.00000000E+00,  0.00000000E+00,  0.00000000E+00,  0.00000000E+00,  0.82104618E-08, -0.15355491E+02
    1085.,  0.00000000E+00,  0.00000000E+00,  0.00000000E+00,  0.00000000E+00,  0.31834302E-08, -0.15355491E+02
    1086.,  0.00000000E+00,  0.00000000E+00,  0.00000000E+00,  0.00000000E+00,  0.16741740E-07, -0.15355491E+02
    1087.,  0.00000000E+00,  0.00000000E+00,  0.00000000E+00,  0.00000000E+00,  0.14748155E-07, -0.15355491E+02
    1088.,  0.00000000E+00,  0.00000000E+00,  0.00000000E+00,  0.00000000E+00,  0.19976452E-07, -0.15355491E+02
    1089.,  0.00000000E+00,  0.00000000E+00,  0.00000000E+00,  0.00000000E+00,  0.11055998E-07, -0.16081533E+02
    1090.,  0.00000000E+00,  0.00000000E+00,  0.00000000E+00,  0.00000000E+00,  0.17041465E-07, -0.16081533E+02
    1091.,  0.00000000E+00,  0.00000000E+00,  0.00000000E+00,  0.00000000E+00,  0.10216541E-07, -0.16081533E+02
    1092.,  0.00000000E+00,  0.00000000E+00,  0.00000000E+00,  0.00000000E+00,  0.12078235E-07, -0.16081533E+02
    1093.,  0.00000000E+00,  0.00000000E+00,  0.00000000E+00,  0.00000000E+00,  0.15948250E-07, -0.16081533E+02
    1094.,  0.00000000E+00,  0.00000000E+00,  0.00000000E+00,  0.00000000E+00,  0.10540524E-07, -0.16081533E+02
    1095.,  0.00000000E+00,  0.00000000E+00,  0.00000000E+00,  0.00000000E+00,  0.16610723E-07, -0.16081533E+02
    1096.,  0.00000000E+00,  0.00000000E+00,  0.00000000E+00,  0.00000000E+00,  0.22071531E-07, -0.16081533E+02
    1097.,  0.00000000E+00,  0.00000000E+00,  0.00000000E+00,  0.00000000E+00,  0.94840430E-08, -0.16081533E+02
    1098.,  0.00000000E+00,  0.00000000E+00,  0.00000000E+00,  0.00000000E+00,  0.18144889E-07, -0.16081533E+02
    1099.,  0.00000000E+00,  0.00000000E+00,  0.00000000E+00,  0.00000000E+00,  0.10488111E-07, -0.16081533E+02
    1100.,  0.00000000E+00,  0.00000000E+00,  0.00000000E+00,  0.00000000E+00,  0.22688474E-07, -0.16081533E+02
    1101.,  0.00000000E+00,  0.00000000E+00,  0.00000000E+00,  0.00000000E+00,  0.10952320E-07, -0.16081533E+02
    1102.,  0.00000000E+00,  0.00000000E+00,  0.00000000E+00,  0.00000000E+00,  0.15098082E-07, -0.16081533E+02
    1103.,  0.00000000E+00,  0.00000000E+00,  0.00000000E+00,  0.00000000E+00,  0.23844624E-07, -0.16081533E+02
    1104.,  0.00000000E+00,  0.00000000E+00,  0.00000000E+00,  0.00000000E+00,  0.13244861E-07, -0.16081533E+02
    1105.,  0.00000000E+00,  0.00000000E+00,  0.00000000E+00,  0.00000000E+00,  0.15770253E-07, -0.16807575E+02
    1106.,  0.00000000E+00,  0.00000000E+00,  0.00000000E+00,  0.00000000E+00,  0.18084993E-07, -0.16807575E+02
    1107.,  0.00000000E+00,  0.00000000E+00,  0.00000000E+00,  0.00000000E+00,  0.27130128E-08, -0.16807575E+02
    1108.,  0.00000000E+00,  0.00000000E+00,  0.00000000E+00,  0.00000000E+00,  0.15970364E-07, -0.16807575E+02
    1109.,  0.00000000E+00,  0.00000000E+00,  0.00000000E+00,  0.00000000E+00,  0.18996391E-07, -0.16807575E+02
    1110.,  0.00000000E+00,  0.00000000E+00,  0.00000000E+00,  0.00000000E+00,  0.14866453E-07, -0.16807575E+02
    1111.,  0.00000000E+00,  0.00000000E+00,  0.00000000E+00,  0.00000000E+00,  0.25569196E-07, -0.16807575E+02
    1112.,  0.00000000E+00,  0.00000000E+00,  0.00000000E+00,  0.00000000E+00,  0.97721469E-08, -0.16807575E+02
    1113.,  0.00000000E+00,  0.00000000E+00,  0.00000000E+00,  0.00000000E+00,  0.84632622E-08, -0.16807575E+02
    1114.,  0.00000000E+00,  0.00000000E+00,  0.00000000E+00,  0.00000000E+00,  0.11806724E-07, -0.16807575E+02
    1115.,  0.00000000E+00,  0.00000000E+00,  0.00000000E+00,  0.00000000E+00,  0.10835931E-07, -0.16807575E+02
    1116.,  0.00000000E+00,  0.00000000E+00,  0.00000000E+00,  0.00000000E+00,  0.18439105E-07, -0.16807575E+02
    1117.,  0.00000000E+00,  0.00000000E+00,  0.00000000E+00,  0.00000000E+00,  0.22978090E-07, -0.16807575E+02
    1118.,  0.00000000E+00,  0.00000000E+00,  0.00000000E+00,  0.00000000E+00,  0.90881118E-08, -0.16807575E+02
    1119.,  0.00000000E+00,  0.00000000E+00,  0.00000000E+00,  0.00000000E+00,  0.13065718E-07, -0.16807575E+02
    1120.,  0.00000000E+00,  0.00000000E+00,  0.00000000E+00,  0.00000000E+00,  0.90473911E-08, -0.16807575E+02
    1121.,  0.00000000E+00,  0.00000000E+00,  0.00000000E+00,  0.00000000E+00,  0.40992251E-08, -0.17533617E+02
    1122.,  0.00000000E+00,  0.00000000E+00,  0.00000000E+00,  0.00000000E+00,  0.11681235E-07, -0.17533617E+02
    1123.,  0.00000000E+00,  0.00000000E+00,  0.00000000E+00,  0.00000000E+00,  0.15230595E-07, -0.17533617E+02
    1124.,  0.00000000E+00,  0.00000000E+00,  0.00000000E+00,  0.00000000E+00,  0.15213481E-07, -0.17533617E+02
    1125.,  0.00000000E+00,  0.00000000E+00,  0.00000000E+00,  0.00000000E+00,  0.16793443E-07, -0.17533617E+02
    1126.,  0.00000000E+00,  0.00000000E+00,  0.00000000E+00,  0.00000000E+00,  0.16612083E-07, -0.17533617E+02
    1127.,  0.00000000E+00,  0.00000000E+00,  0.00000000E+00,  0.00000000E+00,  0.11082149E-07, -0.17533617E+02
    1128.,  0.00000000E+00,  0.00000000E+00,  0.00000000E+00,  0.00000000E+00,  0.16876133E-07, -0.17533617E+02
    1129.,  0.00000000E+00,  0.00000000E+00,  0.00000000E+00,  0.00000000E+00,  0.19287446E-07, -0.17533617E+02
    1130.,  0.00000000E+00,  0.00000000E+00,  0.00000000E+00,  0.00000000E+00,  0.13227676E-07, -0.17533617E+02
    1131.,  0.00000000E+00,  0.00000000E+00,  0.00000000E+00,  0.00000000E+00,  0.71271259E-08, -0.17533617E+02
    1132.,  0.00000000E+00,  0.00000000E+00,  0.00000000E+00,  0.00000000E+00,  0.12038234E-07, -0.17533617E+02
    1133.,  0.00000000E+00,  0.00000000E+00,  0.00000000E+00,  0.00000000E+00,  0.18556087E-07, -0.17533617E+02
    1134.,  0.00000000E+00,  0.00000000E+00,  0.00000000E+00,  0.00000000E+00,  0.15774888E-07, -0.17533617E+02
    1135.,  0.00000000E+00,  0.00000000E+00,  0.00000000E+00,  0.00000000E+00,  0.98821722E-08, -0.17533617E+02
    1136.,  0.00000000E+00,  0.00000000E+00,  0.00000000E+00,  0.00000000E+00,  0.23273503E-07, -0.17533617E+02
    1137.,  0.00000000E+00,  0.00000000E+00,  0.00000000E+00,  0.00000000E+00,  0.10805975E-07, -0.18259658E+02
    1138.,  0.00000000E+00,  0.00000000E+00,  0.00000000E+00,  0.00000000E+00,  0.17431422E-07, -0.18259658E+02
    1139.,  0.00000000E+00,  0.00000000E+00,  0.00000000E+00,  0.00000000E+00,  0.68496813E-08, -0.18259658E+02
    1140.,  0.00000000E+00,  0.00000000E+00,  0.00000000E+00,  0.00000000E+00,  0.18911283E-07, -0.18259658E+02
    1141.,  0.00000000E+00,  0.00000000E+00,  0.00000000E+00,  0.00000000E+00,  0.16835150E-07, -0.18259658E+02
    1142.,  0.00000000E+00,  0.00000000E+00,  0.00000000E+00,  0.00000000E+00,  0.23333634E-07, -0.18259658E+02
    1143.,  0.00000000E+00,  0.00000000E+00,  0.00000000E+00,  0.00000000E+00,  0.34236745E-08, -0.18259658E+02
    1144.,  0.00000000E+00,  0.00000000E+00,  0.00000000E+00,  0.00000000E+00,  0.16269224E-07, -0.18259658E+02
    1145.,  0.00000000E+00,  0.00000000E+00,  0.00000000E+00,  0.00000000E+00,  0.15376182E-07, -0.18259658E+02
    1146.,  0.00000000E+00,  0.00000000E+00,  0.00000000E+00,  0.00000000E+00,  0.44786950E-08, -0.18259658E+02
    1147.,  0.00000000E+00,  0.00000000E+00,  0.00000000E+00,  0.00000000E+00,  0.18260539E-07, -0.18259658E+02
    1148.,  0.00000000E+00,  0.00000000E+00,  0.00000000E+00,  0.00000000E+00,  0.22744277E-07, -0.18259658E+02
    1149.,  0.00000000E+00,  0.00000000E+00,  0.00000000E+00,  0.00000000E+00,  0.18620315E-07, -0.18259658E+02
    1150.,  0.00000000E+00,  0.00000000E+00,  0.00000000E+00,  0.00000000E+00,  0.10117635E-07, -0.18259658E+02
    1151.,  0.00000000E+00,  0.00000000E+00,  0.00000000E+00,  0.00000000E+00,  0.10869368E-07, -0.18259658E+02
    1152.,  0.00000000E+00,  0.00000000E+00,  0.00000000E+00,  0.00000000E+00,  0.10358562E-07, -0.18259658E+02
    1153.,  0.00000000E+00,  0.00000000E+00,  0.00000000E+00,  0.00000000E+00,  0.40086372E+02, -0.11976790E+01
    1154.,  0.00000000E+00,  0.00000000E+00,  0.00000000E+00,  0.00000000E+00,  0.42789536E+02, -0.11976790E+01
    1155.,  0.00000000E+00,  0.00000000E+00,  0.00000000E+00,  0.00000000E+00,  0.43451353E+02, -0.11976790E+01
    1156.,  0.00000000E+00,  0.00000000E+00,  0.00000000E+00,  0.00000000E+00,  0.38668537E+02, -0.11976790E+01
    1157.,  0.00000000E+00,  0.00000000E+00,  0.00000000E+00,  0.00000000E+00,  0.31685051E+02, -0.11976790E+01
    1158.,  0.00000000E+00,  0.00000000E+00,  0.00000000E+00,  0.00000000E+00,  0.28968538E+02, -0.11976790E+01
    1159.,  0.00000000E+00,  0.00000000E+00,  0.00000000E+00,  0.00000000E+00,  0.33060586E+02, -0.11976790E+01
    1160.,  0.00000000E+00,  0.00000000E+00,  0.00000000E+00,  0.00000000E+00,  0.36147376E+02, -0.11976790E+01
    1161.,  0.00000000E+00,  0.00000000E+00,  0.00000000E+00,  0.00000000E+00,  0.34695341E+02, -0.11976790E+01
    1162.,  0.00000000E+00,  0.00000000E+00,  0.00000000E+00,  0.00000000E+00,  0.36130498E+02, -0.11976790E+01
    1163.,  0.00000000E+00,  0.00000000E+00,  0.00000000E+00,  0.00000000E+00,  0.45443526E+02, -0.11976790E+01
    1164.,  0.00000000E+00,  0.00000000E+00,  0.00000000E+00,  0.00000000E+00,  0.54995722E+02, -0.11976790E+01
    1165.,  0.00000000E+00,  0.00000000E+00,  0.00000000E+00,  0.00000000E+00,  0.59223364E+02, -0.11976790E+01
    1166.,  0.00000000E+00,  0.00000000E+00,  0.00000000E+00,  0.00000000E+00,  0.57117483E+02, -0.11976790E+01
    1167.,  0.00000000E+00,  0.00000000E+00,  0.00000000E+00,  0.00000000E+00,  0.51963797E+02, -0.11976790E+01
    1168.,  0.00000000E+00,  0.00000000E+00,  0.00000000E+00,  0.00000000E+00,  0.47554637E+02, -0.11976790E+01
    1169.,  0.00000000E+00,  0.00000000E+00,  0.00000000E+00,  0.00000000E+00,  0.40911195E+02, -0.11976790E+01
    1170.,  0.00000000E+00,  0.00000000E+00,  0.00000000E+00,  0.00000000E+00,  0.42876878E+02, -0.11976790E+01
    1171.,  0.00000000E+00,  0.00000000E+00,  0.00000000E+00,  0.00000000E+00,  0.47775712E+02, -0.11976790E+01
    1172.,  0.00000000E+00,  0.00000000E+00,  0.00000000E+00,  0.00000000E+00,  0.57953479E+02, -0.11976790E+01
    1173.,  0.00000000E+00,  0.00000000E+00,  0.00000000E+00,  0.00000000E+00,  0.68949327E+02, -0.11976790E+01
    1174.,  0.00000000E+00,  0.00000000E+00,  0.00000000E+00,  0.00000000E+00,  0.77181193E+02, -0.11976790E+01
    1175.,  0.00000000E+00,  0.00000000E+00,  0.00000000E+00,  0.00000000E+00,  0.80010669E+02, -0.11976790E+01
    1176.,  0.00000000E+00,  0.00000000E+00,  0.00000000E+00,  0.00000000E+00,  0.76959196E+02, -0.11976790E+01
    1177.,  0.00000000E+00,  0.00000000E+00,  0.00000000E+00,  0.00000000E+00,  0.69388165E+02, -0.11976790E+01
    1178.,  0.00000000E+00,  0.00000000E+00,  0.00000000E+00,  0.00000000E+00,  0.59515207E+02, -0.11976790E+01
    1179.,  0.00000000E+00,  0.00000000E+00,  0.00000000E+00,  0.00000000E+00,  0.49303738E+02, -0.11976790E+01
    1180.,  0.00000000E+00,  0.00000000E+00,  0.00000000E+00,  0.00000000E+00,  0.39922697E+02, -0.11976790E+01
    1181.,  0.00000000E+00,  0.00000000E+00,  0.00000000E+00,  0.00000000E+00,  0.31816835E+02, -0.11976790E+01
    1182.,  0.00000000E+00,  0.00000000E+00,  0.00000000E+00,  0.00000000E+00,  0.25034069E+02, -0.11976790E+01
    1183.,  0.00000000E+00,  0.00000000E+00,  0.00000000E+00,  0.00000000E+00,  0.19480089E+02, -0.11976790E+01
    1184.,  0.00000000E+00,  0.00000000E+00,  0.00000000E+00,  0.00000000E+00,  0.15044859E+02, -0.11976790E+01
    1185.,  0.00000000E+00,  0.00000000E+00,  0.00000000E+00,  0.00000000E+00,  0.11498376E+02, -0.11976790E+01
    1186.,  0.00000000E+00,  0.00000000E+00,  0.00000000E+00,  0.00000000E+00,  0.88492717E+01, -0.11976790E+01
    1187.,  0.00000000E+00,  0.00000000E+00,  0.00000000E+00,  0.00000000E+00,  0.81254935E+01, -0.11976790E+01
    1188.,  0.00000000E+00,  0.00000000E+00,  0.00000000E+00,  0.00000000E+00,  0.10039078E+02, -0.11976790E+01
    1189.,  0.00000000E+00,  0.00000000E+00,  0.00000000E+00,  0.00000000E+00,  0.13416086E+02, -0.11976790E+01
    1190.,  0.00000000E+00,  0.00000000E+00,  0.00000000E+00,  0.00000000E+00,  0.16935618E+02, -0.11976790E+01
    1191.,  0.00000000E+00,  0.00000000E+00,  0.00000000E+00,  0.00000000E+00,  0.19690309E+02, -0.11976790E+01
    1192.,  0.00000000E+00,  0.00000000E+00,  0.00000000E+00,  0.00000000E+00,  0.21005780E+02, -0.11976790E+01
    1193.,  0.00000000E+00,  0.00000000E+00,  0.00000000E+00,  0.00000000E+00,  0.20485627E+02, -0.11976790E+01
    1194.,  0.00000000E+00,  0.00000000E+00,  0.00000000E+00,  0.00000000E+00,  0.18142085E+02, -0.11976790E+01
    1195.,  0.00000000E+00,  0.00000000E+00,  0.00000000E+00,  0.00000000E+00,  0.14467947E+02, -0.11976790E+01
    1196.,  0.00000000E+00,  0.00000000E+00,  0.00000000E+00,  0.00000000E+00,  0.10554998E+02, -0.11976790E+01
    1197.,  0.00000000E+00,  0.00000000E+00,  0.00000000E+00,  0.00000000E+00,  0.86195757E+01, -0.11976790E+01
    1198.,  0.00000000E+00,  0.00000000E+00,  0.00000000E+00,  0.00000000E+00,  0.10721434E+02, -0.11976790E+01
    1199.,  0.00000000E+00,  0.00000000E+00,  0.00000000E+00,  0.00000000E+00,  0.15232601E+02, -0.11976790E+01
    1200.,  0.00000000E+00,  0.00000000E+00,  0.00000000E+00,  0.00000000E+00,  0.20353105E+02, -0.11976790E+01
    1201.,  0.00000000E+00,  0.00000000E+00,  0.00000000E+00,  0.00000000E+00,  0.25768210E+02, -0.11976790E+01
    1202.,  0.00000000E+00,  0.00000000E+00,  0.00000000E+00,  0.00000000E+00,  0.32017848E+02, -0.11976790E+01
    1203.,  0.00000000E+00,  0.00000000E+00,  0.00000000E+00,  0.00000000E+00,  0.39561998E+02, -0.11976790E+01
    1204.,  0.00000000E+00,  0.00000000E+00,  0.00000000E+00,  0.00000000E+00,  0.48545768E+02, -0.11976790E+01
    1205.,  0.00000000E+00,  0.00000000E+00,  0.00000000E+00,  0.00000000E+00,  0.58955679E+02, -0.11976790E+01
    1206.,  0.00000000E+00,  0.00000000E+00,  0.00000000E+00,  0.00000000E+00,  0.70388739E+02, -0.11976790E+01
    1207.,  0.00000000E+00,  0.00000000E+00,  0.00000000E+00,  0.00000000E+00,  0.81702599E+02, -0.11976790E+01
    1208.,  0.00000000E+00,  0.00000000E+00,  0.00000000E+00,  0.00000000E+00,  0.90818265E+02, -0.11976790E+01
    1209.,  0.00000000E+00,  0.00000000E+00,  0.00000000E+00,  0.00000000E+00,  0.95145488E+02, -0.11976790E+01
    1210.,  0.00000000E+00,  0.00000000E+00,  0.00000000E+00,  0.00000000E+00,  0.92750075E+02, -0.11976790E+01
    1211.,  0.00000000E+00,  0.00000000E+00,  0.00000000E+00,  0.00000000E+00,  0.83579147E+02, -0.11976790E+01
    1212.,  0.00000000E+00,  0.00000000E+00,  0.00000000E+00,  0.00000000E+00,  0.69883413E+02, -0.11976790E+01
    1213.,  0.00000000E+00,  0.00000000E+00,  0.00000000E+00,  0.00000000E+00,  0.55306930E+02, -0.11976790E+01
    1214.,  0.00000000E+00,  0.00000000E+00,  0.00000000E+00,  0.00000000E+00,  0.44358810E+02, -0.11976790E+01
    1215.,  0.00000000E+00,  0.00000000E+00,  0.00000000E+00,  0.00000000E+00,  0.38148220E+02, -0.11976790E+01
    1216.,  0.00000000E+00,  0.00000000E+00,  0.00000000E+00,  0.00000000E+00,  0.42936007E+02, -0.11976790E+01
    1217.,  0.00000000E+00,  0.00000000E+00,  0.00000000E+00,  0.00000000E+00,  0.81691786E+02, -0.11976790E+01
    1218.,  0.00000000E+00,  0.00000000E+00,  0.00000000E+00,  0.00000000E+00,  0.67096716E+02, -0.11976790E+01
    1219.,  0.00000000E+00,  0.00000000E+00,  0.00000000E+00,  0.00000000E+00,  0.50373267E+02, -0.11976790E+01
    1220.,  0.00000000E+00,  0.00000000E+00,  0.00000000E+00,  0.00000000E+00,  0.45727657E+02, -0.11976790E+01
    1221.,  0.00000000E+00,  0.00000000E+00,  0.00000000E+00,  0.00000000E+00,  0.47952904E+02, -0.11976790E+01
    1222.,  0.00000000E+00,  0.00000000E+00,  0.00000000E+00,  0.00000000E+00,  0.44856092E+02, -0.11976790E+01
    1223.,  0.00000000E+00,  0.00000000E+00,  0.00000000E+00,  0.00000000E+00,  0.29441199E+02, -0.11976790E+01
    1224.,  0.00000000E+00,  0.00000000E+00,  0.00000000E+00,  0.00000000E+00,  0.25519841E+02, -0.11976790E+01
    1225.,  0.00000000E+00,  0.00000000E+00,  0.00000000E+00,  0.00000000E+00,  0.51590525E+02, -0.11976790E+01
    1226.,  0.00000000E+00,  0.00000000E+00,  0.00000000E+00,  0.00000000E+00,  0.68191027E+02, -0.11976790E+01
    1227.,  0.00000000E+00,  0.00000000E+00,  0.00000000E+00,  0.00000000E+00,  0.65957895E+02, -0.11976790E+01
    1228.,  0.00000000E+00,  0.00000000E+00,  0.00000000E+00,  0.00000000E+00,  0.53624727E+02, -0.11976790E+01
    1229.,  0.00000000E+00,  0.00000000E+00,  0.00000000E+00,  0.00000000E+00,  0.45230035E+02, -0.11976790E+01
    1230.,  0.00000000E+00,  0.00000000E+00,  0.00000000E+00,  0.00000000E+00,  0.50469502E+02, -0.11976790E+01
    1231.,  0.00000000E+00,  0.00000000E+00,  0.00000000E+00,  0.00000000E+00,  0.63743935E+02, -0.11976790E+01
    1232.,  0.00000000E+00,  0.00000000E+00,  0.00000000E+00,  0.00000000E+00,  0.65842719E+02, -0.11976790E+01
    1233.,  0.00000000E+00,  0.00000000E+00,  0.00000000E+00,  0.00000000E+00,  0.82274877E+02, -0.11976790E+01
    1234.,  0.00000000E+00,  0.00000000E+00,  0.00000000E+00,  0.00000000E+00,  0.79547996E+02, -0.11976790E+01
    1235.,  0.00000000E+00,  0.00000000E+00,  0.00000000E+00,  0.00000000E+00,  0.81433201E+02, -0.11976790E+01
    1236.,  0.00000000E+00,  0.00000000E+00,  0.00000000E+00,  0.00000000E+00,  0.77110131E+02, -0.11976790E+01
    1237.,  0.00000000E+00,  0.00000000E+00,  0.00000000E+00,  0.00000000E+00,  0.70115689E+02, -0.11976790E+01
    1238.,  0.00000000E+00,  0.00000000E+00,  0.00000000E+00,  0.00000000E+00,  0.61868235E+02, -0.11976790E+01
    1239.,  0.00000000E+00,  0.00000000E+00,  0.00000000E+00,  0.00000000E+00,  0.54960763E+02, -0.11976790E+01
    1240.,  0.00000000E+00,  0.00000000E+00,  0.00000000E+00,  0.00000000E+00,  0.49999993E+02, -0.11976790E+01
    1241.,  0.00000000E+00,  0.00000000E+00,  0.00000000E+00,  0.00000000E+00,  0.45850513E+02, -0.11976790E+01
    1242.,  0.00000000E+00,  0.00000000E+00,  0.00000000E+00,  0.00000000E+00,  0.41501772E+02, -0.11976790E+01
    1243.,  0.00000000E+00,  0.00000000E+00,  0.00000000E+00,  0.00000000E+00,  0.36952059E+02, -0.11976790E+01
    1244.,  0.00000000E+00,  0.00000000E+00,  0.00000000E+00,  0.00000000E+00,  0.32608470E+02, -0.11976790E+01
    1245.,  0.00000000E+00,  0.00000000E+00,  0.00000000E+00,  0.00000000E+00,  0.28779709E+02, -0.11976790E+01
    1246.,  0.00000000E+00,  0.00000000E+00,  0.00000000E+00,  0.00000000E+00,  0.25577120E+02, -0.11976790E+01
    1247.,  0.00000000E+00,  0.00000000E+00,  0.00000000E+00,  0.00000000E+00,  0.22980364E+02, -0.11976790E+01
    1248.,  0.00000000E+00,  0.00000000E+00,  0.00000000E+00,  0.00000000E+00,  0.20912592E+02, -0.11976790E+01
    1249.,  0.00000000E+00,  0.00000000E+00,  0.00000000E+00,  0.00000000E+00,  0.19172605E+02, -0.11976790E+01
    1250.,  0.00000000E+00,  0.00000000E+00,  0.00000000E+00,  0.00000000E+00,  0.17530863E+02, -0.11976790E+01
    1251.,  0.00000000E+00,  0.00000000E+00,  0.00000000E+00,  0.00000000E+00,  0.15930253E+02, -0.11976790E+01
    1252.,  0.00000000E+00,  0.00000000E+00,  0.00000000E+00,  0.00000000E+00,  0.14389027E+02, -0.11976790E+01
    1253.,  0.00000000E+00,  0.00000000E+00,  0.00000000E+00,  0.00000000E+00,  0.12895223E+02, -0.11976790E+01
    1254.,  0.00000000E+00,  0.00000000E+00,  0.00000000E+00,  0.00000000E+00,  0.11414567E+02, -0.11976790E+01
    1255.,  0.00000000E+00,  0.00000000E+00,  0.00000000E+00,  0.00000000E+00,  0.99825473E+01, -0.11976790E+01
    1256.,  0.00000000E+00,  0.00000000E+00,  0.00000000E+00,  0.00000000E+00,  0.88772619E+01, -0.11976790E+01
    1257.,  0.00000000E+00,  0.00000000E+00,  0.00000000E+00,  0.00000000E+00,  0.86631277E+01, -0.11976790E+01
    1258.,  0.00000000E+00,  0.00000000E+00,  0.00000000E+00,  0.00000000E+00,  0.97171497E+01, -0.11976790E+01
    1259.,  0.00000000E+00,  0.00000000E+00,  0.00000000E+00,  0.00000000E+00,  0.11784883E+02, -0.11976790E+01
    1260.,  0.00000000E+00,  0.00000000E+00,  0.00000000E+00,  0.00000000E+00,  0.14395722E+02, -0.11976790E+01
    1261.,  0.00000000E+00,  0.00000000E+00,  0.00000000E+00,  0.00000000E+00,  0.17238195E+02, -0.11976790E+01
    1262.,  0.00000000E+00,  0.00000000E+00,  0.00000000E+00,  0.00000000E+00,  0.20144809E+02, -0.11976790E+01
    1263.,  0.00000000E+00,  0.00000000E+00,  0.00000000E+00,  0.00000000E+00,  0.23016683E+02, -0.11976790E+01
    1264.,  0.00000000E+00,  0.00000000E+00,  0.00000000E+00,  0.00000000E+00,  0.25789561E+02, -0.11976790E+01
    1265.,  0.00000000E+00,  0.00000000E+00,  0.00000000E+00,  0.00000000E+00,  0.28578463E+02, -0.11976790E+01
    1266.,  0.00000000E+00,  0.00000000E+00,  0.00000000E+00,  0.00000000E+00,  0.31733752E+02, -0.11976790E+01
    1267.,  0.00000000E+00,  0.00000000E+00,  0.00000000E+00,  0.00000000E+00,  0.35512561E+02, -0.11976790E+01
    1268.,  0.00000000E+00,  0.00000000E+00,  0.00000000E+00,  0.00000000E+00,  0.39964686E+02, -0.11976790E+01
    1269.,  0.00000000E+00,  0.00000000E+00,  0.00000000E+00,  0.00000000E+00,  0.45041999E+02, -0.11976790E+01
    1270.,  0.00000000E+00,  0.00000000E+00,  0.00000000E+00,  0.00000000E+00,  0.50535653E+02, -0.11976790E+01
    1271.,  0.00000000E+00,  0.00000000E+00,  0.00000000E+00,  0.00000000E+00,  0.56172772E+02, -0.11976790E+01
    1272.,  0.00000000E+00,  0.00000000E+00,  0.00000000E+00,  0.00000000E+00,  0.61929301E+02, -0.11976790E+01
    1273.,  0.00000000E+00,  0.00000000E+00,  0.00000000E+00,  0.00000000E+00,  0.68413974E+02, -0.11976790E+01
    1274.,  0.00000000E+00,  0.00000000E+00,  0.00000000E+00,  0.00000000E+00,  0.76248013E+02, -0.11976790E+01
    1275.,  0.00000000E+00,  0.00000000E+00,  0.00000000E+00,  0.00000000E+00,  0.84452328E+02, -0.11976790E+01
    1276.,  0.00000000E+00,  0.00000000E+00,  0.00000000E+00,  0.00000000E+00,  0.90573101E+02, -0.11976790E+01
    1277.,  0.00000000E+00,  0.00000000E+00,  0.00000000E+00,  0.00000000E+00,  0.93460107E+02, -0.11976790E+01
    1278.,  0.00000000E+00,  0.00000000E+00,  0.00000000E+00,  0.00000000E+00,  0.92196253E+02, -0.11976790E+01
    1279.,  0.00000000E+00,  0.00000000E+00,  0.00000000E+00,  0.00000000E+00,  0.93763348E+02, -0.11976790E+01
    1280.,  0.00000000E+00,  0.00000000E+00,  0.00000000E+00,  0.00000000E+00,  0.70817331E+02, -0.11976790E+01
    1281.,  0.00000000E+00,  0.00000000E+00,  0.00000000E+00,  0.00000000E+00,  0.70757816E+02, -0.11976790E+01
    1282.,  0.00000000E+00,  0.00000000E+00,  0.00000000E+00,  0.00000000E+00,  0.54107222E+02, -0.11976790E+01
    1283.,  0.00000000E+00,  0.00000000E+00,  0.00000000E+00,  0.00000000E+00,  0.39126690E+02, -0.11976790E+01
    1284.,  0.00000000E+00,  0.00000000E+00,  0.00000000E+00,  0.00000000E+00,  0.28900297E+02, -0.11976790E+01
    1285.,  0.00000000E+00,  0.00000000E+00,  0.00000000E+00,  0.00000000E+00,  0.32370865E+02, -0.11976790E+01
    1286.,  0.00000000E+00,  0.00000000E+00,  0.00000000E+00,  0.00000000E+00,  0.33682579E+02, -0.11976790E+01
    1287.,  0.00000000E+00,  0.00000000E+00,  0.00000000E+00,  0.00000000E+00,  0.23648565E+02, -0.11976790E+01
    1288.,  0.00000000E+00,  0.00000000E+00,  0.00000000E+00,  0.00000000E+00,  0.34408891E+02, -0.11976790E+01
    1289.,  0.00000000E+00,  0.00000000E+00,  0.00000000E+00,  0.00000000E+00,  0.68470744E+02, -0.11976790E+01
    1290.,  0.00000000E+00,  0.00000000E+00,  0.00000000E+00,  0.00000000E+00,  0.89166471E+02, -0.11976790E+01
    1291.,  0.00000000E+00,  0.00000000E+00,  0.00000000E+00,  0.00000000E+00,  0.92900498E+02, -0.11976790E+01
    1292.,  0.00000000E+00,  0.00000000E+00,  0.00000000E+00,  0.00000000E+00,  0.88943103E+02, -0.11976790E+01
    1293.,  0.00000000E+00,  0.00000000E+00,  0.00000000E+00,  0.00000000E+00,  0.90633900E+02, -0.11976790E+01
    1294.,  0.00000000E+00,  0.00000000E+00,  0.00000000E+00,  0.00000000E+00,  0.93825564E+02, -0.11976790E+01
    1295.,  0.00000000E+00,  0.00000000E+00,  0.00000000E+00,  0.00000000E+00,  0.99113669E+02, -0.11976790E+01
    1296.,  0.00000000E+00,  0.00000000E+00,  0.00000000E+00,  0.00000000E+00,  0.11488412E+03, -0.11976790E+01
    1297.,  0.00000000E+00,  0.00000000E+00,  0.00000000E+00,  0.00000000E+00,  0.89362176E+02, -0.11976790E+01
    1298.,  0.00000000E+00,  0.00000000E+00,  0.00000000E+00,  0.00000000E+00,  0.10539193E+03, -0.11976790E+01
    1299.,  0.00000000E+00,  0.00000000E+00,  0.00000000E+00,  0.00000000E+00,  0.94716822E+02, -0.11976790E+01
    1300.,  0.00000000E+00,  0.00000000E+00,  0.00000000E+00,  0.00000000E+00,  0.86098300E+02, -0.11976790E+01
    1301.,  0.00000000E+00,  0.00000000E+00,  0.00000000E+00,  0.00000000E+00,  0.72086955E+02, -0.11976790E+01
    1302.,  0.00000000E+00,  0.00000000E+00,  0.00000000E+00,  0.00000000E+00,  0.56400540E+02, -0.11976790E+01
    1303.,  0.00000000E+00,  0.00000000E+00,  0.00000000E+00,  0.00000000E+00,  0.43629222E+02, -0.11976790E+01
    1304.,  0.00000000E+00,  0.00000000E+00,  0.00000000E+00,  0.00000000E+00,  0.36267507E+02, -0.11976790E+01
    1305.,  0.00000000E+00,  0.00000000E+00,  0.00000000E+00,  0.00000000E+00,  0.32643959E+02, -0.11976790E+01
    1306.,  0.00000000E+00,  0.00000000E+00,  0.00000000E+00,  0.00000000E+00,  0.30332292E+02, -0.11976790E+01
    1307.,  0.00000000E+00,  0.00000000E+00,  0.00000000E+00,  0.00000000E+00,  0.28295050E+02, -0.11976790E+01
    1308.,  0.00000000E+00,  0.00000000E+00,  0.00000000E+00,  0.00000000E+00,  0.26418095E+02, -0.11976790E+01
    1309.,  0.00000000E+00,  0.00000000E+00,  0.00000000E+00,  0.00000000E+00,  0.24788848E+02, -0.11976790E+01
    1310.,  0.00000000E+00,  0.00000000E+00,  0.00000000E+00,  0.00000000E+00,  0.23426931E+02, -0.11976790E+01
    1311.,  0.00000000E+00,  0.00000000E+00,  0.00000000E+00,  0.00000000E+00,  0.22292540E+02, -0.11976790E+01
    1312.,  0.00000000E+00,  0.00000000E+00,  0.00000000E+00,  0.00000000E+00,  0.21331121E+02, -0.11976790E+01
    1313.,  0.00000000E+00,  0.00000000E+00,  0.00000000E+00,  0.00000000E+00,  0.20429489E+02, -0.11976790E+01
    1314.,  0.00000000E+00,  0.00000000E+00,  0.00000000E+00,  0.00000000E+00,  0.19435116E+02, -0.11976790E+01
    1315.,  0.00000000E+00,  0.00000000E+00,  0.00000000E+00,  0.00000000E+00,  0.18219313E+02, -0.11976790E+01
    1316.,  0.00000000E+00,  0.00000000E+00,  0.00000000E+00,  0.00000000E+00,  0.16659408E+02, -0.11976790E+01
    1317.,  0.00000000E+00,  0.00000000E+00,  0.00000000E+00,  0.00000000E+00,  0.14590260E+02, -0.11976790E+01
    1318.,  0.00000000E+00,  0.00000000E+00,  0.00000000E+00,  0.00000000E+00,  0.11862670E+02, -0.11976790E+01
    1319.,  0.00000000E+00,  0.00000000E+00,  0.00000000E+00,  0.00000000E+00,  0.85095968E+01, -0.11976790E+01
    1320.,  0.00000000E+00,  0.00000000E+00,  0.00000000E+00,  0.00000000E+00,  0.52771134E+01, -0.11976790E+01
    1321.,  0.00000000E+00,  0.00000000E+00,  0.00000000E+00,  0.00000000E+00,  0.51493136E+01, -0.11976790E+01
    1322.,  0.00000000E+00,  0.00000000E+00,  0.00000000E+00,  0.00000000E+00,  0.86247778E+01, -0.11976790E+01
    1323.,  0.00000000E+00,  0.00000000E+00,  0.00000000E+00,  0.00000000E+00,  0.12643647E+02, -0.11976790E+01
    1324.,  0.00000000E+00,  0.00000000E+00,  0.00000000E+00,  0.00000000E+00,  0.16215768E+02, -0.11976790E+01
    1325.,  0.00000000E+00,  0.00000000E+00,  0.00000000E+00,  0.00000000E+00,  0.19158682E+02, -0.11976790E+01
    1326.,  0.00000000E+00,  0.00000000E+00,  0.00000000E+00,  0.00000000E+00,  0.21532422E+02, -0.11976790E+01
    1327.,  0.00000000E+00,  0.00000000E+00,  0.00000000E+00,  0.00000000E+00,  0.23464089E+02, -0.11976790E+01
    1328.,  0.00000000E+00,  0.00000000E+00,  0.00000000E+00,  0.00000000E+00,  0.25080190E+02, -0.11976790E+01
    1329.,  0.00000000E+00,  0.00000000E+00,  0.00000000E+00,  0.00000000E+00,  0.26543954E+02, -0.11976790E+01
    1330.,  0.00000000E+00,  0.00000000E+00,  0.00000000E+00,  0.00000000E+00,  0.28100989E+02, -0.11976790E+01
    1331.,  0.00000000E+00,  0.00000000E+00,  0.00000000E+00,  0.00000000E+00,  0.29921231E+02, -0.11976790E+01
    1332.,  0.00000000E+00,  0.00000000E+00,  0.00000000E+00,  0.00000000E+00,  0.32108886E+02, -0.11976790E+01
    1333.,  0.00000000E+00,  0.00000000E+00,  0.00000000E+00,  0.00000000E+00,  0.34806057E+02, -0.11976790E+01
    1334.,  0.00000000E+00,  0.00000000E+00,  0.00000000E+00,  0.00000000E+00,  0.38184630E+02, -0.11976790E+01
    1335.,  0.00000000E+00,  0.00000000E+00,  0.00000000E+00,  0.00000000E+00,  0.42733947E+02, -0.11976790E+01
    1336.,  0.00000000E+00,  0.00000000E+00,  0.00000000E+00,  0.00000000E+00,  0.49897944E+02, -0.11976790E+01
    1337.,  0.00000000E+00,  0.00000000E+00,  0.00000000E+00,  0.00000000E+00,  0.61340277E+02, -0.11976790E+01
    1338.,  0.00000000E+00,  0.00000000E+00,  0.00000000E+00,  0.00000000E+00,  0.76695152E+02, -0.11976790E+01
    1339.,  0.00000000E+00,  0.00000000E+00,  0.00000000E+00,  0.00000000E+00,  0.92575374E+02, -0.11976790E+01
    1340.,  0.00000000E+00,  0.00000000E+00,  0.00000000E+00,  0.00000000E+00,  0.10374084E+03, -0.11976790E+01
    1341.,  0.00000000E+00,  0.00000000E+00,  0.00000000E+00,  0.00000000E+00,  0.10718826E+03, -0.11976790E+01
    1342.,  0.00000000E+00,  0.00000000E+00,  0.00000000E+00,  0.00000000E+00,  0.10696825E+03, -0.11976790E+01
    1343.,  0.00000000E+00,  0.00000000E+00,  0.00000000E+00,  0.00000000E+00,  0.10695219E+03, -0.11976790E+01
    1344.,  0.00000000E+00,  0.00000000E+00,  0.00000000E+00,  0.00000000E+00,  0.14032618E+03, -0.11976790E+01
    1345.,  0.00000000E+00,  0.00000000E+00,  0.00000000E+00,  0.43702112E-03,  0.16411804E+03, -0.11976790E+01
    1346.,  0.00000000E+00,  0.00000000E+00,  0.00000000E+00,  0.00000000E+00,  0.12447923E+03, -0.11976790E+01
    1347.,  0.00000000E+00,  0.00000000E+00,  0.00000000E+00,  0.00000000E+00,  0.86473188E+02, -0.11976790E+01
    1348.,  0.00000000E+00,  0.00000000E+00,  0.00000000E+00,  0.00000000E+00,  0.73991497E+02, -0.11976790E+01
    1349.,  0.00000000E+00,  0.00000000E+00,  0.00000000E+00,  0.00000000E+00,  0.53306894E+02, -0.11976790E+01
    1350.,  0.00000000E+00,  0.00000000E+00,  0.00000000E+00,  0.00000000E+00,  0.27147015E+02, -0.11976790E+01
    1351.,  0.00000000E+00,  0.00000000E+00,  0.00000000E+00,  0.00000000E+00,  0.29885079E+02, -0.11976790E+01
    1352.,  0.00000000E+00,  0.00000000E+00,  0.00000000E+00,  0.00000000E+00,  0.68594547E+02, -0.11976790E+01
    1353.,  0.00000000E+00,  0.00000000E+00,  0.00000000E+00,  0.00000000E+00,  0.94513704E+02, -0.11976790E+01
    1354.,  0.00000000E+00,  0.00000000E+00,  0.00000000E+00,  0.00000000E+00,  0.10177624E+03, -0.11976790E+01
    1355.,  0.00000000E+00,  0.00000000E+00,  0.00000000E+00,  0.00000000E+00,  0.95278468E+02, -0.11976790E+01
    1356.,  0.00000000E+00,  0.00000000E+00,  0.00000000E+00,  0.00000000E+00,  0.94626902E+02, -0.11976790E+01
    1357.,  0.00000000E+00,  0.00000000E+00,  0.00000000E+00,  0.00000000E+00,  0.97123338E+02, -0.11976790E+01
    1358.,  0.00000000E+00,  0.00000000E+00,  0.00000000E+00,  0.00000000E+00,  0.10877154E+03, -0.11976790E+01
    1359.,  0.00000000E+00,  0.00000000E+00,  0.00000000E+00,  0.00000000E+00,  0.11815349E+03, -0.11976790E+01
    1360.,  0.00000000E+00,  0.00000000E+00,  0.00000000E+00,  0.00000000E+00,  0.10747913E+03, -0.11976790E+01
    1361.,  0.00000000E+00,  0.00000000E+00,  0.00000000E+00,  0.58175858E-04,  0.15545320E+03, -0.11976790E+01
    1362.,  0.00000000E+00,  0.00000000E+00,  0.00000000E+00,  0.00000000E+00,  0.11066952E+03, -0.11976790E+01
    1363.,  0.00000000E+00,  0.00000000E+00,  0.00000000E+00,  0.00000000E+00,  0.10064421E+03, -0.11976790E+01
    1364.,  0.00000000E+00,  0.00000000E+00,  0.00000000E+00,  0.00000000E+00,  0.88937237E+02, -0.11976790E+01
    1365.,  0.00000000E+00,  0.00000000E+00,  0.00000000E+00,  0.00000000E+00,  0.72324429E+02, -0.11976790E+01
    1366.,  0.00000000E+00,  0.00000000E+00,  0.00000000E+00,  0.00000000E+00,  0.53708514E+02, -0.11976790E+01
    1367.,  0.00000000E+00,  0.00000000E+00,  0.00000000E+00,  0.00000000E+00,  0.37340015E+02, -0.11976790E+01
    1368.,  0.00000000E+00,  0.00000000E+00,  0.00000000E+00,  0.00000000E+00,  0.27100374E+02, -0.11976790E+01
    1369.,  0.00000000E+00,  0.00000000E+00,  0.00000000E+00,  0.00000000E+00,  0.22863251E+02, -0.11976790E+01
    1370.,  0.00000000E+00,  0.00000000E+00,  0.00000000E+00,  0.00000000E+00,  0.21402280E+02, -0.11976790E+01
    1371.,  0.00000000E+00,  0.00000000E+00,  0.00000000E+00,  0.00000000E+00,  0.20606867E+02, -0.11976790E+01
    1372.,  0.00000000E+00,  0.00000000E+00,  0.00000000E+00,  0.00000000E+00,  0.20129487E+02, -0.11976790E+01
    1373.,  0.00000000E+00,  0.00000000E+00,  0.00000000E+00,  0.00000000E+00,  0.19871249E+02, -0.11976790E+01
    1374.,  0.00000000E+00,  0.00000000E+00,  0.00000000E+00,  0.00000000E+00,  0.19718986E+02, -0.11976790E+01
    1375.,  0.00000000E+00,  0.00000000E+00,  0.00000000E+00,  0.00000000E+00,  0.19596900E+02, -0.11976790E+01
    1376.,  0.00000000E+00,  0.00000000E+00,  0.00000000E+00,  0.00000000E+00,  0.19451671E+02, -0.11976790E+01
    1377.,  0.00000000E+00,  0.00000000E+00,  0.00000000E+00,  0.00000000E+00,  0.19240555E+02, -0.11976790E+01
    1378.,  0.00000000E+00,  0.00000000E+00,  0.00000000E+00,  0.00000000E+00,  0.18876799E+02, -0.11976790E+01
    1379.,  0.00000000E+00,  0.00000000E+00,  0.00000000E+00,  0.00000000E+00,  0.18253894E+02, -0.11976790E+01
    1380.,  0.00000000E+00,  0.00000000E+00,  0.00000000E+00,  0.00000000E+00,  0.17210607E+02, -0.11976790E+01
    1381.,  0.00000000E+00,  0.00000000E+00,  0.00000000E+00,  0.00000000E+00,  0.15545806E+02, -0.11976790E+01
    1382.,  0.00000000E+00,  0.00000000E+00,  0.00000000E+00,  0.00000000E+00,  0.13093097E+02, -0.11976790E+01
    1383.,  0.00000000E+00,  0.00000000E+00,  0.00000000E+00,  0.00000000E+00,  0.99224657E+01, -0.11976790E+01
    1384.,  0.00000000E+00,  0.00000000E+00,  0.00000000E+00,  0.00000000E+00,  0.68502803E+01, -0.11976790E+01
    1385.,  0.00000000E+00,  0.00000000E+00,  0.00000000E+00,  0.00000000E+00,  0.63834107E+01, -0.11976790E+01
    1386.,  0.00000000E+00,  0.00000000E+00,  0.00000000E+00,  0.00000000E+00,  0.93172509E+01, -0.11976790E+01
    1387.,  0.00000000E+00,  0.00000000E+00,  0.00000000E+00,  0.00000000E+00,  0.13027847E+02, -0.11976790E+01
    1388.,  0.00000000E+00,  0.00000000E+00,  0.00000000E+00,  0.00000000E+00,  0.16238916E+02, -0.11976790E+01
    1389.,  0.00000000E+00,  0.00000000E+00,  0.00000000E+00,  0.00000000E+00,  0.18660207E+02, -0.11976790E+01
    1390.,  0.00000000E+00,  0.00000000E+00,  0.00000000E+00,  0.00000000E+00,  0.20352447E+02, -0.11976790E+01
    1391.,  0.00000000E+00,  0.00000000E+00,  0.00000000E+00,  0.00000000E+00,  0.21486493E+02, -0.11976790E+01
    1392.,  0.00000000E+00,  0.00000000E+00,  0.00000000E+00,  0.00000000E+00,  0.22221999E+02, -0.11976790E+01
    1393.,  0.00000000E+00,  0.00000000E+00,  0.00000000E+00,  0.00000000E+00,  0.22752520E+02, -0.11976790E+01
    1394.,  0.00000000E+00,  0.00000000E+00,  0.00000000E+00,  0.00000000E+00,  0.23206022E+02, -0.11976790E+01
    1395.,  0.00000000E+00,  0.00000000E+00,  0.00000000E+00,  0.00000000E+00,  0.23672897E+02, -0.11976790E+01
    1396.,  0.00000000E+00,  0.00000000E+00,  0.00000000E+00,  0.00000000E+00,  0.24341131E+02, -0.11976790E+01
    1397.,  0.00000000E+00,  0.00000000E+00,  0.00000000E+00,  0.00000000E+00,  0.25489255E+02, -0.11976790E+01
    1398.,  0.00000000E+00,  0.00000000E+00,  0.00000000E+00,  0.00000000E+00,  0.27634652E+02, -0.11976790E+01
    1399.,  0.00000000E+00,  0.00000000E+00,  0.00000000E+00,  0.00000000E+00,  0.31513039E+02, -0.11976790E+01
    1400.,  0.00000000E+00,  0.00000000E+00,  0.00000000E+00,  0.00000000E+00,  0.38517573E+02, -0.11976790E+01
    1401.,  0.00000000E+00,  0.00000000E+00,  0.00000000E+00,  0.00000000E+00,  0.51645722E+02, -0.11976790E+01
    1402.,  0.00000000E+00,  0.00000000E+00,  0.00000000E+00,  0.00000000E+00,  0.72353724E+02, -0.11976790E+01
    1403.,  0.00000000E+00,  0.00000000E+00,  0.00000000E+00,  0.00000000E+00,  0.94301241E+02, -0.11976790E+01
    1404.,  0.00000000E+00,  0.00000000E+00,  0.00000000E+00,  0.00000000E+00,  0.11034399E+03, -0.11976790E+01
    1405.,  0.00000000E+00,  0.00000000E+00,  0.00000000E+00,  0.00000000E+00,  0.11095587E+03, -0.11976790E+01
    1406.,  0.00000000E+00,  0.00000000E+00,  0.00000000E+00,  0.00000000E+00,  0.87890979E+02, -0.11976790E+01
    1407.,  0.00000000E+00,  0.00000000E+00,  0.00000000E+00,  0.00000000E+00,  0.53723786E+02, -0.11976790E+01
    1408.,  0.00000000E+00,  0.00000000E+00,  0.00000000E+00,  0.16367335E-03,  0.12733239E+03, -0.11976790E+01
    1409.,  0.00000000E+00,  0.00000000E+00,  0.00000000E+00,  0.54803409E-02,  0.21816001E+03, -0.11976790E+01
    1410.,  0.00000000E+00,  0.00000000E+00,  0.00000000E+00,  0.29244855E-02,  0.20329954E+03, -0.11976790E+01
    1411.,  0.00000000E+00,  0.00000000E+00,  0.00000000E+00,  0.12559483E-02,  0.19319256E+03, -0.11976790E+01
    1412.,  0.00000000E+00,  0.00000000E+00,  0.00000000E+00,  0.36250731E-03,  0.18659311E+03, -0.11976790E+01
    1413.,  0.00000000E+00,  0.00000000E+00,  0.00000000E+00,  0.00000000E+00,  0.15160715E+03, -0.11976790E+01
    1414.,  0.00000000E+00,  0.00000000E+00,  0.00000000E+00,  0.00000000E+00,  0.86685064E+02, -0.11976790E+01
    1415.,  0.00000000E+00,  0.00000000E+00,  0.00000000E+00,  0.00000000E+00,  0.49265896E+02, -0.11976790E+01
    1416.,  0.00000000E+00,  0.00000000E+00,  0.00000000E+00,  0.00000000E+00,  0.11612604E+03, -0.11976790E+01
    1417.,  0.00000000E+00,  0.00000000E+00,  0.00000000E+00,  0.00000000E+00,  0.16101190E+03, -0.11976790E+01
    1418.,  0.00000000E+00,  0.00000000E+00,  0.00000000E+00,  0.00000000E+00,  0.12880570E+03, -0.11976790E+01
    1419.,  0.00000000E+00,  0.00000000E+00,  0.00000000E+00,  0.00000000E+00,  0.97799528E+02, -0.11976790E+01
    1420.,  0.00000000E+00,  0.00000000E+00,  0.00000000E+00,  0.00000000E+00,  0.13163293E+03, -0.11976790E+01
    1421.,  0.00000000E+00,  0.00000000E+00,  0.00000000E+00,  0.26535326E-05,  0.17524907E+03, -0.11976790E+01
    1422.,  0.00000000E+00,  0.00000000E+00,  0.00000000E+00,  0.27609194E-03,  0.18570653E+03, -0.11976790E+01
    1423.,  0.00000000E+00,  0.00000000E+00,  0.00000000E+00,  0.19169649E-03,  0.17907161E+03, -0.11976790E+01
    1424.,  0.00000000E+00,  0.00000000E+00,  0.00000000E+00,  0.69785839E-03,  0.18470513E+03, -0.11976790E+01
    1425.,  0.00000000E+00,  0.00000000E+00,  0.00000000E+00,  0.41481597E-03,  0.16020673E+03, -0.11976790E+01
    1426.,  0.00000000E+00,  0.00000000E+00,  0.00000000E+00,  0.00000000E+00,  0.87673650E+02, -0.11976790E+01
    1427.,  0.00000000E+00,  0.00000000E+00,  0.00000000E+00,  0.00000000E+00,  0.10796169E+03, -0.11976790E+01
    1428.,  0.00000000E+00,  0.00000000E+00,  0.00000000E+00,  0.00000000E+00,  0.10004843E+03, -0.11976790E+01
    1429.,  0.00000000E+00,  0.00000000E+00,  0.00000000E+00,  0.00000000E+00,  0.89249610E+02, -0.11976790E+01
    1430.,  0.00000000E+00,  0.00000000E+00,  0.00000000E+00,  0.00000000E+00,  0.68430319E+02, -0.11976790E+01
    1431.,  0.00000000E+00,  0.00000000E+00,  0.00000000E+00,  0.00000000E+00,  0.50313608E+02, -0.11976790E+01
    1432.,  0.00000000E+00,  0.00000000E+00,  0.00000000E+00,  0.00000000E+00,  0.33287949E+02, -0.11976790E+01
    1433.,  0.00000000E+00,  0.00000000E+00,  0.00000000E+00,  0.00000000E+00,  0.19299926E+02, -0.11976790E+01
    1434.,  0.00000000E+00,  0.00000000E+00,  0.00000000E+00,  0.00000000E+00,  0.14023623E+02, -0.11976790E+01
    1435.,  0.00000000E+00,  0.00000000E+00,  0.00000000E+00,  0.00000000E+00,  0.13942307E+02, -0.11976790E+01
    1436.,  0.00000000E+00,  0.00000000E+00,  0.00000000E+00,  0.00000000E+00,  0.14510023E+02, -0.11976790E+01
    1437.,  0.00000000E+00,  0.00000000E+00,  0.00000000E+00,  0.00000000E+00,  0.15192514E+02, -0.11976790E+01
    1438.,  0.00000000E+00,  0.00000000E+00,  0.00000000E+00,  0.00000000E+00,  0.15904654E+02, -0.11976790E+01
    1439.,  0.00000000E+00,  0.00000000E+00,  0.00000000E+00,  0.00000000E+00,  0.16559751E+02, -0.11976790E+01
    1440.,  0.00000000E+00,  0.00000000E+00,  0.00000000E+00,  0.00000000E+00,  0.17078380E+02, -0.11976790E+01
    1441.,  0.00000000E+00,  0.00000000E+00,  0.00000000E+00,  0.00000000E+00,  0.17434323E+02, -0.11976790E+01
    1442.,  0.00000000E+00,  0.00000000E+00,  0.00000000E+00,  0.00000000E+00,  0.17665748E+02, -0.11976790E+01
    1443.,  0.00000000E+00,  0.00000000E+00,  0.00000000E+00,  0.00000000E+00,  0.17663674E+02, -0.11976790E+01
    1444.,  0.00000000E+00,  0.00000000E+00,  0.00000000E+00,  0.00000000E+00,  0.17269050E+02, -0.11976790E+01
    1445.,  0.00000000E+00,  0.00000000E+00,  0.00000000E+00,  0.00000000E+00,  0.16278320E+02, -0.11976790E+01
    1446.,  0.00000000E+00,  0.00000000E+00,  0.00000000E+00,  0.00000000E+00,  0.14553665E+02, -0.11976790E+01
    1447.,  0.00000000E+00,  0.00000000E+00,  0.00000000E+00,  0.00000000E+00,  0.12224782E+02, -0.11976790E+01
    1448.,  0.00000000E+00,  0.00000000E+00,  0.00000000E+00,  0.00000000E+00,  0.10030349E+02, -0.11976790E+01
    1449.,  0.00000000E+00,  0.00000000E+00,  0.00000000E+00,  0.00000000E+00,  0.94503736E+01, -0.11976790E+01
    1450.,  0.00000000E+00,  0.00000000E+00,  0.00000000E+00,  0.00000000E+00,  0.11145818E+02, -0.11976790E+01
    1451.,  0.00000000E+00,  0.00000000E+00,  0.00000000E+00,  0.00000000E+00,  0.13859110E+02, -0.11976790E+01
    1452.,  0.00000000E+00,  0.00000000E+00,  0.00000000E+00,  0.00000000E+00,  0.16370686E+02, -0.11976790E+01
    1453.,  0.00000000E+00,  0.00000000E+00,  0.00000000E+00,  0.00000000E+00,  0.18210176E+02, -0.11976790E+01
    1454.,  0.00000000E+00,  0.00000000E+00,  0.00000000E+00,  0.00000000E+00,  0.19348247E+02, -0.11976790E+01
    1455.,  0.00000000E+00,  0.00000000E+00,  0.00000000E+00,  0.00000000E+00,  0.19922284E+02, -0.11976790E+01
    1456.,  0.00000000E+00,  0.00000000E+00,  0.00000000E+00,  0.00000000E+00,  0.20129140E+02, -0.11976790E+01
    1457.,  0.00000000E+00,  0.00000000E+00,  0.00000000E+00,  0.00000000E+00,  0.20048549E+02, -0.11976790E+01
    1458.,  0.00000000E+00,  0.00000000E+00,  0.00000000E+00,  0.00000000E+00,  0.19707529E+02, -0.11976790E+01
    1459.,  0.00000000E+00,  0.00000000E+00,  0.00000000E+00,  0.00000000E+00,  0.19228087E+02, -0.11976790E+01
    1460.,  0.00000000E+00,  0.00000000E+00,  0.00000000E+00,  0.00000000E+00,  0.18673469E+02, -0.11976790E+01
    1461.,  0.00000000E+00,  0.00000000E+00,  0.00000000E+00,  0.00000000E+00,  0.18716636E+02, -0.11976790E+01
    1462.,  0.00000000E+00,  0.00000000E+00,  0.00000000E+00,  0.00000000E+00,  0.21197229E+02, -0.11976790E+01
    1463.,  0.00000000E+00,  0.00000000E+00,  0.00000000E+00,  0.00000000E+00,  0.27634533E+02, -0.11976790E+01
    1464.,  0.00000000E+00,  0.00000000E+00,  0.00000000E+00,  0.00000000E+00,  0.33518143E+02, -0.11976790E+01
    1465.,  0.00000000E+00,  0.00000000E+00,  0.00000000E+00,  0.00000000E+00,  0.41694196E+02, -0.11976790E+01
    1466.,  0.00000000E+00,  0.00000000E+00,  0.00000000E+00,  0.00000000E+00,  0.62190227E+02, -0.11976790E+01
    1467.,  0.00000000E+00,  0.00000000E+00,  0.00000000E+00,  0.00000000E+00,  0.93489958E+02, -0.11976790E+01
    1468.,  0.00000000E+00,  0.00000000E+00,  0.00000000E+00,  0.00000000E+00,  0.13299055E+03, -0.11976790E+01
    1469.,  0.00000000E+00,  0.00000000E+00,  0.00000000E+00,  0.10456260E-03,  0.18015321E+03, -0.11976790E+01
    1470.,  0.00000000E+00,  0.00000000E+00,  0.00000000E+00,  0.80431868E-03,  0.18847866E+03, -0.11976790E+01
    1471.,  0.00000000E+00,  0.00000000E+00,  0.00000000E+00,  0.21788047E-02,  0.19861295E+03, -0.11976790E+01
    1472.,  0.00000000E+00,  0.00000000E+00,  0.00000000E+00,  0.52881154E-02,  0.21667588E+03, -0.11976790E+01
    1473.,  0.00000000E+00,  0.00000000E+00,  0.00000000E+00,  0.10129260E-01,  0.24257386E+03, -0.11976790E+01
    1474.,  0.00000000E+00,  0.00000000E+00,  0.00000000E+00,  0.54767360E-02,  0.21733374E+03, -0.11976790E+01
    1475.,  0.00000000E+00,  0.00000000E+00,  0.00000000E+00,  0.29694287E-02,  0.20479643E+03, -0.11976790E+01
    1476.,  0.00000000E+00,  0.00000000E+00,  0.00000000E+00,  0.22397572E-02,  0.19842609E+03, -0.11976790E+01
    1477.,  0.00000000E+00,  0.00000000E+00,  0.00000000E+00,  0.10247792E-02,  0.18889782E+03, -0.11976790E+01
    1478.,  0.00000000E+00,  0.00000000E+00,  0.00000000E+00,  0.29323311E-03,  0.17450902E+03, -0.11976790E+01
    1479.,  0.00000000E+00,  0.00000000E+00,  0.00000000E+00,  0.99223079E-04,  0.14689543E+03, -0.11976790E+01
    1480.,  0.00000000E+00,  0.00000000E+00,  0.00000000E+00,  0.59257279E-03,  0.18319186E+03, -0.11976790E+01
    1481.,  0.00000000E+00,  0.00000000E+00,  0.00000000E+00,  0.16026160E-02,  0.19504289E+03, -0.11976790E+01
    1482.,  0.00000000E+00,  0.00000000E+00,  0.00000000E+00,  0.23457508E-02,  0.20032158E+03, -0.11976790E+01
    1483.,  0.00000000E+00,  0.00000000E+00,  0.00000000E+00,  0.30629301E-02,  0.20538444E+03, -0.11976790E+01
    1484.,  0.00000000E+00,  0.00000000E+00,  0.00000000E+00,  0.46060233E-02,  0.21491925E+03, -0.11976790E+01
    1485.,  0.00000000E+00,  0.00000000E+00,  0.00000000E+00,  0.62860984E-02,  0.22478583E+03, -0.11976790E+01
    1486.,  0.00000000E+00,  0.00000000E+00,  0.00000000E+00,  0.71891487E-02,  0.23006220E+03, -0.11976790E+01
    1487.,  0.00000000E+00,  0.00000000E+00,  0.00000000E+00,  0.69044102E-02,  0.22705249E+03, -0.11976790E+01
    1488.,  0.00000000E+00,  0.00000000E+00,  0.00000000E+00,  0.68393036E-02,  0.22704333E+03, -0.11976790E+01
    1489.,  0.00000000E+00,  0.00000000E+00,  0.00000000E+00,  0.58310933E-02,  0.21624298E+03, -0.11976790E+01
    1490.,  0.00000000E+00,  0.00000000E+00,  0.00000000E+00,  0.15221730E-02,  0.19230867E+03, -0.11976790E+01
    1491.,  0.00000000E+00,  0.00000000E+00,  0.00000000E+00,  0.39481241E-03,  0.18633281E+03, -0.11976790E+01
    1492.,  0.00000000E+00,  0.00000000E+00,  0.00000000E+00,  0.00000000E+00,  0.15467528E+03, -0.11976790E+01
    1493.,  0.00000000E+00,  0.00000000E+00,  0.00000000E+00,  0.00000000E+00,  0.11648007E+03, -0.11976790E+01
    1494.,  0.00000000E+00,  0.00000000E+00,  0.00000000E+00,  0.00000000E+00,  0.11992901E+03, -0.11976790E+01
    1495.,  0.00000000E+00,  0.00000000E+00,  0.00000000E+00,  0.00000000E+00,  0.13075083E+03, -0.11976790E+01
    1496.,  0.00000000E+00,  0.00000000E+00,  0.00000000E+00,  0.00000000E+00,  0.10249055E+03, -0.11976790E+01
    1497.,  0.00000000E+00,  0.00000000E+00,  0.00000000E+00,  0.00000000E+00,  0.49700438E+02, -0.11976790E+01
    1498.,  0.00000000E+00,  0.00000000E+00,  0.00000000E+00,  0.00000000E+00,  0.14421457E+02, -0.11976790E+01
    1499.,  0.00000000E+00,  0.00000000E+00,  0.00000000E+00,  0.00000000E+00,  0.88152564E+01, -0.11976790E+01
    1500.,  0.00000000E+00,  0.00000000E+00,  0.00000000E+00,  0.00000000E+00,  0.11375486E+02, -0.11976790E+01
    1501.,  0.00000000E+00,  0.00000000E+00,  0.00000000E+00,  0.00000000E+00,  0.13336775E+02, -0.11976790E+01
    1502.,  0.00000000E+00,  0.00000000E+00,  0.00000000E+00,  0.00000000E+00,  0.14686898E+02, -0.11976790E+01
    1503.,  0.00000000E+00,  0.00000000E+00,  0.00000000E+00,  0.00000000E+00,  0.15700000E+02, -0.11976790E+01
    1504.,  0.00000000E+00,  0.00000000E+00,  0.00000000E+00,  0.00000000E+00,  0.16556254E+02, -0.11976790E+01
    1505.,  0.00000000E+00,  0.00000000E+00,  0.00000000E+00,  0.00000000E+00,  0.17203738E+02, -0.11976790E+01
    1506.,  0.00000000E+00,  0.00000000E+00,  0.00000000E+00,  0.00000000E+00,  0.17623080E+02, -0.11976790E+01
    1507.,  0.00000000E+00,  0.00000000E+00,  0.00000000E+00,  0.00000000E+00,  0.17922230E+02, -0.11976790E+01
    1508.,  0.00000000E+00,  0.00000000E+00,  0.00000000E+00,  0.00000000E+00,  0.17922892E+02, -0.11976790E+01
    1509.,  0.00000000E+00,  0.00000000E+00,  0.00000000E+00,  0.00000000E+00,  0.17462918E+02, -0.11976790E+01
    1510.,  0.00000000E+00,  0.00000000E+00,  0.00000000E+00,  0.00000000E+00,  0.16470377E+02, -0.11976790E+01
    1511.,  0.00000000E+00,  0.00000000E+00,  0.00000000E+00,  0.00000000E+00,  0.15095983E+02, -0.11976790E+01
    1512.,  0.00000000E+00,  0.00000000E+00,  0.00000000E+00,  0.00000000E+00,  0.13801406E+02, -0.11976790E+01
    1513.,  0.00000000E+00,  0.00000000E+00,  0.00000000E+00,  0.00000000E+00,  0.13232003E+02, -0.11976790E+01
    1514.,  0.00000000E+00,  0.00000000E+00,  0.00000000E+00,  0.00000000E+00,  0.13743953E+02, -0.11976790E+01
    1515.,  0.00000000E+00,  0.00000000E+00,  0.00000000E+00,  0.00000000E+00,  0.15029226E+02, -0.11976790E+01
    1516.,  0.00000000E+00,  0.00000000E+00,  0.00000000E+00,  0.00000000E+00,  0.16463781E+02, -0.11976790E+01
    1517.,  0.00000000E+00,  0.00000000E+00,  0.00000000E+00,  0.00000000E+00,  0.17622448E+02, -0.11976790E+01
    1518.,  0.00000000E+00,  0.00000000E+00,  0.00000000E+00,  0.00000000E+00,  0.18389228E+02, -0.11976790E+01
    1519.,  0.00000000E+00,  0.00000000E+00,  0.00000000E+00,  0.00000000E+00,  0.18836409E+02, -0.11976790E+01
    1520.,  0.00000000E+00,  0.00000000E+00,  0.00000000E+00,  0.00000000E+00,  0.19012388E+02, -0.11976790E+01
    1521.,  0.00000000E+00,  0.00000000E+00,  0.00000000E+00,  0.00000000E+00,  0.18997873E+02, -0.11976790E+01
    1522.,  0.00000000E+00,  0.00000000E+00,  0.00000000E+00,  0.00000000E+00,  0.19172117E+02, -0.11976790E+01
    1523.,  0.00000000E+00,  0.00000000E+00,  0.00000000E+00,  0.00000000E+00,  0.19452074E+02, -0.11976790E+01
    1524.,  0.00000000E+00,  0.00000000E+00,  0.00000000E+00,  0.00000000E+00,  0.20281178E+02, -0.11976790E+01
    1525.,  0.00000000E+00,  0.00000000E+00,  0.00000000E+00,  0.00000000E+00,  0.23452560E+02, -0.11976790E+01
    1526.,  0.00000000E+00,  0.00000000E+00,  0.00000000E+00,  0.00000000E+00,  0.40298357E+02, -0.11976790E+01
    1527.,  0.00000000E+00,  0.00000000E+00,  0.00000000E+00,  0.00000000E+00,  0.87665915E+02, -0.11976790E+01
    1528.,  0.00000000E+00,  0.00000000E+00,  0.00000000E+00,  0.00000000E+00,  0.14184840E+03, -0.11976790E+01
    1529.,  0.00000000E+00,  0.00000000E+00,  0.00000000E+00,  0.00000000E+00,  0.17419026E+03, -0.11976790E+01
    1530.,  0.00000000E+00,  0.00000000E+00,  0.00000000E+00,  0.95471247E-04,  0.18535594E+03, -0.11976790E+01
    1531.,  0.00000000E+00,  0.00000000E+00,  0.00000000E+00,  0.27122875E-03,  0.18648462E+03, -0.11976790E+01
    1532.,  0.00000000E+00,  0.00000000E+00,  0.00000000E+00,  0.59145912E-03,  0.18844649E+03, -0.11976790E+01
    1533.,  0.00000000E+00,  0.00000000E+00,  0.00000000E+00,  0.12726486E-02,  0.19329165E+03, -0.11976790E+01
    1534.,  0.00000000E+00,  0.00000000E+00,  0.00000000E+00,  0.26731878E-02,  0.20013247E+03, -0.11976790E+01
    1535.,  0.00000000E+00,  0.00000000E+00,  0.00000000E+00,  0.44685148E-02,  0.21370973E+03, -0.11976790E+01
    1536.,  0.00000000E+00,  0.00000000E+00,  0.00000000E+00,  0.92602926E-02,  0.23919162E+03, -0.11976790E+01
    1537.,  0.00000000E+00,  0.00000000E+00,  0.00000000E+00,  0.49418566E-01,  0.34448811E+03, -0.11976790E+01
    1538.,  0.00000000E+00,  0.00000000E+00,  0.00000000E+00,  0.57009405E-01,  0.35794704E+03, -0.11976790E+01
    1539.,  0.00000000E+00,  0.00000000E+00,  0.00000000E+00,  0.64283272E-01,  0.36989426E+03, -0.11976790E+01
    1540.,  0.00000000E+00,  0.00000000E+00,  0.00000000E+00,  0.66583799E-01,  0.37351571E+03, -0.11976790E+01
    1541.,  0.00000000E+00,  0.00000000E+00,  0.00000000E+00,  0.59324426E-01,  0.36081089E+03, -0.11976790E+01
    1542.,  0.00000000E+00,  0.00000000E+00,  0.00000000E+00,  0.41052329E-01,  0.32785312E+03, -0.11976790E+01
    1543.,  0.00000000E+00,  0.00000000E+00,  0.00000000E+00,  0.18765885E-01,  0.27548513E+03, -0.11976790E+01
    1544.,  0.00000000E+00,  0.00000000E+00,  0.00000000E+00,  0.87731392E-02,  0.22216628E+03, -0.11976790E+01
    1545.,  0.00000000E+00,  0.00000000E+00,  0.00000000E+00,  0.27194170E-01,  0.30155303E+03, -0.11976790E+01
    1546.,  0.00000000E+00,  0.00000000E+00,  0.00000000E+00,  0.48824087E-01,  0.34402697E+03, -0.11976790E+01
    1547.,  0.00000000E+00,  0.00000000E+00,  0.00000000E+00,  0.65213010E-01,  0.37106830E+03, -0.11976790E+01
    1548.,  0.00000000E+00,  0.00000000E+00,  0.00000000E+00,  0.79602733E-01,  0.39337166E+03, -0.11976790E+01
    1549.,  0.00000000E+00,  0.00000000E+00,  0.00000000E+00,  0.87387715E-01,  0.40508644E+03, -0.11976790E+01
    1550.,  0.00000000E+00,  0.00000000E+00,  0.00000000E+00,  0.84761454E-01,  0.40117322E+03, -0.11976790E+01
    1551.,  0.00000000E+00,  0.00000000E+00,  0.00000000E+00,  0.75543750E-01,  0.38745903E+03, -0.11976790E+01
    1552.,  0.00000000E+00,  0.00000000E+00,  0.00000000E+00,  0.62816844E-01,  0.36682226E+03, -0.11976790E+01
    1553.,  0.00000000E+00,  0.00000000E+00,  0.00000000E+00,  0.52191154E-01,  0.34947268E+03, -0.11976790E+01
    1554.,  0.00000000E+00,  0.00000000E+00,  0.00000000E+00,  0.44322706E-01,  0.33611252E+03, -0.11976790E+01
    1555.,  0.00000000E+00,  0.00000000E+00,  0.00000000E+00,  0.32818692E-01,  0.31484353E+03, -0.11976790E+01
    1556.,  0.00000000E+00,  0.00000000E+00,  0.00000000E+00,  0.20387978E-01,  0.28445768E+03, -0.11976790E+01
    1557.,  0.00000000E+00,  0.00000000E+00,  0.00000000E+00,  0.10736248E-01,  0.24718848E+03, -0.11976790E+01
    1558.,  0.00000000E+00,  0.00000000E+00,  0.00000000E+00,  0.53251248E-02,  0.21932507E+03, -0.11976790E+01
    1559.,  0.00000000E+00,  0.00000000E+00,  0.00000000E+00,  0.23167592E-02,  0.20050256E+03, -0.11976790E+01
    1560.,  0.00000000E+00,  0.00000000E+00,  0.00000000E+00,  0.51549786E-03,  0.18757572E+03, -0.11976790E+01
    1561.,  0.00000000E+00,  0.00000000E+00,  0.00000000E+00,  0.00000000E+00,  0.11953776E+03, -0.11976790E+01
    1562.,  0.00000000E+00,  0.00000000E+00,  0.00000000E+00,  0.00000000E+00,  0.43067208E+02, -0.11976790E+01
    1563.,  0.00000000E+00,  0.00000000E+00,  0.00000000E+00,  0.00000000E+00,  0.13560197E+02, -0.11976790E+01
    1564.,  0.00000000E+00,  0.00000000E+00,  0.00000000E+00,  0.00000000E+00,  0.10821730E+02, -0.11976790E+01
    1565.,  0.00000000E+00,  0.00000000E+00,  0.00000000E+00,  0.00000000E+00,  0.13049618E+02, -0.11976790E+01
    1566.,  0.00000000E+00,  0.00000000E+00,  0.00000000E+00,  0.00000000E+00,  0.14402592E+02, -0.11976790E+01
    1567.,  0.00000000E+00,  0.00000000E+00,  0.00000000E+00,  0.00000000E+00,  0.15274978E+02, -0.11976790E+01
    1568.,  0.00000000E+00,  0.00000000E+00,  0.00000000E+00,  0.00000000E+00,  0.15873336E+02, -0.11976790E+01
    1569.,  0.00000000E+00,  0.00000000E+00,  0.00000000E+00,  0.00000000E+00,  0.16588896E+02, -0.11976790E+01
    1570.,  0.00000000E+00,  0.00000000E+00,  0.00000000E+00,  0.00000000E+00,  0.17334143E+02, -0.11976790E+01
    1571.,  0.00000000E+00,  0.00000000E+00,  0.00000000E+00,  0.00000000E+00,  0.17921183E+02, -0.11976790E+01
    1572.,  0.00000000E+00,  0.00000000E+00,  0.00000000E+00,  0.00000000E+00,  0.18230332E+02, -0.11976790E+01
    1573.,  0.00000000E+00,  0.00000000E+00,  0.00000000E+00,  0.00000000E+00,  0.18175014E+02, -0.11976790E+01
    1574.,  0.00000000E+00,  0.00000000E+00,  0.00000000E+00,  0.00000000E+00,  0.17777656E+02, -0.11976790E+01
    1575.,  0.00000000E+00,  0.00000000E+00,  0.00000000E+00,  0.00000000E+00,  0.17211005E+02, -0.11976790E+01
    1576.,  0.00000000E+00,  0.00000000E+00,  0.00000000E+00,  0.00000000E+00,  0.16707599E+02, -0.11976790E+01
    1577.,  0.00000000E+00,  0.00000000E+00,  0.00000000E+00,  0.00000000E+00,  0.16428695E+02, -0.11976790E+01
    1578.,  0.00000000E+00,  0.00000000E+00,  0.00000000E+00,  0.00000000E+00,  0.16480257E+02, -0.11976790E+01
    1579.,  0.00000000E+00,  0.00000000E+00,  0.00000000E+00,  0.00000000E+00,  0.16904388E+02, -0.11976790E+01
    1580.,  0.00000000E+00,  0.00000000E+00,  0.00000000E+00,  0.00000000E+00,  0.17571467E+02, -0.11976790E+01
    1581.,  0.00000000E+00,  0.00000000E+00,  0.00000000E+00,  0.00000000E+00,  0.18251498E+02, -0.11976790E+01
    1582.,  0.00000000E+00,  0.00000000E+00,  0.00000000E+00,  0.00000000E+00,  0.18792489E+02, -0.11976790E+01
    1583.,  0.00000000E+00,  0.00000000E+00,  0.00000000E+00,  0.00000000E+00,  0.19168521E+02, -0.11976790E+01
    1584.,  0.00000000E+00,  0.00000000E+00,  0.00000000E+00,  0.00000000E+00,  0.19524693E+02, -0.11976790E+01
    1585.,  0.00000000E+00,  0.00000000E+00,  0.00000000E+00,  0.00000000E+00,  0.20094037E+02, -0.11976790E+01
    1586.,  0.00000000E+00,  0.00000000E+00,  0.00000000E+00,  0.00000000E+00,  0.20467258E+02, -0.11976790E+01
    1587.,  0.00000000E+00,  0.00000000E+00,  0.00000000E+00,  0.00000000E+00,  0.21407958E+02, -0.11976790E+01
    1588.,  0.00000000E+00,  0.00000000E+00,  0.00000000E+00,  0.00000000E+00,  0.24630253E+02, -0.11976790E+01
    1589.,  0.00000000E+00,  0.00000000E+00,  0.00000000E+00,  0.00000000E+00,  0.38637230E+02, -0.11976790E+01
    1590.,  0.00000000E+00,  0.00000000E+00,  0.00000000E+00,  0.00000000E+00,  0.83420453E+02, -0.11976790E+01
    1591.,  0.00000000E+00,  0.00000000E+00,  0.00000000E+00,  0.12000369E-03,  0.17012512E+03, -0.11976790E+01
    1592.,  0.00000000E+00,  0.00000000E+00,  0.00000000E+00,  0.16801953E-02,  0.19582579E+03, -0.11976790E+01
    1593.,  0.00000000E+00,  0.00000000E+00,  0.00000000E+00,  0.57055366E-02,  0.22126117E+03, -0.11976790E+01
    1594.,  0.00000000E+00,  0.00000000E+00,  0.00000000E+00,  0.12582703E-01,  0.25608236E+03, -0.11976790E+01
    1595.,  0.00000000E+00,  0.00000000E+00,  0.00000000E+00,  0.22846515E-01,  0.29338293E+03, -0.11976790E+01
    1596.,  0.00000000E+00,  0.00000000E+00,  0.00000000E+00,  0.36047463E-01,  0.32217444E+03, -0.11976790E+01
    1597.,  0.00000000E+00,  0.00000000E+00,  0.00000000E+00,  0.46682030E-01,  0.34080187E+03, -0.11976790E+01
    1598.,  0.00000000E+00,  0.00000000E+00,  0.00000000E+00,  0.50335746E-01,  0.34713186E+03, -0.11976790E+01
    1599.,  0.00000000E+00,  0.00000000E+00,  0.00000000E+00,  0.49634006E-01,  0.34584435E+03, -0.11976790E+01
    1600.,  0.00000000E+00,  0.00000000E+00,  0.00000000E+00,  0.47731474E-01,  0.34221571E+03, -0.11976790E+01
    1601.,  0.00000000E+00,  0.00000000E+00,  0.00000000E+00,  0.30583433E-02,  0.18462859E+03, -0.11976790E+01
    1602.,  0.00000000E+00,  0.00000000E+00,  0.00000000E+00,  0.55320821E-02,  0.21690920E+03, -0.11976790E+01
    1603.,  0.00000000E+00,  0.00000000E+00,  0.00000000E+00,  0.13139270E-01,  0.25439391E+03, -0.11976790E+01
    1604.,  0.00000000E+00,  0.00000000E+00,  0.00000000E+00,  0.26652569E-01,  0.30322558E+03, -0.11976790E+01
    1605.,  0.00000000E+00,  0.00000000E+00,  0.00000000E+00,  0.39260217E-01,  0.32673139E+03, -0.11976790E+01
    1606.,  0.00000000E+00,  0.00000000E+00,  0.00000000E+00,  0.45732403E-01,  0.33845977E+03, -0.11976790E+01
    1607.,  0.00000000E+00,  0.00000000E+00,  0.00000000E+00,  0.33096832E-01,  0.31537384E+03, -0.11976790E+01
    1608.,  0.00000000E+00,  0.00000000E+00,  0.00000000E+00,  0.16577758E-01,  0.25802116E+03, -0.11976790E+01
    1609.,  0.00000000E+00,  0.00000000E+00,  0.00000000E+00,  0.19945496E-01,  0.27994012E+03, -0.11976790E+01
    1610.,  0.00000000E+00,  0.00000000E+00,  0.00000000E+00,  0.28939722E-01,  0.30931046E+03, -0.11976790E+01
    1611.,  0.00000000E+00,  0.00000000E+00,  0.00000000E+00,  0.29917264E-01,  0.31068687E+03, -0.11976790E+01
    1612.,  0.00000000E+00,  0.00000000E+00,  0.00000000E+00,  0.22775898E-01,  0.29271867E+03, -0.11976790E+01
    1613.,  0.00000000E+00,  0.00000000E+00,  0.00000000E+00,  0.13245997E-01,  0.25559358E+03, -0.11976790E+01
    1614.,  0.00000000E+00,  0.00000000E+00,  0.00000000E+00,  0.64068991E-02,  0.22164943E+03, -0.11976790E+01
    1615.,  0.00000000E+00,  0.00000000E+00,  0.00000000E+00,  0.30576905E-02,  0.19281925E+03, -0.11976790E+01
    1616.,  0.00000000E+00,  0.00000000E+00,  0.00000000E+00,  0.55236027E-02,  0.19159822E+03, -0.11976790E+01
    1617.,  0.00000000E+00,  0.00000000E+00,  0.00000000E+00,  0.14690820E-01,  0.25237363E+03, -0.11976790E+01
    1618.,  0.00000000E+00,  0.00000000E+00,  0.00000000E+00,  0.22178214E-01,  0.29001754E+03, -0.11976790E+01
    1619.,  0.00000000E+00,  0.00000000E+00,  0.00000000E+00,  0.26869362E-01,  0.30518611E+03, -0.11976790E+01
    1620.,  0.00000000E+00,  0.00000000E+00,  0.00000000E+00,  0.24325085E-01,  0.29776682E+03, -0.11976790E+01
    1621.,  0.00000000E+00,  0.00000000E+00,  0.00000000E+00,  0.14986897E-01,  0.26585120E+03, -0.11976790E+01
    1622.,  0.00000000E+00,  0.00000000E+00,  0.00000000E+00,  0.64739895E-02,  0.22534726E+03, -0.11976790E+01
    1623.,  0.00000000E+00,  0.00000000E+00,  0.00000000E+00,  0.22892240E-02,  0.19994636E+03, -0.11976790E+01
    1624.,  0.00000000E+00,  0.00000000E+00,  0.00000000E+00,  0.59387181E-03,  0.18859888E+03, -0.11976790E+01
    1625.,  0.00000000E+00,  0.00000000E+00,  0.00000000E+00,  0.00000000E+00,  0.14114737E+03, -0.11976790E+01
    1626.,  0.00000000E+00,  0.00000000E+00,  0.00000000E+00,  0.00000000E+00,  0.61766152E+02, -0.11976790E+01
    1627.,  0.00000000E+00,  0.00000000E+00,  0.00000000E+00,  0.00000000E+00,  0.23698549E+02, -0.11976790E+01
    1628.,  0.00000000E+00,  0.00000000E+00,  0.00000000E+00,  0.00000000E+00,  0.12010592E+02, -0.11976790E+01
    1629.,  0.00000000E+00,  0.00000000E+00,  0.00000000E+00,  0.00000000E+00,  0.10797352E+02, -0.11976790E+01
    1630.,  0.00000000E+00,  0.00000000E+00,  0.00000000E+00,  0.00000000E+00,  0.11543554E+02, -0.11976790E+01
    1631.,  0.00000000E+00,  0.00000000E+00,  0.00000000E+00,  0.00000000E+00,  0.12045235E+02, -0.11976790E+01
    1632.,  0.00000000E+00,  0.00000000E+00,  0.00000000E+00,  0.00000000E+00,  0.12358942E+02, -0.11976790E+01
    1633.,  0.00000000E+00,  0.00000000E+00,  0.00000000E+00,  0.00000000E+00,  0.13262601E+02, -0.11976790E+01
    1634.,  0.00000000E+00,  0.00000000E+00,  0.00000000E+00,  0.00000000E+00,  0.14766950E+02, -0.11976790E+01
    1635.,  0.00000000E+00,  0.00000000E+00,  0.00000000E+00,  0.00000000E+00,  0.16051991E+02, -0.11976790E+01
    1636.,  0.00000000E+00,  0.00000000E+00,  0.00000000E+00,  0.00000000E+00,  0.17043418E+02, -0.11976790E+01
    1637.,  0.00000000E+00,  0.00000000E+00,  0.00000000E+00,  0.00000000E+00,  0.17719013E+02, -0.11976790E+01
    1638.,  0.00000000E+00,  0.00000000E+00,  0.00000000E+00,  0.00000000E+00,  0.18172105E+02, -0.11976790E+01
    1639.,  0.00000000E+00,  0.00000000E+00,  0.00000000E+00,  0.00000000E+00,  0.18554175E+02, -0.11976790E+01
    1640.,  0.00000000E+00,  0.00000000E+00,  0.00000000E+00,  0.00000000E+00,  0.18883963E+02, -0.11976790E+01
    1641.,  0.00000000E+00,  0.00000000E+00,  0.00000000E+00,  0.00000000E+00,  0.19028263E+02, -0.11976790E+01
    1642.,  0.00000000E+00,  0.00000000E+00,  0.00000000E+00,  0.00000000E+00,  0.18965021E+02, -0.11976790E+01
    1643.,  0.00000000E+00,  0.00000000E+00,  0.00000000E+00,  0.00000000E+00,  0.18879089E+02, -0.11976790E+01
    1644.,  0.00000000E+00,  0.00000000E+00,  0.00000000E+00,  0.00000000E+00,  0.18918816E+02, -0.11976790E+01
    1645.,  0.00000000E+00,  0.00000000E+00,  0.00000000E+00,  0.00000000E+00,  0.19029677E+02, -0.11976790E+01
    1646.,  0.00000000E+00,  0.00000000E+00,  0.00000000E+00,  0.00000000E+00,  0.19056569E+02, -0.11976790E+01
    1647.,  0.00000000E+00,  0.00000000E+00,  0.00000000E+00,  0.00000000E+00,  0.18903144E+02, -0.11976790E+01
    1648.,  0.00000000E+00,  0.00000000E+00,  0.00000000E+00,  0.00000000E+00,  0.18439742E+02, -0.11976790E+01
    1649.,  0.00000000E+00,  0.00000000E+00,  0.00000000E+00,  0.00000000E+00,  0.18396541E+02, -0.11976790E+01
    1650.,  0.00000000E+00,  0.00000000E+00,  0.00000000E+00,  0.00000000E+00,  0.19237474E+02, -0.11976790E+01
    1651.,  0.00000000E+00,  0.00000000E+00,  0.00000000E+00,  0.00000000E+00,  0.20802551E+02, -0.11976790E+01
    1652.,  0.00000000E+00,  0.00000000E+00,  0.00000000E+00,  0.00000000E+00,  0.25915179E+02, -0.11976790E+01
    1653.,  0.00000000E+00,  0.00000000E+00,  0.00000000E+00,  0.00000000E+00,  0.42809405E+02, -0.11976790E+01
    1654.,  0.00000000E+00,  0.00000000E+00,  0.00000000E+00,  0.00000000E+00,  0.87446012E+02, -0.11976790E+01
    1655.,  0.00000000E+00,  0.00000000E+00,  0.00000000E+00,  0.74456202E-04,  0.17391202E+03, -0.11976790E+01
    1656.,  0.00000000E+00,  0.00000000E+00,  0.00000000E+00,  0.11551099E-02,  0.19275132E+03, -0.11976790E+01
    1657.,  0.00000000E+00,  0.00000000E+00,  0.00000000E+00,  0.39365936E-02,  0.21060658E+03, -0.11976790E+01
    1658.,  0.00000000E+00,  0.00000000E+00,  0.00000000E+00,  0.99842655E-02,  0.24381457E+03, -0.11976790E+01
    1659.,  0.00000000E+00,  0.00000000E+00,  0.00000000E+00,  0.19006153E-01,  0.28141376E+03, -0.11976790E+01
    1660.,  0.00000000E+00,  0.00000000E+00,  0.00000000E+00,  0.24163038E-01,  0.29728791E+03, -0.11976790E+01
    1661.,  0.00000000E+00,  0.00000000E+00,  0.00000000E+00,  0.20288804E-01,  0.28324272E+03, -0.11976790E+01
    1662.,  0.00000000E+00,  0.00000000E+00,  0.00000000E+00,  0.12437877E-01,  0.24844627E+03, -0.11976790E+01
    1663.,  0.00000000E+00,  0.00000000E+00,  0.00000000E+00,  0.67981628E-02,  0.20303745E+03, -0.11976790E+01
    1664.,  0.00000000E+00,  0.00000000E+00,  0.00000000E+00,  0.35410586E-02,  0.19890994E+03, -0.11976790E+01
    1665.,  0.00000000E+00,  0.00000000E+00,  0.00000000E+00,  0.76161302E-03,  0.17482270E+03, -0.11976790E+01
    1666.,  0.00000000E+00,  0.00000000E+00,  0.00000000E+00,  0.69573647E-03,  0.14198005E+03, -0.11976790E+01
    1667.,  0.00000000E+00,  0.00000000E+00,  0.00000000E+00,  0.55165624E-02,  0.21960132E+03, -0.11976790E+01
    1668.,  0.00000000E+00,  0.00000000E+00,  0.00000000E+00,  0.14520986E-01,  0.26096574E+03, -0.11976790E+01
    1669.,  0.00000000E+00,  0.00000000E+00,  0.00000000E+00,  0.25488685E-01,  0.30075635E+03, -0.11976790E+01
    1670.,  0.00000000E+00,  0.00000000E+00,  0.00000000E+00,  0.38620170E-01,  0.32471740E+03, -0.11976790E+01
    1671.,  0.00000000E+00,  0.00000000E+00,  0.00000000E+00,  0.42132842E-01,  0.33260949E+03, -0.11976790E+01
    1672.,  0.00000000E+00,  0.00000000E+00,  0.00000000E+00,  0.27358680E-01,  0.29614575E+03, -0.11976790E+01
    1673.,  0.00000000E+00,  0.00000000E+00,  0.00000000E+00,  0.22732778E-01,  0.28297405E+03, -0.11976790E+01
    1674.,  0.00000000E+00,  0.00000000E+00,  0.00000000E+00,  0.26409164E-01,  0.30303549E+03, -0.11976790E+01
    1675.,  0.00000000E+00,  0.00000000E+00,  0.00000000E+00,  0.22262681E-01,  0.29181129E+03, -0.11976790E+01
    1676.,  0.00000000E+00,  0.00000000E+00,  0.00000000E+00,  0.12634525E-01,  0.25479198E+03, -0.11976790E+01
    1677.,  0.00000000E+00,  0.00000000E+00,  0.00000000E+00,  0.53265538E-02,  0.21931960E+03, -0.11976790E+01
    1678.,  0.00000000E+00,  0.00000000E+00,  0.00000000E+00,  0.31859536E-02,  0.20459149E+03, -0.11976790E+01
    1679.,  0.00000000E+00,  0.00000000E+00,  0.00000000E+00,  0.40963233E-02,  0.20382908E+03, -0.11976790E+01
    1680.,  0.00000000E+00,  0.00000000E+00,  0.00000000E+00,  0.42307233E-02,  0.21003084E+03, -0.11976790E+01
    1681.,  0.00000000E+00,  0.00000000E+00,  0.00000000E+00,  0.30166197E-02,  0.20491332E+03, -0.11976790E+01
    1682.,  0.00000000E+00,  0.00000000E+00,  0.00000000E+00,  0.83434237E-02,  0.23118759E+03, -0.11976790E+01
    1683.,  0.00000000E+00,  0.00000000E+00,  0.00000000E+00,  0.16534752E-01,  0.27163170E+03, -0.11976790E+01
    1684.,  0.00000000E+00,  0.00000000E+00,  0.00000000E+00,  0.21428959E-01,  0.28979150E+03, -0.11976790E+01
    1685.,  0.00000000E+00,  0.00000000E+00,  0.00000000E+00,  0.17146052E-01,  0.27471835E+03, -0.11976790E+01
    1686.,  0.00000000E+00,  0.00000000E+00,  0.00000000E+00,  0.87364626E-02,  0.23729609E+03, -0.11976790E+01
    1687.,  0.00000000E+00,  0.00000000E+00,  0.00000000E+00,  0.31532003E-02,  0.20493107E+03, -0.11976790E+01
    1688.,  0.00000000E+00,  0.00000000E+00,  0.00000000E+00,  0.75717228E-03,  0.18980782E+03, -0.11976790E+01
    1689.,  0.00000000E+00,  0.00000000E+00,  0.00000000E+00,  0.00000000E+00,  0.15724285E+03, -0.11976790E+01
    1690.,  0.00000000E+00,  0.00000000E+00,  0.00000000E+00,  0.00000000E+00,  0.71246237E+02, -0.11976790E+01
    1691.,  0.00000000E+00,  0.00000000E+00,  0.00000000E+00,  0.00000000E+00,  0.30986452E+02, -0.11976790E+01
    1692.,  0.00000000E+00,  0.00000000E+00,  0.00000000E+00,  0.00000000E+00,  0.15074934E+02, -0.11976790E+01
    1693.,  0.00000000E+00,  0.00000000E+00,  0.00000000E+00,  0.00000000E+00,  0.10803957E+02, -0.11976790E+01
    1694.,  0.00000000E+00,  0.00000000E+00,  0.00000000E+00,  0.00000000E+00,  0.97727609E+01, -0.11976790E+01
    1695.,  0.00000000E+00,  0.00000000E+00,  0.00000000E+00,  0.00000000E+00,  0.95492475E+01, -0.11976790E+01
    1696.,  0.00000000E+00,  0.00000000E+00,  0.00000000E+00,  0.00000000E+00,  0.90371554E+01, -0.11976790E+01
    1697.,  0.00000000E+00,  0.00000000E+00,  0.00000000E+00,  0.00000000E+00,  0.95898860E+01, -0.11976790E+01
    1698.,  0.00000000E+00,  0.00000000E+00,  0.00000000E+00,  0.00000000E+00,  0.11541110E+02, -0.11976790E+01
    1699.,  0.00000000E+00,  0.00000000E+00,  0.00000000E+00,  0.00000000E+00,  0.13515543E+02, -0.11976790E+01
    1700.,  0.00000000E+00,  0.00000000E+00,  0.00000000E+00,  0.00000000E+00,  0.15335918E+02, -0.11976790E+01
    1701.,  0.00000000E+00,  0.00000000E+00,  0.00000000E+00,  0.00000000E+00,  0.17012900E+02, -0.11976790E+01
    1702.,  0.00000000E+00,  0.00000000E+00,  0.00000000E+00,  0.00000000E+00,  0.18663667E+02, -0.11976790E+01
    1703.,  0.00000000E+00,  0.00000000E+00,  0.00000000E+00,  0.00000000E+00,  0.20293442E+02, -0.11976790E+01
    1704.,  0.00000000E+00,  0.00000000E+00,  0.00000000E+00,  0.00000000E+00,  0.21600034E+02, -0.11976790E+01
    1705.,  0.00000000E+00,  0.00000000E+00,  0.00000000E+00,  0.00000000E+00,  0.22150516E+02, -0.11976790E+01
    1706.,  0.00000000E+00,  0.00000000E+00,  0.00000000E+00,  0.00000000E+00,  0.21807864E+02, -0.11976790E+01
    1707.,  0.00000000E+00,  0.00000000E+00,  0.00000000E+00,  0.00000000E+00,  0.20858448E+02, -0.11976790E+01
    1708.,  0.00000000E+00,  0.00000000E+00,  0.00000000E+00,  0.00000000E+00,  0.19716283E+02, -0.11976790E+01
    1709.,  0.00000000E+00,  0.00000000E+00,  0.00000000E+00,  0.00000000E+00,  0.18578337E+02, -0.11976790E+01
    1710.,  0.00000000E+00,  0.00000000E+00,  0.00000000E+00,  0.00000000E+00,  0.17362334E+02, -0.11976790E+01
    1711.,  0.00000000E+00,  0.00000000E+00,  0.00000000E+00,  0.00000000E+00,  0.15784228E+02, -0.11976790E+01
    1712.,  0.00000000E+00,  0.00000000E+00,  0.00000000E+00,  0.00000000E+00,  0.13509748E+02, -0.11976790E+01
    1713.,  0.00000000E+00,  0.00000000E+00,  0.00000000E+00,  0.00000000E+00,  0.13021125E+02, -0.11976790E+01
    1714.,  0.00000000E+00,  0.00000000E+00,  0.00000000E+00,  0.00000000E+00,  0.14632804E+02, -0.11976790E+01
    1715.,  0.00000000E+00,  0.00000000E+00,  0.00000000E+00,  0.00000000E+00,  0.17247044E+02, -0.11976790E+01
    1716.,  0.00000000E+00,  0.00000000E+00,  0.00000000E+00,  0.00000000E+00,  0.23852324E+02, -0.11976790E+01
    1717.,  0.00000000E+00,  0.00000000E+00,  0.00000000E+00,  0.00000000E+00,  0.41964481E+02, -0.11976790E+01
    1718.,  0.00000000E+00,  0.00000000E+00,  0.00000000E+00,  0.00000000E+00,  0.86381427E+02, -0.11976790E+01
    1719.,  0.00000000E+00,  0.00000000E+00,  0.00000000E+00,  0.23794025E-04,  0.17490273E+03, -0.11976790E+01
    1720.,  0.00000000E+00,  0.00000000E+00,  0.00000000E+00,  0.10224287E-02,  0.19182874E+03, -0.11976790E+01
    1721.,  0.00000000E+00,  0.00000000E+00,  0.00000000E+00,  0.38634536E-02,  0.21028684E+03, -0.11976790E+01
    1722.,  0.00000000E+00,  0.00000000E+00,  0.00000000E+00,  0.10100657E-01,  0.24472860E+03, -0.11976790E+01
    1723.,  0.00000000E+00,  0.00000000E+00,  0.00000000E+00,  0.17321680E-01,  0.27572515E+03, -0.11976790E+01
    1724.,  0.00000000E+00,  0.00000000E+00,  0.00000000E+00,  0.18372766E-01,  0.27878582E+03, -0.11976790E+01
    1725.,  0.00000000E+00,  0.00000000E+00,  0.00000000E+00,  0.12381705E-01,  0.25329523E+03, -0.11976790E+01
    1726.,  0.00000000E+00,  0.00000000E+00,  0.00000000E+00,  0.60793509E-02,  0.21888574E+03, -0.11976790E+01
    1727.,  0.00000000E+00,  0.00000000E+00,  0.00000000E+00,  0.20986559E-02,  0.17701101E+03, -0.11976790E+01
    1728.,  0.00000000E+00,  0.00000000E+00,  0.00000000E+00,  0.46061255E-03,  0.17459431E+03, -0.11976790E+01
    1729.,  0.00000000E+00,  0.00000000E+00,  0.00000000E+00,  0.19153218E-02,  0.19241692E+03, -0.11976790E+01
    1730.,  0.00000000E+00,  0.00000000E+00,  0.00000000E+00,  0.29663045E-02,  0.18893310E+03, -0.11976790E+01
    1731.,  0.00000000E+00,  0.00000000E+00,  0.00000000E+00,  0.28004207E-02,  0.17454223E+03, -0.11976790E+01
    1732.,  0.00000000E+00,  0.00000000E+00,  0.00000000E+00,  0.10810651E-01,  0.24614938E+03, -0.11976790E+01
    1733.,  0.00000000E+00,  0.00000000E+00,  0.00000000E+00,  0.17592768E-01,  0.26570962E+03, -0.11976790E+01
    1734.,  0.00000000E+00,  0.00000000E+00,  0.00000000E+00,  0.29511297E-01,  0.30942895E+03, -0.11976790E+01
    1735.,  0.00000000E+00,  0.00000000E+00,  0.00000000E+00,  0.35042451E-01,  0.31894437E+03, -0.11976790E+01
    1736.,  0.00000000E+00,  0.00000000E+00,  0.00000000E+00,  0.31412459E-01,  0.31101964E+03, -0.11976790E+01
    1737.,  0.00000000E+00,  0.00000000E+00,  0.00000000E+00,  0.24403854E-01,  0.29010004E+03, -0.11976790E+01
    1738.,  0.00000000E+00,  0.00000000E+00,  0.00000000E+00,  0.28742840E-01,  0.30852792E+03, -0.11976790E+01
    1739.,  0.00000000E+00,  0.00000000E+00,  0.00000000E+00,  0.20968943E-01,  0.28429068E+03, -0.11976790E+01
    1740.,  0.00000000E+00,  0.00000000E+00,  0.00000000E+00,  0.80541141E-02,  0.23411226E+03, -0.11976790E+01
    1741.,  0.00000000E+00,  0.00000000E+00,  0.00000000E+00,  0.53538340E-02,  0.21361848E+03, -0.11976790E+01
    1742.,  0.00000000E+00,  0.00000000E+00,  0.00000000E+00,  0.51106864E-02,  0.20618069E+03, -0.11976790E+01
    1743.,  0.00000000E+00,  0.00000000E+00,  0.00000000E+00,  0.45462283E-02,  0.20739387E+03, -0.11976790E+01
    1744.,  0.00000000E+00,  0.00000000E+00,  0.00000000E+00,  0.18113361E-02,  0.18779502E+03, -0.11976790E+01
    1745.,  0.00000000E+00,  0.00000000E+00,  0.00000000E+00,  0.18526291E-02,  0.19461494E+03, -0.11976790E+01
    1746.,  0.00000000E+00,  0.00000000E+00,  0.00000000E+00,  0.28199207E-02,  0.20406122E+03, -0.11976790E+01
    1747.,  0.00000000E+00,  0.00000000E+00,  0.00000000E+00,  0.81291477E-02,  0.23261206E+03, -0.11976790E+01
    1748.,  0.00000000E+00,  0.00000000E+00,  0.00000000E+00,  0.15955053E-01,  0.27024413E+03, -0.11976790E+01
    1749.,  0.00000000E+00,  0.00000000E+00,  0.00000000E+00,  0.16910451E-01,  0.27427908E+03, -0.11976790E+01
    1750.,  0.00000000E+00,  0.00000000E+00,  0.00000000E+00,  0.10801542E-01,  0.24746562E+03, -0.11976790E+01
    1751.,  0.00000000E+00,  0.00000000E+00,  0.00000000E+00,  0.42838361E-02,  0.21168821E+03, -0.11976790E+01
    1752.,  0.00000000E+00,  0.00000000E+00,  0.00000000E+00,  0.97906422E-03,  0.19101373E+03, -0.11976790E+01
    1753.,  0.00000000E+00,  0.00000000E+00,  0.00000000E+00,  0.00000000E+00,  0.16284383E+03, -0.11976790E+01
    1754.,  0.00000000E+00,  0.00000000E+00,  0.00000000E+00,  0.00000000E+00,  0.77102858E+02, -0.11976790E+01
    1755.,  0.00000000E+00,  0.00000000E+00,  0.00000000E+00,  0.00000000E+00,  0.34409983E+02, -0.11976790E+01
    1756.,  0.00000000E+00,  0.00000000E+00,  0.00000000E+00,  0.00000000E+00,  0.17054770E+02, -0.11976790E+01
    1757.,  0.00000000E+00,  0.00000000E+00,  0.00000000E+00,  0.00000000E+00,  0.10651555E+02, -0.11976790E+01
    1758.,  0.00000000E+00,  0.00000000E+00,  0.00000000E+00,  0.00000000E+00,  0.85722135E+01, -0.11976790E+01
    1759.,  0.00000000E+00,  0.00000000E+00,  0.00000000E+00,  0.00000000E+00,  0.71457740E+01, -0.11976790E+01
    1760.,  0.00000000E+00,  0.00000000E+00,  0.00000000E+00,  0.00000000E+00,  0.58019432E+01, -0.11976790E+01
    1761.,  0.00000000E+00,  0.00000000E+00,  0.00000000E+00,  0.00000000E+00,  0.59956826E+01, -0.11976790E+01
    1762.,  0.00000000E+00,  0.00000000E+00,  0.00000000E+00,  0.00000000E+00,  0.81614595E+01, -0.11976790E+01
    1763.,  0.00000000E+00,  0.00000000E+00,  0.00000000E+00,  0.00000000E+00,  0.10605490E+02, -0.11976790E+01
    1764.,  0.00000000E+00,  0.00000000E+00,  0.00000000E+00,  0.00000000E+00,  0.13265569E+02, -0.11976790E+01
    1765.,  0.00000000E+00,  0.00000000E+00,  0.00000000E+00,  0.00000000E+00,  0.16176440E+02, -0.11976790E+01
    1766.,  0.00000000E+00,  0.00000000E+00,  0.00000000E+00,  0.00000000E+00,  0.19364331E+02, -0.11976790E+01
    1767.,  0.00000000E+00,  0.00000000E+00,  0.00000000E+00,  0.00000000E+00,  0.22515839E+02, -0.11976790E+01
    1768.,  0.00000000E+00,  0.00000000E+00,  0.00000000E+00,  0.00000000E+00,  0.24924100E+02, -0.11976790E+01
    1769.,  0.00000000E+00,  0.00000000E+00,  0.00000000E+00,  0.00000000E+00,  0.25871757E+02, -0.11976790E+01
    1770.,  0.00000000E+00,  0.00000000E+00,  0.00000000E+00,  0.00000000E+00,  0.25109412E+02, -0.11976790E+01
    1771.,  0.00000000E+00,  0.00000000E+00,  0.00000000E+00,  0.00000000E+00,  0.22975818E+02, -0.11976790E+01
    1772.,  0.00000000E+00,  0.00000000E+00,  0.00000000E+00,  0.00000000E+00,  0.20110041E+02, -0.11976790E+01
    1773.,  0.00000000E+00,  0.00000000E+00,  0.00000000E+00,  0.00000000E+00,  0.17068610E+02, -0.11976790E+01
    1774.,  0.00000000E+00,  0.00000000E+00,  0.00000000E+00,  0.00000000E+00,  0.14021648E+02, -0.11976790E+01
    1775.,  0.00000000E+00,  0.00000000E+00,  0.00000000E+00,  0.00000000E+00,  0.10797773E+02, -0.11976790E+01
    1776.,  0.00000000E+00,  0.00000000E+00,  0.00000000E+00,  0.00000000E+00,  0.72937732E+01, -0.11976790E+01
    1777.,  0.00000000E+00,  0.00000000E+00,  0.00000000E+00,  0.00000000E+00,  0.67712291E+01, -0.11976790E+01
    1778.,  0.00000000E+00,  0.00000000E+00,  0.00000000E+00,  0.00000000E+00,  0.89924269E+01, -0.11976790E+01
    1779.,  0.00000000E+00,  0.00000000E+00,  0.00000000E+00,  0.00000000E+00,  0.12424824E+02, -0.11976790E+01
    1780.,  0.00000000E+00,  0.00000000E+00,  0.00000000E+00,  0.00000000E+00,  0.20745696E+02, -0.11976790E+01
    1781.,  0.00000000E+00,  0.00000000E+00,  0.00000000E+00,  0.00000000E+00,  0.39542474E+02, -0.11976790E+01
    1782.,  0.00000000E+00,  0.00000000E+00,  0.00000000E+00,  0.00000000E+00,  0.81411128E+02, -0.11976790E+01
    1783.,  0.00000000E+00,  0.00000000E+00,  0.00000000E+00,  0.00000000E+00,  0.17038088E+03, -0.11976790E+01
    1784.,  0.00000000E+00,  0.00000000E+00,  0.00000000E+00,  0.92120175E-03,  0.19100020E+03, -0.11976790E+01
    1785.,  0.00000000E+00,  0.00000000E+00,  0.00000000E+00,  0.38520379E-02,  0.21030214E+03, -0.11976790E+01
    1786.,  0.00000000E+00,  0.00000000E+00,  0.00000000E+00,  0.97300466E-02,  0.24322012E+03, -0.11976790E+01
    1787.,  0.00000000E+00,  0.00000000E+00,  0.00000000E+00,  0.15432868E-01,  0.26849240E+03, -0.11976790E+01
    1788.,  0.00000000E+00,  0.00000000E+00,  0.00000000E+00,  0.14518402E-01,  0.26426981E+03, -0.11976790E+01
    1789.,  0.00000000E+00,  0.00000000E+00,  0.00000000E+00,  0.83883378E-02,  0.23501617E+03, -0.11976790E+01
    1790.,  0.00000000E+00,  0.00000000E+00,  0.00000000E+00,  0.30011500E-02,  0.19498372E+03, -0.11976790E+01
    1791.,  0.00000000E+00,  0.00000000E+00,  0.00000000E+00,  0.15762627E-03,  0.16997109E+03, -0.11976790E+01
    1792.,  0.00000000E+00,  0.00000000E+00,  0.00000000E+00,  0.15246471E-03,  0.15470365E+03, -0.11976790E+01
    1793.,  0.00000000E+00,  0.00000000E+00,  0.00000000E+00,  0.71975461E-02,  0.22709281E+03, -0.11976790E+01
    1794.,  0.00000000E+00,  0.00000000E+00,  0.00000000E+00,  0.12799677E-01,  0.24807461E+03, -0.11976790E+01
    1795.,  0.00000000E+00,  0.00000000E+00,  0.00000000E+00,  0.17522625E-01,  0.25767850E+03, -0.11976790E+01
    1796.,  0.00000000E+00,  0.00000000E+00,  0.00000000E+00,  0.11946104E-01,  0.10884467E+03, -0.11976790E+01
    1797.,  0.00000000E+00,  0.00000000E+00,  0.00000000E+00,  0.18481458E-01,  0.24622703E+03, -0.11976790E+01
    1798.,  0.00000000E+00,  0.00000000E+00,  0.00000000E+00,  0.27817691E-01,  0.30554251E+03, -0.11976790E+01
    1799.,  0.00000000E+00,  0.00000000E+00,  0.00000000E+00,  0.28420088E-01,  0.30669147E+03, -0.11976790E+01
    1800.,  0.00000000E+00,  0.00000000E+00,  0.00000000E+00,  0.24273693E-01,  0.27748029E+03, -0.11976790E+01
    1801.,  0.00000000E+00,  0.00000000E+00,  0.00000000E+00,  0.33171882E-01,  0.26208393E+03, -0.11976790E+01
    1802.,  0.00000000E+00,  0.00000000E+00,  0.00000000E+00,  0.35567189E-01,  0.31988475E+03, -0.11976790E+01
    1803.,  0.00000000E+00,  0.00000000E+00,  0.00000000E+00,  0.23880123E-01,  0.29237317E+03, -0.11976790E+01
    1804.,  0.00000000E+00,  0.00000000E+00,  0.00000000E+00,  0.15523342E-01,  0.26120488E+03, -0.11976790E+01
    1805.,  0.00000000E+00,  0.00000000E+00,  0.00000000E+00,  0.95915186E-02,  0.23242860E+03, -0.11976790E+01
    1806.,  0.00000000E+00,  0.00000000E+00,  0.00000000E+00,  0.74262896E-02,  0.22102242E+03, -0.11976790E+01
    1807.,  0.00000000E+00,  0.00000000E+00,  0.00000000E+00,  0.25021970E-02,  0.17487738E+03, -0.11976790E+01
    1808.,  0.00000000E+00,  0.00000000E+00,  0.00000000E+00,  0.10242400E-03,  0.13768452E+03, -0.11976790E+01
    1809.,  0.00000000E+00,  0.00000000E+00,  0.00000000E+00,  0.45628862E-03,  0.17773401E+03, -0.11976790E+01
    1810.,  0.00000000E+00,  0.00000000E+00,  0.00000000E+00,  0.18132340E-02,  0.19383101E+03, -0.11976790E+01
    1811.,  0.00000000E+00,  0.00000000E+00,  0.00000000E+00,  0.42119880E-02,  0.21207774E+03, -0.11976790E+01
    1812.,  0.00000000E+00,  0.00000000E+00,  0.00000000E+00,  0.11415432E-01,  0.24973640E+03, -0.11976790E+01
    1813.,  0.00000000E+00,  0.00000000E+00,  0.00000000E+00,  0.17221707E-01,  0.27528563E+03, -0.11976790E+01
    1814.,  0.00000000E+00,  0.00000000E+00,  0.00000000E+00,  0.13737100E-01,  0.26071310E+03, -0.11976790E+01
    1815.,  0.00000000E+00,  0.00000000E+00,  0.00000000E+00,  0.57407442E-02,  0.22031690E+03, -0.11976790E+01
    1816.,  0.00000000E+00,  0.00000000E+00,  0.00000000E+00,  0.11595269E-02,  0.19237842E+03, -0.11976790E+01
    1817.,  0.00000000E+00,  0.00000000E+00,  0.00000000E+00,  0.69260699E-06,  0.17039425E+03, -0.11976790E+01
    1818.,  0.00000000E+00,  0.00000000E+00,  0.00000000E+00,  0.00000000E+00,  0.79417820E+02, -0.11976790E+01
    1819.,  0.00000000E+00,  0.00000000E+00,  0.00000000E+00,  0.00000000E+00,  0.36531239E+02, -0.11976790E+01
    1820.,  0.00000000E+00,  0.00000000E+00,  0.00000000E+00,  0.00000000E+00,  0.17114957E+02, -0.11976790E+01
    1821.,  0.00000000E+00,  0.00000000E+00,  0.00000000E+00,  0.00000000E+00,  0.10246113E+02, -0.11976790E+01
    1822.,  0.00000000E+00,  0.00000000E+00,  0.00000000E+00,  0.00000000E+00,  0.68668427E+01, -0.11976790E+01
    1823.,  0.00000000E+00,  0.00000000E+00,  0.00000000E+00,  0.00000000E+00,  0.46246412E+01, -0.11976790E+01
    1824.,  0.00000000E+00,  0.00000000E+00,  0.00000000E+00,  0.00000000E+00,  0.26280268E+01, -0.11976790E+01
    1825.,  0.00000000E+00,  0.00000000E+00,  0.00000000E+00,  0.00000000E+00,  0.25887122E+01, -0.11976790E+01
    1826.,  0.00000000E+00,  0.00000000E+00,  0.00000000E+00,  0.00000000E+00,  0.47684690E+01, -0.11976790E+01
    1827.,  0.00000000E+00,  0.00000000E+00,  0.00000000E+00,  0.00000000E+00,  0.74889874E+01, -0.11976790E+01
    1828.,  0.00000000E+00,  0.00000000E+00,  0.00000000E+00,  0.00000000E+00,  0.10964992E+02, -0.11976790E+01
    1829.,  0.00000000E+00,  0.00000000E+00,  0.00000000E+00,  0.00000000E+00,  0.15366309E+02, -0.11976790E+01
    1830.,  0.00000000E+00,  0.00000000E+00,  0.00000000E+00,  0.00000000E+00,  0.20427933E+02, -0.11976790E+01
    1831.,  0.00000000E+00,  0.00000000E+00,  0.00000000E+00,  0.00000000E+00,  0.25349831E+02, -0.11976790E+01
    1832.,  0.00000000E+00,  0.00000000E+00,  0.00000000E+00,  0.00000000E+00,  0.28984245E+02, -0.11976790E+01
    1833.,  0.00000000E+00,  0.00000000E+00,  0.00000000E+00,  0.00000000E+00,  0.30335585E+02, -0.11976790E+01
    1834.,  0.00000000E+00,  0.00000000E+00,  0.00000000E+00,  0.00000000E+00,  0.29032707E+02, -0.11976790E+01
    1835.,  0.00000000E+00,  0.00000000E+00,  0.00000000E+00,  0.00000000E+00,  0.25421791E+02, -0.11976790E+01
    1836.,  0.00000000E+00,  0.00000000E+00,  0.00000000E+00,  0.00000000E+00,  0.20328561E+02, -0.11976790E+01
    1837.,  0.00000000E+00,  0.00000000E+00,  0.00000000E+00,  0.00000000E+00,  0.14729042E+02, -0.11976790E+01
    1838.,  0.00000000E+00,  0.00000000E+00,  0.00000000E+00,  0.00000000E+00,  0.94972234E+01, -0.11976790E+01
    1839.,  0.00000000E+00,  0.00000000E+00,  0.00000000E+00,  0.00000000E+00,  0.51577402E+01, -0.11976790E+01
    1840.,  0.00000000E+00,  0.00000000E+00,  0.00000000E+00,  0.00000000E+00,  0.19430879E+01, -0.11976790E+01
    1841.,  0.00000000E+00,  0.00000000E+00,  0.00000000E+00,  0.00000000E+00,  0.21490668E+01, -0.11976790E+01
    1842.,  0.00000000E+00,  0.00000000E+00,  0.00000000E+00,  0.00000000E+00,  0.43555559E+01, -0.11976790E+01
    1843.,  0.00000000E+00,  0.00000000E+00,  0.00000000E+00,  0.00000000E+00,  0.86314480E+01, -0.11976790E+01
    1844.,  0.00000000E+00,  0.00000000E+00,  0.00000000E+00,  0.00000000E+00,  0.18582382E+02, -0.11976790E+01
    1845.,  0.00000000E+00,  0.00000000E+00,  0.00000000E+00,  0.00000000E+00,  0.38369519E+02, -0.11976790E+01
    1846.,  0.00000000E+00,  0.00000000E+00,  0.00000000E+00,  0.00000000E+00,  0.78390683E+02, -0.11976790E+01
    1847.,  0.00000000E+00,  0.00000000E+00,  0.00000000E+00,  0.00000000E+00,  0.16111762E+03, -0.11976790E+01
    1848.,  0.00000000E+00,  0.00000000E+00,  0.00000000E+00,  0.84274916E-03,  0.18981968E+03, -0.11976790E+01
    1849.,  0.00000000E+00,  0.00000000E+00,  0.00000000E+00,  0.34693946E-02,  0.20742851E+03, -0.11976790E+01
    1850.,  0.00000000E+00,  0.00000000E+00,  0.00000000E+00,  0.85695288E-02,  0.23678961E+03, -0.11976790E+01
    1851.,  0.00000000E+00,  0.00000000E+00,  0.00000000E+00,  0.12944451E-01,  0.25772325E+03, -0.11976790E+01
    1852.,  0.00000000E+00,  0.00000000E+00,  0.00000000E+00,  0.11354679E-01,  0.25021557E+03, -0.11976790E+01
    1853.,  0.00000000E+00,  0.00000000E+00,  0.00000000E+00,  0.53778858E-02,  0.21566403E+03, -0.11976790E+01
    1854.,  0.00000000E+00,  0.00000000E+00,  0.00000000E+00,  0.12578432E-02,  0.18993030E+03, -0.11976790E+01
    1855.,  0.00000000E+00,  0.00000000E+00,  0.00000000E+00,  0.16450410E-03,  0.17706176E+03, -0.11976790E+01
    1856.,  0.00000000E+00,  0.00000000E+00,  0.00000000E+00,  0.50887069E-02,  0.20392603E+03, -0.11976790E+01
    1857.,  0.00000000E+00,  0.00000000E+00,  0.00000000E+00,  0.61788812E-01,  0.36564794E+03, -0.11976790E+01
    1858.,  0.00000000E+00,  0.00000000E+00,  0.00000000E+00,  0.60207194E-01,  0.36227228E+03, -0.11976790E+01
    1859.,  0.00000000E+00,  0.00000000E+00,  0.00000000E+00,  0.81260180E-01,  0.39133625E+03, -0.11976790E+01
    1860.,  0.00000000E+00,  0.00000000E+00,  0.18583742E-01,  0.18815873E+00,  0.50632411E+03, -0.11976790E+01
    1861.,  0.00000000E+00,  0.00000000E+00,  0.37578756E-01,  0.21943363E+00,  0.52444538E+03, -0.11976790E+01
    1862.,  0.00000000E+00,  0.00000000E+00,  0.00000000E+00,  0.14747466E+00,  0.47971932E+03, -0.11976790E+01
    1863.,  0.00000000E+00,  0.00000000E+00,  0.00000000E+00,  0.77702979E-01,  0.38714244E+03, -0.11976790E+01
    1864.,  0.00000000E+00,  0.00000000E+00,  0.00000000E+00,  0.18050692E-01,  0.21744221E+03, -0.11976790E+01
    1865.,  0.00000000E+00,  0.00000000E+00,  0.00000000E+00,  0.29257521E-01,  0.29282993E+03, -0.11976790E+01
    1866.,  0.00000000E+00,  0.00000000E+00,  0.00000000E+00,  0.37360715E-01,  0.28984369E+03, -0.11976790E+01
    1867.,  0.00000000E+00,  0.00000000E+00,  0.00000000E+00,  0.38616115E-01,  0.30689062E+03, -0.11976790E+01
    1868.,  0.00000000E+00,  0.00000000E+00,  0.00000000E+00,  0.85100852E-01,  0.40001081E+03, -0.11976790E+01
    1869.,  0.00000000E+00,  0.00000000E+00,  0.00000000E+00,  0.79192414E-01,  0.38737298E+03, -0.11976790E+01
    1870.,  0.00000000E+00,  0.00000000E+00,  0.00000000E+00,  0.17418782E-01,  0.21498394E+03, -0.11976790E+01
    1871.,  0.00000000E+00,  0.00000000E+00,  0.00000000E+00,  0.97318520E-02,  0.18652846E+03, -0.11976790E+01
    1872.,  0.00000000E+00,  0.00000000E+00,  0.00000000E+00,  0.62564645E-02,  0.11849802E+03, -0.11976790E+01
    1873.,  0.00000000E+00,  0.00000000E+00,  0.00000000E+00,  0.16064603E-02,  0.15499570E+03, -0.11976790E+01
    1874.,  0.00000000E+00,  0.00000000E+00,  0.00000000E+00,  0.10682292E-02,  0.19093896E+03, -0.11976790E+01
    1875.,  0.00000000E+00,  0.00000000E+00,  0.00000000E+00,  0.32365750E-02,  0.20425798E+03, -0.11976790E+01
    1876.,  0.00000000E+00,  0.00000000E+00,  0.00000000E+00,  0.91886299E-02,  0.23901283E+03, -0.11976790E+01
    1877.,  0.00000000E+00,  0.00000000E+00,  0.00000000E+00,  0.19418216E-01,  0.28310248E+03, -0.11976790E+01
    1878.,  0.00000000E+00,  0.00000000E+00,  0.00000000E+00,  0.19898058E-01,  0.28325884E+03, -0.11976790E+01
    1879.,  0.00000000E+00,  0.00000000E+00,  0.00000000E+00,  0.75957044E-02,  0.23058825E+03, -0.11976790E+01
    1880.,  0.00000000E+00,  0.00000000E+00,  0.00000000E+00,  0.13120711E-02,  0.19226237E+03, -0.11976790E+01
    1881.,  0.00000000E+00,  0.00000000E+00,  0.00000000E+00,  0.00000000E+00,  0.16496601E+03, -0.11976790E+01
    1882.,  0.00000000E+00,  0.00000000E+00,  0.00000000E+00,  0.00000000E+00,  0.79003563E+02, -0.11976790E+01
    1883.,  0.00000000E+00,  0.00000000E+00,  0.00000000E+00,  0.00000000E+00,  0.34794396E+02, -0.11976790E+01
    1884.,  0.00000000E+00,  0.00000000E+00,  0.00000000E+00,  0.00000000E+00,  0.16669414E+02, -0.11976790E+01
    1885.,  0.00000000E+00,  0.00000000E+00,  0.00000000E+00,  0.00000000E+00,  0.90828091E+01, -0.11976790E+01
    1886.,  0.00000000E+00,  0.00000000E+00,  0.00000000E+00,  0.00000000E+00,  0.46838513E+01, -0.11976790E+01
    1887.,  0.00000000E+00,  0.00000000E+00,  0.00000000E+00,  0.00000000E+00,  0.19286154E+01, -0.11976790E+01
    1888.,  0.00000000E+00,  0.00000000E+00,  0.00000000E+00,  0.00000000E+00,  0.47955146E+00, -0.11976790E+01
    1889.,  0.00000000E+00,  0.00000000E+00,  0.00000000E+00,  0.00000000E+00,  0.38982072E+00, -0.11976790E+01
    1890.,  0.00000000E+00,  0.00000000E+00,  0.00000000E+00,  0.00000000E+00,  0.15987330E+01, -0.11976790E+01
    1891.,  0.00000000E+00,  0.00000000E+00,  0.00000000E+00,  0.00000000E+00,  0.42364751E+01, -0.11976790E+01
    1892.,  0.00000000E+00,  0.00000000E+00,  0.00000000E+00,  0.00000000E+00,  0.86633998E+01, -0.11976790E+01
    1893.,  0.00000000E+00,  0.00000000E+00,  0.00000000E+00,  0.00000000E+00,  0.14837064E+02, -0.11976790E+01
    1894.,  0.00000000E+00,  0.00000000E+00,  0.00000000E+00,  0.00000000E+00,  0.22053282E+02, -0.11976790E+01
    1895.,  0.00000000E+00,  0.00000000E+00,  0.00000000E+00,  0.00000000E+00,  0.28963608E+02, -0.11976790E+01
    1896.,  0.00000000E+00,  0.00000000E+00,  0.00000000E+00,  0.00000000E+00,  0.33957017E+02, -0.11976790E+01
    1897.,  0.00000000E+00,  0.00000000E+00,  0.00000000E+00,  0.00000000E+00,  0.35737480E+02, -0.11976790E+01
    1898.,  0.00000000E+00,  0.00000000E+00,  0.00000000E+00,  0.00000000E+00,  0.33793235E+02, -0.11976790E+01
    1899.,  0.00000000E+00,  0.00000000E+00,  0.00000000E+00,  0.00000000E+00,  0.28481563E+02, -0.11976790E+01
    1900.,  0.00000000E+00,  0.00000000E+00,  0.00000000E+00,  0.00000000E+00,  0.20803558E+02, -0.11976790E+01
    1901.,  0.00000000E+00,  0.00000000E+00,  0.00000000E+00,  0.00000000E+00,  0.12193589E+02, -0.11976790E+01
    1902.,  0.00000000E+00,  0.00000000E+00,  0.00000000E+00,  0.00000000E+00,  0.45156320E+01, -0.11976790E+01
    1903.,  0.00000000E+00,  0.00000000E+00,  0.00000000E+00,  0.00000000E+00,  0.50407525E+00, -0.11976790E+01
    1904.,  0.00000000E+00,  0.00000000E+00,  0.00000000E+00,  0.00000000E+00,  0.15362147E+01, -0.11976790E+01
    1905.,  0.00000000E+00,  0.00000000E+00,  0.00000000E+00,  0.00000000E+00,  0.19416549E+01, -0.11976790E+01
    1906.,  0.00000000E+00,  0.00000000E+00,  0.00000000E+00,  0.00000000E+00,  0.36808932E+01, -0.11976790E+01
    1907.,  0.00000000E+00,  0.00000000E+00,  0.00000000E+00,  0.00000000E+00,  0.79416295E+01, -0.11976790E+01
    1908.,  0.00000000E+00,  0.00000000E+00,  0.00000000E+00,  0.00000000E+00,  0.17077602E+02, -0.11976790E+01
    1909.,  0.00000000E+00,  0.00000000E+00,  0.00000000E+00,  0.00000000E+00,  0.36651782E+02, -0.11976790E+01
    1910.,  0.00000000E+00,  0.00000000E+00,  0.00000000E+00,  0.00000000E+00,  0.72107781E+02, -0.11976790E+01
    1911.,  0.00000000E+00,  0.00000000E+00,  0.00000000E+00,  0.00000000E+00,  0.14109496E+03, -0.11976790E+01
    1912.,  0.00000000E+00,  0.00000000E+00,  0.00000000E+00,  0.64883473E-03,  0.18786710E+03, -0.11976790E+01
    1913.,  0.00000000E+00,  0.00000000E+00,  0.00000000E+00,  0.25825566E-02,  0.20045061E+03, -0.11976790E+01
    1914.,  0.00000000E+00,  0.00000000E+00,  0.00000000E+00,  0.60814989E-02,  0.21918205E+03, -0.11976790E+01
    1915.,  0.00000000E+00,  0.00000000E+00,  0.00000000E+00,  0.99504087E-02,  0.24171438E+03, -0.11976790E+01
    1916.,  0.00000000E+00,  0.00000000E+00,  0.00000000E+00,  0.85698999E-02,  0.23360118E+03, -0.11976790E+01
    1917.,  0.00000000E+00,  0.00000000E+00,  0.00000000E+00,  0.32565346E-02,  0.20352998E+03, -0.11976790E+01
    1918.,  0.00000000E+00,  0.00000000E+00,  0.00000000E+00,  0.79235817E-03,  0.19010473E+03, -0.11976790E+01
    1919.,  0.00000000E+00,  0.00000000E+00,  0.00000000E+00,  0.94326383E-03,  0.18101742E+03, -0.11976790E+01
    1920.,  0.00000000E+00,  0.00000000E+00,  0.00000000E+00,  0.22758498E-01,  0.24769287E+03, -0.11976790E+01
    1921.,  0.00000000E+00,  0.00000000E+00,  0.00000000E+00,  0.26527217E-01,  0.30091557E+03, -0.15606998E+01
    1922.,  0.00000000E+00,  0.00000000E+00,  0.00000000E+00,  0.25562589E-01,  0.29693479E+03, -0.15606998E+01
    1923.,  0.00000000E+00,  0.00000000E+00,  0.00000000E+00,  0.29235541E-01,  0.30099204E+03, -0.15606998E+01
    1924.,  0.00000000E+00,  0.00000000E+00,  0.00000000E+00,  0.24766453E-01,  0.23594065E+03, -0.15606998E+01
    1925.,  0.00000000E+00,  0.00000000E+00,  0.00000000E+00,  0.36730804E-01,  0.32252286E+03, -0.15606998E+01
    1926.,  0.00000000E+00,  0.00000000E+00,  0.00000000E+00,  0.18469689E-01,  0.27326936E+03, -0.15606998E+01
    1927.,  0.00000000E+00,  0.00000000E+00,  0.00000000E+00,  0.42487367E-02,  0.20979433E+03, -0.15606998E+01
    1928.,  0.00000000E+00,  0.00000000E+00,  0.00000000E+00,  0.00000000E+00,  0.69979456E-08, -0.15606998E+01
    1929.,  0.00000000E+00,  0.00000000E+00,  0.00000000E+00,  0.00000000E+00,  0.11768558E-07, -0.15606998E+01
    1930.,  0.00000000E+00,  0.00000000E+00,  0.00000000E+00,  0.28115233E-01,  0.29949156E+03, -0.15606998E+01
    1931.,  0.00000000E+00,  0.00000000E+00,  0.00000000E+00,  0.54122842E-01,  0.34623805E+03, -0.15606998E+01
    1932.,  0.00000000E+00,  0.00000000E+00,  0.00000000E+00,  0.84154973E-01,  0.39850687E+03, -0.15606998E+01
    1933.,  0.00000000E+00,  0.00000000E+00,  0.00000000E+00,  0.60839273E-01,  0.35496541E+03, -0.15606998E+01
    1934.,  0.00000000E+00,  0.00000000E+00,  0.00000000E+00,  0.30132261E-01,  0.26304292E+03, -0.15606998E+01
    1935.,  0.00000000E+00,  0.00000000E+00,  0.00000000E+00,  0.22929895E-01,  0.20776671E+03, -0.15606998E+01
    1936.,  0.00000000E+00,  0.00000000E+00,  0.00000000E+00,  0.21882773E-01,  0.21120508E+03, -0.15606998E+01
    1937.,  0.00000000E+00,  0.00000000E+00,  0.00000000E+00,  0.60846985E-02,  0.10536898E+03, -0.22867415E+01
    1938.,  0.00000000E+00,  0.00000000E+00,  0.00000000E+00,  0.85730542E-02,  0.10589336E+03, -0.22867415E+01
    1939.,  0.00000000E+00,  0.00000000E+00,  0.00000000E+00,  0.22800657E-01,  0.26869059E+03, -0.22867415E+01
    1940.,  0.00000000E+00,  0.00000000E+00,  0.00000000E+00,  0.24843726E-01,  0.29189621E+03, -0.22867415E+01
    1941.,  0.00000000E+00,  0.00000000E+00,  0.00000000E+00,  0.00000000E+00,  0.42252077E-08, -0.22867415E+01
    1942.,  0.00000000E+00,  0.00000000E+00,  0.00000000E+00,  0.00000000E+00,  0.14283421E-07, -0.22867415E+01
    1943.,  0.00000000E+00,  0.00000000E+00,  0.00000000E+00,  0.00000000E+00,  0.11805830E-07, -0.22867415E+01
    1944.,  0.00000000E+00,  0.00000000E+00,  0.00000000E+00,  0.00000000E+00,  0.42917633E-08, -0.22867415E+01
    1945.,  0.00000000E+00,  0.00000000E+00,  0.00000000E+00,  0.00000000E+00,  0.13779396E-07, -0.22867415E+01
    1946.,  0.00000000E+00,  0.00000000E+00,  0.00000000E+00,  0.00000000E+00,  0.91759921E-08, -0.22867415E+01
    1947.,  0.00000000E+00,  0.00000000E+00,  0.00000000E+00,  0.00000000E+00,  0.74614690E-08, -0.22867415E+01
    1948.,  0.00000000E+00,  0.00000000E+00,  0.00000000E+00,  0.00000000E+00,  0.10791913E-07, -0.22867415E+01
    1949.,  0.00000000E+00,  0.00000000E+00,  0.00000000E+00,  0.22782332E-01,  0.28629070E+03, -0.22867415E+01
    1950.,  0.00000000E+00,  0.00000000E+00,  0.00000000E+00,  0.24177991E-01,  0.27883568E+03, -0.22867415E+01
    1951.,  0.00000000E+00,  0.00000000E+00,  0.00000000E+00,  0.18778670E-01,  0.25937601E+03, -0.22867415E+01
    1952.,  0.00000000E+00,  0.00000000E+00,  0.00000000E+00,  0.15286911E-01,  0.24399279E+03, -0.22867415E+01
    1953.,  0.00000000E+00,  0.00000000E+00,  0.00000000E+00,  0.30796007E-01,  0.31100280E+03, -0.30127832E+01
    1954.,  0.00000000E+00,  0.00000000E+00,  0.00000000E+00,  0.23654666E-01,  0.28892362E+03, -0.30127832E+01
    1955.,  0.00000000E+00,  0.00000000E+00,  0.00000000E+00,  0.15191494E-01,  0.26074050E+03, -0.30127832E+01
    1956.,  0.00000000E+00,  0.00000000E+00,  0.00000000E+00,  0.00000000E+00,  0.46064368E-08, -0.30127832E+01
    1957.,  0.00000000E+00,  0.00000000E+00,  0.00000000E+00,  0.00000000E+00,  0.18501783E-07, -0.30127832E+01
    1958.,  0.00000000E+00,  0.00000000E+00,  0.00000000E+00,  0.00000000E+00,  0.81756099E-08, -0.30127832E+01
    1959.,  0.00000000E+00,  0.00000000E+00,  0.00000000E+00,  0.00000000E+00,  0.12174370E-07, -0.30127832E+01
    1960.,  0.00000000E+00,  0.00000000E+00,  0.00000000E+00,  0.00000000E+00,  0.60418878E-08, -0.30127832E+01
    1961.,  0.00000000E+00,  0.00000000E+00,  0.00000000E+00,  0.00000000E+00,  0.53790375E-08, -0.30127832E+01
    1962.,  0.00000000E+00,  0.00000000E+00,  0.00000000E+00,  0.00000000E+00,  0.13847546E-07, -0.30127832E+01
    1963.,  0.00000000E+00,  0.00000000E+00,  0.00000000E+00,  0.00000000E+00,  0.75141490E-08, -0.30127832E+01
    1964.,  0.00000000E+00,  0.00000000E+00,  0.00000000E+00,  0.00000000E+00,  0.15005660E-07, -0.30127832E+01
    1965.,  0.00000000E+00,  0.00000000E+00,  0.00000000E+00,  0.00000000E+00,  0.62173292E-08, -0.30127832E+01
    1966.,  0.00000000E+00,  0.00000000E+00,  0.00000000E+00,  0.11559697E-01,  0.24617097E+03, -0.30127832E+01
    1967.,  0.00000000E+00,  0.00000000E+00,  0.00000000E+00,  0.12746042E-01,  0.24656676E+03, -0.30127832E+01
    1968.,  0.00000000E+00,  0.00000000E+00,  0.00000000E+00,  0.89309143E-02,  0.21908508E+03, -0.30127832E+01
    1969.,  0.00000000E+00,  0.00000000E+00,  0.00000000E+00,  0.36809826E-02,  0.20467059E+03, -0.37388248E+01
    1970.,  0.00000000E+00,  0.00000000E+00,  0.00000000E+00,  0.00000000E+00,  0.15239803E-07, -0.37388248E+01
    1971.,  0.00000000E+00,  0.00000000E+00,  0.00000000E+00,  0.00000000E+00,  0.10535919E-07, -0.37388248E+01
    1972.,  0.00000000E+00,  0.00000000E+00,  0.00000000E+00,  0.00000000E+00,  0.59002861E-08, -0.37388248E+01
    1973.,  0.00000000E+00,  0.00000000E+00,  0.00000000E+00,  0.00000000E+00,  0.14030832E-07, -0.37388248E+01
    1974.,  0.00000000E+00,  0.00000000E+00,  0.00000000E+00,  0.00000000E+00,  0.60241554E-08, -0.37388248E+01
    1975.,  0.00000000E+00,  0.00000000E+00,  0.00000000E+00,  0.00000000E+00,  0.56506396E-08, -0.37388248E+01
    1976.,  0.00000000E+00,  0.00000000E+00,  0.00000000E+00,  0.00000000E+00,  0.58357264E-08, -0.37388248E+01
    1977.,  0.00000000E+00,  0.00000000E+00,  0.00000000E+00,  0.00000000E+00,  0.86085702E-08, -0.37388248E+01
    1978.,  0.00000000E+00,  0.00000000E+00,  0.00000000E+00,  0.00000000E+00,  0.87688923E-08, -0.37388248E+01
    1979.,  0.00000000E+00,  0.00000000E+00,  0.00000000E+00,  0.00000000E+00,  0.18642872E-07, -0.37388248E+01
    1980.,  0.00000000E+00,  0.00000000E+00,  0.00000000E+00,  0.00000000E+00,  0.97423229E-08, -0.37388248E+01
    1981.,  0.00000000E+00,  0.00000000E+00,  0.00000000E+00,  0.00000000E+00,  0.76436381E-08, -0.37388248E+01
    1982.,  0.00000000E+00,  0.00000000E+00,  0.00000000E+00,  0.00000000E+00,  0.14424809E-07, -0.37388248E+01
    1983.,  0.00000000E+00,  0.00000000E+00,  0.00000000E+00,  0.47903390E-02,  0.21196789E+03, -0.37388248E+01
    1984.,  0.00000000E+00,  0.00000000E+00,  0.00000000E+00,  0.53222845E-02,  0.20691184E+03, -0.37388248E+01
    1985.,  0.00000000E+00,  0.00000000E+00,  0.00000000E+00,  0.00000000E+00,  0.94962785E+02, -0.44648665E+01
    1986.,  0.00000000E+00,  0.00000000E+00,  0.00000000E+00,  0.00000000E+00,  0.93837139E-08, -0.44648665E+01
    1987.,  0.00000000E+00,  0.00000000E+00,  0.00000000E+00,  0.00000000E+00,  0.14266484E-07, -0.44648665E+01
    1988.,  0.00000000E+00,  0.00000000E+00,  0.00000000E+00,  0.00000000E+00,  0.12229386E-07, -0.44648665E+01
    1989.,  0.00000000E+00,  0.00000000E+00,  0.00000000E+00,  0.00000000E+00,  0.73421829E-08, -0.44648665E+01
    1990.,  0.00000000E+00,  0.00000000E+00,  0.00000000E+00,  0.00000000E+00,  0.76967637E-08, -0.44648665E+01
    1991.,  0.00000000E+00,  0.00000000E+00,  0.00000000E+00,  0.00000000E+00,  0.79410099E-08, -0.44648665E+01
    1992.,  0.00000000E+00,  0.00000000E+00,  0.00000000E+00,  0.00000000E+00,  0.10251870E-07, -0.44648665E+01
    1993.,  0.00000000E+00,  0.00000000E+00,  0.00000000E+00,  0.00000000E+00,  0.11450920E-07, -0.44648665E+01
    1994.,  0.00000000E+00,  0.00000000E+00,  0.00000000E+00,  0.00000000E+00,  0.10507958E-07, -0.44648665E+01
    1995.,  0.00000000E+00,  0.00000000E+00,  0.00000000E+00,  0.00000000E+00,  0.14319408E-07, -0.44648665E+01
    1996.,  0.00000000E+00,  0.00000000E+00,  0.00000000E+00,  0.00000000E+00,  0.12059068E-07, -0.44648665E+01
    1997.,  0.00000000E+00,  0.00000000E+00,  0.00000000E+00,  0.00000000E+00,  0.46735920E-08, -0.44648665E+01
    1998.,  0.00000000E+00,  0.00000000E+00,  0.00000000E+00,  0.00000000E+00,  0.18637455E-07, -0.44648665E+01
    1999.,  0.00000000E+00,  0.00000000E+00,  0.00000000E+00,  0.00000000E+00,  0.79207950E-08, -0.44648665E+01
    2000.,  0.00000000E+00,  0.00000000E+00,  0.00000000E+00,  0.99979370E-04,  0.13839985E+03, -0.44648665E+01
    2001.,  0.00000000E+00,  0.00000000E+00,  0.00000000E+00,  0.00000000E+00,  0.12014022E-07, -0.51909082E+01
    2002.,  0.00000000E+00,  0.00000000E+00,  0.00000000E+00,  0.00000000E+00,  0.99924192E-08, -0.51909082E+01
    2003.,  0.00000000E+00,  0.00000000E+00,  0.00000000E+00,  0.00000000E+00,  0.10361630E-07, -0.51909082E+01
    2004.,  0.00000000E+00,  0.00000000E+00,  0.00000000E+00,  0.00000000E+00,  0.43260900E-08, -0.51909082E+01
    2005.,  0.00000000E+00,  0.00000000E+00,  0.00000000E+00,  0.00000000E+00,  0.12471193E-07, -0.51909082E+01
    2006.,  0.00000000E+00,  0.00000000E+00,  0.00000000E+00,  0.00000000E+00,  0.26448800E-08, -0.51909082E+01
    2007.,  0.00000000E+00,  0.00000000E+00,  0.00000000E+00,  0.00000000E+00,  0.38813656E-08, -0.51909082E+01
    2008.,  0.00000000E+00,  0.00000000E+00,  0.00000000E+00,  0.00000000E+00,  0.94998560E-08, -0.51909082E+01
    2009.,  0.00000000E+00,  0.00000000E+00,  0.00000000E+00,  0.00000000E+00,  0.12394042E-07, -0.51909082E+01
    2010.,  0.00000000E+00,  0.00000000E+00,  0.00000000E+00,  0.00000000E+00,  0.10005606E-07, -0.51909082E+01
    2011.,  0.00000000E+00,  0.00000000E+00,  0.00000000E+00,  0.00000000E+00,  0.53193593E-08, -0.51909082E+01
    2012.,  0.00000000E+00,  0.00000000E+00,  0.00000000E+00,  0.00000000E+00,  0.11084069E-07, -0.51909082E+01
    2013.,  0.00000000E+00,  0.00000000E+00,  0.00000000E+00,  0.00000000E+00,  0.12756682E-07, -0.51909082E+01
    2014.,  0.00000000E+00,  0.00000000E+00,  0.00000000E+00,  0.00000000E+00,  0.24548217E-07, -0.51909082E+01
    2015.,  0.00000000E+00,  0.00000000E+00,  0.00000000E+00,  0.00000000E+00,  0.11885457E-07, -0.51909082E+01
    2016.,  0.00000000E+00,  0.00000000E+00,  0.00000000E+00,  0.00000000E+00,  0.11729111E-07, -0.51909082E+01
    2017.,  0.00000000E+00,  0.00000000E+00,  0.00000000E+00,  0.00000000E+00,  0.88064358E-08, -0.59169498E+01
    2018.,  0.00000000E+00,  0.00000000E+00,  0.00000000E+00,  0.00000000E+00,  0.97400496E-08, -0.59169498E+01
    2019.,  0.00000000E+00,  0.00000000E+00,  0.00000000E+00,  0.00000000E+00,  0.87988705E-08, -0.59169498E+01
    2020.,  0.00000000E+00,  0.00000000E+00,  0.00000000E+00,  0.00000000E+00,  0.12879810E-07, -0.59169498E+01
    2021.,  0.00000000E+00,  0.00000000E+00,  0.00000000E+00,  0.00000000E+00,  0.86544900E-08, -0.59169498E+01
    2022.,  0.00000000E+00,  0.00000000E+00,  0.00000000E+00,  0.00000000E+00,  0.71798491E-08, -0.59169498E+01
    2023.,  0.00000000E+00,  0.00000000E+00,  0.00000000E+00,  0.00000000E+00,  0.12493620E-07, -0.59169498E+01
    2024.,  0.00000000E+00,  0.00000000E+00,  0.00000000E+00,  0.00000000E+00,  0.53890567E-08, -0.59169498E+01
    2025.,  0.00000000E+00,  0.00000000E+00,  0.00000000E+00,  0.00000000E+00,  0.13733785E-07, -0.59169498E+01
    2026.,  0.00000000E+00,  0.00000000E+00,  0.00000000E+00,  0.00000000E+00,  0.11212533E-07, -0.59169498E+01
    2027.,  0.00000000E+00,  0.00000000E+00,  0.00000000E+00,  0.00000000E+00,  0.10405625E-07, -0.59169498E+01
    2028.,  0.00000000E+00,  0.00000000E+00,  0.00000000E+00,  0.00000000E+00,  0.12728522E-07, -0.59169498E+01
    2029.,  0.00000000E+00,  0.00000000E+00,  0.00000000E+00,  0.00000000E+00,  0.40257706E-08, -0.59169498E+01
    2030.,  0.00000000E+00,  0.00000000E+00,  0.00000000E+00,  0.00000000E+00,  0.17603711E-07, -0.59169498E+01
    2031.,  0.00000000E+00,  0.00000000E+00,  0.00000000E+00,  0.00000000E+00,  0.67269997E-08, -0.59169498E+01
    2032.,  0.00000000E+00,  0.00000000E+00,  0.00000000E+00,  0.00000000E+00,  0.11636503E-07, -0.59169498E+01
    2033.,  0.00000000E+00,  0.00000000E+00,  0.00000000E+00,  0.00000000E+00,  0.81239397E-08, -0.66429915E+01
    2034.,  0.00000000E+00,  0.00000000E+00,  0.00000000E+00,  0.00000000E+00,  0.13537115E-07, -0.66429915E+01
    2035.,  0.00000000E+00,  0.00000000E+00,  0.00000000E+00,  0.00000000E+00,  0.10645347E-07, -0.66429915E+01
    2036.,  0.00000000E+00,  0.00000000E+00,  0.00000000E+00,  0.00000000E+00,  0.79449984E-08, -0.66429915E+01
    2037.,  0.00000000E+00,  0.00000000E+00,  0.00000000E+00,  0.00000000E+00,  0.13862802E-07, -0.66429915E+01
    2038.,  0.00000000E+00,  0.00000000E+00,  0.00000000E+00,  0.00000000E+00,  0.10769925E-07, -0.66429915E+01
    2039.,  0.00000000E+00,  0.00000000E+00,  0.00000000E+00,  0.00000000E+00,  0.79201551E-08, -0.66429915E+01
    2040.,  0.00000000E+00,  0.00000000E+00,  0.00000000E+00,  0.00000000E+00,  0.75583692E-08, -0.66429915E+01
    2041.,  0.00000000E+00,  0.00000000E+00,  0.00000000E+00,  0.00000000E+00,  0.10963137E-07, -0.66429915E+01
    2042.,  0.00000000E+00,  0.00000000E+00,  0.00000000E+00,  0.00000000E+00,  0.15513865E-07, -0.66429915E+01
    2043.,  0.00000000E+00,  0.00000000E+00,  0.00000000E+00,  0.00000000E+00,  0.13065025E-07, -0.66429915E+01
    2044.,  0.00000000E+00,  0.00000000E+00,  0.00000000E+00,  0.00000000E+00,  0.13699758E-07, -0.66429915E+01
    2045.,  0.00000000E+00,  0.00000000E+00,  0.00000000E+00,  0.00000000E+00,  0.87077591E-08, -0.66429915E+01
    2046.,  0.00000000E+00,  0.00000000E+00,  0.00000000E+00,  0.00000000E+00,  0.16478834E-07, -0.66429915E+01
    2047.,  0.00000000E+00,  0.00000000E+00,  0.00000000E+00,  0.00000000E+00,  0.18895622E-07, -0.66429915E+01
    2048.,  0.00000000E+00,  0.00000000E+00,  0.00000000E+00,  0.00000000E+00,  0.86464457E-08, -0.66429915E+01
    2049.,  0.00000000E+00,  0.00000000E+00,  0.00000000E+00,  0.00000000E+00,  0.12615472E-07, -0.73690332E+01
    2050.,  0.00000000E+00,  0.00000000E+00,  0.00000000E+00,  0.00000000E+00,  0.43746271E-08, -0.73690332E+01
    2051.,  0.00000000E+00,  0.00000000E+00,  0.00000000E+00,  0.00000000E+00,  0.12840836E-07, -0.73690332E+01
    2052.,  0.00000000E+00,  0.00000000E+00,  0.00000000E+00,  0.00000000E+00,  0.97415840E-08, -0.73690332E+01
    2053.,  0.00000000E+00,  0.00000000E+00,  0.00000000E+00,  0.00000000E+00,  0.10394301E-07, -0.73690332E+01
    2054.,  0.00000000E+00,  0.00000000E+00,  0.00000000E+00,  0.00000000E+00,  0.33059642E-08, -0.73690332E+01
    2055.,  0.00000000E+00,  0.00000000E+00,  0.00000000E+00,  0.00000000E+00,  0.65113445E-08, -0.73690332E+01
    2056.,  0.00000000E+00,  0.00000000E+00,  0.00000000E+00,  0.00000000E+00,  0.90509495E-08, -0.73690332E+01
    2057.,  0.00000000E+00,  0.00000000E+00,  0.00000000E+00,  0.00000000E+00,  0.47864796E-08, -0.73690332E+01
    2058.,  0.00000000E+00,  0.00000000E+00,  0.00000000E+00,  0.00000000E+00,  0.10757174E-07, -0.73690332E+01
    2059.,  0.00000000E+00,  0.00000000E+00,  0.00000000E+00,  0.00000000E+00,  0.99259952E-08, -0.73690332E+01
    2060.,  0.00000000E+00,  0.00000000E+00,  0.00000000E+00,  0.00000000E+00,  0.90534621E-08, -0.73690332E+01
    2061.,  0.00000000E+00,  0.00000000E+00,  0.00000000E+00,  0.00000000E+00,  0.66167812E-08, -0.73690332E+01
    2062.,  0.00000000E+00,  0.00000000E+00,  0.00000000E+00,  0.00000000E+00,  0.18090085E-07, -0.73690332E+01
    2063.,  0.00000000E+00,  0.00000000E+00,  0.00000000E+00,  0.00000000E+00,  0.16416202E-07, -0.73690332E+01
    2064.,  0.00000000E+00,  0.00000000E+00,  0.00000000E+00,  0.00000000E+00,  0.50479444E-08, -0.73690332E+01
    2065.,  0.00000000E+00,  0.00000000E+00,  0.00000000E+00,  0.00000000E+00,  0.72664153E-08, -0.80950748E+01
    2066.,  0.00000000E+00,  0.00000000E+00,  0.00000000E+00,  0.00000000E+00,  0.35070817E-08, -0.80950748E+01
    2067.,  0.00000000E+00,  0.00000000E+00,  0.00000000E+00,  0.00000000E+00,  0.85401482E-08, -0.80950748E+01
    2068.,  0.00000000E+00,  0.00000000E+00,  0.00000000E+00,  0.00000000E+00,  0.63044972E-08, -0.80950748E+01
    2069.,  0.00000000E+00,  0.00000000E+00,  0.00000000E+00,  0.00000000E+00,  0.13438229E-07, -0.80950748E+01
    2070.,  0.00000000E+00,  0.00000000E+00,  0.00000000E+00,  0.00000000E+00,  0.10697206E-07, -0.80950748E+01
    2071.,  0.00000000E+00,  0.00000000E+00,  0.00000000E+00,  0.00000000E+00,  0.84155358E-08, -0.80950748E+01
    2072.,  0.00000000E+00,  0.00000000E+00,  0.00000000E+00,  0.00000000E+00,  0.10222254E-07, -0.80950748E+01
    2073.,  0.00000000E+00,  0.00000000E+00,  0.00000000E+00,  0.00000000E+00,  0.52391260E-08, -0.80950748E+01
    2074.,  0.00000000E+00,  0.00000000E+00,  0.00000000E+00,  0.00000000E+00,  0.18683322E-07, -0.80950748E+01
    2075.,  0.00000000E+00,  0.00000000E+00,  0.00000000E+00,  0.00000000E+00,  0.14608786E-07, -0.80950748E+01
    2076.,  0.00000000E+00,  0.00000000E+00,  0.00000000E+00,  0.00000000E+00,  0.97311942E-08, -0.80950748E+01
    2077.,  0.00000000E+00,  0.00000000E+00,  0.00000000E+00,  0.00000000E+00,  0.14017279E-07, -0.80950748E+01
    2078.,  0.00000000E+00,  0.00000000E+00,  0.00000000E+00,  0.00000000E+00,  0.26324164E-07, -0.80950748E+01
    2079.,  0.00000000E+00,  0.00000000E+00,  0.00000000E+00,  0.00000000E+00,  0.12158907E-07, -0.80950748E+01
    2080.,  0.00000000E+00,  0.00000000E+00,  0.00000000E+00,  0.00000000E+00,  0.81380394E-08, -0.80950748E+01
    2081.,  0.00000000E+00,  0.00000000E+00,  0.00000000E+00,  0.00000000E+00,  0.10714582E-07, -0.88211165E+01
    2082.,  0.00000000E+00,  0.00000000E+00,  0.00000000E+00,  0.00000000E+00,  0.93140765E-08, -0.88211165E+01
    2083.,  0.00000000E+00,  0.00000000E+00,  0.00000000E+00,  0.00000000E+00,  0.31044599E-08, -0.88211165E+01
    2084.,  0.00000000E+00,  0.00000000E+00,  0.00000000E+00,  0.00000000E+00,  0.11768660E-07, -0.88211165E+01
    2085.,  0.00000000E+00,  0.00000000E+00,  0.00000000E+00,  0.00000000E+00,  0.82471659E-08, -0.88211165E+01
    2086.,  0.00000000E+00,  0.00000000E+00,  0.00000000E+00,  0.00000000E+00,  0.12117696E-07, -0.88211165E+01
    2087.,  0.00000000E+00,  0.00000000E+00,  0.00000000E+00,  0.00000000E+00,  0.51818532E-08, -0.88211165E+01
    2088.,  0.00000000E+00,  0.00000000E+00,  0.00000000E+00,  0.00000000E+00,  0.83936061E-08, -0.88211165E+01
    2089.,  0.00000000E+00,  0.00000000E+00,  0.00000000E+00,  0.00000000E+00,  0.97430984E-08, -0.88211165E+01
    2090.,  0.00000000E+00,  0.00000000E+00,  0.00000000E+00,  0.00000000E+00,  0.12616105E-07, -0.88211165E+01
    2091.,  0.00000000E+00,  0.00000000E+00,  0.00000000E+00,  0.00000000E+00,  0.85278366E-08, -0.88211165E+01
    2092.,  0.00000000E+00,  0.00000000E+00,  0.00000000E+00,  0.00000000E+00,  0.10924271E-07, -0.88211165E+01
    2093.,  0.00000000E+00,  0.00000000E+00,  0.00000000E+00,  0.00000000E+00,  0.95738867E-08, -0.88211165E+01
    2094.,  0.00000000E+00,  0.00000000E+00,  0.00000000E+00,  0.00000000E+00,  0.17261848E-07, -0.88211165E+01
    2095.,  0.00000000E+00,  0.00000000E+00,  0.00000000E+00,  0.00000000E+00,  0.92296642E-08, -0.88211165E+01
    2096.,  0.00000000E+00,  0.00000000E+00,  0.00000000E+00,  0.00000000E+00,  0.98523191E-08, -0.88211165E+01
    2097.,  0.00000000E+00,  0.00000000E+00,  0.00000000E+00,  0.00000000E+00,  0.78503003E-08, -0.95471582E+01
    2098.,  0.00000000E+00,  0.00000000E+00,  0.00000000E+00,  0.00000000E+00,  0.10414129E-07, -0.95471582E+01
    2099.,  0.00000000E+00,  0.00000000E+00,  0.00000000E+00,  0.00000000E+00,  0.72580618E-08, -0.95471582E+01
    2100.,  0.00000000E+00,  0.00000000E+00,  0.00000000E+00,  0.00000000E+00,  0.11993680E-07, -0.95471582E+01
    2101.,  0.00000000E+00,  0.00000000E+00,  0.00000000E+00,  0.00000000E+00,  0.68835178E-08, -0.95471582E+01
    2102.,  0.00000000E+00,  0.00000000E+00,  0.00000000E+00,  0.00000000E+00,  0.67354227E-08, -0.95471582E+01
    2103.,  0.00000000E+00,  0.00000000E+00,  0.00000000E+00,  0.00000000E+00,  0.16823423E-07, -0.95471582E+01
    2104.,  0.00000000E+00,  0.00000000E+00,  0.00000000E+00,  0.00000000E+00,  0.12589746E-07, -0.95471582E+01
    2105.,  0.00000000E+00,  0.00000000E+00,  0.00000000E+00,  0.00000000E+00,  0.17135156E-07, -0.95471582E+01
    2106.,  0.00000000E+00,  0.00000000E+00,  0.00000000E+00,  0.00000000E+00,  0.22086686E-08, -0.95471582E+01
    2107.,  0.00000000E+00,  0.00000000E+00,  0.00000000E+00,  0.00000000E+00,  0.80532870E-08, -0.95471582E+01
    2108.,  0.00000000E+00,  0.00000000E+00,  0.00000000E+00,  0.00000000E+00,  0.11601158E-07, -0.95471582E+01
    2109.,  0.00000000E+00,  0.00000000E+00,  0.00000000E+00,  0.00000000E+00,  0.85692422E-08, -0.95471582E+01
    2110.,  0.00000000E+00,  0.00000000E+00,  0.00000000E+00,  0.00000000E+00,  0.11348257E-07, -0.95471582E+01
    2111.,  0.00000000E+00,  0.00000000E+00,  0.00000000E+00,  0.00000000E+00,  0.16069183E-07, -0.95471582E+01
    2112.,  0.00000000E+00,  0.00000000E+00,  0.00000000E+00,  0.00000000E+00,  0.13452099E-07, -0.95471582E+01
    2113.,  0.00000000E+00,  0.00000000E+00,  0.00000000E+00,  0.00000000E+00,  0.95372777E-08, -0.10273200E+02
    2114.,  0.00000000E+00,  0.00000000E+00,  0.00000000E+00,  0.00000000E+00,  0.38136456E-08, -0.10273200E+02
    2115.,  0.00000000E+00,  0.00000000E+00,  0.00000000E+00,  0.00000000E+00,  0.54292735E-08, -0.10273200E+02
    2116.,  0.00000000E+00,  0.00000000E+00,  0.00000000E+00,  0.00000000E+00,  0.84566997E-08, -0.10273200E+02
    2117.,  0.00000000E+00,  0.00000000E+00,  0.00000000E+00,  0.00000000E+00,  0.13517065E-07, -0.10273200E+02
    2118.,  0.00000000E+00,  0.00000000E+00,  0.00000000E+00,  0.00000000E+00,  0.24786410E-07, -0.10273200E+02
    2119.,  0.00000000E+00,  0.00000000E+00,  0.00000000E+00,  0.00000000E+00,  0.67876442E-08, -0.10273200E+02
    2120.,  0.00000000E+00,  0.00000000E+00,  0.00000000E+00,  0.00000000E+00,  0.88234076E-08, -0.10273200E+02
    2121.,  0.00000000E+00,  0.00000000E+00,  0.00000000E+00,  0.00000000E+00,  0.17191332E-07, -0.10273200E+02
    2122.,  0.00000000E+00,  0.00000000E+00,  0.00000000E+00,  0.00000000E+00,  0.12893487E-07, -0.10273200E+02
    2123.,  0.00000000E+00,  0.00000000E+00,  0.00000000E+00,  0.00000000E+00,  0.17398608E-07, -0.10273200E+02
    2124.,  0.00000000E+00,  0.00000000E+00,  0.00000000E+00,  0.00000000E+00,  0.11856788E-07, -0.10273200E+02
    2125.,  0.00000000E+00,  0.00000000E+00,  0.00000000E+00,  0.00000000E+00,  0.10380253E-07, -0.10273200E+02
    2126.,  0.00000000E+00,  0.00000000E+00,  0.00000000E+00,  0.00000000E+00,  0.15797993E-07, -0.10273200E+02
    2127.,  0.00000000E+00,  0.00000000E+00,  0.00000000E+00,  0.00000000E+00,  0.15366867E-07, -0.10273200E+02
    2128.,  0.00000000E+00,  0.00000000E+00,  0.00000000E+00,  0.00000000E+00,  0.12911555E-07, -0.10273200E+02
    2129.,  0.00000000E+00,  0.00000000E+00,  0.00000000E+00,  0.00000000E+00,  0.16638789E-07, -0.10999242E+02
    2130.,  0.00000000E+00,  0.00000000E+00,  0.00000000E+00,  0.00000000E+00,  0.12615619E-07, -0.10999242E+02
    2131.,  0.00000000E+00,  0.00000000E+00,  0.00000000E+00,  0.00000000E+00,  0.69094407E-08, -0.10999242E+02
    2132.,  0.00000000E+00,  0.00000000E+00,  0.00000000E+00,  0.00000000E+00,  0.16288229E-07, -0.10999242E+02
    2133.,  0.00000000E+00,  0.00000000E+00,  0.00000000E+00,  0.00000000E+00,  0.40616844E-08, -0.10999242E+02
    2134.,  0.00000000E+00,  0.00000000E+00,  0.00000000E+00,  0.00000000E+00,  0.14389586E-07, -0.10999242E+02
    2135.,  0.00000000E+00,  0.00000000E+00,  0.00000000E+00,  0.00000000E+00,  0.15712220E-07, -0.10999242E+02
    2136.,  0.00000000E+00,  0.00000000E+00,  0.00000000E+00,  0.00000000E+00,  0.73538969E-08, -0.10999242E+02
    2137.,  0.00000000E+00,  0.00000000E+00,  0.00000000E+00,  0.00000000E+00,  0.11250899E-07, -0.10999242E+02
    2138.,  0.00000000E+00,  0.00000000E+00,  0.00000000E+00,  0.00000000E+00,  0.10954894E-07, -0.10999242E+02
    2139.,  0.00000000E+00,  0.00000000E+00,  0.00000000E+00,  0.00000000E+00,  0.10823850E-07, -0.10999242E+02
    2140.,  0.00000000E+00,  0.00000000E+00,  0.00000000E+00,  0.00000000E+00,  0.11735187E-07, -0.10999242E+02
    2141.,  0.00000000E+00,  0.00000000E+00,  0.00000000E+00,  0.00000000E+00,  0.74715684E-08, -0.10999242E+02
    2142.,  0.00000000E+00,  0.00000000E+00,  0.00000000E+00,  0.00000000E+00,  0.79868355E-08, -0.10999242E+02
    2143.,  0.00000000E+00,  0.00000000E+00,  0.00000000E+00,  0.00000000E+00,  0.15491108E-07, -0.10999242E+02
    2144.,  0.00000000E+00,  0.00000000E+00,  0.00000000E+00,  0.00000000E+00,  0.12638830E-07, -0.10999242E+02
    2145.,  0.00000000E+00,  0.00000000E+00,  0.00000000E+00,  0.00000000E+00,  0.20656611E-08, -0.11725283E+02
    2146.,  0.00000000E+00,  0.00000000E+00,  0.00000000E+00,  0.00000000E+00,  0.12007985E-07, -0.11725283E+02
    2147.,  0.00000000E+00,  0.00000000E+00,  0.00000000E+00,  0.00000000E+00,  0.72689366E-08, -0.11725283E+02
    2148.,  0.00000000E+00,  0.00000000E+00,  0.00000000E+00,  0.00000000E+00,  0.10785731E-07, -0.11725283E+02
    2149.,  0.00000000E+00,  0.00000000E+00,  0.00000000E+00,  0.00000000E+00,  0.58319911E-08, -0.11725283E+02
    2150.,  0.00000000E+00,  0.00000000E+00,  0.00000000E+00,  0.00000000E+00,  0.80695711E-08, -0.11725283E+02
    2151.,  0.00000000E+00,  0.00000000E+00,  0.00000000E+00,  0.00000000E+00,  0.62411552E-08, -0.11725283E+02
    2152.,  0.00000000E+00,  0.00000000E+00,  0.00000000E+00,  0.00000000E+00,  0.45354073E-08, -0.11725283E+02
    2153.,  0.00000000E+00,  0.00000000E+00,  0.00000000E+00,  0.00000000E+00,  0.11333146E-07, -0.11725283E+02
    2154.,  0.00000000E+00,  0.00000000E+00,  0.00000000E+00,  0.00000000E+00,  0.12013687E-07, -0.11725283E+02
    2155.,  0.00000000E+00,  0.00000000E+00,  0.00000000E+00,  0.00000000E+00,  0.14016780E-07, -0.11725283E+02
    2156.,  0.00000000E+00,  0.00000000E+00,  0.00000000E+00,  0.00000000E+00,  0.14600104E-07, -0.11725283E+02
    2157.,  0.00000000E+00,  0.00000000E+00,  0.00000000E+00,  0.00000000E+00,  0.70818149E-08, -0.11725283E+02
    2158.,  0.00000000E+00,  0.00000000E+00,  0.00000000E+00,  0.00000000E+00,  0.14001676E-07, -0.11725283E+02
    2159.,  0.00000000E+00,  0.00000000E+00,  0.00000000E+00,  0.00000000E+00,  0.13609016E-07, -0.11725283E+02
    2160.,  0.00000000E+00,  0.00000000E+00,  0.00000000E+00,  0.00000000E+00,  0.13861535E-07, -0.11725283E+02
    2161.,  0.00000000E+00,  0.00000000E+00,  0.00000000E+00,  0.00000000E+00,  0.10717509E-07, -0.12451325E+02
    2162.,  0.00000000E+00,  0.00000000E+00,  0.00000000E+00,  0.00000000E+00,  0.12492852E-07, -0.12451325E+02
    2163.,  0.00000000E+00,  0.00000000E+00,  0.00000000E+00,  0.00000000E+00,  0.10578315E-07, -0.12451325E+02
    2164.,  0.00000000E+00,  0.00000000E+00,  0.00000000E+00,  0.00000000E+00,  0.15133363E-07, -0.12451325E+02
    2165.,  0.00000000E+00,  0.00000000E+00,  0.00000000E+00,  0.00000000E+00,  0.92722606E-08, -0.12451325E+02
    2166.,  0.00000000E+00,  0.00000000E+00,  0.00000000E+00,  0.00000000E+00,  0.51886729E-08, -0.12451325E+02
    2167.,  0.00000000E+00,  0.00000000E+00,  0.00000000E+00,  0.00000000E+00,  0.11037644E-07, -0.12451325E+02
    2168.,  0.00000000E+00,  0.00000000E+00,  0.00000000E+00,  0.00000000E+00,  0.82432101E-08, -0.12451325E+02
    2169.,  0.00000000E+00,  0.00000000E+00,  0.00000000E+00,  0.00000000E+00,  0.17500837E-07, -0.12451325E+02
    2170.,  0.00000000E+00,  0.00000000E+00,  0.00000000E+00,  0.00000000E+00,  0.10806776E-07, -0.12451325E+02
    2171.,  0.00000000E+00,  0.00000000E+00,  0.00000000E+00,  0.00000000E+00,  0.14047040E-07, -0.12451325E+02
    2172.,  0.00000000E+00,  0.00000000E+00,  0.00000000E+00,  0.00000000E+00,  0.85239089E-08, -0.12451325E+02
    2173.,  0.00000000E+00,  0.00000000E+00,  0.00000000E+00,  0.00000000E+00,  0.80343103E-08, -0.12451325E+02
    2174.,  0.00000000E+00,  0.00000000E+00,  0.00000000E+00,  0.00000000E+00,  0.12057014E-07, -0.12451325E+02
    2175.,  0.00000000E+00,  0.00000000E+00,  0.00000000E+00,  0.00000000E+00,  0.16407832E-07, -0.12451325E+02
    2176.,  0.00000000E+00,  0.00000000E+00,  0.00000000E+00,  0.00000000E+00,  0.99119926E-08, -0.12451325E+02
    2177.,  0.00000000E+00,  0.00000000E+00,  0.00000000E+00,  0.00000000E+00,  0.13973542E-07, -0.13177366E+02
    2178.,  0.00000000E+00,  0.00000000E+00,  0.00000000E+00,  0.00000000E+00,  0.13604918E-07, -0.13177366E+02
    2179.,  0.00000000E+00,  0.00000000E+00,  0.00000000E+00,  0.00000000E+00,  0.10013992E-07, -0.13177366E+02
    2180.,  0.00000000E+00,  0.00000000E+00,  0.00000000E+00,  0.00000000E+00,  0.87183582E-08, -0.13177366E+02
    2181.,  0.00000000E+00,  0.00000000E+00,  0.00000000E+00,  0.00000000E+00,  0.13221262E-07, -0.13177366E+02
    2182.,  0.00000000E+00,  0.00000000E+00,  0.00000000E+00,  0.00000000E+00,  0.14616019E-07, -0.13177366E+02
    2183.,  0.00000000E+00,  0.00000000E+00,  0.00000000E+00,  0.00000000E+00,  0.11061847E-07, -0.13177366E+02
    2184.,  0.00000000E+00,  0.00000000E+00,  0.00000000E+00,  0.00000000E+00,  0.11491026E-07, -0.13177366E+02
    2185.,  0.00000000E+00,  0.00000000E+00,  0.00000000E+00,  0.00000000E+00,  0.14124260E-07, -0.13177366E+02
    2186.,  0.00000000E+00,  0.00000000E+00,  0.00000000E+00,  0.00000000E+00,  0.10200924E-07, -0.13177366E+02
    2187.,  0.00000000E+00,  0.00000000E+00,  0.00000000E+00,  0.00000000E+00,  0.13716121E-07, -0.13177366E+02
    2188.,  0.00000000E+00,  0.00000000E+00,  0.00000000E+00,  0.00000000E+00,  0.92192231E-08, -0.13177366E+02
    2189.,  0.00000000E+00,  0.00000000E+00,  0.00000000E+00,  0.00000000E+00,  0.10766024E-07, -0.13177366E+02
    2190.,  0.00000000E+00,  0.00000000E+00,  0.00000000E+00,  0.00000000E+00,  0.23204220E-07, -0.13177366E+02
    2191.,  0.00000000E+00,  0.00000000E+00,  0.00000000E+00,  0.00000000E+00,  0.55202032E-08, -0.13177366E+02
    2192.,  0.00000000E+00,  0.00000000E+00,  0.00000000E+00,  0.00000000E+00,  0.56118957E-08, -0.13177366E+02
    2193.,  0.00000000E+00,  0.00000000E+00,  0.00000000E+00,  0.00000000E+00,  0.17529201E-07, -0.13903408E+02
    2194.,  0.00000000E+00,  0.00000000E+00,  0.00000000E+00,  0.00000000E+00,  0.12039251E-07, -0.13903408E+02
    2195.,  0.00000000E+00,  0.00000000E+00,  0.00000000E+00,  0.00000000E+00,  0.11511198E-07, -0.13903408E+02
    2196.,  0.00000000E+00,  0.00000000E+00,  0.00000000E+00,  0.00000000E+00,  0.17014514E-07, -0.13903408E+02
    2197.,  0.00000000E+00,  0.00000000E+00,  0.00000000E+00,  0.00000000E+00,  0.93829539E-08, -0.13903408E+02
    2198.,  0.00000000E+00,  0.00000000E+00,  0.00000000E+00,  0.00000000E+00,  0.89066191E-08, -0.13903408E+02
    2199.,  0.00000000E+00,  0.00000000E+00,  0.00000000E+00,  0.00000000E+00,  0.72336178E-08, -0.13903408E+02
    2200.,  0.00000000E+00,  0.00000000E+00,  0.00000000E+00,  0.00000000E+00,  0.14167116E-07, -0.13903408E+02
    2201.,  0.00000000E+00,  0.00000000E+00,  0.00000000E+00,  0.00000000E+00,  0.13824515E-07, -0.13903408E+02
    2202.,  0.00000000E+00,  0.00000000E+00,  0.00000000E+00,  0.00000000E+00,  0.11175794E-07, -0.13903408E+02
    2203.,  0.00000000E+00,  0.00000000E+00,  0.00000000E+00,  0.00000000E+00,  0.17266555E-07, -0.13903408E+02
    2204.,  0.00000000E+00,  0.00000000E+00,  0.00000000E+00,  0.00000000E+00,  0.98049155E-08, -0.13903408E+02
    2205.,  0.00000000E+00,  0.00000000E+00,  0.00000000E+00,  0.00000000E+00,  0.15570179E-07, -0.13903408E+02
    2206.,  0.00000000E+00,  0.00000000E+00,  0.00000000E+00,  0.00000000E+00,  0.21047523E-07, -0.13903408E+02
    2207.,  0.00000000E+00,  0.00000000E+00,  0.00000000E+00,  0.00000000E+00,  0.68472436E-08, -0.13903408E+02
    2208.,  0.00000000E+00,  0.00000000E+00,  0.00000000E+00,  0.00000000E+00,  0.14074186E-07, -0.13903408E+02
    2209.,  0.00000000E+00,  0.00000000E+00,  0.00000000E+00,  0.00000000E+00,  0.10577579E-07, -0.14629450E+02
    2210.,  0.00000000E+00,  0.00000000E+00,  0.00000000E+00,  0.00000000E+00,  0.11849378E-07, -0.14629450E+02
    2211.,  0.00000000E+00,  0.00000000E+00,  0.00000000E+00,  0.00000000E+00,  0.12940233E-07, -0.14629450E+02
    2212.,  0.00000000E+00,  0.00000000E+00,  0.00000000E+00,  0.00000000E+00,  0.11748789E-07, -0.14629450E+02
    2213.,  0.00000000E+00,  0.00000000E+00,  0.00000000E+00,  0.00000000E+00,  0.96377418E-08, -0.14629450E+02
    2214.,  0.00000000E+00,  0.00000000E+00,  0.00000000E+00,  0.00000000E+00,  0.17868805E-07, -0.14629450E+02
    2215.,  0.00000000E+00,  0.00000000E+00,  0.00000000E+00,  0.00000000E+00,  0.70139977E-08, -0.14629450E+02
    2216.,  0.00000000E+00,  0.00000000E+00,  0.00000000E+00,  0.00000000E+00,  0.30083388E-07, -0.14629450E+02
    2217.,  0.00000000E+00,  0.00000000E+00,  0.00000000E+00,  0.00000000E+00,  0.54043963E-08, -0.14629450E+02
    2218.,  0.00000000E+00,  0.00000000E+00,  0.00000000E+00,  0.00000000E+00,  0.85667433E-08, -0.14629450E+02
    2219.,  0.00000000E+00,  0.00000000E+00,  0.00000000E+00,  0.00000000E+00,  0.88862562E-08, -0.14629450E+02
    2220.,  0.00000000E+00,  0.00000000E+00,  0.00000000E+00,  0.00000000E+00,  0.19865907E-07, -0.14629450E+02
    2221.,  0.00000000E+00,  0.00000000E+00,  0.00000000E+00,  0.00000000E+00,  0.79959132E-08, -0.14629450E+02
    2222.,  0.00000000E+00,  0.00000000E+00,  0.00000000E+00,  0.00000000E+00,  0.13573284E-07, -0.14629450E+02
    2223.,  0.00000000E+00,  0.00000000E+00,  0.00000000E+00,  0.00000000E+00,  0.19945330E-07, -0.14629450E+02
    2224.,  0.00000000E+00,  0.00000000E+00,  0.00000000E+00,  0.00000000E+00,  0.19333156E-07, -0.14629450E+02
    2225.,  0.00000000E+00,  0.00000000E+00,  0.00000000E+00,  0.00000000E+00,  0.14784997E-07, -0.15355491E+02
    2226.,  0.00000000E+00,  0.00000000E+00,  0.00000000E+00,  0.00000000E+00,  0.58007660E-08, -0.15355491E+02
    2227.,  0.00000000E+00,  0.00000000E+00,  0.00000000E+00,  0.00000000E+00,  0.11628716E-07, -0.15355491E+02
    2228.,  0.00000000E+00,  0.00000000E+00,  0.00000000E+00,  0.00000000E+00,  0.25043175E-07, -0.15355491E+02
    2229.,  0.00000000E+00,  0.00000000E+00,  0.00000000E+00,  0.00000000E+00,  0.77883264E-08, -0.15355491E+02
    2230.,  0.00000000E+00,  0.00000000E+00,  0.00000000E+00,  0.00000000E+00,  0.73900605E-08, -0.15355491E+02
    2231.,  0.00000000E+00,  0.00000000E+00,  0.00000000E+00,  0.00000000E+00,  0.16607124E-07, -0.15355491E+02
    2232.,  0.00000000E+00,  0.00000000E+00,  0.00000000E+00,  0.00000000E+00,  0.15546997E-07, -0.15355491E+02
    2233.,  0.00000000E+00,  0.00000000E+00,  0.00000000E+00,  0.00000000E+00,  0.18618941E-07, -0.15355491E+02
    2234.,  0.00000000E+00,  0.00000000E+00,  0.00000000E+00,  0.00000000E+00,  0.10992368E-07, -0.15355491E+02
    2235.,  0.00000000E+00,  0.00000000E+00,  0.00000000E+00,  0.00000000E+00,  0.99973498E-08, -0.15355491E+02
    2236.,  0.00000000E+00,  0.00000000E+00,  0.00000000E+00,  0.00000000E+00,  0.18958609E-07, -0.15355491E+02
    2237.,  0.00000000E+00,  0.00000000E+00,  0.00000000E+00,  0.00000000E+00,  0.83157154E-08, -0.15355491E+02
    2238.,  0.00000000E+00,  0.00000000E+00,  0.00000000E+00,  0.00000000E+00,  0.25345739E-07, -0.15355491E+02
    2239.,  0.00000000E+00,  0.00000000E+00,  0.00000000E+00,  0.00000000E+00,  0.66760503E-08, -0.15355491E+02
    2240.,  0.00000000E+00,  0.00000000E+00,  0.00000000E+00,  0.00000000E+00,  0.13540468E-07, -0.15355491E+02
    2241.,  0.00000000E+00,  0.00000000E+00,  0.00000000E+00,  0.00000000E+00,  0.12207491E-07, -0.16081533E+02
    2242.,  0.00000000E+00,  0.00000000E+00,  0.00000000E+00,  0.00000000E+00,  0.11140121E-07, -0.16081533E+02
    2243.,  0.00000000E+00,  0.00000000E+00,  0.00000000E+00,  0.00000000E+00,  0.18071745E-07, -0.16081533E+02
    2244.,  0.00000000E+00,  0.00000000E+00,  0.00000000E+00,  0.00000000E+00,  0.25697579E-07, -0.16081533E+02
    2245.,  0.00000000E+00,  0.00000000E+00,  0.00000000E+00,  0.00000000E+00,  0.74275596E-08, -0.16081533E+02
    2246.,  0.00000000E+00,  0.00000000E+00,  0.00000000E+00,  0.00000000E+00,  0.32076872E-08, -0.16081533E+02
    2247.,  0.00000000E+00,  0.00000000E+00,  0.00000000E+00,  0.00000000E+00,  0.74772216E-08, -0.16081533E+02
    2248.,  0.00000000E+00,  0.00000000E+00,  0.00000000E+00,  0.00000000E+00,  0.83261191E-08, -0.16081533E+02
    2249.,  0.00000000E+00,  0.00000000E+00,  0.00000000E+00,  0.00000000E+00,  0.64788399E-08, -0.16081533E+02
    2250.,  0.00000000E+00,  0.00000000E+00,  0.00000000E+00,  0.00000000E+00,  0.16398670E-07, -0.16081533E+02
    2251.,  0.00000000E+00,  0.00000000E+00,  0.00000000E+00,  0.00000000E+00,  0.98587631E-08, -0.16081533E+02
    2252.,  0.00000000E+00,  0.00000000E+00,  0.00000000E+00,  0.00000000E+00,  0.16990892E-07, -0.16081533E+02
    2253.,  0.00000000E+00,  0.00000000E+00,  0.00000000E+00,  0.00000000E+00,  0.18068752E-07, -0.16081533E+02
    2254.,  0.00000000E+00,  0.00000000E+00,  0.00000000E+00,  0.00000000E+00,  0.16197327E-07, -0.16081533E+02
    2255.,  0.00000000E+00,  0.00000000E+00,  0.00000000E+00,  0.00000000E+00,  0.22960771E-07, -0.16081533E+02
    2256.,  0.00000000E+00,  0.00000000E+00,  0.00000000E+00,  0.00000000E+00,  0.18980344E-07, -0.16081533E+02
    2257.,  0.00000000E+00,  0.00000000E+00,  0.00000000E+00,  0.00000000E+00,  0.50954711E-08, -0.16807575E+02
    2258.,  0.00000000E+00,  0.00000000E+00,  0.00000000E+00,  0.00000000E+00,  0.10145916E-07, -0.16807575E+02
    2259.,  0.00000000E+00,  0.00000000E+00,  0.00000000E+00,  0.00000000E+00,  0.58181509E-08, -0.16807575E+02
    2260.,  0.00000000E+00,  0.00000000E+00,  0.00000000E+00,  0.00000000E+00,  0.16859517E-07, -0.16807575E+02
    2261.,  0.00000000E+00,  0.00000000E+00,  0.00000000E+00,  0.00000000E+00,  0.10725895E-07, -0.16807575E+02
    2262.,  0.00000000E+00,  0.00000000E+00,  0.00000000E+00,  0.00000000E+00,  0.16999399E-07, -0.16807575E+02
    2263.,  0.00000000E+00,  0.00000000E+00,  0.00000000E+00,  0.00000000E+00,  0.23269058E-07, -0.16807575E+02
    2264.,  0.00000000E+00,  0.00000000E+00,  0.00000000E+00,  0.00000000E+00,  0.21836411E-07, -0.16807575E+02
    2265.,  0.00000000E+00,  0.00000000E+00,  0.00000000E+00,  0.00000000E+00,  0.65115436E-08, -0.16807575E+02
    2266.,  0.00000000E+00,  0.00000000E+00,  0.00000000E+00,  0.00000000E+00,  0.23712316E-07, -0.16807575E+02
    2267.,  0.00000000E+00,  0.00000000E+00,  0.00000000E+00,  0.00000000E+00,  0.76457119E-08, -0.16807575E+02
    2268.,  0.00000000E+00,  0.00000000E+00,  0.00000000E+00,  0.00000000E+00,  0.18618801E-07, -0.16807575E+02
    2269.,  0.00000000E+00,  0.00000000E+00,  0.00000000E+00,  0.00000000E+00,  0.12824896E-07, -0.16807575E+02
    2270.,  0.00000000E+00,  0.00000000E+00,  0.00000000E+00,  0.00000000E+00,  0.32447492E-07, -0.16807575E+02
    2271.,  0.00000000E+00,  0.00000000E+00,  0.00000000E+00,  0.00000000E+00,  0.31111633E-07, -0.16807575E+02
    2272.,  0.00000000E+00,  0.00000000E+00,  0.00000000E+00,  0.00000000E+00,  0.10084377E-07, -0.16807575E+02
    2273.,  0.00000000E+00,  0.00000000E+00,  0.00000000E+00,  0.00000000E+00,  0.16172161E-07, -0.17533617E+02
    2274.,  0.00000000E+00,  0.00000000E+00,  0.00000000E+00,  0.00000000E+00,  0.19236216E-07, -0.17533617E+02
    2275.,  0.00000000E+00,  0.00000000E+00,  0.00000000E+00,  0.00000000E+00,  0.14373500E-07, -0.17533617E+02
    2276.,  0.00000000E+00,  0.00000000E+00,  0.00000000E+00,  0.00000000E+00,  0.10626040E-07, -0.17533617E+02
    2277.,  0.00000000E+00,  0.00000000E+00,  0.00000000E+00,  0.00000000E+00,  0.46092221E-08, -0.17533617E+02
    2278.,  0.00000000E+00,  0.00000000E+00,  0.00000000E+00,  0.00000000E+00,  0.31904108E-08, -0.17533617E+02
    2279.,  0.00000000E+00,  0.00000000E+00,  0.00000000E+00,  0.00000000E+00,  0.11557541E-07, -0.17533617E+02
    2280.,  0.00000000E+00,  0.00000000E+00,  0.00000000E+00,  0.00000000E+00,  0.82211121E-08, -0.17533617E+02
    2281.,  0.00000000E+00,  0.00000000E+00,  0.00000000E+00,  0.00000000E+00,  0.12259045E-07, -0.17533617E+02
    2282.,  0.00000000E+00,  0.00000000E+00,  0.00000000E+00,  0.00000000E+00,  0.74387409E-08, -0.17533617E+02
    2283.,  0.00000000E+00,  0.00000000E+00,  0.00000000E+00,  0.00000000E+00,  0.11473332E-07, -0.17533617E+02
    2284.,  0.00000000E+00,  0.00000000E+00,  0.00000000E+00,  0.00000000E+00,  0.15976984E-07, -0.17533617E+02
    2285.,  0.00000000E+00,  0.00000000E+00,  0.00000000E+00,  0.00000000E+00,  0.18922252E-07, -0.17533617E+02
    2286.,  0.00000000E+00,  0.00000000E+00,  0.00000000E+00,  0.00000000E+00,  0.12980775E-07, -0.17533617E+02
    2287.,  0.00000000E+00,  0.00000000E+00,  0.00000000E+00,  0.00000000E+00,  0.18913710E-07, -0.17533617E+02
    2288.,  0.00000000E+00,  0.00000000E+00,  0.00000000E+00,  0.00000000E+00,  0.95197939E-08, -0.17533617E+02
    2289.,  0.00000000E+00,  0.00000000E+00,  0.00000000E+00,  0.00000000E+00,  0.13101419E-07, -0.18259658E+02
    2290.,  0.00000000E+00,  0.00000000E+00,  0.00000000E+00,  0.00000000E+00,  0.11241743E-07, -0.18259658E+02
    2291.,  0.00000000E+00,  0.00000000E+00,  0.00000000E+00,  0.00000000E+00,  0.10278065E-07, -0.18259658E+02
    2292.,  0.00000000E+00,  0.00000000E+00,  0.00000000E+00,  0.00000000E+00,  0.16764313E-07, -0.18259658E+02
    2293.,  0.00000000E+00,  0.00000000E+00,  0.00000000E+00,  0.00000000E+00,  0.16170205E-07, -0.18259658E+02
    2294.,  0.00000000E+00,  0.00000000E+00,  0.00000000E+00,  0.00000000E+00,  0.13823573E-07, -0.18259658E+02
    2295.,  0.00000000E+00,  0.00000000E+00,  0.00000000E+00,  0.00000000E+00,  0.69788224E-08, -0.18259658E+02
    2296.,  0.00000000E+00,  0.00000000E+00,  0.00000000E+00,  0.00000000E+00,  0.14455137E-07, -0.18259658E+02
    2297.,  0.00000000E+00,  0.00000000E+00,  0.00000000E+00,  0.00000000E+00,  0.40784734E-08, -0.18259658E+02
    2298.,  0.00000000E+00,  0.00000000E+00,  0.00000000E+00,  0.00000000E+00,  0.94206982E-08, -0.18259658E+02
    2299.,  0.00000000E+00,  0.00000000E+00,  0.00000000E+00,  0.00000000E+00,  0.34553117E-07, -0.18259658E+02
    2300.,  0.00000000E+00,  0.00000000E+00,  0.00000000E+00,  0.00000000E+00,  0.16277173E-07, -0.18259658E+02
    2301.,  0.00000000E+00,  0.00000000E+00,  0.00000000E+00,  0.00000000E+00,  0.14341139E-07, -0.18259658E+02
    2302.,  0.00000000E+00,  0.00000000E+00,  0.00000000E+00,  0.00000000E+00,  0.24908234E-08, -0.18259658E+02
    2303.,  0.00000000E+00,  0.00000000E+00,  0.00000000E+00,  0.00000000E+00,  0.18812906E-07, -0.18259658E+02
    2304.,  0.00000000E+00,  0.00000000E+00,  0.00000000E+00,  0.00000000E+00,  0.23977141E-07, -0.18259658E+02
