node,x_mm,y_mm,z_mm,ux_mm,uy_mm,uz_mm
       1.,  0.88907483E+01,  0.19809384E+02, -0.11976790E+01,  0.63579804E-03,  0.36616138E-02,  0.15971007E-03
       2.,  0.90216325E+01,  0.19933067E+02, -0.11976790E+01,  0.60480263E-03,  0.36222472E-02,  0.16575896E-03
       3.,  0.91795178E+01,  0.20062336E+02, -0.11976790E+01,  0.58033668E-03,  0.35515648E-02,  0.16205143E-03
       4.,  0.93688664E+01,  0.20193475E+02, -0.11976790E+01,  0.57090227E-03,  0.34420854E-02,  0.15809935E-03
       5.,  0.95933411E+01,  0.20320634E+02, -0.11976790E+01,  0.58534833E-03,  0.32925648E-02,  0.15423919E-03
       6.,  0.98545190E+01,  0.20435670E+02, -0.11976790E+01,  0.63258742E-03,  0.31124823E-02,  0.15147980E-03
       7.,  0.10150303E+02,  0.20528699E+02, -0.11976790E+01,  0.71322929E-03,  0.29283266E-02,  0.14966048E-03
       8.,  0.10473624E+02,  0.20589699E+02, -0.11976790E+01,  0.81524500E-03,  0.27779966E-02,  0.14755660E-03
       9.,  0.10812349E+02,  0.20610999E+02, -0.11976790E+01,  0.91439106E-03,  0.26942682E-02,  0.14550064E-03
      10.,  0.11151074E+02,  0.20589699E+02, -0.11976790E+01,  0.98309797E-03,  0.26852592E-02,  0.14418344E-03
      11.,  0.11474394E+02,  0.20528699E+02, -0.11976790E+01,  0.10025991E-02,  0.27294632E-02,  0.14341312E-03
      12.,  0.11770179E+02,  0.20435670E+02, -0.11976790E+01,  0.97015911E-03,  0.27910293E-02,  0.14197699E-03
      13.,  0.12031357E+02,  0.20320634E+02, -0.11976790E+01,  0.89635797E-03,  0.28397987E-02,  0.14051037E-03
      14.,  0.12255831E+02,  0.20193475E+02, -0.11976790E+01,  0.79792988E-03,  0.28612754E-02,  0.13858073E-03
      15.,  0.12445180E+02,  0.20062336E+02, -0.11976790E+01,  0.68992724E-03,  0.28542771E-02,  0.13897020E-03
      16.,  0.12603065E+02,  0.19933067E+02, -0.11976790E+01,  0.58354957E-03,  0.28248649E-02,  0.13725897E-03
      17.,  0.12733950E+02,  0.19809384E+02, -0.11976790E+01,  0.48487338E-03,  0.27806793E-02,  0.14173006E-03
      18.,  0.12856786E+02,  0.19676715E+02, -0.11976790E+01,  0.38471339E-03,  0.27204786E-02,  0.14058399E-03
      19.,  0.12984638E+02,  0.19517209E+02, -0.11976790E+01,  0.27346778E-03,  0.26355043E-02,  0.14395192E-03
      20.,  0.13113701E+02,  0.19326645E+02, -0.11976790E+01,  0.15540073E-03,  0.25234954E-02,  0.14538490E-03
      21.,  0.13238114E+02,  0.19101688E+02, -0.11976790E+01,  0.36866700E-04,  0.23848750E-02,  0.14629044E-03
      22.,  0.13349872E+02,  0.18841125E+02, -0.11976790E+01, -0.73633071E-04,  0.22247329E-02,  0.14649384E-03
      23.,  0.13439432E+02,  0.18547351E+02, -0.11976790E+01, -0.16768692E-03,  0.20529532E-02,  0.14656544E-03
      24.,  0.13497286E+02,  0.18227513E+02, -0.11976790E+01, -0.23974956E-03,  0.18820953E-02,  0.14684106E-03
      25.,  0.13516315E+02,  0.17893479E+02, -0.11976790E+01, -0.28884700E-03,  0.17241979E-02,  0.14736657E-03
      26.,  0.13493999E+02,  0.17560060E+02, -0.11976790E+01, -0.31830964E-03,  0.15875178E-02,  0.14786164E-03
      27.,  0.13433285E+02,  0.17241936E+02, -0.11976790E+01, -0.33346663E-03,  0.14752995E-02,  0.14813159E-03
      28.,  0.13341575E+02,  0.16950635E+02, -0.11976790E+01, -0.33934490E-03,  0.13866810E-02,  0.14822742E-03
      29.,  0.13228459E+02,  0.16692904E+02, -0.11976790E+01, -0.33960682E-03,  0.13185481E-02,  0.14825011E-03
      30.,  0.13103404E+02,  0.16470794E+02, -0.11976790E+01, -0.33657137E-03,  0.12671111E-02,  0.14825091E-03
      31.,  0.12974251E+02,  0.16282870E+02, -0.11976790E+01, -0.33162605E-03,  0.12287920E-02,  0.14824697E-03
      32.,  0.12846686E+02,  0.16125683E+02, -0.11976790E+01, -0.32560448E-03,  0.12005642E-02,  0.14824282E-03
      33.,  0.12724366E+02,  0.15994982E+02, -0.11976790E+01, -0.31904928E-03,  0.11800285E-02,  0.14823915E-03
      34.,  0.12592945E+02,  0.15872032E+02, -0.11976790E+01, -0.31126477E-03,  0.11634916E-02,  0.14823601E-03
      35.,  0.12434749E+02,  0.15743799E+02, -0.11976790E+01, -0.30095071E-03,  0.11497114E-02,  0.14823272E-03
      36.,  0.12245466E+02,  0.15614012E+02, -0.11976790E+01, -0.28732440E-03,  0.11405315E-02,  0.14822987E-03
      37.,  0.12021615E+02,  0.15488468E+02, -0.11976790E+01, -0.26939149E-03,  0.11383840E-02,  0.14822760E-03
      38.,  0.11761787E+02,  0.15375165E+02, -0.11976790E+01, -0.24601843E-03,  0.11462506E-02,  0.14822588E-03
      39.,  0.11468165E+02,  0.15283734E+02, -0.11976790E+01, -0.21609021E-03,  0.11673224E-02,  0.14822462E-03
      40.,  0.11147739E+02,  0.15223880E+02, -0.11976790E+01, -0.17879583E-03,  0.12042767E-02,  0.14822347E-03
      41.,  0.10812349E+02,  0.15202999E+02, -0.11976790E+01, -0.13397839E-03,  0.12582788E-02,  0.14822179E-03
      42.,  0.10476959E+02,  0.15223880E+02, -0.11976790E+01, -0.82395471E-04,  0.13281741E-02,  0.14821898E-03
      43.,  0.10156533E+02,  0.15283734E+02, -0.11976790E+01, -0.25713044E-04,  0.14104575E-02,  0.14821495E-03
      44.,  0.98629112E+01,  0.15375165E+02, -0.11976790E+01,  0.33818004E-04,  0.15001799E-02,  0.14821030E-03
      45.,  0.96030834E+01,  0.15488468E+02, -0.11976790E+01,  0.93853702E-04,  0.15922799E-02,  0.14820584E-03
      46.,  0.93792318E+01,  0.15614012E+02, -0.11976790E+01,  0.15238198E-03,  0.16826254E-02,  0.14820224E-03
      47.,  0.91899489E+01,  0.15743799E+02, -0.11976790E+01,  0.20793896E-03,  0.17684308E-02,  0.14819966E-03
      48.,  0.90317525E+01,  0.15872032E+02, -0.11976790E+01,  0.25963120E-03,  0.18481705E-02,  0.14819806E-03
      49.,  0.89003322E+01,  0.15994982E+02, -0.11976790E+01,  0.30701612E-03,  0.19212339E-02,  0.14819937E-03
      50.,  0.87780118E+01,  0.16125683E+02, -0.11976790E+01,  0.35555787E-03,  0.19962220E-02,  0.14820332E-03
      51.,  0.86504468E+01,  0.16282870E+02, -0.11976790E+01,  0.41186501E-03,  0.20837467E-02,  0.14821549E-03
      52.,  0.85212943E+01,  0.16470794E+02, -0.11976790E+01,  0.47647839E-03,  0.21857223E-02,  0.14824737E-03
      53.,  0.83962388E+01,  0.16692904E+02, -0.11976790E+01,  0.54912357E-03,  0.23040240E-02,  0.14832586E-03
      54.,  0.82831228E+01,  0.16950635E+02, -0.11976790E+01,  0.62789092E-03,  0.24401041E-02,  0.14851237E-03
      55.,  0.81914125E+01,  0.17241936E+02, -0.11976790E+01,  0.70829913E-03,  0.25943214E-02,  0.14888632E-03
      56.,  0.81306984E+01,  0.17560060E+02, -0.11976790E+01,  0.78276933E-03,  0.27648207E-02,  0.14939169E-03
      57.,  0.81083827E+01,  0.17893479E+02, -0.11976790E+01,  0.84151192E-03,  0.29461649E-02,  0.14984636E-03
      58.,  0.81274120E+01,  0.18227513E+02, -0.11976790E+01,  0.87554050E-03,  0.31285899E-02,  0.15008293E-03
      59.,  0.81852658E+01,  0.18547351E+02, -0.11976790E+01,  0.88064478E-03,  0.32991871E-02,  0.15026546E-03
      60.,  0.82748255E+01,  0.18841125E+02, -0.11976790E+01,  0.85931965E-03,  0.34451657E-02,  0.15087204E-03
      61.,  0.83865843E+01,  0.19101688E+02, -0.11976790E+01,  0.81910905E-03,  0.35574499E-02,  0.15254340E-03
      62.,  0.85109971E+01,  0.19326645E+02, -0.11976790E+01,  0.76929712E-03,  0.36323515E-02,  0.15602364E-03
      63.,  0.86400595E+01,  0.19517209E+02, -0.11976790E+01,  0.71855573E-03,  0.36709449E-02,  0.15993797E-03
      64.,  0.87679120E+01,  0.19676715E+02, -0.11976790E+01,  0.67303917E-03,  0.36782408E-02,  0.16548630E-03
      65.,  0.85521705E+01,  0.20144576E+02, -0.11976790E+01,  0.67084649E-03,  0.37424162E-02,  0.13608463E-03
      66.,  0.87061158E+01,  0.20290051E+02, -0.11976790E+01,  0.66411102E-03,  0.37292133E-02,  0.12319164E-03
      67.,  0.88918198E+01,  0.20442097E+02, -0.11976790E+01,  0.67440520E-03,  0.36795652E-02,  0.12742291E-03
      68.,  0.91145309E+01,  0.20596343E+02, -0.11976790E+01,  0.70644582E-03,  0.35792012E-02,  0.13336752E-03
      69.,  0.93785571E+01,  0.20745907E+02, -0.11976790E+01,  0.76425335E-03,  0.34174345E-02,  0.13877983E-03
      70.,  0.96857534E+01,  0.20881211E+02, -0.11976790E+01,  0.84091558E-03,  0.32017259E-02,  0.14284601E-03
      71.,  0.10033654E+02,  0.20990632E+02, -0.11976790E+01,  0.92091953E-03,  0.29661747E-02,  0.14582142E-03
      72.,  0.10413942E+02,  0.21062380E+02, -0.11976790E+01,  0.98641658E-03,  0.27692771E-02,  0.14958816E-03
      73.,  0.10812349E+02,  0.21087432E+02, -0.11976790E+01,  0.10270646E-02,  0.26658357E-02,  0.15314655E-03
      74.,  0.11210756E+02,  0.21062380E+02, -0.11976790E+01,  0.10428607E-02,  0.26687642E-02,  0.15527610E-03
      75.,  0.11591044E+02,  0.20990632E+02, -0.11976790E+01,  0.10376310E-02,  0.27395443E-02,  0.15634103E-03
      76.,  0.11938944E+02,  0.20881211E+02, -0.11976790E+01,  0.10117264E-02,  0.28190502E-02,  0.15866722E-03
      77.,  0.12246141E+02,  0.20745907E+02, -0.11976790E+01,  0.96368821E-03,  0.28648915E-02,  0.16098488E-03
      78.,  0.12510167E+02,  0.20596343E+02, -0.11976790E+01,  0.89407310E-03,  0.28637029E-02,  0.16410501E-03
      79.,  0.12732878E+02,  0.20442097E+02, -0.11976790E+01,  0.80867072E-03,  0.28229370E-02,  0.16330646E-03
      80.,  0.12918582E+02,  0.20290051E+02, -0.11976790E+01,  0.71445974E-03,  0.27569513E-02,  0.16657694E-03
      81.,  0.13072527E+02,  0.20144576E+02, -0.11976790E+01,  0.61898441E-03,  0.26793067E-02,  0.15790345E-03
      82.,  0.13217007E+02,  0.19988531E+02, -0.11976790E+01,  0.51399463E-03,  0.25871719E-02,  0.16084871E-03
      83.,  0.13367387E+02,  0.19800921E+02, -0.11976790E+01,  0.38911355E-03,  0.24727151E-02,  0.15510630E-03
      84.,  0.13519189E+02,  0.19576781E+02, -0.11976790E+01,  0.24699047E-03,  0.23383736E-02,  0.15261313E-03
      85.,  0.13665523E+02,  0.19312187E+02, -0.11976790E+01,  0.96001099E-04,  0.21909930E-02,  0.15131836E-03
      86.,  0.13796973E+02,  0.19005714E+02, -0.11976790E+01, -0.50548696E-04,  0.20404832E-02,  0.15114062E-03
      87.,  0.13902313E+02,  0.18660178E+02, -0.11976790E+01, -0.17709766E-03,  0.18966175E-02,  0.15110674E-03
      88.,  0.13970360E+02,  0.18283987E+02, -0.11976790E+01, -0.27128808E-03,  0.17664574E-02,  0.15065016E-03
      89.,  0.13992743E+02,  0.17891097E+02, -0.11976790E+01, -0.32941272E-03,  0.16526366E-02,  0.14966668E-03
      90.,  0.13966495E+02,  0.17498931E+02, -0.11976790E+01, -0.35677955E-03,  0.15545830E-02,  0.14875378E-03
      91.,  0.13895083E+02,  0.17124755E+02, -0.11976790E+01, -0.36331016E-03,  0.14707515E-02,  0.14830150E-03
      92.,  0.13787214E+02,  0.16782128E+02, -0.11976790E+01, -0.35846923E-03,  0.13998476E-02,  0.14817194E-03
      93.,  0.13654167E+02,  0.16478985E+02, -0.11976790E+01, -0.34880306E-03,  0.13408103E-02,  0.14815297E-03
      94.,  0.13507078E+02,  0.16217741E+02, -0.11976790E+01, -0.33795096E-03,  0.12925015E-02,  0.14816060E-03
      95.,  0.13355169E+02,  0.15996705E+02, -0.11976790E+01, -0.32760530E-03,  0.12536093E-02,  0.14817201E-03
      96.,  0.13205128E+02,  0.15811822E+02, -0.11976790E+01, -0.31840022E-03,  0.12227430E-02,  0.14818193E-03
      97.,  0.13061255E+02,  0.15658093E+02, -0.11976790E+01, -0.31044423E-03,  0.11985423E-02,  0.14819014E-03
      98.,  0.12906679E+02,  0.15513479E+02, -0.11976790E+01, -0.30275246E-03,  0.11774104E-02,  0.14819709E-03
      99.,  0.12720609E+02,  0.15362652E+02, -0.11976790E+01, -0.29451048E-03,  0.11577432E-02,  0.14820432E-03
     100.,  0.12497975E+02,  0.15209997E+02, -0.11976790E+01, -0.28580133E-03,  0.11415572E-02,  0.14821066E-03
     101.,  0.12234682E+02,  0.15062333E+02, -0.11976790E+01, -0.27664607E-03,  0.11319130E-02,  0.14821581E-03
     102.,  0.11929074E+02,  0.14929066E+02, -0.11976790E+01, -0.26680429E-03,  0.11330288E-02,  0.14821985E-03
     103.,  0.11583717E+02,  0.14821525E+02, -0.11976790E+01, -0.25547776E-03,  0.11499993E-02,  0.14822284E-03
     104.,  0.11206833E+02,  0.14751125E+02, -0.11976790E+01, -0.24102926E-03,  0.11877618E-02,  0.14822523E-03
     105.,  0.10812349E+02,  0.14726566E+02, -0.11976790E+01, -0.22104098E-03,  0.12493141E-02,  0.14822805E-03
     106.,  0.10417865E+02,  0.14751125E+02, -0.11976790E+01, -0.19300310E-03,  0.13339644E-02,  0.14823244E-03
     107.,  0.10040981E+02,  0.14821525E+02, -0.11976790E+01, -0.15542633E-03,  0.14368918E-02,  0.14823869E-03
     108.,  0.96956242E+01,  0.14929066E+02, -0.11976790E+01, -0.10862597E-03,  0.15505658E-02,  0.14824586E-03
     109.,  0.93900159E+01,  0.15062333E+02, -0.11976790E+01, -0.54608940E-04,  0.16671206E-02,  0.14825257E-03
     110.,  0.91267226E+01,  0.15209997E+02, -0.11976790E+01,  0.37362033E-05,  0.17802398E-02,  0.14825777E-03
     111.,  0.89040889E+01,  0.15362652E+02, -0.11976790E+01,  0.63524521E-04,  0.18858726E-02,  0.14826172E-03
     112.,  0.87180189E+01,  0.15513479E+02, -0.11976790E+01,  0.12241543E-03,  0.19820205E-02,  0.14826464E-03
     113.,  0.85634430E+01,  0.15658093E+02, -0.11976790E+01,  0.17879561E-03,  0.20681717E-02,  0.14826286E-03
     114.,  0.84195702E+01,  0.15811822E+02, -0.11976790E+01,  0.23858200E-03,  0.21543858E-02,  0.14825780E-03
     115.,  0.82695288E+01,  0.15996705E+02, -0.11976790E+01,  0.31010666E-03,  0.22518561E-02,  0.14824071E-03
     116.,  0.81176202E+01,  0.16217741E+02, -0.11976790E+01,  0.39470609E-03,  0.23608453E-02,  0.14819492E-03
     117.,  0.79705304E+01,  0.16478985E+02, -0.11976790E+01,  0.49246885E-03,  0.24807226E-02,  0.14807974E-03
     118.,  0.78374839E+01,  0.16782128E+02, -0.11976790E+01,  0.60087835E-03,  0.26097032E-02,  0.14777388E-03
     119.,  0.77296146E+01,  0.17124755E+02, -0.11976790E+01,  0.71304233E-03,  0.27449012E-02,  0.14709519E-03
     120.,  0.76582029E+01,  0.17498931E+02, -0.11976790E+01,  0.81658336E-03,  0.28830232E-02,  0.14613266E-03
     121.,  0.76319554E+01,  0.17891097E+02, -0.11976790E+01,  0.89528995E-03,  0.30214886E-02,  0.14527198E-03
     122.,  0.76543375E+01,  0.18283987E+02, -0.11976790E+01,  0.93497563E-03,  0.31588081E-02,  0.14490222E-03
     123.,  0.77223849E+01,  0.18660178E+02, -0.11976790E+01,  0.93117143E-03,  0.32930469E-02,  0.14469950E-03
     124.,  0.78277247E+01,  0.19005714E+02, -0.11976790E+01,  0.89234966E-03,  0.34198419E-02,  0.14381647E-03
     125.,  0.79591749E+01,  0.19312187E+02, -0.11976790E+01,  0.83514348E-03,  0.35325977E-02,  0.14151673E-03
     126.,  0.81055087E+01,  0.19576781E+02, -0.11976790E+01,  0.77605814E-03,  0.36247655E-02,  0.13659666E-03
     127.,  0.82573113E+01,  0.19800921E+02, -0.11976790E+01,  0.72613303E-03,  0.36916518E-02,  0.13052554E-03
     128.,  0.84076909E+01,  0.19988531E+02, -0.11976790E+01,  0.69079563E-03,  0.37306172E-02,  0.12273933E-03
     129.,  0.82135926E+01,  0.20479768E+02, -0.11976790E+01,  0.77462639E-03,  0.39189392E-02,  0.12049723E-03
     130.,  0.83905992E+01,  0.20647036E+02, -0.11976790E+01,  0.77480939E-03,  0.39156565E-02,  0.16339482E-03
     131.,  0.86041219E+01,  0.20821859E+02, -0.11976790E+01,  0.79197222E-03,  0.38683140E-02,  0.17119135E-03
     132.,  0.88601954E+01,  0.20999210E+02, -0.11976790E+01,  0.84089554E-03,  0.37533810E-02,  0.16921562E-03
     133.,  0.91637731E+01,  0.21171179E+02, -0.11976790E+01,  0.91805701E-03,  0.35598880E-02,  0.16386250E-03
     134.,  0.95169878E+01,  0.21326752E+02, -0.11976790E+01,  0.10119336E-02,  0.32942397E-02,  0.15749461E-03
     135.,  0.99170042E+01,  0.21452564E+02, -0.11976790E+01,  0.11026288E-02,  0.29989668E-02,  0.15159286E-03
     136.,  0.10354260E+02,  0.21535060E+02, -0.11976790E+01,  0.11690470E-02,  0.27520394E-02,  0.14428185E-03
     137.,  0.10812349E+02,  0.21563866E+02, -0.11976790E+01,  0.11985497E-02,  0.26293745E-02,  0.13954317E-03
     138.,  0.11270437E+02,  0.21535060E+02, -0.11976790E+01,  0.11928645E-02,  0.26482440E-02,  0.13614587E-03
     139.,  0.11707694E+02,  0.21452564E+02, -0.11976790E+01,  0.11611627E-02,  0.27525629E-02,  0.13422312E-03
     140.,  0.12107710E+02,  0.21326752E+02, -0.11976790E+01,  0.11118564E-02,  0.28609616E-02,  0.13053395E-03
     141.,  0.12460925E+02,  0.21171179E+02, -0.11976790E+01,  0.10469941E-02,  0.29195601E-02,  0.12860404E-03
     142.,  0.12764503E+02,  0.20999210E+02, -0.11976790E+01,  0.96746948E-03,  0.29155690E-02,  0.12395198E-03
     143.,  0.13020576E+02,  0.20821859E+02, -0.11976790E+01,  0.87365549E-03,  0.28603864E-02,  0.12831957E-03
     144.,  0.13234099E+02,  0.20647036E+02, -0.11976790E+01,  0.77329186E-03,  0.27747052E-02,  0.11960391E-03
     145.,  0.13411105E+02,  0.20479768E+02, -0.11976790E+01,  0.67115600E-03,  0.26752257E-02,  0.14270591E-03
     146.,  0.13577228E+02,  0.20300348E+02, -0.11976790E+01,  0.55945017E-03,  0.25607321E-02,  0.12727087E-03
     147.,  0.13750135E+02,  0.20084633E+02, -0.11976790E+01,  0.42569900E-03,  0.24203188E-02,  0.13671689E-03
     148.,  0.13924678E+02,  0.19826917E+02, -0.11976790E+01,  0.27381780E-03,  0.22604026E-02,  0.14080070E-03
     149.,  0.14092932E+02,  0.19522686E+02, -0.11976790E+01,  0.11190473E-03,  0.20922801E-02,  0.14345052E-03
     150.,  0.14244074E+02,  0.19170303E+02, -0.11976790E+01, -0.46157842E-04,  0.19288076E-02,  0.14347905E-03
     151.,  0.14365194E+02,  0.18773005E+02, -0.11976790E+01, -0.18276675E-03,  0.17835273E-02,  0.14308775E-03
     152.,  0.14443435E+02,  0.18340460E+02, -0.11976790E+01, -0.28430614E-03,  0.16640822E-02,  0.14380708E-03
     153.,  0.14469170E+02,  0.17888715E+02, -0.11976790E+01, -0.34666230E-03,  0.15697976E-02,  0.14576308E-03
     154.,  0.14438990E+02,  0.17437802E+02, -0.11976790E+01, -0.37543008E-03,  0.14943594E-02,  0.14749517E-03
     155.,  0.14356881E+02,  0.17007574E+02, -0.11976790E+01, -0.38127094E-03,  0.14310634E-02,  0.14824643E-03
     156.,  0.14232853E+02,  0.16613621E+02, -0.11976790E+01, -0.37469938E-03,  0.13758595E-02,  0.14838510E-03
     157.,  0.14079876E+02,  0.16265067E+02, -0.11976790E+01, -0.36324834E-03,  0.13272954E-02,  0.14837225E-03
     158.,  0.13910752E+02,  0.15964688E+02, -0.11976790E+01, -0.35120843E-03,  0.12851460E-02,  0.14834106E-03
     159.,  0.13736087E+02,  0.15710541E+02, -0.11976790E+01, -0.34054059E-03,  0.12493607E-02,  0.14831394E-03
     160.,  0.13563569E+02,  0.15497962E+02, -0.11976790E+01, -0.33186917E-03,  0.12196494E-02,  0.14829314E-03
     161.,  0.13398144E+02,  0.15321204E+02, -0.11976790E+01, -0.32517852E-03,  0.11954693E-02,  0.14827717E-03
     162.,  0.13220412E+02,  0.15154926E+02, -0.11976790E+01, -0.31959743E-03,  0.11736376E-02,  0.14826523E-03
     163.,  0.13006469E+02,  0.14981506E+02, -0.11976790E+01, -0.31481945E-03,  0.11526066E-02,  0.14825263E-03
     164.,  0.12750484E+02,  0.14805982E+02, -0.11976790E+01, -0.31142618E-03,  0.11345866E-02,  0.14824193E-03
     165.,  0.12447749E+02,  0.14636198E+02, -0.11976790E+01, -0.30993565E-03,  0.11230932E-02,  0.14823385E-03
     166.,  0.12096361E+02,  0.14482968E+02, -0.11976790E+01, -0.31045210E-03,  0.11231858E-02,  0.14822787E-03
     167.,  0.11699269E+02,  0.14359317E+02, -0.11976790E+01, -0.31211072E-03,  0.11411727E-02,  0.14822377E-03
     168.,  0.11265927E+02,  0.14278371E+02, -0.11976790E+01, -0.31254589E-03,  0.11833429E-02,  0.14822062E-03
     169.,  0.10812349E+02,  0.14250132E+02, -0.11976790E+01, -0.30789387E-03,  0.12536866E-02,  0.14821632E-03
     170.,  0.10358770E+02,  0.14278371E+02, -0.11976790E+01, -0.29378775E-03,  0.13516006E-02,  0.14820850E-03
     171.,  0.99254285E+01,  0.14359317E+02, -0.11976790E+01, -0.26706099E-03,  0.14712514E-02,  0.14819642E-03
     172.,  0.95283373E+01,  0.14482968E+02, -0.11976790E+01, -0.22706181E-03,  0.16033420E-02,  0.14818180E-03
     173.,  0.91769484E+01,  0.14636198E+02, -0.11976790E+01, -0.17570183E-03,  0.17381378E-02,  0.14816733E-03
     174.,  0.88742135E+01,  0.14805982E+02, -0.11976790E+01, -0.11643752E-03,  0.18678824E-02,  0.14815491E-03
     175.,  0.86182289E+01,  0.14981506E+02, -0.11976790E+01, -0.53033927E-04,  0.19877108E-02,  0.14814302E-03
     176.,  0.84042854E+01,  0.15154926E+02, -0.11976790E+01,  0.11278420E-04,  0.20953729E-02,  0.14813133E-03
     177.,  0.82265537E+01,  0.15321204E+02, -0.11976790E+01,  0.74126381E-04,  0.21904513E-02,  0.14812902E-03
     178.,  0.80611286E+01,  0.15497962E+02, -0.11976790E+01,  0.14183807E-03,  0.22840618E-02,  0.14812636E-03
     179.,  0.78886108E+01,  0.15710541E+02, -0.11976790E+01,  0.22398815E-03,  0.23877844E-02,  0.14813843E-03
     180.,  0.77139460E+01,  0.15964688E+02, -0.11976790E+01,  0.32240119E-03,  0.25007324E-02,  0.14818811E-03
     181.,  0.75448220E+01,  0.16265067E+02, -0.11976790E+01,  0.43749167E-03,  0.26208362E-02,  0.14832730E-03
     182.,  0.73918450E+01,  0.16613621E+02, -0.11976790E+01,  0.56660341E-03,  0.27448943E-02,  0.14880421E-03
     183.,  0.72678168E+01,  0.17007574E+02, -0.11976790E+01,  0.70192890E-03,  0.28694353E-02,  0.15003643E-03
     184.,  0.71857075E+01,  0.17437802E+02, -0.11976790E+01,  0.82925323E-03,  0.29925425E-02,  0.15195041E-03
     185.,  0.71555280E+01,  0.17888715E+02, -0.11976790E+01,  0.92984487E-03,  0.31156534E-02,  0.15383793E-03
     186.,  0.71812629E+01,  0.18340460E+02, -0.11976790E+01,  0.98697941E-03,  0.32428048E-02,  0.15434819E-03
     187.,  0.72595040E+01,  0.18773005E+02, -0.11976790E+01,  0.99454064E-03,  0.33762432E-02,  0.15414178E-03
     188.,  0.73806238E+01,  0.19170303E+02, -0.11976790E+01,  0.96176140E-03,  0.35114549E-02,  0.15564807E-03
     189.,  0.75317654E+01,  0.19522686E+02, -0.11976790E+01,  0.90906974E-03,  0.36381300E-02,  0.15945150E-03
     190.,  0.77000203E+01,  0.19826917E+02, -0.11976790E+01,  0.85661143E-03,  0.37463701E-02,  0.16583568E-03
     191.,  0.78745632E+01,  0.20084633E+02, -0.11976790E+01,  0.81560705E-03,  0.38307940E-02,  0.16977577E-03
     192.,  0.80474698E+01,  0.20300348E+02, -0.11976790E+01,  0.78801763E-03,  0.38894114E-02,  0.17150194E-03
     193.,  0.78750147E+01,  0.20814960E+02, -0.11976790E+01,  0.89878927E-03,  0.41521982E-02,  0.42205509E-03
     194.,  0.80750825E+01,  0.21004020E+02, -0.11976790E+01,  0.89231118E-03,  0.41811979E-02,  0.28581739E-03
     195.,  0.83164240E+01,  0.21201620E+02, -0.11976790E+01,  0.93600707E-03,  0.41383361E-02,  0.20285726E-03
     196.,  0.86058599E+01,  0.21402078E+02, -0.11976790E+01,  0.10175024E-02,  0.40099768E-02,  0.17009250E-03
     197.,  0.89489891E+01,  0.21596451E+02, -0.11976790E+01,  0.11280641E-02,  0.37747535E-02,  0.15374878E-03
     198.,  0.93482222E+01,  0.21772294E+02, -0.11976790E+01,  0.12471050E-02,  0.34345449E-02,  0.15004848E-03
     199.,  0.98003546E+01,  0.21914497E+02, -0.11976790E+01,  0.13480084E-02,  0.30414379E-02,  0.15329157E-03
     200.,  0.10294579E+02,  0.22007741E+02, -0.11976790E+01,  0.14068740E-02,  0.27100487E-02,  0.15542994E-03
     201.,  0.10812349E+02,  0.22040299E+02, -0.11976790E+01,  0.14086413E-02,  0.25655087E-02,  0.14338541E-03
     202.,  0.11330119E+02,  0.22007741E+02, -0.11976790E+01,  0.13566109E-02,  0.26304845E-02,  0.14227410E-03
     203.,  0.11824343E+02,  0.21914497E+02, -0.11976790E+01,  0.12768629E-02,  0.28068444E-02,  0.14436386E-03
     204.,  0.12276476E+02,  0.21772294E+02, -0.11976790E+01,  0.11898945E-02,  0.29701522E-02,  0.14223602E-03
     205.,  0.12675709E+02,  0.21596451E+02, -0.11976790E+01,  0.11039135E-02,  0.30497924E-02,  0.12912020E-03
     206.,  0.13018838E+02,  0.21402078E+02, -0.11976790E+01,  0.10139882E-02,  0.30387718E-02,  0.12577515E-03
     207.,  0.13308274E+02,  0.21201620E+02, -0.11976790E+01,  0.91844089E-03,  0.29654449E-02,  0.10734333E-03
     208.,  0.13549615E+02,  0.21004020E+02, -0.11976790E+01,  0.80736089E-03,  0.28516606E-02,  0.12930613E-03
     209.,  0.13749683E+02,  0.20814960E+02, -0.11976790E+01,  0.69713880E-03,  0.27252770E-02,  0.75916803E-04
     210.,  0.13937449E+02,  0.20612164E+02, -0.11976790E+01,  0.57478607E-03,  0.25769716E-02,  0.14548934E-03
     211.,  0.14132883E+02,  0.20368345E+02, -0.11976790E+01,  0.43209952E-03,  0.24025828E-02,  0.14640081E-03
     212.,  0.14330166E+02,  0.20077052E+02, -0.11976790E+01,  0.27141845E-03,  0.22133380E-02,  0.14734706E-03
     213.,  0.14520342E+02,  0.19733186E+02, -0.11976790E+01,  0.10060301E-03,  0.20174491E-02,  0.14415616E-03
     214.,  0.14691175E+02,  0.19334892E+02, -0.11976790E+01, -0.62227372E-04,  0.18345075E-02,  0.14503592E-03
     215.,  0.14828075E+02,  0.18885832E+02, -0.11976790E+01, -0.19865820E-03,  0.16823462E-02,  0.14687819E-03
     216.,  0.14916509E+02,  0.18396933E+02, -0.11976790E+01, -0.29720932E-03,  0.15690725E-02,  0.14722105E-03
     217.,  0.14945597E+02,  0.17886333E+02, -0.11976790E+01, -0.35689645E-03,  0.14896113E-02,  0.14705608E-03
     218.,  0.14911486E+02,  0.17376673E+02, -0.11976790E+01, -0.38476487E-03,  0.14319435E-02,  0.14734523E-03
     219.,  0.14818679E+02,  0.16890393E+02, -0.11976790E+01, -0.39137105E-03,  0.13850191E-02,  0.14770786E-03
     220.,  0.14678492E+02,  0.16445114E+02, -0.11976790E+01, -0.38651294E-03,  0.13427448E-02,  0.14800467E-03
     221.,  0.14505584E+02,  0.16051148E+02, -0.11976790E+01, -0.37718659E-03,  0.13033820E-02,  0.14814008E-03
     222.,  0.14314426E+02,  0.15711634E+02, -0.11976790E+01, -0.36746430E-03,  0.12673215E-02,  0.14819431E-03
     223.,  0.14117005E+02,  0.15424376E+02, -0.11976790E+01, -0.35927204E-03,  0.12353375E-02,  0.14821554E-03
     224.,  0.13922011E+02,  0.15184101E+02, -0.11976790E+01, -0.35323026E-03,  0.12078785E-02,  0.14822768E-03
     225.,  0.13735033E+02,  0.14984315E+02, -0.11976790E+01, -0.34928611E-03,  0.11849600E-02,  0.14823451E-03
     226.,  0.13534146E+02,  0.14796374E+02, -0.11976790E+01, -0.34692243E-03,  0.11638575E-02,  0.14823137E-03
     227.,  0.13292329E+02,  0.14600359E+02, -0.11976790E+01, -0.34639475E-03,  0.11431934E-02,  0.14823127E-03
     228.,  0.13002994E+02,  0.14401968E+02, -0.11976790E+01, -0.34860698E-03,  0.11252995E-02,  0.14823100E-03
     229.,  0.12660817E+02,  0.14210063E+02, -0.11976790E+01, -0.35439631E-03,  0.11140303E-02,  0.14822908E-03
     230.,  0.12263647E+02,  0.14036870E+02, -0.11976790E+01, -0.36405804E-03,  0.11150861E-02,  0.14822685E-03
     231.,  0.11814821E+02,  0.13897109E+02, -0.11976790E+01, -0.37660950E-03,  0.11357532E-02,  0.14822436E-03
     232.,  0.11325022E+02,  0.13805617E+02, -0.11976790E+01, -0.38907500E-03,  0.11834625E-02,  0.14822153E-03
     233.,  0.10812349E+02,  0.13773699E+02, -0.11976790E+01, -0.39644688E-03,  0.12630705E-02,  0.14821843E-03
     234.,  0.10299676E+02,  0.13805617E+02, -0.11976790E+01, -0.39292851E-03,  0.13740389E-02,  0.14821542E-03
     235.,  0.98098764E+01,  0.13897109E+02, -0.11976790E+01, -0.37411958E-03,  0.15095878E-02,  0.14821308E-03
     236.,  0.93610504E+01,  0.14036870E+02, -0.11976790E+01, -0.33874459E-03,  0.16587972E-02,  0.14821210E-03
     237.,  0.89638810E+01,  0.14210063E+02, -0.11976790E+01, -0.28878571E-03,  0.18102677E-02,  0.14821324E-03
     238.,  0.86217043E+01,  0.14401968E+02, -0.11976790E+01, -0.22825202E-03,  0.19550262E-02,  0.14821689E-03
     239.,  0.83323689E+01,  0.14600359E+02, -0.11976790E+01, -0.16164045E-03,  0.20875847E-02,  0.14822818E-03
     240.,  0.80905518E+01,  0.14796374E+02, -0.11976790E+01, -0.92881408E-04,  0.22055498E-02,  0.14824539E-03
     241.,  0.78896645E+01,  0.14984315E+02, -0.11976790E+01, -0.24898329E-04,  0.23086675E-02,  0.14825029E-03
     242.,  0.77026871E+01,  0.15184101E+02, -0.11976790E+01,  0.48995544E-04,  0.24090703E-02,  0.14828930E-03
     243.,  0.75076928E+01,  0.15424376E+02, -0.11976790E+01,  0.13938866E-03,  0.25187978E-02,  0.14834837E-03
     244.,  0.73102719E+01,  0.15711634E+02, -0.11976790E+01,  0.24863651E-03,  0.26361361E-02,  0.14843868E-03
     245.,  0.71191136E+01,  0.16051148E+02, -0.11976790E+01,  0.37780235E-03,  0.27579762E-02,  0.14865689E-03
     246.,  0.69462061E+01,  0.16445114E+02, -0.11976790E+01,  0.52491361E-03,  0.28801529E-02,  0.14894741E-03
     247.,  0.68060189E+01,  0.16890393E+02, -0.11976790E+01,  0.68264169E-03,  0.29987960E-02,  0.14926629E-03
     248.,  0.67132120E+01,  0.17376673E+02, -0.11976790E+01,  0.83651841E-03,  0.31129920E-02,  0.14930645E-03
     249.,  0.66791006E+01,  0.17886333E+02, -0.11976790E+01,  0.96629898E-03,  0.32275886E-02,  0.14800764E-03
     250.,  0.67081884E+01,  0.18396933E+02, -0.11976790E+01,  0.10518276E-02,  0.33524162E-02,  0.14859113E-03
     251.,  0.67966230E+01,  0.18885832E+02, -0.11976790E+01,  0.10817157E-02,  0.34944400E-02,  0.15106710E-03
     252.,  0.69335230E+01,  0.19334892E+02, -0.11976790E+01,  0.10612574E-02,  0.36493599E-02,  0.15046703E-03
     253.,  0.71043560E+01,  0.19733186E+02, -0.11976790E+01,  0.10123181E-02,  0.37995274E-02,  0.15066762E-03
     254.,  0.72945319E+01,  0.20077052E+02, -0.11976790E+01,  0.96270974E-03,  0.39258929E-02,  0.15891585E-03
     255.,  0.74918150E+01,  0.20368345E+02, -0.11976790E+01,  0.92940480E-03,  0.40227250E-02,  0.18430229E-03
     256.,  0.76872487E+01,  0.20612164E+02, -0.11976790E+01,  0.91339302E-03,  0.40961298E-02,  0.24091430E-03
     257.,  0.75364368E+01,  0.21150152E+02, -0.11976790E+01,  0.99932866E-03,  0.44320613E-02, -0.10345717E-02
     258.,  0.77595659E+01,  0.21361005E+02, -0.11976790E+01,  0.10317051E-02,  0.45059046E-02, -0.63326655E-03
     259.,  0.80287260E+01,  0.21581381E+02, -0.11976790E+01,  0.11345868E-02,  0.44832278E-02, -0.24961542E-03
     260.,  0.83515244E+01,  0.21804945E+02, -0.11976790E+01,  0.12894744E-02,  0.43605099E-02, -0.10735658E-03
     261.,  0.87342051E+01,  0.22021724E+02, -0.11976790E+01,  0.14674663E-02,  0.40922170E-02,  0.58281664E-05
     262.,  0.91794566E+01,  0.22217835E+02, -0.11976790E+01,  0.16203162E-02,  0.36629145E-02,  0.74132204E-04
     263.,  0.96837050E+01,  0.22376429E+02, -0.11976790E+01,  0.17185230E-02,  0.31219197E-02,  0.99633832E-04
     264.,  0.10234897E+02,  0.22480421E+02, -0.11976790E+01,  0.17388991E-02,  0.26510117E-02,  0.14631532E-03
     265.,  0.10812349E+02,  0.22516732E+02, -0.11976790E+01,  0.16512204E-02,  0.24844388E-02,  0.24414102E-03
     266.,  0.11389801E+02,  0.22480421E+02, -0.11976790E+01,  0.14848387E-02,  0.26434512E-02,  0.26939871E-03
     267.,  0.11940993E+02,  0.22376429E+02, -0.11976790E+01,  0.13082172E-02,  0.29381815E-02,  0.26933493E-03
     268.,  0.12445241E+02,  0.22217835E+02, -0.11976790E+01,  0.11809155E-02,  0.31734466E-02,  0.30497351E-03
     269.,  0.12890493E+02,  0.22021724E+02, -0.11976790E+01,  0.10918651E-02,  0.32624089E-02,  0.39112565E-03
     270.,  0.13273173E+02,  0.21804945E+02, -0.11976790E+01,  0.10181007E-02,  0.32294825E-02,  0.45400608E-03
     271.,  0.13595972E+02,  0.21581381E+02, -0.11976790E+01,  0.93445558E-03,  0.31078783E-02,  0.51237928E-03
     272.,  0.13865132E+02,  0.21361005E+02, -0.11976790E+01,  0.85381200E-03,  0.29677848E-02,  0.46945857E-03
     273.,  0.14088261E+02,  0.21150152E+02, -0.11976790E+01,  0.72214076E-03,  0.27836391E-02,  0.56748512E-03
     274.,  0.14297670E+02,  0.20923980E+02, -0.11976790E+01,  0.58609318E-03,  0.25899256E-02,  0.30012292E-03
     275.,  0.14515631E+02,  0.20652057E+02, -0.11976790E+01,  0.43538086E-03,  0.23879229E-02,  0.22882984E-03
     276.,  0.14735654E+02,  0.20327188E+02, -0.11976790E+01,  0.25874495E-03,  0.21603080E-02,  0.20759850E-03
     277.,  0.14947751E+02,  0.19943685E+02, -0.11976790E+01,  0.75282887E-04,  0.19317034E-02,  0.20177955E-03
     278.,  0.15138276E+02,  0.19499481E+02, -0.11976790E+01, -0.91166412E-04,  0.17295622E-02,  0.19721265E-03
     279.,  0.15290956E+02,  0.18998659E+02, -0.11976790E+01, -0.22124669E-03,  0.15776081E-02,  0.19459905E-03
     280.,  0.15389584E+02,  0.18453406E+02, -0.11976790E+01, -0.31024839E-03,  0.14784342E-02,  0.18848543E-03
     281.,  0.15422025E+02,  0.17883951E+02, -0.11976790E+01, -0.36257478E-03,  0.14182760E-02,  0.17198530E-03
     282.,  0.15383981E+02,  0.17315544E+02, -0.11976790E+01, -0.38765749E-03,  0.13786700E-02,  0.15613823E-03
     283.,  0.15280477E+02,  0.16773212E+02, -0.11976790E+01, -0.39558968E-03,  0.13459280E-02,  0.14941357E-03
     284.,  0.15124131E+02,  0.16276607E+02, -0.11976790E+01, -0.39429520E-03,  0.13137721E-02,  0.14760201E-03
     285.,  0.14931293E+02,  0.15837230E+02, -0.11976790E+01, -0.38916363E-03,  0.12814336E-02,  0.14728160E-03
     286.,  0.14718100E+02,  0.15458581E+02, -0.11976790E+01, -0.38358629E-03,  0.12501972E-02,  0.14735350E-03
     287.,  0.14497923E+02,  0.15138211E+02, -0.11976790E+01, -0.37932588E-03,  0.12214690E-02,  0.14751031E-03
     288.,  0.14280452E+02,  0.14870241E+02, -0.11976790E+01, -0.37699386E-03,  0.11961534E-02,  0.14763066E-03
     289.,  0.14071923E+02,  0.14647425E+02, -0.11976790E+01, -0.37655683E-03,  0.11746312E-02,  0.14772873E-03
     290.,  0.13847880E+02,  0.14437821E+02, -0.11976790E+01, -0.37799215E-03,  0.11545295E-02,  0.14784592E-03
     291.,  0.13578189E+02,  0.14219212E+02, -0.11976790E+01, -0.38214637E-03,  0.11346362E-02,  0.14795000E-03
     292.,  0.13255503E+02,  0.13997953E+02, -0.11976790E+01, -0.39020475E-03,  0.11173538E-02,  0.14803666E-03
     293.,  0.12873884E+02,  0.13783928E+02, -0.11976790E+01, -0.40329391E-03,  0.11067752E-02,  0.14810992E-03
     294.,  0.12430934E+02,  0.13590771E+02, -0.11976790E+01, -0.42191534E-03,  0.11091484E-02,  0.14816761E-03
     295.,  0.11930373E+02,  0.13434901E+02, -0.11976790E+01, -0.44505200E-03,  0.11327080E-02,  0.14821033E-03
     296.,  0.11384116E+02,  0.13332863E+02, -0.11976790E+01, -0.46922160E-03,  0.11861134E-02,  0.14824515E-03
     297.,  0.10812349E+02,  0.13297266E+02, -0.11976790E+01, -0.48831468E-03,  0.12752552E-02,  0.14828882E-03
     298.,  0.10240582E+02,  0.13332863E+02, -0.11976790E+01, -0.49506049E-03,  0.13997749E-02,  0.14836020E-03
     299.,  0.96943244E+01,  0.13434901E+02, -0.11976790E+01, -0.48377784E-03,  0.15519064E-02,  0.14846405E-03
     300.,  0.91937635E+01,  0.13590771E+02, -0.11976790E+01, -0.45261080E-03,  0.17189598E-02,  0.14858347E-03
     301.,  0.87508135E+01,  0.13783928E+02, -0.11976790E+01, -0.40373263E-03,  0.18877526E-02,  0.14869288E-03
     302.,  0.83691952E+01,  0.13997953E+02, -0.11976790E+01, -0.34181130E-03,  0.20480818E-02,  0.14877526E-03
     303.,  0.80465089E+01,  0.14219212E+02, -0.11976790E+01, -0.27212746E-03,  0.21938921E-02,  0.14881949E-03
     304.,  0.77768183E+01,  0.14437821E+02, -0.11976790E+01, -0.19928114E-03,  0.23227209E-02,  0.14884393E-03
     305.,  0.75527752E+01,  0.14647425E+02, -0.11976790E+01, -0.12671095E-03,  0.24345221E-02,  0.14887552E-03
     306.,  0.73442455E+01,  0.14870241E+02, -0.11976790E+01, -0.47380561E-04,  0.25425450E-02,  0.14874719E-03
     307.,  0.71267748E+01,  0.15138211E+02, -0.11976790E+01,  0.50185860E-04,  0.26595350E-02,  0.14844431E-03
     308.,  0.69065978E+01,  0.15458581E+02, -0.11976790E+01,  0.16888108E-03,  0.27831165E-02,  0.14777909E-03
     309.,  0.66934053E+01,  0.15837230E+02, -0.11976790E+01,  0.31062274E-03,  0.29092444E-02,  0.14602710E-03
     310.,  0.65005672E+01,  0.16276607E+02, -0.11976790E+01,  0.47494285E-03,  0.30325064E-02,  0.14170822E-03
     311.,  0.63442210E+01,  0.16773212E+02, -0.11976790E+01,  0.65615933E-03,  0.31480090E-02,  0.13064981E-03
     312.,  0.62407166E+01,  0.17315544E+02, -0.11976790E+01,  0.84031730E-03,  0.32541384E-02,  0.11352690E-03
     313.,  0.62026732E+01,  0.17883951E+02, -0.11976790E+01,  0.10057176E-02,  0.33565486E-02,  0.10367237E-03
     314.,  0.62351139E+01,  0.18453406E+02, -0.11976790E+01,  0.11296029E-02,  0.34720513E-02,  0.98227566E-04
     315.,  0.63337421E+01,  0.18998659E+02, -0.11976790E+01,  0.11911015E-02,  0.36193664E-02,  0.90850839E-04
     316.,  0.64864221E+01,  0.19499481E+02, -0.11976790E+01,  0.11848941E-02,  0.37971730E-02,  0.82216038E-04
     317.,  0.66769466E+01,  0.19943685E+02, -0.11976790E+01,  0.11341907E-02,  0.39838754E-02,  0.55931031E-04
     318.,  0.68890434E+01,  0.20327188E+02, -0.11976790E+01,  0.10757356E-02,  0.41438134E-02, -0.15652665E-04
     319.,  0.71090668E+01,  0.20652057E+02, -0.11976790E+01,  0.10413167E-02,  0.42500734E-02, -0.16062934E-03
     320.,  0.73270276E+01,  0.20923980E+02, -0.11976790E+01,  0.10329959E-02,  0.43158821E-02, -0.48688464E-03
     321.,  0.71978590E+01,  0.21485344E+02, -0.11976790E+01,  0.10516962E-02,  0.50751737E-02,  0.31070582E-02
     322.,  0.74440493E+01,  0.21717990E+02, -0.11976790E+01,  0.11602358E-02,  0.52144651E-02,  0.22380489E-02
     323.,  0.77410281E+01,  0.21961143E+02, -0.11976790E+01,  0.14498317E-02,  0.50904927E-02,  0.13935508E-02
     324.,  0.80971889E+01,  0.22207813E+02, -0.11976790E+01,  0.17366681E-02,  0.48551092E-02,  0.11383487E-02
     325.,  0.85194211E+01,  0.22446996E+02, -0.11976790E+01,  0.20085749E-02,  0.45303651E-02,  0.70866171E-03
     326.,  0.90106911E+01,  0.22663376E+02, -0.11976790E+01,  0.22174049E-02,  0.40272247E-02,  0.40632297E-03
     327.,  0.95670554E+01,  0.22838361E+02, -0.11976790E+01,  0.23043942E-02,  0.32881999E-02,  0.29910115E-03
     328.,  0.10175215E+02,  0.22953102E+02, -0.11976790E+01,  0.22282413E-02,  0.25813811E-02,  0.11678674E-03
     329.,  0.10812349E+02,  0.22993166E+02, -0.11976790E+01,  0.19339797E-02,  0.24169728E-02, -0.22974199E-03
     330.,  0.11449483E+02,  0.22953102E+02, -0.11976790E+01,  0.14846004E-02,  0.27444254E-02, -0.31929305E-03
     331.,  0.12057642E+02,  0.22838361E+02, -0.11976790E+01,  0.11434023E-02,  0.31908473E-02, -0.32730460E-03
     332.,  0.12614007E+02,  0.22663376E+02, -0.11976790E+01,  0.98944295E-03,  0.34946602E-02, -0.49305033E-03
     333.,  0.13105277E+02,  0.22446996E+02, -0.11976790E+01,  0.95554439E-03,  0.36015449E-02, -0.77461712E-03
     334.,  0.13527509E+02,  0.22207813E+02, -0.11976790E+01,  0.95223819E-03,  0.35563245E-02, -0.98795870E-03
     335.,  0.13883670E+02,  0.21961143E+02, -0.11976790E+01,  0.92052904E-03,  0.33896867E-02, -0.10861559E-02
     336.,  0.14180649E+02,  0.21717990E+02, -0.11976790E+01,  0.87508928E-03,  0.31634749E-02, -0.10377907E-02
     337.,  0.14426839E+02,  0.21485344E+02, -0.11976790E+01,  0.80140709E-03,  0.29122641E-02, -0.12107230E-02
     338.,  0.14657891E+02,  0.21235797E+02, -0.11976790E+01,  0.60889771E-03,  0.26067685E-02, -0.47592731E-03
     339.,  0.14898379E+02,  0.20935769E+02, -0.11976790E+01,  0.44895541E-03,  0.23481069E-02, -0.15594950E-03
     340.,  0.15141143E+02,  0.20577324E+02, -0.11976790E+01,  0.25308179E-03,  0.20735684E-02, -0.64205120E-04
     341.,  0.15375161E+02,  0.20154184E+02, -0.11976790E+01,  0.46775682E-04,  0.18069041E-02, -0.20831860E-04
     342.,  0.15585377E+02,  0.19664070E+02, -0.11976790E+01, -0.12292412E-03,  0.15983410E-02, -0.11088896E-04
     343.,  0.15753837E+02,  0.19111487E+02, -0.11976790E+01, -0.24286408E-03,  0.14658881E-02, -0.20999372E-04
     344.,  0.15862658E+02,  0.18509880E+02, -0.11976790E+01, -0.31935334E-03,  0.13963697E-02, -0.28746039E-05
     345.,  0.15898452E+02,  0.17881568E+02, -0.11976790E+01, -0.36234176E-03,  0.13633053E-02,  0.68065260E-04
     346.,  0.15856477E+02,  0.17254415E+02, -0.11976790E+01, -0.38463477E-03,  0.13428014E-02,  0.12826813E-03
     347.,  0.15742275E+02,  0.16656030E+02, -0.11976790E+01, -0.39538659E-03,  0.13210390E-02,  0.14852969E-03
     348.,  0.15569770E+02,  0.16108099E+02, -0.11976790E+01, -0.39915077E-03,  0.12953342E-02,  0.15245428E-03
     349.,  0.15357001E+02,  0.15623311E+02, -0.11976790E+01, -0.39934373E-03,  0.12673022E-02,  0.15252884E-03
     350.,  0.15121774E+02,  0.15205528E+02, -0.11976790E+01, -0.39872182E-03,  0.12391884E-02,  0.15174795E-03
     351.,  0.14878841E+02,  0.14852047E+02, -0.11976790E+01, -0.39898852E-03,  0.12127548E-02,  0.15094772E-03
     352.,  0.14638894E+02,  0.14556380E+02, -0.11976790E+01, -0.40080350E-03,  0.11890623E-02,  0.15041547E-03
     353.,  0.14408812E+02,  0.14310536E+02, -0.11976790E+01, -0.40416914E-03,  0.11686013E-02,  0.15000564E-03
     354.,  0.14161613E+02,  0.14079268E+02, -0.11976790E+01, -0.40958215E-03,  0.11492983E-02,  0.14956552E-03
     355.,  0.13864049E+02,  0.13838066E+02, -0.11976790E+01, -0.41856908E-03,  0.11300253E-02,  0.14916986E-03
     356.,  0.13508012E+02,  0.13593938E+02, -0.11976790E+01, -0.43260790E-03,  0.11131991E-02,  0.14885031E-03
     357.,  0.13086952E+02,  0.13357793E+02, -0.11976790E+01, -0.45314309E-03,  0.11030664E-02,  0.14859004E-03
     358.,  0.12598221E+02,  0.13144673E+02, -0.11976790E+01, -0.48102869E-03,  0.11063755E-02,  0.14839012E-03
     359.,  0.12045926E+02,  0.12972693E+02, -0.11976790E+01, -0.51542529E-03,  0.11323735E-02,  0.14825024E-03
     360.,  0.11443210E+02,  0.12860108E+02, -0.11976790E+01, -0.55248994E-03,  0.11911940E-02,  0.14814494E-03
     361.,  0.10812349E+02,  0.12820832E+02, -0.11976790E+01, -0.58489267E-03,  0.12901070E-02,  0.14800831E-03
     362.,  0.10181488E+02,  0.12860108E+02, -0.11976790E+01, -0.60347769E-03,  0.14291376E-02,  0.14776133E-03
     363.,  0.95787723E+01,  0.12972693E+02, -0.11976790E+01, -0.60084552E-03,  0.15994204E-02,  0.14737824E-03
     364.,  0.90264766E+01,  0.13144673E+02, -0.11976790E+01, -0.57439748E-03,  0.17861596E-02,  0.14692074E-03
     365.,  0.85377461E+01,  0.13357793E+02, -0.11976790E+01, -0.52663476E-03,  0.19740795E-02,  0.14648423E-03
     366.,  0.81166860E+01,  0.13593938E+02, -0.11976790E+01, -0.46313188E-03,  0.21516065E-02,  0.14613389E-03
     367.,  0.77606489E+01,  0.13838066E+02, -0.11976790E+01, -0.39012345E-03,  0.23121413E-02,  0.14588435E-03
     368.,  0.74630848E+01,  0.14079268E+02, -0.11976790E+01, -0.31302083E-03,  0.24532028E-02,  0.14565405E-03
     369.,  0.72158860E+01,  0.14310536E+02, -0.11976790E+01, -0.23574865E-03,  0.25749828E-02,  0.14541201E-03
     370.,  0.69858039E+01,  0.14556380E+02, -0.11976790E+01, -0.15101412E-03,  0.26920997E-02,  0.14560048E-03
     371.,  0.67458568E+01,  0.14852047E+02, -0.11976790E+01, -0.46455311E-04,  0.28182091E-02,  0.14621955E-03
     372.,  0.65029237E+01,  0.15205528E+02, -0.11976790E+01,  0.81287724E-04,  0.29505938E-02,  0.14789108E-03
     373.,  0.62676969E+01,  0.15623311E+02, -0.11976790E+01,  0.23489156E-03,  0.30844663E-02,  0.15269266E-03
     374.,  0.60549283E+01,  0.16108099E+02, -0.11976790E+01,  0.41551977E-03,  0.32128958E-02,  0.16532198E-03
     375.,  0.58824231E+01,  0.16656030E+02, -0.11976790E+01,  0.62112445E-03,  0.33281742E-02,  0.20370231E-03
     376.,  0.57682211E+01,  0.17254415E+02, -0.11976790E+01,  0.83897359E-03,  0.34264464E-02,  0.27414484E-03
     377.,  0.57262458E+01,  0.17881568E+02, -0.11976790E+01,  0.10423075E-02,  0.35084736E-02,  0.32440800E-03
     378.,  0.57620394E+01,  0.18509880E+02, -0.11976790E+01,  0.12117887E-02,  0.35946609E-02,  0.33509784E-03
     379.,  0.58708612E+01,  0.19111487E+02, -0.11976790E+01,  0.13190113E-02,  0.37281049E-02,  0.34731833E-03
     380.,  0.60393212E+01,  0.19664070E+02, -0.11976790E+01,  0.13274330E-02,  0.39292163E-02,  0.37666305E-03
     381.,  0.62495371E+01,  0.20154184E+02, -0.11976790E+01,  0.12670022E-02,  0.41568617E-02,  0.48952238E-03
     382.,  0.64835550E+01,  0.20577324E+02, -0.11976790E+01,  0.11851984E-02,  0.43774018E-02,  0.83462962E-03
     383.,  0.67263186E+01,  0.20935769E+02, -0.11976790E+01,  0.11178698E-02,  0.45880309E-02,  0.12396498E-02
     384.,  0.69668064E+01,  0.21235797E+02, -0.11976790E+01,  0.11073455E-02,  0.47986145E-02,  0.20102388E-02
     385.,  0.68592811E+01,  0.21820536E+02, -0.11976790E+01,  0.12860809E-02,  0.72867373E-02, -0.48135574E-02
     386.,  0.71285326E+01,  0.22074974E+02, -0.11976790E+01,  0.18187552E-02,  0.71661542E-02, -0.33852957E-02
     387.,  0.74533302E+01,  0.22340904E+02, -0.11976790E+01,  0.23348186E-02,  0.69875482E-02, -0.21080237E-02
     388.,  0.78428534E+01,  0.22610680E+02, -0.11976790E+01,  0.28416312E-02,  0.63262705E-02, -0.18293283E-02
     389.,  0.83046371E+01,  0.22872268E+02, -0.11976790E+01,  0.31163701E-02,  0.55470071E-02, -0.97580799E-03
     390.,  0.88419255E+01,  0.23108917E+02, -0.11976790E+01,  0.32287920E-02,  0.46356743E-02, -0.31407946E-03
     391.,  0.94504058E+01,  0.23300294E+02, -0.11976790E+01,  0.32352339E-02,  0.36151041E-02, -0.67681206E-04
     392.,  0.10115533E+02,  0.23425782E+02, -0.11976790E+01,  0.30000689E-02,  0.25153593E-02,  0.30005956E-03
     393.,  0.10812349E+02,  0.23469599E+02, -0.11976790E+01,  0.23403600E-02,  0.23435064E-02,  0.97706693E-03
     394.,  0.11509165E+02,  0.23425782E+02, -0.11976790E+01,  0.12260514E-02,  0.32261949E-02,  0.11175432E-02
     395.,  0.12174292E+02,  0.23300294E+02, -0.11976790E+01,  0.53382704E-03,  0.39101509E-02,  0.11826230E-02
     396.,  0.12782772E+02,  0.23108917E+02, -0.11976790E+01,  0.33405784E-03,  0.43908582E-02,  0.14376067E-02
     397.,  0.13320061E+02,  0.22872268E+02, -0.11976790E+01,  0.45013404E-03,  0.47235852E-02,  0.19784822E-02
     398.,  0.13781845E+02,  0.22610680E+02, -0.11976790E+01,  0.66642505E-03,  0.46989494E-02,  0.24140324E-02
     399.,  0.14171368E+02,  0.22340904E+02, -0.11976790E+01,  0.79912598E-03,  0.44206138E-02,  0.24523726E-02
     400.,  0.14496165E+02,  0.22074974E+02, -0.11976790E+01,  0.79621010E-03,  0.38557965E-02,  0.23480775E-02
     401.,  0.14765417E+02,  0.21820536E+02, -0.11976790E+01,  0.84899826E-03,  0.35323836E-02,  0.26537369E-02
     402.,  0.15018113E+02,  0.21547613E+02, -0.11976790E+01,  0.66115495E-03,  0.26798128E-02,  0.13176379E-02
     403.,  0.15281127E+02,  0.21219481E+02, -0.11976790E+01,  0.52723645E-03,  0.22632088E-02,  0.71074428E-03
     404.,  0.15546631E+02,  0.20827459E+02, -0.11976790E+01,  0.27339960E-03,  0.19056312E-02,  0.51491159E-03
     405.,  0.15802570E+02,  0.20364683E+02, -0.11976790E+01,  0.30580700E-04,  0.16251486E-02,  0.33944599E-03
     406.,  0.16032478E+02,  0.19828659E+02, -0.11976790E+01, -0.15010656E-03,  0.14403695E-02,  0.35377270E-03
     407.,  0.16216718E+02,  0.19224314E+02, -0.11976790E+01, -0.25475441E-03,  0.13530445E-02,  0.44189225E-03
     408.,  0.16335733E+02,  0.18566353E+02, -0.11976790E+01, -0.32044288E-03,  0.13339630E-02,  0.41735192E-03
     409.,  0.16374879E+02,  0.17879186E+02, -0.11976790E+01, -0.35486082E-03,  0.13368402E-02,  0.25489164E-03
     410.,  0.16328972E+02,  0.17193286E+02, -0.11976790E+01, -0.37721419E-03,  0.13310681E-02,  0.15639956E-03
     411.,  0.16204073E+02,  0.16538849E+02, -0.11976790E+01, -0.39293726E-03,  0.13137588E-02,  0.13855298E-03
     412.,  0.16015409E+02,  0.15939592E+02, -0.11976790E+01, -0.40273939E-03,  0.12898336E-02,  0.13643751E-03
     413.,  0.15782709E+02,  0.15409393E+02, -0.11976790E+01, -0.40852720E-03,  0.12632832E-02,  0.13957710E-03
     414.,  0.15525448E+02,  0.14952475E+02, -0.11976790E+01, -0.41292229E-03,  0.12366267E-02,  0.14179823E-03
     415.,  0.15259759E+02,  0.14565882E+02, -0.11976790E+01, -0.41769775E-03,  0.12114938E-02,  0.14358522E-03
     416.,  0.14997336E+02,  0.14242520E+02, -0.11976790E+01, -0.42366981E-03,  0.11888972E-02,  0.14464518E-03
     417.,  0.14745701E+02,  0.13973647E+02, -0.11976790E+01, -0.43072217E-03,  0.11691826E-02,  0.14538183E-03
     418.,  0.14475347E+02,  0.13720716E+02, -0.11976790E+01, -0.44001935E-03,  0.11502225E-02,  0.14614266E-03
     419.,  0.14149909E+02,  0.13456919E+02, -0.11976790E+01, -0.45379428E-03,  0.11312415E-02,  0.14681115E-03
     420.,  0.13760521E+02,  0.13189924E+02, -0.11976790E+01, -0.47374342E-03,  0.11144937E-02,  0.14732386E-03
     421.,  0.13300019E+02,  0.12931658E+02, -0.11976790E+01, -0.50177906E-03,  0.11043078E-02,  0.14772745E-03
     422.,  0.12765508E+02,  0.12698574E+02, -0.11976790E+01, -0.53937222E-03,  0.11078856E-02,  0.14802670E-03
     423.,  0.12161478E+02,  0.12510484E+02, -0.11976790E+01, -0.58625468E-03,  0.11355894E-02,  0.14821481E-03
     424.,  0.11502305E+02,  0.12387354E+02, -0.11976790E+01, -0.63852523E-03,  0.11993624E-02,  0.14833116E-03
     425.,  0.10812349E+02,  0.12344399E+02, -0.11976790E+01, -0.68742642E-03,  0.13083285E-02,  0.14849356E-03
     426.,  0.10122393E+02,  0.12387354E+02, -0.11976790E+01, -0.72106553E-03,  0.14631749E-02,  0.14885721E-03
     427.,  0.94632203E+01,  0.12510484E+02, -0.11976790E+01, -0.72939218E-03,  0.16537607E-02,  0.14948670E-03
     428.,  0.88591897E+01,  0.12698574E+02, -0.11976790E+01, -0.70871983E-03,  0.18626978E-02,  0.15027977E-03
     429.,  0.83246786E+01,  0.12931658E+02, -0.11976790E+01, -0.66213433E-03,  0.20721747E-02,  0.15106735E-03
     430.,  0.78641768E+01,  0.13189924E+02, -0.11976790E+01, -0.59655890E-03,  0.22690497E-02,  0.15174403E-03
     431.,  0.74747889E+01,  0.13456919E+02, -0.11976790E+01, -0.51954577E-03,  0.24461690E-02,  0.15232546E-03
     432.,  0.71493512E+01,  0.13720716E+02, -0.11976790E+01, -0.43740581E-03,  0.26012148E-02,  0.15295129E-03
     433.,  0.68789968E+01,  0.13973647E+02, -0.11976790E+01, -0.35491438E-03,  0.27346129E-02,  0.15372875E-03
     434.,  0.66273623E+01,  0.14242520E+02, -0.11976790E+01, -0.26411072E-03,  0.28622173E-02,  0.15399197E-03
     435.,  0.63649388E+01,  0.14565882E+02, -0.11976790E+01, -0.15188979E-03,  0.29994799E-02,  0.15399432E-03
     436.,  0.60992496E+01,  0.14952475E+02, -0.11976790E+01, -0.14608406E-04,  0.31434790E-02,  0.15317459E-03
     437.,  0.58419885E+01,  0.15409393E+02, -0.11976790E+01,  0.15097123E-03,  0.32890803E-02,  0.14944591E-03
     438.,  0.56092894E+01,  0.15939592E+02, -0.11976790E+01,  0.34724488E-03,  0.34285990E-02,  0.13463899E-03
     439.,  0.54206252E+01,  0.16538849E+02, -0.11976790E+01,  0.57557169E-03,  0.35511869E-02,  0.86454117E-04
     440.,  0.52957257E+01,  0.17193286E+02, -0.11976790E+01,  0.83070934E-03,  0.36429586E-02, -0.51347853E-04
     441.,  0.52498185E+01,  0.17879186E+02, -0.11976790E+01,  0.10683549E-02,  0.36912022E-02, -0.19699623E-03
     442.,  0.52889649E+01,  0.18566353E+02, -0.11976790E+01,  0.12856028E-02,  0.37255700E-02, -0.19381727E-03
     443.,  0.54079803E+01,  0.19224314E+02, -0.11976790E+01,  0.14617040E-02,  0.38092668E-02, -0.14321176E-03
     444.,  0.55922204E+01,  0.19828659E+02, -0.11976790E+01,  0.15016524E-02,  0.40084618E-02, -0.21947409E-03
     445.,  0.58221277E+01,  0.20364683E+02, -0.11976790E+01,  0.14583639E-02,  0.43444084E-02, -0.45374572E-03
     446.,  0.60780666E+01,  0.20827459E+02, -0.11976790E+01,  0.13685056E-02,  0.49210200E-02, -0.12573346E-02
     447.,  0.63435704E+01,  0.21219481E+02, -0.11976790E+01,  0.12980971E-02,  0.56545821E-02, -0.19000496E-02
     448.,  0.66065853E+01,  0.21547613E+02, -0.11976790E+01,  0.14280749E-02,  0.63958694E-02, -0.30561747E-02
     449.,  0.62681257E+01,  0.22405780E+02, -0.11976790E+01,  0.36077504E-01, -0.13490963E-01, -0.27755524E+00
     450.,  0.66487520E+01,  0.22617812E+02, -0.11976790E+01,  0.29820917E-01, -0.58030456E-02, -0.23124135E+00
     451.,  0.70756666E+01,  0.22839420E+02, -0.11976790E+01,  0.24917751E-01, -0.11509620E-02, -0.18544003E+00
     452.,  0.75565193E+01,  0.23064233E+02, -0.11976790E+01,  0.20168912E-01,  0.27314823E-02, -0.13634561E+00
     453.,  0.80975891E+01,  0.23282223E+02, -0.11976790E+01,  0.15083309E-01,  0.55096982E-02, -0.88654085E-01
     454.,  0.87015794E+01,  0.23479431E+02, -0.11976790E+01,  0.99869695E-02,  0.55189548E-02, -0.46891967E-01
     455.,  0.93648963E+01,  0.23638911E+02, -0.11976790E+01,  0.61411519E-02,  0.36174570E-02, -0.19100151E-01
     456.,  0.10075419E+02,  0.23743485E+02, -0.11976790E+01,  0.41115717E-02,  0.21373876E-02, -0.27906882E-02
     457.,  0.10812349E+02,  0.23779999E+02, -0.11976790E+01,  0.29646457E-02,  0.19946226E-02,  0.11921926E-01
     458.,  0.11549279E+02,  0.23743485E+02, -0.11976790E+01,  0.98044542E-04,  0.41600056E-02,  0.25855672E-01
     459.,  0.12259802E+02,  0.23638911E+02, -0.11976790E+01, -0.35134784E-02,  0.46906885E-02,  0.40614552E-01
     460.,  0.12923118E+02,  0.23479431E+02, -0.11976790E+01, -0.58021576E-02,  0.36159185E-02,  0.65788646E-01
     461.,  0.13527109E+02,  0.23282223E+02, -0.11976790E+01, -0.75332446E-02,  0.14753789E-02,  0.10118979E+00
     462.,  0.14068179E+02,  0.23064233E+02, -0.11976790E+01, -0.98400219E-02, -0.19007294E-02,  0.13837674E+00
     463.,  0.14549031E+02,  0.22839420E+02, -0.11976790E+01, -0.12596068E-01, -0.62757662E-02,  0.17117144E+00
     464.,  0.14975946E+02,  0.22617812E+02, -0.11976790E+01, -0.15446197E-01, -0.10720683E-01,  0.19814565E+00
     465.,  0.15356572E+02,  0.22405780E+02, -0.11976790E+01, -0.18519553E-01, -0.15845927E-01,  0.22109221E+00
     466.,  0.15567152E+02,  0.22022875E+02, -0.11976790E+01, -0.94641081E-02, -0.57400687E-02,  0.14752625E+00
     467.,  0.15786331E+02,  0.21593963E+02, -0.11976790E+01, -0.42199949E-02, -0.10096476E-02,  0.88849413E-01
     468.,  0.16007584E+02,  0.21111810E+02, -0.11976790E+01, -0.14131070E-02,  0.81961638E-03,  0.45450305E-01
     469.,  0.16220867E+02,  0.20570694E+02, -0.11976790E+01, -0.52784370E-03,  0.11358671E-02,  0.20616826E-01
     470.,  0.16412456E+02,  0.19968538E+02, -0.11976790E+01, -0.39505809E-03,  0.11611342E-02,  0.97037176E-02
     471.,  0.16565989E+02,  0.19309449E+02, -0.11976790E+01, -0.32729656E-03,  0.12452074E-02,  0.52574874E-02
     472.,  0.16665169E+02,  0.18605679E+02, -0.11976790E+01, -0.31517434E-03,  0.13115919E-02,  0.28069169E-02
     473.,  0.16697791E+02,  0.17877572E+02, -0.11976790E+01, -0.34783114E-03,  0.13384732E-02,  0.12352568E-02
     474.,  0.16659535E+02,  0.17150519E+02, -0.11976790E+01, -0.37094086E-03,  0.13346976E-02,  0.43529478E-03
     475.,  0.16555452E+02,  0.16449687E+02, -0.11976790E+01, -0.39133949E-03,  0.13152876E-02,  0.16227606E-03
     476.,  0.16398232E+02,  0.15794837E+02, -0.11976790E+01, -0.40642270E-03,  0.12897198E-02,  0.83370460E-04
     477.,  0.16204316E+02,  0.15197536E+02, -0.11976790E+01, -0.41803962E-03,  0.12628046E-02,  0.63851865E-04
     478.,  0.15989932E+02,  0.14661302E+02, -0.11976790E+01, -0.42916145E-03,  0.12368553E-02,  0.61162233E-04
     479.,  0.15768524E+02,  0.14183672E+02, -0.11976790E+01, -0.44179107E-03,  0.12130669E-02,  0.62170800E-04
     480.,  0.15549838E+02,  0.13758735E+02, -0.11976790E+01, -0.45658779E-03,  0.11922078E-02,  0.63564887E-04
     481.,  0.15340142E+02,  0.13379206E+02, -0.11976790E+01, -0.47406066E-03,  0.11747220E-02,  0.63894291E-04
     482.,  0.14958597E+02,  0.13168430E+02, -0.11976790E+01, -0.48315959E-03,  0.11563859E-02,  0.93580673E-04
     483.,  0.14531149E+02,  0.12948599E+02, -0.11976790E+01, -0.49678038E-03,  0.11372951E-02,  0.11517748E-03
     484.,  0.14050409E+02,  0.12726103E+02, -0.11976790E+01, -0.51694463E-03,  0.11198274E-02,  0.12998222E-03
     485.,  0.13510408E+02,  0.12510882E+02, -0.11976790E+01, -0.54604047E-03,  0.11085823E-02,  0.13941291E-03
     486.,  0.12908732E+02,  0.12316645E+02, -0.11976790E+01, -0.58621036E-03,  0.11113508E-02,  0.14488319E-03
     487.,  0.12249123E+02,  0.12159903E+02, -0.11976790E+01, -0.63799021E-03,  0.11394243E-02,  0.14774236E-03
     488.,  0.11543562E+02,  0.12057295E+02, -0.11976790E+01, -0.69822560E-03,  0.12059637E-02,  0.14936610E-03
     489.,  0.10812349E+02,  0.12021499E+02, -0.11976790E+01, -0.75856698E-03,  0.13215048E-02,  0.15125330E-03
     490.,  0.10081136E+02,  0.12057295E+02, -0.11976790E+01, -0.80697187E-03,  0.14882143E-02,  0.15501534E-03
     491.,  0.93755751E+01,  0.12159903E+02, -0.11976790E+01, -0.83269846E-03,  0.16972408E-02,  0.16209214E-03
     492.,  0.87159662E+01,  0.12316645E+02, -0.11976790E+01, -0.83108762E-03,  0.19319304E-02,  0.17322781E-03
     493.,  0.81142903E+01,  0.12510882E+02, -0.11976790E+01, -0.80428104E-03,  0.21744297E-02,  0.18817858E-03
     494.,  0.75742889E+01,  0.12726103E+02, -0.11976790E+01, -0.75846304E-03,  0.24109088E-02,  0.20582719E-03
     495.,  0.70935489E+01,  0.12948599E+02, -0.11976790E+01, -0.70066434E-03,  0.26332789E-02,  0.22417819E-03
     496.,  0.66661008E+01,  0.13168430E+02, -0.11976790E+01, -0.63690630E-03,  0.28382771E-02,  0.23998062E-03
     497.,  0.62845555E+01,  0.13379206E+02, -0.11976790E+01, -0.57135662E-03,  0.30262021E-02,  0.24798900E-03
     498.,  0.60748601E+01,  0.13758735E+02, -0.11976790E+01, -0.44244550E-03,  0.31341619E-02,  0.21462372E-03
     499.,  0.58561738E+01,  0.14183672E+02, -0.11976790E+01, -0.29518003E-03,  0.32513254E-02,  0.17407071E-03
     500.,  0.56347661E+01,  0.14661302E+02, -0.11976790E+01, -0.12659812E-03,  0.33756318E-02,  0.11438951E-03
     501.,  0.54203819E+01,  0.15197536E+02, -0.11976790E+01,  0.66182613E-04,  0.35033909E-02,  0.73827995E-05
     502.,  0.52264660E+01,  0.15794837E+02, -0.11976790E+01,  0.28628762E-03,  0.36285297E-02, -0.21325739E-03
     503.,  0.50692458E+01,  0.16449687E+02, -0.11976790E+01,  0.53717799E-03,  0.37416440E-02, -0.72553945E-03
     504.,  0.49651629E+01,  0.17150519E+02, -0.11976790E+01,  0.82147877E-03,  0.38258403E-02, -0.17856977E-02
     505.,  0.49269069E+01,  0.17877572E+02, -0.11976790E+01,  0.11004637E-02,  0.38723265E-02, -0.36923509E-02
     506.,  0.49595289E+01,  0.18605679E+02, -0.11976790E+01,  0.14622161E-02,  0.38821360E-02, -0.70909507E-02
     507.,  0.50587084E+01,  0.19309449E+02, -0.11976790E+01,  0.20434605E-02,  0.38754568E-02, -0.13608131E-01
     508.,  0.52122418E+01,  0.19968538E+02, -0.11976790E+01,  0.30614588E-02,  0.40045630E-02, -0.27591160E-01
     509.,  0.54038312E+01,  0.20570694E+02, -0.11976790E+01,  0.52719677E-02,  0.41391709E-02, -0.55348947E-01
     510.,  0.56171136E+01,  0.21111810E+02, -0.11976790E+01,  0.91868075E-02,  0.34864516E-02, -0.97599310E-01
     511.,  0.58383669E+01,  0.21593963E+02, -0.11976790E+01,  0.14750426E-01,  0.12914254E-02, -0.15001295E+00
     512.,  0.60575459E+01,  0.22022875E+02, -0.11976790E+01,  0.22610107E-01, -0.35220415E-02, -0.20914613E+00
     513.,  0.56769704E+01,  0.22991024E+02, -0.11976790E+01,  0.12858266E+00, -0.11041557E+00, -0.73005667E+00
     514.,  0.61689714E+01,  0.23160649E+02, -0.11976790E+01,  0.11194867E+00, -0.92917607E-01, -0.63102905E+00
     515.,  0.66980031E+01,  0.23337936E+02, -0.11976790E+01,  0.92976647E-01, -0.72731435E-01, -0.52199714E+00
     516.,  0.72701852E+01,  0.23517786E+02, -0.11976790E+01,  0.71516199E-01, -0.48665149E-01, -0.40456568E+00
     517.,  0.78905411E+01,  0.23692179E+02, -0.11976790E+01,  0.48496280E-01, -0.23317655E-01, -0.28294096E+00
     518.,  0.85612333E+01,  0.23849944E+02, -0.11976790E+01,  0.28961945E-01, -0.51618666E-02, -0.16901292E+00
     519.,  0.92793868E+01,  0.23977529E+02, -0.11976790E+01,  0.14914505E-01,  0.15892055E-02, -0.78077557E-01
     520.,  0.10035305E+02,  0.24061188E+02, -0.11976790E+01,  0.70093620E-02,  0.17744146E-02, -0.16023803E-01
     521.,  0.10812349E+02,  0.24090399E+02, -0.11976790E+01,  0.29214783E-02,  0.16843553E-02,  0.35538585E-01
     522.,  0.11589393E+02,  0.24061188E+02, -0.11976790E+01, -0.35858867E-02,  0.22117192E-02,  0.83256566E-01
     523.,  0.12345311E+02,  0.23977529E+02, -0.11976790E+01, -0.12715052E-01, -0.38879913E-02,  0.13367984E+00
     524.,  0.13063465E+02,  0.23849944E+02, -0.11976790E+01, -0.22406468E-01, -0.17222471E-01,  0.20790694E+00
     525.,  0.13734157E+02,  0.23692179E+02, -0.11976790E+01, -0.34601493E-01, -0.35370145E-01,  0.30260879E+00
     526.,  0.14354513E+02,  0.23517786E+02, -0.11976790E+01, -0.48190960E-01, -0.55584155E-01,  0.39746109E+00
     527.,  0.14926695E+02,  0.23337936E+02, -0.11976790E+01, -0.61503307E-01, -0.75019380E-01,  0.48577405E+00
     528.,  0.15455726E+02,  0.23160649E+02, -0.11976790E+01, -0.73301099E-01, -0.91773570E-01,  0.56414284E+00
     529.,  0.15947728E+02,  0.22991024E+02, -0.11976790E+01, -0.83370186E-01, -0.10552371E+00,  0.63376962E+00
     530.,  0.16116191E+02,  0.22498138E+02, -0.11976790E+01, -0.54735035E-01, -0.65238633E-01,  0.46729009E+00
     531.,  0.16291535E+02,  0.21968445E+02, -0.11976790E+01, -0.29082294E-01, -0.30924222E-01,  0.30594474E+00
     532.,  0.16468537E+02,  0.21396160E+02, -0.11976790E+01, -0.11722035E-01, -0.98690249E-02,  0.17150526E+00
     533.,  0.16639163E+02,  0.20776705E+02, -0.11976790E+01, -0.36279176E-02, -0.15361408E-02,  0.81356999E-01
     534.,  0.16792435E+02,  0.20108418E+02, -0.11976790E+01, -0.11907645E-02,  0.54895956E-03,  0.35890515E-01
     535.,  0.16915261E+02,  0.19394584E+02, -0.11976790E+01, -0.49419021E-03,  0.11351245E-02,  0.16389412E-01
     536.,  0.16994605E+02,  0.18645006E+02, -0.11976790E+01, -0.32087738E-03,  0.13176385E-02,  0.74323292E-02
     537.,  0.17020703E+02,  0.17875957E+02, -0.11976790E+01, -0.34318489E-03,  0.13526957E-02,  0.30183188E-02
     538.,  0.16990098E+02,  0.17107753E+02, -0.11976790E+01, -0.36626383E-03,  0.13426770E-02,  0.10269261E-02
     539.,  0.16906831E+02,  0.16360524E+02, -0.11976790E+01, -0.39165964E-03,  0.13166309E-02,  0.28443124E-03
     540.,  0.16781055E+02,  0.15650082E+02, -0.11976790E+01, -0.41187481E-03,  0.12874882E-02,  0.41213234E-04
     541.,  0.16625923E+02,  0.14985678E+02, -0.11976790E+01, -0.42882857E-03,  0.12593547E-02, -0.37927756E-04
     542.,  0.16454415E+02,  0.14370129E+02, -0.11976790E+01, -0.44603060E-03,  0.12335202E-02, -0.63474546E-04
     543.,  0.16277289E+02,  0.13801463E+02, -0.11976790E+01, -0.46490578E-03,  0.12112524E-02, -0.71846745E-04
     544.,  0.16102340E+02,  0.13274951E+02, -0.11976790E+01, -0.48618164E-03,  0.11928214E-02, -0.75631972E-04
     545.,  0.15934584E+02,  0.12784764E+02, -0.11976790E+01, -0.50906559E-03,  0.11784711E-02, -0.78026878E-04
     546.,  0.15441847E+02,  0.12616144E+02, -0.11976790E+01, -0.51777052E-03,  0.11626553E-02, -0.51422165E-05
     547.,  0.14912389E+02,  0.12440279E+02, -0.11976790E+01, -0.53134079E-03,  0.11443658E-02,  0.53094454E-04
     548.,  0.14340297E+02,  0.12262282E+02, -0.11976790E+01, -0.55213203E-03,  0.11263968E-02,  0.95049764E-04
     549.,  0.13720796E+02,  0.12090105E+02, -0.11976790E+01, -0.58301112E-03,  0.11138588E-02,  0.12239087E-03
     550.,  0.13051955E+02,  0.11934716E+02, -0.11976790E+01, -0.62682473E-03,  0.11153443E-02,  0.13830018E-03
     551.,  0.12336768E+02,  0.11809323E+02, -0.11976790E+01, -0.68492876E-03,  0.11432695E-02,  0.14659317E-03
     552.,  0.11584819E+02,  0.11727236E+02, -0.11976790E+01, -0.75486154E-03,  0.12121509E-02,  0.15129151E-03
     553.,  0.10812349E+02,  0.11698599E+02, -0.11976790E+01, -0.82855740E-03,  0.13340009E-02,  0.15654195E-03
     554.,  0.10039879E+02,  0.11727236E+02, -0.11976790E+01, -0.89365719E-03,  0.15124707E-02,  0.16668031E-03
     555.,  0.92879298E+01,  0.11809323E+02, -0.11976790E+01, -0.93851604E-03,  0.17399567E-02,  0.18582185E-03
     556.,  0.85727428E+01,  0.11934716E+02, -0.11976790E+01, -0.95726129E-03,  0.20004238E-02,  0.21646313E-03
     557.,  0.79039020E+01,  0.12090105E+02, -0.11976790E+01, -0.95089831E-03,  0.22757376E-02,  0.25792999E-03
     558.,  0.72844009E+01,  0.12262282E+02, -0.11976790E+01, -0.92476991E-03,  0.25510140E-02,  0.30559532E-03
     559.,  0.67123089E+01,  0.12440279E+02, -0.11976790E+01, -0.88533122E-03,  0.28167098E-02,  0.35029434E-03
     560.,  0.61828505E+01,  0.12616144E+02, -0.11976790E+01, -0.83812063E-03,  0.30682025E-02,  0.37670753E-03
     561.,  0.56901142E+01,  0.12784764E+02, -0.11976790E+01, -0.78713985E-03,  0.33037137E-02,  0.36059479E-03
     562.,  0.55223579E+01,  0.13274951E+02, -0.11976790E+01, -0.61656020E-03,  0.33921030E-02,  0.26017859E-03
     563.,  0.53474089E+01,  0.13801463E+02, -0.11976790E+01, -0.43271630E-03,  0.34900246E-02,  0.13401604E-03
     564.,  0.51702827E+01,  0.14370129E+02, -0.11976790E+01, -0.23287934E-03,  0.35964932E-02, -0.48265907E-04
     565.,  0.49987753E+01,  0.14985678E+02, -0.11976790E+01, -0.13785711E-04,  0.37092032E-02, -0.35670884E-03
     566.,  0.48436426E+01,  0.15650082E+02, -0.11976790E+01,  0.22862394E-03,  0.38243789E-02, -0.96055365E-03
     567.,  0.47178665E+01,  0.16360524E+02, -0.11976790E+01,  0.50219336E-03,  0.39348730E-02, -0.22543198E-02
     568.,  0.46346001E+01,  0.17107753E+02, -0.11976790E+01,  0.81765472E-03,  0.40272858E-02, -0.49528839E-02
     569.,  0.46039953E+01,  0.17875957E+02, -0.11976790E+01,  0.11543705E-02,  0.40926551E-02, -0.10678838E-01
     570.,  0.46300929E+01,  0.18645006E+02, -0.11976790E+01,  0.18566288E-02,  0.40369192E-02, -0.22726115E-01
     571.,  0.47094365E+01,  0.19394584E+02, -0.11976790E+01,  0.37607712E-02,  0.35088785E-02, -0.47359431E-01
     572.,  0.48322632E+01,  0.20108418E+02, -0.11976790E+01,  0.87560867E-02,  0.12639312E-02, -0.97537972E-01
     573.,  0.49855348E+01,  0.20776705E+02, -0.11976790E+01,  0.20451420E-01, -0.62389107E-02, -0.18501213E+00
     574.,  0.51561607E+01,  0.21396160E+02, -0.11976790E+01,  0.40358870E-01, -0.22419840E-01, -0.30457033E+00
     575.,  0.53331633E+01,  0.21968445E+02, -0.11976790E+01,  0.66366048E-01, -0.46494935E-01, -0.44153356E+00
     576.,  0.55085065E+01,  0.22498138E+02, -0.11976790E+01,  0.96850832E-01, -0.76809971E-01, -0.58625390E+00
     577.,  0.50858150E+01,  0.23576268E+02, -0.11976790E+01,  0.21452882E+00, -0.20102221E+00, -0.11686894E+01
     578.,  0.56891908E+01,  0.23703487E+02, -0.11976790E+01,  0.18956700E+00, -0.17545784E+00, -0.10197779E+01
     579.,  0.63203396E+01,  0.23836451E+02, -0.11976790E+01,  0.16257289E+00, -0.14679453E+00, -0.86293257E+00
     580.,  0.69838512E+01,  0.23971339E+02, -0.11976790E+01,  0.13083776E+00, -0.11127791E+00, -0.69380790E+00
     581.,  0.76834930E+01,  0.24102134E+02, -0.11976790E+01,  0.94924592E-01, -0.69102026E-01, -0.51576537E+00
     582.,  0.84208872E+01,  0.24220458E+02, -0.11976790E+01,  0.59744360E-01, -0.30969173E-01, -0.33592129E+00
     583.,  0.91938774E+01,  0.24316146E+02, -0.11976790E+01,  0.32228969E-01, -0.66653951E-02, -0.17670459E+00
     584.,  0.99951909E+01,  0.24378891E+02, -0.11976790E+01,  0.13240966E-01,  0.14743860E-02, -0.45996023E-01
     585.,  0.10812349E+02,  0.24400799E+02, -0.11976790E+01,  0.19611327E-02,  0.13553548E-02,  0.65545777E-01
     586.,  0.11629507E+02,  0.24378891E+02, -0.11976790E+01, -0.11255374E-01, -0.18895906E-02,  0.16194953E+00
     587.,  0.12430821E+02,  0.24316146E+02, -0.11976790E+01, -0.28536077E-01, -0.21085929E-01,  0.25697220E+00
     588.,  0.13203811E+02,  0.24220458E+02, -0.11976790E+01, -0.47064762E-01, -0.50456797E-01,  0.38243292E+00
     589.,  0.13941205E+02,  0.24102134E+02, -0.11976790E+01, -0.67698772E-01, -0.82558179E-01,  0.52530932E+00
     590.,  0.14640847E+02,  0.23971339E+02, -0.11976790E+01, -0.90966784E-01, -0.11704572E+00,  0.67141557E+00
     591.,  0.15304358E+02,  0.23836451E+02, -0.11976790E+01, -0.11470011E+00, -0.15074225E+00,  0.81372888E+00
     592.,  0.15935507E+02,  0.23703487E+02, -0.11976790E+01, -0.13766010E+00, -0.18274204E+00,  0.94998730E+00
     593.,  0.16538883E+02,  0.23576268E+02, -0.11976790E+01, -0.15777729E+00, -0.21096809E+00,  0.10754184E+01
     594.,  0.16665231E+02,  0.22973400E+02, -0.11976790E+01, -0.11386048E+00, -0.14799197E+00,  0.83283429E+00
     595.,  0.16796738E+02,  0.22342928E+02, -0.11976790E+01, -0.70581535E-01, -0.86712805E-01,  0.58778261E+00
     596.,  0.16929490E+02,  0.21680510E+02, -0.11976790E+01, -0.33784235E-01, -0.36894220E-01,  0.35910566E+00
     597.,  0.17057460E+02,  0.20982716E+02, -0.11976790E+01, -0.11649411E-01, -0.98085639E-02,  0.18314108E+00
     598.,  0.17172413E+02,  0.20248298E+02, -0.11976790E+01, -0.31010150E-02, -0.92692017E-03,  0.80005331E-01
     599.,  0.17264533E+02,  0.19479719E+02, -0.11976790E+01, -0.78388187E-03,  0.10369725E-02,  0.33048740E-01
     600.,  0.17324041E+02,  0.18684332E+02, -0.11976790E+01, -0.34667128E-03,  0.13698579E-02,  0.13566518E-01
     601.,  0.17343614E+02,  0.17874343E+02, -0.11976790E+01, -0.34428753E-03,  0.13780770E-02,  0.53444417E-02
     602.,  0.17320661E+02,  0.17064986E+02, -0.11976790E+01, -0.36547017E-03,  0.13517949E-02,  0.18523531E-02
     603.,  0.17258211E+02,  0.16271362E+02, -0.11976790E+01, -0.39460324E-03,  0.13158805E-02,  0.51452748E-03
     604.,  0.17163879E+02,  0.15505327E+02, -0.11976790E+01, -0.41896277E-03,  0.12827826E-02,  0.41666606E-04
     605.,  0.17047529E+02,  0.14773821E+02, -0.11976790E+01, -0.44078887E-03,  0.12521571E-02, -0.12651628E-03
     606.,  0.16918899E+02,  0.14078956E+02, -0.11976790E+01, -0.46236704E-03,  0.12268854E-02, -0.18757646E-03
     607.,  0.16786054E+02,  0.13419253E+02, -0.11976790E+01, -0.48601161E-03,  0.12063743E-02, -0.21210920E-03
     608.,  0.16654842E+02,  0.12791166E+02, -0.11976790E+01, -0.51043297E-03,  0.11910580E-02, -0.22447649E-03
     609.,  0.16529025E+02,  0.12190323E+02, -0.11976790E+01, -0.53339411E-03,  0.11808468E-02, -0.23121081E-03
     610.,  0.15925098E+02,  0.12063857E+02, -0.11976790E+01, -0.54155468E-03,  0.11692217E-02, -0.12114071E-03
     611.,  0.15293629E+02,  0.11931959E+02, -0.11976790E+01, -0.55519641E-03,  0.11528109E-02, -0.25598649E-04
     612.,  0.14630185E+02,  0.11798461E+02, -0.11976790E+01, -0.57706133E-03,  0.11346411E-02,  0.48263378E-04
     613.,  0.13931184E+02,  0.11669329E+02, -0.11976790E+01, -0.61060045E-03,  0.11205720E-02,  0.98634468E-04
     614.,  0.13195179E+02,  0.11552787E+02, -0.11976790E+01, -0.65943907E-03,  0.11202657E-02,  0.12875235E-03
     615.,  0.12424413E+02,  0.11458742E+02, -0.11976790E+01, -0.72576272E-03,  0.11474913E-02,  0.14471393E-03
     616.,  0.11626077E+02,  0.11397177E+02, -0.11976790E+01, -0.80771549E-03,  0.12182736E-02,  0.15383681E-03
     617.,  0.10812349E+02,  0.11375699E+02, -0.11976790E+01, -0.89736218E-03,  0.13461767E-02,  0.16381851E-03
     618.,  0.99986211E+01,  0.11397177E+02, -0.11976790E+01, -0.98184406E-03,  0.15363533E-02,  0.18267431E-03
     619.,  0.92002846E+01,  0.11458742E+02, -0.11976790E+01, -0.10483832E-02,  0.17824186E-02,  0.21806963E-03
     620.,  0.84295193E+01,  0.11552787E+02, -0.11976790E+01, -0.10896111E-02,  0.20688536E-02,  0.27448747E-03
     621.,  0.76935138E+01,  0.11669329E+02, -0.11976790E+01, -0.11051549E-02,  0.23770257E-02,  0.34929518E-03
     622.,  0.69945129E+01,  0.11798461E+02, -0.11976790E+01, -0.10994143E-02,  0.26905836E-02,  0.43024066E-03
     623.,  0.63310689E+01,  0.11931959E+02, -0.11976790E+01, -0.10783009E-02,  0.29979895E-02,  0.49475706E-03
     624.,  0.56996001E+01,  0.12063857E+02, -0.11976790E+01, -0.10470147E-02,  0.32922432E-02,  0.51076642E-03
     625.,  0.50956728E+01,  0.12190323E+02, -0.11976790E+01, -0.10095344E-02,  0.35694840E-02,  0.44527713E-03
     626.,  0.49698556E+01,  0.12791166E+02, -0.11976790E+01, -0.79094966E-03,  0.36369357E-02,  0.25820067E-03
     627.,  0.48386439E+01,  0.13419253E+02, -0.11976790E+01, -0.56701752E-03,  0.37149097E-02,  0.21615631E-04
     628.,  0.47057993E+01,  0.14078956E+02, -0.11976790E+01, -0.33383175E-03,  0.38038097E-02, -0.32062164E-03
     629.,  0.45771687E+01,  0.14773821E+02, -0.11976790E+01, -0.88175098E-04,  0.39035932E-02, -0.89241002E-03
     630.,  0.44608192E+01,  0.15505327E+02, -0.11976790E+01,  0.17633780E-03,  0.40119900E-02, -0.19768550E-02
     631.,  0.43664871E+01,  0.16271362E+02, -0.11976790E+01,  0.47326842E-03,  0.41266352E-02, -0.42249283E-02
     632.,  0.43040373E+01,  0.17064986E+02, -0.11976790E+01,  0.82712151E-03,  0.42379217E-02, -0.89629688E-02
     633.,  0.42810837E+01,  0.17874343E+02, -0.11976790E+01,  0.12514134E-02,  0.43618586E-02, -0.19598196E-01
     634.,  0.43006569E+01,  0.18684332E+02, -0.11976790E+01,  0.24716059E-02,  0.42256653E-02, -0.43781410E-01
     635.,  0.43601646E+01,  0.19479719E+02, -0.11976790E+01,  0.67871918E-02,  0.23732414E-02, -0.95636877E-01
     636.,  0.44522847E+01,  0.20248298E+02, -0.11976790E+01,  0.18913748E-01, -0.54197488E-02, -0.19496001E+00
     637.,  0.45672383E+01,  0.20982716E+02, -0.11976790E+01,  0.44189617E-01, -0.26122071E-01, -0.35001897E+00
     638.,  0.46952078E+01,  0.21680510E+02, -0.11976790E+01,  0.81710028E-01, -0.61603132E-01, -0.54445057E+00
     639.,  0.48279597E+01,  0.22342928E+02, -0.11976790E+01,  0.12581401E+00, -0.10657327E+00, -0.75517753E+00
     640.,  0.49594671E+01,  0.22973400E+02, -0.11976790E+01,  0.17105879E+00, -0.15461056E+00, -0.96599264E+00
     641.,  0.44946597E+01,  0.24161511E+02, -0.11976790E+01,  0.29895986E+00, -0.28956279E+00, -0.16032087E+01
     642.,  0.52094102E+01,  0.24246324E+02, -0.11976790E+01,  0.26253902E+00, -0.25214130E+00, -0.13971610E+01
     643.,  0.59426760E+01,  0.24334967E+02, -0.11976790E+01,  0.22806456E+00, -0.21709087E+00, -0.11947764E+01
     644.,  0.66975171E+01,  0.24424893E+02, -0.11976790E+01,  0.19106231E+00, -0.17677064E+00, -0.98742076E+00
     645.,  0.74764450E+01,  0.24512089E+02, -0.11976790E+01,  0.14511019E+00, -0.12228856E+00, -0.76074623E+00
     646.,  0.82805411E+01,  0.24590972E+02, -0.11976790E+01,  0.97959785E-01, -0.66088657E-01, -0.52391899E+00
     647.,  0.91083679E+01,  0.24654764E+02, -0.11976790E+01,  0.55194924E-01, -0.21212188E-01, -0.29674436E+00
     648.,  0.99550769E+01,  0.24696593E+02, -0.11976790E+01,  0.23424362E-01,  0.70994104E-03, -0.93129234E-01
     649.,  0.10812349E+02,  0.24711199E+02, -0.11976790E+01, -0.81046782E-03,  0.14022175E-02,  0.96705668E-01
     650.,  0.11669621E+02,  0.24696593E+02, -0.11976790E+01, -0.23725423E-01, -0.77907523E-02,  0.25633262E+00
     651.,  0.12516330E+02,  0.24654764E+02, -0.11976790E+01, -0.51145596E-01, -0.47225417E-01,  0.40528360E+00
     652.,  0.13344157E+02,  0.24590972E+02, -0.11976790E+01, -0.75704348E-01, -0.91902180E-01,  0.57259555E+00
     653.,  0.14148253E+02,  0.24512089E+02, -0.11976790E+01, -0.10293110E+00, -0.13467050E+00,  0.75806150E+00
     654.,  0.14927181E+02,  0.24424893E+02, -0.11976790E+01, -0.13728958E+00, -0.18335290E+00,  0.95503124E+00
     655.,  0.15682022E+02,  0.24334967E+02, -0.11976790E+01, -0.17550877E+00, -0.23694824E+00,  0.11620695E+01
     656.,  0.16415288E+02,  0.24246324E+02, -0.11976790E+01, -0.20946292E+00, -0.28528059E+00,  0.13557880E+01
     657.,  0.17130038E+02,  0.24161511E+02, -0.11976790E+01, -0.23807202E+00, -0.32551803E+00,  0.15332222E+01
     658.,  0.17214270E+02,  0.23448662E+02, -0.11976790E+01, -0.17837254E+00, -0.23946271E+00,  0.12141412E+01
     659.,  0.17301942E+02,  0.22717410E+02, -0.11976790E+01, -0.11962169E+00, -0.15510442E+00,  0.89404143E+00
     660.,  0.17390443E+02,  0.21964861E+02, -0.11976790E+01, -0.65050048E-01, -0.78281034E-01,  0.58276270E+00
     661.,  0.17475756E+02,  0.21188727E+02, -0.11976790E+01, -0.25101992E-01, -0.25458645E-01,  0.31697428E+00
     662.,  0.17552392E+02,  0.20388177E+02, -0.11976790E+01, -0.64267911E-02, -0.38279662E-02,  0.14081039E+00
     663.,  0.17613805E+02,  0.19564854E+02, -0.11976790E+01, -0.12301397E-02,  0.10165410E-02,  0.54276683E-01
     664.,  0.17653477E+02,  0.18723659E+02, -0.11976790E+01, -0.39819430E-03,  0.14603762E-02,  0.20483689E-01
     665.,  0.17666526E+02,  0.17872728E+02, -0.11976790E+01, -0.35640106E-03,  0.14089799E-02,  0.78897091E-02
     666.,  0.17651223E+02,  0.17022220E+02, -0.11976790E+01, -0.36904712E-03,  0.13556166E-02,  0.27986440E-02
     667.,  0.17609590E+02,  0.16182199E+02, -0.11976790E+01, -0.39958214E-03,  0.13136620E-02,  0.80728894E-03
     668.,  0.17546702E+02,  0.15360572E+02, -0.11976790E+01, -0.42838659E-03,  0.12729126E-02,  0.71615961E-04
     669.,  0.17469136E+02,  0.14561964E+02, -0.11976790E+01, -0.45239859E-03,  0.12417970E-02, -0.19966434E-03
     670.,  0.17383382E+02,  0.13787783E+02, -0.11976790E+01, -0.47796440E-03,  0.12166714E-02, -0.30182782E-03
     671.,  0.17294819E+02,  0.13037043E+02, -0.11976790E+01, -0.50440751E-03,  0.11982874E-02, -0.34666070E-03
     672.,  0.17207344E+02,  0.12307381E+02, -0.11976790E+01, -0.52913651E-03,  0.11863842E-02, -0.36839320E-03
     673.,  0.17123466E+02,  0.11595882E+02, -0.11976790E+01, -0.54816291E-03,  0.11803862E-02, -0.38263756E-03
     674.,  0.16408348E+02,  0.11511571E+02, -0.11976790E+01, -0.55461462E-03,  0.11752209E-02, -0.24050271E-03
     675.,  0.15674869E+02,  0.11423639E+02, -0.11976790E+01, -0.56753938E-03,  0.11621150E-02, -0.11123893E-03
     676.,  0.14920073E+02,  0.11334641E+02, -0.11976790E+01, -0.59018601E-03,  0.11444575E-02, -0.54444649E-05
     677.,  0.14141572E+02,  0.11248552E+02, -0.11976790E+01, -0.62684163E-03,  0.11288927E-02,  0.70276078E-04
     678.,  0.13338402E+02,  0.11170857E+02, -0.11976790E+01, -0.68208621E-03,  0.11264494E-02,  0.11696684E-03
     679.,  0.12512059E+02,  0.11108161E+02, -0.11976790E+01, -0.75890943E-03,  0.11525082E-02,  0.14217645E-03
     680.,  0.11667334E+02,  0.11067117E+02, -0.11976790E+01, -0.85586262E-03,  0.12247951E-02,  0.15669988E-03
     681.,  0.10812349E+02,  0.11052799E+02, -0.11976790E+01, -0.96488494E-03,  0.13585334E-02,  0.17239667E-03
     682.,  0.99573637E+01,  0.11067117E+02, -0.11976790E+01, -0.10723643E-02,  0.15604140E-02,  0.20167698E-03
     683.,  0.91126394E+01,  0.11108161E+02, -0.11976790E+01, -0.11640809E-02,  0.18252402E-02,  0.25641130E-03
     684.,  0.82862959E+01,  0.11170857E+02, -0.11976790E+01, -0.12307496E-02,  0.21378934E-02,  0.34305645E-03
     685.,  0.74831255E+01,  0.11248552E+02, -0.11976790E+01, -0.12701766E-02,  0.24789845E-02,  0.45521660E-03
     686.,  0.67046249E+01,  0.11334641E+02, -0.11976790E+01, -0.12856133E-02,  0.28302852E-02,  0.56893873E-03
     687.,  0.59498289E+01,  0.11423639E+02, -0.11976790E+01, -0.12825822E-02,  0.31775164E-02,  0.64459972E-03
     688.,  0.52163497E+01,  0.11511571E+02, -0.11976790E+01, -0.12664795E-02,  0.35109986E-02,  0.63999981E-03
     689.,  0.45012315E+01,  0.11595882E+02, -0.11976790E+01, -0.12416957E-02,  0.38249235E-02,  0.53308932E-03
     690.,  0.44173534E+01,  0.12307381E+02, -0.11976790E+01, -0.96913269E-03,  0.38698308E-02,  0.25018989E-03
     691.,  0.43298789E+01,  0.13037043E+02, -0.11976790E+01, -0.70102754E-03,  0.39262980E-02, -0.10467780E-03
     692.,  0.42413158E+01,  0.13787783E+02, -0.11976790E+01, -0.43177208E-03,  0.39961138E-02, -0.62133705E-03
     693.,  0.41555621E+01,  0.14561964E+02, -0.11976790E+01, -0.15673729E-03,  0.40820024E-02, -0.14811326E-02
     694.,  0.40779958E+01,  0.15360572E+02, -0.11976790E+01,  0.12982547E-03,  0.41869147E-02, -0.30863345E-02
     695.,  0.40151077E+01,  0.16182199E+02, -0.11976790E+01,  0.45074463E-03,  0.43078592E-02, -0.63387136E-02
     696.,  0.39734745E+01,  0.17022220E+02, -0.11976790E+01,  0.85231261E-03,  0.44492003E-02, -0.13213008E-01
     697.,  0.39581721E+01,  0.17872728E+02, -0.11976790E+01,  0.13957044E-02,  0.46712067E-02, -0.29263429E-01
     698.,  0.39712209E+01,  0.18723659E+02, -0.11976790E+01,  0.32836410E-02,  0.44399823E-02, -0.68187930E-01
     699.,  0.40108927E+01,  0.19564854E+02, -0.11976790E+01,  0.10905990E-01,  0.56759617E-03, -0.15368999E+00
     700.,  0.40723061E+01,  0.20388177E+02, -0.11976790E+01,  0.32446767E-01, -0.15577538E-01, -0.30906458E+00
     701.,  0.41489419E+01,  0.21188727E+02, -0.11976790E+01,  0.73136042E-01, -0.52522835E-01, -0.53323046E+00
     702.,  0.42342548E+01,  0.21964861E+02, -0.11976790E+01,  0.12764402E+00, -0.10750628E+00, -0.79795291E+00
     703.,  0.43227561E+01,  0.22717410E+02, -0.11976790E+01,  0.18647241E+00, -0.16969795E+00, -0.10731341E+01
     704.,  0.44104277E+01,  0.23448662E+02, -0.11976790E+01,  0.24423177E+00, -0.23129537E+00, -0.13430724E+01
     705.,  0.39035043E+01,  0.24746755E+02, -0.11976790E+01,  0.37490812E+00, -0.36719754E+00, -0.20155801E+01
     706.,  0.47296296E+01,  0.24789162E+02, -0.11976790E+01,  0.33028584E+00, -0.32196552E+00, -0.17600213E+01
     707.,  0.55650125E+01,  0.24833483E+02, -0.11976790E+01,  0.28303111E+00, -0.27306243E+00, -0.14963009E+01
     708.,  0.64111830E+01,  0.24878446E+02, -0.11976790E+01,  0.24153769E+00, -0.23003120E+00, -0.12560944E+01
     709.,  0.72693970E+01,  0.24922044E+02, -0.11976790E+01,  0.19700318E+00, -0.17884222E+00, -0.10119085E+01
     710.,  0.81401950E+01,  0.24961485E+02, -0.11976790E+01,  0.13546762E+00, -0.10363456E+00, -0.71515494E+00
     711.,  0.90228584E+01,  0.24993381E+02, -0.11976790E+01,  0.78727988E-01, -0.36466959E-01, -0.41849070E+00
     712.,  0.99149629E+01,  0.25014296E+02, -0.11976790E+01,  0.33873241E-01, -0.38901107E-03, -0.14494306E+00
     713.,  0.10812349E+02,  0.25021599E+02, -0.11976790E+01, -0.42021213E-02,  0.14273825E-02,  0.12018890E+00
     714.,  0.11709735E+02,  0.25014296E+02, -0.11976790E+01, -0.41913041E-01, -0.13226008E-01,  0.36326796E+00
     715.,  0.12601839E+02,  0.24993381E+02, -0.11976790E+01, -0.80064308E-01, -0.81876568E-01,  0.57008957E+00
     716.,  0.13484503E+02,  0.24961485E+02, -0.11976790E+01, -0.10773935E+00, -0.14164722E+00,  0.77762806E+00
     717.,  0.14355301E+02,  0.24922044E+02, -0.11976790E+01, -0.14037649E+00, -0.18865904E+00,  0.99610988E+00
     718.,  0.15213515E+02,  0.24878446E+02, -0.11976790E+01, -0.19265526E+00, -0.26124908E+00,  0.12611599E+01
     719.,  0.16059685E+02,  0.24833483E+02, -0.11976790E+01, -0.24266812E+00, -0.33316668E+00,  0.15264997E+01
     720.,  0.16895068E+02,  0.24789162E+02, -0.11976790E+01, -0.28278417E+00, -0.39012016E+00,  0.17656263E+01
     721.,  0.17721194E+02,  0.24746755E+02, -0.11976790E+01, -0.32023130E+00, -0.44383269E+00,  0.19966585E+01
     722.,  0.17763310E+02,  0.23923924E+02, -0.11976790E+01, -0.24701899E+00, -0.33761452E+00,  0.16068976E+01
     723.,  0.17807145E+02,  0.23091892E+02, -0.11976790E+01, -0.17286093E+00, -0.23025981E+00,  0.12128269E+01
     724.,  0.17851396E+02,  0.22249211E+02, -0.11976790E+01, -0.10179889E+00, -0.12824392E+00,  0.82488383E+00
     725.,  0.17894052E+02,  0.21394738E+02, -0.11976790E+01, -0.43208441E-01, -0.47456534E-01,  0.47235977E+00
     726.,  0.17932370E+02,  0.20528057E+02, -0.11976790E+01, -0.11034753E-01, -0.76576793E-02,  0.21338898E+00
     727.,  0.17963077E+02,  0.19649989E+02, -0.11976790E+01, -0.18586434E-02,  0.11206005E-02,  0.78000926E-01
     728.,  0.17982913E+02,  0.18762985E+02, -0.11976790E+01, -0.48418264E-03,  0.15782831E-02,  0.27372757E-01
     729.,  0.17989437E+02,  0.17871114E+02, -0.11976790E+01, -0.38115421E-03,  0.14209514E-02,  0.10389779E-01
     730.,  0.17981786E+02,  0.16979453E+02, -0.11976790E+01, -0.37331867E-03,  0.13614860E-02,  0.37373835E-02
     731.,  0.17960970E+02,  0.16093037E+02, -0.11976790E+01, -0.40907594E-03,  0.13016220E-02,  0.10985470E-02
     732.,  0.17929526E+02,  0.15215817E+02, -0.11976790E+01, -0.43728273E-03,  0.12606848E-02,  0.95409724E-04
     733.,  0.17890742E+02,  0.14350106E+02, -0.11976790E+01, -0.46403541E-03,  0.12273320E-02, -0.27068223E-03
     734.,  0.17847866E+02,  0.13496610E+02, -0.11976790E+01, -0.49222499E-03,  0.12027428E-02, -0.41507487E-03
     735.,  0.17803584E+02,  0.12654834E+02, -0.11976790E+01, -0.52018274E-03,  0.11866998E-02, -0.47560019E-03
     736.,  0.17759847E+02,  0.11823596E+02, -0.11976790E+01, -0.54286946E-03,  0.11784920E-02, -0.50865201E-03
     737.,  0.17717908E+02,  0.11001440E+02, -0.11976790E+01, -0.55642316E-03,  0.11762648E-02, -0.53158744E-03
     738.,  0.16891599E+02,  0.10959285E+02, -0.11976790E+01, -0.55947775E-03,  0.11788510E-02, -0.36013974E-03
     739.,  0.16056109E+02,  0.10915319E+02, -0.11976790E+01, -0.56939313E-03,  0.11709879E-02, -0.19965291E-03
     740.,  0.15209961E+02,  0.10870820E+02, -0.11976790E+01, -0.59088990E-03,  0.11550688E-02, -0.62888917E-04
     741.,  0.14351961E+02,  0.10827776E+02, -0.11976790E+01, -0.62994857E-03,  0.11385994E-02,  0.39023197E-04
     742.,  0.13481625E+02,  0.10788928E+02, -0.11976790E+01, -0.69255840E-03,  0.11340775E-02,  0.10369745E-03
     743.,  0.12599704E+02,  0.10757580E+02, -0.11976790E+01, -0.78241600E-03,  0.11587578E-02,  0.13912255E-03
     744.,  0.11708592E+02,  0.10737058E+02, -0.11976790E+01, -0.89809410E-03,  0.12322986E-02,  0.15958690E-03
     745.,  0.10812349E+02,  0.10729899E+02, -0.11976790E+01, -0.10309531E-02,  0.13717379E-02,  0.18153804E-03
     746.,  0.99161063E+01,  0.10737058E+02, -0.11976790E+01, -0.11662185E-02,  0.15853661E-02,  0.22236859E-03
     747.,  0.90249942E+01,  0.10757580E+02, -0.11976790E+01, -0.12877537E-02,  0.18691318E-02,  0.29876829E-03
     748.,  0.81430724E+01,  0.10788928E+02, -0.11976790E+01, -0.13836626E-02,  0.22081415E-02,  0.41924902E-03
     749.,  0.72727372E+01,  0.10827776E+02, -0.11976790E+01, -0.14491229E-02,  0.25819429E-02,  0.57213903E-03
     750.,  0.64147369E+01,  0.10870820E+02, -0.11976790E+01, -0.14856744E-02,  0.29699471E-02,  0.71838600E-03
     751.,  0.55685889E+01,  0.10915319E+02, -0.11976790E+01, -0.14988770E-02,  0.33547493E-02,  0.80129770E-03
     752.,  0.47330993E+01,  0.10959285E+02, -0.11976790E+01, -0.14956509E-02,  0.37238250E-02,  0.77674826E-03
     753.,  0.39067902E+01,  0.11001440E+02, -0.11976790E+01, -0.14824816E-02,  0.40723690E-02,  0.64668020E-03
     754.,  0.38648512E+01,  0.11823596E+02, -0.11976790E+01, -0.11535141E-02,  0.40937152E-02,  0.27801275E-03
     755.,  0.38211139E+01,  0.12654834E+02, -0.11976790E+01, -0.83719393E-03,  0.41260226E-02, -0.18617969E-03
     756.,  0.37768324E+01,  0.13496610E+02, -0.11976790E+01, -0.52959106E-03,  0.41740585E-02, -0.86453592E-03
     757.,  0.37339555E+01,  0.14350106E+02, -0.11976790E+01, -0.22265547E-03,  0.42428809E-02, -0.20038765E-02
     758.,  0.36951723E+01,  0.15215817E+02, -0.11976790E+01,  0.90107781E-04,  0.43405834E-02, -0.41201762E-02
     759.,  0.36637283E+01,  0.16093037E+02, -0.11976790E+01,  0.43171931E-03,  0.44743396E-02, -0.83499722E-02
     760.,  0.36429117E+01,  0.16979453E+02, -0.11976790E+01,  0.88977408E-03,  0.46454994E-02, -0.17217568E-01
     761.,  0.36352605E+01,  0.17871114E+02, -0.11976790E+01,  0.15926507E-02,  0.50071891E-02, -0.38616057E-01
     762.,  0.36417849E+01,  0.18762985E+02, -0.11976790E+01,  0.42738730E-02,  0.49546179E-02, -0.93531897E-01
     763.,  0.36616208E+01,  0.19649989E+02, -0.11976790E+01,  0.15786786E-01, -0.12519692E-02, -0.21672236E+00
     764.,  0.36923275E+01,  0.20528057E+02, -0.11976790E+01,  0.48338294E-01, -0.27764412E-01, -0.43330234E+00
     765.,  0.37306454E+01,  0.21394738E+02, -0.11976790E+01,  0.10570514E+00, -0.83411267E-01, -0.72795670E+00
     766.,  0.37733019E+01,  0.22249211E+02, -0.11976790E+01,  0.17599211E+00, -0.15692906E+00, -0.10585314E+01
     767.,  0.38175525E+01,  0.23091892E+02, -0.11976790E+01,  0.24815592E+00, -0.23400785E+00, -0.13937133E+01
     768.,  0.38613883E+01,  0.23923924E+02, -0.11976790E+01,  0.31806282E+00, -0.30883599E+00, -0.17215399E+01
     769.,  0.33123489E+01,  0.25331999E+02, -0.11976790E+01,  0.41047746E+00, -0.40928157E+00, -0.23180131E+01
     770.,  0.42498489E+01,  0.25331999E+02, -0.11976790E+01,  0.35742584E+00, -0.35636353E+00, -0.20099292E+01
     771.,  0.51873489E+01,  0.25331999E+02, -0.11976790E+01,  0.30433780E+00, -0.30336184E+00, -0.17035016E+01
     772.,  0.61248489E+01,  0.25331999E+02, -0.11976790E+01,  0.25211080E+00, -0.24376518E+00, -0.13979075E+01
     773.,  0.70623489E+01,  0.25331999E+02, -0.11976790E+01,  0.19284816E+00, -0.17574564E+00, -0.10890934E+01
     774.,  0.79998489E+01,  0.25331999E+02, -0.11976790E+01,  0.13611272E+00, -0.10621602E+00, -0.78289988E+00
     775.,  0.89373489E+01,  0.25331999E+02, -0.11976790E+01,  0.85593179E-01, -0.39574976E-01, -0.47700870E+00
     776.,  0.98748489E+01,  0.25331999E+02, -0.11976790E+01,  0.42258451E-01, -0.18815805E-10, -0.17446411E+00
     777.,  0.10812349E+02,  0.25331999E+02, -0.11976790E+01, -0.75268047E-02, -0.97705772E-11,  0.12698039E+00
     778.,  0.11749849E+02,  0.25331999E+02, -0.11976790E+01, -0.57312060E-01, -0.70832131E-12,  0.42842488E+00
     779.,  0.12687349E+02,  0.25331999E+02, -0.11976790E+01, -0.98140709E-01, -0.11266000E+00,  0.72300962E+00
     780.,  0.13624849E+02,  0.25331999E+02, -0.11976790E+01, -0.14623199E+00, -0.20592310E+00,  0.10043883E+01
     781.,  0.14562349E+02,  0.25331999E+02, -0.11976790E+01, -0.19906940E+00, -0.26305020E+00,  0.12894832E+01
     782.,  0.15499849E+02,  0.25331999E+02, -0.11976790E+01, -0.25280908E+00, -0.34701673E+00,  0.15770637E+01
     783.,  0.16437349E+02,  0.25331999E+02, -0.11976790E+01, -0.30345953E+00, -0.41904667E+00,  0.18743376E+01
     784.,  0.17374849E+02,  0.25331999E+02, -0.11976790E+01, -0.35246842E+00, -0.49052053E+00,  0.21665238E+01
     785.,  0.18312349E+02,  0.25331999E+02, -0.11976790E+01, -0.40136366E+00, -0.56012009E+00,  0.24573792E+01
     786.,  0.18312349E+02,  0.24399186E+02, -0.11976790E+01, -0.31825199E+00, -0.44027427E+00,  0.20070570E+01
     787.,  0.18312349E+02,  0.23466374E+02, -0.11976790E+01, -0.22965314E+00, -0.31113956E+00,  0.15417842E+01
     788.,  0.18312349E+02,  0.22533562E+02, -0.11976790E+01, -0.14243419E+00, -0.18415690E+00,  0.10793318E+01
     789.,  0.18312349E+02,  0.21600749E+02, -0.11976790E+01, -0.65090961E-01, -0.73413740E-01,  0.64188563E+00
     790.,  0.18312349E+02,  0.20667936E+02, -0.11976790E+01, -0.17071966E-01, -0.10647601E-01,  0.29263544E+00
     791.,  0.18312349E+02,  0.19735124E+02, -0.11976790E+01, -0.27855373E-02,  0.18606856E-02,  0.10067576E+00
     792.,  0.18312349E+02,  0.18802311E+02, -0.11976790E+01, -0.62087307E-03,  0.16130005E-02,  0.33595445E-01
     793.,  0.18312349E+02,  0.17869499E+02, -0.11976790E+01, -0.40462216E-03,  0.14485469E-02,  0.12606930E-01
     794.,  0.18312349E+02,  0.16936686E+02, -0.11976790E+01, -0.38307845E-03,  0.13434075E-02,  0.45734722E-02
     795.,  0.18312349E+02,  0.16003874E+02, -0.11976790E+01, -0.41818154E-03,  0.12884717E-02,  0.13030212E-02
     796.,  0.18312349E+02,  0.15071061E+02, -0.11976790E+01, -0.44635653E-03,  0.12440358E-02,  0.85283163E-04
     797.,  0.18312349E+02,  0.14138249E+02, -0.11976790E+01, -0.47511521E-03,  0.12090359E-02, -0.36267792E-03
     798.,  0.18312349E+02,  0.13205437E+02, -0.11976790E+01, -0.50526479E-03,  0.11841140E-02, -0.53151689E-03
     799.,  0.18312349E+02,  0.12272624E+02, -0.11976790E+01, -0.53310913E-03,  0.11719748E-02, -0.60454058E-03
     800.,  0.18312349E+02,  0.11339811E+02, -0.11976790E+01, -0.55170748E-03,  0.11698507E-02, -0.64642603E-03
     801.,  0.18312349E+02,  0.10406999E+02, -0.11976790E+01, -0.56235445E-03,  0.11703603E-02, -0.67979905E-03
     802.,  0.17374849E+02,  0.10406999E+02, -0.11976790E+01, -0.56182686E-03,  0.11781904E-02, -0.48036248E-03
     803.,  0.16437349E+02,  0.10406999E+02, -0.11976790E+01, -0.56430397E-03,  0.11773134E-02, -0.29014840E-03
     804.,  0.15499849E+02,  0.10406999E+02, -0.11976790E+01, -0.57981953E-03,  0.11649652E-02, -0.12288849E-03
     805.,  0.14562349E+02,  0.10406999E+02, -0.11976790E+01, -0.61850034E-03,  0.11489252E-02,  0.58965135E-05
     806.,  0.13624849E+02,  0.10406999E+02, -0.11976790E+01, -0.68839970E-03,  0.11430739E-02,  0.89565277E-04
     807.,  0.12687349E+02,  0.10406999E+02, -0.11976790E+01, -0.79385591E-03,  0.11666541E-02,  0.13575010E-03
     808.,  0.11749849E+02,  0.10406999E+02, -0.11976790E+01, -0.93281660E-03,  0.12414995E-02,  0.16224041E-03
     809.,  0.10812349E+02,  0.10406999E+02, -0.11976790E+01, -0.10952964E-02,  0.13866623E-02,  0.19050509E-03
     810.,  0.98748489E+01,  0.10406999E+02, -0.11976790E+01, -0.12646600E-02,  0.16121195E-02,  0.24350213E-03
     811.,  0.89373489E+01,  0.10406999E+02, -0.11976790E+01, -0.14220496E-02,  0.19148867E-02,  0.34348487E-03
     812.,  0.79998489E+01,  0.10406999E+02, -0.11976790E+01, -0.15518293E-02,  0.22800435E-02,  0.50150363E-03
     813.,  0.70623489E+01,  0.10406999E+02, -0.11976790E+01, -0.16451535E-02,  0.26856587E-02,  0.69930548E-03
     814.,  0.61248489E+01,  0.10406999E+02, -0.11976790E+01, -0.17007368E-02,  0.31083951E-02,  0.87998834E-03
     815.,  0.51873489E+01,  0.10406999E+02, -0.11976790E+01, -0.17241259E-02,  0.35275814E-02,  0.96959566E-03
     816.,  0.42498489E+01,  0.10406999E+02, -0.11976790E+01, -0.17276940E-02,  0.39291374E-02,  0.92745036E-03
     817.,  0.33123489E+01,  0.10406999E+02, -0.11976790E+01, -0.17267102E-02,  0.43166764E-02,  0.78964770E-03
     818.,  0.33123489E+01,  0.11339811E+02, -0.11976790E+01, -0.13456457E-02,  0.43155719E-02,  0.35551871E-03
     819.,  0.33123489E+01,  0.12272624E+02, -0.11976790E+01, -0.97830111E-03,  0.43184913E-02, -0.18711607E-03
     820.,  0.33123489E+01,  0.13205437E+02, -0.11976790E+01, -0.62921141E-03,  0.43388784E-02, -0.99545834E-03
     821.,  0.33123489E+01,  0.14138249E+02, -0.11976790E+01, -0.28951115E-03,  0.43874165E-02, -0.23652731E-02
     822.,  0.33123489E+01,  0.15071061E+02, -0.11976790E+01,  0.52907873E-04,  0.44714852E-02, -0.49413413E-02
     823.,  0.33123489E+01,  0.16003874E+02, -0.11976790E+01,  0.41797500E-03,  0.46083294E-02, -0.10071742E-01
     824.,  0.33123489E+01,  0.16936686E+02, -0.11976790E+01,  0.92550781E-03,  0.48259916E-02, -0.20685138E-01
     825.,  0.33123489E+01,  0.17869499E+02, -0.11976790E+01,  0.18563648E-02,  0.53317745E-02, -0.46733216E-01
     826.,  0.33123489E+01,  0.18802311E+02, -0.11976790E+01,  0.54986441E-02,  0.60025676E-02, -0.11729286E+00
     827.,  0.33123489E+01,  0.19735124E+02, -0.11976790E+01,  0.21302640E-01, -0.17226243E-02, -0.28068656E+00
     828.,  0.33123489E+01,  0.20667936E+02, -0.11976790E+01,  0.66244865E-01, -0.40850497E-01, -0.56478780E+00
     829.,  0.33123489E+01,  0.21600749E+02, -0.11976790E+01,  0.14114491E+00, -0.11782671E+00, -0.93157027E+00
     830.,  0.33123489E+01,  0.22533562E+02, -0.11976790E+01,  0.22620037E+00, -0.20872316E+00, -0.13241488E+01
     831.,  0.33123489E+01,  0.23466374E+02, -0.11976790E+01,  0.31147149E+00, -0.30044566E+00, -0.17183416E+01
     832.,  0.33123489E+01,  0.24399186E+02, -0.11976790E+01,  0.39455864E+00, -0.38878677E+00, -0.21074849E+01
     833.,  0.33123489E+01,  0.25331999E+02, -0.19237207E+01,  0.64202219E+00, -0.31495166E+00, -0.22734958E+01
     834.,  0.42498489E+01,  0.25331999E+02, -0.19237207E+01,  0.58865518E+00, -0.26250839E+00, -0.19660302E+01
     835.,  0.51873489E+01,  0.25331999E+02, -0.19237207E+01,  0.53572167E+00, -0.20678212E+00, -0.16593166E+01
     836.,  0.61248489E+01,  0.25331999E+02, -0.19237207E+01,  0.47608067E+00, -0.97111714E-01, -0.13456363E+01
     837.,  0.70623489E+01,  0.25331999E+02, -0.19237207E+01,  0.42506623E+00, -0.25659531E-10, -0.10402417E+01
     838.,  0.79998489E+01,  0.25331999E+02, -0.19237207E+01,  0.37528098E+00, -0.16611975E-10, -0.73879718E+00
     839.,  0.89373489E+01,  0.25331999E+02, -0.19237207E+01,  0.32549572E+00, -0.75728110E-11, -0.43735269E+00
     840.,  0.98748489E+01,  0.25331999E+02, -0.19237207E+01,  0.27571046E+00,  0.14834724E-11, -0.13590819E+00
     841.,  0.10812349E+02,  0.25331999E+02, -0.19237207E+01,  0.22592521E+00,  0.10533610E-10,  0.16553630E+00
     842.,  0.11749849E+02,  0.25331999E+02, -0.19237207E+01,  0.17613995E+00,  0.19582280E-10,  0.46698079E+00
     843.,  0.12687349E+02,  0.25331999E+02, -0.19237207E+01,  0.12635470E+00,  0.28636236E-10,  0.76842529E+00
     844.,  0.13624849E+02,  0.25331999E+02, -0.19237207E+01,  0.76569442E-01,  0.37686386E-10,  0.10698698E+01
     845.,  0.14562349E+02,  0.25331999E+02, -0.19237207E+01,  0.26784186E-01,  0.46739222E-10,  0.13713143E+01
     846.,  0.15499849E+02,  0.25331999E+02, -0.19237207E+01, -0.21700078E-01, -0.85019448E-01,  0.16689511E+01
     847.,  0.16437349E+02,  0.25331999E+02, -0.19237207E+01, -0.71777593E-01, -0.17403382E+00,  0.19579736E+01
     848.,  0.17374849E+02,  0.25331999E+02, -0.19237207E+01, -0.12268426E+00, -0.22957528E+00,  0.22552393E+01
     849.,  0.18312349E+02,  0.25331999E+02, -0.19237207E+01, -0.17318532E+00, -0.27761952E+00,  0.25544124E+01
     850.,  0.33123489E+01,  0.25331999E+02, -0.26497623E+01,  0.86240855E+00, -0.12652507E+00, -0.22134573E+01
     851.,  0.42498489E+01,  0.25331999E+02, -0.26497623E+01,  0.81115890E+00, -0.94910729E-01, -0.19107889E+01
     852.,  0.51873489E+01,  0.25331999E+02, -0.26497623E+01,  0.75941398E+00, -0.54696871E-01, -0.16065848E+01
     853.,  0.61248489E+01,  0.25331999E+02, -0.26497623E+01,  0.70830350E+00, -0.14418927E-10, -0.13031303E+01
     854.,  0.70623489E+01,  0.25331999E+02, -0.26497623E+01,  0.65851824E+00, -0.53602427E-11, -0.10016858E+01
     855.,  0.79998489E+01,  0.25331999E+02, -0.26497623E+01,  0.60873299E+00,  0.36976263E-11, -0.70024127E+00
     856.,  0.89373489E+01,  0.25331999E+02, -0.26497623E+01,  0.55894773E+00,  0.12735516E-10, -0.39879677E+00
     857.,  0.98748489E+01,  0.25331999E+02, -0.26497623E+01,  0.50916248E+00,  0.21781898E-10, -0.97352279E-01
     858.,  0.10812349E+02,  0.25331999E+02, -0.26497623E+01,  0.45937722E+00,  0.30849772E-10,  0.20409221E+00
     859.,  0.11749849E+02,  0.25331999E+02, -0.26497623E+01,  0.40959197E+00,  0.39899597E-10,  0.50553671E+00
     860.,  0.12687349E+02,  0.25331999E+02, -0.26497623E+01,  0.35980671E+00,  0.48937858E-10,  0.80698120E+00
     861.,  0.13624849E+02,  0.25331999E+02, -0.26497623E+01,  0.31002145E+00,  0.57989505E-10,  0.11084257E+01
     862.,  0.14562349E+02,  0.25331999E+02, -0.26497623E+01,  0.26023620E+00,  0.67047396E-10,  0.14098702E+01
     863.,  0.15499849E+02,  0.25331999E+02, -0.26497623E+01,  0.21045094E+00,  0.76099539E-10,  0.17113147E+01
     864.,  0.16437349E+02,  0.25331999E+02, -0.26497623E+01,  0.16098839E+00, -0.40448775E-01,  0.20108861E+01
     865.,  0.17374849E+02,  0.25331999E+02, -0.26497623E+01,  0.11118038E+00, -0.86304153E-01,  0.23096227E+01
     866.,  0.18312349E+02,  0.25331999E+02, -0.26497623E+01,  0.60246344E-01, -0.10712160E+00,  0.26127132E+01
     867.,  0.33123489E+01,  0.25331999E+02, -0.33758040E+01,  0.10910130E+01, -0.15724115E-01, -0.21683058E+01
     868.,  0.42498489E+01,  0.25331999E+02, -0.33758040E+01,  0.10413260E+01, -0.12208009E-10, -0.18674633E+01
     869.,  0.51873489E+01,  0.25331999E+02, -0.33758040E+01,  0.99154077E+00, -0.31683408E-11, -0.15660188E+01
     870.,  0.61248489E+01,  0.25331999E+02, -0.33758040E+01,  0.94175551E+00,  0.58932753E-11, -0.12645743E+01
     871.,  0.70623489E+01,  0.25331999E+02, -0.33758040E+01,  0.89197026E+00,  0.14943581E-10, -0.96312984E+00
     872.,  0.79998489E+01,  0.25331999E+02, -0.33758040E+01,  0.84218500E+00,  0.24003190E-10, -0.66168535E+00
     873.,  0.89373489E+01,  0.25331999E+02, -0.33758040E+01,  0.79239975E+00,  0.33051085E-10, -0.36024086E+00
     874.,  0.98748489E+01,  0.25331999E+02, -0.33758040E+01,  0.74261449E+00,  0.42098979E-10, -0.58796364E-01
     875.,  0.10812349E+02,  0.25331999E+02, -0.33758040E+01,  0.69282923E+00,  0.51151097E-10,  0.24264813E+00
     876.,  0.11749849E+02,  0.25331999E+02, -0.33758040E+01,  0.64304398E+00,  0.60209890E-10,  0.54409262E+00
     877.,  0.12687349E+02,  0.25331999E+02, -0.33758040E+01,  0.59325872E+00,  0.69251879E-10,  0.84553712E+00
     878.,  0.13624849E+02,  0.25331999E+02, -0.33758040E+01,  0.54347347E+00,  0.78302069E-10,  0.11469816E+01
     879.,  0.14562349E+02,  0.25331999E+02, -0.33758040E+01,  0.49368821E+00,  0.87349527E-10,  0.14484261E+01
     880.,  0.15499849E+02,  0.25331999E+02, -0.33758040E+01,  0.44390296E+00,  0.96400085E-10,  0.17498706E+01
     881.,  0.16437349E+02,  0.25331999E+02, -0.33758040E+01,  0.39411770E+00,  0.10546087E-09,  0.20513151E+01
     882.,  0.17374849E+02,  0.25331999E+02, -0.33758040E+01,  0.34461587E+00, -0.19287322E-01,  0.23522298E+01
     883.,  0.18312349E+02,  0.25331999E+02, -0.33758040E+01,  0.29446613E+00, -0.27975214E-01,  0.26541778E+01
     884.,  0.33123489E+01,  0.25331999E+02, -0.41018457E+01,  0.13245306E+01,  0.18377592E-02, -0.21302290E+01
     885.,  0.42498489E+01,  0.25331999E+02, -0.41018457E+01,  0.12747780E+01,  0.81038018E-11, -0.18289074E+01
     886.,  0.51873489E+01,  0.25331999E+02, -0.41018457E+01,  0.12249928E+01,  0.17149742E-10, -0.15274629E+01
     887.,  0.61248489E+01,  0.25331999E+02, -0.41018457E+01,  0.11752075E+01,  0.26211323E-10, -0.12260184E+01
     888.,  0.70623489E+01,  0.25331999E+02, -0.41018457E+01,  0.11254223E+01,  0.35249383E-10, -0.92457393E+00
     889.,  0.79998489E+01,  0.25331999E+02, -0.41018457E+01,  0.10756370E+01,  0.44302046E-10, -0.62312944E+00
     890.,  0.89373489E+01,  0.25331999E+02, -0.41018457E+01,  0.10258518E+01,  0.53354903E-10, -0.32168494E+00
     891.,  0.98748489E+01,  0.25331999E+02, -0.41018457E+01,  0.97606650E+00,  0.62403175E-10, -0.20240449E-01
     892.,  0.10812349E+02,  0.25331999E+02, -0.41018457E+01,  0.92628125E+00,  0.71451545E-10,  0.28120404E+00
     893.,  0.11749849E+02,  0.25331999E+02, -0.41018457E+01,  0.87649599E+00,  0.80502099E-10,  0.58264854E+00
     894.,  0.12687349E+02,  0.25331999E+02, -0.41018457E+01,  0.82671074E+00,  0.89555454E-10,  0.88409303E+00
     895.,  0.13624849E+02,  0.25331999E+02, -0.41018457E+01,  0.77692548E+00,  0.98602134E-10,  0.11855375E+01
     896.,  0.14562349E+02,  0.25331999E+02, -0.41018457E+01,  0.72714023E+00,  0.10766386E-09,  0.14869820E+01
     897.,  0.15499849E+02,  0.25331999E+02, -0.41018457E+01,  0.67735497E+00,  0.11670795E-09,  0.17884265E+01
     898.,  0.16437349E+02,  0.25331999E+02, -0.41018457E+01,  0.62756971E+00,  0.12577129E-09,  0.20898710E+01
     899.,  0.17374849E+02,  0.25331999E+02, -0.41018457E+01,  0.57778446E+00,  0.13482140E-09,  0.23913155E+01
     900.,  0.18312349E+02,  0.25331999E+02, -0.41018457E+01,  0.52809371E+00, -0.32300266E-02,  0.26927615E+01
     901.,  0.33123489E+01,  0.25331999E+02, -0.48278873E+01,  0.15580153E+01,  0.19351381E-10, -0.20917960E+01
     902.,  0.42498489E+01,  0.25331999E+02, -0.48278873E+01,  0.15082300E+01,  0.28413484E-10, -0.17903515E+01
     903.,  0.51873489E+01,  0.25331999E+02, -0.48278873E+01,  0.14584448E+01,  0.37457032E-10, -0.14889070E+01
     904.,  0.61248489E+01,  0.25331999E+02, -0.48278873E+01,  0.14086595E+01,  0.46509264E-10, -0.11874625E+01
     905.,  0.70623489E+01,  0.25331999E+02, -0.48278873E+01,  0.13588743E+01,  0.55561819E-10, -0.88601801E+00
     906.,  0.79998489E+01,  0.25331999E+02, -0.48278873E+01,  0.13090890E+01,  0.64616565E-10, -0.58457352E+00
     907.,  0.89373489E+01,  0.25331999E+02, -0.48278873E+01,  0.12593038E+01,  0.73663630E-10, -0.28312903E+00
     908.,  0.98748489E+01,  0.25331999E+02, -0.48278873E+01,  0.12095185E+01,  0.82716364E-10,  0.18315465E-01
     909.,  0.10812349E+02,  0.25331999E+02, -0.48278873E+01,  0.11597333E+01,  0.91761652E-10,  0.31975996E+00
     910.,  0.11749849E+02,  0.25331999E+02, -0.48278873E+01,  0.11099480E+01,  0.10081300E-09,  0.62120445E+00
     911.,  0.12687349E+02,  0.25331999E+02, -0.48278873E+01,  0.10601627E+01,  0.10986689E-09,  0.92264894E+00
     912.,  0.13624849E+02,  0.25331999E+02, -0.48278873E+01,  0.10103775E+01,  0.11891162E-09,  0.12240934E+01
     913.,  0.14562349E+02,  0.25331999E+02, -0.48278873E+01,  0.96059224E+00,  0.12796095E-09,  0.15255379E+01
     914.,  0.15499849E+02,  0.25331999E+02, -0.48278873E+01,  0.91080698E+00,  0.13701566E-09,  0.18269824E+01
     915.,  0.16437349E+02,  0.25331999E+02, -0.48278873E+01,  0.86102173E+00,  0.14607148E-09,  0.21284269E+01
     916.,  0.17374849E+02,  0.25331999E+02, -0.48278873E+01,  0.81123647E+00,  0.15511419E-09,  0.24298714E+01
     917.,  0.18312349E+02,  0.25331999E+02, -0.48278873E+01,  0.76145122E+00,  0.16417030E-09,  0.27313159E+01
     918.,  0.33123489E+01,  0.25331999E+02, -0.55539290E+01,  0.17914673E+01,  0.39666786E-10, -0.20532401E+01
     919.,  0.42498489E+01,  0.25331999E+02, -0.55539290E+01,  0.17416821E+01,  0.48713251E-10, -0.17517956E+01
     920.,  0.51873489E+01,  0.25331999E+02, -0.55539290E+01,  0.16918968E+01,  0.57757218E-10, -0.14503511E+01
     921.,  0.61248489E+01,  0.25331999E+02, -0.55539290E+01,  0.16421116E+01,  0.66811554E-10, -0.11489066E+01
     922.,  0.70623489E+01,  0.25331999E+02, -0.55539290E+01,  0.15923263E+01,  0.75854373E-10, -0.84746210E+00
     923.,  0.79998489E+01,  0.25331999E+02, -0.55539290E+01,  0.15425410E+01,  0.84909636E-10, -0.54601761E+00
     924.,  0.89373489E+01,  0.25331999E+02, -0.55539290E+01,  0.14927558E+01,  0.93962494E-10, -0.24457311E+00
     925.,  0.98748489E+01,  0.25331999E+02, -0.55539290E+01,  0.14429705E+01,  0.10301922E-09,  0.56871380E-01
     926.,  0.10812349E+02,  0.25331999E+02, -0.55539290E+01,  0.13931853E+01,  0.11206990E-09,  0.35831587E+00
     927.,  0.11749849E+02,  0.25331999E+02, -0.55539290E+01,  0.13434000E+01,  0.12112306E-09,  0.65976037E+00
     928.,  0.12687349E+02,  0.25331999E+02, -0.55539290E+01,  0.12936148E+01,  0.13017997E-09,  0.96120486E+00
     929.,  0.13624849E+02,  0.25331999E+02, -0.55539290E+01,  0.12438295E+01,  0.13923077E-09,  0.12626494E+01
     930.,  0.14562349E+02,  0.25331999E+02, -0.55539290E+01,  0.11940443E+01,  0.14827429E-09,  0.15640938E+01
     931.,  0.15499849E+02,  0.25331999E+02, -0.55539290E+01,  0.11442590E+01,  0.15731491E-09,  0.18655383E+01
     932.,  0.16437349E+02,  0.25331999E+02, -0.55539290E+01,  0.10944737E+01,  0.16638442E-09,  0.21669828E+01
     933.,  0.17374849E+02,  0.25331999E+02, -0.55539290E+01,  0.10446885E+01,  0.17541972E-09,  0.24684273E+01
     934.,  0.18312349E+02,  0.25331999E+02, -0.55539290E+01,  0.99490323E+00,  0.18448402E-09,  0.27698718E+01
     935.,  0.33123489E+01,  0.25331999E+02, -0.62799707E+01,  0.20249193E+01,  0.59970863E-10, -0.20146842E+01
     936.,  0.42498489E+01,  0.25331999E+02, -0.62799707E+01,  0.19751341E+01,  0.69025734E-10, -0.17132397E+01
     937.,  0.51873489E+01,  0.25331999E+02, -0.62799707E+01,  0.19253488E+01,  0.78063506E-10, -0.14117952E+01
     938.,  0.61248489E+01,  0.25331999E+02, -0.62799707E+01,  0.18755636E+01,  0.87130473E-10, -0.11103507E+01
     939.,  0.70623489E+01,  0.25331999E+02, -0.62799707E+01,  0.18257783E+01,  0.96167599E-10, -0.80890619E+00
     940.,  0.79998489E+01,  0.25331999E+02, -0.62799707E+01,  0.17759931E+01,  0.10521903E-09, -0.50746169E+00
     941.,  0.89373489E+01,  0.25331999E+02, -0.62799707E+01,  0.17262078E+01,  0.11427232E-09, -0.20601720E+00
     942.,  0.98748489E+01,  0.25331999E+02, -0.62799707E+01,  0.16764225E+01,  0.12332554E-09,  0.95427294E-01
     943.,  0.10812349E+02,  0.25331999E+02, -0.62799707E+01,  0.16266373E+01,  0.13237962E-09,  0.39687179E+00
     944.,  0.11749849E+02,  0.25331999E+02, -0.62799707E+01,  0.15768520E+01,  0.14142783E-09,  0.69831628E+00
     945.,  0.12687349E+02,  0.25331999E+02, -0.62799707E+01,  0.15270668E+01,  0.15047750E-09,  0.99976077E+00
     946.,  0.13624849E+02,  0.25331999E+02, -0.62799707E+01,  0.14772815E+01,  0.15952232E-09,  0.13012053E+01
     947.,  0.14562349E+02,  0.25331999E+02, -0.62799707E+01,  0.14274963E+01,  0.16858803E-09,  0.16026498E+01
     948.,  0.15499849E+02,  0.25331999E+02, -0.62799707E+01,  0.13777110E+01,  0.17763652E-09,  0.19040943E+01
     949.,  0.16437349E+02,  0.25331999E+02, -0.62799707E+01,  0.13279258E+01,  0.18669098E-09,  0.22055387E+01
     950.,  0.17374849E+02,  0.25331999E+02, -0.62799707E+01,  0.12781405E+01,  0.19573891E-09,  0.25069832E+01
     951.,  0.18312349E+02,  0.25331999E+02, -0.62799707E+01,  0.12283552E+01,  0.20478130E-09,  0.28084277E+01
     952.,  0.33123489E+01,  0.25331999E+02, -0.70060123E+01,  0.22583713E+01,  0.80279388E-10, -0.19761282E+01
     953.,  0.42498489E+01,  0.25331999E+02, -0.70060123E+01,  0.22085861E+01,  0.89322025E-10, -0.16746838E+01
     954.,  0.51873489E+01,  0.25331999E+02, -0.70060123E+01,  0.21588008E+01,  0.98367204E-10, -0.13732393E+01
     955.,  0.61248489E+01,  0.25331999E+02, -0.70060123E+01,  0.21090156E+01,  0.10743240E-09, -0.10717948E+01
     956.,  0.70623489E+01,  0.25331999E+02, -0.70060123E+01,  0.20592303E+01,  0.11648109E-09, -0.77035027E+00
     957.,  0.79998489E+01,  0.25331999E+02, -0.70060123E+01,  0.20094451E+01,  0.12551983E-09, -0.46890578E+00
     958.,  0.89373489E+01,  0.25331999E+02, -0.70060123E+01,  0.19596598E+01,  0.13458702E-09, -0.16746128E+00
     959.,  0.98748489E+01,  0.25331999E+02, -0.70060123E+01,  0.19098746E+01,  0.14363584E-09,  0.13398321E+00
     960.,  0.10812349E+02,  0.25331999E+02, -0.70060123E+01,  0.18600893E+01,  0.15268531E-09,  0.43542770E+00
     961.,  0.11749849E+02,  0.25331999E+02, -0.70060123E+01,  0.18103040E+01,  0.16173746E-09,  0.73687220E+00
     962.,  0.12687349E+02,  0.25331999E+02, -0.70060123E+01,  0.17605188E+01,  0.17078950E-09,  0.10383167E+01
     963.,  0.13624849E+02,  0.25331999E+02, -0.70060123E+01,  0.17107335E+01,  0.17983536E-09,  0.13397612E+01
     964.,  0.14562349E+02,  0.25331999E+02, -0.70060123E+01,  0.16609483E+01,  0.18888805E-09,  0.16412057E+01
     965.,  0.15499849E+02,  0.25331999E+02, -0.70060123E+01,  0.16111630E+01,  0.19794771E-09,  0.19426502E+01
     966.,  0.16437349E+02,  0.25331999E+02, -0.70060123E+01,  0.15613778E+01,  0.20699379E-09,  0.22440947E+01
     967.,  0.17374849E+02,  0.25331999E+02, -0.70060123E+01,  0.15115925E+01,  0.21603653E-09,  0.25455392E+01
     968.,  0.18312349E+02,  0.25331999E+02, -0.70060123E+01,  0.14618073E+01,  0.22509591E-09,  0.28469836E+01
     969.,  0.33123489E+01,  0.25331999E+02, -0.77320540E+01,  0.24918234E+01,  0.10057828E-09, -0.19375723E+01
     970.,  0.42498489E+01,  0.25331999E+02, -0.77320540E+01,  0.24420381E+01,  0.10963127E-09, -0.16361278E+01
     971.,  0.51873489E+01,  0.25331999E+02, -0.77320540E+01,  0.23922528E+01,  0.11868495E-09, -0.13346833E+01
     972.,  0.61248489E+01,  0.25331999E+02, -0.77320540E+01,  0.23424676E+01,  0.12773357E-09, -0.10332388E+01
     973.,  0.70623489E+01,  0.25331999E+02, -0.77320540E+01,  0.22926823E+01,  0.13678470E-09, -0.73179436E+00
     974.,  0.79998489E+01,  0.25331999E+02, -0.77320540E+01,  0.22428971E+01,  0.14584250E-09, -0.43034986E+00
     975.,  0.89373489E+01,  0.25331999E+02, -0.77320540E+01,  0.21931118E+01,  0.15488498E-09, -0.12890537E+00
     976.,  0.98748489E+01,  0.25331999E+02, -0.77320540E+01,  0.21433266E+01,  0.16394378E-09,  0.17253912E+00
     977.,  0.10812349E+02,  0.25331999E+02, -0.77320540E+01,  0.20935413E+01,  0.17299618E-09,  0.47398362E+00
     978.,  0.11749849E+02,  0.25331999E+02, -0.77320540E+01,  0.20437561E+01,  0.18203911E-09,  0.77542811E+00
     979.,  0.12687349E+02,  0.25331999E+02, -0.77320540E+01,  0.19939708E+01,  0.19108849E-09,  0.10768726E+01
     980.,  0.13624849E+02,  0.25331999E+02, -0.77320540E+01,  0.19441855E+01,  0.20015023E-09,  0.13783171E+01
     981.,  0.14562349E+02,  0.25331999E+02, -0.77320540E+01,  0.18944003E+01,  0.20919625E-09,  0.16797616E+01
     982.,  0.15499849E+02,  0.25331999E+02, -0.77320540E+01,  0.18446150E+01,  0.21824631E-09,  0.19812061E+01
     983.,  0.16437349E+02,  0.25331999E+02, -0.77320540E+01,  0.17948298E+01,  0.22729748E-09,  0.22826506E+01
     984.,  0.17374849E+02,  0.25331999E+02, -0.77320540E+01,  0.17450445E+01,  0.23634976E-09,  0.25840951E+01
     985.,  0.18312349E+02,  0.25331999E+02, -0.77320540E+01,  0.16952593E+01,  0.24539628E-09,  0.28855396E+01
     986.,  0.33123489E+01,  0.25331999E+02, -0.84580957E+01,  0.27252754E+01,  0.12089402E-09, -0.18990164E+01
     987.,  0.42498489E+01,  0.25331999E+02, -0.84580957E+01,  0.26754901E+01,  0.12995237E-09, -0.15975719E+01
     988.,  0.51873489E+01,  0.25331999E+02, -0.84580957E+01,  0.26257049E+01,  0.13900164E-09, -0.12961274E+01
     989.,  0.61248489E+01,  0.25331999E+02, -0.84580957E+01,  0.25759196E+01,  0.14805673E-09, -0.99468293E+00
     990.,  0.70623489E+01,  0.25331999E+02, -0.84580957E+01,  0.25261343E+01,  0.15709802E-09, -0.69323844E+00
     991.,  0.79998489E+01,  0.25331999E+02, -0.84580957E+01,  0.24763491E+01,  0.16614308E-09, -0.39179395E+00
     992.,  0.89373489E+01,  0.25331999E+02, -0.84580957E+01,  0.24265638E+01,  0.17520132E-09, -0.90349455E-01
     993.,  0.98748489E+01,  0.25331999E+02, -0.84580957E+01,  0.23767786E+01,  0.18425018E-09,  0.21109504E+00
     994.,  0.10812349E+02,  0.25331999E+02, -0.84580957E+01,  0.23269933E+01,  0.19330421E-09,  0.51253953E+00
     995.,  0.11749849E+02,  0.25331999E+02, -0.84580957E+01,  0.22772081E+01,  0.20235730E-09,  0.81398402E+00
     996.,  0.12687349E+02,  0.25331999E+02, -0.84580957E+01,  0.22274228E+01,  0.21140345E-09,  0.11154285E+01
     997.,  0.13624849E+02,  0.25331999E+02, -0.84580957E+01,  0.21776376E+01,  0.22045587E-09,  0.14168730E+01
     998.,  0.14562349E+02,  0.25331999E+02, -0.84580957E+01,  0.21278523E+01,  0.22950297E-09,  0.17183175E+01
     999.,  0.15499849E+02,  0.25331999E+02, -0.84580957E+01,  0.20780670E+01,  0.23856271E-09,  0.20197620E+01
    1000.,  0.16437349E+02,  0.25331999E+02, -0.84580957E+01,  0.20282818E+01,  0.24760878E-09,  0.23212065E+01
    1001.,  0.17374849E+02,  0.25331999E+02, -0.84580957E+01,  0.19784965E+01,  0.25665977E-09,  0.26226510E+01
    1002.,  0.18312349E+02,  0.25331999E+02, -0.84580957E+01,  0.19287113E+01,  0.26571002E-09,  0.29240955E+01
    1003.,  0.33123489E+01,  0.25331999E+02, -0.91841373E+01,  0.29587274E+01,  0.14120794E-09, -0.18604605E+01
    1004.,  0.42498489E+01,  0.25331999E+02, -0.91841373E+01,  0.29089421E+01,  0.15024827E-09, -0.15590160E+01
    1005.,  0.51873489E+01,  0.25331999E+02, -0.91841373E+01,  0.28591569E+01,  0.15930134E-09, -0.12575715E+01
    1006.,  0.61248489E+01,  0.25331999E+02, -0.91841373E+01,  0.28093716E+01,  0.16835850E-09, -0.95612702E+00
    1007.,  0.70623489E+01,  0.25331999E+02, -0.91841373E+01,  0.27595864E+01,  0.17739441E-09, -0.65468253E+00
    1008.,  0.79998489E+01,  0.25331999E+02, -0.91841373E+01,  0.27098011E+01,  0.18645833E-09, -0.35323803E+00
    1009.,  0.89373489E+01,  0.25331999E+02, -0.91841373E+01,  0.26600158E+01,  0.19550554E-09, -0.51793541E-01
    1010.,  0.98748489E+01,  0.25331999E+02, -0.91841373E+01,  0.26102306E+01,  0.20455964E-09,  0.24965095E+00
    1011.,  0.10812349E+02,  0.25331999E+02, -0.91841373E+01,  0.25604453E+01,  0.21360798E-09,  0.55109545E+00
    1012.,  0.11749849E+02,  0.25331999E+02, -0.91841373E+01,  0.25106601E+01,  0.22266506E-09,  0.85253994E+00
    1013.,  0.12687349E+02,  0.25331999E+02, -0.91841373E+01,  0.24608748E+01,  0.23170552E-09,  0.11539844E+01
    1014.,  0.13624849E+02,  0.25331999E+02, -0.91841373E+01,  0.24110896E+01,  0.24075672E-09,  0.14554289E+01
    1015.,  0.14562349E+02,  0.25331999E+02, -0.91841373E+01,  0.23613043E+01,  0.24980675E-09,  0.17568734E+01
    1016.,  0.15499849E+02,  0.25331999E+02, -0.91841373E+01,  0.23115191E+01,  0.25886483E-09,  0.20583179E+01
    1017.,  0.16437349E+02,  0.25331999E+02, -0.91841373E+01,  0.22617338E+01,  0.26791622E-09,  0.23597624E+01
    1018.,  0.17374849E+02,  0.25331999E+02, -0.91841373E+01,  0.22119486E+01,  0.27696817E-09,  0.26612069E+01
    1019.,  0.18312349E+02,  0.25331999E+02, -0.91841373E+01,  0.21621633E+01,  0.28601325E-09,  0.29626514E+01
    1020.,  0.33123489E+01,  0.25331999E+02, -0.99101790E+01,  0.31921794E+01,  0.16150524E-09, -0.18219046E+01
    1021.,  0.42498489E+01,  0.25331999E+02, -0.99101790E+01,  0.31423941E+01,  0.17054453E-09, -0.15204601E+01
    1022.,  0.51873489E+01,  0.25331999E+02, -0.99101790E+01,  0.30926089E+01,  0.17959815E-09, -0.12190156E+01
    1023.,  0.61248489E+01,  0.25331999E+02, -0.99101790E+01,  0.30428236E+01,  0.18866752E-09, -0.91757111E+00
    1024.,  0.70623489E+01,  0.25331999E+02, -0.99101790E+01,  0.29930384E+01,  0.19769842E-09, -0.61612661E+00
    1025.,  0.79998489E+01,  0.25331999E+02, -0.99101790E+01,  0.29432531E+01,  0.20675625E-09, -0.31468212E+00
    1026.,  0.89373489E+01,  0.25331999E+02, -0.99101790E+01,  0.28934679E+01,  0.21580907E-09, -0.13237626E-01
    1027.,  0.98748489E+01,  0.25331999E+02, -0.99101790E+01,  0.28436826E+01,  0.22486707E-09,  0.28820687E+00
    1028.,  0.10812349E+02,  0.25331999E+02, -0.99101790E+01,  0.27938974E+01,  0.23391429E-09,  0.58965136E+00
    1029.,  0.11749849E+02,  0.25331999E+02, -0.99101790E+01,  0.27441121E+01,  0.24296719E-09,  0.89109585E+00
    1030.,  0.12687349E+02,  0.25331999E+02, -0.99101790E+01,  0.26943268E+01,  0.25201222E-09,  0.11925403E+01
    1031.,  0.13624849E+02,  0.25331999E+02, -0.99101790E+01,  0.26445416E+01,  0.26106487E-09,  0.14939848E+01
    1032.,  0.14562349E+02,  0.25331999E+02, -0.99101790E+01,  0.25947563E+01,  0.27011779E-09,  0.17954293E+01
    1033.,  0.15499849E+02,  0.25331999E+02, -0.99101790E+01,  0.25449711E+01,  0.27916577E-09,  0.20968738E+01
    1034.,  0.16437349E+02,  0.25331999E+02, -0.99101790E+01,  0.24951858E+01,  0.28822099E-09,  0.23983183E+01
    1035.,  0.17374849E+02,  0.25331999E+02, -0.99101790E+01,  0.24454006E+01,  0.29727457E-09,  0.26997628E+01
    1036.,  0.18312349E+02,  0.25331999E+02, -0.99101790E+01,  0.23956153E+01,  0.30631934E-09,  0.30012073E+01
    1037.,  0.33123489E+01,  0.25331999E+02, -0.10636221E+02,  0.34256314E+01,  0.18182161E-09, -0.17833487E+01
    1038.,  0.42498489E+01,  0.25331999E+02, -0.10636221E+02,  0.33758462E+01,  0.19086233E-09, -0.14819042E+01
    1039.,  0.51873489E+01,  0.25331999E+02, -0.10636221E+02,  0.33260609E+01,  0.19991408E-09, -0.11804597E+01
    1040.,  0.61248489E+01,  0.25331999E+02, -0.10636221E+02,  0.32762756E+01,  0.20896131E-09, -0.87901519E+00
    1041.,  0.70623489E+01,  0.25331999E+02, -0.10636221E+02,  0.32264904E+01,  0.21802103E-09, -0.57757070E+00
    1042.,  0.79998489E+01,  0.25331999E+02, -0.10636221E+02,  0.31767051E+01,  0.22707035E-09, -0.27612620E+00
    1043.,  0.89373489E+01,  0.25331999E+02, -0.10636221E+02,  0.31269199E+01,  0.23612272E-09,  0.25318289E-01
    1044.,  0.98748489E+01,  0.25331999E+02, -0.10636221E+02,  0.30771346E+01,  0.24516658E-09,  0.32676278E+00
    1045.,  0.10812349E+02,  0.25331999E+02, -0.10636221E+02,  0.30273494E+01,  0.25422249E-09,  0.62820728E+00
    1046.,  0.11749849E+02,  0.25331999E+02, -0.10636221E+02,  0.29775641E+01,  0.26327621E-09,  0.92965177E+00
    1047.,  0.12687349E+02,  0.25331999E+02, -0.10636221E+02,  0.29277789E+01,  0.27231906E-09,  0.12310963E+01
    1048.,  0.13624849E+02,  0.25331999E+02, -0.10636221E+02,  0.28779936E+01,  0.28137758E-09,  0.15325408E+01
    1049.,  0.14562349E+02,  0.25331999E+02, -0.10636221E+02,  0.28282083E+01,  0.29042718E-09,  0.18339852E+01
    1050.,  0.15499849E+02,  0.25331999E+02, -0.10636221E+02,  0.27784231E+01,  0.29946502E-09,  0.21354297E+01
    1051.,  0.16437349E+02,  0.25331999E+02, -0.10636221E+02,  0.27286378E+01,  0.30853444E-09,  0.24368742E+01
    1052.,  0.17374849E+02,  0.25331999E+02, -0.10636221E+02,  0.26788526E+01,  0.31756909E-09,  0.27383187E+01
    1053.,  0.18312349E+02,  0.25331999E+02, -0.10636221E+02,  0.26290673E+01,  0.32662937E-09,  0.30397632E+01
    1054.,  0.33123489E+01,  0.25331999E+02, -0.11362262E+02,  0.36590834E+01,  0.20213069E-09, -0.17447928E+01
    1055.,  0.42498489E+01,  0.25331999E+02, -0.11362262E+02,  0.36092982E+01,  0.21117134E-09, -0.14433483E+01
    1056.,  0.51873489E+01,  0.25331999E+02, -0.11362262E+02,  0.35595129E+01,  0.22021980E-09, -0.11419038E+01
    1057.,  0.61248489E+01,  0.25331999E+02, -0.11362262E+02,  0.35097277E+01,  0.22927243E-09, -0.84045928E+00
    1058.,  0.70623489E+01,  0.25331999E+02, -0.11362262E+02,  0.34599424E+01,  0.23832172E-09, -0.53901478E+00
    1059.,  0.79998489E+01,  0.25331999E+02, -0.11362262E+02,  0.34101571E+01,  0.24737672E-09, -0.23757029E+00
    1060.,  0.89373489E+01,  0.25331999E+02, -0.11362262E+02,  0.33603719E+01,  0.25644038E-09,  0.63874203E-01
    1061.,  0.98748489E+01,  0.25331999E+02, -0.11362262E+02,  0.33105866E+01,  0.26547286E-09,  0.36531870E+00
    1062.,  0.10812349E+02,  0.25331999E+02, -0.11362262E+02,  0.32608014E+01,  0.27452407E-09,  0.66676319E+00
    1063.,  0.11749849E+02,  0.25331999E+02, -0.11362262E+02,  0.32110161E+01,  0.28358404E-09,  0.96820768E+00
    1064.,  0.12687349E+02,  0.25331999E+02, -0.11362262E+02,  0.31612309E+01,  0.29263449E-09,  0.12696522E+01
    1065.,  0.13624849E+02,  0.25331999E+02, -0.11362262E+02,  0.31114456E+01,  0.30168766E-09,  0.15710967E+01
    1066.,  0.14562349E+02,  0.25331999E+02, -0.11362262E+02,  0.30616604E+01,  0.31073797E-09,  0.18725412E+01
    1067.,  0.15499849E+02,  0.25331999E+02, -0.11362262E+02,  0.30118751E+01,  0.31976884E-09,  0.21739857E+01
    1068.,  0.16437349E+02,  0.25331999E+02, -0.11362262E+02,  0.29620898E+01,  0.32882921E-09,  0.24754301E+01
    1069.,  0.17374849E+02,  0.25331999E+02, -0.11362262E+02,  0.29123046E+01,  0.33788656E-09,  0.27768746E+01
    1070.,  0.18312349E+02,  0.25331999E+02, -0.11362262E+02,  0.28625193E+01,  0.34694287E-09,  0.30783191E+01
    1071.,  0.33123489E+01,  0.25331999E+02, -0.12088304E+02,  0.38925354E+01,  0.22243003E-09, -0.17062368E+01
    1072.,  0.42498489E+01,  0.25331999E+02, -0.12088304E+02,  0.38427502E+01,  0.23147881E-09, -0.14047923E+01
    1073.,  0.51873489E+01,  0.25331999E+02, -0.12088304E+02,  0.37929649E+01,  0.24052902E-09, -0.11033479E+01
    1074.,  0.61248489E+01,  0.25331999E+02, -0.12088304E+02,  0.37431797E+01,  0.24957694E-09, -0.80190336E+00
    1075.,  0.70623489E+01,  0.25331999E+02, -0.12088304E+02,  0.36933944E+01,  0.25863025E-09, -0.50045887E+00
    1076.,  0.79998489E+01,  0.25331999E+02, -0.12088304E+02,  0.36436092E+01,  0.26767342E-09, -0.19901438E+00
    1077.,  0.89373489E+01,  0.25331999E+02, -0.12088304E+02,  0.35938239E+01,  0.27673405E-09,  0.10243012E+00
    1078.,  0.98748489E+01,  0.25331999E+02, -0.12088304E+02,  0.35440386E+01,  0.28579064E-09,  0.40387461E+00
    1079.,  0.10812349E+02,  0.25331999E+02, -0.12088304E+02,  0.34942534E+01,  0.29483459E-09,  0.70531910E+00
    1080.,  0.11749849E+02,  0.25331999E+02, -0.12088304E+02,  0.34444681E+01,  0.30388500E-09,  0.10067636E+01
    1081.,  0.12687349E+02,  0.25331999E+02, -0.12088304E+02,  0.33946829E+01,  0.31294001E-09,  0.13082081E+01
    1082.,  0.13624849E+02,  0.25331999E+02, -0.12088304E+02,  0.33448976E+01,  0.32199454E-09,  0.16096526E+01
    1083.,  0.14562349E+02,  0.25331999E+02, -0.12088304E+02,  0.32951124E+01,  0.33104663E-09,  0.19110971E+01
    1084.,  0.15499849E+02,  0.25331999E+02, -0.12088304E+02,  0.32453271E+01,  0.34009334E-09,  0.22125416E+01
    1085.,  0.16437349E+02,  0.25331999E+02, -0.12088304E+02,  0.31955419E+01,  0.34914626E-09,  0.25139861E+01
    1086.,  0.17374849E+02,  0.25331999E+02, -0.12088304E+02,  0.31457566E+01,  0.35820136E-09,  0.28154306E+01
    1087.,  0.18312349E+02,  0.25331999E+02, -0.12088304E+02,  0.30959713E+01,  0.36725112E-09,  0.31168750E+01
    1088.,  0.33123489E+01,  0.25331999E+02, -0.12814346E+02,  0.41259874E+01,  0.24273134E-09, -0.16676809E+01
    1089.,  0.42498489E+01,  0.25331999E+02, -0.12814346E+02,  0.40762022E+01,  0.25178453E-09, -0.13662364E+01
    1090.,  0.51873489E+01,  0.25331999E+02, -0.12814346E+02,  0.40264169E+01,  0.26082941E-09, -0.10647919E+01
    1091.,  0.61248489E+01,  0.25331999E+02, -0.12814346E+02,  0.39766317E+01,  0.26987500E-09, -0.76334745E+00
    1092.,  0.70623489E+01,  0.25331999E+02, -0.12814346E+02,  0.39268464E+01,  0.27893879E-09, -0.46190295E+00
    1093.,  0.79998489E+01,  0.25331999E+02, -0.12814346E+02,  0.38770612E+01,  0.28798608E-09, -0.16045846E+00
    1094.,  0.89373489E+01,  0.25331999E+02, -0.12814346E+02,  0.38272759E+01,  0.29704458E-09,  0.14098603E+00
    1095.,  0.98748489E+01,  0.25331999E+02, -0.12814346E+02,  0.37774907E+01,  0.30609111E-09,  0.44243053E+00
    1096.,  0.10812349E+02,  0.25331999E+02, -0.12814346E+02,  0.37277054E+01,  0.31513879E-09,  0.74387502E+00
    1097.,  0.11749849E+02,  0.25331999E+02, -0.12814346E+02,  0.36779201E+01,  0.32419811E-09,  0.10453195E+01
    1098.,  0.12687349E+02,  0.25331999E+02, -0.12814346E+02,  0.36281349E+01,  0.33323923E-09,  0.13467640E+01
    1099.,  0.13624849E+02,  0.25331999E+02, -0.12814346E+02,  0.35783496E+01,  0.34229950E-09,  0.16482085E+01
    1100.,  0.14562349E+02,  0.25331999E+02, -0.12814346E+02,  0.35285644E+01,  0.35134842E-09,  0.19496530E+01
    1101.,  0.15499849E+02,  0.25331999E+02, -0.12814346E+02,  0.34787791E+01,  0.36038942E-09,  0.22510975E+01
    1102.,  0.16437349E+02,  0.25331999E+02, -0.12814346E+02,  0.34289939E+01,  0.36944756E-09,  0.25525420E+01
    1103.,  0.17374849E+02,  0.25331999E+02, -0.12814346E+02,  0.33792086E+01,  0.37850085E-09,  0.28539865E+01
    1104.,  0.18312349E+02,  0.25331999E+02, -0.12814346E+02,  0.33294234E+01,  0.38755274E-09,  0.31554310E+01
    1105.,  0.33123489E+01,  0.25331999E+02, -0.13540387E+02,  0.43594395E+01,  0.26304129E-09, -0.16291250E+01
    1106.,  0.42498489E+01,  0.25331999E+02, -0.13540387E+02,  0.43096542E+01,  0.27208638E-09, -0.13276805E+01
    1107.,  0.51873489E+01,  0.25331999E+02, -0.13540387E+02,  0.42598689E+01,  0.28113840E-09, -0.10262360E+01
    1108.,  0.61248489E+01,  0.25331999E+02, -0.13540387E+02,  0.42100837E+01,  0.29019051E-09, -0.72479153E+00
    1109.,  0.70623489E+01,  0.25331999E+02, -0.13540387E+02,  0.41602984E+01,  0.29924115E-09, -0.42334704E+00
    1110.,  0.79998489E+01,  0.25331999E+02, -0.13540387E+02,  0.41105132E+01,  0.30830245E-09, -0.12190255E+00
    1111.,  0.89373489E+01,  0.25331999E+02, -0.13540387E+02,  0.40607279E+01,  0.31734758E-09,  0.17954195E+00
    1112.,  0.98748489E+01,  0.25331999E+02, -0.13540387E+02,  0.40109427E+01,  0.32639844E-09,  0.48098644E+00
    1113.,  0.10812349E+02,  0.25331999E+02, -0.13540387E+02,  0.39611574E+01,  0.33545497E-09,  0.78243093E+00
    1114.,  0.11749849E+02,  0.25331999E+02, -0.13540387E+02,  0.39113722E+01,  0.34450714E-09,  0.10838754E+01
    1115.,  0.12687349E+02,  0.25331999E+02, -0.13540387E+02,  0.38615869E+01,  0.35355432E-09,  0.13853199E+01
    1116.,  0.13624849E+02,  0.25331999E+02, -0.13540387E+02,  0.38118016E+01,  0.36260774E-09,  0.16867644E+01
    1117.,  0.14562349E+02,  0.25331999E+02, -0.13540387E+02,  0.37620164E+01,  0.37165888E-09,  0.19882089E+01
    1118.,  0.15499849E+02,  0.25331999E+02, -0.13540387E+02,  0.37122311E+01,  0.38068992E-09,  0.22896534E+01
    1119.,  0.16437349E+02,  0.25331999E+02, -0.13540387E+02,  0.36624459E+01,  0.38976446E-09,  0.25910979E+01
    1120.,  0.17374849E+02,  0.25331999E+02, -0.13540387E+02,  0.36126606E+01,  0.39880833E-09,  0.28925424E+01
    1121.,  0.18312349E+02,  0.25331999E+02, -0.13540387E+02,  0.35628754E+01,  0.40786106E-09,  0.31939869E+01
    1122.,  0.33123489E+01,  0.25331999E+02, -0.14266429E+02,  0.45928915E+01,  0.28334149E-09, -0.15905691E+01
    1123.,  0.42498489E+01,  0.25331999E+02, -0.14266429E+02,  0.45431062E+01,  0.29240003E-09, -0.12891246E+01
    1124.,  0.51873489E+01,  0.25331999E+02, -0.14266429E+02,  0.44933210E+01,  0.30145248E-09, -0.98768011E+00
    1125.,  0.61248489E+01,  0.25331999E+02, -0.14266429E+02,  0.44435357E+01,  0.31050708E-09, -0.68623562E+00
    1126.,  0.70623489E+01,  0.25331999E+02, -0.14266429E+02,  0.43937505E+01,  0.31954993E-09, -0.38479113E+00
    1127.,  0.79998489E+01,  0.25331999E+02, -0.14266429E+02,  0.43439652E+01,  0.32860670E-09, -0.83346632E-01
    1128.,  0.89373489E+01,  0.25331999E+02, -0.14266429E+02,  0.42941799E+01,  0.33765706E-09,  0.21809786E+00
    1129.,  0.98748489E+01,  0.25331999E+02, -0.14266429E+02,  0.42443947E+01,  0.34670540E-09,  0.51954235E+00
    1130.,  0.10812349E+02,  0.25331999E+02, -0.14266429E+02,  0.41946094E+01,  0.35576060E-09,  0.82098685E+00
    1131.,  0.11749849E+02,  0.25331999E+02, -0.14266429E+02,  0.41448242E+01,  0.36481396E-09,  0.11224313E+01
    1132.,  0.12687349E+02,  0.25331999E+02, -0.14266429E+02,  0.40950389E+01,  0.37387171E-09,  0.14238758E+01
    1133.,  0.13624849E+02,  0.25331999E+02, -0.14266429E+02,  0.40452537E+01,  0.38291674E-09,  0.17253203E+01
    1134.,  0.14562349E+02,  0.25331999E+02, -0.14266429E+02,  0.39954684E+01,  0.39196112E-09,  0.20267648E+01
    1135.,  0.15499849E+02,  0.25331999E+02, -0.14266429E+02,  0.39456832E+01,  0.40101510E-09,  0.23282093E+01
    1136.,  0.16437349E+02,  0.25331999E+02, -0.14266429E+02,  0.38958979E+01,  0.41006698E-09,  0.26296538E+01
    1137.,  0.17374849E+02,  0.25331999E+02, -0.14266429E+02,  0.38461126E+01,  0.41911973E-09,  0.29310983E+01
    1138.,  0.18312349E+02,  0.25331999E+02, -0.14266429E+02,  0.37963274E+01,  0.42816225E-09,  0.32325428E+01
    1139.,  0.33123489E+01,  0.25331999E+02, -0.14992471E+02,  0.48263435E+01,  0.30365810E-09, -0.15520132E+01
    1140.,  0.42498489E+01,  0.25331999E+02, -0.14992471E+02,  0.47765582E+01,  0.31270157E-09, -0.12505687E+01
    1141.,  0.51873489E+01,  0.25331999E+02, -0.14992471E+02,  0.47267730E+01,  0.32175088E-09, -0.94912420E+00
    1142.,  0.61248489E+01,  0.25331999E+02, -0.14992471E+02,  0.46769877E+01,  0.33080586E-09, -0.64767970E+00
    1143.,  0.70623489E+01,  0.25331999E+02, -0.14992471E+02,  0.46272025E+01,  0.33985406E-09, -0.34623521E+00
    1144.,  0.79998489E+01,  0.25331999E+02, -0.14992471E+02,  0.45774172E+01,  0.34890523E-09, -0.44790717E-01
    1145.,  0.89373489E+01,  0.25331999E+02, -0.14992471E+02,  0.45276320E+01,  0.35796837E-09,  0.25665378E+00
    1146.,  0.98748489E+01,  0.25331999E+02, -0.14992471E+02,  0.44778467E+01,  0.36702071E-09,  0.55809827E+00
    1147.,  0.10812349E+02,  0.25331999E+02, -0.14992471E+02,  0.44280614E+01,  0.37607153E-09,  0.85954276E+00
    1148.,  0.11749849E+02,  0.25331999E+02, -0.14992471E+02,  0.43782762E+01,  0.38512303E-09,  0.11609873E+01
    1149.,  0.12687349E+02,  0.25331999E+02, -0.14992471E+02,  0.43284909E+01,  0.39417200E-09,  0.14624317E+01
    1150.,  0.13624849E+02,  0.25331999E+02, -0.14992471E+02,  0.42787057E+01,  0.40321422E-09,  0.17638762E+01
    1151.,  0.14562349E+02,  0.25331999E+02, -0.14992471E+02,  0.42289204E+01,  0.41226035E-09,  0.20653207E+01
    1152.,  0.15499849E+02,  0.25331999E+02, -0.14992471E+02,  0.41791352E+01,  0.42131556E-09,  0.23667652E+01
    1153.,  0.16437349E+02,  0.25331999E+02, -0.14992471E+02,  0.41293499E+01,  0.43037138E-09,  0.26682097E+01
    1154.,  0.17374849E+02,  0.25331999E+02, -0.14992471E+02,  0.40795647E+01,  0.43942478E-09,  0.29696542E+01
    1155.,  0.18312349E+02,  0.25331999E+02, -0.14992471E+02,  0.40297794E+01,  0.44846295E-09,  0.32710987E+01
    1156.,  0.33123489E+01,  0.25331999E+02, -0.15718512E+02,  0.50597955E+01,  0.32396221E-09, -0.15134573E+01
    1157.,  0.42498489E+01,  0.25331999E+02, -0.15718512E+02,  0.50100102E+01,  0.33301662E-09, -0.12120128E+01
    1158.,  0.51873489E+01,  0.25331999E+02, -0.15718512E+02,  0.49602250E+01,  0.34206120E-09, -0.91056828E+00
    1159.,  0.61248489E+01,  0.25331999E+02, -0.15718512E+02,  0.49104397E+01,  0.35111789E-09, -0.60912379E+00
    1160.,  0.70623489E+01,  0.25331999E+02, -0.15718512E+02,  0.48606545E+01,  0.36017603E-09, -0.30767930E+00
    1161.,  0.79998489E+01,  0.25331999E+02, -0.15718512E+02,  0.48108692E+01,  0.36921979E-09, -0.62348029E-02
    1162.,  0.89373489E+01,  0.25331999E+02, -0.15718512E+02,  0.47610840E+01,  0.37826286E-09,  0.29520969E+00
    1163.,  0.98748489E+01,  0.25331999E+02, -0.15718512E+02,  0.47112987E+01,  0.38731812E-09,  0.59665418E+00
    1164.,  0.10812349E+02,  0.25331999E+02, -0.15718512E+02,  0.46615135E+01,  0.39637365E-09,  0.89809868E+00
    1165.,  0.11749849E+02,  0.25331999E+02, -0.15718512E+02,  0.46117282E+01,  0.40541777E-09,  0.11995432E+01
    1166.,  0.12687349E+02,  0.25331999E+02, -0.15718512E+02,  0.45619429E+01,  0.41447150E-09,  0.15009877E+01
    1167.,  0.13624849E+02,  0.25331999E+02, -0.15718512E+02,  0.45121577E+01,  0.42351738E-09,  0.18024322E+01
    1168.,  0.14562349E+02,  0.25331999E+02, -0.15718512E+02,  0.44623724E+01,  0.43257070E-09,  0.21038766E+01
    1169.,  0.15499849E+02,  0.25331999E+02, -0.15718512E+02,  0.44125872E+01,  0.44163130E-09,  0.24053211E+01
    1170.,  0.16437349E+02,  0.25331999E+02, -0.15718512E+02,  0.43628019E+01,  0.45067928E-09,  0.27067656E+01
    1171.,  0.17374849E+02,  0.25331999E+02, -0.15718512E+02,  0.43130167E+01,  0.45973873E-09,  0.30082101E+01
    1172.,  0.18312349E+02,  0.25331999E+02, -0.15718512E+02,  0.42632314E+01,  0.46878106E-09,  0.33096546E+01
    1173.,  0.33123489E+01,  0.25331999E+02, -0.16444554E+02,  0.52932475E+01,  0.34427217E-09, -0.14749014E+01
    1174.,  0.42498489E+01,  0.25331999E+02, -0.16444554E+02,  0.52434623E+01,  0.35331892E-09, -0.11734569E+01
    1175.,  0.51873489E+01,  0.25331999E+02, -0.16444554E+02,  0.51936770E+01,  0.36236942E-09, -0.87201237E+00
    1176.,  0.61248489E+01,  0.25331999E+02, -0.16444554E+02,  0.51438917E+01,  0.37142783E-09, -0.57056787E+00
    1177.,  0.70623489E+01,  0.25331999E+02, -0.16444554E+02,  0.50941065E+01,  0.38047238E-09, -0.26912338E+00
    1178.,  0.79998489E+01,  0.25331999E+02, -0.16444554E+02,  0.50443212E+01,  0.38953440E-09,  0.32321112E-01
    1179.,  0.89373489E+01,  0.25331999E+02, -0.16444554E+02,  0.49945360E+01,  0.39858408E-09,  0.33376561E+00
    1180.,  0.98748489E+01,  0.25331999E+02, -0.16444554E+02,  0.49447507E+01,  0.40763542E-09,  0.63521010E+00
    1181.,  0.10812349E+02,  0.25331999E+02, -0.16444554E+02,  0.48949655E+01,  0.41667557E-09,  0.93665459E+00
    1182.,  0.11749849E+02,  0.25331999E+02, -0.16444554E+02,  0.48451802E+01,  0.42573767E-09,  0.12380991E+01
    1183.,  0.12687349E+02,  0.25331999E+02, -0.16444554E+02,  0.47953950E+01,  0.43479286E-09,  0.15395436E+01
    1184.,  0.13624849E+02,  0.25331999E+02, -0.16444554E+02,  0.47456097E+01,  0.44382442E-09,  0.18409881E+01
    1185.,  0.14562349E+02,  0.25331999E+02, -0.16444554E+02,  0.46958244E+01,  0.45288879E-09,  0.21424326E+01
    1186.,  0.15499849E+02,  0.25331999E+02, -0.16444554E+02,  0.46460392E+01,  0.46193030E-09,  0.24438771E+01
    1187.,  0.16437349E+02,  0.25331999E+02, -0.16444554E+02,  0.45962539E+01,  0.47098538E-09,  0.27453216E+01
    1188.,  0.17374849E+02,  0.25331999E+02, -0.16444554E+02,  0.45464687E+01,  0.48003895E-09,  0.30467660E+01
    1189.,  0.18312349E+02,  0.25331999E+02, -0.16444554E+02,  0.44966834E+01,  0.48909175E-09,  0.33482105E+01
    1190.,  0.33123489E+01,  0.25331999E+02, -0.17170596E+02,  0.55266995E+01,  0.36457847E-09, -0.14363454E+01
    1191.,  0.42498489E+01,  0.25331999E+02, -0.17170596E+02,  0.54769143E+01,  0.37362842E-09, -0.11349009E+01
    1192.,  0.51873489E+01,  0.25331999E+02, -0.17170596E+02,  0.54271290E+01,  0.38267487E-09, -0.83345645E+00
    1193.,  0.61248489E+01,  0.25331999E+02, -0.17170596E+02,  0.53773438E+01,  0.39173123E-09, -0.53201196E+00
    1194.,  0.70623489E+01,  0.25331999E+02, -0.17170596E+02,  0.53275585E+01,  0.40077762E-09, -0.23056747E+00
    1195.,  0.79998489E+01,  0.25331999E+02, -0.17170596E+02,  0.52777733E+01,  0.40983119E-09,  0.70877027E-01
    1196.,  0.89373489E+01,  0.25331999E+02, -0.17170596E+02,  0.52279880E+01,  0.41888815E-09,  0.37232152E+00
    1197.,  0.98748489E+01,  0.25331999E+02, -0.17170596E+02,  0.51782027E+01,  0.42793860E-09,  0.67376601E+00
    1198.,  0.10812349E+02,  0.25331999E+02, -0.17170596E+02,  0.51284175E+01,  0.43698555E-09,  0.97521051E+00
    1199.,  0.11749849E+02,  0.25331999E+02, -0.17170596E+02,  0.50786322E+01,  0.44604358E-09,  0.12766550E+01
    1200.,  0.12687349E+02,  0.25331999E+02, -0.17170596E+02,  0.50288470E+01,  0.45508458E-09,  0.15780995E+01
    1201.,  0.13624849E+02,  0.25331999E+02, -0.17170596E+02,  0.49790617E+01,  0.46414582E-09,  0.18795440E+01
    1202.,  0.14562349E+02,  0.25331999E+02, -0.17170596E+02,  0.49292765E+01,  0.47319655E-09,  0.21809885E+01
    1203.,  0.15499849E+02,  0.25331999E+02, -0.17170596E+02,  0.48794912E+01,  0.48224188E-09,  0.24824330E+01
    1204.,  0.16437349E+02,  0.25331999E+02, -0.17170596E+02,  0.48297060E+01,  0.49129232E-09,  0.27838775E+01
    1205.,  0.17374849E+02,  0.25331999E+02, -0.17170596E+02,  0.47799207E+01,  0.50034787E-09,  0.30853220E+01
    1206.,  0.18312349E+02,  0.25331999E+02, -0.17170596E+02,  0.47301354E+01,  0.50938922E-09,  0.33867665E+01
    1207.,  0.33123489E+01,  0.25331999E+02, -0.17896637E+02,  0.57601515E+01,  0.38488868E-09, -0.13977895E+01
    1208.,  0.42498489E+01,  0.25331999E+02, -0.17896637E+02,  0.57103663E+01,  0.39393618E-09, -0.10963450E+01
    1209.,  0.51873489E+01,  0.25331999E+02, -0.17896637E+02,  0.56605810E+01,  0.40298388E-09, -0.79490054E+00
    1210.,  0.61248489E+01,  0.25331999E+02, -0.17896637E+02,  0.56107958E+01,  0.41204405E-09, -0.49345605E+00
    1211.,  0.70623489E+01,  0.25331999E+02, -0.17896637E+02,  0.55610105E+01,  0.42108621E-09, -0.19201155E+00
    1212.,  0.79998489E+01,  0.25331999E+02, -0.17896637E+02,  0.55112253E+01,  0.43013593E-09,  0.10943294E+00
    1213.,  0.89373489E+01,  0.25331999E+02, -0.17896637E+02,  0.54614400E+01,  0.43918576E-09,  0.41087743E+00
    1214.,  0.98748489E+01,  0.25331999E+02, -0.17896637E+02,  0.54116548E+01,  0.44824971E-09,  0.71232193E+00
    1215.,  0.10812349E+02,  0.25331999E+02, -0.17896637E+02,  0.53618695E+01,  0.45730515E-09,  0.10137664E+01
    1216.,  0.11749849E+02,  0.25331999E+02, -0.17896637E+02,  0.53120842E+01,  0.46634910E-09,  0.13152109E+01
    1217.,  0.12687349E+02,  0.25331999E+02, -0.17896637E+02,  0.52622990E+01,  0.47539123E-09,  0.16166554E+01
    1218.,  0.13624849E+02,  0.25331999E+02, -0.17896637E+02,  0.52125137E+01,  0.48444310E-09,  0.19180999E+01
    1219.,  0.14562349E+02,  0.25331999E+02, -0.17896637E+02,  0.51627285E+01,  0.49350009E-09,  0.22195444E+01
    1220.,  0.15499849E+02,  0.25331999E+02, -0.17896637E+02,  0.51129432E+01,  0.50255546E-09,  0.25209889E+01
    1221.,  0.16437349E+02,  0.25331999E+02, -0.17896637E+02,  0.50631580E+01,  0.51160450E-09,  0.28224334E+01
    1222.,  0.17374849E+02,  0.25331999E+02, -0.17896637E+02,  0.50133727E+01,  0.52065348E-09,  0.31238779E+01
    1223.,  0.18312349E+02,  0.25331999E+02, -0.17896637E+02,  0.49635875E+01,  0.52970902E-09,  0.34253224E+01
    1224.,  0.33123489E+01,  0.25331999E+02, -0.18622679E+02,  0.59936036E+01,  0.40518326E-09, -0.13592336E+01
    1225.,  0.42498489E+01,  0.25331999E+02, -0.18622679E+02,  0.59438183E+01,  0.41424589E-09, -0.10577891E+01
    1226.,  0.51873489E+01,  0.25331999E+02, -0.18622679E+02,  0.58940330E+01,  0.42329918E-09, -0.75634462E+00
    1227.,  0.61248489E+01,  0.25331999E+02, -0.18622679E+02,  0.58442478E+01,  0.43233671E-09, -0.45490013E+00
    1228.,  0.70623489E+01,  0.25331999E+02, -0.18622679E+02,  0.57944625E+01,  0.44139894E-09, -0.15345564E+00
    1229.,  0.79998489E+01,  0.25331999E+02, -0.18622679E+02,  0.57446773E+01,  0.45044605E-09,  0.14798886E+00
    1230.,  0.89373489E+01,  0.25331999E+02, -0.18622679E+02,  0.56948920E+01,  0.45950209E-09,  0.44943335E+00
    1231.,  0.98748489E+01,  0.25331999E+02, -0.18622679E+02,  0.56451068E+01,  0.46855364E-09,  0.75087784E+00
    1232.,  0.10812349E+02,  0.25331999E+02, -0.18622679E+02,  0.55953215E+01,  0.47760258E-09,  0.10523223E+01
    1233.,  0.11749849E+02,  0.25331999E+02, -0.18622679E+02,  0.55455363E+01,  0.48664721E-09,  0.13537668E+01
    1234.,  0.12687349E+02,  0.25331999E+02, -0.18622679E+02,  0.54957510E+01,  0.49570015E-09,  0.16552113E+01
    1235.,  0.13624849E+02,  0.25331999E+02, -0.18622679E+02,  0.54459657E+01,  0.50475139E-09,  0.19566558E+01
    1236.,  0.14562349E+02,  0.25331999E+02, -0.18622679E+02,  0.53961805E+01,  0.51380784E-09,  0.22581003E+01
    1237.,  0.15499849E+02,  0.25331999E+02, -0.18622679E+02,  0.53463952E+01,  0.52285796E-09,  0.25595448E+01
    1238.,  0.16437349E+02,  0.25331999E+02, -0.18622679E+02,  0.52966100E+01,  0.53191060E-09,  0.28609893E+01
    1239.,  0.17374849E+02,  0.25331999E+02, -0.18622679E+02,  0.52468247E+01,  0.54095366E-09,  0.31624338E+01
    1240.,  0.18312349E+02,  0.25331999E+02, -0.18622679E+02,  0.51970395E+01,  0.55001276E-09,  0.34638783E+01
    1241.,  0.88907483E+01,  0.10100462E+03, -0.11976790E+01,  0.63579800E-03, -0.36616138E-02,  0.15971007E-03
    1242.,  0.90216325E+01,  0.10088094E+03, -0.11976790E+01,  0.60480259E-03, -0.36222472E-02,  0.16575896E-03
    1243.,  0.91795178E+01,  0.10075167E+03, -0.11976790E+01,  0.58033664E-03, -0.35515648E-02,  0.16205143E-03
    1244.,  0.93688664E+01,  0.10062053E+03, -0.11976790E+01,  0.57090223E-03, -0.34420853E-02,  0.15809935E-03
    1245.,  0.95933411E+01,  0.10049337E+03, -0.11976790E+01,  0.58534827E-03, -0.32925648E-02,  0.15423919E-03
    1246.,  0.98545190E+01,  0.10037833E+03, -0.11976790E+01,  0.63258735E-03, -0.31124823E-02,  0.15147980E-03
    1247.,  0.10150303E+02,  0.10028530E+03, -0.11976790E+01,  0.71322926E-03, -0.29283266E-02,  0.14966048E-03
    1248.,  0.10473624E+02,  0.10022430E+03, -0.11976790E+01,  0.81524495E-03, -0.27779966E-02,  0.14755660E-03
    1249.,  0.10812349E+02,  0.10020300E+03, -0.11976790E+01,  0.91439101E-03, -0.26942682E-02,  0.14550064E-03
    1250.,  0.11151074E+02,  0.10022430E+03, -0.11976790E+01,  0.98309791E-03, -0.26852592E-02,  0.14418344E-03
    1251.,  0.11474394E+02,  0.10028530E+03, -0.11976790E+01,  0.10025990E-02, -0.27294632E-02,  0.14341312E-03
    1252.,  0.11770179E+02,  0.10037833E+03, -0.11976790E+01,  0.97015905E-03, -0.27910293E-02,  0.14197699E-03
    1253.,  0.12031357E+02,  0.10049337E+03, -0.11976790E+01,  0.89635793E-03, -0.28397987E-02,  0.14051037E-03
    1254.,  0.12255831E+02,  0.10062053E+03, -0.11976790E+01,  0.79792986E-03, -0.28612754E-02,  0.13858073E-03
    1255.,  0.12445180E+02,  0.10075167E+03, -0.11976790E+01,  0.68992721E-03, -0.28542772E-02,  0.13897020E-03
    1256.,  0.12603065E+02,  0.10088094E+03, -0.11976790E+01,  0.58354954E-03, -0.28248649E-02,  0.13725897E-03
    1257.,  0.12733950E+02,  0.10100462E+03, -0.11976790E+01,  0.48487333E-03, -0.27806794E-02,  0.14173006E-03
    1258.,  0.12856786E+02,  0.10113729E+03, -0.11976790E+01,  0.38471334E-03, -0.27204786E-02,  0.14058399E-03
    1259.,  0.12984638E+02,  0.10129679E+03, -0.11976790E+01,  0.27346772E-03, -0.26355044E-02,  0.14395192E-03
    1260.,  0.13113701E+02,  0.10148736E+03, -0.11976790E+01,  0.15540070E-03, -0.25234955E-02,  0.14538490E-03
    1261.,  0.13238114E+02,  0.10171231E+03, -0.11976790E+01,  0.36866670E-04, -0.23848750E-02,  0.14629044E-03
    1262.,  0.13349872E+02,  0.10197288E+03, -0.11976790E+01, -0.73633107E-04, -0.22247329E-02,  0.14649384E-03
    1263.,  0.13439432E+02,  0.10226665E+03, -0.11976790E+01, -0.16768696E-03, -0.20529532E-02,  0.14656544E-03
    1264.,  0.13497286E+02,  0.10258649E+03, -0.11976790E+01, -0.23974958E-03, -0.18820953E-02,  0.14684106E-03
    1265.,  0.13516315E+02,  0.10292052E+03, -0.11976790E+01, -0.28884703E-03, -0.17241979E-02,  0.14736657E-03
    1266.,  0.13493999E+02,  0.10325394E+03, -0.11976790E+01, -0.31830966E-03, -0.15875178E-02,  0.14786164E-03
    1267.,  0.13433285E+02,  0.10357207E+03, -0.11976790E+01, -0.33346664E-03, -0.14752995E-02,  0.14813159E-03
    1268.,  0.13341575E+02,  0.10386337E+03, -0.11976790E+01, -0.33934491E-03, -0.13866810E-02,  0.14822742E-03
    1269.,  0.13228459E+02,  0.10412110E+03, -0.11976790E+01, -0.33960684E-03, -0.13185481E-02,  0.14825011E-03
    1270.,  0.13103404E+02,  0.10434321E+03, -0.11976790E+01, -0.33657138E-03, -0.12671111E-02,  0.14825091E-03
    1271.,  0.12974251E+02,  0.10453113E+03, -0.11976790E+01, -0.33162605E-03, -0.12287920E-02,  0.14824697E-03
    1272.,  0.12846686E+02,  0.10468832E+03, -0.11976790E+01, -0.32560449E-03, -0.12005642E-02,  0.14824282E-03
    1273.,  0.12724366E+02,  0.10481902E+03, -0.11976790E+01, -0.31904928E-03, -0.11800285E-02,  0.14823915E-03
    1274.,  0.12592945E+02,  0.10494197E+03, -0.11976790E+01, -0.31126477E-03, -0.11634916E-02,  0.14823601E-03
    1275.,  0.12434749E+02,  0.10507020E+03, -0.11976790E+01, -0.30095071E-03, -0.11497114E-02,  0.14823272E-03
    1276.,  0.12245466E+02,  0.10519999E+03, -0.11976790E+01, -0.28732440E-03, -0.11405315E-02,  0.14822987E-03
    1277.,  0.12021615E+02,  0.10532554E+03, -0.11976790E+01, -0.26939149E-03, -0.11383840E-02,  0.14822760E-03
    1278.,  0.11761787E+02,  0.10543884E+03, -0.11976790E+01, -0.24601843E-03, -0.11462506E-02,  0.14822588E-03
    1279.,  0.11468165E+02,  0.10553027E+03, -0.11976790E+01, -0.21609021E-03, -0.11673224E-02,  0.14822462E-03
    1280.,  0.11147739E+02,  0.10559012E+03, -0.11976790E+01, -0.17879583E-03, -0.12042767E-02,  0.14822347E-03
    1281.,  0.10812349E+02,  0.10561100E+03, -0.11976790E+01, -0.13397838E-03, -0.12582788E-02,  0.14822179E-03
    1282.,  0.10476959E+02,  0.10559012E+03, -0.11976790E+01, -0.82395472E-04, -0.13281741E-02,  0.14821898E-03
    1283.,  0.10156533E+02,  0.10553027E+03, -0.11976790E+01, -0.25713033E-04, -0.14104575E-02,  0.14821495E-03
    1284.,  0.98629112E+01,  0.10543884E+03, -0.11976790E+01,  0.33818006E-04, -0.15001799E-02,  0.14821030E-03
    1285.,  0.96030834E+01,  0.10532554E+03, -0.11976790E+01,  0.93853709E-04, -0.15922799E-02,  0.14820584E-03
    1286.,  0.93792318E+01,  0.10519999E+03, -0.11976790E+01,  0.15238199E-03, -0.16826253E-02,  0.14820224E-03
    1287.,  0.91899489E+01,  0.10507020E+03, -0.11976790E+01,  0.20793896E-03, -0.17684308E-02,  0.14819966E-03
    1288.,  0.90317525E+01,  0.10494197E+03, -0.11976790E+01,  0.25963119E-03, -0.18481704E-02,  0.14819806E-03
    1289.,  0.89003322E+01,  0.10481902E+03, -0.11976790E+01,  0.30701613E-03, -0.19212339E-02,  0.14819937E-03
    1290.,  0.87780118E+01,  0.10468832E+03, -0.11976790E+01,  0.35555785E-03, -0.19962220E-02,  0.14820332E-03
    1291.,  0.86504468E+01,  0.10453113E+03, -0.11976790E+01,  0.41186500E-03, -0.20837467E-02,  0.14821549E-03
    1292.,  0.85212943E+01,  0.10434321E+03, -0.11976790E+01,  0.47647838E-03, -0.21857222E-02,  0.14824737E-03
    1293.,  0.83962388E+01,  0.10412110E+03, -0.11976790E+01,  0.54912354E-03, -0.23040240E-02,  0.14832586E-03
    1294.,  0.82831228E+01,  0.10386337E+03, -0.11976790E+01,  0.62789091E-03, -0.24401041E-02,  0.14851237E-03
    1295.,  0.81914125E+01,  0.10357207E+03, -0.11976790E+01,  0.70829912E-03, -0.25943213E-02,  0.14888632E-03
    1296.,  0.81306984E+01,  0.10325394E+03, -0.11976790E+01,  0.78276932E-03, -0.27648207E-02,  0.14939169E-03
    1297.,  0.81083827E+01,  0.10292052E+03, -0.11976790E+01,  0.84151190E-03, -0.29461649E-02,  0.14984636E-03
    1298.,  0.81274120E+01,  0.10258649E+03, -0.11976790E+01,  0.87554048E-03, -0.31285899E-02,  0.15008293E-03
    1299.,  0.81852658E+01,  0.10226665E+03, -0.11976790E+01,  0.88064476E-03, -0.32991871E-02,  0.15026546E-03
    1300.,  0.82748255E+01,  0.10197288E+03, -0.11976790E+01,  0.85931962E-03, -0.34451656E-02,  0.15087204E-03
    1301.,  0.83865843E+01,  0.10171231E+03, -0.11976790E+01,  0.81910902E-03, -0.35574498E-02,  0.15254340E-03
    1302.,  0.85109971E+01,  0.10148736E+03, -0.11976790E+01,  0.76929708E-03, -0.36323515E-02,  0.15602364E-03
    1303.,  0.86400595E+01,  0.10129679E+03, -0.11976790E+01,  0.71855570E-03, -0.36709448E-02,  0.15993797E-03
    1304.,  0.87679120E+01,  0.10113729E+03, -0.11976790E+01,  0.67303914E-03, -0.36782408E-02,  0.16548630E-03
    1305.,  0.85521705E+01,  0.10066943E+03, -0.11976790E+01,  0.67084645E-03, -0.37424162E-02,  0.13608462E-03
    1306.,  0.87061158E+01,  0.10052395E+03, -0.11976790E+01,  0.66411097E-03, -0.37292132E-02,  0.12319164E-03
    1307.,  0.88918198E+01,  0.10037191E+03, -0.11976790E+01,  0.67440514E-03, -0.36795652E-02,  0.12742291E-03
    1308.,  0.91145309E+01,  0.10021766E+03, -0.11976790E+01,  0.70644577E-03, -0.35792011E-02,  0.13336752E-03
    1309.,  0.93785571E+01,  0.10006810E+03, -0.11976790E+01,  0.76425331E-03, -0.34174345E-02,  0.13877983E-03
    1310.,  0.96857534E+01,  0.99932792E+02, -0.11976790E+01,  0.84091552E-03, -0.32017259E-02,  0.14284601E-03
    1311.,  0.10033654E+02,  0.99823371E+02, -0.11976790E+01,  0.92091947E-03, -0.29661747E-02,  0.14582142E-03
    1312.,  0.10413942E+02,  0.99751623E+02, -0.11976790E+01,  0.98641652E-03, -0.27692770E-02,  0.14958816E-03
    1313.,  0.10812349E+02,  0.99726571E+02, -0.11976790E+01,  0.10270646E-02, -0.26658357E-02,  0.15314655E-03
    1314.,  0.11210756E+02,  0.99751623E+02, -0.11976790E+01,  0.10428607E-02, -0.26687642E-02,  0.15527610E-03
    1315.,  0.11591044E+02,  0.99823371E+02, -0.11976790E+01,  0.10376309E-02, -0.27395443E-02,  0.15634103E-03
    1316.,  0.11938944E+02,  0.99932792E+02, -0.11976790E+01,  0.10117263E-02, -0.28190502E-02,  0.15866722E-03
    1317.,  0.12246141E+02,  0.10006810E+03, -0.11976790E+01,  0.96368816E-03, -0.28648915E-02,  0.16098488E-03
    1318.,  0.12510167E+02,  0.10021766E+03, -0.11976790E+01,  0.89407305E-03, -0.28637029E-02,  0.16410501E-03
    1319.,  0.12732878E+02,  0.10037191E+03, -0.11976790E+01,  0.80867066E-03, -0.28229370E-02,  0.16330646E-03
    1320.,  0.12918582E+02,  0.10052395E+03, -0.11976790E+01,  0.71445969E-03, -0.27569514E-02,  0.16657694E-03
    1321.,  0.13072527E+02,  0.10066943E+03, -0.11976790E+01,  0.61898437E-03, -0.26793067E-02,  0.15790345E-03
    1322.,  0.13217007E+02,  0.10082547E+03, -0.11976790E+01,  0.51399458E-03, -0.25871719E-02,  0.16084871E-03
    1323.,  0.13367387E+02,  0.10101308E+03, -0.11976790E+01,  0.38911349E-03, -0.24727151E-02,  0.15510629E-03
    1324.,  0.13519189E+02,  0.10123722E+03, -0.11976790E+01,  0.24699044E-03, -0.23383736E-02,  0.15261313E-03
    1325.,  0.13665523E+02,  0.10150182E+03, -0.11976790E+01,  0.96001044E-04, -0.21909931E-02,  0.15131836E-03
    1326.,  0.13796973E+02,  0.10180829E+03, -0.11976790E+01, -0.50548733E-04, -0.20404833E-02,  0.15114062E-03
    1327.,  0.13902313E+02,  0.10215383E+03, -0.11976790E+01, -0.17709770E-03, -0.18966175E-02,  0.15110674E-03
    1328.,  0.13970360E+02,  0.10253002E+03, -0.11976790E+01, -0.27128811E-03, -0.17664574E-02,  0.15065016E-03
    1329.,  0.13992743E+02,  0.10292291E+03, -0.11976790E+01, -0.32941275E-03, -0.16526367E-02,  0.14966668E-03
    1330.,  0.13966495E+02,  0.10331507E+03, -0.11976790E+01, -0.35677956E-03, -0.15545830E-02,  0.14875378E-03
    1331.,  0.13895083E+02,  0.10368925E+03, -0.11976790E+01, -0.36331018E-03, -0.14707515E-02,  0.14830150E-03
    1332.,  0.13787214E+02,  0.10403187E+03, -0.11976790E+01, -0.35846924E-03, -0.13998476E-02,  0.14817194E-03
    1333.,  0.13654167E+02,  0.10433502E+03, -0.11976790E+01, -0.34880307E-03, -0.13408103E-02,  0.14815297E-03
    1334.,  0.13507078E+02,  0.10459626E+03, -0.11976790E+01, -0.33795097E-03, -0.12925015E-02,  0.14816060E-03
    1335.,  0.13355169E+02,  0.10481730E+03, -0.11976790E+01, -0.32760531E-03, -0.12536094E-02,  0.14817201E-03
    1336.,  0.13205128E+02,  0.10500218E+03, -0.11976790E+01, -0.31840023E-03, -0.12227430E-02,  0.14818193E-03
    1337.,  0.13061255E+02,  0.10515591E+03, -0.11976790E+01, -0.31044424E-03, -0.11985423E-02,  0.14819014E-03
    1338.,  0.12906679E+02,  0.10530052E+03, -0.11976790E+01, -0.30275246E-03, -0.11774104E-02,  0.14819709E-03
    1339.,  0.12720609E+02,  0.10545135E+03, -0.11976790E+01, -0.29451048E-03, -0.11577432E-02,  0.14820432E-03
    1340.,  0.12497975E+02,  0.10560401E+03, -0.11976790E+01, -0.28580132E-03, -0.11415572E-02,  0.14821066E-03
    1341.,  0.12234682E+02,  0.10575167E+03, -0.11976790E+01, -0.27664607E-03, -0.11319130E-02,  0.14821581E-03
    1342.,  0.11929074E+02,  0.10588494E+03, -0.11976790E+01, -0.26680429E-03, -0.11330288E-02,  0.14821985E-03
    1343.,  0.11583717E+02,  0.10599248E+03, -0.11976790E+01, -0.25547775E-03, -0.11499993E-02,  0.14822284E-03
    1344.,  0.11206833E+02,  0.10606288E+03, -0.11976790E+01, -0.24102925E-03, -0.11877618E-02,  0.14822523E-03
    1345.,  0.10812349E+02,  0.10608744E+03, -0.11976790E+01, -0.22104097E-03, -0.12493141E-02,  0.14822805E-03
    1346.,  0.10417865E+02,  0.10606288E+03, -0.11976790E+01, -0.19300309E-03, -0.13339644E-02,  0.14823244E-03
    1347.,  0.10040981E+02,  0.10599248E+03, -0.11976790E+01, -0.15542631E-03, -0.14368918E-02,  0.14823869E-03
    1348.,  0.96956242E+01,  0.10588494E+03, -0.11976790E+01, -0.10862595E-03, -0.15505658E-02,  0.14824586E-03
    1349.,  0.93900159E+01,  0.10575167E+03, -0.11976790E+01, -0.54608953E-04, -0.16671206E-02,  0.14825257E-03
    1350.,  0.91267226E+01,  0.10560401E+03, -0.11976790E+01,  0.37361954E-05, -0.17802398E-02,  0.14825777E-03
    1351.,  0.89040889E+01,  0.10545135E+03, -0.11976790E+01,  0.63524512E-04, -0.18858726E-02,  0.14826172E-03
    1352.,  0.87180189E+01,  0.10530052E+03, -0.11976790E+01,  0.12241543E-03, -0.19820205E-02,  0.14826463E-03
    1353.,  0.85634430E+01,  0.10515591E+03, -0.11976790E+01,  0.17879560E-03, -0.20681717E-02,  0.14826286E-03
    1354.,  0.84195702E+01,  0.10500218E+03, -0.11976790E+01,  0.23858198E-03, -0.21543858E-02,  0.14825780E-03
    1355.,  0.82695288E+01,  0.10481730E+03, -0.11976790E+01,  0.31010667E-03, -0.22518561E-02,  0.14824071E-03
    1356.,  0.81176202E+01,  0.10459626E+03, -0.11976790E+01,  0.39470609E-03, -0.23608453E-02,  0.14819492E-03
    1357.,  0.79705304E+01,  0.10433502E+03, -0.11976790E+01,  0.49246884E-03, -0.24807225E-02,  0.14807974E-03
    1358.,  0.78374839E+01,  0.10403187E+03, -0.11976790E+01,  0.60087834E-03, -0.26097032E-02,  0.14777388E-03
    1359.,  0.77296146E+01,  0.10368925E+03, -0.11976790E+01,  0.71304232E-03, -0.27449012E-02,  0.14709519E-03
    1360.,  0.76582029E+01,  0.10331507E+03, -0.11976790E+01,  0.81658335E-03, -0.28830231E-02,  0.14613266E-03
    1361.,  0.76319554E+01,  0.10292291E+03, -0.11976790E+01,  0.89528993E-03, -0.30214886E-02,  0.14527198E-03
    1362.,  0.76543375E+01,  0.10253002E+03, -0.11976790E+01,  0.93497560E-03, -0.31588080E-02,  0.14490222E-03
    1363.,  0.77223849E+01,  0.10215383E+03, -0.11976790E+01,  0.93117140E-03, -0.32930468E-02,  0.14469950E-03
    1364.,  0.78277247E+01,  0.10180829E+03, -0.11976790E+01,  0.89234963E-03, -0.34198418E-02,  0.14381647E-03
    1365.,  0.79591749E+01,  0.10150182E+03, -0.11976790E+01,  0.83514345E-03, -0.35325976E-02,  0.14151673E-03
    1366.,  0.81055087E+01,  0.10123722E+03, -0.11976790E+01,  0.77605810E-03, -0.36247655E-02,  0.13659666E-03
    1367.,  0.82573113E+01,  0.10101308E+03, -0.11976790E+01,  0.72613300E-03, -0.36916517E-02,  0.13052555E-03
    1368.,  0.84076909E+01,  0.10082547E+03, -0.11976790E+01,  0.69079559E-03, -0.37306172E-02,  0.12273933E-03
    1369.,  0.82135926E+01,  0.10033424E+03, -0.11976790E+01,  0.77462635E-03, -0.39189391E-02,  0.12049723E-03
    1370.,  0.83905992E+01,  0.10016697E+03, -0.11976790E+01,  0.77480934E-03, -0.39156565E-02,  0.16339483E-03
    1371.,  0.86041219E+01,  0.99992144E+02, -0.11976790E+01,  0.79197216E-03, -0.38683140E-02,  0.17119134E-03
    1372.,  0.88601954E+01,  0.99814793E+02, -0.11976790E+01,  0.84089548E-03, -0.37533809E-02,  0.16921562E-03
    1373.,  0.91637731E+01,  0.99642824E+02, -0.11976790E+01,  0.91805694E-03, -0.35598880E-02,  0.16386250E-03
    1374.,  0.95169878E+01,  0.99487251E+02, -0.11976790E+01,  0.10119336E-02, -0.32942396E-02,  0.15749461E-03
    1375.,  0.99170042E+01,  0.99361439E+02, -0.11976790E+01,  0.11026288E-02, -0.29989668E-02,  0.15159286E-03
    1376.,  0.10354260E+02,  0.99278943E+02, -0.11976790E+01,  0.11690469E-02, -0.27520394E-02,  0.14428186E-03
    1377.,  0.10812349E+02,  0.99250137E+02, -0.11976790E+01,  0.11985496E-02, -0.26293745E-02,  0.13954317E-03
    1378.,  0.11270437E+02,  0.99278943E+02, -0.11976790E+01,  0.11928645E-02, -0.26482440E-02,  0.13614587E-03
    1379.,  0.11707694E+02,  0.99361439E+02, -0.11976790E+01,  0.11611627E-02, -0.27525629E-02,  0.13422312E-03
    1380.,  0.12107710E+02,  0.99487251E+02, -0.11976790E+01,  0.11118563E-02, -0.28609616E-02,  0.13053395E-03
    1381.,  0.12460925E+02,  0.99642824E+02, -0.11976790E+01,  0.10469941E-02, -0.29195601E-02,  0.12860404E-03
    1382.,  0.12764503E+02,  0.99814793E+02, -0.11976790E+01,  0.96746942E-03, -0.29155690E-02,  0.12395198E-03
    1383.,  0.13020576E+02,  0.99992144E+02, -0.11976790E+01,  0.87365543E-03, -0.28603865E-02,  0.12831957E-03
    1384.,  0.13234099E+02,  0.10016697E+03, -0.11976790E+01,  0.77329182E-03, -0.27747052E-02,  0.11960391E-03
    1385.,  0.13411105E+02,  0.10033424E+03, -0.11976790E+01,  0.67115595E-03, -0.26752257E-02,  0.14270591E-03
    1386.,  0.13577228E+02,  0.10051366E+03, -0.11976790E+01,  0.55945011E-03, -0.25607322E-02,  0.12727087E-03
    1387.,  0.13750135E+02,  0.10072937E+03, -0.11976790E+01,  0.42569894E-03, -0.24203188E-02,  0.13671689E-03
    1388.,  0.13924678E+02,  0.10098709E+03, -0.11976790E+01,  0.27381773E-03, -0.22604026E-02,  0.14080070E-03
    1389.,  0.14092932E+02,  0.10129132E+03, -0.11976790E+01,  0.11190470E-03, -0.20922802E-02,  0.14345052E-03
    1390.,  0.14244074E+02,  0.10164370E+03, -0.11976790E+01, -0.46157884E-04, -0.19288076E-02,  0.14347905E-03
    1391.,  0.14365194E+02,  0.10204100E+03, -0.11976790E+01, -0.18276677E-03, -0.17835273E-02,  0.14308775E-03
    1392.,  0.14443435E+02,  0.10247354E+03, -0.11976790E+01, -0.28430617E-03, -0.16640823E-02,  0.14380708E-03
    1393.,  0.14469170E+02,  0.10292529E+03, -0.11976790E+01, -0.34666233E-03, -0.15697976E-02,  0.14576308E-03
    1394.,  0.14438990E+02,  0.10337620E+03, -0.11976790E+01, -0.37543010E-03, -0.14943594E-02,  0.14749517E-03
    1395.,  0.14356881E+02,  0.10380643E+03, -0.11976790E+01, -0.38127095E-03, -0.14310634E-02,  0.14824643E-03
    1396.,  0.14232853E+02,  0.10420038E+03, -0.11976790E+01, -0.37469939E-03, -0.13758596E-02,  0.14838510E-03
    1397.,  0.14079876E+02,  0.10454894E+03, -0.11976790E+01, -0.36324834E-03, -0.13272954E-02,  0.14837225E-03
    1398.,  0.13910752E+02,  0.10484932E+03, -0.11976790E+01, -0.35120844E-03, -0.12851461E-02,  0.14834106E-03
    1399.,  0.13736087E+02,  0.10510346E+03, -0.11976790E+01, -0.34054059E-03, -0.12493607E-02,  0.14831394E-03
    1400.,  0.13563569E+02,  0.10531604E+03, -0.11976790E+01, -0.33186917E-03, -0.12196495E-02,  0.14829314E-03
    1401.,  0.13398144E+02,  0.10549280E+03, -0.11976790E+01, -0.32517852E-03, -0.11954693E-02,  0.14827717E-03
    1402.,  0.13220412E+02,  0.10565908E+03, -0.11976790E+01, -0.31959742E-03, -0.11736376E-02,  0.14826523E-03
    1403.,  0.13006469E+02,  0.10583250E+03, -0.11976790E+01, -0.31481945E-03, -0.11526066E-02,  0.14825263E-03
    1404.,  0.12750484E+02,  0.10600802E+03, -0.11976790E+01, -0.31142617E-03, -0.11345867E-02,  0.14824193E-03
    1405.,  0.12447749E+02,  0.10617780E+03, -0.11976790E+01, -0.30993564E-03, -0.11230933E-02,  0.14823385E-03
    1406.,  0.12096361E+02,  0.10633103E+03, -0.11976790E+01, -0.31045209E-03, -0.11231858E-02,  0.14822787E-03
    1407.,  0.11699269E+02,  0.10645469E+03, -0.11976790E+01, -0.31211072E-03, -0.11411727E-02,  0.14822377E-03
    1408.,  0.11265927E+02,  0.10653563E+03, -0.11976790E+01, -0.31254588E-03, -0.11833429E-02,  0.14822062E-03
    1409.,  0.10812349E+02,  0.10656387E+03, -0.11976790E+01, -0.30789387E-03, -0.12536866E-02,  0.14821632E-03
    1410.,  0.10358770E+02,  0.10653563E+03, -0.11976790E+01, -0.29378774E-03, -0.13516006E-02,  0.14820850E-03
    1411.,  0.99254285E+01,  0.10645469E+03, -0.11976790E+01, -0.26706099E-03, -0.14712514E-02,  0.14819642E-03
    1412.,  0.95283373E+01,  0.10633103E+03, -0.11976790E+01, -0.22706181E-03, -0.16033420E-02,  0.14818180E-03
    1413.,  0.91769484E+01,  0.10617780E+03, -0.11976790E+01, -0.17570183E-03, -0.17381378E-02,  0.14816733E-03
    1414.,  0.88742135E+01,  0.10600802E+03, -0.11976790E+01, -0.11643751E-03, -0.18678824E-02,  0.14815491E-03
    1415.,  0.86182289E+01,  0.10583250E+03, -0.11976790E+01, -0.53033913E-04, -0.19877108E-02,  0.14814302E-03
    1416.,  0.84042854E+01,  0.10565908E+03, -0.11976790E+01,  0.11278432E-04, -0.20953729E-02,  0.14813133E-03
    1417.,  0.82265537E+01,  0.10549280E+03, -0.11976790E+01,  0.74126389E-04, -0.21904513E-02,  0.14812902E-03
    1418.,  0.80611286E+01,  0.10531604E+03, -0.11976790E+01,  0.14183806E-03, -0.22840618E-02,  0.14812636E-03
    1419.,  0.78886108E+01,  0.10510346E+03, -0.11976790E+01,  0.22398814E-03, -0.23877844E-02,  0.14813843E-03
    1420.,  0.77139460E+01,  0.10484932E+03, -0.11976790E+01,  0.32240119E-03, -0.25007324E-02,  0.14818811E-03
    1421.,  0.75448220E+01,  0.10454894E+03, -0.11976790E+01,  0.43749165E-03, -0.26208362E-02,  0.14832730E-03
    1422.,  0.73918450E+01,  0.10420038E+03, -0.11976790E+01,  0.56660341E-03, -0.27448943E-02,  0.14880421E-03
    1423.,  0.72678168E+01,  0.10380643E+03, -0.11976790E+01,  0.70192890E-03, -0.28694353E-02,  0.15003643E-03
    1424.,  0.71857075E+01,  0.10337620E+03, -0.11976790E+01,  0.82925323E-03, -0.29925425E-02,  0.15195041E-03
    1425.,  0.71555280E+01,  0.10292529E+03, -0.11976790E+01,  0.92984484E-03, -0.31156534E-02,  0.15383793E-03
    1426.,  0.71812629E+01,  0.10247354E+03, -0.11976790E+01,  0.98697939E-03, -0.32428047E-02,  0.15434819E-03
    1427.,  0.72595040E+01,  0.10204100E+03, -0.11976790E+01,  0.99454061E-03, -0.33762432E-02,  0.15414177E-03
    1428.,  0.73806238E+01,  0.10164370E+03, -0.11976790E+01,  0.96176136E-03, -0.35114549E-02,  0.15564807E-03
    1429.,  0.75317654E+01,  0.10129132E+03, -0.11976790E+01,  0.90906970E-03, -0.36381300E-02,  0.15945150E-03
    1430.,  0.77000203E+01,  0.10098709E+03, -0.11976790E+01,  0.85661139E-03, -0.37463700E-02,  0.16583568E-03
    1431.,  0.78745632E+01,  0.10072937E+03, -0.11976790E+01,  0.81560700E-03, -0.38307939E-02,  0.16977576E-03
    1432.,  0.80474698E+01,  0.10051366E+03, -0.11976790E+01,  0.78801759E-03, -0.38894113E-02,  0.17150194E-03
    1433.,  0.78750147E+01,  0.99999043E+02, -0.11976790E+01,  0.89878921E-03, -0.41521982E-02,  0.42205510E-03
    1434.,  0.80750825E+01,  0.99809983E+02, -0.11976790E+01,  0.89231112E-03, -0.41811979E-02,  0.28581738E-03
    1435.,  0.83164240E+01,  0.99612383E+02, -0.11976790E+01,  0.93600701E-03, -0.41383361E-02,  0.20285726E-03
    1436.,  0.86058599E+01,  0.99411925E+02, -0.11976790E+01,  0.10175024E-02, -0.40099767E-02,  0.17009250E-03
    1437.,  0.89489891E+01,  0.99217552E+02, -0.11976790E+01,  0.11280640E-02, -0.37747535E-02,  0.15374878E-03
    1438.,  0.93482222E+01,  0.99041709E+02, -0.11976790E+01,  0.12471050E-02, -0.34345449E-02,  0.15004848E-03
    1439.,  0.98003546E+01,  0.98899506E+02, -0.11976790E+01,  0.13480083E-02, -0.30414378E-02,  0.15329157E-03
    1440.,  0.10294579E+02,  0.98806262E+02, -0.11976790E+01,  0.14068739E-02, -0.27100487E-02,  0.15542994E-03
    1441.,  0.10812349E+02,  0.98773704E+02, -0.11976790E+01,  0.14086412E-02, -0.25655087E-02,  0.14338541E-03
    1442.,  0.11330119E+02,  0.98806262E+02, -0.11976790E+01,  0.13566108E-02, -0.26304846E-02,  0.14227410E-03
    1443.,  0.11824343E+02,  0.98899506E+02, -0.11976790E+01,  0.12768628E-02, -0.28068444E-02,  0.14436386E-03
    1444.,  0.12276476E+02,  0.99041709E+02, -0.11976790E+01,  0.11898944E-02, -0.29701523E-02,  0.14223603E-03
    1445.,  0.12675709E+02,  0.99217552E+02, -0.11976790E+01,  0.11039134E-02, -0.30497925E-02,  0.12912020E-03
    1446.,  0.13018838E+02,  0.99411925E+02, -0.11976790E+01,  0.10139881E-02, -0.30387718E-02,  0.12577515E-03
    1447.,  0.13308274E+02,  0.99612383E+02, -0.11976790E+01,  0.91844083E-03, -0.29654450E-02,  0.10734333E-03
    1448.,  0.13549615E+02,  0.99809983E+02, -0.11976790E+01,  0.80736084E-03, -0.28516607E-02,  0.12930613E-03
    1449.,  0.13749683E+02,  0.99999043E+02, -0.11976790E+01,  0.69713874E-03, -0.27252771E-02,  0.75916799E-04
    1450.,  0.13937449E+02,  0.10020184E+03, -0.11976790E+01,  0.57478601E-03, -0.25769716E-02,  0.14548934E-03
    1451.,  0.14132883E+02,  0.10044566E+03, -0.11976790E+01,  0.43209947E-03, -0.24025828E-02,  0.14640081E-03
    1452.,  0.14330166E+02,  0.10073695E+03, -0.11976790E+01,  0.27141839E-03, -0.22133380E-02,  0.14734706E-03
    1453.,  0.14520342E+02,  0.10108082E+03, -0.11976790E+01,  0.10060296E-03, -0.20174491E-02,  0.14415616E-03
    1454.,  0.14691175E+02,  0.10147911E+03, -0.11976790E+01, -0.62227415E-04, -0.18345076E-02,  0.14503592E-03
    1455.,  0.14828075E+02,  0.10192817E+03, -0.11976790E+01, -0.19865823E-03, -0.16823462E-02,  0.14687819E-03
    1456.,  0.14916509E+02,  0.10241707E+03, -0.11976790E+01, -0.29720935E-03, -0.15690725E-02,  0.14722105E-03
    1457.,  0.14945597E+02,  0.10292767E+03, -0.11976790E+01, -0.35689647E-03, -0.14896113E-02,  0.14705608E-03
    1458.,  0.14911486E+02,  0.10343733E+03, -0.11976790E+01, -0.38476489E-03, -0.14319435E-02,  0.14734523E-03
    1459.,  0.14818679E+02,  0.10392361E+03, -0.11976790E+01, -0.39137106E-03, -0.13850192E-02,  0.14770786E-03
    1460.,  0.14678492E+02,  0.10436889E+03, -0.11976790E+01, -0.38651295E-03, -0.13427448E-02,  0.14800467E-03
    1461.,  0.14505584E+02,  0.10476285E+03, -0.11976790E+01, -0.37718660E-03, -0.13033821E-02,  0.14814008E-03
    1462.,  0.14314426E+02,  0.10510237E+03, -0.11976790E+01, -0.36746431E-03, -0.12673216E-02,  0.14819431E-03
    1463.,  0.14117005E+02,  0.10538963E+03, -0.11976790E+01, -0.35927204E-03, -0.12353376E-02,  0.14821554E-03
    1464.,  0.13922011E+02,  0.10562990E+03, -0.11976790E+01, -0.35323026E-03, -0.12078785E-02,  0.14822768E-03
    1465.,  0.13735033E+02,  0.10582969E+03, -0.11976790E+01, -0.34928611E-03, -0.11849600E-02,  0.14823451E-03
    1466.,  0.13534146E+02,  0.10601763E+03, -0.11976790E+01, -0.34692242E-03, -0.11638575E-02,  0.14823137E-03
    1467.,  0.13292329E+02,  0.10621364E+03, -0.11976790E+01, -0.34639474E-03, -0.11431934E-02,  0.14823127E-03
    1468.,  0.13002994E+02,  0.10641204E+03, -0.11976790E+01, -0.34860697E-03, -0.11252995E-02,  0.14823100E-03
    1469.,  0.12660817E+02,  0.10660394E+03, -0.11976790E+01, -0.35439630E-03, -0.11140303E-02,  0.14822908E-03
    1470.,  0.12263647E+02,  0.10677713E+03, -0.11976790E+01, -0.36405802E-03, -0.11150861E-02,  0.14822685E-03
    1471.,  0.11814821E+02,  0.10691689E+03, -0.11976790E+01, -0.37660948E-03, -0.11357533E-02,  0.14822436E-03
    1472.,  0.11325022E+02,  0.10700839E+03, -0.11976790E+01, -0.38907498E-03, -0.11834625E-02,  0.14822153E-03
    1473.,  0.10812349E+02,  0.10704030E+03, -0.11976790E+01, -0.39644687E-03, -0.12630705E-02,  0.14821843E-03
    1474.,  0.10299676E+02,  0.10700839E+03, -0.11976790E+01, -0.39292849E-03, -0.13740389E-02,  0.14821542E-03
    1475.,  0.98098764E+01,  0.10691689E+03, -0.11976790E+01, -0.37411956E-03, -0.15095878E-02,  0.14821308E-03
    1476.,  0.93610504E+01,  0.10677713E+03, -0.11976790E+01, -0.33874458E-03, -0.16587972E-02,  0.14821210E-03
    1477.,  0.89638810E+01,  0.10660394E+03, -0.11976790E+01, -0.28878569E-03, -0.18102677E-02,  0.14821324E-03
    1478.,  0.86217043E+01,  0.10641204E+03, -0.11976790E+01, -0.22825202E-03, -0.19550261E-02,  0.14821689E-03
    1479.,  0.83323689E+01,  0.10621364E+03, -0.11976790E+01, -0.16164044E-03, -0.20875847E-02,  0.14822818E-03
    1480.,  0.80905518E+01,  0.10601763E+03, -0.11976790E+01, -0.92881417E-04, -0.22055498E-02,  0.14824539E-03
    1481.,  0.78896645E+01,  0.10582969E+03, -0.11976790E+01, -0.24898338E-04, -0.23086675E-02,  0.14825029E-03
    1482.,  0.77026871E+01,  0.10562990E+03, -0.11976790E+01,  0.48995543E-04, -0.24090702E-02,  0.14828930E-03
    1483.,  0.75076928E+01,  0.10538963E+03, -0.11976790E+01,  0.13938867E-03, -0.25187978E-02,  0.14834837E-03
    1484.,  0.73102719E+01,  0.10510237E+03, -0.11976790E+01,  0.24863652E-03, -0.26361361E-02,  0.14843868E-03
    1485.,  0.71191136E+01,  0.10476285E+03, -0.11976790E+01,  0.37780236E-03, -0.27579762E-02,  0.14865689E-03
    1486.,  0.69462061E+01,  0.10436889E+03, -0.11976790E+01,  0.52491359E-03, -0.28801529E-02,  0.14894741E-03
    1487.,  0.68060189E+01,  0.10392361E+03, -0.11976790E+01,  0.68264167E-03, -0.29987960E-02,  0.14926629E-03
    1488.,  0.67132120E+01,  0.10343733E+03, -0.11976790E+01,  0.83651840E-03, -0.31129920E-02,  0.14930645E-03
    1489.,  0.66791006E+01,  0.10292767E+03, -0.11976790E+01,  0.96629897E-03, -0.32275886E-02,  0.14800763E-03
    1490.,  0.67081884E+01,  0.10241707E+03, -0.11976790E+01,  0.10518276E-02, -0.33524161E-02,  0.14859113E-03
    1491.,  0.67966230E+01,  0.10192817E+03, -0.11976790E+01,  0.10817156E-02, -0.34944400E-02,  0.15106710E-03
    1492.,  0.69335230E+01,  0.10147911E+03, -0.11976790E+01,  0.10612573E-02, -0.36493599E-02,  0.15046703E-03
    1493.,  0.71043560E+01,  0.10108082E+03, -0.11976790E+01,  0.10123181E-02, -0.37995273E-02,  0.15066762E-03
    1494.,  0.72945319E+01,  0.10073695E+03, -0.11976790E+01,  0.96270970E-03, -0.39258928E-02,  0.15891585E-03
    1495.,  0.74918150E+01,  0.10044566E+03, -0.11976790E+01,  0.92940475E-03, -0.40227249E-02,  0.18430230E-03
    1496.,  0.76872487E+01,  0.10020184E+03, -0.11976790E+01,  0.91339296E-03, -0.40961298E-02,  0.24091430E-03
    1497.,  0.75364368E+01,  0.99663851E+02, -0.11976790E+01,  0.99932860E-03, -0.44320613E-02, -0.10345717E-02
    1498.,  0.77595659E+01,  0.99452998E+02, -0.11976790E+01,  0.10317051E-02, -0.45059045E-02, -0.63326656E-03
    1499.,  0.80287260E+01,  0.99232622E+02, -0.11976790E+01,  0.11345868E-02, -0.44832278E-02, -0.24961541E-03
    1500.,  0.83515244E+01,  0.99009058E+02, -0.11976790E+01,  0.12894744E-02, -0.43605098E-02, -0.10735658E-03
    1501.,  0.87342051E+01,  0.98792279E+02, -0.11976790E+01,  0.14674662E-02, -0.40922170E-02,  0.58281663E-05
    1502.,  0.91794566E+01,  0.98596168E+02, -0.11976790E+01,  0.16203161E-02, -0.36629145E-02,  0.74132204E-04
    1503.,  0.96837050E+01,  0.98437574E+02, -0.11976790E+01,  0.17185229E-02, -0.31219196E-02,  0.99633831E-04
    1504.,  0.10234897E+02,  0.98333582E+02, -0.11976790E+01,  0.17388990E-02, -0.26510117E-02,  0.14631532E-03
    1505.,  0.10812349E+02,  0.98297271E+02, -0.11976790E+01,  0.16512203E-02, -0.24844388E-02,  0.24414102E-03
    1506.,  0.11389801E+02,  0.98333582E+02, -0.11976790E+01,  0.14848386E-02, -0.26434512E-02,  0.26939871E-03
    1507.,  0.11940993E+02,  0.98437574E+02, -0.11976790E+01,  0.13082171E-02, -0.29381815E-02,  0.26933493E-03
    1508.,  0.12445241E+02,  0.98596168E+02, -0.11976790E+01,  0.11809154E-02, -0.31734466E-02,  0.30497351E-03
    1509.,  0.12890493E+02,  0.98792279E+02, -0.11976790E+01,  0.10918650E-02, -0.32624090E-02,  0.39112565E-03
    1510.,  0.13273173E+02,  0.99009058E+02, -0.11976790E+01,  0.10181006E-02, -0.32294825E-02,  0.45400608E-03
    1511.,  0.13595972E+02,  0.99232622E+02, -0.11976790E+01,  0.93445550E-03, -0.31078783E-02,  0.51237928E-03
    1512.,  0.13865132E+02,  0.99452998E+02, -0.11976790E+01,  0.85381193E-03, -0.29677849E-02,  0.46945857E-03
    1513.,  0.14088261E+02,  0.99663851E+02, -0.11976790E+01,  0.72214069E-03, -0.27836392E-02,  0.56748513E-03
    1514.,  0.14297670E+02,  0.99890023E+02, -0.11976790E+01,  0.58609312E-03, -0.25899257E-02,  0.30012293E-03
    1515.,  0.14515631E+02,  0.10016195E+03, -0.11976790E+01,  0.43538081E-03, -0.23879229E-02,  0.22882985E-03
    1516.,  0.14735654E+02,  0.10048681E+03, -0.11976790E+01,  0.25874490E-03, -0.21603080E-02,  0.20759850E-03
    1517.,  0.14947751E+02,  0.10087032E+03, -0.11976790E+01,  0.75282849E-04, -0.19317035E-02,  0.20177955E-03
    1518.,  0.15138276E+02,  0.10131452E+03, -0.11976790E+01, -0.91166460E-04, -0.17295623E-02,  0.19721264E-03
    1519.,  0.15290956E+02,  0.10181534E+03, -0.11976790E+01, -0.22124673E-03, -0.15776081E-02,  0.19459905E-03
    1520.,  0.15389584E+02,  0.10236060E+03, -0.11976790E+01, -0.31024843E-03, -0.14784342E-02,  0.18848544E-03
    1521.,  0.15422025E+02,  0.10293005E+03, -0.11976790E+01, -0.36257481E-03, -0.14182760E-02,  0.17198530E-03
    1522.,  0.15383981E+02,  0.10349846E+03, -0.11976790E+01, -0.38765751E-03, -0.13786700E-02,  0.15613823E-03
    1523.,  0.15280477E+02,  0.10404079E+03, -0.11976790E+01, -0.39558970E-03, -0.13459281E-02,  0.14941357E-03
    1524.,  0.15124131E+02,  0.10453740E+03, -0.11976790E+01, -0.39429520E-03, -0.13137721E-02,  0.14760201E-03
    1525.,  0.14931293E+02,  0.10497677E+03, -0.11976790E+01, -0.38916363E-03, -0.12814336E-02,  0.14728160E-03
    1526.,  0.14718100E+02,  0.10535542E+03, -0.11976790E+01, -0.38358629E-03, -0.12501972E-02,  0.14735350E-03
    1527.,  0.14497923E+02,  0.10567579E+03, -0.11976790E+01, -0.37932587E-03, -0.12214690E-02,  0.14751031E-03
    1528.,  0.14280452E+02,  0.10594376E+03, -0.11976790E+01, -0.37699385E-03, -0.11961535E-02,  0.14763066E-03
    1529.,  0.14071923E+02,  0.10616658E+03, -0.11976790E+01, -0.37655682E-03, -0.11746312E-02,  0.14772873E-03
    1530.,  0.13847880E+02,  0.10637618E+03, -0.11976790E+01, -0.37799214E-03, -0.11545296E-02,  0.14784592E-03
    1531.,  0.13578189E+02,  0.10659479E+03, -0.11976790E+01, -0.38214636E-03, -0.11346363E-02,  0.14795000E-03
    1532.,  0.13255503E+02,  0.10681605E+03, -0.11976790E+01, -0.39020473E-03, -0.11173538E-02,  0.14803666E-03
    1533.,  0.12873884E+02,  0.10703007E+03, -0.11976790E+01, -0.40329389E-03, -0.11067753E-02,  0.14810992E-03
    1534.,  0.12430934E+02,  0.10722323E+03, -0.11976790E+01, -0.42191532E-03, -0.11091485E-02,  0.14816761E-03
    1535.,  0.11930373E+02,  0.10737910E+03, -0.11976790E+01, -0.44505197E-03, -0.11327081E-02,  0.14821033E-03
    1536.,  0.11384116E+02,  0.10748114E+03, -0.11976790E+01, -0.46922158E-03, -0.11861134E-02,  0.14824515E-03
    1537.,  0.10812349E+02,  0.10751674E+03, -0.11976790E+01, -0.48831466E-03, -0.12752552E-02,  0.14828882E-03
    1538.,  0.10240582E+02,  0.10748114E+03, -0.11976790E+01, -0.49506047E-03, -0.13997749E-02,  0.14836020E-03
    1539.,  0.96943244E+01,  0.10737910E+03, -0.11976790E+01, -0.48377781E-03, -0.15519063E-02,  0.14846405E-03
    1540.,  0.91937635E+01,  0.10722323E+03, -0.11976790E+01, -0.45261078E-03, -0.17189598E-02,  0.14858347E-03
    1541.,  0.87508135E+01,  0.10703007E+03, -0.11976790E+01, -0.40373260E-03, -0.18877525E-02,  0.14869288E-03
    1542.,  0.83691952E+01,  0.10681605E+03, -0.11976790E+01, -0.34181128E-03, -0.20480818E-02,  0.14877526E-03
    1543.,  0.80465089E+01,  0.10659479E+03, -0.11976790E+01, -0.27212746E-03, -0.21938921E-02,  0.14881949E-03
    1544.,  0.77768183E+01,  0.10637618E+03, -0.11976790E+01, -0.19928114E-03, -0.23227209E-02,  0.14884393E-03
    1545.,  0.75527752E+01,  0.10616658E+03, -0.11976790E+01, -0.12671094E-03, -0.24345221E-02,  0.14887552E-03
    1546.,  0.73442455E+01,  0.10594376E+03, -0.11976790E+01, -0.47380556E-04, -0.25425449E-02,  0.14874719E-03
    1547.,  0.71267748E+01,  0.10567579E+03, -0.11976790E+01,  0.50185856E-04, -0.26595350E-02,  0.14844431E-03
    1548.,  0.69065978E+01,  0.10535542E+03, -0.11976790E+01,  0.16888110E-03, -0.27831164E-02,  0.14777909E-03
    1549.,  0.66934053E+01,  0.10497677E+03, -0.11976790E+01,  0.31062274E-03, -0.29092443E-02,  0.14602710E-03
    1550.,  0.65005672E+01,  0.10453740E+03, -0.11976790E+01,  0.47494283E-03, -0.30325063E-02,  0.14170822E-03
    1551.,  0.63442210E+01,  0.10404079E+03, -0.11976790E+01,  0.65615931E-03, -0.31480090E-02,  0.13064981E-03
    1552.,  0.62407166E+01,  0.10349846E+03, -0.11976790E+01,  0.84031729E-03, -0.32541383E-02,  0.11352690E-03
    1553.,  0.62026732E+01,  0.10293005E+03, -0.11976790E+01,  0.10057176E-02, -0.33565485E-02,  0.10367237E-03
    1554.,  0.62351139E+01,  0.10236060E+03, -0.11976790E+01,  0.11296028E-02, -0.34720512E-02,  0.98227564E-04
    1555.,  0.63337421E+01,  0.10181534E+03, -0.11976790E+01,  0.11911015E-02, -0.36193664E-02,  0.90850831E-04
    1556.,  0.64864221E+01,  0.10131452E+03, -0.11976790E+01,  0.11848940E-02, -0.37971729E-02,  0.82216051E-04
    1557.,  0.66769466E+01,  0.10087032E+03, -0.11976790E+01,  0.11341907E-02, -0.39838754E-02,  0.55931014E-04
    1558.,  0.68890434E+01,  0.10048681E+03, -0.11976790E+01,  0.10757355E-02, -0.41438134E-02, -0.15652641E-04
    1559.,  0.71090668E+01,  0.10016195E+03, -0.11976790E+01,  0.10413167E-02, -0.42500734E-02, -0.16062936E-03
    1560.,  0.73270276E+01,  0.99890023E+02, -0.11976790E+01,  0.10329959E-02, -0.43158820E-02, -0.48688463E-03
    1561.,  0.71978590E+01,  0.99328659E+02, -0.11976790E+01,  0.10516961E-02, -0.50751737E-02,  0.31070582E-02
    1562.,  0.74440493E+01,  0.99096014E+02, -0.11976790E+01,  0.11602357E-02, -0.52144650E-02,  0.22380489E-02
    1563.,  0.77410281E+01,  0.98852860E+02, -0.11976790E+01,  0.14498316E-02, -0.50904927E-02,  0.13935508E-02
    1564.,  0.80971889E+01,  0.98606190E+02, -0.11976790E+01,  0.17366680E-02, -0.48551092E-02,  0.11383487E-02
    1565.,  0.85194211E+01,  0.98367007E+02, -0.11976790E+01,  0.20085748E-02, -0.45303650E-02,  0.70866170E-03
    1566.,  0.90106911E+01,  0.98150627E+02, -0.11976790E+01,  0.22174048E-02, -0.40272247E-02,  0.40632297E-03
    1567.,  0.95670554E+01,  0.97975642E+02, -0.11976790E+01,  0.23043941E-02, -0.32881999E-02,  0.29910115E-03
    1568.,  0.10175215E+02,  0.97860901E+02, -0.11976790E+01,  0.22282411E-02, -0.25813811E-02,  0.11678674E-03
    1569.,  0.10812349E+02,  0.97820837E+02, -0.11976790E+01,  0.19339796E-02, -0.24169728E-02, -0.22974199E-03
    1570.,  0.11449483E+02,  0.97860901E+02, -0.11976790E+01,  0.14846003E-02, -0.27444255E-02, -0.31929305E-03
    1571.,  0.12057642E+02,  0.97975642E+02, -0.11976790E+01,  0.11434022E-02, -0.31908473E-02, -0.32730460E-03
    1572.,  0.12614007E+02,  0.98150627E+02, -0.11976790E+01,  0.98944284E-03, -0.34946602E-02, -0.49305032E-03
    1573.,  0.13105277E+02,  0.98367007E+02, -0.11976790E+01,  0.95554429E-03, -0.36015450E-02, -0.77461711E-03
    1574.,  0.13527509E+02,  0.98606190E+02, -0.11976790E+01,  0.95223810E-03, -0.35563245E-02, -0.98795870E-03
    1575.,  0.13883670E+02,  0.98852860E+02, -0.11976790E+01,  0.92052896E-03, -0.33896868E-02, -0.10861559E-02
    1576.,  0.14180649E+02,  0.99096014E+02, -0.11976790E+01,  0.87508920E-03, -0.31634750E-02, -0.10377907E-02
    1577.,  0.14426839E+02,  0.99328659E+02, -0.11976790E+01,  0.80140702E-03, -0.29122642E-02, -0.12107230E-02
    1578.,  0.14657891E+02,  0.99578206E+02, -0.11976790E+01,  0.60889764E-03, -0.26067686E-02, -0.47592732E-03
    1579.,  0.14898379E+02,  0.99878234E+02, -0.11976790E+01,  0.44895535E-03, -0.23481070E-02, -0.15594949E-03
    1580.,  0.15141143E+02,  0.10023668E+03, -0.11976790E+01,  0.25308175E-03, -0.20735685E-02, -0.64205138E-04
    1581.,  0.15375161E+02,  0.10065982E+03, -0.11976790E+01,  0.46775626E-04, -0.18069042E-02, -0.20831863E-04
    1582.,  0.15585377E+02,  0.10114993E+03, -0.11976790E+01, -0.12292417E-03, -0.15983410E-02, -0.11088885E-04
    1583.,  0.15753837E+02,  0.10170252E+03, -0.11976790E+01, -0.24286413E-03, -0.14658881E-02, -0.20999383E-04
    1584.,  0.15862658E+02,  0.10230412E+03, -0.11976790E+01, -0.31935338E-03, -0.13963697E-02, -0.28746010E-05
    1585.,  0.15898452E+02,  0.10293243E+03, -0.11976790E+01, -0.36234178E-03, -0.13633053E-02,  0.68065257E-04
    1586.,  0.15856477E+02,  0.10355959E+03, -0.11976790E+01, -0.38463479E-03, -0.13428015E-02,  0.12826813E-03
    1587.,  0.15742275E+02,  0.10415797E+03, -0.11976790E+01, -0.39538661E-03, -0.13210391E-02,  0.14852969E-03
    1588.,  0.15569770E+02,  0.10470590E+03, -0.11976790E+01, -0.39915078E-03, -0.12953342E-02,  0.15245428E-03
    1589.,  0.15357001E+02,  0.10519069E+03, -0.11976790E+01, -0.39934373E-03, -0.12673023E-02,  0.15252884E-03
    1590.,  0.15121774E+02,  0.10560847E+03, -0.11976790E+01, -0.39872182E-03, -0.12391884E-02,  0.15174795E-03
    1591.,  0.14878841E+02,  0.10596196E+03, -0.11976790E+01, -0.39898852E-03, -0.12127548E-02,  0.15094772E-03
    1592.,  0.14638894E+02,  0.10625762E+03, -0.11976790E+01, -0.40080349E-03, -0.11890623E-02,  0.15041547E-03
    1593.,  0.14408812E+02,  0.10650347E+03, -0.11976790E+01, -0.40416913E-03, -0.11686013E-02,  0.15000564E-03
    1594.,  0.14161613E+02,  0.10673473E+03, -0.11976790E+01, -0.40958213E-03, -0.11492984E-02,  0.14956552E-03
    1595.,  0.13864049E+02,  0.10697594E+03, -0.11976790E+01, -0.41856907E-03, -0.11300253E-02,  0.14916986E-03
    1596.,  0.13508012E+02,  0.10722006E+03, -0.11976790E+01, -0.43260788E-03, -0.11131992E-02,  0.14885031E-03
    1597.,  0.13086952E+02,  0.10745621E+03, -0.11976790E+01, -0.45314307E-03, -0.11030664E-02,  0.14859004E-03
    1598.,  0.12598221E+02,  0.10766933E+03, -0.11976790E+01, -0.48102867E-03, -0.11063755E-02,  0.14839012E-03
    1599.,  0.12045926E+02,  0.10784131E+03, -0.11976790E+01, -0.51542526E-03, -0.11323735E-02,  0.14825024E-03
    1600.,  0.11443210E+02,  0.10795389E+03, -0.11976790E+01, -0.55248992E-03, -0.11911940E-02,  0.14814493E-03
    1601.,  0.10812349E+02,  0.10799317E+03, -0.11976790E+01, -0.58489265E-03, -0.12901070E-02,  0.14800831E-03
    1602.,  0.10181488E+02,  0.10795389E+03, -0.11976790E+01, -0.60347767E-03, -0.14291375E-02,  0.14776133E-03
    1603.,  0.95787723E+01,  0.10784131E+03, -0.11976790E+01, -0.60084549E-03, -0.15994204E-02,  0.14737824E-03
    1604.,  0.90264766E+01,  0.10766933E+03, -0.11976790E+01, -0.57439747E-03, -0.17861596E-02,  0.14692074E-03
    1605.,  0.85377461E+01,  0.10745621E+03, -0.11976790E+01, -0.52663475E-03, -0.19740795E-02,  0.14648423E-03
    1606.,  0.81166860E+01,  0.10722006E+03, -0.11976790E+01, -0.46313186E-03, -0.21516064E-02,  0.14613389E-03
    1607.,  0.77606489E+01,  0.10697594E+03, -0.11976790E+01, -0.39012343E-03, -0.23121413E-02,  0.14588435E-03
    1608.,  0.74630848E+01,  0.10673473E+03, -0.11976790E+01, -0.31302082E-03, -0.24532027E-02,  0.14565405E-03
    1609.,  0.72158860E+01,  0.10650347E+03, -0.11976790E+01, -0.23574862E-03, -0.25749828E-02,  0.14541201E-03
    1610.,  0.69858039E+01,  0.10625762E+03, -0.11976790E+01, -0.15101411E-03, -0.26920996E-02,  0.14560048E-03
    1611.,  0.67458568E+01,  0.10596196E+03, -0.11976790E+01, -0.46455297E-04, -0.28182090E-02,  0.14621955E-03
    1612.,  0.65029237E+01,  0.10560847E+03, -0.11976790E+01,  0.81287712E-04, -0.29505938E-02,  0.14789108E-03
    1613.,  0.62676969E+01,  0.10519069E+03, -0.11976790E+01,  0.23489158E-03, -0.30844662E-02,  0.15269266E-03
    1614.,  0.60549283E+01,  0.10470590E+03, -0.11976790E+01,  0.41551975E-03, -0.32128957E-02,  0.16532198E-03
    1615.,  0.58824231E+01,  0.10415797E+03, -0.11976790E+01,  0.62112443E-03, -0.33281741E-02,  0.20370231E-03
    1616.,  0.57682211E+01,  0.10355959E+03, -0.11976790E+01,  0.83897359E-03, -0.34264464E-02,  0.27414484E-03
    1617.,  0.57262458E+01,  0.10293243E+03, -0.11976790E+01,  0.10423075E-02, -0.35084736E-02,  0.32440801E-03
    1618.,  0.57620394E+01,  0.10230412E+03, -0.11976790E+01,  0.12117887E-02, -0.35946609E-02,  0.33509783E-03
    1619.,  0.58708612E+01,  0.10170252E+03, -0.11976790E+01,  0.13190113E-02, -0.37281048E-02,  0.34731835E-03
    1620.,  0.60393212E+01,  0.10114993E+03, -0.11976790E+01,  0.13274330E-02, -0.39292163E-02,  0.37666301E-03
    1621.,  0.62495371E+01,  0.10065982E+03, -0.11976790E+01,  0.12670022E-02, -0.41568616E-02,  0.48952241E-03
    1622.,  0.64835550E+01,  0.10023668E+03, -0.11976790E+01,  0.11851984E-02, -0.43774018E-02,  0.83462964E-03
    1623.,  0.67263186E+01,  0.99878234E+02, -0.11976790E+01,  0.11178697E-02, -0.45880308E-02,  0.12396498E-02
    1624.,  0.69668064E+01,  0.99578206E+02, -0.11976790E+01,  0.11073454E-02, -0.47986144E-02,  0.20102387E-02
    1625.,  0.68592811E+01,  0.98993467E+02, -0.11976790E+01,  0.12860808E-02, -0.72867372E-02, -0.48135574E-02
    1626.,  0.71285326E+01,  0.98739029E+02, -0.11976790E+01,  0.18187551E-02, -0.71661542E-02, -0.33852957E-02
    1627.,  0.74533302E+01,  0.98473099E+02, -0.11976790E+01,  0.23348185E-02, -0.69875481E-02, -0.21080236E-02
    1628.,  0.78428534E+01,  0.98203323E+02, -0.11976790E+01,  0.28416311E-02, -0.63262704E-02, -0.18293283E-02
    1629.,  0.83046371E+01,  0.97941735E+02, -0.11976790E+01,  0.31163699E-02, -0.55470071E-02, -0.97580799E-03
    1630.,  0.88419255E+01,  0.97705086E+02, -0.11976790E+01,  0.32287919E-02, -0.46356742E-02, -0.31407946E-03
    1631.,  0.94504058E+01,  0.97513709E+02, -0.11976790E+01,  0.32352338E-02, -0.36151040E-02, -0.67681212E-04
    1632.,  0.10115533E+02,  0.97388221E+02, -0.11976790E+01,  0.30000687E-02, -0.25153593E-02,  0.30005955E-03
    1633.,  0.10812349E+02,  0.97344404E+02, -0.11976790E+01,  0.23403598E-02, -0.23435064E-02,  0.97706692E-03
    1634.,  0.11509165E+02,  0.97388221E+02, -0.11976790E+01,  0.12260513E-02, -0.32261950E-02,  0.11175432E-02
    1635.,  0.12174292E+02,  0.97513709E+02, -0.11976790E+01,  0.53382690E-03, -0.39101509E-02,  0.11826230E-02
    1636.,  0.12782772E+02,  0.97705086E+02, -0.11976790E+01,  0.33405770E-03, -0.43908582E-02,  0.14376067E-02
    1637.,  0.13320061E+02,  0.97941735E+02, -0.11976790E+01,  0.45013391E-03, -0.47235852E-02,  0.19784822E-02
    1638.,  0.13781845E+02,  0.98203323E+02, -0.11976790E+01,  0.66642493E-03, -0.46989495E-02,  0.24140324E-02
    1639.,  0.14171368E+02,  0.98473099E+02, -0.11976790E+01,  0.79912588E-03, -0.44206139E-02,  0.24523726E-02
    1640.,  0.14496165E+02,  0.98739029E+02, -0.11976790E+01,  0.79621000E-03, -0.38557966E-02,  0.23480775E-02
    1641.,  0.14765417E+02,  0.98993467E+02, -0.11976790E+01,  0.84899817E-03, -0.35323836E-02,  0.26537370E-02
    1642.,  0.15018113E+02,  0.99266390E+02, -0.11976790E+01,  0.66115486E-03, -0.26798129E-02,  0.13176378E-02
    1643.,  0.15281127E+02,  0.99594522E+02, -0.11976790E+01,  0.52723638E-03, -0.22632088E-02,  0.71074432E-03
    1644.,  0.15546631E+02,  0.99986544E+02, -0.11976790E+01,  0.27339954E-03, -0.19056313E-02,  0.51491158E-03
    1645.,  0.15802570E+02,  0.10044932E+03, -0.11976790E+01,  0.30580657E-04, -0.16251487E-02,  0.33944603E-03
    1646.,  0.16032478E+02,  0.10098534E+03, -0.11976790E+01, -0.15010661E-03, -0.14403696E-02,  0.35377265E-03
    1647.,  0.16216718E+02,  0.10158969E+03, -0.11976790E+01, -0.25475445E-03, -0.13530446E-02,  0.44189226E-03
    1648.,  0.16335733E+02,  0.10224765E+03, -0.11976790E+01, -0.32044291E-03, -0.13339631E-02,  0.41735193E-03
    1649.,  0.16374879E+02,  0.10293482E+03, -0.11976790E+01, -0.35486085E-03, -0.13368403E-02,  0.25489163E-03
    1650.,  0.16328972E+02,  0.10362072E+03, -0.11976790E+01, -0.37721421E-03, -0.13310682E-02,  0.15639956E-03
    1651.,  0.16204073E+02,  0.10427515E+03, -0.11976790E+01, -0.39293727E-03, -0.13137589E-02,  0.13855299E-03
    1652.,  0.16015409E+02,  0.10487441E+03, -0.11976790E+01, -0.40273939E-03, -0.12898336E-02,  0.13643751E-03
    1653.,  0.15782709E+02,  0.10540461E+03, -0.11976790E+01, -0.40852720E-03, -0.12632832E-02,  0.13957710E-03
    1654.,  0.15525448E+02,  0.10586153E+03, -0.11976790E+01, -0.41292229E-03, -0.12366268E-02,  0.14179823E-03
    1655.,  0.15259759E+02,  0.10624812E+03, -0.11976790E+01, -0.41769774E-03, -0.12114938E-02,  0.14358522E-03
    1656.,  0.14997336E+02,  0.10657148E+03, -0.11976790E+01, -0.42366980E-03, -0.11888972E-02,  0.14464518E-03
    1657.,  0.14745701E+02,  0.10684036E+03, -0.11976790E+01, -0.43072215E-03, -0.11691827E-02,  0.14538183E-03
    1658.,  0.14475347E+02,  0.10709329E+03, -0.11976790E+01, -0.44001933E-03, -0.11502225E-02,  0.14614266E-03
    1659.,  0.14149909E+02,  0.10735708E+03, -0.11976790E+01, -0.45379426E-03, -0.11312415E-02,  0.14681115E-03
    1660.,  0.13760521E+02,  0.10762408E+03, -0.11976790E+01, -0.47374340E-03, -0.11144937E-02,  0.14732386E-03
    1661.,  0.13300019E+02,  0.10788234E+03, -0.11976790E+01, -0.50177903E-03, -0.11043078E-02,  0.14772745E-03
    1662.,  0.12765508E+02,  0.10811543E+03, -0.11976790E+01, -0.53937219E-03, -0.11078856E-02,  0.14802670E-03
    1663.,  0.12161478E+02,  0.10830352E+03, -0.11976790E+01, -0.58625465E-03, -0.11355894E-02,  0.14821481E-03
    1664.,  0.11502305E+02,  0.10842665E+03, -0.11976790E+01, -0.63852520E-03, -0.11993624E-02,  0.14833116E-03
    1665.,  0.10812349E+02,  0.10846960E+03, -0.11976790E+01, -0.68742638E-03, -0.13083285E-02,  0.14849356E-03
    1666.,  0.10122393E+02,  0.10842665E+03, -0.11976790E+01, -0.72106550E-03, -0.14631749E-02,  0.14885721E-03
    1667.,  0.94632203E+01,  0.10830352E+03, -0.11976790E+01, -0.72939216E-03, -0.16537607E-02,  0.14948670E-03
    1668.,  0.88591897E+01,  0.10811543E+03, -0.11976790E+01, -0.70871981E-03, -0.18626977E-02,  0.15027977E-03
    1669.,  0.83246786E+01,  0.10788234E+03, -0.11976790E+01, -0.66213431E-03, -0.20721747E-02,  0.15106735E-03
    1670.,  0.78641768E+01,  0.10762408E+03, -0.11976790E+01, -0.59655889E-03, -0.22690497E-02,  0.15174403E-03
    1671.,  0.74747889E+01,  0.10735708E+03, -0.11976790E+01, -0.51954575E-03, -0.24461690E-02,  0.15232546E-03
    1672.,  0.71493512E+01,  0.10709329E+03, -0.11976790E+01, -0.43740579E-03, -0.26012148E-02,  0.15295129E-03
    1673.,  0.68789968E+01,  0.10684036E+03, -0.11976790E+01, -0.35491437E-03, -0.27346129E-02,  0.15372875E-03
    1674.,  0.66273623E+01,  0.10657148E+03, -0.11976790E+01, -0.26411070E-03, -0.28622173E-02,  0.15399196E-03
    1675.,  0.63649388E+01,  0.10624812E+03, -0.11976790E+01, -0.15188979E-03, -0.29994798E-02,  0.15399432E-03
    1676.,  0.60992496E+01,  0.10586153E+03, -0.11976790E+01, -0.14608412E-04, -0.31434790E-02,  0.15317459E-03
    1677.,  0.58419885E+01,  0.10540461E+03, -0.11976790E+01,  0.15097123E-03, -0.32890802E-02,  0.14944591E-03
    1678.,  0.56092894E+01,  0.10487441E+03, -0.11976790E+01,  0.34724488E-03, -0.34285989E-02,  0.13463899E-03
    1679.,  0.54206252E+01,  0.10427515E+03, -0.11976790E+01,  0.57557167E-03, -0.35511868E-02,  0.86454107E-04
    1680.,  0.52957257E+01,  0.10362072E+03, -0.11976790E+01,  0.83070934E-03, -0.36429586E-02, -0.51347836E-04
    1681.,  0.52498185E+01,  0.10293482E+03, -0.11976790E+01,  0.10683548E-02, -0.36912021E-02, -0.19699623E-03
    1682.,  0.52889649E+01,  0.10224765E+03, -0.11976790E+01,  0.12856028E-02, -0.37255699E-02, -0.19381728E-03
    1683.,  0.54079803E+01,  0.10158969E+03, -0.11976790E+01,  0.14617040E-02, -0.38092667E-02, -0.14321177E-03
    1684.,  0.55922204E+01,  0.10098534E+03, -0.11976790E+01,  0.15016524E-02, -0.40084618E-02, -0.21947396E-03
    1685.,  0.58221277E+01,  0.10044932E+03, -0.11976790E+01,  0.14583638E-02, -0.43444084E-02, -0.45374585E-03
    1686.,  0.60780666E+01,  0.99986544E+02, -0.11976790E+01,  0.13685055E-02, -0.49210200E-02, -0.12573345E-02
    1687.,  0.63435704E+01,  0.99594522E+02, -0.11976790E+01,  0.12980970E-02, -0.56545821E-02, -0.19000497E-02
    1688.,  0.66065853E+01,  0.99266390E+02, -0.11976790E+01,  0.14280749E-02, -0.63958693E-02, -0.30561746E-02
    1689.,  0.62681257E+01,  0.98408223E+02, -0.11976790E+01,  0.36077504E-01,  0.13490963E-01, -0.27755524E+00
    1690.,  0.66487520E+01,  0.98196191E+02, -0.11976790E+01,  0.29820917E-01,  0.58030457E-02, -0.23124135E+00
    1691.,  0.70756666E+01,  0.97974583E+02, -0.11976790E+01,  0.24917751E-01,  0.11509620E-02, -0.18544003E+00
    1692.,  0.75565193E+01,  0.97749770E+02, -0.11976790E+01,  0.20168912E-01, -0.27314823E-02, -0.13634561E+00
    1693.,  0.80975891E+01,  0.97531779E+02, -0.11976790E+01,  0.15083308E-01, -0.55096981E-02, -0.88654085E-01
    1694.,  0.87015794E+01,  0.97334572E+02, -0.11976790E+01,  0.99869693E-02, -0.55189547E-02, -0.46891967E-01
    1695.,  0.93648963E+01,  0.97175092E+02, -0.11976790E+01,  0.61411517E-02, -0.36174570E-02, -0.19100151E-01
    1696.,  0.10075419E+02,  0.97070518E+02, -0.11976790E+01,  0.41115715E-02, -0.21373876E-02, -0.27906883E-02
    1697.,  0.10812349E+02,  0.97034004E+02, -0.11976790E+01,  0.29646455E-02, -0.19946226E-02,  0.11921926E-01
    1698.,  0.11549279E+02,  0.97070518E+02, -0.11976790E+01,  0.98044326E-04, -0.41600057E-02,  0.25855672E-01
    1699.,  0.12259802E+02,  0.97175092E+02, -0.11976790E+01, -0.35134786E-02, -0.46906886E-02,  0.40614552E-01
    1700.,  0.12923118E+02,  0.97334572E+02, -0.11976790E+01, -0.58021579E-02, -0.36159185E-02,  0.65788646E-01
    1701.,  0.13527109E+02,  0.97531779E+02, -0.11976790E+01, -0.75332448E-02, -0.14753789E-02,  0.10118979E+00
    1702.,  0.14068179E+02,  0.97749770E+02, -0.11976790E+01, -0.98400221E-02,  0.19007294E-02,  0.13837674E+00
    1703.,  0.14549031E+02,  0.97974583E+02, -0.11976790E+01, -0.12596068E-01,  0.62757661E-02,  0.17117144E+00
    1704.,  0.14975946E+02,  0.98196191E+02, -0.11976790E+01, -0.15446197E-01,  0.10720683E-01,  0.19814565E+00
    1705.,  0.15356572E+02,  0.98408223E+02, -0.11976790E+01, -0.18519553E-01,  0.15845927E-01,  0.22109221E+00
    1706.,  0.15567152E+02,  0.98791128E+02, -0.11976790E+01, -0.94641080E-02,  0.57400684E-02,  0.14752625E+00
    1707.,  0.15786331E+02,  0.99220040E+02, -0.11976790E+01, -0.42199951E-02,  0.10096476E-02,  0.88849414E-01
    1708.,  0.16007584E+02,  0.99702193E+02, -0.11976790E+01, -0.14131071E-02, -0.81961647E-03,  0.45450305E-01
    1709.,  0.16220867E+02,  0.10024331E+03, -0.11976790E+01, -0.52784380E-03, -0.11358672E-02,  0.20616827E-01
    1710.,  0.16412456E+02,  0.10084546E+03, -0.11976790E+01, -0.39505813E-03, -0.11611343E-02,  0.97037168E-02
    1711.,  0.16565989E+02,  0.10150455E+03, -0.11976790E+01, -0.32729661E-03, -0.12452075E-02,  0.52574875E-02
    1712.,  0.16665169E+02,  0.10220832E+03, -0.11976790E+01, -0.31517437E-03, -0.13115920E-02,  0.28069169E-02
    1713.,  0.16697791E+02,  0.10293643E+03, -0.11976790E+01, -0.34783117E-03, -0.13384732E-02,  0.12352569E-02
    1714.,  0.16659535E+02,  0.10366348E+03, -0.11976790E+01, -0.37094088E-03, -0.13346977E-02,  0.43529479E-03
    1715.,  0.16555452E+02,  0.10436432E+03, -0.11976790E+01, -0.39133950E-03, -0.13152877E-02,  0.16227607E-03
    1716.,  0.16398232E+02,  0.10501917E+03, -0.11976790E+01, -0.40642271E-03, -0.12897198E-02,  0.83370464E-04
    1717.,  0.16204316E+02,  0.10561647E+03, -0.11976790E+01, -0.41803962E-03, -0.12628046E-02,  0.63851869E-04
    1718.,  0.15989932E+02,  0.10615270E+03, -0.11976790E+01, -0.42916144E-03, -0.12368554E-02,  0.61162238E-04
    1719.,  0.15768524E+02,  0.10663033E+03, -0.11976790E+01, -0.44179106E-03, -0.12130670E-02,  0.62170800E-04
    1720.,  0.15549838E+02,  0.10705527E+03, -0.11976790E+01, -0.45658778E-03, -0.11922078E-02,  0.63564888E-04
    1721.,  0.15340142E+02,  0.10743480E+03, -0.11976790E+01, -0.47406064E-03, -0.11747221E-02,  0.63894292E-04
    1722.,  0.14958597E+02,  0.10764557E+03, -0.11976790E+01, -0.48315957E-03, -0.11563859E-02,  0.93580672E-04
    1723.,  0.14531149E+02,  0.10786540E+03, -0.11976790E+01, -0.49678036E-03, -0.11372952E-02,  0.11517748E-03
    1724.,  0.14050409E+02,  0.10808790E+03, -0.11976790E+01, -0.51694460E-03, -0.11198274E-02,  0.12998222E-03
    1725.,  0.13510408E+02,  0.10830312E+03, -0.11976790E+01, -0.54604044E-03, -0.11085823E-02,  0.13941291E-03
    1726.,  0.12908732E+02,  0.10849736E+03, -0.11976790E+01, -0.58621033E-03, -0.11113508E-02,  0.14488319E-03
    1727.,  0.12249123E+02,  0.10865410E+03, -0.11976790E+01, -0.63799019E-03, -0.11394244E-02,  0.14774236E-03
    1728.,  0.11543562E+02,  0.10875671E+03, -0.11976790E+01, -0.69822557E-03, -0.12059637E-02,  0.14936610E-03
    1729.,  0.10812349E+02,  0.10879250E+03, -0.11976790E+01, -0.75856695E-03, -0.13215048E-02,  0.15125330E-03
    1730.,  0.10081136E+02,  0.10875671E+03, -0.11976790E+01, -0.80697183E-03, -0.14882143E-02,  0.15501534E-03
    1731.,  0.93755751E+01,  0.10865410E+03, -0.11976790E+01, -0.83269844E-03, -0.16972408E-02,  0.16209214E-03
    1732.,  0.87159662E+01,  0.10849736E+03, -0.11976790E+01, -0.83108759E-03, -0.19319304E-02,  0.17322781E-03
    1733.,  0.81142903E+01,  0.10830312E+03, -0.11976790E+01, -0.80428100E-03, -0.21744297E-02,  0.18817857E-03
    1734.,  0.75742889E+01,  0.10808790E+03, -0.11976790E+01, -0.75846300E-03, -0.24109088E-02,  0.20582718E-03
    1735.,  0.70935489E+01,  0.10786540E+03, -0.11976790E+01, -0.70066431E-03, -0.26332789E-02,  0.22417818E-03
    1736.,  0.66661008E+01,  0.10764557E+03, -0.11976790E+01, -0.63690629E-03, -0.28382770E-02,  0.23998063E-03
    1737.,  0.62845555E+01,  0.10743480E+03, -0.11976790E+01, -0.57135660E-03, -0.30262020E-02,  0.24798900E-03
    1738.,  0.60748601E+01,  0.10705527E+03, -0.11976790E+01, -0.44244549E-03, -0.31341618E-02,  0.21462372E-03
    1739.,  0.58561738E+01,  0.10663033E+03, -0.11976790E+01, -0.29518003E-03, -0.32513253E-02,  0.17407071E-03
    1740.,  0.56347661E+01,  0.10615270E+03, -0.11976790E+01, -0.12659810E-03, -0.33756317E-02,  0.11438951E-03
    1741.,  0.54203819E+01,  0.10561647E+03, -0.11976790E+01,  0.66182623E-04, -0.35033909E-02,  0.73828016E-05
    1742.,  0.52264660E+01,  0.10501917E+03, -0.11976790E+01,  0.28628762E-03, -0.36285296E-02, -0.21325738E-03
    1743.,  0.50692458E+01,  0.10436432E+03, -0.11976790E+01,  0.53717798E-03, -0.37416439E-02, -0.72553944E-03
    1744.,  0.49651629E+01,  0.10366348E+03, -0.11976790E+01,  0.82147875E-03, -0.38258402E-02, -0.17856976E-02
    1745.,  0.49269069E+01,  0.10293643E+03, -0.11976790E+01,  0.11004636E-02, -0.38723264E-02, -0.36923510E-02
    1746.,  0.49595289E+01,  0.10220832E+03, -0.11976790E+01,  0.14622161E-02, -0.38821359E-02, -0.70909506E-02
    1747.,  0.50587084E+01,  0.10150455E+03, -0.11976790E+01,  0.20434605E-02, -0.38754567E-02, -0.13608131E-01
    1748.,  0.52122418E+01,  0.10084546E+03, -0.11976790E+01,  0.30614586E-02, -0.40045629E-02, -0.27591157E-01
    1749.,  0.54038312E+01,  0.10024331E+03, -0.11976790E+01,  0.52719678E-02, -0.41391709E-02, -0.55348948E-01
    1750.,  0.56171136E+01,  0.99702193E+02, -0.11976790E+01,  0.91868073E-02, -0.34864516E-02, -0.97599309E-01
    1751.,  0.58383669E+01,  0.99220040E+02, -0.11976790E+01,  0.14750426E-01, -0.12914252E-02, -0.15001295E+00
    1752.,  0.60575459E+01,  0.98791128E+02, -0.11976790E+01,  0.22610106E-01,  0.35220412E-02, -0.20914613E+00
    1753.,  0.56769704E+01,  0.97822979E+02, -0.11976790E+01,  0.12858266E+00,  0.11041557E+00, -0.73005667E+00
    1754.,  0.61689714E+01,  0.97653354E+02, -0.11976790E+01,  0.11194867E+00,  0.92917606E-01, -0.63102905E+00
    1755.,  0.66980031E+01,  0.97476067E+02, -0.11976790E+01,  0.92976646E-01,  0.72731435E-01, -0.52199714E+00
    1756.,  0.72701852E+01,  0.97296217E+02, -0.11976790E+01,  0.71516198E-01,  0.48665149E-01, -0.40456568E+00
    1757.,  0.78905411E+01,  0.97121824E+02, -0.11976790E+01,  0.48496280E-01,  0.23317655E-01, -0.28294096E+00
    1758.,  0.85612333E+01,  0.96964059E+02, -0.11976790E+01,  0.28961944E-01,  0.51618668E-02, -0.16901292E+00
    1759.,  0.92793868E+01,  0.96836474E+02, -0.11976790E+01,  0.14914505E-01, -0.15892054E-02, -0.78077557E-01
    1760.,  0.10035305E+02,  0.96752815E+02, -0.11976790E+01,  0.70093617E-02, -0.17744145E-02, -0.16023803E-01
    1761.,  0.10812349E+02,  0.96723604E+02, -0.11976790E+01,  0.29214781E-02, -0.16843553E-02,  0.35538584E-01
    1762.,  0.11589393E+02,  0.96752815E+02, -0.11976790E+01, -0.35858870E-02, -0.22117193E-02,  0.83256566E-01
    1763.,  0.12345311E+02,  0.96836474E+02, -0.11976790E+01, -0.12715053E-01,  0.38879912E-02,  0.13367984E+00
    1764.,  0.13063465E+02,  0.96964059E+02, -0.11976790E+01, -0.22406469E-01,  0.17222471E-01,  0.20790694E+00
    1765.,  0.13734157E+02,  0.97121824E+02, -0.11976790E+01, -0.34601494E-01,  0.35370145E-01,  0.30260879E+00
    1766.,  0.14354513E+02,  0.97296217E+02, -0.11976790E+01, -0.48190960E-01,  0.55584155E-01,  0.39746109E+00
    1767.,  0.14926695E+02,  0.97476067E+02, -0.11976790E+01, -0.61503308E-01,  0.75019380E-01,  0.48577405E+00
    1768.,  0.15455726E+02,  0.97653354E+02, -0.11976790E+01, -0.73301099E-01,  0.91773570E-01,  0.56414284E+00
    1769.,  0.15947728E+02,  0.97822979E+02, -0.11976790E+01, -0.83370186E-01,  0.10552371E+00,  0.63376962E+00
    1770.,  0.16116191E+02,  0.98315865E+02, -0.11976790E+01, -0.54735035E-01,  0.65238633E-01,  0.46729009E+00
    1771.,  0.16291535E+02,  0.98845558E+02, -0.11976790E+01, -0.29082294E-01,  0.30924222E-01,  0.30594475E+00
    1772.,  0.16468537E+02,  0.99417843E+02, -0.11976790E+01, -0.11722035E-01,  0.98690249E-02,  0.17150526E+00
    1773.,  0.16639163E+02,  0.10003730E+03, -0.11976790E+01, -0.36279179E-02,  0.15361408E-02,  0.81357002E-01
    1774.,  0.16792435E+02,  0.10070558E+03, -0.11976790E+01, -0.11907647E-02, -0.54895955E-03,  0.35890518E-01
    1775.,  0.16915261E+02,  0.10141942E+03, -0.11976790E+01, -0.49419026E-03, -0.11351245E-02,  0.16389412E-01
    1776.,  0.16994605E+02,  0.10216900E+03, -0.11976790E+01, -0.32087741E-03, -0.13176386E-02,  0.74323292E-02
    1777.,  0.17020703E+02,  0.10293805E+03, -0.11976790E+01, -0.34318492E-03, -0.13526958E-02,  0.30183187E-02
    1778.,  0.16990098E+02,  0.10370625E+03, -0.11976790E+01, -0.36626385E-03, -0.13426770E-02,  0.10269261E-02
    1779.,  0.16906831E+02,  0.10445348E+03, -0.11976790E+01, -0.39165965E-03, -0.13166310E-02,  0.28443127E-03
    1780.,  0.16781055E+02,  0.10516392E+03, -0.11976790E+01, -0.41187481E-03, -0.12874883E-02,  0.41213244E-04
    1781.,  0.16625923E+02,  0.10582832E+03, -0.11976790E+01, -0.42882857E-03, -0.12593548E-02, -0.37927746E-04
    1782.,  0.16454415E+02,  0.10644387E+03, -0.11976790E+01, -0.44603059E-03, -0.12335203E-02, -0.63474541E-04
    1783.,  0.16277289E+02,  0.10701254E+03, -0.11976790E+01, -0.46490576E-03, -0.12112525E-02, -0.71846736E-04
    1784.,  0.16102340E+02,  0.10753905E+03, -0.11976790E+01, -0.48618162E-03, -0.11928214E-02, -0.75631965E-04
    1785.,  0.15934584E+02,  0.10802924E+03, -0.11976790E+01, -0.50906557E-03, -0.11784711E-02, -0.78026876E-04
    1786.,  0.15441847E+02,  0.10819786E+03, -0.11976790E+01, -0.51777049E-03, -0.11626554E-02, -0.51422132E-05
    1787.,  0.14912389E+02,  0.10837372E+03, -0.11976790E+01, -0.53134076E-03, -0.11443658E-02,  0.53094455E-04
    1788.,  0.14340297E+02,  0.10855172E+03, -0.11976790E+01, -0.55213199E-03, -0.11263968E-02,  0.95049765E-04
    1789.,  0.13720796E+02,  0.10872390E+03, -0.11976790E+01, -0.58301109E-03, -0.11138589E-02,  0.12239087E-03
    1790.,  0.13051955E+02,  0.10887929E+03, -0.11976790E+01, -0.62682469E-03, -0.11153443E-02,  0.13830018E-03
    1791.,  0.12336768E+02,  0.10900468E+03, -0.11976790E+01, -0.68492871E-03, -0.11432695E-02,  0.14659317E-03
    1792.,  0.11584819E+02,  0.10908677E+03, -0.11976790E+01, -0.75486151E-03, -0.12121509E-02,  0.15129151E-03
    1793.,  0.10812349E+02,  0.10911540E+03, -0.11976790E+01, -0.82855736E-03, -0.13340009E-02,  0.15654195E-03
    1794.,  0.10039879E+02,  0.10908677E+03, -0.11976790E+01, -0.89365715E-03, -0.15124706E-02,  0.16668030E-03
    1795.,  0.92879298E+01,  0.10900468E+03, -0.11976790E+01, -0.93851599E-03, -0.17399567E-02,  0.18582184E-03
    1796.,  0.85727428E+01,  0.10887929E+03, -0.11976790E+01, -0.95726125E-03, -0.20004238E-02,  0.21646312E-03
    1797.,  0.79039020E+01,  0.10872390E+03, -0.11976790E+01, -0.95089827E-03, -0.22757375E-02,  0.25792998E-03
    1798.,  0.72844009E+01,  0.10855172E+03, -0.11976790E+01, -0.92476987E-03, -0.25510140E-02,  0.30559531E-03
    1799.,  0.67123089E+01,  0.10837372E+03, -0.11976790E+01, -0.88533119E-03, -0.28167097E-02,  0.35029433E-03
    1800.,  0.61828505E+01,  0.10819786E+03, -0.11976790E+01, -0.83812060E-03, -0.30682024E-02,  0.37670752E-03
    1801.,  0.56901142E+01,  0.10802924E+03, -0.11976790E+01, -0.78713982E-03, -0.33037136E-02,  0.36059479E-03
    1802.,  0.55223579E+01,  0.10753905E+03, -0.11976790E+01, -0.61656016E-03, -0.33921029E-02,  0.26017858E-03
    1803.,  0.53474089E+01,  0.10701254E+03, -0.11976790E+01, -0.43271627E-03, -0.34900246E-02,  0.13401604E-03
    1804.,  0.51702827E+01,  0.10644387E+03, -0.11976790E+01, -0.23287933E-03, -0.35964931E-02, -0.48265900E-04
    1805.,  0.49987753E+01,  0.10582832E+03, -0.11976790E+01, -0.13785696E-04, -0.37092032E-02, -0.35670883E-03
    1806.,  0.48436426E+01,  0.10516392E+03, -0.11976790E+01,  0.22862394E-03, -0.38243789E-02, -0.96055363E-03
    1807.,  0.47178665E+01,  0.10445348E+03, -0.11976790E+01,  0.50219336E-03, -0.39348730E-02, -0.22543198E-02
    1808.,  0.46346001E+01,  0.10370625E+03, -0.11976790E+01,  0.81765469E-03, -0.40272857E-02, -0.49528837E-02
    1809.,  0.46039953E+01,  0.10293805E+03, -0.11976790E+01,  0.11543704E-02, -0.40926550E-02, -0.10678838E-01
    1810.,  0.46300929E+01,  0.10216900E+03, -0.11976790E+01,  0.18566287E-02, -0.40369192E-02, -0.22726115E-01
    1811.,  0.47094365E+01,  0.10141942E+03, -0.11976790E+01,  0.37607711E-02, -0.35088784E-02, -0.47359430E-01
    1812.,  0.48322632E+01,  0.10070558E+03, -0.11976790E+01,  0.87560872E-02, -0.12639308E-02, -0.97537978E-01
    1813.,  0.49855348E+01,  0.10003730E+03, -0.11976790E+01,  0.20451420E-01,  0.62389112E-02, -0.18501213E+00
    1814.,  0.51561607E+01,  0.99417843E+02, -0.11976790E+01,  0.40358870E-01,  0.22419840E-01, -0.30457032E+00
    1815.,  0.53331633E+01,  0.98845558E+02, -0.11976790E+01,  0.66366047E-01,  0.46494935E-01, -0.44153356E+00
    1816.,  0.55085065E+01,  0.98315865E+02, -0.11976790E+01,  0.96850832E-01,  0.76809971E-01, -0.58625390E+00
    1817.,  0.50858150E+01,  0.97237735E+02, -0.11976790E+01,  0.21452882E+00,  0.20102221E+00, -0.11686894E+01
    1818.,  0.56891908E+01,  0.97110516E+02, -0.11976790E+01,  0.18956700E+00,  0.17545784E+00, -0.10197779E+01
    1819.,  0.63203396E+01,  0.96977552E+02, -0.11976790E+01,  0.16257289E+00,  0.14679453E+00, -0.86293256E+00
    1820.,  0.69838512E+01,  0.96842664E+02, -0.11976790E+01,  0.13083776E+00,  0.11127791E+00, -0.69380790E+00
    1821.,  0.76834930E+01,  0.96711869E+02, -0.11976790E+01,  0.94924591E-01,  0.69102026E-01, -0.51576537E+00
    1822.,  0.84208872E+01,  0.96593545E+02, -0.11976790E+01,  0.59744359E-01,  0.30969172E-01, -0.33592129E+00
    1823.,  0.91938774E+01,  0.96497857E+02, -0.11976790E+01,  0.32228968E-01,  0.66653952E-02, -0.17670459E+00
    1824.,  0.99951909E+01,  0.96435112E+02, -0.11976790E+01,  0.13240966E-01, -0.14743859E-02, -0.45996023E-01
    1825.,  0.10812349E+02,  0.96413204E+02, -0.11976790E+01,  0.19611323E-02, -0.13553548E-02,  0.65545778E-01
    1826.,  0.11629507E+02,  0.96435112E+02, -0.11976790E+01, -0.11255374E-01,  0.18895905E-02,  0.16194953E+00
    1827.,  0.12430821E+02,  0.96497857E+02, -0.11976790E+01, -0.28536078E-01,  0.21085929E-01,  0.25697220E+00
    1828.,  0.13203811E+02,  0.96593545E+02, -0.11976790E+01, -0.47064762E-01,  0.50456797E-01,  0.38243292E+00
    1829.,  0.13941205E+02,  0.96711869E+02, -0.11976790E+01, -0.67698773E-01,  0.82558179E-01,  0.52530932E+00
    1830.,  0.14640847E+02,  0.96842664E+02, -0.11976790E+01, -0.90966785E-01,  0.11704572E+00,  0.67141558E+00
    1831.,  0.15304358E+02,  0.96977552E+02, -0.11976790E+01, -0.11470011E+00,  0.15074225E+00,  0.81372888E+00
    1832.,  0.15935507E+02,  0.97110516E+02, -0.11976790E+01, -0.13766010E+00,  0.18274204E+00,  0.94998731E+00
    1833.,  0.16538883E+02,  0.97237735E+02, -0.11976790E+01, -0.15777729E+00,  0.21096809E+00,  0.10754184E+01
    1834.,  0.16665231E+02,  0.97840603E+02, -0.11976790E+01, -0.11386048E+00,  0.14799197E+00,  0.83283429E+00
    1835.,  0.16796738E+02,  0.98471075E+02, -0.11976790E+01, -0.70581536E-01,  0.86712805E-01,  0.58778261E+00
    1836.,  0.16929490E+02,  0.99133493E+02, -0.11976790E+01, -0.33784236E-01,  0.36894220E-01,  0.35910567E+00
    1837.,  0.17057460E+02,  0.99831287E+02, -0.11976790E+01, -0.11649412E-01,  0.98085639E-02,  0.18314108E+00
    1838.,  0.17172413E+02,  0.10056571E+03, -0.11976790E+01, -0.31010154E-02,  0.92692036E-03,  0.80005336E-01
    1839.,  0.17264533E+02,  0.10133428E+03, -0.11976790E+01, -0.78388189E-03, -0.10369727E-02,  0.33048740E-01
    1840.,  0.17324041E+02,  0.10212967E+03, -0.11976790E+01, -0.34667131E-03, -0.13698580E-02,  0.13566518E-01
    1841.,  0.17343614E+02,  0.10293966E+03, -0.11976790E+01, -0.34428756E-03, -0.13780771E-02,  0.53444420E-02
    1842.,  0.17320661E+02,  0.10374902E+03, -0.11976790E+01, -0.36547019E-03, -0.13517950E-02,  0.18523532E-02
    1843.,  0.17258211E+02,  0.10454264E+03, -0.11976790E+01, -0.39460325E-03, -0.13158806E-02,  0.51452756E-03
    1844.,  0.17163879E+02,  0.10530868E+03, -0.11976790E+01, -0.41896277E-03, -0.12827826E-02,  0.41666622E-04
    1845.,  0.17047529E+02,  0.10604018E+03, -0.11976790E+01, -0.44078886E-03, -0.12521572E-02, -0.12651627E-03
    1846.,  0.16918899E+02,  0.10673505E+03, -0.11976790E+01, -0.46236703E-03, -0.12268855E-02, -0.18757645E-03
    1847.,  0.16786054E+02,  0.10739475E+03, -0.11976790E+01, -0.48601159E-03, -0.12063744E-02, -0.21210919E-03
    1848.,  0.16654842E+02,  0.10802284E+03, -0.11976790E+01, -0.51043295E-03, -0.11910581E-02, -0.22447649E-03
    1849.,  0.16529025E+02,  0.10862368E+03, -0.11976790E+01, -0.53339407E-03, -0.11808469E-02, -0.23121080E-03
    1850.,  0.15925098E+02,  0.10875015E+03, -0.11976790E+01, -0.54155465E-03, -0.11692218E-02, -0.12114071E-03
    1851.,  0.15293629E+02,  0.10888204E+03, -0.11976790E+01, -0.55519637E-03, -0.11528110E-02, -0.25598648E-04
    1852.,  0.14630185E+02,  0.10901554E+03, -0.11976790E+01, -0.57706129E-03, -0.11346411E-02,  0.48263378E-04
    1853.,  0.13931184E+02,  0.10914467E+03, -0.11976790E+01, -0.61060041E-03, -0.11205721E-02,  0.98634470E-04
    1854.,  0.13195179E+02,  0.10926122E+03, -0.11976790E+01, -0.65943902E-03, -0.11202657E-02,  0.12875235E-03
    1855.,  0.12424413E+02,  0.10935526E+03, -0.11976790E+01, -0.72576267E-03, -0.11474913E-02,  0.14471393E-03
    1856.,  0.11626077E+02,  0.10941683E+03, -0.11976790E+01, -0.80771546E-03, -0.12182736E-02,  0.15383681E-03
    1857.,  0.10812349E+02,  0.10943830E+03, -0.11976790E+01, -0.89736214E-03, -0.13461767E-02,  0.16381851E-03
    1858.,  0.99986211E+01,  0.10941683E+03, -0.11976790E+01, -0.98184403E-03, -0.15363533E-02,  0.18267432E-03
    1859.,  0.92002846E+01,  0.10935526E+03, -0.11976790E+01, -0.10483831E-02, -0.17824185E-02,  0.21806962E-03
    1860.,  0.84295193E+01,  0.10926122E+03, -0.11976790E+01, -0.10896111E-02, -0.20688536E-02,  0.27448746E-03
    1861.,  0.76935138E+01,  0.10914467E+03, -0.11976790E+01, -0.11051548E-02, -0.23770257E-02,  0.34929516E-03
    1862.,  0.69945129E+01,  0.10901554E+03, -0.11976790E+01, -0.10994143E-02, -0.26905836E-02,  0.43024065E-03
    1863.,  0.63310689E+01,  0.10888204E+03, -0.11976790E+01, -0.10783009E-02, -0.29979895E-02,  0.49475705E-03
    1864.,  0.56996001E+01,  0.10875015E+03, -0.11976790E+01, -0.10470147E-02, -0.32922432E-02,  0.51076642E-03
    1865.,  0.50956728E+01,  0.10862368E+03, -0.11976790E+01, -0.10095344E-02, -0.35694840E-02,  0.44527713E-03
    1866.,  0.49698556E+01,  0.10802284E+03, -0.11976790E+01, -0.79094963E-03, -0.36369356E-02,  0.25820067E-03
    1867.,  0.48386439E+01,  0.10739475E+03, -0.11976790E+01, -0.56701749E-03, -0.37149097E-02,  0.21615623E-04
    1868.,  0.47057993E+01,  0.10673505E+03, -0.11976790E+01, -0.33383172E-03, -0.38038096E-02, -0.32062164E-03
    1869.,  0.45771687E+01,  0.10604018E+03, -0.11976790E+01, -0.88175109E-04, -0.39035931E-02, -0.89240996E-03
    1870.,  0.44608192E+01,  0.10530868E+03, -0.11976790E+01,  0.17633780E-03, -0.40119899E-02, -0.19768549E-02
    1871.,  0.43664871E+01,  0.10454264E+03, -0.11976790E+01,  0.47326843E-03, -0.41266351E-02, -0.42249284E-02
    1872.,  0.43040373E+01,  0.10374902E+03, -0.11976790E+01,  0.82712150E-03, -0.42379217E-02, -0.89629688E-02
    1873.,  0.42810837E+01,  0.10293966E+03, -0.11976790E+01,  0.12514134E-02, -0.43618586E-02, -0.19598196E-01
    1874.,  0.43006569E+01,  0.10212967E+03, -0.11976790E+01,  0.24716057E-02, -0.42256652E-02, -0.43781408E-01
    1875.,  0.43601646E+01,  0.10133428E+03, -0.11976790E+01,  0.67871914E-02, -0.23732415E-02, -0.95636873E-01
    1876.,  0.44522847E+01,  0.10056571E+03, -0.11976790E+01,  0.18913749E-01,  0.54197496E-02, -0.19496002E+00
    1877.,  0.45672383E+01,  0.99831287E+02, -0.11976790E+01,  0.44189616E-01,  0.26122071E-01, -0.35001897E+00
    1878.,  0.46952078E+01,  0.99133493E+02, -0.11976790E+01,  0.81710027E-01,  0.61603132E-01, -0.54445057E+00
    1879.,  0.48279597E+01,  0.98471075E+02, -0.11976790E+01,  0.12581401E+00,  0.10657327E+00, -0.75517753E+00
    1880.,  0.49594671E+01,  0.97840603E+02, -0.11976790E+01,  0.17105879E+00,  0.15461056E+00, -0.96599264E+00
    1881.,  0.44946597E+01,  0.96652492E+02, -0.11976790E+01,  0.29895986E+00,  0.28956279E+00, -0.16032087E+01
    1882.,  0.52094102E+01,  0.96567679E+02, -0.11976790E+01,  0.26253902E+00,  0.25214130E+00, -0.13971610E+01
    1883.,  0.59426760E+01,  0.96479036E+02, -0.11976790E+01,  0.22806456E+00,  0.21709087E+00, -0.11947764E+01
    1884.,  0.66975171E+01,  0.96389110E+02, -0.11976790E+01,  0.19106231E+00,  0.17677064E+00, -0.98742076E+00
    1885.,  0.74764450E+01,  0.96301914E+02, -0.11976790E+01,  0.14511019E+00,  0.12228856E+00, -0.76074623E+00
    1886.,  0.82805411E+01,  0.96223031E+02, -0.11976790E+01,  0.97959784E-01,  0.66088656E-01, -0.52391899E+00
    1887.,  0.91083679E+01,  0.96159239E+02, -0.11976790E+01,  0.55194923E-01,  0.21212188E-01, -0.29674435E+00
    1888.,  0.99550769E+01,  0.96117410E+02, -0.11976790E+01,  0.23424361E-01, -0.70994102E-03, -0.93129234E-01
    1889.,  0.10812349E+02,  0.96102804E+02, -0.11976790E+01, -0.81046851E-03, -0.14022174E-02,  0.96705669E-01
    1890.,  0.11669621E+02,  0.96117410E+02, -0.11976790E+01, -0.23725424E-01,  0.77907522E-02,  0.25633262E+00
    1891.,  0.12516330E+02,  0.96159239E+02, -0.11976790E+01, -0.51145597E-01,  0.47225417E-01,  0.40528360E+00
    1892.,  0.13344157E+02,  0.96223031E+02, -0.11976790E+01, -0.75704349E-01,  0.91902180E-01,  0.57259555E+00
    1893.,  0.14148253E+02,  0.96301914E+02, -0.11976790E+01, -0.10293110E+00,  0.13467050E+00,  0.75806150E+00
    1894.,  0.14927181E+02,  0.96389110E+02, -0.11976790E+01, -0.13728958E+00,  0.18335290E+00,  0.95503124E+00
    1895.,  0.15682022E+02,  0.96479036E+02, -0.11976790E+01, -0.17550877E+00,  0.23694824E+00,  0.11620695E+01
    1896.,  0.16415288E+02,  0.96567679E+02, -0.11976790E+01, -0.20946292E+00,  0.28528059E+00,  0.13557880E+01
    1897.,  0.17130038E+02,  0.96652492E+02, -0.11976790E+01, -0.23807202E+00,  0.32551803E+00,  0.15332222E+01
    1898.,  0.17214270E+02,  0.97365341E+02, -0.11976790E+01, -0.17837255E+00,  0.23946271E+00,  0.12141412E+01
    1899.,  0.17301942E+02,  0.98096593E+02, -0.11976790E+01, -0.11962169E+00,  0.15510442E+00,  0.89404143E+00
    1900.,  0.17390443E+02,  0.98849142E+02, -0.11976790E+01, -0.65050048E-01,  0.78281034E-01,  0.58276270E+00
    1901.,  0.17475756E+02,  0.99625276E+02, -0.11976790E+01, -0.25101992E-01,  0.25458645E-01,  0.31697428E+00
    1902.,  0.17552392E+02,  0.10042583E+03, -0.11976790E+01, -0.64267916E-02,  0.38279665E-02,  0.14081039E+00
    1903.,  0.17613805E+02,  0.10124915E+03, -0.11976790E+01, -0.12301399E-02, -0.10165411E-02,  0.54276687E-01
    1904.,  0.17653477E+02,  0.10209034E+03, -0.11976790E+01, -0.39819434E-03, -0.14603763E-02,  0.20483690E-01
    1905.,  0.17666526E+02,  0.10294127E+03, -0.11976790E+01, -0.35640109E-03, -0.14089800E-02,  0.78897091E-02
    1906.,  0.17651223E+02,  0.10379178E+03, -0.11976790E+01, -0.36904714E-03, -0.13556167E-02,  0.27986440E-02
    1907.,  0.17609590E+02,  0.10463180E+03, -0.11976790E+01, -0.39958215E-03, -0.13136620E-02,  0.80728894E-03
    1908.,  0.17546702E+02,  0.10545343E+03, -0.11976790E+01, -0.42838659E-03, -0.12729127E-02,  0.71615990E-04
    1909.,  0.17469136E+02,  0.10625204E+03, -0.11976790E+01, -0.45239858E-03, -0.12417971E-02, -0.19966433E-03
    1910.,  0.17383382E+02,  0.10702622E+03, -0.11976790E+01, -0.47796438E-03, -0.12166715E-02, -0.30182781E-03
    1911.,  0.17294819E+02,  0.10777696E+03, -0.11976790E+01, -0.50440749E-03, -0.11982875E-02, -0.34666069E-03
    1912.,  0.17207344E+02,  0.10850662E+03, -0.11976790E+01, -0.52913648E-03, -0.11863843E-02, -0.36839319E-03
    1913.,  0.17123466E+02,  0.10921812E+03, -0.11976790E+01, -0.54816287E-03, -0.11803863E-02, -0.38263756E-03
    1914.,  0.16408348E+02,  0.10930243E+03, -0.11976790E+01, -0.55461458E-03, -0.11752210E-02, -0.24050270E-03
    1915.,  0.15674869E+02,  0.10939036E+03, -0.11976790E+01, -0.56753934E-03, -0.11621151E-02, -0.11123892E-03
    1916.,  0.14920073E+02,  0.10947936E+03, -0.11976790E+01, -0.59018597E-03, -0.11444575E-02, -0.54444663E-05
    1917.,  0.14141572E+02,  0.10956545E+03, -0.11976790E+01, -0.62684158E-03, -0.11288928E-02,  0.70276078E-04
    1918.,  0.13338402E+02,  0.10964315E+03, -0.11976790E+01, -0.68208617E-03, -0.11264494E-02,  0.11696684E-03
    1919.,  0.12512059E+02,  0.10970584E+03, -0.11976790E+01, -0.75890939E-03, -0.11525082E-02,  0.14217644E-03
    1920.,  0.11667334E+02,  0.10974689E+03, -0.11976790E+01, -0.85586257E-03, -0.12247952E-02,  0.15669988E-03
    1921.,  0.10812349E+02,  0.10976120E+03, -0.11976790E+01, -0.96488489E-03, -0.13585334E-02,  0.17239667E-03
    1922.,  0.99573637E+01,  0.10974689E+03, -0.11976790E+01, -0.10723642E-02, -0.15604140E-02,  0.20167697E-03
    1923.,  0.91126394E+01,  0.10970584E+03, -0.11976790E+01, -0.11640809E-02, -0.18252402E-02,  0.25641130E-03
    1924.,  0.82862959E+01,  0.10964315E+03, -0.11976790E+01, -0.12307496E-02, -0.21378934E-02,  0.34305645E-03
    1925.,  0.74831255E+01,  0.10956545E+03, -0.11976790E+01, -0.12701765E-02, -0.24789845E-02,  0.45521659E-03
    1926.,  0.67046249E+01,  0.10947936E+03, -0.11976790E+01, -0.12856133E-02, -0.28302851E-02,  0.56893873E-03
    1927.,  0.59498289E+01,  0.10939036E+03, -0.11976790E+01, -0.12825822E-02, -0.31775163E-02,  0.64459971E-03
    1928.,  0.52163497E+01,  0.10930243E+03, -0.11976790E+01, -0.12664795E-02, -0.35109985E-02,  0.63999980E-03
    1929.,  0.45012315E+01,  0.10921812E+03, -0.11976790E+01, -0.12416956E-02, -0.38249234E-02,  0.53308932E-03
    1930.,  0.44173534E+01,  0.10850662E+03, -0.11976790E+01, -0.96913267E-03, -0.38698307E-02,  0.25018990E-03
    1931.,  0.43298789E+01,  0.10777696E+03, -0.11976790E+01, -0.70102751E-03, -0.39262979E-02, -0.10467781E-03
    1932.,  0.42413158E+01,  0.10702622E+03, -0.11976790E+01, -0.43177207E-03, -0.39961137E-02, -0.62133703E-03
    1933.,  0.41555621E+01,  0.10625204E+03, -0.11976790E+01, -0.15673729E-03, -0.40820023E-02, -0.14811326E-02
    1934.,  0.40779958E+01,  0.10545343E+03, -0.11976790E+01,  0.12982547E-03, -0.41869146E-02, -0.30863344E-02
    1935.,  0.40151077E+01,  0.10463180E+03, -0.11976790E+01,  0.45074461E-03, -0.43078592E-02, -0.63387133E-02
    1936.,  0.39734745E+01,  0.10379178E+03, -0.11976790E+01,  0.85231259E-03, -0.44492002E-02, -0.13213007E-01
    1937.,  0.39581721E+01,  0.10294127E+03, -0.11976790E+01,  0.13957043E-02, -0.46712066E-02, -0.29263428E-01
    1938.,  0.39712209E+01,  0.10209034E+03, -0.11976790E+01,  0.32836411E-02, -0.44399822E-02, -0.68187932E-01
    1939.,  0.40108927E+01,  0.10124915E+03, -0.11976790E+01,  0.10905990E-01, -0.56759571E-03, -0.15369000E+00
    1940.,  0.40723061E+01,  0.10042583E+03, -0.11976790E+01,  0.32446767E-01,  0.15577538E-01, -0.30906458E+00
    1941.,  0.41489419E+01,  0.99625276E+02, -0.11976790E+01,  0.73136042E-01,  0.52522835E-01, -0.53323045E+00
    1942.,  0.42342548E+01,  0.98849142E+02, -0.11976790E+01,  0.12764402E+00,  0.10750628E+00, -0.79795291E+00
    1943.,  0.43227561E+01,  0.98096593E+02, -0.11976790E+01,  0.18647241E+00,  0.16969795E+00, -0.10731341E+01
    1944.,  0.44104277E+01,  0.97365341E+02, -0.11976790E+01,  0.24423176E+00,  0.23129536E+00, -0.13430724E+01
    1945.,  0.39035043E+01,  0.96067248E+02, -0.11976790E+01,  0.37490812E+00,  0.36719754E+00, -0.20155801E+01
    1946.,  0.47296296E+01,  0.96024841E+02, -0.11976790E+01,  0.33028584E+00,  0.32196552E+00, -0.17600213E+01
    1947.,  0.55650125E+01,  0.95980520E+02, -0.11976790E+01,  0.28303110E+00,  0.27306243E+00, -0.14963009E+01
    1948.,  0.64111830E+01,  0.95935557E+02, -0.11976790E+01,  0.24153769E+00,  0.23003120E+00, -0.12560944E+01
    1949.,  0.72693970E+01,  0.95891959E+02, -0.11976790E+01,  0.19700318E+00,  0.17884222E+00, -0.10119085E+01
    1950.,  0.81401950E+01,  0.95852518E+02, -0.11976790E+01,  0.13546762E+00,  0.10363456E+00, -0.71515494E+00
    1951.,  0.90228584E+01,  0.95820622E+02, -0.11976790E+01,  0.78727987E-01,  0.36466959E-01, -0.41849070E+00
    1952.,  0.99149629E+01,  0.95799707E+02, -0.11976790E+01,  0.33873240E-01,  0.38901103E-03, -0.14494305E+00
    1953.,  0.10812349E+02,  0.95792404E+02, -0.11976790E+01, -0.42021224E-02, -0.14273825E-02,  0.12018890E+00
    1954.,  0.11709735E+02,  0.95799707E+02, -0.11976790E+01, -0.41913042E-01,  0.13226008E-01,  0.36326796E+00
    1955.,  0.12601839E+02,  0.95820622E+02, -0.11976790E+01, -0.80064309E-01,  0.81876569E-01,  0.57008957E+00
    1956.,  0.13484503E+02,  0.95852518E+02, -0.11976790E+01, -0.10773935E+00,  0.14164723E+00,  0.77762806E+00
    1957.,  0.14355301E+02,  0.95891959E+02, -0.11976790E+01, -0.14037649E+00,  0.18865904E+00,  0.99610988E+00
    1958.,  0.15213515E+02,  0.95935557E+02, -0.11976790E+01, -0.19265526E+00,  0.26124908E+00,  0.12611599E+01
    1959.,  0.16059685E+02,  0.95980520E+02, -0.11976790E+01, -0.24266812E+00,  0.33316669E+00,  0.15264997E+01
    1960.,  0.16895068E+02,  0.96024841E+02, -0.11976790E+01, -0.28278417E+00,  0.39012016E+00,  0.17656263E+01
    1961.,  0.17721194E+02,  0.96067248E+02, -0.11976790E+01, -0.32023130E+00,  0.44383269E+00,  0.19966585E+01
    1962.,  0.17763310E+02,  0.96890079E+02, -0.11976790E+01, -0.24701900E+00,  0.33761452E+00,  0.16068976E+01
    1963.,  0.17807145E+02,  0.97722111E+02, -0.11976790E+01, -0.17286093E+00,  0.23025981E+00,  0.12128269E+01
    1964.,  0.17851396E+02,  0.98564792E+02, -0.11976790E+01, -0.10179889E+00,  0.12824392E+00,  0.82488383E+00
    1965.,  0.17894052E+02,  0.99419265E+02, -0.11976790E+01, -0.43208442E-01,  0.47456535E-01,  0.47235978E+00
    1966.,  0.17932370E+02,  0.10028595E+03, -0.11976790E+01, -0.11034754E-01,  0.76576796E-02,  0.21338898E+00
    1967.,  0.17963077E+02,  0.10116401E+03, -0.11976790E+01, -0.18586436E-02, -0.11206005E-02,  0.78000929E-01
    1968.,  0.17982913E+02,  0.10205102E+03, -0.11976790E+01, -0.48418269E-03, -0.15782832E-02,  0.27372758E-01
    1969.,  0.17989437E+02,  0.10294289E+03, -0.11976790E+01, -0.38115424E-03, -0.14209515E-02,  0.10389780E-01
    1970.,  0.17981786E+02,  0.10383455E+03, -0.11976790E+01, -0.37331869E-03, -0.13614861E-02,  0.37373838E-02
    1971.,  0.17960970E+02,  0.10472097E+03, -0.11976790E+01, -0.40907595E-03, -0.13016221E-02,  0.10985471E-02
    1972.,  0.17929526E+02,  0.10559819E+03, -0.11976790E+01, -0.43728273E-03, -0.12606849E-02,  0.95409764E-04
    1973.,  0.17890742E+02,  0.10646390E+03, -0.11976790E+01, -0.46403540E-03, -0.12273321E-02, -0.27068222E-03
    1974.,  0.17847866E+02,  0.10731739E+03, -0.11976790E+01, -0.49222497E-03, -0.12027428E-02, -0.41507484E-03
    1975.,  0.17803584E+02,  0.10815917E+03, -0.11976790E+01, -0.52018271E-03, -0.11866999E-02, -0.47560018E-03
    1976.,  0.17759847E+02,  0.10899041E+03, -0.11976790E+01, -0.54286942E-03, -0.11784921E-02, -0.50865200E-03
    1977.,  0.17717908E+02,  0.10981256E+03, -0.11976790E+01, -0.55642311E-03, -0.11762648E-02, -0.53158743E-03
    1978.,  0.16891599E+02,  0.10985472E+03, -0.11976790E+01, -0.55947770E-03, -0.11788511E-02, -0.36013974E-03
    1979.,  0.16056109E+02,  0.10989868E+03, -0.11976790E+01, -0.56939309E-03, -0.11709879E-02, -0.19965291E-03
    1980.,  0.15209961E+02,  0.10994318E+03, -0.11976790E+01, -0.59088985E-03, -0.11550688E-02, -0.62888915E-04
    1981.,  0.14351961E+02,  0.10998623E+03, -0.11976790E+01, -0.62994852E-03, -0.11385994E-02,  0.39023198E-04
    1982.,  0.13481625E+02,  0.11002507E+03, -0.11976790E+01, -0.69255835E-03, -0.11340775E-02,  0.10369745E-03
    1983.,  0.12599704E+02,  0.11005642E+03, -0.11976790E+01, -0.78241596E-03, -0.11587578E-02,  0.13912255E-03
    1984.,  0.11708592E+02,  0.11007694E+03, -0.11976790E+01, -0.89809405E-03, -0.12322986E-02,  0.15958690E-03
    1985.,  0.10812349E+02,  0.11008410E+03, -0.11976790E+01, -0.10309531E-02, -0.13717379E-02,  0.18153804E-03
    1986.,  0.99161063E+01,  0.11007694E+03, -0.11976790E+01, -0.11662185E-02, -0.15853661E-02,  0.22236858E-03
    1987.,  0.90249942E+01,  0.11005642E+03, -0.11976790E+01, -0.12877537E-02, -0.18691318E-02,  0.29876828E-03
    1988.,  0.81430724E+01,  0.11002507E+03, -0.11976790E+01, -0.13836626E-02, -0.22081415E-02,  0.41924901E-03
    1989.,  0.72727372E+01,  0.10998623E+03, -0.11976790E+01, -0.14491228E-02, -0.25819429E-02,  0.57213901E-03
    1990.,  0.64147369E+01,  0.10994318E+03, -0.11976790E+01, -0.14856744E-02, -0.29699470E-02,  0.71838597E-03
    1991.,  0.55685889E+01,  0.10989868E+03, -0.11976790E+01, -0.14988769E-02, -0.33547493E-02,  0.80129768E-03
    1992.,  0.47330993E+01,  0.10985472E+03, -0.11976790E+01, -0.14956508E-02, -0.37238250E-02,  0.77674826E-03
    1993.,  0.39067902E+01,  0.10981256E+03, -0.11976790E+01, -0.14824816E-02, -0.40723690E-02,  0.64668019E-03
    1994.,  0.38648512E+01,  0.10899041E+03, -0.11976790E+01, -0.11535140E-02, -0.40937151E-02,  0.27801273E-03
    1995.,  0.38211139E+01,  0.10815917E+03, -0.11976790E+01, -0.83719390E-03, -0.41260225E-02, -0.18617969E-03
    1996.,  0.37768324E+01,  0.10731739E+03, -0.11976790E+01, -0.52959103E-03, -0.41740584E-02, -0.86453594E-03
    1997.,  0.37339555E+01,  0.10646390E+03, -0.11976790E+01, -0.22265547E-03, -0.42428809E-02, -0.20038764E-02
    1998.,  0.36951723E+01,  0.10559819E+03, -0.11976790E+01,  0.90107783E-04, -0.43405833E-02, -0.41201761E-02
    1999.,  0.36637283E+01,  0.10472097E+03, -0.11976790E+01,  0.43171929E-03, -0.44743395E-02, -0.83499719E-02
    2000.,  0.36429117E+01,  0.10383455E+03, -0.11976790E+01,  0.88977408E-03, -0.46454993E-02, -0.17217569E-01
    2001.,  0.36352605E+01,  0.10294289E+03, -0.11976790E+01,  0.15926507E-02, -0.50071890E-02, -0.38616057E-01
    2002.,  0.36417849E+01,  0.10205102E+03, -0.11976790E+01,  0.42738730E-02, -0.49546178E-02, -0.93531898E-01
    2003.,  0.36616208E+01,  0.10116401E+03, -0.11976790E+01,  0.15786786E-01,  0.12519695E-02, -0.21672236E+00
    2004.,  0.36923275E+01,  0.10028595E+03, -0.11976790E+01,  0.48338294E-01,  0.27764412E-01, -0.43330234E+00
    2005.,  0.37306454E+01,  0.99419265E+02, -0.11976790E+01,  0.10570514E+00,  0.83411267E-01, -0.72795670E+00
    2006.,  0.37733019E+01,  0.98564792E+02, -0.11976790E+01,  0.17599211E+00,  0.15692906E+00, -0.10585314E+01
    2007.,  0.38175525E+01,  0.97722111E+02, -0.11976790E+01,  0.24815592E+00,  0.23400785E+00, -0.13937133E+01
    2008.,  0.38613883E+01,  0.96890079E+02, -0.11976790E+01,  0.31806282E+00,  0.30883599E+00, -0.17215399E+01
    2009.,  0.33123489E+01,  0.95482004E+02, -0.11976790E+01,  0.41047746E+00,  0.40928157E+00, -0.23180131E+01
    2010.,  0.42498489E+01,  0.95482004E+02, -0.11976790E+01,  0.35742584E+00,  0.35636353E+00, -0.20099292E+01
    2011.,  0.51873489E+01,  0.95482004E+02, -0.11976790E+01,  0.30433780E+00,  0.30336184E+00, -0.17035016E+01
    2012.,  0.61248489E+01,  0.95482004E+02, -0.11976790E+01,  0.25211080E+00,  0.24376518E+00, -0.13979075E+01
    2013.,  0.70623489E+01,  0.95482004E+02, -0.11976790E+01,  0.19284816E+00,  0.17574564E+00, -0.10890934E+01
    2014.,  0.79998489E+01,  0.95482004E+02, -0.11976790E+01,  0.13611272E+00,  0.10621601E+00, -0.78289988E+00
    2015.,  0.89373489E+01,  0.95482004E+02, -0.11976790E+01,  0.85593178E-01,  0.39574976E-01, -0.47700869E+00
    2016.,  0.98748489E+01,  0.95482004E+02, -0.11976790E+01,  0.42258450E-01, -0.18833845E-10, -0.17446411E+00
    2017.,  0.10812349E+02,  0.95482004E+02, -0.11976790E+01, -0.75268060E-02, -0.97660205E-11,  0.12698039E+00
    2018.,  0.11749849E+02,  0.95482004E+02, -0.11976790E+01, -0.57312062E-01, -0.72429805E-12,  0.42842488E+00
    2019.,  0.12687349E+02,  0.95482004E+02, -0.11976790E+01, -0.98140710E-01,  0.11266000E+00,  0.72300962E+00
    2020.,  0.13624849E+02,  0.95482004E+02, -0.11976790E+01, -0.14623199E+00,  0.20592310E+00,  0.10043883E+01
    2021.,  0.14562349E+02,  0.95482004E+02, -0.11976790E+01, -0.19906941E+00,  0.26305020E+00,  0.12894832E+01
    2022.,  0.15499849E+02,  0.95482004E+02, -0.11976790E+01, -0.25280908E+00,  0.34701673E+00,  0.15770637E+01
    2023.,  0.16437349E+02,  0.95482004E+02, -0.11976790E+01, -0.30345953E+00,  0.41904667E+00,  0.18743376E+01
    2024.,  0.17374849E+02,  0.95482004E+02, -0.11976790E+01, -0.35246842E+00,  0.49052053E+00,  0.21665238E+01
    2025.,  0.18312349E+02,  0.95482004E+02, -0.11976790E+01, -0.40136366E+00,  0.56012009E+00,  0.24573792E+01
    2026.,  0.18312349E+02,  0.96414817E+02, -0.11976790E+01, -0.31825199E+00,  0.44027427E+00,  0.20070570E+01
    2027.,  0.18312349E+02,  0.97347629E+02, -0.11976790E+01, -0.22965314E+00,  0.31113956E+00,  0.15417842E+01
    2028.,  0.18312349E+02,  0.98280441E+02, -0.11976790E+01, -0.14243419E+00,  0.18415690E+00,  0.10793318E+01
    2029.,  0.18312349E+02,  0.99213254E+02, -0.11976790E+01, -0.65090962E-01,  0.73413740E-01,  0.64188563E+00
    2030.,  0.18312349E+02,  0.10014607E+03, -0.11976790E+01, -0.17071966E-01,  0.10647601E-01,  0.29263544E+00
    2031.,  0.18312349E+02,  0.10107888E+03, -0.11976790E+01, -0.27855374E-02, -0.18606856E-02,  0.10067576E+00
    2032.,  0.18312349E+02,  0.10201169E+03, -0.11976790E+01, -0.62087312E-03, -0.16130006E-02,  0.33595445E-01
    2033.,  0.18312349E+02,  0.10294450E+03, -0.11976790E+01, -0.40462219E-03, -0.14485470E-02,  0.12606931E-01
    2034.,  0.18312349E+02,  0.10387732E+03, -0.11976790E+01, -0.38307847E-03, -0.13434076E-02,  0.45734723E-02
    2035.,  0.18312349E+02,  0.10481013E+03, -0.11976790E+01, -0.41818155E-03, -0.12884718E-02,  0.13030212E-02
    2036.,  0.18312349E+02,  0.10574294E+03, -0.11976790E+01, -0.44635653E-03, -0.12440359E-02,  0.85283208E-04
    2037.,  0.18312349E+02,  0.10667575E+03, -0.11976790E+01, -0.47511520E-03, -0.12090360E-02, -0.36267789E-03
    2038.,  0.18312349E+02,  0.10760857E+03, -0.11976790E+01, -0.50526477E-03, -0.11841141E-02, -0.53151687E-03
    2039.,  0.18312349E+02,  0.10854138E+03, -0.11976790E+01, -0.53310910E-03, -0.11719749E-02, -0.60454056E-03
    2040.,  0.18312349E+02,  0.10947419E+03, -0.11976790E+01, -0.55170743E-03, -0.11698508E-02, -0.64642602E-03
    2041.,  0.18312349E+02,  0.11040700E+03, -0.11976790E+01, -0.56235439E-03, -0.11703604E-02, -0.67979904E-03
    2042.,  0.17374849E+02,  0.11040700E+03, -0.11976790E+01, -0.56182680E-03, -0.11781905E-02, -0.48036248E-03
    2043.,  0.16437349E+02,  0.11040700E+03, -0.11976790E+01, -0.56430392E-03, -0.11773135E-02, -0.29014839E-03
    2044.,  0.15499849E+02,  0.11040700E+03, -0.11976790E+01, -0.57981947E-03, -0.11649653E-02, -0.12288849E-03
    2045.,  0.14562349E+02,  0.11040700E+03, -0.11976790E+01, -0.61850029E-03, -0.11489252E-02,  0.58965127E-05
    2046.,  0.13624849E+02,  0.11040700E+03, -0.11976790E+01, -0.68839965E-03, -0.11430739E-02,  0.89565276E-04
    2047.,  0.12687349E+02,  0.11040700E+03, -0.11976790E+01, -0.79385586E-03, -0.11666541E-02,  0.13575010E-03
    2048.,  0.11749849E+02,  0.11040700E+03, -0.11976790E+01, -0.93281655E-03, -0.12414995E-02,  0.16224041E-03
    2049.,  0.10812349E+02,  0.11040700E+03, -0.11976790E+01, -0.10952963E-02, -0.13866623E-02,  0.19050509E-03
    2050.,  0.98748489E+01,  0.11040700E+03, -0.11976790E+01, -0.12646599E-02, -0.16121194E-02,  0.24350212E-03
    2051.,  0.89373489E+01,  0.11040700E+03, -0.11976790E+01, -0.14220496E-02, -0.19148866E-02,  0.34348486E-03
    2052.,  0.79998489E+01,  0.11040700E+03, -0.11976790E+01, -0.15518293E-02, -0.22800434E-02,  0.50150362E-03
    2053.,  0.70623489E+01,  0.11040700E+03, -0.11976790E+01, -0.16451534E-02, -0.26856587E-02,  0.69930546E-03
    2054.,  0.61248489E+01,  0.11040700E+03, -0.11976790E+01, -0.17007368E-02, -0.31083950E-02,  0.87998832E-03
    2055.,  0.51873489E+01,  0.11040700E+03, -0.11976790E+01, -0.17241259E-02, -0.35275813E-02,  0.96959565E-03
    2056.,  0.42498489E+01,  0.11040700E+03, -0.11976790E+01, -0.17276940E-02, -0.39291373E-02,  0.92745035E-03
    2057.,  0.33123489E+01,  0.11040700E+03, -0.11976790E+01, -0.17267101E-02, -0.43166764E-02,  0.78964769E-03
    2058.,  0.33123489E+01,  0.10947419E+03, -0.11976790E+01, -0.13456456E-02, -0.43155718E-02,  0.35551871E-03
    2059.,  0.33123489E+01,  0.10854138E+03, -0.11976790E+01, -0.97830108E-03, -0.43184912E-02, -0.18711606E-03
    2060.,  0.33123489E+01,  0.10760857E+03, -0.11976790E+01, -0.62921139E-03, -0.43388783E-02, -0.99545832E-03
    2061.,  0.33123489E+01,  0.10667575E+03, -0.11976790E+01, -0.28951114E-03, -0.43874164E-02, -0.23652731E-02
    2062.,  0.33123489E+01,  0.10574294E+03, -0.11976790E+01,  0.52907876E-04, -0.44714851E-02, -0.49413412E-02
    2063.,  0.33123489E+01,  0.10481013E+03, -0.11976790E+01,  0.41797500E-03, -0.46083293E-02, -0.10071742E-01
    2064.,  0.33123489E+01,  0.10387732E+03, -0.11976790E+01,  0.92550779E-03, -0.48259915E-02, -0.20685137E-01
    2065.,  0.33123489E+01,  0.10294450E+03, -0.11976790E+01,  0.18563648E-02, -0.53317744E-02, -0.46733215E-01
    2066.,  0.33123489E+01,  0.10201169E+03, -0.11976790E+01,  0.54986440E-02, -0.60025675E-02, -0.11729286E+00
    2067.,  0.33123489E+01,  0.10107888E+03, -0.11976790E+01,  0.21302640E-01,  0.17226243E-02, -0.28068656E+00
    2068.,  0.33123489E+01,  0.10014607E+03, -0.11976790E+01,  0.66244864E-01,  0.40850497E-01, -0.56478779E+00
    2069.,  0.33123489E+01,  0.99213254E+02, -0.11976790E+01,  0.14114491E+00,  0.11782671E+00, -0.93157027E+00
    2070.,  0.33123489E+01,  0.98280441E+02, -0.11976790E+01,  0.22620037E+00,  0.20872316E+00, -0.13241488E+01
    2071.,  0.33123489E+01,  0.97347629E+02, -0.11976790E+01,  0.31147149E+00,  0.30044566E+00, -0.17183416E+01
    2072.,  0.33123489E+01,  0.96414817E+02, -0.11976790E+01,  0.39455864E+00,  0.38878677E+00, -0.21074849E+01
    2073.,  0.33123489E+01,  0.95482004E+02, -0.19237207E+01,  0.64202219E+00,  0.31495166E+00, -0.22734958E+01
    2074.,  0.42498489E+01,  0.95482004E+02, -0.19237207E+01,  0.58865518E+00,  0.26250839E+00, -0.19660302E+01
    2075.,  0.51873489E+01,  0.95482004E+02, -0.19237207E+01,  0.53572167E+00,  0.20678212E+00, -0.16593166E+01
    2076.,  0.61248489E+01,  0.95482004E+02, -0.19237207E+01,  0.47608067E+00,  0.97111714E-01, -0.13456363E+01
    2077.,  0.70623489E+01,  0.95482004E+02, -0.19237207E+01,  0.42506623E+00, -0.25663720E-10, -0.10402417E+01
    2078.,  0.79998489E+01,  0.95482004E+02, -0.19237207E+01,  0.37528097E+00, -0.16615288E-10, -0.73879718E+00
    2079.,  0.89373489E+01,  0.95482004E+02, -0.19237207E+01,  0.32549572E+00, -0.75702191E-11, -0.43735268E+00
    2080.,  0.98748489E+01,  0.95482004E+02, -0.19237207E+01,  0.27571046E+00,  0.14869487E-11, -0.13590819E+00
    2081.,  0.10812349E+02,  0.95482004E+02, -0.19237207E+01,  0.22592521E+00,  0.10528461E-10,  0.16553630E+00
    2082.,  0.11749849E+02,  0.95482004E+02, -0.19237207E+01,  0.17613995E+00,  0.19585830E-10,  0.46698079E+00
    2083.,  0.12687349E+02,  0.95482004E+02, -0.19237207E+01,  0.12635470E+00,  0.28638925E-10,  0.76842529E+00
    2084.,  0.13624849E+02,  0.95482004E+02, -0.19237207E+01,  0.76569441E-01,  0.37688076E-10,  0.10698698E+01
    2085.,  0.14562349E+02,  0.95482004E+02, -0.19237207E+01,  0.26784185E-01,  0.46740495E-10,  0.13713143E+01
    2086.,  0.15499849E+02,  0.95482004E+02, -0.19237207E+01, -0.21700080E-01,  0.85019449E-01,  0.16689511E+01
    2087.,  0.16437349E+02,  0.95482004E+02, -0.19237207E+01, -0.71777594E-01,  0.17403382E+00,  0.19579736E+01
    2088.,  0.17374849E+02,  0.95482004E+02, -0.19237207E+01, -0.12268426E+00,  0.22957528E+00,  0.22552393E+01
    2089.,  0.18312349E+02,  0.95482004E+02, -0.19237207E+01, -0.17318532E+00,  0.27761952E+00,  0.25544124E+01
    2090.,  0.33123489E+01,  0.95482004E+02, -0.26497623E+01,  0.86240855E+00,  0.12652507E+00, -0.22134573E+01
    2091.,  0.42498489E+01,  0.95482004E+02, -0.26497623E+01,  0.81115889E+00,  0.94910729E-01, -0.19107889E+01
    2092.,  0.51873489E+01,  0.95482004E+02, -0.26497623E+01,  0.75941398E+00,  0.54696871E-01, -0.16065848E+01
    2093.,  0.61248489E+01,  0.95482004E+02, -0.26497623E+01,  0.70830350E+00, -0.14413557E-10, -0.13031302E+01
    2094.,  0.70623489E+01,  0.95482004E+02, -0.26497623E+01,  0.65851824E+00, -0.53507481E-11, -0.10016858E+01
    2095.,  0.79998489E+01,  0.95482004E+02, -0.26497623E+01,  0.60873299E+00,  0.36832629E-11, -0.70024126E+00
    2096.,  0.89373489E+01,  0.95482004E+02, -0.26497623E+01,  0.55894773E+00,  0.12741578E-10, -0.39879677E+00
    2097.,  0.98748489E+01,  0.95482004E+02, -0.26497623E+01,  0.50916248E+00,  0.21782441E-10, -0.97352277E-01
    2098.,  0.10812349E+02,  0.95482004E+02, -0.26497623E+01,  0.45937722E+00,  0.30839613E-10,  0.20409222E+00
    2099.,  0.11749849E+02,  0.95482004E+02, -0.26497623E+01,  0.40959196E+00,  0.39899691E-10,  0.50553671E+00
    2100.,  0.12687349E+02,  0.95482004E+02, -0.26497623E+01,  0.35980671E+00,  0.48939792E-10,  0.80698120E+00
    2101.,  0.13624849E+02,  0.95482004E+02, -0.26497623E+01,  0.31002145E+00,  0.57992795E-10,  0.11084257E+01
    2102.,  0.14562349E+02,  0.95482004E+02, -0.26497623E+01,  0.26023620E+00,  0.67045998E-10,  0.14098702E+01
    2103.,  0.15499849E+02,  0.95482004E+02, -0.26497623E+01,  0.21045094E+00,  0.76093864E-10,  0.17113147E+01
    2104.,  0.16437349E+02,  0.95482004E+02, -0.26497623E+01,  0.16098839E+00,  0.40448775E-01,  0.20108861E+01
    2105.,  0.17374849E+02,  0.95482004E+02, -0.26497623E+01,  0.11118037E+00,  0.86304153E-01,  0.23096227E+01
    2106.,  0.18312349E+02,  0.95482004E+02, -0.26497623E+01,  0.60246343E-01,  0.10712160E+00,  0.26127132E+01
    2107.,  0.33123489E+01,  0.95482004E+02, -0.33758040E+01,  0.10910130E+01,  0.15724115E-01, -0.21683058E+01
    2108.,  0.42498489E+01,  0.95482004E+02, -0.33758040E+01,  0.10413260E+01, -0.12216717E-10, -0.18674633E+01
    2109.,  0.51873489E+01,  0.95482004E+02, -0.33758040E+01,  0.99154077E+00, -0.31597479E-11, -0.15660188E+01
    2110.,  0.61248489E+01,  0.95482004E+02, -0.33758040E+01,  0.94175551E+00,  0.58838641E-11, -0.12645743E+01
    2111.,  0.70623489E+01,  0.95482004E+02, -0.33758040E+01,  0.89197026E+00,  0.14947342E-10, -0.96312984E+00
    2112.,  0.79998489E+01,  0.95482004E+02, -0.33758040E+01,  0.84218500E+00,  0.23994153E-10, -0.66168535E+00
    2113.,  0.89373489E+01,  0.95482004E+02, -0.33758040E+01,  0.79239974E+00,  0.33057425E-10, -0.36024086E+00
    2114.,  0.98748489E+01,  0.95482004E+02, -0.33758040E+01,  0.74261449E+00,  0.42096297E-10, -0.58796362E-01
    2115.,  0.10812349E+02,  0.95482004E+02, -0.33758040E+01,  0.69282923E+00,  0.51136368E-10,  0.24264813E+00
    2116.,  0.11749849E+02,  0.95482004E+02, -0.33758040E+01,  0.64304398E+00,  0.60199896E-10,  0.54409262E+00
    2117.,  0.12687349E+02,  0.95482004E+02, -0.33758040E+01,  0.59325872E+00,  0.69246322E-10,  0.84553712E+00
    2118.,  0.13624849E+02,  0.95482004E+02, -0.33758040E+01,  0.54347347E+00,  0.78299750E-10,  0.11469816E+01
    2119.,  0.14562349E+02,  0.95482004E+02, -0.33758040E+01,  0.49368821E+00,  0.87357008E-10,  0.14484261E+01
    2120.,  0.15499849E+02,  0.95482004E+02, -0.33758040E+01,  0.44390296E+00,  0.96385667E-10,  0.17498706E+01
    2121.,  0.16437349E+02,  0.95482004E+02, -0.33758040E+01,  0.39411770E+00,  0.10546173E-09,  0.20513151E+01
    2122.,  0.17374849E+02,  0.95482004E+02, -0.33758040E+01,  0.34461587E+00,  0.19287323E-01,  0.23522298E+01
    2123.,  0.18312349E+02,  0.95482004E+02, -0.33758040E+01,  0.29446612E+00,  0.27975214E-01,  0.26541778E+01
    2124.,  0.33123489E+01,  0.95482004E+02, -0.41018457E+01,  0.13245306E+01, -0.18377592E-02, -0.21302289E+01
    2125.,  0.42498489E+01,  0.95482004E+02, -0.41018457E+01,  0.12747780E+01,  0.80998706E-11, -0.18289074E+01
    2126.,  0.51873489E+01,  0.95482004E+02, -0.41018457E+01,  0.12249928E+01,  0.17155450E-10, -0.15274629E+01
    2127.,  0.61248489E+01,  0.95482004E+02, -0.41018457E+01,  0.11752075E+01,  0.26205280E-10, -0.12260184E+01
    2128.,  0.70623489E+01,  0.95482004E+02, -0.41018457E+01,  0.11254223E+01,  0.35255808E-10, -0.92457393E+00
    2129.,  0.79998489E+01,  0.95482004E+02, -0.41018457E+01,  0.10756370E+01,  0.44318729E-10, -0.62312943E+00
    2130.,  0.89373489E+01,  0.95482004E+02, -0.41018457E+01,  0.10258518E+01,  0.53361776E-10, -0.32168494E+00
    2131.,  0.98748489E+01,  0.95482004E+02, -0.41018457E+01,  0.97606650E+00,  0.62411337E-10, -0.20240448E-01
    2132.,  0.10812349E+02,  0.95482004E+02, -0.41018457E+01,  0.92628125E+00,  0.71452374E-10,  0.28120405E+00
    2133.,  0.11749849E+02,  0.95482004E+02, -0.41018457E+01,  0.87649599E+00,  0.80509115E-10,  0.58264854E+00
    2134.,  0.12687349E+02,  0.95482004E+02, -0.41018457E+01,  0.82671074E+00,  0.89558533E-10,  0.88409303E+00
    2135.,  0.13624849E+02,  0.95482004E+02, -0.41018457E+01,  0.77692548E+00,  0.98618464E-10,  0.11855375E+01
    2136.,  0.14562349E+02,  0.95482004E+02, -0.41018457E+01,  0.72714022E+00,  0.10766171E-09,  0.14869820E+01
    2137.,  0.15499849E+02,  0.95482004E+02, -0.41018457E+01,  0.67735497E+00,  0.11671504E-09,  0.17884265E+01
    2138.,  0.16437349E+02,  0.95482004E+02, -0.41018457E+01,  0.62756971E+00,  0.12576308E-09,  0.20898710E+01
    2139.,  0.17374849E+02,  0.95482004E+02, -0.41018457E+01,  0.57778446E+00,  0.13481331E-09,  0.23913155E+01
    2140.,  0.18312349E+02,  0.95482004E+02, -0.41018457E+01,  0.52809370E+00,  0.32300269E-02,  0.26927615E+01
    2141.,  0.33123489E+01,  0.95482004E+02, -0.48278873E+01,  0.15580153E+01,  0.19350394E-10, -0.20917960E+01
    2142.,  0.42498489E+01,  0.95482004E+02, -0.48278873E+01,  0.15082300E+01,  0.28391050E-10, -0.17903515E+01
    2143.,  0.51873489E+01,  0.95482004E+02, -0.48278873E+01,  0.14584448E+01,  0.37462371E-10, -0.14889070E+01
    2144.,  0.61248489E+01,  0.95482004E+02, -0.48278873E+01,  0.14086595E+01,  0.46501837E-10, -0.11874625E+01
    2145.,  0.70623489E+01,  0.95482004E+02, -0.48278873E+01,  0.13588743E+01,  0.55567689E-10, -0.88601801E+00
    2146.,  0.79998489E+01,  0.95482004E+02, -0.48278873E+01,  0.13090890E+01,  0.64604898E-10, -0.58457352E+00
    2147.,  0.89373489E+01,  0.95482004E+02, -0.48278873E+01,  0.12593038E+01,  0.73669386E-10, -0.28312903E+00
    2148.,  0.98748489E+01,  0.95482004E+02, -0.48278873E+01,  0.12095185E+01,  0.82713344E-10,  0.18315467E-01
    2149.,  0.10812349E+02,  0.95482004E+02, -0.48278873E+01,  0.11597333E+01,  0.91759783E-10,  0.31975996E+00
    2150.,  0.11749849E+02,  0.95482004E+02, -0.48278873E+01,  0.11099480E+01,  0.10080771E-09,  0.62120445E+00
    2151.,  0.12687349E+02,  0.95482004E+02, -0.48278873E+01,  0.10601627E+01,  0.10986575E-09,  0.92264895E+00
    2152.,  0.13624849E+02,  0.95482004E+02, -0.48278873E+01,  0.10103775E+01,  0.11892425E-09,  0.12240934E+01
    2153.,  0.14562349E+02,  0.95482004E+02, -0.48278873E+01,  0.96059224E+00,  0.12797423E-09,  0.15255379E+01
    2154.,  0.15499849E+02,  0.95482004E+02, -0.48278873E+01,  0.91080698E+00,  0.13700685E-09,  0.18269824E+01
    2155.,  0.16437349E+02,  0.95482004E+02, -0.48278873E+01,  0.86102173E+00,  0.14606967E-09,  0.21284269E+01
    2156.,  0.17374849E+02,  0.95482004E+02, -0.48278873E+01,  0.81123647E+00,  0.15510271E-09,  0.24298714E+01
    2157.,  0.18312349E+02,  0.95482004E+02, -0.48278873E+01,  0.76145121E+00,  0.16418113E-09,  0.27313159E+01
    2158.,  0.33123489E+01,  0.95482004E+02, -0.55539290E+01,  0.17914673E+01,  0.39652613E-10, -0.20532401E+01
    2159.,  0.42498489E+01,  0.95482004E+02, -0.55539290E+01,  0.17416821E+01,  0.48710191E-10, -0.17517956E+01
    2160.,  0.51873489E+01,  0.95482004E+02, -0.55539290E+01,  0.16918968E+01,  0.57760501E-10, -0.14503511E+01
    2161.,  0.61248489E+01,  0.95482004E+02, -0.55539290E+01,  0.16421116E+01,  0.66822918E-10, -0.11489066E+01
    2162.,  0.70623489E+01,  0.95482004E+02, -0.55539290E+01,  0.15923263E+01,  0.75867053E-10, -0.84746210E+00
    2163.,  0.79998489E+01,  0.95482004E+02, -0.55539290E+01,  0.15425410E+01,  0.84915276E-10, -0.54601761E+00
    2164.,  0.89373489E+01,  0.95482004E+02, -0.55539290E+01,  0.14927558E+01,  0.93970785E-10, -0.24457311E+00
    2165.,  0.98748489E+01,  0.95482004E+02, -0.55539290E+01,  0.14429705E+01,  0.10301701E-09,  0.56871381E-01
    2166.,  0.10812349E+02,  0.95482004E+02, -0.55539290E+01,  0.13931853E+01,  0.11206836E-09,  0.35831587E+00
    2167.,  0.11749849E+02,  0.95482004E+02, -0.55539290E+01,  0.13434000E+01,  0.12111574E-09,  0.65976037E+00
    2168.,  0.12687349E+02,  0.95482004E+02, -0.55539290E+01,  0.12936148E+01,  0.13017730E-09,  0.96120486E+00
    2169.,  0.13624849E+02,  0.95482004E+02, -0.55539290E+01,  0.12438295E+01,  0.13923406E-09,  0.12626494E+01
    2170.,  0.14562349E+02,  0.95482004E+02, -0.55539290E+01,  0.11940443E+01,  0.14827089E-09,  0.15640938E+01
    2171.,  0.15499849E+02,  0.95482004E+02, -0.55539290E+01,  0.11442590E+01,  0.15732047E-09,  0.18655383E+01
    2172.,  0.16437349E+02,  0.95482004E+02, -0.55539290E+01,  0.10944737E+01,  0.16637518E-09,  0.21669828E+01
    2173.,  0.17374849E+02,  0.95482004E+02, -0.55539290E+01,  0.10446885E+01,  0.17544021E-09,  0.24684273E+01
    2174.,  0.18312349E+02,  0.95482004E+02, -0.55539290E+01,  0.99490323E+00,  0.18449040E-09,  0.27698718E+01
    2175.,  0.33123489E+01,  0.95482004E+02, -0.62799707E+01,  0.20249193E+01,  0.59970782E-10, -0.20146842E+01
    2176.,  0.42498489E+01,  0.95482004E+02, -0.62799707E+01,  0.19751341E+01,  0.69018101E-10, -0.17132397E+01
    2177.,  0.51873489E+01,  0.95482004E+02, -0.62799707E+01,  0.19253488E+01,  0.78088265E-10, -0.14117952E+01
    2178.,  0.61248489E+01,  0.95482004E+02, -0.62799707E+01,  0.18755636E+01,  0.87109904E-10, -0.11103507E+01
    2179.,  0.70623489E+01,  0.95482004E+02, -0.62799707E+01,  0.18257783E+01,  0.96168654E-10, -0.80890618E+00
    2180.,  0.79998489E+01,  0.95482004E+02, -0.62799707E+01,  0.17759931E+01,  0.10522315E-09, -0.50746169E+00
    2181.,  0.89373489E+01,  0.95482004E+02, -0.62799707E+01,  0.17262078E+01,  0.11426650E-09, -0.20601720E+00
    2182.,  0.98748489E+01,  0.95482004E+02, -0.62799707E+01,  0.16764225E+01,  0.12332092E-09,  0.95427296E-01
    2183.,  0.10812349E+02,  0.95482004E+02, -0.62799707E+01,  0.16266373E+01,  0.13237417E-09,  0.39687179E+00
    2184.,  0.11749849E+02,  0.95482004E+02, -0.62799707E+01,  0.15768520E+01,  0.14142817E-09,  0.69831628E+00
    2185.,  0.12687349E+02,  0.95482004E+02, -0.62799707E+01,  0.15270668E+01,  0.15048067E-09,  0.99976078E+00
    2186.,  0.13624849E+02,  0.95482004E+02, -0.62799707E+01,  0.14772815E+01,  0.15953182E-09,  0.13012053E+01
    2187.,  0.14562349E+02,  0.95482004E+02, -0.62799707E+01,  0.14274963E+01,  0.16857687E-09,  0.16026498E+01
    2188.,  0.15499849E+02,  0.95482004E+02, -0.62799707E+01,  0.13777110E+01,  0.17762583E-09,  0.19040943E+01
    2189.,  0.16437349E+02,  0.95482004E+02, -0.62799707E+01,  0.13279258E+01,  0.18669122E-09,  0.22055387E+01
    2190.,  0.17374849E+02,  0.95482004E+02, -0.62799707E+01,  0.12781405E+01,  0.19573943E-09,  0.25069832E+01
    2191.,  0.18312349E+02,  0.95482004E+02, -0.62799707E+01,  0.12283552E+01,  0.20478028E-09,  0.28084277E+01
    2192.,  0.33123489E+01,  0.95482004E+02, -0.70060123E+01,  0.22583713E+01,  0.80272727E-10, -0.19761282E+01
    2193.,  0.42498489E+01,  0.95482004E+02, -0.70060123E+01,  0.22085861E+01,  0.89315517E-10, -0.16746837E+01
    2194.,  0.51873489E+01,  0.95482004E+02, -0.70060123E+01,  0.21588008E+01,  0.98369136E-10, -0.13732393E+01
    2195.,  0.61248489E+01,  0.95482004E+02, -0.70060123E+01,  0.21090156E+01,  0.10744079E-09, -0.10717948E+01
    2196.,  0.70623489E+01,  0.95482004E+02, -0.70060123E+01,  0.20592303E+01,  0.11648710E-09, -0.77035027E+00
    2197.,  0.79998489E+01,  0.95482004E+02, -0.70060123E+01,  0.20094451E+01,  0.12552769E-09, -0.46890578E+00
    2198.,  0.89373489E+01,  0.95482004E+02, -0.70060123E+01,  0.19596598E+01,  0.13458505E-09, -0.16746128E+00
    2199.,  0.98748489E+01,  0.95482004E+02, -0.70060123E+01,  0.19098746E+01,  0.14362951E-09,  0.13398321E+00
    2200.,  0.10812349E+02,  0.95482004E+02, -0.70060123E+01,  0.18600893E+01,  0.15269038E-09,  0.43542770E+00
    2201.,  0.11749849E+02,  0.95482004E+02, -0.70060123E+01,  0.18103040E+01,  0.16174644E-09,  0.73687220E+00
    2202.,  0.12687349E+02,  0.95482004E+02, -0.70060123E+01,  0.17605188E+01,  0.17077754E-09,  0.10383167E+01
    2203.,  0.13624849E+02,  0.95482004E+02, -0.70060123E+01,  0.17107335E+01,  0.17984686E-09,  0.13397612E+01
    2204.,  0.14562349E+02,  0.95482004E+02, -0.70060123E+01,  0.16609483E+01,  0.18889484E-09,  0.16412057E+01
    2205.,  0.15499849E+02,  0.95482004E+02, -0.70060123E+01,  0.16111630E+01,  0.19795205E-09,  0.19426502E+01
    2206.,  0.16437349E+02,  0.95482004E+02, -0.70060123E+01,  0.15613778E+01,  0.20699321E-09,  0.22440947E+01
    2207.,  0.17374849E+02,  0.95482004E+02, -0.70060123E+01,  0.15115925E+01,  0.21605246E-09,  0.25455392E+01
    2208.,  0.18312349E+02,  0.95482004E+02, -0.70060123E+01,  0.14618073E+01,  0.22509333E-09,  0.28469836E+01
    2209.,  0.33123489E+01,  0.95482004E+02, -0.77320540E+01,  0.24918234E+01,  0.10057421E-09, -0.19375723E+01
    2210.,  0.42498489E+01,  0.95482004E+02, -0.77320540E+01,  0.24420381E+01,  0.10963732E-09, -0.16361278E+01
    2211.,  0.51873489E+01,  0.95482004E+02, -0.77320540E+01,  0.23922528E+01,  0.11869379E-09, -0.13346833E+01
    2212.,  0.61248489E+01,  0.95482004E+02, -0.77320540E+01,  0.23424676E+01,  0.12773336E-09, -0.10332388E+01
    2213.,  0.70623489E+01,  0.95482004E+02, -0.77320540E+01,  0.22926823E+01,  0.13678968E-09, -0.73179435E+00
    2214.,  0.79998489E+01,  0.95482004E+02, -0.77320540E+01,  0.22428971E+01,  0.14582818E-09, -0.43034986E+00
    2215.,  0.89373489E+01,  0.95482004E+02, -0.77320540E+01,  0.21931118E+01,  0.15489004E-09, -0.12890537E+00
    2216.,  0.98748489E+01,  0.95482004E+02, -0.77320540E+01,  0.21433266E+01,  0.16393777E-09,  0.17253913E+00
    2217.,  0.10812349E+02,  0.95482004E+02, -0.77320540E+01,  0.20935413E+01,  0.17299374E-09,  0.47398362E+00
    2218.,  0.11749849E+02,  0.95482004E+02, -0.77320540E+01,  0.20437561E+01,  0.18204737E-09,  0.77542811E+00
    2219.,  0.12687349E+02,  0.95482004E+02, -0.77320540E+01,  0.19939708E+01,  0.19109629E-09,  0.10768726E+01
    2220.,  0.13624849E+02,  0.95482004E+02, -0.77320540E+01,  0.19441855E+01,  0.20015325E-09,  0.13783171E+01
    2221.,  0.14562349E+02,  0.95482004E+02, -0.77320540E+01,  0.18944003E+01,  0.20919365E-09,  0.16797616E+01
    2222.,  0.15499849E+02,  0.95482004E+02, -0.77320540E+01,  0.18446150E+01,  0.21825494E-09,  0.19812061E+01
    2223.,  0.16437349E+02,  0.95482004E+02, -0.77320540E+01,  0.17948298E+01,  0.22729983E-09,  0.22826506E+01
    2224.,  0.17374849E+02,  0.95482004E+02, -0.77320540E+01,  0.17450445E+01,  0.23635633E-09,  0.25840951E+01
    2225.,  0.18312349E+02,  0.95482004E+02, -0.77320540E+01,  0.16952593E+01,  0.24540739E-09,  0.28855396E+01
    2226.,  0.33123489E+01,  0.95482004E+02, -0.84580957E+01,  0.27252754E+01,  0.12089099E-09, -0.18990164E+01
    2227.,  0.42498489E+01,  0.95482004E+02, -0.84580957E+01,  0.26754901E+01,  0.12994789E-09, -0.15975719E+01
    2228.,  0.51873489E+01,  0.95482004E+02, -0.84580957E+01,  0.26257049E+01,  0.13899603E-09, -0.12961274E+01
    2229.,  0.61248489E+01,  0.95482004E+02, -0.84580957E+01,  0.25759196E+01,  0.14804278E-09, -0.99468293E+00
    2230.,  0.70623489E+01,  0.95482004E+02, -0.84580957E+01,  0.25261343E+01,  0.15708774E-09, -0.69323844E+00
    2231.,  0.79998489E+01,  0.95482004E+02, -0.84580957E+01,  0.24763491E+01,  0.16613887E-09, -0.39179395E+00
    2232.,  0.89373489E+01,  0.95482004E+02, -0.84580957E+01,  0.24265638E+01,  0.17520173E-09, -0.90349454E-01
    2233.,  0.98748489E+01,  0.95482004E+02, -0.84580957E+01,  0.23767786E+01,  0.18423927E-09,  0.21109504E+00
    2234.,  0.10812349E+02,  0.95482004E+02, -0.84580957E+01,  0.23269933E+01,  0.19329144E-09,  0.51253953E+00
    2235.,  0.11749849E+02,  0.95482004E+02, -0.84580957E+01,  0.22772081E+01,  0.20234483E-09,  0.81398403E+00
    2236.,  0.12687349E+02,  0.95482004E+02, -0.84580957E+01,  0.22274228E+01,  0.21140346E-09,  0.11154285E+01
    2237.,  0.13624849E+02,  0.95482004E+02, -0.84580957E+01,  0.21776376E+01,  0.22045226E-09,  0.14168730E+01
    2238.,  0.14562349E+02,  0.95482004E+02, -0.84580957E+01,  0.21278523E+01,  0.22950783E-09,  0.17183175E+01
    2239.,  0.15499849E+02,  0.95482004E+02, -0.84580957E+01,  0.20780670E+01,  0.23855535E-09,  0.20197620E+01
    2240.,  0.16437349E+02,  0.95482004E+02, -0.84580957E+01,  0.20282818E+01,  0.24761108E-09,  0.23212065E+01
    2241.,  0.17374849E+02,  0.95482004E+02, -0.84580957E+01,  0.19784965E+01,  0.25664616E-09,  0.26226510E+01
    2242.,  0.18312349E+02,  0.95482004E+02, -0.84580957E+01,  0.19287113E+01,  0.26571721E-09,  0.29240955E+01
    2243.,  0.33123489E+01,  0.95482004E+02, -0.91841373E+01,  0.29587274E+01,  0.14120172E-09, -0.18604605E+01
    2244.,  0.42498489E+01,  0.95482004E+02, -0.91841373E+01,  0.29089421E+01,  0.15024457E-09, -0.15590160E+01
    2245.,  0.51873489E+01,  0.95482004E+02, -0.91841373E+01,  0.28591569E+01,  0.15930841E-09, -0.12575715E+01
    2246.,  0.61248489E+01,  0.95482004E+02, -0.91841373E+01,  0.28093716E+01,  0.16834699E-09, -0.95612702E+00
    2247.,  0.70623489E+01,  0.95482004E+02, -0.91841373E+01,  0.27595864E+01,  0.17739846E-09, -0.65468253E+00
    2248.,  0.79998489E+01,  0.95482004E+02, -0.91841373E+01,  0.27098011E+01,  0.18646412E-09, -0.35323803E+00
    2249.,  0.89373489E+01,  0.95482004E+02, -0.91841373E+01,  0.26600158E+01,  0.19550939E-09, -0.51793539E-01
    2250.,  0.98748489E+01,  0.95482004E+02, -0.91841373E+01,  0.26102306E+01,  0.20456144E-09,  0.24965095E+00
    2251.,  0.10812349E+02,  0.95482004E+02, -0.91841373E+01,  0.25604453E+01,  0.21361149E-09,  0.55109545E+00
    2252.,  0.11749849E+02,  0.95482004E+02, -0.91841373E+01,  0.25106601E+01,  0.22265646E-09,  0.85253994E+00
    2253.,  0.12687349E+02,  0.95482004E+02, -0.91841373E+01,  0.24608748E+01,  0.23170730E-09,  0.11539844E+01
    2254.,  0.13624849E+02,  0.95482004E+02, -0.91841373E+01,  0.24110896E+01,  0.24076788E-09,  0.14554289E+01
    2255.,  0.14562349E+02,  0.95482004E+02, -0.91841373E+01,  0.23613043E+01,  0.24980991E-09,  0.17568734E+01
    2256.,  0.15499849E+02,  0.95482004E+02, -0.91841373E+01,  0.23115191E+01,  0.25886045E-09,  0.20583179E+01
    2257.,  0.16437349E+02,  0.95482004E+02, -0.91841373E+01,  0.22617338E+01,  0.26792463E-09,  0.23597624E+01
    2258.,  0.17374849E+02,  0.95482004E+02, -0.91841373E+01,  0.22119485E+01,  0.27696517E-09,  0.26612069E+01
    2259.,  0.18312349E+02,  0.95482004E+02, -0.91841373E+01,  0.21621633E+01,  0.28602741E-09,  0.29626514E+01
    2260.,  0.33123489E+01,  0.95482004E+02, -0.99101790E+01,  0.31921794E+01,  0.16149845E-09, -0.18219046E+01
    2261.,  0.42498489E+01,  0.95482004E+02, -0.99101790E+01,  0.31423941E+01,  0.17055037E-09, -0.15204601E+01
    2262.,  0.51873489E+01,  0.95482004E+02, -0.99101790E+01,  0.30926089E+01,  0.17959940E-09, -0.12190156E+01
    2263.,  0.61248489E+01,  0.95482004E+02, -0.99101790E+01,  0.30428236E+01,  0.18866068E-09, -0.91757110E+00
    2264.,  0.70623489E+01,  0.95482004E+02, -0.99101790E+01,  0.29930384E+01,  0.19772121E-09, -0.61612661E+00
    2265.,  0.79998489E+01,  0.95482004E+02, -0.99101790E+01,  0.29432531E+01,  0.20675859E-09, -0.31468212E+00
    2266.,  0.89373489E+01,  0.95482004E+02, -0.99101790E+01,  0.28934679E+01,  0.21581448E-09, -0.13237624E-01
    2267.,  0.98748489E+01,  0.95482004E+02, -0.99101790E+01,  0.28436826E+01,  0.22485991E-09,  0.28820687E+00
    2268.,  0.10812349E+02,  0.95482004E+02, -0.99101790E+01,  0.27938974E+01,  0.23392613E-09,  0.58965136E+00
    2269.,  0.11749849E+02,  0.95482004E+02, -0.99101790E+01,  0.27441121E+01,  0.24296631E-09,  0.89109586E+00
    2270.,  0.12687349E+02,  0.95482004E+02, -0.99101790E+01,  0.26943268E+01,  0.25201041E-09,  0.11925403E+01
    2271.,  0.13624849E+02,  0.95482004E+02, -0.99101790E+01,  0.26445416E+01,  0.26106631E-09,  0.14939848E+01
    2272.,  0.14562349E+02,  0.95482004E+02, -0.99101790E+01,  0.25947563E+01,  0.27012529E-09,  0.17954293E+01
    2273.,  0.15499849E+02,  0.95482004E+02, -0.99101790E+01,  0.25449711E+01,  0.27917390E-09,  0.20968738E+01
    2274.,  0.16437349E+02,  0.95482004E+02, -0.99101790E+01,  0.24951858E+01,  0.28822070E-09,  0.23983183E+01
    2275.,  0.17374849E+02,  0.95482004E+02, -0.99101790E+01,  0.24454006E+01,  0.29728359E-09,  0.26997628E+01
    2276.,  0.18312349E+02,  0.95482004E+02, -0.99101790E+01,  0.23956153E+01,  0.30633615E-09,  0.30012073E+01
    2277.,  0.33123489E+01,  0.95482004E+02, -0.10636221E+02,  0.34256314E+01,  0.18180561E-09, -0.17833487E+01
    2278.,  0.42498489E+01,  0.95482004E+02, -0.10636221E+02,  0.33758462E+01,  0.19086795E-09, -0.14819042E+01
    2279.,  0.51873489E+01,  0.95482004E+02, -0.10636221E+02,  0.33260609E+01,  0.19991327E-09, -0.11804597E+01
    2280.,  0.61248489E+01,  0.95482004E+02, -0.10636221E+02,  0.32762756E+01,  0.20896256E-09, -0.87901519E+00
    2281.,  0.70623489E+01,  0.95482004E+02, -0.10636221E+02,  0.32264904E+01,  0.21802339E-09, -0.57757070E+00
    2282.,  0.79998489E+01,  0.95482004E+02, -0.10636221E+02,  0.31767051E+01,  0.22705500E-09, -0.27612620E+00
    2283.,  0.89373489E+01,  0.95482004E+02, -0.10636221E+02,  0.31269199E+01,  0.23612532E-09,  0.25318290E-01
    2284.,  0.98748489E+01,  0.95482004E+02, -0.10636221E+02,  0.30771346E+01,  0.24517794E-09,  0.32676278E+00
    2285.,  0.10812349E+02,  0.95482004E+02, -0.10636221E+02,  0.30273494E+01,  0.25422660E-09,  0.62820728E+00
    2286.,  0.11749849E+02,  0.95482004E+02, -0.10636221E+02,  0.29775641E+01,  0.26327217E-09,  0.92965177E+00
    2287.,  0.12687349E+02,  0.95482004E+02, -0.10636221E+02,  0.29277789E+01,  0.27231288E-09,  0.12310963E+01
    2288.,  0.13624849E+02,  0.95482004E+02, -0.10636221E+02,  0.28779936E+01,  0.28137202E-09,  0.15325408E+01
    2289.,  0.14562349E+02,  0.95482004E+02, -0.10636221E+02,  0.28282083E+01,  0.29043347E-09,  0.18339852E+01
    2290.,  0.15499849E+02,  0.95482004E+02, -0.10636221E+02,  0.27784231E+01,  0.29948823E-09,  0.21354297E+01
    2291.,  0.16437349E+02,  0.95482004E+02, -0.10636221E+02,  0.27286378E+01,  0.30852668E-09,  0.24368742E+01
    2292.,  0.17374849E+02,  0.95482004E+02, -0.10636221E+02,  0.26788526E+01,  0.31758069E-09,  0.27383187E+01
    2293.,  0.18312349E+02,  0.95482004E+02, -0.10636221E+02,  0.26290673E+01,  0.32663912E-09,  0.30397632E+01
    2294.,  0.33123489E+01,  0.95482004E+02, -0.11362262E+02,  0.36590834E+01,  0.20211797E-09, -0.17447928E+01
    2295.,  0.42498489E+01,  0.95482004E+02, -0.11362262E+02,  0.36092982E+01,  0.21118162E-09, -0.14433483E+01
    2296.,  0.51873489E+01,  0.95482004E+02, -0.11362262E+02,  0.35595129E+01,  0.22022609E-09, -0.11419038E+01
    2297.,  0.61248489E+01,  0.95482004E+02, -0.11362262E+02,  0.35097277E+01,  0.22926854E-09, -0.84045928E+00
    2298.,  0.70623489E+01,  0.95482004E+02, -0.11362262E+02,  0.34599424E+01,  0.23832883E-09, -0.53901478E+00
    2299.,  0.79998489E+01,  0.95482004E+02, -0.11362262E+02,  0.34101571E+01,  0.24737489E-09, -0.23757029E+00
    2300.,  0.89373489E+01,  0.95482004E+02, -0.11362262E+02,  0.33603719E+01,  0.25642003E-09,  0.63874204E-01
    2301.,  0.98748489E+01,  0.95482004E+02, -0.11362262E+02,  0.33105866E+01,  0.26547063E-09,  0.36531870E+00
    2302.,  0.10812349E+02,  0.95482004E+02, -0.11362262E+02,  0.32608014E+01,  0.27451982E-09,  0.66676319E+00
    2303.,  0.11749849E+02,  0.95482004E+02, -0.11362262E+02,  0.32110161E+01,  0.28358539E-09,  0.96820768E+00
    2304.,  0.12687349E+02,  0.95482004E+02, -0.11362262E+02,  0.31612309E+01,  0.29262996E-09,  0.12696522E+01
    2305.,  0.13624849E+02,  0.95482004E+02, -0.11362262E+02,  0.31114456E+01,  0.30168371E-09,  0.15710967E+01
    2306.,  0.14562349E+02,  0.95482004E+02, -0.11362262E+02,  0.30616604E+01,  0.31073722E-09,  0.18725412E+01
    2307.,  0.15499849E+02,  0.95482004E+02, -0.11362262E+02,  0.30118751E+01,  0.31978444E-09,  0.21739857E+01
    2308.,  0.16437349E+02,  0.95482004E+02, -0.11362262E+02,  0.29620898E+01,  0.32882978E-09,  0.24754302E+01
    2309.,  0.17374849E+02,  0.95482004E+02, -0.11362262E+02,  0.29123046E+01,  0.33789227E-09,  0.27768746E+01
    2310.,  0.18312349E+02,  0.95482004E+02, -0.11362262E+02,  0.28625193E+01,  0.34693164E-09,  0.30783191E+01
    2311.,  0.33123489E+01,  0.95482004E+02, -0.12088304E+02,  0.38925354E+01,  0.22241817E-09, -0.17062368E+01
    2312.,  0.42498489E+01,  0.95482004E+02, -0.12088304E+02,  0.38427502E+01,  0.23147711E-09, -0.14047923E+01
    2313.,  0.51873489E+01,  0.95482004E+02, -0.12088304E+02,  0.37929649E+01,  0.24053307E-09, -0.11033479E+01
    2314.,  0.61248489E+01,  0.95482004E+02, -0.12088304E+02,  0.37431797E+01,  0.24958331E-09, -0.80190336E+00
    2315.,  0.70623489E+01,  0.95482004E+02, -0.12088304E+02,  0.36933944E+01,  0.25864418E-09, -0.50045887E+00
    2316.,  0.79998489E+01,  0.95482004E+02, -0.12088304E+02,  0.36436092E+01,  0.26768460E-09, -0.19901437E+00
    2317.,  0.89373489E+01,  0.95482004E+02, -0.12088304E+02,  0.35938239E+01,  0.27672407E-09,  0.10243012E+00
    2318.,  0.98748489E+01,  0.95482004E+02, -0.12088304E+02,  0.35440386E+01,  0.28577858E-09,  0.40387461E+00
    2319.,  0.10812349E+02,  0.95482004E+02, -0.12088304E+02,  0.34942534E+01,  0.29482865E-09,  0.70531911E+00
    2320.,  0.11749849E+02,  0.95482004E+02, -0.12088304E+02,  0.34444681E+01,  0.30388202E-09,  0.10067636E+01
    2321.,  0.12687349E+02,  0.95482004E+02, -0.12088304E+02,  0.33946829E+01,  0.31294446E-09,  0.13082081E+01
    2322.,  0.13624849E+02,  0.95482004E+02, -0.12088304E+02,  0.33448976E+01,  0.32198974E-09,  0.16096526E+01
    2323.,  0.14562349E+02,  0.95482004E+02, -0.12088304E+02,  0.32951124E+01,  0.33104289E-09,  0.19110971E+01
    2324.,  0.15499849E+02,  0.95482004E+02, -0.12088304E+02,  0.32453271E+01,  0.34010106E-09,  0.22125416E+01
    2325.,  0.16437349E+02,  0.95482004E+02, -0.12088304E+02,  0.31955419E+01,  0.34914926E-09,  0.25139861E+01
    2326.,  0.17374849E+02,  0.95482004E+02, -0.12088304E+02,  0.31457566E+01,  0.35819021E-09,  0.28154306E+01
    2327.,  0.18312349E+02,  0.95482004E+02, -0.12088304E+02,  0.30959713E+01,  0.36724385E-09,  0.31168751E+01
    2328.,  0.33123489E+01,  0.95482004E+02, -0.12814346E+02,  0.41259874E+01,  0.24272612E-09, -0.16676809E+01
    2329.,  0.42498489E+01,  0.95482004E+02, -0.12814346E+02,  0.40762022E+01,  0.25178555E-09, -0.13662364E+01
    2330.,  0.51873489E+01,  0.95482004E+02, -0.12814346E+02,  0.40264169E+01,  0.26083849E-09, -0.10647919E+01
    2331.,  0.61248489E+01,  0.95482004E+02, -0.12814346E+02,  0.39766317E+01,  0.26988583E-09, -0.76334745E+00
    2332.,  0.70623489E+01,  0.95482004E+02, -0.12814346E+02,  0.39268464E+01,  0.27894577E-09, -0.46190295E+00
    2333.,  0.79998489E+01,  0.95482004E+02, -0.12814346E+02,  0.38770612E+01,  0.28800155E-09, -0.16045846E+00
    2334.,  0.89373489E+01,  0.95482004E+02, -0.12814346E+02,  0.38272759E+01,  0.29704098E-09,  0.14098603E+00
    2335.,  0.98748489E+01,  0.95482004E+02, -0.12814346E+02,  0.37774907E+01,  0.30608231E-09,  0.44243053E+00
    2336.,  0.10812349E+02,  0.95482004E+02, -0.12814346E+02,  0.37277054E+01,  0.31513825E-09,  0.74387502E+00
    2337.,  0.11749849E+02,  0.95482004E+02, -0.12814346E+02,  0.36779201E+01,  0.32419198E-09,  0.10453195E+01
    2338.,  0.12687349E+02,  0.95482004E+02, -0.12814346E+02,  0.36281349E+01,  0.33324153E-09,  0.13467640E+01
    2339.,  0.13624849E+02,  0.95482004E+02, -0.12814346E+02,  0.35783496E+01,  0.34229881E-09,  0.16482085E+01
    2340.,  0.14562349E+02,  0.95482004E+02, -0.12814346E+02,  0.35285644E+01,  0.35135272E-09,  0.19496530E+01
    2341.,  0.15499849E+02,  0.95482004E+02, -0.12814346E+02,  0.34787791E+01,  0.36039633E-09,  0.22510975E+01
    2342.,  0.16437349E+02,  0.95482004E+02, -0.12814346E+02,  0.34289939E+01,  0.36944876E-09,  0.25525420E+01
    2343.,  0.17374849E+02,  0.95482004E+02, -0.12814346E+02,  0.33792086E+01,  0.37850818E-09,  0.28539865E+01
    2344.,  0.18312349E+02,  0.95482004E+02, -0.12814346E+02,  0.33294234E+01,  0.38755105E-09,  0.31554310E+01
    2345.,  0.33123489E+01,  0.95482004E+02, -0.13540387E+02,  0.43594395E+01,  0.26303872E-09, -0.16291250E+01
    2346.,  0.42498489E+01,  0.95482004E+02, -0.13540387E+02,  0.43096542E+01,  0.27208707E-09, -0.13276805E+01
    2347.,  0.51873489E+01,  0.95482004E+02, -0.13540387E+02,  0.42598689E+01,  0.28115392E-09, -0.10262360E+01
    2348.,  0.61248489E+01,  0.95482004E+02, -0.13540387E+02,  0.42100837E+01,  0.29019241E-09, -0.72479153E+00
    2349.,  0.70623489E+01,  0.95482004E+02, -0.13540387E+02,  0.41602984E+01,  0.29925380E-09, -0.42334704E+00
    2350.,  0.79998489E+01,  0.95482004E+02, -0.13540387E+02,  0.41105132E+01,  0.30829327E-09, -0.12190254E+00
    2351.,  0.89373489E+01,  0.95482004E+02, -0.13540387E+02,  0.40607279E+01,  0.31733196E-09,  0.17954195E+00
    2352.,  0.98748489E+01,  0.95482004E+02, -0.13540387E+02,  0.40109427E+01,  0.32639710E-09,  0.48098644E+00
    2353.,  0.10812349E+02,  0.95482004E+02, -0.13540387E+02,  0.39611574E+01,  0.33545458E-09,  0.78243093E+00
    2354.,  0.11749849E+02,  0.95482004E+02, -0.13540387E+02,  0.39113722E+01,  0.34449719E-09,  0.10838754E+01
    2355.,  0.12687349E+02,  0.95482004E+02, -0.13540387E+02,  0.38615869E+01,  0.35354662E-09,  0.13853199E+01
    2356.,  0.13624849E+02,  0.95482004E+02, -0.13540387E+02,  0.38118016E+01,  0.36260046E-09,  0.16867644E+01
    2357.,  0.14562349E+02,  0.95482004E+02, -0.13540387E+02,  0.37620164E+01,  0.37165340E-09,  0.19882089E+01
    2358.,  0.15499849E+02,  0.95482004E+02, -0.13540387E+02,  0.37122311E+01,  0.38070078E-09,  0.22896534E+01
    2359.,  0.16437349E+02,  0.95482004E+02, -0.13540387E+02,  0.36624459E+01,  0.38975278E-09,  0.25910979E+01
    2360.,  0.17374849E+02,  0.95482004E+02, -0.13540387E+02,  0.36126606E+01,  0.39880343E-09,  0.28925424E+01
    2361.,  0.18312349E+02,  0.95482004E+02, -0.13540387E+02,  0.35628754E+01,  0.40786144E-09,  0.31939869E+01
    2362.,  0.33123489E+01,  0.95482004E+02, -0.14266429E+02,  0.45928915E+01,  0.28335576E-09, -0.15905691E+01
    2363.,  0.42498489E+01,  0.95482004E+02, -0.14266429E+02,  0.45431062E+01,  0.29239229E-09, -0.12891246E+01
    2364.,  0.51873489E+01,  0.95482004E+02, -0.14266429E+02,  0.44933210E+01,  0.30144532E-09, -0.98768011E+00
    2365.,  0.61248489E+01,  0.95482004E+02, -0.14266429E+02,  0.44435357E+01,  0.31049646E-09, -0.68623562E+00
    2366.,  0.70623489E+01,  0.95482004E+02, -0.14266429E+02,  0.43937505E+01,  0.31956304E-09, -0.38479112E+00
    2367.,  0.79998489E+01,  0.95482004E+02, -0.14266429E+02,  0.43439652E+01,  0.32861081E-09, -0.83346630E-01
    2368.,  0.89373489E+01,  0.95482004E+02, -0.14266429E+02,  0.42941799E+01,  0.33765933E-09,  0.21809786E+00
    2369.,  0.98748489E+01,  0.95482004E+02, -0.14266429E+02,  0.42443947E+01,  0.34670130E-09,  0.51954236E+00
    2370.,  0.10812349E+02,  0.95482004E+02, -0.14266429E+02,  0.41946094E+01,  0.35575826E-09,  0.82098685E+00
    2371.,  0.11749849E+02,  0.95482004E+02, -0.14266429E+02,  0.41448242E+01,  0.36481463E-09,  0.11224313E+01
    2372.,  0.12687349E+02,  0.95482004E+02, -0.14266429E+02,  0.40950389E+01,  0.37385337E-09,  0.14238758E+01
    2373.,  0.13624849E+02,  0.95482004E+02, -0.14266429E+02,  0.40452537E+01,  0.38291892E-09,  0.17253203E+01
    2374.,  0.14562349E+02,  0.95482004E+02, -0.14266429E+02,  0.39954684E+01,  0.39195997E-09,  0.20267648E+01
    2375.,  0.15499849E+02,  0.95482004E+02, -0.14266429E+02,  0.39456832E+01,  0.40101118E-09,  0.23282093E+01
    2376.,  0.16437349E+02,  0.95482004E+02, -0.14266429E+02,  0.38958979E+01,  0.41006567E-09,  0.26296538E+01
    2377.,  0.17374849E+02,  0.95482004E+02, -0.14266429E+02,  0.38461126E+01,  0.41911957E-09,  0.29310983E+01
    2378.,  0.18312349E+02,  0.95482004E+02, -0.14266429E+02,  0.37963274E+01,  0.42818050E-09,  0.32325428E+01
    2379.,  0.33123489E+01,  0.95482004E+02, -0.14992471E+02,  0.48263435E+01,  0.30365531E-09, -0.15520132E+01
    2380.,  0.42498489E+01,  0.95482004E+02, -0.14992471E+02,  0.47765582E+01,  0.31270986E-09, -0.12505687E+01
    2381.,  0.51873489E+01,  0.95482004E+02, -0.14992471E+02,  0.47267730E+01,  0.32175256E-09, -0.94912420E+00
    2382.,  0.61248489E+01,  0.95482004E+02, -0.14992471E+02,  0.46769877E+01,  0.33080882E-09, -0.64767970E+00
    2383.,  0.70623489E+01,  0.95482004E+02, -0.14992471E+02,  0.46272025E+01,  0.33985730E-09, -0.34623521E+00
    2384.,  0.79998489E+01,  0.95482004E+02, -0.14992471E+02,  0.45774172E+01,  0.34891242E-09, -0.44790715E-01
    2385.,  0.89373489E+01,  0.95482004E+02, -0.14992471E+02,  0.45276320E+01,  0.35795913E-09,  0.25665378E+00
    2386.,  0.98748489E+01,  0.95482004E+02, -0.14992471E+02,  0.44778467E+01,  0.36700739E-09,  0.55809827E+00
    2387.,  0.10812349E+02,  0.95482004E+02, -0.14992471E+02,  0.44280614E+01,  0.37606105E-09,  0.85954276E+00
    2388.,  0.11749849E+02,  0.95482004E+02, -0.14992471E+02,  0.43782762E+01,  0.38510527E-09,  0.11609873E+01
    2389.,  0.12687349E+02,  0.95482004E+02, -0.14992471E+02,  0.43284909E+01,  0.39416592E-09,  0.14624318E+01
    2390.,  0.13624849E+02,  0.95482004E+02, -0.14992471E+02,  0.42787057E+01,  0.40321731E-09,  0.17638762E+01
    2391.,  0.14562349E+02,  0.95482004E+02, -0.14992471E+02,  0.42289204E+01,  0.41225607E-09,  0.20653207E+01
    2392.,  0.15499849E+02,  0.95482004E+02, -0.14992471E+02,  0.41791352E+01,  0.42132683E-09,  0.23667652E+01
    2393.,  0.16437349E+02,  0.95482004E+02, -0.14992471E+02,  0.41293499E+01,  0.43036089E-09,  0.26682097E+01
    2394.,  0.17374849E+02,  0.95482004E+02, -0.14992471E+02,  0.40795647E+01,  0.43941351E-09,  0.29696542E+01
    2395.,  0.18312349E+02,  0.95482004E+02, -0.14992471E+02,  0.40297794E+01,  0.44846706E-09,  0.32710987E+01
    2396.,  0.33123489E+01,  0.95482004E+02, -0.15718512E+02,  0.50597955E+01,  0.32395602E-09, -0.15134573E+01
    2397.,  0.42498489E+01,  0.95482004E+02, -0.15718512E+02,  0.50100102E+01,  0.33301193E-09, -0.12120128E+01
    2398.,  0.51873489E+01,  0.95482004E+02, -0.15718512E+02,  0.49602250E+01,  0.34207058E-09, -0.91056828E+00
    2399.,  0.61248489E+01,  0.95482004E+02, -0.15718512E+02,  0.49104397E+01,  0.35111968E-09, -0.60912379E+00
    2400.,  0.70623489E+01,  0.95482004E+02, -0.15718512E+02,  0.48606545E+01,  0.36017118E-09, -0.30767929E+00
    2401.,  0.79998489E+01,  0.95482004E+02, -0.15718512E+02,  0.48108692E+01,  0.36921884E-09, -0.62348013E-02
    2402.,  0.89373489E+01,  0.95482004E+02, -0.15718512E+02,  0.47610840E+01,  0.37827730E-09,  0.29520969E+00
    2403.,  0.98748489E+01,  0.95482004E+02, -0.15718512E+02,  0.47112987E+01,  0.38732295E-09,  0.59665419E+00
    2404.,  0.10812349E+02,  0.95482004E+02, -0.15718512E+02,  0.46615135E+01,  0.39637713E-09,  0.89809868E+00
    2405.,  0.11749849E+02,  0.95482004E+02, -0.15718512E+02,  0.46117282E+01,  0.40542686E-09,  0.11995432E+01
    2406.,  0.12687349E+02,  0.95482004E+02, -0.15718512E+02,  0.45619429E+01,  0.41447350E-09,  0.15009877E+01
    2407.,  0.13624849E+02,  0.95482004E+02, -0.15718512E+02,  0.45121577E+01,  0.42351599E-09,  0.18024322E+01
    2408.,  0.14562349E+02,  0.95482004E+02, -0.15718512E+02,  0.44623724E+01,  0.43258331E-09,  0.21038767E+01
    2409.,  0.15499849E+02,  0.95482004E+02, -0.15718512E+02,  0.44125872E+01,  0.44162895E-09,  0.24053211E+01
    2410.,  0.16437349E+02,  0.95482004E+02, -0.15718512E+02,  0.43628019E+01,  0.45067846E-09,  0.27067656E+01
    2411.,  0.17374849E+02,  0.95482004E+02, -0.15718512E+02,  0.43130167E+01,  0.45973095E-09,  0.30082101E+01
    2412.,  0.18312349E+02,  0.95482004E+02, -0.15718512E+02,  0.42632314E+01,  0.46877706E-09,  0.33096546E+01
    2413.,  0.33123489E+01,  0.95482004E+02, -0.16444554E+02,  0.52932475E+01,  0.34426252E-09, -0.14749014E+01
    2414.,  0.42498489E+01,  0.95482004E+02, -0.16444554E+02,  0.52434623E+01,  0.35332673E-09, -0.11734569E+01
    2415.,  0.51873489E+01,  0.95482004E+02, -0.16444554E+02,  0.51936770E+01,  0.36237376E-09, -0.87201237E+00
    2416.,  0.61248489E+01,  0.95482004E+02, -0.16444554E+02,  0.51438917E+01,  0.37142595E-09, -0.57056787E+00
    2417.,  0.70623489E+01,  0.95482004E+02, -0.16444554E+02,  0.50941065E+01,  0.38048066E-09, -0.26912338E+00
    2418.,  0.79998489E+01,  0.95482004E+02, -0.16444554E+02,  0.50443212E+01,  0.38952041E-09,  0.32321113E-01
    2419.,  0.89373489E+01,  0.95482004E+02, -0.16444554E+02,  0.49945360E+01,  0.39857351E-09,  0.33376561E+00
    2420.,  0.98748489E+01,  0.95482004E+02, -0.16444554E+02,  0.49447507E+01,  0.40763245E-09,  0.63521010E+00
    2421.,  0.10812349E+02,  0.95482004E+02, -0.16444554E+02,  0.48949655E+01,  0.41667588E-09,  0.93665459E+00
    2422.,  0.11749849E+02,  0.95482004E+02, -0.16444554E+02,  0.48451802E+01,  0.42574073E-09,  0.12380991E+01
    2423.,  0.12687349E+02,  0.95482004E+02, -0.16444554E+02,  0.47953950E+01,  0.43478321E-09,  0.15395436E+01
    2424.,  0.13624849E+02,  0.95482004E+02, -0.16444554E+02,  0.47456097E+01,  0.44383183E-09,  0.18409881E+01
    2425.,  0.14562349E+02,  0.95482004E+02, -0.16444554E+02,  0.46958244E+01,  0.45287914E-09,  0.21424326E+01
    2426.,  0.15499849E+02,  0.95482004E+02, -0.16444554E+02,  0.46460392E+01,  0.46194058E-09,  0.24438771E+01
    2427.,  0.16437349E+02,  0.95482004E+02, -0.16444554E+02,  0.45962539E+01,  0.47098527E-09,  0.27453216E+01
    2428.,  0.17374849E+02,  0.95482004E+02, -0.16444554E+02,  0.45464687E+01,  0.48004440E-09,  0.30467660E+01
    2429.,  0.18312349E+02,  0.95482004E+02, -0.16444554E+02,  0.44966834E+01,  0.48908313E-09,  0.33482105E+01
    2430.,  0.33123489E+01,  0.95482004E+02, -0.17170596E+02,  0.55266995E+01,  0.36457642E-09, -0.14363454E+01
    2431.,  0.42498489E+01,  0.95482004E+02, -0.17170596E+02,  0.54769143E+01,  0.37363126E-09, -0.11349009E+01
    2432.,  0.51873489E+01,  0.95482004E+02, -0.17170596E+02,  0.54271290E+01,  0.38267429E-09, -0.83345645E+00
    2433.,  0.61248489E+01,  0.95482004E+02, -0.17170596E+02,  0.53773438E+01,  0.39173691E-09, -0.53201196E+00
    2434.,  0.70623489E+01,  0.95482004E+02, -0.17170596E+02,  0.53275585E+01,  0.40077998E-09, -0.23056746E+00
    2435.,  0.79998489E+01,  0.95482004E+02, -0.17170596E+02,  0.52777732E+01,  0.40983743E-09,  0.70877028E-01
    2436.,  0.89373489E+01,  0.95482004E+02, -0.17170596E+02,  0.52279880E+01,  0.41887627E-09,  0.37232152E+00
    2437.,  0.98748489E+01,  0.95482004E+02, -0.17170596E+02,  0.51782027E+01,  0.42793552E-09,  0.67376601E+00
    2438.,  0.10812349E+02,  0.95482004E+02, -0.17170596E+02,  0.51284175E+01,  0.43699048E-09,  0.97521051E+00
    2439.,  0.11749849E+02,  0.95482004E+02, -0.17170596E+02,  0.50786322E+01,  0.44604619E-09,  0.12766550E+01
    2440.,  0.12687349E+02,  0.95482004E+02, -0.17170596E+02,  0.50288470E+01,  0.45508437E-09,  0.15780995E+01
    2441.,  0.13624849E+02,  0.95482004E+02, -0.17170596E+02,  0.49790617E+01,  0.46413942E-09,  0.18795440E+01
    2442.,  0.14562349E+02,  0.95482004E+02, -0.17170596E+02,  0.49292765E+01,  0.47319398E-09,  0.21809885E+01
    2443.,  0.15499849E+02,  0.95482004E+02, -0.17170596E+02,  0.48794912E+01,  0.48224154E-09,  0.24824330E+01
    2444.,  0.16437349E+02,  0.95482004E+02, -0.17170596E+02,  0.48297059E+01,  0.49129613E-09,  0.27838775E+01
    2445.,  0.17374849E+02,  0.95482004E+02, -0.17170596E+02,  0.47799207E+01,  0.50034475E-09,  0.30853220E+01
    2446.,  0.18312349E+02,  0.95482004E+02, -0.17170596E+02,  0.47301354E+01,  0.50939472E-09,  0.33867665E+01
    2447.,  0.33123489E+01,  0.95482004E+02, -0.17896637E+02,  0.57601515E+01,  0.38488242E-09, -0.13977895E+01
    2448.,  0.42498489E+01,  0.95482004E+02, -0.17896637E+02,  0.57103663E+01,  0.39393521E-09, -0.10963450E+01
    2449.,  0.51873489E+01,  0.95482004E+02, -0.17896637E+02,  0.56605810E+01,  0.40299537E-09, -0.79490054E+00
    2450.,  0.61248489E+01,  0.95482004E+02, -0.17896637E+02,  0.56107958E+01,  0.41204213E-09, -0.49345604E+00
    2451.,  0.70623489E+01,  0.95482004E+02, -0.17896637E+02,  0.55610105E+01,  0.42109850E-09, -0.19201155E+00
    2452.,  0.79998489E+01,  0.95482004E+02, -0.17896637E+02,  0.55112253E+01,  0.43013772E-09,  0.10943294E+00
    2453.,  0.89373489E+01,  0.95482004E+02, -0.17896637E+02,  0.54614400E+01,  0.43918793E-09,  0.41087744E+00
    2454.,  0.98748489E+01,  0.95482004E+02, -0.17896637E+02,  0.54116547E+01,  0.44824385E-09,  0.71232193E+00
    2455.,  0.10812349E+02,  0.95482004E+02, -0.17896637E+02,  0.53618695E+01,  0.45730361E-09,  0.10137664E+01
    2456.,  0.11749849E+02,  0.95482004E+02, -0.17896637E+02,  0.53120842E+01,  0.46635363E-09,  0.13152109E+01
    2457.,  0.12687349E+02,  0.95482004E+02, -0.17896637E+02,  0.52622990E+01,  0.47540014E-09,  0.16166554E+01
    2458.,  0.13624849E+02,  0.95482004E+02, -0.17896637E+02,  0.52125137E+01,  0.48444500E-09,  0.19180999E+01
    2459.,  0.14562349E+02,  0.95482004E+02, -0.17896637E+02,  0.51627285E+01,  0.49350165E-09,  0.22195444E+01
    2460.,  0.15499849E+02,  0.95482004E+02, -0.17896637E+02,  0.51129432E+01,  0.50255212E-09,  0.25209889E+01
    2461.,  0.16437349E+02,  0.95482004E+02, -0.17896637E+02,  0.50631580E+01,  0.51159168E-09,  0.28224334E+01
    2462.,  0.17374849E+02,  0.95482004E+02, -0.17896637E+02,  0.50133727E+01,  0.52064972E-09,  0.31238779E+01
    2463.,  0.18312349E+02,  0.95482004E+02, -0.17896637E+02,  0.49635874E+01,  0.52970179E-09,  0.34253224E+01
    2464.,  0.33123489E+01,  0.95482004E+02, -0.18622679E+02,  0.59936036E+01,  0.40518447E-09, -0.13592336E+01
    2465.,  0.42498489E+01,  0.95482004E+02, -0.18622679E+02,  0.59438183E+01,  0.41425248E-09, -0.10577891E+01
    2466.,  0.51873489E+01,  0.95482004E+02, -0.18622679E+02,  0.58940330E+01,  0.42329530E-09, -0.75634462E+00
    2467.,  0.61248489E+01,  0.95482004E+02, -0.18622679E+02,  0.58442478E+01,  0.43233589E-09, -0.45490013E+00
    2468.,  0.70623489E+01,  0.95482004E+02, -0.18622679E+02,  0.57944625E+01,  0.44140166E-09, -0.15345564E+00
    2469.,  0.79998489E+01,  0.95482004E+02, -0.18622679E+02,  0.57446773E+01,  0.45044659E-09,  0.14798886E+00
    2470.,  0.89373489E+01,  0.95482004E+02, -0.18622679E+02,  0.56948920E+01,  0.45949580E-09,  0.44943335E+00
    2471.,  0.98748489E+01,  0.95482004E+02, -0.18622679E+02,  0.56451068E+01,  0.46854964E-09,  0.75087784E+00
    2472.,  0.10812349E+02,  0.95482004E+02, -0.18622679E+02,  0.55953215E+01,  0.47760970E-09,  0.10523223E+01
    2473.,  0.11749849E+02,  0.95482004E+02, -0.18622679E+02,  0.55455363E+01,  0.48665545E-09,  0.13537668E+01
    2474.,  0.12687349E+02,  0.95482004E+02, -0.18622679E+02,  0.54957510E+01,  0.49570474E-09,  0.16552113E+01
    2475.,  0.13624849E+02,  0.95482004E+02, -0.18622679E+02,  0.54459657E+01,  0.50475468E-09,  0.19566558E+01
    2476.,  0.14562349E+02,  0.95482004E+02, -0.18622679E+02,  0.53961805E+01,  0.51380006E-09,  0.22581003E+01
    2477.,  0.15499849E+02,  0.95482004E+02, -0.18622679E+02,  0.53463952E+01,  0.52285957E-09,  0.25595448E+01
    2478.,  0.16437349E+02,  0.95482004E+02, -0.18622679E+02,  0.52966100E+01,  0.53191175E-09,  0.28609893E+01
    2479.,  0.17374849E+02,  0.95482004E+02, -0.18622679E+02,  0.52468247E+01,  0.54095558E-09,  0.31624338E+01
    2480.,  0.18312349E+02,  0.95482004E+02, -0.18622679E+02,  0.51970395E+01,  0.55001037E-09,  0.34638783E+01
