node,x_mm,y_mm,z_mm,ux_mm,uy_mm,uz_mm
       1.,  0.88907483E+01,  0.19809384E+02, -0.11976790E+01,  0.66379266E-03,  0.37749772E-02,  0.16109713E-03
       2.,  0.90216325E+01,  0.19933067E+02, -0.11976790E+01,  0.63093581E-03,  0.37386006E-02,  0.16755972E-03
       3.,  0.91795178E+01,  0.20062336E+02, -0.11976790E+01,  0.60427082E-03,  0.36706217E-02,  0.16373200E-03
       4.,  0.93688664E+01,  0.20193475E+02, -0.11976790E+01,  0.59264011E-03,  0.35630194E-02,  0.15966934E-03
       5.,  0.95933411E+01,  0.20320634E+02, -0.11976790E+01,  0.60488417E-03,  0.34142060E-02,  0.15569078E-03
       6.,  0.98545190E+01,  0.20435670E+02, -0.11976790E+01,  0.65032834E-03,  0.32331704E-02,  0.15273184E-03
       7.,  0.10150303E+02,  0.20528699E+02, -0.11976790E+01,  0.72964170E-03,  0.30463931E-02,  0.15076137E-03
       8.,  0.10473624E+02,  0.20589699E+02, -0.11976790E+01,  0.83071248E-03,  0.28920406E-02,  0.14853634E-03
       9.,  0.10812349E+02,  0.20610999E+02, -0.11976790E+01,  0.92898180E-03,  0.28034135E-02,  0.14647988E-03
      10.,  0.11151074E+02,  0.20589699E+02, -0.11976790E+01,  0.99651054E-03,  0.27891077E-02,  0.14515772E-03
      11.,  0.11474394E+02,  0.20528699E+02, -0.11976790E+01,  0.10143201E-02,  0.28278717E-02,  0.14437328E-03
      12.,  0.11770179E+02,  0.20435670E+02, -0.11976790E+01,  0.97973413E-03,  0.28839553E-02,  0.14288296E-03
      13.,  0.12031357E+02,  0.20320634E+02, -0.11976790E+01,  0.90355801E-03,  0.29272948E-02,  0.14139051E-03
      14.,  0.12255831E+02,  0.20193475E+02, -0.11976790E+01,  0.80277997E-03,  0.29435438E-02,  0.13941482E-03
      15.,  0.12445180E+02,  0.20062336E+02, -0.11976790E+01,  0.69261479E-03,  0.29316709E-02,  0.13988445E-03
      16.,  0.12603065E+02,  0.19933067E+02, -0.11976790E+01,  0.58434212E-03,  0.28978321E-02,  0.13810676E-03
      17.,  0.12733950E+02,  0.19809384E+02, -0.11976790E+01,  0.48405358E-03,  0.28497067E-02,  0.14278561E-03
      18.,  0.12856786E+02,  0.19676715E+02, -0.11976790E+01,  0.38236678E-03,  0.27855783E-02,  0.14154148E-03
      19.,  0.12984638E+02,  0.19517209E+02, -0.11976790E+01,  0.26951833E-03,  0.26962293E-02,  0.14500241E-03
      20.,  0.13113701E+02,  0.19326645E+02, -0.11976790E+01,  0.14984977E-03,  0.25794704E-02,  0.14647616E-03
      21.,  0.13238114E+02,  0.19101688E+02, -0.11976790E+01,  0.29787533E-04,  0.24358288E-02,  0.14739492E-03
      22.,  0.13349872E+02,  0.18841125E+02, -0.11976790E+01, -0.82065144E-04,  0.22705684E-02,  0.14758882E-03
      23.,  0.13439432E+02,  0.18547351E+02, -0.11976790E+01, -0.17720255E-03,  0.20937972E-02,  0.14764644E-03
      24.,  0.13497286E+02,  0.18227513E+02, -0.11976790E+01, -0.25001610E-03,  0.19182939E-02,  0.14791029E-03
      25.,  0.13516315E+02,  0.17893479E+02, -0.11976790E+01, -0.29950409E-03,  0.17562864E-02,  0.14843924E-03
      26.,  0.13493999E+02,  0.17560060E+02, -0.11976790E+01, -0.32902554E-03,  0.16161464E-02,  0.14894895E-03
      27.,  0.13433285E+02,  0.17241936E+02, -0.11976790E+01, -0.34398231E-03,  0.15011435E-02,  0.14923745E-03
      28.,  0.13341575E+02,  0.16950635E+02, -0.11976790E+01, -0.34948932E-03,  0.14103639E-02,  0.14934741E-03
      29.,  0.13228459E+02,  0.16692904E+02, -0.11976790E+01, -0.34928600E-03,  0.13405993E-02,  0.14938062E-03
      30.,  0.13103404E+02,  0.16470794E+02, -0.11976790E+01, -0.34574674E-03,  0.12879541E-02,  0.14938967E-03
      31.,  0.12974251E+02,  0.16282870E+02, -0.11976790E+01, -0.34029388E-03,  0.12487538E-02,  0.14939243E-03
      32.,  0.12846686E+02,  0.16125683E+02, -0.11976790E+01, -0.33378076E-03,  0.12198914E-02,  0.14939386E-03
      33.,  0.12724366E+02,  0.15994982E+02, -0.11976790E+01, -0.32676072E-03,  0.11989055E-02,  0.14939489E-03
      34.,  0.12592945E+02,  0.15872032E+02, -0.11976790E+01, -0.31848015E-03,  0.11820171E-02,  0.14939623E-03
      35.,  0.12434749E+02,  0.15743799E+02, -0.11976790E+01, -0.30756889E-03,  0.11679582E-02,  0.14939765E-03
      36.,  0.12245466E+02,  0.15614012E+02, -0.11976790E+01, -0.29322181E-03,  0.11586144E-02,  0.14939970E-03
      37.,  0.12021615E+02,  0.15488468E+02, -0.11976790E+01, -0.27441781E-03,  0.11564718E-02,  0.14940234E-03
      38.,  0.11761787E+02,  0.15375165E+02, -0.11976790E+01, -0.24999456E-03,  0.11645767E-02,  0.14940521E-03
      39.,  0.11468165E+02,  0.15283734E+02, -0.11976790E+01, -0.21881058E-03,  0.11861881E-02,  0.14940772E-03
      40.,  0.11147739E+02,  0.15223880E+02, -0.11976790E+01, -0.18003816E-03,  0.12240393E-02,  0.14940893E-03
      41.,  0.10812349E+02,  0.15202999E+02, -0.11976790E+01, -0.13352263E-03,  0.12793196E-02,  0.14940770E-03
      42.,  0.10476959E+02,  0.15223880E+02, -0.11976790E+01, -0.80049534E-04,  0.13508490E-02,  0.14940317E-03
      43.,  0.10156533E+02,  0.15283734E+02, -0.11976790E+01, -0.21338221E-04,  0.14350483E-02,  0.14939542E-03
      44.,  0.98629112E+01,  0.15375165E+02, -0.11976790E+01,  0.40290606E-04,  0.15268641E-02,  0.14938559E-03
      45.,  0.96030834E+01,  0.15488468E+02, -0.11976790E+01,  0.10242061E-03,  0.16211276E-02,  0.14937513E-03
      46.,  0.93792318E+01,  0.15614012E+02, -0.11976790E+01,  0.16297721E-03,  0.17136175E-02,  0.14936528E-03
      47.,  0.91899489E+01,  0.15743799E+02, -0.11976790E+01,  0.22045068E-03,  0.18014865E-02,  0.14935655E-03
      48.,  0.90317525E+01,  0.15872032E+02, -0.11976790E+01,  0.27391953E-03,  0.18831725E-02,  0.14934912E-03
      49.,  0.89003322E+01,  0.15994982E+02, -0.11976790E+01,  0.32292773E-03,  0.19580471E-02,  0.14934508E-03
      50.,  0.87780118E+01,  0.16125683E+02, -0.11976790E+01,  0.37312652E-03,  0.20349255E-02,  0.14934363E-03
      51.,  0.86504468E+01,  0.16282870E+02, -0.11976790E+01,  0.43134725E-03,  0.21247012E-02,  0.14934995E-03
      52.,  0.85212943E+01,  0.16470794E+02, -0.11976790E+01,  0.49814429E-03,  0.22293655E-02,  0.14937609E-03
      53.,  0.83962388E+01,  0.16692904E+02, -0.11976790E+01,  0.57322795E-03,  0.23508837E-02,  0.14945042E-03
      54.,  0.82831228E+01,  0.16950635E+02, -0.11976790E+01,  0.65462106E-03,  0.24908032E-02,  0.14963715E-03
      55.,  0.81914125E+01,  0.17241936E+02, -0.11976790E+01,  0.73769911E-03,  0.26495671E-02,  0.15001200E-03
      56.,  0.81306984E+01,  0.17560060E+02, -0.11976790E+01,  0.81466068E-03,  0.28253631E-02,  0.15051084E-03
      57.,  0.81083827E+01,  0.17893479E+02, -0.11976790E+01,  0.87544991E-03,  0.30127169E-02,  0.15094886E-03
      58.,  0.81274120E+01,  0.18227513E+02, -0.11976790E+01,  0.91085226E-03,  0.32017205E-02,  0.15117429E-03
      59.,  0.81852658E+01,  0.18547351E+02, -0.11976790E+01,  0.91653920E-03,  0.33792299E-02,  0.15136685E-03
      60.,  0.82748255E+01,  0.18841125E+02, -0.11976790E+01,  0.89501592E-03,  0.35321610E-02,  0.15202727E-03
      61.,  0.83865843E+01,  0.19101688E+02, -0.11976790E+01,  0.85393832E-03,  0.36511395E-02,  0.15383170E-03
      62.,  0.85109971E+01,  0.19326645E+02, -0.11976790E+01,  0.80272823E-03,  0.37322184E-02,  0.15754630E-03
      63.,  0.86400595E+01,  0.19517209E+02, -0.11976790E+01,  0.75022423E-03,  0.37762400E-02,  0.16160647E-03
      64.,  0.87679120E+01,  0.19676715E+02, -0.11976790E+01,  0.70289294E-03,  0.37879607E-02,  0.16727624E-03
      65.,  0.85521705E+01,  0.20144576E+02, -0.11976790E+01,  0.69564929E-03,  0.38516530E-02,  0.13774136E-03
      66.,  0.87061158E+01,  0.20290051E+02, -0.11976790E+01,  0.68693757E-03,  0.38426325E-02,  0.12397826E-03
      67.,  0.88918198E+01,  0.20442097E+02, -0.11976790E+01,  0.69558664E-03,  0.37969167E-02,  0.12822109E-03
      68.,  0.91145309E+01,  0.20596343E+02, -0.11976790E+01,  0.72621905E-03,  0.36998948E-02,  0.13421438E-03
      69.,  0.93785571E+01,  0.20745907E+02, -0.11976790E+01,  0.78353980E-03,  0.35399572E-02,  0.13963608E-03
      70.,  0.96857534E+01,  0.20881211E+02, -0.11976790E+01,  0.86045494E-03,  0.33240583E-02,  0.14392466E-03
      71.,  0.10033654E+02,  0.20990632E+02, -0.11976790E+01,  0.94123182E-03,  0.30859456E-02,  0.14708820E-03
      72.,  0.10413942E+02,  0.21062380E+02, -0.11976790E+01,  0.10075508E-02,  0.28844721E-02,  0.15100682E-03
      73.,  0.10812349E+02,  0.21087432E+02, -0.11976790E+01,  0.10485675E-02,  0.27752927E-02,  0.15451706E-03
      74.,  0.11210756E+02,  0.21062380E+02, -0.11976790E+01,  0.10638989E-02,  0.27720599E-02,  0.15665520E-03
      75.,  0.11591044E+02,  0.20990632E+02, -0.11976790E+01,  0.10572814E-02,  0.28364858E-02,  0.15775605E-03
      76.,  0.11938944E+02,  0.20881211E+02, -0.11976790E+01,  0.10292338E-02,  0.29094685E-02,  0.16016780E-03
      77.,  0.12246141E+02,  0.20745907E+02, -0.11976790E+01,  0.97858773E-03,  0.29487948E-02,  0.16249634E-03
      78.,  0.12510167E+02,  0.20596343E+02, -0.11976790E+01,  0.90615615E-03,  0.29413880E-02,  0.16566054E-03
      79.,  0.12732878E+02,  0.20442097E+02, -0.11976790E+01,  0.81796653E-03,  0.28949524E-02,  0.16469202E-03
      80.,  0.12918582E+02,  0.20290051E+02, -0.11976790E+01,  0.72114636E-03,  0.28239863E-02,  0.16808580E-03
      81.,  0.13072527E+02,  0.20144576E+02, -0.11976790E+01,  0.62332516E-03,  0.27420742E-02,  0.15902180E-03
      82.,  0.13217007E+02,  0.19988531E+02, -0.11976790E+01,  0.51599756E-03,  0.26458195E-02,  0.16220696E-03
      83.,  0.13367387E+02,  0.19800921E+02, -0.11976790E+01,  0.38858509E-03,  0.25270099E-02,  0.15633530E-03
      84.,  0.13519189E+02,  0.19576781E+02, -0.11976790E+01,  0.24381611E-03,  0.23881816E-02,  0.15375651E-03
      85.,  0.13665523E+02,  0.19312187E+02, -0.11976790E+01,  0.90243263E-04,  0.22363542E-02,  0.15241922E-03
      86.,  0.13796973E+02,  0.19005714E+02, -0.11976790E+01, -0.58626163E-04,  0.20816235E-02,  0.15223163E-03
      87.,  0.13902313E+02,  0.18660178E+02, -0.11976790E+01, -0.18702500E-03,  0.19338863E-02,  0.15220327E-03
      88.,  0.13970360E+02,  0.18283987E+02, -0.11976790E+01, -0.28242500E-03,  0.18002913E-02,  0.15177087E-03
      89.,  0.13992743E+02,  0.17891097E+02, -0.11976790E+01, -0.34106902E-03,  0.16834983E-02,  0.15079911E-03
      90.,  0.13966495E+02,  0.17498931E+02, -0.11976790E+01, -0.36835646E-03,  0.15829129E-02,  0.14988633E-03
      91.,  0.13895083E+02,  0.17124755E+02, -0.11976790E+01, -0.37439650E-03,  0.14969462E-02,  0.14942901E-03
      92.,  0.13787214E+02,  0.16782128E+02, -0.11976790E+01, -0.36885336E-03,  0.14242599E-02,  0.14930169E-03
      93.,  0.13654167E+02,  0.16478985E+02, -0.11976790E+01, -0.35842541E-03,  0.13637546E-02,  0.14928824E-03
      94.,  0.13507078E+02,  0.16217741E+02, -0.11976790E+01, -0.34684171E-03,  0.13142549E-02,  0.14930162E-03
      95.,  0.13355169E+02,  0.15996705E+02, -0.11976790E+01, -0.33583548E-03,  0.12744111E-02,  0.14931829E-03
      96.,  0.13205128E+02,  0.15811822E+02, -0.11976790E+01, -0.32605229E-03,  0.12427943E-02,  0.14933280E-03
      97.,  0.13061255E+02,  0.15658093E+02, -0.11976790E+01, -0.31759690E-03,  0.12180087E-02,  0.14934494E-03
      98.,  0.12906679E+02,  0.15513479E+02, -0.11976790E+01, -0.30941745E-03,  0.11963691E-02,  0.14935564E-03
      99.,  0.12720609E+02,  0.15362652E+02, -0.11976790E+01, -0.30064262E-03,  0.11762327E-02,  0.14936684E-03
     100.,  0.12497975E+02,  0.15209997E+02, -0.11976790E+01, -0.29135522E-03,  0.11596638E-02,  0.14937726E-03
     101.,  0.12234682E+02,  0.15062333E+02, -0.11976790E+01, -0.28157497E-03,  0.11497944E-02,  0.14938645E-03
     102.,  0.11929074E+02,  0.14929066E+02, -0.11976790E+01, -0.27105461E-03,  0.11509399E-02,  0.14939421E-03
     103.,  0.11583717E+02,  0.14821525E+02, -0.11976790E+01, -0.25897747E-03,  0.11683113E-02,  0.14940024E-03
     104.,  0.11206833E+02,  0.14751125E+02, -0.11976790E+01, -0.24367087E-03,  0.12069592E-02,  0.14940458E-03
     105.,  0.10812349E+02,  0.14726566E+02, -0.11976790E+01, -0.22266637E-03,  0.12699533E-02,  0.14940794E-03
     106.,  0.10417865E+02,  0.14751125E+02, -0.11976790E+01, -0.19340357E-03,  0.13565934E-02,  0.14941131E-03
     107.,  0.10040981E+02,  0.14821525E+02, -0.11976790E+01, -0.15436664E-03,  0.14619583E-02,  0.14941507E-03
     108.,  0.96956242E+01,  0.14929066E+02, -0.11976790E+01, -0.10588539E-03,  0.15783534E-02,  0.14941852E-03
     109.,  0.93900159E+01,  0.15062333E+02, -0.11976790E+01, -0.50020026E-04,  0.16977356E-02,  0.14942061E-03
     110.,  0.91267226E+01,  0.15209997E+02, -0.11976790E+01,  0.10266845E-04,  0.18136396E-02,  0.14942065E-03
     111.,  0.89040889E+01,  0.15362652E+02, -0.11976790E+01,  0.72015613E-04,  0.19219129E-02,  0.14941921E-03
     112.,  0.87180189E+01,  0.15513479E+02, -0.11976790E+01,  0.13282367E-03,  0.20205002E-02,  0.14941672E-03
     113.,  0.85634430E+01,  0.15658093E+02, -0.11976790E+01,  0.19103372E-03,  0.21088682E-02,  0.14940951E-03
     114.,  0.84195702E+01,  0.15811822E+02, -0.11976790E+01,  0.25275860E-03,  0.21973315E-02,  0.14939841E-03
     115.,  0.82695288E+01,  0.15996705E+02, -0.11976790E+01,  0.32660234E-03,  0.22973835E-02,  0.14937350E-03
     116.,  0.81176202E+01,  0.16217741E+02, -0.11976790E+01,  0.41394632E-03,  0.24093114E-02,  0.14931698E-03
     117.,  0.79705304E+01,  0.16478985E+02, -0.11976790E+01,  0.51488323E-03,  0.25324903E-02,  0.14918524E-03
     118.,  0.78374839E+01,  0.16782128E+02, -0.11976790E+01,  0.62681578E-03,  0.26651169E-02,  0.14885130E-03
     119.,  0.77296146E+01,  0.17124755E+02, -0.11976790E+01,  0.74263454E-03,  0.28042648E-02,  0.14814282E-03
     120.,  0.76582029E+01,  0.17498931E+02, -0.11976790E+01,  0.84958253E-03,  0.29465996E-02,  0.14717126E-03
     121.,  0.76319554E+01,  0.17891097E+02, -0.11976790E+01,  0.93096601E-03,  0.30895256E-02,  0.14633535E-03
     122.,  0.76543375E+01,  0.18283987E+02, -0.11976790E+01,  0.97217358E-03,  0.32315749E-02,  0.14599616E-03
     123.,  0.77223849E+01,  0.18660178E+02, -0.11976790E+01,  0.96855492E-03,  0.33708363E-02,  0.14580291E-03
     124.,  0.78277247E+01,  0.19005714E+02, -0.11976790E+01,  0.92869787E-03,  0.35029465E-02,  0.14488934E-03
     125.,  0.79591749E+01,  0.19312187E+02, -0.11976790E+01,  0.86954839E-03,  0.36212378E-02,  0.14246711E-03
     126.,  0.81055087E+01,  0.19576781E+02, -0.11976790E+01,  0.80802633E-03,  0.37190103E-02,  0.13729292E-03
     127.,  0.82573113E+01,  0.19800921E+02, -0.11976790E+01,  0.75553515E-03,  0.37914034E-02,  0.13116107E-03
     128.,  0.84076909E+01,  0.19988531E+02, -0.11976790E+01,  0.71767794E-03,  0.38355594E-02,  0.12344954E-03
     129.,  0.82135926E+01,  0.20479768E+02, -0.11976790E+01,  0.79879332E-03,  0.40275672E-02,  0.11667891E-03
     130.,  0.83905992E+01,  0.20647036E+02, -0.11976790E+01,  0.79728662E-03,  0.40291891E-02,  0.16229688E-03
     131.,  0.86041219E+01,  0.20821859E+02, -0.11976790E+01,  0.81257152E-03,  0.39870266E-02,  0.17105937E-03
     132.,  0.88601954E+01,  0.20999210E+02, -0.11976790E+01,  0.86149599E-03,  0.38760381E-02,  0.16977868E-03
     133.,  0.91637731E+01,  0.21171179E+02, -0.11976790E+01,  0.93951968E-03,  0.36851087E-02,  0.16512665E-03
     134.,  0.95169878E+01,  0.21326752E+02, -0.11976790E+01,  0.10350515E-02,  0.34194523E-02,  0.15857342E-03
     135.,  0.99170042E+01,  0.21452564E+02, -0.11976790E+01,  0.11278744E-02,  0.31209955E-02,  0.15242945E-03
     136.,  0.10354260E+02,  0.21535060E+02, -0.11976790E+01,  0.11965085E-02,  0.28683595E-02,  0.14496629E-03
     137.,  0.10812349E+02,  0.21563866E+02, -0.11976790E+01,  0.12274447E-02,  0.27390865E-02,  0.14051452E-03
     138.,  0.11270437E+02,  0.21535060E+02, -0.11976790E+01,  0.12216821E-02,  0.27514116E-02,  0.13718776E-03
     139.,  0.11707694E+02,  0.21452564E+02, -0.11976790E+01,  0.11882984E-02,  0.28490610E-02,  0.13539807E-03
     140.,  0.12107710E+02,  0.21326752E+02, -0.11976790E+01,  0.11361858E-02,  0.29503403E-02,  0.13182740E-03
     141.,  0.12460925E+02,  0.21171179E+02, -0.11976790E+01,  0.10680100E-02,  0.30015971E-02,  0.13020320E-03
     142.,  0.12764503E+02,  0.20999210E+02, -0.11976790E+01,  0.98512089E-03,  0.29905987E-02,  0.12559658E-03
     143.,  0.13020576E+02,  0.20821859E+02, -0.11976790E+01,  0.88797592E-03,  0.29291172E-02,  0.13042107E-03
     144.,  0.13234099E+02,  0.20647036E+02, -0.11976790E+01,  0.78447269E-03,  0.28379679E-02,  0.12119709E-03
     145.,  0.13411105E+02,  0.20479768E+02, -0.11976790E+01,  0.67949647E-03,  0.27338156E-02,  0.14513257E-03
     146.,  0.13577228E+02,  0.20300348E+02, -0.11976790E+01,  0.56495620E-03,  0.26149446E-02,  0.12856510E-03
     147.,  0.13750135E+02,  0.20084633E+02, -0.11976790E+01,  0.42808788E-03,  0.24699356E-02,  0.13791090E-03
     148.,  0.13924678E+02,  0.19826917E+02, -0.11976790E+01,  0.27297804E-03,  0.23054737E-02,  0.14200991E-03
     149.,  0.14092932E+02,  0.19522686E+02, -0.11976790E+01,  0.10785774E-03,  0.21331195E-02,  0.14468879E-03
     150.,  0.14244074E+02,  0.19170303E+02, -0.11976790E+01, -0.53195422E-04,  0.19658118E-02,  0.14471119E-03
     151.,  0.14365194E+02,  0.18773005E+02, -0.11976790E+01, -0.19226413E-03,  0.18172136E-02,  0.14428927E-03
     152.,  0.14443435E+02,  0.18340460E+02, -0.11976790E+01, -0.29547671E-03,  0.16950069E-02,  0.14493410E-03
     153.,  0.14469170E+02,  0.17888715E+02, -0.11976790E+01, -0.35862437E-03,  0.15984695E-02,  0.14686370E-03
     154.,  0.14438990E+02,  0.17437802E+02, -0.11976790E+01, -0.38741322E-03,  0.15211739E-02,  0.14859476E-03
     155.,  0.14356881E+02,  0.17007574E+02, -0.11976790E+01, -0.39274780E-03,  0.14562998E-02,  0.14936752E-03
     156.,  0.14232853E+02,  0.16613621E+02, -0.11976790E+01, -0.38540367E-03,  0.13997214E-02,  0.14951843E-03
     157.,  0.14079876E+02,  0.16265067E+02, -0.11976790E+01, -0.37311269E-03,  0.13499547E-02,  0.14951210E-03
     158.,  0.13910752E+02,  0.15964688E+02, -0.11976790E+01, -0.36028197E-03,  0.13067664E-02,  0.14948628E-03
     159.,  0.13736087E+02,  0.15710541E+02, -0.11976790E+01, -0.34892320E-03,  0.12701015E-02,  0.14946348E-03
     160.,  0.13563569E+02,  0.15497962E+02, -0.11976790E+01, -0.33967170E-03,  0.12396611E-02,  0.14944619E-03
     161.,  0.13398144E+02,  0.15321204E+02, -0.11976790E+01, -0.33250366E-03,  0.12148879E-02,  0.14943318E-03
     162.,  0.13220412E+02,  0.15154926E+02, -0.11976790E+01, -0.32648174E-03,  0.11925209E-02,  0.14942407E-03
     163.,  0.13006469E+02,  0.14981506E+02, -0.11976790E+01, -0.32125522E-03,  0.11709737E-02,  0.14941430E-03
     164.,  0.12750484E+02,  0.14805982E+02, -0.11976790E+01, -0.31741930E-03,  0.11525094E-02,  0.14940647E-03
     165.,  0.12447749E+02,  0.14636198E+02, -0.11976790E+01, -0.31550449E-03,  0.11407267E-02,  0.14940113E-03
     166.,  0.12096361E+02,  0.14482968E+02, -0.11976790E+01, -0.31561809E-03,  0.11408038E-02,  0.14939755E-03
     167.,  0.11699269E+02,  0.14359317E+02, -0.11976790E+01, -0.31687616E-03,  0.11591972E-02,  0.14939526E-03
     168.,  0.11265927E+02,  0.14278371E+02, -0.11976790E+01, -0.31685972E-03,  0.12023449E-02,  0.14939305E-03
     169.,  0.10812349E+02,  0.14250132E+02, -0.11976790E+01, -0.31161754E-03,  0.12743360E-02,  0.14938858E-03
     170.,  0.10358770E+02,  0.14278371E+02, -0.11976790E+01, -0.29668316E-03,  0.13745630E-02,  0.14937936E-03
     171.,  0.99254285E+01,  0.14359317E+02, -0.11976790E+01, -0.26881710E-03,  0.14970679E-02,  0.14936477E-03
     172.,  0.95283373E+01,  0.14482968E+02, -0.11976790E+01, -0.22735221E-03,  0.16323446E-02,  0.14934692E-03
     173.,  0.91769484E+01,  0.14636198E+02, -0.11976790E+01, -0.17424592E-03,  0.17704311E-02,  0.14932889E-03
     174.,  0.88742135E+01,  0.14805982E+02, -0.11976790E+01, -0.11303990E-03,  0.19033821E-02,  0.14931294E-03
     175.,  0.86182289E+01,  0.14981506E+02, -0.11976790E+01, -0.47595316E-04,  0.20262071E-02,  0.14929769E-03
     176.,  0.84042854E+01,  0.15154926E+02, -0.11976790E+01,  0.18771631E-04,  0.21365909E-02,  0.14928288E-03
     177.,  0.82265537E+01,  0.15321204E+02, -0.11976790E+01,  0.83622375E-04,  0.22340964E-02,  0.14927807E-03
     178.,  0.80611286E+01,  0.15497962E+02, -0.11976790E+01,  0.15349131E-03,  0.23301182E-02,  0.14927311E-03
     179.,  0.78886108E+01,  0.15710541E+02, -0.11976790E+01,  0.23826061E-03,  0.24365373E-02,  0.14928340E-03
     180.,  0.77139460E+01,  0.15964688E+02, -0.11976790E+01,  0.33981443E-03,  0.25524523E-02,  0.14933281E-03
     181.,  0.75448220E+01,  0.16265067E+02, -0.11976790E+01,  0.45857665E-03,  0.26757479E-02,  0.14947877E-03
     182.,  0.73918450E+01,  0.16613621E+02, -0.11976790E+01,  0.59179598E-03,  0.28031466E-02,  0.14998227E-03
     183.,  0.72678168E+01,  0.17007574E+02, -0.11976790E+01,  0.73139567E-03,  0.29310964E-02,  0.15123955E-03
     184.,  0.71857075E+01,  0.17437802E+02, -0.11976790E+01,  0.86268706E-03,  0.30576425E-02,  0.15314163E-03
     185.,  0.71555280E+01,  0.17888715E+02, -0.11976790E+01,  0.96632718E-03,  0.31842777E-02,  0.15493981E-03
     186.,  0.71812629E+01,  0.18340460E+02, -0.11976790E+01,  0.10250546E-02,  0.33151680E-02,  0.15534168E-03
     187.,  0.72595040E+01,  0.18773005E+02, -0.11976790E+01,  0.10325456E-02,  0.34527044E-02,  0.15511016E-03
     188.,  0.73806238E+01,  0.19170303E+02, -0.11976790E+01,  0.99828642E-03,  0.35924335E-02,  0.15667400E-03
     189.,  0.75317654E+01,  0.19522686E+02, -0.11976790E+01,  0.94323464E-03,  0.37241089E-02,  0.16062363E-03
     190.,  0.77000203E+01,  0.19826917E+02, -0.11976790E+01,  0.88802480E-03,  0.38377742E-02,  0.16707858E-03
     191.,  0.78745632E+01,  0.20084633E+02, -0.11976790E+01,  0.84436574E-03,  0.39277791E-02,  0.17019622E-03
     192.,  0.80474698E+01,  0.20300348E+02, -0.11976790E+01,  0.81444501E-03,  0.39921114E-02,  0.17068473E-03
     193.,  0.78750147E+01,  0.20814960E+02, -0.11976790E+01,  0.92214950E-03,  0.42577113E-02,  0.44563451E-03
     194.,  0.80750825E+01,  0.21004020E+02, -0.11976790E+01,  0.91188120E-03,  0.42959891E-02,  0.30017506E-03
     195.,  0.83164240E+01,  0.21201620E+02, -0.11976790E+01,  0.95742934E-03,  0.42588411E-02,  0.21072318E-03
     196.,  0.86058599E+01,  0.21402078E+02, -0.11976790E+01,  0.10411435E-02,  0.41362786E-02,  0.17541021E-03
     197.,  0.89489891E+01,  0.21596451E+02, -0.11976790E+01,  0.11544583E-02,  0.39051090E-02,  0.15642059E-03
     198.,  0.93482222E+01,  0.21772294E+02, -0.11976790E+01,  0.12762676E-02,  0.35652104E-02,  0.15200507E-03
     199.,  0.98003546E+01,  0.21914497E+02, -0.11976790E+01,  0.13805766E-02,  0.31673048E-02,  0.15481099E-03
     200.,  0.10294579E+02,  0.22007741E+02, -0.11976790E+01,  0.14427530E-02,  0.28278214E-02,  0.15654899E-03
     201.,  0.10812349E+02,  0.22040299E+02, -0.11976790E+01,  0.14464753E-02,  0.26755440E-02,  0.14380267E-03
     202.,  0.11330119E+02,  0.22007741E+02, -0.11976790E+01,  0.13939999E-02,  0.27343646E-02,  0.14264939E-03
     203.,  0.11824343E+02,  0.21914497E+02, -0.11976790E+01,  0.13114348E-02,  0.29045188E-02,  0.14389845E-03
     204.,  0.12276476E+02,  0.21772294E+02, -0.11976790E+01,  0.12203982E-02,  0.30601462E-02,  0.14064203E-03
     205.,  0.12675709E+02,  0.21596451E+02, -0.11976790E+01,  0.11302427E-02,  0.31312436E-02,  0.12604900E-03
     206.,  0.13018838E+02,  0.21402078E+02, -0.11976790E+01,  0.10363834E-02,  0.31121336E-02,  0.12233382E-03
     207.,  0.13308274E+02,  0.21201620E+02, -0.11976790E+01,  0.93734512E-03,  0.30318466E-02,  0.10290914E-03
     208.,  0.13549615E+02,  0.21004020E+02, -0.11976790E+01,  0.82271523E-03,  0.29120079E-02,  0.12660418E-03
     209.,  0.13749683E+02,  0.20814960E+02, -0.11976790E+01,  0.70910307E-03,  0.27805483E-02,  0.71541277E-04
     210.,  0.13937449E+02,  0.20612164E+02, -0.11976790E+01,  0.58337368E-03,  0.26271646E-02,  0.14498750E-03
     211.,  0.14132883E+02,  0.20368345E+02, -0.11976790E+01,  0.43720598E-03,  0.24478161E-02,  0.14701038E-03
     212.,  0.14330166E+02,  0.20077052E+02, -0.11976790E+01,  0.27292692E-03,  0.22541687E-02,  0.14821810E-03
     213.,  0.14520342E+02,  0.19733186E+02, -0.11976790E+01,  0.98347941E-04,  0.20541707E-02,  0.14505085E-03
     214.,  0.14691175E+02,  0.19334892E+02, -0.11976790E+01, -0.68061120E-04,  0.18676281E-02,  0.14593383E-03
     215.,  0.14828075E+02,  0.18885832E+02, -0.11976790E+01, -0.20750521E-03,  0.17124968E-02,  0.14780383E-03
     216.,  0.14916509E+02,  0.18396933E+02, -0.11976790E+01, -0.30815042E-03,  0.15969411E-02,  0.14825593E-03
     217.,  0.14945597E+02,  0.17886333E+02, -0.11976790E+01, -0.36889658E-03,  0.15157902E-02,  0.14809399E-03
     218.,  0.14911486E+02,  0.17376673E+02, -0.11976790E+01, -0.39693080E-03,  0.14568325E-02,  0.14844665E-03
     219.,  0.14818679E+02,  0.16890393E+02, -0.11976790E+01, -0.40309944E-03,  0.14088274E-02,  0.14883565E-03
     220.,  0.14678492E+02,  0.16445114E+02, -0.11976790E+01, -0.39750156E-03,  0.13655691E-02,  0.14914455E-03
     221.,  0.14505584E+02,  0.16051148E+02, -0.11976790E+01, -0.38735917E-03,  0.13252856E-02,  0.14928808E-03
     222.,  0.14314426E+02,  0.15711634E+02, -0.11976790E+01, -0.37687460E-03,  0.12883762E-02,  0.14934598E-03
     223.,  0.14117005E+02,  0.15424376E+02, -0.11976790E+01, -0.36802967E-03,  0.12556342E-02,  0.14936998E-03
     224.,  0.13922011E+02,  0.15184101E+02, -0.11976790E+01, -0.36145624E-03,  0.12275203E-02,  0.14938454E-03
     225.,  0.13735033E+02,  0.14984315E+02, -0.11976790E+01, -0.35709118E-03,  0.12040523E-02,  0.14939328E-03
     226.,  0.13534146E+02,  0.14796374E+02, -0.11976790E+01, -0.35435791E-03,  0.11824416E-02,  0.14939167E-03
     227.,  0.13292329E+02,  0.14600359E+02, -0.11976790E+01, -0.35348106E-03,  0.11612771E-02,  0.14939328E-03
     228.,  0.13002994E+02,  0.14401968E+02, -0.11976790E+01, -0.35538724E-03,  0.11429459E-02,  0.14939469E-03
     229.,  0.12660817E+02,  0.14210063E+02, -0.11976790E+01, -0.36093509E-03,  0.11313938E-02,  0.14939433E-03
     230.,  0.12263647E+02,  0.14036870E+02, -0.11976790E+01, -0.37042862E-03,  0.11324559E-02,  0.14939341E-03
     231.,  0.11814821E+02,  0.13897109E+02, -0.11976790E+01, -0.38286355E-03,  0.11535910E-02,  0.14939184E-03
     232.,  0.11325022E+02,  0.13805617E+02, -0.11976790E+01, -0.39519545E-03,  0.12024076E-02,  0.14938936E-03
     233.,  0.10812349E+02,  0.13773699E+02, -0.11976790E+01, -0.40229952E-03,  0.12838831E-02,  0.14938591E-03
     234.,  0.10299676E+02,  0.13805617E+02, -0.11976790E+01, -0.39824176E-03,  0.13974768E-02,  0.14938179E-03
     235.,  0.98098764E+01,  0.13897109E+02, -0.11976790E+01, -0.37851508E-03,  0.15362600E-02,  0.14937764E-03
     236.,  0.93610504E+01,  0.14036870E+02, -0.11976790E+01, -0.34180982E-03,  0.16890618E-02,  0.14937434E-03
     237.,  0.89638810E+01,  0.14210063E+02, -0.11976790E+01, -0.29015318E-03,  0.18442121E-02,  0.14937295E-03
     238.,  0.86217043E+01,  0.14401968E+02, -0.11976790E+01, -0.22765211E-03,  0.19925171E-02,  0.14937408E-03
     239.,  0.83323689E+01,  0.14600359E+02, -0.11976790E+01, -0.15891809E-03,  0.21283471E-02,  0.14938322E-03
     240.,  0.80905518E+01,  0.14796374E+02, -0.11976790E+01, -0.87985670E-04,  0.22492409E-02,  0.14939875E-03
     241.,  0.78896645E+01,  0.14984315E+02, -0.11976790E+01, -0.17859003E-04,  0.23549298E-02,  0.14940180E-03
     242.,  0.77026871E+01,  0.15184101E+02, -0.11976790E+01,  0.58364872E-04,  0.24578438E-02,  0.14944003E-03
     243.,  0.75076928E+01,  0.15424376E+02, -0.11976790E+01,  0.15161083E-03,  0.25703208E-02,  0.14949989E-03
     244.,  0.73102719E+01,  0.15711634E+02, -0.11976790E+01,  0.26430843E-03,  0.26906001E-02,  0.14959505E-03
     245.,  0.71191136E+01,  0.16051148E+02, -0.11976790E+01,  0.39754387E-03,  0.28154888E-02,  0.14982283E-03
     246.,  0.69462061E+01,  0.16445114E+02, -0.11976790E+01,  0.54924300E-03,  0.29407090E-02,  0.15012748E-03
     247.,  0.68060189E+01,  0.16890393E+02, -0.11976790E+01,  0.71178389E-03,  0.30622771E-02,  0.15049574E-03
     248.,  0.67132120E+01,  0.17376673E+02, -0.11976790E+01,  0.87016081E-03,  0.31792628E-02,  0.15053961E-03
     249.,  0.66791006E+01,  0.17886333E+02, -0.11976790E+01,  0.10034174E-02,  0.32966672E-02,  0.14931635E-03
     250.,  0.67081884E+01,  0.18396933E+02, -0.11976790E+01,  0.10907007E-02,  0.34245913E-02,  0.15012895E-03
     251.,  0.67966230E+01,  0.18885832E+02, -0.11976790E+01,  0.11203262E-02,  0.35701567E-02,  0.15262953E-03
     252.,  0.69335230E+01,  0.19334892E+02, -0.11976790E+01,  0.10979340E-02,  0.37291165E-02,  0.15200158E-03
     253.,  0.71043560E+01,  0.19733186E+02, -0.11976790E+01,  0.10461734E-02,  0.38836403E-02,  0.15254351E-03
     254.,  0.72945319E+01,  0.20077052E+02, -0.11976790E+01,  0.99357294E-03,  0.40149081E-02,  0.16217502E-03
     255.,  0.74918150E+01,  0.20368345E+02, -0.11976790E+01,  0.95733327E-03,  0.41173011E-02,  0.19117661E-03
     256.,  0.76872487E+01,  0.20612164E+02, -0.11976790E+01,  0.93897388E-03,  0.41960227E-02,  0.25403150E-03
     257.,  0.75364368E+01,  0.21150152E+02, -0.11976790E+01,  0.10160434E-02,  0.45415604E-02, -0.10909740E-02
     258.,  0.77595659E+01,  0.21361005E+02, -0.11976790E+01,  0.10525365E-02,  0.46225221E-02, -0.66937317E-03
     259.,  0.80287260E+01,  0.21581381E+02, -0.11976790E+01,  0.11587227E-02,  0.46067036E-02, -0.26809922E-03
     260.,  0.83515244E+01,  0.21804945E+02, -0.11976790E+01,  0.13192504E-02,  0.44905004E-02, -0.12129659E-03
     261.,  0.87342051E+01,  0.22021724E+02, -0.11976790E+01,  0.15018477E-02,  0.42303046E-02, -0.26980033E-07
     262.,  0.91794566E+01,  0.22217835E+02, -0.11976790E+01,  0.16596055E-02,  0.38027796E-02,  0.72927440E-04
     263.,  0.96837050E+01,  0.22376429E+02, -0.11976790E+01,  0.17619611E-02,  0.32542868E-02,  0.10214017E-03
     264.,  0.10234897E+02,  0.22480421E+02, -0.11976790E+01,  0.17870044E-02,  0.27701924E-02,  0.15204016E-03
     265.,  0.10812349E+02,  0.22516732E+02, -0.11976790E+01,  0.17005786E-02,  0.25953866E-02,  0.25015526E-03
     266.,  0.11389801E+02,  0.22480421E+02, -0.11976790E+01,  0.15306829E-02,  0.27497442E-02,  0.27469335E-03
     267.,  0.11940993E+02,  0.22376429E+02, -0.11976790E+01,  0.13496350E-02,  0.30390323E-02,  0.27644164E-03
     268.,  0.12445241E+02,  0.22217835E+02, -0.11976790E+01,  0.12174066E-02,  0.32655419E-02,  0.31566604E-03
     269.,  0.12890493E+02,  0.22021724E+02, -0.11976790E+01,  0.11228381E-02,  0.33440137E-02,  0.40915792E-03
     270.,  0.13273173E+02,  0.21804945E+02, -0.11976790E+01,  0.10446739E-02,  0.33019502E-02,  0.47354594E-03
     271.,  0.13595972E+02,  0.21581381E+02, -0.11976790E+01,  0.95707329E-03,  0.31719676E-02,  0.53226039E-03
     272.,  0.13865132E+02,  0.21361005E+02, -0.11976790E+01,  0.87383292E-03,  0.30257557E-02,  0.48435262E-03
     273.,  0.14088261E+02,  0.21150152E+02, -0.11976790E+01,  0.73837567E-03,  0.28351678E-02,  0.58541260E-03
     274.,  0.14297670E+02,  0.20923980E+02, -0.11976790E+01,  0.59759655E-03,  0.26353180E-02,  0.30656950E-03
     275.,  0.14515631E+02,  0.20652057E+02, -0.11976790E+01,  0.44335236E-03,  0.24291146E-02,  0.23071187E-03
     276.,  0.14735654E+02,  0.20327188E+02, -0.11976790E+01,  0.26264572E-03,  0.21970565E-02,  0.20901476E-03
     277.,  0.14947751E+02,  0.19943685E+02, -0.11976790E+01,  0.74908303E-04,  0.19644481E-02,  0.20299686E-03
     278.,  0.15138276E+02,  0.19499481E+02, -0.11976790E+01, -0.95766710E-04,  0.17588654E-02,  0.19837567E-03
     279.,  0.15290956E+02,  0.18998659E+02, -0.11976790E+01, -0.22942895E-03,  0.16042465E-02,  0.19590199E-03
     280.,  0.15389584E+02,  0.18453406E+02, -0.11976790E+01, -0.32089995E-03,  0.15032447E-02,  0.18994835E-03
     281.,  0.15422025E+02,  0.17883951E+02, -0.11976790E+01, -0.37450182E-03,  0.14419562E-02,  0.17376184E-03
     282.,  0.15383981E+02,  0.17315544E+02, -0.11976790E+01, -0.39987883E-03,  0.14016101E-02,  0.15764103E-03
     283.,  0.15280477E+02,  0.16773212E+02, -0.11976790E+01, -0.40745833E-03,  0.13682534E-02,  0.15066928E-03
     284.,  0.15124131E+02,  0.16276607E+02, -0.11976790E+01, -0.40549744E-03,  0.13354738E-02,  0.14877848E-03
     285.,  0.14931293E+02,  0.15837230E+02, -0.11976790E+01, -0.39962273E-03,  0.13024784E-02,  0.14843083E-03
     286.,  0.14718100E+02,  0.15458581E+02, -0.11976790E+01, -0.39335813E-03,  0.12705795E-02,  0.14849727E-03
     287.,  0.14497923E+02,  0.15138211E+02, -0.11976790E+01, -0.38852187E-03,  0.12412212E-02,  0.14865457E-03
     288.,  0.14280452E+02,  0.14870241E+02, -0.11976790E+01, -0.38573524E-03,  0.12153376E-02,  0.14877630E-03
     289.,  0.14071923E+02,  0.14647425E+02, -0.11976790E+01, -0.38495405E-03,  0.11933248E-02,  0.14887654E-03
     290.,  0.13847880E+02,  0.14437821E+02, -0.11976790E+01, -0.38610610E-03,  0.11727599E-02,  0.14899688E-03
     291.,  0.13578189E+02,  0.14219212E+02, -0.11976790E+01, -0.39002108E-03,  0.11524040E-02,  0.14910384E-03
     292.,  0.13255503E+02,  0.13997953E+02, -0.11976790E+01, -0.39791427E-03,  0.11347158E-02,  0.14919320E-03
     293.,  0.12873884E+02,  0.13783928E+02, -0.11976790E+01, -0.41094121E-03,  0.11238850E-02,  0.14926905E-03
     294.,  0.12430934E+02,  0.13590771E+02, -0.11976790E+01, -0.42961710E-03,  0.11263069E-02,  0.14932914E-03
     295.,  0.11930373E+02,  0.13434901E+02, -0.11976790E+01, -0.45290216E-03,  0.11504110E-02,  0.14937409E-03
     296.,  0.11384116E+02,  0.13332863E+02, -0.11976790E+01, -0.47723248E-03,  0.12050635E-02,  0.14941125E-03
     297.,  0.10812349E+02,  0.13297266E+02, -0.11976790E+01, -0.49635404E-03,  0.12962997E-02,  0.14945803E-03
     298.,  0.10240582E+02,  0.13332863E+02, -0.11976790E+01, -0.50282227E-03,  0.14237622E-02,  0.14953383E-03
     299.,  0.96943244E+01,  0.13434901E+02, -0.11976790E+01, -0.49081710E-03,  0.15795111E-02,  0.14964284E-03
     300.,  0.91937635E+01,  0.13590771E+02, -0.11976790E+01, -0.45843300E-03,  0.17505622E-02,  0.14976637E-03
     301.,  0.87508135E+01,  0.13783928E+02, -0.11976790E+01, -0.40789153E-03,  0.19234182E-02,  0.14987694E-03
     302.,  0.83691952E+01,  0.13997953E+02, -0.11976790E+01, -0.34397381E-03,  0.20876254E-02,  0.14995655E-03
     303.,  0.80465089E+01,  0.14219212E+02, -0.11976790E+01, -0.27209366E-03,  0.22369737E-02,  0.14999388E-03
     304.,  0.77768183E+01,  0.14437821E+02, -0.11976790E+01, -0.19697175E-03,  0.23689320E-02,  0.15000826E-03
     305.,  0.75527752E+01,  0.14647425E+02, -0.11976790E+01, -0.12214002E-03,  0.24834469E-02,  0.15002865E-03
     306.,  0.73442455E+01,  0.14870241E+02, -0.11976790E+01, -0.40336958E-04,  0.25940838E-02,  0.14988096E-03
     307.,  0.71267748E+01,  0.15138211E+02, -0.11976790E+01,  0.60275069E-04,  0.27138862E-02,  0.14954154E-03
     308.,  0.69065978E+01,  0.15458581E+02, -0.11976790E+01,  0.18268020E-03,  0.28404035E-02,  0.14880958E-03
     309.,  0.66934053E+01,  0.15837230E+02, -0.11976790E+01,  0.32884147E-03,  0.29694683E-02,  0.14692530E-03
     310.,  0.65005672E+01,  0.16276607E+02, -0.11976790E+01,  0.49822171E-03,  0.30955154E-02,  0.14228232E-03
     311.,  0.63442210E+01,  0.16773212E+02, -0.11976790E+01,  0.68480315E-03,  0.32135243E-02,  0.13065972E-03
     312.,  0.62407166E+01,  0.17315544E+02, -0.11976790E+01,  0.87405130E-03,  0.33217881E-02,  0.11360175E-03
     313.,  0.62026732E+01,  0.17883951E+02, -0.11976790E+01,  0.10435143E-02,  0.34262103E-02,  0.10428734E-03
     314.,  0.62351139E+01,  0.18453406E+02, -0.11976790E+01,  0.11695987E-02,  0.35442280E-02,  0.98743968E-04
     315.,  0.63337421E+01,  0.18998659E+02, -0.11976790E+01,  0.12306062E-02,  0.36948543E-02,  0.91434055E-04
     316.,  0.64864221E+01,  0.19499481E+02, -0.11976790E+01,  0.12218230E-02,  0.38763130E-02,  0.82419330E-04
     317.,  0.66769466E+01,  0.19943685E+02, -0.11976790E+01,  0.11675211E-02,  0.40670625E-02,  0.54812541E-04
     318.,  0.68890434E+01,  0.20327188E+02, -0.11976790E+01,  0.11052877E-02,  0.42305897E-02, -0.23842064E-04
     319.,  0.71090668E+01,  0.20652057E+02, -0.11976790E+01,  0.10668387E-02,  0.43409940E-02, -0.18323506E-03
     320.,  0.73270276E+01,  0.20923980E+02, -0.11976790E+01,  0.10554647E-02,  0.44124881E-02, -0.52543898E-03
     321.,  0.71978590E+01,  0.21485344E+02, -0.11976790E+01,  0.10677533E-02,  0.52099156E-02,  0.32109652E-02
     322.,  0.74440493E+01,  0.21717990E+02, -0.11976790E+01,  0.11783321E-02,  0.53635652E-02,  0.23019711E-02
     323.,  0.77410281E+01,  0.21961143E+02, -0.11976790E+01,  0.14803145E-02,  0.52397732E-02,  0.14372894E-02
     324.,  0.80971889E+01,  0.22207813E+02, -0.11976790E+01,  0.17747787E-02,  0.50010474E-02,  0.11819860E-02
     325.,  0.85194211E+01,  0.22446996E+02, -0.11976790E+01,  0.20547012E-02,  0.46763587E-02,  0.73055063E-03
     326.,  0.90106911E+01,  0.22663376E+02, -0.11976790E+01,  0.22705279E-02,  0.41804148E-02,  0.41186489E-03
     327.,  0.95670554E+01,  0.22838361E+02, -0.11976790E+01,  0.23676654E-02,  0.34316680E-02,  0.29286984E-03
     328.,  0.10175215E+02,  0.22953102E+02, -0.11976790E+01,  0.22968335E-02,  0.27013782E-02,  0.10065726E-03
     329.,  0.10812349E+02,  0.22993166E+02, -0.11976790E+01,  0.19956102E-02,  0.25316980E-02, -0.24401680E-03
     330.,  0.11449483E+02,  0.22953102E+02, -0.11976790E+01,  0.15368255E-02,  0.28561849E-02, -0.32956012E-03
     331.,  0.12057642E+02,  0.22838361E+02, -0.11976790E+01,  0.11881384E-02,  0.32986889E-02, -0.34231156E-03
     332.,  0.12614007E+02,  0.22663376E+02, -0.11976790E+01,  0.10280261E-02,  0.35964085E-02, -0.51670800E-03
     333.,  0.13105277E+02,  0.22446996E+02, -0.11976790E+01,  0.99006736E-03,  0.36976872E-02, -0.80886819E-03
     334.,  0.13527509E+02,  0.22207813E+02, -0.11976790E+01,  0.98290088E-03,  0.36435284E-02, -0.10239970E-02
     335.,  0.13883670E+02,  0.21961143E+02, -0.11976790E+01,  0.94716947E-03,  0.34663563E-02, -0.11180042E-02
     336.,  0.14180649E+02,  0.21717990E+02, -0.11976790E+01,  0.89822974E-03,  0.32283095E-02, -0.10586717E-02
     337.,  0.14426839E+02,  0.21485344E+02, -0.11976790E+01,  0.82173129E-03,  0.29672877E-02, -0.12383344E-02
     338.,  0.14657891E+02,  0.21235797E+02, -0.11976790E+01,  0.62260954E-03,  0.26493216E-02, -0.48347925E-03
     339.,  0.14898379E+02,  0.20935769E+02, -0.11976790E+01,  0.45953458E-03,  0.23851374E-02, -0.15505678E-03
     340.,  0.15141143E+02,  0.20577324E+02, -0.11976790E+01,  0.25970303E-03,  0.21061415E-02, -0.62421483E-04
     341.,  0.15375161E+02,  0.20154184E+02, -0.11976790E+01,  0.48496215E-04,  0.18355416E-02, -0.18604851E-04
     342.,  0.15585377E+02,  0.19664070E+02, -0.11976790E+01, -0.12626273E-03,  0.16237823E-02, -0.86684150E-05
     343.,  0.15753837E+02,  0.19111487E+02, -0.11976790E+01, -0.25045623E-03,  0.14889814E-02, -0.19154614E-04
     344.,  0.15862658E+02,  0.18509880E+02, -0.11976790E+01, -0.32969625E-03,  0.14182047E-02, -0.25609416E-05
     345.,  0.15898452E+02,  0.17881568E+02, -0.11976790E+01, -0.37412801E-03,  0.13846817E-02,  0.67084871E-04
     346.,  0.15856477E+02,  0.17254415E+02, -0.11976790E+01, -0.39682076E-03,  0.13640144E-02,  0.12826177E-03
     347.,  0.15742275E+02,  0.16656030E+02, -0.11976790E+01, -0.40730096E-03,  0.13420637E-02,  0.14937810E-03
     348.,  0.15569770E+02,  0.16108099E+02, -0.11976790E+01, -0.41048778E-03,  0.13160496E-02,  0.15351770E-03
     349.,  0.15357001E+02,  0.15623311E+02, -0.11976790E+01, -0.41003699E-03,  0.12875861E-02,  0.15368042E-03
     350.,  0.15121774E+02,  0.15205528E+02, -0.11976790E+01, -0.40882884E-03,  0.12589682E-02,  0.15292692E-03
     351.,  0.14878841E+02,  0.14852047E+02, -0.11976790E+01, -0.40861649E-03,  0.12320184E-02,  0.15213235E-03
     352.,  0.14638894E+02,  0.14556380E+02, -0.11976790E+01, -0.41006985E-03,  0.12078378E-02,  0.15160413E-03
     353.,  0.14408812E+02,  0.14310536E+02, -0.11976790E+01, -0.41317861E-03,  0.11869422E-02,  0.15119431E-03
     354.,  0.14161613E+02,  0.14079268E+02, -0.11976790E+01, -0.41840198E-03,  0.11672211E-02,  0.15075079E-03
     355.,  0.13864049E+02,  0.13838066E+02, -0.11976790E+01, -0.42726541E-03,  0.11475255E-02,  0.15035226E-03
     356.,  0.13508012E+02,  0.13593938E+02, -0.11976790E+01, -0.44128417E-03,  0.11303283E-02,  0.15002999E-03
     357.,  0.13086952E+02,  0.13357793E+02, -0.11976790E+01, -0.46193830E-03,  0.11199754E-02,  0.14976623E-03
     358.,  0.12598221E+02,  0.13144673E+02, -0.11976790E+01, -0.49010336E-03,  0.11233739E-02,  0.14956181E-03
     359.,  0.12045926E+02,  0.12972693E+02, -0.11976790E+01, -0.52492035E-03,  0.11499885E-02,  0.14941630E-03
     360.,  0.11443210E+02,  0.12860108E+02, -0.11976790E+01, -0.56245525E-03,  0.12101925E-02,  0.14930351E-03
     361.,  0.10812349E+02,  0.12820832E+02, -0.11976790E+01, -0.59520498E-03,  0.13114316E-02,  0.14915574E-03
     362.,  0.10181488E+02,  0.12860108E+02, -0.11976790E+01, -0.61379684E-03,  0.14537399E-02,  0.14889220E-03
     363.,  0.95787723E+01,  0.12972693E+02, -0.11976790E+01, -0.61065315E-03,  0.16280518E-02,  0.14848877E-03
     364.,  0.90264766E+01,  0.13144673E+02, -0.11976790E+01, -0.58310812E-03,  0.18192270E-02,  0.14801307E-03
     365.,  0.85377461E+01,  0.13357793E+02, -0.11976790E+01, -0.53371804E-03,  0.20116263E-02,  0.14756677E-03
     366.,  0.81166860E+01,  0.13593938E+02, -0.11976790E+01, -0.46819084E-03,  0.21933937E-02,  0.14721834E-03
     367.,  0.77606489E+01,  0.13838066E+02, -0.11976790E+01, -0.39291645E-03,  0.23577625E-02,  0.14698285E-03
     368.,  0.74630848E+01,  0.14079268E+02, -0.11976790E+01, -0.31344420E-03,  0.25021843E-02,  0.14677561E-03
     369.,  0.72158860E+01,  0.14310536E+02, -0.11976790E+01, -0.23380374E-03,  0.26268512E-02,  0.14655926E-03
     370.,  0.69858039E+01,  0.14556380E+02, -0.11976790E+01, -0.14646958E-03,  0.27467216E-02,  0.14679457E-03
     371.,  0.67458568E+01,  0.14852047E+02, -0.11976790E+01, -0.38696604E-04,  0.28757563E-02,  0.14751612E-03
     372.,  0.65029237E+01,  0.15205528E+02, -0.11976790E+01,  0.92984027E-04,  0.30111370E-02,  0.14937520E-03
     373.,  0.62676969E+01,  0.15623311E+02, -0.11976790E+01,  0.25132728E-03,  0.31479165E-02,  0.15454201E-03
     374.,  0.60549283E+01,  0.16108099E+02, -0.11976790E+01,  0.43747459E-03,  0.32789545E-02,  0.16821722E-03
     375.,  0.58824231E+01,  0.16656030E+02, -0.11976790E+01,  0.64912310E-03,  0.33963353E-02,  0.20879724E-03
     376.,  0.57682211E+01,  0.17254415E+02, -0.11976790E+01,  0.87264710E-03,  0.34961271E-02,  0.27926331E-03
     377.,  0.57262458E+01,  0.17881568E+02, -0.11976790E+01,  0.10806570E-02,  0.35789358E-02,  0.32634187E-03
     378.,  0.57620394E+01,  0.18509880E+02, -0.11976790E+01,  0.12534347E-02,  0.36666597E-02,  0.33575857E-03
     379.,  0.58708612E+01,  0.19111487E+02, -0.11976790E+01,  0.13601783E-02,  0.38035949E-02,  0.34786603E-03
     380.,  0.60393212E+01,  0.19664070E+02, -0.11976790E+01,  0.13645217E-02,  0.40088362E-02,  0.37802600E-03
     381.,  0.62495371E+01,  0.20154184E+02, -0.11976790E+01,  0.13002144E-02,  0.42395013E-02,  0.49708182E-03
     382.,  0.64835550E+01,  0.20577324E+02, -0.11976790E+01,  0.12118044E-02,  0.44667170E-02,  0.86868882E-03
     383.,  0.67263186E+01,  0.20935769E+02, -0.11976790E+01,  0.11353327E-02,  0.46911402E-02,  0.13048957E-02
     384.,  0.69668064E+01,  0.21235797E+02, -0.11976790E+01,  0.11226228E-02,  0.49181913E-02,  0.20973800E-02
     385.,  0.68592811E+01,  0.21820536E+02, -0.11976790E+01,  0.13168008E-02,  0.75248297E-02, -0.49264750E-02
     386.,  0.71285326E+01,  0.22074974E+02, -0.11976790E+01,  0.18779227E-02,  0.74077080E-02, -0.34411893E-02
     387.,  0.74533302E+01,  0.22340904E+02, -0.11976790E+01,  0.24143960E-02,  0.72342294E-02, -0.21562432E-02
     388.,  0.78428534E+01,  0.22610680E+02, -0.11976790E+01,  0.29432901E-02,  0.65529972E-02, -0.18853375E-02
     389.,  0.83046371E+01,  0.22872268E+02, -0.11976790E+01,  0.32193719E-02,  0.57539478E-02, -0.99101613E-03
     390.,  0.88419255E+01,  0.23108917E+02, -0.11976790E+01,  0.33175380E-02,  0.48226533E-02, -0.32462877E-03
     391.,  0.94504058E+01,  0.23300294E+02, -0.11976790E+01,  0.33293422E-02,  0.37742758E-02, -0.53617993E-04
     392.,  0.10115533E+02,  0.23425782E+02, -0.11976790E+01,  0.31154588E-02,  0.26351577E-02,  0.34673240E-03
     393.,  0.10812349E+02,  0.23469599E+02, -0.11976790E+01,  0.24312032E-02,  0.24623327E-02,  0.10131241E-02
     394.,  0.11509165E+02,  0.23425782E+02, -0.11976790E+01,  0.12816802E-02,  0.33642557E-02,  0.11543117E-02
     395.,  0.12174292E+02,  0.23300294E+02, -0.11976790E+01,  0.55798977E-03,  0.40625767E-02,  0.12231138E-02
     396.,  0.12782772E+02,  0.23108917E+02, -0.11976790E+01,  0.33657110E-03,  0.45502034E-02,  0.14894021E-02
     397.,  0.13320061E+02,  0.22872268E+02, -0.11976790E+01,  0.45097521E-03,  0.48897461E-02,  0.20550716E-02
     398.,  0.13781845E+02,  0.22610680E+02, -0.11976790E+01,  0.67378422E-03,  0.48510885E-02,  0.24957234E-02
     399.,  0.14171368E+02,  0.22340904E+02, -0.11976790E+01,  0.81077544E-03,  0.45486639E-02,  0.25241384E-02
     400.,  0.14496165E+02,  0.22074974E+02, -0.11976790E+01,  0.80933191E-03,  0.39505538E-02,  0.23992422E-02
     401.,  0.14765417E+02,  0.21820536E+02, -0.11976790E+01,  0.86669499E-03,  0.36088485E-02,  0.27155849E-02
     402.,  0.15018113E+02,  0.21547613E+02, -0.11976790E+01,  0.67508951E-03,  0.27217989E-02,  0.13411741E-02
     403.,  0.15281127E+02,  0.21219481E+02, -0.11976790E+01,  0.54187480E-03,  0.22962807E-02,  0.71598215E-03
     404.,  0.15546631E+02,  0.20827459E+02, -0.11976790E+01,  0.28330769E-03,  0.19332594E-02,  0.51689783E-03
     405.,  0.15802570E+02,  0.20364683E+02, -0.11976790E+01,  0.35031644E-04,  0.16495498E-02,  0.33800066E-03
     406.,  0.16032478E+02,  0.19828659E+02, -0.11976790E+01, -0.15223149E-03,  0.14617666E-02,  0.35132262E-03
     407.,  0.16216718E+02,  0.19224314E+02, -0.11976790E+01, -0.26186905E-03,  0.13724568E-02,  0.44094649E-03
     408.,  0.16335733E+02,  0.18566353E+02, -0.11976790E+01, -0.33036998E-03,  0.13530291E-02,  0.42231315E-03
     409.,  0.16374879E+02,  0.17879186E+02, -0.11976790E+01, -0.36645928E-03,  0.13563610E-02,  0.26045587E-03
     410.,  0.16328972E+02,  0.17193286E+02, -0.11976790E+01, -0.38930619E-03,  0.13509476E-02,  0.15897337E-03
     411.,  0.16204073E+02,  0.16538849E+02, -0.11976790E+01, -0.40481333E-03,  0.13338163E-02,  0.14007446E-03
     412.,  0.16015409E+02,  0.15939592E+02, -0.11976790E+01, -0.41414160E-03,  0.13098305E-02,  0.13759839E-03
     413.,  0.15782709E+02,  0.15409393E+02, -0.11976790E+01, -0.41940379E-03,  0.12830077E-02,  0.14070209E-03
     414.,  0.15525448E+02,  0.14952475E+02, -0.11976790E+01, -0.42332148E-03,  0.12559685E-02,  0.14289014E-03
     415.,  0.15259759E+02,  0.14565882E+02, -0.11976790E+01, -0.42772467E-03,  0.12304072E-02,  0.14468778E-03
     416.,  0.14997336E+02,  0.14242520E+02, -0.11976790E+01, -0.43343493E-03,  0.12073895E-02,  0.14575131E-03
     417.,  0.14745701E+02,  0.13973647E+02, -0.11976790E+01, -0.44031931E-03,  0.11872853E-02,  0.14649275E-03
     418.,  0.14475347E+02,  0.13720716E+02, -0.11976790E+01, -0.44952115E-03,  0.11679424E-02,  0.14726355E-03
     419.,  0.14149909E+02,  0.13456919E+02, -0.11976790E+01, -0.46329172E-03,  0.11485735E-02,  0.14793967E-03
     420.,  0.13760521E+02,  0.13189924E+02, -0.11976790E+01, -0.48336602E-03,  0.11314825E-02,  0.14845854E-03
     421.,  0.13300019E+02,  0.12931658E+02, -0.11976790E+01, -0.51170301E-03,  0.11211000E-02,  0.14886831E-03
     422.,  0.12765508E+02,  0.12698574E+02, -0.11976790E+01, -0.54980795E-03,  0.11247962E-02,  0.14917401E-03
     423.,  0.12161478E+02,  0.12510484E+02, -0.11976790E+01, -0.59740426E-03,  0.11531749E-02,  0.14936908E-03
     424.,  0.11502305E+02,  0.12387354E+02, -0.11976790E+01, -0.65049727E-03,  0.12184585E-02,  0.14949445E-03
     425.,  0.10812349E+02,  0.12344399E+02, -0.11976790E+01, -0.70012483E-03,  0.13299879E-02,  0.14967215E-03
     426.,  0.10122393E+02,  0.12387354E+02, -0.11976790E+01, -0.73411783E-03,  0.14884741E-02,  0.15006220E-03
     427.,  0.94632203E+01,  0.12510484E+02, -0.11976790E+01, -0.74218996E-03,  0.16835459E-02,  0.15072743E-03
     428.,  0.88591897E+01,  0.12698574E+02, -0.11976790E+01, -0.72056343E-03,  0.18974116E-02,  0.15155478E-03
     429.,  0.83246786E+01,  0.12931658E+02, -0.11976790E+01, -0.67239138E-03,  0.21118387E-02,  0.15236364E-03
     430.,  0.78641768E+01,  0.13189924E+02, -0.11976790E+01, -0.60475981E-03,  0.23133680E-02,  0.15304364E-03
     431.,  0.74747889E+01,  0.13456919E+02, -0.11976790E+01, -0.52540505E-03,  0.24946661E-02,  0.15361116E-03
     432.,  0.71493512E+01,  0.13720716E+02, -0.11976790E+01, -0.44079791E-03,  0.26533502E-02,  0.15420987E-03
     433.,  0.68789968E+01,  0.13973647E+02, -0.11976790E+01, -0.35583089E-03,  0.27898564E-02,  0.15496434E-03
     434.,  0.66273623E+01,  0.14242520E+02, -0.11976790E+01, -0.26230172E-03,  0.29204077E-02,  0.15517120E-03
     435.,  0.63649388E+01,  0.14565882E+02, -0.11976790E+01, -0.14670357E-03,  0.30607754E-02,  0.15505379E-03
     436.,  0.60992496E+01,  0.14952475E+02, -0.11976790E+01, -0.52729163E-05,  0.32079287E-02,  0.15406111E-03
     437.,  0.58419885E+01,  0.15409393E+02, -0.11976790E+01,  0.16533474E-03,  0.33565397E-02,  0.14964954E-03
     438.,  0.56092894E+01,  0.15939592E+02, -0.11976790E+01,  0.36756497E-03,  0.34986374E-02,  0.13394728E-03
     439.,  0.54206252E+01,  0.16538849E+02, -0.11976790E+01,  0.60265077E-03,  0.36231167E-02,  0.81054377E-04
     440.,  0.52957257E+01,  0.17193286E+02, -0.11976790E+01,  0.86420142E-03,  0.37151728E-02, -0.60090878E-04
     441.,  0.52498185E+01,  0.17879186E+02, -0.11976790E+01,  0.11067260E-02,  0.37628834E-02, -0.19615126E-03
     442.,  0.52889649E+01,  0.18566353E+02, -0.11976790E+01,  0.13295554E-02,  0.37974060E-02, -0.18584027E-03
     443.,  0.54079803E+01,  0.19224314E+02, -0.11976790E+01,  0.15053997E-02,  0.38833690E-02, -0.13446999E-03
     444.,  0.55922204E+01,  0.19828659E+02, -0.11976790E+01,  0.15400295E-02,  0.40888276E-02, -0.21596557E-03
     445.,  0.58221277E+01,  0.20364683E+02, -0.11976790E+01,  0.14966776E-02,  0.44352088E-02, -0.45607044E-03
     446.,  0.60780666E+01,  0.20827459E+02, -0.11976790E+01,  0.14043475E-02,  0.50458938E-02, -0.13045426E-02
     447.,  0.63435704E+01,  0.21219481E+02, -0.11976790E+01,  0.13257690E-02,  0.58262181E-02, -0.19907137E-02
     448.,  0.66065853E+01,  0.21547613E+02, -0.11976790E+01,  0.14600881E-02,  0.65985694E-02, -0.31556144E-02
     449.,  0.62681257E+01,  0.22405780E+02, -0.11976790E+01,  0.38316589E-01, -0.14736401E-01, -0.28613186E+00
     450.,  0.66487520E+01,  0.22617812E+02, -0.11976790E+01,  0.31577186E-01, -0.65542293E-02, -0.23821024E+00
     451.,  0.70756666E+01,  0.22839420E+02, -0.11976790E+01,  0.26311863E-01, -0.15576295E-02, -0.19087150E+00
     452.,  0.75565193E+01,  0.23064233E+02, -0.11976790E+01,  0.21190466E-01,  0.26809439E-02, -0.14009971E+00
     453.,  0.80975891E+01,  0.23282223E+02, -0.11976790E+01,  0.15730666E-01,  0.57370661E-02, -0.90782363E-01
     454.,  0.87015794E+01,  0.23479431E+02, -0.11976790E+01,  0.10321923E-01,  0.58009935E-02, -0.47594258E-01
     455.,  0.93648963E+01,  0.23638911E+02, -0.11976790E+01,  0.63143866E-02,  0.38081932E-02, -0.19056574E-01
     456.,  0.10075419E+02,  0.23743485E+02, -0.11976790E+01,  0.42584678E-02,  0.22477217E-02, -0.25084945E-02
     457.,  0.10812349E+02,  0.23779999E+02, -0.11976790E+01,  0.30933356E-02,  0.20998355E-02,  0.12381707E-01
     458.,  0.11549279E+02,  0.23743485E+02, -0.11976790E+01,  0.12553453E-03,  0.43723265E-02,  0.26498306E-01
     459.,  0.12259802E+02,  0.23638911E+02, -0.11976790E+01, -0.36499260E-02,  0.49264577E-02,  0.41552849E-01
     460.,  0.12923118E+02,  0.23479431E+02, -0.11976790E+01, -0.60591191E-02,  0.37855973E-02,  0.67378674E-01
     461.,  0.13527109E+02,  0.23282223E+02, -0.11976790E+01, -0.78949546E-02,  0.14877640E-02,  0.10364020E+00
     462.,  0.14068179E+02,  0.23064233E+02, -0.11976790E+01, -0.10336395E-01, -0.21101715E-02,  0.14164508E+00
     463.,  0.14549031E+02,  0.22839420E+02, -0.11976790E+01, -0.13227210E-01, -0.67148050E-02,  0.17510904E+00
     464.,  0.14975946E+02,  0.22617812E+02, -0.11976790E+01, -0.16204344E-01, -0.11362145E-01,  0.20263876E+00
     465.,  0.15356572E+02,  0.22405780E+02, -0.11976790E+01, -0.19397009E-01, -0.16685950E-01,  0.22599721E+00
     466.,  0.15567152E+02,  0.22022875E+02, -0.11976790E+01, -0.99094014E-02, -0.60865136E-02,  0.15077792E+00
     467.,  0.15786331E+02,  0.21593963E+02, -0.11976790E+01, -0.44073691E-02, -0.11121801E-02,  0.90707202E-01
     468.,  0.16007584E+02,  0.21111810E+02, -0.11976790E+01, -0.14584551E-02,  0.81831287E-03,  0.46267764E-01
     469.,  0.16220867E+02,  0.20570694E+02, -0.11976790E+01, -0.53034964E-03,  0.11542595E-02,  0.20904355E-01
     470.,  0.16412456E+02,  0.19968538E+02, -0.11976790E+01, -0.39912996E-03,  0.11768096E-02,  0.98252378E-02
     471.,  0.16565989E+02,  0.19309449E+02, -0.11976790E+01, -0.33644719E-03,  0.12605611E-02,  0.53404726E-02
     472.,  0.16665169E+02,  0.18605679E+02, -0.11976790E+01, -0.32470701E-03,  0.13288690E-02,  0.28674459E-02
     473.,  0.16697791E+02,  0.17877572E+02, -0.11976790E+01, -0.35945724E-03,  0.13570203E-02,  0.12734505E-02
     474.,  0.16659535E+02,  0.17150519E+02, -0.11976790E+01, -0.38291689E-03,  0.13538741E-02,  0.45305323E-03
     475.,  0.16555452E+02,  0.16449687E+02, -0.11976790E+01, -0.40312998E-03,  0.13348535E-02,  0.16912055E-03
     476.,  0.16398232E+02,  0.15794837E+02, -0.11976790E+01, -0.41784509E-03,  0.13092570E-02,  0.86320376E-04
     477.,  0.16204316E+02,  0.15197536E+02, -0.11976790E+01, -0.42904027E-03,  0.12821286E-02,  0.65166270E-04
     478.,  0.15989932E+02,  0.14661302E+02, -0.11976790E+01, -0.43983419E-03,  0.12558324E-02,  0.61743738E-04
     479.,  0.15768524E+02,  0.14183672E+02, -0.11976790E+01, -0.45226481E-03,  0.12316535E-02,  0.62343504E-04
     480.,  0.15549838E+02,  0.13758735E+02, -0.11976790E+01, -0.46700456E-03,  0.12104088E-02,  0.63463759E-04
     481.,  0.15340142E+02,  0.13379206E+02, -0.11976790E+01, -0.48455615E-03,  0.11925775E-02,  0.63563952E-04
     482.,  0.14958597E+02,  0.13168430E+02, -0.11976790E+01, -0.49359777E-03,  0.11739451E-02,  0.93599302E-04
     483.,  0.14531149E+02,  0.12948599E+02, -0.11976790E+01, -0.50724049E-03,  0.11545218E-02,  0.11551406E-03
     484.,  0.14050409E+02,  0.12726103E+02, -0.11976790E+01, -0.52755807E-03,  0.11367468E-02,  0.13058608E-03
     485.,  0.13510408E+02,  0.12510882E+02, -0.11976790E+01, -0.55699532E-03,  0.11253261E-02,  0.14022844E-03
     486.,  0.12908732E+02,  0.12316645E+02, -0.11976790E+01, -0.59774449E-03,  0.11282308E-02,  0.14585925E-03
     487.,  0.12249123E+02,  0.12159903E+02, -0.11976790E+01, -0.65035233E-03,  0.11570137E-02,  0.14884149E-03
     488.,  0.11543562E+02,  0.12057295E+02, -0.11976790E+01, -0.71159002E-03,  0.12251425E-02,  0.15057958E-03
     489.,  0.10812349E+02,  0.12021499E+02, -0.11976790E+01, -0.77291590E-03,  0.13434040E-02,  0.15262296E-03
     490.,  0.10081136E+02,  0.12057295E+02, -0.11976790E+01, -0.82201159E-03,  0.15140231E-02,  0.15664697E-03
     491.,  0.93755751E+01,  0.12159903E+02, -0.11976790E+01, -0.84788758E-03,  0.17279479E-02,  0.16413112E-03
     492.,  0.87159662E+01,  0.12316645E+02, -0.11976790E+01, -0.84577479E-03,  0.19681368E-02,  0.17578661E-03
     493.,  0.81142903E+01,  0.12510882E+02, -0.11976790E+01, -0.81786346E-03,  0.22163152E-02,  0.19124687E-03
     494.,  0.75742889E+01,  0.12726103E+02, -0.11976790E+01, -0.77048601E-03,  0.24583221E-02,  0.20919400E-03
     495.,  0.70935489E+01,  0.12948599E+02, -0.11976790E+01, -0.71084749E-03,  0.26858703E-02,  0.22735354E-03
     496.,  0.66661008E+01,  0.13168430E+02, -0.11976790E+01, -0.64512230E-03,  0.28956141E-02,  0.24210048E-03
     497.,  0.62845555E+01,  0.13379206E+02, -0.11976790E+01, -0.57759492E-03,  0.30878423E-02,  0.24767658E-03
     498.,  0.60748601E+01,  0.13758735E+02, -0.11976790E+01, -0.44508606E-03,  0.31982862E-02,  0.21189659E-03
     499.,  0.58561738E+01,  0.14183672E+02, -0.11976790E+01, -0.29364071E-03,  0.33180777E-02,  0.16830380E-03
     500.,  0.56347661E+01,  0.14661302E+02, -0.11976790E+01, -0.12016576E-03,  0.34450463E-02,  0.10415930E-03
     501.,  0.54203819E+01,  0.15197536E+02, -0.11976790E+01,  0.78312119E-04,  0.35753498E-02, -0.10344353E-04
     502.,  0.52264660E+01,  0.15794837E+02, -0.11976790E+01,  0.30500358E-03,  0.37026619E-02, -0.24577525E-03
     503.,  0.50692458E+01,  0.16449687E+02, -0.11976790E+01,  0.56341430E-03,  0.38170336E-02, -0.78844647E-03
     504.,  0.49651629E+01,  0.17150519E+02, -0.11976790E+01,  0.85539286E-03,  0.39015801E-02, -0.18857427E-02
     505.,  0.49269069E+01,  0.17877572E+02, -0.11976790E+01,  0.11413887E-02,  0.39475320E-02, -0.38453838E-02
     506.,  0.49595289E+01,  0.18605679E+02, -0.11976790E+01,  0.15166064E-02,  0.39527551E-02, -0.73362946E-02
     507.,  0.50587084E+01,  0.19309449E+02, -0.11976790E+01,  0.21145532E-02,  0.39433615E-02, -0.14006430E-01
     508.,  0.52122418E+01,  0.19968538E+02, -0.11976790E+01,  0.31812990E-02,  0.40827416E-02, -0.28425143E-01
     509.,  0.54038312E+01,  0.20570694E+02, -0.11976790E+01,  0.55503166E-02,  0.42106414E-02, -0.57231190E-01
     510.,  0.56171136E+01,  0.21111810E+02, -0.11976790E+01,  0.97483962E-02,  0.34714402E-02, -0.10106711E+00
     511.,  0.58383669E+01,  0.21593963E+02, -0.11976790E+01,  0.15695469E-01,  0.10591956E-02, -0.15525385E+00
     512.,  0.60575459E+01,  0.22022875E+02, -0.11976790E+01,  0.24061178E-01, -0.41214946E-02, -0.21607115E+00
     513.,  0.56769704E+01,  0.22991024E+02, -0.11976790E+01,  0.13636457E+00, -0.11719067E+00, -0.75055323E+00
     514.,  0.61689714E+01,  0.23160649E+02, -0.11976790E+01,  0.11865262E+00, -0.98623738E-01, -0.64850120E+00
     515.,  0.66980031E+01,  0.23337936E+02, -0.11976790E+01,  0.98374207E-01, -0.77126495E-01, -0.53606593E+00
     516.,  0.72701852E+01,  0.23517786E+02, -0.11976790E+01,  0.75430111E-01, -0.51455587E-01, -0.41505213E+00
     517.,  0.78905411E+01,  0.23692179E+02, -0.11976790E+01,  0.50875050E-01, -0.24445891E-01, -0.28963786E+00
     518.,  0.85612333E+01,  0.23849944E+02, -0.11976790E+01,  0.30123931E-01, -0.51693284E-02, -0.17207549E+00
     519.,  0.92793868E+01,  0.23977529E+02, -0.11976790E+01,  0.15382032E-01,  0.18293520E-02, -0.78566523E-01
     520.,  0.10035305E+02,  0.24061188E+02, -0.11976790E+01,  0.72272242E-02,  0.18911972E-02, -0.15485002E-01
     521.,  0.10812349E+02,  0.24090399E+02, -0.11976790E+01,  0.30531326E-02,  0.17563049E-02,  0.36780282E-01
     522.,  0.11589393E+02,  0.24061188E+02, -0.11976790E+01, -0.36890069E-02,  0.23342814E-02,  0.85160020E-01
     523.,  0.12345311E+02,  0.23977529E+02, -0.11976790E+01, -0.13182562E-01, -0.39843726E-02,  0.13648132E+00
     524.,  0.13063465E+02,  0.23849944E+02, -0.11976790E+01, -0.23303440E-01, -0.17942286E-01,  0.21235524E+00
     525.,  0.13734157E+02,  0.23692179E+02, -0.11976790E+01, -0.36086149E-01, -0.36979047E-01,  0.30910976E+00
     526.,  0.14354513E+02,  0.23517786E+02, -0.11976790E+01, -0.50320176E-01, -0.58154666E-01,  0.40588919E+00
     527.,  0.14926695E+02,  0.23337936E+02, -0.11976790E+01, -0.64270937E-01, -0.78513309E-01,  0.49604777E+00
     528.,  0.15455726E+02,  0.23160649E+02, -0.11976790E+01, -0.76626225E-01, -0.96046327E-01,  0.57607731E+00
     529.,  0.15947728E+02,  0.22991024E+02, -0.11976790E+01, -0.87181068E-01, -0.11045675E+00,  0.64723635E+00
     530.,  0.16116191E+02,  0.22498138E+02, -0.11976790E+01, -0.57233380E-01, -0.68307944E-01,  0.47729863E+00
     531.,  0.16291535E+02,  0.21968445E+02, -0.11976790E+01, -0.30374867E-01, -0.32364262E-01,  0.31244556E+00
     532.,  0.16468537E+02,  0.21396160E+02, -0.11976790E+01, -0.12195342E-01, -0.10303710E-01,  0.17495044E+00
     533.,  0.16639163E+02,  0.20776705E+02, -0.11976790E+01, -0.37423673E-02, -0.16064729E-02,  0.82819460E-01
     534.,  0.16792435E+02,  0.20108418E+02, -0.11976790E+01, -0.12205542E-02,  0.54481076E-03,  0.36515553E-01
     535.,  0.16915261E+02,  0.19394584E+02, -0.11976790E+01, -0.51191305E-03,  0.11432332E-02,  0.16722968E-01
     536.,  0.16994605E+02,  0.18645006E+02, -0.11976790E+01, -0.33112570E-03,  0.13330604E-02,  0.76185931E-02
     537.,  0.17020703E+02,  0.17875957E+02, -0.11976790E+01, -0.35497662E-03,  0.13702392E-02,  0.31141890E-02
     538.,  0.16990098E+02,  0.17107753E+02, -0.11976790E+01, -0.37809081E-03,  0.13615251E-02,  0.10714037E-02
     539.,  0.16906831E+02,  0.16360524E+02, -0.11976790E+01, -0.40338227E-03,  0.13357562E-02,  0.30246459E-03
     540.,  0.16781055E+02,  0.15650082E+02, -0.11976790E+01, -0.42327243E-03,  0.13066943E-02,  0.48590836E-04
     541.,  0.16625923E+02,  0.14985678E+02, -0.11976790E+01, -0.43992539E-03,  0.12783556E-02, -0.35246219E-04
     542.,  0.16454415E+02,  0.14370129E+02, -0.11976790E+01, -0.45691674E-03,  0.12522131E-02, -0.63103137E-04
     543.,  0.16277289E+02,  0.13801463E+02, -0.11976790E+01, -0.47573475E-03,  0.12295998E-02, -0.72810963E-04
     544.,  0.16102340E+02,  0.13274951E+02, -0.11976790E+01, -0.49710009E-03,  0.12108446E-02, -0.77488027E-04
     545.,  0.15934584E+02,  0.12784764E+02, -0.11976790E+01, -0.52019999E-03,  0.11962203E-02, -0.80600359E-04
     546.,  0.15441847E+02,  0.12616144E+02, -0.11976790E+01, -0.52890408E-03,  0.11801563E-02, -0.70686770E-05
     547.,  0.14912389E+02,  0.12440279E+02, -0.11976790E+01, -0.54254797E-03,  0.11615701E-02,  0.51944091E-04
     548.,  0.14340297E+02,  0.12262282E+02, -0.11976790E+01, -0.56354492E-03,  0.11433089E-02,  0.94630117E-04
     549.,  0.13720796E+02,  0.12090105E+02, -0.11976790E+01, -0.59483122E-03,  0.11305965E-02,  0.12257796E-03
     550.,  0.13051955E+02,  0.11934716E+02, -0.11976790E+01, -0.63932058E-03,  0.11322173E-02,  0.13895168E-03
     551.,  0.12336768E+02,  0.11809323E+02, -0.11976790E+01, -0.69840065E-03,  0.11608702E-02,  0.14759485E-03
     552.,  0.11584819E+02,  0.11727236E+02, -0.11976790E+01, -0.76955482E-03,  0.12314084E-02,  0.15260766E-03
     553.,  0.10812349E+02,  0.11698599E+02, -0.11976790E+01, -0.84453649E-03,  0.13561294E-02,  0.15827371E-03
     554.,  0.10039879E+02,  0.11727236E+02, -0.11976790E+01, -0.91070856E-03,  0.15387778E-02,  0.16910312E-03
     555.,  0.92879298E+01,  0.11809323E+02, -0.11976790E+01, -0.95616322E-03,  0.17715790E-02,  0.18933307E-03
     556.,  0.85727428E+01,  0.11934716E+02, -0.11976790E+01, -0.97489548E-03,  0.20381251E-02,  0.22138640E-03
     557.,  0.79039020E+01,  0.12090105E+02, -0.11976790E+01, -0.96793781E-03,  0.23198583E-02,  0.26421882E-03
     558.,  0.72844009E+01,  0.12262282E+02, -0.11976790E+01, -0.94076528E-03,  0.26015473E-02,  0.31252546E-03
     559.,  0.67123089E+01,  0.12440279E+02, -0.11976790E+01, -0.89999660E-03,  0.28734276E-02,  0.35617804E-03
     560.,  0.61828505E+01,  0.12616144E+02, -0.11976790E+01, -0.85131590E-03,  0.31307711E-02,  0.37858859E-03
     561.,  0.56901142E+01,  0.12784764E+02, -0.11976790E+01, -0.79883093E-03,  0.33717809E-02,  0.35392913E-03
     562.,  0.55223579E+01,  0.13274951E+02, -0.11976790E+01, -0.62369327E-03,  0.34621903E-02,  0.24655027E-03
     563.,  0.53474089E+01,  0.13801463E+02, -0.11976790E+01, -0.43481126E-03,  0.35622821E-02,  0.11169057E-03
     564.,  0.51702827E+01,  0.14370129E+02, -0.11976790E+01, -0.22937811E-03,  0.36709949E-02, -0.82999794E-04
     565.,  0.49987753E+01,  0.14985678E+02, -0.11976790E+01, -0.39040464E-05,  0.37858257E-02, -0.41146349E-03
     566.,  0.48436426E+01,  0.15650082E+02, -0.11976790E+01,  0.24577198E-03,  0.39028636E-02, -0.10527457E-02
     567.,  0.47178665E+01,  0.16360524E+02, -0.11976790E+01,  0.52766506E-03,  0.40145107E-02, -0.24164114E-02
     568.,  0.46346001E+01,  0.17107753E+02, -0.11976790E+01,  0.85287747E-03,  0.41071585E-02, -0.52321388E-02
     569.,  0.46039953E+01,  0.17875957E+02, -0.11976790E+01,  0.12015672E-02,  0.41707518E-02, -0.11187341E-01
     570.,  0.46300929E+01,  0.18645006E+02, -0.11976790E+01,  0.19454627E-02,  0.41011261E-02, -0.23635605E-01
     571.,  0.47094365E+01,  0.19394584E+02, -0.11976790E+01,  0.39504105E-02,  0.35363056E-02, -0.48965780E-01
     572.,  0.48322632E+01,  0.20108418E+02, -0.11976790E+01,  0.92582716E-02,  0.11462638E-02, -0.10075757E+00
     573.,  0.49855348E+01,  0.20776705E+02, -0.11976790E+01,  0.21764306E-01, -0.69042980E-02, -0.19124937E+00
     574.,  0.51561607E+01,  0.21396160E+02, -0.11976790E+01,  0.42999814E-01, -0.24206647E-01, -0.31458351E+00
     575.,  0.53331633E+01,  0.21968445E+02, -0.11976790E+01,  0.70613161E-01, -0.49775161E-01, -0.45528303E+00
     576.,  0.55085065E+01,  0.22498138E+02, -0.11976790E+01,  0.10286779E+00, -0.81807913E-01, -0.60351458E+00
     577.,  0.50858150E+01,  0.23576268E+02, -0.11976790E+01,  0.22718187E+00, -0.21264510E+00, -0.12000844E+01
     578.,  0.56891908E+01,  0.23703487E+02, -0.11976790E+01,  0.20072626E+00, -0.18561091E+00, -0.10469554E+01
     579.,  0.63203396E+01,  0.23836451E+02, -0.11976790E+01,  0.17206120E+00, -0.15522759E+00, -0.88560495E+00
     580.,  0.69838512E+01,  0.23971339E+02, -0.11976790E+01,  0.13822192E+00, -0.11743837E+00, -0.71153916E+00
     581.,  0.76834930E+01,  0.24102134E+02, -0.11976790E+01,  0.99951510E-01, -0.72629550E-01, -0.52826404E+00
     582.,  0.84208872E+01,  0.24220458E+02, -0.11976790E+01,  0.62550849E-01, -0.32176815E-01, -0.34294297E+00
     583.,  0.91938774E+01,  0.24316146E+02, -0.11976790E+01,  0.33538357E-01, -0.66972011E-02, -0.17928776E+00
     584.,  0.99951909E+01,  0.24378891E+02, -0.11976790E+01,  0.13704272E-01,  0.15969917E-02, -0.45754547E-01
     585.,  0.10812349E+02,  0.24400799E+02, -0.11976790E+01,  0.20670520E-02,  0.13858029E-02,  0.67659438E-01
     586.,  0.11629507E+02,  0.24378891E+02, -0.11976790E+01, -0.11631773E-01, -0.19216397E-02,  0.16547987E+00
     587.,  0.12430821E+02,  0.24316146E+02, -0.11976790E+01, -0.29546788E-01, -0.21810906E-01,  0.26204095E+00
     588.,  0.13203811E+02,  0.24220458E+02, -0.11976790E+01, -0.48897830E-01, -0.52500245E-01,  0.39014897E+00
     589.,  0.13941205E+02,  0.24102134E+02, -0.11976790E+01, -0.70479933E-01, -0.86072589E-01,  0.53594557E+00
     590.,  0.14640847E+02,  0.23971339E+02, -0.11976790E+01, -0.94872210E-01, -0.12220290E+00,  0.68509130E+00
     591.,  0.15304358E+02,  0.23836451E+02, -0.11976790E+01, -0.11981839E+00, -0.15758941E+00,  0.83058578E+00
     592.,  0.15935507E+02,  0.23703487E+02, -0.11976790E+01, -0.14401147E+00, -0.19130244E+00,  0.97010475E+00
     593.,  0.16538883E+02,  0.23576268E+02, -0.11976790E+01, -0.16520202E+00, -0.22102870E+00,  0.10985366E+01
     594.,  0.16665231E+02,  0.22973400E+02, -0.11976790E+01, -0.11913211E+00, -0.15494950E+00,  0.85065297E+00
     595.,  0.16796738E+02,  0.22342928E+02, -0.11976790E+01, -0.73798428E-01, -0.90737504E-01,  0.60035045E+00
     596.,  0.16929490E+02,  0.21680510E+02, -0.11976790E+01, -0.35272032E-01, -0.38565603E-01,  0.36671384E+00
     597.,  0.17057460E+02,  0.20982716E+02, -0.11976790E+01, -0.12129080E-01, -0.10249962E-01,  0.18692193E+00
     598.,  0.17172413E+02,  0.20248298E+02, -0.11976790E+01, -0.32216626E-02, -0.10022166E-02,  0.81672606E-01
     599.,  0.17264533E+02,  0.19479719E+02, -0.11976790E+01, -0.81762961E-03,  0.10333468E-02,  0.33810985E-01
     600.,  0.17324041E+02,  0.18684332E+02, -0.11976790E+01, -0.35840952E-03,  0.13853326E-02,  0.13924265E-01
     601.,  0.17343614E+02,  0.17874343E+02, -0.11976790E+01, -0.35624878E-03,  0.13956421E-02,  0.55125890E-02
     602.,  0.17320661E+02,  0.17064986E+02, -0.11976790E+01, -0.37730248E-03,  0.13701767E-02,  0.19299484E-02
     603.,  0.17258211E+02,  0.16271362E+02, -0.11976790E+01, -0.40620779E-03,  0.13348132E-02,  0.54785141E-03
     604.,  0.17163879E+02,  0.15505327E+02, -0.11976790E+01, -0.43034999E-03,  0.13017236E-02,  0.55724492E-04
     605.,  0.17047529E+02,  0.14773821E+02, -0.11976790E+01, -0.45194907E-03,  0.12709269E-02, -0.12119486E-03
     606.,  0.16918899E+02,  0.14078956E+02, -0.11976790E+01, -0.47342074E-03,  0.12453673E-02, -0.18674087E-03
     607.,  0.16786054E+02,  0.13419253E+02, -0.11976790E+01, -0.49710284E-03,  0.12245695E-02, -0.21379973E-03
     608.,  0.16654842E+02,  0.12791166E+02, -0.11976790E+01, -0.52170489E-03,  0.12090009E-02, -0.22790502E-03
     609.,  0.16529025E+02,  0.12190323E+02, -0.11976790E+01, -0.54490938E-03,  0.11986049E-02, -0.23597947E-03
     610.,  0.15925098E+02,  0.12063857E+02, -0.11976790E+01, -0.55312741E-03,  0.11867645E-02, -0.12519116E-03
     611.,  0.15293629E+02,  0.11931959E+02, -0.11976790E+01, -0.56690375E-03,  0.11700765E-02, -0.28541722E-04
     612.,  0.14630185E+02,  0.11798461E+02, -0.11976790E+01, -0.58904325E-03,  0.11516147E-02,  0.46527896E-04
     613.,  0.13931184E+02,  0.11669329E+02, -0.11976790E+01, -0.62307938E-03,  0.11373541E-02,  0.97983703E-04
     614.,  0.13195179E+02,  0.11552787E+02, -0.11976790E+01, -0.67272302E-03,  0.11371636E-02,  0.12896455E-03
     615.,  0.12424413E+02,  0.11458742E+02, -0.11976790E+01, -0.74021302E-03,  0.11651188E-02,  0.14558473E-03
     616.,  0.11626077E+02,  0.11397177E+02, -0.11976790E+01, -0.82365723E-03,  0.12376131E-02,  0.15529507E-03
     617.,  0.10812349E+02,  0.11375699E+02, -0.11976790E+01, -0.91494842E-03,  0.13685315E-02,  0.16604197E-03
     618.,  0.99986211E+01,  0.11397177E+02, -0.11976790E+01, -0.10009443E-02,  0.15631563E-02,  0.18616045E-03
     619.,  0.92002846E+01,  0.11458742E+02, -0.11976790E+01, -0.10685843E-02,  0.18149601E-02,  0.22354085E-03
     620.,  0.84295193E+01,  0.11552787E+02, -0.11976790E+01, -0.11103401E-02,  0.21080661E-02,  0.28251050E-03
     621.,  0.76935138E+01,  0.11669329E+02, -0.11976790E+01, -0.11258394E-02,  0.24234128E-02,  0.35966045E-03
     622.,  0.69945129E+01,  0.11798461E+02, -0.11976790E+01, -0.11195953E-02,  0.27442803E-02,  0.44131217E-03
     623.,  0.63310689E+01,  0.11931959E+02, -0.11976790E+01, -0.10976695E-02,  0.30588788E-02,  0.50297526E-03
     624.,  0.56996001E+01,  0.12063857E+02, -0.11976790E+01, -0.10653962E-02,  0.33600715E-02,  0.51044394E-03
     625.,  0.50956728E+01,  0.12190323E+02, -0.11976790E+01, -0.10268465E-02,  0.36439380E-02,  0.42905133E-03
     626.,  0.49698556E+01,  0.12791166E+02, -0.11976790E+01, -0.80260213E-03,  0.37129324E-02,  0.22925430E-03
     627.,  0.48386439E+01,  0.13419253E+02, -0.11976790E+01, -0.57272171E-03,  0.37926210E-02, -0.23173824E-04
     628.,  0.47057993E+01,  0.14078956E+02, -0.11976790E+01, -0.33312469E-03,  0.38833562E-02, -0.38772174E-03
     629.,  0.45771687E+01,  0.14773821E+02, -0.11976790E+01, -0.80535646E-04,  0.39850453E-02, -0.99529167E-03
     630.,  0.44608192E+01,  0.15505327E+02, -0.11976790E+01,  0.19202747E-03,  0.40949486E-02, -0.21428506E-02
     631.,  0.43664871E+01,  0.16271362E+02, -0.11976790E+01,  0.49844822E-03,  0.42109426E-02, -0.45088451E-02
     632.,  0.43040373E+01,  0.17064986E+02, -0.11976790E+01,  0.86395679E-03,  0.43224369E-02, -0.94617136E-02
     633.,  0.42810837E+01,  0.17874343E+02, -0.11976790E+01,  0.13093730E-02,  0.44451138E-02, -0.20554097E-01
     634.,  0.43006569E+01,  0.18684332E+02, -0.11976790E+01,  0.26151586E-02,  0.42764222E-02, -0.45628251E-01
     635.,  0.43601646E+01,  0.19479719E+02, -0.11976790E+01,  0.72175428E-02,  0.22846905E-02, -0.99130867E-01
     636.,  0.44522847E+01,  0.20248298E+02, -0.11976790E+01,  0.20148230E-01, -0.60422169E-02, -0.20163199E+00
     637.,  0.45672383E+01,  0.20982716E+02, -0.11976790E+01,  0.47085377E-01, -0.28125161E-01, -0.36150539E+00
     638.,  0.46952078E+01,  0.21680510E+02, -0.11976790E+01,  0.86923799E-01, -0.65783611E-01, -0.56131839E+00
     639.,  0.48279597E+01,  0.22342928E+02, -0.11976790E+01,  0.13358296E+00, -0.11327610E+00, -0.77723175E+00
     640.,  0.49594671E+01,  0.22973400E+02, -0.11976790E+01,  0.18134629E+00, -0.16385470E+00, -0.99289090E+00
     641.,  0.44946597E+01,  0.24161511E+02, -0.11976790E+01,  0.31638965E+00, -0.30596291E+00, -0.16454733E+01
     642.,  0.52094102E+01,  0.24246324E+02, -0.11976790E+01,  0.27775901E+00, -0.26634295E+00, -0.14336107E+01
     643.,  0.59426760E+01,  0.24334967E+02, -0.11976790E+01,  0.24129052E+00, -0.22933251E+00, -0.12257106E+01
     644.,  0.66975171E+01,  0.24424893E+02, -0.11976790E+01,  0.20209484E+00, -0.18659950E+00, -0.10127285E+01
     645.,  0.74764450E+01,  0.24512089E+02, -0.11976790E+01,  0.15321406E+00, -0.12881815E+00, -0.77965956E+00
     646.,  0.82805411E+01,  0.24590972E+02, -0.11976790E+01,  0.10310838E+00, -0.69367089E-01, -0.53618384E+00
     647.,  0.91083679E+01,  0.24654764E+02, -0.11976790E+01,  0.57941281E-01, -0.22130179E-01, -0.30278382E+00
     648.,  0.99550769E+01,  0.24696593E+02, -0.11976790E+01,  0.24476269E-01,  0.79631100E-03, -0.94189191E-01
     649.,  0.10812349E+02,  0.24711199E+02, -0.11976790E+01, -0.83012269E-03,  0.14223338E-02,  0.99708833E-01
     650.,  0.11669621E+02,  0.24696593E+02, -0.11976790E+01, -0.24558627E-01, -0.80634528E-02,  0.26187346E+00
     651.,  0.12516330E+02,  0.24654764E+02, -0.11976790E+01, -0.53018780E-01, -0.49000473E-01,  0.41329058E+00
     652.,  0.13344157E+02,  0.24590972E+02, -0.11976790E+01, -0.78676856E-01, -0.95658177E-01,  0.58391034E+00
     653.,  0.14148253E+02,  0.24512089E+02, -0.11976790E+01, -0.10710000E+00, -0.14028700E+00,  0.77303144E+00
     654.,  0.14927181E+02,  0.24424893E+02, -0.11976790E+01, -0.14318705E+00, -0.19136468E+00,  0.97427403E+00
     655.,  0.15682022E+02,  0.24334967E+02, -0.11976790E+01, -0.18362855E+00, -0.24805419E+00,  0.11866177E+01
     656.,  0.16415288E+02,  0.24246324E+02, -0.11976790E+01, -0.21952378E+00, -0.29914876E+00,  0.13852411E+01
     657.,  0.17130038E+02,  0.24161511E+02, -0.11976790E+01, -0.24964894E+00, -0.34153434E+00,  0.15669173E+01
     658.,  0.17214270E+02,  0.23448662E+02, -0.11976790E+01, -0.18684677E+00, -0.25096966E+00,  0.12404911E+01
     659.,  0.17301942E+02,  0.22717410E+02, -0.11976790E+01, -0.12518370E+00, -0.16239541E+00,  0.91330908E+00
     660.,  0.17390443E+02,  0.21964861E+02, -0.11976790E+01, -0.68024351E-01, -0.81905671E-01,  0.59535485E+00
     661.,  0.17475756E+02,  0.21188727E+02, -0.11976790E+01, -0.26236616E-01, -0.26663127E-01,  0.32392885E+00
     662.,  0.17552392E+02,  0.20388177E+02, -0.11976790E+01, -0.67263422E-02, -0.40730320E-02,  0.14405117E+00
     663.,  0.17613805E+02,  0.19564854E+02, -0.11976790E+01, -0.12888793E-02,  0.99845217E-03,  0.55647028E-01
     664.,  0.17653477E+02,  0.18723659E+02, -0.11976790E+01, -0.41241770E-03,  0.14765503E-02,  0.21045476E-01
     665.,  0.17666526E+02,  0.17872728E+02, -0.11976790E+01, -0.36902306E-03,  0.14259327E-02,  0.81337342E-02
     666.,  0.17651223E+02,  0.17022220E+02, -0.11976790E+01, -0.38084458E-03,  0.13740060E-02,  0.29116975E-02
     667.,  0.17609590E+02,  0.16182199E+02, -0.11976790E+01, -0.41111872E-03,  0.13323985E-02,  0.85743319E-03
     668.,  0.17546702E+02,  0.15360572E+02, -0.11976790E+01, -0.43975673E-03,  0.12917182E-02,  0.93452363E-04
     669.,  0.17469136E+02,  0.14561964E+02, -0.11976790E+01, -0.46361834E-03,  0.12603813E-02, -0.19129107E-03
     670.,  0.17383382E+02,  0.13787783E+02, -0.11976790E+01, -0.48912896E-03,  0.12350159E-02, -0.30018922E-03
     671.,  0.17294819E+02,  0.13037043E+02, -0.11976790E+01, -0.51570011E-03,  0.12163813E-02, -0.34895384E-03
     672.,  0.17207344E+02,  0.12307381E+02, -0.11976790E+01, -0.54063912E-03,  0.12042920E-02, -0.37330732E-03
     673.,  0.17123466E+02,  0.11595882E+02, -0.11976790E+01, -0.55986487E-03,  0.11981880E-02, -0.38960835E-03
     674.,  0.16408348E+02,  0.11511571E+02, -0.11976790E+01, -0.56639562E-03,  0.11928656E-02, -0.24668705E-03
     675.,  0.15674869E+02,  0.11423639E+02, -0.11976790E+01, -0.57949585E-03,  0.11795070E-02, -0.11608933E-03
     676.,  0.14920073E+02,  0.11334641E+02, -0.11976790E+01, -0.60248143E-03,  0.11615541E-02, -0.86655604E-05
     677.,  0.14141572E+02,  0.11248552E+02, -0.11976790E+01, -0.63973533E-03,  0.11457713E-02,  0.68642595E-04
     678.,  0.13338402E+02,  0.11170857E+02, -0.11976790E+01, -0.69594405E-03,  0.11434104E-02,  0.11665222E-03
     679.,  0.12512059E+02,  0.11108161E+02, -0.11976790E+01, -0.77417221E-03,  0.11701865E-02,  0.14288522E-03
     680.,  0.11667334E+02,  0.11067117E+02, -0.11976790E+01, -0.87295095E-03,  0.12442296E-02,  0.15832011E-03
     681.,  0.10812349E+02,  0.11052799E+02, -0.11976790E+01, -0.98405146E-03,  0.13811223E-02,  0.17519463E-03
     682.,  0.99573637E+01,  0.11067117E+02, -0.11976790E+01, -0.10935666E-02,  0.15877217E-02,  0.20641085E-03
     683.,  0.91126394E+01,  0.11108161E+02, -0.11976790E+01, -0.11869671E-02,  0.18587179E-02,  0.26418368E-03
     684.,  0.82862959E+01,  0.11170857E+02, -0.11976790E+01, -0.12547717E-02,  0.21786465E-02,  0.35469481E-03
     685.,  0.74831255E+01,  0.11248552E+02, -0.11976790E+01, -0.12947522E-02,  0.25276803E-02,  0.47022949E-03
     686.,  0.67046249E+01,  0.11334641E+02, -0.11976790E+01, -0.13102480E-02,  0.28871936E-02,  0.58445476E-03
     687.,  0.59498289E+01,  0.11423639E+02, -0.11976790E+01, -0.13069175E-02,  0.32426143E-02,  0.65482651E-03
     688.,  0.52163497E+01,  0.11511571E+02, -0.11976790E+01, -0.12902805E-02,  0.35840753E-02,  0.63677295E-03
     689.,  0.45012315E+01,  0.11595882E+02, -0.11976790E+01, -0.12648159E-02,  0.39056492E-02,  0.50772432E-03
     690.,  0.44173534E+01,  0.12307381E+02, -0.11976790E+01, -0.98535890E-03,  0.39515951E-02,  0.20593170E-03
     691.,  0.43298789E+01,  0.13037043E+02, -0.11976790E+01, -0.71028925E-03,  0.40093078E-02, -0.17226463E-03
     692.,  0.42413158E+01,  0.13787783E+02, -0.11976790E+01, -0.43381516E-03,  0.40805696E-02, -0.72191889E-03
     693.,  0.41555621E+01,  0.14561964E+02, -0.11976790E+01, -0.15104438E-03,  0.41680363E-02, -0.16340081E-02
     694.,  0.40779958E+01,  0.15360572E+02, -0.11976790E+01,  0.14395591E-03,  0.42747389E-02, -0.33296073E-02
     695.,  0.40151077E+01,  0.16182199E+02, -0.11976790E+01,  0.47600675E-03,  0.43964522E-02, -0.67475673E-02
     696.,  0.39734745E+01,  0.17022220E+02, -0.11976790E+01,  0.89136801E-03,  0.45400826E-02, -0.13936932E-01
     697.,  0.39581721E+01,  0.17872728E+02, -0.11976790E+01,  0.14673562E-02,  0.47589760E-02, -0.30712301E-01
     698.,  0.39712209E+01,  0.18723659E+02, -0.11976790E+01,  0.34994957E-02,  0.44771776E-02, -0.71168118E-01
     699.,  0.40108927E+01,  0.19564854E+02, -0.11976790E+01,  0.11677405E-01,  0.28156592E-03, -0.15952840E+00
     700.,  0.40723061E+01,  0.20388177E+02, -0.11976790E+01,  0.34657889E-01, -0.16958958E-01, -0.31970925E+00
     701.,  0.41489419E+01,  0.21188727E+02, -0.11976790E+01,  0.77896224E-01, -0.56205280E-01, -0.55023406E+00
     702.,  0.42342548E+01,  0.21964861E+02, -0.11976790E+01,  0.13560934E+00, -0.11433721E+00, -0.82169231E+00
     703.,  0.43227561E+01,  0.22717410E+02, -0.11976790E+01,  0.19775177E+00, -0.17987612E+00, -0.11033606E+01
     704.,  0.44104277E+01,  0.23448662E+02, -0.11976790E+01,  0.25868805E+00, -0.24468688E+00, -0.13794505E+01
     705.,  0.39035043E+01,  0.24746755E+02, -0.11976790E+01,  0.39658240E+00, -0.38776630E+00, -0.20682234E+01
     706.,  0.47296296E+01,  0.24789162E+02, -0.11976790E+01,  0.34929803E+00, -0.33993167E+00, -0.18055966E+01
     707.,  0.55650125E+01,  0.24833483E+02, -0.11976790E+01,  0.29922992E+00, -0.28822289E+00, -0.15345924E+01
     708.,  0.64111830E+01,  0.24878446E+02, -0.11976790E+01,  0.25552917E+00, -0.24296971E+00, -0.12884797E+01
     709.,  0.72693970E+01,  0.24922044E+02, -0.11976790E+01,  0.20865296E+00, -0.18899984E+00, -0.10383659E+01
     710.,  0.81401950E+01,  0.24961485E+02, -0.11976790E+01,  0.14327069E+00, -0.10950239E+00, -0.73335524E+00
     711.,  0.90228584E+01,  0.24993381E+02, -0.11976790E+01,  0.82970635E-01, -0.38485958E-01, -0.42841029E+00
     712.,  0.99149629E+01,  0.25014296E+02, -0.11976790E+01,  0.35645939E-01, -0.39337680E-03, -0.14781685E+00
     713.,  0.10812349E+02,  0.25021599E+02, -0.11976790E+01, -0.43336950E-02,  0.14631891E-02,  0.12381477E+00
     714.,  0.11709735E+02,  0.25014296E+02, -0.11976790E+01, -0.43772401E-01, -0.13808738E-01,  0.37203442E+00
     715.,  0.12601839E+02,  0.24993381E+02, -0.11976790E+01, -0.83532868E-01, -0.85488390E-01,  0.58231169E+00
     716.,  0.13484503E+02,  0.24961485E+02, -0.11976790E+01, -0.11220974E+00, -0.14776749E+00,  0.79332867E+00
     717.,  0.14355301E+02,  0.24922044E+02, -0.11976790E+01, -0.14603958E+00, -0.19642661E+00,  0.10155432E+01
     718.,  0.15213515E+02,  0.24878446E+02, -0.11976790E+01, -0.20138855E+00, -0.27325152E+00,  0.12874122E+01
     719.,  0.16059685E+02,  0.24833483E+02, -0.11976790E+01, -0.25450498E+00, -0.34960816E+00,  0.15599424E+01
     720.,  0.16895068E+02,  0.24789162E+02, -0.11976790E+01, -0.29678844E+00, -0.40968327E+00,  0.18049019E+01
     721.,  0.17721194E+02,  0.24746755E+02, -0.11976790E+01, -0.33623131E+00, -0.46628037E+00,  0.20414751E+01
     722.,  0.17763310E+02,  0.23923924E+02, -0.11976790E+01, -0.25905177E+00, -0.35424823E+00,  0.16423606E+01
     723.,  0.17807145E+02,  0.23091892E+02, -0.11976790E+01, -0.18105797E+00, -0.24128092E+00,  0.12392517E+01
     724.,  0.17851396E+02,  0.22249211E+02, -0.11976790E+01, -0.10652728E+00, -0.13424191E+00,  0.84282876E+00
     725.,  0.17894052E+02,  0.21394738E+02, -0.11976790E+01, -0.45228209E-01, -0.49733613E-01,  0.48294466E+00
     726.,  0.17932370E+02,  0.20528057E+02, -0.11976790E+01, -0.11582340E-01, -0.81482963E-02,  0.21855608E+00
     727.,  0.17963077E+02,  0.19649989E+02, -0.11976790E+01, -0.19522863E-02,  0.10894275E-02,  0.80109697E-01
     728.,  0.17982913E+02,  0.18762985E+02, -0.11976790E+01, -0.50237640E-03,  0.15973335E-02,  0.28148359E-01
     729.,  0.17989437E+02,  0.17871114E+02, -0.11976790E+01, -0.39474564E-03,  0.14382336E-02,  0.10705777E-01
     730.,  0.17981786E+02,  0.16979453E+02, -0.11976790E+01, -0.38507277E-03,  0.13796907E-02,  0.38843170E-02
     731.,  0.17960970E+02,  0.16093037E+02, -0.11976790E+01, -0.42056035E-03,  0.13203928E-02,  0.11652677E-02
     732.,  0.17929526E+02,  0.15215817E+02, -0.11976790E+01, -0.44868322E-03,  0.12793369E-02,  0.12430406E-03
     733.,  0.17890742E+02,  0.14350106E+02, -0.11976790E+01, -0.47526462E-03,  0.12458305E-02, -0.25959443E-03
     734.,  0.17847866E+02,  0.13496610E+02, -0.11976790E+01, -0.50349509E-03,  0.12209650E-02, -0.41302240E-03
     735.,  0.17803584E+02,  0.12654834E+02, -0.11976790E+01, -0.53162839E-03,  0.12046975E-02, -0.47873646E-03
     736.,  0.17759847E+02,  0.11823596E+02, -0.11976790E+01, -0.55452357E-03,  0.11963517E-02, -0.51524858E-03
     737.,  0.17717908E+02,  0.11001440E+02, -0.11976790E+01, -0.56819287E-03,  0.11940782E-02, -0.54090955E-03
     738.,  0.16891599E+02,  0.10959285E+02, -0.11976790E+01, -0.57129708E-03,  0.11965997E-02, -0.36851440E-03
     739.,  0.16056109E+02,  0.10915319E+02, -0.11976790E+01, -0.58137692E-03,  0.11885342E-02, -0.20649033E-03
     740.,  0.15209961E+02,  0.10870820E+02, -0.11976790E+01, -0.60323734E-03,  0.11723288E-02, -0.67712010E-04
     741.,  0.14351961E+02,  0.10827776E+02, -0.11976790E+01, -0.64298064E-03,  0.11556187E-02,  0.36297870E-04
     742.,  0.13481625E+02,  0.10788928E+02, -0.11976790E+01, -0.70673090E-03,  0.11511420E-02,  0.10278547E-03
     743.,  0.12599704E+02,  0.10757580E+02, -0.11976790E+01, -0.79828268E-03,  0.11765194E-02,  0.13963648E-03
     744.,  0.11708592E+02,  0.10737058E+02, -0.11976790E+01, -0.91619919E-03,  0.12518532E-02,  0.16136699E-03
     745.,  0.10812349E+02,  0.10729899E+02, -0.11976790E+01, -0.10516676E-02,  0.13945826E-02,  0.18494617E-03
     746.,  0.99161063E+01,  0.10737058E+02, -0.11976790E+01, -0.11895963E-02,  0.16132026E-02,  0.22845669E-03
     747.,  0.90249942E+01,  0.10757580E+02, -0.11976790E+01, -0.13134999E-02,  0.19035771E-02,  0.30907480E-03
     748.,  0.81430724E+01,  0.10788928E+02, -0.11976790E+01, -0.14112351E-02,  0.22504759E-02,  0.43490003E-03
     749.,  0.72727372E+01,  0.10827776E+02, -0.11976790E+01, -0.14778956E-02,  0.26329927E-02,  0.59229771E-03
     750.,  0.64147369E+01,  0.10870820E+02, -0.11976790E+01, -0.15150732E-02,  0.30301050E-02,  0.73874146E-03
     751.,  0.55685889E+01,  0.10915319E+02, -0.11976790E+01, -0.15284509E-02,  0.34240629E-02,  0.81374663E-03
     752.,  0.47330993E+01,  0.10959285E+02, -0.11976790E+01, -0.15250848E-02,  0.38020881E-02,  0.77113765E-03
     753.,  0.39067902E+01,  0.11001440E+02, -0.11976790E+01, -0.15115748E-02,  0.41592293E-02,  0.61427945E-03
     754.,  0.38648512E+01,  0.11823596E+02, -0.11976790E+01, -0.11744034E-02,  0.41810853E-02,  0.22146051E-03
     755.,  0.38211139E+01,  0.12654834E+02, -0.11976790E+01, -0.85001541E-03,  0.42141203E-02, -0.27285270E-03
     756.,  0.37768324E+01,  0.13496610E+02, -0.11976790E+01, -0.53430340E-03,  0.42631610E-02, -0.99410432E-03
     757.,  0.37339555E+01,  0.14350106E+02, -0.11976790E+01, -0.21889904E-03,  0.43333152E-02, -0.22018457E-02
     758.,  0.36951723E+01,  0.15215817E+02, -0.11976790E+01,  0.10315180E-03,  0.44325632E-02, -0.44353093E-02
     759.,  0.36637283E+01,  0.16093037E+02, -0.11976790E+01,  0.45643832E-03,  0.45683866E-02, -0.88750622E-02
     760.,  0.36429117E+01,  0.16979453E+02, -0.11976790E+01,  0.93254698E-03,  0.47396518E-02, -0.18148499E-01
     761.,  0.36352605E+01,  0.17871114E+02, -0.11976790E+01,  0.16795877E-02,  0.51128076E-02, -0.40552129E-01
     762.,  0.36417849E+01,  0.18762985E+02, -0.11976790E+01,  0.45754190E-02,  0.49900857E-02, -0.97735750E-01
     763.,  0.36616208E+01,  0.19649989E+02, -0.11976790E+01,  0.16958909E-01, -0.17628923E-02, -0.22514220E+00
     764.,  0.36923275E+01,  0.20528057E+02, -0.11976790E+01,  0.51674351E-01, -0.30047469E-01, -0.44815703E+00
     765.,  0.37306454E+01,  0.21394738E+02, -0.11976790E+01,  0.11250030E+00, -0.88980715E-01, -0.75058125E+00
     766.,  0.37733019E+01,  0.22249211E+02, -0.11976790E+01,  0.18679928E+00, -0.16653891E+00, -0.10891519E+01
     767.,  0.38175525E+01,  0.23091892E+02, -0.11976790E+01,  0.26298512E+00, -0.24770806E+00, -0.14321257E+01
     768.,  0.38613883E+01,  0.23923924E+02, -0.11976790E+01,  0.33672602E+00, -0.32644534E+00, -0.17674594E+01
     769.,  0.33123489E+01,  0.25331999E+02, -0.11976790E+01,  0.43367495E+00, -0.43193690E+00, -0.23775659E+01
     770.,  0.42498489E+01,  0.25331999E+02, -0.11976790E+01,  0.37764346E+00, -0.37608198E+00, -0.20614682E+01
     771.,  0.51873489E+01,  0.25331999E+02, -0.11976790E+01,  0.32157390E+00, -0.32018660E+00, -0.17470673E+01
     772.,  0.61248489E+01,  0.25331999E+02, -0.11976790E+01,  0.26644446E+00, -0.25728098E+00, -0.14335520E+01
     773.,  0.70623489E+01,  0.25331999E+02, -0.11976790E+01,  0.20359386E+00, -0.18553720E+00, -0.11165774E+01
     774.,  0.79998489E+01,  0.25331999E+02, -0.11976790E+01,  0.14348078E+00, -0.11224477E+00, -0.80232848E+00
     775.,  0.89373489E+01,  0.25331999E+02, -0.11976790E+01,  0.90115253E-01, -0.41796934E-01, -0.48846861E+00
     776.,  0.98748489E+01,  0.25331999E+02, -0.11976790E+01,  0.44552725E-01, -0.61464382E-06, -0.17827488E+00
     777.,  0.10812349E+02,  0.25331999E+02, -0.11976790E+01, -0.78136320E-02, -0.56935744E-06,  0.13066635E+00
     778.,  0.11749849E+02,  0.25331999E+02, -0.11976790E+01, -0.60179989E-01, -0.52407107E-06,  0.43960758E+00
     779.,  0.12687349E+02,  0.25331999E+02, -0.11976790E+01, -0.10303479E+00, -0.11872496E+00,  0.74097307E+00
     780.,  0.13624849E+02,  0.25331999E+02, -0.11976790E+01, -0.15321145E+00, -0.21699283E+00,  0.10275467E+01
     781.,  0.14562349E+02,  0.25331999E+02, -0.11976790E+01, -0.20884179E+00, -0.27628284E+00,  0.13185171E+01
     782.,  0.15499849E+02,  0.25331999E+02, -0.11976790E+01, -0.26553288E+00, -0.36465096E+00,  0.16124281E+01
     783.,  0.16437349E+02,  0.25331999E+02, -0.11976790E+01, -0.31886259E+00, -0.44061507E+00,  0.19169734E+01
     784.,  0.17374849E+02,  0.25331999E+02, -0.11976790E+01, -0.37042216E+00, -0.51583798E+00,  0.22159988E+01
     785.,  0.18312349E+02,  0.25331999E+02, -0.11976790E+01, -0.42185909E+00, -0.58913788E+00,  0.25136460E+01
     786.,  0.18312349E+02,  0.24399186E+02, -0.11976790E+01, -0.33406159E+00, -0.46239735E+00,  0.20519633E+01
     787.,  0.18312349E+02,  0.23466374E+02, -0.11976790E+01, -0.24074601E+00, -0.32631402E+00,  0.15757611E+01
     788.,  0.18312349E+02,  0.22533562E+02, -0.11976790E+01, -0.14911935E+00, -0.19282731E+00,  0.11028948E+01
     789.,  0.18312349E+02,  0.21600749E+02, -0.11976790E+01, -0.68152186E-01, -0.76921846E-01,  0.65627847E+00
     790.,  0.18312349E+02,  0.20667936E+02, -0.11976790E+01, -0.17934821E-01, -0.11377836E-01,  0.29990573E+00
     791.,  0.18312349E+02,  0.19735124E+02, -0.11976790E+01, -0.29250484E-02,  0.18383961E-02,  0.10355892E+00
     792.,  0.18312349E+02,  0.18802311E+02, -0.11976790E+01, -0.64563373E-03,  0.16371181E-02,  0.34567367E-01
     793.,  0.18312349E+02,  0.17869499E+02, -0.11976790E+01, -0.41933986E-03,  0.14658220E-02,  0.12984358E-01
     794.,  0.18312349E+02,  0.16936686E+02, -0.11976790E+01, -0.39471031E-03,  0.13618610E-02,  0.47515136E-02
     795.,  0.18312349E+02,  0.16003874E+02, -0.11976790E+01, -0.42973091E-03,  0.13070650E-02,  0.13835714E-02
     796.,  0.18312349E+02,  0.15071061E+02, -0.11976790E+01, -0.45772296E-03,  0.12627417E-02,  0.11942717E-03
     797.,  0.18312349E+02,  0.14138249E+02, -0.11976790E+01, -0.48638614E-03,  0.12274386E-02, -0.35011574E-03
     798.,  0.18312349E+02,  0.13205437E+02, -0.11976790E+01, -0.51663014E-03,  0.12021891E-02, -0.52985290E-03
     799.,  0.18312349E+02,  0.12272624E+02, -0.11976790E+01, -0.54468515E-03,  0.11898286E-02, -0.60904275E-03
     800.,  0.18312349E+02,  0.11339811E+02, -0.11976790E+01, -0.56344409E-03,  0.11876434E-02, -0.65501320E-03
     801.,  0.18312349E+02,  0.10406999E+02, -0.11976790E+01, -0.57414694E-03,  0.11881553E-02, -0.69165962E-03
     802.,  0.17374849E+02,  0.10406999E+02, -0.11976790E+01, -0.57361677E-03,  0.11959914E-02, -0.49102916E-03
     803.,  0.16437349E+02,  0.10406999E+02, -0.11976790E+01, -0.57616176E-03,  0.11949943E-02, -0.29907672E-03
     804.,  0.15499849E+02,  0.10406999E+02, -0.11976790E+01, -0.59197887E-03,  0.11823938E-02, -0.12942881E-03
     805.,  0.14562349E+02,  0.10406999E+02, -0.11976790E+01, -0.63137301E-03,  0.11661097E-02,  0.19810703E-05
     806.,  0.13624849E+02,  0.10406999E+02, -0.11976790E+01, -0.70257884E-03,  0.11602778E-02,  0.87992760E-04
     807.,  0.12687349E+02,  0.10406999E+02, -0.11976790E+01, -0.81006460E-03,  0.11845389E-02,  0.13603286E-03
     808.,  0.11749849E+02,  0.10406999E+02, -0.11976790E+01, -0.95177147E-03,  0.12612143E-02,  0.16415647E-03
     809.,  0.10812349E+02,  0.10406999E+02, -0.11976790E+01, -0.11175189E-02,  0.14098033E-02,  0.19451438E-03
     810.,  0.98748489E+01,  0.10406999E+02, -0.11976790E+01, -0.12903132E-02,  0.16405282E-02,  0.25098478E-03
     811.,  0.89373489E+01,  0.10406999E+02, -0.11976790E+01, -0.14508864E-02,  0.19503471E-02,  0.35648700E-03
     812.,  0.79998489E+01,  0.10406999E+02, -0.11976790E+01, -0.15832784E-02,  0.23240067E-02,  0.52152981E-03
     813.,  0.70623489E+01,  0.10406999E+02, -0.11976790E+01, -0.16784875E-02,  0.27390996E-02,  0.72516463E-03
     814.,  0.61248489E+01,  0.10406999E+02, -0.11976790E+01, -0.17352319E-02,  0.31718110E-02,  0.90580584E-03
     815.,  0.51873489E+01,  0.10406999E+02, -0.11976790E+01, -0.17591640E-02,  0.36010654E-02,  0.98490053E-03
     816.,  0.42498489E+01,  0.10406999E+02, -0.11976790E+01, -0.17628551E-02,  0.40124659E-02,  0.92041007E-03
     817.,  0.33123489E+01,  0.10406999E+02, -0.11976790E+01, -0.17618567E-02,  0.44096005E-02,  0.75242204E-03
     818.,  0.33123489E+01,  0.11339811E+02, -0.11976790E+01, -0.13713247E-02,  0.44084723E-02,  0.29049249E-03
     819.,  0.33123489E+01,  0.12272624E+02, -0.11976790E+01, -0.99474310E-03,  0.44114913E-02, -0.28697213E-03
     820.,  0.33123489E+01,  0.13205437E+02, -0.11976790E+01, -0.63658319E-03,  0.44323444E-02, -0.11463441E-02
     821.,  0.33123489E+01,  0.14138249E+02, -0.11976790E+01, -0.28765672E-03,  0.44818290E-02, -0.25984570E-02
     822.,  0.33123489E+01,  0.15071061E+02, -0.11976790E+01,  0.64890593E-04,  0.45674619E-02, -0.53168205E-02
     823.,  0.33123489E+01,  0.16003874E+02, -0.11976790E+01,  0.44230163E-03,  0.47059811E-02, -0.10698484E-01
     824.,  0.33123489E+01,  0.16936686E+02, -0.11976790E+01,  0.97162628E-03,  0.49274989E-02, -0.21791914E-01
     825.,  0.33123489E+01,  0.17869499E+02, -0.11976790E+01,  0.19647246E-02,  0.54590175E-02, -0.49095890E-01
     826.,  0.33123489E+01,  0.18802311E+02, -0.11976790E+01,  0.58964394E-02,  0.60702818E-02, -0.12270568E+00
     827.,  0.33123489E+01,  0.19735124E+02, -0.11976790E+01,  0.22912543E-01, -0.24140852E-02, -0.29177526E+00
     828.,  0.33123489E+01,  0.20667936E+02, -0.11976790E+01,  0.70816822E-01, -0.44108912E-01, -0.58398315E+00
     829.,  0.33123489E+01,  0.21600749E+02, -0.11976790E+01,  0.15010002E+00, -0.12543646E+00, -0.95987981E+00
     830.,  0.33123489E+01,  0.22533562E+02, -0.11976790E+01,  0.23992936E+00, -0.22121277E+00, -0.13616863E+01
     831.,  0.33123489E+01,  0.23466374E+02, -0.11976790E+01,  0.32994279E+00, -0.31779656E+00, -0.17650257E+01
     832.,  0.33123489E+01,  0.24399186E+02, -0.11976790E+01,  0.41755015E+00, -0.41074168E+00, -0.21630752E+01
     833.,  0.33123489E+01,  0.25331999E+02, -0.19237207E+01,  0.67049520E+00, -0.33147596E+00, -0.23303583E+01
     834.,  0.42498489E+01,  0.25331999E+02, -0.19237207E+01,  0.61414486E+00, -0.27628008E+00, -0.20149218E+01
     835.,  0.51873489E+01,  0.25331999E+02, -0.19237207E+01,  0.55827921E+00, -0.21796988E+00, -0.17002813E+01
     836.,  0.61248489E+01,  0.25331999E+02, -0.19237207E+01,  0.49485398E+00, -0.10262033E+00, -0.13778754E+01
     837.,  0.70623489E+01,  0.25331999E+02, -0.19237207E+01,  0.44090962E+00, -0.92875215E-06, -0.10645437E+01
     838.,  0.79998489E+01,  0.25331999E+02, -0.19237207E+01,  0.38854326E+00, -0.88346577E-06, -0.75560250E+00
     839.,  0.89373489E+01,  0.25331999E+02, -0.19237207E+01,  0.33617690E+00, -0.83817941E-06, -0.44666127E+00
     840.,  0.98748489E+01,  0.25331999E+02, -0.19237207E+01,  0.28381055E+00, -0.79289304E-06, -0.13772004E+00
     841.,  0.10812349E+02,  0.25331999E+02, -0.19237207E+01,  0.23144419E+00, -0.74760668E-06,  0.17122119E+00
     842.,  0.11749849E+02,  0.25331999E+02, -0.19237207E+01,  0.17907783E+00, -0.70232030E-06,  0.48016242E+00
     843.,  0.12687349E+02,  0.25331999E+02, -0.19237207E+01,  0.12671147E+00, -0.65703392E-06,  0.78910365E+00
     844.,  0.13624849E+02,  0.25331999E+02, -0.19237207E+01,  0.74345117E-01, -0.61174756E-06,  0.10980449E+01
     845.,  0.14562349E+02,  0.25331999E+02, -0.19237207E+01,  0.21978760E-01, -0.56646117E-06,  0.14069861E+01
     846.,  0.15499849E+02,  0.25331999E+02, -0.19237207E+01, -0.28987648E-01, -0.90554087E-01,  0.17116239E+01
     847.,  0.16437349E+02,  0.25331999E+02, -0.19237207E+01, -0.81621013E-01, -0.18583207E+00,  0.20064843E+01
     848.,  0.17374849E+02,  0.25331999E+02, -0.19237207E+01, -0.13520629E+00, -0.24521371E+00,  0.23107574E+01
     849.,  0.18312349E+02,  0.25331999E+02, -0.19237207E+01, -0.18834590E+00, -0.29721359E+00,  0.26169673E+01
     850.,  0.33123489E+01,  0.25331999E+02, -0.26497623E+01,  0.89505872E+00, -0.13400299E+00, -0.22663222E+01
     851.,  0.42498489E+01,  0.25331999E+02, -0.26497623E+01,  0.84101390E+00, -0.99951535E-01, -0.19560048E+01
     852.,  0.51873489E+01,  0.25331999E+02, -0.26497623E+01,  0.78646174E+00, -0.57621234E-01, -0.16440956E+01
     853.,  0.61248489E+01,  0.25331999E+02, -0.26497623E+01,  0.73253379E+00, -0.11522878E-05, -0.13329301E+01
     854.,  0.70623489E+01,  0.25331999E+02, -0.26497623E+01,  0.68016744E+00, -0.11070014E-05, -0.10239889E+01
     855.,  0.79998489E+01,  0.25331999E+02, -0.26497623E+01,  0.62780108E+00, -0.10617150E-05, -0.71504767E+00
     856.,  0.89373489E+01,  0.25331999E+02, -0.26497623E+01,  0.57543472E+00, -0.10164286E-05, -0.40610644E+00
     857.,  0.98748489E+01,  0.25331999E+02, -0.26497623E+01,  0.52306836E+00, -0.97114228E-06, -0.97165208E-01
     858.,  0.10812349E+02,  0.25331999E+02, -0.26497623E+01,  0.47070201E+00, -0.92585589E-06,  0.21177602E+00
     859.,  0.11749849E+02,  0.25331999E+02, -0.26497623E+01,  0.41833565E+00, -0.88056952E-06,  0.52071725E+00
     860.,  0.12687349E+02,  0.25331999E+02, -0.26497623E+01,  0.36596929E+00, -0.83528316E-06,  0.82965848E+00
     861.,  0.13624849E+02,  0.25331999E+02, -0.26497623E+01,  0.31360294E+00, -0.78999678E-06,  0.11385997E+01
     862.,  0.14562349E+02,  0.25331999E+02, -0.26497623E+01,  0.26123658E+00, -0.74471041E-06,  0.14475409E+01
     863.,  0.15499849E+02,  0.25331999E+02, -0.26497623E+01,  0.20887022E+00, -0.69942404E-06,  0.17564822E+01
     864.,  0.16437349E+02,  0.25331999E+02, -0.26497623E+01,  0.15685732E+00, -0.43756953E-01,  0.20633057E+01
     865.,  0.17374849E+02,  0.25331999E+02, -0.26497623E+01,  0.10447555E+00, -0.93594962E-01,  0.23690634E+01
     866.,  0.18312349E+02,  0.25331999E+02, -0.26497623E+01,  0.50827094E-01, -0.11721657E+00,  0.26797019E+01
     867.,  0.33123489E+01,  0.25331999E+02, -0.33758040E+01,  0.11288072E+01, -0.17276301E-01, -0.22185306E+01
     868.,  0.42498489E+01,  0.25331999E+02, -0.33758040E+01,  0.10765243E+01, -0.14211097E-05, -0.19102578E+01
     869.,  0.51873489E+01,  0.25331999E+02, -0.33758040E+01,  0.10241580E+01, -0.13758234E-05, -0.16013165E+01
     870.,  0.61248489E+01,  0.25331999E+02, -0.33758040E+01,  0.97179161E+00, -0.13305370E-05, -0.12923753E+01
     871.,  0.70623489E+01,  0.25331999E+02, -0.33758040E+01,  0.91942526E+00, -0.12852506E-05, -0.98343407E+00
     872.,  0.79998489E+01,  0.25331999E+02, -0.33758040E+01,  0.86705890E+00, -0.12399642E-05, -0.67449284E+00
     873.,  0.89373489E+01,  0.25331999E+02, -0.33758040E+01,  0.81469254E+00, -0.11946779E-05, -0.36555160E+00
     874.,  0.98748489E+01,  0.25331999E+02, -0.33758040E+01,  0.76232618E+00, -0.11493915E-05, -0.56610374E-01
     875.,  0.10812349E+02,  0.25331999E+02, -0.33758040E+01,  0.70995983E+00, -0.11041051E-05,  0.25233086E+00
     876.,  0.11749849E+02,  0.25331999E+02, -0.33758040E+01,  0.65759347E+00, -0.10588187E-05,  0.56127209E+00
     877.,  0.12687349E+02,  0.25331999E+02, -0.33758040E+01,  0.60522711E+00, -0.10135324E-05,  0.87021332E+00
     878.,  0.13624849E+02,  0.25331999E+02, -0.33758040E+01,  0.55286076E+00, -0.96824602E-06,  0.11791545E+01
     879.,  0.14562349E+02,  0.25331999E+02, -0.33758040E+01,  0.50049440E+00, -0.92295963E-06,  0.14880958E+01
     880.,  0.15499849E+02,  0.25331999E+02, -0.33758040E+01,  0.44812804E+00, -0.87767327E-06,  0.17970370E+01
     881.,  0.16437349E+02,  0.25331999E+02, -0.33758040E+01,  0.39576169E+00, -0.83238689E-06,  0.21059782E+01
     882.,  0.17374849E+02,  0.25331999E+02, -0.33758040E+01,  0.34370209E+00, -0.21189268E-01,  0.24143153E+01
     883.,  0.18312349E+02,  0.25331999E+02, -0.33758040E+01,  0.29090660E+00, -0.30988695E-01,  0.27237971E+01
     884.,  0.33123489E+01,  0.25331999E+02, -0.41018457E+01,  0.13681103E+01,  0.18071117E-02, -0.21785083E+01
     885.,  0.42498489E+01,  0.25331999E+02, -0.41018457E+01,  0.13157821E+01, -0.15993590E-05, -0.18697029E+01
     886.,  0.51873489E+01,  0.25331999E+02, -0.41018457E+01,  0.12634158E+01, -0.15540726E-05, -0.15607617E+01
     887.,  0.61248489E+01,  0.25331999E+02, -0.41018457E+01,  0.12110494E+01, -0.15087862E-05, -0.12518205E+01
     888.,  0.70623489E+01,  0.25331999E+02, -0.41018457E+01,  0.11586831E+01, -0.14634998E-05, -0.94287923E+00
     889.,  0.79998489E+01,  0.25331999E+02, -0.41018457E+01,  0.11063167E+01, -0.14182135E-05, -0.63393800E+00
     890.,  0.89373489E+01,  0.25331999E+02, -0.41018457E+01,  0.10539504E+01, -0.13729271E-05, -0.32499677E+00
     891.,  0.98748489E+01,  0.25331999E+02, -0.41018457E+01,  0.10015840E+01, -0.13276407E-05, -0.16055540E-01
     892.,  0.10812349E+02,  0.25331999E+02, -0.41018457E+01,  0.94921765E+00, -0.12823544E-05,  0.29288569E+00
     893.,  0.11749849E+02,  0.25331999E+02, -0.41018457E+01,  0.89685129E+00, -0.12370680E-05,  0.60182692E+00
     894.,  0.12687349E+02,  0.25331999E+02, -0.41018457E+01,  0.84448493E+00, -0.11917816E-05,  0.91076815E+00
     895.,  0.13624849E+02,  0.25331999E+02, -0.41018457E+01,  0.79211858E+00, -0.11464952E-05,  0.12197094E+01
     896.,  0.14562349E+02,  0.25331999E+02, -0.41018457E+01,  0.73975222E+00, -0.11012089E-05,  0.15286506E+01
     897.,  0.15499849E+02,  0.25331999E+02, -0.41018457E+01,  0.68738586E+00, -0.10559225E-05,  0.18375918E+01
     898.,  0.16437349E+02,  0.25331999E+02, -0.41018457E+01,  0.63501951E+00, -0.10106361E-05,  0.21465331E+01
     899.,  0.17374849E+02,  0.25331999E+02, -0.41018457E+01,  0.58265315E+00, -0.96534973E-06,  0.24554743E+01
     900.,  0.18312349E+02,  0.25331999E+02, -0.41018457E+01,  0.53038097E+00, -0.35279617E-02,  0.27644249E+01
     901.,  0.33123489E+01,  0.25331999E+02, -0.48278873E+01,  0.16074063E+01, -0.18228946E-05, -0.21380893E+01
     902.,  0.42498489E+01,  0.25331999E+02, -0.48278873E+01,  0.15550400E+01, -0.17776082E-05, -0.18291481E+01
     903.,  0.51873489E+01,  0.25331999E+02, -0.48278873E+01,  0.15026736E+01, -0.17323218E-05, -0.15202069E+01
     904.,  0.61248489E+01,  0.25331999E+02, -0.48278873E+01,  0.14503073E+01, -0.16870354E-05, -0.12112656E+01
     905.,  0.70623489E+01,  0.25331999E+02, -0.48278873E+01,  0.13979409E+01, -0.16417491E-05, -0.90232440E+00
     906.,  0.79998489E+01,  0.25331999E+02, -0.48278873E+01,  0.13455745E+01, -0.15964627E-05, -0.59338317E+00
     907.,  0.89373489E+01,  0.25331999E+02, -0.48278873E+01,  0.12932082E+01, -0.15511763E-05, -0.28444194E+00
     908.,  0.98748489E+01,  0.25331999E+02, -0.48278873E+01,  0.12408418E+01, -0.15058899E-05,  0.24499295E-01
     909.,  0.10812349E+02,  0.25331999E+02, -0.48278873E+01,  0.11884755E+01, -0.14606036E-05,  0.33344053E+00
     910.,  0.11749849E+02,  0.25331999E+02, -0.48278873E+01,  0.11361091E+01, -0.14153172E-05,  0.64238176E+00
     911.,  0.12687349E+02,  0.25331999E+02, -0.48278873E+01,  0.10837428E+01, -0.13700308E-05,  0.95132299E+00
     912.,  0.13624849E+02,  0.25331999E+02, -0.48278873E+01,  0.10313764E+01, -0.13247445E-05,  0.12602642E+01
     913.,  0.14562349E+02,  0.25331999E+02, -0.48278873E+01,  0.97901004E+00, -0.12794581E-05,  0.15692054E+01
     914.,  0.15499849E+02,  0.25331999E+02, -0.48278873E+01,  0.92664368E+00, -0.12341717E-05,  0.18781467E+01
     915.,  0.16437349E+02,  0.25331999E+02, -0.48278873E+01,  0.87427733E+00, -0.11888853E-05,  0.21870879E+01
     916.,  0.17374849E+02,  0.25331999E+02, -0.48278873E+01,  0.82191097E+00, -0.11435990E-05,  0.24960291E+01
     917.,  0.18312349E+02,  0.25331999E+02, -0.48278873E+01,  0.76954461E+00, -0.10983126E-05,  0.28049704E+01
     918.,  0.33123489E+01,  0.25331999E+02, -0.55539290E+01,  0.18466641E+01, -0.20011438E-05, -0.20975345E+01
     919.,  0.42498489E+01,  0.25331999E+02, -0.55539290E+01,  0.17942978E+01, -0.19558574E-05, -0.17885933E+01
     920.,  0.51873489E+01,  0.25331999E+02, -0.55539290E+01,  0.17419314E+01, -0.19105711E-05, -0.14796520E+01
     921.,  0.61248489E+01,  0.25331999E+02, -0.55539290E+01,  0.16895651E+01, -0.18652847E-05, -0.11707108E+01
     922.,  0.70623489E+01,  0.25331999E+02, -0.55539290E+01,  0.16371987E+01, -0.18199983E-05, -0.86176956E+00
     923.,  0.79998489E+01,  0.25331999E+02, -0.55539290E+01,  0.15848324E+01, -0.17747119E-05, -0.55282833E+00
     924.,  0.89373489E+01,  0.25331999E+02, -0.55539290E+01,  0.15324660E+01, -0.17294256E-05, -0.24388710E+00
     925.,  0.98748489E+01,  0.25331999E+02, -0.55539290E+01,  0.14800996E+01, -0.16841392E-05,  0.65054129E-01
     926.,  0.10812349E+02,  0.25331999E+02, -0.55539290E+01,  0.14277333E+01, -0.16388528E-05,  0.37399536E+00
     927.,  0.11749849E+02,  0.25331999E+02, -0.55539290E+01,  0.13753669E+01, -0.15935664E-05,  0.68293659E+00
     928.,  0.12687349E+02,  0.25331999E+02, -0.55539290E+01,  0.13230006E+01, -0.15482801E-05,  0.99187782E+00
     929.,  0.13624849E+02,  0.25331999E+02, -0.55539290E+01,  0.12706342E+01, -0.15029937E-05,  0.13008191E+01
     930.,  0.14562349E+02,  0.25331999E+02, -0.55539290E+01,  0.12182679E+01, -0.14577073E-05,  0.16097603E+01
     931.,  0.15499849E+02,  0.25331999E+02, -0.55539290E+01,  0.11659015E+01, -0.14124209E-05,  0.19187015E+01
     932.,  0.16437349E+02,  0.25331999E+02, -0.55539290E+01,  0.11135351E+01, -0.13671346E-05,  0.22276427E+01
     933.,  0.17374849E+02,  0.25331999E+02, -0.55539290E+01,  0.10611688E+01, -0.13218482E-05,  0.25365840E+01
     934.,  0.18312349E+02,  0.25331999E+02, -0.55539290E+01,  0.10088024E+01, -0.12765618E-05,  0.28455252E+01
     935.,  0.33123489E+01,  0.25331999E+02, -0.62799707E+01,  0.20859220E+01, -0.21793930E-05, -0.20569797E+01
     936.,  0.42498489E+01,  0.25331999E+02, -0.62799707E+01,  0.20335556E+01, -0.21341066E-05, -0.17480384E+01
     937.,  0.51873489E+01,  0.25331999E+02, -0.62799707E+01,  0.19811893E+01, -0.20888203E-05, -0.14390972E+01
     938.,  0.61248489E+01,  0.25331999E+02, -0.62799707E+01,  0.19288229E+01, -0.20435339E-05, -0.11301560E+01
     939.,  0.70623489E+01,  0.25331999E+02, -0.62799707E+01,  0.18764565E+01, -0.19982475E-05, -0.82121473E+00
     940.,  0.79998489E+01,  0.25331999E+02, -0.62799707E+01,  0.18240902E+01, -0.19529612E-05, -0.51227350E+00
     941.,  0.89373489E+01,  0.25331999E+02, -0.62799707E+01,  0.17717238E+01, -0.19076748E-05, -0.20333227E+00
     942.,  0.98748489E+01,  0.25331999E+02, -0.62799707E+01,  0.17193575E+01, -0.18623884E-05,  0.10560896E+00
     943.,  0.10812349E+02,  0.25331999E+02, -0.62799707E+01,  0.16669911E+01, -0.18171020E-05,  0.41455019E+00
     944.,  0.11749849E+02,  0.25331999E+02, -0.62799707E+01,  0.16146248E+01, -0.17718157E-05,  0.72349143E+00
     945.,  0.12687349E+02,  0.25331999E+02, -0.62799707E+01,  0.15622584E+01, -0.17265293E-05,  0.10324327E+01
     946.,  0.13624849E+02,  0.25331999E+02, -0.62799707E+01,  0.15098920E+01, -0.16812429E-05,  0.13413739E+01
     947.,  0.14562349E+02,  0.25331999E+02, -0.62799707E+01,  0.14575257E+01, -0.16359565E-05,  0.16503151E+01
     948.,  0.15499849E+02,  0.25331999E+02, -0.62799707E+01,  0.14051593E+01, -0.15906702E-05,  0.19592563E+01
     949.,  0.16437349E+02,  0.25331999E+02, -0.62799707E+01,  0.13527930E+01, -0.15453838E-05,  0.22681976E+01
     950.,  0.17374849E+02,  0.25331999E+02, -0.62799707E+01,  0.13004266E+01, -0.15000974E-05,  0.25771388E+01
     951.,  0.18312349E+02,  0.25331999E+02, -0.62799707E+01,  0.12480603E+01, -0.14548111E-05,  0.28860800E+01
     952.,  0.33123489E+01,  0.25331999E+02, -0.70060123E+01,  0.23251798E+01, -0.23576422E-05, -0.20164248E+01
     953.,  0.42498489E+01,  0.25331999E+02, -0.70060123E+01,  0.22728134E+01, -0.23123559E-05, -0.17074836E+01
     954.,  0.51873489E+01,  0.25331999E+02, -0.70060123E+01,  0.22204471E+01, -0.22670695E-05, -0.13985424E+01
     955.,  0.61248489E+01,  0.25331999E+02, -0.70060123E+01,  0.21680807E+01, -0.22217831E-05, -0.10896011E+01
     956.,  0.70623489E+01,  0.25331999E+02, -0.70060123E+01,  0.21157144E+01, -0.21764968E-05, -0.78065990E+00
     957.,  0.79998489E+01,  0.25331999E+02, -0.70060123E+01,  0.20633480E+01, -0.21312104E-05, -0.47171866E+00
     958.,  0.89373489E+01,  0.25331999E+02, -0.70060123E+01,  0.20109816E+01, -0.20859240E-05, -0.16277743E+00
     959.,  0.98748489E+01,  0.25331999E+02, -0.70060123E+01,  0.19586153E+01, -0.20406376E-05,  0.14616380E+00
     960.,  0.10812349E+02,  0.25331999E+02, -0.70060123E+01,  0.19062489E+01, -0.19953513E-05,  0.45510503E+00
     961.,  0.11749849E+02,  0.25331999E+02, -0.70060123E+01,  0.18538826E+01, -0.19500649E-05,  0.76404626E+00
     962.,  0.12687349E+02,  0.25331999E+02, -0.70060123E+01,  0.18015162E+01, -0.19047785E-05,  0.10729875E+01
     963.,  0.13624849E+02,  0.25331999E+02, -0.70060123E+01,  0.17491499E+01, -0.18594922E-05,  0.13819287E+01
     964.,  0.14562349E+02,  0.25331999E+02, -0.70060123E+01,  0.16967835E+01, -0.18142058E-05,  0.16908700E+01
     965.,  0.15499849E+02,  0.25331999E+02, -0.70060123E+01,  0.16444171E+01, -0.17689194E-05,  0.19998112E+01
     966.,  0.16437349E+02,  0.25331999E+02, -0.70060123E+01,  0.15920508E+01, -0.17236330E-05,  0.23087524E+01
     967.,  0.17374849E+02,  0.25331999E+02, -0.70060123E+01,  0.15396844E+01, -0.16783467E-05,  0.26176936E+01
     968.,  0.18312349E+02,  0.25331999E+02, -0.70060123E+01,  0.14873181E+01, -0.16330603E-05,  0.29266349E+01
     969.,  0.33123489E+01,  0.25331999E+02, -0.77320540E+01,  0.25644376E+01, -0.25358915E-05, -0.19758700E+01
     970.,  0.42498489E+01,  0.25331999E+02, -0.77320540E+01,  0.25120712E+01, -0.24906051E-05, -0.16669288E+01
     971.,  0.51873489E+01,  0.25331999E+02, -0.77320540E+01,  0.24597049E+01, -0.24453187E-05, -0.13579875E+01
     972.,  0.61248489E+01,  0.25331999E+02, -0.77320540E+01,  0.24073385E+01, -0.24000324E-05, -0.10490463E+01
     973.,  0.70623489E+01,  0.25331999E+02, -0.77320540E+01,  0.23549722E+01, -0.23547460E-05, -0.74010506E+00
     974.,  0.79998489E+01,  0.25331999E+02, -0.77320540E+01,  0.23026058E+01, -0.23094596E-05, -0.43116383E+00
     975.,  0.89373489E+01,  0.25331999E+02, -0.77320540E+01,  0.22502395E+01, -0.22641732E-05, -0.12222260E+00
     976.,  0.98748489E+01,  0.25331999E+02, -0.77320540E+01,  0.21978731E+01, -0.22188869E-05,  0.18671863E+00
     977.,  0.10812349E+02,  0.25331999E+02, -0.77320540E+01,  0.21455067E+01, -0.21736005E-05,  0.49565986E+00
     978.,  0.11749849E+02,  0.25331999E+02, -0.77320540E+01,  0.20931404E+01, -0.21283141E-05,  0.80460109E+00
     979.,  0.12687349E+02,  0.25331999E+02, -0.77320540E+01,  0.20407740E+01, -0.20830277E-05,  0.11135423E+01
     980.,  0.13624849E+02,  0.25331999E+02, -0.77320540E+01,  0.19884077E+01, -0.20377414E-05,  0.14224836E+01
     981.,  0.14562349E+02,  0.25331999E+02, -0.77320540E+01,  0.19360413E+01, -0.19924550E-05,  0.17314248E+01
     982.,  0.15499849E+02,  0.25331999E+02, -0.77320540E+01,  0.18836750E+01, -0.19471686E-05,  0.20403660E+01
     983.,  0.16437349E+02,  0.25331999E+02, -0.77320540E+01,  0.18313086E+01, -0.19018823E-05,  0.23493072E+01
     984.,  0.17374849E+02,  0.25331999E+02, -0.77320540E+01,  0.17789422E+01, -0.18565959E-05,  0.26582485E+01
     985.,  0.18312349E+02,  0.25331999E+02, -0.77320540E+01,  0.17265759E+01, -0.18113095E-05,  0.29671897E+01
     986.,  0.33123489E+01,  0.25331999E+02, -0.84580957E+01,  0.28036954E+01, -0.27141407E-05, -0.19353152E+01
     987.,  0.42498489E+01,  0.25331999E+02, -0.84580957E+01,  0.27513291E+01, -0.26688543E-05, -0.16263739E+01
     988.,  0.51873489E+01,  0.25331999E+02, -0.84580957E+01,  0.26989627E+01, -0.26235680E-05, -0.13174327E+01
     989.,  0.61248489E+01,  0.25331999E+02, -0.84580957E+01,  0.26465964E+01, -0.25782816E-05, -0.10084915E+01
     990.,  0.70623489E+01,  0.25331999E+02, -0.84580957E+01,  0.25942300E+01, -0.25329952E-05, -0.69955023E+00
     991.,  0.79998489E+01,  0.25331999E+02, -0.84580957E+01,  0.25418636E+01, -0.24877088E-05, -0.39060900E+00
     992.,  0.89373489E+01,  0.25331999E+02, -0.84580957E+01,  0.24894973E+01, -0.24424225E-05, -0.81667765E-01
     993.,  0.98748489E+01,  0.25331999E+02, -0.84580957E+01,  0.24371309E+01, -0.23971361E-05,  0.22727347E+00
     994.,  0.10812349E+02,  0.25331999E+02, -0.84580957E+01,  0.23847646E+01, -0.23518497E-05,  0.53621470E+00
     995.,  0.11749849E+02,  0.25331999E+02, -0.84580957E+01,  0.23323982E+01, -0.23065633E-05,  0.84515593E+00
     996.,  0.12687349E+02,  0.25331999E+02, -0.84580957E+01,  0.22800319E+01, -0.22612770E-05,  0.11540972E+01
     997.,  0.13624849E+02,  0.25331999E+02, -0.84580957E+01,  0.22276655E+01, -0.22159906E-05,  0.14630384E+01
     998.,  0.14562349E+02,  0.25331999E+02, -0.84580957E+01,  0.21752991E+01, -0.21707042E-05,  0.17719796E+01
     999.,  0.15499849E+02,  0.25331999E+02, -0.84580957E+01,  0.21229328E+01, -0.21254179E-05,  0.20809209E+01
    1000.,  0.16437349E+02,  0.25331999E+02, -0.84580957E+01,  0.20705664E+01, -0.20801315E-05,  0.23898621E+01
    1001.,  0.17374849E+02,  0.25331999E+02, -0.84580957E+01,  0.20182001E+01, -0.20348451E-05,  0.26988033E+01
    1002.,  0.18312349E+02,  0.25331999E+02, -0.84580957E+01,  0.19658337E+01, -0.19895587E-05,  0.30077445E+01
    1003.,  0.33123489E+01,  0.25331999E+02, -0.91841373E+01,  0.30429532E+01, -0.28923899E-05, -0.18947603E+01
    1004.,  0.42498489E+01,  0.25331999E+02, -0.91841373E+01,  0.29905869E+01, -0.28471036E-05, -0.15858191E+01
    1005.,  0.51873489E+01,  0.25331999E+02, -0.91841373E+01,  0.29382205E+01, -0.28018172E-05, -0.12768779E+01
    1006.,  0.61248489E+01,  0.25331999E+02, -0.91841373E+01,  0.28858542E+01, -0.27565308E-05, -0.96793662E+00
    1007.,  0.70623489E+01,  0.25331999E+02, -0.91841373E+01,  0.28334878E+01, -0.27112444E-05, -0.65899539E+00
    1008.,  0.79998489E+01,  0.25331999E+02, -0.91841373E+01,  0.27811215E+01, -0.26659581E-05, -0.35005416E+00
    1009.,  0.89373489E+01,  0.25331999E+02, -0.91841373E+01,  0.27287551E+01, -0.26206717E-05, -0.41112930E-01
    1010.,  0.98748489E+01,  0.25331999E+02, -0.91841373E+01,  0.26763887E+01, -0.25753853E-05,  0.26782830E+00
    1011.,  0.10812349E+02,  0.25331999E+02, -0.91841373E+01,  0.26240224E+01, -0.25300989E-05,  0.57676953E+00
    1012.,  0.11749849E+02,  0.25331999E+02, -0.91841373E+01,  0.25716560E+01, -0.24848126E-05,  0.88571076E+00
    1013.,  0.12687349E+02,  0.25331999E+02, -0.91841373E+01,  0.25192897E+01, -0.24395262E-05,  0.11946520E+01
    1014.,  0.13624849E+02,  0.25331999E+02, -0.91841373E+01,  0.24669233E+01, -0.23942398E-05,  0.15035932E+01
    1015.,  0.14562349E+02,  0.25331999E+02, -0.91841373E+01,  0.24145570E+01, -0.23489535E-05,  0.18125345E+01
    1016.,  0.15499849E+02,  0.25331999E+02, -0.91841373E+01,  0.23621906E+01, -0.23036671E-05,  0.21214757E+01
    1017.,  0.16437349E+02,  0.25331999E+02, -0.91841373E+01,  0.23098242E+01, -0.22583807E-05,  0.24304169E+01
    1018.,  0.17374849E+02,  0.25331999E+02, -0.91841373E+01,  0.22574579E+01, -0.22130943E-05,  0.27393581E+01
    1019.,  0.18312349E+02,  0.25331999E+02, -0.91841373E+01,  0.22050915E+01, -0.21678080E-05,  0.30482994E+01
    1020.,  0.33123489E+01,  0.25331999E+02, -0.99101790E+01,  0.32822111E+01, -0.30706392E-05, -0.18542055E+01
    1021.,  0.42498489E+01,  0.25331999E+02, -0.99101790E+01,  0.32298447E+01, -0.30253528E-05, -0.15452643E+01
    1022.,  0.51873489E+01,  0.25331999E+02, -0.99101790E+01,  0.31774783E+01, -0.29800664E-05, -0.12363230E+01
    1023.,  0.61248489E+01,  0.25331999E+02, -0.99101790E+01,  0.31251120E+01, -0.29347800E-05, -0.92738179E+00
    1024.,  0.70623489E+01,  0.25331999E+02, -0.99101790E+01,  0.30727456E+01, -0.28894937E-05, -0.61844056E+00
    1025.,  0.79998489E+01,  0.25331999E+02, -0.99101790E+01,  0.30203793E+01, -0.28442073E-05, -0.30949933E+00
    1026.,  0.89373489E+01,  0.25331999E+02, -0.99101790E+01,  0.29680129E+01, -0.27989209E-05, -0.55809607E-03
    1027.,  0.98748489E+01,  0.25331999E+02, -0.99101790E+01,  0.29156466E+01, -0.27536345E-05,  0.30838313E+00
    1028.,  0.10812349E+02,  0.25331999E+02, -0.99101790E+01,  0.28632802E+01, -0.27083482E-05,  0.61732437E+00
    1029.,  0.11749849E+02,  0.25331999E+02, -0.99101790E+01,  0.28109139E+01, -0.26630618E-05,  0.92626560E+00
    1030.,  0.12687349E+02,  0.25331999E+02, -0.99101790E+01,  0.27585475E+01, -0.26177754E-05,  0.12352068E+01
    1031.,  0.13624849E+02,  0.25331999E+02, -0.99101790E+01,  0.27061811E+01, -0.25724891E-05,  0.15441481E+01
    1032.,  0.14562349E+02,  0.25331999E+02, -0.99101790E+01,  0.26538148E+01, -0.25272027E-05,  0.18530893E+01
    1033.,  0.15499849E+02,  0.25331999E+02, -0.99101790E+01,  0.26014484E+01, -0.24819163E-05,  0.21620305E+01
    1034.,  0.16437349E+02,  0.25331999E+02, -0.99101790E+01,  0.25490821E+01, -0.24366299E-05,  0.24709718E+01
    1035.,  0.17374849E+02,  0.25331999E+02, -0.99101790E+01,  0.24967157E+01, -0.23913436E-05,  0.27799130E+01
    1036.,  0.18312349E+02,  0.25331999E+02, -0.99101790E+01,  0.24443494E+01, -0.23460572E-05,  0.30888542E+01
    1037.,  0.33123489E+01,  0.25331999E+02, -0.10636221E+02,  0.35214689E+01, -0.32488884E-05, -0.18136506E+01
    1038.,  0.42498489E+01,  0.25331999E+02, -0.10636221E+02,  0.34691025E+01, -0.32036020E-05, -0.15047094E+01
    1039.,  0.51873489E+01,  0.25331999E+02, -0.10636221E+02,  0.34167362E+01, -0.31583156E-05, -0.11957682E+01
    1040.,  0.61248489E+01,  0.25331999E+02, -0.10636221E+02,  0.33643698E+01, -0.31130293E-05, -0.88682695E+00
    1041.,  0.70623489E+01,  0.25331999E+02, -0.10636221E+02,  0.33120035E+01, -0.30677429E-05, -0.57788572E+00
    1042.,  0.79998489E+01,  0.25331999E+02, -0.10636221E+02,  0.32596371E+01, -0.30224565E-05, -0.26894449E+00
    1043.,  0.89373489E+01,  0.25331999E+02, -0.10636221E+02,  0.32072707E+01, -0.29771702E-05,  0.39996738E-01
    1044.,  0.98748489E+01,  0.25331999E+02, -0.10636221E+02,  0.31549044E+01, -0.29318838E-05,  0.34893797E+00
    1045.,  0.10812349E+02,  0.25331999E+02, -0.10636221E+02,  0.31025380E+01, -0.28865974E-05,  0.65787920E+00
    1046.,  0.11749849E+02,  0.25331999E+02, -0.10636221E+02,  0.30501717E+01, -0.28413110E-05,  0.96682043E+00
    1047.,  0.12687349E+02,  0.25331999E+02, -0.10636221E+02,  0.29978053E+01, -0.27960247E-05,  0.12757617E+01
    1048.,  0.13624849E+02,  0.25331999E+02, -0.10636221E+02,  0.29454390E+01, -0.27507383E-05,  0.15847029E+01
    1049.,  0.14562349E+02,  0.25331999E+02, -0.10636221E+02,  0.28930726E+01, -0.27054519E-05,  0.18936441E+01
    1050.,  0.15499849E+02,  0.25331999E+02, -0.10636221E+02,  0.28407062E+01, -0.26601655E-05,  0.22025854E+01
    1051.,  0.16437349E+02,  0.25331999E+02, -0.10636221E+02,  0.27883399E+01, -0.26148792E-05,  0.25115266E+01
    1052.,  0.17374849E+02,  0.25331999E+02, -0.10636221E+02,  0.27359735E+01, -0.25695928E-05,  0.28204678E+01
    1053.,  0.18312349E+02,  0.25331999E+02, -0.10636221E+02,  0.26836072E+01, -0.25243064E-05,  0.31294090E+01
    1054.,  0.33123489E+01,  0.25331999E+02, -0.11362262E+02,  0.37607267E+01, -0.34271376E-05, -0.17730958E+01
    1055.,  0.42498489E+01,  0.25331999E+02, -0.11362262E+02,  0.37083603E+01, -0.33818512E-05, -0.14641546E+01
    1056.,  0.51873489E+01,  0.25331999E+02, -0.11362262E+02,  0.36559940E+01, -0.33365649E-05, -0.11552134E+01
    1057.,  0.61248489E+01,  0.25331999E+02, -0.11362262E+02,  0.36036276E+01, -0.32912785E-05, -0.84627212E+00
    1058.,  0.70623489E+01,  0.25331999E+02, -0.11362262E+02,  0.35512613E+01, -0.32459921E-05, -0.53733089E+00
    1059.,  0.79998489E+01,  0.25331999E+02, -0.11362262E+02,  0.34988949E+01, -0.32007057E-05, -0.22838966E+00
    1060.,  0.89373489E+01,  0.25331999E+02, -0.11362262E+02,  0.34465286E+01, -0.31554194E-05,  0.80551572E-01
    1061.,  0.98748489E+01,  0.25331999E+02, -0.11362262E+02,  0.33941622E+01, -0.31101330E-05,  0.38949280E+00
    1062.,  0.10812349E+02,  0.25331999E+02, -0.11362262E+02,  0.33417958E+01, -0.30648466E-05,  0.69843403E+00
    1063.,  0.11749849E+02,  0.25331999E+02, -0.11362262E+02,  0.32894295E+01, -0.30195603E-05,  0.10073753E+01
    1064.,  0.12687349E+02,  0.25331999E+02, -0.11362262E+02,  0.32370631E+01, -0.29742739E-05,  0.13163165E+01
    1065.,  0.13624849E+02,  0.25331999E+02, -0.11362262E+02,  0.31846968E+01, -0.29289875E-05,  0.16252577E+01
    1066.,  0.14562349E+02,  0.25331999E+02, -0.11362262E+02,  0.31323304E+01, -0.28837011E-05,  0.19341990E+01
    1067.,  0.15499849E+02,  0.25331999E+02, -0.11362262E+02,  0.30799641E+01, -0.28384148E-05,  0.22431402E+01
    1068.,  0.16437349E+02,  0.25331999E+02, -0.11362262E+02,  0.30275977E+01, -0.27931284E-05,  0.25520814E+01
    1069.,  0.17374849E+02,  0.25331999E+02, -0.11362262E+02,  0.29752313E+01, -0.27478420E-05,  0.28610227E+01
    1070.,  0.18312349E+02,  0.25331999E+02, -0.11362262E+02,  0.29228650E+01, -0.27025557E-05,  0.31699639E+01
    1071.,  0.33123489E+01,  0.25331999E+02, -0.12088304E+02,  0.39999845E+01, -0.36053868E-05, -0.17325410E+01
    1072.,  0.42498489E+01,  0.25331999E+02, -0.12088304E+02,  0.39476182E+01, -0.35601005E-05, -0.14235997E+01
    1073.,  0.51873489E+01,  0.25331999E+02, -0.12088304E+02,  0.38952518E+01, -0.35148141E-05, -0.11146585E+01
    1074.,  0.61248489E+01,  0.25331999E+02, -0.12088304E+02,  0.38428855E+01, -0.34695277E-05, -0.80571729E+00
    1075.,  0.70623489E+01,  0.25331999E+02, -0.12088304E+02,  0.37905191E+01, -0.34242414E-05, -0.49677605E+00
    1076.,  0.79998489E+01,  0.25331999E+02, -0.12088304E+02,  0.37381527E+01, -0.33789550E-05, -0.18783482E+00
    1077.,  0.89373489E+01,  0.25331999E+02, -0.12088304E+02,  0.36857864E+01, -0.33336686E-05,  0.12110641E+00
    1078.,  0.98748489E+01,  0.25331999E+02, -0.12088304E+02,  0.36334200E+01, -0.32883822E-05,  0.43004764E+00
    1079.,  0.10812349E+02,  0.25331999E+02, -0.12088304E+02,  0.35810537E+01, -0.32430959E-05,  0.73898887E+00
    1080.,  0.11749849E+02,  0.25331999E+02, -0.12088304E+02,  0.35286873E+01, -0.31978095E-05,  0.10479301E+01
    1081.,  0.12687349E+02,  0.25331999E+02, -0.12088304E+02,  0.34763210E+01, -0.31525231E-05,  0.13568713E+01
    1082.,  0.13624849E+02,  0.25331999E+02, -0.12088304E+02,  0.34239546E+01, -0.31072367E-05,  0.16658126E+01
    1083.,  0.14562349E+02,  0.25331999E+02, -0.12088304E+02,  0.33715882E+01, -0.30619504E-05,  0.19747538E+01
    1084.,  0.15499849E+02,  0.25331999E+02, -0.12088304E+02,  0.33192219E+01, -0.30166640E-05,  0.22836950E+01
    1085.,  0.16437349E+02,  0.25331999E+02, -0.12088304E+02,  0.32668555E+01, -0.29713776E-05,  0.25926363E+01
    1086.,  0.17374849E+02,  0.25331999E+02, -0.12088304E+02,  0.32144892E+01, -0.29260912E-05,  0.29015775E+01
    1087.,  0.18312349E+02,  0.25331999E+02, -0.12088304E+02,  0.31621228E+01, -0.28808049E-05,  0.32105187E+01
    1088.,  0.33123489E+01,  0.25331999E+02, -0.12814346E+02,  0.42392423E+01, -0.37836361E-05, -0.16919861E+01
    1089.,  0.42498489E+01,  0.25331999E+02, -0.12814346E+02,  0.41868760E+01, -0.37383497E-05, -0.13830449E+01
    1090.,  0.51873489E+01,  0.25331999E+02, -0.12814346E+02,  0.41345096E+01, -0.36930633E-05, -0.10741037E+01
    1091.,  0.61248489E+01,  0.25331999E+02, -0.12814346E+02,  0.40821433E+01, -0.36477770E-05, -0.76516245E+00
    1092.,  0.70623489E+01,  0.25331999E+02, -0.12814346E+02,  0.40297769E+01, -0.36024906E-05, -0.45622122E+00
    1093.,  0.79998489E+01,  0.25331999E+02, -0.12814346E+02,  0.39774106E+01, -0.35572042E-05, -0.14727999E+00
    1094.,  0.89373489E+01,  0.25331999E+02, -0.12814346E+02,  0.39250442E+01, -0.35119178E-05,  0.16166124E+00
    1095.,  0.98748489E+01,  0.25331999E+02, -0.12814346E+02,  0.38726778E+01, -0.34666315E-05,  0.47060247E+00
    1096.,  0.10812349E+02,  0.25331999E+02, -0.12814346E+02,  0.38203115E+01, -0.34213451E-05,  0.77954370E+00
    1097.,  0.11749849E+02,  0.25331999E+02, -0.12814346E+02,  0.37679451E+01, -0.33760587E-05,  0.10884849E+01
    1098.,  0.12687349E+02,  0.25331999E+02, -0.12814346E+02,  0.37155788E+01, -0.33307723E-05,  0.13974262E+01
    1099.,  0.13624849E+02,  0.25331999E+02, -0.12814346E+02,  0.36632124E+01, -0.32854860E-05,  0.17063674E+01
    1100.,  0.14562349E+02,  0.25331999E+02, -0.12814346E+02,  0.36108461E+01, -0.32401996E-05,  0.20153086E+01
    1101.,  0.15499849E+02,  0.25331999E+02, -0.12814346E+02,  0.35584797E+01, -0.31949132E-05,  0.23242499E+01
    1102.,  0.16437349E+02,  0.25331999E+02, -0.12814346E+02,  0.35061133E+01, -0.31496269E-05,  0.26331911E+01
    1103.,  0.17374849E+02,  0.25331999E+02, -0.12814346E+02,  0.34537470E+01, -0.31043405E-05,  0.29421323E+01
    1104.,  0.18312349E+02,  0.25331999E+02, -0.12814346E+02,  0.34013806E+01, -0.30590541E-05,  0.32510736E+01
    1105.,  0.33123489E+01,  0.25331999E+02, -0.13540387E+02,  0.44785002E+01, -0.39618853E-05, -0.16514313E+01
    1106.,  0.42498489E+01,  0.25331999E+02, -0.13540387E+02,  0.44261338E+01, -0.39165989E-05, -0.13424901E+01
    1107.,  0.51873489E+01,  0.25331999E+02, -0.13540387E+02,  0.43737674E+01, -0.38713126E-05, -0.10335488E+01
    1108.,  0.61248489E+01,  0.25331999E+02, -0.13540387E+02,  0.43214011E+01, -0.38260262E-05, -0.72460762E+00
    1109.,  0.70623489E+01,  0.25331999E+02, -0.13540387E+02,  0.42690347E+01, -0.37807398E-05, -0.41566639E+00
    1110.,  0.79998489E+01,  0.25331999E+02, -0.13540387E+02,  0.42166684E+01, -0.37354534E-05, -0.10672516E+00
    1111.,  0.89373489E+01,  0.25331999E+02, -0.13540387E+02,  0.41643020E+01, -0.36901671E-05,  0.20221608E+00
    1112.,  0.98748489E+01,  0.25331999E+02, -0.13540387E+02,  0.41119357E+01, -0.36448807E-05,  0.51115731E+00
    1113.,  0.10812349E+02,  0.25331999E+02, -0.13540387E+02,  0.40595693E+01, -0.35995943E-05,  0.82009854E+00
    1114.,  0.11749849E+02,  0.25331999E+02, -0.13540387E+02,  0.40072029E+01, -0.35543079E-05,  0.11290398E+01
    1115.,  0.12687349E+02,  0.25331999E+02, -0.13540387E+02,  0.39548366E+01, -0.35090216E-05,  0.14379810E+01
    1116.,  0.13624849E+02,  0.25331999E+02, -0.13540387E+02,  0.39024702E+01, -0.34637352E-05,  0.17469222E+01
    1117.,  0.14562349E+02,  0.25331999E+02, -0.13540387E+02,  0.38501039E+01, -0.34184488E-05,  0.20558635E+01
    1118.,  0.15499849E+02,  0.25331999E+02, -0.13540387E+02,  0.37977375E+01, -0.33731625E-05,  0.23648047E+01
    1119.,  0.16437349E+02,  0.25331999E+02, -0.13540387E+02,  0.37453712E+01, -0.33278761E-05,  0.26737459E+01
    1120.,  0.17374849E+02,  0.25331999E+02, -0.13540387E+02,  0.36930048E+01, -0.32825897E-05,  0.29826872E+01
    1121.,  0.18312349E+02,  0.25331999E+02, -0.13540387E+02,  0.36406384E+01, -0.32373033E-05,  0.32916284E+01
    1122.,  0.33123489E+01,  0.25331999E+02, -0.14266429E+02,  0.47177580E+01, -0.41401345E-05, -0.16108765E+01
    1123.,  0.42498489E+01,  0.25331999E+02, -0.14266429E+02,  0.46653916E+01, -0.40948482E-05, -0.13019352E+01
    1124.,  0.51873489E+01,  0.25331999E+02, -0.14266429E+02,  0.46130253E+01, -0.40495618E-05, -0.99299401E+00
    1125.,  0.61248489E+01,  0.25331999E+02, -0.14266429E+02,  0.45606589E+01, -0.40042754E-05, -0.68405278E+00
    1126.,  0.70623489E+01,  0.25331999E+02, -0.14266429E+02,  0.45082926E+01, -0.39589890E-05, -0.37511155E+00
    1127.,  0.79998489E+01,  0.25331999E+02, -0.14266429E+02,  0.44559262E+01, -0.39137027E-05, -0.66170321E-01
    1128.,  0.89373489E+01,  0.25331999E+02, -0.14266429E+02,  0.44035598E+01, -0.38684163E-05,  0.24277091E+00
    1129.,  0.98748489E+01,  0.25331999E+02, -0.14266429E+02,  0.43511935E+01, -0.38231299E-05,  0.55171214E+00
    1130.,  0.10812349E+02,  0.25331999E+02, -0.14266429E+02,  0.42988271E+01, -0.37778435E-05,  0.86065337E+00
    1131.,  0.11749849E+02,  0.25331999E+02, -0.14266429E+02,  0.42464608E+01, -0.37325572E-05,  0.11695946E+01
    1132.,  0.12687349E+02,  0.25331999E+02, -0.14266429E+02,  0.41940944E+01, -0.36872708E-05,  0.14785358E+01
    1133.,  0.13624849E+02,  0.25331999E+02, -0.14266429E+02,  0.41417281E+01, -0.36419844E-05,  0.17874771E+01
    1134.,  0.14562349E+02,  0.25331999E+02, -0.14266429E+02,  0.40893617E+01, -0.35966981E-05,  0.20964183E+01
    1135.,  0.15499849E+02,  0.25331999E+02, -0.14266429E+02,  0.40369953E+01, -0.35514117E-05,  0.24053595E+01
    1136.,  0.16437349E+02,  0.25331999E+02, -0.14266429E+02,  0.39846290E+01, -0.35061253E-05,  0.27143008E+01
    1137.,  0.17374849E+02,  0.25331999E+02, -0.14266429E+02,  0.39322626E+01, -0.34608389E-05,  0.30232420E+01
    1138.,  0.18312349E+02,  0.25331999E+02, -0.14266429E+02,  0.38798963E+01, -0.34155526E-05,  0.33321832E+01
    1139.,  0.33123489E+01,  0.25331999E+02, -0.14992471E+02,  0.49570158E+01, -0.43183838E-05, -0.15703216E+01
    1140.,  0.42498489E+01,  0.25331999E+02, -0.14992471E+02,  0.49046494E+01, -0.42730974E-05, -0.12613804E+01
    1141.,  0.51873489E+01,  0.25331999E+02, -0.14992471E+02,  0.48522831E+01, -0.42278110E-05, -0.95243918E+00
    1142.,  0.61248489E+01,  0.25331999E+02, -0.14992471E+02,  0.47999167E+01, -0.41825246E-05, -0.64349795E+00
    1143.,  0.70623489E+01,  0.25331999E+02, -0.14992471E+02,  0.47475504E+01, -0.41372383E-05, -0.33455672E+00
    1144.,  0.79998489E+01,  0.25331999E+02, -0.14992471E+02,  0.46951840E+01, -0.40919519E-05, -0.25615487E-01
    1145.,  0.89373489E+01,  0.25331999E+02, -0.14992471E+02,  0.46428177E+01, -0.40466655E-05,  0.28332574E+00
    1146.,  0.98748489E+01,  0.25331999E+02, -0.14992471E+02,  0.45904513E+01, -0.40013791E-05,  0.59226698E+00
    1147.,  0.10812349E+02,  0.25331999E+02, -0.14992471E+02,  0.45380849E+01, -0.39560928E-05,  0.90120821E+00
    1148.,  0.11749849E+02,  0.25331999E+02, -0.14992471E+02,  0.44857186E+01, -0.39108064E-05,  0.12101494E+01
    1149.,  0.12687349E+02,  0.25331999E+02, -0.14992471E+02,  0.44333522E+01, -0.38655200E-05,  0.15190907E+01
    1150.,  0.13624849E+02,  0.25331999E+02, -0.14992471E+02,  0.43809859E+01, -0.38202336E-05,  0.18280319E+01
    1151.,  0.14562349E+02,  0.25331999E+02, -0.14992471E+02,  0.43286195E+01, -0.37749473E-05,  0.21369731E+01
    1152.,  0.15499849E+02,  0.25331999E+02, -0.14992471E+02,  0.42762532E+01, -0.37296609E-05,  0.24459144E+01
    1153.,  0.16437349E+02,  0.25331999E+02, -0.14992471E+02,  0.42238868E+01, -0.36843745E-05,  0.27548556E+01
    1154.,  0.17374849E+02,  0.25331999E+02, -0.14992471E+02,  0.41715204E+01, -0.36390882E-05,  0.30637968E+01
    1155.,  0.18312349E+02,  0.25331999E+02, -0.14992471E+02,  0.41191541E+01, -0.35938018E-05,  0.33727381E+01
    1156.,  0.33123489E+01,  0.25331999E+02, -0.15718512E+02,  0.51962736E+01, -0.44966330E-05, -0.15297668E+01
    1157.,  0.42498489E+01,  0.25331999E+02, -0.15718512E+02,  0.51439073E+01, -0.44513466E-05, -0.12208256E+01
    1158.,  0.51873489E+01,  0.25331999E+02, -0.15718512E+02,  0.50915409E+01, -0.44060602E-05, -0.91188435E+00
    1159.,  0.61248489E+01,  0.25331999E+02, -0.15718512E+02,  0.50391746E+01, -0.43607739E-05, -0.60294311E+00
    1160.,  0.70623489E+01,  0.25331999E+02, -0.15718512E+02,  0.49868082E+01, -0.43154875E-05, -0.29400188E+00
    1161.,  0.79998489E+01,  0.25331999E+02, -0.15718512E+02,  0.49344418E+01, -0.42702011E-05,  0.14939347E-01
    1162.,  0.89373489E+01,  0.25331999E+02, -0.15718512E+02,  0.48820755E+01, -0.42249147E-05,  0.32388058E+00
    1163.,  0.98748489E+01,  0.25331999E+02, -0.15718512E+02,  0.48297091E+01, -0.41796284E-05,  0.63282181E+00
    1164.,  0.10812349E+02,  0.25331999E+02, -0.15718512E+02,  0.47773428E+01, -0.41343420E-05,  0.94176304E+00
    1165.,  0.11749849E+02,  0.25331999E+02, -0.15718512E+02,  0.47249764E+01, -0.40890556E-05,  0.12507043E+01
    1166.,  0.12687349E+02,  0.25331999E+02, -0.15718512E+02,  0.46726101E+01, -0.40437693E-05,  0.15596455E+01
    1167.,  0.13624849E+02,  0.25331999E+02, -0.15718512E+02,  0.46202437E+01, -0.39984829E-05,  0.18685867E+01
    1168.,  0.14562349E+02,  0.25331999E+02, -0.15718512E+02,  0.45678773E+01, -0.39531965E-05,  0.21775280E+01
    1169.,  0.15499849E+02,  0.25331999E+02, -0.15718512E+02,  0.45155110E+01, -0.39079101E-05,  0.24864692E+01
    1170.,  0.16437349E+02,  0.25331999E+02, -0.15718512E+02,  0.44631446E+01, -0.38626238E-05,  0.27954104E+01
    1171.,  0.17374849E+02,  0.25331999E+02, -0.15718512E+02,  0.44107783E+01, -0.38173374E-05,  0.31043517E+01
    1172.,  0.18312349E+02,  0.25331999E+02, -0.15718512E+02,  0.43584119E+01, -0.37720510E-05,  0.34132929E+01
    1173.,  0.33123489E+01,  0.25331999E+02, -0.16444554E+02,  0.54355314E+01, -0.46748822E-05, -0.14892120E+01
    1174.,  0.42498489E+01,  0.25331999E+02, -0.16444554E+02,  0.53831651E+01, -0.46295958E-05, -0.11802707E+01
    1175.,  0.51873489E+01,  0.25331999E+02, -0.16444554E+02,  0.53307987E+01, -0.45843095E-05, -0.87132951E+00
    1176.,  0.61248489E+01,  0.25331999E+02, -0.16444554E+02,  0.52784324E+01, -0.45390231E-05, -0.56238828E+00
    1177.,  0.70623489E+01,  0.25331999E+02, -0.16444554E+02,  0.52260660E+01, -0.44937367E-05, -0.25344705E+00
    1178.,  0.79998489E+01,  0.25331999E+02, -0.16444554E+02,  0.51736997E+01, -0.44484503E-05,  0.55494182E-01
    1179.,  0.89373489E+01,  0.25331999E+02, -0.16444554E+02,  0.51213333E+01, -0.44031640E-05,  0.36443541E+00
    1180.,  0.98748489E+01,  0.25331999E+02, -0.16444554E+02,  0.50689669E+01, -0.43578776E-05,  0.67337664E+00
    1181.,  0.10812349E+02,  0.25331999E+02, -0.16444554E+02,  0.50166006E+01, -0.43125912E-05,  0.98231787E+00
    1182.,  0.11749849E+02,  0.25331999E+02, -0.16444554E+02,  0.49642342E+01, -0.42673048E-05,  0.12912591E+01
    1183.,  0.12687349E+02,  0.25331999E+02, -0.16444554E+02,  0.49118679E+01, -0.42220185E-05,  0.16002003E+01
    1184.,  0.13624849E+02,  0.25331999E+02, -0.16444554E+02,  0.48595015E+01, -0.41767321E-05,  0.19091416E+01
    1185.,  0.14562349E+02,  0.25331999E+02, -0.16444554E+02,  0.48071352E+01, -0.41314457E-05,  0.22180828E+01
    1186.,  0.15499849E+02,  0.25331999E+02, -0.16444554E+02,  0.47547688E+01, -0.40861594E-05,  0.25270240E+01
    1187.,  0.16437349E+02,  0.25331999E+02, -0.16444554E+02,  0.47024024E+01, -0.40408730E-05,  0.28359653E+01
    1188.,  0.17374849E+02,  0.25331999E+02, -0.16444554E+02,  0.46500361E+01, -0.39955866E-05,  0.31449065E+01
    1189.,  0.18312349E+02,  0.25331999E+02, -0.16444554E+02,  0.45976697E+01, -0.39503002E-05,  0.34538477E+01
    1190.,  0.33123489E+01,  0.25331999E+02, -0.17170596E+02,  0.56747893E+01, -0.48531314E-05, -0.14486571E+01
    1191.,  0.42498489E+01,  0.25331999E+02, -0.17170596E+02,  0.56224229E+01, -0.48078451E-05, -0.11397159E+01
    1192.,  0.51873489E+01,  0.25331999E+02, -0.17170596E+02,  0.55700566E+01, -0.47625587E-05, -0.83077468E+00
    1193.,  0.61248489E+01,  0.25331999E+02, -0.17170596E+02,  0.55176902E+01, -0.47172723E-05, -0.52183345E+00
    1194.,  0.70623489E+01,  0.25331999E+02, -0.17170596E+02,  0.54653238E+01, -0.46719859E-05, -0.21289221E+00
    1195.,  0.79998489E+01,  0.25331999E+02, -0.17170596E+02,  0.54129575E+01, -0.46266996E-05,  0.96049016E-01
    1196.,  0.89373489E+01,  0.25331999E+02, -0.17170596E+02,  0.53605911E+01, -0.45814132E-05,  0.40499025E+00
    1197.,  0.98748489E+01,  0.25331999E+02, -0.17170596E+02,  0.53082248E+01, -0.45361268E-05,  0.71393148E+00
    1198.,  0.10812349E+02,  0.25331999E+02, -0.17170596E+02,  0.52558584E+01, -0.44908405E-05,  0.10228727E+01
    1199.,  0.11749849E+02,  0.25331999E+02, -0.17170596E+02,  0.52034921E+01, -0.44455541E-05,  0.13318139E+01
    1200.,  0.12687349E+02,  0.25331999E+02, -0.17170596E+02,  0.51511257E+01, -0.44002677E-05,  0.16407552E+01
    1201.,  0.13624849E+02,  0.25331999E+02, -0.17170596E+02,  0.50987593E+01, -0.43549813E-05,  0.19496964E+01
    1202.,  0.14562349E+02,  0.25331999E+02, -0.17170596E+02,  0.50463930E+01, -0.43096950E-05,  0.22586376E+01
    1203.,  0.15499849E+02,  0.25331999E+02, -0.17170596E+02,  0.49940266E+01, -0.42644086E-05,  0.25675789E+01
    1204.,  0.16437349E+02,  0.25331999E+02, -0.17170596E+02,  0.49416603E+01, -0.42191222E-05,  0.28765201E+01
    1205.,  0.17374849E+02,  0.25331999E+02, -0.17170596E+02,  0.48892939E+01, -0.41738358E-05,  0.31854613E+01
    1206.,  0.18312349E+02,  0.25331999E+02, -0.17170596E+02,  0.48369276E+01, -0.41285495E-05,  0.34944026E+01
    1207.,  0.33123489E+01,  0.25331999E+02, -0.17896637E+02,  0.59140471E+01, -0.50313807E-05, -0.14081023E+01
    1208.,  0.42498489E+01,  0.25331999E+02, -0.17896637E+02,  0.58616807E+01, -0.49860943E-05, -0.10991611E+01
    1209.,  0.51873489E+01,  0.25331999E+02, -0.17896637E+02,  0.58093144E+01, -0.49408079E-05, -0.79021984E+00
    1210.,  0.61248489E+01,  0.25331999E+02, -0.17896637E+02,  0.57569480E+01, -0.48955215E-05, -0.48127861E+00
    1211.,  0.70623489E+01,  0.25331999E+02, -0.17896637E+02,  0.57045817E+01, -0.48502352E-05, -0.17233738E+00
    1212.,  0.79998489E+01,  0.25331999E+02, -0.17896637E+02,  0.56522153E+01, -0.48049488E-05,  0.13660385E+00
    1213.,  0.89373489E+01,  0.25331999E+02, -0.17896637E+02,  0.55998489E+01, -0.47596624E-05,  0.44554508E+00
    1214.,  0.98748489E+01,  0.25331999E+02, -0.17896637E+02,  0.55474826E+01, -0.47143761E-05,  0.75448631E+00
    1215.,  0.10812349E+02,  0.25331999E+02, -0.17896637E+02,  0.54951162E+01, -0.46690897E-05,  0.10634275E+01
    1216.,  0.11749849E+02,  0.25331999E+02, -0.17896637E+02,  0.54427499E+01, -0.46238033E-05,  0.13723688E+01
    1217.,  0.12687349E+02,  0.25331999E+02, -0.17896637E+02,  0.53903835E+01, -0.45785169E-05,  0.16813100E+01
    1218.,  0.13624849E+02,  0.25331999E+02, -0.17896637E+02,  0.53380172E+01, -0.45332306E-05,  0.19902512E+01
    1219.,  0.14562349E+02,  0.25331999E+02, -0.17896637E+02,  0.52856508E+01, -0.44879442E-05,  0.22991925E+01
    1220.,  0.15499849E+02,  0.25331999E+02, -0.17896637E+02,  0.52332844E+01, -0.44426578E-05,  0.26081337E+01
    1221.,  0.16437349E+02,  0.25331999E+02, -0.17896637E+02,  0.51809181E+01, -0.43973714E-05,  0.29170749E+01
    1222.,  0.17374849E+02,  0.25331999E+02, -0.17896637E+02,  0.51285517E+01, -0.43520851E-05,  0.32260162E+01
    1223.,  0.18312349E+02,  0.25331999E+02, -0.17896637E+02,  0.50761854E+01, -0.43067987E-05,  0.35349574E+01
    1224.,  0.33123489E+01,  0.25331999E+02, -0.18622679E+02,  0.61533049E+01, -0.52096299E-05, -0.13675475E+01
    1225.,  0.42498489E+01,  0.25331999E+02, -0.18622679E+02,  0.61009385E+01, -0.51643435E-05, -0.10586062E+01
    1226.,  0.51873489E+01,  0.25331999E+02, -0.18622679E+02,  0.60485722E+01, -0.51190571E-05, -0.74966501E+00
    1227.,  0.61248489E+01,  0.25331999E+02, -0.18622679E+02,  0.59962058E+01, -0.50737708E-05, -0.44072378E+00
    1228.,  0.70623489E+01,  0.25331999E+02, -0.18622679E+02,  0.59438395E+01, -0.50284844E-05, -0.13178255E+00
    1229.,  0.79998489E+01,  0.25331999E+02, -0.18622679E+02,  0.58914731E+01, -0.49831980E-05,  0.17715868E+00
    1230.,  0.89373489E+01,  0.25331999E+02, -0.18622679E+02,  0.58391068E+01, -0.49379117E-05,  0.48609992E+00
    1231.,  0.98748489E+01,  0.25331999E+02, -0.18622679E+02,  0.57867404E+01, -0.48926253E-05,  0.79504115E+00
    1232.,  0.10812349E+02,  0.25331999E+02, -0.18622679E+02,  0.57343740E+01, -0.48473389E-05,  0.11039824E+01
    1233.,  0.11749849E+02,  0.25331999E+02, -0.18622679E+02,  0.56820077E+01, -0.48020525E-05,  0.14129236E+01
    1234.,  0.12687349E+02,  0.25331999E+02, -0.18622679E+02,  0.56296413E+01, -0.47567662E-05,  0.17218648E+01
    1235.,  0.13624849E+02,  0.25331999E+02, -0.18622679E+02,  0.55772750E+01, -0.47114798E-05,  0.20308061E+01
    1236.,  0.14562349E+02,  0.25331999E+02, -0.18622679E+02,  0.55249086E+01, -0.46661934E-05,  0.23397473E+01
    1237.,  0.15499849E+02,  0.25331999E+02, -0.18622679E+02,  0.54725423E+01, -0.46209070E-05,  0.26486885E+01
    1238.,  0.16437349E+02,  0.25331999E+02, -0.18622679E+02,  0.54201759E+01, -0.45756207E-05,  0.29576298E+01
    1239.,  0.17374849E+02,  0.25331999E+02, -0.18622679E+02,  0.53678095E+01, -0.45303343E-05,  0.32665710E+01
    1240.,  0.18312349E+02,  0.25331999E+02, -0.18622679E+02,  0.53154432E+01, -0.44850479E-05,  0.35755122E+01
    1241.,  0.88907483E+01,  0.10100462E+03, -0.11976790E+01,  0.66389411E-03, -0.37750441E-02,  0.16109707E-03
    1242.,  0.90216325E+01,  0.10088094E+03, -0.11976790E+01,  0.63102830E-03, -0.37386962E-02,  0.16755897E-03
    1243.,  0.91795178E+01,  0.10075167E+03, -0.11976790E+01,  0.60434993E-03, -0.36707506E-02,  0.16373147E-03
    1244.,  0.93688664E+01,  0.10062053E+03, -0.11976790E+01,  0.59269929E-03, -0.35631856E-02,  0.15966886E-03
    1245.,  0.95933411E+01,  0.10049337E+03, -0.11976790E+01,  0.60491596E-03, -0.34144105E-02,  0.15569040E-03
    1246.,  0.98545190E+01,  0.10037833E+03, -0.11976790E+01,  0.65032497E-03, -0.32334094E-02,  0.15273197E-03
    1247.,  0.10150303E+02,  0.10028530E+03, -0.11976790E+01,  0.72959821E-03, -0.30466554E-02,  0.15076230E-03
    1248.,  0.10473624E+02,  0.10022430E+03, -0.11976790E+01,  0.83062955E-03, -0.28923092E-02,  0.14853738E-03
    1249.,  0.10812349E+02,  0.10020300E+03, -0.11976790E+01,  0.92886730E-03, -0.28036703E-02,  0.14648085E-03
    1250.,  0.11151074E+02,  0.10022430E+03, -0.11976790E+01,  0.99637701E-03, -0.27893400E-02,  0.14515838E-03
    1251.,  0.11474394E+02,  0.10028530E+03, -0.11976790E+01,  0.10141803E-02, -0.28280753E-02,  0.14437397E-03
    1252.,  0.11770179E+02,  0.10037833E+03, -0.11976790E+01,  0.97959710E-03, -0.28841325E-02,  0.14288363E-03
    1253.,  0.12031357E+02,  0.10049337E+03, -0.11976790E+01,  0.90342852E-03, -0.29274508E-02,  0.14139114E-03
    1254.,  0.12255831E+02,  0.10062053E+03, -0.11976790E+01,  0.80265944E-03, -0.29436838E-02,  0.13941528E-03
    1255.,  0.12445180E+02,  0.10075167E+03, -0.11976790E+01,  0.69250285E-03, -0.29317988E-02,  0.13988470E-03
    1256.,  0.12603065E+02,  0.10088094E+03, -0.11976790E+01,  0.58423779E-03, -0.28979510E-02,  0.13810682E-03
    1257.,  0.12733950E+02,  0.10100462E+03, -0.11976790E+01,  0.48395573E-03, -0.28498186E-02,  0.14278558E-03
    1258.,  0.12856786E+02,  0.10113729E+03, -0.11976790E+01,  0.38227516E-03, -0.27856840E-02,  0.14154131E-03
    1259.,  0.12984638E+02,  0.10129679E+03, -0.11976790E+01,  0.26943336E-03, -0.26963286E-02,  0.14500231E-03
    1260.,  0.13113701E+02,  0.10148736E+03, -0.11976790E+01,  0.14977181E-03, -0.25795634E-02,  0.14647614E-03
    1261.,  0.13238114E+02,  0.10171231E+03, -0.11976790E+01,  0.29716759E-04, -0.24359154E-02,  0.14739500E-03
    1262.,  0.13349872E+02,  0.10197288E+03, -0.11976790E+01, -0.82128632E-04, -0.22706486E-02,  0.14758893E-03
    1263.,  0.13439432E+02,  0.10226665E+03, -0.11976790E+01, -0.17725872E-03, -0.20938710E-02,  0.14764655E-03
    1264.,  0.13497286E+02,  0.10258649E+03, -0.11976790E+01, -0.25006492E-03, -0.19183612E-02,  0.14791039E-03
    1265.,  0.13516315E+02,  0.10292052E+03, -0.11976790E+01, -0.29954557E-03, -0.17563470E-02,  0.14843933E-03
    1266.,  0.13493999E+02,  0.10325394E+03, -0.11976790E+01, -0.32905972E-03, -0.16162005E-02,  0.14894905E-03
    1267.,  0.13433285E+02,  0.10357207E+03, -0.11976790E+01, -0.34400940E-03, -0.15011910E-02,  0.14923756E-03
    1268.,  0.13341575E+02,  0.10386337E+03, -0.11976790E+01, -0.34950973E-03, -0.14104053E-02,  0.14934753E-03
    1269.,  0.13228459E+02,  0.10412110E+03, -0.11976790E+01, -0.34930031E-03, -0.13406349E-02,  0.14938075E-03
    1270.,  0.13103404E+02,  0.10434321E+03, -0.11976790E+01, -0.34575563E-03, -0.12879844E-02,  0.14938980E-03
    1271.,  0.12974251E+02,  0.10453113E+03, -0.11976790E+01, -0.34029803E-03, -0.12487792E-02,  0.14939256E-03
    1272.,  0.12846686E+02,  0.10468832E+03, -0.11976790E+01, -0.33378083E-03, -0.12199124E-02,  0.14939400E-03
    1273.,  0.12724366E+02,  0.10481902E+03, -0.11976790E+01, -0.32675729E-03, -0.11989225E-02,  0.14939503E-03
    1274.,  0.12592945E+02,  0.10494197E+03, -0.11976790E+01, -0.31847331E-03, -0.11820300E-02,  0.14939636E-03
    1275.,  0.12434749E+02,  0.10507020E+03, -0.11976790E+01, -0.30755835E-03, -0.11679664E-02,  0.14939779E-03
    1276.,  0.12245466E+02,  0.10519999E+03, -0.11976790E+01, -0.29320729E-03, -0.11586172E-02,  0.14939984E-03
    1277.,  0.12021615E+02,  0.10532554E+03, -0.11976790E+01, -0.27439913E-03, -0.11564684E-02,  0.14940248E-03
    1278.,  0.11761787E+02,  0.10543884E+03, -0.11976790E+01, -0.24997162E-03, -0.11645663E-02,  0.14940535E-03
    1279.,  0.11468165E+02,  0.10553027E+03, -0.11976790E+01, -0.21878342E-03, -0.11861700E-02,  0.14940786E-03
    1280.,  0.11147739E+02,  0.10559012E+03, -0.11976790E+01, -0.18000698E-03, -0.12240129E-02,  0.14940907E-03
    1281.,  0.10812349E+02,  0.10561100E+03, -0.11976790E+01, -0.13348777E-03, -0.12792844E-02,  0.14940784E-03
    1282.,  0.10476959E+02,  0.10559012E+03, -0.11976790E+01, -0.80011421E-04, -0.13508050E-02,  0.14940331E-03
    1283.,  0.10156533E+02,  0.10553027E+03, -0.11976790E+01, -0.21297271E-04, -0.14349958E-02,  0.14939556E-03
    1284.,  0.98629112E+01,  0.10543884E+03, -0.11976790E+01,  0.40333982E-04, -0.15268036E-02,  0.14938573E-03
    1285.,  0.96030834E+01,  0.10532554E+03, -0.11976790E+01,  0.10246610E-03, -0.16210598E-02,  0.14937527E-03
    1286.,  0.93792318E+01,  0.10519999E+03, -0.11976790E+01,  0.16302458E-03, -0.17135433E-02,  0.14936542E-03
    1287.,  0.91899489E+01,  0.10507020E+03, -0.11976790E+01,  0.22049975E-03, -0.18014068E-02,  0.14935669E-03
    1288.,  0.90317525E+01,  0.10494197E+03, -0.11976790E+01,  0.27397018E-03, -0.18830880E-02,  0.14934926E-03
    1289.,  0.89003322E+01,  0.10481902E+03, -0.11976790E+01,  0.32297989E-03, -0.19579585E-02,  0.14934522E-03
    1290.,  0.87780118E+01,  0.10468832E+03, -0.11976790E+01,  0.37318025E-03, -0.20348330E-02,  0.14934376E-03
    1291.,  0.86504468E+01,  0.10453113E+03, -0.11976790E+01,  0.43140296E-03, -0.21246044E-02,  0.14935008E-03
    1292.,  0.85212943E+01,  0.10434321E+03, -0.11976790E+01,  0.49820251E-03, -0.22292645E-02,  0.14937621E-03
    1293.,  0.83962388E+01,  0.10412110E+03, -0.11976790E+01,  0.57328941E-03, -0.23507784E-02,  0.14945052E-03
    1294.,  0.82831228E+01,  0.10386337E+03, -0.11976790E+01,  0.65468676E-03, -0.24906942E-02,  0.14963723E-03
    1295.,  0.81914125E+01,  0.10357207E+03, -0.11976790E+01,  0.73777027E-03, -0.26494558E-02,  0.15001207E-03
    1296.,  0.81306984E+01,  0.10325394E+03, -0.11976790E+01,  0.81473863E-03, -0.28252518E-02,  0.15051091E-03
    1297.,  0.81083827E+01,  0.10292052E+03, -0.11976790E+01,  0.87553579E-03, -0.30126091E-02,  0.15094897E-03
    1298.,  0.81274120E+01,  0.10258649E+03, -0.11976790E+01,  0.91094657E-03, -0.32016211E-02,  0.15117443E-03
    1299.,  0.81852658E+01,  0.10226665E+03, -0.11976790E+01,  0.91664140E-03, -0.33791442E-02,  0.15136701E-03
    1300.,  0.82748255E+01,  0.10197288E+03, -0.11976790E+01,  0.89512443E-03, -0.35320945E-02,  0.15202731E-03
    1301.,  0.83865843E+01,  0.10171231E+03, -0.11976790E+01,  0.85405071E-03, -0.36510966E-02,  0.15383154E-03
    1302.,  0.85109971E+01,  0.10148736E+03, -0.11976790E+01,  0.80284167E-03, -0.37322021E-02,  0.15754551E-03
    1303.,  0.86400595E+01,  0.10129679E+03, -0.11976790E+01,  0.75033608E-03, -0.37762516E-02,  0.16160584E-03
    1304.,  0.87679120E+01,  0.10113729E+03, -0.11976790E+01,  0.70300050E-03, -0.37880006E-02,  0.16727553E-03
    1305.,  0.85521705E+01,  0.10066943E+03, -0.11976790E+01,  0.69572169E-03, -0.38516778E-02,  0.13774046E-03
    1306.,  0.87061158E+01,  0.10052395E+03, -0.11976790E+01,  0.68699513E-03, -0.38426863E-02,  0.12397889E-03
    1307.,  0.88918198E+01,  0.10037191E+03, -0.11976790E+01,  0.69562437E-03, -0.37970074E-02,  0.12822171E-03
    1308.,  0.91145309E+01,  0.10021766E+03, -0.11976790E+01,  0.72623258E-03, -0.37000300E-02,  0.13421518E-03
    1309.,  0.93785571E+01,  0.10006810E+03, -0.11976790E+01,  0.78352461E-03, -0.35401426E-02,  0.13963711E-03
    1310.,  0.96857534E+01,  0.99932792E+02, -0.11976790E+01,  0.86040903E-03, -0.33242922E-02,  0.14392480E-03
    1311.,  0.10033654E+02,  0.99823371E+02, -0.11976790E+01,  0.94115695E-03, -0.30862150E-02,  0.14708664E-03
    1312.,  0.10413942E+02,  0.99751623E+02, -0.11976790E+01,  0.10074527E-02, -0.28847529E-02,  0.15100498E-03
    1313.,  0.10812349E+02,  0.99726571E+02, -0.11976790E+01,  0.10484539E-02, -0.27755578E-02,  0.15451540E-03
    1314.,  0.11210756E+02,  0.99751623E+02, -0.11976790E+01,  0.10637773E-02, -0.27722916E-02,  0.15665438E-03
    1315.,  0.11591044E+02,  0.99823371E+02, -0.11976790E+01,  0.10571575E-02, -0.28366808E-02,  0.15775545E-03
    1316.,  0.11938944E+02,  0.99932792E+02, -0.11976790E+01,  0.10291117E-02, -0.29096331E-02,  0.16016746E-03
    1317.,  0.12246141E+02,  0.10006810E+03, -0.11976790E+01,  0.97846955E-03, -0.29489377E-02,  0.16249616E-03
    1318.,  0.12510167E+02,  0.10021766E+03, -0.11976790E+01,  0.90604296E-03, -0.29415164E-02,  0.16566056E-03
    1319.,  0.12732878E+02,  0.10037191E+03, -0.11976790E+01,  0.81785857E-03, -0.28950709E-02,  0.16469225E-03
    1320.,  0.12918582E+02,  0.10052395E+03, -0.11976790E+01,  0.72104352E-03, -0.28240978E-02,  0.16808620E-03
    1321.,  0.13072527E+02,  0.10066943E+03, -0.11976790E+01,  0.62322703E-03, -0.27421805E-02,  0.15902224E-03
    1322.,  0.13217007E+02,  0.10082547E+03, -0.11976790E+01,  0.51590427E-03, -0.26459213E-02,  0.16220766E-03
    1323.,  0.13367387E+02,  0.10101308E+03, -0.11976790E+01,  0.38849734E-03, -0.25271073E-02,  0.15633586E-03
    1324.,  0.13519189E+02,  0.10123722E+03, -0.11976790E+01,  0.24373457E-03, -0.23882747E-02,  0.15375691E-03
    1325.,  0.13665523E+02,  0.10150182E+03, -0.11976790E+01,  0.90168497E-04, -0.22364430E-02,  0.15241943E-03
    1326.,  0.13796973E+02,  0.10180829E+03, -0.11976790E+01, -0.58693644E-04, -0.20817079E-02,  0.15223177E-03
    1327.,  0.13902313E+02,  0.10215383E+03, -0.11976790E+01, -0.18708482E-03, -0.19339661E-02,  0.15220340E-03
    1328.,  0.13970360E+02,  0.10253002E+03, -0.11976790E+01, -0.28247674E-03, -0.18003662E-02,  0.15177104E-03
    1329.,  0.13992743E+02,  0.10292291E+03, -0.11976790E+01, -0.34111226E-03, -0.16835679E-02,  0.15079930E-03
    1330.,  0.13966495E+02,  0.10331507E+03, -0.11976790E+01, -0.36839090E-03, -0.15829770E-02,  0.14988650E-03
    1331.,  0.13895083E+02,  0.10368925E+03, -0.11976790E+01, -0.37442218E-03, -0.14970045E-02,  0.14942916E-03
    1332.,  0.13787214E+02,  0.10403187E+03, -0.11976790E+01, -0.36887069E-03, -0.14243124E-02,  0.14930182E-03
    1333.,  0.13654167E+02,  0.10433502E+03, -0.11976790E+01, -0.35843509E-03, -0.13638012E-02,  0.14928837E-03
    1334.,  0.13507078E+02,  0.10459626E+03, -0.11976790E+01, -0.34684460E-03, -0.13142959E-02,  0.14930175E-03
    1335.,  0.13355169E+02,  0.10481730E+03, -0.11976790E+01, -0.33583250E-03, -0.12744467E-02,  0.14931842E-03
    1336.,  0.13205128E+02,  0.10500218E+03, -0.11976790E+01, -0.32604429E-03, -0.12428249E-02,  0.14933293E-03
    1337.,  0.13061255E+02,  0.10515591E+03, -0.11976790E+01, -0.31758465E-03, -0.12180348E-02,  0.14934507E-03
    1338.,  0.12906679E+02,  0.10530052E+03, -0.11976790E+01, -0.30940110E-03, -0.11963905E-02,  0.14935578E-03
    1339.,  0.12720609E+02,  0.10545135E+03, -0.11976790E+01, -0.30062188E-03, -0.11762485E-02,  0.14936698E-03
    1340.,  0.12497975E+02,  0.10560401E+03, -0.11976790E+01, -0.29132987E-03, -0.11596732E-02,  0.14937740E-03
    1341.,  0.12234682E+02,  0.10575167E+03, -0.11976790E+01, -0.28154490E-03, -0.11497964E-02,  0.14938658E-03
    1342.,  0.11929074E+02,  0.10588494E+03, -0.11976790E+01, -0.27101986E-03, -0.11509334E-02,  0.14939435E-03
    1343.,  0.11583717E+02,  0.10599248E+03, -0.11976790E+01, -0.25893832E-03, -0.11682955E-02,  0.14940037E-03
    1344.,  0.11206833E+02,  0.10606288E+03, -0.11976790E+01, -0.24362782E-03, -0.12069334E-02,  0.14940471E-03
    1345.,  0.10812349E+02,  0.10608744E+03, -0.11976790E+01, -0.22262010E-03, -0.12699172E-02,  0.14940807E-03
    1346.,  0.10417865E+02,  0.10606288E+03, -0.11976790E+01, -0.19335483E-03, -0.13565470E-02,  0.14941145E-03
    1347.,  0.10040981E+02,  0.10599248E+03, -0.11976790E+01, -0.15431614E-03, -0.14619020E-02,  0.14941521E-03
    1348.,  0.96956242E+01,  0.10588494E+03, -0.11976790E+01, -0.10583375E-03, -0.15782882E-02,  0.14941866E-03
    1349.,  0.93900159E+01,  0.10575167E+03, -0.11976790E+01, -0.49967666E-04, -0.16976626E-02,  0.14942075E-03
    1350.,  0.91267226E+01,  0.10560401E+03, -0.11976790E+01,  0.10319728E-04, -0.18135600E-02,  0.14942078E-03
    1351.,  0.89040889E+01,  0.10545135E+03, -0.11976790E+01,  0.72068925E-04, -0.19218276E-02,  0.14941934E-03
    1352.,  0.87180189E+01,  0.10530052E+03, -0.11976790E+01,  0.13287743E-03, -0.20204104E-02,  0.14941685E-03
    1353.,  0.85634430E+01,  0.10515591E+03, -0.11976790E+01,  0.19108796E-03, -0.21087747E-02,  0.14940965E-03
    1354.,  0.84195702E+01,  0.10500218E+03, -0.11976790E+01,  0.25281347E-03, -0.21972346E-02,  0.14939855E-03
    1355.,  0.82695288E+01,  0.10481730E+03, -0.11976790E+01,  0.32665823E-03, -0.22972832E-02,  0.14937364E-03
    1356.,  0.81176202E+01,  0.10459626E+03, -0.11976790E+01,  0.41400376E-03, -0.24092078E-02,  0.14931713E-03
    1357.,  0.79705304E+01,  0.10433502E+03, -0.11976790E+01,  0.51494316E-03, -0.25323838E-02,  0.14918541E-03
    1358.,  0.78374839E+01,  0.10403187E+03, -0.11976790E+01,  0.62687957E-03, -0.26650083E-02,  0.14885151E-03
    1359.,  0.77296146E+01,  0.10368925E+03, -0.11976790E+01,  0.74270405E-03, -0.28041551E-02,  0.14814306E-03
    1360.,  0.76582029E+01,  0.10331507E+03, -0.11976790E+01,  0.84965984E-03, -0.29464902E-02,  0.14717150E-03
    1361.,  0.76319554E+01,  0.10292291E+03, -0.11976790E+01,  0.93105280E-03, -0.30894184E-02,  0.14633552E-03
    1362.,  0.76543375E+01,  0.10253002E+03, -0.11976790E+01,  0.97227025E-03, -0.32314724E-02,  0.14599627E-03
    1363.,  0.77223849E+01,  0.10215383E+03, -0.11976790E+01,  0.96865981E-03, -0.33707416E-02,  0.14580303E-03
    1364.,  0.78277247E+01,  0.10180829E+03, -0.11976790E+01,  0.92880735E-03, -0.35028634E-02,  0.14488962E-03
    1365.,  0.79591749E+01,  0.10150182E+03, -0.11976790E+01,  0.86965785E-03, -0.36211702E-02,  0.14246764E-03
    1366.,  0.81055087E+01,  0.10123722E+03, -0.11976790E+01,  0.80813110E-03, -0.37189623E-02,  0.13729441E-03
    1367.,  0.82573113E+01,  0.10101308E+03, -0.11976790E+01,  0.75563131E-03, -0.37913780E-02,  0.13116183E-03
    1368.,  0.84076909E+01,  0.10082547E+03, -0.11976790E+01,  0.71776313E-03, -0.38355582E-02,  0.12344998E-03
    1369.,  0.82135926E+01,  0.10033424E+03, -0.11976790E+01,  0.79884801E-03, -0.40275582E-02,  0.11668726E-03
    1370.,  0.83905992E+01,  0.10016697E+03, -0.11976790E+01,  0.79732523E-03, -0.40292119E-02,  0.16230039E-03
    1371.,  0.86041219E+01,  0.99992144E+02, -0.11976790E+01,  0.81259150E-03, -0.39870903E-02,  0.17106173E-03
    1372.,  0.88601954E+01,  0.99814793E+02, -0.11976790E+01,  0.86149092E-03, -0.38761548E-02,  0.16977933E-03
    1373.,  0.91637731E+01,  0.99642824E+02, -0.11976790E+01,  0.93948485E-03, -0.36852872E-02,  0.16512479E-03
    1374.,  0.95169878E+01,  0.99487251E+02, -0.11976790E+01,  0.10349836E-02, -0.34196925E-02,  0.15857301E-03
    1375.,  0.99170042E+01,  0.99361439E+02, -0.11976790E+01,  0.11277738E-02, -0.31212814E-02,  0.15243382E-03
    1376.,  0.10354260E+02,  0.99278943E+02, -0.11976790E+01,  0.11963819E-02, -0.28686576E-02,  0.14497129E-03
    1377.,  0.10812349E+02,  0.99250137E+02, -0.11976790E+01,  0.12273051E-02, -0.27393603E-02,  0.14051943E-03
    1378.,  0.11270437E+02,  0.99278943E+02, -0.11976790E+01,  0.12215426E-02, -0.27516409E-02,  0.13719003E-03
    1379.,  0.11707694E+02,  0.99361439E+02, -0.11976790E+01,  0.11881671E-02, -0.28492466E-02,  0.13539871E-03
    1380.,  0.12107710E+02,  0.99487251E+02, -0.11976790E+01,  0.11360644E-02, -0.29504937E-02,  0.13182634E-03
    1381.,  0.12460925E+02,  0.99642824E+02, -0.11976790E+01,  0.10678971E-02, -0.30017299E-02,  0.13020145E-03
    1382.,  0.12764503E+02,  0.99814793E+02, -0.11976790E+01,  0.98501433E-03, -0.29907186E-02,  0.12559483E-03
    1383.,  0.13020576E+02,  0.99992144E+02, -0.11976790E+01,  0.88787425E-03, -0.29292286E-02,  0.13041994E-03
    1384.,  0.13234099E+02,  0.10016697E+03, -0.11976790E+01,  0.78437508E-03, -0.28380733E-02,  0.12119661E-03
    1385.,  0.13411105E+02,  0.10033424E+03, -0.11976790E+01,  0.67940251E-03, -0.27339167E-02,  0.14513255E-03
    1386.,  0.13577228E+02,  0.10051366E+03, -0.11976790E+01,  0.56486600E-03, -0.26150423E-02,  0.12856442E-03
    1387.,  0.13750135E+02,  0.10072937E+03, -0.11976790E+01,  0.42800213E-03, -0.24700303E-02,  0.13791031E-03
    1388.,  0.13924678E+02,  0.10098709E+03, -0.11976790E+01,  0.27289742E-03, -0.23055658E-02,  0.14200945E-03
    1389.,  0.14092932E+02,  0.10129132E+03, -0.11976790E+01,  0.10778296E-03, -0.21332093E-02,  0.14468873E-03
    1390.,  0.14244074E+02,  0.10164370E+03, -0.11976790E+01, -0.53263754E-04, -0.19658991E-02,  0.14471128E-03
    1391.,  0.14365194E+02,  0.10204100E+03, -0.11976790E+01, -0.19232522E-03, -0.18172981E-02,  0.14428941E-03
    1392.,  0.14443435E+02,  0.10247354E+03, -0.11976790E+01, -0.29552964E-03, -0.16950879E-02,  0.14493413E-03
    1393.,  0.14469170E+02,  0.10292529E+03, -0.11976790E+01, -0.35866816E-03, -0.15985464E-02,  0.14686371E-03
    1394.,  0.14438990E+02,  0.10337620E+03, -0.11976790E+01, -0.38744716E-03, -0.15212462E-02,  0.14859481E-03
    1395.,  0.14356881E+02,  0.10380643E+03, -0.11976790E+01, -0.39277171E-03, -0.14563669E-02,  0.14936763E-03
    1396.,  0.14232853E+02,  0.10420038E+03, -0.11976790E+01, -0.38541790E-03, -0.13997829E-02,  0.14951855E-03
    1397.,  0.14079876E+02,  0.10454894E+03, -0.11976790E+01, -0.37311801E-03, -0.13500104E-02,  0.14951223E-03
    1398.,  0.13910752E+02,  0.10484932E+03, -0.11976790E+01, -0.36027940E-03, -0.13068163E-02,  0.14948641E-03
    1399.,  0.13736087E+02,  0.10510346E+03, -0.11976790E+01, -0.34891381E-03, -0.12701457E-02,  0.14946361E-03
    1400.,  0.13563569E+02,  0.10531604E+03, -0.11976790E+01, -0.33965650E-03, -0.12396999E-02,  0.14944633E-03
    1401.,  0.13398144E+02,  0.10549280E+03, -0.11976790E+01, -0.33248355E-03, -0.12149218E-02,  0.14943332E-03
    1402.,  0.13220412E+02,  0.10565908E+03, -0.11976790E+01, -0.32645693E-03, -0.11925496E-02,  0.14942421E-03
    1403.,  0.13006469E+02,  0.10583250E+03, -0.11976790E+01, -0.32122542E-03, -0.11709962E-02,  0.14941444E-03
    1404.,  0.12750484E+02,  0.10600802E+03, -0.11976790E+01, -0.31738430E-03, -0.11525247E-02,  0.14940660E-03
    1405.,  0.12447749E+02,  0.10617780E+03, -0.11976790E+01, -0.31546426E-03, -0.11407335E-02,  0.14940126E-03
    1406.,  0.12096361E+02,  0.10633103E+03, -0.11976790E+01, -0.31557281E-03, -0.11408011E-02,  0.14939769E-03
    1407.,  0.11699269E+02,  0.10645469E+03, -0.11976790E+01, -0.31682628E-03, -0.11591839E-02,  0.14939540E-03
    1408.,  0.11265927E+02,  0.10653563E+03, -0.11976790E+01, -0.31680600E-03, -0.12023201E-02,  0.14939318E-03
    1409.,  0.10812349E+02,  0.10656387E+03, -0.11976790E+01, -0.31156093E-03, -0.12742994E-02,  0.14938871E-03
    1410.,  0.10358770E+02,  0.10653563E+03, -0.11976790E+01, -0.29662467E-03, -0.13745148E-02,  0.14937949E-03
    1411.,  0.99254285E+01,  0.10645469E+03, -0.11976790E+01, -0.26875768E-03, -0.14970088E-02,  0.14936491E-03
    1412.,  0.95283373E+01,  0.10633103E+03, -0.11976790E+01, -0.22729259E-03, -0.16322758E-02,  0.14934706E-03
    1413.,  0.91769484E+01,  0.10617780E+03, -0.11976790E+01, -0.17418653E-03, -0.17703539E-02,  0.14932903E-03
    1414.,  0.88742135E+01,  0.10600802E+03, -0.11976790E+01, -0.11298095E-03, -0.19032979E-02,  0.14931308E-03
    1415.,  0.86182289E+01,  0.10583250E+03, -0.11976790E+01, -0.47536835E-04, -0.20261171E-02,  0.14929783E-03
    1416.,  0.84042854E+01,  0.10565908E+03, -0.11976790E+01,  0.18829749E-04, -0.21364962E-02,  0.14928302E-03
    1417.,  0.82265537E+01,  0.10549280E+03, -0.11976790E+01,  0.83680285E-04, -0.22339981E-02,  0.14927820E-03
    1418.,  0.80611286E+01,  0.10531604E+03, -0.11976790E+01,  0.15354918E-03, -0.23300165E-02,  0.14927324E-03
    1419.,  0.78886108E+01,  0.10510346E+03, -0.11976790E+01,  0.23831876E-03, -0.24364323E-02,  0.14928352E-03
    1420.,  0.77139460E+01,  0.10484932E+03, -0.11976790E+01,  0.33987342E-03, -0.25523440E-02,  0.14933291E-03
    1421.,  0.75448220E+01,  0.10454894E+03, -0.11976790E+01,  0.45863739E-03, -0.26756366E-02,  0.14947884E-03
    1422.,  0.73918450E+01,  0.10420038E+03, -0.11976790E+01,  0.59185993E-03, -0.28030327E-02,  0.14998226E-03
    1423.,  0.72678168E+01,  0.10380643E+03, -0.11976790E+01,  0.73146474E-03, -0.29309803E-02,  0.15123946E-03
    1424.,  0.71857075E+01,  0.10337620E+03, -0.11976790E+01,  0.86276336E-03, -0.30575246E-02,  0.15314151E-03
    1425.,  0.71555280E+01,  0.10292529E+03, -0.11976790E+01,  0.96641230E-03, -0.31841586E-02,  0.15493981E-03
    1426.,  0.71812629E+01,  0.10247354E+03, -0.11976790E+01,  0.10251486E-02, -0.33150489E-02,  0.15534187E-03
    1427.,  0.72595040E+01,  0.10204100E+03, -0.11976790E+01,  0.10326464E-02, -0.34525881E-02,  0.15511024E-03
    1428.,  0.73806238E+01,  0.10164370E+03, -0.11976790E+01,  0.99838955E-03, -0.35923241E-02,  0.15667369E-03
    1429.,  0.75317654E+01,  0.10129132E+03, -0.11976790E+01,  0.94333473E-03, -0.37240116E-02,  0.16062301E-03
    1430.,  0.77000203E+01,  0.10098709E+03, -0.11976790E+01,  0.88811734E-03, -0.38376934E-02,  0.16707695E-03
    1431.,  0.78745632E+01,  0.10072937E+03, -0.11976790E+01,  0.84444731E-03, -0.39277198E-02,  0.17019929E-03
    1432.,  0.80474698E+01,  0.10051366E+03, -0.11976790E+01,  0.81451309E-03, -0.39920771E-02,  0.17069002E-03
    1433.,  0.78750147E+01,  0.99999043E+02, -0.11976790E+01,  0.92219041E-03, -0.42576709E-02,  0.44560194E-03
    1434.,  0.80750825E+01,  0.99809983E+02, -0.11976790E+01,  0.91191174E-03, -0.42959767E-02,  0.30015606E-03
    1435.,  0.83164240E+01,  0.99612383E+02, -0.11976790E+01,  0.95743749E-03, -0.42588749E-02,  0.21071102E-03
    1436.,  0.86058599E+01,  0.99411925E+02, -0.11976790E+01,  0.10411257E-02, -0.41363735E-02,  0.17540281E-03
    1437.,  0.89489891E+01,  0.99217552E+02, -0.11976790E+01,  0.11544107E-02, -0.39052811E-02,  0.15642254E-03
    1438.,  0.93482222E+01,  0.99041709E+02, -0.11976790E+01,  0.12761827E-02, -0.35654679E-02,  0.15200803E-03
    1439.,  0.98003546E+01,  0.98899506E+02, -0.11976790E+01,  0.13804472E-02, -0.31676273E-02,  0.15480644E-03
    1440.,  0.10294579E+02,  0.98806262E+02, -0.11976790E+01,  0.14425878E-02, -0.28281542E-02,  0.15654564E-03
    1441.,  0.10812349E+02,  0.98773704E+02, -0.11976790E+01,  0.14462969E-02, -0.26758304E-02,  0.14379658E-03
    1442.,  0.11330119E+02,  0.98806262E+02, -0.11976790E+01,  0.13938323E-02, -0.27345845E-02,  0.14264781E-03
    1443.,  0.11824343E+02,  0.98899506E+02, -0.11976790E+01,  0.13112885E-02, -0.29046859E-02,  0.14390203E-03
    1444.,  0.12276476E+02,  0.99041709E+02, -0.11976790E+01,  0.12202735E-02, -0.30602829E-02,  0.14065104E-03
    1445.,  0.12675709E+02,  0.99217552E+02, -0.11976790E+01,  0.11301334E-02, -0.31313652E-02,  0.12605978E-03
    1446.,  0.13018838E+02,  0.99411925E+02, -0.11976790E+01,  0.10362834E-02, -0.31122459E-02,  0.12234323E-03
    1447.,  0.13308274E+02,  0.99612383E+02, -0.11976790E+01,  0.93725056E-03, -0.30319518E-02,  0.10291390E-03
    1448.,  0.13549615E+02,  0.99809983E+02, -0.11976790E+01,  0.82262446E-03, -0.29121078E-02,  0.12660428E-03
    1449.,  0.13749683E+02,  0.99999043E+02, -0.11976790E+01,  0.70901515E-03, -0.27806444E-02,  0.71538557E-04
    1450.,  0.13937449E+02,  0.10020184E+03, -0.11976790E+01,  0.58328892E-03, -0.26272581E-02,  0.14498631E-03
    1451.,  0.14132883E+02,  0.10044566E+03, -0.11976790E+01,  0.43712488E-03, -0.24479080E-02,  0.14701021E-03
    1452.,  0.14330166E+02,  0.10073695E+03, -0.11976790E+01,  0.27284989E-03, -0.22542601E-02,  0.14821891E-03
    1453.,  0.14520342E+02,  0.10108082E+03, -0.11976790E+01,  0.98275379E-04, -0.20542619E-02,  0.14505130E-03
    1454.,  0.14691175E+02,  0.10147911E+03, -0.11976790E+01, -0.68128574E-04, -0.18677185E-02,  0.14593405E-03
    1455.,  0.14828075E+02,  0.10192817E+03, -0.11976790E+01, -0.20756643E-03, -0.17125857E-02,  0.14780387E-03
    1456.,  0.14916509E+02,  0.10241707E+03, -0.11976790E+01, -0.30820375E-03, -0.15970276E-02,  0.14825609E-03
    1457.,  0.14945597E+02,  0.10292767E+03, -0.11976790E+01, -0.36894038E-03, -0.15158736E-02,  0.14809410E-03
    1458.,  0.14911486E+02,  0.10343733E+03, -0.11976790E+01, -0.39696386E-03, -0.14569122E-02,  0.14844676E-03
    1459.,  0.14818679E+02,  0.10392361E+03, -0.11976790E+01, -0.40312132E-03, -0.14089024E-02,  0.14883576E-03
    1460.,  0.14678492E+02,  0.10436889E+03, -0.11976790E+01, -0.39751255E-03, -0.13656389E-02,  0.14914467E-03
    1461.,  0.14505584E+02,  0.10476285E+03, -0.11976790E+01, -0.38736013E-03, -0.13253497E-02,  0.14928821E-03
    1462.,  0.14314426E+02,  0.10510237E+03, -0.11976790E+01, -0.37686666E-03, -0.12884343E-02,  0.14934611E-03
    1463.,  0.14117005E+02,  0.10538963E+03, -0.11976790E+01, -0.36801403E-03, -0.12556864E-02,  0.14937012E-03
    1464.,  0.13922011E+02,  0.10562990E+03, -0.11976790E+01, -0.36143407E-03, -0.12275668E-02,  0.14938467E-03
    1465.,  0.13735033E+02,  0.10582969E+03, -0.11976790E+01, -0.35706350E-03, -0.12040935E-02,  0.14939341E-03
    1466.,  0.13534146E+02,  0.10601763E+03, -0.11976790E+01, -0.35432498E-03, -0.11824771E-02,  0.14939181E-03
    1467.,  0.13292329E+02,  0.10621364E+03, -0.11976790E+01, -0.35344256E-03, -0.11613059E-02,  0.14939341E-03
    1468.,  0.13002994E+02,  0.10641204E+03, -0.11976790E+01, -0.35534300E-03, -0.11429668E-02,  0.14939483E-03
    1469.,  0.12660817E+02,  0.10660394E+03, -0.11976790E+01, -0.36088512E-03, -0.11314054E-02,  0.14939447E-03
    1470.,  0.12263647E+02,  0.10677713E+03, -0.11976790E+01, -0.37037320E-03, -0.11324568E-02,  0.14939355E-03
    1471.,  0.11814821E+02,  0.10691689E+03, -0.11976790E+01, -0.38280331E-03, -0.11535800E-02,  0.14939197E-03
    1472.,  0.11325022E+02,  0.10700839E+03, -0.11976790E+01, -0.39513135E-03, -0.12023840E-02,  0.14938950E-03
    1473.,  0.10812349E+02,  0.10704030E+03, -0.11976790E+01, -0.40223274E-03, -0.12838464E-02,  0.14938604E-03
    1474.,  0.10299676E+02,  0.10700839E+03, -0.11976790E+01, -0.39817356E-03, -0.13974273E-02,  0.14938192E-03
    1475.,  0.98098764E+01,  0.10691689E+03, -0.11976790E+01, -0.37844659E-03, -0.15361985E-02,  0.14937777E-03
    1476.,  0.93610504E+01,  0.10677713E+03, -0.11976790E+01, -0.34174188E-03, -0.16889896E-02,  0.14937448E-03
    1477.,  0.89638810E+01,  0.10660394E+03, -0.11976790E+01, -0.29008627E-03, -0.18441309E-02,  0.14937308E-03
    1478.,  0.86217043E+01,  0.10641204E+03, -0.11976790E+01, -0.22758644E-03, -0.19924283E-02,  0.14937421E-03
    1479.,  0.83323689E+01,  0.10621364E+03, -0.11976790E+01, -0.15885362E-03, -0.21282522E-02,  0.14938335E-03
    1480.,  0.80905518E+01,  0.10601763E+03, -0.11976790E+01, -0.87922247E-04, -0.22491409E-02,  0.14939888E-03
    1481.,  0.78896645E+01,  0.10582969E+03, -0.11976790E+01, -0.17796385E-04, -0.23548259E-02,  0.14940192E-03
    1482.,  0.77026871E+01,  0.10562990E+03, -0.11976790E+01,  0.58426867E-04, -0.24577363E-02,  0.14944015E-03
    1483.,  0.75076928E+01,  0.10538963E+03, -0.11976790E+01,  0.15167242E-03, -0.25702096E-02,  0.14950000E-03
    1484.,  0.73102719E+01,  0.10510237E+03, -0.11976790E+01,  0.26437002E-03, -0.26904852E-02,  0.14959515E-03
    1485.,  0.71191136E+01,  0.10476285E+03, -0.11976790E+01,  0.39760626E-03, -0.28153702E-02,  0.14982292E-03
    1486.,  0.69462061E+01,  0.10436889E+03, -0.11976790E+01,  0.54930741E-03, -0.29405868E-02,  0.15012758E-03
    1487.,  0.68060189E+01,  0.10392361E+03, -0.11976790E+01,  0.71185209E-03, -0.30621508E-02,  0.15049584E-03
    1488.,  0.67132120E+01,  0.10343733E+03, -0.11976790E+01,  0.87023474E-03, -0.31791319E-02,  0.15053988E-03
    1489.,  0.66791006E+01,  0.10292767E+03, -0.11976790E+01,  0.10034985E-02, -0.32965311E-02,  0.14931667E-03
    1490.,  0.67081884E+01,  0.10241707E+03, -0.11976790E+01,  0.10907890E-02, -0.34244502E-02,  0.15012889E-03
    1491.,  0.67966230E+01,  0.10192817E+03, -0.11976790E+01,  0.11204198E-02, -0.35700130E-02,  0.15262998E-03
    1492.,  0.69335230E+01,  0.10147911E+03, -0.11976790E+01,  0.10980289E-02, -0.37289754E-02,  0.15200274E-03
    1493.,  0.71043560E+01,  0.10108082E+03, -0.11976790E+01,  0.10462636E-02, -0.38835092E-02,  0.15254404E-03
    1494.,  0.72945319E+01,  0.10073695E+03, -0.11976790E+01,  0.99365311E-03, -0.40147927E-02,  0.16217386E-03
    1495.,  0.74918150E+01,  0.10044566E+03, -0.11976790E+01,  0.95740186E-03, -0.41172046E-02,  0.19115877E-03
    1496.,  0.76872487E+01,  0.10020184E+03, -0.11976790E+01,  0.93902973E-03, -0.41959513E-02,  0.25400612E-03
    1497.,  0.75364368E+01,  0.99663851E+02, -0.11976790E+01,  0.10160837E-02, -0.45414601E-02, -0.10909006E-02
    1498.,  0.77595659E+01,  0.99452998E+02, -0.11976790E+01,  0.10525510E-02, -0.46224604E-02, -0.66933097E-03
    1499.,  0.80287260E+01,  0.99232622E+02, -0.11976790E+01,  0.11587101E-02, -0.46066972E-02, -0.26806165E-03
    1500.,  0.83515244E+01,  0.99009058E+02, -0.11976790E+01,  0.13192133E-02, -0.44905605E-02, -0.12126098E-03
    1501.,  0.87342051E+01,  0.98792279E+02, -0.11976790E+01,  0.15017876E-02, -0.42304562E-02, -0.18029251E-07
    1502.,  0.91794566E+01,  0.98596168E+02, -0.11976790E+01,  0.16595023E-02, -0.38030601E-02,  0.72919708E-04
    1503.,  0.96837050E+01,  0.98437574E+02, -0.11976790E+01,  0.17617960E-02, -0.32546746E-02,  0.10212576E-03
    1504.,  0.10234897E+02,  0.98333582E+02, -0.11976790E+01,  0.17867888E-02, -0.27705829E-02,  0.15201069E-03
    1505.,  0.10812349E+02,  0.98297271E+02, -0.11976790E+01,  0.17003585E-02, -0.25956845E-02,  0.25014318E-03
    1506.,  0.11389801E+02,  0.98333582E+02, -0.11976790E+01,  0.15304878E-02, -0.27499426E-02,  0.27468427E-03
    1507.,  0.11940993E+02,  0.98437574E+02, -0.11976790E+01,  0.13494753E-02, -0.30391688E-02,  0.27642567E-03
    1508.,  0.12445241E+02,  0.98596168E+02, -0.11976790E+01,  0.12172767E-02, -0.32656578E-02,  0.31563841E-03
    1509.,  0.12890493E+02,  0.98792279E+02, -0.11976790E+01,  0.11227321E-02, -0.33441242E-02,  0.40912464E-03
    1510.,  0.13273173E+02,  0.99009058E+02, -0.11976790E+01,  0.10445824E-02, -0.33020556E-02,  0.47351844E-03
    1511.,  0.13595972E+02,  0.99232622E+02, -0.11976790E+01,  0.95698843E-03, -0.31720667E-02,  0.53225101E-03
    1512.,  0.13865132E+02,  0.99452998E+02, -0.11976790E+01,  0.87375075E-03, -0.30258484E-02,  0.48436132E-03
    1513.,  0.14088261E+02,  0.99663851E+02, -0.11976790E+01,  0.73829642E-03, -0.28352570E-02,  0.58543164E-03
    1514.,  0.14297670E+02,  0.99890023E+02, -0.11976790E+01,  0.59751954E-03, -0.26354066E-02,  0.30658343E-03
    1515.,  0.14515631E+02,  0.10016195E+03, -0.11976790E+01,  0.44327797E-03, -0.24292048E-02,  0.23071817E-03
    1516.,  0.14735654E+02,  0.10048681E+03, -0.11976790E+01,  0.26257396E-03, -0.21971488E-02,  0.20901610E-03
    1517.,  0.14947751E+02,  0.10087032E+03, -0.11976790E+01,  0.74839134E-04, -0.19645423E-02,  0.20299736E-03
    1518.,  0.15138276E+02,  0.10131452E+03, -0.11976790E+01, -0.95832741E-04, -0.17589599E-02,  0.19837566E-03
    1519.,  0.15290956E+02,  0.10181534E+03, -0.11976790E+01, -0.22949003E-03, -0.16043401E-02,  0.19590238E-03
    1520.,  0.15389584E+02,  0.10236060E+03, -0.11976790E+01, -0.32095352E-03, -0.15033367E-02,  0.18994914E-03
    1521.,  0.15422025E+02,  0.10293005E+03, -0.11976790E+01, -0.37454544E-03, -0.14420461E-02,  0.17376310E-03
    1522.,  0.15383981E+02,  0.10349846E+03, -0.11976790E+01, -0.39991079E-03, -0.14016970E-02,  0.15764187E-03
    1523.,  0.15280477E+02,  0.10404079E+03, -0.11976790E+01, -0.40747794E-03, -0.13683364E-02,  0.15066967E-03
    1524.,  0.15124131E+02,  0.10453740E+03, -0.11976790E+01, -0.40550498E-03, -0.13355519E-02,  0.14877869E-03
    1525.,  0.14931293E+02,  0.10497677E+03, -0.11976790E+01, -0.39961911E-03, -0.13025508E-02,  0.14843097E-03
    1526.,  0.14718100E+02,  0.10535542E+03, -0.11976790E+01, -0.39334463E-03, -0.12706459E-02,  0.14849739E-03
    1527.,  0.14497923E+02,  0.10567579E+03, -0.11976790E+01, -0.38849983E-03, -0.12412814E-02,  0.14865469E-03
    1528.,  0.14280452E+02,  0.10594376E+03, -0.11976790E+01, -0.38570596E-03, -0.12153919E-02,  0.14877641E-03
    1529.,  0.14071923E+02,  0.10616658E+03, -0.11976790E+01, -0.38491867E-03, -0.11933733E-02,  0.14887665E-03
    1530.,  0.13847880E+02,  0.10637618E+03, -0.11976790E+01, -0.38606493E-03, -0.11728023E-02,  0.14899700E-03
    1531.,  0.13578189E+02,  0.10659479E+03, -0.11976790E+01, -0.38997379E-03, -0.11524391E-02,  0.14910397E-03
    1532.,  0.13255503E+02,  0.10681605E+03, -0.11976790E+01, -0.39786068E-03, -0.11347422E-02,  0.14919332E-03
    1533.,  0.12873884E+02,  0.10703007E+03, -0.11976790E+01, -0.41088139E-03, -0.11239013E-02,  0.14926918E-03
    1534.,  0.12430934E+02,  0.10722323E+03, -0.11976790E+01, -0.42955143E-03, -0.11263115E-02,  0.14932927E-03
    1535.,  0.11930373E+02,  0.10737910E+03, -0.11976790E+01, -0.45283141E-03, -0.11504026E-02,  0.14937422E-03
    1536.,  0.11384116E+02,  0.10748114E+03, -0.11976790E+01, -0.47715780E-03, -0.12050411E-02,  0.14941138E-03
    1537.,  0.10812349E+02,  0.10751674E+03, -0.11976790E+01, -0.49627682E-03, -0.12962628E-02,  0.14945816E-03
    1538.,  0.10240582E+02,  0.10748114E+03, -0.11976790E+01, -0.50274400E-03, -0.14237112E-02,  0.14953394E-03
    1539.,  0.96943244E+01,  0.10737910E+03, -0.11976790E+01, -0.49073906E-03, -0.15794471E-02,  0.14964294E-03
    1540.,  0.91937635E+01,  0.10722323E+03, -0.11976790E+01, -0.45835615E-03, -0.17504866E-02,  0.14976647E-03
    1541.,  0.87508135E+01,  0.10703007E+03, -0.11976790E+01, -0.40781641E-03, -0.19233326E-02,  0.14987704E-03
    1542.,  0.83691952E+01,  0.10681605E+03, -0.11976790E+01, -0.34390063E-03, -0.20875317E-02,  0.14995666E-03
    1543.,  0.80465089E+01,  0.10659479E+03, -0.11976790E+01, -0.27202239E-03, -0.22368732E-02,  0.14999401E-03
    1544.,  0.77768183E+01,  0.10637618E+03, -0.11976790E+01, -0.19690214E-03, -0.23688261E-02,  0.15000841E-03
    1545.,  0.75527752E+01,  0.10616658E+03, -0.11976790E+01, -0.12207181E-03, -0.24833366E-02,  0.15002883E-03
    1546.,  0.73442455E+01,  0.10594376E+03, -0.11976790E+01, -0.40269999E-04, -0.25939694E-02,  0.14988118E-03
    1547.,  0.71267748E+01,  0.10567579E+03, -0.11976790E+01,  0.60340842E-04, -0.27137677E-02,  0.14954184E-03
    1548.,  0.69065978E+01,  0.10535542E+03, -0.11976790E+01,  0.18274506E-03, -0.28402806E-02,  0.14881003E-03
    1549.,  0.66934053E+01,  0.10497677E+03, -0.11976790E+01,  0.32890592E-03, -0.29693409E-02,  0.14692600E-03
    1550.,  0.65005672E+01,  0.10453740E+03, -0.11976790E+01,  0.49828662E-03, -0.30953832E-02,  0.14228364E-03
    1551.,  0.63442210E+01,  0.10404079E+03, -0.11976790E+01,  0.68486996E-03, -0.32133863E-02,  0.13066197E-03
    1552.,  0.62407166E+01,  0.10349846E+03, -0.11976790E+01,  0.87412173E-03, -0.33216430E-02,  0.11360347E-03
    1553.,  0.62026732E+01,  0.10293005E+03, -0.11976790E+01,  0.10435895E-02, -0.34260563E-02,  0.10428767E-03
    1554.,  0.62351139E+01,  0.10236060E+03, -0.11976790E+01,  0.11696789E-02, -0.35440636E-02,  0.98744439E-04
    1555.,  0.63337421E+01,  0.10181534E+03, -0.11976790E+01,  0.12306905E-02, -0.36946808E-02,  0.91433232E-04
    1556.,  0.64864221E+01,  0.10131452E+03, -0.11976790E+01,  0.12219085E-02, -0.38761356E-02,  0.82419425E-04
    1557.,  0.66769466E+01,  0.10087032E+03, -0.11976790E+01,  0.11676026E-02, -0.40668917E-02,  0.54815166E-04
    1558.,  0.68890434E+01,  0.10048681E+03, -0.11976790E+01,  0.11053568E-02, -0.42304374E-02, -0.23827359E-04
    1559.,  0.71090668E+01,  0.10016195E+03, -0.11976790E+01,  0.10668941E-02, -0.43408624E-02, -0.18316449E-03
    1560.,  0.73270276E+01,  0.99890023E+02, -0.11976790E+01,  0.10555120E-02, -0.44123722E-02, -0.52535205E-03
    1561.,  0.71978590E+01,  0.99328659E+02, -0.11976790E+01,  0.10677907E-02, -0.52096913E-02,  0.32108813E-02
    1562.,  0.74440493E+01,  0.99096014E+02, -0.11976790E+01,  0.11783329E-02, -0.53633812E-02,  0.23019519E-02
    1563.,  0.77410281E+01,  0.98852860E+02, -0.11976790E+01,  0.14802759E-02, -0.52396648E-02,  0.14372376E-02
    1564.,  0.80971889E+01,  0.98606190E+02, -0.11976790E+01,  0.17747179E-02, -0.50010326E-02,  0.11818862E-02
    1565.,  0.85194211E+01,  0.98367007E+02, -0.11976790E+01,  0.20546127E-02, -0.46764607E-02,  0.73048060E-03
    1566.,  0.90106911E+01,  0.98150627E+02, -0.11976790E+01,  0.22703887E-02, -0.41807051E-02,  0.41187329E-03
    1567.,  0.95670554E+01,  0.97975642E+02, -0.11976790E+01,  0.23674447E-02, -0.34321595E-02,  0.29296587E-03
    1568.,  0.10175215E+02,  0.97860901E+02, -0.11976790E+01,  0.22965697E-02, -0.27018556E-02,  0.10080871E-03
    1569.,  0.10812349E+02,  0.97820837E+02, -0.11976790E+01,  0.19953556E-02, -0.25319955E-02, -0.24389739E-03
    1570.,  0.11449483E+02,  0.97860901E+02, -0.11976790E+01,  0.15366258E-02, -0.28563430E-02, -0.32949877E-03
    1571.,  0.12057642E+02,  0.97975642E+02, -0.11976790E+01,  0.11879735E-02, -0.32987829E-02, -0.34226366E-03
    1572.,  0.12614007E+02,  0.98150627E+02, -0.11976790E+01,  0.10278939E-02, -0.35964867E-02, -0.51666017E-03
    1573.,  0.13105277E+02,  0.98367007E+02, -0.11976790E+01,  0.98995820E-03, -0.36977589E-02, -0.80882432E-03
    1574.,  0.13527509E+02,  0.98606190E+02, -0.11976790E+01,  0.98281053E-03, -0.36436084E-02, -0.10239557E-02
    1575.,  0.13883670E+02,  0.98852860E+02, -0.11976790E+01,  0.94709241E-03, -0.34664398E-02, -0.11179943E-02
    1576.,  0.14180649E+02,  0.99096014E+02, -0.11976790E+01,  0.89816032E-03, -0.32283972E-02, -0.10587018E-02
    1577.,  0.14426839E+02,  0.99328659E+02, -0.11976790E+01,  0.82166142E-03, -0.29673726E-02, -0.12383924E-02
    1578.,  0.14657891E+02,  0.99578206E+02, -0.11976790E+01,  0.62254223E-03, -0.26494073E-02, -0.48353038E-03
    1579.,  0.14898379E+02,  0.99878234E+02, -0.11976790E+01,  0.45946872E-03, -0.23852288E-02, -0.15508274E-03
    1580.,  0.15141143E+02,  0.10023668E+03, -0.11976790E+01,  0.25963695E-03, -0.21062390E-02, -0.62432668E-04
    1581.,  0.15375161E+02,  0.10065982E+03, -0.11976790E+01,  0.48430049E-04, -0.18356414E-02, -0.18608994E-04
    1582.,  0.15585377E+02,  0.10114993E+03, -0.11976790E+01, -0.12632769E-03, -0.16238816E-02, -0.86677293E-05
    1583.,  0.15753837E+02,  0.10170252E+03, -0.11976790E+01, -0.25051745E-03, -0.14890797E-02, -0.19154674E-04
    1584.,  0.15862658E+02,  0.10230412E+03, -0.11976790E+01, -0.32975011E-03, -0.14183023E-02, -0.25636207E-05
    1585.,  0.15898452E+02,  0.10293243E+03, -0.11976790E+01, -0.37417141E-03, -0.13847785E-02,  0.67080532E-04
    1586.,  0.15856477E+02,  0.10355959E+03, -0.11976790E+01, -0.39685148E-03, -0.13641093E-02,  0.12825947E-03
    1587.,  0.15742275E+02,  0.10415797E+03, -0.11976790E+01, -0.40731807E-03, -0.13421552E-02,  0.14937756E-03
    1588.,  0.15569770E+02,  0.10470590E+03, -0.11976790E+01, -0.41049156E-03, -0.13161365E-02,  0.15351766E-03
    1589.,  0.15357001E+02,  0.10519069E+03, -0.11976790E+01, -0.41002849E-03, -0.12876674E-02,  0.15368056E-03
    1590.,  0.15121774E+02,  0.10560847E+03, -0.11976790E+01, -0.40880945E-03, -0.12590432E-02,  0.15292712E-03
    1591.,  0.14878841E+02,  0.10596196E+03, -0.11976790E+01, -0.40858771E-03, -0.12320870E-02,  0.15213255E-03
    1592.,  0.14638894E+02,  0.10625762E+03, -0.11976790E+01, -0.41003310E-03, -0.12079001E-02,  0.15160434E-03
    1593.,  0.14408812E+02,  0.10650347E+03, -0.11976790E+01, -0.41313517E-03, -0.11869983E-02,  0.15119451E-03
    1594.,  0.14161613E+02,  0.10673473E+03, -0.11976790E+01, -0.41835218E-03, -0.11672707E-02,  0.15075098E-03
    1595.,  0.13864049E+02,  0.10697594E+03, -0.11976790E+01, -0.42720892E-03, -0.11475673E-02,  0.15035245E-03
    1596.,  0.13508012E+02,  0.10722006E+03, -0.11976790E+01, -0.44122082E-03, -0.11303606E-02,  0.15003016E-03
    1597.,  0.13086952E+02,  0.10745621E+03, -0.11976790E+01, -0.46186819E-03, -0.11199967E-02,  0.14976639E-03
    1598.,  0.12598221E+02,  0.10766933E+03, -0.11976790E+01, -0.49002697E-03, -0.11233824E-02,  0.14956197E-03
    1599.,  0.12045926E+02,  0.10784131E+03, -0.11976790E+01, -0.52483856E-03, -0.11499827E-02,  0.14941645E-03
    1600.,  0.11443210E+02,  0.10795389E+03, -0.11976790E+01, -0.56236941E-03, -0.12101713E-02,  0.14930367E-03
    1601.,  0.10812349E+02,  0.10799317E+03, -0.11976790E+01, -0.59511670E-03, -0.13113946E-02,  0.14915591E-03
    1602.,  0.10181488E+02,  0.10795389E+03, -0.11976790E+01, -0.61370781E-03, -0.14536874E-02,  0.14889240E-03
    1603.,  0.95787723E+01,  0.10784131E+03, -0.11976790E+01, -0.61056481E-03, -0.16279850E-02,  0.14848901E-03
    1604.,  0.90264766E+01,  0.10766933E+03, -0.11976790E+01, -0.58302160E-03, -0.18191475E-02,  0.14801335E-03
    1605.,  0.85377461E+01,  0.10745621E+03, -0.11976790E+01, -0.53363393E-03, -0.20115360E-02,  0.14756706E-03
    1606.,  0.81166860E+01,  0.10722006E+03, -0.11976790E+01, -0.46810935E-03, -0.21932943E-02,  0.14721860E-03
    1607.,  0.77606489E+01,  0.10697594E+03, -0.11976790E+01, -0.39283752E-03, -0.23576557E-02,  0.14698305E-03
    1608.,  0.74630848E+01,  0.10673473E+03, -0.11976790E+01, -0.31336760E-03, -0.25020715E-02,  0.14677574E-03
    1609.,  0.72158860E+01,  0.10650347E+03, -0.11976790E+01, -0.23372914E-03, -0.26267335E-02,  0.14655930E-03
    1610.,  0.69858039E+01,  0.10625762E+03, -0.11976790E+01, -0.14639690E-03, -0.27465994E-02,  0.14679447E-03
    1611.,  0.67458568E+01,  0.10596196E+03, -0.11976790E+01, -0.38625896E-04, -0.28756293E-02,  0.14751577E-03
    1612.,  0.65029237E+01,  0.10560847E+03, -0.11976790E+01,  0.93052770E-04, -0.30110049E-02,  0.14937438E-03
    1613.,  0.62676969E+01,  0.10519069E+03, -0.11976790E+01,  0.25139431E-03, -0.31477792E-02,  0.15454036E-03
    1614.,  0.60549283E+01,  0.10470590E+03, -0.11976790E+01,  0.43754025E-03, -0.32788113E-02,  0.16821343E-03
    1615.,  0.58824231E+01,  0.10415797E+03, -0.11976790E+01,  0.64918814E-03, -0.33961850E-02,  0.20878916E-03
    1616.,  0.57682211E+01,  0.10355959E+03, -0.11976790E+01,  0.87271341E-03, -0.34959679E-02,  0.27925564E-03
    1617.,  0.57262458E+01,  0.10293243E+03, -0.11976790E+01,  0.10807258E-02, -0.35787656E-02,  0.32634026E-03
    1618.,  0.57620394E+01,  0.10230412E+03, -0.11976790E+01,  0.12535044E-02, -0.36664746E-02,  0.33575913E-03
    1619.,  0.58708612E+01,  0.10170252E+03, -0.11976790E+01,  0.13602503E-02, -0.38033903E-02,  0.34786744E-03
    1620.,  0.60393212E+01,  0.10114993E+03, -0.11976790E+01,  0.13645962E-02, -0.40086194E-02,  0.37801973E-03
    1621.,  0.62495371E+01,  0.10065982E+03, -0.11976790E+01,  0.13002876E-02, -0.42392833E-02,  0.49706008E-03
    1622.,  0.64835550E+01,  0.10023668E+03, -0.11976790E+01,  0.12118643E-02, -0.44665138E-02,  0.86862318E-03
    1623.,  0.67263186E+01,  0.99878234E+02, -0.11976790E+01,  0.11353919E-02, -0.46909352E-02,  0.13047342E-02
    1624.,  0.69668064E+01,  0.99578206E+02, -0.11976790E+01,  0.11226723E-02, -0.49179754E-02,  0.20972162E-02
    1625.,  0.68592811E+01,  0.98993467E+02, -0.11976790E+01,  0.13167643E-02, -0.75244227E-02, -0.49263563E-02
    1626.,  0.71285326E+01,  0.98739029E+02, -0.11976790E+01,  0.18778421E-02, -0.74073029E-02, -0.34411765E-02
    1627.,  0.74533302E+01,  0.98473099E+02, -0.11976790E+01,  0.24142520E-02, -0.72338521E-02, -0.21561462E-02
    1628.,  0.78428534E+01,  0.98203323E+02, -0.11976790E+01,  0.29431060E-02, -0.65527186E-02, -0.18850920E-02
    1629.,  0.83046371E+01,  0.97941735E+02, -0.11976790E+01,  0.32191933E-02, -0.57538845E-02, -0.99078062E-03
    1630.,  0.88419255E+01,  0.97705086E+02, -0.11976790E+01,  0.33173126E-02, -0.48229709E-02, -0.32461902E-03
    1631.,  0.94504058E+01,  0.97513709E+02, -0.11976790E+01,  0.33290726E-02, -0.37748936E-02, -0.53895195E-04
    1632.,  0.10115533E+02,  0.97388221E+02, -0.11976790E+01,  0.31151618E-02, -0.26357733E-02,  0.34635332E-03
    1633.,  0.10812349E+02,  0.97344404E+02, -0.11976790E+01,  0.24309519E-02, -0.24626070E-02,  0.10127984E-02
    1634.,  0.11509165E+02,  0.97388221E+02, -0.11976790E+01,  0.12815074E-02, -0.33643210E-02,  0.11541469E-02
    1635.,  0.12174292E+02,  0.97513709E+02, -0.11976790E+01,  0.55788618E-03, -0.40625330E-02,  0.12230195E-02
    1636.,  0.12782772E+02,  0.97705086E+02, -0.11976790E+01,  0.33649327E-03, -0.45501273E-02,  0.14893243E-02
    1637.,  0.13320061E+02,  0.97941735E+02, -0.11976790E+01,  0.45090658E-03, -0.48896929E-02,  0.20549975E-02
    1638.,  0.13781845E+02,  0.98203323E+02, -0.11976790E+01,  0.67371486E-03, -0.48510827E-02,  0.24956413E-02
    1639.,  0.14171368E+02,  0.98473099E+02, -0.11976790E+01,  0.81070935E-03, -0.45487167E-02,  0.25241141E-02
    1640.,  0.14496165E+02,  0.98739029E+02, -0.11976790E+01,  0.80926394E-03, -0.39506486E-02,  0.23992997E-02
    1641.,  0.14765417E+02,  0.98993467E+02, -0.11976790E+01,  0.86663347E-03, -0.36089712E-02,  0.27156916E-02
    1642.,  0.15018113E+02,  0.99266390E+02, -0.11976790E+01,  0.67501739E-03, -0.27219148E-02,  0.13412726E-02
    1643.,  0.15281127E+02,  0.99594522E+02, -0.11976790E+01,  0.54180712E-03, -0.22963914E-02,  0.71604339E-03
    1644.,  0.15546631E+02,  0.99986544E+02, -0.11976790E+01,  0.28324363E-03, -0.19333687E-02,  0.51693283E-03
    1645.,  0.15802570E+02,  0.10044932E+03, -0.11976790E+01,  0.34966738E-04, -0.16496553E-02,  0.33801195E-03
    1646.,  0.16032478E+02,  0.10098534E+03, -0.11976790E+01, -0.15229546E-03, -0.14618698E-02,  0.35132176E-03
    1647.,  0.16216718E+02,  0.10158969E+03, -0.11976790E+01, -0.26193096E-03, -0.13725595E-02,  0.44094473E-03
    1648.,  0.16335733E+02,  0.10224765E+03, -0.11976790E+01, -0.33042405E-03, -0.13531329E-02,  0.42232091E-03
    1649.,  0.16374879E+02,  0.10293482E+03, -0.11976790E+01, -0.36650259E-03, -0.13564657E-02,  0.26046484E-03
    1650.,  0.16328972E+02,  0.10362072E+03, -0.11976790E+01, -0.38933553E-03, -0.13510512E-02,  0.15897650E-03
    1651.,  0.16204073E+02,  0.10427515E+03, -0.11976790E+01, -0.40482763E-03, -0.13339174E-02,  0.14007528E-03
    1652.,  0.16015409E+02,  0.10487441E+03, -0.11976790E+01, -0.41414128E-03, -0.13099272E-02,  0.13759847E-03
    1653.,  0.15782709E+02,  0.10540461E+03, -0.11976790E+01, -0.41938999E-03, -0.12830986E-02,  0.14070210E-03
    1654.,  0.15525448E+02,  0.10586153E+03, -0.11976790E+01, -0.42329574E-03, -0.12560529E-02,  0.14289009E-03
    1655.,  0.15259759E+02,  0.10624812E+03, -0.11976790E+01, -0.42768863E-03, -0.12304849E-02,  0.14468776E-03
    1656.,  0.14997336E+02,  0.10657148E+03, -0.11976790E+01, -0.43339017E-03, -0.12074603E-02,  0.14575131E-03
    1657.,  0.14745701E+02,  0.10684036E+03, -0.11976790E+01, -0.44026724E-03, -0.11873497E-02,  0.14649275E-03
    1658.,  0.14475347E+02,  0.10709329E+03, -0.11976790E+01, -0.44946213E-03, -0.11679997E-02,  0.14726358E-03
    1659.,  0.14149909E+02,  0.10735708E+03, -0.11976790E+01, -0.46322541E-03, -0.11486223E-02,  0.14793973E-03
    1660.,  0.13760521E+02,  0.10762408E+03, -0.11976790E+01, -0.48329226E-03, -0.11315210E-02,  0.14845861E-03
    1661.,  0.13300019E+02,  0.10788234E+03, -0.11976790E+01, -0.51162192E-03, -0.11211265E-02,  0.14886840E-03
    1662.,  0.12765508E+02,  0.10811543E+03, -0.11976790E+01, -0.54972009E-03, -0.11248088E-02,  0.14917412E-03
    1663.,  0.12161478E+02,  0.10830352E+03, -0.11976790E+01, -0.59731066E-03, -0.11531718E-02,  0.14936919E-03
    1664.,  0.11502305E+02,  0.10842665E+03, -0.11976790E+01, -0.65039942E-03, -0.12184386E-02,  0.14949456E-03
    1665.,  0.10812349E+02,  0.10846960E+03, -0.11976790E+01, -0.70002459E-03, -0.13299507E-02,  0.14967223E-03
    1666.,  0.10122393E+02,  0.10842665E+03, -0.11976790E+01, -0.73401709E-03, -0.14884199E-02,  0.15006224E-03
    1667.,  0.94632203E+01,  0.10830352E+03, -0.11976790E+01, -0.74209041E-03, -0.16834761E-02,  0.15072738E-03
    1668.,  0.88591897E+01,  0.10811543E+03, -0.11976790E+01, -0.72046627E-03, -0.18973278E-02,  0.15155467E-03
    1669.,  0.83246786E+01,  0.10788234E+03, -0.11976790E+01, -0.67229732E-03, -0.21117430E-02,  0.15236351E-03
    1670.,  0.78641768E+01,  0.10762408E+03, -0.11976790E+01, -0.60466910E-03, -0.23132623E-02,  0.15304352E-03
    1671.,  0.74747889E+01,  0.10735708E+03, -0.11976790E+01, -0.52531760E-03, -0.24945522E-02,  0.15361110E-03
    1672.,  0.71493512E+01,  0.10709329E+03, -0.11976790E+01, -0.44071347E-03, -0.26532296E-02,  0.15420991E-03
    1673.,  0.68789968E+01,  0.10684036E+03, -0.11976790E+01, -0.35574911E-03, -0.27897303E-02,  0.15496448E-03
    1674.,  0.66273623E+01,  0.10657148E+03, -0.11976790E+01, -0.26222252E-03, -0.29202765E-02,  0.15517150E-03
    1675.,  0.63649388E+01,  0.10624812E+03, -0.11976790E+01, -0.14662723E-03, -0.30606388E-02,  0.15505441E-03
    1676.,  0.60992496E+01,  0.10586153E+03, -0.11976790E+01, -0.51995839E-05, -0.32077864E-02,  0.15406220E-03
    1677.,  0.58419885E+01,  0.10540461E+03, -0.11976790E+01,  0.16540499E-03, -0.33563913E-02,  0.14965220E-03
    1678.,  0.56092894E+01,  0.10487441E+03, -0.11976790E+01,  0.36763201E-03, -0.34984825E-02,  0.13395201E-03
    1679.,  0.54206252E+01,  0.10427515E+03, -0.11976790E+01,  0.60271439E-03, -0.36229540E-02,  0.81068134E-04
    1680.,  0.52957257E+01,  0.10362072E+03, -0.11976790E+01,  0.86426334E-03, -0.37150016E-02, -0.60069983E-04
    1681.,  0.52498185E+01,  0.10293482E+03, -0.11976790E+01,  0.11067890E-02, -0.37627001E-02, -0.19614559E-03
    1682.,  0.52889649E+01,  0.10224765E+03, -0.11976790E+01,  0.13296135E-02, -0.37972046E-02, -0.18584589E-03
    1683.,  0.54079803E+01,  0.10158969E+03, -0.11976790E+01,  0.15054574E-02, -0.38831444E-02, -0.13447310E-03
    1684.,  0.55922204E+01,  0.10098534E+03, -0.11976790E+01,  0.15400893E-02, -0.40885659E-02, -0.21593732E-03
    1685.,  0.58221277E+01,  0.10044932E+03, -0.11976790E+01,  0.14967241E-02, -0.44349145E-02, -0.45599098E-03
    1686.,  0.60780666E+01,  0.99986544E+02, -0.11976790E+01,  0.14043541E-02, -0.50455569E-02, -0.13043509E-02
    1687.,  0.63435704E+01,  0.99594522E+02, -0.11976790E+01,  0.13258035E-02, -0.58257876E-02, -0.19903918E-02
    1688.,  0.66065853E+01,  0.99266390E+02, -0.11976790E+01,  0.14601073E-02, -0.65981164E-02, -0.31553313E-02
    1689.,  0.62681257E+01,  0.98408223E+02, -0.11976790E+01,  0.38315883E-01,  0.14736817E-01, -0.28613015E+00
    1690.,  0.66487520E+01,  0.98196191E+02, -0.11976790E+01,  0.31576800E-01,  0.65547032E-02, -0.23820982E+00
    1691.,  0.70756666E+01,  0.97974583E+02, -0.11976790E+01,  0.26311669E-01,  0.15581190E-02, -0.19087169E+00
    1692.,  0.75565193E+01,  0.97749770E+02, -0.11976790E+01,  0.21190317E-01, -0.26805267E-02, -0.14009989E+00
    1693.,  0.80975891E+01,  0.97531779E+02, -0.11976790E+01,  0.15730486E-01, -0.57368771E-02, -0.90782314E-01
    1694.,  0.87015794E+01,  0.97334572E+02, -0.11976790E+01,  0.10321648E-01, -0.58013416E-02, -0.47594742E-01
    1695.,  0.93648963E+01,  0.97175092E+02, -0.11976790E+01,  0.63140945E-02, -0.38089045E-02, -0.19058132E-01
    1696.,  0.10075419E+02,  0.97070518E+02, -0.11976790E+01,  0.42581896E-02, -0.22484583E-02, -0.25107217E-02
    1697.,  0.10812349E+02,  0.97034004E+02, -0.11976790E+01,  0.30930806E-02, -0.21001697E-02,  0.12379461E-01
    1698.,  0.11549279E+02,  0.97070518E+02, -0.11976790E+01,  0.12546960E-03, -0.43721214E-02,  0.26496346E-01
    1699.,  0.12259802E+02,  0.97175092E+02, -0.11976790E+01, -0.36497647E-02, -0.49262457E-02,  0.41551030E-01
    1700.,  0.12923118E+02,  0.97334572E+02, -0.11976790E+01, -0.60589266E-02, -0.37855036E-02,  0.67376467E-01
    1701.,  0.13527109E+02,  0.97531779E+02, -0.11976790E+01, -0.78947888E-02, -0.14878112E-02,  0.10363770E+00
    1702.,  0.14068179E+02,  0.97749770E+02, -0.11976790E+01, -0.10336247E-01,  0.21099422E-02,  0.14164283E+00
    1703.,  0.14549031E+02,  0.97974583E+02, -0.11976790E+01, -0.13227124E-01,  0.67144875E-02,  0.17510740E+00
    1704.,  0.14975946E+02,  0.98196191E+02, -0.11976790E+01, -0.16204365E-01,  0.11361842E-01,  0.20263795E+00
    1705.,  0.15356572E+02,  0.98408223E+02, -0.11976790E+01, -0.19397167E-01,  0.16685731E-01,  0.22599731E+00
    1706.,  0.15567152E+02,  0.98791128E+02, -0.11976790E+01, -0.99095980E-02,  0.60864441E-02,  0.15077889E+00
    1707.,  0.15786331E+02,  0.99220040E+02, -0.11976790E+01, -0.44075487E-02,  0.11121341E-02,  0.90708472E-01
    1708.,  0.16007584E+02,  0.99702193E+02, -0.11976790E+01, -0.14585787E-02, -0.81838774E-03,  0.46268845E-01
    1709.,  0.16220867E+02,  0.10024331E+03, -0.11976790E+01, -0.53043489E-03, -0.11543561E-02,  0.20905016E-01
    1710.,  0.16412456E+02,  0.10084546E+03, -0.11976790E+01, -0.39920611E-03, -0.11769087E-02,  0.98255723E-02
    1711.,  0.16565989E+02,  0.10150455E+03, -0.11976790E+01, -0.33651293E-03, -0.12606647E-02,  0.53406530E-02
    1712.,  0.16665169E+02,  0.10220832E+03, -0.11976790E+01, -0.32476079E-03, -0.13289774E-02,  0.28675544E-02
    1713.,  0.16697791E+02,  0.10293643E+03, -0.11976790E+01, -0.35950096E-03, -0.13571304E-02,  0.12735196E-02
    1714.,  0.16659535E+02,  0.10366348E+03, -0.11976790E+01, -0.38294506E-03, -0.13539846E-02,  0.45308651E-03
    1715.,  0.16555452E+02,  0.10436432E+03, -0.11976790E+01, -0.40314204E-03, -0.13349623E-02,  0.16913253E-03
    1716.,  0.16398232E+02,  0.10501917E+03, -0.11976790E+01, -0.41784107E-03, -0.13093625E-02,  0.86324510E-04
    1717.,  0.16204316E+02,  0.10561647E+03, -0.11976790E+01, -0.42902097E-03, -0.12822296E-02,  0.65166990E-04
    1718.,  0.15989932E+02,  0.10615270E+03, -0.11976790E+01, -0.43980083E-03, -0.12559282E-02,  0.61742891E-04
    1719.,  0.15768524E+02,  0.10663033E+03, -0.11976790E+01, -0.45221872E-03, -0.12317437E-02,  0.62341799E-04
    1720.,  0.15549838E+02,  0.10705527E+03, -0.11976790E+01, -0.46694703E-03, -0.12104934E-02,  0.63461467E-04
    1721.,  0.15340142E+02,  0.10743480E+03, -0.11976790E+01, -0.48448835E-03, -0.11926567E-02,  0.63561184E-04
    1722.,  0.14958597E+02,  0.10764557E+03, -0.11976790E+01, -0.49352412E-03, -0.11740145E-02,  0.93597164E-04
    1723.,  0.14531149E+02,  0.10786540E+03, -0.11976790E+01, -0.50716070E-03, -0.11545802E-02,  0.11551253E-03
    1724.,  0.14050409E+02,  0.10808790E+03, -0.11976790E+01, -0.52747200E-03, -0.11367927E-02,  0.13058507E-03
    1725.,  0.13510408E+02,  0.10830312E+03, -0.11976790E+01, -0.55690307E-03, -0.11253580E-02,  0.14022783E-03
    1726.,  0.12908732E+02,  0.10849736E+03, -0.11976790E+01, -0.59764651E-03, -0.11282470E-02,  0.14585894E-03
    1727.,  0.12249123E+02,  0.10865410E+03, -0.11976790E+01, -0.65024948E-03, -0.11570128E-02,  0.14884133E-03
    1728.,  0.11543562E+02,  0.10875671E+03, -0.11976790E+01, -0.71148353E-03, -0.12251235E-02,  0.15057941E-03
    1729.,  0.10812349E+02,  0.10879250E+03, -0.11976790E+01, -0.77280728E-03, -0.13433666E-02,  0.15262258E-03
    1730.,  0.10081136E+02,  0.10875671E+03, -0.11976790E+01, -0.82190241E-03, -0.15139677E-02,  0.15664610E-03
    1731.,  0.93755751E+01,  0.10865410E+03, -0.11976790E+01, -0.84777922E-03, -0.17278755E-02,  0.16412950E-03
    1732.,  0.87159662E+01,  0.10849736E+03, -0.11976790E+01, -0.84566822E-03, -0.19680491E-02,  0.17578411E-03
    1733.,  0.81142903E+01,  0.10830312E+03, -0.11976790E+01, -0.81775925E-03, -0.22162140E-02,  0.19124375E-03
    1734.,  0.75742889E+01,  0.10808790E+03, -0.11976790E+01, -0.77038437E-03, -0.24582090E-02,  0.20919098E-03
    1735.,  0.70935489E+01,  0.10786540E+03, -0.11976790E+01, -0.71074841E-03, -0.26857468E-02,  0.22735205E-03
    1736.,  0.66661008E+01,  0.10764557E+03, -0.11976790E+01, -0.64502561E-03, -0.28954814E-02,  0.24210281E-03
    1737.,  0.62845555E+01,  0.10743480E+03, -0.11976790E+01, -0.57750040E-03, -0.30877014E-02,  0.24768614E-03
    1738.,  0.60748601E+01,  0.10705527E+03, -0.11976790E+01, -0.44499685E-03, -0.31981412E-02,  0.21191106E-03
    1739.,  0.58561738E+01,  0.10663033E+03, -0.11976790E+01, -0.29355677E-03, -0.33179282E-02,  0.16832445E-03
    1740.,  0.56347661E+01,  0.10615270E+03, -0.11976790E+01, -0.12008703E-03, -0.34448921E-02,  0.10418892E-03
    1741.,  0.54203819E+01,  0.10561647E+03, -0.11976790E+01,  0.78385729E-04, -0.35751904E-02, -0.10300059E-04
    1742.,  0.52264660E+01,  0.10501917E+03, -0.11976790E+01,  0.30507212E-03, -0.37024965E-02, -0.24570327E-03
    1743.,  0.50692458E+01,  0.10436432E+03, -0.11976790E+01,  0.56347710E-03, -0.38168618E-02, -0.78832177E-03
    1744.,  0.49651629E+01,  0.10366348E+03, -0.11976790E+01,  0.85545033E-03, -0.39014000E-02, -0.18855570E-02
    1745.,  0.49269069E+01,  0.10293643E+03, -0.11976790E+01,  0.11414408E-02, -0.39473398E-02, -0.38451183E-02
    1746.,  0.49595289E+01,  0.10220832E+03, -0.11976790E+01,  0.15166400E-02, -0.39525508E-02, -0.73358809E-02
    1747.,  0.50587084E+01,  0.10150455E+03, -0.11976790E+01,  0.21145518E-02, -0.39431381E-02, -0.14005742E-01
    1748.,  0.52122418E+01,  0.10084546E+03, -0.11976790E+01,  0.31812109E-02, -0.40824919E-02, -0.28423777E-01
    1749.,  0.54038312E+01,  0.10024331E+03, -0.11976790E+01,  0.55500664E-02, -0.42103372E-02, -0.57228718E-01
    1750.,  0.56171136E+01,  0.99702193E+02, -0.11976790E+01,  0.97479923E-02, -0.34711297E-02, -0.10106366E+00
    1751.,  0.58383669E+01,  0.99220040E+02, -0.11976790E+01,  0.15694874E-01, -0.10589917E-02, -0.15525020E+00
    1752.,  0.60575459E+01,  0.98791128E+02, -0.11976790E+01,  0.24060473E-01,  0.41217076E-02, -0.21606822E+00
    1753.,  0.56769704E+01,  0.97822979E+02, -0.11976790E+01,  0.13636346E+00,  0.11719288E+00, -0.75055270E+00
    1754.,  0.61689714E+01,  0.97653354E+02, -0.11976790E+01,  0.11865191E+00,  0.98626035E-01, -0.64850203E+00
    1755.,  0.66980031E+01,  0.97476067E+02, -0.11976790E+01,  0.98373997E-01,  0.77128671E-01, -0.53606801E+00
    1756.,  0.72701852E+01,  0.97296217E+02, -0.11976790E+01,  0.75430361E-01,  0.51457603E-01, -0.41505469E+00
    1757.,  0.78905411E+01,  0.97121824E+02, -0.11976790E+01,  0.50875261E-01,  0.24447184E-01, -0.28964006E+00
    1758.,  0.85612333E+01,  0.96964059E+02, -0.11976790E+01,  0.30123741E-01,  0.51694129E-02, -0.17207781E+00
    1759.,  0.92793868E+01,  0.96836474E+02, -0.11976790E+01,  0.15381735E-01, -0.18300174E-02, -0.78569996E-01
    1760.,  0.10035305E+02,  0.96752815E+02, -0.11976790E+01,  0.72270354E-02, -0.18920573E-02, -0.15490049E-01
    1761.,  0.10812349E+02,  0.96723604E+02, -0.11976790E+01,  0.30530590E-02, -0.17568174E-02,  0.36774700E-01
    1762.,  0.11589393E+02,  0.96752815E+02, -0.11976790E+01, -0.36888350E-02, -0.23344286E-02,  0.85154981E-01
    1763.,  0.12345311E+02,  0.96836474E+02, -0.11976790E+01, -0.13182109E-01,  0.39839137E-02,  0.13647655E+00
    1764.,  0.13063465E+02,  0.96964059E+02, -0.11976790E+01, -0.23302773E-01,  0.17941193E-01,  0.21234975E+00
    1765.,  0.13734157E+02,  0.97121824E+02, -0.11976790E+01, -0.36085423E-01,  0.36977436E-01,  0.30910406E+00
    1766.,  0.14354513E+02,  0.97296217E+02, -0.11976790E+01, -0.50319580E-01,  0.58152856E-01,  0.40588420E+00
    1767.,  0.14926695E+02,  0.97476067E+02, -0.11976790E+01, -0.64270553E-01,  0.78511485E-01,  0.49604386E+00
    1768.,  0.15455726E+02,  0.97653354E+02, -0.11976790E+01, -0.76626059E-01,  0.96044606E-01,  0.57607453E+00
    1769.,  0.15947728E+02,  0.97822979E+02, -0.11976790E+01, -0.87181074E-01,  0.11045510E+00,  0.64723460E+00
    1770.,  0.16116191E+02,  0.98315865E+02, -0.11976790E+01, -0.57233748E-01,  0.68307344E-01,  0.47729921E+00
    1771.,  0.16291535E+02,  0.98845558E+02, -0.11976790E+01, -0.30375419E-01,  0.32364330E-01,  0.31244792E+00
    1772.,  0.16468537E+02,  0.99417843E+02, -0.11976790E+01, -0.12195800E-01,  0.10303878E-01,  0.17495334E+00
    1773.,  0.16639163E+02,  0.10003730E+03, -0.11976790E+01, -0.37426076E-02,  0.16064882E-02,  0.82821658E-01
    1774.,  0.16792435E+02,  0.10070558E+03, -0.11976790E+01, -0.12206769E-02, -0.54488393E-03,  0.36516795E-01
    1775.,  0.16915261E+02,  0.10141942E+03, -0.11976790E+01, -0.51199542E-03, -0.11433332E-02,  0.16723619E-01
    1776.,  0.16994605E+02,  0.10216900E+03, -0.11976790E+01, -0.33118177E-03, -0.13331729E-02,  0.76189325E-02
    1777.,  0.17020703E+02,  0.10293805E+03, -0.11976790E+01, -0.35502054E-03, -0.13703554E-02,  0.31143656E-02
    1778.,  0.16990098E+02,  0.10370625E+03, -0.11976790E+01, -0.37811794E-03, -0.13616425E-02,  0.10714899E-02
    1779.,  0.16906831E+02,  0.10445348E+03, -0.11976790E+01, -0.40339202E-03, -0.13358728E-02,  0.30249985E-03
    1780.,  0.16781055E+02,  0.10516392E+03, -0.11976790E+01, -0.42326463E-03, -0.13068088E-02,  0.48604785E-04
    1781.,  0.16625923E+02,  0.10582832E+03, -0.11976790E+01, -0.43990055E-03, -0.12784667E-02, -0.35242030E-04
    1782.,  0.16454415E+02,  0.10644387E+03, -0.11976790E+01, -0.45687572E-03, -0.12523203E-02, -0.63103760E-04
    1783.,  0.16277289E+02,  0.10701254E+03, -0.11976790E+01, -0.47567857E-03, -0.12297026E-02, -0.72814443E-04
    1784.,  0.16102340E+02,  0.10753905E+03, -0.11976790E+01, -0.49702978E-03, -0.12109431E-02, -0.77493394E-04
    1785.,  0.15934584E+02,  0.10802924E+03, -0.11976790E+01, -0.52011653E-03, -0.11963145E-02, -0.80607241E-04
    1786.,  0.15441847E+02,  0.10819786E+03, -0.11976790E+01, -0.52881591E-03, -0.11802380E-02, -0.70745235E-05
    1787.,  0.14912389E+02,  0.10837372E+03, -0.11976790E+01, -0.54245482E-03, -0.11616381E-02,  0.51939639E-04
    1788.,  0.14340297E+02,  0.10855172E+03, -0.11976790E+01, -0.56344667E-03, -0.11433622E-02,  0.94627034E-04
    1789.,  0.13720796E+02,  0.10872390E+03, -0.11976790E+01, -0.59472793E-03, -0.11306337E-02,  0.12257601E-03
    1790.,  0.13051955E+02,  0.10887929E+03, -0.11976790E+01, -0.63921260E-03, -0.11322371E-02,  0.13895055E-03
    1791.,  0.12336768E+02,  0.10900468E+03, -0.11976790E+01, -0.69828864E-03, -0.11608715E-02,  0.14759414E-03
    1792.,  0.11584819E+02,  0.10908677E+03, -0.11976790E+01, -0.76943978E-03, -0.12313904E-02,  0.15260694E-03
    1793.,  0.10812349E+02,  0.10911540E+03, -0.11976790E+01, -0.84441960E-03, -0.13560919E-02,  0.15827245E-03
    1794.,  0.10039879E+02,  0.10908677E+03, -0.11976790E+01, -0.91059106E-03, -0.15387212E-02,  0.16910061E-03
    1795.,  0.92879298E+01,  0.10900468E+03, -0.11976790E+01, -0.95604618E-03, -0.17715043E-02,  0.18932859E-03
    1796.,  0.85727428E+01,  0.10887929E+03, -0.11976790E+01, -0.97477972E-03, -0.20380338E-02,  0.22137965E-03
    1797.,  0.79039020E+01,  0.10872390E+03, -0.11976790E+01, -0.96782380E-03, -0.23197518E-02,  0.26421051E-03
    1798.,  0.72844009E+01,  0.10855172E+03, -0.11976790E+01, -0.94065320E-03, -0.26014271E-02,  0.31251796E-03
    1799.,  0.67123089E+01,  0.10837372E+03, -0.11976790E+01, -0.89988651E-03, -0.28732951E-02,  0.35617593E-03
    1800.,  0.61828505E+01,  0.10819786E+03, -0.11976790E+01, -0.85120774E-03, -0.31306273E-02,  0.37859914E-03
    1801.,  0.56901142E+01,  0.10802924E+03, -0.11976790E+01, -0.79872468E-03, -0.33716267E-02,  0.35396263E-03
    1802.,  0.55223579E+01,  0.10753905E+03, -0.11976790E+01, -0.62359479E-03, -0.34620328E-02,  0.24659759E-03
    1803.,  0.53474089E+01,  0.10701254E+03, -0.11976790E+01, -0.43472038E-03, -0.35621210E-02,  0.11175511E-03
    1804.,  0.51702827E+01,  0.10644387E+03, -0.11976790E+01, -0.22929441E-03, -0.36708297E-02, -0.82911194E-04
    1805.,  0.49987753E+01,  0.10582832E+03, -0.11976790E+01, -0.38273192E-05, -0.37856561E-02, -0.41133711E-03
    1806.,  0.48436426E+01,  0.10516392E+03, -0.11976790E+01,  0.24584169E-03, -0.39026887E-02, -0.10525512E-02
    1807.,  0.47178665E+01,  0.10445348E+03, -0.11976790E+01,  0.52772712E-03, -0.40143293E-02, -0.24160978E-02
    1808.,  0.46346001E+01,  0.10370625E+03, -0.11976790E+01,  0.85292918E-03, -0.41069690E-02, -0.52316344E-02
    1809.,  0.46039953E+01,  0.10293805E+03, -0.11976790E+01,  0.12016056E-02, -0.41705511E-02, -0.11186476E-01
    1810.,  0.46300929E+01,  0.10216900E+03, -0.11976790E+01,  0.19454301E-02, -0.41009262E-02, -0.23634125E-01
    1811.,  0.47094365E+01,  0.10141942E+03, -0.11976790E+01,  0.39502154E-02, -0.35361386E-02, -0.48963258E-01
    1812.,  0.48322632E+01,  0.10070558E+03, -0.11976790E+01,  0.92576756E-02, -0.11462299E-02, -0.10075306E+00
    1813.,  0.49855348E+01,  0.10003730E+03, -0.11976790E+01,  0.21763027E-01,  0.69039703E-02, -0.19124264E+00
    1814.,  0.51561607E+01,  0.99417843E+02, -0.11976790E+01,  0.42998056E-01,  0.24206175E-01, -0.31457618E+00
    1815.,  0.53331633E+01,  0.98845558E+02, -0.11976790E+01,  0.70611308E-01,  0.49775078E-01, -0.45527719E+00
    1816.,  0.55085065E+01,  0.98315865E+02, -0.11976790E+01,  0.10286619E+00,  0.81808783E-01, -0.60351113E+00
    1817.,  0.50858150E+01,  0.97237735E+02, -0.11976790E+01,  0.22718164E+00,  0.21265017E+00, -0.12000880E+01
    1818.,  0.56891908E+01,  0.97110516E+02, -0.11976790E+01,  0.20072631E+00,  0.18561601E+00, -0.10469603E+01
    1819.,  0.63203396E+01,  0.96977552E+02, -0.11976790E+01,  0.17206136E+00,  0.15523257E+00, -0.88561053E+00
    1820.,  0.69838512E+01,  0.96842664E+02, -0.11976790E+01,  0.13822234E+00,  0.11744295E+00, -0.71154493E+00
    1821.,  0.76834930E+01,  0.96711869E+02, -0.11976790E+01,  0.99952350E-01,  0.72633279E-01, -0.52826985E+00
    1822.,  0.84208872E+01,  0.96593545E+02, -0.11976790E+01,  0.62551119E-01,  0.32178177E-01, -0.34294847E+00
    1823.,  0.91938774E+01,  0.96497857E+02, -0.11976790E+01,  0.33538242E-01,  0.66971018E-02, -0.17929398E+00
    1824.,  0.99951909E+01,  0.96435112E+02, -0.11976790E+01,  0.13704224E-01, -0.15979862E-02, -0.45762893E-01
    1825.,  0.10812349E+02,  0.96413204E+02, -0.11976790E+01,  0.20672707E-02, -0.13865978E-02,  0.67650149E-01
    1826.,  0.11629507E+02,  0.96435112E+02, -0.11976790E+01, -0.11631319E-01,  0.19210364E-02,  0.16547180E+00
    1827.,  0.12430821E+02,  0.96497857E+02, -0.11976790E+01, -0.29545993E-01,  0.21809534E-01,  0.26203344E+00
    1828.,  0.13203811E+02,  0.96593545E+02, -0.11976790E+01, -0.48896795E-01,  0.52497830E-01,  0.39014083E+00
    1829.,  0.13941205E+02,  0.96711869E+02, -0.11976790E+01, -0.70478935E-01,  0.86069658E-01,  0.53593761E+00
    1830.,  0.14640847E+02,  0.96842664E+02, -0.11976790E+01, -0.94871389E-01,  0.12219975E+00,  0.68508428E+00
    1831.,  0.15304358E+02,  0.96977552E+02, -0.11976790E+01, -0.11981772E+00,  0.15758613E+00,  0.83057972E+00
    1832.,  0.15935507E+02,  0.97110516E+02, -0.11976790E+01, -0.14401085E+00,  0.19129884E+00,  0.97009936E+00
    1833.,  0.16538883E+02,  0.97237735E+02, -0.11976790E+01, -0.16520145E+00,  0.22102479E+00,  0.10985318E+01
    1834.,  0.16665231E+02,  0.97840603E+02, -0.11976790E+01, -0.11913217E+00,  0.15494735E+00,  0.85065154E+00
    1835.,  0.16796738E+02,  0.98471075E+02, -0.11976790E+01, -0.73799038E-01,  0.90736949E-01,  0.60035217E+00
    1836.,  0.16929490E+02,  0.99133493E+02, -0.11976790E+01, -0.35272835E-01,  0.38565908E-01,  0.36671768E+00
    1837.,  0.17057460E+02,  0.99831287E+02, -0.11976790E+01, -0.12129615E-01,  0.10250207E-01,  0.18692579E+00
    1838.,  0.17172413E+02,  0.10056571E+03, -0.11976790E+01, -0.32219006E-02,  0.10022199E-02,  0.81675124E-01
    1839.,  0.17264533E+02,  0.10133428E+03, -0.11976790E+01, -0.81774103E-03, -0.10334367E-02,  0.33812319E-01
    1840.,  0.17324041E+02,  0.10212967E+03, -0.11976790E+01, -0.35847071E-03, -0.13854511E-02,  0.13924923E-01
    1841.,  0.17343614E+02,  0.10293966E+03, -0.11976790E+01, -0.35629320E-03, -0.13957645E-02,  0.55129069E-02
    1842.,  0.17320661E+02,  0.10374902E+03, -0.11976790E+01, -0.37732871E-03, -0.13703011E-02,  0.19301006E-02
    1843.,  0.17258211E+02,  0.10454264E+03, -0.11976790E+01, -0.40621514E-03, -0.13349379E-02,  0.54791861E-03
    1844.,  0.17163879E+02,  0.10530868E+03, -0.11976790E+01, -0.43033838E-03, -0.13018472E-02,  0.55752852E-04
    1845.,  0.17047529E+02,  0.10604018E+03, -0.11976790E+01, -0.45191863E-03, -0.12710484E-02, -0.12118437E-03
    1846.,  0.16918899E+02,  0.10673505E+03, -0.11976790E+01, -0.47337200E-03, -0.12454861E-02, -0.18673980E-03
    1847.,  0.16786054E+02,  0.10739475E+03, -0.11976790E+01, -0.49703651E-03, -0.12246852E-02, -0.21380402E-03
    1848.,  0.16654842E+02,  0.10802284E+03, -0.11976790E+01, -0.52162179E-03, -0.12091133E-02, -0.22791297E-03
    1849.,  0.16529025E+02,  0.10862368E+03, -0.11976790E+01, -0.54481026E-03, -0.11987142E-02, -0.23599029E-03
    1850.,  0.15925098E+02,  0.10875015E+03, -0.11976790E+01, -0.55302477E-03, -0.11868584E-02, -0.12520100E-03
    1851.,  0.15293629E+02,  0.10888204E+03, -0.11976790E+01, -0.56679733E-03, -0.11701542E-02, -0.28549668E-04
    1852.,  0.14630185E+02,  0.10901554E+03, -0.11976790E+01, -0.58893291E-03, -0.11516753E-02,  0.46522152E-04
    1853.,  0.13931184E+02,  0.10914467E+03, -0.11976790E+01, -0.62296515E-03, -0.11373967E-02,  0.97979957E-04
    1854.,  0.13195179E+02,  0.10926122E+03, -0.11976790E+01, -0.67260512E-03, -0.11371870E-02,  0.12896228E-03
    1855.,  0.12424413E+02,  0.10935526E+03, -0.11976790E+01, -0.74009194E-03, -0.11651222E-02,  0.14558325E-03
    1856.,  0.11626077E+02,  0.10941683E+03, -0.11976790E+01, -0.82353371E-03, -0.12375960E-02,  0.15529359E-03
    1857.,  0.10812349E+02,  0.10943830E+03, -0.11976790E+01, -0.91482333E-03, -0.13684938E-02,  0.16603951E-03
    1858.,  0.99986211E+01,  0.10941683E+03, -0.11976790E+01, -0.10008186E-02, -0.15630984E-02,  0.18615576E-03
    1859.,  0.92002846E+01,  0.10935526E+03, -0.11976790E+01, -0.10684588E-02, -0.18148831E-02,  0.22353263E-03
    1860.,  0.84295193E+01,  0.10926122E+03, -0.11976790E+01, -0.11102153E-02, -0.21079711E-02,  0.28249824E-03
    1861.,  0.76935138E+01,  0.10914467E+03, -0.11976790E+01, -0.11257158E-02, -0.24233012E-02,  0.35964575E-03
    1862.,  0.69945129E+01,  0.10901554E+03, -0.11976790E+01, -0.11194731E-02, -0.27441534E-02,  0.44129998E-03
    1863.,  0.63310689E+01,  0.10888204E+03, -0.11976790E+01, -0.10975487E-02, -0.30587378E-02,  0.50297460E-03
    1864.,  0.56996001E+01,  0.10875015E+03, -0.11976790E+01, -0.10652771E-02, -0.33599173E-02,  0.51046802E-03
    1865.,  0.50956728E+01,  0.10862368E+03, -0.11976790E+01, -0.10267290E-02, -0.36437717E-02,  0.42911613E-03
    1866.,  0.49698556E+01,  0.10802284E+03, -0.11976790E+01, -0.80249495E-03, -0.37127636E-02,  0.22934420E-03
    1867.,  0.48386439E+01,  0.10739475E+03, -0.11976790E+01, -0.57262435E-03, -0.37924493E-02, -0.23053036E-04
    1868.,  0.47057993E+01,  0.10673505E+03, -0.11976790E+01, -0.33303660E-03, -0.38831812E-02, -0.38755797E-03
    1869.,  0.45771687E+01,  0.10604018E+03, -0.11976790E+01, -0.80455972E-04, -0.39848662E-02, -0.99506140E-03
    1870.,  0.44608192E+01,  0.10530868E+03, -0.11976790E+01,  0.19209822E-03, -0.40947650E-02, -0.21425072E-02
    1871.,  0.43664871E+01,  0.10454264E+03, -0.11976790E+01,  0.49850841E-03, -0.42107524E-02, -0.45083002E-02
    1872.,  0.43040373E+01,  0.10374902E+03, -0.11976790E+01,  0.86400247E-03, -0.43222384E-02, -0.94608216E-02
    1873.,  0.42810837E+01,  0.10293966E+03, -0.11976790E+01,  0.13093881E-02, -0.44449018E-02, -0.20552481E-01
    1874.,  0.43006569E+01,  0.10212967E+03, -0.11976790E+01,  0.26150206E-02, -0.42762406E-02, -0.45625333E-01
    1875.,  0.43601646E+01,  0.10133428E+03, -0.11976790E+01,  0.72170181E-02, -0.22846577E-02, -0.99125803E-01
    1876.,  0.44522847E+01,  0.10056571E+03, -0.11976790E+01,  0.20146840E-01,  0.60417786E-02, -0.20162385E+00
    1877.,  0.45672383E+01,  0.99831287E+02, -0.11976790E+01,  0.47083022E-01,  0.28124214E-01, -0.36149537E+00
    1878.,  0.46952078E+01,  0.99133493E+02, -0.11976790E+01,  0.86921191E-01,  0.65783030E-01, -0.56130951E+00
    1879.,  0.48279597E+01,  0.98471075E+02, -0.11976790E+01,  0.13358071E+00,  0.11327683E+00, -0.77722612E+00
    1880.,  0.49594671E+01,  0.97840603E+02, -0.11976790E+01,  0.18134488E+00,  0.16385742E+00, -0.99288955E+00
    1881.,  0.44946597E+01,  0.96652492E+02, -0.11976790E+01,  0.31639092E+00,  0.30597119E+00, -0.16454821E+01
    1882.,  0.52094102E+01,  0.96567679E+02, -0.11976790E+01,  0.27776057E+00,  0.26635103E+00, -0.14336206E+01
    1883.,  0.59426760E+01,  0.96479036E+02, -0.11976790E+01,  0.24129223E+00,  0.22934054E+00, -0.12257213E+01
    1884.,  0.66975171E+01,  0.96389110E+02, -0.11976790E+01,  0.20209636E+00,  0.18660744E+00, -0.10127394E+01
    1885.,  0.74764450E+01,  0.96301914E+02, -0.11976790E+01,  0.15321557E+00,  0.12882526E+00, -0.77966965E+00
    1886.,  0.82805411E+01,  0.96223031E+02, -0.11976790E+01,  0.10310975E+00,  0.69370850E-01, -0.53619515E+00
    1887.,  0.91083679E+01,  0.96159239E+02, -0.11976790E+01,  0.57942261E-01,  0.22131379E-01, -0.30279443E+00
    1888.,  0.99550769E+01,  0.96117410E+02, -0.11976790E+01,  0.24476696E-01, -0.79711406E-03, -0.94201184E-01
    1889.,  0.10812349E+02,  0.96102804E+02, -0.11976790E+01, -0.82935831E-03, -0.14234534E-02,  0.99695817E-01
    1890.,  0.11669621E+02,  0.96117410E+02, -0.11976790E+01, -0.24557814E-01,  0.80623650E-02,  0.26186247E+00
    1891.,  0.12516330E+02,  0.96159239E+02, -0.11976790E+01, -0.53017744E-01,  0.48997994E-01,  0.41328054E+00
    1892.,  0.13344157E+02,  0.96223031E+02, -0.11976790E+01, -0.78675693E-01,  0.95654638E-01,  0.58390026E+00
    1893.,  0.14148253E+02,  0.96301914E+02, -0.11976790E+01, -0.10709889E+00,  0.14028304E+00,  0.77302188E+00
    1894.,  0.14927181E+02,  0.96389110E+02, -0.11976790E+01, -0.14318599E+00,  0.19136032E+00,  0.97426515E+00
    1895.,  0.15682022E+02,  0.96479036E+02, -0.11976790E+01, -0.18362732E+00,  0.24804899E+00,  0.11866089E+01
    1896.,  0.16415288E+02,  0.96567679E+02, -0.11976790E+01, -0.21952247E+00,  0.29914278E+00,  0.13852325E+01
    1897.,  0.17130038E+02,  0.96652492E+02, -0.11976790E+01, -0.24964765E+00,  0.34152788E+00,  0.15669092E+01
    1898.,  0.17214270E+02,  0.97365341E+02, -0.11976790E+01, -0.18684632E+00,  0.25096554E+00,  0.12404871E+01
    1899.,  0.17301942E+02,  0.98096593E+02, -0.11976790E+01, -0.12518404E+00,  0.16239355E+00,  0.91330915E+00
    1900.,  0.17390443E+02,  0.98849142E+02, -0.11976790E+01, -0.68025252E-01,  0.81905605E-01,  0.59535841E+00
    1901.,  0.17475756E+02,  0.99625276E+02, -0.11976790E+01, -0.26237469E-01,  0.26663581E-01,  0.32393386E+00
    1902.,  0.17552392E+02,  0.10042583E+03, -0.11976790E+01, -0.67267588E-02,  0.40731730E-02,  0.14405514E+00
    1903.,  0.17613805E+02,  0.10124915E+03, -0.11976790E+01, -0.12890362E-02, -0.99852083E-03,  0.55649247E-01
    1904.,  0.17653477E+02,  0.10209034E+03, -0.11976790E+01, -0.41248621E-03, -0.14766742E-02,  0.21046518E-01
    1905.,  0.17666526E+02,  0.10294127E+03, -0.11976790E+01, -0.36906882E-03, -0.14260609E-02,  0.81342059E-02
    1906.,  0.17651223E+02,  0.10379178E+03, -0.11976790E+01, -0.38086976E-03, -0.13741378E-02,  0.29119218E-02
    1907.,  0.17609590E+02,  0.10463180E+03, -0.11976790E+01, -0.41112370E-03, -0.13325315E-02,  0.85753528E-03
    1908.,  0.17546702E+02,  0.10545343E+03, -0.11976790E+01, -0.43974127E-03, -0.12918513E-02,  0.93497564E-04
    1909.,  0.17469136E+02,  0.10625204E+03, -0.11976790E+01, -0.46358229E-03, -0.12605133E-02, -0.19127348E-03
    1910.,  0.17383382E+02,  0.10702622E+03, -0.11976790E+01, -0.48907242E-03, -0.12351465E-02, -0.30018579E-03
    1911.,  0.17294819E+02,  0.10777696E+03, -0.11976790E+01, -0.51562360E-03, -0.12165100E-02, -0.34895864E-03
    1912.,  0.17207344E+02,  0.10850662E+03, -0.11976790E+01, -0.54054320E-03, -0.12044186E-02, -0.37331772E-03
    1913.,  0.17123466E+02,  0.10921812E+03, -0.11976790E+01, -0.55975014E-03, -0.11983126E-02, -0.38962311E-03
    1914.,  0.16408348E+02,  0.10930243E+03, -0.11976790E+01, -0.56627855E-03, -0.11929717E-02, -0.24670088E-03
    1915.,  0.15674869E+02,  0.10939036E+03, -0.11976790E+01, -0.57937621E-03, -0.11795943E-02, -0.11610098E-03
    1916.,  0.14920073E+02,  0.10947936E+03, -0.11976790E+01, -0.60235907E-03, -0.11616221E-02, -0.86743009E-05
    1917.,  0.14141572E+02,  0.10956545E+03, -0.11976790E+01, -0.63961022E-03, -0.11458192E-02,  0.68636738E-04
    1918.,  0.13338402E+02,  0.10964315E+03, -0.11976790E+01, -0.69581629E-03, -0.11434375E-02,  0.11664859E-03
    1919.,  0.12512059E+02,  0.10970584E+03, -0.11976790E+01, -0.77404211E-03, -0.11701921E-02,  0.14288283E-03
    1920.,  0.11667334E+02,  0.10974689E+03, -0.11976790E+01, -0.87281898E-03, -0.12442135E-02,  0.15831772E-03
    1921.,  0.10812349E+02,  0.10976120E+03, -0.11976790E+01, -0.98391822E-03, -0.13810845E-02,  0.17519077E-03
    1922.,  0.99573637E+01,  0.10974689E+03, -0.11976790E+01, -0.10934327E-02, -0.15876627E-02,  0.20640361E-03
    1923.,  0.91126394E+01,  0.10970584E+03, -0.11976790E+01, -0.11868332E-02, -0.18586386E-02,  0.26417110E-03
    1924.,  0.82862959E+01,  0.10964315E+03, -0.11976790E+01, -0.12546381E-02, -0.21785480E-02,  0.35467623E-03
    1925.,  0.74831255E+01,  0.10956545E+03, -0.11976790E+01, -0.12946193E-02, -0.25275638E-02,  0.47020764E-03
    1926.,  0.67046249E+01,  0.10947936E+03, -0.11976790E+01, -0.13101159E-02, -0.28870602E-02,  0.58443779E-03
    1927.,  0.59498289E+01,  0.10939036E+03, -0.11976790E+01, -0.13067864E-02, -0.32424651E-02,  0.65482848E-03
    1928.,  0.52163497E+01,  0.10930243E+03, -0.11976790E+01, -0.12901506E-02, -0.35839114E-02,  0.63681220E-03
    1929.,  0.45012315E+01,  0.10921812E+03, -0.11976790E+01, -0.12646874E-02, -0.39054717E-02,  0.50781938E-03
    1930.,  0.44173534E+01,  0.10850662E+03, -0.11976790E+01, -0.98524318E-03, -0.39514158E-02,  0.20606384E-03
    1931.,  0.43298789E+01,  0.10777696E+03, -0.11976790E+01, -0.71018570E-03, -0.40091265E-02, -0.17208725E-03
    1932.,  0.42413158E+01,  0.10702622E+03, -0.11976790E+01, -0.43372288E-03, -0.40803858E-02, -0.72167852E-03
    1933.,  0.41555621E+01,  0.10625204E+03, -0.11976790E+01, -0.15096247E-03, -0.41678492E-02, -0.16336704E-02
    1934.,  0.40779958E+01,  0.10545343E+03, -0.11976790E+01,  0.14402811E-03, -0.42745466E-02, -0.33291094E-02
    1935.,  0.40151077E+01,  0.10463180E+03, -0.11976790E+01,  0.47606453E-03, -0.43962548E-02, -0.67467860E-02
    1936.,  0.39734745E+01,  0.10379178E+03, -0.11976790E+01,  0.89140689E-03, -0.45398711E-02, -0.13935638E-01
    1937.,  0.39581721E+01,  0.10294127E+03, -0.11976790E+01,  0.14673404E-02, -0.47587546E-02, -0.30709858E-01
    1938.,  0.39712209E+01,  0.10209034E+03, -0.11976790E+01,  0.34992284E-02, -0.44770195E-02, -0.71163515E-01
    1939.,  0.40108927E+01,  0.10124915E+03, -0.11976790E+01,  0.11676449E-01, -0.28176289E-03, -0.15952042E+00
    1940.,  0.40723061E+01,  0.10042583E+03, -0.11976790E+01,  0.34655606E-01,  0.16957956E-01, -0.31969781E+00
    1941.,  0.41489419E+01,  0.99625276E+02, -0.11976790E+01,  0.77893067E-01,  0.56204003E-01, -0.55022207E+00
    1942.,  0.42342548E+01,  0.98849142E+02, -0.11976790E+01,  0.13560637E+00,  0.11433717E+00, -0.82168336E+00
    1943.,  0.43227561E+01,  0.98096593E+02, -0.11976790E+01,  0.19774968E+00,  0.17987836E+00, -0.11033566E+01
    1944.,  0.44104277E+01,  0.97365341E+02, -0.11976790E+01,  0.25868740E+00,  0.24469197E+00, -0.13794525E+01
    1945.,  0.39035043E+01,  0.96067248E+02, -0.11976790E+01,  0.39658553E+00,  0.38777777E+00, -0.20682382E+01
    1946.,  0.47296296E+01,  0.96024841E+02, -0.11976790E+01,  0.34930139E+00,  0.33994268E+00, -0.18056122E+01
    1947.,  0.55650125E+01,  0.95980520E+02, -0.11976790E+01,  0.29923333E+00,  0.28823340E+00, -0.15346082E+01
    1948.,  0.64111830E+01,  0.95935557E+02, -0.11976790E+01,  0.25553290E+00,  0.24298059E+00, -0.12884967E+01
    1949.,  0.72693970E+01,  0.95891959E+02, -0.11976790E+01,  0.20865743E+00,  0.18901229E+00, -0.10383853E+01
    1950.,  0.81401950E+01,  0.95852518E+02, -0.11976790E+01,  0.14327397E+00,  0.10950997E+00, -0.73337409E+00
    1951.,  0.90228584E+01,  0.95820622E+02, -0.11976790E+01,  0.82972788E-01,  0.38489144E-01, -0.42842656E+00
    1952.,  0.99149629E+01,  0.95799707E+02, -0.11976790E+01,  0.35647643E-01,  0.39278630E-03, -0.14783260E+00
    1953.,  0.10812349E+02,  0.95792404E+02, -0.11976790E+01, -0.43318528E-02, -0.14644467E-02,  0.12379867E+00
    1954.,  0.11709735E+02,  0.95799707E+02, -0.11976790E+01, -0.43770846E-01,  0.13807008E-01,  0.37201951E+00
    1955.,  0.12601839E+02,  0.95820622E+02, -0.11976790E+01, -0.83531245E-01,  0.85484576E-01,  0.58229879E+00
    1956.,  0.13484503E+02,  0.95852518E+02, -0.11976790E+01, -0.11220830E+00,  0.14776275E+00,  0.79331666E+00
    1957.,  0.14355301E+02,  0.95891959E+02, -0.11976790E+01, -0.14603838E+00,  0.19642182E+00,  0.10155322E+01
    1958.,  0.15213515E+02,  0.95935557E+02, -0.11976790E+01, -0.20138688E+00,  0.27324540E+00,  0.12874008E+01
    1959.,  0.16059685E+02,  0.95980520E+02, -0.11976790E+01, -0.25450299E+00,  0.34960058E+00,  0.15599305E+01
    1960.,  0.16895068E+02,  0.96024841E+02, -0.11976790E+01, -0.29678643E+00,  0.40967491E+00,  0.18048902E+01
    1961.,  0.17721194E+02,  0.96067248E+02, -0.11976790E+01, -0.33622930E+00,  0.46627127E+00,  0.20414637E+01
    1962.,  0.17763310E+02,  0.96890079E+02, -0.11976790E+01, -0.25905073E+00,  0.35424194E+00,  0.16423539E+01
    1963.,  0.17807145E+02,  0.97722111E+02, -0.11976790E+01, -0.18105790E+00,  0.24127747E+00,  0.12392498E+01
    1964.,  0.17851396E+02,  0.98564792E+02, -0.11976790E+01, -0.10652808E+00,  0.13424104E+00,  0.84283137E+00
    1965.,  0.17894052E+02,  0.99419265E+02, -0.11976790E+01, -0.45229295E-01,  0.49734126E-01,  0.48295022E+00
    1966.,  0.17932370E+02,  0.10028595E+03, -0.11976790E+01, -0.11582979E-01,  0.81486295E-02,  0.21856150E+00
    1967.,  0.17963077E+02,  0.10116401E+03, -0.11976790E+01, -0.19525001E-02, -0.10894724E-02,  0.80112945E-01
    1968.,  0.17982913E+02,  0.10205102E+03, -0.11976790E+01, -0.50245484E-03, -0.15974661E-02,  0.28149814E-01
    1969.,  0.17989437E+02,  0.10294289E+03, -0.11976790E+01, -0.39479301E-03, -0.14383687E-02,  0.10706399E-01
    1970.,  0.17981786E+02,  0.10383455E+03, -0.11976790E+01, -0.38509689E-03, -0.13798297E-02,  0.38846124E-02
    1971.,  0.17960970E+02,  0.10472097E+03, -0.11976790E+01, -0.42056288E-03, -0.13205344E-02,  0.11654042E-02
    1972.,  0.17929526E+02,  0.10559819E+03, -0.11976790E+01, -0.44866397E-03, -0.12794795E-02,  0.12436482E-03
    1973.,  0.17890742E+02,  0.10646390E+03, -0.11976790E+01, -0.47522283E-03, -0.12459734E-02, -0.25957062E-03
    1974.,  0.17847866E+02,  0.10731739E+03, -0.11976790E+01, -0.50343075E-03, -0.12211077E-02, -0.41301734E-03
    1975.,  0.17803584E+02,  0.10815917E+03, -0.11976790E+01, -0.53154168E-03, -0.12048395E-02, -0.47874241E-03
    1976.,  0.17759847E+02,  0.10899041E+03, -0.11976790E+01, -0.55441486E-03, -0.11964927E-02, -0.51526183E-03
    1977.,  0.17717908E+02,  0.10981256E+03, -0.11976790E+01, -0.56806260E-03, -0.11942182E-02, -0.54092860E-03
    1978.,  0.16891599E+02,  0.10985472E+03, -0.11976790E+01, -0.57116564E-03, -0.11967183E-02, -0.36853234E-03
    1979.,  0.16056109E+02,  0.10989868E+03, -0.11976790E+01, -0.58124414E-03, -0.11886313E-02, -0.20650583E-03
    1980.,  0.15209961E+02,  0.10994318E+03, -0.11976790E+01, -0.60310304E-03, -0.11724042E-02, -0.67723963E-04
    1981.,  0.14351961E+02,  0.10998623E+03, -0.11976790E+01, -0.64284470E-03, -0.11556720E-02,  0.36289701E-04
    1982.,  0.13481625E+02,  0.11002507E+03, -0.11976790E+01, -0.70659331E-03, -0.11511727E-02,  0.10278036E-03
    1983.,  0.12599704E+02,  0.11005642E+03, -0.11976790E+01, -0.79814357E-03, -0.11765272E-02,  0.13963310E-03
    1984.,  0.11708592E+02,  0.11007694E+03, -0.11976790E+01, -0.91605880E-03, -0.12518380E-02,  0.16136366E-03
    1985.,  0.10812349E+02,  0.11008410E+03, -0.11976790E+01, -0.10515263E-02, -0.13945446E-02,  0.18494083E-03
    1986.,  0.99161063E+01,  0.11007694E+03, -0.11976790E+01, -0.11894543E-02, -0.16131425E-02,  0.22844670E-03
    1987.,  0.90249942E+01,  0.11005642E+03, -0.11976790E+01, -0.13133576E-02, -0.19034956E-02,  0.30905743E-03
    1988.,  0.81430724E+01,  0.11002507E+03, -0.11976790E+01, -0.14110927E-02, -0.22503740E-02,  0.43487442E-03
    1989.,  0.72727372E+01,  0.10998623E+03, -0.11976790E+01, -0.14777533E-02, -0.26328714E-02,  0.59226792E-03
    1990.,  0.64147369E+01,  0.10994318E+03, -0.11976790E+01, -0.15149313E-02, -0.30299654E-02,  0.73871919E-03
    1991.,  0.55685889E+01,  0.10989868E+03, -0.11976790E+01, -0.15283097E-02, -0.34239059E-02,  0.81375101E-03
    1992.,  0.47330993E+01,  0.10985472E+03, -0.11976790E+01, -0.15249444E-02, -0.38019149E-02,  0.77119105E-03
    1993.,  0.39067902E+01,  0.10981256E+03, -0.11976790E+01, -0.15114352E-02, -0.41590407E-02,  0.61440036E-03
    1994.,  0.38648512E+01,  0.10899041E+03, -0.11976790E+01, -0.11742789E-02, -0.41808960E-02,  0.22162838E-03
    1995.,  0.38211139E+01,  0.10815917E+03, -0.11976790E+01, -0.84990560E-03, -0.42139301E-02, -0.27262651E-03
    1996.,  0.37768324E+01,  0.10731739E+03, -0.11976790E+01, -0.53420701E-03, -0.42629694E-02, -0.99379658E-03
    1997.,  0.37339555E+01,  0.10646390E+03, -0.11976790E+01, -0.21881483E-03, -0.43331210E-02, -0.22014107E-02
    1998.,  0.36951723E+01,  0.10559819E+03, -0.11976790E+01,  0.10322439E-03, -0.44323648E-02, -0.44346663E-02
    1999.,  0.36637283E+01,  0.10472097E+03, -0.11976790E+01,  0.45649570E-03, -0.45681799E-02, -0.88740637E-02
    2000.,  0.36429117E+01,  0.10383455E+03, -0.11976790E+01,  0.93257575E-03, -0.47394359E-02, -0.18146827E-01
    2001.,  0.36352605E+01,  0.10294289E+03, -0.11976790E+01,  0.16795390E-02, -0.51125519E-02, -0.40548867E-01
    2002.,  0.36417849E+01,  0.10205102E+03, -0.11976790E+01,  0.45750070E-02, -0.49899458E-02, -0.97729320E-01
    2003.,  0.36616208E+01,  0.10116401E+03, -0.11976790E+01,  0.16957451E-01,  0.17624224E-02, -0.22513109E+00
    2004.,  0.36923275E+01,  0.10028595E+03, -0.11976790E+01,  0.51671211E-01,  0.30045871E-01, -0.44814270E+00
    2005.,  0.37306454E+01,  0.99419265E+02, -0.11976790E+01,  0.11249658E+00,  0.88979447E-01, -0.75056819E+00
    2006.,  0.37733019E+01,  0.98564792E+02, -0.11976790E+01,  0.18679624E+00,  0.16653985E+00, -0.10891437E+01
    2007.,  0.38175525E+01,  0.97722111E+02, -0.11976790E+01,  0.26298351E+00,  0.24771211E+00, -0.14321241E+01
    2008.,  0.38613883E+01,  0.96890079E+02, -0.11976790E+01,  0.33672649E+00,  0.32645307E+00, -0.17674655E+01
    2009.,  0.33123489E+01,  0.95482004E+02, -0.11976790E+01,  0.43367941E+00,  0.43194976E+00, -0.23775857E+01
    2010.,  0.42498489E+01,  0.95482004E+02, -0.11976790E+01,  0.37764783E+00,  0.37609407E+00, -0.20614876E+01
    2011.,  0.51873489E+01,  0.95482004E+02, -0.11976790E+01,  0.32157823E+00,  0.32019787E+00, -0.17470866E+01
    2012.,  0.61248489E+01,  0.95482004E+02, -0.11976790E+01,  0.26644905E+00,  0.25729197E+00, -0.14335712E+01
    2013.,  0.70623489E+01,  0.95482004E+02, -0.11976790E+01,  0.20359834E+00,  0.18554703E+00, -0.11165978E+01
    2014.,  0.79998489E+01,  0.95482004E+02, -0.11976790E+01,  0.14348377E+00,  0.11225218E+00, -0.80234739E+00
    2015.,  0.89373489E+01,  0.95482004E+02, -0.11976790E+01,  0.90117191E-01,  0.41800462E-01, -0.48848602E+00
    2016.,  0.98748489E+01,  0.95482004E+02, -0.11976790E+01,  0.44555201E-01, -0.61464210E-06, -0.17829225E+00
    2017.,  0.10812349E+02,  0.95482004E+02, -0.11976790E+01, -0.78111560E-02, -0.56935572E-06,  0.13064898E+00
    2018.,  0.11749849E+02,  0.95482004E+02, -0.11976790E+01, -0.60177513E-01, -0.52406935E-06,  0.43959021E+00
    2019.,  0.12687349E+02,  0.95482004E+02, -0.11976790E+01, -0.10303252E+00,  0.11871935E+00,  0.74095653E+00
    2020.,  0.13624849E+02,  0.95482004E+02, -0.11976790E+01, -0.15320924E+00,  0.21698546E+00,  0.10275311E+01
    2021.,  0.14562349E+02,  0.95482004E+02, -0.11976790E+01, -0.20883938E+00,  0.27627560E+00,  0.13185021E+01
    2022.,  0.15499849E+02,  0.95482004E+02, -0.11976790E+01, -0.26553029E+00,  0.36464232E+00,  0.16124133E+01
    2023.,  0.16437349E+02,  0.95482004E+02, -0.11976790E+01, -0.31885994E+00,  0.44060544E+00,  0.19169585E+01
    2024.,  0.17374849E+02,  0.95482004E+02, -0.11976790E+01, -0.37041949E+00,  0.51582729E+00,  0.22159840E+01
    2025.,  0.18312349E+02,  0.95482004E+02, -0.11976790E+01, -0.42185639E+00,  0.58912620E+00,  0.25136313E+01
    2026.,  0.18312349E+02,  0.96414817E+02, -0.11976790E+01, -0.33405994E+00,  0.46238880E+00,  0.20519539E+01
    2027.,  0.18312349E+02,  0.97347629E+02, -0.11976790E+01, -0.24074547E+00,  0.32630881E+00,  0.15757571E+01
    2028.,  0.18312349E+02,  0.98280441E+02, -0.11976790E+01, -0.14911992E+00,  0.19282541E+00,  0.11028962E+01
    2029.,  0.18312349E+02,  0.99213254E+02, -0.11976790E+01, -0.68153423E-01,  0.76922303E-01,  0.65628424E+00
    2030.,  0.18312349E+02,  0.10014607E+03, -0.11976790E+01, -0.17935687E-01,  0.11378446E-01,  0.29991261E+00
    2031.,  0.18312349E+02,  0.10107888E+03, -0.11976790E+01, -0.29253267E-02, -0.18384201E-02,  0.10356331E+00
    2032.,  0.18312349E+02,  0.10201169E+03, -0.11976790E+01, -0.64572496E-03, -0.16372659E-02,  0.34569216E-01
    2033.,  0.18312349E+02,  0.10294450E+03, -0.11976790E+01, -0.41938948E-03, -0.14659635E-02,  0.12985114E-01
    2034.,  0.18312349E+02,  0.10387732E+03, -0.11976790E+01, -0.39473296E-03, -0.13620081E-02,  0.47518734E-02
    2035.,  0.18312349E+02,  0.10481013E+03, -0.11976790E+01, -0.42973119E-03, -0.13072150E-02,  0.13837378E-02
    2036.,  0.18312349E+02,  0.10574294E+03, -0.11976790E+01, -0.45769974E-03, -0.12628943E-02,  0.11949934E-03
    2037.,  0.18312349E+02,  0.10667575E+03, -0.11976790E+01, -0.48633863E-03, -0.12275928E-02, -0.35008806E-03
    2038.,  0.18312349E+02,  0.10760857E+03, -0.11976790E+01, -0.51655796E-03, -0.12023441E-02, -0.52984807E-03
    2039.,  0.18312349E+02,  0.10854138E+03, -0.11976790E+01, -0.54458826E-03, -0.11899841E-02, -0.60905093E-03
    2040.,  0.18312349E+02,  0.10947419E+03, -0.11976790E+01, -0.56332268E-03, -0.11877989E-02, -0.65503002E-03
    2041.,  0.18312349E+02,  0.11040700E+03, -0.11976790E+01, -0.57400117E-03, -0.11883108E-02, -0.69168336E-03
    2042.,  0.17374849E+02,  0.11040700E+03, -0.11976790E+01, -0.57347100E-03, -0.11961225E-02, -0.49105142E-03
    2043.,  0.16437349E+02,  0.11040700E+03, -0.11976790E+01, -0.57601592E-03, -0.11951011E-02, -0.29909627E-03
    2044.,  0.15499849E+02,  0.11040700E+03, -0.11976790E+01, -0.59183272E-03, -0.11824765E-02, -0.12944419E-03
    2045.,  0.14562349E+02,  0.11040700E+03, -0.11976790E+01, -0.63122632E-03, -0.11661683E-02,  0.19704228E-05
    2046.,  0.13624849E+02,  0.11040700E+03, -0.11976790E+01, -0.70243145E-03, -0.11603121E-02,  0.87986098E-04
    2047.,  0.12687349E+02,  0.11040700E+03, -0.11976790E+01, -0.80991648E-03, -0.11845488E-02,  0.13602850E-03
    2048.,  0.11749849E+02,  0.11040700E+03, -0.11976790E+01, -0.95162266E-03, -0.12612001E-02,  0.16415223E-03
    2049.,  0.10812349E+02,  0.11040700E+03, -0.11976790E+01, -0.11173695E-02, -0.14097653E-02,  0.19450757E-03
    2050.,  0.98748489E+01,  0.11040700E+03, -0.11976790E+01, -0.12901632E-02, -0.16404670E-02,  0.25097196E-03
    2051.,  0.89373489E+01,  0.11040700E+03, -0.11976790E+01, -0.14507358E-02, -0.19502634E-02,  0.35646453E-03
    2052.,  0.79998489E+01,  0.11040700E+03, -0.11976790E+01, -0.15831273E-02, -0.23239015E-02,  0.52149648E-03
    2053.,  0.70623489E+01,  0.11040700E+03, -0.11976790E+01, -0.16783361E-02, -0.27389736E-02,  0.72512593E-03
    2054.,  0.61248489E+01,  0.11040700E+03, -0.11976790E+01, -0.17350805E-02, -0.31716652E-02,  0.90577722E-03
    2055.,  0.51873489E+01,  0.11040700E+03, -0.11976790E+01, -0.17590129E-02, -0.36009009E-02,  0.98490619E-03
    2056.,  0.42498489E+01,  0.11040700E+03, -0.11976790E+01, -0.17627043E-02, -0.40122836E-02,  0.92047573E-03
    2057.,  0.33123489E+01,  0.11040700E+03, -0.11976790E+01, -0.17617060E-02, -0.44094008E-02,  0.75256427E-03
    2058.,  0.33123489E+01,  0.10947419E+03, -0.11976790E+01, -0.13711913E-02, -0.44082727E-02,  0.29068829E-03
    2059.,  0.33123489E+01,  0.10854138E+03, -0.11976790E+01, -0.99462670E-03, -0.44112921E-02, -0.28670924E-03
    2060.,  0.33123489E+01,  0.10760857E+03, -0.11976790E+01, -0.63648252E-03, -0.44321455E-02, -0.11459838E-02
    2061.,  0.33123489E+01,  0.10667575E+03, -0.11976790E+01, -0.28757009E-03, -0.44816292E-02, -0.25979437E-02
    2062.,  0.33123489E+01,  0.10574294E+03, -0.11976790E+01,  0.64963658E-04, -0.45672584E-02, -0.53160520E-02
    2063.,  0.33123489E+01,  0.10481013E+03, -0.11976790E+01,  0.44235849E-03, -0.47057707E-02, -0.10697296E-01
    2064.,  0.33123489E+01,  0.10387732E+03, -0.11976790E+01,  0.97164568E-03, -0.49272678E-02, -0.21789915E-01
    2065.,  0.33123489E+01,  0.10294450E+03, -0.11976790E+01,  0.19646320E-02, -0.54587294E-02, -0.49091897E-01
    2066.,  0.33123489E+01,  0.10201169E+03, -0.11976790E+01,  0.58958739E-02, -0.60700892E-02, -0.12269740E+00
    2067.,  0.33123489E+01,  0.10107888E+03, -0.11976790E+01,  0.22910567E-01,  0.24132313E-02, -0.29176081E+00
    2068.,  0.33123489E+01,  0.10014607E+03, -0.11976790E+01,  0.70812883E-01,  0.44106631E-01, -0.58396616E+00
    2069.,  0.33123489E+01,  0.99213254E+02, -0.11976790E+01,  0.15009590E+00,  0.12543544E+00, -0.95986624E+00
    2070.,  0.33123489E+01,  0.98280441E+02, -0.11976790E+01,  0.23992646E+00,  0.22121491E+00, -0.13616793E+01
    2071.,  0.33123489E+01,  0.97347629E+02, -0.11976790E+01,  0.32994183E+00,  0.31780257E+00, -0.17650267E+01
    2072.,  0.33123489E+01,  0.96414817E+02, -0.11976790E+01,  0.41755217E+00,  0.41075256E+00, -0.21630861E+01
    2073.,  0.33123489E+01,  0.95482004E+02, -0.19237207E+01,  0.67049951E+00,  0.33148693E+00, -0.23303777E+01
    2074.,  0.42498489E+01,  0.95482004E+02, -0.19237207E+01,  0.61414897E+00,  0.27628945E+00, -0.20149410E+01
    2075.,  0.51873489E+01,  0.95482004E+02, -0.19237207E+01,  0.55828324E+00,  0.21797795E+00, -0.17003002E+01
    2076.,  0.61248489E+01,  0.95482004E+02, -0.19237207E+01,  0.49485714E+00,  0.10262389E+00, -0.13778935E+01
    2077.,  0.70623489E+01,  0.95482004E+02, -0.19237207E+01,  0.44091209E+00, -0.92875042E-06, -0.10645611E+01
    2078.,  0.79998489E+01,  0.95482004E+02, -0.19237207E+01,  0.38854574E+00, -0.88346408E-06, -0.75561988E+00
    2079.,  0.89373489E+01,  0.95482004E+02, -0.19237207E+01,  0.33617938E+00, -0.83817769E-06, -0.44667865E+00
    2080.,  0.98748489E+01,  0.95482004E+02, -0.19237207E+01,  0.28381302E+00, -0.79289132E-06, -0.13773742E+00
    2081.,  0.10812349E+02,  0.95482004E+02, -0.19237207E+01,  0.23144666E+00, -0.74760496E-06,  0.17120381E+00
    2082.,  0.11749849E+02,  0.95482004E+02, -0.19237207E+01,  0.17908031E+00, -0.70231859E-06,  0.48014504E+00
    2083.,  0.12687349E+02,  0.95482004E+02, -0.19237207E+01,  0.12671395E+00, -0.65703221E-06,  0.78908627E+00
    2084.,  0.13624849E+02,  0.95482004E+02, -0.19237207E+01,  0.74347593E-01, -0.61174583E-06,  0.10980275E+01
    2085.,  0.14562349E+02,  0.95482004E+02, -0.19237207E+01,  0.21981236E-01, -0.56645945E-06,  0.14069687E+01
    2086.,  0.15499849E+02,  0.95482004E+02, -0.19237207E+01, -0.28985121E-01,  0.90550657E-01,  0.17116068E+01
    2087.,  0.16437349E+02,  0.95482004E+02, -0.19237207E+01, -0.81618423E-01,  0.18582646E+00,  0.20064677E+01
    2088.,  0.17374849E+02,  0.95482004E+02, -0.19237207E+01, -0.13520364E+00,  0.24520697E+00,  0.23107409E+01
    2089.,  0.18312349E+02,  0.95482004E+02, -0.19237207E+01, -0.18834318E+00,  0.29720571E+00,  0.26169508E+01
    2090.,  0.33123489E+01,  0.95482004E+02, -0.26497623E+01,  0.89506176E+00,  0.13400641E+00, -0.22663399E+01
    2091.,  0.42498489E+01,  0.95482004E+02, -0.26497623E+01,  0.84101683E+00,  0.99953349E-01, -0.19560224E+01
    2092.,  0.51873489E+01,  0.95482004E+02, -0.26497623E+01,  0.78646448E+00,  0.57621512E-01, -0.16441133E+01
    2093.,  0.61248489E+01,  0.95482004E+02, -0.26497623E+01,  0.73253627E+00, -0.11522860E-05, -0.13329475E+01
    2094.,  0.70623489E+01,  0.95482004E+02, -0.26497623E+01,  0.68016991E+00, -0.11069997E-05, -0.10240063E+01
    2095.,  0.79998489E+01,  0.95482004E+02, -0.26497623E+01,  0.62780356E+00, -0.10617133E-05, -0.71506505E+00
    2096.,  0.89373489E+01,  0.95482004E+02, -0.26497623E+01,  0.57543720E+00, -0.10164269E-05, -0.40612382E+00
    2097.,  0.98748489E+01,  0.95482004E+02, -0.26497623E+01,  0.52307084E+00, -0.97114056E-06, -0.97182585E-01
    2098.,  0.10812349E+02,  0.95482004E+02, -0.26497623E+01,  0.47070448E+00, -0.92585417E-06,  0.21175865E+00
    2099.,  0.11749849E+02,  0.95482004E+02, -0.26497623E+01,  0.41833813E+00, -0.88056781E-06,  0.52069988E+00
    2100.,  0.12687349E+02,  0.95482004E+02, -0.26497623E+01,  0.36597177E+00, -0.83528144E-06,  0.82964111E+00
    2101.,  0.13624849E+02,  0.95482004E+02, -0.26497623E+01,  0.31360541E+00, -0.78999505E-06,  0.11385823E+01
    2102.,  0.14562349E+02,  0.95482004E+02, -0.26497623E+01,  0.26123906E+00, -0.74470869E-06,  0.14475236E+01
    2103.,  0.15499849E+02,  0.95482004E+02, -0.26497623E+01,  0.20887270E+00, -0.69942232E-06,  0.17564648E+01
    2104.,  0.16437349E+02,  0.95482004E+02, -0.26497623E+01,  0.15685983E+00,  0.43754406E-01,  0.20632884E+01
    2105.,  0.17374849E+02,  0.95482004E+02, -0.26497623E+01,  0.10447811E+00,  0.93591065E-01,  0.23690463E+01
    2106.,  0.18312349E+02,  0.95482004E+02, -0.26497623E+01,  0.50829714E-01,  0.11721185E+00,  0.26796846E+01
    2107.,  0.33123489E+01,  0.95482004E+02, -0.33758040E+01,  0.11288096E+01,  0.17274725E-01, -0.22185478E+01
    2108.,  0.42498489E+01,  0.95482004E+02, -0.33758040E+01,  0.10765268E+01, -0.14211080E-05, -0.19102751E+01
    2109.,  0.51873489E+01,  0.95482004E+02, -0.33758040E+01,  0.10241604E+01, -0.13758216E-05, -0.16013339E+01
    2110.,  0.61248489E+01,  0.95482004E+02, -0.33758040E+01,  0.97179409E+00, -0.13305353E-05, -0.12923927E+01
    2111.,  0.70623489E+01,  0.95482004E+02, -0.33758040E+01,  0.91942773E+00, -0.12852489E-05, -0.98345144E+00
    2112.,  0.79998489E+01,  0.95482004E+02, -0.33758040E+01,  0.86706138E+00, -0.12399625E-05, -0.67451021E+00
    2113.,  0.89373489E+01,  0.95482004E+02, -0.33758040E+01,  0.81469502E+00, -0.11946761E-05, -0.36556898E+00
    2114.,  0.98748489E+01,  0.95482004E+02, -0.33758040E+01,  0.76232866E+00, -0.11493898E-05, -0.56627751E-01
    2115.,  0.10812349E+02,  0.95482004E+02, -0.33758040E+01,  0.70996230E+00, -0.11041034E-05,  0.25231348E+00
    2116.,  0.11749849E+02,  0.95482004E+02, -0.33758040E+01,  0.65759595E+00, -0.10588170E-05,  0.56125471E+00
    2117.,  0.12687349E+02,  0.95482004E+02, -0.33758040E+01,  0.60522959E+00, -0.10135307E-05,  0.87019594E+00
    2118.,  0.13624849E+02,  0.95482004E+02, -0.33758040E+01,  0.55286323E+00, -0.96824429E-06,  0.11791372E+01
    2119.,  0.14562349E+02,  0.95482004E+02, -0.33758040E+01,  0.50049688E+00, -0.92295791E-06,  0.14880784E+01
    2120.,  0.15499849E+02,  0.95482004E+02, -0.33758040E+01,  0.44813052E+00, -0.87767155E-06,  0.17970196E+01
    2121.,  0.16437349E+02,  0.95482004E+02, -0.33758040E+01,  0.39576416E+00, -0.83238517E-06,  0.21059609E+01
    2122.,  0.17374849E+02,  0.95482004E+02, -0.33758040E+01,  0.34370458E+00,  0.21186994E-01,  0.24142980E+01
    2123.,  0.18312349E+02,  0.95482004E+02, -0.33758040E+01,  0.29090915E+00,  0.30986070E-01,  0.27237797E+01
    2124.,  0.33123489E+01,  0.95482004E+02, -0.41018457E+01,  0.13681128E+01, -0.18103093E-02, -0.21785257E+01
    2125.,  0.42498489E+01,  0.95482004E+02, -0.41018457E+01,  0.13157846E+01, -0.15993572E-05, -0.18697203E+01
    2126.,  0.51873489E+01,  0.95482004E+02, -0.41018457E+01,  0.12634183E+01, -0.15540709E-05, -0.15607791E+01
    2127.,  0.61248489E+01,  0.95482004E+02, -0.41018457E+01,  0.12110519E+01, -0.15087845E-05, -0.12518378E+01
    2128.,  0.70623489E+01,  0.95482004E+02, -0.41018457E+01,  0.11586856E+01, -0.14634981E-05, -0.94289661E+00
    2129.,  0.79998489E+01,  0.95482004E+02, -0.41018457E+01,  0.11063192E+01, -0.14182117E-05, -0.63395538E+00
    2130.,  0.89373489E+01,  0.95482004E+02, -0.41018457E+01,  0.10539528E+01, -0.13729254E-05, -0.32501415E+00
    2131.,  0.98748489E+01,  0.95482004E+02, -0.41018457E+01,  0.10015865E+01, -0.13276390E-05, -0.16072917E-01
    2132.,  0.10812349E+02,  0.95482004E+02, -0.41018457E+01,  0.94922012E+00, -0.12823526E-05,  0.29286831E+00
    2133.,  0.11749849E+02,  0.95482004E+02, -0.41018457E+01,  0.89685377E+00, -0.12370663E-05,  0.60180955E+00
    2134.,  0.12687349E+02,  0.95482004E+02, -0.41018457E+01,  0.84448741E+00, -0.11917799E-05,  0.91075078E+00
    2135.,  0.13624849E+02,  0.95482004E+02, -0.41018457E+01,  0.79212105E+00, -0.11464935E-05,  0.12196920E+01
    2136.,  0.14562349E+02,  0.95482004E+02, -0.41018457E+01,  0.73975470E+00, -0.11012071E-05,  0.15286332E+01
    2137.,  0.15499849E+02,  0.95482004E+02, -0.41018457E+01,  0.68738834E+00, -0.10559208E-05,  0.18375745E+01
    2138.,  0.16437349E+02,  0.95482004E+02, -0.41018457E+01,  0.63502198E+00, -0.10106344E-05,  0.21465157E+01
    2139.,  0.17374849E+02,  0.95482004E+02, -0.41018457E+01,  0.58265562E+00, -0.96534802E-06,  0.24554569E+01
    2140.,  0.18312349E+02,  0.95482004E+02, -0.41018457E+01,  0.53038346E+00,  0.35259852E-02,  0.27644075E+01
    2141.,  0.33123489E+01,  0.95482004E+02, -0.48278873E+01,  0.16074088E+01, -0.18228928E-05, -0.21381067E+01
    2142.,  0.42498489E+01,  0.95482004E+02, -0.48278873E+01,  0.15550424E+01, -0.17776065E-05, -0.18291655E+01
    2143.,  0.51873489E+01,  0.95482004E+02, -0.48278873E+01,  0.15026761E+01, -0.17323201E-05, -0.15202242E+01
    2144.,  0.61248489E+01,  0.95482004E+02, -0.48278873E+01,  0.14503097E+01, -0.16870337E-05, -0.12112830E+01
    2145.,  0.70623489E+01,  0.95482004E+02, -0.48278873E+01,  0.13979434E+01, -0.16417474E-05, -0.90234178E+00
    2146.,  0.79998489E+01,  0.95482004E+02, -0.48278873E+01,  0.13455770E+01, -0.15964610E-05, -0.59340054E+00
    2147.,  0.89373489E+01,  0.95482004E+02, -0.48278873E+01,  0.12932107E+01, -0.15511746E-05, -0.28445931E+00
    2148.,  0.98748489E+01,  0.95482004E+02, -0.48278873E+01,  0.12408443E+01, -0.15058882E-05,  0.24481918E-01
    2149.,  0.10812349E+02,  0.95482004E+02, -0.48278873E+01,  0.11884779E+01, -0.14606019E-05,  0.33342315E+00
    2150.,  0.11749849E+02,  0.95482004E+02, -0.48278873E+01,  0.11361116E+01, -0.14153155E-05,  0.64236438E+00
    2151.,  0.12687349E+02,  0.95482004E+02, -0.48278873E+01,  0.10837452E+01, -0.13700291E-05,  0.95130561E+00
    2152.,  0.13624849E+02,  0.95482004E+02, -0.48278873E+01,  0.10313789E+01, -0.13247427E-05,  0.12602468E+01
    2153.,  0.14562349E+02,  0.95482004E+02, -0.48278873E+01,  0.97901252E+00, -0.12794564E-05,  0.15691881E+01
    2154.,  0.15499849E+02,  0.95482004E+02, -0.48278873E+01,  0.92664616E+00, -0.12341700E-05,  0.18781293E+01
    2155.,  0.16437349E+02,  0.95482004E+02, -0.48278873E+01,  0.87427980E+00, -0.11888836E-05,  0.21870705E+01
    2156.,  0.17374849E+02,  0.95482004E+02, -0.48278873E+01,  0.82191344E+00, -0.11435973E-05,  0.24960118E+01
    2157.,  0.18312349E+02,  0.95482004E+02, -0.48278873E+01,  0.76954709E+00, -0.10983109E-05,  0.28049530E+01
    2158.,  0.33123489E+01,  0.95482004E+02, -0.55539290E+01,  0.18466666E+01, -0.20011421E-05, -0.20975519E+01
    2159.,  0.42498489E+01,  0.95482004E+02, -0.55539290E+01,  0.17943003E+01, -0.19558557E-05, -0.17886106E+01
    2160.,  0.51873489E+01,  0.95482004E+02, -0.55539290E+01,  0.17419339E+01, -0.19105693E-05, -0.14796694E+01
    2161.,  0.61248489E+01,  0.95482004E+02, -0.55539290E+01,  0.16895675E+01, -0.18652829E-05, -0.11707282E+01
    2162.,  0.70623489E+01,  0.95482004E+02, -0.55539290E+01,  0.16372012E+01, -0.18199966E-05, -0.86178694E+00
    2163.,  0.79998489E+01,  0.95482004E+02, -0.55539290E+01,  0.15848348E+01, -0.17747102E-05, -0.55284571E+00
    2164.,  0.89373489E+01,  0.95482004E+02, -0.55539290E+01,  0.15324685E+01, -0.17294238E-05, -0.24390448E+00
    2165.,  0.98748489E+01,  0.95482004E+02, -0.55539290E+01,  0.14801021E+01, -0.16841375E-05,  0.65036752E-01
    2166.,  0.10812349E+02,  0.95482004E+02, -0.55539290E+01,  0.14277358E+01, -0.16388511E-05,  0.37397798E+00
    2167.,  0.11749849E+02,  0.95482004E+02, -0.55539290E+01,  0.13753694E+01, -0.15935647E-05,  0.68291921E+00
    2168.,  0.12687349E+02,  0.95482004E+02, -0.55539290E+01,  0.13230030E+01, -0.15482783E-05,  0.99186044E+00
    2169.,  0.13624849E+02,  0.95482004E+02, -0.55539290E+01,  0.12706367E+01, -0.15029920E-05,  0.13008017E+01
    2170.,  0.14562349E+02,  0.95482004E+02, -0.55539290E+01,  0.12182703E+01, -0.14577056E-05,  0.16097429E+01
    2171.,  0.15499849E+02,  0.95482004E+02, -0.55539290E+01,  0.11659040E+01, -0.14124192E-05,  0.19186841E+01
    2172.,  0.16437349E+02,  0.95482004E+02, -0.55539290E+01,  0.11135376E+01, -0.13671329E-05,  0.22276254E+01
    2173.,  0.17374849E+02,  0.95482004E+02, -0.55539290E+01,  0.10611713E+01, -0.13218465E-05,  0.25365666E+01
    2174.,  0.18312349E+02,  0.95482004E+02, -0.55539290E+01,  0.10088049E+01, -0.12765601E-05,  0.28455078E+01
    2175.,  0.33123489E+01,  0.95482004E+02, -0.62799707E+01,  0.20859244E+01, -0.21793913E-05, -0.20569970E+01
    2176.,  0.42498489E+01,  0.95482004E+02, -0.62799707E+01,  0.20335581E+01, -0.21341049E-05, -0.17480558E+01
    2177.,  0.51873489E+01,  0.95482004E+02, -0.62799707E+01,  0.19811917E+01, -0.20888186E-05, -0.14391146E+01
    2178.,  0.61248489E+01,  0.95482004E+02, -0.62799707E+01,  0.19288254E+01, -0.20435322E-05, -0.11301733E+01
    2179.,  0.70623489E+01,  0.95482004E+02, -0.62799707E+01,  0.18764590E+01, -0.19982458E-05, -0.82123211E+00
    2180.,  0.79998489E+01,  0.95482004E+02, -0.62799707E+01,  0.18240927E+01, -0.19529594E-05, -0.51229088E+00
    2181.,  0.89373489E+01,  0.95482004E+02, -0.62799707E+01,  0.17717263E+01, -0.19076731E-05, -0.20334964E+00
    2182.,  0.98748489E+01,  0.95482004E+02, -0.62799707E+01,  0.17193599E+01, -0.18623867E-05,  0.10559159E+00
    2183.,  0.10812349E+02,  0.95482004E+02, -0.62799707E+01,  0.16669936E+01, -0.18171003E-05,  0.41453282E+00
    2184.,  0.11749849E+02,  0.95482004E+02, -0.62799707E+01,  0.16146272E+01, -0.17718139E-05,  0.72347405E+00
    2185.,  0.12687349E+02,  0.95482004E+02, -0.62799707E+01,  0.15622609E+01, -0.17265276E-05,  0.10324153E+01
    2186.,  0.13624849E+02,  0.95482004E+02, -0.62799707E+01,  0.15098945E+01, -0.16812412E-05,  0.13413565E+01
    2187.,  0.14562349E+02,  0.95482004E+02, -0.62799707E+01,  0.14575282E+01, -0.16359548E-05,  0.16502977E+01
    2188.,  0.15499849E+02,  0.95482004E+02, -0.62799707E+01,  0.14051618E+01, -0.15906685E-05,  0.19592390E+01
    2189.,  0.16437349E+02,  0.95482004E+02, -0.62799707E+01,  0.13527954E+01, -0.15453821E-05,  0.22681802E+01
    2190.,  0.17374849E+02,  0.95482004E+02, -0.62799707E+01,  0.13004291E+01, -0.15000957E-05,  0.25771214E+01
    2191.,  0.18312349E+02,  0.95482004E+02, -0.62799707E+01,  0.12480627E+01, -0.14548093E-05,  0.28860627E+01
    2192.,  0.33123489E+01,  0.95482004E+02, -0.70060123E+01,  0.23251823E+01, -0.23576405E-05, -0.20164422E+01
    2193.,  0.42498489E+01,  0.95482004E+02, -0.70060123E+01,  0.22728159E+01, -0.23123542E-05, -0.17075010E+01
    2194.,  0.51873489E+01,  0.95482004E+02, -0.70060123E+01,  0.22204495E+01, -0.22670678E-05, -0.13985597E+01
    2195.,  0.61248489E+01,  0.95482004E+02, -0.70060123E+01,  0.21680832E+01, -0.22217814E-05, -0.10896185E+01
    2196.,  0.70623489E+01,  0.95482004E+02, -0.70060123E+01,  0.21157168E+01, -0.21764950E-05, -0.78067727E+00
    2197.,  0.79998489E+01,  0.95482004E+02, -0.70060123E+01,  0.20633505E+01, -0.21312087E-05, -0.47173604E+00
    2198.,  0.89373489E+01,  0.95482004E+02, -0.70060123E+01,  0.20109841E+01, -0.20859223E-05, -0.16279481E+00
    2199.,  0.98748489E+01,  0.95482004E+02, -0.70060123E+01,  0.19586178E+01, -0.20406359E-05,  0.14614642E+00
    2200.,  0.10812349E+02,  0.95482004E+02, -0.70060123E+01,  0.19062514E+01, -0.19953495E-05,  0.45508765E+00
    2201.,  0.11749849E+02,  0.95482004E+02, -0.70060123E+01,  0.18538850E+01, -0.19500632E-05,  0.76402888E+00
    2202.,  0.12687349E+02,  0.95482004E+02, -0.70060123E+01,  0.18015187E+01, -0.19047768E-05,  0.10729701E+01
    2203.,  0.13624849E+02,  0.95482004E+02, -0.70060123E+01,  0.17491523E+01, -0.18594904E-05,  0.13819113E+01
    2204.,  0.14562349E+02,  0.95482004E+02, -0.70060123E+01,  0.16967860E+01, -0.18142041E-05,  0.16908526E+01
    2205.,  0.15499849E+02,  0.95482004E+02, -0.70060123E+01,  0.16444196E+01, -0.17689177E-05,  0.19997938E+01
    2206.,  0.16437349E+02,  0.95482004E+02, -0.70060123E+01,  0.15920533E+01, -0.17236313E-05,  0.23087350E+01
    2207.,  0.17374849E+02,  0.95482004E+02, -0.70060123E+01,  0.15396869E+01, -0.16783449E-05,  0.26176763E+01
    2208.,  0.18312349E+02,  0.95482004E+02, -0.70060123E+01,  0.14873205E+01, -0.16330586E-05,  0.29266175E+01
    2209.,  0.33123489E+01,  0.95482004E+02, -0.77320540E+01,  0.25644401E+01, -0.25358898E-05, -0.19758874E+01
    2210.,  0.42498489E+01,  0.95482004E+02, -0.77320540E+01,  0.25120737E+01, -0.24906034E-05, -0.16669461E+01
    2211.,  0.51873489E+01,  0.95482004E+02, -0.77320540E+01,  0.24597074E+01, -0.24453170E-05, -0.13580049E+01
    2212.,  0.61248489E+01,  0.95482004E+02, -0.77320540E+01,  0.24073410E+01, -0.24000306E-05, -0.10490637E+01
    2213.,  0.70623489E+01,  0.95482004E+02, -0.77320540E+01,  0.23549747E+01, -0.23547443E-05, -0.74012244E+00
    2214.,  0.79998489E+01,  0.95482004E+02, -0.77320540E+01,  0.23026083E+01, -0.23094579E-05, -0.43118121E+00
    2215.,  0.89373489E+01,  0.95482004E+02, -0.77320540E+01,  0.22502419E+01, -0.22641715E-05, -0.12223998E+00
    2216.,  0.98748489E+01,  0.95482004E+02, -0.77320540E+01,  0.21978756E+01, -0.22188851E-05,  0.18670125E+00
    2217.,  0.10812349E+02,  0.95482004E+02, -0.77320540E+01,  0.21455092E+01, -0.21735988E-05,  0.49564249E+00
    2218.,  0.11749849E+02,  0.95482004E+02, -0.77320540E+01,  0.20931429E+01, -0.21283124E-05,  0.80458372E+00
    2219.,  0.12687349E+02,  0.95482004E+02, -0.77320540E+01,  0.20407765E+01, -0.20830260E-05,  0.11135249E+01
    2220.,  0.13624849E+02,  0.95482004E+02, -0.77320540E+01,  0.19884102E+01, -0.20377396E-05,  0.14224662E+01
    2221.,  0.14562349E+02,  0.95482004E+02, -0.77320540E+01,  0.19360438E+01, -0.19924533E-05,  0.17314074E+01
    2222.,  0.15499849E+02,  0.95482004E+02, -0.77320540E+01,  0.18836774E+01, -0.19471669E-05,  0.20403486E+01
    2223.,  0.16437349E+02,  0.95482004E+02, -0.77320540E+01,  0.18313111E+01, -0.19018805E-05,  0.23492899E+01
    2224.,  0.17374849E+02,  0.95482004E+02, -0.77320540E+01,  0.17789447E+01, -0.18565942E-05,  0.26582311E+01
    2225.,  0.18312349E+02,  0.95482004E+02, -0.77320540E+01,  0.17265784E+01, -0.18113078E-05,  0.29671723E+01
    2226.,  0.33123489E+01,  0.95482004E+02, -0.84580957E+01,  0.28036979E+01, -0.27141390E-05, -0.19353325E+01
    2227.,  0.42498489E+01,  0.95482004E+02, -0.84580957E+01,  0.27513315E+01, -0.26688526E-05, -0.16263913E+01
    2228.,  0.51873489E+01,  0.95482004E+02, -0.84580957E+01,  0.26989652E+01, -0.26235662E-05, -0.13174501E+01
    2229.,  0.61248489E+01,  0.95482004E+02, -0.84580957E+01,  0.26465988E+01, -0.25782799E-05, -0.10085088E+01
    2230.,  0.70623489E+01,  0.95482004E+02, -0.84580957E+01,  0.25942325E+01, -0.25329935E-05, -0.69956760E+00
    2231.,  0.79998489E+01,  0.95482004E+02, -0.84580957E+01,  0.25418661E+01, -0.24877071E-05, -0.39062637E+00
    2232.,  0.89373489E+01,  0.95482004E+02, -0.84580957E+01,  0.24894998E+01, -0.24424207E-05, -0.81685142E-01
    2233.,  0.98748489E+01,  0.95482004E+02, -0.84580957E+01,  0.24371334E+01, -0.23971344E-05,  0.22725609E+00
    2234.,  0.10812349E+02,  0.95482004E+02, -0.84580957E+01,  0.23847670E+01, -0.23518480E-05,  0.53619732E+00
    2235.,  0.11749849E+02,  0.95482004E+02, -0.84580957E+01,  0.23324007E+01, -0.23065616E-05,  0.84513855E+00
    2236.,  0.12687349E+02,  0.95482004E+02, -0.84580957E+01,  0.22800343E+01, -0.22612753E-05,  0.11540798E+01
    2237.,  0.13624849E+02,  0.95482004E+02, -0.84580957E+01,  0.22276680E+01, -0.22159889E-05,  0.14630210E+01
    2238.,  0.14562349E+02,  0.95482004E+02, -0.84580957E+01,  0.21753016E+01, -0.21707025E-05,  0.17719622E+01
    2239.,  0.15499849E+02,  0.95482004E+02, -0.84580957E+01,  0.21229353E+01, -0.21254161E-05,  0.20809035E+01
    2240.,  0.16437349E+02,  0.95482004E+02, -0.84580957E+01,  0.20705689E+01, -0.20801298E-05,  0.23898447E+01
    2241.,  0.17374849E+02,  0.95482004E+02, -0.84580957E+01,  0.20182025E+01, -0.20348434E-05,  0.26987859E+01
    2242.,  0.18312349E+02,  0.95482004E+02, -0.84580957E+01,  0.19658362E+01, -0.19895570E-05,  0.30077272E+01
    2243.,  0.33123489E+01,  0.95482004E+02, -0.91841373E+01,  0.30429557E+01, -0.28923882E-05, -0.18947777E+01
    2244.,  0.42498489E+01,  0.95482004E+02, -0.91841373E+01,  0.29905894E+01, -0.28471018E-05, -0.15858365E+01
    2245.,  0.51873489E+01,  0.95482004E+02, -0.91841373E+01,  0.29382230E+01, -0.28018155E-05, -0.12768952E+01
    2246.,  0.61248489E+01,  0.95482004E+02, -0.91841373E+01,  0.28858566E+01, -0.27565291E-05, -0.96795400E+00
    2247.,  0.70623489E+01,  0.95482004E+02, -0.91841373E+01,  0.28334903E+01, -0.27112427E-05, -0.65901277E+00
    2248.,  0.79998489E+01,  0.95482004E+02, -0.91841373E+01,  0.27811239E+01, -0.26659563E-05, -0.35007154E+00
    2249.,  0.89373489E+01,  0.95482004E+02, -0.91841373E+01,  0.27287576E+01, -0.26206700E-05, -0.41130307E-01
    2250.,  0.98748489E+01,  0.95482004E+02, -0.91841373E+01,  0.26763912E+01, -0.25753836E-05,  0.26781092E+00
    2251.,  0.10812349E+02,  0.95482004E+02, -0.91841373E+01,  0.26240249E+01, -0.25300972E-05,  0.57675215E+00
    2252.,  0.11749849E+02,  0.95482004E+02, -0.91841373E+01,  0.25716585E+01, -0.24848109E-05,  0.88569339E+00
    2253.,  0.12687349E+02,  0.95482004E+02, -0.91841373E+01,  0.25192921E+01, -0.24395245E-05,  0.11946346E+01
    2254.,  0.13624849E+02,  0.95482004E+02, -0.91841373E+01,  0.24669258E+01, -0.23942381E-05,  0.15035758E+01
    2255.,  0.14562349E+02,  0.95482004E+02, -0.91841373E+01,  0.24145594E+01, -0.23489517E-05,  0.18125171E+01
    2256.,  0.15499849E+02,  0.95482004E+02, -0.91841373E+01,  0.23621931E+01, -0.23036654E-05,  0.21214583E+01
    2257.,  0.16437349E+02,  0.95482004E+02, -0.91841373E+01,  0.23098267E+01, -0.22583790E-05,  0.24303995E+01
    2258.,  0.17374849E+02,  0.95482004E+02, -0.91841373E+01,  0.22574604E+01, -0.22130926E-05,  0.27393408E+01
    2259.,  0.18312349E+02,  0.95482004E+02, -0.91841373E+01,  0.22050940E+01, -0.21678062E-05,  0.30482820E+01
    2260.,  0.33123489E+01,  0.95482004E+02, -0.99101790E+01,  0.32822135E+01, -0.30706374E-05, -0.18542229E+01
    2261.,  0.42498489E+01,  0.95482004E+02, -0.99101790E+01,  0.32298472E+01, -0.30253511E-05, -0.15452816E+01
    2262.,  0.51873489E+01,  0.95482004E+02, -0.99101790E+01,  0.31774808E+01, -0.29800647E-05, -0.12363404E+01
    2263.,  0.61248489E+01,  0.95482004E+02, -0.99101790E+01,  0.31251145E+01, -0.29347783E-05, -0.92739917E+00
    2264.,  0.70623489E+01,  0.95482004E+02, -0.99101790E+01,  0.30727481E+01, -0.28894919E-05, -0.61845794E+00
    2265.,  0.79998489E+01,  0.95482004E+02, -0.99101790E+01,  0.30203818E+01, -0.28442056E-05, -0.30951670E+00
    2266.,  0.89373489E+01,  0.95482004E+02, -0.99101790E+01,  0.29680154E+01, -0.27989192E-05, -0.57547315E-03
    2267.,  0.98748489E+01,  0.95482004E+02, -0.99101790E+01,  0.29156490E+01, -0.27536328E-05,  0.30836576E+00
    2268.,  0.10812349E+02,  0.95482004E+02, -0.99101790E+01,  0.28632827E+01, -0.27083465E-05,  0.61730699E+00
    2269.,  0.11749849E+02,  0.95482004E+02, -0.99101790E+01,  0.28109163E+01, -0.26630601E-05,  0.92624822E+00
    2270.,  0.12687349E+02,  0.95482004E+02, -0.99101790E+01,  0.27585500E+01, -0.26177737E-05,  0.12351895E+01
    2271.,  0.13624849E+02,  0.95482004E+02, -0.99101790E+01,  0.27061836E+01, -0.25724873E-05,  0.15441307E+01
    2272.,  0.14562349E+02,  0.95482004E+02, -0.99101790E+01,  0.26538173E+01, -0.25272010E-05,  0.18530719E+01
    2273.,  0.15499849E+02,  0.95482004E+02, -0.99101790E+01,  0.26014509E+01, -0.24819146E-05,  0.21620131E+01
    2274.,  0.16437349E+02,  0.95482004E+02, -0.99101790E+01,  0.25490845E+01, -0.24366282E-05,  0.24709544E+01
    2275.,  0.17374849E+02,  0.95482004E+02, -0.99101790E+01,  0.24967182E+01, -0.23913418E-05,  0.27798956E+01
    2276.,  0.18312349E+02,  0.95482004E+02, -0.99101790E+01,  0.24443518E+01, -0.23460555E-05,  0.30888368E+01
    2277.,  0.33123489E+01,  0.95482004E+02, -0.10636221E+02,  0.35214714E+01, -0.32488867E-05, -0.18136680E+01
    2278.,  0.42498489E+01,  0.95482004E+02, -0.10636221E+02,  0.34691050E+01, -0.32036003E-05, -0.15047268E+01
    2279.,  0.51873489E+01,  0.95482004E+02, -0.10636221E+02,  0.34167386E+01, -0.31583139E-05, -0.11957856E+01
    2280.,  0.61248489E+01,  0.95482004E+02, -0.10636221E+02,  0.33643723E+01, -0.31130275E-05, -0.88684433E+00
    2281.,  0.70623489E+01,  0.95482004E+02, -0.10636221E+02,  0.33120059E+01, -0.30677412E-05, -0.57790310E+00
    2282.,  0.79998489E+01,  0.95482004E+02, -0.10636221E+02,  0.32596396E+01, -0.30224548E-05, -0.26896187E+00
    2283.,  0.89373489E+01,  0.95482004E+02, -0.10636221E+02,  0.32072732E+01, -0.29771684E-05,  0.39979361E-01
    2284.,  0.98748489E+01,  0.95482004E+02, -0.10636221E+02,  0.31549069E+01, -0.29318821E-05,  0.34892059E+00
    2285.,  0.10812349E+02,  0.95482004E+02, -0.10636221E+02,  0.31025405E+01, -0.28865957E-05,  0.65786182E+00
    2286.,  0.11749849E+02,  0.95482004E+02, -0.10636221E+02,  0.30501741E+01, -0.28413093E-05,  0.96680305E+00
    2287.,  0.12687349E+02,  0.95482004E+02, -0.10636221E+02,  0.29978078E+01, -0.27960229E-05,  0.12757443E+01
    2288.,  0.13624849E+02,  0.95482004E+02, -0.10636221E+02,  0.29454414E+01, -0.27507366E-05,  0.15846855E+01
    2289.,  0.14562349E+02,  0.95482004E+02, -0.10636221E+02,  0.28930751E+01, -0.27054502E-05,  0.18936267E+01
    2290.,  0.15499849E+02,  0.95482004E+02, -0.10636221E+02,  0.28407087E+01, -0.26601638E-05,  0.22025680E+01
    2291.,  0.16437349E+02,  0.95482004E+02, -0.10636221E+02,  0.27883424E+01, -0.26148775E-05,  0.25115092E+01
    2292.,  0.17374849E+02,  0.95482004E+02, -0.10636221E+02,  0.27359760E+01, -0.25695911E-05,  0.28204504E+01
    2293.,  0.18312349E+02,  0.95482004E+02, -0.10636221E+02,  0.26836096E+01, -0.25243047E-05,  0.31293917E+01
    2294.,  0.33123489E+01,  0.95482004E+02, -0.11362262E+02,  0.37607292E+01, -0.34271359E-05, -0.17731132E+01
    2295.,  0.42498489E+01,  0.95482004E+02, -0.11362262E+02,  0.37083628E+01, -0.33818495E-05, -0.14641720E+01
    2296.,  0.51873489E+01,  0.95482004E+02, -0.11362262E+02,  0.36559965E+01, -0.33365631E-05, -0.11552307E+01
    2297.,  0.61248489E+01,  0.95482004E+02, -0.11362262E+02,  0.36036301E+01, -0.32912768E-05, -0.84628950E+00
    2298.,  0.70623489E+01,  0.95482004E+02, -0.11362262E+02,  0.35512638E+01, -0.32459904E-05, -0.53734827E+00
    2299.,  0.79998489E+01,  0.95482004E+02, -0.11362262E+02,  0.34988974E+01, -0.32007040E-05, -0.22840704E+00
    2300.,  0.89373489E+01,  0.95482004E+02, -0.11362262E+02,  0.34465310E+01, -0.31554177E-05,  0.80534195E-01
    2301.,  0.98748489E+01,  0.95482004E+02, -0.11362262E+02,  0.33941647E+01, -0.31101313E-05,  0.38947543E+00
    2302.,  0.10812349E+02,  0.95482004E+02, -0.11362262E+02,  0.33417983E+01, -0.30648449E-05,  0.69841666E+00
    2303.,  0.11749849E+02,  0.95482004E+02, -0.11362262E+02,  0.32894320E+01, -0.30195585E-05,  0.10073579E+01
    2304.,  0.12687349E+02,  0.95482004E+02, -0.11362262E+02,  0.32370656E+01, -0.29742722E-05,  0.13162991E+01
    2305.,  0.13624849E+02,  0.95482004E+02, -0.11362262E+02,  0.31846993E+01, -0.29289858E-05,  0.16252403E+01
    2306.,  0.14562349E+02,  0.95482004E+02, -0.11362262E+02,  0.31323329E+01, -0.28836994E-05,  0.19341816E+01
    2307.,  0.15499849E+02,  0.95482004E+02, -0.11362262E+02,  0.30799665E+01, -0.28384131E-05,  0.22431228E+01
    2308.,  0.16437349E+02,  0.95482004E+02, -0.11362262E+02,  0.30276002E+01, -0.27931267E-05,  0.25520640E+01
    2309.,  0.17374849E+02,  0.95482004E+02, -0.11362262E+02,  0.29752338E+01, -0.27478403E-05,  0.28610053E+01
    2310.,  0.18312349E+02,  0.95482004E+02, -0.11362262E+02,  0.29228675E+01, -0.27025539E-05,  0.31699465E+01
    2311.,  0.33123489E+01,  0.95482004E+02, -0.12088304E+02,  0.39999870E+01, -0.36053851E-05, -0.17325584E+01
    2312.,  0.42498489E+01,  0.95482004E+02, -0.12088304E+02,  0.39476206E+01, -0.35600987E-05, -0.14236171E+01
    2313.,  0.51873489E+01,  0.95482004E+02, -0.12088304E+02,  0.38952543E+01, -0.35148124E-05, -0.11146759E+01
    2314.,  0.61248489E+01,  0.95482004E+02, -0.12088304E+02,  0.38428879E+01, -0.34695260E-05, -0.80573466E+00
    2315.,  0.70623489E+01,  0.95482004E+02, -0.12088304E+02,  0.37905216E+01, -0.34242396E-05, -0.49679343E+00
    2316.,  0.79998489E+01,  0.95482004E+02, -0.12088304E+02,  0.37381552E+01, -0.33789533E-05, -0.18785220E+00
    2317.,  0.89373489E+01,  0.95482004E+02, -0.12088304E+02,  0.36857889E+01, -0.33336669E-05,  0.12108903E+00
    2318.,  0.98748489E+01,  0.95482004E+02, -0.12088304E+02,  0.36334225E+01, -0.32883805E-05,  0.43003026E+00
    2319.,  0.10812349E+02,  0.95482004E+02, -0.12088304E+02,  0.35810561E+01, -0.32430941E-05,  0.73897149E+00
    2320.,  0.11749849E+02,  0.95482004E+02, -0.12088304E+02,  0.35286898E+01, -0.31978078E-05,  0.10479127E+01
    2321.,  0.12687349E+02,  0.95482004E+02, -0.12088304E+02,  0.34763234E+01, -0.31525214E-05,  0.13568540E+01
    2322.,  0.13624849E+02,  0.95482004E+02, -0.12088304E+02,  0.34239571E+01, -0.31072350E-05,  0.16657952E+01
    2323.,  0.14562349E+02,  0.95482004E+02, -0.12088304E+02,  0.33715907E+01, -0.30619486E-05,  0.19747364E+01
    2324.,  0.15499849E+02,  0.95482004E+02, -0.12088304E+02,  0.33192244E+01, -0.30166623E-05,  0.22836776E+01
    2325.,  0.16437349E+02,  0.95482004E+02, -0.12088304E+02,  0.32668580E+01, -0.29713759E-05,  0.25926189E+01
    2326.,  0.17374849E+02,  0.95482004E+02, -0.12088304E+02,  0.32144916E+01, -0.29260895E-05,  0.29015601E+01
    2327.,  0.18312349E+02,  0.95482004E+02, -0.12088304E+02,  0.31621253E+01, -0.28808032E-05,  0.32105013E+01
    2328.,  0.33123489E+01,  0.95482004E+02, -0.12814346E+02,  0.42392448E+01, -0.37836344E-05, -0.16920035E+01
    2329.,  0.42498489E+01,  0.95482004E+02, -0.12814346E+02,  0.41868785E+01, -0.37383480E-05, -0.13830623E+01
    2330.,  0.51873489E+01,  0.95482004E+02, -0.12814346E+02,  0.41345121E+01, -0.36930616E-05, -0.10741211E+01
    2331.,  0.61248489E+01,  0.95482004E+02, -0.12814346E+02,  0.40821457E+01, -0.36477752E-05, -0.76517983E+00
    2332.,  0.70623489E+01,  0.95482004E+02, -0.12814346E+02,  0.40297794E+01, -0.36024889E-05, -0.45623860E+00
    2333.,  0.79998489E+01,  0.95482004E+02, -0.12814346E+02,  0.39774130E+01, -0.35572025E-05, -0.14729737E+00
    2334.,  0.89373489E+01,  0.95482004E+02, -0.12814346E+02,  0.39250467E+01, -0.35119161E-05,  0.16164386E+00
    2335.,  0.98748489E+01,  0.95482004E+02, -0.12814346E+02,  0.38726803E+01, -0.34666297E-05,  0.47058510E+00
    2336.,  0.10812349E+02,  0.95482004E+02, -0.12814346E+02,  0.38203140E+01, -0.34213434E-05,  0.77952633E+00
    2337.,  0.11749849E+02,  0.95482004E+02, -0.12814346E+02,  0.37679476E+01, -0.33760570E-05,  0.10884676E+01
    2338.,  0.12687349E+02,  0.95482004E+02, -0.12814346E+02,  0.37155813E+01, -0.33307706E-05,  0.13974088E+01
    2339.,  0.13624849E+02,  0.95482004E+02, -0.12814346E+02,  0.36632149E+01, -0.32854842E-05,  0.17063500E+01
    2340.,  0.14562349E+02,  0.95482004E+02, -0.12814346E+02,  0.36108485E+01, -0.32401979E-05,  0.20152912E+01
    2341.,  0.15499849E+02,  0.95482004E+02, -0.12814346E+02,  0.35584822E+01, -0.31949115E-05,  0.23242325E+01
    2342.,  0.16437349E+02,  0.95482004E+02, -0.12814346E+02,  0.35061158E+01, -0.31496251E-05,  0.26331737E+01
    2343.,  0.17374849E+02,  0.95482004E+02, -0.12814346E+02,  0.34537495E+01, -0.31043388E-05,  0.29421149E+01
    2344.,  0.18312349E+02,  0.95482004E+02, -0.12814346E+02,  0.34013831E+01, -0.30590524E-05,  0.32510562E+01
    2345.,  0.33123489E+01,  0.95482004E+02, -0.13540387E+02,  0.44785026E+01, -0.39618836E-05, -0.16514487E+01
    2346.,  0.42498489E+01,  0.95482004E+02, -0.13540387E+02,  0.44261363E+01, -0.39165972E-05, -0.13425075E+01
    2347.,  0.51873489E+01,  0.95482004E+02, -0.13540387E+02,  0.43737699E+01, -0.38713108E-05, -0.10335662E+01
    2348.,  0.61248489E+01,  0.95482004E+02, -0.13540387E+02,  0.43214036E+01, -0.38260244E-05, -0.72462499E+00
    2349.,  0.70623489E+01,  0.95482004E+02, -0.13540387E+02,  0.42690372E+01, -0.37807381E-05, -0.41568376E+00
    2350.,  0.79998489E+01,  0.95482004E+02, -0.13540387E+02,  0.42166709E+01, -0.37354517E-05, -0.10674253E+00
    2351.,  0.89373489E+01,  0.95482004E+02, -0.13540387E+02,  0.41643045E+01, -0.36901653E-05,  0.20219870E+00
    2352.,  0.98748489E+01,  0.95482004E+02, -0.13540387E+02,  0.41119381E+01, -0.36448790E-05,  0.51113993E+00
    2353.,  0.10812349E+02,  0.95482004E+02, -0.13540387E+02,  0.40595718E+01, -0.35995926E-05,  0.82008116E+00
    2354.,  0.11749849E+02,  0.95482004E+02, -0.13540387E+02,  0.40072054E+01, -0.35543062E-05,  0.11290224E+01
    2355.,  0.12687349E+02,  0.95482004E+02, -0.13540387E+02,  0.39548391E+01, -0.35090198E-05,  0.14379636E+01
    2356.,  0.13624849E+02,  0.95482004E+02, -0.13540387E+02,  0.39024727E+01, -0.34637335E-05,  0.17469049E+01
    2357.,  0.14562349E+02,  0.95482004E+02, -0.13540387E+02,  0.38501064E+01, -0.34184471E-05,  0.20558461E+01
    2358.,  0.15499849E+02,  0.95482004E+02, -0.13540387E+02,  0.37977400E+01, -0.33731607E-05,  0.23647873E+01
    2359.,  0.16437349E+02,  0.95482004E+02, -0.13540387E+02,  0.37453736E+01, -0.33278744E-05,  0.26737285E+01
    2360.,  0.17374849E+02,  0.95482004E+02, -0.13540387E+02,  0.36930073E+01, -0.32825880E-05,  0.29826698E+01
    2361.,  0.18312349E+02,  0.95482004E+02, -0.13540387E+02,  0.36406409E+01, -0.32373016E-05,  0.32916110E+01
    2362.,  0.33123489E+01,  0.95482004E+02, -0.14266429E+02,  0.47177605E+01, -0.41401328E-05, -0.16108939E+01
    2363.,  0.42498489E+01,  0.95482004E+02, -0.14266429E+02,  0.46653941E+01, -0.40948464E-05, -0.13019526E+01
    2364.,  0.51873489E+01,  0.95482004E+02, -0.14266429E+02,  0.46130277E+01, -0.40495601E-05, -0.99301139E+00
    2365.,  0.61248489E+01,  0.95482004E+02, -0.14266429E+02,  0.45606614E+01, -0.40042737E-05, -0.68407016E+00
    2366.,  0.70623489E+01,  0.95482004E+02, -0.14266429E+02,  0.45082950E+01, -0.39589873E-05, -0.37512893E+00
    2367.,  0.79998489E+01,  0.95482004E+02, -0.14266429E+02,  0.44559287E+01, -0.39137009E-05, -0.66187698E-01
    2368.,  0.89373489E+01,  0.95482004E+02, -0.14266429E+02,  0.44035623E+01, -0.38684146E-05,  0.24275353E+00
    2369.,  0.98748489E+01,  0.95482004E+02, -0.14266429E+02,  0.43511960E+01, -0.38231282E-05,  0.55169476E+00
    2370.,  0.10812349E+02,  0.95482004E+02, -0.14266429E+02,  0.42988296E+01, -0.37778418E-05,  0.86063599E+00
    2371.,  0.11749849E+02,  0.95482004E+02, -0.14266429E+02,  0.42464632E+01, -0.37325554E-05,  0.11695772E+01
    2372.,  0.12687349E+02,  0.95482004E+02, -0.14266429E+02,  0.41940969E+01, -0.36872691E-05,  0.14785185E+01
    2373.,  0.13624849E+02,  0.95482004E+02, -0.14266429E+02,  0.41417305E+01, -0.36419827E-05,  0.17874597E+01
    2374.,  0.14562349E+02,  0.95482004E+02, -0.14266429E+02,  0.40893642E+01, -0.35966963E-05,  0.20964009E+01
    2375.,  0.15499849E+02,  0.95482004E+02, -0.14266429E+02,  0.40369978E+01, -0.35514100E-05,  0.24053421E+01
    2376.,  0.16437349E+02,  0.95482004E+02, -0.14266429E+02,  0.39846315E+01, -0.35061236E-05,  0.27142834E+01
    2377.,  0.17374849E+02,  0.95482004E+02, -0.14266429E+02,  0.39322651E+01, -0.34608372E-05,  0.30232246E+01
    2378.,  0.18312349E+02,  0.95482004E+02, -0.14266429E+02,  0.38798987E+01, -0.34155508E-05,  0.33321658E+01
    2379.,  0.33123489E+01,  0.95482004E+02, -0.14992471E+02,  0.49570183E+01, -0.43183820E-05, -0.15703390E+01
    2380.,  0.42498489E+01,  0.95482004E+02, -0.14992471E+02,  0.49046519E+01, -0.42730957E-05, -0.12613978E+01
    2381.,  0.51873489E+01,  0.95482004E+02, -0.14992471E+02,  0.48522856E+01, -0.42278093E-05, -0.95245656E+00
    2382.,  0.61248489E+01,  0.95482004E+02, -0.14992471E+02,  0.47999192E+01, -0.41825229E-05, -0.64351533E+00
    2383.,  0.70623489E+01,  0.95482004E+02, -0.14992471E+02,  0.47475529E+01, -0.41372365E-05, -0.33457409E+00
    2384.,  0.79998489E+01,  0.95482004E+02, -0.14992471E+02,  0.46951865E+01, -0.40919502E-05, -0.25632864E-01
    2385.,  0.89373489E+01,  0.95482004E+02, -0.14992471E+02,  0.46428201E+01, -0.40466638E-05,  0.28330837E+00
    2386.,  0.98748489E+01,  0.95482004E+02, -0.14992471E+02,  0.45904538E+01, -0.40013774E-05,  0.59224960E+00
    2387.,  0.10812349E+02,  0.95482004E+02, -0.14992471E+02,  0.45380874E+01, -0.39560911E-05,  0.90119083E+00
    2388.,  0.11749849E+02,  0.95482004E+02, -0.14992471E+02,  0.44857211E+01, -0.39108047E-05,  0.12101321E+01
    2389.,  0.12687349E+02,  0.95482004E+02, -0.14992471E+02,  0.44333547E+01, -0.38655183E-05,  0.15190733E+01
    2390.,  0.13624849E+02,  0.95482004E+02, -0.14992471E+02,  0.43809884E+01, -0.38202319E-05,  0.18280145E+01
    2391.,  0.14562349E+02,  0.95482004E+02, -0.14992471E+02,  0.43286220E+01, -0.37749456E-05,  0.21369558E+01
    2392.,  0.15499849E+02,  0.95482004E+02, -0.14992471E+02,  0.42762556E+01, -0.37296592E-05,  0.24458970E+01
    2393.,  0.16437349E+02,  0.95482004E+02, -0.14992471E+02,  0.42238893E+01, -0.36843728E-05,  0.27548382E+01
    2394.,  0.17374849E+02,  0.95482004E+02, -0.14992471E+02,  0.41715229E+01, -0.36390864E-05,  0.30637794E+01
    2395.,  0.18312349E+02,  0.95482004E+02, -0.14992471E+02,  0.41191566E+01, -0.35938001E-05,  0.33727207E+01
    2396.,  0.33123489E+01,  0.95482004E+02, -0.15718512E+02,  0.51962761E+01, -0.44966313E-05, -0.15297842E+01
    2397.,  0.42498489E+01,  0.95482004E+02, -0.15718512E+02,  0.51439097E+01, -0.44513449E-05, -0.12208430E+01
    2398.,  0.51873489E+01,  0.95482004E+02, -0.15718512E+02,  0.50915434E+01, -0.44060585E-05, -0.91190172E+00
    2399.,  0.61248489E+01,  0.95482004E+02, -0.15718512E+02,  0.50391770E+01, -0.43607721E-05, -0.60296049E+00
    2400.,  0.70623489E+01,  0.95482004E+02, -0.15718512E+02,  0.49868107E+01, -0.43154858E-05, -0.29401926E+00
    2401.,  0.79998489E+01,  0.95482004E+02, -0.15718512E+02,  0.49344443E+01, -0.42701994E-05,  0.14921970E-01
    2402.,  0.89373489E+01,  0.95482004E+02, -0.15718512E+02,  0.48820780E+01, -0.42249130E-05,  0.32386320E+00
    2403.,  0.98748489E+01,  0.95482004E+02, -0.15718512E+02,  0.48297116E+01, -0.41796266E-05,  0.63280443E+00
    2404.,  0.10812349E+02,  0.95482004E+02, -0.15718512E+02,  0.47773452E+01, -0.41343403E-05,  0.94174566E+00
    2405.,  0.11749849E+02,  0.95482004E+02, -0.15718512E+02,  0.47249789E+01, -0.40890539E-05,  0.12506869E+01
    2406.,  0.12687349E+02,  0.95482004E+02, -0.15718512E+02,  0.46726125E+01, -0.40437675E-05,  0.15596281E+01
    2407.,  0.13624849E+02,  0.95482004E+02, -0.15718512E+02,  0.46202462E+01, -0.39984812E-05,  0.18685694E+01
    2408.,  0.14562349E+02,  0.95482004E+02, -0.15718512E+02,  0.45678798E+01, -0.39531948E-05,  0.21775106E+01
    2409.,  0.15499849E+02,  0.95482004E+02, -0.15718512E+02,  0.45155135E+01, -0.39079084E-05,  0.24864518E+01
    2410.,  0.16437349E+02,  0.95482004E+02, -0.15718512E+02,  0.44631471E+01, -0.38626220E-05,  0.27953930E+01
    2411.,  0.17374849E+02,  0.95482004E+02, -0.15718512E+02,  0.44107807E+01, -0.38173357E-05,  0.31043343E+01
    2412.,  0.18312349E+02,  0.95482004E+02, -0.15718512E+02,  0.43584144E+01, -0.37720493E-05,  0.34132755E+01
    2413.,  0.33123489E+01,  0.95482004E+02, -0.16444554E+02,  0.54355339E+01, -0.46748805E-05, -0.14892293E+01
    2414.,  0.42498489E+01,  0.95482004E+02, -0.16444554E+02,  0.53831676E+01, -0.46295941E-05, -0.11802881E+01
    2415.,  0.51873489E+01,  0.95482004E+02, -0.16444554E+02,  0.53308012E+01, -0.45843077E-05, -0.87134689E+00
    2416.,  0.61248489E+01,  0.95482004E+02, -0.16444554E+02,  0.52784348E+01, -0.45390214E-05, -0.56240566E+00
    2417.,  0.70623489E+01,  0.95482004E+02, -0.16444554E+02,  0.52260685E+01, -0.44937350E-05, -0.25346443E+00
    2418.,  0.79998489E+01,  0.95482004E+02, -0.16444554E+02,  0.51737021E+01, -0.44484486E-05,  0.55476805E-01
    2419.,  0.89373489E+01,  0.95482004E+02, -0.16444554E+02,  0.51213358E+01, -0.44031622E-05,  0.36441804E+00
    2420.,  0.98748489E+01,  0.95482004E+02, -0.16444554E+02,  0.50689694E+01, -0.43578759E-05,  0.67335927E+00
    2421.,  0.10812349E+02,  0.95482004E+02, -0.16444554E+02,  0.50166031E+01, -0.43125895E-05,  0.98230050E+00
    2422.,  0.11749849E+02,  0.95482004E+02, -0.16444554E+02,  0.49642367E+01, -0.42673031E-05,  0.12912417E+01
    2423.,  0.12687349E+02,  0.95482004E+02, -0.16444554E+02,  0.49118703E+01, -0.42220168E-05,  0.16001830E+01
    2424.,  0.13624849E+02,  0.95482004E+02, -0.16444554E+02,  0.48595040E+01, -0.41767304E-05,  0.19091242E+01
    2425.,  0.14562349E+02,  0.95482004E+02, -0.16444554E+02,  0.48071376E+01, -0.41314440E-05,  0.22180654E+01
    2426.,  0.15499849E+02,  0.95482004E+02, -0.16444554E+02,  0.47547713E+01, -0.40861576E-05,  0.25270067E+01
    2427.,  0.16437349E+02,  0.95482004E+02, -0.16444554E+02,  0.47024049E+01, -0.40408713E-05,  0.28359479E+01
    2428.,  0.17374849E+02,  0.95482004E+02, -0.16444554E+02,  0.46500386E+01, -0.39955849E-05,  0.31448891E+01
    2429.,  0.18312349E+02,  0.95482004E+02, -0.16444554E+02,  0.45976722E+01, -0.39502985E-05,  0.34538303E+01
    2430.,  0.33123489E+01,  0.95482004E+02, -0.17170596E+02,  0.56747917E+01, -0.48531297E-05, -0.14486745E+01
    2431.,  0.42498489E+01,  0.95482004E+02, -0.17170596E+02,  0.56224254E+01, -0.48078433E-05, -0.11397333E+01
    2432.,  0.51873489E+01,  0.95482004E+02, -0.17170596E+02,  0.55700590E+01, -0.47625570E-05, -0.83079205E+00
    2433.,  0.61248489E+01,  0.95482004E+02, -0.17170596E+02,  0.55176927E+01, -0.47172706E-05, -0.52185082E+00
    2434.,  0.70623489E+01,  0.95482004E+02, -0.17170596E+02,  0.54653263E+01, -0.46719842E-05, -0.21290959E+00
    2435.,  0.79998489E+01,  0.95482004E+02, -0.17170596E+02,  0.54129600E+01, -0.46266978E-05,  0.96031639E-01
    2436.,  0.89373489E+01,  0.95482004E+02, -0.17170596E+02,  0.53605936E+01, -0.45814115E-05,  0.40497287E+00
    2437.,  0.98748489E+01,  0.95482004E+02, -0.17170596E+02,  0.53082272E+01, -0.45361251E-05,  0.71391410E+00
    2438.,  0.10812349E+02,  0.95482004E+02, -0.17170596E+02,  0.52558609E+01, -0.44908387E-05,  0.10228553E+01
    2439.,  0.11749849E+02,  0.95482004E+02, -0.17170596E+02,  0.52034945E+01, -0.44455524E-05,  0.13317966E+01
    2440.,  0.12687349E+02,  0.95482004E+02, -0.17170596E+02,  0.51511282E+01, -0.44002660E-05,  0.16407378E+01
    2441.,  0.13624849E+02,  0.95482004E+02, -0.17170596E+02,  0.50987618E+01, -0.43549796E-05,  0.19496790E+01
    2442.,  0.14562349E+02,  0.95482004E+02, -0.17170596E+02,  0.50463955E+01, -0.43096932E-05,  0.22586203E+01
    2443.,  0.15499849E+02,  0.95482004E+02, -0.17170596E+02,  0.49940291E+01, -0.42644069E-05,  0.25675615E+01
    2444.,  0.16437349E+02,  0.95482004E+02, -0.17170596E+02,  0.49416627E+01, -0.42191205E-05,  0.28765027E+01
    2445.,  0.17374849E+02,  0.95482004E+02, -0.17170596E+02,  0.48892964E+01, -0.41738341E-05,  0.31854439E+01
    2446.,  0.18312349E+02,  0.95482004E+02, -0.17170596E+02,  0.48369300E+01, -0.41285477E-05,  0.34943852E+01
    2447.,  0.33123489E+01,  0.95482004E+02, -0.17896637E+02,  0.59140496E+01, -0.50313789E-05, -0.14081197E+01
    2448.,  0.42498489E+01,  0.95482004E+02, -0.17896637E+02,  0.58616832E+01, -0.49860926E-05, -0.10991785E+01
    2449.,  0.51873489E+01,  0.95482004E+02, -0.17896637E+02,  0.58093168E+01, -0.49408062E-05, -0.79023722E+00
    2450.,  0.61248489E+01,  0.95482004E+02, -0.17896637E+02,  0.57569505E+01, -0.48955198E-05, -0.48129599E+00
    2451.,  0.70623489E+01,  0.95482004E+02, -0.17896637E+02,  0.57045841E+01, -0.48502334E-05, -0.17235476E+00
    2452.,  0.79998489E+01,  0.95482004E+02, -0.17896637E+02,  0.56522178E+01, -0.48049471E-05,  0.13658647E+00
    2453.,  0.89373489E+01,  0.95482004E+02, -0.17896637E+02,  0.55998514E+01, -0.47596607E-05,  0.44552770E+00
    2454.,  0.98748489E+01,  0.95482004E+02, -0.17896637E+02,  0.55474851E+01, -0.47143743E-05,  0.75446894E+00
    2455.,  0.10812349E+02,  0.95482004E+02, -0.17896637E+02,  0.54951187E+01, -0.46690880E-05,  0.10634102E+01
    2456.,  0.11749849E+02,  0.95482004E+02, -0.17896637E+02,  0.54427523E+01, -0.46238016E-05,  0.13723514E+01
    2457.,  0.12687349E+02,  0.95482004E+02, -0.17896637E+02,  0.53903860E+01, -0.45785152E-05,  0.16812926E+01
    2458.,  0.13624849E+02,  0.95482004E+02, -0.17896637E+02,  0.53380196E+01, -0.45332288E-05,  0.19902339E+01
    2459.,  0.14562349E+02,  0.95482004E+02, -0.17896637E+02,  0.52856533E+01, -0.44879425E-05,  0.22991751E+01
    2460.,  0.15499849E+02,  0.95482004E+02, -0.17896637E+02,  0.52332869E+01, -0.44426561E-05,  0.26081163E+01
    2461.,  0.16437349E+02,  0.95482004E+02, -0.17896637E+02,  0.51809206E+01, -0.43973697E-05,  0.29170576E+01
    2462.,  0.17374849E+02,  0.95482004E+02, -0.17896637E+02,  0.51285542E+01, -0.43520833E-05,  0.32259988E+01
    2463.,  0.18312349E+02,  0.95482004E+02, -0.17896637E+02,  0.50761878E+01, -0.43067970E-05,  0.35349400E+01
    2464.,  0.33123489E+01,  0.95482004E+02, -0.18622679E+02,  0.61533074E+01, -0.52096282E-05, -0.13675648E+01
    2465.,  0.42498489E+01,  0.95482004E+02, -0.18622679E+02,  0.61009410E+01, -0.51643418E-05, -0.10586236E+01
    2466.,  0.51873489E+01,  0.95482004E+02, -0.18622679E+02,  0.60485747E+01, -0.51190554E-05, -0.74968239E+00
    2467.,  0.61248489E+01,  0.95482004E+02, -0.18622679E+02,  0.59962083E+01, -0.50737691E-05, -0.44074115E+00
    2468.,  0.70623489E+01,  0.95482004E+02, -0.18622679E+02,  0.59438420E+01, -0.50284827E-05, -0.13179992E+00
    2469.,  0.79998489E+01,  0.95482004E+02, -0.18622679E+02,  0.58914756E+01, -0.49831963E-05,  0.17714131E+00
    2470.,  0.89373489E+01,  0.95482004E+02, -0.18622679E+02,  0.58391092E+01, -0.49379099E-05,  0.48608254E+00
    2471.,  0.98748489E+01,  0.95482004E+02, -0.18622679E+02,  0.57867429E+01, -0.48926236E-05,  0.79502377E+00
    2472.,  0.10812349E+02,  0.95482004E+02, -0.18622679E+02,  0.57343765E+01, -0.48473372E-05,  0.11039650E+01
    2473.,  0.11749849E+02,  0.95482004E+02, -0.18622679E+02,  0.56820102E+01, -0.48020508E-05,  0.14129062E+01
    2474.,  0.12687349E+02,  0.95482004E+02, -0.18622679E+02,  0.56296438E+01, -0.47567644E-05,  0.17218475E+01
    2475.,  0.13624849E+02,  0.95482004E+02, -0.18622679E+02,  0.55772775E+01, -0.47114781E-05,  0.20307887E+01
    2476.,  0.14562349E+02,  0.95482004E+02, -0.18622679E+02,  0.55249111E+01, -0.46661917E-05,  0.23397299E+01
    2477.,  0.15499849E+02,  0.95482004E+02, -0.18622679E+02,  0.54725447E+01, -0.46209053E-05,  0.26486712E+01
    2478.,  0.16437349E+02,  0.95482004E+02, -0.18622679E+02,  0.54201784E+01, -0.45756189E-05,  0.29576124E+01
    2479.,  0.17374849E+02,  0.95482004E+02, -0.18622679E+02,  0.53678120E+01, -0.45303326E-05,  0.32665536E+01
    2480.,  0.18312349E+02,  0.95482004E+02, -0.18622679E+02,  0.53154457E+01, -0.44850462E-05,  0.35754948E+01
