node,x_mm,y_mm,z_mm,ux_mm,uy_mm,uz_mm
       1.,  0.88907483E+01,  0.19809384E+02, -0.11976790E+01,  0.66558369E-03,  0.37818571E-02,  0.16118690E-03
       2.,  0.90216325E+01,  0.19933067E+02, -0.11976790E+01,  0.63259891E-03,  0.37456961E-02,  0.16767541E-03
       3.,  0.91795178E+01,  0.20062336E+02, -0.11976790E+01,  0.60577931E-03,  0.36779194E-02,  0.16383990E-03
       4.,  0.93688664E+01,  0.20193475E+02, -0.11976790E+01,  0.59398757E-03,  0.35704703E-02,  0.15977034E-03
       5.,  0.95933411E+01,  0.20320634E+02, -0.11976790E+01,  0.60606255E-03,  0.34217363E-02,  0.15578520E-03
       6.,  0.98545190E+01,  0.20435670E+02, -0.11976790E+01,  0.65135708E-03,  0.32406696E-02,  0.15281429E-03
       7.,  0.10150303E+02,  0.20528699E+02, -0.11976790E+01,  0.73054788E-03,  0.30537437E-02,  0.15083496E-03
       8.,  0.10473624E+02,  0.20589699E+02, -0.11976790E+01,  0.83152547E-03,  0.28991373E-02,  0.14860243E-03
       9.,  0.10812349E+02,  0.20610999E+02, -0.11976790E+01,  0.92971914E-03,  0.28101858E-02,  0.14654600E-03
      10.,  0.11151074E+02,  0.20589699E+02, -0.11976790E+01,  0.99717086E-03,  0.27955232E-02,  0.14522334E-03
      11.,  0.11474394E+02,  0.20528699E+02, -0.11976790E+01,  0.10148868E-02,  0.28339242E-02,  0.14443810E-03
      12.,  0.11770179E+02,  0.20435670E+02, -0.11976790E+01,  0.98018805E-03,  0.28896506E-02,  0.14294416E-03
      13.,  0.12031357E+02,  0.20320634E+02, -0.11976790E+01,  0.90388755E-03,  0.29326452E-02,  0.14145037E-03
      14.,  0.12255831E+02,  0.20193475E+02, -0.11976790E+01,  0.80298506E-03,  0.29485686E-02,  0.13947157E-03
      15.,  0.12445180E+02,  0.20062336E+02, -0.11976790E+01,  0.69270377E-03,  0.29363957E-02,  0.13994613E-03
      16.,  0.12603065E+02,  0.19933067E+02, -0.11976790E+01,  0.58432799E-03,  0.29022864E-02,  0.13816383E-03
      17.,  0.12733950E+02,  0.19809384E+02, -0.11976790E+01,  0.48395089E-03,  0.28539212E-02,  0.14285569E-03
      18.,  0.12856786E+02,  0.19676715E+02, -0.11976790E+01,  0.38217949E-03,  0.27895542E-02,  0.14160513E-03
      19.,  0.12984638E+02,  0.19517209E+02, -0.11976790E+01,  0.26924158E-03,  0.26999396E-02,  0.14507181E-03
      20.,  0.13113701E+02,  0.19326645E+02, -0.11976790E+01,  0.14948307E-03,  0.25828924E-02,  0.14654805E-03
      21.,  0.13238114E+02,  0.19101688E+02, -0.11976790E+01,  0.29334665E-04,  0.24389458E-02,  0.14746764E-03
      22.,  0.13349872E+02,  0.18841125E+02, -0.11976790E+01, -0.82594366E-04,  0.22733740E-02,  0.14766091E-03
      23.,  0.13439432E+02,  0.18547351E+02, -0.11976790E+01, -0.17779250E-03,  0.20962984E-02,  0.14771764E-03
      24.,  0.13497286E+02,  0.18227513E+02, -0.11976790E+01, -0.25064709E-03,  0.19205105E-02,  0.14798075E-03
      25.,  0.13516315E+02,  0.17893479E+02, -0.11976790E+01, -0.30015431E-03,  0.17582499E-02,  0.14850994E-03
      26.,  0.13493999E+02,  0.17560060E+02, -0.11976790E+01, -0.32967465E-03,  0.16178954E-02,  0.14902062E-03
      27.,  0.13433285E+02,  0.17241936E+02, -0.11976790E+01, -0.34461436E-03,  0.15027184E-02,  0.14931035E-03
      28.,  0.13341575E+02,  0.16950635E+02, -0.11976790E+01, -0.35009390E-03,  0.14118024E-02,  0.14942125E-03
      29.,  0.13228459E+02,  0.16692904E+02, -0.11976790E+01, -0.34985763E-03,  0.13419336E-02,  0.14945517E-03
      30.,  0.13103404E+02,  0.16470794E+02, -0.11976790E+01, -0.34628349E-03,  0.12892102E-02,  0.14946477E-03
      31.,  0.12974251E+02,  0.16282870E+02, -0.11976790E+01, -0.34079599E-03,  0.12499517E-02,  0.14946799E-03
      32.,  0.12846686E+02,  0.16125683E+02, -0.11976790E+01, -0.33424970E-03,  0.12210464E-02,  0.14946981E-03
      33.,  0.12724366E+02,  0.15994982E+02, -0.11976790E+01, -0.32719857E-03,  0.12000290E-02,  0.14947115E-03
      34.,  0.12592945E+02,  0.15872032E+02, -0.11976790E+01, -0.31888510E-03,  0.11831150E-02,  0.14947279E-03
      35.,  0.12434749E+02,  0.15743799E+02, -0.11976790E+01, -0.30793456E-03,  0.11690340E-02,  0.14947454E-03
      36.,  0.12245466E+02,  0.15614012E+02, -0.11976790E+01, -0.29354049E-03,  0.11596742E-02,  0.14947691E-03
      37.,  0.12021615E+02,  0.15488468E+02, -0.11976790E+01, -0.27468028E-03,  0.11575248E-02,  0.14947988E-03
      38.,  0.11761787E+02,  0.15375165E+02, -0.11976790E+01, -0.25018995E-03,  0.11656357E-02,  0.14948307E-03
      39.,  0.11468165E+02,  0.15283734E+02, -0.11976790E+01, -0.21892657E-03,  0.11872702E-02,  0.14948584E-03
      40.,  0.11147739E+02,  0.15223880E+02, -0.11976790E+01, -0.18006157E-03,  0.12251649E-02,  0.14948721E-03
      41.,  0.10812349E+02,  0.15202999E+02, -0.11976790E+01, -0.13344055E-03,  0.12805108E-02,  0.14948600E-03
      42.,  0.10476959E+02,  0.15223880E+02, -0.11976790E+01, -0.79850817E-04,  0.13521268E-02,  0.14948136E-03
      43.,  0.10156533E+02,  0.15283734E+02, -0.11976790E+01, -0.21014920E-04,  0.14364297E-02,  0.14947337E-03
      44.,  0.98629112E+01,  0.15375165E+02, -0.11976790E+01,  0.40742285E-04,  0.15283604E-02,  0.14946318E-03
      45.,  0.96030834E+01,  0.15488468E+02, -0.11976790E+01,  0.10300019E-03,  0.16227437E-02,  0.14945233E-03
      46.,  0.93792318E+01,  0.15614012E+02, -0.11976790E+01,  0.16368054E-03,  0.17153534E-02,  0.14944205E-03
      47.,  0.91899489E+01,  0.15743799E+02, -0.11976790E+01,  0.22127091E-03,  0.18033384E-02,  0.14943290E-03
      48.,  0.90317525E+01,  0.15872032E+02, -0.11976790E+01,  0.27484817E-03,  0.18851344E-02,  0.14942508E-03
      49.,  0.89003322E+01,  0.15994982E+02, -0.11976790E+01,  0.32395550E-03,  0.19601118E-02,  0.14942067E-03
      50.,  0.87780118E+01,  0.16125683E+02, -0.11976790E+01,  0.37425561E-03,  0.20370980E-02,  0.14941884E-03
      51.,  0.86504468E+01,  0.16282870E+02, -0.11976790E+01,  0.43259354E-03,  0.21270027E-02,  0.14942475E-03
      52.,  0.85212943E+01,  0.16470794E+02, -0.11976790E+01,  0.49952468E-03,  0.22318222E-02,  0.14945048E-03
      53.,  0.83962388E+01,  0.16692904E+02, -0.11976790E+01,  0.57475868E-03,  0.23535272E-02,  0.14952447E-03
      54.,  0.82831228E+01,  0.16950635E+02, -0.11976790E+01,  0.65631465E-03,  0.24936717E-02,  0.14971113E-03
      55.,  0.81914125E+01,  0.17241936E+02, -0.11976790E+01,  0.73955977E-03,  0.26527049E-02,  0.15008596E-03
      56.,  0.81306984E+01,  0.17560060E+02, -0.11976790E+01,  0.81667934E-03,  0.28288185E-02,  0.15058431E-03
      57.,  0.81083827E+01,  0.17893479E+02, -0.11976790E+01,  0.87760124E-03,  0.30165377E-02,  0.15102126E-03
      58.,  0.81274120E+01,  0.18227513E+02, -0.11976790E+01,  0.91309633E-03,  0.32059478E-02,  0.15124599E-03
      59.,  0.81852658E+01,  0.18547351E+02, -0.11976790E+01,  0.91882764E-03,  0.33838918E-02,  0.15143919E-03
      60.,  0.82748255E+01,  0.18841125E+02, -0.11976790E+01,  0.89729917E-03,  0.35372681E-02,  0.15210291E-03
      61.,  0.83865843E+01,  0.19101688E+02, -0.11976790E+01,  0.85617218E-03,  0.36566829E-02,  0.15391555E-03
      62.,  0.85109971E+01,  0.19326645E+02, -0.11976790E+01,  0.80487601E-03,  0.37381718E-02,  0.15764443E-03
      63.,  0.86400595E+01,  0.19517209E+02, -0.11976790E+01,  0.75225916E-03,  0.37825598E-02,  0.16171332E-03
      64.,  0.87679120E+01,  0.19676715E+02, -0.11976790E+01,  0.70480876E-03,  0.37945850E-02,  0.16739011E-03
      65.,  0.85521705E+01,  0.20144576E+02, -0.11976790E+01,  0.69720900E-03,  0.38582290E-02,  0.13784975E-03
      66.,  0.87061158E+01,  0.20290051E+02, -0.11976790E+01,  0.68835565E-03,  0.38495008E-02,  0.12403210E-03
      67.,  0.88918198E+01,  0.20442097E+02, -0.11976790E+01,  0.69687914E-03,  0.38040688E-02,  0.12827712E-03
      68.,  0.91145309E+01,  0.20596343E+02, -0.11976790E+01,  0.72739577E-03,  0.37073008E-02,  0.13427417E-03
      69.,  0.93785571E+01,  0.20745907E+02, -0.11976790E+01,  0.78465574E-03,  0.35475255E-02,  0.13969483E-03
      70.,  0.96857534E+01,  0.20881211E+02, -0.11976790E+01,  0.86155552E-03,  0.33316577E-02,  0.14399595E-03
      71.,  0.10033654E+02,  0.20990632E+02, -0.11976790E+01,  0.94235313E-03,  0.30934108E-02,  0.14716963E-03
      72.,  0.10413942E+02,  0.21062380E+02, -0.11976790E+01,  0.10087037E-02,  0.28916509E-02,  0.15109706E-03
      73.,  0.10812349E+02,  0.21087432E+02, -0.11976790E+01,  0.10497342E-02,  0.27820879E-02,  0.15460415E-03
      74.,  0.11210756E+02,  0.21062380E+02, -0.11976790E+01,  0.10650376E-02,  0.27784350E-02,  0.15674370E-03
      75.,  0.11591044E+02,  0.20990632E+02, -0.11976790E+01,  0.10583430E-02,  0.28424356E-02,  0.15784746E-03
      76.,  0.11938944E+02,  0.20881211E+02, -0.11976790E+01,  0.10301772E-02,  0.29149971E-02,  0.16026557E-03
      77.,  0.12246141E+02,  0.20745907E+02, -0.11976790E+01,  0.97938693E-03,  0.29539160E-02,  0.16259410E-03
      78.,  0.12510167E+02,  0.20596343E+02, -0.11976790E+01,  0.90679845E-03,  0.29461283E-02,  0.16576103E-03
      79.,  0.12732878E+02,  0.20442097E+02, -0.11976790E+01,  0.81845222E-03,  0.28993486E-02,  0.16478166E-03
      80.,  0.12918582E+02,  0.20290051E+02, -0.11976790E+01,  0.72148448E-03,  0.28280816E-02,  0.16818377E-03
      81.,  0.13072527E+02,  0.20144576E+02, -0.11976790E+01,  0.62352967E-03,  0.27459117E-02,  0.15909514E-03
      82.,  0.13217007E+02,  0.19988531E+02, -0.11976790E+01,  0.51606838E-03,  0.26494081E-02,  0.16229578E-03
      83.,  0.13367387E+02,  0.19800921E+02, -0.11976790E+01,  0.38851053E-03,  0.25303352E-02,  0.15641609E-03
      84.,  0.13519189E+02,  0.19576781E+02, -0.11976790E+01,  0.24358907E-03,  0.23912351E-02,  0.15383192E-03
      85.,  0.13665523E+02,  0.19312187E+02, -0.11976790E+01,  0.89866925E-04,  0.22391379E-02,  0.15249181E-03
      86.,  0.13796973E+02,  0.19005714E+02, -0.11976790E+01, -0.59136684E-04,  0.20841504E-02,  0.15230351E-03
      87.,  0.13902313E+02,  0.18660178E+02, -0.11976790E+01, -0.18764223E-03,  0.19361767E-02,  0.15227543E-03
      88.,  0.13970360E+02,  0.18283987E+02, -0.11976790E+01, -0.28311065E-03,  0.18023708E-02,  0.15184458E-03
      89.,  0.13992743E+02,  0.17891097E+02, -0.11976790E+01, -0.34178108E-03,  0.16853942E-02,  0.15087363E-03
      90.,  0.13966495E+02,  0.17498931E+02, -0.11976790E+01, -0.36905804E-03,  0.15846515E-02,  0.14996091E-03
      91.,  0.13895083E+02,  0.17124755E+02, -0.11976790E+01, -0.37506211E-03,  0.14985509E-02,  0.14950331E-03
      92.,  0.13787214E+02,  0.16782128E+02, -0.11976790E+01, -0.36946997E-03,  0.14257519E-02,  0.14937617E-03
      93.,  0.13654167E+02,  0.16478985E+02, -0.11976790E+01, -0.35898962E-03,  0.13651527E-02,  0.14936310E-03
      94.,  0.13507078E+02,  0.16217741E+02, -0.11976790E+01, -0.34735585E-03,  0.13155758E-02,  0.14937688E-03
      95.,  0.13355169E+02,  0.15996705E+02, -0.11976790E+01, -0.33630448E-03,  0.12756694E-02,  0.14939391E-03
      96.,  0.13205128E+02,  0.15811822E+02, -0.11976790E+01, -0.32648181E-03,  0.12440024E-02,  0.14940873E-03
      97.,  0.13061255E+02,  0.15658093E+02, -0.11976790E+01, -0.31799232E-03,  0.12191769E-02,  0.14942114E-03
      98.,  0.12906679E+02,  0.15513479E+02, -0.11976790E+01, -0.30977957E-03,  0.11975019E-02,  0.14943209E-03
      99.,  0.12720609E+02,  0.15362652E+02, -0.11976790E+01, -0.30096838E-03,  0.11773313E-02,  0.14944356E-03
     100.,  0.12497975E+02,  0.15209997E+02, -0.11976790E+01, -0.29164159E-03,  0.11607324E-02,  0.14945426E-03
     101.,  0.12234682E+02,  0.15062333E+02, -0.11976790E+01, -0.28181896E-03,  0.11508411E-02,  0.14946372E-03
     102.,  0.11929074E+02,  0.14929066E+02, -0.11976790E+01, -0.27125297E-03,  0.11519787E-02,  0.14947173E-03
     103.,  0.11583717E+02,  0.14821525E+02, -0.11976790E+01, -0.25912608E-03,  0.11693631E-02,  0.14947796E-03
     104.,  0.11206833E+02,  0.14751125E+02, -0.11976790E+01, -0.24376376E-03,  0.12080519E-02,  0.14948244E-03
     105.,  0.10812349E+02,  0.14726566E+02, -0.11976790E+01, -0.22269476E-03,  0.12711194E-02,  0.14948583E-03
     106.,  0.10417865E+02,  0.14751125E+02, -0.11976790E+01, -0.19335580E-03,  0.13578654E-02,  0.14948913E-03
     107.,  0.10040981E+02,  0.14821525E+02, -0.11976790E+01, -0.15422946E-03,  0.14633634E-02,  0.14949272E-03
     108.,  0.96956242E+01,  0.14929066E+02, -0.11976790E+01, -0.10564628E-03,  0.15799096E-02,  0.14949592E-03
     109.,  0.93900159E+01,  0.15062333E+02, -0.11976790E+01, -0.49669429E-04,  0.16994505E-02,  0.14949770E-03
     110.,  0.91267226E+01,  0.15209997E+02, -0.11976790E+01,  0.10734264E-04,  0.18155122E-02,  0.14949739E-03
     111.,  0.89040889E+01,  0.15362652E+02, -0.11976790E+01,  0.72600895E-04,  0.19239360E-02,  0.14949558E-03
     112.,  0.87180189E+01,  0.15513479E+02, -0.11976790E+01,  0.13352426E-03,  0.20226631E-02,  0.14949273E-03
     113.,  0.85634430E+01,  0.15658093E+02, -0.11976790E+01,  0.19184448E-03,  0.21111587E-02,  0.14948516E-03
     114.,  0.84195702E+01,  0.15811822E+02, -0.11976790E+01,  0.25368624E-03,  0.21997519E-02,  0.14947366E-03
     115.,  0.82695288E+01,  0.15996705E+02, -0.11976790E+01,  0.32767014E-03,  0.22999538E-02,  0.14944823E-03
     116.,  0.81176202E+01,  0.16217741E+02, -0.11976790E+01,  0.41518053E-03,  0.24120531E-02,  0.14939102E-03
     117.,  0.79705304E+01,  0.16478985E+02, -0.11976790E+01,  0.51631083E-03,  0.25354257E-02,  0.14925822E-03
     118.,  0.78374839E+01,  0.16782128E+02, -0.11976790E+01,  0.62845950E-03,  0.26682676E-02,  0.14892252E-03
     119.,  0.77296146E+01,  0.17124755E+02, -0.11976790E+01,  0.74450471E-03,  0.28076505E-02,  0.14821218E-03
     120.,  0.76582029E+01,  0.17498931E+02, -0.11976790E+01,  0.85166696E-03,  0.29502380E-02,  0.14724007E-03
     121.,  0.76319554E+01,  0.17891097E+02, -0.11976790E+01,  0.93322290E-03,  0.30934344E-02,  0.14640566E-03
     122.,  0.76543375E+01,  0.18283987E+02, -0.11976790E+01,  0.97453374E-03,  0.32357738E-02,  0.14606833E-03
     123.,  0.77223849E+01,  0.18660178E+02, -0.11976790E+01,  0.97093544E-03,  0.33753472E-02,  0.14587574E-03
     124.,  0.78277247E+01,  0.19005714E+02, -0.11976790E+01,  0.93102022E-03,  0.35077924E-02,  0.14496053E-03
     125.,  0.79591749E+01,  0.19312187E+02, -0.11976790E+01,  0.87175085E-03,  0.36264389E-02,  0.14253101E-03
     126.,  0.81055087E+01,  0.19576781E+02, -0.11976790E+01,  0.81007210E-03,  0.37245770E-02,  0.13734190E-03
     127.,  0.82573113E+01,  0.19800921E+02, -0.11976790E+01,  0.75741112E-03,  0.37973353E-02,  0.13120736E-03
     128.,  0.84076909E+01,  0.19988531E+02, -0.11976790E+01,  0.71938283E-03,  0.38418407E-02,  0.12350143E-03
     129.,  0.82135926E+01,  0.20479768E+02, -0.11976790E+01,  0.80029214E-03,  0.40340654E-02,  0.11644823E-03
     130.,  0.83905992E+01,  0.20647036E+02, -0.11976790E+01,  0.79866057E-03,  0.40360274E-02,  0.16223744E-03
     131.,  0.86041219E+01,  0.20821859E+02, -0.11976790E+01,  0.81380395E-03,  0.39942341E-02,  0.17105215E-03
     132.,  0.88601954E+01,  0.20999210E+02, -0.11976790E+01,  0.86270310E-03,  0.38835465E-02,  0.16980924E-03
     133.,  0.91637731E+01,  0.21171179E+02, -0.11976790E+01,  0.94074964E-03,  0.36928393E-02,  0.16520547E-03
     134.,  0.95169878E+01,  0.21326752E+02, -0.11976790E+01,  0.10363498E-02,  0.34272402E-02,  0.15864471E-03
     135.,  0.99170042E+01,  0.21452564E+02, -0.11976790E+01,  0.11292703E-02,  0.31286191E-02,  0.15249035E-03
     136.,  0.10354260E+02,  0.21535060E+02, -0.11976790E+01,  0.11980173E-02,  0.28756228E-02,  0.14502095E-03
     137.,  0.10812349E+02,  0.21563866E+02, -0.11976790E+01,  0.12290344E-02,  0.27459000E-02,  0.14058781E-03
     138.,  0.11270437E+02,  0.21535060E+02, -0.11976790E+01,  0.12232754E-02,  0.27577692E-02,  0.13726216E-03
     139.,  0.11707694E+02,  0.21452564E+02, -0.11976790E+01,  0.11898068E-02,  0.28549677E-02,  0.13547657E-03
     140.,  0.12107710E+02,  0.21326752E+02, -0.11976790E+01,  0.11375440E-02,  0.29557897E-02,  0.13190848E-03
     141.,  0.12460925E+02,  0.21171179E+02, -0.11976790E+01,  0.10691862E-02,  0.30065928E-02,  0.13030630E-03
     142.,  0.12764503E+02,  0.20999210E+02, -0.11976790E+01,  0.98610864E-03,  0.29951702E-02,  0.12570454E-03
     143.,  0.13020576E+02,  0.20821859E+02, -0.11976790E+01,  0.88877345E-03,  0.29333104E-02,  0.13055933E-03
     144.,  0.13234099E+02,  0.20647036E+02, -0.11976790E+01,  0.78508841E-03,  0.28418326E-02,  0.12130247E-03
     145.,  0.13411105E+02,  0.20479768E+02, -0.11976790E+01,  0.67994720E-03,  0.27373993E-02,  0.14529055E-03
     146.,  0.13577228E+02,  0.20300348E+02, -0.11976790E+01,  0.56524159E-03,  0.26182643E-02,  0.12865062E-03
     147.,  0.13750135E+02,  0.20084633E+02, -0.11976790E+01,  0.42819146E-03,  0.24729784E-02,  0.13798950E-03
     148.,  0.13924678E+02,  0.19826917E+02, -0.11976790E+01,  0.27289314E-03,  0.23082423E-02,  0.14208911E-03
     149.,  0.14092932E+02,  0.19522686E+02, -0.11976790E+01,  0.10758528E-03,  0.21356332E-02,  0.14477006E-03
     150.,  0.14244074E+02,  0.19170303E+02, -0.11976790E+01, -0.53643528E-04,  0.19680933E-02,  0.14479223E-03
     151.,  0.14365194E+02,  0.18773005E+02, -0.11976790E+01, -0.19285651E-03,  0.18192929E-02,  0.14436860E-03
     152.,  0.14443435E+02,  0.18340460E+02, -0.11976790E+01, -0.29616567E-03,  0.16969164E-02,  0.14500871E-03
     153.,  0.14469170E+02,  0.17888715E+02, -0.11976790E+01, -0.35935570E-03,  0.16002394E-02,  0.14693650E-03
     154.,  0.14438990E+02,  0.17437802E+02, -0.11976790E+01, -0.38813914E-03,  0.15228277E-02,  0.14866738E-03
     155.,  0.14356881E+02,  0.17007574E+02, -0.11976790E+01, -0.39343551E-03,  0.14578540E-02,  0.14944150E-03
     156.,  0.14232853E+02,  0.16613621E+02, -0.11976790E+01, -0.38603676E-03,  0.14011880E-02,  0.14959318E-03
     157.,  0.14079876E+02,  0.16265067E+02, -0.11976790E+01, -0.37368733E-03,  0.13513437E-02,  0.14958728E-03
     158.,  0.13910752E+02,  0.15964688E+02, -0.11976790E+01, -0.36080175E-03,  0.13080875E-02,  0.14956182E-03
     159.,  0.13736087E+02,  0.15710541E+02, -0.11976790E+01, -0.34939493E-03,  0.12713643E-02,  0.14953931E-03
     160.,  0.13563569E+02,  0.15497962E+02, -0.11976790E+01, -0.34010287E-03,  0.12408748E-02,  0.14952226E-03
     161.,  0.13398144E+02,  0.15321204E+02, -0.11976790E+01, -0.33290125E-03,  0.12160610E-02,  0.14950945E-03
     162.,  0.13220412E+02,  0.15154926E+02, -0.11976790E+01, -0.32684807E-03,  0.11936565E-02,  0.14950053E-03
     163.,  0.13006469E+02,  0.14981506E+02, -0.11976790E+01, -0.32158944E-03,  0.11720718E-02,  0.14949096E-03
     164.,  0.12750484E+02,  0.14805982E+02, -0.11976790E+01, -0.31772144E-03,  0.11535732E-02,  0.14948332E-03
     165.,  0.12447749E+02,  0.14636198E+02, -0.11976790E+01, -0.31577548E-03,  0.11417638E-02,  0.14947816E-03
     166.,  0.12096361E+02,  0.14482968E+02, -0.11976790E+01, -0.31585930E-03,  0.11418291E-02,  0.14947475E-03
     167.,  0.11699269E+02,  0.14359317E+02, -0.11976790E+01, -0.31708809E-03,  0.11602345E-02,  0.14947259E-03
     168.,  0.11265927E+02,  0.14278371E+02, -0.11976790E+01, -0.31704007E-03,  0.12034270E-02,  0.14947044E-03
     169.,  0.10812349E+02,  0.14250132E+02, -0.11976790E+01, -0.31175904E-03,  0.12755020E-02,  0.14946596E-03
     170.,  0.10358770E+02,  0.14278371E+02, -0.11976790E+01, -0.29677275E-03,  0.13758528E-02,  0.14945665E-03
     171.,  0.99254285E+01,  0.14359317E+02, -0.11976790E+01, -0.26883729E-03,  0.14985143E-02,  0.14944190E-03
     172.,  0.95283373E+01,  0.14482968E+02, -0.11976790E+01, -0.22728439E-03,  0.16339687E-02,  0.14942384E-03
     173.,  0.91769484E+01,  0.14636198E+02, -0.11976790E+01, -0.17407386E-03,  0.17722409E-02,  0.14940556E-03
     174.,  0.88742135E+01,  0.14805982E+02, -0.11976790E+01, -0.11275217E-03,  0.19053743E-02,  0.14938937E-03
     175.,  0.86182289E+01,  0.14981506E+02, -0.11976790E+01, -0.47185989E-04,  0.20283707E-02,  0.14937389E-03
     176.,  0.84042854E+01,  0.15154926E+02, -0.11976790E+01,  0.19303506E-04,  0.21389110E-02,  0.14935887E-03
     177.,  0.82265537E+01,  0.15321204E+02, -0.11976790E+01,  0.84273904E-04,  0.22365567E-02,  0.14935388E-03
     178.,  0.80611286E+01,  0.15497962E+02, -0.11976790E+01,  0.15427198E-03,  0.23327181E-02,  0.14934875E-03
     179.,  0.78886108E+01,  0.15710541E+02, -0.11976790E+01,  0.23919849E-03,  0.24392940E-02,  0.14935889E-03
     180.,  0.77139460E+01,  0.15964688E+02, -0.11976790E+01,  0.34094148E-03,  0.25553820E-02,  0.14940822E-03
     181.,  0.75448220E+01,  0.16265067E+02, -0.11976790E+01,  0.45992592E-03,  0.26788643E-02,  0.14955451E-03
     182.,  0.73918450E+01,  0.16613621E+02, -0.11976790E+01,  0.59339548E-03,  0.28064591E-02,  0.15005951E-03
     183.,  0.72678168E+01,  0.17007574E+02, -0.11976790E+01,  0.73325792E-03,  0.29346096E-02,  0.15131810E-03
     184.,  0.71857075E+01,  0.17437802E+02, -0.11976790E+01,  0.86479636E-03,  0.30613589E-02,  0.15321912E-03
     185.,  0.71555280E+01,  0.17888715E+02, -0.11976790E+01,  0.96863017E-03,  0.31882032E-02,  0.15501167E-03
     186.,  0.71812629E+01,  0.18340460E+02, -0.11976790E+01,  0.10274632E-02,  0.33193175E-02,  0.15540690E-03
     187.,  0.72595040E+01,  0.18773005E+02, -0.11976790E+01,  0.10349563E-02,  0.34571028E-02,  0.15517357E-03
     188.,  0.73806238E+01,  0.19170303E+02, -0.11976790E+01,  0.10006082E-02,  0.35971114E-02,  0.15674037E-03
     189.,  0.75317654E+01,  0.19522686E+02, -0.11976790E+01,  0.94540851E-03,  0.37291021E-02,  0.16069871E-03
     190.,  0.77000203E+01,  0.19826917E+02, -0.11976790E+01,  0.89002053E-03,  0.38431194E-02,  0.16715589E-03
     191.,  0.78745632E+01,  0.20084633E+02, -0.11976790E+01,  0.84618352E-03,  0.39334929E-02,  0.17021954E-03
     192.,  0.80474698E+01,  0.20300348E+02, -0.11976790E+01,  0.81610223E-03,  0.39982081E-02,  0.17063057E-03
     193.,  0.78750147E+01,  0.20814960E+02, -0.11976790E+01,  0.92357626E-03,  0.42639608E-02,  0.44711652E-03
     194.,  0.80750825E+01,  0.21004020E+02, -0.11976790E+01,  0.91304774E-03,  0.43028636E-02,  0.30110025E-03
     195.,  0.83164240E+01,  0.21201620E+02, -0.11976790E+01,  0.95869758E-03,  0.42661203E-02,  0.21122111E-03
     196.,  0.86058599E+01,  0.21402078E+02, -0.11976790E+01,  0.10425286E-02,  0.41439882E-02,  0.17575142E-03
     197.,  0.89489891E+01,  0.21596451E+02, -0.11976790E+01,  0.11559856E-02,  0.39131569E-02,  0.15659720E-03
     198.,  0.93482222E+01,  0.21772294E+02, -0.11976790E+01,  0.12779212E-02,  0.35733641E-02,  0.15213352E-03
     199.,  0.98003546E+01,  0.21914497E+02, -0.11976790E+01,  0.13823909E-02,  0.31752096E-02,  0.15490500E-03
     200.,  0.10294579E+02,  0.22007741E+02, -0.11976790E+01,  0.14447329E-02,  0.28352070E-02,  0.15661005E-03
     201.,  0.10812349E+02,  0.22040299E+02, -0.11976790E+01,  0.14485664E-02,  0.26823790E-02,  0.14381870E-03
     202.,  0.11330119E+02,  0.22007741E+02, -0.11976790E+01,  0.13960848E-02,  0.27407439E-02,  0.14266899E-03
     203.,  0.11824343E+02,  0.21914497E+02, -0.11976790E+01,  0.13133794E-02,  0.29104703E-02,  0.14387703E-03
     204.,  0.12276476E+02,  0.21772294E+02, -0.11976790E+01,  0.12221271E-02,  0.30656069E-02,  0.14056596E-03
     205.,  0.12675709E+02,  0.21596451E+02, -0.11976790E+01,  0.11317484E-02,  0.31361872E-02,  0.12587087E-03
     206.,  0.13018838E+02,  0.21402078E+02, -0.11976790E+01,  0.10376710E-02,  0.31165978E-02,  0.12212390E-03
     207.,  0.13308274E+02,  0.21201620E+02, -0.11976790E+01,  0.93843281E-03,  0.30358972E-02,  0.10263092E-03
     208.,  0.13549615E+02,  0.21004020E+02, -0.11976790E+01,  0.82359494E-03,  0.29156959E-02,  0.12643434E-03
     209.,  0.13749683E+02,  0.20814960E+02, -0.11976790E+01,  0.70978086E-03,  0.27839288E-02,  0.71264852E-04
     210.,  0.13937449E+02,  0.20612164E+02, -0.11976790E+01,  0.58385245E-03,  0.26302388E-02,  0.14495711E-03
     211.,  0.14132883E+02,  0.20368345E+02, -0.11976790E+01,  0.43748002E-03,  0.24505914E-02,  0.14705136E-03
     212.,  0.14330166E+02,  0.20077052E+02, -0.11976790E+01,  0.27298974E-03,  0.22566826E-02,  0.14827661E-03
     213.,  0.14520342E+02,  0.19733186E+02, -0.11976790E+01,  0.98187412E-04,  0.20564394E-02,  0.14511045E-03
     214.,  0.14691175E+02,  0.19334892E+02, -0.11976790E+01, -0.68435078E-04,  0.18696798E-02,  0.14599349E-03
     215.,  0.14828075E+02,  0.18885832E+02, -0.11976790E+01, -0.20805860E-03,  0.17143675E-02,  0.14786474E-03
     216.,  0.14916509E+02,  0.18396933E+02, -0.11976790E+01, -0.30882655E-03,  0.15986711E-02,  0.14832373E-03
     217.,  0.14945597E+02,  0.17886333E+02, -0.11976790E+01, -0.36963094E-03,  0.15174150E-02,  0.14816226E-03
     218.,  0.14911486E+02,  0.17376673E+02, -0.11976790E+01, -0.39766739E-03,  0.14583761E-02,  0.14851928E-03
     219.,  0.14818679E+02,  0.16890393E+02, -0.11976790E+01, -0.40380054E-03,  0.14103020E-02,  0.14891001E-03
     220.,  0.14678492E+02,  0.16445114E+02, -0.11976790E+01, -0.39814861E-03,  0.13669803E-02,  0.14921975E-03
     221.,  0.14505584E+02,  0.16051148E+02, -0.11976790E+01, -0.38794795E-03,  0.13266366E-02,  0.14936382E-03
     222.,  0.14314426E+02,  0.15711634E+02, -0.11976790E+01, -0.37740910E-03,  0.12896709E-02,  0.14942195E-03
     223.,  0.14117005E+02,  0.15424376E+02, -0.11976790E+01, -0.36851743E-03,  0.12568778E-02,  0.14944615E-03
     224.,  0.13922011E+02,  0.15184101E+02, -0.11976790E+01, -0.36190550E-03,  0.12287192E-02,  0.14946087E-03
     225.,  0.13735033E+02,  0.14984315E+02, -0.11976790E+01, -0.35750951E-03,  0.12052129E-02,  0.14946974E-03
     226.,  0.13534146E+02,  0.14796374E+02, -0.11976790E+01, -0.35474855E-03,  0.11835660E-02,  0.14946824E-03
     227.,  0.13292329E+02,  0.14600359E+02, -0.11976790E+01, -0.35384481E-03,  0.11623646E-02,  0.14946996E-03
     228.,  0.13002994E+02,  0.14401968E+02, -0.11976790E+01, -0.35572634E-03,  0.11439988E-02,  0.14947148E-03
     229.,  0.12660817E+02,  0.14210063E+02, -0.11976790E+01, -0.36125328E-03,  0.11324196E-02,  0.14947123E-03
     230.,  0.12263647E+02,  0.14036870E+02, -0.11976790E+01, -0.37073044E-03,  0.11334702E-02,  0.14947040E-03
     231.,  0.11814821E+02,  0.13897109E+02, -0.11976790E+01, -0.38315264E-03,  0.11546196E-02,  0.14946889E-03
     232.,  0.11325022E+02,  0.13805617E+02, -0.11976790E+01, -0.39547176E-03,  0.12034874E-02,  0.14946644E-03
     233.,  0.10812349E+02,  0.13773699E+02, -0.11976790E+01, -0.40255632E-03,  0.12850586E-02,  0.14946296E-03
     234.,  0.10299676E+02,  0.13805617E+02, -0.11976790E+01, -0.39846429E-03,  0.13987931E-02,  0.14945877E-03
     235.,  0.98098764E+01,  0.13897109E+02, -0.11976790E+01, -0.37868207E-03,  0.15377544E-02,  0.14945449E-03
     236.,  0.93610504E+01,  0.14036870E+02, -0.11976790E+01, -0.34189767E-03,  0.16907570E-02,  0.14945104E-03
     237.,  0.89638810E+01,  0.14210063E+02, -0.11976790E+01, -0.29014057E-03,  0.18461153E-02,  0.14944947E-03
     238.,  0.86217043E+01,  0.14401968E+02, -0.11976790E+01, -0.22752318E-03,  0.19946223E-02,  0.14945043E-03
     239.,  0.83323689E+01,  0.14600359E+02, -0.11976790E+01, -0.15866353E-03,  0.21306396E-02,  0.14945941E-03
     240.,  0.80905518E+01,  0.14796374E+02, -0.11976790E+01, -0.87602246E-04,  0.22517017E-02,  0.14947483E-03
     241.,  0.78896645E+01,  0.14984315E+02, -0.11976790E+01, -0.17348220E-04,  0.23575390E-02,  0.14947774E-03
     242.,  0.77026871E+01,  0.15184101E+02, -0.11976790E+01,  0.59014389E-04,  0.24605983E-02,  0.14951591E-03
     243.,  0.75076928E+01,  0.15424376E+02, -0.11976790E+01,  0.15243066E-03,  0.25732346E-02,  0.14957580E-03
     244.,  0.73102719E+01,  0.15711634E+02, -0.11976790E+01,  0.26533485E-03,  0.26936846E-02,  0.14967127E-03
     245.,  0.71191136E+01,  0.16051148E+02, -0.11976790E+01,  0.39881500E-03,  0.28187504E-02,  0.14989965E-03
     246.,  0.69462061E+01,  0.16445114E+02, -0.11976790E+01,  0.55079150E-03,  0.29441472E-02,  0.15020525E-03
     247.,  0.68060189E+01,  0.16890393E+02, -0.11976790E+01,  0.71362557E-03,  0.30658840E-02,  0.15057694E-03
     248.,  0.67132120E+01,  0.17376673E+02, -0.11976790E+01,  0.87227954E-03,  0.31830297E-02,  0.15062179E-03
     249.,  0.66791006E+01,  0.17886333E+02, -0.11976790E+01,  0.10057533E-02,  0.33005947E-02,  0.14940346E-03
     250.,  0.67081884E+01,  0.18396933E+02, -0.11976790E+01,  0.10931494E-02,  0.34286974E-02,  0.15022991E-03
     251.,  0.67966230E+01,  0.18885832E+02, -0.11976790E+01,  0.11227624E-02,  0.35744714E-02,  0.15273269E-03
     252.,  0.69335230E+01,  0.19334892E+02, -0.11976790E+01,  0.11002505E-02,  0.37336754E-02,  0.15210404E-03
     253.,  0.71043560E+01,  0.19733186E+02, -0.11976790E+01,  0.10483095E-02,  0.38884698E-02,  0.15266686E-03
     254.,  0.72945319E+01,  0.20077052E+02, -0.11976790E+01,  0.99551793E-03,  0.40200451E-02,  0.16238641E-03
     255.,  0.74918150E+01,  0.20368345E+02, -0.11976790E+01,  0.95908422E-03,  0.41228089E-02,  0.19161133E-03
     256.,  0.76872487E+01,  0.20612164E+02, -0.11976790E+01,  0.94056090E-03,  0.42018912E-02,  0.25485735E-03
     257.,  0.75364368E+01,  0.21150152E+02, -0.11976790E+01,  0.10170419E-02,  0.45479915E-02, -0.10943701E-02
     258.,  0.77595659E+01,  0.21361005E+02, -0.11976790E+01,  0.10537715E-02,  0.46294586E-02, -0.67153533E-03
     259.,  0.80287260E+01,  0.21581381E+02, -0.11976790E+01,  0.11601422E-02,  0.46141250E-02, -0.26918866E-03
     260.,  0.83515244E+01,  0.21804945E+02, -0.11976790E+01,  0.13210118E-02,  0.44983899E-02, -0.12213835E-03
     261.,  0.87342051E+01,  0.22021724E+02, -0.11976790E+01,  0.15038634E-02,  0.42388211E-02, -0.38101334E-06
     262.,  0.91794566E+01,  0.22217835E+02, -0.11976790E+01,  0.16618752E-02,  0.38115493E-02,  0.72847135E-04
     263.,  0.96837050E+01,  0.22376429E+02, -0.11976790E+01,  0.17644066E-02,  0.32626760E-02,  0.10227998E-03
     264.,  0.10234897E+02,  0.22480421E+02, -0.11976790E+01,  0.17896833E-02,  0.27777195E-02,  0.15238749E-03
     265.,  0.10812349E+02,  0.22516732E+02, -0.11976790E+01,  0.17033252E-02,  0.26022769E-02,  0.25052758E-03
     266.,  0.11389801E+02,  0.22480421E+02, -0.11976790E+01,  0.15332403E-02,  0.27562305E-02,  0.27501076E-03
     267.,  0.11940993E+02,  0.22376429E+02, -0.11976790E+01,  0.13519815E-02,  0.30451322E-02,  0.27686475E-03
     268.,  0.12445241E+02,  0.22217835E+02, -0.11976790E+01,  0.12194970E-02,  0.32710984E-02,  0.31635799E-03
     269.,  0.12890493E+02,  0.22021724E+02, -0.11976790E+01,  0.11246248E-02,  0.33489486E-02,  0.41028134E-03
     270.,  0.13273173E+02,  0.21804945E+02, -0.11976790E+01,  0.10462296E-02,  0.33063606E-02,  0.47474561E-03
     271.,  0.13595972E+02,  0.21581381E+02, -0.11976790E+01,  0.95840352E-03,  0.31758827E-02,  0.53351188E-03
     272.,  0.13865132E+02,  0.21361005E+02, -0.11976790E+01,  0.87500888E-03,  0.30292936E-02,  0.48530793E-03
     273.,  0.14088261E+02,  0.21150152E+02, -0.11976790E+01,  0.73932910E-03,  0.28383158E-02,  0.58655932E-03
     274.,  0.14297670E+02,  0.20923980E+02, -0.11976790E+01,  0.59826114E-03,  0.26380914E-02,  0.30698460E-03
     275.,  0.14515631E+02,  0.20652057E+02, -0.11976790E+01,  0.44381072E-03,  0.24316473E-02,  0.23083566E-03
     276.,  0.14735654E+02,  0.20327188E+02, -0.11976790E+01,  0.26286155E-03,  0.21993289E-02,  0.20910821E-03
     277.,  0.14947751E+02,  0.19943685E+02, -0.11976790E+01,  0.74866786E-04,  0.19664824E-02,  0.20307788E-03
     278.,  0.15138276E+02,  0.19499481E+02, -0.11976790E+01, -0.96064066E-04,  0.17606914E-02,  0.19845194E-03
     279.,  0.15290956E+02,  0.18998659E+02, -0.11976790E+01, -0.22994235E-03,  0.16059092E-02,  0.19598745E-03
     280.,  0.15389584E+02,  0.18453406E+02, -0.11976790E+01, -0.32155970E-03,  0.15047942E-02,  0.19004404E-03
     281.,  0.15422025E+02,  0.17883951E+02, -0.11976790E+01, -0.37523264E-03,  0.14434349E-02,  0.17387758E-03
     282.,  0.15383981E+02,  0.17315544E+02, -0.11976790E+01, -0.40061822E-03,  0.14030416E-02,  0.15773913E-03
     283.,  0.15280477E+02,  0.16773212E+02, -0.11976790E+01, -0.40816565E-03,  0.13696452E-02,  0.15075179E-03
     284.,  0.15124131E+02,  0.16276607E+02, -0.11976790E+01, -0.40615374E-03,  0.13368246E-02,  0.14885598E-03
     285.,  0.14931293E+02,  0.15837230E+02, -0.11976790E+01, -0.40022393E-03,  0.13037852E-02,  0.14850658E-03
     286.,  0.14718100E+02,  0.15458581E+02, -0.11976790E+01, -0.39390853E-03,  0.12718412E-02,  0.14857273E-03
     287.,  0.14497923E+02,  0.15138211E+02, -0.11976790E+01, -0.38902917E-03,  0.12424396E-02,  0.14873007E-03
     288.,  0.14280452E+02,  0.14870241E+02, -0.11976790E+01, -0.38620784E-03,  0.12165162E-02,  0.14885190E-03
     289.,  0.14071923E+02,  0.14647425E+02, -0.11976790E+01, -0.38539961E-03,  0.11944685E-02,  0.14895229E-03
     290.,  0.13847880E+02,  0.14437821E+02, -0.11976790E+01, -0.38652848E-03,  0.11738698E-02,  0.14907284E-03
     291.,  0.13578189E+02,  0.14219212E+02, -0.11976790E+01, -0.39042244E-03,  0.11534787E-02,  0.14918000E-03
     292.,  0.13255503E+02,  0.13997953E+02, -0.11976790E+01, -0.39829870E-03,  0.11357572E-02,  0.14926953E-03
     293.,  0.12873884E+02,  0.13783928E+02, -0.11976790E+01, -0.41131476E-03,  0.11249004E-02,  0.14934556E-03
     294.,  0.12430934E+02,  0.13590771E+02, -0.11976790E+01, -0.42998698E-03,  0.11273123E-02,  0.14940580E-03
     295.,  0.11930373E+02,  0.13434901E+02, -0.11976790E+01, -0.45327468E-03,  0.11514342E-02,  0.14945089E-03
     296.,  0.11384116E+02,  0.13332863E+02, -0.11976790E+01, -0.47760953E-03,  0.12061447E-02,  0.14948819E-03
     297.,  0.10812349E+02,  0.13297266E+02, -0.11976790E+01, -0.49672926E-03,  0.12974886E-02,  0.14953516E-03
     298.,  0.10240582E+02,  0.13332863E+02, -0.11976790E+01, -0.50317910E-03,  0.14251094E-02,  0.14961122E-03
     299.,  0.96943244E+01,  0.13434901E+02, -0.11976790E+01, -0.49113054E-03,  0.15810579E-02,  0.14972053E-03
     300.,  0.91937635E+01,  0.13590771E+02, -0.11976790E+01, -0.45867471E-03,  0.17523328E-02,  0.14984431E-03
     301.,  0.87508135E+01,  0.13783928E+02, -0.11976790E+01, -0.40803558E-03,  0.19254185E-02,  0.14995494E-03
     302.,  0.83691952E+01,  0.13997953E+02, -0.11976790E+01, -0.34400059E-03,  0.20898466E-02,  0.15003438E-03
     303.,  0.80465089E+01,  0.14219212E+02, -0.11976790E+01, -0.27199117E-03,  0.22393973E-02,  0.15007129E-03
     304.,  0.77768183E+01,  0.14437821E+02, -0.11976790E+01, -0.19673500E-03,  0.23715354E-02,  0.15008506E-03
     305.,  0.75527752E+01,  0.14647425E+02, -0.11976790E+01, -0.12176956E-03,  0.24862065E-02,  0.15010476E-03
     306.,  0.73442455E+01,  0.14870241E+02, -0.11976790E+01, -0.39819961E-04,  0.25969941E-02,  0.14995591E-03
     307.,  0.71267748E+01,  0.15138211E+02, -0.11976790E+01,  0.60972954E-04,  0.27169590E-02,  0.14961429E-03
     308.,  0.69065978E+01,  0.15458581E+02, -0.11976790E+01,  0.18359903E-03,  0.28436458E-02,  0.14887828E-03
     309.,  0.66934053E+01,  0.15837230E+02, -0.11976790E+01,  0.33002428E-03,  0.29728797E-02,  0.14698608E-03
     310.,  0.65005672E+01,  0.16276607E+02, -0.11976790E+01,  0.49970788E-03,  0.30990860E-02,  0.14232353E-03
     311.,  0.63442210E+01,  0.16773212E+02, -0.11976790E+01,  0.68661274E-03,  0.32172358E-02,  0.13066628E-03
     312.,  0.62407166E+01,  0.17315544E+02, -0.11976790E+01,  0.87617064E-03,  0.33256160E-02,  0.11361159E-03
     313.,  0.62026732E+01,  0.17883951E+02, -0.11976790E+01,  0.10458839E-02,  0.34301459E-02,  0.10433005E-03
     314.,  0.62351139E+01,  0.18453406E+02, -0.11976790E+01,  0.11721047E-02,  0.35483010E-02,  0.98781048E-04
     315.,  0.63337421E+01,  0.18998659E+02, -0.11976790E+01,  0.12330833E-02,  0.36991136E-02,  0.91474342E-04
     316.,  0.64864221E+01,  0.19499481E+02, -0.11976790E+01,  0.12241397E-02,  0.38807870E-02,  0.82436053E-04
     317.,  0.66769466E+01,  0.19943685E+02, -0.11976790E+01,  0.11696075E-02,  0.40717846E-02,  0.54752705E-04
     318.,  0.68890434E+01,  0.20327188E+02, -0.11976790E+01,  0.11071269E-02,  0.42355388E-02, -0.24338885E-04
     319.,  0.71090668E+01,  0.20652057E+02, -0.11976790E+01,  0.10684310E-02,  0.43461826E-02, -0.18460458E-03
     320.,  0.73270276E+01,  0.20923980E+02, -0.11976790E+01,  0.10568245E-02,  0.44180825E-02, -0.52775570E-03
     321.,  0.71978590E+01,  0.21485344E+02, -0.11976790E+01,  0.10687179E-02,  0.52178352E-02,  0.32172888E-02
     322.,  0.74440493E+01,  0.21717990E+02, -0.11976790E+01,  0.11794097E-02,  0.53723950E-02,  0.23058882E-02
     323.,  0.77410281E+01,  0.21961143E+02, -0.11976790E+01,  0.14821151E-02,  0.52487370E-02,  0.14399162E-02
     324.,  0.80971889E+01,  0.22207813E+02, -0.11976790E+01,  0.17770245E-02,  0.50098993E-02,  0.11845806E-02
     325.,  0.85194211E+01,  0.22446996E+02, -0.11976790E+01,  0.20574267E-02,  0.46853017E-02,  0.73184261E-03
     326.,  0.90106911E+01,  0.22663376E+02, -0.11976790E+01,  0.22736215E-02,  0.41900513E-02,  0.41224720E-03
     327.,  0.95670554E+01,  0.22838361E+02, -0.11976790E+01,  0.23713140E-02,  0.34408876E-02,  0.29261099E-03
     328.,  0.10175215E+02,  0.22953102E+02, -0.11976790E+01,  0.23007345E-02,  0.27090369E-02,  0.99802284E-04
     329.,  0.10812349E+02,  0.22993166E+02, -0.11976790E+01,  0.19990445E-02,  0.25388266E-02, -0.24470391E-03
     330.,  0.11449483E+02,  0.22953102E+02, -0.11976790E+01,  0.15397485E-02,  0.28629244E-02, -0.33006889E-03
     331.,  0.12057642E+02,  0.22838361E+02, -0.11976790E+01,  0.11906676E-02,  0.33051473E-02, -0.34317032E-03
     332.,  0.12614007E+02,  0.22663376E+02, -0.11976790E+01,  0.10302352E-02,  0.36025206E-02, -0.51809735E-03
     333.,  0.13105277E+02,  0.22446996E+02, -0.11976790E+01,  0.99206960E-03,  0.37035097E-02, -0.81093575E-03
     334.,  0.13527509E+02,  0.22207813E+02, -0.11976790E+01,  0.98469223E-03,  0.36488535E-02, -0.10261858E-02
     335.,  0.13883670E+02,  0.21961143E+02, -0.11976790E+01,  0.94873217E-03,  0.34710353E-02, -0.11199650E-02
     336.,  0.14180649E+02,  0.21717990E+02, -0.11976790E+01,  0.89960638E-03,  0.32322897E-02, -0.10599764E-02
     337.,  0.14426839E+02,  0.21485344E+02, -0.11976790E+01,  0.82294907E-03,  0.29706852E-02, -0.12400756E-02
     338.,  0.14657891E+02,  0.21235797E+02, -0.11976790E+01,  0.62341047E-03,  0.26519347E-02, -0.48396335E-03
     339.,  0.14898379E+02,  0.20935769E+02, -0.11976790E+01,  0.46016002E-03,  0.23874300E-02, -0.15500948E-03
     340.,  0.15141143E+02,  0.20577324E+02, -0.11976790E+01,  0.26009243E-03,  0.21081719E-02, -0.62315340E-04
     341.,  0.15375161E+02,  0.20154184E+02, -0.11976790E+01,  0.48586860E-04,  0.18373347E-02, -0.18467112E-04
     342.,  0.15585377E+02,  0.19664070E+02, -0.11976790E+01, -0.12648189E-03,  0.16253784E-02, -0.85105125E-05
     343.,  0.15753837E+02,  0.19111487E+02, -0.11976790E+01, -0.25093414E-03,  0.14904323E-02, -0.19030757E-04
     344.,  0.15862658E+02,  0.18509880E+02, -0.11976790E+01, -0.33033853E-03,  0.14195774E-02, -0.25334925E-05
     345.,  0.15898452E+02,  0.17881568E+02, -0.11976790E+01, -0.37485158E-03,  0.13860252E-02,  0.67026976E-04
     346.,  0.15856477E+02,  0.17254415E+02, -0.11976790E+01, -0.39755695E-03,  0.13653475E-02,  0.12826477E-03
     347.,  0.15742275E+02,  0.16656030E+02, -0.11976790E+01, -0.40800810E-03,  0.13433841E-02,  0.14943521E-03
     348.,  0.15569770E+02,  0.16108099E+02, -0.11976790E+01, -0.41114798E-03,  0.13173489E-02,  0.15358810E-03
     349.,  0.15357001E+02,  0.15623311E+02, -0.11976790E+01, -0.41064713E-03,  0.12888551E-02,  0.15375651E-03
     350.,  0.15121774E+02,  0.15205528E+02, -0.11976790E+01, -0.40939309E-03,  0.12602016E-02,  0.15300464E-03
     351.,  0.14878841E+02,  0.14852047E+02, -0.11976790E+01, -0.40914251E-03,  0.12332151E-02,  0.15221044E-03
     352.,  0.14638894E+02,  0.14556380E+02, -0.11976790E+01, -0.41056590E-03,  0.12089994E-02,  0.15168248E-03
     353.,  0.14408812E+02,  0.14310536E+02, -0.11976790E+01, -0.41365215E-03,  0.11880719E-02,  0.15127265E-03
     354.,  0.14161613E+02,  0.14079268E+02, -0.11976790E+01, -0.41885726E-03,  0.11683194E-02,  0.15082893E-03
     355.,  0.13864049E+02,  0.13838066E+02, -0.11976790E+01, -0.42770589E-03,  0.11485906E-02,  0.15043022E-03
     356.,  0.13508012E+02,  0.13593938E+02, -0.11976790E+01, -0.44171568E-03,  0.11313615E-02,  0.15010777E-03
     357.,  0.13086952E+02,  0.13357793E+02, -0.11976790E+01, -0.46236905E-03,  0.11209837E-02,  0.14984380E-03
     358.,  0.12598221E+02,  0.13144673E+02, -0.11976790E+01, -0.49054326E-03,  0.11243736E-02,  0.14963910E-03
     359.,  0.12045926E+02,  0.12972693E+02, -0.11976790E+01, -0.52537860E-03,  0.11510090E-02,  0.14949324E-03
     360.,  0.11443210E+02,  0.12860108E+02, -0.11976790E+01, -0.56293617E-03,  0.12112778E-02,  0.14938000E-03
     361.,  0.10812349E+02,  0.12820832E+02, -0.11976790E+01, -0.59570299E-03,  0.13126368E-02,  0.14923156E-03
     362.,  0.10181488E+02,  0.12860108E+02, -0.11976790E+01, -0.61429358E-03,  0.14551218E-02,  0.14896704E-03
     363.,  0.95787723E+01,  0.12972693E+02, -0.11976790E+01, -0.61111950E-03,  0.16296562E-02,  0.14856240E-03
     364.,  0.90264766E+01,  0.13144673E+02, -0.11976790E+01, -0.58351051E-03,  0.18210799E-02,  0.14808564E-03
     365.,  0.85377461E+01,  0.13357793E+02, -0.11976790E+01, -0.53402563E-03,  0.20137326E-02,  0.14763876E-03
     366.,  0.81166860E+01,  0.13593938E+02, -0.11976790E+01, -0.46838025E-03,  0.21957414E-02,  0.14729043E-03
     367.,  0.77606489E+01,  0.13838066E+02, -0.11976790E+01, -0.39297320E-03,  0.23603294E-02,  0.14705576E-03
     368.,  0.74630848E+01,  0.14079268E+02, -0.11976790E+01, -0.31336182E-03,  0.25049439E-02,  0.14684988E-03
     369.,  0.72158860E+01,  0.14310536E+02, -0.11976790E+01, -0.23358196E-03,  0.26297767E-02,  0.14663507E-03
     370.,  0.69858039E+01,  0.14556380E+02, -0.11976790E+01, -0.14609444E-03,  0.27498055E-02,  0.14687311E-03
     371.,  0.67458568E+01,  0.14852047E+02, -0.11976790E+01, -0.38131423E-04,  0.28790085E-02,  0.14760073E-03
     372.,  0.65029237E+01,  0.15205528E+02, -0.11976790E+01,  0.93782402E-04,  0.30145614E-02,  0.14947095E-03
     373.,  0.62676969E+01,  0.15623311E+02, -0.11976790E+01,  0.25240701E-03,  0.31515072E-02,  0.15465920E-03
     374.,  0.60549283E+01,  0.16108099E+02, -0.11976790E+01,  0.43888233E-03,  0.32826926E-02,  0.16839728E-03
     375.,  0.58824231E+01,  0.16656030E+02, -0.11976790E+01,  0.65089092E-03,  0.34001876E-02,  0.20910972E-03
     376.,  0.57682211E+01,  0.17254415E+02, -0.11976790E+01,  0.87475608E-03,  0.35000551E-02,  0.27957382E-03
     377.,  0.57262458E+01,  0.17881568E+02, -0.11976790E+01,  0.10830520E-02,  0.35828930E-02,  0.32645588E-03
     378.,  0.57620394E+01,  0.18509880E+02, -0.11976790E+01,  0.12560300E-02,  0.36706917E-02,  0.33579554E-03
     379.,  0.58708612E+01,  0.19111487E+02, -0.11976790E+01,  0.13627381E-02,  0.38078154E-02,  0.34789357E-03
     380.,  0.60393212E+01,  0.19664070E+02, -0.11976790E+01,  0.13668350E-02,  0.40132840E-02,  0.37809485E-03
     381.,  0.62495371E+01,  0.20154184E+02, -0.11976790E+01,  0.13022702E-02,  0.42441336E-02,  0.49750935E-03
     382.,  0.64835550E+01,  0.20577324E+02, -0.11976790E+01,  0.12134505E-02,  0.44717708E-02,  0.87076475E-03
     383.,  0.67263186E+01,  0.20935769E+02, -0.11976790E+01,  0.11364044E-02,  0.46970709E-02,  0.13088767E-02
     384.,  0.69668064E+01,  0.21235797E+02, -0.11976790E+01,  0.11235196E-02,  0.49252165E-02,  0.21026443E-02
     385.,  0.68592811E+01,  0.21820536E+02, -0.11976790E+01,  0.13186333E-02,  0.75389381E-02, -0.49330079E-02
     386.,  0.71285326E+01,  0.22074974E+02, -0.11976790E+01,  0.18815100E-02,  0.74220678E-02, -0.34443579E-02
     387.,  0.74533302E+01,  0.22340904E+02, -0.11976790E+01,  0.24191879E-02,  0.72489508E-02, -0.21589320E-02
     388.,  0.78428534E+01,  0.22610680E+02, -0.11976790E+01,  0.29494426E-02,  0.65666412E-02, -0.18883698E-02
     389.,  0.83046371E+01,  0.22872268E+02, -0.11976790E+01,  0.32256462E-02,  0.57666044E-02, -0.99155845E-03
     390.,  0.88419255E+01,  0.23108917E+02, -0.11976790E+01,  0.33228313E-02,  0.48345050E-02, -0.32535290E-03
     391.,  0.94504058E+01,  0.23300294E+02, -0.11976790E+01,  0.33349019E-02,  0.37846333E-02, -0.53071346E-04
     392.,  0.10115533E+02,  0.23425782E+02, -0.11976790E+01,  0.31224070E-02,  0.26429179E-02,  0.34921501E-03
     393.,  0.10812349E+02,  0.23469599E+02, -0.11976790E+01,  0.24364555E-02,  0.24697279E-02,  0.10148535E-02
     394.,  0.11509165E+02,  0.23425782E+02, -0.11976790E+01,  0.12848571E-02,  0.33724762E-02,  0.11563284E-02
     395.,  0.12174292E+02,  0.23300294E+02, -0.11976790E+01,  0.55924422E-03,  0.40716147E-02,  0.12254889E-02
     396.,  0.12782772E+02,  0.23108917E+02, -0.11976790E+01,  0.33651928E-03,  0.45597709E-02,  0.14925538E-02
     397.,  0.13320061E+02,  0.22872268E+02, -0.11976790E+01,  0.45084768E-03,  0.48998792E-02,  0.20598014E-02
     398.,  0.13781845E+02,  0.22610680E+02, -0.11976790E+01,  0.67408789E-03,  0.48604395E-02,  0.25008107E-02
     399.,  0.14171368E+02,  0.22340904E+02, -0.11976790E+01,  0.81136996E-03,  0.45565860E-02,  0.25286533E-02
     400.,  0.14496165E+02,  0.22074974E+02, -0.11976790E+01,  0.81004235E-03,  0.39564476E-02,  0.24025337E-02
     401.,  0.14765417E+02,  0.21820536E+02, -0.11976790E+01,  0.86772174E-03,  0.36136277E-02,  0.27195759E-02
     402.,  0.15018113E+02,  0.21547613E+02, -0.11976790E+01,  0.67589991E-03,  0.27244254E-02,  0.13427402E-02
     403.,  0.15281127E+02,  0.21219481E+02, -0.11976790E+01,  0.54274228E-03,  0.22983538E-02,  0.71637260E-03
     404.,  0.15546631E+02,  0.20827459E+02, -0.11976790E+01,  0.28390746E-03,  0.19350012E-02,  0.51706719E-03
     405.,  0.15802570E+02,  0.20364683E+02, -0.11976790E+01,  0.35294009E-04,  0.16510883E-02,  0.33793194E-03
     406.,  0.16032478E+02,  0.19828659E+02, -0.11976790E+01, -0.15237492E-03,  0.14631197E-02,  0.35117239E-03
     407.,  0.16216718E+02,  0.19224314E+02, -0.11976790E+01, -0.26231923E-03,  0.13736852E-02,  0.44087900E-03
     408.,  0.16335733E+02,  0.18566353E+02, -0.11976790E+01, -0.33098713E-03,  0.13542350E-02,  0.42261517E-03
     409.,  0.16374879E+02,  0.17879186E+02, -0.11976790E+01, -0.36717390E-03,  0.13575967E-02,  0.26081073E-03
     410.,  0.16328972E+02,  0.17193286E+02, -0.11976790E+01, -0.39003400E-03,  0.13522062E-02,  0.15914089E-03
     411.,  0.16204073E+02,  0.16538849E+02, -0.11976790E+01, -0.40551410E-03,  0.13350882E-02,  0.14017245E-03
     412.,  0.16015409E+02,  0.15939592E+02, -0.11976790E+01, -0.41480162E-03,  0.13110952E-02,  0.13767533E-03
     413.,  0.15782709E+02,  0.15409393E+02, -0.11976790E+01, -0.42001925E-03,  0.12842518E-02,  0.14077633E-03
     414.,  0.15525448E+02,  0.14952475E+02, -0.11976790E+01, -0.42389655E-03,  0.12571842E-02,  0.14296232E-03
     415.,  0.15259759E+02,  0.14565882E+02, -0.11976790E+01, -0.42826682E-03,  0.12315913E-02,  0.14476075E-03
     416.,  0.14997336E+02,  0.14242520E+02, -0.11976790E+01, -0.43395224E-03,  0.12085421E-02,  0.14582445E-03
     417.,  0.14745701E+02,  0.13973647E+02, -0.11976790E+01, -0.44081869E-03,  0.11884084E-02,  0.14656620E-03
     418.,  0.14475347E+02,  0.13720716E+02, -0.11976790E+01, -0.45000722E-03,  0.11690358E-02,  0.14733764E-03
     419.,  0.14149909E+02,  0.13456919E+02, -0.11976790E+01, -0.46376939E-03,  0.11496352E-02,  0.14801425E-03
     420.,  0.13760521E+02,  0.13189924E+02, -0.11976790E+01, -0.48384266E-03,  0.11325133E-02,  0.14853351E-03
     421.,  0.13300019E+02,  0.12931658E+02, -0.11976790E+01, -0.51218906E-03,  0.11221064E-02,  0.14894367E-03
     422.,  0.12765508E+02,  0.12698574E+02, -0.11976790E+01, -0.55031633E-03,  0.11257947E-02,  0.14924977E-03
     423.,  0.12161478E+02,  0.12510484E+02, -0.11976790E+01, -0.59794792E-03,  0.11541963E-02,  0.14944527E-03
     424.,  0.11502305E+02,  0.12387354E+02, -0.11976790E+01, -0.65108417E-03,  0.12195507E-02,  0.14957117E-03
     425.,  0.10812349E+02,  0.12344399E+02, -0.11976790E+01, -0.70075124E-03,  0.13312125E-02,  0.14974978E-03
     426.,  0.10122393E+02,  0.12387354E+02, -0.11976790E+01, -0.73476377E-03,  0.14898951E-02,  0.15014139E-03
     427.,  0.94632203E+01,  0.12510484E+02, -0.11976790E+01, -0.74282120E-03,  0.16852151E-02,  0.15080871E-03
     428.,  0.88591897E+01,  0.12698574E+02, -0.11976790E+01, -0.72113983E-03,  0.18993571E-02,  0.15163808E-03
     429.,  0.83246786E+01,  0.12931658E+02, -0.11976790E+01, -0.67287616E-03,  0.21140643E-02,  0.15244819E-03
     430.,  0.78641768E+01,  0.13189924E+02, -0.11976790E+01, -0.60512532E-03,  0.23158584E-02,  0.15312837E-03
     431.,  0.74747889E+01,  0.13456919E+02, -0.11976790E+01, -0.52563420E-03,  0.24973953E-02,  0.15369506E-03
     432.,  0.71493512E+01,  0.13720716E+02, -0.11976790E+01, -0.44088292E-03,  0.26562877E-02,  0.15429213E-03
     433.,  0.68789968E+01,  0.13973647E+02, -0.11976790E+01, -0.35577083E-03,  0.27929722E-02,  0.15504519E-03
     434.,  0.66273623E+01,  0.14242520E+02, -0.11976790E+01, -0.26208151E-03,  0.29236927E-02,  0.15524879E-03
     435.,  0.63649388E+01,  0.14565882E+02, -0.11976790E+01, -0.14628457E-03,  0.30642385E-02,  0.15512403E-03
     436.,  0.60992496E+01,  0.14952475E+02, -0.11976790E+01, -0.46091122E-05,  0.32115727E-02,  0.15412120E-03
     437.,  0.58419885E+01,  0.15409393E+02, -0.11976790E+01,  0.16629493E-03,  0.33603556E-02,  0.14966981E-03
     438.,  0.56092894E+01,  0.15939592E+02, -0.11976790E+01,  0.36887700E-03,  0.35025976E-02,  0.13391282E-03
     439.,  0.54206252E+01,  0.16538849E+02, -0.11976790E+01,  0.60436056E-03,  0.36271783E-02,  0.80733349E-04
     440.,  0.52957257E+01,  0.17193286E+02, -0.11976790E+01,  0.86628962E-03,  0.37192324E-02, -0.60592067E-04
     441.,  0.52498185E+01,  0.17879186E+02, -0.11976790E+01,  0.11091146E-02,  0.37668878E-02, -0.19605285E-03
     442.,  0.52889649E+01,  0.18566353E+02, -0.11976790E+01,  0.13322815E-02,  0.38013983E-02, -0.18531547E-03
     443.,  0.54079803E+01,  0.19224314E+02, -0.11976790E+01,  0.15080960E-02,  0.38874748E-02, -0.13389370E-03
     444.,  0.55922204E+01,  0.19828659E+02, -0.11976790E+01,  0.15423855E-02,  0.40932680E-02, -0.21568092E-03
     445.,  0.58221277E+01,  0.20364683E+02, -0.11976790E+01,  0.14990327E-02,  0.44402571E-02, -0.45604033E-03
     446.,  0.60780666E+01,  0.20827459E+02, -0.11976790E+01,  0.14065159E-02,  0.50530515E-02, -0.13072062E-02
     447.,  0.63435704E+01,  0.21219481E+02, -0.11976790E+01,  0.13274426E-02,  0.58362305E-02, -0.19959835E-02
     448.,  0.66065853E+01,  0.21547613E+02, -0.11976790E+01,  0.14620008E-02,  0.66104610E-02, -0.31612759E-02
     449.,  0.62681257E+01,  0.22405780E+02, -0.11976790E+01,  0.38458891E-01, -0.14817177E-01, -0.28666772E+00
     450.,  0.66487520E+01,  0.22617812E+02, -0.11976790E+01,  0.31688650E-01, -0.66033526E-02, -0.23864593E+00
     451.,  0.70756666E+01,  0.22839420E+02, -0.11976790E+01,  0.26400353E-01, -0.15847147E-02, -0.19121116E+00
     452.,  0.75565193E+01,  0.23064233E+02, -0.11976790E+01,  0.21255009E-01,  0.26768662E-02, -0.14033395E+00
     453.,  0.80975891E+01,  0.23282223E+02, -0.11976790E+01,  0.15771306E-01,  0.57509803E-02, -0.90914546E-01
     454.,  0.87015794E+01,  0.23479431E+02, -0.11976790E+01,  0.10342616E-01,  0.58190070E-02, -0.47638345E-01
     455.,  0.93648963E+01,  0.23638911E+02, -0.11976790E+01,  0.63249972E-02,  0.38206551E-02, -0.19055598E-01
     456.,  0.10075419E+02,  0.23743485E+02, -0.11976790E+01,  0.42675109E-02,  0.22549410E-02, -0.24928453E-02
     457.,  0.10812349E+02,  0.23779999E+02, -0.11976790E+01,  0.31012304E-02,  0.21064008E-02,  0.12408598E-01
     458.,  0.11549279E+02,  0.23743485E+02, -0.11976790E+01,  0.12704573E-03,  0.43850864E-02,  0.26536888E-01
     459.,  0.12259802E+02,  0.23638911E+02, -0.11976790E+01, -0.36586520E-02,  0.49405976E-02,  0.41610310E-01
     460.,  0.12923118E+02,  0.23479431E+02, -0.11976790E+01, -0.60754669E-02,  0.37957647E-02,  0.67476966E-01
     461.,  0.13527109E+02,  0.23282223E+02, -0.11976790E+01, -0.79179620E-02,  0.14881843E-02,  0.10379214E+00
     462.,  0.14068179E+02,  0.23064233E+02, -0.11976790E+01, -0.10367933E-01, -0.21236138E-02,  0.14184796E+00
     463.,  0.14549031E+02,  0.22839420E+02, -0.11976790E+01, -0.13267250E-01, -0.67426287E-02,  0.17535379E+00
     464.,  0.14975946E+02,  0.22617812E+02, -0.11976790E+01, -0.16252419E-01, -0.11402717E-01,  0.20291862E+00
     465.,  0.15356572E+02,  0.22405780E+02, -0.11976790E+01, -0.19452653E-01, -0.16739044E-01,  0.22630338E+00
     466.,  0.15567152E+02,  0.22022875E+02, -0.11976790E+01, -0.99377236E-02, -0.61085106E-02,  0.15098174E+00
     467.,  0.15786331E+02,  0.21593963E+02, -0.11976790E+01, -0.44193253E-02, -0.11187453E-02,  0.90824259E-01
     468.,  0.16007584E+02,  0.21111810E+02, -0.11976790E+01, -0.14613798E-02,  0.81820387E-03,  0.46319672E-01
     469.,  0.16220867E+02,  0.20570694E+02, -0.11976790E+01, -0.53053094E-03,  0.11554140E-02,  0.20922813E-01
     470.,  0.16412456E+02,  0.19968538E+02, -0.11976790E+01, -0.39940031E-03,  0.11778061E-02,  0.98330551E-02
     471.,  0.16565989E+02,  0.19309449E+02, -0.11976790E+01, -0.33703790E-03,  0.12615375E-02,  0.53457490E-02
     472.,  0.16665169E+02,  0.18605679E+02, -0.11976790E+01, -0.32529871E-03,  0.13299637E-02,  0.28712586E-02
     473.,  0.16697791E+02,  0.17877572E+02, -0.11976790E+01, -0.36017689E-03,  0.13581952E-02,  0.12758644E-02
     474.,  0.16659535E+02,  0.17150519E+02, -0.11976790E+01, -0.38363243E-03,  0.13551024E-02,  0.45418680E-03
     475.,  0.16555452E+02,  0.16449687E+02, -0.11976790E+01, -0.40382429E-03,  0.13361013E-02,  0.16955426E-03
     476.,  0.16398232E+02,  0.15794837E+02, -0.11976790E+01, -0.41850210E-03,  0.13105024E-02,  0.86509368E-04
     477.,  0.16204316E+02,  0.15197536E+02, -0.11976790E+01, -0.42965758E-03,  0.12833577E-02,  0.65250399E-04
     478.,  0.15989932E+02,  0.14661302E+02, -0.11976790E+01, -0.44041751E-03,  0.12570366E-02,  0.61782171E-04
     479.,  0.15768524E+02,  0.14183672E+02, -0.11976790E+01, -0.45282299E-03,  0.12328296E-02,  0.62355960E-04
     480.,  0.15549838E+02,  0.13758735E+02, -0.11976790E+01, -0.46754712E-03,  0.12115568E-02,  0.63459020E-04
     481.,  0.15340142E+02,  0.13379206E+02, -0.11976790E+01, -0.48509230E-03,  0.11936998E-02,  0.63544783E-04
     482.,  0.14958597E+02,  0.13168430E+02, -0.11976790E+01, -0.49412401E-03,  0.11750403E-02,  0.93602833E-04
     483.,  0.14531149E+02,  0.12948599E+02, -0.11976790E+01, -0.50776106E-03,  0.11555864E-02,  0.11553812E-03
     484.,  0.14050409E+02,  0.12726103E+02, -0.11976790E+01, -0.52808049E-03,  0.11377806E-02,  0.13062730E-03
     485.,  0.13510408E+02,  0.12510882E+02, -0.11976790E+01, -0.55753069E-03,  0.11263349E-02,  0.14028316E-03
     486.,  0.12908732E+02,  0.12316645E+02, -0.11976790E+01, -0.59830722E-03,  0.11292311E-02,  0.14592415E-03
     487.,  0.12249123E+02,  0.12159903E+02, -0.11976790E+01, -0.65095794E-03,  0.11580374E-02,  0.14891409E-03
     488.,  0.11543562E+02,  0.12057295E+02, -0.11976790E+01, -0.71225008E-03,  0.12262404E-02,  0.15065917E-03
     489.,  0.10812349E+02,  0.12021499E+02, -0.11976790E+01, -0.77363098E-03,  0.13446424E-02,  0.15271193E-03
     490.,  0.10081136E+02,  0.12057295E+02, -0.11976790E+01, -0.82276603E-03,  0.15154728E-02,  0.15675157E-03
     491.,  0.93755751E+01,  0.12159903E+02, -0.11976790E+01, -0.84865083E-03,  0.17296687E-02,  0.16426003E-03
     492.,  0.87159662E+01,  0.12316645E+02, -0.11976790E+01, -0.84650936E-03,  0.19701662E-02,  0.17594657E-03
     493.,  0.81142903E+01,  0.12510882E+02, -0.11976790E+01, -0.81853420E-03,  0.22186661E-02,  0.19143739E-03
     494.,  0.75742889E+01,  0.12726103E+02, -0.11976790E+01, -0.77106614E-03,  0.24609875E-02,  0.20940260E-03
     495.,  0.70935489E+01,  0.12948599E+02, -0.11976790E+01, -0.71132030E-03,  0.26888312E-02,  0.22755108E-03
     496.,  0.66661008E+01,  0.13168430E+02, -0.11976790E+01, -0.64548001E-03,  0.28988462E-02,  0.24223545E-03
     497.,  0.62845555E+01,  0.13379206E+02, -0.11976790E+01, -0.57783666E-03,  0.30913204E-02,  0.24766667E-03
     498.,  0.60748601E+01,  0.13758735E+02, -0.11976790E+01, -0.44511900E-03,  0.32019070E-02,  0.21174167E-03
     499.,  0.58561738E+01,  0.14183672E+02, -0.11976790E+01, -0.29342965E-03,  0.33218494E-02,  0.16796685E-03
     500.,  0.56347661E+01,  0.14661302E+02, -0.11976790E+01, -0.11966801E-03,  0.34489707E-02,  0.10355399E-03
     501.,  0.54203819E+01,  0.15197536E+02, -0.11976790E+01,  0.79144974E-04,  0.35794194E-02, -0.11397230E-04
     502.,  0.52264660E+01,  0.15794837E+02, -0.11976790E+01,  0.30622089E-03,  0.37068556E-02, -0.24772509E-03
     503.,  0.50692458E+01,  0.16449687E+02, -0.11976790E+01,  0.56507393E-03,  0.38212896E-02, -0.79223715E-03
     504.,  0.49651629E+01,  0.17150519E+02, -0.11976790E+01,  0.85749504E-03,  0.39058395E-02, -0.18917884E-02
     505.,  0.49269069E+01,  0.17877572E+02, -0.11976790E+01,  0.11439235E-02,  0.39517359E-02, -0.38546794E-02
     506.,  0.49595289E+01,  0.18605679E+02, -0.11976790E+01,  0.15199789E-02,  0.39566524E-02, -0.73512112E-02
     507.,  0.50587084E+01,  0.19309449E+02, -0.11976790E+01,  0.21188966E-02,  0.39470809E-02, -0.14030561E-01
     508.,  0.52122418E+01,  0.19968538E+02, -0.11976790E+01,  0.31886624E-02,  0.40870959E-02, -0.28476069E-01
     509.,  0.54038312E+01,  0.20570694E+02, -0.11976790E+01,  0.55677462E-02,  0.42144469E-02, -0.57347318E-01
     510.,  0.56171136E+01,  0.21111810E+02, -0.11976790E+01,  0.97839325E-02,  0.34695289E-02, -0.10128239E+00
     511.,  0.58383669E+01,  0.21593963E+02, -0.11976790E+01,  0.15755430E-01,  0.10432630E-02, -0.15558052E+00
     512.,  0.60575459E+01,  0.22022875E+02, -0.11976790E+01,  0.24153408E-01, -0.41609752E-02, -0.21650353E+00
     513.,  0.56769704E+01,  0.22991024E+02, -0.11976790E+01,  0.13686017E+00, -0.11762498E+00, -0.75183535E+00
     514.,  0.61689714E+01,  0.23160649E+02, -0.11976790E+01,  0.11907936E+00, -0.98989744E-01, -0.64959405E+00
     515.,  0.66980031E+01,  0.23337936E+02, -0.11976790E+01,  0.98717338E-01, -0.77408187E-01, -0.53694584E+00
     516.,  0.72701852E+01,  0.23517786E+02, -0.11976790E+01,  0.75678719E-01, -0.51634507E-01, -0.41570799E+00
     517.,  0.78905411E+01,  0.23692179E+02, -0.11976790E+01,  0.51025597E-01, -0.24518250E-01, -0.29005606E+00
     518.,  0.85612333E+01,  0.23849944E+02, -0.11976790E+01,  0.30196646E-01, -0.51693745E-02, -0.17226735E+00
     519.,  0.92793868E+01,  0.23977529E+02, -0.11976790E+01,  0.15410935E-01,  0.18451104E-02, -0.78599400E-01
     520.,  0.10035305E+02,  0.24061188E+02, -0.11976790E+01,  0.72408117E-02,  0.18989719E-02, -0.15455140E-01
     521.,  0.10812349E+02,  0.24090399E+02, -0.11976790E+01,  0.30613850E-02,  0.17608230E-02,  0.36854037E-01
     522.,  0.11589393E+02,  0.24061188E+02, -0.11976790E+01, -0.36954891E-02,  0.23414976E-02,  0.85275489E-01
     523.,  0.12345311E+02,  0.23977529E+02, -0.11976790E+01, -0.13212039E-01, -0.39908460E-02,  0.13665356E+00
     524.,  0.13063465E+02,  0.23849944E+02, -0.11976790E+01, -0.23359993E-01, -0.17987732E-01,  0.21263021E+00
     525.,  0.13734157E+02,  0.23692179E+02, -0.11976790E+01, -0.36179703E-01, -0.37080064E-01,  0.30951210E+00
     526.,  0.14354513E+02,  0.23517786E+02, -0.11976790E+01, -0.50454333E-01, -0.58315901E-01,  0.40641103E+00
     527.,  0.14926695E+02,  0.23337936E+02, -0.11976790E+01, -0.64445400E-01, -0.78732573E-01,  0.49668453E+00
     528.,  0.15455726E+02,  0.23160649E+02, -0.11976790E+01, -0.76835970E-01, -0.96314665E-01,  0.57681803E+00
     529.,  0.15947728E+02,  0.22991024E+02, -0.11976790E+01, -0.87421685E-01, -0.11076688E+00,  0.64807330E+00
     530.,  0.16116191E+02,  0.22498138E+02, -0.11976790E+01, -0.57391505E-01, -0.68501422E-01,  0.47792287E+00
     531.,  0.16291535E+02,  0.21968445E+02, -0.11976790E+01, -0.30456967E-01, -0.32455391E-01,  0.31285312E+00
     532.,  0.16468537E+02,  0.21396160E+02, -0.11976790E+01, -0.12225534E-01, -0.10331349E-01,  0.17516791E+00
     533.,  0.16639163E+02,  0.20776705E+02, -0.11976790E+01, -0.37497073E-02, -0.16109694E-02,  0.82912498E-01
     534.,  0.16792435E+02,  0.20108418E+02, -0.11976790E+01, -0.12224739E-02,  0.54453699E-03,  0.36555525E-01
     535.,  0.16915261E+02,  0.19394584E+02, -0.11976790E+01, -0.51306350E-03,  0.11437436E-02,  0.16744281E-01
     536.,  0.16994605E+02,  0.18645006E+02, -0.11976790E+01, -0.33177045E-03,  0.13340582E-02,  0.76304421E-02
     537.,  0.17020703E+02,  0.17875957E+02, -0.11976790E+01, -0.35569217E-03,  0.13713786E-02,  0.31202680E-02
     538.,  0.16990098E+02,  0.17107753E+02, -0.11976790E+01, -0.37879915E-03,  0.13627349E-02,  0.10742325E-02
     539.,  0.16906831E+02,  0.16360524E+02, -0.11976790E+01, -0.40406928E-03,  0.13369865E-02,  0.30361027E-03
     540.,  0.16781055E+02,  0.15650082E+02, -0.11976790E+01, -0.42392463E-03,  0.13079272E-02,  0.49056025E-04
     541.,  0.16625923E+02,  0.14985678E+02, -0.11976790E+01, -0.44054246E-03,  0.12795748E-02, -0.35077611E-04
     542.,  0.16454415E+02,  0.14370129E+02, -0.11976790E+01, -0.45750476E-03,  0.12534110E-02, -0.63081320E-04
     543.,  0.16277289E+02,  0.13801463E+02, -0.11976790E+01, -0.47630336E-03,  0.12307735E-02, -0.72873445E-04
     544.,  0.16102340E+02,  0.13274951E+02, -0.11976790E+01, -0.49765897E-03,  0.12119951E-02, -0.77606784E-04
     545.,  0.15934584E+02,  0.12784764E+02, -0.11976790E+01, -0.52075759E-03,  0.11973505E-02, -0.80764319E-04
     546.,  0.15441847E+02,  0.12616144E+02, -0.11976790E+01, -0.52945635E-03,  0.11812597E-02, -0.71900424E-05
     547.,  0.14912389E+02,  0.12440279E+02, -0.11976790E+01, -0.54309887E-03,  0.11626426E-02,  0.51873053E-04
     548.,  0.14340297E+02,  0.12262282E+02, -0.11976790E+01, -0.56410199E-03,  0.11443493E-02,  0.94606096E-04
     549.,  0.13720796E+02,  0.12090105E+02, -0.11976790E+01, -0.59540629E-03,  0.11316101E-02,  0.12259273E-03
     550.,  0.13051955E+02,  0.11934716E+02, -0.11976790E+01, -0.63992975E-03,  0.11332206E-02,  0.13899593E-03
     551.,  0.12336768E+02,  0.11809323E+02, -0.11976790E+01, -0.69906228E-03,  0.11618967E-02,  0.14766104E-03
     552.,  0.11584819E+02,  0.11727236E+02, -0.11976790E+01, -0.77028440E-03,  0.12325119E-02,  0.15269315E-03
     553.,  0.10812349E+02,  0.11698599E+02, -0.11976790E+01, -0.84533915E-03,  0.13573811E-02,  0.15838421E-03
     554.,  0.10039879E+02,  0.11727236E+02, -0.11976790E+01, -0.91157308E-03,  0.15402556E-02,  0.16925494E-03
     555.,  0.92879298E+01,  0.11809323E+02, -0.11976790E+01, -0.95706263E-03,  0.17733513E-02,  0.18954996E-03
     556.,  0.85727428E+01,  0.11934716E+02, -0.11976790E+01, -0.97579464E-03,  0.20402389E-02,  0.22168786E-03
     557.,  0.79039020E+01,  0.12090105E+02, -0.11976790E+01, -0.96880276E-03,  0.23223357E-02,  0.26460235E-03
     558.,  0.72844009E+01,  0.12262282E+02, -0.11976790E+01, -0.94156959E-03,  0.26043896E-02,  0.31294816E-03
     559.,  0.67123089E+01,  0.12440279E+02, -0.11976790E+01, -0.90072338E-03,  0.28766230E-02,  0.35653938E-03
     560.,  0.61828505E+01,  0.12616144E+02, -0.11976790E+01, -0.85195683E-03,  0.31343010E-02,  0.37871210E-03
     561.,  0.56901142E+01,  0.12784764E+02, -0.11976790E+01, -0.79938403E-03,  0.33756256E-02,  0.35354322E-03
     562.,  0.55223579E+01,  0.13274951E+02, -0.11976790E+01, -0.62398314E-03,  0.34661511E-02,  0.24574703E-03
     563.,  0.53474089E+01,  0.13801463E+02, -0.11976790E+01, -0.43480902E-03,  0.35663675E-02,  0.11036462E-03
     564.,  0.51702827E+01,  0.14370129E+02, -0.11976790E+01, -0.22904893E-03,  0.36752083E-02, -0.85069932E-04
     565.,  0.49987753E+01,  0.14985678E+02, -0.11976790E+01, -0.32004924E-05,  0.37901598E-02, -0.41473836E-03
     566.,  0.48436426E+01,  0.15650082E+02, -0.11976790E+01,  0.24690263E-03,  0.39073027E-02, -0.10582780E-02
     567.,  0.47178665E+01,  0.16360524E+02, -0.11976790E+01,  0.52927366E-03,  0.40190185E-02, -0.24261923E-02
     568.,  0.46346001E+01,  0.17107753E+02, -0.11976790E+01,  0.85504747E-03,  0.41116619E-02, -0.52491070E-02
     569.,  0.46039953E+01,  0.17875957E+02, -0.11976790E+01,  0.12044966E-02,  0.41751159E-02, -0.11218471E-01
     570.,  0.46300929E+01,  0.18645006E+02, -0.11976790E+01,  0.19509959E-02,  0.41045958E-02, -0.23691359E-01
     571.,  0.47094365E+01,  0.19394584E+02, -0.11976790E+01,  0.39621343E-02,  0.35374947E-02, -0.49064111E-01
     572.,  0.48322632E+01,  0.20108418E+02, -0.11976790E+01,  0.92896093E-02,  0.11383084E-02, -0.10095570E+00
     573.,  0.49855348E+01,  0.20776705E+02, -0.11976790E+01,  0.21847185E-01, -0.69472101E-02, -0.19163583E+00
     574.,  0.51561607E+01,  0.21396160E+02, -0.11976790E+01,  0.43167350E-01, -0.24321313E-01, -0.31520651E+00
     575.,  0.53331633E+01,  0.21968445E+02, -0.11976790E+01,  0.70883109E-01, -0.49985421E-01, -0.45614079E+00
     576.,  0.55085065E+01,  0.22498138E+02, -0.11976790E+01,  0.10325075E+00, -0.82128333E-01, -0.60459311E+00
     577.,  0.50858150E+01,  0.23576268E+02, -0.11976790E+01,  0.22798863E+00, -0.21338994E+00, -0.12020512E+01
     578.,  0.56891908E+01,  0.23703487E+02, -0.11976790E+01,  0.20143777E+00, -0.18626199E+00, -0.10486586E+01
     579.,  0.63203396E+01,  0.23836451E+02, -0.11976790E+01,  0.17266557E+00, -0.15576838E+00, -0.88702530E+00
     580.,  0.69838512E+01,  0.23971339E+02, -0.11976790E+01,  0.13869119E+00, -0.11783313E+00, -0.71264900E+00
     581.,  0.76834930E+01,  0.24102134E+02, -0.11976790E+01,  0.10027049E+00, -0.72855733E-01, -0.52904608E+00
     582.,  0.84208872E+01,  0.24220458E+02, -0.11976790E+01,  0.62727732E-01, -0.32252965E-01, -0.34338275E+00
     583.,  0.91938774E+01,  0.24316146E+02, -0.11976790E+01,  0.33620373E-01, -0.66984509E-02, -0.17945233E+00
     584.,  0.99951909E+01,  0.24378891E+02, -0.11976790E+01,  0.13733369E-01,  0.16053560E-02, -0.45745117E-01
     585.,  0.10812349E+02,  0.24400799E+02, -0.11976790E+01,  0.20740166E-02,  0.13878218E-02,  0.67784914E-01
     586.,  0.11629507E+02,  0.24378891E+02, -0.11976790E+01, -0.11655227E-01, -0.19237862E-02,  0.16569463E+00
     587.,  0.12430821E+02,  0.24316146E+02, -0.11976790E+01, -0.29610186E-01, -0.21856391E-01,  0.26235261E+00
     588.,  0.13203811E+02,  0.24220458E+02, -0.11976790E+01, -0.49013050E-01, -0.52628232E-01,  0.39062546E+00
     589.,  0.13941205E+02,  0.24102134E+02, -0.11976790E+01, -0.70654670E-01, -0.86292340E-01,  0.53660278E+00
     590.,  0.14640847E+02,  0.23971339E+02, -0.11976790E+01, -0.95117723E-01, -0.12252554E+00,  0.68593666E+00
     591.,  0.15304358E+02,  0.23836451E+02, -0.11976790E+01, -0.12014071E+00, -0.15801852E+00,  0.83162910E+00
     592.,  0.15935507E+02,  0.23703487E+02, -0.11976790E+01, -0.14441200E+00, -0.19183987E+00,  0.97135161E+00
     593.,  0.16538883E+02,  0.23576268E+02, -0.11976790E+01, -0.16567064E+00, -0.22166104E+00,  0.10999711E+01
     594.,  0.16665231E+02,  0.22973400E+02, -0.11976790E+01, -0.11946512E+00, -0.15538715E+00,  0.85176115E+00
     595.,  0.16796738E+02,  0.22342928E+02, -0.11976790E+01, -0.74002142E-01, -0.90991321E-01,  0.60113518E+00
     596.,  0.16929490E+02,  0.21680510E+02, -0.11976790E+01, -0.35366660E-01, -0.38671484E-01,  0.36719187E+00
     597.,  0.17057460E+02,  0.20982716E+02, -0.11976790E+01, -0.12159750E-01, -0.10278089E-01,  0.18716129E+00
     598.,  0.17172413E+02,  0.20248298E+02, -0.11976790E+01, -0.32294249E-02, -0.10070542E-02,  0.81778879E-01
     599.,  0.17264533E+02,  0.19479719E+02, -0.11976790E+01, -0.81982763E-03,  0.10330912E-02,  0.33859767E-01
     600.,  0.17324041E+02,  0.18684332E+02, -0.11976790E+01, -0.35916744E-03,  0.13863136E-02,  0.13947143E-01
     601.,  0.17343614E+02,  0.17874343E+02, -0.11976790E+01, -0.35697302E-03,  0.13967715E-02,  0.55232975E-02
     602.,  0.17320661E+02,  0.17064986E+02, -0.11976790E+01, -0.37800974E-03,  0.13713708E-02,  0.19348842E-02
     603.,  0.17258211E+02,  0.16271362E+02, -0.11976790E+01, -0.40688651E-03,  0.13360361E-02,  0.54996582E-03
     604.,  0.17163879E+02,  0.15505327E+02, -0.11976790E+01, -0.43099724E-03,  0.13029499E-02,  0.56611276E-04
     605.,  0.17047529E+02,  0.14773821E+02, -0.11976790E+01, -0.45256422E-03,  0.12721418E-02, -0.12086235E-03
     606.,  0.16918899E+02,  0.14078956E+02, -0.11976790E+01, -0.47401046E-03,  0.12465637E-02, -0.18669298E-03
     607.,  0.16786054E+02,  0.13419253E+02, -0.11976790E+01, -0.49767628E-03,  0.12257466E-02, -0.21391157E-03
     608.,  0.16654842E+02,  0.12791166E+02, -0.11976790E+01, -0.52227125E-03,  0.12101602E-02, -0.22812656E-03
     609.,  0.16529025E+02,  0.12190323E+02, -0.11976790E+01, -0.54547321E-03,  0.11997503E-02, -0.23628558E-03
     610.,  0.15925098E+02,  0.12063857E+02, -0.11976790E+01, -0.55369066E-03,  0.11878822E-02, -0.12544917E-03
     611.,  0.15293629E+02,  0.11931959E+02, -0.11976790E+01, -0.56747055E-03,  0.11711619E-02, -0.28727575E-04
     612.,  0.14630185E+02,  0.11798461E+02, -0.11976790E+01, -0.58962152E-03,  0.11526658E-02,  0.46419896E-04
     613.,  0.13931184E+02,  0.11669329E+02, -0.11976790E+01, -0.62368211E-03,  0.11383756E-02,  0.97945129E-04
     614.,  0.13195179E+02,  0.11552787E+02, -0.11976790E+01, -0.67336849E-03,  0.11381720E-02,  0.12898078E-03
     615.,  0.12424413E+02,  0.11458742E+02, -0.11976790E+01, -0.74092298E-03,  0.11661491E-02,  0.14564227E-03
     616.,  0.11626077E+02,  0.11397177E+02, -0.11976790E+01, -0.82445164E-03,  0.12387222E-02,  0.15538870E-03
     617.,  0.10812349E+02,  0.11375699E+02, -0.11976790E+01, -0.91583736E-03,  0.13697963E-02,  0.16618171E-03
     618.,  0.99986211E+01,  0.11397177E+02, -0.11976790E+01, -0.10019212E-02,  0.15646619E-02,  0.18637577E-03
     619.,  0.92002846E+01,  0.11458742E+02, -0.11976790E+01, -0.10696257E-02,  0.18167841E-02,  0.22387496E-03
     620.,  0.84295193E+01,  0.11552787E+02, -0.11976790E+01, -0.11114128E-02,  0.21102653E-02,  0.28299757E-03
     621.,  0.76935138E+01,  0.11669329E+02, -0.11976790E+01, -0.11269100E-02,  0.24260187E-02,  0.36028848E-03
     622.,  0.69945129E+01,  0.11798461E+02, -0.11976790E+01, -0.11206368E-02,  0.27473026E-02,  0.44198402E-03
     623.,  0.63310689E+01,  0.11931959E+02, -0.11976790E+01, -0.10986639E-02,  0.30623121E-02,  0.50347870E-03
     624.,  0.56996001E+01,  0.12063857E+02, -0.11976790E+01, -0.10663333E-02,  0.33639021E-02,  0.51043933E-03
     625.,  0.50956728E+01,  0.12190323E+02, -0.11976790E+01, -0.10277215E-02,  0.36481488E-02,  0.42809851E-03
     626.,  0.49698556E+01,  0.12791166E+02, -0.11976790E+01, -0.80315165E-03,  0.37172319E-02,  0.22753949E-03
     627.,  0.48386439E+01,  0.13419253E+02, -0.11976790E+01, -0.57292708E-03,  0.37970187E-02, -0.25838732E-04
     628.,  0.47057993E+01,  0.14078956E+02, -0.11976790E+01, -0.33295787E-03,  0.38878590E-02, -0.39172784E-03
     629.,  0.45771687E+01,  0.14773821E+02, -0.11976790E+01, -0.79961748E-04,  0.39896546E-02, -0.10014471E-02
     630.,  0.44608192E+01,  0.15505327E+02, -0.11976790E+01,  0.19307633E-03,  0.40996424E-02, -0.21528061E-02
     631.,  0.43664871E+01,  0.16271362E+02, -0.11976790E+01,  0.50004833E-03,  0.42157097E-02, -0.45259732E-02
     632.,  0.43040373E+01,  0.17064986E+02, -0.11976790E+01,  0.86621574E-03,  0.43272033E-02, -0.94920622E-02
     633.,  0.42810837E+01,  0.17874343E+02, -0.11976790E+01,  0.13129788E-02,  0.44497929E-02, -0.20612836E-01
     634.,  0.43006569E+01,  0.18684332E+02, -0.11976790E+01,  0.26241419E-02,  0.42790104E-02, -0.45742030E-01
     635.,  0.43601646E+01,  0.19479719E+02, -0.11976790E+01,  0.72444517E-02,  0.22785278E-02, -0.99346074E-01
     636.,  0.44522847E+01,  0.20248298E+02, -0.11976790E+01,  0.20225922E-01, -0.60821748E-02, -0.20204448E+00
     637.,  0.45672383E+01,  0.20982716E+02, -0.11976790E+01,  0.47268720E-01, -0.28253149E-01, -0.36221885E+00
     638.,  0.46952078E+01,  0.21680510E+02, -0.11976790E+01,  0.87254921E-01, -0.66050790E-01, -0.56236940E+00
     639.,  0.48279597E+01,  0.22342928E+02, -0.11976790E+01,  0.13407710E+00, -0.11370475E+00, -0.77860884E+00
     640.,  0.49594671E+01,  0.22973400E+02, -0.11976790E+01,  0.18200146E+00, -0.16444646E+00, -0.99457327E+00
     641.,  0.44946597E+01,  0.24161511E+02, -0.11976790E+01,  0.31750250E+00, -0.30701485E+00, -0.16481252E+01
     642.,  0.52094102E+01,  0.24246324E+02, -0.11976790E+01,  0.27873080E+00, -0.26725434E+00, -0.14358985E+01
     643.,  0.59426760E+01,  0.24334967E+02, -0.11976790E+01,  0.24213492E+00, -0.23011861E+00, -0.12276527E+01
     644.,  0.66975171E+01,  0.24424893E+02, -0.11976790E+01,  0.20279831E+00, -0.18723053E+00, -0.10143164E+01
     645.,  0.74764450E+01,  0.24512089E+02, -0.11976790E+01,  0.15372947E+00, -0.12923754E+00, -0.78084443E+00
     646.,  0.82805411E+01,  0.24590972E+02, -0.11976790E+01,  0.10343538E+00, -0.69576651E-01, -0.53695631E+00
     647.,  0.91083679E+01,  0.24654764E+02, -0.11976790E+01,  0.58116058E-01, -0.22188798E-01, -0.30316816E+00
     648.,  0.99550769E+01,  0.24696593E+02, -0.11976790E+01,  0.24543198E-01,  0.80228615E-03, -0.94264002E-01
     649.,  0.10812349E+02,  0.24711199E+02, -0.11976790E+01, -0.83059497E-03,  0.14239003E-02,  0.99887047E-01
     650.,  0.11669621E+02,  0.24696593E+02, -0.11976790E+01, -0.24610269E-01, -0.80801475E-02,  0.26221046E+00
     651.,  0.12516330E+02,  0.24654764E+02, -0.11976790E+01, -0.53135864E-01, -0.49111058E-01,  0.41378232E+00
     652.,  0.13344157E+02,  0.24590972E+02, -0.11976790E+01, -0.78863399E-01, -0.95892932E-01,  0.58460837E+00
     653.,  0.14148253E+02,  0.24512089E+02, -0.11976790E+01, -0.10736139E+00, -0.14063748E+00,  0.77395507E+00
     654.,  0.14927181E+02,  0.24424893E+02, -0.11976790E+01, -0.14355735E+00, -0.19186525E+00,  0.97546218E+00
     655.,  0.15682022E+02,  0.24334967E+02, -0.11976790E+01, -0.18413995E+00, -0.24875064E+00,  0.11881364E+01
     656.,  0.16415288E+02,  0.24246324E+02, -0.11976790E+01, -0.22015870E+00, -0.30002038E+00,  0.13870661E+01
     657.,  0.17130038E+02,  0.24161511E+02, -0.11976790E+01, -0.25038024E+00, -0.34254195E+00,  0.15690077E+01
     658.,  0.17214270E+02,  0.23448662E+02, -0.11976790E+01, -0.18738199E+00, -0.25169339E+00,  0.12421278E+01
     659.,  0.17301942E+02,  0.22717410E+02, -0.11976790E+01, -0.12553532E+00, -0.16285435E+00,  0.91450907E+00
     660.,  0.17390443E+02,  0.21964861E+02, -0.11976790E+01, -0.68213017E-01, -0.82134624E-01,  0.59614312E+00
     661.,  0.17475756E+02,  0.21188727E+02, -0.11976790E+01, -0.26309055E-01, -0.26739735E-01,  0.32436755E+00
     662.,  0.17552392E+02,  0.20388177E+02, -0.11976790E+01, -0.67456204E-02, -0.40887647E-02,  0.14425731E+00
     663.,  0.17613805E+02,  0.19564854E+02, -0.11976790E+01, -0.12927164E-02,  0.99722395E-03,  0.55734777E-01
     664.,  0.17653477E+02,  0.18723659E+02, -0.11976790E+01, -0.41334252E-03,  0.14775745E-02,  0.21081516E-01
     665.,  0.17666526E+02,  0.17872728E+02, -0.11976790E+01, -0.36978640E-03,  0.14270442E-02,  0.81493092E-02
     666.,  0.17651223E+02,  0.17022220E+02, -0.11976790E+01, -0.38155048E-03,  0.13751972E-02,  0.29188930E-02
     667.,  0.17609590E+02,  0.16182199E+02, -0.11976790E+01, -0.41179055E-03,  0.13336196E-02,  0.86061276E-03
     668.,  0.17546702E+02,  0.15360572E+02, -0.11976790E+01, -0.44039927E-03,  0.12929443E-02,  0.94831163E-04
     669.,  0.17469136E+02,  0.14561964E+02, -0.11976790E+01, -0.46423090E-03,  0.12615957E-02, -0.19076863E-03
     670.,  0.17383382E+02,  0.13787783E+02, -0.11976790E+01, -0.48971698E-03,  0.12362158E-02, -0.30009368E-03
     671.,  0.17294819E+02,  0.13037043E+02, -0.11976790E+01, -0.51627466E-03,  0.12175653E-02, -0.34910700E-03
     672.,  0.17207344E+02,  0.12307381E+02, -0.11976790E+01, -0.54120567E-03,  0.12054634E-02, -0.37362618E-03
     673.,  0.17123466E+02,  0.11595882E+02, -0.11976790E+01, -0.56042360E-03,  0.11993512E-02, -0.39005695E-03
     674.,  0.16408348E+02,  0.11511571E+02, -0.11976790E+01, -0.56695638E-03,  0.11940013E-02, -0.24708245E-03
     675.,  0.15674869E+02,  0.11423639E+02, -0.11976790E+01, -0.58006388E-03,  0.11806092E-02, -0.11639741E-03
     676.,  0.14920073E+02,  0.11334641E+02, -0.11976790E+01, -0.60306599E-03,  0.11626196E-02, -0.88684256E-05
     677.,  0.14141572E+02,  0.11248552E+02, -0.11976790E+01, -0.64035145E-03,  0.11468037E-02,  0.68541416E-04
     678.,  0.13338402E+02,  0.11170857E+02, -0.11976790E+01, -0.69661326E-03,  0.11444262E-02,  0.11663484E-03
     679.,  0.12512059E+02,  0.11108161E+02, -0.11976790E+01, -0.77492075E-03,  0.11712219E-02,  0.14293208E-03
     680.,  0.11667334E+02,  0.11067117E+02, -0.11976790E+01, -0.87380419E-03,  0.12453453E-02,  0.15842299E-03
     681.,  0.10812349E+02,  0.11052799E+02, -0.11976790E+01, -0.98502511E-03,  0.13824007E-02,  0.17536855E-03
     682.,  0.99573637E+01,  0.11067117E+02, -0.11976790E+01, -0.10946590E-02,  0.15892559E-02,  0.20670071E-03
     683.,  0.91126394E+01,  0.11108161E+02, -0.11976790E+01, -0.11881583E-02,  0.18605948E-02,  0.26465545E-03
     684.,  0.82862959E+01,  0.11170857E+02, -0.11976790E+01, -0.12560298E-02,  0.21809329E-02,  0.35539844E-03
     685.,  0.74831255E+01,  0.11248552E+02, -0.11976790E+01, -0.12960433E-02,  0.25304175E-02,  0.47113639E-03
     686.,  0.67046249E+01,  0.11334641E+02, -0.11976790E+01, -0.13115430E-02,  0.28903991E-02,  0.58539419E-03
     687.,  0.59498289E+01,  0.11423639E+02, -0.11976790E+01, -0.13081955E-02,  0.32462884E-02,  0.65545297E-03
     688.,  0.52163497E+01,  0.11511571E+02, -0.11976790E+01, -0.12915279E-02,  0.35882070E-02,  0.63659882E-03
     689.,  0.45012315E+01,  0.11595882E+02, -0.11976790E+01, -0.12660242E-02,  0.39102205E-02,  0.50623077E-03
     690.,  0.44173534E+01,  0.12307381E+02, -0.11976790E+01, -0.98617105E-03,  0.39562261E-02,  0.20330590E-03
     691.,  0.43298789E+01,  0.13037043E+02, -0.11976790E+01, -0.71070027E-03,  0.40140105E-02, -0.17628765E-03
     692.,  0.42413158E+01,  0.13787783E+02, -0.11976790E+01, -0.43380703E-03,  0.40853546E-02, -0.72792223E-03
     693.,  0.41555621E+01,  0.14561964E+02, -0.11976790E+01, -0.15058592E-03,  0.41729114E-02, -0.16431532E-02
     694.,  0.40779958E+01,  0.15360572E+02, -0.11976790E+01,  0.14491571E-03,  0.42797080E-02, -0.33441791E-02
     695.,  0.40151077E+01,  0.16182199E+02, -0.11976790E+01,  0.47762348E-03,  0.44014631E-02, -0.67721676E-02
     696.,  0.39734745E+01,  0.17022220E+02, -0.11976790E+01,  0.89374763E-03,  0.45452701E-02, -0.13981019E-01
     697.,  0.39581721E+01,  0.17872728E+02, -0.11976790E+01,  0.14718283E-02,  0.47639084E-02, -0.30801589E-01
     698.,  0.39712209E+01,  0.18723659E+02, -0.11976790E+01,  0.35130524E-02,  0.44788439E-02, -0.71352256E-01
     699.,  0.40108927E+01,  0.19564854E+02, -0.11976790E+01,  0.11725967E-01,  0.26281125E-03, -0.15988924E+00
     700.,  0.40723061E+01,  0.20388177E+02, -0.11976790E+01,  0.34797583E-01, -0.17047177E-01, -0.32036920E+00
     701.,  0.41489419E+01,  0.21188727E+02, -0.11976790E+01,  0.78198152E-01, -0.56440224E-01, -0.55129203E+00
     702.,  0.42342548E+01,  0.21964861E+02, -0.11976790E+01,  0.13611568E+00, -0.11477356E+00, -0.82317325E+00
     703.,  0.43227561E+01,  0.22717410E+02, -0.11976790E+01,  0.19846980E+00, -0.18052708E+00, -0.11052500E+01
     704.,  0.44104277E+01,  0.23448662E+02, -0.11976790E+01,  0.25960967E+00, -0.24554453E+00, -0.13817287E+01
     705.,  0.39035043E+01,  0.24746755E+02, -0.11976790E+01,  0.39796815E+00, -0.38908686E+00, -0.20715316E+01
     706.,  0.47296296E+01,  0.24789162E+02, -0.11976790E+01,  0.35051379E+00, -0.34108589E+00, -0.18084621E+01
     707.,  0.55650125E+01,  0.24833483E+02, -0.11976790E+01,  0.30026597E+00, -0.28919766E+00, -0.15370013E+01
     708.,  0.64111830E+01,  0.24878446E+02, -0.11976790E+01,  0.25642478E+00, -0.24380328E+00, -0.12905190E+01
     709.,  0.72693970E+01,  0.24922044E+02, -0.11976790E+01,  0.20940015E+00, -0.18965753E+00, -0.10400358E+01
     710.,  0.81401950E+01,  0.24961485E+02, -0.11976790E+01,  0.14377075E+00, -0.10988189E+00, -0.73450834E+00
     711.,  0.90228584E+01,  0.24993381E+02, -0.11976790E+01,  0.83242250E-01, -0.38616858E-01, -0.42904312E+00
     712.,  0.99149629E+01,  0.25014296E+02, -0.11976790E+01,  0.35760163E-01, -0.39336345E-03, -0.14800872E+00
     713.,  0.10812349E+02,  0.25021599E+02, -0.11976790E+01, -0.43404129E-02,  0.14659085E-02,  0.12402948E+00
     714.,  0.11709735E+02,  0.25014296E+02, -0.11976790E+01, -0.43888143E-01, -0.13844518E-01,  0.37257035E+00
     715.,  0.12601839E+02,  0.24993381E+02, -0.11976790E+01, -0.83749626E-01, -0.85713869E-01,  0.58306286E+00
     716.,  0.13484503E+02,  0.24961485E+02, -0.11976790E+01, -0.11248978E+00, -0.14814952E+00,  0.79429557E+00
     717.,  0.14355301E+02,  0.24922044E+02, -0.11976790E+01, -0.14639385E+00, -0.19690998E+00,  0.10167398E+01
     718.,  0.15213515E+02,  0.24878446E+02, -0.11976790E+01, -0.20193722E+00, -0.27400240E+00,  0.12890329E+01
     719.,  0.16059685E+02,  0.24833483E+02, -0.11976790E+01, -0.25525185E+00, -0.35064141E+00,  0.15620123E+01
     720.,  0.16895068E+02,  0.24789162E+02, -0.11976790E+01, -0.29767332E+00, -0.41091456E+00,  0.18073367E+01
     721.,  0.17721194E+02,  0.24746755E+02, -0.11976790E+01, -0.33724307E+00, -0.46769454E+00,  0.20442562E+01
     722.,  0.17763310E+02,  0.23923924E+02, -0.11976790E+01, -0.25981208E+00, -0.35529516E+00,  0.16445626E+01
     723.,  0.17807145E+02,  0.23091892E+02, -0.11976790E+01, -0.18157588E+00, -0.24197428E+00,  0.12408952E+01
     724.,  0.17851396E+02,  0.22249211E+02, -0.11976790E+01, -0.10682663E+00, -0.13461998E+00,  0.84394922E+00
     725.,  0.17894052E+02,  0.21394738E+02, -0.11976790E+01, -0.45356882E-01, -0.49878151E-01,  0.48361043E+00
     726.,  0.17932370E+02,  0.20528057E+02, -0.11976790E+01, -0.11617575E-01, -0.81798286E-02,  0.21888429E+00
     727.,  0.17963077E+02,  0.19649989E+02, -0.11976790E+01, -0.19584188E-02,  0.10873498E-02,  0.80244827E-01
     728.,  0.17982913E+02,  0.18762985E+02, -0.11976790E+01, -0.50355227E-03,  0.15985435E-02,  0.28198217E-01
     729.,  0.17989437E+02,  0.17871114E+02, -0.11976790E+01, -0.39557169E-03,  0.14393487E-02,  0.10725961E-01
     730.,  0.17981786E+02,  0.16979453E+02, -0.11976790E+01, -0.38577480E-03,  0.13808806E-02,  0.38936694E-02
     731.,  0.17960970E+02,  0.16093037E+02, -0.11976790E+01, -0.42122684E-03,  0.13216215E-02,  0.11694992E-02
     732.,  0.17929526E+02,  0.15215817E+02, -0.11976790E+01, -0.44932335E-03,  0.12805638E-02,  0.12612825E-03
     733.,  0.17890742E+02,  0.14350106E+02, -0.11976790E+01, -0.47587162E-03,  0.12470507E-02, -0.25890312E-03
     734.,  0.17847866E+02,  0.13496610E+02, -0.11976790E+01, -0.50408100E-03,  0.12221700E-02, -0.41290350E-03
     735.,  0.17803584E+02,  0.12654834E+02, -0.11976790E+01, -0.53220117E-03,  0.12058894E-02, -0.47894620E-03
     736.,  0.17759847E+02,  0.11823596E+02, -0.11976790E+01, -0.55508574E-03,  0.11975349E-02, -0.51567691E-03
     737.,  0.17717908E+02,  0.11001440E+02, -0.11976790E+01, -0.56873971E-03,  0.11952577E-02, -0.54151002E-03
     738.,  0.16891599E+02,  0.10959285E+02, -0.11976790E+01, -0.57184554E-03,  0.11977538E-02, -0.36905074E-03
     739.,  0.16056109E+02,  0.10915319E+02, -0.11976790E+01, -0.58193335E-03,  0.11896550E-02, -0.20692574E-03
     740.,  0.15209961E+02,  0.10870820E+02, -0.11976790E+01, -0.60381300E-03,  0.11734112E-02, -0.68017167E-04
     741.,  0.14351961E+02,  0.10827776E+02, -0.11976790E+01, -0.64359401E-03,  0.11566647E-02,  0.36127151E-04
     742.,  0.13481625E+02,  0.10788928E+02, -0.11976790E+01, -0.70740863E-03,  0.11521675E-02,  0.10273001E-03
     743.,  0.12599704E+02,  0.10757580E+02, -0.11976790E+01, -0.79905749E-03,  0.11775619E-02,  0.13967057E-03
     744.,  0.11708592E+02,  0.10737058E+02, -0.11976790E+01, -0.91710355E-03,  0.12529769E-02,  0.16147897E-03
     745.,  0.10812349E+02,  0.10729899E+02, -0.11976790E+01, -0.10527241E-02,  0.13958759E-02,  0.18515638E-03
     746.,  0.99161063E+01,  0.10737058E+02, -0.11976790E+01, -0.11908086E-02,  0.16147667E-02,  0.22882746E-03
     747.,  0.90249942E+01,  0.10757580E+02, -0.11976790E+01, -0.13148512E-02,  0.19055088E-02,  0.30969820E-03
     748.,  0.81430724E+01,  0.10788928E+02, -0.11976790E+01, -0.14126939E-02,  0.22528522E-02,  0.43584406E-03
     749.,  0.72727372E+01,  0.10827776E+02, -0.11976790E+01, -0.14794253E-02,  0.26358641E-02,  0.59351341E-03
     750.,  0.64147369E+01,  0.10870820E+02, -0.11976790E+01, -0.15166402E-02,  0.30334964E-02,  0.73997233E-03
     751.,  0.55685889E+01,  0.10915319E+02, -0.11976790E+01, -0.15300290E-02,  0.34279787E-02,  0.81450918E-03
     752.,  0.47330993E+01,  0.10959285E+02, -0.11976790E+01, -0.15266554E-02,  0.38065179E-02,  0.77082547E-03
     753.,  0.39067902E+01,  0.11001440E+02, -0.11976790E+01, -0.15131260E-02,  0.41641533E-02,  0.61237076E-03
     754.,  0.38648512E+01,  0.11823596E+02, -0.11976790E+01, -0.11754834E-02,  0.41860388E-02,  0.21810560E-03
     755.,  0.38211139E+01,  0.12654834E+02, -0.11976790E+01, -0.85063121E-03,  0.42191160E-02, -0.27801304E-03
     756.,  0.37768324E+01,  0.13496610E+02, -0.11976790E+01, -0.53445094E-03,  0.42682149E-02, -0.10018331E-02
     757.,  0.37339555E+01,  0.14350106E+02, -0.11976790E+01, -0.21855193E-03,  0.43384438E-02, -0.22136824E-02
     758.,  0.36951723E+01,  0.15215817E+02, -0.11976790E+01,  0.10404213E-03,  0.44377785E-02, -0.44541644E-02
     759.,  0.36637283E+01,  0.16093037E+02, -0.11976790E+01,  0.45803859E-03,  0.45737035E-02, -0.89065313E-02
     760.,  0.36429117E+01,  0.16979453E+02, -0.11976790E+01,  0.93515220E-03,  0.47450259E-02, -0.18205194E-01
     761.,  0.36352605E+01,  0.17871114E+02, -0.11976790E+01,  0.16850182E-02,  0.51188576E-02, -0.40671674E-01
     762.,  0.36417849E+01,  0.18762985E+02, -0.11976790E+01,  0.45944045E-02,  0.49915809E-02, -0.97995946E-01
     763.,  0.36616208E+01,  0.19649989E+02, -0.11976790E+01,  0.17032941E-01, -0.17960631E-02, -0.22566364E+00
     764.,  0.36923275E+01,  0.20528057E+02, -0.11976790E+01,  0.51885589E-01, -0.30193054E-01, -0.44907960E+00
     765.,  0.37306454E+01,  0.21394738E+02, -0.11976790E+01,  0.11293177E+00, -0.89336050E-01, -0.75199061E+00
     766.,  0.37733019E+01,  0.22249211E+02, -0.11976790E+01,  0.18748673E+00, -0.16715292E+00, -0.10910639E+01
     767.,  0.38175525E+01,  0.23091892E+02, -0.11976790E+01,  0.26392993E+00, -0.24858471E+00, -0.14345292E+01
     768.,  0.38613883E+01,  0.23923924E+02, -0.11976790E+01,  0.33791703E+00, -0.32757392E+00, -0.17703384E+01
     769.,  0.33123489E+01,  0.25331999E+02, -0.11976790E+01,  0.43515931E+00, -0.43339212E+00, -0.23813145E+01
     770.,  0.42498489E+01,  0.25331999E+02, -0.11976790E+01,  0.37893767E+00, -0.37734915E+00, -0.20647140E+01
     771.,  0.51873489E+01,  0.25331999E+02, -0.11976790E+01,  0.32267793E+00, -0.32126881E+00, -0.17498134E+01
     772.,  0.61248489E+01,  0.25331999E+02, -0.11976790E+01,  0.26736361E+00, -0.25815199E+00, -0.14358015E+01
     773.,  0.70623489E+01,  0.25331999E+02, -0.11976790E+01,  0.20428318E+00, -0.18616894E+00, -0.11183166E+01
     774.,  0.79998489E+01,  0.25331999E+02, -0.11976790E+01,  0.14395270E+00, -0.11263391E+00, -0.80356058E+00
     775.,  0.89373489E+01,  0.25331999E+02, -0.11976790E+01,  0.90404462E-01, -0.41940966E-01, -0.48919939E+00
     776.,  0.98748489E+01,  0.25331999E+02, -0.11976790E+01,  0.44700752E-01, -0.40897092E-07, -0.17852675E+00
     777.,  0.10812349E+02,  0.25331999E+02, -0.11976790E+01, -0.78294735E-02, -0.42614734E-07,  0.13088357E+00
     778.,  0.11749849E+02,  0.25331999E+02, -0.11976790E+01, -0.60359699E-01, -0.44332362E-07,  0.44029389E+00
     779.,  0.12687349E+02,  0.25331999E+02, -0.11976790E+01, -0.10334284E+00, -0.11910646E+00,  0.74208237E+00
     780.,  0.13624849E+02,  0.25331999E+02, -0.11976790E+01, -0.15364993E+00, -0.21769012E+00,  0.10289757E+01
     781.,  0.14562349E+02,  0.25331999E+02, -0.11976790E+01, -0.20945743E+00, -0.27711450E+00,  0.13203105E+01
     782.,  0.15499849E+02,  0.25331999E+02, -0.11976790E+01, -0.26633623E+00, -0.36575990E+00,  0.16146152E+01
     783.,  0.16437349E+02,  0.25331999E+02, -0.11976790E+01, -0.31983625E+00, -0.44197354E+00,  0.19196154E+01
     784.,  0.17374849E+02,  0.25331999E+02, -0.11976790E+01, -0.37155781E+00, -0.51743372E+00,  0.22190676E+01
     785.,  0.18312349E+02,  0.25331999E+02, -0.11976790E+01, -0.42315620E+00, -0.59096791E+00,  0.25171388E+01
     786.,  0.18312349E+02,  0.24399186E+02, -0.11976790E+01, -0.33506133E+00, -0.46379097E+00,  0.20547518E+01
     787.,  0.18312349E+02,  0.23466374E+02, -0.11976790E+01, -0.24144688E+00, -0.32726883E+00,  0.15778728E+01
     788.,  0.18312349E+02,  0.22533562E+02, -0.11976790E+01, -0.14954208E+00, -0.19337304E+00,  0.11043634E+01
     789.,  0.18312349E+02,  0.21600749E+02, -0.11976790E+01, -0.68346804E-01, -0.77144119E-01,  0.65718174E+00
     790.,  0.18312349E+02,  0.20667936E+02, -0.11976790E+01, -0.17990291E-01, -0.11425022E-01,  0.30036716E+00
     791.,  0.18312349E+02,  0.19735124E+02, -0.11976790E+01, -0.29341595E-02,  0.18367897E-02,  0.10374389E+00
     792.,  0.18312349E+02,  0.18802311E+02, -0.11976790E+01, -0.64724076E-03,  0.16387007E-02,  0.34629933E-01
     793.,  0.18312349E+02,  0.17869499E+02, -0.11976790E+01, -0.42024089E-03,  0.14669426E-02,  0.13008470E-01
     794.,  0.18312349E+02,  0.16936686E+02, -0.11976790E+01, -0.39540200E-03,  0.13630678E-02,  0.47628413E-02
     795.,  0.18312349E+02,  0.16003874E+02, -0.11976790E+01, -0.43039916E-03,  0.13082926E-02,  0.13886825E-02
     796.,  0.18312349E+02,  0.15071061E+02, -0.11976790E+01, -0.45835662E-03,  0.12639817E-02,  0.12158025E-03
     797.,  0.18312349E+02,  0.14138249E+02, -0.11976790E+01, -0.48698948E-03,  0.12286651E-02, -0.34933334E-03
     798.,  0.18312349E+02,  0.13205437E+02, -0.11976790E+01, -0.51721328E-03,  0.12033985E-02, -0.52976175E-03
     799.,  0.18312349E+02,  0.12272624E+02, -0.11976790E+01, -0.54525493E-03,  0.11910261E-02, -0.60934175E-03
     800.,  0.18312349E+02,  0.11339811E+02, -0.11976790E+01, -0.56399804E-03,  0.11888375E-02, -0.65557043E-03
     801.,  0.18312349E+02,  0.10406999E+02, -0.11976790E+01, -0.57467935E-03,  0.11893495E-02, -0.69242371E-03
     802.,  0.17374849E+02,  0.10406999E+02, -0.11976790E+01, -0.57414904E-03,  0.11971612E-02, -0.49171288E-03
     803.,  0.16437349E+02,  0.10406999E+02, -0.11976790E+01, -0.57669781E-03,  0.11961327E-02, -0.29964606E-03
     804.,  0.15499849E+02,  0.10406999E+02, -0.11976790E+01, -0.59253180E-03,  0.11834933E-02, -0.12984357E-03
     805.,  0.14562349E+02,  0.10406999E+02, -0.11976790E+01, -0.63196633E-03,  0.11671706E-02,  0.17346041E-05
     806.,  0.13624849E+02,  0.10406999E+02, -0.11976790E+01, -0.70324702E-03,  0.11613151E-02,  0.87895279E-04
     807.,  0.12687349E+02,  0.10406999E+02, -0.11976790E+01, -0.81085019E-03,  0.11855908E-02,  0.13605195E-03
     808.,  0.11749849E+02,  0.10406999E+02, -0.11976790E+01, -0.95271701E-03,  0.12623484E-02,  0.16427611E-03
     809.,  0.10812349E+02,  0.10406999E+02, -0.11976790E+01, -0.11186556E-02,  0.14111139E-02,  0.19476035E-03
     810.,  0.98748489E+01,  0.10406999E+02, -0.11976790E+01, -0.12916512E-02,  0.16421248E-02,  0.25143888E-03
     811.,  0.89373489E+01,  0.10406999E+02, -0.11976790E+01, -0.14524115E-02,  0.19523364E-02,  0.35727170E-03
     812.,  0.79998489E+01,  0.10406999E+02, -0.11976790E+01, -0.15849573E-02,  0.23264758E-02,  0.52273594E-03
     813.,  0.70623489E+01,  0.10406999E+02, -0.11976790E+01, -0.16802776E-02,  0.27421076E-02,  0.72672242E-03
     814.,  0.61248489E+01,  0.10406999E+02, -0.11976790E+01, -0.17370910E-02,  0.31753890E-02,  0.90736557E-03
     815.,  0.51873489E+01,  0.10406999E+02, -0.11976790E+01, -0.17610559E-02,  0.36052208E-02,  0.98583733E-03
     816.,  0.42498489E+01,  0.10406999E+02, -0.11976790E+01, -0.17647549E-02,  0.40171869E-02,  0.92001707E-03
     817.,  0.33123489E+01,  0.10406999E+02, -0.11976790E+01, -0.17637557E-02,  0.44148729E-02,  0.75023074E-03
     818.,  0.33123489E+01,  0.11339811E+02, -0.11976790E+01, -0.13726797E-02,  0.44137434E-02,  0.28663616E-03
     819.,  0.33123489E+01,  0.12272624E+02, -0.11976790E+01, -0.99556724E-03,  0.44167689E-02, -0.29291466E-03
     820.,  0.33123489E+01,  0.13205437E+02, -0.11976790E+01, -0.63688409E-03,  0.44376500E-02, -0.11553438E-02
     821.,  0.33123489E+01,  0.14138249E+02, -0.11976790E+01, -0.28742200E-03,  0.44871903E-02, -0.26123854E-02
     822.,  0.33123489E+01,  0.15071061E+02, -0.11976790E+01,  0.65721651E-04,  0.45729107E-02, -0.53392835E-02
     823.,  0.33123489E+01,  0.16003874E+02, -0.11976790E+01,  0.44386437E-03,  0.47115125E-02, -0.10735877E-01
     824.,  0.33123489E+01,  0.16936686E+02, -0.11976790E+01,  0.97450604E-03,  0.49333017E-02, -0.21859208E-01
     825.,  0.33123489E+01,  0.17869499E+02, -0.11976790E+01,  0.19714579E-02,  0.54665424E-02, -0.49241973E-01
     826.,  0.33123489E+01,  0.18802311E+02, -0.11976790E+01,  0.59215119E-02,  0.60735959E-02, -0.12304107E+00
     827.,  0.33123489E+01,  0.19735124E+02, -0.11976790E+01,  0.23014440E-01, -0.24587758E-02, -0.29246277E+00
     828.,  0.33123489E+01,  0.20667936E+02, -0.11976790E+01,  0.71106696E-01, -0.44316611E-01, -0.58517659E+00
     829.,  0.33123489E+01,  0.21600749E+02, -0.11976790E+01,  0.15066898E+00, -0.12592206E+00, -0.96164471E+00
     830.,  0.33123489E+01,  0.22533562E+02, -0.11976790E+01,  0.24080321E+00, -0.22201102E+00, -0.13640319E+01
     831.,  0.33123489E+01,  0.23466374E+02, -0.11976790E+01,  0.33112051E+00, -0.31890739E+00, -0.17679491E+01
     832.,  0.33123489E+01,  0.24399186E+02, -0.11976790E+01,  0.41901880E+00, -0.41214986E+00, -0.21665638E+01
     833.,  0.33123489E+01,  0.25331999E+02, -0.19237207E+01,  0.67230751E+00, -0.33254147E+00, -0.23339346E+01
     834.,  0.42498489E+01,  0.25331999E+02, -0.19237207E+01,  0.61576672E+00, -0.27716858E+00, -0.20179985E+01
     835.,  0.51873489E+01,  0.25331999E+02, -0.19237207E+01,  0.55971415E+00, -0.21869217E+00, -0.17028614E+01
     836.,  0.61248489E+01,  0.25331999E+02, -0.19237207E+01,  0.49604477E+00, -0.10297674E+00, -0.13799059E+01
     837.,  0.70623489E+01,  0.25331999E+02, -0.19237207E+01,  0.44191253E+00, -0.30383021E-07, -0.10660760E+01
     838.,  0.79998489E+01,  0.25331999E+02, -0.19237207E+01,  0.38938231E+00, -0.32100654E-07, -0.75666566E+00
     839.,  0.89373489E+01,  0.25331999E+02, -0.19237207E+01,  0.33685208E+00, -0.33818298E-07, -0.44725534E+00
     840.,  0.98748489E+01,  0.25331999E+02, -0.19237207E+01,  0.28432186E+00, -0.35535935E-07, -0.13784501E+00
     841.,  0.10812349E+02,  0.25331999E+02, -0.19237207E+01,  0.23179163E+00, -0.37253594E-07,  0.17156531E+00
     842.,  0.11749849E+02,  0.25331999E+02, -0.19237207E+01,  0.17926141E+00, -0.38971219E-07,  0.48097563E+00
     843.,  0.12687349E+02,  0.25331999E+02, -0.19237207E+01,  0.12673118E+00, -0.40688839E-07,  0.79038595E+00
     844.,  0.13624849E+02,  0.25331999E+02, -0.19237207E+01,  0.74200956E-01, -0.42406489E-07,  0.10997963E+01
     845.,  0.14562349E+02,  0.25331999E+02, -0.19237207E+01,  0.21670731E-01, -0.44124128E-07,  0.14092066E+01
     846.,  0.15499849E+02,  0.25331999E+02, -0.19237207E+01, -0.29452952E-01, -0.90903014E-01,  0.17142811E+01
     847.,  0.16437349E+02,  0.25331999E+02, -0.19237207E+01, -0.82248093E-01, -0.18657826E+00,  0.20095021E+01
     848.,  0.17374849E+02,  0.25331999E+02, -0.19237207E+01, -0.13600335E+00, -0.24620474E+00,  0.23142119E+01
     849.,  0.18312349E+02,  0.25331999E+02, -0.19237207E+01, -0.18931036E+00, -0.29845663E+00,  0.26208603E+01
     850.,  0.33123489E+01,  0.25331999E+02, -0.26497623E+01,  0.89712517E+00, -0.13448624E+00, -0.22696400E+01
     851.,  0.42498489E+01,  0.25331999E+02, -0.26497623E+01,  0.84290244E+00, -0.10027653E+00, -0.19588440E+01
     852.,  0.51873489E+01,  0.25331999E+02, -0.26497623E+01,  0.78817145E+00, -0.57809574E-01, -0.16464531E+01
     853.,  0.61248489E+01,  0.25331999E+02, -0.26497623E+01,  0.73406386E+00, -0.23304233E-07, -0.13348046E+01
     854.,  0.70623489E+01,  0.25331999E+02, -0.26497623E+01,  0.68153364E+00, -0.25021878E-07, -0.10253942E+01
     855.,  0.79998489E+01,  0.25331999E+02, -0.26497623E+01,  0.62900341E+00, -0.26739502E-07, -0.71598392E+00
     856.,  0.89373489E+01,  0.25331999E+02, -0.26497623E+01,  0.57647319E+00, -0.28457146E-07, -0.40657360E+00
     857.,  0.98748489E+01,  0.25331999E+02, -0.26497623E+01,  0.52394296E+00, -0.30174791E-07, -0.97163273E-01
     858.,  0.10812349E+02,  0.25331999E+02, -0.26497623E+01,  0.47141274E+00, -0.31892422E-07,  0.21224705E+00
     859.,  0.11749849E+02,  0.25331999E+02, -0.26497623E+01,  0.41888251E+00, -0.33610058E-07,  0.52165737E+00
     860.,  0.12687349E+02,  0.25331999E+02, -0.26497623E+01,  0.36635229E+00, -0.35327705E-07,  0.83106769E+00
     861.,  0.13624849E+02,  0.25331999E+02, -0.26497623E+01,  0.31382206E+00, -0.37045334E-07,  0.11404780E+01
     862.,  0.14562349E+02,  0.25331999E+02, -0.26497623E+01,  0.26129184E+00, -0.38762964E-07,  0.14498883E+01
     863.,  0.15499849E+02,  0.25331999E+02, -0.26497623E+01,  0.20876161E+00, -0.40480613E-07,  0.17592987E+01
     864.,  0.16437349E+02,  0.25331999E+02, -0.26497623E+01,  0.15658694E+00, -0.43966703E-01,  0.20665752E+01
     865.,  0.17374849E+02,  0.25331999E+02, -0.26497623E+01,  0.10404202E+00, -0.94059194E-01,  0.23727704E+01
     866.,  0.18312349E+02,  0.25331999E+02, -0.26497623E+01,  0.50221160E-01, -0.11786218E+00,  0.26838801E+01
     867.,  0.33123489E+01,  0.25331999E+02, -0.33758040E+01,  0.11311934E+01, -0.17376730E-01, -0.22216812E+01
     868.,  0.42498489E+01,  0.25331999E+02, -0.33758040E+01,  0.10787454E+01, -0.14507808E-07, -0.19129435E+01
     869.,  0.51873489E+01,  0.25331999E+02, -0.33758040E+01,  0.10262152E+01, -0.16225455E-07, -0.16035331E+01
     870.,  0.61248489E+01,  0.25331999E+02, -0.33758040E+01,  0.97368497E+00, -0.17943082E-07, -0.12941228E+01
     871.,  0.70623489E+01,  0.25331999E+02, -0.33758040E+01,  0.92115474E+00, -0.19660719E-07, -0.98471250E+00
     872.,  0.79998489E+01,  0.25331999E+02, -0.33758040E+01,  0.86862452E+00, -0.21378358E-07, -0.67530218E+00
     873.,  0.89373489E+01,  0.25331999E+02, -0.33758040E+01,  0.81609429E+00, -0.23095987E-07, -0.36589185E+00
     874.,  0.98748489E+01,  0.25331999E+02, -0.33758040E+01,  0.76356407E+00, -0.24813632E-07, -0.56481532E-01
     875.,  0.10812349E+02,  0.25331999E+02, -0.33758040E+01,  0.71103384E+00, -0.26531263E-07,  0.25292879E+00
     876.,  0.11749849E+02,  0.25331999E+02, -0.33758040E+01,  0.65850362E+00, -0.28248893E-07,  0.56233911E+00
     877.,  0.12687349E+02,  0.25331999E+02, -0.33758040E+01,  0.60597339E+00, -0.29966537E-07,  0.87174944E+00
     878.,  0.13624849E+02,  0.25331999E+02, -0.33758040E+01,  0.55344317E+00, -0.31684188E-07,  0.11811598E+01
     879.,  0.14562349E+02,  0.25331999E+02, -0.33758040E+01,  0.50091294E+00, -0.33401814E-07,  0.14905701E+01
     880.,  0.15499849E+02,  0.25331999E+02, -0.33758040E+01,  0.44838272E+00, -0.35119450E-07,  0.17999804E+01
     881.,  0.16437349E+02,  0.25331999E+02, -0.33758040E+01,  0.39585249E+00, -0.36837086E-07,  0.21093907E+01
     882.,  0.17374849E+02,  0.25331999E+02, -0.33758040E+01,  0.34363056E+00, -0.21310275E-01,  0.24181920E+01
     883.,  0.18312349E+02,  0.25331999E+02, -0.33758040E+01,  0.29066710E+00, -0.31182951E-01,  0.27281449E+01
     884.,  0.33123489E+01,  0.25331999E+02, -0.41018457E+01,  0.13708582E+01,  0.18063146E-02, -0.21815354E+01
     885.,  0.42498489E+01,  0.25331999E+02, -0.41018457E+01,  0.13183665E+01, -0.91466528E-08, -0.18722617E+01
     886.,  0.51873489E+01,  0.25331999E+02, -0.41018457E+01,  0.12658363E+01, -0.10864292E-07, -0.15628514E+01
     887.,  0.61248489E+01,  0.25331999E+02, -0.41018457E+01,  0.12133061E+01, -0.12581922E-07, -0.12534411E+01
     888.,  0.70623489E+01,  0.25331999E+02, -0.41018457E+01,  0.11607758E+01, -0.14299569E-07, -0.94403076E+00
     889.,  0.79998489E+01,  0.25331999E+02, -0.41018457E+01,  0.11082456E+01, -0.16017204E-07, -0.63462044E+00
     890.,  0.89373489E+01,  0.25331999E+02, -0.41018457E+01,  0.10557154E+01, -0.17734842E-07, -0.32521011E+00
     891.,  0.98748489E+01,  0.25331999E+02, -0.41018457E+01,  0.10031852E+01, -0.19452474E-07, -0.15799791E-01
     892.,  0.10812349E+02,  0.25331999E+02, -0.41018457E+01,  0.95065495E+00, -0.21170112E-07,  0.29361053E+00
     893.,  0.11749849E+02,  0.25331999E+02, -0.41018457E+01,  0.89812472E+00, -0.22887751E-07,  0.60302085E+00
     894.,  0.12687349E+02,  0.25331999E+02, -0.41018457E+01,  0.84559450E+00, -0.24605393E-07,  0.91243118E+00
     895.,  0.13624849E+02,  0.25331999E+02, -0.41018457E+01,  0.79306427E+00, -0.26323027E-07,  0.12218415E+01
     896.,  0.14562349E+02,  0.25331999E+02, -0.41018457E+01,  0.74053405E+00, -0.28040660E-07,  0.15312518E+01
     897.,  0.15499849E+02,  0.25331999E+02, -0.41018457E+01,  0.68800382E+00, -0.29758301E-07,  0.18406621E+01
     898.,  0.16437349E+02,  0.25331999E+02, -0.41018457E+01,  0.63547360E+00, -0.31475932E-07,  0.21500725E+01
     899.,  0.17374849E+02,  0.25331999E+02, -0.41018457E+01,  0.58294337E+00, -0.33193556E-07,  0.24594828E+01
     900.,  0.18312349E+02,  0.25331999E+02, -0.41018457E+01,  0.53050730E+00, -0.35466587E-02,  0.27689029E+01
     901.,  0.33123489E+01,  0.25331999E+02, -0.48278873E+01,  0.16105179E+01, -0.20678610E-08, -0.21409903E+01
     902.,  0.42498489E+01,  0.25331999E+02, -0.48278873E+01,  0.15579876E+01, -0.37855091E-08, -0.18315800E+01
     903.,  0.51873489E+01,  0.25331999E+02, -0.48278873E+01,  0.15054574E+01, -0.55031337E-08, -0.15221697E+01
     904.,  0.61248489E+01,  0.25331999E+02, -0.48278873E+01,  0.14529272E+01, -0.72207750E-08, -0.12127593E+01
     905.,  0.70623489E+01,  0.25331999E+02, -0.48278873E+01,  0.14003970E+01, -0.89384049E-08, -0.90334902E+00
     906.,  0.79998489E+01,  0.25331999E+02, -0.48278873E+01,  0.13478667E+01, -0.10656047E-07, -0.59393869E+00
     907.,  0.89373489E+01,  0.25331999E+02, -0.48278873E+01,  0.12953365E+01, -0.12373687E-07, -0.28452837E+00
     908.,  0.98748489E+01,  0.25331999E+02, -0.48278873E+01,  0.12428063E+01, -0.14091315E-07,  0.24881950E-01
     909.,  0.10812349E+02,  0.25331999E+02, -0.48278873E+01,  0.11902761E+01, -0.15808962E-07,  0.33429227E+00
     910.,  0.11749849E+02,  0.25331999E+02, -0.48278873E+01,  0.11377458E+01, -0.17526598E-07,  0.64370260E+00
     911.,  0.12687349E+02,  0.25331999E+02, -0.48278873E+01,  0.10852156E+01, -0.19244229E-07,  0.95311292E+00
     912.,  0.13624849E+02,  0.25331999E+02, -0.48278873E+01,  0.10326854E+01, -0.20961877E-07,  0.12625232E+01
     913.,  0.14562349E+02,  0.25331999E+02, -0.48278873E+01,  0.98015515E+00, -0.22679507E-07,  0.15719336E+01
     914.,  0.15499849E+02,  0.25331999E+02, -0.48278873E+01,  0.92762493E+00, -0.24397145E-07,  0.18813439E+01
     915.,  0.16437349E+02,  0.25331999E+02, -0.48278873E+01,  0.87509470E+00, -0.26114780E-07,  0.21907542E+01
     916.,  0.17374849E+02,  0.25331999E+02, -0.48278873E+01,  0.82256448E+00, -0.27832416E-07,  0.25001645E+01
     917.,  0.18312349E+02,  0.25331999E+02, -0.48278873E+01,  0.77003425E+00, -0.29550049E-07,  0.28095749E+01
     918.,  0.33123489E+01,  0.25331999E+02, -0.55539290E+01,  0.18501390E+01,  0.32932991E-08, -0.21003086E+01
     919.,  0.42498489E+01,  0.25331999E+02, -0.55539290E+01,  0.17976087E+01,  0.15756584E-08, -0.17908982E+01
     920.,  0.51873489E+01,  0.25331999E+02, -0.55539290E+01,  0.17450785E+01, -0.14198208E-09, -0.14814879E+01
     921.,  0.61248489E+01,  0.25331999E+02, -0.55539290E+01,  0.16925483E+01, -0.18596199E-08, -0.11720776E+01
     922.,  0.70623489E+01,  0.25331999E+02, -0.55539290E+01,  0.16400181E+01, -0.35772594E-08, -0.86266728E+00
     923.,  0.79998489E+01,  0.25331999E+02, -0.55539290E+01,  0.15874878E+01, -0.52948917E-08, -0.55325695E+00
     924.,  0.89373489E+01,  0.25331999E+02, -0.55539290E+01,  0.15349576E+01, -0.70125215E-08, -0.24384663E+00
     925.,  0.98748489E+01,  0.25331999E+02, -0.55539290E+01,  0.14824274E+01, -0.87301728E-08,  0.65563692E-01
     926.,  0.10812349E+02,  0.25331999E+02, -0.55539290E+01,  0.14298972E+01, -0.10447797E-07,  0.37497401E+00
     927.,  0.11749849E+02,  0.25331999E+02, -0.55539290E+01,  0.13773669E+01, -0.12165436E-07,  0.68438434E+00
     928.,  0.12687349E+02,  0.25331999E+02, -0.55539290E+01,  0.13248367E+01, -0.13883077E-07,  0.99379466E+00
     929.,  0.13624849E+02,  0.25331999E+02, -0.55539290E+01,  0.12723065E+01, -0.15600715E-07,  0.13032050E+01
     930.,  0.14562349E+02,  0.25331999E+02, -0.55539290E+01,  0.12197763E+01, -0.17318356E-07,  0.16126153E+01
     931.,  0.15499849E+02,  0.25331999E+02, -0.55539290E+01,  0.11672460E+01, -0.19035996E-07,  0.19220256E+01
     932.,  0.16437349E+02,  0.25331999E+02, -0.55539290E+01,  0.11147158E+01, -0.20753628E-07,  0.22314359E+01
     933.,  0.17374849E+02,  0.25331999E+02, -0.55539290E+01,  0.10621856E+01, -0.22471260E-07,  0.25408463E+01
     934.,  0.18312349E+02,  0.25331999E+02, -0.55539290E+01,  0.10096554E+01, -0.24188905E-07,  0.28502566E+01
     935.,  0.33123489E+01,  0.25331999E+02, -0.62799707E+01,  0.20897601E+01,  0.86544564E-08, -0.20596268E+01
     936.,  0.42498489E+01,  0.25331999E+02, -0.62799707E+01,  0.20372298E+01,  0.69368090E-08, -0.17502165E+01
     937.,  0.51873489E+01,  0.25331999E+02, -0.62799707E+01,  0.19846996E+01,  0.52191713E-08, -0.14408062E+01
     938.,  0.61248489E+01,  0.25331999E+02, -0.62799707E+01,  0.19321694E+01,  0.35015306E-08, -0.11313959E+01
     939.,  0.70623489E+01,  0.25331999E+02, -0.62799707E+01,  0.18796392E+01,  0.17839050E-08, -0.82198553E+00
     940.,  0.79998489E+01,  0.25331999E+02, -0.62799707E+01,  0.18271089E+01,  0.66268556E-10, -0.51257521E+00
     941.,  0.89373489E+01,  0.25331999E+02, -0.62799707E+01,  0.17745787E+01, -0.16513772E-08, -0.20316489E+00
     942.,  0.98748489E+01,  0.25331999E+02, -0.62799707E+01,  0.17220485E+01, -0.33690153E-08,  0.10624543E+00
     943.,  0.10812349E+02,  0.25331999E+02, -0.62799707E+01,  0.16695183E+01, -0.50866362E-08,  0.41565576E+00
     944.,  0.11749849E+02,  0.25331999E+02, -0.62799707E+01,  0.16169880E+01, -0.68042878E-08,  0.72506608E+00
     945.,  0.12687349E+02,  0.25331999E+02, -0.62799707E+01,  0.15644578E+01, -0.85219299E-08,  0.10344764E+01
     946.,  0.13624849E+02,  0.25331999E+02, -0.62799707E+01,  0.15119276E+01, -0.10239562E-07,  0.13438867E+01
     947.,  0.14562349E+02,  0.25331999E+02, -0.62799707E+01,  0.14593974E+01, -0.11957197E-07,  0.16532970E+01
     948.,  0.15499849E+02,  0.25331999E+02, -0.62799707E+01,  0.14068671E+01, -0.13674838E-07,  0.19627074E+01
     949.,  0.16437349E+02,  0.25331999E+02, -0.62799707E+01,  0.13543369E+01, -0.15392459E-07,  0.22721177E+01
     950.,  0.17374849E+02,  0.25331999E+02, -0.62799707E+01,  0.13018067E+01, -0.17110109E-07,  0.25815280E+01
     951.,  0.18312349E+02,  0.25331999E+02, -0.62799707E+01,  0.12492765E+01, -0.18827751E-07,  0.28909383E+01
     952.,  0.33123489E+01,  0.25331999E+02, -0.70060123E+01,  0.23293812E+01,  0.14015606E-07, -0.20189451E+01
     953.,  0.42498489E+01,  0.25331999E+02, -0.70060123E+01,  0.22768509E+01,  0.12297969E-07, -0.17095348E+01
     954.,  0.51873489E+01,  0.25331999E+02, -0.70060123E+01,  0.22243207E+01,  0.10580316E-07, -0.14001244E+01
     955.,  0.61248489E+01,  0.25331999E+02, -0.70060123E+01,  0.21717905E+01,  0.88626920E-08, -0.10907141E+01
     956.,  0.70623489E+01,  0.25331999E+02, -0.70060123E+01,  0.21192603E+01,  0.71450583E-08, -0.78130379E+00
     957.,  0.79998489E+01,  0.25331999E+02, -0.70060123E+01,  0.20667300E+01,  0.54274142E-08, -0.47189347E+00
     958.,  0.89373489E+01,  0.25331999E+02, -0.70060123E+01,  0.20141998E+01,  0.37097718E-08, -0.16248315E+00
     959.,  0.98748489E+01,  0.25331999E+02, -0.70060123E+01,  0.19616696E+01,  0.19921475E-08,  0.14692717E+00
     960.,  0.10812349E+02,  0.25331999E+02, -0.70060123E+01,  0.19091394E+01,  0.27450608E-09,  0.45633750E+00
     961.,  0.11749849E+02,  0.25331999E+02, -0.70060123E+01,  0.18566091E+01, -0.14431294E-08,  0.76574782E+00
     962.,  0.12687349E+02,  0.25331999E+02, -0.70060123E+01,  0.18040789E+01, -0.31607619E-08,  0.10751581E+01
     963.,  0.13624849E+02,  0.25331999E+02, -0.70060123E+01,  0.17515487E+01, -0.48784057E-08,  0.13845685E+01
     964.,  0.14562349E+02,  0.25331999E+02, -0.70060123E+01,  0.16990185E+01, -0.65960389E-08,  0.16939788E+01
     965.,  0.15499849E+02,  0.25331999E+02, -0.70060123E+01,  0.16464882E+01, -0.83136772E-08,  0.20033891E+01
     966.,  0.16437349E+02,  0.25331999E+02, -0.70060123E+01,  0.15939580E+01, -0.10031311E-07,  0.23127994E+01
     967.,  0.17374849E+02,  0.25331999E+02, -0.70060123E+01,  0.15414278E+01, -0.11748950E-07,  0.26222098E+01
     968.,  0.18312349E+02,  0.25331999E+02, -0.70060123E+01,  0.14888976E+01, -0.13466588E-07,  0.29316201E+01
     969.,  0.33123489E+01,  0.25331999E+02, -0.77320540E+01,  0.25690023E+01,  0.19376767E-07, -0.19782633E+01
     970.,  0.42498489E+01,  0.25331999E+02, -0.77320540E+01,  0.25164721E+01,  0.17659115E-07, -0.16688530E+01
     971.,  0.51873489E+01,  0.25331999E+02, -0.77320540E+01,  0.24639418E+01,  0.15941482E-07, -0.13594427E+01
     972.,  0.61248489E+01,  0.25331999E+02, -0.77320540E+01,  0.24114116E+01,  0.14223843E-07, -0.10500324E+01
     973.,  0.70623489E+01,  0.25331999E+02, -0.77320540E+01,  0.23588814E+01,  0.12506208E-07, -0.74062205E+00
     974.,  0.79998489E+01,  0.25331999E+02, -0.77320540E+01,  0.23063511E+01,  0.10788578E-07, -0.43121173E+00
     975.,  0.89373489E+01,  0.25331999E+02, -0.77320540E+01,  0.22538209E+01,  0.90709395E-08, -0.12180141E+00
     976.,  0.98748489E+01,  0.25331999E+02, -0.77320540E+01,  0.22012907E+01,  0.73533001E-08,  0.18760891E+00
     977.,  0.10812349E+02,  0.25331999E+02, -0.77320540E+01,  0.21487605E+01,  0.56356598E-08,  0.49701924E+00
     978.,  0.11749849E+02,  0.25331999E+02, -0.77320540E+01,  0.20962302E+01,  0.39180297E-08,  0.80642956E+00
     979.,  0.12687349E+02,  0.25331999E+02, -0.77320540E+01,  0.20437000E+01,  0.22003935E-08,  0.11158399E+01
     980.,  0.13624849E+02,  0.25331999E+02, -0.77320540E+01,  0.19911698E+01,  0.48274259E-09,  0.14252502E+01
     981.,  0.14562349E+02,  0.25331999E+02, -0.77320540E+01,  0.19386396E+01, -0.12348846E-08,  0.17346605E+01
     982.,  0.15499849E+02,  0.25331999E+02, -0.77320540E+01,  0.18861093E+01, -0.29525161E-08,  0.20440708E+01
     983.,  0.16437349E+02,  0.25331999E+02, -0.77320540E+01,  0.18335791E+01, -0.46701587E-08,  0.23534812E+01
     984.,  0.17374849E+02,  0.25331999E+02, -0.77320540E+01,  0.17810489E+01, -0.63877998E-08,  0.26628915E+01
     985.,  0.18312349E+02,  0.25331999E+02, -0.77320540E+01,  0.17285187E+01, -0.81054368E-08,  0.29723018E+01
     986.,  0.33123489E+01,  0.25331999E+02, -0.84580957E+01,  0.28086234E+01,  0.24737917E-07, -0.19375816E+01
     987.,  0.42498489E+01,  0.25331999E+02, -0.84580957E+01,  0.27560932E+01,  0.23020272E-07, -0.16281713E+01
     988.,  0.51873489E+01,  0.25331999E+02, -0.84580957E+01,  0.27035629E+01,  0.21302641E-07, -0.13187610E+01
     989.,  0.61248489E+01,  0.25331999E+02, -0.84580957E+01,  0.26510327E+01,  0.19585015E-07, -0.10093506E+01
     990.,  0.70623489E+01,  0.25331999E+02, -0.84580957E+01,  0.25985025E+01,  0.17867367E-07, -0.69994031E+00
     991.,  0.79998489E+01,  0.25331999E+02, -0.84580957E+01,  0.25459723E+01,  0.16149728E-07, -0.39052999E+00
     992.,  0.89373489E+01,  0.25331999E+02, -0.84580957E+01,  0.24934420E+01,  0.14432090E-07, -0.81119667E-01
     993.,  0.98748489E+01,  0.25331999E+02, -0.84580957E+01,  0.24409118E+01,  0.12714458E-07,  0.22829066E+00
     994.,  0.10812349E+02,  0.25331999E+02, -0.84580957E+01,  0.23883816E+01,  0.10996826E-07,  0.53770098E+00
     995.,  0.11749849E+02,  0.25331999E+02, -0.84580957E+01,  0.23358514E+01,  0.92791957E-08,  0.84711130E+00
     996.,  0.12687349E+02,  0.25331999E+02, -0.84580957E+01,  0.22833211E+01,  0.75615489E-08,  0.11565216E+01
     997.,  0.13624849E+02,  0.25331999E+02, -0.84580957E+01,  0.22307909E+01,  0.58439046E-08,  0.14659319E+01
     998.,  0.14562349E+02,  0.25331999E+02, -0.84580957E+01,  0.21782607E+01,  0.41262782E-08,  0.17753423E+01
     999.,  0.15499849E+02,  0.25331999E+02, -0.84580957E+01,  0.21257305E+01,  0.24086414E-08,  0.20847526E+01
    1000.,  0.16437349E+02,  0.25331999E+02, -0.84580957E+01,  0.20732002E+01,  0.69100224E-09,  0.23941629E+01
    1001.,  0.17374849E+02,  0.25331999E+02, -0.84580957E+01,  0.20206700E+01, -0.10266360E-08,  0.27035732E+01
    1002.,  0.18312349E+02,  0.25331999E+02, -0.84580957E+01,  0.19681398E+01, -0.27442783E-08,  0.30129836E+01
    1003.,  0.33123489E+01,  0.25331999E+02, -0.91841373E+01,  0.30482445E+01,  0.30099082E-07, -0.18968999E+01
    1004.,  0.42498489E+01,  0.25331999E+02, -0.91841373E+01,  0.29957143E+01,  0.28381426E-07, -0.15874895E+01
    1005.,  0.51873489E+01,  0.25331999E+02, -0.91841373E+01,  0.29431840E+01,  0.26663793E-07, -0.12780792E+01
    1006.,  0.61248489E+01,  0.25331999E+02, -0.91841373E+01,  0.28906538E+01,  0.24946167E-07, -0.96866889E+00
    1007.,  0.70623489E+01,  0.25331999E+02, -0.91841373E+01,  0.28381236E+01,  0.23228518E-07, -0.65925857E+00
    1008.,  0.79998489E+01,  0.25331999E+02, -0.91841373E+01,  0.27855934E+01,  0.21510893E-07, -0.34984825E+00
    1009.,  0.89373489E+01,  0.25331999E+02, -0.91841373E+01,  0.27330631E+01,  0.19793243E-07, -0.40437926E-01
    1010.,  0.98748489E+01,  0.25331999E+02, -0.91841373E+01,  0.26805329E+01,  0.18075611E-07,  0.26897240E+00
    1011.,  0.10812349E+02,  0.25331999E+02, -0.91841373E+01,  0.26280027E+01,  0.16357976E-07,  0.57838272E+00
    1012.,  0.11749849E+02,  0.25331999E+02, -0.91841373E+01,  0.25754725E+01,  0.14640341E-07,  0.88779304E+00
    1013.,  0.12687349E+02,  0.25331999E+02, -0.91841373E+01,  0.25229422E+01,  0.12922695E-07,  0.11972034E+01
    1014.,  0.13624849E+02,  0.25331999E+02, -0.91841373E+01,  0.24704120E+01,  0.11205069E-07,  0.15066137E+01
    1015.,  0.14562349E+02,  0.25331999E+02, -0.91841373E+01,  0.24178818E+01,  0.94874297E-08,  0.18160240E+01
    1016.,  0.15499849E+02,  0.25331999E+02, -0.91841373E+01,  0.23653516E+01,  0.77697897E-08,  0.21254343E+01
    1017.,  0.16437349E+02,  0.25331999E+02, -0.91841373E+01,  0.23128213E+01,  0.60521585E-08,  0.24348447E+01
    1018.,  0.17374849E+02,  0.25331999E+02, -0.91841373E+01,  0.22602911E+01,  0.43345196E-08,  0.27442550E+01
    1019.,  0.18312349E+02,  0.25331999E+02, -0.91841373E+01,  0.22077609E+01,  0.26168835E-08,  0.30536653E+01
    1020.,  0.33123489E+01,  0.25331999E+02, -0.99101790E+01,  0.32878656E+01,  0.35460227E-07, -0.18562181E+01
    1021.,  0.42498489E+01,  0.25331999E+02, -0.99101790E+01,  0.32353354E+01,  0.33742580E-07, -0.15468078E+01
    1022.,  0.51873489E+01,  0.25331999E+02, -0.99101790E+01,  0.31828051E+01,  0.32024955E-07, -0.12373975E+01
    1023.,  0.61248489E+01,  0.25331999E+02, -0.99101790E+01,  0.31302749E+01,  0.30307310E-07, -0.92798715E+00
    1024.,  0.70623489E+01,  0.25331999E+02, -0.99101790E+01,  0.30777447E+01,  0.28589667E-07, -0.61857683E+00
    1025.,  0.79998489E+01,  0.25331999E+02, -0.99101790E+01,  0.30252145E+01,  0.26872042E-07, -0.30916651E+00
    1026.,  0.89373489E+01,  0.25331999E+02, -0.99101790E+01,  0.29726842E+01,  0.25154394E-07,  0.24381542E-03
    1027.,  0.98748489E+01,  0.25331999E+02, -0.99101790E+01,  0.29201540E+01,  0.23436774E-07,  0.30965414E+00
    1028.,  0.10812349E+02,  0.25331999E+02, -0.99101790E+01,  0.28676238E+01,  0.21719132E-07,  0.61906446E+00
    1029.,  0.11749849E+02,  0.25331999E+02, -0.99101790E+01,  0.28150936E+01,  0.20001498E-07,  0.92847478E+00
    1030.,  0.12687349E+02,  0.25331999E+02, -0.99101790E+01,  0.27625633E+01,  0.18283854E-07,  0.12378851E+01
    1031.,  0.13624849E+02,  0.25331999E+02, -0.99101790E+01,  0.27100331E+01,  0.16566214E-07,  0.15472954E+01
    1032.,  0.14562349E+02,  0.25331999E+02, -0.99101790E+01,  0.26575029E+01,  0.14848580E-07,  0.18567058E+01
    1033.,  0.15499849E+02,  0.25331999E+02, -0.99101790E+01,  0.26049727E+01,  0.13130934E-07,  0.21661161E+01
    1034.,  0.16437349E+02,  0.25331999E+02, -0.99101790E+01,  0.25524424E+01,  0.11413301E-07,  0.24755264E+01
    1035.,  0.17374849E+02,  0.25331999E+02, -0.99101790E+01,  0.24999122E+01,  0.96956718E-08,  0.27849367E+01
    1036.,  0.18312349E+02,  0.25331999E+02, -0.99101790E+01,  0.24473820E+01,  0.79780313E-08,  0.30943470E+01
    1037.,  0.33123489E+01,  0.25331999E+02, -0.10636221E+02,  0.35274867E+01,  0.40821383E-07, -0.18155364E+01
    1038.,  0.42498489E+01,  0.25331999E+02, -0.10636221E+02,  0.34749565E+01,  0.39103739E-07, -0.15061261E+01
    1039.,  0.51873489E+01,  0.25331999E+02, -0.10636221E+02,  0.34224262E+01,  0.37386109E-07, -0.11967157E+01
    1040.,  0.61248489E+01,  0.25331999E+02, -0.10636221E+02,  0.33698960E+01,  0.35668470E-07, -0.88730541E+00
    1041.,  0.70623489E+01,  0.25331999E+02, -0.10636221E+02,  0.33173658E+01,  0.33950833E-07, -0.57789509E+00
    1042.,  0.79998489E+01,  0.25331999E+02, -0.10636221E+02,  0.32648356E+01,  0.32233201E-07, -0.26848477E+00
    1043.,  0.89373489E+01,  0.25331999E+02, -0.10636221E+02,  0.32123053E+01,  0.30515560E-07,  0.40925557E-01
    1044.,  0.98748489E+01,  0.25331999E+02, -0.10636221E+02,  0.31597751E+01,  0.28797917E-07,  0.35033588E+00
    1045.,  0.10812349E+02,  0.25331999E+02, -0.10636221E+02,  0.31072449E+01,  0.27080292E-07,  0.65974620E+00
    1046.,  0.11749849E+02,  0.25331999E+02, -0.10636221E+02,  0.30547147E+01,  0.25362644E-07,  0.96915652E+00
    1047.,  0.12687349E+02,  0.25331999E+02, -0.10636221E+02,  0.30021844E+01,  0.23645020E-07,  0.12785668E+01
    1048.,  0.13624849E+02,  0.25331999E+02, -0.10636221E+02,  0.29496542E+01,  0.21927372E-07,  0.15879772E+01
    1049.,  0.14562349E+02,  0.25331999E+02, -0.10636221E+02,  0.28971240E+01,  0.20209737E-07,  0.18973875E+01
    1050.,  0.15499849E+02,  0.25331999E+02, -0.10636221E+02,  0.28445938E+01,  0.18492099E-07,  0.22067978E+01
    1051.,  0.16437349E+02,  0.25331999E+02, -0.10636221E+02,  0.27920635E+01,  0.16774463E-07,  0.25162081E+01
    1052.,  0.17374849E+02,  0.25331999E+02, -0.10636221E+02,  0.27395333E+01,  0.15056834E-07,  0.28256185E+01
    1053.,  0.18312349E+02,  0.25331999E+02, -0.10636221E+02,  0.26870031E+01,  0.13339184E-07,  0.31350288E+01
    1054.,  0.33123489E+01,  0.25331999E+02, -0.11362262E+02,  0.37671078E+01,  0.46182542E-07, -0.17748546E+01
    1055.,  0.42498489E+01,  0.25331999E+02, -0.11362262E+02,  0.37145776E+01,  0.44464888E-07, -0.14654443E+01
    1056.,  0.51873489E+01,  0.25331999E+02, -0.11362262E+02,  0.36620474E+01,  0.42747263E-07, -0.11560340E+01
    1057.,  0.61248489E+01,  0.25331999E+02, -0.11362262E+02,  0.36095171E+01,  0.41029627E-07, -0.84662367E+00
    1058.,  0.70623489E+01,  0.25331999E+02, -0.11362262E+02,  0.35569869E+01,  0.39311990E-07, -0.53721335E+00
    1059.,  0.79998489E+01,  0.25331999E+02, -0.11362262E+02,  0.35044567E+01,  0.37594356E-07, -0.22780303E+00
    1060.,  0.89373489E+01,  0.25331999E+02, -0.11362262E+02,  0.34519265E+01,  0.35876710E-07,  0.81607297E-01
    1061.,  0.98748489E+01,  0.25331999E+02, -0.11362262E+02,  0.33993962E+01,  0.34159083E-07,  0.39101762E+00
    1062.,  0.10812349E+02,  0.25331999E+02, -0.11362262E+02,  0.33468660E+01,  0.32441432E-07,  0.70042794E+00
    1063.,  0.11749849E+02,  0.25331999E+02, -0.11362262E+02,  0.32943358E+01,  0.30723805E-07,  0.10098383E+01
    1064.,  0.12687349E+02,  0.25331999E+02, -0.11362262E+02,  0.32418055E+01,  0.29006170E-07,  0.13192486E+01
    1065.,  0.13624849E+02,  0.25331999E+02, -0.11362262E+02,  0.31892753E+01,  0.27288527E-07,  0.16286589E+01
    1066.,  0.14562349E+02,  0.25331999E+02, -0.11362262E+02,  0.31367451E+01,  0.25570888E-07,  0.19380692E+01
    1067.,  0.15499849E+02,  0.25331999E+02, -0.11362262E+02,  0.30842149E+01,  0.23853246E-07,  0.22474796E+01
    1068.,  0.16437349E+02,  0.25331999E+02, -0.11362262E+02,  0.30316846E+01,  0.22135618E-07,  0.25568899E+01
    1069.,  0.17374849E+02,  0.25331999E+02, -0.11362262E+02,  0.29791544E+01,  0.20417973E-07,  0.28663002E+01
    1070.,  0.18312349E+02,  0.25331999E+02, -0.11362262E+02,  0.29266242E+01,  0.18700348E-07,  0.31757105E+01
    1071.,  0.33123489E+01,  0.25331999E+02, -0.12088304E+02,  0.40067289E+01,  0.51543696E-07, -0.17341729E+01
    1072.,  0.42498489E+01,  0.25331999E+02, -0.12088304E+02,  0.39541987E+01,  0.49826054E-07, -0.14247626E+01
    1073.,  0.51873489E+01,  0.25331999E+02, -0.12088304E+02,  0.39016685E+01,  0.48108413E-07, -0.11153523E+01
    1074.,  0.61248489E+01,  0.25331999E+02, -0.12088304E+02,  0.38491382E+01,  0.46390781E-07, -0.80594193E+00
    1075.,  0.70623489E+01,  0.25331999E+02, -0.12088304E+02,  0.37966080E+01,  0.44673139E-07, -0.49653161E+00
    1076.,  0.79998489E+01,  0.25331999E+02, -0.12088304E+02,  0.37440778E+01,  0.42955502E-07, -0.18712128E+00
    1077.,  0.89373489E+01,  0.25331999E+02, -0.12088304E+02,  0.36915476E+01,  0.41237871E-07,  0.12228904E+00
    1078.,  0.98748489E+01,  0.25331999E+02, -0.12088304E+02,  0.36390173E+01,  0.39520235E-07,  0.43169936E+00
    1079.,  0.10812349E+02,  0.25331999E+02, -0.12088304E+02,  0.35864871E+01,  0.37802587E-07,  0.74110968E+00
    1080.,  0.11749849E+02,  0.25331999E+02, -0.12088304E+02,  0.35339569E+01,  0.36084965E-07,  0.10505200E+01
    1081.,  0.12687349E+02,  0.25331999E+02, -0.12088304E+02,  0.34814267E+01,  0.34367324E-07,  0.13599303E+01
    1082.,  0.13624849E+02,  0.25331999E+02, -0.12088304E+02,  0.34288964E+01,  0.32649682E-07,  0.16693407E+01
    1083.,  0.14562349E+02,  0.25331999E+02, -0.12088304E+02,  0.33763662E+01,  0.30932042E-07,  0.19787510E+01
    1084.,  0.15499849E+02,  0.25331999E+02, -0.12088304E+02,  0.33238360E+01,  0.29214410E-07,  0.22881613E+01
    1085.,  0.16437349E+02,  0.25331999E+02, -0.12088304E+02,  0.32713058E+01,  0.27496781E-07,  0.25975716E+01
    1086.,  0.17374849E+02,  0.25331999E+02, -0.12088304E+02,  0.32187755E+01,  0.25779138E-07,  0.29069819E+01
    1087.,  0.18312349E+02,  0.25331999E+02, -0.12088304E+02,  0.31662453E+01,  0.24061501E-07,  0.32163923E+01
    1088.,  0.33123489E+01,  0.25331999E+02, -0.12814346E+02,  0.42463500E+01,  0.56904850E-07, -0.16934912E+01
    1089.,  0.42498489E+01,  0.25331999E+02, -0.12814346E+02,  0.41938198E+01,  0.55187200E-07, -0.13840808E+01
    1090.,  0.51873489E+01,  0.25331999E+02, -0.12814346E+02,  0.41412896E+01,  0.53469575E-07, -0.10746705E+01
    1091.,  0.61248489E+01,  0.25331999E+02, -0.12814346E+02,  0.40887593E+01,  0.51751925E-07, -0.76526019E+00
    1092.,  0.70623489E+01,  0.25331999E+02, -0.12814346E+02,  0.40362291E+01,  0.50034292E-07, -0.45584987E+00
    1093.,  0.79998489E+01,  0.25331999E+02, -0.12814346E+02,  0.39836989E+01,  0.48316661E-07, -0.14643954E+00
    1094.,  0.89373489E+01,  0.25331999E+02, -0.12814346E+02,  0.39311687E+01,  0.46599026E-07,  0.16297078E+00
    1095.,  0.98748489E+01,  0.25331999E+02, -0.12814346E+02,  0.38786384E+01,  0.44881386E-07,  0.47238110E+00
    1096.,  0.10812349E+02,  0.25331999E+02, -0.12814346E+02,  0.38261082E+01,  0.43163752E-07,  0.78179142E+00
    1097.,  0.11749849E+02,  0.25331999E+02, -0.12814346E+02,  0.37735780E+01,  0.41446111E-07,  0.10912017E+01
    1098.,  0.12687349E+02,  0.25331999E+02, -0.12814346E+02,  0.37210478E+01,  0.39728480E-07,  0.14006121E+01
    1099.,  0.13624849E+02,  0.25331999E+02, -0.12814346E+02,  0.36685175E+01,  0.38010842E-07,  0.17100224E+01
    1100.,  0.14562349E+02,  0.25331999E+02, -0.12814346E+02,  0.36159873E+01,  0.36293203E-07,  0.20194327E+01
    1101.,  0.15499849E+02,  0.25331999E+02, -0.12814346E+02,  0.35634571E+01,  0.34575557E-07,  0.23288430E+01
    1102.,  0.16437349E+02,  0.25331999E+02, -0.12814346E+02,  0.35109269E+01,  0.32857926E-07,  0.26382534E+01
    1103.,  0.17374849E+02,  0.25331999E+02, -0.12814346E+02,  0.34583966E+01,  0.31140298E-07,  0.29476637E+01
    1104.,  0.18312349E+02,  0.25331999E+02, -0.12814346E+02,  0.34058664E+01,  0.29422649E-07,  0.32570740E+01
    1105.,  0.33123489E+01,  0.25331999E+02, -0.13540387E+02,  0.44859711E+01,  0.62265999E-07, -0.16528094E+01
    1106.,  0.42498489E+01,  0.25331999E+02, -0.13540387E+02,  0.44334409E+01,  0.60548356E-07, -0.13433991E+01
    1107.,  0.51873489E+01,  0.25331999E+02, -0.13540387E+02,  0.43809107E+01,  0.58830728E-07, -0.10339888E+01
    1108.,  0.61248489E+01,  0.25331999E+02, -0.13540387E+02,  0.43283804E+01,  0.57113088E-07, -0.72457845E+00
    1109.,  0.70623489E+01,  0.25331999E+02, -0.13540387E+02,  0.42758502E+01,  0.55395446E-07, -0.41516812E+00
    1110.,  0.79998489E+01,  0.25331999E+02, -0.13540387E+02,  0.42233200E+01,  0.53677816E-07, -0.10575780E+00
    1111.,  0.89373489E+01,  0.25331999E+02, -0.13540387E+02,  0.41707898E+01,  0.51960177E-07,  0.20365252E+00
    1112.,  0.98748489E+01,  0.25331999E+02, -0.13540387E+02,  0.41182595E+01,  0.50242543E-07,  0.51306284E+00
    1113.,  0.10812349E+02,  0.25331999E+02, -0.13540387E+02,  0.40657293E+01,  0.48524908E-07,  0.82247317E+00
    1114.,  0.11749849E+02,  0.25331999E+02, -0.13540387E+02,  0.40131991E+01,  0.46807281E-07,  0.11318835E+01
    1115.,  0.12687349E+02,  0.25331999E+02, -0.13540387E+02,  0.39606689E+01,  0.45089621E-07,  0.14412938E+01
    1116.,  0.13624849E+02,  0.25331999E+02, -0.13540387E+02,  0.39081386E+01,  0.43371993E-07,  0.17507041E+01
    1117.,  0.14562349E+02,  0.25331999E+02, -0.13540387E+02,  0.38556084E+01,  0.41654359E-07,  0.20601145E+01
    1118.,  0.15499849E+02,  0.25331999E+02, -0.13540387E+02,  0.38030782E+01,  0.39936705E-07,  0.23695248E+01
    1119.,  0.16437349E+02,  0.25331999E+02, -0.13540387E+02,  0.37505480E+01,  0.38219085E-07,  0.26789351E+01
    1120.,  0.17374849E+02,  0.25331999E+02, -0.13540387E+02,  0.36980177E+01,  0.36501443E-07,  0.29883454E+01
    1121.,  0.18312349E+02,  0.25331999E+02, -0.13540387E+02,  0.36454875E+01,  0.34783811E-07,  0.32977557E+01
    1122.,  0.33123489E+01,  0.25331999E+02, -0.14266429E+02,  0.47255922E+01,  0.67627154E-07, -0.16121277E+01
    1123.,  0.42498489E+01,  0.25331999E+02, -0.14266429E+02,  0.46730620E+01,  0.65909504E-07, -0.13027174E+01
    1124.,  0.51873489E+01,  0.25331999E+02, -0.14266429E+02,  0.46205318E+01,  0.64191875E-07, -0.99330703E+00
    1125.,  0.61248489E+01,  0.25331999E+02, -0.14266429E+02,  0.45680015E+01,  0.62474242E-07, -0.68389671E+00
    1126.,  0.70623489E+01,  0.25331999E+02, -0.14266429E+02,  0.45154713E+01,  0.60756606E-07, -0.37448638E+00
    1127.,  0.79998489E+01,  0.25331999E+02, -0.14266429E+02,  0.44629411E+01,  0.59038968E-07, -0.65076061E-01
    1128.,  0.89373489E+01,  0.25331999E+02, -0.14266429E+02,  0.44104109E+01,  0.57321330E-07,  0.24433426E+00
    1129.,  0.98748489E+01,  0.25331999E+02, -0.14266429E+02,  0.43578806E+01,  0.55603703E-07,  0.55374458E+00
    1130.,  0.10812349E+02,  0.25331999E+02, -0.14266429E+02,  0.43053504E+01,  0.53886062E-07,  0.86315491E+00
    1131.,  0.11749849E+02,  0.25331999E+02, -0.14266429E+02,  0.42528202E+01,  0.52168422E-07,  0.11725652E+01
    1132.,  0.12687349E+02,  0.25331999E+02, -0.14266429E+02,  0.42002900E+01,  0.50450783E-07,  0.14819756E+01
    1133.,  0.13624849E+02,  0.25331999E+02, -0.14266429E+02,  0.41477597E+01,  0.48733158E-07,  0.17913859E+01
    1134.,  0.14562349E+02,  0.25331999E+02, -0.14266429E+02,  0.40952295E+01,  0.47015507E-07,  0.21007962E+01
    1135.,  0.15499849E+02,  0.25331999E+02, -0.14266429E+02,  0.40426993E+01,  0.45297870E-07,  0.24102065E+01
    1136.,  0.16437349E+02,  0.25331999E+02, -0.14266429E+02,  0.39901691E+01,  0.43580239E-07,  0.27196168E+01
    1137.,  0.17374849E+02,  0.25331999E+02, -0.14266429E+02,  0.39376388E+01,  0.41862601E-07,  0.30290272E+01
    1138.,  0.18312349E+02,  0.25331999E+02, -0.14266429E+02,  0.38851086E+01,  0.40144956E-07,  0.33384375E+01
    1139.,  0.33123489E+01,  0.25331999E+02, -0.14992471E+02,  0.49652133E+01,  0.72988317E-07, -0.15714459E+01
    1140.,  0.42498489E+01,  0.25331999E+02, -0.14992471E+02,  0.49126831E+01,  0.71270663E-07, -0.12620356E+01
    1141.,  0.51873489E+01,  0.25331999E+02, -0.14992471E+02,  0.48601529E+01,  0.69553028E-07, -0.95262529E+00
    1142.,  0.61248489E+01,  0.25331999E+02, -0.14992471E+02,  0.48076227E+01,  0.67835396E-07, -0.64321496E+00
    1143.,  0.70623489E+01,  0.25331999E+02, -0.14992471E+02,  0.47550924E+01,  0.66117760E-07, -0.33380464E+00
    1144.,  0.79998489E+01,  0.25331999E+02, -0.14992471E+02,  0.47025622E+01,  0.64400120E-07, -0.24394319E-01
    1145.,  0.89373489E+01,  0.25331999E+02, -0.14992471E+02,  0.46500320E+01,  0.62682486E-07,  0.28501600E+00
    1146.,  0.98748489E+01,  0.25331999E+02, -0.14992471E+02,  0.45975018E+01,  0.60964859E-07,  0.59442633E+00
    1147.,  0.10812349E+02,  0.25331999E+02, -0.14992471E+02,  0.45449715E+01,  0.59247215E-07,  0.90383665E+00
    1148.,  0.11749849E+02,  0.25331999E+02, -0.14992471E+02,  0.44924413E+01,  0.57529584E-07,  0.12132470E+01
    1149.,  0.12687349E+02,  0.25331999E+02, -0.14992471E+02,  0.44399111E+01,  0.55811938E-07,  0.15226573E+01
    1150.,  0.13624849E+02,  0.25331999E+02, -0.14992471E+02,  0.43873809E+01,  0.54094303E-07,  0.18320676E+01
    1151.,  0.14562349E+02,  0.25331999E+02, -0.14992471E+02,  0.43348506E+01,  0.52376665E-07,  0.21414779E+01
    1152.,  0.15499849E+02,  0.25331999E+02, -0.14992471E+02,  0.42823204E+01,  0.50659026E-07,  0.24508883E+01
    1153.,  0.16437349E+02,  0.25331999E+02, -0.14992471E+02,  0.42297902E+01,  0.48941393E-07,  0.27602986E+01
    1154.,  0.17374849E+02,  0.25331999E+02, -0.14992471E+02,  0.41772600E+01,  0.47223762E-07,  0.30697089E+01
    1155.,  0.18312349E+02,  0.25331999E+02, -0.14992471E+02,  0.41247297E+01,  0.45506115E-07,  0.33791192E+01
    1156.,  0.33123489E+01,  0.25331999E+02, -0.15718512E+02,  0.52048344E+01,  0.78349470E-07, -0.15307642E+01
    1157.,  0.42498489E+01,  0.25331999E+02, -0.15718512E+02,  0.51523042E+01,  0.76631829E-07, -0.12213539E+01
    1158.,  0.51873489E+01,  0.25331999E+02, -0.15718512E+02,  0.50997740E+01,  0.74914188E-07, -0.91194355E+00
    1159.,  0.61248489E+01,  0.25331999E+02, -0.15718512E+02,  0.50472438E+01,  0.73196556E-07, -0.60253322E+00
    1160.,  0.70623489E+01,  0.25331999E+02, -0.15718512E+02,  0.49947135E+01,  0.71478923E-07, -0.29312290E+00
    1161.,  0.79998489E+01,  0.25331999E+02, -0.15718512E+02,  0.49421833E+01,  0.69761276E-07,  0.16287421E-01
    1162.,  0.89373489E+01,  0.25331999E+02, -0.15718512E+02,  0.48896531E+01,  0.68043638E-07,  0.32569774E+00
    1163.,  0.98748489E+01,  0.25331999E+02, -0.15718512E+02,  0.48371229E+01,  0.66326006E-07,  0.63510807E+00
    1164.,  0.10812349E+02,  0.25331999E+02, -0.15718512E+02,  0.47845926E+01,  0.64608364E-07,  0.94451839E+00
    1165.,  0.11749849E+02,  0.25331999E+02, -0.15718512E+02,  0.47320624E+01,  0.62890728E-07,  0.12539287E+01
    1166.,  0.12687349E+02,  0.25331999E+02, -0.15718512E+02,  0.46795322E+01,  0.61173092E-07,  0.15633390E+01
    1167.,  0.13624849E+02,  0.25331999E+02, -0.15718512E+02,  0.46270020E+01,  0.59455455E-07,  0.18727494E+01
    1168.,  0.14562349E+02,  0.25331999E+02, -0.15718512E+02,  0.45744717E+01,  0.57737828E-07,  0.21821597E+01
    1169.,  0.15499849E+02,  0.25331999E+02, -0.15718512E+02,  0.45219415E+01,  0.56020188E-07,  0.24915700E+01
    1170.,  0.16437349E+02,  0.25331999E+02, -0.15718512E+02,  0.44694113E+01,  0.54302552E-07,  0.28009803E+01
    1171.,  0.17374849E+02,  0.25331999E+02, -0.15718512E+02,  0.44168811E+01,  0.52584926E-07,  0.31103906E+01
    1172.,  0.18312349E+02,  0.25331999E+02, -0.15718512E+02,  0.43643508E+01,  0.50867275E-07,  0.34198010E+01
    1173.,  0.33123489E+01,  0.25331999E+02, -0.16444554E+02,  0.54444555E+01,  0.83710617E-07, -0.14900825E+01
    1174.,  0.42498489E+01,  0.25331999E+02, -0.16444554E+02,  0.53919253E+01,  0.81992983E-07, -0.11806721E+01
    1175.,  0.51873489E+01,  0.25331999E+02, -0.16444554E+02,  0.53393951E+01,  0.80275353E-07, -0.87126181E+00
    1176.,  0.61248489E+01,  0.25331999E+02, -0.16444554E+02,  0.52868649E+01,  0.78557722E-07, -0.56185148E+00
    1177.,  0.70623489E+01,  0.25331999E+02, -0.16444554E+02,  0.52343346E+01,  0.76840072E-07, -0.25244116E+00
    1178.,  0.79998489E+01,  0.25331999E+02, -0.16444554E+02,  0.51818044E+01,  0.75122434E-07,  0.56969162E-01
    1179.,  0.89373489E+01,  0.25331999E+02, -0.16444554E+02,  0.51292742E+01,  0.73404797E-07,  0.36637948E+00
    1180.,  0.98748489E+01,  0.25331999E+02, -0.16444554E+02,  0.50767440E+01,  0.71687168E-07,  0.67578981E+00
    1181.,  0.10812349E+02,  0.25331999E+02, -0.16444554E+02,  0.50242137E+01,  0.69969529E-07,  0.98520013E+00
    1182.,  0.11749849E+02,  0.25331999E+02, -0.16444554E+02,  0.49716835E+01,  0.68251900E-07,  0.12946105E+01
    1183.,  0.12687349E+02,  0.25331999E+02, -0.16444554E+02,  0.49191533E+01,  0.66534260E-07,  0.16040208E+01
    1184.,  0.13624849E+02,  0.25331999E+02, -0.16444554E+02,  0.48666231E+01,  0.64816614E-07,  0.19134311E+01
    1185.,  0.14562349E+02,  0.25331999E+02, -0.16444554E+02,  0.48140928E+01,  0.63098981E-07,  0.22228414E+01
    1186.,  0.15499849E+02,  0.25331999E+02, -0.16444554E+02,  0.47615626E+01,  0.61381346E-07,  0.25322517E+01
    1187.,  0.16437349E+02,  0.25331999E+02, -0.16444554E+02,  0.47090324E+01,  0.59663707E-07,  0.28416621E+01
    1188.,  0.17374849E+02,  0.25331999E+02, -0.16444554E+02,  0.46565022E+01,  0.57946077E-07,  0.31510724E+01
    1189.,  0.18312349E+02,  0.25331999E+02, -0.16444554E+02,  0.46039719E+01,  0.56228438E-07,  0.34604827E+01
    1190.,  0.33123489E+01,  0.25331999E+02, -0.17170596E+02,  0.56840766E+01,  0.89071774E-07, -0.14494007E+01
    1191.,  0.42498489E+01,  0.25331999E+02, -0.17170596E+02,  0.56315464E+01,  0.87354132E-07, -0.11399904E+01
    1192.,  0.51873489E+01,  0.25331999E+02, -0.17170596E+02,  0.55790162E+01,  0.85636499E-07, -0.83058006E+00
    1193.,  0.61248489E+01,  0.25331999E+02, -0.17170596E+02,  0.55264860E+01,  0.83918874E-07, -0.52116974E+00
    1194.,  0.70623489E+01,  0.25331999E+02, -0.17170596E+02,  0.54739557E+01,  0.82201226E-07, -0.21175942E+00
    1195.,  0.79998489E+01,  0.25331999E+02, -0.17170596E+02,  0.54214255E+01,  0.80483587E-07,  0.97650904E-01
    1196.,  0.89373489E+01,  0.25331999E+02, -0.17170596E+02,  0.53688953E+01,  0.78765953E-07,  0.40706123E+00
    1197.,  0.98748489E+01,  0.25331999E+02, -0.17170596E+02,  0.53163651E+01,  0.77048319E-07,  0.71647155E+00
    1198.,  0.10812349E+02,  0.25331999E+02, -0.17170596E+02,  0.52638348E+01,  0.75330682E-07,  0.10258819E+01
    1199.,  0.11749849E+02,  0.25331999E+02, -0.17170596E+02,  0.52113046E+01,  0.73613048E-07,  0.13352922E+01
    1200.,  0.12687349E+02,  0.25331999E+02, -0.17170596E+02,  0.51587744E+01,  0.71895411E-07,  0.16447025E+01
    1201.,  0.13624849E+02,  0.25331999E+02, -0.17170596E+02,  0.51062442E+01,  0.70177777E-07,  0.19541128E+01
    1202.,  0.14562349E+02,  0.25331999E+02, -0.17170596E+02,  0.50537139E+01,  0.68460140E-07,  0.22635232E+01
    1203.,  0.15499849E+02,  0.25331999E+02, -0.17170596E+02,  0.50011837E+01,  0.66742499E-07,  0.25729335E+01
    1204.,  0.16437349E+02,  0.25331999E+02, -0.17170596E+02,  0.49486535E+01,  0.65024858E-07,  0.28823438E+01
    1205.,  0.17374849E+02,  0.25331999E+02, -0.17170596E+02,  0.48961233E+01,  0.63307229E-07,  0.31917541E+01
    1206.,  0.18312349E+02,  0.25331999E+02, -0.17170596E+02,  0.48435930E+01,  0.61589588E-07,  0.35011645E+01
    1207.,  0.33123489E+01,  0.25331999E+02, -0.17896637E+02,  0.59236977E+01,  0.94432936E-07, -0.14087190E+01
    1208.,  0.42498489E+01,  0.25331999E+02, -0.17896637E+02,  0.58711675E+01,  0.92715295E-07, -0.10993086E+01
    1209.,  0.51873489E+01,  0.25331999E+02, -0.17896637E+02,  0.58186373E+01,  0.90997657E-07, -0.78989832E+00
    1210.,  0.61248489E+01,  0.25331999E+02, -0.17896637E+02,  0.57661071E+01,  0.89280026E-07, -0.48048800E+00
    1211.,  0.70623489E+01,  0.25331999E+02, -0.17896637E+02,  0.57135768E+01,  0.87562386E-07, -0.17107768E+00
    1212.,  0.79998489E+01,  0.25331999E+02, -0.17896637E+02,  0.56610466E+01,  0.85844746E-07,  0.13833264E+00
    1213.,  0.89373489E+01,  0.25331999E+02, -0.17896637E+02,  0.56085164E+01,  0.84127113E-07,  0.44774297E+00
    1214.,  0.98748489E+01,  0.25331999E+02, -0.17896637E+02,  0.55559862E+01,  0.82409465E-07,  0.75715329E+00
    1215.,  0.10812349E+02,  0.25331999E+02, -0.17896637E+02,  0.55034559E+01,  0.80691831E-07,  0.10665636E+01
    1216.,  0.11749849E+02,  0.25331999E+02, -0.17896637E+02,  0.54509257E+01,  0.78974199E-07,  0.13759739E+01
    1217.,  0.12687349E+02,  0.25331999E+02, -0.17896637E+02,  0.53983955E+01,  0.77256565E-07,  0.16853843E+01
    1218.,  0.13624849E+02,  0.25331999E+02, -0.17896637E+02,  0.53458653E+01,  0.75538922E-07,  0.19947946E+01
    1219.,  0.14562349E+02,  0.25331999E+02, -0.17896637E+02,  0.52933350E+01,  0.73821293E-07,  0.23042049E+01
    1220.,  0.15499849E+02,  0.25331999E+02, -0.17896637E+02,  0.52408048E+01,  0.72103661E-07,  0.26136152E+01
    1221.,  0.16437349E+02,  0.25331999E+02, -0.17896637E+02,  0.51882746E+01,  0.70386017E-07,  0.29230255E+01
    1222.,  0.17374849E+02,  0.25331999E+02, -0.17896637E+02,  0.51357444E+01,  0.68668376E-07,  0.32324359E+01
    1223.,  0.18312349E+02,  0.25331999E+02, -0.17896637E+02,  0.50832141E+01,  0.66950747E-07,  0.35418462E+01
    1224.,  0.33123489E+01,  0.25331999E+02, -0.18622679E+02,  0.61633189E+01,  0.99794086E-07, -0.13680372E+01
    1225.,  0.42498489E+01,  0.25331999E+02, -0.18622679E+02,  0.61107886E+01,  0.98076448E-07, -0.10586269E+01
    1226.,  0.51873489E+01,  0.25331999E+02, -0.18622679E+02,  0.60582584E+01,  0.96358811E-07, -0.74921658E+00
    1227.,  0.61248489E+01,  0.25331999E+02, -0.18622679E+02,  0.60057282E+01,  0.94641174E-07, -0.43980626E+00
    1228.,  0.70623489E+01,  0.25331999E+02, -0.18622679E+02,  0.59531980E+01,  0.92923546E-07, -0.13039594E+00
    1229.,  0.79998489E+01,  0.25331999E+02, -0.18622679E+02,  0.59006677E+01,  0.91205913E-07,  0.17901439E+00
    1230.,  0.89373489E+01,  0.25331999E+02, -0.18622679E+02,  0.58481375E+01,  0.89488266E-07,  0.48842471E+00
    1231.,  0.98748489E+01,  0.25331999E+02, -0.18622679E+02,  0.57956073E+01,  0.87770632E-07,  0.79783503E+00
    1232.,  0.10812349E+02,  0.25331999E+02, -0.18622679E+02,  0.57430771E+01,  0.86052990E-07,  0.11072454E+01
    1233.,  0.11749849E+02,  0.25331999E+02, -0.18622679E+02,  0.56905468E+01,  0.84335346E-07,  0.14166557E+01
    1234.,  0.12687349E+02,  0.25331999E+02, -0.18622679E+02,  0.56380166E+01,  0.82617716E-07,  0.17260660E+01
    1235.,  0.13624849E+02,  0.25331999E+02, -0.18622679E+02,  0.55854864E+01,  0.80900076E-07,  0.20354763E+01
    1236.,  0.14562349E+02,  0.25331999E+02, -0.18622679E+02,  0.55329562E+01,  0.79182445E-07,  0.23448866E+01
    1237.,  0.15499849E+02,  0.25331999E+02, -0.18622679E+02,  0.54804259E+01,  0.77464815E-07,  0.26542970E+01
    1238.,  0.16437349E+02,  0.25331999E+02, -0.18622679E+02,  0.54278957E+01,  0.75747165E-07,  0.29637073E+01
    1239.,  0.17374849E+02,  0.25331999E+02, -0.18622679E+02,  0.53753655E+01,  0.74029537E-07,  0.32731176E+01
    1240.,  0.18312349E+02,  0.25331999E+02, -0.18622679E+02,  0.53228353E+01,  0.72311890E-07,  0.35825279E+01
    1241.,  0.88907483E+01,  0.10100462E+03, -0.11976790E+01,  0.66558754E-03, -0.37818562E-02,  0.16118667E-03
    1242.,  0.90216325E+01,  0.10088094E+03, -0.11976790E+01,  0.63260292E-03, -0.37456953E-02,  0.16767527E-03
    1243.,  0.91795178E+01,  0.10075167E+03, -0.11976790E+01,  0.60578341E-03, -0.36779187E-02,  0.16383972E-03
    1244.,  0.93688664E+01,  0.10062053E+03, -0.11976790E+01,  0.59399184E-03, -0.35704697E-02,  0.15977030E-03
    1245.,  0.95933411E+01,  0.10049337E+03, -0.11976790E+01,  0.60606690E-03, -0.34217356E-02,  0.15578513E-03
    1246.,  0.98545190E+01,  0.10037833E+03, -0.11976790E+01,  0.65136155E-03, -0.32406689E-02,  0.15281426E-03
    1247.,  0.10150303E+02,  0.10028530E+03, -0.11976790E+01,  0.73055244E-03, -0.30537430E-02,  0.15083475E-03
    1248.,  0.10473624E+02,  0.10022430E+03, -0.11976790E+01,  0.83153002E-03, -0.28991368E-02,  0.14860221E-03
    1249.,  0.10812349E+02,  0.10020300E+03, -0.11976790E+01,  0.92972360E-03, -0.28101857E-02,  0.14654571E-03
    1250.,  0.11151074E+02,  0.10022430E+03, -0.11976790E+01,  0.99717511E-03, -0.27955240E-02,  0.14522303E-03
    1251.,  0.11474394E+02,  0.10028530E+03, -0.11976790E+01,  0.10148907E-02, -0.28339261E-02,  0.14443779E-03
    1252.,  0.11770179E+02,  0.10037833E+03, -0.11976790E+01,  0.98019140E-03, -0.28896537E-02,  0.14294385E-03
    1253.,  0.12031357E+02,  0.10049337E+03, -0.11976790E+01,  0.90389031E-03, -0.29326494E-02,  0.14145015E-03
    1254.,  0.12255831E+02,  0.10062053E+03, -0.11976790E+01,  0.80298725E-03, -0.29485735E-02,  0.13947134E-03
    1255.,  0.12445180E+02,  0.10075167E+03, -0.11976790E+01,  0.69270541E-03, -0.29364011E-02,  0.13994593E-03
    1256.,  0.12603065E+02,  0.10088094E+03, -0.11976790E+01,  0.58432917E-03, -0.29022922E-02,  0.13816364E-03
    1257.,  0.12733950E+02,  0.10100462E+03, -0.11976790E+01,  0.48395167E-03, -0.28539271E-02,  0.14285551E-03
    1258.,  0.12856786E+02,  0.10113729E+03, -0.11976790E+01,  0.38217992E-03, -0.27895601E-02,  0.14160495E-03
    1259.,  0.12984638E+02,  0.10129679E+03, -0.11976790E+01,  0.26924165E-03, -0.26999455E-02,  0.14507164E-03
    1260.,  0.13113701E+02,  0.10148736E+03, -0.11976790E+01,  0.14948285E-03, -0.25828982E-02,  0.14654789E-03
    1261.,  0.13238114E+02,  0.10171231E+03, -0.11976790E+01,  0.29334148E-04, -0.24389513E-02,  0.14746747E-03
    1262.,  0.13349872E+02,  0.10197288E+03, -0.11976790E+01, -0.82595148E-04, -0.22733792E-02,  0.14766075E-03
    1263.,  0.13439432E+02,  0.10226665E+03, -0.11976790E+01, -0.17779349E-03, -0.20963032E-02,  0.14771749E-03
    1264.,  0.13497286E+02,  0.10258649E+03, -0.11976790E+01, -0.25064821E-03, -0.19205149E-02,  0.14798059E-03
    1265.,  0.13516315E+02,  0.10292052E+03, -0.11976790E+01, -0.30015550E-03, -0.17582538E-02,  0.14850978E-03
    1266.,  0.13493999E+02,  0.10325394E+03, -0.11976790E+01, -0.32967585E-03, -0.16178989E-02,  0.14902045E-03
    1267.,  0.13433285E+02,  0.10357207E+03, -0.11976790E+01, -0.34461551E-03, -0.15027215E-02,  0.14931019E-03
    1268.,  0.13341575E+02,  0.10386337E+03, -0.11976790E+01, -0.35009498E-03, -0.14118052E-02,  0.14942108E-03
    1269.,  0.13228459E+02,  0.10412110E+03, -0.11976790E+01, -0.34985863E-03, -0.13419361E-02,  0.14945500E-03
    1270.,  0.13103404E+02,  0.10434321E+03, -0.11976790E+01, -0.34628439E-03, -0.12892124E-02,  0.14946460E-03
    1271.,  0.12974251E+02,  0.10453113E+03, -0.11976790E+01, -0.34079680E-03, -0.12499537E-02,  0.14946782E-03
    1272.,  0.12846686E+02,  0.10468832E+03, -0.11976790E+01, -0.33425043E-03, -0.12210482E-02,  0.14946963E-03
    1273.,  0.12724366E+02,  0.10481902E+03, -0.11976790E+01, -0.32719924E-03, -0.12000306E-02,  0.14947098E-03
    1274.,  0.12592945E+02,  0.10494197E+03, -0.11976790E+01, -0.31888568E-03, -0.11831165E-02,  0.14947262E-03
    1275.,  0.12434749E+02,  0.10507020E+03, -0.11976790E+01, -0.30793505E-03, -0.11690354E-02,  0.14947436E-03
    1276.,  0.12245466E+02,  0.10519999E+03, -0.11976790E+01, -0.29354089E-03, -0.11596754E-02,  0.14947674E-03
    1277.,  0.12021615E+02,  0.10532554E+03, -0.11976790E+01, -0.27468058E-03, -0.11575257E-02,  0.14947971E-03
    1278.,  0.11761787E+02,  0.10543884E+03, -0.11976790E+01, -0.25019013E-03, -0.11656365E-02,  0.14948289E-03
    1279.,  0.11468165E+02,  0.10553027E+03, -0.11976790E+01, -0.21892663E-03, -0.11872707E-02,  0.14948566E-03
    1280.,  0.11147739E+02,  0.10559012E+03, -0.11976790E+01, -0.18006150E-03, -0.12251652E-02,  0.14948703E-03
    1281.,  0.10812349E+02,  0.10561100E+03, -0.11976790E+01, -0.13344035E-03, -0.12805109E-02,  0.14948583E-03
    1282.,  0.10476959E+02,  0.10559012E+03, -0.11976790E+01, -0.79850498E-04, -0.13521267E-02,  0.14948118E-03
    1283.,  0.10156533E+02,  0.10553027E+03, -0.11976790E+01, -0.21014468E-04, -0.14364295E-02,  0.14947319E-03
    1284.,  0.98629112E+01,  0.10543884E+03, -0.11976790E+01,  0.40742844E-04, -0.15283600E-02,  0.14946301E-03
    1285.,  0.96030834E+01,  0.10532554E+03, -0.11976790E+01,  0.10300086E-03, -0.16227431E-02,  0.14945215E-03
    1286.,  0.93792318E+01,  0.10519999E+03, -0.11976790E+01,  0.16368131E-03, -0.17153527E-02,  0.14944187E-03
    1287.,  0.91899489E+01,  0.10507020E+03, -0.11976790E+01,  0.22127177E-03, -0.18033376E-02,  0.14943273E-03
    1288.,  0.90317525E+01,  0.10494197E+03, -0.11976790E+01,  0.27484911E-03, -0.18851334E-02,  0.14942490E-03
    1289.,  0.89003322E+01,  0.10481902E+03, -0.11976790E+01,  0.32395655E-03, -0.19601108E-02,  0.14942050E-03
    1290.,  0.87780118E+01,  0.10468832E+03, -0.11976790E+01,  0.37425672E-03, -0.20370970E-02,  0.14941867E-03
    1291.,  0.86504468E+01,  0.10453113E+03, -0.11976790E+01,  0.43259476E-03, -0.21270016E-02,  0.14942458E-03
    1292.,  0.85212943E+01,  0.10434321E+03, -0.11976790E+01,  0.49952602E-03, -0.22318209E-02,  0.14945031E-03
    1293.,  0.83962388E+01,  0.10412110E+03, -0.11976790E+01,  0.57476017E-03, -0.23535259E-02,  0.14952431E-03
    1294.,  0.82831228E+01,  0.10386337E+03, -0.11976790E+01,  0.65631633E-03, -0.24936702E-02,  0.14971097E-03
    1295.,  0.81914125E+01,  0.10357207E+03, -0.11976790E+01,  0.73956167E-03, -0.26527033E-02,  0.15008580E-03
    1296.,  0.81306984E+01,  0.10325394E+03, -0.11976790E+01,  0.81668151E-03, -0.28288168E-02,  0.15058415E-03
    1297.,  0.81083827E+01,  0.10292052E+03, -0.11976790E+01,  0.87760368E-03, -0.30165360E-02,  0.15102110E-03
    1298.,  0.81274120E+01,  0.10258649E+03, -0.11976790E+01,  0.91309904E-03, -0.32059461E-02,  0.15124581E-03
    1299.,  0.81852658E+01,  0.10226665E+03, -0.11976790E+01,  0.91883060E-03, -0.33838901E-02,  0.15143899E-03
    1300.,  0.82748255E+01,  0.10197288E+03, -0.11976790E+01,  0.89730232E-03, -0.35372665E-02,  0.15210274E-03
    1301.,  0.83865843E+01,  0.10171231E+03, -0.11976790E+01,  0.85617550E-03, -0.36566815E-02,  0.15391539E-03
    1302.,  0.85109971E+01,  0.10148736E+03, -0.11976790E+01,  0.80487949E-03, -0.37381705E-02,  0.15764434E-03
    1303.,  0.86400595E+01,  0.10129679E+03, -0.11976790E+01,  0.75226277E-03, -0.37825587E-02,  0.16171317E-03
    1304.,  0.87679120E+01,  0.10113729E+03, -0.11976790E+01,  0.70481252E-03, -0.37945840E-02,  0.16738981E-03
    1305.,  0.85521705E+01,  0.10066943E+03, -0.11976790E+01,  0.69721300E-03, -0.38582280E-02,  0.13784984E-03
    1306.,  0.87061158E+01,  0.10052395E+03, -0.11976790E+01,  0.68835976E-03, -0.38495000E-02,  0.12403199E-03
    1307.,  0.88918198E+01,  0.10037191E+03, -0.11976790E+01,  0.69688349E-03, -0.38040680E-02,  0.12827707E-03
    1308.,  0.91145309E+01,  0.10021766E+03, -0.11976790E+01,  0.72740028E-03, -0.37073002E-02,  0.13427383E-03
    1309.,  0.93785571E+01,  0.10006810E+03, -0.11976790E+01,  0.78466047E-03, -0.35475250E-02,  0.13969453E-03
    1310.,  0.96857534E+01,  0.99932792E+02, -0.11976790E+01,  0.86156032E-03, -0.33316571E-02,  0.14399552E-03
    1311.,  0.10033654E+02,  0.99823371E+02, -0.11976790E+01,  0.94235788E-03, -0.30934102E-02,  0.14716951E-03
    1312.,  0.10413942E+02,  0.99751623E+02, -0.11976790E+01,  0.10087082E-02, -0.28916504E-02,  0.15109690E-03
    1313.,  0.10812349E+02,  0.99726571E+02, -0.11976790E+01,  0.10497382E-02, -0.27820878E-02,  0.15460399E-03
    1314.,  0.11210756E+02,  0.99751623E+02, -0.11976790E+01,  0.10650410E-02, -0.27784360E-02,  0.15674352E-03
    1315.,  0.11591044E+02,  0.99823371E+02, -0.11976790E+01,  0.10583459E-02, -0.28424380E-02,  0.15784735E-03
    1316.,  0.11938944E+02,  0.99932792E+02, -0.11976790E+01,  0.10301797E-02, -0.29150010E-02,  0.16026558E-03
    1317.,  0.12246141E+02,  0.10006810E+03, -0.11976790E+01,  0.97938900E-03, -0.29539210E-02,  0.16259398E-03
    1318.,  0.12510167E+02,  0.10021766E+03, -0.11976790E+01,  0.90680014E-03, -0.29461339E-02,  0.16576094E-03
    1319.,  0.12732878E+02,  0.10037191E+03, -0.11976790E+01,  0.81845355E-03, -0.28993546E-02,  0.16478154E-03
    1320.,  0.12918582E+02,  0.10052395E+03, -0.11976790E+01,  0.72148550E-03, -0.28280876E-02,  0.16818363E-03
    1321.,  0.13072527E+02,  0.10066943E+03, -0.11976790E+01,  0.62353043E-03, -0.27459177E-02,  0.15909499E-03
    1322.,  0.13217007E+02,  0.10082547E+03, -0.11976790E+01,  0.51606886E-03, -0.26494141E-02,  0.16229563E-03
    1323.,  0.13367387E+02,  0.10101308E+03, -0.11976790E+01,  0.38851070E-03, -0.25303409E-02,  0.15641593E-03
    1324.,  0.13519189E+02,  0.10123722E+03, -0.11976790E+01,  0.24358894E-03, -0.23912406E-02,  0.15383174E-03
    1325.,  0.13665523E+02,  0.10150182E+03, -0.11976790E+01,  0.89866445E-04, -0.22391431E-02,  0.15249164E-03
    1326.,  0.13796973E+02,  0.10180829E+03, -0.11976790E+01, -0.59137466E-04, -0.20841553E-02,  0.15230334E-03
    1327.,  0.13902313E+02,  0.10215383E+03, -0.11976790E+01, -0.18764329E-03, -0.19361813E-02,  0.15227526E-03
    1328.,  0.13970360E+02,  0.10253002E+03, -0.11976790E+01, -0.28311189E-03, -0.18023750E-02,  0.15184441E-03
    1329.,  0.13992743E+02,  0.10292291E+03, -0.11976790E+01, -0.34178241E-03, -0.16853981E-02,  0.15087346E-03
    1330.,  0.13966495E+02,  0.10331507E+03, -0.11976790E+01, -0.36905934E-03, -0.15846550E-02,  0.14996074E-03
    1331.,  0.13895083E+02,  0.10368925E+03, -0.11976790E+01, -0.37506333E-03, -0.14985542E-02,  0.14950314E-03
    1332.,  0.13787214E+02,  0.10403187E+03, -0.11976790E+01, -0.36947106E-03, -0.14257549E-02,  0.14937600E-03
    1333.,  0.13654167E+02,  0.10433502E+03, -0.11976790E+01, -0.35899057E-03, -0.13651554E-02,  0.14936293E-03
    1334.,  0.13507078E+02,  0.10459626E+03, -0.11976790E+01, -0.34735664E-03, -0.13155783E-02,  0.14937671E-03
    1335.,  0.13355169E+02,  0.10481730E+03, -0.11976790E+01, -0.33630515E-03, -0.12756717E-02,  0.14939374E-03
    1336.,  0.13205128E+02,  0.10500218E+03, -0.11976790E+01, -0.32648236E-03, -0.12440045E-02,  0.14940855E-03
    1337.,  0.13061255E+02,  0.10515591E+03, -0.11976790E+01, -0.31799276E-03, -0.12191788E-02,  0.14942096E-03
    1338.,  0.12906679E+02,  0.10530052E+03, -0.11976790E+01, -0.30977991E-03, -0.11975036E-02,  0.14943192E-03
    1339.,  0.12720609E+02,  0.10545135E+03, -0.11976790E+01, -0.30096861E-03, -0.11773329E-02,  0.14944339E-03
    1340.,  0.12497975E+02,  0.10560401E+03, -0.11976790E+01, -0.29164171E-03, -0.11607337E-02,  0.14945408E-03
    1341.,  0.12234682E+02,  0.10575167E+03, -0.11976790E+01, -0.28181895E-03, -0.11508423E-02,  0.14946354E-03
    1342.,  0.11929074E+02,  0.10588494E+03, -0.11976790E+01, -0.27125284E-03, -0.11519796E-02,  0.14947156E-03
    1343.,  0.11583717E+02,  0.10599248E+03, -0.11976790E+01, -0.25912583E-03, -0.11693637E-02,  0.14947779E-03
    1344.,  0.11206833E+02,  0.10606288E+03, -0.11976790E+01, -0.24376340E-03, -0.12080522E-02,  0.14948226E-03
    1345.,  0.10812349E+02,  0.10608744E+03, -0.11976790E+01, -0.22269431E-03, -0.12711194E-02,  0.14948565E-03
    1346.,  0.10417865E+02,  0.10606288E+03, -0.11976790E+01, -0.19335526E-03, -0.13578653E-02,  0.14948896E-03
    1347.,  0.10040981E+02,  0.10599248E+03, -0.11976790E+01, -0.15422884E-03, -0.14633630E-02,  0.14949255E-03
    1348.,  0.96956242E+01,  0.10588494E+03, -0.11976790E+01, -0.10564560E-03, -0.15799090E-02,  0.14949574E-03
    1349.,  0.93900159E+01,  0.10575167E+03, -0.11976790E+01, -0.49668704E-04, -0.16994498E-02,  0.14949752E-03
    1350.,  0.91267226E+01,  0.10560401E+03, -0.11976790E+01,  0.10735059E-04, -0.18155114E-02,  0.14949721E-03
    1351.,  0.89040889E+01,  0.10545135E+03, -0.11976790E+01,  0.72601752E-04, -0.19239351E-02,  0.14949541E-03
    1352.,  0.87180189E+01,  0.10530052E+03, -0.11976790E+01,  0.13352519E-03, -0.20226621E-02,  0.14949255E-03
    1353.,  0.85634430E+01,  0.10515591E+03, -0.11976790E+01,  0.19184546E-03, -0.21111577E-02,  0.14948498E-03
    1354.,  0.84195702E+01,  0.10500218E+03, -0.11976790E+01,  0.25368728E-03, -0.21997509E-02,  0.14947349E-03
    1355.,  0.82695288E+01,  0.10481730E+03, -0.11976790E+01,  0.32767130E-03, -0.22999526E-02,  0.14944806E-03
    1356.,  0.81176202E+01,  0.10459626E+03, -0.11976790E+01,  0.41518177E-03, -0.24120519E-02,  0.14939085E-03
    1357.,  0.79705304E+01,  0.10433502E+03, -0.11976790E+01,  0.51631221E-03, -0.25354244E-02,  0.14925805E-03
    1358.,  0.78374839E+01,  0.10403187E+03, -0.11976790E+01,  0.62846107E-03, -0.26682663E-02,  0.14892235E-03
    1359.,  0.77296146E+01,  0.10368925E+03, -0.11976790E+01,  0.74450651E-03, -0.28076491E-02,  0.14821201E-03
    1360.,  0.76582029E+01,  0.10331507E+03, -0.11976790E+01,  0.85166906E-03, -0.29502366E-02,  0.14723989E-03
    1361.,  0.76319554E+01,  0.10292291E+03, -0.11976790E+01,  0.93322531E-03, -0.30934329E-02,  0.14640549E-03
    1362.,  0.76543375E+01,  0.10253002E+03, -0.11976790E+01,  0.97453648E-03, -0.32357722E-02,  0.14606820E-03
    1363.,  0.77223849E+01,  0.10215383E+03, -0.11976790E+01,  0.97093847E-03, -0.33753456E-02,  0.14587561E-03
    1364.,  0.78277247E+01,  0.10180829E+03, -0.11976790E+01,  0.93102347E-03, -0.35077909E-02,  0.14496036E-03
    1365.,  0.79591749E+01,  0.10150182E+03, -0.11976790E+01,  0.87175427E-03, -0.36264375E-02,  0.14253082E-03
    1366.,  0.81055087E+01,  0.10123722E+03, -0.11976790E+01,  0.81007563E-03, -0.37245757E-02,  0.13734158E-03
    1367.,  0.82573113E+01,  0.10101308E+03, -0.11976790E+01,  0.75741483E-03, -0.37973340E-02,  0.13120724E-03
    1368.,  0.84076909E+01,  0.10082547E+03, -0.11976790E+01,  0.71938664E-03, -0.38418396E-02,  0.12350170E-03
    1369.,  0.82135926E+01,  0.10033424E+03, -0.11976790E+01,  0.80029613E-03, -0.40340644E-02,  0.11644696E-03
    1370.,  0.83905992E+01,  0.10016697E+03, -0.11976790E+01,  0.79866503E-03, -0.40360264E-02,  0.16223681E-03
    1371.,  0.86041219E+01,  0.99992144E+02, -0.11976790E+01,  0.81380859E-03, -0.39942334E-02,  0.17105118E-03
    1372.,  0.88601954E+01,  0.99814793E+02, -0.11976790E+01,  0.86270834E-03, -0.38835460E-02,  0.16980886E-03
    1373.,  0.91637731E+01,  0.99642824E+02, -0.11976790E+01,  0.94075527E-03, -0.36928391E-02,  0.16520505E-03
    1374.,  0.95169878E+01,  0.99487251E+02, -0.11976790E+01,  0.10363556E-02, -0.34272401E-02,  0.15864516E-03
    1375.,  0.99170042E+01,  0.99361439E+02, -0.11976790E+01,  0.11292759E-02, -0.31286188E-02,  0.15249003E-03
    1376.,  0.10354260E+02,  0.99278943E+02, -0.11976790E+01,  0.11980225E-02, -0.28756224E-02,  0.14502102E-03
    1377.,  0.10812349E+02,  0.99250137E+02, -0.11976790E+01,  0.12290386E-02, -0.27458999E-02,  0.14058845E-03
    1378.,  0.11270437E+02,  0.99278943E+02, -0.11976790E+01,  0.12232786E-02, -0.27577703E-02,  0.13726321E-03
    1379.,  0.11707694E+02,  0.99361439E+02, -0.11976790E+01,  0.11898090E-02, -0.28549706E-02,  0.13547706E-03
    1380.,  0.12107710E+02,  0.99487251E+02, -0.11976790E+01,  0.11375456E-02, -0.29557945E-02,  0.13190807E-03
    1381.,  0.12460925E+02,  0.99642824E+02, -0.11976790E+01,  0.10691872E-02, -0.30065990E-02,  0.13030606E-03
    1382.,  0.12764503E+02,  0.99814793E+02, -0.11976790E+01,  0.98610923E-03, -0.29951770E-02,  0.12570420E-03
    1383.,  0.13020576E+02,  0.99992144E+02, -0.11976790E+01,  0.88877378E-03, -0.29333173E-02,  0.13055902E-03
    1384.,  0.13234099E+02,  0.10016697E+03, -0.11976790E+01,  0.78508861E-03, -0.28418394E-02,  0.12130217E-03
    1385.,  0.13411105E+02,  0.10033424E+03, -0.11976790E+01,  0.67994727E-03, -0.27374058E-02,  0.14529030E-03
    1386.,  0.13577228E+02,  0.10051366E+03, -0.11976790E+01,  0.56524155E-03, -0.26182706E-02,  0.12865036E-03
    1387.,  0.13750135E+02,  0.10072937E+03, -0.11976790E+01,  0.42819128E-03, -0.24729844E-02,  0.13798926E-03
    1388.,  0.13924678E+02,  0.10098709E+03, -0.11976790E+01,  0.27289274E-03, -0.23082480E-02,  0.14208896E-03
    1389.,  0.14092932E+02,  0.10129132E+03, -0.11976790E+01,  0.10758467E-03, -0.21356385E-02,  0.14476990E-03
    1390.,  0.14244074E+02,  0.10164370E+03, -0.11976790E+01, -0.53644432E-04, -0.19680982E-02,  0.14479208E-03
    1391.,  0.14365194E+02,  0.10204100E+03, -0.11976790E+01, -0.19285765E-03, -0.18192974E-02,  0.14436843E-03
    1392.,  0.14443435E+02,  0.10247354E+03, -0.11976790E+01, -0.29616700E-03, -0.16969206E-02,  0.14500854E-03
    1393.,  0.14469170E+02,  0.10292529E+03, -0.11976790E+01, -0.35935710E-03, -0.16002432E-02,  0.14693633E-03
    1394.,  0.14438990E+02,  0.10337620E+03, -0.11976790E+01, -0.38814050E-03, -0.15228313E-02,  0.14866721E-03
    1395.,  0.14356881E+02,  0.10380643E+03, -0.11976790E+01, -0.39343675E-03, -0.14578573E-02,  0.14944133E-03
    1396.,  0.14232853E+02,  0.10420038E+03, -0.11976790E+01, -0.38603784E-03, -0.14011911E-02,  0.14959301E-03
    1397.,  0.14079876E+02,  0.10454894E+03, -0.11976790E+01, -0.37368822E-03, -0.13513466E-02,  0.14958711E-03
    1398.,  0.13910752E+02,  0.10484932E+03, -0.11976790E+01, -0.36080247E-03, -0.13080902E-02,  0.14956165E-03
    1399.,  0.13736087E+02,  0.10510346E+03, -0.11976790E+01, -0.34939548E-03, -0.12713668E-02,  0.14953914E-03
    1400.,  0.13563569E+02,  0.10531604E+03, -0.11976790E+01, -0.34010328E-03, -0.12408771E-02,  0.14952209E-03
    1401.,  0.13398144E+02,  0.10549280E+03, -0.11976790E+01, -0.33290154E-03, -0.12160631E-02,  0.14950928E-03
    1402.,  0.13220412E+02,  0.10565908E+03, -0.11976790E+01, -0.32684823E-03, -0.11936584E-02,  0.14950036E-03
    1403.,  0.13006469E+02,  0.10583250E+03, -0.11976790E+01, -0.32158947E-03, -0.11720736E-02,  0.14949078E-03
    1404.,  0.12750484E+02,  0.10600802E+03, -0.11976790E+01, -0.31772134E-03, -0.11535746E-02,  0.14948314E-03
    1405.,  0.12447749E+02,  0.10617780E+03, -0.11976790E+01, -0.31577526E-03, -0.11417650E-02,  0.14947799E-03
    1406.,  0.12096361E+02,  0.10633103E+03, -0.11976790E+01, -0.31585894E-03, -0.11418301E-02,  0.14947458E-03
    1407.,  0.11699269E+02,  0.10645469E+03, -0.11976790E+01, -0.31708763E-03, -0.11602351E-02,  0.14947241E-03
    1408.,  0.11265927E+02,  0.10653563E+03, -0.11976790E+01, -0.31703951E-03, -0.12034273E-02,  0.14947026E-03
    1409.,  0.10812349E+02,  0.10656387E+03, -0.11976790E+01, -0.31175840E-03, -0.12755021E-02,  0.14946578E-03
    1410.,  0.10358770E+02,  0.10653563E+03, -0.11976790E+01, -0.29677205E-03, -0.13758526E-02,  0.14945647E-03
    1411.,  0.99254285E+01,  0.10645469E+03, -0.11976790E+01, -0.26883655E-03, -0.14985139E-02,  0.14944173E-03
    1412.,  0.95283373E+01,  0.10633103E+03, -0.11976790E+01, -0.22728361E-03, -0.16339682E-02,  0.14942366E-03
    1413.,  0.91769484E+01,  0.10617780E+03, -0.11976790E+01, -0.17407304E-03, -0.17722401E-02,  0.14940539E-03
    1414.,  0.88742135E+01,  0.10600802E+03, -0.11976790E+01, -0.11275131E-03, -0.19053735E-02,  0.14938920E-03
    1415.,  0.86182289E+01,  0.10583250E+03, -0.11976790E+01, -0.47185085E-04, -0.20283698E-02,  0.14937372E-03
    1416.,  0.84042854E+01,  0.10565908E+03, -0.11976790E+01,  0.19304451E-04, -0.21389100E-02,  0.14935870E-03
    1417.,  0.82265537E+01,  0.10549280E+03, -0.11976790E+01,  0.84274890E-04, -0.22365557E-02,  0.14935371E-03
    1418.,  0.80611286E+01,  0.10531604E+03, -0.11976790E+01,  0.15427301E-03, -0.23327171E-02,  0.14934858E-03
    1419.,  0.78886108E+01,  0.10510346E+03, -0.11976790E+01,  0.23919958E-03, -0.24392929E-02,  0.14935872E-03
    1420.,  0.77139460E+01,  0.10484932E+03, -0.11976790E+01,  0.34094268E-03, -0.25553809E-02,  0.14940805E-03
    1421.,  0.75448220E+01,  0.10454894E+03, -0.11976790E+01,  0.45992724E-03, -0.26788632E-02,  0.14955435E-03
    1422.,  0.73918450E+01,  0.10420038E+03, -0.11976790E+01,  0.59339699E-03, -0.28064579E-02,  0.15005935E-03
    1423.,  0.72678168E+01,  0.10380643E+03, -0.11976790E+01,  0.73325967E-03, -0.29346084E-02,  0.15131795E-03
    1424.,  0.71857075E+01,  0.10337620E+03, -0.11976790E+01,  0.86479840E-03, -0.30613576E-02,  0.15321898E-03
    1425.,  0.71555280E+01,  0.10292529E+03, -0.11976790E+01,  0.96863257E-03, -0.31882018E-02,  0.15501151E-03
    1426.,  0.71812629E+01,  0.10247354E+03, -0.11976790E+01,  0.10274660E-02, -0.33193159E-02,  0.15540672E-03
    1427.,  0.72595040E+01,  0.10204100E+03, -0.11976790E+01,  0.10349593E-02, -0.34571011E-02,  0.15517345E-03
    1428.,  0.73806238E+01,  0.10164370E+03, -0.11976790E+01,  0.10006114E-02, -0.35971097E-02,  0.15674036E-03
    1429.,  0.75317654E+01,  0.10129132E+03, -0.11976790E+01,  0.94541187E-03, -0.37291005E-02,  0.16069866E-03
    1430.,  0.77000203E+01,  0.10098709E+03, -0.11976790E+01,  0.89002402E-03, -0.38431179E-02,  0.16715599E-03
    1431.,  0.78745632E+01,  0.10072937E+03, -0.11976790E+01,  0.84618709E-03, -0.39334916E-02,  0.17021874E-03
    1432.,  0.80474698E+01,  0.10051366E+03, -0.11976790E+01,  0.81610608E-03, -0.39982067E-02,  0.17062855E-03
    1433.,  0.78750147E+01,  0.99999043E+02, -0.11976790E+01,  0.92358033E-03, -0.42639587E-02,  0.44711868E-03
    1434.,  0.80750825E+01,  0.99809983E+02, -0.11976790E+01,  0.91305137E-03, -0.43028624E-02,  0.30110089E-03
    1435.,  0.83164240E+01,  0.99612383E+02, -0.11976790E+01,  0.95870305E-03, -0.42661187E-02,  0.21122342E-03
    1436.,  0.86058599E+01,  0.99411925E+02, -0.11976790E+01,  0.10425354E-02, -0.41439875E-02,  0.17575339E-03
    1437.,  0.89489891E+01,  0.99217552E+02, -0.11976790E+01,  0.11559930E-02, -0.39131574E-02,  0.15659967E-03
    1438.,  0.93482222E+01,  0.99041709E+02, -0.11976790E+01,  0.12779286E-02, -0.35733649E-02,  0.15213222E-03
    1439.,  0.98003546E+01,  0.98899506E+02, -0.11976790E+01,  0.13823989E-02, -0.31752098E-02,  0.15490522E-03
    1440.,  0.10294579E+02,  0.98806262E+02, -0.11976790E+01,  0.14447401E-02, -0.28352066E-02,  0.15660892E-03
    1441.,  0.10812349E+02,  0.98773704E+02, -0.11976790E+01,  0.14485718E-02, -0.26823794E-02,  0.14381498E-03
    1442.,  0.11330119E+02,  0.98806262E+02, -0.11976790E+01,  0.13960871E-02, -0.27407452E-02,  0.14266356E-03
    1443.,  0.11824343E+02,  0.98899506E+02, -0.11976790E+01,  0.13133803E-02, -0.29104737E-02,  0.14387354E-03
    1444.,  0.12276476E+02,  0.99041709E+02, -0.11976790E+01,  0.12221272E-02, -0.30656134E-02,  0.14056568E-03
    1445.,  0.12675709E+02,  0.99217552E+02, -0.11976790E+01,  0.11317476E-02, -0.31361954E-02,  0.12587043E-03
    1446.,  0.13018838E+02,  0.99411925E+02, -0.11976790E+01,  0.10376698E-02, -0.31166061E-02,  0.12212371E-03
    1447.,  0.13308274E+02,  0.99612383E+02, -0.11976790E+01,  0.93843157E-03, -0.30359051E-02,  0.10263085E-03
    1448.,  0.13549615E+02,  0.99809983E+02, -0.11976790E+01,  0.82359387E-03, -0.29157034E-02,  0.12643438E-03
    1449.,  0.13749683E+02,  0.99999043E+02, -0.11976790E+01,  0.70977992E-03, -0.27839359E-02,  0.71264809E-04
    1450.,  0.13937449E+02,  0.10020184E+03, -0.11976790E+01,  0.58385165E-03, -0.26302455E-02,  0.14495712E-03
    1451.,  0.14132883E+02,  0.10044566E+03, -0.11976790E+01,  0.43747929E-03, -0.24505978E-02,  0.14705138E-03
    1452.,  0.14330166E+02,  0.10073695E+03, -0.11976790E+01,  0.27298899E-03, -0.22566886E-02,  0.14827642E-03
    1453.,  0.14520342E+02,  0.10108082E+03, -0.11976790E+01,  0.98186524E-04, -0.20564449E-02,  0.14511030E-03
    1454.,  0.14691175E+02,  0.10147911E+03, -0.11976790E+01, -0.68436184E-04, -0.18696847E-02,  0.14599334E-03
    1455.,  0.14828075E+02,  0.10192817E+03, -0.11976790E+01, -0.20805991E-03, -0.17143720E-02,  0.14786459E-03
    1456.,  0.14916509E+02,  0.10241707E+03, -0.11976790E+01, -0.30882798E-03, -0.15986752E-02,  0.14832357E-03
    1457.,  0.14945597E+02,  0.10292767E+03, -0.11976790E+01, -0.36963240E-03, -0.15174188E-02,  0.14816211E-03
    1458.,  0.14911486E+02,  0.10343733E+03, -0.11976790E+01, -0.39766878E-03, -0.14583797E-02,  0.14851912E-03
    1459.,  0.14818679E+02,  0.10392361E+03, -0.11976790E+01, -0.40380179E-03, -0.14103054E-02,  0.14890984E-03
    1460.,  0.14678492E+02,  0.10436889E+03, -0.11976790E+01, -0.39814966E-03, -0.13669835E-02,  0.14921958E-03
    1461.,  0.14505584E+02,  0.10476285E+03, -0.11976790E+01, -0.38794879E-03, -0.13266395E-02,  0.14936365E-03
    1462.,  0.14314426E+02,  0.10510237E+03, -0.11976790E+01, -0.37740975E-03, -0.12896736E-02,  0.14942178E-03
    1463.,  0.14117005E+02,  0.10538963E+03, -0.11976790E+01, -0.36851788E-03, -0.12568804E-02,  0.14944598E-03
    1464.,  0.13922011E+02,  0.10562990E+03, -0.11976790E+01, -0.36190579E-03, -0.12287215E-02,  0.14946070E-03
    1465.,  0.13735033E+02,  0.10582969E+03, -0.11976790E+01, -0.35750966E-03, -0.12052151E-02,  0.14946956E-03
    1466.,  0.13534146E+02,  0.10601763E+03, -0.11976790E+01, -0.35474857E-03, -0.11835681E-02,  0.14946806E-03
    1467.,  0.13292329E+02,  0.10621364E+03, -0.11976790E+01, -0.35384468E-03, -0.11623664E-02,  0.14946978E-03
    1468.,  0.13002994E+02,  0.10641204E+03, -0.11976790E+01, -0.35572607E-03, -0.11440004E-02,  0.14947131E-03
    1469.,  0.12660817E+02,  0.10660394E+03, -0.11976790E+01, -0.36125286E-03, -0.11324210E-02,  0.14947106E-03
    1470.,  0.12263647E+02,  0.10677713E+03, -0.11976790E+01, -0.37072989E-03, -0.11334712E-02,  0.14947023E-03
    1471.,  0.11814821E+02,  0.10691689E+03, -0.11976790E+01, -0.38315198E-03, -0.11546203E-02,  0.14946871E-03
    1472.,  0.11325022E+02,  0.10700839E+03, -0.11976790E+01, -0.39547100E-03, -0.12034878E-02,  0.14946626E-03
    1473.,  0.10812349E+02,  0.10704030E+03, -0.11976790E+01, -0.40255551E-03, -0.12850586E-02,  0.14946279E-03
    1474.,  0.10299676E+02,  0.10700839E+03, -0.11976790E+01, -0.39846342E-03, -0.13987929E-02,  0.14945859E-03
    1475.,  0.98098764E+01,  0.10691689E+03, -0.11976790E+01, -0.37868119E-03, -0.15377539E-02,  0.14945432E-03
    1476.,  0.93610504E+01,  0.10677713E+03, -0.11976790E+01, -0.34189679E-03, -0.16907564E-02,  0.14945086E-03
    1477.,  0.89638810E+01,  0.10660394E+03, -0.11976790E+01, -0.29013967E-03, -0.18461146E-02,  0.14944929E-03
    1478.,  0.86217043E+01,  0.10641204E+03, -0.11976790E+01, -0.22752227E-03, -0.19946214E-02,  0.14945026E-03
    1479.,  0.83323689E+01,  0.10621364E+03, -0.11976790E+01, -0.15866260E-03, -0.21306387E-02,  0.14945924E-03
    1480.,  0.80905518E+01,  0.10601763E+03, -0.11976790E+01, -0.87601303E-04, -0.22517007E-02,  0.14947466E-03
    1481.,  0.78896645E+01,  0.10582969E+03, -0.11976790E+01, -0.17347242E-04, -0.23575380E-02,  0.14947757E-03
    1482.,  0.77026871E+01,  0.10562990E+03, -0.11976790E+01,  0.59015418E-04, -0.24605972E-02,  0.14951574E-03
    1483.,  0.75076928E+01,  0.10538963E+03, -0.11976790E+01,  0.15243176E-03, -0.25732335E-02,  0.14957563E-03
    1484.,  0.73102719E+01,  0.10510237E+03, -0.11976790E+01,  0.26533603E-03, -0.26936835E-02,  0.14967110E-03
    1485.,  0.71191136E+01,  0.10476285E+03, -0.11976790E+01,  0.39881631E-03, -0.28187493E-02,  0.14989948E-03
    1486.,  0.69462061E+01,  0.10436889E+03, -0.11976790E+01,  0.55079295E-03, -0.29441460E-02,  0.15020508E-03
    1487.,  0.68060189E+01,  0.10392361E+03, -0.11976790E+01,  0.71362724E-03, -0.30658828E-02,  0.15057676E-03
    1488.,  0.67132120E+01,  0.10343733E+03, -0.11976790E+01,  0.87228153E-03, -0.31830284E-02,  0.15062159E-03
    1489.,  0.66791006E+01,  0.10292767E+03, -0.11976790E+01,  0.10057557E-02, -0.33005933E-02,  0.14940327E-03
    1490.,  0.67081884E+01,  0.10241707E+03, -0.11976790E+01,  0.10931522E-02, -0.34286957E-02,  0.15022964E-03
    1491.,  0.67966230E+01,  0.10192817E+03, -0.11976790E+01,  0.11227654E-02, -0.35744696E-02,  0.15273202E-03
    1492.,  0.69335230E+01,  0.10147911E+03, -0.11976790E+01,  0.11002536E-02, -0.37336734E-02,  0.15210318E-03
    1493.,  0.71043560E+01,  0.10108082E+03, -0.11976790E+01,  0.10483127E-02, -0.38884677E-02,  0.15266654E-03
    1494.,  0.72945319E+01,  0.10073695E+03, -0.11976790E+01,  0.99552119E-03, -0.40200430E-02,  0.16238599E-03
    1495.,  0.74918150E+01,  0.10044566E+03, -0.11976790E+01,  0.95908771E-03, -0.41228071E-02,  0.19161344E-03
    1496.,  0.76872487E+01,  0.10020184E+03, -0.11976790E+01,  0.94056430E-03, -0.42018900E-02,  0.25486221E-03
    1497.,  0.75364368E+01,  0.99663851E+02, -0.11976790E+01,  0.10170430E-02, -0.45479939E-02, -0.10943715E-02
    1498.,  0.77595659E+01,  0.99452998E+02, -0.11976790E+01,  0.10537766E-02, -0.46294575E-02, -0.67153415E-03
    1499.,  0.80287260E+01,  0.99232622E+02, -0.11976790E+01,  0.11601488E-02, -0.46141225E-02, -0.26919379E-03
    1500.,  0.83515244E+01,  0.99009058E+02, -0.11976790E+01,  0.13210200E-02, -0.44983871E-02, -0.12214639E-03
    1501.,  0.87342051E+01,  0.98792279E+02, -0.11976790E+01,  0.15038727E-02, -0.42388219E-02, -0.39157936E-06
    1502.,  0.91794566E+01,  0.98596168E+02, -0.11976790E+01,  0.16618859E-02, -0.38115527E-02,  0.72848170E-04
    1503.,  0.96837050E+01,  0.98437574E+02, -0.11976790E+01,  0.17644179E-02, -0.32626758E-02,  0.10227897E-03
    1504.,  0.10234897E+02,  0.98333582E+02, -0.11976790E+01,  0.17896976E-02, -0.27777189E-02,  0.15238874E-03
    1505.,  0.10812349E+02,  0.98297271E+02, -0.11976790E+01,  0.17033322E-02, -0.26022807E-02,  0.25053469E-03
    1506.,  0.11389801E+02,  0.98333582E+02, -0.11976790E+01,  0.15332403E-02, -0.27562322E-02,  0.27502142E-03
    1507.,  0.11940993E+02,  0.98437574E+02, -0.11976790E+01,  0.13519786E-02, -0.30451358E-02,  0.27687211E-03
    1508.,  0.12445241E+02,  0.98596168E+02, -0.11976790E+01,  0.12194940E-02, -0.32711088E-02,  0.31635997E-03
    1509.,  0.12890493E+02,  0.98792279E+02, -0.11976790E+01,  0.11246209E-02, -0.33489592E-02,  0.41028326E-03
    1510.,  0.13273173E+02,  0.99009058E+02, -0.11976790E+01,  0.10462259E-02, -0.33063702E-02,  0.47474705E-03
    1511.,  0.13595972E+02,  0.99232622E+02, -0.11976790E+01,  0.95840020E-03, -0.31758913E-02,  0.53351235E-03
    1512.,  0.13865132E+02,  0.99452998E+02, -0.11976790E+01,  0.87500625E-03, -0.30293015E-02,  0.48530772E-03
    1513.,  0.14088261E+02,  0.99663851E+02, -0.11976790E+01,  0.73932713E-03, -0.28383232E-02,  0.58655916E-03
    1514.,  0.14297670E+02,  0.99890023E+02, -0.11976790E+01,  0.59825949E-03, -0.26380985E-02,  0.30698443E-03
    1515.,  0.14515631E+02,  0.10016195E+03, -0.11976790E+01,  0.44380950E-03, -0.24316539E-02,  0.23083519E-03
    1516.,  0.14735654E+02,  0.10048681E+03, -0.11976790E+01,  0.26286049E-03, -0.21993351E-02,  0.20910800E-03
    1517.,  0.14947751E+02,  0.10087032E+03, -0.11976790E+01,  0.74865621E-04, -0.19664880E-02,  0.20307748E-03
    1518.,  0.15138276E+02,  0.10131452E+03, -0.11976790E+01, -0.96065416E-04, -0.17606963E-02,  0.19845162E-03
    1519.,  0.15290956E+02,  0.10181534E+03, -0.11976790E+01, -0.22994384E-03, -0.16059136E-02,  0.19598720E-03
    1520.,  0.15389584E+02,  0.10236060E+03, -0.11976790E+01, -0.32156126E-03, -0.15047982E-02,  0.19004380E-03
    1521.,  0.15422025E+02,  0.10293005E+03, -0.11976790E+01, -0.37523417E-03, -0.14434386E-02,  0.17387732E-03
    1522.,  0.15383981E+02,  0.10349846E+03, -0.11976790E+01, -0.40061964E-03, -0.14030451E-02,  0.15773890E-03
    1523.,  0.15280477E+02,  0.10404079E+03, -0.11976790E+01, -0.40816690E-03, -0.13696486E-02,  0.15075160E-03
    1524.,  0.15124131E+02,  0.10453740E+03, -0.11976790E+01, -0.40615476E-03, -0.13368278E-02,  0.14885580E-03
    1525.,  0.14931293E+02,  0.10497677E+03, -0.11976790E+01, -0.40022472E-03, -0.13037882E-02,  0.14850640E-03
    1526.,  0.14718100E+02,  0.10535542E+03, -0.11976790E+01, -0.39390909E-03, -0.12718441E-02,  0.14857256E-03
    1527.,  0.14497923E+02,  0.10567579E+03, -0.11976790E+01, -0.38902952E-03, -0.12424422E-02,  0.14872990E-03
    1528.,  0.14280452E+02,  0.10594376E+03, -0.11976790E+01, -0.38620801E-03, -0.12165187E-02,  0.14885172E-03
    1529.,  0.14071923E+02,  0.10616658E+03, -0.11976790E+01, -0.38539963E-03, -0.11944708E-02,  0.14895211E-03
    1530.,  0.13847880E+02,  0.10637618E+03, -0.11976790E+01, -0.38652835E-03, -0.11738719E-02,  0.14907267E-03
    1531.,  0.13578189E+02,  0.10659479E+03, -0.11976790E+01, -0.39042215E-03, -0.11534806E-02,  0.14917982E-03
    1532.,  0.13255503E+02,  0.10681605E+03, -0.11976790E+01, -0.39829825E-03, -0.11357589E-02,  0.14926935E-03
    1533.,  0.12873884E+02,  0.10703007E+03, -0.11976790E+01, -0.41131416E-03, -0.11249018E-02,  0.14934538E-03
    1534.,  0.12430934E+02,  0.10722323E+03, -0.11976790E+01, -0.42998624E-03, -0.11273134E-02,  0.14940563E-03
    1535.,  0.11930373E+02,  0.10737910E+03, -0.11976790E+01, -0.45327383E-03, -0.11514349E-02,  0.14945072E-03
    1536.,  0.11384116E+02,  0.10748114E+03, -0.11976790E+01, -0.47760860E-03, -0.12061451E-02,  0.14948802E-03
    1537.,  0.10812349E+02,  0.10751674E+03, -0.11976790E+01, -0.49672828E-03, -0.12974887E-02,  0.14953499E-03
    1538.,  0.10240582E+02,  0.10748114E+03, -0.11976790E+01, -0.50317810E-03, -0.14251092E-02,  0.14961105E-03
    1539.,  0.96943244E+01,  0.10737910E+03, -0.11976790E+01, -0.49112954E-03, -0.15810574E-02,  0.14972036E-03
    1540.,  0.91937635E+01,  0.10722323E+03, -0.11976790E+01, -0.45867372E-03, -0.17523322E-02,  0.14984413E-03
    1541.,  0.87508135E+01,  0.10703007E+03, -0.11976790E+01, -0.40803459E-03, -0.19254177E-02,  0.14995477E-03
    1542.,  0.83691952E+01,  0.10681605E+03, -0.11976790E+01, -0.34399960E-03, -0.20898457E-02,  0.15003421E-03
    1543.,  0.80465089E+01,  0.10659479E+03, -0.11976790E+01, -0.27199019E-03, -0.22393964E-02,  0.15007112E-03
    1544.,  0.77768183E+01,  0.10637618E+03, -0.11976790E+01, -0.19673401E-03, -0.23715344E-02,  0.15008489E-03
    1545.,  0.75527752E+01,  0.10616658E+03, -0.11976790E+01, -0.12176854E-03, -0.24862055E-02,  0.15010459E-03
    1546.,  0.73442455E+01,  0.10594376E+03, -0.11976790E+01, -0.39818913E-04, -0.25969931E-02,  0.14995573E-03
    1547.,  0.71267748E+01,  0.10567579E+03, -0.11976790E+01,  0.60974043E-04, -0.27169579E-02,  0.14961412E-03
    1548.,  0.69065978E+01,  0.10535542E+03, -0.11976790E+01,  0.18360022E-03, -0.28436447E-02,  0.14887810E-03
    1549.,  0.66934053E+01,  0.10497677E+03, -0.11976790E+01,  0.33002556E-03, -0.29728787E-02,  0.14698589E-03
    1550.,  0.65005672E+01,  0.10453740E+03, -0.11976790E+01,  0.49970930E-03, -0.30990850E-02,  0.14232330E-03
    1551.,  0.63442210E+01,  0.10404079E+03, -0.11976790E+01,  0.68661438E-03, -0.32172347E-02,  0.13066600E-03
    1552.,  0.62407166E+01,  0.10349846E+03, -0.11976790E+01,  0.87617258E-03, -0.33256149E-02,  0.11361135E-03
    1553.,  0.62026732E+01,  0.10293005E+03, -0.11976790E+01,  0.10458861E-02, -0.34301446E-02,  0.10432987E-03
    1554.,  0.62351139E+01,  0.10236060E+03, -0.11976790E+01,  0.11721074E-02, -0.35482995E-02,  0.98781270E-04
    1555.,  0.63337421E+01,  0.10181534E+03, -0.11976790E+01,  0.12330863E-02, -0.36991114E-02,  0.91475843E-04
    1556.,  0.64864221E+01,  0.10131452E+03, -0.11976790E+01,  0.12241427E-02, -0.38807845E-02,  0.82437577E-04
    1557.,  0.66769466E+01,  0.10087032E+03, -0.11976790E+01,  0.11696099E-02, -0.40717819E-02,  0.54751757E-04
    1558.,  0.68890434E+01,  0.10048681E+03, -0.11976790E+01,  0.11071292E-02, -0.42355356E-02, -0.24339539E-04
    1559.,  0.71090668E+01,  0.10016195E+03, -0.11976790E+01,  0.10684344E-02, -0.43461793E-02, -0.18460997E-03
    1560.,  0.73270276E+01,  0.99890023E+02, -0.11976790E+01,  0.10568288E-02, -0.44180804E-02, -0.52776544E-03
    1561.,  0.71978590E+01,  0.99328659E+02, -0.11976790E+01,  0.10687187E-02, -0.52178485E-02,  0.32172764E-02
    1562.,  0.74440493E+01,  0.99096014E+02, -0.11976790E+01,  0.11794107E-02, -0.53724079E-02,  0.23058753E-02
    1563.,  0.77410281E+01,  0.98852860E+02, -0.11976790E+01,  0.14821226E-02, -0.52487445E-02,  0.14399179E-02
    1564.,  0.80971889E+01,  0.98606190E+02, -0.11976790E+01,  0.17770319E-02, -0.50099018E-02,  0.11845965E-02
    1565.,  0.85194211E+01,  0.98367007E+02, -0.11976790E+01,  0.20574362E-02, -0.46852969E-02,  0.73187045E-03
    1566.,  0.90106911E+01,  0.98150627E+02, -0.11976790E+01,  0.22736314E-02, -0.41900583E-02,  0.41225045E-03
    1567.,  0.95670554E+01,  0.97975642E+02, -0.11976790E+01,  0.23713419E-02, -0.34408865E-02,  0.29260983E-03
    1568.,  0.10175215E+02,  0.97860901E+02, -0.11976790E+01,  0.23007604E-02, -0.27090331E-02,  0.99803569E-04
    1569.,  0.10812349E+02,  0.97820837E+02, -0.11976790E+01,  0.19990545E-02, -0.25388452E-02, -0.24470099E-03
    1570.,  0.11449483E+02,  0.97860901E+02, -0.11976790E+01,  0.15397409E-02, -0.28629230E-02, -0.33007164E-03
    1571.,  0.12057642E+02,  0.97975642E+02, -0.11976790E+01,  0.11906599E-02, -0.33051591E-02, -0.34318313E-03
    1572.,  0.12614007E+02,  0.98150627E+02, -0.11976790E+01,  0.10302271E-02, -0.36025370E-02, -0.51810743E-03
    1573.,  0.13105277E+02,  0.98367007E+02, -0.11976790E+01,  0.99206379E-03, -0.37035232E-02, -0.81094347E-03
    1574.,  0.13527509E+02,  0.98606190E+02, -0.11976790E+01,  0.98468716E-03, -0.36488646E-02, -0.10261945E-02
    1575.,  0.13883670E+02,  0.98852860E+02, -0.11976790E+01,  0.94872684E-03, -0.34710446E-02, -0.11199700E-02
    1576.,  0.14180649E+02,  0.99096014E+02, -0.11976790E+01,  0.89960128E-03, -0.32322975E-02, -0.10599781E-02
    1577.,  0.14426839E+02,  0.99328659E+02, -0.11976790E+01,  0.82294527E-03, -0.29706923E-02, -0.12400773E-02
    1578.,  0.14657891E+02,  0.99578206E+02, -0.11976790E+01,  0.62340845E-03, -0.26519418E-02, -0.48396559E-03
    1579.,  0.14898379E+02,  0.99878234E+02, -0.11976790E+01,  0.46015836E-03, -0.23874371E-02, -0.15500986E-03
    1580.,  0.15141143E+02,  0.10023668E+03, -0.11976790E+01,  0.26009110E-03, -0.21081783E-02, -0.62315005E-04
    1581.,  0.15375161E+02,  0.10065982E+03, -0.11976790E+01,  0.48585471E-04, -0.18373400E-02, -0.18466331E-04
    1582.,  0.15585377E+02,  0.10114993E+03, -0.11976790E+01, -0.12648344E-03, -0.16253832E-02, -0.85102493E-05
    1583.,  0.15753837E+02,  0.10170252E+03, -0.11976790E+01, -0.25093581E-03, -0.14904364E-02, -0.19030674E-04
    1584.,  0.15862658E+02,  0.10230412E+03, -0.11976790E+01, -0.33034017E-03, -0.14195813E-02, -0.25334294E-05
    1585.,  0.15898452E+02,  0.10293243E+03, -0.11976790E+01, -0.37485315E-03, -0.13860289E-02,  0.67027075E-04
    1586.,  0.15856477E+02,  0.10355959E+03, -0.11976790E+01, -0.39755839E-03, -0.13653510E-02,  0.12826477E-03
    1587.,  0.15742275E+02,  0.10415797E+03, -0.11976790E+01, -0.40800933E-03, -0.13433875E-02,  0.14943512E-03
    1588.,  0.15569770E+02,  0.10470590E+03, -0.11976790E+01, -0.41114896E-03, -0.13173522E-02,  0.15358797E-03
    1589.,  0.15357001E+02,  0.10519069E+03, -0.11976790E+01, -0.41064786E-03, -0.12888582E-02,  0.15375635E-03
    1590.,  0.15121774E+02,  0.10560847E+03, -0.11976790E+01, -0.40939356E-03, -0.12602046E-02,  0.15300447E-03
    1591.,  0.14878841E+02,  0.10596196E+03, -0.11976790E+01, -0.40914275E-03, -0.12332179E-02,  0.15221027E-03
    1592.,  0.14638894E+02,  0.10625762E+03, -0.11976790E+01, -0.41056594E-03, -0.12090020E-02,  0.15168231E-03
    1593.,  0.14408812E+02,  0.10650347E+03, -0.11976790E+01, -0.41365202E-03, -0.11880743E-02,  0.15127248E-03
    1594.,  0.14161613E+02,  0.10673473E+03, -0.11976790E+01, -0.41885698E-03, -0.11683217E-02,  0.15082875E-03
    1595.,  0.13864049E+02,  0.10697594E+03, -0.11976790E+01, -0.42770543E-03, -0.11485927E-02,  0.15043004E-03
    1596.,  0.13508012E+02,  0.10722006E+03, -0.11976790E+01, -0.44171505E-03, -0.11313633E-02,  0.15010760E-03
    1597.,  0.13086952E+02,  0.10745621E+03, -0.11976790E+01, -0.46236828E-03, -0.11209852E-02,  0.14984362E-03
    1598.,  0.12598221E+02,  0.10766933E+03, -0.11976790E+01, -0.49054234E-03, -0.11243748E-02,  0.14963893E-03
    1599.,  0.12045926E+02,  0.10784131E+03, -0.11976790E+01, -0.52537756E-03, -0.11510098E-02,  0.14949306E-03
    1600.,  0.11443210E+02,  0.10795389E+03, -0.11976790E+01, -0.56293506E-03, -0.12112782E-02,  0.14937982E-03
    1601.,  0.10812349E+02,  0.10799317E+03, -0.11976790E+01, -0.59570184E-03, -0.13126369E-02,  0.14923138E-03
    1602.,  0.10181488E+02,  0.10795389E+03, -0.11976790E+01, -0.61429244E-03, -0.14551215E-02,  0.14896686E-03
    1603.,  0.95787723E+01,  0.10784131E+03, -0.11976790E+01, -0.61111836E-03, -0.16296557E-02,  0.14856222E-03
    1604.,  0.90264766E+01,  0.10766933E+03, -0.11976790E+01, -0.58350942E-03, -0.18210793E-02,  0.14808546E-03
    1605.,  0.85377461E+01,  0.10745621E+03, -0.11976790E+01, -0.53402457E-03, -0.20137318E-02,  0.14763857E-03
    1606.,  0.81166860E+01,  0.10722006E+03, -0.11976790E+01, -0.46837919E-03, -0.21957405E-02,  0.14729025E-03
    1607.,  0.77606489E+01,  0.10697594E+03, -0.11976790E+01, -0.39297215E-03, -0.23603284E-02,  0.14705558E-03
    1608.,  0.74630848E+01,  0.10673473E+03, -0.11976790E+01, -0.31336078E-03, -0.25049429E-02,  0.14684970E-03
    1609.,  0.72158860E+01,  0.10650347E+03, -0.11976790E+01, -0.23358089E-03, -0.26297757E-02,  0.14663489E-03
    1610.,  0.69858039E+01,  0.10625762E+03, -0.11976790E+01, -0.14609337E-03, -0.27498044E-02,  0.14687293E-03
    1611.,  0.67458568E+01,  0.10596196E+03, -0.11976790E+01, -0.38130302E-04, -0.28790075E-02,  0.14760057E-03
    1612.,  0.65029237E+01,  0.10560847E+03, -0.11976790E+01,  0.93783566E-04, -0.30145603E-02,  0.14947081E-03
    1613.,  0.62676969E+01,  0.10519069E+03, -0.11976790E+01,  0.25240831E-03, -0.31515062E-02,  0.15465909E-03
    1614.,  0.60549283E+01,  0.10470590E+03, -0.11976790E+01,  0.43888375E-03, -0.32826916E-02,  0.16839730E-03
    1615.,  0.58824231E+01,  0.10415797E+03, -0.11976790E+01,  0.65089253E-03, -0.34001866E-02,  0.20911004E-03
    1616.,  0.57682211E+01,  0.10355959E+03, -0.11976790E+01,  0.87475798E-03, -0.35000540E-02,  0.27957416E-03
    1617.,  0.57262458E+01,  0.10293243E+03, -0.11976790E+01,  0.10830542E-02, -0.35828919E-02,  0.32645585E-03
    1618.,  0.57620394E+01,  0.10230412E+03, -0.11976790E+01,  0.12560328E-02, -0.36706906E-02,  0.33579457E-03
    1619.,  0.58708612E+01,  0.10170252E+03, -0.11976790E+01,  0.13627410E-02, -0.38078140E-02,  0.34789070E-03
    1620.,  0.60393212E+01,  0.10114993E+03, -0.11976790E+01,  0.13668377E-02, -0.40132803E-02,  0.37809288E-03
    1621.,  0.62495371E+01,  0.10065982E+03, -0.11976790E+01,  0.13022704E-02, -0.42441292E-02,  0.49751269E-03
    1622.,  0.64835550E+01,  0.10023668E+03, -0.11976790E+01,  0.12134515E-02, -0.44717664E-02,  0.87077414E-03
    1623.,  0.67263186E+01,  0.99878234E+02, -0.11976790E+01,  0.11364069E-02, -0.46970664E-02,  0.13088883E-02
    1624.,  0.69668064E+01,  0.99578206E+02, -0.11976790E+01,  0.11235166E-02, -0.49252283E-02,  0.21026465E-02
    1625.,  0.68592811E+01,  0.98993467E+02, -0.11976790E+01,  0.13186332E-02, -0.75389489E-02, -0.49329772E-02
    1626.,  0.71285326E+01,  0.98739029E+02, -0.11976790E+01,  0.18815216E-02, -0.74220867E-02, -0.34443359E-02
    1627.,  0.74533302E+01,  0.98473099E+02, -0.11976790E+01,  0.24192068E-02, -0.72489778E-02, -0.21589378E-02
    1628.,  0.78428534E+01,  0.98203323E+02, -0.11976790E+01,  0.29494649E-02, -0.65666800E-02, -0.18883931E-02
    1629.,  0.83046371E+01,  0.97941735E+02, -0.11976790E+01,  0.32256715E-02, -0.57666551E-02, -0.99159209E-03
    1630.,  0.88419255E+01,  0.97705086E+02, -0.11976790E+01,  0.33228656E-02, -0.48345098E-02, -0.32536613E-03
    1631.,  0.94504058E+01,  0.97513709E+02, -0.11976790E+01,  0.33349389E-02, -0.37846244E-02, -0.53062183E-04
    1632.,  0.10115533E+02,  0.97388221E+02, -0.11976790E+01,  0.31224735E-02, -0.26429110E-02,  0.34921711E-03
    1633.,  0.10812349E+02,  0.97344404E+02, -0.11976790E+01,  0.24364936E-02, -0.24697430E-02,  0.10148069E-02
    1634.,  0.11509165E+02,  0.97388221E+02, -0.11976790E+01,  0.12848613E-02, -0.33725132E-02,  0.11562987E-02
    1635.,  0.12174292E+02,  0.97513709E+02, -0.11976790E+01,  0.55922753E-03, -0.40716634E-02,  0.12255138E-02
    1636.,  0.12782772E+02,  0.97705086E+02, -0.11976790E+01,  0.33650657E-03, -0.45597982E-02,  0.14925662E-02
    1637.,  0.13320061E+02,  0.97941735E+02, -0.11976790E+01,  0.45083942E-03, -0.48999015E-02,  0.20598164E-02
    1638.,  0.13781845E+02,  0.98203323E+02, -0.11976790E+01,  0.67408129E-03, -0.48604556E-02,  0.25008249E-02
    1639.,  0.14171368E+02,  0.98473099E+02, -0.11976790E+01,  0.81136389E-03, -0.45565975E-02,  0.25286578E-02
    1640.,  0.14496165E+02,  0.98739029E+02, -0.11976790E+01,  0.81003552E-03, -0.39564549E-02,  0.24025304E-02
    1641.,  0.14765417E+02,  0.98993467E+02, -0.11976790E+01,  0.86771301E-03, -0.36136314E-02,  0.27195739E-02
    1642.,  0.15018113E+02,  0.99266390E+02, -0.11976790E+01,  0.67589528E-03, -0.27244318E-02,  0.13427439E-02
    1643.,  0.15281127E+02,  0.99594522E+02, -0.11976790E+01,  0.54274090E-03, -0.22983618E-02,  0.71637287E-03
    1644.,  0.15546631E+02,  0.99986544E+02, -0.11976790E+01,  0.28390571E-03, -0.19350065E-02,  0.51706406E-03
    1645.,  0.15802570E+02,  0.10044932E+03, -0.11976790E+01,  0.35292888E-04, -0.16510935E-02,  0.33792992E-03
    1646.,  0.16032478E+02,  0.10098534E+03, -0.11976790E+01, -0.15237670E-03, -0.14631238E-02,  0.35117166E-03
    1647.,  0.16216718E+02,  0.10158969E+03, -0.11976790E+01, -0.26232094E-03, -0.13736891E-02,  0.44087776E-03
    1648.,  0.16335733E+02,  0.10224765E+03, -0.11976790E+01, -0.33098884E-03, -0.13542387E-02,  0.42261425E-03
    1649.,  0.16374879E+02,  0.10293482E+03, -0.11976790E+01, -0.36717551E-03, -0.13576003E-02,  0.26081004E-03
    1650.,  0.16328972E+02,  0.10362072E+03, -0.11976790E+01, -0.39003546E-03, -0.13522097E-02,  0.15914046E-03
    1651.,  0.16204073E+02,  0.10427515E+03, -0.11976790E+01, -0.40551532E-03, -0.13350917E-02,  0.14017217E-03
    1652.,  0.16015409E+02,  0.10487441E+03, -0.11976790E+01, -0.41480256E-03, -0.13110985E-02,  0.13767511E-03
    1653.,  0.15782709E+02,  0.10540461E+03, -0.11976790E+01, -0.42001989E-03, -0.12842550E-02,  0.14077614E-03
    1654.,  0.15525448E+02,  0.10586153E+03, -0.11976790E+01, -0.42389691E-03, -0.12571873E-02,  0.14296214E-03
    1655.,  0.15259759E+02,  0.10624812E+03, -0.11976790E+01, -0.42826694E-03, -0.12315942E-02,  0.14476057E-03
    1656.,  0.14997336E+02,  0.10657148E+03, -0.11976790E+01, -0.43395213E-03, -0.12085448E-02,  0.14582428E-03
    1657.,  0.14745701E+02,  0.10684036E+03, -0.11976790E+01, -0.44081841E-03, -0.11884110E-02,  0.14656603E-03
    1658.,  0.14475347E+02,  0.10709329E+03, -0.11976790E+01, -0.45000677E-03, -0.11690382E-02,  0.14733747E-03
    1659.,  0.14149909E+02,  0.10735708E+03, -0.11976790E+01, -0.46376876E-03, -0.11496374E-02,  0.14801408E-03
    1660.,  0.13760521E+02,  0.10762408E+03, -0.11976790E+01, -0.48384185E-03, -0.11325152E-02,  0.14853334E-03
    1661.,  0.13300019E+02,  0.10788234E+03, -0.11976790E+01, -0.51218808E-03, -0.11221081E-02,  0.14894350E-03
    1662.,  0.12765508E+02,  0.10811543E+03, -0.11976790E+01, -0.55031520E-03, -0.11257960E-02,  0.14924960E-03
    1663.,  0.12161478E+02,  0.10830352E+03, -0.11976790E+01, -0.59794668E-03, -0.11541972E-02,  0.14944509E-03
    1664.,  0.11502305E+02,  0.10842665E+03, -0.11976790E+01, -0.65108286E-03, -0.12195512E-02,  0.14957100E-03
    1665.,  0.10812349E+02,  0.10846960E+03, -0.11976790E+01, -0.70074991E-03, -0.13312126E-02,  0.14974961E-03
    1666.,  0.10122393E+02,  0.10842665E+03, -0.11976790E+01, -0.73476245E-03, -0.14898949E-02,  0.15014122E-03
    1667.,  0.94632203E+01,  0.10830352E+03, -0.11976790E+01, -0.74281994E-03, -0.16852146E-02,  0.15080855E-03
    1668.,  0.88591897E+01,  0.10811543E+03, -0.11976790E+01, -0.72113862E-03, -0.18993564E-02,  0.15163792E-03
    1669.,  0.83246786E+01,  0.10788234E+03, -0.11976790E+01, -0.67287500E-03, -0.21140634E-02,  0.15244804E-03
    1670.,  0.78641768E+01,  0.10762408E+03, -0.11976790E+01, -0.60512420E-03, -0.23158575E-02,  0.15312822E-03
    1671.,  0.74747889E+01,  0.10735708E+03, -0.11976790E+01, -0.52563309E-03, -0.24973943E-02,  0.15369491E-03
    1672.,  0.71493512E+01,  0.10709329E+03, -0.11976790E+01, -0.44088181E-03, -0.26562867E-02,  0.15429198E-03
    1673.,  0.68789968E+01,  0.10684036E+03, -0.11976790E+01, -0.35576974E-03, -0.27929712E-02,  0.15504504E-03
    1674.,  0.66273623E+01,  0.10657148E+03, -0.11976790E+01, -0.26208040E-03, -0.29236916E-02,  0.15524864E-03
    1675.,  0.63649388E+01,  0.10624812E+03, -0.11976790E+01, -0.14628345E-03, -0.30642375E-02,  0.15512387E-03
    1676.,  0.60992496E+01,  0.10586153E+03, -0.11976790E+01, -0.46079278E-05, -0.32115716E-02,  0.15412102E-03
    1677.,  0.58419885E+01,  0.10540461E+03, -0.11976790E+01,  0.16629622E-03, -0.33603546E-02,  0.14966955E-03
    1678.,  0.56092894E+01,  0.10487441E+03, -0.11976790E+01,  0.36887843E-03, -0.35025966E-02,  0.13391248E-03
    1679.,  0.54206252E+01,  0.10427515E+03, -0.11976790E+01,  0.60436219E-03, -0.36271774E-02,  0.80732398E-04
    1680.,  0.52957257E+01,  0.10362072E+03, -0.11976790E+01,  0.86629143E-03, -0.37192313E-02, -0.60593741E-04
    1681.,  0.52498185E+01,  0.10293482E+03, -0.11976790E+01,  0.11091168E-02, -0.37668865E-02, -0.19605371E-03
    1682.,  0.52889649E+01,  0.10224765E+03, -0.11976790E+01,  0.13322840E-02, -0.38013968E-02, -0.18531373E-03
    1683.,  0.54079803E+01,  0.10158969E+03, -0.11976790E+01,  0.15080946E-02, -0.38874731E-02, -0.13389026E-03
    1684.,  0.55922204E+01,  0.10098534E+03, -0.11976790E+01,  0.15423815E-02, -0.40932649E-02, -0.21568281E-03
    1685.,  0.58221277E+01,  0.10044932E+03, -0.11976790E+01,  0.14990330E-02, -0.44402533E-02, -0.45604975E-03
    1686.,  0.60780666E+01,  0.99986544E+02, -0.11976790E+01,  0.14065180E-02, -0.50530520E-02, -0.13072271E-02
    1687.,  0.63435704E+01,  0.99594522E+02, -0.11976790E+01,  0.13274455E-02, -0.58362364E-02, -0.19960051E-02
    1688.,  0.66065853E+01,  0.99266390E+02, -0.11976790E+01,  0.14620014E-02, -0.66104678E-02, -0.31612656E-02
    1689.,  0.62681257E+01,  0.98408223E+02, -0.11976790E+01,  0.38458934E-01,  0.14817226E-01, -0.28666775E+00
    1690.,  0.66487520E+01,  0.98196191E+02, -0.11976790E+01,  0.31688652E-01,  0.66033786E-02, -0.23864587E+00
    1691.,  0.70756666E+01,  0.97974583E+02, -0.11976790E+01,  0.26400345E-01,  0.15846970E-02, -0.19121118E+00
    1692.,  0.75565193E+01,  0.97749770E+02, -0.11976790E+01,  0.21255031E-01, -0.26768803E-02, -0.14033405E+00
    1693.,  0.80975891E+01,  0.97531779E+02, -0.11976790E+01,  0.15771352E-01, -0.57509813E-02, -0.90914691E-01
    1694.,  0.87015794E+01,  0.97334572E+02, -0.11976790E+01,  0.10342676E-01, -0.58190257E-02, -0.47638455E-01
    1695.,  0.93648963E+01,  0.97175092E+02, -0.11976790E+01,  0.63250693E-02, -0.38206358E-02, -0.19055591E-01
    1696.,  0.10075419E+02,  0.97070518E+02, -0.11976790E+01,  0.42675797E-02, -0.22549061E-02, -0.24927721E-02
    1697.,  0.10812349E+02,  0.97034004E+02, -0.11976790E+01,  0.31012721E-02, -0.21064257E-02,  0.12408709E-01
    1698.,  0.11549279E+02,  0.97070518E+02, -0.11976790E+01,  0.12706826E-03, -0.43851970E-02,  0.26537042E-01
    1699.,  0.12259802E+02,  0.97175092E+02, -0.11976790E+01, -0.36586507E-02, -0.49406296E-02,  0.41610413E-01
    1700.,  0.12923118E+02,  0.97334572E+02, -0.11976790E+01, -0.60754670E-02, -0.37957849E-02,  0.67477066E-01
    1701.,  0.13527109E+02,  0.97531779E+02, -0.11976790E+01, -0.79179681E-02, -0.14881906E-02,  0.10379224E+00
    1702.,  0.14068179E+02,  0.97749770E+02, -0.11976790E+01, -0.10367943E-01,  0.21236182E-02,  0.14184804E+00
    1703.,  0.14549031E+02,  0.97974583E+02, -0.11976790E+01, -0.13267253E-01,  0.67426317E-02,  0.17535383E+00
    1704.,  0.14975946E+02,  0.98196191E+02, -0.11976790E+01, -0.16252414E-01,  0.11402715E-01,  0.20291860E+00
    1705.,  0.15356572E+02,  0.98408223E+02, -0.11976790E+01, -0.19452642E-01,  0.16739037E-01,  0.22630332E+00
    1706.,  0.15567152E+02,  0.98791128E+02, -0.11976790E+01, -0.99377240E-02,  0.61085108E-02,  0.15098168E+00
    1707.,  0.15786331E+02,  0.99220040E+02, -0.11976790E+01, -0.44193258E-02,  0.11187394E-02,  0.90824227E-01
    1708.,  0.16007584E+02,  0.99702193E+02, -0.11976790E+01, -0.14613816E-02, -0.81820901E-03,  0.46319651E-01
    1709.,  0.16220867E+02,  0.10024331E+03, -0.11976790E+01, -0.53053234E-03, -0.11554174E-02,  0.20922799E-01
    1710.,  0.16412456E+02,  0.10084546E+03, -0.11976790E+01, -0.39940164E-03, -0.11778097E-02,  0.98330444E-02
    1711.,  0.16565989E+02,  0.10150455E+03, -0.11976790E+01, -0.33703945E-03, -0.12615414E-02,  0.53457404E-02
    1712.,  0.16665169E+02,  0.10220832E+03, -0.11976790E+01, -0.32530035E-03, -0.13299675E-02,  0.28712514E-02
    1713.,  0.16697791E+02,  0.10293643E+03, -0.11976790E+01, -0.36017851E-03, -0.13581988E-02,  0.12758596E-02
    1714.,  0.16659535E+02,  0.10366348E+03, -0.11976790E+01, -0.38363390E-03, -0.13551059E-02,  0.45418399E-03
    1715.,  0.16555452E+02,  0.10436432E+03, -0.11976790E+01, -0.40382549E-03, -0.13361048E-02,  0.16955276E-03
    1716.,  0.16398232E+02,  0.10501917E+03, -0.11976790E+01, -0.41850299E-03, -0.13105059E-02,  0.86508490E-04
    1717.,  0.16204316E+02,  0.10561647E+03, -0.11976790E+01, -0.42965812E-03, -0.12833611E-02,  0.65249853E-04
    1718.,  0.15989932E+02,  0.10615270E+03, -0.11976790E+01, -0.44041773E-03, -0.12570399E-02,  0.61781795E-04
    1719.,  0.15768524E+02,  0.10663033E+03, -0.11976790E+01, -0.45282291E-03, -0.12328327E-02,  0.62355687E-04
    1720.,  0.15549838E+02,  0.10705527E+03, -0.11976790E+01, -0.46754678E-03, -0.12115598E-02,  0.63458825E-04
    1721.,  0.15340142E+02,  0.10743480E+03, -0.11976790E+01, -0.48509172E-03, -0.11937027E-02,  0.63544647E-04
    1722.,  0.14958597E+02,  0.10764557E+03, -0.11976790E+01, -0.49412328E-03, -0.11750430E-02,  0.93602730E-04
    1723.,  0.14531149E+02,  0.10786540E+03, -0.11976790E+01, -0.50776018E-03, -0.11555888E-02,  0.11553802E-03
    1724.,  0.14050409E+02,  0.10808790E+03, -0.11976790E+01, -0.52807944E-03, -0.11377826E-02,  0.13062720E-03
    1725.,  0.13510408E+02,  0.10830312E+03, -0.11976790E+01, -0.55752949E-03, -0.11263367E-02,  0.14028305E-03
    1726.,  0.12908732E+02,  0.10849736E+03, -0.11976790E+01, -0.59830590E-03, -0.11292324E-02,  0.14592402E-03
    1727.,  0.12249123E+02,  0.10865410E+03, -0.11976790E+01, -0.65095653E-03, -0.11580383E-02,  0.14891394E-03
    1728.,  0.11543562E+02,  0.10875671E+03, -0.11976790E+01, -0.71224863E-03, -0.12262409E-02,  0.15065902E-03
    1729.,  0.10812349E+02,  0.10879250E+03, -0.11976790E+01, -0.77362952E-03, -0.13446425E-02,  0.15271178E-03
    1730.,  0.10081136E+02,  0.10875671E+03, -0.11976790E+01, -0.82276460E-03, -0.15154726E-02,  0.15675144E-03
    1731.,  0.93755751E+01,  0.10865410E+03, -0.11976790E+01, -0.84864947E-03, -0.17296682E-02,  0.16425994E-03
    1732.,  0.87159662E+01,  0.10849736E+03, -0.11976790E+01, -0.84650804E-03, -0.19701655E-02,  0.17594655E-03
    1733.,  0.81142903E+01,  0.10830312E+03, -0.11976790E+01, -0.81853292E-03, -0.22186652E-02,  0.19143743E-03
    1734.,  0.75742889E+01,  0.10808790E+03, -0.11976790E+01, -0.77106490E-03, -0.24609865E-02,  0.20940269E-03
    1735.,  0.70935489E+01,  0.10786540E+03, -0.11976790E+01, -0.71131910E-03, -0.26888302E-02,  0.22755120E-03
    1736.,  0.66661008E+01,  0.10764557E+03, -0.11976790E+01, -0.64547885E-03, -0.28988452E-02,  0.24223553E-03
    1737.,  0.62845555E+01,  0.10743480E+03, -0.11976790E+01, -0.57783550E-03, -0.30913194E-02,  0.24766659E-03
    1738.,  0.60748601E+01,  0.10705527E+03, -0.11976790E+01, -0.44511785E-03, -0.32019060E-02,  0.21174136E-03
    1739.,  0.58561738E+01,  0.10663033E+03, -0.11976790E+01, -0.29342850E-03, -0.33218484E-02,  0.16796624E-03
    1740.,  0.56347661E+01,  0.10615270E+03, -0.11976790E+01, -0.11966680E-03, -0.34489697E-02,  0.10355293E-03
    1741.,  0.54203819E+01,  0.10561647E+03, -0.11976790E+01,  0.79146285E-04, -0.35794184E-02, -0.11399062E-04
    1742.,  0.52264660E+01,  0.10501917E+03, -0.11976790E+01,  0.30622234E-03, -0.37068547E-02, -0.24772855E-03
    1743.,  0.50692458E+01,  0.10436432E+03, -0.11976790E+01,  0.56507558E-03, -0.38212887E-02, -0.79224410E-03
    1744.,  0.49651629E+01,  0.10366348E+03, -0.11976790E+01,  0.85749683E-03, -0.39058385E-02, -0.18917999E-02
    1745.,  0.49269069E+01,  0.10293643E+03, -0.11976790E+01,  0.11439256E-02, -0.39517348E-02, -0.38546953E-02
    1746.,  0.49595289E+01,  0.10220832E+03, -0.11976790E+01,  0.15199823E-02, -0.39566503E-02, -0.73512321E-02
    1747.,  0.50587084E+01,  0.10150455E+03, -0.11976790E+01,  0.21189042E-02, -0.39470775E-02, -0.14030605E-01
    1748.,  0.52122418E+01,  0.10084546E+03, -0.11976790E+01,  0.31886740E-02, -0.40870982E-02, -0.28476189E-01
    1749.,  0.54038312E+01,  0.10024331E+03, -0.11976790E+01,  0.55677708E-02, -0.42144391E-02, -0.57347520E-01
    1750.,  0.56171136E+01,  0.99702193E+02, -0.11976790E+01,  0.97839649E-02, -0.34695120E-02, -0.10128262E+00
    1751.,  0.58383669E+01,  0.99220040E+02, -0.11976790E+01,  0.15755473E-01, -0.10432258E-02, -0.15558073E+00
    1752.,  0.60575459E+01,  0.98791128E+02, -0.11976790E+01,  0.24153443E-01,  0.41610086E-02, -0.21650366E+00
    1753.,  0.56769704E+01,  0.97822979E+02, -0.11976790E+01,  0.13686034E+00,  0.11762496E+00, -0.75183556E+00
    1754.,  0.61689714E+01,  0.97653354E+02, -0.11976790E+01,  0.11907947E+00,  0.98989729E-01, -0.64959411E+00
    1755.,  0.66980031E+01,  0.97476067E+02, -0.11976790E+01,  0.98717345E-01,  0.77408085E-01, -0.53694583E+00
    1756.,  0.72701852E+01,  0.97296217E+02, -0.11976790E+01,  0.75678729E-01,  0.51634475E-01, -0.41570801E+00
    1757.,  0.78905411E+01,  0.97121824E+02, -0.11976790E+01,  0.51025620E-01,  0.24518230E-01, -0.29005613E+00
    1758.,  0.85612333E+01,  0.96964059E+02, -0.11976790E+01,  0.30196710E-01,  0.51693867E-02, -0.17226744E+00
    1759.,  0.92793868E+01,  0.96836474E+02, -0.11976790E+01,  0.15411038E-01, -0.18450900E-02, -0.78599445E-01
    1760.,  0.10035305E+02,  0.96752815E+02, -0.11976790E+01,  0.72409051E-02, -0.18989341E-02, -0.15454960E-01
    1761.,  0.10812349E+02,  0.96723604E+02, -0.11976790E+01,  0.30614128E-02, -0.17608497E-02,  0.36854400E-01
    1762.,  0.11589393E+02,  0.96752815E+02, -0.11976790E+01, -0.36954648E-02, -0.23415358E-02,  0.85275805E-01
    1763.,  0.12345311E+02,  0.96836474E+02, -0.11976790E+01, -0.13212020E-01,  0.39908074E-02,  0.13665374E+00
    1764.,  0.13063465E+02,  0.96964059E+02, -0.11976790E+01, -0.23360000E-01,  0.17987753E-01,  0.21263039E+00
    1765.,  0.13734157E+02,  0.97121824E+02, -0.11976790E+01, -0.36179714E-01,  0.37080105E-01,  0.30951228E+00
    1766.,  0.14354513E+02,  0.97296217E+02, -0.11976790E+01, -0.50454329E-01,  0.58315941E-01,  0.40641115E+00
    1767.,  0.14926695E+02,  0.97476067E+02, -0.11976790E+01, -0.64445380E-01,  0.78732603E-01,  0.49668457E+00
    1768.,  0.15455726E+02,  0.97653354E+02, -0.11976790E+01, -0.76835938E-01,  0.96314690E-01,  0.57681801E+00
    1769.,  0.15947728E+02,  0.97822979E+02, -0.11976790E+01, -0.87421641E-01,  0.11076689E+00,  0.64807322E+00
    1770.,  0.16116191E+02,  0.98315865E+02, -0.11976790E+01, -0.57391459E-01,  0.68501412E-01,  0.47792271E+00
    1771.,  0.16291535E+02,  0.98845558E+02, -0.11976790E+01, -0.30456936E-01,  0.32455387E-01,  0.31285295E+00
    1772.,  0.16468537E+02,  0.99417843E+02, -0.11976790E+01, -0.12225520E-01,  0.10331344E-01,  0.17516781E+00
    1773.,  0.16639163E+02,  0.10003730E+03, -0.11976790E+01, -0.37497042E-02,  0.16109627E-02,  0.82912452E-01
    1774.,  0.16792435E+02,  0.10070558E+03, -0.11976790E+01, -0.12224744E-02, -0.54454092E-03,  0.36555494E-01
    1775.,  0.16915261E+02,  0.10141942E+03, -0.11976790E+01, -0.51306469E-03, -0.11437472E-02,  0.16744255E-01
    1776.,  0.16994605E+02,  0.10216900E+03, -0.11976790E+01, -0.33177210E-03, -0.13340619E-02,  0.76304226E-02
    1777.,  0.17020703E+02,  0.10293805E+03, -0.11976790E+01, -0.35569379E-03, -0.13713821E-02,  0.31202556E-02
    1778.,  0.16990098E+02,  0.10370625E+03, -0.11976790E+01, -0.37880059E-03, -0.13627385E-02,  0.10742254E-02
    1779.,  0.16906831E+02,  0.10445348E+03, -0.11976790E+01, -0.40407045E-03, -0.13369901E-02,  0.30360642E-03
    1780.,  0.16781055E+02,  0.10516392E+03, -0.11976790E+01, -0.42392545E-03, -0.13079308E-02,  0.49053833E-04
    1781.,  0.16625923E+02,  0.10582832E+03, -0.11976790E+01, -0.44054291E-03, -0.12795784E-02, -0.35078952E-04
    1782.,  0.16454415E+02,  0.10644387E+03, -0.11976790E+01, -0.45750483E-03, -0.12534144E-02, -0.63082179E-04
    1783.,  0.16277289E+02,  0.10701254E+03, -0.11976790E+01, -0.47630308E-03, -0.12307768E-02, -0.72873989E-04
    1784.,  0.16102340E+02,  0.10753905E+03, -0.11976790E+01, -0.49765836E-03, -0.12119984E-02, -0.77607112E-04
    1785.,  0.15934584E+02,  0.10802924E+03, -0.11976790E+01, -0.52075669E-03, -0.11973537E-02, -0.80764475E-04
    1786.,  0.15441847E+02,  0.10819786E+03, -0.11976790E+01, -0.52945532E-03, -0.11812626E-02, -0.71900521E-05
    1787.,  0.14912389E+02,  0.10837372E+03, -0.11976790E+01, -0.54309772E-03, -0.11626451E-02,  0.51873088E-04
    1788.,  0.14340297E+02,  0.10855172E+03, -0.11976790E+01, -0.56410070E-03, -0.11443516E-02,  0.94606119E-04
    1789.,  0.13720796E+02,  0.10872390E+03, -0.11976790E+01, -0.59540488E-03, -0.11316120E-02,  0.12259271E-03
    1790.,  0.13051955E+02,  0.10887929E+03, -0.11976790E+01, -0.63992824E-03, -0.11332221E-02,  0.13899586E-03
    1791.,  0.12336768E+02,  0.10900468E+03, -0.11976790E+01, -0.69906069E-03, -0.11618977E-02,  0.14766094E-03
    1792.,  0.11584819E+02,  0.10908677E+03, -0.11976790E+01, -0.77028280E-03, -0.12325124E-02,  0.15269303E-03
    1793.,  0.10812349E+02,  0.10911540E+03, -0.11976790E+01, -0.84533756E-03, -0.13573812E-02,  0.15838411E-03
    1794.,  0.10039879E+02,  0.10908677E+03, -0.11976790E+01, -0.91157153E-03, -0.15402553E-02,  0.16925489E-03
    1795.,  0.92879298E+01,  0.10900468E+03, -0.11976790E+01, -0.95706114E-03, -0.17733507E-02,  0.18955002E-03
    1796.,  0.85727428E+01,  0.10887929E+03, -0.11976790E+01, -0.97579322E-03, -0.20402382E-02,  0.22168808E-03
    1797.,  0.79039020E+01,  0.10872390E+03, -0.11976790E+01, -0.96880141E-03, -0.23223348E-02,  0.26460275E-03
    1798.,  0.72844009E+01,  0.10855172E+03, -0.11976790E+01, -0.94156829E-03, -0.26043886E-02,  0.31294869E-03
    1799.,  0.67123089E+01,  0.10837372E+03, -0.11976790E+01, -0.90072211E-03, -0.28766220E-02,  0.35653993E-03
    1800.,  0.61828505E+01,  0.10819786E+03, -0.11976790E+01, -0.85195558E-03, -0.31343000E-02,  0.37871241E-03
    1801.,  0.56901142E+01,  0.10802924E+03, -0.11976790E+01, -0.79938281E-03, -0.33756246E-02,  0.35354291E-03
    1802.,  0.55223579E+01,  0.10753905E+03, -0.11976790E+01, -0.62398193E-03, -0.34661501E-02,  0.24574603E-03
    1803.,  0.53474089E+01,  0.10701254E+03, -0.11976790E+01, -0.43480783E-03, -0.35663665E-02,  0.11036276E-03
    1804.,  0.51702827E+01,  0.10644387E+03, -0.11976790E+01, -0.22904772E-03, -0.36752074E-02, -0.85073027E-04
    1805.,  0.49987753E+01,  0.10582832E+03, -0.11976790E+01, -0.31991750E-05, -0.37901589E-02, -0.41474352E-03
    1806.,  0.48436426E+01,  0.10516392E+03, -0.11976790E+01,  0.24690411E-03, -0.39073018E-02, -0.10582872E-02
    1807.,  0.47178665E+01,  0.10445348E+03, -0.11976790E+01,  0.52927534E-03, -0.40190177E-02, -0.24262094E-02
    1808.,  0.46346001E+01,  0.10370625E+03, -0.11976790E+01,  0.85504934E-03, -0.41116612E-02, -0.52491370E-02
    1809.,  0.46039953E+01,  0.10293805E+03, -0.11976790E+01,  0.12044987E-02, -0.41751149E-02, -0.11218523E-01
    1810.,  0.46300929E+01,  0.10216900E+03, -0.11976790E+01,  0.19510040E-02, -0.41045936E-02, -0.23691455E-01
    1811.,  0.47094365E+01,  0.10141942E+03, -0.11976790E+01,  0.39621561E-02, -0.35374878E-02, -0.49064315E-01
    1812.,  0.48322632E+01,  0.10070558E+03, -0.11976790E+01,  0.92896612E-02, -0.11382812E-02, -0.10095608E+00
    1813.,  0.49855348E+01,  0.10003730E+03, -0.11976790E+01,  0.21847282E-01,  0.69472686E-02, -0.19163632E+00
    1814.,  0.51561607E+01,  0.99417843E+02, -0.11976790E+01,  0.43167472E-01,  0.24321382E-01, -0.31520696E+00
    1815.,  0.53331633E+01,  0.98845558E+02, -0.11976790E+01,  0.70883239E-01,  0.49985470E-01, -0.45614115E+00
    1816.,  0.55085065E+01,  0.98315865E+02, -0.11976790E+01,  0.10325090E+00,  0.82128348E-01, -0.60459338E+00
    1817.,  0.50858150E+01,  0.97237735E+02, -0.11976790E+01,  0.22798884E+00,  0.21338981E+00, -0.12020513E+01
    1818.,  0.56891908E+01,  0.97110516E+02, -0.11976790E+01,  0.20143796E+00,  0.18626185E+00, -0.10486587E+01
    1819.,  0.63203396E+01,  0.96977552E+02, -0.11976790E+01,  0.17266571E+00,  0.15576825E+00, -0.88702532E+00
    1820.,  0.69838512E+01,  0.96842664E+02, -0.11976790E+01,  0.13869125E+00,  0.11783296E+00, -0.71264893E+00
    1821.,  0.76834930E+01,  0.96711869E+02, -0.11976790E+01,  0.10027051E+00,  0.72855601E-01, -0.52904597E+00
    1822.,  0.84208872E+01,  0.96593545E+02, -0.11976790E+01,  0.62727745E-01,  0.32252901E-01, -0.34338262E+00
    1823.,  0.91938774E+01,  0.96497857E+02, -0.11976790E+01,  0.33620437E-01,  0.66984827E-02, -0.17945225E+00
    1824.,  0.99951909E+01,  0.96435112E+02, -0.11976790E+01,  0.13733452E-01, -0.16053463E-02, -0.45744893E-01
    1825.,  0.10812349E+02,  0.96413204E+02, -0.11976790E+01,  0.20740455E-02, -0.13878348E-02,  0.67785358E-01
    1826.,  0.11629507E+02,  0.96435112E+02, -0.11976790E+01, -0.11655198E-01,  0.19237426E-02,  0.16569496E+00
    1827.,  0.12430821E+02,  0.96497857E+02, -0.11976790E+01, -0.29610173E-01,  0.21856378E-01,  0.26235285E+00
    1828.,  0.13203811E+02,  0.96593545E+02, -0.11976790E+01, -0.49013062E-01,  0.52628290E-01,  0.39062571E+00
    1829.,  0.13941205E+02,  0.96711869E+02, -0.11976790E+01, -0.70654668E-01,  0.86292413E-01,  0.53660301E+00
    1830.,  0.14640847E+02,  0.96842664E+02, -0.11976790E+01, -0.95117700E-01,  0.12252560E+00,  0.68593680E+00
    1831.,  0.15304358E+02,  0.96977552E+02, -0.11976790E+01, -0.12014068E+00,  0.15801859E+00,  0.83162917E+00
    1832.,  0.15935507E+02,  0.97110516E+02, -0.11976790E+01, -0.14441196E+00,  0.19183995E+00,  0.97135164E+00
    1833.,  0.16538883E+02,  0.97237735E+02, -0.11976790E+01, -0.16567060E+00,  0.22166112E+00,  0.10999711E+01
    1834.,  0.16665231E+02,  0.97840603E+02, -0.11976790E+01, -0.11946506E+00,  0.15538716E+00,  0.85176101E+00
    1835.,  0.16796738E+02,  0.98471075E+02, -0.11976790E+01, -0.74002070E-01,  0.90991282E-01,  0.60113493E+00
    1836.,  0.16929490E+02,  0.99133493E+02, -0.11976790E+01, -0.35366616E-01,  0.38671464E-01,  0.36719162E+00
    1837.,  0.17057460E+02,  0.99831287E+02, -0.11976790E+01, -0.12159735E-01,  0.10278081E-01,  0.18716115E+00
    1838.,  0.17172413E+02,  0.10056571E+03, -0.11976790E+01, -0.32294205E-02,  0.10070475E-02,  0.81778803E-01
    1839.,  0.17264533E+02,  0.10133428E+03, -0.11976790E+01, -0.81982736E-03, -0.10330950E-02,  0.33859711E-01
    1840.,  0.17324041E+02,  0.10212967E+03, -0.11976790E+01, -0.35916915E-03, -0.13863168E-02,  0.13947107E-01
    1841.,  0.17343614E+02,  0.10293966E+03, -0.11976790E+01, -0.35697452E-03, -0.13967750E-02,  0.55232761E-02
    1842.,  0.17320661E+02,  0.10374902E+03, -0.11976790E+01, -0.37801116E-03, -0.13713744E-02,  0.19348718E-02
    1843.,  0.17258211E+02,  0.10454264E+03, -0.11976790E+01, -0.40688765E-03, -0.13360398E-02,  0.54995895E-03
    1844.,  0.17163879E+02,  0.10530868E+03, -0.11976790E+01, -0.43099799E-03, -0.13029536E-02,  0.56607291E-04
    1845.,  0.17047529E+02,  0.10604018E+03, -0.11976790E+01, -0.45256454E-03, -0.12721455E-02, -0.12086480E-03
    1846.,  0.16918899E+02,  0.10673505E+03, -0.11976790E+01, -0.47401036E-03, -0.12465674E-02, -0.18669451E-03
    1847.,  0.16786054E+02,  0.10739475E+03, -0.11976790E+01, -0.49767578E-03, -0.12257502E-02, -0.21391254E-03
    1848.,  0.16654842E+02,  0.10802284E+03, -0.11976790E+01, -0.52227036E-03, -0.12101637E-02, -0.22812713E-03
    1849.,  0.16529025E+02,  0.10862368E+03, -0.11976790E+01, -0.54547196E-03, -0.11997538E-02, -0.23628582E-03
    1850.,  0.15925098E+02,  0.10875015E+03, -0.11976790E+01, -0.55368933E-03, -0.11878853E-02, -0.12544912E-03
    1851.,  0.15293629E+02,  0.10888204E+03, -0.11976790E+01, -0.56746911E-03, -0.11711647E-02, -0.28727404E-04
    1852.,  0.14630185E+02,  0.10901554E+03, -0.11976790E+01, -0.58961998E-03, -0.11526682E-02,  0.46420068E-04
    1853.,  0.13931184E+02,  0.10914467E+03, -0.11976790E+01, -0.62368048E-03, -0.11383776E-02,  0.97945241E-04
    1854.,  0.13195179E+02,  0.10926122E+03, -0.11976790E+01, -0.67336678E-03, -0.11381735E-02,  0.12898081E-03
    1855.,  0.12424413E+02,  0.10935526E+03, -0.11976790E+01, -0.74092122E-03, -0.11661501E-02,  0.14564223E-03
    1856.,  0.11626077E+02,  0.10941683E+03, -0.11976790E+01, -0.82444989E-03, -0.12387228E-02,  0.15538863E-03
    1857.,  0.10812349E+02,  0.10943830E+03, -0.11976790E+01, -0.91583563E-03, -0.13697964E-02,  0.16618168E-03
    1858.,  0.99986211E+01,  0.10941683E+03, -0.11976790E+01, -0.10019196E-02, -0.15646616E-02,  0.18637584E-03
    1859.,  0.92002846E+01,  0.10935526E+03, -0.11976790E+01, -0.10696241E-02, -0.18167836E-02,  0.22387522E-03
    1860.,  0.84295193E+01,  0.10926122E+03, -0.11976790E+01, -0.11114113E-02, -0.21102645E-02,  0.28299811E-03
    1861.,  0.76935138E+01,  0.10914467E+03, -0.11976790E+01, -0.11269086E-02, -0.24260177E-02,  0.36028933E-03
    1862.,  0.69945129E+01,  0.10901554E+03, -0.11976790E+01, -0.11206355E-02, -0.27473016E-02,  0.44198508E-03
    1863.,  0.63310689E+01,  0.10888204E+03, -0.11976790E+01, -0.10986625E-02, -0.30623111E-02,  0.50347968E-03
    1864.,  0.56996001E+01,  0.10875015E+03, -0.11976790E+01, -0.10663320E-02, -0.33639011E-02,  0.51043976E-03
    1865.,  0.50956728E+01,  0.10862368E+03, -0.11976790E+01, -0.10277202E-02, -0.36481478E-02,  0.42809771E-03
    1866.,  0.49698556E+01,  0.10802284E+03, -0.11976790E+01, -0.80315042E-03, -0.37172309E-02,  0.22753744E-03
    1867.,  0.48386439E+01,  0.10739475E+03, -0.11976790E+01, -0.57292587E-03, -0.37970178E-02, -0.25842351E-04
    1868.,  0.47057993E+01,  0.10673505E+03, -0.11976790E+01, -0.33295665E-03, -0.38878581E-02, -0.39173371E-03
    1869.,  0.45771687E+01,  0.10604018E+03, -0.11976790E+01, -0.79960469E-04, -0.39896537E-02, -0.10014566E-02
    1870.,  0.44608192E+01,  0.10530868E+03, -0.11976790E+01,  0.19307783E-03, -0.40996416E-02, -0.21528222E-02
    1871.,  0.43664871E+01,  0.10454264E+03, -0.11976790E+01,  0.50005014E-03, -0.42157089E-02, -0.45260025E-02
    1872.,  0.43040373E+01,  0.10374902E+03, -0.11976790E+01,  0.86621775E-03, -0.43272026E-02, -0.94921151E-02
    1873.,  0.42810837E+01,  0.10293966E+03, -0.11976790E+01,  0.13129814E-02, -0.44497926E-02, -0.20612939E-01
    1874.,  0.43006569E+01,  0.10212967E+03, -0.11976790E+01,  0.26241579E-02, -0.42790058E-02, -0.45742238E-01
    1875.,  0.43601646E+01,  0.10133428E+03, -0.11976790E+01,  0.72444969E-02, -0.22785045E-02, -0.99346475E-01
    1876.,  0.44522847E+01,  0.10056571E+03, -0.11976790E+01,  0.20226034E-01,  0.60822431E-02, -0.20204511E+00
    1877.,  0.45672383E+01,  0.99831287E+02, -0.11976790E+01,  0.47268884E-01,  0.28253242E-01, -0.36221954E+00
    1878.,  0.46952078E+01,  0.99133493E+02, -0.11976790E+01,  0.87255122E-01,  0.66050866E-01, -0.56237000E+00
    1879.,  0.48279597E+01,  0.98471075E+02, -0.11976790E+01,  0.13407731E+00,  0.11370477E+00, -0.77860928E+00
    1880.,  0.49594671E+01,  0.97840603E+02, -0.11976790E+01,  0.18200166E+00,  0.16444641E+00, -0.99457357E+00
    1881.,  0.44946597E+01,  0.96652492E+02, -0.11976790E+01,  0.31750267E+00,  0.30701459E+00, -0.16481251E+01
    1882.,  0.52094102E+01,  0.96567679E+02, -0.11976790E+01,  0.27873096E+00,  0.26725409E+00, -0.14358984E+01
    1883.,  0.59426760E+01,  0.96479036E+02, -0.11976790E+01,  0.24213509E+00,  0.23011833E+00, -0.12276526E+01
    1884.,  0.66975171E+01,  0.96389110E+02, -0.11976790E+01,  0.20279843E+00,  0.18723029E+00, -0.10143163E+01
    1885.,  0.74764450E+01,  0.96301914E+02, -0.11976790E+01,  0.15372952E+00,  0.12923723E+00, -0.78084412E+00
    1886.,  0.82805411E+01,  0.96223031E+02, -0.11976790E+01,  0.10343540E+00,  0.69576429E-01, -0.53695597E+00
    1887.,  0.91083679E+01,  0.96159239E+02, -0.11976790E+01,  0.58116086E-01,  0.22188750E-01, -0.30316781E+00
    1888.,  0.99550769E+01,  0.96117410E+02, -0.11976790E+01,  0.24543237E-01, -0.80228392E-03, -0.94263699E-01
    1889.,  0.10812349E+02,  0.96102804E+02, -0.11976790E+01, -0.83057297E-03, -0.14239216E-02,  0.99887504E-01
    1890.,  0.11669621E+02,  0.96117410E+02, -0.11976790E+01, -0.24610235E-01,  0.80801058E-02,  0.26221081E+00
    1891.,  0.12516330E+02,  0.96159239E+02, -0.11976790E+01, -0.53135840E-01,  0.49111074E-01,  0.41378261E+00
    1892.,  0.13344157E+02,  0.96223031E+02, -0.11976790E+01, -0.78863389E-01,  0.95893022E-01,  0.58460867E+00
    1893.,  0.14148253E+02,  0.96301914E+02, -0.11976790E+01, -0.10736137E+00,  0.14063756E+00,  0.77395530E+00
    1894.,  0.14927181E+02,  0.96389110E+02, -0.11976790E+01, -0.14355732E+00,  0.19186534E+00,  0.97546235E+00
    1895.,  0.15682022E+02,  0.96479036E+02, -0.11976790E+01, -0.18413993E+00,  0.24875077E+00,  0.11881366E+01
    1896.,  0.16415288E+02,  0.96567679E+02, -0.11976790E+01, -0.22015869E+00,  0.30002054E+00,  0.13870663E+01
    1897.,  0.17130038E+02,  0.96652492E+02, -0.11976790E+01, -0.25038022E+00,  0.34254213E+00,  0.15690078E+01
    1898.,  0.17214270E+02,  0.97365341E+02, -0.11976790E+01, -0.18738194E+00,  0.25169347E+00,  0.12421278E+01
    1899.,  0.17301942E+02,  0.98096593E+02, -0.11976790E+01, -0.12553524E+00,  0.16285434E+00,  0.91450885E+00
    1900.,  0.17390443E+02,  0.98849142E+02, -0.11976790E+01, -0.68212936E-01,  0.82134569E-01,  0.59614279E+00
    1901.,  0.17475756E+02,  0.99625276E+02, -0.11976790E+01, -0.26309014E-01,  0.26739704E-01,  0.32436727E+00
    1902.,  0.17552392E+02,  0.10042583E+03, -0.11976790E+01, -0.67456111E-02,  0.40887599E-02,  0.14425715E+00
    1903.,  0.17613805E+02,  0.10124915E+03, -0.11976790E+01, -0.12927137E-02, -0.99722880E-03,  0.55734689E-01
    1904.,  0.17653477E+02,  0.10209034E+03, -0.11976790E+01, -0.41334406E-03, -0.14775773E-02,  0.21081462E-01
    1905.,  0.17666526E+02,  0.10294127E+03, -0.11976790E+01, -0.36978771E-03, -0.14270476E-02,  0.81492772E-02
    1906.,  0.17651223E+02,  0.10379178E+03, -0.11976790E+01, -0.38155188E-03, -0.13752008E-02,  0.29188744E-02
    1907.,  0.17609590E+02,  0.10463180E+03, -0.11976790E+01, -0.41179164E-03, -0.13336233E-02,  0.86060246E-03
    1908.,  0.17546702E+02,  0.10545343E+03, -0.11976790E+01, -0.44039992E-03, -0.12929482E-02,  0.94825174E-04
    1909.,  0.17469136E+02,  0.10625204E+03, -0.11976790E+01, -0.46423110E-03, -0.12615995E-02, -0.19077224E-03
    1910.,  0.17383382E+02,  0.10702622E+03, -0.11976790E+01, -0.48971671E-03, -0.12362197E-02, -0.30009594E-03
    1911.,  0.17294819E+02,  0.10777696E+03, -0.11976790E+01, -0.51627393E-03, -0.12175692E-02, -0.34910842E-03
    1912.,  0.17207344E+02,  0.10850662E+03, -0.11976790E+01, -0.54120450E-03, -0.12054672E-02, -0.37362699E-03
    1913.,  0.17123466E+02,  0.10921812E+03, -0.11976790E+01, -0.56042201E-03, -0.11993550E-02, -0.39005728E-03
    1914.,  0.16408348E+02,  0.10930243E+03, -0.11976790E+01, -0.56695473E-03, -0.11940047E-02, -0.24708236E-03
    1915.,  0.15674869E+02,  0.10939036E+03, -0.11976790E+01, -0.58006216E-03, -0.11806122E-02, -0.11639711E-03
    1916.,  0.14920073E+02,  0.10947936E+03, -0.11976790E+01, -0.60306420E-03, -0.11626222E-02, -0.88680882E-05
    1917.,  0.14141572E+02,  0.10956545E+03, -0.11976790E+01, -0.64034960E-03, -0.11468058E-02,  0.68541674E-04
    1918.,  0.13338402E+02,  0.10964315E+03, -0.11976790E+01, -0.69661135E-03, -0.11444278E-02,  0.11663498E-03
    1919.,  0.12512059E+02,  0.10970584E+03, -0.11976790E+01, -0.77491881E-03, -0.11712230E-02,  0.14293211E-03
    1920.,  0.11667334E+02,  0.10974689E+03, -0.11976790E+01, -0.87380226E-03, -0.12453459E-02,  0.15842299E-03
    1921.,  0.10812349E+02,  0.10976120E+03, -0.11976790E+01, -0.98502324E-03, -0.13824008E-02,  0.17536858E-03
    1922.,  0.99573637E+01,  0.10974689E+03, -0.11976790E+01, -0.10946573E-02, -0.15892556E-02,  0.20670091E-03
    1923.,  0.91126394E+01,  0.10970584E+03, -0.11976790E+01, -0.11881566E-02, -0.18605942E-02,  0.26465596E-03
    1924.,  0.82862959E+01,  0.10964315E+03, -0.11976790E+01, -0.12560282E-02, -0.21809321E-02,  0.35539938E-03
    1925.,  0.74831255E+01,  0.10956545E+03, -0.11976790E+01, -0.12960418E-02, -0.25304165E-02,  0.47113777E-03
    1926.,  0.67046249E+01,  0.10947936E+03, -0.11976790E+01, -0.13115416E-02, -0.28903981E-02,  0.58539583E-03
    1927.,  0.59498289E+01,  0.10939036E+03, -0.11976790E+01, -0.13081941E-02, -0.32462874E-02,  0.65545437E-03
    1928.,  0.52163497E+01,  0.10930243E+03, -0.11976790E+01, -0.12915266E-02, -0.35882060E-02,  0.63659928E-03
    1929.,  0.45012315E+01,  0.10921812E+03, -0.11976790E+01, -0.12660229E-02, -0.39102196E-02,  0.50622952E-03
    1930.,  0.44173534E+01,  0.10850662E+03, -0.11976790E+01, -0.98616980E-03, -0.39562251E-02,  0.20330282E-03
    1931.,  0.43298789E+01,  0.10777696E+03, -0.11976790E+01, -0.71069905E-03, -0.40140095E-02, -0.17629305E-03
    1932.,  0.42413158E+01,  0.10702622E+03, -0.11976790E+01, -0.43380581E-03, -0.40853537E-02, -0.72793089E-03
    1933.,  0.41555621E+01,  0.10625204E+03, -0.11976790E+01, -0.15058468E-03, -0.41729106E-02, -0.16431671E-02
    1934.,  0.40779958E+01,  0.10545343E+03, -0.11976790E+01,  0.14491722E-03, -0.42797072E-02, -0.33442024E-02
    1935.,  0.40151077E+01,  0.10463180E+03, -0.11976790E+01,  0.47762542E-03, -0.44014623E-02, -0.67722086E-02
    1936.,  0.39734745E+01,  0.10379178E+03, -0.11976790E+01,  0.89374979E-03, -0.45452696E-02, -0.13981095E-01
    1937.,  0.39581721E+01,  0.10294127E+03, -0.11976790E+01,  0.14718319E-02, -0.47639081E-02, -0.30801751E-01
    1938.,  0.39712209E+01,  0.10209034E+03, -0.11976790E+01,  0.35130775E-02, -0.44788299E-02, -0.71352601E-01
    1939.,  0.40108927E+01,  0.10124915E+03, -0.11976790E+01,  0.11726046E-01, -0.26276735E-03, -0.15988985E+00
    1940.,  0.40723061E+01,  0.10042583E+03, -0.11976790E+01,  0.34797747E-01,  0.17047274E-01, -0.32037001E+00
    1941.,  0.41489419E+01,  0.99625276E+02, -0.11976790E+01,  0.78198376E-01,  0.56440334E-01, -0.55129284E+00
    1942.,  0.42342548E+01,  0.98849142E+02, -0.11976790E+01,  0.13611594E+00,  0.11477364E+00, -0.82317391E+00
    1943.,  0.43227561E+01,  0.98096593E+02, -0.11976790E+01,  0.19847005E+00,  0.18052706E+00, -0.11052505E+01
    1944.,  0.44104277E+01,  0.97365341E+02, -0.11976790E+01,  0.25960990E+00,  0.24554440E+00, -0.13817289E+01
    1945.,  0.39035043E+01,  0.96067248E+02, -0.11976790E+01,  0.39796819E+00,  0.38908645E+00, -0.20715312E+01
    1946.,  0.47296296E+01,  0.96024841E+02, -0.11976790E+01,  0.35051383E+00,  0.34108547E+00, -0.18084617E+01
    1947.,  0.55650125E+01,  0.95980520E+02, -0.11976790E+01,  0.30026603E+00,  0.28919727E+00, -0.15370010E+01
    1948.,  0.64111830E+01,  0.95935557E+02, -0.11976790E+01,  0.25642484E+00,  0.24380282E+00, -0.12905186E+01
    1949.,  0.72693970E+01,  0.95891959E+02, -0.11976790E+01,  0.20940018E+00,  0.18965723E+00, -0.10400354E+01
    1950.,  0.81401950E+01,  0.95852518E+02, -0.11976790E+01,  0.14377070E+00,  0.10988151E+00, -0.73450776E+00
    1951.,  0.90228584E+01,  0.95820622E+02, -0.11976790E+01,  0.83242251E-01,  0.38616766E-01, -0.42904260E+00
    1952.,  0.99149629E+01,  0.95799707E+02, -0.11976790E+01,  0.35760152E-01,  0.39334363E-03, -0.14800828E+00
    1953.,  0.10812349E+02,  0.95792404E+02, -0.11976790E+01, -0.43404572E-02, -0.14659429E-02,  0.12402998E+00
    1954.,  0.11709735E+02,  0.95799707E+02, -0.11976790E+01, -0.43888102E-01,  0.13844502E-01,  0.37257079E+00
    1955.,  0.12601839E+02,  0.95820622E+02, -0.11976790E+01, -0.83749608E-01,  0.85713931E-01,  0.58306323E+00
    1956.,  0.13484503E+02,  0.95852518E+02, -0.11976790E+01, -0.11248976E+00,  0.14814962E+00,  0.79429590E+00
    1957.,  0.14355301E+02,  0.95891959E+02, -0.11976790E+01, -0.14639381E+00,  0.19691008E+00,  0.10167401E+01
    1958.,  0.15213515E+02,  0.95935557E+02, -0.11976790E+01, -0.20193720E+00,  0.27400256E+00,  0.12890331E+01
    1959.,  0.16059685E+02,  0.95980520E+02, -0.11976790E+01, -0.25525186E+00,  0.35064164E+00,  0.15620126E+01
    1960.,  0.16895068E+02,  0.96024841E+02, -0.11976790E+01, -0.29767332E+00,  0.41091483E+00,  0.18073370E+01
    1961.,  0.17721194E+02,  0.96067248E+02, -0.11976790E+01, -0.33724308E+00,  0.46769483E+00,  0.20442564E+01
    1962.,  0.17763310E+02,  0.96890079E+02, -0.11976790E+01, -0.25981204E+00,  0.35529532E+00,  0.16445626E+01
    1963.,  0.17807145E+02,  0.97722111E+02, -0.11976790E+01, -0.18157580E+00,  0.24197432E+00,  0.12408950E+01
    1964.,  0.17851396E+02,  0.98564792E+02, -0.11976790E+01, -0.10682653E+00,  0.13461992E+00,  0.84394888E+00
    1965.,  0.17894052E+02,  0.99419265E+02, -0.11976790E+01, -0.45356808E-01,  0.49878087E-01,  0.48361004E+00
    1966.,  0.17932370E+02,  0.10028595E+03, -0.11976790E+01, -0.11617554E-01,  0.81798126E-02,  0.21888403E+00
    1967.,  0.17963077E+02,  0.10116401E+03, -0.11976790E+01, -0.19584148E-02, -0.10873516E-02,  0.80244695E-01
    1968.,  0.17982913E+02,  0.10205102E+03, -0.11976790E+01, -0.50355289E-03, -0.15985463E-02,  0.28198145E-01
    1969.,  0.17989437E+02,  0.10294289E+03, -0.11976790E+01, -0.39557289E-03, -0.14393523E-02,  0.10725919E-01
    1970.,  0.17981786E+02,  0.10383455E+03, -0.11976790E+01, -0.38577619E-03, -0.13808842E-02,  0.38936452E-02
    1971.,  0.17960970E+02,  0.10472097E+03, -0.11976790E+01, -0.42122784E-03, -0.13216254E-02,  0.11694855E-02
    1972.,  0.17929526E+02,  0.10559819E+03, -0.11976790E+01, -0.44932393E-03, -0.12805679E-02,  0.12612039E-03
    1973.,  0.17890742E+02,  0.10646390E+03, -0.11976790E+01, -0.47587168E-03, -0.12470548E-02, -0.25890780E-03
    1974.,  0.17847866E+02,  0.10731739E+03, -0.11976790E+01, -0.50408055E-03, -0.12221742E-02, -0.41290639E-03
    1975.,  0.17803584E+02,  0.10815917E+03, -0.11976790E+01, -0.53220021E-03, -0.12058936E-02, -0.47894796E-03
    1976.,  0.17759847E+02,  0.10899041E+03, -0.11976790E+01, -0.55508428E-03, -0.11975390E-02, -0.51567790E-03
    1977.,  0.17717908E+02,  0.10981256E+03, -0.11976790E+01, -0.56873777E-03, -0.11952618E-02, -0.54151038E-03
    1978.,  0.16891599E+02,  0.10985472E+03, -0.11976790E+01, -0.57184357E-03, -0.11977575E-02, -0.36905060E-03
    1979.,  0.16056109E+02,  0.10989868E+03, -0.11976790E+01, -0.58193134E-03, -0.11896582E-02, -0.20692529E-03
    1980.,  0.15209961E+02,  0.10994318E+03, -0.11976790E+01, -0.60381095E-03, -0.11734139E-02, -0.68016647E-04
    1981.,  0.14351961E+02,  0.10998623E+03, -0.11976790E+01, -0.64359192E-03, -0.11566669E-02,  0.36127573E-04
    1982.,  0.13481625E+02,  0.11002507E+03, -0.11976790E+01, -0.70740651E-03, -0.11521691E-02,  0.10273027E-03
    1983.,  0.12599704E+02,  0.11005642E+03, -0.11976790E+01, -0.79905536E-03, -0.11775631E-02,  0.13967068E-03
    1984.,  0.11708592E+02,  0.11007694E+03, -0.11976790E+01, -0.91710145E-03, -0.12529775E-02,  0.16147903E-03
    1985.,  0.10812349E+02,  0.11008410E+03, -0.11976790E+01, -0.10527220E-02, -0.13958760E-02,  0.18515650E-03
    1986.,  0.99161063E+01,  0.11007694E+03, -0.11976790E+01, -0.11908067E-02, -0.16147664E-02,  0.22882780E-03
    1987.,  0.90249942E+01,  0.11005642E+03, -0.11976790E+01, -0.13148495E-02, -0.19055082E-02,  0.30969896E-03
    1988.,  0.81430724E+01,  0.11002507E+03, -0.11976790E+01, -0.14126923E-02, -0.22528514E-02,  0.43584542E-03
    1989.,  0.72727372E+01,  0.10998623E+03, -0.11976790E+01, -0.14794238E-02, -0.26358632E-02,  0.59351536E-03
    1990.,  0.64147369E+01,  0.10994318E+03, -0.11976790E+01, -0.15166388E-02, -0.30334954E-02,  0.73997457E-03
    1991.,  0.55685889E+01,  0.10989868E+03, -0.11976790E+01, -0.15300276E-02, -0.34279777E-02,  0.81451103E-03
    1992.,  0.47330993E+01,  0.10985472E+03, -0.11976790E+01, -0.15266541E-02, -0.38065169E-02,  0.77082606E-03
    1993.,  0.39067902E+01,  0.10981256E+03, -0.11976790E+01, -0.15131247E-02, -0.41641523E-02,  0.61236925E-03
    1994.,  0.38648512E+01,  0.10899041E+03, -0.11976790E+01, -0.11754821E-02, -0.41860379E-02,  0.21810171E-03
    1995.,  0.38211139E+01,  0.10815917E+03, -0.11976790E+01, -0.85062996E-03, -0.42191150E-02, -0.27801988E-03
    1996.,  0.37768324E+01,  0.10731739E+03, -0.11976790E+01, -0.53444970E-03, -0.42682141E-02, -0.10018442E-02
    1997.,  0.37339555E+01,  0.10646390E+03, -0.11976790E+01, -0.21855065E-03, -0.43384430E-02, -0.22137003E-02
    1998.,  0.36951723E+01,  0.10559819E+03, -0.11976790E+01,  0.10404354E-03, -0.44377778E-02, -0.44541943E-02
    1999.,  0.36637283E+01,  0.10472097E+03, -0.11976790E+01,  0.45804071E-03, -0.45737026E-02, -0.89065830E-02
    2000.,  0.36429117E+01,  0.10383455E+03, -0.11976790E+01,  0.93515483E-03, -0.47450254E-02, -0.18205293E-01
    2001.,  0.36352605E+01,  0.10294289E+03, -0.11976790E+01,  0.16850225E-02, -0.51188563E-02, -0.40671902E-01
    2002.,  0.36417849E+01,  0.10205102E+03, -0.11976790E+01,  0.45944397E-02, -0.49915655E-02, -0.97996432E-01
    2003.,  0.36616208E+01,  0.10116401E+03, -0.11976790E+01,  0.17033054E-01,  0.17961270E-02, -0.22566444E+00
    2004.,  0.36923275E+01,  0.10028595E+03, -0.11976790E+01,  0.51885804E-01,  0.30193184E-01, -0.44908056E+00
    2005.,  0.37306454E+01,  0.99419265E+02, -0.11976790E+01,  0.11293204E+00,  0.89336182E-01, -0.75199152E+00
    2006.,  0.37733019E+01,  0.98564792E+02, -0.11976790E+01,  0.18748703E+00,  0.16715298E+00, -0.10910646E+01
    2007.,  0.38175525E+01,  0.97722111E+02, -0.11976790E+01,  0.26393021E+00,  0.24858464E+00, -0.14345296E+01
    2008.,  0.38613883E+01,  0.96890079E+02, -0.11976790E+01,  0.33791724E+00,  0.32757370E+00, -0.17703385E+01
    2009.,  0.33123489E+01,  0.95482004E+02, -0.11976790E+01,  0.43515925E+00,  0.43339167E+00, -0.23813138E+01
    2010.,  0.42498489E+01,  0.95482004E+02, -0.11976790E+01,  0.37893763E+00,  0.37734871E+00, -0.20647134E+01
    2011.,  0.51873489E+01,  0.95482004E+02, -0.11976790E+01,  0.32267787E+00,  0.32126833E+00, -0.17498128E+01
    2012.,  0.61248489E+01,  0.95482004E+02, -0.11976790E+01,  0.26736355E+00,  0.25815155E+00, -0.14358008E+01
    2013.,  0.70623489E+01,  0.95482004E+02, -0.11976790E+01,  0.20428321E+00,  0.18616851E+00, -0.11183162E+01
    2014.,  0.79998489E+01,  0.95482004E+02, -0.11976790E+01,  0.14395271E+00,  0.11263350E+00, -0.80356005E+00
    2015.,  0.89373489E+01,  0.95482004E+02, -0.11976790E+01,  0.90404425E-01,  0.41940870E-01, -0.48919883E+00
    2016.,  0.98748489E+01,  0.95482004E+02, -0.11976790E+01,  0.44700702E-01, -0.40897100E-07, -0.17852622E+00
    2017.,  0.10812349E+02,  0.95482004E+02, -0.11976790E+01, -0.78295231E-02, -0.42614734E-07,  0.13088410E+00
    2018.,  0.11749849E+02,  0.95482004E+02, -0.11976790E+01, -0.60359748E-01, -0.44332373E-07,  0.44029442E+00
    2019.,  0.12687349E+02,  0.95482004E+02, -0.11976790E+01, -0.10334286E+00,  0.11910658E+00,  0.74208289E+00
    2020.,  0.13624849E+02,  0.95482004E+02, -0.11976790E+01, -0.15364993E+00,  0.21769034E+00,  0.10289761E+01
    2021.,  0.14562349E+02,  0.95482004E+02, -0.11976790E+01, -0.20945745E+00,  0.27711471E+00,  0.13203109E+01
    2022.,  0.15499849E+02,  0.95482004E+02, -0.11976790E+01, -0.26633627E+00,  0.36576017E+00,  0.16146156E+01
    2023.,  0.16437349E+02,  0.95482004E+02, -0.11976790E+01, -0.31983629E+00,  0.44197385E+00,  0.19196158E+01
    2024.,  0.17374849E+02,  0.95482004E+02, -0.11976790E+01, -0.37155785E+00,  0.51743408E+00,  0.22190680E+01
    2025.,  0.18312349E+02,  0.95482004E+02, -0.11976790E+01, -0.42315624E+00,  0.59096832E+00,  0.25171392E+01
    2026.,  0.18312349E+02,  0.96414817E+02, -0.11976790E+01, -0.33506131E+00,  0.46379123E+00,  0.20547519E+01
    2027.,  0.18312349E+02,  0.97347629E+02, -0.11976790E+01, -0.24144681E+00,  0.32726893E+00,  0.15778727E+01
    2028.,  0.18312349E+02,  0.98280441E+02, -0.11976790E+01, -0.14954197E+00,  0.19337300E+00,  0.11043631E+01
    2029.,  0.18312349E+02,  0.99213254E+02, -0.11976790E+01, -0.68346699E-01,  0.77144018E-01,  0.65718126E+00
    2030.,  0.18312349E+02,  0.10014607E+03, -0.11976790E+01, -0.17990257E-01,  0.11424980E-01,  0.30036677E+00
    2031.,  0.18312349E+02,  0.10107888E+03, -0.11976790E+01, -0.29341540E-02, -0.18367856E-02,  0.10374370E+00
    2032.,  0.18312349E+02,  0.10201169E+03, -0.11976790E+01, -0.64723964E-03, -0.16387040E-02,  0.34629844E-01
    2033.,  0.18312349E+02,  0.10294450E+03, -0.11976790E+01, -0.42024221E-03, -0.14669458E-02,  0.13008416E-01
    2034.,  0.18312349E+02,  0.10387732E+03, -0.11976790E+01, -0.39540327E-03, -0.13630716E-02,  0.47628115E-02
    2035.,  0.18312349E+02,  0.10481013E+03, -0.11976790E+01, -0.43040010E-03, -0.13082966E-02,  0.13886658E-02
    2036.,  0.18312349E+02,  0.10574294E+03, -0.11976790E+01, -0.45835709E-03, -0.12639859E-02,  0.12157088E-03
    2037.,  0.18312349E+02,  0.10667575E+03, -0.11976790E+01, -0.48698941E-03, -0.12286694E-02, -0.34933885E-03
    2038.,  0.18312349E+02,  0.10760857E+03, -0.11976790E+01, -0.51721264E-03, -0.12034030E-02, -0.52976507E-03
    2039.,  0.18312349E+02,  0.10854138E+03, -0.11976790E+01, -0.54525374E-03, -0.11910305E-02, -0.60934374E-03
    2040.,  0.18312349E+02,  0.10947419E+03, -0.11976790E+01, -0.56399630E-03, -0.11888419E-02, -0.65557150E-03
    2041.,  0.18312349E+02,  0.11040700E+03, -0.11976790E+01, -0.57467707E-03, -0.11893540E-02, -0.69242405E-03
    2042.,  0.17374849E+02,  0.11040700E+03, -0.11976790E+01, -0.57414676E-03, -0.11971651E-02, -0.49171266E-03
    2043.,  0.16437349E+02,  0.11040700E+03, -0.11976790E+01, -0.57669552E-03, -0.11961361E-02, -0.29964545E-03
    2044.,  0.15499849E+02,  0.11040700E+03, -0.11976790E+01, -0.59252949E-03, -0.11834962E-02, -0.12984285E-03
    2045.,  0.14562349E+02,  0.11040700E+03, -0.11976790E+01, -0.63196399E-03, -0.11671730E-02,  0.17352033E-05
    2046.,  0.13624849E+02,  0.11040700E+03, -0.11976790E+01, -0.70324466E-03, -0.11613168E-02,  0.87895665E-04
    2047.,  0.12687349E+02,  0.11040700E+03, -0.11976790E+01, -0.81084785E-03, -0.11855920E-02,  0.13605215E-03
    2048.,  0.11749849E+02,  0.11040700E+03, -0.11976790E+01, -0.95271472E-03, -0.12623491E-02,  0.16427623E-03
    2049.,  0.10812349E+02,  0.11040700E+03, -0.11976790E+01, -0.11186535E-02, -0.14111140E-02,  0.19476054E-03
    2050.,  0.98748489E+01,  0.11040700E+03, -0.11976790E+01, -0.12916492E-02, -0.16421245E-02,  0.25143937E-03
    2051.,  0.89373489E+01,  0.11040700E+03, -0.11976790E+01, -0.14524097E-02, -0.19523358E-02,  0.35727274E-03
    2052.,  0.79998489E+01,  0.11040700E+03, -0.11976790E+01, -0.15849556E-02, -0.23264750E-02,  0.52273776E-03
    2053.,  0.70623489E+01,  0.11040700E+03, -0.11976790E+01, -0.16802761E-02, -0.27421067E-02,  0.72672501E-03
    2054.,  0.61248489E+01,  0.11040700E+03, -0.11976790E+01, -0.17370895E-02, -0.31753880E-02,  0.90736850E-03
    2055.,  0.51873489E+01,  0.11040700E+03, -0.11976790E+01, -0.17610545E-02, -0.36052198E-02,  0.98583970E-03
    2056.,  0.42498489E+01,  0.11040700E+03, -0.11976790E+01, -0.17647535E-02, -0.40171859E-02,  0.92001784E-03
    2057.,  0.33123489E+01,  0.11040700E+03, -0.11976790E+01, -0.17637544E-02, -0.44148719E-02,  0.75022918E-03
    2058.,  0.33123489E+01,  0.10947419E+03, -0.11976790E+01, -0.13726784E-02, -0.44137424E-02,  0.28663187E-03
    2059.,  0.33123489E+01,  0.10854138E+03, -0.11976790E+01, -0.99556597E-03, -0.44167680E-02, -0.29292238E-03
    2060.,  0.33123489E+01,  0.10760857E+03, -0.11976790E+01, -0.63688285E-03, -0.44376491E-02, -0.11553565E-02
    2061.,  0.33123489E+01,  0.10667575E+03, -0.11976790E+01, -0.28742072E-03, -0.44871895E-02, -0.26124063E-02
    2062.,  0.33123489E+01,  0.10574294E+03, -0.11976790E+01,  0.65723094E-04, -0.45729100E-02, -0.53393189E-02
    2063.,  0.33123489E+01,  0.10481013E+03, -0.11976790E+01,  0.44386640E-03, -0.47115121E-02, -0.10735938E-01
    2064.,  0.33123489E+01,  0.10387732E+03, -0.11976790E+01,  0.97450925E-03, -0.49333003E-02, -0.21859324E-01
    2065.,  0.33123489E+01,  0.10294450E+03, -0.11976790E+01,  0.19714638E-02, -0.54665436E-02, -0.49242257E-01
    2066.,  0.33123489E+01,  0.10201169E+03, -0.11976790E+01,  0.59215566E-02, -0.60735801E-02, -0.12304170E+00
    2067.,  0.33123489E+01,  0.10107888E+03, -0.11976790E+01,  0.23014587E-01,  0.24588661E-02, -0.29246376E+00
    2068.,  0.33123489E+01,  0.10014607E+03, -0.11976790E+01,  0.71106955E-01,  0.44316779E-01, -0.58517769E+00
    2069.,  0.33123489E+01,  0.99213254E+02, -0.11976790E+01,  0.15066930E+00,  0.12592219E+00, -0.96164568E+00
    2070.,  0.33123489E+01,  0.98280441E+02, -0.11976790E+01,  0.24080354E+00,  0.22201105E+00, -0.13640326E+01
    2071.,  0.33123489E+01,  0.97347629E+02, -0.11976790E+01,  0.33112080E+00,  0.31890727E+00, -0.17679495E+01
    2072.,  0.33123489E+01,  0.96414817E+02, -0.11976790E+01,  0.41901891E+00,  0.41214950E+00, -0.21665637E+01
    2073.,  0.33123489E+01,  0.95482004E+02, -0.19237207E+01,  0.67230743E+00,  0.33254106E+00, -0.23339340E+01
    2074.,  0.42498489E+01,  0.95482004E+02, -0.19237207E+01,  0.61576665E+00,  0.27716822E+00, -0.20179979E+01
    2075.,  0.51873489E+01,  0.95482004E+02, -0.19237207E+01,  0.55971409E+00,  0.21869176E+00, -0.17028608E+01
    2076.,  0.61248489E+01,  0.95482004E+02, -0.19237207E+01,  0.49604472E+00,  0.10297645E+00, -0.13799053E+01
    2077.,  0.70623489E+01,  0.95482004E+02, -0.19237207E+01,  0.44191248E+00, -0.30383019E-07, -0.10660754E+01
    2078.,  0.79998489E+01,  0.95482004E+02, -0.19237207E+01,  0.38938226E+00, -0.32100662E-07, -0.75666513E+00
    2079.,  0.89373489E+01,  0.95482004E+02, -0.19237207E+01,  0.33685203E+00, -0.33818303E-07, -0.44725480E+00
    2080.,  0.98748489E+01,  0.95482004E+02, -0.19237207E+01,  0.28432181E+00, -0.35535935E-07, -0.13784448E+00
    2081.,  0.10812349E+02,  0.95482004E+02, -0.19237207E+01,  0.23179158E+00, -0.37253576E-07,  0.17156584E+00
    2082.,  0.11749849E+02,  0.95482004E+02, -0.19237207E+01,  0.17926136E+00, -0.38971222E-07,  0.48097616E+00
    2083.,  0.12687349E+02,  0.95482004E+02, -0.19237207E+01,  0.12673113E+00, -0.40688854E-07,  0.79038649E+00
    2084.,  0.13624849E+02,  0.95482004E+02, -0.19237207E+01,  0.74200907E-01, -0.42406474E-07,  0.10997968E+01
    2085.,  0.14562349E+02,  0.95482004E+02, -0.19237207E+01,  0.21670682E-01, -0.44124110E-07,  0.14092071E+01
    2086.,  0.15499849E+02,  0.95482004E+02, -0.19237207E+01, -0.29452995E-01,  0.90903033E-01,  0.17142816E+01
    2087.,  0.16437349E+02,  0.95482004E+02, -0.19237207E+01, -0.82248132E-01,  0.18657838E+00,  0.20095026E+01
    2088.,  0.17374849E+02,  0.95482004E+02, -0.19237207E+01, -0.13600339E+00,  0.24620491E+00,  0.23142124E+01
    2089.,  0.18312349E+02,  0.95482004E+02, -0.19237207E+01, -0.18931040E+00,  0.29845685E+00,  0.26208608E+01
    2090.,  0.33123489E+01,  0.95482004E+02, -0.26497623E+01,  0.89712511E+00,  0.13448601E+00, -0.22696394E+01
    2091.,  0.42498489E+01,  0.95482004E+02, -0.26497623E+01,  0.84290238E+00,  0.10027636E+00, -0.19588435E+01
    2092.,  0.51873489E+01,  0.95482004E+02, -0.26497623E+01,  0.78817140E+00,  0.57809462E-01, -0.16464526E+01
    2093.,  0.61248489E+01,  0.95482004E+02, -0.26497623E+01,  0.73406381E+00, -0.23304231E-07, -0.13348040E+01
    2094.,  0.70623489E+01,  0.95482004E+02, -0.26497623E+01,  0.68153359E+00, -0.25021862E-07, -0.10253937E+01
    2095.,  0.79998489E+01,  0.95482004E+02, -0.26497623E+01,  0.62900336E+00, -0.26739499E-07, -0.71598339E+00
    2096.,  0.89373489E+01,  0.95482004E+02, -0.26497623E+01,  0.57647314E+00, -0.28457147E-07, -0.40657306E+00
    2097.,  0.98748489E+01,  0.95482004E+02, -0.26497623E+01,  0.52394291E+00, -0.30174792E-07, -0.97162741E-01
    2098.,  0.10812349E+02,  0.95482004E+02, -0.26497623E+01,  0.47141269E+00, -0.31892410E-07,  0.21224758E+00
    2099.,  0.11749849E+02,  0.95482004E+02, -0.26497623E+01,  0.41888246E+00, -0.33610057E-07,  0.52165790E+00
    2100.,  0.12687349E+02,  0.95482004E+02, -0.26497623E+01,  0.36635224E+00, -0.35327690E-07,  0.83106823E+00
    2101.,  0.13624849E+02,  0.95482004E+02, -0.26497623E+01,  0.31382201E+00, -0.37045326E-07,  0.11404785E+01
    2102.,  0.14562349E+02,  0.95482004E+02, -0.26497623E+01,  0.26129179E+00, -0.38762968E-07,  0.14498889E+01
    2103.,  0.15499849E+02,  0.95482004E+02, -0.26497623E+01,  0.20876156E+00, -0.40480600E-07,  0.17592992E+01
    2104.,  0.16437349E+02,  0.95482004E+02, -0.26497623E+01,  0.15658689E+00,  0.43966676E-01,  0.20665757E+01
    2105.,  0.17374849E+02,  0.95482004E+02, -0.26497623E+01,  0.10404197E+00,  0.94059224E-01,  0.23727709E+01
    2106.,  0.18312349E+02,  0.95482004E+02, -0.26497623E+01,  0.50221117E-01,  0.11786224E+00,  0.26838806E+01
    2107.,  0.33123489E+01,  0.95482004E+02, -0.33758040E+01,  0.11311933E+01,  0.17376677E-01, -0.22216806E+01
    2108.,  0.42498489E+01,  0.95482004E+02, -0.33758040E+01,  0.10787454E+01, -0.14507812E-07, -0.19129429E+01
    2109.,  0.51873489E+01,  0.95482004E+02, -0.33758040E+01,  0.10262151E+01, -0.16225443E-07, -0.16035326E+01
    2110.,  0.61248489E+01,  0.95482004E+02, -0.33758040E+01,  0.97368492E+00, -0.17943074E-07, -0.12941223E+01
    2111.,  0.70623489E+01,  0.95482004E+02, -0.33758040E+01,  0.92115469E+00, -0.19660708E-07, -0.98471197E+00
    2112.,  0.79998489E+01,  0.95482004E+02, -0.33758040E+01,  0.86862447E+00, -0.21378354E-07, -0.67530165E+00
    2113.,  0.89373489E+01,  0.95482004E+02, -0.33758040E+01,  0.81609424E+00, -0.23095978E-07, -0.36589132E+00
    2114.,  0.98748489E+01,  0.95482004E+02, -0.33758040E+01,  0.76356402E+00, -0.24813618E-07, -0.56481000E-01
    2115.,  0.10812349E+02,  0.95482004E+02, -0.33758040E+01,  0.71103379E+00, -0.26531268E-07,  0.25292932E+00
    2116.,  0.11749849E+02,  0.95482004E+02, -0.33758040E+01,  0.65850357E+00, -0.28248904E-07,  0.56233964E+00
    2117.,  0.12687349E+02,  0.95482004E+02, -0.33758040E+01,  0.60597334E+00, -0.29966538E-07,  0.87174997E+00
    2118.,  0.13624849E+02,  0.95482004E+02, -0.33758040E+01,  0.55344312E+00, -0.31684176E-07,  0.11811603E+01
    2119.,  0.14562349E+02,  0.95482004E+02, -0.33758040E+01,  0.50091289E+00, -0.33401797E-07,  0.14905706E+01
    2120.,  0.15499849E+02,  0.95482004E+02, -0.33758040E+01,  0.44838267E+00, -0.35119458E-07,  0.17999809E+01
    2121.,  0.16437349E+02,  0.95482004E+02, -0.33758040E+01,  0.39585244E+00, -0.36837087E-07,  0.21093913E+01
    2122.,  0.17374849E+02,  0.95482004E+02, -0.33758040E+01,  0.34363051E+00,  0.21310224E-01,  0.24181925E+01
    2123.,  0.18312349E+02,  0.95482004E+02, -0.33758040E+01,  0.29066705E+00,  0.31182903E-01,  0.27281454E+01
    2124.,  0.33123489E+01,  0.95482004E+02, -0.41018457E+01,  0.13708582E+01, -0.18062958E-02, -0.21815348E+01
    2125.,  0.42498489E+01,  0.95482004E+02, -0.41018457E+01,  0.13183665E+01, -0.91466513E-08, -0.18722612E+01
    2126.,  0.51873489E+01,  0.95482004E+02, -0.41018457E+01,  0.12658362E+01, -0.10864279E-07, -0.15628509E+01
    2127.,  0.61248489E+01,  0.95482004E+02, -0.41018457E+01,  0.12133060E+01, -0.12581929E-07, -0.12534405E+01
    2128.,  0.70623489E+01,  0.95482004E+02, -0.41018457E+01,  0.11607758E+01, -0.14299552E-07, -0.94403023E+00
    2129.,  0.79998489E+01,  0.95482004E+02, -0.41018457E+01,  0.11082456E+01, -0.16017189E-07, -0.63461990E+00
    2130.,  0.89373489E+01,  0.95482004E+02, -0.41018457E+01,  0.10557153E+01, -0.17734836E-07, -0.32520958E+00
    2131.,  0.98748489E+01,  0.95482004E+02, -0.41018457E+01,  0.10031851E+01, -0.19452469E-07, -0.15799259E-01
    2132.,  0.10812349E+02,  0.95482004E+02, -0.41018457E+01,  0.95065490E+00, -0.21170117E-07,  0.29361106E+00
    2133.,  0.11749849E+02,  0.95482004E+02, -0.41018457E+01,  0.89812467E+00, -0.22887743E-07,  0.60302139E+00
    2134.,  0.12687349E+02,  0.95482004E+02, -0.41018457E+01,  0.84559445E+00, -0.24605382E-07,  0.91243171E+00
    2135.,  0.13624849E+02,  0.95482004E+02, -0.41018457E+01,  0.79306422E+00, -0.26323008E-07,  0.12218420E+01
    2136.,  0.14562349E+02,  0.95482004E+02, -0.41018457E+01,  0.74053400E+00, -0.28040651E-07,  0.15312524E+01
    2137.,  0.15499849E+02,  0.95482004E+02, -0.41018457E+01,  0.68800377E+00, -0.29758307E-07,  0.18406627E+01
    2138.,  0.16437349E+02,  0.95482004E+02, -0.41018457E+01,  0.63547355E+00, -0.31475939E-07,  0.21500730E+01
    2139.,  0.17374849E+02,  0.95482004E+02, -0.41018457E+01,  0.58294332E+00, -0.33193567E-07,  0.24594833E+01
    2140.,  0.18312349E+02,  0.95482004E+02, -0.41018457E+01,  0.53050725E+00,  0.35465863E-02,  0.27689035E+01
    2141.,  0.33123489E+01,  0.95482004E+02, -0.48278873E+01,  0.16105178E+01, -0.20678613E-08, -0.21409898E+01
    2142.,  0.42498489E+01,  0.95482004E+02, -0.48278873E+01,  0.15579876E+01, -0.37855006E-08, -0.18315795E+01
    2143.,  0.51873489E+01,  0.95482004E+02, -0.48278873E+01,  0.15054574E+01, -0.55031221E-08, -0.15221691E+01
    2144.,  0.61248489E+01,  0.95482004E+02, -0.48278873E+01,  0.14529271E+01, -0.72207601E-08, -0.12127588E+01
    2145.,  0.70623489E+01,  0.95482004E+02, -0.48278873E+01,  0.14003969E+01, -0.89384000E-08, -0.90334849E+00
    2146.,  0.79998489E+01,  0.95482004E+02, -0.48278873E+01,  0.13478667E+01, -0.10656032E-07, -0.59393816E+00
    2147.,  0.89373489E+01,  0.95482004E+02, -0.48278873E+01,  0.12953365E+01, -0.12373676E-07, -0.28452784E+00
    2148.,  0.98748489E+01,  0.95482004E+02, -0.48278873E+01,  0.12428062E+01, -0.14091306E-07,  0.24882482E-01
    2149.,  0.10812349E+02,  0.95482004E+02, -0.48278873E+01,  0.11902760E+01, -0.15808954E-07,  0.33429280E+00
    2150.,  0.11749849E+02,  0.95482004E+02, -0.48278873E+01,  0.11377458E+01, -0.17526584E-07,  0.64370313E+00
    2151.,  0.12687349E+02,  0.95482004E+02, -0.48278873E+01,  0.10852156E+01, -0.19244222E-07,  0.95311345E+00
    2152.,  0.13624849E+02,  0.95482004E+02, -0.48278873E+01,  0.10326853E+01, -0.20961857E-07,  0.12625238E+01
    2153.,  0.14562349E+02,  0.95482004E+02, -0.48278873E+01,  0.98015510E+00, -0.22679507E-07,  0.15719341E+01
    2154.,  0.15499849E+02,  0.95482004E+02, -0.48278873E+01,  0.92762488E+00, -0.24397144E-07,  0.18813444E+01
    2155.,  0.16437349E+02,  0.95482004E+02, -0.48278873E+01,  0.87509465E+00, -0.26114774E-07,  0.21907547E+01
    2156.,  0.17374849E+02,  0.95482004E+02, -0.48278873E+01,  0.82256443E+00, -0.27832418E-07,  0.25001651E+01
    2157.,  0.18312349E+02,  0.95482004E+02, -0.48278873E+01,  0.77003420E+00, -0.29550055E-07,  0.28095754E+01
    2158.,  0.33123489E+01,  0.95482004E+02, -0.55539290E+01,  0.18501389E+01,  0.32932982E-08, -0.21003080E+01
    2159.,  0.42498489E+01,  0.95482004E+02, -0.55539290E+01,  0.17976087E+01,  0.15756647E-08, -0.17908977E+01
    2160.,  0.51873489E+01,  0.95482004E+02, -0.55539290E+01,  0.17450785E+01, -0.14198398E-09, -0.14814874E+01
    2161.,  0.61248489E+01,  0.95482004E+02, -0.55539290E+01,  0.16925482E+01, -0.18596184E-08, -0.11720771E+01
    2162.,  0.70623489E+01,  0.95482004E+02, -0.55539290E+01,  0.16400180E+01, -0.35772496E-08, -0.86266674E+00
    2163.,  0.79998489E+01,  0.95482004E+02, -0.55539290E+01,  0.15874878E+01, -0.52948847E-08, -0.55325642E+00
    2164.,  0.89373489E+01,  0.95482004E+02, -0.55539290E+01,  0.15349576E+01, -0.70125216E-08, -0.24384610E+00
    2165.,  0.98748489E+01,  0.95482004E+02, -0.55539290E+01,  0.14824273E+01, -0.87301588E-08,  0.65564223E-01
    2166.,  0.10812349E+02,  0.95482004E+02, -0.55539290E+01,  0.14298971E+01, -0.10447784E-07,  0.37497455E+00
    2167.,  0.11749849E+02,  0.95482004E+02, -0.55539290E+01,  0.13773669E+01, -0.12165444E-07,  0.68438487E+00
    2168.,  0.12687349E+02,  0.95482004E+02, -0.55539290E+01,  0.13248367E+01, -0.13883074E-07,  0.99379519E+00
    2169.,  0.13624849E+02,  0.95482004E+02, -0.55539290E+01,  0.12723064E+01, -0.15600698E-07,  0.13032055E+01
    2170.,  0.14562349E+02,  0.95482004E+02, -0.55539290E+01,  0.12197762E+01, -0.17318359E-07,  0.16126158E+01
    2171.,  0.15499849E+02,  0.95482004E+02, -0.55539290E+01,  0.11672460E+01, -0.19035995E-07,  0.19220262E+01
    2172.,  0.16437349E+02,  0.95482004E+02, -0.55539290E+01,  0.11147158E+01, -0.20753615E-07,  0.22314365E+01
    2173.,  0.17374849E+02,  0.95482004E+02, -0.55539290E+01,  0.10621855E+01, -0.22471254E-07,  0.25408468E+01
    2174.,  0.18312349E+02,  0.95482004E+02, -0.55539290E+01,  0.10096553E+01, -0.24188883E-07,  0.28502571E+01
    2175.,  0.33123489E+01,  0.95482004E+02, -0.62799707E+01,  0.20897600E+01,  0.86544509E-08, -0.20596263E+01
    2176.,  0.42498489E+01,  0.95482004E+02, -0.62799707E+01,  0.20372298E+01,  0.69368121E-08, -0.17502160E+01
    2177.,  0.51873489E+01,  0.95482004E+02, -0.62799707E+01,  0.19846996E+01,  0.52191800E-08, -0.14408056E+01
    2178.,  0.61248489E+01,  0.95482004E+02, -0.62799707E+01,  0.19321693E+01,  0.35015377E-08, -0.11313953E+01
    2179.,  0.70623489E+01,  0.95482004E+02, -0.62799707E+01,  0.18796391E+01,  0.17839089E-08, -0.82198500E+00
    2180.,  0.79998489E+01,  0.95482004E+02, -0.62799707E+01,  0.18271089E+01,  0.66257494E-10, -0.51257468E+00
    2181.,  0.89373489E+01,  0.95482004E+02, -0.62799707E+01,  0.17745787E+01, -0.16513794E-08, -0.20316436E+00
    2182.,  0.98748489E+01,  0.95482004E+02, -0.62799707E+01,  0.17220484E+01, -0.33690115E-08,  0.10624596E+00
    2183.,  0.10812349E+02,  0.95482004E+02, -0.62799707E+01,  0.16695182E+01, -0.50866420E-08,  0.41565629E+00
    2184.,  0.11749849E+02,  0.95482004E+02, -0.62799707E+01,  0.16169880E+01, -0.68042697E-08,  0.72506661E+00
    2185.,  0.12687349E+02,  0.95482004E+02, -0.62799707E+01,  0.15644578E+01, -0.85219119E-08,  0.10344769E+01
    2186.,  0.13624849E+02,  0.95482004E+02, -0.62799707E+01,  0.15119275E+01, -0.10239544E-07,  0.13438873E+01
    2187.,  0.14562349E+02,  0.95482004E+02, -0.62799707E+01,  0.14593973E+01, -0.11957196E-07,  0.16532976E+01
    2188.,  0.15499849E+02,  0.95482004E+02, -0.62799707E+01,  0.14068671E+01, -0.13674832E-07,  0.19627079E+01
    2189.,  0.16437349E+02,  0.95482004E+02, -0.62799707E+01,  0.13543369E+01, -0.15392472E-07,  0.22721182E+01
    2190.,  0.17374849E+02,  0.95482004E+02, -0.62799707E+01,  0.13018066E+01, -0.17110105E-07,  0.25815285E+01
    2191.,  0.18312349E+02,  0.95482004E+02, -0.62799707E+01,  0.12492764E+01, -0.18827747E-07,  0.28909389E+01
    2192.,  0.33123489E+01,  0.95482004E+02, -0.70060123E+01,  0.23293811E+01,  0.14015610E-07, -0.20189446E+01
    2193.,  0.42498489E+01,  0.95482004E+02, -0.70060123E+01,  0.22768509E+01,  0.12297965E-07, -0.17095342E+01
    2194.,  0.51873489E+01,  0.95482004E+02, -0.70060123E+01,  0.22243207E+01,  0.10580337E-07, -0.14001239E+01
    2195.,  0.61248489E+01,  0.95482004E+02, -0.70060123E+01,  0.21717904E+01,  0.88626954E-08, -0.10907136E+01
    2196.,  0.70623489E+01,  0.95482004E+02, -0.70060123E+01,  0.21192602E+01,  0.71450628E-08, -0.78130326E+00
    2197.,  0.79998489E+01,  0.95482004E+02, -0.70060123E+01,  0.20667300E+01,  0.54274259E-08, -0.47189294E+00
    2198.,  0.89373489E+01,  0.95482004E+02, -0.70060123E+01,  0.20141998E+01,  0.37097905E-08, -0.16248262E+00
    2199.,  0.98748489E+01,  0.95482004E+02, -0.70060123E+01,  0.19616695E+01,  0.19921431E-08,  0.14692771E+00
    2200.,  0.10812349E+02,  0.95482004E+02, -0.70060123E+01,  0.19091393E+01,  0.27452225E-09,  0.45633803E+00
    2201.,  0.11749849E+02,  0.95482004E+02, -0.70060123E+01,  0.18566091E+01, -0.14431246E-08,  0.76574835E+00
    2202.,  0.12687349E+02,  0.95482004E+02, -0.70060123E+01,  0.18040789E+01, -0.31607533E-08,  0.10751587E+01
    2203.,  0.13624849E+02,  0.95482004E+02, -0.70060123E+01,  0.17515486E+01, -0.48783871E-08,  0.13845690E+01
    2204.,  0.14562349E+02,  0.95482004E+02, -0.70060123E+01,  0.16990184E+01, -0.65960304E-08,  0.16939793E+01
    2205.,  0.15499849E+02,  0.95482004E+02, -0.70060123E+01,  0.16464882E+01, -0.83136706E-08,  0.20033896E+01
    2206.,  0.16437349E+02,  0.95482004E+02, -0.70060123E+01,  0.15939580E+01, -0.10031301E-07,  0.23128000E+01
    2207.,  0.17374849E+02,  0.95482004E+02, -0.70060123E+01,  0.15414277E+01, -0.11748951E-07,  0.26222103E+01
    2208.,  0.18312349E+02,  0.95482004E+02, -0.70060123E+01,  0.14888975E+01, -0.13466582E-07,  0.29316206E+01
    2209.,  0.33123489E+01,  0.95482004E+02, -0.77320540E+01,  0.25690022E+01,  0.19376761E-07, -0.19782628E+01
    2210.,  0.42498489E+01,  0.95482004E+02, -0.77320540E+01,  0.25164720E+01,  0.17659113E-07, -0.16688525E+01
    2211.,  0.51873489E+01,  0.95482004E+02, -0.77320540E+01,  0.24639418E+01,  0.15941488E-07, -0.13594422E+01
    2212.,  0.61248489E+01,  0.95482004E+02, -0.77320540E+01,  0.24114116E+01,  0.14223848E-07, -0.10500318E+01
    2213.,  0.70623489E+01,  0.95482004E+02, -0.77320540E+01,  0.23588813E+01,  0.12506208E-07, -0.74062152E+00
    2214.,  0.79998489E+01,  0.95482004E+02, -0.77320540E+01,  0.23063511E+01,  0.10788569E-07, -0.43121120E+00
    2215.,  0.89373489E+01,  0.95482004E+02, -0.77320540E+01,  0.22538209E+01,  0.90709414E-08, -0.12180088E+00
    2216.,  0.98748489E+01,  0.95482004E+02, -0.77320540E+01,  0.22012906E+01,  0.73533159E-08,  0.18760945E+00
    2217.,  0.10812349E+02,  0.95482004E+02, -0.77320540E+01,  0.21487604E+01,  0.56356667E-08,  0.49701977E+00
    2218.,  0.11749849E+02,  0.95482004E+02, -0.77320540E+01,  0.20962302E+01,  0.39180341E-08,  0.80643009E+00
    2219.,  0.12687349E+02,  0.95482004E+02, -0.77320540E+01,  0.20437000E+01,  0.22003983E-08,  0.11158404E+01
    2220.,  0.13624849E+02,  0.95482004E+02, -0.77320540E+01,  0.19911697E+01,  0.48277098E-09,  0.14252507E+01
    2221.,  0.14562349E+02,  0.95482004E+02, -0.77320540E+01,  0.19386395E+01, -0.12348843E-08,  0.17346611E+01
    2222.,  0.15499849E+02,  0.95482004E+02, -0.77320540E+01,  0.18861093E+01, -0.29525213E-08,  0.20440714E+01
    2223.,  0.16437349E+02,  0.95482004E+02, -0.77320540E+01,  0.18335791E+01, -0.46701530E-08,  0.23534817E+01
    2224.,  0.17374849E+02,  0.95482004E+02, -0.77320540E+01,  0.17810488E+01, -0.63877823E-08,  0.26628920E+01
    2225.,  0.18312349E+02,  0.95482004E+02, -0.77320540E+01,  0.17285186E+01, -0.81054241E-08,  0.29723023E+01
    2226.,  0.33123489E+01,  0.95482004E+02, -0.84580957E+01,  0.28086233E+01,  0.24737919E-07, -0.19375811E+01
    2227.,  0.42498489E+01,  0.95482004E+02, -0.84580957E+01,  0.27560931E+01,  0.23020279E-07, -0.16281707E+01
    2228.,  0.51873489E+01,  0.95482004E+02, -0.84580957E+01,  0.27035629E+01,  0.21302654E-07, -0.13187604E+01
    2229.,  0.61248489E+01,  0.95482004E+02, -0.84580957E+01,  0.26510327E+01,  0.19585013E-07, -0.10093501E+01
    2230.,  0.70623489E+01,  0.95482004E+02, -0.84580957E+01,  0.25985024E+01,  0.17867365E-07, -0.69993978E+00
    2231.,  0.79998489E+01,  0.95482004E+02, -0.84580957E+01,  0.25459722E+01,  0.16149731E-07, -0.39052946E+00
    2232.,  0.89373489E+01,  0.95482004E+02, -0.84580957E+01,  0.24934420E+01,  0.14432101E-07, -0.81119135E-01
    2233.,  0.98748489E+01,  0.95482004E+02, -0.84580957E+01,  0.24409118E+01,  0.12714452E-07,  0.22829119E+00
    2234.,  0.10812349E+02,  0.95482004E+02, -0.84580957E+01,  0.23883815E+01,  0.10996822E-07,  0.53770151E+00
    2235.,  0.11749849E+02,  0.95482004E+02, -0.84580957E+01,  0.23358513E+01,  0.92791795E-08,  0.84711183E+00
    2236.,  0.12687349E+02,  0.95482004E+02, -0.84580957E+01,  0.22833211E+01,  0.75615471E-08,  0.11565222E+01
    2237.,  0.13624849E+02,  0.95482004E+02, -0.84580957E+01,  0.22307909E+01,  0.58439006E-08,  0.14659325E+01
    2238.,  0.14562349E+02,  0.95482004E+02, -0.84580957E+01,  0.21782606E+01,  0.41262776E-08,  0.17753428E+01
    2239.,  0.15499849E+02,  0.95482004E+02, -0.84580957E+01,  0.21257304E+01,  0.24086346E-08,  0.20847531E+01
    2240.,  0.16437349E+02,  0.95482004E+02, -0.84580957E+01,  0.20732002E+01,  0.69099787E-09,  0.23941634E+01
    2241.,  0.17374849E+02,  0.95482004E+02, -0.84580957E+01,  0.20206700E+01, -0.10266421E-08,  0.27035738E+01
    2242.,  0.18312349E+02,  0.95482004E+02, -0.84580957E+01,  0.19681397E+01, -0.27442759E-08,  0.30129841E+01
    2243.,  0.33123489E+01,  0.95482004E+02, -0.91841373E+01,  0.30482444E+01,  0.30099068E-07, -0.18968993E+01
    2244.,  0.42498489E+01,  0.95482004E+02, -0.91841373E+01,  0.29957142E+01,  0.28381435E-07, -0.15874890E+01
    2245.,  0.51873489E+01,  0.95482004E+02, -0.91841373E+01,  0.29431840E+01,  0.26663809E-07, -0.12780787E+01
    2246.,  0.61248489E+01,  0.95482004E+02, -0.91841373E+01,  0.28906538E+01,  0.24946171E-07, -0.96866836E+00
    2247.,  0.70623489E+01,  0.95482004E+02, -0.91841373E+01,  0.28381235E+01,  0.23228524E-07, -0.65925804E+00
    2248.,  0.79998489E+01,  0.95482004E+02, -0.91841373E+01,  0.27855933E+01,  0.21510883E-07, -0.34984772E+00
    2249.,  0.89373489E+01,  0.95482004E+02, -0.91841373E+01,  0.27330631E+01,  0.19793262E-07, -0.40437394E-01
    2250.,  0.98748489E+01,  0.95482004E+02, -0.91841373E+01,  0.26805329E+01,  0.18075614E-07,  0.26897293E+00
    2251.,  0.10812349E+02,  0.95482004E+02, -0.91841373E+01,  0.26280026E+01,  0.16357983E-07,  0.57838325E+00
    2252.,  0.11749849E+02,  0.95482004E+02, -0.91841373E+01,  0.25754724E+01,  0.14640334E-07,  0.88779357E+00
    2253.,  0.12687349E+02,  0.95482004E+02, -0.91841373E+01,  0.25229422E+01,  0.12922700E-07,  0.11972039E+01
    2254.,  0.13624849E+02,  0.95482004E+02, -0.91841373E+01,  0.24704120E+01,  0.11205068E-07,  0.15066142E+01
    2255.,  0.14562349E+02,  0.95482004E+02, -0.91841373E+01,  0.24178817E+01,  0.94874204E-08,  0.18160245E+01
    2256.,  0.15499849E+02,  0.95482004E+02, -0.91841373E+01,  0.23653515E+01,  0.77697867E-08,  0.21254349E+01
    2257.,  0.16437349E+02,  0.95482004E+02, -0.91841373E+01,  0.23128213E+01,  0.60521550E-08,  0.24348452E+01
    2258.,  0.17374849E+02,  0.95482004E+02, -0.91841373E+01,  0.22602911E+01,  0.43345257E-08,  0.27442555E+01
    2259.,  0.18312349E+02,  0.95482004E+02, -0.91841373E+01,  0.22077608E+01,  0.26168794E-08,  0.30536658E+01
    2260.,  0.33123489E+01,  0.95482004E+02, -0.99101790E+01,  0.32878655E+01,  0.35460223E-07, -0.18562176E+01
    2261.,  0.42498489E+01,  0.95482004E+02, -0.99101790E+01,  0.32353353E+01,  0.33742587E-07, -0.15468073E+01
    2262.,  0.51873489E+01,  0.95482004E+02, -0.99101790E+01,  0.31828051E+01,  0.32024967E-07, -0.12373969E+01
    2263.,  0.61248489E+01,  0.95482004E+02, -0.99101790E+01,  0.31302749E+01,  0.30307310E-07, -0.92798662E+00
    2264.,  0.70623489E+01,  0.95482004E+02, -0.99101790E+01,  0.30777446E+01,  0.28589684E-07, -0.61857630E+00
    2265.,  0.79998489E+01,  0.95482004E+02, -0.99101790E+01,  0.30252144E+01,  0.26872045E-07, -0.30916598E+00
    2266.,  0.89373489E+01,  0.95482004E+02, -0.99101790E+01,  0.29726842E+01,  0.25154407E-07,  0.24434680E-03
    2267.,  0.98748489E+01,  0.95482004E+02, -0.99101790E+01,  0.29201540E+01,  0.23436765E-07,  0.30965467E+00
    2268.,  0.10812349E+02,  0.95482004E+02, -0.99101790E+01,  0.28676237E+01,  0.21719134E-07,  0.61906499E+00
    2269.,  0.11749849E+02,  0.95482004E+02, -0.99101790E+01,  0.28150935E+01,  0.20001495E-07,  0.92847531E+00
    2270.,  0.12687349E+02,  0.95482004E+02, -0.99101790E+01,  0.27625633E+01,  0.18283863E-07,  0.12378856E+01
    2271.,  0.13624849E+02,  0.95482004E+02, -0.99101790E+01,  0.27100331E+01,  0.16566229E-07,  0.15472960E+01
    2272.,  0.14562349E+02,  0.95482004E+02, -0.99101790E+01,  0.26575028E+01,  0.14848593E-07,  0.18567063E+01
    2273.,  0.15499849E+02,  0.95482004E+02, -0.99101790E+01,  0.26049726E+01,  0.13130943E-07,  0.21661166E+01
    2274.,  0.16437349E+02,  0.95482004E+02, -0.99101790E+01,  0.25524424E+01,  0.11413306E-07,  0.24755269E+01
    2275.,  0.17374849E+02,  0.95482004E+02, -0.99101790E+01,  0.24999122E+01,  0.96956785E-08,  0.27849372E+01
    2276.,  0.18312349E+02,  0.95482004E+02, -0.99101790E+01,  0.24473819E+01,  0.79780378E-08,  0.30943476E+01
    2277.,  0.33123489E+01,  0.95482004E+02, -0.10636221E+02,  0.35274866E+01,  0.40821376E-07, -0.18155358E+01
    2278.,  0.42498489E+01,  0.95482004E+02, -0.10636221E+02,  0.34749564E+01,  0.39103738E-07, -0.15061255E+01
    2279.,  0.51873489E+01,  0.95482004E+02, -0.10636221E+02,  0.34224262E+01,  0.37386116E-07, -0.11967152E+01
    2280.,  0.61248489E+01,  0.95482004E+02, -0.10636221E+02,  0.33698960E+01,  0.35668474E-07, -0.88730488E+00
    2281.,  0.70623489E+01,  0.95482004E+02, -0.10636221E+02,  0.33173657E+01,  0.33950830E-07, -0.57789456E+00
    2282.,  0.79998489E+01,  0.95482004E+02, -0.10636221E+02,  0.32648355E+01,  0.32233191E-07, -0.26848423E+00
    2283.,  0.89373489E+01,  0.95482004E+02, -0.10636221E+02,  0.32123053E+01,  0.30515558E-07,  0.40926088E-01
    2284.,  0.98748489E+01,  0.95482004E+02, -0.10636221E+02,  0.31597751E+01,  0.28797921E-07,  0.35033641E+00
    2285.,  0.10812349E+02,  0.95482004E+02, -0.10636221E+02,  0.31072448E+01,  0.27080284E-07,  0.65974673E+00
    2286.,  0.11749849E+02,  0.95482004E+02, -0.10636221E+02,  0.30547146E+01,  0.25362652E-07,  0.96915706E+00
    2287.,  0.12687349E+02,  0.95482004E+02, -0.10636221E+02,  0.30021844E+01,  0.23645022E-07,  0.12785674E+01
    2288.,  0.13624849E+02,  0.95482004E+02, -0.10636221E+02,  0.29496542E+01,  0.21927375E-07,  0.15879777E+01
    2289.,  0.14562349E+02,  0.95482004E+02, -0.10636221E+02,  0.28971239E+01,  0.20209738E-07,  0.18973880E+01
    2290.,  0.15499849E+02,  0.95482004E+02, -0.10636221E+02,  0.28445937E+01,  0.18492105E-07,  0.22067983E+01
    2291.,  0.16437349E+02,  0.95482004E+02, -0.10636221E+02,  0.27920635E+01,  0.16774461E-07,  0.25162087E+01
    2292.,  0.17374849E+02,  0.95482004E+02, -0.10636221E+02,  0.27395333E+01,  0.15056830E-07,  0.28256190E+01
    2293.,  0.18312349E+02,  0.95482004E+02, -0.10636221E+02,  0.26870030E+01,  0.13339194E-07,  0.31350293E+01
    2294.,  0.33123489E+01,  0.95482004E+02, -0.11362262E+02,  0.37671078E+01,  0.46182534E-07, -0.17748541E+01
    2295.,  0.42498489E+01,  0.95482004E+02, -0.11362262E+02,  0.37145775E+01,  0.44464897E-07, -0.14654438E+01
    2296.,  0.51873489E+01,  0.95482004E+02, -0.11362262E+02,  0.36620473E+01,  0.42747271E-07, -0.11560335E+01
    2297.,  0.61248489E+01,  0.95482004E+02, -0.11362262E+02,  0.36095171E+01,  0.41029626E-07, -0.84662314E+00
    2298.,  0.70623489E+01,  0.95482004E+02, -0.11362262E+02,  0.35569869E+01,  0.39312003E-07, -0.53721282E+00
    2299.,  0.79998489E+01,  0.95482004E+02, -0.11362262E+02,  0.35044566E+01,  0.37594360E-07, -0.22780249E+00
    2300.,  0.89373489E+01,  0.95482004E+02, -0.11362262E+02,  0.34519264E+01,  0.35876709E-07,  0.81607829E-01
    2301.,  0.98748489E+01,  0.95482004E+02, -0.11362262E+02,  0.33993962E+01,  0.34159084E-07,  0.39101815E+00
    2302.,  0.10812349E+02,  0.95482004E+02, -0.11362262E+02,  0.33468660E+01,  0.32441444E-07,  0.70042847E+00
    2303.,  0.11749849E+02,  0.95482004E+02, -0.11362262E+02,  0.32943357E+01,  0.30723802E-07,  0.10098388E+01
    2304.,  0.12687349E+02,  0.95482004E+02, -0.11362262E+02,  0.32418055E+01,  0.29006185E-07,  0.13192491E+01
    2305.,  0.13624849E+02,  0.95482004E+02, -0.11362262E+02,  0.31892753E+01,  0.27288545E-07,  0.16286594E+01
    2306.,  0.14562349E+02,  0.95482004E+02, -0.11362262E+02,  0.31367450E+01,  0.25570890E-07,  0.19380698E+01
    2307.,  0.15499849E+02,  0.95482004E+02, -0.11362262E+02,  0.30842148E+01,  0.23853262E-07,  0.22474801E+01
    2308.,  0.16437349E+02,  0.95482004E+02, -0.11362262E+02,  0.30316846E+01,  0.22135614E-07,  0.25568904E+01
    2309.,  0.17374849E+02,  0.95482004E+02, -0.11362262E+02,  0.29791544E+01,  0.20417981E-07,  0.28663007E+01
    2310.,  0.18312349E+02,  0.95482004E+02, -0.11362262E+02,  0.29266241E+01,  0.18700343E-07,  0.31757111E+01
    2311.,  0.33123489E+01,  0.95482004E+02, -0.12088304E+02,  0.40067289E+01,  0.51543690E-07, -0.17341724E+01
    2312.,  0.42498489E+01,  0.95482004E+02, -0.12088304E+02,  0.39541986E+01,  0.49826060E-07, -0.14247620E+01
    2313.,  0.51873489E+01,  0.95482004E+02, -0.12088304E+02,  0.39016684E+01,  0.48108417E-07, -0.11153517E+01
    2314.,  0.61248489E+01,  0.95482004E+02, -0.12088304E+02,  0.38491382E+01,  0.46390783E-07, -0.80594140E+00
    2315.,  0.70623489E+01,  0.95482004E+02, -0.12088304E+02,  0.37966080E+01,  0.44673154E-07, -0.49653108E+00
    2316.,  0.79998489E+01,  0.95482004E+02, -0.12088304E+02,  0.37440777E+01,  0.42955505E-07, -0.18712075E+00
    2317.,  0.89373489E+01,  0.95482004E+02, -0.12088304E+02,  0.36915475E+01,  0.41237871E-07,  0.12228957E+00
    2318.,  0.98748489E+01,  0.95482004E+02, -0.12088304E+02,  0.36390173E+01,  0.39520232E-07,  0.43169989E+00
    2319.,  0.10812349E+02,  0.95482004E+02, -0.12088304E+02,  0.35864871E+01,  0.37802604E-07,  0.74111022E+00
    2320.,  0.11749849E+02,  0.95482004E+02, -0.12088304E+02,  0.35339568E+01,  0.36084963E-07,  0.10505205E+01
    2321.,  0.12687349E+02,  0.95482004E+02, -0.12088304E+02,  0.34814266E+01,  0.34367323E-07,  0.13599309E+01
    2322.,  0.13624849E+02,  0.95482004E+02, -0.12088304E+02,  0.34288964E+01,  0.32649696E-07,  0.16693412E+01
    2323.,  0.14562349E+02,  0.95482004E+02, -0.12088304E+02,  0.33763662E+01,  0.30932046E-07,  0.19787515E+01
    2324.,  0.15499849E+02,  0.95482004E+02, -0.12088304E+02,  0.33238359E+01,  0.29214410E-07,  0.22881618E+01
    2325.,  0.16437349E+02,  0.95482004E+02, -0.12088304E+02,  0.32713057E+01,  0.27496778E-07,  0.25975722E+01
    2326.,  0.17374849E+02,  0.95482004E+02, -0.12088304E+02,  0.32187755E+01,  0.25779148E-07,  0.29069825E+01
    2327.,  0.18312349E+02,  0.95482004E+02, -0.12088304E+02,  0.31662453E+01,  0.24061507E-07,  0.32163928E+01
    2328.,  0.33123489E+01,  0.95482004E+02, -0.12814346E+02,  0.42463500E+01,  0.56904846E-07, -0.16934906E+01
    2329.,  0.42498489E+01,  0.95482004E+02, -0.12814346E+02,  0.41938197E+01,  0.55187203E-07, -0.13840803E+01
    2330.,  0.51873489E+01,  0.95482004E+02, -0.12814346E+02,  0.41412895E+01,  0.53469581E-07, -0.10746700E+01
    2331.,  0.61248489E+01,  0.95482004E+02, -0.12814346E+02,  0.40887593E+01,  0.51751940E-07, -0.76525966E+00
    2332.,  0.70623489E+01,  0.95482004E+02, -0.12814346E+02,  0.40362291E+01,  0.50034304E-07, -0.45584933E+00
    2333.,  0.79998489E+01,  0.95482004E+02, -0.12814346E+02,  0.39836988E+01,  0.48316668E-07, -0.14643901E+00
    2334.,  0.89373489E+01,  0.95482004E+02, -0.12814346E+02,  0.39311686E+01,  0.46599024E-07,  0.16297131E+00
    2335.,  0.98748489E+01,  0.95482004E+02, -0.12814346E+02,  0.38786384E+01,  0.44881397E-07,  0.47238163E+00
    2336.,  0.10812349E+02,  0.95482004E+02, -0.12814346E+02,  0.38261082E+01,  0.43163756E-07,  0.78179196E+00
    2337.,  0.11749849E+02,  0.95482004E+02, -0.12814346E+02,  0.37735779E+01,  0.41446110E-07,  0.10912023E+01
    2338.,  0.12687349E+02,  0.95482004E+02, -0.12814346E+02,  0.37210477E+01,  0.39728486E-07,  0.14006126E+01
    2339.,  0.13624849E+02,  0.95482004E+02, -0.12814346E+02,  0.36685175E+01,  0.38010839E-07,  0.17100229E+01
    2340.,  0.14562349E+02,  0.95482004E+02, -0.12814346E+02,  0.36159873E+01,  0.36293210E-07,  0.20194332E+01
    2341.,  0.15499849E+02,  0.95482004E+02, -0.12814346E+02,  0.35634570E+01,  0.34575570E-07,  0.23288436E+01
    2342.,  0.16437349E+02,  0.95482004E+02, -0.12814346E+02,  0.35109268E+01,  0.32857929E-07,  0.26382539E+01
    2343.,  0.17374849E+02,  0.95482004E+02, -0.12814346E+02,  0.34583966E+01,  0.31140293E-07,  0.29476642E+01
    2344.,  0.18312349E+02,  0.95482004E+02, -0.12814346E+02,  0.34058664E+01,  0.29422663E-07,  0.32570745E+01
    2345.,  0.33123489E+01,  0.95482004E+02, -0.13540387E+02,  0.44859711E+01,  0.62265994E-07, -0.16528089E+01
    2346.,  0.42498489E+01,  0.95482004E+02, -0.13540387E+02,  0.44334408E+01,  0.60548374E-07, -0.13433986E+01
    2347.,  0.51873489E+01,  0.95482004E+02, -0.13540387E+02,  0.43809106E+01,  0.58830735E-07, -0.10339882E+01
    2348.,  0.61248489E+01,  0.95482004E+02, -0.13540387E+02,  0.43283804E+01,  0.57113093E-07, -0.72457792E+00
    2349.,  0.70623489E+01,  0.95482004E+02, -0.13540387E+02,  0.42758502E+01,  0.55395462E-07, -0.41516759E+00
    2350.,  0.79998489E+01,  0.95482004E+02, -0.13540387E+02,  0.42233199E+01,  0.53677824E-07, -0.10575727E+00
    2351.,  0.89373489E+01,  0.95482004E+02, -0.13540387E+02,  0.41707897E+01,  0.51960171E-07,  0.20365305E+00
    2352.,  0.98748489E+01,  0.95482004E+02, -0.13540387E+02,  0.41182595E+01,  0.50242540E-07,  0.51306337E+00
    2353.,  0.10812349E+02,  0.95482004E+02, -0.13540387E+02,  0.40657293E+01,  0.48524917E-07,  0.82247370E+00
    2354.,  0.11749849E+02,  0.95482004E+02, -0.13540387E+02,  0.40131990E+01,  0.46807274E-07,  0.11318840E+01
    2355.,  0.12687349E+02,  0.95482004E+02, -0.13540387E+02,  0.39606688E+01,  0.45089628E-07,  0.14412943E+01
    2356.,  0.13624849E+02,  0.95482004E+02, -0.13540387E+02,  0.39081386E+01,  0.43371999E-07,  0.17507047E+01
    2357.,  0.14562349E+02,  0.95482004E+02, -0.13540387E+02,  0.38556084E+01,  0.41654363E-07,  0.20601150E+01
    2358.,  0.15499849E+02,  0.95482004E+02, -0.13540387E+02,  0.38030781E+01,  0.39936723E-07,  0.23695253E+01
    2359.,  0.16437349E+02,  0.95482004E+02, -0.13540387E+02,  0.37505479E+01,  0.38219090E-07,  0.26789356E+01
    2360.,  0.17374849E+02,  0.95482004E+02, -0.13540387E+02,  0.36980177E+01,  0.36501457E-07,  0.29883460E+01
    2361.,  0.18312349E+02,  0.95482004E+02, -0.13540387E+02,  0.36454875E+01,  0.34783822E-07,  0.32977563E+01
    2362.,  0.33123489E+01,  0.95482004E+02, -0.14266429E+02,  0.47255922E+01,  0.67627161E-07, -0.16121271E+01
    2363.,  0.42498489E+01,  0.95482004E+02, -0.14266429E+02,  0.46730619E+01,  0.65909528E-07, -0.13027168E+01
    2364.,  0.51873489E+01,  0.95482004E+02, -0.14266429E+02,  0.46205317E+01,  0.64191888E-07, -0.99330650E+00
    2365.,  0.61248489E+01,  0.95482004E+02, -0.14266429E+02,  0.45680015E+01,  0.62474247E-07, -0.68389617E+00
    2366.,  0.70623489E+01,  0.95482004E+02, -0.14266429E+02,  0.45154713E+01,  0.60756610E-07, -0.37448585E+00
    2367.,  0.79998489E+01,  0.95482004E+02, -0.14266429E+02,  0.44629410E+01,  0.59038977E-07, -0.65075529E-01
    2368.,  0.89373489E+01,  0.95482004E+02, -0.14266429E+02,  0.44104108E+01,  0.57321334E-07,  0.24433479E+00
    2369.,  0.98748489E+01,  0.95482004E+02, -0.14266429E+02,  0.43578806E+01,  0.55603700E-07,  0.55374512E+00
    2370.,  0.10812349E+02,  0.95482004E+02, -0.14266429E+02,  0.43053504E+01,  0.53886067E-07,  0.86315544E+00
    2371.,  0.11749849E+02,  0.95482004E+02, -0.14266429E+02,  0.42528201E+01,  0.52168428E-07,  0.11725658E+01
    2372.,  0.12687349E+02,  0.95482004E+02, -0.14266429E+02,  0.42002899E+01,  0.50450786E-07,  0.14819761E+01
    2373.,  0.13624849E+02,  0.95482004E+02, -0.14266429E+02,  0.41477597E+01,  0.48733168E-07,  0.17913864E+01
    2374.,  0.14562349E+02,  0.95482004E+02, -0.14266429E+02,  0.40952295E+01,  0.47015527E-07,  0.21007967E+01
    2375.,  0.15499849E+02,  0.95482004E+02, -0.14266429E+02,  0.40426992E+01,  0.45297881E-07,  0.24102071E+01
    2376.,  0.16437349E+02,  0.95482004E+02, -0.14266429E+02,  0.39901690E+01,  0.43580253E-07,  0.27196174E+01
    2377.,  0.17374849E+02,  0.95482004E+02, -0.14266429E+02,  0.39376388E+01,  0.41862603E-07,  0.30290277E+01
    2378.,  0.18312349E+02,  0.95482004E+02, -0.14266429E+02,  0.38851086E+01,  0.40144963E-07,  0.33384380E+01
    2379.,  0.33123489E+01,  0.95482004E+02, -0.14992471E+02,  0.49652133E+01,  0.72988309E-07, -0.15714454E+01
    2380.,  0.42498489E+01,  0.95482004E+02, -0.14992471E+02,  0.49126831E+01,  0.71270675E-07, -0.12620351E+01
    2381.,  0.51873489E+01,  0.95482004E+02, -0.14992471E+02,  0.48601528E+01,  0.69553039E-07, -0.95262476E+00
    2382.,  0.61248489E+01,  0.95482004E+02, -0.14992471E+02,  0.48076226E+01,  0.67835398E-07, -0.64321443E+00
    2383.,  0.70623489E+01,  0.95482004E+02, -0.14992471E+02,  0.47550924E+01,  0.66117767E-07, -0.33380411E+00
    2384.,  0.79998489E+01,  0.95482004E+02, -0.14992471E+02,  0.47025622E+01,  0.64400122E-07, -0.24393788E-01
    2385.,  0.89373489E+01,  0.95482004E+02, -0.14992471E+02,  0.46500319E+01,  0.62682480E-07,  0.28501653E+00
    2386.,  0.98748489E+01,  0.95482004E+02, -0.14992471E+02,  0.45975017E+01,  0.60964859E-07,  0.59442686E+00
    2387.,  0.10812349E+02,  0.95482004E+02, -0.14992471E+02,  0.45449715E+01,  0.59247221E-07,  0.90383718E+00
    2388.,  0.11749849E+02,  0.95482004E+02, -0.14992471E+02,  0.44924413E+01,  0.57529580E-07,  0.12132475E+01
    2389.,  0.12687349E+02,  0.95482004E+02, -0.14992471E+02,  0.44399110E+01,  0.55811957E-07,  0.15226578E+01
    2390.,  0.13624849E+02,  0.95482004E+02, -0.14992471E+02,  0.43873808E+01,  0.54094314E-07,  0.18320681E+01
    2391.,  0.14562349E+02,  0.95482004E+02, -0.14992471E+02,  0.43348506E+01,  0.52376662E-07,  0.21414785E+01
    2392.,  0.15499849E+02,  0.95482004E+02, -0.14992471E+02,  0.42823204E+01,  0.50659028E-07,  0.24508888E+01
    2393.,  0.16437349E+02,  0.95482004E+02, -0.14992471E+02,  0.42297901E+01,  0.48941396E-07,  0.27602991E+01
    2394.,  0.17374849E+02,  0.95482004E+02, -0.14992471E+02,  0.41772599E+01,  0.47223770E-07,  0.30697094E+01
    2395.,  0.18312349E+02,  0.95482004E+02, -0.14992471E+02,  0.41247297E+01,  0.45506122E-07,  0.33791198E+01
    2396.,  0.33123489E+01,  0.95482004E+02, -0.15718512E+02,  0.52048344E+01,  0.78349476E-07, -0.15307637E+01
    2397.,  0.42498489E+01,  0.95482004E+02, -0.15718512E+02,  0.51523042E+01,  0.76631839E-07, -0.12213533E+01
    2398.,  0.51873489E+01,  0.95482004E+02, -0.15718512E+02,  0.50997739E+01,  0.74914195E-07, -0.91194301E+00
    2399.,  0.61248489E+01,  0.95482004E+02, -0.15718512E+02,  0.50472437E+01,  0.73196564E-07, -0.60253269E+00
    2400.,  0.70623489E+01,  0.95482004E+02, -0.15718512E+02,  0.49947135E+01,  0.71478917E-07, -0.29312237E+00
    2401.,  0.79998489E+01,  0.95482004E+02, -0.15718512E+02,  0.49421833E+01,  0.69761286E-07,  0.16287953E-01
    2402.,  0.89373489E+01,  0.95482004E+02, -0.15718512E+02,  0.48896530E+01,  0.68043647E-07,  0.32569828E+00
    2403.,  0.98748489E+01,  0.95482004E+02, -0.15718512E+02,  0.48371228E+01,  0.66326015E-07,  0.63510860E+00
    2404.,  0.10812349E+02,  0.95482004E+02, -0.15718512E+02,  0.47845926E+01,  0.64608374E-07,  0.94451892E+00
    2405.,  0.11749849E+02,  0.95482004E+02, -0.15718512E+02,  0.47320624E+01,  0.62890741E-07,  0.12539292E+01
    2406.,  0.12687349E+02,  0.95482004E+02, -0.15718512E+02,  0.46795321E+01,  0.61173102E-07,  0.15633396E+01
    2407.,  0.13624849E+02,  0.95482004E+02, -0.15718512E+02,  0.46270019E+01,  0.59455476E-07,  0.18727499E+01
    2408.,  0.14562349E+02,  0.95482004E+02, -0.15718512E+02,  0.45744717E+01,  0.57737826E-07,  0.21821602E+01
    2409.,  0.15499849E+02,  0.95482004E+02, -0.15718512E+02,  0.45219415E+01,  0.56020192E-07,  0.24915705E+01
    2410.,  0.16437349E+02,  0.95482004E+02, -0.15718512E+02,  0.44694112E+01,  0.54302557E-07,  0.28009809E+01
    2411.,  0.17374849E+02,  0.95482004E+02, -0.15718512E+02,  0.44168810E+01,  0.52584920E-07,  0.31103912E+01
    2412.,  0.18312349E+02,  0.95482004E+02, -0.15718512E+02,  0.43643508E+01,  0.50867277E-07,  0.34198015E+01
    2413.,  0.33123489E+01,  0.95482004E+02, -0.16444554E+02,  0.54444555E+01,  0.83710619E-07, -0.14900819E+01
    2414.,  0.42498489E+01,  0.95482004E+02, -0.16444554E+02,  0.53919253E+01,  0.81992988E-07, -0.11806716E+01
    2415.,  0.51873489E+01,  0.95482004E+02, -0.16444554E+02,  0.53393950E+01,  0.80275344E-07, -0.87126127E+00
    2416.,  0.61248489E+01,  0.95482004E+02, -0.16444554E+02,  0.52868648E+01,  0.78557711E-07, -0.56185095E+00
    2417.,  0.70623489E+01,  0.95482004E+02, -0.16444554E+02,  0.52343346E+01,  0.76840084E-07, -0.25244063E+00
    2418.,  0.79998489E+01,  0.95482004E+02, -0.16444554E+02,  0.51818044E+01,  0.75122433E-07,  0.56969694E-01
    2419.,  0.89373489E+01,  0.95482004E+02, -0.16444554E+02,  0.51292741E+01,  0.73404803E-07,  0.36638002E+00
    2420.,  0.98748489E+01,  0.95482004E+02, -0.16444554E+02,  0.50767439E+01,  0.71687174E-07,  0.67579034E+00
    2421.,  0.10812349E+02,  0.95482004E+02, -0.16444554E+02,  0.50242137E+01,  0.69969530E-07,  0.98520066E+00
    2422.,  0.11749849E+02,  0.95482004E+02, -0.16444554E+02,  0.49716835E+01,  0.68251882E-07,  0.12946110E+01
    2423.,  0.12687349E+02,  0.95482004E+02, -0.16444554E+02,  0.49191532E+01,  0.66534253E-07,  0.16040213E+01
    2424.,  0.13624849E+02,  0.95482004E+02, -0.16444554E+02,  0.48666230E+01,  0.64816615E-07,  0.19134316E+01
    2425.,  0.14562349E+02,  0.95482004E+02, -0.16444554E+02,  0.48140928E+01,  0.63098977E-07,  0.22228420E+01
    2426.,  0.15499849E+02,  0.95482004E+02, -0.16444554E+02,  0.47615626E+01,  0.61381347E-07,  0.25322523E+01
    2427.,  0.16437349E+02,  0.95482004E+02, -0.16444554E+02,  0.47090323E+01,  0.59663716E-07,  0.28416626E+01
    2428.,  0.17374849E+02,  0.95482004E+02, -0.16444554E+02,  0.46565021E+01,  0.57946076E-07,  0.31510729E+01
    2429.,  0.18312349E+02,  0.95482004E+02, -0.16444554E+02,  0.46039719E+01,  0.56228430E-07,  0.34604832E+01
    2430.,  0.33123489E+01,  0.95482004E+02, -0.17170596E+02,  0.56840766E+01,  0.89071775E-07, -0.14494002E+01
    2431.,  0.42498489E+01,  0.95482004E+02, -0.17170596E+02,  0.56315464E+01,  0.87354144E-07, -0.11399899E+01
    2432.,  0.51873489E+01,  0.95482004E+02, -0.17170596E+02,  0.55790161E+01,  0.85636509E-07, -0.83057953E+00
    2433.,  0.61248489E+01,  0.95482004E+02, -0.17170596E+02,  0.55264859E+01,  0.83918868E-07, -0.52116921E+00
    2434.,  0.70623489E+01,  0.95482004E+02, -0.17170596E+02,  0.54739557E+01,  0.82201231E-07, -0.21175889E+00
    2435.,  0.79998489E+01,  0.95482004E+02, -0.17170596E+02,  0.54214255E+01,  0.80483602E-07,  0.97651435E-01
    2436.,  0.89373489E+01,  0.95482004E+02, -0.17170596E+02,  0.53688952E+01,  0.78765958E-07,  0.40706176E+00
    2437.,  0.98748489E+01,  0.95482004E+02, -0.17170596E+02,  0.53163650E+01,  0.77048321E-07,  0.71647208E+00
    2438.,  0.10812349E+02,  0.95482004E+02, -0.17170596E+02,  0.52638348E+01,  0.75330695E-07,  0.10258824E+01
    2439.,  0.11749849E+02,  0.95482004E+02, -0.17170596E+02,  0.52113046E+01,  0.73613057E-07,  0.13352927E+01
    2440.,  0.12687349E+02,  0.95482004E+02, -0.17170596E+02,  0.51587743E+01,  0.71895400E-07,  0.16447030E+01
    2441.,  0.13624849E+02,  0.95482004E+02, -0.17170596E+02,  0.51062441E+01,  0.70177772E-07,  0.19541134E+01
    2442.,  0.14562349E+02,  0.95482004E+02, -0.17170596E+02,  0.50537139E+01,  0.68460137E-07,  0.22635237E+01
    2443.,  0.15499849E+02,  0.95482004E+02, -0.17170596E+02,  0.50011837E+01,  0.66742503E-07,  0.25729340E+01
    2444.,  0.16437349E+02,  0.95482004E+02, -0.17170596E+02,  0.49486534E+01,  0.65024856E-07,  0.28823443E+01
    2445.,  0.17374849E+02,  0.95482004E+02, -0.17170596E+02,  0.48961232E+01,  0.63307231E-07,  0.31917547E+01
    2446.,  0.18312349E+02,  0.95482004E+02, -0.17170596E+02,  0.48435930E+01,  0.61589592E-07,  0.35011650E+01
    2447.,  0.33123489E+01,  0.95482004E+02, -0.17896637E+02,  0.59236977E+01,  0.94432939E-07, -0.14087184E+01
    2448.,  0.42498489E+01,  0.95482004E+02, -0.17896637E+02,  0.58711675E+01,  0.92715305E-07, -0.10993081E+01
    2449.,  0.51873489E+01,  0.95482004E+02, -0.17896637E+02,  0.58186372E+01,  0.90997670E-07, -0.78989779E+00
    2450.,  0.61248489E+01,  0.95482004E+02, -0.17896637E+02,  0.57661070E+01,  0.89280019E-07, -0.48048747E+00
    2451.,  0.70623489E+01,  0.95482004E+02, -0.17896637E+02,  0.57135768E+01,  0.87562381E-07, -0.17107715E+00
    2452.,  0.79998489E+01,  0.95482004E+02, -0.17896637E+02,  0.56610466E+01,  0.85844741E-07,  0.13833318E+00
    2453.,  0.89373489E+01,  0.95482004E+02, -0.17896637E+02,  0.56085163E+01,  0.84127120E-07,  0.44774350E+00
    2454.,  0.98748489E+01,  0.95482004E+02, -0.17896637E+02,  0.55559861E+01,  0.82409470E-07,  0.75715382E+00
    2455.,  0.10812349E+02,  0.95482004E+02, -0.17896637E+02,  0.55034559E+01,  0.80691840E-07,  0.10665641E+01
    2456.,  0.11749849E+02,  0.95482004E+02, -0.17896637E+02,  0.54509257E+01,  0.78974209E-07,  0.13759745E+01
    2457.,  0.12687349E+02,  0.95482004E+02, -0.17896637E+02,  0.53983954E+01,  0.77256572E-07,  0.16853848E+01
    2458.,  0.13624849E+02,  0.95482004E+02, -0.17896637E+02,  0.53458652E+01,  0.75538937E-07,  0.19947951E+01
    2459.,  0.14562349E+02,  0.95482004E+02, -0.17896637E+02,  0.52933350E+01,  0.73821291E-07,  0.23042054E+01
    2460.,  0.15499849E+02,  0.95482004E+02, -0.17896637E+02,  0.52408048E+01,  0.72103659E-07,  0.26136158E+01
    2461.,  0.16437349E+02,  0.95482004E+02, -0.17896637E+02,  0.51882745E+01,  0.70386008E-07,  0.29230261E+01
    2462.,  0.17374849E+02,  0.95482004E+02, -0.17896637E+02,  0.51357443E+01,  0.68668390E-07,  0.32324364E+01
    2463.,  0.18312349E+02,  0.95482004E+02, -0.17896637E+02,  0.50832141E+01,  0.66950732E-07,  0.35418467E+01
    2464.,  0.33123489E+01,  0.95482004E+02, -0.18622679E+02,  0.61633188E+01,  0.99794100E-07, -0.13680367E+01
    2465.,  0.42498489E+01,  0.95482004E+02, -0.18622679E+02,  0.61107886E+01,  0.98076457E-07, -0.10586264E+01
    2466.,  0.51873489E+01,  0.95482004E+02, -0.18622679E+02,  0.60582584E+01,  0.96358824E-07, -0.74921605E+00
    2467.,  0.61248489E+01,  0.95482004E+02, -0.18622679E+02,  0.60057281E+01,  0.94641177E-07, -0.43980573E+00
    2468.,  0.70623489E+01,  0.95482004E+02, -0.18622679E+02,  0.59531979E+01,  0.92923544E-07, -0.13039541E+00
    2469.,  0.79998489E+01,  0.95482004E+02, -0.18622679E+02,  0.59006677E+01,  0.91205910E-07,  0.17901492E+00
    2470.,  0.89373489E+01,  0.95482004E+02, -0.18622679E+02,  0.58481375E+01,  0.89488275E-07,  0.48842524E+00
    2471.,  0.98748489E+01,  0.95482004E+02, -0.18622679E+02,  0.57956072E+01,  0.87770635E-07,  0.79783556E+00
    2472.,  0.10812349E+02,  0.95482004E+02, -0.18622679E+02,  0.57430770E+01,  0.86052993E-07,  0.11072459E+01
    2473.,  0.11749849E+02,  0.95482004E+02, -0.18622679E+02,  0.56905468E+01,  0.84335347E-07,  0.14166562E+01
    2474.,  0.12687349E+02,  0.95482004E+02, -0.18622679E+02,  0.56380166E+01,  0.82617722E-07,  0.17260665E+01
    2475.,  0.13624849E+02,  0.95482004E+02, -0.18622679E+02,  0.55854863E+01,  0.80900092E-07,  0.20354769E+01
    2476.,  0.14562349E+02,  0.95482004E+02, -0.18622679E+02,  0.55329561E+01,  0.79182442E-07,  0.23448872E+01
    2477.,  0.15499849E+02,  0.95482004E+02, -0.18622679E+02,  0.54804259E+01,  0.77464801E-07,  0.26542975E+01
    2478.,  0.16437349E+02,  0.95482004E+02, -0.18622679E+02,  0.54278957E+01,  0.75747180E-07,  0.29637078E+01
    2479.,  0.17374849E+02,  0.95482004E+02, -0.18622679E+02,  0.53753654E+01,  0.74029552E-07,  0.32731181E+01
    2480.,  0.18312349E+02,  0.95482004E+02, -0.18622679E+02,  0.53228352E+01,  0.72311892E-07,  0.35825285E+01
