node,x_mm,y_mm,z_mm,ux_mm,uy_mm,uz_mm
       1.,  0.88907483E+01,  0.19809384E+02, -0.11976790E+01,  0.67804350E-03,  0.38309746E-02,  0.16176617E-03
       2.,  0.90216325E+01,  0.19933067E+02, -0.11976790E+01,  0.64425402E-03,  0.37961450E-02,  0.16844181E-03
       3.,  0.91795178E+01,  0.20062336E+02, -0.11976790E+01,  0.61647527E-03,  0.37295822E-02,  0.16454668E-03
       4.,  0.93688664E+01,  0.20193475E+02, -0.11976790E+01,  0.60372240E-03,  0.36229892E-02,  0.16042842E-03
       5.,  0.95933411E+01,  0.20320634E+02, -0.11976790E+01,  0.61482234E-03,  0.34746027E-02,  0.15639619E-03
       6.,  0.98545190E+01,  0.20435670E+02, -0.11976790E+01,  0.65931163E-03,  0.32931529E-02,  0.15333619E-03
       7.,  0.10150303E+02,  0.20528699E+02, -0.11976790E+01,  0.73788765E-03,  0.31051037E-02,  0.15128967E-03
       8.,  0.10473624E+02,  0.20589699E+02, -0.11976790E+01,  0.83840843E-03,  0.29487384E-02,  0.14900212E-03
       9.,  0.10812349E+02,  0.20610999E+02, -0.11976790E+01,  0.93617550E-03,  0.28576150E-02,  0.14694602E-03
      10.,  0.11151074E+02,  0.20589699E+02, -0.11976790E+01,  0.10030828E-02,  0.28405815E-02,  0.14562141E-03
      11.,  0.11474394E+02,  0.20528699E+02, -0.11976790E+01,  0.10200517E-02,  0.28765416E-02,  0.14482996E-03
      12.,  0.11770179E+02,  0.20435670E+02, -0.11976790E+01,  0.98442693E-03,  0.29298191E-02,  0.14330905E-03
      13.,  0.12031357E+02,  0.20320634E+02, -0.11976790E+01,  0.90711171E-03,  0.29704071E-02,  0.14180649E-03
      14.,  0.12255831E+02,  0.20193475E+02, -0.11976790E+01,  0.80520801E-03,  0.29840307E-02,  0.13980793E-03
      15.,  0.12445180E+02,  0.20062336E+02, -0.11976790E+01,  0.69400525E-03,  0.29697261E-02,  0.14031761E-03
      16.,  0.12603065E+02,  0.19933067E+02, -0.11976790E+01,  0.58481998E-03,  0.29336888E-02,  0.13850580E-03
      17.,  0.12733950E+02,  0.19809384E+02, -0.11976790E+01,  0.48375249E-03,  0.28836120E-02,  0.14328931E-03
      18.,  0.12856786E+02,  0.19676715E+02, -0.11976790E+01,  0.38132523E-03,  0.28175416E-02,  0.14199672E-03
      19.,  0.12984638E+02,  0.19517209E+02, -0.11976790E+01,  0.26769654E-03,  0.27260326E-02,  0.14550350E-03
      20.,  0.13113701E+02,  0.19326645E+02, -0.11976790E+01,  0.14724443E-03,  0.26069296E-02,  0.14699721E-03
      21.,  0.13238114E+02,  0.19101688E+02, -0.11976790E+01,  0.26430778E-04,  0.24608118E-02,  0.14792268E-03
      22.,  0.13349872E+02,  0.18841125E+02, -0.11976790E+01, -0.86091957E-04,  0.22930279E-02,  0.14811213E-03
      23.,  0.13439432E+02,  0.18547351E+02, -0.11976790E+01, -0.18177141E-03,  0.21137958E-02,  0.14816311E-03
      24.,  0.13497286E+02,  0.18227513E+02, -0.11976790E+01, -0.25496701E-03,  0.19360016E-02,  0.14842133E-03
      25.,  0.13516315E+02,  0.17893479E+02, -0.11976790E+01, -0.30466143E-03,  0.17719660E-02,  0.14895198E-03
      26.,  0.13493999E+02,  0.17560060E+02, -0.11976790E+01, -0.33422568E-03,  0.16301181E-02,  0.14946889E-03
      27.,  0.13433285E+02,  0.17241936E+02, -0.11976790E+01, -0.34909601E-03,  0.15137401E-02,  0.14976657E-03
      28.,  0.13341575E+02,  0.16950635E+02, -0.11976790E+01, -0.35443023E-03,  0.14218935E-02,  0.14988350E-03
      29.,  0.13228459E+02,  0.16692904E+02, -0.11976790E+01, -0.35400583E-03,  0.13513235E-02,  0.14992195E-03
      30.,  0.13103404E+02,  0.16470794E+02, -0.11976790E+01, -0.35022481E-03,  0.12980825E-02,  0.14993511E-03
      31.,  0.12974251E+02,  0.16282870E+02, -0.11976790E+01, -0.34452698E-03,  0.12584477E-02,  0.14994121E-03
      32.,  0.12846686E+02,  0.16125683E+02, -0.11976790E+01, -0.33777572E-03,  0.12292728E-02,  0.14994543E-03
      33.,  0.12724366E+02,  0.15994982E+02, -0.11976790E+01, -0.33052988E-03,  0.12080652E-02,  0.14994880E-03
      34.,  0.12592945E+02,  0.15872032E+02, -0.11976790E+01, -0.32200780E-03,  0.11910040E-02,  0.14995236E-03
      35.,  0.12434749E+02,  0.15743799E+02, -0.11976790E+01, -0.31080520E-03,  0.11768082E-02,  0.14995614E-03
      36.,  0.12245466E+02,  0.15614012E+02, -0.11976790E+01, -0.29610578E-03,  0.11673842E-02,  0.14996062E-03
      37.,  0.12021615E+02,  0.15488468E+02, -0.11976790E+01, -0.27687512E-03,  0.11652446E-02,  0.14996571E-03
      38.,  0.11761787E+02,  0.15375165E+02, -0.11976790E+01, -0.25193651E-03,  0.11734674E-02,  0.14997086E-03
      39.,  0.11468165E+02,  0.15283734E+02, -0.11976790E+01, -0.22013519E-03,  0.11953449E-02,  0.14997525E-03
      40.,  0.11147739E+02,  0.15223880E+02, -0.11976790E+01, -0.18063497E-03,  0.12336379E-02,  0.14997765E-03
      41.,  0.10812349E+02,  0.15202999E+02, -0.11976790E+01, -0.13328213E-03,  0.12895470E-02,  0.14997664E-03
      42.,  0.10476959E+02,  0.15223880E+02, -0.11976790E+01, -0.78875916E-04,  0.13618802E-02,  0.14997126E-03
      43.,  0.10156533E+02,  0.15283734E+02, -0.11976790E+01, -0.19162047E-04,  0.14470214E-02,  0.14996168E-03
      44.,  0.98629112E+01,  0.15375165E+02, -0.11976790E+01,  0.43504167E-04,  0.15398662E-02,  0.14994929E-03
      45.,  0.96030834E+01,  0.15488468E+02, -0.11976790E+01,  0.10667047E-03,  0.16351926E-02,  0.14993586E-03
      46.,  0.93792318E+01,  0.15614012E+02, -0.11976790E+01,  0.16823124E-03,  0.17287360E-02,  0.14992290E-03
      47.,  0.91899489E+01,  0.15743799E+02, -0.11976790E+01,  0.22665396E-03,  0.18176184E-02,  0.14991111E-03
      48.,  0.90317525E+01,  0.15872032E+02, -0.11976790E+01,  0.28100318E-03,  0.19002598E-02,  0.14990077E-03
      49.,  0.89003322E+01,  0.15994982E+02, -0.11976790E+01,  0.33081615E-03,  0.19760232E-02,  0.14989405E-03
      50.,  0.87780118E+01,  0.16125683E+02, -0.11976790E+01,  0.38183691E-03,  0.20538289E-02,  0.14988989E-03
      51.,  0.86504468E+01,  0.16282870E+02, -0.11976790E+01,  0.44100757E-03,  0.21447084E-02,  0.14989328E-03
      52.,  0.85212943E+01,  0.16470794E+02, -0.11976790E+01,  0.50888983E-03,  0.22506907E-02,  0.14991653E-03
      53.,  0.83962388E+01,  0.16692904E+02, -0.11976790E+01,  0.58518747E-03,  0.23737849E-02,  0.14998875E-03
      54.,  0.82831228E+01,  0.16950635E+02, -0.11976790E+01,  0.66789143E-03,  0.25155850E-02,  0.15017560E-03
      55.,  0.81914125E+01,  0.17241936E+02, -0.11976790E+01,  0.75230852E-03,  0.26765759E-02,  0.15055081E-03
      56.,  0.81306984E+01,  0.17560060E+02, -0.11976790E+01,  0.83052950E-03,  0.28549675E-02,  0.15104597E-03
      57.,  0.81083827E+01,  0.17893479E+02, -0.11976790E+01,  0.89236877E-03,  0.30452698E-02,  0.15147514E-03
      58.,  0.81274120E+01,  0.18227513E+02, -0.11976790E+01,  0.92849917E-03,  0.32375091E-02,  0.15169456E-03
      59.,  0.81852658E+01,  0.18547351E+02, -0.11976790E+01,  0.93453154E-03,  0.34184315E-02,  0.15189223E-03
      60.,  0.82748255E+01,  0.18841125E+02, -0.11976790E+01,  0.91296802E-03,  0.35748160E-02,  0.15258032E-03
      61.,  0.83865843E+01,  0.19101688E+02, -0.11976790E+01,  0.87151230E-03,  0.36971411E-02,  0.15445281E-03
      62.,  0.85109971E+01,  0.19326645E+02, -0.11976790E+01,  0.81964760E-03,  0.37813317E-02,  0.15828664E-03
      63.,  0.86400595E+01,  0.19517209E+02, -0.11976790E+01,  0.76629004E-03,  0.38281069E-02,  0.16241348E-03
      64.,  0.87679120E+01,  0.19676715E+02, -0.11976790E+01,  0.71806959E-03,  0.38420840E-02,  0.16814113E-03
      65.,  0.85521705E+01,  0.20144576E+02, -0.11976790E+01,  0.70827326E-03,  0.39055151E-02,  0.13854023E-03
      66.,  0.87061158E+01,  0.20290051E+02, -0.11976790E+01,  0.69855321E-03,  0.38986411E-02,  0.12432695E-03
      67.,  0.88918198E+01,  0.20442097E+02, -0.11976790E+01,  0.70635476E-03,  0.38549575E-02,  0.12859547E-03
      68.,  0.91145309E+01,  0.20596343E+02, -0.11976790E+01,  0.73624447E-03,  0.37596896E-02,  0.13461921E-03
      69.,  0.93785571E+01,  0.20745907E+02, -0.11976790E+01,  0.79328492E-03,  0.36007582E-02,  0.14003449E-03
      70.,  0.96857534E+01,  0.20881211E+02, -0.11976790E+01,  0.87028101E-03,  0.33848565E-02,  0.14443674E-03
      71.,  0.10033654E+02,  0.20990632E+02, -0.11976790E+01,  0.95139506E-03,  0.31455295E-02,  0.14769492E-03
      72.,  0.10413942E+02,  0.21062380E+02, -0.11976790E+01,  0.10180779E-02,  0.29417786E-02,  0.15169207E-03
      73.,  0.10812349E+02,  0.21087432E+02, -0.11976790E+01,  0.10592437E-02,  0.28296704E-02,  0.15517738E-03
      74.,  0.11210756E+02,  0.21062380E+02, -0.11976790E+01,  0.10743241E-02,  0.28232502E-02,  0.15731967E-03
      75.,  0.11591044E+02,  0.20990632E+02, -0.11976790E+01,  0.10670121E-02,  0.28843912E-02,  0.15843892E-03
      76.,  0.11938944E+02,  0.20881211E+02, -0.11976790E+01,  0.10379101E-02,  0.29540399E-02,  0.16090015E-03
      77.,  0.12246141E+02,  0.20745907E+02, -0.11976790E+01,  0.98598989E-03,  0.29900810E-02,  0.16322528E-03
      78.,  0.12510167E+02,  0.20596343E+02, -0.11976790E+01,  0.91218605E-03,  0.29795714E-02,  0.16640858E-03
      79.,  0.12732878E+02,  0.20442097E+02, -0.11976790E+01,  0.82263782E-03,  0.29303243E-02,  0.16535561E-03
      80.,  0.12918582E+02,  0.20290051E+02, -0.11976790E+01,  0.72454546E-03,  0.28568967E-02,  0.16881380E-03
      81.,  0.13072527E+02,  0.20144576E+02, -0.11976790E+01,  0.62557844E-03,  0.27728785E-02,  0.15955365E-03
      82.,  0.13217007E+02,  0.19988531E+02, -0.11976790E+01,  0.51710775E-03,  0.26745919E-02,  0.16285796E-03
      83.,  0.13367387E+02,  0.19800921E+02, -0.11976790E+01,  0.38845525E-03,  0.25536343E-02,  0.15692357E-03
      84.,  0.13519189E+02,  0.19576781E+02, -0.11976790E+01,  0.24238814E-03,  0.24125929E-02,  0.15430352E-03
      85.,  0.13665523E+02,  0.19312187E+02, -0.11976790E+01,  0.87543843E-04,  0.22585714E-02,  0.15294529E-03
      86.,  0.13796973E+02,  0.19005714E+02, -0.11976790E+01, -0.62472047E-04,  0.21017579E-02,  0.15275272E-03
      87.,  0.13902313E+02,  0.18660178E+02, -0.11976790E+01, -0.19179214E-03,  0.19521093E-02,  0.15272692E-03
      88.,  0.13970360E+02,  0.18283987E+02, -0.11976790E+01, -0.28780295E-03,  0.18168175E-02,  0.15230635E-03
      89.,  0.13992743E+02,  0.17891097E+02, -0.11976790E+01, -0.34671992E-03,  0.16985562E-02,  0.15134063E-03
      90.,  0.13966495E+02,  0.17498931E+02, -0.11976790E+01, -0.37398452E-03,  0.15967208E-02,  0.15042819E-03
      91.,  0.13895083E+02,  0.17124755E+02, -0.11976790E+01, -0.37979665E-03,  0.15097009E-02,  0.14996856E-03
      92.,  0.13787214E+02,  0.16782128E+02, -0.11976790E+01, -0.37391847E-03,  0.14361364E-02,  0.14984252E-03
      93.,  0.13654167E+02,  0.16478985E+02, -0.11976790E+01, -0.36312364E-03,  0.13749085E-02,  0.14983187E-03
      94.,  0.13507078E+02,  0.16217741E+02, -0.11976790E+01, -0.35118596E-03,  0.13248232E-02,  0.14984814E-03
      95.,  0.13355169E+02,  0.15996705E+02, -0.11976790E+01, -0.33985927E-03,  0.12845117E-02,  0.14986746E-03
      96.,  0.13205128E+02,  0.15811822E+02, -0.11976790E+01, -0.32979509E-03,  0.12525264E-02,  0.14988425E-03
      97.,  0.13061255E+02,  0.15658093E+02, -0.11976790E+01, -0.32109661E-03,  0.12274538E-02,  0.14989836E-03
      98.,  0.12906679E+02,  0.15513479E+02, -0.11976790E+01, -0.31267947E-03,  0.12055653E-02,  0.14991094E-03
      99.,  0.12720609E+02,  0.15362652E+02, -0.11976790E+01, -0.30364458E-03,  0.11851991E-02,  0.14992412E-03
     100.,  0.12497975E+02,  0.15209997E+02, -0.11976790E+01, -0.29407452E-03,  0.11684429E-02,  0.14993657E-03
     101.,  0.12234682E+02,  0.15062333E+02, -0.11976790E+01, -0.28398817E-03,  0.11584640E-02,  0.14994776E-03
     102.,  0.11929074E+02,  0.14929066E+02, -0.11976790E+01, -0.27313472E-03,  0.11596252E-02,  0.14995737E-03
     103.,  0.11583717E+02,  0.14821525E+02, -0.11976790E+01, -0.26068826E-03,  0.11771948E-02,  0.14996491E-03
     104.,  0.11206833E+02,  0.14751125E+02, -0.11976790E+01, -0.24495852E-03,  0.12162789E-02,  0.14997023E-03
     105.,  0.10812349E+02,  0.14726566E+02, -0.11976790E+01, -0.22345210E-03,  0.12799825E-02,  0.14997386E-03
     106.,  0.10417865E+02,  0.14751125E+02, -0.11976790E+01, -0.19358373E-03,  0.13676012E-02,  0.14997674E-03
     107.,  0.10040981E+02,  0.14821525E+02, -0.11976790E+01, -0.15382466E-03,  0.14741647E-02,  0.14997927E-03
     108.,  0.96956242E+01,  0.14929066E+02, -0.11976790E+01, -0.10451201E-03,  0.15918979E-02,  0.14998088E-03
     109.,  0.93900159E+01,  0.15062333E+02, -0.11976790E+01, -0.47732343E-04,  0.17126705E-02,  0.14998067E-03
     110.,  0.91267226E+01,  0.15209997E+02, -0.11976790E+01,  0.13515063E-04,  0.18299440E-02,  0.14997812E-03
     111.,  0.89040889E+01,  0.15362652E+02, -0.11976790E+01,  0.76233692E-04,  0.19395156E-02,  0.14997398E-03
     112.,  0.87180189E+01,  0.15513479E+02, -0.11976790E+01,  0.13799029E-03,  0.20393024E-02,  0.14996879E-03
     113.,  0.85634430E+01,  0.15658093E+02, -0.11976790E+01,  0.19710583E-03,  0.21287603E-02,  0.14995885E-03
     114.,  0.84195702E+01,  0.15811822E+02, -0.11976790E+01,  0.25979017E-03,  0.22183293E-02,  0.14994473E-03
     115.,  0.82695288E+01,  0.15996705E+02, -0.11976790E+01,  0.33478222E-03,  0.23196504E-02,  0.14991587E-03
     116.,  0.81176202E+01,  0.16217741E+02, -0.11976790E+01,  0.42348608E-03,  0.24330228E-02,  0.14985397E-03
     117.,  0.79705304E+01,  0.16478985E+02, -0.11976790E+01,  0.52599772E-03,  0.25578245E-02,  0.14971390E-03
     118.,  0.78374839E+01,  0.16782128E+02, -0.11976790E+01,  0.63968193E-03,  0.26922429E-02,  0.14936574E-03
     119.,  0.77296146E+01,  0.17124755E+02, -0.11976790E+01,  0.75732503E-03,  0.28333320E-02,  0.14864228E-03
     120.,  0.76582029E+01,  0.17498931E+02, -0.11976790E+01,  0.86598618E-03,  0.29777368E-02,  0.14766652E-03
     121.,  0.76319554E+01,  0.17891097E+02, -0.11976790E+01,  0.94873591E-03,  0.31228541E-02,  0.14684331E-03
     122.,  0.76543375E+01,  0.18283987E+02, -0.11976790E+01,  0.99075250E-03,  0.32672265E-02,  0.14651937E-03
     123.,  0.77223849E+01,  0.18660178E+02, -0.11976790E+01,  0.98729030E-03,  0.34089557E-02,  0.14632995E-03
     124.,  0.78277247E+01,  0.19005714E+02, -0.11976790E+01,  0.94698559E-03,  0.35436826E-02,  0.14539978E-03
     125.,  0.79591749E+01,  0.19312187E+02, -0.11976790E+01,  0.88692422E-03,  0.36647175E-02,  0.14291337E-03
     126.,  0.81055087E+01,  0.19576781E+02, -0.11976790E+01,  0.82422346E-03,  0.37652859E-02,  0.13760967E-03
     127.,  0.82573113E+01,  0.19800921E+02, -0.11976790E+01,  0.77046992E-03,  0.38404492E-02,  0.13146280E-03
     128.,  0.84076909E+01,  0.19988531E+02, -0.11976790E+01,  0.73135049E-03,  0.38872373E-02,  0.12379299E-03
     129.,  0.82135926E+01,  0.20479768E+02, -0.11976790E+01,  0.81107256E-03,  0.40810639E-02,  0.11477240E-03
     130.,  0.83905992E+01,  0.20647036E+02, -0.11976790E+01,  0.80869735E-03,  0.40851885E-02,  0.16180237E-03
     131.,  0.86041219E+01,  0.20821859E+02, -0.11976790E+01,  0.82300216E-03,  0.40456986E-02,  0.17096289E-03
     132.,  0.88601954E+01,  0.20999210E+02, -0.11976790E+01,  0.87192206E-03,  0.39367701E-02,  0.16999684E-03
     133.,  0.91637731E+01,  0.21171179E+02, -0.11976790E+01,  0.95035682E-03,  0.37472375E-02,  0.16573627E-03
     134.,  0.95169878E+01,  0.21326752E+02, -0.11976790E+01,  0.10466798E-02,  0.34817066E-02,  0.15908638E-03
     135.,  0.99170042E+01,  0.21452564E+02, -0.11976790E+01,  0.11405008E-02,  0.31817590E-02,  0.15282950E-03
     136.,  0.10354260E+02,  0.21535060E+02, -0.11976790E+01,  0.12101740E-02,  0.29262847E-02,  0.14529565E-03
     137.,  0.10812349E+02,  0.21563866E+02, -0.11976790E+01,  0.12417797E-02,  0.27936242E-02,  0.14098280E-03
     138.,  0.11270437E+02,  0.21535060E+02, -0.11976790E+01,  0.12359613E-02,  0.28025332E-02,  0.13768711E-03
     139.,  0.11707694E+02,  0.21452564E+02, -0.11976790E+01,  0.12017492E-02,  0.28967045E-02,  0.13595650E-03
     140.,  0.12107710E+02,  0.21326752E+02, -0.11976790E+01,  0.11482698E-02,  0.29943343E-02,  0.13241769E-03
     141.,  0.12460925E+02,  0.21171179E+02, -0.11976790E+01,  0.10784843E-02,  0.30418980E-02,  0.13098048E-03
     142.,  0.12764503E+02,  0.20999210E+02, -0.11976790E+01,  0.99395681E-03,  0.30274206E-02,  0.12641458E-03
     143.,  0.13020576E+02,  0.20821859E+02, -0.11976790E+01,  0.89518254E-03,  0.29628326E-02,  0.13146149E-03
     144.,  0.13234099E+02,  0.20647036E+02, -0.11976790E+01,  0.79013426E-03,  0.28689915E-02,  0.12196950E-03
     145.,  0.13411105E+02,  0.20479768E+02, -0.11976790E+01,  0.68376004E-03,  0.27625376E-02,  0.14632094E-03
     146.,  0.13577228E+02,  0.20300348E+02, -0.11976790E+01,  0.56782322E-03,  0.26415062E-02,  0.12919075E-03
     147.,  0.13750135E+02,  0.20084633E+02, -0.11976790E+01,  0.42942084E-03,  0.24942330E-02,  0.13848364E-03
     148.,  0.13924678E+02,  0.19826917E+02, -0.11976790E+01,  0.27272038E-03,  0.23275297E-02,  0.14258732E-03
     149.,  0.14092932E+02,  0.19522686E+02, -0.11976790E+01,  0.10601818E-03,  0.21530912E-02,  0.14528074E-03
     150.,  0.14244074E+02,  0.19170303E+02, -0.11976790E+01, -0.56516757E-04,  0.19838934E-02,  0.14530119E-03
     151.,  0.14365194E+02,  0.18773005E+02, -0.11976790E+01, -0.19681250E-03,  0.18336571E-02,  0.14486544E-03
     152.,  0.14443435E+02,  0.18340460E+02, -0.11976790E+01, -0.30086909E-03,  0.17100846E-02,  0.14547458E-03
     153.,  0.14469170E+02,  0.17888715E+02, -0.11976790E+01, -0.36442732E-03,  0.16124322E-02,  0.14739106E-03
     154.,  0.14438990E+02,  0.17437802E+02, -0.11976790E+01, -0.39324497E-03,  0.15342185E-02,  0.14912125E-03
     155.,  0.14356881E+02,  0.17007574E+02, -0.11976790E+01, -0.39834507E-03,  0.14685664E-02,  0.14990453E-03
     156.,  0.14232853E+02,  0.16613621E+02, -0.11976790E+01, -0.39063194E-03,  0.14113122E-02,  0.15006124E-03
     157.,  0.14079876E+02,  0.16265067E+02, -0.11976790E+01, -0.37793605E-03,  0.13609555E-02,  0.15005807E-03
     158.,  0.13910752E+02,  0.15964688E+02, -0.11976790E+01, -0.36472251E-03,  0.13172581E-02,  0.15003492E-03
     159.,  0.13736087E+02,  0.15710541E+02, -0.11976790E+01, -0.35302846E-03,  0.12801625E-02,  0.15001424E-03
     160.,  0.13563569E+02,  0.15497962E+02, -0.11976790E+01, -0.34349503E-03,  0.12493652E-02,  0.14999871E-03
     161.,  0.13398144E+02,  0.15321204E+02, -0.11976790E+01, -0.33609469E-03,  0.12243021E-02,  0.14998717E-03
     162.,  0.13220412E+02,  0.15154926E+02, -0.11976790E+01, -0.32985804E-03,  0.12016735E-02,  0.14997946E-03
     163.,  0.13006469E+02,  0.14981506E+02, -0.11976790E+01, -0.32441280E-03,  0.11798744E-02,  0.14997111E-03
     164.,  0.12750484E+02,  0.14805982E+02, -0.11976790E+01, -0.32036074E-03,  0.11611937E-02,  0.14996470E-03
     165.,  0.12447749E+02,  0.14636198E+02, -0.11976790E+01, -0.31823836E-03,  0.11492707E-02,  0.14996072E-03
     166.,  0.12096361E+02,  0.14482968E+02, -0.11976790E+01, -0.31815431E-03,  0.11493423E-02,  0.14995835E-03
     167.,  0.11699269E+02,  0.14359317E+02, -0.11976790E+01, -0.31921508E-03,  0.11679375E-02,  0.14995697E-03
     168.,  0.11265927E+02,  0.14278371E+02, -0.11976790E+01, -0.31897538E-03,  0.12115673E-02,  0.14995523E-03
     169.,  0.10812349E+02,  0.14250132E+02, -0.11976790E+01, -0.31344091E-03,  0.12843695E-02,  0.14995068E-03
     170.,  0.10358770E+02,  0.14278371E+02, -0.11976790E+01, -0.29809628E-03,  0.13857349E-02,  0.14994077E-03
     171.,  0.99254285E+01,  0.14359317E+02, -0.11976790E+01, -0.26966622E-03,  0.15096442E-02,  0.14992496E-03
     172.,  0.95283373E+01,  0.14482968E+02, -0.11976790E+01, -0.22747619E-03,  0.16464887E-02,  0.14990550E-03
     173.,  0.91769484E+01,  0.14636198E+02, -0.11976790E+01, -0.17350624E-03,  0.17861946E-02,  0.14988570E-03
     174.,  0.88742135E+01,  0.14805982E+02, -0.11976790E+01, -0.11134017E-03,  0.19207239E-02,  0.14986799E-03
     175.,  0.86182289E+01,  0.14981506E+02, -0.11976790E+01, -0.44886561E-04,  0.20450240E-02,  0.14985107E-03
     176.,  0.84042854E+01,  0.15154926E+02, -0.11976790E+01,  0.22496118E-04,  0.21567479E-02,  0.14983472E-03
     177.,  0.82265537E+01,  0.15321204E+02, -0.11976790E+01,  0.88337025E-04,  0.22554487E-02,  0.14982864E-03
     178.,  0.80611286E+01,  0.15497962E+02, -0.11976790E+01,  0.15927265E-03,  0.23526580E-02,  0.14982253E-03
     179.,  0.78886108E+01,  0.15710541E+02, -0.11976790E+01,  0.24533740E-03,  0.24604053E-02,  0.14983194E-03
     180.,  0.77139460E+01,  0.15964688E+02, -0.11976790E+01,  0.34844551E-03,  0.25777818E-02,  0.14988111E-03
     181.,  0.75448220E+01,  0.16265067E+02, -0.11976790E+01,  0.46902671E-03,  0.27026496E-02,  0.15003040E-03
     182.,  0.73918450E+01,  0.16613621E+02, -0.11976790E+01,  0.60428496E-03,  0.28316934E-02,  0.15054734E-03
     183.,  0.72678168E+01,  0.17007574E+02, -0.11976790E+01,  0.74601400E-03,  0.29613208E-02,  0.15181691E-03
     184.,  0.71857075E+01,  0.17437802E+02, -0.11976790E+01,  0.87929493E-03,  0.30895568E-02,  0.15371233E-03
     185.,  0.71555280E+01,  0.17888715E+02, -0.11976790E+01,  0.98448497E-03,  0.32179183E-02,  0.15546585E-03
     186.,  0.71812629E+01,  0.18340460E+02, -0.11976790E+01,  0.10440545E-02,  0.33506331E-02,  0.15581418E-03
     187.,  0.72595040E+01,  0.18773005E+02, -0.11976790E+01,  0.10515706E-02,  0.34901615E-02,  0.15557165E-03
     188.,  0.73806238E+01,  0.19170303E+02, -0.11976790E+01,  0.10166359E-02,  0.36320849E-02,  0.15716513E-03
     189.,  0.75317654E+01,  0.19522686E+02, -0.11976790E+01,  0.96047143E-03,  0.37661967E-02,  0.16119212E-03
     190.,  0.77000203E+01,  0.19826917E+02, -0.11976790E+01,  0.90393244E-03,  0.38825561E-02,  0.16767454E-03
     191.,  0.78745632E+01,  0.20084633E+02, -0.11976790E+01,  0.85896114E-03,  0.39753555E-02,  0.17032089E-03
     192.,  0.80474698E+01,  0.20300348E+02, -0.11976790E+01,  0.82787672E-03,  0.40425753E-02,  0.17019098E-03
     193.,  0.78750147E+01,  0.20814960E+02, -0.11976790E+01,  0.93397046E-03,  0.43094836E-02,  0.45757780E-03
     194.,  0.80750825E+01,  0.21004020E+02, -0.11976790E+01,  0.92172458E-03,  0.43525522E-02,  0.30756862E-03
     195.,  0.83164240E+01,  0.21201620E+02, -0.11976790E+01,  0.96826511E-03,  0.43183227E-02,  0.21474966E-03
     196.,  0.86058599E+01,  0.21402078E+02, -0.11976790E+01,  0.10531149E-02,  0.41987643E-02,  0.17809897E-03
     197.,  0.89489891E+01,  0.21596451E+02, -0.11976790E+01,  0.11678289E-02,  0.39697728E-02,  0.15774390E-03
     198.,  0.93482222E+01,  0.21772294E+02, -0.11976790E+01,  0.12909667E-02,  0.36302294E-02,  0.15301201E-03
     199.,  0.98003546E+01,  0.21914497E+02, -0.11976790E+01,  0.13968771E-02,  0.32300962E-02,  0.15553778E-03
     200.,  0.10294579E+02,  0.22007741E+02, -0.11976790E+01,  0.14605791E-02,  0.28865943E-02,  0.15702340E-03
     201.,  0.10812349E+02,  0.22040299E+02, -0.11976790E+01,  0.14652018E-02,  0.27302919E-02,  0.14396976E-03
     202.,  0.11330119E+02,  0.22007741E+02, -0.11976790E+01,  0.14125168E-02,  0.27858194E-02,  0.14280360E-03
     203.,  0.11824343E+02,  0.21914497E+02, -0.11976790E+01,  0.13285758E-02,  0.29526851E-02,  0.14364219E-03
     204.,  0.12276476E+02,  0.21772294E+02, -0.11976790E+01,  0.12355544E-02,  0.31043300E-02,  0.13991469E-03
     205.,  0.12675709E+02,  0.21596451E+02, -0.11976790E+01,  0.11434024E-02,  0.31711575E-02,  0.12448205E-03
     206.,  0.13018838E+02,  0.21402078E+02, -0.11976790E+01,  0.10476402E-02,  0.31480832E-02,  0.12051673E-03
     207.,  0.13308274E+02,  0.21201620E+02, -0.11976790E+01,  0.94688066E-03,  0.30643975E-02,  0.10062519E-03
     208.,  0.13549615E+02,  0.21004020E+02, -0.11976790E+01,  0.83049545E-03,  0.29415804E-02,  0.12523245E-03
     209.,  0.13749683E+02,  0.20814960E+02, -0.11976790E+01,  0.71519644E-03,  0.28076068E-02,  0.69343657E-04
     210.,  0.13937449E+02,  0.20612164E+02, -0.11976790E+01,  0.58779886E-03,  0.26517218E-02,  0.14471599E-03
     211.,  0.14132883E+02,  0.20368345E+02, -0.11976790E+01,  0.43991061E-03,  0.24699212E-02,  0.14729494E-03
     212.,  0.14330166E+02,  0.20077052E+02, -0.11976790E+01,  0.27385868E-03,  0.22741125E-02,  0.14863684E-03
     213.,  0.14520342E+02,  0.19733186E+02, -0.11976790E+01,  0.97417314E-04,  0.20720977E-02,  0.14548131E-03
     214.,  0.14691175E+02,  0.19334892E+02, -0.11976790E+01, -0.70771420E-04,  0.18837821E-02,  0.14636368E-03
     215.,  0.14828075E+02,  0.18885832E+02, -0.11976790E+01, -0.21172368E-03,  0.17271834E-02,  0.14824502E-03
     216.,  0.14916509E+02,  0.18396933E+02, -0.11976790E+01, -0.31342761E-03,  0.16104959E-02,  0.14874919E-03
     217.,  0.14945597E+02,  0.17886333E+02, -0.11976790E+01, -0.37472079E-03,  0.15285057E-02,  0.14858899E-03
     218.,  0.14911486E+02,  0.17376673E+02, -0.11976790E+01, -0.40285688E-03,  0.14689092E-02,  0.14897364E-03
     219.,  0.14818679E+02,  0.16890393E+02, -0.11976790E+01, -0.40882532E-03,  0.14203720E-02,  0.14937526E-03
     220.,  0.14678492E+02,  0.16445114E+02, -0.11976790E+01, -0.40287496E-03,  0.13766326E-02,  0.14969043E-03
     221.,  0.14505584E+02,  0.16051148E+02, -0.11976790E+01, -0.39234007E-03,  0.13358997E-02,  0.14983810E-03
     222.,  0.14314426E+02,  0.15711634E+02, -0.11976790E+01, -0.38148721E-03,  0.12985765E-02,  0.14989774E-03
     223.,  0.14117005E+02,  0.15424376E+02, -0.11976790E+01, -0.37232622E-03,  0.12654651E-02,  0.14992318E-03
     224.,  0.13922011E+02,  0.15184101E+02, -0.11976790E+01, -0.36549487E-03,  0.12370323E-02,  0.14993893E-03
     225.,  0.13735033E+02,  0.14984315E+02, -0.11976790E+01, -0.36092540E-03,  0.12132968E-02,  0.14994862E-03
     226.,  0.13534146E+02,  0.14796374E+02, -0.11976790E+01, -0.35801250E-03,  0.11914389E-02,  0.14994779E-03
     227.,  0.13292329E+02,  0.14600359E+02, -0.11976790E+01, -0.35696584E-03,  0.11700314E-02,  0.14995024E-03
     228.,  0.13002994E+02,  0.14401968E+02, -0.11976790E+01, -0.35872306E-03,  0.11514884E-02,  0.14995249E-03
     229.,  0.12660817E+02,  0.14210063E+02, -0.11976790E+01, -0.36415323E-03,  0.11398005E-02,  0.14995292E-03
     230.,  0.12263647E+02,  0.14036870E+02, -0.11976790E+01, -0.37356449E-03,  0.11408688E-02,  0.14995265E-03
     231.,  0.11814821E+02,  0.13897109E+02, -0.11976790E+01, -0.38594182E-03,  0.11622369E-02,  0.14995153E-03
     232.,  0.11325022E+02,  0.13805617E+02, -0.11976790E+01, -0.39820689E-03,  0.12116006E-02,  0.14994923E-03
     233.,  0.10812349E+02,  0.13773699E+02, -0.11976790E+01, -0.40517727E-03,  0.12939965E-02,  0.14994560E-03
     234.,  0.10299676E+02,  0.13805617E+02, -0.11976790E+01, -0.40085145E-03,  0.14088831E-02,  0.14994093E-03
     235.,  0.98098764E+01,  0.13897109E+02, -0.11976790E+01, -0.38066987E-03,  0.15492588E-02,  0.14993587E-03
     236.,  0.93610504E+01,  0.14036870E+02, -0.11976790E+01, -0.34330619E-03,  0.17038294E-02,  0.14993141E-03
     237.,  0.89638810E+01,  0.14210063E+02, -0.11976790E+01, -0.29080985E-03,  0.18607921E-02,  0.14992876E-03
     238.,  0.86217043E+01,  0.14401968E+02, -0.11976790E+01, -0.22733612E-03,  0.20108442E-02,  0.14992865E-03
     239.,  0.83323689E+01,  0.14600359E+02, -0.11976790E+01, -0.15755296E-03,  0.21482864E-02,  0.14993673E-03
     240.,  0.80905518E+01,  0.14796374E+02, -0.11976790E+01, -0.85546310E-04,  0.22706237E-02,  0.14995146E-03
     241.,  0.78896645E+01,  0.14984315E+02, -0.11976790E+01, -0.14360126E-04,  0.23775806E-02,  0.14995362E-03
     242.,  0.77026871E+01,  0.15184101E+02, -0.11976790E+01,  0.63015455E-04,  0.24817333E-02,  0.14999149E-03
     243.,  0.75076928E+01,  0.15424376E+02, -0.11976790E+01,  0.15767181E-03,  0.25955668E-02,  0.15005174E-03
     244.,  0.73102719E+01,  0.15711634E+02, -0.11976790E+01,  0.27207537E-03,  0.27172977E-02,  0.15014962E-03
     245.,  0.71191136E+01,  0.16051148E+02, -0.11976790E+01,  0.40732475E-03,  0.28436912E-02,  0.15038231E-03
     246.,  0.69462061E+01,  0.16445114E+02, -0.11976790E+01,  0.56129769E-03,  0.29704130E-02,  0.15069401E-03
     247.,  0.68060189E+01,  0.16890393E+02, -0.11976790E+01,  0.72623139E-03,  0.30934217E-02,  0.15108812E-03
     248.,  0.67132120E+01,  0.17376673E+02, -0.11976790E+01,  0.88685938E-03,  0.32117773E-02,  0.15113396E-03
     249.,  0.66791006E+01,  0.17886333E+02, -0.11976790E+01,  0.10218744E-02,  0.33305535E-02,  0.14994484E-03
     250.,  0.67081884E+01,  0.18396933E+02, -0.11976790E+01,  0.11100754E-02,  0.34599771E-02,  0.15086904E-03
     251.,  0.67966230E+01,  0.18885832E+02, -0.11976790E+01,  0.11396231E-02,  0.36072484E-02,  0.15337924E-03
     252.,  0.69335230E+01,  0.19334892E+02, -0.11976790E+01,  0.11163193E-02,  0.37681428E-02,  0.15274287E-03
     253.,  0.71043560E+01,  0.19733186E+02, -0.11976790E+01,  0.10631984E-02,  0.39247441E-02,  0.15346224E-03
     254.,  0.72945319E+01,  0.20077052E+02, -0.11976790E+01,  0.10091834E-02,  0.40583354E-02,  0.16382446E-03
     255.,  0.74918150E+01,  0.20368345E+02, -0.11976790E+01,  0.97150978E-03,  0.41635400E-02,  0.19475788E-03
     256.,  0.76872487E+01,  0.20612164E+02, -0.11976790E+01,  0.95195155E-03,  0.42449632E-02,  0.26074651E-03
     257.,  0.75364368E+01,  0.21150152E+02, -0.11976790E+01,  0.10244364E-02,  0.45952469E-02, -0.11188341E-02
     258.,  0.77595659E+01,  0.21361005E+02, -0.11976790E+01,  0.10630867E-02,  0.46799190E-02, -0.68728804E-03
     259.,  0.80287260E+01,  0.21581381E+02, -0.11976790E+01,  0.11709643E-02,  0.46676162E-02, -0.27765588E-03
     260.,  0.83515244E+01,  0.21804945E+02, -0.11976790E+01,  0.13344008E-02,  0.45547522E-02, -0.12841142E-03
     261.,  0.87342051E+01,  0.22021724E+02, -0.11976790E+01,  0.15192682E-02,  0.42987546E-02, -0.30100135E-05
     262.,  0.91794566E+01,  0.22217835E+02, -0.11976790E+01,  0.16794894E-02,  0.38724143E-02,  0.72042428E-04
     263.,  0.96837050E+01,  0.22376429E+02, -0.11976790E+01,  0.17836724E-02,  0.33205563E-02,  0.10334004E-03
     264.,  0.10234897E+02,  0.22480421E+02, -0.11976790E+01,  0.18108493E-02,  0.28298529E-02,  0.15502953E-03
     265.,  0.10812349E+02,  0.22516732E+02, -0.11976790E+01,  0.17250075E-02,  0.26506494E-02,  0.25316558E-03
     266.,  0.11389801E+02,  0.22480421E+02, -0.11976790E+01,  0.15533278E-02,  0.28023581E-02,  0.27725219E-03
     267.,  0.11940993E+02,  0.22376429E+02, -0.11976790E+01,  0.13702064E-02,  0.30886335E-02,  0.27997918E-03
     268.,  0.12445241E+02,  0.22217835E+02, -0.11976790E+01,  0.12356103E-02,  0.33106166E-02,  0.32142925E-03
     269.,  0.12890493E+02,  0.22021724E+02, -0.11976790E+01,  0.11383148E-02,  0.33838603E-02,  0.41840286E-03
     270.,  0.13273173E+02,  0.21804945E+02, -0.11976790E+01,  0.10580820E-02,  0.33374861E-02,  0.48339256E-03
     271.,  0.13595972E+02,  0.21581381E+02, -0.11976790E+01,  0.96851739E-03,  0.32033979E-02,  0.54230759E-03
     272.,  0.13865132E+02,  0.21361005E+02, -0.11976790E+01,  0.88395335E-03,  0.30541155E-02,  0.49183491E-03
     273.,  0.14088261E+02,  0.21150152E+02, -0.11976790E+01,  0.74664928E-03,  0.28603673E-02,  0.59432339E-03
     274.,  0.14297670E+02,  0.20923980E+02, -0.11976790E+01,  0.60349776E-03,  0.26574496E-02,  0.30973547E-03
     275.,  0.14515631E+02,  0.20652057E+02, -0.11976790E+01,  0.44751147E-03,  0.24492025E-02,  0.23161658E-03
     276.,  0.14735654E+02,  0.20327188E+02, -0.11976790E+01,  0.26479445E-03,  0.22149786E-02,  0.20969956E-03
     277.,  0.14947751E+02,  0.19943685E+02, -0.11976790E+01,  0.74935192E-04,  0.19804061E-02,  0.20357695E-03
     278.,  0.15138276E+02,  0.19499481E+02, -0.11976790E+01, -0.97848470E-04,  0.17731264E-02,  0.19892896E-03
     279.,  0.15290956E+02,  0.18998659E+02, -0.11976790E+01, -0.23330943E-03,  0.16171853E-02,  0.19652441E-03
     280.,  0.15389584E+02,  0.18453406E+02, -0.11976790E+01, -0.32603307E-03,  0.15152715E-02,  0.19064764E-03
     281.,  0.15422025E+02,  0.17883951E+02, -0.11976790E+01, -0.38029473E-03,  0.14534171E-02,  0.17461599E-03
     282.,  0.15383981E+02,  0.17315544E+02, -0.11976790E+01, -0.40583699E-03,  0.14127026E-02,  0.15836105E-03
     283.,  0.15280477E+02,  0.16773212E+02, -0.11976790E+01, -0.41325704E-03,  0.13790470E-02,  0.15127068E-03
     284.,  0.15124131E+02,  0.16276607E+02, -0.11976790E+01, -0.41098059E-03,  0.13459664E-02,  0.14934176E-03
     285.,  0.14931293E+02,  0.15837230E+02, -0.11976790E+01, -0.40475022E-03,  0.13126541E-02,  0.14898078E-03
     286.,  0.14718100E+02,  0.15458581E+02, -0.11976790E+01, -0.39815533E-03,  0.12804346E-02,  0.14904507E-03
     287.,  0.14497923E+02,  0.15138211E+02, -0.11976790E+01, -0.39304115E-03,  0.12507714E-02,  0.14920262E-03
     288.,  0.14280452E+02,  0.14870241E+02, -0.11976790E+01, -0.39003482E-03,  0.12246129E-02,  0.14932511E-03
     289.,  0.14071923E+02,  0.14647425E+02, -0.11976790E+01, -0.38908712E-03,  0.12023628E-02,  0.14942648E-03
     290.,  0.13847880E+02,  0.14437821E+02, -0.11976790E+01, -0.39010214E-03,  0.11815739E-02,  0.14954839E-03
     291.,  0.13578189E+02,  0.14219212E+02, -0.11976790E+01, -0.39390150E-03,  0.11609947E-02,  0.14965680E-03
     292.,  0.13255503E+02,  0.13997953E+02, -0.11976790E+01, -0.40171514E-03,  0.11431116E-02,  0.14974750E-03
     293.,  0.12873884E+02,  0.13783928E+02, -0.11976790E+01, -0.41471266E-03,  0.11321614E-02,  0.14982464E-03
     294.,  0.12430934E+02,  0.13590771E+02, -0.11976790E+01, -0.43341588E-03,  0.11346118E-02,  0.14988592E-03
     295.,  0.11930373E+02,  0.13434901E+02, -0.11976790E+01, -0.45677370E-03,  0.11589880E-02,  0.14993196E-03
     296.,  0.11384116E+02,  0.13332863E+02, -0.11976790E+01, -0.48118199E-03,  0.12142574E-02,  0.14997028E-03
     297.,  0.10812349E+02,  0.13297266E+02, -0.11976790E+01, -0.50031562E-03,  0.13065267E-02,  0.15001861E-03
     298.,  0.10240582E+02,  0.13332863E+02, -0.11976790E+01, -0.50664458E-03,  0.14354393E-02,  0.15009660E-03
     299.,  0.96943244E+01,  0.13434901E+02, -0.11976790E+01, -0.49428054E-03,  0.15929704E-02,  0.15020818E-03
     300.,  0.91937635E+01,  0.13590771E+02, -0.11976790E+01, -0.46129362E-03,  0.17659911E-02,  0.15033373E-03
     301.,  0.87508135E+01,  0.13783928E+02, -0.11976790E+01, -0.40992923E-03,  0.19408494E-02,  0.15044483E-03
     302.,  0.83691952E+01,  0.13997953E+02, -0.11976790E+01, -0.34502429E-03,  0.21069685E-02,  0.15052298E-03
     303.,  0.80465089E+01,  0.14219212E+02, -0.11976790E+01, -0.27205827E-03,  0.22580616E-02,  0.15055677E-03
     304.,  0.77768183E+01,  0.14437821E+02, -0.11976790E+01, -0.19581135E-03,  0.23915641E-02,  0.15056602E-03
     305.,  0.75527752E+01,  0.14647425E+02, -0.11976790E+01, -0.11986159E-03,  0.25074185E-02,  0.15058061E-03
     306.,  0.73442455E+01,  0.14870241E+02, -0.11976790E+01, -0.36836074E-04,  0.26193464E-02,  0.15042315E-03
     307.,  0.71267748E+01,  0.15138211E+02, -0.11976790E+01,  0.65281556E-04,  0.27405387E-02,  0.15006542E-03
     308.,  0.69065978E+01,  0.15458581E+02, -0.11976790E+01,  0.18952096E-03,  0.28685078E-02,  0.14929931E-03
     309.,  0.66934053E+01,  0.15837230E+02, -0.11976790E+01,  0.33786738E-03,  0.29990259E-02,  0.14734892E-03
     310.,  0.65005672E+01,  0.16276607E+02, -0.11976790E+01,  0.50975103E-03,  0.31264503E-02,  0.14254277E-03
     311.,  0.63442210E+01,  0.16773212E+02, -0.11976790E+01,  0.69899290E-03,  0.32456950E-02,  0.13063368E-03
     312.,  0.62407166E+01,  0.17315544E+02, -0.11976790E+01,  0.89078110E-03,  0.33550059E-02,  0.11361240E-03
     313.,  0.62026732E+01,  0.17883951E+02, -0.11976790E+01,  0.10622944E-02,  0.34604122E-02,  0.10458125E-03
     314.,  0.62351139E+01,  0.18453406E+02, -0.11976790E+01,  0.11895080E-02,  0.35796511E-02,  0.98990880E-04
     315.,  0.63337421E+01,  0.18998659E+02, -0.11976790E+01,  0.12503176E-02,  0.37318525E-02,  0.91716009E-04
     316.,  0.64864221E+01,  0.19499481E+02, -0.11976790E+01,  0.12403008E-02,  0.39150497E-02,  0.82473077E-04
     317.,  0.66769466E+01,  0.19943685E+02, -0.11976790E+01,  0.11842348E-02,  0.41077135E-02,  0.54177185E-04
     318.,  0.68890434E+01,  0.20327188E+02, -0.11976790E+01,  0.11201488E-02,  0.42728770E-02, -0.28158727E-04
     319.,  0.71090668E+01,  0.20652057E+02, -0.11976790E+01,  0.10798539E-02,  0.43849858E-02, -0.19506929E-03
     320.,  0.73270276E+01,  0.20923980E+02, -0.11976790E+01,  0.10667114E-02,  0.44595779E-02, -0.54489590E-03
     321.,  0.71978590E+01,  0.21485344E+02, -0.11976790E+01,  0.10760137E-02,  0.52766947E-02,  0.32620763E-02
     322.,  0.74440493E+01,  0.21717990E+02, -0.11976790E+01,  0.11879238E-02,  0.54371941E-02,  0.23332348E-02
     323.,  0.77410281E+01,  0.21961143E+02, -0.11976790E+01,  0.14961728E-02,  0.53137797E-02,  0.14588428E-02
     324.,  0.80971889E+01,  0.22207813E+02, -0.11976790E+01,  0.17942644E-02,  0.50737200E-02,  0.12037029E-02
     325.,  0.85194211E+01,  0.22446996E+02, -0.11976790E+01,  0.20781831E-02,  0.47487571E-02,  0.74174965E-03
     326.,  0.90106911E+01,  0.22663376E+02, -0.11976790E+01,  0.22971626E-02,  0.42564233E-02,  0.41537138E-03
     327.,  0.95670554E+01,  0.22838361E+02, -0.11976790E+01,  0.23990907E-02,  0.35039288E-02,  0.28982453E-03
     328.,  0.10175215E+02,  0.22953102E+02, -0.11976790E+01,  0.23310026E-02,  0.27615634E-02,  0.92317519E-04
     329.,  0.10812349E+02,  0.22993166E+02, -0.11976790E+01,  0.20260302E-02,  0.25890757E-02, -0.25102825E-03
     330.,  0.11449483E+02,  0.22953102E+02, -0.11976790E+01,  0.15626359E-02,  0.29113498E-02, -0.33460866E-03
     331.,  0.12057642E+02,  0.22838361E+02, -0.11976790E+01,  0.12103662E-02,  0.33514722E-02, -0.35001321E-03
     332.,  0.12614007E+02,  0.22663376E+02, -0.11976790E+01,  0.10473255E-02,  0.36462912E-02, -0.52875541E-03
     333.,  0.13105277E+02,  0.22446996E+02, -0.11976790E+01,  0.10073991E-02,  0.37451318E-02, -0.82627434E-03
     334.,  0.13527509E+02,  0.22207813E+02, -0.11976790E+01,  0.99820903E-03,  0.36864825E-02, -0.10424057E-02
     335.,  0.13883670E+02,  0.21961143E+02, -0.11976790E+01,  0.96049634E-03,  0.35039569E-02, -0.11342754E-02
     336.,  0.14180649E+02,  0.21717990E+02, -0.11976790E+01,  0.90991375E-03,  0.32601305E-02, -0.10692871E-02
     337.,  0.14426839E+02,  0.21485344E+02, -0.11976790E+01,  0.83207069E-03,  0.29943796E-02, -0.12521438E-02
     338.,  0.14657891E+02,  0.21235797E+02, -0.11976790E+01,  0.62956894E-03,  0.26700551E-02, -0.48726767E-03
     339.,  0.14898379E+02,  0.20935769E+02, -0.11976790E+01,  0.46500768E-03,  0.24031896E-02, -0.15466871E-03
     340.,  0.15141143E+02,  0.20577324E+02, -0.11976790E+01,  0.26322945E-03,  0.21220091E-02, -0.61616475E-04
     341.,  0.15375161E+02,  0.20154184E+02, -0.11976790E+01,  0.49587896E-04,  0.18494743E-02, -0.17546711E-04
     342.,  0.15585377E+02,  0.19664070E+02, -0.11976790E+01, -0.12770222E-03,  0.16361236E-02, -0.74981544E-05
     343.,  0.15753837E+02,  0.19111487E+02, -0.11976790E+01, -0.25403362E-03,  0.15001502E-02, -0.18252804E-04
     344.,  0.15862658E+02,  0.18509880E+02, -0.11976790E+01, -0.33467752E-03,  0.14287384E-02, -0.23881845E-05
     345.,  0.15898452E+02,  0.17881568E+02, -0.11976790E+01, -0.37986049E-03,  0.13949747E-02,  0.66611027E-04
     346.,  0.15856477E+02,  0.17254415E+02, -0.11976790E+01, -0.40276423E-03,  0.13742284E-02,  0.12825841E-03
     347.,  0.15742275E+02,  0.16656030E+02, -0.11976790E+01, -0.41312355E-03,  0.13521941E-02,  0.14978850E-03
     348.,  0.15569770E+02,  0.16108099E+02, -0.11976790E+01, -0.41604073E-03,  0.13260394E-02,  0.15402864E-03
     349.,  0.15357001E+02,  0.15623311E+02, -0.11976790E+01, -0.41528641E-03,  0.12973701E-02,  0.15423417E-03
     350.,  0.15121774E+02,  0.15205528E+02, -0.11976790E+01, -0.41379783E-03,  0.12685114E-02,  0.15349265E-03
     351.,  0.14878841E+02,  0.14852047E+02, -0.11976790E+01, -0.41335581E-03,  0.12413141E-02,  0.15270066E-03
     352.,  0.14638894E+02,  0.14556380E+02, -0.11976790E+01, -0.41463540E-03,  0.12168993E-02,  0.15217422E-03
     353.,  0.14408812E+02,  0.14310536E+02, -0.11976790E+01, -0.41762084E-03,  0.11957951E-02,  0.15176423E-03
     354.,  0.14161613E+02,  0.14079268E+02, -0.11976790E+01, -0.42275342E-03,  0.11758735E-02,  0.15131901E-03
     355.,  0.13864049E+02,  0.13838066E+02, -0.11976790E+01, -0.43155835E-03,  0.11559757E-02,  0.15091903E-03
     356.,  0.13508012E+02,  0.13593938E+02, -0.11976790E+01, -0.44556913E-03,  0.11386020E-02,  0.15059539E-03
     357.,  0.13086952E+02,  0.13357793E+02, -0.11976790E+01, -0.46628313E-03,  0.11281471E-02,  0.15032991E-03
     358.,  0.12598221E+02,  0.13144673E+02, -0.11976790E+01, -0.49458633E-03,  0.11315957E-02,  0.15012332E-03
     359.,  0.12045926E+02,  0.12972693E+02, -0.11976790E+01, -0.52960992E-03,  0.11585192E-02,  0.14997507E-03
     360.,  0.11443210E+02,  0.12860108E+02, -0.11976790E+01, -0.56737505E-03,  0.12194085E-02,  0.14985862E-03
     361.,  0.10812349E+02,  0.12820832E+02, -0.11976790E+01, -0.60029353E-03,  0.13217959E-02,  0.14970536E-03
     362.,  0.10181488E+02,  0.12860108E+02, -0.11976790E+01, -0.61888600E-03,  0.14657201E-02,  0.14943361E-03
     363.,  0.95787723E+01,  0.12972693E+02, -0.11976790E+01, -0.61548717E-03,  0.16420179E-02,  0.14902012E-03
     364.,  0.90264766E+01,  0.13144673E+02, -0.11976790E+01, -0.58739823E-03,  0.18353796E-02,  0.14853549E-03
     365.,  0.85377461E+01,  0.13357793E+02, -0.11976790E+01, -0.53720262E-03,  0.20299877E-02,  0.14808450E-03
     366.,  0.81166860E+01,  0.13593938E+02, -0.11976790E+01, -0.47067399E-03,  0.22138467E-02,  0.14773725E-03
     367.,  0.77606489E+01,  0.13838066E+02, -0.11976790E+01, -0.39427885E-03,  0.23801076E-02,  0.14750904E-03
     368.,  0.74630848E+01,  0.14079268E+02, -0.11976790E+01, -0.31363458E-03,  0.25261885E-02,  0.14731367E-03
     369.,  0.72158860E+01,  0.14310536E+02, -0.11976790E+01, -0.23282265E-03,  0.26522817E-02,  0.14711073E-03
     370.,  0.69858039E+01,  0.14556380E+02, -0.11976790E+01, -0.14420263E-03,  0.27735133E-02,  0.14736957E-03
     371.,  0.67458568E+01,  0.14852047E+02, -0.11976790E+01, -0.34839737E-04,  0.29039954E-02,  0.14814270E-03
     372.,  0.65029237E+01,  0.15205528E+02, -0.11976790E+01,  0.98787640E-04,  0.30408603E-02,  0.15009707E-03
     373.,  0.62676969E+01,  0.15623311E+02, -0.11976790E+01,  0.25947419E-03,  0.31790816E-02,  0.15544533E-03
     374.,  0.60549283E+01,  0.16108099E+02, -0.11976790E+01,  0.44834705E-03,  0.33114160E-02,  0.16964914E-03
     375.,  0.58824231E+01,  0.16656030E+02, -0.11976790E+01,  0.66298079E-03,  0.34298356E-02,  0.21134092E-03
     376.,  0.57682211E+01,  0.17254415E+02, -0.11976790E+01,  0.88932809E-03,  0.35303671E-02,  0.28179506E-03
     377.,  0.57262458E+01,  0.17881568E+02, -0.11976790E+01,  0.10997080E-02,  0.36135594E-02,  0.32724599E-03
     378.,  0.57620394E+01,  0.18509880E+02, -0.11976790E+01,  0.12741633E-02,  0.37020563E-02,  0.33605648E-03
     379.,  0.58708612E+01,  0.19111487E+02, -0.11976790E+01,  0.13806717E-02,  0.38406872E-02,  0.34810520E-03
     380.,  0.60393212E+01,  0.19664070E+02, -0.11976790E+01,  0.13830724E-02,  0.40478154E-02,  0.37876272E-03
     381.,  0.62495371E+01,  0.20154184E+02, -0.11976790E+01,  0.13167764E-02,  0.42799070E-02,  0.50108788E-03
     382.,  0.64835550E+01,  0.20577324E+02, -0.11976790E+01,  0.12252095E-02,  0.45103975E-02,  0.88646866E-03
     383.,  0.67263186E+01,  0.20935769E+02, -0.11976790E+01,  0.11441330E-02,  0.47419564E-02,  0.13386425E-02
     384.,  0.69668064E+01,  0.21235797E+02, -0.11976790E+01,  0.11300224E-02,  0.49779778E-02,  0.21410603E-02
     385.,  0.68592811E+01,  0.21820536E+02, -0.11976790E+01,  0.13331832E-02,  0.76430360E-02, -0.49816399E-02
     386.,  0.71285326E+01,  0.22074974E+02, -0.11976790E+01,  0.19089268E-02,  0.75278891E-02, -0.34682471E-02
     387.,  0.74533302E+01,  0.22340904E+02, -0.11976790E+01,  0.24555893E-02,  0.73572926E-02, -0.21800211E-02
     388.,  0.78428534E+01,  0.22610680E+02, -0.11976790E+01,  0.29958862E-02,  0.66667638E-02, -0.19129898E-02
     389.,  0.83046371E+01,  0.22872268E+02, -0.11976790E+01,  0.32732045E-02,  0.58582535E-02, -0.99869433E-03
     390.,  0.88419255E+01,  0.23108917E+02, -0.11976790E+01,  0.33638371E-02,  0.49180852E-02, -0.33137701E-03
     391.,  0.94504058E+01,  0.23300294E+02, -0.11976790E+01,  0.33769388E-02,  0.38547881E-02, -0.46868730E-04
     392.,  0.10115533E+02,  0.23425782E+02, -0.11976790E+01,  0.31740951E-02,  0.26952185E-02,  0.37022385E-03
     393.,  0.10812349E+02,  0.23469599E+02, -0.11976790E+01,  0.24762971E-02,  0.25222938E-02,  0.10308633E-02
     394.,  0.11509165E+02,  0.23425782E+02, -0.11976790E+01,  0.13094186E-02,  0.34321710E-02,  0.11725332E-02
     395.,  0.12174292E+02,  0.23300294E+02, -0.11976790E+01,  0.56946934E-03,  0.41376993E-02,  0.12431479E-02
     396.,  0.12782772E+02,  0.23108917E+02, -0.11976790E+01,  0.33704555E-03,  0.46294080E-02,  0.15157132E-02
     397.,  0.13320061E+02,  0.22872268E+02, -0.11976790E+01,  0.45076978E-03,  0.49730043E-02,  0.20939926E-02
     398.,  0.13781845E+02,  0.22610680E+02, -0.11976790E+01,  0.67696735E-03,  0.49272870E-02,  0.25372729E-02
     399.,  0.14171368E+02,  0.22340904E+02, -0.11976790E+01,  0.81616314E-03,  0.46125709E-02,  0.25604451E-02
     400.,  0.14496165E+02,  0.22074974E+02, -0.11976790E+01,  0.81562315E-03,  0.39976608E-02,  0.24250100E-02
     401.,  0.14765417E+02,  0.21820536E+02, -0.11976790E+01,  0.87542280E-03,  0.36466915E-02,  0.27463879E-02
     402.,  0.15018113E+02,  0.21547613E+02, -0.11976790E+01,  0.68212485E-03,  0.27423819E-02,  0.13527487E-02
     403.,  0.15281127E+02,  0.21219481E+02, -0.11976790E+01,  0.54928118E-03,  0.23123938E-02,  0.71858730E-03
     404.,  0.15546631E+02,  0.20827459E+02, -0.11976790E+01,  0.28851705E-03,  0.19466997E-02,  0.51802069E-03
     405.,  0.15802570E+02,  0.20364683E+02, -0.11976790E+01,  0.37507213E-04,  0.16613695E-02,  0.33733997E-03
     406.,  0.16032478E+02,  0.19828659E+02, -0.11976790E+01, -0.15304998E-03,  0.14721018E-02,  0.35013385E-03
     407.,  0.16216718E+02,  0.19224314E+02, -0.11976790E+01, -0.26520413E-03,  0.13817853E-02,  0.44042350E-03
     408.,  0.16335733E+02,  0.18566353E+02, -0.11976790E+01, -0.33514373E-03,  0.13621483E-02,  0.42460153E-03
     409.,  0.16374879E+02,  0.17879186E+02, -0.11976790E+01, -0.37211710E-03,  0.13656989E-02,  0.26314183E-03
     410.,  0.16328972E+02,  0.17193286E+02, -0.11976790E+01, -0.39519564E-03,  0.13604706E-02,  0.16021789E-03
     411.,  0.16204073E+02,  0.16538849E+02, -0.11976790E+01, -0.41061371E-03,  0.13434591E-02,  0.14078830E-03
     412.,  0.16015409E+02,  0.15939592E+02, -0.11976790E+01, -0.41973479E-03,  0.13194450E-02,  0.13815463E-03
     413.,  0.15782709E+02,  0.15409393E+02, -0.11976790E+01, -0.42474961E-03,  0.12924983E-02,  0.14123850E-03
     414.,  0.15525448E+02,  0.14952475E+02, -0.11976790E+01, -0.42844195E-03,  0.12652792E-02,  0.14341165E-03
     415.,  0.15259759E+02,  0.14565882E+02, -0.11976790E+01, -0.43266791E-03,  0.12395155E-02,  0.14521577E-03
     416.,  0.14997336E+02,  0.14242520E+02, -0.11976790E+01, -0.43825397E-03,  0.12162979E-02,  0.14628078E-03
     417.,  0.14745701E+02,  0.13973647E+02, -0.11976790E+01, -0.44505899E-03,  0.11960086E-02,  0.14702483E-03
     418.,  0.14475347E+02,  0.13720716E+02, -0.11976790E+01, -0.45421666E-03,  0.11764838E-02,  0.14780060E-03
     419.,  0.14149909E+02,  0.13456919E+02, -0.11976790E+01, -0.46798764E-03,  0.11569312E-02,  0.14848051E-03
     420.,  0.13760521E+02,  0.13189924E+02, -0.11976790E+01, -0.48812568E-03,  0.11396789E-02,  0.14900243E-03
     421.,  0.13300019E+02,  0.12931658E+02, -0.11976790E+01, -0.51661251E-03,  0.11292077E-02,  0.14941522E-03
     422.,  0.12765508E+02,  0.12698574E+02, -0.11976790E+01, -0.55497000E-03,  0.11329699E-02,  0.14972404E-03
     423.,  0.12161478E+02,  0.12510484E+02, -0.11976790E+01, -0.60291730E-03,  0.11616877E-02,  0.14992245E-03
     424.,  0.11502305E+02,  0.12387354E+02, -0.11976790E+01, -0.65641372E-03,  0.12277206E-02,  0.15005220E-03
     425.,  0.10812349E+02,  0.12344399E+02, -0.11976790E+01, -0.70639655E-03,  0.13405162E-02,  0.15023745E-03
     426.,  0.10122393E+02,  0.12387354E+02, -0.11976790E+01, -0.74056085E-03,  0.15007976E-02,  0.15064059E-03
     427.,  0.94632203E+01,  0.12510484E+02, -0.11976790E+01, -0.74850423E-03,  0.16980814E-02,  0.15132349E-03
     428.,  0.88591897E+01,  0.12698574E+02, -0.11976790E+01, -0.72640394E-03,  0.19143774E-02,  0.15216772E-03
     429.,  0.83246786E+01,  0.12931658E+02, -0.11976790E+01, -0.67744615E-03,  0.21312464E-02,  0.15298691E-03
     430.,  0.78641768E+01,  0.13189924E+02, -0.11976790E+01, -0.60879701E-03,  0.23350726E-02,  0.15366821E-03
     431.,  0.74747889E+01,  0.13456919E+02, -0.11976790E+01, -0.52828358E-03,  0.25184340E-02,  0.15422843E-03
     432.,  0.71493512E+01,  0.13720716E+02, -0.11976790E+01, -0.44245553E-03,  0.26789154E-02,  0.15481294E-03
     433.,  0.68789968E+01,  0.13973647E+02, -0.11976790E+01, -0.35626328E-03,  0.28169577E-02,  0.15555497E-03
     434.,  0.66273623E+01,  0.14242520E+02, -0.11976790E+01, -0.26138463E-03,  0.29489665E-02,  0.15573402E-03
     435.,  0.63649388E+01,  0.14565882E+02, -0.11976790E+01, -0.14411456E-03,  0.30908714E-02,  0.15555443E-03
     436.,  0.60992496E+01,  0.14952475E+02, -0.11976790E+01, -0.62951749E-06,  0.32395892E-02,  0.15447402E-03
     437.,  0.58419885E+01,  0.15409393E+02, -0.11976790E+01,  0.17246205E-03,  0.33896982E-02,  0.14972611E-03
     438.,  0.56092894E+01,  0.15939592E+02, -0.11976790E+01,  0.37763606E-03,  0.35330787E-02,  0.13355956E-03
     439.,  0.54206252E+01,  0.16538849E+02, -0.11976790E+01,  0.61604443E-03,  0.36585067E-02,  0.78270897E-04
     440.,  0.52957257E+01,  0.17193286E+02, -0.11976790E+01,  0.88075238E-03,  0.37506822E-02, -0.64427515E-04
     441.,  0.52498185E+01,  0.17879186E+02, -0.11976790E+01,  0.11257962E-02,  0.37981116E-02, -0.19565319E-03
     442.,  0.52889649E+01,  0.18566353E+02, -0.11976790E+01,  0.13514652E-02,  0.38327627E-02, -0.18190438E-03
     443.,  0.54079803E+01,  0.19224314E+02, -0.11976790E+01,  0.15271371E-02,  0.39199078E-02, -0.13021775E-03
     444.,  0.55922204E+01,  0.19828659E+02, -0.11976790E+01,  0.15591974E-02,  0.41284337E-02, -0.21456953E-03
     445.,  0.58221277E+01,  0.20364683E+02, -0.11976790E+01,  0.15160695E-02,  0.44801610E-02, -0.45777868E-03
     446.,  0.60780666E+01,  0.20827459E+02, -0.11976790E+01,  0.14226476E-02,  0.51082628E-02, -0.13293135E-02
     447.,  0.63435704E+01,  0.21219481E+02, -0.11976790E+01,  0.13397458E-02,  0.59124151E-02, -0.20375491E-02
     448.,  0.66065853E+01,  0.21547613E+02, -0.11976790E+01,  0.14761841E-02,  0.66998690E-02, -0.32053548E-02
     449.,  0.62681257E+01,  0.22405780E+02, -0.11976790E+01,  0.39465253E-01, -0.15378476E-01, -0.29041251E+00
     450.,  0.66487520E+01,  0.22617812E+02, -0.11976790E+01,  0.32475591E-01, -0.69427057E-02, -0.24168249E+00
     451.,  0.70756666E+01,  0.22839420E+02, -0.11976790E+01,  0.27024129E-01, -0.17691994E-02, -0.19357412E+00
     452.,  0.75565193E+01,  0.23064233E+02, -0.11976790E+01,  0.21710117E-01,  0.26534564E-02, -0.14196227E+00
     453.,  0.80975891E+01,  0.23282223E+02, -0.11976790E+01,  0.16058859E-01,  0.58524048E-02, -0.91835984E-01
     454.,  0.87015794E+01,  0.23479431E+02, -0.11976790E+01,  0.10491221E-01,  0.59451210E-02, -0.47944131E-01
     455.,  0.93648963E+01,  0.23638911E+02, -0.11976790E+01,  0.64033488E-02,  0.39053079E-02, -0.19035964E-01
     456.,  0.10075419E+02,  0.23743485E+02, -0.11976790E+01,  0.43342522E-02,  0.23027402E-02, -0.23618443E-02
     457.,  0.10812349E+02,  0.23779999E+02, -0.11976790E+01,  0.31595966E-02,  0.21531785E-02,  0.12617930E-01
     458.,  0.11549279E+02,  0.23743485E+02, -0.11976790E+01,  0.13904992E-03,  0.44781856E-02,  0.26823280E-01
     459.,  0.12259802E+02,  0.23638911E+02, -0.11976790E+01, -0.37200294E-02,  0.50433056E-02,  0.42027033E-01
     460.,  0.12923118E+02,  0.23479431E+02, -0.11976790E+01, -0.61903109E-02,  0.38689789E-02,  0.68179711E-01
     461.,  0.13527109E+02,  0.23282223E+02, -0.11976790E+01, -0.80790544E-02,  0.14916132E-02,  0.10486730E+00
     462.,  0.14068179E+02,  0.23064233E+02, -0.11976790E+01, -0.10588169E-01, -0.22183985E-02,  0.14327102E+00
     463.,  0.14549031E+02,  0.22839420E+02, -0.11976790E+01, -0.13545820E-01, -0.69380802E-02,  0.17705868E+00
     464.,  0.14975946E+02,  0.22617812E+02, -0.11976790E+01, -0.16585674E-01, -0.11686514E-01,  0.20485730E+00
     465.,  0.15356572E+02,  0.22405780E+02, -0.11976790E+01, -0.19837033E-01, -0.17108873E-01,  0.22841472E+00
     466.,  0.15567152E+02,  0.22022875E+02, -0.11976790E+01, -0.10132388E-01, -0.62613174E-02,  0.15238010E+00
     467.,  0.15786331E+02,  0.21593963E+02, -0.11976790E+01, -0.45006733E-02, -0.11642712E-02,  0.91621405E-01
     468.,  0.16007584E+02,  0.21111810E+02, -0.11976790E+01, -0.14806065E-02,  0.81728067E-03,  0.46668622E-01
     469.,  0.16220867E+02,  0.20570694E+02, -0.11976790E+01, -0.53113456E-03,  0.11631043E-02,  0.21044286E-01
     470.,  0.16412456E+02,  0.19968538E+02, -0.11976790E+01, -0.40079299E-03,  0.11843475E-02,  0.98838121E-02
     471.,  0.16565989E+02,  0.19309449E+02, -0.11976790E+01, -0.34083511E-03,  0.12678589E-02,  0.53803962E-02
     472.,  0.16665169E+02,  0.18605679E+02, -0.11976790E+01, -0.32927620E-03,  0.13370406E-02,  0.28964890E-02
     473.,  0.16697791E+02,  0.17877572E+02, -0.11976790E+01, -0.36514765E-03,  0.13658111E-02,  0.12918184E-02
     474.,  0.16659535E+02,  0.17150519E+02, -0.11976790E+01, -0.38872013E-03,  0.13630812E-02,  0.46162093E-03
     475.,  0.16555452E+02,  0.16449687E+02, -0.11976790E+01, -0.40890148E-03,  0.13442250E-02,  0.17235875E-03
     476.,  0.16398232E+02,  0.15794837E+02, -0.11976790E+01, -0.42345115E-03,  0.13186302E-02,  0.87705471E-04
     477.,  0.16204316E+02,  0.15197536E+02, -0.11976790E+01, -0.43445545E-03,  0.12914021E-02,  0.65759898E-04
     478.,  0.15989932E+02,  0.14661302E+02, -0.11976790E+01, -0.44509689E-03,  0.12649442E-02,  0.61994879E-04
     479.,  0.15768524E+02,  0.14183672E+02, -0.11976790E+01, -0.45743786E-03,  0.12405806E-02,  0.62400093E-04
     480.,  0.15549838E+02,  0.13758735E+02, -0.11976790E+01, -0.47215591E-03,  0.12191528E-02,  0.63392298E-04
     481.,  0.15340142E+02,  0.13379206E+02, -0.11976790E+01, -0.48975190E-03,  0.12011573E-02,  0.63384636E-04
     482.,  0.14958597E+02,  0.13168430E+02, -0.11976790E+01, -0.49876697E-03,  0.11823902E-02,  0.93596483E-04
     483.,  0.14531149E+02,  0.12948599E+02, -0.11976790E+01, -0.51242186E-03,  0.11628145E-02,  0.11566973E-03
     484.,  0.14050409E+02,  0.12726103E+02, -0.11976790E+01, -0.53281586E-03,  0.11448996E-02,  0.13087357E-03
     485.,  0.13510408E+02,  0.12510882E+02, -0.11976790E+01, -0.56242147E-03,  0.11334035E-02,  0.14061938E-03
     486.,  0.12908732E+02,  0.12316645E+02, -0.11976790E+01, -0.60345526E-03,  0.11363853E-02,  0.14632813E-03
     487.,  0.12249123E+02,  0.12159903E+02, -0.11976790E+01, -0.65646924E-03,  0.11655259E-02,  0.14937000E-03
     488.,  0.11543562E+02,  0.12057295E+02, -0.11976790E+01, -0.71819811E-03,  0.12344440E-02,  0.15116397E-03
     489.,  0.10812349E+02,  0.12021499E+02, -0.11976790E+01, -0.78000595E-03,  0.13540497E-02,  0.15328465E-03
     490.,  0.10081136E+02,  0.12057295E+02, -0.11976790E+01, -0.82943886E-03,  0.15265976E-02,  0.15743890E-03
     491.,  0.93755751E+01,  0.12159903E+02, -0.11976790E+01, -0.85538546E-03,  0.17429380E-02,  0.16512533E-03
     492.,  0.87159662E+01,  0.12316645E+02, -0.11976790E+01, -0.85302232E-03,  0.19858396E-02,  0.17703773E-03
     493.,  0.81142903E+01,  0.12510882E+02, -0.11976790E+01, -0.82456335E-03,  0.22368206E-02,  0.19274707E-03
     494.,  0.75742889E+01,  0.12726103E+02, -0.11976790E+01, -0.77641374E-03,  0.24815569E-02,  0.21083383E-03
     495.,  0.70935489E+01,  0.12948599E+02, -0.11976790E+01, -0.71586435E-03,  0.27116631E-02,  0.22888237E-03
     496.,  0.66661008E+01,  0.13168430E+02, -0.11976790E+01, -0.64916494E-03,  0.29237525E-02,  0.24307870E-03
     497.,  0.62845555E+01,  0.13379206E+02, -0.11976790E+01, -0.58065741E-03,  0.31181087E-02,  0.24740546E-03
     498.,  0.60748601E+01,  0.13758735E+02, -0.11976790E+01, -0.44636720E-03,  0.32297813E-02,  0.21041324E-03
     499.,  0.58561738E+01,  0.14183672E+02, -0.11976790E+01, -0.29284974E-03,  0.33508734E-02,  0.16529825E-03
     500.,  0.56347661E+01,  0.14661302E+02, -0.11976790E+01, -0.11694931E-03,  0.34791627E-02,  0.98908171E-04
     501.,  0.54203819E+01,  0.15197536E+02, -0.11976790E+01,  0.84352648E-04,  0.36107347E-02, -0.19341085E-04
     502.,  0.52264660E+01,  0.15794837E+02, -0.11976790E+01,  0.31428325E-03,  0.37391483E-02, -0.26224171E-03
     503.,  0.50692458E+01,  0.16449687E+02, -0.11976790E+01,  0.57640991E-03,  0.38541380E-02, -0.82020158E-03
     504.,  0.49651629E+01,  0.17150519E+02, -0.11976790E+01,  0.87208964E-03,  0.39388329E-02, -0.19361673E-02
     505.,  0.49269069E+01,  0.17877572E+02, -0.11976790E+01,  0.11617625E-02,  0.39844883E-02, -0.39225714E-02
     506.,  0.49595289E+01,  0.18605679E+02, -0.11976790E+01,  0.15439704E-02,  0.39874354E-02, -0.74597220E-02
     507.,  0.50587084E+01,  0.19309449E+02, -0.11976790E+01,  0.21500664E-02,  0.39769407E-02, -0.14206201E-01
     508.,  0.52122418E+01,  0.19968538E+02, -0.11976790E+01,  0.32420099E-02,  0.41217893E-02, -0.28846612E-01
     509.,  0.54038312E+01,  0.20570694E+02, -0.11976790E+01,  0.56936718E-02,  0.42455823E-02, -0.58184521E-01
     510.,  0.56171136E+01,  0.21111810E+02, -0.11976790E+01,  0.10038842E-01,  0.34602014E-02, -0.10281927E+00
     511.,  0.58383669E+01,  0.21593963E+02, -0.11976790E+01,  0.16184086E-01,  0.93396088E-03, -0.15789368E+00
     512.,  0.60575459E+01,  0.22022875E+02, -0.11976790E+01,  0.24809800E-01, -0.44356166E-02, -0.21954328E+00
     513.,  0.56769704E+01,  0.22991024E+02, -0.11976790E+01,  0.14034032E+00, -0.12063914E+00, -0.76073659E+00
     514.,  0.61689714E+01,  0.23160649E+02, -0.11976790E+01,  0.12207415E+00, -0.10152401E+00, -0.65716936E+00
     515.,  0.66980031E+01,  0.23337936E+02, -0.11976790E+01,  0.10112148E+00, -0.79352784E-01, -0.54303078E+00
     516.,  0.72701852E+01,  0.23517786E+02, -0.11976790E+01,  0.77416563E-01, -0.52862684E-01, -0.42023396E+00
     517.,  0.78905411E+01,  0.23692179E+02, -0.11976790E+01,  0.52076468E-01, -0.25007314E-01, -0.29293786E+00
     518.,  0.85612333E+01,  0.23849944E+02, -0.11976790E+01,  0.30706654E-01, -0.51643683E-02, -0.17358075E+00
     519.,  0.92793868E+01,  0.23977529E+02, -0.11976790E+01,  0.15616465E-01,  0.19533384E-02, -0.78796729E-01
     520.,  0.10035305E+02,  0.24061188E+02, -0.11976790E+01,  0.73387478E-02,  0.19504055E-02, -0.15197893E-01
     521.,  0.10812349E+02,  0.24090399E+02, -0.11976790E+01,  0.31213531E-02,  0.17919334E-02,  0.37418120E-01
     522.,  0.11589393E+02,  0.24061188E+02, -0.11976790E+01, -0.37409178E-02,  0.23934344E-02,  0.86121375E-01
     523.,  0.12345311E+02,  0.23977529E+02, -0.11976790E+01, -0.13420186E-01, -0.40379441E-02,  0.13789093E+00
     524.,  0.13063465E+02,  0.23849944E+02, -0.11976790E+01, -0.23757850E-01, -0.18311760E-01,  0.21458240E+00
     525.,  0.13734157E+02,  0.23692179E+02, -0.11976790E+01, -0.36834430E-01, -0.37794007E-01,  0.31234114E+00
     526.,  0.14354513E+02,  0.23517786E+02, -0.11976790E+01, -0.51388827E-01, -0.59448519E-01,  0.41005345E+00
     527.,  0.14926695E+02,  0.23337936E+02, -0.11976790E+01, -0.65657303E-01, -0.80267508E-01,  0.50110625E+00
     528.,  0.15455726E+02,  0.23160649E+02, -0.11976790E+01, -0.78290360E-01, -0.98188695E-01,  0.58194442E+00
     529.,  0.15947728E+02,  0.22991024E+02, -0.11976790E+01, -0.89088564E-01, -0.11293004E+00,  0.65385313E+00
     530.,  0.16116191E+02,  0.22498138E+02, -0.11976790E+01, -0.58483981E-01, -0.69847384E-01,  0.48221942E+00
     531.,  0.16291535E+02,  0.21968445E+02, -0.11976790E+01, -0.31021113E-01, -0.33086235E-01,  0.31564276E+00
     532.,  0.16468537E+02,  0.21396160E+02, -0.11976790E+01, -0.12430707E-01, -0.10521007E-01,  0.17664276E+00
     533.,  0.16639163E+02,  0.20776705E+02, -0.11976790E+01, -0.37984179E-02, -0.16414695E-02,  0.83534739E-01
     534.,  0.16792435E+02,  0.20108418E+02, -0.11976790E+01, -0.12348167E-02,  0.54248058E-03,  0.36819738E-01
     535.,  0.16915261E+02,  0.19394584E+02, -0.11976790E+01, -0.52057327E-03,  0.11468380E-02,  0.16885086E-01
     536.,  0.16994605E+02,  0.18645006E+02, -0.11976790E+01, -0.33608850E-03,  0.13404015E-02,  0.77088785E-02
     537.,  0.17020703E+02,  0.17875957E+02, -0.11976790E+01, -0.36062885E-03,  0.13786765E-02,  0.31604271E-02
     538.,  0.16990098E+02,  0.17107753E+02, -0.11976790E+01, -0.38384692E-03,  0.13705112E-02,  0.10928089E-02
     539.,  0.16906831E+02,  0.16360524E+02, -0.11976790E+01, -0.40911834E-03,  0.13449083E-02,  0.31106521E-03
     540.,  0.16781055E+02,  0.15650082E+02, -0.11976790E+01, -0.42887642E-03,  0.13158793E-02,  0.52032411E-04
     541.,  0.16625923E+02,  0.14985678E+02, -0.11976790E+01, -0.44539207E-03,  0.12874535E-02, -0.34042956E-04
     542.,  0.16454415E+02,  0.14370129E+02, -0.11976790E+01, -0.46229198E-03,  0.12611668E-02, -0.63005548E-04
     543.,  0.16277289E+02,  0.13801463E+02, -0.11976790E+01, -0.48109071E-03,  0.12383908E-02, -0.73345247E-04
     544.,  0.16102340E+02,  0.13274951E+02, -0.11976790E+01, -0.50250869E-03,  0.12194822E-02, -0.78444054E-04
     545.,  0.15934584E+02,  0.12784764E+02, -0.11976790E+01, -0.52572267E-03,  0.12047282E-02, -0.81895124E-04
     546.,  0.15441847E+02,  0.12616144E+02, -0.11976790E+01, -0.53442750E-03,  0.11885568E-02, -0.80280200E-05
     547.,  0.14912389E+02,  0.12440279E+02, -0.11976790E+01, -0.54810822E-03,  0.11698394E-02,  0.51374530E-04
     548.,  0.14340297E+02,  0.12262282E+02, -0.11976790E+01, -0.56920640E-03,  0.11514491E-02,  0.94422055E-04
     549.,  0.13720796E+02,  0.12090105E+02, -0.11976790E+01, -0.60069235E-03,  0.11386646E-02,  0.12266703E-03
     550.,  0.13051955E+02,  0.11934716E+02, -0.11976790E+01, -0.64551268E-03,  0.11403643E-02,  0.13926655E-03
     551.,  0.12336768E+02,  0.11809323E+02, -0.11976790E+01, -0.70507069E-03,  0.11693857E-02,  0.14807962E-03
     552.,  0.11584819E+02,  0.11727236E+02, -0.11976790E+01, -0.77682303E-03,  0.12407474E-02,  0.15324623E-03
     553.,  0.10812349E+02,  0.11698599E+02, -0.11976790E+01, -0.85243456E-03,  0.13668875E-02,  0.15911802E-03
     554.,  0.10039879E+02,  0.11727236E+02, -0.11976790E+01, -0.91913174E-03,  0.15515977E-02,  0.17029106E-03
     555.,  0.92879298E+01,  0.11809323E+02, -0.11976790E+01, -0.96487734E-03,  0.17870206E-02,  0.19106150E-03
     556.,  0.85727428E+01,  0.11934716E+02, -0.11976790E+01, -0.98360091E-03,  0.20565661E-02,  0.22381252E-03
     557.,  0.79039020E+01,  0.12090105E+02, -0.11976790E+01, -0.97634785E-03,  0.23414682E-02,  0.26731130E-03
     558.,  0.72844009E+01,  0.12262282E+02, -0.11976790E+01, -0.94865807E-03,  0.26263245E-02,  0.31591020E-03
     559.,  0.67123089E+01,  0.12440279E+02, -0.11976790E+01, -0.90723077E-03,  0.29012615E-02,  0.35899515E-03
     560.,  0.61828505E+01,  0.12616144E+02, -0.11976790E+01, -0.85782192E-03,  0.31614982E-02,  0.37934068E-03
     561.,  0.56901142E+01,  0.12784764E+02, -0.11976790E+01, -0.80459181E-03,  0.34052281E-02,  0.35032555E-03
     562.,  0.55223579E+01,  0.13274951E+02, -0.11976790E+01, -0.62719561E-03,  0.34966366E-02,  0.23946267E-03
     563.,  0.53474089E+01,  0.13801463E+02, -0.11976790E+01, -0.43581824E-03,  0.35978023E-02,  0.10023833E-03
     564.,  0.51702827E+01,  0.14370129E+02, -0.11976790E+01, -0.22760540E-03,  0.37076245E-02, -0.10065953E-03
     565.,  0.49987753E+01,  0.14985678E+02, -0.11976790E+01,  0.10395695E-05,  0.38235109E-02, -0.43917071E-03
     566.,  0.48436426E+01,  0.15650082E+02, -0.11976790E+01,  0.25431905E-03,  0.39414916E-02, -0.10992280E-02
     567.,  0.47178665E+01,  0.16360524E+02, -0.11976790E+01,  0.54026262E-03,  0.40537760E-02, -0.24980838E-02
     568.,  0.46346001E+01,  0.17107753E+02, -0.11976790E+01,  0.87017015E-03,  0.41465070E-02, -0.53731534E-02
     569.,  0.46039953E+01,  0.17875957E+02, -0.11976790E+01,  0.12252790E-02,  0.42091419E-02, -0.11444974E-01
     570.,  0.46300929E+01,  0.18645006E+02, -0.11976790E+01,  0.19908936E-02,  0.41323903E-02, -0.24095338E-01
     571.,  0.47094365E+01,  0.19394584E+02, -0.11976790E+01,  0.40470110E-02,  0.35491027E-02, -0.49775190E-01
     572.,  0.48322632E+01,  0.20108418E+02, -0.11976790E+01,  0.95162719E-02,  0.10845272E-02, -0.10238246E+00
     573.,  0.49855348E+01,  0.20776705E+02, -0.11976790E+01,  0.22442022E-01, -0.72496956E-02, -0.19439378E+00
     574.,  0.51561607E+01,  0.21396160E+02, -0.11976790E+01,  0.44360351E-01, -0.25128296E-01, -0.31961068E+00
     575.,  0.53331633E+01,  0.21968445E+02, -0.11976790E+01,  0.72793912E-01, -0.51457411E-01, -0.46215765E+00
     576.,  0.55085065E+01,  0.22498138E+02, -0.11976790E+01,  0.10594905E+00, -0.84360811E-01, -0.61211520E+00
     577.,  0.50858150E+01,  0.23576268E+02, -0.11976790E+01,  0.23362945E+00, -0.21853961E+00, -0.12156456E+01
     578.,  0.56891908E+01,  0.23703487E+02, -0.11976790E+01,  0.20641005E+00, -0.19075707E+00, -0.10604136E+01
     579.,  0.63203396E+01,  0.23836451E+02, -0.11976790E+01,  0.17688689E+00, -0.15949262E+00, -0.89681108E+00
     580.,  0.69838512E+01,  0.23971339E+02, -0.11976790E+01,  0.14196547E+00, -0.12054003E+00, -0.72028019E+00
     581.,  0.76834930E+01,  0.24102134E+02, -0.11976790E+01,  0.10249092E+00, -0.74393152E-01, -0.53441048E+00
     582.,  0.84208872E+01,  0.24220458E+02, -0.11976790E+01,  0.63959251E-01, -0.32764455E-01, -0.34637919E+00
     583.,  0.91938774E+01,  0.24316146E+02, -0.11976790E+01,  0.34192848E-01, -0.67028018E-02, -0.18053195E+00
     584.,  0.99951909E+01,  0.24378891E+02, -0.11976790E+01,  0.13937421E-01,  0.16604347E-02, -0.45598618E-01
     585.,  0.10812349E+02,  0.24400799E+02, -0.11976790E+01,  0.21231529E-02,  0.13997090E-02,  0.68738637E-01
     586.,  0.11629507E+02,  0.24378891E+02, -0.11976790E+01, -0.11820456E-01, -0.19401861E-02,  0.16725250E+00
     587.,  0.12430821E+02,  0.24316146E+02, -0.11976790E+01, -0.30055886E-01, -0.22181710E-01,  0.26457474E+00
     588.,  0.13203811E+02,  0.24220458E+02, -0.11976790E+01, -0.49820059E-01, -0.53535725E-01,  0.39398857E+00
     589.,  0.13941205E+02,  0.24102134E+02, -0.11976790E+01, -0.71872561E-01, -0.87839074E-01,  0.54120402E+00
     590.,  0.14640847E+02,  0.23971339E+02, -0.11976790E+01, -0.96823607E-01, -0.12478604E+00,  0.69181965E+00
     591.,  0.15304358E+02,  0.23836451E+02, -0.11976790E+01, -0.12237776E+00, -0.16101852E+00,  0.83886418E+00
     592.,  0.15935507E+02,  0.23703487E+02, -0.11976790E+01, -0.14719193E+00, -0.19559499E+00,  0.97998242E+00
     593.,  0.16538883E+02,  0.23576268E+02, -0.11976790E+01, -0.16892323E+00, -0.22607866E+00,  0.11098894E+01
     594.,  0.16665231E+02,  0.22973400E+02, -0.11976790E+01, -0.12177212E+00, -0.15843922E+00,  0.85940546E+00
     595.,  0.16796738E+02,  0.22342928E+02, -0.11976790E+01, -0.75408487E-01, -0.92755205E-01,  0.60652707E+00
     596.,  0.16929490E+02,  0.21680510E+02, -0.11976790E+01, -0.36015408E-01, -0.39402526E-01,  0.37045422E+00
     597.,  0.17057460E+02,  0.20982716E+02, -0.11976790E+01, -0.12367569E-01, -0.10470514E-01,  0.18877822E+00
     598.,  0.17172413E+02,  0.20248298E+02, -0.11976790E+01, -0.32812175E-02, -0.10401648E-02,  0.82489194E-01
     599.,  0.17264533E+02,  0.19479719E+02, -0.11976790E+01, -0.83435944E-03,  0.10308967E-02,  0.34183967E-01
     600.,  0.17324041E+02,  0.18684332E+02, -0.11976790E+01, -0.36421660E-03,  0.13924584E-02,  0.14098698E-01
     601.,  0.17343614E+02,  0.17874343E+02, -0.11976790E+01, -0.36195994E-03,  0.14039276E-02,  0.55939694E-02
     602.,  0.17320661E+02,  0.17064986E+02, -0.11976790E+01, -0.38305947E-03,  0.13789633E-02,  0.19672924E-02
     603.,  0.17258211E+02,  0.16271362E+02, -0.11976790E+01, -0.41190059E-03,  0.13438243E-02,  0.56374122E-03
     604.,  0.17163879E+02,  0.15505327E+02, -0.11976790E+01, -0.43594904E-03,  0.13107682E-02,  0.62316251E-04
     605.,  0.17047529E+02,  0.14773821E+02, -0.11976790E+01, -0.45745324E-03,  0.12798930E-02, -0.11879022E-03
     606.,  0.16918899E+02,  0.14078956E+02, -0.11976790E+01, -0.47888335E-03,  0.12542020E-02, -0.18647793E-03
     607.,  0.16786054E+02,  0.13419253E+02, -0.11976790E+01, -0.50259533E-03,  0.12332698E-02, -0.21473608E-03
     608.,  0.16654842E+02,  0.12791166E+02, -0.11976790E+01, -0.52729671E-03,  0.12175824E-02, -0.22966488E-03
     609.,  0.16529025E+02,  0.12190323E+02, -0.11976790E+01, -0.55063159E-03,  0.12070998E-02, -0.23837258E-03
     610.,  0.15925098E+02,  0.12063857E+02, -0.11976790E+01, -0.55887876E-03,  0.11951708E-02, -0.12719893E-03
     611.,  0.15293629E+02,  0.11931959E+02, -0.11976790E+01, -0.57272138E-03,  0.11783642E-02, -0.29987581E-04
     612.,  0.14630185E+02,  0.11798461E+02, -0.11976790E+01, -0.59499512E-03,  0.11597763E-02,  0.45681784E-04
     613.,  0.13931184E+02,  0.11669329E+02, -0.11976790E+01, -0.62927399E-03,  0.11454380E-02,  0.97669779E-04
     614.,  0.13195179E+02,  0.11552787E+02, -0.11976790E+01, -0.67931095E-03,  0.11453191E-02,  0.12907071E-03
     615.,  0.12424413E+02,  0.11458742E+02, -0.11976790E+01, -0.74737132E-03,  0.11736453E-02,  0.14601071E-03
     616.,  0.11626077E+02,  0.11397177E+02, -0.11976790E+01, -0.83154565E-03,  0.12469913E-02,  0.15600846E-03
     617.,  0.10812349E+02,  0.11375699E+02, -0.11976790E+01, -0.92364276E-03,  0.13794005E-02,  0.16713416E-03
     618.,  0.99986211E+01,  0.11397177E+02, -0.11976790E+01, -0.10103814E-02,  0.15762203E-02,  0.18788044E-03
     619.,  0.92002846E+01,  0.11458742E+02, -0.11976790E+01, -0.10785616E-02,  0.18308552E-02,  0.22624636E-03
     620.,  0.84295193E+01,  0.11552787E+02, -0.11976790E+01, -0.11205761E-02,  0.21272531E-02,  0.28647608E-03
     621.,  0.76935138E+01,  0.11669329E+02, -0.11976790E+01, -0.11360523E-02,  0.24461424E-02,  0.36476607E-03
     622.,  0.69945129E+01,  0.11798461E+02, -0.11976790E+01, -0.11295585E-02,  0.27706216E-02,  0.44671814E-03
     623.,  0.63310689E+01,  0.11931959E+02, -0.11976790E+01, -0.11072305E-02,  0.30887763E-02,  0.50687554E-03
     624.,  0.56996001E+01,  0.12063857E+02, -0.11976790E+01, -0.10744685E-02,  0.33934016E-02,  0.50996920E-03
     625.,  0.50956728E+01,  0.12190323E+02, -0.11976790E+01, -0.10353890E-02,  0.36805476E-02,  0.42050082E-03
     626.,  0.49698556E+01,  0.12791166E+02, -0.11976790E+01, -0.80834332E-03,  0.37503051E-02,  0.21434270E-03
     627.,  0.48386439E+01,  0.13419253E+02, -0.11976790E+01, -0.57551264E-03,  0.38308410E-02, -0.46010059E-04
     628.,  0.47057993E+01,  0.14078956E+02, -0.11976790E+01, -0.33273924E-03,  0.39224863E-02, -0.42174113E-03
     629.,  0.45771687E+01,  0.14773821E+02, -0.11976790E+01, -0.76692591E-04,  0.40251083E-02, -0.10471988E-02
     630.,  0.44608192E+01,  0.15505327E+02, -0.11976790E+01,  0.19989211E-03,  0.41357714E-02, -0.22263539E-02
     631.,  0.43664871E+01,  0.16271362E+02, -0.11976790E+01,  0.51097683E-03,  0.42524769E-02, -0.46516783E-02
     632.,  0.43040373E+01,  0.17064986E+02, -0.11976790E+01,  0.88200812E-03,  0.43641178E-02, -0.97137565E-02
     633.,  0.42810837E+01,  0.17874343E+02, -0.11976790E+01,  0.13388009E-02,  0.44861797E-02, -0.21040073E-01
     634.,  0.43006569E+01,  0.18684332E+02, -0.11976790E+01,  0.26894811E-02,  0.43003751E-02, -0.46565606E-01
     635.,  0.43601646E+01,  0.19479719E+02, -0.11976790E+01,  0.74394110E-02,  0.22372233E-02, -0.10089659E+00
     636.,  0.44522847E+01,  0.20248298E+02, -0.11976790E+01,  0.20785249E-01, -0.63647047E-02, -0.20499594E+00
     637.,  0.45672383E+01,  0.20982716E+02, -0.11976790E+01,  0.48577150E-01, -0.29156965E-01, -0.36727582E+00
     638.,  0.46952078E+01,  0.21680510E+02, -0.11976790E+01,  0.89599968E-01, -0.67924462E-01, -0.56975391E+00
     639.,  0.48279597E+01,  0.22342928E+02, -0.11976790E+01,  0.13755789E+00, -0.11669343E+00, -0.78821912E+00
     640.,  0.49594671E+01,  0.22973400E+02, -0.11976790E+01,  0.18659795E+00, -0.16855336E+00, -0.10062527E+01
     641.,  0.44946597E+01,  0.24161511E+02, -0.11976790E+01,  0.32526356E+00, -0.31427225E+00, -0.16664037E+01
     642.,  0.52094102E+01,  0.24246324E+02, -0.11976790E+01,  0.28550374E+00, -0.27353302E+00, -0.14516451E+01
     643.,  0.59426760E+01,  0.24334967E+02, -0.11976790E+01,  0.24801612E+00, -0.23552392E+00, -0.12409959E+01
     644.,  0.66975171E+01,  0.24424893E+02, -0.11976790E+01,  0.20769460E+00, -0.19155223E+00, -0.10252017E+01
     645.,  0.74764450E+01,  0.24512089E+02, -0.11976790E+01,  0.15731180E+00, -0.13208898E+00, -0.78894816E+00
     646.,  0.82805411E+01,  0.24590972E+02, -0.11976790E+01,  0.10570429E+00, -0.70994842E-01, -0.54220034E+00
     647.,  0.91083679E+01,  0.24654764E+02, -0.11976790E+01,  0.59327273E-01, -0.22580680E-01, -0.30572813E+00
     648.,  0.99550769E+01,  0.24696593E+02, -0.11976790E+01,  0.25006704E-01,  0.84197002E-03, -0.94670104E-01
     649.,  0.10812349E+02,  0.24711199E+02, -0.11976790E+01, -0.83706917E-03,  0.14310778E-02,  0.10123521E+00
     650.,  0.11669621E+02,  0.24696593E+02, -0.11976790E+01, -0.24972345E-01, -0.81997180E-02,  0.26463263E+00
     651.,  0.12516330E+02,  0.24654764E+02, -0.11976790E+01, -0.53953575E-01, -0.49896015E-01,  0.41726345E+00
     652.,  0.13344157E+02,  0.24590972E+02, -0.11976790E+01, -0.80163612E-01, -0.97548722E-01,  0.58951049E+00
     653.,  0.14148253E+02,  0.24512089E+02, -0.11976790E+01, -0.10917734E+00, -0.14309573E+00,  0.78039782E+00
     654.,  0.14927181E+02,  0.24424893E+02, -0.11976790E+01, -0.14612689E+00, -0.19536578E+00,  0.98371438E+00
     655.,  0.15682022E+02,  0.24334967E+02, -0.11976790E+01, -0.18769244E+00, -0.25362073E+00,  0.11986647E+01
     656.,  0.16415288E+02,  0.24246324E+02, -0.11976790E+01, -0.22457170E+00, -0.30611700E+00,  0.13997056E+01
     657.,  0.17130038E+02,  0.24161511E+02, -0.11976790E+01, -0.25546353E+00, -0.34958930E+00,  0.15834733E+01
     658.,  0.17214270E+02,  0.23448662E+02, -0.11976790E+01, -0.19109615E+00, -0.25674786E+00,  0.12534336E+01
     659.,  0.17301942E+02,  0.22717410E+02, -0.11976790E+01, -0.12796908E+00, -0.16605162E+00,  0.92277309E+00
     660.,  0.17390443E+02,  0.21964861E+02, -0.11976790E+01, -0.69512762E-01, -0.83722118E-01,  0.60154442E+00
     661.,  0.17475756E+02,  0.21188727E+02, -0.11976790E+01, -0.26803825E-01, -0.27266808E-01,  0.32734941E+00
     662.,  0.17552392E+02,  0.20388177E+02, -0.11976790E+01, -0.68758500E-02, -0.41964754E-02,  0.14564448E+00
     663.,  0.17613805E+02,  0.19564854E+02, -0.11976790E+01, -0.13182374E-02,  0.98835059E-03,  0.56320337E-01
     664.,  0.17653477E+02,  0.18723659E+02, -0.11976790E+01, -0.41948425E-03,  0.14839473E-02,  0.21320473E-01
     665.,  0.17666526E+02,  0.17872728E+02, -0.11976790E+01, -0.37502317E-03,  0.14340065E-02,  0.82519948E-02
     666.,  0.17651223E+02,  0.17022220E+02, -0.11976790E+01, -0.38660350E-03,  0.13826877E-02,  0.29660922E-02
     667.,  0.17609590E+02,  0.16182199E+02, -0.11976790E+01, -0.41677589E-03,  0.13413172E-02,  0.88132943E-03
     668.,  0.17546702E+02,  0.15360572E+02, -0.11976790E+01, -0.44535294E-03,  0.13006732E-02,  0.10371925E-03
     669.,  0.17469136E+02,  0.14561964E+02, -0.11976790E+01, -0.46915378E-03,  0.12692452E-02, -0.18748879E-03
     670.,  0.17383382E+02,  0.13787783E+02, -0.11976790E+01, -0.49465138E-03,  0.12437696E-02, -0.29959796E-03
     671.,  0.17294819E+02,  0.13037043E+02, -0.11976790E+01, -0.52129807E-03,  0.12250183E-02, -0.35023276E-03
     672.,  0.17207344E+02,  0.12307381E+02, -0.11976790E+01, -0.54635359E-03,  0.12128419E-02, -0.37582846E-03
     673.,  0.17123466E+02,  0.11595882E+02, -0.11976790E+01, -0.56569145E-03,  0.12066889E-02, -0.39310262E-03
     674.,  0.16408348E+02,  0.11511571E+02, -0.11976790E+01, -0.57226171E-03,  0.12013081E-02, -0.24974964E-03
     675.,  0.15674869E+02,  0.11423639E+02, -0.11976790E+01, -0.58544779E-03,  0.11878455E-02, -0.11846853E-03
     676.,  0.14920073E+02,  0.11334641E+02, -0.11976790E+01, -0.60859840E-03,  0.11697676E-02, -0.10232585E-04
     677.,  0.14141572E+02,  0.11248552E+02, -0.11976790E+01, -0.64614362E-03,  0.11538968E-02,  0.67855645E-04
     678.,  0.13338402E+02,  0.11170857E+02, -0.11976790E+01, -0.70282247E-03,  0.11515932E-02,  0.11650776E-03
     679.,  0.12512059E+02,  0.11108161E+02, -0.11976790E+01, -0.78173694E-03,  0.11787359E-02,  0.14323799E-03
     680.,  0.11667334E+02,  0.11067117E+02, -0.11976790E+01, -0.88140904E-03,  0.12536535E-02,  0.15911886E-03
     681.,  0.10812349E+02,  0.11052799E+02, -0.11976790E+01, -0.99352831E-03,  0.13921061E-02,  0.17657636E-03
     682.,  0.99573637E+01,  0.11067117E+02, -0.11976790E+01, -0.11040431E-02,  0.16010344E-02,  0.20875499E-03
     683.,  0.91126394E+01,  0.11108161E+02, -0.11976790E+01, -0.11982717E-02,  0.18750748E-02,  0.26803600E-03
     684.,  0.82862959E+01,  0.11170857E+02, -0.11976790E+01, -0.12666357E-02,  0.21985942E-02,  0.36045528E-03
     685.,  0.74831255E+01,  0.11248552E+02, -0.11976790E+01, -0.13068893E-02,  0.25515507E-02,  0.47762901E-03
     686.,  0.67046249E+01,  0.11334641E+02, -0.11976790E+01, -0.13224144E-02,  0.29151230E-02,  0.59202625E-03
     687.,  0.59498289E+01,  0.11423639E+02, -0.11976790E+01, -0.13189360E-02,  0.32745941E-02,  0.65964026E-03
     688.,  0.52163497E+01,  0.11511571E+02, -0.11976790E+01, -0.13020351E-02,  0.36200037E-02,  0.63471934E-03
     689.,  0.45012315E+01,  0.11595882E+02, -0.11976790E+01, -0.12762337E-02,  0.39453648E-02,  0.49444630E-03
     690.,  0.44173534E+01,  0.12307381E+02, -0.11976790E+01, -0.99336305E-03,  0.39918246E-02,  0.18320688E-03
     691.,  0.43298789E+01,  0.13037043E+02, -0.11976790E+01, -0.71484584E-03,  0.40501544E-02, -0.20664386E-03
     692.,  0.42413158E+01,  0.13787783E+02, -0.11976790E+01, -0.43478526E-03,  0.41221283E-02, -0.77279696E-03
     693.,  0.41555621E+01,  0.14561964E+02, -0.11976790E+01, -0.14817946E-03,  0.42103832E-02, -0.17110308E-02
     694.,  0.40779958E+01,  0.15360572E+02, -0.11976790E+01,  0.15107290E-03,  0.43179293E-02, -0.34516992E-02
     695.,  0.40151077E+01,  0.16182199E+02, -0.11976790E+01,  0.48868841E-03,  0.44400663E-02, -0.69526595E-02
     696.,  0.39734745E+01,  0.17022220E+02, -0.11976790E+01,  0.91046660E-03,  0.45852956E-02, -0.14303098E-01
     697.,  0.39581721E+01,  0.17872728E+02, -0.11976790E+01,  0.15040986E-02,  0.48021947E-02, -0.31451110E-01
     698.,  0.39712209E+01,  0.18723659E+02, -0.11976790E+01,  0.36120644E-02,  0.44933587E-02, -0.72684379E-01
     699.,  0.40108927E+01,  0.19564854E+02, -0.11976790E+01,  0.12077571E-01,  0.13064747E-03, -0.16248219E+00
     700.,  0.40723061E+01,  0.20388177E+02, -0.11976790E+01,  0.35799821E-01, -0.17673135E-01, -0.32506939E+00
     701.,  0.41489419E+01,  0.21188727E+02, -0.11976790E+01,  0.80343591E-01, -0.58094331E-01, -0.55875479E+00
     702.,  0.42342548E+01,  0.21964861E+02, -0.11976790E+01,  0.13968827E+00, -0.11782280E+00, -0.83353517E+00
     703.,  0.43227561E+01,  0.22717410E+02, -0.11976790E+01,  0.20351182E+00, -0.18505161E+00, -0.11183892E+01
     704.,  0.44104277E+01,  0.23448662E+02, -0.11976790E+01,  0.26605695E+00, -0.25148123E+00, -0.13974948E+01
     705.,  0.39035043E+01,  0.24746755E+02, -0.11976790E+01,  0.40761432E+00, -0.39818444E+00, -0.20942901E+01
     706.,  0.47296296E+01,  0.24789162E+02, -0.11976790E+01,  0.35897078E+00, -0.34902743E+00, -0.18281474E+01
     707.,  0.55650125E+01,  0.24833483E+02, -0.11976790E+01,  0.30746762E+00, -0.29589224E+00, -0.15535222E+01
     708.,  0.64111830E+01,  0.24878446E+02, -0.11976790E+01,  0.26264389E+00, -0.24951023E+00, -0.13044698E+01
     709.,  0.72693970E+01,  0.24922044E+02, -0.11976790E+01,  0.21457834E+00, -0.19412288E+00, -0.10514135E+01
     710.,  0.81401950E+01,  0.24961485E+02, -0.11976790E+01,  0.14723443E+00, -0.11245362E+00, -0.74231971E+00
     711.,  0.90228584E+01,  0.24993381E+02, -0.11976790E+01,  0.85120806E-01, -0.39497744E-01, -0.43327754E+00
     712.,  0.99149629E+01,  0.25014296E+02, -0.11976790E+01,  0.36545293E-01, -0.39414363E-03, -0.14919753E+00
     713.,  0.10812349E+02,  0.25021599E+02, -0.11976790E+01, -0.43973928E-02,  0.14805829E-02,  0.12565245E+00
     714.,  0.11709735E+02,  0.25014296E+02, -0.11976790E+01, -0.44699304E-01, -0.14100116E-01,  0.37639739E+00
     715.,  0.12601839E+02,  0.24993381E+02, -0.11976790E+01, -0.85259969E-01, -0.87306655E-01,  0.58835132E+00
     716.,  0.13484503E+02,  0.24961485E+02, -0.11976790E+01, -0.11443627E+00, -0.15083279E+00,  0.80105629E+00
     717.,  0.14355301E+02,  0.24922044E+02, -0.11976790E+01, -0.14884873E+00, -0.20028890E+00,  0.10250621E+01
     718.,  0.15213515E+02,  0.24878446E+02, -0.11976790E+01, -0.20574744E+00, -0.27925269E+00,  0.13002802E+01
     719.,  0.16059685E+02,  0.24833483E+02, -0.11976790E+01, -0.26044780E+00, -0.35787437E+00,  0.15763658E+01
     720.,  0.16895068E+02,  0.24789162E+02, -0.11976790E+01, -0.30383055E+00, -0.41953428E+00,  0.18242072E+01
     721.,  0.17721194E+02,  0.24746755E+02, -0.11976790E+01, -0.34428329E+00, -0.47759461E+00,  0.20635141E+01
     722.,  0.17763310E+02,  0.23923924E+02, -0.11976790E+01, -0.26509450E+00, -0.36261478E+00,  0.16597859E+01
     723.,  0.17807145E+02,  0.23091892E+02, -0.11976790E+01, -0.18516632E+00, -0.24681178E+00,  0.12522289E+01
     724.,  0.17851396E+02,  0.22249211E+02, -0.11976790E+01, -0.10889423E+00, -0.13724793E+00,  0.85164490E+00
     725.,  0.17894052E+02,  0.21394738E+02, -0.11976790E+01, -0.46239725E-01, -0.50876089E-01,  0.48815269E+00
     726.,  0.17932370E+02,  0.20528057E+02, -0.11976790E+01, -0.11856762E-01, -0.83959584E-02,  0.22110219E+00
     727.,  0.17963077E+02,  0.19649989E+02, -0.11976790E+01, -0.19994033E-02,  0.10726277E-02,  0.81148890E-01
     728.,  0.17982913E+02,  0.18762985E+02, -0.11976790E+01, -0.51133460E-03,  0.16060906E-02,  0.28528864E-01
     729.,  0.17989437E+02,  0.17871114E+02, -0.11976790E+01, -0.40123141E-03,  0.14463002E-02,  0.10858938E-01
     730.,  0.17981786E+02,  0.16979453E+02, -0.11976790E+01, -0.39080860E-03,  0.13882965E-02,  0.39549150E-02
     731.,  0.17960970E+02,  0.16093037E+02, -0.11976790E+01, -0.42619481E-03,  0.13292931E-02,  0.11970650E-02
     732.,  0.17929526E+02,  0.15215817E+02, -0.11976790E+01, -0.45429404E-03,  0.12882120E-02,  0.13788811E-03
     733.,  0.17890742E+02,  0.14350106E+02, -0.11976790E+01, -0.48080816E-03,  0.12546406E-02, -0.25454854E-03
     734.,  0.17847866E+02,  0.13496610E+02, -0.11976790E+01, -0.50907347E-03,  0.12296487E-02, -0.41228747E-03
     735.,  0.17803584E+02,  0.12654834E+02, -0.11976790E+01, -0.53730816E-03,  0.12132760E-02, -0.48046869E-03
     736.,  0.17759847E+02,  0.11823596E+02, -0.11976790E+01, -0.56032209E-03,  0.12048652E-02, -0.51862200E-03
     737.,  0.17717908E+02,  0.11001440E+02, -0.11976790E+01, -0.57406611E-03,  0.12025705E-02, -0.54557424E-03
     738.,  0.16891599E+02,  0.10959285E+02, -0.11976790E+01, -0.57719509E-03,  0.12050805E-02, -0.37265865E-03
     739.,  0.16056109E+02,  0.10915319E+02, -0.11976790E+01, -0.58735494E-03,  0.11969376E-02, -0.20984173E-03
     740.,  0.15209961E+02,  0.10870820E+02, -0.11976790E+01, -0.60939166E-03,  0.11806143E-02, -0.70056444E-04
     741.,  0.14351961E+02,  0.10827776E+02, -0.11976790E+01, -0.64946728E-03,  0.11638075E-02,  0.34985197E-04
     742.,  0.13481625E+02,  0.10788928E+02, -0.11976790E+01, -0.71377253E-03,  0.11593720E-02,  0.10235649E-03
     743.,  0.12599704E+02,  0.10757580E+02, -0.11976790E+01, -0.80615102E-03,  0.11851077E-02,  0.13990036E-03
     744.,  0.11708592E+02,  0.10737058E+02, -0.11976790E+01, -0.92516253E-03,  0.12613351E-02,  0.16225039E-03
     745.,  0.10812349E+02,  0.10729899E+02, -0.11976790E+01, -0.10619104E-02,  0.14056919E-02,  0.18663538E-03
     746.,  0.99161063E+01,  0.10737058E+02, -0.11976790E+01, -0.12011477E-02,  0.16267758E-02,  0.23147812E-03
     747.,  0.90249942E+01,  0.10757580E+02, -0.11976790E+01, -0.13262173E-02,  0.19204114E-02,  0.31418987E-03
     748.,  0.81430724E+01,  0.10788928E+02, -0.11976790E+01, -0.14248537E-02,  0.22712044E-02,  0.44265253E-03
     749.,  0.72727372E+01,  0.10827776E+02, -0.11976790E+01, -0.14921079E-02,  0.26580266E-02,  0.60223731E-03
     750.,  0.64147369E+01,  0.10870820E+02, -0.11976790E+01, -0.15295962E-02,  0.30596417E-02,  0.74867253E-03
     751.,  0.55685889E+01,  0.10915319E+02, -0.11976790E+01, -0.15430621E-02,  0.34581292E-02,  0.81957895E-03
     752.,  0.47330993E+01,  0.10959285E+02, -0.11976790E+01, -0.15396277E-02,  0.38405846E-02,  0.76776752E-03
     753.,  0.39067902E+01,  0.11001440E+02, -0.11976790E+01, -0.15259491E-02,  0.42019825E-02,  0.59732767E-03
     754.,  0.38648512E+01,  0.11823596E+02, -0.11976790E+01, -0.11847164E-02,  0.42240912E-02,  0.19244678E-03
     755.,  0.38211139E+01,  0.12654834E+02, -0.11976790E+01, -0.85633204E-03,  0.42574868E-02, -0.31691900E-03
     756.,  0.37768324E+01,  0.13496610E+02, -0.11976790E+01, -0.53660357E-03,  0.43070281E-02, -0.10595724E-02
     757.,  0.37339555E+01,  0.14350106E+02, -0.11976790E+01, -0.21697894E-03,  0.43778338E-02, -0.23014885E-02
     758.,  0.36951723E+01,  0.15215817E+02, -0.11976790E+01,  0.10968782E-03,  0.44778536E-02, -0.45932269E-02
     759.,  0.36637283E+01,  0.16093037E+02, -0.11976790E+01,  0.46898691E-03,  0.46146113E-02, -0.91374401E-02
     760.,  0.36429117E+01,  0.16979453E+02, -0.11976790E+01,  0.95356660E-03,  0.47864943E-02, -0.18619451E-01
     761.,  0.36352605E+01,  0.17871114E+02, -0.11976790E+01,  0.17243956E-02,  0.51653334E-02, -0.41541617E-01
     762.,  0.36417849E+01,  0.18762985E+02, -0.11976790E+01,  0.47332854E-02,  0.50044735E-02, -0.99878112E-01
     763.,  0.36616208E+01,  0.19649989E+02, -0.11976790E+01,  0.17568545E-01, -0.20326540E-02, -0.22940421E+00
     764.,  0.36923275E+01,  0.20528057E+02, -0.11976790E+01,  0.53396957E-01, -0.31225856E-01, -0.45562847E+00
     765.,  0.37306454E+01,  0.21394738E+02, -0.11976790E+01,  0.11598801E+00, -0.91830614E-01, -0.76189749E+00
     766.,  0.37733019E+01,  0.22249211E+02, -0.11976790E+01,  0.19232491E+00, -0.17143232E+00, -0.11044023E+01
     767.,  0.38175525E+01,  0.23091892E+02, -0.11976790E+01,  0.27054973E+00, -0.25466510E+00, -0.14512014E+01
     768.,  0.38613883E+01,  0.23923924E+02, -0.11976790E+01,  0.34623255E+00, -0.33537249E+00, -0.17902186E+01
     769.,  0.33123489E+01,  0.25331999E+02, -0.11976790E+01,  0.44547695E+00, -0.44341423E+00, -0.24070694E+01
     770.,  0.42498489E+01,  0.25331999E+02, -0.11976790E+01,  0.38793061E+00, -0.38606784E+00, -0.20869940E+01
     771.,  0.51873489E+01,  0.25331999E+02, -0.11976790E+01,  0.33034500E+00, -0.32870501E+00, -0.17686392E+01
     772.,  0.61248489E+01,  0.25331999E+02, -0.11976790E+01,  0.27373892E+00, -0.26411541E+00, -0.14511928E+01
     773.,  0.70623489E+01,  0.25331999E+02, -0.11976790E+01,  0.20905521E+00, -0.19047467E+00, -0.11301690E+01
     774.,  0.79998489E+01,  0.25331999E+02, -0.11976790E+01,  0.14722014E+00, -0.11527386E+00, -0.81191652E+00
     775.,  0.89373489E+01,  0.25331999E+02, -0.11976790E+01,  0.92407106E-01, -0.42910599E-01, -0.49410062E+00
     776.,  0.98748489E+01,  0.25331999E+02, -0.11976790E+01,  0.45716441E-01,  0.54914628E-07, -0.18011865E+00
     777.,  0.10812349E+02,  0.25331999E+02, -0.11976790E+01, -0.79534350E-02,  0.56651435E-07,  0.13253222E+00
     778.,  0.11749849E+02,  0.25331999E+02, -0.11976790E+01, -0.61623311E-01,  0.58388243E-07,  0.44518308E+00
     779.,  0.12687349E+02,  0.25331999E+02, -0.11976790E+01, -0.10549591E+00, -0.12180411E+00,  0.74987978E+00
     780.,  0.13624849E+02,  0.25331999E+02, -0.11976790E+01, -0.15670298E+00, -0.22259830E+00,  0.10389519E+01
     781.,  0.14562349E+02,  0.25331999E+02, -0.11976790E+01, -0.21374435E+00, -0.28294724E+00,  0.13327862E+01
     782.,  0.15499849E+02,  0.25331999E+02, -0.11976790E+01, -0.27193190E+00, -0.37353078E+00,  0.16298007E+01
     783.,  0.16437349E+02,  0.25331999E+02, -0.11976790E+01, -0.32661764E+00, -0.45149148E+00,  0.19379444E+01
     784.,  0.17374849E+02,  0.25331999E+02, -0.11976790E+01, -0.37946633E+00, -0.52861261E+00,  0.22403402E+01
     785.,  0.18312349E+02,  0.25331999E+02, -0.11976790E+01, -0.43218831E+00, -0.60378650E+00,  0.25413361E+01
     786.,  0.18312349E+02,  0.24399186E+02, -0.11976790E+01, -0.34201409E+00, -0.47354232E+00,  0.20740426E+01
     787.,  0.18312349E+02,  0.23466374E+02, -0.11976790E+01, -0.24631121E+00, -0.33393731E+00,  0.15924497E+01
     788.,  0.18312349E+02,  0.22533562E+02, -0.11976790E+01, -0.15246643E+00, -0.19717173E+00,  0.11144650E+01
     789.,  0.18312349E+02,  0.21600749E+02, -0.11976790E+01, -0.69685310E-01, -0.78681588E-01,  0.66335772E+00
     790.,  0.18312349E+02,  0.20667936E+02, -0.11976790E+01, -0.18368177E-01, -0.11748151E-01,  0.30349295E+00
     791.,  0.18312349E+02,  0.19735124E+02, -0.11976790E+01, -0.29952534E-02,  0.18252677E-02,  0.10498289E+00
     792.,  0.18312349E+02,  0.18802311E+02, -0.11976790E+01, -0.65788456E-03,  0.16486914E-02,  0.35044702E-01
     793.,  0.18312349E+02,  0.17869499E+02, -0.11976790E+01, -0.42639577E-03,  0.14738403E-02,  0.13167183E-01
     794.,  0.18312349E+02,  0.16936686E+02, -0.11976790E+01, -0.40037708E-03,  0.13705404E-02,  0.48369332E-02
     795.,  0.18312349E+02,  0.16003874E+02, -0.11976790E+01, -0.43539746E-03,  0.13158819E-02,  0.14219464E-02
     796.,  0.18312349E+02,  0.15071061E+02, -0.11976790E+01, -0.46331766E-03,  0.12716316E-02,  0.13546058E-03
     797.,  0.18312349E+02,  0.14138249E+02, -0.11976790E+01, -0.49195273E-03,  0.12361961E-02, -0.34441724E-03
     798.,  0.18312349E+02,  0.13205437E+02, -0.11976790E+01, -0.52225964E-03,  0.12107925E-02, -0.52935328E-03
     799.,  0.18312349E+02,  0.12272624E+02, -0.11976790E+01, -0.55043599E-03,  0.11983264E-02, -0.61147367E-03
     800.,  0.18312349E+02,  0.11339811E+02, -0.11976790E+01, -0.56929352E-03,  0.11961118E-02, -0.65938278E-03
     801.,  0.18312349E+02,  0.10406999E+02, -0.11976790E+01, -0.58004514E-03,  0.11966248E-02, -0.69758240E-03
     802.,  0.17374849E+02,  0.10406999E+02, -0.11976790E+01, -0.57951375E-03,  0.12044859E-02, -0.49630330E-03
     803.,  0.16437349E+02,  0.10406999E+02, -0.11976790E+01, -0.58209143E-03,  0.12034532E-02, -0.30345027E-03
     804.,  0.15499849E+02,  0.10406999E+02, -0.11976790E+01, -0.59805376E-03,  0.11907536E-02, -0.13260617E-03
     805.,  0.14562349E+02,  0.10406999E+02, -0.11976790E+01, -0.63779264E-03,  0.11743736E-02,  0.95356587E-07
     806.,  0.13624849E+02,  0.10406999E+02, -0.11976790E+01, -0.70963267E-03,  0.11685725E-02,  0.87248784E-04
     807.,  0.12687349E+02,  0.10406999E+02, -0.11976790E+01, -0.81810756E-03,  0.11931855E-02,  0.13619013E-03
     808.,  0.11749849E+02,  0.10406999E+02, -0.11976790E+01, -0.96115726E-03,  0.12707740E-02,  0.16511266E-03
     809.,  0.10812349E+02,  0.10406999E+02, -0.11976790E+01, -0.11285070E-02,  0.14210581E-02,  0.19650656E-03
     810.,  0.98748489E+01,  0.10406999E+02, -0.11976790E+01, -0.13029877E-02,  0.16543833E-02,  0.25470366E-03
     811.,  0.89373489E+01,  0.10406999E+02, -0.11976790E+01, -0.14651296E-02,  0.19676822E-02,  0.36294541E-03
     812.,  0.79998489E+01,  0.10406999E+02, -0.11976790E+01, -0.15988121E-02,  0.23455398E-02,  0.53145480E-03
     813.,  0.70623489E+01,  0.10406999E+02, -0.11976790E+01, -0.16949549E-02,  0.27653155E-02,  0.73791998E-03
     814.,  0.61248489E+01,  0.10406999E+02, -0.11976790E+01, -0.17522767E-02,  0.32029595E-02,  0.91840587E-03
     815.,  0.51873489E+01,  0.10406999E+02, -0.11976790E+01, -0.17764804E-02,  0.36371963E-02,  0.99206758E-03
     816.,  0.42498489E+01,  0.10406999E+02, -0.11976790E+01, -0.17802337E-02,  0.40534707E-02,  0.91620109E-03
     817.,  0.33123489E+01,  0.10406999E+02, -0.11976790E+01, -0.17792278E-02,  0.44553558E-02,  0.73290579E-03
     818.,  0.33123489E+01,  0.11339811E+02, -0.11976790E+01, -0.13840081E-02,  0.44542157E-02,  0.25709844E-03
     819.,  0.33123489E+01,  0.12272624E+02, -0.11976790E+01, -0.10028529E-02,  0.44572855E-02, -0.33775601E-03
     820.,  0.33123489E+01,  0.13205437E+02, -0.11976790E+01, -0.64019735E-03,  0.44783709E-02, -0.12226015E-02
     821.,  0.33123489E+01,  0.14138249E+02, -0.11976790E+01, -0.28669078E-03,  0.45283319E-02, -0.27157305E-02
     822.,  0.33123489E+01,  0.15071061E+02, -0.11976790E+01,  0.70927669E-04,  0.46147347E-02, -0.55049511E-02
     823.,  0.33123489E+01,  0.16003874E+02, -0.11976790E+01,  0.45454684E-03,  0.47540282E-02, -0.11010337E-01
     824.,  0.33123489E+01,  0.16936686E+02, -0.11976790E+01,  0.99495454E-03,  0.49779213E-02, -0.22351010E-01
     825.,  0.33123489E+01,  0.17869499E+02, -0.11976790E+01,  0.20204433E-02,  0.55239028E-02, -0.50305523E-01
     826.,  0.33123489E+01,  0.18802311E+02, -0.11976790E+01,  0.61048943E-02,  0.60989814E-02, -0.12546817E+00
     827.,  0.33123489E+01,  0.19735124E+02, -0.11976790E+01,  0.23750898E-01, -0.27806401E-02, -0.29739049E+00
     828.,  0.33123489E+01,  0.20667936E+02, -0.11976790E+01,  0.73175948E-01, -0.45789785E-01, -0.59362801E+00
     829.,  0.33123489E+01,  0.21600749E+02, -0.11976790E+01,  0.15469005E+00, -0.12932334E+00, -0.97401890E+00
     830.,  0.33123489E+01,  0.22533562E+02, -0.11976790E+01,  0.24694147E+00, -0.22756429E+00, -0.13803601E+01
     831.,  0.33123489E+01,  0.23466374E+02, -0.11976790E+01,  0.33935923E+00, -0.32660126E+00, -0.17881915E+01
     832.,  0.33123489E+01,  0.24399186E+02, -0.11976790E+01,  0.42925567E+00, -0.42186557E+00, -0.21906105E+01
     833.,  0.33123489E+01,  0.25331999E+02, -0.19237207E+01,  0.68488482E+00, -0.33986239E+00, -0.23584887E+01
     834.,  0.42498489E+01,  0.25331999E+02, -0.19237207E+01,  0.62701808E+00, -0.28327144E+00, -0.20391002E+01
     835.,  0.51873489E+01,  0.25331999E+02, -0.19237207E+01,  0.56966452E+00, -0.22365089E+00, -0.17205329E+01
     836.,  0.61248489E+01,  0.25331999E+02, -0.19237207E+01,  0.50429428E+00, -0.10542578E+00, -0.13937762E+01
     837.,  0.70623489E+01,  0.25331999E+02, -0.19237207E+01,  0.44885679E+00,  0.56767543E-07, -0.10765069E+01
     838.,  0.79998489E+01,  0.25331999E+02, -0.19237207E+01,  0.39518692E+00,  0.58504354E-07, -0.76385604E+00
     839.,  0.89373489E+01,  0.25331999E+02, -0.19237207E+01,  0.34151704E+00,  0.60241144E-07, -0.45120517E+00
     840.,  0.98748489E+01,  0.25331999E+02, -0.19237207E+01,  0.28784717E+00,  0.61977962E-07, -0.13855431E+00
     841.,  0.10812349E+02,  0.25331999E+02, -0.19237207E+01,  0.23417729E+00,  0.63714735E-07,  0.17409655E+00
     842.,  0.11749849E+02,  0.25331999E+02, -0.19237207E+01,  0.18050741E+00,  0.65451556E-07,  0.48674742E+00
     843.,  0.12687349E+02,  0.25331999E+02, -0.19237207E+01,  0.12683754E+00,  0.67188384E-07,  0.79939828E+00
     844.,  0.13624849E+02,  0.25331999E+02, -0.19237207E+01,  0.73167661E-01,  0.68925158E-07,  0.11120491E+01
     845.,  0.14562349E+02,  0.25331999E+02, -0.19237207E+01,  0.19497784E-01,  0.70661986E-07,  0.14247000E+01
     846.,  0.15499849E+02,  0.25331999E+02, -0.19237207E+01, -0.32719451E-01, -0.93354214E-01,  0.17327837E+01
     847.,  0.16437349E+02,  0.25331999E+02, -0.19237207E+01, -0.86639003E-01, -0.19181698E+00,  0.20304735E+01
     848.,  0.17374849E+02,  0.25331999E+02, -0.19237207E+01, -0.14157676E+00, -0.25316361E+00,  0.23381937E+01
     849.,  0.18312349E+02,  0.25331999E+02, -0.19237207E+01, -0.19604841E+00, -0.30718519E+00,  0.26478643E+01
     850.,  0.33123489E+01,  0.25331999E+02, -0.26497623E+01,  0.91145120E+00, -0.13782159E+00, -0.22924022E+01
     851.,  0.42498489E+01,  0.25331999E+02, -0.26497623E+01,  0.85598983E+00, -0.10251592E+00, -0.19782973E+01
     852.,  0.51873489E+01,  0.25331999E+02, -0.26497623E+01,  0.80001436E+00, -0.59108586E-01, -0.16625775E+01
     853.,  0.61248489E+01,  0.25331999E+02, -0.26497623E+01,  0.74465739E+00,  0.62094057E-07, -0.13475934E+01
     854.,  0.70623489E+01,  0.25331999E+02, -0.26497623E+01,  0.69098752E+00,  0.63830864E-07, -0.10349426E+01
     855.,  0.79998489E+01,  0.25331999E+02, -0.26497623E+01,  0.63731764E+00,  0.65567674E-07, -0.72229170E+00
     856.,  0.89373489E+01,  0.25331999E+02, -0.26497623E+01,  0.58364777E+00,  0.67304466E-07, -0.40964084E+00
     857.,  0.98748489E+01,  0.25331999E+02, -0.26497623E+01,  0.52997789E+00,  0.69041267E-07, -0.96989973E-01
     858.,  0.10812349E+02,  0.25331999E+02, -0.26497623E+01,  0.47630801E+00,  0.70778070E-07,  0.21566089E+00
     859.,  0.11749849E+02,  0.25331999E+02, -0.26497623E+01,  0.42263814E+00,  0.72514893E-07,  0.52831175E+00
     860.,  0.12687349E+02,  0.25331999E+02, -0.26497623E+01,  0.36896826E+00,  0.74251667E-07,  0.84096262E+00
     861.,  0.13624849E+02,  0.25331999E+02, -0.26497623E+01,  0.31529838E+00,  0.75988479E-07,  0.11536135E+01
     862.,  0.14562349E+02,  0.25331999E+02, -0.26497623E+01,  0.26162851E+00,  0.77725289E-07,  0.14662643E+01
     863.,  0.15499849E+02,  0.25331999E+02, -0.26497623E+01,  0.20795863E+00,  0.79462081E-07,  0.17789152E+01
     864.,  0.16437349E+02,  0.25331999E+02, -0.26497623E+01,  0.15465894E+00, -0.45445653E-01,  0.20893174E+01
     865.,  0.17374849E+02,  0.25331999E+02, -0.26497623E+01,  0.10097937E+00, -0.97330544E-01,  0.23985266E+01
     866.,  0.18312349E+02,  0.25331999E+02, -0.26497623E+01,  0.45958581E-01, -0.12241726E+00,  0.27128895E+01
     867.,  0.33123489E+01,  0.25331999E+02, -0.33758040E+01,  0.11477253E+01, -0.18084088E-01, -0.22432802E+01
     868.,  0.42498489E+01,  0.25331999E+02, -0.33758040E+01,  0.10941279E+01,  0.65683767E-07, -0.19313308E+01
     869.,  0.51873489E+01,  0.25331999E+02, -0.33758040E+01,  0.10404580E+01,  0.67420567E-07, -0.16186800E+01
     870.,  0.61248489E+01,  0.25331999E+02, -0.33758040E+01,  0.98678812E+00,  0.69157383E-07, -0.13060291E+01
     871.,  0.70623489E+01,  0.25331999E+02, -0.33758040E+01,  0.93311824E+00,  0.70894172E-07, -0.99337823E+00
     872.,  0.79998489E+01,  0.25331999E+02, -0.33758040E+01,  0.87944837E+00,  0.72630988E-07, -0.68072736E+00
     873.,  0.89373489E+01,  0.25331999E+02, -0.33758040E+01,  0.82577849E+00,  0.74367782E-07, -0.36807650E+00
     874.,  0.98748489E+01,  0.25331999E+02, -0.33758040E+01,  0.77210861E+00,  0.76104593E-07, -0.55425636E-01
     875.,  0.10812349E+02,  0.25331999E+02, -0.33758040E+01,  0.71843874E+00,  0.77841394E-07,  0.25722523E+00
     876.,  0.11749849E+02,  0.25331999E+02, -0.33758040E+01,  0.66476886E+00,  0.79578192E-07,  0.56987609E+00
     877.,  0.12687349E+02,  0.25331999E+02, -0.33758040E+01,  0.61109899E+00,  0.81315001E-07,  0.88252695E+00
     878.,  0.13624849E+02,  0.25331999E+02, -0.33758040E+01,  0.55742911E+00,  0.83051797E-07,  0.11951778E+01
     879.,  0.14562349E+02,  0.25331999E+02, -0.33758040E+01,  0.50375923E+00,  0.84788603E-07,  0.15078287E+01
     880.,  0.15499849E+02,  0.25331999E+02, -0.33758040E+01,  0.45008936E+00,  0.86525406E-07,  0.18204795E+01
     881.,  0.16437349E+02,  0.25331999E+02, -0.33758040E+01,  0.39641948E+00,  0.88262217E-07,  0.21331304E+01
     882.,  0.17374849E+02,  0.25331999E+02, -0.33758040E+01,  0.34306844E+00, -0.22169422E-01,  0.24451367E+01
     883.,  0.18312349E+02,  0.25331999E+02, -0.33758040E+01,  0.28893599E+00, -0.32568023E-01,  0.27583448E+01
     884.,  0.33123489E+01,  0.25331999E+02, -0.41018457E+01,  0.13898873E+01,  0.17881454E-02, -0.22022751E+01
     885.,  0.42498489E+01,  0.25331999E+02, -0.41018457E+01,  0.13362586E+01,  0.72747083E-07, -0.18897665E+01
     886.,  0.51873489E+01,  0.25331999E+02, -0.41018457E+01,  0.12825887E+01,  0.74483890E-07, -0.15771156E+01
     887.,  0.61248489E+01,  0.25331999E+02, -0.41018457E+01,  0.12289188E+01,  0.76220701E-07, -0.12644648E+01
     888.,  0.70623489E+01,  0.25331999E+02, -0.41018457E+01,  0.11752490E+01,  0.77957488E-07, -0.95181389E+00
     889.,  0.79998489E+01,  0.25331999E+02, -0.41018457E+01,  0.11215791E+01,  0.79694307E-07, -0.63916303E+00
     890.,  0.89373489E+01,  0.25331999E+02, -0.41018457E+01,  0.10679092E+01,  0.81431092E-07, -0.32651216E+00
     891.,  0.98748489E+01,  0.25331999E+02, -0.41018457E+01,  0.10142393E+01,  0.83167914E-07, -0.13861298E-01
     892.,  0.10812349E+02,  0.25331999E+02, -0.41018457E+01,  0.96056946E+00,  0.84904708E-07,  0.29878957E+00
     893.,  0.11749849E+02,  0.25331999E+02, -0.41018457E+01,  0.90689959E+00,  0.86641518E-07,  0.61144043E+00
     894.,  0.12687349E+02,  0.25331999E+02, -0.41018457E+01,  0.85322971E+00,  0.88378313E-07,  0.92409129E+00
     895.,  0.13624849E+02,  0.25331999E+02, -0.41018457E+01,  0.79955983E+00,  0.90115125E-07,  0.12367422E+01
     896.,  0.14562349E+02,  0.25331999E+02, -0.41018457E+01,  0.74588996E+00,  0.91851930E-07,  0.15493930E+01
     897.,  0.15499849E+02,  0.25331999E+02, -0.41018457E+01,  0.69222008E+00,  0.93588735E-07,  0.18620439E+01
     898.,  0.16437349E+02,  0.25331999E+02, -0.41018457E+01,  0.63855020E+00,  0.95325528E-07,  0.21746947E+01
     899.,  0.17374849E+02,  0.25331999E+02, -0.41018457E+01,  0.58488033E+00,  0.97062350E-07,  0.24873456E+01
     900.,  0.18312349E+02,  0.25331999E+02, -0.41018457E+01,  0.53130440E+00, -0.36887737E-02,  0.28000101E+01
     901.,  0.33123489E+01,  0.25331999E+02, -0.48278873E+01,  0.16320592E+01,  0.78073603E-07, -0.21608530E+01
     902.,  0.42498489E+01,  0.25331999E+02, -0.48278873E+01,  0.15783893E+01,  0.79810413E-07, -0.18482021E+01
     903.,  0.51873489E+01,  0.25331999E+02, -0.48278873E+01,  0.15247194E+01,  0.81547215E-07, -0.15355513E+01
     904.,  0.61248489E+01,  0.25331999E+02, -0.48278873E+01,  0.14710496E+01,  0.83284025E-07, -0.12229004E+01
     905.,  0.70623489E+01,  0.25331999E+02, -0.48278873E+01,  0.14173797E+01,  0.85020813E-07, -0.91024955E+00
     906.,  0.79998489E+01,  0.25331999E+02, -0.48278873E+01,  0.13637098E+01,  0.86757619E-07, -0.59759869E+00
     907.,  0.89373489E+01,  0.25331999E+02, -0.48278873E+01,  0.13100399E+01,  0.88494419E-07, -0.28494782E+00
     908.,  0.98748489E+01,  0.25331999E+02, -0.48278873E+01,  0.12563701E+01,  0.90231224E-07,  0.27703039E-01
     909.,  0.10812349E+02,  0.25331999E+02, -0.48278873E+01,  0.12027002E+01,  0.91968031E-07,  0.34035390E+00
     910.,  0.11749849E+02,  0.25331999E+02, -0.48278873E+01,  0.11490303E+01,  0.93704844E-07,  0.65300477E+00
     911.,  0.12687349E+02,  0.25331999E+02, -0.48278873E+01,  0.10953604E+01,  0.95441630E-07,  0.96565563E+00
     912.,  0.13624849E+02,  0.25331999E+02, -0.48278873E+01,  0.10416906E+01,  0.97178438E-07,  0.12783065E+01
     913.,  0.14562349E+02,  0.25331999E+02, -0.48278873E+01,  0.98802068E+00,  0.98915249E-07,  0.15909574E+01
     914.,  0.15499849E+02,  0.25331999E+02, -0.48278873E+01,  0.93435080E+00,  0.10065204E-06,  0.19036082E+01
     915.,  0.16437349E+02,  0.25331999E+02, -0.48278873E+01,  0.88068093E+00,  0.10238886E-06,  0.22162591E+01
     916.,  0.17374849E+02,  0.25331999E+02, -0.48278873E+01,  0.82701105E+00,  0.10412566E-06,  0.25289099E+01
     917.,  0.18312349E+02,  0.25331999E+02, -0.48278873E+01,  0.77334118E+00,  0.10586246E-06,  0.28415608E+01
     918.,  0.33123489E+01,  0.25331999E+02, -0.55539290E+01,  0.18741899E+01,  0.85136926E-07, -0.21192887E+01
     919.,  0.42498489E+01,  0.25331999E+02, -0.55539290E+01,  0.18205200E+01,  0.86873720E-07, -0.18066378E+01
     920.,  0.51873489E+01,  0.25331999E+02, -0.55539290E+01,  0.17668502E+01,  0.88610518E-07, -0.14939869E+01
     921.,  0.61248489E+01,  0.25331999E+02, -0.55539290E+01,  0.17131803E+01,  0.90347340E-07, -0.11813361E+01
     922.,  0.70623489E+01,  0.25331999E+02, -0.55539290E+01,  0.16595104E+01,  0.92084138E-07, -0.86868521E+00
     923.,  0.79998489E+01,  0.25331999E+02, -0.55539290E+01,  0.16058405E+01,  0.93820933E-07, -0.55603435E+00
     924.,  0.89373489E+01,  0.25331999E+02, -0.55539290E+01,  0.15521707E+01,  0.95557743E-07, -0.24338349E+00
     925.,  0.98748489E+01,  0.25331999E+02, -0.55539290E+01,  0.14985008E+01,  0.97294548E-07,  0.69267377E-01
     926.,  0.10812349E+02,  0.25331999E+02, -0.55539290E+01,  0.14448309E+01,  0.99031353E-07,  0.38191824E+00
     927.,  0.11749849E+02,  0.25331999E+02, -0.55539290E+01,  0.13911610E+01,  0.10076816E-06,  0.69456910E+00
     928.,  0.12687349E+02,  0.25331999E+02, -0.55539290E+01,  0.13374912E+01,  0.10250497E-06,  0.10072200E+01
     929.,  0.13624849E+02,  0.25331999E+02, -0.55539290E+01,  0.12838213E+01,  0.10424177E-06,  0.13198708E+01
     930.,  0.14562349E+02,  0.25331999E+02, -0.55539290E+01,  0.12301514E+01,  0.10597856E-06,  0.16325217E+01
     931.,  0.15499849E+02,  0.25331999E+02, -0.55539290E+01,  0.11764815E+01,  0.10771536E-06,  0.19451726E+01
     932.,  0.16437349E+02,  0.25331999E+02, -0.55539290E+01,  0.11228117E+01,  0.10945216E-06,  0.22578234E+01
     933.,  0.17374849E+02,  0.25331999E+02, -0.55539290E+01,  0.10691418E+01,  0.11118896E-06,  0.25704743E+01
     934.,  0.18312349E+02,  0.25331999E+02, -0.55539290E+01,  0.10154719E+01,  0.11292577E-06,  0.28831251E+01
     935.,  0.33123489E+01,  0.25331999E+02, -0.62799707E+01,  0.21163206E+01,  0.92200246E-07, -0.20777243E+01
     936.,  0.42498489E+01,  0.25331999E+02, -0.62799707E+01,  0.20626508E+01,  0.93937048E-07, -0.17650735E+01
     937.,  0.51873489E+01,  0.25331999E+02, -0.62799707E+01,  0.20089809E+01,  0.95673842E-07, -0.14524226E+01
     938.,  0.61248489E+01,  0.25331999E+02, -0.62799707E+01,  0.19553110E+01,  0.97410653E-07, -0.11397717E+01
     939.,  0.70623489E+01,  0.25331999E+02, -0.62799707E+01,  0.19016411E+01,  0.99147459E-07, -0.82712088E+00
     940.,  0.79998489E+01,  0.25331999E+02, -0.62799707E+01,  0.18479713E+01,  0.10088425E-06, -0.51447001E+00
     941.,  0.89373489E+01,  0.25331999E+02, -0.62799707E+01,  0.17943014E+01,  0.10262106E-06, -0.20181915E+00
     942.,  0.98748489E+01,  0.25331999E+02, -0.62799707E+01,  0.17406315E+01,  0.10435787E-06,  0.11083171E+00
     943.,  0.10812349E+02,  0.25331999E+02, -0.62799707E+01,  0.16869616E+01,  0.10609468E-06,  0.42348258E+00
     944.,  0.11749849E+02,  0.25331999E+02, -0.62799707E+01,  0.16332918E+01,  0.10783147E-06,  0.73613344E+00
     945.,  0.12687349E+02,  0.25331999E+02, -0.62799707E+01,  0.15796219E+01,  0.10956827E-06,  0.10487843E+01
     946.,  0.13624849E+02,  0.25331999E+02, -0.62799707E+01,  0.15259520E+01,  0.11130507E-06,  0.13614352E+01
     947.,  0.14562349E+02,  0.25331999E+02, -0.62799707E+01,  0.14722821E+01,  0.11304189E-06,  0.16740860E+01
     948.,  0.15499849E+02,  0.25331999E+02, -0.62799707E+01,  0.14186123E+01,  0.11477869E-06,  0.19867369E+01
     949.,  0.16437349E+02,  0.25331999E+02, -0.62799707E+01,  0.13649424E+01,  0.11651550E-06,  0.22993878E+01
     950.,  0.17374849E+02,  0.25331999E+02, -0.62799707E+01,  0.13112725E+01,  0.11825229E-06,  0.26120386E+01
     951.,  0.18312349E+02,  0.25331999E+02, -0.62799707E+01,  0.12576026E+01,  0.11998910E-06,  0.29246895E+01
     952.,  0.33123489E+01,  0.25331999E+02, -0.70060123E+01,  0.23584514E+01,  0.99263562E-07, -0.20361600E+01
     953.,  0.42498489E+01,  0.25331999E+02, -0.70060123E+01,  0.23047815E+01,  0.10100036E-06, -0.17235091E+01
     954.,  0.51873489E+01,  0.25331999E+02, -0.70060123E+01,  0.22511116E+01,  0.10273717E-06, -0.14108583E+01
     955.,  0.61248489E+01,  0.25331999E+02, -0.70060123E+01,  0.21974417E+01,  0.10447398E-06, -0.10982074E+01
     956.,  0.70623489E+01,  0.25331999E+02, -0.70060123E+01,  0.21437719E+01,  0.10621078E-06, -0.78555654E+00
     957.,  0.79998489E+01,  0.25331999E+02, -0.70060123E+01,  0.20901020E+01,  0.10794758E-06, -0.47290567E+00
     958.,  0.89373489E+01,  0.25331999E+02, -0.70060123E+01,  0.20364321E+01,  0.10968438E-06, -0.16025481E+00
     959.,  0.98748489E+01,  0.25331999E+02, -0.70060123E+01,  0.19827622E+01,  0.11142119E-06,  0.15239605E+00
     960.,  0.10812349E+02,  0.25331999E+02, -0.70060123E+01,  0.19290924E+01,  0.11315799E-06,  0.46504692E+00
     961.,  0.11749849E+02,  0.25331999E+02, -0.70060123E+01,  0.18754225E+01,  0.11489481E-06,  0.77769778E+00
     962.,  0.12687349E+02,  0.25331999E+02, -0.70060123E+01,  0.18217526E+01,  0.11663160E-06,  0.10903486E+01
     963.,  0.13624849E+02,  0.25331999E+02, -0.70060123E+01,  0.17680827E+01,  0.11836841E-06,  0.14029995E+01
     964.,  0.14562349E+02,  0.25331999E+02, -0.70060123E+01,  0.17144129E+01,  0.12010521E-06,  0.17156504E+01
     965.,  0.15499849E+02,  0.25331999E+02, -0.70060123E+01,  0.16607430E+01,  0.12184201E-06,  0.20283012E+01
     966.,  0.16437349E+02,  0.25331999E+02, -0.70060123E+01,  0.16070731E+01,  0.12357881E-06,  0.23409521E+01
     967.,  0.17374849E+02,  0.25331999E+02, -0.70060123E+01,  0.15534032E+01,  0.12531560E-06,  0.26536030E+01
     968.,  0.18312349E+02,  0.25331999E+02, -0.70060123E+01,  0.14997333E+01,  0.12705242E-06,  0.29662538E+01
     969.,  0.33123489E+01,  0.25331999E+02, -0.77320540E+01,  0.26005821E+01,  0.10632688E-06, -0.19945957E+01
     970.,  0.42498489E+01,  0.25331999E+02, -0.77320540E+01,  0.25469122E+01,  0.10806369E-06, -0.16819448E+01
     971.,  0.51873489E+01,  0.25331999E+02, -0.77320540E+01,  0.24932423E+01,  0.10980049E-06, -0.13692939E+01
     972.,  0.61248489E+01,  0.25331999E+02, -0.77320540E+01,  0.24395725E+01,  0.11153728E-06, -0.10566431E+01
     973.,  0.70623489E+01,  0.25331999E+02, -0.77320540E+01,  0.23859026E+01,  0.11327409E-06, -0.74399220E+00
     974.,  0.79998489E+01,  0.25331999E+02, -0.77320540E+01,  0.23322327E+01,  0.11501091E-06, -0.43134134E+00
     975.,  0.89373489E+01,  0.25331999E+02, -0.77320540E+01,  0.22785628E+01,  0.11674770E-06, -0.11869047E+00
     976.,  0.98748489E+01,  0.25331999E+02, -0.77320540E+01,  0.22248930E+01,  0.11848451E-06,  0.19396039E+00
     977.,  0.10812349E+02,  0.25331999E+02, -0.77320540E+01,  0.21712231E+01,  0.12022131E-06,  0.50661125E+00
     978.,  0.11749849E+02,  0.25331999E+02, -0.77320540E+01,  0.21175532E+01,  0.12195811E-06,  0.81926212E+00
     979.,  0.12687349E+02,  0.25331999E+02, -0.77320540E+01,  0.20638833E+01,  0.12369492E-06,  0.11319130E+01
     980.,  0.13624849E+02,  0.25331999E+02, -0.77320540E+01,  0.20102135E+01,  0.12543171E-06,  0.14445638E+01
     981.,  0.14562349E+02,  0.25331999E+02, -0.77320540E+01,  0.19565436E+01,  0.12716853E-06,  0.17572147E+01
     982.,  0.15499849E+02,  0.25331999E+02, -0.77320540E+01,  0.19028737E+01,  0.12890532E-06,  0.20698656E+01
     983.,  0.16437349E+02,  0.25331999E+02, -0.77320540E+01,  0.18492038E+01,  0.13064213E-06,  0.23825164E+01
     984.,  0.17374849E+02,  0.25331999E+02, -0.77320540E+01,  0.17955339E+01,  0.13237893E-06,  0.26951673E+01
     985.,  0.18312349E+02,  0.25331999E+02, -0.77320540E+01,  0.17418641E+01,  0.13411573E-06,  0.30078182E+01
     986.,  0.33123489E+01,  0.25331999E+02, -0.84580957E+01,  0.28427128E+01,  0.11339021E-06, -0.19530313E+01
     987.,  0.42498489E+01,  0.25331999E+02, -0.84580957E+01,  0.27890429E+01,  0.11512700E-06, -0.16403805E+01
     988.,  0.51873489E+01,  0.25331999E+02, -0.84580957E+01,  0.27353731E+01,  0.11686381E-06, -0.13277296E+01
     989.,  0.61248489E+01,  0.25331999E+02, -0.84580957E+01,  0.26817032E+01,  0.11860062E-06, -0.10150787E+01
     990.,  0.70623489E+01,  0.25331999E+02, -0.84580957E+01,  0.26280333E+01,  0.12033742E-06, -0.70242786E+00
     991.,  0.79998489E+01,  0.25331999E+02, -0.84580957E+01,  0.25743634E+01,  0.12207422E-06, -0.38977700E+00
     992.,  0.89373489E+01,  0.25331999E+02, -0.84580957E+01,  0.25206936E+01,  0.12381102E-06, -0.77126136E-01
     993.,  0.98748489E+01,  0.25331999E+02, -0.84580957E+01,  0.24670237E+01,  0.12554783E-06,  0.23552473E+00
     994.,  0.10812349E+02,  0.25331999E+02, -0.84580957E+01,  0.24133538E+01,  0.12728464E-06,  0.54817559E+00
     995.,  0.11749849E+02,  0.25331999E+02, -0.84580957E+01,  0.23596839E+01,  0.12902144E-06,  0.86082645E+00
     996.,  0.12687349E+02,  0.25331999E+02, -0.84580957E+01,  0.23060141E+01,  0.13075824E-06,  0.11734773E+01
     997.,  0.13624849E+02,  0.25331999E+02, -0.84580957E+01,  0.22523442E+01,  0.13249504E-06,  0.14861282E+01
     998.,  0.14562349E+02,  0.25331999E+02, -0.84580957E+01,  0.21986743E+01,  0.13423186E-06,  0.17987790E+01
     999.,  0.15499849E+02,  0.25331999E+02, -0.84580957E+01,  0.21450044E+01,  0.13596866E-06,  0.21114299E+01
    1000.,  0.16437349E+02,  0.25331999E+02, -0.84580957E+01,  0.20913346E+01,  0.13770546E-06,  0.24240808E+01
    1001.,  0.17374849E+02,  0.25331999E+02, -0.84580957E+01,  0.20376647E+01,  0.13944226E-06,  0.27367316E+01
    1002.,  0.18312349E+02,  0.25331999E+02, -0.84580957E+01,  0.19839948E+01,  0.14117906E-06,  0.30493825E+01
    1003.,  0.33123489E+01,  0.25331999E+02, -0.91841373E+01,  0.30848435E+01,  0.12045352E-06, -0.19114670E+01
    1004.,  0.42498489E+01,  0.25331999E+02, -0.91841373E+01,  0.30311737E+01,  0.12219032E-06, -0.15988161E+01
    1005.,  0.51873489E+01,  0.25331999E+02, -0.91841373E+01,  0.29775038E+01,  0.12392713E-06, -0.12861653E+01
    1006.,  0.61248489E+01,  0.25331999E+02, -0.91841373E+01,  0.29238339E+01,  0.12566394E-06, -0.97351439E+00
    1007.,  0.70623489E+01,  0.25331999E+02, -0.91841373E+01,  0.28701640E+01,  0.12740074E-06, -0.66086353E+00
    1008.,  0.79998489E+01,  0.25331999E+02, -0.91841373E+01,  0.28164942E+01,  0.12913754E-06, -0.34821266E+00
    1009.,  0.89373489E+01,  0.25331999E+02, -0.91841373E+01,  0.27628243E+01,  0.13087434E-06, -0.35561799E-01
    1010.,  0.98748489E+01,  0.25331999E+02, -0.91841373E+01,  0.27091544E+01,  0.13261115E-06,  0.27708906E+00
    1011.,  0.10812349E+02,  0.25331999E+02, -0.91841373E+01,  0.26554845E+01,  0.13434795E-06,  0.58973993E+00
    1012.,  0.11749849E+02,  0.25331999E+02, -0.91841373E+01,  0.26018147E+01,  0.13608476E-06,  0.90239079E+00
    1013.,  0.12687349E+02,  0.25331999E+02, -0.91841373E+01,  0.25481448E+01,  0.13782156E-06,  0.12150417E+01
    1014.,  0.13624849E+02,  0.25331999E+02, -0.91841373E+01,  0.24944749E+01,  0.13955836E-06,  0.15276925E+01
    1015.,  0.14562349E+02,  0.25331999E+02, -0.91841373E+01,  0.24408050E+01,  0.14129517E-06,  0.18403434E+01
    1016.,  0.15499849E+02,  0.25331999E+02, -0.91841373E+01,  0.23871352E+01,  0.14303196E-06,  0.21529942E+01
    1017.,  0.16437349E+02,  0.25331999E+02, -0.91841373E+01,  0.23334653E+01,  0.14476877E-06,  0.24656451E+01
    1018.,  0.17374849E+02,  0.25331999E+02, -0.91841373E+01,  0.22797954E+01,  0.14650558E-06,  0.27782960E+01
    1019.,  0.18312349E+02,  0.25331999E+02, -0.91841373E+01,  0.22261255E+01,  0.14824239E-06,  0.30909468E+01
    1020.,  0.33123489E+01,  0.25331999E+02, -0.99101790E+01,  0.33269743E+01,  0.12751684E-06, -0.18699026E+01
    1021.,  0.42498489E+01,  0.25331999E+02, -0.99101790E+01,  0.32733044E+01,  0.12925364E-06, -0.15572518E+01
    1022.,  0.51873489E+01,  0.25331999E+02, -0.99101790E+01,  0.32196345E+01,  0.13099045E-06, -0.12446009E+01
    1023.,  0.61248489E+01,  0.25331999E+02, -0.99101790E+01,  0.31659646E+01,  0.13272726E-06, -0.93195005E+00
    1024.,  0.70623489E+01,  0.25331999E+02, -0.99101790E+01,  0.31122948E+01,  0.13446406E-06, -0.61929919E+00
    1025.,  0.79998489E+01,  0.25331999E+02, -0.99101790E+01,  0.30586249E+01,  0.13620086E-06, -0.30664832E+00
    1026.,  0.89373489E+01,  0.25331999E+02, -0.99101790E+01,  0.30049550E+01,  0.13793766E-06,  0.60025386E-02
    1027.,  0.98748489E+01,  0.25331999E+02, -0.99101790E+01,  0.29512851E+01,  0.13967447E-06,  0.31865340E+00
    1028.,  0.10812349E+02,  0.25331999E+02, -0.99101790E+01,  0.28976153E+01,  0.14141127E-06,  0.63130427E+00
    1029.,  0.11749849E+02,  0.25331999E+02, -0.99101790E+01,  0.28439454E+01,  0.14314807E-06,  0.94395513E+00
    1030.,  0.12687349E+02,  0.25331999E+02, -0.99101790E+01,  0.27902755E+01,  0.14488487E-06,  0.12566060E+01
    1031.,  0.13624849E+02,  0.25331999E+02, -0.99101790E+01,  0.27366056E+01,  0.14662168E-06,  0.15692569E+01
    1032.,  0.14562349E+02,  0.25331999E+02, -0.99101790E+01,  0.26829358E+01,  0.14835849E-06,  0.18819077E+01
    1033.,  0.15499849E+02,  0.25331999E+02, -0.99101790E+01,  0.26292659E+01,  0.15009529E-06,  0.21945586E+01
    1034.,  0.16437349E+02,  0.25331999E+02, -0.99101790E+01,  0.25755960E+01,  0.15183208E-06,  0.25072094E+01
    1035.,  0.17374849E+02,  0.25331999E+02, -0.99101790E+01,  0.25219261E+01,  0.15356890E-06,  0.28198603E+01
    1036.,  0.18312349E+02,  0.25331999E+02, -0.99101790E+01,  0.24682562E+01,  0.15530571E-06,  0.31325112E+01
    1037.,  0.33123489E+01,  0.25331999E+02, -0.10636221E+02,  0.35691050E+01,  0.13458016E-06, -0.18283383E+01
    1038.,  0.42498489E+01,  0.25331999E+02, -0.10636221E+02,  0.35154351E+01,  0.13631697E-06, -0.15156874E+01
    1039.,  0.51873489E+01,  0.25331999E+02, -0.10636221E+02,  0.34617652E+01,  0.13805377E-06, -0.12030366E+01
    1040.,  0.61248489E+01,  0.25331999E+02, -0.10636221E+02,  0.34080954E+01,  0.13979057E-06, -0.89038571E+00
    1041.,  0.70623489E+01,  0.25331999E+02, -0.10636221E+02,  0.33544255E+01,  0.14152738E-06, -0.57773485E+00
    1042.,  0.79998489E+01,  0.25331999E+02, -0.10636221E+02,  0.33007556E+01,  0.14326419E-06, -0.26508399E+00
    1043.,  0.89373489E+01,  0.25331999E+02, -0.10636221E+02,  0.32470857E+01,  0.14500098E-06,  0.47566876E-01
    1044.,  0.98748489E+01,  0.25331999E+02, -0.10636221E+02,  0.31934159E+01,  0.14673778E-06,  0.36021774E+00
    1045.,  0.10812349E+02,  0.25331999E+02, -0.10636221E+02,  0.31397460E+01,  0.14847459E-06,  0.67286860E+00
    1046.,  0.11749849E+02,  0.25331999E+02, -0.10636221E+02,  0.30860761E+01,  0.15021140E-06,  0.98551947E+00
    1047.,  0.12687349E+02,  0.25331999E+02, -0.10636221E+02,  0.30324062E+01,  0.15194821E-06,  0.12981703E+01
    1048.,  0.13624849E+02,  0.25331999E+02, -0.10636221E+02,  0.29787364E+01,  0.15368500E-06,  0.16108212E+01
    1049.,  0.14562349E+02,  0.25331999E+02, -0.10636221E+02,  0.29250665E+01,  0.15542181E-06,  0.19234721E+01
    1050.,  0.15499849E+02,  0.25331999E+02, -0.10636221E+02,  0.28713966E+01,  0.15715861E-06,  0.22361229E+01
    1051.,  0.16437349E+02,  0.25331999E+02, -0.10636221E+02,  0.28177267E+01,  0.15889541E-06,  0.25487738E+01
    1052.,  0.17374849E+02,  0.25331999E+02, -0.10636221E+02,  0.27640568E+01,  0.16063222E-06,  0.28614246E+01
    1053.,  0.18312349E+02,  0.25331999E+02, -0.10636221E+02,  0.27103870E+01,  0.16236902E-06,  0.31740755E+01
    1054.,  0.33123489E+01,  0.25331999E+02, -0.11362262E+02,  0.38112357E+01,  0.14164348E-06, -0.17867740E+01
    1055.,  0.42498489E+01,  0.25331999E+02, -0.11362262E+02,  0.37575658E+01,  0.14338029E-06, -0.14741231E+01
    1056.,  0.51873489E+01,  0.25331999E+02, -0.11362262E+02,  0.37038960E+01,  0.14511709E-06, -0.11614722E+01
    1057.,  0.61248489E+01,  0.25331999E+02, -0.11362262E+02,  0.36502261E+01,  0.14685390E-06, -0.84882138E+00
    1058.,  0.70623489E+01,  0.25331999E+02, -0.11362262E+02,  0.35965562E+01,  0.14859070E-06, -0.53617051E+00
    1059.,  0.79998489E+01,  0.25331999E+02, -0.11362262E+02,  0.35428863E+01,  0.15032751E-06, -0.22351965E+00
    1060.,  0.89373489E+01,  0.25331999E+02, -0.11362262E+02,  0.34892165E+01,  0.15206430E-06,  0.89131213E-01
    1061.,  0.98748489E+01,  0.25331999E+02, -0.11362262E+02,  0.34355466E+01,  0.15380110E-06,  0.40178208E+00
    1062.,  0.10812349E+02,  0.25331999E+02, -0.11362262E+02,  0.33818767E+01,  0.15553792E-06,  0.71443294E+00
    1063.,  0.11749849E+02,  0.25331999E+02, -0.11362262E+02,  0.33282068E+01,  0.15727472E-06,  0.10270838E+01
    1064.,  0.12687349E+02,  0.25331999E+02, -0.11362262E+02,  0.32745370E+01,  0.15901152E-06,  0.13397347E+01
    1065.,  0.13624849E+02,  0.25331999E+02, -0.11362262E+02,  0.32208671E+01,  0.16074832E-06,  0.16523855E+01
    1066.,  0.14562349E+02,  0.25331999E+02, -0.11362262E+02,  0.31671972E+01,  0.16248513E-06,  0.19650364E+01
    1067.,  0.15499849E+02,  0.25331999E+02, -0.11362262E+02,  0.31135273E+01,  0.16422193E-06,  0.22776873E+01
    1068.,  0.16437349E+02,  0.25331999E+02, -0.11362262E+02,  0.30598574E+01,  0.16595873E-06,  0.25903381E+01
    1069.,  0.17374849E+02,  0.25331999E+02, -0.11362262E+02,  0.30061876E+01,  0.16769553E-06,  0.29029890E+01
    1070.,  0.18312349E+02,  0.25331999E+02, -0.11362262E+02,  0.29525177E+01,  0.16943234E-06,  0.32156398E+01
    1071.,  0.33123489E+01,  0.25331999E+02, -0.12088304E+02,  0.40533664E+01,  0.14870680E-06, -0.17452096E+01
    1072.,  0.42498489E+01,  0.25331999E+02, -0.12088304E+02,  0.39996966E+01,  0.15044361E-06, -0.14325588E+01
    1073.,  0.51873489E+01,  0.25331999E+02, -0.12088304E+02,  0.39460267E+01,  0.15218041E-06, -0.11199079E+01
    1074.,  0.61248489E+01,  0.25331999E+02, -0.12088304E+02,  0.38923568E+01,  0.15391722E-06, -0.80725704E+00
    1075.,  0.70623489E+01,  0.25331999E+02, -0.12088304E+02,  0.38386869E+01,  0.15565402E-06, -0.49460618E+00
    1076.,  0.79998489E+01,  0.25331999E+02, -0.12088304E+02,  0.37850171E+01,  0.15739082E-06, -0.18195531E+00
    1077.,  0.89373489E+01,  0.25331999E+02, -0.12088304E+02,  0.37313472E+01,  0.15912762E-06,  0.13069555E+00
    1078.,  0.98748489E+01,  0.25331999E+02, -0.12088304E+02,  0.36776773E+01,  0.16086443E-06,  0.44334641E+00
    1079.,  0.10812349E+02,  0.25331999E+02, -0.12088304E+02,  0.36240074E+01,  0.16260123E-06,  0.75599728E+00
    1080.,  0.11749849E+02,  0.25331999E+02, -0.12088304E+02,  0.35703376E+01,  0.16433803E-06,  0.10686481E+01
    1081.,  0.12687349E+02,  0.25331999E+02, -0.12088304E+02,  0.35166677E+01,  0.16607484E-06,  0.13812990E+01
    1082.,  0.13624849E+02,  0.25331999E+02, -0.12088304E+02,  0.34629978E+01,  0.16781164E-06,  0.16939499E+01
    1083.,  0.14562349E+02,  0.25331999E+02, -0.12088304E+02,  0.34093279E+01,  0.16954845E-06,  0.20066007E+01
    1084.,  0.15499849E+02,  0.25331999E+02, -0.12088304E+02,  0.33556580E+01,  0.17128525E-06,  0.23192516E+01
    1085.,  0.16437349E+02,  0.25331999E+02, -0.12088304E+02,  0.33019882E+01,  0.17302205E-06,  0.26319025E+01
    1086.,  0.17374849E+02,  0.25331999E+02, -0.12088304E+02,  0.32483183E+01,  0.17475886E-06,  0.29445533E+01
    1087.,  0.18312349E+02,  0.25331999E+02, -0.12088304E+02,  0.31946484E+01,  0.17649566E-06,  0.32572042E+01
    1088.,  0.33123489E+01,  0.25331999E+02, -0.12814346E+02,  0.42954972E+01,  0.15577011E-06, -0.17036453E+01
    1089.,  0.42498489E+01,  0.25331999E+02, -0.12814346E+02,  0.42418273E+01,  0.15750693E-06, -0.13909944E+01
    1090.,  0.51873489E+01,  0.25331999E+02, -0.12814346E+02,  0.41881574E+01,  0.15924373E-06, -0.10783436E+01
    1091.,  0.61248489E+01,  0.25331999E+02, -0.12814346E+02,  0.41344875E+01,  0.16098054E-06, -0.76569270E+00
    1092.,  0.70623489E+01,  0.25331999E+02, -0.12814346E+02,  0.40808177E+01,  0.16271734E-06, -0.45304184E+00
    1093.,  0.79998489E+01,  0.25331999E+02, -0.12814346E+02,  0.40271478E+01,  0.16445414E-06, -0.14039097E+00
    1094.,  0.89373489E+01,  0.25331999E+02, -0.12814346E+02,  0.39734779E+01,  0.16619094E-06,  0.17225989E+00
    1095.,  0.98748489E+01,  0.25331999E+02, -0.12814346E+02,  0.39198080E+01,  0.16792775E-06,  0.48491075E+00
    1096.,  0.10812349E+02,  0.25331999E+02, -0.12814346E+02,  0.38661382E+01,  0.16966456E-06,  0.79756162E+00
    1097.,  0.11749849E+02,  0.25331999E+02, -0.12814346E+02,  0.38124683E+01,  0.17140136E-06,  0.11102125E+01
    1098.,  0.12687349E+02,  0.25331999E+02, -0.12814346E+02,  0.37587984E+01,  0.17313816E-06,  0.14228633E+01
    1099.,  0.13624849E+02,  0.25331999E+02, -0.12814346E+02,  0.37051285E+01,  0.17487496E-06,  0.17355142E+01
    1100.,  0.14562349E+02,  0.25331999E+02, -0.12814346E+02,  0.36514586E+01,  0.17661177E-06,  0.20481651E+01
    1101.,  0.15499849E+02,  0.25331999E+02, -0.12814346E+02,  0.35977888E+01,  0.17834856E-06,  0.23608159E+01
    1102.,  0.16437349E+02,  0.25331999E+02, -0.12814346E+02,  0.35441189E+01,  0.18008537E-06,  0.26734668E+01
    1103.,  0.17374849E+02,  0.25331999E+02, -0.12814346E+02,  0.34904490E+01,  0.18182218E-06,  0.29861177E+01
    1104.,  0.18312349E+02,  0.25331999E+02, -0.12814346E+02,  0.34367791E+01,  0.18355897E-06,  0.32987685E+01
    1105.,  0.33123489E+01,  0.25331999E+02, -0.13540387E+02,  0.45376279E+01,  0.16283344E-06, -0.16620810E+01
    1106.,  0.42498489E+01,  0.25331999E+02, -0.13540387E+02,  0.44839580E+01,  0.16457023E-06, -0.13494301E+01
    1107.,  0.51873489E+01,  0.25331999E+02, -0.13540387E+02,  0.44302881E+01,  0.16630705E-06, -0.10367792E+01
    1108.,  0.61248489E+01,  0.25331999E+02, -0.13540387E+02,  0.43766183E+01,  0.16804385E-06, -0.72412836E+00
    1109.,  0.70623489E+01,  0.25331999E+02, -0.13540387E+02,  0.43229484E+01,  0.16978065E-06, -0.41147750E+00
    1110.,  0.79998489E+01,  0.25331999E+02, -0.13540387E+02,  0.42692785E+01,  0.17151746E-06, -0.98826637E-01
    1111.,  0.89373489E+01,  0.25331999E+02, -0.13540387E+02,  0.42156086E+01,  0.17325426E-06,  0.21382423E+00
    1112.,  0.98748489E+01,  0.25331999E+02, -0.13540387E+02,  0.41619388E+01,  0.17499106E-06,  0.52647509E+00
    1113.,  0.10812349E+02,  0.25331999E+02, -0.13540387E+02,  0.41082689E+01,  0.17672788E-06,  0.83912595E+00
    1114.,  0.11749849E+02,  0.25331999E+02, -0.13540387E+02,  0.40545990E+01,  0.17846467E-06,  0.11517768E+01
    1115.,  0.12687349E+02,  0.25331999E+02, -0.13540387E+02,  0.40009291E+01,  0.18020148E-06,  0.14644277E+01
    1116.,  0.13624849E+02,  0.25331999E+02, -0.13540387E+02,  0.39472592E+01,  0.18193827E-06,  0.17770785E+01
    1117.,  0.14562349E+02,  0.25331999E+02, -0.13540387E+02,  0.38935894E+01,  0.18367510E-06,  0.20897294E+01
    1118.,  0.15499849E+02,  0.25331999E+02, -0.13540387E+02,  0.38399195E+01,  0.18541188E-06,  0.24023803E+01
    1119.,  0.16437349E+02,  0.25331999E+02, -0.13540387E+02,  0.37862496E+01,  0.18714869E-06,  0.27150311E+01
    1120.,  0.17374849E+02,  0.25331999E+02, -0.13540387E+02,  0.37325797E+01,  0.18888550E-06,  0.30276820E+01
    1121.,  0.18312349E+02,  0.25331999E+02, -0.13540387E+02,  0.36789099E+01,  0.19062230E-06,  0.33403329E+01
    1122.,  0.33123489E+01,  0.25331999E+02, -0.14266429E+02,  0.47797586E+01,  0.16989676E-06, -0.16205166E+01
    1123.,  0.42498489E+01,  0.25331999E+02, -0.14266429E+02,  0.47260887E+01,  0.17163355E-06, -0.13078658E+01
    1124.,  0.51873489E+01,  0.25331999E+02, -0.14266429E+02,  0.46724189E+01,  0.17337036E-06, -0.99521489E+00
    1125.,  0.61248489E+01,  0.25331999E+02, -0.14266429E+02,  0.46187490E+01,  0.17510717E-06, -0.68256403E+00
    1126.,  0.70623489E+01,  0.25331999E+02, -0.14266429E+02,  0.45650791E+01,  0.17684398E-06, -0.36991316E+00
    1127.,  0.79998489E+01,  0.25331999E+02, -0.14266429E+02,  0.45114092E+01,  0.17858077E-06, -0.57262300E-01
    1128.,  0.89373489E+01,  0.25331999E+02, -0.14266429E+02,  0.44577394E+01,  0.18031757E-06,  0.25538856E+00
    1129.,  0.98748489E+01,  0.25331999E+02, -0.14266429E+02,  0.44040695E+01,  0.18205439E-06,  0.56803943E+00
    1130.,  0.10812349E+02,  0.25331999E+02, -0.14266429E+02,  0.43503996E+01,  0.18379118E-06,  0.88069029E+00
    1131.,  0.11749849E+02,  0.25331999E+02, -0.14266429E+02,  0.42967297E+01,  0.18552800E-06,  0.11933412E+01
    1132.,  0.12687349E+02,  0.25331999E+02, -0.14266429E+02,  0.42430598E+01,  0.18726480E-06,  0.15059920E+01
    1133.,  0.13624849E+02,  0.25331999E+02, -0.14266429E+02,  0.41893900E+01,  0.18900160E-06,  0.18186429E+01
    1134.,  0.14562349E+02,  0.25331999E+02, -0.14266429E+02,  0.41357201E+01,  0.19073840E-06,  0.21312937E+01
    1135.,  0.15499849E+02,  0.25331999E+02, -0.14266429E+02,  0.40820502E+01,  0.19247521E-06,  0.24439446E+01
    1136.,  0.16437349E+02,  0.25331999E+02, -0.14266429E+02,  0.40283803E+01,  0.19421201E-06,  0.27565955E+01
    1137.,  0.17374849E+02,  0.25331999E+02, -0.14266429E+02,  0.39747105E+01,  0.19594881E-06,  0.30692463E+01
    1138.,  0.18312349E+02,  0.25331999E+02, -0.14266429E+02,  0.39210406E+01,  0.19768561E-06,  0.33818972E+01
    1139.,  0.33123489E+01,  0.25331999E+02, -0.14992471E+02,  0.50218893E+01,  0.17696008E-06, -0.15789523E+01
    1140.,  0.42498489E+01,  0.25331999E+02, -0.14992471E+02,  0.49682195E+01,  0.17869689E-06, -0.12663014E+01
    1141.,  0.51873489E+01,  0.25331999E+02, -0.14992471E+02,  0.49145496E+01,  0.18043369E-06, -0.95365055E+00
    1142.,  0.61248489E+01,  0.25331999E+02, -0.14992471E+02,  0.48608797E+01,  0.18217049E-06, -0.64099969E+00
    1143.,  0.70623489E+01,  0.25331999E+02, -0.14992471E+02,  0.48072098E+01,  0.18390728E-06, -0.32834883E+00
    1144.,  0.79998489E+01,  0.25331999E+02, -0.14992471E+02,  0.47535400E+01,  0.18564410E-06, -0.15697962E-01
    1145.,  0.89373489E+01,  0.25331999E+02, -0.14992471E+02,  0.46998701E+01,  0.18738091E-06,  0.29695290E+00
    1146.,  0.98748489E+01,  0.25331999E+02, -0.14992471E+02,  0.46462002E+01,  0.18911771E-06,  0.60960376E+00
    1147.,  0.10812349E+02,  0.25331999E+02, -0.14992471E+02,  0.45925303E+01,  0.19085451E-06,  0.92225463E+00
    1148.,  0.11749849E+02,  0.25331999E+02, -0.14992471E+02,  0.45388605E+01,  0.19259131E-06,  0.12349055E+01
    1149.,  0.12687349E+02,  0.25331999E+02, -0.14992471E+02,  0.44851906E+01,  0.19432812E-06,  0.15475564E+01
    1150.,  0.13624849E+02,  0.25331999E+02, -0.14992471E+02,  0.44315207E+01,  0.19606492E-06,  0.18602072E+01
    1151.,  0.14562349E+02,  0.25331999E+02, -0.14992471E+02,  0.43778508E+01,  0.19780172E-06,  0.21728581E+01
    1152.,  0.15499849E+02,  0.25331999E+02, -0.14992471E+02,  0.43241809E+01,  0.19953853E-06,  0.24855089E+01
    1153.,  0.16437349E+02,  0.25331999E+02, -0.14992471E+02,  0.42705111E+01,  0.20127533E-06,  0.27981598E+01
    1154.,  0.17374849E+02,  0.25331999E+02, -0.14992471E+02,  0.42168412E+01,  0.20301213E-06,  0.31108107E+01
    1155.,  0.18312349E+02,  0.25331999E+02, -0.14992471E+02,  0.41631713E+01,  0.20474894E-06,  0.34234615E+01
    1156.,  0.33123489E+01,  0.25331999E+02, -0.15718512E+02,  0.52640201E+01,  0.18402340E-06, -0.15373879E+01
    1157.,  0.42498489E+01,  0.25331999E+02, -0.15718512E+02,  0.52103502E+01,  0.18576020E-06, -0.12247371E+01
    1158.,  0.51873489E+01,  0.25331999E+02, -0.15718512E+02,  0.51566803E+01,  0.18749701E-06, -0.91208622E+00
    1159.,  0.61248489E+01,  0.25331999E+02, -0.15718512E+02,  0.51030104E+01,  0.18923382E-06, -0.59943535E+00
    1160.,  0.70623489E+01,  0.25331999E+02, -0.15718512E+02,  0.50493406E+01,  0.19097061E-06, -0.28678449E+00
    1161.,  0.79998489E+01,  0.25331999E+02, -0.15718512E+02,  0.49956707E+01,  0.19270741E-06,  0.25866375E-01
    1162.,  0.89373489E+01,  0.25331999E+02, -0.15718512E+02,  0.49420008E+01,  0.19444422E-06,  0.33851724E+00
    1163.,  0.98748489E+01,  0.25331999E+02, -0.15718512E+02,  0.48883309E+01,  0.19618102E-06,  0.65116810E+00
    1164.,  0.10812349E+02,  0.25331999E+02, -0.15718512E+02,  0.48346610E+01,  0.19791783E-06,  0.96381897E+00
    1165.,  0.11749849E+02,  0.25331999E+02, -0.15718512E+02,  0.47809912E+01,  0.19965463E-06,  0.12764698E+01
    1166.,  0.12687349E+02,  0.25331999E+02, -0.15718512E+02,  0.47273213E+01,  0.20139144E-06,  0.15891207E+01
    1167.,  0.13624849E+02,  0.25331999E+02, -0.15718512E+02,  0.46736514E+01,  0.20312824E-06,  0.19017716E+01
    1168.,  0.14562349E+02,  0.25331999E+02, -0.15718512E+02,  0.46199815E+01,  0.20486505E-06,  0.22144224E+01
    1169.,  0.15499849E+02,  0.25331999E+02, -0.15718512E+02,  0.45663117E+01,  0.20660184E-06,  0.25270733E+01
    1170.,  0.16437349E+02,  0.25331999E+02, -0.15718512E+02,  0.45126418E+01,  0.20833865E-06,  0.28397241E+01
    1171.,  0.17374849E+02,  0.25331999E+02, -0.15718512E+02,  0.44589719E+01,  0.21007545E-06,  0.31523750E+01
    1172.,  0.18312349E+02,  0.25331999E+02, -0.15718512E+02,  0.44053020E+01,  0.21181225E-06,  0.34650259E+01
    1173.,  0.33123489E+01,  0.25331999E+02, -0.16444554E+02,  0.55061508E+01,  0.19108672E-06, -0.14958236E+01
    1174.,  0.42498489E+01,  0.25331999E+02, -0.16444554E+02,  0.54524809E+01,  0.19282352E-06, -0.11831727E+01
    1175.,  0.51873489E+01,  0.25331999E+02, -0.16444554E+02,  0.53988110E+01,  0.19456033E-06, -0.87052188E+00
    1176.,  0.61248489E+01,  0.25331999E+02, -0.16444554E+02,  0.53451412E+01,  0.19629713E-06, -0.55787101E+00
    1177.,  0.70623489E+01,  0.25331999E+02, -0.16444554E+02,  0.52914713E+01,  0.19803392E-06, -0.24522015E+00
    1178.,  0.79998489E+01,  0.25331999E+02, -0.16444554E+02,  0.52378014E+01,  0.19977074E-06,  0.67430713E-01
    1179.,  0.89373489E+01,  0.25331999E+02, -0.16444554E+02,  0.51841315E+01,  0.20150755E-06,  0.38008158E+00
    1180.,  0.98748489E+01,  0.25331999E+02, -0.16444554E+02,  0.51304617E+01,  0.20324435E-06,  0.69273244E+00
    1181.,  0.10812349E+02,  0.25331999E+02, -0.16444554E+02,  0.50767918E+01,  0.20498115E-06,  0.10053833E+01
    1182.,  0.11749849E+02,  0.25331999E+02, -0.16444554E+02,  0.50231219E+01,  0.20671795E-06,  0.13180342E+01
    1183.,  0.12687349E+02,  0.25331999E+02, -0.16444554E+02,  0.49694520E+01,  0.20845477E-06,  0.16306850E+01
    1184.,  0.13624849E+02,  0.25331999E+02, -0.16444554E+02,  0.49157821E+01,  0.21019156E-06,  0.19433359E+01
    1185.,  0.14562349E+02,  0.25331999E+02, -0.16444554E+02,  0.48621123E+01,  0.21192835E-06,  0.22559868E+01
    1186.,  0.15499849E+02,  0.25331999E+02, -0.16444554E+02,  0.48084424E+01,  0.21366517E-06,  0.25686376E+01
    1187.,  0.16437349E+02,  0.25331999E+02, -0.16444554E+02,  0.47547725E+01,  0.21540197E-06,  0.28812885E+01
    1188.,  0.17374849E+02,  0.25331999E+02, -0.16444554E+02,  0.47011026E+01,  0.21713877E-06,  0.31939393E+01
    1189.,  0.18312349E+02,  0.25331999E+02, -0.16444554E+02,  0.46474328E+01,  0.21887558E-06,  0.35065902E+01
    1190.,  0.33123489E+01,  0.25331999E+02, -0.17170596E+02,  0.57482815E+01,  0.19815004E-06, -0.14542593E+01
    1191.,  0.42498489E+01,  0.25331999E+02, -0.17170596E+02,  0.56946116E+01,  0.19988684E-06, -0.11416084E+01
    1192.,  0.51873489E+01,  0.25331999E+02, -0.17170596E+02,  0.56409418E+01,  0.20162365E-06, -0.82895754E+00
    1193.,  0.61248489E+01,  0.25331999E+02, -0.17170596E+02,  0.55872719E+01,  0.20336044E-06, -0.51630668E+00
    1194.,  0.70623489E+01,  0.25331999E+02, -0.17170596E+02,  0.55336020E+01,  0.20509725E-06, -0.20365581E+00
    1195.,  0.79998489E+01,  0.25331999E+02, -0.17170596E+02,  0.54799321E+01,  0.20683406E-06,  0.10899505E+00
    1196.,  0.89373489E+01,  0.25331999E+02, -0.17170596E+02,  0.54262623E+01,  0.20857086E-06,  0.42164591E+00
    1197.,  0.98748489E+01,  0.25331999E+02, -0.17170596E+02,  0.53725924E+01,  0.21030766E-06,  0.73429678E+00
    1198.,  0.10812349E+02,  0.25331999E+02, -0.17170596E+02,  0.53189225E+01,  0.21204447E-06,  0.10469476E+01
    1199.,  0.11749849E+02,  0.25331999E+02, -0.17170596E+02,  0.52652526E+01,  0.21378127E-06,  0.13595985E+01
    1200.,  0.12687349E+02,  0.25331999E+02, -0.17170596E+02,  0.52115827E+01,  0.21551807E-06,  0.16722494E+01
    1201.,  0.13624849E+02,  0.25331999E+02, -0.17170596E+02,  0.51579129E+01,  0.21725489E-06,  0.19849002E+01
    1202.,  0.14562349E+02,  0.25331999E+02, -0.17170596E+02,  0.51042430E+01,  0.21899168E-06,  0.22975511E+01
    1203.,  0.15499849E+02,  0.25331999E+02, -0.17170596E+02,  0.50505731E+01,  0.22072848E-06,  0.26102020E+01
    1204.,  0.16437349E+02,  0.25331999E+02, -0.17170596E+02,  0.49969032E+01,  0.22246529E-06,  0.29228528E+01
    1205.,  0.17374849E+02,  0.25331999E+02, -0.17170596E+02,  0.49432334E+01,  0.22420209E-06,  0.32355037E+01
    1206.,  0.18312349E+02,  0.25331999E+02, -0.17170596E+02,  0.48895635E+01,  0.22593889E-06,  0.35481545E+01
    1207.,  0.33123489E+01,  0.25331999E+02, -0.17896637E+02,  0.59904122E+01,  0.20521336E-06, -0.14126949E+01
    1208.,  0.42498489E+01,  0.25331999E+02, -0.17896637E+02,  0.59367424E+01,  0.20695016E-06, -0.11000441E+01
    1209.,  0.51873489E+01,  0.25331999E+02, -0.17896637E+02,  0.58830725E+01,  0.20868697E-06, -0.78739320E+00
    1210.,  0.61248489E+01,  0.25331999E+02, -0.17896637E+02,  0.58294026E+01,  0.21042378E-06, -0.47474234E+00
    1211.,  0.70623489E+01,  0.25331999E+02, -0.17896637E+02,  0.57757327E+01,  0.21216057E-06, -0.16209148E+00
    1212.,  0.79998489E+01,  0.25331999E+02, -0.17896637E+02,  0.57220629E+01,  0.21389737E-06,  0.15055939E+00
    1213.,  0.89373489E+01,  0.25331999E+02, -0.17896637E+02,  0.56683930E+01,  0.21563417E-06,  0.46321025E+00
    1214.,  0.98748489E+01,  0.25331999E+02, -0.17896637E+02,  0.56147231E+01,  0.21737099E-06,  0.77586111E+00
    1215.,  0.10812349E+02,  0.25331999E+02, -0.17896637E+02,  0.55610532E+01,  0.21910779E-06,  0.10885120E+01
    1216.,  0.11749849E+02,  0.25331999E+02, -0.17896637E+02,  0.55073833E+01,  0.22084460E-06,  0.14011628E+01
    1217.,  0.12687349E+02,  0.25331999E+02, -0.17896637E+02,  0.54537135E+01,  0.22258140E-06,  0.17138137E+01
    1218.,  0.13624849E+02,  0.25331999E+02, -0.17896637E+02,  0.54000436E+01,  0.22431819E-06,  0.20264646E+01
    1219.,  0.14562349E+02,  0.25331999E+02, -0.17896637E+02,  0.53463737E+01,  0.22605500E-06,  0.23391154E+01
    1220.,  0.15499849E+02,  0.25331999E+02, -0.17896637E+02,  0.52927038E+01,  0.22779181E-06,  0.26517663E+01
    1221.,  0.16437349E+02,  0.25331999E+02, -0.17896637E+02,  0.52390340E+01,  0.22952861E-06,  0.29644172E+01
    1222.,  0.17374849E+02,  0.25331999E+02, -0.17896637E+02,  0.51853641E+01,  0.23126541E-06,  0.32770680E+01
    1223.,  0.18312349E+02,  0.25331999E+02, -0.17896637E+02,  0.51316942E+01,  0.23300222E-06,  0.35897189E+01
    1224.,  0.33123489E+01,  0.25331999E+02, -0.18622679E+02,  0.62325430E+01,  0.21227667E-06, -0.13711306E+01
    1225.,  0.42498489E+01,  0.25331999E+02, -0.18622679E+02,  0.61788731E+01,  0.21401347E-06, -0.10584797E+01
    1226.,  0.51873489E+01,  0.25331999E+02, -0.18622679E+02,  0.61252032E+01,  0.21575029E-06, -0.74582886E+00
    1227.,  0.61248489E+01,  0.25331999E+02, -0.18622679E+02,  0.60715333E+01,  0.21748709E-06, -0.43317800E+00
    1228.,  0.70623489E+01,  0.25331999E+02, -0.18622679E+02,  0.60178635E+01,  0.21922389E-06, -0.12052714E+00
    1229.,  0.79998489E+01,  0.25331999E+02, -0.18622679E+02,  0.59641936E+01,  0.22096070E-06,  0.19212373E+00
    1230.,  0.89373489E+01,  0.25331999E+02, -0.18622679E+02,  0.59105237E+01,  0.22269750E-06,  0.50477459E+00
    1231.,  0.98748489E+01,  0.25331999E+02, -0.18622679E+02,  0.58568538E+01,  0.22443431E-06,  0.81742545E+00
    1232.,  0.10812349E+02,  0.25331999E+02, -0.18622679E+02,  0.58031839E+01,  0.22617111E-06,  0.11300763E+01
    1233.,  0.11749849E+02,  0.25331999E+02, -0.18622679E+02,  0.57495141E+01,  0.22790791E-06,  0.14427272E+01
    1234.,  0.12687349E+02,  0.25331999E+02, -0.18622679E+02,  0.56958442E+01,  0.22964470E-06,  0.17553780E+01
    1235.,  0.13624849E+02,  0.25331999E+02, -0.18622679E+02,  0.56421743E+01,  0.23138152E-06,  0.20680289E+01
    1236.,  0.14562349E+02,  0.25331999E+02, -0.18622679E+02,  0.55885044E+01,  0.23311833E-06,  0.23806798E+01
    1237.,  0.15499849E+02,  0.25331999E+02, -0.18622679E+02,  0.55348346E+01,  0.23485513E-06,  0.26933306E+01
    1238.,  0.16437349E+02,  0.25331999E+02, -0.18622679E+02,  0.54811647E+01,  0.23659194E-06,  0.30059815E+01
    1239.,  0.17374849E+02,  0.25331999E+02, -0.18622679E+02,  0.54274948E+01,  0.23832873E-06,  0.33186324E+01
    1240.,  0.18312349E+02,  0.25331999E+02, -0.18622679E+02,  0.53738249E+01,  0.24006553E-06,  0.36312832E+01
    1241.,  0.88907483E+01,  0.10100462E+03, -0.11976790E+01,  0.67803734E-03, -0.38309603E-02,  0.16176542E-03
    1242.,  0.90216325E+01,  0.10088094E+03, -0.11976790E+01,  0.64424758E-03, -0.37961285E-02,  0.16844110E-03
    1243.,  0.91795178E+01,  0.10075167E+03, -0.11976790E+01,  0.61646860E-03, -0.37295633E-02,  0.16454582E-03
    1244.,  0.93688664E+01,  0.10062053E+03, -0.11976790E+01,  0.60371566E-03, -0.36229674E-02,  0.16042754E-03
    1245.,  0.95933411E+01,  0.10049337E+03, -0.11976790E+01,  0.61481570E-03, -0.34745778E-02,  0.15639521E-03
    1246.,  0.98545190E+01,  0.10037833E+03, -0.11976790E+01,  0.65930537E-03, -0.32931249E-02,  0.15333530E-03
    1247.,  0.10150303E+02,  0.10028530E+03, -0.11976790E+01,  0.73788214E-03, -0.31050731E-02,  0.15128879E-03
    1248.,  0.10473624E+02,  0.10022430E+03, -0.11976790E+01,  0.83840394E-03, -0.29487064E-02,  0.14900129E-03
    1249.,  0.10812349E+02,  0.10020300E+03, -0.11976790E+01,  0.93617232E-03, -0.28575828E-02,  0.14694513E-03
    1250.,  0.11151074E+02,  0.10022430E+03, -0.11976790E+01,  0.10030811E-02, -0.28405508E-02,  0.14562052E-03
    1251.,  0.11474394E+02,  0.10028530E+03, -0.11976790E+01,  0.10200514E-02, -0.28765137E-02,  0.14482905E-03
    1252.,  0.11770179E+02,  0.10037833E+03, -0.11976790E+01,  0.98442764E-03, -0.29297946E-02,  0.14330813E-03
    1253.,  0.12031357E+02,  0.10049337E+03, -0.11976790E+01,  0.90711324E-03, -0.29703862E-02,  0.14180549E-03
    1254.,  0.12255831E+02,  0.10062053E+03, -0.11976790E+01,  0.80521014E-03, -0.29840132E-02,  0.13980690E-03
    1255.,  0.12445180E+02,  0.10075167E+03, -0.11976790E+01,  0.69400777E-03, -0.29697115E-02,  0.14031653E-03
    1256.,  0.12603065E+02,  0.10088094E+03, -0.11976790E+01,  0.58482283E-03, -0.29336769E-02,  0.13850476E-03
    1257.,  0.12733950E+02,  0.10100462E+03, -0.11976790E+01,  0.48375556E-03, -0.28836022E-02,  0.14328837E-03
    1258.,  0.12856786E+02,  0.10113729E+03, -0.11976790E+01,  0.38132852E-03, -0.28175339E-02,  0.14199571E-03
    1259.,  0.12984638E+02,  0.10129679E+03, -0.11976790E+01,  0.26770005E-03, -0.27260270E-02,  0.14550262E-03
    1260.,  0.13113701E+02,  0.10148736E+03, -0.11976790E+01,  0.14724817E-03, -0.26069263E-02,  0.14699633E-03
    1261.,  0.13238114E+02,  0.10171231E+03, -0.11976790E+01,  0.26434677E-04, -0.24608107E-02,  0.14792180E-03
    1262.,  0.13349872E+02,  0.10197288E+03, -0.11976790E+01, -0.86088024E-04, -0.22930290E-02,  0.14811123E-03
    1263.,  0.13439432E+02,  0.10226665E+03, -0.11976790E+01, -0.18176758E-03, -0.21137988E-02,  0.14816223E-03
    1264.,  0.13497286E+02,  0.10258649E+03, -0.11976790E+01, -0.25496340E-03, -0.19360061E-02,  0.14842046E-03
    1265.,  0.13516315E+02,  0.10292052E+03, -0.11976790E+01, -0.30465813E-03, -0.17719716E-02,  0.14895110E-03
    1266.,  0.13493999E+02,  0.10325394E+03, -0.11976790E+01, -0.33422270E-03, -0.16301243E-02,  0.14946800E-03
    1267.,  0.13433285E+02,  0.10357207E+03, -0.11976790E+01, -0.34909333E-03, -0.15137466E-02,  0.14976567E-03
    1268.,  0.13341575E+02,  0.10386337E+03, -0.11976790E+01, -0.35442781E-03, -0.14219001E-02,  0.14988259E-03
    1269.,  0.13228459E+02,  0.10412110E+03, -0.11976790E+01, -0.35400363E-03, -0.13513302E-02,  0.14992104E-03
    1270.,  0.13103404E+02,  0.10434321E+03, -0.11976790E+01, -0.35022279E-03, -0.12980890E-02,  0.14993419E-03
    1271.,  0.12974251E+02,  0.10453113E+03, -0.11976790E+01, -0.34452512E-03, -0.12584542E-02,  0.14994029E-03
    1272.,  0.12846686E+02,  0.10468832E+03, -0.11976790E+01, -0.33777400E-03, -0.12292791E-02,  0.14994450E-03
    1273.,  0.12724366E+02,  0.10481902E+03, -0.11976790E+01, -0.33052827E-03, -0.12080714E-02,  0.14994786E-03
    1274.,  0.12592945E+02,  0.10494197E+03, -0.11976790E+01, -0.32200630E-03, -0.11910100E-02,  0.14995142E-03
    1275.,  0.12434749E+02,  0.10507020E+03, -0.11976790E+01, -0.31080382E-03, -0.11768141E-02,  0.14995519E-03
    1276.,  0.12245466E+02,  0.10519999E+03, -0.11976790E+01, -0.29610453E-03, -0.11673898E-02,  0.14995968E-03
    1277.,  0.12021615E+02,  0.10532554E+03, -0.11976790E+01, -0.27687403E-03, -0.11652500E-02,  0.14996476E-03
    1278.,  0.11761787E+02,  0.10543884E+03, -0.11976790E+01, -0.25193559E-03, -0.11734726E-02,  0.14996991E-03
    1279.,  0.11468165E+02,  0.10553027E+03, -0.11976790E+01, -0.22013446E-03, -0.11953498E-02,  0.14997430E-03
    1280.,  0.11147739E+02,  0.10559012E+03, -0.11976790E+01, -0.18063445E-03, -0.12336424E-02,  0.14997669E-03
    1281.,  0.10812349E+02,  0.10561100E+03, -0.11976790E+01, -0.13328183E-03, -0.12895513E-02,  0.14997568E-03
    1282.,  0.10476959E+02,  0.10559012E+03, -0.11976790E+01, -0.78875847E-04, -0.13618841E-02,  0.14997031E-03
    1283.,  0.10156533E+02,  0.10553027E+03, -0.11976790E+01, -0.19162206E-04, -0.14470252E-02,  0.14996073E-03
    1284.,  0.98629112E+01,  0.10543884E+03, -0.11976790E+01,  0.43503760E-04, -0.15398697E-02,  0.14994834E-03
    1285.,  0.96030834E+01,  0.10532554E+03, -0.11976790E+01,  0.10666984E-03, -0.16351959E-02,  0.14993491E-03
    1286.,  0.93792318E+01,  0.10519999E+03, -0.11976790E+01,  0.16823039E-03, -0.17287391E-02,  0.14992196E-03
    1287.,  0.91899489E+01,  0.10507020E+03, -0.11976790E+01,  0.22665290E-03, -0.18176213E-02,  0.14991018E-03
    1288.,  0.90317525E+01,  0.10494197E+03, -0.11976790E+01,  0.28100194E-03, -0.19002626E-02,  0.14989984E-03
    1289.,  0.89003322E+01,  0.10481902E+03, -0.11976790E+01,  0.33081477E-03, -0.19760258E-02,  0.14989313E-03
    1290.,  0.87780118E+01,  0.10468832E+03, -0.11976790E+01,  0.38183534E-03, -0.20538314E-02,  0.14988898E-03
    1291.,  0.86504468E+01,  0.10453113E+03, -0.11976790E+01,  0.44100583E-03, -0.21447107E-02,  0.14989237E-03
    1292.,  0.85212943E+01,  0.10434321E+03, -0.11976790E+01,  0.50888790E-03, -0.22506928E-02,  0.14991563E-03
    1293.,  0.83962388E+01,  0.10412110E+03, -0.11976790E+01,  0.58518533E-03, -0.23737866E-02,  0.14998786E-03
    1294.,  0.82831228E+01,  0.10386337E+03, -0.11976790E+01,  0.66788912E-03, -0.25155862E-02,  0.15017471E-03
    1295.,  0.81914125E+01,  0.10357207E+03, -0.11976790E+01,  0.75230603E-03, -0.26765766E-02,  0.15054992E-03
    1296.,  0.81306984E+01,  0.10325394E+03, -0.11976790E+01,  0.83052687E-03, -0.28549675E-02,  0.15104509E-03
    1297.,  0.81083827E+01,  0.10292052E+03, -0.11976790E+01,  0.89236601E-03, -0.30452688E-02,  0.15147426E-03
    1298.,  0.81274120E+01,  0.10258649E+03, -0.11976790E+01,  0.92849625E-03, -0.32375071E-02,  0.15169366E-03
    1299.,  0.81852658E+01,  0.10226665E+03, -0.11976790E+01,  0.93452834E-03, -0.34184281E-02,  0.15189131E-03
    1300.,  0.82748255E+01,  0.10197288E+03, -0.11976790E+01,  0.91296441E-03, -0.35748112E-02,  0.15257938E-03
    1301.,  0.83865843E+01,  0.10171231E+03, -0.11976790E+01,  0.87150814E-03, -0.36971347E-02,  0.15445188E-03
    1302.,  0.85109971E+01,  0.10148736E+03, -0.11976790E+01,  0.81964283E-03, -0.37813234E-02,  0.15828573E-03
    1303.,  0.86400595E+01,  0.10129679E+03, -0.11976790E+01,  0.76628473E-03, -0.38280966E-02,  0.16241266E-03
    1304.,  0.87679120E+01,  0.10113729E+03, -0.11976790E+01,  0.71806381E-03, -0.38420717E-02,  0.16814038E-03
    1305.,  0.85521705E+01,  0.10066943E+03, -0.11976790E+01,  0.70826851E-03, -0.39055036E-02,  0.13853877E-03
    1306.,  0.87061158E+01,  0.10052395E+03, -0.11976790E+01,  0.69854856E-03, -0.38986276E-02,  0.12432542E-03
    1307.,  0.88918198E+01,  0.10037191E+03, -0.11976790E+01,  0.70635032E-03, -0.38549413E-02,  0.12859427E-03
    1308.,  0.91145309E+01,  0.10021766E+03, -0.11976790E+01,  0.73624034E-03, -0.37596702E-02,  0.13461808E-03
    1309.,  0.93785571E+01,  0.10006810E+03, -0.11976790E+01,  0.79328108E-03, -0.36007352E-02,  0.14003364E-03
    1310.,  0.96857534E+01,  0.99932792E+02, -0.11976790E+01,  0.87027730E-03, -0.33848297E-02,  0.14443574E-03
    1311.,  0.10033654E+02,  0.99823371E+02, -0.11976790E+01,  0.95139125E-03, -0.31454993E-02,  0.14769394E-03
    1312.,  0.10413942E+02,  0.99751623E+02, -0.11976790E+01,  0.10180738E-02, -0.29417461E-02,  0.15169100E-03
    1313.,  0.10812349E+02,  0.99726571E+02, -0.11976790E+01,  0.10592394E-02, -0.28296376E-02,  0.15517644E-03
    1314.,  0.11210756E+02,  0.99751623E+02, -0.11976790E+01,  0.10743198E-02, -0.28232193E-02,  0.15731871E-03
    1315.,  0.11591044E+02,  0.99823371E+02, -0.11976790E+01,  0.10670082E-02, -0.28843639E-02,  0.15843794E-03
    1316.,  0.11938944E+02,  0.99932792E+02, -0.11976790E+01,  0.10379068E-02, -0.29540171E-02,  0.16089915E-03
    1317.,  0.12246141E+02,  0.10006810E+03, -0.11976790E+01,  0.98598749E-03, -0.29900626E-02,  0.16322442E-03
    1318.,  0.12510167E+02,  0.10021766E+03, -0.11976790E+01,  0.91218450E-03, -0.29795569E-02,  0.16640779E-03
    1319.,  0.12732878E+02,  0.10037191E+03, -0.11976790E+01,  0.82263709E-03, -0.29303130E-02,  0.16535491E-03
    1320.,  0.12918582E+02,  0.10052395E+03, -0.11976790E+01,  0.72454548E-03, -0.28568880E-02,  0.16881303E-03
    1321.,  0.13072527E+02,  0.10066943E+03, -0.11976790E+01,  0.62557914E-03, -0.27728719E-02,  0.15955272E-03
    1322.,  0.13217007E+02,  0.10082547E+03, -0.11976790E+01,  0.51710911E-03, -0.26745873E-02,  0.16285721E-03
    1323.,  0.13367387E+02,  0.10101308E+03, -0.11976790E+01,  0.38845734E-03, -0.25536318E-02,  0.15692260E-03
    1324.,  0.13519189E+02,  0.10123722E+03, -0.11976790E+01,  0.24239099E-03, -0.24125923E-02,  0.15430256E-03
    1325.,  0.13665523E+02,  0.10150182E+03, -0.11976790E+01,  0.87547286E-04, -0.22585727E-02,  0.15294438E-03
    1326.,  0.13796973E+02,  0.10180829E+03, -0.11976790E+01, -0.62468176E-04, -0.21017609E-02,  0.15275188E-03
    1327.,  0.13902313E+02,  0.10215383E+03, -0.11976790E+01, -0.19178817E-03, -0.19521136E-02,  0.15272604E-03
    1328.,  0.13970360E+02,  0.10253002E+03, -0.11976790E+01, -0.28779915E-03, -0.18168227E-02,  0.15230546E-03
    1329.,  0.13992743E+02,  0.10292291E+03, -0.11976790E+01, -0.34671646E-03, -0.16985621E-02,  0.15133974E-03
    1330.,  0.13966495E+02,  0.10331507E+03, -0.11976790E+01, -0.37398146E-03, -0.15967272E-02,  0.15042729E-03
    1331.,  0.13895083E+02,  0.10368925E+03, -0.11976790E+01, -0.37979397E-03, -0.15097074E-02,  0.14996766E-03
    1332.,  0.13787214E+02,  0.10403187E+03, -0.11976790E+01, -0.37391609E-03, -0.14361431E-02,  0.14984161E-03
    1333.,  0.13654167E+02,  0.10433502E+03, -0.11976790E+01, -0.36312150E-03, -0.13749152E-02,  0.14983095E-03
    1334.,  0.13507078E+02,  0.10459626E+03, -0.11976790E+01, -0.35118400E-03, -0.13248299E-02,  0.14984722E-03
    1335.,  0.13355169E+02,  0.10481730E+03, -0.11976790E+01, -0.33985744E-03, -0.12845183E-02,  0.14986653E-03
    1336.,  0.13205128E+02,  0.10500218E+03, -0.11976790E+01, -0.32979337E-03, -0.12525329E-02,  0.14988332E-03
    1337.,  0.13061255E+02,  0.10515591E+03, -0.11976790E+01, -0.32109497E-03, -0.12274602E-02,  0.14989742E-03
    1338.,  0.12906679E+02,  0.10530052E+03, -0.11976790E+01, -0.31267791E-03, -0.12055716E-02,  0.14991000E-03
    1339.,  0.12720609E+02,  0.10545135E+03, -0.11976790E+01, -0.30364310E-03, -0.11852052E-02,  0.14992318E-03
    1340.,  0.12497975E+02,  0.10560401E+03, -0.11976790E+01, -0.29407313E-03, -0.11684488E-02,  0.14993562E-03
    1341.,  0.12234682E+02,  0.10575167E+03, -0.11976790E+01, -0.28398689E-03, -0.11584696E-02,  0.14994681E-03
    1342.,  0.11929074E+02,  0.10588494E+03, -0.11976790E+01, -0.27313355E-03, -0.11596305E-02,  0.14995643E-03
    1343.,  0.11583717E+02,  0.10599248E+03, -0.11976790E+01, -0.26068723E-03, -0.11771998E-02,  0.14996396E-03
    1344.,  0.11206833E+02,  0.10606288E+03, -0.11976790E+01, -0.24495765E-03, -0.12162836E-02,  0.14996928E-03
    1345.,  0.10812349E+02,  0.10608744E+03, -0.11976790E+01, -0.22345143E-03, -0.12799868E-02,  0.14997291E-03
    1346.,  0.10417865E+02,  0.10606288E+03, -0.11976790E+01, -0.19358328E-03, -0.13676052E-02,  0.14997579E-03
    1347.,  0.10040981E+02,  0.10599248E+03, -0.11976790E+01, -0.15382444E-03, -0.14741684E-02,  0.14997832E-03
    1348.,  0.96956242E+01,  0.10588494E+03, -0.11976790E+01, -0.10451203E-03, -0.15919014E-02,  0.14997993E-03
    1349.,  0.93900159E+01,  0.10575167E+03, -0.11976790E+01, -0.47732622E-04, -0.17126737E-02,  0.14997973E-03
    1350.,  0.91267226E+01,  0.10560401E+03, -0.11976790E+01,  0.13514561E-04, -0.18299470E-02,  0.14997719E-03
    1351.,  0.89040889E+01,  0.10545135E+03, -0.11976790E+01,  0.76232972E-04, -0.19395184E-02,  0.14997305E-03
    1352.,  0.87180189E+01,  0.10530052E+03, -0.11976790E+01,  0.13798938E-03, -0.20393050E-02,  0.14996786E-03
    1353.,  0.85634430E+01,  0.10515591E+03, -0.11976790E+01,  0.19710473E-03, -0.21287627E-02,  0.14995793E-03
    1354.,  0.84195702E+01,  0.10500218E+03, -0.11976790E+01,  0.25978887E-03, -0.22183315E-02,  0.14994381E-03
    1355.,  0.82695288E+01,  0.10481730E+03, -0.11976790E+01,  0.33478072E-03, -0.23196524E-02,  0.14991496E-03
    1356.,  0.81176202E+01,  0.10459626E+03, -0.11976790E+01,  0.42348432E-03, -0.24330245E-02,  0.14985306E-03
    1357.,  0.79705304E+01,  0.10433502E+03, -0.11976790E+01,  0.52599568E-03, -0.25578258E-02,  0.14971299E-03
    1358.,  0.78374839E+01,  0.10403187E+03, -0.11976790E+01,  0.63967960E-03, -0.26922439E-02,  0.14936485E-03
    1359.,  0.77296146E+01,  0.10368925E+03, -0.11976790E+01,  0.75732242E-03, -0.28333325E-02,  0.14864139E-03
    1360.,  0.76582029E+01,  0.10331507E+03, -0.11976790E+01,  0.86598334E-03, -0.29777367E-02,  0.14766563E-03
    1361.,  0.76319554E+01,  0.10292291E+03, -0.11976790E+01,  0.94873289E-03, -0.31228533E-02,  0.14684243E-03
    1362.,  0.76543375E+01,  0.10253002E+03, -0.11976790E+01,  0.99074934E-03, -0.32672248E-02,  0.14651850E-03
    1363.,  0.77223849E+01,  0.10215383E+03, -0.11976790E+01,  0.98728695E-03, -0.34089529E-02,  0.14632910E-03
    1364.,  0.78277247E+01,  0.10180829E+03, -0.11976790E+01,  0.94698193E-03, -0.35436788E-02,  0.14539892E-03
    1365.,  0.79591749E+01,  0.10150182E+03, -0.11976790E+01,  0.88692018E-03, -0.36647125E-02,  0.14291246E-03
    1366.,  0.81055087E+01,  0.10123722E+03, -0.11976790E+01,  0.82421907E-03, -0.37652795E-02,  0.13760867E-03
    1367.,  0.82573113E+01,  0.10101308E+03, -0.11976790E+01,  0.77046527E-03, -0.38404412E-02,  0.13146155E-03
    1368.,  0.84076909E+01,  0.10082547E+03, -0.11976790E+01,  0.73134574E-03, -0.38872276E-02,  0.12379154E-03
    1369.,  0.82135926E+01,  0.10033424E+03, -0.11976790E+01,  0.81106937E-03, -0.40810551E-02,  0.11477285E-03
    1370.,  0.83905992E+01,  0.10016697E+03, -0.11976790E+01,  0.80869441E-03, -0.40851774E-02,  0.16180298E-03
    1371.,  0.86041219E+01,  0.99992144E+02, -0.11976790E+01,  0.82299955E-03, -0.40456846E-02,  0.17096265E-03
    1372.,  0.88601954E+01,  0.99814793E+02, -0.11976790E+01,  0.87191980E-03, -0.39367525E-02,  0.16999640E-03
    1373.,  0.91637731E+01,  0.99642824E+02, -0.11976790E+01,  0.95035467E-03, -0.37472158E-02,  0.16573494E-03
    1374.,  0.95169878E+01,  0.99487251E+02, -0.11976790E+01,  0.10466771E-02, -0.34816805E-02,  0.15908560E-03
    1375.,  0.99170042E+01,  0.99361439E+02, -0.11976790E+01,  0.11404971E-02, -0.31817287E-02,  0.15282854E-03
    1376.,  0.10354260E+02,  0.99278943E+02, -0.11976790E+01,  0.12101691E-02, -0.29262516E-02,  0.14529504E-03
    1377.,  0.10812349E+02,  0.99250137E+02, -0.11976790E+01,  0.12417737E-02, -0.27935905E-02,  0.14098176E-03
    1378.,  0.11270437E+02,  0.99278943E+02, -0.11976790E+01,  0.12359548E-02, -0.28025017E-02,  0.13768612E-03
    1379.,  0.11707694E+02,  0.99361439E+02, -0.11976790E+01,  0.12017427E-02, -0.28966774E-02,  0.13595554E-03
    1380.,  0.12107710E+02,  0.99487251E+02, -0.11976790E+01,  0.11482638E-02, -0.29943126E-02,  0.13241668E-03
    1381.,  0.12460925E+02,  0.99642824E+02, -0.11976790E+01,  0.10784790E-02, -0.30418815E-02,  0.13097904E-03
    1382.,  0.12764503E+02,  0.99814793E+02, -0.11976790E+01,  0.99395237E-03, -0.30274085E-02,  0.12641314E-03
    1383.,  0.13020576E+02,  0.99992144E+02, -0.11976790E+01,  0.89517889E-03, -0.29628240E-02,  0.13145998E-03
    1384.,  0.13234099E+02,  0.10016697E+03, -0.11976790E+01,  0.79013154E-03, -0.28689857E-02,  0.12196830E-03
    1385.,  0.13411105E+02,  0.10033424E+03, -0.11976790E+01,  0.68375818E-03, -0.27625339E-02,  0.14632007E-03
    1386.,  0.13577228E+02,  0.10051366E+03, -0.11976790E+01,  0.56782234E-03, -0.26415044E-02,  0.12918910E-03
    1387.,  0.13750135E+02,  0.10072937E+03, -0.11976790E+01,  0.42942110E-03, -0.24942333E-02,  0.13848254E-03
    1388.,  0.13924678E+02,  0.10098709E+03, -0.11976790E+01,  0.27272180E-03, -0.23275321E-02,  0.14258633E-03
    1389.,  0.14092932E+02,  0.10129132E+03, -0.11976790E+01,  0.10602068E-03, -0.21530955E-02,  0.14527984E-03
    1390.,  0.14244074E+02,  0.10164370E+03, -0.11976790E+01, -0.56513585E-04, -0.19838990E-02,  0.14530012E-03
    1391.,  0.14365194E+02,  0.10204100E+03, -0.11976790E+01, -0.19680899E-03, -0.18336637E-02,  0.14486447E-03
    1392.,  0.14443435E+02,  0.10247354E+03, -0.11976790E+01, -0.30086557E-03, -0.17100915E-02,  0.14547364E-03
    1393.,  0.14469170E+02,  0.10292529E+03, -0.11976790E+01, -0.36442399E-03, -0.16124394E-02,  0.14739012E-03
    1394.,  0.14438990E+02,  0.10337620E+03, -0.11976790E+01, -0.39324195E-03, -0.15342257E-02,  0.14912031E-03
    1395.,  0.14356881E+02,  0.10380643E+03, -0.11976790E+01, -0.39834236E-03, -0.14685736E-02,  0.14990361E-03
    1396.,  0.14232853E+02,  0.10420038E+03, -0.11976790E+01, -0.39062951E-03, -0.14113194E-02,  0.15006032E-03
    1397.,  0.14079876E+02,  0.10454894E+03, -0.11976790E+01, -0.37793383E-03, -0.13609626E-02,  0.15005715E-03
    1398.,  0.13910752E+02,  0.10484932E+03, -0.11976790E+01, -0.36472046E-03, -0.13172650E-02,  0.15003400E-03
    1399.,  0.13736087E+02,  0.10510346E+03, -0.11976790E+01, -0.35302652E-03, -0.12801693E-02,  0.15001331E-03
    1400.,  0.13563569E+02,  0.10531604E+03, -0.11976790E+01, -0.34349318E-03, -0.12493720E-02,  0.14999778E-03
    1401.,  0.13398144E+02,  0.10549280E+03, -0.11976790E+01, -0.33609291E-03, -0.12243087E-02,  0.14998624E-03
    1402.,  0.13220412E+02,  0.10565908E+03, -0.11976790E+01, -0.32985632E-03, -0.12016800E-02,  0.14997853E-03
    1403.,  0.13006469E+02,  0.10583250E+03, -0.11976790E+01, -0.32441114E-03, -0.11798807E-02,  0.14997017E-03
    1404.,  0.12750484E+02,  0.10600802E+03, -0.11976790E+01, -0.32035915E-03, -0.11611997E-02,  0.14996375E-03
    1405.,  0.12447749E+02,  0.10617780E+03, -0.11976790E+01, -0.31823685E-03, -0.11492765E-02,  0.14995978E-03
    1406.,  0.12096361E+02,  0.10633103E+03, -0.11976790E+01, -0.31815289E-03, -0.11493478E-02,  0.14995741E-03
    1407.,  0.11699269E+02,  0.10645469E+03, -0.11976790E+01, -0.31921377E-03, -0.11679426E-02,  0.14995602E-03
    1408.,  0.11265927E+02,  0.10653563E+03, -0.11976790E+01, -0.31897423E-03, -0.12115721E-02,  0.14995428E-03
    1409.,  0.10812349E+02,  0.10656387E+03, -0.11976790E+01, -0.31343994E-03, -0.12843739E-02,  0.14994973E-03
    1410.,  0.10358770E+02,  0.10653563E+03, -0.11976790E+01, -0.29809553E-03, -0.13857389E-02,  0.14993982E-03
    1411.,  0.99254285E+01,  0.10645469E+03, -0.11976790E+01, -0.26966571E-03, -0.15096478E-02,  0.14992401E-03
    1412.,  0.95283373E+01,  0.10633103E+03, -0.11976790E+01, -0.22747593E-03, -0.16464920E-02,  0.14990456E-03
    1413.,  0.91769484E+01,  0.10617780E+03, -0.11976790E+01, -0.17350624E-03, -0.17861977E-02,  0.14988476E-03
    1414.,  0.88742135E+01,  0.10600802E+03, -0.11976790E+01, -0.11134041E-03, -0.19207268E-02,  0.14986705E-03
    1415.,  0.86182289E+01,  0.10583250E+03, -0.11976790E+01, -0.44887040E-04, -0.20450267E-02,  0.14985014E-03
    1416.,  0.84042854E+01,  0.10565908E+03, -0.11976790E+01,  0.22495407E-04, -0.21567504E-02,  0.14983379E-03
    1417.,  0.82265537E+01,  0.10549280E+03, -0.11976790E+01,  0.88336094E-04, -0.22554510E-02,  0.14982772E-03
    1418.,  0.80611286E+01,  0.10531604E+03, -0.11976790E+01,  0.15927148E-03, -0.23526601E-02,  0.14982160E-03
    1419.,  0.78886108E+01,  0.10510346E+03, -0.11976790E+01,  0.24533597E-03, -0.24604072E-02,  0.14983102E-03
    1420.,  0.77139460E+01,  0.10484932E+03, -0.11976790E+01,  0.34844379E-03, -0.25777835E-02,  0.14988020E-03
    1421.,  0.75448220E+01,  0.10454894E+03, -0.11976790E+01,  0.46902464E-03, -0.27026511E-02,  0.15002949E-03
    1422.,  0.73918450E+01,  0.10420038E+03, -0.11976790E+01,  0.60428256E-03, -0.28316946E-02,  0.15054643E-03
    1423.,  0.72678168E+01,  0.10380643E+03, -0.11976790E+01,  0.74601128E-03, -0.29613217E-02,  0.15181603E-03
    1424.,  0.71857075E+01,  0.10337620E+03, -0.11976790E+01,  0.87929197E-03, -0.30895572E-02,  0.15371148E-03
    1425.,  0.71555280E+01,  0.10292529E+03, -0.11976790E+01,  0.98448192E-03, -0.32179181E-02,  0.15546501E-03
    1426.,  0.71812629E+01,  0.10247354E+03, -0.11976790E+01,  0.10440515E-02, -0.33506324E-02,  0.15581336E-03
    1427.,  0.72595040E+01,  0.10204100E+03, -0.11976790E+01,  0.10515677E-02, -0.34901601E-02,  0.15557086E-03
    1428.,  0.73806238E+01,  0.10164370E+03, -0.11976790E+01,  0.10166331E-02, -0.36320827E-02,  0.15716431E-03
    1429.,  0.75317654E+01,  0.10129132E+03, -0.11976790E+01,  0.96046845E-03, -0.37661937E-02,  0.16119129E-03
    1430.,  0.77000203E+01,  0.10098709E+03, -0.11976790E+01,  0.90392929E-03, -0.38825521E-02,  0.16767383E-03
    1431.,  0.78745632E+01,  0.10072937E+03, -0.11976790E+01,  0.85895789E-03, -0.39753501E-02,  0.17032097E-03
    1432.,  0.80474698E+01,  0.10051366E+03, -0.11976790E+01,  0.82787345E-03, -0.40425684E-02,  0.17019154E-03
    1433.,  0.78750147E+01,  0.99999043E+02, -0.11976790E+01,  0.93396910E-03, -0.43094782E-02,  0.45757527E-03
    1434.,  0.80750825E+01,  0.99809983E+02, -0.11976790E+01,  0.92172353E-03, -0.43525445E-02,  0.30756579E-03
    1435.,  0.83164240E+01,  0.99612383E+02, -0.11976790E+01,  0.96826491E-03, -0.43183111E-02,  0.21474838E-03
    1436.,  0.86058599E+01,  0.99411925E+02, -0.11976790E+01,  0.10531154E-02, -0.41987488E-02,  0.17809737E-03
    1437.,  0.89489891E+01,  0.99217552E+02, -0.11976790E+01,  0.11678288E-02, -0.39697526E-02,  0.15774446E-03
    1438.,  0.93482222E+01,  0.99041709E+02, -0.11976790E+01,  0.12909650E-02, -0.36302041E-02,  0.15301068E-03
    1439.,  0.98003546E+01,  0.98899506E+02, -0.11976790E+01,  0.13968729E-02, -0.32300657E-02,  0.15553766E-03
    1440.,  0.10294579E+02,  0.98806262E+02, -0.11976790E+01,  0.14605724E-02, -0.28865597E-02,  0.15702205E-03
    1441.,  0.10812349E+02,  0.98773704E+02, -0.11976790E+01,  0.14651936E-02, -0.27302564E-02,  0.14396915E-03
    1442.,  0.11330119E+02,  0.98806262E+02, -0.11976790E+01,  0.14125074E-02, -0.27857867E-02,  0.14280290E-03
    1443.,  0.11824343E+02,  0.98899506E+02, -0.11976790E+01,  0.13285663E-02, -0.29526578E-02,  0.14364142E-03
    1444.,  0.12276476E+02,  0.99041709E+02, -0.11976790E+01,  0.12355455E-02, -0.31043095E-02,  0.13991426E-03
    1445.,  0.12675709E+02,  0.99217552E+02, -0.11976790E+01,  0.11433944E-02, -0.31711433E-02,  0.12448252E-03
    1446.,  0.13018838E+02,  0.99411925E+02, -0.11976790E+01,  0.10476329E-02, -0.31480739E-02,  0.12051640E-03
    1447.,  0.13308274E+02,  0.99612383E+02, -0.11976790E+01,  0.94687417E-03, -0.30643917E-02,  0.10062454E-03
    1448.,  0.13549615E+02,  0.99809983E+02, -0.11976790E+01,  0.83048963E-03, -0.29415773E-02,  0.12523073E-03
    1449.,  0.13749683E+02,  0.99999043E+02, -0.11976790E+01,  0.71519177E-03, -0.28076057E-02,  0.69341767E-04
    1450.,  0.13937449E+02,  0.10020184E+03, -0.11976790E+01,  0.58779540E-03, -0.26517229E-02,  0.14471722E-03
    1451.,  0.14132883E+02,  0.10044566E+03, -0.11976790E+01,  0.43990878E-03, -0.24699246E-02,  0.14729519E-03
    1452.,  0.14330166E+02,  0.10073695E+03, -0.11976790E+01,  0.27385860E-03, -0.22741185E-02,  0.14863653E-03
    1453.,  0.14520342E+02,  0.10108082E+03, -0.11976790E+01,  0.97418523E-04, -0.20721056E-02,  0.14548017E-03
    1454.,  0.14691175E+02,  0.10147911E+03, -0.11976790E+01, -0.70769331E-04, -0.18837911E-02,  0.14636295E-03
    1455.,  0.14828075E+02,  0.10192817E+03, -0.11976790E+01, -0.21172103E-03, -0.17271926E-02,  0.14824423E-03
    1456.,  0.14916509E+02,  0.10241707E+03, -0.11976790E+01, -0.31342468E-03, -0.16105050E-02,  0.14874839E-03
    1457.,  0.14945597E+02,  0.10292767E+03, -0.11976790E+01, -0.37471783E-03, -0.15285145E-02,  0.14858814E-03
    1458.,  0.14911486E+02,  0.10343733E+03, -0.11976790E+01, -0.40285404E-03, -0.14689176E-02,  0.14897274E-03
    1459.,  0.14818679E+02,  0.10392361E+03, -0.11976790E+01, -0.40882265E-03, -0.14203802E-02,  0.14937434E-03
    1460.,  0.14678492E+02,  0.10436889E+03, -0.11976790E+01, -0.40287247E-03, -0.13766404E-02,  0.14968950E-03
    1461.,  0.14505584E+02,  0.10476285E+03, -0.11976790E+01, -0.39233774E-03, -0.13359074E-02,  0.14983717E-03
    1462.,  0.14314426E+02,  0.10510237E+03, -0.11976790E+01, -0.38148501E-03, -0.12985840E-02,  0.14989681E-03
    1463.,  0.14117005E+02,  0.10538963E+03, -0.11976790E+01, -0.37232412E-03, -0.12654725E-02,  0.14992225E-03
    1464.,  0.13922011E+02,  0.10562990E+03, -0.11976790E+01, -0.36549284E-03, -0.12370394E-02,  0.14993800E-03
    1465.,  0.13735033E+02,  0.10582969E+03, -0.11976790E+01, -0.36092342E-03, -0.12133038E-02,  0.14994768E-03
    1466.,  0.13534146E+02,  0.10601763E+03, -0.11976790E+01, -0.35801057E-03, -0.11914457E-02,  0.14994685E-03
    1467.,  0.13292329E+02,  0.10621364E+03, -0.11976790E+01, -0.35696395E-03, -0.11700379E-02,  0.14994930E-03
    1468.,  0.13002994E+02,  0.10641204E+03, -0.11976790E+01, -0.35872123E-03, -0.11514947E-02,  0.14995155E-03
    1469.,  0.12660817E+02,  0.10660394E+03, -0.11976790E+01, -0.36415145E-03, -0.11398065E-02,  0.14995197E-03
    1470.,  0.12263647E+02,  0.10677713E+03, -0.11976790E+01, -0.37356279E-03, -0.11408745E-02,  0.14995171E-03
    1471.,  0.11814821E+02,  0.10691689E+03, -0.11976790E+01, -0.38594022E-03, -0.11622422E-02,  0.14995059E-03
    1472.,  0.11325022E+02,  0.10700839E+03, -0.11976790E+01, -0.39820543E-03, -0.12116054E-02,  0.14994829E-03
    1473.,  0.10812349E+02,  0.10704030E+03, -0.11976790E+01, -0.40517600E-03, -0.12940009E-02,  0.14994466E-03
    1474.,  0.10299676E+02,  0.10700839E+03, -0.11976790E+01, -0.40085040E-03, -0.14088871E-02,  0.14993998E-03
    1475.,  0.98098764E+01,  0.10691689E+03, -0.11976790E+01, -0.38066909E-03, -0.15492624E-02,  0.14993493E-03
    1476.,  0.93610504E+01,  0.10677713E+03, -0.11976790E+01, -0.34330568E-03, -0.17038328E-02,  0.14993047E-03
    1477.,  0.89638810E+01,  0.10660394E+03, -0.11976790E+01, -0.29080962E-03, -0.18607952E-02,  0.14992782E-03
    1478.,  0.86217043E+01,  0.10641204E+03, -0.11976790E+01, -0.22733617E-03, -0.20108471E-02,  0.14992772E-03
    1479.,  0.83323689E+01,  0.10621364E+03, -0.11976790E+01, -0.15755329E-03, -0.21482891E-02,  0.14993580E-03
    1480.,  0.80905518E+01,  0.10601763E+03, -0.11976790E+01, -0.85546913E-04, -0.22706262E-02,  0.14995053E-03
    1481.,  0.78896645E+01,  0.10582969E+03, -0.11976790E+01, -0.14360969E-04, -0.23775830E-02,  0.14995270E-03
    1482.,  0.77026871E+01,  0.10562990E+03, -0.11976790E+01,  0.63014370E-04, -0.24817355E-02,  0.14999057E-03
    1483.,  0.75076928E+01,  0.10538963E+03, -0.11976790E+01,  0.15767045E-03, -0.25955689E-02,  0.15005081E-03
    1484.,  0.73102719E+01,  0.10510237E+03, -0.11976790E+01,  0.27207367E-03, -0.27172996E-02,  0.15014870E-03
    1485.,  0.71191136E+01,  0.10476285E+03, -0.11976790E+01,  0.40732269E-03, -0.28436930E-02,  0.15038138E-03
    1486.,  0.69462061E+01,  0.10436889E+03, -0.11976790E+01,  0.56129522E-03, -0.29704147E-02,  0.15069307E-03
    1487.,  0.68060189E+01,  0.10392361E+03, -0.11976790E+01,  0.72622858E-03, -0.30934232E-02,  0.15108714E-03
    1488.,  0.67132120E+01,  0.10343733E+03, -0.11976790E+01,  0.88685637E-03, -0.32117787E-02,  0.15113290E-03
    1489.,  0.66791006E+01,  0.10292767E+03, -0.11976790E+01,  0.10218714E-02, -0.33305545E-02,  0.14994374E-03
    1490.,  0.67081884E+01,  0.10241707E+03, -0.11976790E+01,  0.11100728E-02, -0.34599777E-02,  0.15086777E-03
    1491.,  0.67966230E+01,  0.10192817E+03, -0.11976790E+01,  0.11396212E-02, -0.36072484E-02,  0.15337768E-03
    1492.,  0.69335230E+01,  0.10147911E+03, -0.11976790E+01,  0.11163179E-02, -0.37681424E-02,  0.15274136E-03
    1493.,  0.71043560E+01,  0.10108082E+03, -0.11976790E+01,  0.10631971E-02, -0.39247433E-02,  0.15346114E-03
    1494.,  0.72945319E+01,  0.10073695E+03, -0.11976790E+01,  0.10091819E-02, -0.40583340E-02,  0.16382366E-03
    1495.,  0.74918150E+01,  0.10044566E+03, -0.11976790E+01,  0.97150821E-03, -0.41635376E-02,  0.19475550E-03
    1496.,  0.76872487E+01,  0.10020184E+03, -0.11976790E+01,  0.95195007E-03, -0.42449593E-02,  0.26074334E-03
    1497.,  0.75364368E+01,  0.99663851E+02, -0.11976790E+01,  0.10244375E-02, -0.45952453E-02, -0.11188467E-02
    1498.,  0.77595659E+01,  0.99452998E+02, -0.11976790E+01,  0.10630896E-02, -0.46799156E-02, -0.68729789E-03
    1499.,  0.80287260E+01,  0.99232622E+02, -0.11976790E+01,  0.11709687E-02, -0.46676095E-02, -0.27766145E-03
    1500.,  0.83515244E+01,  0.99009058E+02, -0.11976790E+01,  0.13344054E-02, -0.45547388E-02, -0.12841150E-03
    1501.,  0.87342051E+01,  0.98792279E+02, -0.11976790E+01,  0.15192727E-02, -0.42987368E-02, -0.30144012E-05
    1502.,  0.91794566E+01,  0.98596168E+02, -0.11976790E+01,  0.16794883E-02, -0.38723920E-02,  0.72043550E-04
    1503.,  0.96837050E+01,  0.98437574E+02, -0.11976790E+01,  0.17836661E-02, -0.33205253E-02,  0.10333488E-03
    1504.,  0.10234897E+02,  0.98333582E+02, -0.11976790E+01,  0.18108408E-02, -0.28298159E-02,  0.15502764E-03
    1505.,  0.10812349E+02,  0.98297271E+02, -0.11976790E+01,  0.17249958E-02, -0.26506112E-02,  0.25316389E-03
    1506.,  0.11389801E+02,  0.98333582E+02, -0.11976790E+01,  0.15533148E-02, -0.28023233E-02,  0.27725044E-03
    1507.,  0.11940993E+02,  0.98437574E+02, -0.11976790E+01,  0.13701924E-02, -0.30886058E-02,  0.27997790E-03
    1508.,  0.12445241E+02,  0.98596168E+02, -0.11976790E+01,  0.12355971E-02, -0.33105974E-02,  0.32142651E-03
    1509.,  0.12890493E+02,  0.98792279E+02, -0.11976790E+01,  0.11383032E-02, -0.33838491E-02,  0.41839894E-03
    1510.,  0.13273173E+02,  0.99009058E+02, -0.11976790E+01,  0.10580717E-02, -0.33374798E-02,  0.48339357E-03
    1511.,  0.13595972E+02,  0.99232622E+02, -0.11976790E+01,  0.96850774E-03, -0.32033945E-02,  0.54231064E-03
    1512.,  0.13865132E+02,  0.99452998E+02, -0.11976790E+01,  0.88394522E-03, -0.30541151E-02,  0.49184088E-03
    1513.,  0.14088261E+02,  0.99663851E+02, -0.11976790E+01,  0.74664100E-03, -0.28603687E-02,  0.59432706E-03
    1514.,  0.14297670E+02,  0.99890023E+02, -0.11976790E+01,  0.60349117E-03, -0.26574531E-02,  0.30972964E-03
    1515.,  0.14515631E+02,  0.10016195E+03, -0.11976790E+01,  0.44750762E-03, -0.24492104E-02,  0.23161264E-03
    1516.,  0.14735654E+02,  0.10048681E+03, -0.11976790E+01,  0.26479246E-03, -0.22149899E-02,  0.20969667E-03
    1517.,  0.14947751E+02,  0.10087032E+03, -0.11976790E+01,  0.74934604E-04, -0.19804185E-02,  0.20357733E-03
    1518.,  0.15138276E+02,  0.10131452E+03, -0.11976790E+01, -0.97847874E-04, -0.17731389E-02,  0.19892854E-03
    1519.,  0.15290956E+02,  0.10181534E+03, -0.11976790E+01, -0.23330787E-03, -0.16171972E-02,  0.19652344E-03
    1520.,  0.15389584E+02,  0.10236060E+03, -0.11976790E+01, -0.32603096E-03, -0.15152828E-02,  0.19064654E-03
    1521.,  0.15422025E+02,  0.10293005E+03, -0.11976790E+01, -0.38029231E-03, -0.14534275E-02,  0.17461511E-03
    1522.,  0.15383981E+02,  0.10349846E+03, -0.11976790E+01, -0.40583443E-03, -0.14127123E-02,  0.15836021E-03
    1523.,  0.15280477E+02,  0.10404079E+03, -0.11976790E+01, -0.41325447E-03, -0.13790562E-02,  0.15126980E-03
    1524.,  0.15124131E+02,  0.10453740E+03, -0.11976790E+01, -0.41097808E-03, -0.13459752E-02,  0.14934086E-03
    1525.,  0.14931293E+02,  0.10497677E+03, -0.11976790E+01, -0.40474779E-03, -0.13126625E-02,  0.14897986E-03
    1526.,  0.14718100E+02,  0.10535542E+03, -0.11976790E+01, -0.39815297E-03, -0.12804427E-02,  0.14904414E-03
    1527.,  0.14497923E+02,  0.10567579E+03, -0.11976790E+01, -0.39303885E-03, -0.12507792E-02,  0.14920169E-03
    1528.,  0.14280452E+02,  0.10594376E+03, -0.11976790E+01, -0.39003256E-03, -0.12246205E-02,  0.14932417E-03
    1529.,  0.14071923E+02,  0.10616658E+03, -0.11976790E+01, -0.38908490E-03, -0.12023702E-02,  0.14942554E-03
    1530.,  0.13847880E+02,  0.10637618E+03, -0.11976790E+01, -0.39009995E-03, -0.11815811E-02,  0.14954745E-03
    1531.,  0.13578189E+02,  0.10659479E+03, -0.11976790E+01, -0.39389934E-03, -0.11610016E-02,  0.14965586E-03
    1532.,  0.13255503E+02,  0.10681605E+03, -0.11976790E+01, -0.40171301E-03, -0.11431182E-02,  0.14974655E-03
    1533.,  0.12873884E+02,  0.10703007E+03, -0.11976790E+01, -0.41471058E-03, -0.11321677E-02,  0.14982370E-03
    1534.,  0.12430934E+02,  0.10722323E+03, -0.11976790E+01, -0.43341387E-03, -0.11346177E-02,  0.14988498E-03
    1535.,  0.11930373E+02,  0.10737910E+03, -0.11976790E+01, -0.45677179E-03, -0.11589934E-02,  0.14993102E-03
    1536.,  0.11384116E+02,  0.10748114E+03, -0.11976790E+01, -0.48118023E-03, -0.12142623E-02,  0.14996933E-03
    1537.,  0.10812349E+02,  0.10751674E+03, -0.11976790E+01, -0.50031405E-03, -0.13065311E-02,  0.15001766E-03
    1538.,  0.10240582E+02,  0.10748114E+03, -0.11976790E+01, -0.50664327E-03, -0.14354433E-02,  0.15009566E-03
    1539.,  0.96943244E+01,  0.10737910E+03, -0.11976790E+01, -0.49427951E-03, -0.15929740E-02,  0.15020723E-03
    1540.,  0.91937635E+01,  0.10722323E+03, -0.11976790E+01, -0.46129288E-03, -0.17659944E-02,  0.15033279E-03
    1541.,  0.87508135E+01,  0.10703007E+03, -0.11976790E+01, -0.40992880E-03, -0.19408525E-02,  0.15044389E-03
    1542.,  0.83691952E+01,  0.10681605E+03, -0.11976790E+01, -0.34502416E-03, -0.21069714E-02,  0.15052204E-03
    1543.,  0.80465089E+01,  0.10659479E+03, -0.11976790E+01, -0.27205846E-03, -0.22580643E-02,  0.15055583E-03
    1544.,  0.77768183E+01,  0.10637618E+03, -0.11976790E+01, -0.19581182E-03, -0.23915666E-02,  0.15056508E-03
    1545.,  0.75527752E+01,  0.10616658E+03, -0.11976790E+01, -0.11986233E-03, -0.25074210E-02,  0.15057967E-03
    1546.,  0.73442455E+01,  0.10594376E+03, -0.11976790E+01, -0.36837082E-04, -0.26193488E-02,  0.15042222E-03
    1547.,  0.71267748E+01,  0.10567579E+03, -0.11976790E+01,  0.65280223E-04, -0.27405410E-02,  0.15006449E-03
    1548.,  0.69065978E+01,  0.10535542E+03, -0.11976790E+01,  0.18951929E-03, -0.28685100E-02,  0.14929838E-03
    1549.,  0.66934053E+01,  0.10497677E+03, -0.11976790E+01,  0.33786530E-03, -0.29990281E-02,  0.14734801E-03
    1550.,  0.65005672E+01,  0.10453740E+03, -0.11976790E+01,  0.50974855E-03, -0.31264526E-02,  0.14254189E-03
    1551.,  0.63442210E+01,  0.10404079E+03, -0.11976790E+01,  0.69899010E-03, -0.32456973E-02,  0.13063290E-03
    1552.,  0.62407166E+01,  0.10349846E+03, -0.11976790E+01,  0.89077811E-03, -0.33550084E-02,  0.11361169E-03
    1553.,  0.62026732E+01,  0.10293005E+03, -0.11976790E+01,  0.10622914E-02, -0.34604147E-02,  0.10458049E-03
    1554.,  0.62351139E+01,  0.10236060E+03, -0.11976790E+01,  0.11895058E-02, -0.35796532E-02,  0.98990738E-04
    1555.,  0.63337421E+01,  0.10181534E+03, -0.11976790E+01,  0.12503168E-02, -0.37318541E-02,  0.91716849E-04
    1556.,  0.64864221E+01,  0.10131452E+03, -0.11976790E+01,  0.12403013E-02, -0.39150511E-02,  0.82474019E-04
    1557.,  0.66769466E+01,  0.10087032E+03, -0.11976790E+01,  0.11842354E-02, -0.41077150E-02,  0.54176916E-04
    1558.,  0.68890434E+01,  0.10048681E+03, -0.11976790E+01,  0.11201492E-02, -0.42728781E-02, -0.28161704E-04
    1559.,  0.71090668E+01,  0.10016195E+03, -0.11976790E+01,  0.10798543E-02, -0.43849865E-02, -0.19507166E-03
    1560.,  0.73270276E+01,  0.99890023E+02, -0.11976790E+01,  0.10667122E-02, -0.44595778E-02, -0.54490208E-03
    1561.,  0.71978590E+01,  0.99328659E+02, -0.11976790E+01,  0.10760225E-02, -0.52766990E-02,  0.32620839E-02
    1562.,  0.74440493E+01,  0.99096014E+02, -0.11976790E+01,  0.11879364E-02, -0.54371970E-02,  0.23332343E-02
    1563.,  0.77410281E+01,  0.98852860E+02, -0.11976790E+01,  0.14961879E-02, -0.53137796E-02,  0.14588455E-02
    1564.,  0.80971889E+01,  0.98606190E+02, -0.11976790E+01,  0.17942779E-02, -0.50737172E-02,  0.12037005E-02
    1565.,  0.85194211E+01,  0.98367007E+02, -0.11976790E+01,  0.20781905E-02, -0.47487361E-02,  0.74175157E-03
    1566.,  0.90106911E+01,  0.98150627E+02, -0.11976790E+01,  0.22971600E-02, -0.42564095E-02,  0.41535677E-03
    1567.,  0.95670554E+01,  0.97975642E+02, -0.11976790E+01,  0.23990856E-02, -0.35038960E-02,  0.28983659E-03
    1568.,  0.10175215E+02,  0.97860901E+02, -0.11976790E+01,  0.23309880E-02, -0.27615241E-02,  0.92323030E-04
    1569.,  0.10812349E+02,  0.97820837E+02, -0.11976790E+01,  0.20260152E-02, -0.25890322E-02, -0.25103060E-03
    1570.,  0.11449483E+02,  0.97860901E+02, -0.11976790E+01,  0.15626185E-02, -0.29113133E-02, -0.33460668E-03
    1571.,  0.12057642E+02,  0.97975642E+02, -0.11976790E+01,  0.12103461E-02, -0.33514446E-02, -0.35001282E-03
    1572.,  0.12614007E+02,  0.98150627E+02, -0.11976790E+01,  0.10473047E-02, -0.36462736E-02, -0.52875126E-03
    1573.,  0.13105277E+02,  0.98367007E+02, -0.11976790E+01,  0.10073817E-02, -0.37451235E-02, -0.82627667E-03
    1574.,  0.13527509E+02,  0.98606190E+02, -0.11976790E+01,  0.99819423E-03, -0.36864795E-02, -0.10424258E-02
    1575.,  0.13883670E+02,  0.98852860E+02, -0.11976790E+01,  0.96048505E-03, -0.35039600E-02, -0.11342968E-02
    1576.,  0.14180649E+02,  0.99096014E+02, -0.11976790E+01,  0.90990135E-03, -0.32601336E-02, -0.10693143E-02
    1577.,  0.14426839E+02,  0.99328659E+02, -0.11976790E+01,  0.83206289E-03, -0.29943858E-02, -0.12521614E-02
    1578.,  0.14657891E+02,  0.99578206E+02, -0.11976790E+01,  0.62955760E-03, -0.26700657E-02, -0.48726632E-03
    1579.,  0.14898379E+02,  0.99878234E+02, -0.11976790E+01,  0.46499951E-03, -0.24032071E-02, -0.15466862E-03
    1580.,  0.15141143E+02,  0.10023668E+03, -0.11976790E+01,  0.26322412E-03, -0.21220269E-02, -0.61611047E-04
    1581.,  0.15375161E+02,  0.10065982E+03, -0.11976790E+01,  0.49584670E-04, -0.18494909E-02, -0.17551223E-04
    1582.,  0.15585377E+02,  0.10114993E+03, -0.11976790E+01, -0.12770312E-03, -0.16361390E-02, -0.75025509E-05
    1583.,  0.15753837E+02,  0.10170252E+03, -0.11976790E+01, -0.25403330E-03, -0.15001649E-02, -0.18253874E-04
    1584.,  0.15862658E+02,  0.10230412E+03, -0.11976790E+01, -0.33467638E-03, -0.14287515E-02, -0.23890486E-05
    1585.,  0.15898452E+02,  0.10293243E+03, -0.11976790E+01, -0.37985866E-03, -0.13949867E-02,  0.66609532E-04
    1586.,  0.15856477E+02,  0.10355959E+03, -0.11976790E+01, -0.40276201E-03, -0.13742394E-02,  0.12825707E-03
    1587.,  0.15742275E+02,  0.10415797E+03, -0.11976790E+01, -0.41312109E-03, -0.13522044E-02,  0.14978744E-03
    1588.,  0.15569770E+02,  0.10470590E+03, -0.11976790E+01, -0.41603819E-03, -0.13260491E-02,  0.15402767E-03
    1589.,  0.15357001E+02,  0.10519069E+03, -0.11976790E+01, -0.41528385E-03, -0.12973793E-02,  0.15423322E-03
    1590.,  0.15121774E+02,  0.10560847E+03, -0.11976790E+01, -0.41379529E-03, -0.12685201E-02,  0.15349171E-03
    1591.,  0.14878841E+02,  0.10596196E+03, -0.11976790E+01, -0.41335329E-03, -0.12413226E-02,  0.15269973E-03
    1592.,  0.14638894E+02,  0.10625762E+03, -0.11976790E+01, -0.41463290E-03, -0.12169075E-02,  0.15217329E-03
    1593.,  0.14408812E+02,  0.10650347E+03, -0.11976790E+01, -0.41761835E-03, -0.11958030E-02,  0.15176330E-03
    1594.,  0.14161613E+02,  0.10673473E+03, -0.11976790E+01, -0.42275094E-03, -0.11758811E-02,  0.15131808E-03
    1595.,  0.13864049E+02,  0.10697594E+03, -0.11976790E+01, -0.43155588E-03, -0.11559830E-02,  0.15091810E-03
    1596.,  0.13508012E+02,  0.10722006E+03, -0.11976790E+01, -0.44556669E-03, -0.11386090E-02,  0.15059445E-03
    1597.,  0.13086952E+02,  0.10745621E+03, -0.11976790E+01, -0.46628073E-03, -0.11281536E-02,  0.15032898E-03
    1598.,  0.12598221E+02,  0.10766933E+03, -0.11976790E+01, -0.49458399E-03, -0.11316018E-02,  0.15012238E-03
    1599.,  0.12045926E+02,  0.10784131E+03, -0.11976790E+01, -0.52960767E-03, -0.11585247E-02,  0.14997413E-03
    1600.,  0.11443210E+02,  0.10795389E+03, -0.11976790E+01, -0.56737298E-03, -0.12194135E-02,  0.14985769E-03
    1601.,  0.10812349E+02,  0.10799317E+03, -0.11976790E+01, -0.60029168E-03, -0.13218004E-02,  0.14970442E-03
    1602.,  0.10181488E+02,  0.10795389E+03, -0.11976790E+01, -0.61888443E-03, -0.14657242E-02,  0.14943267E-03
    1603.,  0.95787723E+01,  0.10784131E+03, -0.11976790E+01, -0.61548588E-03, -0.16420215E-02,  0.14901918E-03
    1604.,  0.90264766E+01,  0.10766933E+03, -0.11976790E+01, -0.58739730E-03, -0.18353830E-02,  0.14853456E-03
    1605.,  0.85377461E+01,  0.10745621E+03, -0.11976790E+01, -0.53720203E-03, -0.20299908E-02,  0.14808356E-03
    1606.,  0.81166860E+01,  0.10722006E+03, -0.11976790E+01, -0.47067372E-03, -0.22138496E-02,  0.14773632E-03
    1607.,  0.77606489E+01,  0.10697594E+03, -0.11976790E+01, -0.39427889E-03, -0.23801104E-02,  0.14750811E-03
    1608.,  0.74630848E+01,  0.10673473E+03, -0.11976790E+01, -0.31363493E-03, -0.25261912E-02,  0.14731274E-03
    1609.,  0.72158860E+01,  0.10650347E+03, -0.11976790E+01, -0.23282327E-03, -0.26522843E-02,  0.14710981E-03
    1610.,  0.69858039E+01,  0.10625762E+03, -0.11976790E+01, -0.14420355E-03, -0.27735159E-02,  0.14736864E-03
    1611.,  0.67458568E+01,  0.10596196E+03, -0.11976790E+01, -0.34840987E-04, -0.29039980E-02,  0.14814177E-03
    1612.,  0.65029237E+01,  0.10560847E+03, -0.11976790E+01,  0.98785989E-04, -0.30408629E-02,  0.15009613E-03
    1613.,  0.62676969E+01,  0.10519069E+03, -0.11976790E+01,  0.25947217E-03, -0.31790843E-02,  0.15544438E-03
    1614.,  0.60549283E+01,  0.10470590E+03, -0.11976790E+01,  0.44834461E-03, -0.33114188E-02,  0.16964811E-03
    1615.,  0.58824231E+01,  0.10415797E+03, -0.11976790E+01,  0.66297804E-03, -0.34298388E-02,  0.21133979E-03
    1616.,  0.57682211E+01,  0.10355959E+03, -0.11976790E+01,  0.88932529E-03, -0.35303707E-02,  0.28179411E-03
    1617.,  0.57262458E+01,  0.10293243E+03, -0.11976790E+01,  0.10997052E-02, -0.36135637E-02,  0.32724576E-03
    1618.,  0.57620394E+01,  0.10230412E+03, -0.11976790E+01,  0.12741614E-02, -0.37020611E-02,  0.33605508E-03
    1619.,  0.58708612E+01,  0.10170252E+03, -0.11976790E+01,  0.13806722E-02, -0.38406911E-02,  0.34810209E-03
    1620.,  0.60393212E+01,  0.10114993E+03, -0.11976790E+01,  0.13830756E-02, -0.40478184E-02,  0.37875838E-03
    1621.,  0.62495371E+01,  0.10065982E+03, -0.11976790E+01,  0.13167787E-02, -0.42799100E-02,  0.50108200E-03
    1622.,  0.64835550E+01,  0.10023668E+03, -0.11976790E+01,  0.12252110E-02, -0.45104016E-02,  0.88647487E-03
    1623.,  0.67263186E+01,  0.99878234E+02, -0.11976790E+01,  0.11441346E-02, -0.47419607E-02,  0.13386611E-02
    1624.,  0.69668064E+01,  0.99578206E+02, -0.11976790E+01,  0.11300266E-02, -0.49779812E-02,  0.21410781E-02
    1625.,  0.68592811E+01,  0.98993467E+02, -0.11976790E+01,  0.13332093E-02, -0.76430458E-02, -0.49816721E-02
    1626.,  0.71285326E+01,  0.98739029E+02, -0.11976790E+01,  0.19089549E-02, -0.75279002E-02, -0.34682595E-02
    1627.,  0.74533302E+01,  0.98473099E+02, -0.11976790E+01,  0.24556219E-02, -0.73573054E-02, -0.21800310E-02
    1628.,  0.78428534E+01,  0.98203323E+02, -0.11976790E+01,  0.29959267E-02, -0.66667773E-02, -0.19129852E-02
    1629.,  0.83046371E+01,  0.97941735E+02, -0.11976790E+01,  0.32732586E-02, -0.58582769E-02, -0.99868879E-03
    1630.,  0.88419255E+01,  0.97705086E+02, -0.11976790E+01,  0.33638600E-02, -0.49180868E-02, -0.33136969E-03
    1631.,  0.94504058E+01,  0.97513709E+02, -0.11976790E+01,  0.33769210E-02, -0.38547742E-02, -0.46908303E-04
    1632.,  0.10115533E+02,  0.97388221E+02, -0.11976790E+01,  0.31740771E-02, -0.26951674E-02,  0.37021607E-03
    1633.,  0.10812349E+02,  0.97344404E+02, -0.11976790E+01,  0.24762830E-02, -0.25222426E-02,  0.10308674E-02
    1634.,  0.11509165E+02,  0.97388221E+02, -0.11976790E+01,  0.13093949E-02, -0.34321321E-02,  0.11725174E-02
    1635.,  0.12174292E+02,  0.97513709E+02, -0.11976790E+01,  0.56944082E-03, -0.41376682E-02,  0.12431366E-02
    1636.,  0.12782772E+02,  0.97705086E+02, -0.11976790E+01,  0.33701851E-03, -0.46293876E-02,  0.15156926E-02
    1637.,  0.13320061E+02,  0.97941735E+02, -0.11976790E+01,  0.45073918E-03, -0.49729957E-02,  0.20939789E-02
    1638.,  0.13781845E+02,  0.98203323E+02, -0.11976790E+01,  0.67693917E-03, -0.49273006E-02,  0.25372939E-02
    1639.,  0.14171368E+02,  0.98473099E+02, -0.11976790E+01,  0.81613717E-03, -0.46125929E-02,  0.25604672E-02
    1640.,  0.14496165E+02,  0.98739029E+02, -0.11976790E+01,  0.81560457E-03, -0.39976918E-02,  0.24250282E-02
    1641.,  0.14765417E+02,  0.98993467E+02, -0.11976790E+01,  0.87540556E-03, -0.36467153E-02,  0.27463998E-02
    1642.,  0.15018113E+02,  0.99266390E+02, -0.11976790E+01,  0.68211163E-03, -0.27423997E-02,  0.13527604E-02
    1643.,  0.15281127E+02,  0.99594522E+02, -0.11976790E+01,  0.54927203E-03, -0.23124175E-02,  0.71858882E-03
    1644.,  0.15546631E+02,  0.99986544E+02, -0.11976790E+01,  0.28851059E-03, -0.19467216E-02,  0.51800076E-03
    1645.,  0.15802570E+02,  0.10044932E+03, -0.11976790E+01,  0.37500663E-04, -0.16613876E-02,  0.33734577E-03
    1646.,  0.16032478E+02,  0.10098534E+03, -0.11976790E+01, -0.15305160E-03, -0.14721209E-02,  0.35014046E-03
    1647.,  0.16216718E+02,  0.10158969E+03, -0.11976790E+01, -0.26520541E-03, -0.13818016E-02,  0.44042026E-03
    1648.,  0.16335733E+02,  0.10224765E+03, -0.11976790E+01, -0.33514342E-03, -0.13621635E-02,  0.42460021E-03
    1649.,  0.16374879E+02,  0.10293482E+03, -0.11976790E+01, -0.37211599E-03, -0.13657124E-02,  0.26314208E-03
    1650.,  0.16328972E+02,  0.10362072E+03, -0.11976790E+01, -0.39519374E-03, -0.13604828E-02,  0.16021752E-03
    1651.,  0.16204073E+02,  0.10427515E+03, -0.11976790E+01, -0.41061135E-03, -0.13434704E-02,  0.14078746E-03
    1652.,  0.16015409E+02,  0.10487441E+03, -0.11976790E+01, -0.41973219E-03, -0.13194556E-02,  0.13815368E-03
    1653.,  0.15782709E+02,  0.10540461E+03, -0.11976790E+01, -0.42474692E-03, -0.12925083E-02,  0.14123755E-03
    1654.,  0.15525448E+02,  0.10586153E+03, -0.11976790E+01, -0.42843922E-03, -0.12652887E-02,  0.14341070E-03
    1655.,  0.15259759E+02,  0.10624812E+03, -0.11976790E+01, -0.43266515E-03, -0.12395246E-02,  0.14521480E-03
    1656.,  0.14997336E+02,  0.10657148E+03, -0.11976790E+01, -0.43825120E-03, -0.12163066E-02,  0.14627983E-03
    1657.,  0.14745701E+02,  0.10684036E+03, -0.11976790E+01, -0.44505620E-03, -0.11960170E-02,  0.14702388E-03
    1658.,  0.14475347E+02,  0.10709329E+03, -0.11976790E+01, -0.45421386E-03, -0.11764919E-02,  0.14779964E-03
    1659.,  0.14149909E+02,  0.10735708E+03, -0.11976790E+01, -0.46798483E-03, -0.11569389E-02,  0.14847956E-03
    1660.,  0.13760521E+02,  0.10762408E+03, -0.11976790E+01, -0.48812288E-03, -0.11396862E-02,  0.14900148E-03
    1661.,  0.13300019E+02,  0.10788234E+03, -0.11976790E+01, -0.51660972E-03, -0.11292145E-02,  0.14941427E-03
    1662.,  0.12765508E+02,  0.10811543E+03, -0.11976790E+01, -0.55496727E-03, -0.11329762E-02,  0.14972309E-03
    1663.,  0.12161478E+02,  0.10830352E+03, -0.11976790E+01, -0.60291468E-03, -0.11616935E-02,  0.14992151E-03
    1664.,  0.11502305E+02,  0.10842665E+03, -0.11976790E+01, -0.65641127E-03, -0.12277257E-02,  0.15005126E-03
    1665.,  0.10812349E+02,  0.10846960E+03, -0.11976790E+01, -0.70639436E-03, -0.13405207E-02,  0.15023651E-03
    1666.,  0.10122393E+02,  0.10842665E+03, -0.11976790E+01, -0.74055898E-03, -0.15008016E-02,  0.15063965E-03
    1667.,  0.94632203E+01,  0.10830352E+03, -0.11976790E+01, -0.74850273E-03, -0.16980851E-02,  0.15132255E-03
    1668.,  0.88591897E+01,  0.10811543E+03, -0.11976790E+01, -0.72640280E-03, -0.19143808E-02,  0.15216678E-03
    1669.,  0.83246786E+01,  0.10788234E+03, -0.11976790E+01, -0.67744538E-03, -0.21312496E-02,  0.15298597E-03
    1670.,  0.78641768E+01,  0.10762408E+03, -0.11976790E+01, -0.60879659E-03, -0.23350756E-02,  0.15366726E-03
    1671.,  0.74747889E+01,  0.10735708E+03, -0.11976790E+01, -0.52828349E-03, -0.25184368E-02,  0.15422748E-03
    1672.,  0.71493512E+01,  0.10709329E+03, -0.11976790E+01, -0.44245575E-03, -0.26789182E-02,  0.15481199E-03
    1673.,  0.68789968E+01,  0.10684036E+03, -0.11976790E+01, -0.35626380E-03, -0.28169605E-02,  0.15555402E-03
    1674.,  0.66273623E+01,  0.10657148E+03, -0.11976790E+01, -0.26138545E-03, -0.29489693E-02,  0.15573308E-03
    1675.,  0.63649388E+01,  0.10624812E+03, -0.11976790E+01, -0.14411575E-03, -0.30908742E-02,  0.15555350E-03
    1676.,  0.60992496E+01,  0.10586153E+03, -0.11976790E+01, -0.63108813E-06, -0.32395921E-02,  0.15447310E-03
    1677.,  0.58419885E+01,  0.10540461E+03, -0.11976790E+01,  0.17246007E-03, -0.33897013E-02,  0.14972521E-03
    1678.,  0.56092894E+01,  0.10487441E+03, -0.11976790E+01,  0.37763369E-03, -0.35330821E-02,  0.13355873E-03
    1679.,  0.54206252E+01,  0.10427515E+03, -0.11976790E+01,  0.61604179E-03, -0.36585106E-02,  0.78270484E-04
    1680.,  0.52957257E+01,  0.10362072E+03, -0.11976790E+01,  0.88074976E-03, -0.37506869E-02, -0.64428872E-04
    1681.,  0.52498185E+01,  0.10293482E+03, -0.11976790E+01,  0.11257941E-02, -0.37981174E-02, -0.19565778E-03
    1682.,  0.52889649E+01,  0.10224765E+03, -0.11976790E+01,  0.13514628E-02, -0.38327697E-02, -0.18190715E-03
    1683.,  0.54079803E+01,  0.10158969E+03, -0.11976790E+01,  0.15271345E-02, -0.39199159E-02, -0.13021662E-03
    1684.,  0.55922204E+01,  0.10098534E+03, -0.11976790E+01,  0.15591983E-02, -0.41284388E-02, -0.21456571E-03
    1685.,  0.58221277E+01,  0.10044932E+03, -0.11976790E+01,  0.15160754E-02, -0.44801661E-02, -0.45777472E-03
    1686.,  0.60780666E+01,  0.99986544E+02, -0.11976790E+01,  0.14226546E-02, -0.51082794E-02, -0.13293343E-02
    1687.,  0.63435704E+01,  0.99594522E+02, -0.11976790E+01,  0.13397524E-02, -0.59124451E-02, -0.20375973E-02
    1688.,  0.66065853E+01,  0.99266390E+02, -0.11976790E+01,  0.14762065E-02, -0.66998910E-02, -0.32054053E-02
    1689.,  0.62681257E+01,  0.98408223E+02, -0.11976790E+01,  0.39465081E-01,  0.15378334E-01, -0.29041177E+00
    1690.,  0.66487520E+01,  0.98196191E+02, -0.11976790E+01,  0.32475463E-01,  0.69426226E-02, -0.24168186E+00
    1691.,  0.70756666E+01,  0.97974583E+02, -0.11976790E+01,  0.27024027E-01,  0.17691415E-02, -0.19357355E+00
    1692.,  0.75565193E+01,  0.97749770E+02, -0.11976790E+01,  0.21710073E-01, -0.26534942E-02, -0.14196181E+00
    1693.,  0.80975891E+01,  0.97531779E+02, -0.11976790E+01,  0.16058884E-01, -0.58524242E-02, -0.91835725E-01
    1694.,  0.87015794E+01,  0.97334572E+02, -0.11976790E+01,  0.10491271E-01, -0.59452126E-02, -0.47944264E-01
    1695.,  0.93648963E+01,  0.97175092E+02, -0.11976790E+01,  0.64033896E-02, -0.39053196E-02, -0.19036241E-01
    1696.,  0.10075419E+02,  0.97070518E+02, -0.11976790E+01,  0.43342443E-02, -0.23026754E-02, -0.23619323E-02
    1697.,  0.10812349E+02,  0.97034004E+02, -0.11976790E+01,  0.31595844E-02, -0.21531189E-02,  0.12617917E-01
    1698.,  0.11549279E+02,  0.97070518E+02, -0.11976790E+01,  0.13903372E-03, -0.44781489E-02,  0.26823235E-01
    1699.,  0.12259802E+02,  0.97175092E+02, -0.11976790E+01, -0.37200700E-02, -0.50432780E-02,  0.42026973E-01
    1700.,  0.12923118E+02,  0.97334572E+02, -0.11976790E+01, -0.61903793E-02, -0.38689616E-02,  0.68179758E-01
    1701.,  0.13527109E+02,  0.97531779E+02, -0.11976790E+01, -0.80791342E-02, -0.14916167E-02,  0.10486753E+00
    1702.,  0.14068179E+02,  0.97749770E+02, -0.11976790E+01, -0.10588268E-01,  0.22184179E-02,  0.14327129E+00
    1703.,  0.14549031E+02,  0.97974583E+02, -0.11976790E+01, -0.13545904E-01,  0.69380869E-02,  0.17705897E+00
    1704.,  0.14975946E+02,  0.98196191E+02, -0.11976790E+01, -0.16585758E-01,  0.11686536E-01,  0.20485762E+00
    1705.,  0.15356572E+02,  0.98408223E+02, -0.11976790E+01, -0.19837121E-01,  0.17108911E-01,  0.22841508E+00
    1706.,  0.15567152E+02,  0.98791128E+02, -0.11976790E+01, -0.10132441E-01,  0.62613173E-02,  0.15238036E+00
    1707.,  0.15786331E+02,  0.99220040E+02, -0.11976790E+01, -0.45007041E-02,  0.11642575E-02,  0.91621582E-01
    1708.,  0.16007584E+02,  0.99702193E+02, -0.11976790E+01, -0.14806193E-02, -0.81730922E-03,  0.46668686E-01
    1709.,  0.16220867E+02,  0.10024331E+03, -0.11976790E+01, -0.53114204E-03, -0.11631234E-02,  0.21044298E-01
    1710.,  0.16412456E+02,  0.10084546E+03, -0.11976790E+01, -0.40079839E-03, -0.11843669E-02,  0.98838492E-02
    1711.,  0.16565989E+02,  0.10150455E+03, -0.11976790E+01, -0.34083547E-03, -0.12678773E-02,  0.53804225E-02
    1712.,  0.16665169E+02,  0.10220832E+03, -0.11976790E+01, -0.32927611E-03, -0.13370565E-02,  0.28964981E-02
    1713.,  0.16697791E+02,  0.10293643E+03, -0.11976790E+01, -0.36514708E-03, -0.13658254E-02,  0.12918240E-02
    1714.,  0.16659535E+02,  0.10366348E+03, -0.11976790E+01, -0.38871844E-03, -0.13630940E-02,  0.46162426E-03
    1715.,  0.16555452E+02,  0.10436432E+03, -0.11976790E+01, -0.40889912E-03, -0.13442371E-02,  0.17235957E-03
    1716.,  0.16398232E+02,  0.10501917E+03, -0.11976790E+01, -0.42344852E-03, -0.13186415E-02,  0.87705380E-04
    1717.,  0.16204316E+02,  0.10561647E+03, -0.11976790E+01, -0.43445264E-03, -0.12914129E-02,  0.65759512E-04
    1718.,  0.15989932E+02,  0.10615270E+03, -0.11976790E+01, -0.44509396E-03, -0.12649545E-02,  0.61994150E-04
    1719.,  0.15768524E+02,  0.10663033E+03, -0.11976790E+01, -0.45743481E-03, -0.12405905E-02,  0.62399261E-04
    1720.,  0.15549838E+02,  0.10705527E+03, -0.11976790E+01, -0.47215274E-03, -0.12191624E-02,  0.63391379E-04
    1721.,  0.15340142E+02,  0.10743480E+03, -0.11976790E+01, -0.48974860E-03, -0.12011666E-02,  0.63383628E-04
    1722.,  0.14958597E+02,  0.10764557E+03, -0.11976790E+01, -0.49876368E-03, -0.11823990E-02,  0.93595426E-04
    1723.,  0.14531149E+02,  0.10786540E+03, -0.11976790E+01, -0.51241858E-03, -0.11628228E-02,  0.11566867E-03
    1724.,  0.14050409E+02,  0.10808790E+03, -0.11976790E+01, -0.53281261E-03, -0.11449073E-02,  0.13087252E-03
    1725.,  0.13510408E+02,  0.10830312E+03, -0.11976790E+01, -0.56241828E-03, -0.11334106E-02,  0.14061836E-03
    1726.,  0.12908732E+02,  0.10849736E+03, -0.11976790E+01, -0.60345217E-03, -0.11363918E-02,  0.14632713E-03
    1727.,  0.12249123E+02,  0.10865410E+03, -0.11976790E+01, -0.65646631E-03, -0.11655318E-02,  0.14936902E-03
    1728.,  0.11543562E+02,  0.10875671E+03, -0.11976790E+01, -0.71819541E-03, -0.12344492E-02,  0.15116301E-03
    1729.,  0.10812349E+02,  0.10879250E+03, -0.11976790E+01, -0.78000354E-03, -0.13540543E-02,  0.15328369E-03
    1730.,  0.10081136E+02,  0.10875671E+03, -0.11976790E+01, -0.82943680E-03, -0.15266017E-02,  0.15743792E-03
    1731.,  0.93755751E+01,  0.10865410E+03, -0.11976790E+01, -0.85538378E-03, -0.17429417E-02,  0.16512431E-03
    1732.,  0.87159662E+01,  0.10849736E+03, -0.11976790E+01, -0.85302101E-03, -0.19858430E-02,  0.17703663E-03
    1733.,  0.81142903E+01,  0.10830312E+03, -0.11976790E+01, -0.82456239E-03, -0.22368238E-02,  0.19274587E-03
    1734.,  0.75742889E+01,  0.10808790E+03, -0.11976790E+01, -0.77641313E-03, -0.24815600E-02,  0.21083252E-03
    1735.,  0.70935489E+01,  0.10786540E+03, -0.11976790E+01, -0.71586406E-03, -0.27116661E-02,  0.22888097E-03
    1736.,  0.66661008E+01,  0.10764557E+03, -0.11976790E+01, -0.64916496E-03, -0.29237555E-02,  0.24307727E-03
    1737.,  0.62845555E+01,  0.10743480E+03, -0.11976790E+01, -0.58065769E-03, -0.31181117E-02,  0.24740408E-03
    1738.,  0.60748601E+01,  0.10705527E+03, -0.11976790E+01, -0.44636782E-03, -0.32297843E-02,  0.21041214E-03
    1739.,  0.58561738E+01,  0.10663033E+03, -0.11976790E+01, -0.29285075E-03, -0.33508765E-02,  0.16529750E-03
    1740.,  0.56347661E+01,  0.10615270E+03, -0.11976790E+01, -0.11695072E-03, -0.34791659E-02,  0.98907911E-04
    1741.,  0.54203819E+01,  0.10561647E+03, -0.11976790E+01,  0.84350790E-04, -0.36107381E-02, -0.19340489E-04
    1742.,  0.52264660E+01,  0.10501917E+03, -0.11976790E+01,  0.31428098E-03, -0.37391521E-02, -0.26223936E-03
    1743.,  0.50692458E+01,  0.10436432E+03, -0.11976790E+01,  0.57640736E-03, -0.38541424E-02, -0.82019576E-03
    1744.,  0.49651629E+01,  0.10366348E+03, -0.11976790E+01,  0.87208718E-03, -0.39388381E-02, -0.19361591E-02
    1745.,  0.49269069E+01,  0.10293643E+03, -0.11976790E+01,  0.11617606E-02, -0.39844944E-02, -0.39225583E-02
    1746.,  0.49595289E+01,  0.10220832E+03, -0.11976790E+01,  0.15439682E-02, -0.39874428E-02, -0.74596838E-02
    1747.,  0.50587084E+01,  0.10150455E+03, -0.11976790E+01,  0.21500618E-02, -0.39769492E-02, -0.14206121E-01
    1748.,  0.52122418E+01,  0.10084546E+03, -0.11976790E+01,  0.32420052E-02, -0.41218041E-02, -0.28846512E-01
    1749.,  0.54038312E+01,  0.10024331E+03, -0.11976790E+01,  0.56936829E-02, -0.42455931E-02, -0.58184461E-01
    1750.,  0.56171136E+01,  0.99702193E+02, -0.11976790E+01,  0.10038819E-01, -0.34602194E-02, -0.10281920E+00
    1751.,  0.58383669E+01,  0.99220040E+02, -0.11976790E+01,  0.16184058E-01, -0.93397963E-03, -0.15789341E+00
    1752.,  0.60575459E+01,  0.98791128E+02, -0.11976790E+01,  0.24809729E-01,  0.44355599E-02, -0.21954277E+00
    1753.,  0.56769704E+01,  0.97822979E+02, -0.11976790E+01,  0.14033964E+00,  0.12063846E+00, -0.76073476E+00
    1754.,  0.61689714E+01,  0.97653354E+02, -0.11976790E+01,  0.12207354E+00,  0.10152335E+00, -0.65716766E+00
    1755.,  0.66980031E+01,  0.97476067E+02, -0.11976790E+01,  0.10112100E+00,  0.79352262E-01, -0.54302933E+00
    1756.,  0.72701852E+01,  0.97296217E+02, -0.11976790E+01,  0.77416178E-01,  0.52862359E-01, -0.42023273E+00
    1757.,  0.78905411E+01,  0.97121824E+02, -0.11976790E+01,  0.52076287E-01,  0.25007168E-01, -0.29293708E+00
    1758.,  0.85612333E+01,  0.96964059E+02, -0.11976790E+01,  0.30706653E-01,  0.51643005E-02, -0.17358086E+00
    1759.,  0.92793868E+01,  0.96836474E+02, -0.11976790E+01,  0.15616554E-01, -0.19533410E-02, -0.78797402E-01
    1760.,  0.10035305E+02,  0.96752815E+02, -0.11976790E+01,  0.73387834E-02, -0.19503293E-02, -0.15198211E-01
    1761.,  0.10812349E+02,  0.96723604E+02, -0.11976790E+01,  0.31213591E-02, -0.17918837E-02,  0.37418121E-01
    1762.,  0.11589393E+02,  0.96752815E+02, -0.11976790E+01, -0.37409550E-02, -0.23934034E-02,  0.86121323E-01
    1763.,  0.12345311E+02,  0.96836474E+02, -0.11976790E+01, -0.13420279E-01,  0.40379345E-02,  0.13789091E+00
    1764.,  0.13063465E+02,  0.96964059E+02, -0.11976790E+01, -0.23758012E-01,  0.18311836E-01,  0.21458263E+00
    1765.,  0.13734157E+02,  0.97121824E+02, -0.11976790E+01, -0.36834639E-01,  0.37794155E-01,  0.31234164E+00
    1766.,  0.14354513E+02,  0.97296217E+02, -0.11976790E+01, -0.51389011E-01,  0.59448650E-01,  0.41005396E+00
    1767.,  0.14926695E+02,  0.97476067E+02, -0.11976790E+01, -0.65657469E-01,  0.80267624E-01,  0.50110675E+00
    1768.,  0.15455726E+02,  0.97653354E+02, -0.11976790E+01, -0.78290540E-01,  0.98188821E-01,  0.58194497E+00
    1769.,  0.15947728E+02,  0.97822979E+02, -0.11976790E+01, -0.89088765E-01,  0.11293019E+00,  0.65385376E+00
    1770.,  0.16116191E+02,  0.98315865E+02, -0.11976790E+01, -0.58484156E-01,  0.69847514E-01,  0.48222004E+00
    1771.,  0.16291535E+02,  0.98845558E+02, -0.11976790E+01, -0.31021234E-01,  0.33086313E-01,  0.31564328E+00
    1772.,  0.16468537E+02,  0.99417843E+02, -0.11976790E+01, -0.12430772E-01,  0.10521033E-01,  0.17664311E+00
    1773.,  0.16639163E+02,  0.10003730E+03, -0.11976790E+01, -0.37984372E-02,  0.16414514E-02,  0.83534862E-01
    1774.,  0.16792435E+02,  0.10070558E+03, -0.11976790E+01, -0.12348241E-02, -0.54249861E-03,  0.36819784E-01
    1775.,  0.16915261E+02,  0.10141942E+03, -0.11976790E+01, -0.52057764E-03, -0.11468544E-02,  0.16885148E-01
    1776.,  0.16994605E+02,  0.10216900E+03, -0.11976790E+01, -0.33608914E-03, -0.13404185E-02,  0.77089148E-02
    1777.,  0.17020703E+02,  0.10293805E+03, -0.11976790E+01, -0.36062889E-03, -0.13786907E-02,  0.31604417E-02
    1778.,  0.16990098E+02,  0.10370625E+03, -0.11976790E+01, -0.38384524E-03, -0.13705250E-02,  0.10928179E-02
    1779.,  0.16906831E+02,  0.10445348E+03, -0.11976790E+01, -0.40911606E-03, -0.13449210E-02,  0.31106888E-03
    1780.,  0.16781055E+02,  0.10516392E+03, -0.11976790E+01, -0.42887375E-03, -0.13158913E-02,  0.52034395E-04
    1781.,  0.16625923E+02,  0.10582832E+03, -0.11976790E+01, -0.44538918E-03, -0.12874649E-02, -0.34042346E-04
    1782.,  0.16454415E+02,  0.10644387E+03, -0.11976790E+01, -0.46228890E-03, -0.12611778E-02, -0.63005538E-04
    1783.,  0.16277289E+02,  0.10701254E+03, -0.11976790E+01, -0.48108742E-03, -0.12384014E-02, -0.73345602E-04
    1784.,  0.16102340E+02,  0.10753905E+03, -0.11976790E+01, -0.50250517E-03, -0.12194926E-02, -0.78444736E-04
    1785.,  0.15934584E+02,  0.10802924E+03, -0.11976790E+01, -0.52571892E-03, -0.12047384E-02, -0.81896025E-04
    1786.,  0.15441847E+02,  0.10819786E+03, -0.11976790E+01, -0.53442374E-03, -0.11885664E-02, -0.80291533E-05
    1787.,  0.14912389E+02,  0.10837372E+03, -0.11976790E+01, -0.54810449E-03, -0.11698483E-02,  0.51373311E-04
    1788.,  0.14340297E+02,  0.10855172E+03, -0.11976790E+01, -0.56920272E-03, -0.11514572E-02,  0.94420843E-04
    1789.,  0.13720796E+02,  0.10872390E+03, -0.11976790E+01, -0.60068876E-03, -0.11386720E-02,  0.12266587E-03
    1790.,  0.13051955E+02,  0.10887929E+03, -0.11976790E+01, -0.64550922E-03, -0.11403710E-02,  0.13926546E-03
    1791.,  0.12336768E+02,  0.10900468E+03, -0.11976790E+01, -0.70506743E-03, -0.11693917E-02,  0.14807859E-03
    1792.,  0.11584819E+02,  0.10908677E+03, -0.11976790E+01, -0.77682006E-03, -0.12407527E-02,  0.15324523E-03
    1793.,  0.10812349E+02,  0.10911540E+03, -0.11976790E+01, -0.85243192E-03, -0.13668922E-02,  0.15911701E-03
    1794.,  0.10039879E+02,  0.10908677E+03, -0.11976790E+01, -0.91912949E-03, -0.15516019E-02,  0.17028999E-03
    1795.,  0.92879298E+01,  0.10900468E+03, -0.11976790E+01, -0.96487547E-03, -0.17870243E-02,  0.19106029E-03
    1796.,  0.85727428E+01,  0.10887929E+03, -0.11976790E+01, -0.98359944E-03, -0.20565695E-02,  0.22381109E-03
    1797.,  0.79039020E+01,  0.10872390E+03, -0.11976790E+01, -0.97634675E-03, -0.23414714E-02,  0.26730960E-03
    1798.,  0.72844009E+01,  0.10855172E+03, -0.11976790E+01, -0.94865728E-03, -0.26263276E-02,  0.31590820E-03
    1799.,  0.67123089E+01,  0.10837372E+03, -0.11976790E+01, -0.90723029E-03, -0.29012645E-02,  0.35899294E-03
    1800.,  0.61828505E+01,  0.10819786E+03, -0.11976790E+01, -0.85782168E-03, -0.31615013E-02,  0.37933846E-03
    1801.,  0.56901142E+01,  0.10802924E+03, -0.11976790E+01, -0.80459179E-03, -0.34052312E-02,  0.35032372E-03
    1802.,  0.55223579E+01,  0.10753905E+03, -0.11976790E+01, -0.62719594E-03, -0.34966397E-02,  0.23946167E-03
    1803.,  0.53474089E+01,  0.10701254E+03, -0.11976790E+01, -0.43581899E-03, -0.35978056E-02,  0.10023839E-03
    1804.,  0.51702827E+01,  0.10644387E+03, -0.11976790E+01, -0.22760664E-03, -0.37076278E-02, -0.10065793E-03
    1805.,  0.49987753E+01,  0.10582832E+03, -0.11976790E+01,  0.10378618E-05, -0.38235146E-02, -0.43916666E-03
    1806.,  0.48436426E+01,  0.10516392E+03, -0.11976790E+01,  0.25431688E-03, -0.39414956E-02, -0.10992192E-02
    1807.,  0.47178665E+01,  0.10445348E+03, -0.11976790E+01,  0.54026015E-03, -0.40537807E-02, -0.24980664E-02
    1808.,  0.46346001E+01,  0.10370625E+03, -0.11976790E+01,  0.87016766E-03, -0.41465126E-02, -0.53731226E-02
    1809.,  0.46039953E+01,  0.10293805E+03, -0.11976790E+01,  0.12252765E-02, -0.42091485E-02, -0.11444912E-01
    1810.,  0.46300929E+01,  0.10216900E+03, -0.11976790E+01,  0.19908872E-02, -0.41323999E-02, -0.24095211E-01
    1811.,  0.47094365E+01,  0.10141942E+03, -0.11976790E+01,  0.40469926E-02, -0.35491197E-02, -0.49774980E-01
    1812.,  0.48322632E+01,  0.10070558E+03, -0.11976790E+01,  0.95162535E-02, -0.10845473E-02, -0.10238226E+00
    1813.,  0.49855348E+01,  0.10003730E+03, -0.11976790E+01,  0.22441976E-01,  0.72496545E-02, -0.19439357E+00
    1814.,  0.51561607E+01,  0.99417843E+02, -0.11976790E+01,  0.44360207E-01,  0.25128162E-01, -0.31961020E+00
    1815.,  0.53331633E+01,  0.98845558E+02, -0.11976790E+01,  0.72793637E-01,  0.51457159E-01, -0.46215665E+00
    1816.,  0.55085065E+01,  0.98315865E+02, -0.11976790E+01,  0.10594854E+00,  0.84360336E-01, -0.61211375E+00
    1817.,  0.50858150E+01,  0.97237735E+02, -0.11976790E+01,  0.23362856E+00,  0.21853880E+00, -0.12156434E+01
    1818.,  0.56891908E+01,  0.97110516E+02, -0.11976790E+01,  0.20640911E+00,  0.19075617E+00, -0.10604113E+01
    1819.,  0.63203396E+01,  0.96977552E+02, -0.11976790E+01,  0.17688605E+00,  0.15949171E+00, -0.89680884E+00
    1820.,  0.69838512E+01,  0.96842664E+02, -0.11976790E+01,  0.14196494E+00,  0.12053935E+00, -0.72027841E+00
    1821.,  0.76834930E+01,  0.96711869E+02, -0.11976790E+01,  0.10249054E+00,  0.74392798E-01, -0.53440915E+00
    1822.,  0.84208872E+01,  0.96593545E+02, -0.11976790E+01,  0.63959075E-01,  0.32764238E-01, -0.34637908E+00
    1823.,  0.91938774E+01,  0.96497857E+02, -0.11976790E+01,  0.34192961E-01,  0.67028303E-02, -0.18053282E+00
    1824.,  0.99951909E+01,  0.96435112E+02, -0.11976790E+01,  0.13937562E-01, -0.16602831E-02, -0.45599099E-01
    1825.,  0.10812349E+02,  0.96413204E+02, -0.11976790E+01,  0.21231755E-02, -0.13996515E-02,  0.68738707E-01
    1826.,  0.11629507E+02,  0.96435112E+02, -0.11976790E+01, -0.11820549E-01,  0.19401811E-02,  0.16725254E+00
    1827.,  0.12430821E+02,  0.96497857E+02, -0.11976790E+01, -0.30056043E-01,  0.22181741E-01,  0.26457488E+00
    1828.,  0.13203811E+02,  0.96593545E+02, -0.11976790E+01, -0.49820267E-01,  0.53535866E-01,  0.39398895E+00
    1829.,  0.13941205E+02,  0.96711869E+02, -0.11976790E+01, -0.71872773E-01,  0.87839264E-01,  0.54120453E+00
    1830.,  0.14640847E+02,  0.96842664E+02, -0.11976790E+01, -0.96823826E-01,  0.12478621E+00,  0.69182019E+00
    1831.,  0.15304358E+02,  0.96977552E+02, -0.11976790E+01, -0.12237798E+00,  0.16101867E+00,  0.83886476E+00
    1832.,  0.15935507E+02,  0.97110516E+02, -0.11976790E+01, -0.14719218E+00,  0.19559515E+00,  0.97998307E+00
    1833.,  0.16538883E+02,  0.97237735E+02, -0.11976790E+01, -0.16892349E+00,  0.22607882E+00,  0.11098901E+01
    1834.,  0.16665231E+02,  0.97840603E+02, -0.11976790E+01, -0.12177236E+00,  0.15843939E+00,  0.85940622E+00
    1835.,  0.16796738E+02,  0.98471075E+02, -0.11976790E+01, -0.75408695E-01,  0.92755363E-01,  0.60652782E+00
    1836.,  0.16929490E+02,  0.99133493E+02, -0.11976790E+01, -0.36015539E-01,  0.39402604E-01,  0.37045484E+00
    1837.,  0.17057460E+02,  0.99831287E+02, -0.11976790E+01, -0.12367635E-01,  0.10470539E-01,  0.18877858E+00
    1838.,  0.17172413E+02,  0.10056571E+03, -0.11976790E+01, -0.32812302E-02,  0.10401451E-02,  0.82489321E-01
    1839.,  0.17264533E+02,  0.10133428E+03, -0.11976790E+01, -0.83436298E-03, -0.10309149E-02,  0.34184025E-01
    1840.,  0.17324041E+02,  0.10212967E+03, -0.11976790E+01, -0.36421963E-03, -0.13924723E-02,  0.14098755E-01
    1841.,  0.17343614E+02,  0.10293966E+03, -0.11976790E+01, -0.36195991E-03, -0.14039430E-02,  0.55939972E-02
    1842.,  0.17320661E+02,  0.10374902E+03, -0.11976790E+01, -0.38305793E-03, -0.13789774E-02,  0.19673071E-02
    1843.,  0.17258211E+02,  0.10454264E+03, -0.11976790E+01, -0.41189830E-03, -0.13438377E-02,  0.56374919E-03
    1844.,  0.17163879E+02,  0.10530868E+03, -0.11976790E+01, -0.43594639E-03, -0.13107807E-02,  0.62320568E-04
    1845.,  0.17047529E+02,  0.10604018E+03, -0.11976790E+01, -0.45745029E-03, -0.12799050E-02, -0.11878818E-03
    1846.,  0.16918899E+02,  0.10673505E+03, -0.11976790E+01, -0.47888013E-03, -0.12542135E-02, -0.18647683E-03
    1847.,  0.16786054E+02,  0.10739475E+03, -0.11976790E+01, -0.50259183E-03, -0.12332810E-02, -0.21473585E-03
    1848.,  0.16654842E+02,  0.10802284E+03, -0.11976790E+01, -0.52729288E-03, -0.12175934E-02, -0.22966513E-03
    1849.,  0.16529025E+02,  0.10862368E+03, -0.11976790E+01, -0.55062738E-03, -0.12071106E-02, -0.23837328E-03
    1850.,  0.15925098E+02,  0.10875015E+03, -0.11976790E+01, -0.55887453E-03, -0.11951810E-02, -0.12720009E-03
    1851.,  0.15293629E+02,  0.10888204E+03, -0.11976790E+01, -0.57271718E-03, -0.11783736E-02, -0.29988949E-04
    1852.,  0.14630185E+02,  0.10901554E+03, -0.11976790E+01, -0.59499099E-03, -0.11597849E-02,  0.45680382E-04
    1853.,  0.13931184E+02,  0.10914467E+03, -0.11976790E+01, -0.62926998E-03, -0.11454458E-02,  0.97668454E-04
    1854.,  0.13195179E+02,  0.10926122E+03, -0.11976790E+01, -0.67930712E-03, -0.11453260E-02,  0.12906949E-03
    1855.,  0.12424413E+02,  0.10935526E+03, -0.11976790E+01, -0.74736774E-03, -0.11736515E-02,  0.14600959E-03
    1856.,  0.11626077E+02,  0.10941683E+03, -0.11976790E+01, -0.83154241E-03, -0.12469966E-02,  0.15600740E-03
    1857.,  0.10812349E+02,  0.10943830E+03, -0.11976790E+01, -0.92363989E-03, -0.13794053E-02,  0.16713309E-03
    1858.,  0.99986211E+01,  0.10941683E+03, -0.11976790E+01, -0.10103789E-02, -0.15762245E-02,  0.18787925E-03
    1859.,  0.92002846E+01,  0.10935526E+03, -0.11976790E+01, -0.10785596E-02, -0.18308589E-02,  0.22624491E-03
    1860.,  0.84295193E+01,  0.10926122E+03, -0.11976790E+01, -0.11205744E-02, -0.21272566E-02,  0.28647422E-03
    1861.,  0.76935138E+01,  0.10914467E+03, -0.11976790E+01, -0.11360510E-02, -0.24461457E-02,  0.36476369E-03
    1862.,  0.69945129E+01,  0.10901554E+03, -0.11976790E+01, -0.11295576E-02, -0.27706248E-02,  0.44671528E-03
    1863.,  0.63310689E+01,  0.10888204E+03, -0.11976790E+01, -0.11072299E-02, -0.30887794E-02,  0.50687239E-03
    1864.,  0.56996001E+01,  0.10875015E+03, -0.11976790E+01, -0.10744681E-02, -0.33934047E-02,  0.50996625E-03
    1865.,  0.50956728E+01,  0.10862368E+03, -0.11976790E+01, -0.10353887E-02, -0.36805507E-02,  0.42049878E-03
    1866.,  0.49698556E+01,  0.10802284E+03, -0.11976790E+01, -0.80834338E-03, -0.37503082E-02,  0.21434223E-03
    1867.,  0.48386439E+01,  0.10739475E+03, -0.11976790E+01, -0.57551314E-03, -0.38308442E-02, -0.46008611E-04
    1868.,  0.47057993E+01,  0.10673505E+03, -0.11976790E+01, -0.33274022E-03, -0.39224896E-02, -0.42173688E-03
    1869.,  0.45771687E+01,  0.10604018E+03, -0.11976790E+01, -0.76694158E-04, -0.40251120E-02, -0.10471899E-02
    1870.,  0.44608192E+01,  0.10530868E+03, -0.11976790E+01,  0.19989004E-03, -0.41357755E-02, -0.22263368E-02
    1871.,  0.43664871E+01,  0.10454264E+03, -0.11976790E+01,  0.51097442E-03, -0.42524818E-02, -0.46516460E-02
    1872.,  0.43040373E+01,  0.10374902E+03, -0.11976790E+01,  0.88200551E-03, -0.43641236E-02, -0.97136956E-02
    1873.,  0.42810837E+01,  0.10293966E+03, -0.11976790E+01,  0.13387974E-02, -0.44861872E-02, -0.21039951E-01
    1874.,  0.43006569E+01,  0.10212967E+03, -0.11976790E+01,  0.26894655E-02, -0.43003892E-02, -0.46565377E-01
    1875.,  0.43601646E+01,  0.10133428E+03, -0.11976790E+01,  0.74393763E-02, -0.22372511E-02, -0.10089628E+00
    1876.,  0.44522847E+01,  0.10056571E+03, -0.11976790E+01,  0.20785203E-01,  0.63646719E-02, -0.20499565E+00
    1877.,  0.45672383E+01,  0.99831287E+02, -0.11976790E+01,  0.48577011E-01,  0.29156855E-01, -0.36727529E+00
    1878.,  0.46952078E+01,  0.99133493E+02, -0.11976790E+01,  0.89599602E-01,  0.67924178E-01, -0.56975282E+00
    1879.,  0.48279597E+01,  0.98471075E+02, -0.11976790E+01,  0.13755731E+00,  0.11669294E+00, -0.78821747E+00
    1880.,  0.49594671E+01,  0.97840603E+02, -0.11976790E+01,  0.18659719E+00,  0.16855265E+00, -0.10062507E+01
    1881.,  0.44946597E+01,  0.96652492E+02, -0.11976790E+01,  0.32526269E+00,  0.31427157E+00, -0.16664017E+01
    1882.,  0.52094102E+01,  0.96567679E+02, -0.11976790E+01,  0.28550286E+00,  0.27353231E+00, -0.14516430E+01
    1883.,  0.59426760E+01,  0.96479036E+02, -0.11976790E+01,  0.24801510E+00,  0.23552308E+00, -0.12409936E+01
    1884.,  0.66975171E+01,  0.96389110E+02, -0.11976790E+01,  0.20769374E+00,  0.19155149E+00, -0.10251995E+01
    1885.,  0.74764450E+01,  0.96301914E+02, -0.11976790E+01,  0.15731151E+00,  0.13208850E+00, -0.78894684E+00
    1886.,  0.82805411E+01,  0.96223031E+02, -0.11976790E+01,  0.10570419E+00,  0.70994439E-01, -0.54220007E+00
    1887.,  0.91083679E+01,  0.96159239E+02, -0.11976790E+01,  0.59327188E-01,  0.22580612E-01, -0.30572857E+00
    1888.,  0.99550769E+01,  0.96117410E+02, -0.11976790E+01,  0.25006858E-01, -0.84179843E-03, -0.94670348E-01
    1889.,  0.10812349E+02,  0.96102804E+02, -0.11976790E+01, -0.83714339E-03, -0.14309970E-02,  0.10123542E+00
    1890.,  0.11669621E+02,  0.96117410E+02, -0.11976790E+01, -0.24972495E-01,  0.81997274E-02,  0.26463288E+00
    1891.,  0.12516330E+02,  0.96159239E+02, -0.11976790E+01, -0.53953777E-01,  0.49896118E-01,  0.41726376E+00
    1892.,  0.13344157E+02,  0.96223031E+02, -0.11976790E+01, -0.80163836E-01,  0.97548918E-01,  0.58951095E+00
    1893.,  0.14148253E+02,  0.96301914E+02, -0.11976790E+01, -0.10917756E+00,  0.14309588E+00,  0.78039832E+00
    1894.,  0.14927181E+02,  0.96389110E+02, -0.11976790E+01, -0.14612713E+00,  0.19536592E+00,  0.98371491E+00
    1895.,  0.15682022E+02,  0.96479036E+02, -0.11976790E+01, -0.18769271E+00,  0.25362089E+00,  0.11986653E+01
    1896.,  0.16415288E+02,  0.96567679E+02, -0.11976790E+01, -0.22457198E+00,  0.30611714E+00,  0.13997062E+01
    1897.,  0.17130038E+02,  0.96652492E+02, -0.11976790E+01, -0.25546383E+00,  0.34958943E+00,  0.15834740E+01
    1898.,  0.17214270E+02,  0.97365341E+02, -0.11976790E+01, -0.19109643E+00,  0.25674802E+00,  0.12534344E+01
    1899.,  0.17301942E+02,  0.98096593E+02, -0.11976790E+01, -0.12796934E+00,  0.16605180E+00,  0.92277394E+00
    1900.,  0.17390443E+02,  0.98849142E+02, -0.11976790E+01, -0.69512966E-01,  0.83722276E-01,  0.60154524E+00
    1901.,  0.17475756E+02,  0.99625276E+02, -0.11976790E+01, -0.26803944E-01,  0.27266874E-01,  0.32735002E+00
    1902.,  0.17552392E+02,  0.10042583E+03, -0.11976790E+01, -0.68758891E-02,  0.41964705E-02,  0.14564479E+00
    1903.,  0.17613805E+02,  0.10124915E+03, -0.11976790E+01, -0.13182371E-02, -0.98837785E-03,  0.56320432E-01
    1904.,  0.17653477E+02,  0.10209034E+03, -0.11976790E+01, -0.41948942E-03, -0.14839638E-02,  0.21320529E-01
    1905.,  0.17666526E+02,  0.10294127E+03, -0.11976790E+01, -0.37502300E-03, -0.14340216E-02,  0.82520362E-02
    1906.,  0.17651223E+02,  0.10379178E+03, -0.11976790E+01, -0.38660201E-03, -0.13827027E-02,  0.29661119E-02
    1907.,  0.17609590E+02,  0.10463180E+03, -0.11976790E+01, -0.41677368E-03, -0.13413309E-02,  0.88134234E-03
    1908.,  0.17546702E+02,  0.10545343E+03, -0.11976790E+01, -0.44535028E-03, -0.13006862E-02,  0.10372560E-03
    1909.,  0.17469136E+02,  0.10625204E+03, -0.11976790E+01, -0.46915078E-03, -0.12692575E-02, -0.18748485E-03
    1910.,  0.17383382E+02,  0.10702622E+03, -0.11976790E+01, -0.49464805E-03, -0.12437816E-02, -0.29959597E-03
    1911.,  0.17294819E+02,  0.10777696E+03, -0.11976790E+01, -0.52129436E-03, -0.12250301E-02, -0.35023180E-03
    1912.,  0.17207344E+02,  0.10850662E+03, -0.11976790E+01, -0.54634943E-03, -0.12128534E-02, -0.37582832E-03
    1913.,  0.17123466E+02,  0.10921812E+03, -0.11976790E+01, -0.56568676E-03, -0.12067003E-02, -0.39310312E-03
    1914.,  0.16408348E+02,  0.10930243E+03, -0.11976790E+01, -0.57225700E-03, -0.12013188E-02, -0.24975079E-03
    1915.,  0.15674869E+02,  0.10939036E+03, -0.11976790E+01, -0.58544311E-03, -0.11878553E-02, -0.11847004E-03
    1916.,  0.14920073E+02,  0.10947936E+03, -0.11976790E+01, -0.60859380E-03, -0.11697766E-02, -0.10234189E-04
    1917.,  0.14141572E+02,  0.10956545E+03, -0.11976790E+01, -0.64613917E-03, -0.11539048E-02,  0.67854127E-04
    1918.,  0.13338402E+02,  0.10964315E+03, -0.11976790E+01, -0.70281825E-03, -0.11516004E-02,  0.11650640E-03
    1919.,  0.12512059E+02,  0.10970584E+03, -0.11976790E+01, -0.78173302E-03, -0.11787422E-02,  0.14323677E-03
    1920.,  0.11667334E+02,  0.10974689E+03, -0.11976790E+01, -0.88140550E-03, -0.12536590E-02,  0.15911773E-03
    1921.,  0.10812349E+02,  0.10976120E+03, -0.11976790E+01, -0.99352521E-03, -0.13921109E-02,  0.17657519E-03
    1922.,  0.99573637E+01,  0.10974689E+03, -0.11976790E+01, -0.11040405E-02, -0.16010386E-02,  0.20875364E-03
    1923.,  0.91126394E+01,  0.10970584E+03, -0.11976790E+01, -0.11982695E-02, -0.18750786E-02,  0.26803426E-03
    1924.,  0.82862959E+01,  0.10964315E+03, -0.11976790E+01, -0.12666340E-02, -0.21985976E-02,  0.36045292E-03
    1925.,  0.74831255E+01,  0.10956545E+03, -0.11976790E+01, -0.13068880E-02, -0.25515540E-02,  0.47762587E-03
    1926.,  0.67046249E+01,  0.10947936E+03, -0.11976790E+01, -0.13224134E-02, -0.29151262E-02,  0.59202243E-03
    1927.,  0.59498289E+01,  0.10939036E+03, -0.11976790E+01, -0.13189352E-02, -0.32745972E-02,  0.65963615E-03
    1928.,  0.52163497E+01,  0.10930243E+03, -0.11976790E+01, -0.13020344E-02, -0.36200068E-02,  0.63471570E-03
    1929.,  0.45012315E+01,  0.10921812E+03, -0.11976790E+01, -0.12762332E-02, -0.39453677E-02,  0.49444403E-03
    1930.,  0.44173534E+01,  0.10850662E+03, -0.11976790E+01, -0.99336285E-03, -0.39918276E-02,  0.18320691E-03
    1931.,  0.43298789E+01,  0.10777696E+03, -0.11976790E+01, -0.71484607E-03, -0.40501575E-02, -0.20664088E-03
    1932.,  0.42413158E+01,  0.10702622E+03, -0.11976790E+01, -0.43478603E-03, -0.41221316E-02, -0.77278989E-03
    1933.,  0.41555621E+01,  0.10625204E+03, -0.11976790E+01, -0.14818078E-03, -0.42103868E-02, -0.17110168E-02
    1934.,  0.40779958E+01,  0.10545343E+03, -0.11976790E+01,  0.15107093E-03, -0.43179336E-02, -0.34516733E-02
    1935.,  0.40151077E+01,  0.10463180E+03, -0.11976790E+01,  0.48868593E-03, -0.44400713E-02, -0.69526108E-02
    1936.,  0.39734745E+01,  0.10379178E+03, -0.11976790E+01,  0.91046401E-03, -0.45853019E-02, -0.14303003E-01
    1937.,  0.39581721E+01,  0.10294127E+03, -0.11976790E+01,  0.15040923E-02, -0.48022030E-02, -0.31450917E-01
    1938.,  0.39712209E+01,  0.10209034E+03, -0.11976790E+01,  0.36120403E-02, -0.44933787E-02, -0.72684061E-01
    1939.,  0.40108927E+01,  0.10124915E+03, -0.11976790E+01,  0.12077522E-01, -0.13067889E-03, -0.16248182E+00
    1940.,  0.40723061E+01,  0.10042583E+03, -0.11976790E+01,  0.35799746E-01,  0.17673084E-01, -0.32506894E+00
    1941.,  0.41489419E+01,  0.99625276E+02, -0.11976790E+01,  0.80343292E-01,  0.58094149E-01, -0.55875378E+00
    1942.,  0.42342548E+01,  0.98849142E+02, -0.11976790E+01,  0.13968764E+00,  0.11782229E+00, -0.83353344E+00
    1943.,  0.43227561E+01,  0.98096593E+02, -0.11976790E+01,  0.20351102E+00,  0.18505089E+00, -0.11183870E+01
    1944.,  0.44104277E+01,  0.97365341E+02, -0.11976790E+01,  0.26605605E+00,  0.25148045E+00, -0.13974926E+01
    1945.,  0.39035043E+01,  0.96067248E+02, -0.11976790E+01,  0.40761372E+00,  0.39818409E+00, -0.20942888E+01
    1946.,  0.47296296E+01,  0.96024841E+02, -0.11976790E+01,  0.35897018E+00,  0.34902709E+00, -0.18281461E+01
    1947.,  0.55650125E+01,  0.95980520E+02, -0.11976790E+01,  0.30746698E+00,  0.29589180E+00, -0.15535209E+01
    1948.,  0.64111830E+01,  0.95935557E+02, -0.11976790E+01,  0.26264317E+00,  0.24950996E+00, -0.13044683E+01
    1949.,  0.72693970E+01,  0.95891959E+02, -0.11976790E+01,  0.21457780E+00,  0.19412289E+00, -0.10514122E+01
    1950.,  0.81401950E+01,  0.95852518E+02, -0.11976790E+01,  0.14723399E+00,  0.11245282E+00, -0.74231895E+00
    1951.,  0.90228584E+01,  0.95820622E+02, -0.11976790E+01,  0.85120656E-01,  0.39497340E-01, -0.43327708E+00
    1952.,  0.99149629E+01,  0.95799707E+02, -0.11976790E+01,  0.36545109E-01,  0.39428157E-03, -0.14919724E+00
    1953.,  0.10812349E+02,  0.95792404E+02, -0.11976790E+01, -0.43976325E-02, -0.14804939E-02,  0.12565291E+00
    1954.,  0.11709735E+02,  0.95799707E+02, -0.11976790E+01, -0.44699544E-01,  0.14100224E-01,  0.37639787E+00
    1955.,  0.12601839E+02,  0.95820622E+02, -0.11976790E+01, -0.85260217E-01,  0.87306841E-01,  0.58835181E+00
    1956.,  0.13484503E+02,  0.95852518E+02, -0.11976790E+01, -0.11443654E+00,  0.15083300E+00,  0.80105679E+00
    1957.,  0.14355301E+02,  0.95891959E+02, -0.11976790E+01, -0.14884899E+00,  0.20028907E+00,  0.10250626E+01
    1958.,  0.15213515E+02,  0.95935557E+02, -0.11976790E+01, -0.20574772E+00,  0.27925285E+00,  0.13002807E+01
    1959.,  0.16059685E+02,  0.95980520E+02, -0.11976790E+01, -0.26044810E+00,  0.35787451E+00,  0.15763664E+01
    1960.,  0.16895068E+02,  0.96024841E+02, -0.11976790E+01, -0.30383085E+00,  0.41953439E+00,  0.18242079E+01
    1961.,  0.17721194E+02,  0.96067248E+02, -0.11976790E+01, -0.34428360E+00,  0.47759468E+00,  0.20635148E+01
    1962.,  0.17763310E+02,  0.96890079E+02, -0.11976790E+01, -0.26509480E+00,  0.36261491E+00,  0.16597867E+01
    1963.,  0.17807145E+02,  0.97722111E+02, -0.11976790E+01, -0.18516662E+00,  0.24681196E+00,  0.12522298E+01
    1964.,  0.17851396E+02,  0.98564792E+02, -0.11976790E+01, -0.10889449E+00,  0.13724814E+00,  0.85164584E+00
    1965.,  0.17894052E+02,  0.99419265E+02, -0.11976790E+01, -0.46239903E-01,  0.50876223E-01,  0.48815352E+00
    1966.,  0.17932370E+02,  0.10028595E+03, -0.11976790E+01, -0.11856831E-01,  0.83959704E-02,  0.22110270E+00
    1967.,  0.17963077E+02,  0.10116401E+03, -0.11976790E+01, -0.19994096E-02, -0.10726664E-02,  0.81149065E-01
    1968.,  0.17982913E+02,  0.10205102E+03, -0.11976790E+01, -0.51134024E-03, -0.16061076E-02,  0.28528914E-01
    1969.,  0.17989437E+02,  0.10294289E+03, -0.11976790E+01, -0.40123141E-03, -0.14463171E-02,  0.10858985E-01
    1970.,  0.17981786E+02,  0.10383455E+03, -0.11976790E+01, -0.39080713E-03, -0.13883116E-02,  0.39549432E-02
    1971.,  0.17960970E+02,  0.10472097E+03, -0.11976790E+01, -0.42619269E-03, -0.13293071E-02,  0.11970811E-02
    1972.,  0.17929526E+02,  0.10559819E+03, -0.11976790E+01, -0.45429138E-03, -0.12882252E-02,  0.13789719E-03
    1973.,  0.17890742E+02,  0.10646390E+03, -0.11976790E+01, -0.48080513E-03, -0.12546532E-02, -0.25454327E-03
    1974.,  0.17847866E+02,  0.10731739E+03, -0.11976790E+01, -0.50907002E-03, -0.12296610E-02, -0.41228453E-03
    1975.,  0.17803584E+02,  0.10815917E+03, -0.11976790E+01, -0.53730423E-03, -0.12132881E-02, -0.48046719E-03
    1976.,  0.17759847E+02,  0.10899041E+03, -0.11976790E+01, -0.56031756E-03, -0.12048772E-02, -0.51862154E-03
    1977.,  0.17717908E+02,  0.10981256E+03, -0.11976790E+01, -0.57406090E-03, -0.12025825E-02, -0.54557462E-03
    1978.,  0.16891599E+02,  0.10985472E+03, -0.11976790E+01, -0.57718986E-03, -0.12050917E-02, -0.37265981E-03
    1979.,  0.16056109E+02,  0.10989868E+03, -0.11976790E+01, -0.58734974E-03, -0.11969479E-02, -0.20984338E-03
    1980.,  0.15209961E+02,  0.10994318E+03, -0.11976790E+01, -0.60938655E-03, -0.11806236E-02, -0.70058262E-04
    1981.,  0.14351961E+02,  0.10998623E+03, -0.11976790E+01, -0.64946235E-03, -0.11638158E-02,  0.34983471E-04
    1982.,  0.13481625E+02,  0.11002507E+03, -0.11976790E+01, -0.71376788E-03, -0.11593794E-02,  0.10235497E-03
    1983.,  0.12599704E+02,  0.11005642E+03, -0.11976790E+01, -0.80614674E-03, -0.11851141E-02,  0.13989904E-03
    1984.,  0.11708592E+02,  0.11007694E+03, -0.11976790E+01, -0.92515870E-03, -0.12613407E-02,  0.16224918E-03
    1985.,  0.10812349E+02,  0.11008410E+03, -0.11976790E+01, -0.10619071E-02, -0.14056967E-02,  0.18663413E-03
    1986.,  0.99161063E+01,  0.11007694E+03, -0.11976790E+01, -0.12011448E-02, -0.16267800E-02,  0.23147660E-03
    1987.,  0.90249942E+01,  0.11005642E+03, -0.11976790E+01, -0.13262150E-02, -0.19204152E-02,  0.31418780E-03
    1988.,  0.81430724E+01,  0.11002507E+03, -0.11976790E+01, -0.14248519E-02, -0.22712079E-02,  0.44264958E-03
    1989.,  0.72727372E+01,  0.10998623E+03, -0.11976790E+01, -0.14921064E-02, -0.26580299E-02,  0.60223329E-03
    1990.,  0.64147369E+01,  0.10994318E+03, -0.11976790E+01, -0.15295951E-02, -0.30596449E-02,  0.74866764E-03
    1991.,  0.55685889E+01,  0.10989868E+03, -0.11976790E+01, -0.15430612E-02, -0.34581323E-02,  0.81957382E-03
    1992.,  0.47330993E+01,  0.10985472E+03, -0.11976790E+01, -0.15396269E-02, -0.38405876E-02,  0.76776314E-03
    1993.,  0.39067902E+01,  0.10981256E+03, -0.11976790E+01, -0.15259483E-02, -0.42019853E-02,  0.59732490E-03
    1994.,  0.38648512E+01,  0.10899041E+03, -0.11976790E+01, -0.11847159E-02, -0.42240940E-02,  0.19244702E-03
    1995.,  0.38211139E+01,  0.10815917E+03, -0.11976790E+01, -0.85633201E-03, -0.42574896E-02, -0.31691501E-03
    1996.,  0.37768324E+01,  0.10731739E+03, -0.11976790E+01, -0.53660408E-03, -0.43070312E-02, -0.10595629E-02
    1997.,  0.37339555E+01,  0.10646390E+03, -0.11976790E+01, -0.21698007E-03, -0.43778372E-02, -0.23014702E-02
    1998.,  0.36951723E+01,  0.10559819E+03, -0.11976790E+01,  0.10968609E-03, -0.44778575E-02, -0.45931925E-02
    1999.,  0.36637283E+01,  0.10472097E+03, -0.11976790E+01,  0.46898430E-03, -0.46146165E-02, -0.91373768E-02
    2000.,  0.36429117E+01,  0.10383455E+03, -0.11976790E+01,  0.95356406E-03, -0.47865002E-02, -0.18619326E-01
    2001.,  0.36352605E+01,  0.10294289E+03, -0.11976790E+01,  0.17243867E-02, -0.51653437E-02, -0.41541352E-01
    2002.,  0.36417849E+01,  0.10205102E+03, -0.11976790E+01,  0.47332517E-02, -0.50044926E-02, -0.99877707E-01
    2003.,  0.36616208E+01,  0.10116401E+03, -0.11976790E+01,  0.17568495E-01,  0.20326104E-02, -0.22940382E+00
    2004.,  0.36923275E+01,  0.10028595E+03, -0.11976790E+01,  0.53396817E-01,  0.31225814E-01, -0.45562778E+00
    2005.,  0.37306454E+01,  0.99419265E+02, -0.11976790E+01,  0.11598750E+00,  0.91830225E-01, -0.76189593E+00
    2006.,  0.37733019E+01,  0.98564792E+02, -0.11976790E+01,  0.19232408E+00,  0.17143155E+00, -0.11044001E+01
    2007.,  0.38175525E+01,  0.97722111E+02, -0.11976790E+01,  0.27054878E+00,  0.25466424E+00, -0.14511990E+01
    2008.,  0.38613883E+01,  0.96890079E+02, -0.11976790E+01,  0.34623163E+00,  0.33537177E+00, -0.17902164E+01
    2009.,  0.33123489E+01,  0.95482004E+02, -0.11976790E+01,  0.44547658E+00,  0.44341409E+00, -0.24070687E+01
    2010.,  0.42498489E+01,  0.95482004E+02, -0.11976790E+01,  0.38793025E+00,  0.38606765E+00, -0.20869934E+01
    2011.,  0.51873489E+01,  0.95482004E+02, -0.11976790E+01,  0.33034463E+00,  0.32870478E+00, -0.17686386E+01
    2012.,  0.61248489E+01,  0.95482004E+02, -0.11976790E+01,  0.27373853E+00,  0.26411490E+00, -0.14511922E+01
    2013.,  0.70623489E+01,  0.95482004E+02, -0.11976790E+01,  0.20905467E+00,  0.19047318E+00, -0.11301682E+01
    2014.,  0.79998489E+01,  0.95482004E+02, -0.11976790E+01,  0.14721972E+00,  0.11527330E+00, -0.81191563E+00
    2015.,  0.89373489E+01,  0.95482004E+02, -0.11976790E+01,  0.92406821E-01,  0.42910190E-01, -0.49410002E+00
    2016.,  0.98748489E+01,  0.95482004E+02, -0.11976790E+01,  0.45716091E-01,  0.54914625E-07, -0.18011805E+00
    2017.,  0.10812349E+02,  0.95482004E+02, -0.11976790E+01, -0.79537851E-02,  0.56651428E-07,  0.13253282E+00
    2018.,  0.11749849E+02,  0.95482004E+02, -0.11976790E+01, -0.61623661E-01,  0.58388234E-07,  0.44518368E+00
    2019.,  0.12687349E+02,  0.95482004E+02, -0.11976790E+01, -0.10549622E+00,  0.12180436E+00,  0.74988040E+00
    2020.,  0.13624849E+02,  0.95482004E+02, -0.11976790E+01, -0.15670328E+00,  0.22259857E+00,  0.10389525E+01
    2021.,  0.14562349E+02,  0.95482004E+02, -0.11976790E+01, -0.21374467E+00,  0.28294744E+00,  0.13327868E+01
    2022.,  0.15499849E+02,  0.95482004E+02, -0.11976790E+01, -0.27193222E+00,  0.37353093E+00,  0.16298013E+01
    2023.,  0.16437349E+02,  0.95482004E+02, -0.11976790E+01, -0.32661797E+00,  0.45149159E+00,  0.19379451E+01
    2024.,  0.17374849E+02,  0.95482004E+02, -0.11976790E+01, -0.37946666E+00,  0.52861266E+00,  0.22403408E+01
    2025.,  0.18312349E+02,  0.95482004E+02, -0.11976790E+01, -0.43218863E+00,  0.60378650E+00,  0.25413367E+01
    2026.,  0.18312349E+02,  0.96414817E+02, -0.11976790E+01, -0.34201440E+00,  0.47354238E+00,  0.20740433E+01
    2027.,  0.18312349E+02,  0.97347629E+02, -0.11976790E+01, -0.24631153E+00,  0.33393746E+00,  0.15924506E+01
    2028.,  0.18312349E+02,  0.98280441E+02, -0.11976790E+01, -0.15246673E+00,  0.19717195E+00,  0.11144660E+01
    2029.,  0.18312349E+02,  0.99213254E+02, -0.11976790E+01, -0.69685545E-01,  0.78681787E-01,  0.66335873E+00
    2030.,  0.18312349E+02,  0.10014607E+03, -0.11976790E+01, -0.18368279E-01,  0.11748202E-01,  0.30349367E+00
    2031.,  0.18312349E+02,  0.10107888E+03, -0.11976790E+01, -0.29952686E-02, -0.18253171E-02,  0.10498316E+00
    2032.,  0.18312349E+02,  0.10201169E+03, -0.11976790E+01, -0.65789320E-03, -0.16487135E-02,  0.35044746E-01
    2033.,  0.18312349E+02,  0.10294450E+03, -0.11976790E+01, -0.42639519E-03, -0.14738576E-02,  0.13167232E-01
    2034.,  0.18312349E+02,  0.10387732E+03, -0.11976790E+01, -0.40037597E-03, -0.13705559E-02,  0.48369695E-02
    2035.,  0.18312349E+02,  0.10481013E+03, -0.11976790E+01, -0.43539534E-03, -0.13158961E-02,  0.14219652E-02
    2036.,  0.18312349E+02,  0.10574294E+03, -0.11976790E+01, -0.46331505E-03, -0.12716450E-02,  0.13547196E-03
    2037.,  0.18312349E+02,  0.10667575E+03, -0.11976790E+01, -0.49194965E-03, -0.12362089E-02, -0.34441092E-03
    2038.,  0.18312349E+02,  0.10760857E+03, -0.11976790E+01, -0.52225607E-03, -0.12108050E-02, -0.52934968E-03
    2039.,  0.18312349E+02,  0.10854138E+03, -0.11976790E+01, -0.55043181E-03, -0.11983389E-02, -0.61147182E-03
    2040.,  0.18312349E+02,  0.10947419E+03, -0.11976790E+01, -0.56928860E-03, -0.11961243E-02, -0.65938213E-03
    2041.,  0.18312349E+02,  0.11040700E+03, -0.11976790E+01, -0.58003941E-03, -0.11966373E-02, -0.69758272E-03
    2042.,  0.17374849E+02,  0.11040700E+03, -0.11976790E+01, -0.57950800E-03, -0.12044976E-02, -0.49630450E-03
    2043.,  0.16437349E+02,  0.11040700E+03, -0.11976790E+01, -0.58208569E-03, -0.12034640E-02, -0.30345209E-03
    2044.,  0.15499849E+02,  0.11040700E+03, -0.11976790E+01, -0.59804810E-03, -0.11907634E-02, -0.13260823E-03
    2045.,  0.14562349E+02,  0.11040700E+03, -0.11976790E+01, -0.63778719E-03, -0.11743823E-02,  0.93400130E-07
    2046.,  0.13624849E+02,  0.11040700E+03, -0.11976790E+01, -0.70962755E-03, -0.11685801E-02,  0.87247095E-04
    2047.,  0.12687349E+02,  0.11040700E+03, -0.11976790E+01, -0.81810289E-03, -0.11931921E-02,  0.13618871E-03
    2048.,  0.11749849E+02,  0.11040700E+03, -0.11976790E+01, -0.96115311E-03, -0.12707796E-02,  0.16511137E-03
    2049.,  0.10812349E+02,  0.11040700E+03, -0.11976790E+01, -0.11285034E-02, -0.14210630E-02,  0.19650522E-03
    2050.,  0.98748489E+01,  0.11040700E+03, -0.11976790E+01, -0.13029847E-02, -0.16543876E-02,  0.25470198E-03
    2051.,  0.89373489E+01,  0.11040700E+03, -0.11976790E+01, -0.14651272E-02, -0.19676860E-02,  0.36294299E-03
    2052.,  0.79998489E+01,  0.11040700E+03, -0.11976790E+01, -0.15988102E-02, -0.23455433E-02,  0.53145123E-03
    2053.,  0.70623489E+01,  0.11040700E+03, -0.11976790E+01, -0.16949535E-02, -0.27653188E-02,  0.73791504E-03
    2054.,  0.61248489E+01,  0.11040700E+03, -0.11976790E+01, -0.17522756E-02, -0.32029627E-02,  0.91839984E-03
    2055.,  0.51873489E+01,  0.11040700E+03, -0.11976790E+01, -0.17764794E-02, -0.36371994E-02,  0.99206135E-03
    2056.,  0.42498489E+01,  0.11040700E+03, -0.11976790E+01, -0.17802327E-02, -0.40534735E-02,  0.91619582E-03
    2057.,  0.33123489E+01,  0.11040700E+03, -0.11976790E+01, -0.17792269E-02, -0.44553584E-02,  0.73290230E-03
    2058.,  0.33123489E+01,  0.10947419E+03, -0.11976790E+01, -0.13840075E-02, -0.44542183E-02,  0.25709847E-03
    2059.,  0.33123489E+01,  0.10854138E+03, -0.11976790E+01, -0.10028527E-02, -0.44572881E-02, -0.33775158E-03
    2060.,  0.33123489E+01,  0.10760857E+03, -0.11976790E+01, -0.64019764E-03, -0.44783736E-02, -0.12225906E-02
    2061.,  0.33123489E+01,  0.10667575E+03, -0.11976790E+01, -0.28669170E-03, -0.45283349E-02, -0.27157088E-02
    2062.,  0.33123489E+01,  0.10574294E+03, -0.11976790E+01,  0.70926123E-04, -0.46147385E-02, -0.55049105E-02
    2063.,  0.33123489E+01,  0.10481013E+03, -0.11976790E+01,  0.45454430E-03, -0.47540328E-02, -0.11010260E-01
    2064.,  0.33123489E+01,  0.10387732E+03, -0.11976790E+01,  0.99495186E-03, -0.49779289E-02, -0.22350859E-01
    2065.,  0.33123489E+01,  0.10294450E+03, -0.11976790E+01,  0.20204309E-02, -0.55239068E-02, -0.50305182E-01
    2066.,  0.33123489E+01,  0.10201169E+03, -0.11976790E+01,  0.61048554E-02, -0.60990232E-02, -0.12546768E+00
    2067.,  0.33123489E+01,  0.10107888E+03, -0.11976790E+01,  0.23750842E-01,  0.27806504E-02, -0.29739015E+00
    2068.,  0.33123489E+01,  0.10014607E+03, -0.11976790E+01,  0.73175705E-01,  0.45789721E-01, -0.59362698E+00
    2069.,  0.33123489E+01,  0.99213254E+02, -0.11976790E+01,  0.15468933E+00,  0.12932268E+00, -0.97401678E+00
    2070.,  0.33123489E+01,  0.98280441E+02, -0.11976790E+01,  0.24694047E+00,  0.22756334E+00, -0.13803575E+01
    2071.,  0.33123489E+01,  0.97347629E+02, -0.11976790E+01,  0.33935817E+00,  0.32660034E+00, -0.17881889E+01
    2072.,  0.33123489E+01,  0.96414817E+02, -0.11976790E+01,  0.42925492E+00,  0.42186510E+00, -0.21906088E+01
    2073.,  0.33123489E+01,  0.95482004E+02, -0.19237207E+01,  0.68488447E+00,  0.33986251E+00, -0.23584881E+01
    2074.,  0.42498489E+01,  0.95482004E+02, -0.19237207E+01,  0.62701773E+00,  0.28327149E+00, -0.20390996E+01
    2075.,  0.51873489E+01,  0.95482004E+02, -0.19237207E+01,  0.56966416E+00,  0.22365068E+00, -0.17205323E+01
    2076.,  0.61248489E+01,  0.95482004E+02, -0.19237207E+01,  0.50429393E+00,  0.10542526E+00, -0.13937756E+01
    2077.,  0.70623489E+01,  0.95482004E+02, -0.19237207E+01,  0.44885644E+00,  0.56767565E-07, -0.10765063E+01
    2078.,  0.79998489E+01,  0.95482004E+02, -0.19237207E+01,  0.39518657E+00,  0.58504328E-07, -0.76385544E+00
    2079.,  0.89373489E+01,  0.95482004E+02, -0.19237207E+01,  0.34151669E+00,  0.60241147E-07, -0.45120457E+00
    2080.,  0.98748489E+01,  0.95482004E+02, -0.19237207E+01,  0.28784682E+00,  0.61977944E-07, -0.13855371E+00
    2081.,  0.10812349E+02,  0.95482004E+02, -0.19237207E+01,  0.23417694E+00,  0.63714755E-07,  0.17409715E+00
    2082.,  0.11749849E+02,  0.95482004E+02, -0.19237207E+01,  0.18050706E+00,  0.65451538E-07,  0.48674802E+00
    2083.,  0.12687349E+02,  0.95482004E+02, -0.19237207E+01,  0.12683719E+00,  0.67188348E-07,  0.79939888E+00
    2084.,  0.13624849E+02,  0.95482004E+02, -0.19237207E+01,  0.73167310E-01,  0.68925183E-07,  0.11120497E+01
    2085.,  0.14562349E+02,  0.95482004E+02, -0.19237207E+01,  0.19497434E-01,  0.70661980E-07,  0.14247006E+01
    2086.,  0.15499849E+02,  0.95482004E+02, -0.19237207E+01, -0.32719791E-01,  0.93354351E-01,  0.17327843E+01
    2087.,  0.16437349E+02,  0.95482004E+02, -0.19237207E+01, -0.86639337E-01,  0.19181710E+00,  0.20304741E+01
    2088.,  0.17374849E+02,  0.95482004E+02, -0.19237207E+01, -0.14157709E+00,  0.25316370E+00,  0.23381943E+01
    2089.,  0.18312349E+02,  0.95482004E+02, -0.19237207E+01, -0.19604874E+00,  0.30718524E+00,  0.26478649E+01
    2090.,  0.33123489E+01,  0.95482004E+02, -0.26497623E+01,  0.91145086E+00,  0.13782183E+00, -0.22924016E+01
    2091.,  0.42498489E+01,  0.95482004E+02, -0.26497623E+01,  0.85598947E+00,  0.10251600E+00, -0.19782967E+01
    2092.,  0.51873489E+01,  0.95482004E+02, -0.26497623E+01,  0.80001399E+00,  0.59108440E-01, -0.16625769E+01
    2093.,  0.61248489E+01,  0.95482004E+02, -0.26497623E+01,  0.74465704E+00,  0.62094062E-07, -0.13475928E+01
    2094.,  0.70623489E+01,  0.95482004E+02, -0.26497623E+01,  0.69098717E+00,  0.63830873E-07, -0.10349420E+01
    2095.,  0.79998489E+01,  0.95482004E+02, -0.26497623E+01,  0.63731729E+00,  0.65567679E-07, -0.72229110E+00
    2096.,  0.89373489E+01,  0.95482004E+02, -0.26497623E+01,  0.58364742E+00,  0.67304469E-07, -0.40964024E+00
    2097.,  0.98748489E+01,  0.95482004E+02, -0.26497623E+01,  0.52997754E+00,  0.69041261E-07, -0.96989373E-01
    2098.,  0.10812349E+02,  0.95482004E+02, -0.26497623E+01,  0.47630766E+00,  0.70778074E-07,  0.21566149E+00
    2099.,  0.11749849E+02,  0.95482004E+02, -0.26497623E+01,  0.42263779E+00,  0.72514881E-07,  0.52831235E+00
    2100.,  0.12687349E+02,  0.95482004E+02, -0.26497623E+01,  0.36896791E+00,  0.74251672E-07,  0.84096322E+00
    2101.,  0.13624849E+02,  0.95482004E+02, -0.26497623E+01,  0.31529803E+00,  0.75988496E-07,  0.11536141E+01
    2102.,  0.14562349E+02,  0.95482004E+02, -0.26497623E+01,  0.26162816E+00,  0.77725281E-07,  0.14662649E+01
    2103.,  0.15499849E+02,  0.95482004E+02, -0.26497623E+01,  0.20795828E+00,  0.79462088E-07,  0.17789158E+01
    2104.,  0.16437349E+02,  0.95482004E+02, -0.26497623E+01,  0.15465859E+00,  0.45445801E-01,  0.20893180E+01
    2105.,  0.17374849E+02,  0.95482004E+02, -0.26497623E+01,  0.10097903E+00,  0.97330662E-01,  0.23985272E+01
    2106.,  0.18312349E+02,  0.95482004E+02, -0.26497623E+01,  0.45958243E-01,  0.12241735E+00,  0.27128901E+01
    2107.,  0.33123489E+01,  0.95482004E+02, -0.33758040E+01,  0.11477249E+01,  0.18084277E-01, -0.22432796E+01
    2108.,  0.42498489E+01,  0.95482004E+02, -0.33758040E+01,  0.10941275E+01,  0.65683767E-07, -0.19313302E+01
    2109.,  0.51873489E+01,  0.95482004E+02, -0.33758040E+01,  0.10404576E+01,  0.67420561E-07, -0.16186794E+01
    2110.,  0.61248489E+01,  0.95482004E+02, -0.33758040E+01,  0.98678777E+00,  0.69157375E-07, -0.13060285E+01
    2111.,  0.70623489E+01,  0.95482004E+02, -0.33758040E+01,  0.93311789E+00,  0.70894170E-07, -0.99337763E+00
    2112.,  0.79998489E+01,  0.95482004E+02, -0.33758040E+01,  0.87944802E+00,  0.72630965E-07, -0.68072676E+00
    2113.,  0.89373489E+01,  0.95482004E+02, -0.33758040E+01,  0.82577814E+00,  0.74367791E-07, -0.36807590E+00
    2114.,  0.98748489E+01,  0.95482004E+02, -0.33758040E+01,  0.77210826E+00,  0.76104579E-07, -0.55425036E-01
    2115.,  0.10812349E+02,  0.95482004E+02, -0.33758040E+01,  0.71843839E+00,  0.77841393E-07,  0.25722583E+00
    2116.,  0.11749849E+02,  0.95482004E+02, -0.33758040E+01,  0.66476851E+00,  0.79578192E-07,  0.56987669E+00
    2117.,  0.12687349E+02,  0.95482004E+02, -0.33758040E+01,  0.61109864E+00,  0.81314988E-07,  0.88252755E+00
    2118.,  0.13624849E+02,  0.95482004E+02, -0.33758040E+01,  0.55742876E+00,  0.83051791E-07,  0.11951784E+01
    2119.,  0.14562349E+02,  0.95482004E+02, -0.33758040E+01,  0.50375888E+00,  0.84788615E-07,  0.15078293E+01
    2120.,  0.15499849E+02,  0.95482004E+02, -0.33758040E+01,  0.45008901E+00,  0.86525407E-07,  0.18204801E+01
    2121.,  0.16437349E+02,  0.95482004E+02, -0.33758040E+01,  0.39641913E+00,  0.88262210E-07,  0.21331310E+01
    2122.,  0.17374849E+02,  0.95482004E+02, -0.33758040E+01,  0.34306810E+00,  0.22169582E-01,  0.24451373E+01
    2123.,  0.18312349E+02,  0.95482004E+02, -0.33758040E+01,  0.28893565E+00,  0.32568150E-01,  0.27583454E+01
    2124.,  0.33123489E+01,  0.95482004E+02, -0.41018457E+01,  0.13898869E+01, -0.17880258E-02, -0.22022745E+01
    2125.,  0.42498489E+01,  0.95482004E+02, -0.41018457E+01,  0.13362582E+01,  0.72747092E-07, -0.18897659E+01
    2126.,  0.51873489E+01,  0.95482004E+02, -0.41018457E+01,  0.12825884E+01,  0.74483886E-07, -0.15771150E+01
    2127.,  0.61248489E+01,  0.95482004E+02, -0.41018457E+01,  0.12289185E+01,  0.76220685E-07, -0.12644642E+01
    2128.,  0.70623489E+01,  0.95482004E+02, -0.41018457E+01,  0.11752486E+01,  0.77957515E-07, -0.95181329E+00
    2129.,  0.79998489E+01,  0.95482004E+02, -0.41018457E+01,  0.11215787E+01,  0.79694295E-07, -0.63916243E+00
    2130.,  0.89373489E+01,  0.95482004E+02, -0.41018457E+01,  0.10679089E+01,  0.81431117E-07, -0.32651156E+00
    2131.,  0.98748489E+01,  0.95482004E+02, -0.41018457E+01,  0.10142390E+01,  0.83167889E-07, -0.13860698E-01
    2132.,  0.10812349E+02,  0.95482004E+02, -0.41018457E+01,  0.96056911E+00,  0.84904708E-07,  0.29879017E+00
    2133.,  0.11749849E+02,  0.95482004E+02, -0.41018457E+01,  0.90689924E+00,  0.86641511E-07,  0.61144103E+00
    2134.,  0.12687349E+02,  0.95482004E+02, -0.41018457E+01,  0.85322936E+00,  0.88378313E-07,  0.92409189E+00
    2135.,  0.13624849E+02,  0.95482004E+02, -0.41018457E+01,  0.79955948E+00,  0.90115129E-07,  0.12367428E+01
    2136.,  0.14562349E+02,  0.95482004E+02, -0.41018457E+01,  0.74588961E+00,  0.91851923E-07,  0.15493936E+01
    2137.,  0.15499849E+02,  0.95482004E+02, -0.41018457E+01,  0.69221973E+00,  0.93588722E-07,  0.18620445E+01
    2138.,  0.16437349E+02,  0.95482004E+02, -0.41018457E+01,  0.63854985E+00,  0.95325539E-07,  0.21746953E+01
    2139.,  0.17374849E+02,  0.95482004E+02, -0.41018457E+01,  0.58487998E+00,  0.97062346E-07,  0.24873462E+01
    2140.,  0.18312349E+02,  0.95482004E+02, -0.41018457E+01,  0.53130405E+00,  0.36889531E-02,  0.28000107E+01
    2141.,  0.33123489E+01,  0.95482004E+02, -0.48278873E+01,  0.16320588E+01,  0.78073599E-07, -0.21608524E+01
    2142.,  0.42498489E+01,  0.95482004E+02, -0.48278873E+01,  0.15783890E+01,  0.79810403E-07, -0.18482015E+01
    2143.,  0.51873489E+01,  0.95482004E+02, -0.48278873E+01,  0.15247191E+01,  0.81547221E-07, -0.15355507E+01
    2144.,  0.61248489E+01,  0.95482004E+02, -0.48278873E+01,  0.14710492E+01,  0.83284018E-07, -0.12228998E+01
    2145.,  0.70623489E+01,  0.95482004E+02, -0.48278873E+01,  0.14173793E+01,  0.85020816E-07, -0.91024895E+00
    2146.,  0.79998489E+01,  0.95482004E+02, -0.48278873E+01,  0.13637095E+01,  0.86757623E-07, -0.59759809E+00
    2147.,  0.89373489E+01,  0.95482004E+02, -0.48278873E+01,  0.13100396E+01,  0.88494428E-07, -0.28494722E+00
    2148.,  0.98748489E+01,  0.95482004E+02, -0.48278873E+01,  0.12563697E+01,  0.90231230E-07,  0.27703639E-01
    2149.,  0.10812349E+02,  0.95482004E+02, -0.48278873E+01,  0.12026998E+01,  0.91968023E-07,  0.34035450E+00
    2150.,  0.11749849E+02,  0.95482004E+02, -0.48278873E+01,  0.11490300E+01,  0.93704835E-07,  0.65300537E+00
    2151.,  0.12687349E+02,  0.95482004E+02, -0.48278873E+01,  0.10953601E+01,  0.95441641E-07,  0.96565623E+00
    2152.,  0.13624849E+02,  0.95482004E+02, -0.48278873E+01,  0.10416902E+01,  0.97178452E-07,  0.12783071E+01
    2153.,  0.14562349E+02,  0.95482004E+02, -0.48278873E+01,  0.98802033E+00,  0.98915242E-07,  0.15909580E+01
    2154.,  0.15499849E+02,  0.95482004E+02, -0.48278873E+01,  0.93435045E+00,  0.10065204E-06,  0.19036088E+01
    2155.,  0.16437349E+02,  0.95482004E+02, -0.48278873E+01,  0.88068058E+00,  0.10238886E-06,  0.22162597E+01
    2156.,  0.17374849E+02,  0.95482004E+02, -0.48278873E+01,  0.82701070E+00,  0.10412565E-06,  0.25289105E+01
    2157.,  0.18312349E+02,  0.95482004E+02, -0.48278873E+01,  0.77334083E+00,  0.10586246E-06,  0.28415614E+01
    2158.,  0.33123489E+01,  0.95482004E+02, -0.55539290E+01,  0.18741896E+01,  0.85136919E-07, -0.21192881E+01
    2159.,  0.42498489E+01,  0.95482004E+02, -0.55539290E+01,  0.18205197E+01,  0.86873730E-07, -0.18066372E+01
    2160.,  0.51873489E+01,  0.95482004E+02, -0.55539290E+01,  0.17668498E+01,  0.88610535E-07, -0.14939863E+01
    2161.,  0.61248489E+01,  0.95482004E+02, -0.55539290E+01,  0.17131799E+01,  0.90347339E-07, -0.11813355E+01
    2162.,  0.70623489E+01,  0.95482004E+02, -0.55539290E+01,  0.16595101E+01,  0.92084141E-07, -0.86868461E+00
    2163.,  0.79998489E+01,  0.95482004E+02, -0.55539290E+01,  0.16058402E+01,  0.93820940E-07, -0.55603375E+00
    2164.,  0.89373489E+01,  0.95482004E+02, -0.55539290E+01,  0.15521703E+01,  0.95557738E-07, -0.24338289E+00
    2165.,  0.98748489E+01,  0.95482004E+02, -0.55539290E+01,  0.14985004E+01,  0.97294541E-07,  0.69267977E-01
    2166.,  0.10812349E+02,  0.95482004E+02, -0.55539290E+01,  0.14448306E+01,  0.99031348E-07,  0.38191884E+00
    2167.,  0.11749849E+02,  0.95482004E+02, -0.55539290E+01,  0.13911607E+01,  0.10076815E-06,  0.69456970E+00
    2168.,  0.12687349E+02,  0.95482004E+02, -0.55539290E+01,  0.13374908E+01,  0.10250495E-06,  0.10072206E+01
    2169.,  0.13624849E+02,  0.95482004E+02, -0.55539290E+01,  0.12838209E+01,  0.10424177E-06,  0.13198714E+01
    2170.,  0.14562349E+02,  0.95482004E+02, -0.55539290E+01,  0.12301511E+01,  0.10597856E-06,  0.16325223E+01
    2171.,  0.15499849E+02,  0.95482004E+02, -0.55539290E+01,  0.11764812E+01,  0.10771536E-06,  0.19451732E+01
    2172.,  0.16437349E+02,  0.95482004E+02, -0.55539290E+01,  0.11228113E+01,  0.10945217E-06,  0.22578240E+01
    2173.,  0.17374849E+02,  0.95482004E+02, -0.55539290E+01,  0.10691414E+01,  0.11118898E-06,  0.25704749E+01
    2174.,  0.18312349E+02,  0.95482004E+02, -0.55539290E+01,  0.10154716E+01,  0.11292579E-06,  0.28831257E+01
    2175.,  0.33123489E+01,  0.95482004E+02, -0.62799707E+01,  0.21163203E+01,  0.92200246E-07, -0.20777237E+01
    2176.,  0.42498489E+01,  0.95482004E+02, -0.62799707E+01,  0.20626504E+01,  0.93937040E-07, -0.17650729E+01
    2177.,  0.51873489E+01,  0.95482004E+02, -0.62799707E+01,  0.20089805E+01,  0.95673857E-07, -0.14524220E+01
    2178.,  0.61248489E+01,  0.95482004E+02, -0.62799707E+01,  0.19553107E+01,  0.97410649E-07, -0.11397711E+01
    2179.,  0.70623489E+01,  0.95482004E+02, -0.62799707E+01,  0.19016408E+01,  0.99147456E-07, -0.82712028E+00
    2180.,  0.79998489E+01,  0.95482004E+02, -0.62799707E+01,  0.18479709E+01,  0.10088426E-06, -0.51446941E+00
    2181.,  0.89373489E+01,  0.95482004E+02, -0.62799707E+01,  0.17943010E+01,  0.10262105E-06, -0.20181855E+00
    2182.,  0.98748489E+01,  0.95482004E+02, -0.62799707E+01,  0.17406312E+01,  0.10435786E-06,  0.11083231E+00
    2183.,  0.10812349E+02,  0.95482004E+02, -0.62799707E+01,  0.16869613E+01,  0.10609468E-06,  0.42348318E+00
    2184.,  0.11749849E+02,  0.95482004E+02, -0.62799707E+01,  0.16332914E+01,  0.10783149E-06,  0.73613404E+00
    2185.,  0.12687349E+02,  0.95482004E+02, -0.62799707E+01,  0.15796215E+01,  0.10956828E-06,  0.10487849E+01
    2186.,  0.13624849E+02,  0.95482004E+02, -0.62799707E+01,  0.15259517E+01,  0.11130509E-06,  0.13614358E+01
    2187.,  0.14562349E+02,  0.95482004E+02, -0.62799707E+01,  0.14722818E+01,  0.11304187E-06,  0.16740866E+01
    2188.,  0.15499849E+02,  0.95482004E+02, -0.62799707E+01,  0.14186119E+01,  0.11477868E-06,  0.19867375E+01
    2189.,  0.16437349E+02,  0.95482004E+02, -0.62799707E+01,  0.13649420E+01,  0.11651549E-06,  0.22993884E+01
    2190.,  0.17374849E+02,  0.95482004E+02, -0.62799707E+01,  0.13112722E+01,  0.11825230E-06,  0.26120392E+01
    2191.,  0.18312349E+02,  0.95482004E+02, -0.62799707E+01,  0.12576023E+01,  0.11998910E-06,  0.29246901E+01
    2192.,  0.33123489E+01,  0.95482004E+02, -0.70060123E+01,  0.23584510E+01,  0.99263569E-07, -0.20361594E+01
    2193.,  0.42498489E+01,  0.95482004E+02, -0.70060123E+01,  0.23047811E+01,  0.10100036E-06, -0.17235085E+01
    2194.,  0.51873489E+01,  0.95482004E+02, -0.70060123E+01,  0.22511113E+01,  0.10273718E-06, -0.14108577E+01
    2195.,  0.61248489E+01,  0.95482004E+02, -0.70060123E+01,  0.21974414E+01,  0.10447398E-06, -0.10982068E+01
    2196.,  0.70623489E+01,  0.95482004E+02, -0.70060123E+01,  0.21437715E+01,  0.10621078E-06, -0.78555594E+00
    2197.,  0.79998489E+01,  0.95482004E+02, -0.70060123E+01,  0.20901016E+01,  0.10794757E-06, -0.47290507E+00
    2198.,  0.89373489E+01,  0.95482004E+02, -0.70060123E+01,  0.20364318E+01,  0.10968439E-06, -0.16025421E+00
    2199.,  0.98748489E+01,  0.95482004E+02, -0.70060123E+01,  0.19827619E+01,  0.11142118E-06,  0.15239665E+00
    2200.,  0.10812349E+02,  0.95482004E+02, -0.70060123E+01,  0.19290920E+01,  0.11315800E-06,  0.46504752E+00
    2201.,  0.11749849E+02,  0.95482004E+02, -0.70060123E+01,  0.18754221E+01,  0.11489480E-06,  0.77769838E+00
    2202.,  0.12687349E+02,  0.95482004E+02, -0.70060123E+01,  0.18217523E+01,  0.11663160E-06,  0.10903492E+01
    2203.,  0.13624849E+02,  0.95482004E+02, -0.70060123E+01,  0.17680824E+01,  0.11836839E-06,  0.14030001E+01
    2204.,  0.14562349E+02,  0.95482004E+02, -0.70060123E+01,  0.17144125E+01,  0.12010521E-06,  0.17156510E+01
    2205.,  0.15499849E+02,  0.95482004E+02, -0.70060123E+01,  0.16607426E+01,  0.12184201E-06,  0.20283018E+01
    2206.,  0.16437349E+02,  0.95482004E+02, -0.70060123E+01,  0.16070728E+01,  0.12357883E-06,  0.23409527E+01
    2207.,  0.17374849E+02,  0.95482004E+02, -0.70060123E+01,  0.15534029E+01,  0.12531562E-06,  0.26536036E+01
    2208.,  0.18312349E+02,  0.95482004E+02, -0.70060123E+01,  0.14997330E+01,  0.12705241E-06,  0.29662544E+01
    2209.,  0.33123489E+01,  0.95482004E+02, -0.77320540E+01,  0.26005817E+01,  0.10632688E-06, -0.19945951E+01
    2210.,  0.42498489E+01,  0.95482004E+02, -0.77320540E+01,  0.25469119E+01,  0.10806367E-06, -0.16819442E+01
    2211.,  0.51873489E+01,  0.95482004E+02, -0.77320540E+01,  0.24932420E+01,  0.10980049E-06, -0.13692933E+01
    2212.,  0.61248489E+01,  0.95482004E+02, -0.77320540E+01,  0.24395721E+01,  0.11153728E-06, -0.10566425E+01
    2213.,  0.70623489E+01,  0.95482004E+02, -0.77320540E+01,  0.23859022E+01,  0.11327409E-06, -0.74399160E+00
    2214.,  0.79998489E+01,  0.95482004E+02, -0.77320540E+01,  0.23322324E+01,  0.11501090E-06, -0.43134074E+00
    2215.,  0.89373489E+01,  0.95482004E+02, -0.77320540E+01,  0.22785625E+01,  0.11674770E-06, -0.11868987E+00
    2216.,  0.98748489E+01,  0.95482004E+02, -0.77320540E+01,  0.22248926E+01,  0.11848451E-06,  0.19396099E+00
    2217.,  0.10812349E+02,  0.95482004E+02, -0.77320540E+01,  0.21712227E+01,  0.12022130E-06,  0.50661185E+00
    2218.,  0.11749849E+02,  0.95482004E+02, -0.77320540E+01,  0.21175529E+01,  0.12195811E-06,  0.81926272E+00
    2219.,  0.12687349E+02,  0.95482004E+02, -0.77320540E+01,  0.20638830E+01,  0.12369492E-06,  0.11319136E+01
    2220.,  0.13624849E+02,  0.95482004E+02, -0.77320540E+01,  0.20102131E+01,  0.12543173E-06,  0.14445644E+01
    2221.,  0.14562349E+02,  0.95482004E+02, -0.77320540E+01,  0.19565432E+01,  0.12716852E-06,  0.17572153E+01
    2222.,  0.15499849E+02,  0.95482004E+02, -0.77320540E+01,  0.19028734E+01,  0.12890532E-06,  0.20698662E+01
    2223.,  0.16437349E+02,  0.95482004E+02, -0.77320540E+01,  0.18492035E+01,  0.13064213E-06,  0.23825170E+01
    2224.,  0.17374849E+02,  0.95482004E+02, -0.77320540E+01,  0.17955336E+01,  0.13237894E-06,  0.26951679E+01
    2225.,  0.18312349E+02,  0.95482004E+02, -0.77320540E+01,  0.17418637E+01,  0.13411574E-06,  0.30078188E+01
    2226.,  0.33123489E+01,  0.95482004E+02, -0.84580957E+01,  0.28427125E+01,  0.11339019E-06, -0.19530307E+01
    2227.,  0.42498489E+01,  0.95482004E+02, -0.84580957E+01,  0.27890426E+01,  0.11512700E-06, -0.16403799E+01
    2228.,  0.51873489E+01,  0.95482004E+02, -0.84580957E+01,  0.27353727E+01,  0.11686381E-06, -0.13277290E+01
    2229.,  0.61248489E+01,  0.95482004E+02, -0.84580957E+01,  0.26817028E+01,  0.11860062E-06, -0.10150781E+01
    2230.,  0.70623489E+01,  0.95482004E+02, -0.84580957E+01,  0.26280330E+01,  0.12033740E-06, -0.70242726E+00
    2231.,  0.79998489E+01,  0.95482004E+02, -0.84580957E+01,  0.25743631E+01,  0.12207421E-06, -0.38977640E+00
    2232.,  0.89373489E+01,  0.95482004E+02, -0.84580957E+01,  0.25206932E+01,  0.12381102E-06, -0.77125536E-01
    2233.,  0.98748489E+01,  0.95482004E+02, -0.84580957E+01,  0.24670233E+01,  0.12554782E-06,  0.23552533E+00
    2234.,  0.10812349E+02,  0.95482004E+02, -0.84580957E+01,  0.24133535E+01,  0.12728463E-06,  0.54817619E+00
    2235.,  0.11749849E+02,  0.95482004E+02, -0.84580957E+01,  0.23596836E+01,  0.12902143E-06,  0.86082705E+00
    2236.,  0.12687349E+02,  0.95482004E+02, -0.84580957E+01,  0.23060137E+01,  0.13075823E-06,  0.11734779E+01
    2237.,  0.13624849E+02,  0.95482004E+02, -0.84580957E+01,  0.22523438E+01,  0.13249504E-06,  0.14861288E+01
    2238.,  0.14562349E+02,  0.95482004E+02, -0.84580957E+01,  0.21986740E+01,  0.13423185E-06,  0.17987796E+01
    2239.,  0.15499849E+02,  0.95482004E+02, -0.84580957E+01,  0.21450041E+01,  0.13596865E-06,  0.21114305E+01
    2240.,  0.16437349E+02,  0.95482004E+02, -0.84580957E+01,  0.20913342E+01,  0.13770544E-06,  0.24240814E+01
    2241.,  0.17374849E+02,  0.95482004E+02, -0.84580957E+01,  0.20376643E+01,  0.13944224E-06,  0.27367322E+01
    2242.,  0.18312349E+02,  0.95482004E+02, -0.84580957E+01,  0.19839944E+01,  0.14117906E-06,  0.30493831E+01
    2243.,  0.33123489E+01,  0.95482004E+02, -0.91841373E+01,  0.30848432E+01,  0.12045352E-06, -0.19114664E+01
    2244.,  0.42498489E+01,  0.95482004E+02, -0.91841373E+01,  0.30311733E+01,  0.12219032E-06, -0.15988155E+01
    2245.,  0.51873489E+01,  0.95482004E+02, -0.91841373E+01,  0.29775034E+01,  0.12392713E-06, -0.12861647E+01
    2246.,  0.61248489E+01,  0.95482004E+02, -0.91841373E+01,  0.29238336E+01,  0.12566392E-06, -0.97351379E+00
    2247.,  0.70623489E+01,  0.95482004E+02, -0.91841373E+01,  0.28701637E+01,  0.12740074E-06, -0.66086293E+00
    2248.,  0.79998489E+01,  0.95482004E+02, -0.91841373E+01,  0.28164938E+01,  0.12913754E-06, -0.34821206E+00
    2249.,  0.89373489E+01,  0.95482004E+02, -0.91841373E+01,  0.27628239E+01,  0.13087434E-06, -0.35561199E-01
    2250.,  0.98748489E+01,  0.95482004E+02, -0.91841373E+01,  0.27091541E+01,  0.13261116E-06,  0.27708966E+00
    2251.,  0.10812349E+02,  0.95482004E+02, -0.91841373E+01,  0.26554842E+01,  0.13434795E-06,  0.58974053E+00
    2252.,  0.11749849E+02,  0.95482004E+02, -0.91841373E+01,  0.26018143E+01,  0.13608474E-06,  0.90239139E+00
    2253.,  0.12687349E+02,  0.95482004E+02, -0.91841373E+01,  0.25481444E+01,  0.13782155E-06,  0.12150423E+01
    2254.,  0.13624849E+02,  0.95482004E+02, -0.91841373E+01,  0.24944746E+01,  0.13955835E-06,  0.15276931E+01
    2255.,  0.14562349E+02,  0.95482004E+02, -0.91841373E+01,  0.24408047E+01,  0.14129516E-06,  0.18403440E+01
    2256.,  0.15499849E+02,  0.95482004E+02, -0.91841373E+01,  0.23871348E+01,  0.14303197E-06,  0.21529948E+01
    2257.,  0.16437349E+02,  0.95482004E+02, -0.91841373E+01,  0.23334649E+01,  0.14476878E-06,  0.24656457E+01
    2258.,  0.17374849E+02,  0.95482004E+02, -0.91841373E+01,  0.22797950E+01,  0.14650558E-06,  0.27782966E+01
    2259.,  0.18312349E+02,  0.95482004E+02, -0.91841373E+01,  0.22261252E+01,  0.14824238E-06,  0.30909474E+01
    2260.,  0.33123489E+01,  0.95482004E+02, -0.99101790E+01,  0.33269739E+01,  0.12751684E-06, -0.18699020E+01
    2261.,  0.42498489E+01,  0.95482004E+02, -0.99101790E+01,  0.32733040E+01,  0.12925364E-06, -0.15572512E+01
    2262.,  0.51873489E+01,  0.95482004E+02, -0.99101790E+01,  0.32196342E+01,  0.13099045E-06, -0.12446003E+01
    2263.,  0.61248489E+01,  0.95482004E+02, -0.99101790E+01,  0.31659643E+01,  0.13272725E-06, -0.93194945E+00
    2264.,  0.70623489E+01,  0.95482004E+02, -0.99101790E+01,  0.31122944E+01,  0.13446405E-06, -0.61929859E+00
    2265.,  0.79998489E+01,  0.95482004E+02, -0.99101790E+01,  0.30586245E+01,  0.13620087E-06, -0.30664772E+00
    2266.,  0.89373489E+01,  0.95482004E+02, -0.99101790E+01,  0.30049547E+01,  0.13793765E-06,  0.60031387E-02
    2267.,  0.98748489E+01,  0.95482004E+02, -0.99101790E+01,  0.29512848E+01,  0.13967446E-06,  0.31865400E+00
    2268.,  0.10812349E+02,  0.95482004E+02, -0.99101790E+01,  0.28976149E+01,  0.14141127E-06,  0.63130487E+00
    2269.,  0.11749849E+02,  0.95482004E+02, -0.99101790E+01,  0.28439450E+01,  0.14314806E-06,  0.94395573E+00
    2270.,  0.12687349E+02,  0.95482004E+02, -0.99101790E+01,  0.27902752E+01,  0.14488487E-06,  0.12566066E+01
    2271.,  0.13624849E+02,  0.95482004E+02, -0.99101790E+01,  0.27366053E+01,  0.14662169E-06,  0.15692575E+01
    2272.,  0.14562349E+02,  0.95482004E+02, -0.99101790E+01,  0.26829354E+01,  0.14835848E-06,  0.18819083E+01
    2273.,  0.15499849E+02,  0.95482004E+02, -0.99101790E+01,  0.26292655E+01,  0.15009528E-06,  0.21945592E+01
    2274.,  0.16437349E+02,  0.95482004E+02, -0.99101790E+01,  0.25755956E+01,  0.15183208E-06,  0.25072100E+01
    2275.,  0.17374849E+02,  0.95482004E+02, -0.99101790E+01,  0.25219258E+01,  0.15356890E-06,  0.28198609E+01
    2276.,  0.18312349E+02,  0.95482004E+02, -0.99101790E+01,  0.24682559E+01,  0.15530571E-06,  0.31325118E+01
    2277.,  0.33123489E+01,  0.95482004E+02, -0.10636221E+02,  0.35691046E+01,  0.13458015E-06, -0.18283377E+01
    2278.,  0.42498489E+01,  0.95482004E+02, -0.10636221E+02,  0.35154348E+01,  0.13631697E-06, -0.15156868E+01
    2279.,  0.51873489E+01,  0.95482004E+02, -0.10636221E+02,  0.34617649E+01,  0.13805377E-06, -0.12030360E+01
    2280.,  0.61248489E+01,  0.95482004E+02, -0.10636221E+02,  0.34080950E+01,  0.13979057E-06, -0.89038511E+00
    2281.,  0.70623489E+01,  0.95482004E+02, -0.10636221E+02,  0.33544251E+01,  0.14152737E-06, -0.57773425E+00
    2282.,  0.79998489E+01,  0.95482004E+02, -0.10636221E+02,  0.33007553E+01,  0.14326418E-06, -0.26508339E+00
    2283.,  0.89373489E+01,  0.95482004E+02, -0.10636221E+02,  0.32470854E+01,  0.14500099E-06,  0.47567476E-01
    2284.,  0.98748489E+01,  0.95482004E+02, -0.10636221E+02,  0.31934155E+01,  0.14673779E-06,  0.36021834E+00
    2285.,  0.10812349E+02,  0.95482004E+02, -0.10636221E+02,  0.31397456E+01,  0.14847458E-06,  0.67286920E+00
    2286.,  0.11749849E+02,  0.95482004E+02, -0.10636221E+02,  0.30860758E+01,  0.15021139E-06,  0.98552007E+00
    2287.,  0.12687349E+02,  0.95482004E+02, -0.10636221E+02,  0.30324059E+01,  0.15194819E-06,  0.12981709E+01
    2288.,  0.13624849E+02,  0.95482004E+02, -0.10636221E+02,  0.29787360E+01,  0.15368500E-06,  0.16108218E+01
    2289.,  0.14562349E+02,  0.95482004E+02, -0.10636221E+02,  0.29250661E+01,  0.15542180E-06,  0.19234727E+01
    2290.,  0.15499849E+02,  0.95482004E+02, -0.10636221E+02,  0.28713963E+01,  0.15715861E-06,  0.22361235E+01
    2291.,  0.16437349E+02,  0.95482004E+02, -0.10636221E+02,  0.28177264E+01,  0.15889540E-06,  0.25487744E+01
    2292.,  0.17374849E+02,  0.95482004E+02, -0.10636221E+02,  0.27640565E+01,  0.16063221E-06,  0.28614252E+01
    2293.,  0.18312349E+02,  0.95482004E+02, -0.10636221E+02,  0.27103866E+01,  0.16236901E-06,  0.31740761E+01
    2294.,  0.33123489E+01,  0.95482004E+02, -0.11362262E+02,  0.38112354E+01,  0.14164348E-06, -0.17867734E+01
    2295.,  0.42498489E+01,  0.95482004E+02, -0.11362262E+02,  0.37575655E+01,  0.14338028E-06, -0.14741225E+01
    2296.,  0.51873489E+01,  0.95482004E+02, -0.11362262E+02,  0.37038956E+01,  0.14511709E-06, -0.11614716E+01
    2297.,  0.61248489E+01,  0.95482004E+02, -0.11362262E+02,  0.36502257E+01,  0.14685390E-06, -0.84882078E+00
    2298.,  0.70623489E+01,  0.95482004E+02, -0.11362262E+02,  0.35965559E+01,  0.14859070E-06, -0.53616991E+00
    2299.,  0.79998489E+01,  0.95482004E+02, -0.11362262E+02,  0.35428860E+01,  0.15032749E-06, -0.22351905E+00
    2300.,  0.89373489E+01,  0.95482004E+02, -0.11362262E+02,  0.34892161E+01,  0.15206430E-06,  0.89131814E-01
    2301.,  0.98748489E+01,  0.95482004E+02, -0.11362262E+02,  0.34355462E+01,  0.15380111E-06,  0.40178268E+00
    2302.,  0.10812349E+02,  0.95482004E+02, -0.11362262E+02,  0.33818764E+01,  0.15553791E-06,  0.71443354E+00
    2303.,  0.11749849E+02,  0.95482004E+02, -0.11362262E+02,  0.33282065E+01,  0.15727470E-06,  0.10270844E+01
    2304.,  0.12687349E+02,  0.95482004E+02, -0.11362262E+02,  0.32745366E+01,  0.15901152E-06,  0.13397353E+01
    2305.,  0.13624849E+02,  0.95482004E+02, -0.11362262E+02,  0.32208667E+01,  0.16074832E-06,  0.16523861E+01
    2306.,  0.14562349E+02,  0.95482004E+02, -0.11362262E+02,  0.31671968E+01,  0.16248512E-06,  0.19650370E+01
    2307.,  0.15499849E+02,  0.95482004E+02, -0.11362262E+02,  0.31135270E+01,  0.16422191E-06,  0.22776879E+01
    2308.,  0.16437349E+02,  0.95482004E+02, -0.11362262E+02,  0.30598571E+01,  0.16595873E-06,  0.25903387E+01
    2309.,  0.17374849E+02,  0.95482004E+02, -0.11362262E+02,  0.30061872E+01,  0.16769554E-06,  0.29029896E+01
    2310.,  0.18312349E+02,  0.95482004E+02, -0.11362262E+02,  0.29525173E+01,  0.16943234E-06,  0.32156404E+01
    2311.,  0.33123489E+01,  0.95482004E+02, -0.12088304E+02,  0.40533661E+01,  0.14870679E-06, -0.17452090E+01
    2312.,  0.42498489E+01,  0.95482004E+02, -0.12088304E+02,  0.39996962E+01,  0.15044361E-06, -0.14325582E+01
    2313.,  0.51873489E+01,  0.95482004E+02, -0.12088304E+02,  0.39460263E+01,  0.15218040E-06, -0.11199073E+01
    2314.,  0.61248489E+01,  0.95482004E+02, -0.12088304E+02,  0.38923565E+01,  0.15391720E-06, -0.80725644E+00
    2315.,  0.70623489E+01,  0.95482004E+02, -0.12088304E+02,  0.38386866E+01,  0.15565401E-06, -0.49460558E+00
    2316.,  0.79998489E+01,  0.95482004E+02, -0.12088304E+02,  0.37850167E+01,  0.15739082E-06, -0.18195471E+00
    2317.,  0.89373489E+01,  0.95482004E+02, -0.12088304E+02,  0.37313468E+01,  0.15912761E-06,  0.13069615E+00
    2318.,  0.98748489E+01,  0.95482004E+02, -0.12088304E+02,  0.36776770E+01,  0.16086442E-06,  0.44334701E+00
    2319.,  0.10812349E+02,  0.95482004E+02, -0.12088304E+02,  0.36240071E+01,  0.16260122E-06,  0.75599788E+00
    2320.,  0.11749849E+02,  0.95482004E+02, -0.12088304E+02,  0.35703372E+01,  0.16433803E-06,  0.10686487E+01
    2321.,  0.12687349E+02,  0.95482004E+02, -0.12088304E+02,  0.35166673E+01,  0.16607483E-06,  0.13812996E+01
    2322.,  0.13624849E+02,  0.95482004E+02, -0.12088304E+02,  0.34629975E+01,  0.16781164E-06,  0.16939505E+01
    2323.,  0.14562349E+02,  0.95482004E+02, -0.12088304E+02,  0.34093276E+01,  0.16954843E-06,  0.20066013E+01
    2324.,  0.15499849E+02,  0.95482004E+02, -0.12088304E+02,  0.33556577E+01,  0.17128524E-06,  0.23192522E+01
    2325.,  0.16437349E+02,  0.95482004E+02, -0.12088304E+02,  0.33019878E+01,  0.17302204E-06,  0.26319031E+01
    2326.,  0.17374849E+02,  0.95482004E+02, -0.12088304E+02,  0.32483179E+01,  0.17475885E-06,  0.29445539E+01
    2327.,  0.18312349E+02,  0.95482004E+02, -0.12088304E+02,  0.31946481E+01,  0.17649565E-06,  0.32572048E+01
    2328.,  0.33123489E+01,  0.95482004E+02, -0.12814346E+02,  0.42954968E+01,  0.15577011E-06, -0.17036447E+01
    2329.,  0.42498489E+01,  0.95482004E+02, -0.12814346E+02,  0.42418269E+01,  0.15750691E-06, -0.13909938E+01
    2330.,  0.51873489E+01,  0.95482004E+02, -0.12814346E+02,  0.41881571E+01,  0.15924373E-06, -0.10783430E+01
    2331.,  0.61248489E+01,  0.95482004E+02, -0.12814346E+02,  0.41344872E+01,  0.16098053E-06, -0.76569210E+00
    2332.,  0.70623489E+01,  0.95482004E+02, -0.12814346E+02,  0.40808173E+01,  0.16271734E-06, -0.45304124E+00
    2333.,  0.79998489E+01,  0.95482004E+02, -0.12814346E+02,  0.40271474E+01,  0.16445414E-06, -0.14039037E+00
    2334.,  0.89373489E+01,  0.95482004E+02, -0.12814346E+02,  0.39734776E+01,  0.16619094E-06,  0.17226049E+00
    2335.,  0.98748489E+01,  0.95482004E+02, -0.12814346E+02,  0.39198077E+01,  0.16792774E-06,  0.48491135E+00
    2336.,  0.10812349E+02,  0.95482004E+02, -0.12814346E+02,  0.38661378E+01,  0.16966455E-06,  0.79756222E+00
    2337.,  0.11749849E+02,  0.95482004E+02, -0.12814346E+02,  0.38124679E+01,  0.17140135E-06,  0.11102131E+01
    2338.,  0.12687349E+02,  0.95482004E+02, -0.12814346E+02,  0.37587981E+01,  0.17313816E-06,  0.14228639E+01
    2339.,  0.13624849E+02,  0.95482004E+02, -0.12814346E+02,  0.37051282E+01,  0.17487496E-06,  0.17355148E+01
    2340.,  0.14562349E+02,  0.95482004E+02, -0.12814346E+02,  0.36514583E+01,  0.17661177E-06,  0.20481657E+01
    2341.,  0.15499849E+02,  0.95482004E+02, -0.12814346E+02,  0.35977884E+01,  0.17834857E-06,  0.23608165E+01
    2342.,  0.16437349E+02,  0.95482004E+02, -0.12814346E+02,  0.35441185E+01,  0.18008537E-06,  0.26734674E+01
    2343.,  0.17374849E+02,  0.95482004E+02, -0.12814346E+02,  0.34904487E+01,  0.18182217E-06,  0.29861183E+01
    2344.,  0.18312349E+02,  0.95482004E+02, -0.12814346E+02,  0.34367788E+01,  0.18355898E-06,  0.32987691E+01
    2345.,  0.33123489E+01,  0.95482004E+02, -0.13540387E+02,  0.45376275E+01,  0.16283344E-06, -0.16620804E+01
    2346.,  0.42498489E+01,  0.95482004E+02, -0.13540387E+02,  0.44839577E+01,  0.16457024E-06, -0.13494295E+01
    2347.,  0.51873489E+01,  0.95482004E+02, -0.13540387E+02,  0.44302878E+01,  0.16630705E-06, -0.10367786E+01
    2348.,  0.61248489E+01,  0.95482004E+02, -0.13540387E+02,  0.43766179E+01,  0.16804385E-06, -0.72412776E+00
    2349.,  0.70623489E+01,  0.95482004E+02, -0.13540387E+02,  0.43229480E+01,  0.16978065E-06, -0.41147690E+00
    2350.,  0.79998489E+01,  0.95482004E+02, -0.13540387E+02,  0.42692782E+01,  0.17151747E-06, -0.98826037E-01
    2351.,  0.89373489E+01,  0.95482004E+02, -0.13540387E+02,  0.42156083E+01,  0.17325426E-06,  0.21382483E+00
    2352.,  0.98748489E+01,  0.95482004E+02, -0.13540387E+02,  0.41619384E+01,  0.17499107E-06,  0.52647569E+00
    2353.,  0.10812349E+02,  0.95482004E+02, -0.13540387E+02,  0.41082685E+01,  0.17672786E-06,  0.83912655E+00
    2354.,  0.11749849E+02,  0.95482004E+02, -0.13540387E+02,  0.40545987E+01,  0.17846467E-06,  0.11517774E+01
    2355.,  0.12687349E+02,  0.95482004E+02, -0.13540387E+02,  0.40009288E+01,  0.18020148E-06,  0.14644283E+01
    2356.,  0.13624849E+02,  0.95482004E+02, -0.13540387E+02,  0.39472589E+01,  0.18193828E-06,  0.17770791E+01
    2357.,  0.14562349E+02,  0.95482004E+02, -0.13540387E+02,  0.38935890E+01,  0.18367506E-06,  0.20897300E+01
    2358.,  0.15499849E+02,  0.95482004E+02, -0.13540387E+02,  0.38399191E+01,  0.18541189E-06,  0.24023809E+01
    2359.,  0.16437349E+02,  0.95482004E+02, -0.13540387E+02,  0.37862493E+01,  0.18714870E-06,  0.27150317E+01
    2360.,  0.17374849E+02,  0.95482004E+02, -0.13540387E+02,  0.37325794E+01,  0.18888549E-06,  0.30276826E+01
    2361.,  0.18312349E+02,  0.95482004E+02, -0.13540387E+02,  0.36789095E+01,  0.19062230E-06,  0.33403335E+01
    2362.,  0.33123489E+01,  0.95482004E+02, -0.14266429E+02,  0.47797583E+01,  0.16989677E-06, -0.16205160E+01
    2363.,  0.42498489E+01,  0.95482004E+02, -0.14266429E+02,  0.47260884E+01,  0.17163356E-06, -0.13078652E+01
    2364.,  0.51873489E+01,  0.95482004E+02, -0.14266429E+02,  0.46724185E+01,  0.17337037E-06, -0.99521429E+00
    2365.,  0.61248489E+01,  0.95482004E+02, -0.14266429E+02,  0.46187486E+01,  0.17510717E-06, -0.68256343E+00
    2366.,  0.70623489E+01,  0.95482004E+02, -0.14266429E+02,  0.45650788E+01,  0.17684397E-06, -0.36991256E+00
    2367.,  0.79998489E+01,  0.95482004E+02, -0.14266429E+02,  0.45114089E+01,  0.17858078E-06, -0.57261700E-01
    2368.,  0.89373489E+01,  0.95482004E+02, -0.14266429E+02,  0.44577390E+01,  0.18031758E-06,  0.25538916E+00
    2369.,  0.98748489E+01,  0.95482004E+02, -0.14266429E+02,  0.44040691E+01,  0.18205439E-06,  0.56804003E+00
    2370.,  0.10812349E+02,  0.95482004E+02, -0.14266429E+02,  0.43503993E+01,  0.18379118E-06,  0.88069089E+00
    2371.,  0.11749849E+02,  0.95482004E+02, -0.14266429E+02,  0.42967294E+01,  0.18552799E-06,  0.11933418E+01
    2372.,  0.12687349E+02,  0.95482004E+02, -0.14266429E+02,  0.42430595E+01,  0.18726480E-06,  0.15059926E+01
    2373.,  0.13624849E+02,  0.95482004E+02, -0.14266429E+02,  0.41893896E+01,  0.18900160E-06,  0.18186435E+01
    2374.,  0.14562349E+02,  0.95482004E+02, -0.14266429E+02,  0.41357197E+01,  0.19073840E-06,  0.21312943E+01
    2375.,  0.15499849E+02,  0.95482004E+02, -0.14266429E+02,  0.40820499E+01,  0.19247520E-06,  0.24439452E+01
    2376.,  0.16437349E+02,  0.95482004E+02, -0.14266429E+02,  0.40283800E+01,  0.19421201E-06,  0.27565961E+01
    2377.,  0.17374849E+02,  0.95482004E+02, -0.14266429E+02,  0.39747101E+01,  0.19594882E-06,  0.30692469E+01
    2378.,  0.18312349E+02,  0.95482004E+02, -0.14266429E+02,  0.39210402E+01,  0.19768561E-06,  0.33818978E+01
    2379.,  0.33123489E+01,  0.95482004E+02, -0.14992471E+02,  0.50218890E+01,  0.17696007E-06, -0.15789517E+01
    2380.,  0.42498489E+01,  0.95482004E+02, -0.14992471E+02,  0.49682191E+01,  0.17869689E-06, -0.12663008E+01
    2381.,  0.51873489E+01,  0.95482004E+02, -0.14992471E+02,  0.49145492E+01,  0.18043369E-06, -0.95364995E+00
    2382.,  0.61248489E+01,  0.95482004E+02, -0.14992471E+02,  0.48608794E+01,  0.18217049E-06, -0.64099909E+00
    2383.,  0.70623489E+01,  0.95482004E+02, -0.14992471E+02,  0.48072095E+01,  0.18390729E-06, -0.32834823E+00
    2384.,  0.79998489E+01,  0.95482004E+02, -0.14992471E+02,  0.47535396E+01,  0.18564410E-06, -0.15697362E-01
    2385.,  0.89373489E+01,  0.95482004E+02, -0.14992471E+02,  0.46998697E+01,  0.18738089E-06,  0.29695350E+00
    2386.,  0.98748489E+01,  0.95482004E+02, -0.14992471E+02,  0.46461999E+01,  0.18911770E-06,  0.60960437E+00
    2387.,  0.10812349E+02,  0.95482004E+02, -0.14992471E+02,  0.45925300E+01,  0.19085450E-06,  0.92225523E+00
    2388.,  0.11749849E+02,  0.95482004E+02, -0.14992471E+02,  0.45388601E+01,  0.19259131E-06,  0.12349061E+01
    2389.,  0.12687349E+02,  0.95482004E+02, -0.14992471E+02,  0.44851902E+01,  0.19432811E-06,  0.15475570E+01
    2390.,  0.13624849E+02,  0.95482004E+02, -0.14992471E+02,  0.44315203E+01,  0.19606492E-06,  0.18602078E+01
    2391.,  0.14562349E+02,  0.95482004E+02, -0.14992471E+02,  0.43778505E+01,  0.19780171E-06,  0.21728587E+01
    2392.,  0.15499849E+02,  0.95482004E+02, -0.14992471E+02,  0.43241806E+01,  0.19953853E-06,  0.24855095E+01
    2393.,  0.16437349E+02,  0.95482004E+02, -0.14992471E+02,  0.42705107E+01,  0.20127533E-06,  0.27981604E+01
    2394.,  0.17374849E+02,  0.95482004E+02, -0.14992471E+02,  0.42168408E+01,  0.20301214E-06,  0.31108113E+01
    2395.,  0.18312349E+02,  0.95482004E+02, -0.14992471E+02,  0.41631710E+01,  0.20474894E-06,  0.34234621E+01
    2396.,  0.33123489E+01,  0.95482004E+02, -0.15718512E+02,  0.52640197E+01,  0.18402340E-06, -0.15373873E+01
    2397.,  0.42498489E+01,  0.95482004E+02, -0.15718512E+02,  0.52103498E+01,  0.18576020E-06, -0.12247365E+01
    2398.,  0.51873489E+01,  0.95482004E+02, -0.15718512E+02,  0.51566800E+01,  0.18749701E-06, -0.91208562E+00
    2399.,  0.61248489E+01,  0.95482004E+02, -0.15718512E+02,  0.51030101E+01,  0.18923381E-06, -0.59943475E+00
    2400.,  0.70623489E+01,  0.95482004E+02, -0.15718512E+02,  0.50493402E+01,  0.19097062E-06, -0.28678389E+00
    2401.,  0.79998489E+01,  0.95482004E+02, -0.15718512E+02,  0.49956703E+01,  0.19270742E-06,  0.25866975E-01
    2402.,  0.89373489E+01,  0.95482004E+02, -0.15718512E+02,  0.49420005E+01,  0.19444422E-06,  0.33851784E+00
    2403.,  0.98748489E+01,  0.95482004E+02, -0.15718512E+02,  0.48883306E+01,  0.19618102E-06,  0.65116870E+00
    2404.,  0.10812349E+02,  0.95482004E+02, -0.15718512E+02,  0.48346607E+01,  0.19791783E-06,  0.96381957E+00
    2405.,  0.11749849E+02,  0.95482004E+02, -0.15718512E+02,  0.47809908E+01,  0.19965462E-06,  0.12764704E+01
    2406.,  0.12687349E+02,  0.95482004E+02, -0.15718512E+02,  0.47273209E+01,  0.20139144E-06,  0.15891213E+01
    2407.,  0.13624849E+02,  0.95482004E+02, -0.15718512E+02,  0.46736511E+01,  0.20312825E-06,  0.19017722E+01
    2408.,  0.14562349E+02,  0.95482004E+02, -0.15718512E+02,  0.46199812E+01,  0.20486505E-06,  0.22144230E+01
    2409.,  0.15499849E+02,  0.95482004E+02, -0.15718512E+02,  0.45663113E+01,  0.20660185E-06,  0.25270739E+01
    2410.,  0.16437349E+02,  0.95482004E+02, -0.15718512E+02,  0.45126414E+01,  0.20833865E-06,  0.28397247E+01
    2411.,  0.17374849E+02,  0.95482004E+02, -0.15718512E+02,  0.44589716E+01,  0.21007545E-06,  0.31523756E+01
    2412.,  0.18312349E+02,  0.95482004E+02, -0.15718512E+02,  0.44053017E+01,  0.21181226E-06,  0.34650265E+01
    2413.,  0.33123489E+01,  0.95482004E+02, -0.16444554E+02,  0.55061504E+01,  0.19108672E-06, -0.14958230E+01
    2414.,  0.42498489E+01,  0.95482004E+02, -0.16444554E+02,  0.54524806E+01,  0.19282352E-06, -0.11831721E+01
    2415.,  0.51873489E+01,  0.95482004E+02, -0.16444554E+02,  0.53988107E+01,  0.19456033E-06, -0.87052128E+00
    2416.,  0.61248489E+01,  0.95482004E+02, -0.16444554E+02,  0.53451408E+01,  0.19629714E-06, -0.55787041E+00
    2417.,  0.70623489E+01,  0.95482004E+02, -0.16444554E+02,  0.52914709E+01,  0.19803393E-06, -0.24521955E+00
    2418.,  0.79998489E+01,  0.95482004E+02, -0.16444554E+02,  0.52378011E+01,  0.19977073E-06,  0.67431313E-01
    2419.,  0.89373489E+01,  0.95482004E+02, -0.16444554E+02,  0.51841312E+01,  0.20150755E-06,  0.38008218E+00
    2420.,  0.98748489E+01,  0.95482004E+02, -0.16444554E+02,  0.51304613E+01,  0.20324434E-06,  0.69273304E+00
    2421.,  0.10812349E+02,  0.95482004E+02, -0.16444554E+02,  0.50767914E+01,  0.20498115E-06,  0.10053839E+01
    2422.,  0.11749849E+02,  0.95482004E+02, -0.16444554E+02,  0.50231215E+01,  0.20671795E-06,  0.13180348E+01
    2423.,  0.12687349E+02,  0.95482004E+02, -0.16444554E+02,  0.49694517E+01,  0.20845475E-06,  0.16306856E+01
    2424.,  0.13624849E+02,  0.95482004E+02, -0.16444554E+02,  0.49157818E+01,  0.21019154E-06,  0.19433365E+01
    2425.,  0.14562349E+02,  0.95482004E+02, -0.16444554E+02,  0.48621119E+01,  0.21192835E-06,  0.22559874E+01
    2426.,  0.15499849E+02,  0.95482004E+02, -0.16444554E+02,  0.48084420E+01,  0.21366517E-06,  0.25686382E+01
    2427.,  0.16437349E+02,  0.95482004E+02, -0.16444554E+02,  0.47547722E+01,  0.21540197E-06,  0.28812891E+01
    2428.,  0.17374849E+02,  0.95482004E+02, -0.16444554E+02,  0.47011023E+01,  0.21713877E-06,  0.31939399E+01
    2429.,  0.18312349E+02,  0.95482004E+02, -0.16444554E+02,  0.46474324E+01,  0.21887558E-06,  0.35065908E+01
    2430.,  0.33123489E+01,  0.95482004E+02, -0.17170596E+02,  0.57482812E+01,  0.19815003E-06, -0.14542587E+01
    2431.,  0.42498489E+01,  0.95482004E+02, -0.17170596E+02,  0.56946113E+01,  0.19988684E-06, -0.11416078E+01
    2432.,  0.51873489E+01,  0.95482004E+02, -0.17170596E+02,  0.56409414E+01,  0.20162365E-06, -0.82895694E+00
    2433.,  0.61248489E+01,  0.95482004E+02, -0.17170596E+02,  0.55872715E+01,  0.20336046E-06, -0.51630608E+00
    2434.,  0.70623489E+01,  0.95482004E+02, -0.17170596E+02,  0.55336017E+01,  0.20509725E-06, -0.20365521E+00
    2435.,  0.79998489E+01,  0.95482004E+02, -0.17170596E+02,  0.54799318E+01,  0.20683406E-06,  0.10899565E+00
    2436.,  0.89373489E+01,  0.95482004E+02, -0.17170596E+02,  0.54262619E+01,  0.20857086E-06,  0.42164651E+00
    2437.,  0.98748489E+01,  0.95482004E+02, -0.17170596E+02,  0.53725920E+01,  0.21030766E-06,  0.73429738E+00
    2438.,  0.10812349E+02,  0.95482004E+02, -0.17170596E+02,  0.53189221E+01,  0.21204448E-06,  0.10469482E+01
    2439.,  0.11749849E+02,  0.95482004E+02, -0.17170596E+02,  0.52652523E+01,  0.21378128E-06,  0.13595991E+01
    2440.,  0.12687349E+02,  0.95482004E+02, -0.17170596E+02,  0.52115824E+01,  0.21551807E-06,  0.16722500E+01
    2441.,  0.13624849E+02,  0.95482004E+02, -0.17170596E+02,  0.51579125E+01,  0.21725488E-06,  0.19849008E+01
    2442.,  0.14562349E+02,  0.95482004E+02, -0.17170596E+02,  0.51042426E+01,  0.21899168E-06,  0.22975517E+01
    2443.,  0.15499849E+02,  0.95482004E+02, -0.17170596E+02,  0.50505728E+01,  0.22072848E-06,  0.26102026E+01
    2444.,  0.16437349E+02,  0.95482004E+02, -0.17170596E+02,  0.49969029E+01,  0.22246528E-06,  0.29228534E+01
    2445.,  0.17374849E+02,  0.95482004E+02, -0.17170596E+02,  0.49432330E+01,  0.22420209E-06,  0.32355043E+01
    2446.,  0.18312349E+02,  0.95482004E+02, -0.17170596E+02,  0.48895631E+01,  0.22593891E-06,  0.35481551E+01
    2447.,  0.33123489E+01,  0.95482004E+02, -0.17896637E+02,  0.59904119E+01,  0.20521335E-06, -0.14126943E+01
    2448.,  0.42498489E+01,  0.95482004E+02, -0.17896637E+02,  0.59367420E+01,  0.20695015E-06, -0.11000435E+01
    2449.,  0.51873489E+01,  0.95482004E+02, -0.17896637E+02,  0.58830721E+01,  0.20868698E-06, -0.78739260E+00
    2450.,  0.61248489E+01,  0.95482004E+02, -0.17896637E+02,  0.58294023E+01,  0.21042378E-06, -0.47474174E+00
    2451.,  0.70623489E+01,  0.95482004E+02, -0.17896637E+02,  0.57757324E+01,  0.21216057E-06, -0.16209088E+00
    2452.,  0.79998489E+01,  0.95482004E+02, -0.17896637E+02,  0.57220625E+01,  0.21389738E-06,  0.15055999E+00
    2453.,  0.89373489E+01,  0.95482004E+02, -0.17896637E+02,  0.56683926E+01,  0.21563417E-06,  0.46321085E+00
    2454.,  0.98748489E+01,  0.95482004E+02, -0.17896637E+02,  0.56147227E+01,  0.21737099E-06,  0.77586171E+00
    2455.,  0.10812349E+02,  0.95482004E+02, -0.17896637E+02,  0.55610529E+01,  0.21910779E-06,  0.10885126E+01
    2456.,  0.11749849E+02,  0.95482004E+02, -0.17896637E+02,  0.55073830E+01,  0.22084459E-06,  0.14011634E+01
    2457.,  0.12687349E+02,  0.95482004E+02, -0.17896637E+02,  0.54537131E+01,  0.22258140E-06,  0.17138143E+01
    2458.,  0.13624849E+02,  0.95482004E+02, -0.17896637E+02,  0.54000432E+01,  0.22431820E-06,  0.20264652E+01
    2459.,  0.14562349E+02,  0.95482004E+02, -0.17896637E+02,  0.53463734E+01,  0.22605500E-06,  0.23391160E+01
    2460.,  0.15499849E+02,  0.95482004E+02, -0.17896637E+02,  0.52927035E+01,  0.22779180E-06,  0.26517669E+01
    2461.,  0.16437349E+02,  0.95482004E+02, -0.17896637E+02,  0.52390336E+01,  0.22952861E-06,  0.29644178E+01
    2462.,  0.17374849E+02,  0.95482004E+02, -0.17896637E+02,  0.51853637E+01,  0.23126541E-06,  0.32770686E+01
    2463.,  0.18312349E+02,  0.95482004E+02, -0.17896637E+02,  0.51316939E+01,  0.23300222E-06,  0.35897195E+01
    2464.,  0.33123489E+01,  0.95482004E+02, -0.18622679E+02,  0.62325426E+01,  0.21227668E-06, -0.13711300E+01
    2465.,  0.42498489E+01,  0.95482004E+02, -0.18622679E+02,  0.61788727E+01,  0.21401347E-06, -0.10584791E+01
    2466.,  0.51873489E+01,  0.95482004E+02, -0.18622679E+02,  0.61252029E+01,  0.21575029E-06, -0.74582826E+00
    2467.,  0.61248489E+01,  0.95482004E+02, -0.18622679E+02,  0.60715330E+01,  0.21748708E-06, -0.43317740E+00
    2468.,  0.70623489E+01,  0.95482004E+02, -0.18622679E+02,  0.60178631E+01,  0.21922388E-06, -0.12052654E+00
    2469.,  0.79998489E+01,  0.95482004E+02, -0.18622679E+02,  0.59641932E+01,  0.22096070E-06,  0.19212433E+00
    2470.,  0.89373489E+01,  0.95482004E+02, -0.18622679E+02,  0.59105233E+01,  0.22269751E-06,  0.50477519E+00
    2471.,  0.98748489E+01,  0.95482004E+02, -0.18622679E+02,  0.58568535E+01,  0.22443430E-06,  0.81742605E+00
    2472.,  0.10812349E+02,  0.95482004E+02, -0.18622679E+02,  0.58031836E+01,  0.22617110E-06,  0.11300769E+01
    2473.,  0.11749849E+02,  0.95482004E+02, -0.18622679E+02,  0.57495137E+01,  0.22790791E-06,  0.14427278E+01
    2474.,  0.12687349E+02,  0.95482004E+02, -0.18622679E+02,  0.56958438E+01,  0.22964472E-06,  0.17553786E+01
    2475.,  0.13624849E+02,  0.95482004E+02, -0.18622679E+02,  0.56421740E+01,  0.23138152E-06,  0.20680295E+01
    2476.,  0.14562349E+02,  0.95482004E+02, -0.18622679E+02,  0.55885041E+01,  0.23311831E-06,  0.23806804E+01
    2477.,  0.15499849E+02,  0.95482004E+02, -0.18622679E+02,  0.55348342E+01,  0.23485511E-06,  0.26933312E+01
    2478.,  0.16437349E+02,  0.95482004E+02, -0.18622679E+02,  0.54811643E+01,  0.23659192E-06,  0.30059821E+01
    2479.,  0.17374849E+02,  0.95482004E+02, -0.18622679E+02,  0.54274945E+01,  0.23832873E-06,  0.33186330E+01
    2480.,  0.18312349E+02,  0.95482004E+02, -0.18622679E+02,  0.53738246E+01,  0.24006554E-06,  0.36312838E+01
