node,x_mm,y_mm,z_mm,ux_mm,uy_mm,uz_mm
       1.,  0.88907483E+01,  0.19809384E+02, -0.11976790E+01,  0.64215308E-03,  0.36876629E-02,  0.16002483E-03
       2.,  0.90216325E+01,  0.19933067E+02, -0.11976790E+01,  0.61074514E-03,  0.36489586E-02,  0.16616717E-03
       3.,  0.91795178E+01,  0.20062336E+02, -0.11976790E+01,  0.58579330E-03,  0.35788714E-02,  0.16243646E-03
       4.,  0.93688664E+01,  0.20193475E+02, -0.11976790E+01,  0.57587796E-03,  0.34697998E-02,  0.15845728E-03
       5.,  0.95933411E+01,  0.20320634E+02, -0.11976790E+01,  0.58984549E-03,  0.33204253E-02,  0.15456896E-03
       6.,  0.98545190E+01,  0.20435670E+02, -0.11976790E+01,  0.63670156E-03,  0.31401196E-02,  0.15176479E-03
       7.,  0.10150303E+02,  0.20528699E+02, -0.11976790E+01,  0.71706648E-03,  0.29553747E-02,  0.14991170E-03
       8.,  0.10473624E+02,  0.20589699E+02, -0.11976790E+01,  0.81888652E-03,  0.28041524E-02,  0.14778055E-03
       9.,  0.10812349E+02,  0.20610999E+02, -0.11976790E+01,  0.91784033E-03,  0.27193440E-02,  0.14572493E-03
      10.,  0.11151074E+02,  0.20589699E+02, -0.11976790E+01,  0.98627094E-03,  0.27091659E-02,  0.14440658E-03
      11.,  0.11474394E+02,  0.20528699E+02, -0.11976790E+01,  0.10053656E-02,  0.27521590E-02,  0.14363354E-03
      12.,  0.11770179E+02,  0.20435670E+02, -0.11976790E+01,  0.97240850E-03,  0.28124895E-02,  0.14218536E-03
      13.,  0.12031357E+02,  0.20320634E+02, -0.11976790E+01,  0.89803808E-03,  0.28600213E-02,  0.14071219E-03
      14.,  0.12255831E+02,  0.20193475E+02, -0.11976790E+01,  0.79905050E-03,  0.28802977E-02,  0.13877287E-03
      15.,  0.12445180E+02,  0.20062336E+02, -0.11976790E+01,  0.69053638E-03,  0.28721752E-02,  0.13917971E-03
      16.,  0.12603065E+02,  0.19933067E+02, -0.11976790E+01,  0.58371353E-03,  0.28417404E-02,  0.13745407E-03
      17.,  0.12733950E+02,  0.19809384E+02, -0.11976790E+01,  0.48466016E-03,  0.27966440E-02,  0.14197160E-03
      18.,  0.12856786E+02,  0.19676715E+02, -0.11976790E+01,  0.38414454E-03,  0.27355354E-02,  0.14080358E-03
      19.,  0.12984638E+02,  0.19517209E+02, -0.11976790E+01,  0.27252694E-03,  0.26495503E-02,  0.14419257E-03
      20.,  0.13113701E+02,  0.19326645E+02, -0.11976790E+01,  0.15408943E-03,  0.25364447E-02,  0.14563481E-03
      21.,  0.13238114E+02,  0.19101688E+02, -0.11976790E+01,  0.35202693E-04,  0.23966654E-02,  0.14654329E-03
      22.,  0.13349872E+02,  0.18841125E+02, -0.11976790E+01, -0.75608474E-04,  0.22353428E-02,  0.14674449E-03
      23.,  0.13439432E+02,  0.18547351E+02, -0.11976790E+01, -0.16991114E-03,  0.20624124E-02,  0.14681287E-03
      24.,  0.13497286E+02,  0.18227513E+02, -0.11976790E+01, -0.24214550E-03,  0.18904841E-02,  0.14708581E-03
      25.,  0.13516315E+02,  0.17893479E+02, -0.11976790E+01, -0.29133166E-03,  0.17316405E-02,  0.14761209E-03
      26.,  0.13493999E+02,  0.17560060E+02, -0.11976790E+01, -0.32080696E-03,  0.15941645E-02,  0.14811046E-03
      27.,  0.13433285E+02,  0.17241936E+02, -0.11976790E+01, -0.33591739E-03,  0.14813062E-02,  0.14838459E-03
      28.,  0.13341575E+02,  0.16950635E+02, -0.11976790E+01, -0.34171008E-03,  0.13921914E-02,  0.14848360E-03
      29.,  0.13228459E+02,  0.16692904E+02, -0.11976790E+01, -0.34186502E-03,  0.13236842E-02,  0.14850865E-03
      30.,  0.13103404E+02,  0.16470794E+02, -0.11976790E+01, -0.33871384E-03,  0.12719705E-02,  0.14851130E-03
      31.,  0.12974251E+02,  0.16282870E+02, -0.11976790E+01, -0.33365201E-03,  0.12334501E-02,  0.14850886E-03
      32.,  0.12846686E+02,  0.16125683E+02, -0.11976790E+01, -0.32751765E-03,  0.12050777E-02,  0.14850596E-03
      33.,  0.12724366E+02,  0.15994982E+02, -0.11976790E+01, -0.32085582E-03,  0.11844397E-02,  0.14850335E-03
      34.,  0.12592945E+02,  0.15872032E+02, -0.11976790E+01, -0.31295754E-03,  0.11678236E-02,  0.14850121E-03
      35.,  0.12434749E+02,  0.15743799E+02, -0.11976790E+01, -0.30250654E-03,  0.11539812E-02,  0.14849897E-03
      36.,  0.12245466E+02,  0.15614012E+02, -0.11976790E+01, -0.28871498E-03,  0.11447660E-02,  0.14849722E-03
      37.,  0.12021615E+02,  0.15488468E+02, -0.11976790E+01, -0.27058237E-03,  0.11426228E-02,  0.14849605E-03
      38.,  0.11761787E+02,  0.15375165E+02, -0.11976790E+01, -0.24696857E-03,  0.11505481E-02,  0.14849536E-03
      39.,  0.11468165E+02,  0.15283734E+02, -0.11976790E+01, -0.21675252E-03,  0.11717489E-02,  0.14849495E-03
      40.,  0.11147739E+02,  0.15223880E+02, -0.11976790E+01, -0.17911939E-03,  0.12089152E-02,  0.14849432E-03
      41.,  0.10812349E+02,  0.15202999E+02, -0.11976790E+01, -0.13391285E-03,  0.12632179E-02,  0.14849274E-03
      42.,  0.10476959E+02,  0.15223880E+02, -0.11976790E+01, -0.81896921E-04,  0.13334963E-02,  0.14848954E-03
      43.,  0.10156533E+02,  0.15283734E+02, -0.11976790E+01, -0.24749854E-04,  0.14162279E-02,  0.14848468E-03
      44.,  0.98629112E+01,  0.15375165E+02, -0.11976790E+01,  0.35261430E-04,  0.15064394E-02,  0.14847886E-03
      45.,  0.96030834E+01,  0.15488468E+02, -0.11976790E+01,  0.95776368E-04,  0.15990443E-02,  0.14847305E-03
      46.,  0.93792318E+01,  0.15614012E+02, -0.11976790E+01,  0.15476859E-03,  0.16898896E-02,  0.14846805E-03
      47.,  0.91899489E+01,  0.15743799E+02, -0.11976790E+01,  0.21076372E-03,  0.17761758E-02,  0.14846409E-03
      48.,  0.90317525E+01,  0.15872032E+02, -0.11976790E+01,  0.26286195E-03,  0.18563685E-02,  0.14846119E-03
      49.,  0.89003322E+01,  0.15994982E+02, -0.11976790E+01,  0.31061765E-03,  0.19298533E-02,  0.14846131E-03
      50.,  0.87780118E+01,  0.16125683E+02, -0.11976790E+01,  0.35953771E-03,  0.20052809E-02,  0.14846405E-03
      51.,  0.86504468E+01,  0.16282870E+02, -0.11976790E+01,  0.41628149E-03,  0.20933285E-02,  0.14847492E-03
      52.,  0.85212943E+01,  0.16470794E+02, -0.11976790E+01,  0.48139274E-03,  0.21959282E-02,  0.14850552E-03
      53.,  0.83962388E+01,  0.16692904E+02, -0.11976790E+01,  0.55459330E-03,  0.23149755E-02,  0.14858309E-03
      54.,  0.82831228E+01,  0.16950635E+02, -0.11976790E+01,  0.63395780E-03,  0.24519443E-02,  0.14876966E-03
      55.,  0.81914125E+01,  0.17241936E+02, -0.11976790E+01,  0.71497183E-03,  0.26072119E-02,  0.14914386E-03
      56.,  0.81306984E+01,  0.17560060E+02, -0.11976790E+01,  0.79000542E-03,  0.27789317E-02,  0.14964789E-03
      57.,  0.81083827E+01,  0.17893479E+02, -0.11976790E+01,  0.84920828E-03,  0.29616560E-02,  0.15009897E-03
      58.,  0.81274120E+01,  0.18227513E+02, -0.11976790E+01,  0.88354276E-03,  0.31455855E-02,  0.15033320E-03
      59.,  0.81852658E+01,  0.18547351E+02, -0.11976790E+01,  0.88877318E-03,  0.33177559E-02,  0.15051791E-03
      60.,  0.82748255E+01,  0.18841125E+02, -0.11976790E+01,  0.86739926E-03,  0.34653087E-02,  0.15113619E-03
      61.,  0.83865843E+01,  0.19101688E+02, -0.11976790E+01,  0.82699093E-03,  0.35791020E-02,  0.15283696E-03
      62.,  0.85109971E+01,  0.19326645E+02, -0.11976790E+01,  0.77686435E-03,  0.36553901E-02,  0.15636925E-03
      63.,  0.86400595E+01,  0.19517209E+02, -0.11976790E+01,  0.72572872E-03,  0.36951979E-02,  0.16031701E-03
      64.,  0.87679120E+01,  0.19676715E+02, -0.11976790E+01,  0.67980704E-03,  0.37034807E-02,  0.16589697E-03
      65.,  0.85521705E+01,  0.20144576E+02, -0.11976790E+01,  0.67649954E-03,  0.37675606E-02,  0.13646541E-03
      66.,  0.87061158E+01,  0.20290051E+02, -0.11976790E+01,  0.66932787E-03,  0.37552858E-02,  0.12337673E-03
      67.,  0.88918198E+01,  0.20442097E+02, -0.11976790E+01,  0.67926336E-03,  0.37065069E-02,  0.12760106E-03
      68.,  0.91145309E+01,  0.20596343E+02, -0.11976790E+01,  0.71099943E-03,  0.36068757E-02,  0.13356013E-03
      69.,  0.93785571E+01,  0.20745907E+02, -0.11976790E+01,  0.76871268E-03,  0.34454991E-02,  0.13897833E-03
      70.,  0.96857534E+01,  0.20881211E+02, -0.11976790E+01,  0.84544850E-03,  0.32297308E-02,  0.14309408E-03
      71.,  0.10033654E+02,  0.20990632E+02, -0.11976790E+01,  0.92564120E-03,  0.29935985E-02,  0.14611169E-03
      72.,  0.10413942E+02,  0.21062380E+02, -0.11976790E+01,  0.99133367E-03,  0.27956851E-02,  0.14991349E-03
      73.,  0.10812349E+02,  0.21087432E+02, -0.11976790E+01,  0.10320682E-02,  0.26909823E-02,  0.15346022E-03
      74.,  0.11210756E+02,  0.21062380E+02, -0.11976790E+01,  0.10477547E-02,  0.26925556E-02,  0.15559189E-03
      75.,  0.11591044E+02,  0.20990632E+02, -0.11976790E+01,  0.10421981E-02,  0.27619213E-02,  0.15666410E-03
      76.,  0.11938944E+02,  0.20881211E+02, -0.11976790E+01,  0.10157886E-02,  0.28399511E-02,  0.15900951E-03
      77.,  0.12246141E+02,  0.20745907E+02, -0.11976790E+01,  0.96713565E-03,  0.28842990E-02,  0.16133128E-03
      78.,  0.12510167E+02,  0.20596343E+02, -0.11976790E+01,  0.89685872E-03,  0.28816743E-02,  0.16445991E-03
      79.,  0.12732878E+02,  0.20442097E+02, -0.11976790E+01,  0.81080387E-03,  0.28395959E-02,  0.16362420E-03
      80.,  0.12918582E+02,  0.20290051E+02, -0.11976790E+01,  0.71598369E-03,  0.27724567E-02,  0.16692129E-03
      81.,  0.13072527E+02,  0.20144576E+02, -0.11976790E+01,  0.61996274E-03,  0.26938245E-02,  0.15816037E-03
      82.,  0.13217007E+02,  0.19988531E+02, -0.11976790E+01,  0.51443022E-03,  0.26007374E-02,  0.16115933E-03
      83.,  0.13367387E+02,  0.19800921E+02, -0.11976790E+01,  0.38896265E-03,  0.24852762E-02,  0.15538744E-03
      84.,  0.13519189E+02,  0.19576781E+02, -0.11976790E+01,  0.24622750E-03,  0.23498995E-02,  0.15287472E-03
      85.,  0.13665523E+02,  0.19312187E+02, -0.11976790E+01,  0.94641622E-04,  0.22014938E-02,  0.15157038E-03
      86.,  0.13796973E+02,  0.19005714E+02, -0.11976790E+01, -0.52442924E-04,  0.20500109E-02,  0.15139047E-03
      87.,  0.13902313E+02,  0.18660178E+02, -0.11976790E+01, -0.17941705E-03,  0.19052531E-02,  0.15135788E-03
      88.,  0.13970360E+02,  0.18283987E+02, -0.11976790E+01, -0.27388448E-03,  0.17743021E-02,  0.15090676E-03
      89.,  0.13992743E+02,  0.17891097E+02, -0.11976790E+01, -0.33212721E-03,  0.16597973E-02,  0.14992586E-03
      90.,  0.13966495E+02,  0.17498931E+02, -0.11976790E+01, -0.35947479E-03,  0.15611612E-02,  0.14901291E-03
      91.,  0.13895083E+02,  0.17124755E+02, -0.11976790E+01, -0.36589212E-03,  0.14768386E-02,  0.14855944E-03
      92.,  0.13787214E+02,  0.16782128E+02, -0.11976790E+01, -0.36088968E-03,  0.14055251E-02,  0.14843034E-03
      93.,  0.13654167E+02,  0.16478985E+02, -0.11976790E+01, -0.35104861E-03,  0.13461507E-02,  0.14841260E-03
      94.,  0.13507078E+02,  0.16217741E+02, -0.11976790E+01, -0.34002876E-03,  0.12975687E-02,  0.14842151E-03
      95.,  0.13355169E+02,  0.15996705E+02, -0.11976790E+01, -0.32953182E-03,  0.12584587E-02,  0.14843409E-03
      96.,  0.13205128E+02,  0.15811822E+02, -0.11976790E+01, -0.32019448E-03,  0.12274208E-02,  0.14844504E-03
      97.,  0.13061255E+02,  0.15658093E+02, -0.11976790E+01, -0.31212436E-03,  0.12030868E-02,  0.14845413E-03
      98.,  0.12906679E+02,  0.15513479E+02, -0.11976790E+01, -0.30432124E-03,  0.11818395E-02,  0.14846191E-03
      99.,  0.12720609E+02,  0.15362652E+02, -0.11976790E+01, -0.29595773E-03,  0.11620662E-02,  0.14847003E-03
     100.,  0.12497975E+02,  0.15209997E+02, -0.11976790E+01, -0.28711684E-03,  0.11457946E-02,  0.14847729E-03
     101.,  0.12234682E+02,  0.15062333E+02, -0.11976790E+01, -0.27781935E-03,  0.11361018E-02,  0.14848335E-03
     102.,  0.11929074E+02,  0.14929066E+02, -0.11976790E+01, -0.26782324E-03,  0.11372287E-02,  0.14848822E-03
     103.,  0.11583717E+02,  0.14821525E+02, -0.11976790E+01, -0.25632600E-03,  0.11542969E-02,  0.14849189E-03
     104.,  0.11206833E+02,  0.14751125E+02, -0.11976790E+01, -0.24168215E-03,  0.11922697E-02,  0.14849471E-03
     105.,  0.10812349E+02,  0.14726566E+02, -0.11976790E+01, -0.22146208E-03,  0.12541614E-02,  0.14849766E-03
     106.,  0.10417865E+02,  0.14751125E+02, -0.11976790E+01, -0.19314424E-03,  0.13392780E-02,  0.14850181E-03
     107.,  0.10040981E+02,  0.14821525E+02, -0.11976790E+01, -0.15523316E-03,  0.14427749E-02,  0.14850750E-03
     108.,  0.96956242E+01,  0.14929066E+02, -0.11976790E+01, -0.10804754E-03,  0.15570833E-02,  0.14851384E-03
     109.,  0.93900159E+01,  0.15062333E+02, -0.11976790E+01, -0.53606631E-04,  0.16742963E-02,  0.14851951E-03
     110.,  0.91267226E+01,  0.15209997E+02, -0.11976790E+01,  0.51838754E-05,  0.17880630E-02,  0.14852356E-03
     111.,  0.89040889E+01,  0.15362652E+02, -0.11976790E+01,  0.65421801E-04,  0.18943091E-02,  0.14852630E-03
     112.,  0.87180189E+01,  0.15513479E+02, -0.11976790E+01,  0.12475226E-03,  0.19910232E-02,  0.14852800E-03
     113.,  0.85634430E+01,  0.15658093E+02, -0.11976790E+01,  0.18155184E-03,  0.20776886E-02,  0.14852502E-03
     114.,  0.84195702E+01,  0.15811822E+02, -0.11976790E+01,  0.24178231E-03,  0.21644239E-02,  0.14851860E-03
     115.,  0.82695288E+01,  0.15996705E+02, -0.11976790E+01,  0.31383794E-03,  0.22624922E-02,  0.14849977E-03
     116.,  0.81176202E+01,  0.16217741E+02, -0.11976790E+01,  0.39906525E-03,  0.23721616E-02,  0.14845158E-03
     117.,  0.79705304E+01,  0.16478985E+02, -0.11976790E+01,  0.49755334E-03,  0.24928025E-02,  0.14833270E-03
     118.,  0.78374839E+01,  0.16782128E+02, -0.11976790E+01,  0.60676662E-03,  0.26226257E-02,  0.14802059E-03
     119.,  0.77296146E+01,  0.17124755E+02, -0.11976790E+01,  0.71976244E-03,  0.27587354E-02,  0.14733522E-03
     120.,  0.76582029E+01,  0.17498931E+02, -0.11976790E+01,  0.82407603E-03,  0.28978286E-02,  0.14637056E-03
     121.,  0.76319554E+01,  0.17891097E+02, -0.11976790E+01,  0.90338588E-03,  0.30373207E-02,  0.14551534E-03
     122.,  0.76543375E+01,  0.18283987E+02, -0.11976790E+01,  0.94340994E-03,  0.31757262E-02,  0.14515228E-03
     123.,  0.77223849E+01,  0.18660178E+02, -0.11976790E+01,  0.93964078E-03,  0.33111140E-02,  0.14495200E-03
     124.,  0.78277247E+01,  0.19005714E+02, -0.11976790E+01,  0.90057997E-03,  0.34391187E-02,  0.14406268E-03
     125.,  0.79591749E+01,  0.19312187E+02, -0.11976790E+01,  0.84293500E-03,  0.35531264E-02,  0.14173610E-03
     126.,  0.81055087E+01,  0.19576781E+02, -0.11976790E+01,  0.78330369E-03,  0.36465570E-02,  0.13675992E-03
     127.,  0.82573113E+01,  0.19800921E+02, -0.11976790E+01,  0.73280624E-03,  0.37146778E-02,  0.13067230E-03
     128.,  0.84076909E+01,  0.19988531E+02, -0.11976790E+01,  0.69690974E-03,  0.37548036E-02,  0.12289467E-03
     129.,  0.82135926E+01,  0.20479768E+02, -0.11976790E+01,  0.78015402E-03,  0.39439748E-02,  0.11963081E-03
     130.,  0.83905992E+01,  0.20647036E+02, -0.11976790E+01,  0.77996429E-03,  0.39417847E-02,  0.16313612E-03
     131.,  0.86041219E+01,  0.20821859E+02, -0.11976790E+01,  0.79670734E-03,  0.38955857E-02,  0.17118349E-03
     132.,  0.88601954E+01,  0.20999210E+02, -0.11976790E+01,  0.84564150E-03,  0.37815108E-02,  0.16935879E-03
     133.,  0.91637731E+01,  0.21171179E+02, -0.11976790E+01,  0.92301242E-03,  0.35885637E-02,  0.16414937E-03
     134.,  0.95169878E+01,  0.21326752E+02, -0.11976790E+01,  0.10172796E-02,  0.33228863E-02,  0.15774201E-03
     135.,  0.99170042E+01,  0.21452564E+02, -0.11976790E+01,  0.11084760E-02,  0.30268854E-02,  0.15178334E-03
     136.,  0.10354260E+02,  0.21535060E+02, -0.11976790E+01,  0.11754121E-02,  0.27786896E-02,  0.14443003E-03
     137.,  0.10812349E+02,  0.21563866E+02, -0.11976790E+01,  0.12052462E-02,  0.26545780E-02,  0.13976028E-03
     138.,  0.11270437E+02,  0.21535060E+02, -0.11976790E+01,  0.11995396E-02,  0.26720188E-02,  0.13637877E-03
     139.,  0.11707694E+02,  0.21452564E+02, -0.11976790E+01,  0.11674415E-02,  0.27748609E-02,  0.13448726E-03
     140.,  0.12107710E+02,  0.21326752E+02, -0.11976790E+01,  0.11174735E-02,  0.28816474E-02,  0.13082596E-03
     141.,  0.12460925E+02,  0.21171179E+02, -0.11976790E+01,  0.10518329E-02,  0.29385551E-02,  0.12896084E-03
     142.,  0.12764503E+02,  0.20999210E+02, -0.11976790E+01,  0.97151943E-03,  0.29329377E-02,  0.12432371E-03
     143.,  0.13020576E+02,  0.20821859E+02, -0.11976790E+01,  0.87693021E-03,  0.28762890E-02,  0.12879219E-03
     144.,  0.13234099E+02,  0.20647036E+02, -0.11976790E+01,  0.77584145E-03,  0.27893386E-02,  0.11996579E-03
     145.,  0.13411105E+02,  0.20479768E+02, -0.11976790E+01,  0.67304926E-03,  0.26887784E-02,  0.14325476E-03
     146.,  0.13577228E+02,  0.20300348E+02, -0.11976790E+01,  0.56068958E-03,  0.25732753E-02,  0.12756551E-03
     147.,  0.13750135E+02,  0.20084633E+02, -0.11976790E+01,  0.42621853E-03,  0.24318019E-02,  0.13698984E-03
     148.,  0.13924678E+02,  0.19826917E+02, -0.11976790E+01,  0.27359151E-03,  0.22708386E-02,  0.14107773E-03
     149.,  0.14092932E+02,  0.19522686E+02, -0.11976790E+01,  0.11093746E-03,  0.21017387E-02,  0.14373397E-03
     150.,  0.14244074E+02,  0.19170303E+02, -0.11976790E+01, -0.47813549E-04,  0.19373812E-02,  0.14376080E-03
     151.,  0.14365194E+02,  0.18773005E+02, -0.11976790E+01, -0.18498720E-03,  0.17913367E-02,  0.14336227E-03
     152.,  0.14443435E+02,  0.18340460E+02, -0.11976790E+01, -0.28690982E-03,  0.16712565E-02,  0.14406458E-03
     153.,  0.14469170E+02,  0.17888715E+02, -0.11976790E+01, -0.34944675E-03,  0.15764540E-02,  0.14601465E-03
     154.,  0.14438990E+02,  0.17437802E+02, -0.11976790E+01, -0.37821871E-03,  0.15005887E-02,  0.14774662E-03
     155.,  0.14356881E+02,  0.17007574E+02, -0.11976790E+01, -0.38394300E-03,  0.14369297E-02,  0.14850278E-03
     156.,  0.14232853E+02,  0.16613621E+02, -0.11976790E+01, -0.37719404E-03,  0.13814097E-02,  0.14864426E-03
     157.,  0.14079876E+02,  0.16265067E+02, -0.11976790E+01, -0.36555043E-03,  0.13325692E-02,  0.14863288E-03
     158.,  0.13910752E+02,  0.15964688E+02, -0.11976790E+01, -0.35332949E-03,  0.12901814E-02,  0.14860290E-03
     159.,  0.13736087E+02,  0.15710541E+02, -0.11976790E+01, -0.34250374E-03,  0.12541945E-02,  0.14857676E-03
     160.,  0.13563569E+02,  0.15497962E+02, -0.11976790E+01, -0.33369998E-03,  0.12243165E-02,  0.14855674E-03
     161.,  0.13398144E+02,  0.15321204E+02, -0.11976790E+01, -0.32690062E-03,  0.12000010E-02,  0.14854144E-03
     162.,  0.13220412E+02,  0.15154926E+02, -0.11976790E+01, -0.32121934E-03,  0.11780475E-02,  0.14853013E-03
     163.,  0.13006469E+02,  0.14981506E+02, -0.11976790E+01, -0.31633968E-03,  0.11568996E-02,  0.14851816E-03
     164.,  0.12750484E+02,  0.14805982E+02, -0.11976790E+01, -0.31284638E-03,  0.11387800E-02,  0.14850811E-03
     165.,  0.12447749E+02,  0.14636198E+02, -0.11976790E+01, -0.31126034E-03,  0.11272234E-02,  0.14850064E-03
     166.,  0.12096361E+02,  0.14482968E+02, -0.11976790E+01, -0.31168646E-03,  0.11273169E-02,  0.14849520E-03
     167.,  0.11699269E+02,  0.14359317E+02, -0.11976790E+01, -0.31325542E-03,  0.11454033E-02,  0.14849150E-03
     168.,  0.11265927E+02,  0.14278371E+02, -0.11976790E+01, -0.31358912E-03,  0.11878056E-02,  0.14848856E-03
     169.,  0.10812349E+02,  0.14250132E+02, -0.11976790E+01, -0.30880349E-03,  0.12585368E-02,  0.14848422E-03
     170.,  0.10358770E+02,  0.14278371E+02, -0.11976790E+01, -0.29450853E-03,  0.13569923E-02,  0.14847609E-03
     171.,  0.99254285E+01,  0.14359317E+02, -0.11976790E+01, -0.26752089E-03,  0.14773091E-02,  0.14846344E-03
     172.,  0.95283373E+01,  0.14482968E+02, -0.11976790E+01, -0.22718534E-03,  0.16101417E-02,  0.14844809E-03
     173.,  0.91769484E+01,  0.14636198E+02, -0.11976790E+01, -0.17542423E-03,  0.17457027E-02,  0.14843282E-03
     174.,  0.88742135E+01,  0.14805982E+02, -0.11976790E+01, -0.11571380E-03,  0.18761920E-02,  0.14841962E-03
     175.,  0.86182289E+01,  0.14981506E+02, -0.11976790E+01, -0.51841332E-04,  0.19967156E-02,  0.14840697E-03
     176.,  0.84042854E+01,  0.15154926E+02, -0.11976790E+01,  0.12942849E-04,  0.21050087E-02,  0.14839459E-03
     177.,  0.82265537E+01,  0.15321204E+02, -0.11976790E+01,  0.76250547E-04,  0.22006495E-02,  0.14839173E-03
     178.,  0.80611286E+01,  0.15497962E+02, -0.11976790E+01,  0.14445718E-03,  0.22948185E-02,  0.14838857E-03
     179.,  0.78886108E+01,  0.15710541E+02, -0.11976790E+01,  0.22720782E-03,  0.23991652E-02,  0.14840024E-03
     180.,  0.77139460E+01,  0.15964688E+02, -0.11976790E+01,  0.32634042E-03,  0.25127998E-02,  0.14844989E-03
     181.,  0.75448220E+01,  0.16265067E+02, -0.11976790E+01,  0.44227120E-03,  0.26336420E-02,  0.14859061E-03
     182.,  0.73918450E+01,  0.16613621E+02, -0.11976790E+01,  0.57232159E-03,  0.27584729E-02,  0.14907346E-03
     183.,  0.72678168E+01,  0.17007574E+02, -0.11976790E+01,  0.70862178E-03,  0.28838029E-02,  0.15031143E-03
     184.,  0.71857075E+01,  0.17437802E+02, -0.11976790E+01,  0.83684804E-03,  0.30077066E-02,  0.15222301E-03
     185.,  0.71555280E+01,  0.17888715E+02, -0.11976790E+01,  0.93812938E-03,  0.31316345E-02,  0.15409061E-03
     186.,  0.71812629E+01,  0.18340460E+02, -0.11976790E+01,  0.99562042E-03,  0.32596521E-02,  0.15457684E-03
     187.,  0.72595040E+01,  0.18773005E+02, -0.11976790E+01,  0.10031605E-02,  0.33940368E-02,  0.15436397E-03
     188.,  0.73806238E+01,  0.19170303E+02, -0.11976790E+01,  0.97004311E-03,  0.35302850E-02,  0.15588303E-03
     189.,  0.75317654E+01,  0.19522686E+02, -0.11976790E+01,  0.91681719E-03,  0.36580970E-02,  0.15971885E-03
     190.,  0.77000203E+01,  0.19826917E+02, -0.11976790E+01,  0.86374567E-03,  0.37675541E-02,  0.16611973E-03
     191.,  0.78745632E+01,  0.20084633E+02, -0.11976790E+01,  0.82215343E-03,  0.38532316E-02,  0.16988912E-03
     192.,  0.80474698E+01,  0.20300348E+02, -0.11976790E+01,  0.79404547E-03,  0.39131260E-02,  0.17135571E-03
     193.,  0.78750147E+01,  0.20814960E+02, -0.11976790E+01,  0.90416088E-03,  0.41765895E-02,  0.42733483E-03
     194.,  0.80750825E+01,  0.21004020E+02, -0.11976790E+01,  0.89680951E-03,  0.42076498E-02,  0.28899886E-03
     195.,  0.83164240E+01,  0.21201620E+02, -0.11976790E+01,  0.94093162E-03,  0.41660439E-02,  0.20457888E-03
     196.,  0.86058599E+01,  0.21402078E+02, -0.11976790E+01,  0.10229358E-02,  0.40389488E-02,  0.17127687E-03
     197.,  0.89489891E+01,  0.21596451E+02, -0.11976790E+01,  0.11341247E-02,  0.38045899E-02,  0.15435570E-03
     198.,  0.93482222E+01,  0.21772294E+02, -0.11976790E+01,  0.12538166E-02,  0.34644031E-02,  0.15047618E-03
     199.,  0.98003546E+01,  0.21914497E+02, -0.11976790E+01,  0.13555225E-02,  0.30701908E-02,  0.15363592E-03
     200.,  0.10294579E+02,  0.22007741E+02, -0.11976790E+01,  0.14151682E-02,  0.27370006E-02,  0.15571846E-03
     201.,  0.10812349E+02,  0.22040299E+02, -0.11976790E+01,  0.14173928E-02,  0.25907842E-02,  0.14349450E-03
     202.,  0.11330119E+02,  0.22007741E+02, -0.11976790E+01,  0.13652492E-02,  0.26544475E-02,  0.14237648E-03
     203.,  0.11824343E+02,  0.21914497E+02, -0.11976790E+01,  0.12848416E-02,  0.28294458E-02,  0.14428189E-03
     204.,  0.12276476E+02,  0.21772294E+02, -0.11976790E+01,  0.11969265E-02,  0.29910174E-02,  0.14189133E-03
     205.,  0.12675709E+02,  0.21596451E+02, -0.11976790E+01,  0.11099545E-02,  0.30686778E-02,  0.12845121E-03
     206.,  0.13018838E+02,  0.21402078E+02, -0.11976790E+01,  0.10191082E-02,  0.30557557E-02,  0.12501200E-03
     207.,  0.13308274E+02,  0.21201620E+02, -0.11976790E+01,  0.92275144E-03,  0.29807987E-02,  0.10636023E-03
     208.,  0.13549615E+02,  0.21004020E+02, -0.11976790E+01,  0.81085412E-03,  0.28656128E-02,  0.12870430E-03
     209.,  0.13749683E+02,  0.20814960E+02, -0.11976790E+01,  0.69986014E-03,  0.27380634E-02,  0.74937619E-04
     210.,  0.13937449E+02,  0.20612164E+02, -0.11976790E+01,  0.57673037E-03,  0.25885908E-02,  0.14538080E-03
     211.,  0.14132883E+02,  0.20368345E+02, -0.11976790E+01,  0.43324120E-03,  0.24130661E-02,  0.14654159E-03
     212.,  0.14330166E+02,  0.20077052E+02, -0.11976790E+01,  0.27172609E-03,  0.22227980E-02,  0.14754564E-03
     213.,  0.14520342E+02,  0.19733186E+02, -0.11976790E+01,  0.10004430E-03,  0.20259572E-02,  0.14436023E-03
     214.,  0.14691175E+02,  0.19334892E+02, -0.11976790E+01, -0.63607567E-04,  0.18421845E-02,  0.14524127E-03
     215.,  0.14828075E+02,  0.18885832E+02, -0.11976790E+01, -0.20072854E-03,  0.16893402E-02,  0.14709042E-03
     216.,  0.14916509E+02,  0.18396933E+02, -0.11976790E+01, -0.29975905E-03,  0.15755430E-02,  0.14745830E-03
     217.,  0.14945597E+02,  0.17886333E+02, -0.11976790E+01, -0.35968889E-03,  0.14956943E-02,  0.14729395E-03
     218.,  0.14911486E+02,  0.17376673E+02, -0.11976790E+01, -0.38759550E-03,  0.14377299E-02,  0.14759723E-03
     219.,  0.14818679E+02,  0.16890393E+02, -0.11976790E+01, -0.39410145E-03,  0.13905566E-02,  0.14796584E-03
     220.,  0.14678492E+02,  0.16445114E+02, -0.11976790E+01, -0.38907381E-03,  0.13480557E-02,  0.14826533E-03
     221.,  0.14505584E+02,  0.16051148E+02, -0.11976790E+01, -0.37956064E-03,  0.13084811E-02,  0.14840255E-03
     222.,  0.14314426E+02,  0.15711634E+02, -0.11976790E+01, -0.36966418E-03,  0.12722257E-02,  0.14845761E-03
     223.,  0.14117005E+02,  0.15424376E+02, -0.11976790E+01, -0.36132314E-03,  0.12400680E-02,  0.14847946E-03
     224.,  0.13922011E+02,  0.15184101E+02, -0.11976790E+01, -0.35516050E-03,  0.12124592E-02,  0.14849214E-03
     225.,  0.13735033E+02,  0.14984315E+02, -0.11976790E+01, -0.35112095E-03,  0.11894153E-02,  0.14849940E-03
     226.,  0.13534146E+02,  0.14796374E+02, -0.11976790E+01, -0.34867380E-03,  0.11681972E-02,  0.14849660E-03
     227.,  0.13292329E+02,  0.14600359E+02, -0.11976790E+01, -0.34806768E-03,  0.11474198E-02,  0.14849688E-03
     228.,  0.13002994E+02,  0.14401968E+02, -0.11976790E+01, -0.35021171E-03,  0.11294278E-02,  0.14849699E-03
     229.,  0.12660817E+02,  0.14210063E+02, -0.11976790E+01, -0.35594803E-03,  0.11180971E-02,  0.14849542E-03
     230.,  0.12263647E+02,  0.14036870E+02, -0.11976790E+01, -0.36557383E-03,  0.11191591E-02,  0.14849348E-03
     231.,  0.11814821E+02,  0.13897109E+02, -0.11976790E+01, -0.37810133E-03,  0.11399402E-02,  0.14849120E-03
     232.,  0.11325022E+02,  0.13805617E+02, -0.11976790E+01, -0.39053879E-03,  0.11879120E-02,  0.14848845E-03
     233.,  0.10812349E+02,  0.13773699E+02, -0.11976790E+01, -0.39785130E-03,  0.12679588E-02,  0.14848526E-03
     234.,  0.10299676E+02,  0.13805617E+02, -0.11976790E+01, -0.39421045E-03,  0.13795411E-02,  0.14848201E-03
     235.,  0.98098764E+01,  0.13897109E+02, -0.11976790E+01, -0.37519132E-03,  0.15158442E-02,  0.14847927E-03
     236.,  0.93610504E+01,  0.14036870E+02, -0.11976790E+01, -0.33951069E-03,  0.16658895E-02,  0.14847777E-03
     237.,  0.89638810E+01,  0.14210063E+02, -0.11976790E+01, -0.28916134E-03,  0.18182150E-02,  0.14847834E-03
     238.,  0.86217043E+01,  0.14401968E+02, -0.11976790E+01, -0.22817510E-03,  0.19637966E-02,  0.14848143E-03
     239.,  0.83323689E+01,  0.14600359E+02, -0.11976790E+01, -0.16107541E-03,  0.20971138E-02,  0.14849223E-03
     240.,  0.80905518E+01,  0.14796374E+02, -0.11976790E+01, -0.91816758E-04,  0.22157577E-02,  0.14850906E-03
     241.,  0.78896645E+01,  0.14984315E+02, -0.11976790E+01, -0.23341154E-04,  0.23194710E-02,  0.14851354E-03
     242.,  0.77026871E+01,  0.15184101E+02, -0.11976790E+01,  0.51087801E-04,  0.24204553E-02,  0.14855236E-03
     243.,  0.75076928E+01,  0.15424376E+02, -0.11976790E+01,  0.14213565E-03,  0.25308193E-02,  0.14861162E-03
     244.,  0.73102719E+01,  0.15711634E+02, -0.11976790E+01,  0.25217466E-03,  0.26488385E-02,  0.14870295E-03
     245.,  0.71191136E+01,  0.16051148E+02, -0.11976790E+01,  0.38227292E-03,  0.27713847E-02,  0.14892329E-03
     246.,  0.69462061E+01,  0.16445114E+02, -0.11976790E+01,  0.53043421E-03,  0.28942671E-02,  0.14921699E-03
     247.,  0.68060189E+01,  0.16890393E+02, -0.11976790E+01,  0.68926204E-03,  0.30135902E-02,  0.14954661E-03
     248.,  0.67132120E+01,  0.17376673E+02, -0.11976790E+01,  0.84416478E-03,  0.31284371E-02,  0.14958756E-03
     249.,  0.66791006E+01,  0.17886333E+02, -0.11976790E+01,  0.97473547E-03,  0.32436911E-02,  0.14830620E-03
     250.,  0.67081884E+01,  0.18396933E+02, -0.11976790E+01,  0.10606608E-02,  0.33692450E-02,  0.14894106E-03
     251.,  0.67966230E+01,  0.18885832E+02, -0.11976790E+01,  0.10904868E-02,  0.35120980E-02,  0.15142511E-03
     252.,  0.69335230E+01,  0.19334892E+02, -0.11976790E+01,  0.10695898E-02,  0.36679567E-02,  0.15081471E-03
     253.,  0.71043560E+01,  0.19733186E+02, -0.11976790E+01,  0.10200162E-02,  0.38191285E-02,  0.15108766E-03
     254.,  0.72945319E+01,  0.20077052E+02, -0.11976790E+01,  0.96973246E-03,  0.39466098E-02,  0.15963864E-03
     255.,  0.74918150E+01,  0.20368345E+02, -0.11976790E+01,  0.93578563E-03,  0.40446565E-02,  0.18580624E-03
     256.,  0.76872487E+01,  0.20612164E+02, -0.11976790E+01,  0.91926709E-03,  0.41192565E-02,  0.24378067E-03
     257.,  0.75364368E+01,  0.21150152E+02, -0.11976790E+01,  0.10032080E-02,  0.44574213E-02, -0.10473746E-02
     258.,  0.77595659E+01,  0.21361005E+02, -0.11976790E+01,  0.10365054E-02,  0.45328953E-02, -0.64149244E-03
     259.,  0.80287260E+01,  0.21581381E+02, -0.11976790E+01,  0.11401337E-02,  0.45116395E-02, -0.25376735E-03
     260.,  0.83515244E+01,  0.21804945E+02, -0.11976790E+01,  0.12962692E-02,  0.43903417E-02, -0.11046854E-03
     261.,  0.87342051E+01,  0.22021724E+02, -0.11976790E+01,  0.14753079E-02,  0.41238089E-02,  0.45239972E-05
     262.,  0.91794566E+01,  0.22217835E+02, -0.11976790E+01,  0.16293017E-02,  0.36948100E-02,  0.73940273E-04
     263.,  0.96837050E+01,  0.22376429E+02, -0.11976790E+01,  0.17285240E-02,  0.31520813E-02,  0.10023497E-03
     264.,  0.10234897E+02,  0.22480421E+02, -0.11976790E+01,  0.17499852E-02,  0.26782492E-02,  0.14754917E-03
     265.,  0.10812349E+02,  0.22516732E+02, -0.11976790E+01,  0.16625983E-02,  0.25099090E-02,  0.24551095E-03
     266.,  0.11389801E+02,  0.22480421E+02, -0.11976790E+01,  0.14954336E-02,  0.26680068E-02,  0.27059590E-03
     267.,  0.11940993E+02,  0.22376429E+02, -0.11976790E+01,  0.13177404E-02,  0.29615820E-02,  0.27089788E-03
     268.,  0.12445241E+02,  0.22217835E+02, -0.11976790E+01,  0.11892804E-02,  0.31948335E-02,  0.30731372E-03
     269.,  0.12890493E+02,  0.22021724E+02, -0.11976790E+01,  0.10990082E-02,  0.32813471E-02,  0.39513955E-03
     270.,  0.13273173E+02,  0.21804945E+02, -0.11976790E+01,  0.10241733E-02,  0.32462195E-02,  0.45840269E-03
     271.,  0.13595972E+02,  0.21581381E+02, -0.11976790E+01,  0.93960972E-03,  0.31226796E-02,  0.51683151E-03
     272.,  0.13865132E+02,  0.21361005E+02, -0.11976790E+01,  0.85836281E-03,  0.29811901E-02,  0.47279302E-03
     273.,  0.14088261E+02,  0.21150152E+02, -0.11976790E+01,  0.72581061E-03,  0.27955693E-02,  0.57152092E-03
     274.,  0.14297670E+02,  0.20923980E+02, -0.11976790E+01,  0.58870661E-03,  0.26004765E-02,  0.30158316E-03
     275.,  0.14515631E+02,  0.20652057E+02, -0.11976790E+01,  0.43716974E-03,  0.23974723E-02,  0.22925850E-03
     276.,  0.14735654E+02,  0.20327188E+02, -0.11976790E+01,  0.25959626E-03,  0.21688215E-02,  0.20792069E-03
     277.,  0.14947751E+02,  0.19943685E+02, -0.11976790E+01,  0.75151787E-04,  0.19392902E-02,  0.20205872E-03
     278.,  0.15138276E+02,  0.19499481E+02, -0.11976790E+01, -0.92263998E-04,  0.17363572E-02,  0.19747984E-03
     279.,  0.15290956E+02,  0.18998659E+02, -0.11976790E+01, -0.22316263E-03,  0.15837935E-02,  0.19489773E-03
     280.,  0.15389584E+02,  0.18453406E+02, -0.11976790E+01, -0.31272964E-03,  0.14842023E-02,  0.18882060E-03
     281.,  0.15422025E+02,  0.17883951E+02, -0.11976790E+01, -0.36534950E-03,  0.14237854E-02,  0.17239109E-03
     282.,  0.15383981E+02,  0.17315544E+02, -0.11976790E+01, -0.39050117E-03,  0.13840089E-02,  0.15648191E-03
     283.,  0.15280477E+02,  0.16773212E+02, -0.11976790E+01, -0.39835321E-03,  0.13511244E-02,  0.14970081E-03
     284.,  0.15124131E+02,  0.16276607E+02, -0.11976790E+01, -0.39690614E-03,  0.13188243E-02,  0.14787114E-03
     285.,  0.14931293E+02,  0.15837230E+02, -0.11976790E+01, -0.39160469E-03,  0.12863345E-02,  0.14754449E-03
     286.,  0.14718100E+02,  0.15458581E+02, -0.11976790E+01, -0.38587067E-03,  0.12549460E-02,  0.14761506E-03
     287.,  0.14497923E+02,  0.15138211E+02, -0.11976790E+01, -0.38147952E-03,  0.12260734E-02,  0.14777196E-03
     288.,  0.14280452E+02,  0.14870241E+02, -0.11976790E+01, -0.37904470E-03,  0.12006280E-02,  0.14789260E-03
     289.,  0.14071923E+02,  0.14647425E+02, -0.11976790E+01, -0.37853026E-03,  0.11789938E-02,  0.14799114E-03
     290.,  0.13847880E+02,  0.14437821E+02, -0.11976790E+01, -0.37990229E-03,  0.11587868E-02,  0.14810904E-03
     291.,  0.13578189E+02,  0.14219212E+02, -0.11976790E+01, -0.38400370E-03,  0.11387889E-02,  0.14821377E-03
     292.,  0.13255503E+02,  0.13997953E+02, -0.11976790E+01, -0.39202669E-03,  0.11214156E-02,  0.14830102E-03
     293.,  0.12873884E+02,  0.13783928E+02, -0.11976790E+01, -0.40510446E-03,  0.11107827E-02,  0.14837487E-03
     294.,  0.12430934E+02,  0.13590771E+02, -0.11976790E+01, -0.42374159E-03,  0.11131720E-02,  0.14843310E-03
     295.,  0.11930373E+02,  0.13434901E+02, -0.11976790E+01, -0.44691558E-03,  0.11368634E-02,  0.14847633E-03
     296.,  0.11384116E+02,  0.13332863E+02, -0.11976790E+01, -0.47112509E-03,  0.11905640E-02,  0.14851168E-03
     297.,  0.10812349E+02,  0.13297266E+02, -0.11976790E+01, -0.49022709E-03,  0.12801973E-02,  0.14855605E-03
     298.,  0.10240582E+02,  0.13332863E+02, -0.11976790E+01, -0.49691060E-03,  0.14054047E-02,  0.14862843E-03
     299.,  0.96943244E+01,  0.13434901E+02, -0.11976790E+01, -0.48546245E-03,  0.15583790E-02,  0.14873343E-03
     300.,  0.91937635E+01,  0.13590771E+02, -0.11976790E+01, -0.45401549E-03,  0.17263622E-02,  0.14885378E-03
     301.,  0.87508135E+01,  0.13783928E+02, -0.11976790E+01, -0.40475435E-03,  0.18960986E-02,  0.14896345E-03
     302.,  0.83691952E+01,  0.13997953E+02, -0.11976790E+01, -0.34237336E-03,  0.20573275E-02,  0.14904520E-03
     303.,  0.80465089E+01,  0.14219212E+02, -0.11976790E+01, -0.27218398E-03,  0.22039581E-02,  0.14908788E-03
     304.,  0.77768183E+01,  0.14437821E+02, -0.11976790E+01, -0.19881412E-03,  0.23335120E-02,  0.14911005E-03
     305.,  0.75527752E+01,  0.14647425E+02, -0.11976790E+01, -0.12572390E-03,  0.24459417E-02,  0.14913912E-03
     306.,  0.73442455E+01,  0.14870241E+02, -0.11976790E+01, -0.45825250E-04,  0.25545699E-02,  0.14900647E-03
     307.,  0.71267748E+01,  0.15138211E+02, -0.11976790E+01,  0.52440724E-04,  0.26722112E-02,  0.14869534E-03
     308.,  0.69065978E+01,  0.15458581E+02, -0.11976790E+01,  0.17198745E-03,  0.27964727E-02,  0.14801528E-03
     309.,  0.66934053E+01,  0.15837230E+02, -0.11976790E+01,  0.31474287E-03,  0.29232816E-02,  0.14623362E-03
     310.,  0.65005672E+01,  0.16276607E+02, -0.11976790E+01,  0.48022272E-03,  0.30471910E-02,  0.14184234E-03
     311.,  0.63442210E+01,  0.16773212E+02, -0.11976790E+01,  0.66266792E-03,  0.31632792E-02,  0.13065811E-03
     312.,  0.62407166E+01,  0.17315544E+02, -0.11976790E+01,  0.84798948E-03,  0.32699125E-02,  0.11354787E-03
     313.,  0.62026732E+01,  0.17883951E+02, -0.11976790E+01,  0.10143158E-02,  0.33728003E-02,  0.10381208E-03
     314.,  0.62351139E+01,  0.18453406E+02, -0.11976790E+01,  0.11387035E-02,  0.34888989E-02,  0.98343906E-04
     315.,  0.63337421E+01,  0.18998659E+02, -0.11976790E+01,  0.12000944E-02,  0.36370018E-02,  0.90977631E-04
     316.,  0.64864221E+01,  0.19499481E+02, -0.11976790E+01,  0.11933029E-02,  0.38156765E-02,  0.82275421E-04
     317.,  0.66769466E+01,  0.19943685E+02, -0.11976790E+01,  0.11417949E-02,  0.40033220E-02,  0.55705200E-04
     318.,  0.68890434E+01,  0.20327188E+02, -0.11976790E+01,  0.10825048E-02,  0.41641054E-02, -0.17406701E-04
     319.,  0.71090668E+01,  0.20652057E+02, -0.11976790E+01,  0.10471917E-02,  0.42713485E-02, -0.16557914E-03
     320.,  0.73270276E+01,  0.20923980E+02, -0.11976790E+01,  0.10382514E-02,  0.43382858E-02, -0.49548893E-03
     321.,  0.71978590E+01,  0.21485344E+02, -0.11976790E+01,  0.10553905E-02,  0.51061310E-02,  0.31307585E-02
     322.,  0.74440493E+01,  0.21717990E+02, -0.11976790E+01,  0.11642453E-02,  0.52487742E-02,  0.22526628E-02
     323.,  0.77410281E+01,  0.21961143E+02, -0.11976790E+01,  0.14567102E-02,  0.51245615E-02,  0.14034853E-02
     324.,  0.80971889E+01,  0.22207813E+02, -0.11976790E+01,  0.17453013E-02,  0.48884757E-02,  0.11482247E-02
     325.,  0.85194211E+01,  0.22446996E+02, -0.11976790E+01,  0.20190487E-02,  0.45637906E-02,  0.71351424E-03
     326.,  0.90106911E+01,  0.22663376E+02, -0.11976790E+01,  0.22295798E-02,  0.40621037E-02,  0.40736902E-03
     327.,  0.95670554E+01,  0.22838361E+02, -0.11976790E+01,  0.23188652E-02,  0.33207644E-02,  0.29760080E-03
     328.,  0.10175215E+02,  0.22953102E+02, -0.11976790E+01,  0.22439819E-02,  0.26087636E-02,  0.11317750E-03
     329.,  0.10812349E+02,  0.22993166E+02, -0.11976790E+01,  0.19481988E-02,  0.24432709E-02, -0.23316929E-03
     330.,  0.11449483E+02,  0.22953102E+02, -0.11976790E+01,  0.14965778E-02,  0.27703094E-02, -0.32172098E-03
     331.,  0.12057642E+02,  0.22838361E+02, -0.11976790E+01,  0.11537351E-02,  0.32159253E-02, -0.33058325E-03
     332.,  0.12614007E+02,  0.22663376E+02, -0.11976790E+01,  0.99833331E-03,  0.35181179E-02, -0.49835041E-03
     333.,  0.13105277E+02,  0.22446996E+02, -0.11976790E+01,  0.96347056E-03,  0.36236136E-02, -0.78227662E-03
     334.,  0.13527509E+02,  0.22207813E+02, -0.11976790E+01,  0.95928960E-03,  0.35763319E-02, -0.99600985E-03
     335.,  0.13883670E+02,  0.21961143E+02, -0.11976790E+01,  0.92665122E-03,  0.34073271E-02, -0.10932611E-02
     336.,  0.14180649E+02,  0.21717990E+02, -0.11976790E+01,  0.88036920E-03,  0.31783754E-02, -0.10424537E-02
     337.,  0.14426839E+02,  0.21485344E+02, -0.11976790E+01,  0.80600039E-03,  0.29248501E-02, -0.12169355E-02
     338.,  0.14657891E+02,  0.21235797E+02, -0.11976790E+01,  0.61204962E-03,  0.26166163E-02, -0.47761568E-03
     339.,  0.14898379E+02,  0.20935769E+02, -0.11976790E+01,  0.45134956E-03,  0.23566777E-02, -0.15572302E-03
     340.,  0.15141143E+02,  0.20577324E+02, -0.11976790E+01,  0.25455156E-03,  0.20811096E-02, -0.63785179E-04
     341.,  0.15375161E+02,  0.20154184E+02, -0.11976790E+01,  0.47121000E-04,  0.18135382E-02, -0.20320784E-04
     342.,  0.15585377E+02,  0.19664070E+02, -0.11976790E+01, -0.12373161E-03,  0.16042471E-02, -0.10538805E-04
     343.,  0.15753837E+02,  0.19111487E+02, -0.11976790E+01, -0.24464204E-03,  0.14712605E-02, -0.20583901E-04
     344.,  0.15862658E+02,  0.18509880E+02, -0.11976790E+01, -0.32176093E-03,  0.14014562E-02, -0.28095681E-05
     345.,  0.15898452E+02,  0.17881568E+02, -0.11976790E+01, -0.36508341E-03,  0.13682877E-02,  0.67840518E-04
     346.,  0.15856477E+02,  0.17254415E+02, -0.11976790E+01, -0.38747167E-03,  0.13477439E-02,  0.12826640E-03
     347.,  0.15742275E+02,  0.16656030E+02, -0.11976790E+01, -0.39816190E-03,  0.13259362E-02,  0.14872272E-03
     348.,  0.15569770E+02,  0.16108099E+02, -0.11976790E+01, -0.40179368E-03,  0.13001590E-02,  0.15269684E-03
     349.,  0.15357001E+02,  0.15623311E+02, -0.11976790E+01, -0.40183949E-03,  0.12720278E-02,  0.15279167E-03
     350.,  0.15121774E+02,  0.15205528E+02, -0.11976790E+01, -0.40108466E-03,  0.12437981E-02,  0.15201728E-03
     351.,  0.14878841E+02,  0.14852047E+02, -0.11976790E+01, -0.40124325E-03,  0.12172462E-02,  0.15121840E-03
     352.,  0.14638894E+02,  0.14556380E+02, -0.11976790E+01, -0.40297723E-03,  0.11934421E-02,  0.15068713E-03
     353.,  0.14408812E+02,  0.14310536E+02, -0.11976790E+01, -0.40628585E-03,  0.11728820E-02,  0.15027732E-03
     354.,  0.14161613E+02,  0.14079268E+02, -0.11976790E+01, -0.41165745E-03,  0.11534841E-02,  0.14983644E-03
     355.,  0.13864049E+02,  0.13838066E+02, -0.11976790E+01, -0.42061856E-03,  0.11341155E-02,  0.14944015E-03
     356.,  0.13508012E+02,  0.13593938E+02, -0.11976790E+01, -0.43465575E-03,  0.11172065E-02,  0.14911999E-03
     357.,  0.13086952E+02,  0.13357793E+02, -0.11976790E+01, -0.45522163E-03,  0.11070268E-02,  0.14885893E-03
     358.,  0.12598221E+02,  0.13144673E+02, -0.11976790E+01, -0.48317509E-03,  0.11103615E-02,  0.14865798E-03
     359.,  0.12045926E+02,  0.12972693E+02, -0.11976790E+01, -0.51767199E-03,  0.11365082E-02,  0.14851681E-03
     360.,  0.11443210E+02,  0.12860108E+02, -0.11976790E+01, -0.55484808E-03,  0.11956557E-02,  0.14840980E-03
     361.,  0.10812349E+02,  0.12820832E+02, -0.11976790E+01, -0.58733321E-03,  0.12951142E-02,  0.14827065E-03
     362.,  0.10181488E+02,  0.12860108E+02, -0.11976790E+01, -0.60592140E-03,  0.14349102E-02,  0.14801992E-03
     363.,  0.95787723E+01,  0.12972693E+02, -0.11976790E+01, -0.60317213E-03,  0.16061313E-02,  0.14763224E-03
     364.,  0.90264766E+01,  0.13144673E+02, -0.11976790E+01, -0.57647148E-03,  0.17939017E-02,  0.14717064E-03
     365.,  0.85377461E+01,  0.13357793E+02, -0.11976790E+01, -0.52833367E-03,  0.19828615E-02,  0.14673194E-03
     366.,  0.81166860E+01,  0.13593938E+02, -0.11976790E+01, -0.46436424E-03,  0.21613719E-02,  0.14638205E-03
     367.,  0.77606489E+01,  0.13838066E+02, -0.11976790E+01, -0.39083379E-03,  0.23227953E-02,  0.14613569E-03
     368.,  0.74630848E+01,  0.14079268E+02, -0.11976790E+01, -0.31318556E-03,  0.24646352E-02,  0.14591062E-03
     369.,  0.72158860E+01,  0.14310536E+02, -0.11976790E+01, -0.23536841E-03,  0.25870838E-02,  0.14567439E-03
     370.,  0.69858039E+01,  0.14556380E+02, -0.11976790E+01, -0.15003602E-03,  0.27048383E-02,  0.14587339E-03
     371.,  0.67458568E+01,  0.14852047E+02, -0.11976790E+01, -0.44738494E-04,  0.28316250E-02,  0.14651562E-03
     372.,  0.65029237E+01,  0.15205528E+02, -0.11976790E+01,  0.83909170E-04,  0.29647038E-02,  0.14822908E-03
     373.,  0.62676969E+01,  0.15623311E+02, -0.11976790E+01,  0.23860092E-03,  0.30992508E-02,  0.15311271E-03
     374.,  0.60549283E+01,  0.16108099E+02, -0.11976790E+01,  0.42049583E-03,  0.32282874E-02,  0.16597504E-03
     375.,  0.58824231E+01,  0.16656030E+02, -0.11976790E+01,  0.62748732E-03,  0.33440600E-02,  0.20484709E-03
     376.,  0.57682211E+01,  0.17254415E+02, -0.11976790E+01,  0.84663866E-03,  0.34426973E-02,  0.27530510E-03
     377.,  0.57262458E+01,  0.17881568E+02, -0.11976790E+01,  0.10510382E-02,  0.35249259E-02,  0.32486138E-03
     378.,  0.57620394E+01,  0.18509880E+02, -0.11976790E+01,  0.12212683E-02,  0.36114778E-02,  0.33526500E-03
     379.,  0.58708612E+01,  0.19111487E+02, -0.11976790E+01,  0.13284063E-02,  0.37457437E-02,  0.34747213E-03
     380.,  0.60393212E+01,  0.19664070E+02, -0.11976790E+01,  0.13359002E-02,  0.39478660E-02,  0.37695286E-03
     381.,  0.62495371E+01,  0.20154184E+02, -0.11976790E+01,  0.12746162E-02,  0.41762613E-02,  0.49114923E-03
     382.,  0.64835550E+01,  0.20577324E+02, -0.11976790E+01,  0.11913469E-02,  0.43982980E-02,  0.84208825E-03
     383.,  0.67263186E+01,  0.20935769E+02, -0.11976790E+01,  0.11219190E-02,  0.46120192E-02,  0.12541058E-02
     384.,  0.69668064E+01,  0.21235797E+02, -0.11976790E+01,  0.11108431E-02,  0.48262448E-02,  0.20299150E-02
     385.,  0.68592811E+01,  0.21820536E+02, -0.11976790E+01,  0.12928551E-02,  0.73411718E-02, -0.48396151E-02
     386.,  0.71285326E+01,  0.22074974E+02, -0.11976790E+01,  0.18319051E-02,  0.72212592E-02, -0.33983528E-02
     387.,  0.74533302E+01,  0.22340904E+02, -0.11976790E+01,  0.23526363E-02,  0.70436321E-02, -0.21191321E-02
     388.,  0.78428534E+01,  0.22610680E+02, -0.11976790E+01,  0.28643224E-02,  0.63776706E-02, -0.18421498E-02
     389.,  0.83046371E+01,  0.22872268E+02, -0.11976790E+01,  0.31392022E-02,  0.55938422E-02, -0.97928228E-03
     390.,  0.88419255E+01,  0.23108917E+02, -0.11976790E+01,  0.32486648E-02,  0.46775125E-02, -0.31604624E-03
     391.,  0.94504058E+01,  0.23300294E+02, -0.11976790E+01,  0.32565057E-02,  0.36510364E-02, -0.64371911E-04
     392.,  0.10115533E+02,  0.23425782E+02, -0.11976790E+01,  0.30258940E-02,  0.25427428E-02,  0.31078681E-03
     393.,  0.10812349E+02,  0.23469599E+02, -0.11976790E+01,  0.23612343E-02,  0.23706811E-02,  0.98570537E-03
     394.,  0.11509165E+02,  0.23425782E+02, -0.11976790E+01,  0.12388018E-02,  0.32581295E-02,  0.11261180E-02
     395.,  0.12174292E+02,  0.23300294E+02, -0.11976790E+01,  0.53970552E-03,  0.39450985E-02,  0.11918905E-02
     396.,  0.12782772E+02,  0.23108917E+02, -0.11976790E+01,  0.33505156E-03,  0.44271630E-02,  0.14491407E-02
     397.,  0.13320061E+02,  0.22872268E+02, -0.11976790E+01,  0.45066069E-03,  0.47612338E-02,  0.19956149E-02
     398.,  0.13781845E+02,  0.22610680E+02, -0.11976790E+01,  0.66836340E-03,  0.47334263E-02,  0.24322591E-02
     399.,  0.14171368E+02,  0.22340904E+02, -0.11976790E+01,  0.80198215E-03,  0.44496534E-02,  0.24684199E-02
     400.,  0.14496165E+02,  0.22074974E+02, -0.11976790E+01,  0.79933376E-03,  0.38773289E-02,  0.23595451E-02
     401.,  0.14765417E+02,  0.21820536E+02, -0.11976790E+01,  0.85309098E-03,  0.35497960E-02,  0.26676524E-02
     402.,  0.15018113E+02,  0.21547613E+02, -0.11976790E+01,  0.66435628E-03,  0.26894815E-02,  0.13229389E-02
     403.,  0.15281127E+02,  0.21219481E+02, -0.11976790E+01,  0.53057726E-03,  0.22708537E-02,  0.71189647E-03
     404.,  0.15546631E+02,  0.20827459E+02, -0.11976790E+01,  0.27560799E-03,  0.19120231E-02,  0.51532110E-03
     405.,  0.15802570E+02,  0.20364683E+02, -0.11976790E+01,  0.31544642E-04,  0.16308128E-02,  0.33910491E-03
     406.,  0.16032478E+02,  0.19828659E+02, -0.11976790E+01, -0.15063629E-03,  0.14453505E-02,  0.35321727E-03
     407.,  0.16216718E+02,  0.19224314E+02, -0.11976790E+01, -0.25641893E-03,  0.13575744E-02,  0.44169901E-03
     408.,  0.16335733E+02,  0.18566353E+02, -0.11976790E+01, -0.32275158E-03,  0.13384199E-02,  0.41850992E-03
     409.,  0.16374879E+02,  0.17879186E+02, -0.11976790E+01, -0.35755955E-03,  0.13413984E-02,  0.25616237E-03
     410.,  0.16328972E+02,  0.17193286E+02, -0.11976790E+01, -0.38003281E-03,  0.13357049E-02,  0.15698561E-03
     411.,  0.16204073E+02,  0.16538849E+02, -0.11976790E+01, -0.39570528E-03,  0.13184319E-02,  0.13890352E-03
     412.,  0.16015409E+02,  0.15939592E+02, -0.11976790E+01, -0.40539718E-03,  0.12944939E-02,  0.13670350E-03
     413.,  0.15782709E+02,  0.15409393E+02, -0.11976790E+01, -0.41106615E-03,  0.12678801E-02,  0.13983484E-03
     414.,  0.15525448E+02,  0.14952475E+02, -0.11976790E+01, -0.41535359E-03,  0.12411357E-02,  0.14204817E-03
     415.,  0.15259759E+02,  0.14565882E+02, -0.11976790E+01, -0.42004612E-03,  0.12159044E-02,  0.14383737E-03
     416.,  0.14997336E+02,  0.14242520E+02, -0.11976790E+01, -0.42596051E-03,  0.11932115E-02,  0.14489810E-03
     417.,  0.14745701E+02,  0.13973647E+02, -0.11976790E+01, -0.43297667E-03,  0.11734081E-02,  0.14563583E-03
     418.,  0.14475347E+02,  0.13720716E+02, -0.11976790E+01, -0.44225447E-03,  0.11543609E-02,  0.14639889E-03
     419.,  0.14149909E+02,  0.13456919E+02, -0.11976790E+01, -0.45603135E-03,  0.11352924E-02,  0.14706909E-03
     420.,  0.13760521E+02,  0.13189924E+02, -0.11976790E+01, -0.47601265E-03,  0.11184681E-02,  0.14758319E-03
     421.,  0.13300019E+02,  0.12931658E+02, -0.11976790E+01, -0.50412137E-03,  0.11082406E-02,  0.14798819E-03
     422.,  0.12765508E+02,  0.12698574E+02, -0.11976790E+01, -0.54183628E-03,  0.11118507E-02,  0.14828891E-03
     423.,  0.12161478E+02,  0.12510484E+02, -0.11976790E+01, -0.58888703E-03,  0.11397169E-02,  0.14847862E-03
     424.,  0.11502305E+02,  0.12387354E+02, -0.11976790E+01, -0.64135052E-03,  0.12038467E-02,  0.14859704E-03
     425.,  0.10812349E+02,  0.12344399E+02, -0.11976790E+01, -0.69042172E-03,  0.13134135E-02,  0.14876292E-03
     426.,  0.10122393E+02,  0.12387354E+02, -0.11976790E+01, -0.72414397E-03,  0.14691095E-02,  0.14913255E-03
     427.,  0.94632203E+01,  0.12510484E+02, -0.11976790E+01, -0.73241252E-03,  0.16607396E-02,  0.14977011E-03
     428.,  0.88591897E+01,  0.12698574E+02, -0.11976790E+01, -0.71152011E-03,  0.18708218E-02,  0.15057091E-03
     429.,  0.83246786E+01,  0.12931658E+02, -0.11976790E+01, -0.66456848E-03,  0.20814475E-02,  0.15136327E-03
     430.,  0.78641768E+01,  0.13189924E+02, -0.11976790E+01, -0.59851869E-03,  0.22794015E-02,  0.15204067E-03
     431.,  0.74747889E+01,  0.13456919E+02, -0.11976790E+01, -0.52096562E-03,  0.24574889E-02,  0.15261893E-03
     432.,  0.71493512E+01,  0.13720716E+02, -0.11976790E+01, -0.43825710E-03,  0.26133773E-02,  0.15323858E-03
     433.,  0.68789968E+01,  0.13973647E+02, -0.11976790E+01, -0.35519553E-03,  0.27474951E-02,  0.15401082E-03
     434.,  0.66273623E+01,  0.14242520E+02, -0.11976790E+01, -0.26376463E-03,  0.28757817E-02,  0.15426132E-03
     435.,  0.63649388E+01,  0.14565882E+02, -0.11976790E+01, -0.15076700E-03,  0.30137632E-02,  0.15423674E-03
     436.,  0.60992496E+01,  0.14952475E+02, -0.11976790E+01, -0.12532195E-04,  0.31584927E-02,  0.15337818E-03
     437.,  0.58419885E+01,  0.15409393E+02, -0.11976790E+01,  0.15420338E-03,  0.33047912E-02,  0.14949564E-03
     438.,  0.56092894E+01,  0.15939592E+02, -0.11976790E+01,  0.35184462E-03,  0.34449112E-02,  0.13449217E-03
     439.,  0.54206252E+01,  0.16538849E+02, -0.11976790E+01,  0.58172545E-03,  0.35679438E-02,  0.85262381E-04
     440.,  0.52957257E+01,  0.17193286E+02, -0.11976790E+01,  0.83834076E-03,  0.36598033E-02, -0.53332786E-04
     441.,  0.52498185E+01,  0.17879186E+02, -0.11976790E+01,  0.10771035E-02,  0.37079516E-02, -0.19684098E-03
     442.,  0.52889649E+01,  0.18566353E+02, -0.11976790E+01,  0.12955927E-02,  0.37423736E-02, -0.19205757E-03
     443.,  0.54079803E+01,  0.19224314E+02, -0.11976790E+01,  0.14716960E-02,  0.38265825E-02, -0.14128299E-03
     444.,  0.55922204E+01,  0.19828659E+02, -0.11976790E+01,  0.15104342E-02,  0.40272306E-02, -0.21858543E-03
     445.,  0.58221277E+01,  0.20364683E+02, -0.11976790E+01,  0.14670637E-02,  0.43655328E-02, -0.45416169E-03
     446.,  0.60780666E+01,  0.20827459E+02, -0.11976790E+01,  0.13766428E-02,  0.49496967E-02, -0.12677624E-02
     447.,  0.63435704E+01,  0.21219481E+02, -0.11976790E+01,  0.13043858E-02,  0.56937651E-02, -0.19203217E-02
     448.,  0.66065853E+01,  0.21547613E+02, -0.11976790E+01,  0.14353869E-02,  0.64421121E-02, -0.30789169E-02
     449.,  0.62681257E+01,  0.22405780E+02, -0.11976790E+01,  0.36574933E-01, -0.13765756E-01, -0.27948763E+00
     450.,  0.66487520E+01,  0.22617812E+02, -0.11976790E+01,  0.30211772E-01, -0.59682694E-02, -0.23281262E+00
     451.,  0.70756666E+01,  0.22839420E+02, -0.11976790E+01,  0.25228203E-01, -0.12397543E-02, -0.18666509E+00
     452.,  0.75565193E+01,  0.23064233E+02, -0.11976790E+01,  0.20396880E-01,  0.27213578E-02, -0.13719329E+00
     453.,  0.80975891E+01,  0.23282223E+02, -0.11976790E+01,  0.15228142E-01,  0.55609577E-02, -0.89134803E-01
     454.,  0.87015794E+01,  0.23479431E+02, -0.11976790E+01,  0.10062172E-01,  0.55819178E-02, -0.47049328E-01
     455.,  0.93648963E+01,  0.23638911E+02, -0.11976790E+01,  0.61797682E-02,  0.36602158E-02, -0.19089081E-01
     456.,  0.10075419E+02,  0.23743485E+02, -0.11976790E+01,  0.41442281E-02,  0.21627489E-02, -0.27274547E-02
     457.,  0.10812349E+02,  0.23779999E+02, -0.11976790E+01,  0.29933209E-02,  0.20185995E-02,  0.12025089E-01
     458.,  0.11549279E+02,  0.23743485E+02, -0.11976790E+01,  0.10453327E-03,  0.42081968E-02,  0.25999985E-01
     459.,  0.12259802E+02,  0.23638911E+02, -0.11976790E+01, -0.35435226E-02,  0.47443691E-02,  0.40824728E-01
     460.,  0.12923118E+02,  0.23479431E+02, -0.11976790E+01, -0.58591682E-02,  0.36548196E-02,  0.66145382E-01
     461.,  0.13527109E+02,  0.23282223E+02, -0.11976790E+01, -0.76137036E-02,  0.14789875E-02,  0.10174112E+00
     462.,  0.14068179E+02,  0.23064233E+02, -0.11976790E+01, -0.99506916E-02, -0.19468381E-02,  0.13911431E+00
     463.,  0.14549031E+02,  0.22839420E+02, -0.11976790E+01, -0.12737151E-01, -0.63735041E-02,  0.17206190E+00
     464.,  0.14975946E+02,  0.22617812E+02, -0.11976790E+01, -0.15616010E-01, -0.10864002E-01,  0.19916288E+00
     465.,  0.15356572E+02,  0.22405780E+02, -0.11976790E+01, -0.18716387E-01, -0.16034042E-01,  0.22220344E+00
     466.,  0.15567152E+02,  0.22022875E+02, -0.11976790E+01, -0.95640198E-02, -0.58175213E-02,  0.14826267E+00
     467.,  0.15786331E+02,  0.21593963E+02, -0.11976790E+01, -0.42620948E-02, -0.10324097E-02,  0.89270111E-01
     468.,  0.16007584E+02,  0.21111810E+02, -0.11976790E+01, -0.14233366E-02,  0.81950310E-03,  0.45635524E-01
     469.,  0.16220867E+02,  0.20570694E+02, -0.11976790E+01, -0.52846761E-03,  0.11401760E-02,  0.20682116E-01
     470.,  0.16412456E+02,  0.19968538E+02, -0.11976790E+01, -0.39604600E-03,  0.11648069E-02,  0.97314380E-02
     471.,  0.16565989E+02,  0.19309449E+02, -0.11976790E+01, -0.32940658E-03,  0.12488207E-02,  0.52764952E-02
     472.,  0.16665169E+02,  0.18605679E+02, -0.11976790E+01, -0.31738678E-03,  0.13156454E-02,  0.28207961E-02
     473.,  0.16697791E+02,  0.17877572E+02, -0.11976790E+01, -0.35053750E-03,  0.13428135E-02,  0.12439843E-02
     474.,  0.16659535E+02,  0.17150519E+02, -0.11976790E+01, -0.37373803E-03,  0.13391640E-02,  0.43934856E-03
     475.,  0.16555452E+02,  0.16449687E+02, -0.11976790E+01, -0.39408554E-03,  0.13198518E-02,  0.16385294E-03
     476.,  0.16398232E+02,  0.15794837E+02, -0.11976790E+01, -0.40908603E-03,  0.12942741E-02,  0.84055313E-04
     477.,  0.16204316E+02,  0.15197536E+02, -0.11976790E+01, -0.42060750E-03,  0.12673101E-02,  0.64161599E-04
     478.,  0.15989932E+02,  0.14661302E+02, -0.11976790E+01, -0.43165755E-03,  0.12412803E-02,  0.61302086E-04
     479.,  0.15768524E+02,  0.14183672E+02, -0.11976790E+01, -0.44424481E-03,  0.12174020E-02,  0.62216092E-04
     480.,  0.15549838E+02,  0.13758735E+02, -0.11976790E+01, -0.45903214E-03,  0.11964544E-02,  0.63546731E-04
     481.,  0.15340142E+02,  0.13379206E+02, -0.11976790E+01, -0.47652665E-03,  0.11788897E-02,  0.63822934E-04
     482.,  0.14958597E+02,  0.13168430E+02, -0.11976790E+01, -0.48561477E-03,  0.11604864E-02,  0.93586936E-04
     483.,  0.14531149E+02,  0.12948599E+02, -0.11976790E+01, -0.49924337E-03,  0.11413209E-02,  0.11525511E-03
     484.,  0.14050409E+02,  0.12726103E+02, -0.11976790E+01, -0.51944606E-03,  0.11237850E-02,  0.13012022E-03
     485.,  0.13510408E+02,  0.12510882E+02, -0.11976790E+01, -0.54862401E-03,  0.11125033E-02,  0.13959898E-03
     486.,  0.12908732E+02,  0.12316645E+02, -0.11976790E+01, -0.58893106E-03,  0.11153084E-02,  0.14510588E-03
     487.,  0.12249123E+02,  0.12159903E+02, -0.11976790E+01, -0.64090544E-03,  0.11435524E-02,  0.14799319E-03
     488.,  0.11543562E+02,  0.12057295E+02, -0.11976790E+01, -0.70137521E-03,  0.12104670E-02,  0.14964300E-03
     489.,  0.10812349E+02,  0.12021499E+02, -0.11976790E+01, -0.76194618E-03,  0.13266456E-02,  0.15156558E-03
     490.,  0.10081136E+02,  0.12057295E+02, -0.11976790E+01, -0.81051196E-03,  0.14942674E-02,  0.15538672E-03
     491.,  0.93755751E+01,  0.12159903E+02, -0.11976790E+01, -0.83627368E-03,  0.17044338E-02,  0.16255527E-03
     492.,  0.87159662E+01,  0.12316645E+02, -0.11976790E+01, -0.83454712E-03,  0.19404007E-02,  0.17380788E-03
     493.,  0.81142903E+01,  0.12510882E+02, -0.11976790E+01, -0.80748551E-03,  0.21842174E-02,  0.18887311E-03
     494.,  0.75742889E+01,  0.12726103E+02, -0.11976790E+01, -0.76130759E-03,  0.24219773E-02,  0.20658847E-03
     495.,  0.70935489E+01,  0.12948599E+02, -0.11976790E+01, -0.70308445E-03,  0.26455463E-02,  0.22489575E-03
     496.,  0.66661008E+01,  0.13168430E+02, -0.11976790E+01, -0.63887277E-03,  0.28516426E-02,  0.24045995E-03
     497.,  0.62845555E+01,  0.13379206E+02, -0.11976790E+01, -0.57286713E-03,  0.30405630E-02,  0.24792030E-03
     498.,  0.60748601E+01,  0.13758735E+02, -0.11976790E+01, -0.44312648E-03,  0.31490977E-02,  0.21401253E-03
     499.,  0.58561738E+01,  0.14183672E+02, -0.11976790E+01, -0.29489841E-03,  0.32668696E-02,  0.17277730E-03
     500.,  0.56347661E+01,  0.14661302E+02, -0.11976790E+01, -0.12519132E-03,  0.33917928E-02,  0.11209678E-03
     501.,  0.54203819E+01,  0.15197536E+02, -0.11976790E+01,  0.68897321E-04,  0.35201416E-02,  0.34122986E-05
     502.,  0.52264660E+01,  0.15794837E+02, -0.11976790E+01,  0.29052024E-03,  0.36457813E-02, -0.22051830E-03
     503.,  0.50692458E+01,  0.16449687E+02, -0.11976790E+01,  0.54313581E-03,  0.37592013E-02, -0.73959531E-03
     504.,  0.49651629E+01,  0.17150519E+02, -0.11976790E+01,  0.82921402E-03,  0.38434992E-02, -0.18081224E-02
     505.,  0.49269069E+01,  0.17877572E+02, -0.11976790E+01,  0.11097756E-02,  0.38898966E-02, -0.37266801E-02
     506.,  0.49595289E+01,  0.18605679E+02, -0.11976790E+01,  0.14745257E-02,  0.38986921E-02, -0.71460908E-02
     507.,  0.50587084E+01,  0.19309449E+02, -0.11976790E+01,  0.20595791E-02,  0.38913787E-02, -0.13697827E-01
     508.,  0.52122418E+01,  0.19968538E+02, -0.11976790E+01,  0.30884439E-02,  0.40227496E-02, -0.27778306E-01
     509.,  0.54038312E+01,  0.20570694E+02, -0.11976790E+01,  0.53339146E-02,  0.41560573E-02, -0.55770552E-01
     510.,  0.56171136E+01,  0.21111810E+02, -0.11976790E+01,  0.93112326E-02,  0.34846196E-02, -0.98376513E-01
     511.,  0.58383669E+01,  0.21593963E+02, -0.11976790E+01,  0.14959622E-01,  0.12420092E-02, -0.15118908E+00
     512.,  0.60575459E+01,  0.22022875E+02, -0.11976790E+01,  0.22931636E-01, -0.36528079E-02, -0.21070334E+00
     513.,  0.56769704E+01,  0.22991024E+02, -0.11976790E+01,  0.13031362E+00, -0.11192308E+00, -0.73468153E+00
     514.,  0.61689714E+01,  0.23160649E+02, -0.11976790E+01,  0.11344096E+00, -0.94187978E-01, -0.63497421E+00
     515.,  0.66980031E+01,  0.23337936E+02, -0.11976790E+01,  0.94179857E-01, -0.73711322E-01, -0.52517697E+00
     516.,  0.72701852E+01,  0.23517786E+02, -0.11976790E+01,  0.72389828E-01, -0.49288107E-01, -0.40693726E+00
     517.,  0.78905411E+01,  0.23692179E+02, -0.11976790E+01,  0.49028660E-01, -0.23570762E-01, -0.28445649E+00
     518.,  0.85612333E+01,  0.23849944E+02, -0.11976790E+01,  0.29223127E-01, -0.51648238E-02, -0.16970575E+00
     519.,  0.92793868E+01,  0.23977529E+02, -0.11976790E+01,  0.15019717E-01,  0.16426639E-02, -0.78188629E-01
     520.,  0.10035305E+02,  0.24061188E+02, -0.11976790E+01,  0.70578746E-02,  0.18009179E-02, -0.15904290E-01
     521.,  0.10812349E+02,  0.24090399E+02, -0.11976790E+01,  0.29508119E-02,  0.17010848E-02,  0.35815934E-01
     522.,  0.11589393E+02,  0.24061188E+02, -0.11976790E+01, -0.36088047E-02,  0.22402507E-02,  0.83683725E-01
     523.,  0.12345311E+02,  0.23977529E+02, -0.11976790E+01, -0.12819366E-01, -0.39081171E-02,  0.13430912E+00
     524.,  0.13063465E+02,  0.23849944E+02, -0.11976790E+01, -0.22606878E-01, -0.17382130E-01,  0.20890831E+00
     525.,  0.13734157E+02,  0.23692179E+02, -0.11976790E+01, -0.34933992E-01, -0.35729674E-01,  0.30407690E+00
     526.,  0.14354513E+02,  0.23517786E+02, -0.11976790E+01, -0.48668713E-01, -0.56160384E-01,  0.39936944E+00
     527.,  0.14926695E+02,  0.23337936E+02, -0.11976790E+01, -0.62124940E-01, -0.75803626E-01,  0.48810374E+00
     528.,  0.15455726E+02,  0.23160649E+02, -0.11976790E+01, -0.74048147E-01, -0.92733061E-01,  0.56685083E+00
     529.,  0.15947728E+02,  0.22991024E+02, -0.11976790E+01, -0.84226261E-01, -0.10663152E+00,  0.63682551E+00
     530.,  0.16116191E+02,  0.22498138E+02, -0.11976790E+01, -0.55296124E-01, -0.65927607E-01,  0.46955993E+00
     531.,  0.16291535E+02,  0.21968445E+02, -0.11976790E+01, -0.29372648E-01, -0.31247399E-01,  0.30741810E+00
     532.,  0.16468537E+02,  0.21396160E+02, -0.11976790E+01, -0.11828531E-01, -0.99665868E-02,  0.17228585E+00
     533.,  0.16639163E+02,  0.20776705E+02, -0.11976790E+01, -0.36537926E-02, -0.15518699E-02,  0.81688613E-01
     534.,  0.16792435E+02,  0.20108418E+02, -0.11976790E+01, -0.11975595E-02,  0.54817755E-03,  0.36032456E-01
     535.,  0.16915261E+02,  0.19394584E+02, -0.11976790E+01, -0.49821861E-03,  0.11371239E-02,  0.16465283E-01
     536.,  0.16994605E+02,  0.18645006E+02, -0.11976790E+01, -0.32323899E-03,  0.13212624E-02,  0.74748357E-02
     537.,  0.17020703E+02,  0.17875957E+02, -0.11976790E+01, -0.34594891E-03,  0.13567682E-02,  0.30402332E-02
     538.,  0.16990098E+02,  0.17107753E+02, -0.11976790E+01, -0.36902082E-03,  0.13470830E-02,  0.10370933E-02
     539.,  0.16906831E+02,  0.16360524E+02, -0.11976790E+01, -0.39439166E-03,  0.13210903E-02,  0.28857982E-03
     540.,  0.16781055E+02,  0.15650082E+02, -0.11976790E+01, -0.41453123E-03,  0.12919694E-02,  0.42929628E-04
     541.,  0.16625923E+02,  0.14985678E+02, -0.11976790E+01, -0.43142024E-03,  0.12637855E-02, -0.37290957E-04
     542.,  0.16454415E+02,  0.14370129E+02, -0.11976790E+01, -0.44857746E-03,  0.12378796E-02, -0.63369536E-04
     543.,  0.16277289E+02,  0.13801463E+02, -0.11976790E+01, -0.46744431E-03,  0.12155317E-02, -0.72049763E-04
     544.,  0.16102340E+02,  0.13274951E+02, -0.11976790E+01, -0.48874529E-03,  0.11970259E-02, -0.76041398E-04
     545.,  0.15934584E+02,  0.12784764E+02, -0.11976790E+01, -0.51168343E-03,  0.11826128E-02, -0.78602383E-04
     546.,  0.15441847E+02,  0.12616144E+02, -0.11976790E+01, -0.52039022E-03,  0.11667413E-02, -0.55759416E-05
     547.,  0.14912389E+02,  0.12440279E+02, -0.11976790E+01, -0.53397990E-03,  0.11483854E-02,  0.52834110E-04
     548.,  0.14340297E+02,  0.12262282E+02, -0.11976790E+01, -0.55482138E-03,  0.11303519E-02,  0.94954155E-04
     549.,  0.13720796E+02,  0.12090105E+02, -0.11976790E+01, -0.58579756E-03,  0.11177776E-02,  0.12243289E-03
     550.,  0.13051955E+02,  0.11934716E+02, -0.11976790E+01, -0.62977045E-03,  0.11192997E-02,  0.13844803E-03
     551.,  0.12336768E+02,  0.11809323E+02, -0.11976790E+01, -0.68810310E-03,  0.11473999E-02,  0.14682101E-03
     552.,  0.11584819E+02,  0.11727236E+02, -0.11976790E+01, -0.75832084E-03,  0.12166724E-02,  0.15159099E-03
     553.,  0.10812349E+02,  0.11698599E+02, -0.11976790E+01, -0.83231585E-03,  0.13391950E-02,  0.15693552E-03
     554.,  0.10039879E+02,  0.11727236E+02, -0.11976790E+01, -0.89766457E-03,  0.15186396E-02,  0.16722971E-03
     555.,  0.92879298E+01,  0.11809323E+02, -0.11976790E+01, -0.94266151E-03,  0.17473622E-02,  0.18661630E-03
     556.,  0.85727428E+01,  0.11934716E+02, -0.11976790E+01, -0.96140375E-03,  0.20092409E-02,  0.21757515E-03
     557.,  0.79039020E+01,  0.12090105E+02, -0.11976790E+01, -0.95490324E-03,  0.22860430E-02,  0.25934867E-03
     558.,  0.72844009E+01,  0.12262282E+02, -0.11976790E+01, -0.92853354E-03,  0.25628045E-02,  0.30715711E-03
     559.,  0.67123089E+01,  0.12440279E+02, -0.11976790E+01, -0.88878761E-03,  0.28299312E-02,  0.35161888E-03
     560.,  0.61828505E+01,  0.12616144E+02, -0.11976790E+01, -0.84123746E-03,  0.30827766E-02,  0.37712927E-03
     561.,  0.56901142E+01,  0.12784764E+02, -0.11976790E+01, -0.78990922E-03,  0.33195579E-02,  0.35909139E-03
     562.,  0.55223579E+01,  0.13274951E+02, -0.11976790E+01, -0.61827744E-03,  0.34084145E-02,  0.25711027E-03
     563.,  0.53474089E+01,  0.13801463E+02, -0.11976790E+01, -0.43327183E-03,  0.35068384E-02,  0.12899563E-03
     564.,  0.51702827E+01,  0.14370129E+02, -0.11976790E+01, -0.23214677E-03,  0.36138271E-02, -0.56068549E-04
     565.,  0.49987753E+01,  0.14985678E+02, -0.11976790E+01, -0.11588963E-04,  0.37270298E-02, -0.36898959E-03
     566.,  0.48436426E+01,  0.15650082E+02, -0.11976790E+01,  0.23248525E-03,  0.38426377E-02, -0.98119542E-03
     567.,  0.47178665E+01,  0.16360524E+02, -0.11976790E+01,  0.50798425E-03,  0.39533861E-02, -0.22905865E-02
     568.,  0.46346001E+01,  0.17107753E+02, -0.11976790E+01,  0.82568840E-03,  0.40458899E-02, -0.50153873E-02
     569.,  0.46039953E+01,  0.17875957E+02, -0.11976790E+01,  0.11650710E-02,  0.41108927E-02, -0.10792580E-01
     570.,  0.46300929E+01,  0.18645006E+02, -0.11976790E+01,  0.18764666E-02,  0.40520977E-02, -0.22929899E-01
     571.,  0.47094365E+01,  0.19394584E+02, -0.11976790E+01,  0.38032184E-02,  0.35158221E-02, -0.47720242E-01
     572.,  0.48322632E+01,  0.20108418E+02, -0.11976790E+01,  0.88679362E-02,  0.12386441E-02, -0.98260819E-01
     573.,  0.49855348E+01,  0.20776705E+02, -0.11976790E+01,  0.20742630E-01, -0.63852839E-02, -0.18641224E+00
     574.,  0.51561607E+01,  0.21396160E+02, -0.11976790E+01,  0.40944575E-01, -0.22814800E-01, -0.30682100E+00
     575.,  0.53331633E+01,  0.21968445E+02, -0.11976790E+01,  0.67308893E-01, -0.47222155E-01, -0.44462883E+00
     576.,  0.55085065E+01,  0.22498138E+02, -0.11976790E+01,  0.98187847E-01, -0.77920162E-01, -0.59014452E+00
     577.,  0.50858150E+01,  0.23576268E+02, -0.11976790E+01,  0.21734525E+00, -0.20361232E+00, -0.11757779E+01
     578.,  0.56891908E+01,  0.23703487E+02, -0.11976790E+01,  0.19205150E+00, -0.17772104E+00, -0.10259168E+01
     579.,  0.63203396E+01,  0.23836451E+02, -0.11976790E+01,  0.16468717E+00, -0.14867596E+00, -0.86805817E+00
     580.,  0.69838512E+01,  0.23971339E+02, -0.11976790E+01,  0.13248616E+00, -0.11265481E+00, -0.69782114E+00
     581.,  0.76834930E+01,  0.24102134E+02, -0.11976790E+01,  0.96048920E-01, -0.69892699E-01, -0.51859645E+00
     582.,  0.84208872E+01,  0.24220458E+02, -0.11976790E+01,  0.60374376E-01, -0.31243117E-01, -0.33751437E+00
     583.,  0.91938774E+01,  0.24316146E+02, -0.11976790E+01,  0.32523598E-01, -0.66742356E-02, -0.17729300E+00
     584.,  0.99951909E+01,  0.24378891E+02, -0.11976790E+01,  0.13344865E-01,  0.15019203E-02, -0.45945824E-01
     585.,  0.10812349E+02,  0.24400799E+02, -0.11976790E+01,  0.19844505E-02,  0.13628903E-02,  0.66019466E-01
     586.,  0.11629507E+02,  0.24378891E+02, -0.11976790E+01, -0.11339949E-01, -0.18957176E-02,  0.16274449E+00
     587.,  0.12430821E+02,  0.24316146E+02, -0.11976790E+01, -0.28762743E-01, -0.21247198E-01,  0.25811490E+00
     588.,  0.13203811E+02,  0.24220458E+02, -0.11976790E+01, -0.47475879E-01, -0.50913647E-01,  0.38417526E+00
     589.,  0.13941205E+02,  0.24102134E+02, -0.11976790E+01, -0.68323742E-01, -0.83346907E-01,  0.52771767E+00
     590.,  0.14640847E+02,  0.23971339E+02, -0.11976790E+01, -0.91845171E-01, -0.11820489E+00,  0.67451863E+00
     591.,  0.15304358E+02,  0.23836451E+02, -0.11976790E+01, -0.11585056E+00, -0.15228115E+00,  0.81755634E+00
     592.,  0.15935507E+02,  0.23703487E+02, -0.11976790E+01, -0.13908660E+00, -0.18466449E+00,  0.95455469E+00
     593.,  0.16538883E+02,  0.23576268E+02, -0.11976790E+01, -0.15944401E+00, -0.21322598E+00,  0.10806660E+01
     594.,  0.16665231E+02,  0.22973400E+02, -0.11976790E+01, -0.11504432E+00, -0.14955400E+00,  0.83687776E+00
     595.,  0.16796738E+02,  0.22342928E+02, -0.11976790E+01, -0.71304004E-01, -0.87616396E-01,  0.59063288E+00
     596.,  0.16929490E+02,  0.21680510E+02, -0.11976790E+01, -0.34118484E-01, -0.37269459E-01,  0.36082973E+00
     597.,  0.17057460E+02,  0.20982716E+02, -0.11976790E+01, -0.11757292E-01, -0.99075882E-02,  0.18399749E+00
     598.,  0.17172413E+02,  0.20248298E+02, -0.11976790E+01, -0.31281871E-02, -0.94365703E-03,  0.80382972E-01
     599.,  0.17264533E+02,  0.19479719E+02, -0.11976790E+01, -0.79148547E-03,  0.10363882E-02,  0.33221413E-01
     600.,  0.17324041E+02,  0.18684332E+02, -0.11976790E+01, -0.34933114E-03,  0.13735566E-02,  0.13647850E-01
     601.,  0.17343614E+02,  0.17874343E+02, -0.11976790E+01, -0.34709661E-03,  0.13822149E-02,  0.53828646E-02
     602.,  0.17320661E+02,  0.17064986E+02, -0.11976790E+01, -0.36822897E-03,  0.13560780E-02,  0.18701067E-02
     603.,  0.17258211E+02,  0.16271362E+02, -0.11976790E+01, -0.39730486E-03,  0.13203068E-02,  0.52219692E-03
     604.,  0.17163879E+02,  0.15505327E+02, -0.11976790E+01, -0.42161886E-03,  0.12872004E-02,  0.44931449E-04
     605.,  0.17047529E+02,  0.14773821E+02, -0.11976790E+01, -0.44339566E-03,  0.12565353E-02, -0.12525779E-03
     606.,  0.16918899E+02,  0.14078956E+02, -0.11976790E+01, -0.46495514E-03,  0.12311950E-02, -0.18734879E-03
     607.,  0.16786054E+02,  0.13419253E+02, -0.11976790E+01, -0.48861358E-03,  0.12106170E-02, -0.21246459E-03
     608.,  0.16654842E+02,  0.12791166E+02, -0.11976790E+01, -0.51308197E-03,  0.11952422E-02, -0.22523352E-03
     609.,  0.16529025E+02,  0.12190323E+02, -0.11976790E+01, -0.53610424E-03,  0.11849885E-02, -0.23227769E-03
     610.,  0.15925098E+02,  0.12063857E+02, -0.11976790E+01, -0.54427966E-03,  0.11733159E-02, -0.12205384E-03
     611.,  0.15293629E+02,  0.11931959E+02, -0.11976790E+01, -0.55795447E-03,  0.11568436E-02, -0.26265936E-04
     612.,  0.14630185E+02,  0.11798461E+02, -0.11976790E+01, -0.57988524E-03,  0.11386094E-02,  0.47867702E-04
     613.,  0.13931184E+02,  0.11669329E+02, -0.11976790E+01, -0.61354198E-03,  0.11245003E-02,  0.98484572E-04
     614.,  0.13195179E+02,  0.11552787E+02, -0.11976790E+01, -0.66256964E-03,  0.11242262E-02,  0.12879897E-03
     615.,  0.12424413E+02,  0.11458742E+02, -0.11976790E+01, -0.72916587E-03,  0.11516274E-02,  0.14491090E-03
     616.,  0.11626077E+02,  0.11397177E+02, -0.11976790E+01, -0.81146600E-03,  0.12228139E-02,  0.15416755E-03
     617.,  0.10812349E+02,  0.11375699E+02, -0.11976790E+01, -0.90149468E-03,  0.13514233E-02,  0.16432244E-03
     618.,  0.99986211E+01,  0.11397177E+02, -0.11976790E+01, -0.98632746E-03,  0.15426374E-02,  0.18346292E-03
     619.,  0.92002846E+01,  0.11458742E+02, -0.11976790E+01, -0.10531211E-02,  0.17900374E-02,  0.21930508E-03
     620.,  0.84295193E+01,  0.11552787E+02, -0.11976790E+01, -0.10944706E-02,  0.20780209E-02,  0.27629675E-03
     621.,  0.76935138E+01,  0.11669329E+02, -0.11976790E+01, -0.11100035E-02,  0.23878558E-02,  0.35163029E-03
     622.,  0.69945129E+01,  0.11798461E+02, -0.11976790E+01, -0.11041460E-02,  0.27031057E-02,  0.43273245E-03
     623.,  0.63310689E+01,  0.11931959E+02, -0.11976790E+01, -0.10828443E-02,  0.30121748E-02,  0.49660353E-03
     624.,  0.56996001E+01,  0.12063857E+02, -0.11976790E+01, -0.10513296E-02,  0.33080314E-02,  0.51068694E-03
     625.,  0.50956728E+01,  0.12190323E+02, -0.11976790E+01, -0.10136018E-02,  0.35868015E-02,  0.44161370E-03
     626.,  0.49698556E+01,  0.12791166E+02, -0.11976790E+01, -0.79370983E-03,  0.36546096E-02,  0.25167880E-03
     627.,  0.48386439E+01,  0.13419253E+02, -0.11976790E+01, -0.56840488E-03,  0.37329798E-02,  0.11533387E-04
     628.,  0.47057993E+01,  0.14078956E+02, -0.11976790E+01, -0.33374146E-03,  0.38223042E-02, -0.33571054E-03
     629.,  0.45771687E+01,  0.14773821E+02, -0.11976790E+01, -0.86492271E-04,  0.39225304E-02, -0.91551794E-03
     630.,  0.44608192E+01,  0.15505327E+02, -0.11976790E+01,  0.17985710E-03,  0.40312796E-02, -0.20140905E-02
     631.,  0.43664871E+01,  0.16271362E+02, -0.11976790E+01,  0.47896790E-03,  0.41462394E-02, -0.42885229E-02
     632.,  0.43040373E+01,  0.17064986E+02, -0.11976790E+01,  0.83552899E-03,  0.42575824E-02, -0.90745608E-02
     633.,  0.42810837E+01,  0.17874343E+02, -0.11976790E+01,  0.12644810E-02,  0.43811798E-02, -0.19811660E-01
     634.,  0.43006569E+01,  0.18684332E+02, -0.11976790E+01,  0.25034015E-02,  0.42379845E-02, -0.44194517E-01
     635.,  0.43601646E+01,  0.19479719E+02, -0.11976790E+01,  0.68828455E-02,  0.23546526E-02, -0.96420681E-01
     636.,  0.44522847E+01,  0.20248298E+02, -0.11976790E+01,  0.19187737E-01, -0.55568571E-02, -0.19645819E+00
     637.,  0.45672383E+01,  0.20982716E+02, -0.11976790E+01,  0.44832126E-01, -0.26565500E-01, -0.35260090E+00
     638.,  0.46952078E+01,  0.21680510E+02, -0.11976790E+01,  0.82867922E-01, -0.62531097E-01, -0.54824789E+00
     639.,  0.48279597E+01,  0.22342928E+02, -0.11976790E+01,  0.12754102E+00, -0.10806387E+00, -0.76014886E+00
     640.,  0.49594671E+01,  0.22973400E+02, -0.11976790E+01,  0.17334752E+00, -0.15666891E+00, -0.97206169E+00
     641.,  0.44946597E+01,  0.24161511E+02, -0.11976790E+01,  0.30283977E+00, -0.29321817E+00, -0.16127515E+01
     642.,  0.52094102E+01,  0.24246324E+02, -0.11976790E+01,  0.26592796E+00, -0.25530763E+00, -0.14053941E+01
     643.,  0.59426760E+01,  0.24334967E+02, -0.11976790E+01,  0.23101039E+00, -0.21982159E+00, -0.12017678E+01
     644.,  0.66975171E+01,  0.24424893E+02, -0.11976790E+01,  0.19352190E+00, -0.17896666E+00, -0.99314721E+00
     645.,  0.74764450E+01,  0.24512089E+02, -0.11976790E+01,  0.14692074E+00, -0.12375139E+00, -0.76503245E+00
     646.,  0.82805411E+01,  0.24590972E+02, -0.11976790E+01,  0.99111911E-01, -0.66825962E-01, -0.52669806E+00
     647.,  0.91083679E+01,  0.24654764E+02, -0.11976790E+01,  0.55809189E-01, -0.21419252E-01, -0.29811473E+00
     648.,  0.99550769E+01,  0.24696593E+02, -0.11976790E+01,  0.23659666E-01,  0.72933928E-03, -0.93373300E-01
     649.,  0.10812349E+02,  0.24711199E+02, -0.11976790E+01, -0.81571037E-03,  0.14074008E-02,  0.97380625E-01
     650.,  0.11669621E+02,  0.24696593E+02, -0.11976790E+01, -0.23913580E-01, -0.78518057E-02,  0.25758562E+00
     651.,  0.12516330E+02,  0.24654764E+02, -0.11976790E+01, -0.51567606E-01, -0.47623463E-01,  0.40709541E+00
     652.,  0.13344157E+02,  0.24590972E+02, -0.11976790E+01, -0.76372832E-01, -0.92744834E-01,  0.57515702E+00
     653.,  0.14148253E+02,  0.24512089E+02, -0.11976790E+01, -0.10387013E+00, -0.13593421E+00,  0.76145861E+00
     654.,  0.14927181E+02,  0.24424893E+02, -0.11976790E+01, -0.13861751E+00, -0.18515645E+00,  0.95940339E+00
     655.,  0.15682022E+02,  0.24334967E+02, -0.11976790E+01, -0.17733323E+00, -0.23944318E+00,  0.11676450E+01
     656.,  0.16415288E+02,  0.24246324E+02, -0.11976790E+01, -0.21172052E+00, -0.28839169E+00,  0.13624739E+01
     657.,  0.17130038E+02,  0.24161511E+02, -0.11976790E+01, -0.24066825E+00, -0.32910930E+00,  0.15408684E+01
     658.,  0.17214270E+02,  0.23448662E+02, -0.11976790E+01, -0.18027434E+00, -0.24204472E+00,  0.12201210E+01
     659.,  0.17301942E+02,  0.22717410E+02, -0.11976790E+01, -0.12087059E+00, -0.15674123E+00,  0.89841278E+00
     660.,  0.17390443E+02,  0.21964861E+02, -0.11976790E+01, -0.65717930E-01, -0.79094738E-01,  0.58561724E+00
     661.,  0.17475756E+02,  0.21188727E+02, -0.11976790E+01, -0.25356682E-01, -0.25728734E-01,  0.31854904E+00
     662.,  0.17552392E+02,  0.20388177E+02, -0.11976790E+01, -0.64939644E-02, -0.38826181E-02,  0.14154345E+00
     663.,  0.17613805E+02,  0.19564854E+02, -0.11976790E+01, -0.12433008E-02,  0.10127752E-02,  0.54586418E-01
     664.,  0.17653477E+02,  0.18723659E+02, -0.11976790E+01, -0.40141258E-03,  0.14642444E-02,  0.20611052E-01
     665.,  0.17666526E+02,  0.17872728E+02, -0.11976790E+01, -0.35936555E-03,  0.14129322E-02,  0.79454447E-02
     666.,  0.17651223E+02,  0.17022220E+02, -0.11976790E+01, -0.37179359E-03,  0.13599378E-02,  0.28245387E-02
     667.,  0.17609590E+02,  0.16182199E+02, -0.11976790E+01, -0.40227087E-03,  0.13180343E-02,  0.81883618E-03
     668.,  0.17546702E+02,  0.15360572E+02, -0.11976790E+01, -0.43103797E-03,  0.12773031E-02,  0.76679739E-04
     669.,  0.17469136E+02,  0.14561964E+02, -0.11976790E+01, -0.45502164E-03,  0.12461303E-02, -0.19768743E-03
     670.,  0.17383382E+02,  0.13787783E+02, -0.11976790E+01, -0.48058039E-03,  0.12209475E-02, -0.30140031E-03
     671.,  0.17294819E+02,  0.13037043E+02, -0.11976790E+01, -0.50705920E-03,  0.12025043E-02, -0.34714033E-03
     672.,  0.17207344E+02,  0.12307381E+02, -0.11976790E+01, -0.53184256E-03,  0.11905576E-02, -0.36947767E-03
     673.,  0.17123466E+02,  0.11595882E+02, -0.11976790E+01, -0.55092024E-03,  0.11845351E-02, -0.38419777E-03
     674.,  0.16408348E+02,  0.11511571E+02, -0.11976790E+01, -0.55739127E-03,  0.11793368E-02, -0.24189706E-03
     675.,  0.15674869E+02,  0.11423639E+02, -0.11976790E+01, -0.57035814E-03,  0.11661756E-02, -0.11233890E-03
     676.,  0.14920073E+02,  0.11334641E+02, -0.11976790E+01, -0.59308519E-03,  0.11484532E-02, -0.61787826E-05
     677.,  0.14141572E+02,  0.11248552E+02, -0.11976790E+01, -0.62988168E-03,  0.11328424E-02,  0.69901175E-04
     678.,  0.13338402E+02,  0.11170857E+02, -0.11976790E+01, -0.68535207E-03,  0.11304238E-02,  0.11689213E-03
     679.,  0.12512059E+02,  0.11108161E+02, -0.11976790E+01, -0.76250309E-03,  0.11566556E-02,  0.14233529E-03
     680.,  0.11667334E+02,  0.11067117E+02, -0.11976790E+01, -0.85988094E-03,  0.12293572E-02,  0.15706622E-03
     681.,  0.10812349E+02,  0.11052799E+02, -0.11976790E+01, -0.96938548E-03,  0.13638343E-02,  0.17302953E-03
     682.,  0.99573637E+01,  0.11067117E+02, -0.11976790E+01, -0.10773362E-02,  0.15668153E-02,  0.20274625E-03
     683.,  0.91126394E+01,  0.11108161E+02, -0.11976790E+01, -0.11694417E-02,  0.18330762E-02,  0.25816448E-03
     684.,  0.82862959E+01,  0.11170857E+02, -0.11976790E+01, -0.12363720E-02,  0.21474177E-02,  0.34567889E-03
     685.,  0.74831255E+01,  0.11248552E+02, -0.11976790E+01, -0.12759256E-02,  0.24903490E-02,  0.45859644E-03
     686.,  0.67046249E+01,  0.11334641E+02, -0.11976790E+01, -0.12913747E-02,  0.28435497E-02,  0.57242832E-03
     687.,  0.59498289E+01,  0.11423639E+02, -0.11976790E+01, -0.12882733E-02,  0.31926735E-02,  0.64689402E-03
     688.,  0.52163497E+01,  0.11511571E+02, -0.11976790E+01, -0.12720463E-02,  0.35279979E-02,  0.63926000E-03
     689.,  0.45012315E+01,  0.11595882E+02, -0.11976790E+01, -0.12471046E-02,  0.38436879E-02,  0.52735973E-03
     690.,  0.44173534E+01,  0.12307381E+02, -0.11976790E+01, -0.97294912E-03,  0.38888347E-02,  0.24021065E-03
     691.,  0.43298789E+01,  0.13037043E+02, -0.11976790E+01, -0.70323580E-03,  0.39455888E-02, -0.11989862E-03
     692.,  0.42413158E+01,  0.13787783E+02, -0.11976790E+01, -0.43231538E-03,  0.40157376E-02, -0.64397405E-03
     693.,  0.41555621E+01,  0.14561964E+02, -0.11976790E+01, -0.15550019E-03,  0.41019899E-02, -0.15155074E-02
     694.,  0.40779958E+01,  0.15360572E+02, -0.11976790E+01,  0.13298788E-03,  0.42073202E-02, -0.31409840E-02
     695.,  0.40151077E+01,  0.16182199E+02, -0.11976790E+01,  0.45643073E-03,  0.43284548E-02, -0.64304627E-02
     696.,  0.39734745E+01,  0.17022220E+02, -0.11976790E+01,  0.86124219E-03,  0.44701462E-02, -0.13374902E-01
     697.,  0.39581721E+01,  0.17872728E+02, -0.11976790E+01,  0.14117183E-02,  0.46917037E-02, -0.29586507E-01
     698.,  0.39712209E+01,  0.18723659E+02, -0.11976790E+01,  0.33312863E-02,  0.44497131E-02, -0.68853864E-01
     699.,  0.40108927E+01,  0.19564854E+02, -0.11976790E+01,  0.11076800E-01,  0.50555380E-03, -0.15499888E+00
     700.,  0.40723061E+01,  0.20388177E+02, -0.11976790E+01,  0.32937040E-01, -0.15882785E-01, -0.31145559E+00
     701.,  0.41489419E+01,  0.21188727E+02, -0.11976790E+01,  0.74192844E-01, -0.53339952E-01, -0.53705610E+00
     702.,  0.42342548E+01,  0.21964861E+02, -0.11976790E+01,  0.12941442E+00, -0.10902527E+00, -0.80330189E+00
     703.,  0.43227561E+01,  0.22717410E+02, -0.11976790E+01,  0.18898143E+00, -0.17196416E+00, -0.10799519E+01
     704.,  0.44104277E+01,  0.23448662E+02, -0.11976790E+01,  0.24744904E+00, -0.23427923E+00, -0.13512833E+01
     705.,  0.39035043E+01,  0.24746755E+02, -0.11976790E+01,  0.37973265E+00, -0.37178215E+00, -0.20274643E+01
     706.,  0.47296296E+01,  0.24789162E+02, -0.11976790E+01,  0.33451865E+00, -0.32597067E+00, -0.17703126E+01
     707.,  0.55650125E+01,  0.24833483E+02, -0.11976790E+01,  0.28663840E+00, -0.27644311E+00, -0.15049507E+01
     708.,  0.64111830E+01,  0.24878446E+02, -0.11976790E+01,  0.24465338E+00, -0.23291731E+00, -0.12634137E+01
     709.,  0.72693970E+01,  0.24922044E+02, -0.11976790E+01,  0.19959661E+00, -0.18110925E+00, -0.10178891E+01
     710.,  0.81401950E+01,  0.24961485E+02, -0.11976790E+01,  0.13720614E+00, -0.10494586E+00, -0.71926962E+00
     711.,  0.90228584E+01,  0.24993381E+02, -0.11976790E+01,  0.79674369E-01, -0.36918259E-01, -0.42073511E+00
     712.,  0.99149629E+01,  0.25014296E+02, -0.11976790E+01,  0.34268067E-01, -0.38969158E-03, -0.14559500E+00
     713.,  0.10812349E+02,  0.25021599E+02, -0.11976790E+01, -0.42328724E-02,  0.14358992E-02,  0.12100541E+00
     714.,  0.11709735E+02,  0.25014296E+02, -0.11976790E+01, -0.42332206E-01, -0.13356922E-01,  0.36525010E+00
     715.,  0.12601839E+02,  0.24993381E+02, -0.11976790E+01, -0.80846202E-01, -0.82687106E-01,  0.57285966E+00
     716.,  0.13484503E+02,  0.24961485E+02, -0.11976790E+01, -0.10874661E+00, -0.14302339E+00,  0.78119157E+00
     717.,  0.14355301E+02,  0.24922044E+02, -0.11976790E+01, -0.14165478E+00, -0.19041153E+00,  0.10005294E+01
     718.,  0.15213515E+02,  0.24878446E+02, -0.11976790E+01, -0.19462044E+00, -0.26394898E+00,  0.12671269E+01
     719.,  0.16059685E+02,  0.24833483E+02, -0.11976790E+01, -0.24532360E+00, -0.33685433E+00,  0.15340924E+01
     720.,  0.16895068E+02,  0.24789162E+02, -0.11976790E+01, -0.28592315E+00, -0.39450420E+00,  0.17745381E+01
     721.,  0.17721194E+02,  0.24746755E+02, -0.11976790E+01, -0.32381617E+00, -0.44886074E+00,  0.20068243E+01
     722.,  0.17763310E+02,  0.23923924E+02, -0.11976790E+01, -0.24971722E+00, -0.34134388E+00,  0.16149437E+01
     723.,  0.17807145E+02,  0.23091892E+02, -0.11976790E+01, -0.17470065E+00, -0.23273314E+00,  0.12188226E+01
     724.,  0.17851396E+02,  0.22249211E+02, -0.11976790E+01, -0.10286061E+00, -0.12959052E+00,  0.82895334E+00
     725.,  0.17894052E+02,  0.21394738E+02, -0.11976790E+01, -0.43661576E-01, -0.47967089E-01,  0.47475687E+00
     726.,  0.17932370E+02,  0.20528057E+02, -0.11976790E+01, -0.11157350E-01, -0.77670343E-02,  0.21455694E+00
     727.,  0.17963077E+02,  0.19649989E+02, -0.11976790E+01, -0.18795717E-02,  0.11140155E-02,  0.78476889E-01
     728.,  0.17982913E+02,  0.18762985E+02, -0.11976790E+01, -0.48831119E-03,  0.15827578E-02,  0.27548304E-01
     729.,  0.17989437E+02,  0.17871114E+02, -0.11976790E+01, -0.38433218E-03,  0.14250617E-02,  0.10461968E-01
     730.,  0.17981786E+02,  0.16979453E+02, -0.11976790E+01, -0.37605968E-03,  0.13657463E-02,  0.37710797E-02
     731.,  0.17960970E+02,  0.16093037E+02, -0.11976790E+01, -0.41175128E-03,  0.13060132E-02,  0.11139133E-02
     732.,  0.17929526E+02,  0.15215817E+02, -0.11976790E+01, -0.43994334E-03,  0.12650357E-02,  0.10210975E-03
     733.,  0.17890742E+02,  0.14350106E+02, -0.11976790E+01, -0.46666253E-03,  0.12316437E-02, -0.26806482E-03
     734.,  0.17847866E+02,  0.13496610E+02, -0.11976790E+01, -0.49486797E-03,  0.12069876E-02, -0.41453877E-03
     735.,  0.17803584E+02,  0.12654834E+02, -0.11976790E+01, -0.52287305E-03,  0.11908913E-02, -0.47625942E-03
     736.,  0.17759847E+02,  0.11823596E+02, -0.11976790E+01, -0.54561407E-03,  0.11826510E-02, -0.51011057E-03
     737.,  0.17717908E+02,  0.11001440E+02, -0.11976790E+01, -0.55919989E-03,  0.11804131E-02, -0.53367560E-03
     738.,  0.16891599E+02,  0.10959285E+02, -0.11976790E+01, -0.56226646E-03,  0.11829888E-02, -0.36202833E-03
     739.,  0.16056109E+02,  0.10915319E+02, -0.11976790E+01, -0.57222092E-03,  0.11750827E-02, -0.20120369E-03
     740.,  0.15209961E+02,  0.10870820E+02, -0.11976790E+01, -0.59380352E-03,  0.11591012E-02, -0.63988407E-04
     741.,  0.14351961E+02,  0.10827776E+02, -0.11976790E+01, -0.63302297E-03,  0.11425807E-02,  0.38398331E-04
     742.,  0.13481625E+02,  0.10788928E+02, -0.11976790E+01, -0.69589952E-03,  0.11380751E-02,  0.10348524E-03
     743.,  0.12599704E+02,  0.10757580E+02, -0.11976790E+01, -0.78615202E-03,  0.11629240E-02,  0.13923570E-03
     744.,  0.11708592E+02,  0.10737058E+02, -0.11976790E+01, -0.90235043E-03,  0.12368882E-02,  0.15998829E-03
     745.,  0.10812349E+02,  0.10729899E+02, -0.11976790E+01, -0.10358146E-02,  0.13770981E-02,  0.18230782E-03
     746.,  0.99161063E+01,  0.10737058E+02, -0.11976790E+01, -0.11716962E-02,  0.15918901E-02,  0.22374248E-03
     747.,  0.90249942E+01,  0.10757580E+02, -0.11976790E+01, -0.12937780E-02,  0.18771922E-02,  0.30109160E-03
     748.,  0.81430724E+01,  0.10788928E+02, -0.11976790E+01, -0.13901073E-02,  0.22180320E-02,  0.42277395E-03
     749.,  0.72727372E+01,  0.10827776E+02, -0.11976790E+01, -0.14558427E-02,  0.25938519E-02,  0.57667554E-03
     750.,  0.64147369E+01,  0.10870820E+02, -0.11976790E+01, -0.14925367E-02,  0.29839624E-02,  0.72296187E-03
     751.,  0.55685889E+01,  0.10915319E+02, -0.11976790E+01, -0.15057780E-02,  0.33708796E-02,  0.80408718E-03
     752.,  0.47330993E+01,  0.10959285E+02, -0.11976790E+01, -0.15025183E-02,  0.37420210E-02,  0.77546438E-03
     753.,  0.39067902E+01,  0.11001440E+02, -0.11976790E+01, -0.14892700E-02,  0.40925493E-02,  0.63935624E-03
     754.,  0.38648512E+01,  0.11823596E+02, -0.11976790E+01, -0.11584078E-02,  0.41140128E-02,  0.26525705E-03
     755.,  0.38211139E+01,  0.12654834E+02, -0.11976790E+01, -0.84022445E-03,  0.41464871E-02, -0.20571063E-03
     756.,  0.37768324E+01,  0.13496610E+02, -0.11976790E+01, -0.53075037E-03,  0.41947528E-02, -0.89370693E-03
     757.,  0.37339555E+01,  0.14350106E+02, -0.11976790E+01, -0.22186474E-03,  0.42638785E-02, -0.20484307E-02
     758.,  0.36951723E+01,  0.15215817E+02, -0.11976790E+01,  0.93026331E-04,  0.43619367E-02, -0.41910471E-02
     759.,  0.36637283E+01,  0.16093037E+02, -0.11976790E+01,  0.43725362E-03,  0.44961627E-02, -0.84680189E-02
     760.,  0.36429117E+01,  0.16979453E+02, -0.11976790E+01,  0.89953489E-03,  0.46673071E-02, -0.17425712E-01
     761.,  0.36352605E+01,  0.17871114E+02, -0.11976790E+01,  0.16120214E-02,  0.50318028E-02, -0.39047273E-01
     762.,  0.36417849E+01,  0.18762985E+02, -0.11976790E+01,  0.43403027E-02,  0.49641098E-02, -0.94470578E-01
     763.,  0.36616208E+01,  0.19649989E+02, -0.11976790E+01,  0.16045897E-01, -0.13632618E-02, -0.21860932E+00
     764.,  0.36923275E+01,  0.20528057E+02, -0.11976790E+01,  0.49077834E-01, -0.28269642E-01, -0.43664023E+00
     765.,  0.37306454E+01,  0.21394738E+02, -0.11976790E+01,  0.10721452E+00, -0.84648727E-01, -0.73305038E+00
     766.,  0.37733019E+01,  0.22249211E+02, -0.11976790E+01,  0.17839534E+00, -0.15906799E+00, -0.10654345E+01
     767.,  0.38175525E+01,  0.23091892E+02, -0.11976790E+01,  0.25145543E+00, -0.23705974E+00, -0.14023801E+01
     768.,  0.38613883E+01,  0.23923924E+02, -0.11976790E+01,  0.32221661E+00, -0.31276028E+00, -0.17319052E+01
     769.,  0.33123489E+01,  0.25331999E+02, -0.11976790E+01,  0.41564190E+00, -0.41433082E+00, -0.23314523E+01
     770.,  0.42498489E+01,  0.25331999E+02, -0.11976790E+01,  0.36192664E+00, -0.36075864E+00, -0.20215607E+01
     771.,  0.51873489E+01,  0.25331999E+02, -0.11976790E+01,  0.30817455E+00, -0.30711207E+00, -0.17133337E+01
     772.,  0.61248489E+01,  0.25331999E+02, -0.11976790E+01,  0.25530142E+00, -0.24677932E+00, -0.14059531E+01
     773.,  0.70623489E+01,  0.25331999E+02, -0.11976790E+01,  0.19524144E+00, -0.17793262E+00, -0.10952975E+01
     774.,  0.79998489E+01,  0.25331999E+02, -0.11976790E+01,  0.13775480E+00, -0.10756438E+00, -0.78728824E+00
     775.,  0.89373489E+01,  0.25331999E+02, -0.11976790E+01,  0.86601757E-01, -0.40071640E-01, -0.47959998E+00
     776.,  0.98748489E+01,  0.25331999E+02, -0.11976790E+01,  0.42769307E-01, -0.19378567E-10, -0.17532729E+00
     777.,  0.10812349E+02,  0.25331999E+02, -0.11976790E+01, -0.75931052E-02, -0.10189657E-10,  0.12781154E+00
     778.,  0.11749849E+02,  0.25331999E+02, -0.11976790E+01, -0.57955518E-01, -0.99825581E-12,  0.43095037E+00
     779.,  0.12687349E+02,  0.25331999E+02, -0.11976790E+01, -0.99238322E-01, -0.11401458E+00,  0.72707270E+00
     780.,  0.13624849E+02,  0.25331999E+02, -0.11976790E+01, -0.14780094E+00, -0.20839784E+00,  0.10096417E+01
     781.,  0.14562349E+02,  0.25331999E+02, -0.11976790E+01, -0.20126283E+00, -0.26601620E+00,  0.12960743E+01
     782.,  0.15499849E+02,  0.25331999E+02, -0.11976790E+01, -0.25566132E+00, -0.35096904E+00,  0.15850922E+01
     783.,  0.16437349E+02,  0.25331999E+02, -0.11976790E+01, -0.30691021E+00, -0.42387691E+00,  0.18840098E+01
     784.,  0.17374849E+02,  0.25331999E+02, -0.11976790E+01, -0.35648919E+00, -0.49618850E+00,  0.21777448E+01
     785.,  0.18312349E+02,  0.25331999E+02, -0.11976790E+01, -0.40595239E+00, -0.56661468E+00,  0.24701377E+01
     786.,  0.18312349E+02,  0.24399186E+02, -0.11976790E+01, -0.32179461E+00, -0.44523034E+00,  0.20172427E+01
     787.,  0.18312349E+02,  0.23466374E+02, -0.11976790E+01, -0.23214136E+00, -0.31454310E+00,  0.15494929E+01
     788.,  0.18312349E+02,  0.22533562E+02, -0.11976790E+01, -0.14393516E+00, -0.18610378E+00,  0.10846769E+01
     789.,  0.18312349E+02,  0.21600749E+02, -0.11976790E+01, -0.65777882E-01, -0.74200531E-01,  0.64514625E+00
     790.,  0.18312349E+02,  0.20667936E+02, -0.11976790E+01, -0.17265038E-01, -0.10810041E-01,  0.29427811E+00
     791.,  0.18312349E+02,  0.19735124E+02, -0.11976790E+01, -0.28167216E-02,  0.18563065E-02,  0.10132580E+00
     792.,  0.18312349E+02,  0.18802311E+02, -0.11976790E+01, -0.62648163E-03,  0.16185550E-02,  0.33815218E-01
     793.,  0.18312349E+02,  0.17869499E+02, -0.11976790E+01, -0.40803066E-03,  0.14526123E-02,  0.12693224E-01
     794.,  0.18312349E+02,  0.16936686E+02, -0.11976790E+01, -0.38580139E-03,  0.13477513E-02,  0.46143509E-02
     795.,  0.18312349E+02,  0.16003874E+02, -0.11976790E+01, -0.42087061E-03,  0.12928140E-02,  0.13215690E-02
     796.,  0.18312349E+02,  0.15071061E+02, -0.11976790E+01, -0.44901183E-03,  0.12483982E-02,  0.93210636E-04
     797.,  0.18312349E+02,  0.14138249E+02, -0.11976790E+01, -0.47775376E-03,  0.12133217E-02, -0.35970927E-03
     798.,  0.18312349E+02,  0.13205437E+02, -0.11976790E+01, -0.50793256E-03,  0.11883210E-02, -0.53105585E-03
     799.,  0.18312349E+02,  0.12272624E+02, -0.11976790E+01, -0.53583258E-03,  0.11761292E-02, -0.60550174E-03
     800.,  0.18312349E+02,  0.11339811E+02, -0.11976790E+01, -0.55447442E-03,  0.11739906E-02, -0.64833012E-03
     801.,  0.18312349E+02,  0.10406999E+02, -0.11976790E+01, -0.56513998E-03,  0.11745008E-02, -0.68245878E-03
     802.,  0.17374849E+02,  0.10406999E+02, -0.11976790E+01, -0.56461178E-03,  0.11823377E-02, -0.48276875E-03
     803.,  0.16437349E+02,  0.10406999E+02, -0.11976790E+01, -0.56710491E-03,  0.11814378E-02, -0.29217378E-03
     804.,  0.15499849E+02,  0.10406999E+02, -0.11976790E+01, -0.58269151E-03,  0.11690356E-02, -0.12437953E-03
     805.,  0.14562349E+02,  0.10406999E+02, -0.11976790E+01, -0.62153979E-03,  0.11529439E-02,  0.49991619E-05
     806.,  0.13624849E+02,  0.10406999E+02, -0.11976790E+01, -0.69174466E-03,  0.11471030E-02,  0.89201079E-04
     807.,  0.12687349E+02,  0.10406999E+02, -0.11976790E+01, -0.79767382E-03,  0.11708483E-02,  0.13580927E-03
     808.,  0.11749849E+02,  0.10406999E+02, -0.11976790E+01, -0.93727262E-03,  0.12461260E-02,  0.16267144E-03
     809.,  0.10812349E+02,  0.10406999E+02, -0.11976790E+01, -0.11005098E-02,  0.13920911E-02,  0.19140977E-03
     810.,  0.98748489E+01,  0.10406999E+02, -0.11976790E+01, -0.12706668E-02,  0.16187761E-02,  0.24518973E-03
     811.,  0.89373489E+01,  0.10406999E+02, -0.11976790E+01, -0.14287910E-02,  0.19231823E-02,  0.34641467E-03
     812.,  0.79998489E+01,  0.10406999E+02, -0.11976790E+01, -0.15591717E-02,  0.22903110E-02,  0.50601262E-03
     813.,  0.70623489E+01,  0.10406999E+02, -0.11976790E+01, -0.16529279E-02,  0.26981205E-02,  0.70512334E-03
     814.,  0.61248489E+01,  0.10406999E+02, -0.11976790E+01, -0.17087760E-02,  0.31231628E-02,  0.88579025E-03
     815.,  0.51873489E+01,  0.10406999E+02, -0.11976790E+01, -0.17322879E-02,  0.35446740E-02,  0.97302233E-03
     816.,  0.42498489E+01,  0.10406999E+02, -0.11976790E+01, -0.17358834E-02,  0.39485023E-02,  0.92583639E-03
     817.,  0.33123489E+01,  0.10406999E+02, -0.11976790E+01, -0.17348962E-02,  0.43382566E-02,  0.78122732E-03
     818.,  0.33123489E+01,  0.11339811E+02, -0.11976790E+01, -0.13516458E-02,  0.43371466E-02,  0.34084516E-03
     819.,  0.33123489E+01,  0.12272624E+02, -0.11976790E+01, -0.98216812E-03,  0.43400881E-02, -0.20962407E-03
     820.,  0.33123489E+01,  0.13205437E+02, -0.11976790E+01, -0.63098519E-03,  0.43605799E-02, -0.10294451E-02
     821.,  0.33123489E+01,  0.14138249E+02, -0.11976790E+01, -0.28915930E-03,  0.44093319E-02, -0.24177683E-02
     822.,  0.33123489E+01,  0.15071061E+02, -0.11976790E+01,  0.55580297E-04,  0.44937472E-02, -0.50258663E-02
     823.,  0.33123489E+01,  0.16003874E+02, -0.11976790E+01,  0.42342583E-03,  0.46309713E-02, -0.10212817E-01
     824.,  0.33123489E+01,  0.16936686E+02, -0.11976790E+01,  0.93595670E-03,  0.48495837E-02, -0.20932648E-01
     825.,  0.33123489E+01,  0.17869499E+02, -0.11976790E+01,  0.18804929E-02,  0.53609450E-02, -0.47259046E-01
     826.,  0.33123489E+01,  0.18802311E+02, -0.11976790E+01,  0.55862489E-02,  0.60197056E-02, -0.11850067E+00
     827.,  0.33123489E+01,  0.19735124E+02, -0.11976790E+01,  0.21658257E-01, -0.18731839E-02, -0.28317113E+00
     828.,  0.33123489E+01,  0.20667936E+02, -0.11976790E+01,  0.67258495E-01, -0.41572092E-01, -0.56910260E+00
     829.,  0.33123489E+01,  0.21600749E+02, -0.11976790E+01,  0.14313495E+00, -0.11951901E+00, -0.93794714E+00
     830.,  0.33123489E+01,  0.22533562E+02, -0.11976790E+01,  0.22925425E+00, -0.21150448E+00, -0.13326141E+01
     831.,  0.33123489E+01,  0.23466374E+02, -0.11976790E+01,  0.31558166E+00, -0.30431137E+00, -0.17288759E+01
     832.,  0.33123489E+01,  0.24399186E+02, -0.11976790E+01,  0.39967613E+00, -0.39368008E+00, -0.21200342E+01
     833.,  0.33123489E+01,  0.25331999E+02, -0.19237207E+01,  0.64838436E+00, -0.31862994E+00, -0.22863375E+01
     834.,  0.42498489E+01,  0.25331999E+02, -0.19237207E+01,  0.59435229E+00, -0.26557370E+00, -0.19770721E+01
     835.,  0.51873489E+01,  0.25331999E+02, -0.19237207E+01,  0.54076537E+00, -0.20927156E+00, -0.16685690E+01
     836.,  0.61248489E+01,  0.25331999E+02, -0.19237207E+01,  0.48028630E+00, -0.98335321E-01, -0.13529257E+01
     837.,  0.70623489E+01,  0.25331999E+02, -0.19237207E+01,  0.42862073E+00, -0.26439003E-10, -0.10457409E+01
     838.,  0.79998489E+01,  0.25331999E+02, -0.19237207E+01,  0.37825832E+00, -0.17249196E-10, -0.74260206E+00
     839.,  0.89373489E+01,  0.25331999E+02, -0.19237207E+01,  0.32789590E+00, -0.80635098E-11, -0.43946323E+00
     840.,  0.98748489E+01,  0.25331999E+02, -0.19237207E+01,  0.27753349E+00,  0.11040976E-11, -0.13632440E+00
     841.,  0.10812349E+02,  0.25331999E+02, -0.19237207E+01,  0.22717108E+00,  0.10291787E-10,  0.16681443E+00
     842.,  0.11749849E+02,  0.25331999E+02, -0.19237207E+01,  0.17680867E+00,  0.19469824E-10,  0.46995326E+00
     843.,  0.12687349E+02,  0.25331999E+02, -0.19237207E+01,  0.12644625E+00,  0.28670875E-10,  0.77309209E+00
     844.,  0.13624849E+02,  0.25331999E+02, -0.19237207E+01,  0.76083841E-01,  0.37857877E-10,  0.10762309E+01
     845.,  0.14562349E+02,  0.25331999E+02, -0.19237207E+01,  0.25721429E-01,  0.47045101E-10,  0.13793698E+01
     846.,  0.15499849E+02,  0.25331999E+02, -0.19237207E+01, -0.23318426E-01, -0.86256618E-01,  0.16785930E+01
     847.,  0.16437349E+02,  0.25331999E+02, -0.19237207E+01, -0.73968601E-01, -0.17666722E+00,  0.19689486E+01
     848.,  0.17374849E+02,  0.25331999E+02, -0.19237207E+01, -0.12547439E+00, -0.23306179E+00,  0.22678027E+01
     849.,  0.18312349E+02,  0.25331999E+02, -0.19237207E+01, -0.17656555E+00, -0.28198547E+00,  0.25685706E+01
     850.,  0.33123489E+01,  0.25331999E+02, -0.26497623E+01,  0.86972987E+00, -0.12818327E+00, -0.22254132E+01
     851.,  0.42498489E+01,  0.25331999E+02, -0.26497623E+01,  0.81785613E+00, -0.96031162E-01, -0.19210166E+01
     852.,  0.51873489E+01,  0.25331999E+02, -0.26497623E+01,  0.76548414E+00, -0.55346825E-01, -0.16150714E+01
     853.,  0.61248489E+01,  0.25331999E+02, -0.26497623E+01,  0.71374732E+00, -0.15136766E-10, -0.13098768E+01
     854.,  0.70623489E+01,  0.25331999E+02, -0.26497623E+01,  0.66338491E+00, -0.59603881E-11, -0.10067380E+01
     855.,  0.79998489E+01,  0.25331999E+02, -0.26497623E+01,  0.61302250E+00,  0.32380860E-11, -0.70359917E+00
     856.,  0.89373489E+01,  0.25331999E+02, -0.26497623E+01,  0.56266009E+00,  0.12410292E-10, -0.40046034E+00
     857.,  0.98748489E+01,  0.25331999E+02, -0.26497623E+01,  0.51229767E+00,  0.21596081E-10, -0.97321511E-01
     858.,  0.10812349E+02,  0.25331999E+02, -0.26497623E+01,  0.46193526E+00,  0.30793322E-10,  0.20581732E+00
     859.,  0.11749849E+02,  0.25331999E+02, -0.26497623E+01,  0.41157285E+00,  0.39977624E-10,  0.50895615E+00
     860.,  0.12687349E+02,  0.25331999E+02, -0.26497623E+01,  0.36121044E+00,  0.49156267E-10,  0.81209498E+00
     861.,  0.13624849E+02,  0.25331999E+02, -0.26497623E+01,  0.31084802E+00,  0.58336494E-10,  0.11152338E+01
     862.,  0.14562349E+02,  0.25331999E+02, -0.26497623E+01,  0.26048561E+00,  0.67536697E-10,  0.14183726E+01
     863.,  0.15499849E+02,  0.25331999E+02, -0.26497623E+01,  0.21012320E+00,  0.76716236E-10,  0.17215115E+01
     864.,  0.16437349E+02,  0.25331999E+02, -0.26497623E+01,  0.16009022E+00, -0.41184234E-01,  0.20227243E+01
     865.,  0.17374849E+02,  0.25331999E+02, -0.26497623E+01,  0.10970597E+00, -0.87921870E-01,  0.23230526E+01
     866.,  0.18312349E+02,  0.25331999E+02, -0.26497623E+01,  0.58165177E-01, -0.10935513E+00,  0.26278518E+01
     867.,  0.33123489E+01,  0.25331999E+02, -0.33758040E+01,  0.10995026E+01, -0.16063890E-01, -0.21796728E+01
     868.,  0.42498489E+01,  0.25331999E+02, -0.33758040E+01,  0.10492363E+01, -0.13009937E-10, -0.18771516E+01
     869.,  0.51873489E+01,  0.25331999E+02, -0.33758040E+01,  0.99887392E+00, -0.38315297E-11, -0.15740128E+01
     870.,  0.61248489E+01,  0.25331999E+02, -0.33758040E+01,  0.94851151E+00,  0.53514165E-11, -0.12708739E+01
     871.,  0.70623489E+01,  0.25331999E+02, -0.33758040E+01,  0.89814910E+00,  0.14534707E-10, -0.96773511E+00
     872.,  0.79998489E+01,  0.25331999E+02, -0.33758040E+01,  0.84778668E+00,  0.23719469E-10, -0.66459628E+00
     873.,  0.89373489E+01,  0.25331999E+02, -0.33758040E+01,  0.79742427E+00,  0.32905540E-10, -0.36145745E+00
     874.,  0.98748489E+01,  0.25331999E+02, -0.33758040E+01,  0.74706186E+00,  0.42100083E-10, -0.58318621E-01
     875.,  0.10812349E+02,  0.25331999E+02, -0.33758040E+01,  0.69669945E+00,  0.51283493E-10,  0.24482021E+00
     876.,  0.11749849E+02,  0.25331999E+02, -0.33758040E+01,  0.64633703E+00,  0.60473422E-10,  0.54795904E+00
     877.,  0.12687349E+02,  0.25331999E+02, -0.33758040E+01,  0.59597462E+00,  0.69652598E-10,  0.85109787E+00
     878.,  0.13624849E+02,  0.25331999E+02, -0.33758040E+01,  0.54561221E+00,  0.78838405E-10,  0.11542367E+01
     879.,  0.14562349E+02,  0.25331999E+02, -0.33758040E+01,  0.49524980E+00,  0.88020891E-10,  0.14573755E+01
     880.,  0.15499849E+02,  0.25331999E+02, -0.33758040E+01,  0.44488738E+00,  0.97205720E-10,  0.17605144E+01
     881.,  0.16437349E+02,  0.25331999E+02, -0.33758040E+01,  0.39452497E+00,  0.10639997E-09,  0.20636532E+01
     882.,  0.17374849E+02,  0.25331999E+02, -0.33758040E+01,  0.34445115E+00, -0.19707363E-01,  0.23662462E+01
     883.,  0.18312349E+02,  0.25331999E+02, -0.33758040E+01,  0.29370983E+00, -0.28634100E-01,  0.26698974E+01
     884.,  0.33123489E+01,  0.25331999E+02, -0.41018457E+01,  0.13343291E+01,  0.18323415E-02, -0.21411616E+01
     885.,  0.42498489E+01,  0.25331999E+02, -0.41018457E+01,  0.12840005E+01,  0.74655730E-11, -0.18381487E+01
     886.,  0.51873489E+01,  0.25331999E+02, -0.41018457E+01,  0.12336381E+01,  0.16654203E-10, -0.15350099E+01
     887.,  0.61248489E+01,  0.25331999E+02, -0.41018457E+01,  0.11832757E+01,  0.25852632E-10, -0.12318711E+01
     888.,  0.70623489E+01,  0.25331999E+02, -0.41018457E+01,  0.11329133E+01,  0.35023277E-10, -0.92873222E+00
     889.,  0.79998489E+01,  0.25331999E+02, -0.41018457E+01,  0.10825509E+01,  0.44209986E-10, -0.62559339E+00
     890.,  0.89373489E+01,  0.25331999E+02, -0.41018457E+01,  0.10321885E+01,  0.53402799E-10, -0.32245456E+00
     891.,  0.98748489E+01,  0.25331999E+02, -0.41018457E+01,  0.98182604E+00,  0.62591266E-10, -0.19315730E-01
     892.,  0.10812349E+02,  0.25331999E+02, -0.41018457E+01,  0.93146363E+00,  0.71767483E-10,  0.28382310E+00
     893.,  0.11749849E+02,  0.25331999E+02, -0.41018457E+01,  0.88110122E+00,  0.80960761E-10,  0.58696193E+00
     894.,  0.12687349E+02,  0.25331999E+02, -0.41018457E+01,  0.83073880E+00,  0.90138642E-10,  0.89010076E+00
     895.,  0.13624849E+02,  0.25331999E+02, -0.41018457E+01,  0.78037639E+00,  0.99340199E-10,  0.11932396E+01
     896.,  0.14562349E+02,  0.25331999E+02, -0.41018457E+01,  0.73001398E+00,  0.10851820E-09,  0.14963784E+01
     897.,  0.15499849E+02,  0.25331999E+02, -0.41018457E+01,  0.67965157E+00,  0.11770008E-09,  0.17995173E+01
     898.,  0.16437349E+02,  0.25331999E+02, -0.41018457E+01,  0.62928915E+00,  0.12688377E-09,  0.21026561E+01
     899.,  0.17374849E+02,  0.25331999E+02, -0.41018457E+01,  0.57892674E+00,  0.13607377E-09,  0.24057949E+01
     900.,  0.18312349E+02,  0.25331999E+02, -0.41018457E+01,  0.52865880E+00, -0.32928589E-02,  0.27089369E+01
     901.,  0.33123489E+01,  0.25331999E+02, -0.48278873E+01,  0.15691271E+01,  0.18770935E-10, -0.21022847E+01
     902.,  0.42498489E+01,  0.25331999E+02, -0.48278873E+01,  0.15187647E+01,  0.27959501E-10, -0.17991458E+01
     903.,  0.51873489E+01,  0.25331999E+02, -0.48278873E+01,  0.14684023E+01,  0.37146206E-10, -0.14960070E+01
     904.,  0.61248489E+01,  0.25331999E+02, -0.48278873E+01,  0.14180399E+01,  0.46337892E-10, -0.11928682E+01
     905.,  0.70623489E+01,  0.25331999E+02, -0.48278873E+01,  0.13676775E+01,  0.55523393E-10, -0.88972933E+00
     906.,  0.79998489E+01,  0.25331999E+02, -0.48278873E+01,  0.13173150E+01,  0.64711960E-10, -0.58659050E+00
     907.,  0.89373489E+01,  0.25331999E+02, -0.48278873E+01,  0.12669526E+01,  0.73888983E-10, -0.28345167E+00
     908.,  0.98748489E+01,  0.25331999E+02, -0.48278873E+01,  0.12165902E+01,  0.83081016E-10,  0.19687160E-01
     909.,  0.10812349E+02,  0.25331999E+02, -0.48278873E+01,  0.11662278E+01,  0.92261177E-10,  0.32282599E+00
     910.,  0.11749849E+02,  0.25331999E+02, -0.48278873E+01,  0.11158654E+01,  0.10144411E-09,  0.62596482E+00
     911.,  0.12687349E+02,  0.25331999E+02, -0.48278873E+01,  0.10655030E+01,  0.11062415E-09,  0.92910365E+00
     912.,  0.13624849E+02,  0.25331999E+02, -0.48278873E+01,  0.10151406E+01,  0.11981002E-09,  0.12322425E+01
     913.,  0.14562349E+02,  0.25331999E+02, -0.48278873E+01,  0.96477816E+00,  0.12899606E-09,  0.15353813E+01
     914.,  0.15499849E+02,  0.25331999E+02, -0.48278873E+01,  0.91441575E+00,  0.13818877E-09,  0.18385201E+01
     915.,  0.16437349E+02,  0.25331999E+02, -0.48278873E+01,  0.86405334E+00,  0.14738094E-09,  0.21416590E+01
     916.,  0.17374849E+02,  0.25331999E+02, -0.48278873E+01,  0.81369092E+00,  0.15656078E-09,  0.24447978E+01
     917.,  0.18312349E+02,  0.25331999E+02, -0.48278873E+01,  0.76332851E+00,  0.16574284E-09,  0.27479366E+01
     918.,  0.33123489E+01,  0.25331999E+02, -0.55539290E+01,  0.18038913E+01,  0.39271408E-10, -0.20632818E+01
     919.,  0.42498489E+01,  0.25331999E+02, -0.55539290E+01,  0.17535289E+01,  0.48453262E-10, -0.17601429E+01
     920.,  0.51873489E+01,  0.25331999E+02, -0.55539290E+01,  0.17031665E+01,  0.57634164E-10, -0.14570041E+01
     921.,  0.61248489E+01,  0.25331999E+02, -0.55539290E+01,  0.16528041E+01,  0.66830180E-10, -0.11538653E+01
     922.,  0.70623489E+01,  0.25331999E+02, -0.55539290E+01,  0.16024416E+01,  0.76004611E-10, -0.85072644E+00
     923.,  0.79998489E+01,  0.25331999E+02, -0.55539290E+01,  0.15520792E+01,  0.85191904E-10, -0.54758761E+00
     924.,  0.89373489E+01,  0.25331999E+02, -0.55539290E+01,  0.15017168E+01,  0.94379717E-10, -0.24444878E+00
     925.,  0.98748489E+01,  0.25331999E+02, -0.55539290E+01,  0.14513544E+01,  0.10356293E-09,  0.58690051E-01
     926.,  0.10812349E+02,  0.25331999E+02, -0.55539290E+01,  0.14009920E+01,  0.11275541E-09,  0.36182888E+00
     927.,  0.11749849E+02,  0.25331999E+02, -0.55539290E+01,  0.13506296E+01,  0.12193616E-09,  0.66496771E+00
     928.,  0.12687349E+02,  0.25331999E+02, -0.55539290E+01,  0.13002672E+01,  0.13112312E-09,  0.96810654E+00
     929.,  0.13624849E+02,  0.25331999E+02, -0.55539290E+01,  0.12499048E+01,  0.14030971E-09,  0.12712454E+01
     930.,  0.14562349E+02,  0.25331999E+02, -0.55539290E+01,  0.11995423E+01,  0.14949494E-09,  0.15743842E+01
     931.,  0.15499849E+02,  0.25331999E+02, -0.55539290E+01,  0.11491799E+01,  0.15867943E-09,  0.18775230E+01
     932.,  0.16437349E+02,  0.25331999E+02, -0.55539290E+01,  0.10988175E+01,  0.16787366E-09,  0.21806619E+01
     933.,  0.17374849E+02,  0.25331999E+02, -0.55539290E+01,  0.10484551E+01,  0.17704768E-09,  0.24838007E+01
     934.,  0.18312349E+02,  0.25331999E+02, -0.55539290E+01,  0.99809270E+00,  0.18623641E-09,  0.27869395E+01
     935.,  0.33123489E+01,  0.25331999E+02, -0.62799707E+01,  0.20386555E+01,  0.59758339E-10, -0.20242789E+01
     936.,  0.42498489E+01,  0.25331999E+02, -0.62799707E+01,  0.19882931E+01,  0.68949226E-10, -0.17211400E+01
     937.,  0.51873489E+01,  0.25331999E+02, -0.62799707E+01,  0.19379307E+01,  0.78124463E-10, -0.14180012E+01
     938.,  0.61248489E+01,  0.25331999E+02, -0.62799707E+01,  0.18875682E+01,  0.87312407E-10, -0.11148624E+01
     939.,  0.70623489E+01,  0.25331999E+02, -0.62799707E+01,  0.18372058E+01,  0.96490051E-10, -0.81172355E+00
     940.,  0.79998489E+01,  0.25331999E+02, -0.62799707E+01,  0.17868434E+01,  0.10568837E-09, -0.50858472E+00
     941.,  0.89373489E+01,  0.25331999E+02, -0.62799707E+01,  0.17364810E+01,  0.11487189E-09, -0.20544589E+00
     942.,  0.98748489E+01,  0.25331999E+02, -0.62799707E+01,  0.16861186E+01,  0.12405265E-09,  0.97692941E-01
     943.,  0.10812349E+02,  0.25331999E+02, -0.62799707E+01,  0.16357562E+01,  0.13325087E-09,  0.40083177E+00
     944.,  0.11749849E+02,  0.25331999E+02, -0.62799707E+01,  0.15853938E+01,  0.14243215E-09,  0.70397060E+00
     945.,  0.12687349E+02,  0.25331999E+02, -0.62799707E+01,  0.15350314E+01,  0.15160832E-09,  0.10071094E+01
     946.,  0.13624849E+02,  0.25331999E+02, -0.62799707E+01,  0.14846689E+01,  0.16079695E-09,  0.13102483E+01
     947.,  0.14562349E+02,  0.25331999E+02, -0.62799707E+01,  0.14343065E+01,  0.16998200E-09,  0.16133871E+01
     948.,  0.15499849E+02,  0.25331999E+02, -0.62799707E+01,  0.13839441E+01,  0.17916683E-09,  0.19165259E+01
     949.,  0.16437349E+02,  0.25331999E+02, -0.62799707E+01,  0.13335817E+01,  0.18836514E-09,  0.22196648E+01
     950.,  0.17374849E+02,  0.25331999E+02, -0.62799707E+01,  0.12832193E+01,  0.19754688E-09,  0.25228036E+01
     951.,  0.18312349E+02,  0.25331999E+02, -0.62799707E+01,  0.12328569E+01,  0.20672689E-09,  0.28259424E+01
     952.,  0.33123489E+01,  0.25331999E+02, -0.70060123E+01,  0.22734197E+01,  0.80254956E-10, -0.19852760E+01
     953.,  0.42498489E+01,  0.25331999E+02, -0.70060123E+01,  0.22230572E+01,  0.89433603E-10, -0.16821372E+01
     954.,  0.51873489E+01,  0.25331999E+02, -0.70060123E+01,  0.21726948E+01,  0.98616782E-10, -0.13789983E+01
     955.,  0.61248489E+01,  0.25331999E+02, -0.70060123E+01,  0.21223324E+01,  0.10780162E-09, -0.10758595E+01
     956.,  0.70623489E+01,  0.25331999E+02, -0.70060123E+01,  0.20719700E+01,  0.11698697E-09, -0.77272066E+00
     957.,  0.79998489E+01,  0.25331999E+02, -0.70060123E+01,  0.20216076E+01,  0.12618007E-09, -0.46958183E+00
     958.,  0.89373489E+01,  0.25331999E+02, -0.70060123E+01,  0.19712452E+01,  0.13537784E-09, -0.16644300E+00
     959.,  0.98748489E+01,  0.25331999E+02, -0.70060123E+01,  0.19208828E+01,  0.14455597E-09,  0.13669583E+00
     960.,  0.10812349E+02,  0.25331999E+02, -0.70060123E+01,  0.18705204E+01,  0.15373905E-09,  0.43983466E+00
     961.,  0.11749849E+02,  0.25331999E+02, -0.70060123E+01,  0.18201579E+01,  0.16293340E-09,  0.74297349E+00
     962.,  0.12687349E+02,  0.25331999E+02, -0.70060123E+01,  0.17697955E+01,  0.17211850E-09,  0.10461123E+01
     963.,  0.13624849E+02,  0.25331999E+02, -0.70060123E+01,  0.17194331E+01,  0.18129475E-09,  0.13492512E+01
     964.,  0.14562349E+02,  0.25331999E+02, -0.70060123E+01,  0.16690707E+01,  0.19048797E-09,  0.16523900E+01
     965.,  0.15499849E+02,  0.25331999E+02, -0.70060123E+01,  0.16187083E+01,  0.19966054E-09,  0.19555288E+01
     966.,  0.16437349E+02,  0.25331999E+02, -0.70060123E+01,  0.15683459E+01,  0.20886017E-09,  0.22586676E+01
     967.,  0.17374849E+02,  0.25331999E+02, -0.70060123E+01,  0.15179835E+01,  0.21803200E-09,  0.25618065E+01
     968.,  0.18312349E+02,  0.25331999E+02, -0.70060123E+01,  0.14676211E+01,  0.22722497E-09,  0.28649453E+01
     969.,  0.33123489E+01,  0.25331999E+02, -0.77320540E+01,  0.25081838E+01,  0.10074350E-09, -0.19462731E+01
     970.,  0.42498489E+01,  0.25331999E+02, -0.77320540E+01,  0.24578214E+01,  0.10993052E-09, -0.16431343E+01
     971.,  0.51873489E+01,  0.25331999E+02, -0.77320540E+01,  0.24074590E+01,  0.11910941E-09, -0.13399954E+01
     972.,  0.61248489E+01,  0.25331999E+02, -0.77320540E+01,  0.23570966E+01,  0.12829289E-09, -0.10368566E+01
     973.,  0.70623489E+01,  0.25331999E+02, -0.77320540E+01,  0.23067342E+01,  0.13749515E-09, -0.73371777E+00
     974.,  0.79998489E+01,  0.25331999E+02, -0.77320540E+01,  0.22563718E+01,  0.14668284E-09, -0.43057894E+00
     975.,  0.89373489E+01,  0.25331999E+02, -0.77320540E+01,  0.22060094E+01,  0.15586278E-09, -0.12744011E+00
     976.,  0.98748489E+01,  0.25331999E+02, -0.77320540E+01,  0.21556470E+01,  0.16505649E-09,  0.17569872E+00
     977.,  0.10812349E+02,  0.25331999E+02, -0.77320540E+01,  0.21052845E+01,  0.17423327E-09,  0.47883755E+00
     978.,  0.11749849E+02,  0.25331999E+02, -0.77320540E+01,  0.20549221E+01,  0.18341771E-09,  0.78197638E+00
     979.,  0.12687349E+02,  0.25331999E+02, -0.77320540E+01,  0.20045597E+01,  0.19260233E-09,  0.10851152E+01
     980.,  0.13624849E+02,  0.25331999E+02, -0.77320540E+01,  0.19541973E+01,  0.20178264E-09,  0.13882540E+01
     981.,  0.14562349E+02,  0.25331999E+02, -0.77320540E+01,  0.19038349E+01,  0.21096589E-09,  0.16913929E+01
     982.,  0.15499849E+02,  0.25331999E+02, -0.77320540E+01,  0.18534725E+01,  0.22015170E-09,  0.19945317E+01
     983.,  0.16437349E+02,  0.25331999E+02, -0.77320540E+01,  0.18031101E+01,  0.22933686E-09,  0.22976705E+01
     984.,  0.17374849E+02,  0.25331999E+02, -0.77320540E+01,  0.17527477E+01,  0.23852507E-09,  0.26008094E+01
     985.,  0.18312349E+02,  0.25331999E+02, -0.77320540E+01,  0.17023852E+01,  0.24771202E-09,  0.29039482E+01
     986.,  0.33123489E+01,  0.25331999E+02, -0.84580957E+01,  0.27429480E+01,  0.12123395E-09, -0.19072702E+01
     987.,  0.42498489E+01,  0.25331999E+02, -0.84580957E+01,  0.26925856E+01,  0.13042459E-09, -0.16041314E+01
     988.,  0.51873489E+01,  0.25331999E+02, -0.84580957E+01,  0.26422232E+01,  0.13960939E-09, -0.13009925E+01
     989.,  0.61248489E+01,  0.25331999E+02, -0.84580957E+01,  0.25918608E+01,  0.14880146E-09, -0.99785371E+00
     990.,  0.70623489E+01,  0.25331999E+02, -0.84580957E+01,  0.25414984E+01,  0.15797939E-09, -0.69471488E+00
     991.,  0.79998489E+01,  0.25331999E+02, -0.84580957E+01,  0.24911360E+01,  0.16716694E-09, -0.39157605E+00
     992.,  0.89373489E+01,  0.25331999E+02, -0.84580957E+01,  0.24407736E+01,  0.17635492E-09, -0.88437218E-01
     993.,  0.98748489E+01,  0.25331999E+02, -0.84580957E+01,  0.23904111E+01,  0.18554143E-09,  0.21470161E+00
     994.,  0.10812349E+02,  0.25331999E+02, -0.84580957E+01,  0.23400487E+01,  0.19472297E-09,  0.51784044E+00
     995.,  0.11749849E+02,  0.25331999E+02, -0.84580957E+01,  0.22896863E+01,  0.20391175E-09,  0.82097927E+00
     996.,  0.12687349E+02,  0.25331999E+02, -0.84580957E+01,  0.22393239E+01,  0.21309508E-09,  0.11241181E+01
     997.,  0.13624849E+02,  0.25331999E+02, -0.84580957E+01,  0.21889615E+01,  0.22228919E-09,  0.14272569E+01
     998.,  0.14562349E+02,  0.25331999E+02, -0.84580957E+01,  0.21385991E+01,  0.23147530E-09,  0.17303958E+01
     999.,  0.15499849E+02,  0.25331999E+02, -0.84580957E+01,  0.20882367E+01,  0.24065148E-09,  0.20335346E+01
    1000.,  0.16437349E+02,  0.25331999E+02, -0.84580957E+01,  0.20378743E+01,  0.24984558E-09,  0.23366734E+01
    1001.,  0.17374849E+02,  0.25331999E+02, -0.84580957E+01,  0.19875118E+01,  0.25902138E-09,  0.26398123E+01
    1002.,  0.18312349E+02,  0.25331999E+02, -0.84580957E+01,  0.19371494E+01,  0.26821157E-09,  0.29429511E+01
    1003.,  0.33123489E+01,  0.25331999E+02, -0.91841373E+01,  0.29777122E+01,  0.14172441E-09, -0.18682673E+01
    1004.,  0.42498489E+01,  0.25331999E+02, -0.91841373E+01,  0.29273498E+01,  0.15091013E-09, -0.15651285E+01
    1005.,  0.51873489E+01,  0.25331999E+02, -0.91841373E+01,  0.28769874E+01,  0.16009445E-09, -0.12619897E+01
    1006.,  0.61248489E+01,  0.25331999E+02, -0.91841373E+01,  0.28266250E+01,  0.16928785E-09, -0.95885082E+00
    1007.,  0.70623489E+01,  0.25331999E+02, -0.91841373E+01,  0.27762626E+01,  0.17845915E-09, -0.65571199E+00
    1008.,  0.79998489E+01,  0.25331999E+02, -0.91841373E+01,  0.27259002E+01,  0.18766116E-09, -0.35257316E+00
    1009.,  0.89373489E+01,  0.25331999E+02, -0.91841373E+01,  0.26755377E+01,  0.19683572E-09, -0.49434327E-01
    1010.,  0.98748489E+01,  0.25331999E+02, -0.91841373E+01,  0.26251753E+01,  0.20602759E-09,  0.25370450E+00
    1011.,  0.10812349E+02,  0.25331999E+02, -0.91841373E+01,  0.25748129E+01,  0.21521093E-09,  0.55684333E+00
    1012.,  0.11749849E+02,  0.25331999E+02, -0.91841373E+01,  0.25244505E+01,  0.22440550E-09,  0.85998217E+00
    1013.,  0.12687349E+02,  0.25331999E+02, -0.91841373E+01,  0.24740881E+01,  0.23358601E-09,  0.11631210E+01
    1014.,  0.13624849E+02,  0.25331999E+02, -0.91841373E+01,  0.24237257E+01,  0.24277066E-09,  0.14662598E+01
    1015.,  0.14562349E+02,  0.25331999E+02, -0.91841373E+01,  0.23733633E+01,  0.25195781E-09,  0.17693987E+01
    1016.,  0.15499849E+02,  0.25331999E+02, -0.91841373E+01,  0.23230009E+01,  0.26114056E-09,  0.20725375E+01
    1017.,  0.16437349E+02,  0.25331999E+02, -0.91841373E+01,  0.22726384E+01,  0.27032177E-09,  0.23756763E+01
    1018.,  0.17374849E+02,  0.25331999E+02, -0.91841373E+01,  0.22222760E+01,  0.27951113E-09,  0.26788152E+01
    1019.,  0.18312349E+02,  0.25331999E+02, -0.91841373E+01,  0.21719136E+01,  0.28869960E-09,  0.29819540E+01
    1020.,  0.33123489E+01,  0.25331999E+02, -0.99101790E+01,  0.32124764E+01,  0.16222004E-09, -0.18292644E+01
    1021.,  0.42498489E+01,  0.25331999E+02, -0.99101790E+01,  0.31621140E+01,  0.17140255E-09, -0.15261256E+01
    1022.,  0.51873489E+01,  0.25331999E+02, -0.99101790E+01,  0.31117516E+01,  0.18057378E-09, -0.12229868E+01
    1023.,  0.61248489E+01,  0.25331999E+02, -0.99101790E+01,  0.30613892E+01,  0.18978305E-09, -0.91984793E+00
    1024.,  0.70623489E+01,  0.25331999E+02, -0.99101790E+01,  0.30110267E+01,  0.19895572E-09, -0.61670910E+00
    1025.,  0.79998489E+01,  0.25331999E+02, -0.99101790E+01,  0.29606643E+01,  0.20815021E-09, -0.31357027E+00
    1026.,  0.89373489E+01,  0.25331999E+02, -0.99101790E+01,  0.29103019E+01,  0.21733192E-09, -0.10431437E-01
    1027.,  0.98748489E+01,  0.25331999E+02, -0.99101790E+01,  0.28599395E+01,  0.22652447E-09,  0.29270739E+00
    1028.,  0.10812349E+02,  0.25331999E+02, -0.99101790E+01,  0.28095771E+01,  0.23571212E-09,  0.59584623E+00
    1029.,  0.11749849E+02,  0.25331999E+02, -0.99101790E+01,  0.27592147E+01,  0.24489056E-09,  0.89898506E+00
    1030.,  0.12687349E+02,  0.25331999E+02, -0.99101790E+01,  0.27088523E+01,  0.25407390E-09,  0.12021239E+01
    1031.,  0.13624849E+02,  0.25331999E+02, -0.99101790E+01,  0.26584899E+01,  0.26326244E-09,  0.15052627E+01
    1032.,  0.14562349E+02,  0.25331999E+02, -0.99101790E+01,  0.26081274E+01,  0.27245904E-09,  0.18084015E+01
    1033.,  0.15499849E+02,  0.25331999E+02, -0.99101790E+01,  0.25577650E+01,  0.28163556E-09,  0.21115404E+01
    1034.,  0.16437349E+02,  0.25331999E+02, -0.99101790E+01,  0.25074026E+01,  0.29081816E-09,  0.24146792E+01
    1035.,  0.17374849E+02,  0.25331999E+02, -0.99101790E+01,  0.24570402E+01,  0.30000158E-09,  0.27178180E+01
    1036.,  0.18312349E+02,  0.25331999E+02, -0.99101790E+01,  0.24066778E+01,  0.30918470E-09,  0.30209569E+01
    1037.,  0.33123489E+01,  0.25331999E+02, -0.10636221E+02,  0.34472406E+01,  0.18271064E-09, -0.17902615E+01
    1038.,  0.42498489E+01,  0.25331999E+02, -0.10636221E+02,  0.33968782E+01,  0.19189611E-09, -0.14871227E+01
    1039.,  0.51873489E+01,  0.25331999E+02, -0.10636221E+02,  0.33465158E+01,  0.20108536E-09, -0.11839839E+01
    1040.,  0.61248489E+01,  0.25331999E+02, -0.10636221E+02,  0.32961533E+01,  0.21026297E-09, -0.88084504E+00
    1041.,  0.70623489E+01,  0.25331999E+02, -0.10636221E+02,  0.32457909E+01,  0.21945609E-09, -0.57770621E+00
    1042.,  0.79998489E+01,  0.25331999E+02, -0.10636221E+02,  0.31954285E+01,  0.22864369E-09, -0.27456738E+00
    1043.,  0.89373489E+01,  0.25331999E+02, -0.10636221E+02,  0.31450661E+01,  0.23782453E-09,  0.28571454E-01
    1044.,  0.98748489E+01,  0.25331999E+02, -0.10636221E+02,  0.30947037E+01,  0.24701887E-09,  0.33171028E+00
    1045.,  0.10812349E+02,  0.25331999E+02, -0.10636221E+02,  0.30443413E+01,  0.25619687E-09,  0.63484912E+00
    1046.,  0.11749849E+02,  0.25331999E+02, -0.10636221E+02,  0.29939789E+01,  0.26537641E-09,  0.93798795E+00
    1047.,  0.12687349E+02,  0.25331999E+02, -0.10636221E+02,  0.29436165E+01,  0.27457543E-09,  0.12411268E+01
    1048.,  0.13624849E+02,  0.25331999E+02, -0.10636221E+02,  0.28932540E+01,  0.28375284E-09,  0.15442656E+01
    1049.,  0.14562349E+02,  0.25331999E+02, -0.10636221E+02,  0.28428916E+01,  0.29294470E-09,  0.18474044E+01
    1050.,  0.15499849E+02,  0.25331999E+02, -0.10636221E+02,  0.27925292E+01,  0.30212921E-09,  0.21505433E+01
    1051.,  0.16437349E+02,  0.25331999E+02, -0.10636221E+02,  0.27421668E+01,  0.31131378E-09,  0.24536821E+01
    1052.,  0.17374849E+02,  0.25331999E+02, -0.10636221E+02,  0.26918044E+01,  0.32049272E-09,  0.27568209E+01
    1053.,  0.18312349E+02,  0.25331999E+02, -0.10636221E+02,  0.26414420E+01,  0.32967933E-09,  0.30599598E+01
    1054.,  0.33123489E+01,  0.25331999E+02, -0.11362262E+02,  0.36820048E+01,  0.20321183E-09, -0.17512586E+01
    1055.,  0.42498489E+01,  0.25331999E+02, -0.11362262E+02,  0.36316423E+01,  0.21238500E-09, -0.14481198E+01
    1056.,  0.51873489E+01,  0.25331999E+02, -0.11362262E+02,  0.35812799E+01,  0.22157794E-09, -0.11449810E+01
    1057.,  0.61248489E+01,  0.25331999E+02, -0.11362262E+02,  0.35309175E+01,  0.23076717E-09, -0.84184215E+00
    1058.,  0.70623489E+01,  0.25331999E+02, -0.11362262E+02,  0.34805551E+01,  0.23994726E-09, -0.53870332E+00
    1059.,  0.79998489E+01,  0.25331999E+02, -0.11362262E+02,  0.34301927E+01,  0.24912788E-09, -0.23556449E+00
    1060.,  0.89373489E+01,  0.25331999E+02, -0.11362262E+02,  0.33798303E+01,  0.25831863E-09,  0.67574344E-01
    1061.,  0.98748489E+01,  0.25331999E+02, -0.11362262E+02,  0.33294679E+01,  0.26750734E-09,  0.37071318E+00
    1062.,  0.10812349E+02,  0.25331999E+02, -0.11362262E+02,  0.32791055E+01,  0.27668212E-09,  0.67385201E+00
    1063.,  0.11749849E+02,  0.25331999E+02, -0.11362262E+02,  0.32287430E+01,  0.28588538E-09,  0.97699084E+00
    1064.,  0.12687349E+02,  0.25331999E+02, -0.11362262E+02,  0.31783806E+01,  0.29505794E-09,  0.12801297E+01
    1065.,  0.13624849E+02,  0.25331999E+02, -0.11362262E+02,  0.31280182E+01,  0.30425120E-09,  0.15832685E+01
    1066.,  0.14562349E+02,  0.25331999E+02, -0.11362262E+02,  0.30776558E+01,  0.31342471E-09,  0.18864073E+01
    1067.,  0.15499849E+02,  0.25331999E+02, -0.11362262E+02,  0.30272934E+01,  0.32262059E-09,  0.21895462E+01
    1068.,  0.16437349E+02,  0.25331999E+02, -0.11362262E+02,  0.29769310E+01,  0.33180478E-09,  0.24926850E+01
    1069.,  0.17374849E+02,  0.25331999E+02, -0.11362262E+02,  0.29265686E+01,  0.34097615E-09,  0.27958238E+01
    1070.,  0.18312349E+02,  0.25331999E+02, -0.11362262E+02,  0.28762062E+01,  0.35018072E-09,  0.30989627E+01
    1071.,  0.33123489E+01,  0.25331999E+02, -0.12088304E+02,  0.39167689E+01,  0.22369981E-09, -0.17122558E+01
    1072.,  0.42498489E+01,  0.25331999E+02, -0.12088304E+02,  0.38664065E+01,  0.23287790E-09, -0.14091169E+01
    1073.,  0.51873489E+01,  0.25331999E+02, -0.12088304E+02,  0.38160441E+01,  0.24206889E-09, -0.11059781E+01
    1074.,  0.61248489E+01,  0.25331999E+02, -0.12088304E+02,  0.37656817E+01,  0.25124844E-09, -0.80283926E+00
    1075.,  0.70623489E+01,  0.25331999E+02, -0.12088304E+02,  0.37153193E+01,  0.26043152E-09, -0.49970043E+00
    1076.,  0.79998489E+01,  0.25331999E+02, -0.12088304E+02,  0.36649569E+01,  0.26962001E-09, -0.19656160E+00
    1077.,  0.89373489E+01,  0.25331999E+02, -0.12088304E+02,  0.36145945E+01,  0.27881118E-09,  0.10657723E+00
    1078.,  0.98748489E+01,  0.25331999E+02, -0.12088304E+02,  0.35642321E+01,  0.28799485E-09,  0.40971607E+00
    1079.,  0.10812349E+02,  0.25331999E+02, -0.12088304E+02,  0.35138696E+01,  0.29717974E-09,  0.71285490E+00
    1080.,  0.11749849E+02,  0.25331999E+02, -0.12088304E+02,  0.34635072E+01,  0.30636471E-09,  0.10159937E+01
    1081.,  0.12687349E+02,  0.25331999E+02, -0.12088304E+02,  0.34131448E+01,  0.31555176E-09,  0.13191326E+01
    1082.,  0.13624849E+02,  0.25331999E+02, -0.12088304E+02,  0.33627824E+01,  0.32474410E-09,  0.16222714E+01
    1083.,  0.14562349E+02,  0.25331999E+02, -0.12088304E+02,  0.33124200E+01,  0.33393020E-09,  0.19254102E+01
    1084.,  0.15499849E+02,  0.25331999E+02, -0.12088304E+02,  0.32620576E+01,  0.34311806E-09,  0.22285491E+01
    1085.,  0.16437349E+02,  0.25331999E+02, -0.12088304E+02,  0.32116952E+01,  0.35231019E-09,  0.25316879E+01
    1086.,  0.17374849E+02,  0.25331999E+02, -0.12088304E+02,  0.31613328E+01,  0.36147276E-09,  0.28348267E+01
    1087.,  0.18312349E+02,  0.25331999E+02, -0.12088304E+02,  0.31109703E+01,  0.37066003E-09,  0.31379655E+01
    1088.,  0.33123489E+01,  0.25331999E+02, -0.12814346E+02,  0.41515331E+01,  0.24418841E-09, -0.16732529E+01
    1089.,  0.42498489E+01,  0.25331999E+02, -0.12814346E+02,  0.41011707E+01,  0.25336657E-09, -0.13701140E+01
    1090.,  0.51873489E+01,  0.25331999E+02, -0.12814346E+02,  0.40508083E+01,  0.26255831E-09, -0.10669752E+01
    1091.,  0.61248489E+01,  0.25331999E+02, -0.12814346E+02,  0.40004459E+01,  0.27173759E-09, -0.76383637E+00
    1092.,  0.70623489E+01,  0.25331999E+02, -0.12814346E+02,  0.39500835E+01,  0.28093456E-09, -0.46069754E+00
    1093.,  0.79998489E+01,  0.25331999E+02, -0.12814346E+02,  0.38997211E+01,  0.29010865E-09, -0.15755871E+00
    1094.,  0.89373489E+01,  0.25331999E+02, -0.12814346E+02,  0.38493587E+01,  0.29929679E-09,  0.14558013E+00
    1095.,  0.98748489E+01,  0.25331999E+02, -0.12814346E+02,  0.37989962E+01,  0.30848335E-09,  0.44871896E+00
    1096.,  0.10812349E+02,  0.25331999E+02, -0.12814346E+02,  0.37486338E+01,  0.31766743E-09,  0.75185779E+00
    1097.,  0.11749849E+02,  0.25331999E+02, -0.12814346E+02,  0.36982714E+01,  0.32685735E-09,  0.10549966E+01
    1098.,  0.12687349E+02,  0.25331999E+02, -0.12814346E+02,  0.36479090E+01,  0.33604368E-09,  0.13581354E+01
    1099.,  0.13624849E+02,  0.25331999E+02, -0.12814346E+02,  0.35975466E+01,  0.34522890E-09,  0.16612743E+01
    1100.,  0.14562349E+02,  0.25331999E+02, -0.12814346E+02,  0.35471842E+01,  0.35442537E-09,  0.19644131E+01
    1101.,  0.15499849E+02,  0.25331999E+02, -0.12814346E+02,  0.34968218E+01,  0.36360149E-09,  0.22675519E+01
    1102.,  0.16437349E+02,  0.25331999E+02, -0.12814346E+02,  0.34464594E+01,  0.37279184E-09,  0.25706908E+01
    1103.,  0.17374849E+02,  0.25331999E+02, -0.12814346E+02,  0.33960969E+01,  0.38196540E-09,  0.28738296E+01
    1104.,  0.18312349E+02,  0.25331999E+02, -0.12814346E+02,  0.33457345E+01,  0.39116019E-09,  0.31769684E+01
    1105.,  0.33123489E+01,  0.25331999E+02, -0.13540387E+02,  0.43862973E+01,  0.26467642E-09, -0.16342500E+01
    1106.,  0.42498489E+01,  0.25331999E+02, -0.13540387E+02,  0.43359349E+01,  0.27384832E-09, -0.13311111E+01
    1107.,  0.51873489E+01,  0.25331999E+02, -0.13540387E+02,  0.42855725E+01,  0.28304141E-09, -0.10279723E+01
    1108.,  0.61248489E+01,  0.25331999E+02, -0.13540387E+02,  0.42352101E+01,  0.29223756E-09, -0.72483348E+00
    1109.,  0.70623489E+01,  0.25331999E+02, -0.13540387E+02,  0.41848477E+01,  0.30141837E-09, -0.42169465E+00
    1110.,  0.79998489E+01,  0.25331999E+02, -0.13540387E+02,  0.41344852E+01,  0.31060861E-09, -0.11855582E+00
    1111.,  0.89373489E+01,  0.25331999E+02, -0.13540387E+02,  0.40841228E+01,  0.31979945E-09,  0.18458302E+00
    1112.,  0.98748489E+01,  0.25331999E+02, -0.13540387E+02,  0.40337604E+01,  0.32897246E-09,  0.48772185E+00
    1113.,  0.10812349E+02,  0.25331999E+02, -0.13540387E+02,  0.39833980E+01,  0.33816261E-09,  0.79086068E+00
    1114.,  0.11749849E+02,  0.25331999E+02, -0.13540387E+02,  0.39330356E+01,  0.34735247E-09,  0.10939995E+01
    1115.,  0.12687349E+02,  0.25331999E+02, -0.13540387E+02,  0.38826732E+01,  0.35653569E-09,  0.13971383E+01
    1116.,  0.13624849E+02,  0.25331999E+02, -0.13540387E+02,  0.38323108E+01,  0.36571807E-09,  0.17002772E+01
    1117.,  0.14562349E+02,  0.25331999E+02, -0.13540387E+02,  0.37819484E+01,  0.37491658E-09,  0.20034160E+01
    1118.,  0.15499849E+02,  0.25331999E+02, -0.13540387E+02,  0.37315860E+01,  0.38409114E-09,  0.23065548E+01
    1119.,  0.16437349E+02,  0.25331999E+02, -0.13540387E+02,  0.36812235E+01,  0.39327925E-09,  0.26096937E+01
    1120.,  0.17374849E+02,  0.25331999E+02, -0.13540387E+02,  0.36308611E+01,  0.40245556E-09,  0.29128325E+01
    1121.,  0.18312349E+02,  0.25331999E+02, -0.13540387E+02,  0.35804987E+01,  0.41165018E-09,  0.32159713E+01
    1122.,  0.33123489E+01,  0.25331999E+02, -0.14266429E+02,  0.46210615E+01,  0.28516399E-09, -0.15952471E+01
    1123.,  0.42498489E+01,  0.25331999E+02, -0.14266429E+02,  0.45706991E+01,  0.29434549E-09, -0.12921082E+01
    1124.,  0.51873489E+01,  0.25331999E+02, -0.14266429E+02,  0.45203367E+01,  0.30353798E-09, -0.98896942E+00
    1125.,  0.61248489E+01,  0.25331999E+02, -0.14266429E+02,  0.44699743E+01,  0.31273165E-09, -0.68583059E+00
    1126.,  0.70623489E+01,  0.25331999E+02, -0.14266429E+02,  0.44196118E+01,  0.32191548E-09, -0.38269176E+00
    1127.,  0.79998489E+01,  0.25331999E+02, -0.14266429E+02,  0.43692494E+01,  0.33109103E-09, -0.79552924E-01
    1128.,  0.89373489E+01,  0.25331999E+02, -0.14266429E+02,  0.43188870E+01,  0.34028251E-09,  0.22358591E+00
    1129.,  0.98748489E+01,  0.25331999E+02, -0.14266429E+02,  0.42685246E+01,  0.34947677E-09,  0.52672474E+00
    1130.,  0.10812349E+02,  0.25331999E+02, -0.14266429E+02,  0.42181622E+01,  0.35865368E-09,  0.82986357E+00
    1131.,  0.11749849E+02,  0.25331999E+02, -0.14266429E+02,  0.41677998E+01,  0.36784765E-09,  0.11330024E+01
    1132.,  0.12687349E+02,  0.25331999E+02, -0.14266429E+02,  0.41174374E+01,  0.37703154E-09,  0.14361412E+01
    1133.,  0.13624849E+02,  0.25331999E+02, -0.14266429E+02,  0.40670750E+01,  0.38622025E-09,  0.17392801E+01
    1134.,  0.14562349E+02,  0.25331999E+02, -0.14266429E+02,  0.40167125E+01,  0.39540155E-09,  0.20424189E+01
    1135.,  0.15499849E+02,  0.25331999E+02, -0.14266429E+02,  0.39663501E+01,  0.40458441E-09,  0.23455577E+01
    1136.,  0.16437349E+02,  0.25331999E+02, -0.14266429E+02,  0.39159877E+01,  0.41376261E-09,  0.26486966E+01
    1137.,  0.17374849E+02,  0.25331999E+02, -0.14266429E+02,  0.38656253E+01,  0.42295933E-09,  0.29518354E+01
    1138.,  0.18312349E+02,  0.25331999E+02, -0.14266429E+02,  0.38152629E+01,  0.43213824E-09,  0.32549742E+01
    1139.,  0.33123489E+01,  0.25331999E+02, -0.14992471E+02,  0.48558257E+01,  0.30567043E-09, -0.15562442E+01
    1140.,  0.42498489E+01,  0.25331999E+02, -0.14992471E+02,  0.48054633E+01,  0.31484177E-09, -0.12531054E+01
    1141.,  0.51873489E+01,  0.25331999E+02, -0.14992471E+02,  0.47551009E+01,  0.32402668E-09, -0.94996653E+00
    1142.,  0.61248489E+01,  0.25331999E+02, -0.14992471E+02,  0.47047384E+01,  0.33321199E-09, -0.64682770E+00
    1143.,  0.70623489E+01,  0.25331999E+02, -0.14992471E+02,  0.46543760E+01,  0.34239700E-09, -0.34368886E+00
    1144.,  0.79998489E+01,  0.25331999E+02, -0.14992471E+02,  0.46040136E+01,  0.35159750E-09, -0.40550034E-01
    1145.,  0.89373489E+01,  0.25331999E+02, -0.14992471E+02,  0.45536512E+01,  0.36077918E-09,  0.26258880E+00
    1146.,  0.98748489E+01,  0.25331999E+02, -0.14992471E+02,  0.45032888E+01,  0.36995989E-09,  0.56572763E+00
    1147.,  0.10812349E+02,  0.25331999E+02, -0.14992471E+02,  0.44529264E+01,  0.37914734E-09,  0.86886646E+00
    1148.,  0.11749849E+02,  0.25331999E+02, -0.14992471E+02,  0.44025640E+01,  0.38833908E-09,  0.11720053E+01
    1149.,  0.12687349E+02,  0.25331999E+02, -0.14992471E+02,  0.43522016E+01,  0.39752484E-09,  0.14751441E+01
    1150.,  0.13624849E+02,  0.25331999E+02, -0.14992471E+02,  0.43018391E+01,  0.40670443E-09,  0.17782830E+01
    1151.,  0.14562349E+02,  0.25331999E+02, -0.14992471E+02,  0.42514767E+01,  0.41588569E-09,  0.20814218E+01
    1152.,  0.15499849E+02,  0.25331999E+02, -0.14992471E+02,  0.42011143E+01,  0.42507679E-09,  0.23845606E+01
    1153.,  0.16437349E+02,  0.25331999E+02, -0.14992471E+02,  0.41507519E+01,  0.43426246E-09,  0.26876994E+01
    1154.,  0.17374849E+02,  0.25331999E+02, -0.14992471E+02,  0.41003895E+01,  0.44345801E-09,  0.29908383E+01
    1155.,  0.18312349E+02,  0.25331999E+02, -0.14992471E+02,  0.40500271E+01,  0.45262741E-09,  0.32939771E+01
    1156.,  0.33123489E+01,  0.25331999E+02, -0.15718512E+02,  0.50905899E+01,  0.32615667E-09, -0.15172413E+01
    1157.,  0.42498489E+01,  0.25331999E+02, -0.15718512E+02,  0.50402275E+01,  0.33533861E-09, -0.12141025E+01
    1158.,  0.51873489E+01,  0.25331999E+02, -0.15718512E+02,  0.49898650E+01,  0.34452287E-09, -0.91096364E+00
    1159.,  0.61248489E+01,  0.25331999E+02, -0.15718512E+02,  0.49395026E+01,  0.35370015E-09, -0.60782481E+00
    1160.,  0.70623489E+01,  0.25331999E+02, -0.15718512E+02,  0.48891402E+01,  0.36289509E-09, -0.30468597E+00
    1161.,  0.79998489E+01,  0.25331999E+02, -0.15718512E+02,  0.48387778E+01,  0.37207377E-09, -0.15471434E-02
    1162.,  0.89373489E+01,  0.25331999E+02, -0.15718512E+02,  0.47884154E+01,  0.38127071E-09,  0.30159169E+00
    1163.,  0.98748489E+01,  0.25331999E+02, -0.15718512E+02,  0.47380530E+01,  0.39044670E-09,  0.60473052E+00
    1164.,  0.10812349E+02,  0.25331999E+02, -0.15718512E+02,  0.46876906E+01,  0.39963918E-09,  0.90786935E+00
    1165.,  0.11749849E+02,  0.25331999E+02, -0.15718512E+02,  0.46373282E+01,  0.40883269E-09,  0.12110082E+01
    1166.,  0.12687349E+02,  0.25331999E+02, -0.15718512E+02,  0.45869657E+01,  0.41801809E-09,  0.15141470E+01
    1167.,  0.13624849E+02,  0.25331999E+02, -0.15718512E+02,  0.45366033E+01,  0.42720425E-09,  0.18172858E+01
    1168.,  0.14562349E+02,  0.25331999E+02, -0.15718512E+02,  0.44862409E+01,  0.43637898E-09,  0.21204247E+01
    1169.,  0.15499849E+02,  0.25331999E+02, -0.15718512E+02,  0.44358785E+01,  0.44556608E-09,  0.24235635E+01
    1170.,  0.16437349E+02,  0.25331999E+02, -0.15718512E+02,  0.43855161E+01,  0.45475441E-09,  0.27267023E+01
    1171.,  0.17374849E+02,  0.25331999E+02, -0.15718512E+02,  0.43351537E+01,  0.46393902E-09,  0.30298412E+01
    1172.,  0.18312349E+02,  0.25331999E+02, -0.15718512E+02,  0.42847913E+01,  0.47311789E-09,  0.33329800E+01
    1173.,  0.33123489E+01,  0.25331999E+02, -0.16444554E+02,  0.53253540E+01,  0.34664325E-09, -0.14782384E+01
    1174.,  0.42498489E+01,  0.25331999E+02, -0.16444554E+02,  0.52749916E+01,  0.35583036E-09, -0.11750996E+01
    1175.,  0.51873489E+01,  0.25331999E+02, -0.16444554E+02,  0.52246292E+01,  0.36501408E-09, -0.87196075E+00
    1176.,  0.61248489E+01,  0.25331999E+02, -0.16444554E+02,  0.51742668E+01,  0.37420094E-09, -0.56882191E+00
    1177.,  0.70623489E+01,  0.25331999E+02, -0.16444554E+02,  0.51239044E+01,  0.38338176E-09, -0.26568308E+00
    1178.,  0.79998489E+01,  0.25331999E+02, -0.16444554E+02,  0.50735420E+01,  0.39258312E-09,  0.37455747E-01
    1179.,  0.89373489E+01,  0.25331999E+02, -0.16444554E+02,  0.50231796E+01,  0.40176660E-09,  0.34059458E+00
    1180.,  0.98748489E+01,  0.25331999E+02, -0.16444554E+02,  0.49728172E+01,  0.41094750E-09,  0.64373341E+00
    1181.,  0.10812349E+02,  0.25331999E+02, -0.16444554E+02,  0.49224547E+01,  0.42013911E-09,  0.94687224E+00
    1182.,  0.11749849E+02,  0.25331999E+02, -0.16444554E+02,  0.48720923E+01,  0.42932886E-09,  0.12500111E+01
    1183.,  0.12687349E+02,  0.25331999E+02, -0.16444554E+02,  0.48217299E+01,  0.43850970E-09,  0.15531499E+01
    1184.,  0.13624849E+02,  0.25331999E+02, -0.16444554E+02,  0.47713675E+01,  0.44769876E-09,  0.18562887E+01
    1185.,  0.14562349E+02,  0.25331999E+02, -0.16444554E+02,  0.47210051E+01,  0.45686914E-09,  0.21594276E+01
    1186.,  0.15499849E+02,  0.25331999E+02, -0.16444554E+02,  0.46706427E+01,  0.46606169E-09,  0.24625664E+01
    1187.,  0.16437349E+02,  0.25331999E+02, -0.16444554E+02,  0.46202803E+01,  0.47524661E-09,  0.27657052E+01
    1188.,  0.17374849E+02,  0.25331999E+02, -0.16444554E+02,  0.45699179E+01,  0.48444435E-09,  0.30688441E+01
    1189.,  0.18312349E+02,  0.25331999E+02, -0.16444554E+02,  0.45195554E+01,  0.49361771E-09,  0.33719829E+01
    1190.,  0.33123489E+01,  0.25331999E+02, -0.17170596E+02,  0.55601182E+01,  0.36713084E-09, -0.14392355E+01
    1191.,  0.42498489E+01,  0.25331999E+02, -0.17170596E+02,  0.55097558E+01,  0.37632247E-09, -0.11360967E+01
    1192.,  0.51873489E+01,  0.25331999E+02, -0.17170596E+02,  0.54593934E+01,  0.38550320E-09, -0.83295785E+00
    1193.,  0.61248489E+01,  0.25331999E+02, -0.17170596E+02,  0.54090310E+01,  0.39469107E-09, -0.52981902E+00
    1194.,  0.70623489E+01,  0.25331999E+02, -0.17170596E+02,  0.53586686E+01,  0.40387624E-09, -0.22668019E+00
    1195.,  0.79998489E+01,  0.25331999E+02, -0.17170596E+02,  0.53083062E+01,  0.41305897E-09,  0.76458638E-01
    1196.,  0.89373489E+01,  0.25331999E+02, -0.17170596E+02,  0.52579438E+01,  0.42224769E-09,  0.37959747E+00
    1197.,  0.98748489E+01,  0.25331999E+02, -0.17170596E+02,  0.52075813E+01,  0.43144024E-09,  0.68273630E+00
    1198.,  0.10812349E+02,  0.25331999E+02, -0.17170596E+02,  0.51572189E+01,  0.44063304E-09,  0.98587513E+00
    1199.,  0.11749849E+02,  0.25331999E+02, -0.17170596E+02,  0.51068565E+01,  0.44981855E-09,  0.12890140E+01
    1200.,  0.12687349E+02,  0.25331999E+02, -0.17170596E+02,  0.50564941E+01,  0.45899329E-09,  0.15921528E+01
    1201.,  0.13624849E+02,  0.25331999E+02, -0.17170596E+02,  0.50061317E+01,  0.46818004E-09,  0.18952916E+01
    1202.,  0.14562349E+02,  0.25331999E+02, -0.17170596E+02,  0.49557693E+01,  0.47736737E-09,  0.21984305E+01
    1203.,  0.15499849E+02,  0.25331999E+02, -0.17170596E+02,  0.49054069E+01,  0.48654346E-09,  0.25015693E+01
    1204.,  0.16437349E+02,  0.25331999E+02, -0.17170596E+02,  0.48550445E+01,  0.49573186E-09,  0.28047081E+01
    1205.,  0.17374849E+02,  0.25331999E+02, -0.17170596E+02,  0.48046820E+01,  0.50493392E-09,  0.31078469E+01
    1206.,  0.18312349E+02,  0.25331999E+02, -0.17170596E+02,  0.47543196E+01,  0.51410071E-09,  0.34109858E+01
    1207.,  0.33123489E+01,  0.25331999E+02, -0.17896637E+02,  0.57948824E+01,  0.38763953E-09, -0.14002326E+01
    1208.,  0.42498489E+01,  0.25331999E+02, -0.17896637E+02,  0.57445200E+01,  0.39681307E-09, -0.10970938E+01
    1209.,  0.51873489E+01,  0.25331999E+02, -0.17896637E+02,  0.56941576E+01,  0.40599772E-09, -0.79395496E+00
    1210.,  0.61248489E+01,  0.25331999E+02, -0.17896637E+02,  0.56437952E+01,  0.41518427E-09, -0.49081613E+00
    1211.,  0.70623489E+01,  0.25331999E+02, -0.17896637E+02,  0.55934328E+01,  0.42436865E-09, -0.18767730E+00
    1212.,  0.79998489E+01,  0.25331999E+02, -0.17896637E+02,  0.55430704E+01,  0.43354527E-09,  0.11546153E+00
    1213.,  0.89373489E+01,  0.25331999E+02, -0.17896637E+02,  0.54927079E+01,  0.44274087E-09,  0.41860036E+00
    1214.,  0.98748489E+01,  0.25331999E+02, -0.17896637E+02,  0.54423455E+01,  0.45192138E-09,  0.72173919E+00
    1215.,  0.10812349E+02,  0.25331999E+02, -0.17896637E+02,  0.53919831E+01,  0.46111183E-09,  0.10248780E+01
    1216.,  0.11749849E+02,  0.25331999E+02, -0.17896637E+02,  0.53416207E+01,  0.47029151E-09,  0.13280169E+01
    1217.,  0.12687349E+02,  0.25331999E+02, -0.17896637E+02,  0.52912583E+01,  0.47948523E-09,  0.16311557E+01
    1218.,  0.13624849E+02,  0.25331999E+02, -0.17896637E+02,  0.52408959E+01,  0.48866927E-09,  0.19342945E+01
    1219.,  0.14562349E+02,  0.25331999E+02, -0.17896637E+02,  0.51905335E+01,  0.49786226E-09,  0.22374333E+01
    1220.,  0.15499849E+02,  0.25331999E+02, -0.17896637E+02,  0.51401711E+01,  0.50704604E-09,  0.25405722E+01
    1221.,  0.16437349E+02,  0.25331999E+02, -0.17896637E+02,  0.50898086E+01,  0.51623618E-09,  0.28437110E+01
    1222.,  0.17374849E+02,  0.25331999E+02, -0.17896637E+02,  0.50394462E+01,  0.52541261E-09,  0.31468498E+01
    1223.,  0.18312349E+02,  0.25331999E+02, -0.17896637E+02,  0.49890838E+01,  0.53459823E-09,  0.34499887E+01
    1224.,  0.33123489E+01,  0.25331999E+02, -0.18622679E+02,  0.60296466E+01,  0.40812273E-09, -0.13612297E+01
    1225.,  0.42498489E+01,  0.25331999E+02, -0.18622679E+02,  0.59792842E+01,  0.41730261E-09, -0.10580909E+01
    1226.,  0.51873489E+01,  0.25331999E+02, -0.18622679E+02,  0.59289218E+01,  0.42648575E-09, -0.75495207E+00
    1227.,  0.61248489E+01,  0.25331999E+02, -0.18622679E+02,  0.58785594E+01,  0.43567604E-09, -0.45181324E+00
    1228.,  0.70623489E+01,  0.25331999E+02, -0.18622679E+02,  0.58281969E+01,  0.44486530E-09, -0.14867441E+00
    1229.,  0.79998489E+01,  0.25331999E+02, -0.18622679E+02,  0.57778345E+01,  0.45404558E-09,  0.15446442E+00
    1230.,  0.89373489E+01,  0.25331999E+02, -0.18622679E+02,  0.57274721E+01,  0.46323486E-09,  0.45760325E+00
    1231.,  0.98748489E+01,  0.25331999E+02, -0.18622679E+02,  0.56771097E+01,  0.47241573E-09,  0.76074208E+00
    1232.,  0.10812349E+02,  0.25331999E+02, -0.18622679E+02,  0.56267473E+01,  0.48161101E-09,  0.10638809E+01
    1233.,  0.11749849E+02,  0.25331999E+02, -0.18622679E+02,  0.55763849E+01,  0.49079061E-09,  0.13670197E+01
    1234.,  0.12687349E+02,  0.25331999E+02, -0.18622679E+02,  0.55260225E+01,  0.49997008E-09,  0.16701586E+01
    1235.,  0.13624849E+02,  0.25331999E+02, -0.18622679E+02,  0.54756601E+01,  0.50916181E-09,  0.19732974E+01
    1236.,  0.14562349E+02,  0.25331999E+02, -0.18622679E+02,  0.54252976E+01,  0.51835016E-09,  0.22764362E+01
    1237.,  0.15499849E+02,  0.25331999E+02, -0.18622679E+02,  0.53749352E+01,  0.52754618E-09,  0.25795751E+01
    1238.,  0.16437349E+02,  0.25331999E+02, -0.18622679E+02,  0.53245728E+01,  0.53671941E-09,  0.28827139E+01
    1239.,  0.17374849E+02,  0.25331999E+02, -0.18622679E+02,  0.52742104E+01,  0.54590318E-09,  0.31858527E+01
    1240.,  0.18312349E+02,  0.25331999E+02, -0.18622679E+02,  0.52238480E+01,  0.55507849E-09,  0.34889916E+01
    1241.,  0.88907483E+01,  0.10100462E+03, -0.11976790E+01,  0.64215304E-03, -0.36876629E-02,  0.16002483E-03
    1242.,  0.90216325E+01,  0.10088094E+03, -0.11976790E+01,  0.61074510E-03, -0.36489586E-02,  0.16616717E-03
    1243.,  0.91795178E+01,  0.10075167E+03, -0.11976790E+01,  0.58579326E-03, -0.35788714E-02,  0.16243646E-03
    1244.,  0.93688664E+01,  0.10062053E+03, -0.11976790E+01,  0.57587791E-03, -0.34697998E-02,  0.15845728E-03
    1245.,  0.95933411E+01,  0.10049337E+03, -0.11976790E+01,  0.58984543E-03, -0.33204253E-02,  0.15456896E-03
    1246.,  0.98545190E+01,  0.10037833E+03, -0.11976790E+01,  0.63670149E-03, -0.31401196E-02,  0.15176479E-03
    1247.,  0.10150303E+02,  0.10028530E+03, -0.11976790E+01,  0.71706644E-03, -0.29553746E-02,  0.14991170E-03
    1248.,  0.10473624E+02,  0.10022430E+03, -0.11976790E+01,  0.81888647E-03, -0.28041524E-02,  0.14778055E-03
    1249.,  0.10812349E+02,  0.10020300E+03, -0.11976790E+01,  0.91784028E-03, -0.27193440E-02,  0.14572493E-03
    1250.,  0.11151074E+02,  0.10022430E+03, -0.11976790E+01,  0.98627089E-03, -0.27091659E-02,  0.14440658E-03
    1251.,  0.11474394E+02,  0.10028530E+03, -0.11976790E+01,  0.10053655E-02, -0.27521591E-02,  0.14363354E-03
    1252.,  0.11770179E+02,  0.10037833E+03, -0.11976790E+01,  0.97240844E-03, -0.28124895E-02,  0.14218536E-03
    1253.,  0.12031357E+02,  0.10049337E+03, -0.11976790E+01,  0.89803804E-03, -0.28600213E-02,  0.14071219E-03
    1254.,  0.12255831E+02,  0.10062053E+03, -0.11976790E+01,  0.79905048E-03, -0.28802978E-02,  0.13877287E-03
    1255.,  0.12445180E+02,  0.10075167E+03, -0.11976790E+01,  0.69053635E-03, -0.28721752E-02,  0.13917971E-03
    1256.,  0.12603065E+02,  0.10088094E+03, -0.11976790E+01,  0.58371350E-03, -0.28417404E-02,  0.13745407E-03
    1257.,  0.12733950E+02,  0.10100462E+03, -0.11976790E+01,  0.48466011E-03, -0.27966441E-02,  0.14197160E-03
    1258.,  0.12856786E+02,  0.10113729E+03, -0.11976790E+01,  0.38414448E-03, -0.27355354E-02,  0.14080358E-03
    1259.,  0.12984638E+02,  0.10129679E+03, -0.11976790E+01,  0.27252687E-03, -0.26495503E-02,  0.14419257E-03
    1260.,  0.13113701E+02,  0.10148736E+03, -0.11976790E+01,  0.15408939E-03, -0.25364448E-02,  0.14563481E-03
    1261.,  0.13238114E+02,  0.10171231E+03, -0.11976790E+01,  0.35202663E-04, -0.23966655E-02,  0.14654329E-03
    1262.,  0.13349872E+02,  0.10197288E+03, -0.11976790E+01, -0.75608510E-04, -0.22353429E-02,  0.14674449E-03
    1263.,  0.13439432E+02,  0.10226665E+03, -0.11976790E+01, -0.16991118E-03, -0.20624124E-02,  0.14681287E-03
    1264.,  0.13497286E+02,  0.10258649E+03, -0.11976790E+01, -0.24214552E-03, -0.18904842E-02,  0.14708581E-03
    1265.,  0.13516315E+02,  0.10292052E+03, -0.11976790E+01, -0.29133168E-03, -0.17316405E-02,  0.14761209E-03
    1266.,  0.13493999E+02,  0.10325394E+03, -0.11976790E+01, -0.32080698E-03, -0.15941646E-02,  0.14811046E-03
    1267.,  0.13433285E+02,  0.10357207E+03, -0.11976790E+01, -0.33591741E-03, -0.14813062E-02,  0.14838459E-03
    1268.,  0.13341575E+02,  0.10386337E+03, -0.11976790E+01, -0.34171009E-03, -0.13921914E-02,  0.14848360E-03
    1269.,  0.13228459E+02,  0.10412110E+03, -0.11976790E+01, -0.34186503E-03, -0.13236843E-02,  0.14850865E-03
    1270.,  0.13103404E+02,  0.10434321E+03, -0.11976790E+01, -0.33871385E-03, -0.12719706E-02,  0.14851130E-03
    1271.,  0.12974251E+02,  0.10453113E+03, -0.11976790E+01, -0.33365202E-03, -0.12334501E-02,  0.14850886E-03
    1272.,  0.12846686E+02,  0.10468832E+03, -0.11976790E+01, -0.32751766E-03, -0.12050777E-02,  0.14850596E-03
    1273.,  0.12724366E+02,  0.10481902E+03, -0.11976790E+01, -0.32085583E-03, -0.11844398E-02,  0.14850335E-03
    1274.,  0.12592945E+02,  0.10494197E+03, -0.11976790E+01, -0.31295754E-03, -0.11678236E-02,  0.14850121E-03
    1275.,  0.12434749E+02,  0.10507020E+03, -0.11976790E+01, -0.30250654E-03, -0.11539812E-02,  0.14849897E-03
    1276.,  0.12245466E+02,  0.10519999E+03, -0.11976790E+01, -0.28871498E-03, -0.11447660E-02,  0.14849722E-03
    1277.,  0.12021615E+02,  0.10532554E+03, -0.11976790E+01, -0.27058237E-03, -0.11426228E-02,  0.14849605E-03
    1278.,  0.11761787E+02,  0.10543884E+03, -0.11976790E+01, -0.24696858E-03, -0.11505482E-02,  0.14849536E-03
    1279.,  0.11468165E+02,  0.10553027E+03, -0.11976790E+01, -0.21675252E-03, -0.11717489E-02,  0.14849495E-03
    1280.,  0.11147739E+02,  0.10559012E+03, -0.11976790E+01, -0.17911940E-03, -0.12089152E-02,  0.14849432E-03
    1281.,  0.10812349E+02,  0.10561100E+03, -0.11976790E+01, -0.13391285E-03, -0.12632179E-02,  0.14849274E-03
    1282.,  0.10476959E+02,  0.10559012E+03, -0.11976790E+01, -0.81896922E-04, -0.13334963E-02,  0.14848954E-03
    1283.,  0.10156533E+02,  0.10553027E+03, -0.11976790E+01, -0.24749843E-04, -0.14162279E-02,  0.14848468E-03
    1284.,  0.98629112E+01,  0.10543884E+03, -0.11976790E+01,  0.35261432E-04, -0.15064394E-02,  0.14847886E-03
    1285.,  0.96030834E+01,  0.10532554E+03, -0.11976790E+01,  0.95776374E-04, -0.15990442E-02,  0.14847305E-03
    1286.,  0.93792318E+01,  0.10519999E+03, -0.11976790E+01,  0.15476859E-03, -0.16898896E-02,  0.14846805E-03
    1287.,  0.91899489E+01,  0.10507020E+03, -0.11976790E+01,  0.21076372E-03, -0.17761758E-02,  0.14846409E-03
    1288.,  0.90317525E+01,  0.10494197E+03, -0.11976790E+01,  0.26286194E-03, -0.18563685E-02,  0.14846119E-03
    1289.,  0.89003322E+01,  0.10481902E+03, -0.11976790E+01,  0.31061766E-03, -0.19298533E-02,  0.14846131E-03
    1290.,  0.87780118E+01,  0.10468832E+03, -0.11976790E+01,  0.35953770E-03, -0.20052809E-02,  0.14846405E-03
    1291.,  0.86504468E+01,  0.10453113E+03, -0.11976790E+01,  0.41628148E-03, -0.20933285E-02,  0.14847492E-03
    1292.,  0.85212943E+01,  0.10434321E+03, -0.11976790E+01,  0.48139273E-03, -0.21959281E-02,  0.14850552E-03
    1293.,  0.83962388E+01,  0.10412110E+03, -0.11976790E+01,  0.55459328E-03, -0.23149755E-02,  0.14858309E-03
    1294.,  0.82831228E+01,  0.10386337E+03, -0.11976790E+01,  0.63395779E-03, -0.24519443E-02,  0.14876966E-03
    1295.,  0.81914125E+01,  0.10357207E+03, -0.11976790E+01,  0.71497182E-03, -0.26072119E-02,  0.14914386E-03
    1296.,  0.81306984E+01,  0.10325394E+03, -0.11976790E+01,  0.79000540E-03, -0.27789317E-02,  0.14964789E-03
    1297.,  0.81083827E+01,  0.10292052E+03, -0.11976790E+01,  0.84920826E-03, -0.29616559E-02,  0.15009897E-03
    1298.,  0.81274120E+01,  0.10258649E+03, -0.11976790E+01,  0.88354274E-03, -0.31455855E-02,  0.15033320E-03
    1299.,  0.81852658E+01,  0.10226665E+03, -0.11976790E+01,  0.88877315E-03, -0.33177559E-02,  0.15051791E-03
    1300.,  0.82748255E+01,  0.10197288E+03, -0.11976790E+01,  0.86739923E-03, -0.34653086E-02,  0.15113619E-03
    1301.,  0.83865843E+01,  0.10171231E+03, -0.11976790E+01,  0.82699090E-03, -0.35791020E-02,  0.15283696E-03
    1302.,  0.85109971E+01,  0.10148736E+03, -0.11976790E+01,  0.77686431E-03, -0.36553900E-02,  0.15636925E-03
    1303.,  0.86400595E+01,  0.10129679E+03, -0.11976790E+01,  0.72572869E-03, -0.36951978E-02,  0.16031701E-03
    1304.,  0.87679120E+01,  0.10113729E+03, -0.11976790E+01,  0.67980701E-03, -0.37034806E-02,  0.16589697E-03
    1305.,  0.85521705E+01,  0.10066943E+03, -0.11976790E+01,  0.67649950E-03, -0.37675605E-02,  0.13646541E-03
    1306.,  0.87061158E+01,  0.10052395E+03, -0.11976790E+01,  0.66932782E-03, -0.37552858E-02,  0.12337673E-03
    1307.,  0.88918198E+01,  0.10037191E+03, -0.11976790E+01,  0.67926330E-03, -0.37065068E-02,  0.12760106E-03
    1308.,  0.91145309E+01,  0.10021766E+03, -0.11976790E+01,  0.71099938E-03, -0.36068756E-02,  0.13356013E-03
    1309.,  0.93785571E+01,  0.10006810E+03, -0.11976790E+01,  0.76871264E-03, -0.34454991E-02,  0.13897833E-03
    1310.,  0.96857534E+01,  0.99932792E+02, -0.11976790E+01,  0.84544844E-03, -0.32297307E-02,  0.14309408E-03
    1311.,  0.10033654E+02,  0.99823371E+02, -0.11976790E+01,  0.92564114E-03, -0.29935985E-02,  0.14611169E-03
    1312.,  0.10413942E+02,  0.99751623E+02, -0.11976790E+01,  0.99133361E-03, -0.27956851E-02,  0.14991349E-03
    1313.,  0.10812349E+02,  0.99726571E+02, -0.11976790E+01,  0.10320682E-02, -0.26909823E-02,  0.15346022E-03
    1314.,  0.11210756E+02,  0.99751623E+02, -0.11976790E+01,  0.10477546E-02, -0.26925556E-02,  0.15559189E-03
    1315.,  0.11591044E+02,  0.99823371E+02, -0.11976790E+01,  0.10421980E-02, -0.27619213E-02,  0.15666410E-03
    1316.,  0.11938944E+02,  0.99932792E+02, -0.11976790E+01,  0.10157886E-02, -0.28399511E-02,  0.15900951E-03
    1317.,  0.12246141E+02,  0.10006810E+03, -0.11976790E+01,  0.96713560E-03, -0.28842990E-02,  0.16133128E-03
    1318.,  0.12510167E+02,  0.10021766E+03, -0.11976790E+01,  0.89685867E-03, -0.28816743E-02,  0.16445991E-03
    1319.,  0.12732878E+02,  0.10037191E+03, -0.11976790E+01,  0.81080380E-03, -0.28395960E-02,  0.16362420E-03
    1320.,  0.12918582E+02,  0.10052395E+03, -0.11976790E+01,  0.71598364E-03, -0.27724567E-02,  0.16692129E-03
    1321.,  0.13072527E+02,  0.10066943E+03, -0.11976790E+01,  0.61996269E-03, -0.26938245E-02,  0.15816037E-03
    1322.,  0.13217007E+02,  0.10082547E+03, -0.11976790E+01,  0.51443017E-03, -0.26007375E-02,  0.16115933E-03
    1323.,  0.13367387E+02,  0.10101308E+03, -0.11976790E+01,  0.38896260E-03, -0.24852762E-02,  0.15538744E-03
    1324.,  0.13519189E+02,  0.10123722E+03, -0.11976790E+01,  0.24622747E-03, -0.23498995E-02,  0.15287472E-03
    1325.,  0.13665523E+02,  0.10150182E+03, -0.11976790E+01,  0.94641567E-04, -0.22014939E-02,  0.15157038E-03
    1326.,  0.13796973E+02,  0.10180829E+03, -0.11976790E+01, -0.52442962E-04, -0.20500109E-02,  0.15139047E-03
    1327.,  0.13902313E+02,  0.10215383E+03, -0.11976790E+01, -0.17941710E-03, -0.19052531E-02,  0.15135788E-03
    1328.,  0.13970360E+02,  0.10253002E+03, -0.11976790E+01, -0.27388451E-03, -0.17743021E-02,  0.15090676E-03
    1329.,  0.13992743E+02,  0.10292291E+03, -0.11976790E+01, -0.33212724E-03, -0.16597973E-02,  0.14992586E-03
    1330.,  0.13966495E+02,  0.10331507E+03, -0.11976790E+01, -0.35947481E-03, -0.15611612E-02,  0.14901291E-03
    1331.,  0.13895083E+02,  0.10368925E+03, -0.11976790E+01, -0.36589213E-03, -0.14768387E-02,  0.14855944E-03
    1332.,  0.13787214E+02,  0.10403187E+03, -0.11976790E+01, -0.36088969E-03, -0.14055251E-02,  0.14843034E-03
    1333.,  0.13654167E+02,  0.10433502E+03, -0.11976790E+01, -0.35104862E-03, -0.13461507E-02,  0.14841260E-03
    1334.,  0.13507078E+02,  0.10459626E+03, -0.11976790E+01, -0.34002877E-03, -0.12975688E-02,  0.14842151E-03
    1335.,  0.13355169E+02,  0.10481730E+03, -0.11976790E+01, -0.32953182E-03, -0.12584587E-02,  0.14843409E-03
    1336.,  0.13205128E+02,  0.10500218E+03, -0.11976790E+01, -0.32019448E-03, -0.12274208E-02,  0.14844504E-03
    1337.,  0.13061255E+02,  0.10515591E+03, -0.11976790E+01, -0.31212436E-03, -0.12030868E-02,  0.14845413E-03
    1338.,  0.12906679E+02,  0.10530052E+03, -0.11976790E+01, -0.30432124E-03, -0.11818395E-02,  0.14846191E-03
    1339.,  0.12720609E+02,  0.10545135E+03, -0.11976790E+01, -0.29595773E-03, -0.11620662E-02,  0.14847003E-03
    1340.,  0.12497975E+02,  0.10560401E+03, -0.11976790E+01, -0.28711684E-03, -0.11457946E-02,  0.14847729E-03
    1341.,  0.12234682E+02,  0.10575167E+03, -0.11976790E+01, -0.27781934E-03, -0.11361018E-02,  0.14848335E-03
    1342.,  0.11929074E+02,  0.10588494E+03, -0.11976790E+01, -0.26782324E-03, -0.11372287E-02,  0.14848822E-03
    1343.,  0.11583717E+02,  0.10599248E+03, -0.11976790E+01, -0.25632599E-03, -0.11542969E-02,  0.14849189E-03
    1344.,  0.11206833E+02,  0.10606288E+03, -0.11976790E+01, -0.24168214E-03, -0.11922697E-02,  0.14849471E-03
    1345.,  0.10812349E+02,  0.10608744E+03, -0.11976790E+01, -0.22146207E-03, -0.12541614E-02,  0.14849766E-03
    1346.,  0.10417865E+02,  0.10606288E+03, -0.11976790E+01, -0.19314422E-03, -0.13392780E-02,  0.14850181E-03
    1347.,  0.10040981E+02,  0.10599248E+03, -0.11976790E+01, -0.15523315E-03, -0.14427749E-02,  0.14850750E-03
    1348.,  0.96956242E+01,  0.10588494E+03, -0.11976790E+01, -0.10804752E-03, -0.15570833E-02,  0.14851384E-03
    1349.,  0.93900159E+01,  0.10575167E+03, -0.11976790E+01, -0.53606644E-04, -0.16742963E-02,  0.14851951E-03
    1350.,  0.91267226E+01,  0.10560401E+03, -0.11976790E+01,  0.51838674E-05, -0.17880630E-02,  0.14852356E-03
    1351.,  0.89040889E+01,  0.10545135E+03, -0.11976790E+01,  0.65421791E-04, -0.18943091E-02,  0.14852630E-03
    1352.,  0.87180189E+01,  0.10530052E+03, -0.11976790E+01,  0.12475227E-03, -0.19910232E-02,  0.14852800E-03
    1353.,  0.85634430E+01,  0.10515591E+03, -0.11976790E+01,  0.18155183E-03, -0.20776885E-02,  0.14852502E-03
    1354.,  0.84195702E+01,  0.10500218E+03, -0.11976790E+01,  0.24178230E-03, -0.21644239E-02,  0.14851860E-03
    1355.,  0.82695288E+01,  0.10481730E+03, -0.11976790E+01,  0.31383795E-03, -0.22624922E-02,  0.14849977E-03
    1356.,  0.81176202E+01,  0.10459626E+03, -0.11976790E+01,  0.39906525E-03, -0.23721616E-02,  0.14845158E-03
    1357.,  0.79705304E+01,  0.10433502E+03, -0.11976790E+01,  0.49755334E-03, -0.24928025E-02,  0.14833270E-03
    1358.,  0.78374839E+01,  0.10403187E+03, -0.11976790E+01,  0.60676661E-03, -0.26226256E-02,  0.14802059E-03
    1359.,  0.77296146E+01,  0.10368925E+03, -0.11976790E+01,  0.71976243E-03, -0.27587354E-02,  0.14733522E-03
    1360.,  0.76582029E+01,  0.10331507E+03, -0.11976790E+01,  0.82407602E-03, -0.28978286E-02,  0.14637056E-03
    1361.,  0.76319554E+01,  0.10292291E+03, -0.11976790E+01,  0.90338585E-03, -0.30373207E-02,  0.14551534E-03
    1362.,  0.76543375E+01,  0.10253002E+03, -0.11976790E+01,  0.94340991E-03, -0.31757261E-02,  0.14515228E-03
    1363.,  0.77223849E+01,  0.10215383E+03, -0.11976790E+01,  0.93964075E-03, -0.33111139E-02,  0.14495200E-03
    1364.,  0.78277247E+01,  0.10180829E+03, -0.11976790E+01,  0.90057994E-03, -0.34391187E-02,  0.14406268E-03
    1365.,  0.79591749E+01,  0.10150182E+03, -0.11976790E+01,  0.84293496E-03, -0.35531263E-02,  0.14173610E-03
    1366.,  0.81055087E+01,  0.10123722E+03, -0.11976790E+01,  0.78330365E-03, -0.36465570E-02,  0.13675992E-03
    1367.,  0.82573113E+01,  0.10101308E+03, -0.11976790E+01,  0.73280620E-03, -0.37146778E-02,  0.13067230E-03
    1368.,  0.84076909E+01,  0.10082547E+03, -0.11976790E+01,  0.69690970E-03, -0.37548036E-02,  0.12289467E-03
    1369.,  0.82135926E+01,  0.10033424E+03, -0.11976790E+01,  0.78015397E-03, -0.39439747E-02,  0.11963080E-03
    1370.,  0.83905992E+01,  0.10016697E+03, -0.11976790E+01,  0.77996425E-03, -0.39417846E-02,  0.16313613E-03
    1371.,  0.86041219E+01,  0.99992144E+02, -0.11976790E+01,  0.79670728E-03, -0.38955856E-02,  0.17118349E-03
    1372.,  0.88601954E+01,  0.99814793E+02, -0.11976790E+01,  0.84564144E-03, -0.37815107E-02,  0.16935879E-03
    1373.,  0.91637731E+01,  0.99642824E+02, -0.11976790E+01,  0.92301236E-03, -0.35885637E-02,  0.16414937E-03
    1374.,  0.95169878E+01,  0.99487251E+02, -0.11976790E+01,  0.10172795E-02, -0.33228862E-02,  0.15774201E-03
    1375.,  0.99170042E+01,  0.99361439E+02, -0.11976790E+01,  0.11084759E-02, -0.30268854E-02,  0.15178334E-03
    1376.,  0.10354260E+02,  0.99278943E+02, -0.11976790E+01,  0.11754120E-02, -0.27786896E-02,  0.14443003E-03
    1377.,  0.10812349E+02,  0.99250137E+02, -0.11976790E+01,  0.12052461E-02, -0.26545780E-02,  0.13976028E-03
    1378.,  0.11270437E+02,  0.99278943E+02, -0.11976790E+01,  0.11995395E-02, -0.26720188E-02,  0.13637877E-03
    1379.,  0.11707694E+02,  0.99361439E+02, -0.11976790E+01,  0.11674414E-02, -0.27748609E-02,  0.13448727E-03
    1380.,  0.12107710E+02,  0.99487251E+02, -0.11976790E+01,  0.11174734E-02, -0.28816474E-02,  0.13082596E-03
    1381.,  0.12460925E+02,  0.99642824E+02, -0.11976790E+01,  0.10518329E-02, -0.29385551E-02,  0.12896084E-03
    1382.,  0.12764503E+02,  0.99814793E+02, -0.11976790E+01,  0.97151937E-03, -0.29329377E-02,  0.12432371E-03
    1383.,  0.13020576E+02,  0.99992144E+02, -0.11976790E+01,  0.87693015E-03, -0.28762891E-02,  0.12879219E-03
    1384.,  0.13234099E+02,  0.10016697E+03, -0.11976790E+01,  0.77584141E-03, -0.27893387E-02,  0.11996578E-03
    1385.,  0.13411105E+02,  0.10033424E+03, -0.11976790E+01,  0.67304921E-03, -0.26887785E-02,  0.14325476E-03
    1386.,  0.13577228E+02,  0.10051366E+03, -0.11976790E+01,  0.56068952E-03, -0.25732754E-02,  0.12756551E-03
    1387.,  0.13750135E+02,  0.10072937E+03, -0.11976790E+01,  0.42621848E-03, -0.24318019E-02,  0.13698984E-03
    1388.,  0.13924678E+02,  0.10098709E+03, -0.11976790E+01,  0.27359145E-03, -0.22708386E-02,  0.14107773E-03
    1389.,  0.14092932E+02,  0.10129132E+03, -0.11976790E+01,  0.11093743E-03, -0.21017388E-02,  0.14373397E-03
    1390.,  0.14244074E+02,  0.10164370E+03, -0.11976790E+01, -0.47813591E-04, -0.19373813E-02,  0.14376080E-03
    1391.,  0.14365194E+02,  0.10204100E+03, -0.11976790E+01, -0.18498722E-03, -0.17913368E-02,  0.14336227E-03
    1392.,  0.14443435E+02,  0.10247354E+03, -0.11976790E+01, -0.28690985E-03, -0.16712565E-02,  0.14406458E-03
    1393.,  0.14469170E+02,  0.10292529E+03, -0.11976790E+01, -0.34944677E-03, -0.15764540E-02,  0.14601465E-03
    1394.,  0.14438990E+02,  0.10337620E+03, -0.11976790E+01, -0.37821872E-03, -0.15005888E-02,  0.14774662E-03
    1395.,  0.14356881E+02,  0.10380643E+03, -0.11976790E+01, -0.38394302E-03, -0.14369297E-02,  0.14850278E-03
    1396.,  0.14232853E+02,  0.10420038E+03, -0.11976790E+01, -0.37719405E-03, -0.13814097E-02,  0.14864426E-03
    1397.,  0.14079876E+02,  0.10454894E+03, -0.11976790E+01, -0.36555043E-03, -0.13325693E-02,  0.14863288E-03
    1398.,  0.13910752E+02,  0.10484932E+03, -0.11976790E+01, -0.35332949E-03, -0.12901814E-02,  0.14860290E-03
    1399.,  0.13736087E+02,  0.10510346E+03, -0.11976790E+01, -0.34250374E-03, -0.12541946E-02,  0.14857676E-03
    1400.,  0.13563569E+02,  0.10531604E+03, -0.11976790E+01, -0.33369998E-03, -0.12243165E-02,  0.14855674E-03
    1401.,  0.13398144E+02,  0.10549280E+03, -0.11976790E+01, -0.32690062E-03, -0.12000010E-02,  0.14854144E-03
    1402.,  0.13220412E+02,  0.10565908E+03, -0.11976790E+01, -0.32121934E-03, -0.11780475E-02,  0.14853013E-03
    1403.,  0.13006469E+02,  0.10583250E+03, -0.11976790E+01, -0.31633968E-03, -0.11568996E-02,  0.14851816E-03
    1404.,  0.12750484E+02,  0.10600802E+03, -0.11976790E+01, -0.31284637E-03, -0.11387800E-02,  0.14850811E-03
    1405.,  0.12447749E+02,  0.10617780E+03, -0.11976790E+01, -0.31126033E-03, -0.11272234E-02,  0.14850064E-03
    1406.,  0.12096361E+02,  0.10633103E+03, -0.11976790E+01, -0.31168646E-03, -0.11273170E-02,  0.14849520E-03
    1407.,  0.11699269E+02,  0.10645469E+03, -0.11976790E+01, -0.31325541E-03, -0.11454033E-02,  0.14849150E-03
    1408.,  0.11265927E+02,  0.10653563E+03, -0.11976790E+01, -0.31358911E-03, -0.11878056E-02,  0.14848856E-03
    1409.,  0.10812349E+02,  0.10656387E+03, -0.11976790E+01, -0.30880348E-03, -0.12585368E-02,  0.14848422E-03
    1410.,  0.10358770E+02,  0.10653563E+03, -0.11976790E+01, -0.29450852E-03, -0.13569923E-02,  0.14847609E-03
    1411.,  0.99254285E+01,  0.10645469E+03, -0.11976790E+01, -0.26752089E-03, -0.14773091E-02,  0.14846344E-03
    1412.,  0.95283373E+01,  0.10633103E+03, -0.11976790E+01, -0.22718535E-03, -0.16101417E-02,  0.14844809E-03
    1413.,  0.91769484E+01,  0.10617780E+03, -0.11976790E+01, -0.17542423E-03, -0.17457026E-02,  0.14843282E-03
    1414.,  0.88742135E+01,  0.10600802E+03, -0.11976790E+01, -0.11571378E-03, -0.18761919E-02,  0.14841962E-03
    1415.,  0.86182289E+01,  0.10583250E+03, -0.11976790E+01, -0.51841319E-04, -0.19967156E-02,  0.14840697E-03
    1416.,  0.84042854E+01,  0.10565908E+03, -0.11976790E+01,  0.12942861E-04, -0.21050087E-02,  0.14839459E-03
    1417.,  0.82265537E+01,  0.10549280E+03, -0.11976790E+01,  0.76250555E-04, -0.22006495E-02,  0.14839173E-03
    1418.,  0.80611286E+01,  0.10531604E+03, -0.11976790E+01,  0.14445717E-03, -0.22948184E-02,  0.14838857E-03
    1419.,  0.78886108E+01,  0.10510346E+03, -0.11976790E+01,  0.22720782E-03, -0.23991652E-02,  0.14840024E-03
    1420.,  0.77139460E+01,  0.10484932E+03, -0.11976790E+01,  0.32634043E-03, -0.25127997E-02,  0.14844989E-03
    1421.,  0.75448220E+01,  0.10454894E+03, -0.11976790E+01,  0.44227118E-03, -0.26336419E-02,  0.14859061E-03
    1422.,  0.73918450E+01,  0.10420038E+03, -0.11976790E+01,  0.57232159E-03, -0.27584729E-02,  0.14907346E-03
    1423.,  0.72678168E+01,  0.10380643E+03, -0.11976790E+01,  0.70862178E-03, -0.28838028E-02,  0.15031143E-03
    1424.,  0.71857075E+01,  0.10337620E+03, -0.11976790E+01,  0.83684803E-03, -0.30077066E-02,  0.15222301E-03
    1425.,  0.71555280E+01,  0.10292529E+03, -0.11976790E+01,  0.93812936E-03, -0.31316345E-02,  0.15409061E-03
    1426.,  0.71812629E+01,  0.10247354E+03, -0.11976790E+01,  0.99562040E-03, -0.32596521E-02,  0.15457684E-03
    1427.,  0.72595040E+01,  0.10204100E+03, -0.11976790E+01,  0.10031605E-02, -0.33940367E-02,  0.15436397E-03
    1428.,  0.73806238E+01,  0.10164370E+03, -0.11976790E+01,  0.97004307E-03, -0.35302850E-02,  0.15588303E-03
    1429.,  0.75317654E+01,  0.10129132E+03, -0.11976790E+01,  0.91681715E-03, -0.36580970E-02,  0.15971885E-03
    1430.,  0.77000203E+01,  0.10098709E+03, -0.11976790E+01,  0.86374563E-03, -0.37675540E-02,  0.16611973E-03
    1431.,  0.78745632E+01,  0.10072937E+03, -0.11976790E+01,  0.82215339E-03, -0.38532316E-02,  0.16988911E-03
    1432.,  0.80474698E+01,  0.10051366E+03, -0.11976790E+01,  0.79404542E-03, -0.39131260E-02,  0.17135571E-03
    1433.,  0.78750147E+01,  0.99999043E+02, -0.11976790E+01,  0.90416082E-03, -0.41765895E-02,  0.42733484E-03
    1434.,  0.80750825E+01,  0.99809983E+02, -0.11976790E+01,  0.89680946E-03, -0.42076497E-02,  0.28899886E-03
    1435.,  0.83164240E+01,  0.99612383E+02, -0.11976790E+01,  0.94093155E-03, -0.41660439E-02,  0.20457888E-03
    1436.,  0.86058599E+01,  0.99411925E+02, -0.11976790E+01,  0.10229357E-02, -0.40389488E-02,  0.17127687E-03
    1437.,  0.89489891E+01,  0.99217552E+02, -0.11976790E+01,  0.11341246E-02, -0.38045899E-02,  0.15435570E-03
    1438.,  0.93482222E+01,  0.99041709E+02, -0.11976790E+01,  0.12538165E-02, -0.34644031E-02,  0.15047618E-03
    1439.,  0.98003546E+01,  0.98899506E+02, -0.11976790E+01,  0.13555224E-02, -0.30701908E-02,  0.15363592E-03
    1440.,  0.10294579E+02,  0.98806262E+02, -0.11976790E+01,  0.14151681E-02, -0.27370006E-02,  0.15571846E-03
    1441.,  0.10812349E+02,  0.98773704E+02, -0.11976790E+01,  0.14173928E-02, -0.25907842E-02,  0.14349450E-03
    1442.,  0.11330119E+02,  0.98806262E+02, -0.11976790E+01,  0.13652491E-02, -0.26544475E-02,  0.14237648E-03
    1443.,  0.11824343E+02,  0.98899506E+02, -0.11976790E+01,  0.12848415E-02, -0.28294458E-02,  0.14428189E-03
    1444.,  0.12276476E+02,  0.99041709E+02, -0.11976790E+01,  0.11969264E-02, -0.29910174E-02,  0.14189133E-03
    1445.,  0.12675709E+02,  0.99217552E+02, -0.11976790E+01,  0.11099544E-02, -0.30686779E-02,  0.12845121E-03
    1446.,  0.13018838E+02,  0.99411925E+02, -0.11976790E+01,  0.10191082E-02, -0.30557558E-02,  0.12501200E-03
    1447.,  0.13308274E+02,  0.99612383E+02, -0.11976790E+01,  0.92275137E-03, -0.29807988E-02,  0.10636023E-03
    1448.,  0.13549615E+02,  0.99809983E+02, -0.11976790E+01,  0.81085406E-03, -0.28656128E-02,  0.12870430E-03
    1449.,  0.13749683E+02,  0.99999043E+02, -0.11976790E+01,  0.69986008E-03, -0.27380635E-02,  0.74937615E-04
    1450.,  0.13937449E+02,  0.10020184E+03, -0.11976790E+01,  0.57673031E-03, -0.25885909E-02,  0.14538080E-03
    1451.,  0.14132883E+02,  0.10044566E+03, -0.11976790E+01,  0.43324115E-03, -0.24130661E-02,  0.14654159E-03
    1452.,  0.14330166E+02,  0.10073695E+03, -0.11976790E+01,  0.27172603E-03, -0.22227980E-02,  0.14754564E-03
    1453.,  0.14520342E+02,  0.10108082E+03, -0.11976790E+01,  0.10004424E-03, -0.20259572E-02,  0.14436022E-03
    1454.,  0.14691175E+02,  0.10147911E+03, -0.11976790E+01, -0.63607610E-04, -0.18421845E-02,  0.14524127E-03
    1455.,  0.14828075E+02,  0.10192817E+03, -0.11976790E+01, -0.20072858E-03, -0.16893403E-02,  0.14709041E-03
    1456.,  0.14916509E+02,  0.10241707E+03, -0.11976790E+01, -0.29975908E-03, -0.15755431E-02,  0.14745830E-03
    1457.,  0.14945597E+02,  0.10292767E+03, -0.11976790E+01, -0.35968891E-03, -0.14956943E-02,  0.14729396E-03
    1458.,  0.14911486E+02,  0.10343733E+03, -0.11976790E+01, -0.38759552E-03, -0.14377300E-02,  0.14759723E-03
    1459.,  0.14818679E+02,  0.10392361E+03, -0.11976790E+01, -0.39410147E-03, -0.13905567E-02,  0.14796584E-03
    1460.,  0.14678492E+02,  0.10436889E+03, -0.11976790E+01, -0.38907382E-03, -0.13480557E-02,  0.14826533E-03
    1461.,  0.14505584E+02,  0.10476285E+03, -0.11976790E+01, -0.37956065E-03, -0.13084812E-02,  0.14840255E-03
    1462.,  0.14314426E+02,  0.10510237E+03, -0.11976790E+01, -0.36966418E-03, -0.12722258E-02,  0.14845761E-03
    1463.,  0.14117005E+02,  0.10538963E+03, -0.11976790E+01, -0.36132314E-03, -0.12400681E-02,  0.14847946E-03
    1464.,  0.13922011E+02,  0.10562990E+03, -0.11976790E+01, -0.35516050E-03, -0.12124592E-02,  0.14849214E-03
    1465.,  0.13735033E+02,  0.10582969E+03, -0.11976790E+01, -0.35112095E-03, -0.11894153E-02,  0.14849940E-03
    1466.,  0.13534146E+02,  0.10601763E+03, -0.11976790E+01, -0.34867380E-03, -0.11681973E-02,  0.14849660E-03
    1467.,  0.13292329E+02,  0.10621364E+03, -0.11976790E+01, -0.34806767E-03, -0.11474198E-02,  0.14849688E-03
    1468.,  0.13002994E+02,  0.10641204E+03, -0.11976790E+01, -0.35021171E-03, -0.11294279E-02,  0.14849699E-03
    1469.,  0.12660817E+02,  0.10660394E+03, -0.11976790E+01, -0.35594802E-03, -0.11180971E-02,  0.14849542E-03
    1470.,  0.12263647E+02,  0.10677713E+03, -0.11976790E+01, -0.36557382E-03, -0.11191591E-02,  0.14849348E-03
    1471.,  0.11814821E+02,  0.10691689E+03, -0.11976790E+01, -0.37810132E-03, -0.11399402E-02,  0.14849120E-03
    1472.,  0.11325022E+02,  0.10700839E+03, -0.11976790E+01, -0.39053876E-03, -0.11879120E-02,  0.14848845E-03
    1473.,  0.10812349E+02,  0.10704030E+03, -0.11976790E+01, -0.39785128E-03, -0.12679588E-02,  0.14848526E-03
    1474.,  0.10299676E+02,  0.10700839E+03, -0.11976790E+01, -0.39421042E-03, -0.13795411E-02,  0.14848201E-03
    1475.,  0.98098764E+01,  0.10691689E+03, -0.11976790E+01, -0.37519130E-03, -0.15158441E-02,  0.14847927E-03
    1476.,  0.93610504E+01,  0.10677713E+03, -0.11976790E+01, -0.33951068E-03, -0.16658895E-02,  0.14847777E-03
    1477.,  0.89638810E+01,  0.10660394E+03, -0.11976790E+01, -0.28916132E-03, -0.18182150E-02,  0.14847834E-03
    1478.,  0.86217043E+01,  0.10641204E+03, -0.11976790E+01, -0.22817509E-03, -0.19637966E-02,  0.14848143E-03
    1479.,  0.83323689E+01,  0.10621364E+03, -0.11976790E+01, -0.16107540E-03, -0.20971138E-02,  0.14849223E-03
    1480.,  0.80905518E+01,  0.10601763E+03, -0.11976790E+01, -0.91816768E-04, -0.22157576E-02,  0.14850906E-03
    1481.,  0.78896645E+01,  0.10582969E+03, -0.11976790E+01, -0.23341163E-04, -0.23194709E-02,  0.14851354E-03
    1482.,  0.77026871E+01,  0.10562990E+03, -0.11976790E+01,  0.51087800E-04, -0.24204552E-02,  0.14855236E-03
    1483.,  0.75076928E+01,  0.10538963E+03, -0.11976790E+01,  0.14213567E-03, -0.25308193E-02,  0.14861162E-03
    1484.,  0.73102719E+01,  0.10510237E+03, -0.11976790E+01,  0.25217467E-03, -0.26488385E-02,  0.14870295E-03
    1485.,  0.71191136E+01,  0.10476285E+03, -0.11976790E+01,  0.38227293E-03, -0.27713847E-02,  0.14892329E-03
    1486.,  0.69462061E+01,  0.10436889E+03, -0.11976790E+01,  0.53043419E-03, -0.28942671E-02,  0.14921698E-03
    1487.,  0.68060189E+01,  0.10392361E+03, -0.11976790E+01,  0.68926201E-03, -0.30135902E-02,  0.14954661E-03
    1488.,  0.67132120E+01,  0.10343733E+03, -0.11976790E+01,  0.84416478E-03, -0.31284371E-02,  0.14958756E-03
    1489.,  0.66791006E+01,  0.10292767E+03, -0.11976790E+01,  0.97473545E-03, -0.32436911E-02,  0.14830620E-03
    1490.,  0.67081884E+01,  0.10241707E+03, -0.11976790E+01,  0.10606608E-02, -0.33692450E-02,  0.14894106E-03
    1491.,  0.67966230E+01,  0.10192817E+03, -0.11976790E+01,  0.10904867E-02, -0.35120980E-02,  0.15142512E-03
    1492.,  0.69335230E+01,  0.10147911E+03, -0.11976790E+01,  0.10695898E-02, -0.36679566E-02,  0.15081471E-03
    1493.,  0.71043560E+01,  0.10108082E+03, -0.11976790E+01,  0.10200161E-02, -0.38191284E-02,  0.15108766E-03
    1494.,  0.72945319E+01,  0.10073695E+03, -0.11976790E+01,  0.96973242E-03, -0.39466098E-02,  0.15963863E-03
    1495.,  0.74918150E+01,  0.10044566E+03, -0.11976790E+01,  0.93578558E-03, -0.40446564E-02,  0.18580625E-03
    1496.,  0.76872487E+01,  0.10020184E+03, -0.11976790E+01,  0.91926704E-03, -0.41192564E-02,  0.24378066E-03
    1497.,  0.75364368E+01,  0.99663851E+02, -0.11976790E+01,  0.10032080E-02, -0.44574212E-02, -0.10473746E-02
    1498.,  0.77595659E+01,  0.99452998E+02, -0.11976790E+01,  0.10365053E-02, -0.45328952E-02, -0.64149245E-03
    1499.,  0.80287260E+01,  0.99232622E+02, -0.11976790E+01,  0.11401337E-02, -0.45116395E-02, -0.25376735E-03
    1500.,  0.83515244E+01,  0.99009058E+02, -0.11976790E+01,  0.12962691E-02, -0.43903416E-02, -0.11046854E-03
    1501.,  0.87342051E+01,  0.98792279E+02, -0.11976790E+01,  0.14753078E-02, -0.41238089E-02,  0.45239973E-05
    1502.,  0.91794566E+01,  0.98596168E+02, -0.11976790E+01,  0.16293016E-02, -0.36948100E-02,  0.73940273E-04
    1503.,  0.96837050E+01,  0.98437574E+02, -0.11976790E+01,  0.17285239E-02, -0.31520812E-02,  0.10023497E-03
    1504.,  0.10234897E+02,  0.98333582E+02, -0.11976790E+01,  0.17499851E-02, -0.26782492E-02,  0.14754917E-03
    1505.,  0.10812349E+02,  0.98297271E+02, -0.11976790E+01,  0.16625982E-02, -0.25099090E-02,  0.24551095E-03
    1506.,  0.11389801E+02,  0.98333582E+02, -0.11976790E+01,  0.14954335E-02, -0.26680068E-02,  0.27059589E-03
    1507.,  0.11940993E+02,  0.98437574E+02, -0.11976790E+01,  0.13177403E-02, -0.29615820E-02,  0.27089788E-03
    1508.,  0.12445241E+02,  0.98596168E+02, -0.11976790E+01,  0.11892803E-02, -0.31948335E-02,  0.30731372E-03
    1509.,  0.12890493E+02,  0.98792279E+02, -0.11976790E+01,  0.10990081E-02, -0.32813471E-02,  0.39513955E-03
    1510.,  0.13273173E+02,  0.99009058E+02, -0.11976790E+01,  0.10241732E-02, -0.32462195E-02,  0.45840268E-03
    1511.,  0.13595972E+02,  0.99232622E+02, -0.11976790E+01,  0.93960965E-03, -0.31226796E-02,  0.51683152E-03
    1512.,  0.13865132E+02,  0.99452998E+02, -0.11976790E+01,  0.85836274E-03, -0.29811901E-02,  0.47279302E-03
    1513.,  0.14088261E+02,  0.99663851E+02, -0.11976790E+01,  0.72581054E-03, -0.27955694E-02,  0.57152092E-03
    1514.,  0.14297670E+02,  0.99890023E+02, -0.11976790E+01,  0.58870655E-03, -0.26004766E-02,  0.30158317E-03
    1515.,  0.14515631E+02,  0.10016195E+03, -0.11976790E+01,  0.43716969E-03, -0.23974724E-02,  0.22925850E-03
    1516.,  0.14735654E+02,  0.10048681E+03, -0.11976790E+01,  0.25959621E-03, -0.21688216E-02,  0.20792069E-03
    1517.,  0.14947751E+02,  0.10087032E+03, -0.11976790E+01,  0.75151749E-04, -0.19392903E-02,  0.20205873E-03
    1518.,  0.15138276E+02,  0.10131452E+03, -0.11976790E+01, -0.92264047E-04, -0.17363573E-02,  0.19747984E-03
    1519.,  0.15290956E+02,  0.10181534E+03, -0.11976790E+01, -0.22316267E-03, -0.15837936E-02,  0.19489774E-03
    1520.,  0.15389584E+02,  0.10236060E+03, -0.11976790E+01, -0.31272968E-03, -0.14842024E-02,  0.18882061E-03
    1521.,  0.15422025E+02,  0.10293005E+03, -0.11976790E+01, -0.36534953E-03, -0.14237854E-02,  0.17239109E-03
    1522.,  0.15383981E+02,  0.10349846E+03, -0.11976790E+01, -0.39050119E-03, -0.13840089E-02,  0.15648191E-03
    1523.,  0.15280477E+02,  0.10404079E+03, -0.11976790E+01, -0.39835323E-03, -0.13511244E-02,  0.14970081E-03
    1524.,  0.15124131E+02,  0.10453740E+03, -0.11976790E+01, -0.39690615E-03, -0.13188243E-02,  0.14787114E-03
    1525.,  0.14931293E+02,  0.10497677E+03, -0.11976790E+01, -0.39160469E-03, -0.12863345E-02,  0.14754449E-03
    1526.,  0.14718100E+02,  0.10535542E+03, -0.11976790E+01, -0.38587067E-03, -0.12549460E-02,  0.14761506E-03
    1527.,  0.14497923E+02,  0.10567579E+03, -0.11976790E+01, -0.38147952E-03, -0.12260734E-02,  0.14777196E-03
    1528.,  0.14280452E+02,  0.10594376E+03, -0.11976790E+01, -0.37904470E-03, -0.12006280E-02,  0.14789260E-03
    1529.,  0.14071923E+02,  0.10616658E+03, -0.11976790E+01, -0.37853025E-03, -0.11789939E-02,  0.14799114E-03
    1530.,  0.13847880E+02,  0.10637618E+03, -0.11976790E+01, -0.37990228E-03, -0.11587869E-02,  0.14810904E-03
    1531.,  0.13578189E+02,  0.10659479E+03, -0.11976790E+01, -0.38400369E-03, -0.11387889E-02,  0.14821377E-03
    1532.,  0.13255503E+02,  0.10681605E+03, -0.11976790E+01, -0.39202667E-03, -0.11214156E-02,  0.14830102E-03
    1533.,  0.12873884E+02,  0.10703007E+03, -0.11976790E+01, -0.40510444E-03, -0.11107827E-02,  0.14837487E-03
    1534.,  0.12430934E+02,  0.10722323E+03, -0.11976790E+01, -0.42374157E-03, -0.11131720E-02,  0.14843310E-03
    1535.,  0.11930373E+02,  0.10737910E+03, -0.11976790E+01, -0.44691555E-03, -0.11368634E-02,  0.14847633E-03
    1536.,  0.11384116E+02,  0.10748114E+03, -0.11976790E+01, -0.47112507E-03, -0.11905640E-02,  0.14851168E-03
    1537.,  0.10812349E+02,  0.10751674E+03, -0.11976790E+01, -0.49022706E-03, -0.12801973E-02,  0.14855605E-03
    1538.,  0.10240582E+02,  0.10748114E+03, -0.11976790E+01, -0.49691058E-03, -0.14054047E-02,  0.14862843E-03
    1539.,  0.96943244E+01,  0.10737910E+03, -0.11976790E+01, -0.48546243E-03, -0.15583790E-02,  0.14873343E-03
    1540.,  0.91937635E+01,  0.10722323E+03, -0.11976790E+01, -0.45401546E-03, -0.17263622E-02,  0.14885378E-03
    1541.,  0.87508135E+01,  0.10703007E+03, -0.11976790E+01, -0.40475433E-03, -0.18960986E-02,  0.14896345E-03
    1542.,  0.83691952E+01,  0.10681605E+03, -0.11976790E+01, -0.34237333E-03, -0.20573275E-02,  0.14904520E-03
    1543.,  0.80465089E+01,  0.10659479E+03, -0.11976790E+01, -0.27218397E-03, -0.22039580E-02,  0.14908788E-03
    1544.,  0.77768183E+01,  0.10637618E+03, -0.11976790E+01, -0.19881412E-03, -0.23335119E-02,  0.14911005E-03
    1545.,  0.75527752E+01,  0.10616658E+03, -0.11976790E+01, -0.12572389E-03, -0.24459417E-02,  0.14913912E-03
    1546.,  0.73442455E+01,  0.10594376E+03, -0.11976790E+01, -0.45825244E-04, -0.25545699E-02,  0.14900647E-03
    1547.,  0.71267748E+01,  0.10567579E+03, -0.11976790E+01,  0.52440719E-04, -0.26722112E-02,  0.14869534E-03
    1548.,  0.69065978E+01,  0.10535542E+03, -0.11976790E+01,  0.17198747E-03, -0.27964727E-02,  0.14801528E-03
    1549.,  0.66934053E+01,  0.10497677E+03, -0.11976790E+01,  0.31474286E-03, -0.29232815E-02,  0.14623362E-03
    1550.,  0.65005672E+01,  0.10453740E+03, -0.11976790E+01,  0.48022270E-03, -0.30471910E-02,  0.14184234E-03
    1551.,  0.63442210E+01,  0.10404079E+03, -0.11976790E+01,  0.66266789E-03, -0.31632792E-02,  0.13065811E-03
    1552.,  0.62407166E+01,  0.10349846E+03, -0.11976790E+01,  0.84798947E-03, -0.32699124E-02,  0.11354787E-03
    1553.,  0.62026732E+01,  0.10293005E+03, -0.11976790E+01,  0.10143158E-02, -0.33728002E-02,  0.10381208E-03
    1554.,  0.62351139E+01,  0.10236060E+03, -0.11976790E+01,  0.11387035E-02, -0.34888988E-02,  0.98343904E-04
    1555.,  0.63337421E+01,  0.10181534E+03, -0.11976790E+01,  0.12000943E-02, -0.36370017E-02,  0.90977624E-04
    1556.,  0.64864221E+01,  0.10131452E+03, -0.11976790E+01,  0.11933028E-02, -0.38156764E-02,  0.82275434E-04
    1557.,  0.66769466E+01,  0.10087032E+03, -0.11976790E+01,  0.11417949E-02, -0.40033220E-02,  0.55705182E-04
    1558.,  0.68890434E+01,  0.10048681E+03, -0.11976790E+01,  0.10825048E-02, -0.41641054E-02, -0.17406677E-04
    1559.,  0.71090668E+01,  0.10016195E+03, -0.11976790E+01,  0.10471916E-02, -0.42713485E-02, -0.16557915E-03
    1560.,  0.73270276E+01,  0.99890023E+02, -0.11976790E+01,  0.10382513E-02, -0.43382858E-02, -0.49548892E-03
    1561.,  0.71978590E+01,  0.99328659E+02, -0.11976790E+01,  0.10553905E-02, -0.51061310E-02,  0.31307584E-02
    1562.,  0.74440493E+01,  0.99096014E+02, -0.11976790E+01,  0.11642452E-02, -0.52487742E-02,  0.22526628E-02
    1563.,  0.77410281E+01,  0.98852860E+02, -0.11976790E+01,  0.14567101E-02, -0.51245614E-02,  0.14034853E-02
    1564.,  0.80971889E+01,  0.98606190E+02, -0.11976790E+01,  0.17453012E-02, -0.48884757E-02,  0.11482247E-02
    1565.,  0.85194211E+01,  0.98367007E+02, -0.11976790E+01,  0.20190486E-02, -0.45637906E-02,  0.71351423E-03
    1566.,  0.90106911E+01,  0.98150627E+02, -0.11976790E+01,  0.22295797E-02, -0.40621037E-02,  0.40736902E-03
    1567.,  0.95670554E+01,  0.97975642E+02, -0.11976790E+01,  0.23188650E-02, -0.33207644E-02,  0.29760080E-03
    1568.,  0.10175215E+02,  0.97860901E+02, -0.11976790E+01,  0.22439818E-02, -0.26087636E-02,  0.11317751E-03
    1569.,  0.10812349E+02,  0.97820837E+02, -0.11976790E+01,  0.19481987E-02, -0.24432709E-02, -0.23316929E-03
    1570.,  0.11449483E+02,  0.97860901E+02, -0.11976790E+01,  0.14965777E-02, -0.27703095E-02, -0.32172098E-03
    1571.,  0.12057642E+02,  0.97975642E+02, -0.11976790E+01,  0.11537350E-02, -0.32159254E-02, -0.33058325E-03
    1572.,  0.12614007E+02,  0.98150627E+02, -0.11976790E+01,  0.99833320E-03, -0.35181179E-02, -0.49835041E-03
    1573.,  0.13105277E+02,  0.98367007E+02, -0.11976790E+01,  0.96347046E-03, -0.36236136E-02, -0.78227662E-03
    1574.,  0.13527509E+02,  0.98606190E+02, -0.11976790E+01,  0.95928951E-03, -0.35763319E-02, -0.99600985E-03
    1575.,  0.13883670E+02,  0.98852860E+02, -0.11976790E+01,  0.92665113E-03, -0.34073271E-02, -0.10932611E-02
    1576.,  0.14180649E+02,  0.99096014E+02, -0.11976790E+01,  0.88036912E-03, -0.31783754E-02, -0.10424537E-02
    1577.,  0.14426839E+02,  0.99328659E+02, -0.11976790E+01,  0.80600032E-03, -0.29248502E-02, -0.12169355E-02
    1578.,  0.14657891E+02,  0.99578206E+02, -0.11976790E+01,  0.61204955E-03, -0.26166163E-02, -0.47761569E-03
    1579.,  0.14898379E+02,  0.99878234E+02, -0.11976790E+01,  0.45134950E-03, -0.23566777E-02, -0.15572301E-03
    1580.,  0.15141143E+02,  0.10023668E+03, -0.11976790E+01,  0.25455151E-03, -0.20811096E-02, -0.63785197E-04
    1581.,  0.15375161E+02,  0.10065982E+03, -0.11976790E+01,  0.47120943E-04, -0.18135383E-02, -0.20320787E-04
    1582.,  0.15585377E+02,  0.10114993E+03, -0.11976790E+01, -0.12373166E-03, -0.16042472E-02, -0.10538793E-04
    1583.,  0.15753837E+02,  0.10170252E+03, -0.11976790E+01, -0.24464209E-03, -0.14712606E-02, -0.20583912E-04
    1584.,  0.15862658E+02,  0.10230412E+03, -0.11976790E+01, -0.32176096E-03, -0.14014563E-02, -0.28095652E-05
    1585.,  0.15898452E+02,  0.10293243E+03, -0.11976790E+01, -0.36508344E-03, -0.13682877E-02,  0.67840515E-04
    1586.,  0.15856477E+02,  0.10355959E+03, -0.11976790E+01, -0.38747169E-03, -0.13477440E-02,  0.12826640E-03
    1587.,  0.15742275E+02,  0.10415797E+03, -0.11976790E+01, -0.39816191E-03, -0.13259363E-02,  0.14872272E-03
    1588.,  0.15569770E+02,  0.10470590E+03, -0.11976790E+01, -0.40179369E-03, -0.13001590E-02,  0.15269684E-03
    1589.,  0.15357001E+02,  0.10519069E+03, -0.11976790E+01, -0.40183949E-03, -0.12720279E-02,  0.15279167E-03
    1590.,  0.15121774E+02,  0.10560847E+03, -0.11976790E+01, -0.40108466E-03, -0.12437982E-02,  0.15201728E-03
    1591.,  0.14878841E+02,  0.10596196E+03, -0.11976790E+01, -0.40124325E-03, -0.12172463E-02,  0.15121840E-03
    1592.,  0.14638894E+02,  0.10625762E+03, -0.11976790E+01, -0.40297722E-03, -0.11934422E-02,  0.15068713E-03
    1593.,  0.14408812E+02,  0.10650347E+03, -0.11976790E+01, -0.40628584E-03, -0.11728820E-02,  0.15027732E-03
    1594.,  0.14161613E+02,  0.10673473E+03, -0.11976790E+01, -0.41165743E-03, -0.11534841E-02,  0.14983644E-03
    1595.,  0.13864049E+02,  0.10697594E+03, -0.11976790E+01, -0.42061855E-03, -0.11341156E-02,  0.14944015E-03
    1596.,  0.13508012E+02,  0.10722006E+03, -0.11976790E+01, -0.43465573E-03, -0.11172066E-02,  0.14911999E-03
    1597.,  0.13086952E+02,  0.10745621E+03, -0.11976790E+01, -0.45522161E-03, -0.11070268E-02,  0.14885893E-03
    1598.,  0.12598221E+02,  0.10766933E+03, -0.11976790E+01, -0.48317507E-03, -0.11103615E-02,  0.14865798E-03
    1599.,  0.12045926E+02,  0.10784131E+03, -0.11976790E+01, -0.51767195E-03, -0.11365082E-02,  0.14851681E-03
    1600.,  0.11443210E+02,  0.10795389E+03, -0.11976790E+01, -0.55484807E-03, -0.11956557E-02,  0.14840980E-03
    1601.,  0.10812349E+02,  0.10799317E+03, -0.11976790E+01, -0.58733319E-03, -0.12951142E-02,  0.14827065E-03
    1602.,  0.10181488E+02,  0.10795389E+03, -0.11976790E+01, -0.60592138E-03, -0.14349102E-02,  0.14801992E-03
    1603.,  0.95787723E+01,  0.10784131E+03, -0.11976790E+01, -0.60317209E-03, -0.16061313E-02,  0.14763224E-03
    1604.,  0.90264766E+01,  0.10766933E+03, -0.11976790E+01, -0.57647147E-03, -0.17939017E-02,  0.14717064E-03
    1605.,  0.85377461E+01,  0.10745621E+03, -0.11976790E+01, -0.52833366E-03, -0.19828614E-02,  0.14673194E-03
    1606.,  0.81166860E+01,  0.10722006E+03, -0.11976790E+01, -0.46436422E-03, -0.21613718E-02,  0.14638205E-03
    1607.,  0.77606489E+01,  0.10697594E+03, -0.11976790E+01, -0.39083377E-03, -0.23227953E-02,  0.14613569E-03
    1608.,  0.74630848E+01,  0.10673473E+03, -0.11976790E+01, -0.31318555E-03, -0.24646351E-02,  0.14591062E-03
    1609.,  0.72158860E+01,  0.10650347E+03, -0.11976790E+01, -0.23536838E-03, -0.25870838E-02,  0.14567439E-03
    1610.,  0.69858039E+01,  0.10625762E+03, -0.11976790E+01, -0.15003601E-03, -0.27048382E-02,  0.14587339E-03
    1611.,  0.67458568E+01,  0.10596196E+03, -0.11976790E+01, -0.44738481E-04, -0.28316250E-02,  0.14651562E-03
    1612.,  0.65029237E+01,  0.10560847E+03, -0.11976790E+01,  0.83909157E-04, -0.29647038E-02,  0.14822908E-03
    1613.,  0.62676969E+01,  0.10519069E+03, -0.11976790E+01,  0.23860094E-03, -0.30992508E-02,  0.15311270E-03
    1614.,  0.60549283E+01,  0.10470590E+03, -0.11976790E+01,  0.42049582E-03, -0.32282873E-02,  0.16597504E-03
    1615.,  0.58824231E+01,  0.10415797E+03, -0.11976790E+01,  0.62748730E-03, -0.33440600E-02,  0.20484709E-03
    1616.,  0.57682211E+01,  0.10355959E+03, -0.11976790E+01,  0.84663865E-03, -0.34426972E-02,  0.27530510E-03
    1617.,  0.57262458E+01,  0.10293243E+03, -0.11976790E+01,  0.10510382E-02, -0.35249259E-02,  0.32486139E-03
    1618.,  0.57620394E+01,  0.10230412E+03, -0.11976790E+01,  0.12212683E-02, -0.36114778E-02,  0.33526499E-03
    1619.,  0.58708612E+01,  0.10170252E+03, -0.11976790E+01,  0.13284063E-02, -0.37457436E-02,  0.34747215E-03
    1620.,  0.60393212E+01,  0.10114993E+03, -0.11976790E+01,  0.13359002E-02, -0.39478660E-02,  0.37695282E-03
    1621.,  0.62495371E+01,  0.10065982E+03, -0.11976790E+01,  0.12746162E-02, -0.41762612E-02,  0.49114925E-03
    1622.,  0.64835550E+01,  0.10023668E+03, -0.11976790E+01,  0.11913469E-02, -0.43982979E-02,  0.84208827E-03
    1623.,  0.67263186E+01,  0.99878234E+02, -0.11976790E+01,  0.11219190E-02, -0.46120191E-02,  0.12541057E-02
    1624.,  0.69668064E+01,  0.99578206E+02, -0.11976790E+01,  0.11108430E-02, -0.48262447E-02,  0.20299149E-02
    1625.,  0.68592811E+01,  0.98993467E+02, -0.11976790E+01,  0.12928550E-02, -0.73411717E-02, -0.48396151E-02
    1626.,  0.71285326E+01,  0.98739029E+02, -0.11976790E+01,  0.18319050E-02, -0.72212592E-02, -0.33983528E-02
    1627.,  0.74533302E+01,  0.98473099E+02, -0.11976790E+01,  0.23526361E-02, -0.70436320E-02, -0.21191321E-02
    1628.,  0.78428534E+01,  0.98203323E+02, -0.11976790E+01,  0.28643223E-02, -0.63776705E-02, -0.18421498E-02
    1629.,  0.83046371E+01,  0.97941735E+02, -0.11976790E+01,  0.31392021E-02, -0.55938421E-02, -0.97928228E-03
    1630.,  0.88419255E+01,  0.97705086E+02, -0.11976790E+01,  0.32486647E-02, -0.46775125E-02, -0.31604625E-03
    1631.,  0.94504058E+01,  0.97513709E+02, -0.11976790E+01,  0.32565056E-02, -0.36510363E-02, -0.64371917E-04
    1632.,  0.10115533E+02,  0.97388221E+02, -0.11976790E+01,  0.30258939E-02, -0.25427428E-02,  0.31078679E-03
    1633.,  0.10812349E+02,  0.97344404E+02, -0.11976790E+01,  0.23612341E-02, -0.23706811E-02,  0.98570536E-03
    1634.,  0.11509165E+02,  0.97388221E+02, -0.11976790E+01,  0.12388016E-02, -0.32581295E-02,  0.11261180E-02
    1635.,  0.12174292E+02,  0.97513709E+02, -0.11976790E+01,  0.53970537E-03, -0.39450985E-02,  0.11918905E-02
    1636.,  0.12782772E+02,  0.97705086E+02, -0.11976790E+01,  0.33505141E-03, -0.44271631E-02,  0.14491407E-02
    1637.,  0.13320061E+02,  0.97941735E+02, -0.11976790E+01,  0.45066055E-03, -0.47612338E-02,  0.19956149E-02
    1638.,  0.13781845E+02,  0.98203323E+02, -0.11976790E+01,  0.66836328E-03, -0.47334264E-02,  0.24322591E-02
    1639.,  0.14171368E+02,  0.98473099E+02, -0.11976790E+01,  0.80198204E-03, -0.44496535E-02,  0.24684199E-02
    1640.,  0.14496165E+02,  0.98739029E+02, -0.11976790E+01,  0.79933367E-03, -0.38773290E-02,  0.23595452E-02
    1641.,  0.14765417E+02,  0.98993467E+02, -0.11976790E+01,  0.85309089E-03, -0.35497961E-02,  0.26676524E-02
    1642.,  0.15018113E+02,  0.99266390E+02, -0.11976790E+01,  0.66435619E-03, -0.26894816E-02,  0.13229389E-02
    1643.,  0.15281127E+02,  0.99594522E+02, -0.11976790E+01,  0.53057718E-03, -0.22708537E-02,  0.71189651E-03
    1644.,  0.15546631E+02,  0.99986544E+02, -0.11976790E+01,  0.27560793E-03, -0.19120232E-02,  0.51532109E-03
    1645.,  0.15802570E+02,  0.10044932E+03, -0.11976790E+01,  0.31544599E-04, -0.16308129E-02,  0.33910495E-03
    1646.,  0.16032478E+02,  0.10098534E+03, -0.11976790E+01, -0.15063634E-03, -0.14453506E-02,  0.35321723E-03
    1647.,  0.16216718E+02,  0.10158969E+03, -0.11976790E+01, -0.25641897E-03, -0.13575745E-02,  0.44169902E-03
    1648.,  0.16335733E+02,  0.10224765E+03, -0.11976790E+01, -0.32275162E-03, -0.13384199E-02,  0.41850994E-03
    1649.,  0.16374879E+02,  0.10293482E+03, -0.11976790E+01, -0.35755958E-03, -0.13413985E-02,  0.25616237E-03
    1650.,  0.16328972E+02,  0.10362072E+03, -0.11976790E+01, -0.38003283E-03, -0.13357050E-02,  0.15698561E-03
    1651.,  0.16204073E+02,  0.10427515E+03, -0.11976790E+01, -0.39570529E-03, -0.13184320E-02,  0.13890353E-03
    1652.,  0.16015409E+02,  0.10487441E+03, -0.11976790E+01, -0.40539718E-03, -0.12944940E-02,  0.13670350E-03
    1653.,  0.15782709E+02,  0.10540461E+03, -0.11976790E+01, -0.41106615E-03, -0.12678802E-02,  0.13983484E-03
    1654.,  0.15525448E+02,  0.10586153E+03, -0.11976790E+01, -0.41535359E-03, -0.12411357E-02,  0.14204817E-03
    1655.,  0.15259759E+02,  0.10624812E+03, -0.11976790E+01, -0.42004611E-03, -0.12159044E-02,  0.14383736E-03
    1656.,  0.14997336E+02,  0.10657148E+03, -0.11976790E+01, -0.42596050E-03, -0.11932115E-02,  0.14489810E-03
    1657.,  0.14745701E+02,  0.10684036E+03, -0.11976790E+01, -0.43297666E-03, -0.11734081E-02,  0.14563583E-03
    1658.,  0.14475347E+02,  0.10709329E+03, -0.11976790E+01, -0.44225445E-03, -0.11543610E-02,  0.14639889E-03
    1659.,  0.14149909E+02,  0.10735708E+03, -0.11976790E+01, -0.45603133E-03, -0.11352924E-02,  0.14706909E-03
    1660.,  0.13760521E+02,  0.10762408E+03, -0.11976790E+01, -0.47601263E-03, -0.11184681E-02,  0.14758319E-03
    1661.,  0.13300019E+02,  0.10788234E+03, -0.11976790E+01, -0.50412134E-03, -0.11082406E-02,  0.14798819E-03
    1662.,  0.12765508E+02,  0.10811543E+03, -0.11976790E+01, -0.54183626E-03, -0.11118507E-02,  0.14828891E-03
    1663.,  0.12161478E+02,  0.10830352E+03, -0.11976790E+01, -0.58888701E-03, -0.11397169E-02,  0.14847862E-03
    1664.,  0.11502305E+02,  0.10842665E+03, -0.11976790E+01, -0.64135048E-03, -0.12038467E-02,  0.14859704E-03
    1665.,  0.10812349E+02,  0.10846960E+03, -0.11976790E+01, -0.69042168E-03, -0.13134135E-02,  0.14876292E-03
    1666.,  0.10122393E+02,  0.10842665E+03, -0.11976790E+01, -0.72414393E-03, -0.14691095E-02,  0.14913255E-03
    1667.,  0.94632203E+01,  0.10830352E+03, -0.11976790E+01, -0.73241250E-03, -0.16607395E-02,  0.14977011E-03
    1668.,  0.88591897E+01,  0.10811543E+03, -0.11976790E+01, -0.71152009E-03, -0.18708218E-02,  0.15057091E-03
    1669.,  0.83246786E+01,  0.10788234E+03, -0.11976790E+01, -0.66456846E-03, -0.20814474E-02,  0.15136327E-03
    1670.,  0.78641768E+01,  0.10762408E+03, -0.11976790E+01, -0.59851868E-03, -0.22794014E-02,  0.15204067E-03
    1671.,  0.74747889E+01,  0.10735708E+03, -0.11976790E+01, -0.52096560E-03, -0.24574889E-02,  0.15261893E-03
    1672.,  0.71493512E+01,  0.10709329E+03, -0.11976790E+01, -0.43825707E-03, -0.26133773E-02,  0.15323857E-03
    1673.,  0.68789968E+01,  0.10684036E+03, -0.11976790E+01, -0.35519552E-03, -0.27474950E-02,  0.15401082E-03
    1674.,  0.66273623E+01,  0.10657148E+03, -0.11976790E+01, -0.26376461E-03, -0.28757816E-02,  0.15426132E-03
    1675.,  0.63649388E+01,  0.10624812E+03, -0.11976790E+01, -0.15076700E-03, -0.30137631E-02,  0.15423674E-03
    1676.,  0.60992496E+01,  0.10586153E+03, -0.11976790E+01, -0.12532201E-04, -0.31584927E-02,  0.15337818E-03
    1677.,  0.58419885E+01,  0.10540461E+03, -0.11976790E+01,  0.15420338E-03, -0.33047911E-02,  0.14949563E-03
    1678.,  0.56092894E+01,  0.10487441E+03, -0.11976790E+01,  0.35184462E-03, -0.34449112E-02,  0.13449218E-03
    1679.,  0.54206252E+01,  0.10427515E+03, -0.11976790E+01,  0.58172543E-03, -0.35679438E-02,  0.85262372E-04
    1680.,  0.52957257E+01,  0.10362072E+03, -0.11976790E+01,  0.83834076E-03, -0.36598032E-02, -0.53332769E-04
    1681.,  0.52498185E+01,  0.10293482E+03, -0.11976790E+01,  0.10771035E-02, -0.37079515E-02, -0.19684098E-03
    1682.,  0.52889649E+01,  0.10224765E+03, -0.11976790E+01,  0.12955927E-02, -0.37423735E-02, -0.19205759E-03
    1683.,  0.54079803E+01,  0.10158969E+03, -0.11976790E+01,  0.14716959E-02, -0.38265824E-02, -0.14128300E-03
    1684.,  0.55922204E+01,  0.10098534E+03, -0.11976790E+01,  0.15104341E-02, -0.40272306E-02, -0.21858530E-03
    1685.,  0.58221277E+01,  0.10044932E+03, -0.11976790E+01,  0.14670636E-02, -0.43655328E-02, -0.45416183E-03
    1686.,  0.60780666E+01,  0.99986544E+02, -0.11976790E+01,  0.13766428E-02, -0.49496967E-02, -0.12677624E-02
    1687.,  0.63435704E+01,  0.99594522E+02, -0.11976790E+01,  0.13043857E-02, -0.56937650E-02, -0.19203218E-02
    1688.,  0.66065853E+01,  0.99266390E+02, -0.11976790E+01,  0.14353869E-02, -0.64421120E-02, -0.30789168E-02
    1689.,  0.62681257E+01,  0.98408223E+02, -0.11976790E+01,  0.36574933E-01,  0.13765757E-01, -0.27948763E+00
    1690.,  0.66487520E+01,  0.98196191E+02, -0.11976790E+01,  0.30211772E-01,  0.59682695E-02, -0.23281262E+00
    1691.,  0.70756666E+01,  0.97974583E+02, -0.11976790E+01,  0.25228203E-01,  0.12397543E-02, -0.18666509E+00
    1692.,  0.75565193E+01,  0.97749770E+02, -0.11976790E+01,  0.20396880E-01, -0.27213577E-02, -0.13719329E+00
    1693.,  0.80975891E+01,  0.97531779E+02, -0.11976790E+01,  0.15228142E-01, -0.55609576E-02, -0.89134803E-01
    1694.,  0.87015794E+01,  0.97334572E+02, -0.11976790E+01,  0.10062171E-01, -0.55819177E-02, -0.47049328E-01
    1695.,  0.93648963E+01,  0.97175092E+02, -0.11976790E+01,  0.61797680E-02, -0.36602157E-02, -0.19089081E-01
    1696.,  0.10075419E+02,  0.97070518E+02, -0.11976790E+01,  0.41442279E-02, -0.21627489E-02, -0.27274547E-02
    1697.,  0.10812349E+02,  0.97034004E+02, -0.11976790E+01,  0.29933207E-02, -0.20185996E-02,  0.12025089E-01
    1698.,  0.11549279E+02,  0.97070518E+02, -0.11976790E+01,  0.10453305E-03, -0.42081969E-02,  0.25999985E-01
    1699.,  0.12259802E+02,  0.97175092E+02, -0.11976790E+01, -0.35435228E-02, -0.47443692E-02,  0.40824728E-01
    1700.,  0.12923118E+02,  0.97334572E+02, -0.11976790E+01, -0.58591684E-02, -0.36548197E-02,  0.66145382E-01
    1701.,  0.13527109E+02,  0.97531779E+02, -0.11976790E+01, -0.76137039E-02, -0.14789876E-02,  0.10174112E+00
    1702.,  0.14068179E+02,  0.97749770E+02, -0.11976790E+01, -0.99506918E-02,  0.19468381E-02,  0.13911431E+00
    1703.,  0.14549031E+02,  0.97974583E+02, -0.11976790E+01, -0.12737151E-01,  0.63735041E-02,  0.17206190E+00
    1704.,  0.14975946E+02,  0.98196191E+02, -0.11976790E+01, -0.15616010E-01,  0.10864002E-01,  0.19916288E+00
    1705.,  0.15356572E+02,  0.98408223E+02, -0.11976790E+01, -0.18716388E-01,  0.16034042E-01,  0.22220344E+00
    1706.,  0.15567152E+02,  0.98791128E+02, -0.11976790E+01, -0.95640198E-02,  0.58175209E-02,  0.14826267E+00
    1707.,  0.15786331E+02,  0.99220040E+02, -0.11976790E+01, -0.42620949E-02,  0.10324097E-02,  0.89270112E-01
    1708.,  0.16007584E+02,  0.99702193E+02, -0.11976790E+01, -0.14233367E-02, -0.81950319E-03,  0.45635524E-01
    1709.,  0.16220867E+02,  0.10024331E+03, -0.11976790E+01, -0.52846771E-03, -0.11401761E-02,  0.20682117E-01
    1710.,  0.16412456E+02,  0.10084546E+03, -0.11976790E+01, -0.39604604E-03, -0.11648070E-02,  0.97314372E-02
    1711.,  0.16565989E+02,  0.10150455E+03, -0.11976790E+01, -0.32940663E-03, -0.12488208E-02,  0.52764954E-02
    1712.,  0.16665169E+02,  0.10220832E+03, -0.11976790E+01, -0.31738681E-03, -0.13156455E-02,  0.28207961E-02
    1713.,  0.16697791E+02,  0.10293643E+03, -0.11976790E+01, -0.35053753E-03, -0.13428136E-02,  0.12439843E-02
    1714.,  0.16659535E+02,  0.10366348E+03, -0.11976790E+01, -0.37373805E-03, -0.13391641E-02,  0.43934857E-03
    1715.,  0.16555452E+02,  0.10436432E+03, -0.11976790E+01, -0.39408556E-03, -0.13198518E-02,  0.16385295E-03
    1716.,  0.16398232E+02,  0.10501917E+03, -0.11976790E+01, -0.40908603E-03, -0.12942742E-02,  0.84055318E-04
    1717.,  0.16204316E+02,  0.10561647E+03, -0.11976790E+01, -0.42060750E-03, -0.12673102E-02,  0.64161602E-04
    1718.,  0.15989932E+02,  0.10615270E+03, -0.11976790E+01, -0.43165754E-03, -0.12412804E-02,  0.61302091E-04
    1719.,  0.15768524E+02,  0.10663033E+03, -0.11976790E+01, -0.44424480E-03, -0.12174021E-02,  0.62216091E-04
    1720.,  0.15549838E+02,  0.10705527E+03, -0.11976790E+01, -0.45903212E-03, -0.11964545E-02,  0.63546732E-04
    1721.,  0.15340142E+02,  0.10743480E+03, -0.11976790E+01, -0.47652663E-03, -0.11788897E-02,  0.63822934E-04
    1722.,  0.14958597E+02,  0.10764557E+03, -0.11976790E+01, -0.48561475E-03, -0.11604865E-02,  0.93586935E-04
    1723.,  0.14531149E+02,  0.10786540E+03, -0.11976790E+01, -0.49924335E-03, -0.11413209E-02,  0.11525511E-03
    1724.,  0.14050409E+02,  0.10808790E+03, -0.11976790E+01, -0.51944603E-03, -0.11237850E-02,  0.13012023E-03
    1725.,  0.13510408E+02,  0.10830312E+03, -0.11976790E+01, -0.54862398E-03, -0.11125033E-02,  0.13959898E-03
    1726.,  0.12908732E+02,  0.10849736E+03, -0.11976790E+01, -0.58893103E-03, -0.11153084E-02,  0.14510588E-03
    1727.,  0.12249123E+02,  0.10865410E+03, -0.11976790E+01, -0.64090541E-03, -0.11435525E-02,  0.14799319E-03
    1728.,  0.11543562E+02,  0.10875671E+03, -0.11976790E+01, -0.70137518E-03, -0.12104670E-02,  0.14964300E-03
    1729.,  0.10812349E+02,  0.10879250E+03, -0.11976790E+01, -0.76194614E-03, -0.13266456E-02,  0.15156558E-03
    1730.,  0.10081136E+02,  0.10875671E+03, -0.11976790E+01, -0.81051193E-03, -0.14942674E-02,  0.15538672E-03
    1731.,  0.93755751E+01,  0.10865410E+03, -0.11976790E+01, -0.83627366E-03, -0.17044337E-02,  0.16255527E-03
    1732.,  0.87159662E+01,  0.10849736E+03, -0.11976790E+01, -0.83454709E-03, -0.19404007E-02,  0.17380788E-03
    1733.,  0.81142903E+01,  0.10830312E+03, -0.11976790E+01, -0.80748547E-03, -0.21842173E-02,  0.18887310E-03
    1734.,  0.75742889E+01,  0.10808790E+03, -0.11976790E+01, -0.76130755E-03, -0.24219773E-02,  0.20658846E-03
    1735.,  0.70935489E+01,  0.10786540E+03, -0.11976790E+01, -0.70308442E-03, -0.26455463E-02,  0.22489575E-03
    1736.,  0.66661008E+01,  0.10764557E+03, -0.11976790E+01, -0.63887276E-03, -0.28516426E-02,  0.24045995E-03
    1737.,  0.62845555E+01,  0.10743480E+03, -0.11976790E+01, -0.57286711E-03, -0.30405629E-02,  0.24792030E-03
    1738.,  0.60748601E+01,  0.10705527E+03, -0.11976790E+01, -0.44312647E-03, -0.31490976E-02,  0.21401253E-03
    1739.,  0.58561738E+01,  0.10663033E+03, -0.11976790E+01, -0.29489842E-03, -0.32668696E-02,  0.17277730E-03
    1740.,  0.56347661E+01,  0.10615270E+03, -0.11976790E+01, -0.12519130E-03, -0.33917928E-02,  0.11209678E-03
    1741.,  0.54203819E+01,  0.10561647E+03, -0.11976790E+01,  0.68897331E-04, -0.35201416E-02,  0.34123008E-05
    1742.,  0.52264660E+01,  0.10501917E+03, -0.11976790E+01,  0.29052023E-03, -0.36457812E-02, -0.22051829E-03
    1743.,  0.50692458E+01,  0.10436432E+03, -0.11976790E+01,  0.54313581E-03, -0.37592013E-02, -0.73959530E-03
    1744.,  0.49651629E+01,  0.10366348E+03, -0.11976790E+01,  0.82921401E-03, -0.38434991E-02, -0.18081223E-02
    1745.,  0.49269069E+01,  0.10293643E+03, -0.11976790E+01,  0.11097755E-02, -0.38898965E-02, -0.37266802E-02
    1746.,  0.49595289E+01,  0.10220832E+03, -0.11976790E+01,  0.14745256E-02, -0.38986921E-02, -0.71460907E-02
    1747.,  0.50587084E+01,  0.10150455E+03, -0.11976790E+01,  0.20595791E-02, -0.38913786E-02, -0.13697827E-01
    1748.,  0.52122418E+01,  0.10084546E+03, -0.11976790E+01,  0.30884436E-02, -0.40227496E-02, -0.27778303E-01
    1749.,  0.54038312E+01,  0.10024331E+03, -0.11976790E+01,  0.53339147E-02, -0.41560573E-02, -0.55770554E-01
    1750.,  0.56171136E+01,  0.99702193E+02, -0.11976790E+01,  0.93112324E-02, -0.34846196E-02, -0.98376513E-01
    1751.,  0.58383669E+01,  0.99220040E+02, -0.11976790E+01,  0.14959622E-01, -0.12420089E-02, -0.15118908E+00
    1752.,  0.60575459E+01,  0.98791128E+02, -0.11976790E+01,  0.22931635E-01,  0.36528075E-02, -0.21070334E+00
    1753.,  0.56769704E+01,  0.97822979E+02, -0.11976790E+01,  0.13031362E+00,  0.11192308E+00, -0.73468153E+00
    1754.,  0.61689714E+01,  0.97653354E+02, -0.11976790E+01,  0.11344096E+00,  0.94187978E-01, -0.63497421E+00
    1755.,  0.66980031E+01,  0.97476067E+02, -0.11976790E+01,  0.94179856E-01,  0.73711322E-01, -0.52517697E+00
    1756.,  0.72701852E+01,  0.97296217E+02, -0.11976790E+01,  0.72389827E-01,  0.49288107E-01, -0.40693726E+00
    1757.,  0.78905411E+01,  0.97121824E+02, -0.11976790E+01,  0.49028660E-01,  0.23570762E-01, -0.28445649E+00
    1758.,  0.85612333E+01,  0.96964059E+02, -0.11976790E+01,  0.29223126E-01,  0.51648240E-02, -0.16970575E+00
    1759.,  0.92793868E+01,  0.96836474E+02, -0.11976790E+01,  0.15019717E-01, -0.16426638E-02, -0.78188629E-01
    1760.,  0.10035305E+02,  0.96752815E+02, -0.11976790E+01,  0.70578743E-02, -0.18009179E-02, -0.15904290E-01
    1761.,  0.10812349E+02,  0.96723604E+02, -0.11976790E+01,  0.29508116E-02, -0.17010848E-02,  0.35815934E-01
    1762.,  0.11589393E+02,  0.96752815E+02, -0.11976790E+01, -0.36088050E-02, -0.22402508E-02,  0.83683725E-01
    1763.,  0.12345311E+02,  0.96836474E+02, -0.11976790E+01, -0.12819366E-01,  0.39081170E-02,  0.13430912E+00
    1764.,  0.13063465E+02,  0.96964059E+02, -0.11976790E+01, -0.22606878E-01,  0.17382130E-01,  0.20890831E+00
    1765.,  0.13734157E+02,  0.97121824E+02, -0.11976790E+01, -0.34933993E-01,  0.35729674E-01,  0.30407690E+00
    1766.,  0.14354513E+02,  0.97296217E+02, -0.11976790E+01, -0.48668713E-01,  0.56160384E-01,  0.39936944E+00
    1767.,  0.14926695E+02,  0.97476067E+02, -0.11976790E+01, -0.62124941E-01,  0.75803626E-01,  0.48810375E+00
    1768.,  0.15455726E+02,  0.97653354E+02, -0.11976790E+01, -0.74048148E-01,  0.92733061E-01,  0.56685083E+00
    1769.,  0.15947728E+02,  0.97822979E+02, -0.11976790E+01, -0.84226262E-01,  0.10663152E+00,  0.63682551E+00
    1770.,  0.16116191E+02,  0.98315865E+02, -0.11976790E+01, -0.55296125E-01,  0.65927607E-01,  0.46955993E+00
    1771.,  0.16291535E+02,  0.98845558E+02, -0.11976790E+01, -0.29372649E-01,  0.31247399E-01,  0.30741810E+00
    1772.,  0.16468537E+02,  0.99417843E+02, -0.11976790E+01, -0.11828532E-01,  0.99665868E-02,  0.17228585E+00
    1773.,  0.16639163E+02,  0.10003730E+03, -0.11976790E+01, -0.36537929E-02,  0.15518700E-02,  0.81688617E-01
    1774.,  0.16792435E+02,  0.10070558E+03, -0.11976790E+01, -0.11975597E-02, -0.54817753E-03,  0.36032460E-01
    1775.,  0.16915261E+02,  0.10141942E+03, -0.11976790E+01, -0.49821867E-03, -0.11371240E-02,  0.16465283E-01
    1776.,  0.16994605E+02,  0.10216900E+03, -0.11976790E+01, -0.32323903E-03, -0.13212625E-02,  0.74748357E-02
    1777.,  0.17020703E+02,  0.10293805E+03, -0.11976790E+01, -0.34594894E-03, -0.13567683E-02,  0.30402332E-02
    1778.,  0.16990098E+02,  0.10370625E+03, -0.11976790E+01, -0.36902084E-03, -0.13470830E-02,  0.10370933E-02
    1779.,  0.16906831E+02,  0.10445348E+03, -0.11976790E+01, -0.39439167E-03, -0.13210904E-02,  0.28857985E-03
    1780.,  0.16781055E+02,  0.10516392E+03, -0.11976790E+01, -0.41453123E-03, -0.12919695E-02,  0.42929638E-04
    1781.,  0.16625923E+02,  0.10582832E+03, -0.11976790E+01, -0.43142023E-03, -0.12637856E-02, -0.37290946E-04
    1782.,  0.16454415E+02,  0.10644387E+03, -0.11976790E+01, -0.44857745E-03, -0.12378796E-02, -0.63369531E-04
    1783.,  0.16277289E+02,  0.10701254E+03, -0.11976790E+01, -0.46744429E-03, -0.12155317E-02, -0.72049754E-04
    1784.,  0.16102340E+02,  0.10753905E+03, -0.11976790E+01, -0.48874526E-03, -0.11970260E-02, -0.76041390E-04
    1785.,  0.15934584E+02,  0.10802924E+03, -0.11976790E+01, -0.51168340E-03, -0.11826129E-02, -0.78602380E-04
    1786.,  0.15441847E+02,  0.10819786E+03, -0.11976790E+01, -0.52039019E-03, -0.11667414E-02, -0.55759384E-05
    1787.,  0.14912389E+02,  0.10837372E+03, -0.11976790E+01, -0.53397987E-03, -0.11483855E-02,  0.52834111E-04
    1788.,  0.14340297E+02,  0.10855172E+03, -0.11976790E+01, -0.55482135E-03, -0.11303519E-02,  0.94954156E-04
    1789.,  0.13720796E+02,  0.10872390E+03, -0.11976790E+01, -0.58579752E-03, -0.11177776E-02,  0.12243289E-03
    1790.,  0.13051955E+02,  0.10887929E+03, -0.11976790E+01, -0.62977041E-03, -0.11192997E-02,  0.13844803E-03
    1791.,  0.12336768E+02,  0.10900468E+03, -0.11976790E+01, -0.68810306E-03, -0.11473999E-02,  0.14682101E-03
    1792.,  0.11584819E+02,  0.10908677E+03, -0.11976790E+01, -0.75832081E-03, -0.12166724E-02,  0.15159099E-03
    1793.,  0.10812349E+02,  0.10911540E+03, -0.11976790E+01, -0.83231581E-03, -0.13391950E-02,  0.15693552E-03
    1794.,  0.10039879E+02,  0.10908677E+03, -0.11976790E+01, -0.89766454E-03, -0.15186395E-02,  0.16722971E-03
    1795.,  0.92879298E+01,  0.10900468E+03, -0.11976790E+01, -0.94266146E-03, -0.17473622E-02,  0.18661629E-03
    1796.,  0.85727428E+01,  0.10887929E+03, -0.11976790E+01, -0.96140371E-03, -0.20092408E-02,  0.21757515E-03
    1797.,  0.79039020E+01,  0.10872390E+03, -0.11976790E+01, -0.95490321E-03, -0.22860429E-02,  0.25934866E-03
    1798.,  0.72844009E+01,  0.10855172E+03, -0.11976790E+01, -0.92853351E-03, -0.25628045E-02,  0.30715710E-03
    1799.,  0.67123089E+01,  0.10837372E+03, -0.11976790E+01, -0.88878758E-03, -0.28299312E-02,  0.35161888E-03
    1800.,  0.61828505E+01,  0.10819786E+03, -0.11976790E+01, -0.84123742E-03, -0.30827765E-02,  0.37712926E-03
    1801.,  0.56901142E+01,  0.10802924E+03, -0.11976790E+01, -0.78990919E-03, -0.33195579E-02,  0.35909139E-03
    1802.,  0.55223579E+01,  0.10753905E+03, -0.11976790E+01, -0.61827740E-03, -0.34084144E-02,  0.25711026E-03
    1803.,  0.53474089E+01,  0.10701254E+03, -0.11976790E+01, -0.43327179E-03, -0.35068383E-02,  0.12899562E-03
    1804.,  0.51702827E+01,  0.10644387E+03, -0.11976790E+01, -0.23214677E-03, -0.36138270E-02, -0.56068542E-04
    1805.,  0.49987753E+01,  0.10582832E+03, -0.11976790E+01, -0.11588948E-04, -0.37270297E-02, -0.36898959E-03
    1806.,  0.48436426E+01,  0.10516392E+03, -0.11976790E+01,  0.23248525E-03, -0.38426376E-02, -0.98119540E-03
    1807.,  0.47178665E+01,  0.10445348E+03, -0.11976790E+01,  0.50798425E-03, -0.39533861E-02, -0.22905865E-02
    1808.,  0.46346001E+01,  0.10370625E+03, -0.11976790E+01,  0.82568836E-03, -0.40458899E-02, -0.50153871E-02
    1809.,  0.46039953E+01,  0.10293805E+03, -0.11976790E+01,  0.11650710E-02, -0.41108926E-02, -0.10792579E-01
    1810.,  0.46300929E+01,  0.10216900E+03, -0.11976790E+01,  0.18764665E-02, -0.40520977E-02, -0.22929899E-01
    1811.,  0.47094365E+01,  0.10141942E+03, -0.11976790E+01,  0.38032183E-02, -0.35158220E-02, -0.47720241E-01
    1812.,  0.48322632E+01,  0.10070558E+03, -0.11976790E+01,  0.88679368E-02, -0.12386437E-02, -0.98260824E-01
    1813.,  0.49855348E+01,  0.10003730E+03, -0.11976790E+01,  0.20742630E-01,  0.63852844E-02, -0.18641225E+00
    1814.,  0.51561607E+01,  0.99417843E+02, -0.11976790E+01,  0.40944574E-01,  0.22814800E-01, -0.30682100E+00
    1815.,  0.53331633E+01,  0.98845558E+02, -0.11976790E+01,  0.67308892E-01,  0.47222155E-01, -0.44462883E+00
    1816.,  0.55085065E+01,  0.98315865E+02, -0.11976790E+01,  0.98187846E-01,  0.77920162E-01, -0.59014452E+00
    1817.,  0.50858150E+01,  0.97237735E+02, -0.11976790E+01,  0.21734525E+00,  0.20361232E+00, -0.11757779E+01
    1818.,  0.56891908E+01,  0.97110516E+02, -0.11976790E+01,  0.19205150E+00,  0.17772104E+00, -0.10259168E+01
    1819.,  0.63203396E+01,  0.96977552E+02, -0.11976790E+01,  0.16468717E+00,  0.14867596E+00, -0.86805817E+00
    1820.,  0.69838512E+01,  0.96842664E+02, -0.11976790E+01,  0.13248616E+00,  0.11265481E+00, -0.69782114E+00
    1821.,  0.76834930E+01,  0.96711869E+02, -0.11976790E+01,  0.96048919E-01,  0.69892699E-01, -0.51859645E+00
    1822.,  0.84208872E+01,  0.96593545E+02, -0.11976790E+01,  0.60374374E-01,  0.31243116E-01, -0.33751436E+00
    1823.,  0.91938774E+01,  0.96497857E+02, -0.11976790E+01,  0.32523598E-01,  0.66742357E-02, -0.17729300E+00
    1824.,  0.99951909E+01,  0.96435112E+02, -0.11976790E+01,  0.13344865E-01, -0.15019202E-02, -0.45945824E-01
    1825.,  0.10812349E+02,  0.96413204E+02, -0.11976790E+01,  0.19844501E-02, -0.13628903E-02,  0.66019466E-01
    1826.,  0.11629507E+02,  0.96435112E+02, -0.11976790E+01, -0.11339950E-01,  0.18957174E-02,  0.16274449E+00
    1827.,  0.12430821E+02,  0.96497857E+02, -0.11976790E+01, -0.28762744E-01,  0.21247198E-01,  0.25811490E+00
    1828.,  0.13203811E+02,  0.96593545E+02, -0.11976790E+01, -0.47475878E-01,  0.50913646E-01,  0.38417526E+00
    1829.,  0.13941205E+02,  0.96711869E+02, -0.11976790E+01, -0.68323742E-01,  0.83346907E-01,  0.52771767E+00
    1830.,  0.14640847E+02,  0.96842664E+02, -0.11976790E+01, -0.91845172E-01,  0.11820489E+00,  0.67451863E+00
    1831.,  0.15304358E+02,  0.96977552E+02, -0.11976790E+01, -0.11585056E+00,  0.15228115E+00,  0.81755634E+00
    1832.,  0.15935507E+02,  0.97110516E+02, -0.11976790E+01, -0.13908660E+00,  0.18466449E+00,  0.95455469E+00
    1833.,  0.16538883E+02,  0.97237735E+02, -0.11976790E+01, -0.15944401E+00,  0.21322598E+00,  0.10806660E+01
    1834.,  0.16665231E+02,  0.97840603E+02, -0.11976790E+01, -0.11504432E+00,  0.14955400E+00,  0.83687776E+00
    1835.,  0.16796738E+02,  0.98471075E+02, -0.11976790E+01, -0.71304005E-01,  0.87616396E-01,  0.59063288E+00
    1836.,  0.16929490E+02,  0.99133493E+02, -0.11976790E+01, -0.34118484E-01,  0.37269459E-01,  0.36082973E+00
    1837.,  0.17057460E+02,  0.99831287E+02, -0.11976790E+01, -0.11757293E-01,  0.99075882E-02,  0.18399749E+00
    1838.,  0.17172413E+02,  0.10056571E+03, -0.11976790E+01, -0.31281875E-02,  0.94365722E-03,  0.80382977E-01
    1839.,  0.17264533E+02,  0.10133428E+03, -0.11976790E+01, -0.79148548E-03, -0.10363883E-02,  0.33221413E-01
    1840.,  0.17324041E+02,  0.10212967E+03, -0.11976790E+01, -0.34933117E-03, -0.13735567E-02,  0.13647850E-01
    1841.,  0.17343614E+02,  0.10293966E+03, -0.11976790E+01, -0.34709664E-03, -0.13822150E-02,  0.53828649E-02
    1842.,  0.17320661E+02,  0.10374902E+03, -0.11976790E+01, -0.36822899E-03, -0.13560781E-02,  0.18701068E-02
    1843.,  0.17258211E+02,  0.10454264E+03, -0.11976790E+01, -0.39730487E-03, -0.13203069E-02,  0.52219700E-03
    1844.,  0.17163879E+02,  0.10530868E+03, -0.11976790E+01, -0.42161886E-03, -0.12872005E-02,  0.44931466E-04
    1845.,  0.17047529E+02,  0.10604018E+03, -0.11976790E+01, -0.44339565E-03, -0.12565354E-02, -0.12525778E-03
    1846.,  0.16918899E+02,  0.10673505E+03, -0.11976790E+01, -0.46495512E-03, -0.12311950E-02, -0.18734878E-03
    1847.,  0.16786054E+02,  0.10739475E+03, -0.11976790E+01, -0.48861356E-03, -0.12106171E-02, -0.21246458E-03
    1848.,  0.16654842E+02,  0.10802284E+03, -0.11976790E+01, -0.51308194E-03, -0.11952422E-02, -0.22523351E-03
    1849.,  0.16529025E+02,  0.10862368E+03, -0.11976790E+01, -0.53610420E-03, -0.11849885E-02, -0.23227768E-03
    1850.,  0.15925098E+02,  0.10875015E+03, -0.11976790E+01, -0.54427962E-03, -0.11733160E-02, -0.12205384E-03
    1851.,  0.15293629E+02,  0.10888204E+03, -0.11976790E+01, -0.55795444E-03, -0.11568436E-02, -0.26265934E-04
    1852.,  0.14630185E+02,  0.10901554E+03, -0.11976790E+01, -0.57988521E-03, -0.11386095E-02,  0.47867701E-04
    1853.,  0.13931184E+02,  0.10914467E+03, -0.11976790E+01, -0.61354194E-03, -0.11245003E-02,  0.98484573E-04
    1854.,  0.13195179E+02,  0.10926122E+03, -0.11976790E+01, -0.66256960E-03, -0.11242262E-02,  0.12879897E-03
    1855.,  0.12424413E+02,  0.10935526E+03, -0.11976790E+01, -0.72916582E-03, -0.11516275E-02,  0.14491090E-03
    1856.,  0.11626077E+02,  0.10941683E+03, -0.11976790E+01, -0.81146596E-03, -0.12228139E-02,  0.15416755E-03
    1857.,  0.10812349E+02,  0.10943830E+03, -0.11976790E+01, -0.90149464E-03, -0.13514233E-02,  0.16432243E-03
    1858.,  0.99986211E+01,  0.10941683E+03, -0.11976790E+01, -0.98632743E-03, -0.15426374E-02,  0.18346292E-03
    1859.,  0.92002846E+01,  0.10935526E+03, -0.11976790E+01, -0.10531211E-02, -0.17900374E-02,  0.21930508E-03
    1860.,  0.84295193E+01,  0.10926122E+03, -0.11976790E+01, -0.10944706E-02, -0.20780209E-02,  0.27629674E-03
    1861.,  0.76935138E+01,  0.10914467E+03, -0.11976790E+01, -0.11100035E-02, -0.23878558E-02,  0.35163028E-03
    1862.,  0.69945129E+01,  0.10901554E+03, -0.11976790E+01, -0.11041460E-02, -0.27031057E-02,  0.43273245E-03
    1863.,  0.63310689E+01,  0.10888204E+03, -0.11976790E+01, -0.10828443E-02, -0.30121747E-02,  0.49660352E-03
    1864.,  0.56996001E+01,  0.10875015E+03, -0.11976790E+01, -0.10513296E-02, -0.33080313E-02,  0.51068694E-03
    1865.,  0.50956728E+01,  0.10862368E+03, -0.11976790E+01, -0.10136018E-02, -0.35868014E-02,  0.44161370E-03
    1866.,  0.49698556E+01,  0.10802284E+03, -0.11976790E+01, -0.79370980E-03, -0.36546095E-02,  0.25167880E-03
    1867.,  0.48386439E+01,  0.10739475E+03, -0.11976790E+01, -0.56840485E-03, -0.37329797E-02,  0.11533379E-04
    1868.,  0.47057993E+01,  0.10673505E+03, -0.11976790E+01, -0.33374143E-03, -0.38223041E-02, -0.33571054E-03
    1869.,  0.45771687E+01,  0.10604018E+03, -0.11976790E+01, -0.86492282E-04, -0.39225304E-02, -0.91551789E-03
    1870.,  0.44608192E+01,  0.10530868E+03, -0.11976790E+01,  0.17985710E-03, -0.40312795E-02, -0.20140905E-02
    1871.,  0.43664871E+01,  0.10454264E+03, -0.11976790E+01,  0.47896791E-03, -0.41462393E-02, -0.42885230E-02
    1872.,  0.43040373E+01,  0.10374902E+03, -0.11976790E+01,  0.83552898E-03, -0.42575824E-02, -0.90745608E-02
    1873.,  0.42810837E+01,  0.10293966E+03, -0.11976790E+01,  0.12644810E-02, -0.43811797E-02, -0.19811661E-01
    1874.,  0.43006569E+01,  0.10212967E+03, -0.11976790E+01,  0.25034014E-02, -0.42379845E-02, -0.44194515E-01
    1875.,  0.43601646E+01,  0.10133428E+03, -0.11976790E+01,  0.68828450E-02, -0.23546528E-02, -0.96420676E-01
    1876.,  0.44522847E+01,  0.10056571E+03, -0.11976790E+01,  0.19187738E-01,  0.55568579E-02, -0.19645819E+00
    1877.,  0.45672383E+01,  0.99831287E+02, -0.11976790E+01,  0.44832126E-01,  0.26565500E-01, -0.35260090E+00
    1878.,  0.46952078E+01,  0.99133493E+02, -0.11976790E+01,  0.82867921E-01,  0.62531097E-01, -0.54824789E+00
    1879.,  0.48279597E+01,  0.98471075E+02, -0.11976790E+01,  0.12754102E+00,  0.10806387E+00, -0.76014886E+00
    1880.,  0.49594671E+01,  0.97840603E+02, -0.11976790E+01,  0.17334752E+00,  0.15666891E+00, -0.97206169E+00
    1881.,  0.44946597E+01,  0.96652492E+02, -0.11976790E+01,  0.30283977E+00,  0.29321817E+00, -0.16127515E+01
    1882.,  0.52094102E+01,  0.96567679E+02, -0.11976790E+01,  0.26592796E+00,  0.25530762E+00, -0.14053941E+01
    1883.,  0.59426760E+01,  0.96479036E+02, -0.11976790E+01,  0.23101039E+00,  0.21982159E+00, -0.12017678E+01
    1884.,  0.66975171E+01,  0.96389110E+02, -0.11976790E+01,  0.19352190E+00,  0.17896666E+00, -0.99314721E+00
    1885.,  0.74764450E+01,  0.96301914E+02, -0.11976790E+01,  0.14692074E+00,  0.12375139E+00, -0.76503245E+00
    1886.,  0.82805411E+01,  0.96223031E+02, -0.11976790E+01,  0.99111911E-01,  0.66825962E-01, -0.52669806E+00
    1887.,  0.91083679E+01,  0.96159239E+02, -0.11976790E+01,  0.55809188E-01,  0.21419252E-01, -0.29811473E+00
    1888.,  0.99550769E+01,  0.96117410E+02, -0.11976790E+01,  0.23659665E-01, -0.72933926E-03, -0.93373300E-01
    1889.,  0.10812349E+02,  0.96102804E+02, -0.11976790E+01, -0.81571107E-03, -0.14074008E-02,  0.97380626E-01
    1890.,  0.11669621E+02,  0.96117410E+02, -0.11976790E+01, -0.23913581E-01,  0.78518056E-02,  0.25758562E+00
    1891.,  0.12516330E+02,  0.96159239E+02, -0.11976790E+01, -0.51567607E-01,  0.47623464E-01,  0.40709541E+00
    1892.,  0.13344157E+02,  0.96223031E+02, -0.11976790E+01, -0.76372833E-01,  0.92744834E-01,  0.57515702E+00
    1893.,  0.14148253E+02,  0.96301914E+02, -0.11976790E+01, -0.10387013E+00,  0.13593421E+00,  0.76145861E+00
    1894.,  0.14927181E+02,  0.96389110E+02, -0.11976790E+01, -0.13861751E+00,  0.18515645E+00,  0.95940339E+00
    1895.,  0.15682022E+02,  0.96479036E+02, -0.11976790E+01, -0.17733323E+00,  0.23944318E+00,  0.11676450E+01
    1896.,  0.16415288E+02,  0.96567679E+02, -0.11976790E+01, -0.21172052E+00,  0.28839170E+00,  0.13624739E+01
    1897.,  0.17130038E+02,  0.96652492E+02, -0.11976790E+01, -0.24066825E+00,  0.32910930E+00,  0.15408684E+01
    1898.,  0.17214270E+02,  0.97365341E+02, -0.11976790E+01, -0.18027434E+00,  0.24204472E+00,  0.12201210E+01
    1899.,  0.17301942E+02,  0.98096593E+02, -0.11976790E+01, -0.12087059E+00,  0.15674123E+00,  0.89841278E+00
    1900.,  0.17390443E+02,  0.98849142E+02, -0.11976790E+01, -0.65717930E-01,  0.79094738E-01,  0.58561724E+00
    1901.,  0.17475756E+02,  0.99625276E+02, -0.11976790E+01, -0.25356683E-01,  0.25728734E-01,  0.31854905E+00
    1902.,  0.17552392E+02,  0.10042583E+03, -0.11976790E+01, -0.64939648E-02,  0.38826184E-02,  0.14154345E+00
    1903.,  0.17613805E+02,  0.10124915E+03, -0.11976790E+01, -0.12433010E-02, -0.10127752E-02,  0.54586422E-01
    1904.,  0.17653477E+02,  0.10209034E+03, -0.11976790E+01, -0.40141262E-03, -0.14642445E-02,  0.20611053E-01
    1905.,  0.17666526E+02,  0.10294127E+03, -0.11976790E+01, -0.35936559E-03, -0.14129323E-02,  0.79454447E-02
    1906.,  0.17651223E+02,  0.10379178E+03, -0.11976790E+01, -0.37179361E-03, -0.13599379E-02,  0.28245388E-02
    1907.,  0.17609590E+02,  0.10463180E+03, -0.11976790E+01, -0.40227088E-03, -0.13180344E-02,  0.81883618E-03
    1908.,  0.17546702E+02,  0.10545343E+03, -0.11976790E+01, -0.43103797E-03, -0.12773032E-02,  0.76679769E-04
    1909.,  0.17469136E+02,  0.10625204E+03, -0.11976790E+01, -0.45502164E-03, -0.12461304E-02, -0.19768741E-03
    1910.,  0.17383382E+02,  0.10702622E+03, -0.11976790E+01, -0.48058037E-03, -0.12209475E-02, -0.30140030E-03
    1911.,  0.17294819E+02,  0.10777696E+03, -0.11976790E+01, -0.50705917E-03, -0.12025044E-02, -0.34714032E-03
    1912.,  0.17207344E+02,  0.10850662E+03, -0.11976790E+01, -0.53184253E-03, -0.11905577E-02, -0.36947766E-03
    1913.,  0.17123466E+02,  0.10921812E+03, -0.11976790E+01, -0.55092020E-03, -0.11845352E-02, -0.38419776E-03
    1914.,  0.16408348E+02,  0.10930243E+03, -0.11976790E+01, -0.55739123E-03, -0.11793368E-02, -0.24189705E-03
    1915.,  0.15674869E+02,  0.10939036E+03, -0.11976790E+01, -0.57035809E-03, -0.11661756E-02, -0.11233890E-03
    1916.,  0.14920073E+02,  0.10947936E+03, -0.11976790E+01, -0.59308515E-03, -0.11484532E-02, -0.61787840E-05
    1917.,  0.14141572E+02,  0.10956545E+03, -0.11976790E+01, -0.62988163E-03, -0.11328424E-02,  0.69901174E-04
    1918.,  0.13338402E+02,  0.10964315E+03, -0.11976790E+01, -0.68535203E-03, -0.11304238E-02,  0.11689213E-03
    1919.,  0.12512059E+02,  0.10970584E+03, -0.11976790E+01, -0.76250304E-03, -0.11566556E-02,  0.14233529E-03
    1920.,  0.11667334E+02,  0.10974689E+03, -0.11976790E+01, -0.85988088E-03, -0.12293573E-02,  0.15706622E-03
    1921.,  0.10812349E+02,  0.10976120E+03, -0.11976790E+01, -0.96938544E-03, -0.13638343E-02,  0.17302953E-03
    1922.,  0.99573637E+01,  0.10974689E+03, -0.11976790E+01, -0.10773361E-02, -0.15668153E-02,  0.20274625E-03
    1923.,  0.91126394E+01,  0.10970584E+03, -0.11976790E+01, -0.11694417E-02, -0.18330762E-02,  0.25816447E-03
    1924.,  0.82862959E+01,  0.10964315E+03, -0.11976790E+01, -0.12363720E-02, -0.21474177E-02,  0.34567888E-03
    1925.,  0.74831255E+01,  0.10956545E+03, -0.11976790E+01, -0.12759255E-02, -0.24903489E-02,  0.45859643E-03
    1926.,  0.67046249E+01,  0.10947936E+03, -0.11976790E+01, -0.12913747E-02, -0.28435497E-02,  0.57242832E-03
    1927.,  0.59498289E+01,  0.10939036E+03, -0.11976790E+01, -0.12882732E-02, -0.31926734E-02,  0.64689401E-03
    1928.,  0.52163497E+01,  0.10930243E+03, -0.11976790E+01, -0.12720462E-02, -0.35279978E-02,  0.63925999E-03
    1929.,  0.45012315E+01,  0.10921812E+03, -0.11976790E+01, -0.12471046E-02, -0.38436878E-02,  0.52735972E-03
    1930.,  0.44173534E+01,  0.10850662E+03, -0.11976790E+01, -0.97294910E-03, -0.38888346E-02,  0.24021066E-03
    1931.,  0.43298789E+01,  0.10777696E+03, -0.11976790E+01, -0.70323577E-03, -0.39455888E-02, -0.11989863E-03
    1932.,  0.42413158E+01,  0.10702622E+03, -0.11976790E+01, -0.43231536E-03, -0.40157375E-02, -0.64397403E-03
    1933.,  0.41555621E+01,  0.10625204E+03, -0.11976790E+01, -0.15550019E-03, -0.41019899E-02, -0.15155073E-02
    1934.,  0.40779958E+01,  0.10545343E+03, -0.11976790E+01,  0.13298788E-03, -0.42073202E-02, -0.31409839E-02
    1935.,  0.40151077E+01,  0.10463180E+03, -0.11976790E+01,  0.45643070E-03, -0.43284548E-02, -0.64304623E-02
    1936.,  0.39734745E+01,  0.10379178E+03, -0.11976790E+01,  0.86124216E-03, -0.44701462E-02, -0.13374902E-01
    1937.,  0.39581721E+01,  0.10294127E+03, -0.11976790E+01,  0.14117183E-02, -0.46917036E-02, -0.29586506E-01
    1938.,  0.39712209E+01,  0.10209034E+03, -0.11976790E+01,  0.33312864E-02, -0.44497130E-02, -0.68853866E-01
    1939.,  0.40108927E+01,  0.10124915E+03, -0.11976790E+01,  0.11076801E-01, -0.50555334E-03, -0.15499888E+00
    1940.,  0.40723061E+01,  0.10042583E+03, -0.11976790E+01,  0.32937040E-01,  0.15882785E-01, -0.31145559E+00
    1941.,  0.41489419E+01,  0.99625276E+02, -0.11976790E+01,  0.74192844E-01,  0.53339951E-01, -0.53705610E+00
    1942.,  0.42342548E+01,  0.98849142E+02, -0.11976790E+01,  0.12941442E+00,  0.10902527E+00, -0.80330188E+00
    1943.,  0.43227561E+01,  0.98096593E+02, -0.11976790E+01,  0.18898143E+00,  0.17196416E+00, -0.10799519E+01
    1944.,  0.44104277E+01,  0.97365341E+02, -0.11976790E+01,  0.24744904E+00,  0.23427923E+00, -0.13512833E+01
    1945.,  0.39035043E+01,  0.96067248E+02, -0.11976790E+01,  0.37973265E+00,  0.37178215E+00, -0.20274643E+01
    1946.,  0.47296296E+01,  0.96024841E+02, -0.11976790E+01,  0.33451865E+00,  0.32597067E+00, -0.17703126E+01
    1947.,  0.55650125E+01,  0.95980520E+02, -0.11976790E+01,  0.28663840E+00,  0.27644311E+00, -0.15049507E+01
    1948.,  0.64111830E+01,  0.95935557E+02, -0.11976790E+01,  0.24465338E+00,  0.23291731E+00, -0.12634137E+01
    1949.,  0.72693970E+01,  0.95891959E+02, -0.11976790E+01,  0.19959661E+00,  0.18110925E+00, -0.10178891E+01
    1950.,  0.81401950E+01,  0.95852518E+02, -0.11976790E+01,  0.13720613E+00,  0.10494586E+00, -0.71926962E+00
    1951.,  0.90228584E+01,  0.95820622E+02, -0.11976790E+01,  0.79674368E-01,  0.36918259E-01, -0.42073511E+00
    1952.,  0.99149629E+01,  0.95799707E+02, -0.11976790E+01,  0.34268066E-01,  0.38969154E-03, -0.14559500E+00
    1953.,  0.10812349E+02,  0.95792404E+02, -0.11976790E+01, -0.42328735E-02, -0.14358992E-02,  0.12100541E+00
    1954.,  0.11709735E+02,  0.95799707E+02, -0.11976790E+01, -0.42332207E-01,  0.13356922E-01,  0.36525010E+00
    1955.,  0.12601839E+02,  0.95820622E+02, -0.11976790E+01, -0.80846203E-01,  0.82687106E-01,  0.57285966E+00
    1956.,  0.13484503E+02,  0.95852518E+02, -0.11976790E+01, -0.10874662E+00,  0.14302339E+00,  0.78119157E+00
    1957.,  0.14355301E+02,  0.95891959E+02, -0.11976790E+01, -0.14165478E+00,  0.19041153E+00,  0.10005294E+01
    1958.,  0.15213515E+02,  0.95935557E+02, -0.11976790E+01, -0.19462044E+00,  0.26394898E+00,  0.12671269E+01
    1959.,  0.16059685E+02,  0.95980520E+02, -0.11976790E+01, -0.24532361E+00,  0.33685433E+00,  0.15340924E+01
    1960.,  0.16895068E+02,  0.96024841E+02, -0.11976790E+01, -0.28592315E+00,  0.39450420E+00,  0.17745381E+01
    1961.,  0.17721194E+02,  0.96067248E+02, -0.11976790E+01, -0.32381617E+00,  0.44886074E+00,  0.20068243E+01
    1962.,  0.17763310E+02,  0.96890079E+02, -0.11976790E+01, -0.24971722E+00,  0.34134388E+00,  0.16149437E+01
    1963.,  0.17807145E+02,  0.97722111E+02, -0.11976790E+01, -0.17470065E+00,  0.23273314E+00,  0.12188226E+01
    1964.,  0.17851396E+02,  0.98564792E+02, -0.11976790E+01, -0.10286061E+00,  0.12959052E+00,  0.82895335E+00
    1965.,  0.17894052E+02,  0.99419265E+02, -0.11976790E+01, -0.43661577E-01,  0.47967090E-01,  0.47475688E+00
    1966.,  0.17932370E+02,  0.10028595E+03, -0.11976790E+01, -0.11157351E-01,  0.77670346E-02,  0.21455694E+00
    1967.,  0.17963077E+02,  0.10116401E+03, -0.11976790E+01, -0.18795719E-02, -0.11140155E-02,  0.78476892E-01
    1968.,  0.17982913E+02,  0.10205102E+03, -0.11976790E+01, -0.48831123E-03, -0.15827579E-02,  0.27548305E-01
    1969.,  0.17989437E+02,  0.10294289E+03, -0.11976790E+01, -0.38433222E-03, -0.14250618E-02,  0.10461969E-01
    1970.,  0.17981786E+02,  0.10383455E+03, -0.11976790E+01, -0.37605969E-03, -0.13657464E-02,  0.37710800E-02
    1971.,  0.17960970E+02,  0.10472097E+03, -0.11976790E+01, -0.41175129E-03, -0.13060133E-02,  0.11139134E-02
    1972.,  0.17929526E+02,  0.10559819E+03, -0.11976790E+01, -0.43994334E-03, -0.12650358E-02,  0.10210979E-03
    1973.,  0.17890742E+02,  0.10646390E+03, -0.11976790E+01, -0.46666252E-03, -0.12316438E-02, -0.26806480E-03
    1974.,  0.17847866E+02,  0.10731739E+03, -0.11976790E+01, -0.49486795E-03, -0.12069877E-02, -0.41453874E-03
    1975.,  0.17803584E+02,  0.10815917E+03, -0.11976790E+01, -0.52287302E-03, -0.11908914E-02, -0.47625940E-03
    1976.,  0.17759847E+02,  0.10899041E+03, -0.11976790E+01, -0.54561403E-03, -0.11826511E-02, -0.51011056E-03
    1977.,  0.17717908E+02,  0.10981256E+03, -0.11976790E+01, -0.55919984E-03, -0.11804131E-02, -0.53367560E-03
    1978.,  0.16891599E+02,  0.10985472E+03, -0.11976790E+01, -0.56226641E-03, -0.11829888E-02, -0.36202832E-03
    1979.,  0.16056109E+02,  0.10989868E+03, -0.11976790E+01, -0.57222087E-03, -0.11750828E-02, -0.20120369E-03
    1980.,  0.15209961E+02,  0.10994318E+03, -0.11976790E+01, -0.59380347E-03, -0.11591013E-02, -0.63988405E-04
    1981.,  0.14351961E+02,  0.10998623E+03, -0.11976790E+01, -0.63302292E-03, -0.11425807E-02,  0.38398332E-04
    1982.,  0.13481625E+02,  0.11002507E+03, -0.11976790E+01, -0.69589947E-03, -0.11380751E-02,  0.10348524E-03
    1983.,  0.12599704E+02,  0.11005642E+03, -0.11976790E+01, -0.78615197E-03, -0.11629240E-02,  0.13923570E-03
    1984.,  0.11708592E+02,  0.11007694E+03, -0.11976790E+01, -0.90235038E-03, -0.12368882E-02,  0.15998829E-03
    1985.,  0.10812349E+02,  0.11008410E+03, -0.11976790E+01, -0.10358145E-02, -0.13770981E-02,  0.18230781E-03
    1986.,  0.99161063E+01,  0.11007694E+03, -0.11976790E+01, -0.11716961E-02, -0.15918901E-02,  0.22374247E-03
    1987.,  0.90249942E+01,  0.11005642E+03, -0.11976790E+01, -0.12937780E-02, -0.18771921E-02,  0.30109159E-03
    1988.,  0.81430724E+01,  0.11002507E+03, -0.11976790E+01, -0.13901073E-02, -0.22180320E-02,  0.42277394E-03
    1989.,  0.72727372E+01,  0.10998623E+03, -0.11976790E+01, -0.14558427E-02, -0.25938518E-02,  0.57667552E-03
    1990.,  0.64147369E+01,  0.10994318E+03, -0.11976790E+01, -0.14925367E-02, -0.29839624E-02,  0.72296185E-03
    1991.,  0.55685889E+01,  0.10989868E+03, -0.11976790E+01, -0.15057779E-02, -0.33708795E-02,  0.80408717E-03
    1992.,  0.47330993E+01,  0.10985472E+03, -0.11976790E+01, -0.15025183E-02, -0.37420209E-02,  0.77546439E-03
    1993.,  0.39067902E+01,  0.10981256E+03, -0.11976790E+01, -0.14892700E-02, -0.40925492E-02,  0.63935624E-03
    1994.,  0.38648512E+01,  0.10899041E+03, -0.11976790E+01, -0.11584077E-02, -0.41140127E-02,  0.26525703E-03
    1995.,  0.38211139E+01,  0.10815917E+03, -0.11976790E+01, -0.84022442E-03, -0.41464870E-02, -0.20571063E-03
    1996.,  0.37768324E+01,  0.10731739E+03, -0.11976790E+01, -0.53075034E-03, -0.41947527E-02, -0.89370696E-03
    1997.,  0.37339555E+01,  0.10646390E+03, -0.11976790E+01, -0.22186474E-03, -0.42638784E-02, -0.20484306E-02
    1998.,  0.36951723E+01,  0.10559819E+03, -0.11976790E+01,  0.93026334E-04, -0.43619366E-02, -0.41910470E-02
    1999.,  0.36637283E+01,  0.10472097E+03, -0.11976790E+01,  0.43725361E-03, -0.44961626E-02, -0.84680186E-02
    2000.,  0.36429117E+01,  0.10383455E+03, -0.11976790E+01,  0.89953489E-03, -0.46673070E-02, -0.17425712E-01
    2001.,  0.36352605E+01,  0.10294289E+03, -0.11976790E+01,  0.16120214E-02, -0.50318028E-02, -0.39047273E-01
    2002.,  0.36417849E+01,  0.10205102E+03, -0.11976790E+01,  0.43403027E-02, -0.49641097E-02, -0.94470579E-01
    2003.,  0.36616208E+01,  0.10116401E+03, -0.11976790E+01,  0.16045897E-01,  0.13632622E-02, -0.21860932E+00
    2004.,  0.36923275E+01,  0.10028595E+03, -0.11976790E+01,  0.49077834E-01,  0.28269643E-01, -0.43664023E+00
    2005.,  0.37306454E+01,  0.99419265E+02, -0.11976790E+01,  0.10721452E+00,  0.84648728E-01, -0.73305039E+00
    2006.,  0.37733019E+01,  0.98564792E+02, -0.11976790E+01,  0.17839534E+00,  0.15906799E+00, -0.10654345E+01
    2007.,  0.38175525E+01,  0.97722111E+02, -0.11976790E+01,  0.25145543E+00,  0.23705974E+00, -0.14023801E+01
    2008.,  0.38613883E+01,  0.96890079E+02, -0.11976790E+01,  0.32221661E+00,  0.31276028E+00, -0.17319052E+01
    2009.,  0.33123489E+01,  0.95482004E+02, -0.11976790E+01,  0.41564190E+00,  0.41433082E+00, -0.23314523E+01
    2010.,  0.42498489E+01,  0.95482004E+02, -0.11976790E+01,  0.36192664E+00,  0.36075864E+00, -0.20215607E+01
    2011.,  0.51873489E+01,  0.95482004E+02, -0.11976790E+01,  0.30817455E+00,  0.30711207E+00, -0.17133337E+01
    2012.,  0.61248489E+01,  0.95482004E+02, -0.11976790E+01,  0.25530142E+00,  0.24677932E+00, -0.14059531E+01
    2013.,  0.70623489E+01,  0.95482004E+02, -0.11976790E+01,  0.19524144E+00,  0.17793262E+00, -0.10952975E+01
    2014.,  0.79998489E+01,  0.95482004E+02, -0.11976790E+01,  0.13775480E+00,  0.10756438E+00, -0.78728824E+00
    2015.,  0.89373489E+01,  0.95482004E+02, -0.11976790E+01,  0.86601756E-01,  0.40071640E-01, -0.47959997E+00
    2016.,  0.98748489E+01,  0.95482004E+02, -0.11976790E+01,  0.42769306E-01, -0.19401669E-10, -0.17532729E+00
    2017.,  0.10812349E+02,  0.95482004E+02, -0.11976790E+01, -0.75931065E-02, -0.10191545E-10,  0.12781154E+00
    2018.,  0.11749849E+02,  0.95482004E+02, -0.11976790E+01, -0.57955519E-01, -0.10064456E-11,  0.43095037E+00
    2019.,  0.12687349E+02,  0.95482004E+02, -0.11976790E+01, -0.99238323E-01,  0.11401458E+00,  0.72707270E+00
    2020.,  0.13624849E+02,  0.95482004E+02, -0.11976790E+01, -0.14780094E+00,  0.20839785E+00,  0.10096417E+01
    2021.,  0.14562349E+02,  0.95482004E+02, -0.11976790E+01, -0.20126283E+00,  0.26601620E+00,  0.12960743E+01
    2022.,  0.15499849E+02,  0.95482004E+02, -0.11976790E+01, -0.25566132E+00,  0.35096904E+00,  0.15850922E+01
    2023.,  0.16437349E+02,  0.95482004E+02, -0.11976790E+01, -0.30691021E+00,  0.42387691E+00,  0.18840098E+01
    2024.,  0.17374849E+02,  0.95482004E+02, -0.11976790E+01, -0.35648920E+00,  0.49618850E+00,  0.21777448E+01
    2025.,  0.18312349E+02,  0.95482004E+02, -0.11976790E+01, -0.40595239E+00,  0.56661468E+00,  0.24701377E+01
    2026.,  0.18312349E+02,  0.96414817E+02, -0.11976790E+01, -0.32179461E+00,  0.44523034E+00,  0.20172427E+01
    2027.,  0.18312349E+02,  0.97347629E+02, -0.11976790E+01, -0.23214136E+00,  0.31454310E+00,  0.15494929E+01
    2028.,  0.18312349E+02,  0.98280441E+02, -0.11976790E+01, -0.14393516E+00,  0.18610379E+00,  0.10846769E+01
    2029.,  0.18312349E+02,  0.99213254E+02, -0.11976790E+01, -0.65777883E-01,  0.74200531E-01,  0.64514625E+00
    2030.,  0.18312349E+02,  0.10014607E+03, -0.11976790E+01, -0.17265039E-01,  0.10810041E-01,  0.29427811E+00
    2031.,  0.18312349E+02,  0.10107888E+03, -0.11976790E+01, -0.28167218E-02, -0.18563065E-02,  0.10132580E+00
    2032.,  0.18312349E+02,  0.10201169E+03, -0.11976790E+01, -0.62648169E-03, -0.16185551E-02,  0.33815219E-01
    2033.,  0.18312349E+02,  0.10294450E+03, -0.11976790E+01, -0.40803069E-03, -0.14526124E-02,  0.12693224E-01
    2034.,  0.18312349E+02,  0.10387732E+03, -0.11976790E+01, -0.38580140E-03, -0.13477513E-02,  0.46143511E-02
    2035.,  0.18312349E+02,  0.10481013E+03, -0.11976790E+01, -0.42087062E-03, -0.12928141E-02,  0.13215691E-02
    2036.,  0.18312349E+02,  0.10574294E+03, -0.11976790E+01, -0.44901183E-03, -0.12483983E-02,  0.93210681E-04
    2037.,  0.18312349E+02,  0.10667575E+03, -0.11976790E+01, -0.47775375E-03, -0.12133218E-02, -0.35970924E-03
    2038.,  0.18312349E+02,  0.10760857E+03, -0.11976790E+01, -0.50793253E-03, -0.11883210E-02, -0.53105583E-03
    2039.,  0.18312349E+02,  0.10854138E+03, -0.11976790E+01, -0.53583254E-03, -0.11761293E-02, -0.60550172E-03
    2040.,  0.18312349E+02,  0.10947419E+03, -0.11976790E+01, -0.55447437E-03, -0.11739907E-02, -0.64833010E-03
    2041.,  0.18312349E+02,  0.11040700E+03, -0.11976790E+01, -0.56513992E-03, -0.11745009E-02, -0.68245877E-03
    2042.,  0.17374849E+02,  0.11040700E+03, -0.11976790E+01, -0.56461172E-03, -0.11823378E-02, -0.48276874E-03
    2043.,  0.16437349E+02,  0.11040700E+03, -0.11976790E+01, -0.56710486E-03, -0.11814379E-02, -0.29217378E-03
    2044.,  0.15499849E+02,  0.11040700E+03, -0.11976790E+01, -0.58269145E-03, -0.11690357E-02, -0.12437953E-03
    2045.,  0.14562349E+02,  0.11040700E+03, -0.11976790E+01, -0.62153974E-03, -0.11529439E-02,  0.49991610E-05
    2046.,  0.13624849E+02,  0.11040700E+03, -0.11976790E+01, -0.69174461E-03, -0.11471030E-02,  0.89201078E-04
    2047.,  0.12687349E+02,  0.11040700E+03, -0.11976790E+01, -0.79767377E-03, -0.11708483E-02,  0.13580927E-03
    2048.,  0.11749849E+02,  0.11040700E+03, -0.11976790E+01, -0.93727257E-03, -0.12461260E-02,  0.16267144E-03
    2049.,  0.10812349E+02,  0.11040700E+03, -0.11976790E+01, -0.11005098E-02, -0.13920911E-02,  0.19140977E-03
    2050.,  0.98748489E+01,  0.11040700E+03, -0.11976790E+01, -0.12706668E-02, -0.16187761E-02,  0.24518972E-03
    2051.,  0.89373489E+01,  0.11040700E+03, -0.11976790E+01, -0.14287909E-02, -0.19231823E-02,  0.34641466E-03
    2052.,  0.79998489E+01,  0.11040700E+03, -0.11976790E+01, -0.15591717E-02, -0.22903110E-02,  0.50601261E-03
    2053.,  0.70623489E+01,  0.11040700E+03, -0.11976790E+01, -0.16529279E-02, -0.26981205E-02,  0.70512332E-03
    2054.,  0.61248489E+01,  0.11040700E+03, -0.11976790E+01, -0.17087759E-02, -0.31231627E-02,  0.88579023E-03
    2055.,  0.51873489E+01,  0.11040700E+03, -0.11976790E+01, -0.17322879E-02, -0.35446740E-02,  0.97302231E-03
    2056.,  0.42498489E+01,  0.11040700E+03, -0.11976790E+01, -0.17358834E-02, -0.39485022E-02,  0.92583637E-03
    2057.,  0.33123489E+01,  0.11040700E+03, -0.11976790E+01, -0.17348962E-02, -0.43382565E-02,  0.78122730E-03
    2058.,  0.33123489E+01,  0.10947419E+03, -0.11976790E+01, -0.13516458E-02, -0.43371465E-02,  0.34084515E-03
    2059.,  0.33123489E+01,  0.10854138E+03, -0.11976790E+01, -0.98216808E-03, -0.43400880E-02, -0.20962406E-03
    2060.,  0.33123489E+01,  0.10760857E+03, -0.11976790E+01, -0.63098516E-03, -0.43605798E-02, -0.10294450E-02
    2061.,  0.33123489E+01,  0.10667575E+03, -0.11976790E+01, -0.28915928E-03, -0.44093318E-02, -0.24177683E-02
    2062.,  0.33123489E+01,  0.10574294E+03, -0.11976790E+01,  0.55580300E-04, -0.44937472E-02, -0.50258662E-02
    2063.,  0.33123489E+01,  0.10481013E+03, -0.11976790E+01,  0.42342583E-03, -0.46309712E-02, -0.10212817E-01
    2064.,  0.33123489E+01,  0.10387732E+03, -0.11976790E+01,  0.93595667E-03, -0.48495836E-02, -0.20932648E-01
    2065.,  0.33123489E+01,  0.10294450E+03, -0.11976790E+01,  0.18804929E-02, -0.53609449E-02, -0.47259046E-01
    2066.,  0.33123489E+01,  0.10201169E+03, -0.11976790E+01,  0.55862488E-02, -0.60197055E-02, -0.11850067E+00
    2067.,  0.33123489E+01,  0.10107888E+03, -0.11976790E+01,  0.21658257E-01,  0.18731839E-02, -0.28317113E+00
    2068.,  0.33123489E+01,  0.10014607E+03, -0.11976790E+01,  0.67258495E-01,  0.41572091E-01, -0.56910260E+00
    2069.,  0.33123489E+01,  0.99213254E+02, -0.11976790E+01,  0.14313495E+00,  0.11951901E+00, -0.93794714E+00
    2070.,  0.33123489E+01,  0.98280441E+02, -0.11976790E+01,  0.22925424E+00,  0.21150448E+00, -0.13326141E+01
    2071.,  0.33123489E+01,  0.97347629E+02, -0.11976790E+01,  0.31558165E+00,  0.30431137E+00, -0.17288759E+01
    2072.,  0.33123489E+01,  0.96414817E+02, -0.11976790E+01,  0.39967613E+00,  0.39368008E+00, -0.21200342E+01
    2073.,  0.33123489E+01,  0.95482004E+02, -0.19237207E+01,  0.64838435E+00,  0.31862994E+00, -0.22863375E+01
    2074.,  0.42498489E+01,  0.95482004E+02, -0.19237207E+01,  0.59435229E+00,  0.26557370E+00, -0.19770721E+01
    2075.,  0.51873489E+01,  0.95482004E+02, -0.19237207E+01,  0.54076537E+00,  0.20927156E+00, -0.16685690E+01
    2076.,  0.61248489E+01,  0.95482004E+02, -0.19237207E+01,  0.48028630E+00,  0.98335321E-01, -0.13529257E+01
    2077.,  0.70623489E+01,  0.95482004E+02, -0.19237207E+01,  0.42862073E+00, -0.26444370E-10, -0.10457409E+01
    2078.,  0.79998489E+01,  0.95482004E+02, -0.19237207E+01,  0.37825831E+00, -0.17263475E-10, -0.74260206E+00
    2079.,  0.89373489E+01,  0.95482004E+02, -0.19237207E+01,  0.32789590E+00, -0.80747760E-11, -0.43946323E+00
    2080.,  0.98748489E+01,  0.95482004E+02, -0.19237207E+01,  0.27753349E+00,  0.11174573E-11, -0.13632440E+00
    2081.,  0.10812349E+02,  0.95482004E+02, -0.19237207E+01,  0.22717108E+00,  0.10289028E-10,  0.16681443E+00
    2082.,  0.11749849E+02,  0.95482004E+02, -0.19237207E+01,  0.17680866E+00,  0.19481964E-10,  0.46995326E+00
    2083.,  0.12687349E+02,  0.95482004E+02, -0.19237207E+01,  0.12644625E+00,  0.28672789E-10,  0.77309209E+00
    2084.,  0.13624849E+02,  0.95482004E+02, -0.19237207E+01,  0.76083840E-01,  0.37857433E-10,  0.10762309E+01
    2085.,  0.14562349E+02,  0.95482004E+02, -0.19237207E+01,  0.25721427E-01,  0.47049631E-10,  0.13793698E+01
    2086.,  0.15499849E+02,  0.95482004E+02, -0.19237207E+01, -0.23318427E-01,  0.86256619E-01,  0.16785930E+01
    2087.,  0.16437349E+02,  0.95482004E+02, -0.19237207E+01, -0.73968602E-01,  0.17666722E+00,  0.19689486E+01
    2088.,  0.17374849E+02,  0.95482004E+02, -0.19237207E+01, -0.12547439E+00,  0.23306179E+00,  0.22678027E+01
    2089.,  0.18312349E+02,  0.95482004E+02, -0.19237207E+01, -0.17656555E+00,  0.28198547E+00,  0.25685706E+01
    2090.,  0.33123489E+01,  0.95482004E+02, -0.26497623E+01,  0.86972987E+00,  0.12818327E+00, -0.22254132E+01
    2091.,  0.42498489E+01,  0.95482004E+02, -0.26497623E+01,  0.81785613E+00,  0.96031162E-01, -0.19210166E+01
    2092.,  0.51873489E+01,  0.95482004E+02, -0.26497623E+01,  0.76548414E+00,  0.55346825E-01, -0.16150714E+01
    2093.,  0.61248489E+01,  0.95482004E+02, -0.26497623E+01,  0.71374732E+00, -0.15136577E-10, -0.13098768E+01
    2094.,  0.70623489E+01,  0.95482004E+02, -0.26497623E+01,  0.66338491E+00, -0.59369427E-11, -0.10067380E+01
    2095.,  0.79998489E+01,  0.95482004E+02, -0.26497623E+01,  0.61302250E+00,  0.32216423E-11, -0.70359917E+00
    2096.,  0.89373489E+01,  0.95482004E+02, -0.26497623E+01,  0.56266009E+00,  0.12426059E-10, -0.40046034E+00
    2097.,  0.98748489E+01,  0.95482004E+02, -0.26497623E+01,  0.51229767E+00,  0.21594705E-10, -0.97321510E-01
    2098.,  0.10812349E+02,  0.95482004E+02, -0.26497623E+01,  0.46193526E+00,  0.30803594E-10,  0.20581732E+00
    2099.,  0.11749849E+02,  0.95482004E+02, -0.26497623E+01,  0.41157285E+00,  0.39976730E-10,  0.50895615E+00
    2100.,  0.12687349E+02,  0.95482004E+02, -0.26497623E+01,  0.36121044E+00,  0.49156792E-10,  0.81209498E+00
    2101.,  0.13624849E+02,  0.95482004E+02, -0.26497623E+01,  0.31084802E+00,  0.58353618E-10,  0.11152338E+01
    2102.,  0.14562349E+02,  0.95482004E+02, -0.26497623E+01,  0.26048561E+00,  0.67520487E-10,  0.14183726E+01
    2103.,  0.15499849E+02,  0.95482004E+02, -0.26497623E+01,  0.21012320E+00,  0.76720550E-10,  0.17215115E+01
    2104.,  0.16437349E+02,  0.95482004E+02, -0.26497623E+01,  0.16009022E+00,  0.41184234E-01,  0.20227243E+01
    2105.,  0.17374849E+02,  0.95482004E+02, -0.26497623E+01,  0.10970597E+00,  0.87921870E-01,  0.23230526E+01
    2106.,  0.18312349E+02,  0.95482004E+02, -0.26497623E+01,  0.58165176E-01,  0.10935513E+00,  0.26278518E+01
    2107.,  0.33123489E+01,  0.95482004E+02, -0.33758040E+01,  0.10995026E+01,  0.16063890E-01, -0.21796728E+01
    2108.,  0.42498489E+01,  0.95482004E+02, -0.33758040E+01,  0.10492363E+01, -0.13022369E-10, -0.18771516E+01
    2109.,  0.51873489E+01,  0.95482004E+02, -0.33758040E+01,  0.99887392E+00, -0.38387367E-11, -0.15740128E+01
    2110.,  0.61248489E+01,  0.95482004E+02, -0.33758040E+01,  0.94851151E+00,  0.53474440E-11, -0.12708739E+01
    2111.,  0.70623489E+01,  0.95482004E+02, -0.33758040E+01,  0.89814909E+00,  0.14546324E-10, -0.96773511E+00
    2112.,  0.79998489E+01,  0.95482004E+02, -0.33758040E+01,  0.84778668E+00,  0.23715936E-10, -0.66459628E+00
    2113.,  0.89373489E+01,  0.95482004E+02, -0.33758040E+01,  0.79742427E+00,  0.32910697E-10, -0.36145745E+00
    2114.,  0.98748489E+01,  0.95482004E+02, -0.33758040E+01,  0.74706186E+00,  0.42091981E-10, -0.58318619E-01
    2115.,  0.10812349E+02,  0.95482004E+02, -0.33758040E+01,  0.69669944E+00,  0.51265671E-10,  0.24482021E+00
    2116.,  0.11749849E+02,  0.95482004E+02, -0.33758040E+01,  0.64633703E+00,  0.60465644E-10,  0.54795904E+00
    2117.,  0.12687349E+02,  0.95482004E+02, -0.33758040E+01,  0.59597462E+00,  0.69655719E-10,  0.85109787E+00
    2118.,  0.13624849E+02,  0.95482004E+02, -0.33758040E+01,  0.54561221E+00,  0.78836547E-10,  0.11542367E+01
    2119.,  0.14562349E+02,  0.95482004E+02, -0.33758040E+01,  0.49524979E+00,  0.88031191E-10,  0.14573755E+01
    2120.,  0.15499849E+02,  0.95482004E+02, -0.33758040E+01,  0.44488738E+00,  0.97208930E-10,  0.17605144E+01
    2121.,  0.16437349E+02,  0.95482004E+02, -0.33758040E+01,  0.39452497E+00,  0.10639476E-09,  0.20636532E+01
    2122.,  0.17374849E+02,  0.95482004E+02, -0.33758040E+01,  0.34445115E+00,  0.19707363E-01,  0.23662462E+01
    2123.,  0.18312349E+02,  0.95482004E+02, -0.33758040E+01,  0.29370983E+00,  0.28634100E-01,  0.26698974E+01
    2124.,  0.33123489E+01,  0.95482004E+02, -0.41018457E+01,  0.13343291E+01, -0.18323415E-02, -0.21411616E+01
    2125.,  0.42498489E+01,  0.95482004E+02, -0.41018457E+01,  0.12840005E+01,  0.74665909E-11, -0.18381487E+01
    2126.,  0.51873489E+01,  0.95482004E+02, -0.41018457E+01,  0.12336381E+01,  0.16652685E-10, -0.15350099E+01
    2127.,  0.61248489E+01,  0.95482004E+02, -0.41018457E+01,  0.11832757E+01,  0.25848337E-10, -0.12318711E+01
    2128.,  0.70623489E+01,  0.95482004E+02, -0.41018457E+01,  0.11329133E+01,  0.35025526E-10, -0.92873222E+00
    2129.,  0.79998489E+01,  0.95482004E+02, -0.41018457E+01,  0.10825509E+01,  0.44214784E-10, -0.62559339E+00
    2130.,  0.89373489E+01,  0.95482004E+02, -0.41018457E+01,  0.10321885E+01,  0.53392794E-10, -0.32245456E+00
    2131.,  0.98748489E+01,  0.95482004E+02, -0.41018457E+01,  0.98182604E+00,  0.62589260E-10, -0.19315728E-01
    2132.,  0.10812349E+02,  0.95482004E+02, -0.41018457E+01,  0.93146363E+00,  0.71770552E-10,  0.28382310E+00
    2133.,  0.11749849E+02,  0.95482004E+02, -0.41018457E+01,  0.88110122E+00,  0.80963694E-10,  0.58696193E+00
    2134.,  0.12687349E+02,  0.95482004E+02, -0.41018457E+01,  0.83073880E+00,  0.90147276E-10,  0.89010076E+00
    2135.,  0.13624849E+02,  0.95482004E+02, -0.41018457E+01,  0.78037639E+00,  0.99341861E-10,  0.11932396E+01
    2136.,  0.14562349E+02,  0.95482004E+02, -0.41018457E+01,  0.73001398E+00,  0.10851689E-09,  0.14963784E+01
    2137.,  0.15499849E+02,  0.95482004E+02, -0.41018457E+01,  0.67965157E+00,  0.11770517E-09,  0.17995173E+01
    2138.,  0.16437349E+02,  0.95482004E+02, -0.41018457E+01,  0.62928915E+00,  0.12689184E-09,  0.21026561E+01
    2139.,  0.17374849E+02,  0.95482004E+02, -0.41018457E+01,  0.57892674E+00,  0.13608242E-09,  0.24057949E+01
    2140.,  0.18312349E+02,  0.95482004E+02, -0.41018457E+01,  0.52865880E+00,  0.32928591E-02,  0.27089369E+01
    2141.,  0.33123489E+01,  0.95482004E+02, -0.48278873E+01,  0.15691271E+01,  0.18766521E-10, -0.21022847E+01
    2142.,  0.42498489E+01,  0.95482004E+02, -0.48278873E+01,  0.15187647E+01,  0.27955647E-10, -0.17991458E+01
    2143.,  0.51873489E+01,  0.95482004E+02, -0.48278873E+01,  0.14684023E+01,  0.37150666E-10, -0.14960070E+01
    2144.,  0.61248489E+01,  0.95482004E+02, -0.48278873E+01,  0.14180399E+01,  0.46339413E-10, -0.11928682E+01
    2145.,  0.70623489E+01,  0.95482004E+02, -0.48278873E+01,  0.13676775E+01,  0.55520850E-10, -0.88972933E+00
    2146.,  0.79998489E+01,  0.95482004E+02, -0.48278873E+01,  0.13173150E+01,  0.64694643E-10, -0.58659050E+00
    2147.,  0.89373489E+01,  0.95482004E+02, -0.48278873E+01,  0.12669526E+01,  0.73901368E-10, -0.28345167E+00
    2148.,  0.98748489E+01,  0.95482004E+02, -0.48278873E+01,  0.12165902E+01,  0.83085244E-10,  0.19687162E-01
    2149.,  0.10812349E+02,  0.95482004E+02, -0.48278873E+01,  0.11662278E+01,  0.92257358E-10,  0.32282599E+00
    2150.,  0.11749849E+02,  0.95482004E+02, -0.48278873E+01,  0.11158654E+01,  0.10144270E-09,  0.62596482E+00
    2151.,  0.12687349E+02,  0.95482004E+02, -0.48278873E+01,  0.10655030E+01,  0.11062520E-09,  0.92910365E+00
    2152.,  0.13624849E+02,  0.95482004E+02, -0.48278873E+01,  0.10151406E+01,  0.11982572E-09,  0.12322425E+01
    2153.,  0.14562349E+02,  0.95482004E+02, -0.48278873E+01,  0.96477816E+00,  0.12900112E-09,  0.15353813E+01
    2154.,  0.15499849E+02,  0.95482004E+02, -0.48278873E+01,  0.91441575E+00,  0.13819097E-09,  0.18385201E+01
    2155.,  0.16437349E+02,  0.95482004E+02, -0.48278873E+01,  0.86405334E+00,  0.14738543E-09,  0.21416590E+01
    2156.,  0.17374849E+02,  0.95482004E+02, -0.48278873E+01,  0.81369092E+00,  0.15656513E-09,  0.24447978E+01
    2157.,  0.18312349E+02,  0.95482004E+02, -0.48278873E+01,  0.76332851E+00,  0.16575358E-09,  0.27479366E+01
    2158.,  0.33123489E+01,  0.95482004E+02, -0.55539290E+01,  0.18038913E+01,  0.39261229E-10, -0.20632818E+01
    2159.,  0.42498489E+01,  0.95482004E+02, -0.55539290E+01,  0.17535289E+01,  0.48456969E-10, -0.17601429E+01
    2160.,  0.51873489E+01,  0.95482004E+02, -0.55539290E+01,  0.17031665E+01,  0.57636719E-10, -0.14570041E+01
    2161.,  0.61248489E+01,  0.95482004E+02, -0.55539290E+01,  0.16528041E+01,  0.66820568E-10, -0.11538653E+01
    2162.,  0.70623489E+01,  0.95482004E+02, -0.55539290E+01,  0.16024416E+01,  0.76015419E-10, -0.85072644E+00
    2163.,  0.79998489E+01,  0.95482004E+02, -0.55539290E+01,  0.15520792E+01,  0.85197148E-10, -0.54758761E+00
    2164.,  0.89373489E+01,  0.95482004E+02, -0.55539290E+01,  0.15017168E+01,  0.94372770E-10, -0.24444878E+00
    2165.,  0.98748489E+01,  0.95482004E+02, -0.55539290E+01,  0.14513544E+01,  0.10356448E-09,  0.58690053E-01
    2166.,  0.10812349E+02,  0.95482004E+02, -0.55539290E+01,  0.14009920E+01,  0.11275187E-09,  0.36182888E+00
    2167.,  0.11749849E+02,  0.95482004E+02, -0.55539290E+01,  0.13506296E+01,  0.12193865E-09,  0.66496771E+00
    2168.,  0.12687349E+02,  0.95482004E+02, -0.55539290E+01,  0.13002672E+01,  0.13113128E-09,  0.96810655E+00
    2169.,  0.13624849E+02,  0.95482004E+02, -0.55539290E+01,  0.12499048E+01,  0.14033095E-09,  0.12712454E+01
    2170.,  0.14562349E+02,  0.95482004E+02, -0.55539290E+01,  0.11995423E+01,  0.14948909E-09,  0.15743842E+01
    2171.,  0.15499849E+02,  0.95482004E+02, -0.55539290E+01,  0.11491799E+01,  0.15867844E-09,  0.18775230E+01
    2172.,  0.16437349E+02,  0.95482004E+02, -0.55539290E+01,  0.10988175E+01,  0.16786089E-09,  0.21806619E+01
    2173.,  0.17374849E+02,  0.95482004E+02, -0.55539290E+01,  0.10484551E+01,  0.17705940E-09,  0.24838007E+01
    2174.,  0.18312349E+02,  0.95482004E+02, -0.55539290E+01,  0.99809269E+00,  0.18625659E-09,  0.27869395E+01
    2175.,  0.33123489E+01,  0.95482004E+02, -0.62799707E+01,  0.20386555E+01,  0.59760284E-10, -0.20242789E+01
    2176.,  0.42498489E+01,  0.95482004E+02, -0.62799707E+01,  0.19882931E+01,  0.68940149E-10, -0.17211400E+01
    2177.,  0.51873489E+01,  0.95482004E+02, -0.62799707E+01,  0.19379307E+01,  0.78135183E-10, -0.14180012E+01
    2178.,  0.61248489E+01,  0.95482004E+02, -0.62799707E+01,  0.18875682E+01,  0.87306445E-10, -0.11148624E+01
    2179.,  0.70623489E+01,  0.95482004E+02, -0.62799707E+01,  0.18372058E+01,  0.96495596E-10, -0.81172355E+00
    2180.,  0.79998489E+01,  0.95482004E+02, -0.62799707E+01,  0.17868434E+01,  0.10569153E-09, -0.50858472E+00
    2181.,  0.89373489E+01,  0.95482004E+02, -0.62799707E+01,  0.17364810E+01,  0.11487179E-09, -0.20544589E+00
    2182.,  0.98748489E+01,  0.95482004E+02, -0.62799707E+01,  0.16861186E+01,  0.12405182E-09,  0.97692943E-01
    2183.,  0.10812349E+02,  0.95482004E+02, -0.62799707E+01,  0.16357562E+01,  0.13324445E-09,  0.40083177E+00
    2184.,  0.11749849E+02,  0.95482004E+02, -0.62799707E+01,  0.15853938E+01,  0.14243802E-09,  0.70397060E+00
    2185.,  0.12687349E+02,  0.95482004E+02, -0.62799707E+01,  0.15350314E+01,  0.15162066E-09,  0.10071094E+01
    2186.,  0.13624849E+02,  0.95482004E+02, -0.62799707E+01,  0.14846689E+01,  0.16080735E-09,  0.13102483E+01
    2187.,  0.14562349E+02,  0.95482004E+02, -0.62799707E+01,  0.14343065E+01,  0.16998795E-09,  0.16133871E+01
    2188.,  0.15499849E+02,  0.95482004E+02, -0.62799707E+01,  0.13839441E+01,  0.17917716E-09,  0.19165259E+01
    2189.,  0.16437349E+02,  0.95482004E+02, -0.62799707E+01,  0.13335817E+01,  0.18835639E-09,  0.22196648E+01
    2190.,  0.17374849E+02,  0.95482004E+02, -0.62799707E+01,  0.12832193E+01,  0.19753734E-09,  0.25228036E+01
    2191.,  0.18312349E+02,  0.95482004E+02, -0.62799707E+01,  0.12328569E+01,  0.20673515E-09,  0.28259424E+01
    2192.,  0.33123489E+01,  0.95482004E+02, -0.70060123E+01,  0.22734197E+01,  0.80249183E-10, -0.19852760E+01
    2193.,  0.42498489E+01,  0.95482004E+02, -0.70060123E+01,  0.22230572E+01,  0.89435362E-10, -0.16821372E+01
    2194.,  0.51873489E+01,  0.95482004E+02, -0.70060123E+01,  0.21726948E+01,  0.98631982E-10, -0.13789983E+01
    2195.,  0.61248489E+01,  0.95482004E+02, -0.70060123E+01,  0.21223324E+01,  0.10782141E-09, -0.10758595E+01
    2196.,  0.70623489E+01,  0.95482004E+02, -0.70060123E+01,  0.20719700E+01,  0.11699956E-09, -0.77272066E+00
    2197.,  0.79998489E+01,  0.95482004E+02, -0.70060123E+01,  0.20216076E+01,  0.12618485E-09, -0.46958183E+00
    2198.,  0.89373489E+01,  0.95482004E+02, -0.70060123E+01,  0.19712452E+01,  0.13536399E-09, -0.16644300E+00
    2199.,  0.98748489E+01,  0.95482004E+02, -0.70060123E+01,  0.19208828E+01,  0.14453404E-09,  0.13669583E+00
    2200.,  0.10812349E+02,  0.95482004E+02, -0.70060123E+01,  0.18705204E+01,  0.15373624E-09,  0.43983466E+00
    2201.,  0.11749849E+02,  0.95482004E+02, -0.70060123E+01,  0.18201579E+01,  0.16291868E-09,  0.74297350E+00
    2202.,  0.12687349E+02,  0.95482004E+02, -0.70060123E+01,  0.17697955E+01,  0.17210939E-09,  0.10461123E+01
    2203.,  0.13624849E+02,  0.95482004E+02, -0.70060123E+01,  0.17194331E+01,  0.18129408E-09,  0.13492512E+01
    2204.,  0.14562349E+02,  0.95482004E+02, -0.70060123E+01,  0.16690707E+01,  0.19049423E-09,  0.16523900E+01
    2205.,  0.15499849E+02,  0.95482004E+02, -0.70060123E+01,  0.16187083E+01,  0.19967208E-09,  0.19555288E+01
    2206.,  0.16437349E+02,  0.95482004E+02, -0.70060123E+01,  0.15683459E+01,  0.20885441E-09,  0.22586676E+01
    2207.,  0.17374849E+02,  0.95482004E+02, -0.70060123E+01,  0.15179835E+01,  0.21803450E-09,  0.25618065E+01
    2208.,  0.18312349E+02,  0.95482004E+02, -0.70060123E+01,  0.14676211E+01,  0.22723434E-09,  0.28649453E+01
    2209.,  0.33123489E+01,  0.95482004E+02, -0.77320540E+01,  0.25081838E+01,  0.10073949E-09, -0.19462731E+01
    2210.,  0.42498489E+01,  0.95482004E+02, -0.77320540E+01,  0.24578214E+01,  0.10992641E-09, -0.16431343E+01
    2211.,  0.51873489E+01,  0.95482004E+02, -0.77320540E+01,  0.24074590E+01,  0.11912824E-09, -0.13399954E+01
    2212.,  0.61248489E+01,  0.95482004E+02, -0.77320540E+01,  0.23570966E+01,  0.12830494E-09, -0.10368566E+01
    2213.,  0.70623489E+01,  0.95482004E+02, -0.77320540E+01,  0.23067342E+01,  0.13749383E-09, -0.73371777E+00
    2214.,  0.79998489E+01,  0.95482004E+02, -0.77320540E+01,  0.22563718E+01,  0.14667335E-09, -0.43057894E+00
    2215.,  0.89373489E+01,  0.95482004E+02, -0.77320540E+01,  0.22060094E+01,  0.15585187E-09, -0.12744011E+00
    2216.,  0.98748489E+01,  0.95482004E+02, -0.77320540E+01,  0.21556470E+01,  0.16504618E-09,  0.17569872E+00
    2217.,  0.10812349E+02,  0.95482004E+02, -0.77320540E+01,  0.21052845E+01,  0.17422908E-09,  0.47883756E+00
    2218.,  0.11749849E+02,  0.95482004E+02, -0.77320540E+01,  0.20549221E+01,  0.18341947E-09,  0.78197639E+00
    2219.,  0.12687349E+02,  0.95482004E+02, -0.77320540E+01,  0.20045597E+01,  0.19260152E-09,  0.10851152E+01
    2220.,  0.13624849E+02,  0.95482004E+02, -0.77320540E+01,  0.19541973E+01,  0.20179713E-09,  0.13882540E+01
    2221.,  0.14562349E+02,  0.95482004E+02, -0.77320540E+01,  0.19038349E+01,  0.21096441E-09,  0.16913929E+01
    2222.,  0.15499849E+02,  0.95482004E+02, -0.77320540E+01,  0.18534725E+01,  0.22016083E-09,  0.19945317E+01
    2223.,  0.16437349E+02,  0.95482004E+02, -0.77320540E+01,  0.18031101E+01,  0.22934934E-09,  0.22976705E+01
    2224.,  0.17374849E+02,  0.95482004E+02, -0.77320540E+01,  0.17527477E+01,  0.23853790E-09,  0.26008094E+01
    2225.,  0.18312349E+02,  0.95482004E+02, -0.77320540E+01,  0.17023852E+01,  0.24772574E-09,  0.29039482E+01
    2226.,  0.33123489E+01,  0.95482004E+02, -0.84580957E+01,  0.27429480E+01,  0.12121520E-09, -0.19072702E+01
    2227.,  0.42498489E+01,  0.95482004E+02, -0.84580957E+01,  0.26925856E+01,  0.13043207E-09, -0.16041314E+01
    2228.,  0.51873489E+01,  0.95482004E+02, -0.84580957E+01,  0.26422232E+01,  0.13960825E-09, -0.13009925E+01
    2229.,  0.61248489E+01,  0.95482004E+02, -0.84580957E+01,  0.25918608E+01,  0.14879595E-09, -0.99785371E+00
    2230.,  0.70623489E+01,  0.95482004E+02, -0.84580957E+01,  0.25414984E+01,  0.15796371E-09, -0.69471488E+00
    2231.,  0.79998489E+01,  0.95482004E+02, -0.84580957E+01,  0.24911360E+01,  0.16716270E-09, -0.39157605E+00
    2232.,  0.89373489E+01,  0.95482004E+02, -0.84580957E+01,  0.24407736E+01,  0.17635410E-09, -0.88437216E-01
    2233.,  0.98748489E+01,  0.95482004E+02, -0.84580957E+01,  0.23904111E+01,  0.18552768E-09,  0.21470161E+00
    2234.,  0.10812349E+02,  0.95482004E+02, -0.84580957E+01,  0.23400487E+01,  0.19471774E-09,  0.51784045E+00
    2235.,  0.11749849E+02,  0.95482004E+02, -0.84580957E+01,  0.22896863E+01,  0.20390175E-09,  0.82097928E+00
    2236.,  0.12687349E+02,  0.95482004E+02, -0.84580957E+01,  0.22393239E+01,  0.21307805E-09,  0.11241181E+01
    2237.,  0.13624849E+02,  0.95482004E+02, -0.84580957E+01,  0.21889615E+01,  0.22227609E-09,  0.14272569E+01
    2238.,  0.14562349E+02,  0.95482004E+02, -0.84580957E+01,  0.21385991E+01,  0.23145837E-09,  0.17303958E+01
    2239.,  0.15499849E+02,  0.95482004E+02, -0.84580957E+01,  0.20882367E+01,  0.24065213E-09,  0.20335346E+01
    2240.,  0.16437349E+02,  0.95482004E+02, -0.84580957E+01,  0.20378743E+01,  0.24983285E-09,  0.23366734E+01
    2241.,  0.17374849E+02,  0.95482004E+02, -0.84580957E+01,  0.19875118E+01,  0.25901899E-09,  0.26398123E+01
    2242.,  0.18312349E+02,  0.95482004E+02, -0.84580957E+01,  0.19371494E+01,  0.26821316E-09,  0.29429511E+01
    2243.,  0.33123489E+01,  0.95482004E+02, -0.91841373E+01,  0.29777122E+01,  0.14172631E-09, -0.18682673E+01
    2244.,  0.42498489E+01,  0.95482004E+02, -0.91841373E+01,  0.29273498E+01,  0.15090743E-09, -0.15651285E+01
    2245.,  0.51873489E+01,  0.95482004E+02, -0.91841373E+01,  0.28769874E+01,  0.16010759E-09, -0.12619896E+01
    2246.,  0.61248489E+01,  0.95482004E+02, -0.91841373E+01,  0.28266250E+01,  0.16927933E-09, -0.95885082E+00
    2247.,  0.70623489E+01,  0.95482004E+02, -0.91841373E+01,  0.27762626E+01,  0.17846671E-09, -0.65571199E+00
    2248.,  0.79998489E+01,  0.95482004E+02, -0.91841373E+01,  0.27259001E+01,  0.18765747E-09, -0.35257316E+00
    2249.,  0.89373489E+01,  0.95482004E+02, -0.91841373E+01,  0.26755377E+01,  0.19684489E-09, -0.49434326E-01
    2250.,  0.98748489E+01,  0.95482004E+02, -0.91841373E+01,  0.26251753E+01,  0.20603779E-09,  0.25370451E+00
    2251.,  0.10812349E+02,  0.95482004E+02, -0.91841373E+01,  0.25748129E+01,  0.21521237E-09,  0.55684334E+00
    2252.,  0.11749849E+02,  0.95482004E+02, -0.91841373E+01,  0.25244505E+01,  0.22440175E-09,  0.85998217E+00
    2253.,  0.12687349E+02,  0.95482004E+02, -0.91841373E+01,  0.24740881E+01,  0.23358327E-09,  0.11631210E+01
    2254.,  0.13624849E+02,  0.95482004E+02, -0.91841373E+01,  0.24237257E+01,  0.24278137E-09,  0.14662598E+01
    2255.,  0.14562349E+02,  0.95482004E+02, -0.91841373E+01,  0.23733633E+01,  0.25195752E-09,  0.17693987E+01
    2256.,  0.15499849E+02,  0.95482004E+02, -0.91841373E+01,  0.23230008E+01,  0.26114415E-09,  0.20725375E+01
    2257.,  0.16437349E+02,  0.95482004E+02, -0.91841373E+01,  0.22726384E+01,  0.27032452E-09,  0.23756763E+01
    2258.,  0.17374849E+02,  0.95482004E+02, -0.91841373E+01,  0.22222760E+01,  0.27951370E-09,  0.26788152E+01
    2259.,  0.18312349E+02,  0.95482004E+02, -0.91841373E+01,  0.21719136E+01,  0.28869904E-09,  0.29819540E+01
    2260.,  0.33123489E+01,  0.95482004E+02, -0.99101790E+01,  0.32124764E+01,  0.16221181E-09, -0.18292644E+01
    2261.,  0.42498489E+01,  0.95482004E+02, -0.99101790E+01,  0.31621140E+01,  0.17140792E-09, -0.15261256E+01
    2262.,  0.51873489E+01,  0.95482004E+02, -0.99101790E+01,  0.31117516E+01,  0.18059953E-09, -0.12229868E+01
    2263.,  0.61248489E+01,  0.95482004E+02, -0.99101790E+01,  0.30613892E+01,  0.18977770E-09, -0.91984793E+00
    2264.,  0.70623489E+01,  0.95482004E+02, -0.99101790E+01,  0.30110267E+01,  0.19896527E-09, -0.61670910E+00
    2265.,  0.79998489E+01,  0.95482004E+02, -0.99101790E+01,  0.29606643E+01,  0.20814860E-09, -0.31357027E+00
    2266.,  0.89373489E+01,  0.95482004E+02, -0.99101790E+01,  0.29103019E+01,  0.21733342E-09, -0.10431435E-01
    2267.,  0.98748489E+01,  0.95482004E+02, -0.99101790E+01,  0.28599395E+01,  0.22651872E-09,  0.29270740E+00
    2268.,  0.10812349E+02,  0.95482004E+02, -0.99101790E+01,  0.28095771E+01,  0.23569821E-09,  0.59584623E+00
    2269.,  0.11749849E+02,  0.95482004E+02, -0.99101790E+01,  0.27592147E+01,  0.24489588E-09,  0.89898506E+00
    2270.,  0.12687349E+02,  0.95482004E+02, -0.99101790E+01,  0.27088523E+01,  0.25408090E-09,  0.12021239E+01
    2271.,  0.13624849E+02,  0.95482004E+02, -0.99101790E+01,  0.26584899E+01,  0.26325729E-09,  0.15052627E+01
    2272.,  0.14562349E+02,  0.95482004E+02, -0.99101790E+01,  0.26081274E+01,  0.27244430E-09,  0.18084016E+01
    2273.,  0.15499849E+02,  0.95482004E+02, -0.99101790E+01,  0.25577650E+01,  0.28163706E-09,  0.21115404E+01
    2274.,  0.16437349E+02,  0.95482004E+02, -0.99101790E+01,  0.25074026E+01,  0.29082633E-09,  0.24146792E+01
    2275.,  0.17374849E+02,  0.95482004E+02, -0.99101790E+01,  0.24570402E+01,  0.30001250E-09,  0.27178180E+01
    2276.,  0.18312349E+02,  0.95482004E+02, -0.99101790E+01,  0.24066778E+01,  0.30920266E-09,  0.30209569E+01
    2277.,  0.33123489E+01,  0.95482004E+02, -0.10636221E+02,  0.34472406E+01,  0.18270590E-09, -0.17902615E+01
    2278.,  0.42498489E+01,  0.95482004E+02, -0.10636221E+02,  0.33968782E+01,  0.19189821E-09, -0.14871227E+01
    2279.,  0.51873489E+01,  0.95482004E+02, -0.10636221E+02,  0.33465158E+01,  0.20108704E-09, -0.11839839E+01
    2280.,  0.61248489E+01,  0.95482004E+02, -0.10636221E+02,  0.32961533E+01,  0.21026827E-09, -0.88084504E+00
    2281.,  0.70623489E+01,  0.95482004E+02, -0.10636221E+02,  0.32457909E+01,  0.21945059E-09, -0.57770621E+00
    2282.,  0.79998489E+01,  0.95482004E+02, -0.10636221E+02,  0.31954285E+01,  0.22862916E-09, -0.27456738E+00
    2283.,  0.89373489E+01,  0.95482004E+02, -0.10636221E+02,  0.31450661E+01,  0.23783382E-09,  0.28571456E-01
    2284.,  0.98748489E+01,  0.95482004E+02, -0.10636221E+02,  0.30947037E+01,  0.24700784E-09,  0.33171029E+00
    2285.,  0.10812349E+02,  0.95482004E+02, -0.10636221E+02,  0.30443413E+01,  0.25619819E-09,  0.63484912E+00
    2286.,  0.11749849E+02,  0.95482004E+02, -0.10636221E+02,  0.29939789E+01,  0.26538362E-09,  0.93798795E+00
    2287.,  0.12687349E+02,  0.95482004E+02, -0.10636221E+02,  0.29436165E+01,  0.27456249E-09,  0.12411268E+01
    2288.,  0.13624849E+02,  0.95482004E+02, -0.10636221E+02,  0.28932540E+01,  0.28375108E-09,  0.15442656E+01
    2289.,  0.14562349E+02,  0.95482004E+02, -0.10636221E+02,  0.28428916E+01,  0.29294164E-09,  0.18474044E+01
    2290.,  0.15499849E+02,  0.95482004E+02, -0.10636221E+02,  0.27925292E+01,  0.30212520E-09,  0.21505433E+01
    2291.,  0.16437349E+02,  0.95482004E+02, -0.10636221E+02,  0.27421668E+01,  0.31131476E-09,  0.24536821E+01
    2292.,  0.17374849E+02,  0.95482004E+02, -0.10636221E+02,  0.26918044E+01,  0.32049485E-09,  0.27568209E+01
    2293.,  0.18312349E+02,  0.95482004E+02, -0.10636221E+02,  0.26414420E+01,  0.32969997E-09,  0.30599598E+01
    2294.,  0.33123489E+01,  0.95482004E+02, -0.11362262E+02,  0.36820048E+01,  0.20319002E-09, -0.17512586E+01
    2295.,  0.42498489E+01,  0.95482004E+02, -0.11362262E+02,  0.36316423E+01,  0.21238000E-09, -0.14481198E+01
    2296.,  0.51873489E+01,  0.95482004E+02, -0.11362262E+02,  0.35812799E+01,  0.22157290E-09, -0.11449810E+01
    2297.,  0.61248489E+01,  0.95482004E+02, -0.11362262E+02,  0.35309175E+01,  0.23075396E-09, -0.84184215E+00
    2298.,  0.70623489E+01,  0.95482004E+02, -0.11362262E+02,  0.34805551E+01,  0.23993364E-09, -0.53870332E+00
    2299.,  0.79998489E+01,  0.95482004E+02, -0.11362262E+02,  0.34301927E+01,  0.24912950E-09, -0.23556449E+00
    2300.,  0.89373489E+01,  0.95482004E+02, -0.11362262E+02,  0.33798303E+01,  0.25832229E-09,  0.67574346E-01
    2301.,  0.98748489E+01,  0.95482004E+02, -0.11362262E+02,  0.33294679E+01,  0.26750935E-09,  0.37071318E+00
    2302.,  0.10812349E+02,  0.95482004E+02, -0.11362262E+02,  0.32791055E+01,  0.27669629E-09,  0.67385201E+00
    2303.,  0.11749849E+02,  0.95482004E+02, -0.11362262E+02,  0.32287430E+01,  0.28586578E-09,  0.97699084E+00
    2304.,  0.12687349E+02,  0.95482004E+02, -0.11362262E+02,  0.31783806E+01,  0.29505697E-09,  0.12801297E+01
    2305.,  0.13624849E+02,  0.95482004E+02, -0.11362262E+02,  0.31280182E+01,  0.30424677E-09,  0.15832685E+01
    2306.,  0.14562349E+02,  0.95482004E+02, -0.11362262E+02,  0.30776558E+01,  0.31342624E-09,  0.18864073E+01
    2307.,  0.15499849E+02,  0.95482004E+02, -0.11362262E+02,  0.30272934E+01,  0.32261059E-09,  0.21895462E+01
    2308.,  0.16437349E+02,  0.95482004E+02, -0.11362262E+02,  0.29769310E+01,  0.33180162E-09,  0.24926850E+01
    2309.,  0.17374849E+02,  0.95482004E+02, -0.11362262E+02,  0.29265686E+01,  0.34098486E-09,  0.27958238E+01
    2310.,  0.18312349E+02,  0.95482004E+02, -0.11362262E+02,  0.28762062E+01,  0.35018029E-09,  0.30989627E+01
    2311.,  0.33123489E+01,  0.95482004E+02, -0.12088304E+02,  0.39167689E+01,  0.22369406E-09, -0.17122557E+01
    2312.,  0.42498489E+01,  0.95482004E+02, -0.12088304E+02,  0.38664065E+01,  0.23288985E-09, -0.14091169E+01
    2313.,  0.51873489E+01,  0.95482004E+02, -0.12088304E+02,  0.38160441E+01,  0.24206131E-09, -0.11059781E+01
    2314.,  0.61248489E+01,  0.95482004E+02, -0.12088304E+02,  0.37656817E+01,  0.25124683E-09, -0.80283926E+00
    2315.,  0.70623489E+01,  0.95482004E+02, -0.12088304E+02,  0.37153193E+01,  0.26044297E-09, -0.49970043E+00
    2316.,  0.79998489E+01,  0.95482004E+02, -0.12088304E+02,  0.36649569E+01,  0.26962552E-09, -0.19656159E+00
    2317.,  0.89373489E+01,  0.95482004E+02, -0.12088304E+02,  0.36145945E+01,  0.27879988E-09,  0.10657724E+00
    2318.,  0.98748489E+01,  0.95482004E+02, -0.12088304E+02,  0.35642321E+01,  0.28798881E-09,  0.40971607E+00
    2319.,  0.10812349E+02,  0.95482004E+02, -0.12088304E+02,  0.35138696E+01,  0.29717851E-09,  0.71285490E+00
    2320.,  0.11749849E+02,  0.95482004E+02, -0.12088304E+02,  0.34635072E+01,  0.30636738E-09,  0.10159937E+01
    2321.,  0.12687349E+02,  0.95482004E+02, -0.12088304E+02,  0.34131448E+01,  0.31554616E-09,  0.13191326E+01
    2322.,  0.13624849E+02,  0.95482004E+02, -0.12088304E+02,  0.33627824E+01,  0.32474022E-09,  0.16222714E+01
    2323.,  0.14562349E+02,  0.95482004E+02, -0.12088304E+02,  0.33124200E+01,  0.33392719E-09,  0.19254102E+01
    2324.,  0.15499849E+02,  0.95482004E+02, -0.12088304E+02,  0.32620576E+01,  0.34310575E-09,  0.22285491E+01
    2325.,  0.16437349E+02,  0.95482004E+02, -0.12088304E+02,  0.32116952E+01,  0.35229770E-09,  0.25316879E+01
    2326.,  0.17374849E+02,  0.95482004E+02, -0.12088304E+02,  0.31613328E+01,  0.36146869E-09,  0.28348267E+01
    2327.,  0.18312349E+02,  0.95482004E+02, -0.12088304E+02,  0.31109703E+01,  0.37067614E-09,  0.31379655E+01
    2328.,  0.33123489E+01,  0.95482004E+02, -0.12814346E+02,  0.41515331E+01,  0.24417538E-09, -0.16732529E+01
    2329.,  0.42498489E+01,  0.95482004E+02, -0.12814346E+02,  0.41011707E+01,  0.25336695E-09, -0.13701140E+01
    2330.,  0.51873489E+01,  0.95482004E+02, -0.12814346E+02,  0.40508083E+01,  0.26255946E-09, -0.10669752E+01
    2331.,  0.61248489E+01,  0.95482004E+02, -0.12814346E+02,  0.40004459E+01,  0.27173711E-09, -0.76383637E+00
    2332.,  0.70623489E+01,  0.95482004E+02, -0.12814346E+02,  0.39500835E+01,  0.28092671E-09, -0.46069753E+00
    2333.,  0.79998489E+01,  0.95482004E+02, -0.12814346E+02,  0.38997211E+01,  0.29011992E-09, -0.15755870E+00
    2334.,  0.89373489E+01,  0.95482004E+02, -0.12814346E+02,  0.38493587E+01,  0.29929108E-09,  0.14558013E+00
    2335.,  0.98748489E+01,  0.95482004E+02, -0.12814346E+02,  0.37989962E+01,  0.30847567E-09,  0.44871896E+00
    2336.,  0.10812349E+02,  0.95482004E+02, -0.12814346E+02,  0.37486338E+01,  0.31767039E-09,  0.75185779E+00
    2337.,  0.11749849E+02,  0.95482004E+02, -0.12814346E+02,  0.36982714E+01,  0.32685524E-09,  0.10549966E+01
    2338.,  0.12687349E+02,  0.95482004E+02, -0.12814346E+02,  0.36479090E+01,  0.33605606E-09,  0.13581355E+01
    2339.,  0.13624849E+02,  0.95482004E+02, -0.12814346E+02,  0.35975466E+01,  0.34523331E-09,  0.16612743E+01
    2340.,  0.14562349E+02,  0.95482004E+02, -0.12814346E+02,  0.35471842E+01,  0.35441015E-09,  0.19644131E+01
    2341.,  0.15499849E+02,  0.95482004E+02, -0.12814346E+02,  0.34968218E+01,  0.36360680E-09,  0.22675519E+01
    2342.,  0.16437349E+02,  0.95482004E+02, -0.12814346E+02,  0.34464594E+01,  0.37278894E-09,  0.25706908E+01
    2343.,  0.17374849E+02,  0.95482004E+02, -0.12814346E+02,  0.33960969E+01,  0.38196565E-09,  0.28738296E+01
    2344.,  0.18312349E+02,  0.95482004E+02, -0.12814346E+02,  0.33457345E+01,  0.39116960E-09,  0.31769684E+01
    2345.,  0.33123489E+01,  0.95482004E+02, -0.13540387E+02,  0.43862973E+01,  0.26467145E-09, -0.16342500E+01
    2346.,  0.42498489E+01,  0.95482004E+02, -0.13540387E+02,  0.43359349E+01,  0.27387309E-09, -0.13311111E+01
    2347.,  0.51873489E+01,  0.95482004E+02, -0.13540387E+02,  0.42855725E+01,  0.28305733E-09, -0.10279723E+01
    2348.,  0.61248489E+01,  0.95482004E+02, -0.13540387E+02,  0.42352101E+01,  0.29223956E-09, -0.72483348E+00
    2349.,  0.70623489E+01,  0.95482004E+02, -0.13540387E+02,  0.41848477E+01,  0.30141858E-09, -0.42169464E+00
    2350.,  0.79998489E+01,  0.95482004E+02, -0.13540387E+02,  0.41344852E+01,  0.31060552E-09, -0.11855581E+00
    2351.,  0.89373489E+01,  0.95482004E+02, -0.13540387E+02,  0.40841228E+01,  0.31978230E-09,  0.18458302E+00
    2352.,  0.98748489E+01,  0.95482004E+02, -0.13540387E+02,  0.40337604E+01,  0.32897273E-09,  0.48772185E+00
    2353.,  0.10812349E+02,  0.95482004E+02, -0.13540387E+02,  0.39833980E+01,  0.33816990E-09,  0.79086068E+00
    2354.,  0.11749849E+02,  0.95482004E+02, -0.13540387E+02,  0.39330356E+01,  0.34735052E-09,  0.10939995E+01
    2355.,  0.12687349E+02,  0.95482004E+02, -0.13540387E+02,  0.38826732E+01,  0.35653822E-09,  0.13971383E+01
    2356.,  0.13624849E+02,  0.95482004E+02, -0.13540387E+02,  0.38323108E+01,  0.36572277E-09,  0.17002772E+01
    2357.,  0.14562349E+02,  0.95482004E+02, -0.13540387E+02,  0.37819484E+01,  0.37489875E-09,  0.20034160E+01
    2358.,  0.15499849E+02,  0.95482004E+02, -0.13540387E+02,  0.37315859E+01,  0.38409277E-09,  0.23065548E+01
    2359.,  0.16437349E+02,  0.95482004E+02, -0.13540387E+02,  0.36812235E+01,  0.39328395E-09,  0.26096937E+01
    2360.,  0.17374849E+02,  0.95482004E+02, -0.13540387E+02,  0.36308611E+01,  0.40245997E-09,  0.29128325E+01
    2361.,  0.18312349E+02,  0.95482004E+02, -0.13540387E+02,  0.35804987E+01,  0.41165522E-09,  0.32159713E+01
    2362.,  0.33123489E+01,  0.95482004E+02, -0.14266429E+02,  0.46210615E+01,  0.28517161E-09, -0.15952471E+01
    2363.,  0.42498489E+01,  0.95482004E+02, -0.14266429E+02,  0.45706991E+01,  0.29435750E-09, -0.12921082E+01
    2364.,  0.51873489E+01,  0.95482004E+02, -0.14266429E+02,  0.45203367E+01,  0.30353611E-09, -0.98896942E+00
    2365.,  0.61248489E+01,  0.95482004E+02, -0.14266429E+02,  0.44699743E+01,  0.31272013E-09, -0.68583058E+00
    2366.,  0.70623489E+01,  0.95482004E+02, -0.14266429E+02,  0.44196118E+01,  0.32190887E-09, -0.38269175E+00
    2367.,  0.79998489E+01,  0.95482004E+02, -0.14266429E+02,  0.43692494E+01,  0.33109443E-09, -0.79552923E-01
    2368.,  0.89373489E+01,  0.95482004E+02, -0.14266429E+02,  0.43188870E+01,  0.34028121E-09,  0.22358591E+00
    2369.,  0.98748489E+01,  0.95482004E+02, -0.14266429E+02,  0.42685246E+01,  0.34946683E-09,  0.52672474E+00
    2370.,  0.10812349E+02,  0.95482004E+02, -0.14266429E+02,  0.42181622E+01,  0.35864659E-09,  0.82986357E+00
    2371.,  0.11749849E+02,  0.95482004E+02, -0.14266429E+02,  0.41677998E+01,  0.36784271E-09,  0.11330024E+01
    2372.,  0.12687349E+02,  0.95482004E+02, -0.14266429E+02,  0.41174374E+01,  0.37701845E-09,  0.14361412E+01
    2373.,  0.13624849E+02,  0.95482004E+02, -0.14266429E+02,  0.40670750E+01,  0.38622149E-09,  0.17392801E+01
    2374.,  0.14562349E+02,  0.95482004E+02, -0.14266429E+02,  0.40167125E+01,  0.39539687E-09,  0.20424189E+01
    2375.,  0.15499849E+02,  0.95482004E+02, -0.14266429E+02,  0.39663501E+01,  0.40457850E-09,  0.23455577E+01
    2376.,  0.16437349E+02,  0.95482004E+02, -0.14266429E+02,  0.39159877E+01,  0.41377304E-09,  0.26486966E+01
    2377.,  0.17374849E+02,  0.95482004E+02, -0.14266429E+02,  0.38656253E+01,  0.42296256E-09,  0.29518354E+01
    2378.,  0.18312349E+02,  0.95482004E+02, -0.14266429E+02,  0.38152629E+01,  0.43214590E-09,  0.32549742E+01
    2379.,  0.33123489E+01,  0.95482004E+02, -0.14992471E+02,  0.48558257E+01,  0.30565221E-09, -0.15562442E+01
    2380.,  0.42498489E+01,  0.95482004E+02, -0.14992471E+02,  0.48054633E+01,  0.31484710E-09, -0.12531054E+01
    2381.,  0.51873489E+01,  0.95482004E+02, -0.14992471E+02,  0.47551009E+01,  0.32404021E-09, -0.94996652E+00
    2382.,  0.61248489E+01,  0.95482004E+02, -0.14992471E+02,  0.47047384E+01,  0.33322007E-09, -0.64682769E+00
    2383.,  0.70623489E+01,  0.95482004E+02, -0.14992471E+02,  0.46543760E+01,  0.34239991E-09, -0.34368886E+00
    2384.,  0.79998489E+01,  0.95482004E+02, -0.14992471E+02,  0.46040136E+01,  0.35158326E-09, -0.40550032E-01
    2385.,  0.89373489E+01,  0.95482004E+02, -0.14992471E+02,  0.45536512E+01,  0.36076722E-09,  0.26258880E+00
    2386.,  0.98748489E+01,  0.95482004E+02, -0.14992471E+02,  0.45032888E+01,  0.36995727E-09,  0.56572763E+00
    2387.,  0.10812349E+02,  0.95482004E+02, -0.14992471E+02,  0.44529264E+01,  0.37913769E-09,  0.86886646E+00
    2388.,  0.11749849E+02,  0.95482004E+02, -0.14992471E+02,  0.44025640E+01,  0.38832484E-09,  0.11720053E+01
    2389.,  0.12687349E+02,  0.95482004E+02, -0.14992471E+02,  0.43522016E+01,  0.39751056E-09,  0.14751441E+01
    2390.,  0.13624849E+02,  0.95482004E+02, -0.14992471E+02,  0.43018391E+01,  0.40670594E-09,  0.17782830E+01
    2391.,  0.14562349E+02,  0.95482004E+02, -0.14992471E+02,  0.42514767E+01,  0.41588240E-09,  0.20814218E+01
    2392.,  0.15499849E+02,  0.95482004E+02, -0.14992471E+02,  0.42011143E+01,  0.42507423E-09,  0.23845606E+01
    2393.,  0.16437349E+02,  0.95482004E+02, -0.14992471E+02,  0.41507519E+01,  0.43426907E-09,  0.26876994E+01
    2394.,  0.17374849E+02,  0.95482004E+02, -0.14992471E+02,  0.41003895E+01,  0.44345615E-09,  0.29908383E+01
    2395.,  0.18312349E+02,  0.95482004E+02, -0.14992471E+02,  0.40500271E+01,  0.45262937E-09,  0.32939771E+01
    2396.,  0.33123489E+01,  0.95482004E+02, -0.15718512E+02,  0.50905899E+01,  0.32614402E-09, -0.15172413E+01
    2397.,  0.42498489E+01,  0.95482004E+02, -0.15718512E+02,  0.50402274E+01,  0.33533583E-09, -0.12141025E+01
    2398.,  0.51873489E+01,  0.95482004E+02, -0.15718512E+02,  0.49898650E+01,  0.34453845E-09, -0.91096363E+00
    2399.,  0.61248489E+01,  0.95482004E+02, -0.15718512E+02,  0.49395026E+01,  0.35371021E-09, -0.60782480E+00
    2400.,  0.70623489E+01,  0.95482004E+02, -0.15718512E+02,  0.48891402E+01,  0.36289000E-09, -0.30468597E+00
    2401.,  0.79998489E+01,  0.95482004E+02, -0.15718512E+02,  0.48387778E+01,  0.37207732E-09, -0.15471418E-02
    2402.,  0.89373489E+01,  0.95482004E+02, -0.15718512E+02,  0.47884154E+01,  0.38126867E-09,  0.30159169E+00
    2403.,  0.98748489E+01,  0.95482004E+02, -0.15718512E+02,  0.47380530E+01,  0.39045488E-09,  0.60473052E+00
    2404.,  0.10812349E+02,  0.95482004E+02, -0.15718512E+02,  0.46876906E+01,  0.39962831E-09,  0.90786935E+00
    2405.,  0.11749849E+02,  0.95482004E+02, -0.15718512E+02,  0.46373281E+01,  0.40883473E-09,  0.12110082E+01
    2406.,  0.12687349E+02,  0.95482004E+02, -0.15718512E+02,  0.45869657E+01,  0.41800892E-09,  0.15141470E+01
    2407.,  0.13624849E+02,  0.95482004E+02, -0.15718512E+02,  0.45366033E+01,  0.42718874E-09,  0.18172858E+01
    2408.,  0.14562349E+02,  0.95482004E+02, -0.15718512E+02,  0.44862409E+01,  0.43638491E-09,  0.21204247E+01
    2409.,  0.15499849E+02,  0.95482004E+02, -0.15718512E+02,  0.44358785E+01,  0.44557747E-09,  0.24235635E+01
    2410.,  0.16437349E+02,  0.95482004E+02, -0.15718512E+02,  0.43855161E+01,  0.45475482E-09,  0.27267023E+01
    2411.,  0.17374849E+02,  0.95482004E+02, -0.15718512E+02,  0.43351537E+01,  0.46393866E-09,  0.30298412E+01
    2412.,  0.18312349E+02,  0.95482004E+02, -0.15718512E+02,  0.42847913E+01,  0.47313114E-09,  0.33329800E+01
    2413.,  0.33123489E+01,  0.95482004E+02, -0.16444554E+02,  0.53253540E+01,  0.34663936E-09, -0.14782384E+01
    2414.,  0.42498489E+01,  0.95482004E+02, -0.16444554E+02,  0.52749916E+01,  0.35581526E-09, -0.11750996E+01
    2415.,  0.51873489E+01,  0.95482004E+02, -0.16444554E+02,  0.52246292E+01,  0.36502844E-09, -0.87196074E+00
    2416.,  0.61248489E+01,  0.95482004E+02, -0.16444554E+02,  0.51742668E+01,  0.37421091E-09, -0.56882191E+00
    2417.,  0.70623489E+01,  0.95482004E+02, -0.16444554E+02,  0.51239044E+01,  0.38338859E-09, -0.26568308E+00
    2418.,  0.79998489E+01,  0.95482004E+02, -0.16444554E+02,  0.50735420E+01,  0.39256005E-09,  0.37455749E-01
    2419.,  0.89373489E+01,  0.95482004E+02, -0.16444554E+02,  0.50231796E+01,  0.40175640E-09,  0.34059458E+00
    2420.,  0.98748489E+01,  0.95482004E+02, -0.16444554E+02,  0.49728172E+01,  0.41094163E-09,  0.64373341E+00
    2421.,  0.10812349E+02,  0.95482004E+02, -0.16444554E+02,  0.49224547E+01,  0.42012959E-09,  0.94687224E+00
    2422.,  0.11749849E+02,  0.95482004E+02, -0.16444554E+02,  0.48720923E+01,  0.42931903E-09,  0.12500111E+01
    2423.,  0.12687349E+02,  0.95482004E+02, -0.16444554E+02,  0.48217299E+01,  0.43849355E-09,  0.15531499E+01
    2424.,  0.13624849E+02,  0.95482004E+02, -0.16444554E+02,  0.47713675E+01,  0.44767766E-09,  0.18562887E+01
    2425.,  0.14562349E+02,  0.95482004E+02, -0.16444554E+02,  0.47210051E+01,  0.45687593E-09,  0.21594276E+01
    2426.,  0.15499849E+02,  0.95482004E+02, -0.16444554E+02,  0.46706427E+01,  0.46606769E-09,  0.24625664E+01
    2427.,  0.16437349E+02,  0.95482004E+02, -0.16444554E+02,  0.46202803E+01,  0.47524729E-09,  0.27657052E+01
    2428.,  0.17374849E+02,  0.95482004E+02, -0.16444554E+02,  0.45699179E+01,  0.48442992E-09,  0.30688441E+01
    2429.,  0.18312349E+02,  0.95482004E+02, -0.16444554E+02,  0.45195554E+01,  0.49362506E-09,  0.33719829E+01
    2430.,  0.33123489E+01,  0.95482004E+02, -0.17170596E+02,  0.55601182E+01,  0.36713261E-09, -0.14392355E+01
    2431.,  0.42498489E+01,  0.95482004E+02, -0.17170596E+02,  0.55097558E+01,  0.37632016E-09, -0.11360967E+01
    2432.,  0.51873489E+01,  0.95482004E+02, -0.17170596E+02,  0.54593934E+01,  0.38551528E-09, -0.83295785E+00
    2433.,  0.61248489E+01,  0.95482004E+02, -0.17170596E+02,  0.54090310E+01,  0.39469025E-09, -0.52981902E+00
    2434.,  0.70623489E+01,  0.95482004E+02, -0.17170596E+02,  0.53586686E+01,  0.40388264E-09, -0.22668019E+00
    2435.,  0.79998489E+01,  0.95482004E+02, -0.17170596E+02,  0.53083062E+01,  0.41307358E-09,  0.76458640E-01
    2436.,  0.89373489E+01,  0.95482004E+02, -0.17170596E+02,  0.52579438E+01,  0.42225772E-09,  0.37959747E+00
    2437.,  0.98748489E+01,  0.95482004E+02, -0.17170596E+02,  0.52075813E+01,  0.43143746E-09,  0.68273630E+00
    2438.,  0.10812349E+02,  0.95482004E+02, -0.17170596E+02,  0.51572189E+01,  0.44062351E-09,  0.98587513E+00
    2439.,  0.11749849E+02,  0.95482004E+02, -0.17170596E+02,  0.51068565E+01,  0.44980489E-09,  0.12890140E+01
    2440.,  0.12687349E+02,  0.95482004E+02, -0.17170596E+02,  0.50564941E+01,  0.45899422E-09,  0.15921528E+01
    2441.,  0.13624849E+02,  0.95482004E+02, -0.17170596E+02,  0.50061317E+01,  0.46818999E-09,  0.18952916E+01
    2442.,  0.14562349E+02,  0.95482004E+02, -0.17170596E+02,  0.49557693E+01,  0.47736613E-09,  0.21984305E+01
    2443.,  0.15499849E+02,  0.95482004E+02, -0.17170596E+02,  0.49054069E+01,  0.48655854E-09,  0.25015693E+01
    2444.,  0.16437349E+02,  0.95482004E+02, -0.17170596E+02,  0.48550445E+01,  0.49573324E-09,  0.28047081E+01
    2445.,  0.17374849E+02,  0.95482004E+02, -0.17170596E+02,  0.48046820E+01,  0.50492289E-09,  0.31078469E+01
    2446.,  0.18312349E+02,  0.95482004E+02, -0.17170596E+02,  0.47543196E+01,  0.51411828E-09,  0.34109858E+01
    2447.,  0.33123489E+01,  0.95482004E+02, -0.17896637E+02,  0.57948824E+01,  0.38762111E-09, -0.14002326E+01
    2448.,  0.42498489E+01,  0.95482004E+02, -0.17896637E+02,  0.57445200E+01,  0.39681506E-09, -0.10970938E+01
    2449.,  0.51873489E+01,  0.95482004E+02, -0.17896637E+02,  0.56941576E+01,  0.40599570E-09, -0.79395496E+00
    2450.,  0.61248489E+01,  0.95482004E+02, -0.17896637E+02,  0.56437952E+01,  0.41518168E-09, -0.49081613E+00
    2451.,  0.70623489E+01,  0.95482004E+02, -0.17896637E+02,  0.55934328E+01,  0.42437475E-09, -0.18767730E+00
    2452.,  0.79998489E+01,  0.95482004E+02, -0.17896637E+02,  0.55430703E+01,  0.43356285E-09,  0.11546153E+00
    2453.,  0.89373489E+01,  0.95482004E+02, -0.17896637E+02,  0.54927079E+01,  0.44274625E-09,  0.41860036E+00
    2454.,  0.98748489E+01,  0.95482004E+02, -0.17896637E+02,  0.54423455E+01,  0.45192439E-09,  0.72173919E+00
    2455.,  0.10812349E+02,  0.95482004E+02, -0.17896637E+02,  0.53919831E+01,  0.46112536E-09,  0.10248780E+01
    2456.,  0.11749849E+02,  0.95482004E+02, -0.17896637E+02,  0.53416207E+01,  0.47029914E-09,  0.13280169E+01
    2457.,  0.12687349E+02,  0.95482004E+02, -0.17896637E+02,  0.52912583E+01,  0.47950053E-09,  0.16311557E+01
    2458.,  0.13624849E+02,  0.95482004E+02, -0.17896637E+02,  0.52408959E+01,  0.48868234E-09,  0.19342945E+01
    2459.,  0.14562349E+02,  0.95482004E+02, -0.17896637E+02,  0.51905335E+01,  0.49786393E-09,  0.22374333E+01
    2460.,  0.15499849E+02,  0.95482004E+02, -0.17896637E+02,  0.51401710E+01,  0.50704525E-09,  0.25405722E+01
    2461.,  0.16437349E+02,  0.95482004E+02, -0.17896637E+02,  0.50898086E+01,  0.51622683E-09,  0.28437110E+01
    2462.,  0.17374849E+02,  0.95482004E+02, -0.17896637E+02,  0.50394462E+01,  0.52542046E-09,  0.31468498E+01
    2463.,  0.18312349E+02,  0.95482004E+02, -0.17896637E+02,  0.49890838E+01,  0.53459816E-09,  0.34499887E+01
    2464.,  0.33123489E+01,  0.95482004E+02, -0.18622679E+02,  0.60296466E+01,  0.40812012E-09, -0.13612297E+01
    2465.,  0.42498489E+01,  0.95482004E+02, -0.18622679E+02,  0.59792842E+01,  0.41730811E-09, -0.10580909E+01
    2466.,  0.51873489E+01,  0.95482004E+02, -0.18622679E+02,  0.59289218E+01,  0.42649322E-09, -0.75495207E+00
    2467.,  0.61248489E+01,  0.95482004E+02, -0.18622679E+02,  0.58785594E+01,  0.43566882E-09, -0.45181324E+00
    2468.,  0.70623489E+01,  0.95482004E+02, -0.18622679E+02,  0.58281969E+01,  0.44486568E-09, -0.14867441E+00
    2469.,  0.79998489E+01,  0.95482004E+02, -0.18622679E+02,  0.57778345E+01,  0.45405787E-09,  0.15446442E+00
    2470.,  0.89373489E+01,  0.95482004E+02, -0.18622679E+02,  0.57274721E+01,  0.46324311E-09,  0.45760325E+00
    2471.,  0.98748489E+01,  0.95482004E+02, -0.18622679E+02,  0.56771097E+01,  0.47242777E-09,  0.76074208E+00
    2472.,  0.10812349E+02,  0.95482004E+02, -0.18622679E+02,  0.56267473E+01,  0.48160022E-09,  0.10638809E+01
    2473.,  0.11749849E+02,  0.95482004E+02, -0.18622679E+02,  0.55763849E+01,  0.49078200E-09,  0.13670197E+01
    2474.,  0.12687349E+02,  0.95482004E+02, -0.18622679E+02,  0.55260225E+01,  0.49998871E-09,  0.16701586E+01
    2475.,  0.13624849E+02,  0.95482004E+02, -0.18622679E+02,  0.54756601E+01,  0.50916861E-09,  0.19732974E+01
    2476.,  0.14562349E+02,  0.95482004E+02, -0.18622679E+02,  0.54252976E+01,  0.51834736E-09,  0.22764362E+01
    2477.,  0.15499849E+02,  0.95482004E+02, -0.18622679E+02,  0.53749352E+01,  0.52752218E-09,  0.25795751E+01
    2478.,  0.16437349E+02,  0.95482004E+02, -0.18622679E+02,  0.53245728E+01,  0.53671800E-09,  0.28827139E+01
    2479.,  0.17374849E+02,  0.95482004E+02, -0.18622679E+02,  0.52742104E+01,  0.54590630E-09,  0.31858527E+01
    2480.,  0.18312349E+02,  0.95482004E+02, -0.18622679E+02,  0.52238480E+01,  0.55509038E-09,  0.34889916E+01
