node,x_mm,y_mm,z_mm,ux_mm,uy_mm,uz_mm
       1.,  0.88907483E+01,  0.19809384E+02, -0.11976790E+01,  0.66886651E-03,  0.37947183E-02,  0.16132154E-03
       2.,  0.90216325E+01,  0.19933067E+02, -0.11976790E+01,  0.63563561E-03,  0.37589532E-02,  0.16785903E-03
       3.,  0.91795178E+01,  0.20062336E+02, -0.11976790E+01,  0.60852069E-03,  0.36915428E-02,  0.16400690E-03
       4.,  0.93688664E+01,  0.20193475E+02, -0.11976790E+01,  0.59642529E-03,  0.35843617E-02,  0.15992427E-03
       5.,  0.95933411E+01,  0.20320634E+02, -0.11976790E+01,  0.60818551E-03,  0.34357513E-02,  0.15592720E-03
       6.,  0.98545190E+01,  0.20435670E+02, -0.11976790E+01,  0.65320700E-03,  0.32545961E-02,  0.15293268E-03
       7.,  0.10150303E+02,  0.20528699E+02, -0.11976790E+01,  0.73217809E-03,  0.30673597E-02,  0.15093594E-03
       8.,  0.10473624E+02,  0.20589699E+02, -0.11976790E+01,  0.83298957E-03,  0.29122457E-02,  0.14868929E-03
       9.,  0.10812349E+02,  0.20610999E+02, -0.11976790E+01,  0.93104533E-03,  0.28226550E-02,  0.14663322E-03
      10.,  0.11151074E+02,  0.20589699E+02, -0.11976790E+01,  0.99835254E-03,  0.28072933E-02,  0.14530935E-03
      11.,  0.11474394E+02,  0.20528699E+02, -0.11976790E+01,  0.10158928E-02,  0.28449862E-02,  0.14452161E-03
      12.,  0.11770179E+02,  0.20435670E+02, -0.11976790E+01,  0.98098587E-03,  0.29000228E-02,  0.14301975E-03
      13.,  0.12031357E+02,  0.20320634E+02, -0.11976790E+01,  0.90445983E-03,  0.29423606E-02,  0.14152297E-03
      14.,  0.12255831E+02,  0.20193475E+02, -0.11976790E+01,  0.80333454E-03,  0.29576731E-02,  0.13953905E-03
      15.,  0.12445180E+02,  0.20062336E+02, -0.11976790E+01,  0.69284682E-03,  0.29449449E-02,  0.14002283E-03
      16.,  0.12603065E+02,  0.19933067E+02, -0.11976790E+01,  0.58428830E-03,  0.29103399E-02,  0.13823284E-03
      17.,  0.12733950E+02,  0.19809384E+02, -0.11976790E+01,  0.48375431E-03,  0.28615385E-02,  0.14294930E-03
      18.,  0.12856786E+02,  0.19676715E+02, -0.11976790E+01,  0.38183297E-03,  0.27967396E-02,  0.14168788E-03
      19.,  0.12984638E+02,  0.19517209E+02, -0.11976790E+01,  0.26873618E-03,  0.27066463E-02,  0.14516582E-03
      20.,  0.13113701E+02,  0.19326645E+02, -0.11976790E+01,  0.14881763E-03,  0.25890805E-02,  0.14664715E-03
      21.,  0.13238114E+02,  0.19101688E+02, -0.11976790E+01,  0.28515594E-04,  0.24445863E-02,  0.14756879E-03
      22.,  0.13349872E+02,  0.18841125E+02, -0.11976790E+01, -0.83549568E-04,  0.22784555E-02,  0.14776138E-03
      23.,  0.13439432E+02,  0.18547351E+02, -0.11976790E+01, -0.17885561E-03,  0.21008333E-02,  0.14781678E-03
      24.,  0.13497286E+02,  0.18227513E+02, -0.11976790E+01, -0.25178238E-03,  0.19245346E-02,  0.14807862E-03
      25.,  0.13516315E+02,  0.17893479E+02, -0.11976790E+01, -0.30132230E-03,  0.17618192E-02,  0.14860807E-03
      26.,  0.13493999E+02,  0.17560060E+02, -0.11976790E+01, -0.33083860E-03,  0.16210793E-02,  0.14912021E-03
      27.,  0.13433285E+02,  0.17241936E+02, -0.11976790E+01, -0.34574558E-03,  0.15055895E-02,  0.14941185E-03
      28.,  0.13341575E+02,  0.16950635E+02, -0.11976790E+01, -0.35117377E-03,  0.14144284E-02,  0.14952417E-03
      29.,  0.13228459E+02,  0.16692904E+02, -0.11976790E+01, -0.35087639E-03,  0.13443723E-02,  0.14955913E-03
      30.,  0.13103404E+02,  0.16470794E+02, -0.11976790E+01, -0.34723775E-03,  0.12915082E-02,  0.14956953E-03
      31.,  0.12974251E+02,  0.16282870E+02, -0.11976790E+01, -0.34168632E-03,  0.12521451E-02,  0.14957339E-03
      32.,  0.12846686E+02,  0.16125683E+02, -0.11976790E+01, -0.33507883E-03,  0.12231629E-02,  0.14957573E-03
      33.,  0.12724366E+02,  0.15994982E+02, -0.11976790E+01, -0.32797036E-03,  0.12020893E-02,  0.14957753E-03
      34.,  0.12592945E+02,  0.15872032E+02, -0.11976790E+01, -0.31959617E-03,  0.11851297E-02,  0.14957959E-03
      35.,  0.12434749E+02,  0.15743799E+02, -0.11976790E+01, -0.30857311E-03,  0.11710098E-02,  0.14958179E-03
      36.,  0.12245466E+02,  0.15614012E+02, -0.11976790E+01, -0.29409227E-03,  0.11616223E-02,  0.14958463E-03
      37.,  0.12021615E+02,  0.15488468E+02, -0.11976790E+01, -0.27512811E-03,  0.11594621E-02,  0.14958807E-03
      38.,  0.11761787E+02,  0.15375165E+02, -0.11976790E+01, -0.25051360E-03,  0.11675862E-02,  0.14959169E-03
      39.,  0.11468165E+02,  0.15283734E+02, -0.11976790E+01, -0.21910307E-03,  0.11892652E-02,  0.14959482E-03
      40.,  0.11147739E+02,  0.15223880E+02, -0.11976790E+01, -0.18006630E-03,  0.12272424E-02,  0.14959642E-03
      41.,  0.10812349E+02,  0.15202999E+02, -0.11976790E+01, -0.13324935E-03,  0.12827119E-02,  0.14959525E-03
      42.,  0.10476959E+02,  0.15223880E+02, -0.11976790E+01, -0.79442756E-04,  0.13544905E-02,  0.14959045E-03
      43.,  0.10156533E+02,  0.15283734E+02, -0.11976790E+01, -0.20375072E-04,  0.14389875E-02,  0.14958210E-03
      44.,  0.98629112E+01,  0.15375165E+02, -0.11976790E+01,  0.41621102E-04,  0.15311331E-02,  0.14957143E-03
      45.,  0.96030834E+01,  0.15488468E+02, -0.11976790E+01,  0.10411715E-03,  0.16257406E-02,  0.14956000E-03
      46.,  0.93792318E+01,  0.15614012E+02, -0.11976790E+01,  0.16502793E-03,  0.17185744E-02,  0.14954913E-03
      47.,  0.91899489E+01,  0.15743799E+02, -0.11976790E+01,  0.22283594E-03,  0.18067764E-02,  0.14953940E-03
      48.,  0.90317525E+01,  0.15872032E+02, -0.11976790E+01,  0.27661497E-03,  0.18887783E-02,  0.14953102E-03
      49.,  0.89003322E+01,  0.15994982E+02, -0.11976790E+01,  0.32590672E-03,  0.19639483E-02,  0.14952611E-03
      50.,  0.87780118E+01,  0.16125683E+02, -0.11976790E+01,  0.37639518E-03,  0.20411365E-02,  0.14952378E-03
      51.,  0.86504468E+01,  0.16282870E+02, -0.11976790E+01,  0.43495081E-03,  0.21312831E-02,  0.14952916E-03
      52.,  0.85212943E+01,  0.16470794E+02, -0.11976790E+01,  0.50213070E-03,  0.22363932E-02,  0.14955439E-03
      53.,  0.83962388E+01,  0.16692904E+02, -0.11976790E+01,  0.57764309E-03,  0.23584485E-02,  0.14962810E-03
      54.,  0.82831228E+01,  0.16950635E+02, -0.11976790E+01,  0.65949984E-03,  0.24990146E-02,  0.14981499E-03
      55.,  0.81914125E+01,  0.17241936E+02, -0.11976790E+01,  0.74305252E-03,  0.26585522E-02,  0.15019006E-03
      56.,  0.81306984E+01,  0.17560060E+02, -0.11976790E+01,  0.82046175E-03,  0.28352605E-02,  0.15068760E-03
      57.,  0.81083827E+01,  0.17893479E+02, -0.11976790E+01,  0.88162537E-03,  0.30236639E-02,  0.15112235E-03
      58.,  0.81274120E+01,  0.18227513E+02, -0.11976790E+01,  0.91728747E-03,  0.32138355E-02,  0.15134545E-03
      59.,  0.81852658E+01,  0.18547351E+02, -0.11976790E+01,  0.92309530E-03,  0.33925944E-02,  0.15153965E-03
      60.,  0.82748255E+01,  0.18841125E+02, -0.11976790E+01,  0.90154980E-03,  0.35468072E-02,  0.15220979E-03
      61.,  0.83865843E+01,  0.19101688E+02, -0.11976790E+01,  0.86032182E-03,  0.36670428E-02,  0.15403857E-03
      62.,  0.85109971E+01,  0.19326645E+02, -0.11976790E+01,  0.80885473E-03,  0.37493024E-02,  0.15779585E-03
      63.,  0.86400595E+01,  0.19517209E+02, -0.11976790E+01,  0.75601616E-03,  0.37943781E-02,  0.16188053E-03
      64.,  0.87679120E+01,  0.19676715E+02, -0.11976790E+01,  0.70833348E-03,  0.38069717E-02,  0.16757097E-03
      65.,  0.85521705E+01,  0.20144576E+02, -0.11976790E+01,  0.70005820E-03,  0.38705276E-02,  0.13800991E-03
      66.,  0.87061158E+01,  0.20290051E+02, -0.11976790E+01,  0.69093631E-03,  0.38623447E-02,  0.12408786E-03
      67.,  0.88918198E+01,  0.20442097E+02, -0.11976790E+01,  0.69922594E-03,  0.38174353E-02,  0.12833990E-03
      68.,  0.91145309E+01,  0.20596343E+02, -0.11976790E+01,  0.72953128E-03,  0.37211260E-02,  0.13434406E-03
      69.,  0.93785571E+01,  0.20745907E+02, -0.11976790E+01,  0.78669035E-03,  0.35616277E-02,  0.13976223E-03
      70.,  0.96857534E+01,  0.20881211E+02, -0.11976790E+01,  0.86357861E-03,  0.33457838E-02,  0.14409097E-03
      71.,  0.10033654E+02,  0.20990632E+02, -0.11976790E+01,  0.94443223E-03,  0.31072486E-02,  0.14728750E-03
      72.,  0.10413942E+02,  0.21062380E+02, -0.11976790E+01,  0.10108531E-02,  0.29049170E-02,  0.15123300E-03
      73.,  0.10812349E+02,  0.21087432E+02, -0.11976790E+01,  0.10519106E-02,  0.27946013E-02,  0.15473334E-03
      74.,  0.11210756E+02,  0.21062380E+02, -0.11976790E+01,  0.10671538E-02,  0.27901266E-02,  0.15687385E-03
      75.,  0.11591044E+02,  0.20990632E+02, -0.11976790E+01,  0.10603029E-02,  0.28532974E-02,  0.15798219E-03
      76.,  0.11938944E+02,  0.20881211E+02, -0.11976790E+01,  0.10319058E-02,  0.29250469E-02,  0.16041271E-03
      77.,  0.12246141E+02,  0.20745907E+02, -0.11976790E+01,  0.98084107E-03,  0.29631948E-02,  0.16274186E-03
      78.,  0.12510167E+02,  0.20596343E+02, -0.11976790E+01,  0.90796023E-03,  0.29546989E-02,  0.16591356E-03
      79.,  0.12732878E+02,  0.20442097E+02, -0.11976790E+01,  0.81932641E-03,  0.29072893E-02,  0.16491571E-03
      80.,  0.12918582E+02,  0.20290051E+02, -0.11976790E+01,  0.72209002E-03,  0.28354769E-02,  0.16833318E-03
      81.,  0.13072527E+02,  0.20144576E+02, -0.11976790E+01,  0.62389333E-03,  0.27528429E-02,  0.15919904E-03
      82.,  0.13217007E+02,  0.19988531E+02, -0.11976790E+01,  0.51619074E-03,  0.26558927E-02,  0.16242712E-03
      83.,  0.13367387E+02,  0.19800921E+02, -0.11976790E+01,  0.38837110E-03,  0.25363481E-02,  0.15653219E-03
      84.,  0.13519189E+02,  0.19576781E+02, -0.11976790E+01,  0.24317544E-03,  0.23967616E-02,  0.15393822E-03
      85.,  0.13665523E+02,  0.19312187E+02, -0.11976790E+01,  0.89185196E-04,  0.22441810E-02,  0.15259308E-03
      86.,  0.13796973E+02,  0.19005714E+02, -0.11976790E+01, -0.60058877E-04,  0.20887334E-02,  0.15240364E-03
      87.,  0.13902313E+02,  0.18660178E+02, -0.11976790E+01, -0.18875494E-03,  0.19403356E-02,  0.15237617E-03
      88.,  0.13970360E+02,  0.18283987E+02, -0.11976790E+01, -0.28434450E-03,  0.18061513E-02,  0.15194799E-03
      89.,  0.13992743E+02,  0.17891097E+02, -0.11976790E+01, -0.34306019E-03,  0.16888452E-02,  0.15097831E-03
      90.,  0.13966495E+02,  0.17498931E+02, -0.11976790E+01, -0.37031589E-03,  0.15878197E-02,  0.15006546E-03
      91.,  0.13895083E+02,  0.17124755E+02, -0.11976790E+01, -0.37625291E-03,  0.15014784E-02,  0.14960712E-03
      92.,  0.13787214E+02,  0.16782128E+02, -0.11976790E+01, -0.37057043E-03,  0.14284764E-02,  0.14948009E-03
      93.,  0.13654167E+02,  0.16478985E+02, -0.11976790E+01, -0.35999382E-03,  0.13677079E-02,  0.14946751E-03
      94.,  0.13507078E+02,  0.16217741E+02, -0.11976790E+01, -0.34826816E-03,  0.13179920E-02,  0.14948182E-03
      95.,  0.13355169E+02,  0.15996705E+02, -0.11976790E+01, -0.33713400E-03,  0.12779727E-02,  0.14949936E-03
      96.,  0.13205128E+02,  0.15811822E+02, -0.11976790E+01, -0.32723887E-03,  0.12462153E-02,  0.14951461E-03
      97.,  0.13061255E+02,  0.15658093E+02, -0.11976790E+01, -0.31868675E-03,  0.12213181E-02,  0.14952740E-03
      98.,  0.12906679E+02,  0.15513479E+02, -0.11976790E+01, -0.31041282E-03,  0.11995792E-02,  0.14953872E-03
      99.,  0.12720609E+02,  0.15362652E+02, -0.11976790E+01, -0.30153474E-03,  0.11793474E-02,  0.14955057E-03
     100.,  0.12497975E+02,  0.15209997E+02, -0.11976790E+01, -0.29213542E-03,  0.11626950E-02,  0.14956166E-03
     101.,  0.12234682E+02,  0.15062333E+02, -0.11976790E+01, -0.28223460E-03,  0.11527655E-02,  0.14957150E-03
     102.,  0.11929074E+02,  0.14929066E+02, -0.11976790E+01, -0.27158429E-03,  0.11538906E-02,  0.14957987E-03
     103.,  0.11583717E+02,  0.14821525E+02, -0.11976790E+01, -0.25936531E-03,  0.11713013E-02,  0.14958639E-03
     104.,  0.11206833E+02,  0.14751125E+02, -0.11976790E+01, -0.24389961E-03,  0.12100680E-02,  0.14959106E-03
     105.,  0.10812349E+02,  0.14726566E+02, -0.11976790E+01, -0.22271078E-03,  0.12732737E-02,  0.14959451E-03
     106.,  0.10417865E+02,  0.14751125E+02, -0.11976790E+01, -0.19323014E-03,  0.13602185E-02,  0.14959773E-03
     107.,  0.10040981E+02,  0.14821525E+02, -0.11976790E+01, -0.15393734E-03,  0.14659656E-02,  0.14960109E-03
     108.,  0.96956242E+01,  0.14929066E+02, -0.11976790E+01, -0.10516429E-03,  0.15827942E-02,  0.14960394E-03
     109.,  0.93900159E+01,  0.15062333E+02, -0.11976790E+01, -0.48979705E-04,  0.17026319E-02,  0.14960529E-03
     110.,  0.91267226E+01,  0.15209997E+02, -0.11976790E+01,  0.11641708E-04,  0.18189884E-02,  0.14960448E-03
     111.,  0.89040889E+01,  0.15362652E+02, -0.11976790E+01,  0.73728013E-04,  0.19276934E-02,  0.14960215E-03
     112.,  0.87180189E+01,  0.15513479E+02, -0.11976790E+01,  0.13486627E-03,  0.20266818E-02,  0.14959878E-03
     113.,  0.85634430E+01,  0.15658093E+02, -0.11976790E+01,  0.19339176E-03,  0.21154160E-02,  0.14959067E-03
     114.,  0.84195702E+01,  0.15811822E+02, -0.11976790E+01,  0.25545124E-03,  0.22042523E-02,  0.14957857E-03
     115.,  0.82695288E+01,  0.15996705E+02, -0.11976790E+01,  0.32969604E-03,  0.23047344E-02,  0.14955235E-03
     116.,  0.81176202E+01,  0.16217741E+02, -0.11976790E+01,  0.41751589E-03,  0.24171542E-02,  0.14949402E-03
     117.,  0.79705304E+01,  0.16478985E+02, -0.11976790E+01,  0.51900525E-03,  0.25408889E-02,  0.14935943E-03
     118.,  0.78374839E+01,  0.16782128E+02, -0.11976790E+01,  0.63155427E-03,  0.26741332E-02,  0.14902057E-03
     119.,  0.77296146E+01,  0.17124755E+02, -0.11976790E+01,  0.74801759E-03,  0.28139552E-02,  0.14830694E-03
     120.,  0.76582029E+01,  0.17498931E+02, -0.11976790E+01,  0.85557363E-03,  0.29570152E-02,  0.14733417E-03
     121.,  0.76319554E+01,  0.17891097E+02, -0.11976790E+01,  0.93744429E-03,  0.31007169E-02,  0.14650321E-03
     122.,  0.76543375E+01,  0.18283987E+02, -0.11976790E+01,  0.97894037E-03,  0.32435984E-02,  0.14616986E-03
     123.,  0.77223849E+01,  0.18660178E+02, -0.11976790E+01,  0.97537248E-03,  0.33837557E-02,  0.14597823E-03
     124.,  0.78277247E+01,  0.19005714E+02, -0.11976790E+01,  0.93534039E-03,  0.35168298E-02,  0.14505878E-03
     125.,  0.79591749E+01,  0.19312187E+02, -0.11976790E+01,  0.87583724E-03,  0.36361455E-02,  0.14261325E-03
     126.,  0.81055087E+01,  0.19576781E+02, -0.11976790E+01,  0.81385488E-03,  0.37349739E-02,  0.13739207E-03
     127.,  0.82573113E+01,  0.19800921E+02, -0.11976790E+01,  0.76086633E-03,  0.38084222E-02,  0.13125261E-03
     128.,  0.84076909E+01,  0.19988531E+02, -0.11976790E+01,  0.72250911E-03,  0.38535871E-02,  0.12355517E-03
     129.,  0.82135926E+01,  0.20479768E+02, -0.11976790E+01,  0.80302834E-03,  0.40462294E-02,  0.11598155E-03
     130.,  0.83905992E+01,  0.20647036E+02, -0.11976790E+01,  0.80116080E-03,  0.40488291E-02,  0.16210171E-03
     131.,  0.86041219E+01,  0.20821859E+02, -0.11976790E+01,  0.81603894E-03,  0.40077211E-02,  0.17101037E-03
     132.,  0.88601954E+01,  0.20999210E+02, -0.11976790E+01,  0.86490470E-03,  0.38975767E-02,  0.16984160E-03
     133.,  0.91637731E+01,  0.21171179E+02, -0.11976790E+01,  0.94301739E-03,  0.37072528E-02,  0.16533380E-03
     134.,  0.95169878E+01,  0.21326752E+02, -0.11976790E+01,  0.10387776E-02,  0.34417198E-02,  0.15874814E-03
     135.,  0.99170042E+01,  0.21452564E+02, -0.11976790E+01,  0.11319137E-02,  0.31427507E-02,  0.15256360E-03
     136.,  0.10354260E+02,  0.21535060E+02, -0.11976790E+01,  0.12008935E-02,  0.28890481E-02,  0.14507810E-03
     137.,  0.10812349E+02,  0.21563866E+02, -0.11976790E+01,  0.12320606E-02,  0.27584548E-02,  0.14068099E-03
     138.,  0.11270437E+02,  0.21535060E+02, -0.11976790E+01,  0.12262859E-02,  0.27694334E-02,  0.13736377E-03
     139.,  0.11707694E+02,  0.21452564E+02, -0.11976790E+01,  0.11926292E-02,  0.28657444E-02,  0.13559203E-03
     140.,  0.12107710E+02,  0.21326752E+02, -0.11976790E+01,  0.11400624E-02,  0.29656778E-02,  0.13202807E-03
     141.,  0.12460925E+02,  0.21171179E+02, -0.11976790E+01,  0.10713519E-02,  0.30156211E-02,  0.13046336E-03
     142.,  0.12764503E+02,  0.20999210E+02, -0.11976790E+01,  0.98791902E-03,  0.30034146E-02,  0.12586773E-03
     143.,  0.13020576E+02,  0.20821859E+02, -0.11976790E+01,  0.89023061E-03,  0.29408693E-02,  0.13076926E-03
     144.,  0.13234099E+02,  0.20647036E+02, -0.11976790E+01,  0.78621075E-03,  0.28488028E-02,  0.12144858E-03
     145.,  0.13411105E+02,  0.20479768E+02, -0.11976790E+01,  0.68076691E-03,  0.27438683E-02,  0.14553396E-03
     146.,  0.13577228E+02,  0.20300348E+02, -0.11976790E+01,  0.56575911E-03,  0.26242637E-02,  0.12876522E-03
     147.,  0.13750135E+02,  0.20084633E+02, -0.11976790E+01,  0.42837745E-03,  0.24784844E-02,  0.13809506E-03
     148.,  0.13924678E+02,  0.19826917E+02, -0.11976790E+01,  0.27273684E-03,  0.23132591E-02,  0.14219756E-03
     149.,  0.14092932E+02,  0.19522686E+02, -0.11976790E+01,  0.10709001E-03,  0.21401943E-02,  0.14488334E-03
     150.,  0.14244074E+02,  0.19170303E+02, -0.11976790E+01, -0.54454624E-04,  0.19722391E-02,  0.14490574E-03
     151.,  0.14365194E+02,  0.18773005E+02, -0.11976790E+01, -0.19392558E-03,  0.18230764E-02,  0.14447910E-03
     152.,  0.14443435E+02,  0.18340460E+02, -0.11976790E+01, -0.29740614E-03,  0.17003956E-02,  0.14511123E-03
     153.,  0.14469170E+02,  0.17888715E+02, -0.11976790E+01, -0.36066965E-03,  0.16034676E-02,  0.14703644E-03
     154.,  0.14438990E+02,  0.17437802E+02, -0.11976790E+01, -0.38944056E-03,  0.15258469E-02,  0.14876760E-03
     155.,  0.14356881E+02,  0.17007574E+02, -0.11976790E+01, -0.39466558E-03,  0.14606936E-02,  0.14954437E-03
     156.,  0.14232853E+02,  0.16613621E+02, -0.11976790E+01, -0.38716626E-03,  0.14038692E-02,  0.14969739E-03
     157.,  0.14079876E+02,  0.16265067E+02, -0.11976790E+01, -0.37470970E-03,  0.13538846E-02,  0.14969214E-03
     158.,  0.13910752E+02,  0.15964688E+02, -0.11976790E+01, -0.36172375E-03,  0.13105055E-02,  0.14966721E-03
     159.,  0.13736087E+02,  0.15710541E+02, -0.11976790E+01, -0.35022908E-03,  0.12736768E-02,  0.14964511E-03
     160.,  0.13563569E+02,  0.15497962E+02, -0.11976790E+01, -0.34086290E-03,  0.12430985E-02,  0.14962839E-03
     161.,  0.13398144E+02,  0.15321204E+02, -0.11976790E+01, -0.33359987E-03,  0.12182112E-02,  0.14961586E-03
     162.,  0.13220412E+02,  0.15154926E+02, -0.11976790E+01, -0.32748953E-03,  0.11957389E-02,  0.14960721E-03
     163.,  0.13006469E+02,  0.14981506E+02, -0.11976790E+01, -0.32217213E-03,  0.11740867E-02,  0.14959790E-03
     164.,  0.12750484E+02,  0.14805982E+02, -0.11976790E+01, -0.31824538E-03,  0.11555262E-02,  0.14959053E-03
     165.,  0.12447749E+02,  0.14636198E+02, -0.11976790E+01, -0.31624233E-03,  0.11436697E-02,  0.14958563E-03
     166.,  0.12096361E+02,  0.14482968E+02, -0.11976790E+01, -0.31627141E-03,  0.11437154E-02,  0.14958245E-03
     167.,  0.11699269E+02,  0.14359317E+02, -0.11976790E+01, -0.31744625E-03,  0.11621452E-02,  0.14958046E-03
     168.,  0.11265927E+02,  0.14278371E+02, -0.11976790E+01, -0.31733976E-03,  0.12054231E-02,  0.14957839E-03
     169.,  0.10812349E+02,  0.14250132E+02, -0.11976790E+01, -0.31198655E-03,  0.12776563E-02,  0.14957389E-03
     170.,  0.10358770E+02,  0.14278371E+02, -0.11976790E+01, -0.29690359E-03,  0.13782389E-02,  0.14956444E-03
     171.,  0.99254285E+01,  0.14359317E+02, -0.11976790E+01, -0.26883878E-03,  0.15011934E-02,  0.14954945E-03
     172.,  0.95283373E+01,  0.14482968E+02, -0.11976790E+01, -0.22712172E-03,  0.16369800E-02,  0.14953106E-03
     173.,  0.91769484E+01,  0.14636198E+02, -0.11976790E+01, -0.17371672E-03,  0.17755988E-02,  0.14951244E-03
     174.,  0.88742135E+01,  0.14805982E+02, -0.11976790E+01, -0.11217920E-03,  0.19090728E-02,  0.14949591E-03
     175.,  0.86182289E+01,  0.14981506E+02, -0.11976790E+01, -0.46386121E-04,  0.20323893E-02,  0.14948012E-03
     176.,  0.84042854E+01,  0.15154926E+02, -0.11976790E+01,  0.20332032E-04,  0.21432218E-02,  0.14946481E-03
     177.,  0.82265537E+01,  0.15321204E+02, -0.11976790E+01,  0.85525646E-04,  0.22411290E-02,  0.14945959E-03
     178.,  0.80611286E+01,  0.15497962E+02, -0.11976790E+01,  0.15576456E-03,  0.23375512E-02,  0.14945427E-03
     179.,  0.78886108E+01,  0.15710541E+02, -0.11976790E+01,  0.24098406E-03,  0.24444196E-02,  0.14946430E-03
     180.,  0.77139460E+01,  0.15964688E+02, -0.11976790E+01,  0.34307930E-03,  0.25608306E-02,  0.14951369E-03
     181.,  0.75448220E+01,  0.16265067E+02, -0.11976790E+01,  0.46247685E-03,  0.26846617E-02,  0.14966094E-03
     182.,  0.73918450E+01,  0.16613621E+02, -0.11976790E+01,  0.59641042E-03,  0.28126226E-02,  0.15016939E-03
     183.,  0.72678168E+01,  0.17007574E+02, -0.11976790E+01,  0.73675826E-03,  0.29411479E-02,  0.15143128E-03
     184.,  0.71857075E+01,  0.17437802E+02, -0.11976790E+01,  0.86875046E-03,  0.30682764E-02,  0.15333105E-03
     185.,  0.71555280E+01,  0.17888715E+02, -0.11976790E+01,  0.97293671E-03,  0.31955105E-02,  0.15511277E-03
     186.,  0.71812629E+01,  0.18340460E+02, -0.11976790E+01,  0.10319574E-02,  0.33270413E-02,  0.15549456E-03
     187.,  0.72595040E+01,  0.18773005E+02, -0.11976790E+01,  0.10394453E-02,  0.34652896E-02,  0.15525779E-03
     188.,  0.73806238E+01,  0.19170303E+02, -0.11976790E+01,  0.10049234E-02,  0.36058200E-02,  0.15683057E-03
     189.,  0.75317654E+01,  0.19522686E+02, -0.11976790E+01,  0.94944063E-03,  0.37384046E-02,  0.16080650E-03
     190.,  0.77000203E+01,  0.19826917E+02, -0.11976790E+01,  0.89371100E-03,  0.38530913E-02,  0.16727075E-03
     191.,  0.78745632E+01,  0.20084633E+02, -0.11976790E+01,  0.84953153E-03,  0.39441669E-02,  0.17022425E-03
     192.,  0.80474698E+01,  0.20300348E+02, -0.11976790E+01,  0.81914215E-03,  0.40096098E-02,  0.17049257E-03
     193.,  0.78750147E+01,  0.20814960E+02, -0.11976790E+01,  0.92617224E-03,  0.42756558E-02,  0.44990581E-03
     194.,  0.80750825E+01,  0.21004020E+02, -0.11976790E+01,  0.91514144E-03,  0.43157520E-02,  0.30281413E-03
     195.,  0.83164240E+01,  0.21201620E+02, -0.11976790E+01,  0.96100040E-03,  0.42797615E-02,  0.21213697E-03
     196.,  0.86058599E+01,  0.21402078E+02, -0.11976790E+01,  0.10450739E-02,  0.41584145E-02,  0.17635919E-03
     197.,  0.89489891E+01,  0.21596451E+02, -0.11976790E+01,  0.11588306E-02,  0.39281752E-02,  0.15687083E-03
     198.,  0.93482222E+01,  0.21772294E+02, -0.11976790E+01,  0.12810500E-02,  0.35885187E-02,  0.15233158E-03
     199.,  0.98003546E+01,  0.21914497E+02, -0.11976790E+01,  0.13858830E-02,  0.31898454E-02,  0.15504786E-03
     200.,  0.10294579E+02,  0.22007741E+02, -0.11976790E+01,  0.14485763E-02,  0.28488554E-02,  0.15669196E-03
     201.,  0.10812349E+02,  0.22040299E+02, -0.11976790E+01,  0.14526114E-02,  0.26949939E-02,  0.14381778E-03
     202.,  0.11330119E+02,  0.22007741E+02, -0.11976790E+01,  0.14000730E-02,  0.27524686E-02,  0.14265950E-03
     203.,  0.11824343E+02,  0.21914497E+02, -0.11976790E+01,  0.13170506E-02,  0.29213262E-02,  0.14376720E-03
     204.,  0.12276476E+02,  0.21772294E+02, -0.11976790E+01,  0.12253559E-02,  0.30754902E-02,  0.14035166E-03
     205.,  0.12675709E+02,  0.21596451E+02, -0.11976790E+01,  0.11345385E-02,  0.31450899E-02,  0.12547580E-03
     206.,  0.13018838E+02,  0.21402078E+02, -0.11976790E+01,  0.10400441E-02,  0.31246255E-02,  0.12168128E-03
     207.,  0.13308274E+02,  0.21201620E+02, -0.11976790E+01,  0.94043120E-03,  0.30431883E-02,  0.10209447E-03
     208.,  0.13549615E+02,  0.21004020E+02, -0.11976790E+01,  0.82520708E-03,  0.29223475E-02,  0.12611439E-03
     209.,  0.13749683E+02,  0.20814960E+02, -0.11976790E+01,  0.71101963E-03,  0.27900391E-02,  0.70751289E-04
     210.,  0.13937449E+02,  0.20612164E+02, -0.11976790E+01,  0.58472306E-03,  0.26358052E-02,  0.14488749E-03
     211.,  0.14132883E+02,  0.20368345E+02, -0.11976790E+01,  0.43797377E-03,  0.24556251E-02,  0.14710516E-03
     212.,  0.14330166E+02,  0.20077052E+02, -0.11976790E+01,  0.27309767E-03,  0.22612490E-02,  0.14835942E-03
     213.,  0.14520342E+02,  0.19733186E+02, -0.11976790E+01,  0.97890872E-04,  0.20605665E-02,  0.14519337E-03
     214.,  0.14691175E+02,  0.19334892E+02, -0.11976790E+01, -0.69115212E-04,  0.18734183E-02,  0.14607486E-03
     215.,  0.14828075E+02,  0.18885832E+02, -0.11976790E+01, -0.20905942E-03,  0.17177819E-02,  0.14794888E-03
     216.,  0.14916509E+02,  0.18396933E+02, -0.11976790E+01, -0.31004516E-03,  0.16018331E-02,  0.14841955E-03
     217.,  0.14945597E+02,  0.17886333E+02, -0.11976790E+01, -0.37095087E-03,  0.15203872E-02,  0.14825723E-03
     218.,  0.14911486E+02,  0.17376673E+02, -0.11976790E+01, -0.39898804E-03,  0.14612012E-02,  0.14862034E-03
     219.,  0.14818679E+02,  0.16890393E+02, -0.11976790E+01, -0.40505447E-03,  0.14130019E-02,  0.14901338E-03
     220.,  0.14678492E+02,  0.16445114E+02, -0.11976790E+01, -0.39930291E-03,  0.13695646E-02,  0.14932441E-03
     221.,  0.14505584E+02,  0.16051148E+02, -0.11976790E+01, -0.38899553E-03,  0.13291110E-02,  0.14946939E-03
     222.,  0.14314426E+02,  0.15711634E+02, -0.11976790E+01, -0.37835756E-03,  0.12920428E-02,  0.14952788E-03
     223.,  0.14117005E+02,  0.15424376E+02, -0.11976790E+01, -0.36938066E-03,  0.12591569E-02,  0.14955237E-03
     224.,  0.13922011E+02,  0.15184101E+02, -0.11976790E+01, -0.36269860E-03,  0.12309168E-02,  0.14956733E-03
     225.,  0.13735033E+02,  0.14984315E+02, -0.11976790E+01, -0.35824631E-03,  0.12073410E-02,  0.14957638E-03
     226.,  0.13534146E+02,  0.14796374E+02, -0.11976790E+01, -0.35543500E-03,  0.11856284E-02,  0.14957503E-03
     227.,  0.13292329E+02,  0.14600359E+02, -0.11976790E+01, -0.35448237E-03,  0.11643601E-02,  0.14957691E-03
     228.,  0.13002994E+02,  0.14401968E+02, -0.11976790E+01, -0.35631916E-03,  0.11459319E-02,  0.14957860E-03
     229.,  0.12660817E+02,  0.14210063E+02, -0.11976790E+01, -0.36180819E-03,  0.11343046E-02,  0.14957850E-03
     230.,  0.12263647E+02,  0.14036870E+02, -0.11976790E+01, -0.37125572E-03,  0.11353359E-02,  0.14957780E-03
     231.,  0.11814821E+02,  0.13897109E+02, -0.11976790E+01, -0.38365483E-03,  0.11565142E-02,  0.14957637E-03
     232.,  0.11325022E+02,  0.13805617E+02, -0.11976790E+01, -0.39595051E-03,  0.12054791E-02,  0.14957395E-03
     233.,  0.10812349E+02,  0.13773699E+02, -0.11976790E+01, -0.40299887E-03,  0.12872302E-02,  0.14957044E-03
     234.,  0.10299676E+02,  0.13805617E+02, -0.11976790E+01, -0.39884293E-03,  0.14012286E-02,  0.14956613E-03
     235.,  0.98098764E+01,  0.13897109E+02, -0.11976790E+01, -0.37895704E-03,  0.15405226E-02,  0.14956169E-03
     236.,  0.93610504E+01,  0.14036870E+02, -0.11976790E+01, -0.34202486E-03,  0.16939003E-02,  0.14955801E-03
     237.,  0.89638810E+01,  0.14210063E+02, -0.11976790E+01, -0.29008013E-03,  0.18496466E-02,  0.14955621E-03
     238.,  0.86217043E+01,  0.14401968E+02, -0.11976790E+01, -0.22724548E-03,  0.19985302E-02,  0.14955694E-03
     239.,  0.83323689E+01,  0.14600359E+02, -0.11976790E+01, -0.15815122E-03,  0.21348969E-02,  0.14956574E-03
     240.,  0.80905518E+01,  0.14796374E+02, -0.11976790E+01, -0.86849273E-04,  0.22562730E-02,  0.14958103E-03
     241.,  0.78896645E+01,  0.14984315E+02, -0.11976790E+01, -0.16357444E-04,  0.23623868E-02,  0.14958379E-03
     242.,  0.77026871E+01,  0.15184101E+02, -0.11976790E+01,  0.60264137E-04,  0.24657167E-02,  0.14962192E-03
     243.,  0.75076928E+01,  0.15424376E+02, -0.11976790E+01,  0.15399817E-03,  0.25786501E-02,  0.14968194E-03
     244.,  0.73102719E+01,  0.15711634E+02, -0.11976790E+01,  0.26728750E-03,  0.26994183E-02,  0.14977807E-03
     245.,  0.71191136E+01,  0.16051148E+02, -0.11976790E+01,  0.40122322E-03,  0.28248143E-02,  0.15000754E-03
     246.,  0.69462061E+01,  0.16445114E+02, -0.11976790E+01,  0.55371470E-03,  0.29505404E-02,  0.15031443E-03
     247.,  0.68060189E+01,  0.16890393E+02, -0.11976790E+01,  0.71709060E-03,  0.30725926E-02,  0.15069112E-03
     248.,  0.67132120E+01,  0.17376673E+02, -0.11976790E+01,  0.87625282E-03,  0.31900372E-02,  0.15073455E-03
     249.,  0.66791006E+01,  0.17886333E+02, -0.11976790E+01,  0.10101200E-02,  0.33079017E-02,  0.14952322E-03
     250.,  0.67081884E+01,  0.18396933E+02, -0.11976790E+01,  0.10977138E-02,  0.34363349E-02,  0.15037662E-03
     251.,  0.67966230E+01,  0.18885832E+02, -0.11976790E+01,  0.11272922E-02,  0.35824928E-02,  0.15288338E-03
     252.,  0.69335230E+01,  0.19334892E+02, -0.11976790E+01,  0.11045491E-02,  0.37421466E-02,  0.15225755E-03
     253.,  0.71043560E+01,  0.19733186E+02, -0.11976790E+01,  0.10522673E-02,  0.38974427E-02,  0.15286953E-03
     254.,  0.72945319E+01,  0.20077052E+02, -0.11976790E+01,  0.99911622E-03,  0.40295997E-02,  0.16277007E-03
     255.,  0.74918150E+01,  0.20368345E+02, -0.11976790E+01,  0.96230956E-03,  0.41330821E-02,  0.19245969E-03
     256.,  0.76872487E+01,  0.20612164E+02, -0.11976790E+01,  0.94346567E-03,  0.42128616E-02,  0.25643792E-03
     257.,  0.75364368E+01,  0.21150152E+02, -0.11976790E+01,  0.10187875E-02,  0.45600647E-02, -0.11010815E-02
     258.,  0.77595659E+01,  0.21361005E+02, -0.11976790E+01,  0.10560032E-02,  0.46424922E-02, -0.67581340E-03
     259.,  0.80287260E+01,  0.21581381E+02, -0.11976790E+01,  0.11627568E-02,  0.46280645E-02, -0.27141694E-03
     260.,  0.83515244E+01,  0.21804945E+02, -0.11976790E+01,  0.13242903E-02,  0.45132003E-02, -0.12387655E-03
     261.,  0.87342051E+01,  0.22021724E+02, -0.11976790E+01,  0.15076293E-02,  0.42547486E-02, -0.11241753E-05
     262.,  0.91794566E+01,  0.22217835E+02, -0.11976790E+01,  0.16661980E-02,  0.38278290E-02,  0.72632927E-04
     263.,  0.96837050E+01,  0.22376429E+02, -0.11976790E+01,  0.17691667E-02,  0.32781618E-02,  0.10252450E-03
     264.,  0.10234897E+02,  0.22480421E+02, -0.11976790E+01,  0.17949545E-02,  0.27916118E-02,  0.15305186E-03
     265.,  0.10812349E+02,  0.22516732E+02, -0.11976790E+01,  0.17087101E-02,  0.26150432E-02,  0.25120986E-03
     266.,  0.11389801E+02,  0.22480421E+02, -0.11976790E+01,  0.15381857E-02,  0.27681987E-02,  0.27559696E-03
     267.,  0.11940993E+02,  0.22376429E+02, -0.11976790E+01,  0.13564561E-02,  0.30562503E-02,  0.27770327E-03
     268.,  0.12445241E+02,  0.22217835E+02, -0.11976790E+01,  0.12234371E-02,  0.32811103E-02,  0.31772628E-03
     269.,  0.12890493E+02,  0.22021724E+02, -0.11976790E+01,  0.11279526E-02,  0.33578021E-02,  0.41244817E-03
     270.,  0.13273173E+02,  0.21804945E+02, -0.11976790E+01,  0.10490960E-02,  0.33142751E-02,  0.47703277E-03
     271.,  0.13595972E+02,  0.21581381E+02, -0.11976790E+01,  0.96084067E-03,  0.31829335E-02,  0.53581731E-03
     272.,  0.13865132E+02,  0.21361005E+02, -0.11976790E+01,  0.87715915E-03,  0.30357006E-02,  0.48701363E-03
     273.,  0.14088261E+02,  0.21150152E+02, -0.11976790E+01,  0.74106343E-03,  0.28440336E-02,  0.58860250E-03
     274.,  0.14297670E+02,  0.20923980E+02, -0.11976790E+01,  0.59945998E-03,  0.26431373E-02,  0.30770421E-03
     275.,  0.14515631E+02,  0.20652057E+02, -0.11976790E+01,  0.44462850E-03,  0.24362598E-02,  0.23103419E-03
     276.,  0.14735654E+02,  0.20327188E+02, -0.11976790E+01,  0.26323726E-03,  0.22034709E-02,  0.20924673E-03
     277.,  0.14947751E+02,  0.19943685E+02, -0.11976790E+01,  0.74778988E-04,  0.19701961E-02,  0.20319153E-03
     278.,  0.15138276E+02,  0.19499481E+02, -0.11976790E+01, -0.96610330E-04,  0.17640328E-02,  0.19856068E-03
     279.,  0.15290956E+02,  0.18998659E+02, -0.11976790E+01, -0.23087424E-03,  0.16089576E-02,  0.19611003E-03
     280.,  0.15389584E+02,  0.18453406E+02, -0.11976790E+01, -0.32275076E-03,  0.15076383E-02,  0.19018393E-03
     281.,  0.15422025E+02,  0.17883951E+02, -0.11976790E+01, -0.37654718E-03,  0.14461499E-02,  0.17405409E-03
     282.,  0.15383981E+02,  0.17315544E+02, -0.11976790E+01, -0.40194422E-03,  0.14056697E-02,  0.15788500E-03
     283.,  0.15280477E+02,  0.16773212E+02, -0.11976790E+01, -0.40943072E-03,  0.13721997E-02,  0.15086989E-03
     284.,  0.15124131E+02,  0.16276607E+02, -0.11976790E+01, -0.40732455E-03,  0.13393030E-02,  0.14896493E-03
     285.,  0.14931293E+02,  0.15837230E+02, -0.11976790E+01, -0.40129382E-03,  0.13061825E-02,  0.14861226E-03
     286.,  0.14718100E+02,  0.15458581E+02, -0.11976790E+01, -0.39488575E-03,  0.12741558E-02,  0.14867781E-03
     287.,  0.14497923E+02,  0.15138211E+02, -0.11976790E+01, -0.38992801E-03,  0.12446745E-02,  0.14883513E-03
     288.,  0.14280452E+02,  0.14870241E+02, -0.11976790E+01, -0.38704370E-03,  0.12186785E-02,  0.14895708E-03
     289.,  0.14071923E+02,  0.14647425E+02, -0.11976790E+01, -0.38618651E-03,  0.11965668E-02,  0.14905769E-03
     290.,  0.13847880E+02,  0.14437821E+02, -0.11976790E+01, -0.38727349E-03,  0.11759064E-02,  0.14917858E-03
     291.,  0.13578189E+02,  0.14219212E+02, -0.11976790E+01, -0.39112960E-03,  0.11554514E-02,  0.14928603E-03
     292.,  0.13255503E+02,  0.13997953E+02, -0.11976790E+01, -0.39897558E-03,  0.11376696E-02,  0.14937585E-03
     293.,  0.12873884E+02,  0.13783928E+02, -0.11976790E+01, -0.41197251E-03,  0.11267663E-02,  0.14945216E-03
     294.,  0.12430934E+02,  0.13590771E+02, -0.11976790E+01, -0.43063884E-03,  0.11291616E-02,  0.14951266E-03
     295.,  0.11930373E+02,  0.13434901E+02, -0.11976790E+01, -0.45393212E-03,  0.11533185E-02,  0.14955800E-03
     296.,  0.11384116E+02,  0.13332863E+02, -0.11976790E+01, -0.47827580E-03,  0.12081391E-02,  0.14959556E-03
     297.,  0.10812349E+02,  0.13297266E+02, -0.11976790E+01, -0.49739225E-03,  0.12996853E-02,  0.14964290E-03
     298.,  0.10240582E+02,  0.13332863E+02, -0.11976790E+01, -0.50380771E-03,  0.14276023E-02,  0.14971947E-03
     299.,  0.96943244E+01,  0.13434901E+02, -0.11976790E+01, -0.49167801E-03,  0.15839233E-02,  0.14982939E-03
     300.,  0.91937635E+01,  0.13590771E+02, -0.11976790E+01, -0.45908811E-03,  0.17556158E-02,  0.14995365E-03
     301.,  0.87508135E+01,  0.13783928E+02, -0.11976790E+01, -0.40826646E-03,  0.19291299E-02,  0.15006445E-03
     302.,  0.83691952E+01,  0.13997953E+02, -0.11976790E+01, -0.34401230E-03,  0.20939695E-02,  0.15014359E-03
     303.,  0.80465089E+01,  0.14219212E+02, -0.11976790E+01, -0.27176132E-03,  0.22438973E-02,  0.15017974E-03
     304.,  0.77768183E+01,  0.14437821E+02, -0.11976790E+01, -0.19625432E-03,  0.23763700E-02,  0.15019237E-03
     305.,  0.75527752E+01,  0.14647425E+02, -0.11976790E+01, -0.12103905E-03,  0.24913320E-02,  0.15021079E-03
     306.,  0.73442455E+01,  0.14870241E+02, -0.11976790E+01, -0.38815735E-04,  0.26024003E-02,  0.15005974E-03
     307.,  0.71267748E+01,  0.15138211E+02, -0.11976790E+01,  0.62314994E-04,  0.27226672E-02,  0.14971394E-03
     308.,  0.69065978E+01,  0.15458581E+02, -0.11976790E+01,  0.18535352E-03,  0.28496694E-02,  0.14897012E-03
     309.,  0.66934053E+01,  0.15837230E+02, -0.11976790E+01,  0.33227102E-03,  0.29792181E-02,  0.14706271E-03
     310.,  0.65005672E+01,  0.16276607E+02, -0.11976790E+01,  0.50251910E-03,  0.31057210E-02,  0.14236221E-03
     311.,  0.63442210E+01,  0.16773212E+02, -0.11976790E+01,  0.69002260E-03,  0.32241343E-02,  0.13063924E-03
     312.,  0.62407166E+01,  0.17315544E+02, -0.11976790E+01,  0.88014815E-03,  0.33327332E-02,  0.11359879E-03
     313.,  0.62026732E+01,  0.17883951E+02, -0.11976790E+01,  0.10503131E-02,  0.34374652E-02,  0.10439105E-03
     314.,  0.62351139E+01,  0.18453406E+02, -0.11976790E+01,  0.11767720E-02,  0.35558769E-02,  0.98836048E-04
     315.,  0.63337421E+01,  0.18998659E+02, -0.11976790E+01,  0.12376801E-02,  0.37070297E-02,  0.91539221E-04
     316.,  0.64864221E+01,  0.19499481E+02, -0.11976790E+01,  0.12284268E-02,  0.38890872E-02,  0.82435978E-04
     317.,  0.66769466E+01,  0.19943685E+02, -0.11976790E+01,  0.11734612E-02,  0.40805325E-02,  0.54572856E-04
     318.,  0.68890434E+01,  0.20327188E+02, -0.11976790E+01,  0.11105196E-02,  0.42446958E-02, -0.25423878E-04
     319.,  0.71090668E+01,  0.20652057E+02, -0.11976790E+01,  0.10713531E-02,  0.43557934E-02, -0.18753216E-03
     320.,  0.73270276E+01,  0.20923980E+02, -0.11976790E+01,  0.10592767E-02,  0.44285147E-02, -0.53252623E-03
     321.,  0.71978590E+01,  0.21485344E+02, -0.11976790E+01,  0.10703414E-02,  0.52330131E-02,  0.32290509E-02
     322.,  0.74440493E+01,  0.21717990E+02, -0.11976790E+01,  0.11813517E-02,  0.53892383E-02,  0.23130150E-02
     323.,  0.77410281E+01,  0.21961143E+02, -0.11976790E+01,  0.14854947E-02,  0.52657624E-02,  0.14449352E-02
     324.,  0.80971889E+01,  0.22207813E+02, -0.11976790E+01,  0.17812343E-02,  0.50266529E-02,  0.11897940E-02
     325.,  0.85194211E+01,  0.22446996E+02, -0.11976790E+01,  0.20625421E-02,  0.47021483E-02,  0.73458545E-03
     326.,  0.90106911E+01,  0.22663376E+02, -0.11976790E+01,  0.22795162E-02,  0.42078861E-02,  0.41309065E-03
     327.,  0.95670554E+01,  0.22838361E+02, -0.11976790E+01,  0.23784241E-02,  0.34578131E-02,  0.29193850E-03
     328.,  0.10175215E+02,  0.22953102E+02, -0.11976790E+01,  0.23084730E-02,  0.27231095E-02,  0.97897179E-04
     329.,  0.10812349E+02,  0.22993166E+02, -0.11976790E+01,  0.20058359E-02,  0.25521648E-02, -0.24621863E-03
     330.,  0.11449483E+02,  0.22953102E+02, -0.11976790E+01,  0.15454553E-02,  0.28754346E-02, -0.33109186E-03
     331.,  0.12057642E+02,  0.22838361E+02, -0.11976790E+01,  0.11955738E-02,  0.33169017E-02, -0.34489188E-03
     332.,  0.12614007E+02,  0.22663376E+02, -0.11976790E+01,  0.10344543E-02,  0.36136107E-02, -0.52096218E-03
     333.,  0.13105277E+02,  0.22446996E+02, -0.11976790E+01,  0.99582032E-03,  0.37141177E-02, -0.81514129E-03
     334.,  0.13527509E+02,  0.22207813E+02, -0.11976790E+01,  0.98797621E-03,  0.36585402E-02, -0.10306752E-02
     335.,  0.13883670E+02,  0.21961143E+02, -0.11976790E+01,  0.95157700E-03,  0.34795876E-02, -0.11239668E-02
     336.,  0.14180649E+02,  0.21717990E+02, -0.11976790E+01,  0.90208867E-03,  0.32395716E-02, -0.10626816E-02
     337.,  0.14426839E+02,  0.21485344E+02, -0.11976790E+01,  0.82514558E-03,  0.29769182E-02, -0.12435226E-02
     338.,  0.14657891E+02,  0.21235797E+02, -0.11976790E+01,  0.62483456E-03,  0.26567180E-02, -0.48504239E-03
     339.,  0.14898379E+02,  0.20935769E+02, -0.11976790E+01,  0.46126241E-03,  0.23916193E-02, -0.15505807E-03
     340.,  0.15141143E+02,  0.20577324E+02, -0.11976790E+01,  0.26077038E-03,  0.21118847E-02, -0.62210502E-04
     341.,  0.15375161E+02,  0.20154184E+02, -0.11976790E+01,  0.48730077E-04,  0.18406270E-02, -0.18270945E-04
     342.,  0.15585377E+02,  0.19664070E+02, -0.11976790E+01, -0.12689389E-03,  0.16283185E-02, -0.82841689E-05
     343.,  0.15753837E+02,  0.19111487E+02, -0.11976790E+01, -0.25180674E-03,  0.14931095E-02, -0.18862786E-04
     344.,  0.15862658E+02,  0.18509880E+02, -0.11976790E+01, -0.33150101E-03,  0.14221117E-02, -0.25309130E-05
     345.,  0.15898452E+02,  0.17881568E+02, -0.11976790E+01, -0.37615447E-03,  0.13885033E-02,  0.66884572E-04
     346.,  0.15856477E+02,  0.17254415E+02, -0.11976790E+01, -0.39887763E-03,  0.13678034E-02,  0.12823754E-03
     347.,  0.15742275E+02,  0.16656030E+02, -0.11976790E+01, -0.40927291E-03,  0.13458143E-02,  0.14950741E-03
     348.,  0.15569770E+02,  0.16108099E+02, -0.11976790E+01, -0.41232578E-03,  0.13197382E-02,  0.15368465E-03
     349.,  0.15357001E+02,  0.15623311E+02, -0.11976790E+01, -0.41173316E-03,  0.12911871E-02,  0.15386318E-03
     350.,  0.15121774E+02,  0.15205528E+02, -0.11976790E+01, -0.41039548E-03,  0.12624674E-02,  0.15311410E-03
     351.,  0.14878841E+02,  0.14852047E+02, -0.11976790E+01, -0.41007552E-03,  0.12354129E-02,  0.15232043E-03
     352.,  0.14638894E+02,  0.14556380E+02, -0.11976790E+01, -0.41144473E-03,  0.12111323E-02,  0.15179281E-03
     353.,  0.14408812E+02,  0.14310536E+02, -0.11976790E+01, -0.41449046E-03,  0.11901462E-02,  0.15138289E-03
     354.,  0.14161613E+02,  0.14079268E+02, -0.11976790E+01, -0.41966290E-03,  0.11703360E-02,  0.15093870E-03
     355.,  0.13864049E+02,  0.13838066E+02, -0.11976790E+01, -0.42848530E-03,  0.11505465E-02,  0.15053960E-03
     356.,  0.13508012E+02,  0.13593938E+02, -0.11976790E+01, -0.44247968E-03,  0.11332594E-02,  0.15021679E-03
     357.,  0.13086952E+02,  0.13357793E+02, -0.11976790E+01, -0.46313283E-03,  0.11228368E-02,  0.14995237E-03
     358.,  0.12598221E+02,  0.13144673E+02, -0.11976790E+01, -0.49132504E-03,  0.11262126E-02,  0.14974714E-03
     359.,  0.12045926E+02,  0.12972693E+02, -0.11976790E+01, -0.52619528E-03,  0.11528885E-02,  0.14960063E-03
     360.,  0.11443210E+02,  0.12860108E+02, -0.11976790E+01, -0.56379548E-03,  0.12132796E-02,  0.14948654E-03
     361.,  0.10812349E+02,  0.12820832E+02, -0.11976790E+01, -0.59659422E-03,  0.13148637E-02,  0.14933682E-03
     362.,  0.10181488E+02,  0.12860108E+02, -0.11976790E+01, -0.61518231E-03,  0.14576789E-02,  0.14907039E-03
     363.,  0.95787723E+01,  0.12972693E+02, -0.11976790E+01, -0.61195125E-03,  0.16326286E-02,  0.14866339E-03
     364.,  0.90264766E+01,  0.13144673E+02, -0.11976790E+01, -0.58422258E-03,  0.18245158E-02,  0.14818450E-03
     365.,  0.85377461E+01,  0.13357793E+02, -0.11976790E+01, -0.53456046E-03,  0.20176405E-02,  0.14773646E-03
     366.,  0.81166860E+01,  0.13593938E+02, -0.11976790E+01, -0.46869419E-03,  0.22000987E-02,  0.14738833E-03
     367.,  0.77606489E+01,  0.13838066E+02, -0.11976790E+01, -0.39303922E-03,  0.23650947E-02,  0.14715526E-03
     368.,  0.74630848E+01,  0.14079268E+02, -0.11976790E+01, -0.31316787E-03,  0.25100676E-02,  0.14695205E-03
     369.,  0.72158860E+01,  0.14310536E+02, -0.11976790E+01, -0.23312750E-03,  0.26352088E-02,  0.14674027E-03
     370.,  0.69858039E+01,  0.14556380E+02, -0.11976790E+01, -0.14535342E-03,  0.27555320E-02,  0.14698369E-03
     371.,  0.67458568E+01,  0.14852047E+02, -0.11976790E+01, -0.37035277E-04,  0.28850478E-02,  0.14772329E-03
     372.,  0.65029237E+01,  0.15205528E+02, -0.11976790E+01,  0.95314273E-04,  0.30209204E-02,  0.14961558E-03
     373.,  0.62676969E+01,  0.15623311E+02, -0.11976790E+01,  0.25446447E-03,  0.31581747E-02,  0.15484604E-03
     374.,  0.60549283E+01,  0.16108099E+02, -0.11976790E+01,  0.44155184E-03,  0.32896337E-02,  0.16870857E-03
     375.,  0.58824231E+01,  0.16656030E+02, -0.11976790E+01,  0.65422972E-03,  0.34073421E-02,  0.20968411E-03
     376.,  0.57682211E+01,  0.17254415E+02, -0.11976790E+01,  0.87871983E-03,  0.35073534E-02,  0.28013685E-03
     377.,  0.57262458E+01,  0.17881568E+02, -0.11976790E+01,  0.10875289E-02,  0.35902481E-02,  0.32661313E-03
     378.,  0.57620394E+01,  0.18509880E+02, -0.11976790E+01,  0.12608635E-02,  0.36781907E-02,  0.33579023E-03
     379.,  0.58708612E+01,  0.19111487E+02, -0.11976790E+01,  0.13674852E-02,  0.38156765E-02,  0.34783695E-03
     380.,  0.60393212E+01,  0.19664070E+02, -0.11976790E+01,  0.13710929E-02,  0.40215459E-02,  0.37812605E-03
     381.,  0.62495371E+01,  0.20154184E+02, -0.11976790E+01,  0.13060428E-02,  0.42526811E-02,  0.49833624E-03
     382.,  0.64835550E+01,  0.20577324E+02, -0.11976790E+01,  0.12164475E-02,  0.44811075E-02,  0.87492204E-03
     383.,  0.67263186E+01,  0.20935769E+02, -0.11976790E+01,  0.11382632E-02,  0.47081937E-02,  0.13168755E-02
     384.,  0.69668064E+01,  0.21235797E+02, -0.11976790E+01,  0.11249855E-02,  0.49386200E-02,  0.21128861E-02
     385.,  0.68592811E+01,  0.21820536E+02, -0.11976790E+01,  0.13220823E-02,  0.75660906E-02, -0.49461716E-02
     386.,  0.71285326E+01,  0.22074974E+02, -0.11976790E+01,  0.18883527E-02,  0.74498139E-02, -0.34509140E-02
     387.,  0.74533302E+01,  0.22340904E+02, -0.11976790E+01,  0.24284510E-02,  0.72775340E-02, -0.21648530E-02
     388.,  0.78428534E+01,  0.22610680E+02, -0.11976790E+01,  0.29613923E-02,  0.65932473E-02, -0.18955055E-02
     389.,  0.83046371E+01,  0.22872268E+02, -0.11976790E+01,  0.32378897E-02,  0.57910639E-02, -0.99402111E-03
     390.,  0.88419255E+01,  0.23108917E+02, -0.11976790E+01,  0.33332724E-02,  0.48568432E-02, -0.32726312E-03
     391.,  0.94504058E+01,  0.23300294E+02, -0.11976790E+01,  0.33458108E-02,  0.38034804E-02, -0.51610028E-04
     392.,  0.10115533E+02,  0.23425782E+02, -0.11976790E+01,  0.31360655E-02,  0.26570468E-02,  0.35453388E-03
     393.,  0.10812349E+02,  0.23469599E+02, -0.11976790E+01,  0.24468225E-02,  0.24837249E-02,  0.10183426E-02
     394.,  0.11509165E+02,  0.23425782E+02, -0.11976790E+01,  0.12911150E-02,  0.33879591E-02,  0.11598110E-02
     395.,  0.12174292E+02,  0.23300294E+02, -0.11976790E+01,  0.56166326E-03,  0.40887221E-02,  0.12294912E-02
     396.,  0.12782772E+02,  0.23108917E+02, -0.11976790E+01,  0.33629895E-03,  0.45779076E-02,  0.14982919E-02
     397.,  0.13320061E+02,  0.22872268E+02, -0.11976790E+01,  0.45042352E-03,  0.49190450E-02,  0.20687320E-02
     398.,  0.13781845E+02,  0.22610680E+02, -0.11976790E+01,  0.67446388E-03,  0.48780255E-02,  0.25104791E-02
     399.,  0.14171368E+02,  0.22340904E+02, -0.11976790E+01,  0.81229137E-03,  0.45713589E-02,  0.25371877E-02
     400.,  0.14496165E+02,  0.22074974E+02, -0.11976790E+01,  0.81123326E-03,  0.39673998E-02,  0.24085805E-02
     401.,  0.14765417E+02,  0.21820536E+02, -0.11976790E+01,  0.86950636E-03,  0.36224408E-02,  0.27267740E-02
     402.,  0.15018113E+02,  0.21547613E+02, -0.11976790E+01,  0.67731370E-03,  0.27292493E-02,  0.13455512E-02
     403.,  0.15281127E+02,  0.21219481E+02, -0.11976790E+01,  0.54426453E-03,  0.23021586E-02,  0.71713609E-03
     404.,  0.15546631E+02,  0.20827459E+02, -0.11976790E+01,  0.28495016E-03,  0.19382123E-02,  0.51742987E-03
     405.,  0.15802570E+02,  0.20364683E+02, -0.11976790E+01,  0.35737620E-04,  0.16539432E-02,  0.33780261E-03
     406.,  0.16032478E+02,  0.19828659E+02, -0.11976790E+01, -0.15266164E-03,  0.14656375E-02,  0.35091173E-03
     407.,  0.16216718E+02,  0.19224314E+02, -0.11976790E+01, -0.26314784E-03,  0.13759748E-02,  0.44076688E-03
     408.,  0.16335733E+02,  0.18566353E+02, -0.11976790E+01, -0.33210870E-03,  0.13564771E-02,  0.42315073E-03
     409.,  0.16374879E+02,  0.17879186E+02, -0.11976790E+01, -0.36846208E-03,  0.13598872E-02,  0.26143002E-03
     410.,  0.16328972E+02,  0.17193286E+02, -0.11976790E+01, -0.39134013E-03,  0.13545338E-02,  0.15941168E-03
     411.,  0.16204073E+02,  0.16538849E+02, -0.11976790E+01, -0.40676764E-03,  0.13374354E-02,  0.14031551E-03
     412.,  0.16015409E+02,  0.15939592E+02, -0.11976790E+01, -0.41597911E-03,  0.13134256E-02,  0.13778117E-03
     413.,  0.15782709E+02,  0.15409393E+02, -0.11976790E+01, -0.42111488E-03,  0.12865420E-02,  0.14087758E-03
     414.,  0.15525448E+02,  0.14952475E+02, -0.11976790E+01, -0.42491859E-03,  0.12594205E-02,  0.14306030E-03
     415.,  0.15259759E+02,  0.14565882E+02, -0.11976790E+01, -0.42922931E-03,  0.12337683E-02,  0.14486038E-03
     416.,  0.14997336E+02,  0.14242520E+02, -0.11976790E+01, -0.43487001E-03,  0.12106606E-02,  0.14592454E-03
     417.,  0.14745701E+02,  0.13973647E+02, -0.11976790E+01, -0.44170445E-03,  0.11904724E-02,  0.14666697E-03
     418.,  0.14475347E+02,  0.13720716E+02, -0.11976790E+01, -0.45086952E-03,  0.11710448E-02,  0.14743964E-03
     419.,  0.14149909E+02,  0.13456919E+02, -0.11976790E+01, -0.46461737E-03,  0.11515861E-02,  0.14811722E-03
     420.,  0.13760521E+02,  0.13189924E+02, -0.11976790E+01, -0.48469000E-03,  0.11344075E-02,  0.14863725E-03
     421.,  0.13300019E+02,  0.12931658E+02, -0.11976790E+01, -0.51305511E-03,  0.11239566E-02,  0.14904817E-03
     422.,  0.12765508E+02,  0.12698574E+02, -0.11976790E+01, -0.55122494E-03,  0.11276316E-02,  0.14935506E-03
     423.,  0.12161478E+02,  0.12510484E+02, -0.11976790E+01, -0.59892297E-03,  0.11560775E-02,  0.14955138E-03
     424.,  0.11502305E+02,  0.12387354E+02, -0.11976790E+01, -0.65214019E-03,  0.12215654E-02,  0.14967834E-03
     425.,  0.10812349E+02,  0.12344399E+02, -0.11976790E+01, -0.70188095E-03,  0.13334753E-02,  0.14985871E-03
     426.,  0.10122393E+02,  0.12387354E+02, -0.11976790E+01, -0.73592965E-03,  0.14925250E-02,  0.15025338E-03
     427.,  0.94632203E+01,  0.12510484E+02, -0.11976790E+01, -0.74395930E-03,  0.16883076E-02,  0.15092486E-03
     428.,  0.88591897E+01,  0.12698574E+02, -0.11976790E+01, -0.72217520E-03,  0.19029645E-02,  0.15175824E-03
     429.,  0.83246786E+01,  0.12931658E+02, -0.11976790E+01, -0.67374021E-03,  0.21181932E-02,  0.15257089E-03
     430.,  0.78641768E+01,  0.13189924E+02, -0.11976790E+01, -0.60576647E-03,  0.23204802E-02,  0.15325154E-03
     431.,  0.74747889E+01,  0.13456919E+02, -0.11976790E+01, -0.52602058E-03,  0.25024611E-02,  0.15381675E-03
     432.,  0.71493512E+01,  0.13720716E+02, -0.11976790E+01, -0.44100002E-03,  0.26617409E-02,  0.15441077E-03
     433.,  0.68789968E+01,  0.13973647E+02, -0.11976790E+01, -0.35561690E-03,  0.27987567E-02,  0.15516121E-03
     434.,  0.66273623E+01,  0.14242520E+02, -0.11976790E+01, -0.26162834E-03,  0.29297914E-02,  0.15535857E-03
     435.,  0.63649388E+01,  0.14565882E+02, -0.11976790E+01, -0.14545991E-03,  0.30706679E-02,  0.15521956E-03
     436.,  0.60992496E+01,  0.14952475E+02, -0.11976790E+01, -0.33267733E-05,  0.32183372E-02,  0.15419719E-03
     437.,  0.58419885E+01,  0.15409393E+02, -0.11976790E+01,  0.16813153E-03,  0.33674383E-02,  0.14966690E-03
     438.,  0.56092894E+01,  0.15939592E+02, -0.11976790E+01,  0.37137184E-03,  0.35099465E-02,  0.13380256E-03
     439.,  0.54206252E+01,  0.16538849E+02, -0.11976790E+01,  0.60759878E-03,  0.36347150E-02,  0.80055127E-04
     440.,  0.52957257E+01,  0.17193286E+02, -0.11976790E+01,  0.87022378E-03,  0.37267621E-02, -0.61645408E-04
     441.,  0.52498185E+01,  0.17879186E+02, -0.11976790E+01,  0.11135789E-02,  0.37743175E-02, -0.19592975E-03
     442.,  0.52889649E+01,  0.18566353E+02, -0.11976790E+01,  0.13373625E-02,  0.38088199E-02, -0.18430640E-03
     443.,  0.54079803E+01,  0.19224314E+02, -0.11976790E+01,  0.15130989E-02,  0.38951249E-02, -0.13273911E-03
     444.,  0.55922204E+01,  0.19828659E+02, -0.11976790E+01,  0.15467594E-02,  0.41016171E-02, -0.21514263E-03
     445.,  0.58221277E+01,  0.20364683E+02, -0.11976790E+01,  0.15034691E-02,  0.44498785E-02, -0.45629129E-03
     446.,  0.60780666E+01,  0.20827459E+02, -0.11976790E+01,  0.14106745E-02,  0.50668547E-02, -0.13131189E-02
     447.,  0.63435704E+01,  0.21219481E+02, -0.11976790E+01,  0.13304519E-02,  0.58557635E-02, -0.20073110E-02
     448.,  0.66065853E+01,  0.21547613E+02, -0.11976790E+01,  0.14654067E-02,  0.66336258E-02, -0.31733417E-02
     449.,  0.62681257E+01,  0.22405780E+02, -0.11976790E+01,  0.38723777E-01, -0.14966403E-01, -0.28766091E+00
     450.,  0.66487520E+01,  0.22617812E+02, -0.11976790E+01,  0.31895517E-01, -0.66938919E-02, -0.23945075E+00
     451.,  0.70756666E+01,  0.22839420E+02, -0.11976790E+01,  0.26564189E-01, -0.16340760E-02, -0.19183785E+00
     452.,  0.75565193E+01,  0.23064233E+02, -0.11976790E+01,  0.21374589E-01,  0.26703059E-02, -0.14076715E+00
     453.,  0.80975891E+01,  0.23282223E+02, -0.11976790E+01,  0.15846950E-01,  0.57777382E-02, -0.91161176E-01
     454.,  0.87015794E+01,  0.23479431E+02, -0.11976790E+01,  0.10381792E-01,  0.58525713E-02, -0.47721379E-01
     455.,  0.93648963E+01,  0.23638911E+02, -0.11976790E+01,  0.63456399E-02,  0.38432618E-02, -0.19051433E-01
     456.,  0.10075419E+02,  0.23743485E+02, -0.11976790E+01,  0.42851232E-02,  0.22678513E-02, -0.24593141E-02
     457.,  0.10812349E+02,  0.23779999E+02, -0.11976790E+01,  0.31166535E-02,  0.21188577E-02,  0.12462501E-01
     458.,  0.11549279E+02,  0.23743485E+02, -0.11976790E+01,  0.13003557E-03,  0.44098436E-02,  0.26611184E-01
     459.,  0.12259802E+02,  0.23638911E+02, -0.11976790E+01, -0.36752689E-02,  0.49678225E-02,  0.41719701E-01
     460.,  0.12923118E+02,  0.23479431E+02, -0.11976790E+01, -0.61062878E-02,  0.38151928E-02,  0.67663362E-01
     461.,  0.13527109E+02,  0.23282223E+02, -0.11976790E+01, -0.79610359E-02,  0.14891513E-02,  0.10407814E+00
     462.,  0.14068179E+02,  0.23064233E+02, -0.11976790E+01, -0.10426696E-01, -0.21487113E-02,  0.14222670E+00
     463.,  0.14549031E+02,  0.22839420E+02, -0.11976790E+01, -0.13341527E-01, -0.67944423E-02,  0.17580774E+00
     464.,  0.14975946E+02,  0.22617812E+02, -0.11976790E+01, -0.16341246E-01, -0.11477925E-01,  0.20343506E+00
     465.,  0.15356572E+02,  0.22405780E+02, -0.11976790E+01, -0.19555068E-01, -0.16837024E-01,  0.22686603E+00
     466.,  0.15567152E+02,  0.22022875E+02, -0.11976790E+01, -0.99897855E-02, -0.61488991E-02,  0.15135479E+00
     467.,  0.15786331E+02,  0.21593963E+02, -0.11976790E+01, -0.44412448E-02, -0.11306399E-02,  0.91037533E-01
     468.,  0.16007584E+02,  0.21111810E+02, -0.11976790E+01, -0.14667444E-02,  0.81814608E-03,  0.46413700E-01
     469.,  0.16220867E+02,  0.20570694E+02, -0.11976790E+01, -0.53088728E-03,  0.11576271E-02,  0.20956002E-01
     470.,  0.16412456E+02,  0.19968538E+02, -0.11976790E+01, -0.39990766E-03,  0.11797084E-02,  0.98470252E-02
     471.,  0.16565989E+02,  0.19309449E+02, -0.11976790E+01, -0.33812511E-03,  0.12633829E-02,  0.53551877E-02
     472.,  0.16665169E+02,  0.18605679E+02, -0.11976790E+01, -0.32637807E-03,  0.13320106E-02,  0.28780872E-02
     473.,  0.16697791E+02,  0.17877572E+02, -0.11976790E+01, -0.36147458E-03,  0.13603814E-02,  0.12801718E-02
     474.,  0.16659535E+02,  0.17150519E+02, -0.11976790E+01, -0.38491702E-03,  0.13573789E-02,  0.45618382E-03
     475.,  0.16555452E+02,  0.16449687E+02, -0.11976790E+01, -0.40506639E-03,  0.13384085E-02,  0.17029364E-03
     476.,  0.16398232E+02,  0.15794837E+02, -0.11976790E+01, -0.41967424E-03,  0.13128012E-02,  0.86811304E-04
     477.,  0.16204316E+02,  0.15197536E+02, -0.11976790E+01, -0.43075662E-03,  0.12856237E-02,  0.65365557E-04
     478.,  0.15989932E+02,  0.14661302E+02, -0.11976790E+01, -0.44145468E-03,  0.12592551E-02,  0.61816491E-04
     479.,  0.15768524E+02,  0.14183672E+02, -0.11976790E+01, -0.45381490E-03,  0.12349951E-02,  0.62344450E-04
     480.,  0.15549838E+02,  0.13758735E+02, -0.11976790E+01, -0.46851139E-03,  0.12136699E-02,  0.63417314E-04
     481.,  0.15340142E+02,  0.13379206E+02, -0.11976790E+01, -0.48604582E-03,  0.11957651E-02,  0.63477682E-04
     482.,  0.14958597E+02,  0.13168430E+02, -0.11976790E+01, -0.49506032E-03,  0.11770550E-02,  0.93577236E-04
     483.,  0.14531149E+02,  0.12948599E+02, -0.11976790E+01, -0.50868817E-03,  0.11575440E-02,  0.11554992E-03
     484.,  0.14050409E+02,  0.12726103E+02, -0.11976790E+01, -0.52901235E-03,  0.11396811E-02,  0.13067029E-03
     485.,  0.13510408E+02,  0.12510882E+02, -0.11976790E+01, -0.55848791E-03,  0.11281898E-02,  0.14035067E-03
     486.,  0.12908732E+02,  0.12316645E+02, -0.11976790E+01, -0.59931648E-03,  0.11310713E-02,  0.14601013E-03
     487.,  0.12249123E+02,  0.12159903E+02, -0.11976790E+01, -0.65204786E-03,  0.11599230E-02,  0.14901415E-03
     488.,  0.11543562E+02,  0.12057295E+02, -0.11976790E+01, -0.71344189E-03,  0.12282658E-02,  0.15077230E-03
     489.,  0.10812349E+02,  0.12021499E+02, -0.11976790E+01, -0.77492536E-03,  0.13469309E-02,  0.15284298E-03
     490.,  0.10081136E+02,  0.12057295E+02, -0.11976790E+01, -0.82413347E-03,  0.15181559E-02,  0.15691277E-03
     491.,  0.93755751E+01,  0.12159903E+02, -0.11976790E+01, -0.85003420E-03,  0.17328572E-02,  0.16446818E-03
     492.,  0.87159662E+01,  0.12316645E+02, -0.11976790E+01, -0.84783864E-03,  0.19739295E-02,  0.17621470E-03
     493.,  0.81142903E+01,  0.12510882E+02, -0.11976790E+01, -0.81974387E-03,  0.22230275E-02,  0.19176438E-03
     494.,  0.75742889E+01,  0.12726103E+02, -0.11976790E+01, -0.77210628E-03,  0.24659338E-02,  0.20976423E-03
     495.,  0.70935489E+01,  0.12948599E+02, -0.11976790E+01, -0.71215980E-03,  0.26943268E-02,  0.22789094E-03
     496.,  0.66661008E+01,  0.13168430E+02, -0.11976790E+01, -0.64610442E-03,  0.29048460E-02,  0.24245389E-03
     497.,  0.62845555E+01,  0.13379206E+02, -0.11976790E+01, -0.57824447E-03,  0.30977772E-02,  0.24760456E-03
     498.,  0.60748601E+01,  0.13758735E+02, -0.11976790E+01, -0.44513717E-03,  0.32086288E-02,  0.21140010E-03
     499.,  0.58561738E+01,  0.14183672E+02, -0.11976790E+01, -0.29299228E-03,  0.33288511E-02,  0.16727401E-03
     500.,  0.56347661E+01,  0.14661302E+02, -0.11976790E+01, -0.11869487E-03,  0.34562548E-02,  0.10234240E-03
     501.,  0.54203819E+01,  0.15197536E+02, -0.11976790E+01,  0.80745093E-04,  0.35869717E-02, -0.13474806E-04
     502.,  0.52264660E+01,  0.15794837E+02, -0.11976790E+01,  0.30854102E-03,  0.37146363E-02, -0.25154142E-03
     503.,  0.50692458E+01,  0.16449687E+02, -0.11976790E+01,  0.56822387E-03,  0.38291811E-02, -0.79962351E-03
     504.,  0.49651629E+01,  0.17150519E+02, -0.11976790E+01,  0.86146726E-03,  0.39137330E-02, -0.19035010E-02
     505.,  0.49269069E+01,  0.17877572E+02, -0.11976790E+01,  0.11486902E-02,  0.39595287E-02, -0.38725332E-02
     506.,  0.49595289E+01,  0.18605679E+02, -0.11976790E+01,  0.15263166E-02,  0.39638653E-02, -0.73797715E-02
     507.,  0.50587084E+01,  0.19309449E+02, -0.11976790E+01,  0.21271300E-02,  0.39539848E-02, -0.14077021E-01
     508.,  0.52122418E+01,  0.19968538E+02, -0.11976790E+01,  0.32027747E-02,  0.40952250E-02, -0.28574403E-01
     509.,  0.54038312E+01,  0.20570694E+02, -0.11976790E+01,  0.56008966E-02,  0.42216699E-02, -0.57569494E-01
     510.,  0.56171136E+01,  0.21111810E+02, -0.11976790E+01,  0.98508514E-02,  0.34661414E-02, -0.10169013E+00
     511.,  0.58383669E+01,  0.21593963E+02, -0.11976790E+01,  0.15868039E-01,  0.10134613E-02, -0.15619423E+00
     512.,  0.60575459E+01,  0.22022875E+02, -0.11976790E+01,  0.24326039E-01, -0.42345068E-02, -0.21730996E+00
     513.,  0.56769704E+01,  0.22991024E+02, -0.11976790E+01,  0.13777916E+00, -0.11842268E+00, -0.75420036E+00
     514.,  0.61689714E+01,  0.23160649E+02, -0.11976790E+01,  0.11986999E+00, -0.99660902E-01, -0.65160655E+00
     515.,  0.66980031E+01,  0.23337936E+02, -0.11976790E+01,  0.99351506E-01, -0.77923395E-01, -0.53856219E+00
     516.,  0.72701852E+01,  0.23517786E+02, -0.11976790E+01,  0.76136853E-01, -0.51959999E-01, -0.41691131E+00
     517.,  0.78905411E+01,  0.23692179E+02, -0.11976790E+01,  0.51302745E-01, -0.24648384E-01, -0.29082443E+00
     518.,  0.85612333E+01,  0.23849944E+02, -0.11976790E+01,  0.30331564E-01, -0.51688113E-02, -0.17261958E+00
     519.,  0.92793868E+01,  0.23977529E+02, -0.11976790E+01,  0.15465636E-01,  0.18737099E-02, -0.78654936E-01
     520.,  0.10035305E+02,  0.24061188E+02, -0.11976790E+01,  0.72669430E-02,  0.19127172E-02, -0.15389549E-01
     521.,  0.10812349E+02,  0.24090399E+02, -0.11976790E+01,  0.30773391E-02,  0.17693717E-02,  0.37001402E-01
     522.,  0.11589393E+02,  0.24061188E+02, -0.11976790E+01, -0.37076321E-02,  0.23554379E-02,  0.85497817E-01
     523.,  0.12345311E+02,  0.23977529E+02, -0.11976790E+01, -0.13267466E-01, -0.40033596E-02,  0.13698081E+00
     524.,  0.13063465E+02,  0.23849944E+02, -0.11976790E+01, -0.23465783E-01, -0.18073600E-01,  0.21314886E+00
     525.,  0.13734157E+02,  0.23692179E+02, -0.11976790E+01, -0.36353635E-01, -0.37269259E-01,  0.31026464E+00
     526.,  0.14354513E+02,  0.23517786E+02, -0.11976790E+01, -0.50702572E-01, -0.58616115E-01,  0.40738053E+00
     527.,  0.14926695E+02,  0.23337936E+02, -0.11976790E+01, -0.64767383E-01, -0.79139529E-01,  0.49786226E+00
     528.,  0.15455726E+02,  0.23160649E+02, -0.11976790E+01, -0.77222483E-01, -0.96811761E-01,  0.57818415E+00
     529.,  0.15947728E+02,  0.22991024E+02, -0.11976790E+01, -0.87864739E-01, -0.11134091E+00,  0.64961402E+00
     530.,  0.16116191E+02,  0.22498138E+02, -0.11976790E+01, -0.57681970E-01, -0.68858501E-01,  0.47906809E+00
     531.,  0.16291535E+02,  0.21968445E+02, -0.11976790E+01, -0.30607165E-01, -0.32622682E-01,  0.31359699E+00
     532.,  0.16468537E+02,  0.21396160E+02, -0.11976790E+01, -0.12280434E-01, -0.10381603E-01,  0.17556226E+00
     533.,  0.16639163E+02,  0.20776705E+02, -0.11976790E+01, -0.37629718E-02, -0.16189445E-02,  0.83080111E-01
     534.,  0.16792435E+02,  0.20108418E+02, -0.11976790E+01, -0.12259563E-02,  0.54415761E-03,  0.36627196E-01
     535.,  0.16915261E+02,  0.19394584E+02, -0.11976790E+01, -0.51515743E-03,  0.11447556E-02,  0.16782389E-01
     536.,  0.16994605E+02,  0.18645006E+02, -0.11976790E+01, -0.33294594E-03,  0.13359368E-02,  0.76516161E-02
     537.,  0.17020703E+02,  0.17875957E+02, -0.11976790E+01, -0.35698282E-03,  0.13735044E-02,  0.31311126E-02
     538.,  0.16990098E+02,  0.17107753E+02, -0.11976790E+01, -0.38007121E-03,  0.13649819E-02,  0.10792486E-02
     539.,  0.16906831E+02,  0.16360524E+02, -0.11976790E+01, -0.40529852E-03,  0.13392650E-02,  0.30561467E-03
     540.,  0.16781055E+02,  0.15650082E+02, -0.11976790E+01, -0.42508823E-03,  0.13102059E-02,  0.49845212E-04
     541.,  0.16625923E+02,  0.14985678E+02, -0.11976790E+01, -0.44164125E-03,  0.12818255E-02, -0.34816440E-04
     542.,  0.16454415E+02,  0.14370129E+02, -0.11976790E+01, -0.45855084E-03,  0.12556202E-02, -0.63081088E-04
     543.,  0.16277289E+02,  0.13801463E+02, -0.11976790E+01, -0.47731480E-03,  0.12329369E-02, -0.73022519E-04
     544.,  0.16102340E+02,  0.13274951E+02, -0.11976790E+01, -0.49865368E-03,  0.12141150E-02, -0.77855489E-04
     545.,  0.15934584E+02,  0.12784764E+02, -0.11976790E+01, -0.52175106E-03,  0.11994325E-02, -0.81093035E-04
     546.,  0.15441847E+02,  0.12616144E+02, -0.11976790E+01, -0.53044089E-03,  0.11832910E-02, -0.74405600E-05
     547.,  0.14912389E+02,  0.12440279E+02, -0.11976790E+01, -0.54408207E-03,  0.11646159E-02,  0.51713981E-04
     548.,  0.14340297E+02,  0.12262282E+02, -0.11976790E+01, -0.56509792E-03,  0.11462629E-02,  0.94532114E-04
     549.,  0.13720796E+02,  0.12090105E+02, -0.11976790E+01, -0.59643699E-03,  0.11334744E-02,  0.12258883E-03
     550.,  0.13051955E+02,  0.11934716E+02, -0.11976790E+01, -0.64102508E-03,  0.11350668E-02,  0.13904531E-03
     551.,  0.12336768E+02,  0.11809323E+02, -0.11976790E+01, -0.70025616E-03,  0.11637875E-02,  0.14775041E-03
     552.,  0.11584819E+02,  0.11727236E+02, -0.11976790E+01, -0.77160537E-03,  0.12345474E-02,  0.15281841E-03
     553.,  0.10812349E+02,  0.11698599E+02, -0.11976790E+01, -0.84679631E-03,  0.13596942E-02,  0.15855711E-03
     554.,  0.10039879E+02,  0.11727236E+02, -0.11976790E+01, -0.91314514E-03,  0.15429906E-02,  0.16950729E-03
     555.,  0.92879298E+01,  0.11809323E+02, -0.11976790E+01, -0.95869912E-03,  0.17766353E-02,  0.18992760E-03
     556.,  0.85727428E+01,  0.11934716E+02, -0.11976790E+01, -0.97742994E-03,  0.20441587E-02,  0.22222814E-03
     557.,  0.79039020E+01,  0.12090105E+02, -0.11976790E+01, -0.97037361E-03,  0.23269319E-02,  0.26530003E-03
     558.,  0.72844009E+01,  0.12262282E+02, -0.11976790E+01, -0.94302682E-03,  0.26096645E-02,  0.31371997E-03
     559.,  0.67123089E+01,  0.12440279E+02, -0.11976790E+01, -0.90203560E-03,  0.28825543E-02,  0.35719100E-03
     560.,  0.61828505E+01,  0.12616144E+02, -0.11976790E+01, -0.85310873E-03,  0.31408543E-02,  0.37890299E-03
     561.,  0.56901142E+01,  0.12784764E+02, -0.11976790E+01, -0.80037210E-03,  0.33827642E-02,  0.35275040E-03
     562.,  0.55223579E+01,  0.13274951E+02, -0.11976790E+01, -0.62448041E-03,  0.34735051E-02,  0.24415097E-03
     563.,  0.53474089E+01,  0.13801463E+02, -0.11976790E+01, -0.43476135E-03,  0.35739525E-02,  0.10776179E-03
     564.,  0.51702827E+01,  0.14370129E+02, -0.11976790E+01, -0.22839082E-03,  0.36830304E-02, -0.89106898E-04
     565.,  0.49987753E+01,  0.14985678E+02, -0.11976790E+01, -0.18418545E-05,  0.37982040E-02, -0.42109750E-03
     566.,  0.48436426E+01,  0.15650082E+02, -0.11976790E+01,  0.24906268E-03,  0.39155387E-02, -0.10689933E-02
     567.,  0.47178665E+01,  0.16360524E+02, -0.11976790E+01,  0.53233194E-03,  0.40273776E-02, -0.24450950E-02
     568.,  0.46346001E+01,  0.17107753E+02, -0.11976790E+01,  0.85916075E-03,  0.41200085E-02, -0.52817927E-02
     569.,  0.46039953E+01,  0.17875957E+02, -0.11976790E+01,  0.12100210E-02,  0.41832067E-02, -0.11278321E-01
     570.,  0.46300929E+01,  0.18645006E+02, -0.11976790E+01,  0.19615246E-02,  0.41109904E-02, -0.23798576E-01
     571.,  0.47094365E+01,  0.19394584E+02, -0.11976790E+01,  0.39846640E-02,  0.35394850E-02, -0.49253517E-01
     572.,  0.48322632E+01,  0.20108418E+02, -0.11976790E+01,  0.93496404E-02,  0.11229005E-02, -0.10133553E+00
     573.,  0.49855348E+01,  0.20776705E+02, -0.11976790E+01,  0.22004095E-01, -0.70282209E-02, -0.19236829E+00
     574.,  0.51561607E+01,  0.21396160E+02, -0.11976790E+01,  0.43481582E-01, -0.24535087E-01, -0.31637493E+00
     575.,  0.53331633E+01,  0.21968445E+02, -0.11976790E+01,  0.71386578E-01, -0.50374585E-01, -0.45773717E+00
     576.,  0.55085065E+01,  0.22498138E+02, -0.11976790E+01,  0.10396244E+00, -0.82718625E-01, -0.60658998E+00
     577.,  0.50858150E+01,  0.23576268E+02, -0.11976790E+01,  0.22948077E+00, -0.21475451E+00, -0.12056682E+01
     578.,  0.56891908E+01,  0.23703487E+02, -0.11976790E+01,  0.20275326E+00, -0.18745347E+00, -0.10517867E+01
     579.,  0.63203396E+01,  0.23836451E+02, -0.11976790E+01,  0.17378250E+00, -0.15675601E+00, -0.88962991E+00
     580.,  0.69838512E+01,  0.23971339E+02, -0.11976790E+01,  0.13955700E+00, -0.11855092E+00, -0.71468068E+00
     581.,  0.76834930E+01,  0.24102134E+02, -0.11976790E+01,  0.10085745E+00, -0.73263671E-01, -0.53047597E+00
     582.,  0.84208872E+01,  0.24220458E+02, -0.11976790E+01,  0.63053608E-01, -0.32389808E-01, -0.34418364E+00
     583.,  0.91938774E+01,  0.24316146E+02, -0.11976790E+01,  0.33772359E-01, -0.67002998E-02, -0.17974427E+00
     584.,  0.99951909E+01,  0.24378891E+02, -0.11976790E+01,  0.13787996E-01,  0.16199722E-02, -0.45711005E-01
     585.,  0.10812349E+02,  0.24400799E+02, -0.11976790E+01,  0.20872959E-02,  0.13914752E-02,  0.68034515E-01
     586.,  0.11629507E+02,  0.24378891E+02, -0.11976790E+01, -0.11698943E-01, -0.19277007E-02,  0.16610537E+00
     587.,  0.12430821E+02,  0.24316146E+02, -0.11976790E+01, -0.29728600E-01, -0.21942663E-01,  0.26294138E+00
     588.,  0.13203811E+02,  0.24220458E+02, -0.11976790E+01, -0.49227205E-01, -0.52868530E-01,  0.39151904E+00
     589.,  0.13941205E+02,  0.24102134E+02, -0.11976790E+01, -0.70977975E-01, -0.86702101E-01,  0.53782661E+00
     590.,  0.14640847E+02,  0.23971339E+02, -0.11976790E+01, -0.95570913E-01, -0.12312490E+00,  0.68750319E+00
     591.,  0.15304358E+02,  0.23836451E+02, -0.11976790E+01, -0.12073519E+00, -0.15881444E+00,  0.83355722E+00
     592.,  0.15935507E+02,  0.23703487E+02, -0.11976790E+01, -0.14515068E+00, -0.19283640E+00,  0.97365257E+00
     593.,  0.16538883E+02,  0.23576268E+02, -0.11976790E+01, -0.16653481E+00, -0.22283339E+00,  0.11026157E+01
     594.,  0.16665231E+02,  0.22973400E+02, -0.11976790E+01, -0.12007822E+00, -0.15619715E+00,  0.85379938E+00
     595.,  0.16796738E+02,  0.22342928E+02, -0.11976790E+01, -0.74375939E-01, -0.91459280E-01,  0.60257253E+00
     596.,  0.16929490E+02,  0.21680510E+02, -0.11976790E+01, -0.35539292E-01, -0.38865328E-01,  0.36806185E+00
     597.,  0.17057460E+02,  0.20982716E+02, -0.11976790E+01, -0.12215318E-01, -0.10329035E-01,  0.18759384E+00
     598.,  0.17172413E+02,  0.20248298E+02, -0.11976790E+01, -0.32434519E-02, -0.10156954E-02,  0.81969987E-01
     599.,  0.17264533E+02,  0.19479719E+02, -0.11976790E+01, -0.82381032E-03,  0.10327184E-02,  0.33947192E-01
     600.,  0.17324041E+02,  0.18684332E+02, -0.11976790E+01, -0.36054309E-03,  0.13881643E-02,  0.13988008E-01
     601.,  0.17343614E+02,  0.17874343E+02, -0.11976790E+01, -0.35827908E-03,  0.13988835E-02,  0.55423842E-02
     602.,  0.17320661E+02,  0.17064986E+02, -0.11976790E+01, -0.37928034E-03,  0.13735923E-02,  0.19436459E-02
     603.,  0.17258211E+02,  0.16271362E+02, -0.11976790E+01, -0.40810116E-03,  0.13383035E-02,  0.55368869E-03
     604.,  0.17163879E+02,  0.15505327E+02, -0.11976790E+01, -0.43215196E-03,  0.13052186E-02,  0.58145506E-04
     605.,  0.17047529E+02,  0.14773821E+02, -0.11976790E+01, -0.45365987E-03,  0.12743865E-02, -0.12031496E-03
     606.,  0.16918899E+02,  0.14078956E+02, -0.11976790E+01, -0.47506016E-03,  0.12487719E-02, -0.18665113E-03
     607.,  0.16786054E+02,  0.13419253E+02, -0.11976790E+01, -0.49869721E-03,  0.12279177E-02, -0.21415306E-03
     608.,  0.16654842E+02,  0.12791166E+02, -0.11976790E+01, -0.52328032E-03,  0.12122978E-02, -0.22856264E-03
     609.,  0.16529025E+02,  0.12190323E+02, -0.11976790E+01, -0.54647865E-03,  0.12018618E-02, -0.23687139E-03
     610.,  0.15925098E+02,  0.12063857E+02, -0.11976790E+01, -0.55469572E-03,  0.11899411E-02, -0.12594578E-03
     611.,  0.15293629E+02,  0.11931959E+02, -0.11976790E+01, -0.56848316E-03,  0.11731601E-02, -0.29092800E-04
     612.,  0.14630185E+02,  0.11798461E+02, -0.11976790E+01, -0.59065666E-03,  0.11546000E-02,  0.46195506E-04
     613.,  0.13931184E+02,  0.11669329E+02, -0.11976790E+01, -0.62476403E-03,  0.11402547E-02,  0.97846008E-04
     614.,  0.13195179E+02,  0.11552787E+02, -0.11976790E+01, -0.67453116E-03,  0.11400277E-02,  0.12898062E-03
     615.,  0.12424413E+02,  0.11458742E+02, -0.11976790E+01, -0.74220669E-03,  0.11680467E-02,  0.14571727E-03
     616.,  0.11626077E+02,  0.11397177E+02, -0.11976790E+01, -0.82589318E-03,  0.12407684E-02,  0.15553072E-03
     617.,  0.10812349E+02,  0.11375699E+02, -0.11976790E+01, -0.91745502E-03,  0.13721338E-02,  0.16641141E-03
     618.,  0.99986211E+01,  0.11397177E+02, -0.11976790E+01, -0.10037023E-02,  0.15674489E-02,  0.18675058E-03
     619.,  0.92002846E+01,  0.11458742E+02, -0.11976790E+01, -0.10715262E-02,  0.18201643E-02,  0.22447815E-03
     620.,  0.84295193E+01,  0.11552787E+02, -0.11976790E+01, -0.11133709E-02,  0.21143437E-02,  0.28389449E-03
     621.,  0.76935138E+01,  0.11669329E+02, -0.11976790E+01, -0.11288635E-02,  0.24308537E-02,  0.36145517E-03
     622.,  0.69945129E+01,  0.11798461E+02, -0.11976790E+01, -0.11225356E-02,  0.27529119E-02,  0.44323235E-03
     623.,  0.63310689E+01,  0.11931959E+02, -0.11976790E+01, -0.11004744E-02,  0.30686858E-02,  0.50439916E-03
     624.,  0.56996001E+01,  0.12063857E+02, -0.11976790E+01, -0.10680368E-02,  0.33710149E-02,  0.51037792E-03
     625.,  0.50956728E+01,  0.12190323E+02, -0.11976790E+01, -0.10293095E-02,  0.36559692E-02,  0.42620916E-03
     626.,  0.49698556E+01,  0.12791166E+02, -0.11976790E+01, -0.80413309E-03,  0.37252168E-02,  0.22418498E-03
     627.,  0.48386439E+01,  0.13419253E+02, -0.11976790E+01, -0.57326692E-03,  0.38051859E-02, -0.31020620E-04
     628.,  0.47057993E+01,  0.14078956E+02, -0.11976790E+01, -0.33260322E-03,  0.38962207E-02, -0.39948967E-03
     629.,  0.45771687E+01,  0.14773821E+02, -0.11976790E+01, -0.78846339E-04,  0.39982127E-02, -0.10133428E-02
     630.,  0.44608192E+01,  0.15505327E+02, -0.11976790E+01,  0.19508404E-03,  0.41083534E-02, -0.21720085E-02
     631.,  0.43664871E+01,  0.16271362E+02, -0.11976790E+01,  0.50309680E-03,  0.42245525E-02, -0.45589578E-02
     632.,  0.43040373E+01,  0.17064986E+02, -0.11976790E+01,  0.87050768E-03,  0.43360390E-02, -0.95503777E-02
     633.,  0.42810837E+01,  0.17874343E+02, -0.11976790E+01,  0.13198171E-02,  0.44584900E-02, -0.20725759E-01
     634.,  0.43006569E+01,  0.18684332E+02, -0.11976790E+01,  0.26413824E-02,  0.42836905E-02, -0.45960821E-01
     635.,  0.43601646E+01,  0.19479719E+02, -0.11976790E+01,  0.72961255E-02,  0.22664649E-02, -0.99758928E-01
     636.,  0.44522847E+01,  0.20248298E+02, -0.11976790E+01,  0.20373771E-01, -0.61580610E-02, -0.20282932E+00
     637.,  0.45672383E+01,  0.20982716E+02, -0.11976790E+01,  0.47613811E-01, -0.28492776E-01, -0.36356134E+00
     638.,  0.46952078E+01,  0.21680510E+02, -0.11976790E+01,  0.87873301E-01, -0.66546160E-01, -0.56432932E+00
     639.,  0.48279597E+01,  0.22342928E+02, -0.11976790E+01,  0.13499577E+00, -0.11449502E+00, -0.78116093E+00
     640.,  0.49594671E+01,  0.22973400E+02, -0.11976790E+01,  0.18321593E+00, -0.16553345E+00, -0.99767764E+00
     641.,  0.44946597E+01,  0.24161511E+02, -0.11976790E+01,  0.31955737E+00, -0.30893963E+00, -0.16529931E+01
     642.,  0.52094102E+01,  0.24246324E+02, -0.11976790E+01,  0.28052421E+00, -0.26891994E+00, -0.14400928E+01
     643.,  0.59426760E+01,  0.24334967E+02, -0.11976790E+01,  0.24369266E+00, -0.23155323E+00, -0.12312084E+01
     644.,  0.66975171E+01,  0.24424893E+02, -0.11976790E+01,  0.20409564E+00, -0.18837806E+00, -0.10172184E+01
     645.,  0.74764450E+01,  0.24512089E+02, -0.11976790E+01,  0.15467804E+00, -0.12999401E+00, -0.78300625E+00
     646.,  0.82805411E+01,  0.24590972E+02, -0.11976790E+01,  0.10403666E+00, -0.69954273E-01, -0.53835689E+00
     647.,  0.91083679E+01,  0.24654764E+02, -0.11976790E+01,  0.58437059E-01, -0.22293366E-01, -0.30385487E+00
     648.,  0.99550769E+01,  0.24696593E+02, -0.11976790E+01,  0.24666542E-01,  0.81287158E-03, -0.94378242E-01
     649.,  0.10812349E+02,  0.24711199E+02, -0.11976790E+01, -0.83184824E-03,  0.14265023E-02,  0.10024027E+00
     650.,  0.11669621E+02,  0.24696593E+02, -0.11976790E+01, -0.24706163E-01, -0.81112864E-02,  0.26285081E+00
     651.,  0.12516330E+02,  0.24654764E+02, -0.11976790E+01, -0.53352877E-01, -0.49319286E-01,  0.41470605E+00
     652.,  0.13344157E+02,  0.24590972E+02, -0.11976790E+01, -0.79208592E-01, -0.96331475E-01,  0.58591153E+00
     653.,  0.14148253E+02,  0.24512089E+02, -0.11976790E+01, -0.10784391E+00, -0.14128911E+00,  0.77567018E+00
     654.,  0.14927181E+02,  0.24424893E+02, -0.11976790E+01, -0.14424037E+00, -0.19279416E+00,  0.97766126E+00
     655.,  0.15682022E+02,  0.24334967E+02, -0.11976790E+01, -0.18508379E+00, -0.25004298E+00,  0.11909431E+01
     656.,  0.16415288E+02,  0.24246324E+02, -0.11976790E+01, -0.22133069E+00, -0.30163781E+00,  0.13904360E+01
     657.,  0.17130038E+02,  0.24161511E+02, -0.11976790E+01, -0.25172997E+00, -0.34441138E+00,  0.15728644E+01
     658.,  0.17214270E+02,  0.23448662E+02, -0.11976790E+01, -0.18836871E+00, -0.25303475E+00,  0.12451426E+01
     659.,  0.17301942E+02,  0.22717410E+02, -0.11976790E+01, -0.12618210E+00, -0.16370293E+00,  0.91671275E+00
     660.,  0.17390443E+02,  0.21964861E+02, -0.11976790E+01, -0.68558434E-01, -0.82555669E-01,  0.59758297E+00
     661.,  0.17475756E+02,  0.21188727E+02, -0.11976790E+01, -0.26440689E-01, -0.26879328E-01,  0.32516298E+00
     662.,  0.17552392E+02,  0.20388177E+02, -0.11976790E+01, -0.67804799E-02, -0.41171637E-02,  0.14462862E+00
     663.,  0.17613805E+02,  0.19564854E+02, -0.11976790E+01, -0.12996419E-02,  0.99509482E-03,  0.55892201E-01
     664.,  0.17653477E+02,  0.18723659E+02, -0.11976790E+01, -0.41501409E-03,  0.14795096E-02,  0.21145916E-01
     665.,  0.17666526E+02,  0.17872728E+02, -0.11976790E+01, -0.37116129E-03,  0.14291271E-02,  0.81770465E-02
     666.,  0.17651223E+02,  0.17022220E+02, -0.11976790E+01, -0.38281964E-03,  0.13774149E-02,  0.29316634E-02
     667.,  0.17609590E+02,  0.16182199E+02, -0.11976790E+01, -0.41299270E-03,  0.13358858E-02,  0.86622243E-03
     668.,  0.17546702E+02,  0.15360572E+02, -0.11976790E+01, -0.44154575E-03,  0.12952142E-02,  0.97234181E-04
     669.,  0.17469136E+02,  0.14561964E+02, -0.11976790E+01, -0.46532230E-03,  0.12638404E-02, -0.18988888E-03
     670.,  0.17383382E+02,  0.13787783E+02, -0.11976790E+01, -0.49076423E-03,  0.12384313E-02, -0.29997185E-03
     671.,  0.17294819E+02,  0.13037043E+02, -0.11976790E+01, -0.51729836E-03,  0.12197500E-02, -0.34942681E-03
     672.,  0.17207344E+02,  0.12307381E+02, -0.11976790E+01, -0.54221573E-03,  0.12076239E-02, -0.37423966E-03
     673.,  0.17123466E+02,  0.11595882E+02, -0.11976790E+01, -0.56141997E-03,  0.12014963E-02, -0.39090048E-03
     674.,  0.16408348E+02,  0.11511571E+02, -0.11976790E+01, -0.56795693E-03,  0.11960945E-02, -0.24782651E-03
     675.,  0.15674869E+02,  0.11423639E+02, -0.11976790E+01, -0.58107872E-03,  0.11826394E-02, -0.11698207E-03
     676.,  0.14920073E+02,  0.11334641E+02, -0.11976790E+01, -0.60411264E-03,  0.11645810E-02, -0.92626442E-05
     677.,  0.14141572E+02,  0.11248552E+02, -0.11976790E+01, -0.64145811E-03,  0.11487034E-02,  0.68330605E-04
     678.,  0.13338402E+02,  0.11170857E+02, -0.11976790E+01, -0.69782002E-03,  0.11462955E-02,  0.11657523E-03
     679.,  0.12512059E+02,  0.11108161E+02, -0.11976790E+01, -0.77627628E-03,  0.11731291E-02,  0.14298923E-03
     680.,  0.11667334E+02,  0.11067117E+02, -0.11976790E+01, -0.87535530E-03,  0.12474036E-02,  0.15858412E-03
     681.,  0.10812349E+02,  0.11052799E+02, -0.11976790E+01, -0.98680049E-03,  0.13847634E-02,  0.17566459E-03
     682.,  0.99573637E+01,  0.11067117E+02, -0.11976790E+01, -0.10966551E-02,  0.15920958E-02,  0.20721919E-03
     683.,  0.91126394E+01,  0.11108161E+02, -0.11976790E+01, -0.11903375E-02,  0.18640732E-02,  0.26552341E-03
     684.,  0.82862959E+01,  0.11170857E+02, -0.11976790E+01, -0.12583328E-02,  0.21851736E-02,  0.35671127E-03
     685.,  0.74831255E+01,  0.11248552E+02, -0.11976790E+01, -0.12984069E-02,  0.25354965E-02,  0.47283773E-03
     686.,  0.67046249E+01,  0.11334641E+02, -0.11976790E+01, -0.13139135E-02,  0.28963491E-02,  0.58715398E-03
     687.,  0.59498289E+01,  0.11423639E+02, -0.11976790E+01, -0.13105340E-02,  0.32531100E-02,  0.65660545E-03
     688.,  0.52163497E+01,  0.11511571E+02, -0.11976790E+01, -0.12938093E-02,  0.35958803E-02,  0.63620619E-03
     689.,  0.45012315E+01,  0.11595882E+02, -0.11976790E+01, -0.12682328E-02,  0.39187122E-02,  0.50329664E-03
     690.,  0.44173534E+01,  0.12307381E+02, -0.11976790E+01, -0.98764185E-03,  0.39648288E-02,  0.19819602E-03
     691.,  0.43298789E+01,  0.13037043E+02, -0.11976790E+01, -0.71142370E-03,  0.40227463E-02, -0.18408205E-03
     692.,  0.42413158E+01,  0.13787783E+02, -0.11976790E+01, -0.43374871E-03,  0.40942430E-02, -0.73952105E-03
     693.,  0.41555621E+01,  0.14561964E+02, -0.11976790E+01, -0.14968651E-03,  0.41819668E-02, -0.16607846E-02
     694.,  0.40779958E+01,  0.15360572E+02, -0.11976790E+01,  0.14675544E-03,  0.42889365E-02, -0.33722191E-02
     695.,  0.40151077E+01,  0.16182199E+02, -0.11976790E+01,  0.48070886E-03,  0.44107614E-02, -0.68194243E-02
     696.,  0.39734745E+01,  0.17022220E+02, -0.11976790E+01,  0.89827758E-03,  0.45549108E-02, -0.14065597E-01
     697.,  0.39581721E+01,  0.17872728E+02, -0.11976790E+01,  0.14803607E-02,  0.47730829E-02, -0.30973236E-01
     698.,  0.39712209E+01,  0.18723659E+02, -0.11976790E+01,  0.35391732E-02,  0.44817196E-02, -0.71706148E-01
     699.,  0.40108927E+01,  0.19564854E+02, -0.11976790E+01,  0.11818995E-01,  0.22671195E-03, -0.16057900E+00
     700.,  0.40723061E+01,  0.20388177E+02, -0.11976790E+01,  0.35062206E-01, -0.17213720E-01, -0.32161798E+00
     701.,  0.41489419E+01,  0.21188727E+02, -0.11976790E+01,  0.78764111E-01, -0.56877892E-01, -0.55327325E+00
     702.,  0.42342548E+01,  0.21964861E+02, -0.11976790E+01,  0.13705863E+00, -0.11557985E+00, -0.82592497E+00
     703.,  0.43227561E+01,  0.22717410E+02, -0.11976790E+01,  0.19980196E+00, -0.18172440E+00, -0.11087421E+01
     704.,  0.44104277E+01,  0.23448662E+02, -0.11976790E+01,  0.26131504E+00, -0.24711733E+00, -0.13859233E+01
     705.,  0.39035043E+01,  0.24746755E+02, -0.11976790E+01,  0.40052327E+00, -0.39150098E+00, -0.20775959E+01
     706.,  0.47296296E+01,  0.24789162E+02, -0.11976790E+01,  0.35275417E+00, -0.34319355E+00, -0.18137085E+01
     707.,  0.55650125E+01,  0.24833483E+02, -0.11976790E+01,  0.30217405E+00, -0.29097494E+00, -0.15414056E+01
     708.,  0.64111830E+01,  0.24878446E+02, -0.11976790E+01,  0.25807269E+00, -0.24531921E+00, -0.12942405E+01
     709.,  0.72693970E+01,  0.24922044E+02, -0.11976790E+01,  0.21077235E+00, -0.19084300E+00, -0.10430729E+01
     710.,  0.81401950E+01,  0.24961485E+02, -0.11976790E+01,  0.14468862E+00, -0.11056558E+00, -0.73659451E+00
     711.,  0.90228584E+01,  0.24993381E+02, -0.11976790E+01,  0.83740337E-01, -0.38850897E-01, -0.43017670E+00
     712.,  0.99149629E+01,  0.25014296E+02, -0.11976790E+01,  0.35968581E-01, -0.39312176E-03, -0.14833162E+00
     713.,  0.10812349E+02,  0.25021599E+02, -0.11976790E+01, -0.43552075E-02,  0.14705462E-02,  0.12445529E+00
     714.,  0.11709735E+02,  0.25014296E+02, -0.11976790E+01, -0.44103077E-01, -0.13911803E-01,  0.37358429E+00
     715.,  0.12601839E+02,  0.24993381E+02, -0.11976790E+01, -0.84150790E-01, -0.86135917E-01,  0.58446787E+00
     716.,  0.13484503E+02,  0.24961485E+02, -0.11976790E+01, -0.11300728E+00, -0.14886100E+00,  0.79609510E+00
     717.,  0.14355301E+02,  0.24922044E+02, -0.11976790E+01, -0.14704712E+00, -0.19780734E+00,  0.10189583E+01
     718.,  0.15213515E+02,  0.24878446E+02, -0.11976790E+01, -0.20294997E+00, -0.27539608E+00,  0.12920316E+01
     719.,  0.16059685E+02,  0.24833483E+02, -0.11976790E+01, -0.25663137E+00, -0.35255986E+00,  0.15658388E+01
     720.,  0.16895068E+02,  0.24789162E+02, -0.11976790E+01, -0.29930755E+00, -0.41320027E+00,  0.18118338E+01
     721.,  0.17721194E+02,  0.24746755E+02, -0.11976790E+01, -0.33911141E+00, -0.47031943E+00,  0.20493897E+01
     722.,  0.17763310E+02,  0.23923924E+02, -0.11976790E+01, -0.26121489E+00, -0.35723695E+00,  0.16486218E+01
     723.,  0.17807145E+02,  0.23091892E+02, -0.11976790E+01, -0.18252990E+00, -0.24325830E+00,  0.12439180E+01
     724.,  0.17851396E+02,  0.22249211E+02, -0.11976790E+01, -0.10737608E+00, -0.13531731E+00,  0.84600118E+00
     725.,  0.17894052E+02,  0.21394738E+02, -0.11976790E+01, -0.45591396E-01, -0.50142477E-01,  0.48482105E+00
     726.,  0.17932370E+02,  0.20528057E+02, -0.11976790E+01, -0.11681288E-01, -0.82368591E-02,  0.21947626E+00
     727.,  0.17963077E+02,  0.19649989E+02, -0.11976790E+01, -0.19694720E-02,  0.10837005E-02,  0.80487267E-01
     728.,  0.17982913E+02,  0.18762985E+02, -0.11976790E+01, -0.50566721E-03,  0.16008157E-02,  0.28287334E-01
     729.,  0.17989437E+02,  0.17871114E+02, -0.11976790E+01, -0.39706024E-03,  0.14414472E-02,  0.10761886E-01
     730.,  0.17981786E+02,  0.16979453E+02, -0.11976790E+01, -0.38703710E-03,  0.13830991E-02,  0.39102535E-02
     731.,  0.17960970E+02,  0.16093037E+02, -0.11976790E+01, -0.42241943E-03,  0.13239031E-02,  0.11769708E-02
     732.,  0.17929526E+02,  0.15215817E+02, -0.11976790E+01, -0.45046585E-03,  0.12828361E-02,  0.12931590E-03
     733.,  0.17890742E+02,  0.14350106E+02, -0.11976790E+01, -0.47695348E-03,  0.12493062E-02, -0.25772783E-03
     734.,  0.17847866E+02,  0.13496610E+02, -0.11976790E+01, -0.50512509E-03,  0.12243950E-02, -0.41274522E-03
     735.,  0.17803584E+02,  0.12654834E+02, -0.11976790E+01, -0.53322235E-03,  0.12080886E-02, -0.47937081E-03
     736.,  0.17759847E+02,  0.11823596E+02, -0.11976790E+01, -0.55608823E-03,  0.11997173E-02, -0.51648937E-03
     737.,  0.17717908E+02,  0.11001440E+02, -0.11976790E+01, -0.56971416E-03,  0.11974331E-02, -0.54262775E-03
     738.,  0.16891599E+02,  0.10959285E+02, -0.11976790E+01, -0.57282319E-03,  0.11998818E-02, -0.37004859E-03
     739.,  0.16056109E+02,  0.10915319E+02, -0.11976790E+01, -0.58292638E-03,  0.11917204E-02, -0.20773893E-03
     740.,  0.15209961E+02,  0.10870820E+02, -0.11976790E+01, -0.60484279E-03,  0.11754044E-02, -0.68594467E-04
     741.,  0.14351961E+02,  0.10827776E+02, -0.11976790E+01, -0.64469536E-03,  0.11585898E-02,  0.35792268E-04
     742.,  0.13481625E+02,  0.10788928E+02, -0.11976790E+01, -0.70863124E-03,  0.11540549E-02,  0.10260298E-03
     743.,  0.12599704E+02,  0.10757580E+02, -0.11976790E+01, -0.80046208E-03,  0.11794823E-02,  0.13970618E-03
     744.,  0.11708592E+02,  0.10737058E+02, -0.11976790E+01, -0.91875007E-03,  0.12550500E-02,  0.16165900E-03
     745.,  0.10812349E+02,  0.10729899E+02, -0.11976790E+01, -0.10546537E-02,  0.13982663E-02,  0.18552289E-03
     746.,  0.99161063E+01,  0.10737058E+02, -0.11976790E+01, -0.11930279E-02,  0.16176623E-02,  0.22950184E-03
     747.,  0.90249942E+01,  0.10757580E+02, -0.11976790E+01, -0.13173284E-02,  0.19090890E-02,  0.31085770E-03
     748.,  0.81430724E+01,  0.10788928E+02, -0.11976790E+01, -0.14153703E-02,  0.22572598E-02,  0.43761845E-03
     749.,  0.72727372E+01,  0.10827776E+02, -0.11976790E+01, -0.14822330E-02,  0.26411927E-02,  0.59580671E-03
     750.,  0.64147369E+01,  0.10870820E+02, -0.11976790E+01, -0.15195170E-02,  0.30397920E-02,  0.74228923E-03
     751.,  0.55685889E+01,  0.10915319E+02, -0.11976790E+01, -0.15329260E-02,  0.34352502E-02,  0.81591894E-03
     752.,  0.47330993E+01,  0.10959285E+02, -0.11976790E+01, -0.15295385E-02,  0.38147460E-02,  0.77016261E-03
     753.,  0.39067902E+01,  0.11001440E+02, -0.11976790E+01, -0.15159731E-02,  0.41733018E-02,  0.60863343E-03
     754.,  0.38648512E+01,  0.11823596E+02, -0.11976790E+01, -0.11774532E-02,  0.41952422E-02,  0.21159057E-03
     755.,  0.38211139E+01,  0.12654834E+02, -0.11976790E+01, -0.85173616E-03,  0.42283979E-02, -0.28799523E-03
     756.,  0.37768324E+01,  0.13496610E+02, -0.11976790E+01, -0.53468314E-03,  0.42776054E-02, -0.10167447E-02
     757.,  0.37339555E+01,  0.14350106E+02, -0.11976790E+01, -0.21786024E-03,  0.43479735E-02, -0.22364737E-02
     758.,  0.36951723E+01,  0.15215817E+02, -0.11976790E+01,  0.10575142E-03,  0.44474697E-02, -0.44903954E-02
     759.,  0.36637283E+01,  0.16093037E+02, -0.11976790E+01,  0.46109388E-03,  0.45835830E-02, -0.89668676E-02
     760.,  0.36429117E+01,  0.16979453E+02, -0.11976790E+01,  0.94012449E-03,  0.47550144E-02, -0.18313815E-01
     761.,  0.36352605E+01,  0.17871114E+02, -0.11976790E+01,  0.16954256E-02,  0.51302072E-02, -0.40901482E-01
     762.,  0.36417849E+01,  0.18762985E+02, -0.11976790E+01,  0.46310454E-02,  0.49940519E-02, -0.98495859E-01
     763.,  0.36616208E+01,  0.19649989E+02, -0.11976790E+01,  0.17174473E-01, -0.18597438E-02, -0.22665798E+00
     764.,  0.36923275E+01,  0.20528057E+02, -0.11976790E+01,  0.52284412E-01, -0.30466958E-01, -0.45081885E+00
     765.,  0.37306454E+01,  0.21394738E+02, -0.11976790E+01,  0.11373826E+00, -0.89995772E-01, -0.75462119E+00
     766.,  0.37733019E+01,  0.22249211E+02, -0.11976790E+01,  0.18876458E+00, -0.16828498E+00, -0.10946078E+01
     767.,  0.38175525E+01,  0.23091892E+02, -0.11976790E+01,  0.26568034E+00, -0.25019488E+00, -0.14389632E+01
     768.,  0.38613883E+01,  0.23923924E+02, -0.11976790E+01,  0.34011818E+00, -0.32964153E+00, -0.17756314E+01
     769.,  0.33123489E+01,  0.25331999E+02, -0.11976790E+01,  0.43789266E+00, -0.43605131E+00, -0.23881768E+01
     770.,  0.42498489E+01,  0.25331999E+02, -0.11976790E+01,  0.38132021E+00, -0.37966310E+00, -0.20706516E+01
     771.,  0.51873489E+01,  0.25331999E+02, -0.11976790E+01,  0.32470921E+00, -0.32324246E+00, -0.17548314E+01
     772.,  0.61248489E+01,  0.25331999E+02, -0.11976790E+01,  0.26905298E+00, -0.25973513E+00, -0.14399055E+01
     773.,  0.70623489E+01,  0.25331999E+02, -0.11976790E+01,  0.20554828E+00, -0.18731407E+00, -0.11214793E+01
     774.,  0.79998489E+01,  0.25331999E+02, -0.11976790E+01,  0.14481905E+00, -0.11333565E+00, -0.80579234E+00
     775.,  0.89373489E+01,  0.25331999E+02, -0.11976790E+01,  0.90935509E-01, -0.42198645E-01, -0.49051080E+00
     776.,  0.98748489E+01,  0.25331999E+02, -0.11976790E+01,  0.44970465E-01,  0.83898377E-06, -0.17895710E+00
     777.,  0.10812349E+02,  0.25331999E+02, -0.11976790E+01, -0.78620206E-02,  0.84763436E-06,  0.13131639E+00
     778.,  0.11749849E+02,  0.25331999E+02, -0.11976790E+01, -0.60694507E-01,  0.85628496E-06,  0.44158989E+00
     779.,  0.12687349E+02,  0.25331999E+02, -0.11976790E+01, -0.10391417E+00, -0.11982001E+00,  0.74415372E+00
     780.,  0.13624849E+02,  0.25331999E+02, -0.11976790E+01, -0.15446112E+00, -0.21898920E+00,  0.10316319E+01
     781.,  0.14562349E+02,  0.25331999E+02, -0.11976790E+01, -0.21059560E+00, -0.27866043E+00,  0.13236346E+01
     782.,  0.15499849E+02,  0.25331999E+02, -0.11976790E+01, -0.26782115E+00, -0.36782011E+00,  0.16186628E+01
     783.,  0.16437349E+02,  0.25331999E+02, -0.11976790E+01, -0.32163554E+00, -0.44449652E+00,  0.19245002E+01
     784.,  0.17374849E+02,  0.25331999E+02, -0.11976790E+01, -0.37365596E+00, -0.52039686E+00,  0.22247372E+01
     785.,  0.18312349E+02,  0.25331999E+02, -0.11976790E+01, -0.42555228E+00, -0.59436560E+00,  0.25235882E+01
     786.,  0.18312349E+02,  0.24399186E+02, -0.11976790E+01, -0.33690682E+00, -0.46637695E+00,  0.20598949E+01
     787.,  0.18312349E+02,  0.23466374E+02, -0.11976790E+01, -0.24273912E+00, -0.32903857E+00,  0.15817606E+01
     788.,  0.18312349E+02,  0.22533562E+02, -0.11976790E+01, -0.15031925E+00, -0.19438147E+00,  0.11070577E+01
     789.,  0.18312349E+02,  0.21600749E+02, -0.11976790E+01, -0.68702284E-01, -0.77551446E-01,  0.65882757E+00
     790.,  0.18312349E+02,  0.20667936E+02, -0.11976790E+01, -0.18090698E-01, -0.11510206E-01,  0.30120003E+00
     791.,  0.18312349E+02,  0.19735124E+02, -0.11976790E+01, -0.29505622E-02,  0.18340215E-02,  0.10407558E+00
     792.,  0.18312349E+02,  0.18802311E+02, -0.11976790E+01, -0.65012674E-03,  0.16416503E-02,  0.34741776E-01
     793.,  0.18312349E+02,  0.17869499E+02, -0.11976790E+01, -0.42186344E-03,  0.14690495E-02,  0.13051355E-01
     794.,  0.18312349E+02,  0.16936686E+02, -0.11976790E+01, -0.39664639E-03,  0.13653211E-02,  0.47829159E-02
     795.,  0.18312349E+02,  0.16003874E+02, -0.11976790E+01, -0.43159511E-03,  0.13105729E-02,  0.13977063E-02
     796.,  0.18312349E+02,  0.15071061E+02, -0.11976790E+01, -0.45948792E-03,  0.12662777E-02,  0.12534736E-03
     797.,  0.18312349E+02,  0.14138249E+02, -0.11976790E+01, -0.48806527E-03,  0.12309313E-02, -0.34800152E-03
     798.,  0.18312349E+02,  0.13205437E+02, -0.11976790E+01, -0.51825302E-03,  0.12056307E-02, -0.52965691E-03
     799.,  0.18312349E+02,  0.12272624E+02, -0.11976790E+01, -0.54627118E-03,  0.11932349E-02, -0.60992919E-03
     800.,  0.18312349E+02,  0.11339811E+02, -0.11976790E+01, -0.56498557E-03,  0.11910398E-02, -0.65661603E-03
     801.,  0.18312349E+02,  0.10406999E+02, -0.11976790E+01, -0.57562708E-03,  0.11915521E-02, -0.69383641E-03
     802.,  0.17374849E+02,  0.10406999E+02, -0.11976790E+01, -0.57509648E-03,  0.11993185E-02, -0.49297591E-03
     803.,  0.16437349E+02,  0.10406999E+02, -0.11976790E+01, -0.57765249E-03,  0.11982311E-02, -0.30069953E-03
     804.,  0.15499849E+02,  0.10406999E+02, -0.11976790E+01, -0.59351874E-03,  0.11855188E-02, -0.13061700E-03
     805.,  0.14562349E+02,  0.10406999E+02, -0.11976790E+01, -0.63302998E-03,  0.11691238E-02,  0.12645347E-05
     806.,  0.13624849E+02,  0.10406999E+02, -0.11976790E+01, -0.70445186E-03,  0.11632245E-02,  0.87693692E-04
     807.,  0.12687349E+02,  0.10406999E+02, -0.11976790E+01, -0.81227518E-03,  0.11875288E-02,  0.13606192E-03
     808.,  0.11749849E+02,  0.10406999E+02, -0.11976790E+01, -0.95444064E-03,  0.12644409E-02,  0.16447231E-03
     809.,  0.10812349E+02,  0.10406999E+02, -0.11976790E+01, -0.11207352E-02,  0.14135366E-02,  0.19519627E-03
     810.,  0.98748489E+01,  0.10406999E+02, -0.11976790E+01, -0.12941047E-02,  0.16450810E-02,  0.25227379E-03
     811.,  0.89373489E+01,  0.10406999E+02, -0.11976790E+01, -0.14552121E-02,  0.19560238E-02,  0.35874129E-03
     812.,  0.79998489E+01,  0.10406999E+02, -0.11976790E+01, -0.15880430E-02,  0.23310559E-02,  0.52501358E-03
     813.,  0.70623489E+01,  0.10406999E+02, -0.11976790E+01, -0.16835695E-02,  0.27476902E-02,  0.72967151E-03
     814.,  0.61248489E+01,  0.10406999E+02, -0.11976790E+01, -0.17405110E-02,  0.31820319E-02,  0.91031143E-03
     815.,  0.51873489E+01,  0.10406999E+02, -0.11976790E+01, -0.17645372E-02,  0.36129382E-02,  0.98757780E-03
     816.,  0.42498489E+01,  0.10406999E+02, -0.11976790E+01, -0.17682509E-02,  0.40259575E-02,  0.91919406E-03
     817.,  0.33123489E+01,  0.10406999E+02, -0.11976790E+01, -0.17672504E-02,  0.44246703E-02,  0.74594470E-03
     818.,  0.33123489E+01,  0.11339811E+02, -0.11976790E+01, -0.13751614E-02,  0.44235383E-02,  0.27915288E-03
     819.,  0.33123489E+01,  0.12272624E+02, -0.11976790E+01, -0.99706028E-03,  0.44265761E-02, -0.30440293E-03
     820.,  0.33123489E+01,  0.13205437E+02, -0.11976790E+01, -0.63740194E-03,  0.44475096E-02, -0.11726979E-02
     821.,  0.33123489E+01,  0.14138249E+02, -0.11976790E+01, -0.28694020E-03,  0.44971546E-02, -0.26391862E-02
     822.,  0.33123489E+01,  0.15071061E+02, -0.11976790E+01,  0.67321423E-04,  0.45830399E-02, -0.53824169E-02
     823.,  0.33123489E+01,  0.16003874E+02, -0.11976790E+01,  0.44684673E-03,  0.47217985E-02, -0.10807478E-01
     824.,  0.33123489E+01,  0.16936686E+02, -0.11976790E+01,  0.98001571E-03,  0.49441179E-02, -0.21987954E-01
     825.,  0.33123489E+01,  0.17869499E+02, -0.11976790E+01,  0.19844185E-02,  0.54807903E-02, -0.49522727E-01
     826.,  0.33123489E+01,  0.18802311E+02, -0.11976790E+01,  0.59698977E-02,  0.60794244E-02, -0.12368560E+00
     827.,  0.33123489E+01,  0.19735124E+02, -0.11976790E+01,  0.23208884E-01, -0.25450373E-02, -0.29377215E+00
     828.,  0.33123489E+01,  0.20667936E+02, -0.11976790E+01,  0.71652615E-01, -0.44706694E-01, -0.58742072E+00
     829.,  0.33123489E+01,  0.21600749E+02, -0.11976790E+01,  0.15173040E+00, -0.12682147E+00, -0.96493107E+00
     830.,  0.33123489E+01,  0.22533562E+02, -0.11976790E+01,  0.24242528E+00, -0.22348056E+00, -0.13683720E+01
     831.,  0.33123489E+01,  0.23466374E+02, -0.11976790E+01,  0.33330028E+00, -0.32094597E+00, -0.17733356E+01
     832.,  0.33123489E+01,  0.24399186E+02, -0.11976790E+01,  0.42172987E+00, -0.41472739E+00, -0.21729698E+01
     833.,  0.33123489E+01,  0.25331999E+02, -0.19237207E+01,  0.67564356E+00, -0.33448280E+00, -0.23404791E+01
     834.,  0.42498489E+01,  0.25331999E+02, -0.19237207E+01,  0.61875169E+00, -0.27878706E+00, -0.20236241E+01
     835.,  0.51873489E+01,  0.25331999E+02, -0.19237207E+01,  0.56235436E+00, -0.22000688E+00, -0.17075736E+01
     836.,  0.61248489E+01,  0.25331999E+02, -0.19237207E+01,  0.49823537E+00, -0.10362496E+00, -0.13836074E+01
     837.,  0.70623489E+01,  0.25331999E+02, -0.19237207E+01,  0.44375751E+00,  0.77375698E-06, -0.10688617E+01
     838.,  0.79998489E+01,  0.25331999E+02, -0.19237207E+01,  0.39092502E+00,  0.78240757E-06, -0.75858826E+00
     839.,  0.89373489E+01,  0.25331999E+02, -0.19237207E+01,  0.33809253E+00,  0.79105816E-06, -0.44831476E+00
     840.,  0.98748489E+01,  0.25331999E+02, -0.19237207E+01,  0.28526005E+00,  0.79970875E-06, -0.13804127E+00
     841.,  0.10812349E+02,  0.25331999E+02, -0.19237207E+01,  0.23242756E+00,  0.80835932E-06,  0.17223222E+00
     842.,  0.11749849E+02,  0.25331999E+02, -0.19237207E+01,  0.17959508E+00,  0.81700992E-06,  0.48250571E+00
     843.,  0.12687349E+02,  0.25331999E+02, -0.19237207E+01,  0.12676259E+00,  0.82566054E-06,  0.79277920E+00
     844.,  0.13624849E+02,  0.25331999E+02, -0.19237207E+01,  0.73930103E-01,  0.83431112E-06,  0.11030527E+01
     845.,  0.14562349E+02,  0.25331999E+02, -0.19237207E+01,  0.21097618E-01,  0.84296172E-06,  0.14133262E+01
     846.,  0.15499849E+02,  0.25331999E+02, -0.19237207E+01, -0.30316189E-01, -0.91551718E-01,  0.17192032E+01
     847.,  0.16437349E+02,  0.25331999E+02, -0.19237207E+01, -0.83409802E-01, -0.18796503E+00,  0.20150849E+01
     848.,  0.17374849E+02,  0.25331999E+02, -0.19237207E+01, -0.13747869E+00, -0.24804652E+00,  0.23205976E+01
     849.,  0.18312349E+02,  0.25331999E+02, -0.19237207E+01, -0.19109464E+00, -0.30076633E+00,  0.26280521E+01
     850.,  0.33123489E+01,  0.25331999E+02, -0.26497623E+01,  0.90092974E+00, -0.13536934E+00, -0.22757106E+01
     851.,  0.42498489E+01,  0.25331999E+02, -0.26497623E+01,  0.84637878E+00, -0.10086966E+00, -0.19640338E+01
     852.,  0.51873489E+01,  0.25331999E+02, -0.26497623E+01,  0.79131810E+00, -0.58153131E-01, -0.16507563E+01
     853.,  0.61248489E+01,  0.25331999E+02, -0.26497623E+01,  0.73687957E+00,  0.72583135E-06, -0.13382194E+01
     854.,  0.70623489E+01,  0.25331999E+02, -0.26497623E+01,  0.68404709E+00,  0.73448194E-06, -0.10279459E+01
     855.,  0.79998489E+01,  0.25331999E+02, -0.26497623E+01,  0.63121460E+00,  0.74313255E-06, -0.71767243E+00
     856.,  0.89373489E+01,  0.25331999E+02, -0.26497623E+01,  0.57838211E+00,  0.75178313E-06, -0.40739894E+00
     857.,  0.98748489E+01,  0.25331999E+02, -0.26497623E+01,  0.52554963E+00,  0.76043371E-06, -0.97125447E-01
     858.,  0.10812349E+02,  0.25331999E+02, -0.26497623E+01,  0.47271714E+00,  0.76908432E-06,  0.21314804E+00
     859.,  0.11749849E+02,  0.25331999E+02, -0.26497623E+01,  0.41988466E+00,  0.77773492E-06,  0.52342154E+00
     860.,  0.12687349E+02,  0.25331999E+02, -0.26497623E+01,  0.36705217E+00,  0.78638550E-06,  0.83369503E+00
     861.,  0.13624849E+02,  0.25331999E+02, -0.26497623E+01,  0.31421969E+00,  0.79503609E-06,  0.11439685E+01
     862.,  0.14562349E+02,  0.25331999E+02, -0.26497623E+01,  0.26138720E+00,  0.80368670E-06,  0.14542420E+01
     863.,  0.15499849E+02,  0.25331999E+02, -0.26497623E+01,  0.20855471E+00,  0.81233729E-06,  0.17645155E+01
     864.,  0.16437349E+02,  0.25331999E+02, -0.26497623E+01,  0.15608163E+00, -0.44357151E-01,  0.20726251E+01
     865.,  0.17374849E+02,  0.25331999E+02, -0.26497623E+01,  0.10323569E+00, -0.94923375E-01,  0.23796242E+01
     866.,  0.18312349E+02,  0.25331999E+02, -0.26497623E+01,  0.49096663E-01, -0.11906436E+00,  0.26916010E+01
     867.,  0.33123489E+01,  0.25331999E+02, -0.33758040E+01,  0.11355867E+01, -0.17562679E-01, -0.22274438E+01
     868.,  0.42498489E+01,  0.25331999E+02, -0.33758040E+01,  0.10828341E+01,  0.66925514E-06, -0.19178506E+01
     869.,  0.51873489E+01,  0.25331999E+02, -0.33758040E+01,  0.10300016E+01,  0.67790572E-06, -0.16075771E+01
     870.,  0.61248489E+01,  0.25331999E+02, -0.33758040E+01,  0.97716915E+00,  0.68655633E-06, -0.12973036E+01
     871.,  0.70623489E+01,  0.25331999E+02, -0.33758040E+01,  0.92433667E+00,  0.69520692E-06, -0.98703010E+00
     872.,  0.79998489E+01,  0.25331999E+02, -0.33758040E+01,  0.87150418E+00,  0.70385752E-06, -0.67675661E+00
     873.,  0.89373489E+01,  0.25331999E+02, -0.33758040E+01,  0.81867170E+00,  0.71250811E-06, -0.36648311E+00
     874.,  0.98748489E+01,  0.25331999E+02, -0.33758040E+01,  0.76583921E+00,  0.72115869E-06, -0.56209622E-01
     875.,  0.10812349E+02,  0.25331999E+02, -0.33758040E+01,  0.71300672E+00,  0.72980930E-06,  0.25406387E+00
     876.,  0.11749849E+02,  0.25331999E+02, -0.33758040E+01,  0.66017424E+00,  0.73845989E-06,  0.56433736E+00
     877.,  0.12687349E+02,  0.25331999E+02, -0.33758040E+01,  0.60734175E+00,  0.74711048E-06,  0.87461085E+00
     878.,  0.13624849E+02,  0.25331999E+02, -0.33758040E+01,  0.55450927E+00,  0.75576107E-06,  0.11848843E+01
     879.,  0.14562349E+02,  0.25331999E+02, -0.33758040E+01,  0.50167678E+00,  0.76441167E-06,  0.14951578E+01
     880.,  0.15499849E+02,  0.25331999E+02, -0.33758040E+01,  0.44884430E+00,  0.77306226E-06,  0.18054313E+01
     881.,  0.16437349E+02,  0.25331999E+02, -0.33758040E+01,  0.39601181E+00,  0.78171285E-06,  0.21157048E+01
     882.,  0.17374849E+02,  0.25331999E+02, -0.33758040E+01,  0.34349041E+00, -0.21536262E-01,  0.24253599E+01
     883.,  0.18312349E+02,  0.25331999E+02, -0.33758040E+01,  0.29021699E+00, -0.31546454E-01,  0.27361800E+01
     884.,  0.33123489E+01,  0.25331999E+02, -0.41018457E+01,  0.13759170E+01,  0.18024219E-02, -0.21870701E+01
     885.,  0.42498489E+01,  0.25331999E+02, -0.41018457E+01,  0.13231237E+01,  0.62998011E-06, -0.18769347E+01
     886.,  0.51873489E+01,  0.25331999E+02, -0.41018457E+01,  0.12702912E+01,  0.63863071E-06, -0.15666613E+01
     887.,  0.61248489E+01,  0.25331999E+02, -0.41018457E+01,  0.12174587E+01,  0.64728131E-06, -0.12563878E+01
     888.,  0.70623489E+01,  0.25331999E+02, -0.41018457E+01,  0.11646263E+01,  0.65593189E-06, -0.94611427E+00
     889.,  0.79998489E+01,  0.25331999E+02, -0.41018457E+01,  0.11117938E+01,  0.66458249E-06, -0.63584078E+00
     890.,  0.89373489E+01,  0.25331999E+02, -0.41018457E+01,  0.10589613E+01,  0.67323308E-06, -0.32556729E+00
     891.,  0.98748489E+01,  0.25331999E+02, -0.41018457E+01,  0.10061288E+01,  0.68188368E-06, -0.15293797E-01
     892.,  0.10812349E+02,  0.25331999E+02, -0.41018457E+01,  0.95329631E+00,  0.69053427E-06,  0.29497969E+00
     893.,  0.11749849E+02,  0.25331999E+02, -0.41018457E+01,  0.90046382E+00,  0.69918486E-06,  0.60525319E+00
     894.,  0.12687349E+02,  0.25331999E+02, -0.41018457E+01,  0.84763133E+00,  0.70783546E-06,  0.91552668E+00
     895.,  0.13624849E+02,  0.25331999E+02, -0.41018457E+01,  0.79479885E+00,  0.71648605E-06,  0.12258002E+01
     896.,  0.14562349E+02,  0.25331999E+02, -0.41018457E+01,  0.74196636E+00,  0.72513665E-06,  0.15360737E+01
     897.,  0.15499849E+02,  0.25331999E+02, -0.41018457E+01,  0.68913388E+00,  0.73378724E-06,  0.18463472E+01
     898.,  0.16437349E+02,  0.25331999E+02, -0.41018457E+01,  0.63630139E+00,  0.74243784E-06,  0.21566206E+01
     899.,  0.17374849E+02,  0.25331999E+02, -0.41018457E+01,  0.58346891E+00,  0.75108845E-06,  0.24668941E+01
     900.,  0.18312349E+02,  0.25331999E+02, -0.41018457E+01,  0.53073052E+00, -0.35827474E-02,  0.27771783E+01
     901.,  0.33123489E+01,  0.25331999E+02, -0.48278873E+01,  0.16162458E+01,  0.58205450E-06, -0.21462924E+01
     902.,  0.42498489E+01,  0.25331999E+02, -0.48278873E+01,  0.15634133E+01,  0.59070509E-06, -0.18360189E+01
     903.,  0.51873489E+01,  0.25331999E+02, -0.48278873E+01,  0.15105808E+01,  0.59935569E-06, -0.15257454E+01
     904.,  0.61248489E+01,  0.25331999E+02, -0.48278873E+01,  0.14577483E+01,  0.60800628E-06, -0.12154719E+01
     905.,  0.70623489E+01,  0.25331999E+02, -0.48278873E+01,  0.14049158E+01,  0.61665689E-06, -0.90519845E+00
     906.,  0.79998489E+01,  0.25331999E+02, -0.48278873E+01,  0.13520833E+01,  0.62530746E-06, -0.59492495E+00
     907.,  0.89373489E+01,  0.25331999E+02, -0.48278873E+01,  0.12992509E+01,  0.63395807E-06, -0.28465146E+00
     908.,  0.98748489E+01,  0.25331999E+02, -0.48278873E+01,  0.12464184E+01,  0.64260865E-06,  0.25622028E-01
     909.,  0.10812349E+02,  0.25331999E+02, -0.48278873E+01,  0.11935859E+01,  0.65125925E-06,  0.33589552E+00
     910.,  0.11749849E+02,  0.25331999E+02, -0.48278873E+01,  0.11407534E+01,  0.65990985E-06,  0.64616901E+00
     911.,  0.12687349E+02,  0.25331999E+02, -0.48278873E+01,  0.10879209E+01,  0.66856044E-06,  0.95644250E+00
     912.,  0.13624849E+02,  0.25331999E+02, -0.48278873E+01,  0.10350884E+01,  0.67721102E-06,  0.12667160E+01
     913.,  0.14562349E+02,  0.25331999E+02, -0.48278873E+01,  0.98225594E+00,  0.68586162E-06,  0.15769895E+01
     914.,  0.15499849E+02,  0.25331999E+02, -0.48278873E+01,  0.92942346E+00,  0.69451222E-06,  0.18872630E+01
     915.,  0.16437349E+02,  0.25331999E+02, -0.48278873E+01,  0.87659097E+00,  0.70316281E-06,  0.21975365E+01
     916.,  0.17374849E+02,  0.25331999E+02, -0.48278873E+01,  0.82375849E+00,  0.71181341E-06,  0.25078100E+01
     917.,  0.18312349E+02,  0.25331999E+02, -0.48278873E+01,  0.77092600E+00,  0.72046399E-06,  0.28180835E+01
     918.,  0.33123489E+01,  0.25331999E+02, -0.55539290E+01,  0.18565354E+01,  0.54277948E-06, -0.21053766E+01
     919.,  0.42498489E+01,  0.25331999E+02, -0.55539290E+01,  0.18037029E+01,  0.55143008E-06, -0.17951031E+01
     920.,  0.51873489E+01,  0.25331999E+02, -0.55539290E+01,  0.17508704E+01,  0.56008066E-06, -0.14848296E+01
     921.,  0.61248489E+01,  0.25331999E+02, -0.55539290E+01,  0.16980379E+01,  0.56873126E-06, -0.11745561E+01
     922.,  0.70623489E+01,  0.25331999E+02, -0.55539290E+01,  0.16452054E+01,  0.57738185E-06, -0.86428262E+00
     923.,  0.79998489E+01,  0.25331999E+02, -0.55539290E+01,  0.15923729E+01,  0.58603245E-06, -0.55400913E+00
     924.,  0.89373489E+01,  0.25331999E+02, -0.55539290E+01,  0.15395404E+01,  0.59468304E-06, -0.24373564E+00
     925.,  0.98748489E+01,  0.25331999E+02, -0.55539290E+01,  0.14867080E+01,  0.60333364E-06,  0.66537853E-01
     926.,  0.10812349E+02,  0.25331999E+02, -0.55539290E+01,  0.14338755E+01,  0.61198423E-06,  0.37681134E+00
     927.,  0.11749849E+02,  0.25331999E+02, -0.55539290E+01,  0.13810430E+01,  0.62063482E-06,  0.68708484E+00
     928.,  0.12687349E+02,  0.25331999E+02, -0.55539290E+01,  0.13282105E+01,  0.62928541E-06,  0.99735833E+00
     929.,  0.13624849E+02,  0.25331999E+02, -0.55539290E+01,  0.12753780E+01,  0.63793602E-06,  0.13076318E+01
     930.,  0.14562349E+02,  0.25331999E+02, -0.55539290E+01,  0.12225455E+01,  0.64658660E-06,  0.16179053E+01
     931.,  0.15499849E+02,  0.25331999E+02, -0.55539290E+01,  0.11697130E+01,  0.65523719E-06,  0.19281788E+01
     932.,  0.16437349E+02,  0.25331999E+02, -0.55539290E+01,  0.11168806E+01,  0.66388779E-06,  0.22384523E+01
     933.,  0.17374849E+02,  0.25331999E+02, -0.55539290E+01,  0.10640481E+01,  0.67253838E-06,  0.25487258E+01
     934.,  0.18312349E+02,  0.25331999E+02, -0.55539290E+01,  0.10112156E+01,  0.68118898E-06,  0.28589993E+01
     935.,  0.33123489E+01,  0.25331999E+02, -0.62799707E+01,  0.20968249E+01,  0.50350447E-06, -0.20644608E+01
     936.,  0.42498489E+01,  0.25331999E+02, -0.62799707E+01,  0.20439925E+01,  0.51215504E-06, -0.17541873E+01
     937.,  0.51873489E+01,  0.25331999E+02, -0.62799707E+01,  0.19911600E+01,  0.52080564E-06, -0.14439138E+01
     938.,  0.61248489E+01,  0.25331999E+02, -0.62799707E+01,  0.19383275E+01,  0.52945624E-06, -0.11336403E+01
     939.,  0.70623489E+01,  0.25331999E+02, -0.62799707E+01,  0.18854950E+01,  0.53810683E-06, -0.82336680E+00
     940.,  0.79998489E+01,  0.25331999E+02, -0.62799707E+01,  0.18326625E+01,  0.54675741E-06, -0.51309330E+00
     941.,  0.89373489E+01,  0.25331999E+02, -0.62799707E+01,  0.17798300E+01,  0.55540802E-06, -0.20281981E+00
     942.,  0.98748489E+01,  0.25331999E+02, -0.62799707E+01,  0.17269975E+01,  0.56405861E-06,  0.10745368E+00
     943.,  0.10812349E+02,  0.25331999E+02, -0.62799707E+01,  0.16741651E+01,  0.57270921E-06,  0.41772717E+00
     944.,  0.11749849E+02,  0.25331999E+02, -0.62799707E+01,  0.16213326E+01,  0.58135980E-06,  0.72800066E+00
     945.,  0.12687349E+02,  0.25331999E+02, -0.62799707E+01,  0.15685001E+01,  0.59001039E-06,  0.10382742E+01
     946.,  0.13624849E+02,  0.25331999E+02, -0.62799707E+01,  0.15156676E+01,  0.59866099E-06,  0.13485476E+01
     947.,  0.14562349E+02,  0.25331999E+02, -0.62799707E+01,  0.14628351E+01,  0.60731159E-06,  0.16588211E+01
     948.,  0.15499849E+02,  0.25331999E+02, -0.62799707E+01,  0.14100026E+01,  0.61596218E-06,  0.19690946E+01
     949.,  0.16437349E+02,  0.25331999E+02, -0.62799707E+01,  0.13571701E+01,  0.62461277E-06,  0.22793681E+01
     950.,  0.17374849E+02,  0.25331999E+02, -0.62799707E+01,  0.13043377E+01,  0.63326336E-06,  0.25896416E+01
     951.,  0.18312349E+02,  0.25331999E+02, -0.62799707E+01,  0.12515052E+01,  0.64191395E-06,  0.28999151E+01
     952.,  0.33123489E+01,  0.25331999E+02, -0.70060123E+01,  0.23371145E+01,  0.46422943E-06, -0.20235449E+01
     953.,  0.42498489E+01,  0.25331999E+02, -0.70060123E+01,  0.22842820E+01,  0.47288002E-06, -0.17132714E+01
     954.,  0.51873489E+01,  0.25331999E+02, -0.70060123E+01,  0.22314495E+01,  0.48153061E-06, -0.14029980E+01
     955.,  0.61248489E+01,  0.25331999E+02, -0.70060123E+01,  0.21786171E+01,  0.49018122E-06, -0.10927245E+01
     956.,  0.70623489E+01,  0.25331999E+02, -0.70060123E+01,  0.21257846E+01,  0.49883181E-06, -0.78245097E+00
     957.,  0.79998489E+01,  0.25331999E+02, -0.70060123E+01,  0.20729521E+01,  0.50748239E-06, -0.47217748E+00
     958.,  0.89373489E+01,  0.25331999E+02, -0.70060123E+01,  0.20201196E+01,  0.51613300E-06, -0.16190399E+00
     959.,  0.98748489E+01,  0.25331999E+02, -0.70060123E+01,  0.19672871E+01,  0.52478360E-06,  0.14836950E+00
     960.,  0.10812349E+02,  0.25331999E+02, -0.70060123E+01,  0.19144546E+01,  0.53343419E-06,  0.45864300E+00
     961.,  0.11749849E+02,  0.25331999E+02, -0.70060123E+01,  0.18616221E+01,  0.54208479E-06,  0.76891649E+00
     962.,  0.12687349E+02,  0.25331999E+02, -0.70060123E+01,  0.18087897E+01,  0.55073537E-06,  0.10791900E+01
     963.,  0.13624849E+02,  0.25331999E+02, -0.70060123E+01,  0.17559572E+01,  0.55938595E-06,  0.13894635E+01
     964.,  0.14562349E+02,  0.25331999E+02, -0.70060123E+01,  0.17031247E+01,  0.56803657E-06,  0.16997370E+01
     965.,  0.15499849E+02,  0.25331999E+02, -0.70060123E+01,  0.16502922E+01,  0.57668715E-06,  0.20100105E+01
     966.,  0.16437349E+02,  0.25331999E+02, -0.70060123E+01,  0.15974597E+01,  0.58533775E-06,  0.23202839E+01
     967.,  0.17374849E+02,  0.25331999E+02, -0.70060123E+01,  0.15446272E+01,  0.59398835E-06,  0.26305574E+01
     968.,  0.18312349E+02,  0.25331999E+02, -0.70060123E+01,  0.14917947E+01,  0.60263893E-06,  0.29408309E+01
     969.,  0.33123489E+01,  0.25331999E+02, -0.77320540E+01,  0.25774041E+01,  0.42495442E-06, -0.19826291E+01
     970.,  0.42498489E+01,  0.25331999E+02, -0.77320540E+01,  0.25245716E+01,  0.43360500E-06, -0.16723556E+01
     971.,  0.51873489E+01,  0.25331999E+02, -0.77320540E+01,  0.24717391E+01,  0.44225560E-06, -0.13620821E+01
     972.,  0.61248489E+01,  0.25331999E+02, -0.77320540E+01,  0.24189066E+01,  0.45090619E-06, -0.10518086E+01
     973.,  0.70623489E+01,  0.25331999E+02, -0.77320540E+01,  0.23660742E+01,  0.45955678E-06, -0.74153515E+00
     974.,  0.79998489E+01,  0.25331999E+02, -0.77320540E+01,  0.23132417E+01,  0.46820739E-06, -0.43126165E+00
     975.,  0.89373489E+01,  0.25331999E+02, -0.77320540E+01,  0.22604092E+01,  0.47685798E-06, -0.12098816E+00
     976.,  0.98748489E+01,  0.25331999E+02, -0.77320540E+01,  0.22075767E+01,  0.48550857E-06,  0.18928533E+00
     977.,  0.10812349E+02,  0.25331999E+02, -0.77320540E+01,  0.21547442E+01,  0.49415917E-06,  0.49955882E+00
     978.,  0.11749849E+02,  0.25331999E+02, -0.77320540E+01,  0.21019117E+01,  0.50280976E-06,  0.80983231E+00
     979.,  0.12687349E+02,  0.25331999E+02, -0.77320540E+01,  0.20490792E+01,  0.51146035E-06,  0.11201058E+01
     980.,  0.13624849E+02,  0.25331999E+02, -0.77320540E+01,  0.19962468E+01,  0.52011094E-06,  0.14303793E+01
     981.,  0.14562349E+02,  0.25331999E+02, -0.77320540E+01,  0.19434143E+01,  0.52876154E-06,  0.17406528E+01
     982.,  0.15499849E+02,  0.25331999E+02, -0.77320540E+01,  0.18905818E+01,  0.53741213E-06,  0.20509263E+01
     983.,  0.16437349E+02,  0.25331999E+02, -0.77320540E+01,  0.18377493E+01,  0.54606272E-06,  0.23611998E+01
     984.,  0.17374849E+02,  0.25331999E+02, -0.77320540E+01,  0.17849168E+01,  0.55471332E-06,  0.26714733E+01
     985.,  0.18312349E+02,  0.25331999E+02, -0.77320540E+01,  0.17320843E+01,  0.56336390E-06,  0.29817468E+01
     986.,  0.33123489E+01,  0.25331999E+02, -0.84580957E+01,  0.28176937E+01,  0.38567940E-06, -0.19417133E+01
     987.,  0.42498489E+01,  0.25331999E+02, -0.84580957E+01,  0.27648612E+01,  0.39432997E-06, -0.16314398E+01
     988.,  0.51873489E+01,  0.25331999E+02, -0.84580957E+01,  0.27120287E+01,  0.40298058E-06, -0.13211663E+01
     989.,  0.61248489E+01,  0.25331999E+02, -0.84580957E+01,  0.26591962E+01,  0.41163118E-06, -0.10108928E+01
     990.,  0.70623489E+01,  0.25331999E+02, -0.84580957E+01,  0.26063637E+01,  0.42028176E-06, -0.70061932E+00
     991.,  0.79998489E+01,  0.25331999E+02, -0.84580957E+01,  0.25535313E+01,  0.42893238E-06, -0.39034583E+00
     992.,  0.89373489E+01,  0.25331999E+02, -0.84580957E+01,  0.25006988E+01,  0.43758295E-06, -0.80072337E-01
     993.,  0.98748489E+01,  0.25331999E+02, -0.84580957E+01,  0.24478663E+01,  0.44623356E-06,  0.23020115E+00
     994.,  0.10812349E+02,  0.25331999E+02, -0.84580957E+01,  0.23950338E+01,  0.45488415E-06,  0.54047465E+00
     995.,  0.11749849E+02,  0.25331999E+02, -0.84580957E+01,  0.23422013E+01,  0.46353474E-06,  0.85074814E+00
     996.,  0.12687349E+02,  0.25331999E+02, -0.84580957E+01,  0.22893688E+01,  0.47218534E-06,  0.11610216E+01
     997.,  0.13624849E+02,  0.25331999E+02, -0.84580957E+01,  0.22365363E+01,  0.48083593E-06,  0.14712951E+01
     998.,  0.14562349E+02,  0.25331999E+02, -0.84580957E+01,  0.21837039E+01,  0.48948652E-06,  0.17815686E+01
     999.,  0.15499849E+02,  0.25331999E+02, -0.84580957E+01,  0.21308714E+01,  0.49813710E-06,  0.20918421E+01
    1000.,  0.16437349E+02,  0.25331999E+02, -0.84580957E+01,  0.20780389E+01,  0.50678770E-06,  0.24021156E+01
    1001.,  0.17374849E+02,  0.25331999E+02, -0.84580957E+01,  0.20252064E+01,  0.51543830E-06,  0.27123891E+01
    1002.,  0.18312349E+02,  0.25331999E+02, -0.84580957E+01,  0.19723739E+01,  0.52408889E-06,  0.30226626E+01
    1003.,  0.33123489E+01,  0.25331999E+02, -0.91841373E+01,  0.30579833E+01,  0.34640438E-06, -0.19007975E+01
    1004.,  0.42498489E+01,  0.25331999E+02, -0.91841373E+01,  0.30051508E+01,  0.35505497E-06, -0.15905240E+01
    1005.,  0.51873489E+01,  0.25331999E+02, -0.91841373E+01,  0.29523183E+01,  0.36370556E-06, -0.12802505E+01
    1006.,  0.61248489E+01,  0.25331999E+02, -0.91841373E+01,  0.28994858E+01,  0.37235615E-06, -0.96997699E+00
    1007.,  0.70623489E+01,  0.25331999E+02, -0.91841373E+01,  0.28466533E+01,  0.38100673E-06, -0.65970350E+00
    1008.,  0.79998489E+01,  0.25331999E+02, -0.91841373E+01,  0.27938208E+01,  0.38965734E-06, -0.34943000E+00
    1009.,  0.89373489E+01,  0.25331999E+02, -0.91841373E+01,  0.27409884E+01,  0.39830793E-06, -0.39156512E-01
    1010.,  0.98748489E+01,  0.25331999E+02, -0.91841373E+01,  0.26881559E+01,  0.40695852E-06,  0.27111698E+00
    1011.,  0.10812349E+02,  0.25331999E+02, -0.91841373E+01,  0.26353234E+01,  0.41560912E-06,  0.58139047E+00
    1012.,  0.11749849E+02,  0.25331999E+02, -0.91841373E+01,  0.25824909E+01,  0.42425972E-06,  0.89166396E+00
    1013.,  0.12687349E+02,  0.25331999E+02, -0.91841373E+01,  0.25296584E+01,  0.43291031E-06,  0.12019375E+01
    1014.,  0.13624849E+02,  0.25331999E+02, -0.91841373E+01,  0.24768259E+01,  0.44156090E-06,  0.15122109E+01
    1015.,  0.14562349E+02,  0.25331999E+02, -0.91841373E+01,  0.24239934E+01,  0.45021151E-06,  0.18224844E+01
    1016.,  0.15499849E+02,  0.25331999E+02, -0.91841373E+01,  0.23711609E+01,  0.45886208E-06,  0.21327579E+01
    1017.,  0.16437349E+02,  0.25331999E+02, -0.91841373E+01,  0.23183285E+01,  0.46751267E-06,  0.24430314E+01
    1018.,  0.17374849E+02,  0.25331999E+02, -0.91841373E+01,  0.22654960E+01,  0.47616327E-06,  0.27533049E+01
    1019.,  0.18312349E+02,  0.25331999E+02, -0.91841373E+01,  0.22126635E+01,  0.48481387E-06,  0.30635784E+01
    1020.,  0.33123489E+01,  0.25331999E+02, -0.99101790E+01,  0.32982728E+01,  0.30712935E-06, -0.18598816E+01
    1021.,  0.42498489E+01,  0.25331999E+02, -0.99101790E+01,  0.32454404E+01,  0.31577993E-06, -0.15496081E+01
    1022.,  0.51873489E+01,  0.25331999E+02, -0.99101790E+01,  0.31926079E+01,  0.32443053E-06, -0.12393347E+01
    1023.,  0.61248489E+01,  0.25331999E+02, -0.99101790E+01,  0.31397754E+01,  0.33308114E-06, -0.92906116E+00
    1024.,  0.70623489E+01,  0.25331999E+02, -0.99101790E+01,  0.30869429E+01,  0.34173172E-06, -0.61878767E+00
    1025.,  0.79998489E+01,  0.25331999E+02, -0.99101790E+01,  0.30341104E+01,  0.35038231E-06, -0.30851418E+00
    1026.,  0.89373489E+01,  0.25331999E+02, -0.99101790E+01,  0.29812779E+01,  0.35903290E-06,  0.17593132E-02
    1027.,  0.98748489E+01,  0.25331999E+02, -0.99101790E+01,  0.29284454E+01,  0.36768351E-06,  0.31203280E+00
    1028.,  0.10812349E+02,  0.25331999E+02, -0.99101790E+01,  0.28756130E+01,  0.37633410E-06,  0.62230630E+00
    1029.,  0.11749849E+02,  0.25331999E+02, -0.99101790E+01,  0.28227805E+01,  0.38498469E-06,  0.93257979E+00
    1030.,  0.12687349E+02,  0.25331999E+02, -0.99101790E+01,  0.27699480E+01,  0.39363528E-06,  0.12428533E+01
    1031.,  0.13624849E+02,  0.25331999E+02, -0.99101790E+01,  0.27171155E+01,  0.40228587E-06,  0.15531268E+01
    1032.,  0.14562349E+02,  0.25331999E+02, -0.99101790E+01,  0.26642830E+01,  0.41093648E-06,  0.18634003E+01
    1033.,  0.15499849E+02,  0.25331999E+02, -0.99101790E+01,  0.26114505E+01,  0.41958705E-06,  0.21736738E+01
    1034.,  0.16437349E+02,  0.25331999E+02, -0.99101790E+01,  0.25586180E+01,  0.42823765E-06,  0.24839472E+01
    1035.,  0.17374849E+02,  0.25331999E+02, -0.99101790E+01,  0.25057856E+01,  0.43688827E-06,  0.27942207E+01
    1036.,  0.18312349E+02,  0.25331999E+02, -0.99101790E+01,  0.24529531E+01,  0.44553885E-06,  0.31044942E+01
    1037.,  0.33123489E+01,  0.25331999E+02, -0.10636221E+02,  0.35385624E+01,  0.26785434E-06, -0.18189658E+01
    1038.,  0.42498489E+01,  0.25331999E+02, -0.10636221E+02,  0.34857299E+01,  0.27650492E-06, -0.15086923E+01
    1039.,  0.51873489E+01,  0.25331999E+02, -0.10636221E+02,  0.34328975E+01,  0.28515551E-06, -0.11984188E+01
    1040.,  0.61248489E+01,  0.25331999E+02, -0.10636221E+02,  0.33800650E+01,  0.29380611E-06, -0.88814534E+00
    1041.,  0.70623489E+01,  0.25331999E+02, -0.10636221E+02,  0.33272325E+01,  0.30245670E-06, -0.57787184E+00
    1042.,  0.79998489E+01,  0.25331999E+02, -0.10636221E+02,  0.32744000E+01,  0.31110729E-06, -0.26759835E+00
    1043.,  0.89373489E+01,  0.25331999E+02, -0.10636221E+02,  0.32215675E+01,  0.31975788E-06,  0.42675139E-01
    1044.,  0.98748489E+01,  0.25331999E+02, -0.10636221E+02,  0.31687350E+01,  0.32840848E-06,  0.35294863E+00
    1045.,  0.10812349E+02,  0.25331999E+02, -0.10636221E+02,  0.31159025E+01,  0.33705907E-06,  0.66322212E+00
    1046.,  0.11749849E+02,  0.25331999E+02, -0.10636221E+02,  0.30630701E+01,  0.34570967E-06,  0.97349561E+00
    1047.,  0.12687349E+02,  0.25331999E+02, -0.10636221E+02,  0.30102376E+01,  0.35436027E-06,  0.12837691E+01
    1048.,  0.13624849E+02,  0.25331999E+02, -0.10636221E+02,  0.29574051E+01,  0.36301086E-06,  0.15940426E+01
    1049.,  0.14562349E+02,  0.25331999E+02, -0.10636221E+02,  0.29045726E+01,  0.37166146E-06,  0.19043161E+01
    1050.,  0.15499849E+02,  0.25331999E+02, -0.10636221E+02,  0.28517401E+01,  0.38031204E-06,  0.22145896E+01
    1051.,  0.16437349E+02,  0.25331999E+02, -0.10636221E+02,  0.27989076E+01,  0.38896263E-06,  0.25248631E+01
    1052.,  0.17374849E+02,  0.25331999E+02, -0.10636221E+02,  0.27460751E+01,  0.39761323E-06,  0.28351366E+01
    1053.,  0.18312349E+02,  0.25331999E+02, -0.10636221E+02,  0.26932427E+01,  0.40626382E-06,  0.31454101E+01
    1054.,  0.33123489E+01,  0.25331999E+02, -0.11362262E+02,  0.37788520E+01,  0.22857930E-06, -0.17780500E+01
    1055.,  0.42498489E+01,  0.25331999E+02, -0.11362262E+02,  0.37260195E+01,  0.23722990E-06, -0.14677765E+01
    1056.,  0.51873489E+01,  0.25331999E+02, -0.11362262E+02,  0.36731870E+01,  0.24588049E-06, -0.11575030E+01
    1057.,  0.61248489E+01,  0.25331999E+02, -0.11362262E+02,  0.36203546E+01,  0.25453109E-06, -0.84722951E+00
    1058.,  0.70623489E+01,  0.25331999E+02, -0.11362262E+02,  0.35675221E+01,  0.26318169E-06, -0.53695602E+00
    1059.,  0.79998489E+01,  0.25331999E+02, -0.11362262E+02,  0.35146896E+01,  0.27183227E-06, -0.22668253E+00
    1060.,  0.89373489E+01,  0.25331999E+02, -0.11362262E+02,  0.34618571E+01,  0.28048287E-06,  0.83590963E-01
    1061.,  0.98748489E+01,  0.25331999E+02, -0.11362262E+02,  0.34090246E+01,  0.28913345E-06,  0.39386446E+00
    1062.,  0.10812349E+02,  0.25331999E+02, -0.11362262E+02,  0.33561921E+01,  0.29778405E-06,  0.70413795E+00
    1063.,  0.11749849E+02,  0.25331999E+02, -0.11362262E+02,  0.33033596E+01,  0.30643465E-06,  0.10144114E+01
    1064.,  0.12687349E+02,  0.25331999E+02, -0.11362262E+02,  0.32505272E+01,  0.31508525E-06,  0.13246849E+01
    1065.,  0.13624849E+02,  0.25331999E+02, -0.11362262E+02,  0.31976947E+01,  0.32373583E-06,  0.16349584E+01
    1066.,  0.14562349E+02,  0.25331999E+02, -0.11362262E+02,  0.31448622E+01,  0.33238644E-06,  0.19452319E+01
    1067.,  0.15499849E+02,  0.25331999E+02, -0.11362262E+02,  0.30920297E+01,  0.34103702E-06,  0.22555054E+01
    1068.,  0.16437349E+02,  0.25331999E+02, -0.11362262E+02,  0.30391972E+01,  0.34968762E-06,  0.25657789E+01
    1069.,  0.17374849E+02,  0.25331999E+02, -0.11362262E+02,  0.29863647E+01,  0.35833821E-06,  0.28760524E+01
    1070.,  0.18312349E+02,  0.25331999E+02, -0.11362262E+02,  0.29335322E+01,  0.36698881E-06,  0.31863259E+01
    1071.,  0.33123489E+01,  0.25331999E+02, -0.12088304E+02,  0.40191416E+01,  0.18930429E-06, -0.17371342E+01
    1072.,  0.42498489E+01,  0.25331999E+02, -0.12088304E+02,  0.39663091E+01,  0.19795488E-06, -0.14268607E+01
    1073.,  0.51873489E+01,  0.25331999E+02, -0.12088304E+02,  0.39134766E+01,  0.20660547E-06, -0.11165872E+01
    1074.,  0.61248489E+01,  0.25331999E+02, -0.12088304E+02,  0.38606441E+01,  0.21525606E-06, -0.80631369E+00
    1075.,  0.70623489E+01,  0.25331999E+02, -0.12088304E+02,  0.38078117E+01,  0.22390665E-06, -0.49604019E+00
    1076.,  0.79998489E+01,  0.25331999E+02, -0.12088304E+02,  0.37549792E+01,  0.23255725E-06, -0.18576670E+00
    1077.,  0.89373489E+01,  0.25331999E+02, -0.12088304E+02,  0.37021467E+01,  0.24120785E-06,  0.12450679E+00
    1078.,  0.98748489E+01,  0.25331999E+02, -0.12088304E+02,  0.36493142E+01,  0.24985844E-06,  0.43478028E+00
    1079.,  0.10812349E+02,  0.25331999E+02, -0.12088304E+02,  0.35964817E+01,  0.25850903E-06,  0.74505377E+00
    1080.,  0.11749849E+02,  0.25331999E+02, -0.12088304E+02,  0.35436492E+01,  0.26715963E-06,  0.10553273E+01
    1081.,  0.12687349E+02,  0.25331999E+02, -0.12088304E+02,  0.34908167E+01,  0.27581022E-06,  0.13656008E+01
    1082.,  0.13624849E+02,  0.25331999E+02, -0.12088304E+02,  0.34379842E+01,  0.28446082E-06,  0.16758742E+01
    1083.,  0.14562349E+02,  0.25331999E+02, -0.12088304E+02,  0.33851518E+01,  0.29311141E-06,  0.19861477E+01
    1084.,  0.15499849E+02,  0.25331999E+02, -0.12088304E+02,  0.33323193E+01,  0.30176200E-06,  0.22964212E+01
    1085.,  0.16437349E+02,  0.25331999E+02, -0.12088304E+02,  0.32794868E+01,  0.31041259E-06,  0.26066947E+01
    1086.,  0.17374849E+02,  0.25331999E+02, -0.12088304E+02,  0.32266543E+01,  0.31906320E-06,  0.29169682E+01
    1087.,  0.18312349E+02,  0.25331999E+02, -0.12088304E+02,  0.31738218E+01,  0.32771378E-06,  0.32272417E+01
    1088.,  0.33123489E+01,  0.25331999E+02, -0.12814346E+02,  0.42594312E+01,  0.15002926E-06, -0.16962183E+01
    1089.,  0.42498489E+01,  0.25331999E+02, -0.12814346E+02,  0.42065987E+01,  0.15867985E-06, -0.13859448E+01
    1090.,  0.51873489E+01,  0.25331999E+02, -0.12814346E+02,  0.41537662E+01,  0.16733044E-06, -0.10756714E+01
    1091.,  0.61248489E+01,  0.25331999E+02, -0.12814346E+02,  0.41009337E+01,  0.17598104E-06, -0.76539786E+00
    1092.,  0.70623489E+01,  0.25331999E+02, -0.12814346E+02,  0.40481012E+01,  0.18463163E-06, -0.45512437E+00
    1093.,  0.79998489E+01,  0.25331999E+02, -0.12814346E+02,  0.39952687E+01,  0.19328222E-06, -0.14485088E+00
    1094.,  0.89373489E+01,  0.25331999E+02, -0.12814346E+02,  0.39424363E+01,  0.20193282E-06,  0.16542261E+00
    1095.,  0.98748489E+01,  0.25331999E+02, -0.12814346E+02,  0.38896038E+01,  0.21058341E-06,  0.47569611E+00
    1096.,  0.10812349E+02,  0.25331999E+02, -0.12814346E+02,  0.38367713E+01,  0.21923402E-06,  0.78596960E+00
    1097.,  0.11749849E+02,  0.25331999E+02, -0.12814346E+02,  0.37839388E+01,  0.22788461E-06,  0.10962431E+01
    1098.,  0.12687349E+02,  0.25331999E+02, -0.12814346E+02,  0.37311063E+01,  0.23653520E-06,  0.14065166E+01
    1099.,  0.13624849E+02,  0.25331999E+02, -0.12814346E+02,  0.36782738E+01,  0.24518579E-06,  0.17167901E+01
    1100.,  0.14562349E+02,  0.25331999E+02, -0.12814346E+02,  0.36254413E+01,  0.25383638E-06,  0.20270636E+01
    1101.,  0.15499849E+02,  0.25331999E+02, -0.12814346E+02,  0.35726089E+01,  0.26248698E-06,  0.23373371E+01
    1102.,  0.16437349E+02,  0.25331999E+02, -0.12814346E+02,  0.35197764E+01,  0.27113757E-06,  0.26476105E+01
    1103.,  0.17374849E+02,  0.25331999E+02, -0.12814346E+02,  0.34669439E+01,  0.27978817E-06,  0.29578840E+01
    1104.,  0.18312349E+02,  0.25331999E+02, -0.12814346E+02,  0.34141114E+01,  0.28843874E-06,  0.32681575E+01
    1105.,  0.33123489E+01,  0.25331999E+02, -0.13540387E+02,  0.44997208E+01,  0.11075423E-06, -0.16553025E+01
    1106.,  0.42498489E+01,  0.25331999E+02, -0.13540387E+02,  0.44468883E+01,  0.11940482E-06, -0.13450290E+01
    1107.,  0.51873489E+01,  0.25331999E+02, -0.13540387E+02,  0.43940558E+01,  0.12805542E-06, -0.10347555E+01
    1108.,  0.61248489E+01,  0.25331999E+02, -0.13540387E+02,  0.43412233E+01,  0.13670601E-06, -0.72448204E+00
    1109.,  0.70623489E+01,  0.25331999E+02, -0.13540387E+02,  0.42883908E+01,  0.14535661E-06, -0.41420854E+00
    1110.,  0.79998489E+01,  0.25331999E+02, -0.13540387E+02,  0.42355583E+01,  0.15400721E-06, -0.10393505E+00
    1111.,  0.89373489E+01,  0.25331999E+02, -0.13540387E+02,  0.41827258E+01,  0.16265780E-06,  0.20633844E+00
    1112.,  0.98748489E+01,  0.25331999E+02, -0.13540387E+02,  0.41298934E+01,  0.17130839E-06,  0.51661193E+00
    1113.,  0.10812349E+02,  0.25331999E+02, -0.13540387E+02,  0.40770609E+01,  0.17995898E-06,  0.82688542E+00
    1114.,  0.11749849E+02,  0.25331999E+02, -0.13540387E+02,  0.40242284E+01,  0.18860958E-06,  0.11371589E+01
    1115.,  0.12687349E+02,  0.25331999E+02, -0.13540387E+02,  0.39713959E+01,  0.19726018E-06,  0.14474324E+01
    1116.,  0.13624849E+02,  0.25331999E+02, -0.13540387E+02,  0.39185634E+01,  0.20591076E-06,  0.17577059E+01
    1117.,  0.14562349E+02,  0.25331999E+02, -0.13540387E+02,  0.38657309E+01,  0.21456136E-06,  0.20679794E+01
    1118.,  0.15499849E+02,  0.25331999E+02, -0.13540387E+02,  0.38128984E+01,  0.22321194E-06,  0.23782529E+01
    1119.,  0.16437349E+02,  0.25331999E+02, -0.13540387E+02,  0.37600660E+01,  0.23186255E-06,  0.26885264E+01
    1120.,  0.17374849E+02,  0.25331999E+02, -0.13540387E+02,  0.37072335E+01,  0.24051314E-06,  0.29987999E+01
    1121.,  0.18312349E+02,  0.25331999E+02, -0.13540387E+02,  0.36544010E+01,  0.24916374E-06,  0.33090734E+01
    1122.,  0.33123489E+01,  0.25331999E+02, -0.14266429E+02,  0.47400103E+01,  0.71479214E-07, -0.16143867E+01
    1123.,  0.42498489E+01,  0.25331999E+02, -0.14266429E+02,  0.46871779E+01,  0.80129804E-07, -0.13041132E+01
    1124.,  0.51873489E+01,  0.25331999E+02, -0.14266429E+02,  0.46343454E+01,  0.88780392E-07, -0.99383970E+00
    1125.,  0.61248489E+01,  0.25331999E+02, -0.14266429E+02,  0.45815129E+01,  0.97430997E-07, -0.68356621E+00
    1126.,  0.70623489E+01,  0.25331999E+02, -0.14266429E+02,  0.45286804E+01,  0.10608158E-06, -0.37329272E+00
    1127.,  0.79998489E+01,  0.25331999E+02, -0.14266429E+02,  0.44758479E+01,  0.11473218E-06, -0.63019227E-01
    1128.,  0.89373489E+01,  0.25331999E+02, -0.14266429E+02,  0.44230154E+01,  0.12338277E-06,  0.24725426E+00
    1129.,  0.98748489E+01,  0.25331999E+02, -0.14266429E+02,  0.43701829E+01,  0.13203337E-06,  0.55752776E+00
    1130.,  0.10812349E+02,  0.25331999E+02, -0.14266429E+02,  0.43173505E+01,  0.14068397E-06,  0.86780125E+00
    1131.,  0.11749849E+02,  0.25331999E+02, -0.14266429E+02,  0.42645180E+01,  0.14933456E-06,  0.11780747E+01
    1132.,  0.12687349E+02,  0.25331999E+02, -0.14266429E+02,  0.42116855E+01,  0.15798515E-06,  0.14883482E+01
    1133.,  0.13624849E+02,  0.25331999E+02, -0.14266429E+02,  0.41588530E+01,  0.16663573E-06,  0.17986217E+01
    1134.,  0.14562349E+02,  0.25331999E+02, -0.14266429E+02,  0.41060205E+01,  0.17528634E-06,  0.21088952E+01
    1135.,  0.15499849E+02,  0.25331999E+02, -0.14266429E+02,  0.40531880E+01,  0.18393693E-06,  0.24191687E+01
    1136.,  0.16437349E+02,  0.25331999E+02, -0.14266429E+02,  0.40003555E+01,  0.19258753E-06,  0.27294422E+01
    1137.,  0.17374849E+02,  0.25331999E+02, -0.14266429E+02,  0.39475231E+01,  0.20123812E-06,  0.30397157E+01
    1138.,  0.18312349E+02,  0.25331999E+02, -0.14266429E+02,  0.38946906E+01,  0.20988871E-06,  0.33499892E+01
    1139.,  0.33123489E+01,  0.25331999E+02, -0.14992471E+02,  0.49802999E+01,  0.32204200E-07, -0.15734709E+01
    1140.,  0.42498489E+01,  0.25331999E+02, -0.14992471E+02,  0.49274674E+01,  0.40854779E-07, -0.12631974E+01
    1141.,  0.51873489E+01,  0.25331999E+02, -0.14992471E+02,  0.48746350E+01,  0.49505382E-07, -0.95292388E+00
    1142.,  0.61248489E+01,  0.25331999E+02, -0.14992471E+02,  0.48218025E+01,  0.58155973E-07, -0.64265038E+00
    1143.,  0.70623489E+01,  0.25331999E+02, -0.14992471E+02,  0.47689700E+01,  0.66806559E-07, -0.33237689E+00
    1144.,  0.79998489E+01,  0.25331999E+02, -0.14992471E+02,  0.47161375E+01,  0.75457165E-07, -0.22103402E-01
    1145.,  0.89373489E+01,  0.25331999E+02, -0.14992471E+02,  0.46633050E+01,  0.84107753E-07,  0.28817009E+00
    1146.,  0.98748489E+01,  0.25331999E+02, -0.14992471E+02,  0.46104725E+01,  0.92758349E-07,  0.59844358E+00
    1147.,  0.10812349E+02,  0.25331999E+02, -0.14992471E+02,  0.45576400E+01,  0.10140894E-06,  0.90871707E+00
    1148.,  0.11749849E+02,  0.25331999E+02, -0.14992471E+02,  0.45048075E+01,  0.11005954E-06,  0.12189906E+01
    1149.,  0.12687349E+02,  0.25331999E+02, -0.14992471E+02,  0.44519751E+01,  0.11871013E-06,  0.15292641E+01
    1150.,  0.13624849E+02,  0.25331999E+02, -0.14992471E+02,  0.43991426E+01,  0.12736071E-06,  0.18395375E+01
    1151.,  0.14562349E+02,  0.25331999E+02, -0.14992471E+02,  0.43463101E+01,  0.13601132E-06,  0.21498110E+01
    1152.,  0.15499849E+02,  0.25331999E+02, -0.14992471E+02,  0.42934776E+01,  0.14466191E-06,  0.24600845E+01
    1153.,  0.16437349E+02,  0.25331999E+02, -0.14992471E+02,  0.42406451E+01,  0.15331251E-06,  0.27703580E+01
    1154.,  0.17374849E+02,  0.25331999E+02, -0.14992471E+02,  0.41878126E+01,  0.16196310E-06,  0.30806315E+01
    1155.,  0.18312349E+02,  0.25331999E+02, -0.14992471E+02,  0.41349801E+01,  0.17061369E-06,  0.33909050E+01
    1156.,  0.33123489E+01,  0.25331999E+02, -0.15718512E+02,  0.52205895E+01, -0.70708311E-08, -0.15325550E+01
    1157.,  0.42498489E+01,  0.25331999E+02, -0.15718512E+02,  0.51677570E+01,  0.15797661E-08, -0.12222815E+01
    1158.,  0.51873489E+01,  0.25331999E+02, -0.15718512E+02,  0.51149245E+01,  0.10230353E-07, -0.91200805E+00
    1159.,  0.61248489E+01,  0.25331999E+02, -0.15718512E+02,  0.50620920E+01,  0.18880951E-07, -0.60173456E+00
    1160.,  0.70623489E+01,  0.25331999E+02, -0.15718512E+02,  0.50092596E+01,  0.27531536E-07, -0.29146107E+00
    1161.,  0.79998489E+01,  0.25331999E+02, -0.15718512E+02,  0.49564271E+01,  0.36182137E-07,  0.18812423E-01
    1162.,  0.89373489E+01,  0.25331999E+02, -0.15718512E+02,  0.49035946E+01,  0.44832727E-07,  0.32908591E+00
    1163.,  0.98748489E+01,  0.25331999E+02, -0.15718512E+02,  0.48507621E+01,  0.53483327E-07,  0.63935941E+00
    1164.,  0.10812349E+02,  0.25331999E+02, -0.15718512E+02,  0.47979296E+01,  0.62133926E-07,  0.94963290E+00
    1165.,  0.11749849E+02,  0.25331999E+02, -0.15718512E+02,  0.47450971E+01,  0.70784516E-07,  0.12599064E+01
    1166.,  0.12687349E+02,  0.25331999E+02, -0.15718512E+02,  0.46922646E+01,  0.79435108E-07,  0.15701799E+01
    1167.,  0.13624849E+02,  0.25331999E+02, -0.15718512E+02,  0.46394322E+01,  0.88085699E-07,  0.18804534E+01
    1168.,  0.14562349E+02,  0.25331999E+02, -0.15718512E+02,  0.45865997E+01,  0.96736300E-07,  0.21907269E+01
    1169.,  0.15499849E+02,  0.25331999E+02, -0.15718512E+02,  0.45337672E+01,  0.10538689E-06,  0.25010004E+01
    1170.,  0.16437349E+02,  0.25331999E+02, -0.15718512E+02,  0.44809347E+01,  0.11403748E-06,  0.28112738E+01
    1171.,  0.17374849E+02,  0.25331999E+02, -0.15718512E+02,  0.44281022E+01,  0.12268808E-06,  0.31215473E+01
    1172.,  0.18312349E+02,  0.25331999E+02, -0.15718512E+02,  0.43752697E+01,  0.13133866E-06,  0.34318208E+01
    1173.,  0.33123489E+01,  0.25331999E+02, -0.16444554E+02,  0.54608791E+01, -0.46345856E-07, -0.14916392E+01
    1174.,  0.42498489E+01,  0.25331999E+02, -0.16444554E+02,  0.54080466E+01, -0.37695260E-07, -0.11813657E+01
    1175.,  0.51873489E+01,  0.25331999E+02, -0.16444554E+02,  0.53552141E+01, -0.29044662E-07, -0.87109223E+00
    1176.,  0.61248489E+01,  0.25331999E+02, -0.16444554E+02,  0.53023816E+01, -0.20394060E-07, -0.56081873E+00
    1177.,  0.70623489E+01,  0.25331999E+02, -0.16444554E+02,  0.52495491E+01, -0.11743485E-07, -0.25054524E+00
    1178.,  0.79998489E+01,  0.25331999E+02, -0.16444554E+02,  0.51967167E+01, -0.30928836E-08,  0.59728249E-01
    1179.,  0.89373489E+01,  0.25331999E+02, -0.16444554E+02,  0.51438842E+01,  0.55577137E-08,  0.37000174E+00
    1180.,  0.98748489E+01,  0.25331999E+02, -0.16444554E+02,  0.50910517E+01,  0.14208304E-07,  0.68027523E+00
    1181.,  0.10812349E+02,  0.25331999E+02, -0.16444554E+02,  0.50382192E+01,  0.22858900E-07,  0.99054872E+00
    1182.,  0.11749849E+02,  0.25331999E+02, -0.16444554E+02,  0.49853867E+01,  0.31509501E-07,  0.13008222E+01
    1183.,  0.12687349E+02,  0.25331999E+02, -0.16444554E+02,  0.49325542E+01,  0.40160088E-07,  0.16110957E+01
    1184.,  0.13624849E+02,  0.25331999E+02, -0.16444554E+02,  0.48797217E+01,  0.48810678E-07,  0.19213692E+01
    1185.,  0.14562349E+02,  0.25331999E+02, -0.16444554E+02,  0.48268893E+01,  0.57461280E-07,  0.22316427E+01
    1186.,  0.15499849E+02,  0.25331999E+02, -0.16444554E+02,  0.47740568E+01,  0.66111863E-07,  0.25419162E+01
    1187.,  0.16437349E+02,  0.25331999E+02, -0.16444554E+02,  0.47212243E+01,  0.74762461E-07,  0.28521897E+01
    1188.,  0.17374849E+02,  0.25331999E+02, -0.16444554E+02,  0.46683918E+01,  0.83413067E-07,  0.31624632E+01
    1189.,  0.18312349E+02,  0.25331999E+02, -0.16444554E+02,  0.46155593E+01,  0.92063654E-07,  0.34727367E+01
    1190.,  0.33123489E+01,  0.25331999E+02, -0.17170596E+02,  0.57011687E+01, -0.85620874E-07, -0.14507234E+01
    1191.,  0.42498489E+01,  0.25331999E+02, -0.17170596E+02,  0.56483362E+01, -0.76970294E-07, -0.11404499E+01
    1192.,  0.51873489E+01,  0.25331999E+02, -0.17170596E+02,  0.55955037E+01, -0.68319696E-07, -0.83017640E+00
    1193.,  0.61248489E+01,  0.25331999E+02, -0.17170596E+02,  0.55426712E+01, -0.59669102E-07, -0.51990291E+00
    1194.,  0.70623489E+01,  0.25331999E+02, -0.17170596E+02,  0.54898387E+01, -0.51018500E-07, -0.20962942E+00
    1195.,  0.79998489E+01,  0.25331999E+02, -0.17170596E+02,  0.54370062E+01, -0.42367904E-07,  0.10064407E+00
    1196.,  0.89373489E+01,  0.25331999E+02, -0.17170596E+02,  0.53841738E+01, -0.33717317E-07,  0.41091757E+00
    1197.,  0.98748489E+01,  0.25331999E+02, -0.17170596E+02,  0.53313413E+01, -0.25066708E-07,  0.72119106E+00
    1198.,  0.10812349E+02,  0.25331999E+02, -0.17170596E+02,  0.52785088E+01, -0.16416119E-07,  0.10314645E+01
    1199.,  0.11749849E+02,  0.25331999E+02, -0.17170596E+02,  0.52256763E+01, -0.77655207E-08,  0.13417380E+01
    1200.,  0.12687349E+02,  0.25331999E+02, -0.17170596E+02,  0.51728438E+01,  0.88506700E-09,  0.16520115E+01
    1201.,  0.13624849E+02,  0.25331999E+02, -0.17170596E+02,  0.51200113E+01,  0.95356570E-08,  0.19622850E+01
    1202.,  0.14562349E+02,  0.25331999E+02, -0.17170596E+02,  0.50671788E+01,  0.18186253E-07,  0.22725585E+01
    1203.,  0.15499849E+02,  0.25331999E+02, -0.17170596E+02,  0.50143464E+01,  0.26836830E-07,  0.25828320E+01
    1204.,  0.16437349E+02,  0.25331999E+02, -0.17170596E+02,  0.49615139E+01,  0.35487431E-07,  0.28931055E+01
    1205.,  0.17374849E+02,  0.25331999E+02, -0.17170596E+02,  0.49086814E+01,  0.44138036E-07,  0.32033790E+01
    1206.,  0.18312349E+02,  0.25331999E+02, -0.17170596E+02,  0.48558489E+01,  0.52788621E-07,  0.35136525E+01
    1207.,  0.33123489E+01,  0.25331999E+02, -0.17896637E+02,  0.59414582E+01, -0.12489588E-06, -0.14098076E+01
    1208.,  0.42498489E+01,  0.25331999E+02, -0.17896637E+02,  0.58886258E+01, -0.11624531E-06, -0.10995341E+01
    1209.,  0.51873489E+01,  0.25331999E+02, -0.17896637E+02,  0.58357933E+01, -0.10759472E-06, -0.78926058E+00
    1210.,  0.61248489E+01,  0.25331999E+02, -0.17896637E+02,  0.57829608E+01, -0.98944116E-07, -0.47898708E+00
    1211.,  0.70623489E+01,  0.25331999E+02, -0.17896637E+02,  0.57301283E+01, -0.90293527E-07, -0.16871359E+00
    1212.,  0.79998489E+01,  0.25331999E+02, -0.17896637E+02,  0.56772958E+01, -0.81642932E-07,  0.14155990E+00
    1213.,  0.89373489E+01,  0.25331999E+02, -0.17896637E+02,  0.56244633E+01, -0.72992341E-07,  0.45183339E+00
    1214.,  0.98748489E+01,  0.25331999E+02, -0.17896637E+02,  0.55716308E+01, -0.64341738E-07,  0.76210688E+00
    1215.,  0.10812349E+02,  0.25331999E+02, -0.17896637E+02,  0.55187984E+01, -0.55691146E-07,  0.10723804E+01
    1216.,  0.11749849E+02,  0.25331999E+02, -0.17896637E+02,  0.54659659E+01, -0.47040558E-07,  0.13826539E+01
    1217.,  0.12687349E+02,  0.25331999E+02, -0.17896637E+02,  0.54131334E+01, -0.38389952E-07,  0.16929274E+01
    1218.,  0.13624849E+02,  0.25331999E+02, -0.17896637E+02,  0.53603009E+01, -0.29739374E-07,  0.20032008E+01
    1219.,  0.14562349E+02,  0.25331999E+02, -0.17896637E+02,  0.53074684E+01, -0.21088772E-07,  0.23134743E+01
    1220.,  0.15499849E+02,  0.25331999E+02, -0.17896637E+02,  0.52546359E+01, -0.12438178E-07,  0.26237478E+01
    1221.,  0.16437349E+02,  0.25331999E+02, -0.17896637E+02,  0.52018034E+01, -0.37875777E-08,  0.29340213E+01
    1222.,  0.17374849E+02,  0.25331999E+02, -0.17896637E+02,  0.51489710E+01,  0.48630052E-08,  0.32442948E+01
    1223.,  0.18312349E+02,  0.25331999E+02, -0.17896637E+02,  0.50961385E+01,  0.13513609E-07,  0.35545683E+01
    1224.,  0.33123489E+01,  0.25331999E+02, -0.18622679E+02,  0.61817478E+01, -0.16417092E-06, -0.13688917E+01
    1225.,  0.42498489E+01,  0.25331999E+02, -0.18622679E+02,  0.61289153E+01, -0.15552033E-06, -0.10586182E+01
    1226.,  0.51873489E+01,  0.25331999E+02, -0.18622679E+02,  0.60760829E+01, -0.14686973E-06, -0.74834475E+00
    1227.,  0.61248489E+01,  0.25331999E+02, -0.18622679E+02,  0.60232504E+01, -0.13821913E-06, -0.43807126E+00
    1228.,  0.70623489E+01,  0.25331999E+02, -0.18622679E+02,  0.59704179E+01, -0.12956854E-06, -0.12779777E+00
    1229.,  0.79998489E+01,  0.25331999E+02, -0.18622679E+02,  0.59175854E+01, -0.12091794E-06,  0.18247572E+00
    1230.,  0.89373489E+01,  0.25331999E+02, -0.18622679E+02,  0.58647529E+01, -0.11226736E-06,  0.49274922E+00
    1231.,  0.98748489E+01,  0.25331999E+02, -0.18622679E+02,  0.58119204E+01, -0.10361675E-06,  0.80302271E+00
    1232.,  0.10812349E+02,  0.25331999E+02, -0.18622679E+02,  0.57590879E+01, -0.94966167E-07,  0.11132962E+01
    1233.,  0.11749849E+02,  0.25331999E+02, -0.18622679E+02,  0.57062555E+01, -0.86315580E-07,  0.14235697E+01
    1234.,  0.12687349E+02,  0.25331999E+02, -0.18622679E+02,  0.56534230E+01, -0.77664987E-07,  0.17338432E+01
    1235.,  0.13624849E+02,  0.25331999E+02, -0.18622679E+02,  0.56005905E+01, -0.69014394E-07,  0.20441167E+01
    1236.,  0.14562349E+02,  0.25331999E+02, -0.18622679E+02,  0.55477580E+01, -0.60363791E-07,  0.23543902E+01
    1237.,  0.15499849E+02,  0.25331999E+02, -0.18622679E+02,  0.54949255E+01, -0.51713198E-07,  0.26646637E+01
    1238.,  0.16437349E+02,  0.25331999E+02, -0.18622679E+02,  0.54420930E+01, -0.43062608E-07,  0.29749371E+01
    1239.,  0.17374849E+02,  0.25331999E+02, -0.18622679E+02,  0.53892605E+01, -0.34412013E-07,  0.32852106E+01
    1240.,  0.18312349E+02,  0.25331999E+02, -0.18622679E+02,  0.53364281E+01, -0.25761422E-07,  0.35954841E+01
    1241.,  0.88907483E+01,  0.10100462E+03, -0.11976790E+01,  0.66876879E-03, -0.37945255E-02,  0.16133486E-03
    1242.,  0.90216325E+01,  0.10088094E+03, -0.11976790E+01,  0.63556766E-03, -0.37587087E-02,  0.16787177E-03
    1243.,  0.91795178E+01,  0.10075167E+03, -0.11976790E+01,  0.60849172E-03, -0.36912437E-02,  0.16402066E-03
    1244.,  0.93688664E+01,  0.10062053E+03, -0.11976790E+01,  0.59644452E-03, -0.35840101E-02,  0.15993830E-03
    1245.,  0.95933411E+01,  0.10049337E+03, -0.11976790E+01,  0.60826272E-03, -0.34353559E-02,  0.15594123E-03
    1246.,  0.98545190E+01,  0.10037833E+03, -0.11976790E+01,  0.65334890E-03, -0.32541754E-02,  0.15294689E-03
    1247.,  0.10150303E+02,  0.10028530E+03, -0.11976790E+01,  0.73238644E-03, -0.30669412E-02,  0.15095009E-03
    1248.,  0.10473624E+02,  0.10022430E+03, -0.11976790E+01,  0.83325820E-03, -0.29118623E-02,  0.14870300E-03
    1249.,  0.10812349E+02,  0.10020300E+03, -0.11976790E+01,  0.93135939E-03, -0.28223361E-02,  0.14664636E-03
    1250.,  0.11151074E+02,  0.10022430E+03, -0.11976790E+01,  0.99869079E-03, -0.28070555E-02,  0.14532273E-03
    1251.,  0.11474394E+02,  0.10028530E+03, -0.11976790E+01,  0.10162329E-02, -0.28448289E-02,  0.14453577E-03
    1252.,  0.11770179E+02,  0.10037833E+03, -0.11976790E+01,  0.98130989E-03, -0.28999316E-02,  0.14303492E-03
    1253.,  0.12031357E+02,  0.10049337E+03, -0.11976790E+01,  0.90475722E-03, -0.29423156E-02,  0.14153853E-03
    1254.,  0.12255831E+02,  0.10062053E+03, -0.11976790E+01,  0.80360170E-03, -0.29576554E-02,  0.13955472E-03
    1255.,  0.12445180E+02,  0.10075167E+03, -0.11976790E+01,  0.69308483E-03, -0.29449406E-02,  0.14003853E-03
    1256.,  0.12603065E+02,  0.10088094E+03, -0.11976790E+01,  0.58450046E-03, -0.29103399E-02,  0.13824828E-03
    1257.,  0.12733950E+02,  0.10100462E+03, -0.11976790E+01,  0.48394461E-03, -0.28615376E-02,  0.14296442E-03
    1258.,  0.12856786E+02,  0.10113729E+03, -0.11976790E+01,  0.38200271E-03, -0.27967347E-02,  0.14170276E-03
    1259.,  0.12984638E+02,  0.10129679E+03, -0.11976790E+01,  0.26888470E-03, -0.27066344E-02,  0.14518037E-03
    1260.,  0.13113701E+02,  0.10148736E+03, -0.11976790E+01,  0.14894497E-03, -0.25890594E-02,  0.14666138E-03
    1261.,  0.13238114E+02,  0.10171231E+03, -0.11976790E+01,  0.28622327E-04, -0.24445547E-02,  0.14758270E-03
    1262.,  0.13349872E+02,  0.10197288E+03, -0.11976790E+01, -0.83462589E-04, -0.22784138E-02,  0.14777505E-03
    1263.,  0.13439432E+02,  0.10226665E+03, -0.11976790E+01, -0.17878747E-03, -0.21007830E-02,  0.14783031E-03
    1264.,  0.13497286E+02,  0.10258649E+03, -0.11976790E+01, -0.25173231E-03, -0.19244784E-02,  0.14809213E-03
    1265.,  0.13516315E+02,  0.10292052E+03, -0.11976790E+01, -0.30128964E-03, -0.17617605E-02,  0.14862166E-03
    1266.,  0.13493999E+02,  0.10325394E+03, -0.11976790E+01, -0.33082258E-03, -0.16210211E-02,  0.14913393E-03
    1267.,  0.13433285E+02,  0.10357207E+03, -0.11976790E+01, -0.34574518E-03, -0.15055344E-02,  0.14942571E-03
    1268.,  0.13341575E+02,  0.10386337E+03, -0.11976790E+01, -0.35118767E-03, -0.14143785E-02,  0.14953815E-03
    1269.,  0.13228459E+02,  0.10412110E+03, -0.11976790E+01, -0.35090306E-03, -0.13443287E-02,  0.14957322E-03
    1270.,  0.13103404E+02,  0.10434321E+03, -0.11976790E+01, -0.34727561E-03, -0.12914715E-02,  0.14958371E-03
    1271.,  0.12974251E+02,  0.10453113E+03, -0.11976790E+01, -0.34173382E-03, -0.12521156E-02,  0.14958766E-03
    1272.,  0.12846686E+02,  0.10468832E+03, -0.11976790E+01, -0.33513459E-03, -0.12231404E-02,  0.14959007E-03
    1273.,  0.12724366E+02,  0.10481902E+03, -0.11976790E+01, -0.32803316E-03, -0.12020736E-02,  0.14959192E-03
    1274.,  0.12592945E+02,  0.10494197E+03, -0.11976790E+01, -0.31966577E-03, -0.11851211E-02,  0.14959404E-03
    1275.,  0.12434749E+02,  0.10507020E+03, -0.11976790E+01, -0.30865008E-03, -0.11710098E-02,  0.14959630E-03
    1276.,  0.12245466E+02,  0.10519999E+03, -0.11976790E+01, -0.29417708E-03, -0.11616326E-02,  0.14959920E-03
    1277.,  0.12021615E+02,  0.10532554E+03, -0.11976790E+01, -0.27522111E-03, -0.11594844E-02,  0.14960270E-03
    1278.,  0.11761787E+02,  0.10543884E+03, -0.11976790E+01, -0.25061491E-03, -0.11676226E-02,  0.14960638E-03
    1279.,  0.11468165E+02,  0.10553027E+03, -0.11976790E+01, -0.21921249E-03, -0.11893176E-02,  0.14960956E-03
    1280.,  0.11147739E+02,  0.10559012E+03, -0.11976790E+01, -0.18018331E-03, -0.12273125E-02,  0.14961118E-03
    1281.,  0.10812349E+02,  0.10561100E+03, -0.11976790E+01, -0.13337314E-03, -0.12828005E-02,  0.14961003E-03
    1282.,  0.10476959E+02,  0.10559012E+03, -0.11976790E+01, -0.79572348E-04, -0.13545980E-02,  0.14960520E-03
    1283.,  0.10156533E+02,  0.10553027E+03, -0.11976790E+01, -0.20509446E-04, -0.14391135E-02,  0.14959681E-03
    1284.,  0.98629112E+01,  0.10543884E+03, -0.11976790E+01,  0.41482834E-04, -0.15312762E-02,  0.14958607E-03
    1285.,  0.96030834E+01,  0.10532554E+03, -0.11976790E+01,  0.10397575E-03, -0.16258992E-02,  0.14957457E-03
    1286.,  0.93792318E+01,  0.10519999E+03, -0.11976790E+01,  0.16488396E-03, -0.17187465E-02,  0.14956362E-03
    1287.,  0.91899489E+01,  0.10507020E+03, -0.11976790E+01,  0.22268983E-03, -0.18069600E-02,  0.14955381E-03
    1288.,  0.90317525E+01,  0.10494197E+03, -0.11976790E+01,  0.27646705E-03, -0.18889714E-02,  0.14954536E-03
    1289.,  0.89003322E+01,  0.10481902E+03, -0.11976790E+01,  0.32575727E-03, -0.19641494E-02,  0.14954037E-03
    1290.,  0.87780118E+01,  0.10468832E+03, -0.11976790E+01,  0.37624418E-03, -0.20413449E-02,  0.14953797E-03
    1291.,  0.86504468E+01,  0.10453113E+03, -0.11976790E+01,  0.43479811E-03, -0.21314988E-02,  0.14954326E-03
    1292.,  0.85212943E+01,  0.10434321E+03, -0.11976790E+01,  0.50197607E-03, -0.22366160E-02,  0.14956838E-03
    1293.,  0.83962388E+01,  0.10412110E+03, -0.11976790E+01,  0.57748622E-03, -0.23586774E-02,  0.14964196E-03
    1294.,  0.82831228E+01,  0.10386337E+03, -0.11976790E+01,  0.65934036E-03, -0.24992477E-02,  0.14982873E-03
    1295.,  0.81914125E+01,  0.10357207E+03, -0.11976790E+01,  0.74288983E-03, -0.26587859E-02,  0.15020372E-03
    1296.,  0.81306984E+01,  0.10325394E+03, -0.11976790E+01,  0.82029502E-03, -0.28354891E-02,  0.15070130E-03
    1297.,  0.81083827E+01,  0.10292052E+03, -0.11976790E+01,  0.88145361E-03, -0.30238794E-02,  0.15113626E-03
    1298.,  0.81274120E+01,  0.10258649E+03, -0.11976790E+01,  0.91711018E-03, -0.32140272E-02,  0.15135963E-03
    1299.,  0.81852658E+01,  0.10226665E+03, -0.11976790E+01,  0.92291361E-03, -0.33927497E-02,  0.15155415E-03
    1300.,  0.82748255E+01,  0.10197288E+03, -0.11976790E+01,  0.90136747E-03, -0.35469137E-02,  0.15222445E-03
    1301.,  0.83865843E+01,  0.10171231E+03, -0.11976790E+01,  0.86014479E-03, -0.36670909E-02,  0.15405265E-03
    1302.,  0.85109971E+01,  0.10148736E+03, -0.11976790E+01,  0.80868991E-03, -0.37492870E-02,  0.15780900E-03
    1303.,  0.86400595E+01,  0.10129679E+03, -0.11976790E+01,  0.75586999E-03, -0.37942988E-02,  0.16189337E-03
    1304.,  0.87679120E+01,  0.10113729E+03, -0.11976790E+01,  0.70821010E-03, -0.38068327E-02,  0.16758369E-03
    1305.,  0.85521705E+01,  0.10066943E+03, -0.11976790E+01,  0.70002313E-03, -0.38704173E-02,  0.13802513E-03
    1306.,  0.87061158E+01,  0.10052395E+03, -0.11976790E+01,  0.69093905E-03, -0.38621727E-02,  0.12410496E-03
    1307.,  0.88918198E+01,  0.10037191E+03, -0.11976790E+01,  0.69927117E-03, -0.38171942E-02,  0.12835578E-03
    1308.,  0.91145309E+01,  0.10021766E+03, -0.11976790E+01,  0.72962313E-03, -0.37208118E-02,  0.13435986E-03
    1309.,  0.93785571E+01,  0.10006810E+03, -0.11976790E+01,  0.78682784E-03, -0.35612463E-02,  0.13977844E-03
    1310.,  0.96857534E+01,  0.99932792E+02, -0.11976790E+01,  0.86375753E-03, -0.33453544E-02,  0.14410658E-03
    1311.,  0.10033654E+02,  0.99823371E+02, -0.11976790E+01,  0.94464539E-03, -0.31068067E-02,  0.14730227E-03
    1312.,  0.10413942E+02,  0.99751623E+02, -0.11976790E+01,  0.10110927E-02, -0.29045088E-02,  0.15124819E-03
    1313.,  0.10812349E+02,  0.99726571E+02, -0.11976790E+01,  0.10521707E-02, -0.27942703E-02,  0.15474999E-03
    1314.,  0.11210756E+02,  0.99751623E+02, -0.11976790E+01,  0.10674296E-02, -0.27898968E-02,  0.15689098E-03
    1315.,  0.11591044E+02,  0.99823371E+02, -0.11976790E+01,  0.10605885E-02, -0.28531652E-02,  0.15799880E-03
    1316.,  0.11938944E+02,  0.99932792E+02, -0.11976790E+01,  0.10321928E-02, -0.29249882E-02,  0.16042801E-03
    1317.,  0.12246141E+02,  0.10006810E+03, -0.11976790E+01,  0.98112034E-03, -0.29631789E-02,  0.16275645E-03
    1318.,  0.12510167E+02,  0.10021766E+03, -0.11976790E+01,  0.90822474E-03, -0.29547007E-02,  0.16592736E-03
    1319.,  0.12732878E+02,  0.10037191E+03, -0.11976790E+01,  0.81957232E-03, -0.29072927E-02,  0.16492862E-03
    1320.,  0.12918582E+02,  0.10052395E+03, -0.11976790E+01,  0.72231649E-03, -0.28354737E-02,  0.16834595E-03
    1321.,  0.13072527E+02,  0.10066943E+03, -0.11976790E+01,  0.62410114E-03, -0.27528301E-02,  0.15921196E-03
    1322.,  0.13217007E+02,  0.10082547E+03, -0.11976790E+01,  0.51637933E-03, -0.26558686E-02,  0.16244009E-03
    1323.,  0.13367387E+02,  0.10101308E+03, -0.11976790E+01,  0.38853822E-03, -0.25363110E-02,  0.15654543E-03
    1324.,  0.13519189E+02,  0.10123722E+03, -0.11976790E+01,  0.24331957E-03, -0.23967113E-02,  0.15395163E-03
    1325.,  0.13665523E+02,  0.10150182E+03, -0.11976790E+01,  0.89305625E-04, -0.22441184E-02,  0.15260664E-03
    1326.,  0.13796973E+02,  0.10180829E+03, -0.11976790E+01, -0.59961830E-04, -0.20886608E-02,  0.15241724E-03
    1327.,  0.13902313E+02,  0.10215383E+03, -0.11976790E+01, -0.18868045E-03, -0.19402558E-02,  0.15238977E-03
    1328.,  0.13970360E+02,  0.10253002E+03, -0.11976790E+01, -0.28429147E-03, -0.18060674E-02,  0.15196161E-03
    1329.,  0.13992743E+02,  0.10292291E+03, -0.11976790E+01, -0.34302765E-03, -0.16887602E-02,  0.15099200E-03
    1330.,  0.13966495E+02,  0.10331507E+03, -0.11976790E+01, -0.37030286E-03, -0.15877364E-02,  0.15007927E-03
    1331.,  0.13895083E+02,  0.10368925E+03, -0.11976790E+01, -0.37625825E-03, -0.15013993E-02,  0.14962105E-03
    1332.,  0.13787214E+02,  0.10403187E+03, -0.11976790E+01, -0.37059269E-03, -0.14284033E-02,  0.14949413E-03
    1333.,  0.13654167E+02,  0.10433502E+03, -0.11976790E+01, -0.36003129E-03, -0.13676421E-02,  0.14948165E-03
    1334.,  0.13507078E+02,  0.10459626E+03, -0.11976790E+01, -0.34831901E-03, -0.13179342E-02,  0.14949605E-03
    1335.,  0.13355169E+02,  0.10481730E+03, -0.11976790E+01, -0.33719641E-03, -0.12779232E-02,  0.14951365E-03
    1336.,  0.13205128E+02,  0.10500218E+03, -0.11976790E+01, -0.32731118E-03, -0.12461739E-02,  0.14952896E-03
    1337.,  0.13061255E+02,  0.10515591E+03, -0.11976790E+01, -0.31876751E-03, -0.12212844E-02,  0.14954180E-03
    1338.,  0.12906679E+02,  0.10530052E+03, -0.11976790E+01, -0.31050172E-03, -0.11995539E-02,  0.14955316E-03
    1339.,  0.12720609E+02,  0.10545135E+03, -0.11976790E+01, -0.30163241E-03, -0.11793323E-02,  0.14956506E-03
    1340.,  0.12497975E+02,  0.10560401E+03, -0.11976790E+01, -0.29224236E-03, -0.11626919E-02,  0.14957619E-03
    1341.,  0.12234682E+02,  0.10575167E+03, -0.11976790E+01, -0.28235108E-03, -0.11527768E-02,  0.14958609E-03
    1342.,  0.11929074E+02,  0.10588494E+03, -0.11976790E+01, -0.27171021E-03, -0.11539187E-02,  0.14959450E-03
    1343.,  0.11583717E+02,  0.10599248E+03, -0.11976790E+01, -0.25950009E-03, -0.11713486E-02,  0.14960106E-03
    1344.,  0.11206833E+02,  0.10606288E+03, -0.11976790E+01, -0.24404217E-03, -0.12101363E-02,  0.14960575E-03
    1345.,  0.10812349E+02,  0.10608744E+03, -0.11976790E+01, -0.22285959E-03, -0.12733642E-02,  0.14960920E-03
    1346.,  0.10417865E+02,  0.10606288E+03, -0.11976790E+01, -0.19338346E-03, -0.13603313E-02,  0.14961240E-03
    1347.,  0.10040981E+02,  0.10599248E+03, -0.11976790E+01, -0.15409346E-03, -0.14660997E-02,  0.14961573E-03
    1348.,  0.96956242E+01,  0.10588494E+03, -0.11976790E+01, -0.10532184E-03, -0.15829478E-02,  0.14961853E-03
    1349.,  0.93900159E+01,  0.10575167E+03, -0.11976790E+01, -0.49137743E-04, -0.17028024E-02,  0.14961981E-03
    1350.,  0.91267226E+01,  0.10560401E+03, -0.11976790E+01,  0.11483751E-04, -0.18191732E-02,  0.14961894E-03
    1351.,  0.89040889E+01,  0.10545135E+03, -0.11976790E+01,  0.73570346E-04, -0.19278899E-02,  0.14961655E-03
    1352.,  0.87180189E+01,  0.10530052E+03, -0.11976790E+01,  0.13470892E-03, -0.20268878E-02,  0.14961311E-03
    1353.,  0.85634430E+01,  0.10515591E+03, -0.11976790E+01,  0.19323461E-03, -0.21156296E-02,  0.14960494E-03
    1354.,  0.84195702E+01,  0.10500218E+03, -0.11976790E+01,  0.25529418E-03, -0.22044726E-02,  0.14959278E-03
    1355.,  0.82695288E+01,  0.10481730E+03, -0.11976790E+01,  0.32953889E-03, -0.23049613E-02,  0.14956649E-03
    1356.,  0.81176202E+01,  0.10459626E+03, -0.11976790E+01,  0.41735823E-03, -0.24173872E-02,  0.14950808E-03
    1357.,  0.79705304E+01,  0.10433502E+03, -0.11976790E+01,  0.51884648E-03, -0.25411267E-02,  0.14937341E-03
    1358.,  0.78374839E+01,  0.10403187E+03, -0.11976790E+01,  0.63139344E-03, -0.26743741E-02,  0.14903448E-03
    1359.,  0.77296146E+01,  0.10368925E+03, -0.11976790E+01,  0.74785342E-03, -0.28141964E-02,  0.14832072E-03
    1360.,  0.76582029E+01,  0.10331507E+03, -0.11976790E+01,  0.85540463E-03, -0.29572530E-02,  0.14734765E-03
    1361.,  0.76319554E+01,  0.10292291E+03, -0.11976790E+01,  0.93726917E-03, -0.31009465E-02,  0.14651617E-03
    1362.,  0.76543375E+01,  0.10253002E+03, -0.11976790E+01,  0.97875938E-03, -0.32438139E-02,  0.14618237E-03
    1363.,  0.77223849E+01,  0.10215383E+03, -0.11976790E+01,  0.97518894E-03, -0.33839495E-02,  0.14599039E-03
    1364.,  0.78277247E+01,  0.10180829E+03, -0.11976790E+01,  0.93516169E-03, -0.35169921E-02,  0.14507092E-03
    1365.,  0.79591749E+01,  0.10150182E+03, -0.11976790E+01,  0.87567374E-03, -0.36362654E-02,  0.14262671E-03
    1366.,  0.81055087E+01,  0.10123722E+03, -0.11976790E+01,  0.81371655E-03, -0.37350418E-02,  0.13740729E-03
    1367.,  0.82573113E+01,  0.10101308E+03, -0.11976790E+01,  0.76076010E-03, -0.38084315E-02,  0.13126836E-03
    1368.,  0.84076909E+01,  0.10082547E+03, -0.11976790E+01,  0.72243873E-03, -0.38535351E-02,  0.12357111E-03
    1369.,  0.82135926E+01,  0.10033424E+03, -0.11976790E+01,  0.80302543E-03, -0.40461769E-02,  0.11600576E-03
    1370.,  0.83905992E+01,  0.10016697E+03, -0.11976790E+01,  0.80119523E-03, -0.40487034E-02,  0.16211821E-03
    1371.,  0.86041219E+01,  0.99992144E+02, -0.11976790E+01,  0.81611674E-03, -0.40075095E-02,  0.17102706E-03
    1372.,  0.88601954E+01,  0.99814793E+02, -0.11976790E+01,  0.86502266E-03, -0.38972753E-02,  0.16985533E-03
    1373.,  0.91637731E+01,  0.99642824E+02, -0.11976790E+01,  0.94317345E-03, -0.37068654E-02,  0.16534220E-03
    1374.,  0.95169878E+01,  0.99487251E+02, -0.11976790E+01,  0.10389665E-02, -0.34412688E-02,  0.15875625E-03
    1375.,  0.99170042E+01,  0.99361439E+02, -0.11976790E+01,  0.11321277E-02, -0.31422794E-02,  0.15257586E-03
    1376.,  0.10354260E+02,  0.99278943E+02, -0.11976790E+01,  0.12011262E-02, -0.28886129E-02,  0.14508970E-03
    1377.,  0.10812349E+02,  0.99250137E+02, -0.11976790E+01,  0.12323095E-02, -0.27581088E-02,  0.14068793E-03
    1378.,  0.11270437E+02,  0.99278943E+02, -0.11976790E+01,  0.12265493E-02, -0.27692071E-02,  0.13736896E-03
    1379.,  0.11707694E+02,  0.99361439E+02, -0.11976790E+01,  0.11929021E-02, -0.28656335E-02,  0.13559768E-03
    1380.,  0.12107710E+02,  0.99487251E+02, -0.11976790E+01,  0.11403365E-02, -0.29656502E-02,  0.13203643E-03
    1381.,  0.12460925E+02,  0.99642824E+02, -0.11976790E+01,  0.10716185E-02, -0.30156360E-02,  0.13047421E-03
    1382.,  0.12764503E+02,  0.99814793E+02, -0.11976790E+01,  0.98817238E-03, -0.30034394E-02,  0.12588309E-03
    1383.,  0.13020576E+02,  0.99992144E+02, -0.11976790E+01,  0.89046824E-03, -0.29408849E-02,  0.13078938E-03
    1384.,  0.13234099E+02,  0.10016697E+03, -0.11976790E+01,  0.78643229E-03, -0.28488014E-02,  0.12146986E-03
    1385.,  0.13411105E+02,  0.10033424E+03, -0.11976790E+01,  0.68097346E-03, -0.27438489E-02,  0.14555451E-03
    1386.,  0.13577228E+02,  0.10051366E+03, -0.11976790E+01,  0.56594989E-03, -0.26242258E-02,  0.12878510E-03
    1387.,  0.13750135E+02,  0.10072937E+03, -0.11976790E+01,  0.42855009E-03, -0.24784276E-02,  0.13811345E-03
    1388.,  0.13924678E+02,  0.10098709E+03, -0.11976790E+01,  0.27288885E-03, -0.23131842E-02,  0.14221461E-03
    1389.,  0.14092932E+02,  0.10129132E+03, -0.11976790E+01,  0.10721946E-03, -0.21401039E-02,  0.14489922E-03
    1390.,  0.14244074E+02,  0.10164370E+03, -0.11976790E+01, -0.54349091E-04, -0.19721367E-02,  0.14492097E-03
    1391.,  0.14365194E+02,  0.10204100E+03, -0.11976790E+01, -0.19384443E-03, -0.18229665E-02,  0.14449412E-03
    1392.,  0.14443435E+02,  0.10247354E+03, -0.11976790E+01, -0.29734928E-03, -0.17002821E-02,  0.14512609E-03
    1393.,  0.14469170E+02,  0.10292529E+03, -0.11976790E+01, -0.36063649E-03, -0.16033543E-02,  0.14705101E-03
    1394.,  0.14438990E+02,  0.10337620E+03, -0.11976790E+01, -0.38943017E-03, -0.15257367E-02,  0.14878186E-03
    1395.,  0.14356881E+02,  0.10380643E+03, -0.11976790E+01, -0.39467664E-03, -0.14605890E-02,  0.14955851E-03
    1396.,  0.14232853E+02,  0.10420038E+03, -0.11976790E+01, -0.38719702E-03, -0.14037720E-02,  0.14971154E-03
    1397.,  0.14079876E+02,  0.10454894E+03, -0.11976790E+01, -0.37475812E-03, -0.13537961E-02,  0.14970634E-03
    1398.,  0.13910752E+02,  0.10484932E+03, -0.11976790E+01, -0.36178766E-03, -0.13104264E-02,  0.14968146E-03
    1399.,  0.13736087E+02,  0.10510346E+03, -0.11976790E+01, -0.35030635E-03, -0.12736072E-02,  0.14965941E-03
    1400.,  0.13563569E+02,  0.10531604E+03, -0.11976790E+01, -0.34095160E-03, -0.12430383E-02,  0.14964274E-03
    1401.,  0.13398144E+02,  0.10549280E+03, -0.11976790E+01, -0.33369826E-03, -0.12181600E-02,  0.14963025E-03
    1402.,  0.13220412E+02,  0.10565908E+03, -0.11976790E+01, -0.32759724E-03, -0.11956973E-02,  0.14962164E-03
    1403.,  0.13006469E+02,  0.10583250E+03, -0.11976790E+01, -0.32228984E-03, -0.11740568E-02,  0.14961236E-03
    1404.,  0.12750484E+02,  0.10600802E+03, -0.11976790E+01, -0.31837359E-03, -0.11555103E-02,  0.14960503E-03
    1405.,  0.12447749E+02,  0.10617780E+03, -0.11976790E+01, -0.31638121E-03, -0.11436703E-02,  0.14960017E-03
    1406.,  0.12096361E+02,  0.10633103E+03, -0.11976790E+01, -0.31642067E-03, -0.11437354E-02,  0.14959702E-03
    1407.,  0.11699269E+02,  0.10645469E+03, -0.11976790E+01, -0.31760501E-03, -0.11621872E-02,  0.14959505E-03
    1408.,  0.11265927E+02,  0.10653563E+03, -0.11976790E+01, -0.31750645E-03, -0.12054892E-02,  0.14959300E-03
    1409.,  0.10812349E+02,  0.10656387E+03, -0.11976790E+01, -0.31215911E-03, -0.12777477E-02,  0.14958850E-03
    1410.,  0.10358770E+02,  0.10653563E+03, -0.11976790E+01, -0.29707971E-03, -0.13783556E-02,  0.14957904E-03
    1411.,  0.99254285E+01,  0.10645469E+03, -0.11976790E+01, -0.26901632E-03, -0.15013342E-02,  0.14956402E-03
    1412.,  0.95283373E+01,  0.10633103E+03, -0.11976790E+01, -0.22729900E-03, -0.16371425E-02,  0.14954560E-03
    1413.,  0.91769484E+01,  0.10617780E+03, -0.11976790E+01, -0.17389267E-03, -0.17757801E-02,  0.14952694E-03
    1414.,  0.88742135E+01,  0.10600802E+03, -0.11976790E+01, -0.11235333E-03, -0.19092697E-02,  0.14951037E-03
    1415.,  0.86182289E+01,  0.10583250E+03, -0.11976790E+01, -0.46558372E-04, -0.20325992E-02,  0.14949454E-03
    1416.,  0.84042854E+01,  0.10565908E+03, -0.11976790E+01,  0.20161476E-04, -0.21434421E-02,  0.14947918E-03
    1417.,  0.82265537E+01,  0.10549280E+03, -0.11976790E+01,  0.85356491E-04, -0.22413577E-02,  0.14947393E-03
    1418.,  0.80611286E+01,  0.10531604E+03, -0.11976790E+01,  0.15559662E-03, -0.23377873E-02,  0.14946856E-03
    1419.,  0.78886108E+01,  0.10510346E+03, -0.11976790E+01,  0.24081721E-03, -0.24446631E-02,  0.14947853E-03
    1420.,  0.77139460E+01,  0.10484932E+03, -0.11976790E+01,  0.34291322E-03, -0.25610812E-02,  0.14952785E-03
    1421.,  0.75448220E+01,  0.10454894E+03, -0.11976790E+01,  0.46231097E-03, -0.26849186E-02,  0.14967498E-03
    1422.,  0.73918450E+01,  0.10420038E+03, -0.11976790E+01,  0.59624403E-03, -0.28128848E-02,  0.15018320E-03
    1423.,  0.72678168E+01,  0.10380643E+03, -0.11976790E+01,  0.73659051E-03, -0.29414138E-02,  0.15144484E-03
    1424.,  0.71857075E+01,  0.10337620E+03, -0.11976790E+01,  0.86858072E-03, -0.30685443E-02,  0.15334464E-03
    1425.,  0.71555280E+01,  0.10292529E+03, -0.11976790E+01,  0.97276503E-03, -0.31957785E-02,  0.15512711E-03
    1426.,  0.71812629E+01,  0.10247354E+03, -0.11976790E+01,  0.10317852E-02, -0.33273064E-02,  0.15550993E-03
    1427.,  0.72595040E+01,  0.10204100E+03, -0.11976790E+01,  0.10392762E-02, -0.34655459E-02,  0.15527432E-03
    1428.,  0.73806238E+01,  0.10164370E+03, -0.11976790E+01,  0.10047636E-02, -0.36060571E-02,  0.15684763E-03
    1429.,  0.75317654E+01,  0.10129132E+03, -0.11976790E+01,  0.94929906E-03, -0.37386069E-02,  0.16082209E-03
    1430.,  0.77000203E+01,  0.10098709E+03, -0.11976790E+01,  0.89359781E-03, -0.38532422E-02,  0.16728729E-03
    1431.,  0.78745632E+01,  0.10072937E+03, -0.11976790E+01,  0.84945371E-03, -0.39442549E-02,  0.17024561E-03
    1432.,  0.80474698E+01,  0.10051366E+03, -0.11976790E+01,  0.81910158E-03, -0.40096293E-02,  0.17051635E-03
    1433.,  0.78750147E+01,  0.99999043E+02, -0.11976790E+01,  0.92619780E-03, -0.42756831E-02,  0.44986252E-03
    1434.,  0.80750825E+01,  0.99809983E+02, -0.11976790E+01,  0.91521191E-03, -0.43156794E-02,  0.30279667E-03
    1435.,  0.83164240E+01,  0.99612383E+02, -0.11976790E+01,  0.96109807E-03, -0.42795852E-02,  0.21212845E-03
    1436.,  0.86058599E+01,  0.99411925E+02, -0.11976790E+01,  0.10452016E-02, -0.41581200E-02,  0.17636203E-03
    1437.,  0.89489891E+01,  0.99217552E+02, -0.11976790E+01,  0.11589903E-02, -0.39277652E-02,  0.15689534E-03
    1438.,  0.93482222E+01,  0.99041709E+02, -0.11976790E+01,  0.12812367E-02, -0.35880247E-02,  0.15236390E-03
    1439.,  0.98003546E+01,  0.98899506E+02, -0.11976790E+01,  0.13860861E-02, -0.31893240E-02,  0.15506669E-03
    1440.,  0.10294579E+02,  0.98806262E+02, -0.11976790E+01,  0.14487953E-02, -0.28483733E-02,  0.15671228E-03
    1441.,  0.10812349E+02,  0.98773704E+02, -0.11976790E+01,  0.14528515E-02, -0.26946192E-02,  0.14384837E-03
    1442.,  0.11330119E+02,  0.98806262E+02, -0.11976790E+01,  0.14003321E-02, -0.27522464E-02,  0.14269316E-03
    1443.,  0.11824343E+02,  0.98899506E+02, -0.11976790E+01,  0.13173191E-02, -0.29212490E-02,  0.14380439E-03
    1444.,  0.12276476E+02,  0.99041709E+02, -0.11976790E+01,  0.12256238E-02, -0.30755109E-02,  0.14038951E-03
    1445.,  0.12675709E+02,  0.99217552E+02, -0.11976790E+01,  0.11347965E-02, -0.31451501E-02,  0.12551038E-03
    1446.,  0.13018838E+02,  0.99411925E+02, -0.11976790E+01,  0.10402866E-02, -0.31246787E-02,  0.12170216E-03
    1447.,  0.13308274E+02,  0.99612383E+02, -0.11976790E+01,  0.94065840E-03, -0.30432125E-02,  0.10210004E-03
    1448.,  0.13549615E+02,  0.99809983E+02, -0.11976790E+01,  0.82542148E-03, -0.29223394E-02,  0.12611623E-03
    1449.,  0.13749683E+02,  0.99999043E+02, -0.11976790E+01,  0.71122197E-03, -0.27900033E-02,  0.70754662E-04
    1450.,  0.13937449E+02,  0.10020184E+03, -0.11976790E+01,  0.58491363E-03, -0.26357454E-02,  0.14489108E-03
    1451.,  0.14132883E+02,  0.10044566E+03, -0.11976790E+01,  0.43814947E-03, -0.24555415E-02,  0.14711104E-03
    1452.,  0.14330166E+02,  0.10073695E+03, -0.11976790E+01,  0.27325557E-03, -0.22611448E-02,  0.14836773E-03
    1453.,  0.14520342E+02,  0.10108082E+03, -0.11976790E+01,  0.98027841E-04, -0.20604450E-02,  0.14520397E-03
    1454.,  0.14691175E+02,  0.10147911E+03, -0.11976790E+01, -0.69001810E-04, -0.18732845E-02,  0.14608663E-03
    1455.,  0.14828075E+02,  0.10192817E+03, -0.11976790E+01, -0.20897160E-03, -0.17176406E-02,  0.14796080E-03
    1456.,  0.14916509E+02,  0.10241707E+03, -0.11976790E+01, -0.30998396E-03, -0.16016891E-02,  0.14843174E-03
    1457.,  0.14945597E+02,  0.10292767E+03, -0.11976790E+01, -0.37091652E-03, -0.15202446E-02,  0.14827023E-03
    1458.,  0.14911486E+02,  0.10343733E+03, -0.11976790E+01, -0.39897988E-03, -0.14610631E-02,  0.14863418E-03
    1459.,  0.14818679E+02,  0.10392361E+03, -0.11976790E+01, -0.40507105E-03, -0.14128709E-02,  0.14902759E-03
    1460.,  0.14678492E+02,  0.10436889E+03, -0.11976790E+01, -0.39934216E-03, -0.13694425E-02,  0.14933872E-03
    1461.,  0.14505584E+02,  0.10476285E+03, -0.11976790E+01, -0.38905501E-03, -0.13289992E-02,  0.14948373E-03
    1462.,  0.14314426E+02,  0.10510237E+03, -0.11976790E+01, -0.37843470E-03, -0.12919418E-02,  0.14954225E-03
    1463.,  0.14117005E+02,  0.10538963E+03, -0.11976790E+01, -0.36947300E-03, -0.12590668E-02,  0.14956677E-03
    1464.,  0.13922011E+02,  0.10562990E+03, -0.11976790E+01, -0.36280387E-03, -0.12308374E-02,  0.14958175E-03
    1465.,  0.13735033E+02,  0.10582969E+03, -0.11976790E+01, -0.35836252E-03, -0.12072720E-02,  0.14959082E-03
    1466.,  0.13534146E+02,  0.10601763E+03, -0.11976790E+01, -0.35556170E-03, -0.11855703E-02,  0.14958949E-03
    1467.,  0.13292329E+02,  0.10621364E+03, -0.11976790E+01, -0.35462025E-03, -0.11643152E-02,  0.14959139E-03
    1468.,  0.13002994E+02,  0.10641204E+03, -0.11976790E+01, -0.35646873E-03, -0.11459029E-02,  0.14959310E-03
    1469.,  0.12660817E+02,  0.10660394E+03, -0.11976790E+01, -0.36196953E-03, -0.11342943E-02,  0.14959302E-03
    1470.,  0.12263647E+02,  0.10677713E+03, -0.11976790E+01, -0.37142838E-03, -0.11353475E-02,  0.14959233E-03
    1471.,  0.11814821E+02,  0.10691689E+03, -0.11976790E+01, -0.38383763E-03, -0.11565506E-02,  0.14959091E-03
    1472.,  0.11325022E+02,  0.10700839E+03, -0.11976790E+01, -0.39614149E-03, -0.12055427E-02,  0.14958850E-03
    1473.,  0.10812349E+02,  0.10704030E+03, -0.11976790E+01, -0.40319551E-03, -0.12873222E-02,  0.14958498E-03
    1474.,  0.10299676E+02,  0.10700839E+03, -0.11976790E+01, -0.39904243E-03, -0.14013489E-02,  0.14958067E-03
    1475.,  0.98098764E+01,  0.10691689E+03, -0.11976790E+01, -0.37915690E-03, -0.15406697E-02,  0.14957620E-03
    1476.,  0.93610504E+01,  0.10677713E+03, -0.11976790E+01, -0.34222314E-03, -0.16940717E-02,  0.14957249E-03
    1477.,  0.89638810E+01,  0.10660394E+03, -0.11976790E+01, -0.29027565E-03, -0.18498391E-02,  0.14957065E-03
    1478.,  0.86217043E+01,  0.10641204E+03, -0.11976790E+01, -0.22743777E-03, -0.19987404E-02,  0.14957135E-03
    1479.,  0.83323689E+01,  0.10621364E+03, -0.11976790E+01, -0.15834029E-03, -0.21351217E-02,  0.14958011E-03
    1480.,  0.80905518E+01,  0.10601763E+03, -0.11976790E+01, -0.87035460E-04, -0.22565097E-02,  0.14959536E-03
    1481.,  0.78896645E+01,  0.10582969E+03, -0.11976790E+01, -0.16541148E-04, -0.23626333E-02,  0.14959809E-03
    1482.,  0.77026871E+01,  0.10562990E+03, -0.11976790E+01,  0.60082731E-04, -0.24659721E-02,  0.14963619E-03
    1483.,  0.75076928E+01,  0.10538963E+03, -0.11976790E+01,  0.15381907E-03, -0.25789146E-02,  0.14969619E-03
    1484.,  0.73102719E+01,  0.10510237E+03, -0.11976790E+01,  0.26711055E-03, -0.26996921E-02,  0.14979229E-03
    1485.,  0.71191136E+01,  0.10476285E+03, -0.11976790E+01,  0.40104815E-03, -0.28250970E-02,  0.15002179E-03
    1486.,  0.69462061E+01,  0.10436889E+03, -0.11976790E+01,  0.55354133E-03, -0.29508318E-02,  0.15032891E-03
    1487.,  0.68060189E+01,  0.10392361E+03, -0.11976790E+01,  0.71691923E-03, -0.30728922E-02,  0.15070622E-03
    1488.,  0.67132120E+01,  0.10343733E+03, -0.11976790E+01,  0.87608449E-03, -0.31903450E-02,  0.15075079E-03
    1489.,  0.66791006E+01,  0.10292767E+03, -0.11976790E+01,  0.10099565E-02, -0.33082176E-02,  0.14953985E-03
    1490.,  0.67081884E+01,  0.10241707E+03, -0.11976790E+01,  0.10975579E-02, -0.34366579E-02,  0.15039238E-03
    1491.,  0.67966230E+01,  0.10192817E+03, -0.11976790E+01,  0.11271464E-02, -0.35828202E-02,  0.15289754E-03
    1492.,  0.69335230E+01,  0.10147911E+03, -0.11976790E+01,  0.11044158E-02, -0.37424693E-02,  0.15227163E-03
    1493.,  0.71043560E+01,  0.10108082E+03, -0.11976790E+01,  0.10521514E-02, -0.38977434E-02,  0.15288306E-03
    1494.,  0.72945319E+01,  0.10073695E+03, -0.11976790E+01,  0.99902591E-03, -0.40298541E-02,  0.16276558E-03
    1495.,  0.74918150E+01,  0.10044566E+03, -0.11976790E+01,  0.96225593E-03, -0.41332652E-02,  0.19242799E-03
    1496.,  0.76872487E+01,  0.10020184E+03, -0.11976790E+01,  0.94345318E-03, -0.42129660E-02,  0.25639269E-03
    1497.,  0.75364368E+01,  0.99663851E+02, -0.11976790E+01,  0.10188744E-02, -0.45601644E-02, -0.11008745E-02
    1498.,  0.77595659E+01,  0.99452998E+02, -0.11976790E+01,  0.10561008E-02, -0.46424903E-02, -0.67568545E-03
    1499.,  0.80287260E+01,  0.99232622E+02, -0.11976790E+01,  0.11628691E-02, -0.46279439E-02, -0.27132891E-03
    1500.,  0.83515244E+01,  0.99009058E+02, -0.11976790E+01,  0.13244246E-02, -0.45129247E-02, -0.12380302E-03
    1501.,  0.87342051E+01,  0.98792279E+02, -0.11976790E+01,  0.15077926E-02, -0.42543031E-02, -0.11054907E-05
    1502.,  0.91794566E+01,  0.98596168E+02, -0.11976790E+01,  0.16663684E-02, -0.38272724E-02,  0.72619231E-04
    1503.,  0.96837050E+01,  0.98437574E+02, -0.11976790E+01,  0.17693329E-02, -0.32775697E-02,  0.10254505E-03
    1504.,  0.10234897E+02,  0.98333582E+02, -0.11976790E+01,  0.17951314E-02, -0.27910573E-02,  0.15306933E-03
    1505.,  0.10812349E+02,  0.98297271E+02, -0.11976790E+01,  0.17089273E-02, -0.26146131E-02,  0.25122695E-03
    1506.,  0.11389801E+02,  0.98333582E+02, -0.11976790E+01,  0.15384380E-02, -0.27679859E-02,  0.27562071E-03
    1507.,  0.11940993E+02,  0.98437574E+02, -0.11976790E+01,  0.13567065E-02, -0.30562333E-02,  0.27770492E-03
    1508.,  0.12445241E+02,  0.98596168E+02, -0.11976790E+01,  0.12236820E-02, -0.32812041E-02,  0.31769585E-03
    1509.,  0.12890493E+02,  0.98792279E+02, -0.11976790E+01,  0.11282019E-02, -0.33579200E-02,  0.41240452E-03
    1510.,  0.13273173E+02,  0.99009058E+02, -0.11976790E+01,  0.10493369E-02, -0.33143518E-02,  0.47701516E-03
    1511.,  0.13595972E+02,  0.99232622E+02, -0.11976790E+01,  0.96106521E-03, -0.31829474E-02,  0.53583177E-03
    1512.,  0.13865132E+02,  0.99452998E+02, -0.11976790E+01,  0.87737274E-03, -0.30356645E-02,  0.48703065E-03
    1513.,  0.14088261E+02,  0.99663851E+02, -0.11976790E+01,  0.74127136E-03, -0.28439655E-02,  0.58861574E-03
    1514.,  0.14297670E+02,  0.99890023E+02, -0.11976790E+01,  0.59965635E-03, -0.26430412E-02,  0.30771721E-03
    1515.,  0.14515631E+02,  0.10016195E+03, -0.11976790E+01,  0.44481152E-03, -0.24361404E-02,  0.23104588E-03
    1516.,  0.14735654E+02,  0.10048681E+03, -0.11976790E+01,  0.26340358E-03, -0.22033301E-02,  0.20925974E-03
    1517.,  0.14947751E+02,  0.10087032E+03, -0.11976790E+01,  0.74925380E-04, -0.19700395E-02,  0.20320527E-03
    1518.,  0.15138276E+02,  0.10131452E+03, -0.11976790E+01, -0.96488024E-04, -0.17638648E-02,  0.19857465E-03
    1519.,  0.15290956E+02,  0.10181534E+03, -0.11976790E+01, -0.23077886E-03, -0.16087835E-02,  0.19612469E-03
    1520.,  0.15389584E+02,  0.10236060E+03, -0.11976790E+01, -0.32268452E-03, -0.15074630E-02,  0.19019858E-03
    1521.,  0.15422025E+02,  0.10293005E+03, -0.11976790E+01, -0.37651114E-03, -0.14459774E-02,  0.17406833E-03
    1522.,  0.15383981E+02,  0.10349846E+03, -0.11976790E+01, -0.40193803E-03, -0.14055030E-02,  0.15789888E-03
    1523.,  0.15280477E+02,  0.10404079E+03, -0.11976790E+01, -0.40945280E-03, -0.13720415E-02,  0.15088388E-03
    1524.,  0.15124131E+02,  0.10453740E+03, -0.11976790E+01, -0.40737246E-03, -0.13391552E-02,  0.14897909E-03
    1525.,  0.14931293E+02,  0.10497677E+03, -0.11976790E+01, -0.40136466E-03, -0.13060464E-02,  0.14862652E-03
    1526.,  0.14718100E+02,  0.10535542E+03, -0.11976790E+01, -0.39497655E-03, -0.12740320E-02,  0.14869214E-03
    1527.,  0.14497923E+02,  0.10567579E+03, -0.11976790E+01, -0.39003590E-03, -0.12445632E-02,  0.14884950E-03
    1528.,  0.14280452E+02,  0.10594376E+03, -0.11976790E+01, -0.38716610E-03, -0.12185793E-02,  0.14897149E-03
    1529.,  0.14071923E+02,  0.10616658E+03, -0.11976790E+01, -0.38632114E-03, -0.11964792E-02,  0.14907212E-03
    1530.,  0.13847880E+02,  0.10637618E+03, -0.11976790E+01, -0.38741981E-03, -0.11758312E-02,  0.14919303E-03
    1531.,  0.13578189E+02,  0.10659479E+03, -0.11976790E+01, -0.39128836E-03, -0.11553911E-02,  0.14930050E-03
    1532.,  0.13255503E+02,  0.10681605E+03, -0.11976790E+01, -0.39914726E-03, -0.11376270E-02,  0.14939034E-03
    1533.,  0.12873884E+02,  0.10703007E+03, -0.11976790E+01, -0.41215714E-03, -0.11267448E-02,  0.14946666E-03
    1534.,  0.12430934E+02,  0.10722323E+03, -0.11976790E+01, -0.43083580E-03, -0.11291645E-02,  0.14952717E-03
    1535.,  0.11930373E+02,  0.10737910E+03, -0.11976790E+01, -0.45413995E-03, -0.11533491E-02,  0.14957252E-03
    1536.,  0.11384116E+02,  0.10748114E+03, -0.11976790E+01, -0.47849220E-03, -0.12081999E-02,  0.14961008E-03
    1537.,  0.10812349E+02,  0.10751674E+03, -0.11976790E+01, -0.49761424E-03, -0.12997777E-02,  0.14965741E-03
    1538.,  0.10240582E+02,  0.10748114E+03, -0.11976790E+01, -0.50403207E-03, -0.14277263E-02,  0.14973398E-03
    1539.,  0.96943244E+01,  0.10737910E+03, -0.11976790E+01, -0.49190182E-03, -0.15840773E-02,  0.14984389E-03
    1540.,  0.91937635E+01,  0.10722323E+03, -0.11976790E+01, -0.45930914E-03, -0.17557969E-02,  0.14996814E-03
    1541.,  0.87508135E+01,  0.10703007E+03, -0.11976790E+01, -0.40848340E-03, -0.19293346E-02,  0.15007891E-03
    1542.,  0.83691952E+01,  0.10681605E+03, -0.11976790E+01, -0.34422462E-03, -0.20941943E-02,  0.15015802E-03
    1543.,  0.80465089E+01,  0.10659479E+03, -0.11976790E+01, -0.27196911E-03, -0.22441389E-02,  0.15019413E-03
    1544.,  0.77768183E+01,  0.10637618E+03, -0.11976790E+01, -0.19645794E-03, -0.23766255E-02,  0.15020673E-03
    1545.,  0.75527752E+01,  0.10616658E+03, -0.11976790E+01, -0.12123903E-03, -0.24915990E-02,  0.15022511E-03
    1546.,  0.73442455E+01,  0.10594376E+03, -0.11976790E+01, -0.39012246E-04, -0.26026779E-02,  0.15007401E-03
    1547.,  0.71267748E+01,  0.10567579E+03, -0.11976790E+01,  0.62122133E-04, -0.27229562E-02,  0.14972817E-03
    1548.,  0.69065978E+01,  0.10535542E+03, -0.11976790E+01,  0.18516441E-03, -0.28499702E-02,  0.14898430E-03
    1549.,  0.66934053E+01,  0.10497677E+03, -0.11976790E+01,  0.33208567E-03, -0.29795312E-02,  0.14707684E-03
    1550.,  0.65005672E+01,  0.10453740E+03, -0.11976790E+01,  0.50233792E-03, -0.31060466E-02,  0.14237657E-03
    1551.,  0.63442210E+01,  0.10404079E+03, -0.11976790E+01,  0.68984735E-03, -0.32244726E-02,  0.13065323E-03
    1552.,  0.62407166E+01,  0.10349846E+03, -0.11976790E+01,  0.87998231E-03, -0.33330854E-02,  0.11360770E-03
    1553.,  0.62026732E+01,  0.10293005E+03, -0.11976790E+01,  0.10501604E-02, -0.34378330E-02,  0.10439186E-03
    1554.,  0.62351139E+01,  0.10236060E+03, -0.11976790E+01,  0.11766355E-02, -0.35562595E-02,  0.98831228E-04
    1555.,  0.63337421E+01,  0.10181534E+03, -0.11976790E+01,  0.12375638E-02, -0.37074252E-02,  0.91531899E-04
    1556.,  0.64864221E+01,  0.10131452E+03, -0.11976790E+01,  0.12283287E-02, -0.38894973E-02,  0.82425170E-04
    1557.,  0.66769466E+01,  0.10087032E+03, -0.11976790E+01,  0.11733772E-02, -0.40809436E-02,  0.54562663E-04
    1558.,  0.68890434E+01,  0.10048681E+03, -0.11976790E+01,  0.11104581E-02, -0.42450800E-02, -0.25363992E-04
    1559.,  0.71090668E+01,  0.10016195E+03, -0.11976790E+01,  0.10713321E-02, -0.43561159E-02, -0.18735696E-03
    1560.,  0.73270276E+01,  0.99890023E+02, -0.11976790E+01,  0.10593121E-02, -0.44287349E-02, -0.53229055E-03
    1561.,  0.71978590E+01,  0.99328659E+02, -0.11976790E+01,  0.10705144E-02, -0.52330599E-02,  0.32291352E-02
    1562.,  0.74440493E+01,  0.99096014E+02, -0.11976790E+01,  0.11815188E-02, -0.53891849E-02,  0.23131703E-02
    1563.,  0.77410281E+01,  0.98852860E+02, -0.11976790E+01,  0.14856504E-02, -0.52656163E-02,  0.14449321E-02
    1564.,  0.80971889E+01,  0.98606190E+02, -0.11976790E+01,  0.17814097E-02, -0.50263673E-02,  0.11896585E-02
    1565.,  0.85194211E+01,  0.98367007E+02, -0.11976790E+01,  0.20627241E-02, -0.47016718E-02,  0.73449860E-03
    1566.,  0.90106911E+01,  0.98150627E+02, -0.11976790E+01,  0.22796402E-02, -0.42072574E-02,  0.41307770E-03
    1567.,  0.95670554E+01,  0.97975642E+02, -0.11976790E+01,  0.23784814E-02, -0.34571271E-02,  0.29190167E-03
    1568.,  0.10175215E+02,  0.97860901E+02, -0.11976790E+01,  0.23085596E-02, -0.27224494E-02,  0.97881671E-04
    1569.,  0.10812349E+02,  0.97820837E+02, -0.11976790E+01,  0.20060359E-02, -0.25516197E-02, -0.24637159E-03
    1570.,  0.11449483E+02,  0.97860901E+02, -0.11976790E+01,  0.15456872E-02, -0.28752601E-02, -0.33133259E-03
    1571.,  0.12057642E+02,  0.97975642E+02, -0.11976790E+01,  0.11957680E-02, -0.33169836E-02, -0.34504890E-03
    1572.,  0.12614007E+02,  0.98150627E+02, -0.11976790E+01,  0.10346549E-02, -0.36137549E-02, -0.52094554E-03
    1573.,  0.13105277E+02,  0.98367007E+02, -0.11976790E+01,  0.99605132E-03, -0.37142140E-02, -0.81500847E-03
    1574.,  0.13527509E+02,  0.98606190E+02, -0.11976790E+01,  0.98822869E-03, -0.36585725E-02, -0.10305131E-02
    1575.,  0.13883670E+02,  0.98852860E+02, -0.11976790E+01,  0.95182321E-03, -0.34795431E-02, -0.11238122E-02
    1576.,  0.14180649E+02,  0.99096014E+02, -0.11976790E+01,  0.90232257E-03, -0.32394755E-02, -0.10625189E-02
    1577.,  0.14426839E+02,  0.99328659E+02, -0.11976790E+01,  0.82536414E-03, -0.29767929E-02, -0.12433613E-02
    1578.,  0.14657891E+02,  0.99578206E+02, -0.11976790E+01,  0.62504727E-03, -0.26565797E-02, -0.48491189E-03
    1579.,  0.14898379E+02,  0.99878234E+02, -0.11976790E+01,  0.46145715E-03, -0.23914537E-02, -0.15496164E-03
    1580.,  0.15141143E+02,  0.10023668E+03, -0.11976790E+01,  0.26095062E-03, -0.21117032E-02, -0.62142935E-04
    1581.,  0.15375161E+02,  0.10065982E+03, -0.11976790E+01,  0.48888871E-04, -0.18404311E-02, -0.18236177E-04
    1582.,  0.15585377E+02,  0.10114993E+03, -0.11976790E+01, -0.12676034E-03, -0.16281137E-02, -0.82589119E-05
    1583.,  0.15753837E+02,  0.10170252E+03, -0.11976790E+01, -0.25170218E-03, -0.14929017E-02, -0.18837396E-04
    1584.,  0.15862658E+02,  0.10230412E+03, -0.11976790E+01, -0.33142878E-03, -0.14219047E-02, -0.25072183E-05
    1585.,  0.15898452E+02,  0.10293243E+03, -0.11976790E+01, -0.37611630E-03, -0.13883003E-02,  0.66904861E-04
    1586.,  0.15856477E+02,  0.10355959E+03, -0.11976790E+01, -0.39887335E-03, -0.13676073E-02,  0.12825433E-03
    1587.,  0.15742275E+02,  0.10415797E+03, -0.11976790E+01, -0.40930068E-03, -0.13456278E-02,  0.14952228E-03
    1588.,  0.15569770E+02,  0.10470590E+03, -0.11976790E+01, -0.41238272E-03, -0.13195634E-02,  0.15369892E-03
    1589.,  0.15357001E+02,  0.10519069E+03, -0.11976790E+01, -0.41181591E-03, -0.12910254E-02,  0.15387737E-03
    1590.,  0.15121774E+02,  0.10560847E+03, -0.11976790E+01, -0.41050061E-03, -0.12623197E-02,  0.15312829E-03
    1591.,  0.14878841E+02,  0.10596196E+03, -0.11976790E+01, -0.41019978E-03, -0.12352792E-02,  0.15233467E-03
    1592.,  0.14638894E+02,  0.10625762E+03, -0.11976790E+01, -0.41158517E-03, -0.12110122E-02,  0.15180709E-03
    1593.,  0.14408812E+02,  0.10650347E+03, -0.11976790E+01, -0.41464452E-03, -0.11900390E-02,  0.15139721E-03
    1594.,  0.14161613E+02,  0.10673473E+03, -0.11976790E+01, -0.41982995E-03, -0.11702427E-02,  0.15095306E-03
    1595.,  0.13864049E+02,  0.10697594E+03, -0.11976790E+01, -0.42866612E-03, -0.11504698E-02,  0.15055399E-03
    1596.,  0.13508012E+02,  0.10722006E+03, -0.11976790E+01, -0.44267475E-03, -0.11332025E-02,  0.15023121E-03
    1597.,  0.13086952E+02,  0.10745621E+03, -0.11976790E+01, -0.46334214E-03, -0.11228034E-02,  0.14996682E-03
    1598.,  0.12598221E+02,  0.10766933E+03, -0.11976790E+01, -0.49154779E-03, -0.11262063E-02,  0.14976160E-03
    1599.,  0.12045926E+02,  0.10784131E+03, -0.11976790E+01, -0.52642976E-03, -0.11529129E-02,  0.14961510E-03
    1600.,  0.11443210E+02,  0.10795389E+03, -0.11976790E+01, -0.56403905E-03, -0.12133376E-02,  0.14950101E-03
    1601.,  0.10812349E+02,  0.10799317E+03, -0.11976790E+01, -0.59684346E-03, -0.13149567E-02,  0.14935129E-03
    1602.,  0.10181488E+02,  0.10795389E+03, -0.11976790E+01, -0.61543355E-03, -0.14578070E-02,  0.14908486E-03
    1603.,  0.95787723E+01,  0.10784131E+03, -0.11976790E+01, -0.61220110E-03, -0.16327900E-02,  0.14867789E-03
    1604.,  0.90264766E+01,  0.10766933E+03, -0.11976790E+01, -0.58446854E-03, -0.18247075E-02,  0.14819903E-03
    1605.,  0.85377461E+01,  0.10745621E+03, -0.11976790E+01, -0.53480096E-03, -0.20178588E-02,  0.14775105E-03
    1606.,  0.81166860E+01,  0.10722006E+03, -0.11976790E+01, -0.46892858E-03, -0.22003398E-02,  0.14740298E-03
    1607.,  0.77606489E+01,  0.10697594E+03, -0.11976790E+01, -0.39326756E-03, -0.23653549E-02,  0.14716998E-03
    1608.,  0.74630848E+01,  0.10673473E+03, -0.11976790E+01, -0.31339063E-03, -0.25103438E-02,  0.14696684E-03
    1609.,  0.72158860E+01,  0.10650347E+03, -0.11976790E+01, -0.23334530E-03, -0.26354985E-02,  0.14675512E-03
    1610.,  0.69858039E+01,  0.10625762E+03, -0.11976790E+01, -0.14556638E-03, -0.27558344E-02,  0.14699861E-03
    1611.,  0.67458568E+01,  0.10596196E+03, -0.11976790E+01, -0.37242976E-04, -0.28853638E-02,  0.14773822E-03
    1612.,  0.65029237E+01,  0.10560847E+03, -0.11976790E+01,  0.95112153E-04, -0.30212511E-02,  0.14963048E-03
    1613.,  0.62676969E+01,  0.10519069E+03, -0.11976790E+01,  0.25426828E-03, -0.31585210E-02,  0.15486083E-03
    1614.,  0.60549283E+01,  0.10470590E+03, -0.11976790E+01,  0.44136226E-03, -0.32899968E-02,  0.16872155E-03
    1615.,  0.58824231E+01,  0.10415797E+03, -0.11976790E+01,  0.65404938E-03, -0.34077228E-02,  0.20969254E-03
    1616.,  0.57682211E+01,  0.10355959E+03, -0.11976790E+01,  0.87855593E-03, -0.35077524E-02,  0.28015716E-03
    1617.,  0.57262458E+01,  0.10293243E+03, -0.11976790E+01,  0.10873895E-02, -0.35906695E-02,  0.32666484E-03
    1618.,  0.57620394E+01,  0.10230412E+03, -0.11976790E+01,  0.12607473E-02, -0.36786357E-02,  0.33586670E-03
    1619.,  0.58708612E+01,  0.10170252E+03, -0.11976790E+01,  0.13673969E-02, -0.38161349E-02,  0.34794977E-03
    1620.,  0.60393212E+01,  0.10114993E+03, -0.11976790E+01,  0.13710365E-02, -0.40220177E-02,  0.37828729E-03
    1621.,  0.62495371E+01,  0.10065982E+03, -0.11976790E+01,  0.13059976E-02, -0.42531976E-02,  0.49849416E-03
    1622.,  0.64835550E+01,  0.10023668E+03, -0.11976790E+01,  0.12164392E-02, -0.44816257E-02,  0.87489190E-03
    1623.,  0.67263186E+01,  0.99878234E+02, -0.11976790E+01,  0.11383350E-02, -0.47085977E-02,  0.13166639E-02
    1624.,  0.69668064E+01,  0.99578206E+02, -0.11976790E+01,  0.11251187E-02, -0.49388318E-02,  0.21127394E-02
    1625.,  0.68592811E+01,  0.98993467E+02, -0.11976790E+01,  0.13222833E-02, -0.75661101E-02, -0.49461333E-02
    1626.,  0.71285326E+01,  0.98739029E+02, -0.11976790E+01,  0.18885455E-02, -0.74496645E-02, -0.34509517E-02
    1627.,  0.74533302E+01,  0.98473099E+02, -0.11976790E+01,  0.24286003E-02, -0.72771728E-02, -0.21646722E-02
    1628.,  0.78428534E+01,  0.98203323E+02, -0.11976790E+01,  0.29615197E-02, -0.65927012E-02, -0.18950267E-02
    1629.,  0.83046371E+01,  0.97941735E+02, -0.11976790E+01,  0.32380079E-02, -0.57904538E-02, -0.99355626E-03
    1630.,  0.88419255E+01,  0.97705086E+02, -0.11976790E+01,  0.33333868E-02, -0.48562477E-02, -0.32698584E-03
    1631.,  0.94504058E+01,  0.97513709E+02, -0.11976790E+01,  0.33458059E-02, -0.38027623E-02, -0.51486707E-04
    1632.,  0.10115533E+02,  0.97388221E+02, -0.11976790E+01,  0.31359038E-02, -0.26562507E-02,  0.35460981E-03
    1633.,  0.10812349E+02,  0.97344404E+02, -0.11976790E+01,  0.24468474E-02, -0.24830125E-02,  0.10189391E-02
    1634.,  0.11509165E+02,  0.97388221E+02, -0.11976790E+01,  0.12912388E-02, -0.33878173E-02,  0.11606324E-02
    1635.,  0.12174292E+02,  0.97513709E+02, -0.11976790E+01,  0.56185088E-03, -0.40887310E-02,  0.12301756E-02
    1636.,  0.12782772E+02,  0.97705086E+02, -0.11976790E+01,  0.33659417E-03, -0.45778186E-02,  0.14986368E-02
    1637.,  0.13320061E+02,  0.97941735E+02, -0.11976790E+01,  0.45077433E-03, -0.49188718E-02,  0.20687989E-02
    1638.,  0.13781845E+02,  0.98203323E+02, -0.11976790E+01,  0.67482359E-03, -0.48778602E-02,  0.25104282E-02
    1639.,  0.14171368E+02,  0.98473099E+02, -0.11976790E+01,  0.81262949E-03, -0.45711985E-02,  0.25370757E-02
    1640.,  0.14496165E+02,  0.98739029E+02, -0.11976790E+01,  0.81152224E-03, -0.39671984E-02,  0.24085175E-02
    1641.,  0.14765417E+02,  0.98993467E+02, -0.11976790E+01,  0.86976633E-03, -0.36222449E-02,  0.27267382E-02
    1642.,  0.15018113E+02,  0.99266390E+02, -0.11976790E+01,  0.67754684E-03, -0.27290418E-02,  0.13454432E-02
    1643.,  0.15281127E+02,  0.99594522E+02, -0.11976790E+01,  0.54448804E-03, -0.23019470E-02,  0.71698505E-03
    1644.,  0.15546631E+02,  0.99986544E+02, -0.11976790E+01,  0.28514868E-03, -0.19379836E-02,  0.51732251E-03
    1645.,  0.15802570E+02,  0.10044932E+03, -0.11976790E+01,  0.35914787E-04, -0.16537031E-02,  0.33778016E-03
    1646.,  0.16032478E+02,  0.10098534E+03, -0.11976790E+01, -0.15251420E-03, -0.14653950E-02,  0.35090809E-03
    1647.,  0.16216718E+02,  0.10158969E+03, -0.11976790E+01, -0.26303202E-03, -0.13757330E-02,  0.44076285E-03
    1648.,  0.16335733E+02,  0.10224765E+03, -0.11976790E+01, -0.33202975E-03, -0.13562379E-02,  0.42315014E-03
    1649.,  0.16374879E+02,  0.10293482E+03, -0.11976790E+01, -0.36842147E-03, -0.13596526E-02,  0.26143419E-03
    1650.,  0.16328972E+02,  0.10362072E+03, -0.11976790E+01, -0.39133793E-03, -0.13543069E-02,  0.15942391E-03
    1651.,  0.16204073E+02,  0.10427515E+03, -0.11976790E+01, -0.40680153E-03, -0.13372190E-02,  0.14033028E-03
    1652.,  0.16015409E+02,  0.10487441E+03, -0.11976790E+01, -0.41604566E-03, -0.13132223E-02,  0.13779628E-03
    1653.,  0.15782709E+02,  0.10540461E+03, -0.11976790E+01, -0.42121030E-03, -0.12863534E-02,  0.14089266E-03
    1654.,  0.15525448E+02,  0.10586153E+03, -0.11976790E+01, -0.42503899E-03, -0.12592474E-02,  0.14307524E-03
    1655.,  0.15259759E+02,  0.10624812E+03, -0.11976790E+01, -0.42937103E-03, -0.12336108E-02,  0.14487523E-03
    1656.,  0.14997336E+02,  0.10657148E+03, -0.11976790E+01, -0.43502975E-03, -0.12105183E-02,  0.14593932E-03
    1657.,  0.14745701E+02,  0.10684036E+03, -0.11976790E+01, -0.44187932E-03, -0.11903444E-02,  0.14668170E-03
    1658.,  0.14475347E+02,  0.10709329E+03, -0.11976790E+01, -0.45105876E-03, -0.11709322E-02,  0.14745432E-03
    1659.,  0.14149909E+02,  0.10735708E+03, -0.11976790E+01, -0.46482183E-03, -0.11514920E-02,  0.14813184E-03
    1660.,  0.13760521E+02,  0.10762408E+03, -0.11976790E+01, -0.48491019E-03, -0.11343355E-02,  0.14865183E-03
    1661.,  0.13300019E+02,  0.10788234E+03, -0.11976790E+01, -0.51329092E-03, -0.11239106E-02,  0.14906272E-03
    1662.,  0.12765508E+02,  0.10811543E+03, -0.11976790E+01, -0.55147545E-03, -0.11276157E-02,  0.14936957E-03
    1663.,  0.12161478E+02,  0.10830352E+03, -0.11976790E+01, -0.59918622E-03, -0.11560956E-02,  0.14956586E-03
    1664.,  0.11502305E+02,  0.10842665E+03, -0.11976790E+01, -0.65241316E-03, -0.12216206E-02,  0.14969280E-03
    1665.,  0.10812349E+02,  0.10846960E+03, -0.11976790E+01, -0.70215981E-03, -0.13335692E-02,  0.14987317E-03
    1666.,  0.10122393E+02,  0.10842665E+03, -0.11976790E+01, -0.73621022E-03, -0.14926577E-02,  0.15026782E-03
    1667.,  0.94632203E+01,  0.10830352E+03, -0.11976790E+01, -0.74423777E-03, -0.16884773E-02,  0.15093927E-03
    1668.,  0.88591897E+01,  0.10811543E+03, -0.11976790E+01, -0.72244858E-03, -0.19031681E-02,  0.15177258E-03
    1669.,  0.83246786E+01,  0.10788234E+03, -0.11976790E+01, -0.67400665E-03, -0.21184266E-02,  0.15258513E-03
    1670.,  0.78641768E+01,  0.10762408E+03, -0.11976790E+01, -0.60602520E-03, -0.23207393E-02,  0.15326566E-03
    1671.,  0.74747889E+01,  0.10735708E+03, -0.11976790E+01, -0.52627159E-03, -0.25027419E-02,  0.15383070E-03
    1672.,  0.71493512E+01,  0.10709329E+03, -0.11976790E+01, -0.44124376E-03, -0.26620401E-02,  0.15442453E-03
    1673.,  0.68789968E+01,  0.10684036E+03, -0.11976790E+01, -0.35585419E-03, -0.27990712E-02,  0.15517478E-03
    1674.,  0.66273623E+01,  0.10657148E+03, -0.11976790E+01, -0.26185919E-03, -0.29301206E-02,  0.15537197E-03
    1675.,  0.63649388E+01,  0.10624812E+03, -0.11976790E+01, -0.14568356E-03, -0.30710131E-02,  0.15523281E-03
    1676.,  0.60992496E+01,  0.10586153E+03, -0.11976790E+01, -0.35426121E-05, -0.32186998E-02,  0.15420995E-03
    1677.,  0.58419885E+01,  0.10540461E+03, -0.11976790E+01,  0.16792409E-03, -0.33678199E-02,  0.14968050E-03
    1678.,  0.56092894E+01,  0.10487441E+03, -0.11976790E+01,  0.37117363E-03, -0.35103491E-02,  0.13381606E-03
    1679.,  0.54206252E+01,  0.10427515E+03, -0.11976790E+01,  0.60741233E-03, -0.36351404E-02,  0.80082110E-04
    1680.,  0.52957257E+01,  0.10362072E+03, -0.11976790E+01,  0.87005961E-03, -0.37272140E-02, -0.61619136E-04
    1681.,  0.52498185E+01,  0.10293482E+03, -0.11976790E+01,  0.11134537E-02, -0.37747958E-02, -0.19598352E-03
    1682.,  0.52889649E+01,  0.10224765E+03, -0.11976790E+01,  0.13372703E-02, -0.38093251E-02, -0.18444055E-03
    1683.,  0.54079803E+01,  0.10158969E+03, -0.11976790E+01,  0.15130448E-02, -0.38956633E-02, -0.13294445E-03
    1684.,  0.55922204E+01,  0.10098534E+03, -0.11976790E+01,  0.15467705E-02, -0.41021612E-02, -0.21541380E-03
    1685.,  0.58221277E+01,  0.10044932E+03, -0.11976790E+01,  0.15034674E-02, -0.44504272E-02, -0.45651508E-03
    1686.,  0.60780666E+01,  0.99986544E+02, -0.11976790E+01,  0.14106507E-02, -0.50672813E-02, -0.13130086E-02
    1687.,  0.63435704E+01,  0.99594522E+02, -0.11976790E+01,  0.13305548E-02, -0.58559596E-02, -0.20069363E-02
    1688.,  0.66065853E+01,  0.99266390E+02, -0.11976790E+01,  0.14656205E-02, -0.66336732E-02, -0.31730352E-02
    1689.,  0.62681257E+01,  0.98408223E+02, -0.11976790E+01,  0.38724255E-01,  0.14965964E-01, -0.28766214E+00
    1690.,  0.66487520E+01,  0.98196191E+02, -0.11976790E+01,  0.31896300E-01,  0.66934934E-02, -0.23945297E+00
    1691.,  0.70756666E+01,  0.97974583E+02, -0.11976790E+01,  0.26565030E-01,  0.16339431E-02, -0.19183967E+00
    1692.,  0.75565193E+01,  0.97749770E+02, -0.11976790E+01,  0.21375243E-01, -0.26700427E-02, -0.14076759E+00
    1693.,  0.80975891E+01,  0.97531779E+02, -0.11976790E+01,  0.15847241E-01, -0.57772359E-02, -0.91160442E-01
    1694.,  0.87015794E+01,  0.97334572E+02, -0.11976790E+01,  0.10381767E-01, -0.58519281E-02, -0.47720439E-01
    1695.,  0.93648963E+01,  0.97175092E+02, -0.11976790E+01,  0.63454778E-02, -0.38426633E-02, -0.19051119E-01
    1696.,  0.10075419E+02,  0.97070518E+02, -0.11976790E+01,  0.42849064E-02, -0.22670440E-02, -0.24591641E-02
    1697.,  0.10812349E+02,  0.97034004E+02, -0.11976790E+01,  0.31163883E-02, -0.21181059E-02,  0.12463054E-01
    1698.,  0.11549279E+02,  0.97070518E+02, -0.11976790E+01,  0.13008677E-03, -0.44090037E-02,  0.26612226E-01
    1699.,  0.12259802E+02,  0.97175092E+02, -0.11976790E+01, -0.36748590E-02, -0.49672504E-02,  0.41720230E-01
    1700.,  0.12923118E+02,  0.97334572E+02, -0.11976790E+01, -0.61058164E-02, -0.38147795E-02,  0.67662615E-01
    1701.,  0.13527109E+02,  0.97531779E+02, -0.11976790E+01, -0.79605777E-02, -0.14888605E-02,  0.10407687E+00
    1702.,  0.14068179E+02,  0.97749770E+02, -0.11976790E+01, -0.10426267E-01,  0.21488868E-02,  0.14222576E+00
    1703.,  0.14549031E+02,  0.97974583E+02, -0.11976790E+01, -0.13341121E-01,  0.67945543E-02,  0.17580726E+00
    1704.,  0.14975946E+02,  0.98196191E+02, -0.11976790E+01, -0.16340875E-01,  0.11478081E-01,  0.20343489E+00
    1705.,  0.15356572E+02,  0.98408223E+02, -0.11976790E+01, -0.19554757E-01,  0.16837281E-01,  0.22686612E+00
    1706.,  0.15567152E+02,  0.98791128E+02, -0.11976790E+01, -0.99894764E-02,  0.61492096E-02,  0.15135475E+00
    1707.,  0.15786331E+02,  0.99220040E+02, -0.11976790E+01, -0.44409893E-02,  0.11309764E-02,  0.91037208E-01
    1708.,  0.16007584E+02,  0.99702193E+02, -0.11976790E+01, -0.14665123E-02, -0.81782956E-03,  0.46413122E-01
    1709.,  0.16220867E+02,  0.10024331E+03, -0.11976790E+01, -0.53068692E-03, -0.11573403E-02,  0.20955467E-01
    1710.,  0.16412456E+02,  0.10084546E+03, -0.11976790E+01, -0.39973576E-03, -0.11794389E-02,  0.98467308E-02
    1711.,  0.16565989E+02,  0.10150455E+03, -0.11976790E+01, -0.33799715E-03, -0.12631187E-02,  0.53550686E-02
    1712.,  0.16665169E+02,  0.10220832E+03, -0.11976790E+01, -0.32629360E-03, -0.13317495E-02,  0.28780414E-02
    1713.,  0.16697791E+02,  0.10293643E+03, -0.11976790E+01, -0.36143230E-03, -0.13601255E-02,  0.12801518E-02
    1714.,  0.16659535E+02,  0.10366348E+03, -0.11976790E+01, -0.38491644E-03, -0.13571301E-02,  0.45618220E-03
    1715.,  0.16555452E+02,  0.10436432E+03, -0.11976790E+01, -0.40510507E-03, -0.13381691E-02,  0.17030302E-03
    1716.,  0.16398232E+02,  0.10501917E+03, -0.11976790E+01, -0.41974924E-03, -0.13125730E-02,  0.86824639E-04
    1717.,  0.16204316E+02,  0.10561647E+03, -0.11976790E+01, -0.43086482E-03, -0.12854079E-02,  0.65380418E-04
    1718.,  0.15989932E+02,  0.10615270E+03, -0.11976790E+01, -0.44159297E-03, -0.12590523E-02,  0.61832023E-04
    1719.,  0.15768524E+02,  0.10663033E+03, -0.11976790E+01, -0.45398034E-03, -0.12348053E-02,  0.62360294E-04
    1720.,  0.15549838E+02,  0.10705527E+03, -0.11976790E+01, -0.46870131E-03, -0.12134927E-02,  0.63433371E-04
    1721.,  0.15340142E+02,  0.10743480E+03, -0.11976790E+01, -0.48625794E-03, -0.11955999E-02,  0.63493906E-04
    1722.,  0.14958597E+02,  0.10764557E+03, -0.11976790E+01, -0.49528439E-03, -0.11769123E-02,  0.93593159E-04
    1723.,  0.14531149E+02,  0.10786540E+03, -0.11976790E+01, -0.50892484E-03, -0.11574263E-02,  0.11556551E-03
    1724.,  0.14050409E+02,  0.10808790E+03, -0.11976790E+01, -0.52926202E-03, -0.11395913E-02,  0.13068555E-03
    1725.,  0.13510408E+02,  0.10830312E+03, -0.11976790E+01, -0.55875053E-03, -0.11281310E-02,  0.14036566E-03
    1726.,  0.12908732E+02,  0.10849736E+03, -0.11976790E+01, -0.59959137E-03, -0.11310469E-02,  0.14602491E-03
    1727.,  0.12249123E+02,  0.10865410E+03, -0.11976790E+01, -0.65233352E-03, -0.11599361E-02,  0.14902879E-03
    1728.,  0.11543562E+02,  0.10875671E+03, -0.11976790E+01, -0.71373600E-03, -0.12283189E-02,  0.15078690E-03
    1729.,  0.10812349E+02,  0.10879250E+03, -0.11976790E+01, -0.77522493E-03, -0.13470255E-02,  0.15285760E-03
    1730.,  0.10081136E+02,  0.10875671E+03, -0.11976790E+01, -0.82443524E-03, -0.15182920E-02,  0.15692742E-03
    1731.,  0.93755751E+01,  0.10865410E+03, -0.11976790E+01, -0.85033513E-03, -0.17330335E-02,  0.16448278E-03
    1732.,  0.87159662E+01,  0.10849736E+03, -0.11976790E+01, -0.84813629E-03, -0.19741435E-02,  0.17622895E-03
    1733.,  0.81142903E+01,  0.10830312E+03, -0.11976790E+01, -0.82003669E-03, -0.22232762E-02,  0.19177771E-03
    1734.,  0.75742889E+01,  0.10808790E+03, -0.11976790E+01, -0.77239354E-03, -0.24662138E-02,  0.20977573E-03
    1735.,  0.70935489E+01,  0.10786540E+03, -0.11976790E+01, -0.71244136E-03, -0.26946351E-02,  0.22789931E-03
    1736.,  0.66661008E+01,  0.10764557E+03, -0.11976790E+01, -0.64638048E-03, -0.29051797E-02,  0.24245742E-03
    1737.,  0.62845555E+01,  0.10743480E+03, -0.11976790E+01, -0.57851527E-03, -0.30981344E-02,  0.24760114E-03
    1738.,  0.60748601E+01,  0.10705527E+03, -0.11976790E+01, -0.44539442E-03, -0.32089983E-02,  0.21139581E-03
    1739.,  0.58561738E+01,  0.10663033E+03, -0.11976790E+01, -0.29323603E-03, -0.33292341E-02,  0.16726890E-03
    1740.,  0.56347661E+01,  0.10615270E+03, -0.11976790E+01, -0.11892527E-03, -0.34566530E-02,  0.10233709E-03
    1741.,  0.54203819E+01,  0.10561647E+03, -0.11976790E+01,  0.80527566E-04, -0.35873871E-02, -0.13478888E-04
    1742.,  0.52264660E+01,  0.10501917E+03, -0.11976790E+01,  0.30833639E-03, -0.37150713E-02, -0.25153424E-03
    1743.,  0.50692458E+01,  0.10436432E+03, -0.11976790E+01,  0.56803336E-03, -0.38296400E-02, -0.79958386E-03
    1744.,  0.49651629E+01,  0.10366348E+03, -0.11976790E+01,  0.86130010E-03, -0.39142180E-02, -0.19034802E-02
    1745.,  0.49269069E+01,  0.10293643E+03, -0.11976790E+01,  0.11485611E-02, -0.39600404E-02, -0.38725937E-02
    1746.,  0.49595289E+01,  0.10220832E+03, -0.11976790E+01,  0.15262245E-02, -0.39644205E-02, -0.73798472E-02
    1747.,  0.50587084E+01,  0.10150455E+03, -0.11976790E+01,  0.21270451E-02, -0.39545765E-02, -0.14076935E-01
    1748.,  0.52122418E+01,  0.10084546E+03, -0.11976790E+01,  0.32026328E-02, -0.40958297E-02, -0.28573793E-01
    1749.,  0.54038312E+01,  0.10024331E+03, -0.11976790E+01,  0.56007657E-02, -0.42222403E-02, -0.57568254E-01
    1750.,  0.56171136E+01,  0.99702193E+02, -0.11976790E+01,  0.98508632E-02, -0.34667131E-02, -0.10168853E+00
    1751.,  0.58383669E+01,  0.99220040E+02, -0.11976790E+01,  0.15868069E-01, -0.10141943E-02, -0.15619271E+00
    1752.,  0.60575459E+01,  0.98791128E+02, -0.11976790E+01,  0.24326116E-01,  0.42337235E-02, -0.21730940E+00
    1753.,  0.56769704E+01,  0.97822979E+02, -0.11976790E+01,  0.13777990E+00,  0.11842417E+00, -0.75420324E+00
    1754.,  0.61689714E+01,  0.97653354E+02, -0.11976790E+01,  0.11987104E+00,  0.99662321E-01, -0.65161034E+00
    1755.,  0.66980031E+01,  0.97476067E+02, -0.11976790E+01,  0.99353276E-01,  0.77924901E-01, -0.53856688E+00
    1756.,  0.72701852E+01,  0.97296217E+02, -0.11976790E+01,  0.76138874E-01,  0.51961602E-01, -0.41691480E+00
    1757.,  0.78905411E+01,  0.97121824E+02, -0.11976790E+01,  0.51304020E-01,  0.24649370E-01, -0.29082555E+00
    1758.,  0.85612333E+01,  0.96964059E+02, -0.11976790E+01,  0.30331828E-01,  0.51692624E-02, -0.17261922E+00
    1759.,  0.92793868E+01,  0.96836474E+02, -0.11976790E+01,  0.15465323E-01, -0.18731250E-02, -0.78654573E-01
    1760.,  0.10035305E+02,  0.96752815E+02, -0.11976790E+01,  0.72665006E-02, -0.19120276E-02, -0.15389663E-01
    1761.,  0.10812349E+02,  0.96723604E+02, -0.11976790E+01,  0.30769467E-02, -0.17684098E-02,  0.37000992E-01
    1762.,  0.11589393E+02,  0.96752815E+02, -0.11976790E+01, -0.37076014E-02, -0.23546374E-02,  0.85497931E-01
    1763.,  0.12345311E+02,  0.96836474E+02, -0.11976790E+01, -0.13267022E-01,  0.40035106E-02,  0.13698015E+00
    1764.,  0.13063465E+02,  0.96964059E+02, -0.11976790E+01, -0.23465197E-01,  0.18073398E-01,  0.21314680E+00
    1765.,  0.13734157E+02,  0.97121824E+02, -0.11976790E+01, -0.36353179E-01,  0.37269080E-01,  0.31026280E+00
    1766.,  0.14354513E+02,  0.97296217E+02, -0.11976790E+01, -0.50702308E-01,  0.58616143E-01,  0.40737963E+00
    1767.,  0.14926695E+02,  0.97476067E+02, -0.11976790E+01, -0.64767182E-01,  0.79139687E-01,  0.49786196E+00
    1768.,  0.15455726E+02,  0.97653354E+02, -0.11976790E+01, -0.77222284E-01,  0.96811931E-01,  0.57818413E+00
    1769.,  0.15947728E+02,  0.97822979E+02, -0.11976790E+01, -0.87864514E-01,  0.11134098E+00,  0.64961418E+00
    1770.,  0.16116191E+02,  0.98315865E+02, -0.11976790E+01, -0.57681820E-01,  0.68858788E-01,  0.47906872E+00
    1771.,  0.16291535E+02,  0.98845558E+02, -0.11976790E+01, -0.30607010E-01,  0.32623092E-01,  0.31359761E+00
    1772.,  0.16468537E+02,  0.99417843E+02, -0.11976790E+01, -0.12280213E-01,  0.10381956E-01,  0.17556213E+00
    1773.,  0.16639163E+02,  0.10003730E+03, -0.11976790E+01, -0.37627305E-02,  0.16192405E-02,  0.83079267E-01
    1774.,  0.16792435E+02,  0.10070558E+03, -0.11976790E+01, -0.12257514E-02, -0.54387547E-03,  0.36626457E-01
    1775.,  0.16915261E+02,  0.10141942E+03, -0.11976790E+01, -0.51501661E-03, -0.11444694E-02,  0.16782058E-01
    1776.,  0.16994605E+02,  0.10216900E+03, -0.11976790E+01, -0.33285703E-03, -0.13356541E-02,  0.76514947E-02
    1777.,  0.17020703E+02,  0.10293805E+03, -0.11976790E+01, -0.35693915E-03, -0.13732277E-02,  0.31310592E-02
    1778.,  0.16990098E+02,  0.10370625E+03, -0.11976790E+01, -0.38007232E-03, -0.13647118E-02,  0.10792266E-02
    1779.,  0.16906831E+02,  0.10445348E+03, -0.11976790E+01, -0.40534198E-03, -0.13390032E-02,  0.30561377E-03
    1780.,  0.16781055E+02,  0.10516392E+03, -0.11976790E+01, -0.42517156E-03, -0.13099535E-02,  0.49853485E-04
    1781.,  0.16625923E+02,  0.10582832E+03, -0.11976790E+01, -0.44176198E-03, -0.12815832E-02, -0.34803842E-04
    1782.,  0.16454415E+02,  0.10644387E+03, -0.11976790E+01, -0.45870661E-03, -0.12553884E-02, -0.63066312E-04
    1783.,  0.16277289E+02,  0.10701254E+03, -0.11976790E+01, -0.47750335E-03, -0.12327157E-02, -0.73006448E-04
    1784.,  0.16102340E+02,  0.10753905E+03, -0.11976790E+01, -0.49887298E-03, -0.12139039E-02, -0.77838551E-04
    1785.,  0.15934584E+02,  0.10802924E+03, -0.11976790E+01, -0.52199925E-03, -0.11992312E-02, -0.81075405E-04
    1786.,  0.15441847E+02,  0.10819786E+03, -0.11976790E+01, -0.53069874E-03, -0.11831189E-02, -0.74231193E-05
    1787.,  0.14912389E+02,  0.10837372E+03, -0.11976790E+01, -0.54435005E-03, -0.11644750E-02,  0.51730905E-04
    1788.,  0.14340297E+02,  0.10855172E+03, -0.11976790E+01, -0.56537633E-03, -0.11461556E-02,  0.94548413E-04
    1789.,  0.13720796E+02,  0.10872390E+03, -0.11976790E+01, -0.59672580E-03, -0.11334030E-02,  0.12260454E-03
    1790.,  0.13051955E+02,  0.10887929E+03, -0.11976790E+01, -0.64132379E-03, -0.11350341E-02,  0.13906056E-03
    1791.,  0.12336768E+02,  0.10900468E+03, -0.11976790E+01, -0.70056373E-03, -0.11637957E-02,  0.14776537E-03
    1792.,  0.11584819E+02,  0.10908677E+03, -0.11976790E+01, -0.77192015E-03, -0.12345985E-02,  0.15283328E-03
    1793.,  0.10812349E+02,  0.10911540E+03, -0.11976790E+01, -0.84711616E-03, -0.13597894E-02,  0.15857205E-03
    1794.,  0.10039879E+02,  0.10908677E+03, -0.11976790E+01, -0.91346766E-03, -0.15431300E-02,  0.16952238E-03
    1795.,  0.92879298E+01,  0.10900468E+03, -0.11976790E+01, -0.95902197E-03, -0.17768179E-02,  0.18994263E-03
    1796.,  0.85727428E+01,  0.10887929E+03, -0.11976790E+01, -0.97775121E-03, -0.20443828E-02,  0.22224235E-03
    1797.,  0.79039020E+01,  0.10872390E+03, -0.11976790E+01, -0.97069194E-03, -0.23271951E-02,  0.26531179E-03
    1798.,  0.72844009E+01,  0.10855172E+03, -0.11976790E+01, -0.94334136E-03, -0.26099642E-02,  0.31372655E-03
    1799.,  0.67123089E+01,  0.10837372E+03, -0.11976790E+01, -0.90234593E-03, -0.28828879E-02,  0.35718857E-03
    1800.,  0.61828505E+01,  0.10819786E+03, -0.11976790E+01, -0.85341454E-03, -0.31412195E-02,  0.37888665E-03
    1801.,  0.56901142E+01,  0.10802924E+03, -0.11976790E+01, -0.80067318E-03, -0.33831586E-02,  0.35271443E-03
    1802.,  0.55223579E+01,  0.10753905E+03, -0.11976790E+01, -0.62476133E-03, -0.34739096E-02,  0.24411244E-03
    1803.,  0.53474089E+01,  0.10701254E+03, -0.11976790E+01, -0.43502259E-03, -0.35743683E-02,  0.10772100E-03
    1804.,  0.51702827E+01,  0.10644387E+03, -0.11976790E+01, -0.22863346E-03, -0.36834593E-02, -0.89148969E-04
    1805.,  0.49987753E+01,  0.10582832E+03, -0.11976790E+01, -0.20673154E-05, -0.37986486E-02, -0.42113803E-03
    1806.,  0.48436426E+01,  0.10516392E+03, -0.11976790E+01,  0.24885284E-03, -0.39160023E-02, -0.10690167E-02
    1807.,  0.47178665E+01,  0.10445348E+03, -0.11976790E+01,  0.53213912E-03, -0.40278641E-02, -0.24450770E-02
    1808.,  0.46346001E+01,  0.10370625E+03, -0.11976790E+01,  0.85899177E-03, -0.41205216E-02, -0.52817367E-02
    1809.,  0.46039953E+01,  0.10293805E+03, -0.11976790E+01,  0.12098987E-02, -0.41837431E-02, -0.11278068E-01
    1810.,  0.46300929E+01,  0.10216900E+03, -0.11976790E+01,  0.19614069E-02, -0.41115744E-02, -0.23797797E-01
    1811.,  0.47094365E+01,  0.10141942E+03, -0.11976790E+01,  0.39843760E-02, -0.35401850E-02, -0.49251615E-01
    1812.,  0.48322632E+01,  0.10070558E+03, -0.11976790E+01,  0.93490503E-02, -0.11237962E-02, -0.10133201E+00
    1813.,  0.49855348E+01,  0.10003730E+03, -0.11976790E+01,  0.22003433E-01,  0.70271804E-02, -0.19236444E+00
    1814.,  0.51561607E+01,  0.99417843E+02, -0.11976790E+01,  0.43481325E-01,  0.24534469E-01, -0.31637257E+00
    1815.,  0.53331633E+01,  0.98845558E+02, -0.11976790E+01,  0.71386827E-01,  0.50374678E-01, -0.45773675E+00
    1816.,  0.55085065E+01,  0.98315865E+02, -0.11976790E+01,  0.10396302E+00,  0.82719462E-01, -0.60659139E+00
    1817.,  0.50858150E+01,  0.97237735E+02, -0.11976790E+01,  0.22948136E+00,  0.21475681E+00, -0.12056718E+01
    1818.,  0.56891908E+01,  0.97110516E+02, -0.11976790E+01,  0.20275392E+00,  0.18745575E+00, -0.10517910E+01
    1819.,  0.63203396E+01,  0.96977552E+02, -0.11976790E+01,  0.17378336E+00,  0.15675846E+00, -0.88963485E+00
    1820.,  0.69838512E+01,  0.96842664E+02, -0.11976790E+01,  0.13955879E+00,  0.11855407E+00, -0.71468582E+00
    1821.,  0.76834930E+01,  0.96711869E+02, -0.11976790E+01,  0.10085942E+00,  0.73266259E-01, -0.53047971E+00
    1822.,  0.84208872E+01,  0.96593545E+02, -0.11976790E+01,  0.63054803E-01,  0.32391062E-01, -0.34418581E+00
    1823.,  0.91938774E+01,  0.96497857E+02, -0.11976790E+01,  0.33772504E-01,  0.67010255E-02, -0.17974499E+00
    1824.,  0.99951909E+01,  0.96435112E+02, -0.11976790E+01,  0.13787452E-01, -0.16192441E-02, -0.45711548E-01
    1825.,  0.10812349E+02,  0.96413204E+02, -0.11976790E+01,  0.20868135E-02, -0.13904263E-02,  0.68033631E-01
    1826.,  0.11629507E+02,  0.96435112E+02, -0.11976790E+01, -0.11699059E-01,  0.19287048E-02,  0.16610509E+00
    1827.,  0.12430821E+02,  0.96497857E+02, -0.11976790E+01, -0.29728137E-01,  0.21942505E-01,  0.26294028E+00
    1828.,  0.13203811E+02,  0.96593545E+02, -0.11976790E+01, -0.49226858E-01,  0.52868228E-01,  0.39151699E+00
    1829.,  0.13941205E+02,  0.96711869E+02, -0.11976790E+01, -0.70977902E-01,  0.86702199E-01,  0.53782552E+00
    1830.,  0.14640847E+02,  0.96842664E+02, -0.11976790E+01, -0.95570871E-01,  0.12312519E+00,  0.68750278E+00
    1831.,  0.15304358E+02,  0.96977552E+02, -0.11976790E+01, -0.12073503E+00,  0.15881453E+00,  0.83355682E+00
    1832.,  0.15935507E+02,  0.97110516E+02, -0.11976790E+01, -0.14515037E+00,  0.19283613E+00,  0.97365199E+00
    1833.,  0.16538883E+02,  0.97237735E+02, -0.11976790E+01, -0.16653442E+00,  0.22283289E+00,  0.11026151E+01
    1834.,  0.16665231E+02,  0.97840603E+02, -0.11976790E+01, -0.12007801E+00,  0.15619710E+00,  0.85379964E+00
    1835.,  0.16796738E+02,  0.98471075E+02, -0.11976790E+01, -0.74375948E-01,  0.91459721E-01,  0.60257370E+00
    1836.,  0.16929490E+02,  0.99133493E+02, -0.11976790E+01, -0.35539280E-01,  0.38865901E-01,  0.36806298E+00
    1837.,  0.17057460E+02,  0.99831287E+02, -0.11976790E+01, -0.12215157E-01,  0.10329448E-01,  0.18759377E+00
    1838.,  0.17172413E+02,  0.10056571E+03, -0.11976790E+01, -0.32432364E-02,  0.10159926E-02,  0.81969228E-01
    1839.,  0.17264533E+02,  0.10133428E+03, -0.11976790E+01, -0.82365611E-03, -0.10324145E-02,  0.33946669E-01
    1840.,  0.17324041E+02,  0.10212967E+03, -0.11976790E+01, -0.36045022E-03, -0.13878609E-02,  0.13987789E-01
    1841.,  0.17343614E+02,  0.10293966E+03, -0.11976790E+01, -0.35823424E-03, -0.13985863E-02,  0.55422876E-02
    1842.,  0.17320661E+02,  0.10374902E+03, -0.11976790E+01, -0.37928318E-03, -0.13733014E-02,  0.19436010E-02
    1843.,  0.17258211E+02,  0.10454264E+03, -0.11976790E+01, -0.40814940E-03, -0.13380197E-02,  0.55367473E-03
    1844.,  0.17163879E+02,  0.10530868E+03, -0.11976790E+01, -0.43224350E-03, -0.13049426E-02,  0.58146821E-04
    1845.,  0.17047529E+02,  0.10604018E+03, -0.11976790E+01, -0.45379295E-03, -0.12741184E-02, -0.12030601E-03
    1846.,  0.16918899E+02,  0.10673505E+03, -0.11976790E+01, -0.47523311E-03, -0.12485119E-02, -0.18663801E-03
    1847.,  0.16786054E+02,  0.10739475E+03, -0.11976790E+01, -0.49890852E-03, -0.12276657E-02, -0.21413745E-03
    1848.,  0.16654842E+02,  0.10802284E+03, -0.11976790E+01, -0.52352850E-03, -0.12120535E-02, -0.22854529E-03
    1849.,  0.16529025E+02,  0.10862368E+03, -0.11976790E+01, -0.54676231E-03, -0.12016249E-02, -0.23685266E-03
    1850.,  0.15925098E+02,  0.10875015E+03, -0.11976790E+01, -0.55498674E-03, -0.11897400E-02, -0.12592693E-03
    1851.,  0.15293629E+02,  0.10888204E+03, -0.11976790E+01, -0.56878186E-03, -0.11729964E-02, -0.29074442E-04
    1852.,  0.14630185E+02,  0.10901554E+03, -0.11976790E+01, -0.59096323E-03, -0.11544753E-02,  0.46213020E-04
    1853.,  0.13931184E+02,  0.10914467E+03, -0.11976790E+01, -0.62507848E-03, -0.11401709E-02,  0.97862618E-04
    1854.,  0.13195179E+02,  0.10926122E+03, -0.11976790E+01, -0.67485321E-03, -0.11399866E-02,  0.12899647E-03
    1855.,  0.12424413E+02,  0.10935526E+03, -0.11976790E+01, -0.74253572E-03, -0.11680501E-02,  0.14573264E-03
    1856.,  0.11626077E+02,  0.10941683E+03, -0.11976790E+01, -0.82622822E-03, -0.12408175E-02,  0.15554595E-03
    1857.,  0.10812349E+02,  0.10943830E+03, -0.11976790E+01, -0.91779475E-03, -0.13722295E-02,  0.16642679E-03
    1858.,  0.99986211E+01,  0.10941683E+03, -0.11976790E+01, -0.10040452E-02, -0.15675913E-02,  0.18676624E-03
    1859.,  0.92002846E+01,  0.10935526E+03, -0.11976790E+01, -0.10718707E-02, -0.18203530E-02,  0.22449373E-03
    1860.,  0.84295193E+01,  0.10926122E+03, -0.11976790E+01, -0.11137154E-02, -0.21145775E-02,  0.28390854E-03
    1861.,  0.76935138E+01,  0.10914467E+03, -0.11976790E+01, -0.11292067E-02, -0.24311309E-02,  0.36146459E-03
    1862.,  0.69945129E+01,  0.10901554E+03, -0.11976790E+01, -0.11228767E-02, -0.27532305E-02,  0.44323207E-03
    1863.,  0.63310689E+01,  0.10888204E+03, -0.11976790E+01, -0.11008126E-02, -0.30690433E-02,  0.50438224E-03
    1864.,  0.56996001E+01,  0.10875015E+03, -0.11976790E+01, -0.10683714E-02, -0.33714089E-02,  0.51033619E-03
    1865.,  0.50956728E+01,  0.10862368E+03, -0.11976790E+01, -0.10296398E-02, -0.36563968E-02,  0.42613410E-03
    1866.,  0.49698556E+01,  0.10802284E+03, -0.11976790E+01, -0.80443639E-03, -0.37256522E-02,  0.22410439E-03
    1867.,  0.48386439E+01,  0.10739475E+03, -0.11976790E+01, -0.57354449E-03, -0.38056303E-02, -0.31106461E-04
    1868.,  0.47057993E+01,  0.10673505E+03, -0.11976790E+01, -0.33285658E-03, -0.38966759E-02, -0.39958062E-03
    1869.,  0.45771687E+01,  0.10604018E+03, -0.11976790E+01, -0.79078097E-04, -0.39986818E-02, -0.10134356E-02
    1870.,  0.44608192E+01,  0.10530868E+03, -0.11976790E+01,  0.19487083E-03, -0.41088407E-02, -0.21720929E-02
    1871.,  0.43664871E+01,  0.10454264E+03, -0.11976790E+01,  0.50290118E-03, -0.42250633E-02, -0.45590000E-02
    1872.,  0.43040373E+01,  0.10374902E+03, -0.11976790E+01,  0.87033968E-03, -0.43365770E-02, -0.95503237E-02
    1873.,  0.42810837E+01,  0.10293966E+03, -0.11976790E+01,  0.13196927E-02, -0.44590383E-02, -0.20725154E-01
    1874.,  0.43006569E+01,  0.10212967E+03, -0.11976790E+01,  0.26411993E-02, -0.42843079E-02, -0.45958866E-01
    1875.,  0.43601646E+01,  0.10133428E+03, -0.11976790E+01,  0.72955186E-02, -0.22673428E-02, -0.99754814E-01
    1876.,  0.44522847E+01,  0.10056571E+03, -0.11976790E+01,  0.20372752E-01,  0.61568533E-02, -0.20282375E+00
    1877.,  0.45672383E+01,  0.99831287E+02, -0.11976790E+01,  0.47612974E-01,  0.28491748E-01, -0.36355692E+00
    1878.,  0.46952078E+01,  0.99133493E+02, -0.11976790E+01,  0.87873084E-01,  0.66546113E-01, -0.56432743E+00
    1879.,  0.48279597E+01,  0.98471075E+02, -0.11976790E+01,  0.13499612E+00,  0.11449607E+00, -0.78116151E+00
    1880.,  0.49594671E+01,  0.97840603E+02, -0.11976790E+01,  0.18321655E+00,  0.16553533E+00, -0.99768012E+00
    1881.,  0.44946597E+01,  0.96652492E+02, -0.11976790E+01,  0.31955764E+00,  0.30894213E+00, -0.16529965E+01
    1882.,  0.52094102E+01,  0.96567679E+02, -0.11976790E+01,  0.28052472E+00,  0.26892249E+00, -0.14400969E+01
    1883.,  0.59426760E+01,  0.96479036E+02, -0.11976790E+01,  0.24369315E+00,  0.23155570E+00, -0.12312128E+01
    1884.,  0.66975171E+01,  0.96389110E+02, -0.11976790E+01,  0.20409636E+00,  0.18838146E+00, -0.10172234E+01
    1885.,  0.74764450E+01,  0.96301914E+02, -0.11976790E+01,  0.15467988E+00,  0.12999858E+00, -0.78301186E+00
    1886.,  0.82805411E+01,  0.96223031E+02, -0.11976790E+01,  0.10403799E+00,  0.69956776E-01, -0.53836109E+00
    1887.,  0.91083679E+01,  0.96159239E+02, -0.11976790E+01,  0.58437698E-01,  0.22294803E-01, -0.30385743E+00
    1888.,  0.99550769E+01,  0.96117410E+02, -0.11976790E+01,  0.24666408E-01, -0.81182301E-03, -0.94379743E-01
    1889.,  0.10812349E+02,  0.96102804E+02, -0.11976790E+01, -0.83229196E-03, -0.14253581E-02,  0.10023870E+00
    1890.,  0.11669621E+02,  0.96117410E+02, -0.11976790E+01, -0.24706377E-01,  0.81124990E-02,  0.26285024E+00
    1891.,  0.12516330E+02,  0.96159239E+02, -0.11976790E+01, -0.53352873E-01,  0.49318859E-01,  0.41470488E+00
    1892.,  0.13344157E+02,  0.96223031E+02, -0.11976790E+01, -0.79208497E-01,  0.96331369E-01,  0.58590999E+00
    1893.,  0.14148253E+02,  0.96301914E+02, -0.11976790E+01, -0.10784400E+00,  0.14128960E+00,  0.77566945E+00
    1894.,  0.14927181E+02,  0.96389110E+02, -0.11976790E+01, -0.14424034E+00,  0.19279440E+00,  0.97766070E+00
    1895.,  0.15682022E+02,  0.96479036E+02, -0.11976790E+01, -0.18508345E+00,  0.25004255E+00,  0.11909421E+01
    1896.,  0.16415288E+02,  0.96567679E+02, -0.11976790E+01, -0.22133021E+00,  0.30163696E+00,  0.13904347E+01
    1897.,  0.17130038E+02,  0.96652492E+02, -0.11976790E+01, -0.25172946E+00,  0.34441034E+00,  0.15728632E+01
    1898.,  0.17214270E+02,  0.97365341E+02, -0.11976790E+01, -0.18836833E+00,  0.25303416E+00,  0.12451422E+01
    1899.,  0.17301942E+02,  0.98096593E+02, -0.11976790E+01, -0.12618202E+00,  0.16370305E+00,  0.91671355E+00
    1900.,  0.17390443E+02,  0.98849142E+02, -0.11976790E+01, -0.68558621E-01,  0.82556390E-01,  0.59758480E+00
    1901.,  0.17475756E+02,  0.99625276E+02, -0.11976790E+01, -0.26440751E-01,  0.26879986E-01,  0.32516423E+00
    1902.,  0.17552392E+02,  0.10042583E+03, -0.11976790E+01, -0.67803147E-02,  0.41175375E-02,  0.14462847E+00
    1903.,  0.17613805E+02,  0.10124915E+03, -0.11976790E+01, -0.12994792E-02, -0.99477883E-03,  0.55891634E-01
    1904.,  0.17653477E+02,  0.10209034E+03, -0.11976790E+01, -0.41491748E-03, -0.14791859E-02,  0.21145583E-01
    1905.,  0.17666526E+02,  0.10294127E+03, -0.11976790E+01, -0.37111545E-03, -0.14288102E-02,  0.81768999E-02
    1906.,  0.17651223E+02,  0.10379178E+03, -0.11976790E+01, -0.38282428E-03, -0.13771036E-02,  0.29315943E-02
    1907.,  0.17609590E+02,  0.10463180E+03, -0.11976790E+01, -0.41304567E-03, -0.13355808E-02,  0.86619460E-03
    1908.,  0.17546702E+02,  0.10545343E+03, -0.11976790E+01, -0.44164546E-03, -0.12949151E-02,  0.97227863E-04
    1909.,  0.17469136E+02,  0.10625204E+03, -0.11976790E+01, -0.46546754E-03, -0.12635471E-02, -0.18988389E-03
    1910.,  0.17383382E+02,  0.10702622E+03, -0.11976790E+01, -0.49095424E-03, -0.12381435E-02, -0.29996064E-03
    1911.,  0.17294819E+02,  0.10777696E+03, -0.11976790E+01, -0.51753222E-03, -0.12194676E-02, -0.34941178E-03
    1912.,  0.17207344E+02,  0.10850662E+03, -0.11976790E+01, -0.54249257E-03, -0.12073468E-02, -0.37422198E-03
    1913.,  0.17123466E+02,  0.10921812E+03, -0.11976790E+01, -0.56173886E-03, -0.12012241E-02, -0.39088066E-03
    1914.,  0.16408348E+02,  0.10930243E+03, -0.11976790E+01, -0.56828079E-03, -0.11958647E-02, -0.24780632E-03
    1915.,  0.15674869E+02,  0.10939036E+03, -0.11976790E+01, -0.58140775E-03, -0.11824531E-02, -0.11696227E-03
    1916.,  0.14920073E+02,  0.10947936E+03, -0.11976790E+01, -0.60444699E-03, -0.11644392E-02, -0.92438249E-05
    1917.,  0.14141572E+02,  0.10956545E+03, -0.11976790E+01, -0.64179781E-03, -0.11486073E-02,  0.68348222E-04
    1918.,  0.13338402E+02,  0.10964315E+03, -0.11976790E+01, -0.69816500E-03, -0.11462462E-02,  0.11659178E-03
    1919.,  0.12512059E+02,  0.10970584E+03, -0.11976790E+01, -0.77662636E-03, -0.11731276E-02,  0.14300509E-03
    1920.,  0.11667334E+02,  0.10974689E+03, -0.11976790E+01, -0.87571018E-03, -0.12474506E-02,  0.15859977E-03
    1921.,  0.10812349E+02,  0.10976120E+03, -0.11976790E+01, -0.98715973E-03, -0.13848596E-02,  0.17568047E-03
    1922.,  0.99573637E+01,  0.10974689E+03, -0.11976790E+01, -0.10970181E-02, -0.15922413E-02,  0.20723550E-03
    1923.,  0.91126394E+01,  0.10970584E+03, -0.11976790E+01, -0.11907033E-02, -0.18642679E-02,  0.26553959E-03
    1924.,  0.82862959E+01,  0.10964315E+03, -0.11976790E+01, -0.12587003E-02, -0.21854169E-02,  0.35672506E-03
    1925.,  0.74831255E+01,  0.10956545E+03, -0.11976790E+01, -0.12987749E-02, -0.25357873E-02,  0.47284430E-03
    1926.,  0.67046249E+01,  0.10947936E+03, -0.11976790E+01, -0.13142809E-02, -0.28966857E-02,  0.58714560E-03
    1927.,  0.59498289E+01,  0.10939036E+03, -0.11976790E+01, -0.13108997E-02, -0.32534901E-02,  0.65657205E-03
    1928.,  0.52163497E+01,  0.10930243E+03, -0.11976790E+01, -0.12941724E-02, -0.35963011E-02,  0.63613691E-03
    1929.,  0.45012315E+01,  0.10921812E+03, -0.11976790E+01, -0.12685926E-02, -0.39191707E-02,  0.50318172E-03
    1930.,  0.44173534E+01,  0.10850662E+03, -0.11976790E+01, -0.98796759E-03, -0.39652924E-02,  0.19807233E-03
    1931.,  0.43298789E+01,  0.10777696E+03, -0.11976790E+01, -0.71171715E-03, -0.40232162E-02, -0.18421552E-03
    1932.,  0.42413158E+01,  0.10702622E+03, -0.11976790E+01, -0.43401265E-03, -0.40947211E-02, -0.73966524E-03
    1933.,  0.41555621E+01,  0.10625204E+03, -0.11976790E+01, -0.14992360E-03, -0.41824558E-02, -0.16609403E-02
    1934.,  0.40779958E+01,  0.10545343E+03, -0.11976790E+01,  0.14654048E-03, -0.42894426E-02, -0.33723837E-02
    1935.,  0.40151077E+01,  0.10463180E+03, -0.11976790E+01,  0.48051142E-03, -0.44112914E-02, -0.68195766E-02
    1936.,  0.39734745E+01,  0.10379178E+03, -0.11976790E+01,  0.89811168E-03, -0.45554612E-02, -0.14065610E-01
    1937.,  0.39581721E+01,  0.10294127E+03, -0.11976790E+01,  0.14802234E-02, -0.47736483E-02, -0.30972266E-01
    1938.,  0.39712209E+01,  0.10209034E+03, -0.11976790E+01,  0.35388937E-02, -0.44823790E-02, -0.71702818E-01
    1939.,  0.40108927E+01,  0.10124915E+03, -0.11976790E+01,  0.11818039E-01, -0.22783181E-03, -0.16057294E+00
    1940.,  0.40723061E+01,  0.10042583E+03, -0.11976790E+01,  0.35060935E-01,  0.17212291E-01, -0.32161138E+00
    1941.,  0.41489419E+01,  0.99625276E+02, -0.11976790E+01,  0.78763241E-01,  0.56877131E-01, -0.55326885E+00
    1942.,  0.42342548E+01,  0.98849142E+02, -0.11976790E+01,  0.13705847E+00,  0.11558038E+00, -0.82592364E+00
    1943.,  0.43227561E+01,  0.98096593E+02, -0.11976790E+01,  0.19980231E+00,  0.18172609E+00, -0.11087433E+01
    1944.,  0.44104277E+01,  0.97365341E+02, -0.11976790E+01,  0.26131545E+00,  0.24711964E+00, -0.13859260E+01
    1945.,  0.39035043E+01,  0.96067248E+02, -0.11976790E+01,  0.40052355E+00,  0.39150358E+00, -0.20775993E+01
    1946.,  0.47296296E+01,  0.96024841E+02, -0.11976790E+01,  0.35275469E+00,  0.34319633E+00, -0.18137126E+01
    1947.,  0.55650125E+01,  0.95980520E+02, -0.11976790E+01,  0.30217470E+00,  0.29097765E+00, -0.15414100E+01
    1948.,  0.64111830E+01,  0.95935557E+02, -0.11976790E+01,  0.25807360E+00,  0.24532216E+00, -0.12942449E+01
    1949.,  0.72693970E+01,  0.95891959E+02, -0.11976790E+01,  0.21077339E+00,  0.19084759E+00, -0.10430777E+01
    1950.,  0.81401950E+01,  0.95852518E+02, -0.11976790E+01,  0.14468964E+00,  0.11056875E+00, -0.73659942E+00
    1951.,  0.90228584E+01,  0.95820622E+02, -0.11976790E+01,  0.83741134E-01,  0.38852984E-01, -0.43018052E+00
    1952.,  0.99149629E+01,  0.95799707E+02, -0.11976790E+01,  0.35968997E-01,  0.39475782E-03, -0.14833462E+00
    1953.,  0.10812349E+02,  0.95792404E+02, -0.11976790E+01, -0.43547999E-02, -0.14693151E-02,  0.12445245E+00
    1954.,  0.11709735E+02,  0.95799707E+02, -0.11976790E+01, -0.44103324E-01,  0.13912706E-01,  0.37358189E+00
    1955.,  0.12601839E+02,  0.95820622E+02, -0.11976790E+01, -0.84150731E-01,  0.86135506E-01,  0.58446641E+00
    1956.,  0.13484503E+02,  0.95852518E+02, -0.11976790E+01, -0.11300704E+00,  0.14886088E+00,  0.79609352E+00
    1957.,  0.14355301E+02,  0.95891959E+02, -0.11976790E+01, -0.14704706E+00,  0.19780760E+00,  0.10189571E+01
    1958.,  0.15213515E+02,  0.95935557E+02, -0.11976790E+01, -0.20294965E+00,  0.27539567E+00,  0.12920301E+01
    1959.,  0.16059685E+02,  0.95980520E+02, -0.11976790E+01, -0.25663079E+00,  0.35255872E+00,  0.15658368E+01
    1960.,  0.16895068E+02,  0.96024841E+02, -0.11976790E+01, -0.29930694E+00,  0.41319887E+00,  0.18118318E+01
    1961.,  0.17721194E+02,  0.96067248E+02, -0.11976790E+01, -0.33911078E+00,  0.47031776E+00,  0.20493877E+01
    1962.,  0.17763310E+02,  0.96890079E+02, -0.11976790E+01, -0.26121439E+00,  0.35723587E+00,  0.16486208E+01
    1963.,  0.17807145E+02,  0.97722111E+02, -0.11976790E+01, -0.18252965E+00,  0.24325792E+00,  0.12439181E+01
    1964.,  0.17851396E+02,  0.98564792E+02, -0.11976790E+01, -0.10737626E+00,  0.13531792E+00,  0.84600297E+00
    1965.,  0.17894052E+02,  0.99419265E+02, -0.11976790E+01, -0.45591723E-01,  0.50143432E-01,  0.48482342E+00
    1966.,  0.17932370E+02,  0.10028595E+03, -0.11976790E+01, -0.11681244E-01,  0.82373713E-02,  0.21947717E+00
    1967.,  0.17963077E+02,  0.10116401E+03, -0.11976790E+01, -0.19693073E-02, -0.10833630E-02,  0.80486833E-01
    1968.,  0.17982913E+02,  0.10205102E+03, -0.11976790E+01, -0.50556733E-03, -0.16004728E-02,  0.28286864E-01
    1969.,  0.17989437E+02,  0.10294289E+03, -0.11976790E+01, -0.39701339E-03, -0.14411098E-02,  0.10761691E-01
    1970.,  0.17981786E+02,  0.10383455E+03, -0.11976790E+01, -0.38704347E-03, -0.13827685E-02,  0.39101618E-02
    1971.,  0.17960970E+02,  0.10472097E+03, -0.11976790E+01, -0.42247729E-03, -0.13235770E-02,  0.11769296E-02
    1972.,  0.17929526E+02,  0.10559819E+03, -0.11976790E+01, -0.45057353E-03, -0.12825146E-02,  0.12930263E-03
    1973.,  0.17890742E+02,  0.10646390E+03, -0.11976790E+01, -0.47711090E-03, -0.12489880E-02, -0.25772632E-03
    1974.,  0.17847866E+02,  0.10731739E+03, -0.11976790E+01, -0.50533207E-03, -0.12240798E-02, -0.41273548E-03
    1975.,  0.17803584E+02,  0.10815917E+03, -0.11976790E+01, -0.53347872E-03, -0.12077762E-02, -0.47935602E-03
    1976.,  0.17759847E+02,  0.10899041E+03, -0.11976790E+01, -0.55639367E-03, -0.11994075E-02, -0.51647108E-03
    1977.,  0.17717908E+02,  0.10981256E+03, -0.11976790E+01, -0.57006824E-03, -0.11971258E-02, -0.54260665E-03
    1978.,  0.16891599E+02,  0.10985472E+03, -0.11976790E+01, -0.57317977E-03, -0.11996234E-02, -0.37002701E-03
    1979.,  0.16056109E+02,  0.10989868E+03, -0.11976790E+01, -0.58328557E-03, -0.11915115E-02, -0.20771765E-03
    1980.,  0.15209961E+02,  0.10994318E+03, -0.11976790E+01, -0.60520467E-03, -0.11752455E-02, -0.68574275E-04
    1981.,  0.14351961E+02,  0.10998623E+03, -0.11976790E+01, -0.64506000E-03, -0.11584814E-02,  0.35810967E-04
    1982.,  0.13481625E+02,  0.11002507E+03, -0.11976790E+01, -0.70899881E-03, -0.11539974E-02,  0.10262028E-03
    1983.,  0.12599704E+02,  0.11005642E+03, -0.11976790E+01, -0.80083284E-03, -0.11794760E-02,  0.13972255E-03
    1984.,  0.11708592E+02,  0.11007694E+03, -0.11976790E+01, -0.91912444E-03, -0.12550950E-02,  0.16167508E-03
    1985.,  0.10812349E+02,  0.11008410E+03, -0.11976790E+01, -0.10550321E-02, -0.13983630E-02,  0.18553930E-03
    1986.,  0.99161063E+01,  0.11007694E+03, -0.11976790E+01, -0.11934106E-02, -0.16178109E-02,  0.22951886E-03
    1987.,  0.90249942E+01,  0.11005642E+03, -0.11976790E+01, -0.13177154E-02, -0.19092895E-02,  0.31087453E-03
    1988.,  0.81430724E+01,  0.11002507E+03, -0.11976790E+01, -0.14157608E-02, -0.22575124E-02,  0.43763194E-03
    1989.,  0.72727372E+01,  0.10998623E+03, -0.11976790E+01, -0.14826258E-02, -0.26414966E-02,  0.59581015E-03
    1990.,  0.64147369E+01,  0.10994318E+03, -0.11976790E+01, -0.15199106E-02, -0.30401461E-02,  0.74227212E-03
    1991.,  0.55685889E+01,  0.10989868E+03, -0.11976790E+01, -0.15333192E-02, -0.34356520E-02,  0.81586827E-03
    1992.,  0.47330993E+01,  0.10985472E+03, -0.11976790E+01, -0.15299302E-02, -0.38151925E-02,  0.77006554E-03
    1993.,  0.39067902E+01,  0.10981256E+03, -0.11976790E+01, -0.15163628E-02, -0.41737903E-02,  0.60848032E-03
    1994.,  0.38648512E+01,  0.10899041E+03, -0.11976790E+01, -0.11778020E-02, -0.41957329E-02,  0.21142606E-03
    1995.,  0.38211139E+01,  0.10815917E+03, -0.11976790E+01, -0.85204613E-03, -0.42288916E-02, -0.28817330E-03
    1996.,  0.37768324E+01,  0.10731739E+03, -0.11976790E+01, -0.53495745E-03, -0.42781037E-02, -0.10169409E-02
    1997.,  0.37339555E+01,  0.10646390E+03, -0.11976790E+01, -0.21810346E-03, -0.43484799E-02, -0.22366931E-02
    1998.,  0.36951723E+01,  0.10559819E+03, -0.11976790E+01,  0.10553589E-03, -0.44479888E-02, -0.44906479E-02
    1999.,  0.36637283E+01,  0.10472097E+03, -0.11976790E+01,  0.46089659E-03, -0.45841261E-02, -0.89671657E-02
    2000.,  0.36429117E+01,  0.10383455E+03, -0.11976790E+01,  0.93995730E-03, -0.47555807E-02, -0.18313982E-01
    2001.,  0.36352605E+01,  0.10294289E+03, -0.11976790E+01,  0.16952708E-02, -0.51307503E-02, -0.40900188E-01
    2002.,  0.36417849E+01,  0.10205102E+03, -0.11976790E+01,  0.46306424E-02, -0.49947395E-02, -0.98491066E-01
    2003.,  0.36616208E+01,  0.10116401E+03, -0.11976790E+01,  0.17173222E-01,  0.18583293E-02, -0.22665020E+00
    2004.,  0.36923275E+01,  0.10028595E+03, -0.11976790E+01,  0.52282977E-01,  0.30465401E-01, -0.45081157E+00
    2005.,  0.37306454E+01,  0.99419265E+02, -0.11976790E+01,  0.11373743E+00,  0.89995292E-01, -0.75461704E+00
    2006.,  0.37733019E+01,  0.98564792E+02, -0.11976790E+01,  0.18876450E+00,  0.16828604E+00, -0.10946071E+01
    2007.,  0.38175525E+01,  0.97722111E+02, -0.11976790E+01,  0.26568052E+00,  0.25019695E+00, -0.14389647E+01
    2008.,  0.38613883E+01,  0.96890079E+02, -0.11976790E+01,  0.34011823E+00,  0.32964393E+00, -0.17756338E+01
    2009.,  0.33123489E+01,  0.95482004E+02, -0.11976790E+01,  0.43789337E+00,  0.43605413E+00, -0.23881814E+01
    2010.,  0.42498489E+01,  0.95482004E+02, -0.11976790E+01,  0.38132092E+00,  0.37966583E+00, -0.20706560E+01
    2011.,  0.51873489E+01,  0.95482004E+02, -0.11976790E+01,  0.32471007E+00,  0.32324543E+00, -0.17548359E+01
    2012.,  0.61248489E+01,  0.95482004E+02, -0.11976790E+01,  0.26905371E+00,  0.25973824E+00, -0.14399097E+01
    2013.,  0.70623489E+01,  0.95482004E+02, -0.11976790E+01,  0.20554901E+00,  0.18731609E+00, -0.11214831E+01
    2014.,  0.79998489E+01,  0.95482004E+02, -0.11976790E+01,  0.14481986E+00,  0.11333888E+00, -0.80579618E+00
    2015.,  0.89373489E+01,  0.95482004E+02, -0.11976790E+01,  0.90936262E-01,  0.42200905E-01, -0.49051490E+00
    2016.,  0.98748489E+01,  0.95482004E+02, -0.11976790E+01,  0.44971110E-01,  0.83898762E-06, -0.17896089E+00
    2017.,  0.10812349E+02,  0.95482004E+02, -0.11976790E+01, -0.78613755E-02,  0.84763822E-06,  0.13131260E+00
    2018.,  0.11749849E+02,  0.95482004E+02, -0.11976790E+01, -0.60693861E-01,  0.85628881E-06,  0.44158609E+00
    2019.,  0.12687349E+02,  0.95482004E+02, -0.11976790E+01, -0.10391336E+00,  0.11981909E+00,  0.74415088E+00
    2020.,  0.13624849E+02,  0.95482004E+02, -0.11976790E+01, -0.15446038E+00,  0.21898809E+00,  0.10316289E+01
    2021.,  0.14562349E+02,  0.95482004E+02, -0.11976790E+01, -0.21059495E+00,  0.27865960E+00,  0.13236319E+01
    2022.,  0.15499849E+02,  0.95482004E+02, -0.11976790E+01, -0.26782041E+00,  0.36781874E+00,  0.16186600E+01
    2023.,  0.16437349E+02,  0.95482004E+02, -0.11976790E+01, -0.32163475E+00,  0.44449479E+00,  0.19244973E+01
    2024.,  0.17374849E+02,  0.95482004E+02, -0.11976790E+01, -0.37365517E+00,  0.52039478E+00,  0.22247343E+01
    2025.,  0.18312349E+02,  0.95482004E+02, -0.11976790E+01, -0.42555147E+00,  0.59436320E+00,  0.25235852E+01
    2026.,  0.18312349E+02,  0.96414817E+02, -0.11976790E+01, -0.33690623E+00,  0.46637534E+00,  0.20598933E+01
    2027.,  0.18312349E+02,  0.97347629E+02, -0.11976790E+01, -0.24273870E+00,  0.32903769E+00,  0.15817601E+01
    2028.,  0.18312349E+02,  0.98280441E+02, -0.11976790E+01, -0.15031931E+00,  0.19438175E+00,  0.11070590E+01
    2029.,  0.18312349E+02,  0.99213254E+02, -0.11976790E+01, -0.68702787E-01,  0.77552730E-01,  0.65883072E+00
    2030.,  0.18312349E+02,  0.10014607E+03, -0.11976790E+01, -0.18090834E-01,  0.11510918E-01,  0.30120229E+00
    2031.,  0.18312349E+02,  0.10107888E+03, -0.11976790E+01, -0.29504131E-02, -0.18336911E-02,  0.10407538E+00
    2032.,  0.18312349E+02,  0.10201169E+03, -0.11976790E+01, -0.65002200E-03, -0.16412810E-02,  0.34741146E-01
    2033.,  0.18312349E+02,  0.10294450E+03, -0.11976790E+01, -0.42181514E-03, -0.14686948E-02,  0.13051123E-01
    2034.,  0.18312349E+02,  0.10387732E+03, -0.11976790E+01, -0.39665487E-03, -0.13649703E-02,  0.47828017E-02
    2035.,  0.18312349E+02,  0.10481013E+03, -0.11976790E+01, -0.43165760E-03, -0.13102272E-02,  0.13976537E-02
    2036.,  0.18312349E+02,  0.10574294E+03, -0.11976790E+01, -0.45960370E-03, -0.12659341E-02,  0.12532862E-03
    2037.,  0.18312349E+02,  0.10667575E+03, -0.11976790E+01, -0.48823486E-03, -0.12305887E-02, -0.34800240E-03
    2038.,  0.18312349E+02,  0.10760857E+03, -0.11976790E+01, -0.51847703E-03, -0.12052883E-02, -0.52964781E-03
    2039.,  0.18312349E+02,  0.10854138E+03, -0.11976790E+01, -0.54655010E-03, -0.11928925E-02, -0.60991406E-03
    2040.,  0.18312349E+02,  0.10947419E+03, -0.11976790E+01, -0.56531963E-03, -0.11906974E-02, -0.65659677E-03
    2041.,  0.18312349E+02,  0.11040700E+03, -0.11976790E+01, -0.57601633E-03, -0.11912097E-02, -0.69381381E-03
    2042.,  0.17374849E+02,  0.11040700E+03, -0.11976790E+01, -0.57548574E-03, -0.11990315E-02, -0.49295284E-03
    2043.,  0.16437349E+02,  0.11040700E+03, -0.11976790E+01, -0.57804177E-03, -0.11979996E-02, -0.30067670E-03
    2044.,  0.15499849E+02,  0.11040700E+03, -0.11976790E+01, -0.59390804E-03, -0.11853427E-02, -0.13059536E-03
    2045.,  0.14562349E+02,  0.11040700E+03, -0.11976790E+01, -0.63341939E-03, -0.11690031E-02,  0.12843762E-05
    2046.,  0.13624849E+02,  0.11040700E+03, -0.11976790E+01, -0.70484172E-03, -0.11631588E-02,  0.87711766E-04
    2047.,  0.12687349E+02,  0.11040700E+03, -0.11976790E+01, -0.81266625E-03, -0.11875175E-02,  0.13607879E-03
    2048.,  0.11749849E+02,  0.11040700E+03, -0.11976790E+01, -0.95483409E-03, -0.12644838E-02,  0.16448881E-03
    2049.,  0.10812349E+02,  0.11040700E+03, -0.11976790E+01, -0.11211324E-02, -0.14136337E-02,  0.19521321E-03
    2050.,  0.98748489E+01,  0.11040700E+03, -0.11976790E+01, -0.12945070E-02, -0.16452325E-02,  0.25229155E-03
    2051.,  0.89373489E+01,  0.11040700E+03, -0.11976790E+01, -0.14556202E-02, -0.19562301E-02,  0.35875885E-03
    2052.,  0.79998489E+01,  0.11040700E+03, -0.11976790E+01, -0.15884566E-02, -0.23313176E-02,  0.52502686E-03
    2053.,  0.70623489E+01,  0.11040700E+03, -0.11976790E+01, -0.16839875E-02, -0.27480071E-02,  0.72967182E-03
    2054.,  0.61248489E+01,  0.11040700E+03, -0.11976790E+01, -0.17409312E-02, -0.31824029E-02,  0.91028541E-03
    2055.,  0.51873489E+01,  0.11040700E+03, -0.11976790E+01, -0.17649577E-02, -0.36133607E-02,  0.98750962E-03
    2056.,  0.42498489E+01,  0.11040700E+03, -0.11976790E+01, -0.17686708E-02, -0.40264286E-02,  0.91906947E-03
    2057.,  0.33123489E+01,  0.11040700E+03, -0.11976790E+01, -0.17676700E-02, -0.44251886E-02,  0.74575525E-03
    2058.,  0.33123489E+01,  0.10947419E+03, -0.11976790E+01, -0.13755342E-02, -0.44240564E-02,  0.27895134E-03
    2059.,  0.33123489E+01,  0.10854138E+03, -0.11976790E+01, -0.99738765E-03, -0.44270935E-02, -0.30462059E-03
    2060.,  0.33123489E+01,  0.10760857E+03, -0.11976790E+01, -0.63768776E-03, -0.44480272E-02, -0.11729396E-02
    2061.,  0.33123489E+01,  0.10667575E+03, -0.11976790E+01, -0.28718944E-03, -0.44976753E-02, -0.26394640E-02
    2062.,  0.33123489E+01,  0.10574294E+03, -0.11976790E+01,  0.67103069E-04, -0.45835702E-02, -0.53827507E-02
    2063.,  0.33123489E+01,  0.10481013E+03, -0.11976790E+01,  0.44665396E-03, -0.47223461E-02, -0.10807928E-01
    2064.,  0.33123489E+01,  0.10387732E+03, -0.11976790E+01,  0.97984058E-03, -0.49446912E-02, -0.21988367E-01
    2065.,  0.33123489E+01,  0.10294450E+03, -0.11976790E+01,  0.19842295E-02, -0.54812532E-02, -0.49521255E-01
    2066.,  0.33123489E+01,  0.10201169E+03, -0.11976790E+01,  0.59693719E-02, -0.60801947E-02, -0.12367928E+00
    2067.,  0.33123489E+01,  0.10107888E+03, -0.11976790E+01,  0.23207368E-01,  0.25432728E-02, -0.29376260E+00
    2068.,  0.33123489E+01,  0.10014607E+03, -0.11976790E+01,  0.71651079E-01,  0.44704928E-01, -0.58741289E+00
    2069.,  0.33123489E+01,  0.99213254E+02, -0.11976790E+01,  0.15172967E+00,  0.12682136E+00, -0.96492738E+00
    2070.,  0.33123489E+01,  0.98280441E+02, -0.11976790E+01,  0.24242522E+00,  0.22348217E+00, -0.13683717E+01
    2071.,  0.33123489E+01,  0.97347629E+02, -0.11976790E+01,  0.33330012E+00,  0.32094814E+00, -0.17733368E+01
    2072.,  0.33123489E+01,  0.96414817E+02, -0.11976790E+01,  0.42172978E+00,  0.41472983E+00, -0.21729721E+01
    2073.,  0.33123489E+01,  0.95482004E+02, -0.19237207E+01,  0.67564444E+00,  0.33448587E+00, -0.23404836E+01
    2074.,  0.42498489E+01,  0.95482004E+02, -0.19237207E+01,  0.61875248E+00,  0.27878977E+00, -0.20236284E+01
    2075.,  0.51873489E+01,  0.95482004E+02, -0.19237207E+01,  0.56235517E+00,  0.22000957E+00, -0.17075780E+01
    2076.,  0.61248489E+01,  0.95482004E+02, -0.19237207E+01,  0.49823614E+00,  0.10362725E+00, -0.13836113E+01
    2077.,  0.70623489E+01,  0.95482004E+02, -0.19237207E+01,  0.44375815E+00,  0.77376085E-06, -0.10688655E+01
    2078.,  0.79998489E+01,  0.95482004E+02, -0.19237207E+01,  0.39092566E+00,  0.78241141E-06, -0.75859205E+00
    2079.,  0.89373489E+01,  0.95482004E+02, -0.19237207E+01,  0.33809318E+00,  0.79106201E-06, -0.44831856E+00
    2080.,  0.98748489E+01,  0.95482004E+02, -0.19237207E+01,  0.28526069E+00,  0.79971262E-06, -0.13804507E+00
    2081.,  0.10812349E+02,  0.95482004E+02, -0.19237207E+01,  0.23242821E+00,  0.80836320E-06,  0.17222842E+00
    2082.,  0.11749849E+02,  0.95482004E+02, -0.19237207E+01,  0.17959572E+00,  0.81701378E-06,  0.48250192E+00
    2083.,  0.12687349E+02,  0.95482004E+02, -0.19237207E+01,  0.12676323E+00,  0.82566438E-06,  0.79277541E+00
    2084.,  0.13624849E+02,  0.95482004E+02, -0.19237207E+01,  0.73930749E-01,  0.83431499E-06,  0.11030489E+01
    2085.,  0.14562349E+02,  0.95482004E+02, -0.19237207E+01,  0.21098263E-01,  0.84296559E-06,  0.14133224E+01
    2086.,  0.15499849E+02,  0.95482004E+02, -0.19237207E+01, -0.30315575E-01,  0.91552355E-01,  0.17191995E+01
    2087.,  0.16437349E+02,  0.95482004E+02, -0.19237207E+01, -0.83409110E-01,  0.18796460E+00,  0.20150814E+01
    2088.,  0.17374849E+02,  0.95482004E+02, -0.19237207E+01, -0.13747800E+00,  0.24804543E+00,  0.23205942E+01
    2089.,  0.18312349E+02,  0.95482004E+02, -0.19237207E+01, -0.19109389E+00,  0.30076493E+00,  0.26280487E+01
    2090.,  0.33123489E+01,  0.95482004E+02, -0.26497623E+01,  0.90093053E+00,  0.13537101E+00, -0.22757147E+01
    2091.,  0.42498489E+01,  0.95482004E+02, -0.26497623E+01,  0.84637954E+00,  0.10087148E+00, -0.19640379E+01
    2092.,  0.51873489E+01,  0.95482004E+02, -0.26497623E+01,  0.79131890E+00,  0.58154951E-01, -0.16507603E+01
    2093.,  0.61248489E+01,  0.95482004E+02, -0.26497623E+01,  0.73688022E+00,  0.72583522E-06, -0.13382232E+01
    2094.,  0.70623489E+01,  0.95482004E+02, -0.26497623E+01,  0.68404773E+00,  0.73448581E-06, -0.10279497E+01
    2095.,  0.79998489E+01,  0.95482004E+02, -0.26497623E+01,  0.63121525E+00,  0.74313641E-06, -0.71767623E+00
    2096.,  0.89373489E+01,  0.95482004E+02, -0.26497623E+01,  0.57838276E+00,  0.75178700E-06, -0.40740273E+00
    2097.,  0.98748489E+01,  0.95482004E+02, -0.26497623E+01,  0.52555027E+00,  0.76043757E-06, -0.97129243E-01
    2098.,  0.10812349E+02,  0.95482004E+02, -0.26497623E+01,  0.47271779E+00,  0.76908818E-06,  0.21314425E+00
    2099.,  0.11749849E+02,  0.95482004E+02, -0.26497623E+01,  0.41988530E+00,  0.77773878E-06,  0.52341774E+00
    2100.,  0.12687349E+02,  0.95482004E+02, -0.26497623E+01,  0.36705282E+00,  0.78638935E-06,  0.83369123E+00
    2101.,  0.13624849E+02,  0.95482004E+02, -0.26497623E+01,  0.31422033E+00,  0.79503996E-06,  0.11439647E+01
    2102.,  0.14562349E+02,  0.95482004E+02, -0.26497623E+01,  0.26138784E+00,  0.80369055E-06,  0.14542382E+01
    2103.,  0.15499849E+02,  0.95482004E+02, -0.26497623E+01,  0.20855536E+00,  0.81234113E-06,  0.17645117E+01
    2104.,  0.16437349E+02,  0.95482004E+02, -0.26497623E+01,  0.15608225E+00,  0.44358077E-01,  0.20726213E+01
    2105.,  0.17374849E+02,  0.95482004E+02, -0.26497623E+01,  0.10323635E+00,  0.94923272E-01,  0.23796206E+01
    2106.,  0.18312349E+02,  0.95482004E+02, -0.26497623E+01,  0.49097337E-01,  0.11906370E+00,  0.26915975E+01
    2107.,  0.33123489E+01,  0.95482004E+02, -0.33758040E+01,  0.11355874E+01,  0.17563751E-01, -0.22274477E+01
    2108.,  0.42498489E+01,  0.95482004E+02, -0.33758040E+01,  0.10828348E+01,  0.66925899E-06, -0.19178544E+01
    2109.,  0.51873489E+01,  0.95482004E+02, -0.33758040E+01,  0.10300023E+01,  0.67790960E-06, -0.16075809E+01
    2110.,  0.61248489E+01,  0.95482004E+02, -0.33758040E+01,  0.97716980E+00,  0.68656019E-06, -0.12973074E+01
    2111.,  0.70623489E+01,  0.95482004E+02, -0.33758040E+01,  0.92433731E+00,  0.69521078E-06, -0.98703389E+00
    2112.,  0.79998489E+01,  0.95482004E+02, -0.33758040E+01,  0.87150483E+00,  0.70386136E-06, -0.67676040E+00
    2113.,  0.89373489E+01,  0.95482004E+02, -0.33758040E+01,  0.81867234E+00,  0.71251197E-06, -0.36648691E+00
    2114.,  0.98748489E+01,  0.95482004E+02, -0.33758040E+01,  0.76583986E+00,  0.72116255E-06, -0.56213417E-01
    2115.,  0.10812349E+02,  0.95482004E+02, -0.33758040E+01,  0.71300737E+00,  0.72981314E-06,  0.25406007E+00
    2116.,  0.11749849E+02,  0.95482004E+02, -0.33758040E+01,  0.66017488E+00,  0.73846375E-06,  0.56433357E+00
    2117.,  0.12687349E+02,  0.95482004E+02, -0.33758040E+01,  0.60734240E+00,  0.74711434E-06,  0.87460706E+00
    2118.,  0.13624849E+02,  0.95482004E+02, -0.33758040E+01,  0.55450991E+00,  0.75576493E-06,  0.11848805E+01
    2119.,  0.14562349E+02,  0.95482004E+02, -0.33758040E+01,  0.50167743E+00,  0.76441553E-06,  0.14951540E+01
    2120.,  0.15499849E+02,  0.95482004E+02, -0.33758040E+01,  0.44884494E+00,  0.77306611E-06,  0.18054275E+01
    2121.,  0.16437349E+02,  0.95482004E+02, -0.33758040E+01,  0.39601245E+00,  0.78171672E-06,  0.21157010E+01
    2122.,  0.17374849E+02,  0.95482004E+02, -0.33758040E+01,  0.34349105E+00,  0.21537346E-01,  0.24253562E+01
    2123.,  0.18312349E+02,  0.95482004E+02, -0.33758040E+01,  0.29021762E+00,  0.31546792E-01,  0.27361762E+01
    2124.,  0.33123489E+01,  0.95482004E+02, -0.41018457E+01,  0.13759176E+01, -0.18012619E-02, -0.21870739E+01
    2125.,  0.42498489E+01,  0.95482004E+02, -0.41018457E+01,  0.13231244E+01,  0.62998397E-06, -0.18769385E+01
    2126.,  0.51873489E+01,  0.95482004E+02, -0.41018457E+01,  0.12702919E+01,  0.63863457E-06, -0.15666650E+01
    2127.,  0.61248489E+01,  0.95482004E+02, -0.41018457E+01,  0.12174594E+01,  0.64728515E-06, -0.12563916E+01
    2128.,  0.70623489E+01,  0.95482004E+02, -0.41018457E+01,  0.11646269E+01,  0.65593577E-06, -0.94611807E+00
    2129.,  0.79998489E+01,  0.95482004E+02, -0.41018457E+01,  0.11117944E+01,  0.66458635E-06, -0.63584458E+00
    2130.,  0.89373489E+01,  0.95482004E+02, -0.41018457E+01,  0.10589619E+01,  0.67323695E-06, -0.32557108E+00
    2131.,  0.98748489E+01,  0.95482004E+02, -0.41018457E+01,  0.10061294E+01,  0.68188754E-06, -0.15297592E-01
    2132.,  0.10812349E+02,  0.95482004E+02, -0.41018457E+01,  0.95329695E+00,  0.69053813E-06,  0.29497590E+00
    2133.,  0.11749849E+02,  0.95482004E+02, -0.41018457E+01,  0.90046447E+00,  0.69918872E-06,  0.60524939E+00
    2134.,  0.12687349E+02,  0.95482004E+02, -0.41018457E+01,  0.84763198E+00,  0.70783932E-06,  0.91552288E+00
    2135.,  0.13624849E+02,  0.95482004E+02, -0.41018457E+01,  0.79479949E+00,  0.71648992E-06,  0.12257964E+01
    2136.,  0.14562349E+02,  0.95482004E+02, -0.41018457E+01,  0.74196701E+00,  0.72514050E-06,  0.15360699E+01
    2137.,  0.15499849E+02,  0.95482004E+02, -0.41018457E+01,  0.68913452E+00,  0.73379109E-06,  0.18463434E+01
    2138.,  0.16437349E+02,  0.95482004E+02, -0.41018457E+01,  0.63630204E+00,  0.74244168E-06,  0.21566168E+01
    2139.,  0.17374849E+02,  0.95482004E+02, -0.41018457E+01,  0.58346955E+00,  0.75109229E-06,  0.24668903E+01
    2140.,  0.18312349E+02,  0.95482004E+02, -0.41018457E+01,  0.53073115E+00,  0.35839730E-02,  0.27771745E+01
    2141.,  0.33123489E+01,  0.95482004E+02, -0.48278873E+01,  0.16162464E+01,  0.58205835E-06, -0.21462962E+01
    2142.,  0.42498489E+01,  0.95482004E+02, -0.48278873E+01,  0.15634139E+01,  0.59070894E-06, -0.18360227E+01
    2143.,  0.51873489E+01,  0.95482004E+02, -0.48278873E+01,  0.15105814E+01,  0.59935955E-06, -0.15257492E+01
    2144.,  0.61248489E+01,  0.95482004E+02, -0.48278873E+01,  0.14577490E+01,  0.60801014E-06, -0.12154757E+01
    2145.,  0.70623489E+01,  0.95482004E+02, -0.48278873E+01,  0.14049165E+01,  0.61666074E-06, -0.90520224E+00
    2146.,  0.79998489E+01,  0.95482004E+02, -0.48278873E+01,  0.13520840E+01,  0.62531132E-06, -0.59492875E+00
    2147.,  0.89373489E+01,  0.95482004E+02, -0.48278873E+01,  0.12992515E+01,  0.63396193E-06, -0.28465526E+00
    2148.,  0.98748489E+01,  0.95482004E+02, -0.48278873E+01,  0.12464190E+01,  0.64261251E-06,  0.25618233E-01
    2149.,  0.10812349E+02,  0.95482004E+02, -0.48278873E+01,  0.11935865E+01,  0.65126311E-06,  0.33589172E+00
    2150.,  0.11749849E+02,  0.95482004E+02, -0.48278873E+01,  0.11407540E+01,  0.65991370E-06,  0.64616522E+00
    2151.,  0.12687349E+02,  0.95482004E+02, -0.48278873E+01,  0.10879216E+01,  0.66856430E-06,  0.95643871E+00
    2152.,  0.13624849E+02,  0.95482004E+02, -0.48278873E+01,  0.10350891E+01,  0.67721490E-06,  0.12667122E+01
    2153.,  0.14562349E+02,  0.95482004E+02, -0.48278873E+01,  0.98225659E+00,  0.68586548E-06,  0.15769857E+01
    2154.,  0.15499849E+02,  0.95482004E+02, -0.48278873E+01,  0.92942410E+00,  0.69451607E-06,  0.18872592E+01
    2155.,  0.16437349E+02,  0.95482004E+02, -0.48278873E+01,  0.87659162E+00,  0.70316667E-06,  0.21975327E+01
    2156.,  0.17374849E+02,  0.95482004E+02, -0.48278873E+01,  0.82375913E+00,  0.71181726E-06,  0.25078062E+01
    2157.,  0.18312349E+02,  0.95482004E+02, -0.48278873E+01,  0.77092665E+00,  0.72046786E-06,  0.28180797E+01
    2158.,  0.33123489E+01,  0.95482004E+02, -0.55539290E+01,  0.18565360E+01,  0.54278333E-06, -0.21053804E+01
    2159.,  0.42498489E+01,  0.95482004E+02, -0.55539290E+01,  0.18037035E+01,  0.55143394E-06, -0.17951069E+01
    2160.,  0.51873489E+01,  0.95482004E+02, -0.55539290E+01,  0.17508710E+01,  0.56008451E-06, -0.14848334E+01
    2161.,  0.61248489E+01,  0.95482004E+02, -0.55539290E+01,  0.16980385E+01,  0.56873512E-06, -0.11745599E+01
    2162.,  0.70623489E+01,  0.95482004E+02, -0.55539290E+01,  0.16452061E+01,  0.57738570E-06, -0.86428642E+00
    2163.,  0.79998489E+01,  0.95482004E+02, -0.55539290E+01,  0.15923736E+01,  0.58603631E-06, -0.55401292E+00
    2164.,  0.89373489E+01,  0.95482004E+02, -0.55539290E+01,  0.15395411E+01,  0.59468689E-06, -0.24373943E+00
    2165.,  0.98748489E+01,  0.95482004E+02, -0.55539290E+01,  0.14867086E+01,  0.60333750E-06,  0.66534058E-01
    2166.,  0.10812349E+02,  0.95482004E+02, -0.55539290E+01,  0.14338761E+01,  0.61198808E-06,  0.37680755E+00
    2167.,  0.11749849E+02,  0.95482004E+02, -0.55539290E+01,  0.13810436E+01,  0.62063868E-06,  0.68708104E+00
    2168.,  0.12687349E+02,  0.95482004E+02, -0.55539290E+01,  0.13282111E+01,  0.62928927E-06,  0.99735453E+00
    2169.,  0.13624849E+02,  0.95482004E+02, -0.55539290E+01,  0.12753787E+01,  0.63793987E-06,  0.13076280E+01
    2170.,  0.14562349E+02,  0.95482004E+02, -0.55539290E+01,  0.12225462E+01,  0.64659044E-06,  0.16179015E+01
    2171.,  0.15499849E+02,  0.95482004E+02, -0.55539290E+01,  0.11697137E+01,  0.65524105E-06,  0.19281750E+01
    2172.,  0.16437349E+02,  0.95482004E+02, -0.55539290E+01,  0.11168812E+01,  0.66389165E-06,  0.22384485E+01
    2173.,  0.17374849E+02,  0.95482004E+02, -0.55539290E+01,  0.10640487E+01,  0.67254225E-06,  0.25487220E+01
    2174.,  0.18312349E+02,  0.95482004E+02, -0.55539290E+01,  0.10112162E+01,  0.68119284E-06,  0.28589955E+01
    2175.,  0.33123489E+01,  0.95482004E+02, -0.62799707E+01,  0.20968256E+01,  0.50350830E-06, -0.20644646E+01
    2176.,  0.42498489E+01,  0.95482004E+02, -0.62799707E+01,  0.20439931E+01,  0.51215889E-06, -0.17541911E+01
    2177.,  0.51873489E+01,  0.95482004E+02, -0.62799707E+01,  0.19911606E+01,  0.52080951E-06, -0.14439176E+01
    2178.,  0.61248489E+01,  0.95482004E+02, -0.62799707E+01,  0.19383281E+01,  0.52946010E-06, -0.11336441E+01
    2179.,  0.70623489E+01,  0.95482004E+02, -0.62799707E+01,  0.18854956E+01,  0.53811069E-06, -0.82337059E+00
    2180.,  0.79998489E+01,  0.95482004E+02, -0.62799707E+01,  0.18326632E+01,  0.54676129E-06, -0.51309710E+00
    2181.,  0.89373489E+01,  0.95482004E+02, -0.62799707E+01,  0.17798307E+01,  0.55541188E-06, -0.20282361E+00
    2182.,  0.98748489E+01,  0.95482004E+02, -0.62799707E+01,  0.17269982E+01,  0.56406246E-06,  0.10744988E+00
    2183.,  0.10812349E+02,  0.95482004E+02, -0.62799707E+01,  0.16741657E+01,  0.57271306E-06,  0.41772338E+00
    2184.,  0.11749849E+02,  0.95482004E+02, -0.62799707E+01,  0.16213332E+01,  0.58136367E-06,  0.72799687E+00
    2185.,  0.12687349E+02,  0.95482004E+02, -0.62799707E+01,  0.15685007E+01,  0.59001425E-06,  0.10382704E+01
    2186.,  0.13624849E+02,  0.95482004E+02, -0.62799707E+01,  0.15156682E+01,  0.59866484E-06,  0.13485438E+01
    2187.,  0.14562349E+02,  0.95482004E+02, -0.62799707E+01,  0.14628358E+01,  0.60731544E-06,  0.16588173E+01
    2188.,  0.15499849E+02,  0.95482004E+02, -0.62799707E+01,  0.14100033E+01,  0.61596603E-06,  0.19690908E+01
    2189.,  0.16437349E+02,  0.95482004E+02, -0.62799707E+01,  0.13571708E+01,  0.62461663E-06,  0.22793643E+01
    2190.,  0.17374849E+02,  0.95482004E+02, -0.62799707E+01,  0.13043383E+01,  0.63326723E-06,  0.25896378E+01
    2191.,  0.18312349E+02,  0.95482004E+02, -0.62799707E+01,  0.12515058E+01,  0.64191781E-06,  0.28999113E+01
    2192.,  0.33123489E+01,  0.95482004E+02, -0.70060123E+01,  0.23371152E+01,  0.46423329E-06, -0.20235487E+01
    2193.,  0.42498489E+01,  0.95482004E+02, -0.70060123E+01,  0.22842827E+01,  0.47288390E-06, -0.17132752E+01
    2194.,  0.51873489E+01,  0.95482004E+02, -0.70060123E+01,  0.22314502E+01,  0.48153449E-06, -0.14030017E+01
    2195.,  0.61248489E+01,  0.95482004E+02, -0.70060123E+01,  0.21786177E+01,  0.49018507E-06, -0.10927283E+01
    2196.,  0.70623489E+01,  0.95482004E+02, -0.70060123E+01,  0.21257852E+01,  0.49883566E-06, -0.78245477E+00
    2197.,  0.79998489E+01,  0.95482004E+02, -0.70060123E+01,  0.20729527E+01,  0.50748626E-06, -0.47218127E+00
    2198.,  0.89373489E+01,  0.95482004E+02, -0.70060123E+01,  0.20201203E+01,  0.51613686E-06, -0.16190778E+00
    2199.,  0.98748489E+01,  0.95482004E+02, -0.70060123E+01,  0.19672878E+01,  0.52478744E-06,  0.14836571E+00
    2200.,  0.10812349E+02,  0.95482004E+02, -0.70060123E+01,  0.19144553E+01,  0.53343804E-06,  0.45863920E+00
    2201.,  0.11749849E+02,  0.95482004E+02, -0.70060123E+01,  0.18616228E+01,  0.54208864E-06,  0.76891269E+00
    2202.,  0.12687349E+02,  0.95482004E+02, -0.70060123E+01,  0.18087903E+01,  0.55073923E-06,  0.10791862E+01
    2203.,  0.13624849E+02,  0.95482004E+02, -0.70060123E+01,  0.17559578E+01,  0.55938983E-06,  0.13894597E+01
    2204.,  0.14562349E+02,  0.95482004E+02, -0.70060123E+01,  0.17031253E+01,  0.56804041E-06,  0.16997332E+01
    2205.,  0.15499849E+02,  0.95482004E+02, -0.70060123E+01,  0.16502928E+01,  0.57669101E-06,  0.20100067E+01
    2206.,  0.16437349E+02,  0.95482004E+02, -0.70060123E+01,  0.15974604E+01,  0.58534160E-06,  0.23202801E+01
    2207.,  0.17374849E+02,  0.95482004E+02, -0.70060123E+01,  0.15446279E+01,  0.59399221E-06,  0.26305536E+01
    2208.,  0.18312349E+02,  0.95482004E+02, -0.70060123E+01,  0.14917954E+01,  0.60264279E-06,  0.29408271E+01
    2209.,  0.33123489E+01,  0.95482004E+02, -0.77320540E+01,  0.25774047E+01,  0.42495827E-06, -0.19826329E+01
    2210.,  0.42498489E+01,  0.95482004E+02, -0.77320540E+01,  0.25245723E+01,  0.43360886E-06, -0.16723594E+01
    2211.,  0.51873489E+01,  0.95482004E+02, -0.77320540E+01,  0.24717398E+01,  0.44225947E-06, -0.13620859E+01
    2212.,  0.61248489E+01,  0.95482004E+02, -0.77320540E+01,  0.24189073E+01,  0.45091006E-06, -0.10518124E+01
    2213.,  0.70623489E+01,  0.95482004E+02, -0.77320540E+01,  0.23660748E+01,  0.45956065E-06, -0.74153894E+00
    2214.,  0.79998489E+01,  0.95482004E+02, -0.77320540E+01,  0.23132423E+01,  0.46821124E-06, -0.43126545E+00
    2215.,  0.89373489E+01,  0.95482004E+02, -0.77320540E+01,  0.22604098E+01,  0.47686183E-06, -0.12099196E+00
    2216.,  0.98748489E+01,  0.95482004E+02, -0.77320540E+01,  0.22075773E+01,  0.48551242E-06,  0.18928153E+00
    2217.,  0.10812349E+02,  0.95482004E+02, -0.77320540E+01,  0.21547449E+01,  0.49416302E-06,  0.49955503E+00
    2218.,  0.11749849E+02,  0.95482004E+02, -0.77320540E+01,  0.21019124E+01,  0.50281362E-06,  0.80982852E+00
    2219.,  0.12687349E+02,  0.95482004E+02, -0.77320540E+01,  0.20490799E+01,  0.51146420E-06,  0.11201020E+01
    2220.,  0.13624849E+02,  0.95482004E+02, -0.77320540E+01,  0.19962474E+01,  0.52011480E-06,  0.14303755E+01
    2221.,  0.14562349E+02,  0.95482004E+02, -0.77320540E+01,  0.19434149E+01,  0.52876538E-06,  0.17406490E+01
    2222.,  0.15499849E+02,  0.95482004E+02, -0.77320540E+01,  0.18905824E+01,  0.53741598E-06,  0.20509225E+01
    2223.,  0.16437349E+02,  0.95482004E+02, -0.77320540E+01,  0.18377499E+01,  0.54606658E-06,  0.23611960E+01
    2224.,  0.17374849E+02,  0.95482004E+02, -0.77320540E+01,  0.17849175E+01,  0.55471717E-06,  0.26714695E+01
    2225.,  0.18312349E+02,  0.95482004E+02, -0.77320540E+01,  0.17320850E+01,  0.56336777E-06,  0.29817430E+01
    2226.,  0.33123489E+01,  0.95482004E+02, -0.84580957E+01,  0.28176943E+01,  0.38568324E-06, -0.19417171E+01
    2227.,  0.42498489E+01,  0.95482004E+02, -0.84580957E+01,  0.27648618E+01,  0.39433384E-06, -0.16314436E+01
    2228.,  0.51873489E+01,  0.95482004E+02, -0.84580957E+01,  0.27120294E+01,  0.40298443E-06, -0.13211701E+01
    2229.,  0.61248489E+01,  0.95482004E+02, -0.84580957E+01,  0.26591969E+01,  0.41163503E-06, -0.10108966E+01
    2230.,  0.70623489E+01,  0.95482004E+02, -0.84580957E+01,  0.26063644E+01,  0.42028562E-06, -0.70062312E+00
    2231.,  0.79998489E+01,  0.95482004E+02, -0.84580957E+01,  0.25535319E+01,  0.42893622E-06, -0.39034962E+00
    2232.,  0.89373489E+01,  0.95482004E+02, -0.84580957E+01,  0.25006994E+01,  0.43758682E-06, -0.80076132E-01
    2233.,  0.98748489E+01,  0.95482004E+02, -0.84580957E+01,  0.24478669E+01,  0.44623739E-06,  0.23019736E+00
    2234.,  0.10812349E+02,  0.95482004E+02, -0.84580957E+01,  0.23950344E+01,  0.45488800E-06,  0.54047085E+00
    2235.,  0.11749849E+02,  0.95482004E+02, -0.84580957E+01,  0.23422020E+01,  0.46353858E-06,  0.85074434E+00
    2236.,  0.12687349E+02,  0.95482004E+02, -0.84580957E+01,  0.22893695E+01,  0.47218918E-06,  0.11610178E+01
    2237.,  0.13624849E+02,  0.95482004E+02, -0.84580957E+01,  0.22365370E+01,  0.48083977E-06,  0.14712913E+01
    2238.,  0.14562349E+02,  0.95482004E+02, -0.84580957E+01,  0.21837045E+01,  0.48949036E-06,  0.17815648E+01
    2239.,  0.15499849E+02,  0.95482004E+02, -0.84580957E+01,  0.21308720E+01,  0.49814096E-06,  0.20918383E+01
    2240.,  0.16437349E+02,  0.95482004E+02, -0.84580957E+01,  0.20780395E+01,  0.50679156E-06,  0.24021118E+01
    2241.,  0.17374849E+02,  0.95482004E+02, -0.84580957E+01,  0.20252070E+01,  0.51544215E-06,  0.27123853E+01
    2242.,  0.18312349E+02,  0.95482004E+02, -0.84580957E+01,  0.19723746E+01,  0.52409274E-06,  0.30226588E+01
    2243.,  0.33123489E+01,  0.95482004E+02, -0.91841373E+01,  0.30579839E+01,  0.34640823E-06, -0.19008013E+01
    2244.,  0.42498489E+01,  0.95482004E+02, -0.91841373E+01,  0.30051514E+01,  0.35505882E-06, -0.15905278E+01
    2245.,  0.51873489E+01,  0.95482004E+02, -0.91841373E+01,  0.29523189E+01,  0.36370942E-06, -0.12802543E+01
    2246.,  0.61248489E+01,  0.95482004E+02, -0.91841373E+01,  0.28994865E+01,  0.37236000E-06, -0.96998078E+00
    2247.,  0.70623489E+01,  0.95482004E+02, -0.91841373E+01,  0.28466540E+01,  0.38101060E-06, -0.65970729E+00
    2248.,  0.79998489E+01,  0.95482004E+02, -0.91841373E+01,  0.27938215E+01,  0.38966119E-06, -0.34943380E+00
    2249.,  0.89373489E+01,  0.95482004E+02, -0.91841373E+01,  0.27409890E+01,  0.39831180E-06, -0.39160307E-01
    2250.,  0.98748489E+01,  0.95482004E+02, -0.91841373E+01,  0.26881565E+01,  0.40696238E-06,  0.27111318E+00
    2251.,  0.10812349E+02,  0.95482004E+02, -0.91841373E+01,  0.26353240E+01,  0.41561297E-06,  0.58138668E+00
    2252.,  0.11749849E+02,  0.95482004E+02, -0.91841373E+01,  0.25824915E+01,  0.42426356E-06,  0.89166017E+00
    2253.,  0.12687349E+02,  0.95482004E+02, -0.91841373E+01,  0.25296591E+01,  0.43291416E-06,  0.12019337E+01
    2254.,  0.13624849E+02,  0.95482004E+02, -0.91841373E+01,  0.24768266E+01,  0.44156476E-06,  0.15122072E+01
    2255.,  0.14562349E+02,  0.95482004E+02, -0.91841373E+01,  0.24239941E+01,  0.45021534E-06,  0.18224806E+01
    2256.,  0.15499849E+02,  0.95482004E+02, -0.91841373E+01,  0.23711616E+01,  0.45886594E-06,  0.21327541E+01
    2257.,  0.16437349E+02,  0.95482004E+02, -0.91841373E+01,  0.23183291E+01,  0.46751654E-06,  0.24430276E+01
    2258.,  0.17374849E+02,  0.95482004E+02, -0.91841373E+01,  0.22654966E+01,  0.47616714E-06,  0.27533011E+01
    2259.,  0.18312349E+02,  0.95482004E+02, -0.91841373E+01,  0.22126641E+01,  0.48481772E-06,  0.30635746E+01
    2260.,  0.33123489E+01,  0.95482004E+02, -0.99101790E+01,  0.32982735E+01,  0.30713320E-06, -0.18598854E+01
    2261.,  0.42498489E+01,  0.95482004E+02, -0.99101790E+01,  0.32454410E+01,  0.31578380E-06, -0.15496119E+01
    2262.,  0.51873489E+01,  0.95482004E+02, -0.99101790E+01,  0.31926085E+01,  0.32443440E-06, -0.12393384E+01
    2263.,  0.61248489E+01,  0.95482004E+02, -0.99101790E+01,  0.31397760E+01,  0.33308498E-06, -0.92906496E+00
    2264.,  0.70623489E+01,  0.95482004E+02, -0.99101790E+01,  0.30869435E+01,  0.34173558E-06, -0.61879147E+00
    2265.,  0.79998489E+01,  0.95482004E+02, -0.99101790E+01,  0.30341111E+01,  0.35038617E-06, -0.30851797E+00
    2266.,  0.89373489E+01,  0.95482004E+02, -0.99101790E+01,  0.29812786E+01,  0.35903676E-06,  0.17555181E-02
    2267.,  0.98748489E+01,  0.95482004E+02, -0.99101790E+01,  0.29284461E+01,  0.36768735E-06,  0.31202901E+00
    2268.,  0.10812349E+02,  0.95482004E+02, -0.99101790E+01,  0.28756136E+01,  0.37633796E-06,  0.62230250E+00
    2269.,  0.11749849E+02,  0.95482004E+02, -0.99101790E+01,  0.28227811E+01,  0.38498854E-06,  0.93257599E+00
    2270.,  0.12687349E+02,  0.95482004E+02, -0.99101790E+01,  0.27699486E+01,  0.39363914E-06,  0.12428495E+01
    2271.,  0.13624849E+02,  0.95482004E+02, -0.99101790E+01,  0.27171161E+01,  0.40228973E-06,  0.15531230E+01
    2272.,  0.14562349E+02,  0.95482004E+02, -0.99101790E+01,  0.26642837E+01,  0.41094033E-06,  0.18633965E+01
    2273.,  0.15499849E+02,  0.95482004E+02, -0.99101790E+01,  0.26114512E+01,  0.41959091E-06,  0.21736700E+01
    2274.,  0.16437349E+02,  0.95482004E+02, -0.99101790E+01,  0.25586187E+01,  0.42824152E-06,  0.24839435E+01
    2275.,  0.17374849E+02,  0.95482004E+02, -0.99101790E+01,  0.25057862E+01,  0.43689212E-06,  0.27942169E+01
    2276.,  0.18312349E+02,  0.95482004E+02, -0.99101790E+01,  0.24529537E+01,  0.44554271E-06,  0.31044904E+01
    2277.,  0.33123489E+01,  0.95482004E+02, -0.10636221E+02,  0.35385631E+01,  0.26785817E-06, -0.18189696E+01
    2278.,  0.42498489E+01,  0.95482004E+02, -0.10636221E+02,  0.34857306E+01,  0.27650878E-06, -0.15086961E+01
    2279.,  0.51873489E+01,  0.95482004E+02, -0.10636221E+02,  0.34328981E+01,  0.28515937E-06, -0.11984226E+01
    2280.,  0.61248489E+01,  0.95482004E+02, -0.10636221E+02,  0.33800656E+01,  0.29380996E-06, -0.88814913E+00
    2281.,  0.70623489E+01,  0.95482004E+02, -0.10636221E+02,  0.33272331E+01,  0.30246055E-06, -0.57787564E+00
    2282.,  0.79998489E+01,  0.95482004E+02, -0.10636221E+02,  0.32744006E+01,  0.31111115E-06, -0.26760215E+00
    2283.,  0.89373489E+01,  0.95482004E+02, -0.10636221E+02,  0.32215682E+01,  0.31976174E-06,  0.42671343E-01
    2284.,  0.98748489E+01,  0.95482004E+02, -0.10636221E+02,  0.31687357E+01,  0.32841234E-06,  0.35294484E+00
    2285.,  0.10812349E+02,  0.95482004E+02, -0.10636221E+02,  0.31159032E+01,  0.33706292E-06,  0.66321833E+00
    2286.,  0.11749849E+02,  0.95482004E+02, -0.10636221E+02,  0.30630707E+01,  0.34571353E-06,  0.97349182E+00
    2287.,  0.12687349E+02,  0.95482004E+02, -0.10636221E+02,  0.30102382E+01,  0.35436412E-06,  0.12837653E+01
    2288.,  0.13624849E+02,  0.95482004E+02, -0.10636221E+02,  0.29574057E+01,  0.36301470E-06,  0.15940388E+01
    2289.,  0.14562349E+02,  0.95482004E+02, -0.10636221E+02,  0.29045732E+01,  0.37166531E-06,  0.19043123E+01
    2290.,  0.15499849E+02,  0.95482004E+02, -0.10636221E+02,  0.28517408E+01,  0.38031590E-06,  0.22145858E+01
    2291.,  0.16437349E+02,  0.95482004E+02, -0.10636221E+02,  0.27989083E+01,  0.38896650E-06,  0.25248593E+01
    2292.,  0.17374849E+02,  0.95482004E+02, -0.10636221E+02,  0.27460758E+01,  0.39761709E-06,  0.28351328E+01
    2293.,  0.18312349E+02,  0.95482004E+02, -0.10636221E+02,  0.26932433E+01,  0.40626768E-06,  0.31454063E+01
    2294.,  0.33123489E+01,  0.95482004E+02, -0.11362262E+02,  0.37788527E+01,  0.22858315E-06, -0.17780538E+01
    2295.,  0.42498489E+01,  0.95482004E+02, -0.11362262E+02,  0.37260202E+01,  0.23723377E-06, -0.14677803E+01
    2296.,  0.51873489E+01,  0.95482004E+02, -0.11362262E+02,  0.36731877E+01,  0.24588436E-06, -0.11575068E+01
    2297.,  0.61248489E+01,  0.95482004E+02, -0.11362262E+02,  0.36203552E+01,  0.25453495E-06, -0.84723331E+00
    2298.,  0.70623489E+01,  0.95482004E+02, -0.11362262E+02,  0.35675227E+01,  0.26318553E-06, -0.53695981E+00
    2299.,  0.79998489E+01,  0.95482004E+02, -0.11362262E+02,  0.35146902E+01,  0.27183612E-06, -0.22668632E+00
    2300.,  0.89373489E+01,  0.95482004E+02, -0.11362262E+02,  0.34618577E+01,  0.28048672E-06,  0.83587168E-01
    2301.,  0.98748489E+01,  0.95482004E+02, -0.11362262E+02,  0.34090253E+01,  0.28913732E-06,  0.39386066E+00
    2302.,  0.10812349E+02,  0.95482004E+02, -0.11362262E+02,  0.33561928E+01,  0.29778792E-06,  0.70413415E+00
    2303.,  0.11749849E+02,  0.95482004E+02, -0.11362262E+02,  0.33033603E+01,  0.30643850E-06,  0.10144076E+01
    2304.,  0.12687349E+02,  0.95482004E+02, -0.11362262E+02,  0.32505278E+01,  0.31508910E-06,  0.13246811E+01
    2305.,  0.13624849E+02,  0.95482004E+02, -0.11362262E+02,  0.31976953E+01,  0.32373969E-06,  0.16349546E+01
    2306.,  0.14562349E+02,  0.95482004E+02, -0.11362262E+02,  0.31448628E+01,  0.33239029E-06,  0.19452281E+01
    2307.,  0.15499849E+02,  0.95482004E+02, -0.11362262E+02,  0.30920303E+01,  0.34104087E-06,  0.22555016E+01
    2308.,  0.16437349E+02,  0.95482004E+02, -0.11362262E+02,  0.30391979E+01,  0.34969148E-06,  0.25657751E+01
    2309.,  0.17374849E+02,  0.95482004E+02, -0.11362262E+02,  0.29863654E+01,  0.35834206E-06,  0.28760486E+01
    2310.,  0.18312349E+02,  0.95482004E+02, -0.11362262E+02,  0.29335329E+01,  0.36699266E-06,  0.31863221E+01
    2311.,  0.33123489E+01,  0.95482004E+02, -0.12088304E+02,  0.40191422E+01,  0.18930814E-06, -0.17371380E+01
    2312.,  0.42498489E+01,  0.95482004E+02, -0.12088304E+02,  0.39663098E+01,  0.19795873E-06, -0.14268645E+01
    2313.,  0.51873489E+01,  0.95482004E+02, -0.12088304E+02,  0.39134773E+01,  0.20660931E-06, -0.11165910E+01
    2314.,  0.61248489E+01,  0.95482004E+02, -0.12088304E+02,  0.38606448E+01,  0.21525992E-06, -0.80631748E+00
    2315.,  0.70623489E+01,  0.95482004E+02, -0.12088304E+02,  0.38078123E+01,  0.22391052E-06, -0.49604399E+00
    2316.,  0.79998489E+01,  0.95482004E+02, -0.12088304E+02,  0.37549798E+01,  0.23256111E-06, -0.18577050E+00
    2317.,  0.89373489E+01,  0.95482004E+02, -0.12088304E+02,  0.37021473E+01,  0.24121169E-06,  0.12450299E+00
    2318.,  0.98748489E+01,  0.95482004E+02, -0.12088304E+02,  0.36493148E+01,  0.24986229E-06,  0.43477649E+00
    2319.,  0.10812349E+02,  0.95482004E+02, -0.12088304E+02,  0.35964824E+01,  0.25851289E-06,  0.74504998E+00
    2320.,  0.11749849E+02,  0.95482004E+02, -0.12088304E+02,  0.35436499E+01,  0.26716348E-06,  0.10553235E+01
    2321.,  0.12687349E+02,  0.95482004E+02, -0.12088304E+02,  0.34908174E+01,  0.27581409E-06,  0.13655970E+01
    2322.,  0.13624849E+02,  0.95482004E+02, -0.12088304E+02,  0.34379849E+01,  0.28446467E-06,  0.16758705E+01
    2323.,  0.14562349E+02,  0.95482004E+02, -0.12088304E+02,  0.33851524E+01,  0.29311526E-06,  0.19861439E+01
    2324.,  0.15499849E+02,  0.95482004E+02, -0.12088304E+02,  0.33323199E+01,  0.30176585E-06,  0.22964174E+01
    2325.,  0.16437349E+02,  0.95482004E+02, -0.12088304E+02,  0.32794874E+01,  0.31041646E-06,  0.26066909E+01
    2326.,  0.17374849E+02,  0.95482004E+02, -0.12088304E+02,  0.32266549E+01,  0.31906705E-06,  0.29169644E+01
    2327.,  0.18312349E+02,  0.95482004E+02, -0.12088304E+02,  0.31738225E+01,  0.32771764E-06,  0.32272379E+01
    2328.,  0.33123489E+01,  0.95482004E+02, -0.12814346E+02,  0.42594318E+01,  0.15003311E-06, -0.16962221E+01
    2329.,  0.42498489E+01,  0.95482004E+02, -0.12814346E+02,  0.42065993E+01,  0.15868371E-06, -0.13859486E+01
    2330.,  0.51873489E+01,  0.95482004E+02, -0.12814346E+02,  0.41537668E+01,  0.16733431E-06, -0.10756751E+01
    2331.,  0.61248489E+01,  0.95482004E+02, -0.12814346E+02,  0.41009344E+01,  0.17598490E-06, -0.76540166E+00
    2332.,  0.70623489E+01,  0.95482004E+02, -0.12814346E+02,  0.40481019E+01,  0.18463550E-06, -0.45512816E+00
    2333.,  0.79998489E+01,  0.95482004E+02, -0.12814346E+02,  0.39952694E+01,  0.19328608E-06, -0.14485467E+00
    2334.,  0.89373489E+01,  0.95482004E+02, -0.12814346E+02,  0.39424369E+01,  0.20193667E-06,  0.16541882E+00
    2335.,  0.98748489E+01,  0.95482004E+02, -0.12814346E+02,  0.38896044E+01,  0.21058727E-06,  0.47569231E+00
    2336.,  0.10812349E+02,  0.95482004E+02, -0.12814346E+02,  0.38367719E+01,  0.21923787E-06,  0.78596580E+00
    2337.,  0.11749849E+02,  0.95482004E+02, -0.12814346E+02,  0.37839394E+01,  0.22788846E-06,  0.10962393E+01
    2338.,  0.12687349E+02,  0.95482004E+02, -0.12814346E+02,  0.37311070E+01,  0.23653906E-06,  0.14065128E+01
    2339.,  0.13624849E+02,  0.95482004E+02, -0.12814346E+02,  0.36782745E+01,  0.24518965E-06,  0.17167863E+01
    2340.,  0.14562349E+02,  0.95482004E+02, -0.12814346E+02,  0.36254420E+01,  0.25384024E-06,  0.20270598E+01
    2341.,  0.15499849E+02,  0.95482004E+02, -0.12814346E+02,  0.35726095E+01,  0.26249084E-06,  0.23373333E+01
    2342.,  0.16437349E+02,  0.95482004E+02, -0.12814346E+02,  0.35197770E+01,  0.27114143E-06,  0.26476068E+01
    2343.,  0.17374849E+02,  0.95482004E+02, -0.12814346E+02,  0.34669445E+01,  0.27979203E-06,  0.29578802E+01
    2344.,  0.18312349E+02,  0.95482004E+02, -0.12814346E+02,  0.34141120E+01,  0.28844261E-06,  0.32681537E+01
    2345.,  0.33123489E+01,  0.95482004E+02, -0.13540387E+02,  0.44997214E+01,  0.11075808E-06, -0.16553063E+01
    2346.,  0.42498489E+01,  0.95482004E+02, -0.13540387E+02,  0.44468889E+01,  0.11940868E-06, -0.13450328E+01
    2347.,  0.51873489E+01,  0.95482004E+02, -0.13540387E+02,  0.43940564E+01,  0.12805929E-06, -0.10347593E+01
    2348.,  0.61248489E+01,  0.95482004E+02, -0.13540387E+02,  0.43412239E+01,  0.13670988E-06, -0.72448583E+00
    2349.,  0.70623489E+01,  0.95482004E+02, -0.13540387E+02,  0.42883915E+01,  0.14536046E-06, -0.41421234E+00
    2350.,  0.79998489E+01,  0.95482004E+02, -0.13540387E+02,  0.42355590E+01,  0.15401107E-06, -0.10393885E+00
    2351.,  0.89373489E+01,  0.95482004E+02, -0.13540387E+02,  0.41827265E+01,  0.16266166E-06,  0.20633464E+00
    2352.,  0.98748489E+01,  0.95482004E+02, -0.13540387E+02,  0.41298940E+01,  0.17131224E-06,  0.51660814E+00
    2353.,  0.10812349E+02,  0.95482004E+02, -0.13540387E+02,  0.40770615E+01,  0.17996284E-06,  0.82688163E+00
    2354.,  0.11749849E+02,  0.95482004E+02, -0.13540387E+02,  0.40242290E+01,  0.18861344E-06,  0.11371551E+01
    2355.,  0.12687349E+02,  0.95482004E+02, -0.13540387E+02,  0.39713965E+01,  0.19726403E-06,  0.14474286E+01
    2356.,  0.13624849E+02,  0.95482004E+02, -0.13540387E+02,  0.39185641E+01,  0.20591463E-06,  0.17577021E+01
    2357.,  0.14562349E+02,  0.95482004E+02, -0.13540387E+02,  0.38657316E+01,  0.21456522E-06,  0.20679756E+01
    2358.,  0.15499849E+02,  0.95482004E+02, -0.13540387E+02,  0.38128991E+01,  0.22321580E-06,  0.23782491E+01
    2359.,  0.16437349E+02,  0.95482004E+02, -0.13540387E+02,  0.37600666E+01,  0.23186640E-06,  0.26885226E+01
    2360.,  0.17374849E+02,  0.95482004E+02, -0.13540387E+02,  0.37072341E+01,  0.24051700E-06,  0.29987961E+01
    2361.,  0.18312349E+02,  0.95482004E+02, -0.13540387E+02,  0.36544016E+01,  0.24916759E-06,  0.33090696E+01
    2362.,  0.33123489E+01,  0.95482004E+02, -0.14266429E+02,  0.47400110E+01,  0.71483070E-07, -0.16143905E+01
    2363.,  0.42498489E+01,  0.95482004E+02, -0.14266429E+02,  0.46871785E+01,  0.80133676E-07, -0.13041170E+01
    2364.,  0.51873489E+01,  0.95482004E+02, -0.14266429E+02,  0.46343460E+01,  0.88784259E-07, -0.99384350E+00
    2365.,  0.61248489E+01,  0.95482004E+02, -0.14266429E+02,  0.45815135E+01,  0.97434849E-07, -0.68357001E+00
    2366.,  0.70623489E+01,  0.95482004E+02, -0.14266429E+02,  0.45286810E+01,  0.10608543E-06, -0.37329651E+00
    2367.,  0.79998489E+01,  0.95482004E+02, -0.14266429E+02,  0.44758486E+01,  0.11473605E-06, -0.63023022E-01
    2368.,  0.89373489E+01,  0.95482004E+02, -0.14266429E+02,  0.44230161E+01,  0.12338663E-06,  0.24725047E+00
    2369.,  0.98748489E+01,  0.95482004E+02, -0.14266429E+02,  0.43701836E+01,  0.13203722E-06,  0.55752396E+00
    2370.,  0.10812349E+02,  0.95482004E+02, -0.14266429E+02,  0.43173511E+01,  0.14068782E-06,  0.86779745E+00
    2371.,  0.11749849E+02,  0.95482004E+02, -0.14266429E+02,  0.42645186E+01,  0.14933842E-06,  0.11780709E+01
    2372.,  0.12687349E+02,  0.95482004E+02, -0.14266429E+02,  0.42116861E+01,  0.15798901E-06,  0.14883444E+01
    2373.,  0.13624849E+02,  0.95482004E+02, -0.14266429E+02,  0.41588536E+01,  0.16663960E-06,  0.17986179E+01
    2374.,  0.14562349E+02,  0.95482004E+02, -0.14266429E+02,  0.41060212E+01,  0.17529020E-06,  0.21088914E+01
    2375.,  0.15499849E+02,  0.95482004E+02, -0.14266429E+02,  0.40531887E+01,  0.18394078E-06,  0.24191649E+01
    2376.,  0.16437349E+02,  0.95482004E+02, -0.14266429E+02,  0.40003562E+01,  0.19259138E-06,  0.27294384E+01
    2377.,  0.17374849E+02,  0.95482004E+02, -0.14266429E+02,  0.39475237E+01,  0.20124197E-06,  0.30397119E+01
    2378.,  0.18312349E+02,  0.95482004E+02, -0.14266429E+02,  0.38946912E+01,  0.20989257E-06,  0.33499854E+01
    2379.,  0.33123489E+01,  0.95482004E+02, -0.14992471E+02,  0.49803006E+01,  0.32208037E-07, -0.15734747E+01
    2380.,  0.42498489E+01,  0.95482004E+02, -0.14992471E+02,  0.49274681E+01,  0.40858642E-07, -0.12632012E+01
    2381.,  0.51873489E+01,  0.95482004E+02, -0.14992471E+02,  0.48746356E+01,  0.49509239E-07, -0.95292767E+00
    2382.,  0.61248489E+01,  0.95482004E+02, -0.14992471E+02,  0.48218031E+01,  0.58159824E-07, -0.64265418E+00
    2383.,  0.70623489E+01,  0.95482004E+02, -0.14992471E+02,  0.47689706E+01,  0.66810426E-07, -0.33238069E+00
    2384.,  0.79998489E+01,  0.95482004E+02, -0.14992471E+02,  0.47161381E+01,  0.75461019E-07, -0.22107197E-01
    2385.,  0.89373489E+01,  0.95482004E+02, -0.14992471E+02,  0.46633057E+01,  0.84111609E-07,  0.28816629E+00
    2386.,  0.98748489E+01,  0.95482004E+02, -0.14992471E+02,  0.46104732E+01,  0.92762207E-07,  0.59843979E+00
    2387.,  0.10812349E+02,  0.95482004E+02, -0.14992471E+02,  0.45576407E+01,  0.10141280E-06,  0.90871328E+00
    2388.,  0.11749849E+02,  0.95482004E+02, -0.14992471E+02,  0.45048082E+01,  0.11006340E-06,  0.12189868E+01
    2389.,  0.12687349E+02,  0.95482004E+02, -0.14992471E+02,  0.44519757E+01,  0.11871398E-06,  0.15292603E+01
    2390.,  0.13624849E+02,  0.95482004E+02, -0.14992471E+02,  0.43991432E+01,  0.12736459E-06,  0.18395338E+01
    2391.,  0.14562349E+02,  0.95482004E+02, -0.14992471E+02,  0.43463107E+01,  0.13601518E-06,  0.21498072E+01
    2392.,  0.15499849E+02,  0.95482004E+02, -0.14992471E+02,  0.42934783E+01,  0.14466577E-06,  0.24600807E+01
    2393.,  0.16437349E+02,  0.95482004E+02, -0.14992471E+02,  0.42406458E+01,  0.15331636E-06,  0.27703542E+01
    2394.,  0.17374849E+02,  0.95482004E+02, -0.14992471E+02,  0.41878133E+01,  0.16196695E-06,  0.30806277E+01
    2395.,  0.18312349E+02,  0.95482004E+02, -0.14992471E+02,  0.41349808E+01,  0.17061754E-06,  0.33909012E+01
    2396.,  0.33123489E+01,  0.95482004E+02, -0.15718512E+02,  0.52205901E+01, -0.70669630E-08, -0.15325588E+01
    2397.,  0.42498489E+01,  0.95482004E+02, -0.15718512E+02,  0.51677577E+01,  0.15836092E-08, -0.12222853E+01
    2398.,  0.51873489E+01,  0.95482004E+02, -0.15718512E+02,  0.51149252E+01,  0.10234223E-07, -0.91201185E+00
    2399.,  0.61248489E+01,  0.95482004E+02, -0.15718512E+02,  0.50620927E+01,  0.18884817E-07, -0.60173836E+00
    2400.,  0.70623489E+01,  0.95482004E+02, -0.15718512E+02,  0.50092602E+01,  0.27535408E-07, -0.29146486E+00
    2401.,  0.79998489E+01,  0.95482004E+02, -0.15718512E+02,  0.49564277E+01,  0.36185990E-07,  0.18808628E-01
    2402.,  0.89373489E+01,  0.95482004E+02, -0.15718512E+02,  0.49035952E+01,  0.44836596E-07,  0.32908212E+00
    2403.,  0.98748489E+01,  0.95482004E+02, -0.15718512E+02,  0.48507627E+01,  0.53487177E-07,  0.63935561E+00
    2404.,  0.10812349E+02,  0.95482004E+02, -0.15718512E+02,  0.47979303E+01,  0.62137776E-07,  0.94962910E+00
    2405.,  0.11749849E+02,  0.95482004E+02, -0.15718512E+02,  0.47450978E+01,  0.70788373E-07,  0.12599026E+01
    2406.,  0.12687349E+02,  0.95482004E+02, -0.15718512E+02,  0.46922653E+01,  0.79438964E-07,  0.15701761E+01
    2407.,  0.13624849E+02,  0.95482004E+02, -0.15718512E+02,  0.46394328E+01,  0.88089569E-07,  0.18804496E+01
    2408.,  0.14562349E+02,  0.95482004E+02, -0.15718512E+02,  0.45866003E+01,  0.96740148E-07,  0.21907231E+01
    2409.,  0.15499849E+02,  0.95482004E+02, -0.15718512E+02,  0.45337678E+01,  0.10539074E-06,  0.25009966E+01
    2410.,  0.16437349E+02,  0.95482004E+02, -0.15718512E+02,  0.44809353E+01,  0.11404134E-06,  0.28112701E+01
    2411.,  0.17374849E+02,  0.95482004E+02, -0.15718512E+02,  0.44281029E+01,  0.12269193E-06,  0.31215435E+01
    2412.,  0.18312349E+02,  0.95482004E+02, -0.15718512E+02,  0.43752704E+01,  0.13134252E-06,  0.34318170E+01
    2413.,  0.33123489E+01,  0.95482004E+02, -0.16444554E+02,  0.54608797E+01, -0.46342003E-07, -0.14916430E+01
    2414.,  0.42498489E+01,  0.95482004E+02, -0.16444554E+02,  0.54080472E+01, -0.37691417E-07, -0.11813695E+01
    2415.,  0.51873489E+01,  0.95482004E+02, -0.16444554E+02,  0.53552148E+01, -0.29040813E-07, -0.87109602E+00
    2416.,  0.61248489E+01,  0.95482004E+02, -0.16444554E+02,  0.53023823E+01, -0.20390219E-07, -0.56082253E+00
    2417.,  0.70623489E+01,  0.95482004E+02, -0.16444554E+02,  0.52495498E+01, -0.11739618E-07, -0.25054904E+00
    2418.,  0.79998489E+01,  0.95482004E+02, -0.16444554E+02,  0.51967173E+01, -0.30890279E-08,  0.59724454E-01
    2419.,  0.89373489E+01,  0.95482004E+02, -0.16444554E+02,  0.51438848E+01,  0.55615728E-08,  0.36999795E+00
    2420.,  0.98748489E+01,  0.95482004E+02, -0.16444554E+02,  0.50910523E+01,  0.14212150E-07,  0.68027144E+00
    2421.,  0.10812349E+02,  0.95482004E+02, -0.16444554E+02,  0.50382198E+01,  0.22862745E-07,  0.99054493E+00
    2422.,  0.11749849E+02,  0.95482004E+02, -0.16444554E+02,  0.49853874E+01,  0.31513338E-07,  0.13008184E+01
    2423.,  0.12687349E+02,  0.95482004E+02, -0.16444554E+02,  0.49325549E+01,  0.40163935E-07,  0.16110919E+01
    2424.,  0.13624849E+02,  0.95482004E+02, -0.16444554E+02,  0.48797224E+01,  0.48814535E-07,  0.19213654E+01
    2425.,  0.14562349E+02,  0.95482004E+02, -0.16444554E+02,  0.48268899E+01,  0.57465135E-07,  0.22316389E+01
    2426.,  0.15499849E+02,  0.95482004E+02, -0.16444554E+02,  0.47740574E+01,  0.66115732E-07,  0.25419124E+01
    2427.,  0.16437349E+02,  0.95482004E+02, -0.16444554E+02,  0.47212249E+01,  0.74766319E-07,  0.28521859E+01
    2428.,  0.17374849E+02,  0.95482004E+02, -0.16444554E+02,  0.46683924E+01,  0.83416913E-07,  0.31624594E+01
    2429.,  0.18312349E+02,  0.95482004E+02, -0.16444554E+02,  0.46155600E+01,  0.92067493E-07,  0.34727329E+01
    2430.,  0.33123489E+01,  0.95482004E+02, -0.17170596E+02,  0.57011693E+01, -0.85617021E-07, -0.14507272E+01
    2431.,  0.42498489E+01,  0.95482004E+02, -0.17170596E+02,  0.56483368E+01, -0.76966424E-07, -0.11404537E+01
    2432.,  0.51873489E+01,  0.95482004E+02, -0.17170596E+02,  0.55955043E+01, -0.68315820E-07, -0.83018020E+00
    2433.,  0.61248489E+01,  0.95482004E+02, -0.17170596E+02,  0.55426719E+01, -0.59665239E-07, -0.51990670E+00
    2434.,  0.70623489E+01,  0.95482004E+02, -0.17170596E+02,  0.54898394E+01, -0.51014656E-07, -0.20963321E+00
    2435.,  0.79998489E+01,  0.95482004E+02, -0.17170596E+02,  0.54370069E+01, -0.42364043E-07,  0.10064028E+00
    2436.,  0.89373489E+01,  0.95482004E+02, -0.17170596E+02,  0.53841744E+01, -0.33713455E-07,  0.41091377E+00
    2437.,  0.98748489E+01,  0.95482004E+02, -0.17170596E+02,  0.53313419E+01, -0.25062863E-07,  0.72118726E+00
    2438.,  0.10812349E+02,  0.95482004E+02, -0.17170596E+02,  0.52785094E+01, -0.16412268E-07,  0.10314608E+01
    2439.,  0.11749849E+02,  0.95482004E+02, -0.17170596E+02,  0.52256769E+01, -0.77616799E-08,  0.13417342E+01
    2440.,  0.12687349E+02,  0.95482004E+02, -0.17170596E+02,  0.51728445E+01,  0.88891378E-09,  0.16520077E+01
    2441.,  0.13624849E+02,  0.95482004E+02, -0.17170596E+02,  0.51200120E+01,  0.95395088E-08,  0.19622812E+01
    2442.,  0.14562349E+02,  0.95482004E+02, -0.17170596E+02,  0.50671795E+01,  0.18190109E-07,  0.22725547E+01
    2443.,  0.15499849E+02,  0.95482004E+02, -0.17170596E+02,  0.50143470E+01,  0.26840704E-07,  0.25828282E+01
    2444.,  0.16437349E+02,  0.95482004E+02, -0.17170596E+02,  0.49615145E+01,  0.35491298E-07,  0.28931017E+01
    2445.,  0.17374849E+02,  0.95482004E+02, -0.17170596E+02,  0.49086820E+01,  0.44141896E-07,  0.32033752E+01
    2446.,  0.18312349E+02,  0.95482004E+02, -0.17170596E+02,  0.48558495E+01,  0.52792490E-07,  0.35136487E+01
    2447.,  0.33123489E+01,  0.95482004E+02, -0.17896637E+02,  0.59414589E+01, -0.12489205E-06, -0.14098114E+01
    2448.,  0.42498489E+01,  0.95482004E+02, -0.17896637E+02,  0.58886264E+01, -0.11624145E-06, -0.10995379E+01
    2449.,  0.51873489E+01,  0.95482004E+02, -0.17896637E+02,  0.58357939E+01, -0.10759085E-06, -0.78926437E+00
    2450.,  0.61248489E+01,  0.95482004E+02, -0.17896637E+02,  0.57829614E+01, -0.98940254E-07, -0.47899088E+00
    2451.,  0.70623489E+01,  0.95482004E+02, -0.17896637E+02,  0.57301289E+01, -0.90289665E-07, -0.16871739E+00
    2452.,  0.79998489E+01,  0.95482004E+02, -0.17896637E+02,  0.56772965E+01, -0.81639067E-07,  0.14155610E+00
    2453.,  0.89373489E+01,  0.95482004E+02, -0.17896637E+02,  0.56244640E+01, -0.72988476E-07,  0.45182960E+00
    2454.,  0.98748489E+01,  0.95482004E+02, -0.17896637E+02,  0.55716315E+01, -0.64337875E-07,  0.76210309E+00
    2455.,  0.10812349E+02,  0.95482004E+02, -0.17896637E+02,  0.55187990E+01, -0.55687275E-07,  0.10723766E+01
    2456.,  0.11749849E+02,  0.95482004E+02, -0.17896637E+02,  0.54659665E+01, -0.47036699E-07,  0.13826501E+01
    2457.,  0.12687349E+02,  0.95482004E+02, -0.17896637E+02,  0.54131340E+01, -0.38386096E-07,  0.16929236E+01
    2458.,  0.13624849E+02,  0.95482004E+02, -0.17896637E+02,  0.53603015E+01, -0.29735507E-07,  0.20031971E+01
    2459.,  0.14562349E+02,  0.95482004E+02, -0.17896637E+02,  0.53074691E+01, -0.21084922E-07,  0.23134705E+01
    2460.,  0.15499849E+02,  0.95482004E+02, -0.17896637E+02,  0.52546366E+01, -0.12434326E-07,  0.26237440E+01
    2461.,  0.16437349E+02,  0.95482004E+02, -0.17896637E+02,  0.52018041E+01, -0.37837358E-08,  0.29340175E+01
    2462.,  0.17374849E+02,  0.95482004E+02, -0.17896637E+02,  0.51489716E+01,  0.48668673E-08,  0.32442910E+01
    2463.,  0.18312349E+02,  0.95482004E+02, -0.17896637E+02,  0.50961391E+01,  0.13517454E-07,  0.35545645E+01
    2464.,  0.33123489E+01,  0.95482004E+02, -0.18622679E+02,  0.61817485E+01, -0.16416706E-06, -0.13688955E+01
    2465.,  0.42498489E+01,  0.95482004E+02, -0.18622679E+02,  0.61289160E+01, -0.15551647E-06, -0.10586220E+01
    2466.,  0.51873489E+01,  0.95482004E+02, -0.18622679E+02,  0.60760835E+01, -0.14686587E-06, -0.74834855E+00
    2467.,  0.61248489E+01,  0.95482004E+02, -0.18622679E+02,  0.60232510E+01, -0.13821529E-06, -0.43807505E+00
    2468.,  0.70623489E+01,  0.95482004E+02, -0.18622679E+02,  0.59704185E+01, -0.12956469E-06, -0.12780156E+00
    2469.,  0.79998489E+01,  0.95482004E+02, -0.18622679E+02,  0.59175860E+01, -0.12091410E-06,  0.18247193E+00
    2470.,  0.89373489E+01,  0.95482004E+02, -0.18622679E+02,  0.58647536E+01, -0.11226349E-06,  0.49274542E+00
    2471.,  0.98748489E+01,  0.95482004E+02, -0.18622679E+02,  0.58119211E+01, -0.10361290E-06,  0.80301891E+00
    2472.,  0.10812349E+02,  0.95482004E+02, -0.18622679E+02,  0.57590886E+01, -0.94962321E-07,  0.11132924E+01
    2473.,  0.11749849E+02,  0.95482004E+02, -0.18622679E+02,  0.57062561E+01, -0.86311715E-07,  0.14235659E+01
    2474.,  0.12687349E+02,  0.95482004E+02, -0.18622679E+02,  0.56534236E+01, -0.77661124E-07,  0.17338394E+01
    2475.,  0.13624849E+02,  0.95482004E+02, -0.18622679E+02,  0.56005911E+01, -0.69010533E-07,  0.20441129E+01
    2476.,  0.14562349E+02,  0.95482004E+02, -0.18622679E+02,  0.55477586E+01, -0.60359951E-07,  0.23543864E+01
    2477.,  0.15499849E+02,  0.95482004E+02, -0.18622679E+02,  0.54949262E+01, -0.51709355E-07,  0.26646599E+01
    2478.,  0.16437349E+02,  0.95482004E+02, -0.18622679E+02,  0.54420937E+01, -0.43058748E-07,  0.29749334E+01
    2479.,  0.17374849E+02,  0.95482004E+02, -0.18622679E+02,  0.53892612E+01, -0.34408151E-07,  0.32852068E+01
    2480.,  0.18312349E+02,  0.95482004E+02, -0.18622679E+02,  0.53364287E+01, -0.25757556E-07,  0.35954803E+01
