
 Ansys Mechanical Enterprise Academic Research     


 *------------------------------------------------------------------*
 |                                                                  |
 |   W E L C O M E   T O   T H E   A N S Y S (R)  P R O G R A M     |
 |                                                                  |
 *------------------------------------------------------------------*




 ***************************************************************
 *         ANSYS MAPDL 2026 R1.02       LEGAL NOTICES          *
 ***************************************************************
 *                                                             *
 * Copyright (c) 2026 Synopsys, Inc. and ANSYS, Inc.           *
 * All rights reserved.                                        *
 * Unauthorized use, distribution or duplication is            *
 * prohibited.                                                 *
 *                                                             *
 * Ansys is a registered trademark of Ansys, Inc. or its       *
 * subsidiaries in the United States or other countries.       *
 * See the Ansys, Inc. online documentation or the Ansys, Inc. *
 * documentation CD or online help for the complete Legal      *
 * Notice.                                                     *
 *                                                             *
 ***************************************************************
 *                                                             *
 * THIS ANSYS SOFTWARE PRODUCT AND PROGRAM DOCUMENTATION       *
 * INCLUDE TRADE SECRETS AND CONFIDENTIAL AND PROPRIETARY      *
 * PRODUCTS OF ANSYS, INC., ITS SUBSIDIARIES, OR LICENSORS.    *
 * The software products and documentation are furnished by    *
 * Ansys, Inc. or its subsidiaries under a software license    *
 * agreement that contains provisions concerning               *
 * non-disclosure, copying, length and nature of use,          *
 * compliance with exporting laws, warranties, disclaimers,    *
 * limitations of liability, and remedies, and other           *
 * provisions.  The software products and documentation may be *
 * used, disclosed, transferred, or copied only in accordance  *
 * with the terms and conditions of that software license      *
 * agreement.                                                  *
 *                                                             *
 * Ansys, Inc. is a UL registered                              *
 * ISO 9001:2015 company.                                      *
 *                                                             *
 ***************************************************************
 *                                                             *
 * This product is subject to U.S. laws governing export and   *
 * re-export.                                                  *
 *                                                             *
 * For U.S. Government users, except as specifically granted   *
 * by the Ansys, Inc. software license agreement, the use,     *
 * duplication, or disclosure by the United States Government  *
 * is subject to restrictions stated in the Ansys, Inc.        *
 * software license agreement and FAR 12.212 (for non-DOD      *
 * licenses).                                                  *
 *                                                             *
 ***************************************************************

 2026 R1.02  
     
 Point Releases and Patches installed:   
     
 Ansys Service Pack 2026 R1.01   
 Ansys Service Pack 2026 R1.02   
 Ansys, Inc. License Manager 2026 R1 
 Ansys, Inc. License Manager 2026 R1.01  
 Ansys, Inc. License Manager 2026 R1.02  
 Discovery (reduced install) 2026 R1 
 Discovery (reduced install) 2026 R1.01  
 Discovery (reduced install) 2026 R1.02  
 Core WB Files 2026 R1   
 Core WB Files 2026 R1.01
 Core WB Files 2026 R1.02
 BladeModeler 2026 R1
 BladeModeler 2026 R1.01 
 BladeModeler 2026 R1.02 
 CFX (includes CFD-Post) 2026 R1 
 CFX (includes CFD-Post) 2026 R1.01  
 CFX (includes CFD-Post) 2026 R1.02  
 CFD-Post only 2026 R1   
 CFD-Post only 2026 R1.01
 CFD-Post only 2026 R1.02
 Chemkin 2026 R1 
 Chemkin 2026 R1.01  
 Chemkin 2026 R1.02  
 EnSight 2026 R1 
 EnSight 2026 R1.01  
 EnSight 2026 R1.02  
 FENSAP-ICE 2026 R1  
 FENSAP-ICE 2026 R1.01   
 FENSAP-ICE 2026 R1.02   
 Fluent (includes CFD-Post) 2026 R1  
 Fluent (includes CFD-Post) 2026 R1.01   
 Fluent (includes CFD-Post) 2026 R1.02   
 Polyflow (includes CFD-Post) 2026 R1
 Polyflow (includes CFD-Post) 2026 R1.01 
 Polyflow (includes CFD-Post) 2026 R1.02 
 Forte (includes EnSight) 2026 R1
 Forte (includes EnSight) 2026 R1.01 
 Forte (includes EnSight) 2026 R1.02 
 ICEM CFD 2026 R1
 ICEM CFD 2026 R1.01 
 ICEM CFD 2026 R1.02 
 RBF Morph Fluids UDF 2026 R1
 RBF Morph Fluids UDF 2026 R1.01 
 RBF Morph Fluids UDF 2026 R1.02 
 RBF Morph Libraries 2026 R1 
 RBF Morph Libraries 2026 R1.01  
 RBF Morph Libraries 2026 R1.02  
 Rocky 2026 R1   
 Rocky 2026 R1.01
 Rocky 2026 R1.02
 Thermal Desktop: AutoCAD 2026 R1
 Thermal Desktop: AutoCAD 2026 R1.01 
 Thermal Desktop: AutoCAD 2026 R1.02 
 Thermal Desktop: Thermal Desktop and TD Designer  2026 R1   
 Thermal Desktop: Thermal Desktop and TD Designer  2026 R1.01
 Thermal Desktop: Thermal Desktop and TD Designer  2026 R1.02
 Thermal Desktop: Sinda Solver 2026 R1   
 Thermal Desktop: Sinda Solver 2026 R1.01
 Thermal Desktop: Sinda Solver 2026 R1.02
 TurboGrid 2026 R1   
 TurboGrid 2026 R1.01
 TurboGrid 2026 R1.02
 Granta EduPack 2026 R1  
 Granta EduPack 2026 R1.01   
 Granta EduPack 2026 R1.02   
 Granta Selector 2026 R1 
 Granta Selector 2026 R1.01  
 Granta Selector 2026 R1.02  
 Dynamic Reporting 2026 R1   
 Dynamic Reporting 2026 R1.01
 Dynamic Reporting 2026 R1.02
 Remote Solve Manager Standalone Services 2026 R1
 Remote Solve Manager Standalone Services 2026 R1.01 
 Remote Solve Manager Standalone Services 2026 R1.02 
 Aqwa 2026 R1
 Aqwa 2026 R1.01 
 Aqwa 2026 R1.02 
 Autodyn 2026 R1 
 Autodyn 2026 R1.01  
 Autodyn 2026 R1.02  
 Customization Files for User Programmable Features 2026 R1  
 Customization Files for User Programmable Features 2026 R1.01   
 Customization Files for User Programmable Features 2026 R1.02   
 LS-DYNA 2026 R1 
 LS-DYNA 2026 R1.01  
 LS-DYNA 2026 R1.02  
 Material Calibration App 2026 R1
 Material Calibration App 2026 R1.01 
 Material Calibration App 2026 R1.02 
 Material Designer 2026 R1   
 Material Designer 2026 R1.01
 Material Designer 2026 R1.02
 Mechanical Products 2026 R1 
 Mechanical Products 2026 R1.01  
 Mechanical Products 2026 R1.02  
 Motion 2026 R1  
 Motion 2026 R1.01   
 Motion 2026 R1.02   
 RBF Morph 2026 R1   
 RBF Morph 2026 R1.01
 RBF Morph 2026 R1.02
 Sherlock 2026 R1
 Sherlock 2026 R1.01 
 Sherlock 2026 R1.02 
 Sound - SAS 2026 R1 
 Sound - SAS 2026 R1.01  
 Sound - SAS 2026 R1.02  
 ACIS Geometry Interface 2026 R1 
 ACIS Geometry Interface 2026 R1.01  
 ACIS Geometry Interface 2026 R1.02  
 AutoCAD Geometry Interface 2026 R1  
 AutoCAD Geometry Interface 2026 R1.01   
 AutoCAD Geometry Interface 2026 R1.02   
 Catia, Version 4 Geometry Interface 2026 R1 
 Catia, Version 4 Geometry Interface 2026 R1.01  
 Catia, Version 4 Geometry Interface 2026 R1.02  
 Catia, Version 5 Geometry Interface 2026 R1 
 Catia, Version 5 Geometry Interface 2026 R1.01  
 Catia, Version 5 Geometry Interface 2026 R1.02  
 Catia, Version 6 Geometry Interface 2026 R1 
 Catia, Version 6 Geometry Interface 2026 R1.01  
 Catia, Version 6 Geometry Interface 2026 R1.02  
 Creo Elements/Direct Modeling Geometry Interface 2026 R1
 Creo Elements/Direct Modeling Geometry Interface 2026 R1.01 
 Creo Elements/Direct Modeling Geometry Interface 2026 R1.02 
 Creo Parametric Geometry Interface 2026 R1  
 Creo Parametric Geometry Interface 2026 R1.01   
 Creo Parametric Geometry Interface 2026 R1.02   
 Inventor Geometry Interface 2026 R1 
 Inventor Geometry Interface 2026 R1.01  
 Inventor Geometry Interface 2026 R1.02  
 JTOpen Geometry Interface 2026 R1   
 JTOpen Geometry Interface 2026 R1.01
 JTOpen Geometry Interface 2026 R1.02
 NX Geometry Interface 2026 R1   
 NX Geometry Interface 2026 R1.01
 NX Geometry Interface 2026 R1.02
 Parasolid Geometry Interface  2026 R1   
 Parasolid Geometry Interface  2026 R1.01
 Parasolid Geometry Interface  2026 R1.02
 Solid Edge Geometry Interface 2026 R1   
 Solid Edge Geometry Interface 2026 R1.01
 Solid Edge Geometry Interface 2026 R1.02
 SOLIDWORKS Geometry Interface 2026 R1   
 SOLIDWORKS Geometry Interface 2026 R1.01
 SOLIDWORKS Geometry Interface 2026 R1.02


          *****  MAPDL COMMAND LINE ARGUMENTS  *****
  BATCH MODE REQUESTED (-b)    = NOLIST
  INPUT FILE COPY MODE (-c)    = COPY
  DISTRIBUTED MEMORY PARALLEL REQUESTED
      12 PARALLEL PROCESSES REQUESTED WITH SINGLE THREAD PER PROCESS
    TOTAL OF    12 CORES REQUESTED
  INPUT FILE NAME              = Z:\Developer\MIT_Rkt_Team\2026-7\MIT-RT-26_27-Work\simulation_work\avionics\powerboardsim\1\_ProjectScratch\Scr231B\dummy.dat
  OUTPUT FILE NAME             = Z:\Developer\MIT_Rkt_Team\2026-7\MIT-RT-26_27-Work\simulation_work\avionics\powerboardsim\1\_ProjectScratch\Scr231B\solve.out
  START-UP FILE MODE           = NOREAD
  STOP FILE MODE               = NOREAD

 RELEASE= 2026 R1.02           BUILD= 26.1      UP20260202   VERSION=WINDOWS x64 
 CURRENT JOBNAME=file0  21:24:51  OCT 04, 2026  Elapsed Time=       0.406


 PARAMETER _DS_PROGRESS =     999.0000000    

 /INPUT FILE= ds.dat  LINE=       0



 *** NOTE ***                            ELAPSED TIME =      13.729   TIME= 21:24:58
 The /CONFIG,NOELDB command is not valid in a distributed memory         
 parallel solution.  Command is ignored.                                 

 *GET  _WALLSTRT  FROM  ACTI  ITEM=TIME WALL  VALUE= 0.381911184E-02

 TITLE= 
 powerboardsim_v1--BOLT750 - preload then locked length (B5)                   

  ACT Extensions:
      LSDYNA, 2026.1
      5f463412-bd3e-484b-87e7-cbc0a665e474, wbex
      ANSYSMotion, 2026.1
      20180725-3f81-49eb-9f31-41364844c769, wbex
      BoltTools, 2024.1
      e58f9c27-8401-45e5-83b8-72af00fdd1a2, wbex
      Sherlock_App, 2026.1
      22267810-43dd-444c-b69c-948d1736da5a, wbex

 SET PARAMETER DIMENSIONS ON  _WB_PROJECTSCRATCH_DIR
  TYPE=STRI  DIMENSIONS=      248        1        1

 PARAMETER _WB_PROJECTSCRATCH_DIR(1) = Z:\Developer\MIT_Rkt_Team\2026-7\MIT-RT-26_27-Work\simulation_work\avionics\powerboardsim\1\_ProjectScratch\Scr231B\

 SET PARAMETER DIMENSIONS ON  _WB_SOLVERFILES_DIR
  TYPE=STRI  DIMENSIONS=      248        1        1

 PARAMETER _WB_SOLVERFILES_DIR(1) = Z:\Developer\MIT_Rkt_Team\2026-7\MIT-RT-26_27-Work\simulation_work\avionics\powerboardsim\1\powerboardsim_v1_files\dp0\SYS-2\MECH\

 SET PARAMETER DIMENSIONS ON  _WB_USERFILES_DIR
  TYPE=STRI  DIMENSIONS=      248        1        1

 PARAMETER _WB_USERFILES_DIR(1) = Z:\Developer\MIT_Rkt_Team\2026-7\MIT-RT-26_27-Work\simulation_work\avionics\powerboardsim\1\powerboardsim_v1_files\user_files\
 --- Data in consistent MKS units. See Solving Units in the help system for more

 MKS UNITS SPECIFIED FOR INTERNAL    
  LENGTH        (l)  = METER (M)
  MASS          (M)  = KILOGRAM (KG)
  TIME          (t)  = SECOND (SEC)
  TEMPERATURE   (T)  = CELSIUS (C)
  TOFFSET            = 273.0
  CHARGE        (Q)  = COULOMB
  FORCE         (f)  = NEWTON (N) (KG-M/SEC2)
  HEAT               = JOULE (N-M)

  PRESSURE           = PASCAL (NEWTON/M**2)
  ENERGY        (W)  = JOULE (N-M)
  POWER         (P)  = WATT (N-M/SEC)
  CURRENT       (i)  = AMPERE (COULOMBS/SEC)
  CAPACITANCE   (C)  = FARAD
  INDUCTANCE    (L)  = HENRY
  MAGNETIC FLUX      = WEBER
  RESISTANCE    (R)  = OHM
  ELECTRIC POTENTIAL = VOLT

 INPUT  UNITS ARE ALSO SET TO MKS 

 *** MAPDL - ENGINEERING ANALYSIS SYSTEM  RELEASE 2026 R1.02       26.1     ***
 Ansys Mechanical Enterprise Academic Research     
 01196637  VERSION=WINDOWS x64   21:24:58  OCT 04, 2026 Elapsed Time=     13.758

 powerboardsim_v1--BOLT750 - preload then locked length (B5)                   



          ***** MAPDL ANALYSIS DEFINITION (PREP7) *****
 *********** Send User Defined Coordinate System(s) ***********
 *********** Nodes for the whole assembly ***********
 *********** Elements for Body 1 'COMP_C1|COMP_C1' ***********
 *********** Elements for Body 2 'COMP_C2|COMP_C2' ***********
 *********** Elements for Body 3 'COMP_C3|COMP_C3' ***********
 *********** Elements for Body 4 'COMP_C4|COMP_C4' ***********
 *********** Elements for Body 5 'COMP_C5|COMP_C5' ***********
 *********** Elements for Body 6 'COMP_C6|COMP_C6' ***********
 *********** Elements for Body 7 'COMP_C7|COMP_C7' ***********
 *********** Elements for Body 8 'COMP_C8|COMP_C8' ***********
 *********** Elements for Body 9 'COMP_C9|COMP_C9' ***********
 *********** Elements for Body 10 'COMP_C10|COMP_C10' ***********
 *********** Elements for Body 11 'COMP_C11|COMP_C11' ***********
 *********** Elements for Body 12 'COMP_C12|COMP_C12' ***********
 *********** Elements for Body 13 'COMP_C13|COMP_C13' ***********
 *********** Elements for Body 14 'COMP_C14|COMP_C14' ***********
 *********** Elements for Body 15 'COMP_C15|COMP_C15' ***********
 *********** Elements for Body 16 'COMP_C16|COMP_C16' ***********
 *********** Elements for Body 17 'COMP_C17|COMP_C17' ***********
 *********** Elements for Body 18 'COMP_C18|COMP_C18' ***********
 *********** Elements for Body 19 'COMP_C19|COMP_C19' ***********
 *********** Elements for Body 20 'COMP_C20|COMP_C20' ***********
 *********** Elements for Body 21 'COMP_C21|COMP_C21' ***********
 *********** Elements for Body 22 'COMP_C22|COMP_C22' ***********
 *********** Elements for Body 23 'COMP_C23|COMP_C23' ***********
 *********** Elements for Body 24 'COMP_C24|COMP_C24' ***********
 *********** Elements for Body 25 'COMP_C25|COMP_C25' ***********
 *********** Elements for Body 26 'COMP_C26|COMP_C26' ***********
 *********** Elements for Body 27 'COMP_C27|COMP_C27' ***********
 *********** Elements for Body 28 'COMP_C28|COMP_C28' ***********
 *********** Elements for Body 29 'COMP_C29|COMP_C29' ***********
 *********** Elements for Body 30 'COMP_C30|COMP_C30' ***********
 *********** Elements for Body 31 'COMP_C31|COMP_C31' ***********
 *********** Elements for Body 32 'COMP_C32|COMP_C32' ***********
 *********** Elements for Body 33 'COMP_C33|COMP_C33' ***********
 *********** Elements for Body 34 'COMP_C34|COMP_C34' ***********
 *********** Elements for Body 35 'COMP_C35|COMP_C35' ***********
 *********** Elements for Body 36 'COMP_C36|COMP_C36' ***********
 *********** Elements for Body 37 'COMP_C37|COMP_C37' ***********
 *********** Elements for Body 38 'COMP_C38|COMP_C38' ***********
 *********** Elements for Body 39 'COMP_C39|COMP_C39' ***********
 *********** Elements for Body 40 'COMP_C40|COMP_C40' ***********
 *********** Elements for Body 41 'COMP_C41|COMP_C41' ***********
 *********** Elements for Body 42 'COMP_C42|COMP_C42' ***********
 *********** Elements for Body 43 'COMP_C43|COMP_C43' ***********
 *********** Elements for Body 44 'COMP_C44|COMP_C44' ***********
 *********** Elements for Body 45 'COMP_C45|COMP_C45' ***********
 *********** Elements for Body 46 'COMP_C46|COMP_C46' ***********
 *********** Elements for Body 47 'COMP_C47|COMP_C47' ***********
 *********** Elements for Body 48 'COMP_C48|COMP_C48' ***********
 *********** Elements for Body 49 'COMP_C49|COMP_C49' ***********
 *********** Elements for Body 50 'COMP_C50|COMP_C50' ***********
 *********** Elements for Body 51 'COMP_C51|COMP_C51' ***********
 *********** Elements for Body 52 'COMP_C52|COMP_C52' ***********
 *********** Elements for Body 53 'COMP_C53|COMP_C53' ***********
 *********** Elements for Body 54 'COMP_C54|COMP_C54' ***********
 *********** Elements for Body 55 'COMP_C55|COMP_C55' ***********
 *********** Elements for Body 56 'COMP_C56|COMP_C56' ***********
 *********** Elements for Body 57 'COMP_C57|COMP_C57' ***********
 *********** Elements for Body 58 'COMP_C58|COMP_C58' ***********
 *********** Elements for Body 59 'COMP_C59|COMP_C59' ***********
 *********** Elements for Body 60 'COMP_C60|COMP_C60' ***********
 *********** Elements for Body 61 'COMP_C61|COMP_C61' ***********
 *********** Elements for Body 62 'COMP_C62|COMP_C62' ***********
 *********** Elements for Body 63 'COMP_C63|COMP_C63' ***********
 *********** Elements for Body 64 'COMP_C64|COMP_C64' ***********
 *********** Elements for Body 65 'COMP_C65|COMP_C65' ***********
 *********** Elements for Body 66 'COMP_C66|COMP_C66' ***********
 *********** Elements for Body 67 'COMP_C67|COMP_C67' ***********
 *********** Elements for Body 68 'COMP_C68|COMP_C68' ***********
 *********** Elements for Body 69 'COMP_C69|COMP_C69' ***********
 *********** Elements for Body 70 'COMP_C70|COMP_C70' ***********
 *********** Elements for Body 71 'COMP_C71|COMP_C71' ***********
 *********** Elements for Body 72 'COMP_C72|COMP_C72' ***********
 *********** Elements for Body 73 'COMP_C73|COMP_C73' ***********
 *********** Elements for Body 74 'COMP_C74|COMP_C74' ***********
 *********** Elements for Body 75 'COMP_D1|COMP_D1' ***********
 *********** Elements for Body 76 'COMP_D2|COMP_D2' ***********
 *********** Elements for Body 77 'COMP_D3|COMP_D3' ***********
 *********** Elements for Body 78 'COMP_D4|COMP_D4' ***********
 *********** Elements for Body 79 'COMP_D5|COMP_D5' ***********
 *********** Elements for Body 80 'COMP_D6|COMP_D6' ***********
 *********** Elements for Body 81 'COMP_D7|COMP_D7' ***********
 *********** Elements for Body 82 'COMP_D8|COMP_D8' ***********
 *********** Elements for Body 83 'COMP_D9|COMP_D9' ***********
 *********** Elements for Body 84 'COMP_D10|COMP_D10' ***********
 *********** Elements for Body 85 'COMP_IC1|COMP_IC1' ***********
 *********** Elements for Body 86 'COMP_IC2|COMP_IC2' ***********
 *********** Elements for Body 87 'COMP_IC3|COMP_IC3' ***********
 *********** Elements for Body 88 'COMP_IC4|COMP_IC4' ***********
 *********** Elements for Body 89 'COMP_IC5|COMP_IC5' ***********
 *********** Elements for Body 90 'COMP_IC7|COMP_IC7' ***********
 *********** Elements for Body 91 'COMP_IC8|COMP_IC8' ***********
 *********** Elements for Body 92 'COMP_IC9|COMP_IC9' ***********
 *********** Elements for Body 93 'COMP_IC10|COMP_IC10' ***********
 *********** Elements for Body 94 'COMP_IC11|COMP_IC11' ***********
 *********** Elements for Body 95 'COMP_IC12|COMP_IC12' ***********
 *********** Elements for Body 96 'COMP_IC13|COMP_IC13' ***********
 *********** Elements for Body 97 'COMP_IC14|COMP_IC14' ***********
 *********** Elements for Body 98 'COMP_IC15|COMP_IC15' ***********
 *********** Elements for Body 99 'COMP_J1|COMP_J1' ***********
 *********** Elements for Body 100 'COMP_J2|COMP_J2' ***********
 *********** Elements for Body 101 'COMP_J3|COMP_J3' ***********
 *********** Elements for Body 102 'COMP_J4|COMP_J4' ***********
 *********** Elements for Body 103 'COMP_J5|COMP_J5' ***********
 *********** Elements for Body 104 'COMP_J6|COMP_J6' ***********
 *********** Elements for Body 105 'COMP_L1|COMP_L1' ***********
 *********** Elements for Body 106 'COMP_L2|COMP_L2' ***********
 *********** Elements for Body 107 'COMP_L3|COMP_L3' ***********
 *********** Elements for Body 108 'COMP_L4|COMP_L4' ***********
 *********** Elements for Body 109 'COMP_L5|COMP_L5' ***********
 *********** Elements for Body 110 'COMP_L6|COMP_L6' ***********
 *********** Elements for Body 111 'COMP_Q1|COMP_Q1' ***********
 *********** Elements for Body 112 'COMP_Q2|COMP_Q2' ***********
 *********** Elements for Body 113 'COMP_Q3|COMP_Q3' ***********
 *********** Elements for Body 114 'COMP_Q4|COMP_Q4' ***********
 *********** Elements for Body 115 'COMP_R1|COMP_R1' ***********
 *********** Elements for Body 116 'COMP_R2|COMP_R2' ***********
 *********** Elements for Body 117 'COMP_R3|COMP_R3' ***********
 *********** Elements for Body 118 'COMP_R4|COMP_R4' ***********
 *********** Elements for Body 119 'COMP_R5|COMP_R5' ***********
 *********** Elements for Body 120 'COMP_R6|COMP_R6' ***********
 *********** Elements for Body 121 'COMP_R7|COMP_R7' ***********
 *********** Elements for Body 122 'COMP_R8|COMP_R8' ***********
 *********** Elements for Body 123 'COMP_R9|COMP_R9' ***********
 *********** Elements for Body 124 'COMP_R10|COMP_R10' ***********
 *********** Elements for Body 125 'COMP_R11|COMP_R11' ***********
 *********** Elements for Body 126 'COMP_R12|COMP_R12' ***********
 *********** Elements for Body 127 'COMP_R13|COMP_R13' ***********
 *********** Elements for Body 128 'COMP_R14|COMP_R14' ***********
 *********** Elements for Body 129 'COMP_R15|COMP_R15' ***********
 *********** Elements for Body 130 'COMP_R16|COMP_R16' ***********
 *********** Elements for Body 131 'COMP_R17|COMP_R17' ***********
 *********** Elements for Body 132 'COMP_R18|COMP_R18' ***********
 *********** Elements for Body 133 'COMP_R19|COMP_R19' ***********
 *********** Elements for Body 134 'COMP_R20|COMP_R20' ***********
 *********** Elements for Body 135 'COMP_R21|COMP_R21' ***********
 *********** Elements for Body 136 'COMP_R22|COMP_R22' ***********
 *********** Elements for Body 137 'COMP_R23|COMP_R23' ***********
 *********** Elements for Body 138 'COMP_R24|COMP_R24' ***********
 *********** Elements for Body 139 'COMP_R25|COMP_R25' ***********
 *********** Elements for Body 140 'COMP_R26|COMP_R26' ***********
 *********** Elements for Body 141 'COMP_R27|COMP_R27' ***********
 *********** Elements for Body 142 'COMP_R28|COMP_R28' ***********
 *********** Elements for Body 143 'COMP_R29|COMP_R29' ***********
 *********** Elements for Body 144 'COMP_R30|COMP_R30' ***********
 *********** Elements for Body 145 'COMP_R31|COMP_R31' ***********
 *********** Elements for Body 146 'COMP_R32|COMP_R32' ***********
 *********** Elements for Body 147 'COMP_R33|COMP_R33' ***********
 *********** Elements for Body 148 'COMP_R34|COMP_R34' ***********
 *********** Elements for Body 149 'COMP_R35|COMP_R35' ***********
 *********** Elements for Body 150 'COMP_R36|COMP_R36' ***********
 *********** Elements for Body 151 'COMP_R37|COMP_R37' ***********
 *********** Elements for Body 152 'COMP_R38|COMP_R38' ***********
 *********** Elements for Body 153 'COMP_R39|COMP_R39' ***********
 *********** Elements for Body 154 'COMP_R40|COMP_R40' ***********
 *********** Elements for Body 155 'COMP_R41|COMP_R41' ***********
 *********** Elements for Body 156 'COMP_R42|COMP_R42' ***********
 *********** Elements for Body 157 'COMP_R43|COMP_R43' ***********
 *********** Elements for Body 158 'COMP_R44|COMP_R44' ***********
 *********** Elements for Body 159 'COMP_R45|COMP_R45' ***********
 *********** Elements for Body 160 'COMP_R46|COMP_R46' ***********
 *********** Elements for Body 161 'COMP_R47|COMP_R47' ***********
 *********** Elements for Body 162 'COMP_R48|COMP_R48' ***********
 *********** Elements for Body 163 'COMP_R49|COMP_R49' ***********
 *********** Elements for Body 164 'COMP_R50|COMP_R50' ***********
 *********** Elements for Body 165 'COMP_R51|COMP_R51' ***********
 *********** Elements for Body 166 'COMP_R52|COMP_R52' ***********
 *********** Elements for Body 167 'COMP_R53|COMP_R53' ***********
 *********** Elements for Body 168 'COMP_R54|COMP_R54' ***********
 *********** Elements for Body 169 'COMP_R55|COMP_R55' ***********
 *********** Elements for Body 170 'COMP_R56|COMP_R56' ***********
 *********** Elements for Body 171 'COMP_RefDes|COMP_RefDes' ***********
 *********** Elements for Body 172 'COMP_U1|COMP_U1' ***********
 *********** Elements for Body 173 'Power_Board_Batt_Screw_defeatured_2|Part 13[
 *********** Elements for Body 174 'Power_Board_Batt_Screw_defeatured_2|Part 28[
 *********** Elements for Body 175 'Power_Board_Batt_Screw_defeatured_2|Part 12[
 *********** Elements for Body 176 'Power_Board_Batt_Screw_defeatured_2|Part 27[
 *********** Elements for Body 177 'Power_Board_Batt_Screw_defeatured_2|Part 11[
 *********** Elements for Body 178 'Power_Board_Batt_Screw_defeatured_2|Part 26[
 *********** Elements for Body 179 'Power_Board_Batt_Screw_defeatured_2|Part 3[1
 *********** Elements for Body 180 'Power_Board_Batt_Screw_defeatured_2|Part 25[
 *********** Elements for Body 181 'Power_Board_Batt_Screw_defeatured_2|Part 2[1
 *********** Elements for Body 182 'Power_Board_Batt_Screw_defeatured_2|Part 24[
 *********** Elements for Body 183 'Power_Board_Batt_Screw_defeatured_2|Part 4[1
 *********** Elements for Body 184 'Power_Board_Batt_Screw_defeatured_2|Part 23[
 *********** Elements for Body 185 'Power_Board_Batt_Screw_defeatured_2|Part 22[
 *********** Elements for Body 186 'Power_Board_Batt_Screw_defeatured_2|Part 6[1
 *********** Elements for Body 187 'Power_Board_Batt_Screw_defeatured_2|Part 5[1
 *********** Elements for Body 188 'Power_Board_Batt_Screw_defeatured_2|Part 33[
 *********** Elements for Body 189 'Power_Board_Batt_Screw_defeatured_2|Part 17[
 *********** Elements for Body 190 'Power_Board_Batt_Screw_defeatured_2|Part 1[1
 *********** Elements for Body 191 'Power_Board_Batt_Screw_defeatured_2|Part 16[
 *********** Elements for Body 192 'Power_Board_Batt_Screw_defeatured_2|Part 15[
 *********** Elements for Body 193 'Power_Board_Batt_Screw_defeatured_2|Part 14[
 *********** Elements for Body 194 'Power_Board_Batt_Screw_defeatured_2|Part 31[
 *********** Elements for Body 195 'Power_Board_Batt_Screw_defeatured_2|LPattern
 *********** Elements for Body 196 'Power_Board_Batt_Screw_defeatured_2|LPattern
 *********** Elements for Body 197 'Power_Board_Batt_Screw_defeatured_2|LPattern
 *********** Elements for Body 198 'Power_Board_Batt_Screw_defeatured_2|LPattern
 *********** Elements for Body 199 'Power_Board_Batt_Screw_defeatured_2|LPattern
 *********** Elements for Body 200 'Power_Board_Batt_Screw_defeatured_2|LPattern
 *********** Elements for Body 201 'Power_Board_Batt_Screw_defeatured_2|LPattern
 *********** Elements for Body 202 'Power_Board_Batt_Screw_defeatured_2|LPattern
 *********** Elements for Body 203 'Power_Board_Batt_Screw_defeatured_2|LPattern
 *********** Elements for Body 204 'Power_Board_Batt_Screw_defeatured_2|LPattern
 *********** Elements for Body 205 'Power_Board_Batt_Screw_defeatured_2|Part 30[
 *********** Elements for Body 206 'Power_Board_Batt_Screw_defeatured_2|LPattern
 *********** Elements for Body 207 'Power_Board_Batt_Screw_defeatured_2|LPattern
 *********** Elements for Body 208 'PCB|PCB' ***********
 *********** Set Reference Temperature ***********
 *********** Send Materials ***********
 *********** Create Contact "Zone de contact 181" ***********
             Real Constant Set For Above Contact Is 210 & 209
 *********** Create Contact "Zone de contact 182" ***********
             Real Constant Set For Above Contact Is 212 & 211
 *********** Create Contact "Zone de contact 183" ***********
             Real Constant Set For Above Contact Is 214 & 213
 *********** Create Contact "Zone de contact 184" ***********
             Real Constant Set For Above Contact Is 216 & 215
 *********** Create Contact "Zone de contact 185" ***********
             Real Constant Set For Above Contact Is 218 & 217
 *********** Create Contact "Zone de contact 186" ***********
             Real Constant Set For Above Contact Is 220 & 219
 *********** Create Contact "Zone de contact 187" ***********
             Real Constant Set For Above Contact Is 222 & 221
 *********** Create Contact "Zone de contact 188" ***********
             Real Constant Set For Above Contact Is 224 & 223
 *********** Create Contact "Zone de contact 189" ***********
             Real Constant Set For Above Contact Is 226 & 225
 *********** Create Contact "Zone de contact 190" ***********
             Real Constant Set For Above Contact Is 228 & 227
 *********** Create Contact "Zone de contact 191" ***********
             Real Constant Set For Above Contact Is 230 & 229
 *********** Create Contact "Zone de contact 192" ***********
             Real Constant Set For Above Contact Is 232 & 231
 *********** Create Contact "Zone de contact 193" ***********
             Real Constant Set For Above Contact Is 234 & 233
 *********** Create Contact "Zone de contact 194" ***********
             Real Constant Set For Above Contact Is 236 & 235
 *********** Create Contact "Zone de contact 195" ***********
             Real Constant Set For Above Contact Is 238 & 237
 *********** Create Contact "Zone de contact 196" ***********
             Real Constant Set For Above Contact Is 240 & 239
 *********** Create Contact "Zone de contact 197" ***********
             Real Constant Set For Above Contact Is 242 & 241
 *********** Create Contact "Zone de contact 198" ***********
             Real Constant Set For Above Contact Is 244 & 243
 *********** Create Contact "Zone de contact 199" ***********
             Real Constant Set For Above Contact Is 246 & 245
 *********** Create Contact "Zone de contact 200" ***********
             Real Constant Set For Above Contact Is 248 & 247
 *********** Create Contact "Zone de contact 201" ***********
             Real Constant Set For Above Contact Is 250 & 249
 *********** Create Contact "Zone de contact 202" ***********
             Real Constant Set For Above Contact Is 252 & 251
 *********** Create Contact "Zone de contact 203" ***********
             Real Constant Set For Above Contact Is 254 & 253
 *********** Create Contact "Zone de contact 204" ***********
             Real Constant Set For Above Contact Is 256 & 255
 *********** Create Contact "Zone de contact 205" ***********
             Real Constant Set For Above Contact Is 258 & 257
 *********** Create Contact "Zone de contact 206" ***********
             Real Constant Set For Above Contact Is 260 & 259
 *********** Create Contact "Zone de contact 207" ***********
             Real Constant Set For Above Contact Is 262 & 261
 *********** Create Contact "Zone de contact 208" ***********
             Real Constant Set For Above Contact Is 264 & 263
 *********** Create Contact "Zone de contact" ***********
             Real Constant Set For Above Contact Is 266 & 265
 *********** Create Contact "Zone de contact 2" ***********
             Real Constant Set For Above Contact Is 268 & 267
 *********** Create Contact "Zone de contact 3" ***********
             Real Constant Set For Above Contact Is 270 & 269
 *********** Create Contact "Zone de contact 4" ***********
             Real Constant Set For Above Contact Is 272 & 271
 *********** Create Contact "Zone de contact 5" ***********
             Real Constant Set For Above Contact Is 274 & 273
 *********** Create Contact "Zone de contact 6" ***********
             Real Constant Set For Above Contact Is 276 & 275
 *********** Create Contact "Zone de contact 7" ***********
             Real Constant Set For Above Contact Is 278 & 277
 *********** Create Contact "Zone de contact 8" ***********
             Real Constant Set For Above Contact Is 280 & 279
 *********** Create Contact "Zone de contact 9" ***********
             Real Constant Set For Above Contact Is 282 & 281
 *********** Create Contact "Zone de contact 10" ***********
             Real Constant Set For Above Contact Is 284 & 283
 *********** Create Contact "Zone de contact 11" ***********
             Real Constant Set For Above Contact Is 286 & 285
 *********** Create Contact "Zone de contact 12" ***********
             Real Constant Set For Above Contact Is 288 & 287
 *********** Create Contact "Zone de contact 13" ***********
             Real Constant Set For Above Contact Is 290 & 289
 *********** Create Contact "Zone de contact 14" ***********
             Real Constant Set For Above Contact Is 292 & 291
 *********** Create Contact "Zone de contact 15" ***********
             Real Constant Set For Above Contact Is 294 & 293
 *********** Create Contact "Zone de contact 16" ***********
             Real Constant Set For Above Contact Is 296 & 295
 *********** Create Contact "Zone de contact 17" ***********
             Real Constant Set For Above Contact Is 298 & 297
 *********** Create Contact "Zone de contact 18" ***********
             Real Constant Set For Above Contact Is 300 & 299
 *********** Create Contact "Zone de contact 19" ***********
             Real Constant Set For Above Contact Is 302 & 301
 *********** Create Contact "Zone de contact 20" ***********
             Real Constant Set For Above Contact Is 304 & 303
 *********** Create Contact "Zone de contact 21" ***********
             Real Constant Set For Above Contact Is 306 & 305
 *********** Create Contact "Zone de contact 22" ***********
             Real Constant Set For Above Contact Is 308 & 307
 *********** Create Contact "Zone de contact 23" ***********
             Real Constant Set For Above Contact Is 310 & 309
 *********** Create Contact "Zone de contact 24" ***********
             Real Constant Set For Above Contact Is 312 & 311
 *********** Create Contact "Zone de contact 25" ***********
             Real Constant Set For Above Contact Is 314 & 313
 *********** Create Contact "Zone de contact 26" ***********
             Real Constant Set For Above Contact Is 316 & 315
 *********** Create Contact "Zone de contact 27" ***********
             Real Constant Set For Above Contact Is 318 & 317
 *********** Create Contact "Zone de contact 28" ***********
             Real Constant Set For Above Contact Is 320 & 319
 *********** Create Contact "Zone de contact 29" ***********
             Real Constant Set For Above Contact Is 322 & 321
 *********** Create Contact "Zone de contact 30" ***********
             Real Constant Set For Above Contact Is 324 & 323
 *********** Create Contact "Zone de contact 31" ***********
             Real Constant Set For Above Contact Is 326 & 325
 *********** Create Contact "Zone de contact 32" ***********
             Real Constant Set For Above Contact Is 328 & 327
 *********** Create Contact "Zone de contact 33" ***********
             Real Constant Set For Above Contact Is 330 & 329
 *********** Create Contact "Zone de contact 34" ***********
             Real Constant Set For Above Contact Is 332 & 331
 *********** Create Contact "Zone de contact 35" ***********
             Real Constant Set For Above Contact Is 334 & 333
 *********** Create Contact "Zone de contact 36" ***********
             Real Constant Set For Above Contact Is 336 & 335
 *********** Create Contact "Zone de contact 37" ***********
             Real Constant Set For Above Contact Is 338 & 337
 *********** Create Contact "Zone de contact 38" ***********
             Real Constant Set For Above Contact Is 340 & 339
 *********** Create Contact "Zone de contact 39" ***********
             Real Constant Set For Above Contact Is 342 & 341
 *********** Create Contact "Zone de contact 40" ***********
             Real Constant Set For Above Contact Is 344 & 343
 *********** Create Contact "Zone de contact 41" ***********
             Real Constant Set For Above Contact Is 346 & 345
 *********** Create Contact "Zone de contact 42" ***********
             Real Constant Set For Above Contact Is 348 & 347
 *********** Create Contact "Zone de contact 43" ***********
             Real Constant Set For Above Contact Is 350 & 349
 *********** Create Contact "Zone de contact 44" ***********
             Real Constant Set For Above Contact Is 352 & 351
 *********** Create Contact "Zone de contact 45" ***********
             Real Constant Set For Above Contact Is 354 & 353
 *********** Create Contact "Zone de contact 46" ***********
             Real Constant Set For Above Contact Is 356 & 355
 *********** Create Contact "Zone de contact 47" ***********
             Real Constant Set For Above Contact Is 358 & 357
 *********** Create Contact "Zone de contact 48" ***********
             Real Constant Set For Above Contact Is 360 & 359
 *********** Create Contact "Zone de contact 49" ***********
             Real Constant Set For Above Contact Is 362 & 361
 *********** Create Contact "Zone de contact 50" ***********
             Real Constant Set For Above Contact Is 364 & 363
 *********** Create Contact "Zone de contact 51" ***********
             Real Constant Set For Above Contact Is 366 & 365
 *********** Create Contact "Zone de contact 52" ***********
             Real Constant Set For Above Contact Is 368 & 367
 *********** Create Contact "Zone de contact 53" ***********
             Real Constant Set For Above Contact Is 370 & 369
 *********** Create Contact "Zone de contact 54" ***********
             Real Constant Set For Above Contact Is 372 & 371
 *********** Create Contact "Zone de contact 55" ***********
             Real Constant Set For Above Contact Is 374 & 373
 *********** Create Contact "Zone de contact 56" ***********
             Real Constant Set For Above Contact Is 376 & 375
 *********** Create Contact "Zone de contact 57" ***********
             Real Constant Set For Above Contact Is 378 & 377
 *********** Create Contact "Zone de contact 58" ***********
             Real Constant Set For Above Contact Is 380 & 379
 *********** Create Contact "Zone de contact 59" ***********
             Real Constant Set For Above Contact Is 382 & 381
 *********** Create Contact "Zone de contact 60" ***********
             Real Constant Set For Above Contact Is 384 & 383
 *********** Create Contact "Zone de contact 61" ***********
             Real Constant Set For Above Contact Is 386 & 385
 *********** Create Contact "Zone de contact 62" ***********
             Real Constant Set For Above Contact Is 388 & 387
 *********** Create Contact "Zone de contact 63" ***********
             Real Constant Set For Above Contact Is 390 & 389
 *********** Create Contact "Zone de contact 64" ***********
             Real Constant Set For Above Contact Is 392 & 391
 *********** Create Contact "Zone de contact 65" ***********
             Real Constant Set For Above Contact Is 394 & 393
 *********** Create Contact "Zone de contact 66" ***********
             Real Constant Set For Above Contact Is 396 & 395
 *********** Create Contact "Zone de contact 67" ***********
             Real Constant Set For Above Contact Is 398 & 397
 *********** Create Contact "Zone de contact 68" ***********
             Real Constant Set For Above Contact Is 400 & 399
 *********** Create Contact "Zone de contact 69" ***********
             Real Constant Set For Above Contact Is 402 & 401
 *********** Create Contact "Zone de contact 70" ***********
             Real Constant Set For Above Contact Is 404 & 403
 *********** Create Contact "Zone de contact 71" ***********
             Real Constant Set For Above Contact Is 406 & 405
 *********** Create Contact "Zone de contact 72" ***********
             Real Constant Set For Above Contact Is 408 & 407
 *********** Create Contact "Zone de contact 73" ***********
             Real Constant Set For Above Contact Is 410 & 409
 *********** Create Contact "Zone de contact 74" ***********
             Real Constant Set For Above Contact Is 412 & 411
 *********** Create Contact "Zone de contact 75" ***********
             Real Constant Set For Above Contact Is 414 & 413
 *********** Create Contact "Zone de contact 76" ***********
             Real Constant Set For Above Contact Is 416 & 415
 *********** Create Contact "Zone de contact 77" ***********
             Real Constant Set For Above Contact Is 418 & 417
 *********** Create Contact "Zone de contact 78" ***********
             Real Constant Set For Above Contact Is 420 & 419
 *********** Create Contact "Zone de contact 79" ***********
             Real Constant Set For Above Contact Is 422 & 421
 *********** Create Contact "Zone de contact 80" ***********
             Real Constant Set For Above Contact Is 424 & 423
 *********** Create Contact "Zone de contact 81" ***********
             Real Constant Set For Above Contact Is 426 & 425
 *********** Create Contact "Zone de contact 82" ***********
             Real Constant Set For Above Contact Is 428 & 427
 *********** Create Contact "Zone de contact 83" ***********
             Real Constant Set For Above Contact Is 430 & 429
 *********** Create Contact "Zone de contact 84" ***********
             Real Constant Set For Above Contact Is 432 & 431
 *********** Create Contact "Zone de contact 85" ***********
             Real Constant Set For Above Contact Is 434 & 433
 *********** Create Contact "Zone de contact 86" ***********
             Real Constant Set For Above Contact Is 436 & 435
 *********** Create Contact "Zone de contact 87" ***********
             Real Constant Set For Above Contact Is 438 & 437
 *********** Create Contact "Zone de contact 88" ***********
             Real Constant Set For Above Contact Is 440 & 439
 *********** Create Contact "Zone de contact 89" ***********
             Real Constant Set For Above Contact Is 442 & 441
 *********** Create Contact "Zone de contact 90" ***********
             Real Constant Set For Above Contact Is 444 & 443
 *********** Create Contact "Zone de contact 91" ***********
             Real Constant Set For Above Contact Is 446 & 445
 *********** Create Contact "Zone de contact 92" ***********
             Real Constant Set For Above Contact Is 448 & 447
 *********** Create Contact "Zone de contact 93" ***********
             Real Constant Set For Above Contact Is 450 & 449
 *********** Create Contact "Zone de contact 94" ***********
             Real Constant Set For Above Contact Is 452 & 451
 *********** Create Contact "Zone de contact 95" ***********
             Real Constant Set For Above Contact Is 454 & 453
 *********** Create Contact "Zone de contact 96" ***********
             Real Constant Set For Above Contact Is 456 & 455
 *********** Create Contact "Zone de contact 97" ***********
             Real Constant Set For Above Contact Is 458 & 457
 *********** Create Contact "Zone de contact 98" ***********
             Real Constant Set For Above Contact Is 460 & 459
 *********** Create Contact "Zone de contact 99" ***********
             Real Constant Set For Above Contact Is 462 & 461
 *********** Create Contact "Zone de contact 100" ***********
             Real Constant Set For Above Contact Is 464 & 463
 *********** Create Contact "Zone de contact 101" ***********
             Real Constant Set For Above Contact Is 466 & 465
 *********** Create Contact "Zone de contact 102" ***********
             Real Constant Set For Above Contact Is 468 & 467
 *********** Create Contact "Zone de contact 103" ***********
             Real Constant Set For Above Contact Is 470 & 469
 *********** Create Contact "Zone de contact 104" ***********
             Real Constant Set For Above Contact Is 472 & 471
 *********** Create Contact "Zone de contact 105" ***********
             Real Constant Set For Above Contact Is 474 & 473
 *********** Create Contact "Zone de contact 106" ***********
             Real Constant Set For Above Contact Is 476 & 475
 *********** Create Contact "Zone de contact 107" ***********
             Real Constant Set For Above Contact Is 478 & 477
 *********** Create Contact "Zone de contact 108" ***********
             Real Constant Set For Above Contact Is 480 & 479
 *********** Create Contact "Zone de contact 109" ***********
             Real Constant Set For Above Contact Is 482 & 481
 *********** Create Contact "Zone de contact 110" ***********
             Real Constant Set For Above Contact Is 484 & 483
 *********** Create Contact "Zone de contact 111" ***********
             Real Constant Set For Above Contact Is 486 & 485
 *********** Create Contact "Zone de contact 112" ***********
             Real Constant Set For Above Contact Is 488 & 487
 *********** Create Contact "Zone de contact 113" ***********
             Real Constant Set For Above Contact Is 490 & 489
 *********** Create Contact "Zone de contact 114" ***********
             Real Constant Set For Above Contact Is 492 & 491
 *********** Create Contact "Zone de contact 115" ***********
             Real Constant Set For Above Contact Is 494 & 493
 *********** Create Contact "Zone de contact 116" ***********
             Real Constant Set For Above Contact Is 496 & 495
 *********** Create Contact "Zone de contact 117" ***********
             Real Constant Set For Above Contact Is 498 & 497
 *********** Create Contact "Zone de contact 118" ***********
             Real Constant Set For Above Contact Is 500 & 499
 *********** Create Contact "Zone de contact 119" ***********
             Real Constant Set For Above Contact Is 502 & 501
 *********** Create Contact "Zone de contact 120" ***********
             Real Constant Set For Above Contact Is 504 & 503
 *********** Create Contact "Zone de contact 121" ***********
             Real Constant Set For Above Contact Is 506 & 505
 *********** Create Contact "Zone de contact 122" ***********
             Real Constant Set For Above Contact Is 508 & 507
 *********** Create Contact "Zone de contact 123" ***********
             Real Constant Set For Above Contact Is 510 & 509
 *********** Create Contact "Zone de contact 124" ***********
             Real Constant Set For Above Contact Is 512 & 511
 *********** Create Contact "Zone de contact 125" ***********
             Real Constant Set For Above Contact Is 514 & 513
 *********** Create Contact "Zone de contact 126" ***********
             Real Constant Set For Above Contact Is 516 & 515
 *********** Create Contact "Zone de contact 127" ***********
             Real Constant Set For Above Contact Is 518 & 517
 *********** Create Contact "Zone de contact 128" ***********
             Real Constant Set For Above Contact Is 520 & 519
 *********** Create Contact "Zone de contact 129" ***********
             Real Constant Set For Above Contact Is 522 & 521
 *********** Create Contact "Zone de contact 130" ***********
             Real Constant Set For Above Contact Is 524 & 523
 *********** Create Contact "Zone de contact 131" ***********
             Real Constant Set For Above Contact Is 526 & 525
 *********** Create Contact "Zone de contact 132" ***********
             Real Constant Set For Above Contact Is 528 & 527
 *********** Create Contact "Zone de contact 133" ***********
             Real Constant Set For Above Contact Is 530 & 529
 *********** Create Contact "Zone de contact 134" ***********
             Real Constant Set For Above Contact Is 532 & 531
 *********** Create Contact "Zone de contact 135" ***********
             Real Constant Set For Above Contact Is 534 & 533
 *********** Create Contact "Zone de contact 136" ***********
             Real Constant Set For Above Contact Is 536 & 535
 *********** Create Contact "Zone de contact 137" ***********
             Real Constant Set For Above Contact Is 538 & 537
 *********** Create Contact "Zone de contact 138" ***********
             Real Constant Set For Above Contact Is 540 & 539
 *********** Create Contact "Zone de contact 139" ***********
             Real Constant Set For Above Contact Is 542 & 541
 *********** Create Contact "Zone de contact 140" ***********
             Real Constant Set For Above Contact Is 544 & 543
 *********** Create Contact "Zone de contact 141" ***********
             Real Constant Set For Above Contact Is 546 & 545
 *********** Create Contact "Zone de contact 142" ***********
             Real Constant Set For Above Contact Is 548 & 547
 *********** Create Contact "Zone de contact 143" ***********
             Real Constant Set For Above Contact Is 550 & 549
 *********** Create Contact "Zone de contact 144" ***********
             Real Constant Set For Above Contact Is 552 & 551
 *********** Create Contact "Zone de contact 145" ***********
             Real Constant Set For Above Contact Is 554 & 553
 *********** Create Contact "Zone de contact 146" ***********
             Real Constant Set For Above Contact Is 556 & 555
 *********** Create Contact "Zone de contact 147" ***********
             Real Constant Set For Above Contact Is 558 & 557
 *********** Create Contact "Zone de contact 148" ***********
             Real Constant Set For Above Contact Is 560 & 559
 *********** Create Contact "Zone de contact 149" ***********
             Real Constant Set For Above Contact Is 562 & 561
 *********** Create Contact "Zone de contact 150" ***********
             Real Constant Set For Above Contact Is 564 & 563
 *********** Create Contact "Zone de contact 151" ***********
             Real Constant Set For Above Contact Is 566 & 565
 *********** Create Contact "Zone de contact 152" ***********
             Real Constant Set For Above Contact Is 568 & 567
 *********** Create Contact "Zone de contact 153" ***********
             Real Constant Set For Above Contact Is 570 & 569
 *********** Create Contact "Zone de contact 154" ***********
             Real Constant Set For Above Contact Is 572 & 571
 *********** Create Contact "Zone de contact 155" ***********
             Real Constant Set For Above Contact Is 574 & 573
 *********** Create Contact "Zone de contact 156" ***********
             Real Constant Set For Above Contact Is 576 & 575
 *********** Create Contact "Zone de contact 157" ***********
             Real Constant Set For Above Contact Is 578 & 577
 *********** Create Contact "Zone de contact 158" ***********
             Real Constant Set For Above Contact Is 580 & 579
 *********** Create Contact "Zone de contact 159" ***********
             Real Constant Set For Above Contact Is 582 & 581
 *********** Create Contact "Zone de contact 160" ***********
             Real Constant Set For Above Contact Is 584 & 583
 *********** Create Contact "Zone de contact 161" ***********
             Real Constant Set For Above Contact Is 586 & 585
 *********** Create Contact "Zone de contact 162" ***********
             Real Constant Set For Above Contact Is 588 & 587
 *********** Create Contact "Zone de contact 163" ***********
             Real Constant Set For Above Contact Is 590 & 589
 *********** Create Contact "Zone de contact 164" ***********
             Real Constant Set For Above Contact Is 592 & 591
 *********** Create Contact "Zone de contact 165" ***********
             Real Constant Set For Above Contact Is 594 & 593
 *********** Create Contact "Zone de contact 166" ***********
             Real Constant Set For Above Contact Is 596 & 595
 *********** Create Contact "Zone de contact 167" ***********
             Real Constant Set For Above Contact Is 598 & 597
 *********** Create Contact "Zone de contact 168" ***********
             Real Constant Set For Above Contact Is 600 & 599
 *********** Create Contact "Zone de contact 169" ***********
             Real Constant Set For Above Contact Is 602 & 601
 *********** Create Contact "Zone de contact 170" ***********
             Real Constant Set For Above Contact Is 604 & 603
 *********** Create Contact "Zone de contact 171" ***********
             Real Constant Set For Above Contact Is 606 & 605
 *********** Create Contact "Zone de contact 172" ***********
             Real Constant Set For Above Contact Is 608 & 607
 *********** Create Contact "Zone de contact 173" ***********
             Real Constant Set For Above Contact Is 610 & 609
 *********** Create Contact "Zone de contact 174" ***********
             Real Constant Set For Above Contact Is 612 & 611
 *********** Create Contact "Zone de contact 175" ***********
             Real Constant Set For Above Contact Is 614 & 613
 *********** Create Contact "Zone de contact 176" ***********
             Real Constant Set For Above Contact Is 616 & 615
 *********** Create Contact "Zone de contact 177" ***********
             Real Constant Set For Above Contact Is 618 & 617
 *********** Create Contact "Zone de contact 178" ***********
             Real Constant Set For Above Contact Is 620 & 619
 *********** Create Contact "Zone de contact 179" ***********
             Real Constant Set For Above Contact Is 622 & 621
 *********** Create Contact "Zone de contact 180" ***********
             Real Constant Set For Above Contact Is 624 & 623
 *********** Send Named Selection as Element Component ***********
 *********** Send Named Selection as Node Component ***********
 *********** Send Named Selection as Node Component ***********
 *********** Send Named Selection as Element Component ***********
 *********** Send Named Selection as Node Component ***********
 *********** Send Named Selection as Node Component ***********
 *********** Send Named Selection as Element Component ***********
 *********** Send Named Selection as Node Component ***********
 *********** Send Named Selection as Node Component ***********
 *********** Send Named Selection as Element Component ***********
 *********** Send Named Selection as Node Component ***********
 *********** Send Named Selection as Node Component ***********
 *********** Send Named Selection as Element Component ***********
 *********** Send Named Selection as Node Component ***********
 *********** Send Named Selection as Node Component ***********
 *********** Send Named Selection as Element Component ***********
 *********** Send Named Selection as Node Component ***********
 *********** Send Named Selection as Node Component ***********
 ****** Sending PCB_ExistingBolt_670N.xml at ASSEMBLY Level as Bolt ******
 PCB_BOLT_1: pretension=39 target=40 contact=8


 ***** ROUTINE COMPLETED *****  ELAPSED TIME =        16.746



 *****  MAPDL SOLUTION ROUTINE  *****
 Done Sending PCB_ExistingBolt_670N.xml at ASSEMBLY Level as Bolt

 *** WARNING ***                         ELAPSED TIME =      16.767   TIME= 21:25:01
 Parameter _APDLBOLTCSIDS already exists.  It is deleted and redefined   
 by the *DIM command.                                                    
 ****** Sending PCB_ExistingBolt_670N.xml at ASSEMBLY Level as Bolt ******

 FINISH SOLUTION PROCESSING


 ***** ROUTINE COMPLETED *****  ELAPSED TIME =        16.953



 *** MAPDL - ENGINEERING ANALYSIS SYSTEM  RELEASE 2026 R1.02       26.1     ***
 Ansys Mechanical Enterprise Academic Research     
 01196637  VERSION=WINDOWS x64   21:25:01  OCT 04, 2026 Elapsed Time=     16.989

 powerboardsim_v1--BOLT750 - preload then locked length (B5)                   



          ***** MAPDL ANALYSIS DEFINITION (PREP7) *****
 PCB_BOLT_2: pretension=46 target=32 contact=8


 ***** ROUTINE COMPLETED *****  ELAPSED TIME =        17.610



 *****  MAPDL SOLUTION ROUTINE  *****
 Done Sending PCB_ExistingBolt_670N.xml at ASSEMBLY Level as Bolt

 *** WARNING ***                         ELAPSED TIME =      17.612   TIME= 21:25:02
 Parameter _APDLBOLTCSIDS already exists.  It is deleted and redefined   
 by the *DIM command.                                                    
 ****** Sending PCB_ExistingBolt_670N.xml at ASSEMBLY Level as Bolt ******

 FINISH SOLUTION PROCESSING


 ***** ROUTINE COMPLETED *****  ELAPSED TIME =        17.636



 *** MAPDL - ENGINEERING ANALYSIS SYSTEM  RELEASE 2026 R1.02       26.1     ***
 Ansys Mechanical Enterprise Academic Research     
 01196637  VERSION=WINDOWS x64   21:25:02  OCT 04, 2026 Elapsed Time=     17.684

 powerboardsim_v1--BOLT750 - preload then locked length (B5)                   



          ***** MAPDL ANALYSIS DEFINITION (PREP7) *****
 PCB_BOLT_3: pretension=46 target=47 contact=8


 ***** ROUTINE COMPLETED *****  ELAPSED TIME =        18.454



 *****  MAPDL SOLUTION ROUTINE  *****
 Done Sending PCB_ExistingBolt_670N.xml at ASSEMBLY Level as Bolt

 *** WARNING ***                         ELAPSED TIME =      18.455   TIME= 21:25:03
 Parameter _APDLBOLTCSIDS already exists.  It is deleted and redefined   
 by the *DIM command.                                                    
 ****** Sending PCB_ExistingBolt_670N.xml at ASSEMBLY Level as Bolt ******

 FINISH SOLUTION PROCESSING


 ***** ROUTINE COMPLETED *****  ELAPSED TIME =        18.458



 *** MAPDL - ENGINEERING ANALYSIS SYSTEM  RELEASE 2026 R1.02       26.1     ***
 Ansys Mechanical Enterprise Academic Research     
 01196637  VERSION=WINDOWS x64   21:25:03  OCT 04, 2026 Elapsed Time=     18.459

 powerboardsim_v1--BOLT750 - preload then locked length (B5)                   



          ***** MAPDL ANALYSIS DEFINITION (PREP7) *****
 PCB_BOLT_4: pretension=58 target=24 contact=8


 ***** ROUTINE COMPLETED *****  ELAPSED TIME =        19.051



 *****  MAPDL SOLUTION ROUTINE  *****
 Done Sending PCB_ExistingBolt_670N.xml at ASSEMBLY Level as Bolt

 *** WARNING ***                         ELAPSED TIME =      19.057   TIME= 21:25:03
 Parameter _APDLBOLTCSIDS already exists.  It is deleted and redefined   
 by the *DIM command.                                                    
 ****** Sending PCB_ExistingBolt_670N.xml at ASSEMBLY Level as Bolt ******

 FINISH SOLUTION PROCESSING


 ***** ROUTINE COMPLETED *****  ELAPSED TIME =        19.285



 *** MAPDL - ENGINEERING ANALYSIS SYSTEM  RELEASE 2026 R1.02       26.1     ***
 Ansys Mechanical Enterprise Academic Research     
 01196637  VERSION=WINDOWS x64   21:25:04  OCT 04, 2026 Elapsed Time=     19.299

 powerboardsim_v1--BOLT750 - preload then locked length (B5)                   



          ***** MAPDL ANALYSIS DEFINITION (PREP7) *****
 PCB_BOLT_5: pretension=50 target=34 contact=8


 ***** ROUTINE COMPLETED *****  ELAPSED TIME =        20.126



 *****  MAPDL SOLUTION ROUTINE  *****
 Done Sending PCB_ExistingBolt_670N.xml at ASSEMBLY Level as Bolt

 *** WARNING ***                         ELAPSED TIME =      20.128   TIME= 21:25:04
 Parameter _APDLBOLTCSIDS already exists.  It is deleted and redefined   
 by the *DIM command.                                                    
 ****** Sending PCB_ExistingBolt_670N.xml at ASSEMBLY Level as Bolt ******

 FINISH SOLUTION PROCESSING


 ***** ROUTINE COMPLETED *****  ELAPSED TIME =        20.131



 *** MAPDL - ENGINEERING ANALYSIS SYSTEM  RELEASE 2026 R1.02       26.1     ***
 Ansys Mechanical Enterprise Academic Research     
 01196637  VERSION=WINDOWS x64   21:25:04  OCT 04, 2026 Elapsed Time=     20.133

 powerboardsim_v1--BOLT750 - preload then locked length (B5)                   



          ***** MAPDL ANALYSIS DEFINITION (PREP7) *****
 PCB_BOLT_6: pretension=43 target=39 contact=8


 ***** ROUTINE COMPLETED *****  ELAPSED TIME =        20.692



 *****  MAPDL SOLUTION ROUTINE  *****
 Done Sending PCB_ExistingBolt_670N.xml at ASSEMBLY Level as Bolt
 *********** Fixed Supports ***********

 FINISH SOLUTION PROCESSING


 ***** ROUTINE COMPLETED *****  ELAPSED TIME =        20.953


 --- Number of total nodes = 95503
 --- Number of contact elements = 17818
 --- Number of spring elements = 0
 --- Number of bearing elements = 0
 --- Number of solid elements = 32843
 --- Number of condensed parts = 0
 --- Number of total elements = 51207

 *GET  _WALLBSOL  FROM  ACTI  ITEM=TIME WALL  VALUE= 0.582371587E-02
 ****************************************************************************
 *************************    SOLUTION       ********************************
 ****************************************************************************

 *****  MAPDL SOLUTION ROUTINE  *****


 PERFORM A STATIC ANALYSIS
  THIS WILL BE A NEW ANALYSIS

 PARAMETER _THICKRATIO =    0.7210000000E-01

 USE SPARSE MATRIX DIRECT SOLVER

 CONTACT INFORMATION PRINTOUT LEVEL       1

 CONTACT PAIR INFO IS WRITTEN TO FILE= file.cnm                                                                                                                                                                                                                                                            

 CHECK INITIAL OPEN/CLOSED STATUS OF SELECTED CONTACT ELEMENTS
      AND LIST DETAILED CONTACT PAIR INFORMATION

 SPLIT CONTACT SURFACES AT SOLVE PHASE

    NUMBER OF SPLITTING TBD BY PROGRAM

 NLDIAG: Nonlinear diagnostics CONT option is set to ON. 
         Writing frequency : each ITERATION.

 DEFINE RESTART CONTROL FOR LOADSTEP LAST
 AT FREQUENCY OF LAST AND NUMBER FOR OVERWRITE IS   -1

 WRITE MULTIFRAME RESTART FILES EVEN
 WHEN IT IS A LINEAR STATIC ANALYSIS
 ****************************************************
 ******************* SOLVE FOR LS 1 OF 2 ****************

 PRINTOUT RESUMED BY /GOP

 USE       1 SUBSTEPS INITIALLY THIS LOAD STEP FOR ALL  DEGREES OF FREEDOM
 FOR AUTOMATIC TIME STEPPING:
   USE      1 SUBSTEPS AS A MAXIMUM
   USE      1 SUBSTEPS AS A MINIMUM

 TIME=  1.0000    

 ERASE THE CURRENT DATABASE OUTPUT CONTROL TABLE.


 WRITE ALL  ITEMS TO THE DATABASE WITH A FREQUENCY OF NONE
   FOR ALL APPLICABLE ENTITIES

 WRITE NSOL ITEMS TO THE DATABASE WITH A FREQUENCY OF ALL 
   FOR ALL APPLICABLE ENTITIES

 WRITE RSOL ITEMS TO THE DATABASE WITH A FREQUENCY OF ALL 
   FOR ALL APPLICABLE ENTITIES

 WRITE EANG ITEMS TO THE DATABASE WITH A FREQUENCY OF ALL 
   FOR ALL APPLICABLE ENTITIES

 WRITE ETMP ITEMS TO THE DATABASE WITH A FREQUENCY OF ALL 
   FOR ALL APPLICABLE ENTITIES

 WRITE VENG ITEMS TO THE DATABASE WITH A FREQUENCY OF ALL 
   FOR ALL APPLICABLE ENTITIES

 WRITE STRS ITEMS TO THE DATABASE WITH A FREQUENCY OF ALL 
   FOR ALL APPLICABLE ENTITIES

 WRITE EPEL ITEMS TO THE DATABASE WITH A FREQUENCY OF ALL 
   FOR ALL APPLICABLE ENTITIES

 WRITE EPPL ITEMS TO THE DATABASE WITH A FREQUENCY OF ALL 
   FOR ALL APPLICABLE ENTITIES

 WRITE CONT ITEMS TO THE DATABASE WITH A FREQUENCY OF ALL 
   FOR ALL APPLICABLE ENTITIES

 PARAMETER _MECHOBJID =     4139.000000    

 PARAMETER _MECHANALYSISSTEP =     1.000000000    

 SET PARAMETER DIMENSIONS ON  _APDLBOLTCSIDS
  TYPE=ARRA  DIMENSIONS=        1        1        1

 *** WARNING ***                         ELAPSED TIME =      21.535   TIME= 21:25:06
 Parameter _APDLBOLTCSIDS already exists.  It is deleted and redefined   
 by the *DIM command.                                                    

 PARAMETER _APDLBOLTCSIDS(1) =     12.00000000    

 PARAMETER _BOLTZLOC =     0.000000000    

 PARAMETER _NUTWASHERZLOC =     0.000000000    

 PARAMETER _NUTZLOC =     0.000000000    

 PARAMETER PBINDEX =     1.000000000    

 PARAMETER PBBODY = PCB670_01_BODY  

 PARAMETER PBSHAFT = PCB670_01_SHAFT 

 PARAMETER PBHOLE = PCB670_01_HOLE  
 ****** Sending PCB_ExistingBolt_670N.xml at ASSEMBLY Level as Bolt ******

 PARAMETER PARTNAMEINASSEMBLY = Bolt    

 PARAMETER INPUTLEVEL = ASSEMBLY

 PARAMETER PARTFILENAME = PCB_ExistingBolt_670N.xml       

 PARAMETER PBLOAD =     750.0000000    

 *GET  PBANALYSIS  FROM  ACTI  ITEM=ANTY       VALUE=  0.00000000    

 *IF  PBAnalysis  ( =   0.00000     )  EQ  
      0  ( =   0.00000     )  THEN    

 PARAMETER PBPN =     95603.00000    

 *IF  _MechAnalysisStep  ( =   1.00000     )  EQ  
      1  ( =   1.00000     )  THEN    

 SPECIFIED NODAL LOAD FX   FOR SELECTED NODES     95603 TO    95603 BY        1
  REAL=  750.000000       IMAG=  0.00000000    
 PCB_BOLT_1 PRELOAD 750 N

 *ELSEIF  _MechAnalysisStep                 ( =   1.00000     )  GT  
          1                                 ( =   1.00000     )  THEN    

 *ENDIF

 *ENDIF

 SELECT ALL ENTITIES OF TYPE= ALL  AND BELOW
 Done Sending PCB_ExistingBolt_670N.xml at ASSEMBLY Level as Bolt

 PARAMETER _MECHOBJID =     4147.000000    

 PARAMETER _MECHANALYSISSTEP =     1.000000000    

 SET PARAMETER DIMENSIONS ON  _APDLBOLTCSIDS
  TYPE=ARRA  DIMENSIONS=        1        1        1

 *** WARNING ***                         ELAPSED TIME =      21.541   TIME= 21:25:06
 Parameter _APDLBOLTCSIDS already exists.  It is deleted and redefined   
 by the *DIM command.                                                    

 PARAMETER _APDLBOLTCSIDS(1) =     12.00000000    

 PARAMETER _BOLTZLOC =     0.000000000    

 PARAMETER _NUTWASHERZLOC =     0.000000000    

 PARAMETER _NUTZLOC =     0.000000000    

 PARAMETER PBINDEX =     2.000000000    

 PARAMETER PBBODY = PCB670_02_BODY  

 PARAMETER PBSHAFT = PCB670_02_SHAFT 

 PARAMETER PBHOLE = PCB670_02_HOLE  
 ****** Sending PCB_ExistingBolt_670N.xml at ASSEMBLY Level as Bolt ******

 PARAMETER PARTNAMEINASSEMBLY = Bolt    

 PARAMETER INPUTLEVEL = ASSEMBLY

 PARAMETER PARTFILENAME = PCB_ExistingBolt_670N.xml       

 PARAMETER PBLOAD =     750.0000000    

 *GET  PBANALYSIS  FROM  ACTI  ITEM=ANTY       VALUE=  0.00000000    

 *IF  PBAnalysis  ( =   0.00000     )  EQ  
      0  ( =   0.00000     )  THEN    

 PARAMETER PBPN =     97604.00000    

 *IF  _MechAnalysisStep  ( =   1.00000     )  EQ  
      1  ( =   1.00000     )  THEN    

 SPECIFIED NODAL LOAD FX   FOR SELECTED NODES     97604 TO    97604 BY        1
  REAL=  750.000000       IMAG=  0.00000000    
 PCB_BOLT_2 PRELOAD 750 N

 *ELSEIF  _MechAnalysisStep                 ( =   1.00000     )  GT  
          1                                 ( =   1.00000     )  THEN    

 *ENDIF

 *ENDIF

 SELECT ALL ENTITIES OF TYPE= ALL  AND BELOW
 Done Sending PCB_ExistingBolt_670N.xml at ASSEMBLY Level as Bolt

 PARAMETER _MECHOBJID =     4155.000000    

 PARAMETER _MECHANALYSISSTEP =     1.000000000    

 SET PARAMETER DIMENSIONS ON  _APDLBOLTCSIDS
  TYPE=ARRA  DIMENSIONS=        1        1        1

 *** WARNING ***                         ELAPSED TIME =      21.547   TIME= 21:25:06
 Parameter _APDLBOLTCSIDS already exists.  It is deleted and redefined   
 by the *DIM command.                                                    

 PARAMETER _APDLBOLTCSIDS(1) =     12.00000000    

 PARAMETER _BOLTZLOC =     0.000000000    

 PARAMETER _NUTWASHERZLOC =     0.000000000    

 PARAMETER _NUTZLOC =     0.000000000    

 PARAMETER PBINDEX =     3.000000000    

 PARAMETER PBBODY = PCB670_03_BODY  

 PARAMETER PBSHAFT = PCB670_03_SHAFT 

 PARAMETER PBHOLE = PCB670_03_HOLE  
 ****** Sending PCB_ExistingBolt_670N.xml at ASSEMBLY Level as Bolt ******

 PARAMETER PARTNAMEINASSEMBLY = Bolt    

 PARAMETER INPUTLEVEL = ASSEMBLY

 PARAMETER PARTFILENAME = PCB_ExistingBolt_670N.xml       

 PARAMETER PBLOAD =     750.0000000    

 *GET  PBANALYSIS  FROM  ACTI  ITEM=ANTY       VALUE=  0.00000000    

 *IF  PBAnalysis  ( =   0.00000     )  EQ  
      0  ( =   0.00000     )  THEN    

 PARAMETER PBPN =     99605.00000    

 *IF  _MechAnalysisStep  ( =   1.00000     )  EQ  
      1  ( =   1.00000     )  THEN    

 SPECIFIED NODAL LOAD FX   FOR SELECTED NODES     99605 TO    99605 BY        1
  REAL=  750.000000       IMAG=  0.00000000    
 PCB_BOLT_3 PRELOAD 750 N

 *ELSEIF  _MechAnalysisStep                 ( =   1.00000     )  GT  
          1                                 ( =   1.00000     )  THEN    

 *ENDIF

 *ENDIF

 SELECT ALL ENTITIES OF TYPE= ALL  AND BELOW
 Done Sending PCB_ExistingBolt_670N.xml at ASSEMBLY Level as Bolt

 PARAMETER _MECHOBJID =     4163.000000    

 PARAMETER _MECHANALYSISSTEP =     1.000000000    

 SET PARAMETER DIMENSIONS ON  _APDLBOLTCSIDS
  TYPE=ARRA  DIMENSIONS=        1        1        1

 *** WARNING ***                         ELAPSED TIME =      21.551   TIME= 21:25:06
 Parameter _APDLBOLTCSIDS already exists.  It is deleted and redefined   
 by the *DIM command.                                                    

 PARAMETER _APDLBOLTCSIDS(1) =     12.00000000    

 PARAMETER _BOLTZLOC =     0.000000000    

 PARAMETER _NUTWASHERZLOC =     0.000000000    

 PARAMETER _NUTZLOC =     0.000000000    

 PARAMETER PBINDEX =     4.000000000    

 PARAMETER PBBODY = PCB670_04_BODY  

 PARAMETER PBSHAFT = PCB670_04_SHAFT 

 PARAMETER PBHOLE = PCB670_04_HOLE  
 ****** Sending PCB_ExistingBolt_670N.xml at ASSEMBLY Level as Bolt ******

 PARAMETER PARTNAMEINASSEMBLY = Bolt    

 PARAMETER INPUTLEVEL = ASSEMBLY

 PARAMETER PARTFILENAME = PCB_ExistingBolt_670N.xml       

 PARAMETER PBLOAD =     750.0000000    

 *GET  PBANALYSIS  FROM  ACTI  ITEM=ANTY       VALUE=  0.00000000    

 *IF  PBAnalysis  ( =   0.00000     )  EQ  
      0  ( =   0.00000     )  THEN    

 PARAMETER PBPN =     101606.0000    

 *IF  _MechAnalysisStep  ( =   1.00000     )  EQ  
      1  ( =   1.00000     )  THEN    

 SPECIFIED NODAL LOAD FX   FOR SELECTED NODES    101606 TO   101606 BY        1
  REAL=  750.000000       IMAG=  0.00000000    
 PCB_BOLT_4 PRELOAD 750 N

 *ELSEIF  _MechAnalysisStep                 ( =   1.00000     )  GT  
          1                                 ( =   1.00000     )  THEN    

 *ENDIF

 *ENDIF

 SELECT ALL ENTITIES OF TYPE= ALL  AND BELOW
 Done Sending PCB_ExistingBolt_670N.xml at ASSEMBLY Level as Bolt

 PARAMETER _MECHOBJID =     4171.000000    

 PARAMETER _MECHANALYSISSTEP =     1.000000000    

 SET PARAMETER DIMENSIONS ON  _APDLBOLTCSIDS
  TYPE=ARRA  DIMENSIONS=        1        1        1

 *** WARNING ***                         ELAPSED TIME =      21.555   TIME= 21:25:06
 Parameter _APDLBOLTCSIDS already exists.  It is deleted and redefined   
 by the *DIM command.                                                    

 PARAMETER _APDLBOLTCSIDS(1) =     12.00000000    

 PARAMETER _BOLTZLOC =     0.000000000    

 PARAMETER _NUTWASHERZLOC =     0.000000000    

 PARAMETER _NUTZLOC =     0.000000000    

 PARAMETER PBINDEX =     5.000000000    

 PARAMETER PBBODY = PCB670_05_BODY  

 PARAMETER PBSHAFT = PCB670_05_SHAFT 

 PARAMETER PBHOLE = PCB670_05_HOLE  
 ****** Sending PCB_ExistingBolt_670N.xml at ASSEMBLY Level as Bolt ******

 PARAMETER PARTNAMEINASSEMBLY = Bolt    

 PARAMETER INPUTLEVEL = ASSEMBLY

 PARAMETER PARTFILENAME = PCB_ExistingBolt_670N.xml       

 PARAMETER PBLOAD =     750.0000000    

 *GET  PBANALYSIS  FROM  ACTI  ITEM=ANTY       VALUE=  0.00000000    

 *IF  PBAnalysis  ( =   0.00000     )  EQ  
      0  ( =   0.00000     )  THEN    

 PARAMETER PBPN =     103607.0000    

 *IF  _MechAnalysisStep  ( =   1.00000     )  EQ  
      1  ( =   1.00000     )  THEN    

 SPECIFIED NODAL LOAD FX   FOR SELECTED NODES    103607 TO   103607 BY        1
  REAL=  750.000000       IMAG=  0.00000000    
 PCB_BOLT_5 PRELOAD 750 N

 *ELSEIF  _MechAnalysisStep                 ( =   1.00000     )  GT  
          1                                 ( =   1.00000     )  THEN    

 *ENDIF

 *ENDIF

 SELECT ALL ENTITIES OF TYPE= ALL  AND BELOW
 Done Sending PCB_ExistingBolt_670N.xml at ASSEMBLY Level as Bolt

 PARAMETER _MECHOBJID =     4179.000000    

 PARAMETER _MECHANALYSISSTEP =     1.000000000    

 SET PARAMETER DIMENSIONS ON  _APDLBOLTCSIDS
  TYPE=ARRA  DIMENSIONS=        1        1        1

 *** WARNING ***                         ELAPSED TIME =      21.634   TIME= 21:25:06
 Parameter _APDLBOLTCSIDS already exists.  It is deleted and redefined   
 by the *DIM command.                                                    

 PARAMETER _APDLBOLTCSIDS(1) =     12.00000000    

 PARAMETER _BOLTZLOC =     0.000000000    

 PARAMETER _NUTWASHERZLOC =     0.000000000    

 PARAMETER _NUTZLOC =     0.000000000    

 PARAMETER PBINDEX =     6.000000000    

 PARAMETER PBBODY = PCB670_06_BODY  

 PARAMETER PBSHAFT = PCB670_06_SHAFT 

 PARAMETER PBHOLE = PCB670_06_HOLE  
 ****** Sending PCB_ExistingBolt_670N.xml at ASSEMBLY Level as Bolt ******

 PARAMETER PARTNAMEINASSEMBLY = Bolt    

 PARAMETER INPUTLEVEL = ASSEMBLY

 PARAMETER PARTFILENAME = PCB_ExistingBolt_670N.xml       

 PARAMETER PBLOAD =     750.0000000    

 *GET  PBANALYSIS  FROM  ACTI  ITEM=ANTY       VALUE=  0.00000000    

 *IF  PBAnalysis  ( =   0.00000     )  EQ  
      0  ( =   0.00000     )  THEN    

 PARAMETER PBPN =     105608.0000    

 *IF  _MechAnalysisStep  ( =   1.00000     )  EQ  
      1  ( =   1.00000     )  THEN    

 SPECIFIED NODAL LOAD FX   FOR SELECTED NODES    105608 TO   105608 BY        1
  REAL=  750.000000       IMAG=  0.00000000    
 PCB_BOLT_6 PRELOAD 750 N

 *ELSEIF  _MechAnalysisStep                 ( =   1.00000     )  GT  
          1                                 ( =   1.00000     )  THEN    

 *ENDIF

 *ENDIF

 SELECT ALL ENTITIES OF TYPE= ALL  AND BELOW
 Done Sending PCB_ExistingBolt_670N.xml at ASSEMBLY Level as Bolt

 FINISH SOLUTION PROCESSING


 ***** ROUTINE COMPLETED *****  ELAPSED TIME =        21.733



 *** MAPDL - ENGINEERING ANALYSIS SYSTEM  RELEASE 2026 R1.02       26.1     ***
 Ansys Mechanical Enterprise Academic Research     
 01196637  VERSION=WINDOWS x64   21:25:06  OCT 04, 2026 Elapsed Time=     21.755

 powerboardsim_v1--BOLT750 - preload then locked length (B5)                   



          ***** MAPDL ANALYSIS DEFINITION (PREP7) *****

 ELEMENT TECHNOLOGY CONTROL PARAMETER FOR APPLICABLE ELEMENTS = OFF.

 DEGENERATED ELEMENT SHAPE CONTROL PARAMETER FOR APPLICABLE ELEMENTS = ON.

 REACTIVATE MESSAGES (WARNINGS ONLY) FOR ELEMENT SHAPE LIMIT VIOLATIONS.


 ***** ROUTINE COMPLETED *****  ELAPSED TIME =        21.758



 *****  MAPDL SOLUTION ROUTINE  *****

 *GET  ANSINTER_  FROM  ACTI  ITEM=INT        VALUE=  0.00000000    

 *IF  ANSINTER_  ( =   0.00000     )  NE  
      0  ( =   0.00000     )  THEN    

 *ENDIF

 *** NOTE ***                            ELAPSED TIME =      21.785   TIME= 21:25:06
 The automatic domain decomposition logic has selected the MESH domain   
 decomposition method with 12 processes per solution.                    

 *****  MAPDL SOLVE    COMMAND  *****

 *** WARNING ***                         ELAPSED TIME =      22.338   TIME= 21:25:07
 Element shape errors, if any, are currently shown as warnings only.     
 Issue SHPP,ON to restore shape error traps, if desired.                 

 *** WARNING ***                         ELAPSED TIME =      22.595   TIME= 21:25:07
 No shape testing has been performed on 33389 of the 51207 selected      
 elements.  To perform shape testing on these elements and see any       
 warning messages about the others, please issue the CHECK command.      

 *** NOTE ***                            ELAPSED TIME =      22.597   TIME= 21:25:07
 The model data was checked and warning messages were found.             
  Please review output or errors file (                                  
 Z:\Developer\MIT_Rkt_Team\2026-7\MIT-RT-26_27-Work\simulation_work\avio 
 nics\powerboardsim\1\_ProjectScratch\Scr231B\file0.err ) for these      
 warning messages.                                                       

 *** MAPDL - ENGINEERING ANALYSIS SYSTEM  RELEASE 2026 R1.02       26.1     ***
 Ansys Mechanical Enterprise Academic Research     
 01196637  VERSION=WINDOWS x64   21:25:07  OCT 04, 2026 Elapsed Time=     22.607

 powerboardsim_v1--BOLT750 - preload then locked length (B5)                   



                       S O L U T I O N   O P T I O N S

   PROBLEM DIMENSIONALITY. . . . . . . . . . . . .3-D                  
   DEGREES OF FREEDOM. . . . . . UX   UY   UZ  
   ANALYSIS TYPE . . . . . . . . . . . . . . . . .STATIC (STEADY-STATE)
   OFFSET TEMPERATURE FROM ABSOLUTE ZERO . . . . .  273.15    
   EQUATION SOLVER OPTION. . . . . . . . . . . . .SPARSE             
   GLOBALLY ASSEMBLED MATRIX . . . . . . . . . . .SYMMETRIC  

 *** WARNING ***                         ELAPSED TIME =      22.888   TIME= 21:25:07
 Material number 624 (used by element 72426) should normally have at     
 least one MP or one TB type command associated with it.  Output of      
 energy by material may not be available.                                

 *** NOTE ***                            ELAPSED TIME =      22.896   TIME= 21:25:07
 The step data was checked and warning messages were found.              
  Please review output or errors file (                                  
 Z:\Developer\MIT_Rkt_Team\2026-7\MIT-RT-26_27-Work\simulation_work\avio 
 nics\powerboardsim\1\_ProjectScratch\Scr231B\file0.err ) for these      
 warning messages.                                                       

 TRIM CONTACT/TARGET SURFACE

 CHECK INITIAL OPEN/CLOSED STATUS OF SELECTED CONTACT ELEMENTS
      AND LIST DETAILED CONTACT PAIR INFORMATION

 *** NOTE ***                            ELAPSED TIME =      28.445   TIME= 21:25:13
 The largest contact pair has few number of contact elements than the    
 optimal domain size for the specified number of CPU domains.  As a      
 result, no contact pairs were split.                                    

 *** NOTE ***                            ELAPSED TIME =      28.459   TIME= 21:25:13
 The maximum number of contact elements in any single contact pair is    
 399, which is smaller than the optimal domain size of 800 elements for  
 the given number of CPU domains (12).  Therefore, no contact pairs are  
 being split by the CNCH,DMP logic.                                      

  
  
     D I S T R I B U T E D   D O M A I N   D E C O M P O S E R
  
  ...Number of elements: 40717
  ...Number of nodes:    95503
  ...Decompose to 12 CPU domains
  ...Element load balance ratio =     1.519


                      L O A D   S T E P   O P T I O N S

   LOAD STEP NUMBER. . . . . . . . . . . . . . . .     1
   TIME AT END OF THE LOAD STEP. . . . . . . . . .  1.0000    
   NUMBER OF SUBSTEPS. . . . . . . . . . . . . . .     1
   STEP CHANGE BOUNDARY CONDITIONS . . . . . . . .    NO
   PRINT OUTPUT CONTROLS . . . . . . . . . . . . .NO PRINTOUT
   DATABASE OUTPUT CONTROLS
      ITEM     FREQUENCY   COMPONENT
       ALL       NONE               
      NSOL        ALL               
      RSOL        ALL               
      EANG        ALL               
      ETMP        ALL               
      VENG        ALL               
      STRS        ALL               
      EPEL        ALL               
      EPPL        ALL               
      CONT        ALL               


 SOLUTION MONITORING INFO IS WRITTEN TO FILE= file.mntr                                                                                                                                                                                                                                                           

 >>>> PRETENSION ELEMENT STATUS <<<<
 SECTION NAME     PT.NODE  --------STATUS--------------------  ----LOAD SOURCE----
   625              95603  APPLIED PRELOAD FORCE=  750.00      F COMMAND
   629              97604  APPLIED PRELOAD FORCE=  750.00      F COMMAND
   633              99605  APPLIED PRELOAD FORCE=  750.00      F COMMAND
   637             101606  APPLIED PRELOAD FORCE=  750.00      F COMMAND
   641             103607  APPLIED PRELOAD FORCE=  750.00      F COMMAND
   645             105608  APPLIED PRELOAD FORCE=  750.00      F COMMAND


 *** WARNING ***                         ELAPSED TIME =      43.185   TIME= 21:25:27
 Multiple constraints have been applied on degree of freedom 1 of        
 contact node 3923 (may be more nodes).  The program will remove         
 certain internal MPCs.  Please check the model carefully.               


                         ***********  PRECISE MASS SUMMARY  ***********

   TOTAL RIGID BODY MASS MATRIX ABOUT ORIGIN
               Translational mass               |   Coupled translational/rotational mass
        0.25182        0.0000        0.0000     |     0.0000      -0.18185E-02  -0.15107E-01
         0.0000       0.25182        0.0000     |    0.18185E-02    0.0000       0.89890E-02
         0.0000        0.0000       0.25182     |    0.15107E-01  -0.89890E-02    0.0000    
     ------------------------------------------ | ------------------------------------------
                                                |         Rotational mass (inertia)
                                                |    0.11412E-02  -0.54098E-03   0.61943E-04
                                                |   -0.54098E-03   0.44608E-03   0.11079E-03
                                                |    0.61943E-04   0.11079E-03   0.15286E-02

   TOTAL MASS = 0.25182    
     The mass principal axes coincide with the global Cartesian axes

   CENTER OF MASS (X,Y,Z)=   0.35696E-01   0.59993E-01  -0.72216E-02

   TOTAL INERTIA ABOUT CENTER OF MASS
        0.22170E-03  -0.17048E-05  -0.29717E-05
       -0.17048E-05   0.11208E-03   0.16886E-05
       -0.29717E-05   0.16886E-05   0.30137E-03

   PRINCIPAL INERTIAS =   0.22161E-03   0.11204E-03   0.30149E-03
   ORIENTATION VECTORS OF THE INERTIA PRINCIPAL AXES IN GLOBAL CARTESIAN
     ( 0.999,-0.015, 0.038) ( 0.015, 1.000,-0.009) (-0.037, 0.009, 0.999) 


  *** MASS SUMMARY BY ELEMENT TYPE ***

  TYPE      MASS
     1  0.638750E-06
     2  0.638750E-06
     3  0.108763E-02
     4  0.493158E-04
     5  0.638750E-06
     6  0.638750E-06
     7  0.493158E-04
     8  0.638750E-06
     9  0.638750E-06
    10  0.693504E-05
    11  0.180600E-04
    12  0.180600E-04
    13  0.638750E-06
    14  0.638750E-06
    15  0.638750E-06
    16  0.638750E-06
    17  0.127500E-05
    18  0.150500E-05
    19  0.638750E-06
    20  0.638750E-06
    21  0.108763E-02
    22  0.493158E-04
    23  0.493158E-04
    24  0.638750E-06
    25  0.638750E-06
    26  0.493158E-04
    27  0.493158E-04
    28  0.638750E-06
    29  0.165550E-05
    30  0.638750E-06
    31  0.638750E-06
    32  0.108763E-02
    33  0.493158E-04
    34  0.638750E-06
    35  0.638750E-06
    36  0.493158E-04
    37  0.638750E-06
    38  0.108763E-02
    39  0.165550E-05
    40  0.638750E-06
    41  0.638750E-06
    42  0.638750E-06
    43  0.638750E-06
    44  0.638750E-06
    45  0.638750E-06
    46  0.638750E-06
    47  0.638750E-06
    48  0.638750E-06
    49  0.638750E-06
    50  0.638750E-06
    51  0.638750E-06
    52  0.638750E-06
    53  0.638750E-06
    54  0.638750E-06
    55  0.638750E-06
    56  0.108763E-02
    57  0.493158E-04
    58  0.638750E-06
    59  0.638750E-06
    60  0.493158E-04
    61  0.638750E-06
    62  0.638750E-06
    63  0.638750E-06
    64  0.638750E-06
    65  0.638750E-06
    66  0.638750E-06
    67  0.493158E-04
    68  0.638750E-06
    69  0.638750E-06
    70  0.493158E-04
    71  0.638750E-06
    72  0.108763E-02
    73  0.638750E-06
    74  0.638750E-06
    75  0.210240E-05
    76  0.705024E-04
    77  0.210240E-05
    78  0.210240E-05
    79  0.210240E-05
    80  0.583200E-04
    81  0.841428E-04
    82  0.841428E-04
    83  0.210240E-05
    84  0.210240E-05
    85  0.139172E-04
    86  0.208080E-04
    87  0.139172E-04
    88  0.207936E-04
    89  0.139172E-04
    90  0.139172E-04
    91  0.146880E-04
    92  0.324900E-04
    93  0.248832E-04
    94  0.139172E-04
    95  0.146880E-04
    96  0.248832E-04
    97  0.139172E-04
    98  0.208080E-04
    99  0.200880E-02
   100  0.830879E-02
   101  0.423386E-02
   102  0.562937E-02
   103  0.339231E-02
   104  0.339231E-02
   105  0.283865E-02
   106  0.130894E-02
   107  0.489888E-04
   108  0.130894E-02
   109  0.130894E-02
   110  0.283865E-02
   111  0.166617E-04
   112  0.921858E-05
   113  0.748584E-04
   114  0.209385E-04
   115  0.485888E-04
   116  0.638750E-06
   117  0.638750E-06
   118  0.638750E-06
   119  0.638750E-06
   120  0.485888E-04
   121  0.638750E-06
   122  0.638750E-06
   123  0.638750E-06
   124  0.638750E-06
   125  0.638750E-06
   126  0.638750E-06
   127  0.638750E-06
   128  0.638750E-06
   129  0.485888E-04
   130  0.638750E-06
   131  0.638750E-06
   132  0.638750E-06
   133  0.638750E-06
   134  0.638750E-06
   135  0.485888E-04
   136  0.638750E-06
   137  0.638750E-06
   138  0.638750E-06
   139  0.638750E-06
   140  0.638750E-06
   141  0.638750E-06
   142  0.638750E-06
   143  0.638750E-06
   144  0.638750E-06
   145  0.530739E-04
   146  0.638750E-06
   147  0.638750E-06
   148  0.638750E-06
   149  0.638750E-06
   150  0.638750E-06
   151  0.638750E-06
   152  0.638750E-06
   153  0.638750E-06
   154  0.638750E-06
   155  0.485888E-04
   156  0.638750E-06
   157  0.638750E-06
   158  0.638750E-06
   159  0.638750E-06
   160  0.485888E-04
   161  0.638750E-06
   162  0.638750E-06
   163  0.638750E-06
   164  0.638750E-06
   165  0.638750E-06
   166  0.485888E-04
   167  0.638750E-06
   168  0.638750E-06
   169  0.638750E-06
   170  0.638750E-06
   171  0.138600E-04
   172  0.739058E-04
   173  0.109550E-02
   174  0.615326E-03
   175  0.138425E-03
   176  0.553788E-01
   177  0.138449E-03
   178  0.109550E-02
   179  0.615318E-03
   180  0.615326E-03
   181  0.109550E-02
   182  0.109550E-02
   183  0.109550E-02
   184  0.138425E-03
   185  0.138425E-03
   186  0.615328E-03
   187  0.553772E-01
   188  0.138429E-03
   189  0.615323E-03
   190  0.138425E-03
   191  0.553784E-01
   192  0.109550E-02
   193  0.615324E-03
   194  0.527664E-03
   195  0.527670E-03
   196  0.527662E-03
   197  0.527649E-03
   198  0.527740E-03
   199  0.527712E-03
   200  0.108949E-02
   201  0.108481E-02
   202  0.108840E-02
   203  0.109310E-02
   204  0.109266E-02
   205  0.108678E-02
   206  0.108500E-02
   207  0.109089E-02
   208  0.176971E-01

 Range of element maximum matrix coefficients in global coordinates
 Maximum = 4.679746455E+10 at element 6030.                              
 Minimum = 15357948 at element 937.                                      

   *** ELEMENT MATRIX FORMULATION TIMES
     TYPE    NUMBER     ENAME   TOTAL ELAPSED   AVG ELAPSED

        1         1  SOLID186          0.0005   0.000542583
        2         1  SOLID186          0.0006   0.000617375
        3         1  SOLID186          0.0003   0.000317792
        4         1  SOLID186          0.0006   0.000622792
        5         1  SOLID186          0.0007   0.000722458
        6         1  SOLID186          0.0015   0.001528792
        7         1  SOLID186          0.0005   0.000488792
        8         1  SOLID186          0.0005   0.000500500
        9         1  SOLID186          0.0005   0.000492417
       10         1  SOLID186          0.0003   0.000272625
       11         1  SOLID186          0.0004   0.000442708
       12         1  SOLID186          0.0023   0.002278833
       13         1  SOLID186          0.0017   0.001701708
       14         1  SOLID186          0.0006   0.000615417
       15         1  SOLID186          0.0006   0.000564958
       16         1  SOLID186          0.0160   0.016011417
       17         1  SOLID186          0.0004   0.000376417
       18         1  SOLID186          0.0003   0.000307000
       19         1  SOLID186          0.0004   0.000377583
       20         1  SOLID186          0.0004   0.000368375
       21         1  SOLID186          0.0010   0.001027875
       22         1  SOLID186          0.0003   0.000346375
       23         1  SOLID186          0.0003   0.000345708
       24         1  SOLID186          0.0003   0.000277333
       25         1  SOLID186          0.0014   0.001421208
       26         1  SOLID186          0.0003   0.000286000
       27         1  SOLID186          0.0004   0.000438000
       28         1  SOLID186          0.0250   0.024987708
       29         1  SOLID186          0.0009   0.000922792
       30         1  SOLID186          0.0007   0.000749750
       31         1  SOLID186          0.0005   0.000512792
       32         1  SOLID186          0.0004   0.000414500
       33         1  SOLID186          0.0010   0.001036500
       34         1  SOLID186          0.0004   0.000423875
       35         1  SOLID186          0.0007   0.000667917
       36         1  SOLID186          0.0010   0.001008292
       37         1  SOLID186          0.0048   0.004793208
       38         1  SOLID186          0.0003   0.000334167
       39         1  SOLID186          0.0004   0.000373375
       40         1  SOLID186          0.0007   0.000661583
       41         1  SOLID186          0.0046   0.004608750
       42         1  SOLID186          0.0012   0.001181708
       43         1  SOLID186          0.0003   0.000263458
       44         1  SOLID186          0.0006   0.000562208
       45         1  SOLID186          0.0004   0.000374667
       46         1  SOLID186          0.0004   0.000376000
       47         1  SOLID186          0.0004   0.000432958
       48         1  SOLID186          0.0007   0.000742167
       49         1  SOLID186          0.0004   0.000409125
       50         1  SOLID186          0.0005   0.000542208
       51         1  SOLID186          0.0010   0.000958875
       52         1  SOLID186          0.0169   0.016944542
       53         1  SOLID186          0.0006   0.000644208
       54         1  SOLID186          0.0004   0.000411542
       55         1  SOLID186          0.0003   0.000314375
       56         1  SOLID186          0.0003   0.000283417
       57         1  SOLID186          0.0003   0.000288167
       58         1  SOLID186          0.0012   0.001226375
       59         1  SOLID186          0.0081   0.008127250
       60         1  SOLID186          0.0006   0.000565042
       61         1  SOLID186          0.0003   0.000286917
       62         1  SOLID186          0.0005   0.000493000
       63         1  SOLID186          0.0009   0.000855208
       64         1  SOLID186          0.0005   0.000492792
       65         1  SOLID186          0.0104   0.010442167
       66         1  SOLID186          0.0005   0.000528792
       67         1  SOLID186          0.0004   0.000350167
       68         1  SOLID186          0.0004   0.000434958
       69         1  SOLID186          0.0005   0.000487625
       70         1  SOLID186          0.0008   0.000828417
       71         1  SOLID186          0.0012   0.001189042
       72         1  SOLID186          0.0004   0.000414917
       73         1  SOLID186          0.0003   0.000301750
       74         1  SOLID186          0.0005   0.000509792
       75         1  SOLID186          0.0012   0.001232375
       76         1  SOLID186          0.0004   0.000371792
       77         1  SOLID186          0.0003   0.000335125
       78         1  SOLID186          0.0006   0.000593083
       79         1  SOLID186          0.0003   0.000328208
       80         1  SOLID186          0.0004   0.000365667
       81         1  SOLID186          0.0004   0.000422375
       82         1  SOLID186          0.0003   0.000288792
       83         1  SOLID186          0.0004   0.000371958
       84         1  SOLID186          0.0003   0.000333250
       85         1  SOLID186          0.0003   0.000303000
       86         1  SOLID186          0.0005   0.000513167
       87         1  SOLID186          0.0005   0.000514792
       88         1  SOLID186          0.0060   0.006032583
       89         1  SOLID186          0.0003   0.000317375
       90         1  SOLID186          0.0003   0.000325583
       91         1  SOLID186          0.0034   0.003400875
       92         1  SOLID186          0.0007   0.000654667
       93         1  SOLID186          0.0004   0.000371000
       94         1  SOLID186          0.0003   0.000345333
       95         1  SOLID186          0.0004   0.000442875
       96         1  SOLID186          0.0005   0.000488333
       97         1  SOLID186          0.0003   0.000325333
       98         1  SOLID186          0.0005   0.000510542
       99         5  SOLID186          0.0021   0.000410042
      100         2  SOLID186          0.0009   0.000444417
      101         4  SOLID186          0.0049   0.001221729
      102         2  SOLID186          0.0008   0.000391896
      103         1  SOLID186          0.0009   0.000863958
      104         1  SOLID186          0.0003   0.000325917
      105         1  SOLID186          0.0006   0.000626292
      106         1  SOLID186          0.0007   0.000730708
      107         1  SOLID186          0.0012   0.001231000
      108         1  SOLID186          0.0003   0.000274917
      109         1  SOLID186          0.0003   0.000278875
      110         1  SOLID186          0.0102   0.010233083
      111         1  SOLID186          0.0006   0.000611500
      112         1  SOLID186          0.0005   0.000465167
      113         1  SOLID186          0.0004   0.000427083
      114         1  SOLID186          0.0004   0.000420458
      115         1  SOLID186          0.0006   0.000646417
      116         1  SOLID186          0.0004   0.000386125
      117         1  SOLID186          0.0006   0.000553458
      118         1  SOLID186          0.0006   0.000572125
      119         1  SOLID186          0.0004   0.000420417
      120         1  SOLID186          0.0005   0.000485167
      121         1  SOLID186          0.0006   0.000590750
      122         1  SOLID186          0.0003   0.000296542
      123         1  SOLID186          0.0006   0.000592208
      124         1  SOLID186          0.0003   0.000322125
      125         1  SOLID186          0.0004   0.000367625
      126         1  SOLID186          0.0006   0.000582917
      127         1  SOLID186          0.0006   0.000633917
      128         1  SOLID186          0.0003   0.000335750
      129         1  SOLID186          0.0004   0.000385417
      130         1  SOLID186          0.0006   0.000560375
      131         1  SOLID186          0.0003   0.000292167
      132         1  SOLID186          0.0004   0.000350000
      133         1  SOLID186          0.0091   0.009147458
      134         1  SOLID186          0.0007   0.000654750
      135         1  SOLID186          0.0004   0.000394583
      136         1  SOLID186          0.0010   0.000955792
      137         1  SOLID186          0.0003   0.000322250
      138         1  SOLID186          0.0004   0.000423250
      139         1  SOLID186          0.0123   0.012328125
      140         1  SOLID186          0.0123   0.012305792
      141         1  SOLID186          0.0009   0.000862250
      142         1  SOLID186          0.0004   0.000353958
      143         1  SOLID186          0.0006   0.000585417
      144         1  SOLID186          0.0004   0.000396250
      145         1  SOLID186          0.0005   0.000484250
      146         1  SOLID186          0.0014   0.001425083
      147         1  SOLID186          0.0008   0.000804958
      148         1  SOLID186          0.0005   0.000507375
      149         1  SOLID186          0.0004   0.000351500
      150         1  SOLID186          0.0003   0.000296542
      151         1  SOLID186          0.0004   0.000408583
      152         1  SOLID186          0.0006   0.000644583
      153         1  SOLID186          0.0024   0.002444458
      154         1  SOLID186          0.0007   0.000725958
      155         1  SOLID186          0.0008   0.000787542
      156         1  SOLID186          0.0003   0.000260833
      157         1  SOLID186          0.0003   0.000293167
      158         1  SOLID186          0.0006   0.000580875
      159         1  SOLID186          0.0008   0.000804000
      160         1  SOLID186          0.0003   0.000286833
      161         1  SOLID186          0.0004   0.000416250
      162         1  SOLID186          0.0003   0.000321250
      163         1  SOLID186          0.0003   0.000291292
      164         1  SOLID186          0.0011   0.001093042
      165         1  SOLID186          0.0004   0.000351625
      166         1  SOLID186          0.0005   0.000470917
      167         1  SOLID186          0.0003   0.000300417
      168         1  SOLID186          0.0005   0.000527167
      169         1  SOLID186          0.0003   0.000264042
      170         1  SOLID186          0.0005   0.000510625
      171         1  SOLID186          0.0004   0.000407167
      172         1  SOLID186          0.0006   0.000641833
      173      1372  SOLID186          2.2610   0.001647968
      174       372  SOLID187          0.3283   0.000882499
      175        60  SOLID187          0.0063   0.000104408
      176       744  SOLID187          0.3927   0.000527859
      177        60  SOLID187          0.0248   0.000413661
      178      1180  SOLID186          1.5281   0.001295013
      179       945  SOLID187          0.5368   0.000568035
      180       381  SOLID187          0.1395   0.000366099
      181      1264  SOLID186          1.9993   0.001581752
      182      1364  SOLID186          2.1591   0.001582940
      183      1124  SOLID186          1.7523   0.001558975
      184        60  SOLID187          0.0085   0.000141932
      185        60  SOLID187          0.0093   0.000155021
      186       370  SOLID187          0.2127   0.000574810
      187       711  SOLID187          0.3409   0.000479397
      188        63  SOLID187          0.0108   0.000171787
      189       386  SOLID187          0.1323   0.000342648
      190        60  SOLID187          0.0664   0.001106878
      191       732  SOLID187          0.3455   0.000471981
      192      1224  SOLID186          1.7414   0.001422737
      193       383  SOLID187          0.1054   0.000275130
      194      2118  SOLID187          1.0428   0.000492329
      195      2100  SOLID187          1.1087   0.000527962
      196      2164  SOLID187          1.1329   0.000523501
      197      2097  SOLID187          1.1636   0.000554905
      198      2230  SOLID187          1.0009   0.000448831
      199      2040  SOLID187          0.8644   0.000423711
      200       737  SOLID187          0.3269   0.000443515
      201       816  SOLID187          0.2939   0.000360131
      202       724  SOLID187          0.4938   0.000682095
      203       795  SOLID187          0.3169   0.000398646
      204       783  SOLID187          0.3514   0.000448729
      205       820  SOLID187          0.4035   0.000492127
      206       714  SOLID187          0.3290   0.000460838
      207       835  SOLID187          0.5389   0.000645442
      208       774  SOLID186          1.0362   0.001338797
      209        20  CONTA174          0.0163   0.000812713
      210       115  TARGE170          0.0003   0.000002478
      211       399  CONTA174          0.8804   0.002206574
      212        52  TARGE170          0.0002   0.000003188
      215        47  CONTA174          0.0149   0.000316340
      216        40  TARGE170          0.0001   0.000001545
      217       351  CONTA174          0.7136   0.002033120
      218        46  TARGE170          0.0001   0.000002038
      219        20  CONTA174          0.0075   0.000375546
      220       111  TARGE170          0.0005   0.000004733
      221       180  CONTA174          0.1910   0.001060856
      222        20  TARGE170          0.0001   0.000004371
      223        49  CONTA174          0.0914   0.001864532
      224        48  TARGE170          0.0001   0.000001814
      225        19  CONTA174          0.0063   0.000334031
      226       103  TARGE170          0.0005   0.000004476
      227       180  CONTA174          0.2430   0.001350257
      228        20  TARGE170          0.0001   0.000003385
      229        20  CONTA174          0.0197   0.000985248
      230       108  TARGE170          0.0003   0.000002703
      231       370  CONTA174          0.8805   0.002379602
      232       157  TARGE170          0.0010   0.000006299
      233       100  CONTA174          0.1086   0.001085620
      234        48  TARGE170          0.0001   0.000002056
      235       399  CONTA174          0.7886   0.001976401
      236        45  TARGE170          0.0001   0.000002143
      239        20  CONTA174          0.0230   0.001148833
      240       110  TARGE170          0.0002   0.000002055
      241       337  CONTA174          0.5775   0.001713542
      242        53  TARGE170          0.0001   0.000001777
      243        20  CONTA174          0.0213   0.001064373
      244       102  TARGE170          0.0006   0.000005603
      245        34  CONTA174          0.0602   0.001769526
      246        40  TARGE170          0.0002   0.000006079
      247       180  CONTA174          0.3287   0.001826317
      248        20  TARGE170          0.0000   0.000001406
      249       180  CONTA174          0.2865   0.001591605
      250        20  TARGE170          0.0001   0.000004592
      251        44  CONTA174          0.0215   0.000489351
      252        31  TARGE170          0.0001   0.000003149
      253       180  CONTA174          0.1147   0.000637001
      254        22  TARGE170          0.0001   0.000003587
      255        48  CONTA174          0.0638   0.001328230
      256        27  TARGE170          0.0001   0.000001989
      257       364  CONTA174          0.6320   0.001736247
      258        51  TARGE170          0.0001   0.000002197
      259       180  CONTA174          0.3652   0.002029095
      260        20  TARGE170          0.0000   0.000001963
      261        47  CONTA174          0.1298   0.002760736
      262        48  TARGE170          0.0001   0.000002033
      265         1  CONTA174          0.0449   0.044939792
      266         2  TARGE170          0.0000   0.000005771
      267         1  CONTA174          0.0005   0.000487083
      268         2  TARGE170          0.0000   0.000004146
      269         5  CONTA174          0.0006   0.000124717
      270         1  TARGE170          0.0000   0.000002792
      271         1  CONTA174          0.0005   0.000483083
      272         2  TARGE170          0.0000   0.000003687
      273         1  CONTA174          0.0004   0.000373833
      274         1  TARGE170          0.0000   0.000004250
      275         1  CONTA174          0.0034   0.003412375
      276         2  TARGE170          0.0000   0.000004667
      277         1  CONTA174          0.0005   0.000477542
      278         2  TARGE170          0.0000   0.000004562
      279         1  CONTA174          0.0008   0.000760833
      280         3  TARGE170          0.0000   0.000004153
      281         1  CONTA174          0.0013   0.001291333
      282         1  TARGE170          0.0000   0.000004542
      283         1  CONTA174          0.0004   0.000373333
      284         2  TARGE170          0.0000   0.000004687
      285         1  CONTA174          0.0005   0.000536333
      286         2  TARGE170          0.0000   0.000004375
      287         1  CONTA174          0.0006   0.000598958
      288         2  TARGE170          0.0000   0.000003958
      289         1  CONTA174          0.0176   0.017620750
      290         1  TARGE170          0.0000   0.000004000
      291         1  CONTA174          0.0006   0.000593417
      292         2  TARGE170          0.0000   0.000004208
      293         1  CONTA174          0.0005   0.000502583
      294         1  TARGE170          0.0000   0.000004208
      295         1  CONTA174          0.0012   0.001240042
      296         2  TARGE170          0.0000   0.000004146
      297         1  CONTA174          0.0002   0.000160833
      298         2  TARGE170          0.0000   0.000004062
      299         1  CONTA174          0.0003   0.000285333
      300         3  TARGE170          0.0000   0.000004125
      301         1  CONTA174          0.0004   0.000386542
      302         1  TARGE170          0.0000   0.000004625
      303         1  CONTA174          0.0005   0.000515167
      304         2  TARGE170          0.0000   0.000005354
      305         9  CONTA174          0.0094   0.001044032
      306         1  TARGE170          0.0000   0.000002750
      307         1  CONTA174          0.0003   0.000262125
      308         3  TARGE170          0.0000   0.000004222
      309         1  CONTA174          0.0006   0.000642792
      310         4  TARGE170          0.0000   0.000003438
      311         1  CONTA174          0.0003   0.000282500
      312         2  TARGE170          0.0000   0.000004187
      313         1  CONTA174          0.0020   0.001985458
      314         3  TARGE170          0.0000   0.000002319
      315         1  CONTA174          0.0002   0.000204208
      316         2  TARGE170          0.0000   0.000005250
      317         1  CONTA174          0.0003   0.000289917
      318         4  TARGE170          0.0000   0.000003896
      319         1  CONTA174          0.0095   0.009495000
      320         3  TARGE170          0.0000   0.000003250
      321         1  CONTA174          0.0002   0.000213833
      322         2  TARGE170          0.0000   0.000004146
      323         1  CONTA174          0.0005   0.000538875
      324         3  TARGE170          0.0000   0.000004583
      325         1  CONTA174          0.0066   0.006592542
      326         2  TARGE170          0.0000   0.000004979
      327         7  CONTA174          0.0139   0.001981839
      328         1  TARGE170          0.0000   0.000003375
      329         1  CONTA174          0.0084   0.008430375
      330         2  TARGE170          0.0000   0.000003187
      331         1  CONTA174          0.0102   0.010159958
      332         2  TARGE170          0.0000   0.000002563
      333         1  CONTA174          0.0049   0.004914833
      334         2  TARGE170          0.0000   0.000003813
      335         1  CONTA174          0.0004   0.000364500
      336         2  TARGE170          0.0000   0.000004500
      337         1  CONTA174          0.0003   0.000339458
      338         1  TARGE170          0.0000   0.000004750
      339         5  CONTA174          0.0375   0.007498875
      340         1  TARGE170          0.0000   0.000002542
      341         1  CONTA174          0.0007   0.000747667
      342         3  TARGE170          0.0000   0.000004972
      343         1  CONTA174          0.0006   0.000621333
      344         3  TARGE170          0.0000   0.000004236
      345         1  CONTA174          0.0178   0.017819375
      346         2  TARGE170          0.0000   0.000003938
      347         1  CONTA174          0.0007   0.000668542
      348         1  TARGE170          0.0000   0.000004667
      349         1  CONTA174          0.0084   0.008420750
      350         3  TARGE170          0.0000   0.000004208
      351         1  CONTA174          0.0005   0.000542125
      352         4  TARGE170          0.0000   0.000003969
      353         1  CONTA174          0.0008   0.000773958
      354         5  TARGE170          0.0000   0.000004008
      355         1  CONTA174          0.0006   0.000624458
      356         4  TARGE170          0.0000   0.000003917
      357         1  CONTA174          0.0013   0.001254375
      358         4  TARGE170          0.0000   0.000004469
      359         1  CONTA174          0.0009   0.000920750
      360         4  TARGE170          0.0000   0.000010750
      361         1  CONTA174          0.0006   0.000637292
      362         4  TARGE170          0.0000   0.000004698
      363         1  CONTA174          0.0006   0.000622125
      364         4  TARGE170          0.0000   0.000003990
      365         1  CONTA174          0.0103   0.010292542
      366         4  TARGE170          0.0000   0.000004552
      367         1  CONTA174          0.0006   0.000596167
      368         3  TARGE170          0.0000   0.000004375
      369         1  CONTA174          0.0011   0.001103958
      370         3  TARGE170          0.0000   0.000004056
      371         1  CONTA174          0.0006   0.000605208
      372         3  TARGE170          0.0000   0.000004250
      373         1  CONTA174          0.0002   0.000151333
      374         1  TARGE170          0.0000   0.000004292
      375         6  CONTA174          0.0005   0.000081319
      376         1  TARGE170          0.0000   0.000003792
      377         1  CONTA174          0.0006   0.000578333
      378         2  TARGE170          0.0000   0.000004833
      379         1  CONTA174          0.0002   0.000153167
      380         2  TARGE170          0.0000   0.000002250
      381         1  CONTA174          0.0009   0.000859667
      382         2  TARGE170          0.0000   0.000019854
      383         1  CONTA174          0.0003   0.000318500
      384         2  TARGE170          0.0000   0.000004187
      385         1  CONTA174          0.0002   0.000155208
      386         1  TARGE170          0.0000   0.000006833
      387         1  CONTA174          0.0006   0.000588625
      388         3  TARGE170          0.0000   0.000004194
      389         1  CONTA174          0.0006   0.000599750
      390         4  TARGE170          0.0000   0.000004344
      391         1  CONTA174          0.0014   0.001448208
      392         4  TARGE170          0.0001   0.000035729
      393         1  CONTA174          0.0008   0.000787708
      394         3  TARGE170          0.0000   0.000004153
      395         1  CONTA174          0.0003   0.000276667
      396         2  TARGE170          0.0000   0.000004437
      397         1  CONTA174          0.0006   0.000595375
      398         3  TARGE170          0.0000   0.000004542
      399         1  CONTA174          0.0244   0.024421417
      400         1  TARGE170          0.0000   0.000004000
      401         1  CONTA174          0.0005   0.000544125
      402         2  TARGE170          0.0000   0.000004167
      403         3  CONTA174          0.0005   0.000175014
      404         1  TARGE170          0.0000   0.000002250
      405         1  CONTA174          0.0031   0.003114208
      406         2  TARGE170          0.0000   0.000004250
      407         5  CONTA174          0.0015   0.000300492
      408         1  TARGE170          0.0000   0.000002542
      409         1  CONTA174          0.0119   0.011933042
      410         1  TARGE170          0.0000   0.000005125
      411         1  CONTA174          0.0104   0.010372875
      412         3  TARGE170          0.0000   0.000004889
      413         1  CONTA174          0.0008   0.000754292
      414         5  TARGE170          0.0000   0.000005675
      415         1  CONTA174          0.0476   0.047637750
      416         5  TARGE170          0.0000   0.000004025
      417         1  CONTA174          0.0003   0.000330208
      418         2  TARGE170          0.0000   0.000004646
      419         1  CONTA174          0.0007   0.000711208
      420         3  TARGE170          0.0000   0.000007222
      421         1  CONTA174          0.0005   0.000488292
      422         4  TARGE170          0.0000   0.000004063
      423         1  CONTA174          0.0008   0.000750917
      424         3  TARGE170          0.0000   0.000004833
      425         1  CONTA174          0.0003   0.000284833
      426         4  TARGE170          0.0000   0.000003396
      427         1  CONTA174          0.0003   0.000290292
      428         7  TARGE170          0.0001   0.000007917
      429         1  CONTA174          0.0005   0.000509042
      430         3  TARGE170          0.0000   0.000004056
      431         1  CONTA174          0.0003   0.000333208
      432         2  TARGE170          0.0000   0.000003813
      433         1  CONTA174          0.0002   0.000170208
      434         2  TARGE170          0.0000   0.000005438
      435         1  CONTA174          0.0007   0.000725250
      436         4  TARGE170          0.0000   0.000004365
      437         1  CONTA174          0.0016   0.001630750
      438         1  TARGE170          0.0000   0.000004542
      439         1  CONTA174          0.0007   0.000664625
      440         4  TARGE170          0.0000   0.000004094
      441         1  CONTA174          0.0003   0.000270500
      442         1  TARGE170          0.0000   0.000004500
      443         1  CONTA174          0.0004   0.000391958
      444         3  TARGE170          0.0000   0.000004611
      445         1  CONTA174          0.0011   0.001135500
      446         4  TARGE170          0.0000   0.000002813
      447         1  CONTA174          0.0008   0.000825250
      448         8  TARGE170          0.0000   0.000004005
      449         1  CONTA174          0.0095   0.009453458
      450         5  TARGE170          0.0000   0.000004350
      451         1  CONTA174          0.0011   0.001076417
      452         3  TARGE170          0.0000   0.000004000
      453         1  CONTA174          0.0002   0.000196958
      454         2  TARGE170          0.0000   0.000004083
      455         1  CONTA174          0.0068   0.006752667
      456         4  TARGE170          0.0000   0.000003990
      457         1  CONTA174          0.0010   0.001020375
      458         5  TARGE170          0.0000   0.000009608
      459         1  CONTA174          0.0010   0.000961375
      460         2  TARGE170          0.0000   0.000002438
      461       217  CONTA174          0.3548   0.001634800
      462         5  TARGE170          0.0000   0.000002017
      463        89  CONTA174          0.2045   0.002297508
      464         2  TARGE170          0.0000   0.000002250
      465        89  CONTA174          0.1476   0.001658328
      466         4  TARGE170          0.0000   0.000002740
      467        45  CONTA174          0.1386   0.003079870
      468         2  TARGE170          0.0000   0.000002500
      469         6  CONTA174          0.0044   0.000734354
      470         1  TARGE170          0.0000   0.000002250
      471         5  CONTA174          0.0142   0.002848950
      472         1  TARGE170          0.0000   0.000002083
      473         4  CONTA174          0.0249   0.006234021
      474         1  TARGE170          0.0000   0.000002875
      475         9  CONTA174          0.0016   0.000175917
      476         1  TARGE170          0.0000   0.000005167
      477         7  CONTA174          0.0131   0.001864988
      478         1  TARGE170          0.0000   0.000002542
      479         4  CONTA174          0.0013   0.000331073
      480         1  TARGE170          0.0000   0.000002708
      481         4  CONTA174          0.0006   0.000157562
      482         1  TARGE170          0.0000   0.000002542
      483         7  CONTA174          0.0007   0.000099750
      484         1  TARGE170          0.0000   0.000002292
      485         1  CONTA174          0.0009   0.000881042
      486         4  TARGE170          0.0111   0.002786281
      487         1  CONTA174          0.0133   0.013313917
      488         4  TARGE170          0.0000   0.000004219
      489        12  CONTA174          0.0034   0.000283608
      490         1  TARGE170          0.0000   0.000003500
      491         1  CONTA174          0.0005   0.000493542
      492         5  TARGE170          0.0000   0.000004342
      493         1  CONTA174          0.0007   0.000693792
      494         4  TARGE170          0.0000   0.000004219
      495         1  CONTA174          0.0003   0.000320792
      496         4  TARGE170          0.0000   0.000004052
      497         1  CONTA174          0.0007   0.000667000
      498         2  TARGE170          0.0000   0.000004146
      499         1  CONTA174          0.0008   0.000806167
      500         1  TARGE170          0.0000   0.000003833
      501         1  CONTA174          0.0004   0.000390583
      502         1  TARGE170          0.0000   0.000003750
      503         1  CONTA174          0.0006   0.000556000
      504         4  TARGE170          0.0000   0.000006260
      505         1  CONTA174          0.0002   0.000245458
      506         3  TARGE170          0.0000   0.000004764
      507         1  CONTA174          0.0003   0.000253000
      508         2  TARGE170          0.0000   0.000004229
      509         1  CONTA174          0.0005   0.000458833
      510         3  TARGE170          0.0000   0.000006861
      511         1  CONTA174          0.0003   0.000261292
      512         3  TARGE170          0.0000   0.000002361
      513         1  CONTA174          0.0006   0.000628125
      514         3  TARGE170          0.0000   0.000002319
      515         1  CONTA174          0.0005   0.000486625
      516         2  TARGE170          0.0000   0.000003729
      517         1  CONTA174          0.0004   0.000430208
      518         2  TARGE170          0.0000   0.000003042
      519         1  CONTA174          0.0002   0.000238625
      520         2  TARGE170          0.0000   0.000002250
      521         1  CONTA174          0.0005   0.000522458
      522         4  TARGE170          0.0000   0.000003594
      523         1  CONTA174          0.0107   0.010730250
      524         3  TARGE170          0.0000   0.000002861
      525         1  CONTA174          0.0003   0.000319333
      526         3  TARGE170          0.0000   0.000004167
      527         1  CONTA174          0.0006   0.000556083
      528         3  TARGE170          0.0000   0.000002236
      529         1  CONTA174          0.0007   0.000737458
      530         2  TARGE170          0.0000   0.000002292
      531         1  CONTA174          0.0102   0.010168792
      532         2  TARGE170          0.0000   0.000002167
      533         1  CONTA174          0.0004   0.000434667
      534         6  TARGE170          0.0000   0.000003465
      535         1  CONTA174          0.0005   0.000460042
      536         2  TARGE170          0.0000   0.000002229
      537         1  CONTA174          0.0005   0.000468792
      538         4  TARGE170          0.0000   0.000004042
      539         1  CONTA174          0.0007   0.000659750
      540         2  TARGE170          0.0000   0.000002333
      541         1  CONTA174          0.0005   0.000504542
      542         2  TARGE170          0.0000   0.000002187
      543         1  CONTA174          0.0004   0.000376208
      544         2  TARGE170          0.0000   0.000002521
      545         1  CONTA174          0.0005   0.000536417
      546         3  TARGE170          0.0000   0.000002417
      547         1  CONTA174          0.0004   0.000414792
      548         2  TARGE170          0.0000   0.000002208
      549         1  CONTA174          0.0006   0.000568875
      550         2  TARGE170          0.0000   0.000004062
      551         1  CONTA174          0.0010   0.001025125
      552         2  TARGE170          0.0000   0.000003938
      553         1  CONTA174          0.0004   0.000383458
      554         4  TARGE170          0.0000   0.000002323
      555         1  CONTA174          0.0014   0.001381042
      556         3  TARGE170          0.0001   0.000020917
      557         1  CONTA174          0.0004   0.000432792
      558         1  TARGE170          0.0000   0.000004417
      559         1  CONTA174          0.0005   0.000520958
      560         4  TARGE170          0.0000   0.000005125
      561         1  CONTA174          0.0014   0.001416917
      562         4  TARGE170          0.0000   0.000003906
      563         1  CONTA174          0.0003   0.000331500
      564         5  TARGE170          0.0000   0.000004183
      565         1  CONTA174          0.0006   0.000644042
      566         4  TARGE170          0.0000   0.000002740
      567         1  CONTA174          0.0088   0.008809333
      568         5  TARGE170          0.0582   0.011638708
      569         1  CONTA174          0.0006   0.000649542
      570         3  TARGE170          0.0000   0.000006208
      571         1  CONTA174          0.0003   0.000324542
      572         2  TARGE170          0.0000   0.000004125
      573         1  CONTA174          0.0007   0.000743833
      574         6  TARGE170          0.0000   0.000003396
      575         1  CONTA174          0.0003   0.000267417
      576         3  TARGE170          0.0000   0.000006125
      577         1  CONTA174          0.0003   0.000262625
      578         2  TARGE170          0.0000   0.000004562
      579         1  CONTA174          0.0005   0.000473667
      580         2  TARGE170          0.0000   0.000004583
      581         1  CONTA174          0.0014   0.001438917
      582         2  TARGE170          0.0000   0.000002312
      583         1  CONTA174          0.0003   0.000260333
      584         5  TARGE170          0.0000   0.000004583
      585         1  CONTA174          0.0003   0.000254167
      586         4  TARGE170          0.0000   0.000004125
      587         1  CONTA174          0.0004   0.000350250
      588         2  TARGE170          0.0000   0.000002875
      589         1  CONTA174          0.0002   0.000196000
      590         3  TARGE170          0.0027   0.000904903
      591         1  CONTA174          0.0003   0.000325167
      592         2  TARGE170          0.0000   0.000002417
      593         1  CONTA174          0.0004   0.000410625
      594         3  TARGE170          0.0000   0.000002208
      595         1  CONTA174          0.0005   0.000526542
      596         7  TARGE170          0.0000   0.000004524
      597         1  CONTA174          0.0002   0.000218792
      598         2  TARGE170          0.0000   0.000004000
      599         1  CONTA174          0.0004   0.000413458
      600         1  TARGE170          0.0000   0.000002250
      601         1  CONTA174          0.0002   0.000224583
      602         2  TARGE170          0.0000   0.000002917
      603         1  CONTA174          0.0002   0.000208625
      604         1  TARGE170          0.0000   0.000004083
      605         1  CONTA174          0.0005   0.000539333
      606         5  TARGE170          0.0000   0.000002250
      607         1  CONTA174          0.0004   0.000397250
      608         4  TARGE170          0.0000   0.000003302
      609        84  CONTA174          0.0384   0.000457345
      610        18  TARGE170          0.0000   0.000002259
      611        98  CONTA174          0.2095   0.002138241
      612        16  TARGE170          0.0001   0.000004117
      613        91  CONTA174          0.1192   0.001309484
      614        17  TARGE170          0.0001   0.000005135
      615       104  CONTA174          0.1502   0.001443754
      616        17  TARGE170          0.0001   0.000003836
      617       103  CONTA174          0.1035   0.001004480
      618        14  TARGE170          0.0000   0.000002363
      619       120  CONTA174          0.2096   0.001746875
      620        18  TARGE170          0.0001   0.000003782
      621        85  CONTA174          0.1120   0.001317558
      622        17  TARGE170          0.0001   0.000004355
      623       111  CONTA174          0.1773   0.001597377
      624        17  TARGE170          0.0000   0.000002000
      625        39  PRETS179          0.0019   0.000049200
      626        40  TARGE170          0.0001   0.000001811
      627         8  CONTA174          0.0707   0.008837719
      629        46  PRETS179          0.0010   0.000022142
      630        32  TARGE170          0.0001   0.000002951
      631         8  CONTA174          0.0065   0.000806536
      633        46  PRETS179          0.0008   0.000016382
      634        47  TARGE170          0.0001   0.000002715
      635         8  CONTA174          0.0020   0.000244208
      637        58  PRETS179          0.0003   0.000006011
      638        24  TARGE170          0.0000   0.000001677
      639         8  CONTA174          0.0030   0.000369615
      641        50  PRETS179          0.0002   0.000003808
      642        34  TARGE170          0.0001   0.000001615
      643         8  CONTA174          0.0031   0.000389682
      645        43  PRETS179          0.0002   0.000005308
      646        39  TARGE170          0.0001   0.000001597
      647         8  CONTA174          0.0065   0.000816896
 Elapsed Time at end of element matrix formulation = 53.7535313.         

 ALL CURRENT MAPDL DATA WRITTEN TO FILE NAME= file.rdb
  FOR POSSIBLE RESUME FROM THIS POINT

 DISTRIBUTED SPARSE MATRIX DIRECT SOLVER.
  Number of equations =      250794,    Maximum wavefront =   1593


  Memory allocated on only this MPI rank (rank     0)
  -------------------------------------------------------------------
  Equation solver memory allocated                     =   102.649 MB
  Equation solver memory required for in-core mode     =    98.647 MB
  Equation solver memory required for out-of-core mode =    55.591 MB
  Total (solver and non-solver) memory allocated       =  1150.035 MB


  Total memory summed across all MPI ranks on this machines
  -------------------------------------------------------------------
  Equation solver memory allocated                     =  1647.533 MB
  Equation solver memory required for in-core mode     =  1583.582 MB
  Equation solver memory required for out-of-core mode =   890.532 MB
  Total (solver and non-solver) memory allocated       =  6573.615 MB

 *** NOTE ***                            ELAPSED TIME =      63.914   TIME= 21:25:48
 The Distributed Sparse Matrix Solver is currently running in the        
 in-core memory mode.  This memory mode uses the most amount of memory   
 in order to avoid using the hard drive as much as possible, which most  
 often results in the fastest solution time.  This mode is recommended   
 if enough physical memory is present to accommodate all of the solver   
 data.                                                                   
 curEqn=  15141  totEqn=  15141 Job CP sec=    146.109
      Factor Done= 100% Factor Wall sec=      5.386 rate=       0.9 GFlops
 Distributed sparse solver maximum pivot= 1.18986657E+11 at node 49479   
 UY.                                                                     
 Distributed sparse solver minimum pivot= -5.242973568E-05 at node 51280 
 UZ.                                                                     
 Distributed sparse solver minimum pivot in absolute value=              
 8.381903441E-09 at node 1391 UZ.                                        

 *** ERROR ***                           ELAPSED TIME =      71.383   TIME= 21:25:56
 The solver has detected at least one small pivot term in the equation   
 system (for example, at the UZ degree of freedom of node 1391).  This   
 may indicate that the model is insufficiently constrained.  Review the  
 model setup to ensure proper constraints.  The list of small equation   
 solver pivot values and their corresponding nodes and degrees of        
 freedom is provided below.                                              
 Pivot value of -5.242973568E-05 at node 51280 UZ, element 11165         
 (SOLID187).                                                             
 Pivot value of -3.311783076E-06 at node 2241 UZ, element 116            
 (SOLID186).                                                             
 Pivot value of -2.193450928E-05 at node 2280 UZ, element 118            
 (SOLID186).                                                             
 Pivot value of -3.851018846E-07 at node 2281 UY, element 118            
 (SOLID186).                                                             
 Pivot value of 2.797746857E-07 at node 2281 UZ, element 118             
 (SOLID186).                                                             
 Pivot value of -8.381903441E-09 at node 1391 UZ, element 70             
 (SOLID186).                                                             
 Pivot value of 8.681416512E-05 at node 1400 UY, element 70 (SOLID186).  
 Pivot value of -4.348033433E-07 at node 1400 UZ, element 70             
 (SOLID186).                                                             
 Pivot value of -4.060566425E-07 at node 2301 UZ, element 119            
 (SOLID186).                                                             
 Pivot value of 5.827098893E-05 at node 61145 UZ, element 14238          
 (SOLID187).                                                             

 *** WARNING ***                         ELAPSED TIME =      71.594   TIME= 21:25:56
 An extremely large pivot ratio has been detected by the sparse solver.  
 This usually indicates a very ill-conditioned matrix or possibly        
 rigid-body motion.  The solution may be inaccurate or even erroneous.   
 Please check your results carefully.                                    


 NUMBER OF WARNING MESSAGES ENCOUNTERED=         23
 NUMBER OF ERROR   MESSAGES ENCOUNTERED=          1



 ***** PROBLEM TERMINATED BY INDICATED ERROR(S) OR BY END OF INPUT DATA *****

+--------------------- M A P D L   S T A T I S T I C S ------------------------+

Release: 2026 R1.02         Build: 26.1       Update: UP20260202   Platform: WINDOWS x64 
Date Run: 10/04/2026   Time: 21:26     Process ID: 8880
Operating System: Windows 11  (Build: 26200)

Processor Model:                           Virtual CPU @ 3.20GHz

Compiler: Intel(R) Fortran Compiler Classic Version 2021.9  (Build: 20230302)
          Intel(R) C/C++ Compiler Classic Version 2021.9  (Build: 20230302)
          AOCL-BLAS 5.1.1 Build 20251008
          Intel(R) oneAPI Math Kernel Library Version 2024.2.3-Product Build 20250403

Number of machines requested            :    1
Total number of cores available         :   14
Number of physical cores available      :   14
Number of processes requested           :   12
Number of threads per process requested :    1
Total number of cores requested         :   12 (Distributed Memory Parallel)               
MPI Type: INTELMPI
MPI Version: Intel(R) MPI Library 2021.16 for Windows* OS


GPU Acceleration: Not Requested

Job Name: file0
Input File: dummy.dat

  Core                Machine Name   Working Directory
 -----------------------------------------------------
     0             MARCDNICHITBF25   Z:\Developer\MIT_Rkt_Team\2026-7\MIT-RT-26_27-Work\simulation_work\avionics\powerboardsim\1\_ProjectScratch\Scr231B
     1             MARCDNICHITBF25   Z:\Developer\MIT_Rkt_Team\2026-7\MIT-RT-26_27-Work\simulation_work\avionics\powerboardsim\1\_ProjectScratch\Scr231B
     2             MARCDNICHITBF25   Z:\Developer\MIT_Rkt_Team\2026-7\MIT-RT-26_27-Work\simulation_work\avionics\powerboardsim\1\_ProjectScratch\Scr231B
     3             MARCDNICHITBF25   Z:\Developer\MIT_Rkt_Team\2026-7\MIT-RT-26_27-Work\simulation_work\avionics\powerboardsim\1\_ProjectScratch\Scr231B
     4             MARCDNICHITBF25   Z:\Developer\MIT_Rkt_Team\2026-7\MIT-RT-26_27-Work\simulation_work\avionics\powerboardsim\1\_ProjectScratch\Scr231B
     5             MARCDNICHITBF25   Z:\Developer\MIT_Rkt_Team\2026-7\MIT-RT-26_27-Work\simulation_work\avionics\powerboardsim\1\_ProjectScratch\Scr231B
     6             MARCDNICHITBF25   Z:\Developer\MIT_Rkt_Team\2026-7\MIT-RT-26_27-Work\simulation_work\avionics\powerboardsim\1\_ProjectScratch\Scr231B
     7             MARCDNICHITBF25   Z:\Developer\MIT_Rkt_Team\2026-7\MIT-RT-26_27-Work\simulation_work\avionics\powerboardsim\1\_ProjectScratch\Scr231B
     8             MARCDNICHITBF25   Z:\Developer\MIT_Rkt_Team\2026-7\MIT-RT-26_27-Work\simulation_work\avionics\powerboardsim\1\_ProjectScratch\Scr231B
     9             MARCDNICHITBF25   Z:\Developer\MIT_Rkt_Team\2026-7\MIT-RT-26_27-Work\simulation_work\avionics\powerboardsim\1\_ProjectScratch\Scr231B
    10             MARCDNICHITBF25   Z:\Developer\MIT_Rkt_Team\2026-7\MIT-RT-26_27-Work\simulation_work\avionics\powerboardsim\1\_ProjectScratch\Scr231B
    11             MARCDNICHITBF25   Z:\Developer\MIT_Rkt_Team\2026-7\MIT-RT-26_27-Work\simulation_work\avionics\powerboardsim\1\_ProjectScratch\Scr231B
 
Latency time from master to core     1 =  269.225 microseconds
Latency time from master to core     2 =  300.548 microseconds
Latency time from master to core     3 =  470.904 microseconds
Latency time from master to core     4 =  136.932 microseconds
Latency time from master to core     5 =  229.886 microseconds
Latency time from master to core     6 =  248.993 microseconds
Latency time from master to core     7 =   29.138 microseconds
Latency time from master to core     8 =   37.364 microseconds
Latency time from master to core     9 =  364.654 microseconds
Latency time from master to core    10 =   45.776 microseconds
Latency time from master to core    11 =   30.427 microseconds
 
Communication speed from master to core     1 =   337.29 MB/sec
Communication speed from master to core     2 =   232.85 MB/sec
Communication speed from master to core     3 =   340.08 MB/sec
Communication speed from master to core     4 =   282.30 MB/sec
Communication speed from master to core     5 =   266.20 MB/sec
Communication speed from master to core     6 =   285.16 MB/sec
Communication speed from master to core     7 =   267.24 MB/sec
Communication speed from master to core     8 =   165.64 MB/sec
Communication speed from master to core     9 =   285.70 MB/sec
Communication speed from master to core    10 =   272.26 MB/sec
Communication speed from master to core    11 =   284.94 MB/sec

Total CPU time for main thread                    :       51.5 seconds
Total CPU time summed for all threads             :      151.1 seconds

Elapsed time spent obtaining a license            :        0.7 seconds
Elapsed time spent pre-processing model (/PREP7)  :        6.5 seconds
Elapsed time spent solution - preprocessing       :       11.2 seconds
Elapsed time spent computing solution             :       37.4 seconds
   Elapsed time in element formation & assembly   :       12.0 seconds
   Elapsed time in equation solver                :       14.6 seconds
   Elapsed time in element result calculations    :        0.0 seconds
Elapsed time spent solution - postprocessing      :       10.0 seconds
Elapsed time spent post-processing model (/POST1) :        0.0 seconds
 
Equation solver used                              :            Sparse (symmetric)
Sparse direct equation solver computational rate  :       12.3 Gflops
Sparse direct equation solver effective I/O rate  :        4.6 GB/sec

Sum of disk space used on all processes           :      762.2 MB

Sum of memory used on all processes               :     2509.0 MB
Sum of memory allocated on all processes          :     6272.0 MB
Physical memory available                         :        112 GB
Total amount of I/O written to disk               :        0.5 GB
Total amount of I/O read from disk                :        0.0 GB

+------------------ E N D   M A P D L   S T A T I S T I C S -------------------+


 *-----------------------------------------------------------------------------*
 |                                                                             |
 |                               RUN COMPLETED                                 |
 |                                                                             |
 |-----------------------------------------------------------------------------|
 |                                                                             |
 |  Ansys MAPDL 2026 R1.02      Build 26.1         UP20260202    WINDOWS x64   |
 |                                                                             |
 |-----------------------------------------------------------------------------|
 |                                                                             |
 |  Database Requested(-db)     1024 MB     Scratch Memory Requested   1024 MB |
 |  Max Database Used(Master)    101 MB     Max Scratch Used(Master)    221 MB |
 |  Max Database Used(Workers)     1 MB     Max Scratch Used(Workers)   300 MB |
 |  Sum Database Used(All)       112 MB     Sum Scratch Used(All)      2397 MB |
 |                                                                             |
 |-----------------------------------------------------------------------------|
 |                                                                             |
 |        CP Time      (sec) =        151.109       Time  =  21:26:19          |
 |        Elapsed Time (sec) =         94.484       Date  =  10/04/2026        |
 |                                                                             |
 *-----------------------------------------------------------------------------*
