
 Ansys Mechanical Enterprise                       


 *------------------------------------------------------------------*
 |                                                                  |
 |   W E L C O M E   T O   T H E   A N S Y S (R)  P R O G R A M     |
 |                                                                  |
 *------------------------------------------------------------------*




 ***************************************************************
 *         ANSYS MAPDL 2026 R1.02       LEGAL NOTICES          *
 ***************************************************************
 *                                                             *
 * Copyright (c) 2026 Synopsys, Inc. and ANSYS, Inc.           *
 * All rights reserved.                                        *
 * Unauthorized use, distribution or duplication is            *
 * prohibited.                                                 *
 *                                                             *
 * Ansys is a registered trademark of Ansys, Inc. or its       *
 * subsidiaries in the United States or other countries.       *
 * See the Ansys, Inc. online documentation or the Ansys, Inc. *
 * documentation CD or online help for the complete Legal      *
 * Notice.                                                     *
 *                                                             *
 ***************************************************************
 *                                                             *
 * THIS ANSYS SOFTWARE PRODUCT AND PROGRAM DOCUMENTATION       *
 * INCLUDE TRADE SECRETS AND CONFIDENTIAL AND PROPRIETARY      *
 * PRODUCTS OF ANSYS, INC., ITS SUBSIDIARIES, OR LICENSORS.    *
 * The software products and documentation are furnished by    *
 * Ansys, Inc. or its subsidiaries under a software license    *
 * agreement that contains provisions concerning               *
 * non-disclosure, copying, length and nature of use,          *
 * compliance with exporting laws, warranties, disclaimers,    *
 * limitations of liability, and remedies, and other           *
 * provisions.  The software products and documentation may be *
 * used, disclosed, transferred, or copied only in accordance  *
 * with the terms and conditions of that software license      *
 * agreement.                                                  *
 *                                                             *
 * Ansys, Inc. is a UL registered                              *
 * ISO 9001:2015 company.                                      *
 *                                                             *
 ***************************************************************
 *                                                             *
 * This product is subject to U.S. laws governing export and   *
 * re-export.                                                  *
 *                                                             *
 * For U.S. Government users, except as specifically granted   *
 * by the Ansys, Inc. software license agreement, the use,     *
 * duplication, or disclosure by the United States Government  *
 * is subject to restrictions stated in the Ansys, Inc.        *
 * software license agreement and FAR 12.212 (for non-DOD      *
 * licenses).                                                  *
 *                                                             *
 ***************************************************************

 2026 R1.02  
     
 Point Releases and Patches installed:   
     
 Ansys Service Pack 2026 R1.01   
 Ansys Service Pack 2026 R1.02   
 Ansys, Inc. License Manager 2026 R1 
 Ansys, Inc. License Manager 2026 R1.01  
 Ansys, Inc. License Manager 2026 R1.02  
 Discovery (reduced install) 2026 R1 
 Discovery (reduced install) 2026 R1.01  
 Discovery (reduced install) 2026 R1.02  
 Core WB Files 2026 R1   
 Core WB Files 2026 R1.01
 Core WB Files 2026 R1.02
 BladeModeler 2026 R1
 BladeModeler 2026 R1.01 
 BladeModeler 2026 R1.02 
 CFX (includes CFD-Post) 2026 R1 
 CFX (includes CFD-Post) 2026 R1.01  
 CFX (includes CFD-Post) 2026 R1.02  
 CFD-Post only 2026 R1   
 CFD-Post only 2026 R1.01
 CFD-Post only 2026 R1.02
 Chemkin 2026 R1 
 Chemkin 2026 R1.01  
 Chemkin 2026 R1.02  
 EnSight 2026 R1 
 EnSight 2026 R1.01  
 EnSight 2026 R1.02  
 FENSAP-ICE 2026 R1  
 FENSAP-ICE 2026 R1.01   
 FENSAP-ICE 2026 R1.02   
 Fluent (includes CFD-Post) 2026 R1  
 Fluent (includes CFD-Post) 2026 R1.01   
 Fluent (includes CFD-Post) 2026 R1.02   
 Polyflow (includes CFD-Post) 2026 R1
 Polyflow (includes CFD-Post) 2026 R1.01 
 Polyflow (includes CFD-Post) 2026 R1.02 
 Forte (includes EnSight) 2026 R1
 Forte (includes EnSight) 2026 R1.01 
 Forte (includes EnSight) 2026 R1.02 
 ICEM CFD 2026 R1
 ICEM CFD 2026 R1.01 
 ICEM CFD 2026 R1.02 
 RBF Morph Fluids UDF 2026 R1
 RBF Morph Fluids UDF 2026 R1.01 
 RBF Morph Fluids UDF 2026 R1.02 
 RBF Morph Libraries 2026 R1 
 RBF Morph Libraries 2026 R1.01  
 RBF Morph Libraries 2026 R1.02  
 Rocky 2026 R1   
 Rocky 2026 R1.01
 Rocky 2026 R1.02
 Thermal Desktop: AutoCAD 2026 R1
 Thermal Desktop: AutoCAD 2026 R1.01 
 Thermal Desktop: AutoCAD 2026 R1.02 
 Thermal Desktop: Thermal Desktop and TD Designer  2026 R1   
 Thermal Desktop: Thermal Desktop and TD Designer  2026 R1.01
 Thermal Desktop: Thermal Desktop and TD Designer  2026 R1.02
 Thermal Desktop: Sinda Solver 2026 R1   
 Thermal Desktop: Sinda Solver 2026 R1.01
 Thermal Desktop: Sinda Solver 2026 R1.02
 TurboGrid 2026 R1   
 TurboGrid 2026 R1.01
 TurboGrid 2026 R1.02
 Granta EduPack 2026 R1  
 Granta EduPack 2026 R1.01   
 Granta EduPack 2026 R1.02   
 Granta Selector 2026 R1 
 Granta Selector 2026 R1.01  
 Granta Selector 2026 R1.02  
 Dynamic Reporting 2026 R1   
 Dynamic Reporting 2026 R1.01
 Dynamic Reporting 2026 R1.02
 Remote Solve Manager Standalone Services 2026 R1
 Remote Solve Manager Standalone Services 2026 R1.01 
 Remote Solve Manager Standalone Services 2026 R1.02 
 Aqwa 2026 R1
 Aqwa 2026 R1.01 
 Aqwa 2026 R1.02 
 Autodyn 2026 R1 
 Autodyn 2026 R1.01  
 Autodyn 2026 R1.02  
 Customization Files for User Programmable Features 2026 R1  
 Customization Files for User Programmable Features 2026 R1.01   
 Customization Files for User Programmable Features 2026 R1.02   
 LS-DYNA 2026 R1 
 LS-DYNA 2026 R1.01  
 LS-DYNA 2026 R1.02  
 Material Calibration App 2026 R1
 Material Calibration App 2026 R1.01 
 Material Calibration App 2026 R1.02 
 Material Designer 2026 R1   
 Material Designer 2026 R1.01
 Material Designer 2026 R1.02
 Mechanical Products 2026 R1 
 Mechanical Products 2026 R1.01  
 Mechanical Products 2026 R1.02  
 Motion 2026 R1  
 Motion 2026 R1.01   
 Motion 2026 R1.02   
 RBF Morph 2026 R1   
 RBF Morph 2026 R1.01
 RBF Morph 2026 R1.02
 Sherlock 2026 R1
 Sherlock 2026 R1.01 
 Sherlock 2026 R1.02 
 Sound - SAS 2026 R1 
 Sound - SAS 2026 R1.01  
 Sound - SAS 2026 R1.02  
 ACIS Geometry Interface 2026 R1 
 ACIS Geometry Interface 2026 R1.01  
 ACIS Geometry Interface 2026 R1.02  
 AutoCAD Geometry Interface 2026 R1  
 AutoCAD Geometry Interface 2026 R1.01   
 AutoCAD Geometry Interface 2026 R1.02   
 Catia, Version 4 Geometry Interface 2026 R1 
 Catia, Version 4 Geometry Interface 2026 R1.01  
 Catia, Version 4 Geometry Interface 2026 R1.02  
 Catia, Version 5 Geometry Interface 2026 R1 
 Catia, Version 5 Geometry Interface 2026 R1.01  
 Catia, Version 5 Geometry Interface 2026 R1.02  
 Catia, Version 6 Geometry Interface 2026 R1 
 Catia, Version 6 Geometry Interface 2026 R1.01  
 Catia, Version 6 Geometry Interface 2026 R1.02  
 Creo Elements/Direct Modeling Geometry Interface 2026 R1
 Creo Elements/Direct Modeling Geometry Interface 2026 R1.01 
 Creo Elements/Direct Modeling Geometry Interface 2026 R1.02 
 Creo Parametric Geometry Interface 2026 R1  
 Creo Parametric Geometry Interface 2026 R1.01   
 Creo Parametric Geometry Interface 2026 R1.02   
 Inventor Geometry Interface 2026 R1 
 Inventor Geometry Interface 2026 R1.01  
 Inventor Geometry Interface 2026 R1.02  
 JTOpen Geometry Interface 2026 R1   
 JTOpen Geometry Interface 2026 R1.01
 JTOpen Geometry Interface 2026 R1.02
 NX Geometry Interface 2026 R1   
 NX Geometry Interface 2026 R1.01
 NX Geometry Interface 2026 R1.02
 Parasolid Geometry Interface  2026 R1   
 Parasolid Geometry Interface  2026 R1.01
 Parasolid Geometry Interface  2026 R1.02
 Solid Edge Geometry Interface 2026 R1   
 Solid Edge Geometry Interface 2026 R1.01
 Solid Edge Geometry Interface 2026 R1.02
 SOLIDWORKS Geometry Interface 2026 R1   
 SOLIDWORKS Geometry Interface 2026 R1.01
 SOLIDWORKS Geometry Interface 2026 R1.02


          *****  MAPDL COMMAND LINE ARGUMENTS  *****
  INITIAL JOBNAME              = file                                                                                                                                                                                                                                                    
  BATCH MODE REQUESTED (-b)    = NOLIST
  INPUT FILE COPY MODE (-c)    = COPY
  DISTRIBUTED MEMORY PARALLEL REQUESTED
      10 PARALLEL PROCESSES REQUESTED WITH SINGLE THREAD PER PROCESS
    TOTAL OF    10 CORES REQUESTED
  MPI OPTION                   = INTELMPI
  INPUT FILE NAME              = CONIN$
  OUTPUT FILE NAME             = Z:\Developer\MIT_Rkt_Team\2026-7\MIT-RT-26_27-Work\simulation_work\solidprop\phenolic_case_study\tmp3_sim2\resume_runs\ScrResume_step16_v2_20260719\file3.out
  START-UP FILE MODE           = NOREAD
  STOP FILE MODE               = NOREAD
  INITIAL DIRECTORY = Z:\Developer\MIT_Rkt_Team\2026-7\MIT-RT-26_27-Work\simulation_work\solidprop\phenolic_case_study\tmp3_sim2\resume_runs\ScrResume_step16_v2_20260719

 User Link path (ANS_USER_PATH): Z:\Developer\MIT_Rkt_Team\2026-7\MIT-RT-26_27-Work\simulation_work\solidprop\phenolic_case_study\tmp3_sim2                                                                                                                                              

 RELEASE= 2026 R1.02           BUILD= 26.1      UP20260202   VERSION=WINDOWS x64 
 CURRENT JOBNAME=file3  18:08:15  JUL 19, 2026  Elapsed Time=       4.438
 Note - This MAPDL version was linked by Licensee

 *****  MAPDL SOLUTION ROUTINE  *****

 FINISH SOLUTION PROCESSING


 ***** ROUTINE COMPLETED *****  ELAPSED TIME =        21.101



 *****  MAPDL SOLUTION ROUTINE  *****

 *** MAPDL - ENGINEERING ANALYSIS SYSTEM  RELEASE 2026 R1.02       26.1     ***
 Ansys Mechanical Enterprise                       
 00000000  VERSION=WINDOWS x64   18:09:06  JUL 19, 2026 Elapsed Time=     57.198

                                                                               

 Note - This MAPDL version was linked by Licensee

 *** WARNING ***                         ELAPSED TIME =      69.914   TIME= 18:09:19
 Material property DENS of material 3 of element 364591 is evaluated at  
 a temperature of 22.2280675, which is below the supplied temperature    
 range.  Temperature range checking terminates.                          

     HT FLOW CONVERGENCE VALUE=   136.7      CRITERION=  0.5024    
    EQUIL ITER   1 COMPLETED.  NEW TRIANG MATRIX.  MAX DOF INC=   22.32    
     HT FLOW CONVERGENCE VALUE=   9.527      CRITERION=  0.5032    
    EQUIL ITER   2 COMPLETED.  NEW TRIANG MATRIX.  MAX DOF INC=  -4.278    
     HT FLOW CONVERGENCE VALUE=   1.348      CRITERION=  0.5053    
    EQUIL ITER   3 COMPLETED.  NEW TRIANG MATRIX.  MAX DOF INC=  0.9252    
     HT FLOW CONVERGENCE VALUE=  0.2194      CRITERION=  0.5048     <<< CONVERGED
    >>> SOLUTION CONVERGED AFTER EQUILIBRIUM ITERATION   3
 *** LOAD STEP    17   SUBSTEP     1  COMPLETED.    CUM ITER =     68
 *** TIME =  0.850000         TIME INC =  0.500000E-01
 *** RESPONSE EIGENVALUE = 0.7909       OSCILLATION LIMIT = 0.3955E-01

 *** NOTE ***                            ELAPSED TIME =     789.688   TIME= 18:21:19
 The number of multiframe restart files exceeds 4, a user specified      
 limit.  The .Rnnn file numbering will be reset to 1.                    

 *** NOTE ***                            ELAPSED TIME =     796.208   TIME= 18:21:25
 During this loadstep the PCG iterative solver took more than 1000       
 iterations to solve the system of equations.  In the future it may be   
 more efficient to choose a direct solver, such as the SPARSE solver,    
 for this analysis.                                                      

 FINISH SOLUTION PROCESSING


 ***** ROUTINE COMPLETED *****  ELAPSED TIME =      1172.497



 *****  MAPDL SOLUTION ROUTINE  *****

 *** MAPDL - ENGINEERING ANALYSIS SYSTEM  RELEASE 2026 R1.02       26.1     ***
 Ansys Mechanical Enterprise                       
 00000000  VERSION=WINDOWS x64   18:28:55  JUL 19, 2026 Elapsed Time=   1246.424

                                                                               

 Note - This MAPDL version was linked by Licensee

     HT FLOW CONVERGENCE VALUE=   131.5      CRITERION=  0.5016    
    EQUIL ITER   1 COMPLETED.  NEW TRIANG MATRIX.  MAX DOF INC=   21.06    
     HT FLOW CONVERGENCE VALUE=   9.209      CRITERION=  0.5029    
    EQUIL ITER   2 COMPLETED.  NEW TRIANG MATRIX.  MAX DOF INC=  -4.065    
     HT FLOW CONVERGENCE VALUE=   1.289      CRITERION=  0.5048    
    EQUIL ITER   3 COMPLETED.  NEW TRIANG MATRIX.  MAX DOF INC=  0.8724    
     HT FLOW CONVERGENCE VALUE=  0.2065      CRITERION=  0.5043     <<< CONVERGED
    >>> SOLUTION CONVERGED AFTER EQUILIBRIUM ITERATION   3
 *** LOAD STEP    18   SUBSTEP     1  COMPLETED.    CUM ITER =     72
 *** TIME =  0.900000         TIME INC =  0.500000E-01
 *** RESPONSE EIGENVALUE = 0.7546       OSCILLATION LIMIT = 0.3773E-01

 *** NOTE ***                            ELAPSED TIME =    2075.507   TIME= 18:42:44
 The number of multiframe restart files exceeds 4, a user specified      
 limit.  The .Rnnn file numbering will be reset to 1.                    

 *** NOTE ***                            ELAPSED TIME =    2082.555   TIME= 18:42:52
 During this loadstep the PCG iterative solver took more than 1000       
 iterations to solve the system of equations.  In the future it may be   
 more efficient to choose a direct solver, such as the SPARSE solver,    
 for this analysis.                                                      

 FINISH SOLUTION PROCESSING


 ***** ROUTINE COMPLETED *****  ELAPSED TIME =      2478.439



 *****  MAPDL SOLUTION ROUTINE  *****

 *** MAPDL - ENGINEERING ANALYSIS SYSTEM  RELEASE 2026 R1.02       26.1     ***
 Ansys Mechanical Enterprise                       
 00000000  VERSION=WINDOWS x64   18:50:41  JUL 19, 2026 Elapsed Time=   2552.204

                                                                               

 Note - This MAPDL version was linked by Licensee

     HT FLOW CONVERGENCE VALUE=   126.9      CRITERION=  0.5010    
    EQUIL ITER   1 COMPLETED.  NEW TRIANG MATRIX.  MAX DOF INC=   19.95    
     HT FLOW CONVERGENCE VALUE=   8.900      CRITERION=  0.5028    
    EQUIL ITER   2 COMPLETED.  NEW TRIANG MATRIX.  MAX DOF INC=  -3.845    
     HT FLOW CONVERGENCE VALUE=   1.229      CRITERION=  0.5045    
    EQUIL ITER   3 COMPLETED.  NEW TRIANG MATRIX.  MAX DOF INC=  0.8109    
     HT FLOW CONVERGENCE VALUE=  0.1935      CRITERION=  0.5041     <<< CONVERGED
    >>> SOLUTION CONVERGED AFTER EQUILIBRIUM ITERATION   3
 *** LOAD STEP    19   SUBSTEP     1  COMPLETED.    CUM ITER =     76
 *** TIME =  0.950000         TIME INC =  0.500000E-01
 *** RESPONSE EIGENVALUE = 0.7216       OSCILLATION LIMIT = 0.3608E-01

 *** NOTE ***                            ELAPSED TIME =    3378.741   TIME= 19:04:28
 The number of multiframe restart files exceeds 4, a user specified      
 limit.  The .Rnnn file numbering will be reset to 1.                    

 *** NOTE ***                            ELAPSED TIME =    3384.054   TIME= 19:04:33
 During this loadstep the PCG iterative solver took more than 1000       
 iterations to solve the system of equations.  In the future it may be   
 more efficient to choose a direct solver, such as the SPARSE solver,    
 for this analysis.                                                      

 FINISH SOLUTION PROCESSING


 ***** ROUTINE COMPLETED *****  ELAPSED TIME =      3753.870



 *****  MAPDL SOLUTION ROUTINE  *****

 *** MAPDL - ENGINEERING ANALYSIS SYSTEM  RELEASE 2026 R1.02       26.1     ***
 Ansys Mechanical Enterprise                       
 00000000  VERSION=WINDOWS x64   19:11:54  JUL 19, 2026 Elapsed Time=   3825.437

                                                                               

 Note - This MAPDL version was linked by Licensee

     HT FLOW CONVERGENCE VALUE=   122.7      CRITERION=  0.5008    
    EQUIL ITER   1 COMPLETED.  NEW TRIANG MATRIX.  MAX DOF INC=   18.98    
     HT FLOW CONVERGENCE VALUE=   8.602      CRITERION=  0.5029    
    EQUIL ITER   2 COMPLETED.  NEW TRIANG MATRIX.  MAX DOF INC=  -3.670    
     HT FLOW CONVERGENCE VALUE=   1.169      CRITERION=  0.5045    
    EQUIL ITER   3 COMPLETED.  NEW TRIANG MATRIX.  MAX DOF INC=  0.7614    
     HT FLOW CONVERGENCE VALUE=  0.1805      CRITERION=  0.5041     <<< CONVERGED
    >>> SOLUTION CONVERGED AFTER EQUILIBRIUM ITERATION   3
 *** LOAD STEP    20   SUBSTEP     1  COMPLETED.    CUM ITER =     80
 *** TIME =   1.00000         TIME INC =  0.500000E-01
 *** RESPONSE EIGENVALUE = 0.6916       OSCILLATION LIMIT = 0.3458E-01

 *** NOTE ***                            ELAPSED TIME =    4652.786   TIME= 19:25:42
 The number of multiframe restart files exceeds 4, a user specified      
 limit.  The .Rnnn file numbering will be reset to 1.                    

 *** NOTE ***                            ELAPSED TIME =    4659.176   TIME= 19:25:48
 During this loadstep the PCG iterative solver took more than 1000       
 iterations to solve the system of equations.  In the future it may be   
 more efficient to choose a direct solver, such as the SPARSE solver,    
 for this analysis.                                                      

 FINISH SOLUTION PROCESSING


 ***** ROUTINE COMPLETED *****  ELAPSED TIME =      5100.679



 *****  MAPDL SOLUTION ROUTINE  *****

 *** MAPDL - ENGINEERING ANALYSIS SYSTEM  RELEASE 2026 R1.02       26.1     ***
 Ansys Mechanical Enterprise                       
 00000000  VERSION=WINDOWS x64   19:34:26  JUL 19, 2026 Elapsed Time=   5177.169

                                                                               

 Note - This MAPDL version was linked by Licensee

     HT FLOW CONVERGENCE VALUE=   118.9      CRITERION=  0.5008    
    EQUIL ITER   1 COMPLETED.  NEW TRIANG MATRIX.  MAX DOF INC=   18.16    
     HT FLOW CONVERGENCE VALUE=   8.312      CRITERION=  0.5031    
    EQUIL ITER   2 COMPLETED.  NEW TRIANG MATRIX.  MAX DOF INC=  -3.497    
     HT FLOW CONVERGENCE VALUE=   1.109      CRITERION=  0.5047    
    EQUIL ITER   3 COMPLETED.  NEW TRIANG MATRIX.  MAX DOF INC=  0.7185    
     HT FLOW CONVERGENCE VALUE=  0.1673      CRITERION=  0.5043     <<< CONVERGED
    >>> SOLUTION CONVERGED AFTER EQUILIBRIUM ITERATION   3
 *** LOAD STEP    21   SUBSTEP     1  COMPLETED.    CUM ITER =     84
 *** TIME =   1.05000         TIME INC =  0.500000E-01
 *** RESPONSE EIGENVALUE = 0.6646       OSCILLATION LIMIT = 0.3323E-01

 *** NOTE ***                            ELAPSED TIME =    6072.978   TIME= 19:49:22
 The number of multiframe restart files exceeds 4, a user specified      
 limit.  The .Rnnn file numbering will be reset to 1.                    

 *** NOTE ***                            ELAPSED TIME =    6082.550   TIME= 19:49:32
 During this loadstep the PCG iterative solver took more than 1000       
 iterations to solve the system of equations.  In the future it may be   
 more efficient to choose a direct solver, such as the SPARSE solver,    
 for this analysis.                                                      

 FINISH SOLUTION PROCESSING


 ***** ROUTINE COMPLETED *****  ELAPSED TIME =      6590.592



 *****  MAPDL SOLUTION ROUTINE  *****

 *** MAPDL - ENGINEERING ANALYSIS SYSTEM  RELEASE 2026 R1.02       26.1     ***
 Ansys Mechanical Enterprise                       
 00000000  VERSION=WINDOWS x64   19:59:36  JUL 19, 2026 Elapsed Time=   6686.861

                                                                               

 Note - This MAPDL version was linked by Licensee

     HT FLOW CONVERGENCE VALUE=   115.4      CRITERION=  0.5010    
    EQUIL ITER   1 COMPLETED.  NEW TRIANG MATRIX.  MAX DOF INC=   17.43    
     HT FLOW CONVERGENCE VALUE=   8.035      CRITERION=  0.5036    
    EQUIL ITER   2 COMPLETED.  NEW TRIANG MATRIX.  MAX DOF INC=  -3.357    
     HT FLOW CONVERGENCE VALUE=   1.050      CRITERION=  0.5050    
    EQUIL ITER   3 COMPLETED.  NEW TRIANG MATRIX.  MAX DOF INC=  0.6830    
     HT FLOW CONVERGENCE VALUE=  0.1546      CRITERION=  0.5046     <<< CONVERGED
    >>> SOLUTION CONVERGED AFTER EQUILIBRIUM ITERATION   3
 *** LOAD STEP    22   SUBSTEP     1  COMPLETED.    CUM ITER =     88
 *** TIME =   1.10000         TIME INC =  0.500000E-01
 *** RESPONSE EIGENVALUE = 0.6402       OSCILLATION LIMIT = 0.3201E-01

 *** NOTE ***                            ELAPSED TIME =    7559.212   TIME= 20:14:08
 The number of multiframe restart files exceeds 4, a user specified      
 limit.  The .Rnnn file numbering will be reset to 1.                    

 *** NOTE ***                            ELAPSED TIME =    7568.288   TIME= 20:14:17
 During this loadstep the PCG iterative solver took more than 1000       
 iterations to solve the system of equations.  In the future it may be   
 more efficient to choose a direct solver, such as the SPARSE solver,    
 for this analysis.                                                      

 FINISH SOLUTION PROCESSING


 ***** ROUTINE COMPLETED *****  ELAPSED TIME =      8067.481



 *****  MAPDL SOLUTION ROUTINE  *****

 *** MAPDL - ENGINEERING ANALYSIS SYSTEM  RELEASE 2026 R1.02       26.1     ***
 Ansys Mechanical Enterprise                       
 00000000  VERSION=WINDOWS x64   20:23:44  JUL 19, 2026 Elapsed Time=   8134.591

                                                                               

 Note - This MAPDL version was linked by Licensee

     HT FLOW CONVERGENCE VALUE=   112.3      CRITERION=  0.5013    
    EQUIL ITER   1 COMPLETED.  NEW TRIANG MATRIX.  MAX DOF INC=   16.74    
     HT FLOW CONVERGENCE VALUE=   7.775      CRITERION=  0.5041    
    EQUIL ITER   2 COMPLETED.  NEW TRIANG MATRIX.  MAX DOF INC=  -3.222    
     HT FLOW CONVERGENCE VALUE=  0.9942      CRITERION=  0.5054    
    EQUIL ITER   3 COMPLETED.  NEW TRIANG MATRIX.  MAX DOF INC=  0.6461    
     HT FLOW CONVERGENCE VALUE=  0.1426      CRITERION=  0.5051     <<< CONVERGED
    >>> SOLUTION CONVERGED AFTER EQUILIBRIUM ITERATION   3
 *** LOAD STEP    23   SUBSTEP     1  COMPLETED.    CUM ITER =     92
 *** TIME =   1.15000         TIME INC =  0.500000E-01
 *** RESPONSE EIGENVALUE = 0.6182       OSCILLATION LIMIT = 0.3091E-01

 *** NOTE ***                            ELAPSED TIME =    9113.511   TIME= 20:40:02
 The number of multiframe restart files exceeds 4, a user specified      
 limit.  The .Rnnn file numbering will be reset to 1.                    

 *** NOTE ***                            ELAPSED TIME =    9123.305   TIME= 20:40:12
 During this loadstep the PCG iterative solver took more than 1000       
 iterations to solve the system of equations.  In the future it may be   
 more efficient to choose a direct solver, such as the SPARSE solver,    
 for this analysis.                                                      

 FINISH SOLUTION PROCESSING


 ***** ROUTINE COMPLETED *****  ELAPSED TIME =      9664.984



 *****  MAPDL SOLUTION ROUTINE  *****

 *** MAPDL - ENGINEERING ANALYSIS SYSTEM  RELEASE 2026 R1.02       26.1     ***
 Ansys Mechanical Enterprise                       
 00000000  VERSION=WINDOWS x64   20:50:35  JUL 19, 2026 Elapsed Time=   9745.890

                                                                               

 Note - This MAPDL version was linked by Licensee

     HT FLOW CONVERGENCE VALUE=   109.3      CRITERION=  0.5018    
    EQUIL ITER   1 COMPLETED.  NEW TRIANG MATRIX.  MAX DOF INC=   16.18    
     HT FLOW CONVERGENCE VALUE=   7.541      CRITERION=  0.5047    
    EQUIL ITER   2 COMPLETED.  NEW TRIANG MATRIX.  MAX DOF INC=  -3.074    
     HT FLOW CONVERGENCE VALUE=  0.9452      CRITERION=  0.5059    
    EQUIL ITER   3 COMPLETED.  NEW TRIANG MATRIX.  MAX DOF INC=  0.6075    
     HT FLOW CONVERGENCE VALUE=  0.1321      CRITERION=  0.5056     <<< CONVERGED
    >>> SOLUTION CONVERGED AFTER EQUILIBRIUM ITERATION   3
 *** LOAD STEP    24   SUBSTEP     1  COMPLETED.    CUM ITER =     96
 *** TIME =   1.20000         TIME INC =  0.500000E-01
 *** RESPONSE EIGENVALUE = 0.5981       OSCILLATION LIMIT = 0.2990E-01

 *** NOTE ***                            ELAPSED TIME =   10593.001   TIME= 21:04:42
 The number of multiframe restart files exceeds 4, a user specified      
 limit.  The .Rnnn file numbering will be reset to 1.                    

 *** NOTE ***                            ELAPSED TIME =   10600.318   TIME= 21:04:49
 During this loadstep the PCG iterative solver took more than 1000       
 iterations to solve the system of equations.  In the future it may be   
 more efficient to choose a direct solver, such as the SPARSE solver,    
 for this analysis.                                                      

 FINISH SOLUTION PROCESSING


 ***** ROUTINE COMPLETED *****  ELAPSED TIME =     11126.501



 *****  MAPDL SOLUTION ROUTINE  *****

 *** MAPDL - ENGINEERING ANALYSIS SYSTEM  RELEASE 2026 R1.02       26.1     ***
 Ansys Mechanical Enterprise                       
 00000000  VERSION=WINDOWS x64   21:15:00  JUL 19, 2026 Elapsed Time=  11211.224

                                                                               

 Note - This MAPDL version was linked by Licensee

     HT FLOW CONVERGENCE VALUE=   106.7      CRITERION=  0.5023    
    EQUIL ITER   1 COMPLETED.  NEW TRIANG MATRIX.  MAX DOF INC=   15.66    
     HT FLOW CONVERGENCE VALUE=   7.335      CRITERION=  0.5054    
    EQUIL ITER   2 COMPLETED.  NEW TRIANG MATRIX.  MAX DOF INC=  -2.913    
     HT FLOW CONVERGENCE VALUE=  0.9017      CRITERION=  0.5066    
    EQUIL ITER   3 COMPLETED.  NEW TRIANG MATRIX.  MAX DOF INC=  0.5676    
     HT FLOW CONVERGENCE VALUE=  0.1228      CRITERION=  0.5063     <<< CONVERGED
    >>> SOLUTION CONVERGED AFTER EQUILIBRIUM ITERATION   3
 *** LOAD STEP    25   SUBSTEP     1  COMPLETED.    CUM ITER =    100
 *** TIME =   1.25000         TIME INC =  0.500000E-01
 *** RESPONSE EIGENVALUE = 0.5794       OSCILLATION LIMIT = 0.2897E-01

 *** NOTE ***                            ELAPSED TIME =   12167.081   TIME= 21:30:56
 The number of multiframe restart files exceeds 4, a user specified      
 limit.  The .Rnnn file numbering will be reset to 1.                    

 *** NOTE ***                            ELAPSED TIME =   12175.975   TIME= 21:31:05
 During this loadstep the PCG iterative solver took more than 1000       
 iterations to solve the system of equations.  In the future it may be   
 more efficient to choose a direct solver, such as the SPARSE solver,    
 for this analysis.                                                      

 FINISH SOLUTION PROCESSING


 ***** ROUTINE COMPLETED *****  ELAPSED TIME =     12744.710



 *****  MAPDL SOLUTION ROUTINE  *****

 *** MAPDL - ENGINEERING ANALYSIS SYSTEM  RELEASE 2026 R1.02       26.1     ***
 Ansys Mechanical Enterprise                       
 00000000  VERSION=WINDOWS x64   21:41:55  JUL 19, 2026 Elapsed Time=  12825.599

                                                                               

 Note - This MAPDL version was linked by Licensee

     HT FLOW CONVERGENCE VALUE=   104.2      CRITERION=  0.5029    
    EQUIL ITER   1 COMPLETED.  NEW TRIANG MATRIX.  MAX DOF INC=   15.18    
     HT FLOW CONVERGENCE VALUE=   7.139      CRITERION=  0.5062    
    EQUIL ITER   2 COMPLETED.  NEW TRIANG MATRIX.  MAX DOF INC=  -2.800    
     HT FLOW CONVERGENCE VALUE=  0.8609      CRITERION=  0.5072    
    EQUIL ITER   3 COMPLETED.  NEW TRIANG MATRIX.  MAX DOF INC=  0.5356    
     HT FLOW CONVERGENCE VALUE=  0.1141      CRITERION=  0.5070     <<< CONVERGED
    >>> SOLUTION CONVERGED AFTER EQUILIBRIUM ITERATION   3
 *** LOAD STEP    26   SUBSTEP     1  COMPLETED.    CUM ITER =    104
 *** TIME =   1.30000         TIME INC =  0.500000E-01
 *** RESPONSE EIGENVALUE = 0.5621       OSCILLATION LIMIT = 0.2811E-01

 *** NOTE ***                            ELAPSED TIME =   13742.823   TIME= 21:57:12
 The number of multiframe restart files exceeds 4, a user specified      
 limit.  The .Rnnn file numbering will be reset to 1.                    

 *** NOTE ***                            ELAPSED TIME =   13751.468   TIME= 21:57:20
 During this loadstep the PCG iterative solver took more than 1000       
 iterations to solve the system of equations.  In the future it may be   
 more efficient to choose a direct solver, such as the SPARSE solver,    
 for this analysis.                                                      

 FINISH SOLUTION PROCESSING


 ***** ROUTINE COMPLETED *****  ELAPSED TIME =     14365.115



 *****  MAPDL SOLUTION ROUTINE  *****

 *** MAPDL - ENGINEERING ANALYSIS SYSTEM  RELEASE 2026 R1.02       26.1     ***
 Ansys Mechanical Enterprise                       
 00000000  VERSION=WINDOWS x64   22:09:07  JUL 19, 2026 Elapsed Time=  14457.581

                                                                               

 Note - This MAPDL version was linked by Licensee

     HT FLOW CONVERGENCE VALUE=   101.9      CRITERION=  0.5036    
    EQUIL ITER   1 COMPLETED.  NEW TRIANG MATRIX.  MAX DOF INC=   14.74    
     HT FLOW CONVERGENCE VALUE=   6.951      CRITERION=  0.5070    
    EQUIL ITER   2 COMPLETED.  NEW TRIANG MATRIX.  MAX DOF INC=  -2.693    
     HT FLOW CONVERGENCE VALUE=  0.8221      CRITERION=  0.5080    
    EQUIL ITER   3 COMPLETED.  NEW TRIANG MATRIX.  MAX DOF INC=  0.5083    
     HT FLOW CONVERGENCE VALUE=  0.1060      CRITERION=  0.5077     <<< CONVERGED
    >>> SOLUTION CONVERGED AFTER EQUILIBRIUM ITERATION   3
 *** LOAD STEP    27   SUBSTEP     1  COMPLETED.    CUM ITER =    108
 *** TIME =   1.35000         TIME INC =  0.500000E-01
 *** RESPONSE EIGENVALUE = 0.5462       OSCILLATION LIMIT = 0.2731E-01

 *** NOTE ***                            ELAPSED TIME =   15370.746   TIME= 22:24:20
 The number of multiframe restart files exceeds 4, a user specified      
 limit.  The .Rnnn file numbering will be reset to 1.                    

 *** NOTE ***                            ELAPSED TIME =   15377.855   TIME= 22:24:27
 During this loadstep the PCG iterative solver took more than 1000       
 iterations to solve the system of equations.  In the future it may be   
 more efficient to choose a direct solver, such as the SPARSE solver,    
 for this analysis.                                                      

 FINISH SOLUTION PROCESSING


 ***** ROUTINE COMPLETED *****  ELAPSED TIME =     15966.185



 *****  MAPDL SOLUTION ROUTINE  *****

 *** MAPDL - ENGINEERING ANALYSIS SYSTEM  RELEASE 2026 R1.02       26.1     ***
 Ansys Mechanical Enterprise                       
 00000000  VERSION=WINDOWS x64   22:35:39  JUL 19, 2026 Elapsed Time=  16049.617

                                                                               

 Note - This MAPDL version was linked by Licensee

     HT FLOW CONVERGENCE VALUE=   99.75      CRITERION=  0.5044    
    EQUIL ITER   1 COMPLETED.  NEW TRIANG MATRIX.  MAX DOF INC=   14.32    
     HT FLOW CONVERGENCE VALUE=   6.761      CRITERION=  0.5078    
    EQUIL ITER   2 COMPLETED.  NEW TRIANG MATRIX.  MAX DOF INC=  -2.567    
     HT FLOW CONVERGENCE VALUE=  0.7838      CRITERION=  0.5088    
    EQUIL ITER   3 COMPLETED.  NEW TRIANG MATRIX.  MAX DOF INC=  0.4766    
     HT FLOW CONVERGENCE VALUE=  0.9836E-01  CRITERION=  0.5085     <<< CONVERGED
    >>> SOLUTION CONVERGED AFTER EQUILIBRIUM ITERATION   3
 *** LOAD STEP    28   SUBSTEP     1  COMPLETED.    CUM ITER =    112
 *** TIME =   1.40000         TIME INC =  0.500000E-01
 *** RESPONSE EIGENVALUE = 0.5315       OSCILLATION LIMIT = 0.2658E-01

 *** NOTE ***                            ELAPSED TIME =   17016.406   TIME= 22:51:45
 The number of multiframe restart files exceeds 4, a user specified      
 limit.  The .Rnnn file numbering will be reset to 1.                    

 *** NOTE ***                            ELAPSED TIME =   17024.606   TIME= 22:51:54
 During this loadstep the PCG iterative solver took more than 1000       
 iterations to solve the system of equations.  In the future it may be   
 more efficient to choose a direct solver, such as the SPARSE solver,    
 for this analysis.                                                      

 FINISH SOLUTION PROCESSING


 ***** ROUTINE COMPLETED *****  ELAPSED TIME =     17639.797



 *****  MAPDL SOLUTION ROUTINE  *****

 *** MAPDL - ENGINEERING ANALYSIS SYSTEM  RELEASE 2026 R1.02       26.1     ***
 Ansys Mechanical Enterprise                       
 00000000  VERSION=WINDOWS x64   23:03:32  JUL 19, 2026 Elapsed Time=  17722.967

                                                                               

 Note - This MAPDL version was linked by Licensee

     HT FLOW CONVERGENCE VALUE=   97.77      CRITERION=  0.5052    
    EQUIL ITER   1 COMPLETED.  NEW TRIANG MATRIX.  MAX DOF INC=   13.92    
     HT FLOW CONVERGENCE VALUE=   6.572      CRITERION=  0.5087    
    EQUIL ITER   2 COMPLETED.  NEW TRIANG MATRIX.  MAX DOF INC=  -2.462    
     HT FLOW CONVERGENCE VALUE=  0.7466      CRITERION=  0.5096    
    EQUIL ITER   3 COMPLETED.  NEW TRIANG MATRIX.  MAX DOF INC=  0.4483    
     HT FLOW CONVERGENCE VALUE=  0.9110E-01  CRITERION=  0.5094     <<< CONVERGED
    >>> SOLUTION CONVERGED AFTER EQUILIBRIUM ITERATION   3
 *** LOAD STEP    29   SUBSTEP     1  COMPLETED.    CUM ITER =    116
 *** TIME =   1.45000         TIME INC =  0.500000E-01
 *** RESPONSE EIGENVALUE = 0.5181       OSCILLATION LIMIT = 0.2590E-01

 *** NOTE ***                            ELAPSED TIME =   18649.215   TIME= 23:18:58
 The number of multiframe restart files exceeds 4, a user specified      
 limit.  The .Rnnn file numbering will be reset to 1.                    

 *** NOTE ***                            ELAPSED TIME =   18656.447   TIME= 23:19:05
 During this loadstep the PCG iterative solver took more than 1000       
 iterations to solve the system of equations.  In the future it may be   
 more efficient to choose a direct solver, such as the SPARSE solver,    
 for this analysis.                                                      

 FINISH SOLUTION PROCESSING


 ***** ROUTINE COMPLETED *****  ELAPSED TIME =     19280.237



 *****  MAPDL SOLUTION ROUTINE  *****

 *** MAPDL - ENGINEERING ANALYSIS SYSTEM  RELEASE 2026 R1.02       26.1     ***
 Ansys Mechanical Enterprise                       
 00000000  VERSION=WINDOWS x64   23:31:00  JUL 19, 2026 Elapsed Time=  19370.735

                                                                               

 Note - This MAPDL version was linked by Licensee

     HT FLOW CONVERGENCE VALUE=   95.93      CRITERION=  0.5060    
    EQUIL ITER   1 COMPLETED.  NEW TRIANG MATRIX.  MAX DOF INC=   13.60    
     HT FLOW CONVERGENCE VALUE=   6.390      CRITERION=  0.5096    
    EQUIL ITER   2 COMPLETED.  NEW TRIANG MATRIX.  MAX DOF INC=  -2.366    
     HT FLOW CONVERGENCE VALUE=  0.7108      CRITERION=  0.5104    
    EQUIL ITER   3 COMPLETED.  NEW TRIANG MATRIX.  MAX DOF INC=  0.4219    
     HT FLOW CONVERGENCE VALUE=  0.8434E-01  CRITERION=  0.5102     <<< CONVERGED
    >>> SOLUTION CONVERGED AFTER EQUILIBRIUM ITERATION   3
 *** LOAD STEP    30   SUBSTEP     1  COMPLETED.    CUM ITER =    120
 *** TIME =   1.50000         TIME INC =  0.500000E-01
 *** RESPONSE EIGENVALUE = 0.5057       OSCILLATION LIMIT = 0.2528E-01

 *** NOTE ***                            ELAPSED TIME =   20363.174   TIME= 23:47:32
 The number of multiframe restart files exceeds 4, a user specified      
 limit.  The .Rnnn file numbering will be reset to 1.                    

 *** NOTE ***                            ELAPSED TIME =   20370.690   TIME= 23:47:40
 During this loadstep the PCG iterative solver took more than 1000       
 iterations to solve the system of equations.  In the future it may be   
 more efficient to choose a direct solver, such as the SPARSE solver,    
 for this analysis.                                                      

 FINISH SOLUTION PROCESSING


 ***** ROUTINE COMPLETED *****  ELAPSED TIME =     21008.786



 *****  MAPDL SOLUTION ROUTINE  *****

 *** MAPDL - ENGINEERING ANALYSIS SYSTEM  RELEASE 2026 R1.02       26.1     ***
 Ansys Mechanical Enterprise                       
 00000000  VERSION=WINDOWS x64   23:59:42  JUL 19, 2026 Elapsed Time=  21093.468

                                                                               

 Note - This MAPDL version was linked by Licensee

     HT FLOW CONVERGENCE VALUE=   94.21      CRITERION=  0.5068    
    EQUIL ITER   1 COMPLETED.  NEW TRIANG MATRIX.  MAX DOF INC=   13.32    
     HT FLOW CONVERGENCE VALUE=   6.212      CRITERION=  0.5106    
    EQUIL ITER   2 COMPLETED.  NEW TRIANG MATRIX.  MAX DOF INC=  -2.272    
     HT FLOW CONVERGENCE VALUE=  0.6764      CRITERION=  0.5113    
    EQUIL ITER   3 COMPLETED.  NEW TRIANG MATRIX.  MAX DOF INC=  0.3982    
     HT FLOW CONVERGENCE VALUE=  0.7804E-01  CRITERION=  0.5111     <<< CONVERGED
    >>> SOLUTION CONVERGED AFTER EQUILIBRIUM ITERATION   3
 *** LOAD STEP    31   SUBSTEP     1  COMPLETED.    CUM ITER =    124
 *** TIME =   1.55000         TIME INC =  0.500000E-01
 *** RESPONSE EIGENVALUE = 0.4942       OSCILLATION LIMIT = 0.2471E-01

 *** NOTE ***                            ELAPSED TIME =   22036.193   TIME= 09:30:41
 The number of multiframe restart files exceeds 4, a user specified      
 limit.  The .Rnnn file numbering will be reset to 1.                    

 *** NOTE ***                            ELAPSED TIME =   22042.303   TIME= 09:30:47
 During this loadstep the PCG iterative solver took more than 1000       
 iterations to solve the system of equations.  In the future it may be   
 more efficient to choose a direct solver, such as the SPARSE solver,    
 for this analysis.                                                      

 FINISH SOLUTION PROCESSING


 ***** ROUTINE COMPLETED *****  ELAPSED TIME =     22544.016



 *****  MAPDL SOLUTION ROUTINE  *****

 *** MAPDL - ENGINEERING ANALYSIS SYSTEM  RELEASE 2026 R1.02       26.1     ***
 Ansys Mechanical Enterprise                       
 00000000  VERSION=WINDOWS x64   09:41:23  JUL 20, 2026 Elapsed Time=  22678.300

                                                                               

 Note - This MAPDL version was linked by Licensee

     HT FLOW CONVERGENCE VALUE=   92.60      CRITERION=  0.5077    
    EQUIL ITER   1 COMPLETED.  NEW TRIANG MATRIX.  MAX DOF INC=   13.05    
     HT FLOW CONVERGENCE VALUE=   6.040      CRITERION=  0.5115    
    EQUIL ITER   2 COMPLETED.  NEW TRIANG MATRIX.  MAX DOF INC=  -2.182    
     HT FLOW CONVERGENCE VALUE=  0.6436      CRITERION=  0.5122    
    EQUIL ITER   3 COMPLETED.  NEW TRIANG MATRIX.  MAX DOF INC=  0.3759    
     HT FLOW CONVERGENCE VALUE=  0.7226E-01  CRITERION=  0.5120     <<< CONVERGED
    >>> SOLUTION CONVERGED AFTER EQUILIBRIUM ITERATION   3
 *** LOAD STEP    32   SUBSTEP     1  COMPLETED.    CUM ITER =    128
 *** TIME =   1.60000         TIME INC =  0.500000E-01
 *** RESPONSE EIGENVALUE = 0.4836       OSCILLATION LIMIT = 0.2418E-01

 *** NOTE ***                            ELAPSED TIME =   23590.550   TIME= 09:56:36
 The number of multiframe restart files exceeds 4, a user specified      
 limit.  The .Rnnn file numbering will be reset to 1.                    

 *** NOTE ***                            ELAPSED TIME =   23596.739   TIME= 09:56:42
 During this loadstep the PCG iterative solver took more than 1000       
 iterations to solve the system of equations.  In the future it may be   
 more efficient to choose a direct solver, such as the SPARSE solver,    
 for this analysis.                                                      

 FINISH SOLUTION PROCESSING


 ***** ROUTINE COMPLETED *****  ELAPSED TIME =     24165.752



 *****  MAPDL SOLUTION ROUTINE  *****

 *** MAPDL - ENGINEERING ANALYSIS SYSTEM  RELEASE 2026 R1.02       26.1     ***
 Ansys Mechanical Enterprise                       
 00000000  VERSION=WINDOWS x64   10:07:38  JUL 20, 2026 Elapsed Time=  24252.639

                                                                               

 Note - This MAPDL version was linked by Licensee

     HT FLOW CONVERGENCE VALUE=   91.08      CRITERION=  0.5086    
    EQUIL ITER   1 COMPLETED.  NEW TRIANG MATRIX.  MAX DOF INC=   12.82    
     HT FLOW CONVERGENCE VALUE=   5.880      CRITERION=  0.5125    
    EQUIL ITER   2 COMPLETED.  NEW TRIANG MATRIX.  MAX DOF INC=  -2.093    
     HT FLOW CONVERGENCE VALUE=  0.6135      CRITERION=  0.5131    
    EQUIL ITER   3 COMPLETED.  NEW TRIANG MATRIX.  MAX DOF INC=  0.3536    
     HT FLOW CONVERGENCE VALUE=  0.6700E-01  CRITERION=  0.5130     <<< CONVERGED
    >>> SOLUTION CONVERGED AFTER EQUILIBRIUM ITERATION   3
 *** LOAD STEP    33   SUBSTEP     1  COMPLETED.    CUM ITER =    132
 *** TIME =   1.65000         TIME INC =  0.500000E-01
 *** RESPONSE EIGENVALUE = 0.4738       OSCILLATION LIMIT = 0.2369E-01

 *** NOTE ***                            ELAPSED TIME =   25229.357   TIME= 10:23:54
 The number of multiframe restart files exceeds 4, a user specified      
 limit.  The .Rnnn file numbering will be reset to 1.                    

 *** NOTE ***                            ELAPSED TIME =   25235.046   TIME= 10:24:00
 During this loadstep the PCG iterative solver took more than 1000       
 iterations to solve the system of equations.  In the future it may be   
 more efficient to choose a direct solver, such as the SPARSE solver,    
 for this analysis.                                                      

 FINISH SOLUTION PROCESSING


 ***** ROUTINE COMPLETED *****  ELAPSED TIME =     25883.123



 *****  MAPDL SOLUTION ROUTINE  *****

 *** MAPDL - ENGINEERING ANALYSIS SYSTEM  RELEASE 2026 R1.02       26.1     ***
 Ansys Mechanical Enterprise                       
 00000000  VERSION=WINDOWS x64   10:36:11  JUL 20, 2026 Elapsed Time=  25965.717

                                                                               

 Note - This MAPDL version was linked by Licensee

     HT FLOW CONVERGENCE VALUE=   89.66      CRITERION=  0.5095    
    EQUIL ITER   1 COMPLETED.  NEW TRIANG MATRIX.  MAX DOF INC=   12.61    
     HT FLOW CONVERGENCE VALUE=   5.743      CRITERION=  0.5135    
    EQUIL ITER   2 COMPLETED.  NEW TRIANG MATRIX.  MAX DOF INC=  -2.023    
     HT FLOW CONVERGENCE VALUE=  0.5862      CRITERION=  0.5140    
    EQUIL ITER   3 COMPLETED.  NEW TRIANG MATRIX.  MAX DOF INC=  0.3328    
     HT FLOW CONVERGENCE VALUE=  0.6231E-01  CRITERION=  0.5139     <<< CONVERGED
    >>> SOLUTION CONVERGED AFTER EQUILIBRIUM ITERATION   3
 *** LOAD STEP    34   SUBSTEP     1  COMPLETED.    CUM ITER =    136
 *** TIME =   1.70000         TIME INC =  0.500000E-01
 *** RESPONSE EIGENVALUE = 0.4647       OSCILLATION LIMIT = 0.2324E-01

 *** NOTE ***                            ELAPSED TIME =   26940.978   TIME= 10:52:26
 The number of multiframe restart files exceeds 4, a user specified      
 limit.  The .Rnnn file numbering will be reset to 1.                    

 *** NOTE ***                            ELAPSED TIME =   26946.171   TIME= 10:52:31
 During this loadstep the PCG iterative solver took more than 1000       
 iterations to solve the system of equations.  In the future it may be   
 more efficient to choose a direct solver, such as the SPARSE solver,    
 for this analysis.                                                      

 FINISH SOLUTION PROCESSING


 ***** ROUTINE COMPLETED *****  ELAPSED TIME =     27889.608



 *****  MAPDL SOLUTION ROUTINE  *****

 *** MAPDL - ENGINEERING ANALYSIS SYSTEM  RELEASE 2026 R1.02       26.1     ***
 Ansys Mechanical Enterprise                       
 00000000  VERSION=WINDOWS x64   11:09:46  JUL 20, 2026 Elapsed Time=  27981.058

                                                                               

 Note - This MAPDL version was linked by Licensee

     HT FLOW CONVERGENCE VALUE=   88.31      CRITERION=  0.5105    
    EQUIL ITER   1 COMPLETED.  NEW TRIANG MATRIX.  MAX DOF INC=   12.40    
     HT FLOW CONVERGENCE VALUE=   5.614      CRITERION=  0.5145    
    EQUIL ITER   2 COMPLETED.  NEW TRIANG MATRIX.  MAX DOF INC=  -1.947    
     HT FLOW CONVERGENCE VALUE=  0.5608      CRITERION=  0.5150    
    EQUIL ITER   3 COMPLETED.  NEW TRIANG MATRIX.  MAX DOF INC=  0.3131    
     HT FLOW CONVERGENCE VALUE=  0.5807E-01  CRITERION=  0.5148     <<< CONVERGED
    >>> SOLUTION CONVERGED AFTER EQUILIBRIUM ITERATION   3
 *** LOAD STEP    35   SUBSTEP     1  COMPLETED.    CUM ITER =    140
 *** TIME =   1.75000         TIME INC =  0.500000E-01
 *** RESPONSE EIGENVALUE = 0.4562       OSCILLATION LIMIT = 0.2281E-01

 *** NOTE ***                            ELAPSED TIME =   28981.665   TIME= 11:26:27
 The number of multiframe restart files exceeds 4, a user specified      
 limit.  The .Rnnn file numbering will be reset to 1.                    

 *** NOTE ***                            ELAPSED TIME =   28988.098   TIME= 11:26:33
 During this loadstep the PCG iterative solver took more than 1000       
 iterations to solve the system of equations.  In the future it may be   
 more efficient to choose a direct solver, such as the SPARSE solver,    
 for this analysis.                                                      

 FINISH SOLUTION PROCESSING


 ***** ROUTINE COMPLETED *****  ELAPSED TIME =     29674.236



 *****  MAPDL SOLUTION ROUTINE  *****

 *** MAPDL - ENGINEERING ANALYSIS SYSTEM  RELEASE 2026 R1.02       26.1     ***
 Ansys Mechanical Enterprise                       
 00000000  VERSION=WINDOWS x64   11:39:48  JUL 20, 2026 Elapsed Time=  29782.713

                                                                               

 Note - This MAPDL version was linked by Licensee

     HT FLOW CONVERGENCE VALUE=   87.05      CRITERION=  0.5114    
    EQUIL ITER   1 COMPLETED.  NEW TRIANG MATRIX.  MAX DOF INC=   12.23    
     HT FLOW CONVERGENCE VALUE=   5.490      CRITERION=  0.5155    
    EQUIL ITER   2 COMPLETED.  NEW TRIANG MATRIX.  MAX DOF INC=  -1.867    
     HT FLOW CONVERGENCE VALUE=  0.5371      CRITERION=  0.5159    
    EQUIL ITER   3 COMPLETED.  NEW TRIANG MATRIX.  MAX DOF INC=  0.2945    
     HT FLOW CONVERGENCE VALUE=  0.5418E-01  CRITERION=  0.5158     <<< CONVERGED
    >>> SOLUTION CONVERGED AFTER EQUILIBRIUM ITERATION   3
 *** LOAD STEP    36   SUBSTEP     1  COMPLETED.    CUM ITER =    144
 *** TIME =   1.80000         TIME INC =  0.500000E-01
 *** RESPONSE EIGENVALUE = 0.4481       OSCILLATION LIMIT = 0.2241E-01

 *** NOTE ***                            ELAPSED TIME =   30892.147   TIME= 11:58:17
 The number of multiframe restart files exceeds 4, a user specified      
 limit.  The .Rnnn file numbering will be reset to 1.                    

 *** NOTE ***                            ELAPSED TIME =   30899.856   TIME= 11:58:25
 During this loadstep the PCG iterative solver took more than 1000       
 iterations to solve the system of equations.  In the future it may be   
 more efficient to choose a direct solver, such as the SPARSE solver,    
 for this analysis.                                                      

 FINISH SOLUTION PROCESSING


 ***** ROUTINE COMPLETED *****  ELAPSED TIME =     31761.798



 *****  MAPDL SOLUTION ROUTINE  *****

 *** MAPDL - ENGINEERING ANALYSIS SYSTEM  RELEASE 2026 R1.02       26.1     ***
 Ansys Mechanical Enterprise                       
 00000000  VERSION=WINDOWS x64   12:14:24  JUL 20, 2026 Elapsed Time=  31859.273

                                                                               

 Note - This MAPDL version was linked by Licensee

     HT FLOW CONVERGENCE VALUE=   85.85      CRITERION=  0.5124    
    EQUIL ITER   1 COMPLETED.  NEW TRIANG MATRIX.  MAX DOF INC=   12.06    
     HT FLOW CONVERGENCE VALUE=   5.375      CRITERION=  0.5165    
    EQUIL ITER   2 COMPLETED.  NEW TRIANG MATRIX.  MAX DOF INC=  -1.790    
     HT FLOW CONVERGENCE VALUE=  0.5149      CRITERION=  0.5169     <<< CONVERGED
    >>> SOLUTION CONVERGED AFTER EQUILIBRIUM ITERATION   2
 *** LOAD STEP    37   SUBSTEP     1  COMPLETED.    CUM ITER =    147
 *** TIME =   1.85000         TIME INC =  0.500000E-01
 *** RESPONSE EIGENVALUE = 0.4480       OSCILLATION LIMIT = 0.2240E-01

 *** NOTE ***                            ELAPSED TIME =   32702.668   TIME= 12:28:28
 The number of multiframe restart files exceeds 4, a user specified      
 limit.  The .Rnnn file numbering will be reset to 1.                    

 *** NOTE ***                            ELAPSED TIME =   32711.437   TIME= 12:28:37
 During this loadstep the PCG iterative solver took more than 1000       
 iterations to solve the system of equations.  In the future it may be   
 more efficient to choose a direct solver, such as the SPARSE solver,    
 for this analysis.                                                      

 FINISH SOLUTION PROCESSING


 ***** ROUTINE COMPLETED *****  ELAPSED TIME =     33566.948



 *****  MAPDL SOLUTION ROUTINE  *****

 *** MAPDL - ENGINEERING ANALYSIS SYSTEM  RELEASE 2026 R1.02       26.1     ***
 Ansys Mechanical Enterprise                       
 00000000  VERSION=WINDOWS x64   12:44:27  JUL 20, 2026 Elapsed Time=  33661.361

                                                                               

 Note - This MAPDL version was linked by Licensee

     HT FLOW CONVERGENCE VALUE=   84.66      CRITERION=  0.5134    
    EQUIL ITER   1 COMPLETED.  NEW TRIANG MATRIX.  MAX DOF INC=   11.89    
     HT FLOW CONVERGENCE VALUE=   5.261      CRITERION=  0.5175    
    EQUIL ITER   2 COMPLETED.  NEW TRIANG MATRIX.  MAX DOF INC=  -1.723    
     HT FLOW CONVERGENCE VALUE=  0.4936      CRITERION=  0.5178     <<< CONVERGED
    >>> SOLUTION CONVERGED AFTER EQUILIBRIUM ITERATION   2
 *** LOAD STEP    38   SUBSTEP     1  COMPLETED.    CUM ITER =    150
 *** TIME =   1.90000         TIME INC =  0.500000E-01
 *** RESPONSE EIGENVALUE = 0.4318       OSCILLATION LIMIT = 0.2159E-01

 *** NOTE ***                            ELAPSED TIME =   34487.292   TIME= 12:58:12
 The number of multiframe restart files exceeds 4, a user specified      
 limit.  The .Rnnn file numbering will be reset to 1.                    

 *** NOTE ***                            ELAPSED TIME =   34495.215   TIME= 12:58:20
 During this loadstep the PCG iterative solver took more than 1000       
 iterations to solve the system of equations.  In the future it may be   
 more efficient to choose a direct solver, such as the SPARSE solver,    
 for this analysis.                                                      

 FINISH SOLUTION PROCESSING


 ***** ROUTINE COMPLETED *****  ELAPSED TIME =     35363.435



 *****  MAPDL SOLUTION ROUTINE  *****

 *** MAPDL - ENGINEERING ANALYSIS SYSTEM  RELEASE 2026 R1.02       26.1     ***
 Ansys Mechanical Enterprise                       
 00000000  VERSION=WINDOWS x64   13:14:29  JUL 20, 2026 Elapsed Time=  35463.597

                                                                               

 Note - This MAPDL version was linked by Licensee

     HT FLOW CONVERGENCE VALUE=   83.60      CRITERION=  0.5144    
    EQUIL ITER   1 COMPLETED.  NEW TRIANG MATRIX.  MAX DOF INC=   11.73    
     HT FLOW CONVERGENCE VALUE=   5.161      CRITERION=  0.5185    
    EQUIL ITER   2 COMPLETED.  NEW TRIANG MATRIX.  MAX DOF INC=  -1.659    
     HT FLOW CONVERGENCE VALUE=  0.4745      CRITERION=  0.5188     <<< CONVERGED
    >>> SOLUTION CONVERGED AFTER EQUILIBRIUM ITERATION   2
 *** LOAD STEP    39   SUBSTEP     1  COMPLETED.    CUM ITER =    153
 *** TIME =   1.95000         TIME INC =  0.500000E-01
 *** RESPONSE EIGENVALUE = 0.4245       OSCILLATION LIMIT = 0.2123E-01

 *** NOTE ***                            ELAPSED TIME =   36321.998   TIME= 13:28:47
 The number of multiframe restart files exceeds 4, a user specified      
 limit.  The .Rnnn file numbering will be reset to 1.                    

 *** NOTE ***                            ELAPSED TIME =   36329.984   TIME= 13:28:55
 During this loadstep the PCG iterative solver took more than 1000       
 iterations to solve the system of equations.  In the future it may be   
 more efficient to choose a direct solver, such as the SPARSE solver,    
 for this analysis.                                                      

 FINISH SOLUTION PROCESSING


 ***** ROUTINE COMPLETED *****  ELAPSED TIME =     37201.535



 *****  MAPDL SOLUTION ROUTINE  *****

 *** MAPDL - ENGINEERING ANALYSIS SYSTEM  RELEASE 2026 R1.02       26.1     ***
 Ansys Mechanical Enterprise                       
 00000000  VERSION=WINDOWS x64   13:45:09  JUL 20, 2026 Elapsed Time=  37303.518

                                                                               

 Note - This MAPDL version was linked by Licensee

     HT FLOW CONVERGENCE VALUE=   82.61      CRITERION=  0.5154    
    EQUIL ITER   1 COMPLETED.  NEW TRIANG MATRIX.  MAX DOF INC=   11.57    
     HT FLOW CONVERGENCE VALUE=   5.065      CRITERION=  0.5195    
    EQUIL ITER   2 COMPLETED.  NEW TRIANG MATRIX.  MAX DOF INC=  -1.601    
     HT FLOW CONVERGENCE VALUE=  0.4571      CRITERION=  0.5198     <<< CONVERGED
    >>> SOLUTION CONVERGED AFTER EQUILIBRIUM ITERATION   2
 *** LOAD STEP    40   SUBSTEP     1  COMPLETED.    CUM ITER =    156
 *** TIME =   2.00000         TIME INC =  0.500000E-01
 *** RESPONSE EIGENVALUE = 0.4188       OSCILLATION LIMIT = 0.2094E-01

 *** NOTE ***                            ELAPSED TIME =   38123.702   TIME= 13:58:49
 The number of multiframe restart files exceeds 4, a user specified      
 limit.  The .Rnnn file numbering will be reset to 1.                    

 *** NOTE ***                            ELAPSED TIME =   38130.873   TIME= 13:58:56
 During this loadstep the PCG iterative solver took more than 1000       
 iterations to solve the system of equations.  In the future it may be   
 more efficient to choose a direct solver, such as the SPARSE solver,    
 for this analysis.                                                      

 FINISH SOLUTION PROCESSING


 ***** ROUTINE COMPLETED *****  ELAPSED TIME =     38950.679



 *****  MAPDL SOLUTION ROUTINE  *****

 *** MAPDL - ENGINEERING ANALYSIS SYSTEM  RELEASE 2026 R1.02       26.1     ***
 Ansys Mechanical Enterprise                       
 00000000  VERSION=WINDOWS x64   14:14:17  JUL 20, 2026 Elapsed Time=  39051.738

                                                                               

 Note - This MAPDL version was linked by Licensee

     HT FLOW CONVERGENCE VALUE=   81.65      CRITERION=  0.5164    
    EQUIL ITER   1 COMPLETED.  NEW TRIANG MATRIX.  MAX DOF INC=   11.41    
     HT FLOW CONVERGENCE VALUE=   4.973      CRITERION=  0.5205    
    EQUIL ITER   2 COMPLETED.  NEW TRIANG MATRIX.  MAX DOF INC=  -1.540    
     HT FLOW CONVERGENCE VALUE=  0.4411      CRITERION=  0.5207     <<< CONVERGED
    >>> SOLUTION CONVERGED AFTER EQUILIBRIUM ITERATION   2
 *** LOAD STEP    41   SUBSTEP     1  COMPLETED.    CUM ITER =    159
 *** TIME =   2.05000         TIME INC =  0.500000E-01
 *** RESPONSE EIGENVALUE = 0.4137       OSCILLATION LIMIT = 0.2069E-01

 *** NOTE ***                            ELAPSED TIME =   39865.189   TIME= 14:27:50
 The number of multiframe restart files exceeds 4, a user specified      
 limit.  The .Rnnn file numbering will be reset to 1.                    

 *** NOTE ***                            ELAPSED TIME =   39872.814   TIME= 14:27:58
 During this loadstep the PCG iterative solver took more than 1000       
 iterations to solve the system of equations.  In the future it may be   
 more efficient to choose a direct solver, such as the SPARSE solver,    
 for this analysis.                                                      

 FINISH SOLUTION PROCESSING


 ***** ROUTINE COMPLETED *****  ELAPSED TIME =     40906.182



 *****  MAPDL SOLUTION ROUTINE  *****

 *** MAPDL - ENGINEERING ANALYSIS SYSTEM  RELEASE 2026 R1.02       26.1     ***
 Ansys Mechanical Enterprise                       
 00000000  VERSION=WINDOWS x64   14:47:56  JUL 20, 2026 Elapsed Time=  41071.243

                                                                               

 Note - This MAPDL version was linked by Licensee

     HT FLOW CONVERGENCE VALUE=   80.74      CRITERION=  0.5174    
    EQUIL ITER   1 COMPLETED.  NEW TRIANG MATRIX.  MAX DOF INC=   11.24    
     HT FLOW CONVERGENCE VALUE=   4.886      CRITERION=  0.5215    
    EQUIL ITER   2 COMPLETED.  NEW TRIANG MATRIX.  MAX DOF INC=  -1.482    
     HT FLOW CONVERGENCE VALUE=  0.4262      CRITERION=  0.5217     <<< CONVERGED
    >>> SOLUTION CONVERGED AFTER EQUILIBRIUM ITERATION   2
 *** LOAD STEP    42   SUBSTEP     1  COMPLETED.    CUM ITER =    162
 *** TIME =   2.10000         TIME INC =  0.500000E-01
 *** RESPONSE EIGENVALUE = 0.4090       OSCILLATION LIMIT = 0.2045E-01

 *** NOTE ***                            ELAPSED TIME =   41962.600   TIME= 15:02:48
 The number of multiframe restart files exceeds 4, a user specified      
 limit.  The .Rnnn file numbering will be reset to 1.                    

 *** NOTE ***                            ELAPSED TIME =   41971.451   TIME= 15:02:57
 During this loadstep the PCG iterative solver took more than 1000       
 iterations to solve the system of equations.  In the future it may be   
 more efficient to choose a direct solver, such as the SPARSE solver,    
 for this analysis.                                                      

 FINISH SOLUTION PROCESSING


 ***** ROUTINE COMPLETED *****  ELAPSED TIME =     43004.398



 *****  MAPDL SOLUTION ROUTINE  *****

 *** MAPDL - ENGINEERING ANALYSIS SYSTEM  RELEASE 2026 R1.02       26.1     ***
 Ansys Mechanical Enterprise                       
 00000000  VERSION=WINDOWS x64   15:23:06  JUL 20, 2026 Elapsed Time=  43181.039

                                                                               

 Note - This MAPDL version was linked by Licensee

     HT FLOW CONVERGENCE VALUE=   79.87      CRITERION=  0.5184    
    EQUIL ITER   1 COMPLETED.  NEW TRIANG MATRIX.  MAX DOF INC=   11.09    
     HT FLOW CONVERGENCE VALUE=   4.802      CRITERION=  0.5225    
    EQUIL ITER   2 COMPLETED.  NEW TRIANG MATRIX.  MAX DOF INC=  -1.424    
     HT FLOW CONVERGENCE VALUE=  0.4122      CRITERION=  0.5227     <<< CONVERGED
    >>> SOLUTION CONVERGED AFTER EQUILIBRIUM ITERATION   2
 *** LOAD STEP    43   SUBSTEP     1  COMPLETED.    CUM ITER =    165
 *** TIME =   2.15000         TIME INC =  0.500000E-01
 *** RESPONSE EIGENVALUE = 0.4046       OSCILLATION LIMIT = 0.2023E-01

 *** NOTE ***                            ELAPSED TIME =   43971.679   TIME= 15:36:17
 The number of multiframe restart files exceeds 4, a user specified      
 limit.  The .Rnnn file numbering will be reset to 1.                    

 *** NOTE ***                            ELAPSED TIME =   43980.115   TIME= 15:36:25
 During this loadstep the PCG iterative solver took more than 1000       
 iterations to solve the system of equations.  In the future it may be   
 more efficient to choose a direct solver, such as the SPARSE solver,    
 for this analysis.                                                      

 FINISH SOLUTION PROCESSING


 ***** ROUTINE COMPLETED *****  ELAPSED TIME =     44977.667



 *****  MAPDL SOLUTION ROUTINE  *****

 *** MAPDL - ENGINEERING ANALYSIS SYSTEM  RELEASE 2026 R1.02       26.1     ***
 Ansys Mechanical Enterprise                       
 00000000  VERSION=WINDOWS x64   15:55:03  JUL 20, 2026 Elapsed Time=  45098.025

                                                                               

 Note - This MAPDL version was linked by Licensee

     HT FLOW CONVERGENCE VALUE=   79.03      CRITERION=  0.5194    
    EQUIL ITER   1 COMPLETED.  NEW TRIANG MATRIX.  MAX DOF INC=   10.95    
     HT FLOW CONVERGENCE VALUE=   4.723      CRITERION=  0.5234    
    EQUIL ITER   2 COMPLETED.  NEW TRIANG MATRIX.  MAX DOF INC=  -1.368    
     HT FLOW CONVERGENCE VALUE=  0.3997      CRITERION=  0.5236     <<< CONVERGED
    >>> SOLUTION CONVERGED AFTER EQUILIBRIUM ITERATION   2
 *** LOAD STEP    44   SUBSTEP     1  COMPLETED.    CUM ITER =    168
 *** TIME =   2.20000         TIME INC =  0.500000E-01
 *** RESPONSE EIGENVALUE = 0.4004       OSCILLATION LIMIT = 0.2002E-01

 *** NOTE ***                            ELAPSED TIME =   46021.833   TIME= 16:10:27
 The number of multiframe restart files exceeds 4, a user specified      
 limit.  The .Rnnn file numbering will be reset to 1.                    

 *** NOTE ***                            ELAPSED TIME =   46030.072   TIME= 16:10:35
 During this loadstep the PCG iterative solver took more than 1000       
 iterations to solve the system of equations.  In the future it may be   
 more efficient to choose a direct solver, such as the SPARSE solver,    
 for this analysis.                                                      

 FINISH SOLUTION PROCESSING


 ***** ROUTINE COMPLETED *****  ELAPSED TIME =     47161.045



 *****  MAPDL SOLUTION ROUTINE  *****

 *** MAPDL - ENGINEERING ANALYSIS SYSTEM  RELEASE 2026 R1.02       26.1     ***
 Ansys Mechanical Enterprise                       
 00000000  VERSION=WINDOWS x64   16:31:18  JUL 20, 2026 Elapsed Time=  47273.000

                                                                               

 Note - This MAPDL version was linked by Licensee

     HT FLOW CONVERGENCE VALUE=   78.22      CRITERION=  0.5203    
    EQUIL ITER   1 COMPLETED.  NEW TRIANG MATRIX.  MAX DOF INC=   10.82    
     HT FLOW CONVERGENCE VALUE=   4.650      CRITERION=  0.5244    
    EQUIL ITER   2 COMPLETED.  NEW TRIANG MATRIX.  MAX DOF INC=  -1.316    
     HT FLOW CONVERGENCE VALUE=  0.3883      CRITERION=  0.5246     <<< CONVERGED
    >>> SOLUTION CONVERGED AFTER EQUILIBRIUM ITERATION   2
 *** LOAD STEP    45   SUBSTEP     1  COMPLETED.    CUM ITER =    171
 *** TIME =   2.25000         TIME INC =  0.500000E-01
 *** RESPONSE EIGENVALUE = 0.3964       OSCILLATION LIMIT = 0.1982E-01

 *** NOTE ***                            ELAPSED TIME =   48198.167   TIME= 16:46:43
 The number of multiframe restart files exceeds 4, a user specified      
 limit.  The .Rnnn file numbering will be reset to 1.                    

 *** NOTE ***                            ELAPSED TIME =   48207.055   TIME= 16:46:52
 During this loadstep the PCG iterative solver took more than 1000       
 iterations to solve the system of equations.  In the future it may be   
 more efficient to choose a direct solver, such as the SPARSE solver,    
 for this analysis.                                                      

 FINISH SOLUTION PROCESSING


 ***** ROUTINE COMPLETED *****  ELAPSED TIME =     49262.771



 *****  MAPDL SOLUTION ROUTINE  *****

 *** MAPDL - ENGINEERING ANALYSIS SYSTEM  RELEASE 2026 R1.02       26.1     ***
 Ansys Mechanical Enterprise                       
 00000000  VERSION=WINDOWS x64   17:06:24  JUL 20, 2026 Elapsed Time=  49378.872

                                                                               

 Note - This MAPDL version was linked by Licensee

     HT FLOW CONVERGENCE VALUE=   77.45      CRITERION=  0.5213    
    EQUIL ITER   1 COMPLETED.  NEW TRIANG MATRIX.  MAX DOF INC=   10.68    
     HT FLOW CONVERGENCE VALUE=   4.579      CRITERION=  0.5254    
    EQUIL ITER   2 COMPLETED.  NEW TRIANG MATRIX.  MAX DOF INC=  -1.264    
     HT FLOW CONVERGENCE VALUE=  0.3779      CRITERION=  0.5255     <<< CONVERGED
    >>> SOLUTION CONVERGED AFTER EQUILIBRIUM ITERATION   2
 *** LOAD STEP    46   SUBSTEP     1  COMPLETED.    CUM ITER =    174
 *** TIME =   2.30000         TIME INC =  0.500000E-01
 *** RESPONSE EIGENVALUE = 0.3926       OSCILLATION LIMIT = 0.1963E-01

 *** NOTE ***                            ELAPSED TIME =   50282.581   TIME= 17:21:28
 The number of multiframe restart files exceeds 4, a user specified      
 limit.  The .Rnnn file numbering will be reset to 1.                    

 *** NOTE ***                            ELAPSED TIME =   50291.599   TIME= 17:21:37
 During this loadstep the PCG iterative solver took more than 1000       
 iterations to solve the system of equations.  In the future it may be   
 more efficient to choose a direct solver, such as the SPARSE solver,    
 for this analysis.                                                      

 FINISH SOLUTION PROCESSING


 ***** ROUTINE COMPLETED *****  ELAPSED TIME =     51353.468



 *****  MAPDL SOLUTION ROUTINE  *****

 *** MAPDL - ENGINEERING ANALYSIS SYSTEM  RELEASE 2026 R1.02       26.1     ***
 Ansys Mechanical Enterprise                       
 00000000  VERSION=WINDOWS x64   17:41:32  JUL 20, 2026 Elapsed Time=  51486.971

                                                                               

 Note - This MAPDL version was linked by Licensee

     HT FLOW CONVERGENCE VALUE=   76.70      CRITERION=  0.5222    
    EQUIL ITER   1 COMPLETED.  NEW TRIANG MATRIX.  MAX DOF INC=   10.54    
     HT FLOW CONVERGENCE VALUE=   4.511      CRITERION=  0.5263    
    EQUIL ITER   2 COMPLETED.  NEW TRIANG MATRIX.  MAX DOF INC=  -1.215    
     HT FLOW CONVERGENCE VALUE=  0.3680      CRITERION=  0.5264     <<< CONVERGED
    >>> SOLUTION CONVERGED AFTER EQUILIBRIUM ITERATION   2
 *** LOAD STEP    47   SUBSTEP     1  COMPLETED.    CUM ITER =    177
 *** TIME =   2.35000         TIME INC =  0.500000E-01
 *** RESPONSE EIGENVALUE = 0.3889       OSCILLATION LIMIT = 0.1944E-01

 *** NOTE ***                            ELAPSED TIME =   52456.825   TIME= 17:57:42
 The number of multiframe restart files exceeds 4, a user specified      
 limit.  The .Rnnn file numbering will be reset to 1.                    

 *** NOTE ***                            ELAPSED TIME =   52465.985   TIME= 17:57:51
 During this loadstep the PCG iterative solver took more than 1000       
 iterations to solve the system of equations.  In the future it may be   
 more efficient to choose a direct solver, such as the SPARSE solver,    
 for this analysis.                                                      

 FINISH SOLUTION PROCESSING


 ***** ROUTINE COMPLETED *****  ELAPSED TIME =     53603.246



 *****  MAPDL SOLUTION ROUTINE  *****

 *** MAPDL - ENGINEERING ANALYSIS SYSTEM  RELEASE 2026 R1.02       26.1     ***
 Ansys Mechanical Enterprise                       
 00000000  VERSION=WINDOWS x64   18:19:12  JUL 20, 2026 Elapsed Time=  53746.396

                                                                               

 Note - This MAPDL version was linked by Licensee

     HT FLOW CONVERGENCE VALUE=   75.98      CRITERION=  0.5231    
    EQUIL ITER   1 COMPLETED.  NEW TRIANG MATRIX.  MAX DOF INC=   10.40    
     HT FLOW CONVERGENCE VALUE=   4.443      CRITERION=  0.5272    
    EQUIL ITER   2 COMPLETED.  NEW TRIANG MATRIX.  MAX DOF INC=  -1.172    
     HT FLOW CONVERGENCE VALUE=  0.3586      CRITERION=  0.5273     <<< CONVERGED
    >>> SOLUTION CONVERGED AFTER EQUILIBRIUM ITERATION   2
 *** LOAD STEP    48   SUBSTEP     1  COMPLETED.    CUM ITER =    180
 *** TIME =   2.40000         TIME INC =  0.500000E-01
 *** RESPONSE EIGENVALUE = 0.3854       OSCILLATION LIMIT = 0.1927E-01

 *** NOTE ***                            ELAPSED TIME =   54670.106   TIME= 18:34:35
 The number of multiframe restart files exceeds 4, a user specified      
 limit.  The .Rnnn file numbering will be reset to 1.                    

 *** NOTE ***                            ELAPSED TIME =   54680.736   TIME= 18:34:46
 During this loadstep the PCG iterative solver took more than 1000       
 iterations to solve the system of equations.  In the future it may be   
 more efficient to choose a direct solver, such as the SPARSE solver,    
 for this analysis.                                                      

 FINISH SOLUTION PROCESSING


 ***** ROUTINE COMPLETED *****  ELAPSED TIME =     56110.427



 *****  MAPDL SOLUTION ROUTINE  *****

 *** MAPDL - ENGINEERING ANALYSIS SYSTEM  RELEASE 2026 R1.02       26.1     ***
 Ansys Mechanical Enterprise                       
 00000000  VERSION=WINDOWS x64   19:00:32  JUL 20, 2026 Elapsed Time=  56227.262

                                                                               

 Note - This MAPDL version was linked by Licensee

     HT FLOW CONVERGENCE VALUE=   75.28      CRITERION=  0.5240    
    EQUIL ITER   1 COMPLETED.  NEW TRIANG MATRIX.  MAX DOF INC=   10.25    
     HT FLOW CONVERGENCE VALUE=   4.375      CRITERION=  0.5280    
    EQUIL ITER   2 COMPLETED.  NEW TRIANG MATRIX.  MAX DOF INC=  -1.128    
     HT FLOW CONVERGENCE VALUE=  0.3496      CRITERION=  0.5281     <<< CONVERGED
    >>> SOLUTION CONVERGED AFTER EQUILIBRIUM ITERATION   2
 *** LOAD STEP    49   SUBSTEP     1  COMPLETED.    CUM ITER =    183
 *** TIME =   2.45000         TIME INC =  0.500000E-01
 *** RESPONSE EIGENVALUE = 0.3820       OSCILLATION LIMIT = 0.1910E-01

 *** NOTE ***                            ELAPSED TIME =   57142.614   TIME= 19:15:48
 The number of multiframe restart files exceeds 4, a user specified      
 limit.  The .Rnnn file numbering will be reset to 1.                    

 *** NOTE ***                            ELAPSED TIME =   57150.263   TIME= 19:15:55
 During this loadstep the PCG iterative solver took more than 1000       
 iterations to solve the system of equations.  In the future it may be   
 more efficient to choose a direct solver, such as the SPARSE solver,    
 for this analysis.                                                      

 FINISH SOLUTION PROCESSING


 ***** ROUTINE COMPLETED *****  ELAPSED TIME =     58370.991



 *****  MAPDL SOLUTION ROUTINE  *****

 *** MAPDL - ENGINEERING ANALYSIS SYSTEM  RELEASE 2026 R1.02       26.1     ***
 Ansys Mechanical Enterprise                       
 00000000  VERSION=WINDOWS x64   19:38:23  JUL 20, 2026 Elapsed Time=  58498.076

                                                                               

 Note - This MAPDL version was linked by Licensee

     HT FLOW CONVERGENCE VALUE=   74.61      CRITERION=  0.5248    
    EQUIL ITER   1 COMPLETED.  NEW TRIANG MATRIX.  MAX DOF INC=   10.15    
     HT FLOW CONVERGENCE VALUE=   4.309      CRITERION=  0.5289    
    EQUIL ITER   2 COMPLETED.  NEW TRIANG MATRIX.  MAX DOF INC=  -1.087    
     HT FLOW CONVERGENCE VALUE=  0.3412      CRITERION=  0.5289     <<< CONVERGED
    >>> SOLUTION CONVERGED AFTER EQUILIBRIUM ITERATION   2
 *** LOAD STEP    50   SUBSTEP     1  COMPLETED.    CUM ITER =    186
 *** TIME =   2.50000         TIME INC =  0.500000E-01
 *** RESPONSE EIGENVALUE = 0.3787       OSCILLATION LIMIT = 0.1894E-01

 *** NOTE ***                            ELAPSED TIME =   59394.846   TIME= 19:53:20
 The number of multiframe restart files exceeds 4, a user specified      
 limit.  The .Rnnn file numbering will be reset to 1.                    

 *** NOTE ***                            ELAPSED TIME =   59402.940   TIME= 19:53:28
 During this loadstep the PCG iterative solver took more than 1000       
 iterations to solve the system of equations.  In the future it may be   
 more efficient to choose a direct solver, such as the SPARSE solver,    
 for this analysis.                                                      

 FINISH SOLUTION PROCESSING


 ***** ROUTINE COMPLETED *****  ELAPSED TIME =     60541.456



 *****  MAPDL SOLUTION ROUTINE  *****

 *** MAPDL - ENGINEERING ANALYSIS SYSTEM  RELEASE 2026 R1.02       26.1     ***
 Ansys Mechanical Enterprise                       
 00000000  VERSION=WINDOWS x64   20:14:16  JUL 20, 2026 Elapsed Time=  60650.316

                                                                               

 Note - This MAPDL version was linked by Licensee

     HT FLOW CONVERGENCE VALUE=   73.96      CRITERION=  0.5256    
    EQUIL ITER   1 COMPLETED.  NEW TRIANG MATRIX.  MAX DOF INC=   10.05    
     HT FLOW CONVERGENCE VALUE=   4.245      CRITERION=  0.5297    
    EQUIL ITER   2 COMPLETED.  NEW TRIANG MATRIX.  MAX DOF INC=  -1.047    
     HT FLOW CONVERGENCE VALUE=  0.3334      CRITERION=  0.5297     <<< CONVERGED
    >>> SOLUTION CONVERGED AFTER EQUILIBRIUM ITERATION   2
 *** LOAD STEP    51   SUBSTEP     1  COMPLETED.    CUM ITER =    189
 *** TIME =   2.55000         TIME INC =  0.500000E-01
 *** RESPONSE EIGENVALUE = 0.3756       OSCILLATION LIMIT = 0.1878E-01

 *** NOTE ***                            ELAPSED TIME =   61477.008   TIME= 20:28:02
 The number of multiframe restart files exceeds 4, a user specified      
 limit.  The .Rnnn file numbering will be reset to 1.                    

 *** NOTE ***                            ELAPSED TIME =   61483.743   TIME= 20:28:09
 During this loadstep the PCG iterative solver took more than 1000       
 iterations to solve the system of equations.  In the future it may be   
 more efficient to choose a direct solver, such as the SPARSE solver,    
 for this analysis.                                                      

 FINISH SOLUTION PROCESSING


 ***** ROUTINE COMPLETED *****  ELAPSED TIME =     62635.414



 *****  MAPDL SOLUTION ROUTINE  *****

 *** MAPDL - ENGINEERING ANALYSIS SYSTEM  RELEASE 2026 R1.02       26.1     ***
 Ansys Mechanical Enterprise                       
 00000000  VERSION=WINDOWS x64   20:49:10  JUL 20, 2026 Elapsed Time=  62744.716

                                                                               

 Note - This MAPDL version was linked by Licensee

     HT FLOW CONVERGENCE VALUE=   73.33      CRITERION=  0.5264    
    EQUIL ITER   1 COMPLETED.  NEW TRIANG MATRIX.  MAX DOF INC=   9.950    
     HT FLOW CONVERGENCE VALUE=   4.183      CRITERION=  0.5305    
    EQUIL ITER   2 COMPLETED.  NEW TRIANG MATRIX.  MAX DOF INC=  -1.010    
     HT FLOW CONVERGENCE VALUE=  0.3260      CRITERION=  0.5305     <<< CONVERGED
    >>> SOLUTION CONVERGED AFTER EQUILIBRIUM ITERATION   2
 *** LOAD STEP    52   SUBSTEP     1  COMPLETED.    CUM ITER =    192
 *** TIME =   2.60000         TIME INC =  0.500000E-01
 *** RESPONSE EIGENVALUE = 0.3727       OSCILLATION LIMIT = 0.1863E-01

 *** NOTE ***                            ELAPSED TIME =   63571.945   TIME= 21:02:57
 The number of multiframe restart files exceeds 4, a user specified      
 limit.  The .Rnnn file numbering will be reset to 1.                    

 *** NOTE ***                            ELAPSED TIME =   63579.341   TIME= 21:03:05
 During this loadstep the PCG iterative solver took more than 1000       
 iterations to solve the system of equations.  In the future it may be   
 more efficient to choose a direct solver, such as the SPARSE solver,    
 for this analysis.                                                      

 FINISH SOLUTION PROCESSING


 ***** ROUTINE COMPLETED *****  ELAPSED TIME =     64637.993



 *****  MAPDL SOLUTION ROUTINE  *****

 *** MAPDL - ENGINEERING ANALYSIS SYSTEM  RELEASE 2026 R1.02       26.1     ***
 Ansys Mechanical Enterprise                       
 00000000  VERSION=WINDOWS x64   21:22:31  JUL 20, 2026 Elapsed Time=  64745.949

                                                                               

 Note - This MAPDL version was linked by Licensee

     HT FLOW CONVERGENCE VALUE=   72.71      CRITERION=  0.5272    
    EQUIL ITER   1 COMPLETED.  NEW TRIANG MATRIX.  MAX DOF INC=   9.850    
     HT FLOW CONVERGENCE VALUE=   4.122      CRITERION=  0.5312    
    EQUIL ITER   2 COMPLETED.  NEW TRIANG MATRIX.  MAX DOF INC= -0.9777    
     HT FLOW CONVERGENCE VALUE=  0.3191      CRITERION=  0.5312     <<< CONVERGED
    >>> SOLUTION CONVERGED AFTER EQUILIBRIUM ITERATION   2
 *** LOAD STEP    53   SUBSTEP     1  COMPLETED.    CUM ITER =    195
 *** TIME =   2.65000         TIME INC =  0.500000E-01
 *** RESPONSE EIGENVALUE = 0.3698       OSCILLATION LIMIT = 0.1849E-01

 *** NOTE ***                            ELAPSED TIME =   65600.858   TIME= 21:36:46
 The number of multiframe restart files exceeds 4, a user specified      
 limit.  The .Rnnn file numbering will be reset to 1.                    

 *** NOTE ***                            ELAPSED TIME =   65609.224   TIME= 21:36:55
 During this loadstep the PCG iterative solver took more than 1000       
 iterations to solve the system of equations.  In the future it may be   
 more efficient to choose a direct solver, such as the SPARSE solver,    
 for this analysis.                                                      

 FINISH SOLUTION PROCESSING


 ***** ROUTINE COMPLETED *****  ELAPSED TIME =     66772.691



 *****  MAPDL SOLUTION ROUTINE  *****

 *** MAPDL - ENGINEERING ANALYSIS SYSTEM  RELEASE 2026 R1.02       26.1     ***
 Ansys Mechanical Enterprise                       
 00000000  VERSION=WINDOWS x64   21:58:07  JUL 20, 2026 Elapsed Time=  66882.017

                                                                               

 Note - This MAPDL version was linked by Licensee

     HT FLOW CONVERGENCE VALUE=   72.12      CRITERION=  0.5279    
    EQUIL ITER   1 COMPLETED.  NEW TRIANG MATRIX.  MAX DOF INC=   9.747    
     HT FLOW CONVERGENCE VALUE=   4.065      CRITERION=  0.5319    
    EQUIL ITER   2 COMPLETED.  NEW TRIANG MATRIX.  MAX DOF INC= -0.9530    
     HT FLOW CONVERGENCE VALUE=  0.3125      CRITERION=  0.5319     <<< CONVERGED
    >>> SOLUTION CONVERGED AFTER EQUILIBRIUM ITERATION   2
 *** LOAD STEP    54   SUBSTEP     1  COMPLETED.    CUM ITER =    198
 *** TIME =   2.70000         TIME INC =  0.500000E-01
 *** RESPONSE EIGENVALUE = 0.3671       OSCILLATION LIMIT = 0.1835E-01

 *** NOTE ***                            ELAPSED TIME =   67693.993   TIME= 22:11:39
 The number of multiframe restart files exceeds 4, a user specified      
 limit.  The .Rnnn file numbering will be reset to 1.                    

 *** NOTE ***                            ELAPSED TIME =   67702.882   TIME= 22:11:48
 During this loadstep the PCG iterative solver took more than 1000       
 iterations to solve the system of equations.  In the future it may be   
 more efficient to choose a direct solver, such as the SPARSE solver,    
 for this analysis.                                                      

 FINISH SOLUTION PROCESSING


 ***** ROUTINE COMPLETED *****  ELAPSED TIME =     68795.397



 *****  MAPDL SOLUTION ROUTINE  *****

 *** MAPDL - ENGINEERING ANALYSIS SYSTEM  RELEASE 2026 R1.02       26.1     ***
 Ansys Mechanical Enterprise                       
 00000000  VERSION=WINDOWS x64   22:31:53  JUL 20, 2026 Elapsed Time=  68908.096

                                                                               

 Note - This MAPDL version was linked by Licensee

     HT FLOW CONVERGENCE VALUE=   71.54      CRITERION=  0.5286    
    EQUIL ITER   1 COMPLETED.  NEW TRIANG MATRIX.  MAX DOF INC=   9.653    
     HT FLOW CONVERGENCE VALUE=   4.010      CRITERION=  0.5326    
    EQUIL ITER   2 COMPLETED.  NEW TRIANG MATRIX.  MAX DOF INC= -0.9385    
     HT FLOW CONVERGENCE VALUE=  0.3064      CRITERION=  0.5326     <<< CONVERGED
    >>> SOLUTION CONVERGED AFTER EQUILIBRIUM ITERATION   2
 *** LOAD STEP    55   SUBSTEP     1  COMPLETED.    CUM ITER =    201
 *** TIME =   2.75000         TIME INC =  0.500000E-01
 *** RESPONSE EIGENVALUE = 0.3644       OSCILLATION LIMIT = 0.1822E-01

 *** NOTE ***                            ELAPSED TIME =   69784.534   TIME= 22:46:30
 The number of multiframe restart files exceeds 4, a user specified      
 limit.  The .Rnnn file numbering will be reset to 1.                    

 *** NOTE ***                            ELAPSED TIME =   69791.157   TIME= 22:46:36
 During this loadstep the PCG iterative solver took more than 1000       
 iterations to solve the system of equations.  In the future it may be   
 more efficient to choose a direct solver, such as the SPARSE solver,    
 for this analysis.                                                      

 FINISH SOLUTION PROCESSING


 ***** ROUTINE COMPLETED *****  ELAPSED TIME =     70983.594



 *****  MAPDL SOLUTION ROUTINE  *****

 *** MAPDL - ENGINEERING ANALYSIS SYSTEM  RELEASE 2026 R1.02       26.1     ***
 Ansys Mechanical Enterprise                       
 00000000  VERSION=WINDOWS x64   23:08:31  JUL 20, 2026 Elapsed Time=  71106.130

                                                                               

 Note - This MAPDL version was linked by Licensee

     HT FLOW CONVERGENCE VALUE=   70.98      CRITERION=  0.5292    
    EQUIL ITER   1 COMPLETED.  NEW TRIANG MATRIX.  MAX DOF INC=   9.556    
     HT FLOW CONVERGENCE VALUE=   3.953      CRITERION=  0.5332    
    EQUIL ITER   2 COMPLETED.  NEW TRIANG MATRIX.  MAX DOF INC= -0.9143    
     HT FLOW CONVERGENCE VALUE=  0.2998      CRITERION=  0.5332     <<< CONVERGED
    >>> SOLUTION CONVERGED AFTER EQUILIBRIUM ITERATION   2
 *** LOAD STEP    56   SUBSTEP     1  COMPLETED.    CUM ITER =    204
 *** TIME =   2.80000         TIME INC =  0.500000E-01
 *** RESPONSE EIGENVALUE = 0.3619       OSCILLATION LIMIT = 0.1810E-01

 *** NOTE ***                            ELAPSED TIME =   71952.307   TIME= 23:22:38
 The number of multiframe restart files exceeds 4, a user specified      
 limit.  The .Rnnn file numbering will be reset to 1.                    

 *** NOTE ***                            ELAPSED TIME =   71959.555   TIME= 23:22:45
 During this loadstep the PCG iterative solver took more than 1000       
 iterations to solve the system of equations.  In the future it may be   
 more efficient to choose a direct solver, such as the SPARSE solver,    
 for this analysis.                                                      

 FINISH SOLUTION PROCESSING


 ***** ROUTINE COMPLETED *****  ELAPSED TIME =     73095.944



 *****  MAPDL SOLUTION ROUTINE  *****

 *** MAPDL - ENGINEERING ANALYSIS SYSTEM  RELEASE 2026 R1.02       26.1     ***
 Ansys Mechanical Enterprise                       
 00000000  VERSION=WINDOWS x64   23:43:35  JUL 20, 2026 Elapsed Time=  73209.964

                                                                               

 Note - This MAPDL version was linked by Licensee

     HT FLOW CONVERGENCE VALUE=   70.43      CRITERION=  0.5299    
    EQUIL ITER   1 COMPLETED.  NEW TRIANG MATRIX.  MAX DOF INC=   9.466    
     HT FLOW CONVERGENCE VALUE=   3.889      CRITERION=  0.5338    
    EQUIL ITER   2 COMPLETED.  NEW TRIANG MATRIX.  MAX DOF INC= -0.8941    
     HT FLOW CONVERGENCE VALUE=  0.2924      CRITERION=  0.5338     <<< CONVERGED
    >>> SOLUTION CONVERGED AFTER EQUILIBRIUM ITERATION   2
 *** LOAD STEP    57   SUBSTEP     1  COMPLETED.    CUM ITER =    207
 *** TIME =   2.85000         TIME INC =  0.500000E-01
 *** RESPONSE EIGENVALUE = 0.3597       OSCILLATION LIMIT = 0.1798E-01

 *** NOTE ***                            ELAPSED TIME =   74031.962   TIME= 23:57:17
 The number of multiframe restart files exceeds 4, a user specified      
 limit.  The .Rnnn file numbering will be reset to 1.                    

 *** NOTE ***                            ELAPSED TIME =   74038.579   TIME= 23:57:24
 During this loadstep the PCG iterative solver took more than 1000       
 iterations to solve the system of equations.  In the future it may be   
 more efficient to choose a direct solver, such as the SPARSE solver,    
 for this analysis.                                                      

 FINISH SOLUTION PROCESSING


 ***** ROUTINE COMPLETED *****  ELAPSED TIME =     75328.829



 *****  MAPDL SOLUTION ROUTINE  *****

 *** MAPDL - ENGINEERING ANALYSIS SYSTEM  RELEASE 2026 R1.02       26.1     ***
 Ansys Mechanical Enterprise                       
 00000000  VERSION=WINDOWS x64   00:20:54  JUL 21, 2026 Elapsed Time=  75448.267

                                                                               

 Note - This MAPDL version was linked by Licensee

     HT FLOW CONVERGENCE VALUE=   69.90      CRITERION=  0.5304    
    EQUIL ITER   1 COMPLETED.  NEW TRIANG MATRIX.  MAX DOF INC=   9.374    
     HT FLOW CONVERGENCE VALUE=   3.822      CRITERION=  0.5344    
    EQUIL ITER   2 COMPLETED.  NEW TRIANG MATRIX.  MAX DOF INC= -0.8801    
     HT FLOW CONVERGENCE VALUE=  0.2850      CRITERION=  0.5343     <<< CONVERGED
    >>> SOLUTION CONVERGED AFTER EQUILIBRIUM ITERATION   2
 *** LOAD STEP    58   SUBSTEP     1  COMPLETED.    CUM ITER =    210
 *** TIME =   2.90000         TIME INC =  0.500000E-01
 *** RESPONSE EIGENVALUE = 0.3576       OSCILLATION LIMIT = 0.1788E-01

 *** NOTE ***                            ELAPSED TIME =   76269.071   TIME= 00:34:34
 The number of multiframe restart files exceeds 4, a user specified      
 limit.  The .Rnnn file numbering will be reset to 1.                    

 *** NOTE ***                            ELAPSED TIME =   76276.019   TIME= 00:34:41
 During this loadstep the PCG iterative solver took more than 1000       
 iterations to solve the system of equations.  In the future it may be   
 more efficient to choose a direct solver, such as the SPARSE solver,    
 for this analysis.                                                      

 FINISH SOLUTION PROCESSING


 ***** ROUTINE COMPLETED *****  ELAPSED TIME =     77460.784



 *****  MAPDL SOLUTION ROUTINE  *****

 *** MAPDL - ENGINEERING ANALYSIS SYSTEM  RELEASE 2026 R1.02       26.1     ***
 Ansys Mechanical Enterprise                       
 00000000  VERSION=WINDOWS x64   00:56:25  JUL 21, 2026 Elapsed Time=  77579.503

                                                                               

 Note - This MAPDL version was linked by Licensee

     HT FLOW CONVERGENCE VALUE=   69.38      CRITERION=  0.5310    
    EQUIL ITER   1 COMPLETED.  NEW TRIANG MATRIX.  MAX DOF INC=   9.294    
     HT FLOW CONVERGENCE VALUE=   3.764      CRITERION=  0.5349    
    EQUIL ITER   2 COMPLETED.  NEW TRIANG MATRIX.  MAX DOF INC= -0.8546    
     HT FLOW CONVERGENCE VALUE=  0.2792      CRITERION=  0.5349     <<< CONVERGED
    >>> SOLUTION CONVERGED AFTER EQUILIBRIUM ITERATION   2
 *** LOAD STEP    59   SUBSTEP     1  COMPLETED.    CUM ITER =    213
 *** TIME =   2.95000         TIME INC =  0.500000E-01
 *** RESPONSE EIGENVALUE = 0.3554       OSCILLATION LIMIT = 0.1777E-01

 *** NOTE ***                            ELAPSED TIME =   78411.847   TIME= 01:10:17
 The number of multiframe restart files exceeds 4, a user specified      
 limit.  The .Rnnn file numbering will be reset to 1.                    

 *** NOTE ***                            ELAPSED TIME =   78418.388   TIME= 01:10:24
 During this loadstep the PCG iterative solver took more than 1000       
 iterations to solve the system of equations.  In the future it may be   
 more efficient to choose a direct solver, such as the SPARSE solver,    
 for this analysis.                                                      

 FINISH SOLUTION PROCESSING


 ***** ROUTINE COMPLETED *****  ELAPSED TIME =     79741.485



 *****  MAPDL SOLUTION ROUTINE  *****

 *** MAPDL - ENGINEERING ANALYSIS SYSTEM  RELEASE 2026 R1.02       26.1     ***
 Ansys Mechanical Enterprise                       
 00000000  VERSION=WINDOWS x64   01:34:31  JUL 21, 2026 Elapsed Time=  79866.057

                                                                               

 Note - This MAPDL version was linked by Licensee

     HT FLOW CONVERGENCE VALUE=   68.89      CRITERION=  0.5315    
    EQUIL ITER   1 COMPLETED.  NEW TRIANG MATRIX.  MAX DOF INC=   9.210    
     HT FLOW CONVERGENCE VALUE=   3.719      CRITERION=  0.5354    
    EQUIL ITER   2 COMPLETED.  NEW TRIANG MATRIX.  MAX DOF INC= -0.8361    
     HT FLOW CONVERGENCE VALUE=  0.2748      CRITERION=  0.5353     <<< CONVERGED
    >>> SOLUTION CONVERGED AFTER EQUILIBRIUM ITERATION   2
 *** LOAD STEP    60   SUBSTEP     1  COMPLETED.    CUM ITER =    216
 *** TIME =   3.00000         TIME INC =  0.500000E-01
 *** RESPONSE EIGENVALUE = 0.3531       OSCILLATION LIMIT = 0.1766E-01

 *** NOTE ***                            ELAPSED TIME =   80730.701   TIME= 01:48:56
 The number of multiframe restart files exceeds 4, a user specified      
 limit.  The .Rnnn file numbering will be reset to 1.                    

 *** NOTE ***                            ELAPSED TIME =   80737.644   TIME= 01:49:03
 During this loadstep the PCG iterative solver took more than 1000       
 iterations to solve the system of equations.  In the future it may be   
 more efficient to choose a direct solver, such as the SPARSE solver,    
 for this analysis.                                                      

 FINISH SOLUTION PROCESSING


 ***** ROUTINE COMPLETED *****  ELAPSED TIME =     81965.610



 *****  MAPDL SOLUTION ROUTINE  *****

 *** MAPDL - ENGINEERING ANALYSIS SYSTEM  RELEASE 2026 R1.02       26.1     ***
 Ansys Mechanical Enterprise                       
 00000000  VERSION=WINDOWS x64   02:12:03  JUL 21, 2026 Elapsed Time=  82117.635

                                                                               

 Note - This MAPDL version was linked by Licensee

     HT FLOW CONVERGENCE VALUE=   68.40      CRITERION=  0.5319    
    EQUIL ITER   1 COMPLETED.  NEW TRIANG MATRIX.  MAX DOF INC=   9.125    
     HT FLOW CONVERGENCE VALUE=   3.679      CRITERION=  0.5359    
    EQUIL ITER   2 COMPLETED.  NEW TRIANG MATRIX.  MAX DOF INC= -0.8196    
     HT FLOW CONVERGENCE VALUE=  0.2706      CRITERION=  0.5358     <<< CONVERGED
    >>> SOLUTION CONVERGED AFTER EQUILIBRIUM ITERATION   2
 *** LOAD STEP    61   SUBSTEP     1  COMPLETED.    CUM ITER =    219
 *** TIME =   3.05000         TIME INC =  0.500000E-01
 *** RESPONSE EIGENVALUE = 0.3507       OSCILLATION LIMIT = 0.1754E-01

 *** NOTE ***                            ELAPSED TIME =   82943.014   TIME= 02:25:48
 The number of multiframe restart files exceeds 4, a user specified      
 limit.  The .Rnnn file numbering will be reset to 1.                    

 *** NOTE ***                            ELAPSED TIME =   82951.418   TIME= 02:25:57
 During this loadstep the PCG iterative solver took more than 1000       
 iterations to solve the system of equations.  In the future it may be   
 more efficient to choose a direct solver, such as the SPARSE solver,    
 for this analysis.                                                      

 FINISH SOLUTION PROCESSING


 ***** ROUTINE COMPLETED *****  ELAPSED TIME =     84253.817



 *****  MAPDL SOLUTION ROUTINE  *****

 *** MAPDL - ENGINEERING ANALYSIS SYSTEM  RELEASE 2026 R1.02       26.1     ***
 Ansys Mechanical Enterprise                       
 00000000  VERSION=WINDOWS x64   02:49:42  JUL 21, 2026 Elapsed Time=  84376.650

                                                                               

 Note - This MAPDL version was linked by Licensee

     HT FLOW CONVERGENCE VALUE=   67.93      CRITERION=  0.5324    
    EQUIL ITER   1 COMPLETED.  NEW TRIANG MATRIX.  MAX DOF INC=   9.037    
     HT FLOW CONVERGENCE VALUE=   3.642      CRITERION=  0.5363    
    EQUIL ITER   2 COMPLETED.  NEW TRIANG MATRIX.  MAX DOF INC= -0.8056    
     HT FLOW CONVERGENCE VALUE=  0.2669      CRITERION=  0.5362     <<< CONVERGED
    >>> SOLUTION CONVERGED AFTER EQUILIBRIUM ITERATION   2
 *** LOAD STEP    62   SUBSTEP     1  COMPLETED.    CUM ITER =    222
 *** TIME =   3.10000         TIME INC =  0.500000E-01
 *** RESPONSE EIGENVALUE = 0.3483       OSCILLATION LIMIT = 0.1742E-01

 *** NOTE ***                            ELAPSED TIME =   85208.911   TIME= 03:03:34
 The number of multiframe restart files exceeds 4, a user specified      
 limit.  The .Rnnn file numbering will be reset to 1.                    

 *** NOTE ***                            ELAPSED TIME =   85215.636   TIME= 03:03:41
 During this loadstep the PCG iterative solver took more than 1000       
 iterations to solve the system of equations.  In the future it may be   
 more efficient to choose a direct solver, such as the SPARSE solver,    
 for this analysis.                                                      

 FINISH SOLUTION PROCESSING


 ***** ROUTINE COMPLETED *****  ELAPSED TIME =     86484.677



 *****  MAPDL SOLUTION ROUTINE  *****

 *** MAPDL - ENGINEERING ANALYSIS SYSTEM  RELEASE 2026 R1.02       26.1     ***
 Ansys Mechanical Enterprise                       
 00000000  VERSION=WINDOWS x64   03:26:54  JUL 21, 2026 Elapsed Time=  86608.686

                                                                               

 Note - This MAPDL version was linked by Licensee

     HT FLOW CONVERGENCE VALUE=   67.47      CRITERION=  0.5328    
    EQUIL ITER   1 COMPLETED.  NEW TRIANG MATRIX.  MAX DOF INC=   8.963    
     HT FLOW CONVERGENCE VALUE=   3.608      CRITERION=  0.5367    
    EQUIL ITER   2 COMPLETED.  NEW TRIANG MATRIX.  MAX DOF INC= -0.7915    
     HT FLOW CONVERGENCE VALUE=  0.2633      CRITERION=  0.5366     <<< CONVERGED
    >>> SOLUTION CONVERGED AFTER EQUILIBRIUM ITERATION   2
 *** LOAD STEP    63   SUBSTEP     1  COMPLETED.    CUM ITER =    225
 *** TIME =   3.15000         TIME INC =  0.500000E-01
 *** RESPONSE EIGENVALUE = 0.3459       OSCILLATION LIMIT = 0.1729E-01

 *** NOTE ***                            ELAPSED TIME =   87459.333   TIME= 03:41:05
 The number of multiframe restart files exceeds 4, a user specified      
 limit.  The .Rnnn file numbering will be reset to 1.                    

 *** NOTE ***                            ELAPSED TIME =   87468.907   TIME= 03:41:14
 During this loadstep the PCG iterative solver took more than 1000       
 iterations to solve the system of equations.  In the future it may be   
 more efficient to choose a direct solver, such as the SPARSE solver,    
 for this analysis.                                                      

 FINISH SOLUTION PROCESSING


 ***** ROUTINE COMPLETED *****  ELAPSED TIME =     88986.827



 *****  MAPDL SOLUTION ROUTINE  *****

 *** MAPDL - ENGINEERING ANALYSIS SYSTEM  RELEASE 2026 R1.02       26.1     ***
 Ansys Mechanical Enterprise                       
 00000000  VERSION=WINDOWS x64   04:08:48  JUL 21, 2026 Elapsed Time=  89122.919

                                                                               

 Note - This MAPDL version was linked by Licensee

     HT FLOW CONVERGENCE VALUE=   67.02      CRITERION=  0.5332    
    EQUIL ITER   1 COMPLETED.  NEW TRIANG MATRIX.  MAX DOF INC=   8.883    
     HT FLOW CONVERGENCE VALUE=   3.573      CRITERION=  0.5370    
    EQUIL ITER   2 COMPLETED.  NEW TRIANG MATRIX.  MAX DOF INC= -0.7949    
     HT FLOW CONVERGENCE VALUE=  0.2598      CRITERION=  0.5369     <<< CONVERGED
    >>> SOLUTION CONVERGED AFTER EQUILIBRIUM ITERATION   2
 *** LOAD STEP    64   SUBSTEP     1  COMPLETED.    CUM ITER =    228
 *** TIME =   3.20000         TIME INC =  0.500000E-01
 *** RESPONSE EIGENVALUE = 0.3434       OSCILLATION LIMIT = 0.1717E-01

 *** NOTE ***                            ELAPSED TIME =   89963.308   TIME= 04:22:49
 The number of multiframe restart files exceeds 4, a user specified      
 limit.  The .Rnnn file numbering will be reset to 1.                    

 *** NOTE ***                            ELAPSED TIME =   89970.225   TIME= 04:22:56
 During this loadstep the PCG iterative solver took more than 1000       
 iterations to solve the system of equations.  In the future it may be   
 more efficient to choose a direct solver, such as the SPARSE solver,    
 for this analysis.                                                      

 FINISH SOLUTION PROCESSING


 ***** ROUTINE COMPLETED *****  ELAPSED TIME =     91275.762



 *****  MAPDL SOLUTION ROUTINE  *****

 *** MAPDL - ENGINEERING ANALYSIS SYSTEM  RELEASE 2026 R1.02       26.1     ***
 Ansys Mechanical Enterprise                       
 00000000  VERSION=WINDOWS x64   04:46:48  JUL 21, 2026 Elapsed Time=  91402.924

                                                                               

 Note - This MAPDL version was linked by Licensee

     HT FLOW CONVERGENCE VALUE=   66.59      CRITERION=  0.5335    
    EQUIL ITER   1 COMPLETED.  NEW TRIANG MATRIX.  MAX DOF INC=   8.808    
     HT FLOW CONVERGENCE VALUE=   3.538      CRITERION=  0.5374    
    EQUIL ITER   2 COMPLETED.  NEW TRIANG MATRIX.  MAX DOF INC= -0.7836    
     HT FLOW CONVERGENCE VALUE=  0.2561      CRITERION=  0.5373     <<< CONVERGED
    >>> SOLUTION CONVERGED AFTER EQUILIBRIUM ITERATION   2
 *** LOAD STEP    65   SUBSTEP     1  COMPLETED.    CUM ITER =    231
 *** TIME =   3.25000         TIME INC =  0.500000E-01
 *** RESPONSE EIGENVALUE = 0.3410       OSCILLATION LIMIT = 0.1705E-01

 *** NOTE ***                            ELAPSED TIME =   92262.805   TIME= 05:01:08
 The number of multiframe restart files exceeds 4, a user specified      
 limit.  The .Rnnn file numbering will be reset to 1.                    

 *** NOTE ***                            ELAPSED TIME =   92272.159   TIME= 05:01:18
 During this loadstep the PCG iterative solver took more than 1000       
 iterations to solve the system of equations.  In the future it may be   
 more efficient to choose a direct solver, such as the SPARSE solver,    
 for this analysis.                                                      

 FINISH SOLUTION PROCESSING


 ***** ROUTINE COMPLETED *****  ELAPSED TIME =     93682.496



 *****  MAPDL SOLUTION ROUTINE  *****

 *** MAPDL - ENGINEERING ANALYSIS SYSTEM  RELEASE 2026 R1.02       26.1     ***
 Ansys Mechanical Enterprise                       
 00000000  VERSION=WINDOWS x64   05:26:57  JUL 21, 2026 Elapsed Time=  93811.599

                                                                               

 Note - This MAPDL version was linked by Licensee

     HT FLOW CONVERGENCE VALUE=   66.16      CRITERION=  0.5339    
    EQUIL ITER   1 COMPLETED.  NEW TRIANG MATRIX.  MAX DOF INC=   8.726    
     HT FLOW CONVERGENCE VALUE=   3.498      CRITERION=  0.5377    
    EQUIL ITER   2 COMPLETED.  NEW TRIANG MATRIX.  MAX DOF INC= -0.7597    
     HT FLOW CONVERGENCE VALUE=  0.2522      CRITERION=  0.5376     <<< CONVERGED
    >>> SOLUTION CONVERGED AFTER EQUILIBRIUM ITERATION   2
 *** LOAD STEP    66   SUBSTEP     1  COMPLETED.    CUM ITER =    234
 *** TIME =   3.30000         TIME INC =  0.500000E-01
 *** RESPONSE EIGENVALUE = 0.3386       OSCILLATION LIMIT = 0.1693E-01

 *** NOTE ***                            ELAPSED TIME =   94649.290   TIME= 05:40:55
 The number of multiframe restart files exceeds 4, a user specified      
 limit.  The .Rnnn file numbering will be reset to 1.                    

 *** NOTE ***                            ELAPSED TIME =   94656.090   TIME= 05:41:02
 During this loadstep the PCG iterative solver took more than 1000       
 iterations to solve the system of equations.  In the future it may be   
 more efficient to choose a direct solver, such as the SPARSE solver,    
 for this analysis.                                                      

 FINISH SOLUTION PROCESSING


 ***** ROUTINE COMPLETED *****  ELAPSED TIME =     95999.026



 *****  MAPDL SOLUTION ROUTINE  *****

 *** MAPDL - ENGINEERING ANALYSIS SYSTEM  RELEASE 2026 R1.02       26.1     ***
 Ansys Mechanical Enterprise                       
 00000000  VERSION=WINDOWS x64   06:05:35  JUL 21, 2026 Elapsed Time=  96129.641

                                                                               

 Note - This MAPDL version was linked by Licensee

     HT FLOW CONVERGENCE VALUE=   65.75      CRITERION=  0.5342    
    EQUIL ITER   1 COMPLETED.  NEW TRIANG MATRIX.  MAX DOF INC=   8.645    
     HT FLOW CONVERGENCE VALUE=   3.456      CRITERION=  0.5380    
    EQUIL ITER   2 COMPLETED.  NEW TRIANG MATRIX.  MAX DOF INC= -0.7486    
     HT FLOW CONVERGENCE VALUE=  0.2482      CRITERION=  0.5378     <<< CONVERGED
    >>> SOLUTION CONVERGED AFTER EQUILIBRIUM ITERATION   2
 *** LOAD STEP    67   SUBSTEP     1  COMPLETED.    CUM ITER =    237
 *** TIME =   3.35000         TIME INC =  0.500000E-01
 *** RESPONSE EIGENVALUE = 0.3362       OSCILLATION LIMIT = 0.1681E-01

 *** NOTE ***                            ELAPSED TIME =   97048.563   TIME= 06:20:54
 The number of multiframe restart files exceeds 4, a user specified      
 limit.  The .Rnnn file numbering will be reset to 1.                    

 *** NOTE ***                            ELAPSED TIME =   97056.905   TIME= 06:21:02
 During this loadstep the PCG iterative solver took more than 1000       
 iterations to solve the system of equations.  In the future it may be   
 more efficient to choose a direct solver, such as the SPARSE solver,    
 for this analysis.                                                      

 FINISH SOLUTION PROCESSING


 ***** ROUTINE COMPLETED *****  ELAPSED TIME =     98514.358



 *****  MAPDL SOLUTION ROUTINE  *****

 *** MAPDL - ENGINEERING ANALYSIS SYSTEM  RELEASE 2026 R1.02       26.1     ***
 Ansys Mechanical Enterprise                       
 00000000  VERSION=WINDOWS x64   06:47:36  JUL 21, 2026 Elapsed Time=  98650.595

                                                                               

 Note - This MAPDL version was linked by Licensee

     HT FLOW CONVERGENCE VALUE=   65.35      CRITERION=  0.5344    
    EQUIL ITER   1 COMPLETED.  NEW TRIANG MATRIX.  MAX DOF INC=   8.576    
     HT FLOW CONVERGENCE VALUE=   3.414      CRITERION=  0.5382    
    EQUIL ITER   2 COMPLETED.  NEW TRIANG MATRIX.  MAX DOF INC= -0.7311    
     HT FLOW CONVERGENCE VALUE=  0.2443      CRITERION=  0.5381     <<< CONVERGED
    >>> SOLUTION CONVERGED AFTER EQUILIBRIUM ITERATION   2
 *** LOAD STEP    68   SUBSTEP     1  COMPLETED.    CUM ITER =    240
 *** TIME =   3.40000         TIME INC =  0.500000E-01
 *** RESPONSE EIGENVALUE = 0.3338       OSCILLATION LIMIT = 0.1669E-01

 *** NOTE ***                            ELAPSED TIME =   99496.701   TIME= 07:01:42
 The number of multiframe restart files exceeds 4, a user specified      
 limit.  The .Rnnn file numbering will be reset to 1.                    

 *** NOTE ***                            ELAPSED TIME =   99503.805   TIME= 07:01:49
 During this loadstep the PCG iterative solver took more than 1000       
 iterations to solve the system of equations.  In the future it may be   
 more efficient to choose a direct solver, such as the SPARSE solver,    
 for this analysis.                                                      

 FINISH SOLUTION PROCESSING


 ***** ROUTINE COMPLETED *****  ELAPSED TIME =    100876.827



 *****  MAPDL SOLUTION ROUTINE  *****

 *** MAPDL - ENGINEERING ANALYSIS SYSTEM  RELEASE 2026 R1.02       26.1     ***
 Ansys Mechanical Enterprise                       
 00000000  VERSION=WINDOWS x64   07:26:55  JUL 21, 2026 Elapsed Time= 101009.785

                                                                               

 Note - This MAPDL version was linked by Licensee

     HT FLOW CONVERGENCE VALUE=   64.95      CRITERION=  0.5347    
    EQUIL ITER   1 COMPLETED.  NEW TRIANG MATRIX.  MAX DOF INC=   8.505    
     HT FLOW CONVERGENCE VALUE=   3.372      CRITERION=  0.5385    
    EQUIL ITER   2 COMPLETED.  NEW TRIANG MATRIX.  MAX DOF INC= -0.7159    
     HT FLOW CONVERGENCE VALUE=  0.2405      CRITERION=  0.5384     <<< CONVERGED
    >>> SOLUTION CONVERGED AFTER EQUILIBRIUM ITERATION   2
 *** LOAD STEP    69   SUBSTEP     1  COMPLETED.    CUM ITER =    243
 *** TIME =   3.45000         TIME INC =  0.500000E-01
 *** RESPONSE EIGENVALUE = 0.3315       OSCILLATION LIMIT = 0.1658E-01

 *** NOTE ***                            ELAPSED TIME =  101893.343   TIME= 07:41:39
 The number of multiframe restart files exceeds 4, a user specified      
 limit.  The .Rnnn file numbering will be reset to 1.                    

 *** NOTE ***                            ELAPSED TIME =  101901.749   TIME= 07:41:47
 During this loadstep the PCG iterative solver took more than 1000       
 iterations to solve the system of equations.  In the future it may be   
 more efficient to choose a direct solver, such as the SPARSE solver,    
 for this analysis.                                                      

 FINISH SOLUTION PROCESSING


 ***** ROUTINE COMPLETED *****  ELAPSED TIME =    103322.788



 *****  MAPDL SOLUTION ROUTINE  *****

 *** MAPDL - ENGINEERING ANALYSIS SYSTEM  RELEASE 2026 R1.02       26.1     ***
 Ansys Mechanical Enterprise                       
 00000000  VERSION=WINDOWS x64   08:07:46  JUL 21, 2026 Elapsed Time= 103460.229

                                                                               

 Note - This MAPDL version was linked by Licensee

     HT FLOW CONVERGENCE VALUE=   64.57      CRITERION=  0.5350    
    EQUIL ITER   1 COMPLETED.  NEW TRIANG MATRIX.  MAX DOF INC=   8.431    
     HT FLOW CONVERGENCE VALUE=   3.329      CRITERION=  0.5387    
    EQUIL ITER   2 COMPLETED.  NEW TRIANG MATRIX.  MAX DOF INC= -0.7082    
     HT FLOW CONVERGENCE VALUE=  0.2366      CRITERION=  0.5386     <<< CONVERGED
    >>> SOLUTION CONVERGED AFTER EQUILIBRIUM ITERATION   2
 *** LOAD STEP    70   SUBSTEP     1  COMPLETED.    CUM ITER =    246
 *** TIME =   3.50000         TIME INC =  0.500000E-01
 *** RESPONSE EIGENVALUE = 0.3292       OSCILLATION LIMIT = 0.1646E-01

 *** NOTE ***                            ELAPSED TIME =  104301.453   TIME= 08:21:47
 The number of multiframe restart files exceeds 4, a user specified      
 limit.  The .Rnnn file numbering will be reset to 1.                    

 *** NOTE ***                            ELAPSED TIME =  104308.551   TIME= 08:21:54
 During this loadstep the PCG iterative solver took more than 1000       
 iterations to solve the system of equations.  In the future it may be   
 more efficient to choose a direct solver, such as the SPARSE solver,    
 for this analysis.                                                      

 FINISH SOLUTION PROCESSING


 ***** ROUTINE COMPLETED *****  ELAPSED TIME =    105802.880



 *****  MAPDL SOLUTION ROUTINE  *****

 *** MAPDL - ENGINEERING ANALYSIS SYSTEM  RELEASE 2026 R1.02       26.1     ***
 Ansys Mechanical Enterprise                       
 00000000  VERSION=WINDOWS x64   08:49:08  JUL 21, 2026 Elapsed Time= 105942.476

                                                                               

 Note - This MAPDL version was linked by Licensee

     HT FLOW CONVERGENCE VALUE=   64.20      CRITERION=  0.5352    
    EQUIL ITER   1 COMPLETED.  NEW TRIANG MATRIX.  MAX DOF INC=   8.362    
     HT FLOW CONVERGENCE VALUE=   3.285      CRITERION=  0.5390    
    EQUIL ITER   2 COMPLETED.  NEW TRIANG MATRIX.  MAX DOF INC= -0.7072    
     HT FLOW CONVERGENCE VALUE=  0.2328      CRITERION=  0.5388     <<< CONVERGED
    >>> SOLUTION CONVERGED AFTER EQUILIBRIUM ITERATION   2
 *** LOAD STEP    71   SUBSTEP     1  COMPLETED.    CUM ITER =    249
 *** TIME =   3.55000         TIME INC =  0.500000E-01
 *** RESPONSE EIGENVALUE = 0.3269       OSCILLATION LIMIT = 0.1635E-01

 *** NOTE ***                            ELAPSED TIME =  106798.171   TIME= 09:03:24
 The number of multiframe restart files exceeds 4, a user specified      
 limit.  The .Rnnn file numbering will be reset to 1.                    

 *** NOTE ***                            ELAPSED TIME =  106804.860   TIME= 09:03:30
 During this loadstep the PCG iterative solver took more than 1000       
 iterations to solve the system of equations.  In the future it may be   
 more efficient to choose a direct solver, such as the SPARSE solver,    
 for this analysis.                                                      

 FINISH SOLUTION PROCESSING


 ***** ROUTINE COMPLETED *****  ELAPSED TIME =    108264.471



 *****  MAPDL SOLUTION ROUTINE  *****

 *** MAPDL - ENGINEERING ANALYSIS SYSTEM  RELEASE 2026 R1.02       26.1     ***
 Ansys Mechanical Enterprise                       
 00000000  VERSION=WINDOWS x64   09:30:36  JUL 21, 2026 Elapsed Time= 108430.612

                                                                               

 Note - This MAPDL version was linked by Licensee

     HT FLOW CONVERGENCE VALUE=   63.84      CRITERION=  0.5355    
    EQUIL ITER   1 COMPLETED.  NEW TRIANG MATRIX.  MAX DOF INC=   8.292    
     HT FLOW CONVERGENCE VALUE=   3.242      CRITERION=  0.5392    
    EQUIL ITER   2 COMPLETED.  NEW TRIANG MATRIX.  MAX DOF INC= -0.6989    
     HT FLOW CONVERGENCE VALUE=  0.2291      CRITERION=  0.5390     <<< CONVERGED
    >>> SOLUTION CONVERGED AFTER EQUILIBRIUM ITERATION   2
 *** LOAD STEP    72   SUBSTEP     1  COMPLETED.    CUM ITER =    252
 *** TIME =   3.60000         TIME INC =  0.500000E-01
 *** RESPONSE EIGENVALUE = 0.3247       OSCILLATION LIMIT = 0.1624E-01

 *** NOTE ***                            ELAPSED TIME =  109269.367   TIME= 09:44:35
 The number of multiframe restart files exceeds 4, a user specified      
 limit.  The .Rnnn file numbering will be reset to 1.                    

 *** NOTE ***                            ELAPSED TIME =  109284.424   TIME= 09:44:50
 During this loadstep the PCG iterative solver took more than 1000       
 iterations to solve the system of equations.  In the future it may be   
 more efficient to choose a direct solver, such as the SPARSE solver,    
 for this analysis.                                                      

 FINISH SOLUTION PROCESSING


 ***** ROUTINE COMPLETED *****  ELAPSED TIME =    111132.337



 *****  MAPDL SOLUTION ROUTINE  *****

 *** MAPDL - ENGINEERING ANALYSIS SYSTEM  RELEASE 2026 R1.02       26.1     ***
 Ansys Mechanical Enterprise                       
 00000000  VERSION=WINDOWS x64   10:18:58  JUL 21, 2026 Elapsed Time= 111332.274

                                                                               

 Note - This MAPDL version was linked by Licensee

     HT FLOW CONVERGENCE VALUE=   63.50      CRITERION=  0.5357    
    EQUIL ITER   1 COMPLETED.  NEW TRIANG MATRIX.  MAX DOF INC=   8.217    
     HT FLOW CONVERGENCE VALUE=   3.199      CRITERION=  0.5394    
    EQUIL ITER   2 COMPLETED.  NEW TRIANG MATRIX.  MAX DOF INC= -0.6863    
     HT FLOW CONVERGENCE VALUE=  0.2255      CRITERION=  0.5392     <<< CONVERGED
    >>> SOLUTION CONVERGED AFTER EQUILIBRIUM ITERATION   2
 *** LOAD STEP    73   SUBSTEP     1  COMPLETED.    CUM ITER =    255
 *** TIME =   3.65000         TIME INC =  0.500000E-01
 *** RESPONSE EIGENVALUE = 0.3225       OSCILLATION LIMIT = 0.1613E-01

 *** NOTE ***                            ELAPSED TIME =  112409.398   TIME= 10:36:55
 The number of multiframe restart files exceeds 4, a user specified      
 limit.  The .Rnnn file numbering will be reset to 1.                    

 *** NOTE ***                            ELAPSED TIME =  112418.795   TIME= 10:37:04
 During this loadstep the PCG iterative solver took more than 1000       
 iterations to solve the system of equations.  In the future it may be   
 more efficient to choose a direct solver, such as the SPARSE solver,    
 for this analysis.                                                      

 FINISH SOLUTION PROCESSING


 ***** ROUTINE COMPLETED *****  ELAPSED TIME =    114205.801



 *****  MAPDL SOLUTION ROUTINE  *****

 *** MAPDL - ENGINEERING ANALYSIS SYSTEM  RELEASE 2026 R1.02       26.1     ***
 Ansys Mechanical Enterprise                       
 00000000  VERSION=WINDOWS x64   11:09:47  JUL 21, 2026 Elapsed Time= 114381.829

                                                                               

 Note - This MAPDL version was linked by Licensee

     HT FLOW CONVERGENCE VALUE=   63.16      CRITERION=  0.5359    
    EQUIL ITER   1 COMPLETED.  NEW TRIANG MATRIX.  MAX DOF INC=   8.158    
     HT FLOW CONVERGENCE VALUE=   3.156      CRITERION=  0.5396    
    EQUIL ITER   2 COMPLETED.  NEW TRIANG MATRIX.  MAX DOF INC= -0.6772    
     HT FLOW CONVERGENCE VALUE=  0.2223      CRITERION=  0.5394     <<< CONVERGED
    >>> SOLUTION CONVERGED AFTER EQUILIBRIUM ITERATION   2
 *** LOAD STEP    74   SUBSTEP     1  COMPLETED.    CUM ITER =    258
 *** TIME =   3.70000         TIME INC =  0.500000E-01
 *** RESPONSE EIGENVALUE = 0.3203       OSCILLATION LIMIT = 0.1602E-01

 *** NOTE ***                            ELAPSED TIME =  115415.246   TIME= 11:27:01
 The number of multiframe restart files exceeds 4, a user specified      
 limit.  The .Rnnn file numbering will be reset to 1.                    

 *** NOTE ***                            ELAPSED TIME =  115424.238   TIME= 11:27:10
 During this loadstep the PCG iterative solver took more than 1000       
 iterations to solve the system of equations.  In the future it may be   
 more efficient to choose a direct solver, such as the SPARSE solver,    
 for this analysis.                                                      

 FINISH SOLUTION PROCESSING


 ***** ROUTINE COMPLETED *****  ELAPSED TIME =    117294.046



 *****  MAPDL SOLUTION ROUTINE  *****

 *** MAPDL - ENGINEERING ANALYSIS SYSTEM  RELEASE 2026 R1.02       26.1     ***
 Ansys Mechanical Enterprise                       
 00000000  VERSION=WINDOWS x64   12:01:37  JUL 21, 2026 Elapsed Time= 117491.938

                                                                               

 Note - This MAPDL version was linked by Licensee

     HT FLOW CONVERGENCE VALUE=   62.83      CRITERION=  0.5362    
    EQUIL ITER   1 COMPLETED.  NEW TRIANG MATRIX.  MAX DOF INC=   8.099    
     HT FLOW CONVERGENCE VALUE=   3.120      CRITERION=  0.5398    
    EQUIL ITER   2 COMPLETED.  NEW TRIANG MATRIX.  MAX DOF INC= -0.6762    
     HT FLOW CONVERGENCE VALUE=  0.2193      CRITERION=  0.5396     <<< CONVERGED
    >>> SOLUTION CONVERGED AFTER EQUILIBRIUM ITERATION   2
 *** LOAD STEP    75   SUBSTEP     1  COMPLETED.    CUM ITER =    261
 *** TIME =   3.75000         TIME INC =  0.500000E-01
 *** RESPONSE EIGENVALUE = 0.3183       OSCILLATION LIMIT = 0.1591E-01

 *** NOTE ***                            ELAPSED TIME =  118528.121   TIME= 12:18:54
 The number of multiframe restart files exceeds 4, a user specified      
 limit.  The .Rnnn file numbering will be reset to 1.                    

 *** NOTE ***                            ELAPSED TIME =  118538.586   TIME= 12:19:04
 During this loadstep the PCG iterative solver took more than 1000       
 iterations to solve the system of equations.  In the future it may be   
 more efficient to choose a direct solver, such as the SPARSE solver,    
 for this analysis.                                                      

 FINISH SOLUTION PROCESSING


 ***** ROUTINE COMPLETED *****  ELAPSED TIME =    120401.099



 *****  MAPDL SOLUTION ROUTINE  *****

 *** MAPDL - ENGINEERING ANALYSIS SYSTEM  RELEASE 2026 R1.02       26.1     ***
 Ansys Mechanical Enterprise                       
 00000000  VERSION=WINDOWS x64   12:52:56  JUL 21, 2026 Elapsed Time= 120570.455

                                                                               

 Note - This MAPDL version was linked by Licensee

     HT FLOW CONVERGENCE VALUE=   62.51      CRITERION=  0.5364    
    EQUIL ITER   1 COMPLETED.  NEW TRIANG MATRIX.  MAX DOF INC=   8.037    
     HT FLOW CONVERGENCE VALUE=   3.086      CRITERION=  0.5400    
    EQUIL ITER   2 COMPLETED.  NEW TRIANG MATRIX.  MAX DOF INC= -0.6624    
     HT FLOW CONVERGENCE VALUE=  0.2165      CRITERION=  0.5398     <<< CONVERGED
    >>> SOLUTION CONVERGED AFTER EQUILIBRIUM ITERATION   2
 *** LOAD STEP    76   SUBSTEP     1  COMPLETED.    CUM ITER =    264
 *** TIME =   3.80000         TIME INC =  0.500000E-01
 *** RESPONSE EIGENVALUE = 0.3162       OSCILLATION LIMIT = 0.1581E-01

 *** NOTE ***                            ELAPSED TIME =  121580.337   TIME= 13:09:46
 The number of multiframe restart files exceeds 4, a user specified      
 limit.  The .Rnnn file numbering will be reset to 1.                    

 *** NOTE ***                            ELAPSED TIME =  121588.969   TIME= 13:09:55
 During this loadstep the PCG iterative solver took more than 1000       
 iterations to solve the system of equations.  In the future it may be   
 more efficient to choose a direct solver, such as the SPARSE solver,    
 for this analysis.                                                      

 FINISH SOLUTION PROCESSING


 ***** ROUTINE COMPLETED *****  ELAPSED TIME =    123445.415



 *****  MAPDL SOLUTION ROUTINE  *****

 *** MAPDL - ENGINEERING ANALYSIS SYSTEM  RELEASE 2026 R1.02       26.1     ***
 Ansys Mechanical Enterprise                       
 00000000  VERSION=WINDOWS x64   13:43:33  JUL 21, 2026 Elapsed Time= 123607.656

                                                                               

 Note - This MAPDL version was linked by Licensee

     HT FLOW CONVERGENCE VALUE=   62.20      CRITERION=  0.5366    
    EQUIL ITER   1 COMPLETED.  NEW TRIANG MATRIX.  MAX DOF INC=   7.971    
     HT FLOW CONVERGENCE VALUE=   3.052      CRITERION=  0.5402    
    EQUIL ITER   2 COMPLETED.  NEW TRIANG MATRIX.  MAX DOF INC= -0.6518    
     HT FLOW CONVERGENCE VALUE=  0.2137      CRITERION=  0.5400     <<< CONVERGED
    >>> SOLUTION CONVERGED AFTER EQUILIBRIUM ITERATION   2
 *** LOAD STEP    77   SUBSTEP     1  COMPLETED.    CUM ITER =    267
 *** TIME =   3.85000         TIME INC =  0.500000E-01
 *** RESPONSE EIGENVALUE = 0.3143       OSCILLATION LIMIT = 0.1571E-01

 *** NOTE ***                            ELAPSED TIME =  124697.813   TIME= 14:01:43
 The number of multiframe restart files exceeds 4, a user specified      
 limit.  The .Rnnn file numbering will be reset to 1.                    

 *** NOTE ***                            ELAPSED TIME =  124708.090   TIME= 14:01:54
 During this loadstep the PCG iterative solver took more than 1000       
 iterations to solve the system of equations.  In the future it may be   
 more efficient to choose a direct solver, such as the SPARSE solver,    
 for this analysis.                                                      

 FINISH SOLUTION PROCESSING


 ***** ROUTINE COMPLETED *****  ELAPSED TIME =    126561.995



 *****  MAPDL SOLUTION ROUTINE  *****

 *** MAPDL - ENGINEERING ANALYSIS SYSTEM  RELEASE 2026 R1.02       26.1     ***
 Ansys Mechanical Enterprise                       
 00000000  VERSION=WINDOWS x64   14:37:23  JUL 21, 2026 Elapsed Time= 126837.192

                                                                               

 Note - This MAPDL version was linked by Licensee

     HT FLOW CONVERGENCE VALUE=   61.89      CRITERION=  0.5368    
    EQUIL ITER   1 COMPLETED.  NEW TRIANG MATRIX.  MAX DOF INC=   7.907    
     HT FLOW CONVERGENCE VALUE=   3.019      CRITERION=  0.5404    
    EQUIL ITER   2 COMPLETED.  NEW TRIANG MATRIX.  MAX DOF INC= -0.6404    
     HT FLOW CONVERGENCE VALUE=  0.2108      CRITERION=  0.5402     <<< CONVERGED
    >>> SOLUTION CONVERGED AFTER EQUILIBRIUM ITERATION   2
 *** LOAD STEP    78   SUBSTEP     1  COMPLETED.    CUM ITER =    270
 *** TIME =   3.90000         TIME INC =  0.500000E-01
 *** RESPONSE EIGENVALUE = 0.3123       OSCILLATION LIMIT = 0.1562E-01

 *** NOTE ***                            ELAPSED TIME =  128071.179   TIME= 14:57:57
 The number of multiframe restart files exceeds 4, a user specified      
 limit.  The .Rnnn file numbering will be reset to 1.                    

 *** NOTE ***                            ELAPSED TIME =  128081.846   TIME= 14:58:07
 During this loadstep the PCG iterative solver took more than 1000       
 iterations to solve the system of equations.  In the future it may be   
 more efficient to choose a direct solver, such as the SPARSE solver,    
 for this analysis.                                                      

 FINISH SOLUTION PROCESSING


 ***** ROUTINE COMPLETED *****  ELAPSED TIME =    130708.718



 *****  MAPDL SOLUTION ROUTINE  *****

 *** MAPDL - ENGINEERING ANALYSIS SYSTEM  RELEASE 2026 R1.02       26.1     ***
 Ansys Mechanical Enterprise                       
 00000000  VERSION=WINDOWS x64   15:56:15  JUL 21, 2026 Elapsed Time= 131569.167

                                                                               

 Note - This MAPDL version was linked by Licensee

     HT FLOW CONVERGENCE VALUE=   61.60      CRITERION=  0.5370    
    EQUIL ITER   1 COMPLETED.  NEW TRIANG MATRIX.  MAX DOF INC=   7.842    
     HT FLOW CONVERGENCE VALUE=   2.985      CRITERION=  0.5406    
    EQUIL ITER   2 COMPLETED.  NEW TRIANG MATRIX.  MAX DOF INC= -0.6420    
     HT FLOW CONVERGENCE VALUE=  0.2080      CRITERION=  0.5404     <<< CONVERGED
    >>> SOLUTION CONVERGED AFTER EQUILIBRIUM ITERATION   2
 *** LOAD STEP    79   SUBSTEP     1  COMPLETED.    CUM ITER =    273
 *** TIME =   3.95000         TIME INC =  0.500000E-01
 *** RESPONSE EIGENVALUE = 0.3104       OSCILLATION LIMIT = 0.1552E-01

 *** NOTE ***                            ELAPSED TIME =  132562.110   TIME= 16:12:48
 The number of multiframe restart files exceeds 4, a user specified      
 limit.  The .Rnnn file numbering will be reset to 1.                    

 *** NOTE ***                            ELAPSED TIME =  132572.154   TIME= 16:12:58
 During this loadstep the PCG iterative solver took more than 1000       
 iterations to solve the system of equations.  In the future it may be   
 more efficient to choose a direct solver, such as the SPARSE solver,    
 for this analysis.                                                      

 FINISH SOLUTION PROCESSING


 ***** ROUTINE COMPLETED *****  ELAPSED TIME =    134520.380



 *****  MAPDL SOLUTION ROUTINE  *****

 *** MAPDL - ENGINEERING ANALYSIS SYSTEM  RELEASE 2026 R1.02       26.1     ***
 Ansys Mechanical Enterprise                       
 00000000  VERSION=WINDOWS x64   16:48:33  JUL 21, 2026 Elapsed Time= 134706.983

                                                                               

 Note - This MAPDL version was linked by Licensee

     HT FLOW CONVERGENCE VALUE=   61.31      CRITERION=  0.5373    
    EQUIL ITER   1 COMPLETED.  NEW TRIANG MATRIX.  MAX DOF INC=   7.776    
     HT FLOW CONVERGENCE VALUE=   2.950      CRITERION=  0.5408    
    EQUIL ITER   2 COMPLETED.  NEW TRIANG MATRIX.  MAX DOF INC= -0.6412    
     HT FLOW CONVERGENCE VALUE=  0.2050      CRITERION=  0.5407     <<< CONVERGED
    >>> SOLUTION CONVERGED AFTER EQUILIBRIUM ITERATION   2
 *** LOAD STEP    80   SUBSTEP     1  COMPLETED.    CUM ITER =    276
 *** TIME =   4.00000         TIME INC =  0.500000E-01
 *** RESPONSE EIGENVALUE = 0.3085       OSCILLATION LIMIT = 0.1542E-01

 *** NOTE ***                            ELAPSED TIME =  137374.518   TIME= 17:33:00
 The number of multiframe restart files exceeds 4, a user specified      
 limit.  The .Rnnn file numbering will be reset to 1.                    

 *** NOTE ***                            ELAPSED TIME =  137384.592   TIME= 17:33:10
 During this loadstep the PCG iterative solver took more than 1000       
 iterations to solve the system of equations.  In the future it may be   
 more efficient to choose a direct solver, such as the SPARSE solver,    
 for this analysis.                                                      

 FINISH SOLUTION PROCESSING


 ***** ROUTINE COMPLETED *****  ELAPSED TIME =    139292.781



 *****  MAPDL SOLUTION ROUTINE  *****

 *** MAPDL - ENGINEERING ANALYSIS SYSTEM  RELEASE 2026 R1.02       26.1     ***
 Ansys Mechanical Enterprise                       
 00000000  VERSION=WINDOWS x64   18:11:26  JUL 21, 2026 Elapsed Time= 139680.234

                                                                               

 Note - This MAPDL version was linked by Licensee

     HT FLOW CONVERGENCE VALUE=   61.04      CRITERION=  0.5375    
    EQUIL ITER   1 COMPLETED.  NEW TRIANG MATRIX.  MAX DOF INC=   7.711    
     HT FLOW CONVERGENCE VALUE=   2.915      CRITERION=  0.5410    
    EQUIL ITER   2 COMPLETED.  NEW TRIANG MATRIX.  MAX DOF INC= -0.6239    
     HT FLOW CONVERGENCE VALUE=  0.2020      CRITERION=  0.5409     <<< CONVERGED
    >>> SOLUTION CONVERGED AFTER EQUILIBRIUM ITERATION   2
 *** LOAD STEP    81   SUBSTEP     1  COMPLETED.    CUM ITER =    279
 *** TIME =   4.05000         TIME INC =  0.500000E-01
 *** RESPONSE EIGENVALUE = 0.3066       OSCILLATION LIMIT = 0.1533E-01

 *** NOTE ***                            ELAPSED TIME =  140653.031   TIME= 18:27:39
 The number of multiframe restart files exceeds 4, a user specified      
 limit.  The .Rnnn file numbering will be reset to 1.                    

 *** NOTE ***                            ELAPSED TIME =  140663.478   TIME= 18:27:49
 During this loadstep the PCG iterative solver took more than 1000       
 iterations to solve the system of equations.  In the future it may be   
 more efficient to choose a direct solver, such as the SPARSE solver,    
 for this analysis.                                                      

 FINISH SOLUTION PROCESSING


 ***** ROUTINE COMPLETED *****  ELAPSED TIME =    142374.918



 *****  MAPDL SOLUTION ROUTINE  *****

 *** MAPDL - ENGINEERING ANALYSIS SYSTEM  RELEASE 2026 R1.02       26.1     ***
 Ansys Mechanical Enterprise                       
 00000000  VERSION=WINDOWS x64   18:58:49  JUL 21, 2026 Elapsed Time= 142523.096

                                                                               

 Note - This MAPDL version was linked by Licensee

     HT FLOW CONVERGENCE VALUE=   60.77      CRITERION=  0.5377    
    EQUIL ITER   1 COMPLETED.  NEW TRIANG MATRIX.  MAX DOF INC=   7.644    
     HT FLOW CONVERGENCE VALUE=   2.879      CRITERION=  0.5412    
    EQUIL ITER   2 COMPLETED.  NEW TRIANG MATRIX.  MAX DOF INC= -0.6090    
     HT FLOW CONVERGENCE VALUE=  0.1991      CRITERION=  0.5411     <<< CONVERGED
    >>> SOLUTION CONVERGED AFTER EQUILIBRIUM ITERATION   2
 *** LOAD STEP    82   SUBSTEP     1  COMPLETED.    CUM ITER =    282
 *** TIME =   4.10000         TIME INC =  0.500000E-01
 *** RESPONSE EIGENVALUE = 0.3048       OSCILLATION LIMIT = 0.1524E-01

 *** NOTE ***                            ELAPSED TIME =  143519.439   TIME= 19:15:25
 The number of multiframe restart files exceeds 4, a user specified      
 limit.  The .Rnnn file numbering will be reset to 1.                    

 *** NOTE ***                            ELAPSED TIME =  143528.361   TIME= 19:15:34
 During this loadstep the PCG iterative solver took more than 1000       
 iterations to solve the system of equations.  In the future it may be   
 more efficient to choose a direct solver, such as the SPARSE solver,    
 for this analysis.                                                      

 FINISH SOLUTION PROCESSING


 ***** ROUTINE COMPLETED *****  ELAPSED TIME =    145205.682



 *****  MAPDL SOLUTION ROUTINE  *****

 *** MAPDL - ENGINEERING ANALYSIS SYSTEM  RELEASE 2026 R1.02       26.1     ***
 Ansys Mechanical Enterprise                       
 00000000  VERSION=WINDOWS x64   19:46:08  JUL 21, 2026 Elapsed Time= 145362.452

                                                                               

 Note - This MAPDL version was linked by Licensee

     HT FLOW CONVERGENCE VALUE=   60.51      CRITERION=  0.5379    
    EQUIL ITER   1 COMPLETED.  NEW TRIANG MATRIX.  MAX DOF INC=   7.575    
     HT FLOW CONVERGENCE VALUE=   2.843      CRITERION=  0.5414    
    EQUIL ITER   2 COMPLETED.  NEW TRIANG MATRIX.  MAX DOF INC= -0.6000    
     HT FLOW CONVERGENCE VALUE=  0.1963      CRITERION=  0.5413     <<< CONVERGED
    >>> SOLUTION CONVERGED AFTER EQUILIBRIUM ITERATION   2
 *** LOAD STEP    83   SUBSTEP     1  COMPLETED.    CUM ITER =    285
 *** TIME =   4.15000         TIME INC =  0.500000E-01
 *** RESPONSE EIGENVALUE = 0.3031       OSCILLATION LIMIT = 0.1515E-01

 *** NOTE ***                            ELAPSED TIME =  146266.748   TIME= 20:01:12
 The number of multiframe restart files exceeds 4, a user specified      
 limit.  The .Rnnn file numbering will be reset to 1.                    

 *** NOTE ***                            ELAPSED TIME =  146274.551   TIME= 20:01:20
 During this loadstep the PCG iterative solver took more than 1000       
 iterations to solve the system of equations.  In the future it may be   
 more efficient to choose a direct solver, such as the SPARSE solver,    
 for this analysis.                                                      

 FINISH SOLUTION PROCESSING


 ***** ROUTINE COMPLETED *****  ELAPSED TIME =    147911.178



 *****  MAPDL SOLUTION ROUTINE  *****

 *** MAPDL - ENGINEERING ANALYSIS SYSTEM  RELEASE 2026 R1.02       26.1     ***
 Ansys Mechanical Enterprise                       
 00000000  VERSION=WINDOWS x64   20:31:02  JUL 21, 2026 Elapsed Time= 148056.013

                                                                               

 Note - This MAPDL version was linked by Licensee

     HT FLOW CONVERGENCE VALUE=   60.25      CRITERION=  0.5382    
    EQUIL ITER   1 COMPLETED.  NEW TRIANG MATRIX.  MAX DOF INC=   7.503    
     HT FLOW CONVERGENCE VALUE=   2.809      CRITERION=  0.5416    
    EQUIL ITER   2 COMPLETED.  NEW TRIANG MATRIX.  MAX DOF INC= -0.5880    
     HT FLOW CONVERGENCE VALUE=  0.1937      CRITERION=  0.5415     <<< CONVERGED
    >>> SOLUTION CONVERGED AFTER EQUILIBRIUM ITERATION   2
 *** LOAD STEP    84   SUBSTEP     1  COMPLETED.    CUM ITER =    288
 *** TIME =   4.20000         TIME INC =  0.500000E-01
 *** RESPONSE EIGENVALUE = 0.3014       OSCILLATION LIMIT = 0.1507E-01

 *** NOTE ***                            ELAPSED TIME =  148832.239   TIME= 20:43:58
 The number of multiframe restart files exceeds 4, a user specified      
 limit.  The .Rnnn file numbering will be reset to 1.                    

 *** NOTE ***                            ELAPSED TIME =  148842.280   TIME= 20:44:08
 During this loadstep the PCG iterative solver took more than 1000       
 iterations to solve the system of equations.  In the future it may be   
 more efficient to choose a direct solver, such as the SPARSE solver,    
 for this analysis.                                                      

 FINISH SOLUTION PROCESSING


 ***** ROUTINE COMPLETED *****  ELAPSED TIME =    150419.105



 *****  MAPDL SOLUTION ROUTINE  *****

 *** MAPDL - ENGINEERING ANALYSIS SYSTEM  RELEASE 2026 R1.02       26.1     ***
 Ansys Mechanical Enterprise                       
 00000000  VERSION=WINDOWS x64   21:12:42  JUL 21, 2026 Elapsed Time= 150555.980

                                                                               

 Note - This MAPDL version was linked by Licensee

     HT FLOW CONVERGENCE VALUE=   60.01      CRITERION=  0.5384    
    EQUIL ITER   1 COMPLETED.  NEW TRIANG MATRIX.  MAX DOF INC=   7.429    
     HT FLOW CONVERGENCE VALUE=   2.777      CRITERION=  0.5418    
    EQUIL ITER   2 COMPLETED.  NEW TRIANG MATRIX.  MAX DOF INC= -0.5890    
     HT FLOW CONVERGENCE VALUE=  0.1911      CRITERION=  0.5417     <<< CONVERGED
    >>> SOLUTION CONVERGED AFTER EQUILIBRIUM ITERATION   2
 *** LOAD STEP    85   SUBSTEP     1  COMPLETED.    CUM ITER =    291
 *** TIME =   4.25000         TIME INC =  0.500000E-01
 *** RESPONSE EIGENVALUE = 0.2996       OSCILLATION LIMIT = 0.1498E-01

 *** NOTE ***                            ELAPSED TIME =  151297.387   TIME= 21:25:03
 The number of multiframe restart files exceeds 4, a user specified      
 limit.  The .Rnnn file numbering will be reset to 1.                    

 *** NOTE ***                            ELAPSED TIME =  151304.089   TIME= 21:25:10
 During this loadstep the PCG iterative solver took more than 1000       
 iterations to solve the system of equations.  In the future it may be   
 more efficient to choose a direct solver, such as the SPARSE solver,    
 for this analysis.                                                      

 FINISH SOLUTION PROCESSING


 ***** ROUTINE COMPLETED *****  ELAPSED TIME =    153153.914



 *****  MAPDL SOLUTION ROUTINE  *****

 *** MAPDL - ENGINEERING ANALYSIS SYSTEM  RELEASE 2026 R1.02       26.1     ***
 Ansys Mechanical Enterprise                       
 00000000  VERSION=WINDOWS x64   21:58:40  JUL 21, 2026 Elapsed Time= 153314.795

                                                                               

 Note - This MAPDL version was linked by Licensee

     HT FLOW CONVERGENCE VALUE=   59.77      CRITERION=  0.5386    
    EQUIL ITER   1 COMPLETED.  NEW TRIANG MATRIX.  MAX DOF INC=   7.351    
     HT FLOW CONVERGENCE VALUE=   2.748      CRITERION=  0.5420    
    EQUIL ITER   2 COMPLETED.  NEW TRIANG MATRIX.  MAX DOF INC= -0.5877    
     HT FLOW CONVERGENCE VALUE=  0.1886      CRITERION=  0.5419     <<< CONVERGED
    >>> SOLUTION CONVERGED AFTER EQUILIBRIUM ITERATION   2
 *** LOAD STEP    86   SUBSTEP     1  COMPLETED.    CUM ITER =    294
 *** TIME =   4.30000         TIME INC =  0.500000E-01
 *** RESPONSE EIGENVALUE = 0.2979       OSCILLATION LIMIT = 0.1490E-01

 *** NOTE ***                            ELAPSED TIME =  154159.434   TIME= 22:12:45
 The number of multiframe restart files exceeds 4, a user specified      
 limit.  The .Rnnn file numbering will be reset to 1.                    

 *** NOTE ***                            ELAPSED TIME =  154166.469   TIME= 22:12:52
 During this loadstep the PCG iterative solver took more than 1000       
 iterations to solve the system of equations.  In the future it may be   
 more efficient to choose a direct solver, such as the SPARSE solver,    
 for this analysis.                                                      

 FINISH SOLUTION PROCESSING


 ***** ROUTINE COMPLETED *****  ELAPSED TIME =    156073.608



 *****  MAPDL SOLUTION ROUTINE  *****

 *** MAPDL - ENGINEERING ANALYSIS SYSTEM  RELEASE 2026 R1.02       26.1     ***
 Ansys Mechanical Enterprise                       
 00000000  VERSION=WINDOWS x64   22:47:21  JUL 21, 2026 Elapsed Time= 156234.977

                                                                               

 Note - This MAPDL version was linked by Licensee

     HT FLOW CONVERGENCE VALUE=   59.53      CRITERION=  0.5388    
    EQUIL ITER   1 COMPLETED.  NEW TRIANG MATRIX.  MAX DOF INC=   7.301    
     HT FLOW CONVERGENCE VALUE=   2.719      CRITERION=  0.5423    
    EQUIL ITER   2 COMPLETED.  NEW TRIANG MATRIX.  MAX DOF INC= -0.5676    
     HT FLOW CONVERGENCE VALUE=  0.1862      CRITERION=  0.5421     <<< CONVERGED
    >>> SOLUTION CONVERGED AFTER EQUILIBRIUM ITERATION   2
 *** LOAD STEP    87   SUBSTEP     1  COMPLETED.    CUM ITER =    297
 *** TIME =   4.35000         TIME INC =  0.500000E-01
 *** RESPONSE EIGENVALUE = 0.2962       OSCILLATION LIMIT = 0.1481E-01

 *** NOTE ***                            ELAPSED TIME =  157036.792   TIME= 23:00:42
 The number of multiframe restart files exceeds 4, a user specified      
 limit.  The .Rnnn file numbering will be reset to 1.                    

 *** NOTE ***                            ELAPSED TIME =  157043.582   TIME= 23:00:49
 During this loadstep the PCG iterative solver took more than 1000       
 iterations to solve the system of equations.  In the future it may be   
 more efficient to choose a direct solver, such as the SPARSE solver,    
 for this analysis.                                                      

 FINISH SOLUTION PROCESSING


 ***** ROUTINE COMPLETED *****  ELAPSED TIME =    158893.307



 *****  MAPDL SOLUTION ROUTINE  *****

 *** MAPDL - ENGINEERING ANALYSIS SYSTEM  RELEASE 2026 R1.02       26.1     ***
 Ansys Mechanical Enterprise                       
 00000000  VERSION=WINDOWS x64   23:34:15  JUL 21, 2026 Elapsed Time= 159049.085

                                                                               

 Note - This MAPDL version was linked by Licensee

     HT FLOW CONVERGENCE VALUE=   59.30      CRITERION=  0.5391    
    EQUIL ITER   1 COMPLETED.  NEW TRIANG MATRIX.  MAX DOF INC=   7.255    
     HT FLOW CONVERGENCE VALUE=   2.692      CRITERION=  0.5425    
    EQUIL ITER   2 COMPLETED.  NEW TRIANG MATRIX.  MAX DOF INC= -0.5627    
     HT FLOW CONVERGENCE VALUE=  0.1839      CRITERION=  0.5423     <<< CONVERGED
    >>> SOLUTION CONVERGED AFTER EQUILIBRIUM ITERATION   2
 *** LOAD STEP    88   SUBSTEP     1  COMPLETED.    CUM ITER =    300
 *** TIME =   4.40000         TIME INC =  0.500000E-01
 *** RESPONSE EIGENVALUE = 0.2944       OSCILLATION LIMIT = 0.1472E-01

 *** NOTE ***                            ELAPSED TIME =  159942.372   TIME= 23:49:08
 The number of multiframe restart files exceeds 4, a user specified      
 limit.  The .Rnnn file numbering will be reset to 1.                    

 *** NOTE ***                            ELAPSED TIME =  159950.608   TIME= 23:49:16
 During this loadstep the PCG iterative solver took more than 1000       
 iterations to solve the system of equations.  In the future it may be   
 more efficient to choose a direct solver, such as the SPARSE solver,    
 for this analysis.                                                      

 FINISH SOLUTION PROCESSING


 ***** ROUTINE COMPLETED *****  ELAPSED TIME =    161744.563



 *****  MAPDL SOLUTION ROUTINE  *****

 *** MAPDL - ENGINEERING ANALYSIS SYSTEM  RELEASE 2026 R1.02       26.1     ***
 Ansys Mechanical Enterprise                       
 00000000  VERSION=WINDOWS x64   00:21:36  JUL 22, 2026 Elapsed Time= 161889.846

                                                                               

 Note - This MAPDL version was linked by Licensee

     HT FLOW CONVERGENCE VALUE=   59.08      CRITERION=  0.5393    
    EQUIL ITER   1 COMPLETED.  NEW TRIANG MATRIX.  MAX DOF INC=   7.225    
     HT FLOW CONVERGENCE VALUE=   2.667      CRITERION=  0.5427    
    EQUIL ITER   2 COMPLETED.  NEW TRIANG MATRIX.  MAX DOF INC= -0.5569    
     HT FLOW CONVERGENCE VALUE=  0.1816      CRITERION=  0.5425     <<< CONVERGED
    >>> SOLUTION CONVERGED AFTER EQUILIBRIUM ITERATION   2
 *** LOAD STEP    89   SUBSTEP     1  COMPLETED.    CUM ITER =    303
 *** TIME =   4.45000         TIME INC =  0.500000E-01
 *** RESPONSE EIGENVALUE = 0.2927       OSCILLATION LIMIT = 0.1463E-01

 *** NOTE ***                            ELAPSED TIME =  162480.828   TIME= 00:31:27
 The number of multiframe restart files exceeds 4, a user specified      
 limit.  The .Rnnn file numbering will be reset to 1.                    

 *** NOTE ***                            ELAPSED TIME =  162489.944   TIME= 00:31:36
 During this loadstep the PCG iterative solver took more than 1000       
 iterations to solve the system of equations.  In the future it may be   
 more efficient to choose a direct solver, such as the SPARSE solver,    
 for this analysis.                                                      

 FINISH SOLUTION PROCESSING


 ***** ROUTINE COMPLETED *****  ELAPSED TIME =    164511.672



 *****  MAPDL SOLUTION ROUTINE  *****

 *** MAPDL - ENGINEERING ANALYSIS SYSTEM  RELEASE 2026 R1.02       26.1     ***
 Ansys Mechanical Enterprise                       
 00000000  VERSION=WINDOWS x64   01:08:02  JUL 22, 2026 Elapsed Time= 164676.144

                                                                               

 Note - This MAPDL version was linked by Licensee

     HT FLOW CONVERGENCE VALUE=   58.86      CRITERION=  0.5395    
    EQUIL ITER   1 COMPLETED.  NEW TRIANG MATRIX.  MAX DOF INC=   7.193    
     HT FLOW CONVERGENCE VALUE=   2.642      CRITERION=  0.5429    
    EQUIL ITER   2 COMPLETED.  NEW TRIANG MATRIX.  MAX DOF INC= -0.5506    
     HT FLOW CONVERGENCE VALUE=  0.1793      CRITERION=  0.5427     <<< CONVERGED
    >>> SOLUTION CONVERGED AFTER EQUILIBRIUM ITERATION   2
 *** LOAD STEP    90   SUBSTEP     1  COMPLETED.    CUM ITER =    306
 *** TIME =   4.50000         TIME INC =  0.500000E-01
 *** RESPONSE EIGENVALUE = 0.2909       OSCILLATION LIMIT = 0.1455E-01

 *** NOTE ***                            ELAPSED TIME =  165471.841   TIME= 01:21:18
 The number of multiframe restart files exceeds 4, a user specified      
 limit.  The .Rnnn file numbering will be reset to 1.                    

 *** NOTE ***                            ELAPSED TIME =  165481.808   TIME= 01:21:28
 During this loadstep the PCG iterative solver took more than 1000       
 iterations to solve the system of equations.  In the future it may be   
 more efficient to choose a direct solver, such as the SPARSE solver,    
 for this analysis.                                                      

 FINISH SOLUTION PROCESSING


 ***** ROUTINE COMPLETED *****  ELAPSED TIME =    167685.987



 *****  MAPDL SOLUTION ROUTINE  *****

 *** MAPDL - ENGINEERING ANALYSIS SYSTEM  RELEASE 2026 R1.02       26.1     ***
 Ansys Mechanical Enterprise                       
 00000000  VERSION=WINDOWS x64   02:01:30  JUL 22, 2026 Elapsed Time= 167884.423

                                                                               

 Note - This MAPDL version was linked by Licensee

     HT FLOW CONVERGENCE VALUE=   58.65      CRITERION=  0.5397    
    EQUIL ITER   1 COMPLETED.  NEW TRIANG MATRIX.  MAX DOF INC=   7.157    
     HT FLOW CONVERGENCE VALUE=   2.620      CRITERION=  0.5431    
    EQUIL ITER   2 COMPLETED.  NEW TRIANG MATRIX.  MAX DOF INC= -0.5539    
     HT FLOW CONVERGENCE VALUE=  0.1772      CRITERION=  0.5429     <<< CONVERGED
    >>> SOLUTION CONVERGED AFTER EQUILIBRIUM ITERATION   2
 *** LOAD STEP    91   SUBSTEP     1  COMPLETED.    CUM ITER =    309
 *** TIME =   4.55000         TIME INC =  0.500000E-01
 *** RESPONSE EIGENVALUE = 0.2892       OSCILLATION LIMIT = 0.1446E-01

 *** NOTE ***                            ELAPSED TIME =  168749.186   TIME= 02:15:55
 The number of multiframe restart files exceeds 4, a user specified      
 limit.  The .Rnnn file numbering will be reset to 1.                    

 *** NOTE ***                            ELAPSED TIME =  168756.816   TIME= 02:16:03
 During this loadstep the PCG iterative solver took more than 1000       
 iterations to solve the system of equations.  In the future it may be   
 more efficient to choose a direct solver, such as the SPARSE solver,    
 for this analysis.                                                      

 FINISH SOLUTION PROCESSING


 ***** ROUTINE COMPLETED *****  ELAPSED TIME =    170616.317



 *****  MAPDL SOLUTION ROUTINE  *****

 *** MAPDL - ENGINEERING ANALYSIS SYSTEM  RELEASE 2026 R1.02       26.1     ***
 Ansys Mechanical Enterprise                       
 00000000  VERSION=WINDOWS x64   02:49:46  JUL 22, 2026 Elapsed Time= 170780.047

                                                                               

 Note - This MAPDL version was linked by Licensee

     HT FLOW CONVERGENCE VALUE=   58.44      CRITERION=  0.5400    
    EQUIL ITER   1 COMPLETED.  NEW TRIANG MATRIX.  MAX DOF INC=   7.119    
     HT FLOW CONVERGENCE VALUE=   2.599      CRITERION=  0.5433    
    EQUIL ITER   2 COMPLETED.  NEW TRIANG MATRIX.  MAX DOF INC= -0.5480    
     HT FLOW CONVERGENCE VALUE=  0.1752      CRITERION=  0.5431     <<< CONVERGED
    >>> SOLUTION CONVERGED AFTER EQUILIBRIUM ITERATION   2
 *** LOAD STEP    92   SUBSTEP     1  COMPLETED.    CUM ITER =    312
 *** TIME =   4.60000         TIME INC =  0.500000E-01
 *** RESPONSE EIGENVALUE = 0.2876       OSCILLATION LIMIT = 0.1438E-01

 *** NOTE ***                            ELAPSED TIME =  171641.591   TIME= 03:04:07
 The number of multiframe restart files exceeds 4, a user specified      
 limit.  The .Rnnn file numbering will be reset to 1.                    

 *** NOTE ***                            ELAPSED TIME =  171648.640   TIME= 03:04:14
 During this loadstep the PCG iterative solver took more than 1000       
 iterations to solve the system of equations.  In the future it may be   
 more efficient to choose a direct solver, such as the SPARSE solver,    
 for this analysis.                                                      

 FINISH SOLUTION PROCESSING


 ***** ROUTINE COMPLETED *****  ELAPSED TIME =    173515.654



 *****  MAPDL SOLUTION ROUTINE  *****

 *** MAPDL - ENGINEERING ANALYSIS SYSTEM  RELEASE 2026 R1.02       26.1     ***
 Ansys Mechanical Enterprise                       
 00000000  VERSION=WINDOWS x64   03:37:58  JUL 22, 2026 Elapsed Time= 173672.654

                                                                               

 Note - This MAPDL version was linked by Licensee

     HT FLOW CONVERGENCE VALUE=   58.24      CRITERION=  0.5402    
    EQUIL ITER   1 COMPLETED.  NEW TRIANG MATRIX.  MAX DOF INC=   7.078    
     HT FLOW CONVERGENCE VALUE=   2.578      CRITERION=  0.5435    
    EQUIL ITER   2 COMPLETED.  NEW TRIANG MATRIX.  MAX DOF INC= -0.5386    
     HT FLOW CONVERGENCE VALUE=  0.1733      CRITERION=  0.5434     <<< CONVERGED
    >>> SOLUTION CONVERGED AFTER EQUILIBRIUM ITERATION   2
 *** LOAD STEP    93   SUBSTEP     1  COMPLETED.    CUM ITER =    315
 *** TIME =   4.65000         TIME INC =  0.500000E-01
 *** RESPONSE EIGENVALUE = 0.2860       OSCILLATION LIMIT = 0.1430E-01

 *** NOTE ***                            ELAPSED TIME =  174592.464   TIME= 03:53:18
 The number of multiframe restart files exceeds 4, a user specified      
 limit.  The .Rnnn file numbering will be reset to 1.                    

 *** NOTE ***                            ELAPSED TIME =  174599.635   TIME= 03:53:25
 During this loadstep the PCG iterative solver took more than 1000       
 iterations to solve the system of equations.  In the future it may be   
 more efficient to choose a direct solver, such as the SPARSE solver,    
 for this analysis.                                                      

 FINISH SOLUTION PROCESSING


 ***** ROUTINE COMPLETED *****  ELAPSED TIME =    176577.773



 *****  MAPDL SOLUTION ROUTINE  *****

 *** MAPDL - ENGINEERING ANALYSIS SYSTEM  RELEASE 2026 R1.02       26.1     ***
 Ansys Mechanical Enterprise                       
 00000000  VERSION=WINDOWS x64   04:29:21  JUL 22, 2026 Elapsed Time= 176755.653

                                                                               

 Note - This MAPDL version was linked by Licensee

     HT FLOW CONVERGENCE VALUE=   58.04      CRITERION=  0.5404    
    EQUIL ITER   1 COMPLETED.  NEW TRIANG MATRIX.  MAX DOF INC=   7.035    
     HT FLOW CONVERGENCE VALUE=   2.558      CRITERION=  0.5437    
    EQUIL ITER   2 COMPLETED.  NEW TRIANG MATRIX.  MAX DOF INC= -0.5303    
     HT FLOW CONVERGENCE VALUE=  0.1715      CRITERION=  0.5435     <<< CONVERGED
    >>> SOLUTION CONVERGED AFTER EQUILIBRIUM ITERATION   2
 *** LOAD STEP    94   SUBSTEP     1  COMPLETED.    CUM ITER =    318
 *** TIME =   4.70000         TIME INC =  0.500000E-01
 *** RESPONSE EIGENVALUE = 0.2845       OSCILLATION LIMIT = 0.1422E-01

 *** NOTE ***                            ELAPSED TIME =  177607.802   TIME= 04:43:34
 The number of multiframe restart files exceeds 4, a user specified      
 limit.  The .Rnnn file numbering will be reset to 1.                    

 *** NOTE ***                            ELAPSED TIME =  177614.869   TIME= 04:43:41
 During this loadstep the PCG iterative solver took more than 1000       
 iterations to solve the system of equations.  In the future it may be   
 more efficient to choose a direct solver, such as the SPARSE solver,    
 for this analysis.                                                      

 FINISH SOLUTION PROCESSING


 ***** ROUTINE COMPLETED *****  ELAPSED TIME =    179534.815



 *****  MAPDL SOLUTION ROUTINE  *****

 *** MAPDL - ENGINEERING ANALYSIS SYSTEM  RELEASE 2026 R1.02       26.1     ***
 Ansys Mechanical Enterprise                       
 00000000  VERSION=WINDOWS x64   05:18:37  JUL 22, 2026 Elapsed Time= 179711.232

                                                                               

 Note - This MAPDL version was linked by Licensee

     HT FLOW CONVERGENCE VALUE=   57.85      CRITERION=  0.5406    
    EQUIL ITER   1 COMPLETED.  NEW TRIANG MATRIX.  MAX DOF INC=   6.987    
     HT FLOW CONVERGENCE VALUE=   2.541      CRITERION=  0.5439    
    EQUIL ITER   2 COMPLETED.  NEW TRIANG MATRIX.  MAX DOF INC= -0.5413    
     HT FLOW CONVERGENCE VALUE=  0.1700      CRITERION=  0.5437     <<< CONVERGED
    >>> SOLUTION CONVERGED AFTER EQUILIBRIUM ITERATION   2
 *** LOAD STEP    95   SUBSTEP     1  COMPLETED.    CUM ITER =    321
 *** TIME =   4.75000         TIME INC =  0.500000E-01
 *** RESPONSE EIGENVALUE = 0.2829       OSCILLATION LIMIT = 0.1415E-01

 *** NOTE ***                            ELAPSED TIME =  180573.888   TIME= 05:33:00
 The number of multiframe restart files exceeds 4, a user specified      
 limit.  The .Rnnn file numbering will be reset to 1.                    

 *** NOTE ***                            ELAPSED TIME =  180580.658   TIME= 05:33:06
 During this loadstep the PCG iterative solver took more than 1000       
 iterations to solve the system of equations.  In the future it may be   
 more efficient to choose a direct solver, such as the SPARSE solver,    
 for this analysis.                                                      

 FINISH SOLUTION PROCESSING


 ***** ROUTINE COMPLETED *****  ELAPSED TIME =    182504.104



 *****  MAPDL SOLUTION ROUTINE  *****

 *** MAPDL - ENGINEERING ANALYSIS SYSTEM  RELEASE 2026 R1.02       26.1     ***
 Ansys Mechanical Enterprise                       
 00000000  VERSION=WINDOWS x64   06:07:51  JUL 22, 2026 Elapsed Time= 182664.806

                                                                               

 Note - This MAPDL version was linked by Licensee

     HT FLOW CONVERGENCE VALUE=   57.66      CRITERION=  0.5408    
    EQUIL ITER   1 COMPLETED.  NEW TRIANG MATRIX.  MAX DOF INC=   6.936    
     HT FLOW CONVERGENCE VALUE=   2.528      CRITERION=  0.5441    
    EQUIL ITER   2 COMPLETED.  NEW TRIANG MATRIX.  MAX DOF INC= -0.5116    
     HT FLOW CONVERGENCE VALUE=  0.1686      CRITERION=  0.5439     <<< CONVERGED
    >>> SOLUTION CONVERGED AFTER EQUILIBRIUM ITERATION   2
 *** LOAD STEP    96   SUBSTEP     1  COMPLETED.    CUM ITER =    324
 *** TIME =   4.80000         TIME INC =  0.500000E-01
 *** RESPONSE EIGENVALUE = 0.2814       OSCILLATION LIMIT = 0.1407E-01

 *** NOTE ***                            ELAPSED TIME =  183567.150   TIME= 06:22:53
 The number of multiframe restart files exceeds 4, a user specified      
 limit.  The .Rnnn file numbering will be reset to 1.                    

 *** NOTE ***                            ELAPSED TIME =  183575.400   TIME= 06:23:01
 During this loadstep the PCG iterative solver took more than 1000       
 iterations to solve the system of equations.  In the future it may be   
 more efficient to choose a direct solver, such as the SPARSE solver,    
 for this analysis.                                                      

 FINISH SOLUTION PROCESSING


 ***** ROUTINE COMPLETED *****  ELAPSED TIME =    185639.737



 *****  MAPDL SOLUTION ROUTINE  *****

 *** MAPDL - ENGINEERING ANALYSIS SYSTEM  RELEASE 2026 R1.02       26.1     ***
 Ansys Mechanical Enterprise                       
 00000000  VERSION=WINDOWS x64   07:00:09  JUL 22, 2026 Elapsed Time= 185802.989

                                                                               

 Note - This MAPDL version was linked by Licensee

     HT FLOW CONVERGENCE VALUE=   57.47      CRITERION=  0.5410    
    EQUIL ITER   1 COMPLETED.  NEW TRIANG MATRIX.  MAX DOF INC=   6.884    
     HT FLOW CONVERGENCE VALUE=   2.514      CRITERION=  0.5443    
    EQUIL ITER   2 COMPLETED.  NEW TRIANG MATRIX.  MAX DOF INC= -0.5075    
     HT FLOW CONVERGENCE VALUE=  0.1672      CRITERION=  0.5441     <<< CONVERGED
    >>> SOLUTION CONVERGED AFTER EQUILIBRIUM ITERATION   2
 *** LOAD STEP    97   SUBSTEP     1  COMPLETED.    CUM ITER =    327
 *** TIME =   4.85000         TIME INC =  0.500000E-01
 *** RESPONSE EIGENVALUE = 0.2799       OSCILLATION LIMIT = 0.1400E-01

 *** NOTE ***                            ELAPSED TIME =  186641.887   TIME= 07:14:08
 The number of multiframe restart files exceeds 4, a user specified      
 limit.  The .Rnnn file numbering will be reset to 1.                    

 *** NOTE ***                            ELAPSED TIME =  186649.323   TIME= 07:14:15
 During this loadstep the PCG iterative solver took more than 1000       
 iterations to solve the system of equations.  In the future it may be   
 more efficient to choose a direct solver, such as the SPARSE solver,    
 for this analysis.                                                      

 FINISH SOLUTION PROCESSING


 ***** ROUTINE COMPLETED *****  ELAPSED TIME =    188649.002



 *****  MAPDL SOLUTION ROUTINE  *****

 *** MAPDL - ENGINEERING ANALYSIS SYSTEM  RELEASE 2026 R1.02       26.1     ***
 Ansys Mechanical Enterprise                       
 00000000  VERSION=WINDOWS x64   07:50:26  JUL 22, 2026 Elapsed Time= 188820.507

                                                                               

 Note - This MAPDL version was linked by Licensee

     HT FLOW CONVERGENCE VALUE=   57.29      CRITERION=  0.5412    
    EQUIL ITER   1 COMPLETED.  NEW TRIANG MATRIX.  MAX DOF INC=   6.830    
     HT FLOW CONVERGENCE VALUE=   2.500      CRITERION=  0.5444    
    EQUIL ITER   2 COMPLETED.  NEW TRIANG MATRIX.  MAX DOF INC= -0.5057    
     HT FLOW CONVERGENCE VALUE=  0.1658      CRITERION=  0.5443     <<< CONVERGED
    >>> SOLUTION CONVERGED AFTER EQUILIBRIUM ITERATION   2
 *** LOAD STEP    98   SUBSTEP     1  COMPLETED.    CUM ITER =    330
 *** TIME =   4.90000         TIME INC =  0.500000E-01
 *** RESPONSE EIGENVALUE = 0.2784       OSCILLATION LIMIT = 0.1392E-01

 *** NOTE ***                            ELAPSED TIME =  189671.805   TIME= 08:04:38
 The number of multiframe restart files exceeds 4, a user specified      
 limit.  The .Rnnn file numbering will be reset to 1.                    

 *** NOTE ***                            ELAPSED TIME =  189678.167   TIME= 08:04:44
 During this loadstep the PCG iterative solver took more than 1000       
 iterations to solve the system of equations.  In the future it may be   
 more efficient to choose a direct solver, such as the SPARSE solver,    
 for this analysis.                                                      

 FINISH SOLUTION PROCESSING


 ***** ROUTINE COMPLETED *****  ELAPSED TIME =    191651.152



 *****  MAPDL SOLUTION ROUTINE  *****

 *** MAPDL - ENGINEERING ANALYSIS SYSTEM  RELEASE 2026 R1.02       26.1     ***
 Ansys Mechanical Enterprise                       
 00000000  VERSION=WINDOWS x64   08:40:26  JUL 22, 2026 Elapsed Time= 191820.022

                                                                               

 Note - This MAPDL version was linked by Licensee

     HT FLOW CONVERGENCE VALUE=   57.11      CRITERION=  0.5414    
    EQUIL ITER   1 COMPLETED.  NEW TRIANG MATRIX.  MAX DOF INC=   6.773    
     HT FLOW CONVERGENCE VALUE=   2.485      CRITERION=  0.5446    
    EQUIL ITER   2 COMPLETED.  NEW TRIANG MATRIX.  MAX DOF INC= -0.5004    
     HT FLOW CONVERGENCE VALUE=  0.1643      CRITERION=  0.5445     <<< CONVERGED
    >>> SOLUTION CONVERGED AFTER EQUILIBRIUM ITERATION   2
 *** LOAD STEP    99   SUBSTEP     1  COMPLETED.    CUM ITER =    333
 *** TIME =   4.95000         TIME INC =  0.500000E-01
 *** RESPONSE EIGENVALUE = 0.2769       OSCILLATION LIMIT = 0.1385E-01

 *** NOTE ***                            ELAPSED TIME =  192747.971   TIME= 08:55:54
 The number of multiframe restart files exceeds 4, a user specified      
 limit.  The .Rnnn file numbering will be reset to 1.                    

 *** NOTE ***                            ELAPSED TIME =  192755.322   TIME= 08:56:01
 During this loadstep the PCG iterative solver took more than 1000       
 iterations to solve the system of equations.  In the future it may be   
 more efficient to choose a direct solver, such as the SPARSE solver,    
 for this analysis.                                                      

 FINISH SOLUTION PROCESSING


 ***** ROUTINE COMPLETED *****  ELAPSED TIME =    194823.539



 *****  MAPDL SOLUTION ROUTINE  *****

 *** MAPDL - ENGINEERING ANALYSIS SYSTEM  RELEASE 2026 R1.02       26.1     ***
 Ansys Mechanical Enterprise                       
 00000000  VERSION=WINDOWS x64   09:33:18  JUL 22, 2026 Elapsed Time= 194992.421

                                                                               

 Note - This MAPDL version was linked by Licensee

     HT FLOW CONVERGENCE VALUE=   56.94      CRITERION=  0.5416    
    EQUIL ITER   1 COMPLETED.  NEW TRIANG MATRIX.  MAX DOF INC=   6.713    
     HT FLOW CONVERGENCE VALUE=   2.470      CRITERION=  0.5448    
    EQUIL ITER   2 COMPLETED.  NEW TRIANG MATRIX.  MAX DOF INC= -0.4969    
     HT FLOW CONVERGENCE VALUE=  0.1628      CRITERION=  0.5447     <<< CONVERGED
    >>> SOLUTION CONVERGED AFTER EQUILIBRIUM ITERATION   2
 *** LOAD STEP   100   SUBSTEP     1  COMPLETED.    CUM ITER =    336
 *** TIME =   5.00000         TIME INC =  0.500000E-01
 *** RESPONSE EIGENVALUE = 0.2754       OSCILLATION LIMIT = 0.1377E-01

 *** NOTE ***                            ELAPSED TIME =  195908.651   TIME= 09:48:34
 The number of multiframe restart files exceeds 4, a user specified      
 limit.  The .Rnnn file numbering will be reset to 1.                    

 *** NOTE ***                            ELAPSED TIME =  195916.312   TIME= 09:48:42
 During this loadstep the PCG iterative solver took more than 1000       
 iterations to solve the system of equations.  In the future it may be   
 more efficient to choose a direct solver, such as the SPARSE solver,    
 for this analysis.                                                      

 FINISH SOLUTION PROCESSING


 ***** ROUTINE COMPLETED *****  ELAPSED TIME =    198030.901



 *****  MAPDL SOLUTION ROUTINE  *****

 *** MAPDL - ENGINEERING ANALYSIS SYSTEM  RELEASE 2026 R1.02       26.1     ***
 Ansys Mechanical Enterprise                       
 00000000  VERSION=WINDOWS x64   10:27:37  JUL 22, 2026 Elapsed Time= 198250.890

                                                                               

 Note - This MAPDL version was linked by Licensee

     HT FLOW CONVERGENCE VALUE=   56.77      CRITERION=  0.5418    
    EQUIL ITER   1 COMPLETED.  NEW TRIANG MATRIX.  MAX DOF INC=   6.649    
     HT FLOW CONVERGENCE VALUE=   2.453      CRITERION=  0.5450    
    EQUIL ITER   2 COMPLETED.  NEW TRIANG MATRIX.  MAX DOF INC= -0.4949    
     HT FLOW CONVERGENCE VALUE=  0.1612      CRITERION=  0.5448     <<< CONVERGED
    >>> SOLUTION CONVERGED AFTER EQUILIBRIUM ITERATION   2
 *** LOAD STEP   101   SUBSTEP     1  COMPLETED.    CUM ITER =    339
 *** TIME =   5.05000         TIME INC =  0.500000E-01
 *** RESPONSE EIGENVALUE = 0.2740       OSCILLATION LIMIT = 0.1370E-01

 *** NOTE ***                            ELAPSED TIME =  199058.021   TIME= 10:41:04
 The number of multiframe restart files exceeds 4, a user specified      
 limit.  The .Rnnn file numbering will be reset to 1.                    

 *** NOTE ***                            ELAPSED TIME =  199066.307   TIME= 10:41:12
 During this loadstep the PCG iterative solver took more than 1000       
 iterations to solve the system of equations.  In the future it may be   
 more efficient to choose a direct solver, such as the SPARSE solver,    
 for this analysis.                                                      

 FINISH SOLUTION PROCESSING


 ***** ROUTINE COMPLETED *****  ELAPSED TIME =    201354.031



 *****  MAPDL SOLUTION ROUTINE  *****

 *** MAPDL - ENGINEERING ANALYSIS SYSTEM  RELEASE 2026 R1.02       26.1     ***
 Ansys Mechanical Enterprise                       
 00000000  VERSION=WINDOWS x64   11:22:39  JUL 22, 2026 Elapsed Time= 201553.578

                                                                               

 Note - This MAPDL version was linked by Licensee

     HT FLOW CONVERGENCE VALUE=   56.61      CRITERION=  0.5419    
    EQUIL ITER   1 COMPLETED.  NEW TRIANG MATRIX.  MAX DOF INC=   6.585    
     HT FLOW CONVERGENCE VALUE=   2.434      CRITERION=  0.5451    
    EQUIL ITER   2 COMPLETED.  NEW TRIANG MATRIX.  MAX DOF INC= -0.4967    
     HT FLOW CONVERGENCE VALUE=  0.1594      CRITERION=  0.5450     <<< CONVERGED
    >>> SOLUTION CONVERGED AFTER EQUILIBRIUM ITERATION   2
 *** LOAD STEP   102   SUBSTEP     1  COMPLETED.    CUM ITER =    342
 *** TIME =   5.10000         TIME INC =  0.500000E-01
 *** RESPONSE EIGENVALUE = 0.2725       OSCILLATION LIMIT = 0.1362E-01

 *** NOTE ***                            ELAPSED TIME =  202414.816   TIME= 11:37:01
 The number of multiframe restart files exceeds 4, a user specified      
 limit.  The .Rnnn file numbering will be reset to 1.                    

 *** NOTE ***                            ELAPSED TIME =  202421.842   TIME= 11:37:08
 During this loadstep the PCG iterative solver took more than 1000       
 iterations to solve the system of equations.  In the future it may be   
 more efficient to choose a direct solver, such as the SPARSE solver,    
 for this analysis.                                                      

 FINISH SOLUTION PROCESSING


 ***** ROUTINE COMPLETED *****  ELAPSED TIME =    204697.882



 *****  MAPDL SOLUTION ROUTINE  *****

 *** MAPDL - ENGINEERING ANALYSIS SYSTEM  RELEASE 2026 R1.02       26.1     ***
 Ansys Mechanical Enterprise                       
 00000000  VERSION=WINDOWS x64   12:18:10  JUL 22, 2026 Elapsed Time= 204883.977

                                                                               

 Note - This MAPDL version was linked by Licensee

     HT FLOW CONVERGENCE VALUE=   56.45      CRITERION=  0.5421    
    EQUIL ITER   1 COMPLETED.  NEW TRIANG MATRIX.  MAX DOF INC=   6.541    
     HT FLOW CONVERGENCE VALUE=   2.415      CRITERION=  0.5453    
    EQUIL ITER   2 COMPLETED.  NEW TRIANG MATRIX.  MAX DOF INC= -0.4993    
     HT FLOW CONVERGENCE VALUE=  0.1576      CRITERION=  0.5451     <<< CONVERGED
    >>> SOLUTION CONVERGED AFTER EQUILIBRIUM ITERATION   2
 *** LOAD STEP   103   SUBSTEP     1  COMPLETED.    CUM ITER =    345
 *** TIME =   5.15000         TIME INC =  0.500000E-01
 *** RESPONSE EIGENVALUE = 0.2710       OSCILLATION LIMIT = 0.1355E-01

 *** NOTE ***                            ELAPSED TIME =  205904.448   TIME= 12:35:10
 The number of multiframe restart files exceeds 4, a user specified      
 limit.  The .Rnnn file numbering will be reset to 1.                    

 *** NOTE ***                            ELAPSED TIME =  205914.403   TIME= 12:35:20
 During this loadstep the PCG iterative solver took more than 1000       
 iterations to solve the system of equations.  In the future it may be   
 more efficient to choose a direct solver, such as the SPARSE solver,    
 for this analysis.                                                      

 FINISH SOLUTION PROCESSING


 ***** ROUTINE COMPLETED *****  ELAPSED TIME =    208208.418



 *****  MAPDL SOLUTION ROUTINE  *****

 *** MAPDL - ENGINEERING ANALYSIS SYSTEM  RELEASE 2026 R1.02       26.1     ***
 Ansys Mechanical Enterprise                       
 00000000  VERSION=WINDOWS x64   13:16:55  JUL 22, 2026 Elapsed Time= 208409.481

                                                                               

 Note - This MAPDL version was linked by Licensee

     HT FLOW CONVERGENCE VALUE=   56.30      CRITERION=  0.5423    
    EQUIL ITER   1 COMPLETED.  NEW TRIANG MATRIX.  MAX DOF INC=   6.501    
     HT FLOW CONVERGENCE VALUE=   2.394      CRITERION=  0.5454    
    EQUIL ITER   2 COMPLETED.  NEW TRIANG MATRIX.  MAX DOF INC= -0.4862    
     HT FLOW CONVERGENCE VALUE=  0.1558      CRITERION=  0.5453     <<< CONVERGED
    >>> SOLUTION CONVERGED AFTER EQUILIBRIUM ITERATION   2
 *** LOAD STEP   104   SUBSTEP     1  COMPLETED.    CUM ITER =    348
 *** TIME =   5.20000         TIME INC =  0.500000E-01
 *** RESPONSE EIGENVALUE = 0.2696       OSCILLATION LIMIT = 0.1348E-01

 *** NOTE ***                            ELAPSED TIME =  209151.459   TIME= 13:29:17
 The number of multiframe restart files exceeds 4, a user specified      
 limit.  The .Rnnn file numbering will be reset to 1.                    

 *** NOTE ***                            ELAPSED TIME =  209157.983   TIME= 13:29:24
 During this loadstep the PCG iterative solver took more than 1000       
 iterations to solve the system of equations.  In the future it may be   
 more efficient to choose a direct solver, such as the SPARSE solver,    
 for this analysis.                                                      

 FINISH SOLUTION PROCESSING


 ***** ROUTINE COMPLETED *****  ELAPSED TIME =    211917.293



 *****  MAPDL SOLUTION ROUTINE  *****

 *** MAPDL - ENGINEERING ANALYSIS SYSTEM  RELEASE 2026 R1.02       26.1     ***
 Ansys Mechanical Enterprise                       
 00000000  VERSION=WINDOWS x64   14:39:10  JUL 22, 2026 Elapsed Time= 213344.389

                                                                               

 Note - This MAPDL version was linked by Licensee

     HT FLOW CONVERGENCE VALUE=   56.14      CRITERION=  0.5424    
    EQUIL ITER   1 COMPLETED.  NEW TRIANG MATRIX.  MAX DOF INC=   6.464    
     HT FLOW CONVERGENCE VALUE=   2.374      CRITERION=  0.5456    
    EQUIL ITER   2 COMPLETED.  NEW TRIANG MATRIX.  MAX DOF INC= -0.4853    
     HT FLOW CONVERGENCE VALUE=  0.1540      CRITERION=  0.5455     <<< CONVERGED
    >>> SOLUTION CONVERGED AFTER EQUILIBRIUM ITERATION   2
 *** LOAD STEP   105   SUBSTEP     1  COMPLETED.    CUM ITER =    351
 *** TIME =   5.25000         TIME INC =  0.500000E-01
 *** RESPONSE EIGENVALUE = 0.2681       OSCILLATION LIMIT = 0.1341E-01

 *** NOTE ***                            ELAPSED TIME =  214432.989   TIME= 14:57:19
 The number of multiframe restart files exceeds 4, a user specified      
 limit.  The .Rnnn file numbering will be reset to 1.                    

 *** NOTE ***                            ELAPSED TIME =  214440.360   TIME= 14:57:26
 During this loadstep the PCG iterative solver took more than 1000       
 iterations to solve the system of equations.  In the future it may be   
 more efficient to choose a direct solver, such as the SPARSE solver,    
 for this analysis.                                                      

 FINISH SOLUTION PROCESSING


 ***** ROUTINE COMPLETED *****  ELAPSED TIME =    217112.055



 *****  MAPDL SOLUTION ROUTINE  *****

 *** MAPDL - ENGINEERING ANALYSIS SYSTEM  RELEASE 2026 R1.02       26.1     ***
 Ansys Mechanical Enterprise                       
 00000000  VERSION=WINDOWS x64   15:46:50  JUL 22, 2026 Elapsed Time= 217403.592

                                                                               

 Note - This MAPDL version was linked by Licensee

     HT FLOW CONVERGENCE VALUE=   56.00      CRITERION=  0.5426    
    EQUIL ITER   1 COMPLETED.  NEW TRIANG MATRIX.  MAX DOF INC=   6.424    
     HT FLOW CONVERGENCE VALUE=   2.355      CRITERION=  0.5457    
    EQUIL ITER   2 COMPLETED.  NEW TRIANG MATRIX.  MAX DOF INC= -0.4796    
     HT FLOW CONVERGENCE VALUE=  0.1524      CRITERION=  0.5456     <<< CONVERGED
    >>> SOLUTION CONVERGED AFTER EQUILIBRIUM ITERATION   2
 *** LOAD STEP   106   SUBSTEP     1  COMPLETED.    CUM ITER =    354
 *** TIME =   5.30000         TIME INC =  0.500000E-01
 *** RESPONSE EIGENVALUE = 0.2667       OSCILLATION LIMIT = 0.1334E-01

 *** NOTE ***                            ELAPSED TIME =  218309.015   TIME= 16:01:55
 The number of multiframe restart files exceeds 4, a user specified      
 limit.  The .Rnnn file numbering will be reset to 1.                    

 *** NOTE ***                            ELAPSED TIME =  218316.750   TIME= 16:02:03
 During this loadstep the PCG iterative solver took more than 1000       
 iterations to solve the system of equations.  In the future it may be   
 more efficient to choose a direct solver, such as the SPARSE solver,    
 for this analysis.                                                      

 FINISH SOLUTION PROCESSING


 ***** ROUTINE COMPLETED *****  ELAPSED TIME =    220749.320



 *****  MAPDL SOLUTION ROUTINE  *****

 *** MAPDL - ENGINEERING ANALYSIS SYSTEM  RELEASE 2026 R1.02       26.1     ***
 Ansys Mechanical Enterprise                       
 00000000  VERSION=WINDOWS x64   16:46:50  JUL 22, 2026 Elapsed Time= 221004.017

                                                                               

 Note - This MAPDL version was linked by Licensee

     HT FLOW CONVERGENCE VALUE=   55.85      CRITERION=  0.5427    
    EQUIL ITER   1 COMPLETED.  NEW TRIANG MATRIX.  MAX DOF INC=   6.383    
     HT FLOW CONVERGENCE VALUE=   2.337      CRITERION=  0.5459    
    EQUIL ITER   2 COMPLETED.  NEW TRIANG MATRIX.  MAX DOF INC= -0.4788    
     HT FLOW CONVERGENCE VALUE=  0.1508      CRITERION=  0.5458     <<< CONVERGED
    >>> SOLUTION CONVERGED AFTER EQUILIBRIUM ITERATION   2
 *** LOAD STEP   107   SUBSTEP     1  COMPLETED.    CUM ITER =    357
 *** TIME =   5.35000         TIME INC =  0.500000E-01
 *** RESPONSE EIGENVALUE = 0.2654       OSCILLATION LIMIT = 0.1327E-01

 *** NOTE ***                            ELAPSED TIME =  221901.907   TIME= 17:01:48
 The number of multiframe restart files exceeds 4, a user specified      
 limit.  The .Rnnn file numbering will be reset to 1.                    

 *** NOTE ***                            ELAPSED TIME =  221909.011   TIME= 17:01:55
 During this loadstep the PCG iterative solver took more than 1000       
 iterations to solve the system of equations.  In the future it may be   
 more efficient to choose a direct solver, such as the SPARSE solver,    
 for this analysis.                                                      

 FINISH SOLUTION PROCESSING


 ***** ROUTINE COMPLETED *****  ELAPSED TIME =    224032.742



 *****  MAPDL SOLUTION ROUTINE  *****

 *** MAPDL - ENGINEERING ANALYSIS SYSTEM  RELEASE 2026 R1.02       26.1     ***
 Ansys Mechanical Enterprise                       
 00000000  VERSION=WINDOWS x64   17:40:48  JUL 22, 2026 Elapsed Time= 224241.730

                                                                               

 Note - This MAPDL version was linked by Licensee

     HT FLOW CONVERGENCE VALUE=   55.71      CRITERION=  0.5429    
    EQUIL ITER   1 COMPLETED.  NEW TRIANG MATRIX.  MAX DOF INC=   6.341    
     HT FLOW CONVERGENCE VALUE=   2.317      CRITERION=  0.5460    
    EQUIL ITER   2 COMPLETED.  NEW TRIANG MATRIX.  MAX DOF INC= -0.4813    
     HT FLOW CONVERGENCE VALUE=  0.1491      CRITERION=  0.5459     <<< CONVERGED
    >>> SOLUTION CONVERGED AFTER EQUILIBRIUM ITERATION   2
 *** LOAD STEP   108   SUBSTEP     1  COMPLETED.    CUM ITER =    360
 *** TIME =   5.40000         TIME INC =  0.500000E-01
 *** RESPONSE EIGENVALUE = 0.2640       OSCILLATION LIMIT = 0.1320E-01

 *** NOTE ***                            ELAPSED TIME =  225133.008   TIME= 17:55:39
 The number of multiframe restart files exceeds 4, a user specified      
 limit.  The .Rnnn file numbering will be reset to 1.                    

 *** NOTE ***                            ELAPSED TIME =  225140.118   TIME= 17:55:46
 During this loadstep the PCG iterative solver took more than 1000       
 iterations to solve the system of equations.  In the future it may be   
 more efficient to choose a direct solver, such as the SPARSE solver,    
 for this analysis.                                                      

 FINISH SOLUTION PROCESSING


 ***** ROUTINE COMPLETED *****  ELAPSED TIME =    227353.445



 *****  MAPDL SOLUTION ROUTINE  *****

 *** MAPDL - ENGINEERING ANALYSIS SYSTEM  RELEASE 2026 R1.02       26.1     ***
 Ansys Mechanical Enterprise                       
 00000000  VERSION=WINDOWS x64   18:35:59  JUL 22, 2026 Elapsed Time= 227553.343

                                                                               

 Note - This MAPDL version was linked by Licensee

     HT FLOW CONVERGENCE VALUE=   55.57      CRITERION=  0.5430    
    EQUIL ITER   1 COMPLETED.  NEW TRIANG MATRIX.  MAX DOF INC=   6.300    
     HT FLOW CONVERGENCE VALUE=   2.297      CRITERION=  0.5462    
    EQUIL ITER   2 COMPLETED.  NEW TRIANG MATRIX.  MAX DOF INC= -0.4673    
     HT FLOW CONVERGENCE VALUE=  0.1475      CRITERION=  0.5460     <<< CONVERGED
    >>> SOLUTION CONVERGED AFTER EQUILIBRIUM ITERATION   2
 *** LOAD STEP   109   SUBSTEP     1  COMPLETED.    CUM ITER =    363
 *** TIME =   5.45000         TIME INC =  0.500000E-01
 *** RESPONSE EIGENVALUE = 0.2627       OSCILLATION LIMIT = 0.1313E-01

 *** NOTE ***                            ELAPSED TIME =  228523.483   TIME= 18:52:09
 The number of multiframe restart files exceeds 4, a user specified      
 limit.  The .Rnnn file numbering will be reset to 1.                    

 *** NOTE ***                            ELAPSED TIME =  228532.316   TIME= 18:52:18
 During this loadstep the PCG iterative solver took more than 1000       
 iterations to solve the system of equations.  In the future it may be   
 more efficient to choose a direct solver, such as the SPARSE solver,    
 for this analysis.                                                      

 FINISH SOLUTION PROCESSING


 ***** ROUTINE COMPLETED *****  ELAPSED TIME =    230900.977



 *****  MAPDL SOLUTION ROUTINE  *****

 *** MAPDL - ENGINEERING ANALYSIS SYSTEM  RELEASE 2026 R1.02       26.1     ***
 Ansys Mechanical Enterprise                       
 00000000  VERSION=WINDOWS x64   19:35:23  JUL 22, 2026 Elapsed Time= 231117.431

                                                                               

 Note - This MAPDL version was linked by Licensee

     HT FLOW CONVERGENCE VALUE=   55.44      CRITERION=  0.5432    
    EQUIL ITER   1 COMPLETED.  NEW TRIANG MATRIX.  MAX DOF INC=   6.271    
     HT FLOW CONVERGENCE VALUE=   2.277      CRITERION=  0.5463    
    EQUIL ITER   2 COMPLETED.  NEW TRIANG MATRIX.  MAX DOF INC= -0.4626    
     HT FLOW CONVERGENCE VALUE=  0.1459      CRITERION=  0.5462     <<< CONVERGED
    >>> SOLUTION CONVERGED AFTER EQUILIBRIUM ITERATION   2
 *** LOAD STEP   110   SUBSTEP     1  COMPLETED.    CUM ITER =    366
 *** TIME =   5.50000         TIME INC =  0.500000E-01
 *** RESPONSE EIGENVALUE = 0.2614       OSCILLATION LIMIT = 0.1307E-01

 *** NOTE ***                            ELAPSED TIME =  232095.412   TIME= 19:51:41
 The number of multiframe restart files exceeds 4, a user specified      
 limit.  The .Rnnn file numbering will be reset to 1.                    

 *** NOTE ***                            ELAPSED TIME =  232103.097   TIME= 19:51:49
 During this loadstep the PCG iterative solver took more than 1000       
 iterations to solve the system of equations.  In the future it may be   
 more efficient to choose a direct solver, such as the SPARSE solver,    
 for this analysis.                                                      

 FINISH SOLUTION PROCESSING


 ***** ROUTINE COMPLETED *****  ELAPSED TIME =    234491.724



 *****  MAPDL SOLUTION ROUTINE  *****

 *** MAPDL - ENGINEERING ANALYSIS SYSTEM  RELEASE 2026 R1.02       26.1     ***
 Ansys Mechanical Enterprise                       
 00000000  VERSION=WINDOWS x64   20:34:44  JUL 22, 2026 Elapsed Time= 234678.349

                                                                               

 Note - This MAPDL version was linked by Licensee

     HT FLOW CONVERGENCE VALUE=   55.31      CRITERION=  0.5433    
    EQUIL ITER   1 COMPLETED.  NEW TRIANG MATRIX.  MAX DOF INC=   6.239    
     HT FLOW CONVERGENCE VALUE=   2.257      CRITERION=  0.5464    
    EQUIL ITER   2 COMPLETED.  NEW TRIANG MATRIX.  MAX DOF INC= -0.4627    
     HT FLOW CONVERGENCE VALUE=  0.1442      CRITERION=  0.5463     <<< CONVERGED
    >>> SOLUTION CONVERGED AFTER EQUILIBRIUM ITERATION   2
 *** LOAD STEP   111   SUBSTEP     1  COMPLETED.    CUM ITER =    369
 *** TIME =   5.55000         TIME INC =  0.500000E-01
 *** RESPONSE EIGENVALUE = 0.2601       OSCILLATION LIMIT = 0.1301E-01

 *** NOTE ***                            ELAPSED TIME =  235625.437   TIME= 20:50:31
 The number of multiframe restart files exceeds 4, a user specified      
 limit.  The .Rnnn file numbering will be reset to 1.                    

 *** NOTE ***                            ELAPSED TIME =  235633.054   TIME= 20:50:39
 During this loadstep the PCG iterative solver took more than 1000       
 iterations to solve the system of equations.  In the future it may be   
 more efficient to choose a direct solver, such as the SPARSE solver,    
 for this analysis.                                                      

 FINISH SOLUTION PROCESSING


 ***** ROUTINE COMPLETED *****  ELAPSED TIME =    237965.637



 *****  MAPDL SOLUTION ROUTINE  *****

 *** MAPDL - ENGINEERING ANALYSIS SYSTEM  RELEASE 2026 R1.02       26.1     ***
 Ansys Mechanical Enterprise                       
 00000000  VERSION=WINDOWS x64   21:32:40  JUL 22, 2026 Elapsed Time= 238154.119

                                                                               

 Note - This MAPDL version was linked by Licensee

     HT FLOW CONVERGENCE VALUE=   55.18      CRITERION=  0.5435    
    EQUIL ITER   1 COMPLETED.  NEW TRIANG MATRIX.  MAX DOF INC=   6.204    
     HT FLOW CONVERGENCE VALUE=   2.235      CRITERION=  0.5466    
    EQUIL ITER   2 COMPLETED.  NEW TRIANG MATRIX.  MAX DOF INC= -0.4538    
     HT FLOW CONVERGENCE VALUE=  0.1425      CRITERION=  0.5465     <<< CONVERGED
    >>> SOLUTION CONVERGED AFTER EQUILIBRIUM ITERATION   2
 *** LOAD STEP   112   SUBSTEP     1  COMPLETED.    CUM ITER =    372
 *** TIME =   5.60000         TIME INC =  0.500000E-01
 *** RESPONSE EIGENVALUE = 0.2588       OSCILLATION LIMIT = 0.1294E-01

 *** NOTE ***                            ELAPSED TIME =  239001.451   TIME= 21:46:47
 The number of multiframe restart files exceeds 4, a user specified      
 limit.  The .Rnnn file numbering will be reset to 1.                    

 *** NOTE ***                            ELAPSED TIME =  239009.633   TIME= 21:46:56
 During this loadstep the PCG iterative solver took more than 1000       
 iterations to solve the system of equations.  In the future it may be   
 more efficient to choose a direct solver, such as the SPARSE solver,    
 for this analysis.                                                      

 FINISH SOLUTION PROCESSING


 ***** ROUTINE COMPLETED *****  ELAPSED TIME =    241520.710



 *****  MAPDL SOLUTION ROUTINE  *****

 *** MAPDL - ENGINEERING ANALYSIS SYSTEM  RELEASE 2026 R1.02       26.1     ***
 Ansys Mechanical Enterprise                       
 00000000  VERSION=WINDOWS x64   22:32:14  JUL 22, 2026 Elapsed Time= 241727.658

                                                                               

 Note - This MAPDL version was linked by Licensee

     HT FLOW CONVERGENCE VALUE=   55.06      CRITERION=  0.5436    
    EQUIL ITER   1 COMPLETED.  NEW TRIANG MATRIX.  MAX DOF INC=   6.180    
     HT FLOW CONVERGENCE VALUE=   2.213      CRITERION=  0.5467    
    EQUIL ITER   2 COMPLETED.  NEW TRIANG MATRIX.  MAX DOF INC= -0.4490    
     HT FLOW CONVERGENCE VALUE=  0.1407      CRITERION=  0.5466     <<< CONVERGED
    >>> SOLUTION CONVERGED AFTER EQUILIBRIUM ITERATION   2
 *** LOAD STEP   113   SUBSTEP     1  COMPLETED.    CUM ITER =    375
 *** TIME =   5.65000         TIME INC =  0.500000E-01
 *** RESPONSE EIGENVALUE = 0.2576       OSCILLATION LIMIT = 0.1288E-01

 *** NOTE ***                            ELAPSED TIME =  242698.241   TIME= 22:48:24
 The number of multiframe restart files exceeds 4, a user specified      
 limit.  The .Rnnn file numbering will be reset to 1.                    

 *** NOTE ***                            ELAPSED TIME =  242705.541   TIME= 22:48:32
 During this loadstep the PCG iterative solver took more than 1000       
 iterations to solve the system of equations.  In the future it may be   
 more efficient to choose a direct solver, such as the SPARSE solver,    
 for this analysis.                                                      

 FINISH SOLUTION PROCESSING


 ***** ROUTINE COMPLETED *****  ELAPSED TIME =    245073.358



 *****  MAPDL SOLUTION ROUTINE  *****

 *** MAPDL - ENGINEERING ANALYSIS SYSTEM  RELEASE 2026 R1.02       26.1     ***
 Ansys Mechanical Enterprise                       
 00000000  VERSION=WINDOWS x64   23:31:22  JUL 22, 2026 Elapsed Time= 245275.496

                                                                               

 Note - This MAPDL version was linked by Licensee

     HT FLOW CONVERGENCE VALUE=   54.94      CRITERION=  0.5438    
    EQUIL ITER   1 COMPLETED.  NEW TRIANG MATRIX.  MAX DOF INC=   6.161    
     HT FLOW CONVERGENCE VALUE=   2.190      CRITERION=  0.5468    
    EQUIL ITER   2 COMPLETED.  NEW TRIANG MATRIX.  MAX DOF INC= -0.4467    
     HT FLOW CONVERGENCE VALUE=  0.1389      CRITERION=  0.5467     <<< CONVERGED
    >>> SOLUTION CONVERGED AFTER EQUILIBRIUM ITERATION   2
 *** LOAD STEP   114   SUBSTEP     1  COMPLETED.    CUM ITER =    378
 *** TIME =   5.70000         TIME INC =  0.500000E-01
 *** RESPONSE EIGENVALUE = 0.2563       OSCILLATION LIMIT = 0.1282E-01

 *** NOTE ***                            ELAPSED TIME =  246198.456   TIME= 23:46:45
 The number of multiframe restart files exceeds 4, a user specified      
 limit.  The .Rnnn file numbering will be reset to 1.                    

 *** NOTE ***                            ELAPSED TIME =  246207.453   TIME= 23:46:54
 During this loadstep the PCG iterative solver took more than 1000       
 iterations to solve the system of equations.  In the future it may be   
 more efficient to choose a direct solver, such as the SPARSE solver,    
 for this analysis.                                                      

 FINISH SOLUTION PROCESSING


 ***** ROUTINE COMPLETED *****  ELAPSED TIME =    248683.610



 *****  MAPDL SOLUTION ROUTINE  *****

 *** MAPDL - ENGINEERING ANALYSIS SYSTEM  RELEASE 2026 R1.02       26.1     ***
 Ansys Mechanical Enterprise                       
 00000000  VERSION=WINDOWS x64   00:32:02  JUL 23, 2026 Elapsed Time= 248915.421

                                                                               

 Note - This MAPDL version was linked by Licensee

     HT FLOW CONVERGENCE VALUE=   54.82      CRITERION=  0.5439    
    EQUIL ITER   1 COMPLETED.  NEW TRIANG MATRIX.  MAX DOF INC=   6.137    
     HT FLOW CONVERGENCE VALUE=   2.165      CRITERION=  0.5470    
    EQUIL ITER   2 COMPLETED.  NEW TRIANG MATRIX.  MAX DOF INC= -0.4387    
     HT FLOW CONVERGENCE VALUE=  0.1370      CRITERION=  0.5469     <<< CONVERGED
    >>> SOLUTION CONVERGED AFTER EQUILIBRIUM ITERATION   2
 *** LOAD STEP   115   SUBSTEP     1  COMPLETED.    CUM ITER =    381
 *** TIME =   5.75000         TIME INC =  0.500000E-01
 *** RESPONSE EIGENVALUE = 0.2551       OSCILLATION LIMIT = 0.1275E-01

 *** NOTE ***                            ELAPSED TIME =  249869.853   TIME= 00:47:56
 The number of multiframe restart files exceeds 4, a user specified      
 limit.  The .Rnnn file numbering will be reset to 1.                    

 *** NOTE ***                            ELAPSED TIME =  249878.093   TIME= 00:48:04
 During this loadstep the PCG iterative solver took more than 1000       
 iterations to solve the system of equations.  In the future it may be   
 more efficient to choose a direct solver, such as the SPARSE solver,    
 for this analysis.                                                      

 FINISH SOLUTION PROCESSING


 ***** ROUTINE COMPLETED *****  ELAPSED TIME =    252346.516



 *****  MAPDL SOLUTION ROUTINE  *****

 *** MAPDL - ENGINEERING ANALYSIS SYSTEM  RELEASE 2026 R1.02       26.1     ***
 Ansys Mechanical Enterprise                       
 00000000  VERSION=WINDOWS x64   01:32:30  JUL 23, 2026 Elapsed Time= 252544.154

                                                                               

 Note - This MAPDL version was linked by Licensee

     HT FLOW CONVERGENCE VALUE=   54.70      CRITERION=  0.5441    
    EQUIL ITER   1 COMPLETED.  NEW TRIANG MATRIX.  MAX DOF INC=   6.106    
     HT FLOW CONVERGENCE VALUE=   2.138      CRITERION=  0.5471    
    EQUIL ITER   2 COMPLETED.  NEW TRIANG MATRIX.  MAX DOF INC= -0.4335    
     HT FLOW CONVERGENCE VALUE=  0.1349      CRITERION=  0.5470     <<< CONVERGED
    >>> SOLUTION CONVERGED AFTER EQUILIBRIUM ITERATION   2
 *** LOAD STEP   116   SUBSTEP     1  COMPLETED.    CUM ITER =    384
 *** TIME =   5.80000         TIME INC =  0.500000E-01
 *** RESPONSE EIGENVALUE = 0.2538       OSCILLATION LIMIT = 0.1269E-01

 *** NOTE ***                            ELAPSED TIME =  253384.787   TIME= 01:46:31
 The number of multiframe restart files exceeds 4, a user specified      
 limit.  The .Rnnn file numbering will be reset to 1.                    

 *** NOTE ***                            ELAPSED TIME =  253392.706   TIME= 01:46:39
 During this loadstep the PCG iterative solver took more than 1000       
 iterations to solve the system of equations.  In the future it may be   
 more efficient to choose a direct solver, such as the SPARSE solver,    
 for this analysis.                                                      

 FINISH SOLUTION PROCESSING


 ***** ROUTINE COMPLETED *****  ELAPSED TIME =    255840.585



 *****  MAPDL SOLUTION ROUTINE  *****

 *** MAPDL - ENGINEERING ANALYSIS SYSTEM  RELEASE 2026 R1.02       26.1     ***
 Ansys Mechanical Enterprise                       
 00000000  VERSION=WINDOWS x64   02:30:41  JUL 23, 2026 Elapsed Time= 256034.930

                                                                               

 Note - This MAPDL version was linked by Licensee

     HT FLOW CONVERGENCE VALUE=   54.59      CRITERION=  0.5442    
    EQUIL ITER   1 COMPLETED.  NEW TRIANG MATRIX.  MAX DOF INC=   6.073    
     HT FLOW CONVERGENCE VALUE=   2.110      CRITERION=  0.5472    
    EQUIL ITER   2 COMPLETED.  NEW TRIANG MATRIX.  MAX DOF INC= -0.4265    
     HT FLOW CONVERGENCE VALUE=  0.1329      CRITERION=  0.5471     <<< CONVERGED
    >>> SOLUTION CONVERGED AFTER EQUILIBRIUM ITERATION   2
 *** LOAD STEP   117   SUBSTEP     1  COMPLETED.    CUM ITER =    387
 *** TIME =   5.85000         TIME INC =  0.500000E-01
 *** RESPONSE EIGENVALUE = 0.2526       OSCILLATION LIMIT = 0.1263E-01

 *** NOTE ***                            ELAPSED TIME =  256923.149   TIME= 02:45:29
 The number of multiframe restart files exceeds 4, a user specified      
 limit.  The .Rnnn file numbering will be reset to 1.                    

 *** NOTE ***                            ELAPSED TIME =  256930.830   TIME= 02:45:37
 During this loadstep the PCG iterative solver took more than 1000       
 iterations to solve the system of equations.  In the future it may be   
 more efficient to choose a direct solver, such as the SPARSE solver,    
 for this analysis.                                                      

 FINISH SOLUTION PROCESSING


 ***** ROUTINE COMPLETED *****  ELAPSED TIME =    259502.056



 *****  MAPDL SOLUTION ROUTINE  *****

 *** MAPDL - ENGINEERING ANALYSIS SYSTEM  RELEASE 2026 R1.02       26.1     ***
 Ansys Mechanical Enterprise                       
 00000000  VERSION=WINDOWS x64   03:32:07  JUL 23, 2026 Elapsed Time= 259721.161

                                                                               

 Note - This MAPDL version was linked by Licensee

     HT FLOW CONVERGENCE VALUE=   54.48      CRITERION=  0.5443    
    EQUIL ITER   1 COMPLETED.  NEW TRIANG MATRIX.  MAX DOF INC=   6.039    
     HT FLOW CONVERGENCE VALUE=   2.084      CRITERION=  0.5474    
    EQUIL ITER   2 COMPLETED.  NEW TRIANG MATRIX.  MAX DOF INC= -0.4312    
     HT FLOW CONVERGENCE VALUE=  0.1311      CRITERION=  0.5473     <<< CONVERGED
    >>> SOLUTION CONVERGED AFTER EQUILIBRIUM ITERATION   2
 *** LOAD STEP   118   SUBSTEP     1  COMPLETED.    CUM ITER =    390
 *** TIME =   5.90000         TIME INC =  0.500000E-01
 *** RESPONSE EIGENVALUE = 0.2513       OSCILLATION LIMIT = 0.1256E-01

 *** NOTE ***                            ELAPSED TIME =  260595.754   TIME= 03:46:42
 The number of multiframe restart files exceeds 4, a user specified      
 limit.  The .Rnnn file numbering will be reset to 1.                    

 *** NOTE ***                            ELAPSED TIME =  260602.890   TIME= 03:46:49
 During this loadstep the PCG iterative solver took more than 1000       
 iterations to solve the system of equations.  In the future it may be   
 more efficient to choose a direct solver, such as the SPARSE solver,    
 for this analysis.                                                      

 FINISH SOLUTION PROCESSING


 ***** ROUTINE COMPLETED *****  ELAPSED TIME =    263028.395



 *****  MAPDL SOLUTION ROUTINE  *****

 *** MAPDL - ENGINEERING ANALYSIS SYSTEM  RELEASE 2026 R1.02       26.1     ***
 Ansys Mechanical Enterprise                       
 00000000  VERSION=WINDOWS x64   04:30:59  JUL 23, 2026 Elapsed Time= 263252.551

                                                                               

 Note - This MAPDL version was linked by Licensee

     HT FLOW CONVERGENCE VALUE=   54.38      CRITERION=  0.5445    
    EQUIL ITER   1 COMPLETED.  NEW TRIANG MATRIX.  MAX DOF INC=   6.005    
     HT FLOW CONVERGENCE VALUE=   2.059      CRITERION=  0.5475    
    EQUIL ITER   2 COMPLETED.  NEW TRIANG MATRIX.  MAX DOF INC= -0.4351    
     HT FLOW CONVERGENCE VALUE=  0.1293      CRITERION=  0.5474     <<< CONVERGED
    >>> SOLUTION CONVERGED AFTER EQUILIBRIUM ITERATION   2
 *** LOAD STEP   119   SUBSTEP     1  COMPLETED.    CUM ITER =    393
 *** TIME =   5.95000         TIME INC =  0.500000E-01
 *** RESPONSE EIGENVALUE = 0.2501       OSCILLATION LIMIT = 0.1250E-01

 *** NOTE ***                            ELAPSED TIME =  264224.069   TIME= 04:47:10
 The number of multiframe restart files exceeds 4, a user specified      
 limit.  The .Rnnn file numbering will be reset to 1.                    

 *** NOTE ***                            ELAPSED TIME =  264232.160   TIME= 04:47:18
 During this loadstep the PCG iterative solver took more than 1000       
 iterations to solve the system of equations.  In the future it may be   
 more efficient to choose a direct solver, such as the SPARSE solver,    
 for this analysis.                                                      

 FINISH SOLUTION PROCESSING


 ***** ROUTINE COMPLETED *****  ELAPSED TIME =    266659.552



 *****  MAPDL SOLUTION ROUTINE  *****

 *** MAPDL - ENGINEERING ANALYSIS SYSTEM  RELEASE 2026 R1.02       26.1     ***
 Ansys Mechanical Enterprise                       
 00000000  VERSION=WINDOWS x64   05:31:10  JUL 23, 2026 Elapsed Time= 266864.359

                                                                               

 Note - This MAPDL version was linked by Licensee

     HT FLOW CONVERGENCE VALUE=   54.27      CRITERION=  0.5446    
    EQUIL ITER   1 COMPLETED.  NEW TRIANG MATRIX.  MAX DOF INC=   5.966    
     HT FLOW CONVERGENCE VALUE=   2.036      CRITERION=  0.5477    
    EQUIL ITER   2 COMPLETED.  NEW TRIANG MATRIX.  MAX DOF INC= -0.4342    
     HT FLOW CONVERGENCE VALUE=  0.1276      CRITERION=  0.5475     <<< CONVERGED
    >>> SOLUTION CONVERGED AFTER EQUILIBRIUM ITERATION   2
 *** LOAD STEP   120   SUBSTEP     1  COMPLETED.    CUM ITER =    396
 *** TIME =   6.00000         TIME INC =  0.500000E-01
 *** RESPONSE EIGENVALUE = 0.2488       OSCILLATION LIMIT = 0.1244E-01

 *** NOTE ***                            ELAPSED TIME =  267737.325   TIME= 05:45:43
 The number of multiframe restart files exceeds 4, a user specified      
 limit.  The .Rnnn file numbering will be reset to 1.                    

 *** NOTE ***                            ELAPSED TIME =  267745.623   TIME= 05:45:52
 During this loadstep the PCG iterative solver took more than 1000       
 iterations to solve the system of equations.  In the future it may be   
 more efficient to choose a direct solver, such as the SPARSE solver,    
 for this analysis.                                                      

 FINISH SOLUTION PROCESSING


 ***** ROUTINE COMPLETED *****  ELAPSED TIME =    270269.114



 *****  MAPDL SOLUTION ROUTINE  *****

 *** MAPDL - ENGINEERING ANALYSIS SYSTEM  RELEASE 2026 R1.02       26.1     ***
 Ansys Mechanical Enterprise                       
 00000000  VERSION=WINDOWS x64   06:31:25  JUL 23, 2026 Elapsed Time= 270478.424

                                                                               

 Note - This MAPDL version was linked by Licensee

     HT FLOW CONVERGENCE VALUE=   54.17      CRITERION=  0.5448    
    EQUIL ITER   1 COMPLETED.  NEW TRIANG MATRIX.  MAX DOF INC=   5.924    
     HT FLOW CONVERGENCE VALUE=   2.014      CRITERION=  0.5478    
    EQUIL ITER   2 COMPLETED.  NEW TRIANG MATRIX.  MAX DOF INC= -0.4248    
     HT FLOW CONVERGENCE VALUE=  0.1260      CRITERION=  0.5477     <<< CONVERGED
    >>> SOLUTION CONVERGED AFTER EQUILIBRIUM ITERATION   2
 *** LOAD STEP   121   SUBSTEP     1  COMPLETED.    CUM ITER =    399
 *** TIME =   6.05000         TIME INC =  0.500000E-01
 *** RESPONSE EIGENVALUE = 0.2476       OSCILLATION LIMIT = 0.1238E-01

 *** NOTE ***                            ELAPSED TIME =  271410.643   TIME= 06:46:57
 The number of multiframe restart files exceeds 4, a user specified      
 limit.  The .Rnnn file numbering will be reset to 1.                    

 *** NOTE ***                            ELAPSED TIME =  271419.297   TIME= 06:47:05
 During this loadstep the PCG iterative solver took more than 1000       
 iterations to solve the system of equations.  In the future it may be   
 more efficient to choose a direct solver, such as the SPARSE solver,    
 for this analysis.                                                      

 FINISH SOLUTION PROCESSING


 ***** ROUTINE COMPLETED *****  ELAPSED TIME =    273963.216



 *****  MAPDL SOLUTION ROUTINE  *****

 *** MAPDL - ENGINEERING ANALYSIS SYSTEM  RELEASE 2026 R1.02       26.1     ***
 Ansys Mechanical Enterprise                       
 00000000  VERSION=WINDOWS x64   07:33:24  JUL 23, 2026 Elapsed Time= 274197.923

                                                                               

 Note - This MAPDL version was linked by Licensee

     HT FLOW CONVERGENCE VALUE=   54.07      CRITERION=  0.5449    
    EQUIL ITER   1 COMPLETED.  NEW TRIANG MATRIX.  MAX DOF INC=   5.884    
     HT FLOW CONVERGENCE VALUE=   1.995      CRITERION=  0.5479    
    EQUIL ITER   2 COMPLETED.  NEW TRIANG MATRIX.  MAX DOF INC= -0.4267    
     HT FLOW CONVERGENCE VALUE=  0.1245      CRITERION=  0.5478     <<< CONVERGED
    >>> SOLUTION CONVERGED AFTER EQUILIBRIUM ITERATION   2
 *** LOAD STEP   122   SUBSTEP     1  COMPLETED.    CUM ITER =    402
 *** TIME =   6.10000         TIME INC =  0.500000E-01
 *** RESPONSE EIGENVALUE = 0.2464       OSCILLATION LIMIT = 0.1232E-01

 *** NOTE ***                            ELAPSED TIME =  275053.461   TIME= 07:47:40
 The number of multiframe restart files exceeds 4, a user specified      
 limit.  The .Rnnn file numbering will be reset to 1.                    

 *** NOTE ***                            ELAPSED TIME =  275060.848   TIME= 07:47:47
 During this loadstep the PCG iterative solver took more than 1000       
 iterations to solve the system of equations.  In the future it may be   
 more efficient to choose a direct solver, such as the SPARSE solver,    
 for this analysis.                                                      

 FINISH SOLUTION PROCESSING


 ***** ROUTINE COMPLETED *****  ELAPSED TIME =    277665.166



 *****  MAPDL SOLUTION ROUTINE  *****

 *** MAPDL - ENGINEERING ANALYSIS SYSTEM  RELEASE 2026 R1.02       26.1     ***
 Ansys Mechanical Enterprise                       
 00000000  VERSION=WINDOWS x64   08:34:57  JUL 23, 2026 Elapsed Time= 277890.375

                                                                               

 Note - This MAPDL version was linked by Licensee

     HT FLOW CONVERGENCE VALUE=   53.98      CRITERION=  0.5451    
    EQUIL ITER   1 COMPLETED.  NEW TRIANG MATRIX.  MAX DOF INC=   5.842    
     HT FLOW CONVERGENCE VALUE=   1.978      CRITERION=  0.5481    
    EQUIL ITER   2 COMPLETED.  NEW TRIANG MATRIX.  MAX DOF INC= -0.4291    
     HT FLOW CONVERGENCE VALUE=  0.1232      CRITERION=  0.5479     <<< CONVERGED
    >>> SOLUTION CONVERGED AFTER EQUILIBRIUM ITERATION   2
 *** LOAD STEP   123   SUBSTEP     1  COMPLETED.    CUM ITER =    405
 *** TIME =   6.15000         TIME INC =  0.500000E-01
 *** RESPONSE EIGENVALUE = 0.2452       OSCILLATION LIMIT = 0.1226E-01

 *** NOTE ***                            ELAPSED TIME =  278807.070   TIME= 08:50:13
 The number of multiframe restart files exceeds 4, a user specified      
 limit.  The .Rnnn file numbering will be reset to 1.                    

 *** NOTE ***                            ELAPSED TIME =  278814.268   TIME= 08:50:20
 During this loadstep the PCG iterative solver took more than 1000       
 iterations to solve the system of equations.  In the future it may be   
 more efficient to choose a direct solver, such as the SPARSE solver,    
 for this analysis.                                                      

 FINISH SOLUTION PROCESSING


 ***** ROUTINE COMPLETED *****  ELAPSED TIME =    281389.587



 *****  MAPDL SOLUTION ROUTINE  *****

 *** MAPDL - ENGINEERING ANALYSIS SYSTEM  RELEASE 2026 R1.02       26.1     ***
 Ansys Mechanical Enterprise                       
 00000000  VERSION=WINDOWS x64   09:54:57  JUL 23, 2026 Elapsed Time= 282691.309

                                                                               

 Note - This MAPDL version was linked by Licensee

     HT FLOW CONVERGENCE VALUE=   53.88      CRITERION=  0.5452    
    EQUIL ITER   1 COMPLETED.  NEW TRIANG MATRIX.  MAX DOF INC=   5.800    
     HT FLOW CONVERGENCE VALUE=   1.961      CRITERION=  0.5482    
    EQUIL ITER   2 COMPLETED.  NEW TRIANG MATRIX.  MAX DOF INC= -0.4290    
     HT FLOW CONVERGENCE VALUE=  0.1218      CRITERION=  0.5481     <<< CONVERGED
    >>> SOLUTION CONVERGED AFTER EQUILIBRIUM ITERATION   2
 *** LOAD STEP   124   SUBSTEP     1  COMPLETED.    CUM ITER =    408
 *** TIME =   6.20000         TIME INC =  0.500000E-01
 *** RESPONSE EIGENVALUE = 0.2441       OSCILLATION LIMIT = 0.1220E-01

 *** NOTE ***                            ELAPSED TIME =  283885.702   TIME= 10:14:52
 The number of multiframe restart files exceeds 4, a user specified      
 limit.  The .Rnnn file numbering will be reset to 1.                    

 *** NOTE ***                            ELAPSED TIME =  283896.969   TIME= 10:15:03
 During this loadstep the PCG iterative solver took more than 1000       
 iterations to solve the system of equations.  In the future it may be   
 more efficient to choose a direct solver, such as the SPARSE solver,    
 for this analysis.                                                      

 FINISH SOLUTION PROCESSING


 ***** ROUTINE COMPLETED *****  ELAPSED TIME =    287874.427



 *****  MAPDL SOLUTION ROUTINE  *****

 *** MAPDL - ENGINEERING ANALYSIS SYSTEM  RELEASE 2026 R1.02       26.1     ***
 Ansys Mechanical Enterprise                       
 00000000  VERSION=WINDOWS x64   11:47:44  JUL 23, 2026 Elapsed Time= 289457.940

                                                                               

 Note - This MAPDL version was linked by Licensee

     HT FLOW CONVERGENCE VALUE=   53.79      CRITERION=  0.5454    
    EQUIL ITER   1 COMPLETED.  NEW TRIANG MATRIX.  MAX DOF INC=   5.762    
     HT FLOW CONVERGENCE VALUE=   1.944      CRITERION=  0.5483    
    EQUIL ITER   2 COMPLETED.  NEW TRIANG MATRIX.  MAX DOF INC= -0.4310    
     HT FLOW CONVERGENCE VALUE=  0.1204      CRITERION=  0.5482     <<< CONVERGED
    >>> SOLUTION CONVERGED AFTER EQUILIBRIUM ITERATION   2
 *** LOAD STEP   125   SUBSTEP     1  COMPLETED.    CUM ITER =    411
 *** TIME =   6.25000         TIME INC =  0.500000E-01
 *** RESPONSE EIGENVALUE = 0.2429       OSCILLATION LIMIT = 0.1215E-01

 *** NOTE ***                            ELAPSED TIME =  290406.335   TIME= 12:03:33
 The number of multiframe restart files exceeds 4, a user specified      
 limit.  The .Rnnn file numbering will be reset to 1.                    

 *** NOTE ***                            ELAPSED TIME =  290412.268   TIME= 12:03:38
 During this loadstep the PCG iterative solver took more than 1000       
 iterations to solve the system of equations.  In the future it may be   
 more efficient to choose a direct solver, such as the SPARSE solver,    
 for this analysis.                                                      

 FINISH SOLUTION PROCESSING


 ***** ROUTINE COMPLETED *****  ELAPSED TIME =    294204.296



 *****  MAPDL SOLUTION ROUTINE  *****

 *** MAPDL - ENGINEERING ANALYSIS SYSTEM  RELEASE 2026 R1.02       26.1     ***
 Ansys Mechanical Enterprise                       
 00000000  VERSION=WINDOWS x64   13:12:32  JUL 23, 2026 Elapsed Time= 294546.468

                                                                               

 Note - This MAPDL version was linked by Licensee

     HT FLOW CONVERGENCE VALUE=   53.70      CRITERION=  0.5455    
    EQUIL ITER   1 COMPLETED.  NEW TRIANG MATRIX.  MAX DOF INC=   5.731    
     HT FLOW CONVERGENCE VALUE=   1.928      CRITERION=  0.5485    
    EQUIL ITER   2 COMPLETED.  NEW TRIANG MATRIX.  MAX DOF INC= -0.4058    
     HT FLOW CONVERGENCE VALUE=  0.1191      CRITERION=  0.5484     <<< CONVERGED
    >>> SOLUTION CONVERGED AFTER EQUILIBRIUM ITERATION   2
 *** LOAD STEP   126   SUBSTEP     1  COMPLETED.    CUM ITER =    414
 *** TIME =   6.30000         TIME INC =  0.500000E-01
 *** RESPONSE EIGENVALUE = 0.2418       OSCILLATION LIMIT = 0.1209E-01

 *** NOTE ***                            ELAPSED TIME =  295531.443   TIME= 13:28:57
 The number of multiframe restart files exceeds 4, a user specified      
 limit.  The .Rnnn file numbering will be reset to 1.                    

 *** NOTE ***                            ELAPSED TIME =  295540.836   TIME= 13:29:07
 During this loadstep the PCG iterative solver took more than 1000       
 iterations to solve the system of equations.  In the future it may be   
 more efficient to choose a direct solver, such as the SPARSE solver,    
 for this analysis.                                                      

 FINISH SOLUTION PROCESSING


 ***** ROUTINE COMPLETED *****  ELAPSED TIME =    298374.480



 *****  MAPDL SOLUTION ROUTINE  *****

 *** MAPDL - ENGINEERING ANALYSIS SYSTEM  RELEASE 2026 R1.02       26.1     ***
 Ansys Mechanical Enterprise                       
 00000000  VERSION=WINDOWS x64   14:21:18  JUL 23, 2026 Elapsed Time= 298672.316

                                                                               

 Note - This MAPDL version was linked by Licensee

     HT FLOW CONVERGENCE VALUE=   53.61      CRITERION=  0.5456    
    EQUIL ITER   1 COMPLETED.  NEW TRIANG MATRIX.  MAX DOF INC=   5.699    
     HT FLOW CONVERGENCE VALUE=   1.912      CRITERION=  0.5486    
    EQUIL ITER   2 COMPLETED.  NEW TRIANG MATRIX.  MAX DOF INC= -0.3996    
     HT FLOW CONVERGENCE VALUE=  0.1178      CRITERION=  0.5485     <<< CONVERGED
    >>> SOLUTION CONVERGED AFTER EQUILIBRIUM ITERATION   2
 *** LOAD STEP   127   SUBSTEP     1  COMPLETED.    CUM ITER =    417
 *** TIME =   6.35000         TIME INC =  0.500000E-01
 *** RESPONSE EIGENVALUE = 0.2408       OSCILLATION LIMIT = 0.1204E-01

 *** NOTE ***                            ELAPSED TIME =  299456.563   TIME= 14:34:22
 The number of multiframe restart files exceeds 4, a user specified      
 limit.  The .Rnnn file numbering will be reset to 1.                    

 *** NOTE ***                            ELAPSED TIME =  299465.077   TIME= 14:34:31
 During this loadstep the PCG iterative solver took more than 1000       
 iterations to solve the system of equations.  In the future it may be   
 more efficient to choose a direct solver, such as the SPARSE solver,    
 for this analysis.                                                      

 FINISH SOLUTION PROCESSING


 ***** ROUTINE COMPLETED *****  ELAPSED TIME =    301915.240



 *****  MAPDL SOLUTION ROUTINE  *****

 *** MAPDL - ENGINEERING ANALYSIS SYSTEM  RELEASE 2026 R1.02       26.1     ***
 Ansys Mechanical Enterprise                       
 00000000  VERSION=WINDOWS x64   15:20:31  JUL 23, 2026 Elapsed Time= 302224.884

                                                                               

 Note - This MAPDL version was linked by Licensee

     HT FLOW CONVERGENCE VALUE=   53.52      CRITERION=  0.5458    
    EQUIL ITER   1 COMPLETED.  NEW TRIANG MATRIX.  MAX DOF INC=   5.667    
     HT FLOW CONVERGENCE VALUE=   1.898      CRITERION=  0.5488    
    EQUIL ITER   2 COMPLETED.  NEW TRIANG MATRIX.  MAX DOF INC= -0.3951    
     HT FLOW CONVERGENCE VALUE=  0.1166      CRITERION=  0.5486     <<< CONVERGED
    >>> SOLUTION CONVERGED AFTER EQUILIBRIUM ITERATION   2
 *** LOAD STEP   128   SUBSTEP     1  COMPLETED.    CUM ITER =    420
 *** TIME =   6.40000         TIME INC =  0.500000E-01
 *** RESPONSE EIGENVALUE = 0.2397       OSCILLATION LIMIT = 0.1199E-01

 *** NOTE ***                            ELAPSED TIME =  303089.312   TIME= 15:34:55
 The number of multiframe restart files exceeds 4, a user specified      
 limit.  The .Rnnn file numbering will be reset to 1.                    

 *** NOTE ***                            ELAPSED TIME =  303121.865   TIME= 15:35:28
 During this loadstep the PCG iterative solver took more than 1000       
 iterations to solve the system of equations.  In the future it may be   
 more efficient to choose a direct solver, such as the SPARSE solver,    
 for this analysis.                                                      

 FINISH SOLUTION PROCESSING


 ***** ROUTINE COMPLETED *****  ELAPSED TIME =    306978.533



 *****  MAPDL SOLUTION ROUTINE  *****

 *** MAPDL - ENGINEERING ANALYSIS SYSTEM  RELEASE 2026 R1.02       26.1     ***
 Ansys Mechanical Enterprise                       
 00000000  VERSION=WINDOWS x64   16:44:55  JUL 23, 2026 Elapsed Time= 307288.751

                                                                               

 Note - This MAPDL version was linked by Licensee

     HT FLOW CONVERGENCE VALUE=   53.44      CRITERION=  0.5459    
    EQUIL ITER   1 COMPLETED.  NEW TRIANG MATRIX.  MAX DOF INC=   5.640    
     HT FLOW CONVERGENCE VALUE=   1.883      CRITERION=  0.5489    
    EQUIL ITER   2 COMPLETED.  NEW TRIANG MATRIX.  MAX DOF INC= -0.3955    
     HT FLOW CONVERGENCE VALUE=  0.1153      CRITERION=  0.5488     <<< CONVERGED
    >>> SOLUTION CONVERGED AFTER EQUILIBRIUM ITERATION   2
 *** LOAD STEP   129   SUBSTEP     1  COMPLETED.    CUM ITER =    423
 *** TIME =   6.45000         TIME INC =  0.500000E-01
 *** RESPONSE EIGENVALUE = 0.2387       OSCILLATION LIMIT = 0.1193E-01

 *** NOTE ***                            ELAPSED TIME =  308341.898   TIME= 17:02:28
 The number of multiframe restart files exceeds 4, a user specified      
 limit.  The .Rnnn file numbering will be reset to 1.                    

 *** NOTE ***                            ELAPSED TIME =  308350.865   TIME= 17:02:37
 During this loadstep the PCG iterative solver took more than 1000       
 iterations to solve the system of equations.  In the future it may be   
 more efficient to choose a direct solver, such as the SPARSE solver,    
 for this analysis.                                                      

 FINISH SOLUTION PROCESSING


 ***** ROUTINE COMPLETED *****  ELAPSED TIME =    311172.452



 *****  MAPDL SOLUTION ROUTINE  *****

 *** MAPDL - ENGINEERING ANALYSIS SYSTEM  RELEASE 2026 R1.02       26.1     ***
 Ansys Mechanical Enterprise                       
 00000000  VERSION=WINDOWS x64   17:54:33  JUL 23, 2026 Elapsed Time= 311467.157

                                                                               

 Note - This MAPDL version was linked by Licensee

     HT FLOW CONVERGENCE VALUE=   53.36      CRITERION=  0.5461    
    EQUIL ITER   1 COMPLETED.  NEW TRIANG MATRIX.  MAX DOF INC=   5.615    
     HT FLOW CONVERGENCE VALUE=   1.867      CRITERION=  0.5490    
    EQUIL ITER   2 COMPLETED.  NEW TRIANG MATRIX.  MAX DOF INC= -0.3946    
     HT FLOW CONVERGENCE VALUE=  0.1141      CRITERION=  0.5489     <<< CONVERGED
    >>> SOLUTION CONVERGED AFTER EQUILIBRIUM ITERATION   2
 *** LOAD STEP   130   SUBSTEP     1  COMPLETED.    CUM ITER =    426
 *** TIME =   6.50000         TIME INC =  0.500000E-01
 *** RESPONSE EIGENVALUE = 0.2376       OSCILLATION LIMIT = 0.1188E-01

 *** NOTE ***                            ELAPSED TIME =  312367.034   TIME= 18:09:33
 The number of multiframe restart files exceeds 4, a user specified      
 limit.  The .Rnnn file numbering will be reset to 1.                    

 *** NOTE ***                            ELAPSED TIME =  312374.828   TIME= 18:09:41
 During this loadstep the PCG iterative solver took more than 1000       
 iterations to solve the system of equations.  In the future it may be   
 more efficient to choose a direct solver, such as the SPARSE solver,    
 for this analysis.                                                      

 FINISH SOLUTION PROCESSING
