element,damage_top,damage_mid,damage_bot,peeq_bot,seqv_bot,z_mm
       1.,  0.00000000E+00,  0.00000000E+00,  0.00000000E+00,  0.00000000E+00,  0.15409296E+02, -0.11976790E+01
       2.,  0.00000000E+00,  0.00000000E+00,  0.00000000E+00,  0.00000000E+00,  0.16005888E+02, -0.11976790E+01
       3.,  0.00000000E+00,  0.00000000E+00,  0.00000000E+00,  0.00000000E+00,  0.15748658E+02, -0.11976790E+01
       4.,  0.00000000E+00,  0.00000000E+00,  0.00000000E+00,  0.00000000E+00,  0.14204722E+02, -0.11976790E+01
       5.,  0.00000000E+00,  0.00000000E+00,  0.00000000E+00,  0.00000000E+00,  0.11430480E+02, -0.11976790E+01
       6.,  0.00000000E+00,  0.00000000E+00,  0.00000000E+00,  0.00000000E+00,  0.79629328E+01, -0.11976790E+01
       7.,  0.00000000E+00,  0.00000000E+00,  0.00000000E+00,  0.00000000E+00,  0.54798926E+01, -0.11976790E+01
       8.,  0.00000000E+00,  0.00000000E+00,  0.00000000E+00,  0.00000000E+00,  0.58513474E+01, -0.11976790E+01
       9.,  0.00000000E+00,  0.00000000E+00,  0.00000000E+00,  0.00000000E+00,  0.68339751E+01, -0.11976790E+01
      10.,  0.00000000E+00,  0.00000000E+00,  0.00000000E+00,  0.00000000E+00,  0.66230773E+01, -0.11976790E+01
      11.,  0.00000000E+00,  0.00000000E+00,  0.00000000E+00,  0.00000000E+00,  0.55001114E+01, -0.11976790E+01
      12.,  0.00000000E+00,  0.00000000E+00,  0.00000000E+00,  0.00000000E+00,  0.44301336E+01, -0.11976790E+01
      13.,  0.00000000E+00,  0.00000000E+00,  0.00000000E+00,  0.00000000E+00,  0.40234898E+01, -0.11976790E+01
      14.,  0.00000000E+00,  0.00000000E+00,  0.00000000E+00,  0.00000000E+00,  0.40139347E+01, -0.11976790E+01
      15.,  0.00000000E+00,  0.00000000E+00,  0.00000000E+00,  0.00000000E+00,  0.40733641E+01, -0.11976790E+01
      16.,  0.00000000E+00,  0.00000000E+00,  0.00000000E+00,  0.00000000E+00,  0.38631574E+01, -0.11976790E+01
      17.,  0.00000000E+00,  0.00000000E+00,  0.00000000E+00,  0.00000000E+00,  0.34545121E+01, -0.11976790E+01
      18.,  0.00000000E+00,  0.00000000E+00,  0.00000000E+00,  0.00000000E+00,  0.29396177E+01, -0.11976790E+01
      19.,  0.00000000E+00,  0.00000000E+00,  0.00000000E+00,  0.00000000E+00,  0.21254379E+01, -0.11976790E+01
      20.,  0.00000000E+00,  0.00000000E+00,  0.00000000E+00,  0.00000000E+00,  0.14568681E+01, -0.11976790E+01
      21.,  0.00000000E+00,  0.00000000E+00,  0.00000000E+00,  0.00000000E+00,  0.11164850E+01, -0.11976790E+01
      22.,  0.00000000E+00,  0.00000000E+00,  0.00000000E+00,  0.00000000E+00,  0.11899807E+01, -0.11976790E+01
      23.,  0.00000000E+00,  0.00000000E+00,  0.00000000E+00,  0.00000000E+00,  0.12604050E+01, -0.11976790E+01
      24.,  0.00000000E+00,  0.00000000E+00,  0.00000000E+00,  0.00000000E+00,  0.12102472E+01, -0.11976790E+01
      25.,  0.00000000E+00,  0.00000000E+00,  0.00000000E+00,  0.00000000E+00,  0.12543698E+01, -0.11976790E+01
      26.,  0.00000000E+00,  0.00000000E+00,  0.00000000E+00,  0.00000000E+00,  0.15627502E+01, -0.11976790E+01
      27.,  0.00000000E+00,  0.00000000E+00,  0.00000000E+00,  0.00000000E+00,  0.20010772E+01, -0.11976790E+01
      28.,  0.00000000E+00,  0.00000000E+00,  0.00000000E+00,  0.00000000E+00,  0.24050614E+01, -0.11976790E+01
      29.,  0.00000000E+00,  0.00000000E+00,  0.00000000E+00,  0.00000000E+00,  0.27102984E+01, -0.11976790E+01
      30.,  0.00000000E+00,  0.00000000E+00,  0.00000000E+00,  0.00000000E+00,  0.29145135E+01, -0.11976790E+01
      31.,  0.00000000E+00,  0.00000000E+00,  0.00000000E+00,  0.00000000E+00,  0.30374036E+01, -0.11976790E+01
      32.,  0.00000000E+00,  0.00000000E+00,  0.00000000E+00,  0.00000000E+00,  0.31013564E+01, -0.11976790E+01
      33.,  0.00000000E+00,  0.00000000E+00,  0.00000000E+00,  0.00000000E+00,  0.31233074E+01, -0.11976790E+01
      34.,  0.00000000E+00,  0.00000000E+00,  0.00000000E+00,  0.00000000E+00,  0.31074782E+01, -0.11976790E+01
      35.,  0.00000000E+00,  0.00000000E+00,  0.00000000E+00,  0.00000000E+00,  0.30437664E+01, -0.11976790E+01
      36.,  0.00000000E+00,  0.00000000E+00,  0.00000000E+00,  0.00000000E+00,  0.29133380E+01, -0.11976790E+01
      37.,  0.00000000E+00,  0.00000000E+00,  0.00000000E+00,  0.00000000E+00,  0.26903958E+01, -0.11976790E+01
      38.,  0.00000000E+00,  0.00000000E+00,  0.00000000E+00,  0.00000000E+00,  0.23429845E+01, -0.11976790E+01
      39.,  0.00000000E+00,  0.00000000E+00,  0.00000000E+00,  0.00000000E+00,  0.18457882E+01, -0.11976790E+01
      40.,  0.00000000E+00,  0.00000000E+00,  0.00000000E+00,  0.00000000E+00,  0.12436622E+01, -0.11976790E+01
      41.,  0.00000000E+00,  0.00000000E+00,  0.00000000E+00,  0.00000000E+00,  0.98548793E+00, -0.11976790E+01
      42.,  0.00000000E+00,  0.00000000E+00,  0.00000000E+00,  0.00000000E+00,  0.17411471E+01, -0.11976790E+01
      43.,  0.00000000E+00,  0.00000000E+00,  0.00000000E+00,  0.00000000E+00,  0.29634422E+01, -0.11976790E+01
      44.,  0.00000000E+00,  0.00000000E+00,  0.00000000E+00,  0.00000000E+00,  0.42908299E+01, -0.11976790E+01
      45.,  0.00000000E+00,  0.00000000E+00,  0.00000000E+00,  0.00000000E+00,  0.55810888E+01, -0.11976790E+01
      46.,  0.00000000E+00,  0.00000000E+00,  0.00000000E+00,  0.00000000E+00,  0.67573201E+01, -0.11976790E+01
      47.,  0.00000000E+00,  0.00000000E+00,  0.00000000E+00,  0.00000000E+00,  0.77835110E+01, -0.11976790E+01
      48.,  0.00000000E+00,  0.00000000E+00,  0.00000000E+00,  0.00000000E+00,  0.86528564E+01, -0.11976790E+01
      49.,  0.00000000E+00,  0.00000000E+00,  0.00000000E+00,  0.00000000E+00,  0.94150554E+01, -0.11976790E+01
      50.,  0.00000000E+00,  0.00000000E+00,  0.00000000E+00,  0.00000000E+00,  0.10153085E+02, -0.11976790E+01
      51.,  0.00000000E+00,  0.00000000E+00,  0.00000000E+00,  0.00000000E+00,  0.10883120E+02, -0.11976790E+01
      52.,  0.00000000E+00,  0.00000000E+00,  0.00000000E+00,  0.00000000E+00,  0.11555092E+02, -0.11976790E+01
      53.,  0.00000000E+00,  0.00000000E+00,  0.00000000E+00,  0.00000000E+00,  0.12101084E+02, -0.11976790E+01
      54.,  0.00000000E+00,  0.00000000E+00,  0.00000000E+00,  0.00000000E+00,  0.12438508E+02, -0.11976790E+01
      55.,  0.00000000E+00,  0.00000000E+00,  0.00000000E+00,  0.00000000E+00,  0.12469615E+02, -0.11976790E+01
      56.,  0.00000000E+00,  0.00000000E+00,  0.00000000E+00,  0.00000000E+00,  0.12071424E+02, -0.11976790E+01
      57.,  0.00000000E+00,  0.00000000E+00,  0.00000000E+00,  0.00000000E+00,  0.11122162E+02, -0.11976790E+01
      58.,  0.00000000E+00,  0.00000000E+00,  0.00000000E+00,  0.00000000E+00,  0.96402153E+01, -0.11976790E+01
      59.,  0.00000000E+00,  0.00000000E+00,  0.00000000E+00,  0.00000000E+00,  0.80432564E+01, -0.11976790E+01
      60.,  0.00000000E+00,  0.00000000E+00,  0.00000000E+00,  0.00000000E+00,  0.73736792E+01, -0.11976790E+01
      61.,  0.00000000E+00,  0.00000000E+00,  0.00000000E+00,  0.00000000E+00,  0.84144117E+01, -0.11976790E+01
      62.,  0.00000000E+00,  0.00000000E+00,  0.00000000E+00,  0.00000000E+00,  0.10509907E+02, -0.11976790E+01
      63.,  0.00000000E+00,  0.00000000E+00,  0.00000000E+00,  0.00000000E+00,  0.12538270E+02, -0.11976790E+01
      64.,  0.00000000E+00,  0.00000000E+00,  0.00000000E+00,  0.00000000E+00,  0.14337320E+02, -0.11976790E+01
      65.,  0.00000000E+00,  0.00000000E+00,  0.00000000E+00,  0.00000000E+00,  0.15041828E+02, -0.11976790E+01
      66.,  0.00000000E+00,  0.00000000E+00,  0.00000000E+00,  0.00000000E+00,  0.13775704E+02, -0.11976790E+01
      67.,  0.00000000E+00,  0.00000000E+00,  0.00000000E+00,  0.00000000E+00,  0.12998666E+02, -0.11976790E+01
      68.,  0.00000000E+00,  0.00000000E+00,  0.00000000E+00,  0.00000000E+00,  0.13207879E+02, -0.11976790E+01
      69.,  0.00000000E+00,  0.00000000E+00,  0.00000000E+00,  0.00000000E+00,  0.13530722E+02, -0.11976790E+01
      70.,  0.00000000E+00,  0.00000000E+00,  0.00000000E+00,  0.00000000E+00,  0.12764755E+02, -0.11976790E+01
      71.,  0.00000000E+00,  0.00000000E+00,  0.00000000E+00,  0.00000000E+00,  0.10186068E+02, -0.11976790E+01
      72.,  0.00000000E+00,  0.00000000E+00,  0.00000000E+00,  0.00000000E+00,  0.59705272E+01, -0.11976790E+01
      73.,  0.00000000E+00,  0.00000000E+00,  0.00000000E+00,  0.00000000E+00,  0.42410210E+01, -0.11976790E+01
      74.,  0.00000000E+00,  0.00000000E+00,  0.00000000E+00,  0.00000000E+00,  0.69221566E+01, -0.11976790E+01
      75.,  0.00000000E+00,  0.00000000E+00,  0.00000000E+00,  0.00000000E+00,  0.85240393E+01, -0.11976790E+01
      76.,  0.00000000E+00,  0.00000000E+00,  0.00000000E+00,  0.00000000E+00,  0.83614827E+01, -0.11976790E+01
      77.,  0.00000000E+00,  0.00000000E+00,  0.00000000E+00,  0.00000000E+00,  0.70628149E+01, -0.11976790E+01
      78.,  0.00000000E+00,  0.00000000E+00,  0.00000000E+00,  0.00000000E+00,  0.53642880E+01, -0.11976790E+01
      79.,  0.00000000E+00,  0.00000000E+00,  0.00000000E+00,  0.00000000E+00,  0.39036290E+01, -0.11976790E+01
      80.,  0.00000000E+00,  0.00000000E+00,  0.00000000E+00,  0.00000000E+00,  0.32374192E+01, -0.11976790E+01
      81.,  0.00000000E+00,  0.00000000E+00,  0.00000000E+00,  0.00000000E+00,  0.31128368E+01, -0.11976790E+01
      82.,  0.00000000E+00,  0.00000000E+00,  0.00000000E+00,  0.00000000E+00,  0.28924938E+01, -0.11976790E+01
      83.,  0.00000000E+00,  0.00000000E+00,  0.00000000E+00,  0.00000000E+00,  0.30606236E+01, -0.11976790E+01
      84.,  0.00000000E+00,  0.00000000E+00,  0.00000000E+00,  0.00000000E+00,  0.30452777E+01, -0.11976790E+01
      85.,  0.00000000E+00,  0.00000000E+00,  0.00000000E+00,  0.00000000E+00,  0.26046610E+01, -0.11976790E+01
      86.,  0.00000000E+00,  0.00000000E+00,  0.00000000E+00,  0.00000000E+00,  0.21041099E+01, -0.11976790E+01
      87.,  0.00000000E+00,  0.00000000E+00,  0.00000000E+00,  0.00000000E+00,  0.21522502E+01, -0.11976790E+01
      88.,  0.00000000E+00,  0.00000000E+00,  0.00000000E+00,  0.00000000E+00,  0.25956409E+01, -0.11976790E+01
      89.,  0.00000000E+00,  0.00000000E+00,  0.00000000E+00,  0.00000000E+00,  0.29176023E+01, -0.11976790E+01
      90.,  0.00000000E+00,  0.00000000E+00,  0.00000000E+00,  0.00000000E+00,  0.29835608E+01, -0.11976790E+01
      91.,  0.00000000E+00,  0.00000000E+00,  0.00000000E+00,  0.00000000E+00,  0.28747604E+01, -0.11976790E+01
      92.,  0.00000000E+00,  0.00000000E+00,  0.00000000E+00,  0.00000000E+00,  0.26983697E+01, -0.11976790E+01
      93.,  0.00000000E+00,  0.00000000E+00,  0.00000000E+00,  0.00000000E+00,  0.25195543E+01, -0.11976790E+01
      94.,  0.00000000E+00,  0.00000000E+00,  0.00000000E+00,  0.00000000E+00,  0.23613280E+01, -0.11976790E+01
      95.,  0.00000000E+00,  0.00000000E+00,  0.00000000E+00,  0.00000000E+00,  0.22254517E+01, -0.11976790E+01
      96.,  0.00000000E+00,  0.00000000E+00,  0.00000000E+00,  0.00000000E+00,  0.21072912E+01, -0.11976790E+01
      97.,  0.00000000E+00,  0.00000000E+00,  0.00000000E+00,  0.00000000E+00,  0.19945050E+01, -0.11976790E+01
      98.,  0.00000000E+00,  0.00000000E+00,  0.00000000E+00,  0.00000000E+00,  0.18691852E+01, -0.11976790E+01
      99.,  0.00000000E+00,  0.00000000E+00,  0.00000000E+00,  0.00000000E+00,  0.17194239E+01, -0.11976790E+01
     100.,  0.00000000E+00,  0.00000000E+00,  0.00000000E+00,  0.00000000E+00,  0.15384131E+01, -0.11976790E+01
     101.,  0.00000000E+00,  0.00000000E+00,  0.00000000E+00,  0.00000000E+00,  0.13270341E+01, -0.11976790E+01
     102.,  0.00000000E+00,  0.00000000E+00,  0.00000000E+00,  0.00000000E+00,  0.11224356E+01, -0.11976790E+01
     103.,  0.00000000E+00,  0.00000000E+00,  0.00000000E+00,  0.00000000E+00,  0.10646666E+01, -0.11976790E+01
     104.,  0.00000000E+00,  0.00000000E+00,  0.00000000E+00,  0.00000000E+00,  0.13520373E+01, -0.11976790E+01
     105.,  0.00000000E+00,  0.00000000E+00,  0.00000000E+00,  0.00000000E+00,  0.19647977E+01, -0.11976790E+01
     106.,  0.00000000E+00,  0.00000000E+00,  0.00000000E+00,  0.00000000E+00,  0.27528553E+01, -0.11976790E+01
     107.,  0.00000000E+00,  0.00000000E+00,  0.00000000E+00,  0.00000000E+00,  0.35994390E+01, -0.11976790E+01
     108.,  0.00000000E+00,  0.00000000E+00,  0.00000000E+00,  0.00000000E+00,  0.44282691E+01, -0.11976790E+01
     109.,  0.00000000E+00,  0.00000000E+00,  0.00000000E+00,  0.00000000E+00,  0.51949192E+01, -0.11976790E+01
     110.,  0.00000000E+00,  0.00000000E+00,  0.00000000E+00,  0.00000000E+00,  0.58791306E+01, -0.11976790E+01
     111.,  0.00000000E+00,  0.00000000E+00,  0.00000000E+00,  0.00000000E+00,  0.64763417E+01, -0.11976790E+01
     112.,  0.00000000E+00,  0.00000000E+00,  0.00000000E+00,  0.00000000E+00,  0.69907133E+01, -0.11976790E+01
     113.,  0.00000000E+00,  0.00000000E+00,  0.00000000E+00,  0.00000000E+00,  0.74547170E+01, -0.11976790E+01
     114.,  0.00000000E+00,  0.00000000E+00,  0.00000000E+00,  0.00000000E+00,  0.79234995E+01, -0.11976790E+01
     115.,  0.00000000E+00,  0.00000000E+00,  0.00000000E+00,  0.00000000E+00,  0.84159056E+01, -0.11976790E+01
     116.,  0.00000000E+00,  0.00000000E+00,  0.00000000E+00,  0.00000000E+00,  0.89133296E+01, -0.11976790E+01
     117.,  0.00000000E+00,  0.00000000E+00,  0.00000000E+00,  0.00000000E+00,  0.93906559E+01, -0.11976790E+01
     118.,  0.00000000E+00,  0.00000000E+00,  0.00000000E+00,  0.00000000E+00,  0.98318872E+01, -0.11976790E+01
     119.,  0.00000000E+00,  0.00000000E+00,  0.00000000E+00,  0.00000000E+00,  0.10268781E+02, -0.11976790E+01
     120.,  0.00000000E+00,  0.00000000E+00,  0.00000000E+00,  0.00000000E+00,  0.10835287E+02, -0.11976790E+01
     121.,  0.00000000E+00,  0.00000000E+00,  0.00000000E+00,  0.00000000E+00,  0.11745873E+02, -0.11976790E+01
     122.,  0.00000000E+00,  0.00000000E+00,  0.00000000E+00,  0.00000000E+00,  0.13086302E+02, -0.11976790E+01
     123.,  0.00000000E+00,  0.00000000E+00,  0.00000000E+00,  0.00000000E+00,  0.14667204E+02, -0.11976790E+01
     124.,  0.00000000E+00,  0.00000000E+00,  0.00000000E+00,  0.00000000E+00,  0.16036991E+02, -0.11976790E+01
     125.,  0.00000000E+00,  0.00000000E+00,  0.00000000E+00,  0.00000000E+00,  0.16821800E+02, -0.11976790E+01
     126.,  0.00000000E+00,  0.00000000E+00,  0.00000000E+00,  0.00000000E+00,  0.16948869E+02, -0.11976790E+01
     127.,  0.00000000E+00,  0.00000000E+00,  0.00000000E+00,  0.00000000E+00,  0.16920385E+02, -0.11976790E+01
     128.,  0.00000000E+00,  0.00000000E+00,  0.00000000E+00,  0.00000000E+00,  0.15376277E+02, -0.11976790E+01
     129.,  0.00000000E+00,  0.00000000E+00,  0.00000000E+00,  0.00000000E+00,  0.14634874E+02, -0.11976790E+01
     130.,  0.00000000E+00,  0.00000000E+00,  0.00000000E+00,  0.00000000E+00,  0.13524112E+02, -0.11976790E+01
     131.,  0.00000000E+00,  0.00000000E+00,  0.00000000E+00,  0.00000000E+00,  0.10734188E+02, -0.11976790E+01
     132.,  0.00000000E+00,  0.00000000E+00,  0.00000000E+00,  0.00000000E+00,  0.10059068E+02, -0.11976790E+01
     133.,  0.00000000E+00,  0.00000000E+00,  0.00000000E+00,  0.00000000E+00,  0.11770282E+02, -0.11976790E+01
     134.,  0.00000000E+00,  0.00000000E+00,  0.00000000E+00,  0.00000000E+00,  0.13405518E+02, -0.11976790E+01
     135.,  0.00000000E+00,  0.00000000E+00,  0.00000000E+00,  0.00000000E+00,  0.11760887E+02, -0.11976790E+01
     136.,  0.00000000E+00,  0.00000000E+00,  0.00000000E+00,  0.00000000E+00,  0.62129098E+01, -0.11976790E+01
     137.,  0.00000000E+00,  0.00000000E+00,  0.00000000E+00,  0.00000000E+00,  0.40814162E+01, -0.11976790E+01
     138.,  0.00000000E+00,  0.00000000E+00,  0.00000000E+00,  0.00000000E+00,  0.94526101E+01, -0.11976790E+01
     139.,  0.00000000E+00,  0.00000000E+00,  0.00000000E+00,  0.00000000E+00,  0.13053665E+02, -0.11976790E+01
     140.,  0.00000000E+00,  0.00000000E+00,  0.00000000E+00,  0.00000000E+00,  0.14983861E+02, -0.11976790E+01
     141.,  0.00000000E+00,  0.00000000E+00,  0.00000000E+00,  0.00000000E+00,  0.15332573E+02, -0.11976790E+01
     142.,  0.00000000E+00,  0.00000000E+00,  0.00000000E+00,  0.00000000E+00,  0.14673462E+02, -0.11976790E+01
     143.,  0.00000000E+00,  0.00000000E+00,  0.00000000E+00,  0.00000000E+00,  0.14436207E+02, -0.11976790E+01
     144.,  0.00000000E+00,  0.00000000E+00,  0.00000000E+00,  0.00000000E+00,  0.12313079E+02, -0.11976790E+01
     145.,  0.00000000E+00,  0.00000000E+00,  0.00000000E+00,  0.00000000E+00,  0.10206778E+02, -0.11976790E+01
     146.,  0.00000000E+00,  0.00000000E+00,  0.00000000E+00,  0.00000000E+00,  0.91189151E+01, -0.11976790E+01
     147.,  0.00000000E+00,  0.00000000E+00,  0.00000000E+00,  0.00000000E+00,  0.60004737E+01, -0.11976790E+01
     148.,  0.00000000E+00,  0.00000000E+00,  0.00000000E+00,  0.00000000E+00,  0.46978065E+01, -0.11976790E+01
     149.,  0.00000000E+00,  0.00000000E+00,  0.00000000E+00,  0.00000000E+00,  0.33225928E+01, -0.11976790E+01
     150.,  0.00000000E+00,  0.00000000E+00,  0.00000000E+00,  0.00000000E+00,  0.23215745E+01, -0.11976790E+01
     151.,  0.00000000E+00,  0.00000000E+00,  0.00000000E+00,  0.00000000E+00,  0.27235562E+01, -0.11976790E+01
     152.,  0.00000000E+00,  0.00000000E+00,  0.00000000E+00,  0.00000000E+00,  0.35782231E+01, -0.11976790E+01
     153.,  0.00000000E+00,  0.00000000E+00,  0.00000000E+00,  0.00000000E+00,  0.39275111E+01, -0.11976790E+01
     154.,  0.00000000E+00,  0.00000000E+00,  0.00000000E+00,  0.00000000E+00,  0.38040233E+01, -0.11976790E+01
     155.,  0.00000000E+00,  0.00000000E+00,  0.00000000E+00,  0.00000000E+00,  0.34554409E+01, -0.11976790E+01
     156.,  0.00000000E+00,  0.00000000E+00,  0.00000000E+00,  0.00000000E+00,  0.30435140E+01, -0.11976790E+01
     157.,  0.00000000E+00,  0.00000000E+00,  0.00000000E+00,  0.00000000E+00,  0.26505597E+01, -0.11976790E+01
     158.,  0.00000000E+00,  0.00000000E+00,  0.00000000E+00,  0.00000000E+00,  0.23099421E+01, -0.11976790E+01
     159.,  0.00000000E+00,  0.00000000E+00,  0.00000000E+00,  0.00000000E+00,  0.20277411E+01, -0.11976790E+01
     160.,  0.00000000E+00,  0.00000000E+00,  0.00000000E+00,  0.00000000E+00,  0.17978816E+01, -0.11976790E+01
     161.,  0.00000000E+00,  0.00000000E+00,  0.00000000E+00,  0.00000000E+00,  0.15964882E+01, -0.11976790E+01
     162.,  0.00000000E+00,  0.00000000E+00,  0.00000000E+00,  0.00000000E+00,  0.13950840E+01, -0.11976790E+01
     163.,  0.00000000E+00,  0.00000000E+00,  0.00000000E+00,  0.00000000E+00,  0.11806809E+01, -0.11976790E+01
     164.,  0.00000000E+00,  0.00000000E+00,  0.00000000E+00,  0.00000000E+00,  0.95180790E+00, -0.11976790E+01
     165.,  0.00000000E+00,  0.00000000E+00,  0.00000000E+00,  0.00000000E+00,  0.72247391E+00, -0.11976790E+01
     166.,  0.00000000E+00,  0.00000000E+00,  0.00000000E+00,  0.00000000E+00,  0.59462536E+00, -0.11976790E+01
     167.,  0.00000000E+00,  0.00000000E+00,  0.00000000E+00,  0.00000000E+00,  0.79921718E+00, -0.11976790E+01
     168.,  0.00000000E+00,  0.00000000E+00,  0.00000000E+00,  0.00000000E+00,  0.13187682E+01, -0.11976790E+01
     169.,  0.00000000E+00,  0.00000000E+00,  0.00000000E+00,  0.00000000E+00,  0.19996014E+01, -0.11976790E+01
     170.,  0.00000000E+00,  0.00000000E+00,  0.00000000E+00,  0.00000000E+00,  0.27407639E+01, -0.11976790E+01
     171.,  0.00000000E+00,  0.00000000E+00,  0.00000000E+00,  0.00000000E+00,  0.34683260E+01, -0.11976790E+01
     172.,  0.00000000E+00,  0.00000000E+00,  0.00000000E+00,  0.00000000E+00,  0.41369354E+01, -0.11976790E+01
     173.,  0.00000000E+00,  0.00000000E+00,  0.00000000E+00,  0.00000000E+00,  0.47310652E+01, -0.11976790E+01
     174.,  0.00000000E+00,  0.00000000E+00,  0.00000000E+00,  0.00000000E+00,  0.52545371E+01, -0.11976790E+01
     175.,  0.00000000E+00,  0.00000000E+00,  0.00000000E+00,  0.00000000E+00,  0.57183586E+01, -0.11976790E+01
     176.,  0.00000000E+00,  0.00000000E+00,  0.00000000E+00,  0.00000000E+00,  0.61326910E+01, -0.11976790E+01
     177.,  0.00000000E+00,  0.00000000E+00,  0.00000000E+00,  0.00000000E+00,  0.65278331E+01, -0.11976790E+01
     178.,  0.00000000E+00,  0.00000000E+00,  0.00000000E+00,  0.00000000E+00,  0.69581801E+01, -0.11976790E+01
     179.,  0.00000000E+00,  0.00000000E+00,  0.00000000E+00,  0.00000000E+00,  0.74580133E+01, -0.11976790E+01
     180.,  0.00000000E+00,  0.00000000E+00,  0.00000000E+00,  0.00000000E+00,  0.80335551E+01, -0.11976790E+01
     181.,  0.00000000E+00,  0.00000000E+00,  0.00000000E+00,  0.00000000E+00,  0.86868473E+01, -0.11976790E+01
     182.,  0.00000000E+00,  0.00000000E+00,  0.00000000E+00,  0.00000000E+00,  0.94209357E+01, -0.11976790E+01
     183.,  0.00000000E+00,  0.00000000E+00,  0.00000000E+00,  0.00000000E+00,  0.10275178E+02, -0.11976790E+01
     184.,  0.00000000E+00,  0.00000000E+00,  0.00000000E+00,  0.00000000E+00,  0.11390069E+02, -0.11976790E+01
     185.,  0.00000000E+00,  0.00000000E+00,  0.00000000E+00,  0.00000000E+00,  0.13094141E+02, -0.11976790E+01
     186.,  0.00000000E+00,  0.00000000E+00,  0.00000000E+00,  0.00000000E+00,  0.15723339E+02, -0.11976790E+01
     187.,  0.00000000E+00,  0.00000000E+00,  0.00000000E+00,  0.00000000E+00,  0.18786196E+02, -0.11976790E+01
     188.,  0.00000000E+00,  0.00000000E+00,  0.00000000E+00,  0.00000000E+00,  0.21303578E+02, -0.11976790E+01
     189.,  0.00000000E+00,  0.00000000E+00,  0.00000000E+00,  0.00000000E+00,  0.22358353E+02, -0.11976790E+01
     190.,  0.00000000E+00,  0.00000000E+00,  0.00000000E+00,  0.00000000E+00,  0.21678333E+02, -0.11976790E+01
     191.,  0.00000000E+00,  0.00000000E+00,  0.00000000E+00,  0.00000000E+00,  0.19809439E+02, -0.11976790E+01
     192.,  0.00000000E+00,  0.00000000E+00,  0.00000000E+00,  0.00000000E+00,  0.19696698E+02, -0.11976790E+01
     193.,  0.00000000E+00,  0.00000000E+00,  0.00000000E+00,  0.00000000E+00,  0.29133284E+02, -0.11976790E+01
     194.,  0.00000000E+00,  0.00000000E+00,  0.00000000E+00,  0.00000000E+00,  0.28120366E+02, -0.11976790E+01
     195.,  0.00000000E+00,  0.00000000E+00,  0.00000000E+00,  0.00000000E+00,  0.24550874E+02, -0.11976790E+01
     196.,  0.00000000E+00,  0.00000000E+00,  0.00000000E+00,  0.00000000E+00,  0.22061334E+02, -0.11976790E+01
     197.,  0.00000000E+00,  0.00000000E+00,  0.00000000E+00,  0.00000000E+00,  0.18717542E+02, -0.11976790E+01
     198.,  0.00000000E+00,  0.00000000E+00,  0.00000000E+00,  0.00000000E+00,  0.14752668E+02, -0.11976790E+01
     199.,  0.00000000E+00,  0.00000000E+00,  0.00000000E+00,  0.00000000E+00,  0.88134053E+01, -0.11976790E+01
     200.,  0.00000000E+00,  0.00000000E+00,  0.00000000E+00,  0.00000000E+00,  0.76148517E+01, -0.11976790E+01
     201.,  0.00000000E+00,  0.00000000E+00,  0.00000000E+00,  0.00000000E+00,  0.12022391E+02, -0.11976790E+01
     202.,  0.00000000E+00,  0.00000000E+00,  0.00000000E+00,  0.00000000E+00,  0.13371825E+02, -0.11976790E+01
     203.,  0.00000000E+00,  0.00000000E+00,  0.00000000E+00,  0.00000000E+00,  0.12269986E+02, -0.11976790E+01
     204.,  0.00000000E+00,  0.00000000E+00,  0.00000000E+00,  0.00000000E+00,  0.10380037E+02, -0.11976790E+01
     205.,  0.00000000E+00,  0.00000000E+00,  0.00000000E+00,  0.00000000E+00,  0.81828023E+01, -0.11976790E+01
     206.,  0.00000000E+00,  0.00000000E+00,  0.00000000E+00,  0.00000000E+00,  0.56636061E+01, -0.11976790E+01
     207.,  0.00000000E+00,  0.00000000E+00,  0.00000000E+00,  0.00000000E+00,  0.49900897E+01, -0.11976790E+01
     208.,  0.00000000E+00,  0.00000000E+00,  0.00000000E+00,  0.00000000E+00,  0.33470966E+01, -0.11976790E+01
     209.,  0.00000000E+00,  0.00000000E+00,  0.00000000E+00,  0.00000000E+00,  0.65878569E+01, -0.11976790E+01
     210.,  0.00000000E+00,  0.00000000E+00,  0.00000000E+00,  0.00000000E+00,  0.49599141E+01, -0.11976790E+01
     211.,  0.00000000E+00,  0.00000000E+00,  0.00000000E+00,  0.00000000E+00,  0.33006721E+01, -0.11976790E+01
     212.,  0.00000000E+00,  0.00000000E+00,  0.00000000E+00,  0.00000000E+00,  0.40137215E+01, -0.11976790E+01
     213.,  0.00000000E+00,  0.00000000E+00,  0.00000000E+00,  0.00000000E+00,  0.38003457E+01, -0.11976790E+01
     214.,  0.00000000E+00,  0.00000000E+00,  0.00000000E+00,  0.00000000E+00,  0.33663635E+01, -0.11976790E+01
     215.,  0.00000000E+00,  0.00000000E+00,  0.00000000E+00,  0.00000000E+00,  0.38453915E+01, -0.11976790E+01
     216.,  0.00000000E+00,  0.00000000E+00,  0.00000000E+00,  0.00000000E+00,  0.45762669E+01, -0.11976790E+01
     217.,  0.00000000E+00,  0.00000000E+00,  0.00000000E+00,  0.00000000E+00,  0.47632288E+01, -0.11976790E+01
     218.,  0.00000000E+00,  0.00000000E+00,  0.00000000E+00,  0.00000000E+00,  0.44419765E+01, -0.11976790E+01
     219.,  0.00000000E+00,  0.00000000E+00,  0.00000000E+00,  0.00000000E+00,  0.39042691E+01, -0.11976790E+01
     220.,  0.00000000E+00,  0.00000000E+00,  0.00000000E+00,  0.00000000E+00,  0.33415687E+01, -0.11976790E+01
     221.,  0.00000000E+00,  0.00000000E+00,  0.00000000E+00,  0.00000000E+00,  0.28345263E+01, -0.11976790E+01
     222.,  0.00000000E+00,  0.00000000E+00,  0.00000000E+00,  0.00000000E+00,  0.24140121E+01, -0.11976790E+01
     223.,  0.00000000E+00,  0.00000000E+00,  0.00000000E+00,  0.00000000E+00,  0.20815889E+01, -0.11976790E+01
     224.,  0.00000000E+00,  0.00000000E+00,  0.00000000E+00,  0.00000000E+00,  0.18241671E+01, -0.11976790E+01
     225.,  0.00000000E+00,  0.00000000E+00,  0.00000000E+00,  0.00000000E+00,  0.16147641E+01, -0.11976790E+01
     226.,  0.00000000E+00,  0.00000000E+00,  0.00000000E+00,  0.00000000E+00,  0.14207576E+01, -0.11976790E+01
     227.,  0.00000000E+00,  0.00000000E+00,  0.00000000E+00,  0.00000000E+00,  0.12346576E+01, -0.11976790E+01
     228.,  0.00000000E+00,  0.00000000E+00,  0.00000000E+00,  0.00000000E+00,  0.10575385E+01, -0.11976790E+01
     229.,  0.00000000E+00,  0.00000000E+00,  0.00000000E+00,  0.00000000E+00,  0.89171251E+00, -0.11976790E+01
     230.,  0.00000000E+00,  0.00000000E+00,  0.00000000E+00,  0.00000000E+00,  0.77534185E+00, -0.11976790E+01
     231.,  0.00000000E+00,  0.00000000E+00,  0.00000000E+00,  0.00000000E+00,  0.84001886E+00, -0.11976790E+01
     232.,  0.00000000E+00,  0.00000000E+00,  0.00000000E+00,  0.00000000E+00,  0.11911612E+01, -0.11976790E+01
     233.,  0.00000000E+00,  0.00000000E+00,  0.00000000E+00,  0.00000000E+00,  0.17537407E+01, -0.11976790E+01
     234.,  0.00000000E+00,  0.00000000E+00,  0.00000000E+00,  0.00000000E+00,  0.24112964E+01, -0.11976790E+01
     235.,  0.00000000E+00,  0.00000000E+00,  0.00000000E+00,  0.00000000E+00,  0.30773441E+01, -0.11976790E+01
     236.,  0.00000000E+00,  0.00000000E+00,  0.00000000E+00,  0.00000000E+00,  0.37035155E+01, -0.11976790E+01
     237.,  0.00000000E+00,  0.00000000E+00,  0.00000000E+00,  0.00000000E+00,  0.42763672E+01, -0.11976790E+01
     238.,  0.00000000E+00,  0.00000000E+00,  0.00000000E+00,  0.00000000E+00,  0.48022781E+01, -0.11976790E+01
     239.,  0.00000000E+00,  0.00000000E+00,  0.00000000E+00,  0.00000000E+00,  0.52906314E+01, -0.11976790E+01
     240.,  0.00000000E+00,  0.00000000E+00,  0.00000000E+00,  0.00000000E+00,  0.57480871E+01, -0.11976790E+01
     241.,  0.00000000E+00,  0.00000000E+00,  0.00000000E+00,  0.00000000E+00,  0.62056549E+01, -0.11976790E+01
     242.,  0.00000000E+00,  0.00000000E+00,  0.00000000E+00,  0.00000000E+00,  0.67312657E+01, -0.11976790E+01
     243.,  0.00000000E+00,  0.00000000E+00,  0.00000000E+00,  0.00000000E+00,  0.73714432E+01, -0.11976790E+01
     244.,  0.00000000E+00,  0.00000000E+00,  0.00000000E+00,  0.00000000E+00,  0.81476763E+01, -0.11976790E+01
     245.,  0.00000000E+00,  0.00000000E+00,  0.00000000E+00,  0.00000000E+00,  0.90591314E+01, -0.11976790E+01
     246.,  0.00000000E+00,  0.00000000E+00,  0.00000000E+00,  0.00000000E+00,  0.10064921E+02, -0.11976790E+01
     247.,  0.00000000E+00,  0.00000000E+00,  0.00000000E+00,  0.00000000E+00,  0.11087991E+02, -0.11976790E+01
     248.,  0.00000000E+00,  0.00000000E+00,  0.00000000E+00,  0.00000000E+00,  0.12131180E+02, -0.11976790E+01
     249.,  0.00000000E+00,  0.00000000E+00,  0.00000000E+00,  0.00000000E+00,  0.13492585E+02, -0.11976790E+01
     250.,  0.00000000E+00,  0.00000000E+00,  0.00000000E+00,  0.00000000E+00,  0.15803773E+02, -0.11976790E+01
     251.,  0.00000000E+00,  0.00000000E+00,  0.00000000E+00,  0.00000000E+00,  0.19361624E+02, -0.11976790E+01
     252.,  0.00000000E+00,  0.00000000E+00,  0.00000000E+00,  0.00000000E+00,  0.22641612E+02, -0.11976790E+01
     253.,  0.00000000E+00,  0.00000000E+00,  0.00000000E+00,  0.00000000E+00,  0.24775395E+02, -0.11976790E+01
     254.,  0.00000000E+00,  0.00000000E+00,  0.00000000E+00,  0.00000000E+00,  0.26187945E+02, -0.11976790E+01
     255.,  0.00000000E+00,  0.00000000E+00,  0.00000000E+00,  0.00000000E+00,  0.27941383E+02, -0.11976790E+01
     256.,  0.00000000E+00,  0.00000000E+00,  0.00000000E+00,  0.00000000E+00,  0.21939905E+02, -0.11976790E+01
     257.,  0.00000000E+00,  0.00000000E+00,  0.00000000E+00,  0.00000000E+00,  0.70832568E+02, -0.11976790E+01
     258.,  0.00000000E+00,  0.00000000E+00,  0.00000000E+00,  0.00000000E+00,  0.58149062E+02, -0.11976790E+01
     259.,  0.00000000E+00,  0.00000000E+00,  0.00000000E+00,  0.00000000E+00,  0.59138701E+02, -0.11976790E+01
     260.,  0.00000000E+00,  0.00000000E+00,  0.00000000E+00,  0.00000000E+00,  0.55399171E+02, -0.11976790E+01
     261.,  0.00000000E+00,  0.00000000E+00,  0.00000000E+00,  0.00000000E+00,  0.49025223E+02, -0.11976790E+01
     262.,  0.00000000E+00,  0.00000000E+00,  0.00000000E+00,  0.00000000E+00,  0.39283973E+02, -0.11976790E+01
     263.,  0.00000000E+00,  0.00000000E+00,  0.00000000E+00,  0.00000000E+00,  0.29568102E+02, -0.11976790E+01
     264.,  0.00000000E+00,  0.00000000E+00,  0.00000000E+00,  0.00000000E+00,  0.19743586E+02, -0.11976790E+01
     265.,  0.00000000E+00,  0.00000000E+00,  0.00000000E+00,  0.00000000E+00,  0.31216696E+02, -0.11976790E+01
     266.,  0.00000000E+00,  0.00000000E+00,  0.00000000E+00,  0.00000000E+00,  0.37658856E+02, -0.11976790E+01
     267.,  0.00000000E+00,  0.00000000E+00,  0.00000000E+00,  0.00000000E+00,  0.37109884E+02, -0.11976790E+01
     268.,  0.00000000E+00,  0.00000000E+00,  0.00000000E+00,  0.00000000E+00,  0.36408167E+02, -0.11976790E+01
     269.,  0.00000000E+00,  0.00000000E+00,  0.00000000E+00,  0.00000000E+00,  0.35680060E+02, -0.11976790E+01
     270.,  0.00000000E+00,  0.00000000E+00,  0.00000000E+00,  0.00000000E+00,  0.35882804E+02, -0.11976790E+01
     271.,  0.00000000E+00,  0.00000000E+00,  0.00000000E+00,  0.00000000E+00,  0.34370887E+02, -0.11976790E+01
     272.,  0.00000000E+00,  0.00000000E+00,  0.00000000E+00,  0.00000000E+00,  0.49123756E+02, -0.11976790E+01
     273.,  0.00000000E+00,  0.00000000E+00,  0.00000000E+00,  0.00000000E+00,  0.46879654E+02, -0.11976790E+01
     274.,  0.00000000E+00,  0.00000000E+00,  0.00000000E+00,  0.00000000E+00,  0.30991138E+02, -0.11976790E+01
     275.,  0.00000000E+00,  0.00000000E+00,  0.00000000E+00,  0.00000000E+00,  0.35996262E+02, -0.11976790E+01
     276.,  0.00000000E+00,  0.00000000E+00,  0.00000000E+00,  0.00000000E+00,  0.34812219E+02, -0.11976790E+01
     277.,  0.00000000E+00,  0.00000000E+00,  0.00000000E+00,  0.00000000E+00,  0.32762264E+02, -0.11976790E+01
     278.,  0.00000000E+00,  0.00000000E+00,  0.00000000E+00,  0.00000000E+00,  0.26417770E+02, -0.11976790E+01
     279.,  0.00000000E+00,  0.00000000E+00,  0.00000000E+00,  0.00000000E+00,  0.16184921E+02, -0.11976790E+01
     280.,  0.00000000E+00,  0.00000000E+00,  0.00000000E+00,  0.00000000E+00,  0.88479415E+01, -0.11976790E+01
     281.,  0.00000000E+00,  0.00000000E+00,  0.00000000E+00,  0.00000000E+00,  0.62045128E+01, -0.11976790E+01
     282.,  0.00000000E+00,  0.00000000E+00,  0.00000000E+00,  0.00000000E+00,  0.51367740E+01, -0.11976790E+01
     283.,  0.00000000E+00,  0.00000000E+00,  0.00000000E+00,  0.00000000E+00,  0.43051989E+01, -0.11976790E+01
     284.,  0.00000000E+00,  0.00000000E+00,  0.00000000E+00,  0.00000000E+00,  0.35933427E+01, -0.11976790E+01
     285.,  0.00000000E+00,  0.00000000E+00,  0.00000000E+00,  0.00000000E+00,  0.30179752E+01, -0.11976790E+01
     286.,  0.00000000E+00,  0.00000000E+00,  0.00000000E+00,  0.00000000E+00,  0.25766326E+01, -0.11976790E+01
     287.,  0.00000000E+00,  0.00000000E+00,  0.00000000E+00,  0.00000000E+00,  0.22626849E+01, -0.11976790E+01
     288.,  0.00000000E+00,  0.00000000E+00,  0.00000000E+00,  0.00000000E+00,  0.20491598E+01, -0.11976790E+01
     289.,  0.00000000E+00,  0.00000000E+00,  0.00000000E+00,  0.00000000E+00,  0.18897736E+01, -0.11976790E+01
     290.,  0.00000000E+00,  0.00000000E+00,  0.00000000E+00,  0.00000000E+00,  0.17653497E+01, -0.11976790E+01
     291.,  0.00000000E+00,  0.00000000E+00,  0.00000000E+00,  0.00000000E+00,  0.16748885E+01, -0.11976790E+01
     292.,  0.00000000E+00,  0.00000000E+00,  0.00000000E+00,  0.00000000E+00,  0.16114082E+01, -0.11976790E+01
     293.,  0.00000000E+00,  0.00000000E+00,  0.00000000E+00,  0.00000000E+00,  0.15555157E+01, -0.11976790E+01
     294.,  0.00000000E+00,  0.00000000E+00,  0.00000000E+00,  0.00000000E+00,  0.14990036E+01, -0.11976790E+01
     295.,  0.00000000E+00,  0.00000000E+00,  0.00000000E+00,  0.00000000E+00,  0.14698836E+01, -0.11976790E+01
     296.,  0.00000000E+00,  0.00000000E+00,  0.00000000E+00,  0.00000000E+00,  0.15521249E+01, -0.11976790E+01
     297.,  0.00000000E+00,  0.00000000E+00,  0.00000000E+00,  0.00000000E+00,  0.18317637E+01, -0.11976790E+01
     298.,  0.00000000E+00,  0.00000000E+00,  0.00000000E+00,  0.00000000E+00,  0.23008189E+01, -0.11976790E+01
     299.,  0.00000000E+00,  0.00000000E+00,  0.00000000E+00,  0.00000000E+00,  0.28790448E+01, -0.11976790E+01
     300.,  0.00000000E+00,  0.00000000E+00,  0.00000000E+00,  0.00000000E+00,  0.34928883E+01, -0.11976790E+01
     301.,  0.00000000E+00,  0.00000000E+00,  0.00000000E+00,  0.00000000E+00,  0.41034821E+01, -0.11976790E+01
     302.,  0.00000000E+00,  0.00000000E+00,  0.00000000E+00,  0.00000000E+00,  0.46986253E+01, -0.11976790E+01
     303.,  0.00000000E+00,  0.00000000E+00,  0.00000000E+00,  0.00000000E+00,  0.52767870E+01, -0.11976790E+01
     304.,  0.00000000E+00,  0.00000000E+00,  0.00000000E+00,  0.00000000E+00,  0.58314461E+01, -0.11976790E+01
     305.,  0.00000000E+00,  0.00000000E+00,  0.00000000E+00,  0.00000000E+00,  0.63923097E+01, -0.11976790E+01
     306.,  0.00000000E+00,  0.00000000E+00,  0.00000000E+00,  0.00000000E+00,  0.70292952E+01, -0.11976790E+01
     307.,  0.00000000E+00,  0.00000000E+00,  0.00000000E+00,  0.00000000E+00,  0.78256271E+01, -0.11976790E+01
     308.,  0.00000000E+00,  0.00000000E+00,  0.00000000E+00,  0.00000000E+00,  0.88096926E+01, -0.11976790E+01
     309.,  0.00000000E+00,  0.00000000E+00,  0.00000000E+00,  0.00000000E+00,  0.99757535E+01, -0.11976790E+01
     310.,  0.00000000E+00,  0.00000000E+00,  0.00000000E+00,  0.00000000E+00,  0.11295845E+02, -0.11976790E+01
     311.,  0.00000000E+00,  0.00000000E+00,  0.00000000E+00,  0.00000000E+00,  0.12733204E+02, -0.11976790E+01
     312.,  0.00000000E+00,  0.00000000E+00,  0.00000000E+00,  0.00000000E+00,  0.14550360E+02, -0.11976790E+01
     313.,  0.00000000E+00,  0.00000000E+00,  0.00000000E+00,  0.00000000E+00,  0.18169398E+02, -0.11976790E+01
     314.,  0.00000000E+00,  0.00000000E+00,  0.00000000E+00,  0.00000000E+00,  0.25186348E+02, -0.11976790E+01
     315.,  0.00000000E+00,  0.00000000E+00,  0.00000000E+00,  0.00000000E+00,  0.32086070E+02, -0.11976790E+01
     316.,  0.00000000E+00,  0.00000000E+00,  0.00000000E+00,  0.00000000E+00,  0.37080238E+02, -0.11976790E+01
     317.,  0.00000000E+00,  0.00000000E+00,  0.00000000E+00,  0.00000000E+00,  0.42069845E+02, -0.11976790E+01
     318.,  0.00000000E+00,  0.00000000E+00,  0.00000000E+00,  0.00000000E+00,  0.46722498E+02, -0.11976790E+01
     319.,  0.00000000E+00,  0.00000000E+00,  0.00000000E+00,  0.00000000E+00,  0.50615444E+02, -0.11976790E+01
     320.,  0.00000000E+00,  0.00000000E+00,  0.00000000E+00,  0.00000000E+00,  0.75681536E+02, -0.11976790E+01
     321.,  0.00000000E+00,  0.00000000E+00,  0.00000000E+00,  0.49368165E-03,  0.18768867E+03, -0.11976790E+01
     322.,  0.00000000E+00,  0.00000000E+00,  0.00000000E+00,  0.22579526E-03,  0.18629272E+03, -0.11976790E+01
     323.,  0.00000000E+00,  0.00000000E+00,  0.00000000E+00,  0.14710776E-03,  0.18598485E+03, -0.11976790E+01
     324.,  0.00000000E+00,  0.00000000E+00,  0.00000000E+00,  0.92374810E-04,  0.18558848E+03, -0.11976790E+01
     325.,  0.00000000E+00,  0.00000000E+00,  0.00000000E+00,  0.27812065E-04,  0.18508541E+03, -0.11976790E+01
     326.,  0.00000000E+00,  0.00000000E+00,  0.00000000E+00,  0.00000000E+00,  0.18038655E+03, -0.11976790E+01
     327.,  0.00000000E+00,  0.00000000E+00,  0.00000000E+00,  0.00000000E+00,  0.16228674E+03, -0.11976790E+01
     328.,  0.00000000E+00,  0.00000000E+00,  0.00000000E+00,  0.00000000E+00,  0.76193534E+02, -0.11976790E+01
     329.,  0.00000000E+00,  0.00000000E+00,  0.00000000E+00,  0.00000000E+00,  0.13944011E+03, -0.11976790E+01
     330.,  0.00000000E+00,  0.00000000E+00,  0.00000000E+00,  0.17600373E-04,  0.18495308E+03, -0.11976790E+01
     331.,  0.00000000E+00,  0.00000000E+00,  0.00000000E+00,  0.80055079E-04,  0.18547313E+03, -0.11976790E+01
     332.,  0.00000000E+00,  0.00000000E+00,  0.00000000E+00,  0.18169116E-03,  0.18612531E+03, -0.11976790E+01
     333.,  0.00000000E+00,  0.00000000E+00,  0.00000000E+00,  0.27334363E-03,  0.18682291E+03, -0.11976790E+01
     334.,  0.00000000E+00,  0.00000000E+00,  0.00000000E+00,  0.30639251E-03,  0.18707757E+03, -0.11976790E+01
     335.,  0.00000000E+00,  0.00000000E+00,  0.00000000E+00,  0.28806250E-03,  0.18665414E+03, -0.11976790E+01
     336.,  0.00000000E+00,  0.00000000E+00,  0.00000000E+00,  0.44317701E-03,  0.18764288E+03, -0.11976790E+01
     337.,  0.00000000E+00,  0.00000000E+00,  0.00000000E+00,  0.28680276E-03,  0.18469390E+03, -0.11976790E+01
     338.,  0.00000000E+00,  0.00000000E+00,  0.00000000E+00,  0.00000000E+00,  0.15829733E+03, -0.11976790E+01
     339.,  0.00000000E+00,  0.00000000E+00,  0.00000000E+00,  0.00000000E+00,  0.14947126E+03, -0.11976790E+01
     340.,  0.00000000E+00,  0.00000000E+00,  0.00000000E+00,  0.00000000E+00,  0.14138463E+03, -0.11976790E+01
     341.,  0.00000000E+00,  0.00000000E+00,  0.00000000E+00,  0.00000000E+00,  0.12495251E+03, -0.11976790E+01
     342.,  0.00000000E+00,  0.00000000E+00,  0.00000000E+00,  0.00000000E+00,  0.87399878E+02, -0.11976790E+01
     343.,  0.00000000E+00,  0.00000000E+00,  0.00000000E+00,  0.00000000E+00,  0.39313409E+02, -0.11976790E+01
     344.,  0.00000000E+00,  0.00000000E+00,  0.00000000E+00,  0.00000000E+00,  0.87187692E+01, -0.11976790E+01
     345.,  0.00000000E+00,  0.00000000E+00,  0.00000000E+00,  0.00000000E+00,  0.65736936E+01, -0.11976790E+01
     346.,  0.00000000E+00,  0.00000000E+00,  0.00000000E+00,  0.00000000E+00,  0.73935363E+01, -0.11976790E+01
     347.,  0.00000000E+00,  0.00000000E+00,  0.00000000E+00,  0.00000000E+00,  0.59455012E+01, -0.11976790E+01
     348.,  0.00000000E+00,  0.00000000E+00,  0.00000000E+00,  0.00000000E+00,  0.46400647E+01, -0.11976790E+01
     349.,  0.00000000E+00,  0.00000000E+00,  0.00000000E+00,  0.00000000E+00,  0.37908469E+01, -0.11976790E+01
     350.,  0.00000000E+00,  0.00000000E+00,  0.00000000E+00,  0.00000000E+00,  0.32609193E+01, -0.11976790E+01
     351.,  0.00000000E+00,  0.00000000E+00,  0.00000000E+00,  0.00000000E+00,  0.29314675E+01, -0.11976790E+01
     352.,  0.00000000E+00,  0.00000000E+00,  0.00000000E+00,  0.00000000E+00,  0.27435843E+01, -0.11976790E+01
     353.,  0.00000000E+00,  0.00000000E+00,  0.00000000E+00,  0.00000000E+00,  0.26077635E+01, -0.11976790E+01
     354.,  0.00000000E+00,  0.00000000E+00,  0.00000000E+00,  0.00000000E+00,  0.24923009E+01, -0.11976790E+01
     355.,  0.00000000E+00,  0.00000000E+00,  0.00000000E+00,  0.00000000E+00,  0.24211391E+01, -0.11976790E+01
     356.,  0.00000000E+00,  0.00000000E+00,  0.00000000E+00,  0.00000000E+00,  0.23835161E+01, -0.11976790E+01
     357.,  0.00000000E+00,  0.00000000E+00,  0.00000000E+00,  0.00000000E+00,  0.23706867E+01, -0.11976790E+01
     358.,  0.00000000E+00,  0.00000000E+00,  0.00000000E+00,  0.00000000E+00,  0.23745077E+01, -0.11976790E+01
     359.,  0.00000000E+00,  0.00000000E+00,  0.00000000E+00,  0.00000000E+00,  0.23964230E+01, -0.11976790E+01
     360.,  0.00000000E+00,  0.00000000E+00,  0.00000000E+00,  0.00000000E+00,  0.24563161E+01, -0.11976790E+01
     361.,  0.00000000E+00,  0.00000000E+00,  0.00000000E+00,  0.00000000E+00,  0.25995480E+01, -0.11976790E+01
     362.,  0.00000000E+00,  0.00000000E+00,  0.00000000E+00,  0.00000000E+00,  0.28789937E+01, -0.11976790E+01
     363.,  0.00000000E+00,  0.00000000E+00,  0.00000000E+00,  0.00000000E+00,  0.33077909E+01, -0.11976790E+01
     364.,  0.00000000E+00,  0.00000000E+00,  0.00000000E+00,  0.00000000E+00,  0.38440439E+01, -0.11976790E+01
     365.,  0.00000000E+00,  0.00000000E+00,  0.00000000E+00,  0.00000000E+00,  0.44300961E+01, -0.11976790E+01
     366.,  0.00000000E+00,  0.00000000E+00,  0.00000000E+00,  0.00000000E+00,  0.50278977E+01, -0.11976790E+01
     367.,  0.00000000E+00,  0.00000000E+00,  0.00000000E+00,  0.00000000E+00,  0.56252530E+01, -0.11976790E+01
     368.,  0.00000000E+00,  0.00000000E+00,  0.00000000E+00,  0.00000000E+00,  0.62146825E+01, -0.11976790E+01
     369.,  0.00000000E+00,  0.00000000E+00,  0.00000000E+00,  0.00000000E+00,  0.67724248E+01, -0.11976790E+01
     370.,  0.00000000E+00,  0.00000000E+00,  0.00000000E+00,  0.00000000E+00,  0.74406857E+01, -0.11976790E+01
     371.,  0.00000000E+00,  0.00000000E+00,  0.00000000E+00,  0.00000000E+00,  0.83152716E+01, -0.11976790E+01
     372.,  0.00000000E+00,  0.00000000E+00,  0.00000000E+00,  0.00000000E+00,  0.94306598E+01, -0.11976790E+01
     373.,  0.00000000E+00,  0.00000000E+00,  0.00000000E+00,  0.00000000E+00,  0.10851358E+02, -0.11976790E+01
     374.,  0.00000000E+00,  0.00000000E+00,  0.00000000E+00,  0.00000000E+00,  0.12465678E+02, -0.11976790E+01
     375.,  0.00000000E+00,  0.00000000E+00,  0.00000000E+00,  0.00000000E+00,  0.13834043E+02, -0.11976790E+01
     376.,  0.00000000E+00,  0.00000000E+00,  0.00000000E+00,  0.00000000E+00,  0.14975149E+02, -0.11976790E+01
     377.,  0.00000000E+00,  0.00000000E+00,  0.00000000E+00,  0.00000000E+00,  0.29015861E+02, -0.11976790E+01
     378.,  0.00000000E+00,  0.00000000E+00,  0.00000000E+00,  0.00000000E+00,  0.70744385E+02, -0.11976790E+01
     379.,  0.00000000E+00,  0.00000000E+00,  0.00000000E+00,  0.00000000E+00,  0.11853294E+03, -0.11976790E+01
     380.,  0.00000000E+00,  0.00000000E+00,  0.00000000E+00,  0.00000000E+00,  0.14604620E+03, -0.11976790E+01
     381.,  0.00000000E+00,  0.00000000E+00,  0.00000000E+00,  0.00000000E+00,  0.15689875E+03, -0.11976790E+01
     382.,  0.00000000E+00,  0.00000000E+00,  0.00000000E+00,  0.00000000E+00,  0.16183386E+03, -0.11976790E+01
     383.,  0.00000000E+00,  0.00000000E+00,  0.00000000E+00,  0.00000000E+00,  0.17048708E+03, -0.11976790E+01
     384.,  0.00000000E+00,  0.00000000E+00,  0.00000000E+00,  0.34766995E-03,  0.18485309E+03, -0.11976790E+01
     385.,  0.00000000E+00,  0.00000000E+00,  0.00000000E+00,  0.64789361E-02,  0.22575799E+03, -0.11976790E+01
     386.,  0.00000000E+00,  0.00000000E+00,  0.00000000E+00,  0.76489740E-02,  0.23246959E+03, -0.11976790E+01
     387.,  0.00000000E+00,  0.00000000E+00,  0.00000000E+00,  0.86833453E-02,  0.23799844E+03, -0.11976790E+01
     388.,  0.00000000E+00,  0.00000000E+00,  0.00000000E+00,  0.94950665E-02,  0.24213330E+03, -0.11976790E+01
     389.,  0.00000000E+00,  0.00000000E+00,  0.00000000E+00,  0.95051599E-02,  0.24217706E+03, -0.11976790E+01
     390.,  0.00000000E+00,  0.00000000E+00,  0.00000000E+00,  0.78755174E-02,  0.23365649E+03, -0.11976790E+01
     391.,  0.00000000E+00,  0.00000000E+00,  0.00000000E+00,  0.41731997E-02,  0.21135895E+03, -0.11976790E+01
     392.,  0.00000000E+00,  0.00000000E+00,  0.00000000E+00,  0.98815207E-03,  0.17258332E+03, -0.11976790E+01
     393.,  0.00000000E+00,  0.00000000E+00,  0.00000000E+00,  0.27180547E-02,  0.20057917E+03, -0.11976790E+01
     394.,  0.00000000E+00,  0.00000000E+00,  0.00000000E+00,  0.73906202E-02,  0.23092287E+03, -0.11976790E+01
     395.,  0.00000000E+00,  0.00000000E+00,  0.00000000E+00,  0.10777330E-01,  0.24835128E+03, -0.11976790E+01
     396.,  0.00000000E+00,  0.00000000E+00,  0.00000000E+00,  0.11959078E-01,  0.25386434E+03, -0.11976790E+01
     397.,  0.00000000E+00,  0.00000000E+00,  0.00000000E+00,  0.11594936E-01,  0.25220740E+03, -0.11976790E+01
     398.,  0.00000000E+00,  0.00000000E+00,  0.00000000E+00,  0.10430007E-01,  0.24667062E+03, -0.11976790E+01
     399.,  0.00000000E+00,  0.00000000E+00,  0.00000000E+00,  0.90362944E-02,  0.23972196E+03, -0.11976790E+01
     400.,  0.00000000E+00,  0.00000000E+00,  0.00000000E+00,  0.74749873E-02,  0.23126242E+03, -0.11976790E+01
     401.,  0.00000000E+00,  0.00000000E+00,  0.00000000E+00,  0.65494590E-02,  0.22626510E+03, -0.11976790E+01
     402.,  0.00000000E+00,  0.00000000E+00,  0.00000000E+00,  0.57786632E-02,  0.22193404E+03, -0.11976790E+01
     403.,  0.00000000E+00,  0.00000000E+00,  0.00000000E+00,  0.43440100E-02,  0.21329624E+03, -0.11976790E+01
     404.,  0.00000000E+00,  0.00000000E+00,  0.00000000E+00,  0.27077842E-02,  0.20292537E+03, -0.11976790E+01
     405.,  0.00000000E+00,  0.00000000E+00,  0.00000000E+00,  0.12006175E-02,  0.19277789E+03, -0.11976790E+01
     406.,  0.00000000E+00,  0.00000000E+00,  0.00000000E+00,  0.18952466E-03,  0.18356364E+03, -0.11976790E+01
     407.,  0.00000000E+00,  0.00000000E+00,  0.00000000E+00,  0.00000000E+00,  0.10393488E+03, -0.11976790E+01
     408.,  0.00000000E+00,  0.00000000E+00,  0.00000000E+00,  0.00000000E+00,  0.32698196E+02, -0.11976790E+01
     409.,  0.00000000E+00,  0.00000000E+00,  0.00000000E+00,  0.00000000E+00,  0.22477484E+01, -0.11976790E+01
     410.,  0.00000000E+00,  0.00000000E+00,  0.00000000E+00,  0.00000000E+00,  0.90358829E+01, -0.11976790E+01
     411.,  0.00000000E+00,  0.00000000E+00,  0.00000000E+00,  0.00000000E+00,  0.86851531E+01, -0.11976790E+01
     412.,  0.00000000E+00,  0.00000000E+00,  0.00000000E+00,  0.00000000E+00,  0.67642918E+01, -0.11976790E+01
     413.,  0.00000000E+00,  0.00000000E+00,  0.00000000E+00,  0.00000000E+00,  0.51778256E+01, -0.11976790E+01
     414.,  0.00000000E+00,  0.00000000E+00,  0.00000000E+00,  0.00000000E+00,  0.41160107E+01, -0.11976790E+01
     415.,  0.00000000E+00,  0.00000000E+00,  0.00000000E+00,  0.00000000E+00,  0.34394620E+01, -0.11976790E+01
     416.,  0.00000000E+00,  0.00000000E+00,  0.00000000E+00,  0.00000000E+00,  0.30093913E+01, -0.11976790E+01
     417.,  0.00000000E+00,  0.00000000E+00,  0.00000000E+00,  0.00000000E+00,  0.27572381E+01, -0.11976790E+01
     418.,  0.00000000E+00,  0.00000000E+00,  0.00000000E+00,  0.00000000E+00,  0.26345896E+01, -0.11976790E+01
     419.,  0.00000000E+00,  0.00000000E+00,  0.00000000E+00,  0.00000000E+00,  0.25639662E+01, -0.11976790E+01
     420.,  0.00000000E+00,  0.00000000E+00,  0.00000000E+00,  0.00000000E+00,  0.25429699E+01, -0.11976790E+01
     421.,  0.00000000E+00,  0.00000000E+00,  0.00000000E+00,  0.00000000E+00,  0.25685367E+01, -0.11976790E+01
     422.,  0.00000000E+00,  0.00000000E+00,  0.00000000E+00,  0.00000000E+00,  0.26431602E+01, -0.11976790E+01
     423.,  0.00000000E+00,  0.00000000E+00,  0.00000000E+00,  0.00000000E+00,  0.27642994E+01, -0.11976790E+01
     424.,  0.00000000E+00,  0.00000000E+00,  0.00000000E+00,  0.00000000E+00,  0.29196060E+01, -0.11976790E+01
     425.,  0.00000000E+00,  0.00000000E+00,  0.00000000E+00,  0.00000000E+00,  0.31043650E+01, -0.11976790E+01
     426.,  0.00000000E+00,  0.00000000E+00,  0.00000000E+00,  0.00000000E+00,  0.33456244E+01, -0.11976790E+01
     427.,  0.00000000E+00,  0.00000000E+00,  0.00000000E+00,  0.00000000E+00,  0.36793003E+01, -0.11976790E+01
     428.,  0.00000000E+00,  0.00000000E+00,  0.00000000E+00,  0.00000000E+00,  0.40982976E+01, -0.11976790E+01
     429.,  0.00000000E+00,  0.00000000E+00,  0.00000000E+00,  0.00000000E+00,  0.45564259E+01, -0.11976790E+01
     430.,  0.00000000E+00,  0.00000000E+00,  0.00000000E+00,  0.00000000E+00,  0.50149788E+01, -0.11976790E+01
     431.,  0.00000000E+00,  0.00000000E+00,  0.00000000E+00,  0.00000000E+00,  0.54585227E+01, -0.11976790E+01
     432.,  0.00000000E+00,  0.00000000E+00,  0.00000000E+00,  0.00000000E+00,  0.59144664E+01, -0.11976790E+01
     433.,  0.00000000E+00,  0.00000000E+00,  0.00000000E+00,  0.00000000E+00,  0.65647667E+01, -0.11976790E+01
     434.,  0.00000000E+00,  0.00000000E+00,  0.00000000E+00,  0.00000000E+00,  0.73248372E+01, -0.11976790E+01
     435.,  0.00000000E+00,  0.00000000E+00,  0.00000000E+00,  0.00000000E+00,  0.83109880E+01, -0.11976790E+01
     436.,  0.00000000E+00,  0.00000000E+00,  0.00000000E+00,  0.00000000E+00,  0.95810993E+01, -0.11976790E+01
     437.,  0.00000000E+00,  0.00000000E+00,  0.00000000E+00,  0.00000000E+00,  0.11046822E+02, -0.11976790E+01
     438.,  0.00000000E+00,  0.00000000E+00,  0.00000000E+00,  0.00000000E+00,  0.12195110E+02, -0.11976790E+01
     439.,  0.00000000E+00,  0.00000000E+00,  0.00000000E+00,  0.00000000E+00,  0.11674561E+02, -0.11976790E+01
     440.,  0.00000000E+00,  0.00000000E+00,  0.00000000E+00,  0.00000000E+00,  0.19594129E+02, -0.11976790E+01
     441.,  0.00000000E+00,  0.00000000E+00,  0.00000000E+00,  0.00000000E+00,  0.65498872E+02, -0.11976790E+01
     442.,  0.00000000E+00,  0.00000000E+00,  0.00000000E+00,  0.27974345E-05,  0.15534467E+03, -0.11976790E+01
     443.,  0.00000000E+00,  0.00000000E+00,  0.00000000E+00,  0.64671893E-03,  0.18899368E+03, -0.11976790E+01
     444.,  0.00000000E+00,  0.00000000E+00,  0.00000000E+00,  0.19310026E-02,  0.19791138E+03, -0.11976790E+01
     445.,  0.00000000E+00,  0.00000000E+00,  0.00000000E+00,  0.34307409E-02,  0.20780208E+03, -0.11976790E+01
     446.,  0.00000000E+00,  0.00000000E+00,  0.00000000E+00,  0.47482839E-02,  0.21600241E+03, -0.11976790E+01
     447.,  0.00000000E+00,  0.00000000E+00,  0.00000000E+00,  0.56829455E-02,  0.22154664E+03, -0.11976790E+01
     448.,  0.00000000E+00,  0.00000000E+00,  0.00000000E+00,  0.59742440E-02,  0.22301775E+03, -0.11976790E+01
     449.,  0.00000000E+00,  0.00000000E+00,  0.00000000E+00,  0.00000000E+00,  0.13242929E+03, -0.11976790E+01
     450.,  0.00000000E+00,  0.00000000E+00,  0.00000000E+00,  0.00000000E+00,  0.13424399E+03, -0.11976790E+01
     451.,  0.00000000E+00,  0.00000000E+00,  0.00000000E+00,  0.69060085E-04,  0.18117567E+03, -0.11976790E+01
     452.,  0.00000000E+00,  0.00000000E+00,  0.00000000E+00,  0.55978038E-03,  0.18838958E+03, -0.11976790E+01
     453.,  0.00000000E+00,  0.00000000E+00,  0.00000000E+00,  0.12798760E-02,  0.19331848E+03, -0.11976790E+01
     454.,  0.00000000E+00,  0.00000000E+00,  0.00000000E+00,  0.21585134E-02,  0.19932030E+03, -0.11976790E+01
     455.,  0.00000000E+00,  0.00000000E+00,  0.00000000E+00,  0.26920442E-02,  0.20325698E+03, -0.11976790E+01
     456.,  0.00000000E+00,  0.00000000E+00,  0.00000000E+00,  0.21016941E-02,  0.19339462E+03, -0.11976790E+01
     457.,  0.00000000E+00,  0.00000000E+00,  0.00000000E+00,  0.22656989E-02,  0.20010900E+03, -0.11976790E+01
     458.,  0.00000000E+00,  0.00000000E+00,  0.00000000E+00,  0.21955600E-02,  0.19968019E+03, -0.11976790E+01
     459.,  0.00000000E+00,  0.00000000E+00,  0.00000000E+00,  0.14496244E-02,  0.19450001E+03, -0.11976790E+01
     460.,  0.00000000E+00,  0.00000000E+00,  0.00000000E+00,  0.78882182E-03,  0.18982519E+03, -0.11976790E+01
     461.,  0.00000000E+00,  0.00000000E+00,  0.00000000E+00,  0.25271172E-03,  0.18612390E+03, -0.11976790E+01
     462.,  0.00000000E+00,  0.00000000E+00,  0.00000000E+00,  0.15178828E-04,  0.17323899E+03, -0.11976790E+01
     463.,  0.00000000E+00,  0.00000000E+00,  0.00000000E+00,  0.00000000E+00,  0.15866494E+03, -0.11976790E+01
     464.,  0.00000000E+00,  0.00000000E+00,  0.00000000E+00,  0.12229850E-03,  0.17456746E+03, -0.11976790E+01
     465.,  0.00000000E+00,  0.00000000E+00,  0.00000000E+00,  0.93316165E-03,  0.18576433E+03, -0.11976790E+01
     466.,  0.00000000E+00,  0.00000000E+00,  0.00000000E+00,  0.18604839E-02,  0.19629290E+03, -0.11976790E+01
     467.,  0.00000000E+00,  0.00000000E+00,  0.00000000E+00,  0.23410627E-02,  0.20079620E+03, -0.11976790E+01
     468.,  0.00000000E+00,  0.00000000E+00,  0.00000000E+00,  0.20631807E-02,  0.19897843E+03, -0.11976790E+01
     469.,  0.00000000E+00,  0.00000000E+00,  0.00000000E+00,  0.11934395E-02,  0.19298181E+03, -0.11976790E+01
     470.,  0.00000000E+00,  0.00000000E+00,  0.00000000E+00,  0.30504727E-03,  0.18669306E+03, -0.11976790E+01
     471.,  0.00000000E+00,  0.00000000E+00,  0.00000000E+00,  0.00000000E+00,  0.13001951E+03, -0.11976790E+01
     472.,  0.00000000E+00,  0.00000000E+00,  0.00000000E+00,  0.00000000E+00,  0.53369783E+02, -0.11976790E+01
     473.,  0.00000000E+00,  0.00000000E+00,  0.00000000E+00,  0.00000000E+00,  0.11767217E+02, -0.11976790E+01
     474.,  0.00000000E+00,  0.00000000E+00,  0.00000000E+00,  0.00000000E+00,  0.34875543E+01, -0.11976790E+01
     475.,  0.00000000E+00,  0.00000000E+00,  0.00000000E+00,  0.00000000E+00,  0.63676870E+01, -0.11976790E+01
     476.,  0.00000000E+00,  0.00000000E+00,  0.00000000E+00,  0.00000000E+00,  0.57462736E+01, -0.11976790E+01
     477.,  0.00000000E+00,  0.00000000E+00,  0.00000000E+00,  0.00000000E+00,  0.45022741E+01, -0.11976790E+01
     478.,  0.00000000E+00,  0.00000000E+00,  0.00000000E+00,  0.00000000E+00,  0.34570200E+01, -0.11976790E+01
     479.,  0.00000000E+00,  0.00000000E+00,  0.00000000E+00,  0.00000000E+00,  0.26967087E+01, -0.11976790E+01
     480.,  0.00000000E+00,  0.00000000E+00,  0.00000000E+00,  0.00000000E+00,  0.21445354E+01, -0.11976790E+01
     481.,  0.00000000E+00,  0.00000000E+00,  0.00000000E+00,  0.00000000E+00,  0.19254048E+01, -0.11976790E+01
     482.,  0.00000000E+00,  0.00000000E+00,  0.00000000E+00,  0.00000000E+00,  0.19279709E+01, -0.11976790E+01
     483.,  0.00000000E+00,  0.00000000E+00,  0.00000000E+00,  0.00000000E+00,  0.19470651E+01, -0.11976790E+01
     484.,  0.00000000E+00,  0.00000000E+00,  0.00000000E+00,  0.00000000E+00,  0.20069377E+01, -0.11976790E+01
     485.,  0.00000000E+00,  0.00000000E+00,  0.00000000E+00,  0.00000000E+00,  0.21289846E+01, -0.11976790E+01
     486.,  0.00000000E+00,  0.00000000E+00,  0.00000000E+00,  0.00000000E+00,  0.23261445E+01, -0.11976790E+01
     487.,  0.00000000E+00,  0.00000000E+00,  0.00000000E+00,  0.00000000E+00,  0.25839784E+01, -0.11976790E+01
     488.,  0.00000000E+00,  0.00000000E+00,  0.00000000E+00,  0.00000000E+00,  0.28584968E+01, -0.11976790E+01
     489.,  0.00000000E+00,  0.00000000E+00,  0.00000000E+00,  0.00000000E+00,  0.31090772E+01, -0.11976790E+01
     490.,  0.00000000E+00,  0.00000000E+00,  0.00000000E+00,  0.00000000E+00,  0.33403177E+01, -0.11976790E+01
     491.,  0.00000000E+00,  0.00000000E+00,  0.00000000E+00,  0.00000000E+00,  0.35936732E+01, -0.11976790E+01
     492.,  0.00000000E+00,  0.00000000E+00,  0.00000000E+00,  0.00000000E+00,  0.38865299E+01, -0.11976790E+01
     493.,  0.00000000E+00,  0.00000000E+00,  0.00000000E+00,  0.00000000E+00,  0.41902339E+01, -0.11976790E+01
     494.,  0.00000000E+00,  0.00000000E+00,  0.00000000E+00,  0.00000000E+00,  0.44657337E+01, -0.11976790E+01
     495.,  0.00000000E+00,  0.00000000E+00,  0.00000000E+00,  0.00000000E+00,  0.47016171E+01, -0.11976790E+01
     496.,  0.00000000E+00,  0.00000000E+00,  0.00000000E+00,  0.00000000E+00,  0.48582783E+01, -0.11976790E+01
     497.,  0.00000000E+00,  0.00000000E+00,  0.00000000E+00,  0.00000000E+00,  0.52236050E+01, -0.11976790E+01
     498.,  0.00000000E+00,  0.00000000E+00,  0.00000000E+00,  0.00000000E+00,  0.60398395E+01, -0.11976790E+01
     499.,  0.00000000E+00,  0.00000000E+00,  0.00000000E+00,  0.00000000E+00,  0.70652100E+01, -0.11976790E+01
     500.,  0.00000000E+00,  0.00000000E+00,  0.00000000E+00,  0.00000000E+00,  0.83116963E+01, -0.11976790E+01
     501.,  0.00000000E+00,  0.00000000E+00,  0.00000000E+00,  0.00000000E+00,  0.95531644E+01, -0.11976790E+01
     502.,  0.00000000E+00,  0.00000000E+00,  0.00000000E+00,  0.00000000E+00,  0.10108349E+02, -0.11976790E+01
     503.,  0.00000000E+00,  0.00000000E+00,  0.00000000E+00,  0.00000000E+00,  0.10631804E+02, -0.11976790E+01
     504.,  0.00000000E+00,  0.00000000E+00,  0.00000000E+00,  0.00000000E+00,  0.27088179E+02, -0.11976790E+01
     505.,  0.00000000E+00,  0.00000000E+00,  0.00000000E+00,  0.00000000E+00,  0.77910759E+02, -0.11976790E+01
     506.,  0.00000000E+00,  0.00000000E+00,  0.00000000E+00,  0.10762263E-04,  0.16587314E+03, -0.11976790E+01
     507.,  0.00000000E+00,  0.00000000E+00,  0.00000000E+00,  0.56684163E-03,  0.18872430E+03, -0.11976790E+01
     508.,  0.00000000E+00,  0.00000000E+00,  0.00000000E+00,  0.13671034E-02,  0.19430882E+03, -0.11976790E+01
     509.,  0.00000000E+00,  0.00000000E+00,  0.00000000E+00,  0.18877057E-02,  0.19783694E+03, -0.11976790E+01
     510.,  0.00000000E+00,  0.00000000E+00,  0.00000000E+00,  0.18024486E-02,  0.19700790E+03, -0.11976790E+01
     511.,  0.00000000E+00,  0.00000000E+00,  0.00000000E+00,  0.12039972E-02,  0.19165063E+03, -0.11976790E+01
     512.,  0.00000000E+00,  0.00000000E+00,  0.00000000E+00,  0.39730749E-03,  0.17927316E+03, -0.11976790E+01
     513.,  0.00000000E+00,  0.00000000E+00,  0.00000000E+00,  0.00000000E+00,  0.28073464E+02, -0.11976790E+01
     514.,  0.00000000E+00,  0.00000000E+00,  0.00000000E+00,  0.00000000E+00,  0.48997725E+02, -0.11976790E+01
     515.,  0.00000000E+00,  0.00000000E+00,  0.00000000E+00,  0.00000000E+00,  0.12615951E+03, -0.11976790E+01
     516.,  0.00000000E+00,  0.00000000E+00,  0.00000000E+00,  0.11899128E-03,  0.18507860E+03, -0.11976790E+01
     517.,  0.00000000E+00,  0.00000000E+00,  0.00000000E+00,  0.63464543E-03,  0.18887277E+03, -0.11976790E+01
     518.,  0.00000000E+00,  0.00000000E+00,  0.00000000E+00,  0.12142800E-02,  0.19281651E+03, -0.11976790E+01
     519.,  0.00000000E+00,  0.00000000E+00,  0.00000000E+00,  0.19376360E-02,  0.19779738E+03, -0.11976790E+01
     520.,  0.00000000E+00,  0.00000000E+00,  0.00000000E+00,  0.25603400E-02,  0.20227533E+03, -0.11976790E+01
     521.,  0.00000000E+00,  0.00000000E+00,  0.00000000E+00,  0.21286340E-02,  0.19940674E+03, -0.11976790E+01
     522.,  0.00000000E+00,  0.00000000E+00,  0.00000000E+00,  0.10725520E-02,  0.19140975E+03, -0.11976790E+01
     523.,  0.00000000E+00,  0.00000000E+00,  0.00000000E+00,  0.44257340E-03,  0.18698177E+03, -0.11976790E+01
     524.,  0.00000000E+00,  0.00000000E+00,  0.00000000E+00,  0.60306497E-04,  0.18241830E+03, -0.11976790E+01
     525.,  0.00000000E+00,  0.00000000E+00,  0.00000000E+00,  0.00000000E+00,  0.12461520E+03, -0.11976790E+01
     526.,  0.00000000E+00,  0.00000000E+00,  0.00000000E+00,  0.00000000E+00,  0.66601633E+02, -0.11976790E+01
     527.,  0.00000000E+00,  0.00000000E+00,  0.00000000E+00,  0.00000000E+00,  0.38229180E+02, -0.11976790E+01
     528.,  0.00000000E+00,  0.00000000E+00,  0.00000000E+00,  0.00000000E+00,  0.63739740E+02, -0.11976790E+01
     529.,  0.00000000E+00,  0.00000000E+00,  0.00000000E+00,  0.00000000E+00,  0.10512472E+03, -0.11976790E+01
     530.,  0.00000000E+00,  0.00000000E+00,  0.00000000E+00,  0.32693245E-03,  0.18263923E+03, -0.11976790E+01
     531.,  0.00000000E+00,  0.00000000E+00,  0.00000000E+00,  0.11887408E-02,  0.19195680E+03, -0.11976790E+01
     532.,  0.00000000E+00,  0.00000000E+00,  0.00000000E+00,  0.16885245E-02,  0.19649874E+03, -0.11976790E+01
     533.,  0.00000000E+00,  0.00000000E+00,  0.00000000E+00,  0.13145626E-02,  0.19387042E+03, -0.11976790E+01
     534.,  0.00000000E+00,  0.00000000E+00,  0.00000000E+00,  0.45784339E-03,  0.18776171E+03, -0.11976790E+01
     535.,  0.00000000E+00,  0.00000000E+00,  0.00000000E+00,  0.00000000E+00,  0.15009291E+03, -0.11976790E+01
     536.,  0.00000000E+00,  0.00000000E+00,  0.00000000E+00,  0.00000000E+00,  0.67332751E+02, -0.11976790E+01
     537.,  0.00000000E+00,  0.00000000E+00,  0.00000000E+00,  0.00000000E+00,  0.19835915E+02, -0.11976790E+01
     538.,  0.00000000E+00,  0.00000000E+00,  0.00000000E+00,  0.00000000E+00,  0.22197648E+01, -0.11976790E+01
     539.,  0.00000000E+00,  0.00000000E+00,  0.00000000E+00,  0.00000000E+00,  0.45910212E+01, -0.11976790E+01
     540.,  0.00000000E+00,  0.00000000E+00,  0.00000000E+00,  0.00000000E+00,  0.46064008E+01, -0.11976790E+01
     541.,  0.00000000E+00,  0.00000000E+00,  0.00000000E+00,  0.00000000E+00,  0.35695246E+01, -0.11976790E+01
     542.,  0.00000000E+00,  0.00000000E+00,  0.00000000E+00,  0.00000000E+00,  0.25747822E+01, -0.11976790E+01
     543.,  0.00000000E+00,  0.00000000E+00,  0.00000000E+00,  0.00000000E+00,  0.18126063E+01, -0.11976790E+01
     544.,  0.00000000E+00,  0.00000000E+00,  0.00000000E+00,  0.00000000E+00,  0.12938199E+01, -0.11976790E+01
     545.,  0.00000000E+00,  0.00000000E+00,  0.00000000E+00,  0.00000000E+00,  0.11621628E+01, -0.11976790E+01
     546.,  0.00000000E+00,  0.00000000E+00,  0.00000000E+00,  0.00000000E+00,  0.12733253E+01, -0.11976790E+01
     547.,  0.00000000E+00,  0.00000000E+00,  0.00000000E+00,  0.00000000E+00,  0.13831602E+01, -0.11976790E+01
     548.,  0.00000000E+00,  0.00000000E+00,  0.00000000E+00,  0.00000000E+00,  0.15324279E+01, -0.11976790E+01
     549.,  0.00000000E+00,  0.00000000E+00,  0.00000000E+00,  0.00000000E+00,  0.17782135E+01, -0.11976790E+01
     550.,  0.00000000E+00,  0.00000000E+00,  0.00000000E+00,  0.00000000E+00,  0.21336229E+01, -0.11976790E+01
     551.,  0.00000000E+00,  0.00000000E+00,  0.00000000E+00,  0.00000000E+00,  0.25543174E+01, -0.11976790E+01
     552.,  0.00000000E+00,  0.00000000E+00,  0.00000000E+00,  0.00000000E+00,  0.29597849E+01, -0.11976790E+01
     553.,  0.00000000E+00,  0.00000000E+00,  0.00000000E+00,  0.00000000E+00,  0.32758073E+01, -0.11976790E+01
     554.,  0.00000000E+00,  0.00000000E+00,  0.00000000E+00,  0.00000000E+00,  0.34838255E+01, -0.11976790E+01
     555.,  0.00000000E+00,  0.00000000E+00,  0.00000000E+00,  0.00000000E+00,  0.36273797E+01, -0.11976790E+01
     556.,  0.00000000E+00,  0.00000000E+00,  0.00000000E+00,  0.00000000E+00,  0.37523964E+01, -0.11976790E+01
     557.,  0.00000000E+00,  0.00000000E+00,  0.00000000E+00,  0.00000000E+00,  0.38522455E+01, -0.11976790E+01
     558.,  0.00000000E+00,  0.00000000E+00,  0.00000000E+00,  0.00000000E+00,  0.38855819E+01, -0.11976790E+01
     559.,  0.00000000E+00,  0.00000000E+00,  0.00000000E+00,  0.00000000E+00,  0.37970604E+01, -0.11976790E+01
     560.,  0.00000000E+00,  0.00000000E+00,  0.00000000E+00,  0.00000000E+00,  0.35449214E+01, -0.11976790E+01
     561.,  0.00000000E+00,  0.00000000E+00,  0.00000000E+00,  0.00000000E+00,  0.37096095E+01, -0.11976790E+01
     562.,  0.00000000E+00,  0.00000000E+00,  0.00000000E+00,  0.00000000E+00,  0.45447275E+01, -0.11976790E+01
     563.,  0.00000000E+00,  0.00000000E+00,  0.00000000E+00,  0.00000000E+00,  0.55623665E+01, -0.11976790E+01
     564.,  0.00000000E+00,  0.00000000E+00,  0.00000000E+00,  0.00000000E+00,  0.67160984E+01, -0.11976790E+01
     565.,  0.00000000E+00,  0.00000000E+00,  0.00000000E+00,  0.00000000E+00,  0.77952683E+01, -0.11976790E+01
     566.,  0.00000000E+00,  0.00000000E+00,  0.00000000E+00,  0.00000000E+00,  0.80700396E+01, -0.11976790E+01
     567.,  0.00000000E+00,  0.00000000E+00,  0.00000000E+00,  0.00000000E+00,  0.10861955E+02, -0.11976790E+01
     568.,  0.00000000E+00,  0.00000000E+00,  0.00000000E+00,  0.00000000E+00,  0.32341875E+02, -0.11976790E+01
     569.,  0.00000000E+00,  0.00000000E+00,  0.00000000E+00,  0.00000000E+00,  0.86543332E+02, -0.11976790E+01
     570.,  0.00000000E+00,  0.00000000E+00,  0.00000000E+00,  0.21457015E-04,  0.17464670E+03, -0.11976790E+01
     571.,  0.00000000E+00,  0.00000000E+00,  0.00000000E+00,  0.59376479E-03,  0.18895599E+03, -0.11976790E+01
     572.,  0.00000000E+00,  0.00000000E+00,  0.00000000E+00,  0.12458489E-02,  0.19356070E+03, -0.11976790E+01
     573.,  0.00000000E+00,  0.00000000E+00,  0.00000000E+00,  0.13182588E-02,  0.19390373E+03, -0.11976790E+01
     574.,  0.00000000E+00,  0.00000000E+00,  0.00000000E+00,  0.76490331E-03,  0.18899440E+03, -0.11976790E+01
     575.,  0.00000000E+00,  0.00000000E+00,  0.00000000E+00,  0.94701057E-04,  0.17381078E+03, -0.11976790E+01
     576.,  0.00000000E+00,  0.00000000E+00,  0.00000000E+00,  0.00000000E+00,  0.70710200E+02, -0.11976790E+01
     577.,  0.00000000E+00,  0.00000000E+00,  0.00000000E+00,  0.00000000E+00,  0.10592878E+03, -0.11976790E+01
     578.,  0.00000000E+00,  0.00000000E+00,  0.00000000E+00,  0.00000000E+00,  0.12059016E+03, -0.11976790E+01
     579.,  0.00000000E+00,  0.00000000E+00,  0.00000000E+00,  0.00000000E+00,  0.15181194E+03, -0.11976790E+01
     580.,  0.00000000E+00,  0.00000000E+00,  0.00000000E+00,  0.14491849E-03,  0.18522745E+03, -0.11976790E+01
     581.,  0.00000000E+00,  0.00000000E+00,  0.00000000E+00,  0.62845400E-03,  0.18870407E+03, -0.11976790E+01
     582.,  0.00000000E+00,  0.00000000E+00,  0.00000000E+00,  0.11614981E-02,  0.19287591E+03, -0.11976790E+01
     583.,  0.00000000E+00,  0.00000000E+00,  0.00000000E+00,  0.16662999E-02,  0.19540331E+03, -0.11976790E+01
     584.,  0.00000000E+00,  0.00000000E+00,  0.00000000E+00,  0.24076093E-02,  0.20013259E+03, -0.11976790E+01
     585.,  0.00000000E+00,  0.00000000E+00,  0.00000000E+00,  0.20766961E-02,  0.19899055E+03, -0.11976790E+01
     586.,  0.00000000E+00,  0.00000000E+00,  0.00000000E+00,  0.76641928E-03,  0.18961819E+03, -0.11976790E+01
     587.,  0.00000000E+00,  0.00000000E+00,  0.00000000E+00,  0.29041198E-03,  0.18616580E+03, -0.11976790E+01
     588.,  0.00000000E+00,  0.00000000E+00,  0.00000000E+00,  0.37138954E-04,  0.18381397E+03, -0.11976790E+01
     589.,  0.00000000E+00,  0.00000000E+00,  0.00000000E+00,  0.00000000E+00,  0.13787516E+03, -0.11976790E+01
     590.,  0.00000000E+00,  0.00000000E+00,  0.00000000E+00,  0.00000000E+00,  0.10019680E+03, -0.11976790E+01
     591.,  0.00000000E+00,  0.00000000E+00,  0.00000000E+00,  0.00000000E+00,  0.82972214E+02, -0.11976790E+01
     592.,  0.00000000E+00,  0.00000000E+00,  0.00000000E+00,  0.00000000E+00,  0.79108709E+02, -0.11976790E+01
     593.,  0.00000000E+00,  0.00000000E+00,  0.00000000E+00,  0.00000000E+00,  0.60454462E+02, -0.11976790E+01
     594.,  0.00000000E+00,  0.00000000E+00,  0.00000000E+00,  0.00000000E+00,  0.12840302E+03, -0.11976790E+01
     595.,  0.00000000E+00,  0.00000000E+00,  0.00000000E+00,  0.39075419E-03,  0.18507662E+03, -0.11976790E+01
     596.,  0.00000000E+00,  0.00000000E+00,  0.00000000E+00,  0.12220311E-02,  0.19293588E+03, -0.11976790E+01
     597.,  0.00000000E+00,  0.00000000E+00,  0.00000000E+00,  0.14166026E-02,  0.19468438E+03, -0.11976790E+01
     598.,  0.00000000E+00,  0.00000000E+00,  0.00000000E+00,  0.64975207E-03,  0.18903328E+03, -0.11976790E+01
     599.,  0.00000000E+00,  0.00000000E+00,  0.00000000E+00,  0.00000000E+00,  0.16691771E+03, -0.11976790E+01
     600.,  0.00000000E+00,  0.00000000E+00,  0.00000000E+00,  0.00000000E+00,  0.76695678E+02, -0.11976790E+01
     601.,  0.00000000E+00,  0.00000000E+00,  0.00000000E+00,  0.00000000E+00,  0.25191999E+02, -0.11976790E+01
     602.,  0.00000000E+00,  0.00000000E+00,  0.00000000E+00,  0.00000000E+00,  0.41873909E+01, -0.11976790E+01
     603.,  0.00000000E+00,  0.00000000E+00,  0.00000000E+00,  0.00000000E+00,  0.32656344E+01, -0.11976790E+01
     604.,  0.00000000E+00,  0.00000000E+00,  0.00000000E+00,  0.00000000E+00,  0.35569367E+01, -0.11976790E+01
     605.,  0.00000000E+00,  0.00000000E+00,  0.00000000E+00,  0.00000000E+00,  0.27035058E+01, -0.11976790E+01
     606.,  0.00000000E+00,  0.00000000E+00,  0.00000000E+00,  0.00000000E+00,  0.17808556E+01, -0.11976790E+01
     607.,  0.00000000E+00,  0.00000000E+00,  0.00000000E+00,  0.00000000E+00,  0.11036153E+01, -0.11976790E+01
     608.,  0.00000000E+00,  0.00000000E+00,  0.00000000E+00,  0.00000000E+00,  0.69785535E+00, -0.11976790E+01
     609.,  0.00000000E+00,  0.00000000E+00,  0.00000000E+00,  0.00000000E+00,  0.61748987E+00, -0.11976790E+01
     610.,  0.00000000E+00,  0.00000000E+00,  0.00000000E+00,  0.00000000E+00,  0.74147530E+00, -0.11976790E+01
     611.,  0.00000000E+00,  0.00000000E+00,  0.00000000E+00,  0.00000000E+00,  0.86809637E+00, -0.11976790E+01
     612.,  0.00000000E+00,  0.00000000E+00,  0.00000000E+00,  0.00000000E+00,  0.10954960E+01, -0.11976790E+01
     613.,  0.00000000E+00,  0.00000000E+00,  0.00000000E+00,  0.00000000E+00,  0.14990645E+01, -0.11976790E+01
     614.,  0.00000000E+00,  0.00000000E+00,  0.00000000E+00,  0.00000000E+00,  0.20503295E+01, -0.11976790E+01
     615.,  0.00000000E+00,  0.00000000E+00,  0.00000000E+00,  0.00000000E+00,  0.26563140E+01, -0.11976790E+01
     616.,  0.00000000E+00,  0.00000000E+00,  0.00000000E+00,  0.00000000E+00,  0.32025519E+01, -0.11976790E+01
     617.,  0.00000000E+00,  0.00000000E+00,  0.00000000E+00,  0.00000000E+00,  0.35838850E+01, -0.11976790E+01
     618.,  0.00000000E+00,  0.00000000E+00,  0.00000000E+00,  0.00000000E+00,  0.37536049E+01, -0.11976790E+01
     619.,  0.00000000E+00,  0.00000000E+00,  0.00000000E+00,  0.00000000E+00,  0.37487750E+01, -0.11976790E+01
     620.,  0.00000000E+00,  0.00000000E+00,  0.00000000E+00,  0.00000000E+00,  0.36426437E+01, -0.11976790E+01
     621.,  0.00000000E+00,  0.00000000E+00,  0.00000000E+00,  0.00000000E+00,  0.34696502E+01, -0.11976790E+01
     622.,  0.00000000E+00,  0.00000000E+00,  0.00000000E+00,  0.00000000E+00,  0.31909534E+01, -0.11976790E+01
     623.,  0.00000000E+00,  0.00000000E+00,  0.00000000E+00,  0.00000000E+00,  0.27426157E+01, -0.11976790E+01
     624.,  0.00000000E+00,  0.00000000E+00,  0.00000000E+00,  0.00000000E+00,  0.21402989E+01, -0.11976790E+01
     625.,  0.00000000E+00,  0.00000000E+00,  0.00000000E+00,  0.00000000E+00,  0.21753841E+01, -0.11976790E+01
     626.,  0.00000000E+00,  0.00000000E+00,  0.00000000E+00,  0.00000000E+00,  0.30145833E+01, -0.11976790E+01
     627.,  0.00000000E+00,  0.00000000E+00,  0.00000000E+00,  0.00000000E+00,  0.40132395E+01, -0.11976790E+01
     628.,  0.00000000E+00,  0.00000000E+00,  0.00000000E+00,  0.00000000E+00,  0.50655179E+01, -0.11976790E+01
     629.,  0.00000000E+00,  0.00000000E+00,  0.00000000E+00,  0.00000000E+00,  0.59652264E+01, -0.11976790E+01
     630.,  0.00000000E+00,  0.00000000E+00,  0.00000000E+00,  0.00000000E+00,  0.62121333E+01, -0.11976790E+01
     631.,  0.00000000E+00,  0.00000000E+00,  0.00000000E+00,  0.00000000E+00,  0.11221034E+02, -0.11976790E+01
     632.,  0.00000000E+00,  0.00000000E+00,  0.00000000E+00,  0.00000000E+00,  0.35664344E+02, -0.11976790E+01
     633.,  0.00000000E+00,  0.00000000E+00,  0.00000000E+00,  0.00000000E+00,  0.91654240E+02, -0.11976790E+01
     634.,  0.00000000E+00,  0.00000000E+00,  0.00000000E+00,  0.36618950E-04,  0.18096608E+03, -0.11976790E+01
     635.,  0.00000000E+00,  0.00000000E+00,  0.00000000E+00,  0.65639458E-03,  0.18939427E+03, -0.11976790E+01
     636.,  0.00000000E+00,  0.00000000E+00,  0.00000000E+00,  0.11456924E-02,  0.19295969E+03, -0.11976790E+01
     637.,  0.00000000E+00,  0.00000000E+00,  0.00000000E+00,  0.83125829E-03,  0.19008349E+03, -0.11976790E+01
     638.,  0.00000000E+00,  0.00000000E+00,  0.00000000E+00,  0.17346158E-03,  0.18427471E+03, -0.11976790E+01
     639.,  0.00000000E+00,  0.00000000E+00,  0.00000000E+00,  0.00000000E+00,  0.10717679E+03, -0.11976790E+01
     640.,  0.00000000E+00,  0.00000000E+00,  0.00000000E+00,  0.00000000E+00,  0.66931866E+02, -0.11976790E+01
     641.,  0.00000000E+00,  0.00000000E+00,  0.00000000E+00,  0.17896255E-03,  0.18593700E+03, -0.11976790E+01
     642.,  0.00000000E+00,  0.00000000E+00,  0.00000000E+00,  0.24436463E-03,  0.18625912E+03, -0.11976790E+01
     643.,  0.00000000E+00,  0.00000000E+00,  0.00000000E+00,  0.41581072E-03,  0.18784365E+03, -0.11976790E+01
     644.,  0.00000000E+00,  0.00000000E+00,  0.00000000E+00,  0.59566082E-03,  0.18857792E+03, -0.11976790E+01
     645.,  0.00000000E+00,  0.00000000E+00,  0.00000000E+00,  0.13380322E-02,  0.19382889E+03, -0.11976790E+01
     646.,  0.00000000E+00,  0.00000000E+00,  0.00000000E+00,  0.19723470E-02,  0.19834428E+03, -0.11976790E+01
     647.,  0.00000000E+00,  0.00000000E+00,  0.00000000E+00,  0.20096846E-02,  0.19817360E+03, -0.11976790E+01
     648.,  0.00000000E+00,  0.00000000E+00,  0.00000000E+00,  0.17028429E-02,  0.18452813E+03, -0.11976790E+01
     649.,  0.00000000E+00,  0.00000000E+00,  0.00000000E+00,  0.20604921E-02,  0.19885757E+03, -0.11976790E+01
     650.,  0.00000000E+00,  0.00000000E+00,  0.00000000E+00,  0.11799096E-02,  0.19273215E+03, -0.11976790E+01
     651.,  0.00000000E+00,  0.00000000E+00,  0.00000000E+00,  0.85148172E-03,  0.19090666E+03, -0.11976790E+01
     652.,  0.00000000E+00,  0.00000000E+00,  0.00000000E+00,  0.54055340E-03,  0.18830929E+03, -0.11976790E+01
     653.,  0.00000000E+00,  0.00000000E+00,  0.00000000E+00,  0.24411343E-03,  0.18648738E+03, -0.11976790E+01
     654.,  0.00000000E+00,  0.00000000E+00,  0.00000000E+00,  0.16683246E-03,  0.18612307E+03, -0.11976790E+01
     655.,  0.00000000E+00,  0.00000000E+00,  0.00000000E+00,  0.73092099E-04,  0.18521710E+03, -0.11976790E+01
     656.,  0.00000000E+00,  0.00000000E+00,  0.00000000E+00,  0.51908816E-04,  0.18226270E+03, -0.11976790E+01
     657.,  0.00000000E+00,  0.00000000E+00,  0.00000000E+00,  0.34165306E-04,  0.14442903E+03, -0.11976790E+01
     658.,  0.00000000E+00,  0.00000000E+00,  0.00000000E+00,  0.00000000E+00,  0.87518271E+02, -0.11976790E+01
     659.,  0.00000000E+00,  0.00000000E+00,  0.00000000E+00,  0.50401990E-04,  0.17809088E+03, -0.11976790E+01
     660.,  0.00000000E+00,  0.00000000E+00,  0.00000000E+00,  0.79144331E-03,  0.18915340E+03, -0.11976790E+01
     661.,  0.00000000E+00,  0.00000000E+00,  0.00000000E+00,  0.14674950E-02,  0.19514387E+03, -0.11976790E+01
     662.,  0.00000000E+00,  0.00000000E+00,  0.00000000E+00,  0.92731554E-03,  0.19074200E+03, -0.11976790E+01
     663.,  0.00000000E+00,  0.00000000E+00,  0.00000000E+00,  0.20562649E-04,  0.17977398E+03, -0.11976790E+01
     664.,  0.00000000E+00,  0.00000000E+00,  0.00000000E+00,  0.00000000E+00,  0.84157129E+02, -0.11976790E+01
     665.,  0.00000000E+00,  0.00000000E+00,  0.00000000E+00,  0.00000000E+00,  0.29350721E+02, -0.11976790E+01
     666.,  0.00000000E+00,  0.00000000E+00,  0.00000000E+00,  0.00000000E+00,  0.57289319E+01, -0.11976790E+01
     667.,  0.00000000E+00,  0.00000000E+00,  0.00000000E+00,  0.00000000E+00,  0.22900499E+01, -0.11976790E+01
     668.,  0.00000000E+00,  0.00000000E+00,  0.00000000E+00,  0.00000000E+00,  0.27450587E+01, -0.11976790E+01
     669.,  0.00000000E+00,  0.00000000E+00,  0.00000000E+00,  0.00000000E+00,  0.20480941E+01, -0.11976790E+01
     670.,  0.00000000E+00,  0.00000000E+00,  0.00000000E+00,  0.00000000E+00,  0.12175347E+01, -0.11976790E+01
     671.,  0.00000000E+00,  0.00000000E+00,  0.00000000E+00,  0.00000000E+00,  0.66702767E+00, -0.11976790E+01
     672.,  0.00000000E+00,  0.00000000E+00,  0.00000000E+00,  0.00000000E+00,  0.37286256E+00, -0.11976790E+01
     673.,  0.00000000E+00,  0.00000000E+00,  0.00000000E+00,  0.00000000E+00,  0.32157159E+00, -0.11976790E+01
     674.,  0.00000000E+00,  0.00000000E+00,  0.00000000E+00,  0.00000000E+00,  0.37856516E+00, -0.11976790E+01
     675.,  0.00000000E+00,  0.00000000E+00,  0.00000000E+00,  0.00000000E+00,  0.41782025E+00, -0.11976790E+01
     676.,  0.00000000E+00,  0.00000000E+00,  0.00000000E+00,  0.00000000E+00,  0.70457782E+00, -0.11976790E+01
     677.,  0.00000000E+00,  0.00000000E+00,  0.00000000E+00,  0.00000000E+00,  0.13021352E+01, -0.11976790E+01
     678.,  0.00000000E+00,  0.00000000E+00,  0.00000000E+00,  0.00000000E+00,  0.20697337E+01, -0.11976790E+01
     679.,  0.00000000E+00,  0.00000000E+00,  0.00000000E+00,  0.00000000E+00,  0.28754146E+01, -0.11976790E+01
     680.,  0.00000000E+00,  0.00000000E+00,  0.00000000E+00,  0.00000000E+00,  0.35754043E+01, -0.11976790E+01
     681.,  0.00000000E+00,  0.00000000E+00,  0.00000000E+00,  0.00000000E+00,  0.40281236E+01, -0.11976790E+01
     682.,  0.00000000E+00,  0.00000000E+00,  0.00000000E+00,  0.00000000E+00,  0.41496365E+01, -0.11976790E+01
     683.,  0.00000000E+00,  0.00000000E+00,  0.00000000E+00,  0.00000000E+00,  0.39557398E+01, -0.11976790E+01
     684.,  0.00000000E+00,  0.00000000E+00,  0.00000000E+00,  0.00000000E+00,  0.35401778E+01, -0.11976790E+01
     685.,  0.00000000E+00,  0.00000000E+00,  0.00000000E+00,  0.00000000E+00,  0.29997233E+01, -0.11976790E+01
     686.,  0.00000000E+00,  0.00000000E+00,  0.00000000E+00,  0.00000000E+00,  0.23678765E+01, -0.11976790E+01
     687.,  0.00000000E+00,  0.00000000E+00,  0.00000000E+00,  0.00000000E+00,  0.16427790E+01, -0.11976790E+01
     688.,  0.00000000E+00,  0.00000000E+00,  0.00000000E+00,  0.00000000E+00,  0.91060394E+00, -0.11976790E+01
     689.,  0.00000000E+00,  0.00000000E+00,  0.00000000E+00,  0.00000000E+00,  0.88459107E+00, -0.11976790E+01
     690.,  0.00000000E+00,  0.00000000E+00,  0.00000000E+00,  0.00000000E+00,  0.16394614E+01, -0.11976790E+01
     691.,  0.00000000E+00,  0.00000000E+00,  0.00000000E+00,  0.00000000E+00,  0.25360213E+01, -0.11976790E+01
     692.,  0.00000000E+00,  0.00000000E+00,  0.00000000E+00,  0.00000000E+00,  0.35240861E+01, -0.11976790E+01
     693.,  0.00000000E+00,  0.00000000E+00,  0.00000000E+00,  0.00000000E+00,  0.42045569E+01, -0.11976790E+01
     694.,  0.00000000E+00,  0.00000000E+00,  0.00000000E+00,  0.00000000E+00,  0.46502060E+01, -0.11976790E+01
     695.,  0.00000000E+00,  0.00000000E+00,  0.00000000E+00,  0.00000000E+00,  0.11778866E+02, -0.11976790E+01
     696.,  0.00000000E+00,  0.00000000E+00,  0.00000000E+00,  0.00000000E+00,  0.39086648E+02, -0.11976790E+01
     697.,  0.00000000E+00,  0.00000000E+00,  0.00000000E+00,  0.00000000E+00,  0.96322966E+02, -0.11976790E+01
     698.,  0.00000000E+00,  0.00000000E+00,  0.00000000E+00,  0.64543794E-04,  0.18508733E+03, -0.11976790E+01
     699.,  0.00000000E+00,  0.00000000E+00,  0.00000000E+00,  0.75358903E-03,  0.18998695E+03, -0.11976790E+01
     700.,  0.00000000E+00,  0.00000000E+00,  0.00000000E+00,  0.99359282E-03,  0.19186748E+03, -0.11976790E+01
     701.,  0.00000000E+00,  0.00000000E+00,  0.00000000E+00,  0.45286179E-03,  0.18702498E+03, -0.11976790E+01
     702.,  0.00000000E+00,  0.00000000E+00,  0.00000000E+00,  0.00000000E+00,  0.16367741E+03, -0.11976790E+01
     703.,  0.00000000E+00,  0.00000000E+00,  0.00000000E+00,  0.00000000E+00,  0.88999041E+02, -0.11976790E+01
     704.,  0.00000000E+00,  0.00000000E+00,  0.00000000E+00,  0.12049742E-03,  0.15782907E+03, -0.11976790E+01
     705.,  0.00000000E+00,  0.00000000E+00,  0.00000000E+00,  0.54297464E-02,  0.22006081E+03, -0.11976790E+01
     706.,  0.00000000E+00,  0.00000000E+00,  0.00000000E+00,  0.67189973E-02,  0.22750659E+03, -0.11976790E+01
     707.,  0.00000000E+00,  0.00000000E+00,  0.00000000E+00,  0.79405174E-02,  0.23410692E+03, -0.11976790E+01
     708.,  0.00000000E+00,  0.00000000E+00,  0.00000000E+00,  0.10566863E-01,  0.24733735E+03, -0.11976790E+01
     709.,  0.00000000E+00,  0.00000000E+00,  0.00000000E+00,  0.11184948E-01,  0.25031585E+03, -0.11976790E+01
     710.,  0.00000000E+00,  0.00000000E+00,  0.00000000E+00,  0.87129493E-02,  0.23795558E+03, -0.11976790E+01
     711.,  0.00000000E+00,  0.00000000E+00,  0.00000000E+00,  0.46793735E-02,  0.21476811E+03, -0.11976790E+01
     712.,  0.00000000E+00,  0.00000000E+00,  0.00000000E+00,  0.79843058E-03,  0.13409965E+03, -0.11976790E+01
     713.,  0.00000000E+00,  0.00000000E+00,  0.00000000E+00,  0.28891401E-02,  0.20306362E+03, -0.11976790E+01
     714.,  0.00000000E+00,  0.00000000E+00,  0.00000000E+00,  0.65778831E-02,  0.22653233E+03, -0.11976790E+01
     715.,  0.00000000E+00,  0.00000000E+00,  0.00000000E+00,  0.89978578E-02,  0.23967741E+03, -0.11976790E+01
     716.,  0.00000000E+00,  0.00000000E+00,  0.00000000E+00,  0.88256428E-02,  0.23877005E+03, -0.11976790E+01
     717.,  0.00000000E+00,  0.00000000E+00,  0.00000000E+00,  0.75842065E-02,  0.23221587E+03, -0.11976790E+01
     718.,  0.00000000E+00,  0.00000000E+00,  0.00000000E+00,  0.64408880E-02,  0.22592278E+03, -0.11976790E+01
     719.,  0.00000000E+00,  0.00000000E+00,  0.00000000E+00,  0.52194896E-02,  0.21887220E+03, -0.11976790E+01
     720.,  0.00000000E+00,  0.00000000E+00,  0.00000000E+00,  0.36166763E-02,  0.20885876E+03, -0.11976790E+01
     721.,  0.00000000E+00,  0.00000000E+00,  0.00000000E+00,  0.94629412E-03,  0.18272082E+03, -0.11976790E+01
     722.,  0.00000000E+00,  0.00000000E+00,  0.00000000E+00,  0.00000000E+00,  0.13051576E+03, -0.11976790E+01
     723.,  0.00000000E+00,  0.00000000E+00,  0.00000000E+00,  0.00000000E+00,  0.14902629E+03, -0.11976790E+01
     724.,  0.00000000E+00,  0.00000000E+00,  0.00000000E+00,  0.49630082E-03,  0.18707162E+03, -0.11976790E+01
     725.,  0.00000000E+00,  0.00000000E+00,  0.00000000E+00,  0.14415676E-02,  0.19454812E+03, -0.11976790E+01
     726.,  0.00000000E+00,  0.00000000E+00,  0.00000000E+00,  0.13008360E-02,  0.19295747E+03, -0.11976790E+01
     727.,  0.00000000E+00,  0.00000000E+00,  0.00000000E+00,  0.56237987E-04,  0.18429167E+03, -0.11976790E+01
     728.,  0.00000000E+00,  0.00000000E+00,  0.00000000E+00,  0.00000000E+00,  0.86192418E+02, -0.11976790E+01
     729.,  0.00000000E+00,  0.00000000E+00,  0.00000000E+00,  0.00000000E+00,  0.31878190E+02, -0.11976790E+01
     730.,  0.00000000E+00,  0.00000000E+00,  0.00000000E+00,  0.00000000E+00,  0.63811904E+01, -0.11976790E+01
     731.,  0.00000000E+00,  0.00000000E+00,  0.00000000E+00,  0.00000000E+00,  0.15576229E+01, -0.11976790E+01
     732.,  0.00000000E+00,  0.00000000E+00,  0.00000000E+00,  0.00000000E+00,  0.21135491E+01, -0.11976790E+01
     733.,  0.00000000E+00,  0.00000000E+00,  0.00000000E+00,  0.00000000E+00,  0.15072738E+01, -0.11976790E+01
     734.,  0.00000000E+00,  0.00000000E+00,  0.00000000E+00,  0.00000000E+00,  0.91946422E+00, -0.11976790E+01
     735.,  0.00000000E+00,  0.00000000E+00,  0.00000000E+00,  0.00000000E+00,  0.48534093E+00, -0.11976790E+01
     736.,  0.00000000E+00,  0.00000000E+00,  0.00000000E+00,  0.00000000E+00,  0.24107130E+00, -0.11976790E+01
     737.,  0.00000000E+00,  0.00000000E+00,  0.00000000E+00,  0.00000000E+00,  0.23248497E+00, -0.11976790E+01
     738.,  0.00000000E+00,  0.00000000E+00,  0.00000000E+00,  0.00000000E+00,  0.27773405E+00, -0.11976790E+01
     739.,  0.00000000E+00,  0.00000000E+00,  0.00000000E+00,  0.00000000E+00,  0.74979486E-01, -0.11976790E+01
     740.,  0.00000000E+00,  0.00000000E+00,  0.00000000E+00,  0.00000000E+00,  0.44400725E+00, -0.11976790E+01
     741.,  0.00000000E+00,  0.00000000E+00,  0.00000000E+00,  0.00000000E+00,  0.12205952E+01, -0.11976790E+01
     742.,  0.00000000E+00,  0.00000000E+00,  0.00000000E+00,  0.00000000E+00,  0.21912418E+01, -0.11976790E+01
     743.,  0.00000000E+00,  0.00000000E+00,  0.00000000E+00,  0.00000000E+00,  0.32074486E+01, -0.11976790E+01
     744.,  0.00000000E+00,  0.00000000E+00,  0.00000000E+00,  0.00000000E+00,  0.40814667E+01, -0.11976790E+01
     745.,  0.00000000E+00,  0.00000000E+00,  0.00000000E+00,  0.00000000E+00,  0.46207651E+01, -0.11976790E+01
     746.,  0.00000000E+00,  0.00000000E+00,  0.00000000E+00,  0.00000000E+00,  0.46921941E+01, -0.11976790E+01
     747.,  0.00000000E+00,  0.00000000E+00,  0.00000000E+00,  0.00000000E+00,  0.42778542E+01, -0.11976790E+01
     748.,  0.00000000E+00,  0.00000000E+00,  0.00000000E+00,  0.00000000E+00,  0.34720862E+01, -0.11976790E+01
     749.,  0.00000000E+00,  0.00000000E+00,  0.00000000E+00,  0.00000000E+00,  0.24423796E+01, -0.11976790E+01
     750.,  0.00000000E+00,  0.00000000E+00,  0.00000000E+00,  0.00000000E+00,  0.14183739E+01, -0.11976790E+01
     751.,  0.00000000E+00,  0.00000000E+00,  0.00000000E+00,  0.00000000E+00,  0.63816912E+00, -0.11976790E+01
     752.,  0.00000000E+00,  0.00000000E+00,  0.00000000E+00,  0.00000000E+00,  0.21351946E+00, -0.11976790E+01
     753.,  0.00000000E+00,  0.00000000E+00,  0.00000000E+00,  0.00000000E+00,  0.18885728E+00, -0.11976790E+01
     754.,  0.00000000E+00,  0.00000000E+00,  0.00000000E+00,  0.00000000E+00,  0.56187802E+00, -0.11976790E+01
     755.,  0.00000000E+00,  0.00000000E+00,  0.00000000E+00,  0.00000000E+00,  0.12027783E+01, -0.11976790E+01
     756.,  0.00000000E+00,  0.00000000E+00,  0.00000000E+00,  0.00000000E+00,  0.20758796E+01, -0.11976790E+01
     757.,  0.00000000E+00,  0.00000000E+00,  0.00000000E+00,  0.00000000E+00,  0.28308888E+01, -0.11976790E+01
     758.,  0.00000000E+00,  0.00000000E+00,  0.00000000E+00,  0.00000000E+00,  0.36553393E+01, -0.11976790E+01
     759.,  0.00000000E+00,  0.00000000E+00,  0.00000000E+00,  0.00000000E+00,  0.11151786E+02, -0.11976790E+01
     760.,  0.00000000E+00,  0.00000000E+00,  0.00000000E+00,  0.00000000E+00,  0.40037535E+02, -0.11976790E+01
     761.,  0.00000000E+00,  0.00000000E+00,  0.00000000E+00,  0.00000000E+00,  0.93504727E+02, -0.11976790E+01
     762.,  0.00000000E+00,  0.00000000E+00,  0.00000000E+00,  0.68873518E-04,  0.18478658E+03, -0.11976790E+01
     763.,  0.00000000E+00,  0.00000000E+00,  0.00000000E+00,  0.80774676E-03,  0.19026653E+03, -0.11976790E+01
     764.,  0.00000000E+00,  0.00000000E+00,  0.00000000E+00,  0.77623564E-03,  0.18975192E+03, -0.11976790E+01
     765.,  0.00000000E+00,  0.00000000E+00,  0.00000000E+00,  0.20755240E-03,  0.18555383E+03, -0.11976790E+01
     766.,  0.00000000E+00,  0.00000000E+00,  0.00000000E+00,  0.00000000E+00,  0.13358529E+03, -0.11976790E+01
     767.,  0.00000000E+00,  0.00000000E+00,  0.00000000E+00,  0.50445346E-05,  0.14889549E+03, -0.11976790E+01
     768.,  0.00000000E+00,  0.00000000E+00,  0.00000000E+00,  0.18880806E-02,  0.18294162E+03, -0.11976790E+01
     769.,  0.00000000E+00,  0.00000000E+00,  0.00000000E+00,  0.14617364E-02,  0.19439070E+03, -0.15606998E+01
     770.,  0.00000000E+00,  0.00000000E+00,  0.00000000E+00,  0.90364876E-03,  0.19104387E+03, -0.15606998E+01
     771.,  0.00000000E+00,  0.00000000E+00,  0.00000000E+00,  0.53100173E-03,  0.18772550E+03, -0.15606998E+01
     772.,  0.00000000E+00,  0.00000000E+00,  0.00000000E+00,  0.32720705E-04,  0.84102632E+02, -0.15606998E+01
     773.,  0.00000000E+00,  0.00000000E+00,  0.00000000E+00,  0.00000000E+00,  0.69633651E+02, -0.15606998E+01
     774.,  0.00000000E+00,  0.00000000E+00,  0.00000000E+00,  0.00000000E+00,  0.66671545E+01, -0.15606998E+01
     775.,  0.00000000E+00,  0.00000000E+00,  0.00000000E+00,  0.00000000E+00,  0.18543078E+02, -0.15606998E+01
     776.,  0.00000000E+00,  0.00000000E+00,  0.00000000E+00,  0.00000000E+00,  0.30354635E-08, -0.15606998E+01
     777.,  0.00000000E+00,  0.00000000E+00,  0.00000000E+00,  0.00000000E+00,  0.93396499E-09, -0.15606998E+01
     778.,  0.00000000E+00,  0.00000000E+00,  0.00000000E+00,  0.00000000E+00,  0.11242052E+03, -0.15606998E+01
     779.,  0.00000000E+00,  0.00000000E+00,  0.00000000E+00,  0.27200794E-03,  0.18473165E+03, -0.15606998E+01
     780.,  0.00000000E+00,  0.00000000E+00,  0.00000000E+00,  0.87748586E-03,  0.19084337E+03, -0.15606998E+01
     781.,  0.00000000E+00,  0.00000000E+00,  0.00000000E+00,  0.12749781E-02,  0.19375282E+03, -0.15606998E+01
     782.,  0.00000000E+00,  0.00000000E+00,  0.00000000E+00,  0.15022834E-02,  0.19528124E+03, -0.15606998E+01
     783.,  0.00000000E+00,  0.00000000E+00,  0.00000000E+00,  0.20497931E-02,  0.19889690E+03, -0.15606998E+01
     784.,  0.00000000E+00,  0.00000000E+00,  0.00000000E+00,  0.27010700E-02,  0.20313753E+03, -0.15606998E+01
     785.,  0.00000000E+00,  0.00000000E+00,  0.00000000E+00,  0.00000000E+00,  0.74788709E+02, -0.22867415E+01
     786.,  0.00000000E+00,  0.00000000E+00,  0.00000000E+00,  0.00000000E+00,  0.54613568E+02, -0.22867415E+01
     787.,  0.00000000E+00,  0.00000000E+00,  0.00000000E+00,  0.00000000E+00,  0.85773042E+02, -0.22867415E+01
     788.,  0.00000000E+00,  0.00000000E+00,  0.00000000E+00,  0.00000000E+00,  0.10755906E+03, -0.22867415E+01
     789.,  0.00000000E+00,  0.00000000E+00,  0.00000000E+00,  0.00000000E+00,  0.49875273E-09, -0.22867415E+01
     790.,  0.00000000E+00,  0.00000000E+00,  0.00000000E+00,  0.00000000E+00,  0.14680317E-08, -0.22867415E+01
     791.,  0.00000000E+00,  0.00000000E+00,  0.00000000E+00,  0.00000000E+00,  0.52814221E-09, -0.22867415E+01
     792.,  0.00000000E+00,  0.00000000E+00,  0.00000000E+00,  0.00000000E+00,  0.12247436E-08, -0.22867415E+01
     793.,  0.00000000E+00,  0.00000000E+00,  0.00000000E+00,  0.00000000E+00,  0.60834224E-09, -0.22867415E+01
     794.,  0.00000000E+00,  0.00000000E+00,  0.00000000E+00,  0.00000000E+00,  0.19241718E-08, -0.22867415E+01
     795.,  0.00000000E+00,  0.00000000E+00,  0.00000000E+00,  0.00000000E+00,  0.30263019E-08, -0.22867415E+01
     796.,  0.00000000E+00,  0.00000000E+00,  0.00000000E+00,  0.00000000E+00,  0.21237809E-08, -0.22867415E+01
     797.,  0.00000000E+00,  0.00000000E+00,  0.00000000E+00,  0.00000000E+00,  0.14086496E+02, -0.22867415E+01
     798.,  0.00000000E+00,  0.00000000E+00,  0.00000000E+00,  0.00000000E+00,  0.85958651E+02, -0.22867415E+01
     799.,  0.00000000E+00,  0.00000000E+00,  0.00000000E+00,  0.00000000E+00,  0.13878329E+03, -0.22867415E+01
     800.,  0.00000000E+00,  0.00000000E+00,  0.00000000E+00,  0.15049320E-04,  0.17062780E+03, -0.22867415E+01
     801.,  0.00000000E+00,  0.00000000E+00,  0.00000000E+00,  0.76038523E-05,  0.14985133E+03, -0.30127832E+01
     802.,  0.00000000E+00,  0.00000000E+00,  0.00000000E+00,  0.56531730E-05,  0.16306321E+03, -0.30127832E+01
     803.,  0.00000000E+00,  0.00000000E+00,  0.00000000E+00,  0.00000000E+00,  0.81680752E+02, -0.30127832E+01
     804.,  0.00000000E+00,  0.00000000E+00,  0.00000000E+00,  0.00000000E+00,  0.83404319E-09, -0.30127832E+01
     805.,  0.00000000E+00,  0.00000000E+00,  0.00000000E+00,  0.00000000E+00,  0.71669254E-09, -0.30127832E+01
     806.,  0.00000000E+00,  0.00000000E+00,  0.00000000E+00,  0.00000000E+00,  0.84074105E-09, -0.30127832E+01
     807.,  0.00000000E+00,  0.00000000E+00,  0.00000000E+00,  0.00000000E+00,  0.12289485E-08, -0.30127832E+01
     808.,  0.00000000E+00,  0.00000000E+00,  0.00000000E+00,  0.00000000E+00,  0.17298501E-08, -0.30127832E+01
     809.,  0.00000000E+00,  0.00000000E+00,  0.00000000E+00,  0.00000000E+00,  0.89513525E-09, -0.30127832E+01
     810.,  0.00000000E+00,  0.00000000E+00,  0.00000000E+00,  0.00000000E+00,  0.13462888E-08, -0.30127832E+01
     811.,  0.00000000E+00,  0.00000000E+00,  0.00000000E+00,  0.00000000E+00,  0.27846079E-08, -0.30127832E+01
     812.,  0.00000000E+00,  0.00000000E+00,  0.00000000E+00,  0.00000000E+00,  0.17329649E-08, -0.30127832E+01
     813.,  0.00000000E+00,  0.00000000E+00,  0.00000000E+00,  0.00000000E+00,  0.53205869E-09, -0.30127832E+01
     814.,  0.00000000E+00,  0.00000000E+00,  0.00000000E+00,  0.00000000E+00,  0.41782000E+02, -0.30127832E+01
     815.,  0.00000000E+00,  0.00000000E+00,  0.00000000E+00,  0.00000000E+00,  0.43980074E+02, -0.30127832E+01
     816.,  0.00000000E+00,  0.00000000E+00,  0.00000000E+00,  0.00000000E+00,  0.51986862E+02, -0.30127832E+01
     817.,  0.00000000E+00,  0.00000000E+00,  0.00000000E+00,  0.00000000E+00,  0.84600104E+02, -0.37388248E+01
     818.,  0.00000000E+00,  0.00000000E+00,  0.00000000E+00,  0.00000000E+00,  0.12954905E-08, -0.37388248E+01
     819.,  0.00000000E+00,  0.00000000E+00,  0.00000000E+00,  0.00000000E+00,  0.15036038E-08, -0.37388248E+01
     820.,  0.00000000E+00,  0.00000000E+00,  0.00000000E+00,  0.00000000E+00,  0.12518797E-08, -0.37388248E+01
     821.,  0.00000000E+00,  0.00000000E+00,  0.00000000E+00,  0.00000000E+00,  0.49614033E-09, -0.37388248E+01
     822.,  0.00000000E+00,  0.00000000E+00,  0.00000000E+00,  0.00000000E+00,  0.76608369E-09, -0.37388248E+01
     823.,  0.00000000E+00,  0.00000000E+00,  0.00000000E+00,  0.00000000E+00,  0.91968905E-09, -0.37388248E+01
     824.,  0.00000000E+00,  0.00000000E+00,  0.00000000E+00,  0.00000000E+00,  0.10479409E-08, -0.37388248E+01
     825.,  0.00000000E+00,  0.00000000E+00,  0.00000000E+00,  0.00000000E+00,  0.19579631E-08, -0.37388248E+01
     826.,  0.00000000E+00,  0.00000000E+00,  0.00000000E+00,  0.00000000E+00,  0.13717119E-08, -0.37388248E+01
     827.,  0.00000000E+00,  0.00000000E+00,  0.00000000E+00,  0.00000000E+00,  0.25265318E-08, -0.37388248E+01
     828.,  0.00000000E+00,  0.00000000E+00,  0.00000000E+00,  0.00000000E+00,  0.21671843E-08, -0.37388248E+01
     829.,  0.00000000E+00,  0.00000000E+00,  0.00000000E+00,  0.00000000E+00,  0.23118409E-08, -0.37388248E+01
     830.,  0.00000000E+00,  0.00000000E+00,  0.00000000E+00,  0.00000000E+00,  0.41470465E-08, -0.37388248E+01
     831.,  0.00000000E+00,  0.00000000E+00,  0.00000000E+00,  0.00000000E+00,  0.61279753E+02, -0.37388248E+01
     832.,  0.00000000E+00,  0.00000000E+00,  0.00000000E+00,  0.00000000E+00,  0.68874849E+02, -0.37388248E+01
     833.,  0.00000000E+00,  0.00000000E+00,  0.00000000E+00,  0.00000000E+00,  0.51613621E+01, -0.44648665E+01
     834.,  0.00000000E+00,  0.00000000E+00,  0.00000000E+00,  0.00000000E+00,  0.68320559E-09, -0.44648665E+01
     835.,  0.00000000E+00,  0.00000000E+00,  0.00000000E+00,  0.00000000E+00,  0.10788045E-08, -0.44648665E+01
     836.,  0.00000000E+00,  0.00000000E+00,  0.00000000E+00,  0.00000000E+00,  0.18105734E-08, -0.44648665E+01
     837.,  0.00000000E+00,  0.00000000E+00,  0.00000000E+00,  0.00000000E+00,  0.16450407E-08, -0.44648665E+01
     838.,  0.00000000E+00,  0.00000000E+00,  0.00000000E+00,  0.00000000E+00,  0.38469398E-09, -0.44648665E+01
     839.,  0.00000000E+00,  0.00000000E+00,  0.00000000E+00,  0.00000000E+00,  0.10921585E-08, -0.44648665E+01
     840.,  0.00000000E+00,  0.00000000E+00,  0.00000000E+00,  0.00000000E+00,  0.11904204E-08, -0.44648665E+01
     841.,  0.00000000E+00,  0.00000000E+00,  0.00000000E+00,  0.00000000E+00,  0.11104761E-08, -0.44648665E+01
     842.,  0.00000000E+00,  0.00000000E+00,  0.00000000E+00,  0.00000000E+00,  0.10726141E-08, -0.44648665E+01
     843.,  0.00000000E+00,  0.00000000E+00,  0.00000000E+00,  0.00000000E+00,  0.26164736E-08, -0.44648665E+01
     844.,  0.00000000E+00,  0.00000000E+00,  0.00000000E+00,  0.00000000E+00,  0.10602047E-08, -0.44648665E+01
     845.,  0.00000000E+00,  0.00000000E+00,  0.00000000E+00,  0.00000000E+00,  0.29997699E-09, -0.44648665E+01
     846.,  0.00000000E+00,  0.00000000E+00,  0.00000000E+00,  0.00000000E+00,  0.18664678E-08, -0.44648665E+01
     847.,  0.00000000E+00,  0.00000000E+00,  0.00000000E+00,  0.00000000E+00,  0.10675518E-08, -0.44648665E+01
     848.,  0.00000000E+00,  0.00000000E+00,  0.00000000E+00,  0.00000000E+00,  0.52780276E+02, -0.44648665E+01
     849.,  0.00000000E+00,  0.00000000E+00,  0.00000000E+00,  0.00000000E+00,  0.15348241E-08, -0.51909082E+01
     850.,  0.00000000E+00,  0.00000000E+00,  0.00000000E+00,  0.00000000E+00,  0.79405145E-09, -0.51909082E+01
     851.,  0.00000000E+00,  0.00000000E+00,  0.00000000E+00,  0.00000000E+00,  0.96433663E-09, -0.51909082E+01
     852.,  0.00000000E+00,  0.00000000E+00,  0.00000000E+00,  0.00000000E+00,  0.11950825E-08, -0.51909082E+01
     853.,  0.00000000E+00,  0.00000000E+00,  0.00000000E+00,  0.00000000E+00,  0.21952795E-08, -0.51909082E+01
     854.,  0.00000000E+00,  0.00000000E+00,  0.00000000E+00,  0.00000000E+00,  0.79334090E-09, -0.51909082E+01
     855.,  0.00000000E+00,  0.00000000E+00,  0.00000000E+00,  0.00000000E+00,  0.39806755E-09, -0.51909082E+01
     856.,  0.00000000E+00,  0.00000000E+00,  0.00000000E+00,  0.00000000E+00,  0.82162610E-09, -0.51909082E+01
     857.,  0.00000000E+00,  0.00000000E+00,  0.00000000E+00,  0.00000000E+00,  0.10159062E-08, -0.51909082E+01
     858.,  0.00000000E+00,  0.00000000E+00,  0.00000000E+00,  0.00000000E+00,  0.84379528E-09, -0.51909082E+01
     859.,  0.00000000E+00,  0.00000000E+00,  0.00000000E+00,  0.00000000E+00,  0.23694139E-08, -0.51909082E+01
     860.,  0.00000000E+00,  0.00000000E+00,  0.00000000E+00,  0.00000000E+00,  0.20062645E-08, -0.51909082E+01
     861.,  0.00000000E+00,  0.00000000E+00,  0.00000000E+00,  0.00000000E+00,  0.19119009E-08, -0.51909082E+01
     862.,  0.00000000E+00,  0.00000000E+00,  0.00000000E+00,  0.00000000E+00,  0.95023122E-09, -0.51909082E+01
     863.,  0.00000000E+00,  0.00000000E+00,  0.00000000E+00,  0.00000000E+00,  0.13434879E-08, -0.51909082E+01
     864.,  0.00000000E+00,  0.00000000E+00,  0.00000000E+00,  0.00000000E+00,  0.64028988E-09, -0.51909082E+01
     865.,  0.00000000E+00,  0.00000000E+00,  0.00000000E+00,  0.00000000E+00,  0.45725187E-09, -0.59169498E+01
     866.,  0.00000000E+00,  0.00000000E+00,  0.00000000E+00,  0.00000000E+00,  0.97679687E-09, -0.59169498E+01
     867.,  0.00000000E+00,  0.00000000E+00,  0.00000000E+00,  0.00000000E+00,  0.12759110E-08, -0.59169498E+01
     868.,  0.00000000E+00,  0.00000000E+00,  0.00000000E+00,  0.00000000E+00,  0.11528698E-08, -0.59169498E+01
     869.,  0.00000000E+00,  0.00000000E+00,  0.00000000E+00,  0.00000000E+00,  0.10556622E-08, -0.59169498E+01
     870.,  0.00000000E+00,  0.00000000E+00,  0.00000000E+00,  0.00000000E+00,  0.11670986E-08, -0.59169498E+01
     871.,  0.00000000E+00,  0.00000000E+00,  0.00000000E+00,  0.00000000E+00,  0.11153730E-08, -0.59169498E+01
     872.,  0.00000000E+00,  0.00000000E+00,  0.00000000E+00,  0.00000000E+00,  0.13108483E-08, -0.59169498E+01
     873.,  0.00000000E+00,  0.00000000E+00,  0.00000000E+00,  0.00000000E+00,  0.10341993E-08, -0.59169498E+01
     874.,  0.00000000E+00,  0.00000000E+00,  0.00000000E+00,  0.00000000E+00,  0.38271133E-09, -0.59169498E+01
     875.,  0.00000000E+00,  0.00000000E+00,  0.00000000E+00,  0.00000000E+00,  0.34282215E-08, -0.59169498E+01
     876.,  0.00000000E+00,  0.00000000E+00,  0.00000000E+00,  0.00000000E+00,  0.25453356E-08, -0.59169498E+01
     877.,  0.00000000E+00,  0.00000000E+00,  0.00000000E+00,  0.00000000E+00,  0.15204208E-08, -0.59169498E+01
     878.,  0.00000000E+00,  0.00000000E+00,  0.00000000E+00,  0.00000000E+00,  0.13340742E-08, -0.59169498E+01
     879.,  0.00000000E+00,  0.00000000E+00,  0.00000000E+00,  0.00000000E+00,  0.20111470E-09, -0.59169498E+01
     880.,  0.00000000E+00,  0.00000000E+00,  0.00000000E+00,  0.00000000E+00,  0.55169516E-09, -0.59169498E+01
     881.,  0.00000000E+00,  0.00000000E+00,  0.00000000E+00,  0.00000000E+00,  0.28681894E-08, -0.66429915E+01
     882.,  0.00000000E+00,  0.00000000E+00,  0.00000000E+00,  0.00000000E+00,  0.19663697E-08, -0.66429915E+01
     883.,  0.00000000E+00,  0.00000000E+00,  0.00000000E+00,  0.00000000E+00,  0.27685578E-08, -0.66429915E+01
     884.,  0.00000000E+00,  0.00000000E+00,  0.00000000E+00,  0.00000000E+00,  0.26741163E-08, -0.66429915E+01
     885.,  0.00000000E+00,  0.00000000E+00,  0.00000000E+00,  0.00000000E+00,  0.14851604E-08, -0.66429915E+01
     886.,  0.00000000E+00,  0.00000000E+00,  0.00000000E+00,  0.00000000E+00,  0.18275255E-08, -0.66429915E+01
     887.,  0.00000000E+00,  0.00000000E+00,  0.00000000E+00,  0.00000000E+00,  0.66347293E-09, -0.66429915E+01
     888.,  0.00000000E+00,  0.00000000E+00,  0.00000000E+00,  0.00000000E+00,  0.98598682E-09, -0.66429915E+01
     889.,  0.00000000E+00,  0.00000000E+00,  0.00000000E+00,  0.00000000E+00,  0.22220512E-08, -0.66429915E+01
     890.,  0.00000000E+00,  0.00000000E+00,  0.00000000E+00,  0.00000000E+00,  0.47455908E-09, -0.66429915E+01
     891.,  0.00000000E+00,  0.00000000E+00,  0.00000000E+00,  0.00000000E+00,  0.34304077E-08, -0.66429915E+01
     892.,  0.00000000E+00,  0.00000000E+00,  0.00000000E+00,  0.00000000E+00,  0.35723064E-08, -0.66429915E+01
     893.,  0.00000000E+00,  0.00000000E+00,  0.00000000E+00,  0.00000000E+00,  0.15894502E-08, -0.66429915E+01
     894.,  0.00000000E+00,  0.00000000E+00,  0.00000000E+00,  0.00000000E+00,  0.11183463E-08, -0.66429915E+01
     895.,  0.00000000E+00,  0.00000000E+00,  0.00000000E+00,  0.00000000E+00,  0.20778383E-08, -0.66429915E+01
     896.,  0.00000000E+00,  0.00000000E+00,  0.00000000E+00,  0.00000000E+00,  0.22729513E-08, -0.66429915E+01
     897.,  0.00000000E+00,  0.00000000E+00,  0.00000000E+00,  0.00000000E+00,  0.10405739E-08, -0.73690332E+01
     898.,  0.00000000E+00,  0.00000000E+00,  0.00000000E+00,  0.00000000E+00,  0.56736382E-09, -0.73690332E+01
     899.,  0.00000000E+00,  0.00000000E+00,  0.00000000E+00,  0.00000000E+00,  0.17119722E-08, -0.73690332E+01
     900.,  0.00000000E+00,  0.00000000E+00,  0.00000000E+00,  0.00000000E+00,  0.64747486E-09, -0.73690332E+01
     901.,  0.00000000E+00,  0.00000000E+00,  0.00000000E+00,  0.00000000E+00,  0.13542470E-08, -0.73690332E+01
     902.,  0.00000000E+00,  0.00000000E+00,  0.00000000E+00,  0.00000000E+00,  0.13573980E-08, -0.73690332E+01
     903.,  0.00000000E+00,  0.00000000E+00,  0.00000000E+00,  0.00000000E+00,  0.26199536E-09, -0.73690332E+01
     904.,  0.00000000E+00,  0.00000000E+00,  0.00000000E+00,  0.00000000E+00,  0.81974015E-09, -0.73690332E+01
     905.,  0.00000000E+00,  0.00000000E+00,  0.00000000E+00,  0.00000000E+00,  0.12516804E-08, -0.73690332E+01
     906.,  0.00000000E+00,  0.00000000E+00,  0.00000000E+00,  0.00000000E+00,  0.92065894E-09, -0.73690332E+01
     907.,  0.00000000E+00,  0.00000000E+00,  0.00000000E+00,  0.00000000E+00,  0.42849787E-08, -0.73690332E+01
     908.,  0.00000000E+00,  0.00000000E+00,  0.00000000E+00,  0.00000000E+00,  0.17449877E-08, -0.73690332E+01
     909.,  0.00000000E+00,  0.00000000E+00,  0.00000000E+00,  0.00000000E+00,  0.15895177E-08, -0.73690332E+01
     910.,  0.00000000E+00,  0.00000000E+00,  0.00000000E+00,  0.00000000E+00,  0.78921333E-09, -0.73690332E+01
     911.,  0.00000000E+00,  0.00000000E+00,  0.00000000E+00,  0.00000000E+00,  0.12356851E-08, -0.73690332E+01
     912.,  0.00000000E+00,  0.00000000E+00,  0.00000000E+00,  0.00000000E+00,  0.23278881E-08, -0.73690332E+01
     913.,  0.00000000E+00,  0.00000000E+00,  0.00000000E+00,  0.00000000E+00,  0.36445094E-09, -0.80950748E+01
     914.,  0.00000000E+00,  0.00000000E+00,  0.00000000E+00,  0.00000000E+00,  0.10487990E-08, -0.80950748E+01
     915.,  0.00000000E+00,  0.00000000E+00,  0.00000000E+00,  0.00000000E+00,  0.27605297E-09, -0.80950748E+01
     916.,  0.00000000E+00,  0.00000000E+00,  0.00000000E+00,  0.00000000E+00,  0.12390014E-08, -0.80950748E+01
     917.,  0.00000000E+00,  0.00000000E+00,  0.00000000E+00,  0.00000000E+00,  0.91568643E-09, -0.80950748E+01
     918.,  0.00000000E+00,  0.00000000E+00,  0.00000000E+00,  0.00000000E+00,  0.63600780E-09, -0.80950748E+01
     919.,  0.00000000E+00,  0.00000000E+00,  0.00000000E+00,  0.00000000E+00,  0.21909502E-09, -0.80950748E+01
     920.,  0.00000000E+00,  0.00000000E+00,  0.00000000E+00,  0.00000000E+00,  0.14089158E-08, -0.80950748E+01
     921.,  0.00000000E+00,  0.00000000E+00,  0.00000000E+00,  0.00000000E+00,  0.12352322E-08, -0.80950748E+01
     922.,  0.00000000E+00,  0.00000000E+00,  0.00000000E+00,  0.00000000E+00,  0.40486467E-09, -0.80950748E+01
     923.,  0.00000000E+00,  0.00000000E+00,  0.00000000E+00,  0.00000000E+00,  0.33467376E-08, -0.80950748E+01
     924.,  0.00000000E+00,  0.00000000E+00,  0.00000000E+00,  0.00000000E+00,  0.26098119E-08, -0.80950748E+01
     925.,  0.00000000E+00,  0.00000000E+00,  0.00000000E+00,  0.00000000E+00,  0.85996328E-09, -0.80950748E+01
     926.,  0.00000000E+00,  0.00000000E+00,  0.00000000E+00,  0.00000000E+00,  0.17608943E-08, -0.80950748E+01
     927.,  0.00000000E+00,  0.00000000E+00,  0.00000000E+00,  0.00000000E+00,  0.16406008E-08, -0.80950748E+01
     928.,  0.00000000E+00,  0.00000000E+00,  0.00000000E+00,  0.00000000E+00,  0.24955172E-08, -0.80950748E+01
     929.,  0.00000000E+00,  0.00000000E+00,  0.00000000E+00,  0.00000000E+00,  0.44054468E-08, -0.88211165E+01
     930.,  0.00000000E+00,  0.00000000E+00,  0.00000000E+00,  0.00000000E+00,  0.22082242E-08, -0.88211165E+01
     931.,  0.00000000E+00,  0.00000000E+00,  0.00000000E+00,  0.00000000E+00,  0.77885708E-09, -0.88211165E+01
     932.,  0.00000000E+00,  0.00000000E+00,  0.00000000E+00,  0.00000000E+00,  0.13155657E-08, -0.88211165E+01
     933.,  0.00000000E+00,  0.00000000E+00,  0.00000000E+00,  0.00000000E+00,  0.89747296E-09, -0.88211165E+01
     934.,  0.00000000E+00,  0.00000000E+00,  0.00000000E+00,  0.00000000E+00,  0.34752012E-08, -0.88211165E+01
     935.,  0.00000000E+00,  0.00000000E+00,  0.00000000E+00,  0.00000000E+00,  0.31818034E-08, -0.88211165E+01
     936.,  0.00000000E+00,  0.00000000E+00,  0.00000000E+00,  0.00000000E+00,  0.10769544E-08, -0.88211165E+01
     937.,  0.00000000E+00,  0.00000000E+00,  0.00000000E+00,  0.00000000E+00,  0.39217866E-09, -0.88211165E+01
     938.,  0.00000000E+00,  0.00000000E+00,  0.00000000E+00,  0.00000000E+00,  0.23196821E-08, -0.88211165E+01
     939.,  0.00000000E+00,  0.00000000E+00,  0.00000000E+00,  0.00000000E+00,  0.29468049E-08, -0.88211165E+01
     940.,  0.00000000E+00,  0.00000000E+00,  0.00000000E+00,  0.00000000E+00,  0.42923637E-08, -0.88211165E+01
     941.,  0.00000000E+00,  0.00000000E+00,  0.00000000E+00,  0.00000000E+00,  0.22558650E-08, -0.88211165E+01
     942.,  0.00000000E+00,  0.00000000E+00,  0.00000000E+00,  0.00000000E+00,  0.20158636E-08, -0.88211165E+01
     943.,  0.00000000E+00,  0.00000000E+00,  0.00000000E+00,  0.00000000E+00,  0.73831426E-09, -0.88211165E+01
     944.,  0.00000000E+00,  0.00000000E+00,  0.00000000E+00,  0.00000000E+00,  0.26702101E-08, -0.88211165E+01
     945.,  0.00000000E+00,  0.00000000E+00,  0.00000000E+00,  0.00000000E+00,  0.15477942E-08, -0.95471582E+01
     946.,  0.00000000E+00,  0.00000000E+00,  0.00000000E+00,  0.00000000E+00,  0.15771395E-08, -0.95471582E+01
     947.,  0.00000000E+00,  0.00000000E+00,  0.00000000E+00,  0.00000000E+00,  0.12074069E-08, -0.95471582E+01
     948.,  0.00000000E+00,  0.00000000E+00,  0.00000000E+00,  0.00000000E+00,  0.30412765E-08, -0.95471582E+01
     949.,  0.00000000E+00,  0.00000000E+00,  0.00000000E+00,  0.00000000E+00,  0.13070461E-08, -0.95471582E+01
     950.,  0.00000000E+00,  0.00000000E+00,  0.00000000E+00,  0.00000000E+00,  0.22796179E-08, -0.95471582E+01
     951.,  0.00000000E+00,  0.00000000E+00,  0.00000000E+00,  0.00000000E+00,  0.31481545E-08, -0.95471582E+01
     952.,  0.00000000E+00,  0.00000000E+00,  0.00000000E+00,  0.00000000E+00,  0.85330190E-09, -0.95471582E+01
     953.,  0.00000000E+00,  0.00000000E+00,  0.00000000E+00,  0.00000000E+00,  0.11053088E-08, -0.95471582E+01
     954.,  0.00000000E+00,  0.00000000E+00,  0.00000000E+00,  0.00000000E+00,  0.11529366E-08, -0.95471582E+01
     955.,  0.00000000E+00,  0.00000000E+00,  0.00000000E+00,  0.00000000E+00,  0.25234689E-08, -0.95471582E+01
     956.,  0.00000000E+00,  0.00000000E+00,  0.00000000E+00,  0.00000000E+00,  0.17304602E-08, -0.95471582E+01
     957.,  0.00000000E+00,  0.00000000E+00,  0.00000000E+00,  0.00000000E+00,  0.35779906E-08, -0.95471582E+01
     958.,  0.00000000E+00,  0.00000000E+00,  0.00000000E+00,  0.00000000E+00,  0.14396311E-08, -0.95471582E+01
     959.,  0.00000000E+00,  0.00000000E+00,  0.00000000E+00,  0.00000000E+00,  0.70460529E-09, -0.95471582E+01
     960.,  0.00000000E+00,  0.00000000E+00,  0.00000000E+00,  0.00000000E+00,  0.18487833E-08, -0.95471582E+01
     961.,  0.00000000E+00,  0.00000000E+00,  0.00000000E+00,  0.00000000E+00,  0.12180544E-08, -0.10273200E+02
     962.,  0.00000000E+00,  0.00000000E+00,  0.00000000E+00,  0.00000000E+00,  0.36252962E-09, -0.10273200E+02
     963.,  0.00000000E+00,  0.00000000E+00,  0.00000000E+00,  0.00000000E+00,  0.16754741E-08, -0.10273200E+02
     964.,  0.00000000E+00,  0.00000000E+00,  0.00000000E+00,  0.00000000E+00,  0.14198394E-08, -0.10273200E+02
     965.,  0.00000000E+00,  0.00000000E+00,  0.00000000E+00,  0.00000000E+00,  0.38033047E-09, -0.10273200E+02
     966.,  0.00000000E+00,  0.00000000E+00,  0.00000000E+00,  0.00000000E+00,  0.88485122E-09, -0.10273200E+02
     967.,  0.00000000E+00,  0.00000000E+00,  0.00000000E+00,  0.00000000E+00,  0.78670932E-09, -0.10273200E+02
     968.,  0.00000000E+00,  0.00000000E+00,  0.00000000E+00,  0.00000000E+00,  0.45500120E-09, -0.10273200E+02
     969.,  0.00000000E+00,  0.00000000E+00,  0.00000000E+00,  0.00000000E+00,  0.65067220E-09, -0.10273200E+02
     970.,  0.00000000E+00,  0.00000000E+00,  0.00000000E+00,  0.00000000E+00,  0.65570323E-09, -0.10273200E+02
     971.,  0.00000000E+00,  0.00000000E+00,  0.00000000E+00,  0.00000000E+00,  0.28644223E-08, -0.10273200E+02
     972.,  0.00000000E+00,  0.00000000E+00,  0.00000000E+00,  0.00000000E+00,  0.45596709E-09, -0.10273200E+02
     973.,  0.00000000E+00,  0.00000000E+00,  0.00000000E+00,  0.00000000E+00,  0.10944849E-08, -0.10273200E+02
     974.,  0.00000000E+00,  0.00000000E+00,  0.00000000E+00,  0.00000000E+00,  0.10560339E-08, -0.10273200E+02
     975.,  0.00000000E+00,  0.00000000E+00,  0.00000000E+00,  0.00000000E+00,  0.23042275E-08, -0.10273200E+02
     976.,  0.00000000E+00,  0.00000000E+00,  0.00000000E+00,  0.00000000E+00,  0.10636506E-08, -0.10273200E+02
     977.,  0.00000000E+00,  0.00000000E+00,  0.00000000E+00,  0.00000000E+00,  0.87300970E-09, -0.10999242E+02
     978.,  0.00000000E+00,  0.00000000E+00,  0.00000000E+00,  0.00000000E+00,  0.17274405E-08, -0.10999242E+02
     979.,  0.00000000E+00,  0.00000000E+00,  0.00000000E+00,  0.00000000E+00,  0.10335732E-08, -0.10999242E+02
     980.,  0.00000000E+00,  0.00000000E+00,  0.00000000E+00,  0.00000000E+00,  0.48571617E-09, -0.10999242E+02
     981.,  0.00000000E+00,  0.00000000E+00,  0.00000000E+00,  0.00000000E+00,  0.52388472E-09, -0.10999242E+02
     982.,  0.00000000E+00,  0.00000000E+00,  0.00000000E+00,  0.00000000E+00,  0.16309641E-08, -0.10999242E+02
     983.,  0.00000000E+00,  0.00000000E+00,  0.00000000E+00,  0.00000000E+00,  0.95501513E-09, -0.10999242E+02
     984.,  0.00000000E+00,  0.00000000E+00,  0.00000000E+00,  0.00000000E+00,  0.13144671E-08, -0.10999242E+02
     985.,  0.00000000E+00,  0.00000000E+00,  0.00000000E+00,  0.00000000E+00,  0.10114775E-08, -0.10999242E+02
     986.,  0.00000000E+00,  0.00000000E+00,  0.00000000E+00,  0.00000000E+00,  0.14769828E-08, -0.10999242E+02
     987.,  0.00000000E+00,  0.00000000E+00,  0.00000000E+00,  0.00000000E+00,  0.45892183E-08, -0.10999242E+02
     988.,  0.00000000E+00,  0.00000000E+00,  0.00000000E+00,  0.00000000E+00,  0.10494137E-08, -0.10999242E+02
     989.,  0.00000000E+00,  0.00000000E+00,  0.00000000E+00,  0.00000000E+00,  0.78594020E-09, -0.10999242E+02
     990.,  0.00000000E+00,  0.00000000E+00,  0.00000000E+00,  0.00000000E+00,  0.28548969E-08, -0.10999242E+02
     991.,  0.00000000E+00,  0.00000000E+00,  0.00000000E+00,  0.00000000E+00,  0.17009306E-08, -0.10999242E+02
     992.,  0.00000000E+00,  0.00000000E+00,  0.00000000E+00,  0.00000000E+00,  0.15507539E-08, -0.10999242E+02
     993.,  0.00000000E+00,  0.00000000E+00,  0.00000000E+00,  0.00000000E+00,  0.19477370E-09, -0.11725283E+02
     994.,  0.00000000E+00,  0.00000000E+00,  0.00000000E+00,  0.00000000E+00,  0.16216200E-08, -0.11725283E+02
     995.,  0.00000000E+00,  0.00000000E+00,  0.00000000E+00,  0.00000000E+00,  0.64745480E-09, -0.11725283E+02
     996.,  0.00000000E+00,  0.00000000E+00,  0.00000000E+00,  0.00000000E+00,  0.19933314E-08, -0.11725283E+02
     997.,  0.00000000E+00,  0.00000000E+00,  0.00000000E+00,  0.00000000E+00,  0.20800925E-08, -0.11725283E+02
     998.,  0.00000000E+00,  0.00000000E+00,  0.00000000E+00,  0.00000000E+00,  0.23529930E-08, -0.11725283E+02
     999.,  0.00000000E+00,  0.00000000E+00,  0.00000000E+00,  0.00000000E+00,  0.16985513E-08, -0.11725283E+02
    1000.,  0.00000000E+00,  0.00000000E+00,  0.00000000E+00,  0.00000000E+00,  0.57991846E-09, -0.11725283E+02
    1001.,  0.00000000E+00,  0.00000000E+00,  0.00000000E+00,  0.00000000E+00,  0.47766232E-09, -0.11725283E+02
    1002.,  0.00000000E+00,  0.00000000E+00,  0.00000000E+00,  0.00000000E+00,  0.89682537E-09, -0.11725283E+02
    1003.,  0.00000000E+00,  0.00000000E+00,  0.00000000E+00,  0.00000000E+00,  0.19750143E-08, -0.11725283E+02
    1004.,  0.00000000E+00,  0.00000000E+00,  0.00000000E+00,  0.00000000E+00,  0.25676378E-08, -0.11725283E+02
    1005.,  0.00000000E+00,  0.00000000E+00,  0.00000000E+00,  0.00000000E+00,  0.88183831E-09, -0.11725283E+02
    1006.,  0.00000000E+00,  0.00000000E+00,  0.00000000E+00,  0.00000000E+00,  0.12068904E-08, -0.11725283E+02
    1007.,  0.00000000E+00,  0.00000000E+00,  0.00000000E+00,  0.00000000E+00,  0.13260872E-08, -0.11725283E+02
    1008.,  0.00000000E+00,  0.00000000E+00,  0.00000000E+00,  0.00000000E+00,  0.12303656E-08, -0.11725283E+02
    1009.,  0.00000000E+00,  0.00000000E+00,  0.00000000E+00,  0.00000000E+00,  0.21558562E-08, -0.12451325E+02
    1010.,  0.00000000E+00,  0.00000000E+00,  0.00000000E+00,  0.00000000E+00,  0.79896713E-09, -0.12451325E+02
    1011.,  0.00000000E+00,  0.00000000E+00,  0.00000000E+00,  0.00000000E+00,  0.25098661E-08, -0.12451325E+02
    1012.,  0.00000000E+00,  0.00000000E+00,  0.00000000E+00,  0.00000000E+00,  0.19811703E-08, -0.12451325E+02
    1013.,  0.00000000E+00,  0.00000000E+00,  0.00000000E+00,  0.00000000E+00,  0.73219300E-10, -0.12451325E+02
    1014.,  0.00000000E+00,  0.00000000E+00,  0.00000000E+00,  0.00000000E+00,  0.22125222E-08, -0.12451325E+02
    1015.,  0.00000000E+00,  0.00000000E+00,  0.00000000E+00,  0.00000000E+00,  0.19555892E-08, -0.12451325E+02
    1016.,  0.00000000E+00,  0.00000000E+00,  0.00000000E+00,  0.00000000E+00,  0.90319420E-09, -0.12451325E+02
    1017.,  0.00000000E+00,  0.00000000E+00,  0.00000000E+00,  0.00000000E+00,  0.59987469E-09, -0.12451325E+02
    1018.,  0.00000000E+00,  0.00000000E+00,  0.00000000E+00,  0.00000000E+00,  0.17348333E-08, -0.12451325E+02
    1019.,  0.00000000E+00,  0.00000000E+00,  0.00000000E+00,  0.00000000E+00,  0.36095885E-08, -0.12451325E+02
    1020.,  0.00000000E+00,  0.00000000E+00,  0.00000000E+00,  0.00000000E+00,  0.25816343E-08, -0.12451325E+02
    1021.,  0.00000000E+00,  0.00000000E+00,  0.00000000E+00,  0.00000000E+00,  0.14718147E-08, -0.12451325E+02
    1022.,  0.00000000E+00,  0.00000000E+00,  0.00000000E+00,  0.00000000E+00,  0.13156679E-08, -0.12451325E+02
    1023.,  0.00000000E+00,  0.00000000E+00,  0.00000000E+00,  0.00000000E+00,  0.11571650E-08, -0.12451325E+02
    1024.,  0.00000000E+00,  0.00000000E+00,  0.00000000E+00,  0.00000000E+00,  0.18883222E-08, -0.12451325E+02
    1025.,  0.00000000E+00,  0.00000000E+00,  0.00000000E+00,  0.00000000E+00,  0.39545934E-08, -0.13177366E+02
    1026.,  0.00000000E+00,  0.00000000E+00,  0.00000000E+00,  0.00000000E+00,  0.47540827E-08, -0.13177366E+02
    1027.,  0.00000000E+00,  0.00000000E+00,  0.00000000E+00,  0.00000000E+00,  0.85848940E-08, -0.13177366E+02
    1028.,  0.00000000E+00,  0.00000000E+00,  0.00000000E+00,  0.00000000E+00,  0.63462494E-08, -0.13177366E+02
    1029.,  0.00000000E+00,  0.00000000E+00,  0.00000000E+00,  0.00000000E+00,  0.69012781E-08, -0.13177366E+02
    1030.,  0.00000000E+00,  0.00000000E+00,  0.00000000E+00,  0.00000000E+00,  0.58026312E-08, -0.13177366E+02
    1031.,  0.00000000E+00,  0.00000000E+00,  0.00000000E+00,  0.00000000E+00,  0.54408887E-08, -0.13177366E+02
    1032.,  0.00000000E+00,  0.00000000E+00,  0.00000000E+00,  0.00000000E+00,  0.28344088E-08, -0.13177366E+02
    1033.,  0.00000000E+00,  0.00000000E+00,  0.00000000E+00,  0.00000000E+00,  0.55489348E-08, -0.13177366E+02
    1034.,  0.00000000E+00,  0.00000000E+00,  0.00000000E+00,  0.00000000E+00,  0.47823781E-08, -0.13177366E+02
    1035.,  0.00000000E+00,  0.00000000E+00,  0.00000000E+00,  0.00000000E+00,  0.44843863E-08, -0.13177366E+02
    1036.,  0.00000000E+00,  0.00000000E+00,  0.00000000E+00,  0.00000000E+00,  0.48125441E-08, -0.13177366E+02
    1037.,  0.00000000E+00,  0.00000000E+00,  0.00000000E+00,  0.00000000E+00,  0.50914438E-08, -0.13177366E+02
    1038.,  0.00000000E+00,  0.00000000E+00,  0.00000000E+00,  0.00000000E+00,  0.40347970E-08, -0.13177366E+02
    1039.,  0.00000000E+00,  0.00000000E+00,  0.00000000E+00,  0.00000000E+00,  0.50755253E-08, -0.13177366E+02
    1040.,  0.00000000E+00,  0.00000000E+00,  0.00000000E+00,  0.00000000E+00,  0.64483898E-08, -0.13177366E+02
    1041.,  0.00000000E+00,  0.00000000E+00,  0.00000000E+00,  0.00000000E+00,  0.21939640E-09, -0.13903408E+02
    1042.,  0.00000000E+00,  0.00000000E+00,  0.00000000E+00,  0.00000000E+00,  0.59284501E-09, -0.13903408E+02
    1043.,  0.00000000E+00,  0.00000000E+00,  0.00000000E+00,  0.00000000E+00,  0.11844516E-08, -0.13903408E+02
    1044.,  0.00000000E+00,  0.00000000E+00,  0.00000000E+00,  0.00000000E+00,  0.15301136E-08, -0.13903408E+02
    1045.,  0.00000000E+00,  0.00000000E+00,  0.00000000E+00,  0.00000000E+00,  0.78384924E-09, -0.13903408E+02
    1046.,  0.00000000E+00,  0.00000000E+00,  0.00000000E+00,  0.00000000E+00,  0.14963539E-08, -0.13903408E+02
    1047.,  0.00000000E+00,  0.00000000E+00,  0.00000000E+00,  0.00000000E+00,  0.66441694E-09, -0.13903408E+02
    1048.,  0.00000000E+00,  0.00000000E+00,  0.00000000E+00,  0.00000000E+00,  0.21386338E-08, -0.13903408E+02
    1049.,  0.00000000E+00,  0.00000000E+00,  0.00000000E+00,  0.00000000E+00,  0.29943946E-08, -0.13903408E+02
    1050.,  0.00000000E+00,  0.00000000E+00,  0.00000000E+00,  0.00000000E+00,  0.15744964E-08, -0.13903408E+02
    1051.,  0.00000000E+00,  0.00000000E+00,  0.00000000E+00,  0.00000000E+00,  0.35334818E-08, -0.13903408E+02
    1052.,  0.00000000E+00,  0.00000000E+00,  0.00000000E+00,  0.00000000E+00,  0.27230914E-08, -0.13903408E+02
    1053.,  0.00000000E+00,  0.00000000E+00,  0.00000000E+00,  0.00000000E+00,  0.12654663E-08, -0.13903408E+02
    1054.,  0.00000000E+00,  0.00000000E+00,  0.00000000E+00,  0.00000000E+00,  0.45385775E-09, -0.13903408E+02
    1055.,  0.00000000E+00,  0.00000000E+00,  0.00000000E+00,  0.00000000E+00,  0.19598526E-08, -0.13903408E+02
    1056.,  0.00000000E+00,  0.00000000E+00,  0.00000000E+00,  0.00000000E+00,  0.29192484E-08, -0.13903408E+02
    1057.,  0.00000000E+00,  0.00000000E+00,  0.00000000E+00,  0.00000000E+00,  0.20852456E-08, -0.14629450E+02
    1058.,  0.00000000E+00,  0.00000000E+00,  0.00000000E+00,  0.00000000E+00,  0.35921113E-08, -0.14629450E+02
    1059.,  0.00000000E+00,  0.00000000E+00,  0.00000000E+00,  0.00000000E+00,  0.37395020E-08, -0.14629450E+02
    1060.,  0.00000000E+00,  0.00000000E+00,  0.00000000E+00,  0.00000000E+00,  0.50778344E-08, -0.14629450E+02
    1061.,  0.00000000E+00,  0.00000000E+00,  0.00000000E+00,  0.00000000E+00,  0.34296165E-08, -0.14629450E+02
    1062.,  0.00000000E+00,  0.00000000E+00,  0.00000000E+00,  0.00000000E+00,  0.43580188E-08, -0.14629450E+02
    1063.,  0.00000000E+00,  0.00000000E+00,  0.00000000E+00,  0.00000000E+00,  0.28464688E-08, -0.14629450E+02
    1064.,  0.00000000E+00,  0.00000000E+00,  0.00000000E+00,  0.00000000E+00,  0.22809162E-08, -0.14629450E+02
    1065.,  0.00000000E+00,  0.00000000E+00,  0.00000000E+00,  0.00000000E+00,  0.16523976E-08, -0.14629450E+02
    1066.,  0.00000000E+00,  0.00000000E+00,  0.00000000E+00,  0.00000000E+00,  0.34279716E-08, -0.14629450E+02
    1067.,  0.00000000E+00,  0.00000000E+00,  0.00000000E+00,  0.00000000E+00,  0.61649548E-08, -0.14629450E+02
    1068.,  0.00000000E+00,  0.00000000E+00,  0.00000000E+00,  0.00000000E+00,  0.14347352E-08, -0.14629450E+02
    1069.,  0.00000000E+00,  0.00000000E+00,  0.00000000E+00,  0.00000000E+00,  0.37115168E-08, -0.14629450E+02
    1070.,  0.00000000E+00,  0.00000000E+00,  0.00000000E+00,  0.00000000E+00,  0.49374851E-08, -0.14629450E+02
    1071.,  0.00000000E+00,  0.00000000E+00,  0.00000000E+00,  0.00000000E+00,  0.46323105E-08, -0.14629450E+02
    1072.,  0.00000000E+00,  0.00000000E+00,  0.00000000E+00,  0.00000000E+00,  0.32198800E-08, -0.14629450E+02
    1073.,  0.00000000E+00,  0.00000000E+00,  0.00000000E+00,  0.00000000E+00,  0.32338737E-08, -0.15355491E+02
    1074.,  0.00000000E+00,  0.00000000E+00,  0.00000000E+00,  0.00000000E+00,  0.11965698E-08, -0.15355491E+02
    1075.,  0.00000000E+00,  0.00000000E+00,  0.00000000E+00,  0.00000000E+00,  0.21224529E-08, -0.15355491E+02
    1076.,  0.00000000E+00,  0.00000000E+00,  0.00000000E+00,  0.00000000E+00,  0.18476982E-08, -0.15355491E+02
    1077.,  0.00000000E+00,  0.00000000E+00,  0.00000000E+00,  0.00000000E+00,  0.86662931E-09, -0.15355491E+02
    1078.,  0.00000000E+00,  0.00000000E+00,  0.00000000E+00,  0.00000000E+00,  0.12488247E-08, -0.15355491E+02
    1079.,  0.00000000E+00,  0.00000000E+00,  0.00000000E+00,  0.00000000E+00,  0.14057976E-08, -0.15355491E+02
    1080.,  0.00000000E+00,  0.00000000E+00,  0.00000000E+00,  0.00000000E+00,  0.25067226E-08, -0.15355491E+02
    1081.,  0.00000000E+00,  0.00000000E+00,  0.00000000E+00,  0.00000000E+00,  0.10595465E-08, -0.15355491E+02
    1082.,  0.00000000E+00,  0.00000000E+00,  0.00000000E+00,  0.00000000E+00,  0.25698905E-08, -0.15355491E+02
    1083.,  0.00000000E+00,  0.00000000E+00,  0.00000000E+00,  0.00000000E+00,  0.32839471E-08, -0.15355491E+02
    1084.,  0.00000000E+00,  0.00000000E+00,  0.00000000E+00,  0.00000000E+00,  0.17970279E-08, -0.15355491E+02
    1085.,  0.00000000E+00,  0.00000000E+00,  0.00000000E+00,  0.00000000E+00,  0.27416998E-08, -0.15355491E+02
    1086.,  0.00000000E+00,  0.00000000E+00,  0.00000000E+00,  0.00000000E+00,  0.19398277E-08, -0.15355491E+02
    1087.,  0.00000000E+00,  0.00000000E+00,  0.00000000E+00,  0.00000000E+00,  0.50803273E-08, -0.15355491E+02
    1088.,  0.00000000E+00,  0.00000000E+00,  0.00000000E+00,  0.00000000E+00,  0.40158274E-08, -0.15355491E+02
    1089.,  0.00000000E+00,  0.00000000E+00,  0.00000000E+00,  0.00000000E+00,  0.11878901E-08, -0.16081533E+02
    1090.,  0.00000000E+00,  0.00000000E+00,  0.00000000E+00,  0.00000000E+00,  0.22408557E-08, -0.16081533E+02
    1091.,  0.00000000E+00,  0.00000000E+00,  0.00000000E+00,  0.00000000E+00,  0.14506767E-08, -0.16081533E+02
    1092.,  0.00000000E+00,  0.00000000E+00,  0.00000000E+00,  0.00000000E+00,  0.10760405E-08, -0.16081533E+02
    1093.,  0.00000000E+00,  0.00000000E+00,  0.00000000E+00,  0.00000000E+00,  0.75454590E-09, -0.16081533E+02
    1094.,  0.00000000E+00,  0.00000000E+00,  0.00000000E+00,  0.00000000E+00,  0.34566374E-08, -0.16081533E+02
    1095.,  0.00000000E+00,  0.00000000E+00,  0.00000000E+00,  0.00000000E+00,  0.44614588E-08, -0.16081533E+02
    1096.,  0.00000000E+00,  0.00000000E+00,  0.00000000E+00,  0.00000000E+00,  0.12596865E-08, -0.16081533E+02
    1097.,  0.00000000E+00,  0.00000000E+00,  0.00000000E+00,  0.00000000E+00,  0.12315537E-08, -0.16081533E+02
    1098.,  0.00000000E+00,  0.00000000E+00,  0.00000000E+00,  0.00000000E+00,  0.20367700E-08, -0.16081533E+02
    1099.,  0.00000000E+00,  0.00000000E+00,  0.00000000E+00,  0.00000000E+00,  0.35135659E-08, -0.16081533E+02
    1100.,  0.00000000E+00,  0.00000000E+00,  0.00000000E+00,  0.00000000E+00,  0.17978874E-08, -0.16081533E+02
    1101.,  0.00000000E+00,  0.00000000E+00,  0.00000000E+00,  0.00000000E+00,  0.24060399E-08, -0.16081533E+02
    1102.,  0.00000000E+00,  0.00000000E+00,  0.00000000E+00,  0.00000000E+00,  0.52490635E-08, -0.16081533E+02
    1103.,  0.00000000E+00,  0.00000000E+00,  0.00000000E+00,  0.00000000E+00,  0.22362343E-08, -0.16081533E+02
    1104.,  0.00000000E+00,  0.00000000E+00,  0.00000000E+00,  0.00000000E+00,  0.63171076E-09, -0.16081533E+02
    1105.,  0.00000000E+00,  0.00000000E+00,  0.00000000E+00,  0.00000000E+00,  0.38633694E-08, -0.16807575E+02
    1106.,  0.00000000E+00,  0.00000000E+00,  0.00000000E+00,  0.00000000E+00,  0.43087878E-08, -0.16807575E+02
    1107.,  0.00000000E+00,  0.00000000E+00,  0.00000000E+00,  0.00000000E+00,  0.17445362E-08, -0.16807575E+02
    1108.,  0.00000000E+00,  0.00000000E+00,  0.00000000E+00,  0.00000000E+00,  0.13061128E-08, -0.16807575E+02
    1109.,  0.00000000E+00,  0.00000000E+00,  0.00000000E+00,  0.00000000E+00,  0.91789141E-09, -0.16807575E+02
    1110.,  0.00000000E+00,  0.00000000E+00,  0.00000000E+00,  0.00000000E+00,  0.37987354E-08, -0.16807575E+02
    1111.,  0.00000000E+00,  0.00000000E+00,  0.00000000E+00,  0.00000000E+00,  0.19973636E-08, -0.16807575E+02
    1112.,  0.00000000E+00,  0.00000000E+00,  0.00000000E+00,  0.00000000E+00,  0.41396503E-08, -0.16807575E+02
    1113.,  0.00000000E+00,  0.00000000E+00,  0.00000000E+00,  0.00000000E+00,  0.26882962E-08, -0.16807575E+02
    1114.,  0.00000000E+00,  0.00000000E+00,  0.00000000E+00,  0.00000000E+00,  0.24066716E-08, -0.16807575E+02
    1115.,  0.00000000E+00,  0.00000000E+00,  0.00000000E+00,  0.00000000E+00,  0.48534493E-08, -0.16807575E+02
    1116.,  0.00000000E+00,  0.00000000E+00,  0.00000000E+00,  0.00000000E+00,  0.46426978E-08, -0.16807575E+02
    1117.,  0.00000000E+00,  0.00000000E+00,  0.00000000E+00,  0.00000000E+00,  0.17386406E-08, -0.16807575E+02
    1118.,  0.00000000E+00,  0.00000000E+00,  0.00000000E+00,  0.00000000E+00,  0.29989987E-08, -0.16807575E+02
    1119.,  0.00000000E+00,  0.00000000E+00,  0.00000000E+00,  0.00000000E+00,  0.41148217E-08, -0.16807575E+02
    1120.,  0.00000000E+00,  0.00000000E+00,  0.00000000E+00,  0.00000000E+00,  0.32092774E-08, -0.16807575E+02
    1121.,  0.00000000E+00,  0.00000000E+00,  0.00000000E+00,  0.00000000E+00,  0.77674829E-09, -0.17533617E+02
    1122.,  0.00000000E+00,  0.00000000E+00,  0.00000000E+00,  0.00000000E+00,  0.38591239E-08, -0.17533617E+02
    1123.,  0.00000000E+00,  0.00000000E+00,  0.00000000E+00,  0.00000000E+00,  0.30013482E-08, -0.17533617E+02
    1124.,  0.00000000E+00,  0.00000000E+00,  0.00000000E+00,  0.00000000E+00,  0.14771626E-08, -0.17533617E+02
    1125.,  0.00000000E+00,  0.00000000E+00,  0.00000000E+00,  0.00000000E+00,  0.26123852E-09, -0.17533617E+02
    1126.,  0.00000000E+00,  0.00000000E+00,  0.00000000E+00,  0.00000000E+00,  0.28303217E-08, -0.17533617E+02
    1127.,  0.00000000E+00,  0.00000000E+00,  0.00000000E+00,  0.00000000E+00,  0.11858719E-08, -0.17533617E+02
    1128.,  0.00000000E+00,  0.00000000E+00,  0.00000000E+00,  0.00000000E+00,  0.67251391E-09, -0.17533617E+02
    1129.,  0.00000000E+00,  0.00000000E+00,  0.00000000E+00,  0.00000000E+00,  0.24477080E-08, -0.17533617E+02
    1130.,  0.00000000E+00,  0.00000000E+00,  0.00000000E+00,  0.00000000E+00,  0.88143339E-09, -0.17533617E+02
    1131.,  0.00000000E+00,  0.00000000E+00,  0.00000000E+00,  0.00000000E+00,  0.42381338E-08, -0.17533617E+02
    1132.,  0.00000000E+00,  0.00000000E+00,  0.00000000E+00,  0.00000000E+00,  0.37860693E-08, -0.17533617E+02
    1133.,  0.00000000E+00,  0.00000000E+00,  0.00000000E+00,  0.00000000E+00,  0.24594959E-08, -0.17533617E+02
    1134.,  0.00000000E+00,  0.00000000E+00,  0.00000000E+00,  0.00000000E+00,  0.10612161E-08, -0.17533617E+02
    1135.,  0.00000000E+00,  0.00000000E+00,  0.00000000E+00,  0.00000000E+00,  0.27310933E-08, -0.17533617E+02
    1136.,  0.00000000E+00,  0.00000000E+00,  0.00000000E+00,  0.00000000E+00,  0.43305091E-08, -0.17533617E+02
    1137.,  0.00000000E+00,  0.00000000E+00,  0.00000000E+00,  0.00000000E+00,  0.22278774E-08, -0.18259658E+02
    1138.,  0.00000000E+00,  0.00000000E+00,  0.00000000E+00,  0.00000000E+00,  0.74102941E-09, -0.18259658E+02
    1139.,  0.00000000E+00,  0.00000000E+00,  0.00000000E+00,  0.00000000E+00,  0.87556934E-09, -0.18259658E+02
    1140.,  0.00000000E+00,  0.00000000E+00,  0.00000000E+00,  0.00000000E+00,  0.13443591E-08, -0.18259658E+02
    1141.,  0.00000000E+00,  0.00000000E+00,  0.00000000E+00,  0.00000000E+00,  0.47276836E-08, -0.18259658E+02
    1142.,  0.00000000E+00,  0.00000000E+00,  0.00000000E+00,  0.00000000E+00,  0.39808894E-08, -0.18259658E+02
    1143.,  0.00000000E+00,  0.00000000E+00,  0.00000000E+00,  0.00000000E+00,  0.18244718E-08, -0.18259658E+02
    1144.,  0.00000000E+00,  0.00000000E+00,  0.00000000E+00,  0.00000000E+00,  0.21096164E-08, -0.18259658E+02
    1145.,  0.00000000E+00,  0.00000000E+00,  0.00000000E+00,  0.00000000E+00,  0.16937816E-08, -0.18259658E+02
    1146.,  0.00000000E+00,  0.00000000E+00,  0.00000000E+00,  0.00000000E+00,  0.30092726E-08, -0.18259658E+02
    1147.,  0.00000000E+00,  0.00000000E+00,  0.00000000E+00,  0.00000000E+00,  0.37469513E-08, -0.18259658E+02
    1148.,  0.00000000E+00,  0.00000000E+00,  0.00000000E+00,  0.00000000E+00,  0.14201645E-08, -0.18259658E+02
    1149.,  0.00000000E+00,  0.00000000E+00,  0.00000000E+00,  0.00000000E+00,  0.18410733E-08, -0.18259658E+02
    1150.,  0.00000000E+00,  0.00000000E+00,  0.00000000E+00,  0.00000000E+00,  0.22019621E-08, -0.18259658E+02
    1151.,  0.00000000E+00,  0.00000000E+00,  0.00000000E+00,  0.00000000E+00,  0.20536548E-08, -0.18259658E+02
    1152.,  0.00000000E+00,  0.00000000E+00,  0.00000000E+00,  0.00000000E+00,  0.57048453E-09, -0.18259658E+02
    1153.,  0.00000000E+00,  0.00000000E+00,  0.00000000E+00,  0.00000000E+00,  0.15409297E+02, -0.11976790E+01
    1154.,  0.00000000E+00,  0.00000000E+00,  0.00000000E+00,  0.00000000E+00,  0.16005889E+02, -0.11976790E+01
    1155.,  0.00000000E+00,  0.00000000E+00,  0.00000000E+00,  0.00000000E+00,  0.15748659E+02, -0.11976790E+01
    1156.,  0.00000000E+00,  0.00000000E+00,  0.00000000E+00,  0.00000000E+00,  0.14204722E+02, -0.11976790E+01
    1157.,  0.00000000E+00,  0.00000000E+00,  0.00000000E+00,  0.00000000E+00,  0.11430479E+02, -0.11976790E+01
    1158.,  0.00000000E+00,  0.00000000E+00,  0.00000000E+00,  0.00000000E+00,  0.79629330E+01, -0.11976790E+01
    1159.,  0.00000000E+00,  0.00000000E+00,  0.00000000E+00,  0.00000000E+00,  0.54798928E+01, -0.11976790E+01
    1160.,  0.00000000E+00,  0.00000000E+00,  0.00000000E+00,  0.00000000E+00,  0.58513474E+01, -0.11976790E+01
    1161.,  0.00000000E+00,  0.00000000E+00,  0.00000000E+00,  0.00000000E+00,  0.68339749E+01, -0.11976790E+01
    1162.,  0.00000000E+00,  0.00000000E+00,  0.00000000E+00,  0.00000000E+00,  0.66230773E+01, -0.11976790E+01
    1163.,  0.00000000E+00,  0.00000000E+00,  0.00000000E+00,  0.00000000E+00,  0.55001113E+01, -0.11976790E+01
    1164.,  0.00000000E+00,  0.00000000E+00,  0.00000000E+00,  0.00000000E+00,  0.44301331E+01, -0.11976790E+01
    1165.,  0.00000000E+00,  0.00000000E+00,  0.00000000E+00,  0.00000000E+00,  0.40234899E+01, -0.11976790E+01
    1166.,  0.00000000E+00,  0.00000000E+00,  0.00000000E+00,  0.00000000E+00,  0.40139348E+01, -0.11976790E+01
    1167.,  0.00000000E+00,  0.00000000E+00,  0.00000000E+00,  0.00000000E+00,  0.40733641E+01, -0.11976790E+01
    1168.,  0.00000000E+00,  0.00000000E+00,  0.00000000E+00,  0.00000000E+00,  0.38631571E+01, -0.11976790E+01
    1169.,  0.00000000E+00,  0.00000000E+00,  0.00000000E+00,  0.00000000E+00,  0.34545118E+01, -0.11976790E+01
    1170.,  0.00000000E+00,  0.00000000E+00,  0.00000000E+00,  0.00000000E+00,  0.29396174E+01, -0.11976790E+01
    1171.,  0.00000000E+00,  0.00000000E+00,  0.00000000E+00,  0.00000000E+00,  0.21254376E+01, -0.11976790E+01
    1172.,  0.00000000E+00,  0.00000000E+00,  0.00000000E+00,  0.00000000E+00,  0.14568681E+01, -0.11976790E+01
    1173.,  0.00000000E+00,  0.00000000E+00,  0.00000000E+00,  0.00000000E+00,  0.11164850E+01, -0.11976790E+01
    1174.,  0.00000000E+00,  0.00000000E+00,  0.00000000E+00,  0.00000000E+00,  0.11899808E+01, -0.11976790E+01
    1175.,  0.00000000E+00,  0.00000000E+00,  0.00000000E+00,  0.00000000E+00,  0.12604050E+01, -0.11976790E+01
    1176.,  0.00000000E+00,  0.00000000E+00,  0.00000000E+00,  0.00000000E+00,  0.12102471E+01, -0.11976790E+01
    1177.,  0.00000000E+00,  0.00000000E+00,  0.00000000E+00,  0.00000000E+00,  0.12543697E+01, -0.11976790E+01
    1178.,  0.00000000E+00,  0.00000000E+00,  0.00000000E+00,  0.00000000E+00,  0.15627502E+01, -0.11976790E+01
    1179.,  0.00000000E+00,  0.00000000E+00,  0.00000000E+00,  0.00000000E+00,  0.20010772E+01, -0.11976790E+01
    1180.,  0.00000000E+00,  0.00000000E+00,  0.00000000E+00,  0.00000000E+00,  0.24050614E+01, -0.11976790E+01
    1181.,  0.00000000E+00,  0.00000000E+00,  0.00000000E+00,  0.00000000E+00,  0.27102985E+01, -0.11976790E+01
    1182.,  0.00000000E+00,  0.00000000E+00,  0.00000000E+00,  0.00000000E+00,  0.29145136E+01, -0.11976790E+01
    1183.,  0.00000000E+00,  0.00000000E+00,  0.00000000E+00,  0.00000000E+00,  0.30374036E+01, -0.11976790E+01
    1184.,  0.00000000E+00,  0.00000000E+00,  0.00000000E+00,  0.00000000E+00,  0.31013564E+01, -0.11976790E+01
    1185.,  0.00000000E+00,  0.00000000E+00,  0.00000000E+00,  0.00000000E+00,  0.31233074E+01, -0.11976790E+01
    1186.,  0.00000000E+00,  0.00000000E+00,  0.00000000E+00,  0.00000000E+00,  0.31074781E+01, -0.11976790E+01
    1187.,  0.00000000E+00,  0.00000000E+00,  0.00000000E+00,  0.00000000E+00,  0.30437663E+01, -0.11976790E+01
    1188.,  0.00000000E+00,  0.00000000E+00,  0.00000000E+00,  0.00000000E+00,  0.29133378E+01, -0.11976790E+01
    1189.,  0.00000000E+00,  0.00000000E+00,  0.00000000E+00,  0.00000000E+00,  0.26903957E+01, -0.11976790E+01
    1190.,  0.00000000E+00,  0.00000000E+00,  0.00000000E+00,  0.00000000E+00,  0.23429846E+01, -0.11976790E+01
    1191.,  0.00000000E+00,  0.00000000E+00,  0.00000000E+00,  0.00000000E+00,  0.18457883E+01, -0.11976790E+01
    1192.,  0.00000000E+00,  0.00000000E+00,  0.00000000E+00,  0.00000000E+00,  0.12436622E+01, -0.11976790E+01
    1193.,  0.00000000E+00,  0.00000000E+00,  0.00000000E+00,  0.00000000E+00,  0.98548793E+00, -0.11976790E+01
    1194.,  0.00000000E+00,  0.00000000E+00,  0.00000000E+00,  0.00000000E+00,  0.17411471E+01, -0.11976790E+01
    1195.,  0.00000000E+00,  0.00000000E+00,  0.00000000E+00,  0.00000000E+00,  0.29634421E+01, -0.11976790E+01
    1196.,  0.00000000E+00,  0.00000000E+00,  0.00000000E+00,  0.00000000E+00,  0.42908298E+01, -0.11976790E+01
    1197.,  0.00000000E+00,  0.00000000E+00,  0.00000000E+00,  0.00000000E+00,  0.55810887E+01, -0.11976790E+01
    1198.,  0.00000000E+00,  0.00000000E+00,  0.00000000E+00,  0.00000000E+00,  0.67573201E+01, -0.11976790E+01
    1199.,  0.00000000E+00,  0.00000000E+00,  0.00000000E+00,  0.00000000E+00,  0.77835107E+01, -0.11976790E+01
    1200.,  0.00000000E+00,  0.00000000E+00,  0.00000000E+00,  0.00000000E+00,  0.86528563E+01, -0.11976790E+01
    1201.,  0.00000000E+00,  0.00000000E+00,  0.00000000E+00,  0.00000000E+00,  0.94150552E+01, -0.11976790E+01
    1202.,  0.00000000E+00,  0.00000000E+00,  0.00000000E+00,  0.00000000E+00,  0.10153085E+02, -0.11976790E+01
    1203.,  0.00000000E+00,  0.00000000E+00,  0.00000000E+00,  0.00000000E+00,  0.10883120E+02, -0.11976790E+01
    1204.,  0.00000000E+00,  0.00000000E+00,  0.00000000E+00,  0.00000000E+00,  0.11555093E+02, -0.11976790E+01
    1205.,  0.00000000E+00,  0.00000000E+00,  0.00000000E+00,  0.00000000E+00,  0.12101085E+02, -0.11976790E+01
    1206.,  0.00000000E+00,  0.00000000E+00,  0.00000000E+00,  0.00000000E+00,  0.12438508E+02, -0.11976790E+01
    1207.,  0.00000000E+00,  0.00000000E+00,  0.00000000E+00,  0.00000000E+00,  0.12469615E+02, -0.11976790E+01
    1208.,  0.00000000E+00,  0.00000000E+00,  0.00000000E+00,  0.00000000E+00,  0.12071425E+02, -0.11976790E+01
    1209.,  0.00000000E+00,  0.00000000E+00,  0.00000000E+00,  0.00000000E+00,  0.11122162E+02, -0.11976790E+01
    1210.,  0.00000000E+00,  0.00000000E+00,  0.00000000E+00,  0.00000000E+00,  0.96402156E+01, -0.11976790E+01
    1211.,  0.00000000E+00,  0.00000000E+00,  0.00000000E+00,  0.00000000E+00,  0.80432564E+01, -0.11976790E+01
    1212.,  0.00000000E+00,  0.00000000E+00,  0.00000000E+00,  0.00000000E+00,  0.73736792E+01, -0.11976790E+01
    1213.,  0.00000000E+00,  0.00000000E+00,  0.00000000E+00,  0.00000000E+00,  0.84144121E+01, -0.11976790E+01
    1214.,  0.00000000E+00,  0.00000000E+00,  0.00000000E+00,  0.00000000E+00,  0.10509907E+02, -0.11976790E+01
    1215.,  0.00000000E+00,  0.00000000E+00,  0.00000000E+00,  0.00000000E+00,  0.12538270E+02, -0.11976790E+01
    1216.,  0.00000000E+00,  0.00000000E+00,  0.00000000E+00,  0.00000000E+00,  0.14337320E+02, -0.11976790E+01
    1217.,  0.00000000E+00,  0.00000000E+00,  0.00000000E+00,  0.00000000E+00,  0.15041827E+02, -0.11976790E+01
    1218.,  0.00000000E+00,  0.00000000E+00,  0.00000000E+00,  0.00000000E+00,  0.13775704E+02, -0.11976790E+01
    1219.,  0.00000000E+00,  0.00000000E+00,  0.00000000E+00,  0.00000000E+00,  0.12998666E+02, -0.11976790E+01
    1220.,  0.00000000E+00,  0.00000000E+00,  0.00000000E+00,  0.00000000E+00,  0.13207879E+02, -0.11976790E+01
    1221.,  0.00000000E+00,  0.00000000E+00,  0.00000000E+00,  0.00000000E+00,  0.13530722E+02, -0.11976790E+01
    1222.,  0.00000000E+00,  0.00000000E+00,  0.00000000E+00,  0.00000000E+00,  0.12764755E+02, -0.11976790E+01
    1223.,  0.00000000E+00,  0.00000000E+00,  0.00000000E+00,  0.00000000E+00,  0.10186069E+02, -0.11976790E+01
    1224.,  0.00000000E+00,  0.00000000E+00,  0.00000000E+00,  0.00000000E+00,  0.59705275E+01, -0.11976790E+01
    1225.,  0.00000000E+00,  0.00000000E+00,  0.00000000E+00,  0.00000000E+00,  0.42410209E+01, -0.11976790E+01
    1226.,  0.00000000E+00,  0.00000000E+00,  0.00000000E+00,  0.00000000E+00,  0.69221564E+01, -0.11976790E+01
    1227.,  0.00000000E+00,  0.00000000E+00,  0.00000000E+00,  0.00000000E+00,  0.85240393E+01, -0.11976790E+01
    1228.,  0.00000000E+00,  0.00000000E+00,  0.00000000E+00,  0.00000000E+00,  0.83614825E+01, -0.11976790E+01
    1229.,  0.00000000E+00,  0.00000000E+00,  0.00000000E+00,  0.00000000E+00,  0.70628146E+01, -0.11976790E+01
    1230.,  0.00000000E+00,  0.00000000E+00,  0.00000000E+00,  0.00000000E+00,  0.53642876E+01, -0.11976790E+01
    1231.,  0.00000000E+00,  0.00000000E+00,  0.00000000E+00,  0.00000000E+00,  0.39036290E+01, -0.11976790E+01
    1232.,  0.00000000E+00,  0.00000000E+00,  0.00000000E+00,  0.00000000E+00,  0.32374190E+01, -0.11976790E+01
    1233.,  0.00000000E+00,  0.00000000E+00,  0.00000000E+00,  0.00000000E+00,  0.31128368E+01, -0.11976790E+01
    1234.,  0.00000000E+00,  0.00000000E+00,  0.00000000E+00,  0.00000000E+00,  0.28924937E+01, -0.11976790E+01
    1235.,  0.00000000E+00,  0.00000000E+00,  0.00000000E+00,  0.00000000E+00,  0.30606236E+01, -0.11976790E+01
    1236.,  0.00000000E+00,  0.00000000E+00,  0.00000000E+00,  0.00000000E+00,  0.30452777E+01, -0.11976790E+01
    1237.,  0.00000000E+00,  0.00000000E+00,  0.00000000E+00,  0.00000000E+00,  0.26046610E+01, -0.11976790E+01
    1238.,  0.00000000E+00,  0.00000000E+00,  0.00000000E+00,  0.00000000E+00,  0.21041100E+01, -0.11976790E+01
    1239.,  0.00000000E+00,  0.00000000E+00,  0.00000000E+00,  0.00000000E+00,  0.21522502E+01, -0.11976790E+01
    1240.,  0.00000000E+00,  0.00000000E+00,  0.00000000E+00,  0.00000000E+00,  0.25956410E+01, -0.11976790E+01
    1241.,  0.00000000E+00,  0.00000000E+00,  0.00000000E+00,  0.00000000E+00,  0.29176022E+01, -0.11976790E+01
    1242.,  0.00000000E+00,  0.00000000E+00,  0.00000000E+00,  0.00000000E+00,  0.29835608E+01, -0.11976790E+01
    1243.,  0.00000000E+00,  0.00000000E+00,  0.00000000E+00,  0.00000000E+00,  0.28747604E+01, -0.11976790E+01
    1244.,  0.00000000E+00,  0.00000000E+00,  0.00000000E+00,  0.00000000E+00,  0.26983696E+01, -0.11976790E+01
    1245.,  0.00000000E+00,  0.00000000E+00,  0.00000000E+00,  0.00000000E+00,  0.25195543E+01, -0.11976790E+01
    1246.,  0.00000000E+00,  0.00000000E+00,  0.00000000E+00,  0.00000000E+00,  0.23613280E+01, -0.11976790E+01
    1247.,  0.00000000E+00,  0.00000000E+00,  0.00000000E+00,  0.00000000E+00,  0.22254517E+01, -0.11976790E+01
    1248.,  0.00000000E+00,  0.00000000E+00,  0.00000000E+00,  0.00000000E+00,  0.21072912E+01, -0.11976790E+01
    1249.,  0.00000000E+00,  0.00000000E+00,  0.00000000E+00,  0.00000000E+00,  0.19945050E+01, -0.11976790E+01
    1250.,  0.00000000E+00,  0.00000000E+00,  0.00000000E+00,  0.00000000E+00,  0.18691852E+01, -0.11976790E+01
    1251.,  0.00000000E+00,  0.00000000E+00,  0.00000000E+00,  0.00000000E+00,  0.17194238E+01, -0.11976790E+01
    1252.,  0.00000000E+00,  0.00000000E+00,  0.00000000E+00,  0.00000000E+00,  0.15384130E+01, -0.11976790E+01
    1253.,  0.00000000E+00,  0.00000000E+00,  0.00000000E+00,  0.00000000E+00,  0.13270341E+01, -0.11976790E+01
    1254.,  0.00000000E+00,  0.00000000E+00,  0.00000000E+00,  0.00000000E+00,  0.11224356E+01, -0.11976790E+01
    1255.,  0.00000000E+00,  0.00000000E+00,  0.00000000E+00,  0.00000000E+00,  0.10646666E+01, -0.11976790E+01
    1256.,  0.00000000E+00,  0.00000000E+00,  0.00000000E+00,  0.00000000E+00,  0.13520373E+01, -0.11976790E+01
    1257.,  0.00000000E+00,  0.00000000E+00,  0.00000000E+00,  0.00000000E+00,  0.19647977E+01, -0.11976790E+01
    1258.,  0.00000000E+00,  0.00000000E+00,  0.00000000E+00,  0.00000000E+00,  0.27528553E+01, -0.11976790E+01
    1259.,  0.00000000E+00,  0.00000000E+00,  0.00000000E+00,  0.00000000E+00,  0.35994391E+01, -0.11976790E+01
    1260.,  0.00000000E+00,  0.00000000E+00,  0.00000000E+00,  0.00000000E+00,  0.44282691E+01, -0.11976790E+01
    1261.,  0.00000000E+00,  0.00000000E+00,  0.00000000E+00,  0.00000000E+00,  0.51949192E+01, -0.11976790E+01
    1262.,  0.00000000E+00,  0.00000000E+00,  0.00000000E+00,  0.00000000E+00,  0.58791306E+01, -0.11976790E+01
    1263.,  0.00000000E+00,  0.00000000E+00,  0.00000000E+00,  0.00000000E+00,  0.64763417E+01, -0.11976790E+01
    1264.,  0.00000000E+00,  0.00000000E+00,  0.00000000E+00,  0.00000000E+00,  0.69907134E+01, -0.11976790E+01
    1265.,  0.00000000E+00,  0.00000000E+00,  0.00000000E+00,  0.00000000E+00,  0.74547169E+01, -0.11976790E+01
    1266.,  0.00000000E+00,  0.00000000E+00,  0.00000000E+00,  0.00000000E+00,  0.79234996E+01, -0.11976790E+01
    1267.,  0.00000000E+00,  0.00000000E+00,  0.00000000E+00,  0.00000000E+00,  0.84159055E+01, -0.11976790E+01
    1268.,  0.00000000E+00,  0.00000000E+00,  0.00000000E+00,  0.00000000E+00,  0.89133300E+01, -0.11976790E+01
    1269.,  0.00000000E+00,  0.00000000E+00,  0.00000000E+00,  0.00000000E+00,  0.93906561E+01, -0.11976790E+01
    1270.,  0.00000000E+00,  0.00000000E+00,  0.00000000E+00,  0.00000000E+00,  0.98318875E+01, -0.11976790E+01
    1271.,  0.00000000E+00,  0.00000000E+00,  0.00000000E+00,  0.00000000E+00,  0.10268781E+02, -0.11976790E+01
    1272.,  0.00000000E+00,  0.00000000E+00,  0.00000000E+00,  0.00000000E+00,  0.10835287E+02, -0.11976790E+01
    1273.,  0.00000000E+00,  0.00000000E+00,  0.00000000E+00,  0.00000000E+00,  0.11745872E+02, -0.11976790E+01
    1274.,  0.00000000E+00,  0.00000000E+00,  0.00000000E+00,  0.00000000E+00,  0.13086302E+02, -0.11976790E+01
    1275.,  0.00000000E+00,  0.00000000E+00,  0.00000000E+00,  0.00000000E+00,  0.14667204E+02, -0.11976790E+01
    1276.,  0.00000000E+00,  0.00000000E+00,  0.00000000E+00,  0.00000000E+00,  0.16036991E+02, -0.11976790E+01
    1277.,  0.00000000E+00,  0.00000000E+00,  0.00000000E+00,  0.00000000E+00,  0.16821801E+02, -0.11976790E+01
    1278.,  0.00000000E+00,  0.00000000E+00,  0.00000000E+00,  0.00000000E+00,  0.16948868E+02, -0.11976790E+01
    1279.,  0.00000000E+00,  0.00000000E+00,  0.00000000E+00,  0.00000000E+00,  0.16920385E+02, -0.11976790E+01
    1280.,  0.00000000E+00,  0.00000000E+00,  0.00000000E+00,  0.00000000E+00,  0.15376277E+02, -0.11976790E+01
    1281.,  0.00000000E+00,  0.00000000E+00,  0.00000000E+00,  0.00000000E+00,  0.14634874E+02, -0.11976790E+01
    1282.,  0.00000000E+00,  0.00000000E+00,  0.00000000E+00,  0.00000000E+00,  0.13524112E+02, -0.11976790E+01
    1283.,  0.00000000E+00,  0.00000000E+00,  0.00000000E+00,  0.00000000E+00,  0.10734188E+02, -0.11976790E+01
    1284.,  0.00000000E+00,  0.00000000E+00,  0.00000000E+00,  0.00000000E+00,  0.10059068E+02, -0.11976790E+01
    1285.,  0.00000000E+00,  0.00000000E+00,  0.00000000E+00,  0.00000000E+00,  0.11770282E+02, -0.11976790E+01
    1286.,  0.00000000E+00,  0.00000000E+00,  0.00000000E+00,  0.00000000E+00,  0.13405518E+02, -0.11976790E+01
    1287.,  0.00000000E+00,  0.00000000E+00,  0.00000000E+00,  0.00000000E+00,  0.11760888E+02, -0.11976790E+01
    1288.,  0.00000000E+00,  0.00000000E+00,  0.00000000E+00,  0.00000000E+00,  0.62129099E+01, -0.11976790E+01
    1289.,  0.00000000E+00,  0.00000000E+00,  0.00000000E+00,  0.00000000E+00,  0.40814159E+01, -0.11976790E+01
    1290.,  0.00000000E+00,  0.00000000E+00,  0.00000000E+00,  0.00000000E+00,  0.94526100E+01, -0.11976790E+01
    1291.,  0.00000000E+00,  0.00000000E+00,  0.00000000E+00,  0.00000000E+00,  0.13053664E+02, -0.11976790E+01
    1292.,  0.00000000E+00,  0.00000000E+00,  0.00000000E+00,  0.00000000E+00,  0.14983860E+02, -0.11976790E+01
    1293.,  0.00000000E+00,  0.00000000E+00,  0.00000000E+00,  0.00000000E+00,  0.15332573E+02, -0.11976790E+01
    1294.,  0.00000000E+00,  0.00000000E+00,  0.00000000E+00,  0.00000000E+00,  0.14673462E+02, -0.11976790E+01
    1295.,  0.00000000E+00,  0.00000000E+00,  0.00000000E+00,  0.00000000E+00,  0.14436208E+02, -0.11976790E+01
    1296.,  0.00000000E+00,  0.00000000E+00,  0.00000000E+00,  0.00000000E+00,  0.12313079E+02, -0.11976790E+01
    1297.,  0.00000000E+00,  0.00000000E+00,  0.00000000E+00,  0.00000000E+00,  0.10206778E+02, -0.11976790E+01
    1298.,  0.00000000E+00,  0.00000000E+00,  0.00000000E+00,  0.00000000E+00,  0.91189149E+01, -0.11976790E+01
    1299.,  0.00000000E+00,  0.00000000E+00,  0.00000000E+00,  0.00000000E+00,  0.60004735E+01, -0.11976790E+01
    1300.,  0.00000000E+00,  0.00000000E+00,  0.00000000E+00,  0.00000000E+00,  0.46978069E+01, -0.11976790E+01
    1301.,  0.00000000E+00,  0.00000000E+00,  0.00000000E+00,  0.00000000E+00,  0.33225928E+01, -0.11976790E+01
    1302.,  0.00000000E+00,  0.00000000E+00,  0.00000000E+00,  0.00000000E+00,  0.23215746E+01, -0.11976790E+01
    1303.,  0.00000000E+00,  0.00000000E+00,  0.00000000E+00,  0.00000000E+00,  0.27235561E+01, -0.11976790E+01
    1304.,  0.00000000E+00,  0.00000000E+00,  0.00000000E+00,  0.00000000E+00,  0.35782232E+01, -0.11976790E+01
    1305.,  0.00000000E+00,  0.00000000E+00,  0.00000000E+00,  0.00000000E+00,  0.39275110E+01, -0.11976790E+01
    1306.,  0.00000000E+00,  0.00000000E+00,  0.00000000E+00,  0.00000000E+00,  0.38040232E+01, -0.11976790E+01
    1307.,  0.00000000E+00,  0.00000000E+00,  0.00000000E+00,  0.00000000E+00,  0.34554408E+01, -0.11976790E+01
    1308.,  0.00000000E+00,  0.00000000E+00,  0.00000000E+00,  0.00000000E+00,  0.30435140E+01, -0.11976790E+01
    1309.,  0.00000000E+00,  0.00000000E+00,  0.00000000E+00,  0.00000000E+00,  0.26505596E+01, -0.11976790E+01
    1310.,  0.00000000E+00,  0.00000000E+00,  0.00000000E+00,  0.00000000E+00,  0.23099421E+01, -0.11976790E+01
    1311.,  0.00000000E+00,  0.00000000E+00,  0.00000000E+00,  0.00000000E+00,  0.20277410E+01, -0.11976790E+01
    1312.,  0.00000000E+00,  0.00000000E+00,  0.00000000E+00,  0.00000000E+00,  0.17978815E+01, -0.11976790E+01
    1313.,  0.00000000E+00,  0.00000000E+00,  0.00000000E+00,  0.00000000E+00,  0.15964881E+01, -0.11976790E+01
    1314.,  0.00000000E+00,  0.00000000E+00,  0.00000000E+00,  0.00000000E+00,  0.13950840E+01, -0.11976790E+01
    1315.,  0.00000000E+00,  0.00000000E+00,  0.00000000E+00,  0.00000000E+00,  0.11806809E+01, -0.11976790E+01
    1316.,  0.00000000E+00,  0.00000000E+00,  0.00000000E+00,  0.00000000E+00,  0.95180790E+00, -0.11976790E+01
    1317.,  0.00000000E+00,  0.00000000E+00,  0.00000000E+00,  0.00000000E+00,  0.72247389E+00, -0.11976790E+01
    1318.,  0.00000000E+00,  0.00000000E+00,  0.00000000E+00,  0.00000000E+00,  0.59462536E+00, -0.11976790E+01
    1319.,  0.00000000E+00,  0.00000000E+00,  0.00000000E+00,  0.00000000E+00,  0.79921721E+00, -0.11976790E+01
    1320.,  0.00000000E+00,  0.00000000E+00,  0.00000000E+00,  0.00000000E+00,  0.13187682E+01, -0.11976790E+01
    1321.,  0.00000000E+00,  0.00000000E+00,  0.00000000E+00,  0.00000000E+00,  0.19996014E+01, -0.11976790E+01
    1322.,  0.00000000E+00,  0.00000000E+00,  0.00000000E+00,  0.00000000E+00,  0.27407639E+01, -0.11976790E+01
    1323.,  0.00000000E+00,  0.00000000E+00,  0.00000000E+00,  0.00000000E+00,  0.34683261E+01, -0.11976790E+01
    1324.,  0.00000000E+00,  0.00000000E+00,  0.00000000E+00,  0.00000000E+00,  0.41369354E+01, -0.11976790E+01
    1325.,  0.00000000E+00,  0.00000000E+00,  0.00000000E+00,  0.00000000E+00,  0.47310652E+01, -0.11976790E+01
    1326.,  0.00000000E+00,  0.00000000E+00,  0.00000000E+00,  0.00000000E+00,  0.52545371E+01, -0.11976790E+01
    1327.,  0.00000000E+00,  0.00000000E+00,  0.00000000E+00,  0.00000000E+00,  0.57183587E+01, -0.11976790E+01
    1328.,  0.00000000E+00,  0.00000000E+00,  0.00000000E+00,  0.00000000E+00,  0.61326909E+01, -0.11976790E+01
    1329.,  0.00000000E+00,  0.00000000E+00,  0.00000000E+00,  0.00000000E+00,  0.65278329E+01, -0.11976790E+01
    1330.,  0.00000000E+00,  0.00000000E+00,  0.00000000E+00,  0.00000000E+00,  0.69581799E+01, -0.11976790E+01
    1331.,  0.00000000E+00,  0.00000000E+00,  0.00000000E+00,  0.00000000E+00,  0.74580133E+01, -0.11976790E+01
    1332.,  0.00000000E+00,  0.00000000E+00,  0.00000000E+00,  0.00000000E+00,  0.80335550E+01, -0.11976790E+01
    1333.,  0.00000000E+00,  0.00000000E+00,  0.00000000E+00,  0.00000000E+00,  0.86868472E+01, -0.11976790E+01
    1334.,  0.00000000E+00,  0.00000000E+00,  0.00000000E+00,  0.00000000E+00,  0.94209357E+01, -0.11976790E+01
    1335.,  0.00000000E+00,  0.00000000E+00,  0.00000000E+00,  0.00000000E+00,  0.10275178E+02, -0.11976790E+01
    1336.,  0.00000000E+00,  0.00000000E+00,  0.00000000E+00,  0.00000000E+00,  0.11390069E+02, -0.11976790E+01
    1337.,  0.00000000E+00,  0.00000000E+00,  0.00000000E+00,  0.00000000E+00,  0.13094142E+02, -0.11976790E+01
    1338.,  0.00000000E+00,  0.00000000E+00,  0.00000000E+00,  0.00000000E+00,  0.15723339E+02, -0.11976790E+01
    1339.,  0.00000000E+00,  0.00000000E+00,  0.00000000E+00,  0.00000000E+00,  0.18786196E+02, -0.11976790E+01
    1340.,  0.00000000E+00,  0.00000000E+00,  0.00000000E+00,  0.00000000E+00,  0.21303577E+02, -0.11976790E+01
    1341.,  0.00000000E+00,  0.00000000E+00,  0.00000000E+00,  0.00000000E+00,  0.22358352E+02, -0.11976790E+01
    1342.,  0.00000000E+00,  0.00000000E+00,  0.00000000E+00,  0.00000000E+00,  0.21678333E+02, -0.11976790E+01
    1343.,  0.00000000E+00,  0.00000000E+00,  0.00000000E+00,  0.00000000E+00,  0.19809439E+02, -0.11976790E+01
    1344.,  0.00000000E+00,  0.00000000E+00,  0.00000000E+00,  0.00000000E+00,  0.19696698E+02, -0.11976790E+01
    1345.,  0.00000000E+00,  0.00000000E+00,  0.00000000E+00,  0.00000000E+00,  0.29133284E+02, -0.11976790E+01
    1346.,  0.00000000E+00,  0.00000000E+00,  0.00000000E+00,  0.00000000E+00,  0.28120367E+02, -0.11976790E+01
    1347.,  0.00000000E+00,  0.00000000E+00,  0.00000000E+00,  0.00000000E+00,  0.24550875E+02, -0.11976790E+01
    1348.,  0.00000000E+00,  0.00000000E+00,  0.00000000E+00,  0.00000000E+00,  0.22061334E+02, -0.11976790E+01
    1349.,  0.00000000E+00,  0.00000000E+00,  0.00000000E+00,  0.00000000E+00,  0.18717542E+02, -0.11976790E+01
    1350.,  0.00000000E+00,  0.00000000E+00,  0.00000000E+00,  0.00000000E+00,  0.14752668E+02, -0.11976790E+01
    1351.,  0.00000000E+00,  0.00000000E+00,  0.00000000E+00,  0.00000000E+00,  0.88134056E+01, -0.11976790E+01
    1352.,  0.00000000E+00,  0.00000000E+00,  0.00000000E+00,  0.00000000E+00,  0.76148517E+01, -0.11976790E+01
    1353.,  0.00000000E+00,  0.00000000E+00,  0.00000000E+00,  0.00000000E+00,  0.12022391E+02, -0.11976790E+01
    1354.,  0.00000000E+00,  0.00000000E+00,  0.00000000E+00,  0.00000000E+00,  0.13371825E+02, -0.11976790E+01
    1355.,  0.00000000E+00,  0.00000000E+00,  0.00000000E+00,  0.00000000E+00,  0.12269986E+02, -0.11976790E+01
    1356.,  0.00000000E+00,  0.00000000E+00,  0.00000000E+00,  0.00000000E+00,  0.10380037E+02, -0.11976790E+01
    1357.,  0.00000000E+00,  0.00000000E+00,  0.00000000E+00,  0.00000000E+00,  0.81828019E+01, -0.11976790E+01
    1358.,  0.00000000E+00,  0.00000000E+00,  0.00000000E+00,  0.00000000E+00,  0.56636061E+01, -0.11976790E+01
    1359.,  0.00000000E+00,  0.00000000E+00,  0.00000000E+00,  0.00000000E+00,  0.49900900E+01, -0.11976790E+01
    1360.,  0.00000000E+00,  0.00000000E+00,  0.00000000E+00,  0.00000000E+00,  0.33470963E+01, -0.11976790E+01
    1361.,  0.00000000E+00,  0.00000000E+00,  0.00000000E+00,  0.00000000E+00,  0.65878574E+01, -0.11976790E+01
    1362.,  0.00000000E+00,  0.00000000E+00,  0.00000000E+00,  0.00000000E+00,  0.49599135E+01, -0.11976790E+01
    1363.,  0.00000000E+00,  0.00000000E+00,  0.00000000E+00,  0.00000000E+00,  0.33006733E+01, -0.11976790E+01
    1364.,  0.00000000E+00,  0.00000000E+00,  0.00000000E+00,  0.00000000E+00,  0.40137219E+01, -0.11976790E+01
    1365.,  0.00000000E+00,  0.00000000E+00,  0.00000000E+00,  0.00000000E+00,  0.38003456E+01, -0.11976790E+01
    1366.,  0.00000000E+00,  0.00000000E+00,  0.00000000E+00,  0.00000000E+00,  0.33663637E+01, -0.11976790E+01
    1367.,  0.00000000E+00,  0.00000000E+00,  0.00000000E+00,  0.00000000E+00,  0.38453912E+01, -0.11976790E+01
    1368.,  0.00000000E+00,  0.00000000E+00,  0.00000000E+00,  0.00000000E+00,  0.45762666E+01, -0.11976790E+01
    1369.,  0.00000000E+00,  0.00000000E+00,  0.00000000E+00,  0.00000000E+00,  0.47632287E+01, -0.11976790E+01
    1370.,  0.00000000E+00,  0.00000000E+00,  0.00000000E+00,  0.00000000E+00,  0.44419765E+01, -0.11976790E+01
    1371.,  0.00000000E+00,  0.00000000E+00,  0.00000000E+00,  0.00000000E+00,  0.39042689E+01, -0.11976790E+01
    1372.,  0.00000000E+00,  0.00000000E+00,  0.00000000E+00,  0.00000000E+00,  0.33415685E+01, -0.11976790E+01
    1373.,  0.00000000E+00,  0.00000000E+00,  0.00000000E+00,  0.00000000E+00,  0.28345262E+01, -0.11976790E+01
    1374.,  0.00000000E+00,  0.00000000E+00,  0.00000000E+00,  0.00000000E+00,  0.24140120E+01, -0.11976790E+01
    1375.,  0.00000000E+00,  0.00000000E+00,  0.00000000E+00,  0.00000000E+00,  0.20815888E+01, -0.11976790E+01
    1376.,  0.00000000E+00,  0.00000000E+00,  0.00000000E+00,  0.00000000E+00,  0.18241671E+01, -0.11976790E+01
    1377.,  0.00000000E+00,  0.00000000E+00,  0.00000000E+00,  0.00000000E+00,  0.16147641E+01, -0.11976790E+01
    1378.,  0.00000000E+00,  0.00000000E+00,  0.00000000E+00,  0.00000000E+00,  0.14207576E+01, -0.11976790E+01
    1379.,  0.00000000E+00,  0.00000000E+00,  0.00000000E+00,  0.00000000E+00,  0.12346575E+01, -0.11976790E+01
    1380.,  0.00000000E+00,  0.00000000E+00,  0.00000000E+00,  0.00000000E+00,  0.10575384E+01, -0.11976790E+01
    1381.,  0.00000000E+00,  0.00000000E+00,  0.00000000E+00,  0.00000000E+00,  0.89171247E+00, -0.11976790E+01
    1382.,  0.00000000E+00,  0.00000000E+00,  0.00000000E+00,  0.00000000E+00,  0.77534183E+00, -0.11976790E+01
    1383.,  0.00000000E+00,  0.00000000E+00,  0.00000000E+00,  0.00000000E+00,  0.84001889E+00, -0.11976790E+01
    1384.,  0.00000000E+00,  0.00000000E+00,  0.00000000E+00,  0.00000000E+00,  0.11911612E+01, -0.11976790E+01
    1385.,  0.00000000E+00,  0.00000000E+00,  0.00000000E+00,  0.00000000E+00,  0.17537408E+01, -0.11976790E+01
    1386.,  0.00000000E+00,  0.00000000E+00,  0.00000000E+00,  0.00000000E+00,  0.24112963E+01, -0.11976790E+01
    1387.,  0.00000000E+00,  0.00000000E+00,  0.00000000E+00,  0.00000000E+00,  0.30773441E+01, -0.11976790E+01
    1388.,  0.00000000E+00,  0.00000000E+00,  0.00000000E+00,  0.00000000E+00,  0.37035155E+01, -0.11976790E+01
    1389.,  0.00000000E+00,  0.00000000E+00,  0.00000000E+00,  0.00000000E+00,  0.42763672E+01, -0.11976790E+01
    1390.,  0.00000000E+00,  0.00000000E+00,  0.00000000E+00,  0.00000000E+00,  0.48022782E+01, -0.11976790E+01
    1391.,  0.00000000E+00,  0.00000000E+00,  0.00000000E+00,  0.00000000E+00,  0.52906312E+01, -0.11976790E+01
    1392.,  0.00000000E+00,  0.00000000E+00,  0.00000000E+00,  0.00000000E+00,  0.57480871E+01, -0.11976790E+01
    1393.,  0.00000000E+00,  0.00000000E+00,  0.00000000E+00,  0.00000000E+00,  0.62056550E+01, -0.11976790E+01
    1394.,  0.00000000E+00,  0.00000000E+00,  0.00000000E+00,  0.00000000E+00,  0.67312656E+01, -0.11976790E+01
    1395.,  0.00000000E+00,  0.00000000E+00,  0.00000000E+00,  0.00000000E+00,  0.73714431E+01, -0.11976790E+01
    1396.,  0.00000000E+00,  0.00000000E+00,  0.00000000E+00,  0.00000000E+00,  0.81476762E+01, -0.11976790E+01
    1397.,  0.00000000E+00,  0.00000000E+00,  0.00000000E+00,  0.00000000E+00,  0.90591312E+01, -0.11976790E+01
    1398.,  0.00000000E+00,  0.00000000E+00,  0.00000000E+00,  0.00000000E+00,  0.10064921E+02, -0.11976790E+01
    1399.,  0.00000000E+00,  0.00000000E+00,  0.00000000E+00,  0.00000000E+00,  0.11087992E+02, -0.11976790E+01
    1400.,  0.00000000E+00,  0.00000000E+00,  0.00000000E+00,  0.00000000E+00,  0.12131180E+02, -0.11976790E+01
    1401.,  0.00000000E+00,  0.00000000E+00,  0.00000000E+00,  0.00000000E+00,  0.13492585E+02, -0.11976790E+01
    1402.,  0.00000000E+00,  0.00000000E+00,  0.00000000E+00,  0.00000000E+00,  0.15803773E+02, -0.11976790E+01
    1403.,  0.00000000E+00,  0.00000000E+00,  0.00000000E+00,  0.00000000E+00,  0.19361625E+02, -0.11976790E+01
    1404.,  0.00000000E+00,  0.00000000E+00,  0.00000000E+00,  0.00000000E+00,  0.22641611E+02, -0.11976790E+01
    1405.,  0.00000000E+00,  0.00000000E+00,  0.00000000E+00,  0.00000000E+00,  0.24775396E+02, -0.11976790E+01
    1406.,  0.00000000E+00,  0.00000000E+00,  0.00000000E+00,  0.00000000E+00,  0.26187944E+02, -0.11976790E+01
    1407.,  0.00000000E+00,  0.00000000E+00,  0.00000000E+00,  0.00000000E+00,  0.27941383E+02, -0.11976790E+01
    1408.,  0.00000000E+00,  0.00000000E+00,  0.00000000E+00,  0.00000000E+00,  0.21939904E+02, -0.11976790E+01
    1409.,  0.00000000E+00,  0.00000000E+00,  0.00000000E+00,  0.00000000E+00,  0.70832569E+02, -0.11976790E+01
    1410.,  0.00000000E+00,  0.00000000E+00,  0.00000000E+00,  0.00000000E+00,  0.58149063E+02, -0.11976790E+01
    1411.,  0.00000000E+00,  0.00000000E+00,  0.00000000E+00,  0.00000000E+00,  0.59138701E+02, -0.11976790E+01
    1412.,  0.00000000E+00,  0.00000000E+00,  0.00000000E+00,  0.00000000E+00,  0.55399171E+02, -0.11976790E+01
    1413.,  0.00000000E+00,  0.00000000E+00,  0.00000000E+00,  0.00000000E+00,  0.49025223E+02, -0.11976790E+01
    1414.,  0.00000000E+00,  0.00000000E+00,  0.00000000E+00,  0.00000000E+00,  0.39283973E+02, -0.11976790E+01
    1415.,  0.00000000E+00,  0.00000000E+00,  0.00000000E+00,  0.00000000E+00,  0.29568102E+02, -0.11976790E+01
    1416.,  0.00000000E+00,  0.00000000E+00,  0.00000000E+00,  0.00000000E+00,  0.19743586E+02, -0.11976790E+01
    1417.,  0.00000000E+00,  0.00000000E+00,  0.00000000E+00,  0.00000000E+00,  0.31216696E+02, -0.11976790E+01
    1418.,  0.00000000E+00,  0.00000000E+00,  0.00000000E+00,  0.00000000E+00,  0.37658856E+02, -0.11976790E+01
    1419.,  0.00000000E+00,  0.00000000E+00,  0.00000000E+00,  0.00000000E+00,  0.37109884E+02, -0.11976790E+01
    1420.,  0.00000000E+00,  0.00000000E+00,  0.00000000E+00,  0.00000000E+00,  0.36408167E+02, -0.11976790E+01
    1421.,  0.00000000E+00,  0.00000000E+00,  0.00000000E+00,  0.00000000E+00,  0.35680060E+02, -0.11976790E+01
    1422.,  0.00000000E+00,  0.00000000E+00,  0.00000000E+00,  0.00000000E+00,  0.35882804E+02, -0.11976790E+01
    1423.,  0.00000000E+00,  0.00000000E+00,  0.00000000E+00,  0.00000000E+00,  0.34370887E+02, -0.11976790E+01
    1424.,  0.00000000E+00,  0.00000000E+00,  0.00000000E+00,  0.00000000E+00,  0.49123756E+02, -0.11976790E+01
    1425.,  0.00000000E+00,  0.00000000E+00,  0.00000000E+00,  0.00000000E+00,  0.46879657E+02, -0.11976790E+01
    1426.,  0.00000000E+00,  0.00000000E+00,  0.00000000E+00,  0.00000000E+00,  0.30991139E+02, -0.11976790E+01
    1427.,  0.00000000E+00,  0.00000000E+00,  0.00000000E+00,  0.00000000E+00,  0.35996261E+02, -0.11976790E+01
    1428.,  0.00000000E+00,  0.00000000E+00,  0.00000000E+00,  0.00000000E+00,  0.34812217E+02, -0.11976790E+01
    1429.,  0.00000000E+00,  0.00000000E+00,  0.00000000E+00,  0.00000000E+00,  0.32762265E+02, -0.11976790E+01
    1430.,  0.00000000E+00,  0.00000000E+00,  0.00000000E+00,  0.00000000E+00,  0.26417770E+02, -0.11976790E+01
    1431.,  0.00000000E+00,  0.00000000E+00,  0.00000000E+00,  0.00000000E+00,  0.16184924E+02, -0.11976790E+01
    1432.,  0.00000000E+00,  0.00000000E+00,  0.00000000E+00,  0.00000000E+00,  0.88479413E+01, -0.11976790E+01
    1433.,  0.00000000E+00,  0.00000000E+00,  0.00000000E+00,  0.00000000E+00,  0.62045128E+01, -0.11976790E+01
    1434.,  0.00000000E+00,  0.00000000E+00,  0.00000000E+00,  0.00000000E+00,  0.51367738E+01, -0.11976790E+01
    1435.,  0.00000000E+00,  0.00000000E+00,  0.00000000E+00,  0.00000000E+00,  0.43051987E+01, -0.11976790E+01
    1436.,  0.00000000E+00,  0.00000000E+00,  0.00000000E+00,  0.00000000E+00,  0.35933427E+01, -0.11976790E+01
    1437.,  0.00000000E+00,  0.00000000E+00,  0.00000000E+00,  0.00000000E+00,  0.30179751E+01, -0.11976790E+01
    1438.,  0.00000000E+00,  0.00000000E+00,  0.00000000E+00,  0.00000000E+00,  0.25766325E+01, -0.11976790E+01
    1439.,  0.00000000E+00,  0.00000000E+00,  0.00000000E+00,  0.00000000E+00,  0.22626849E+01, -0.11976790E+01
    1440.,  0.00000000E+00,  0.00000000E+00,  0.00000000E+00,  0.00000000E+00,  0.20491597E+01, -0.11976790E+01
    1441.,  0.00000000E+00,  0.00000000E+00,  0.00000000E+00,  0.00000000E+00,  0.18897735E+01, -0.11976790E+01
    1442.,  0.00000000E+00,  0.00000000E+00,  0.00000000E+00,  0.00000000E+00,  0.17653496E+01, -0.11976790E+01
    1443.,  0.00000000E+00,  0.00000000E+00,  0.00000000E+00,  0.00000000E+00,  0.16748885E+01, -0.11976790E+01
    1444.,  0.00000000E+00,  0.00000000E+00,  0.00000000E+00,  0.00000000E+00,  0.16114082E+01, -0.11976790E+01
    1445.,  0.00000000E+00,  0.00000000E+00,  0.00000000E+00,  0.00000000E+00,  0.15555157E+01, -0.11976790E+01
    1446.,  0.00000000E+00,  0.00000000E+00,  0.00000000E+00,  0.00000000E+00,  0.14990035E+01, -0.11976790E+01
    1447.,  0.00000000E+00,  0.00000000E+00,  0.00000000E+00,  0.00000000E+00,  0.14698836E+01, -0.11976790E+01
    1448.,  0.00000000E+00,  0.00000000E+00,  0.00000000E+00,  0.00000000E+00,  0.15521249E+01, -0.11976790E+01
    1449.,  0.00000000E+00,  0.00000000E+00,  0.00000000E+00,  0.00000000E+00,  0.18317637E+01, -0.11976790E+01
    1450.,  0.00000000E+00,  0.00000000E+00,  0.00000000E+00,  0.00000000E+00,  0.23008188E+01, -0.11976790E+01
    1451.,  0.00000000E+00,  0.00000000E+00,  0.00000000E+00,  0.00000000E+00,  0.28790448E+01, -0.11976790E+01
    1452.,  0.00000000E+00,  0.00000000E+00,  0.00000000E+00,  0.00000000E+00,  0.34928883E+01, -0.11976790E+01
    1453.,  0.00000000E+00,  0.00000000E+00,  0.00000000E+00,  0.00000000E+00,  0.41034821E+01, -0.11976790E+01
    1454.,  0.00000000E+00,  0.00000000E+00,  0.00000000E+00,  0.00000000E+00,  0.46986253E+01, -0.11976790E+01
    1455.,  0.00000000E+00,  0.00000000E+00,  0.00000000E+00,  0.00000000E+00,  0.52767871E+01, -0.11976790E+01
    1456.,  0.00000000E+00,  0.00000000E+00,  0.00000000E+00,  0.00000000E+00,  0.58314462E+01, -0.11976790E+01
    1457.,  0.00000000E+00,  0.00000000E+00,  0.00000000E+00,  0.00000000E+00,  0.63923097E+01, -0.11976790E+01
    1458.,  0.00000000E+00,  0.00000000E+00,  0.00000000E+00,  0.00000000E+00,  0.70292952E+01, -0.11976790E+01
    1459.,  0.00000000E+00,  0.00000000E+00,  0.00000000E+00,  0.00000000E+00,  0.78256272E+01, -0.11976790E+01
    1460.,  0.00000000E+00,  0.00000000E+00,  0.00000000E+00,  0.00000000E+00,  0.88096925E+01, -0.11976790E+01
    1461.,  0.00000000E+00,  0.00000000E+00,  0.00000000E+00,  0.00000000E+00,  0.99757536E+01, -0.11976790E+01
    1462.,  0.00000000E+00,  0.00000000E+00,  0.00000000E+00,  0.00000000E+00,  0.11295844E+02, -0.11976790E+01
    1463.,  0.00000000E+00,  0.00000000E+00,  0.00000000E+00,  0.00000000E+00,  0.12733204E+02, -0.11976790E+01
    1464.,  0.00000000E+00,  0.00000000E+00,  0.00000000E+00,  0.00000000E+00,  0.14550359E+02, -0.11976790E+01
    1465.,  0.00000000E+00,  0.00000000E+00,  0.00000000E+00,  0.00000000E+00,  0.18169398E+02, -0.11976790E+01
    1466.,  0.00000000E+00,  0.00000000E+00,  0.00000000E+00,  0.00000000E+00,  0.25186351E+02, -0.11976790E+01
    1467.,  0.00000000E+00,  0.00000000E+00,  0.00000000E+00,  0.00000000E+00,  0.32086069E+02, -0.11976790E+01
    1468.,  0.00000000E+00,  0.00000000E+00,  0.00000000E+00,  0.00000000E+00,  0.37080241E+02, -0.11976790E+01
    1469.,  0.00000000E+00,  0.00000000E+00,  0.00000000E+00,  0.00000000E+00,  0.42069843E+02, -0.11976790E+01
    1470.,  0.00000000E+00,  0.00000000E+00,  0.00000000E+00,  0.00000000E+00,  0.46722497E+02, -0.11976790E+01
    1471.,  0.00000000E+00,  0.00000000E+00,  0.00000000E+00,  0.00000000E+00,  0.50615445E+02, -0.11976790E+01
    1472.,  0.00000000E+00,  0.00000000E+00,  0.00000000E+00,  0.00000000E+00,  0.75681537E+02, -0.11976790E+01
    1473.,  0.00000000E+00,  0.00000000E+00,  0.00000000E+00,  0.49368165E-03,  0.18768867E+03, -0.11976790E+01
    1474.,  0.00000000E+00,  0.00000000E+00,  0.00000000E+00,  0.22579526E-03,  0.18629272E+03, -0.11976790E+01
    1475.,  0.00000000E+00,  0.00000000E+00,  0.00000000E+00,  0.14710776E-03,  0.18598485E+03, -0.11976790E+01
    1476.,  0.00000000E+00,  0.00000000E+00,  0.00000000E+00,  0.92374810E-04,  0.18558848E+03, -0.11976790E+01
    1477.,  0.00000000E+00,  0.00000000E+00,  0.00000000E+00,  0.27812064E-04,  0.18508541E+03, -0.11976790E+01
    1478.,  0.00000000E+00,  0.00000000E+00,  0.00000000E+00,  0.00000000E+00,  0.18038655E+03, -0.11976790E+01
    1479.,  0.00000000E+00,  0.00000000E+00,  0.00000000E+00,  0.00000000E+00,  0.16228674E+03, -0.11976790E+01
    1480.,  0.00000000E+00,  0.00000000E+00,  0.00000000E+00,  0.00000000E+00,  0.76193531E+02, -0.11976790E+01
    1481.,  0.00000000E+00,  0.00000000E+00,  0.00000000E+00,  0.00000000E+00,  0.13944011E+03, -0.11976790E+01
    1482.,  0.00000000E+00,  0.00000000E+00,  0.00000000E+00,  0.17600372E-04,  0.18495308E+03, -0.11976790E+01
    1483.,  0.00000000E+00,  0.00000000E+00,  0.00000000E+00,  0.80055078E-04,  0.18547313E+03, -0.11976790E+01
    1484.,  0.00000000E+00,  0.00000000E+00,  0.00000000E+00,  0.18169116E-03,  0.18612531E+03, -0.11976790E+01
    1485.,  0.00000000E+00,  0.00000000E+00,  0.00000000E+00,  0.27334363E-03,  0.18682291E+03, -0.11976790E+01
    1486.,  0.00000000E+00,  0.00000000E+00,  0.00000000E+00,  0.30639251E-03,  0.18707757E+03, -0.11976790E+01
    1487.,  0.00000000E+00,  0.00000000E+00,  0.00000000E+00,  0.28806250E-03,  0.18665414E+03, -0.11976790E+01
    1488.,  0.00000000E+00,  0.00000000E+00,  0.00000000E+00,  0.44317701E-03,  0.18764288E+03, -0.11976790E+01
    1489.,  0.00000000E+00,  0.00000000E+00,  0.00000000E+00,  0.28680276E-03,  0.18469390E+03, -0.11976790E+01
    1490.,  0.00000000E+00,  0.00000000E+00,  0.00000000E+00,  0.00000000E+00,  0.15829733E+03, -0.11976790E+01
    1491.,  0.00000000E+00,  0.00000000E+00,  0.00000000E+00,  0.00000000E+00,  0.14947126E+03, -0.11976790E+01
    1492.,  0.00000000E+00,  0.00000000E+00,  0.00000000E+00,  0.00000000E+00,  0.14138464E+03, -0.11976790E+01
    1493.,  0.00000000E+00,  0.00000000E+00,  0.00000000E+00,  0.00000000E+00,  0.12495250E+03, -0.11976790E+01
    1494.,  0.00000000E+00,  0.00000000E+00,  0.00000000E+00,  0.00000000E+00,  0.87399875E+02, -0.11976790E+01
    1495.,  0.00000000E+00,  0.00000000E+00,  0.00000000E+00,  0.00000000E+00,  0.39313412E+02, -0.11976790E+01
    1496.,  0.00000000E+00,  0.00000000E+00,  0.00000000E+00,  0.00000000E+00,  0.87187690E+01, -0.11976790E+01
    1497.,  0.00000000E+00,  0.00000000E+00,  0.00000000E+00,  0.00000000E+00,  0.65736942E+01, -0.11976790E+01
    1498.,  0.00000000E+00,  0.00000000E+00,  0.00000000E+00,  0.00000000E+00,  0.73935357E+01, -0.11976790E+01
    1499.,  0.00000000E+00,  0.00000000E+00,  0.00000000E+00,  0.00000000E+00,  0.59455014E+01, -0.11976790E+01
    1500.,  0.00000000E+00,  0.00000000E+00,  0.00000000E+00,  0.00000000E+00,  0.46400645E+01, -0.11976790E+01
    1501.,  0.00000000E+00,  0.00000000E+00,  0.00000000E+00,  0.00000000E+00,  0.37908469E+01, -0.11976790E+01
    1502.,  0.00000000E+00,  0.00000000E+00,  0.00000000E+00,  0.00000000E+00,  0.32609191E+01, -0.11976790E+01
    1503.,  0.00000000E+00,  0.00000000E+00,  0.00000000E+00,  0.00000000E+00,  0.29314673E+01, -0.11976790E+01
    1504.,  0.00000000E+00,  0.00000000E+00,  0.00000000E+00,  0.00000000E+00,  0.27435843E+01, -0.11976790E+01
    1505.,  0.00000000E+00,  0.00000000E+00,  0.00000000E+00,  0.00000000E+00,  0.26077635E+01, -0.11976790E+01
    1506.,  0.00000000E+00,  0.00000000E+00,  0.00000000E+00,  0.00000000E+00,  0.24923008E+01, -0.11976790E+01
    1507.,  0.00000000E+00,  0.00000000E+00,  0.00000000E+00,  0.00000000E+00,  0.24211390E+01, -0.11976790E+01
    1508.,  0.00000000E+00,  0.00000000E+00,  0.00000000E+00,  0.00000000E+00,  0.23835160E+01, -0.11976790E+01
    1509.,  0.00000000E+00,  0.00000000E+00,  0.00000000E+00,  0.00000000E+00,  0.23706866E+01, -0.11976790E+01
    1510.,  0.00000000E+00,  0.00000000E+00,  0.00000000E+00,  0.00000000E+00,  0.23745076E+01, -0.11976790E+01
    1511.,  0.00000000E+00,  0.00000000E+00,  0.00000000E+00,  0.00000000E+00,  0.23964229E+01, -0.11976790E+01
    1512.,  0.00000000E+00,  0.00000000E+00,  0.00000000E+00,  0.00000000E+00,  0.24563161E+01, -0.11976790E+01
    1513.,  0.00000000E+00,  0.00000000E+00,  0.00000000E+00,  0.00000000E+00,  0.25995480E+01, -0.11976790E+01
    1514.,  0.00000000E+00,  0.00000000E+00,  0.00000000E+00,  0.00000000E+00,  0.28789937E+01, -0.11976790E+01
    1515.,  0.00000000E+00,  0.00000000E+00,  0.00000000E+00,  0.00000000E+00,  0.33077909E+01, -0.11976790E+01
    1516.,  0.00000000E+00,  0.00000000E+00,  0.00000000E+00,  0.00000000E+00,  0.38440439E+01, -0.11976790E+01
    1517.,  0.00000000E+00,  0.00000000E+00,  0.00000000E+00,  0.00000000E+00,  0.44300961E+01, -0.11976790E+01
    1518.,  0.00000000E+00,  0.00000000E+00,  0.00000000E+00,  0.00000000E+00,  0.50278977E+01, -0.11976790E+01
    1519.,  0.00000000E+00,  0.00000000E+00,  0.00000000E+00,  0.00000000E+00,  0.56252530E+01, -0.11976790E+01
    1520.,  0.00000000E+00,  0.00000000E+00,  0.00000000E+00,  0.00000000E+00,  0.62146825E+01, -0.11976790E+01
    1521.,  0.00000000E+00,  0.00000000E+00,  0.00000000E+00,  0.00000000E+00,  0.67724246E+01, -0.11976790E+01
    1522.,  0.00000000E+00,  0.00000000E+00,  0.00000000E+00,  0.00000000E+00,  0.74406856E+01, -0.11976790E+01
    1523.,  0.00000000E+00,  0.00000000E+00,  0.00000000E+00,  0.00000000E+00,  0.83152715E+01, -0.11976790E+01
    1524.,  0.00000000E+00,  0.00000000E+00,  0.00000000E+00,  0.00000000E+00,  0.94306598E+01, -0.11976790E+01
    1525.,  0.00000000E+00,  0.00000000E+00,  0.00000000E+00,  0.00000000E+00,  0.10851358E+02, -0.11976790E+01
    1526.,  0.00000000E+00,  0.00000000E+00,  0.00000000E+00,  0.00000000E+00,  0.12465679E+02, -0.11976790E+01
    1527.,  0.00000000E+00,  0.00000000E+00,  0.00000000E+00,  0.00000000E+00,  0.13834043E+02, -0.11976790E+01
    1528.,  0.00000000E+00,  0.00000000E+00,  0.00000000E+00,  0.00000000E+00,  0.14975149E+02, -0.11976790E+01
    1529.,  0.00000000E+00,  0.00000000E+00,  0.00000000E+00,  0.00000000E+00,  0.29015861E+02, -0.11976790E+01
    1530.,  0.00000000E+00,  0.00000000E+00,  0.00000000E+00,  0.00000000E+00,  0.70744388E+02, -0.11976790E+01
    1531.,  0.00000000E+00,  0.00000000E+00,  0.00000000E+00,  0.00000000E+00,  0.11853294E+03, -0.11976790E+01
    1532.,  0.00000000E+00,  0.00000000E+00,  0.00000000E+00,  0.00000000E+00,  0.14604619E+03, -0.11976790E+01
    1533.,  0.00000000E+00,  0.00000000E+00,  0.00000000E+00,  0.00000000E+00,  0.15689875E+03, -0.11976790E+01
    1534.,  0.00000000E+00,  0.00000000E+00,  0.00000000E+00,  0.00000000E+00,  0.16183386E+03, -0.11976790E+01
    1535.,  0.00000000E+00,  0.00000000E+00,  0.00000000E+00,  0.00000000E+00,  0.17048708E+03, -0.11976790E+01
    1536.,  0.00000000E+00,  0.00000000E+00,  0.00000000E+00,  0.34766995E-03,  0.18485309E+03, -0.11976790E+01
    1537.,  0.00000000E+00,  0.00000000E+00,  0.00000000E+00,  0.64789361E-02,  0.22575799E+03, -0.11976790E+01
    1538.,  0.00000000E+00,  0.00000000E+00,  0.00000000E+00,  0.76489740E-02,  0.23246959E+03, -0.11976790E+01
    1539.,  0.00000000E+00,  0.00000000E+00,  0.00000000E+00,  0.86833453E-02,  0.23799844E+03, -0.11976790E+01
    1540.,  0.00000000E+00,  0.00000000E+00,  0.00000000E+00,  0.94950665E-02,  0.24213330E+03, -0.11976790E+01
    1541.,  0.00000000E+00,  0.00000000E+00,  0.00000000E+00,  0.95051599E-02,  0.24217706E+03, -0.11976790E+01
    1542.,  0.00000000E+00,  0.00000000E+00,  0.00000000E+00,  0.78755174E-02,  0.23365649E+03, -0.11976790E+01
    1543.,  0.00000000E+00,  0.00000000E+00,  0.00000000E+00,  0.41731997E-02,  0.21135895E+03, -0.11976790E+01
    1544.,  0.00000000E+00,  0.00000000E+00,  0.00000000E+00,  0.98815204E-03,  0.17258332E+03, -0.11976790E+01
    1545.,  0.00000000E+00,  0.00000000E+00,  0.00000000E+00,  0.27180547E-02,  0.20057917E+03, -0.11976790E+01
    1546.,  0.00000000E+00,  0.00000000E+00,  0.00000000E+00,  0.73906202E-02,  0.23092287E+03, -0.11976790E+01
    1547.,  0.00000000E+00,  0.00000000E+00,  0.00000000E+00,  0.10777330E-01,  0.24835128E+03, -0.11976790E+01
    1548.,  0.00000000E+00,  0.00000000E+00,  0.00000000E+00,  0.11959078E-01,  0.25386434E+03, -0.11976790E+01
    1549.,  0.00000000E+00,  0.00000000E+00,  0.00000000E+00,  0.11594936E-01,  0.25220740E+03, -0.11976790E+01
    1550.,  0.00000000E+00,  0.00000000E+00,  0.00000000E+00,  0.10430007E-01,  0.24667062E+03, -0.11976790E+01
    1551.,  0.00000000E+00,  0.00000000E+00,  0.00000000E+00,  0.90362944E-02,  0.23972196E+03, -0.11976790E+01
    1552.,  0.00000000E+00,  0.00000000E+00,  0.00000000E+00,  0.74749873E-02,  0.23126242E+03, -0.11976790E+01
    1553.,  0.00000000E+00,  0.00000000E+00,  0.00000000E+00,  0.65494590E-02,  0.22626510E+03, -0.11976790E+01
    1554.,  0.00000000E+00,  0.00000000E+00,  0.00000000E+00,  0.57786632E-02,  0.22193404E+03, -0.11976790E+01
    1555.,  0.00000000E+00,  0.00000000E+00,  0.00000000E+00,  0.43440100E-02,  0.21329624E+03, -0.11976790E+01
    1556.,  0.00000000E+00,  0.00000000E+00,  0.00000000E+00,  0.27077844E-02,  0.20292537E+03, -0.11976790E+01
    1557.,  0.00000000E+00,  0.00000000E+00,  0.00000000E+00,  0.12006175E-02,  0.19277789E+03, -0.11976790E+01
    1558.,  0.00000000E+00,  0.00000000E+00,  0.00000000E+00,  0.18952465E-03,  0.18356364E+03, -0.11976790E+01
    1559.,  0.00000000E+00,  0.00000000E+00,  0.00000000E+00,  0.00000000E+00,  0.10393488E+03, -0.11976790E+01
    1560.,  0.00000000E+00,  0.00000000E+00,  0.00000000E+00,  0.00000000E+00,  0.32698193E+02, -0.11976790E+01
    1561.,  0.00000000E+00,  0.00000000E+00,  0.00000000E+00,  0.00000000E+00,  0.22477492E+01, -0.11976790E+01
    1562.,  0.00000000E+00,  0.00000000E+00,  0.00000000E+00,  0.00000000E+00,  0.90358826E+01, -0.11976790E+01
    1563.,  0.00000000E+00,  0.00000000E+00,  0.00000000E+00,  0.00000000E+00,  0.86851533E+01, -0.11976790E+01
    1564.,  0.00000000E+00,  0.00000000E+00,  0.00000000E+00,  0.00000000E+00,  0.67642919E+01, -0.11976790E+01
    1565.,  0.00000000E+00,  0.00000000E+00,  0.00000000E+00,  0.00000000E+00,  0.51778256E+01, -0.11976790E+01
    1566.,  0.00000000E+00,  0.00000000E+00,  0.00000000E+00,  0.00000000E+00,  0.41160105E+01, -0.11976790E+01
    1567.,  0.00000000E+00,  0.00000000E+00,  0.00000000E+00,  0.00000000E+00,  0.34394619E+01, -0.11976790E+01
    1568.,  0.00000000E+00,  0.00000000E+00,  0.00000000E+00,  0.00000000E+00,  0.30093912E+01, -0.11976790E+01
    1569.,  0.00000000E+00,  0.00000000E+00,  0.00000000E+00,  0.00000000E+00,  0.27572380E+01, -0.11976790E+01
    1570.,  0.00000000E+00,  0.00000000E+00,  0.00000000E+00,  0.00000000E+00,  0.26345895E+01, -0.11976790E+01
    1571.,  0.00000000E+00,  0.00000000E+00,  0.00000000E+00,  0.00000000E+00,  0.25639662E+01, -0.11976790E+01
    1572.,  0.00000000E+00,  0.00000000E+00,  0.00000000E+00,  0.00000000E+00,  0.25429699E+01, -0.11976790E+01
    1573.,  0.00000000E+00,  0.00000000E+00,  0.00000000E+00,  0.00000000E+00,  0.25685367E+01, -0.11976790E+01
    1574.,  0.00000000E+00,  0.00000000E+00,  0.00000000E+00,  0.00000000E+00,  0.26431602E+01, -0.11976790E+01
    1575.,  0.00000000E+00,  0.00000000E+00,  0.00000000E+00,  0.00000000E+00,  0.27642994E+01, -0.11976790E+01
    1576.,  0.00000000E+00,  0.00000000E+00,  0.00000000E+00,  0.00000000E+00,  0.29196059E+01, -0.11976790E+01
    1577.,  0.00000000E+00,  0.00000000E+00,  0.00000000E+00,  0.00000000E+00,  0.31043650E+01, -0.11976790E+01
    1578.,  0.00000000E+00,  0.00000000E+00,  0.00000000E+00,  0.00000000E+00,  0.33456243E+01, -0.11976790E+01
    1579.,  0.00000000E+00,  0.00000000E+00,  0.00000000E+00,  0.00000000E+00,  0.36793003E+01, -0.11976790E+01
    1580.,  0.00000000E+00,  0.00000000E+00,  0.00000000E+00,  0.00000000E+00,  0.40982976E+01, -0.11976790E+01
    1581.,  0.00000000E+00,  0.00000000E+00,  0.00000000E+00,  0.00000000E+00,  0.45564259E+01, -0.11976790E+01
    1582.,  0.00000000E+00,  0.00000000E+00,  0.00000000E+00,  0.00000000E+00,  0.50149787E+01, -0.11976790E+01
    1583.,  0.00000000E+00,  0.00000000E+00,  0.00000000E+00,  0.00000000E+00,  0.54585226E+01, -0.11976790E+01
    1584.,  0.00000000E+00,  0.00000000E+00,  0.00000000E+00,  0.00000000E+00,  0.59144663E+01, -0.11976790E+01
    1585.,  0.00000000E+00,  0.00000000E+00,  0.00000000E+00,  0.00000000E+00,  0.65647667E+01, -0.11976790E+01
    1586.,  0.00000000E+00,  0.00000000E+00,  0.00000000E+00,  0.00000000E+00,  0.73248370E+01, -0.11976790E+01
    1587.,  0.00000000E+00,  0.00000000E+00,  0.00000000E+00,  0.00000000E+00,  0.83109879E+01, -0.11976790E+01
    1588.,  0.00000000E+00,  0.00000000E+00,  0.00000000E+00,  0.00000000E+00,  0.95810994E+01, -0.11976790E+01
    1589.,  0.00000000E+00,  0.00000000E+00,  0.00000000E+00,  0.00000000E+00,  0.11046821E+02, -0.11976790E+01
    1590.,  0.00000000E+00,  0.00000000E+00,  0.00000000E+00,  0.00000000E+00,  0.12195110E+02, -0.11976790E+01
    1591.,  0.00000000E+00,  0.00000000E+00,  0.00000000E+00,  0.00000000E+00,  0.11674561E+02, -0.11976790E+01
    1592.,  0.00000000E+00,  0.00000000E+00,  0.00000000E+00,  0.00000000E+00,  0.19594130E+02, -0.11976790E+01
    1593.,  0.00000000E+00,  0.00000000E+00,  0.00000000E+00,  0.00000000E+00,  0.65498868E+02, -0.11976790E+01
    1594.,  0.00000000E+00,  0.00000000E+00,  0.00000000E+00,  0.27974479E-05,  0.15534467E+03, -0.11976790E+01
    1595.,  0.00000000E+00,  0.00000000E+00,  0.00000000E+00,  0.64671891E-03,  0.18899368E+03, -0.11976790E+01
    1596.,  0.00000000E+00,  0.00000000E+00,  0.00000000E+00,  0.19310026E-02,  0.19791138E+03, -0.11976790E+01
    1597.,  0.00000000E+00,  0.00000000E+00,  0.00000000E+00,  0.34307410E-02,  0.20780208E+03, -0.11976790E+01
    1598.,  0.00000000E+00,  0.00000000E+00,  0.00000000E+00,  0.47482839E-02,  0.21600241E+03, -0.11976790E+01
    1599.,  0.00000000E+00,  0.00000000E+00,  0.00000000E+00,  0.56829455E-02,  0.22154664E+03, -0.11976790E+01
    1600.,  0.00000000E+00,  0.00000000E+00,  0.00000000E+00,  0.59742440E-02,  0.22301775E+03, -0.11976790E+01
    1601.,  0.00000000E+00,  0.00000000E+00,  0.00000000E+00,  0.00000000E+00,  0.13242929E+03, -0.11976790E+01
    1602.,  0.00000000E+00,  0.00000000E+00,  0.00000000E+00,  0.00000000E+00,  0.13424399E+03, -0.11976790E+01
    1603.,  0.00000000E+00,  0.00000000E+00,  0.00000000E+00,  0.69060085E-04,  0.18117567E+03, -0.11976790E+01
    1604.,  0.00000000E+00,  0.00000000E+00,  0.00000000E+00,  0.55978038E-03,  0.18838958E+03, -0.11976790E+01
    1605.,  0.00000000E+00,  0.00000000E+00,  0.00000000E+00,  0.12798760E-02,  0.19331847E+03, -0.11976790E+01
    1606.,  0.00000000E+00,  0.00000000E+00,  0.00000000E+00,  0.21585134E-02,  0.19932030E+03, -0.11976790E+01
    1607.,  0.00000000E+00,  0.00000000E+00,  0.00000000E+00,  0.26920441E-02,  0.20325698E+03, -0.11976790E+01
    1608.,  0.00000000E+00,  0.00000000E+00,  0.00000000E+00,  0.21016941E-02,  0.19339462E+03, -0.11976790E+01
    1609.,  0.00000000E+00,  0.00000000E+00,  0.00000000E+00,  0.22656989E-02,  0.20010900E+03, -0.11976790E+01
    1610.,  0.00000000E+00,  0.00000000E+00,  0.00000000E+00,  0.21955600E-02,  0.19968019E+03, -0.11976790E+01
    1611.,  0.00000000E+00,  0.00000000E+00,  0.00000000E+00,  0.14496244E-02,  0.19450001E+03, -0.11976790E+01
    1612.,  0.00000000E+00,  0.00000000E+00,  0.00000000E+00,  0.78882182E-03,  0.18982519E+03, -0.11976790E+01
    1613.,  0.00000000E+00,  0.00000000E+00,  0.00000000E+00,  0.25271172E-03,  0.18612390E+03, -0.11976790E+01
    1614.,  0.00000000E+00,  0.00000000E+00,  0.00000000E+00,  0.15178828E-04,  0.17323899E+03, -0.11976790E+01
    1615.,  0.00000000E+00,  0.00000000E+00,  0.00000000E+00,  0.00000000E+00,  0.15866494E+03, -0.11976790E+01
    1616.,  0.00000000E+00,  0.00000000E+00,  0.00000000E+00,  0.12229851E-03,  0.17456746E+03, -0.11976790E+01
    1617.,  0.00000000E+00,  0.00000000E+00,  0.00000000E+00,  0.93316165E-03,  0.18576433E+03, -0.11976790E+01
    1618.,  0.00000000E+00,  0.00000000E+00,  0.00000000E+00,  0.18604839E-02,  0.19629290E+03, -0.11976790E+01
    1619.,  0.00000000E+00,  0.00000000E+00,  0.00000000E+00,  0.23410627E-02,  0.20079620E+03, -0.11976790E+01
    1620.,  0.00000000E+00,  0.00000000E+00,  0.00000000E+00,  0.20631807E-02,  0.19897843E+03, -0.11976790E+01
    1621.,  0.00000000E+00,  0.00000000E+00,  0.00000000E+00,  0.11934395E-02,  0.19298181E+03, -0.11976790E+01
    1622.,  0.00000000E+00,  0.00000000E+00,  0.00000000E+00,  0.30504731E-03,  0.18669306E+03, -0.11976790E+01
    1623.,  0.00000000E+00,  0.00000000E+00,  0.00000000E+00,  0.00000000E+00,  0.13001951E+03, -0.11976790E+01
    1624.,  0.00000000E+00,  0.00000000E+00,  0.00000000E+00,  0.00000000E+00,  0.53369785E+02, -0.11976790E+01
    1625.,  0.00000000E+00,  0.00000000E+00,  0.00000000E+00,  0.00000000E+00,  0.11767216E+02, -0.11976790E+01
    1626.,  0.00000000E+00,  0.00000000E+00,  0.00000000E+00,  0.00000000E+00,  0.34875541E+01, -0.11976790E+01
    1627.,  0.00000000E+00,  0.00000000E+00,  0.00000000E+00,  0.00000000E+00,  0.63676869E+01, -0.11976790E+01
    1628.,  0.00000000E+00,  0.00000000E+00,  0.00000000E+00,  0.00000000E+00,  0.57462738E+01, -0.11976790E+01
    1629.,  0.00000000E+00,  0.00000000E+00,  0.00000000E+00,  0.00000000E+00,  0.45022739E+01, -0.11976790E+01
    1630.,  0.00000000E+00,  0.00000000E+00,  0.00000000E+00,  0.00000000E+00,  0.34570199E+01, -0.11976790E+01
    1631.,  0.00000000E+00,  0.00000000E+00,  0.00000000E+00,  0.00000000E+00,  0.26967087E+01, -0.11976790E+01
    1632.,  0.00000000E+00,  0.00000000E+00,  0.00000000E+00,  0.00000000E+00,  0.21445354E+01, -0.11976790E+01
    1633.,  0.00000000E+00,  0.00000000E+00,  0.00000000E+00,  0.00000000E+00,  0.19254048E+01, -0.11976790E+01
    1634.,  0.00000000E+00,  0.00000000E+00,  0.00000000E+00,  0.00000000E+00,  0.19279709E+01, -0.11976790E+01
    1635.,  0.00000000E+00,  0.00000000E+00,  0.00000000E+00,  0.00000000E+00,  0.19470651E+01, -0.11976790E+01
    1636.,  0.00000000E+00,  0.00000000E+00,  0.00000000E+00,  0.00000000E+00,  0.20069377E+01, -0.11976790E+01
    1637.,  0.00000000E+00,  0.00000000E+00,  0.00000000E+00,  0.00000000E+00,  0.21289846E+01, -0.11976790E+01
    1638.,  0.00000000E+00,  0.00000000E+00,  0.00000000E+00,  0.00000000E+00,  0.23261445E+01, -0.11976790E+01
    1639.,  0.00000000E+00,  0.00000000E+00,  0.00000000E+00,  0.00000000E+00,  0.25839784E+01, -0.11976790E+01
    1640.,  0.00000000E+00,  0.00000000E+00,  0.00000000E+00,  0.00000000E+00,  0.28584967E+01, -0.11976790E+01
    1641.,  0.00000000E+00,  0.00000000E+00,  0.00000000E+00,  0.00000000E+00,  0.31090771E+01, -0.11976790E+01
    1642.,  0.00000000E+00,  0.00000000E+00,  0.00000000E+00,  0.00000000E+00,  0.33403177E+01, -0.11976790E+01
    1643.,  0.00000000E+00,  0.00000000E+00,  0.00000000E+00,  0.00000000E+00,  0.35936732E+01, -0.11976790E+01
    1644.,  0.00000000E+00,  0.00000000E+00,  0.00000000E+00,  0.00000000E+00,  0.38865299E+01, -0.11976790E+01
    1645.,  0.00000000E+00,  0.00000000E+00,  0.00000000E+00,  0.00000000E+00,  0.41902339E+01, -0.11976790E+01
    1646.,  0.00000000E+00,  0.00000000E+00,  0.00000000E+00,  0.00000000E+00,  0.44657337E+01, -0.11976790E+01
    1647.,  0.00000000E+00,  0.00000000E+00,  0.00000000E+00,  0.00000000E+00,  0.47016171E+01, -0.11976790E+01
    1648.,  0.00000000E+00,  0.00000000E+00,  0.00000000E+00,  0.00000000E+00,  0.48582782E+01, -0.11976790E+01
    1649.,  0.00000000E+00,  0.00000000E+00,  0.00000000E+00,  0.00000000E+00,  0.52236050E+01, -0.11976790E+01
    1650.,  0.00000000E+00,  0.00000000E+00,  0.00000000E+00,  0.00000000E+00,  0.60398396E+01, -0.11976790E+01
    1651.,  0.00000000E+00,  0.00000000E+00,  0.00000000E+00,  0.00000000E+00,  0.70652099E+01, -0.11976790E+01
    1652.,  0.00000000E+00,  0.00000000E+00,  0.00000000E+00,  0.00000000E+00,  0.83116964E+01, -0.11976790E+01
    1653.,  0.00000000E+00,  0.00000000E+00,  0.00000000E+00,  0.00000000E+00,  0.95531642E+01, -0.11976790E+01
    1654.,  0.00000000E+00,  0.00000000E+00,  0.00000000E+00,  0.00000000E+00,  0.10108349E+02, -0.11976790E+01
    1655.,  0.00000000E+00,  0.00000000E+00,  0.00000000E+00,  0.00000000E+00,  0.10631803E+02, -0.11976790E+01
    1656.,  0.00000000E+00,  0.00000000E+00,  0.00000000E+00,  0.00000000E+00,  0.27088178E+02, -0.11976790E+01
    1657.,  0.00000000E+00,  0.00000000E+00,  0.00000000E+00,  0.00000000E+00,  0.77910757E+02, -0.11976790E+01
    1658.,  0.00000000E+00,  0.00000000E+00,  0.00000000E+00,  0.10762255E-04,  0.16587314E+03, -0.11976790E+01
    1659.,  0.00000000E+00,  0.00000000E+00,  0.00000000E+00,  0.56684170E-03,  0.18872430E+03, -0.11976790E+01
    1660.,  0.00000000E+00,  0.00000000E+00,  0.00000000E+00,  0.13671033E-02,  0.19430882E+03, -0.11976790E+01
    1661.,  0.00000000E+00,  0.00000000E+00,  0.00000000E+00,  0.18877057E-02,  0.19783694E+03, -0.11976790E+01
    1662.,  0.00000000E+00,  0.00000000E+00,  0.00000000E+00,  0.18024486E-02,  0.19700790E+03, -0.11976790E+01
    1663.,  0.00000000E+00,  0.00000000E+00,  0.00000000E+00,  0.12039972E-02,  0.19165063E+03, -0.11976790E+01
    1664.,  0.00000000E+00,  0.00000000E+00,  0.00000000E+00,  0.39730750E-03,  0.17927316E+03, -0.11976790E+01
    1665.,  0.00000000E+00,  0.00000000E+00,  0.00000000E+00,  0.00000000E+00,  0.28073465E+02, -0.11976790E+01
    1666.,  0.00000000E+00,  0.00000000E+00,  0.00000000E+00,  0.00000000E+00,  0.48997722E+02, -0.11976790E+01
    1667.,  0.00000000E+00,  0.00000000E+00,  0.00000000E+00,  0.00000000E+00,  0.12615951E+03, -0.11976790E+01
    1668.,  0.00000000E+00,  0.00000000E+00,  0.00000000E+00,  0.11899128E-03,  0.18507860E+03, -0.11976790E+01
    1669.,  0.00000000E+00,  0.00000000E+00,  0.00000000E+00,  0.63464543E-03,  0.18887277E+03, -0.11976790E+01
    1670.,  0.00000000E+00,  0.00000000E+00,  0.00000000E+00,  0.12142800E-02,  0.19281651E+03, -0.11976790E+01
    1671.,  0.00000000E+00,  0.00000000E+00,  0.00000000E+00,  0.19376360E-02,  0.19779738E+03, -0.11976790E+01
    1672.,  0.00000000E+00,  0.00000000E+00,  0.00000000E+00,  0.25603400E-02,  0.20227533E+03, -0.11976790E+01
    1673.,  0.00000000E+00,  0.00000000E+00,  0.00000000E+00,  0.21286340E-02,  0.19940674E+03, -0.11976790E+01
    1674.,  0.00000000E+00,  0.00000000E+00,  0.00000000E+00,  0.10725520E-02,  0.19140975E+03, -0.11976790E+01
    1675.,  0.00000000E+00,  0.00000000E+00,  0.00000000E+00,  0.44257340E-03,  0.18698177E+03, -0.11976790E+01
    1676.,  0.00000000E+00,  0.00000000E+00,  0.00000000E+00,  0.60306496E-04,  0.18241830E+03, -0.11976790E+01
    1677.,  0.00000000E+00,  0.00000000E+00,  0.00000000E+00,  0.00000000E+00,  0.12461520E+03, -0.11976790E+01
    1678.,  0.00000000E+00,  0.00000000E+00,  0.00000000E+00,  0.00000000E+00,  0.66601633E+02, -0.11976790E+01
    1679.,  0.00000000E+00,  0.00000000E+00,  0.00000000E+00,  0.00000000E+00,  0.38229180E+02, -0.11976790E+01
    1680.,  0.00000000E+00,  0.00000000E+00,  0.00000000E+00,  0.00000000E+00,  0.63739739E+02, -0.11976790E+01
    1681.,  0.00000000E+00,  0.00000000E+00,  0.00000000E+00,  0.00000000E+00,  0.10512472E+03, -0.11976790E+01
    1682.,  0.00000000E+00,  0.00000000E+00,  0.00000000E+00,  0.32693245E-03,  0.18263923E+03, -0.11976790E+01
    1683.,  0.00000000E+00,  0.00000000E+00,  0.00000000E+00,  0.11887407E-02,  0.19195680E+03, -0.11976790E+01
    1684.,  0.00000000E+00,  0.00000000E+00,  0.00000000E+00,  0.16885245E-02,  0.19649874E+03, -0.11976790E+01
    1685.,  0.00000000E+00,  0.00000000E+00,  0.00000000E+00,  0.13145627E-02,  0.19387042E+03, -0.11976790E+01
    1686.,  0.00000000E+00,  0.00000000E+00,  0.00000000E+00,  0.45784340E-03,  0.18776171E+03, -0.11976790E+01
    1687.,  0.00000000E+00,  0.00000000E+00,  0.00000000E+00,  0.00000000E+00,  0.15009291E+03, -0.11976790E+01
    1688.,  0.00000000E+00,  0.00000000E+00,  0.00000000E+00,  0.00000000E+00,  0.67332750E+02, -0.11976790E+01
    1689.,  0.00000000E+00,  0.00000000E+00,  0.00000000E+00,  0.00000000E+00,  0.19835916E+02, -0.11976790E+01
    1690.,  0.00000000E+00,  0.00000000E+00,  0.00000000E+00,  0.00000000E+00,  0.22197649E+01, -0.11976790E+01
    1691.,  0.00000000E+00,  0.00000000E+00,  0.00000000E+00,  0.00000000E+00,  0.45910208E+01, -0.11976790E+01
    1692.,  0.00000000E+00,  0.00000000E+00,  0.00000000E+00,  0.00000000E+00,  0.46064008E+01, -0.11976790E+01
    1693.,  0.00000000E+00,  0.00000000E+00,  0.00000000E+00,  0.00000000E+00,  0.35695245E+01, -0.11976790E+01
    1694.,  0.00000000E+00,  0.00000000E+00,  0.00000000E+00,  0.00000000E+00,  0.25747822E+01, -0.11976790E+01
    1695.,  0.00000000E+00,  0.00000000E+00,  0.00000000E+00,  0.00000000E+00,  0.18126063E+01, -0.11976790E+01
    1696.,  0.00000000E+00,  0.00000000E+00,  0.00000000E+00,  0.00000000E+00,  0.12938200E+01, -0.11976790E+01
    1697.,  0.00000000E+00,  0.00000000E+00,  0.00000000E+00,  0.00000000E+00,  0.11621629E+01, -0.11976790E+01
    1698.,  0.00000000E+00,  0.00000000E+00,  0.00000000E+00,  0.00000000E+00,  0.12733253E+01, -0.11976790E+01
    1699.,  0.00000000E+00,  0.00000000E+00,  0.00000000E+00,  0.00000000E+00,  0.13831602E+01, -0.11976790E+01
    1700.,  0.00000000E+00,  0.00000000E+00,  0.00000000E+00,  0.00000000E+00,  0.15324279E+01, -0.11976790E+01
    1701.,  0.00000000E+00,  0.00000000E+00,  0.00000000E+00,  0.00000000E+00,  0.17782135E+01, -0.11976790E+01
    1702.,  0.00000000E+00,  0.00000000E+00,  0.00000000E+00,  0.00000000E+00,  0.21336229E+01, -0.11976790E+01
    1703.,  0.00000000E+00,  0.00000000E+00,  0.00000000E+00,  0.00000000E+00,  0.25543174E+01, -0.11976790E+01
    1704.,  0.00000000E+00,  0.00000000E+00,  0.00000000E+00,  0.00000000E+00,  0.29597848E+01, -0.11976790E+01
    1705.,  0.00000000E+00,  0.00000000E+00,  0.00000000E+00,  0.00000000E+00,  0.32758072E+01, -0.11976790E+01
    1706.,  0.00000000E+00,  0.00000000E+00,  0.00000000E+00,  0.00000000E+00,  0.34838255E+01, -0.11976790E+01
    1707.,  0.00000000E+00,  0.00000000E+00,  0.00000000E+00,  0.00000000E+00,  0.36273797E+01, -0.11976790E+01
    1708.,  0.00000000E+00,  0.00000000E+00,  0.00000000E+00,  0.00000000E+00,  0.37523964E+01, -0.11976790E+01
    1709.,  0.00000000E+00,  0.00000000E+00,  0.00000000E+00,  0.00000000E+00,  0.38522455E+01, -0.11976790E+01
    1710.,  0.00000000E+00,  0.00000000E+00,  0.00000000E+00,  0.00000000E+00,  0.38855819E+01, -0.11976790E+01
    1711.,  0.00000000E+00,  0.00000000E+00,  0.00000000E+00,  0.00000000E+00,  0.37970603E+01, -0.11976790E+01
    1712.,  0.00000000E+00,  0.00000000E+00,  0.00000000E+00,  0.00000000E+00,  0.35449213E+01, -0.11976790E+01
    1713.,  0.00000000E+00,  0.00000000E+00,  0.00000000E+00,  0.00000000E+00,  0.37096094E+01, -0.11976790E+01
    1714.,  0.00000000E+00,  0.00000000E+00,  0.00000000E+00,  0.00000000E+00,  0.45447275E+01, -0.11976790E+01
    1715.,  0.00000000E+00,  0.00000000E+00,  0.00000000E+00,  0.00000000E+00,  0.55623665E+01, -0.11976790E+01
    1716.,  0.00000000E+00,  0.00000000E+00,  0.00000000E+00,  0.00000000E+00,  0.67160982E+01, -0.11976790E+01
    1717.,  0.00000000E+00,  0.00000000E+00,  0.00000000E+00,  0.00000000E+00,  0.77952684E+01, -0.11976790E+01
    1718.,  0.00000000E+00,  0.00000000E+00,  0.00000000E+00,  0.00000000E+00,  0.80700392E+01, -0.11976790E+01
    1719.,  0.00000000E+00,  0.00000000E+00,  0.00000000E+00,  0.00000000E+00,  0.10861955E+02, -0.11976790E+01
    1720.,  0.00000000E+00,  0.00000000E+00,  0.00000000E+00,  0.00000000E+00,  0.32341876E+02, -0.11976790E+01
    1721.,  0.00000000E+00,  0.00000000E+00,  0.00000000E+00,  0.00000000E+00,  0.86543329E+02, -0.11976790E+01
    1722.,  0.00000000E+00,  0.00000000E+00,  0.00000000E+00,  0.21457010E-04,  0.17464670E+03, -0.11976790E+01
    1723.,  0.00000000E+00,  0.00000000E+00,  0.00000000E+00,  0.59376482E-03,  0.18895599E+03, -0.11976790E+01
    1724.,  0.00000000E+00,  0.00000000E+00,  0.00000000E+00,  0.12458489E-02,  0.19356070E+03, -0.11976790E+01
    1725.,  0.00000000E+00,  0.00000000E+00,  0.00000000E+00,  0.13182588E-02,  0.19390373E+03, -0.11976790E+01
    1726.,  0.00000000E+00,  0.00000000E+00,  0.00000000E+00,  0.76490331E-03,  0.18899440E+03, -0.11976790E+01
    1727.,  0.00000000E+00,  0.00000000E+00,  0.00000000E+00,  0.94701065E-04,  0.17381077E+03, -0.11976790E+01
    1728.,  0.00000000E+00,  0.00000000E+00,  0.00000000E+00,  0.00000000E+00,  0.70710200E+02, -0.11976790E+01
    1729.,  0.00000000E+00,  0.00000000E+00,  0.00000000E+00,  0.00000000E+00,  0.10592878E+03, -0.11976790E+01
    1730.,  0.00000000E+00,  0.00000000E+00,  0.00000000E+00,  0.00000000E+00,  0.12059016E+03, -0.11976790E+01
    1731.,  0.00000000E+00,  0.00000000E+00,  0.00000000E+00,  0.00000000E+00,  0.15181194E+03, -0.11976790E+01
    1732.,  0.00000000E+00,  0.00000000E+00,  0.00000000E+00,  0.14491849E-03,  0.18522745E+03, -0.11976790E+01
    1733.,  0.00000000E+00,  0.00000000E+00,  0.00000000E+00,  0.62845400E-03,  0.18870407E+03, -0.11976790E+01
    1734.,  0.00000000E+00,  0.00000000E+00,  0.00000000E+00,  0.11614981E-02,  0.19287591E+03, -0.11976790E+01
    1735.,  0.00000000E+00,  0.00000000E+00,  0.00000000E+00,  0.16662999E-02,  0.19540331E+03, -0.11976790E+01
    1736.,  0.00000000E+00,  0.00000000E+00,  0.00000000E+00,  0.24076093E-02,  0.20013259E+03, -0.11976790E+01
    1737.,  0.00000000E+00,  0.00000000E+00,  0.00000000E+00,  0.20766960E-02,  0.19899055E+03, -0.11976790E+01
    1738.,  0.00000000E+00,  0.00000000E+00,  0.00000000E+00,  0.76641928E-03,  0.18961819E+03, -0.11976790E+01
    1739.,  0.00000000E+00,  0.00000000E+00,  0.00000000E+00,  0.29041197E-03,  0.18616580E+03, -0.11976790E+01
    1740.,  0.00000000E+00,  0.00000000E+00,  0.00000000E+00,  0.37138952E-04,  0.18381397E+03, -0.11976790E+01
    1741.,  0.00000000E+00,  0.00000000E+00,  0.00000000E+00,  0.00000000E+00,  0.13787516E+03, -0.11976790E+01
    1742.,  0.00000000E+00,  0.00000000E+00,  0.00000000E+00,  0.00000000E+00,  0.10019680E+03, -0.11976790E+01
    1743.,  0.00000000E+00,  0.00000000E+00,  0.00000000E+00,  0.00000000E+00,  0.82972214E+02, -0.11976790E+01
    1744.,  0.00000000E+00,  0.00000000E+00,  0.00000000E+00,  0.00000000E+00,  0.79108709E+02, -0.11976790E+01
    1745.,  0.00000000E+00,  0.00000000E+00,  0.00000000E+00,  0.00000000E+00,  0.60454462E+02, -0.11976790E+01
    1746.,  0.00000000E+00,  0.00000000E+00,  0.00000000E+00,  0.00000000E+00,  0.12840302E+03, -0.11976790E+01
    1747.,  0.00000000E+00,  0.00000000E+00,  0.00000000E+00,  0.39075419E-03,  0.18507662E+03, -0.11976790E+01
    1748.,  0.00000000E+00,  0.00000000E+00,  0.00000000E+00,  0.12220311E-02,  0.19293588E+03, -0.11976790E+01
    1749.,  0.00000000E+00,  0.00000000E+00,  0.00000000E+00,  0.14166027E-02,  0.19468438E+03, -0.11976790E+01
    1750.,  0.00000000E+00,  0.00000000E+00,  0.00000000E+00,  0.64975206E-03,  0.18903328E+03, -0.11976790E+01
    1751.,  0.00000000E+00,  0.00000000E+00,  0.00000000E+00,  0.00000000E+00,  0.16691771E+03, -0.11976790E+01
    1752.,  0.00000000E+00,  0.00000000E+00,  0.00000000E+00,  0.00000000E+00,  0.76695677E+02, -0.11976790E+01
    1753.,  0.00000000E+00,  0.00000000E+00,  0.00000000E+00,  0.00000000E+00,  0.25191998E+02, -0.11976790E+01
    1754.,  0.00000000E+00,  0.00000000E+00,  0.00000000E+00,  0.00000000E+00,  0.41873910E+01, -0.11976790E+01
    1755.,  0.00000000E+00,  0.00000000E+00,  0.00000000E+00,  0.00000000E+00,  0.32656344E+01, -0.11976790E+01
    1756.,  0.00000000E+00,  0.00000000E+00,  0.00000000E+00,  0.00000000E+00,  0.35569365E+01, -0.11976790E+01
    1757.,  0.00000000E+00,  0.00000000E+00,  0.00000000E+00,  0.00000000E+00,  0.27035058E+01, -0.11976790E+01
    1758.,  0.00000000E+00,  0.00000000E+00,  0.00000000E+00,  0.00000000E+00,  0.17808556E+01, -0.11976790E+01
    1759.,  0.00000000E+00,  0.00000000E+00,  0.00000000E+00,  0.00000000E+00,  0.11036153E+01, -0.11976790E+01
    1760.,  0.00000000E+00,  0.00000000E+00,  0.00000000E+00,  0.00000000E+00,  0.69785533E+00, -0.11976790E+01
    1761.,  0.00000000E+00,  0.00000000E+00,  0.00000000E+00,  0.00000000E+00,  0.61748985E+00, -0.11976790E+01
    1762.,  0.00000000E+00,  0.00000000E+00,  0.00000000E+00,  0.00000000E+00,  0.74147531E+00, -0.11976790E+01
    1763.,  0.00000000E+00,  0.00000000E+00,  0.00000000E+00,  0.00000000E+00,  0.86809637E+00, -0.11976790E+01
    1764.,  0.00000000E+00,  0.00000000E+00,  0.00000000E+00,  0.00000000E+00,  0.10954960E+01, -0.11976790E+01
    1765.,  0.00000000E+00,  0.00000000E+00,  0.00000000E+00,  0.00000000E+00,  0.14990645E+01, -0.11976790E+01
    1766.,  0.00000000E+00,  0.00000000E+00,  0.00000000E+00,  0.00000000E+00,  0.20503296E+01, -0.11976790E+01
    1767.,  0.00000000E+00,  0.00000000E+00,  0.00000000E+00,  0.00000000E+00,  0.26563140E+01, -0.11976790E+01
    1768.,  0.00000000E+00,  0.00000000E+00,  0.00000000E+00,  0.00000000E+00,  0.32025521E+01, -0.11976790E+01
    1769.,  0.00000000E+00,  0.00000000E+00,  0.00000000E+00,  0.00000000E+00,  0.35838850E+01, -0.11976790E+01
    1770.,  0.00000000E+00,  0.00000000E+00,  0.00000000E+00,  0.00000000E+00,  0.37536048E+01, -0.11976790E+01
    1771.,  0.00000000E+00,  0.00000000E+00,  0.00000000E+00,  0.00000000E+00,  0.37487749E+01, -0.11976790E+01
    1772.,  0.00000000E+00,  0.00000000E+00,  0.00000000E+00,  0.00000000E+00,  0.36426437E+01, -0.11976790E+01
    1773.,  0.00000000E+00,  0.00000000E+00,  0.00000000E+00,  0.00000000E+00,  0.34696502E+01, -0.11976790E+01
    1774.,  0.00000000E+00,  0.00000000E+00,  0.00000000E+00,  0.00000000E+00,  0.31909533E+01, -0.11976790E+01
    1775.,  0.00000000E+00,  0.00000000E+00,  0.00000000E+00,  0.00000000E+00,  0.27426157E+01, -0.11976790E+01
    1776.,  0.00000000E+00,  0.00000000E+00,  0.00000000E+00,  0.00000000E+00,  0.21402989E+01, -0.11976790E+01
    1777.,  0.00000000E+00,  0.00000000E+00,  0.00000000E+00,  0.00000000E+00,  0.21753841E+01, -0.11976790E+01
    1778.,  0.00000000E+00,  0.00000000E+00,  0.00000000E+00,  0.00000000E+00,  0.30145833E+01, -0.11976790E+01
    1779.,  0.00000000E+00,  0.00000000E+00,  0.00000000E+00,  0.00000000E+00,  0.40132396E+01, -0.11976790E+01
    1780.,  0.00000000E+00,  0.00000000E+00,  0.00000000E+00,  0.00000000E+00,  0.50655178E+01, -0.11976790E+01
    1781.,  0.00000000E+00,  0.00000000E+00,  0.00000000E+00,  0.00000000E+00,  0.59652263E+01, -0.11976790E+01
    1782.,  0.00000000E+00,  0.00000000E+00,  0.00000000E+00,  0.00000000E+00,  0.62121329E+01, -0.11976790E+01
    1783.,  0.00000000E+00,  0.00000000E+00,  0.00000000E+00,  0.00000000E+00,  0.11221034E+02, -0.11976790E+01
    1784.,  0.00000000E+00,  0.00000000E+00,  0.00000000E+00,  0.00000000E+00,  0.35664344E+02, -0.11976790E+01
    1785.,  0.00000000E+00,  0.00000000E+00,  0.00000000E+00,  0.00000000E+00,  0.91654243E+02, -0.11976790E+01
    1786.,  0.00000000E+00,  0.00000000E+00,  0.00000000E+00,  0.36618970E-04,  0.18096608E+03, -0.11976790E+01
    1787.,  0.00000000E+00,  0.00000000E+00,  0.00000000E+00,  0.65639458E-03,  0.18939427E+03, -0.11976790E+01
    1788.,  0.00000000E+00,  0.00000000E+00,  0.00000000E+00,  0.11456924E-02,  0.19295970E+03, -0.11976790E+01
    1789.,  0.00000000E+00,  0.00000000E+00,  0.00000000E+00,  0.83125829E-03,  0.19008349E+03, -0.11976790E+01
    1790.,  0.00000000E+00,  0.00000000E+00,  0.00000000E+00,  0.17346158E-03,  0.18427471E+03, -0.11976790E+01
    1791.,  0.00000000E+00,  0.00000000E+00,  0.00000000E+00,  0.00000000E+00,  0.10717679E+03, -0.11976790E+01
    1792.,  0.00000000E+00,  0.00000000E+00,  0.00000000E+00,  0.00000000E+00,  0.66931867E+02, -0.11976790E+01
    1793.,  0.00000000E+00,  0.00000000E+00,  0.00000000E+00,  0.17896255E-03,  0.18593700E+03, -0.11976790E+01
    1794.,  0.00000000E+00,  0.00000000E+00,  0.00000000E+00,  0.24436463E-03,  0.18625912E+03, -0.11976790E+01
    1795.,  0.00000000E+00,  0.00000000E+00,  0.00000000E+00,  0.41581072E-03,  0.18784365E+03, -0.11976790E+01
    1796.,  0.00000000E+00,  0.00000000E+00,  0.00000000E+00,  0.59566082E-03,  0.18857792E+03, -0.11976790E+01
    1797.,  0.00000000E+00,  0.00000000E+00,  0.00000000E+00,  0.13380322E-02,  0.19382889E+03, -0.11976790E+01
    1798.,  0.00000000E+00,  0.00000000E+00,  0.00000000E+00,  0.19723470E-02,  0.19834428E+03, -0.11976790E+01
    1799.,  0.00000000E+00,  0.00000000E+00,  0.00000000E+00,  0.20096846E-02,  0.19817360E+03, -0.11976790E+01
    1800.,  0.00000000E+00,  0.00000000E+00,  0.00000000E+00,  0.17028429E-02,  0.18452813E+03, -0.11976790E+01
    1801.,  0.00000000E+00,  0.00000000E+00,  0.00000000E+00,  0.20604921E-02,  0.19885757E+03, -0.11976790E+01
    1802.,  0.00000000E+00,  0.00000000E+00,  0.00000000E+00,  0.11799096E-02,  0.19273215E+03, -0.11976790E+01
    1803.,  0.00000000E+00,  0.00000000E+00,  0.00000000E+00,  0.85148172E-03,  0.19090666E+03, -0.11976790E+01
    1804.,  0.00000000E+00,  0.00000000E+00,  0.00000000E+00,  0.54055340E-03,  0.18830929E+03, -0.11976790E+01
    1805.,  0.00000000E+00,  0.00000000E+00,  0.00000000E+00,  0.24411343E-03,  0.18648738E+03, -0.11976790E+01
    1806.,  0.00000000E+00,  0.00000000E+00,  0.00000000E+00,  0.16683246E-03,  0.18612307E+03, -0.11976790E+01
    1807.,  0.00000000E+00,  0.00000000E+00,  0.00000000E+00,  0.73092099E-04,  0.18521710E+03, -0.11976790E+01
    1808.,  0.00000000E+00,  0.00000000E+00,  0.00000000E+00,  0.51908816E-04,  0.18226270E+03, -0.11976790E+01
    1809.,  0.00000000E+00,  0.00000000E+00,  0.00000000E+00,  0.34165306E-04,  0.14442903E+03, -0.11976790E+01
    1810.,  0.00000000E+00,  0.00000000E+00,  0.00000000E+00,  0.00000000E+00,  0.87518271E+02, -0.11976790E+01
    1811.,  0.00000000E+00,  0.00000000E+00,  0.00000000E+00,  0.50401990E-04,  0.17809088E+03, -0.11976790E+01
    1812.,  0.00000000E+00,  0.00000000E+00,  0.00000000E+00,  0.79144331E-03,  0.18915340E+03, -0.11976790E+01
    1813.,  0.00000000E+00,  0.00000000E+00,  0.00000000E+00,  0.14674950E-02,  0.19514387E+03, -0.11976790E+01
    1814.,  0.00000000E+00,  0.00000000E+00,  0.00000000E+00,  0.92731560E-03,  0.19074200E+03, -0.11976790E+01
    1815.,  0.00000000E+00,  0.00000000E+00,  0.00000000E+00,  0.20562659E-04,  0.17977398E+03, -0.11976790E+01
    1816.,  0.00000000E+00,  0.00000000E+00,  0.00000000E+00,  0.00000000E+00,  0.84157130E+02, -0.11976790E+01
    1817.,  0.00000000E+00,  0.00000000E+00,  0.00000000E+00,  0.00000000E+00,  0.29350722E+02, -0.11976790E+01
    1818.,  0.00000000E+00,  0.00000000E+00,  0.00000000E+00,  0.00000000E+00,  0.57289320E+01, -0.11976790E+01
    1819.,  0.00000000E+00,  0.00000000E+00,  0.00000000E+00,  0.00000000E+00,  0.22900500E+01, -0.11976790E+01
    1820.,  0.00000000E+00,  0.00000000E+00,  0.00000000E+00,  0.00000000E+00,  0.27450586E+01, -0.11976790E+01
    1821.,  0.00000000E+00,  0.00000000E+00,  0.00000000E+00,  0.00000000E+00,  0.20480940E+01, -0.11976790E+01
    1822.,  0.00000000E+00,  0.00000000E+00,  0.00000000E+00,  0.00000000E+00,  0.12175346E+01, -0.11976790E+01
    1823.,  0.00000000E+00,  0.00000000E+00,  0.00000000E+00,  0.00000000E+00,  0.66702765E+00, -0.11976790E+01
    1824.,  0.00000000E+00,  0.00000000E+00,  0.00000000E+00,  0.00000000E+00,  0.37286255E+00, -0.11976790E+01
    1825.,  0.00000000E+00,  0.00000000E+00,  0.00000000E+00,  0.00000000E+00,  0.32157159E+00, -0.11976790E+01
    1826.,  0.00000000E+00,  0.00000000E+00,  0.00000000E+00,  0.00000000E+00,  0.37856515E+00, -0.11976790E+01
    1827.,  0.00000000E+00,  0.00000000E+00,  0.00000000E+00,  0.00000000E+00,  0.41782025E+00, -0.11976790E+01
    1828.,  0.00000000E+00,  0.00000000E+00,  0.00000000E+00,  0.00000000E+00,  0.70457787E+00, -0.11976790E+01
    1829.,  0.00000000E+00,  0.00000000E+00,  0.00000000E+00,  0.00000000E+00,  0.13021353E+01, -0.11976790E+01
    1830.,  0.00000000E+00,  0.00000000E+00,  0.00000000E+00,  0.00000000E+00,  0.20697338E+01, -0.11976790E+01
    1831.,  0.00000000E+00,  0.00000000E+00,  0.00000000E+00,  0.00000000E+00,  0.28754145E+01, -0.11976790E+01
    1832.,  0.00000000E+00,  0.00000000E+00,  0.00000000E+00,  0.00000000E+00,  0.35754043E+01, -0.11976790E+01
    1833.,  0.00000000E+00,  0.00000000E+00,  0.00000000E+00,  0.00000000E+00,  0.40281236E+01, -0.11976790E+01
    1834.,  0.00000000E+00,  0.00000000E+00,  0.00000000E+00,  0.00000000E+00,  0.41496364E+01, -0.11976790E+01
    1835.,  0.00000000E+00,  0.00000000E+00,  0.00000000E+00,  0.00000000E+00,  0.39557397E+01, -0.11976790E+01
    1836.,  0.00000000E+00,  0.00000000E+00,  0.00000000E+00,  0.00000000E+00,  0.35401778E+01, -0.11976790E+01
    1837.,  0.00000000E+00,  0.00000000E+00,  0.00000000E+00,  0.00000000E+00,  0.29997233E+01, -0.11976790E+01
    1838.,  0.00000000E+00,  0.00000000E+00,  0.00000000E+00,  0.00000000E+00,  0.23678765E+01, -0.11976790E+01
    1839.,  0.00000000E+00,  0.00000000E+00,  0.00000000E+00,  0.00000000E+00,  0.16427790E+01, -0.11976790E+01
    1840.,  0.00000000E+00,  0.00000000E+00,  0.00000000E+00,  0.00000000E+00,  0.91060391E+00, -0.11976790E+01
    1841.,  0.00000000E+00,  0.00000000E+00,  0.00000000E+00,  0.00000000E+00,  0.88459105E+00, -0.11976790E+01
    1842.,  0.00000000E+00,  0.00000000E+00,  0.00000000E+00,  0.00000000E+00,  0.16394614E+01, -0.11976790E+01
    1843.,  0.00000000E+00,  0.00000000E+00,  0.00000000E+00,  0.00000000E+00,  0.25360213E+01, -0.11976790E+01
    1844.,  0.00000000E+00,  0.00000000E+00,  0.00000000E+00,  0.00000000E+00,  0.35240862E+01, -0.11976790E+01
    1845.,  0.00000000E+00,  0.00000000E+00,  0.00000000E+00,  0.00000000E+00,  0.42045568E+01, -0.11976790E+01
    1846.,  0.00000000E+00,  0.00000000E+00,  0.00000000E+00,  0.00000000E+00,  0.46502060E+01, -0.11976790E+01
    1847.,  0.00000000E+00,  0.00000000E+00,  0.00000000E+00,  0.00000000E+00,  0.11778866E+02, -0.11976790E+01
    1848.,  0.00000000E+00,  0.00000000E+00,  0.00000000E+00,  0.00000000E+00,  0.39086649E+02, -0.11976790E+01
    1849.,  0.00000000E+00,  0.00000000E+00,  0.00000000E+00,  0.00000000E+00,  0.96322968E+02, -0.11976790E+01
    1850.,  0.00000000E+00,  0.00000000E+00,  0.00000000E+00,  0.64543819E-04,  0.18508733E+03, -0.11976790E+01
    1851.,  0.00000000E+00,  0.00000000E+00,  0.00000000E+00,  0.75358905E-03,  0.18998695E+03, -0.11976790E+01
    1852.,  0.00000000E+00,  0.00000000E+00,  0.00000000E+00,  0.99359282E-03,  0.19186748E+03, -0.11976790E+01
    1853.,  0.00000000E+00,  0.00000000E+00,  0.00000000E+00,  0.45286179E-03,  0.18702498E+03, -0.11976790E+01
    1854.,  0.00000000E+00,  0.00000000E+00,  0.00000000E+00,  0.00000000E+00,  0.16367741E+03, -0.11976790E+01
    1855.,  0.00000000E+00,  0.00000000E+00,  0.00000000E+00,  0.00000000E+00,  0.88999041E+02, -0.11976790E+01
    1856.,  0.00000000E+00,  0.00000000E+00,  0.00000000E+00,  0.12049742E-03,  0.15782907E+03, -0.11976790E+01
    1857.,  0.00000000E+00,  0.00000000E+00,  0.00000000E+00,  0.54297464E-02,  0.22006081E+03, -0.11976790E+01
    1858.,  0.00000000E+00,  0.00000000E+00,  0.00000000E+00,  0.67189973E-02,  0.22750659E+03, -0.11976790E+01
    1859.,  0.00000000E+00,  0.00000000E+00,  0.00000000E+00,  0.79405174E-02,  0.23410692E+03, -0.11976790E+01
    1860.,  0.00000000E+00,  0.00000000E+00,  0.00000000E+00,  0.10566863E-01,  0.24733735E+03, -0.11976790E+01
    1861.,  0.00000000E+00,  0.00000000E+00,  0.00000000E+00,  0.11184948E-01,  0.25031585E+03, -0.11976790E+01
    1862.,  0.00000000E+00,  0.00000000E+00,  0.00000000E+00,  0.87129493E-02,  0.23795558E+03, -0.11976790E+01
    1863.,  0.00000000E+00,  0.00000000E+00,  0.00000000E+00,  0.46793734E-02,  0.21476811E+03, -0.11976790E+01
    1864.,  0.00000000E+00,  0.00000000E+00,  0.00000000E+00,  0.79843055E-03,  0.13409964E+03, -0.11976790E+01
    1865.,  0.00000000E+00,  0.00000000E+00,  0.00000000E+00,  0.28891401E-02,  0.20306362E+03, -0.11976790E+01
    1866.,  0.00000000E+00,  0.00000000E+00,  0.00000000E+00,  0.65778831E-02,  0.22653233E+03, -0.11976790E+01
    1867.,  0.00000000E+00,  0.00000000E+00,  0.00000000E+00,  0.89978578E-02,  0.23967741E+03, -0.11976790E+01
    1868.,  0.00000000E+00,  0.00000000E+00,  0.00000000E+00,  0.88256428E-02,  0.23877005E+03, -0.11976790E+01
    1869.,  0.00000000E+00,  0.00000000E+00,  0.00000000E+00,  0.75842065E-02,  0.23221587E+03, -0.11976790E+01
    1870.,  0.00000000E+00,  0.00000000E+00,  0.00000000E+00,  0.64408882E-02,  0.22592278E+03, -0.11976790E+01
    1871.,  0.00000000E+00,  0.00000000E+00,  0.00000000E+00,  0.52194896E-02,  0.21887220E+03, -0.11976790E+01
    1872.,  0.00000000E+00,  0.00000000E+00,  0.00000000E+00,  0.36166763E-02,  0.20885876E+03, -0.11976790E+01
    1873.,  0.00000000E+00,  0.00000000E+00,  0.00000000E+00,  0.94629412E-03,  0.18272082E+03, -0.11976790E+01
    1874.,  0.00000000E+00,  0.00000000E+00,  0.00000000E+00,  0.00000000E+00,  0.13051576E+03, -0.11976790E+01
    1875.,  0.00000000E+00,  0.00000000E+00,  0.00000000E+00,  0.00000000E+00,  0.14902629E+03, -0.11976790E+01
    1876.,  0.00000000E+00,  0.00000000E+00,  0.00000000E+00,  0.49630080E-03,  0.18707162E+03, -0.11976790E+01
    1877.,  0.00000000E+00,  0.00000000E+00,  0.00000000E+00,  0.14415676E-02,  0.19454812E+03, -0.11976790E+01
    1878.,  0.00000000E+00,  0.00000000E+00,  0.00000000E+00,  0.13008360E-02,  0.19295747E+03, -0.11976790E+01
    1879.,  0.00000000E+00,  0.00000000E+00,  0.00000000E+00,  0.56237987E-04,  0.18429167E+03, -0.11976790E+01
    1880.,  0.00000000E+00,  0.00000000E+00,  0.00000000E+00,  0.00000000E+00,  0.86192423E+02, -0.11976790E+01
    1881.,  0.00000000E+00,  0.00000000E+00,  0.00000000E+00,  0.00000000E+00,  0.31878191E+02, -0.11976790E+01
    1882.,  0.00000000E+00,  0.00000000E+00,  0.00000000E+00,  0.00000000E+00,  0.63811907E+01, -0.11976790E+01
    1883.,  0.00000000E+00,  0.00000000E+00,  0.00000000E+00,  0.00000000E+00,  0.15576229E+01, -0.11976790E+01
    1884.,  0.00000000E+00,  0.00000000E+00,  0.00000000E+00,  0.00000000E+00,  0.21135491E+01, -0.11976790E+01
    1885.,  0.00000000E+00,  0.00000000E+00,  0.00000000E+00,  0.00000000E+00,  0.15072738E+01, -0.11976790E+01
    1886.,  0.00000000E+00,  0.00000000E+00,  0.00000000E+00,  0.00000000E+00,  0.91946421E+00, -0.11976790E+01
    1887.,  0.00000000E+00,  0.00000000E+00,  0.00000000E+00,  0.00000000E+00,  0.48534093E+00, -0.11976790E+01
    1888.,  0.00000000E+00,  0.00000000E+00,  0.00000000E+00,  0.00000000E+00,  0.24107130E+00, -0.11976790E+01
    1889.,  0.00000000E+00,  0.00000000E+00,  0.00000000E+00,  0.00000000E+00,  0.23248497E+00, -0.11976790E+01
    1890.,  0.00000000E+00,  0.00000000E+00,  0.00000000E+00,  0.00000000E+00,  0.27773405E+00, -0.11976790E+01
    1891.,  0.00000000E+00,  0.00000000E+00,  0.00000000E+00,  0.00000000E+00,  0.74979470E-01, -0.11976790E+01
    1892.,  0.00000000E+00,  0.00000000E+00,  0.00000000E+00,  0.00000000E+00,  0.44400731E+00, -0.11976790E+01
    1893.,  0.00000000E+00,  0.00000000E+00,  0.00000000E+00,  0.00000000E+00,  0.12205952E+01, -0.11976790E+01
    1894.,  0.00000000E+00,  0.00000000E+00,  0.00000000E+00,  0.00000000E+00,  0.21912419E+01, -0.11976790E+01
    1895.,  0.00000000E+00,  0.00000000E+00,  0.00000000E+00,  0.00000000E+00,  0.32074487E+01, -0.11976790E+01
    1896.,  0.00000000E+00,  0.00000000E+00,  0.00000000E+00,  0.00000000E+00,  0.40814667E+01, -0.11976790E+01
    1897.,  0.00000000E+00,  0.00000000E+00,  0.00000000E+00,  0.00000000E+00,  0.46207651E+01, -0.11976790E+01
    1898.,  0.00000000E+00,  0.00000000E+00,  0.00000000E+00,  0.00000000E+00,  0.46921940E+01, -0.11976790E+01
    1899.,  0.00000000E+00,  0.00000000E+00,  0.00000000E+00,  0.00000000E+00,  0.42778543E+01, -0.11976790E+01
    1900.,  0.00000000E+00,  0.00000000E+00,  0.00000000E+00,  0.00000000E+00,  0.34720862E+01, -0.11976790E+01
    1901.,  0.00000000E+00,  0.00000000E+00,  0.00000000E+00,  0.00000000E+00,  0.24423795E+01, -0.11976790E+01
    1902.,  0.00000000E+00,  0.00000000E+00,  0.00000000E+00,  0.00000000E+00,  0.14183739E+01, -0.11976790E+01
    1903.,  0.00000000E+00,  0.00000000E+00,  0.00000000E+00,  0.00000000E+00,  0.63816910E+00, -0.11976790E+01
    1904.,  0.00000000E+00,  0.00000000E+00,  0.00000000E+00,  0.00000000E+00,  0.21351945E+00, -0.11976790E+01
    1905.,  0.00000000E+00,  0.00000000E+00,  0.00000000E+00,  0.00000000E+00,  0.18885729E+00, -0.11976790E+01
    1906.,  0.00000000E+00,  0.00000000E+00,  0.00000000E+00,  0.00000000E+00,  0.56187804E+00, -0.11976790E+01
    1907.,  0.00000000E+00,  0.00000000E+00,  0.00000000E+00,  0.00000000E+00,  0.12027782E+01, -0.11976790E+01
    1908.,  0.00000000E+00,  0.00000000E+00,  0.00000000E+00,  0.00000000E+00,  0.20758796E+01, -0.11976790E+01
    1909.,  0.00000000E+00,  0.00000000E+00,  0.00000000E+00,  0.00000000E+00,  0.28308887E+01, -0.11976790E+01
    1910.,  0.00000000E+00,  0.00000000E+00,  0.00000000E+00,  0.00000000E+00,  0.36553393E+01, -0.11976790E+01
    1911.,  0.00000000E+00,  0.00000000E+00,  0.00000000E+00,  0.00000000E+00,  0.11151785E+02, -0.11976790E+01
    1912.,  0.00000000E+00,  0.00000000E+00,  0.00000000E+00,  0.00000000E+00,  0.40037534E+02, -0.11976790E+01
    1913.,  0.00000000E+00,  0.00000000E+00,  0.00000000E+00,  0.00000000E+00,  0.93504730E+02, -0.11976790E+01
    1914.,  0.00000000E+00,  0.00000000E+00,  0.00000000E+00,  0.68873521E-04,  0.18478657E+03, -0.11976790E+01
    1915.,  0.00000000E+00,  0.00000000E+00,  0.00000000E+00,  0.80774676E-03,  0.19026653E+03, -0.11976790E+01
    1916.,  0.00000000E+00,  0.00000000E+00,  0.00000000E+00,  0.77623564E-03,  0.18975192E+03, -0.11976790E+01
    1917.,  0.00000000E+00,  0.00000000E+00,  0.00000000E+00,  0.20755240E-03,  0.18555384E+03, -0.11976790E+01
    1918.,  0.00000000E+00,  0.00000000E+00,  0.00000000E+00,  0.00000000E+00,  0.13358529E+03, -0.11976790E+01
    1919.,  0.00000000E+00,  0.00000000E+00,  0.00000000E+00,  0.50445346E-05,  0.14889549E+03, -0.11976790E+01
    1920.,  0.00000000E+00,  0.00000000E+00,  0.00000000E+00,  0.18880806E-02,  0.18294162E+03, -0.11976790E+01
    1921.,  0.00000000E+00,  0.00000000E+00,  0.00000000E+00,  0.14617364E-02,  0.19439070E+03, -0.15606998E+01
    1922.,  0.00000000E+00,  0.00000000E+00,  0.00000000E+00,  0.90364876E-03,  0.19104387E+03, -0.15606998E+01
    1923.,  0.00000000E+00,  0.00000000E+00,  0.00000000E+00,  0.53100173E-03,  0.18772550E+03, -0.15606998E+01
    1924.,  0.00000000E+00,  0.00000000E+00,  0.00000000E+00,  0.32720705E-04,  0.84102632E+02, -0.15606998E+01
    1925.,  0.00000000E+00,  0.00000000E+00,  0.00000000E+00,  0.00000000E+00,  0.69633652E+02, -0.15606998E+01
    1926.,  0.00000000E+00,  0.00000000E+00,  0.00000000E+00,  0.00000000E+00,  0.66671556E+01, -0.15606998E+01
    1927.,  0.00000000E+00,  0.00000000E+00,  0.00000000E+00,  0.00000000E+00,  0.18543078E+02, -0.15606998E+01
    1928.,  0.00000000E+00,  0.00000000E+00,  0.00000000E+00,  0.00000000E+00,  0.11614410E-08, -0.15606998E+01
    1929.,  0.00000000E+00,  0.00000000E+00,  0.00000000E+00,  0.00000000E+00,  0.20828886E-08, -0.15606998E+01
    1930.,  0.00000000E+00,  0.00000000E+00,  0.00000000E+00,  0.00000000E+00,  0.11242052E+03, -0.15606998E+01
    1931.,  0.00000000E+00,  0.00000000E+00,  0.00000000E+00,  0.27200793E-03,  0.18473165E+03, -0.15606998E+01
    1932.,  0.00000000E+00,  0.00000000E+00,  0.00000000E+00,  0.87748586E-03,  0.19084337E+03, -0.15606998E+01
    1933.,  0.00000000E+00,  0.00000000E+00,  0.00000000E+00,  0.12749781E-02,  0.19375282E+03, -0.15606998E+01
    1934.,  0.00000000E+00,  0.00000000E+00,  0.00000000E+00,  0.15022834E-02,  0.19528124E+03, -0.15606998E+01
    1935.,  0.00000000E+00,  0.00000000E+00,  0.00000000E+00,  0.20497931E-02,  0.19889690E+03, -0.15606998E+01
    1936.,  0.00000000E+00,  0.00000000E+00,  0.00000000E+00,  0.27010700E-02,  0.20313753E+03, -0.15606998E+01
    1937.,  0.00000000E+00,  0.00000000E+00,  0.00000000E+00,  0.00000000E+00,  0.74788709E+02, -0.22867415E+01
    1938.,  0.00000000E+00,  0.00000000E+00,  0.00000000E+00,  0.00000000E+00,  0.54613568E+02, -0.22867415E+01
    1939.,  0.00000000E+00,  0.00000000E+00,  0.00000000E+00,  0.00000000E+00,  0.85773042E+02, -0.22867415E+01
    1940.,  0.00000000E+00,  0.00000000E+00,  0.00000000E+00,  0.00000000E+00,  0.10755906E+03, -0.22867415E+01
    1941.,  0.00000000E+00,  0.00000000E+00,  0.00000000E+00,  0.00000000E+00,  0.19915340E-08, -0.22867415E+01
    1942.,  0.00000000E+00,  0.00000000E+00,  0.00000000E+00,  0.00000000E+00,  0.14083378E-08, -0.22867415E+01
    1943.,  0.00000000E+00,  0.00000000E+00,  0.00000000E+00,  0.00000000E+00,  0.23889860E-08, -0.22867415E+01
    1944.,  0.00000000E+00,  0.00000000E+00,  0.00000000E+00,  0.00000000E+00,  0.79468233E-09, -0.22867415E+01
    1945.,  0.00000000E+00,  0.00000000E+00,  0.00000000E+00,  0.00000000E+00,  0.18804585E-08, -0.22867415E+01
    1946.,  0.00000000E+00,  0.00000000E+00,  0.00000000E+00,  0.00000000E+00,  0.88704899E-09, -0.22867415E+01
    1947.,  0.00000000E+00,  0.00000000E+00,  0.00000000E+00,  0.00000000E+00,  0.19782883E-08, -0.22867415E+01
    1948.,  0.00000000E+00,  0.00000000E+00,  0.00000000E+00,  0.00000000E+00,  0.31540609E-08, -0.22867415E+01
    1949.,  0.00000000E+00,  0.00000000E+00,  0.00000000E+00,  0.00000000E+00,  0.14086496E+02, -0.22867415E+01
    1950.,  0.00000000E+00,  0.00000000E+00,  0.00000000E+00,  0.00000000E+00,  0.85958650E+02, -0.22867415E+01
    1951.,  0.00000000E+00,  0.00000000E+00,  0.00000000E+00,  0.00000000E+00,  0.13878329E+03, -0.22867415E+01
    1952.,  0.00000000E+00,  0.00000000E+00,  0.00000000E+00,  0.15049320E-04,  0.17062780E+03, -0.22867415E+01
    1953.,  0.00000000E+00,  0.00000000E+00,  0.00000000E+00,  0.76038527E-05,  0.14985133E+03, -0.30127832E+01
    1954.,  0.00000000E+00,  0.00000000E+00,  0.00000000E+00,  0.56531735E-05,  0.16306321E+03, -0.30127832E+01
    1955.,  0.00000000E+00,  0.00000000E+00,  0.00000000E+00,  0.00000000E+00,  0.81680752E+02, -0.30127832E+01
    1956.,  0.00000000E+00,  0.00000000E+00,  0.00000000E+00,  0.00000000E+00,  0.71946736E-09, -0.30127832E+01
    1957.,  0.00000000E+00,  0.00000000E+00,  0.00000000E+00,  0.00000000E+00,  0.18007703E-08, -0.30127832E+01
    1958.,  0.00000000E+00,  0.00000000E+00,  0.00000000E+00,  0.00000000E+00,  0.34992953E-09, -0.30127832E+01
    1959.,  0.00000000E+00,  0.00000000E+00,  0.00000000E+00,  0.00000000E+00,  0.94414947E-09, -0.30127832E+01
    1960.,  0.00000000E+00,  0.00000000E+00,  0.00000000E+00,  0.00000000E+00,  0.20707295E-08, -0.30127832E+01
    1961.,  0.00000000E+00,  0.00000000E+00,  0.00000000E+00,  0.00000000E+00,  0.74820523E-09, -0.30127832E+01
    1962.,  0.00000000E+00,  0.00000000E+00,  0.00000000E+00,  0.00000000E+00,  0.17365838E-08, -0.30127832E+01
    1963.,  0.00000000E+00,  0.00000000E+00,  0.00000000E+00,  0.00000000E+00,  0.13454484E-08, -0.30127832E+01
    1964.,  0.00000000E+00,  0.00000000E+00,  0.00000000E+00,  0.00000000E+00,  0.34003678E-08, -0.30127832E+01
    1965.,  0.00000000E+00,  0.00000000E+00,  0.00000000E+00,  0.00000000E+00,  0.20894372E-08, -0.30127832E+01
    1966.,  0.00000000E+00,  0.00000000E+00,  0.00000000E+00,  0.00000000E+00,  0.41782000E+02, -0.30127832E+01
    1967.,  0.00000000E+00,  0.00000000E+00,  0.00000000E+00,  0.00000000E+00,  0.43980075E+02, -0.30127832E+01
    1968.,  0.00000000E+00,  0.00000000E+00,  0.00000000E+00,  0.00000000E+00,  0.51986862E+02, -0.30127832E+01
    1969.,  0.00000000E+00,  0.00000000E+00,  0.00000000E+00,  0.00000000E+00,  0.84600104E+02, -0.37388248E+01
    1970.,  0.00000000E+00,  0.00000000E+00,  0.00000000E+00,  0.00000000E+00,  0.99499007E-09, -0.37388248E+01
    1971.,  0.00000000E+00,  0.00000000E+00,  0.00000000E+00,  0.00000000E+00,  0.16430488E-09, -0.37388248E+01
    1972.,  0.00000000E+00,  0.00000000E+00,  0.00000000E+00,  0.00000000E+00,  0.15060904E-08, -0.37388248E+01
    1973.,  0.00000000E+00,  0.00000000E+00,  0.00000000E+00,  0.00000000E+00,  0.60145989E-09, -0.37388248E+01
    1974.,  0.00000000E+00,  0.00000000E+00,  0.00000000E+00,  0.00000000E+00,  0.11184488E-08, -0.37388248E+01
    1975.,  0.00000000E+00,  0.00000000E+00,  0.00000000E+00,  0.00000000E+00,  0.63547397E-09, -0.37388248E+01
    1976.,  0.00000000E+00,  0.00000000E+00,  0.00000000E+00,  0.00000000E+00,  0.10181571E-08, -0.37388248E+01
    1977.,  0.00000000E+00,  0.00000000E+00,  0.00000000E+00,  0.00000000E+00,  0.57611244E-09, -0.37388248E+01
    1978.,  0.00000000E+00,  0.00000000E+00,  0.00000000E+00,  0.00000000E+00,  0.18852365E-08, -0.37388248E+01
    1979.,  0.00000000E+00,  0.00000000E+00,  0.00000000E+00,  0.00000000E+00,  0.26823538E-08, -0.37388248E+01
    1980.,  0.00000000E+00,  0.00000000E+00,  0.00000000E+00,  0.00000000E+00,  0.40057257E-08, -0.37388248E+01
    1981.,  0.00000000E+00,  0.00000000E+00,  0.00000000E+00,  0.00000000E+00,  0.16565614E-08, -0.37388248E+01
    1982.,  0.00000000E+00,  0.00000000E+00,  0.00000000E+00,  0.00000000E+00,  0.14212339E-08, -0.37388248E+01
    1983.,  0.00000000E+00,  0.00000000E+00,  0.00000000E+00,  0.00000000E+00,  0.61279753E+02, -0.37388248E+01
    1984.,  0.00000000E+00,  0.00000000E+00,  0.00000000E+00,  0.00000000E+00,  0.68874849E+02, -0.37388248E+01
    1985.,  0.00000000E+00,  0.00000000E+00,  0.00000000E+00,  0.00000000E+00,  0.51613621E+01, -0.44648665E+01
    1986.,  0.00000000E+00,  0.00000000E+00,  0.00000000E+00,  0.00000000E+00,  0.68518896E-09, -0.44648665E+01
    1987.,  0.00000000E+00,  0.00000000E+00,  0.00000000E+00,  0.00000000E+00,  0.86280794E-09, -0.44648665E+01
    1988.,  0.00000000E+00,  0.00000000E+00,  0.00000000E+00,  0.00000000E+00,  0.18333864E-08, -0.44648665E+01
    1989.,  0.00000000E+00,  0.00000000E+00,  0.00000000E+00,  0.00000000E+00,  0.98711321E-09, -0.44648665E+01
    1990.,  0.00000000E+00,  0.00000000E+00,  0.00000000E+00,  0.00000000E+00,  0.18056956E-08, -0.44648665E+01
    1991.,  0.00000000E+00,  0.00000000E+00,  0.00000000E+00,  0.00000000E+00,  0.50738345E-09, -0.44648665E+01
    1992.,  0.00000000E+00,  0.00000000E+00,  0.00000000E+00,  0.00000000E+00,  0.21734813E-08, -0.44648665E+01
    1993.,  0.00000000E+00,  0.00000000E+00,  0.00000000E+00,  0.00000000E+00,  0.16411144E-08, -0.44648665E+01
    1994.,  0.00000000E+00,  0.00000000E+00,  0.00000000E+00,  0.00000000E+00,  0.77242882E-09, -0.44648665E+01
    1995.,  0.00000000E+00,  0.00000000E+00,  0.00000000E+00,  0.00000000E+00,  0.30970198E-08, -0.44648665E+01
    1996.,  0.00000000E+00,  0.00000000E+00,  0.00000000E+00,  0.00000000E+00,  0.55762364E-08, -0.44648665E+01
    1997.,  0.00000000E+00,  0.00000000E+00,  0.00000000E+00,  0.00000000E+00,  0.12781077E-08, -0.44648665E+01
    1998.,  0.00000000E+00,  0.00000000E+00,  0.00000000E+00,  0.00000000E+00,  0.13763844E-08, -0.44648665E+01
    1999.,  0.00000000E+00,  0.00000000E+00,  0.00000000E+00,  0.00000000E+00,  0.10741009E-08, -0.44648665E+01
    2000.,  0.00000000E+00,  0.00000000E+00,  0.00000000E+00,  0.00000000E+00,  0.52780276E+02, -0.44648665E+01
    2001.,  0.00000000E+00,  0.00000000E+00,  0.00000000E+00,  0.00000000E+00,  0.14889876E-08, -0.51909082E+01
    2002.,  0.00000000E+00,  0.00000000E+00,  0.00000000E+00,  0.00000000E+00,  0.11587348E-08, -0.51909082E+01
    2003.,  0.00000000E+00,  0.00000000E+00,  0.00000000E+00,  0.00000000E+00,  0.22739610E-08, -0.51909082E+01
    2004.,  0.00000000E+00,  0.00000000E+00,  0.00000000E+00,  0.00000000E+00,  0.98485740E-09, -0.51909082E+01
    2005.,  0.00000000E+00,  0.00000000E+00,  0.00000000E+00,  0.00000000E+00,  0.10011378E-08, -0.51909082E+01
    2006.,  0.00000000E+00,  0.00000000E+00,  0.00000000E+00,  0.00000000E+00,  0.11473617E-08, -0.51909082E+01
    2007.,  0.00000000E+00,  0.00000000E+00,  0.00000000E+00,  0.00000000E+00,  0.95277472E-09, -0.51909082E+01
    2008.,  0.00000000E+00,  0.00000000E+00,  0.00000000E+00,  0.00000000E+00,  0.23610571E-08, -0.51909082E+01
    2009.,  0.00000000E+00,  0.00000000E+00,  0.00000000E+00,  0.00000000E+00,  0.12995867E-08, -0.51909082E+01
    2010.,  0.00000000E+00,  0.00000000E+00,  0.00000000E+00,  0.00000000E+00,  0.12323544E-08, -0.51909082E+01
    2011.,  0.00000000E+00,  0.00000000E+00,  0.00000000E+00,  0.00000000E+00,  0.11761654E-08, -0.51909082E+01
    2012.,  0.00000000E+00,  0.00000000E+00,  0.00000000E+00,  0.00000000E+00,  0.48557818E-08, -0.51909082E+01
    2013.,  0.00000000E+00,  0.00000000E+00,  0.00000000E+00,  0.00000000E+00,  0.20886440E-08, -0.51909082E+01
    2014.,  0.00000000E+00,  0.00000000E+00,  0.00000000E+00,  0.00000000E+00,  0.87946110E-09, -0.51909082E+01
    2015.,  0.00000000E+00,  0.00000000E+00,  0.00000000E+00,  0.00000000E+00,  0.32281843E-08, -0.51909082E+01
    2016.,  0.00000000E+00,  0.00000000E+00,  0.00000000E+00,  0.00000000E+00,  0.20785901E-08, -0.51909082E+01
    2017.,  0.00000000E+00,  0.00000000E+00,  0.00000000E+00,  0.00000000E+00,  0.22712351E-08, -0.59169498E+01
    2018.,  0.00000000E+00,  0.00000000E+00,  0.00000000E+00,  0.00000000E+00,  0.23138540E-08, -0.59169498E+01
    2019.,  0.00000000E+00,  0.00000000E+00,  0.00000000E+00,  0.00000000E+00,  0.42588183E-09, -0.59169498E+01
    2020.,  0.00000000E+00,  0.00000000E+00,  0.00000000E+00,  0.00000000E+00,  0.26056632E-08, -0.59169498E+01
    2021.,  0.00000000E+00,  0.00000000E+00,  0.00000000E+00,  0.00000000E+00,  0.15172167E-08, -0.59169498E+01
    2022.,  0.00000000E+00,  0.00000000E+00,  0.00000000E+00,  0.00000000E+00,  0.23635786E-08, -0.59169498E+01
    2023.,  0.00000000E+00,  0.00000000E+00,  0.00000000E+00,  0.00000000E+00,  0.98332624E-09, -0.59169498E+01
    2024.,  0.00000000E+00,  0.00000000E+00,  0.00000000E+00,  0.00000000E+00,  0.97675177E-09, -0.59169498E+01
    2025.,  0.00000000E+00,  0.00000000E+00,  0.00000000E+00,  0.00000000E+00,  0.74926188E-09, -0.59169498E+01
    2026.,  0.00000000E+00,  0.00000000E+00,  0.00000000E+00,  0.00000000E+00,  0.10543380E-08, -0.59169498E+01
    2027.,  0.00000000E+00,  0.00000000E+00,  0.00000000E+00,  0.00000000E+00,  0.15498842E-08, -0.59169498E+01
    2028.,  0.00000000E+00,  0.00000000E+00,  0.00000000E+00,  0.00000000E+00,  0.46002363E-08, -0.59169498E+01
    2029.,  0.00000000E+00,  0.00000000E+00,  0.00000000E+00,  0.00000000E+00,  0.14379890E-08, -0.59169498E+01
    2030.,  0.00000000E+00,  0.00000000E+00,  0.00000000E+00,  0.00000000E+00,  0.26950754E-08, -0.59169498E+01
    2031.,  0.00000000E+00,  0.00000000E+00,  0.00000000E+00,  0.00000000E+00,  0.10060171E-08, -0.59169498E+01
    2032.,  0.00000000E+00,  0.00000000E+00,  0.00000000E+00,  0.00000000E+00,  0.19732929E-08, -0.59169498E+01
    2033.,  0.00000000E+00,  0.00000000E+00,  0.00000000E+00,  0.00000000E+00,  0.12672336E-08, -0.66429915E+01
    2034.,  0.00000000E+00,  0.00000000E+00,  0.00000000E+00,  0.00000000E+00,  0.13415854E-08, -0.66429915E+01
    2035.,  0.00000000E+00,  0.00000000E+00,  0.00000000E+00,  0.00000000E+00,  0.14160524E-08, -0.66429915E+01
    2036.,  0.00000000E+00,  0.00000000E+00,  0.00000000E+00,  0.00000000E+00,  0.45470785E-09, -0.66429915E+01
    2037.,  0.00000000E+00,  0.00000000E+00,  0.00000000E+00,  0.00000000E+00,  0.11453977E-08, -0.66429915E+01
    2038.,  0.00000000E+00,  0.00000000E+00,  0.00000000E+00,  0.00000000E+00,  0.21143150E-08, -0.66429915E+01
    2039.,  0.00000000E+00,  0.00000000E+00,  0.00000000E+00,  0.00000000E+00,  0.24832645E-08, -0.66429915E+01
    2040.,  0.00000000E+00,  0.00000000E+00,  0.00000000E+00,  0.00000000E+00,  0.25847969E-08, -0.66429915E+01
    2041.,  0.00000000E+00,  0.00000000E+00,  0.00000000E+00,  0.00000000E+00,  0.31123722E-08, -0.66429915E+01
    2042.,  0.00000000E+00,  0.00000000E+00,  0.00000000E+00,  0.00000000E+00,  0.13956775E-08, -0.66429915E+01
    2043.,  0.00000000E+00,  0.00000000E+00,  0.00000000E+00,  0.00000000E+00,  0.18570073E-08, -0.66429915E+01
    2044.,  0.00000000E+00,  0.00000000E+00,  0.00000000E+00,  0.00000000E+00,  0.48314005E-08, -0.66429915E+01
    2045.,  0.00000000E+00,  0.00000000E+00,  0.00000000E+00,  0.00000000E+00,  0.14694226E-08, -0.66429915E+01
    2046.,  0.00000000E+00,  0.00000000E+00,  0.00000000E+00,  0.00000000E+00,  0.29702288E-08, -0.66429915E+01
    2047.,  0.00000000E+00,  0.00000000E+00,  0.00000000E+00,  0.00000000E+00,  0.21029941E-08, -0.66429915E+01
    2048.,  0.00000000E+00,  0.00000000E+00,  0.00000000E+00,  0.00000000E+00,  0.21123850E-08, -0.66429915E+01
    2049.,  0.00000000E+00,  0.00000000E+00,  0.00000000E+00,  0.00000000E+00,  0.19792865E-08, -0.73690332E+01
    2050.,  0.00000000E+00,  0.00000000E+00,  0.00000000E+00,  0.00000000E+00,  0.97829284E-09, -0.73690332E+01
    2051.,  0.00000000E+00,  0.00000000E+00,  0.00000000E+00,  0.00000000E+00,  0.23924553E-08, -0.73690332E+01
    2052.,  0.00000000E+00,  0.00000000E+00,  0.00000000E+00,  0.00000000E+00,  0.11647735E-08, -0.73690332E+01
    2053.,  0.00000000E+00,  0.00000000E+00,  0.00000000E+00,  0.00000000E+00,  0.75903114E-09, -0.73690332E+01
    2054.,  0.00000000E+00,  0.00000000E+00,  0.00000000E+00,  0.00000000E+00,  0.13618018E-08, -0.73690332E+01
    2055.,  0.00000000E+00,  0.00000000E+00,  0.00000000E+00,  0.00000000E+00,  0.67299358E-09, -0.73690332E+01
    2056.,  0.00000000E+00,  0.00000000E+00,  0.00000000E+00,  0.00000000E+00,  0.25254144E-08, -0.73690332E+01
    2057.,  0.00000000E+00,  0.00000000E+00,  0.00000000E+00,  0.00000000E+00,  0.11232429E-08, -0.73690332E+01
    2058.,  0.00000000E+00,  0.00000000E+00,  0.00000000E+00,  0.00000000E+00,  0.37467974E-09, -0.73690332E+01
    2059.,  0.00000000E+00,  0.00000000E+00,  0.00000000E+00,  0.00000000E+00,  0.18800093E-08, -0.73690332E+01
    2060.,  0.00000000E+00,  0.00000000E+00,  0.00000000E+00,  0.00000000E+00,  0.22023984E-08, -0.73690332E+01
    2061.,  0.00000000E+00,  0.00000000E+00,  0.00000000E+00,  0.00000000E+00,  0.11589054E-08, -0.73690332E+01
    2062.,  0.00000000E+00,  0.00000000E+00,  0.00000000E+00,  0.00000000E+00,  0.22320397E-08, -0.73690332E+01
    2063.,  0.00000000E+00,  0.00000000E+00,  0.00000000E+00,  0.00000000E+00,  0.18184913E-08, -0.73690332E+01
    2064.,  0.00000000E+00,  0.00000000E+00,  0.00000000E+00,  0.00000000E+00,  0.22964167E-08, -0.73690332E+01
    2065.,  0.00000000E+00,  0.00000000E+00,  0.00000000E+00,  0.00000000E+00,  0.13149691E-08, -0.80950748E+01
    2066.,  0.00000000E+00,  0.00000000E+00,  0.00000000E+00,  0.00000000E+00,  0.69407275E-09, -0.80950748E+01
    2067.,  0.00000000E+00,  0.00000000E+00,  0.00000000E+00,  0.00000000E+00,  0.12209249E-08, -0.80950748E+01
    2068.,  0.00000000E+00,  0.00000000E+00,  0.00000000E+00,  0.00000000E+00,  0.62275240E-09, -0.80950748E+01
    2069.,  0.00000000E+00,  0.00000000E+00,  0.00000000E+00,  0.00000000E+00,  0.64816422E-09, -0.80950748E+01
    2070.,  0.00000000E+00,  0.00000000E+00,  0.00000000E+00,  0.00000000E+00,  0.12460255E-08, -0.80950748E+01
    2071.,  0.00000000E+00,  0.00000000E+00,  0.00000000E+00,  0.00000000E+00,  0.11458622E-08, -0.80950748E+01
    2072.,  0.00000000E+00,  0.00000000E+00,  0.00000000E+00,  0.00000000E+00,  0.15007976E-08, -0.80950748E+01
    2073.,  0.00000000E+00,  0.00000000E+00,  0.00000000E+00,  0.00000000E+00,  0.12357499E-08, -0.80950748E+01
    2074.,  0.00000000E+00,  0.00000000E+00,  0.00000000E+00,  0.00000000E+00,  0.17647162E-09, -0.80950748E+01
    2075.,  0.00000000E+00,  0.00000000E+00,  0.00000000E+00,  0.00000000E+00,  0.44713095E-09, -0.80950748E+01
    2076.,  0.00000000E+00,  0.00000000E+00,  0.00000000E+00,  0.00000000E+00,  0.34751016E-08, -0.80950748E+01
    2077.,  0.00000000E+00,  0.00000000E+00,  0.00000000E+00,  0.00000000E+00,  0.15334101E-08, -0.80950748E+01
    2078.,  0.00000000E+00,  0.00000000E+00,  0.00000000E+00,  0.00000000E+00,  0.10233943E-08, -0.80950748E+01
    2079.,  0.00000000E+00,  0.00000000E+00,  0.00000000E+00,  0.00000000E+00,  0.61653805E-09, -0.80950748E+01
    2080.,  0.00000000E+00,  0.00000000E+00,  0.00000000E+00,  0.00000000E+00,  0.13460382E-08, -0.80950748E+01
    2081.,  0.00000000E+00,  0.00000000E+00,  0.00000000E+00,  0.00000000E+00,  0.14532111E-08, -0.88211165E+01
    2082.,  0.00000000E+00,  0.00000000E+00,  0.00000000E+00,  0.00000000E+00,  0.21839595E-08, -0.88211165E+01
    2083.,  0.00000000E+00,  0.00000000E+00,  0.00000000E+00,  0.00000000E+00,  0.23526458E-08, -0.88211165E+01
    2084.,  0.00000000E+00,  0.00000000E+00,  0.00000000E+00,  0.00000000E+00,  0.15524308E-08, -0.88211165E+01
    2085.,  0.00000000E+00,  0.00000000E+00,  0.00000000E+00,  0.00000000E+00,  0.17393363E-08, -0.88211165E+01
    2086.,  0.00000000E+00,  0.00000000E+00,  0.00000000E+00,  0.00000000E+00,  0.85125989E-09, -0.88211165E+01
    2087.,  0.00000000E+00,  0.00000000E+00,  0.00000000E+00,  0.00000000E+00,  0.95085758E-09, -0.88211165E+01
    2088.,  0.00000000E+00,  0.00000000E+00,  0.00000000E+00,  0.00000000E+00,  0.29134675E-08, -0.88211165E+01
    2089.,  0.00000000E+00,  0.00000000E+00,  0.00000000E+00,  0.00000000E+00,  0.26806827E-08, -0.88211165E+01
    2090.,  0.00000000E+00,  0.00000000E+00,  0.00000000E+00,  0.00000000E+00,  0.11641508E-08, -0.88211165E+01
    2091.,  0.00000000E+00,  0.00000000E+00,  0.00000000E+00,  0.00000000E+00,  0.29068554E-08, -0.88211165E+01
    2092.,  0.00000000E+00,  0.00000000E+00,  0.00000000E+00,  0.00000000E+00,  0.52675682E-08, -0.88211165E+01
    2093.,  0.00000000E+00,  0.00000000E+00,  0.00000000E+00,  0.00000000E+00,  0.62612713E-09, -0.88211165E+01
    2094.,  0.00000000E+00,  0.00000000E+00,  0.00000000E+00,  0.00000000E+00,  0.27123649E-08, -0.88211165E+01
    2095.,  0.00000000E+00,  0.00000000E+00,  0.00000000E+00,  0.00000000E+00,  0.21289672E-08, -0.88211165E+01
    2096.,  0.00000000E+00,  0.00000000E+00,  0.00000000E+00,  0.00000000E+00,  0.17256797E-08, -0.88211165E+01
    2097.,  0.00000000E+00,  0.00000000E+00,  0.00000000E+00,  0.00000000E+00,  0.17919873E-08, -0.95471582E+01
    2098.,  0.00000000E+00,  0.00000000E+00,  0.00000000E+00,  0.00000000E+00,  0.18565552E-08, -0.95471582E+01
    2099.,  0.00000000E+00,  0.00000000E+00,  0.00000000E+00,  0.00000000E+00,  0.73272440E-09, -0.95471582E+01
    2100.,  0.00000000E+00,  0.00000000E+00,  0.00000000E+00,  0.00000000E+00,  0.22603008E-08, -0.95471582E+01
    2101.,  0.00000000E+00,  0.00000000E+00,  0.00000000E+00,  0.00000000E+00,  0.17328889E-08, -0.95471582E+01
    2102.,  0.00000000E+00,  0.00000000E+00,  0.00000000E+00,  0.00000000E+00,  0.25270191E-08, -0.95471582E+01
    2103.,  0.00000000E+00,  0.00000000E+00,  0.00000000E+00,  0.00000000E+00,  0.17716496E-08, -0.95471582E+01
    2104.,  0.00000000E+00,  0.00000000E+00,  0.00000000E+00,  0.00000000E+00,  0.27781014E-08, -0.95471582E+01
    2105.,  0.00000000E+00,  0.00000000E+00,  0.00000000E+00,  0.00000000E+00,  0.25395054E-08, -0.95471582E+01
    2106.,  0.00000000E+00,  0.00000000E+00,  0.00000000E+00,  0.00000000E+00,  0.23406615E-08, -0.95471582E+01
    2107.,  0.00000000E+00,  0.00000000E+00,  0.00000000E+00,  0.00000000E+00,  0.17951731E-08, -0.95471582E+01
    2108.,  0.00000000E+00,  0.00000000E+00,  0.00000000E+00,  0.00000000E+00,  0.47048187E-08, -0.95471582E+01
    2109.,  0.00000000E+00,  0.00000000E+00,  0.00000000E+00,  0.00000000E+00,  0.25619966E-08, -0.95471582E+01
    2110.,  0.00000000E+00,  0.00000000E+00,  0.00000000E+00,  0.00000000E+00,  0.47409859E-09, -0.95471582E+01
    2111.,  0.00000000E+00,  0.00000000E+00,  0.00000000E+00,  0.00000000E+00,  0.21295917E-08, -0.95471582E+01
    2112.,  0.00000000E+00,  0.00000000E+00,  0.00000000E+00,  0.00000000E+00,  0.27354991E-08, -0.95471582E+01
    2113.,  0.00000000E+00,  0.00000000E+00,  0.00000000E+00,  0.00000000E+00,  0.10623925E-08, -0.10273200E+02
    2114.,  0.00000000E+00,  0.00000000E+00,  0.00000000E+00,  0.00000000E+00,  0.12393500E-08, -0.10273200E+02
    2115.,  0.00000000E+00,  0.00000000E+00,  0.00000000E+00,  0.00000000E+00,  0.22392018E-08, -0.10273200E+02
    2116.,  0.00000000E+00,  0.00000000E+00,  0.00000000E+00,  0.00000000E+00,  0.15930022E-08, -0.10273200E+02
    2117.,  0.00000000E+00,  0.00000000E+00,  0.00000000E+00,  0.00000000E+00,  0.11590220E-08, -0.10273200E+02
    2118.,  0.00000000E+00,  0.00000000E+00,  0.00000000E+00,  0.00000000E+00,  0.20546762E-08, -0.10273200E+02
    2119.,  0.00000000E+00,  0.00000000E+00,  0.00000000E+00,  0.00000000E+00,  0.58496468E-09, -0.10273200E+02
    2120.,  0.00000000E+00,  0.00000000E+00,  0.00000000E+00,  0.00000000E+00,  0.14706436E-08, -0.10273200E+02
    2121.,  0.00000000E+00,  0.00000000E+00,  0.00000000E+00,  0.00000000E+00,  0.12003274E-08, -0.10273200E+02
    2122.,  0.00000000E+00,  0.00000000E+00,  0.00000000E+00,  0.00000000E+00,  0.30725588E-08, -0.10273200E+02
    2123.,  0.00000000E+00,  0.00000000E+00,  0.00000000E+00,  0.00000000E+00,  0.14759579E-08, -0.10273200E+02
    2124.,  0.00000000E+00,  0.00000000E+00,  0.00000000E+00,  0.00000000E+00,  0.51201250E-08, -0.10273200E+02
    2125.,  0.00000000E+00,  0.00000000E+00,  0.00000000E+00,  0.00000000E+00,  0.12620340E-08, -0.10273200E+02
    2126.,  0.00000000E+00,  0.00000000E+00,  0.00000000E+00,  0.00000000E+00,  0.15959486E-08, -0.10273200E+02
    2127.,  0.00000000E+00,  0.00000000E+00,  0.00000000E+00,  0.00000000E+00,  0.18576771E-08, -0.10273200E+02
    2128.,  0.00000000E+00,  0.00000000E+00,  0.00000000E+00,  0.00000000E+00,  0.43740985E-09, -0.10273200E+02
    2129.,  0.00000000E+00,  0.00000000E+00,  0.00000000E+00,  0.00000000E+00,  0.96607087E-09, -0.10999242E+02
    2130.,  0.00000000E+00,  0.00000000E+00,  0.00000000E+00,  0.00000000E+00,  0.66387870E-09, -0.10999242E+02
    2131.,  0.00000000E+00,  0.00000000E+00,  0.00000000E+00,  0.00000000E+00,  0.13973244E-08, -0.10999242E+02
    2132.,  0.00000000E+00,  0.00000000E+00,  0.00000000E+00,  0.00000000E+00,  0.12176933E-08, -0.10999242E+02
    2133.,  0.00000000E+00,  0.00000000E+00,  0.00000000E+00,  0.00000000E+00,  0.18652424E-08, -0.10999242E+02
    2134.,  0.00000000E+00,  0.00000000E+00,  0.00000000E+00,  0.00000000E+00,  0.17431053E-08, -0.10999242E+02
    2135.,  0.00000000E+00,  0.00000000E+00,  0.00000000E+00,  0.00000000E+00,  0.11640608E-08, -0.10999242E+02
    2136.,  0.00000000E+00,  0.00000000E+00,  0.00000000E+00,  0.00000000E+00,  0.14905104E-08, -0.10999242E+02
    2137.,  0.00000000E+00,  0.00000000E+00,  0.00000000E+00,  0.00000000E+00,  0.19249924E-08, -0.10999242E+02
    2138.,  0.00000000E+00,  0.00000000E+00,  0.00000000E+00,  0.00000000E+00,  0.58252765E-09, -0.10999242E+02
    2139.,  0.00000000E+00,  0.00000000E+00,  0.00000000E+00,  0.00000000E+00,  0.17193863E-08, -0.10999242E+02
    2140.,  0.00000000E+00,  0.00000000E+00,  0.00000000E+00,  0.00000000E+00,  0.38289905E-08, -0.10999242E+02
    2141.,  0.00000000E+00,  0.00000000E+00,  0.00000000E+00,  0.00000000E+00,  0.13584708E-08, -0.10999242E+02
    2142.,  0.00000000E+00,  0.00000000E+00,  0.00000000E+00,  0.00000000E+00,  0.80625820E-09, -0.10999242E+02
    2143.,  0.00000000E+00,  0.00000000E+00,  0.00000000E+00,  0.00000000E+00,  0.70962737E-09, -0.10999242E+02
    2144.,  0.00000000E+00,  0.00000000E+00,  0.00000000E+00,  0.00000000E+00,  0.19905716E-08, -0.10999242E+02
    2145.,  0.00000000E+00,  0.00000000E+00,  0.00000000E+00,  0.00000000E+00,  0.10173988E-08, -0.11725283E+02
    2146.,  0.00000000E+00,  0.00000000E+00,  0.00000000E+00,  0.00000000E+00,  0.49533113E-08, -0.11725283E+02
    2147.,  0.00000000E+00,  0.00000000E+00,  0.00000000E+00,  0.00000000E+00,  0.16391685E-08, -0.11725283E+02
    2148.,  0.00000000E+00,  0.00000000E+00,  0.00000000E+00,  0.00000000E+00,  0.28204122E-08, -0.11725283E+02
    2149.,  0.00000000E+00,  0.00000000E+00,  0.00000000E+00,  0.00000000E+00,  0.40440005E-09, -0.11725283E+02
    2150.,  0.00000000E+00,  0.00000000E+00,  0.00000000E+00,  0.00000000E+00,  0.22910859E-08, -0.11725283E+02
    2151.,  0.00000000E+00,  0.00000000E+00,  0.00000000E+00,  0.00000000E+00,  0.17527897E-08, -0.11725283E+02
    2152.,  0.00000000E+00,  0.00000000E+00,  0.00000000E+00,  0.00000000E+00,  0.26530144E-08, -0.11725283E+02
    2153.,  0.00000000E+00,  0.00000000E+00,  0.00000000E+00,  0.00000000E+00,  0.13133585E-08, -0.11725283E+02
    2154.,  0.00000000E+00,  0.00000000E+00,  0.00000000E+00,  0.00000000E+00,  0.33633117E-09, -0.11725283E+02
    2155.,  0.00000000E+00,  0.00000000E+00,  0.00000000E+00,  0.00000000E+00,  0.20886577E-08, -0.11725283E+02
    2156.,  0.00000000E+00,  0.00000000E+00,  0.00000000E+00,  0.00000000E+00,  0.45663232E-08, -0.11725283E+02
    2157.,  0.00000000E+00,  0.00000000E+00,  0.00000000E+00,  0.00000000E+00,  0.17892123E-08, -0.11725283E+02
    2158.,  0.00000000E+00,  0.00000000E+00,  0.00000000E+00,  0.00000000E+00,  0.21891926E-08, -0.11725283E+02
    2159.,  0.00000000E+00,  0.00000000E+00,  0.00000000E+00,  0.00000000E+00,  0.25256911E-08, -0.11725283E+02
    2160.,  0.00000000E+00,  0.00000000E+00,  0.00000000E+00,  0.00000000E+00,  0.18973570E-08, -0.11725283E+02
    2161.,  0.00000000E+00,  0.00000000E+00,  0.00000000E+00,  0.00000000E+00,  0.99780746E-09, -0.12451325E+02
    2162.,  0.00000000E+00,  0.00000000E+00,  0.00000000E+00,  0.00000000E+00,  0.85569300E-09, -0.12451325E+02
    2163.,  0.00000000E+00,  0.00000000E+00,  0.00000000E+00,  0.00000000E+00,  0.10766319E-08, -0.12451325E+02
    2164.,  0.00000000E+00,  0.00000000E+00,  0.00000000E+00,  0.00000000E+00,  0.20433645E-08, -0.12451325E+02
    2165.,  0.00000000E+00,  0.00000000E+00,  0.00000000E+00,  0.00000000E+00,  0.13267749E-08, -0.12451325E+02
    2166.,  0.00000000E+00,  0.00000000E+00,  0.00000000E+00,  0.00000000E+00,  0.21691438E-08, -0.12451325E+02
    2167.,  0.00000000E+00,  0.00000000E+00,  0.00000000E+00,  0.00000000E+00,  0.10413032E-08, -0.12451325E+02
    2168.,  0.00000000E+00,  0.00000000E+00,  0.00000000E+00,  0.00000000E+00,  0.11756238E-08, -0.12451325E+02
    2169.,  0.00000000E+00,  0.00000000E+00,  0.00000000E+00,  0.00000000E+00,  0.79471246E-09, -0.12451325E+02
    2170.,  0.00000000E+00,  0.00000000E+00,  0.00000000E+00,  0.00000000E+00,  0.95015213E-09, -0.12451325E+02
    2171.,  0.00000000E+00,  0.00000000E+00,  0.00000000E+00,  0.00000000E+00,  0.14751940E-08, -0.12451325E+02
    2172.,  0.00000000E+00,  0.00000000E+00,  0.00000000E+00,  0.00000000E+00,  0.30292739E-08, -0.12451325E+02
    2173.,  0.00000000E+00,  0.00000000E+00,  0.00000000E+00,  0.00000000E+00,  0.19152489E-08, -0.12451325E+02
    2174.,  0.00000000E+00,  0.00000000E+00,  0.00000000E+00,  0.00000000E+00,  0.19201278E-08, -0.12451325E+02
    2175.,  0.00000000E+00,  0.00000000E+00,  0.00000000E+00,  0.00000000E+00,  0.17847522E-08, -0.12451325E+02
    2176.,  0.00000000E+00,  0.00000000E+00,  0.00000000E+00,  0.00000000E+00,  0.25968295E-08, -0.12451325E+02
    2177.,  0.00000000E+00,  0.00000000E+00,  0.00000000E+00,  0.00000000E+00,  0.52983348E-08, -0.13177366E+02
    2178.,  0.00000000E+00,  0.00000000E+00,  0.00000000E+00,  0.00000000E+00,  0.34448686E-08, -0.13177366E+02
    2179.,  0.00000000E+00,  0.00000000E+00,  0.00000000E+00,  0.00000000E+00,  0.44846604E-08, -0.13177366E+02
    2180.,  0.00000000E+00,  0.00000000E+00,  0.00000000E+00,  0.00000000E+00,  0.13147788E-08, -0.13177366E+02
    2181.,  0.00000000E+00,  0.00000000E+00,  0.00000000E+00,  0.00000000E+00,  0.31426168E-08, -0.13177366E+02
    2182.,  0.00000000E+00,  0.00000000E+00,  0.00000000E+00,  0.00000000E+00,  0.29531660E-08, -0.13177366E+02
    2183.,  0.00000000E+00,  0.00000000E+00,  0.00000000E+00,  0.00000000E+00,  0.18910845E-08, -0.13177366E+02
    2184.,  0.00000000E+00,  0.00000000E+00,  0.00000000E+00,  0.00000000E+00,  0.49416477E-09, -0.13177366E+02
    2185.,  0.00000000E+00,  0.00000000E+00,  0.00000000E+00,  0.00000000E+00,  0.31452867E-08, -0.13177366E+02
    2186.,  0.00000000E+00,  0.00000000E+00,  0.00000000E+00,  0.00000000E+00,  0.39285805E-08, -0.13177366E+02
    2187.,  0.00000000E+00,  0.00000000E+00,  0.00000000E+00,  0.00000000E+00,  0.43404154E-08, -0.13177366E+02
    2188.,  0.00000000E+00,  0.00000000E+00,  0.00000000E+00,  0.00000000E+00,  0.43082959E-08, -0.13177366E+02
    2189.,  0.00000000E+00,  0.00000000E+00,  0.00000000E+00,  0.00000000E+00,  0.41764330E-08, -0.13177366E+02
    2190.,  0.00000000E+00,  0.00000000E+00,  0.00000000E+00,  0.00000000E+00,  0.50889075E-08, -0.13177366E+02
    2191.,  0.00000000E+00,  0.00000000E+00,  0.00000000E+00,  0.00000000E+00,  0.52515022E-08, -0.13177366E+02
    2192.,  0.00000000E+00,  0.00000000E+00,  0.00000000E+00,  0.00000000E+00,  0.48498472E-08, -0.13177366E+02
    2193.,  0.00000000E+00,  0.00000000E+00,  0.00000000E+00,  0.00000000E+00,  0.17175914E-08, -0.13903408E+02
    2194.,  0.00000000E+00,  0.00000000E+00,  0.00000000E+00,  0.00000000E+00,  0.16826470E-08, -0.13903408E+02
    2195.,  0.00000000E+00,  0.00000000E+00,  0.00000000E+00,  0.00000000E+00,  0.15648219E-08, -0.13903408E+02
    2196.,  0.00000000E+00,  0.00000000E+00,  0.00000000E+00,  0.00000000E+00,  0.49221737E-09, -0.13903408E+02
    2197.,  0.00000000E+00,  0.00000000E+00,  0.00000000E+00,  0.00000000E+00,  0.27940581E-09, -0.13903408E+02
    2198.,  0.00000000E+00,  0.00000000E+00,  0.00000000E+00,  0.00000000E+00,  0.51704521E-09, -0.13903408E+02
    2199.,  0.00000000E+00,  0.00000000E+00,  0.00000000E+00,  0.00000000E+00,  0.16449715E-08, -0.13903408E+02
    2200.,  0.00000000E+00,  0.00000000E+00,  0.00000000E+00,  0.00000000E+00,  0.18778661E-08, -0.13903408E+02
    2201.,  0.00000000E+00,  0.00000000E+00,  0.00000000E+00,  0.00000000E+00,  0.26731466E-08, -0.13903408E+02
    2202.,  0.00000000E+00,  0.00000000E+00,  0.00000000E+00,  0.00000000E+00,  0.17223214E-08, -0.13903408E+02
    2203.,  0.00000000E+00,  0.00000000E+00,  0.00000000E+00,  0.00000000E+00,  0.22093170E-08, -0.13903408E+02
    2204.,  0.00000000E+00,  0.00000000E+00,  0.00000000E+00,  0.00000000E+00,  0.50475933E-08, -0.13903408E+02
    2205.,  0.00000000E+00,  0.00000000E+00,  0.00000000E+00,  0.00000000E+00,  0.18325574E-08, -0.13903408E+02
    2206.,  0.00000000E+00,  0.00000000E+00,  0.00000000E+00,  0.00000000E+00,  0.18622341E-08, -0.13903408E+02
    2207.,  0.00000000E+00,  0.00000000E+00,  0.00000000E+00,  0.00000000E+00,  0.19751984E-08, -0.13903408E+02
    2208.,  0.00000000E+00,  0.00000000E+00,  0.00000000E+00,  0.00000000E+00,  0.23351480E-08, -0.13903408E+02
    2209.,  0.00000000E+00,  0.00000000E+00,  0.00000000E+00,  0.00000000E+00,  0.52752438E-08, -0.14629450E+02
    2210.,  0.00000000E+00,  0.00000000E+00,  0.00000000E+00,  0.00000000E+00,  0.23185176E-08, -0.14629450E+02
    2211.,  0.00000000E+00,  0.00000000E+00,  0.00000000E+00,  0.00000000E+00,  0.99576077E-09, -0.14629450E+02
    2212.,  0.00000000E+00,  0.00000000E+00,  0.00000000E+00,  0.00000000E+00,  0.20143091E-08, -0.14629450E+02
    2213.,  0.00000000E+00,  0.00000000E+00,  0.00000000E+00,  0.00000000E+00,  0.22881489E-08, -0.14629450E+02
    2214.,  0.00000000E+00,  0.00000000E+00,  0.00000000E+00,  0.00000000E+00,  0.25361581E-08, -0.14629450E+02
    2215.,  0.00000000E+00,  0.00000000E+00,  0.00000000E+00,  0.00000000E+00,  0.16997997E-08, -0.14629450E+02
    2216.,  0.00000000E+00,  0.00000000E+00,  0.00000000E+00,  0.00000000E+00,  0.27575960E-08, -0.14629450E+02
    2217.,  0.00000000E+00,  0.00000000E+00,  0.00000000E+00,  0.00000000E+00,  0.15361714E-08, -0.14629450E+02
    2218.,  0.00000000E+00,  0.00000000E+00,  0.00000000E+00,  0.00000000E+00,  0.26806142E-08, -0.14629450E+02
    2219.,  0.00000000E+00,  0.00000000E+00,  0.00000000E+00,  0.00000000E+00,  0.12918118E-08, -0.14629450E+02
    2220.,  0.00000000E+00,  0.00000000E+00,  0.00000000E+00,  0.00000000E+00,  0.47586987E-08, -0.14629450E+02
    2221.,  0.00000000E+00,  0.00000000E+00,  0.00000000E+00,  0.00000000E+00,  0.38463681E-08, -0.14629450E+02
    2222.,  0.00000000E+00,  0.00000000E+00,  0.00000000E+00,  0.00000000E+00,  0.36412495E-08, -0.14629450E+02
    2223.,  0.00000000E+00,  0.00000000E+00,  0.00000000E+00,  0.00000000E+00,  0.40969741E-08, -0.14629450E+02
    2224.,  0.00000000E+00,  0.00000000E+00,  0.00000000E+00,  0.00000000E+00,  0.41228872E-08, -0.14629450E+02
    2225.,  0.00000000E+00,  0.00000000E+00,  0.00000000E+00,  0.00000000E+00,  0.22345417E-08, -0.15355491E+02
    2226.,  0.00000000E+00,  0.00000000E+00,  0.00000000E+00,  0.00000000E+00,  0.15151790E-08, -0.15355491E+02
    2227.,  0.00000000E+00,  0.00000000E+00,  0.00000000E+00,  0.00000000E+00,  0.13968040E-08, -0.15355491E+02
    2228.,  0.00000000E+00,  0.00000000E+00,  0.00000000E+00,  0.00000000E+00,  0.29969511E-08, -0.15355491E+02
    2229.,  0.00000000E+00,  0.00000000E+00,  0.00000000E+00,  0.00000000E+00,  0.20025471E-08, -0.15355491E+02
    2230.,  0.00000000E+00,  0.00000000E+00,  0.00000000E+00,  0.00000000E+00,  0.22650517E-08, -0.15355491E+02
    2231.,  0.00000000E+00,  0.00000000E+00,  0.00000000E+00,  0.00000000E+00,  0.41898101E-08, -0.15355491E+02
    2232.,  0.00000000E+00,  0.00000000E+00,  0.00000000E+00,  0.00000000E+00,  0.24369878E-08, -0.15355491E+02
    2233.,  0.00000000E+00,  0.00000000E+00,  0.00000000E+00,  0.00000000E+00,  0.37877615E-09, -0.15355491E+02
    2234.,  0.00000000E+00,  0.00000000E+00,  0.00000000E+00,  0.00000000E+00,  0.14998219E-08, -0.15355491E+02
    2235.,  0.00000000E+00,  0.00000000E+00,  0.00000000E+00,  0.00000000E+00,  0.16719144E-08, -0.15355491E+02
    2236.,  0.00000000E+00,  0.00000000E+00,  0.00000000E+00,  0.00000000E+00,  0.41275944E-08, -0.15355491E+02
    2237.,  0.00000000E+00,  0.00000000E+00,  0.00000000E+00,  0.00000000E+00,  0.10695095E-08, -0.15355491E+02
    2238.,  0.00000000E+00,  0.00000000E+00,  0.00000000E+00,  0.00000000E+00,  0.31580246E-08, -0.15355491E+02
    2239.,  0.00000000E+00,  0.00000000E+00,  0.00000000E+00,  0.00000000E+00,  0.18143337E-08, -0.15355491E+02
    2240.,  0.00000000E+00,  0.00000000E+00,  0.00000000E+00,  0.00000000E+00,  0.17819519E-08, -0.15355491E+02
    2241.,  0.00000000E+00,  0.00000000E+00,  0.00000000E+00,  0.00000000E+00,  0.23316017E-08, -0.16081533E+02
    2242.,  0.00000000E+00,  0.00000000E+00,  0.00000000E+00,  0.00000000E+00,  0.17396688E-08, -0.16081533E+02
    2243.,  0.00000000E+00,  0.00000000E+00,  0.00000000E+00,  0.00000000E+00,  0.27864930E-08, -0.16081533E+02
    2244.,  0.00000000E+00,  0.00000000E+00,  0.00000000E+00,  0.00000000E+00,  0.10790927E-08, -0.16081533E+02
    2245.,  0.00000000E+00,  0.00000000E+00,  0.00000000E+00,  0.00000000E+00,  0.24505330E-08, -0.16081533E+02
    2246.,  0.00000000E+00,  0.00000000E+00,  0.00000000E+00,  0.00000000E+00,  0.30849860E-08, -0.16081533E+02
    2247.,  0.00000000E+00,  0.00000000E+00,  0.00000000E+00,  0.00000000E+00,  0.20165183E-08, -0.16081533E+02
    2248.,  0.00000000E+00,  0.00000000E+00,  0.00000000E+00,  0.00000000E+00,  0.23927525E-08, -0.16081533E+02
    2249.,  0.00000000E+00,  0.00000000E+00,  0.00000000E+00,  0.00000000E+00,  0.11467542E-08, -0.16081533E+02
    2250.,  0.00000000E+00,  0.00000000E+00,  0.00000000E+00,  0.00000000E+00,  0.23302012E-08, -0.16081533E+02
    2251.,  0.00000000E+00,  0.00000000E+00,  0.00000000E+00,  0.00000000E+00,  0.26079801E-08, -0.16081533E+02
    2252.,  0.00000000E+00,  0.00000000E+00,  0.00000000E+00,  0.00000000E+00,  0.50130672E-08, -0.16081533E+02
    2253.,  0.00000000E+00,  0.00000000E+00,  0.00000000E+00,  0.00000000E+00,  0.21512959E-08, -0.16081533E+02
    2254.,  0.00000000E+00,  0.00000000E+00,  0.00000000E+00,  0.00000000E+00,  0.75078884E-09, -0.16081533E+02
    2255.,  0.00000000E+00,  0.00000000E+00,  0.00000000E+00,  0.00000000E+00,  0.27862434E-08, -0.16081533E+02
    2256.,  0.00000000E+00,  0.00000000E+00,  0.00000000E+00,  0.00000000E+00,  0.13764968E-08, -0.16081533E+02
    2257.,  0.00000000E+00,  0.00000000E+00,  0.00000000E+00,  0.00000000E+00,  0.19404192E-08, -0.16807575E+02
    2258.,  0.00000000E+00,  0.00000000E+00,  0.00000000E+00,  0.00000000E+00,  0.81200657E-09, -0.16807575E+02
    2259.,  0.00000000E+00,  0.00000000E+00,  0.00000000E+00,  0.00000000E+00,  0.28604856E-08, -0.16807575E+02
    2260.,  0.00000000E+00,  0.00000000E+00,  0.00000000E+00,  0.00000000E+00,  0.11201232E-08, -0.16807575E+02
    2261.,  0.00000000E+00,  0.00000000E+00,  0.00000000E+00,  0.00000000E+00,  0.16701978E-08, -0.16807575E+02
    2262.,  0.00000000E+00,  0.00000000E+00,  0.00000000E+00,  0.00000000E+00,  0.18892405E-08, -0.16807575E+02
    2263.,  0.00000000E+00,  0.00000000E+00,  0.00000000E+00,  0.00000000E+00,  0.25296287E-08, -0.16807575E+02
    2264.,  0.00000000E+00,  0.00000000E+00,  0.00000000E+00,  0.00000000E+00,  0.22247909E-08, -0.16807575E+02
    2265.,  0.00000000E+00,  0.00000000E+00,  0.00000000E+00,  0.00000000E+00,  0.87597012E-09, -0.16807575E+02
    2266.,  0.00000000E+00,  0.00000000E+00,  0.00000000E+00,  0.00000000E+00,  0.36060094E-08, -0.16807575E+02
    2267.,  0.00000000E+00,  0.00000000E+00,  0.00000000E+00,  0.00000000E+00,  0.42459489E-08, -0.16807575E+02
    2268.,  0.00000000E+00,  0.00000000E+00,  0.00000000E+00,  0.00000000E+00,  0.38617192E-08, -0.16807575E+02
    2269.,  0.00000000E+00,  0.00000000E+00,  0.00000000E+00,  0.00000000E+00,  0.10283687E-08, -0.16807575E+02
    2270.,  0.00000000E+00,  0.00000000E+00,  0.00000000E+00,  0.00000000E+00,  0.19939523E-08, -0.16807575E+02
    2271.,  0.00000000E+00,  0.00000000E+00,  0.00000000E+00,  0.00000000E+00,  0.28315628E-08, -0.16807575E+02
    2272.,  0.00000000E+00,  0.00000000E+00,  0.00000000E+00,  0.00000000E+00,  0.18917166E-08, -0.16807575E+02
    2273.,  0.00000000E+00,  0.00000000E+00,  0.00000000E+00,  0.00000000E+00,  0.29805317E-08, -0.17533617E+02
    2274.,  0.00000000E+00,  0.00000000E+00,  0.00000000E+00,  0.00000000E+00,  0.13642345E-08, -0.17533617E+02
    2275.,  0.00000000E+00,  0.00000000E+00,  0.00000000E+00,  0.00000000E+00,  0.88310043E-09, -0.17533617E+02
    2276.,  0.00000000E+00,  0.00000000E+00,  0.00000000E+00,  0.00000000E+00,  0.12061198E-08, -0.17533617E+02
    2277.,  0.00000000E+00,  0.00000000E+00,  0.00000000E+00,  0.00000000E+00,  0.16771732E-08, -0.17533617E+02
    2278.,  0.00000000E+00,  0.00000000E+00,  0.00000000E+00,  0.00000000E+00,  0.24892167E-08, -0.17533617E+02
    2279.,  0.00000000E+00,  0.00000000E+00,  0.00000000E+00,  0.00000000E+00,  0.99730826E-09, -0.17533617E+02
    2280.,  0.00000000E+00,  0.00000000E+00,  0.00000000E+00,  0.00000000E+00,  0.28949290E-08, -0.17533617E+02
    2281.,  0.00000000E+00,  0.00000000E+00,  0.00000000E+00,  0.00000000E+00,  0.13917248E-08, -0.17533617E+02
    2282.,  0.00000000E+00,  0.00000000E+00,  0.00000000E+00,  0.00000000E+00,  0.68894702E-09, -0.17533617E+02
    2283.,  0.00000000E+00,  0.00000000E+00,  0.00000000E+00,  0.00000000E+00,  0.12963985E-08, -0.17533617E+02
    2284.,  0.00000000E+00,  0.00000000E+00,  0.00000000E+00,  0.00000000E+00,  0.28887090E-08, -0.17533617E+02
    2285.,  0.00000000E+00,  0.00000000E+00,  0.00000000E+00,  0.00000000E+00,  0.32335869E-08, -0.17533617E+02
    2286.,  0.00000000E+00,  0.00000000E+00,  0.00000000E+00,  0.00000000E+00,  0.42253131E-08, -0.17533617E+02
    2287.,  0.00000000E+00,  0.00000000E+00,  0.00000000E+00,  0.00000000E+00,  0.31163898E-08, -0.17533617E+02
    2288.,  0.00000000E+00,  0.00000000E+00,  0.00000000E+00,  0.00000000E+00,  0.33646416E-08, -0.17533617E+02
    2289.,  0.00000000E+00,  0.00000000E+00,  0.00000000E+00,  0.00000000E+00,  0.15016797E-08, -0.18259658E+02
    2290.,  0.00000000E+00,  0.00000000E+00,  0.00000000E+00,  0.00000000E+00,  0.25954617E-08, -0.18259658E+02
    2291.,  0.00000000E+00,  0.00000000E+00,  0.00000000E+00,  0.00000000E+00,  0.31597361E-08, -0.18259658E+02
    2292.,  0.00000000E+00,  0.00000000E+00,  0.00000000E+00,  0.00000000E+00,  0.66110798E-09, -0.18259658E+02
    2293.,  0.00000000E+00,  0.00000000E+00,  0.00000000E+00,  0.00000000E+00,  0.20088315E-08, -0.18259658E+02
    2294.,  0.00000000E+00,  0.00000000E+00,  0.00000000E+00,  0.00000000E+00,  0.11927601E-08, -0.18259658E+02
    2295.,  0.00000000E+00,  0.00000000E+00,  0.00000000E+00,  0.00000000E+00,  0.13126119E-08, -0.18259658E+02
    2296.,  0.00000000E+00,  0.00000000E+00,  0.00000000E+00,  0.00000000E+00,  0.25348011E-08, -0.18259658E+02
    2297.,  0.00000000E+00,  0.00000000E+00,  0.00000000E+00,  0.00000000E+00,  0.21894516E-08, -0.18259658E+02
    2298.,  0.00000000E+00,  0.00000000E+00,  0.00000000E+00,  0.00000000E+00,  0.12734796E-08, -0.18259658E+02
    2299.,  0.00000000E+00,  0.00000000E+00,  0.00000000E+00,  0.00000000E+00,  0.14878665E-08, -0.18259658E+02
    2300.,  0.00000000E+00,  0.00000000E+00,  0.00000000E+00,  0.00000000E+00,  0.38167729E-08, -0.18259658E+02
    2301.,  0.00000000E+00,  0.00000000E+00,  0.00000000E+00,  0.00000000E+00,  0.23439325E-08, -0.18259658E+02
    2302.,  0.00000000E+00,  0.00000000E+00,  0.00000000E+00,  0.00000000E+00,  0.37055397E-08, -0.18259658E+02
    2303.,  0.00000000E+00,  0.00000000E+00,  0.00000000E+00,  0.00000000E+00,  0.11487047E-08, -0.18259658E+02
    2304.,  0.00000000E+00,  0.00000000E+00,  0.00000000E+00,  0.00000000E+00,  0.24996111E-08, -0.18259658E+02
