
 Ansys Mechanical Enterprise Academic Research     


 *------------------------------------------------------------------*
 |                                                                  |
 |   W E L C O M E   T O   T H E   A N S Y S (R)  P R O G R A M     |
 |                                                                  |
 *------------------------------------------------------------------*




 ***************************************************************
 *         ANSYS MAPDL 2026 R1.02       LEGAL NOTICES          *
 ***************************************************************
 *                                                             *
 * Copyright (c) 2026 Synopsys, Inc. and ANSYS, Inc.           *
 * All rights reserved.                                        *
 * Unauthorized use, distribution or duplication is            *
 * prohibited.                                                 *
 *                                                             *
 * Ansys is a registered trademark of Ansys, Inc. or its       *
 * subsidiaries in the United States or other countries.       *
 * See the Ansys, Inc. online documentation or the Ansys, Inc. *
 * documentation CD or online help for the complete Legal      *
 * Notice.                                                     *
 *                                                             *
 ***************************************************************
 *                                                             *
 * THIS ANSYS SOFTWARE PRODUCT AND PROGRAM DOCUMENTATION       *
 * INCLUDE TRADE SECRETS AND CONFIDENTIAL AND PROPRIETARY      *
 * PRODUCTS OF ANSYS, INC., ITS SUBSIDIARIES, OR LICENSORS.    *
 * The software products and documentation are furnished by    *
 * Ansys, Inc. or its subsidiaries under a software license    *
 * agreement that contains provisions concerning               *
 * non-disclosure, copying, length and nature of use,          *
 * compliance with exporting laws, warranties, disclaimers,    *
 * limitations of liability, and remedies, and other           *
 * provisions.  The software products and documentation may be *
 * used, disclosed, transferred, or copied only in accordance  *
 * with the terms and conditions of that software license      *
 * agreement.                                                  *
 *                                                             *
 * Ansys, Inc. is a UL registered                              *
 * ISO 9001:2015 company.                                      *
 *                                                             *
 ***************************************************************
 *                                                             *
 * This product is subject to U.S. laws governing export and   *
 * re-export.                                                  *
 *                                                             *
 * For U.S. Government users, except as specifically granted   *
 * by the Ansys, Inc. software license agreement, the use,     *
 * duplication, or disclosure by the United States Government  *
 * is subject to restrictions stated in the Ansys, Inc.        *
 * software license agreement and FAR 12.212 (for non-DOD      *
 * licenses).                                                  *
 *                                                             *
 ***************************************************************

 2026 R1.02  
     
 Point Releases and Patches installed:   
     
 Ansys Service Pack 2026 R1.01   
 Ansys Service Pack 2026 R1.02   
 Ansys, Inc. License Manager 2026 R1 
 Ansys, Inc. License Manager 2026 R1.01  
 Ansys, Inc. License Manager 2026 R1.02  
 Discovery (reduced install) 2026 R1 
 Discovery (reduced install) 2026 R1.01  
 Discovery (reduced install) 2026 R1.02  
 Core WB Files 2026 R1   
 Core WB Files 2026 R1.01
 Core WB Files 2026 R1.02
 BladeModeler 2026 R1
 BladeModeler 2026 R1.01 
 BladeModeler 2026 R1.02 
 CFX (includes CFD-Post) 2026 R1 
 CFX (includes CFD-Post) 2026 R1.01  
 CFX (includes CFD-Post) 2026 R1.02  
 CFD-Post only 2026 R1   
 CFD-Post only 2026 R1.01
 CFD-Post only 2026 R1.02
 Chemkin 2026 R1 
 Chemkin 2026 R1.01  
 Chemkin 2026 R1.02  
 EnSight 2026 R1 
 EnSight 2026 R1.01  
 EnSight 2026 R1.02  
 FENSAP-ICE 2026 R1  
 FENSAP-ICE 2026 R1.01   
 FENSAP-ICE 2026 R1.02   
 Fluent (includes CFD-Post) 2026 R1  
 Fluent (includes CFD-Post) 2026 R1.01   
 Fluent (includes CFD-Post) 2026 R1.02   
 Polyflow (includes CFD-Post) 2026 R1
 Polyflow (includes CFD-Post) 2026 R1.01 
 Polyflow (includes CFD-Post) 2026 R1.02 
 Forte (includes EnSight) 2026 R1
 Forte (includes EnSight) 2026 R1.01 
 Forte (includes EnSight) 2026 R1.02 
 ICEM CFD 2026 R1
 ICEM CFD 2026 R1.01 
 ICEM CFD 2026 R1.02 
 RBF Morph Fluids UDF 2026 R1
 RBF Morph Fluids UDF 2026 R1.01 
 RBF Morph Fluids UDF 2026 R1.02 
 RBF Morph Libraries 2026 R1 
 RBF Morph Libraries 2026 R1.01  
 RBF Morph Libraries 2026 R1.02  
 Rocky 2026 R1   
 Rocky 2026 R1.01
 Rocky 2026 R1.02
 Thermal Desktop: AutoCAD 2026 R1
 Thermal Desktop: AutoCAD 2026 R1.01 
 Thermal Desktop: AutoCAD 2026 R1.02 
 Thermal Desktop: Thermal Desktop and TD Designer  2026 R1   
 Thermal Desktop: Thermal Desktop and TD Designer  2026 R1.01
 Thermal Desktop: Thermal Desktop and TD Designer  2026 R1.02
 Thermal Desktop: Sinda Solver 2026 R1   
 Thermal Desktop: Sinda Solver 2026 R1.01
 Thermal Desktop: Sinda Solver 2026 R1.02
 TurboGrid 2026 R1   
 TurboGrid 2026 R1.01
 TurboGrid 2026 R1.02
 Granta EduPack 2026 R1  
 Granta EduPack 2026 R1.01   
 Granta EduPack 2026 R1.02   
 Granta Selector 2026 R1 
 Granta Selector 2026 R1.01  
 Granta Selector 2026 R1.02  
 Dynamic Reporting 2026 R1   
 Dynamic Reporting 2026 R1.01
 Dynamic Reporting 2026 R1.02
 Remote Solve Manager Standalone Services 2026 R1
 Remote Solve Manager Standalone Services 2026 R1.01 
 Remote Solve Manager Standalone Services 2026 R1.02 
 Aqwa 2026 R1
 Aqwa 2026 R1.01 
 Aqwa 2026 R1.02 
 Autodyn 2026 R1 
 Autodyn 2026 R1.01  
 Autodyn 2026 R1.02  
 Customization Files for User Programmable Features 2026 R1  
 Customization Files for User Programmable Features 2026 R1.01   
 Customization Files for User Programmable Features 2026 R1.02   
 LS-DYNA 2026 R1 
 LS-DYNA 2026 R1.01  
 LS-DYNA 2026 R1.02  
 Material Calibration App 2026 R1
 Material Calibration App 2026 R1.01 
 Material Calibration App 2026 R1.02 
 Material Designer 2026 R1   
 Material Designer 2026 R1.01
 Material Designer 2026 R1.02
 Mechanical Products 2026 R1 
 Mechanical Products 2026 R1.01  
 Mechanical Products 2026 R1.02  
 Motion 2026 R1  
 Motion 2026 R1.01   
 Motion 2026 R1.02   
 RBF Morph 2026 R1   
 RBF Morph 2026 R1.01
 RBF Morph 2026 R1.02
 Sherlock 2026 R1
 Sherlock 2026 R1.01 
 Sherlock 2026 R1.02 
 Sound - SAS 2026 R1 
 Sound - SAS 2026 R1.01  
 Sound - SAS 2026 R1.02  
 ACIS Geometry Interface 2026 R1 
 ACIS Geometry Interface 2026 R1.01  
 ACIS Geometry Interface 2026 R1.02  
 AutoCAD Geometry Interface 2026 R1  
 AutoCAD Geometry Interface 2026 R1.01   
 AutoCAD Geometry Interface 2026 R1.02   
 Catia, Version 4 Geometry Interface 2026 R1 
 Catia, Version 4 Geometry Interface 2026 R1.01  
 Catia, Version 4 Geometry Interface 2026 R1.02  
 Catia, Version 5 Geometry Interface 2026 R1 
 Catia, Version 5 Geometry Interface 2026 R1.01  
 Catia, Version 5 Geometry Interface 2026 R1.02  
 Catia, Version 6 Geometry Interface 2026 R1 
 Catia, Version 6 Geometry Interface 2026 R1.01  
 Catia, Version 6 Geometry Interface 2026 R1.02  
 Creo Elements/Direct Modeling Geometry Interface 2026 R1
 Creo Elements/Direct Modeling Geometry Interface 2026 R1.01 
 Creo Elements/Direct Modeling Geometry Interface 2026 R1.02 
 Creo Parametric Geometry Interface 2026 R1  
 Creo Parametric Geometry Interface 2026 R1.01   
 Creo Parametric Geometry Interface 2026 R1.02   
 Inventor Geometry Interface 2026 R1 
 Inventor Geometry Interface 2026 R1.01  
 Inventor Geometry Interface 2026 R1.02  
 JTOpen Geometry Interface 2026 R1   
 JTOpen Geometry Interface 2026 R1.01
 JTOpen Geometry Interface 2026 R1.02
 NX Geometry Interface 2026 R1   
 NX Geometry Interface 2026 R1.01
 NX Geometry Interface 2026 R1.02
 Parasolid Geometry Interface  2026 R1   
 Parasolid Geometry Interface  2026 R1.01
 Parasolid Geometry Interface  2026 R1.02
 Solid Edge Geometry Interface 2026 R1   
 Solid Edge Geometry Interface 2026 R1.01
 Solid Edge Geometry Interface 2026 R1.02
 SOLIDWORKS Geometry Interface 2026 R1   
 SOLIDWORKS Geometry Interface 2026 R1.01
 SOLIDWORKS Geometry Interface 2026 R1.02


          *****  MAPDL COMMAND LINE ARGUMENTS  *****
  BATCH MODE REQUESTED (-b)    = NOLIST
  INPUT FILE COPY MODE (-c)    = COPY
  DISTRIBUTED MEMORY PARALLEL REQUESTED
      12 PARALLEL PROCESSES REQUESTED WITH SINGLE THREAD PER PROCESS
    TOTAL OF    12 CORES REQUESTED
  INPUT FILE NAME              = Z:\Developer\MIT_Rkt_Team\2026-7\MIT-RT-26_27-Work\simulation_work\avionics\powerboardsim\1\_ProjectScratch\Scr5406\dummy.dat
  OUTPUT FILE NAME             = Z:\Developer\MIT_Rkt_Team\2026-7\MIT-RT-26_27-Work\simulation_work\avionics\powerboardsim\1\_ProjectScratch\Scr5406\solve.out
  START-UP FILE MODE           = NOREAD
  STOP FILE MODE               = NOREAD

 RELEASE= 2026 R1.02           BUILD= 26.1      UP20260202   VERSION=WINDOWS x64 
 CURRENT JOBNAME=file0  10:22:44  OCT 05, 2026  Elapsed Time=       0.172


 PARAMETER _DS_PROGRESS =     999.0000000    

 /INPUT FILE= ds.dat  LINE=       0



 *** NOTE ***                            ELAPSED TIME =       7.270   TIME= 10:22:46
 The /CONFIG,NOELDB command is not valid in a distributed memory         
 parallel solution.  Command is ignored.                                 

 *GET  _WALLSTRT  FROM  ACTI  ITEM=TIME WALL  VALUE= 0.203168654E-02

 ASSIGN FILE RSTP TO file.rst                                                                                                                                                                                                                                                            

 *** NOTE ***                            ELAPSED TIME =       7.355   TIME= 10:22:46
 File= file.rst does not exist and will be created.                      

 *****  MAPDL SOLUTION ROUTINE  *****

 CONTACT PAIR INFO IS WRITTEN TO FILE= file.cnm                                                                                                                                                                                                                                                            


 PERFORM A STATIC ANALYSIS
  RESTART WILL BE PERFORMED FOR THE ANALYSIS OF LINEAR PERTURBATION
  RESTART WILL BE PERFORMED BASED ON: 
   PREVIOUS LOADSTEP =      2 SUBSTEP =      4

 RESUME ANSYS DATA FROM FILE NAME=file.rdb                                                                                                                                                                                                                                                            
     DO NOT PLOT ANYTHING

 *** MAPDL GLOBAL STATUS *** 

 TITLE = powerboardsim_v1--BOLT750 - preload then locked length (B5)           
 ANALYSIS TYPE =  STATIC (STEADY-STATE)
       646 ELEM TYPES DEFINED    MAX ELEM TYPE NUMBER =           651
    248516 ELEMENTS DEFINED      MAX ELEMENT NUMBER =          341323
    369590 NODES DEFINED         MAX NODE NUMBER =             379902
       208 MATERIALS DEFINED     MAX MATERIAL NUMBER =            208
       426 REAL CONSTS DEFINED   MAX REAL CONST NUMBER =          651
         6 SECTIONS DEFINED      MAX SECTION NUMBER =             649
         6 COORD SYS DEFINED     MAX COORD SYS NUMBER =            17
     34989 CONSTRNT EQNS DEFINED MAX CONSTRNT EQN NUMBER =      52251
 
 ACTIVE COORDINATE SYSTEM             =          0  (CARTESIAN)
 NUMBER OF DEFINED NODAL CONSTRAINTS  =       2343
 NUMBER OF DEFINED NODAL LOADS        =          6
 NUMBER OF DEFINED COMPONENTS         =         20
 NUMBER OF DEFINED ELEM SURFACE LOADS =          0
 NUMBER OF DEFINED ELEM BODY LOADS    =          0
 NUMBER OF DEFINED NODE BODY FORCES   =          0
 CURRENT LOAD CASE =      0 OF      0
 LOAD SET   =       1
 SUBSTEP    =       1
 TIME/FREQ  =   0.20000    

 INITIAL JOBNAME = file0
 CURRENT JOBNAME = file0

 RESTART PROCEDURE RE-BUILDS BOUNDARY CONDITIONS
 AND LOADING INFO UPTO THE CURRENT LOADSTEP 

 READ ANSYS LOADS DATA FROM FILE= file.ldhi                                                                                                                                                                                                                                                           

 DELETE SOLID MODEL BOUNDARY CONDITIONS
 
 NUMBER OF NODAL CONSTRAINTS DELETED                       =      2343
 NUMBER OF NODAL FORCES DELETED                            =         6

 SET PARAMETER DIMENSIONS ON  _WB_PROJECTSCRATCH_DIR_MODAL
  TYPE=STRI  DIMENSIONS=      248        1        1

 PARAMETER _WB_PROJECTSCRATCH_DIR_MODAL(1) = Z:\Developer\MIT_Rkt_Team\2026-7\MIT-RT-26_27-Work\simulation_work\avionics\powerboardsim\1\_ProjectScratch\Scr5406\

 SET PARAMETER DIMENSIONS ON  _WB_SOLVERFILES_DIR_MODAL
  TYPE=STRI  DIMENSIONS=      248        1        1

 PARAMETER _WB_SOLVERFILES_DIR_MODAL(1) = Z:\Developer\MIT_Rkt_Team\2026-7\MIT-RT-26_27-Work\simulation_work\avionics\powerboardsim\1\powerboardsim_v1_files\dp0\SYS-4\MECH\

 SET PARAMETER DIMENSIONS ON  _WB_USERFILES_DIR_MODAL
  TYPE=STRI  DIMENSIONS=      248        1        1

 PARAMETER _WB_USERFILES_DIR_MODAL(1) = Z:\Developer\MIT_Rkt_Team\2026-7\MIT-RT-26_27-Work\simulation_work\avionics\powerboardsim\1\powerboardsim_v1_files\user_files\

 TITLE= 
 powerboardsim_v1--RANDOM VIBE - expanded prestressed modal basis (C5)         

  ACT Extensions:
      LSDYNA, 2026.1
      5f463412-bd3e-484b-87e7-cbc0a665e474, wbex
      ANSYSMotion, 2026.1
      20180725-3f81-49eb-9f31-41364844c769, wbex
      BoltTools, 2024.1
      e58f9c27-8401-45e5-83b8-72af00fdd1a2, wbex
      Sherlock_App, 2026.1
      22267810-43dd-444c-b69c-948d1736da5a, wbex

 PERTURB: Enabling perturbation analysis with prestressed modal solution.
 PERTURB: Enabling perturbation contact status remains the same as in restart step.
 PERTURB: Enabling perturbation to delete all boundary conditions except for constraints and temperatures and also put all non-zero displacement constraints to zero values.

 *****  MAPDL SOLVE    COMMAND  *****

 *** MAPDL - ENGINEERING ANALYSIS SYSTEM  RELEASE 2026 R1.02       26.1     ***
 Ansys Mechanical Enterprise Academic Research     
 01196637  VERSION=WINDOWS x64   10:22:48  OCT 05, 2026 Elapsed Time=      9.789

 powerboardsim_v1--RANDOM VIBE - expanded prestressed modal basis (C5)         



                       S O L U T I O N   O P T I O N S

   PROBLEM DIMENSIONALITY. . . . . . . . . . . . .3-D                  
   DEGREES OF FREEDOM. . . . . . UX   UY   UZ  
   ANALYSIS TYPE . . . . . . . . . . . . . . . . .STATIC (STEADY-STATE)
      RESTART. . . . . . . . . . . . . . . . . . .ON
   LINEAR PERTURBATION . . . . . . . . . . . . . .ON
   OFFSET TEMPERATURE FROM ABSOLUTE ZERO . . . . .  273.15    
   NONLINEAR GEOMETRIC EFFECTS . . . . . . . . . .ON
   STRESS-STIFFENING . . . . . . . . . . . . . . .ON

 *** WARNING ***                         ELAPSED TIME =       9.997   TIME= 10:22:49
 Material number 628 (used by element 330976) should normally have at    
 least one MP or one TB type command associated with it.  Output of      
 energy by material may not be available.                                

 *** NOTE ***                            ELAPSED TIME =      10.009   TIME= 10:22:49
 The step data was checked and warning messages were found.              
  Please review output or errors file (                                  
 Z:\Developer\MIT_Rkt_Team\2026-7\MIT-RT-26_27-Work\simulation_work\avio 
 nics\powerboardsim\1\_ProjectScratch\Scr5406\file0.err ) for these      
 warning messages.                                                       

 *** MAPDL - ENGINEERING ANALYSIS SYSTEM  RELEASE 2026 R1.02       26.1     ***
 Ansys Mechanical Enterprise Academic Research     
 01196637  VERSION=WINDOWS x64   10:22:58  OCT 05, 2026 Elapsed Time=     19.121

 powerboardsim_v1--RANDOM VIBE - expanded prestressed modal basis (C5)         



                      L O A D   S T E P   O P T I O N S

   SOLUTION TO BE PERTURBED CORRESPONDS TO
      TIME . . . . . . . . . . . . . . . . . . . .  2.0000    
      LOAD STEP. . . . . . . . . . . . . . . . . .     2
      SUBSTEP. . . . . . . . . . . . . . . . . . .     4

 *** NOTE ***                            ELAPSED TIME =      19.131   TIME= 10:22:58
 This SOLVE command is only used to generate the matrices needed to      
 perform the linear perturbation analysis.  The linear perturbation      
 analysis corresponds to time = 2 (load step = 2, substep = 4).  No      
 results are being written.                                              

 >>>> PRETENSION ELEMENT STATUS <<<<
 SECTION NAME     PT.NODE  --------STATUS--------------------  ----LOAD SOURCE----
   629             369771  FIXED RELATIVE MOTION=  0.0000      D COMMAND
   637             373773  FIXED RELATIVE MOTION=  0.0000      D COMMAND
   633             371772  FIXED RELATIVE MOTION=  0.0000      D COMMAND
   645             377775  FIXED RELATIVE MOTION=  0.0000      D COMMAND
   641             375774  FIXED RELATIVE MOTION=  0.0000      D COMMAND
   649             379776  FIXED RELATIVE MOTION=  0.0000      D COMMAND


 LINEAR PERTURBATION ANALYSIS PROCEDURE DELETES ALL
 BOUNDARY CONDITIONS EXCEPT CONSTRAINTS AND TEMPERATURES FROM DATABASE

 PARAMETER _THICKRATIO =    0.7210000000E-01

 THERMAL STRAINS ARE NOT INCLUDED IN THE LOAD VECTOR.


 USE SYM. BLOCK LANCZOS MODE EXTRACTION METHOD
  EXTRACT    60 MODES
  EXTRACT FREQUENCIES IN THE RANGE   1.0000     TO   4000.0    
  NORMALIZE THE MODE SHAPES TO THE MASS MATRIX

 ERASE THE CURRENT DATABASE OUTPUT CONTROL TABLE.


 WRITE ALL  ITEMS TO THE DATABASE WITH A FREQUENCY OF NONE
   FOR ALL APPLICABLE ENTITIES

 WRITE NSOL ITEMS TO THE DATABASE WITH A FREQUENCY OF ALL 
   FOR ALL APPLICABLE ENTITIES

 WRITE STRS ITEMS TO THE DATABASE WITH A FREQUENCY OF ALL 
   FOR ALL APPLICABLE ENTITIES

 WRITE EPEL ITEMS TO THE DATABASE WITH A FREQUENCY OF ALL 
   FOR ALL APPLICABLE ENTITIES

 WRITE EPPL ITEMS TO THE DATABASE WITH A FREQUENCY OF ALL 
   FOR ALL APPLICABLE ENTITIES

 WRITE RSOL ITEMS TO THE DATABASE WITH A FREQUENCY OF ALL 
   FOR ALL APPLICABLE ENTITIES

 WRITE NLOA ITEMS TO THE DATABASE WITH A FREQUENCY OF ALL 
   FOR ALL APPLICABLE ENTITIES


 EXPAND ALL EXTRACTED MODES
  CALCULATE ELEMENT RESULTS AND NODAL DOF SOLUTION
  USE SUPERPOSITION OF THE MODES IN ANY DOWNSTREAM MODE SUPERPOSITION EXPANSION PASS

 DO NOT COMBINE ELEMENT SAVE DATA FILES (.esav) AFTER DISTRIBUTED PARALLEL SOLUTION

 DO NOT COMBINE ELEMENT MATRIX FILES (.emat) AFTER DISTRIBUTED PARALLEL SOLUTION

 DO NOT COMBINE ASSEMBLED MATRIX FILES (.full) AFTER DISTRIBUTED PARALLEL SOLUTION

 PARAMETER _MECHOBJID =     4139.000000    

 PARAMETER _MECHANALYSISSTEP =     1.000000000    

 SET PARAMETER DIMENSIONS ON  _APDLBOLTCSIDS
  TYPE=ARRA  DIMENSIONS=        1        1        1

 *** WARNING ***                         ELAPSED TIME =      71.837   TIME= 10:23:50
 Parameter _APDLBOLTCSIDS already exists.  It is deleted and redefined   
 by the *DIM command.                                                    

 PARAMETER _APDLBOLTCSIDS(1) =     12.00000000    

 PARAMETER _BOLTZLOC =     0.000000000    

 PARAMETER _NUTWASHERZLOC =     0.000000000    

 PARAMETER _NUTZLOC =     0.000000000    

 PARAMETER PBINDEX =     1.000000000    

 PARAMETER PBBODY = PCB670_01_BODY  

 PARAMETER PBSHAFT = PCB670_01_SHAFT 

 PARAMETER PBHOLE = PCB670_01_HOLE  
 ****** Sending PCB_ExistingBolt_670N.xml at ASSEMBLY Level as Bolt ******

 PARAMETER PARTNAMEINASSEMBLY = Bolt    

 PARAMETER INPUTLEVEL = ASSEMBLY

 PARAMETER PARTFILENAME = PCB_ExistingBolt_670N.xml       

 PARAMETER PBLOAD =     750.0000000    

 *GET  PBANALYSIS  FROM  ACTI  ITEM=ANTY       VALUE=  2.00000000    

 *IF  PBAnalysis  ( =   2.00000     )  EQ  
      0  ( =   0.00000     )  THEN    

 *ENDIF

 SELECT ALL ENTITIES OF TYPE= ALL  AND BELOW
 Done Sending PCB_ExistingBolt_670N.xml at ASSEMBLY Level as Bolt

 PARAMETER _MECHOBJID =     4147.000000    

 PARAMETER _MECHANALYSISSTEP =     1.000000000    

 SET PARAMETER DIMENSIONS ON  _APDLBOLTCSIDS
  TYPE=ARRA  DIMENSIONS=        1        1        1

 *** WARNING ***                         ELAPSED TIME =      71.874   TIME= 10:23:50
 Parameter _APDLBOLTCSIDS already exists.  It is deleted and redefined   
 by the *DIM command.                                                    

 PARAMETER _APDLBOLTCSIDS(1) =     12.00000000    

 PARAMETER _BOLTZLOC =     0.000000000    

 PARAMETER _NUTWASHERZLOC =     0.000000000    

 PARAMETER _NUTZLOC =     0.000000000    

 PARAMETER PBINDEX =     2.000000000    

 PARAMETER PBBODY = PCB670_02_BODY  

 PARAMETER PBSHAFT = PCB670_02_SHAFT 

 PARAMETER PBHOLE = PCB670_02_HOLE  
 ****** Sending PCB_ExistingBolt_670N.xml at ASSEMBLY Level as Bolt ******

 PARAMETER PARTNAMEINASSEMBLY = Bolt    

 PARAMETER INPUTLEVEL = ASSEMBLY

 PARAMETER PARTFILENAME = PCB_ExistingBolt_670N.xml       

 PARAMETER PBLOAD =     750.0000000    

 *GET  PBANALYSIS  FROM  ACTI  ITEM=ANTY       VALUE=  2.00000000    

 *IF  PBAnalysis  ( =   2.00000     )  EQ  
      0  ( =   0.00000     )  THEN    

 *ENDIF

 SELECT ALL ENTITIES OF TYPE= ALL  AND BELOW
 Done Sending PCB_ExistingBolt_670N.xml at ASSEMBLY Level as Bolt

 PARAMETER _MECHOBJID =     4155.000000    

 PARAMETER _MECHANALYSISSTEP =     1.000000000    

 SET PARAMETER DIMENSIONS ON  _APDLBOLTCSIDS
  TYPE=ARRA  DIMENSIONS=        1        1        1

 *** WARNING ***                         ELAPSED TIME =      71.881   TIME= 10:23:50
 Parameter _APDLBOLTCSIDS already exists.  It is deleted and redefined   
 by the *DIM command.                                                    

 PARAMETER _APDLBOLTCSIDS(1) =     12.00000000    

 PARAMETER _BOLTZLOC =     0.000000000    

 PARAMETER _NUTWASHERZLOC =     0.000000000    

 PARAMETER _NUTZLOC =     0.000000000    

 PARAMETER PBINDEX =     3.000000000    

 PARAMETER PBBODY = PCB670_03_BODY  

 PARAMETER PBSHAFT = PCB670_03_SHAFT 

 PARAMETER PBHOLE = PCB670_03_HOLE  
 ****** Sending PCB_ExistingBolt_670N.xml at ASSEMBLY Level as Bolt ******

 PARAMETER PARTNAMEINASSEMBLY = Bolt    

 PARAMETER INPUTLEVEL = ASSEMBLY

 PARAMETER PARTFILENAME = PCB_ExistingBolt_670N.xml       

 PARAMETER PBLOAD =     750.0000000    

 *GET  PBANALYSIS  FROM  ACTI  ITEM=ANTY       VALUE=  2.00000000    

 *IF  PBAnalysis  ( =   2.00000     )  EQ  
      0  ( =   0.00000     )  THEN    

 *ENDIF

 SELECT ALL ENTITIES OF TYPE= ALL  AND BELOW
 Done Sending PCB_ExistingBolt_670N.xml at ASSEMBLY Level as Bolt

 PARAMETER _MECHOBJID =     4163.000000    

 PARAMETER _MECHANALYSISSTEP =     1.000000000    

 SET PARAMETER DIMENSIONS ON  _APDLBOLTCSIDS
  TYPE=ARRA  DIMENSIONS=        1        1        1

 *** WARNING ***                         ELAPSED TIME =      71.887   TIME= 10:23:50
 Parameter _APDLBOLTCSIDS already exists.  It is deleted and redefined   
 by the *DIM command.                                                    

 PARAMETER _APDLBOLTCSIDS(1) =     12.00000000    

 PARAMETER _BOLTZLOC =     0.000000000    

 PARAMETER _NUTWASHERZLOC =     0.000000000    

 PARAMETER _NUTZLOC =     0.000000000    

 PARAMETER PBINDEX =     4.000000000    

 PARAMETER PBBODY = PCB670_04_BODY  

 PARAMETER PBSHAFT = PCB670_04_SHAFT 

 PARAMETER PBHOLE = PCB670_04_HOLE  
 ****** Sending PCB_ExistingBolt_670N.xml at ASSEMBLY Level as Bolt ******

 PARAMETER PARTNAMEINASSEMBLY = Bolt    

 PARAMETER INPUTLEVEL = ASSEMBLY

 PARAMETER PARTFILENAME = PCB_ExistingBolt_670N.xml       

 PARAMETER PBLOAD =     750.0000000    

 *GET  PBANALYSIS  FROM  ACTI  ITEM=ANTY       VALUE=  2.00000000    

 *IF  PBAnalysis  ( =   2.00000     )  EQ  
      0  ( =   0.00000     )  THEN    

 *ENDIF

 SELECT ALL ENTITIES OF TYPE= ALL  AND BELOW
 Done Sending PCB_ExistingBolt_670N.xml at ASSEMBLY Level as Bolt

 PARAMETER _MECHOBJID =     4171.000000    

 PARAMETER _MECHANALYSISSTEP =     1.000000000    

 SET PARAMETER DIMENSIONS ON  _APDLBOLTCSIDS
  TYPE=ARRA  DIMENSIONS=        1        1        1

 *** WARNING ***                         ELAPSED TIME =      71.893   TIME= 10:23:50
 Parameter _APDLBOLTCSIDS already exists.  It is deleted and redefined   
 by the *DIM command.                                                    

 PARAMETER _APDLBOLTCSIDS(1) =     12.00000000    

 PARAMETER _BOLTZLOC =     0.000000000    

 PARAMETER _NUTWASHERZLOC =     0.000000000    

 PARAMETER _NUTZLOC =     0.000000000    

 PARAMETER PBINDEX =     5.000000000    

 PARAMETER PBBODY = PCB670_05_BODY  

 PARAMETER PBSHAFT = PCB670_05_SHAFT 

 PARAMETER PBHOLE = PCB670_05_HOLE  
 ****** Sending PCB_ExistingBolt_670N.xml at ASSEMBLY Level as Bolt ******

 PARAMETER PARTNAMEINASSEMBLY = Bolt    

 PARAMETER INPUTLEVEL = ASSEMBLY

 PARAMETER PARTFILENAME = PCB_ExistingBolt_670N.xml       

 PARAMETER PBLOAD =     750.0000000    

 *GET  PBANALYSIS  FROM  ACTI  ITEM=ANTY       VALUE=  2.00000000    

 *IF  PBAnalysis  ( =   2.00000     )  EQ  
      0  ( =   0.00000     )  THEN    

 *ENDIF

 SELECT ALL ENTITIES OF TYPE= ALL  AND BELOW
 Done Sending PCB_ExistingBolt_670N.xml at ASSEMBLY Level as Bolt

 PARAMETER _MECHOBJID =     4179.000000    

 PARAMETER _MECHANALYSISSTEP =     1.000000000    

 SET PARAMETER DIMENSIONS ON  _APDLBOLTCSIDS
  TYPE=ARRA  DIMENSIONS=        1        1        1

 *** WARNING ***                         ELAPSED TIME =      71.899   TIME= 10:23:50
 Parameter _APDLBOLTCSIDS already exists.  It is deleted and redefined   
 by the *DIM command.                                                    

 PARAMETER _APDLBOLTCSIDS(1) =     12.00000000    

 PARAMETER _BOLTZLOC =     0.000000000    

 PARAMETER _NUTWASHERZLOC =     0.000000000    

 PARAMETER _NUTZLOC =     0.000000000    

 PARAMETER PBINDEX =     6.000000000    

 PARAMETER PBBODY = PCB670_06_BODY  

 PARAMETER PBSHAFT = PCB670_06_SHAFT 

 PARAMETER PBHOLE = PCB670_06_HOLE  
 ****** Sending PCB_ExistingBolt_670N.xml at ASSEMBLY Level as Bolt ******

 PARAMETER PARTNAMEINASSEMBLY = Bolt    

 PARAMETER INPUTLEVEL = ASSEMBLY

 PARAMETER PARTFILENAME = PCB_ExistingBolt_670N.xml       

 PARAMETER PBLOAD =     750.0000000    

 *GET  PBANALYSIS  FROM  ACTI  ITEM=ANTY       VALUE=  2.00000000    

 *IF  PBAnalysis  ( =   2.00000     )  EQ  
      0  ( =   0.00000     )  THEN    

 *ENDIF

 SELECT ALL ENTITIES OF TYPE= ALL  AND BELOW
 Done Sending PCB_ExistingBolt_670N.xml at ASSEMBLY Level as Bolt

 *****  MAPDL SOLVE    COMMAND  *****

 *** WARNING ***                         ELAPSED TIME =      72.343   TIME= 10:23:51
 Element shape errors, if any, are currently shown as warnings only.     
 Issue SHPP,ON to restore shape error traps, if desired.                 

 *** WARNING ***                         ELAPSED TIME =      72.629   TIME= 10:23:51
 No shape testing has been performed on 115061 of the 248516 selected    
 elements.  To perform shape testing on these elements and see any       
 warning messages about the others, please issue the CHECK command.      

 *** NOTE ***                            ELAPSED TIME =      72.639   TIME= 10:23:51
 The model data was checked and warning messages were found.             
  Please review output or errors file (                                  
 Z:\Developer\MIT_Rkt_Team\2026-7\MIT-RT-26_27-Work\simulation_work\avio 
 nics\powerboardsim\1\_ProjectScratch\Scr5406\file0.err ) for these      
 warning messages.                                                       

 *** MAPDL - ENGINEERING ANALYSIS SYSTEM  RELEASE 2026 R1.02       26.1     ***
 Ansys Mechanical Enterprise Academic Research     
 01196637  VERSION=WINDOWS x64   10:23:52  OCT 05, 2026 Elapsed Time=     73.064

 powerboardsim_v1--RANDOM VIBE - expanded prestressed modal basis (C5)         



                       S O L U T I O N   O P T I O N S

   PROBLEM DIMENSIONALITY. . . . . . . . . . . . .3-D                  
   DEGREES OF FREEDOM. . . . . . UX   UY   UZ  
   ANALYSIS TYPE . . . . . . . . . . . . . . . . .MODAL                
      EXTRACTION METHOD. . . . . . . . . . . . . .BLOCK LANCZOS
   LINEAR PERTURBATION . . . . . . . . . . . . . .ON
   OFFSET TEMPERATURE FROM ABSOLUTE ZERO . . . . .  273.15    
   THERMAL EXPANSION . . . . . . . . . . . . . . .OFF
   PRESTRESS EFFECTS INCLUDED IF AVAILABLE . . . .YES
   NUMBER OF MODES TO EXTRACT. . . . . . . . . . .    60
   MODAL EXTRACTION RANGE. . . . . . . . . . . . .  1.0000     TO   4000.0    
   GLOBALLY ASSEMBLED MATRIX . . . . . . . . . . .SYMMETRIC  
   NUMBER OF MODES TO EXPAND . . . . . . . . . . .ALL
   ELEMENT RESULTS CALCULATION . . . . . . . . . .ON 

 *** NOTE ***                            ELAPSED TIME =      73.170   TIME= 10:23:52
 The initial memory allocation (-m) has been exceeded.                   
  Supplemental memory allocations are being used.                        

 *** WARNING ***                         ELAPSED TIME =      73.287   TIME= 10:23:52
 Material number 628 (used by element 330976) should normally have at    
 least one MP or one TB type command associated with it.  Output of      
 energy by material may not be available.                                

 *** NOTE ***                            ELAPSED TIME =      73.298   TIME= 10:23:52
 The step data was checked and warning messages were found.              
  Please review output or errors file (                                  
 Z:\Developer\MIT_Rkt_Team\2026-7\MIT-RT-26_27-Work\simulation_work\avio 
 nics\powerboardsim\1\_ProjectScratch\Scr5406\file0.err ) for these      
 warning messages.                                                       

                      L O A D   S T E P   O P T I O N S

   LOAD STEP NUMBER. . . . . . . . . . . . . . . .     1
   THERMAL STRAINS INCLUDED IN THE LOAD VECTOR . .    NO
   PRINT OUTPUT CONTROLS . . . . . . . . . . . . .NO PRINTOUT
   DATABASE OUTPUT CONTROLS
      ITEM     FREQUENCY   COMPONENT
       ALL       NONE               
      NSOL        ALL               
      STRS        ALL               
      EPEL        ALL               
      EPPL        ALL               
      RSOL        ALL               
      NLOA        ALL               


 *** WARNING ***                         ELAPSED TIME =      77.482   TIME= 10:23:56
 Brick element 2926 has a ratio of the determinants of the Jacobian      
 matrices of 31.75, which exceeds the warning limit of 30.  Midside      
 nodes, if any, may be poorly positioned.                                

 *** WARNING ***                         ELAPSED TIME =      77.483   TIME= 10:23:56
 Brick element 2929 has a ratio of the determinants of the Jacobian      
 matrices of 32.16, which exceeds the warning limit of 30.  Midside      
 nodes, if any, may be poorly positioned.                                

 *** WARNING ***                         ELAPSED TIME =      77.499   TIME= 10:23:56
 Brick element 6134 has a ratio of the determinants of the Jacobian      
 matrices of 38.5, which exceeds the warning limit of 30.  Midside       
 nodes, if any, may be poorly positioned.                                

 *** WARNING ***                         ELAPSED TIME =      77.500   TIME= 10:23:56
 Brick element 6137 has a ratio of the determinants of the Jacobian      
 matrices of 38.37, which exceeds the warning limit of 30.  Midside      
 nodes, if any, may be poorly positioned.                                

 *** WARNING ***                         ELAPSED TIME =      77.563   TIME= 10:23:56
 Tetrahedron element 8610 has an angle between adjacent edges of 167.2   
 degrees, which exceeds the warning limit of 165 degrees.                

 *** WARNING ***                         ELAPSED TIME =      77.564   TIME= 10:23:56
 Tetrahedron element 8613 has an aspect ratio of 22.15, which exceeds    
 the warning limit of 20.                                                

 *** WARNING ***                         ELAPSED TIME =      77.566   TIME= 10:23:56
 Tetrahedron element 8613 has an angle between adjacent edges of 169.5   
 degrees, which exceeds the warning limit of 165 degrees.                

 *** WARNING ***                         ELAPSED TIME =      77.567   TIME= 10:23:56
 Tetrahedron element 8615 has an aspect ratio of 22.59, which exceeds    
 the warning limit of 20.                                                

 *** WARNING ***                         ELAPSED TIME =      77.569   TIME= 10:23:56
 Tetrahedron element 8615 has an angle between adjacent edges of 169.1   
 degrees, which exceeds the warning limit of 165 degrees.                

 *** WARNING ***                         ELAPSED TIME =      77.571   TIME= 10:23:56
 Tetrahedron element 8617 has an aspect ratio of 21.58, which exceeds    
 the warning limit of 20.                                                

 *** WARNING ***                         ELAPSED TIME =      77.571   TIME= 10:23:56
 Tetrahedron element 8631 has an aspect ratio of 22.62, which exceeds    
 the warning limit of 20.                                                

 *** WARNING ***                         ELAPSED TIME =      77.572   TIME= 10:23:56
 Tetrahedron element 8631 has an angle between adjacent edges of 170.4   
 degrees, which exceeds the warning limit of 165 degrees.                

 *** WARNING ***                         ELAPSED TIME =      77.573   TIME= 10:23:56
 Tetrahedron element 8632 has an aspect ratio of 21.14, which exceeds    
 the warning limit of 20.                                                

 *** WARNING ***                         ELAPSED TIME =      77.574   TIME= 10:23:56
 Tetrahedron element 8633 has an aspect ratio of 21.11, which exceeds    
 the warning limit of 20.                                                

 *** WARNING ***                         ELAPSED TIME =      77.574   TIME= 10:23:56
 Tetrahedron element 8634 has an aspect ratio of 21.32, which exceeds    
 the warning limit of 20.                                                

 *** WARNING ***                         ELAPSED TIME =      77.577   TIME= 10:23:56
 Tetrahedron element 8635 has an aspect ratio of 21.08, which exceeds    
 the warning limit of 20.                                                

 *** WARNING ***                         ELAPSED TIME =      77.578   TIME= 10:23:56
 Tetrahedron element 8635 has an angle between adjacent edges of 167.1   
 degrees, which exceeds the warning limit of 165 degrees.                

 *** WARNING ***                         ELAPSED TIME =      77.579   TIME= 10:23:56
 Tetrahedron element 8637 has an aspect ratio of 20.76, which exceeds    
 the warning limit of 20.                                                

 *** WARNING ***                         ELAPSED TIME =      77.581   TIME= 10:23:56
 Tetrahedron element 8637 has an angle between adjacent edges of 169.8   
 degrees, which exceeds the warning limit of 165 degrees.                

 *** WARNING ***                         ELAPSED TIME =      77.582   TIME= 10:23:56
 Tetrahedron element 8638 has an aspect ratio of 38.88, which exceeds    
 the warning limit of 20.                                                

 *** WARNING ***                         ELAPSED TIME =      77.583   TIME= 10:23:56
 Tetrahedron element 8638 has an angle between adjacent edges of 172.7   
 degrees, which exceeds the warning limit of 165 degrees.                

 *** WARNING ***                         ELAPSED TIME =      77.586   TIME= 10:23:56
 Tetrahedron element 8640 has an aspect ratio of 24.03, which exceeds    
 the warning limit of 20.                                                

 *** WARNING ***                         ELAPSED TIME =      77.587   TIME= 10:23:56
 Tetrahedron element 8641 has an aspect ratio of 38.17, which exceeds    
 the warning limit of 20.                                                

 *** WARNING ***                         ELAPSED TIME =      77.588   TIME= 10:23:56
 Tetrahedron element 8641 has an angle between adjacent edges of 171     
 degrees, which exceeds the warning limit of 165 degrees.                

 *** WARNING ***                         ELAPSED TIME =      77.588   TIME= 10:23:56
 Tetrahedron element 8642 has an aspect ratio of 36.67, which exceeds    
 the warning limit of 20.                                                

 *** WARNING ***                         ELAPSED TIME =      77.590   TIME= 10:23:56
 Tetrahedron element 8642 has an angle between adjacent edges of 173.6   
 degrees, which exceeds the warning limit of 165 degrees.                

 *** WARNING ***                         ELAPSED TIME =      77.590   TIME= 10:23:56
 Tetrahedron element 8644 has an aspect ratio of 24.09, which exceeds    
 the warning limit of 20.                                                

 *** WARNING ***                         ELAPSED TIME =      77.591   TIME= 10:23:56
 Tetrahedron element 8644 has an angle between adjacent edges of 171     
 degrees, which exceeds the warning limit of 165 degrees.                

 *** WARNING ***                         ELAPSED TIME =      77.592   TIME= 10:23:56
 Tetrahedron element 8645 has an aspect ratio of 21.45, which exceeds    
 the warning limit of 20.                                                

 *** WARNING ***                         ELAPSED TIME =      77.592   TIME= 10:23:56
 Tetrahedron element 8645 has an angle between adjacent edges of 167.3   
 degrees, which exceeds the warning limit of 165 degrees.                

 *** WARNING ***                         ELAPSED TIME =      77.594   TIME= 10:23:56
 Tetrahedron element 8647 has an aspect ratio of 23.81, which exceeds    
 the warning limit of 20.                                                

 *** WARNING ***                         ELAPSED TIME =      77.595   TIME= 10:23:56
 Tetrahedron element 8647 has an angle between adjacent edges of 169.8   
 degrees, which exceeds the warning limit of 165 degrees.                

 *** WARNING ***                         ELAPSED TIME =      77.597   TIME= 10:23:56
 Tetrahedron element 8648 has an aspect ratio of 28.85, which exceeds    
 the warning limit of 20.                                                

 *** WARNING ***                         ELAPSED TIME =      77.597   TIME= 10:23:56
 Tetrahedron element 8648 has an angle between adjacent edges of 172.5   
 degrees, which exceeds the warning limit of 165 degrees.                

 *** WARNING ***                         ELAPSED TIME =      77.598   TIME= 10:23:56
 Tetrahedron element 8649 has an aspect ratio of 21.99, which exceeds    
 the warning limit of 20.                                                

 *** WARNING ***                         ELAPSED TIME =      77.603   TIME= 10:23:56
 Tetrahedron element 8649 has an angle between adjacent edges of 168.2   
 degrees, which exceeds the warning limit of 165 degrees.                

 *** WARNING ***                         ELAPSED TIME =      77.604   TIME= 10:23:56
 Tetrahedron element 8652 has an aspect ratio of 25.04, which exceeds    
 the warning limit of 20.                                                

 *** WARNING ***                         ELAPSED TIME =      77.605   TIME= 10:23:56
 Tetrahedron element 8652 has an angle between adjacent edges of 170.7   
 degrees, which exceeds the warning limit of 165 degrees.                

 *** WARNING ***                         ELAPSED TIME =      77.606   TIME= 10:23:56
 Tetrahedron element 8654 has an aspect ratio of 23.19, which exceeds    
 the warning limit of 20.                                                

 *** WARNING ***                         ELAPSED TIME =      77.607   TIME= 10:23:56
 Tetrahedron element 8655 has an aspect ratio of 27.17, which exceeds    
 the warning limit of 20.                                                

 *** WARNING ***                         ELAPSED TIME =      77.622   TIME= 10:23:56
 Tetrahedron element 8655 has an angle between adjacent edges of 172     
 degrees, which exceeds the warning limit of 165 degrees.                

 *** WARNING ***                         ELAPSED TIME =      77.655   TIME= 10:23:56
 Tetrahedron element 8656 has an aspect ratio of 63.89, which exceeds    
 the warning limit of 20.                                                

 *** WARNING ***                         ELAPSED TIME =      77.656   TIME= 10:23:56
 Tetrahedron element 8656 has an angle between adjacent edges of 173     
 degrees, which exceeds the warning limit of 165 degrees.                

 *** WARNING ***                         ELAPSED TIME =      77.659   TIME= 10:23:56
 Tetrahedron element 8657 has an aspect ratio of 22.67, which exceeds    
 the warning limit of 20.                                                

 *** WARNING ***                         ELAPSED TIME =      77.661   TIME= 10:23:56
 Tetrahedron element 8657 has an angle between adjacent edges of 170.7   
 degrees, which exceeds the warning limit of 165 degrees.                

 *** WARNING ***                         ELAPSED TIME =      77.662   TIME= 10:23:56
 Tetrahedron element 8658 has an aspect ratio of 22.48, which exceeds    
 the warning limit of 20.                                                

 *** WARNING ***                         ELAPSED TIME =      77.666   TIME= 10:23:56
 Tetrahedron element 8658 has an angle between adjacent edges of 170.4   
 degrees, which exceeds the warning limit of 165 degrees.                

 *** WARNING ***                         ELAPSED TIME =      77.667   TIME= 10:23:56
 Tetrahedron element 8660 has an aspect ratio of 73.36, which exceeds    
 the warning limit of 20.                                                

 *** WARNING ***                         ELAPSED TIME =      77.668   TIME= 10:23:56
 Tetrahedron element 8660 has an angle between adjacent edges of 175.9   
 degrees, which exceeds the warning limit of 165 degrees.                

 *** WARNING ***                         ELAPSED TIME =      77.670   TIME= 10:23:56
 Tetrahedron element 8662 has an aspect ratio of 78.78, which exceeds    
 the warning limit of 20.                                                

 *** WARNING ***                         ELAPSED TIME =      77.671   TIME= 10:23:56
 Tetrahedron element 8662 has an angle between adjacent edges of 174.2   
 degrees, which exceeds the warning limit of 165 degrees.                

 *** WARNING ***                         ELAPSED TIME =      77.672   TIME= 10:23:56
 Tetrahedron element 8663 has an aspect ratio of 45.56, which exceeds    
 the warning limit of 20.                                                

 *** WARNING ***                         ELAPSED TIME =      77.672   TIME= 10:23:56
 Tetrahedron element 8663 has an angle between adjacent edges of 173.3   
 degrees, which exceeds the warning limit of 165 degrees.                

 *** WARNING ***                         ELAPSED TIME =      77.673   TIME= 10:23:56
 Tetrahedron element 8664 has an aspect ratio of 54.91, which exceeds    
 the warning limit of 20.                                                

 *** WARNING ***                         ELAPSED TIME =      77.673   TIME= 10:23:56
 Tetrahedron element 8664 has an angle between adjacent edges of 173.4   
 degrees, which exceeds the warning limit of 165 degrees.                

 *** WARNING ***                         ELAPSED TIME =      77.674   TIME= 10:23:56
 Tetrahedron element 8665 has an aspect ratio of 37.78, which exceeds    
 the warning limit of 20.                                                

 *** WARNING ***                         ELAPSED TIME =      77.675   TIME= 10:23:56
 Tetrahedron element 8665 has an angle between adjacent edges of 169.5   
 degrees, which exceeds the warning limit of 165 degrees.                

 *** WARNING ***                         ELAPSED TIME =      77.677   TIME= 10:23:56
 Tetrahedron element 8667 has an aspect ratio of 27.9, which exceeds     
 the warning limit of 20.                                                

 *** WARNING ***                         ELAPSED TIME =      77.679   TIME= 10:23:56
 Tetrahedron element 8668 has an aspect ratio of 38.28, which exceeds    
 the warning limit of 20.                                                

 *** WARNING ***                         ELAPSED TIME =      77.679   TIME= 10:23:56
 Tetrahedron element 8668 has an angle between adjacent edges of 168.9   
 degrees, which exceeds the warning limit of 165 degrees.                

 *** WARNING ***                         ELAPSED TIME =      77.679   TIME= 10:23:56
 Tetrahedron element 8669 has an aspect ratio of 30.59, which exceeds    
 the warning limit of 20.                                                

 *** WARNING ***                         ELAPSED TIME =      77.680   TIME= 10:23:56
 Tetrahedron element 8671 has an aspect ratio of 33.85, which exceeds    
 the warning limit of 20.                                                

 *** WARNING ***                         ELAPSED TIME =      77.680   TIME= 10:23:56
 Tetrahedron element 8671 has an angle between adjacent edges of 166     
 degrees, which exceeds the warning limit of 165 degrees.                

 *** WARNING ***                         ELAPSED TIME =      77.681   TIME= 10:23:56
 Tetrahedron element 8672 has an aspect ratio of 33.53, which exceeds    
 the warning limit of 20.                                                

 *** WARNING ***                         ELAPSED TIME =      77.681   TIME= 10:23:56
 Tetrahedron element 8672 has an angle between adjacent edges of 165.7   
 degrees, which exceeds the warning limit of 165 degrees.                

 *** WARNING ***                         ELAPSED TIME =      77.682   TIME= 10:23:56
 Tetrahedron element 8674 has an aspect ratio of 47.98, which exceeds    
 the warning limit of 20.                                                

 *** WARNING ***                         ELAPSED TIME =      77.683   TIME= 10:23:56
 Tetrahedron element 8674 has an angle between adjacent edges of 174.8   
 degrees, which exceeds the warning limit of 165 degrees.                

 *** WARNING ***                         ELAPSED TIME =      77.683   TIME= 10:23:56
 Tetrahedron element 8675 has an aspect ratio of 47.53, which exceeds    
 the warning limit of 20.                                                

 *** WARNING ***                         ELAPSED TIME =      77.687   TIME= 10:23:56
 Tetrahedron element 8675 has an angle between adjacent edges of 172.2   
 degrees, which exceeds the warning limit of 165 degrees.                

 *** WARNING ***                         ELAPSED TIME =      77.688   TIME= 10:23:56
 Tetrahedron element 8677 has an aspect ratio of 25.5, which exceeds     
 the warning limit of 20.                                                

 *** WARNING ***                         ELAPSED TIME =      77.689   TIME= 10:23:56
 Tetrahedron element 8677 has an angle between adjacent edges of 168.4   
 degrees, which exceeds the warning limit of 165 degrees.                

 *** WARNING ***                         ELAPSED TIME =      77.690   TIME= 10:23:56
 Tetrahedron element 8678 has an aspect ratio of 24.42, which exceeds    
 the warning limit of 20.                                                

 *** WARNING ***                         ELAPSED TIME =      77.691   TIME= 10:23:56
 Tetrahedron element 8678 has an angle between adjacent edges of 170.7   
 degrees, which exceeds the warning limit of 165 degrees.                

 *** WARNING ***                         ELAPSED TIME =      77.692   TIME= 10:23:56
 Tetrahedron element 8680 has an aspect ratio of 27.99, which exceeds    
 the warning limit of 20.                                                

 *** WARNING ***                         ELAPSED TIME =      77.693   TIME= 10:23:56
 Tetrahedron element 8681 has an aspect ratio of 23.74, which exceeds    
 the warning limit of 20.                                                

 *** WARNING ***                         ELAPSED TIME =      77.694   TIME= 10:23:56
 Tetrahedron element 8681 has an angle between adjacent edges of 170.1   
 degrees, which exceeds the warning limit of 165 degrees.                

 *** WARNING ***                         ELAPSED TIME =      77.694   TIME= 10:23:56
 Tetrahedron element 8682 has an aspect ratio of 30.28, which exceeds    
 the warning limit of 20.                                                

 *** WARNING ***                         ELAPSED TIME =      77.695   TIME= 10:23:56
 Tetrahedron element 8682 has an angle between adjacent edges of 166.4   
 degrees, which exceeds the warning limit of 165 degrees.                

 *** WARNING ***                         ELAPSED TIME =      77.695   TIME= 10:23:56
 Tetrahedron element 8683 has an aspect ratio of 28.17, which exceeds    
 the warning limit of 20.                                                

 *** WARNING ***                         ELAPSED TIME =      77.696   TIME= 10:23:56
 Tetrahedron element 8683 has an angle between adjacent edges of 167.8   
 degrees, which exceeds the warning limit of 165 degrees.                

 *** WARNING ***                         ELAPSED TIME =      77.697   TIME= 10:23:56
 Tetrahedron element 8684 has an aspect ratio of 33.01, which exceeds    
 the warning limit of 20.                                                

 *** WARNING ***                         ELAPSED TIME =      77.697   TIME= 10:23:56
 Tetrahedron element 8684 has an angle between adjacent edges of 172.4   
 degrees, which exceeds the warning limit of 165 degrees.                

 *** WARNING ***                         ELAPSED TIME =      77.698   TIME= 10:23:56
 Tetrahedron element 8685 has an aspect ratio of 29.7, which exceeds     
 the warning limit of 20.                                                

 *** WARNING ***                         ELAPSED TIME =      77.698   TIME= 10:23:56
 Tetrahedron element 8685 has an angle between adjacent edges of 172.3   
 degrees, which exceeds the warning limit of 165 degrees.                

 *** WARNING ***                         ELAPSED TIME =      77.699   TIME= 10:23:56
 Tetrahedron element 8686 has an angle between adjacent edges of 165.1   
 degrees, which exceeds the warning limit of 165 degrees.                

 *** WARNING ***                         ELAPSED TIME =      77.699   TIME= 10:23:56
 Tetrahedron element 8687 has an aspect ratio of 25.49, which exceeds    
 the warning limit of 20.                                                

 *** WARNING ***                         ELAPSED TIME =      77.700   TIME= 10:23:56
 Tetrahedron element 8688 has an aspect ratio of 21.63, which exceeds    
 the warning limit of 20.                                                

 *** WARNING ***                         ELAPSED TIME =      77.700   TIME= 10:23:56
 Tetrahedron element 8689 has an aspect ratio of 24.43, which exceeds    
 the warning limit of 20.                                                

 *** WARNING ***                         ELAPSED TIME =      77.701   TIME= 10:23:56
 Tetrahedron element 8690 has an aspect ratio of 25.67, which exceeds    
 the warning limit of 20.                                                

 *** WARNING ***                         ELAPSED TIME =      77.702   TIME= 10:23:56
 Tetrahedron element 8691 has an angle between adjacent edges of 166.5   
 degrees, which exceeds the warning limit of 165 degrees.                

 *** WARNING ***                         ELAPSED TIME =      77.720   TIME= 10:23:56
 Tetrahedron element 8692 has an aspect ratio of 37.1, which exceeds     
 the warning limit of 20.                                                

 *** WARNING ***                         ELAPSED TIME =      77.722   TIME= 10:23:56
 Tetrahedron element 8692 has an angle between adjacent edges of 173.8   
 degrees, which exceeds the warning limit of 165 degrees.                

 *** WARNING ***                         ELAPSED TIME =      77.753   TIME= 10:23:56
 Tetrahedron element 8693 has an aspect ratio of 25.07, which exceeds    
 the warning limit of 20.                                                

 *** WARNING ***                         ELAPSED TIME =      77.754   TIME= 10:23:56
 Tetrahedron element 8694 has an aspect ratio of 27.84, which exceeds    
 the warning limit of 20.                                                

 *** WARNING ***                         ELAPSED TIME =      77.754   TIME= 10:23:56
 Tetrahedron element 8696 has an aspect ratio of 22.78, which exceeds    
 the warning limit of 20.                                                

 *** WARNING ***                         ELAPSED TIME =      77.754   TIME= 10:23:56
 Tetrahedron element 8698 has an aspect ratio of 39.71, which exceeds    
 the warning limit of 20.                                                

 *** WARNING ***                         ELAPSED TIME =      77.758   TIME= 10:23:56
 Tetrahedron element 8698 has an angle between adjacent edges of 172.8   
 degrees, which exceeds the warning limit of 165 degrees.                

 *** WARNING ***                         ELAPSED TIME =      77.759   TIME= 10:23:56
 Tetrahedron element 8701 has an aspect ratio of 23.63, which exceeds    
 the warning limit of 20.                                                

 *** WARNING ***                         ELAPSED TIME =      77.760   TIME= 10:23:56
 Tetrahedron element 8701 has an angle between adjacent edges of 169.7   
 degrees, which exceeds the warning limit of 165 degrees.                

 *** WARNING ***                         ELAPSED TIME =      77.761   TIME= 10:23:56
 Tetrahedron element 8702 has an aspect ratio of 24.66, which exceeds    
 the warning limit of 20.                                                

 *** WARNING ***                         ELAPSED TIME =      77.762   TIME= 10:23:56
 Tetrahedron element 8704 has an aspect ratio of 21.91, which exceeds    
 the warning limit of 20.                                                

 *** WARNING ***                         ELAPSED TIME =      77.763   TIME= 10:23:56
 Tetrahedron element 8705 has an angle between adjacent edges of 166.9   
 degrees, which exceeds the warning limit of 165 degrees.                

 *** WARNING ***                         ELAPSED TIME =      77.764   TIME= 10:23:56
 Tetrahedron element 8706 has an aspect ratio of 30.49, which exceeds    
 the warning limit of 20.                                                

 *** WARNING ***                         ELAPSED TIME =      77.765   TIME= 10:23:56
 Tetrahedron element 8706 has an angle between adjacent edges of 171.6   
 degrees, which exceeds the warning limit of 165 degrees.                

 *** WARNING ***                         ELAPSED TIME =      77.766   TIME= 10:23:56
 Tetrahedron element 8707 has an aspect ratio of 22.19, which exceeds    
 the warning limit of 20.                                                

 *** WARNING ***                         ELAPSED TIME =      77.766   TIME= 10:23:56
 Tetrahedron element 8711 has an aspect ratio of 29.35, which exceeds    
 the warning limit of 20.                                                

 *** WARNING ***                         ELAPSED TIME =      77.767   TIME= 10:23:56
 Tetrahedron element 8711 has an angle between adjacent edges of 171.1   
 degrees, which exceeds the warning limit of 165 degrees.                

 *** WARNING ***                         ELAPSED TIME =      77.769   TIME= 10:23:56
 Tetrahedron element 8713 has an aspect ratio of 29.79, which exceeds    
 the warning limit of 20.                                                

 *** WARNING ***                         ELAPSED TIME =      77.770   TIME= 10:23:56
 Tetrahedron element 8713 has an angle between adjacent edges of 172.6   
 degrees, which exceeds the warning limit of 165 degrees.                

 *** WARNING ***                         ELAPSED TIME =      77.771   TIME= 10:23:56
 Tetrahedron element 8714 has an aspect ratio of 21.96, which exceeds    
 the warning limit of 20.                                                

 *** WARNING ***                         ELAPSED TIME =      77.771   TIME= 10:23:56
 Tetrahedron element 8715 has an aspect ratio of 25.66, which exceeds    
 the warning limit of 20.                                                

 *** WARNING ***                         ELAPSED TIME =      77.772   TIME= 10:23:56
 Tetrahedron element 8716 has an aspect ratio of 24.01, which exceeds    
 the warning limit of 20.                                                

 *** WARNING ***                         ELAPSED TIME =      77.773   TIME= 10:23:56
 Tetrahedron element 8717 has an aspect ratio of 24.14, which exceeds    
 the warning limit of 20.                                                

 *** WARNING ***                         ELAPSED TIME =      77.774   TIME= 10:23:56
 Tetrahedron element 8718 has an aspect ratio of 22.31, which exceeds    
 the warning limit of 20.                                                

 *** WARNING ***                         ELAPSED TIME =      77.774   TIME= 10:23:56
 Tetrahedron element 8719 has an aspect ratio of 30.36, which exceeds    
 the warning limit of 20.                                                

 *** WARNING ***                         ELAPSED TIME =      77.775   TIME= 10:23:56
 Tetrahedron element 8719 has an angle between adjacent edges of 172.4   
 degrees, which exceeds the warning limit of 165 degrees.                

 *** WARNING ***                         ELAPSED TIME =      77.776   TIME= 10:23:56
 Tetrahedron element 8720 has an aspect ratio of 24.16, which exceeds    
 the warning limit of 20.                                                

 *** WARNING ***                         ELAPSED TIME =      77.776   TIME= 10:23:56
 Tetrahedron element 8721 has an aspect ratio of 51.19, which exceeds    
 the warning limit of 20.                                                

 *** WARNING ***                         ELAPSED TIME =      77.777   TIME= 10:23:56
 Tetrahedron element 8721 has an angle between adjacent edges of 170.2   
 degrees, which exceeds the warning limit of 165 degrees.                

 *** WARNING ***                         ELAPSED TIME =      77.779   TIME= 10:23:56
 Tetrahedron element 8722 has an aspect ratio of 51.64, which exceeds    
 the warning limit of 20.                                                

 *** WARNING ***                         ELAPSED TIME =      77.780   TIME= 10:23:56
 Tetrahedron element 8722 has an angle between adjacent edges of 166.1   
 degrees, which exceeds the warning limit of 165 degrees.                

 *** WARNING ***                         ELAPSED TIME =      77.781   TIME= 10:23:56
 Tetrahedron element 8723 has an aspect ratio of 24.49, which exceeds    
 the warning limit of 20.                                                

 *** WARNING ***                         ELAPSED TIME =      77.781   TIME= 10:23:56
 Tetrahedron element 8724 has an aspect ratio of 25.17, which exceeds    
 the warning limit of 20.                                                

 *** WARNING ***                         ELAPSED TIME =      77.782   TIME= 10:23:56
 Tetrahedron element 8725 has an angle between adjacent edges of 166.5   
 degrees, which exceeds the warning limit of 165 degrees.                

 *** WARNING ***                         ELAPSED TIME =      77.783   TIME= 10:23:56
 Tetrahedron element 8726 has an aspect ratio of 66.55, which exceeds    
 the warning limit of 20.                                                

 *** WARNING ***                         ELAPSED TIME =      77.783   TIME= 10:23:56
 Tetrahedron element 8726 has an angle between adjacent edges of 173.9   
 degrees, which exceeds the warning limit of 165 degrees.                

 *** WARNING ***                         ELAPSED TIME =      77.784   TIME= 10:23:56
 Tetrahedron element 8727 has an aspect ratio of 30.79, which exceeds    
 the warning limit of 20.                                                

 *** WARNING ***                         ELAPSED TIME =      77.785   TIME= 10:23:56
 Tetrahedron element 8728 has an aspect ratio of 62.4, which exceeds     
 the warning limit of 20.                                                

 *** WARNING ***                         ELAPSED TIME =      77.786   TIME= 10:23:56
 Tetrahedron element 8729 has an aspect ratio of 74.25, which exceeds    
 the warning limit of 20.                                                

 *** WARNING ***                         ELAPSED TIME =      77.787   TIME= 10:23:56
 Tetrahedron element 8730 has an aspect ratio of 74.26, which exceeds    
 the warning limit of 20.                                                

 *** WARNING ***                         ELAPSED TIME =      77.788   TIME= 10:23:56
 Tetrahedron element 8731 has an aspect ratio of 90.98, which exceeds    
 the warning limit of 20.                                                

 *** WARNING ***                         ELAPSED TIME =      77.789   TIME= 10:23:56
 Tetrahedron element 8731 has an angle between adjacent edges of 167.6   
 degrees, which exceeds the warning limit of 165 degrees.                

 *** WARNING ***                         ELAPSED TIME =      77.789   TIME= 10:23:56
 Tetrahedron element 8732 has an aspect ratio of 35.35, which exceeds    
 the warning limit of 20.                                                

 *** WARNING ***                         ELAPSED TIME =      77.790   TIME= 10:23:56
 Tetrahedron element 8733 has an aspect ratio of 26.2, which exceeds     
 the warning limit of 20.                                                

 *** WARNING ***                         ELAPSED TIME =      77.792   TIME= 10:23:56
 Tetrahedron element 8733 has an angle between adjacent edges of 169.2   
 degrees, which exceeds the warning limit of 165 degrees.                

 *** WARNING ***                         ELAPSED TIME =      77.793   TIME= 10:23:56
 Tetrahedron element 8734 has an aspect ratio of 21.29, which exceeds    
 the warning limit of 20.                                                

 *** WARNING ***                         ELAPSED TIME =      77.797   TIME= 10:23:56
 Tetrahedron element 8735 has an aspect ratio of 30.59, which exceeds    
 the warning limit of 20.                                                

 *** WARNING ***                         ELAPSED TIME =      77.798   TIME= 10:23:56
 Tetrahedron element 8736 has an aspect ratio of 24.98, which exceeds    
 the warning limit of 20.                                                

 *** WARNING ***                         ELAPSED TIME =      77.799   TIME= 10:23:56
 Tetrahedron element 8737 has an aspect ratio of 38.1, which exceeds     
 the warning limit of 20.                                                

 *** WARNING ***                         ELAPSED TIME =      77.800   TIME= 10:23:56
 Tetrahedron element 8738 has an aspect ratio of 34.85, which exceeds    
 the warning limit of 20.                                                

 *** WARNING ***                         ELAPSED TIME =      77.802   TIME= 10:23:56
 Tetrahedron element 8738 has an angle between adjacent edges of 170.6   
 degrees, which exceeds the warning limit of 165 degrees.                

 *** WARNING ***                         ELAPSED TIME =      77.844   TIME= 10:23:56
 Tetrahedron element 8739 has an aspect ratio of 23.77, which exceeds    
 the warning limit of 20.                                                

 *** WARNING ***                         ELAPSED TIME =      77.845   TIME= 10:23:56
 Tetrahedron element 8740 has an aspect ratio of 38.23, which exceeds    
 the warning limit of 20.                                                

 *** WARNING ***                         ELAPSED TIME =      77.845   TIME= 10:23:56
 Tetrahedron element 8740 has an angle between adjacent edges of 172.6   
 degrees, which exceeds the warning limit of 165 degrees.                

 *** WARNING ***                         ELAPSED TIME =      77.846   TIME= 10:23:56
 Tetrahedron element 8744 has an aspect ratio of 27.94, which exceeds    
 the warning limit of 20.                                                

 *** WARNING ***                         ELAPSED TIME =      77.848   TIME= 10:23:56
 Tetrahedron element 8745 has an aspect ratio of 26.6, which exceeds     
 the warning limit of 20.                                                

 *** WARNING ***                         ELAPSED TIME =      77.849   TIME= 10:23:56
 Tetrahedron element 8746 has an aspect ratio of 25.19, which exceeds    
 the warning limit of 20.                                                

 *** WARNING ***                         ELAPSED TIME =      77.849   TIME= 10:23:56
 Tetrahedron element 8747 has an aspect ratio of 55.84, which exceeds    
 the warning limit of 20.                                                

 *** WARNING ***                         ELAPSED TIME =      77.850   TIME= 10:23:56
 Tetrahedron element 8748 has an aspect ratio of 27.93, which exceeds    
 the warning limit of 20.                                                

 *** WARNING ***                         ELAPSED TIME =      77.850   TIME= 10:23:56
 Tetrahedron element 8749 has an aspect ratio of 34.9, which exceeds     
 the warning limit of 20.                                                

 *** WARNING ***                         ELAPSED TIME =      77.852   TIME= 10:23:56
 Tetrahedron element 8750 has an aspect ratio of 31.12, which exceeds    
 the warning limit of 20.                                                

 *** WARNING ***                         ELAPSED TIME =      77.852   TIME= 10:23:56
 Tetrahedron element 8751 has an aspect ratio of 22.71, which exceeds    
 the warning limit of 20.                                                

 *** WARNING ***                         ELAPSED TIME =      77.852   TIME= 10:23:56
 Tetrahedron element 8752 has an aspect ratio of 29.17, which exceeds    
 the warning limit of 20.                                                

 *** WARNING ***                         ELAPSED TIME =      77.853   TIME= 10:23:56
 Tetrahedron element 8752 has an angle between adjacent edges of 171.6   
 degrees, which exceeds the warning limit of 165 degrees.                

 *** WARNING ***                         ELAPSED TIME =      77.854   TIME= 10:23:56
 Tetrahedron element 8753 has an aspect ratio of 23.17, which exceeds    
 the warning limit of 20.                                                

 *** WARNING ***                         ELAPSED TIME =      77.854   TIME= 10:23:56
 Tetrahedron element 8753 has an angle between adjacent edges of 168.3   
 degrees, which exceeds the warning limit of 165 degrees.                

 *** WARNING ***                         ELAPSED TIME =      77.855   TIME= 10:23:56
 Tetrahedron element 8757 has an aspect ratio of 26.39, which exceeds    
 the warning limit of 20.                                                

 *** WARNING ***                         ELAPSED TIME =      77.856   TIME= 10:23:56
 Tetrahedron element 8758 has an aspect ratio of 39.79, which exceeds    
 the warning limit of 20.                                                

 *** WARNING ***                         ELAPSED TIME =      77.856   TIME= 10:23:56
 Tetrahedron element 8758 has an angle between adjacent edges of 173.5   
 degrees, which exceeds the warning limit of 165 degrees.                

 *** WARNING ***                         ELAPSED TIME =      77.857   TIME= 10:23:56
 Tetrahedron element 8759 has an aspect ratio of 25.89, which exceeds    
 the warning limit of 20.                                                

 *** WARNING ***                         ELAPSED TIME =      77.858   TIME= 10:23:56
 Tetrahedron element 8760 has an aspect ratio of 31.8, which exceeds     
 the warning limit of 20.                                                

 *** WARNING ***                         ELAPSED TIME =      77.858   TIME= 10:23:56
 Tetrahedron element 8761 has an aspect ratio of 22.58, which exceeds    
 the warning limit of 20.                                                

 *** WARNING ***                         ELAPSED TIME =      77.861   TIME= 10:23:56
 Tetrahedron element 8762 has an aspect ratio of 31.13, which exceeds    
 the warning limit of 20.                                                

 *** WARNING ***                         ELAPSED TIME =      77.861   TIME= 10:23:56
 Tetrahedron element 8763 has an aspect ratio of 24.09, which exceeds    
 the warning limit of 20.                                                

 *** WARNING ***                         ELAPSED TIME =      77.863   TIME= 10:23:56
 Tetrahedron element 8764 has an aspect ratio of 25.49, which exceeds    
 the warning limit of 20.                                                

 *** WARNING ***                         ELAPSED TIME =      77.863   TIME= 10:23:56
 Tetrahedron element 8765 has an aspect ratio of 36.8, which exceeds     
 the warning limit of 20.                                                

 *** WARNING ***                         ELAPSED TIME =      77.864   TIME= 10:23:56
 Tetrahedron element 8766 has an aspect ratio of 30.55, which exceeds    
 the warning limit of 20.                                                

 *** WARNING ***                         ELAPSED TIME =      77.864   TIME= 10:23:56
 Tetrahedron element 8767 has an aspect ratio of 25.42, which exceeds    
 the warning limit of 20.                                                

 *** WARNING ***                         ELAPSED TIME =      77.865   TIME= 10:23:56
 Tetrahedron element 8768 has an aspect ratio of 25.5, which exceeds     
 the warning limit of 20.                                                

 *** WARNING ***                         ELAPSED TIME =      77.865   TIME= 10:23:56
 Tetrahedron element 8769 has an aspect ratio of 35.06, which exceeds    
 the warning limit of 20.                                                

 *** WARNING ***                         ELAPSED TIME =      77.866   TIME= 10:23:56
 Tetrahedron element 8770 has an aspect ratio of 35.26, which exceeds    
 the warning limit of 20.                                                

 *** WARNING ***                         ELAPSED TIME =      77.866   TIME= 10:23:56
 Tetrahedron element 8771 has an aspect ratio of 36.77, which exceeds    
 the warning limit of 20.                                                

 *** WARNING ***                         ELAPSED TIME =      77.867   TIME= 10:23:56
 Tetrahedron element 8772 has an aspect ratio of 36.8, which exceeds     
 the warning limit of 20.                                                

 *** WARNING ***                         ELAPSED TIME =      77.868   TIME= 10:23:56
 Tetrahedron element 8773 has an aspect ratio of 37.29, which exceeds    
 the warning limit of 20.                                                

 *** WARNING ***                         ELAPSED TIME =      77.869   TIME= 10:23:56
 Tetrahedron element 8774 has an aspect ratio of 37.3, which exceeds     
 the warning limit of 20.                                                

 *** WARNING ***                         ELAPSED TIME =      77.870   TIME= 10:23:56
 Tetrahedron element 8775 has an aspect ratio of 47.74, which exceeds    
 the warning limit of 20.                                                

 *** WARNING ***                         ELAPSED TIME =      77.870   TIME= 10:23:56
 Tetrahedron element 8776 has an aspect ratio of 37.52, which exceeds    
 the warning limit of 20.                                                

 *** WARNING ***                         ELAPSED TIME =      77.871   TIME= 10:23:56
 Tetrahedron element 8777 has an aspect ratio of 27.01, which exceeds    
 the warning limit of 20.                                                

 *** WARNING ***                         ELAPSED TIME =      77.872   TIME= 10:23:56
 Tetrahedron element 8778 has an aspect ratio of 41.22, which exceeds    
 the warning limit of 20.                                                

 *** WARNING ***                         ELAPSED TIME =      77.873   TIME= 10:23:56
 Tetrahedron element 8778 has an angle between adjacent edges of 174.7   
 degrees, which exceeds the warning limit of 165 degrees.                

 *** WARNING ***                         ELAPSED TIME =      77.874   TIME= 10:23:56
 Tetrahedron element 8779 has an aspect ratio of 28.51, which exceeds    
 the warning limit of 20.                                                

 *** WARNING ***                         ELAPSED TIME =      77.875   TIME= 10:23:56
 Tetrahedron element 8780 has an aspect ratio of 43.61, which exceeds    
 the warning limit of 20.                                                

 *** WARNING ***                         ELAPSED TIME =      77.875   TIME= 10:23:56
 Tetrahedron element 8780 has an angle between adjacent edges of 175.1   
 degrees, which exceeds the warning limit of 165 degrees.                

 *** WARNING ***                         ELAPSED TIME =      77.877   TIME= 10:23:56
 Tetrahedron element 8781 has an aspect ratio of 40.14, which exceeds    
 the warning limit of 20.                                                

 *** WARNING ***                         ELAPSED TIME =      77.877   TIME= 10:23:56
 Tetrahedron element 8781 has an angle between adjacent edges of 170.4   
 degrees, which exceeds the warning limit of 165 degrees.                

 *** WARNING ***                         ELAPSED TIME =      77.878   TIME= 10:23:56
 Tetrahedron element 8782 has an aspect ratio of 30.5, which exceeds     
 the warning limit of 20.                                                

 *** WARNING ***                         ELAPSED TIME =      77.879   TIME= 10:23:56
 Tetrahedron element 8783 has an aspect ratio of 48.02, which exceeds    
 the warning limit of 20.                                                

 *** WARNING ***                         ELAPSED TIME =      77.880   TIME= 10:23:56
 Tetrahedron element 8784 has an aspect ratio of 62.4, which exceeds     
 the warning limit of 20.                                                

 *** WARNING ***                         ELAPSED TIME =      77.881   TIME= 10:23:56
 Tetrahedron element 8784 has an angle between adjacent edges of 169.9   
 degrees, which exceeds the warning limit of 165 degrees.                

 *** WARNING ***                         ELAPSED TIME =      77.883   TIME= 10:23:56
 Tetrahedron element 8785 has an aspect ratio of 52.16, which exceeds    
 the warning limit of 20.                                                

 *** WARNING ***                         ELAPSED TIME =      77.884   TIME= 10:23:56
 Tetrahedron element 8785 has an angle between adjacent edges of 166.7   
 degrees, which exceeds the warning limit of 165 degrees.                

 *** WARNING ***                         ELAPSED TIME =      77.885   TIME= 10:23:56
 Tetrahedron element 8786 has an aspect ratio of 45.38, which exceeds    
 the warning limit of 20.                                                

 *** WARNING ***                         ELAPSED TIME =      77.886   TIME= 10:23:56
 Tetrahedron element 8787 has an aspect ratio of 29.2, which exceeds     
 the warning limit of 20.                                                

 *** WARNING ***                         ELAPSED TIME =      77.887   TIME= 10:23:56
 Tetrahedron element 8788 has an aspect ratio of 23.03, which exceeds    
 the warning limit of 20.                                                

 *** WARNING ***                         ELAPSED TIME =      77.888   TIME= 10:23:56
 Tetrahedron element 8789 has an aspect ratio of 74.29, which exceeds    
 the warning limit of 20.                                                

 *** WARNING ***                         ELAPSED TIME =      77.888   TIME= 10:23:56
 Tetrahedron element 8790 has an aspect ratio of 35.47, which exceeds    
 the warning limit of 20.                                                

 *** WARNING ***                         ELAPSED TIME =      77.888   TIME= 10:23:56
 Tetrahedron element 8790 has an angle between adjacent edges of 173.8   
 degrees, which exceeds the warning limit of 165 degrees.                

 ************************************************************************
 The number of ERROR and WARNING messages exceeds 200.                   
 Additional messages suppressed.  See (                                  
 Z:\Developer\MIT_Rkt_Team\2026-7\MIT-RT-26_27-Work\simulation_work\avio 
 nics\powerboardsim\1\_ProjectScratch\Scr5406\file0.err ) for            
 suppressed messages.                                                    
 ************************************************************************

 ELEMENT GEOMETRY HAS BEEN UPDATED USING TOTAL
 DISPLACEMENTS FROM THE BASE ANALYSIS AT THE RESTART POINT.

 >>>> PRETENSION ELEMENT STATUS <<<<
 SECTION NAME     PT.NODE  --------STATUS--------------------  ----LOAD SOURCE----
   629             369771  FIXED RELATIVE MOTION=  0.0000
   637             373773  FIXED RELATIVE MOTION=  0.0000
   633             371772  FIXED RELATIVE MOTION=  0.0000
   645             377775  FIXED RELATIVE MOTION=  0.0000
   641             375774  FIXED RELATIVE MOTION=  0.0000
   649             379776  FIXED RELATIVE MOTION=  0.0000


                         ***********  PRECISE MASS SUMMARY  ***********

   TOTAL RIGID BODY MASS MATRIX ABOUT ORIGIN
               Translational mass               |   Coupled translational/rotational mass
        0.25182        0.0000        0.0000     |     0.0000      -0.18186E-02  -0.15108E-01
         0.0000       0.25182        0.0000     |    0.18186E-02    0.0000       0.89891E-02
         0.0000        0.0000       0.25182     |    0.15108E-01  -0.89891E-02    0.0000    
     ------------------------------------------ | ------------------------------------------
                                                |         Rotational mass (inertia)
                                                |    0.11412E-02  -0.54098E-03   0.61943E-04
                                                |   -0.54098E-03   0.44609E-03   0.11079E-03
                                                |    0.61943E-04   0.11079E-03   0.15286E-02

   TOTAL MASS = 0.25182    
     The mass principal axes coincide with the global Cartesian axes

   CENTER OF MASS (X,Y,Z)=   0.35696E-01   0.59993E-01  -0.72216E-02

   TOTAL INERTIA ABOUT CENTER OF MASS
        0.22170E-03  -0.17048E-05  -0.29717E-05
       -0.17048E-05   0.11208E-03   0.16886E-05
       -0.29717E-05   0.16886E-05   0.30137E-03

   PRINCIPAL INERTIAS =   0.22161E-03   0.11204E-03   0.30150E-03
   ORIENTATION VECTORS OF THE INERTIA PRINCIPAL AXES IN GLOBAL CARTESIAN
     ( 0.999,-0.015, 0.038) ( 0.015, 1.000,-0.009) (-0.037, 0.009, 0.999) 


  *** MASS SUMMARY BY ELEMENT TYPE ***

  TYPE      MASS
     1  0.638749E-06
     2  0.638750E-06
     3  0.108763E-02
     4  0.493159E-04
     5  0.638750E-06
     6  0.638749E-06
     7  0.493158E-04
     8  0.638750E-06
     9  0.638750E-06
    10  0.693504E-05
    11  0.180600E-04
    12  0.180600E-04
    13  0.638749E-06
    14  0.638749E-06
    15  0.638749E-06
    16  0.638749E-06
    17  0.127500E-05
    18  0.150500E-05
    19  0.638751E-06
    20  0.638750E-06
    21  0.108763E-02
    22  0.493158E-04
    23  0.493158E-04
    24  0.638750E-06
    25  0.638750E-06
    26  0.493159E-04
    27  0.493159E-04
    28  0.638750E-06
    29  0.165550E-05
    30  0.638751E-06
    31  0.638750E-06
    32  0.108763E-02
    33  0.493158E-04
    34  0.638750E-06
    35  0.638750E-06
    36  0.493159E-04
    37  0.638750E-06
    38  0.108763E-02
    39  0.165551E-05
    40  0.638751E-06
    41  0.638752E-06
    42  0.638751E-06
    43  0.638752E-06
    44  0.638751E-06
    45  0.638752E-06
    46  0.638753E-06
    47  0.638751E-06
    48  0.638752E-06
    49  0.638753E-06
    50  0.638752E-06
    51  0.638750E-06
    52  0.638749E-06
    53  0.638749E-06
    54  0.638749E-06
    55  0.638749E-06
    56  0.108763E-02
    57  0.493158E-04
    58  0.638750E-06
    59  0.638749E-06
    60  0.493158E-04
    61  0.638750E-06
    62  0.638751E-06
    63  0.638751E-06
    64  0.638751E-06
    65  0.638751E-06
    66  0.638751E-06
    67  0.493159E-04
    68  0.638751E-06
    69  0.638751E-06
    70  0.493158E-04
    71  0.638751E-06
    72  0.108763E-02
    73  0.638750E-06
    74  0.638750E-06
    75  0.210240E-05
    76  0.705020E-04
    77  0.210240E-05
    78  0.210240E-05
    79  0.210240E-05
    80  0.583200E-04
    81  0.841428E-04
    82  0.841430E-04
    83  0.210240E-05
    84  0.210240E-05
    85  0.139172E-04
    86  0.208080E-04
    87  0.139172E-04
    88  0.207935E-04
    89  0.139172E-04
    90  0.139173E-04
    91  0.146880E-04
    92  0.324904E-04
    93  0.248831E-04
    94  0.139172E-04
    95  0.146880E-04
    96  0.248834E-04
    97  0.139172E-04
    98  0.208081E-04
    99  0.200880E-02
   100  0.830879E-02
   101  0.423386E-02
   102  0.562937E-02
   103  0.339231E-02
   104  0.339231E-02
   105  0.283865E-02
   106  0.130894E-02
   107  0.489892E-04
   108  0.130894E-02
   109  0.130894E-02
   110  0.283865E-02
   111  0.166616E-04
   112  0.921854E-05
   113  0.748583E-04
   114  0.209386E-04
   115  0.485888E-04
   116  0.638750E-06
   117  0.638750E-06
   118  0.638749E-06
   119  0.638749E-06
   120  0.485888E-04
   121  0.638748E-06
   122  0.638750E-06
   123  0.638749E-06
   124  0.638748E-06
   125  0.638749E-06
   126  0.638748E-06
   127  0.638750E-06
   128  0.638750E-06
   129  0.485889E-04
   130  0.638750E-06
   131  0.638750E-06
   132  0.638750E-06
   133  0.638750E-06
   134  0.638750E-06
   135  0.485888E-04
   136  0.638750E-06
   137  0.638750E-06
   138  0.638750E-06
   139  0.638750E-06
   140  0.638750E-06
   141  0.638750E-06
   142  0.638753E-06
   143  0.638751E-06
   144  0.638751E-06
   145  0.530739E-04
   146  0.638752E-06
   147  0.638751E-06
   148  0.638751E-06
   149  0.638752E-06
   150  0.638753E-06
   151  0.638751E-06
   152  0.638752E-06
   153  0.638751E-06
   154  0.638751E-06
   155  0.485889E-04
   156  0.638749E-06
   157  0.638749E-06
   158  0.638749E-06
   159  0.638749E-06
   160  0.485888E-04
   161  0.638750E-06
   162  0.638749E-06
   163  0.638749E-06
   164  0.638751E-06
   165  0.638751E-06
   166  0.485889E-04
   167  0.638749E-06
   168  0.638751E-06
   169  0.638751E-06
   170  0.638750E-06
   171  0.138600E-04
   172  0.739058E-04
   173  0.109551E-02
   174  0.615316E-03
   175  0.138425E-03
   176  0.553788E-01
   177  0.138451E-03
   178  0.109551E-02
   179  0.615308E-03
   180  0.615316E-03
   181  0.109551E-02
   182  0.109551E-02
   183  0.109551E-02
   184  0.138424E-03
   185  0.138424E-03
   186  0.615319E-03
   187  0.553772E-01
   188  0.138430E-03
   189  0.615313E-03
   190  0.138424E-03
   191  0.553784E-01
   192  0.109551E-02
   193  0.615313E-03
   194  0.528164E-03
   195  0.528163E-03
   196  0.528166E-03
   197  0.528170E-03
   198  0.528179E-03
   199  0.528175E-03
   200  0.108948E-02
   201  0.108480E-02
   202  0.108839E-02
   203  0.109309E-02
   204  0.109266E-02
   205  0.108676E-02
   206  0.108500E-02
   207  0.109089E-02
   208  0.176971E-01

  BLOCK LANCZOS CALCULATION OF UP TO    60 EIGENVECTORS.
  NUMBER OF EQUATIONS              =      1071426
  MAXIMUM WAVEFRONT                =         2121
  MAXIMUM MODES STORED             =           60
  MINIMUM EIGENVALUE               =  0.10000E+01
  MAXIMUM EIGENVALUE               =  0.40000E+04



  Memory allocated on only this MPI rank (rank     0)
  -------------------------------------------------------------------
  Equation solver memory allocated                     =   803.225 MB
  Equation solver memory required for in-core mode     =   765.301 MB
  Equation solver memory required for out-of-core mode =   301.520 MB
  Total (solver and non-solver) memory allocated       =  4198.553 MB


  Total memory summed across all MPI ranks on this machines
  -------------------------------------------------------------------
  Equation solver memory allocated                     =  9068.150 MB
  Equation solver memory required for in-core mode     =  8639.944 MB
  Equation solver memory required for out-of-core mode =  2823.682 MB
  Total (solver and non-solver) memory allocated       = 25851.998 MB

 *** NOTE ***                            ELAPSED TIME =     167.372   TIME= 10:25:26
 The Distributed Sparse Matrix Solver is currently running in the        
 in-core memory mode.  This memory mode uses the most amount of memory   
 in order to avoid using the hard drive as much as possible, which most  
 often results in the fastest solution time.  This mode is recommended   
 if enough physical memory is present to accommodate all of the solver   
 data.                                                                   

  Process memory required for in-core LANCZOS Workspace             =     567.251968 MB
  Process memory required for out-of-core LANCZOS Workspace         =     13.977188 MB

  Total   memory required for in-core LANCZOS Workspace             =     4.028960 GB
  Total   memory required for out-of-core LANCZOS Workspace         =     103.884155 MB

  Lanczos Memory Mode : INCORE


  >> Shift # 1 :  | | | | |                          : 38 Eigenvalues Converged


 *** MAPDL - ENGINEERING ANALYSIS SYSTEM  RELEASE 2026 R1.02       26.1     ***
 Ansys Mechanical Enterprise Academic Research     
 01196637  VERSION=WINDOWS x64   10:26:33  OCT 05, 2026 Elapsed Time=    234.927

 powerboardsim_v1--RANDOM VIBE - expanded prestressed modal basis (C5)         



 *** FREQUENCIES FROM BLOCK LANCZOS ITERATION ***

  MODE    FREQUENCY (HERTZ)      



   FREQUENCY RANGE REQUESTED=   1.00000       4000.00    
    1     485.9642682124    
    2     596.9636137822    
    3     645.4349432986    
    4     781.3503271598    
    5     820.2421728548    
    6     826.2959235207    
    7     1122.017799740    
    8     1139.111902285    
    9     1199.707847319    
   10     1366.075890278    
   11     1467.899918362    
   12     1714.133858359    
   13     1941.548283511    
   14     2003.039343132    
   15     2017.959246598    
   16     2135.663217659    
   17     2183.755233410    
   18     2212.559556246    
   19     2301.313886962    
   20     2364.179119658    
   21     2369.941314822    
   22     2537.213189820    
   23     2704.288004085    
   24     2874.955676104    
   25     2923.998301144    
   26     2950.882802718    
   27     3016.715110748    
   28     3201.732931356    
   29     3237.675736303    
   30     3368.526495395    
   31     3460.285133233    
   32     3551.454748707    
   33     3597.698898008    
   34     3654.569790487    
   35     3692.039734210    
   36     3775.151987008    
   37     3911.141681687    
   38     3986.074763480    

   *** ELEMENT RESULT CALCULATION TIMES
     TYPE    NUMBER     ENAME   TOTAL ELAPSED   AVG ELAPSED

        1         1  SOLID186          0.0005   0.000536625
        2         1  SOLID186          0.0003   0.000282500
        3         1  SOLID186          0.0007   0.000673708
        4         1  SOLID186          0.0004   0.000423458
        5         1  SOLID186          0.0003   0.000298000
        6         1  SOLID186          0.0003   0.000252708
        7         1  SOLID186          0.0004   0.000375708
        8         1  SOLID186          0.0003   0.000337250
        9         1  SOLID186          0.0004   0.000417833
       10         1  SOLID186          0.0003   0.000320750
       11         1  SOLID186          0.0004   0.000366583
       12         1  SOLID186          0.0003   0.000313208
       13         1  SOLID186          0.0004   0.000353167
       14         1  SOLID186          0.0004   0.000358458
       15         1  SOLID186          0.0009   0.000881958
       16         1  SOLID186          0.0003   0.000288000
       17         1  SOLID186          0.0004   0.000397000
       18         1  SOLID186          0.0016   0.001639292
       19         1  SOLID186          0.0004   0.000380250
       20         1  SOLID186          0.0003   0.000324708
       21         1  SOLID186          0.0014   0.001357750
       22         1  SOLID186          0.0003   0.000330708
       23         1  SOLID186          0.0004   0.000369542
       24         1  SOLID186          0.0003   0.000330458
       25         1  SOLID186          0.0005   0.000455208
       26         1  SOLID186          0.0004   0.000422625
       27         1  SOLID186          0.0003   0.000305458
       28         1  SOLID186          0.0005   0.000479792
       29         1  SOLID186          0.0005   0.000461792
       30         1  SOLID186          0.0003   0.000316750
       31         1  SOLID186          0.0003   0.000308708
       32         1  SOLID186          0.0003   0.000284208
       33         1  SOLID186          0.0005   0.000482958
       34         1  SOLID186          0.0003   0.000286417
       35         1  SOLID186          0.0003   0.000309417
       36         1  SOLID186          0.0006   0.000593875
       37         1  SOLID186          0.0003   0.000262667
       38         1  SOLID186          0.0004   0.000403542
       39         1  SOLID186          0.0005   0.000454042
       40         1  SOLID186          0.0003   0.000347292
       41         1  SOLID186          0.0002   0.000237833
       42         1  SOLID186          0.0003   0.000340833
       43         1  SOLID186          0.0013   0.001260750
       44         1  SOLID186          0.0003   0.000275708
       45         1  SOLID186          0.0005   0.000533917
       46         1  SOLID186          0.0003   0.000261167
       47         1  SOLID186          0.0003   0.000301250
       48         1  SOLID186          0.0003   0.000265792
       49         1  SOLID186          0.0003   0.000255917
       50         1  SOLID186          0.0004   0.000366042
       51         1  SOLID186          0.0003   0.000304792
       52         1  SOLID186          0.0003   0.000342208
       53         1  SOLID186          0.0003   0.000250708
       54         1  SOLID186          0.0004   0.000363542
       55         1  SOLID186          0.0007   0.000676083
       56         1  SOLID186          0.0003   0.000333875
       57         1  SOLID186          0.0003   0.000332625
       58         1  SOLID186          0.0006   0.000599500
       59         1  SOLID186          0.0003   0.000309875
       60         1  SOLID186          0.0004   0.000358833
       61         1  SOLID186          0.0002   0.000241458
       62         1  SOLID186          0.0003   0.000268875
       63         1  SOLID186          0.0004   0.000369542
       64         1  SOLID186          0.0004   0.000360167
       65         1  SOLID186          0.0004   0.000359042
       66         1  SOLID186          0.0003   0.000277833
       67         1  SOLID186          0.0003   0.000283875
       68         1  SOLID186          0.0003   0.000322458
       69         1  SOLID186          0.0004   0.000431833
       70         1  SOLID186          0.0003   0.000301917
       71         1  SOLID186          0.0003   0.000295417
       72         1  SOLID186          0.0004   0.000378250
       73         1  SOLID186          0.0006   0.000637542
       74         1  SOLID186          0.0003   0.000327875
       75         1  SOLID186          0.0025   0.002529125
       76         1  SOLID186          0.0010   0.000989750
       77         1  SOLID186          0.0004   0.000359125
       78         1  SOLID186          0.0009   0.000945875
       79         1  SOLID186          0.0003   0.000280042
       80         1  SOLID186          0.0002   0.000215458
       81         1  SOLID186          0.0003   0.000334542
       82         1  SOLID186          0.0006   0.000642833
       83         1  SOLID186          0.0003   0.000270250
       84         1  SOLID186          0.0003   0.000275792
       85         1  SOLID186          0.0004   0.000386042
       86         1  SOLID186          0.0003   0.000327417
       87         1  SOLID186          0.0003   0.000340958
       88         1  SOLID186          0.0003   0.000318042
       89         1  SOLID186          0.0004   0.000430750
       90         1  SOLID186          0.0008   0.000760375
       91         1  SOLID186          0.0005   0.000462500
       92         1  SOLID186          0.0003   0.000300625
       93         1  SOLID186          0.0004   0.000358875
       94         1  SOLID186          0.0004   0.000409417
       95         1  SOLID186          0.0095   0.009547542
       96         1  SOLID186          0.0003   0.000311000
       97         1  SOLID186          0.0003   0.000305667
       98         1  SOLID186          0.0003   0.000315667
       99         5  SOLID186          0.0023   0.000462542
      100         2  SOLID186          0.0027   0.001330729
      101         4  SOLID186          0.0024   0.000605198
      102         2  SOLID186          0.0010   0.000481125
      103         1  SOLID186          0.0003   0.000319458
      104         1  SOLID186          0.0005   0.000508167
      105         1  SOLID186          0.0005   0.000509333
      106         1  SOLID186          0.0003   0.000288208
      107         1  SOLID186          0.0003   0.000295792
      108         1  SOLID186          0.0003   0.000316167
      109         1  SOLID186          0.0003   0.000263417
      110         1  SOLID186          0.0006   0.000618250
      111         1  SOLID186          0.0003   0.000318625
      112         1  SOLID186          0.0003   0.000336833
      113         1  SOLID186          0.0003   0.000339750
      114         1  SOLID186          0.0003   0.000285833
      115         1  SOLID186          0.0003   0.000313958
      116         1  SOLID186          0.0028   0.002760917
      117         1  SOLID186          0.0003   0.000272667
      118         1  SOLID186          0.0012   0.001181667
      119         1  SOLID186          0.0005   0.000471083
      120         1  SOLID186          0.0003   0.000258958
      121         1  SOLID186          0.0002   0.000226292
      122         1  SOLID186          0.0015   0.001461250
      123         1  SOLID186          0.0006   0.000574417
      124         1  SOLID186          0.0003   0.000347000
      125         1  SOLID186          0.0004   0.000378167
      126         1  SOLID186          0.0004   0.000426208
      127         1  SOLID186          0.0004   0.000402500
      128         1  SOLID186          0.0008   0.000836000
      129         1  SOLID186          0.0003   0.000297875
      130         1  SOLID186          0.0003   0.000263875
      131         1  SOLID186          0.0013   0.001338792
      132         1  SOLID186          0.0002   0.000249458
      133         1  SOLID186          0.0004   0.000353667
      134         1  SOLID186          0.0025   0.002475917
      135         1  SOLID186          0.0006   0.000590625
      136         1  SOLID186          0.0003   0.000327375
      137         1  SOLID186          0.0023   0.002267333
      138         1  SOLID186          0.0004   0.000379417
      139         1  SOLID186          0.0003   0.000299208
      140         1  SOLID186          0.0003   0.000339333
      141         1  SOLID186          0.0003   0.000308333
      142         1  SOLID186          0.0019   0.001914250
      143         1  SOLID186          0.0009   0.000899208
      144         1  SOLID186          0.0002   0.000234708
      145         1  SOLID186          0.0003   0.000337083
      146         1  SOLID186          0.0004   0.000415458
      147         1  SOLID186          0.0003   0.000282958
      148         1  SOLID186          0.0005   0.000518958
      149         1  SOLID186          0.0004   0.000413708
      150         1  SOLID186          0.0002   0.000235750
      151         1  SOLID186          0.0003   0.000345917
      152         1  SOLID186          0.0003   0.000344625
      153         1  SOLID186          0.0003   0.000270750
      154         1  SOLID186          0.0004   0.000390458
      155         1  SOLID186          0.0003   0.000318000
      156         1  SOLID186          0.0004   0.000425375
      157         1  SOLID186          0.0002   0.000231333
      158         1  SOLID186          0.0003   0.000303792
      159         1  SOLID186          0.0003   0.000260208
      160         1  SOLID186          0.0004   0.000379875
      161         1  SOLID186          0.0026   0.002579375
      162         1  SOLID186          0.0004   0.000367875
      163         1  SOLID186          0.0004   0.000362833
      164         1  SOLID186          0.0003   0.000323083
      165         1  SOLID186          0.0004   0.000388667
      166         1  SOLID186          0.0003   0.000327042
      167         1  SOLID186          0.0002   0.000245667
      168         1  SOLID186          0.0003   0.000328375
      169         1  SOLID186          0.0003   0.000278708
      170         1  SOLID186          0.0002   0.000249500
      171         1  SOLID186          0.0005   0.000475875
      172         1  SOLID186          0.0002   0.000244875
      173      1372  SOLID186          0.7868   0.000573469
      174       372  SOLID187          0.0449   0.000120629
      175        60  SOLID187          0.0066   0.000109939
      176       744  SOLID187          0.1848   0.000248335
      177        60  SOLID187          0.0091   0.000152195
      178      1180  SOLID186          0.5918   0.000501501
      179       945  SOLID187          0.2023   0.000214109
      180       381  SOLID187          0.0560   0.000146930
      181      1264  SOLID186          0.9701   0.000767520
      182      1364  SOLID186          0.7367   0.000540085
      183      1124  SOLID186          0.7273   0.000647068
      184        60  SOLID187          0.0060   0.000099690
      185        60  SOLID187          0.0099   0.000164196
      186       370  SOLID187          0.0675   0.000182385
      187       711  SOLID187          0.1452   0.000204200
      188        63  SOLID187          0.0079   0.000124917
      189       386  SOLID187          0.0876   0.000227004
      190        60  SOLID187          0.0059   0.000098685
      191       732  SOLID187          0.1509   0.000206148
      192      1224  SOLID186          0.8468   0.000691802
      193       383  SOLID187          0.1351   0.000352637
      194      9124  SOLID187          2.0205   0.000221453
      195      9158  SOLID187          1.9926   0.000217582
      196      9214  SOLID187          1.9248   0.000208901
      197      8841  SOLID187          1.9383   0.000219238
      198      8984  SOLID187          1.9926   0.000221789
      199      9247  SOLID187          1.9202   0.000207655
      200       737  SOLID187          0.1411   0.000191384
      201       816  SOLID187          0.1656   0.000202966
      202       724  SOLID187          0.1309   0.000180869
      203       795  SOLID187          0.2397   0.000301491
      204       783  SOLID187          0.1444   0.000184480
      205       820  SOLID187          0.1967   0.000239858
      206       714  SOLID187          0.1601   0.000224282
      207       835  SOLID187          0.1788   0.000214085
      208     39014  SOLID186         23.6414   0.000605972
      209        20  CONTA174          0.0017   0.000086738
      211       399  CONTA174          0.0453   0.000113641
      213        47  CONTA174          0.0016   0.000034595
      215       351  CONTA174          0.0315   0.000089719
      217        20  CONTA174          0.0021   0.000106925
      219       339  CONTA174          0.0434   0.000128091
      221        49  CONTA174          0.0013   0.000025678
      223        19  CONTA174          0.0010   0.000052910
      225       365  CONTA174          0.0632   0.000173214
      227        20  CONTA174          0.0011   0.000052646
      229       370  CONTA174          0.0538   0.000145357
      231       100  CONTA174          0.0082   0.000081525
      233       399  CONTA174          0.0310   0.000077777
      235        20  CONTA174          0.0008   0.000042279
      237       337  CONTA174          0.0326   0.000096637
      239        20  CONTA174          0.0006   0.000028185
      241       352  CONTA174          0.0179   0.000050740
      243       349  CONTA174          0.0764   0.000219003
      245        44  CONTA174          0.0011   0.000024330
      247       314  CONTA174          0.0467   0.000148838
      249        48  CONTA174          0.0015   0.000031603
      251       364  CONTA174          0.0416   0.000114363
      253       357  CONTA174          0.0310   0.000086724
      255        47  CONTA174          0.0011   0.000024136
      257         1  CONTA174          0.0001   0.000053833
      259         1  CONTA174          0.0000   0.000034625
      261         1  CONTA174          0.0001   0.000056167
      263         1  CONTA174          0.0001   0.000100625
      265         1  CONTA174          0.0000   0.000024125
      267         1  CONTA174          0.0000   0.000016583
      269         1  CONTA174          0.0001   0.000068667
      271         1  CONTA174          0.0000   0.000034000
      273         1  CONTA174          0.0000   0.000030500
      275         1  CONTA174          0.0000   0.000045625
      277         1  CONTA174          0.0000   0.000020167
      279         1  CONTA174          0.0000   0.000010667
      281         1  CONTA174          0.0001   0.000059375
      283         1  CONTA174          0.0000   0.000022167
      285         1  CONTA174          0.0000   0.000046542
      287         1  CONTA174          0.0000   0.000017125
      289         1  CONTA174          0.0000   0.000024875
      291         1  CONTA174          0.0001   0.000098625
      293         1  CONTA174          0.0000   0.000018958
      295         1  CONTA174          0.0000   0.000039292
      297         1  CONTA174          0.0005   0.000473417
      299         1  CONTA174          0.0000   0.000034458
      301         1  CONTA174          0.0001   0.000074250
      303         1  CONTA174          0.0000   0.000015792
      305         1  CONTA174          0.0000   0.000026250
      307         1  CONTA174          0.0000   0.000011333
      309         1  CONTA174          0.0000   0.000017792
      311         1  CONTA174          0.0001   0.000084750
      313         1  CONTA174          0.0000   0.000034042
      315         1  CONTA174          0.0001   0.000093500
      317         1  CONTA174          0.0000   0.000018958
      319         1  CONTA174          0.0000   0.000014750
      321         1  CONTA174          0.0000   0.000038333
      323         1  CONTA174          0.0000   0.000026458
      325         1  CONTA174          0.0000   0.000020333
      327         1  CONTA174          0.0001   0.000067375
      329         1  CONTA174          0.0000   0.000021292
      331         1  CONTA174          0.0001   0.000073625
      333         1  CONTA174          0.0000   0.000020667
      335         1  CONTA174          0.0000   0.000016333
      337         1  CONTA174          0.0001   0.000115625
      339         1  CONTA174          0.0000   0.000023375
      341         1  CONTA174          0.0001   0.000137125
      343         1  CONTA174          0.0001   0.000054542
      345         1  CONTA174          0.0000   0.000030792
      347         1  CONTA174          0.0000   0.000020458
      349         1  CONTA174          0.0000   0.000017042
      351         1  CONTA174          0.0000   0.000021083
      353         1  CONTA174          0.0000   0.000018292
      355         1  CONTA174          0.0000   0.000011458
      357         1  CONTA174          0.0002   0.000185667
      359         1  CONTA174          0.0000   0.000014708
      361         1  CONTA174          0.0000   0.000013833
      363         1  CONTA174          0.0000   0.000022708
      365         1  CONTA174          0.0001   0.000086833
      367         1  CONTA174          0.0000   0.000025208
      369         1  CONTA174          0.0005   0.000543917
      371         1  CONTA174          0.0001   0.000052792
      373         1  CONTA174          0.0000   0.000018542
      375         1  CONTA174          0.0000   0.000015833
      377         1  CONTA174          0.0000   0.000017583
      379         1  CONTA174          0.0001   0.000082667
      381         1  CONTA174          0.0001   0.000138875
      383         1  CONTA174          0.0000   0.000026875
      385         1  CONTA174          0.0000   0.000020000
      387         1  CONTA174          0.0000   0.000016542
      389         1  CONTA174          0.0000   0.000019792
      391         1  CONTA174          0.0000   0.000022083
      393         1  CONTA174          0.0000   0.000015917
      395         1  CONTA174          0.0000   0.000025250
      397         1  CONTA174          0.0000   0.000024250
      399         1  CONTA174          0.0000   0.000017875
      401         1  CONTA174          0.0002   0.000180542
      403         1  CONTA174          0.0000   0.000021500
      405         1  CONTA174          0.0006   0.000635667
      407         1  CONTA174          0.0002   0.000188667
      409         1  CONTA174          0.0000   0.000021000
      411         1  CONTA174          0.0001   0.000060917
      413         1  CONTA174          0.0001   0.000067583
      415         1  CONTA174          0.0000   0.000015000
      417         1  CONTA174          0.0000   0.000027792
      419         1  CONTA174          0.0001   0.000056083
      421         1  CONTA174          0.0002   0.000185500
      423         1  CONTA174          0.0000   0.000012958
      425         1  CONTA174          0.0001   0.000096167
      427         1  CONTA174          0.0000   0.000020292
      429         1  CONTA174          0.0001   0.000075917
      431         1  CONTA174          0.0001   0.000067833
      433         1  CONTA174          0.0000   0.000012333
      435         1  CONTA174          0.0001   0.000069792
      437         1  CONTA174          0.0000   0.000018542
      439         1  CONTA174          0.0000   0.000016167
      441         1  CONTA174          0.0000   0.000016542
      443         1  CONTA174          0.0000   0.000037125
      445         1  CONTA174          0.0000   0.000027125
      447         1  CONTA174          0.0000   0.000017667
      449         1  CONTA174          0.0000   0.000017583
      451         1  CONTA174          0.0001   0.000058708
      453         5  CONTA174          0.0006   0.000118167
      455         2  CONTA174          0.0002   0.000085854
      457         4  CONTA174          0.0009   0.000232500
      459         2  CONTA174          0.0000   0.000022896
      461         1  CONTA174          0.0000   0.000014750
      463         1  CONTA174          0.0002   0.000163417
      465         1  CONTA174          0.0001   0.000055375
      467         1  CONTA174          0.0001   0.000068333
      469         1  CONTA174          0.0000   0.000038250
      471         1  CONTA174          0.0000   0.000016833
      473         1  CONTA174          0.0001   0.000057708
      475         1  CONTA174          0.0000   0.000026000
      477         1  CONTA174          0.0001   0.000059583
      479         1  CONTA174          0.0000   0.000031250
      481         1  CONTA174          0.0000   0.000028542
      483         1  CONTA174          0.0000   0.000017167
      485         1  CONTA174          0.0001   0.000053333
      487         1  CONTA174          0.0008   0.000808292
      489         1  CONTA174          0.0001   0.000069417
      491         1  CONTA174          0.0000   0.000035292
      493         1  CONTA174          0.0000   0.000015708
      495         1  CONTA174          0.0000   0.000020000
      497         1  CONTA174          0.0000   0.000038292
      499         1  CONTA174          0.0006   0.000584000
      501         1  CONTA174          0.0000   0.000038583
      503         1  CONTA174          0.0000   0.000036333
      505         1  CONTA174          0.0000   0.000027083
      507         1  CONTA174          0.0000   0.000032667
      509         1  CONTA174          0.0000   0.000013375
      511         1  CONTA174          0.0000   0.000037625
      513         1  CONTA174          0.0000   0.000032042
      515         1  CONTA174          0.0000   0.000041958
      517         1  CONTA174          0.0004   0.000382958
      519         1  CONTA174          0.0000   0.000013458
      521         1  CONTA174          0.0000   0.000013583
      523         1  CONTA174          0.0002   0.000203708
      525         1  CONTA174          0.0000   0.000040583
      527         1  CONTA174          0.0000   0.000012083
      529         1  CONTA174          0.0016   0.001568750
      531         1  CONTA174          0.0000   0.000027375
      533         1  CONTA174          0.0000   0.000027042
      535         1  CONTA174          0.0000   0.000018375
      537         1  CONTA174          0.0000   0.000022042
      539         1  CONTA174          0.0002   0.000246000
      541         1  CONTA174          0.0010   0.001019208
      543         1  CONTA174          0.0000   0.000013625
      545         1  CONTA174          0.0001   0.000117417
      547         1  CONTA174          0.0001   0.000087583
      549         1  CONTA174          0.0001   0.000076167
      551         1  CONTA174          0.0000   0.000030375
      553         1  CONTA174          0.0001   0.000085167
      555         1  CONTA174          0.0001   0.000065750
      557         1  CONTA174          0.0000   0.000021250
      559         1  CONTA174          0.0000   0.000021208
      561         1  CONTA174          0.0000   0.000022417
      563         1  CONTA174          0.0000   0.000048083
      565         1  CONTA174          0.0000   0.000021667
      567         1  CONTA174          0.0003   0.000257958
      569         1  CONTA174          0.0000   0.000016292
      571         1  CONTA174          0.0000   0.000017708
      573         1  CONTA174          0.0001   0.000100125
      575         1  CONTA174          0.0001   0.000058417
      577         1  CONTA174          0.0010   0.000961542
      579         1  CONTA174          0.0000   0.000029083
      581         1  CONTA174          0.0001   0.000075833
      583         1  CONTA174          0.0000   0.000017708
      585         1  CONTA174          0.0000   0.000017292
      587         1  CONTA174          0.0001   0.000122042
      589         1  CONTA174          0.0000   0.000023917
      591         1  CONTA174          0.0000   0.000022167
      593         1  CONTA174          0.0000   0.000033833
      595         1  CONTA174          0.0000   0.000023917
      597         1  CONTA174          0.0000   0.000028292
      599         1  CONTA174          0.0001   0.000069875
      601        48  CONTA174          0.0023   0.000047331
      603        40  CONTA174          0.0045   0.000111610
      605        48  CONTA174          0.0046   0.000095102
      607        48  CONTA174          0.0020   0.000041416
      609        40  CONTA174          0.0021   0.000052980
      611        48  CONTA174          0.0027   0.000055911
      613        48  CONTA174          0.0036   0.000075290
      615        48  CONTA174          0.0038   0.000078861
      617       295  CONTA174          0.1320   0.000447506
      619       343  CONTA174          0.1589   0.000463203
      621       281  CONTA174          0.1443   0.000513601
      623       341  CONTA174          0.1459   0.000427745
      625       306  CONTA174          0.1555   0.000508233
      627       316  CONTA174          0.1384   0.000438086
      631        32  CONTA174          0.0018   0.000056303
      635        32  CONTA174          0.0012   0.000036026
      639        32  CONTA174          0.0014   0.000042219
      643        32  CONTA174          0.0014   0.000042975
      647        32  CONTA174          0.0020   0.000060970
      651        32  CONTA174          0.0011   0.000033930

   *** NODAL LOAD CALCULATION TIMES
     TYPE    NUMBER     ENAME   TOTAL ELAPSED   AVG ELAPSED

        1         1  SOLID186          0.0000   0.000017667
        2         1  SOLID186          0.0000   0.000004917
        3         1  SOLID186          0.0000   0.000005292
        4         1  SOLID186          0.0000   0.000006458
        5         1  SOLID186          0.0000   0.000005250
        6         1  SOLID186          0.0000   0.000003875
        7         1  SOLID186          0.0000   0.000007167
        8         1  SOLID186          0.0000   0.000005667
        9         1  SOLID186          0.0000   0.000010167
       10         1  SOLID186          0.0000   0.000005167
       11         1  SOLID186          0.0000   0.000004875
       12         1  SOLID186          0.0000   0.000009625
       13         1  SOLID186          0.0000   0.000009208
       14         1  SOLID186          0.0000   0.000004917
       15         1  SOLID186          0.0000   0.000010250
       16         1  SOLID186          0.0000   0.000004833
       17         1  SOLID186          0.0000   0.000020792
       18         1  SOLID186          0.0000   0.000023042
       19         1  SOLID186          0.0000   0.000006250
       20         1  SOLID186          0.0000   0.000006750
       21         1  SOLID186          0.0005   0.000548833
       22         1  SOLID186          0.0000   0.000005542
       23         1  SOLID186          0.0000   0.000011542
       24         1  SOLID186          0.0000   0.000008375
       25         1  SOLID186          0.0000   0.000017333
       26         1  SOLID186          0.0000   0.000006042
       27         1  SOLID186          0.0000   0.000010208
       28         1  SOLID186          0.0000   0.000009792
       29         1  SOLID186          0.0000   0.000009875
       30         1  SOLID186          0.0000   0.000009458
       31         1  SOLID186          0.0000   0.000005167
       32         1  SOLID186          0.0000   0.000004708
       33         1  SOLID186          0.0000   0.000008958
       34         1  SOLID186          0.0000   0.000005000
       35         1  SOLID186          0.0000   0.000005125
       36         1  SOLID186          0.0000   0.000008167
       37         1  SOLID186          0.0000   0.000003833
       38         1  SOLID186          0.0000   0.000006625
       39         1  SOLID186          0.0000   0.000017917
       40         1  SOLID186          0.0000   0.000004667
       41         1  SOLID186          0.0000   0.000004958
       42         1  SOLID186          0.0000   0.000004958
       43         1  SOLID186          0.0000   0.000010208
       44         1  SOLID186          0.0000   0.000008000
       45         1  SOLID186          0.0000   0.000011625
       46         1  SOLID186          0.0000   0.000003750
       47         1  SOLID186          0.0000   0.000004667
       48         1  SOLID186          0.0000   0.000009583
       49         1  SOLID186          0.0000   0.000004250
       50         1  SOLID186          0.0000   0.000004833
       51         1  SOLID186          0.0000   0.000004625
       52         1  SOLID186          0.0000   0.000003917
       53         1  SOLID186          0.0001   0.000058292
       54         1  SOLID186          0.0000   0.000008750
       55         1  SOLID186          0.0000   0.000034417
       56         1  SOLID186          0.0000   0.000004708
       57         1  SOLID186          0.0000   0.000012042
       58         1  SOLID186          0.0000   0.000009000
       59         1  SOLID186          0.0000   0.000005333
       60         1  SOLID186          0.0000   0.000004667
       61         1  SOLID186          0.0000   0.000005208
       62         1  SOLID186          0.0000   0.000003833
       63         1  SOLID186          0.0000   0.000006375
       64         1  SOLID186          0.0000   0.000005000
       65         1  SOLID186          0.0000   0.000010917
       66         1  SOLID186          0.0000   0.000003958
       67         1  SOLID186          0.0000   0.000004833
       68         1  SOLID186          0.0000   0.000006750
       69         1  SOLID186          0.0000   0.000006708
       70         1  SOLID186          0.0000   0.000009083
       71         1  SOLID186          0.0000   0.000005083
       72         1  SOLID186          0.0000   0.000004958
       73         1  SOLID186          0.0000   0.000017708
       74         1  SOLID186          0.0000   0.000013083
       75         1  SOLID186          0.0012   0.001248875
       76         1  SOLID186          0.0001   0.000062333
       77         1  SOLID186          0.0000   0.000005250
       78         1  SOLID186          0.0000   0.000014583
       79         1  SOLID186          0.0000   0.000004042
       80         1  SOLID186          0.0000   0.000004000
       81         1  SOLID186          0.0000   0.000006875
       82         1  SOLID186          0.0000   0.000011417
       83         1  SOLID186          0.0000   0.000008500
       84         1  SOLID186          0.0000   0.000006208
       85         1  SOLID186          0.0000   0.000005000
       86         1  SOLID186          0.0000   0.000005708
       87         1  SOLID186          0.0000   0.000005417
       88         1  SOLID186          0.0000   0.000004333
       89         1  SOLID186          0.0000   0.000008917
       90         1  SOLID186          0.0000   0.000011333
       91         1  SOLID186          0.0000   0.000005125
       92         1  SOLID186          0.0000   0.000004583
       93         1  SOLID186          0.0000   0.000004833
       94         1  SOLID186          0.0000   0.000007208
       95         1  SOLID186          0.0000   0.000031625
       96         1  SOLID186          0.0000   0.000004875
       97         1  SOLID186          0.0000   0.000005042
       98         1  SOLID186          0.0000   0.000008667
       99         5  SOLID186          0.0001   0.000010608
      100         2  SOLID186          0.0008   0.000392312
      101         4  SOLID186          0.0006   0.000143427
      102         2  SOLID186          0.0000   0.000008604
      103         1  SOLID186          0.0000   0.000007625
      104         1  SOLID186          0.0000   0.000007208
      105         1  SOLID186          0.0000   0.000012875
      106         1  SOLID186          0.0000   0.000005167
      107         1  SOLID186          0.0000   0.000003708
      108         1  SOLID186          0.0000   0.000005542
      109         1  SOLID186          0.0000   0.000004792
      110         1  SOLID186          0.0000   0.000010500
      111         1  SOLID186          0.0000   0.000005167
      112         1  SOLID186          0.0000   0.000006417
      113         1  SOLID186          0.0000   0.000004583
      114         1  SOLID186          0.0000   0.000004958
      115         1  SOLID186          0.0000   0.000004375
      116         1  SOLID186          0.0008   0.000826250
      117         1  SOLID186          0.0000   0.000005583
      118         1  SOLID186          0.0000   0.000011583
      119         1  SOLID186          0.0000   0.000008125
      120         1  SOLID186          0.0000   0.000007458
      121         1  SOLID186          0.0000   0.000003917
      122         1  SOLID186          0.0005   0.000549417
      123         1  SOLID186          0.0000   0.000015292
      124         1  SOLID186          0.0000   0.000004750
      125         1  SOLID186          0.0000   0.000005667
      126         1  SOLID186          0.0000   0.000007125
      127         1  SOLID186          0.0000   0.000024792
      128         1  SOLID186          0.0000   0.000013417
      129         1  SOLID186          0.0000   0.000006917
      130         1  SOLID186          0.0000   0.000004042
      131         1  SOLID186          0.0005   0.000506292
      132         1  SOLID186          0.0000   0.000004167
      133         1  SOLID186          0.0000   0.000005708
      134         1  SOLID186          0.0016   0.001614000
      135         1  SOLID186          0.0000   0.000006292
      136         1  SOLID186          0.0000   0.000005000
      137         1  SOLID186          0.0007   0.000745667
      138         1  SOLID186          0.0000   0.000005042
      139         1  SOLID186          0.0001   0.000107125
      140         1  SOLID186          0.0000   0.000004625
      141         1  SOLID186          0.0000   0.000011792
      142         1  SOLID186          0.0009   0.000916208
      143         1  SOLID186          0.0000   0.000027917
      144         1  SOLID186          0.0000   0.000004292
      145         1  SOLID186          0.0000   0.000008292
      146         1  SOLID186          0.0000   0.000005542
      147         1  SOLID186          0.0000   0.000005375
      148         1  SOLID186          0.0000   0.000012875
      149         1  SOLID186          0.0000   0.000004292
      150         1  SOLID186          0.0000   0.000004083
      151         1  SOLID186          0.0000   0.000007042
      152         1  SOLID186          0.0000   0.000005125
      153         1  SOLID186          0.0000   0.000004333
      154         1  SOLID186          0.0000   0.000007000
      155         1  SOLID186          0.0000   0.000004708
      156         1  SOLID186          0.0000   0.000007667
      157         1  SOLID186          0.0000   0.000004208
      158         1  SOLID186          0.0000   0.000003917
      159         1  SOLID186          0.0000   0.000003792
      160         1  SOLID186          0.0000   0.000010083
      161         1  SOLID186          0.0013   0.001317250
      162         1  SOLID186          0.0000   0.000008208
      163         1  SOLID186          0.0000   0.000005250
      164         1  SOLID186          0.0000   0.000004875
      165         1  SOLID186          0.0000   0.000005083
      166         1  SOLID186          0.0000   0.000009708
      167         1  SOLID186          0.0000   0.000010000
      168         1  SOLID186          0.0000   0.000007625
      169         1  SOLID186          0.0000   0.000003708
      170         1  SOLID186          0.0000   0.000004708
      171         1  SOLID186          0.0000   0.000007000
      172         1  SOLID186          0.0000   0.000003458
      173      1372  SOLID186          0.0342   0.000024963
      174       372  SOLID187          0.0014   0.000003881
      175        60  SOLID187          0.0004   0.000006443
      176       744  SOLID187          0.0152   0.000020425
      177        60  SOLID187          0.0005   0.000008472
      178      1180  SOLID186          0.0122   0.000010344
      179       945  SOLID187          0.0211   0.000022380
      180       381  SOLID187          0.0021   0.000005537
      181      1264  SOLID186          0.0284   0.000022462
      182      1364  SOLID186          0.0147   0.000010789
      183      1124  SOLID186          0.0114   0.000010144
      184        60  SOLID187          0.0002   0.000003392
      185        60  SOLID187          0.0004   0.000006404
      186       370  SOLID187          0.0016   0.000004455
      187       711  SOLID187          0.0031   0.000004308
      188        63  SOLID187          0.0002   0.000003928
      189       386  SOLID187          0.0026   0.000006725
      190        60  SOLID187          0.0002   0.000003368
      191       732  SOLID187          0.0043   0.000005910
      192      1224  SOLID186          0.0144   0.000011769
      193       383  SOLID187          0.0027   0.000007111
      194      9124  SOLID187          0.0735   0.000008061
      195      9158  SOLID187          0.0500   0.000005459
      196      9214  SOLID187          0.0539   0.000005853
      197      8841  SOLID187          0.0557   0.000006297
      198      8984  SOLID187          0.0490   0.000005453
      199      9247  SOLID187          0.1100   0.000011891
      200       737  SOLID187          0.0062   0.000008372
      201       816  SOLID187          0.0050   0.000006079
      202       724  SOLID187          0.0053   0.000007257
      203       795  SOLID187          0.0175   0.000022032
      204       783  SOLID187          0.0135   0.000017262
      205       820  SOLID187          0.0037   0.000004544
      206       714  SOLID187          0.0031   0.000004403
      207       835  SOLID187          0.0038   0.000004538
      208     39014  SOLID186          0.6295   0.000016136
      209        20  CONTA174          0.0001   0.000002935
      211       399  CONTA174          0.0011   0.000002654
      213        47  CONTA174          0.0001   0.000001953
      215       351  CONTA174          0.0019   0.000005468
      217        20  CONTA174          0.0001   0.000004633
      219       339  CONTA174          0.0010   0.000002938
      221        49  CONTA174          0.0001   0.000001445
      223        19  CONTA174          0.0000   0.000002382
      225       365  CONTA174          0.0016   0.000004384
      227        20  CONTA174          0.0000   0.000001771
      229       370  CONTA174          0.0010   0.000002771
      231       100  CONTA174          0.0002   0.000001979
      233       399  CONTA174          0.0011   0.000002777
      235        20  CONTA174          0.0000   0.000002315
      237       337  CONTA174          0.0012   0.000003443
      239        20  CONTA174          0.0000   0.000001725
      241       352  CONTA174          0.0009   0.000002441
      243       349  CONTA174          0.0015   0.000004389
      245        44  CONTA174          0.0000   0.000001064
      247       314  CONTA174          0.0008   0.000002705
      249        48  CONTA174          0.0001   0.000001374
      251       364  CONTA174          0.0009   0.000002584
      253       357  CONTA174          0.0008   0.000002221
      255        47  CONTA174          0.0000   0.000001045
      257         1  CONTA174          0.0000   0.000002500
      259         1  CONTA174          0.0000   0.000002000
      261         1  CONTA174          0.0000   0.000001417
      263         1  CONTA174          0.0000   0.000002333
      265         1  CONTA174          0.0000   0.000001208
      267         1  CONTA174          0.0000   0.000001125
      269         1  CONTA174          0.0000   0.000002708
      271         1  CONTA174          0.0000   0.000004667
      273         1  CONTA174          0.0000   0.000002708
      275         1  CONTA174          0.0000   0.000001208
      277         1  CONTA174          0.0000   0.000001083
      279         1  CONTA174          0.0000   0.000000875
      281         1  CONTA174          0.0000   0.000003208
      283         1  CONTA174          0.0000   0.000002750
      285         1  CONTA174          0.0000   0.000003167
      287         1  CONTA174          0.0000   0.000000958
      289         1  CONTA174          0.0000   0.000001500
      291         1  CONTA174          0.0000   0.000003250
      293         1  CONTA174          0.0000   0.000001458
      295         1  CONTA174          0.0000   0.000003500
      297         1  CONTA174          0.0003   0.000318417
      299         1  CONTA174          0.0000   0.000001125
      301         1  CONTA174          0.0000   0.000003917
      303         1  CONTA174          0.0000   0.000000875
      305         1  CONTA174          0.0000   0.000001833
      307         1  CONTA174          0.0000   0.000000917
      309         1  CONTA174          0.0000   0.000001167
      311         1  CONTA174          0.0000   0.000003042
      313         1  CONTA174          0.0000   0.000002417
      315         1  CONTA174          0.0000   0.000002875
      317         1  CONTA174          0.0000   0.000001167
      319         1  CONTA174          0.0000   0.000001083
      321         1  CONTA174          0.0000   0.000001958
      323         1  CONTA174          0.0000   0.000001292
      325         1  CONTA174          0.0000   0.000001250
      327         1  CONTA174          0.0000   0.000004500
      329         1  CONTA174          0.0000   0.000001333
      331         1  CONTA174          0.0000   0.000002333
      333         1  CONTA174          0.0000   0.000003708
      335         1  CONTA174          0.0000   0.000000958
      337         1  CONTA174          0.0000   0.000001875
      339         1  CONTA174          0.0000   0.000001917
      341         1  CONTA174          0.0001   0.000094292
      343         1  CONTA174          0.0000   0.000002458
      345         1  CONTA174          0.0000   0.000001625
      347         1  CONTA174          0.0000   0.000001042
      349         1  CONTA174          0.0000   0.000001000
      351         1  CONTA174          0.0000   0.000002250
      353         1  CONTA174          0.0000   0.000001292
      355         1  CONTA174          0.0000   0.000000917
      357         1  CONTA174          0.0000   0.000002542
      359         1  CONTA174          0.0000   0.000000875
      361         1  CONTA174          0.0000   0.000000875
      363         1  CONTA174          0.0000   0.000004333
      365         1  CONTA174          0.0000   0.000010208
      367         1  CONTA174          0.0000   0.000001625
      369         1  CONTA174          0.0000   0.000007208
      371         1  CONTA174          0.0000   0.000002500
      373         1  CONTA174          0.0000   0.000001250
      375         1  CONTA174          0.0000   0.000000917
      377         1  CONTA174          0.0000   0.000001333
      379         1  CONTA174          0.0000   0.000001917
      381         1  CONTA174          0.0000   0.000002208
      383         1  CONTA174          0.0000   0.000002042
      385         1  CONTA174          0.0000   0.000001542
      387         1  CONTA174          0.0000   0.000003667
      389         1  CONTA174          0.0000   0.000001125
      391         1  CONTA174          0.0000   0.000001417
      393         1  CONTA174          0.0000   0.000001042
      395         1  CONTA174          0.0000   0.000004167
      397         1  CONTA174          0.0000   0.000005500
      399         1  CONTA174          0.0000   0.000001208
      401         1  CONTA174          0.0000   0.000004292
      403         1  CONTA174          0.0000   0.000001625
      405         1  CONTA174          0.0004   0.000446875
      407         1  CONTA174          0.0000   0.000005875
      409         1  CONTA174          0.0000   0.000001458
      411         1  CONTA174          0.0000   0.000010667
      413         1  CONTA174          0.0000   0.000002083
      415         1  CONTA174          0.0000   0.000000875
      417         1  CONTA174          0.0000   0.000003000
      419         1  CONTA174          0.0000   0.000002917
      421         1  CONTA174          0.0000   0.000003000
      423         1  CONTA174          0.0000   0.000002042
      425         1  CONTA174          0.0000   0.000002458
      427         1  CONTA174          0.0000   0.000001708
      429         1  CONTA174          0.0000   0.000002500
      431         1  CONTA174          0.0000   0.000002333
      433         1  CONTA174          0.0000   0.000001125
      435         1  CONTA174          0.0000   0.000002875
      437         1  CONTA174          0.0000   0.000001292
      439         1  CONTA174          0.0000   0.000000833
      441         1  CONTA174          0.0000   0.000001125
      443         1  CONTA174          0.0000   0.000002833
      445         1  CONTA174          0.0000   0.000001417
      447         1  CONTA174          0.0000   0.000001042
      449         1  CONTA174          0.0000   0.000001083
      451         1  CONTA174          0.0000   0.000001625
      453         5  CONTA174          0.0000   0.000006625
      455         2  CONTA174          0.0000   0.000003396
      457         4  CONTA174          0.0003   0.000078740
      459         2  CONTA174          0.0000   0.000002021
      461         1  CONTA174          0.0000   0.000000833
      463         1  CONTA174          0.0000   0.000002292
      465         1  CONTA174          0.0000   0.000002875
      467         1  CONTA174          0.0000   0.000002208
      469         1  CONTA174          0.0000   0.000001542
      471         1  CONTA174          0.0000   0.000001000
      473         1  CONTA174          0.0000   0.000001208
      475         1  CONTA174          0.0000   0.000001667
      477         1  CONTA174          0.0000   0.000002208
      479         1  CONTA174          0.0000   0.000002667
      481         1  CONTA174          0.0000   0.000002042
      483         1  CONTA174          0.0000   0.000001125
      485         1  CONTA174          0.0000   0.000001208
      487         1  CONTA174          0.0005   0.000485625
      489         1  CONTA174          0.0000   0.000002667
      491         1  CONTA174          0.0000   0.000004792
      493         1  CONTA174          0.0000   0.000000917
      495         1  CONTA174          0.0000   0.000001292
      497         1  CONTA174          0.0000   0.000001542
      499         1  CONTA174          0.0002   0.000213375
      501         1  CONTA174          0.0000   0.000002292
      503         1  CONTA174          0.0000   0.000001458
      505         1  CONTA174          0.0000   0.000001333
      507         1  CONTA174          0.0000   0.000001375
      509         1  CONTA174          0.0000   0.000000875
      511         1  CONTA174          0.0000   0.000004000
      513         1  CONTA174          0.0000   0.000002333
      515         1  CONTA174          0.0000   0.000001792
      517         1  CONTA174          0.0002   0.000228958
      519         1  CONTA174          0.0000   0.000001125
      521         1  CONTA174          0.0000   0.000000875
      523         1  CONTA174          0.0000   0.000007125
      525         1  CONTA174          0.0000   0.000001792
      527         1  CONTA174          0.0000   0.000001000
      529         1  CONTA174          0.0005   0.000534583
      531         1  CONTA174          0.0000   0.000001500
      533         1  CONTA174          0.0000   0.000003375
      535         1  CONTA174          0.0000   0.000001042
      537         1  CONTA174          0.0000   0.000001458
      539         1  CONTA174          0.0000   0.000006875
      541         1  CONTA174          0.0000   0.000012042
      543         1  CONTA174          0.0000   0.000000917
      545         1  CONTA174          0.0000   0.000007542
      547         1  CONTA174          0.0000   0.000002583
      549         1  CONTA174          0.0000   0.000001292
      551         1  CONTA174          0.0000   0.000001500
      553         1  CONTA174          0.0000   0.000001875
      555         1  CONTA174          0.0000   0.000001542
      557         1  CONTA174          0.0000   0.000001625
      559         1  CONTA174          0.0000   0.000001625
      561         1  CONTA174          0.0000   0.000001542
      563         1  CONTA174          0.0000   0.000002708
      565         1  CONTA174          0.0000   0.000001667
      567         1  CONTA174          0.0000   0.000006125
      569         1  CONTA174          0.0000   0.000000875
      571         1  CONTA174          0.0000   0.000001917
      573         1  CONTA174          0.0000   0.000001917
      575         1  CONTA174          0.0000   0.000001542
      577         1  CONTA174          0.0005   0.000458500
      579         1  CONTA174          0.0000   0.000004750
      581         1  CONTA174          0.0000   0.000002333
      583         1  CONTA174          0.0000   0.000001042
      585         1  CONTA174          0.0000   0.000001083
      587         1  CONTA174          0.0000   0.000002500
      589         1  CONTA174          0.0000   0.000001625
      591         1  CONTA174          0.0000   0.000001333
      593         1  CONTA174          0.0000   0.000001708
      595         1  CONTA174          0.0000   0.000001208
      597         1  CONTA174          0.0000   0.000001500
      599         1  CONTA174          0.0000   0.000001542
      601        48  CONTA174          0.0001   0.000001958
      603        40  CONTA174          0.0001   0.000002364
      605        48  CONTA174          0.0001   0.000002551
      607        48  CONTA174          0.0001   0.000001964
      609        40  CONTA174          0.0001   0.000002152
      611        48  CONTA174          0.0001   0.000003065
      613        48  CONTA174          0.0001   0.000002259
      615        48  CONTA174          0.0001   0.000002200
      617       295  CONTA174          0.0051   0.000017257
      619       343  CONTA174          0.0062   0.000018017
      621       281  CONTA174          0.0046   0.000016238
      623       341  CONTA174          0.0218   0.000063892
      625       306  CONTA174          0.0062   0.000020104
      627       316  CONTA174          0.0051   0.000016140
      631        32  CONTA174          0.0001   0.000002129
      635        32  CONTA174          0.0001   0.000001608
      639        32  CONTA174          0.0000   0.000001349
      643        32  CONTA174          0.0001   0.000002043
      647        32  CONTA174          0.0001   0.000002224
      651        32  CONTA174          0.0001   0.000001784

 *** MAPDL - ENGINEERING ANALYSIS SYSTEM  RELEASE 2026 R1.02       26.1     ***
 Ansys Mechanical Enterprise Academic Research     
 01196637  VERSION=WINDOWS x64   10:34:15  OCT 05, 2026 Elapsed Time=    696.127

 powerboardsim_v1--RANDOM VIBE - expanded prestressed modal basis (C5)         





          ***** PARTICIPATION FACTOR CALCULATION *****  X  DIRECTION
                                                                                  CUMULATIVE     RATIO EFF.MASS
  MODE   FREQUENCY       PERIOD      PARTIC.FACTOR     RATIO    EFFECTIVE MASS   MASS FRACTION   TO TOTAL MASS
     1     485.964       0.20578E-02  -0.12089E-02    0.004318    0.146133E-05    0.665168E-05    0.580300E-05
     2     596.964       0.16751E-02  -0.77488E-03    0.002768    0.600439E-06    0.938475E-05    0.238436E-05
     3     645.435       0.15493E-02   0.24448        0.873354    0.597687E-01    0.272063        0.237343    
     4     781.350       0.12798E-02   0.27993        1.000000    0.783596E-01    0.628739        0.311168    
     5     820.242       0.12192E-02   0.31344E-01    0.111973    0.982476E-03    0.633211        0.390144E-02
     6     826.296       0.12102E-02  -0.19191E-01    0.068558    0.368305E-03    0.634888        0.146255E-02
     7     1122.02       0.89125E-03  -0.21325E-01    0.076181    0.454766E-03    0.636958        0.180589E-02
     8     1139.11       0.87788E-03   0.18119E-01    0.064727    0.328292E-03    0.638452        0.130366E-02
     9     1199.71       0.83354E-03   0.24672E-02    0.008814    0.608725E-05    0.638480        0.241726E-04
    10     1366.08       0.73202E-03   0.12109E-01    0.043256    0.146620E-03    0.639147        0.582231E-03
    11     1467.90       0.68125E-03   0.92422E-02    0.033016    0.854175E-04    0.639536        0.339195E-03
    12     1714.13       0.58339E-03  -0.21067E-02    0.007526    0.443823E-05    0.639556        0.176243E-04
    13     1941.55       0.51505E-03   0.19962E-01    0.071311    0.398484E-03    0.641370        0.158239E-02
    14     2003.04       0.49924E-03  -0.25654E-01    0.091644    0.658118E-03    0.644366        0.261340E-02
    15     2017.96       0.49555E-03  -0.51740E-01    0.184834    0.267704E-02    0.656551        0.106306E-01
    16     2135.66       0.46824E-03   0.12216E-01    0.043638    0.149221E-03    0.657230        0.592562E-03
    17     2183.76       0.45793E-03  -0.98745E-02    0.035275    0.975061E-04    0.657674        0.387199E-03
    18     2212.56       0.45197E-03  -0.35948E-02    0.012842    0.129227E-04    0.657733        0.513163E-04
    19     2301.31       0.43453E-03   0.60845E-03    0.002174    0.370210E-06    0.657735        0.147011E-05
    20     2364.18       0.42298E-03  -0.27710E-02    0.009899    0.767839E-05    0.657770        0.304911E-04
    21     2369.94       0.42195E-03   0.80168E-02    0.028639    0.642697E-04    0.658062        0.255217E-03
    22     2537.21       0.39413E-03  -0.85052E-02    0.030383    0.723377E-04    0.658391        0.287255E-03
    23     2704.29       0.36978E-03  -0.12158E-01    0.043433    0.147818E-03    0.659064        0.586990E-03
    24     2874.96       0.34783E-03  -0.74486E-02    0.026609    0.554818E-04    0.659317        0.220319E-03
    25     2924.00       0.34200E-03   0.35503E-01    0.126828    0.126044E-02    0.665054        0.500524E-02
    26     2950.88       0.33888E-03   0.45620E-01    0.162972    0.208123E-02    0.674527        0.826460E-02
    27     3016.72       0.33149E-03  -0.21562E-01    0.077028    0.464931E-03    0.676644        0.184625E-02
    28     3201.73       0.31233E-03   0.14315E-01    0.051138    0.204916E-03    0.677576        0.813726E-03
    29     3237.68       0.30886E-03   0.47617E-01    0.170104    0.226737E-02    0.687897        0.900379E-02
    30     3368.53       0.29687E-03  -0.10362        0.370151    0.107362E-01    0.736766        0.426337E-01
    31     3460.29       0.28899E-03   0.14442        0.515926    0.208577E-01    0.831706        0.828266E-01
    32     3551.45       0.28157E-03  -0.95143E-01    0.339883    0.905214E-02    0.872909        0.359463E-01
    33     3597.70       0.27796E-03   0.12596        0.449978    0.158663E-01    0.945129        0.630053E-01
    34     3654.57       0.27363E-03  -0.86705E-01    0.309742    0.751781E-02    0.979348        0.298534E-01
    35     3692.04       0.27085E-03   0.43058E-01    0.153817    0.185397E-02    0.987787        0.736217E-02
    36     3775.15       0.26489E-03   0.15854E-01    0.056637    0.251359E-03    0.988931        0.998152E-03
    37     3911.14       0.25568E-03   0.39942E-01    0.142688    0.159538E-02    0.996193        0.633531E-02
    38     3986.07       0.25087E-03   0.28920E-01    0.103312    0.836360E-03     1.00000        0.332121E-02
 -----------------------------------------------------------------------------------------------------------------
   sum                                                            0.219694                        0.872411    
 -----------------------------------------------------------------------------------------------------------------



          ***** PARTICIPATION FACTOR CALCULATION *****  Y  DIRECTION
                                                                                  CUMULATIVE     RATIO EFF.MASS
  MODE   FREQUENCY       PERIOD      PARTIC.FACTOR     RATIO    EFFECTIVE MASS   MASS FRACTION   TO TOTAL MASS
     1     485.964       0.20578E-02   0.33945E-01    0.085209    0.115226E-02    0.513877E-02    0.457565E-02
     2     596.964       0.16751E-02  -0.22043E-01    0.055332    0.485889E-03    0.730570E-02    0.192948E-02
     3     645.435       0.15493E-02  -0.26727E-02    0.006709    0.714357E-05    0.733755E-02    0.283673E-04
     4     781.350       0.12798E-02  -0.16915E-03    0.000425    0.286112E-07    0.733768E-02    0.113616E-06
     5     820.242       0.12192E-02   0.16167E-02    0.004058    0.261364E-05    0.734934E-02    0.103788E-04
     6     826.296       0.12102E-02  -0.24153E-02    0.006063    0.583358E-05    0.737535E-02    0.231653E-04
     7     1122.02       0.89125E-03  -0.17906E-02    0.004495    0.320628E-05    0.738965E-02    0.127322E-04
     8     1139.11       0.87788E-03  -0.60871E-02    0.015280    0.370528E-04    0.755490E-02    0.147138E-03
     9     1199.71       0.83354E-03   0.16354E-01    0.041053    0.267469E-03    0.874774E-02    0.106213E-02
    10     1366.08       0.73202E-03   0.98534E-02    0.024734    0.970892E-04    0.918073E-02    0.385544E-03
    11     1467.90       0.68125E-03   0.69278E-02    0.017390    0.479940E-04    0.939477E-02    0.190585E-03
    12     1714.13       0.58339E-03  -0.29517E-02    0.007409    0.871230E-05    0.943363E-02    0.345968E-04
    13     1941.55       0.51505E-03   0.20943E-01    0.052572    0.438619E-03    0.113897E-01    0.174177E-02
    14     2003.04       0.49924E-03   0.48744E-01    0.122359    0.237601E-02    0.219861E-01    0.943519E-02
    15     2017.96       0.49555E-03  -0.32096E-01    0.080567    0.103013E-02    0.265802E-01    0.409068E-02
    16     2135.66       0.46824E-03   0.15530        0.389837    0.241181E-01    0.134140        0.957736E-01
    17     2183.76       0.45793E-03   0.39837        1.000000    0.158700        0.841899        0.630202    
    18     2212.56       0.45197E-03  -0.19810E-01    0.049727    0.392430E-03    0.843649        0.155835E-02
    19     2301.31       0.43453E-03  -0.25987E-01    0.065233    0.675333E-03    0.846661        0.268176E-02
    20     2364.18       0.42298E-03  -0.11519        0.289146    0.132682E-01    0.905833        0.526882E-01
    21     2369.94       0.42195E-03   0.13602        0.341434    0.185008E-01    0.988342        0.734672E-01
    22     2537.21       0.39413E-03  -0.37268E-01    0.093550    0.138887E-02    0.994536        0.551523E-02
    23     2704.29       0.36978E-03   0.27733E-03    0.000696    0.769132E-07    0.994536        0.305424E-06
    24     2874.96       0.34783E-03  -0.34568E-02    0.008677    0.119497E-04    0.994589        0.474527E-04
    25     2924.00       0.34200E-03   0.14764E-02    0.003706    0.217969E-05    0.994599        0.865562E-05
    26     2950.88       0.33888E-03   0.83604E-04    0.000210    0.698958E-08    0.994599        0.277558E-07
    27     3016.72       0.33149E-03   0.10248E-01    0.025725    0.105022E-03    0.995067        0.417046E-03
    28     3201.73       0.31233E-03   0.73649E-02    0.018487    0.542416E-04    0.995309        0.215395E-03
    29     3237.68       0.30886E-03   0.17862E-01    0.044837    0.319049E-03    0.996732        0.126695E-02
    30     3368.53       0.29687E-03   0.12530E-01    0.031453    0.157003E-03    0.997432        0.623464E-03
    31     3460.29       0.28899E-03  -0.32721E-02    0.008214    0.107065E-04    0.997480        0.425159E-04
    32     3551.45       0.28157E-03  -0.38969E-02    0.009782    0.151856E-04    0.997548        0.603022E-04
    33     3597.70       0.27796E-03   0.29859E-02    0.007495    0.891539E-05    0.997588        0.354032E-04
    34     3654.57       0.27363E-03  -0.69872E-02    0.017539    0.488210E-04    0.997805        0.193869E-03
    35     3692.04       0.27085E-03  -0.17100E-01    0.042926    0.292423E-03    0.999110        0.116122E-02
    36     3775.15       0.26489E-03   0.11258E-01    0.028259    0.126737E-03    0.999675        0.503274E-03
    37     3911.14       0.25568E-03   0.84178E-02    0.021130    0.708587E-04    0.999991        0.281382E-03
    38     3986.07       0.25087E-03  -0.14414E-02    0.003618    0.207754E-05     1.00000        0.824995E-05
 -----------------------------------------------------------------------------------------------------------------
   sum                                                            0.224229                        0.890419    
 -----------------------------------------------------------------------------------------------------------------



          ***** PARTICIPATION FACTOR CALCULATION *****  Z  DIRECTION
                                                                                  CUMULATIVE     RATIO EFF.MASS
  MODE   FREQUENCY       PERIOD      PARTIC.FACTOR     RATIO    EFFECTIVE MASS   MASS FRACTION   TO TOTAL MASS
     1     485.964       0.20578E-02   0.91954E-01    0.307556    0.845563E-02    0.374908E-01    0.335775E-01
     2     596.964       0.16751E-02   0.63605E-01    0.212737    0.404562E-02    0.554284E-01    0.160653E-01
     3     645.435       0.15493E-02   0.11249E-01    0.037625    0.126547E-03    0.559895E-01    0.502523E-03
     4     781.350       0.12798E-02  -0.70758E-02    0.023666    0.500668E-04    0.562115E-01    0.198817E-03
     5     820.242       0.12192E-02  -0.24658E-01    0.082474    0.608041E-03    0.589074E-01    0.241455E-02
     6     826.296       0.12102E-02   0.10069        0.336782    0.101390E-01    0.103862        0.402623E-01
     7     1122.02       0.89125E-03  -0.29172E-02    0.009757    0.851030E-05    0.103900        0.337946E-04
     8     1139.11       0.87788E-03   0.10371        0.346866    0.107553E-01    0.151587        0.427094E-01
     9     1199.71       0.83354E-03  -0.38174E-01    0.127680    0.145727E-02    0.158048        0.578686E-02
    10     1366.08       0.73202E-03   0.12674E-01    0.042390    0.160628E-03    0.158760        0.637856E-03
    11     1467.90       0.68125E-03   0.11208        0.374859    0.125612E-01    0.214455        0.498809E-01
    12     1714.13       0.58339E-03   0.10231        0.342183    0.104668E-01    0.260863        0.415639E-01
    13     1941.55       0.51505E-03  -0.11709E-01    0.039161    0.137090E-03    0.261470        0.544389E-03
    14     2003.04       0.49924E-03  -0.96423E-01    0.322502    0.929743E-02    0.302694        0.369203E-01
    15     2017.96       0.49555E-03   0.40160E-01    0.134322    0.161284E-02    0.309845        0.640463E-02
    16     2135.66       0.46824E-03  -0.86831E-01    0.290419    0.753959E-02    0.343274        0.299399E-01
    17     2183.76       0.45793E-03   0.34937E-01    0.116851    0.122057E-02    0.348686        0.484690E-02
    18     2212.56       0.45197E-03   0.29898        1.000000    0.893916E-01    0.745033        0.354976    
    19     2301.31       0.43453E-03  -0.28558E-01    0.095517    0.815569E-03    0.748649        0.323864E-02
    20     2364.18       0.42298E-03  -0.16029        0.536099    0.256913E-01    0.862560        0.102021    
    21     2369.94       0.42195E-03  -0.77008E-01    0.257564    0.593017E-02    0.888853        0.235488E-01
    22     2537.21       0.39413E-03  -0.30610E-01    0.102381    0.936991E-03    0.893008        0.372081E-02
    23     2704.29       0.36978E-03  -0.25520E-01    0.085357    0.651295E-03    0.895896        0.258631E-02
    24     2874.96       0.34783E-03   0.19189E-02    0.006418    0.368202E-05    0.895912        0.146214E-04
    25     2924.00       0.34200E-03   0.10598        0.354452    0.112308E-01    0.945708        0.445979E-01
    26     2950.88       0.33888E-03   0.16988E-01    0.056817    0.288575E-03    0.946987        0.114594E-02
    27     3016.72       0.33149E-03  -0.10732E-01    0.035896    0.115186E-03    0.947498        0.457407E-03
    28     3201.73       0.31233E-03  -0.18260E-01    0.061073    0.333424E-03    0.948976        0.132404E-02
    29     3237.68       0.30886E-03  -0.76623E-02    0.025628    0.587103E-04    0.949236        0.233140E-03
    30     3368.53       0.29687E-03   0.34699E-01    0.116055    0.120400E-02    0.954575        0.478110E-02
    31     3460.29       0.28899E-03   0.18887E-02    0.006317    0.356714E-05    0.954591        0.141652E-04
    32     3551.45       0.28157E-03  -0.15854E-01    0.053028    0.251363E-03    0.955705        0.998167E-03
    33     3597.70       0.27796E-03  -0.20971E-01    0.070142    0.439793E-03    0.957655        0.174643E-02
    34     3654.57       0.27363E-03   0.28335E-02    0.009477    0.802846E-05    0.957691        0.318812E-04
    35     3692.04       0.27085E-03  -0.32935E-01    0.110156    0.108471E-02    0.962500        0.430741E-02
    36     3775.15       0.26489E-03   0.14743E-02    0.004931    0.217360E-05    0.962510        0.863143E-05
    37     3911.14       0.25568E-03   0.91700E-01    0.306704    0.840886E-02    0.999793        0.333918E-01
    38     3986.07       0.25087E-03  -0.68298E-02    0.022843    0.466458E-04     1.00000        0.185232E-03
 -----------------------------------------------------------------------------------------------------------------
   sum                                                            0.225539                        0.895620    
 -----------------------------------------------------------------------------------------------------------------



          ***** PARTICIPATION FACTOR CALCULATION *****ROTX DIRECTION
                                                                                  CUMULATIVE     RATIO EFF.MASS
  MODE   FREQUENCY       PERIOD      PARTIC.FACTOR     RATIO    EFFECTIVE MASS   MASS FRACTION   TO TOTAL MASS
     1     485.964       0.20578E-02  -0.59008E-03    0.032761    0.348193E-06    0.358157E-03    0.305117E-03
     2     596.964       0.16751E-02   0.83585E-02    0.464060    0.698650E-04    0.722225E-01    0.612218E-01
     3     645.435       0.15493E-02   0.71131E-03    0.039492    0.505966E-06    0.727430E-01    0.443372E-03
     4     781.350       0.12798E-02  -0.43031E-03    0.023891    0.185167E-06    0.729335E-01    0.162259E-03
     5     820.242       0.12192E-02  -0.16964E-02    0.094186    0.287794E-05    0.758938E-01    0.252190E-02
     6     826.296       0.12102E-02   0.69918E-02    0.388178    0.488848E-04    0.126178        0.428371E-01
     7     1122.02       0.89125E-03   0.59236E-03    0.032887    0.350888E-06    0.126538        0.307479E-03
     8     1139.11       0.87788E-03   0.79440E-02    0.441046    0.631073E-04    0.191452        0.553001E-01
     9     1199.71       0.83354E-03  -0.46426E-02    0.257754    0.215538E-04    0.213622        0.188873E-01
    10     1366.08       0.73202E-03   0.28483E-02    0.158137    0.811298E-05    0.221967        0.710930E-02
    11     1467.90       0.68125E-03   0.65277E-02    0.362412    0.426106E-04    0.265797        0.373391E-01
    12     1714.13       0.58339E-03   0.42548E-02    0.236221    0.181029E-04    0.284418        0.158633E-01
    13     1941.55       0.51505E-03  -0.74107E-03    0.041144    0.549187E-06    0.284983        0.481246E-03
    14     2003.04       0.49924E-03  -0.54114E-02    0.300439    0.292836E-04    0.315105        0.256608E-01
    15     2017.96       0.49555E-03   0.24125E-02    0.133939    0.582003E-05    0.321092        0.510002E-02
    16     2135.66       0.46824E-03  -0.30575E-02    0.169749    0.934819E-05    0.330707        0.819170E-02
    17     2183.76       0.45793E-03   0.59999E-02    0.333111    0.359990E-04    0.367737        0.315455E-01
    18     2212.56       0.45197E-03   0.18012E-01    1.000000    0.324423E-03    0.701444        0.284288    
    19     2301.31       0.43453E-03  -0.20131E-02    0.111764    0.405242E-05    0.705612        0.355108E-02
    20     2364.18       0.42298E-03  -0.10753E-01    0.597009    0.115631E-03    0.824552        0.101326    
    21     2369.94       0.42195E-03  -0.31618E-02    0.175538    0.999666E-05    0.834835        0.875995E-02
    22     2537.21       0.39413E-03  -0.20641E-02    0.114600    0.426068E-05    0.839218        0.373358E-02
    23     2704.29       0.36978E-03   0.39748E-03    0.022068    0.157991E-06    0.839380        0.138446E-03
    24     2874.96       0.34783E-03  -0.83996E-03    0.046634    0.705536E-06    0.840106        0.618252E-03
    25     2924.00       0.34200E-03   0.63095E-02    0.350302    0.398103E-04    0.881055        0.348853E-01
    26     2950.88       0.33888E-03   0.11548E-02    0.064111    0.133347E-05    0.882427        0.116850E-02
    27     3016.72       0.33149E-03  -0.39222E-03    0.021776    0.153835E-06    0.882585        0.134803E-03
    28     3201.73       0.31233E-03  -0.15071E-02    0.083673    0.227134E-05    0.884922        0.199034E-02
    29     3237.68       0.30886E-03  -0.32957E-02    0.182973    0.108613E-04    0.896094        0.951766E-02
    30     3368.53       0.29687E-03   0.39356E-03    0.021850    0.154891E-06    0.896253        0.135729E-03
    31     3460.29       0.28899E-03   0.16674E-02    0.092575    0.278033E-05    0.899113        0.243636E-02
    32     3551.45       0.28157E-03   0.26684E-02    0.148148    0.712041E-05    0.906437        0.623952E-02
    33     3597.70       0.27796E-03  -0.20823E-02    0.115607    0.433592E-05    0.910897        0.379951E-02
    34     3654.57       0.27363E-03  -0.27857E-02    0.154660    0.776007E-05    0.918879        0.680005E-02
    35     3692.04       0.27085E-03  -0.26101E-02    0.144913    0.681280E-05    0.925887        0.596997E-02
    36     3775.15       0.26489E-03  -0.42257E-02    0.234609    0.178568E-04    0.944255        0.156476E-01
    37     3911.14       0.25568E-03   0.73532E-02    0.408246    0.540698E-04    0.999872        0.473807E-01
    38     3986.07       0.25087E-03  -0.35261E-03    0.019577    0.124335E-06     1.00000        0.108953E-03
 -----------------------------------------------------------------------------------------------------------------
   sum                                                            0.972179E-03                    0.851907    
 -----------------------------------------------------------------------------------------------------------------



          ***** PARTICIPATION FACTOR CALCULATION *****ROTY DIRECTION
                                                                                  CUMULATIVE     RATIO EFF.MASS
  MODE   FREQUENCY       PERIOD      PARTIC.FACTOR     RATIO    EFFECTIVE MASS   MASS FRACTION   TO TOTAL MASS
     1     485.964       0.20578E-02  -0.37617E-02    0.442705    0.141502E-04    0.348568E-01    0.317205E-01
     2     596.964       0.16751E-02  -0.33477E-02    0.393981    0.112068E-04    0.624631E-01    0.251225E-01
     3     645.435       0.15493E-02  -0.46368E-02    0.545693    0.214996E-04    0.115424        0.481959E-01
     4     781.350       0.12798E-02  -0.38662E-02    0.455004    0.149474E-04    0.152245        0.335076E-01
     5     820.242       0.12192E-02   0.10203E-02    0.120079    0.104105E-05    0.154809        0.233373E-02
     6     826.296       0.12102E-02  -0.60386E-02    0.710671    0.364645E-04    0.244634        0.817430E-01
     7     1122.02       0.89125E-03  -0.65564E-03    0.077161    0.429865E-06    0.245693        0.963633E-03
     8     1139.11       0.87788E-03  -0.15907E-02    0.187208    0.253035E-05    0.251926        0.567232E-02
     9     1199.71       0.83354E-03   0.19942E-02    0.234694    0.397685E-05    0.261723        0.891494E-02
    10     1366.08       0.73202E-03   0.44716E-03    0.052626    0.199953E-06    0.262215        0.448237E-03
    11     1467.90       0.68125E-03  -0.43966E-02    0.517425    0.193298E-04    0.309831        0.433318E-01
    12     1714.13       0.58339E-03  -0.40351E-02    0.474880    0.162818E-04    0.349939        0.364990E-01
    13     1941.55       0.51505E-03   0.25168E-03    0.029620    0.633438E-07    0.350095        0.141998E-03
    14     2003.04       0.49924E-03   0.50233E-02    0.591185    0.252336E-04    0.412254        0.565664E-01
    15     2017.96       0.49555E-03  -0.21582E-02    0.253990    0.465765E-05    0.423727        0.104411E-01
    16     2135.66       0.46824E-03   0.84970E-02    1.000000    0.721993E-04    0.601580        0.161850    
    17     2183.76       0.45793E-03  -0.31463E-02    0.370277    0.989891E-05    0.625964        0.221905E-01
    18     2212.56       0.45197E-03  -0.79697E-02    0.937940    0.635160E-04    0.782426        0.142384    
    19     2301.31       0.43453E-03  -0.26588E-02    0.312914    0.706939E-05    0.799841        0.158475E-01
    20     2364.18       0.42298E-03   0.56485E-02    0.664757    0.319050E-04    0.878434        0.715218E-01
    21     2369.94       0.42195E-03   0.10039E-02    0.118153    0.100791E-05    0.880917        0.225944E-02
    22     2537.21       0.39413E-03   0.20634E-02    0.242842    0.425777E-05    0.891405        0.954468E-02
    23     2704.29       0.36978E-03   0.11836E-02    0.139297    0.140094E-05    0.894856        0.314050E-02
    24     2874.96       0.34783E-03   0.16971E-03    0.019973    0.288015E-07    0.894927        0.645646E-04
    25     2924.00       0.34200E-03  -0.29310E-02    0.344941    0.859060E-05    0.916089        0.192576E-01
    26     2950.88       0.33888E-03   0.51193E-05    0.000602    0.262074E-10    0.916089        0.587495E-07
    27     3016.72       0.33149E-03   0.11712E-02    0.137836    0.137170E-05    0.919468        0.307496E-02
    28     3201.73       0.31233E-03   0.69081E-03    0.081300    0.477217E-06    0.920643        0.106978E-02
    29     3237.68       0.30886E-03   0.89107E-03    0.104869    0.794006E-06    0.922599        0.177993E-02
    30     3368.53       0.29687E-03  -0.16496E-02    0.194142    0.272128E-05    0.929303        0.610032E-02
    31     3460.29       0.28899E-03  -0.24263E-04    0.002855    0.588697E-09    0.929304        0.131969E-05
    32     3551.45       0.28157E-03   0.10111E-03    0.011899    0.102230E-07    0.929329        0.229169E-04
    33     3597.70       0.27796E-03   0.78460E-03    0.092339    0.615604E-06    0.930846        0.138001E-02
    34     3654.57       0.27363E-03  -0.50093E-03    0.058954    0.250933E-06    0.931464        0.562520E-03
    35     3692.04       0.27085E-03   0.14030E-02    0.165111    0.196827E-05    0.936312        0.441230E-02
    36     3775.15       0.26489E-03   0.31002E-03    0.036486    0.961129E-07    0.936549        0.215457E-03
    37     3911.14       0.25568E-03  -0.50523E-02    0.594595    0.255256E-04    0.999428        0.572210E-01
    38     3986.07       0.25087E-03   0.48203E-03    0.056730    0.232356E-06     1.00000        0.520876E-03
 -----------------------------------------------------------------------------------------------------------------
   sum                                                            0.405951E-03                    0.910025    
 -----------------------------------------------------------------------------------------------------------------



          ***** PARTICIPATION FACTOR CALCULATION *****ROTZ DIRECTION
                                                                                  CUMULATIVE     RATIO EFF.MASS
  MODE   FREQUENCY       PERIOD      PARTIC.FACTOR     RATIO    EFFECTIVE MASS   MASS FRACTION   TO TOTAL MASS
     1     485.964       0.20578E-02   0.14252E-02    0.084709    0.203114E-05    0.154377E-02    0.132877E-02
     2     596.964       0.16751E-02  -0.12459E-02    0.074051    0.155217E-05    0.272350E-02    0.101543E-02
     3     645.435       0.15493E-02  -0.14908E-01    0.886125    0.222263E-03    0.171655        0.145404    
     4     781.350       0.12798E-02  -0.16824E-01    1.000000    0.283060E-03    0.386795        0.185177    
     5     820.242       0.12192E-02  -0.19665E-02    0.116884    0.386710E-05    0.389734        0.252985E-02
     6     826.296       0.12102E-02   0.11880E-02    0.070612    0.141134E-05    0.390807        0.923295E-03
     7     1122.02       0.89125E-03   0.25701E-03    0.015276    0.660517E-07    0.390857        0.432109E-04
     8     1139.11       0.87788E-03  -0.13899E-02    0.082610    0.193174E-05    0.392325        0.126374E-02
     9     1199.71       0.83354E-03   0.50035E-03    0.029740    0.250351E-06    0.392515        0.163779E-03
    10     1366.08       0.73202E-03  -0.91958E-03    0.054658    0.845636E-06    0.393158        0.553213E-03
    11     1467.90       0.68125E-03  -0.46441E-03    0.027604    0.215680E-06    0.393322        0.141097E-03
    12     1714.13       0.58339E-03  -0.29031E-03    0.017255    0.842771E-07    0.393386        0.551339E-04
    13     1941.55       0.51505E-03   0.14281E-02    0.084884    0.203955E-05    0.394936        0.133427E-02
    14     2003.04       0.49924E-03   0.56410E-02    0.335290    0.318214E-04    0.419122        0.208175E-01
    15     2017.96       0.49555E-03   0.50916E-02    0.302629    0.259239E-04    0.438826        0.169594E-01
    16     2135.66       0.46824E-03   0.50733E-02    0.301545    0.257384E-04    0.458388        0.168380E-01
    17     2183.76       0.45793E-03   0.10468E-01    0.622198    0.109581E-03    0.541675        0.716877E-01
    18     2212.56       0.45197E-03  -0.14474E-02    0.086030    0.209498E-05    0.543268        0.137053E-02
    19     2301.31       0.43453E-03  -0.23403E-02    0.139103    0.547710E-05    0.547431        0.358311E-02
    20     2364.18       0.42298E-03  -0.99609E-02    0.592053    0.992199E-04    0.622843        0.649094E-01
    21     2369.94       0.42195E-03   0.10595E-01    0.629727    0.112249E-03    0.708158        0.734331E-01
    22     2537.21       0.39413E-03  -0.50190E-02    0.298314    0.251899E-04    0.727303        0.164792E-01
    23     2704.29       0.36978E-03   0.59263E-03    0.035224    0.351208E-06    0.727570        0.229760E-03
    24     2874.96       0.34783E-03  -0.39667E-03    0.023577    0.157349E-06    0.727690        0.102938E-03
    25     2924.00       0.34200E-03  -0.26802E-03    0.015930    0.718351E-07    0.727744        0.469944E-04
    26     2950.88       0.33888E-03  -0.42078E-02    0.250099    0.177053E-04    0.741201        0.115828E-01
    27     3016.72       0.33149E-03  -0.29825E-03    0.017727    0.889519E-07    0.741269        0.581922E-04
    28     3201.73       0.31233E-03  -0.74074E-03    0.044028    0.548697E-06    0.741686        0.358957E-03
    29     3237.68       0.30886E-03   0.32526E-02    0.193326    0.105794E-04    0.749727        0.692101E-02
    30     3368.53       0.29687E-03   0.80505E-03    0.047850    0.648104E-06    0.750219        0.423988E-03
    31     3460.29       0.28899E-03  -0.90720E-02    0.539219    0.823017E-04    0.812773        0.538416E-01
    32     3551.45       0.28157E-03   0.81419E-02    0.483934    0.662904E-04    0.863157        0.433671E-01
    33     3597.70       0.27796E-03  -0.12168E-01    0.723264    0.148072E-03    0.975699        0.968681E-01
    34     3654.57       0.27363E-03   0.46100E-02    0.274010    0.212526E-04    0.991852        0.139034E-01
    35     3692.04       0.27085E-03  -0.38422E-03    0.022837    0.147623E-06    0.991964        0.965749E-04
    36     3775.15       0.26489E-03   0.28467E-03    0.016920    0.810395E-07    0.992026        0.530159E-04
    37     3911.14       0.25568E-03  -0.21114E-02    0.125497    0.445804E-05    0.995414        0.291644E-02
    38     3986.07       0.25087E-03  -0.24564E-02    0.146000    0.603373E-05     1.00000        0.394725E-02
 -----------------------------------------------------------------------------------------------------------------
   sum                                                            0.131570E-02                    0.860729    
 -----------------------------------------------------------------------------------------------------------------





 *** NOTE ***                            ELAPSED TIME =     696.263   TIME= 10:34:15
 The modes requested are mass normalized (Nrmkey on MODOPT).  However,   
 the modal masses and kinetic energies below are calculated with unit    
 normalized modes.                                                       

        ***** MODAL MASSES, KINETIC ENERGIES, AND TRANSLATIONAL EFFECTIVE MASSES SUMMARY *****

                                                                         EFFECTIVE MASS
  MODE  FREQUENCY   MODAL MASS     KENE      |      X-DIR      RATIO%   Y-DIR      RATIO%   Z-DIR      RATIO% 
     1   486.0      0.4387E-02  0.2045E+05   |    0.1461E-05    0.00  0.1152E-02    0.46  0.8456E-02    3.36
     2   597.0      0.3352E-02  0.2358E+05   |    0.6004E-06    0.00  0.4859E-03    0.19  0.4046E-02    1.61
     3   645.4      0.2284E-01  0.1878E+06   |    0.5977E-01   23.73  0.7144E-05    0.00  0.1265E-03    0.05
     4   781.4      0.3824E-01  0.4609E+06   |    0.7836E-01   31.12  0.2861E-07    0.00  0.5007E-04    0.02
     5   820.2      0.3924E-01  0.5212E+06   |    0.9825E-03    0.39  0.2614E-05    0.00  0.6080E-03    0.24
     6   826.3      0.2689E-02  0.3623E+05   |    0.3683E-03    0.15  0.5834E-05    0.00  0.1014E-01    4.03
     7   1122.      0.3009E-02  0.7478E+05   |    0.4548E-03    0.18  0.3206E-05    0.00  0.8510E-05    0.00
     8   1139.      0.1817E-02  0.4654E+05   |    0.3283E-03    0.13  0.3705E-04    0.01  0.1076E-01    4.27
     9   1200.      0.6802E-02  0.1933E+06   |    0.6087E-05    0.00  0.2675E-03    0.11  0.1457E-02    0.58
    10   1366.      0.8618E-03  0.3175E+05   |    0.1466E-03    0.06  0.9709E-04    0.04  0.1606E-03    0.06
    11   1468.      0.3044E-02  0.1295E+06   |    0.8542E-04    0.03  0.4799E-04    0.02  0.1256E-01    4.99
    12   1714.      0.1580E-02  0.9165E+05   |    0.4438E-05    0.00  0.8712E-05    0.00  0.1047E-01    4.16
    13   1942.      0.3036E-02  0.2259E+06   |    0.3985E-03    0.16  0.4386E-03    0.17  0.1371E-03    0.05
    14   2003.      0.2481E-02  0.1965E+06   |    0.6581E-03    0.26  0.2376E-02    0.94  0.9297E-02    3.69
    15   2018.      0.1855E-02  0.1491E+06   |    0.2677E-02    1.06  0.1030E-02    0.41  0.1613E-02    0.64
    16   2136.      0.2219E-01  0.1998E+07   |    0.1492E-03    0.06  0.2412E-01    9.58  0.7540E-02    2.99
    17   2184.      0.8988E-01  0.8461E+07   |    0.9751E-04    0.04  0.1587       63.02  0.1221E-02    0.48
    18   2213.      0.6822E-02  0.6592E+06   |    0.1292E-04    0.01  0.3924E-03    0.16  0.8939E-01   35.50
    19   2301.      0.2518E-01  0.2632E+07   |    0.3702E-06    0.00  0.6753E-03    0.27  0.8156E-03    0.32
    20   2364.      0.1951E-01  0.2153E+07   |    0.7678E-05    0.00  0.1327E-01    5.27  0.2569E-01   10.20
    21   2370.      0.1697E-01  0.1882E+07   |    0.6427E-04    0.03  0.1850E-01    7.35  0.5930E-02    2.35
    22   2537.      0.5508E-01  0.6999E+07   |    0.7234E-04    0.03  0.1389E-02    0.55  0.9370E-03    0.37
    23   2704.      0.3335E-02  0.4814E+06   |    0.1478E-03    0.06  0.7691E-07    0.00  0.6513E-03    0.26
    24   2875.      0.1988E-02  0.3244E+06   |    0.5548E-04    0.02  0.1195E-04    0.00  0.3682E-05    0.00
    25   2924.      0.4637E-03  0.7826E+05   |    0.1260E-02    0.50  0.2180E-05    0.00  0.1123E-01    4.46
    26   2951.      0.3128E-03  0.5377E+05   |    0.2081E-02    0.83  0.6990E-08    0.00  0.2886E-03    0.11
    27   3017.      0.9714E-04  0.1745E+05   |    0.4649E-03    0.18  0.1050E-03    0.04  0.1152E-03    0.05
    28   3202.      0.3350E-02  0.6778E+06   |    0.2049E-03    0.08  0.5424E-04    0.02  0.3334E-03    0.13
    29   3238.      0.9593E-02  0.1985E+07   |    0.2267E-02    0.90  0.3190E-03    0.13  0.5871E-04    0.02
    30   3369.      0.7391E-02  0.1655E+07   |    0.1074E-01    4.26  0.1570E-03    0.06  0.1204E-02    0.48
    31   3460.      0.8059E-02  0.1905E+07   |    0.2086E-01    8.28  0.1071E-04    0.00  0.3567E-05    0.00
    32   3551.      0.5904E-02  0.1470E+07   |    0.9052E-02    3.59  0.1519E-04    0.01  0.2514E-03    0.10
    33   3598.      0.7355E-02  0.1879E+07   |    0.1587E-01    6.30  0.8915E-05    0.00  0.4398E-03    0.17
    34   3655.      0.3826E-02  0.1009E+07   |    0.7518E-02    2.99  0.4882E-04    0.02  0.8028E-05    0.00
    35   3692.      0.4032E-02  0.1085E+07   |    0.1854E-02    0.74  0.2924E-03    0.12  0.1085E-02    0.43
    36   3775.      0.8263E-02  0.2325E+07   |    0.2514E-03    0.10  0.1267E-03    0.05  0.2174E-05    0.00
    37   3911.      0.4948E-02  0.1494E+07   |    0.1595E-02    0.63  0.7086E-04    0.03  0.8409E-02    3.34
    38   3986.      0.3127E-01  0.9807E+07   |    0.8364E-03    0.33  0.2078E-05    0.00  0.4665E-04    0.02
 --------------------------------------------------------------------------------------------------------------
   sum                                       |    0.2197       87.24  0.2242       89.04  0.2255       89.56
 --------------------------------------------------------------------------------------------------------------


 *** MAPDL BINARY FILE STATISTICS
  BUFFER SIZE USED= 16384
      390.375 MB WRITTEN ON ELEMENT MATRIX FILE: file0.emat
      114.000 MB WRITTEN ON ELEMENT SAVED DATA FILE: file0.esav
      274.375 MB WRITTEN ON ASSEMBLED MATRIX FILE: file0.full
       47.938 MB WRITTEN ON MODAL MATRIX FILE: file0.mode
      712.562 MB WRITTEN ON RESULTS FILE: file0.rst

 DELETE ALL SPECIFIED NODAL LOADS FROM NODE         1 TO    379902 BY       1

 NUMBER OF NODAL LOADS DELETED=       0

 ACEL=    0.0000      0.0000      0.0000    

  CMOMEGA on ALL components are being deleted.

 CGOMGA=  0.0000      0.0000      0.0000    

 CMDOMEGA on ALL components are being deleted.

 DCGOMG=  0.0000      0.0000      0.0000    
 *************** Write FE CONNECTORS *********

 WRITE OUT CONSTRAINT EQUATIONS TO FILE= file.ce                                                                                                                                                                                                                                                             

 *GET  _NMODALSOLPROC  FROM  ACTI  ITEM=NUMC       VALUE=  12.0000000    

 FINISH SOLUTION PROCESSING

 RESULTS WRITTEN TO FILE: file.mode
    TOTAL SIZE =     3783.375 MB

 RESULTS WRITTEN TO FILE: file0.mode
    TOTAL SIZE =      540.438 MB


 ***** ROUTINE COMPLETED *****  ELAPSED TIME =       938.086



 ALL CURRENT MAPDL DATA WRITTEN TO FILE NAME= file.db
  FOR POSSIBLE RESUME FROM THIS POINT

 PRINTOUT RESUMED BY /GOP

 *GET  _WALLASOL  FROM  ACTI  ITEM=TIME WALL  VALUE= 0.261215273    

 *** MAPDL - ENGINEERING ANALYSIS SYSTEM  RELEASE 2026 R1.02       26.1     ***
 Ansys Mechanical Enterprise Academic Research     
 01196637  VERSION=WINDOWS x64   10:38:19  OCT 05, 2026 Elapsed Time=    940.405

 powerboardsim_v1--RANDOM VIBE - expanded prestressed modal basis (C5)         



          ***** MAPDL RESULTS INTERPRETATION (POST1) *****

 *** NOTE ***                            ELAPSED TIME =     940.406   TIME= 10:38:19
 Reading results into the database (SET command) will update the current 
 displacement and force boundary conditions in the database with the     
 values from the results file for that load set.  Note that any          
 subsequent solutions will use these values unless action is taken to    
 either SAVE the current values or not overwrite them (/EXIT,NOSAVE).    

 *** NOTE ***                            ELAPSED TIME =     940.406   TIME= 10:38:19
 The nodal coordinates were updated from their original locations during 
 a prior operation (an explicit UPCOORD or UPGEOM, or a linear           
 perturbation analysis).                                                 

 PRINTOUT RESUMED BY /GOP

 PARAMETER _MECHOBJID =     4139.000000    

 PARAMETER _MECHANALYSISSTEP =     0.000000000    

 SET PARAMETER DIMENSIONS ON  _APDLBOLTCSIDS
  TYPE=ARRA  DIMENSIONS=        1        1        1

 *** WARNING ***                         ELAPSED TIME =     940.719   TIME= 10:38:19
 Parameter _APDLBOLTCSIDS already exists.  It is deleted and redefined   
 by the *DIM command.                                                    

 PARAMETER _APDLBOLTCSIDS(1) =     12.00000000    

 PARAMETER _BOLTZLOC =     0.000000000    

 PARAMETER _NUTWASHERZLOC =     0.000000000    

 PARAMETER _NUTZLOC =     0.000000000    

 PARAMETER _MECHOBJID =     4147.000000    

 PARAMETER _MECHANALYSISSTEP =     0.000000000    

 SET PARAMETER DIMENSIONS ON  _APDLBOLTCSIDS
  TYPE=ARRA  DIMENSIONS=        1        1        1

 *** WARNING ***                         ELAPSED TIME =     940.720   TIME= 10:38:19
 Parameter _APDLBOLTCSIDS already exists.  It is deleted and redefined   
 by the *DIM command.                                                    

 PARAMETER _APDLBOLTCSIDS(1) =     12.00000000    

 PARAMETER _BOLTZLOC =     0.000000000    

 PARAMETER _NUTWASHERZLOC =     0.000000000    

 PARAMETER _NUTZLOC =     0.000000000    

 PARAMETER _MECHOBJID =     4155.000000    

 PARAMETER _MECHANALYSISSTEP =     0.000000000    

 SET PARAMETER DIMENSIONS ON  _APDLBOLTCSIDS
  TYPE=ARRA  DIMENSIONS=        1        1        1

 *** WARNING ***                         ELAPSED TIME =     940.721   TIME= 10:38:19
 Parameter _APDLBOLTCSIDS already exists.  It is deleted and redefined   
 by the *DIM command.                                                    

 PARAMETER _APDLBOLTCSIDS(1) =     12.00000000    

 PARAMETER _BOLTZLOC =     0.000000000    

 PARAMETER _NUTWASHERZLOC =     0.000000000    

 PARAMETER _NUTZLOC =     0.000000000    

 PARAMETER _MECHOBJID =     4163.000000    

 PARAMETER _MECHANALYSISSTEP =     0.000000000    

 SET PARAMETER DIMENSIONS ON  _APDLBOLTCSIDS
  TYPE=ARRA  DIMENSIONS=        1        1        1

 *** WARNING ***                         ELAPSED TIME =     940.721   TIME= 10:38:19
 Parameter _APDLBOLTCSIDS already exists.  It is deleted and redefined   
 by the *DIM command.                                                    

 PARAMETER _APDLBOLTCSIDS(1) =     12.00000000    

 PARAMETER _BOLTZLOC =     0.000000000    

 PARAMETER _NUTWASHERZLOC =     0.000000000    

 PARAMETER _NUTZLOC =     0.000000000    

 PARAMETER _MECHOBJID =     4171.000000    

 PARAMETER _MECHANALYSISSTEP =     0.000000000    

 SET PARAMETER DIMENSIONS ON  _APDLBOLTCSIDS
  TYPE=ARRA  DIMENSIONS=        1        1        1

 *** WARNING ***                         ELAPSED TIME =     940.722   TIME= 10:38:19
 Parameter _APDLBOLTCSIDS already exists.  It is deleted and redefined   
 by the *DIM command.                                                    

 PARAMETER _APDLBOLTCSIDS(1) =     12.00000000    

 PARAMETER _BOLTZLOC =     0.000000000    

 PARAMETER _NUTWASHERZLOC =     0.000000000    

 PARAMETER _NUTZLOC =     0.000000000    

 PARAMETER _MECHOBJID =     4179.000000    

 PARAMETER _MECHANALYSISSTEP =     0.000000000    

 SET PARAMETER DIMENSIONS ON  _APDLBOLTCSIDS
  TYPE=ARRA  DIMENSIONS=        1        1        1

 *** WARNING ***                         ELAPSED TIME =     940.723   TIME= 10:38:19
 Parameter _APDLBOLTCSIDS already exists.  It is deleted and redefined   
 by the *DIM command.                                                    

 PARAMETER _APDLBOLTCSIDS(1) =     12.00000000    

 PARAMETER _BOLTZLOC =     0.000000000    

 PARAMETER _NUTWASHERZLOC =     0.000000000    

 PARAMETER _NUTZLOC =     0.000000000    

 Set Encoding of XML File to:ISO-8859-1

 Set Output of XML File to:
     PARM,     ,     ,     ,     ,     ,     ,     ,     ,     ,     ,     ,
         ,     ,     ,     ,     ,     ,     ,

 DATABASE WRITTEN ON FILE  parm.xml                                                                                                                                                                                                                                                            

 EXIT THE MAPDL POST1 DATABASE PROCESSOR


 ***** ROUTINE COMPLETED *****  ELAPSED TIME =       940.727



 PRINTOUT RESUMED BY /GOP

 *GET  _WALLDONE  FROM  ACTI  ITEM=TIME WALL  VALUE= 0.261313184    

 PARAMETER _PREPTIME =     20.19948792    

 PARAMETER _SOLVTIME =     907.7794940    

 PARAMETER _POSTTIME =    0.3524796667    

 PARAMETER _TOTALTIM =     928.3314615    

 *GET  _DLBRATIO  FROM  ACTI  ITEM=SOLU DLBR  VALUE=  1.82363490    

 *GET  _COMBTIME  FROM  ACTI  ITEM=SOLU COMB  VALUE=  212.314079    

 *GET  _SSMODE   FROM  ACTI  ITEM=SOLU SSMM  VALUE=  2.00000000    

 *GET  _NDOFS    FROM  ACTI  ITEM=SOLU NDOF  VALUE=  1071426.00    
 --- Total number of nodes = 369590
 --- Total number of elements = 248516
 --- Element load balance ratio = 1.8236349
 --- Time to combine distributed files = 212.314079
 --- Sparse memory mode = 2
 --- Number of DOF = 1071426

 EXIT MAPDL WITHOUT SAVING DATABASE


 NUMBER OF WARNING MESSAGES ENCOUNTERED=       2251
 NUMBER OF ERROR   MESSAGES ENCOUNTERED=          0

 *** WARNING ***                         ELAPSED TIME =     954.109   TIME= 10:38:33
 During this session the elapsed time exceeds the CPU time by 50%.  This 
 often indicates either a lack of physical memory (RAM) required to      
 efficiently handle this simulation or a particularly slow hard drive    
 configuration.  This simulation can be expected to run faster on        
 identical hardware if additional RAM or a faster hard drive             
 configuration is made available.  For more details, please see the      
 Mechanical APDL Performance Guide which is part of the Ansys Help       
 system.                                                                 

+--------------------- M A P D L   S T A T I S T I C S ------------------------+

Release: 2026 R1.02         Build: 26.1       Update: UP20260202   Platform: WINDOWS x64 
Date Run: 10/05/2026   Time: 10:38     Process ID: 10580
Operating System: Windows 11  (Build: 26200)

Processor Model:                           Virtual CPU @ 3.20GHz

Compiler: Intel(R) Fortran Compiler Classic Version 2021.9  (Build: 20230302)
          Intel(R) C/C++ Compiler Classic Version 2021.9  (Build: 20230302)
          AOCL-BLAS 5.1.1 Build 20251008
          Intel(R) oneAPI Math Kernel Library Version 2024.2.3-Product Build 20250403

Number of machines requested            :    1
Total number of cores available         :   14
Number of physical cores available      :   14
Number of processes requested           :   12
Number of threads per process requested :    1
Total number of cores requested         :   12 (Distributed Memory Parallel)               
MPI Type: INTELMPI
MPI Version: Intel(R) MPI Library 2021.16 for Windows* OS


GPU Acceleration: Not Requested

Job Name: file0
Input File: dummy.dat

  Core                Machine Name   Working Directory
 -----------------------------------------------------
     0             MARCDNICHITBF25   Z:\Developer\MIT_Rkt_Team\2026-7\MIT-RT-26_27-Work\simulation_work\avionics\powerboardsim\1\_ProjectScratch\Scr5406
     1             MARCDNICHITBF25   Z:\Developer\MIT_Rkt_Team\2026-7\MIT-RT-26_27-Work\simulation_work\avionics\powerboardsim\1\_ProjectScratch\Scr5406
     2             MARCDNICHITBF25   Z:\Developer\MIT_Rkt_Team\2026-7\MIT-RT-26_27-Work\simulation_work\avionics\powerboardsim\1\_ProjectScratch\Scr5406
     3             MARCDNICHITBF25   Z:\Developer\MIT_Rkt_Team\2026-7\MIT-RT-26_27-Work\simulation_work\avionics\powerboardsim\1\_ProjectScratch\Scr5406
     4             MARCDNICHITBF25   Z:\Developer\MIT_Rkt_Team\2026-7\MIT-RT-26_27-Work\simulation_work\avionics\powerboardsim\1\_ProjectScratch\Scr5406
     5             MARCDNICHITBF25   Z:\Developer\MIT_Rkt_Team\2026-7\MIT-RT-26_27-Work\simulation_work\avionics\powerboardsim\1\_ProjectScratch\Scr5406
     6             MARCDNICHITBF25   Z:\Developer\MIT_Rkt_Team\2026-7\MIT-RT-26_27-Work\simulation_work\avionics\powerboardsim\1\_ProjectScratch\Scr5406
     7             MARCDNICHITBF25   Z:\Developer\MIT_Rkt_Team\2026-7\MIT-RT-26_27-Work\simulation_work\avionics\powerboardsim\1\_ProjectScratch\Scr5406
     8             MARCDNICHITBF25   Z:\Developer\MIT_Rkt_Team\2026-7\MIT-RT-26_27-Work\simulation_work\avionics\powerboardsim\1\_ProjectScratch\Scr5406
     9             MARCDNICHITBF25   Z:\Developer\MIT_Rkt_Team\2026-7\MIT-RT-26_27-Work\simulation_work\avionics\powerboardsim\1\_ProjectScratch\Scr5406
    10             MARCDNICHITBF25   Z:\Developer\MIT_Rkt_Team\2026-7\MIT-RT-26_27-Work\simulation_work\avionics\powerboardsim\1\_ProjectScratch\Scr5406
    11             MARCDNICHITBF25   Z:\Developer\MIT_Rkt_Team\2026-7\MIT-RT-26_27-Work\simulation_work\avionics\powerboardsim\1\_ProjectScratch\Scr5406
 
Latency time from master to core     1 =   32.187 microseconds
Latency time from master to core     2 =   26.784 microseconds
Latency time from master to core     3 =   30.893 microseconds
Latency time from master to core     4 =   28.876 microseconds
Latency time from master to core     5 =   30.098 microseconds
Latency time from master to core     6 =   29.144 microseconds
Latency time from master to core     7 =   28.708 microseconds
Latency time from master to core     8 =   29.085 microseconds
Latency time from master to core     9 =   27.203 microseconds
Latency time from master to core    10 =   28.503 microseconds
Latency time from master to core    11 =   28.359 microseconds
 
Communication speed from master to core     1 =  2142.66 MB/sec
Communication speed from master to core     2 =  2032.29 MB/sec
Communication speed from master to core     3 =  2154.20 MB/sec
Communication speed from master to core     4 =  2102.55 MB/sec
Communication speed from master to core     5 =  2015.19 MB/sec
Communication speed from master to core     6 =  2090.82 MB/sec
Communication speed from master to core     7 =  2143.23 MB/sec
Communication speed from master to core     8 =  1751.79 MB/sec
Communication speed from master to core     9 =  2217.76 MB/sec
Communication speed from master to core    10 =  2291.83 MB/sec
Communication speed from master to core    11 =  1992.26 MB/sec

Total CPU time for main thread                    :      636.3 seconds
Total CPU time summed for all threads             :      663.0 seconds

Elapsed time spent obtaining a license            :        0.6 seconds
Elapsed time spent pre-processing model (/PREP7)  :        0.0 seconds
Elapsed time spent solution - preprocessing       :       14.7 seconds
Elapsed time spent computing solution             :      669.6 seconds
   Elapsed time in element formation & assembly   :       72.4 seconds
   Elapsed time in equation solver                :      125.3 seconds
   Elapsed time in element result calculations    :      459.3 seconds
Elapsed time spent solution - postprocessing      :      212.3 seconds
Elapsed time spent post-processing model (/POST1) :        0.3 seconds
 
Eigensolver used                                  :            Block Lanczos
Sparse direct equation solver computational rate  :       47.8 Gflops
Sparse direct equation solver effective I/O rate  :      105.0 GB/sec

Sum of disk space used on all processes           :    21372.3 MB

Sum of memory used on all processes               :    20747.0 MB
Sum of memory allocated on all processes          :    26299.0 MB
Physical memory available                         :        112 GB
Total amount of I/O written to disk               :       16.6 GB
Total amount of I/O read from disk                :      146.7 GB

+------------------ E N D   M A P D L   S T A T I S T I C S -------------------+


 *-----------------------------------------------------------------------------*
 |                                                                             |
 |                               RUN COMPLETED                                 |
 |                                                                             |
 |-----------------------------------------------------------------------------|
 |                                                                             |
 |  Ansys MAPDL 2026 R1.02      Build 26.1         UP20260202    WINDOWS x64   |
 |                                                                             |
 |-----------------------------------------------------------------------------|
 |                                                                             |
 |  Database Requested(-db)     1024 MB     Scratch Memory Requested   1024 MB |
 |  Max Database Used(Master)    410 MB     Max Scratch Used(Master)   2412 MB |
 |  Max Database Used(Workers)     1 MB     Max Scratch Used(Workers)  3874 MB |
 |  Sum Database Used(All)       421 MB     Sum Scratch Used(All)     20326 MB |
 |                                                                             |
 |-----------------------------------------------------------------------------|
 |                                                                             |
 |        CP Time      (sec) =        663.000       Time  =  10:38:33          |
 |        Elapsed Time (sec) =        954.108       Date  =  10/05/2026        |
 |                                                                             |
 *-----------------------------------------------------------------------------*
