saved_time_s,recession_depth_mm,contour_099_depth_mm,signed_distance_099_mm,contour_095_depth_mm,signed_distance_095_mm,contour_090_depth_mm,signed_distance_090_mm
1,0.048561164,,,,,,
2,0.085108474,,,0.0412302519618,-0.0438782220382,0.0931410889345,0.00803261493455
3,0.11761921,0.109598931623,-0.00802027837684,0.248072631301,0.130453421301,0.305751915118,0.188132705118
4,0.1473098,0.300607740441,0.153297940441,0.423627640852,0.276317840852,0.497884143266,0.350574343266
5,0.17483434,0.470856008909,0.296021668909,0.58472948097,0.40989514097,0.651064106488,0.476229766488
6,0.20062122,0.607507762002,0.406886542002,0.733059555521,0.532438335521,0.797679048935,0.597057828935
6.15,0.20435836,0.630614101754,0.426255741754,0.75866440011,0.55430604011,0.833805366087,0.629447006087
