
 Ansys Mechanical Enterprise Academic Research     


 *------------------------------------------------------------------*
 |                                                                  |
 |   W E L C O M E   T O   T H E   A N S Y S (R)  P R O G R A M     |
 |                                                                  |
 *------------------------------------------------------------------*




 ***************************************************************
 *         ANSYS MAPDL 2026 R1.02       LEGAL NOTICES          *
 ***************************************************************
 *                                                             *
 * Copyright (c) 2026 Synopsys, Inc. and ANSYS, Inc.           *
 * All rights reserved.                                        *
 * Unauthorized use, distribution or duplication is            *
 * prohibited.                                                 *
 *                                                             *
 * Ansys is a registered trademark of Ansys, Inc. or its       *
 * subsidiaries in the United States or other countries.       *
 * See the Ansys, Inc. online documentation or the Ansys, Inc. *
 * documentation CD or online help for the complete Legal      *
 * Notice.                                                     *
 *                                                             *
 ***************************************************************
 *                                                             *
 * THIS ANSYS SOFTWARE PRODUCT AND PROGRAM DOCUMENTATION       *
 * INCLUDE TRADE SECRETS AND CONFIDENTIAL AND PROPRIETARY      *
 * PRODUCTS OF ANSYS, INC., ITS SUBSIDIARIES, OR LICENSORS.    *
 * The software products and documentation are furnished by    *
 * Ansys, Inc. or its subsidiaries under a software license    *
 * agreement that contains provisions concerning               *
 * non-disclosure, copying, length and nature of use,          *
 * compliance with exporting laws, warranties, disclaimers,    *
 * limitations of liability, and remedies, and other           *
 * provisions.  The software products and documentation may be *
 * used, disclosed, transferred, or copied only in accordance  *
 * with the terms and conditions of that software license      *
 * agreement.                                                  *
 *                                                             *
 * Ansys, Inc. is a UL registered                              *
 * ISO 9001:2015 company.                                      *
 *                                                             *
 ***************************************************************
 *                                                             *
 * This product is subject to U.S. laws governing export and   *
 * re-export.                                                  *
 *                                                             *
 * For U.S. Government users, except as specifically granted   *
 * by the Ansys, Inc. software license agreement, the use,     *
 * duplication, or disclosure by the United States Government  *
 * is subject to restrictions stated in the Ansys, Inc.        *
 * software license agreement and FAR 12.212 (for non-DOD      *
 * licenses).                                                  *
 *                                                             *
 ***************************************************************

 2026 R1.02  
     
 Point Releases and Patches installed:   
     
 Ansys Service Pack 2026 R1.01   
 Ansys Service Pack 2026 R1.02   
 Ansys, Inc. License Manager 2026 R1 
 Ansys, Inc. License Manager 2026 R1.01  
 Ansys, Inc. License Manager 2026 R1.02  
 Discovery (reduced install) 2026 R1 
 Discovery (reduced install) 2026 R1.01  
 Discovery (reduced install) 2026 R1.02  
 Core WB Files 2026 R1   
 Core WB Files 2026 R1.01
 Core WB Files 2026 R1.02
 BladeModeler 2026 R1
 BladeModeler 2026 R1.01 
 BladeModeler 2026 R1.02 
 CFX (includes CFD-Post) 2026 R1 
 CFX (includes CFD-Post) 2026 R1.01  
 CFX (includes CFD-Post) 2026 R1.02  
 CFD-Post only 2026 R1   
 CFD-Post only 2026 R1.01
 CFD-Post only 2026 R1.02
 Chemkin 2026 R1 
 Chemkin 2026 R1.01  
 Chemkin 2026 R1.02  
 EnSight 2026 R1 
 EnSight 2026 R1.01  
 EnSight 2026 R1.02  
 FENSAP-ICE 2026 R1  
 FENSAP-ICE 2026 R1.01   
 FENSAP-ICE 2026 R1.02   
 Fluent (includes CFD-Post) 2026 R1  
 Fluent (includes CFD-Post) 2026 R1.01   
 Fluent (includes CFD-Post) 2026 R1.02   
 Polyflow (includes CFD-Post) 2026 R1
 Polyflow (includes CFD-Post) 2026 R1.01 
 Polyflow (includes CFD-Post) 2026 R1.02 
 Forte (includes EnSight) 2026 R1
 Forte (includes EnSight) 2026 R1.01 
 Forte (includes EnSight) 2026 R1.02 
 ICEM CFD 2026 R1
 ICEM CFD 2026 R1.01 
 ICEM CFD 2026 R1.02 
 RBF Morph Fluids UDF 2026 R1
 RBF Morph Fluids UDF 2026 R1.01 
 RBF Morph Fluids UDF 2026 R1.02 
 RBF Morph Libraries 2026 R1 
 RBF Morph Libraries 2026 R1.01  
 RBF Morph Libraries 2026 R1.02  
 Rocky 2026 R1   
 Rocky 2026 R1.01
 Rocky 2026 R1.02
 Thermal Desktop: AutoCAD 2026 R1
 Thermal Desktop: AutoCAD 2026 R1.01 
 Thermal Desktop: AutoCAD 2026 R1.02 
 Thermal Desktop: Thermal Desktop and TD Designer  2026 R1   
 Thermal Desktop: Thermal Desktop and TD Designer  2026 R1.01
 Thermal Desktop: Thermal Desktop and TD Designer  2026 R1.02
 Thermal Desktop: Sinda Solver 2026 R1   
 Thermal Desktop: Sinda Solver 2026 R1.01
 Thermal Desktop: Sinda Solver 2026 R1.02
 TurboGrid 2026 R1   
 TurboGrid 2026 R1.01
 TurboGrid 2026 R1.02
 Granta EduPack 2026 R1  
 Granta EduPack 2026 R1.01   
 Granta EduPack 2026 R1.02   
 Granta Selector 2026 R1 
 Granta Selector 2026 R1.01  
 Granta Selector 2026 R1.02  
 Dynamic Reporting 2026 R1   
 Dynamic Reporting 2026 R1.01
 Dynamic Reporting 2026 R1.02
 Remote Solve Manager Standalone Services 2026 R1
 Remote Solve Manager Standalone Services 2026 R1.01 
 Remote Solve Manager Standalone Services 2026 R1.02 
 Aqwa 2026 R1
 Aqwa 2026 R1.01 
 Aqwa 2026 R1.02 
 Autodyn 2026 R1 
 Autodyn 2026 R1.01  
 Autodyn 2026 R1.02  
 Customization Files for User Programmable Features 2026 R1  
 Customization Files for User Programmable Features 2026 R1.01   
 Customization Files for User Programmable Features 2026 R1.02   
 LS-DYNA 2026 R1 
 LS-DYNA 2026 R1.01  
 LS-DYNA 2026 R1.02  
 Material Calibration App 2026 R1
 Material Calibration App 2026 R1.01 
 Material Calibration App 2026 R1.02 
 Material Designer 2026 R1   
 Material Designer 2026 R1.01
 Material Designer 2026 R1.02
 Mechanical Products 2026 R1 
 Mechanical Products 2026 R1.01  
 Mechanical Products 2026 R1.02  
 Motion 2026 R1  
 Motion 2026 R1.01   
 Motion 2026 R1.02   
 RBF Morph 2026 R1   
 RBF Morph 2026 R1.01
 RBF Morph 2026 R1.02
 Sherlock 2026 R1
 Sherlock 2026 R1.01 
 Sherlock 2026 R1.02 
 Sound - SAS 2026 R1 
 Sound - SAS 2026 R1.01  
 Sound - SAS 2026 R1.02  
 ACIS Geometry Interface 2026 R1 
 ACIS Geometry Interface 2026 R1.01  
 ACIS Geometry Interface 2026 R1.02  
 AutoCAD Geometry Interface 2026 R1  
 AutoCAD Geometry Interface 2026 R1.01   
 AutoCAD Geometry Interface 2026 R1.02   
 Catia, Version 4 Geometry Interface 2026 R1 
 Catia, Version 4 Geometry Interface 2026 R1.01  
 Catia, Version 4 Geometry Interface 2026 R1.02  
 Catia, Version 5 Geometry Interface 2026 R1 
 Catia, Version 5 Geometry Interface 2026 R1.01  
 Catia, Version 5 Geometry Interface 2026 R1.02  
 Catia, Version 6 Geometry Interface 2026 R1 
 Catia, Version 6 Geometry Interface 2026 R1.01  
 Catia, Version 6 Geometry Interface 2026 R1.02  
 Creo Elements/Direct Modeling Geometry Interface 2026 R1
 Creo Elements/Direct Modeling Geometry Interface 2026 R1.01 
 Creo Elements/Direct Modeling Geometry Interface 2026 R1.02 
 Creo Parametric Geometry Interface 2026 R1  
 Creo Parametric Geometry Interface 2026 R1.01   
 Creo Parametric Geometry Interface 2026 R1.02   
 Inventor Geometry Interface 2026 R1 
 Inventor Geometry Interface 2026 R1.01  
 Inventor Geometry Interface 2026 R1.02  
 JTOpen Geometry Interface 2026 R1   
 JTOpen Geometry Interface 2026 R1.01
 JTOpen Geometry Interface 2026 R1.02
 NX Geometry Interface 2026 R1   
 NX Geometry Interface 2026 R1.01
 NX Geometry Interface 2026 R1.02
 Parasolid Geometry Interface  2026 R1   
 Parasolid Geometry Interface  2026 R1.01
 Parasolid Geometry Interface  2026 R1.02
 Solid Edge Geometry Interface 2026 R1   
 Solid Edge Geometry Interface 2026 R1.01
 Solid Edge Geometry Interface 2026 R1.02
 SOLIDWORKS Geometry Interface 2026 R1   
 SOLIDWORKS Geometry Interface 2026 R1.01
 SOLIDWORKS Geometry Interface 2026 R1.02


          *****  MAPDL COMMAND LINE ARGUMENTS  *****
  BATCH MODE REQUESTED (-b)    = NOLIST
  INPUT FILE COPY MODE (-c)    = COPY
  DISTRIBUTED MEMORY PARALLEL REQUESTED
      10 PARALLEL PROCESSES REQUESTED WITH SINGLE THREAD PER PROCESS
    TOTAL OF    10 CORES REQUESTED
  INPUT FILE NAME              = C:\ansys_sector_sim2\_ProjectScratch\Scr19BB\dummy.dat
  OUTPUT FILE NAME             = C:\ansys_sector_sim2\_ProjectScratch\Scr19BB\solve.out
  START-UP FILE MODE           = NOREAD
  STOP FILE MODE               = NOREAD

 User Link path (ANS_USER_PATH): C:\ansys_sector_sim2                                                                                                                                                                                                                                    

 RELEASE= 2026 R1.02           BUILD= 26.1      UP20260202   VERSION=WINDOWS x64 
 CURRENT JOBNAME=file0  11:06:39  SEP 18, 2026  Elapsed Time=       0.312
 Note - This MAPDL version was linked by Licensee

 PARAMETER _DS_PROGRESS =     999.0000000    

 /INPUT FILE= ds.dat  LINE=       0



 *** NOTE ***                            ELAPSED TIME =       7.316   TIME= 11:06:41
 The /CONFIG,NOELDB command is not valid in a distributed memory         
 parallel solution.  Command is ignored.                                 

 *GET  _WALLSTRT  FROM  ACTI  ITEM=TIME WALL  VALUE= 0.204424245E-02

 TITLE= 
 testbed2--Thermique transitoire (B5)                                          

  ACT Extensions:
      LSDYNA, 2026.1
      5f463412-bd3e-484b-87e7-cbc0a665e474, wbex
      ANSYSMotion, 2026.1
      20180725-3f81-49eb-9f31-41364844c769, wbex

 SET PARAMETER DIMENSIONS ON  _WB_PROJECTSCRATCH_DIR
  TYPE=STRI  DIMENSIONS=      248        1        1

 PARAMETER _WB_PROJECTSCRATCH_DIR(1) = C:\ansys_sector_sim2\_ProjectScratch\Scr19BB\

 SET PARAMETER DIMENSIONS ON  _WB_SOLVERFILES_DIR
  TYPE=STRI  DIMENSIONS=      248        1        1

 PARAMETER _WB_SOLVERFILES_DIR(1) = C:\ansys_sector_sim2\testbed2_files\dp0\SYS-3\MECH\

 SET PARAMETER DIMENSIONS ON  _WB_USERFILES_DIR
  TYPE=STRI  DIMENSIONS=      248        1        1

 PARAMETER _WB_USERFILES_DIR(1) = C:\ansys_sector_sim2\testbed2_files\user_files\
 --- Data in consistent MKS units. See Solving Units in the help system for more

 MKS UNITS SPECIFIED FOR INTERNAL    
  LENGTH        (l)  = METER (M)
  MASS          (M)  = KILOGRAM (KG)
  TIME          (t)  = SECOND (SEC)
  TEMPERATURE   (T)  = CELSIUS (C)
  TOFFSET            = 273.0
  CHARGE        (Q)  = COULOMB
  FORCE         (f)  = NEWTON (N) (KG-M/SEC2)
  HEAT               = JOULE (N-M)

  PRESSURE           = PASCAL (NEWTON/M**2)
  ENERGY        (W)  = JOULE (N-M)
  POWER         (P)  = WATT (N-M/SEC)
  CURRENT       (i)  = AMPERE (COULOMBS/SEC)
  CAPACITANCE   (C)  = FARAD
  INDUCTANCE    (L)  = HENRY
  MAGNETIC FLUX      = WEBER
  RESISTANCE    (R)  = OHM
  ELECTRIC POTENTIAL = VOLT

 INPUT  UNITS ARE ALSO SET TO MKS 

 *** MAPDL - ENGINEERING ANALYSIS SYSTEM  RELEASE 2026 R1.02       26.1     ***
 Ansys Mechanical Enterprise Academic Research     
 01196637  VERSION=WINDOWS x64   11:06:41  SEP 18, 2026 Elapsed Time=      7.382

 testbed2--Thermique transitoire (B5)                                          

 Note - This MAPDL version was linked by Licensee

          ***** MAPDL ANALYSIS DEFINITION (PREP7) *****
 *********** Send User Defined Coordinate System(s) ***********
 *********** Nodes for the whole assembly ***********
 *********** Elements for Body 1 'phe0_inner' ***********
 *********** Elements for Body 2 'epoxy' ***********
 *********** Elements for Body 3 'phe1_outer' ***********
 *********** Elements for Body 4 'aluminium' ***********
 *********** Send Materials ***********
 Simulation 2: pyrolysis and local outgassing requested
 *********** Create Contact "Bonded - phe0_outer to epoxy_inner" ***********
             Real Constant Set For Above Contact Is 6 & 5
 *********** Create Contact "Bonded - epoxy_outer to phe1_inner" ***********
             Real Constant Set For Above Contact Is 8 & 7
 *********** Create Contact "Bonded - phe1_outer to aluminium_inner" ***********
             Real Constant Set For Above Contact Is 10 & 9
 *********** Create "Convection 2" ***********
 *********** Create "ToAmbient" Radiation ***********
 ***************** Define Uniform Initial temperature ***************


 ***** ROUTINE COMPLETED *****  ELAPSED TIME =         7.948


 --- Number of total nodes = 54541
 --- Number of contact elements = 2800
 --- Number of spring elements = 0
 --- Number of bearing elements = 0
 --- Number of solid elements = 35200
 --- Number of condensed parts = 0
 --- Number of total elements = 38000

 *GET  _WALLBSOL  FROM  ACTI  ITEM=TIME WALL  VALUE= 0.221053578E-02
 ****************************************************************************
 *************************    SOLUTION       ********************************
 ****************************************************************************

 *****  MAPDL SOLUTION ROUTINE  *****


 PERFORM A TRANSIENT ANALYSIS
  THIS WILL BE A NEW ANALYSIS

 STEP BOUNDARY CONDITION KEY= 1

 CONTACT INFORMATION PRINTOUT LEVEL       1

 CHECK INITIAL OPEN/CLOSED STATUS OF SELECTED CONTACT ELEMENTS
      AND LIST DETAILED CONTACT PAIR INFORMATION

 SPLIT CONTACT SURFACES AT SOLVE PHASE

    NUMBER OF SPLITTING TBD BY PROGRAM

 DO NOT SAVE ANY RESTART FILES AT ALL

 DO NOT COMBINE ELEMENT MATRIX FILES (.emat) AFTER DISTRIBUTED PARALLEL SOLUTION

 DO NOT COMBINE ELEMENT SAVE DATA FILES (.esav) AFTER DISTRIBUTED PARALLEL SOLUTION

 Use Full Nonlinear Thermal Transient Solution

 NLHIST: ADDED NODAL RESULTS HISTORY FOR:
       NAME = MAX_TEMP                        
  ITEM/COMP = TEMPMAX 
       NODE =         0

 NLHIST: ADDED NODAL RESULTS HISTORY FOR:
       NAME = MIN_TEMP                        
  ITEM/COMP = TEMPMIN 
       NODE =         0
 ********* Initial Time Increment Check And Fourier Modulus *********
  Specified Initial Time Increment: 0.05
  Estimated Increment Needed, le*le/alpha, Body 1: 0.0313973
  Estimated Increment Needed, le*le/alpha, Body 2: 0.0323469
  Estimated Increment Needed, le*le/alpha, Body 3: 0.0592804
  Estimated Increment Needed, le*le/alpha, Body 4: 0.000411846
 ****************************************************
 ******************* SOLVE FOR LS 1 OF 1 ****************

 SELECT       FOR ITEM=TYPE COMPONENT=    
  IN RANGE        11 TO         11 STEP          1

        200  ELEMENTS (OF      38000  DEFINED) SELECTED BY  ESEL  COMMAND.

 SELECT      ALL NODES HAVING ANY ELEMENT IN ELEMENT SET.

        303 NODES (OF      54541  DEFINED) SELECTED FROM
      200 SELECTED ELEMENTS BY NSLE COMMAND.

 GENERATE SURFACE LOAD CONV ON SURFACE DEFINED BY ALL SELECTED NODES
 VALUES=  8.00000000      22.0000000    

 NUMBER OF CONV ELEMENT FACE LOADS STORED =        200

 ALL SELECT   FOR ITEM=NODE COMPONENT=    
  IN RANGE         1 TO      54541 STEP          1

      54541  NODES (OF      54541  DEFINED) SELECTED BY NSEL  COMMAND.

 ALL SELECT   FOR ITEM=ELEM COMPONENT=    
  IN RANGE         1 TO      75504 STEP          1

      38000  ELEMENTS (OF      38000  DEFINED) SELECTED BY  ESEL  COMMAND.

 SPECIFIED CONSTRAINT TEMP FOR PICKED NODES 
 REAL=  22.0000000       IMAG=  0.00000000    

 PRINTOUT RESUMED BY /GOP

 USE AUTOMATIC TIME STEPPING THIS LOAD STEP

 USE INITIAL TIME STEP SIZE OF 0.5000000E-01 FOR ALL  DEGREES OF FREEDOM
 FOR AUTOMATIC TIME STEPPING:
   USE 0.1000000E-02 AS THE MINIMUM TIME STEP SIZE
   USE 0.5000000E-01 AS THE MAXIMUM TIME STEP SIZE

 TIME=  7.0000    

 INCLUDE TRANSIENT EFFECTS FOR  ALL DEGREES OF FREEDOM THIS LOAD STEP

 ERASE THE CURRENT DATABASE OUTPUT CONTROL TABLE.


 WRITE ALL  ITEMS TO THE DATABASE WITH A FREQUENCY OF NONE
   FOR ALL APPLICABLE ENTITIES

 WRITE NSOL ITEMS TO THE DATABASE WITH A FREQUENCY OF ALL 
   FOR ALL APPLICABLE ENTITIES

 WRITE RSOL ITEMS TO THE DATABASE WITH A FREQUENCY OF ALL 
   FOR ALL APPLICABLE ENTITIES

 WRITE EANG ITEMS TO THE DATABASE WITH A FREQUENCY OF ALL 
   FOR ALL APPLICABLE ENTITIES

 WRITE VENG ITEMS TO THE DATABASE WITH A FREQUENCY OF ALL 
   FOR ALL APPLICABLE ENTITIES

 WRITE FFLU ITEMS TO THE DATABASE WITH A FREQUENCY OF ALL 
   FOR ALL APPLICABLE ENTITIES

 WRITE CONT ITEMS TO THE DATABASE WITH A FREQUENCY OF ALL 
   FOR ALL APPLICABLE ENTITIES

 WRITE NLOA ITEMS TO THE DATABASE WITH A FREQUENCY OF ALL 
   FOR ALL APPLICABLE ENTITIES

 WRITE MISC ITEMS TO THE DATABASE WITH A FREQUENCY OF ALL 
   FOR ALL APPLICABLE ENTITIES

 CONVERGENCE ON HEAT BASED ON THE NORM OF THE N-R LOAD
   WITH A TOLERANCE OF 0.1000E-02 AND A MINIMUM REFERENCE VALUE OF 0.1000E-05
   USING THE L2 NORM (CHECK THE SRSS VALUE)
 SIM2 multiframe controller started

 PARAMETER SIM2_NLAY =     64.00000000    

 PARAMETER SIM2_RIN =    0.6667500000E-01

 PARAMETER SIM2_THK =    0.1270000000E-02

 PARAMETER SIM2_LAX =    0.5000000000E-01

 PARAMETER SIM2_THETA =    0.1745329252E-02

 PARAMETER SIM2_DT =    0.5000000000E-01

 PARAMETER SIM2_NMAC =     140.0000000    

 PARAMETER SIM2_H0 =     1000.000000    

 PARAMETER SIM2_HMIN =     200.0000000    

 PARAMETER SIM2_TGAS =     2230.850000    

 PARAMETER SIM2_GCP =     1600.000000    

 PARAMETER SIM2_RHOC =     600.0000000    

 PARAMETER SIM2_HEFF =     35000000.00    

 PARAMETER SIM2_ACUT =    0.9900000000    

 PARAMETER SIM2_AMIN =    0.9000000000    

 *IF  SIM2_TESTMODE  ( =  0.788861E-30 )  EQ  
      1  ( =   1.00000     )  THEN    

 *ENDIF

 PARAMETER SIM2_DR =    0.1984375000E-04

 PARAMETER SIM2_TOL =    0.9921875000E-06

 PARAMETER SIM2_ILAY =     0.000000000    

 PARAMETER SIM2_OLDILAY =     0.000000000    

 PARAMETER SIM2_HFILM =     1000.000000    

 PARAMETER SIM2_RECESS =     0.000000000    

 PARAMETER SIM2_PREVT =    -1.000000000    

 PARAMETER SIM2_KILL =     0.000000000    

 USE THE FULL NEWTON-RAPHSON OPTION FOR  ALL DEGREES OF FREEDOM
   AND USE THE DEFAULT ADAPTIVE DESCENT OPTION

 DEAD ELEMENT STIFFNESS MULTIPLIER= 0.10000E-05

 Use Full Nonlinear Thermal Transient Solution

 USE AUTOMATIC TIME STEPPING THIS LOAD STEP

 USE A MAXIMUM OF    40 EQUILIBRIUM ITERATIONS EACH SUBSTEP

 STEP BOUNDARY CONDITION KEY= 0

 WRITE ALL  ITEMS TO THE DATABASE WITH A FREQUENCY OF ALL 
   FOR ALL APPLICABLE ENTITIES

 WRITE SVAR ITEMS TO THE DATABASE WITH A FREQUENCY OF ALL 
   FOR ALL APPLICABLE ENTITIES

 DO NOT COMBINE RESTART FILES (.Rnnn) AFTER DISTRIBUTED PARALLEL SOLUTION

 DEFINE RESTART CONTROL FOR LOADSTEP ALL 
 AT FREQUENCY OF LAST AND NUMBER FOR OVERWRITE IS   -1

 MAX.NUMBER OF RESTART FILES TO KEEP IS    4


 PERFORM A TRANSIENT ANALYSIS
  THIS WILL BE A NEW ANALYSIS

 ACTIVE COORDINATE SYSTEM SET TO          0  (CARTESIAN)  

 SELECT TOLERANCE= 0.99219E-06

 PARAMETER SIM2_RSURF =    0.6667500000E-01

 SELECT       FOR ITEM=LOC  COMPONENT=Z     BETWEEN 0.66674E-01 AND  0.66676E-01
   KABS=  0.  TOLERANCE= 0.992188E-06

        303  NODES (OF      54541  DEFINED) SELECTED BY  NSEL  COMMAND.

 DELETE SURFACE LOAD CONV ON SURFACE DEFINED BY ALL SELECTED NODES

 NUMBER OF CONV SURFACE LOADS DELETED=       0

 GENERATE SURFACE LOAD CONV ON SURFACE DEFINED BY ALL SELECTED NODES
 VALUES=  1000.00000      2230.85000    

 NUMBER OF CONV ELEMENT FACE LOADS STORED =        200

 SELECT ALL ENTITIES OF TYPE= ALL  AND BELOW

 OPENED FILE= simulation2_history.csv FOR COMMAND FILE DATA 


  COMMAND FILE CLOSED 


 *DO LOOP ON PARAMETER= SIM2_ISTEP FROM  1.0000     TO  140.00     BY  1.0000    
 You have already entered solution.  The /SOLUTION command is ignored.   

 *IF  SIM2_ISTEP  ( =   1.00000     )  GT  
      1  ( =   1.00000     )  THEN    

 *ENDIF

 PARAMETER SIM2_TIME =    0.5000000000E-01

 SELECT ALL ENTITIES OF TYPE= ALL  AND BELOW

 TIME= 0.50000E-01

 USE INITIAL TIME STEP SIZE OF 0.5000000E-01 FOR ALL  DEGREES OF FREEDOM
 FOR AUTOMATIC TIME STEPPING:
   USE 0.1000000E-02 AS THE MINIMUM TIME STEP SIZE
   USE 0.5000000E-01 AS THE MAXIMUM TIME STEP SIZE

 *** NOTE ***                            ELAPSED TIME =       8.415   TIME= 11:06:42
 The automatic domain decomposition logic has selected the MESH domain   
 decomposition method with 10 processes per solution.                    

 *****  MAPDL SOLVE    COMMAND  *****

 *** WARNING ***                         ELAPSED TIME =       8.511   TIME= 11:06:42
 Element shape checking is currently inactive.  Issue SHPP,ON or         
 SHPP,WARN to reactivate, if desired.                                    

 *** NOTE ***                            ELAPSED TIME =       8.565   TIME= 11:06:42
 The model data was checked and warning messages were found.             
  Please review output or errors file (                                  
 C:\ansys_sector_sim2\_ProjectScratch\Scr19BB\file0.err ) for these      
 warning messages.                                                       

 *** MAPDL - ENGINEERING ANALYSIS SYSTEM  RELEASE 2026 R1.02       26.1     ***
 Ansys Mechanical Enterprise Academic Research     
 01196637  VERSION=WINDOWS x64   11:06:42  SEP 18, 2026 Elapsed Time=      8.585

 testbed2--Thermique transitoire (B5)                                          

 Note - This MAPDL version was linked by Licensee

                       S O L U T I O N   O P T I O N S

   PROBLEM DIMENSIONALITY. . . . . . . . . . . . .3-D                  
   DEGREES OF FREEDOM. . . . . . TEMP
   ANALYSIS TYPE . . . . . . . . . . . . . . . . .TRANSIENT            
      SOLUTION METHOD. . . . . . . . . . . . . . .FULL                 
   OFFSET TEMPERATURE FROM ABSOLUTE ZERO . . . . .  273.15    
   USER DEFINED THERMAL MATERIAL INCLUDED. . . . .YES
   NEWTON-RAPHSON OPTION . . . . . . . . . . . . .FULL             
   GLOBALLY ASSEMBLED MATRIX . . . . . . . . . . .SYMMETRIC  

 *** NOTE ***                            ELAPSED TIME =       8.606   TIME= 11:06:42
 Property DENS of material 1 is defined over a temperature range from    
 26.85 to 626.85 which does not include the uniform temperature (22).    
 Change either temperature range or the uniform temperature.  Checking   
 for this condition discontinues.                                        

 *** WARNING ***                         ELAPSED TIME =       8.627   TIME= 11:06:43
 Ansys, Inc.-supplied version of coding for USERCK has been used.        

 *** NOTE ***                            ELAPSED TIME =       8.662   TIME= 11:06:43
 The step data was checked and warning messages were found.              
  Please review output or errors file (                                  
 C:\ansys_sector_sim2\_ProjectScratch\Scr19BB\file0.err ) for these      
 warning messages.                                                       

 *** NOTE ***                            ELAPSED TIME =       8.669   TIME= 11:06:43
 The conditions for direct assembly have been met.  No .emat or .erot    
 files will be produced.                                                 

 TRIM CONTACT/TARGET SURFACE

 *** WARNING ***                         ELAPSED TIME =       8.811   TIME= 11:06:43
 Material property DENS of material 1 of element 1 is evaluated at a     
 temperature of 22, which is below the supplied temperature range.       
 Temperature range checking terminates.                                  
 START TRIMMING SMALL/BONDED CONTACT PAIRS FOR DMP RUN.                  

     600 CONTACT ELEMENTS &     600 TARGET ELEMENTS ARE DELETED DUE TO TRIMMING LOGIC.
       3 CONTACT PAIRS ARE REMOVED. 

 CHECK INITIAL OPEN/CLOSED STATUS OF SELECTED CONTACT ELEMENTS
      AND LIST DETAILED CONTACT PAIR INFORMATION

 *** NOTE ***                            ELAPSED TIME =       9.128   TIME= 11:06:43
 The largest contact pair has few number of contact elements than the    
 optimal domain size for the specified number of CPU domains.  As a      
 result, no contact pairs were split.                                    

 *** NOTE ***                            ELAPSED TIME =       9.137   TIME= 11:06:43
 The maximum number of contact elements in any single contact pair is    
 200, which is smaller than the optimal domain size of 895 elements for  
 the given number of CPU domains (10).  Therefore, no contact pairs are  
 being split by the CNCH,DMP logic.                                      

 *** NOTE ***                            ELAPSED TIME =       9.226   TIME= 11:06:43
 Deformable-deformable contact pair identified by real constant set 5    
 and contact element type 5 has been set up.                             
 Pure thermal contact is activated.
 The emissivity is defined through the material property.
 Thermal convection coefficient, environment temperature, and
  heat flux are defined using the SFE command.
 Target temperature is used for convection/radiation calculation
  for near field contact.
 Small sliding logic is assumed
 Contact detection at: Gauss integration point
 Average contact surface length               0.35603E-03
 Average contact pair depth                   0.10681E-03
 Average target surface length                0.27965E-03
 Default pinball region factor PINB           0.25000    
 The resulting pinball region                 0.26702E-04
 Initial penetration/gap is excluded.
 Bonded contact (always) is defined.
 Thermal contact conductance coef. TCC        0.32810E+08
 Heat radiation is excluded.

 *** NOTE ***                            ELAPSED TIME =       9.238   TIME= 11:06:43
 Max.  Initial penetration 7.462269585E-18 was detected between contact  
 element 73071 and target element 73438.                                 
 ****************************************
  

 *** NOTE ***                            ELAPSED TIME =       9.239   TIME= 11:06:43
 Deformable-deformable contact pair identified by real constant set 7    
 and contact element type 7 has been set up.                             
 Pure thermal contact is activated.
 The emissivity is defined through the material property.
 Thermal convection coefficient, environment temperature, and
  heat flux are defined using the SFE command.
 Target temperature is used for convection/radiation calculation
  for near field contact.
 Small sliding logic is assumed
 Contact detection at: Gauss integration point
 Average contact surface length               0.35605E-03
 Average contact pair depth                   0.10682E-03
 Average target surface length                0.27979E-03
 Default pinball region factor PINB           0.25000    
 The resulting pinball region                 0.26704E-04
 Initial penetration/gap is excluded.
 Bonded contact (always) is defined.
 Thermal contact conductance coef. TCC        0.32810E+08
 Heat radiation is excluded.

 *** NOTE ***                            ELAPSED TIME =       9.239   TIME= 11:06:43
 Max.  Initial penetration 1.063050346E-17 was detected between contact  
 element 73805 and target element 74304.                                 
 ****************************************
  

 *** NOTE ***                            ELAPSED TIME =       9.240   TIME= 11:06:43
 Deformable-deformable contact pair identified by real constant set 9    
 and contact element type 9 has been set up.                             
 Pure thermal contact is activated.
 The emissivity is defined through the material property.
 Thermal convection coefficient, environment temperature, and
  heat flux are defined using the SFE command.
 Target temperature is used for convection/radiation calculation
  for near field contact.
 Small sliding logic is assumed
 Contact detection at: Gauss integration point
 Average contact surface length               0.35629E-03
 Average contact pair depth                   0.10689E-03
 Average target surface length                0.28117E-03
 Default pinball region factor PINB           0.25000    
 The resulting pinball region                 0.26722E-04
 Initial penetration/gap is excluded.
 Bonded contact (always) is defined.
 Thermal contact conductance coef. TCC        0.32810E+08
 Heat radiation is excluded.

 *** NOTE ***                            ELAPSED TIME =       9.240   TIME= 11:06:43
 Max.  Initial penetration 1.469174031E-17 was detected between contact  
 element 74535 and target element 74974.                                 
 ****************************************
  
  
  

  
  
     D I S T R I B U T E D   D O M A I N   D E C O M P O S E R
  
  ...Number of elements: 36800
  ...Number of nodes:    54541
  ...Decompose to 10 CPU domains
  ...Element load balance ratio =     1.092


                      L O A D   S T E P   O P T I O N S

   LOAD STEP NUMBER. . . . . . . . . . . . . . . .     1
   TIME AT END OF THE LOAD STEP. . . . . . . . . . 0.50000E-01
   AUTOMATIC TIME STEPPING . . . . . . . . . . . .    ON
      STARTING TIME STEP SIZE. . . . . . . . . . . 0.50000E-01
      MINIMUM TIME STEP SIZE . . . . . . . . . . . 0.10000E-02
      MAXIMUM TIME STEP SIZE . . . . . . . . . . . 0.50000E-01
   MAXIMUM NUMBER OF EQUILIBRIUM ITERATIONS. . . .    40
   STEP CHANGE BOUNDARY CONDITIONS . . . . . . . .    NO
   TRANSIENT (INERTIA) EFFECTS
      THERMAL DOFS . . . . . . . . . . . . . . . .    ON
   TRANSIENT INTEGRATION PARAMETERS
      THETA. . . . . . . . . . . . . . . . . . . .  1.0000    
      OSCILLATION LIMIT CRITERION. . . . . . . . . 0.50000    
      TOLERANCE. . . . . . . . . . . . . . . . . .  0.0000    
   TERMINATE ANALYSIS IF NOT CONVERGED . . . . . .YES (EXIT)  
   CONVERGENCE CONTROLS
      LABEL   REFERENCE    TOLERANCE  NORM     MINREF
       HEAT    0.000       0.1000E-02   2     0.1000E-05
   COPY INTEGRATION POINT VALUES TO NODE . . . . .YES, FOR ELEMENTS WITH
                                                  ACTIVE MAT. NONLINEARITIES
   PRINT OUTPUT CONTROLS . . . . . . . . . . . . .NO PRINTOUT
   DATABASE OUTPUT CONTROLS
      ITEM     FREQUENCY   COMPONENT
       ALL       NONE               
      NSOL        ALL               
      RSOL        ALL               
      EANG        ALL               
      VENG        ALL               
      FFLU        ALL               
      CONT        ALL               
      NLOA        ALL               
      MISC        ALL               
       ALL        ALL               
      SVAR        ALL               


 SOLUTION MONITORING INFO IS WRITTEN TO FILE= file.mntr                                                                                                                                                                                                                                                           


 *** WARNING ***                         ELAPSED TIME =      10.214   TIME= 11:06:44
 Material property DENS of material 1 of element 2 is evaluated at a     
 temperature of 22, which is below the supplied temperature range.       
 Temperature range checking terminates.                                  

 *** WARNING ***                         ELAPSED TIME =      10.214   TIME= 11:06:44
 Material property KXX of material 2 of element 15802 is evaluated at a  
 temperature of 22, which is below the supplied temperature range.       
 Temperature range checking terminates.                                  

 *** WARNING ***                         ELAPSED TIME =      10.214   TIME= 11:06:44
 Material property DENS of material 1 of element 86 is evaluated at a    
 temperature of 22, which is below the supplied temperature range.       
 Temperature range checking terminates.                                  

 *** WARNING ***                         ELAPSED TIME =      10.215   TIME= 11:06:44
 Material property DENS of material 3 of element 23042 is evaluated at a 
 temperature of 22, which is below the supplied temperature range.       
 Temperature range checking terminates.                                  

 *** WARNING ***                         ELAPSED TIME =      10.215   TIME= 11:06:44
 Material property DENS of material 3 of element 16002 is evaluated at a 
 temperature of 22, which is below the supplied temperature range.       
 Temperature range checking terminates.                                  

 *** WARNING ***                         ELAPSED TIME =      10.215   TIME= 11:06:44
 Material property DENS of material 3 of element 19202 is evaluated at a 
 temperature of 22, which is below the supplied temperature range.       
 Temperature range checking terminates.                                  

 *** WARNING ***                         ELAPSED TIME =      10.215   TIME= 11:06:44
 Material property DENS of material 3 of element 23168 is evaluated at a 
 temperature of 22, which is below the supplied temperature range.       
 Temperature range checking terminates.                                  

 *** WARNING ***                         ELAPSED TIME =      10.367   TIME= 11:06:44
 Material property DENS of material 1 of element 12638 is evaluated at a 
 temperature of 22, which is below the supplied temperature range.       
 Temperature range checking terminates.                                  



            **** CENTER OF MASS, MASS, AND MASS MOMENTS OF INERTIA ****

  CALCULATIONS ASSUME ELEMENT MASS AT ELEMENT CENTROID

  TOTAL MASS =  0.11852E-03

                           MOM. OF INERTIA         MOM. OF INERTIA
  CENTER OF MASS            ABOUT ORIGIN        ABOUT CENTER OF MASS

  XC =  0.18128E-18      IXX =   0.1052E-03      IXX =   0.2548E-07
  YC =  0.93940          IYY =   0.6223E-06      IYY =   0.7881E-09
  ZC =  0.72412E-01      IZZ =   0.1046E-03      IZZ =   0.2469E-07
                         IXY =  -0.2021E-22      IXY =  -0.2384E-25
                         IYZ =  -0.8062E-05      IYZ =   0.2202E-19
                         IZX =  -0.1597E-23      IZX =  -0.4092E-25


  *** MASS SUMMARY BY ELEMENT TYPE ***

  TYPE      MASS
     1  0.932482E-05
     2  0.217000E-05
     3  0.241918E-04
     4  0.828348E-04

 Range of element maximum matrix coefficients in global coordinates
 Maximum = 0.113633227 at element 74628.                                 
 Minimum = 4.846264947E-08 at element 75324.                             

   *** ELEMENT MATRIX FORMULATION TIMES
     TYPE    NUMBER     ENAME   TOTAL ELAPSED   AVG ELAPSED

        1     12800  SOLID278          0.4223   0.000032994
        2      3200  SOLID278          0.0494   0.000015443
        3     12800  SOLID278          0.1969   0.000015383
        4      6400  SOLID278          0.0892   0.000013934
        5       200  CONTA174          0.0287   0.000143720
        6       200  TARGE170          0.0003   0.000001614
        7       200  CONTA174          0.0304   0.000152130
        8       200  TARGE170          0.0003   0.000001566
        9       200  CONTA174          0.0239   0.000119275
       10       200  TARGE170          0.0003   0.000001612
       11       200   SURF152          0.0112   0.000055837
       12       200   SURF152          0.0043   0.000021281
 Elapsed Time at end of element matrix formulation = 10.4925837.         

 ALL CURRENT MAPDL DATA WRITTEN TO FILE NAME= file.rdb
  FOR POSSIBLE RESUME FROM THIS POINT
     HT FLOW CONVERGENCE VALUE=  0.7851      CRITERION=  0.7929E-03

 DISTRIBUTED SPARSE MATRIX DIRECT SOLVER.
  Number of equations =       54540,    Maximum wavefront =     27


  Memory allocated on only this MPI rank (rank     0)
  -------------------------------------------------------------------
  Equation solver memory allocated                     =    11.741 MB
  Equation solver memory required for in-core mode     =    11.263 MB
  Equation solver memory required for out-of-core mode =     6.505 MB
  Total (solver and non-solver) memory allocated       =   668.339 MB


  Total memory summed across all MPI ranks on this machines
  -------------------------------------------------------------------
  Equation solver memory allocated                     =   132.249 MB
  Equation solver memory required for in-core mode     =   126.824 MB
  Equation solver memory required for out-of-core mode =    71.838 MB
  Total (solver and non-solver) memory allocated       =  2501.397 MB

 *** NOTE ***                            ELAPSED TIME =      11.084   TIME= 11:06:45
 The Distributed Sparse Matrix Solver is currently running in the        
 in-core memory mode.  This memory mode uses the most amount of memory   
 in order to avoid using the hard drive as much as possible, which most  
 often results in the fastest solution time.  This mode is recommended   
 if enough physical memory is present to accommodate all of the solver   
 data.                                                                   
 Distributed sparse solver maximum pivot= 0.525683617 at node 54240      
 TEMP.                                                                   
 Distributed sparse solver minimum pivot= 4.126691518E-05 at node 19567  
 TEMP.                                                                   
 Distributed sparse solver minimum pivot in absolute value=              
 4.126691518E-05 at node 19567 TEMP.                                     
    EQUIL ITER   1 COMPLETED.  NEW TRIANG MATRIX.  MAX DOF INC=   652.7    
     HT FLOW CONVERGENCE VALUE=  0.2408      CRITERION=  0.7472E-03
    EQUIL ITER   2 COMPLETED.  NEW TRIANG MATRIX.  MAX DOF INC=  -110.6    
     HT FLOW CONVERGENCE VALUE=  0.2085E-01  CRITERION=  0.7547E-03
    EQUIL ITER   3 COMPLETED.  NEW TRIANG MATRIX.  MAX DOF INC=   11.24    
     HT FLOW CONVERGENCE VALUE=  0.2457E-02  CRITERION=  0.7540E-03
    EQUIL ITER   4 COMPLETED.  NEW TRIANG MATRIX.  MAX DOF INC=  -1.302    
     HT FLOW CONVERGENCE VALUE=  0.2835E-03  CRITERION=  0.7541E-03 <<< CONVERGED
    >>> SOLUTION CONVERGED AFTER EQUILIBRIUM ITERATION   4

   *** ELEMENT RESULT CALCULATION TIMES
     TYPE    NUMBER     ENAME   TOTAL ELAPSED   AVG ELAPSED

        1     12800  SOLID278          0.6566   0.000051293
        2      3200  SOLID278          0.0962   0.000030054
        3     12800  SOLID278          0.2803   0.000021900
        4      6400  SOLID278          0.1086   0.000016970
        5       200  CONTA174          0.0216   0.000108239
        7       200  CONTA174          0.0252   0.000125752
        9       200  CONTA174          0.0225   0.000112481
       11       200   SURF152          0.0033   0.000016514
       12       200   SURF152          0.0021   0.000010406

   *** NODAL LOAD CALCULATION TIMES
     TYPE    NUMBER     ENAME   TOTAL ELAPSED   AVG ELAPSED

        1     12800  SOLID278          0.2262   0.000017675
        2      3200  SOLID278          0.0518   0.000016203
        3     12800  SOLID278          0.1460   0.000011407
        4      6400  SOLID278          0.0617   0.000009635
        5       200  CONTA174          0.0021   0.000010310
        7       200  CONTA174          0.0019   0.000009639
        9       200  CONTA174          0.0006   0.000002772
       11       200   SURF152          0.0005   0.000002299
       12       200   SURF152          0.0004   0.000001909
 *** LOAD STEP     1   SUBSTEP     1  COMPLETED.    CUM ITER =      4
 *** TIME =  0.500000E-01     TIME INC =  0.500000E-01
 *** RESPONSE EIGENVALUE =  30.04       OSCILLATION LIMIT =  1.502    


 *** MAPDL BINARY FILE STATISTICS
  BUFFER SIZE USED= 16384
        2.125 MB WRITTEN ON ELEMENT SAVED DATA FILE: file0.esav
        1.625 MB WRITTEN ON ASSEMBLED MATRIX FILE: file0.full
        3.188 MB WRITTEN ON RESULTS FILE: file0.rth

 FINISH SOLUTION PROCESSING


 ***** ROUTINE COMPLETED *****  ELAPSED TIME =        13.222



 *** MAPDL - ENGINEERING ANALYSIS SYSTEM  RELEASE 2026 R1.02       26.1     ***
 Ansys Mechanical Enterprise Academic Research     
 01196637  VERSION=WINDOWS x64   11:06:47  SEP 18, 2026 Elapsed Time=     13.229

 testbed2--Thermique transitoire (B5)                                          

 Note - This MAPDL version was linked by Licensee

          ***** MAPDL RESULTS INTERPRETATION (POST1) *****

 *** NOTE ***                            ELAPSED TIME =      13.233   TIME= 11:06:47
 Reading results into the database (SET command) will update the current 
 displacement and force boundary conditions in the database with the     
 values from the results file for that load set.  Note that any          
 subsequent solutions will use these values unless action is taken to    
 either SAVE the current values or not overwrite them (/EXIT,NOSAVE).    


 USE LAST SUBSTEP ON RESULT FILE  FOR LOAD CASE 0 

 SET COMMAND GOT LOAD STEP=     1  SUBSTEP=     1  CUMULATIVE ITERATION=     4
   TIME/FREQUENCY= 0.50000E-01
 TITLE= testbed2--Thermique transitoire (B5)                                    

 *GET  SIM2_SOLVED_TIME  FROM  ACTI  ITEM=SET  TIME  VALUE= 0.500000000E-01

 PARAMETER SIM2_TERR =     0.000000000    

 *IF  SIM2_TERR  ( =   0.00000     )  GT  
      1.0E-8  ( =  0.100000E-07 )  THEN    

 *ENDIF

 *IF  SIM2_ISTEP  ( =   1.00000     )  GT  
      1  ( =   1.00000     )  THEN    

 *ENDIF

 SELECT       FOR ITEM=MAT  COMPONENT=    
  IN RANGE         1 TO          1 STEP          1

      12800  ELEMENTS (OF      36800  DEFINED) SELECTED BY  ESEL  COMMAND.

 RESELECT     FOR ITEM=LIVE COMPONENT=    
  IN RANGE         1 TO      75504 STEP          1

      12800  ELEMENTS (OF      36800  DEFINED) SELECTED BY  ESEL  COMMAND.

 STORE ERATE    FROM ITEM=SVAR COMP=3     FOR ALL SELECTED ELEMENTS

 STORE EVOL     FROM ITEM=VOLU  FOR ALL SELECTED ELEMENTS

 OPERATION SMUL  RESULT= GMASS     OPERAND1= ERATE     OPERAND2= EVOL    
  FACTOR1=  1.0000       FACTOR2=  1.0000       CONSTANT=  0.0000    

 SUM ALL THE ACTIVE ENTRIES IN THE ELEMENT TABLE 

 TABLE LABEL     TOTAL
 ERATE      42260.6    
 EVOL      0.745986E-08
 GMASS     0.244052E-07

 *GET  SIM2_GMDOT  FROM  SSUM  ITEM=ITEM GMASS     VALUE= 0.244052473E-07

 PARAMETER SIM2_RSURF =    0.6667500000E-01

 PARAMETER SIM2_AREA =    0.5818491394E-05

 PARAMETER SIM2_GFLUX =    0.4194428707E-02

 PARAMETER SIM2_BLOW =    0.6711085932E-02

 PARAMETER SIM2_HFILM =     993.3336525    

 PARAMETER SIM2_HFILM =     993.3336525    

 ACTIVE COORDINATE SYSTEM SET TO          0  (CARTESIAN)  

 SELECT TOLERANCE= 0.99219E-06

 SELECT       FOR ITEM=LOC  COMPONENT=Z     BETWEEN 0.66674E-01 AND  0.66676E-01
   KABS=  0.  TOLERANCE= 0.992188E-06

        303  NODES (OF      54541  DEFINED) SELECTED BY  NSEL  COMMAND.

 *GET  SIM2_NHOT  FROM  NODE  ITEM=COUN       VALUE=  303.000000     

 PARAMETER SIM2_TSMAX =     22.00000000    

 *IF  SIM2_NHOT  ( =   303.000     )  GT  
      0  ( =   0.00000     )  THEN    

 SORT ON ITEM=TEMP  COMPONENT=      ORDER= 0  KABS= 0  NMAX=   54541

 SORT COMPLETED FOR     303 VALUES.

 *GET  SIM2_TSMAX  FROM  SORT  ITEM=MAX        VALUE=  574.092259    

 NODE SORT REMOVED

 *ENDIF

 PARAMETER SIM2_QNET =     1645713.218    

 PARAMETER SIM2_RECESS =    0.3918364806E-05

 PARAMETER SIM2_RLO =    0.6667500000E-01

 PARAMETER SIM2_RHI =    0.6669484375E-01

 ACTIVE COORDINATE SYSTEM SET TO          0  (CARTESIAN)  

 SELECT       FOR ITEM=CENT COMPONENT=Z     BETWEEN 0.66680E-01 AND  0.66690E-01
   KABS=  0.  TOLERANCE= 0.992188E-06

        200  ELEMENTS (OF      36800  DEFINED) SELECTED BY  ESEL  COMMAND.

 RESELECT     FOR ITEM=MAT  COMPONENT=    
  IN RANGE         1 TO          1 STEP          1

        200  ELEMENTS (OF      36800  DEFINED) SELECTED BY  ESEL  COMMAND.

 RESELECT     FOR ITEM=LIVE COMPONENT=    
  IN RANGE         1 TO      75504 STEP          1

        200  ELEMENTS (OF      36800  DEFINED) SELECTED BY  ESEL  COMMAND.

 *GET  SIM2_NEL  FROM  ELEM  ITEM=COUN           VALUE=  200.000000    

 PARAMETER SIM2_AAVG =     0.000000000    

 PARAMETER SIM2_AMINL =     0.000000000    

 *IF  SIM2_NEL  ( =   200.000     )  GT  
      0  ( =   0.00000     )  THEN    

 STORE LALPHA   FROM ITEM=SVAR COMP=1     FOR ALL SELECTED ELEMENTS

 STORE LVOL     FROM ITEM=VOLU  FOR ALL SELECTED ELEMENTS

 OPERATION SMUL  RESULT= ALVOL     OPERAND1= LALPHA    OPERAND2= LVOL    
  FACTOR1=  1.0000       FACTOR2=  1.0000       CONSTANT=  0.0000    

 SUM ALL THE ACTIVE ENTRIES IN THE ELEMENT TABLE 

 TABLE LABEL     TOTAL
 ERATE      25781.0    
 EVOL      0.115478E-09
 GMASS     0.148857E-07
 LALPHA     2.34373    
 LVOL      0.115478E-09
 ALVOL     0.135324E-11

 *GET  SIM2_ASUM  FROM  SSUM  ITEM=ITEM ALVOL     VALUE= 0.135324415E-11

 *GET  SIM2_VSUM  FROM  SSUM  ITEM=ITEM LVOL      VALUE= 0.115477853E-09

 PARAMETER SIM2_AAVG =    0.1171864662E-01

 SORT ON ITEM=ETAB  COMPONENT=LALP  ORDER= 1  KABS= 0  NMAX=   75504

 SORT COMPLETED FOR     200 VALUES.

 *GET  SIM2_AMINL  FROM  SORT  ITEM=MIN        VALUE= 0.117186466E-01

 ELEMENT SORT REMOVED

 *ENDIF

 PARAMETER SIM2_KILL =     0.000000000    

 PARAMETER SIM2_OLDILAY =     0.000000000    

 PARAMETER SIM2_DEPTH =    0.1984375000E-04

 *IF  SIM2_ILAY  ( =   0.00000     )  LT  
      SIM2_NLAY  ( =   64.0000     )  THEN    

 *IF  SIM2_AAVG  ( =  0.117186E-01 )  GE  
      SIM2_ACUT  ( =  0.990000     )  THEN    

 *ENDIF

 *ENDIF

 OPENED FILE= simulation2_history.csv FOR COMMAND FILE DATA 

  FILE OPENED FOR APPEND

  COMMAND FILE CLOSED 


 PARAMETER SIM2_PREVT =    0.5000000000E-01

 *** NOTE ***                            ELAPSED TIME =      13.944   TIME= 11:06:48
 Write parameters to file= simulation2_state.parm.                       

 *** NOTE ***                            ELAPSED TIME =      13.945   TIME= 11:06:48
 Parameters written.  Lines= 76.                                         

 EXIT THE MAPDL POST1 DATABASE PROCESSOR


 ***** ROUTINE COMPLETED *****  ELAPSED TIME =        13.952



 *ENDDO  INDEX= SIM2_ISTEP                      

 *****  MAPDL SOLUTION ROUTINE  *****

 *****  MAPDL SOLVE    COMMAND  *****

 *** MAPDL - ENGINEERING ANALYSIS SYSTEM  RELEASE 2026 R1.02       26.1     ***
 Ansys Mechanical Enterprise Academic Research     
 01196637  VERSION=WINDOWS x64   11:06:48  SEP 18, 2026 Elapsed Time=     14.362

 testbed2--Thermique transitoire (B5)                                          

 Note - This MAPDL version was linked by Licensee

 *** MAPDL - ENGINEERING ANALYSIS SYSTEM  RELEASE 2026 R1.02       26.1     ***
 Ansys Mechanical Enterprise Academic Research     
 01196637  VERSION=WINDOWS x64   11:06:49  SEP 18, 2026 Elapsed Time=     14.731

 testbed2--Thermique transitoire (B5)                                          

 Note - This MAPDL version was linked by Licensee

 SOLUTION MONITORING INFO IS WRITTEN TO FILE= file.mntr                                                                                                                                                                                                                                                           

     HT FLOW CONVERGENCE VALUE=  0.1731      CRITERION=  0.7875E-03
    EQUIL ITER   1 COMPLETED.  NEW TRIANG MATRIX.  MAX DOF INC=   227.8    
     HT FLOW CONVERGENCE VALUE=  0.3008E-01  CRITERION=  0.7738E-03
    EQUIL ITER   2 COMPLETED.  NEW TRIANG MATRIX.  MAX DOF INC=  -29.96    
     HT FLOW CONVERGENCE VALUE=  0.3973E-02  CRITERION=  0.7755E-03
    EQUIL ITER   3 COMPLETED.  NEW TRIANG MATRIX.  MAX DOF INC=   2.283    
     HT FLOW CONVERGENCE VALUE=  0.3581E-03  CRITERION=  0.7754E-03 <<< CONVERGED
    >>> SOLUTION CONVERGED AFTER EQUILIBRIUM ITERATION   3
 *** LOAD STEP     2   SUBSTEP     1  COMPLETED.    CUM ITER =      8
 *** TIME =  0.100000         TIME INC =  0.500000E-01
 *** RESPONSE EIGENVALUE =  6.308       OSCILLATION LIMIT = 0.3154    

 FINISH SOLUTION PROCESSING


 ***** ROUTINE COMPLETED *****  ELAPSED TIME =        17.092



 *** MAPDL - ENGINEERING ANALYSIS SYSTEM  RELEASE 2026 R1.02       26.1     ***
 Ansys Mechanical Enterprise Academic Research     
 01196637  VERSION=WINDOWS x64   11:06:51  SEP 18, 2026 Elapsed Time=     17.095

 testbed2--Thermique transitoire (B5)                                          

 Note - This MAPDL version was linked by Licensee

          ***** MAPDL RESULTS INTERPRETATION (POST1) *****

 SUM ALL THE ACTIVE ENTRIES IN THE ELEMENT TABLE 

 TABLE LABEL     TOTAL
 ERATE      79994.2    
 EVOL      0.745986E-08
 GMASS     0.462055E-07

 SUM ALL THE ACTIVE ENTRIES IN THE ELEMENT TABLE 

 TABLE LABEL     TOTAL
 ERATE      32746.0    
 EVOL      0.115478E-09
 GMASS     0.189072E-07
 LALPHA     5.32064    
 LVOL      0.115478E-09
 ALVOL     0.307208E-11

 EXIT THE MAPDL POST1 DATABASE PROCESSOR


 ***** ROUTINE COMPLETED *****  ELAPSED TIME =        17.763



 *****  MAPDL SOLUTION ROUTINE  *****

 *****  MAPDL SOLVE    COMMAND  *****

 *** MAPDL - ENGINEERING ANALYSIS SYSTEM  RELEASE 2026 R1.02       26.1     ***
 Ansys Mechanical Enterprise Academic Research     
 01196637  VERSION=WINDOWS x64   11:06:52  SEP 18, 2026 Elapsed Time=     18.098

 testbed2--Thermique transitoire (B5)                                          

 Note - This MAPDL version was linked by Licensee

 *** MAPDL - ENGINEERING ANALYSIS SYSTEM  RELEASE 2026 R1.02       26.1     ***
 Ansys Mechanical Enterprise Academic Research     
 01196637  VERSION=WINDOWS x64   11:06:52  SEP 18, 2026 Elapsed Time=     18.480

 testbed2--Thermique transitoire (B5)                                          

 Note - This MAPDL version was linked by Licensee

 SOLUTION MONITORING INFO IS WRITTEN TO FILE= file.mntr                                                                                                                                                                                                                                                           

     HT FLOW CONVERGENCE VALUE=  0.1193      CRITERION=  0.7823E-03
    EQUIL ITER   1 COMPLETED.  NEW TRIANG MATRIX.  MAX DOF INC=   143.2    
     HT FLOW CONVERGENCE VALUE=  0.1558E-01  CRITERION=  0.7738E-03
    EQUIL ITER   2 COMPLETED.  NEW TRIANG MATRIX.  MAX DOF INC=  -14.90    
     HT FLOW CONVERGENCE VALUE=  0.1966E-02  CRITERION=  0.7747E-03
    EQUIL ITER   3 COMPLETED.  NEW TRIANG MATRIX.  MAX DOF INC=   1.349    
     HT FLOW CONVERGENCE VALUE=  0.1781E-03  CRITERION=  0.7746E-03 <<< CONVERGED
    >>> SOLUTION CONVERGED AFTER EQUILIBRIUM ITERATION   3
 *** LOAD STEP     3   SUBSTEP     1  COMPLETED.    CUM ITER =     12
 *** TIME =  0.150000         TIME INC =  0.500000E-01
 *** RESPONSE EIGENVALUE =  3.707       OSCILLATION LIMIT = 0.1854    

 FINISH SOLUTION PROCESSING


 ***** ROUTINE COMPLETED *****  ELAPSED TIME =        20.668



 *** MAPDL - ENGINEERING ANALYSIS SYSTEM  RELEASE 2026 R1.02       26.1     ***
 Ansys Mechanical Enterprise Academic Research     
 01196637  VERSION=WINDOWS x64   11:06:55  SEP 18, 2026 Elapsed Time=     20.672

 testbed2--Thermique transitoire (B5)                                          

 Note - This MAPDL version was linked by Licensee

          ***** MAPDL RESULTS INTERPRETATION (POST1) *****

 SUM ALL THE ACTIVE ENTRIES IN THE ELEMENT TABLE 

 TABLE LABEL     TOTAL
 ERATE      152841.    
 EVOL      0.745986E-08
 GMASS     0.882938E-07

 SUM ALL THE ACTIVE ENTRIES IN THE ELEMENT TABLE 

 TABLE LABEL     TOTAL
 ERATE      52030.3    
 EVOL      0.115478E-09
 GMASS     0.300417E-07
 LALPHA     10.0507    
 LVOL      0.115478E-09
 ALVOL     0.580315E-11

 EXIT THE MAPDL POST1 DATABASE PROCESSOR


 ***** ROUTINE COMPLETED *****  ELAPSED TIME =        21.265



 *****  MAPDL SOLUTION ROUTINE  *****

 *****  MAPDL SOLVE    COMMAND  *****

 *** MAPDL - ENGINEERING ANALYSIS SYSTEM  RELEASE 2026 R1.02       26.1     ***
 Ansys Mechanical Enterprise Academic Research     
 01196637  VERSION=WINDOWS x64   11:06:55  SEP 18, 2026 Elapsed Time=     21.579

 testbed2--Thermique transitoire (B5)                                          

 Note - This MAPDL version was linked by Licensee

 *** MAPDL - ENGINEERING ANALYSIS SYSTEM  RELEASE 2026 R1.02       26.1     ***
 Ansys Mechanical Enterprise Academic Research     
 01196637  VERSION=WINDOWS x64   11:06:56  SEP 18, 2026 Elapsed Time=     21.920

 testbed2--Thermique transitoire (B5)                                          

 Note - This MAPDL version was linked by Licensee

 SOLUTION MONITORING INFO IS WRITTEN TO FILE= file.mntr                                                                                                                                                                                                                                                           

     HT FLOW CONVERGENCE VALUE=  0.9481E-01  CRITERION=  0.7726E-03
    EQUIL ITER   1 COMPLETED.  NEW TRIANG MATRIX.  MAX DOF INC=   104.9    
     HT FLOW CONVERGENCE VALUE=  0.1229E-01  CRITERION=  0.7665E-03
    EQUIL ITER   2 COMPLETED.  NEW TRIANG MATRIX.  MAX DOF INC=  -10.94    
     HT FLOW CONVERGENCE VALUE=  0.1632E-02  CRITERION=  0.7673E-03
    EQUIL ITER   3 COMPLETED.  NEW TRIANG MATRIX.  MAX DOF INC=   1.207    
     HT FLOW CONVERGENCE VALUE=  0.1603E-03  CRITERION=  0.7672E-03 <<< CONVERGED
    >>> SOLUTION CONVERGED AFTER EQUILIBRIUM ITERATION   3
 *** LOAD STEP     4   SUBSTEP     1  COMPLETED.    CUM ITER =     16
 *** TIME =  0.200000         TIME INC =  0.500000E-01
 *** RESPONSE EIGENVALUE =  2.652       OSCILLATION LIMIT = 0.1326    

 FINISH SOLUTION PROCESSING


 ***** ROUTINE COMPLETED *****  ELAPSED TIME =        24.169



 *** MAPDL - ENGINEERING ANALYSIS SYSTEM  RELEASE 2026 R1.02       26.1     ***
 Ansys Mechanical Enterprise Academic Research     
 01196637  VERSION=WINDOWS x64   11:06:58  SEP 18, 2026 Elapsed Time=     24.173

 testbed2--Thermique transitoire (B5)                                          

 Note - This MAPDL version was linked by Licensee

          ***** MAPDL RESULTS INTERPRETATION (POST1) *****

 SUM ALL THE ACTIVE ENTRIES IN THE ELEMENT TABLE 

 TABLE LABEL     TOTAL
 ERATE      241268.    
 EVOL      0.745986E-08
 GMASS     0.139394E-06

 SUM ALL THE ACTIVE ENTRIES IN THE ELEMENT TABLE 

 TABLE LABEL     TOTAL
 ERATE      70432.2    
 EVOL      0.115478E-09
 GMASS     0.406668E-07
 LALPHA     16.4536    
 LVOL      0.115478E-09
 ALVOL     0.950013E-11

 EXIT THE MAPDL POST1 DATABASE PROCESSOR


 ***** ROUTINE COMPLETED *****  ELAPSED TIME =        24.769



 *****  MAPDL SOLUTION ROUTINE  *****

 *****  MAPDL SOLVE    COMMAND  *****

 *** MAPDL - ENGINEERING ANALYSIS SYSTEM  RELEASE 2026 R1.02       26.1     ***
 Ansys Mechanical Enterprise Academic Research     
 01196637  VERSION=WINDOWS x64   11:06:59  SEP 18, 2026 Elapsed Time=     25.087

 testbed2--Thermique transitoire (B5)                                          

 Note - This MAPDL version was linked by Licensee

 *** MAPDL - ENGINEERING ANALYSIS SYSTEM  RELEASE 2026 R1.02       26.1     ***
 Ansys Mechanical Enterprise Academic Research     
 01196637  VERSION=WINDOWS x64   11:06:59  SEP 18, 2026 Elapsed Time=     25.471

 testbed2--Thermique transitoire (B5)                                          

 Note - This MAPDL version was linked by Licensee

 SOLUTION MONITORING INFO IS WRITTEN TO FILE= file.mntr                                                                                                                                                                                                                                                           

     HT FLOW CONVERGENCE VALUE=  0.7977E-01  CRITERION=  0.7613E-03
    EQUIL ITER   1 COMPLETED.  NEW TRIANG MATRIX.  MAX DOF INC=   82.48    
     HT FLOW CONVERGENCE VALUE=  0.1195E-01  CRITERION=  0.7567E-03
    EQUIL ITER   2 COMPLETED.  NEW TRIANG MATRIX.  MAX DOF INC=  -9.825    
     HT FLOW CONVERGENCE VALUE=  0.1643E-02  CRITERION=  0.7575E-03
    EQUIL ITER   3 COMPLETED.  NEW TRIANG MATRIX.  MAX DOF INC=   1.259    
     HT FLOW CONVERGENCE VALUE=  0.1971E-03  CRITERION=  0.7574E-03 <<< CONVERGED
    >>> SOLUTION CONVERGED AFTER EQUILIBRIUM ITERATION   3
 *** LOAD STEP     5   SUBSTEP     1  COMPLETED.    CUM ITER =     20
 *** TIME =  0.250000         TIME INC =  0.500000E-01
 *** RESPONSE EIGENVALUE =  2.096       OSCILLATION LIMIT = 0.1048    

 *** NOTE ***                            ELAPSED TIME =      27.175   TIME= 11:07:01
 The number of multiframe restart files exceeds 4, a user specified      
 limit.  The .Rnnn file numbering will be reset to 1.                    

 FINISH SOLUTION PROCESSING


 ***** ROUTINE COMPLETED *****  ELAPSED TIME =        27.762



 *** MAPDL - ENGINEERING ANALYSIS SYSTEM  RELEASE 2026 R1.02       26.1     ***
 Ansys Mechanical Enterprise Academic Research     
 01196637  VERSION=WINDOWS x64   11:07:02  SEP 18, 2026 Elapsed Time=     27.765

 testbed2--Thermique transitoire (B5)                                          

 Note - This MAPDL version was linked by Licensee

          ***** MAPDL RESULTS INTERPRETATION (POST1) *****

 SUM ALL THE ACTIVE ENTRIES IN THE ELEMENT TABLE 

 TABLE LABEL     TOTAL
 ERATE      335221.    
 EVOL      0.745986E-08
 GMASS     0.193698E-06

 SUM ALL THE ACTIVE ENTRIES IN THE ELEMENT TABLE 

 TABLE LABEL     TOTAL
 ERATE      85433.3    
 EVOL      0.115478E-09
 GMASS     0.493283E-07
 LALPHA     24.2203    
 LVOL      0.115478E-09
 ALVOL     0.139845E-10

 EXIT THE MAPDL POST1 DATABASE PROCESSOR


 ***** ROUTINE COMPLETED *****  ELAPSED TIME =        28.353



 *****  MAPDL SOLUTION ROUTINE  *****

 *****  MAPDL SOLVE    COMMAND  *****

 *** MAPDL - ENGINEERING ANALYSIS SYSTEM  RELEASE 2026 R1.02       26.1     ***
 Ansys Mechanical Enterprise Academic Research     
 01196637  VERSION=WINDOWS x64   11:07:03  SEP 18, 2026 Elapsed Time=     28.692

 testbed2--Thermique transitoire (B5)                                          

 Note - This MAPDL version was linked by Licensee

 *** MAPDL - ENGINEERING ANALYSIS SYSTEM  RELEASE 2026 R1.02       26.1     ***
 Ansys Mechanical Enterprise Academic Research     
 01196637  VERSION=WINDOWS x64   11:07:03  SEP 18, 2026 Elapsed Time=     29.032

 testbed2--Thermique transitoire (B5)                                          

 Note - This MAPDL version was linked by Licensee

 SOLUTION MONITORING INFO IS WRITTEN TO FILE= file.mntr                                                                                                                                                                                                                                                           

     HT FLOW CONVERGENCE VALUE=  0.6944E-01  CRITERION=  0.7497E-03
    EQUIL ITER   1 COMPLETED.  NEW TRIANG MATRIX.  MAX DOF INC=   67.69    
     HT FLOW CONVERGENCE VALUE=  0.1094E-01  CRITERION=  0.7463E-03
    EQUIL ITER   2 COMPLETED.  NEW TRIANG MATRIX.  MAX DOF INC=  -9.134    
     HT FLOW CONVERGENCE VALUE=  0.1778E-02  CRITERION=  0.7471E-03
    EQUIL ITER   3 COMPLETED.  NEW TRIANG MATRIX.  MAX DOF INC=   1.323    
     HT FLOW CONVERGENCE VALUE=  0.2425E-03  CRITERION=  0.7469E-03 <<< CONVERGED
    >>> SOLUTION CONVERGED AFTER EQUILIBRIUM ITERATION   3
 *** LOAD STEP     6   SUBSTEP     1  COMPLETED.    CUM ITER =     24
 *** TIME =  0.300000         TIME INC =  0.500000E-01
 *** RESPONSE EIGENVALUE =  1.768       OSCILLATION LIMIT = 0.8838E-01

 *** NOTE ***                            ELAPSED TIME =      30.774   TIME= 11:07:05
 The number of multiframe restart files exceeds 4, a user specified      
 limit.  The .Rnnn file numbering will be reset to 1.                    

 FINISH SOLUTION PROCESSING


 ***** ROUTINE COMPLETED *****  ELAPSED TIME =        31.551



 *** MAPDL - ENGINEERING ANALYSIS SYSTEM  RELEASE 2026 R1.02       26.1     ***
 Ansys Mechanical Enterprise Academic Research     
 01196637  VERSION=WINDOWS x64   11:07:05  SEP 18, 2026 Elapsed Time=     31.555

 testbed2--Thermique transitoire (B5)                                          

 Note - This MAPDL version was linked by Licensee

          ***** MAPDL RESULTS INTERPRETATION (POST1) *****

 SUM ALL THE ACTIVE ENTRIES IN THE ELEMENT TABLE 

 TABLE LABEL     TOTAL
 ERATE      428108.    
 EVOL      0.745986E-08
 GMASS     0.247397E-06

 SUM ALL THE ACTIVE ENTRIES IN THE ELEMENT TABLE 

 TABLE LABEL     TOTAL
 ERATE      96382.5    
 EVOL      0.115478E-09
 GMASS     0.556502E-07
 LALPHA     32.9823    
 LVOL      0.115478E-09
 ALVOL     0.190436E-10

 EXIT THE MAPDL POST1 DATABASE PROCESSOR


 ***** ROUTINE COMPLETED *****  ELAPSED TIME =        32.205



 *****  MAPDL SOLUTION ROUTINE  *****

 *****  MAPDL SOLVE    COMMAND  *****

 *** MAPDL - ENGINEERING ANALYSIS SYSTEM  RELEASE 2026 R1.02       26.1     ***
 Ansys Mechanical Enterprise Academic Research     
 01196637  VERSION=WINDOWS x64   11:07:06  SEP 18, 2026 Elapsed Time=     32.578

 testbed2--Thermique transitoire (B5)                                          

 Note - This MAPDL version was linked by Licensee

 *** MAPDL - ENGINEERING ANALYSIS SYSTEM  RELEASE 2026 R1.02       26.1     ***
 Ansys Mechanical Enterprise Academic Research     
 01196637  VERSION=WINDOWS x64   11:07:07  SEP 18, 2026 Elapsed Time=     32.958

 testbed2--Thermique transitoire (B5)                                          

 Note - This MAPDL version was linked by Licensee

 SOLUTION MONITORING INFO IS WRITTEN TO FILE= file.mntr                                                                                                                                                                                                                                                           

     HT FLOW CONVERGENCE VALUE=  0.6175E-01  CRITERION=  0.7388E-03
    EQUIL ITER   1 COMPLETED.  NEW TRIANG MATRIX.  MAX DOF INC=   57.21    

 *** NOTE ***                            ELAPSED TIME =      33.893   TIME= 11:07:08
 Bisection has been requested by the routine usermatth.F.                
 *** LOAD STEP     7   SUBSTEP     1  NOT COMPLETED.  CUM ITER =     27
 *** BEGIN BISECTION NUMBER   1    NEW TIME INCREMENT=  0.25000E-01

     HT FLOW CONVERGENCE VALUE=  0.3768      CRITERION=  0.3713E-03
    EQUIL ITER   1 COMPLETED.  NEW TRIANG MATRIX.  MAX DOF INC=  -161.8    
     HT FLOW CONVERGENCE VALUE=  0.6930E-02  CRITERION=  0.4130E-03
    EQUIL ITER   2 COMPLETED.  NEW TRIANG MATRIX.  MAX DOF INC=   4.604    
     HT FLOW CONVERGENCE VALUE=  0.1236E-03  CRITERION=  0.4116E-03 <<< CONVERGED
    >>> SOLUTION CONVERGED AFTER EQUILIBRIUM ITERATION   2
 *** LOAD STEP     7   SUBSTEP     1  COMPLETED.    CUM ITER =     28
 *** TIME =  0.325000         TIME INC =  0.250000E-01
 *** RESPONSE EIGENVALUE =  73.69       OSCILLATION LIMIT =  1.842    
 *** AUTO TIME STEP:  NEXT TIME INC = 0.83333E-02  DECREASED (FACTOR = 0.3333)

     HT FLOW CONVERGENCE VALUE=  0.1198      CRITERION=  0.4958E-03
    EQUIL ITER   1 COMPLETED.  NEW TRIANG MATRIX.  MAX DOF INC=   9.838    
     HT FLOW CONVERGENCE VALUE=  0.6151E-03  CRITERION=  0.4914E-03
    EQUIL ITER   2 COMPLETED.  NEW TRIANG MATRIX.  MAX DOF INC=  0.8787E-01
     HT FLOW CONVERGENCE VALUE=  0.6897E-05  CRITERION=  0.4914E-03 <<< CONVERGED
    >>> SOLUTION CONVERGED AFTER EQUILIBRIUM ITERATION   2
 *** LOAD STEP     7   SUBSTEP     2  COMPLETED.    CUM ITER =     30
 *** TIME =  0.333333         TIME INC =  0.833333E-02
 *** RESPONSE EIGENVALUE =  103.8       OSCILLATION LIMIT = 0.8648    
 *** AUTO TIME STEP:  NEXT TIME INC = 0.48181E-02  DECREASED (FACTOR = 0.5782)

     HT FLOW CONVERGENCE VALUE=  0.8728E-01  CRITERION=  0.5665E-03
    EQUIL ITER   1 COMPLETED.  NEW TRIANG MATRIX.  MAX DOF INC=   16.23    
     HT FLOW CONVERGENCE VALUE=  0.7944E-03  CRITERION=  0.5512E-03
    EQUIL ITER   2 COMPLETED.  NEW TRIANG MATRIX.  MAX DOF INC= -0.1753    
     HT FLOW CONVERGENCE VALUE=  0.8863E-05  CRITERION=  0.5514E-03 <<< CONVERGED
    >>> SOLUTION CONVERGED AFTER EQUILIBRIUM ITERATION   2
 *** LOAD STEP     7   SUBSTEP     3  COMPLETED.    CUM ITER =     32
 *** TIME =  0.338151         TIME INC =  0.481808E-02
 *** RESPONSE EIGENVALUE =  148.8       OSCILLATION LIMIT = 0.7167    
 *** AUTO TIME STEP:  NEXT TIME INC = 0.33612E-02  DECREASED (FACTOR = 0.6976)

     HT FLOW CONVERGENCE VALUE=  0.7738E-01  CRITERION=  0.6158E-03
    EQUIL ITER   1 COMPLETED.  NEW TRIANG MATRIX.  MAX DOF INC=   15.05    
     HT FLOW CONVERGENCE VALUE=  0.1123E-02  CRITERION=  0.5955E-03
    EQUIL ITER   2 COMPLETED.  NEW TRIANG MATRIX.  MAX DOF INC= -0.1975    
     HT FLOW CONVERGENCE VALUE=  0.1443E-04  CRITERION=  0.5958E-03 <<< CONVERGED
    >>> SOLUTION CONVERGED AFTER EQUILIBRIUM ITERATION   2
 *** LOAD STEP     7   SUBSTEP     4  COMPLETED.    CUM ITER =     34
 *** TIME =  0.341513         TIME INC =  0.336119E-02
 *** RESPONSE EIGENVALUE =  124.8       OSCILLATION LIMIT = 0.4196    
 *** AUTO STEP TIME:  NEXT TIME INC = 0.33612E-02  UNCHANGED

     HT FLOW CONVERGENCE VALUE=  0.8610E-01  CRITERION=  0.6651E-03
    EQUIL ITER   1 COMPLETED.  NEW TRIANG MATRIX.  MAX DOF INC=   18.04    
     HT FLOW CONVERGENCE VALUE=  0.1666E-02  CRITERION=  0.6411E-03
    EQUIL ITER   2 COMPLETED.  NEW TRIANG MATRIX.  MAX DOF INC= -0.2902    
     HT FLOW CONVERGENCE VALUE=  0.2835E-04  CRITERION=  0.6415E-03 <<< CONVERGED
    >>> SOLUTION CONVERGED AFTER EQUILIBRIUM ITERATION   2
 *** LOAD STEP     7   SUBSTEP     5  COMPLETED.    CUM ITER =     36
 *** TIME =  0.344874         TIME INC =  0.336119E-02
 *** RESPONSE EIGENVALUE =  99.80       OSCILLATION LIMIT = 0.3354    
 *** AUTO TIME STEP:  NEXT TIME INC = 0.25631E-02  DECREASED (FACTOR = 0.7626)

     HT FLOW CONVERGENCE VALUE=  0.8686E-01  CRITERION=  0.7025E-03
    EQUIL ITER   1 COMPLETED.  NEW TRIANG MATRIX.  MAX DOF INC=   15.24    
     HT FLOW CONVERGENCE VALUE=  0.1824E-02  CRITERION=  0.6765E-03
    EQUIL ITER   2 COMPLETED.  NEW TRIANG MATRIX.  MAX DOF INC= -0.2565    
     HT FLOW CONVERGENCE VALUE=  0.2610E-04  CRITERION=  0.6769E-03 <<< CONVERGED
    >>> SOLUTION CONVERGED AFTER EQUILIBRIUM ITERATION   2
 *** LOAD STEP     7   SUBSTEP     6  COMPLETED.    CUM ITER =     38
 *** TIME =  0.347437         TIME INC =  0.256310E-02
 *** RESPONSE EIGENVALUE =  84.70       OSCILLATION LIMIT = 0.2171    
 *** AUTO STEP TIME:  NEXT TIME INC = 0.25631E-02  UNCHANGED

     HT FLOW CONVERGENCE VALUE=  0.9498E-01  CRITERION=  0.7401E-03
    EQUIL ITER   1 COMPLETED.  NEW TRIANG MATRIX.  MAX DOF INC=   16.57    
     HT FLOW CONVERGENCE VALUE=  0.2147E-02  CRITERION=  0.7121E-03
    EQUIL ITER   2 COMPLETED.  NEW TRIANG MATRIX.  MAX DOF INC= -0.3110    
     HT FLOW CONVERGENCE VALUE=  0.3410E-04  CRITERION=  0.7127E-03 <<< CONVERGED
    >>> SOLUTION CONVERGED AFTER EQUILIBRIUM ITERATION   2
 *** LOAD STEP     7   SUBSTEP     7  COMPLETED.    CUM ITER =     40
 *** TIME =  0.350000         TIME INC =  0.256310E-02
 *** RESPONSE EIGENVALUE =  73.12       OSCILLATION LIMIT = 0.1874    

 *** NOTE ***                            ELAPSED TIME =      40.893   TIME= 11:07:15
 The number of multiframe restart files exceeds 4, a user specified      
 limit.  The .Rnnn file numbering will be reset to 1.                    

 FINISH SOLUTION PROCESSING


 ***** ROUTINE COMPLETED *****  ELAPSED TIME =        41.933



 *** MAPDL - ENGINEERING ANALYSIS SYSTEM  RELEASE 2026 R1.02       26.1     ***
 Ansys Mechanical Enterprise Academic Research     
 01196637  VERSION=WINDOWS x64   11:07:16  SEP 18, 2026 Elapsed Time=     41.937

 testbed2--Thermique transitoire (B5)                                          

 Note - This MAPDL version was linked by Licensee

          ***** MAPDL RESULTS INTERPRETATION (POST1) *****

 SUM ALL THE ACTIVE ENTRIES IN THE ELEMENT TABLE 

 TABLE LABEL     TOTAL
 ERATE      292875.    
 EVOL      0.745986E-08
 GMASS     0.169266E-06

 SUM ALL THE ACTIVE ENTRIES IN THE ELEMENT TABLE 

 TABLE LABEL     TOTAL
 ERATE      62806.5    
 EVOL      0.115478E-09
 GMASS     0.362638E-07
 LALPHA     36.5514    
 LVOL      0.115478E-09
 ALVOL     0.211044E-10

 EXIT THE MAPDL POST1 DATABASE PROCESSOR


 ***** ROUTINE COMPLETED *****  ELAPSED TIME =        42.518



 *****  MAPDL SOLUTION ROUTINE  *****

 *****  MAPDL SOLVE    COMMAND  *****

 *** MAPDL - ENGINEERING ANALYSIS SYSTEM  RELEASE 2026 R1.02       26.1     ***
 Ansys Mechanical Enterprise Academic Research     
 01196637  VERSION=WINDOWS x64   11:07:17  SEP 18, 2026 Elapsed Time=     42.838

 testbed2--Thermique transitoire (B5)                                          

 Note - This MAPDL version was linked by Licensee

 *** MAPDL - ENGINEERING ANALYSIS SYSTEM  RELEASE 2026 R1.02       26.1     ***
 Ansys Mechanical Enterprise Academic Research     
 01196637  VERSION=WINDOWS x64   11:07:17  SEP 18, 2026 Elapsed Time=     43.167

 testbed2--Thermique transitoire (B5)                                          

 Note - This MAPDL version was linked by Licensee

 SOLUTION MONITORING INFO IS WRITTEN TO FILE= file.mntr                                                                                                                                                                                                                                                           

     HT FLOW CONVERGENCE VALUE=  0.8612E-01  CRITERION=  0.7551E-03
    EQUIL ITER   1 COMPLETED.  NEW TRIANG MATRIX.  MAX DOF INC=   97.04    

 *** NOTE ***                            ELAPSED TIME =      43.963   TIME= 11:07:18
 Bisection has been requested by the routine usermatth.F.                
 *** LOAD STEP     8   SUBSTEP     1  NOT COMPLETED.  CUM ITER =     43
 *** BEGIN BISECTION NUMBER   1    NEW TIME INCREMENT=  0.25000E-01

     HT FLOW CONVERGENCE VALUE=  0.3455      CRITERION=  0.3801E-03
    EQUIL ITER   1 COMPLETED.  NEW TRIANG MATRIX.  MAX DOF INC=  -123.7    
     HT FLOW CONVERGENCE VALUE=  0.4129E-02  CRITERION=  0.4091E-03
    EQUIL ITER   2 COMPLETED.  NEW TRIANG MATRIX.  MAX DOF INC=   2.558    
     HT FLOW CONVERGENCE VALUE=  0.6917E-04  CRITERION=  0.4084E-03 <<< CONVERGED
    >>> SOLUTION CONVERGED AFTER EQUILIBRIUM ITERATION   2
 *** LOAD STEP     8   SUBSTEP     1  COMPLETED.    CUM ITER =     44
 *** TIME =  0.375000         TIME INC =  0.250000E-01
 *** RESPONSE EIGENVALUE =  95.97       OSCILLATION LIMIT =  2.399    
 *** AUTO TIME STEP:  NEXT TIME INC = 0.83333E-02  DECREASED (FACTOR = 0.3333)

     HT FLOW CONVERGENCE VALUE=  0.1145      CRITERION=  0.5063E-03
    EQUIL ITER   1 COMPLETED.  NEW TRIANG MATRIX.  MAX DOF INC=   19.08    
     HT FLOW CONVERGENCE VALUE=  0.7600E-03  CRITERION=  0.4959E-03
    EQUIL ITER   2 COMPLETED.  NEW TRIANG MATRIX.  MAX DOF INC= -0.1730    
     HT FLOW CONVERGENCE VALUE=  0.7629E-05  CRITERION=  0.4960E-03 <<< CONVERGED
    >>> SOLUTION CONVERGED AFTER EQUILIBRIUM ITERATION   2
 *** LOAD STEP     8   SUBSTEP     2  COMPLETED.    CUM ITER =     46
 *** TIME =  0.383333         TIME INC =  0.833333E-02
 *** RESPONSE EIGENVALUE =  164.2       OSCILLATION LIMIT =  1.368    
 *** AUTO TIME STEP:  NEXT TIME INC = 0.30457E-02  DECREASED (FACTOR = 0.3655)

     HT FLOW CONVERGENCE VALUE=  0.6472E-01  CRITERION=  0.5518E-03
    EQUIL ITER   1 COMPLETED.  NEW TRIANG MATRIX.  MAX DOF INC=   11.42    
     HT FLOW CONVERGENCE VALUE=  0.5484E-03  CRITERION=  0.5348E-03
    EQUIL ITER   2 COMPLETED.  NEW TRIANG MATRIX.  MAX DOF INC= -0.1022    
     HT FLOW CONVERGENCE VALUE=  0.4796E-05  CRITERION=  0.5350E-03 <<< CONVERGED
    >>> SOLUTION CONVERGED AFTER EQUILIBRIUM ITERATION   2
 *** LOAD STEP     8   SUBSTEP     3  COMPLETED.    CUM ITER =     48
 *** TIME =  0.386379         TIME INC =  0.304569E-02
 *** RESPONSE EIGENVALUE =  163.4       OSCILLATION LIMIT = 0.4977    
 *** AUTO STEP TIME:  NEXT TIME INC = 0.30457E-02  UNCHANGED

     HT FLOW CONVERGENCE VALUE=  0.7387E-01  CRITERION=  0.5975E-03
    EQUIL ITER   1 COMPLETED.  NEW TRIANG MATRIX.  MAX DOF INC=   14.60    
     HT FLOW CONVERGENCE VALUE=  0.8383E-03  CRITERION=  0.5759E-03
    EQUIL ITER   2 COMPLETED.  NEW TRIANG MATRIX.  MAX DOF INC= -0.1629    
     HT FLOW CONVERGENCE VALUE=  0.8897E-05  CRITERION=  0.5762E-03 <<< CONVERGED
    >>> SOLUTION CONVERGED AFTER EQUILIBRIUM ITERATION   2
 *** LOAD STEP     8   SUBSTEP     4  COMPLETED.    CUM ITER =     50
 *** TIME =  0.389425         TIME INC =  0.304569E-02
 *** RESPONSE EIGENVALUE =  130.4       OSCILLATION LIMIT = 0.3972    
 *** AUTO TIME STEP:  NEXT TIME INC = 0.38337E-02  INCREASED (FACTOR = 1.2587)

     HT FLOW CONVERGENCE VALUE=  0.9352E-01  CRITERION=  0.6548E-03
    EQUIL ITER   1 COMPLETED.  NEW TRIANG MATRIX.  MAX DOF INC=   22.26    
     HT FLOW CONVERGENCE VALUE=  0.1663E-02  CRITERION=  0.6293E-03
    EQUIL ITER   2 COMPLETED.  NEW TRIANG MATRIX.  MAX DOF INC= -0.3544    
     HT FLOW CONVERGENCE VALUE=  0.3128E-04  CRITERION=  0.6297E-03 <<< CONVERGED
    >>> SOLUTION CONVERGED AFTER EQUILIBRIUM ITERATION   2
 *** LOAD STEP     8   SUBSTEP     5  COMPLETED.    CUM ITER =     52
 *** TIME =  0.393258         TIME INC =  0.383367E-02
 *** RESPONSE EIGENVALUE =  98.88       OSCILLATION LIMIT = 0.3791    
 *** AUTO TIME STEP:  NEXT TIME INC = 0.50564E-02  INCREASED (FACTOR = 1.3189)

     HT FLOW CONVERGENCE VALUE=  0.1206      CRITERION=  0.7305E-03
    EQUIL ITER   1 COMPLETED.  NEW TRIANG MATRIX.  MAX DOF INC=   34.68    
     HT FLOW CONVERGENCE VALUE=  0.4137E-02  CRITERION=  0.7010E-03
    EQUIL ITER   2 COMPLETED.  NEW TRIANG MATRIX.  MAX DOF INC= -0.8555    
     HT FLOW CONVERGENCE VALUE=  0.1069E-03  CRITERION=  0.7018E-03 <<< CONVERGED
    >>> SOLUTION CONVERGED AFTER EQUILIBRIUM ITERATION   2
 *** LOAD STEP     8   SUBSTEP     6  COMPLETED.    CUM ITER =     54
 *** TIME =  0.398315         TIME INC =  0.505639E-02
 *** RESPONSE EIGENVALUE =  73.23       OSCILLATION LIMIT = 0.3703    
 *** AUTO TIME STEP:  NEXT TIME INC = 0.16852E-02  DECREASED (FACTOR = 0.3333)

     HT FLOW CONVERGENCE VALUE=  0.9837E-01  CRITERION=  0.7554E-03
    EQUIL ITER   1 COMPLETED.  NEW TRIANG MATRIX.  MAX DOF INC=   12.00    
     HT FLOW CONVERGENCE VALUE=  0.1732E-02  CRITERION=  0.7255E-03
    EQUIL ITER   2 COMPLETED.  NEW TRIANG MATRIX.  MAX DOF INC= -0.1946    
     HT FLOW CONVERGENCE VALUE=  0.2253E-04  CRITERION=  0.7260E-03 <<< CONVERGED
    >>> SOLUTION CONVERGED AFTER EQUILIBRIUM ITERATION   2
 *** LOAD STEP     8   SUBSTEP     7  COMPLETED.    CUM ITER =     56
 *** TIME =  0.400000         TIME INC =  0.168522E-02
 *** RESPONSE EIGENVALUE =  66.99       OSCILLATION LIMIT = 0.1129    

 *** NOTE ***                            ELAPSED TIME =      51.444   TIME= 11:07:25
 The number of multiframe restart files exceeds 4, a user specified      
 limit.  The .Rnnn file numbering will be reset to 1.                    

 FINISH SOLUTION PROCESSING


 ***** ROUTINE COMPLETED *****  ELAPSED TIME =        52.878



 *** MAPDL - ENGINEERING ANALYSIS SYSTEM  RELEASE 2026 R1.02       26.1     ***
 Ansys Mechanical Enterprise Academic Research     
 01196637  VERSION=WINDOWS x64   11:07:27  SEP 18, 2026 Elapsed Time=     52.881

 testbed2--Thermique transitoire (B5)                                          

 Note - This MAPDL version was linked by Licensee

          ***** MAPDL RESULTS INTERPRETATION (POST1) *****

 SUM ALL THE ACTIVE ENTRIES IN THE ELEMENT TABLE 

 TABLE LABEL     TOTAL
 ERATE      281542.    
 EVOL      0.745986E-08
 GMASS     0.162730E-06

 SUM ALL THE ACTIVE ENTRIES IN THE ELEMENT TABLE 

 TABLE LABEL     TOTAL
 ERATE      58143.1    
 EVOL      0.115478E-09
 GMASS     0.335712E-07
 LALPHA     39.7898    
 LVOL      0.115478E-09
 ALVOL     0.229742E-10

 EXIT THE MAPDL POST1 DATABASE PROCESSOR


 ***** ROUTINE COMPLETED *****  ELAPSED TIME =        53.452



 *****  MAPDL SOLUTION ROUTINE  *****

 *****  MAPDL SOLVE    COMMAND  *****

 *** MAPDL - ENGINEERING ANALYSIS SYSTEM  RELEASE 2026 R1.02       26.1     ***
 Ansys Mechanical Enterprise Academic Research     
 01196637  VERSION=WINDOWS x64   11:07:28  SEP 18, 2026 Elapsed Time=     53.761

 testbed2--Thermique transitoire (B5)                                          

 Note - This MAPDL version was linked by Licensee

 *** MAPDL - ENGINEERING ANALYSIS SYSTEM  RELEASE 2026 R1.02       26.1     ***
 Ansys Mechanical Enterprise Academic Research     
 01196637  VERSION=WINDOWS x64   11:07:28  SEP 18, 2026 Elapsed Time=     54.094

 testbed2--Thermique transitoire (B5)                                          

 Note - This MAPDL version was linked by Licensee

 SOLUTION MONITORING INFO IS WRITTEN TO FILE= file.mntr                                                                                                                                                                                                                                                           

     HT FLOW CONVERGENCE VALUE=  0.9248E-01  CRITERION=  0.7566E-03
    EQUIL ITER   1 COMPLETED.  NEW TRIANG MATRIX.  MAX DOF INC=   106.8    

 *** NOTE ***                            ELAPSED TIME =      54.920   TIME= 11:07:29
 Bisection has been requested by the routine usermatth.F.                
 *** LOAD STEP     9   SUBSTEP     1  NOT COMPLETED.  CUM ITER =     59
 *** BEGIN BISECTION NUMBER   1    NEW TIME INCREMENT=  0.25000E-01

     HT FLOW CONVERGENCE VALUE=  0.3525      CRITERION=  0.3809E-03
    EQUIL ITER   1 COMPLETED.  NEW TRIANG MATRIX.  MAX DOF INC=  -118.9    
     HT FLOW CONVERGENCE VALUE=  0.3780E-02  CRITERION=  0.4079E-03
    EQUIL ITER   2 COMPLETED.  NEW TRIANG MATRIX.  MAX DOF INC=   2.198    
     HT FLOW CONVERGENCE VALUE=  0.5703E-04  CRITERION=  0.4074E-03 <<< CONVERGED
    >>> SOLUTION CONVERGED AFTER EQUILIBRIUM ITERATION   2
 *** LOAD STEP     9   SUBSTEP     1  COMPLETED.    CUM ITER =     60
 *** TIME =  0.425000         TIME INC =  0.250000E-01
 *** RESPONSE EIGENVALUE =  117.3       OSCILLATION LIMIT =  2.933    
 *** AUTO TIME STEP:  NEXT TIME INC = 0.83333E-02  DECREASED (FACTOR = 0.3333)

     HT FLOW CONVERGENCE VALUE=  0.1128      CRITERION=  0.5072E-03
    EQUIL ITER   1 COMPLETED.  NEW TRIANG MATRIX.  MAX DOF INC=   20.88    
     HT FLOW CONVERGENCE VALUE=  0.8614E-03  CRITERION=  0.4957E-03
    EQUIL ITER   2 COMPLETED.  NEW TRIANG MATRIX.  MAX DOF INC= -0.2238    
     HT FLOW CONVERGENCE VALUE=  0.1030E-04  CRITERION=  0.4958E-03 <<< CONVERGED
    >>> SOLUTION CONVERGED AFTER EQUILIBRIUM ITERATION   2
 *** LOAD STEP     9   SUBSTEP     2  COMPLETED.    CUM ITER =     62
 *** TIME =  0.433333         TIME INC =  0.833333E-02
 *** RESPONSE EIGENVALUE =  186.7       OSCILLATION LIMIT =  1.556    
 *** AUTO TIME STEP:  NEXT TIME INC = 0.27778E-02  DECREASED (FACTOR = 0.3333)

     HT FLOW CONVERGENCE VALUE=  0.6055E-01  CRITERION=  0.5488E-03
    EQUIL ITER   1 COMPLETED.  NEW TRIANG MATRIX.  MAX DOF INC=   10.73    
     HT FLOW CONVERGENCE VALUE=  0.5388E-03  CRITERION=  0.5313E-03
    EQUIL ITER   2 COMPLETED.  NEW TRIANG MATRIX.  MAX DOF INC= -0.9611E-01
     HT FLOW CONVERGENCE VALUE=  0.4643E-05  CRITERION=  0.5315E-03 <<< CONVERGED
    >>> SOLUTION CONVERGED AFTER EQUILIBRIUM ITERATION   2
 *** LOAD STEP     9   SUBSTEP     3  COMPLETED.    CUM ITER =     64
 *** TIME =  0.436111         TIME INC =  0.277778E-02
 *** RESPONSE EIGENVALUE =  167.7       OSCILLATION LIMIT = 0.4659    
 *** AUTO STEP TIME:  NEXT TIME INC = 0.27778E-02  UNCHANGED

     HT FLOW CONVERGENCE VALUE=  0.7010E-01  CRITERION=  0.5905E-03
    EQUIL ITER   1 COMPLETED.  NEW TRIANG MATRIX.  MAX DOF INC=   13.44    
     HT FLOW CONVERGENCE VALUE=  0.7968E-03  CRITERION=  0.5689E-03
    EQUIL ITER   2 COMPLETED.  NEW TRIANG MATRIX.  MAX DOF INC= -0.1468    
     HT FLOW CONVERGENCE VALUE=  0.8161E-05  CRITERION=  0.5691E-03 <<< CONVERGED
    >>> SOLUTION CONVERGED AFTER EQUILIBRIUM ITERATION   2
 *** LOAD STEP     9   SUBSTEP     4  COMPLETED.    CUM ITER =     66
 *** TIME =  0.438889         TIME INC =  0.277778E-02
 *** RESPONSE EIGENVALUE =  132.0       OSCILLATION LIMIT = 0.3668    
 *** AUTO TIME STEP:  NEXT TIME INC = 0.37870E-02  INCREASED (FACTOR = 1.3633)

     HT FLOW CONVERGENCE VALUE=  0.9253E-01  CRITERION=  0.6473E-03
    EQUIL ITER   1 COMPLETED.  NEW TRIANG MATRIX.  MAX DOF INC=   22.19    
     HT FLOW CONVERGENCE VALUE=  0.1612E-02  CRITERION=  0.6217E-03
    EQUIL ITER   2 COMPLETED.  NEW TRIANG MATRIX.  MAX DOF INC= -0.3521    
     HT FLOW CONVERGENCE VALUE=  0.3250E-04  CRITERION=  0.6221E-03 <<< CONVERGED
    >>> SOLUTION CONVERGED AFTER EQUILIBRIUM ITERATION   2
 *** LOAD STEP     9   SUBSTEP     5  COMPLETED.    CUM ITER =     68
 *** TIME =  0.442676         TIME INC =  0.378699E-02
 *** RESPONSE EIGENVALUE =  98.94       OSCILLATION LIMIT = 0.3747    
 *** AUTO TIME STEP:  NEXT TIME INC = 0.50536E-02  INCREASED (FACTOR = 1.3345)

     HT FLOW CONVERGENCE VALUE=  0.1206      CRITERION=  0.7230E-03
    EQUIL ITER   1 COMPLETED.  NEW TRIANG MATRIX.  MAX DOF INC=   34.98    
     HT FLOW CONVERGENCE VALUE=  0.4235E-02  CRITERION=  0.6936E-03
    EQUIL ITER   2 COMPLETED.  NEW TRIANG MATRIX.  MAX DOF INC= -0.8788    
     HT FLOW CONVERGENCE VALUE=  0.1148E-03  CRITERION=  0.6943E-03 <<< CONVERGED
    >>> SOLUTION CONVERGED AFTER EQUILIBRIUM ITERATION   2
 *** LOAD STEP     9   SUBSTEP     6  COMPLETED.    CUM ITER =     70
 *** TIME =  0.447729         TIME INC =  0.505355E-02
 *** RESPONSE EIGENVALUE =  72.88       OSCILLATION LIMIT = 0.3683    
 *** AUTO TIME STEP:  NEXT TIME INC = 0.22706E-02  DECREASED (FACTOR = 0.4493)

     HT FLOW CONVERGENCE VALUE=  0.1041      CRITERION=  0.7568E-03
    EQUIL ITER   1 COMPLETED.  NEW TRIANG MATRIX.  MAX DOF INC=   16.56    
     HT FLOW CONVERGENCE VALUE=  0.2560E-02  CRITERION=  0.7264E-03
    EQUIL ITER   2 COMPLETED.  NEW TRIANG MATRIX.  MAX DOF INC= -0.3293    
     HT FLOW CONVERGENCE VALUE=  0.4165E-04  CRITERION=  0.7271E-03 <<< CONVERGED
    >>> SOLUTION CONVERGED AFTER EQUILIBRIUM ITERATION   2
 *** LOAD STEP     9   SUBSTEP     7  COMPLETED.    CUM ITER =     72
 *** TIME =  0.450000         TIME INC =  0.227057E-02
 *** RESPONSE EIGENVALUE =  64.70       OSCILLATION LIMIT = 0.1469    

 *** NOTE ***                            ELAPSED TIME =      61.887   TIME= 11:07:36
 The number of multiframe restart files exceeds 4, a user specified      
 limit.  The .Rnnn file numbering will be reset to 1.                    

 FINISH SOLUTION PROCESSING


 ***** ROUTINE COMPLETED *****  ELAPSED TIME =        63.724



 *** MAPDL - ENGINEERING ANALYSIS SYSTEM  RELEASE 2026 R1.02       26.1     ***
 Ansys Mechanical Enterprise Academic Research     
 01196637  VERSION=WINDOWS x64   11:07:38  SEP 18, 2026 Elapsed Time=     63.727

 testbed2--Thermique transitoire (B5)                                          

 Note - This MAPDL version was linked by Licensee

          ***** MAPDL RESULTS INTERPRETATION (POST1) *****

 SUM ALL THE ACTIVE ENTRIES IN THE ELEMENT TABLE 

 TABLE LABEL     TOTAL
 ERATE      288610.    
 EVOL      0.745986E-08
 GMASS     0.166826E-06

 SUM ALL THE ACTIVE ENTRIES IN THE ELEMENT TABLE 

 TABLE LABEL     TOTAL
 ERATE      57635.5    
 EVOL      0.115478E-09
 GMASS     0.332781E-07
 LALPHA     42.9368    
 LVOL      0.115478E-09
 ALVOL     0.247912E-10

 EXIT THE MAPDL POST1 DATABASE PROCESSOR


 ***** ROUTINE COMPLETED *****  ELAPSED TIME =        64.295



 *****  MAPDL SOLUTION ROUTINE  *****

 *****  MAPDL SOLVE    COMMAND  *****

 *** MAPDL - ENGINEERING ANALYSIS SYSTEM  RELEASE 2026 R1.02       26.1     ***
 Ansys Mechanical Enterprise Academic Research     
 01196637  VERSION=WINDOWS x64   11:07:39  SEP 18, 2026 Elapsed Time=     64.625

 testbed2--Thermique transitoire (B5)                                          

 Note - This MAPDL version was linked by Licensee

 *** MAPDL - ENGINEERING ANALYSIS SYSTEM  RELEASE 2026 R1.02       26.1     ***
 Ansys Mechanical Enterprise Academic Research     
 01196637  VERSION=WINDOWS x64   11:07:39  SEP 18, 2026 Elapsed Time=     64.960

 testbed2--Thermique transitoire (B5)                                          

 Note - This MAPDL version was linked by Licensee

 SOLUTION MONITORING INFO IS WRITTEN TO FILE= file.mntr                                                                                                                                                                                                                                                           

     HT FLOW CONVERGENCE VALUE=  0.9444E-01  CRITERION=  0.7559E-03
    EQUIL ITER   1 COMPLETED.  NEW TRIANG MATRIX.  MAX DOF INC=   110.3    

 *** NOTE ***                            ELAPSED TIME =      65.779   TIME= 11:07:40
 Bisection has been requested by the routine usermatth.F.                
 *** LOAD STEP    10   SUBSTEP     1  NOT COMPLETED.  CUM ITER =     75
 *** BEGIN BISECTION NUMBER   1    NEW TIME INCREMENT=  0.25000E-01

     HT FLOW CONVERGENCE VALUE=  0.3532      CRITERION=  0.3806E-03
    EQUIL ITER   1 COMPLETED.  NEW TRIANG MATRIX.  MAX DOF INC=  -116.7    
     HT FLOW CONVERGENCE VALUE=  0.3745E-02  CRITERION=  0.4066E-03
    EQUIL ITER   2 COMPLETED.  NEW TRIANG MATRIX.  MAX DOF INC=   2.090    
     HT FLOW CONVERGENCE VALUE=  0.5384E-04  CRITERION=  0.4061E-03 <<< CONVERGED
    >>> SOLUTION CONVERGED AFTER EQUILIBRIUM ITERATION   2
 *** LOAD STEP    10   SUBSTEP     1  COMPLETED.    CUM ITER =     76
 *** TIME =  0.475000         TIME INC =  0.250000E-01
 *** RESPONSE EIGENVALUE =  128.1       OSCILLATION LIMIT =  3.203    
 *** AUTO TIME STEP:  NEXT TIME INC = 0.83333E-02  DECREASED (FACTOR = 0.3333)

     HT FLOW CONVERGENCE VALUE=  0.1120      CRITERION=  0.5067E-03
    EQUIL ITER   1 COMPLETED.  NEW TRIANG MATRIX.  MAX DOF INC=   21.54    
     HT FLOW CONVERGENCE VALUE=  0.9307E-03  CRITERION=  0.4948E-03
    EQUIL ITER   2 COMPLETED.  NEW TRIANG MATRIX.  MAX DOF INC= -0.2485    
     HT FLOW CONVERGENCE VALUE=  0.1180E-04  CRITERION=  0.4949E-03 <<< CONVERGED
    >>> SOLUTION CONVERGED AFTER EQUILIBRIUM ITERATION   2
 *** LOAD STEP    10   SUBSTEP     2  COMPLETED.    CUM ITER =     78
 *** TIME =  0.483333         TIME INC =  0.833333E-02
 *** RESPONSE EIGENVALUE =  201.3       OSCILLATION LIMIT =  1.677    
 *** AUTO TIME STEP:  NEXT TIME INC = 0.27778E-02  DECREASED (FACTOR = 0.3333)

     HT FLOW CONVERGENCE VALUE=  0.6003E-01  CRITERION=  0.5482E-03
    EQUIL ITER   1 COMPLETED.  NEW TRIANG MATRIX.  MAX DOF INC=   10.93    
     HT FLOW CONVERGENCE VALUE=  0.5749E-03  CRITERION=  0.5305E-03
    EQUIL ITER   2 COMPLETED.  NEW TRIANG MATRIX.  MAX DOF INC= -0.1030    
     HT FLOW CONVERGENCE VALUE=  0.5195E-05  CRITERION=  0.5306E-03 <<< CONVERGED
    >>> SOLUTION CONVERGED AFTER EQUILIBRIUM ITERATION   2
 *** LOAD STEP    10   SUBSTEP     3  COMPLETED.    CUM ITER =     80
 *** TIME =  0.486111         TIME INC =  0.277778E-02
 *** RESPONSE EIGENVALUE =  169.9       OSCILLATION LIMIT = 0.4719    
 *** AUTO STEP TIME:  NEXT TIME INC = 0.27778E-02  UNCHANGED

     HT FLOW CONVERGENCE VALUE=  0.6997E-01  CRITERION=  0.5899E-03
    EQUIL ITER   1 COMPLETED.  NEW TRIANG MATRIX.  MAX DOF INC=   13.63    
     HT FLOW CONVERGENCE VALUE=  0.8476E-03  CRITERION=  0.5681E-03
    EQUIL ITER   2 COMPLETED.  NEW TRIANG MATRIX.  MAX DOF INC= -0.1561    
     HT FLOW CONVERGENCE VALUE=  0.9078E-05  CRITERION=  0.5683E-03 <<< CONVERGED
    >>> SOLUTION CONVERGED AFTER EQUILIBRIUM ITERATION   2
 *** LOAD STEP    10   SUBSTEP     4  COMPLETED.    CUM ITER =     82
 *** TIME =  0.488889         TIME INC =  0.277778E-02
 *** RESPONSE EIGENVALUE =  131.2       OSCILLATION LIMIT = 0.3645    
 *** AUTO TIME STEP:  NEXT TIME INC = 0.38099E-02  INCREASED (FACTOR = 1.3716)

     HT FLOW CONVERGENCE VALUE=  0.9295E-01  CRITERION=  0.6470E-03
    EQUIL ITER   1 COMPLETED.  NEW TRIANG MATRIX.  MAX DOF INC=   22.58    
     HT FLOW CONVERGENCE VALUE=  0.1813E-02  CRITERION=  0.6212E-03
    EQUIL ITER   2 COMPLETED.  NEW TRIANG MATRIX.  MAX DOF INC= -0.3837    
     HT FLOW CONVERGENCE VALUE=  0.3704E-04  CRITERION=  0.6216E-03 <<< CONVERGED
    >>> SOLUTION CONVERGED AFTER EQUILIBRIUM ITERATION   2
 *** LOAD STEP    10   SUBSTEP     5  COMPLETED.    CUM ITER =     84
 *** TIME =  0.492699         TIME INC =  0.380993E-02
 *** RESPONSE EIGENVALUE =  97.44       OSCILLATION LIMIT = 0.3712    
 *** AUTO TIME STEP:  NEXT TIME INC = 0.51315E-02  INCREASED (FACTOR = 1.3469)

     HT FLOW CONVERGENCE VALUE=  0.1219      CRITERION=  0.7238E-03
    EQUIL ITER   1 COMPLETED.  NEW TRIANG MATRIX.  MAX DOF INC=   35.89    
     HT FLOW CONVERGENCE VALUE=  0.4758E-02  CRITERION=  0.6942E-03
    EQUIL ITER   2 COMPLETED.  NEW TRIANG MATRIX.  MAX DOF INC= -0.9630    
     HT FLOW CONVERGENCE VALUE=  0.1324E-03  CRITERION=  0.6950E-03 <<< CONVERGED
    >>> SOLUTION CONVERGED AFTER EQUILIBRIUM ITERATION   2
 *** LOAD STEP    10   SUBSTEP     6  COMPLETED.    CUM ITER =     86
 *** TIME =  0.497830         TIME INC =  0.513153E-02
 *** RESPONSE EIGENVALUE =  71.43       OSCILLATION LIMIT = 0.3665    
 *** AUTO TIME STEP:  NEXT TIME INC = 0.21697E-02  DECREASED (FACTOR = 0.4228)

     HT FLOW CONVERGENCE VALUE=  0.1039      CRITERION=  0.7560E-03
    EQUIL ITER   1 COMPLETED.  NEW TRIANG MATRIX.  MAX DOF INC=   15.91    
     HT FLOW CONVERGENCE VALUE=  0.2597E-02  CRITERION=  0.7257E-03
    EQUIL ITER   2 COMPLETED.  NEW TRIANG MATRIX.  MAX DOF INC= -0.3240    
     HT FLOW CONVERGENCE VALUE=  0.4231E-04  CRITERION=  0.7263E-03 <<< CONVERGED
    >>> SOLUTION CONVERGED AFTER EQUILIBRIUM ITERATION   2
 *** LOAD STEP    10   SUBSTEP     7  COMPLETED.    CUM ITER =     88
 *** TIME =  0.500000         TIME INC =  0.216965E-02
 *** RESPONSE EIGENVALUE =  63.80       OSCILLATION LIMIT = 0.1384    

 *** NOTE ***                            ELAPSED TIME =      72.653   TIME= 11:07:47
 The number of multiframe restart files exceeds 4, a user specified      
 limit.  The .Rnnn file numbering will be reset to 1.                    

 FINISH SOLUTION PROCESSING


 ***** ROUTINE COMPLETED *****  ELAPSED TIME =        74.868



 *** MAPDL - ENGINEERING ANALYSIS SYSTEM  RELEASE 2026 R1.02       26.1     ***
 Ansys Mechanical Enterprise Academic Research     
 01196637  VERSION=WINDOWS x64   11:07:49  SEP 18, 2026 Elapsed Time=     74.871

 testbed2--Thermique transitoire (B5)                                          

 Note - This MAPDL version was linked by Licensee

          ***** MAPDL RESULTS INTERPRETATION (POST1) *****

 SUM ALL THE ACTIVE ENTRIES IN THE ELEMENT TABLE 

 TABLE LABEL     TOTAL
 ERATE      300063.    
 EVOL      0.745986E-08
 GMASS     0.173457E-06

 SUM ALL THE ACTIVE ENTRIES IN THE ELEMENT TABLE 

 TABLE LABEL     TOTAL
 ERATE      57531.0    
 EVOL      0.115478E-09
 GMASS     0.332178E-07
 LALPHA     46.0857    
 LVOL      0.115478E-09
 ALVOL     0.266094E-10

 EXIT THE MAPDL POST1 DATABASE PROCESSOR


 ***** ROUTINE COMPLETED *****  ELAPSED TIME =        75.434



 *****  MAPDL SOLUTION ROUTINE  *****

 *****  MAPDL SOLVE    COMMAND  *****

 *** MAPDL - ENGINEERING ANALYSIS SYSTEM  RELEASE 2026 R1.02       26.1     ***
 Ansys Mechanical Enterprise Academic Research     
 01196637  VERSION=WINDOWS x64   11:07:50  SEP 18, 2026 Elapsed Time=     75.756

 testbed2--Thermique transitoire (B5)                                          

 Note - This MAPDL version was linked by Licensee

 *** MAPDL - ENGINEERING ANALYSIS SYSTEM  RELEASE 2026 R1.02       26.1     ***
 Ansys Mechanical Enterprise Academic Research     
 01196637  VERSION=WINDOWS x64   11:07:50  SEP 18, 2026 Elapsed Time=     76.083

 testbed2--Thermique transitoire (B5)                                          

 Note - This MAPDL version was linked by Licensee

 SOLUTION MONITORING INFO IS WRITTEN TO FILE= file.mntr                                                                                                                                                                                                                                                           

     HT FLOW CONVERGENCE VALUE=  0.9490E-01  CRITERION=  0.7545E-03
    EQUIL ITER   1 COMPLETED.  NEW TRIANG MATRIX.  MAX DOF INC=   111.6    

 *** NOTE ***                            ELAPSED TIME =      76.852   TIME= 11:07:51
 Bisection has been requested by the routine usermatth.F.                
 *** LOAD STEP    11   SUBSTEP     1  NOT COMPLETED.  CUM ITER =     91
 *** BEGIN BISECTION NUMBER   1    NEW TIME INCREMENT=  0.25000E-01

     HT FLOW CONVERGENCE VALUE=  0.3530      CRITERION=  0.3799E-03
    EQUIL ITER   1 COMPLETED.  NEW TRIANG MATRIX.  MAX DOF INC=  -115.6    
     HT FLOW CONVERGENCE VALUE=  0.3853E-02  CRITERION=  0.4054E-03
    EQUIL ITER   2 COMPLETED.  NEW TRIANG MATRIX.  MAX DOF INC=   2.068    
     HT FLOW CONVERGENCE VALUE=  0.5328E-04  CRITERION=  0.4050E-03 <<< CONVERGED
    >>> SOLUTION CONVERGED AFTER EQUILIBRIUM ITERATION   2
 *** LOAD STEP    11   SUBSTEP     1  COMPLETED.    CUM ITER =     92
 *** TIME =  0.525000         TIME INC =  0.250000E-01
 *** RESPONSE EIGENVALUE =  134.0       OSCILLATION LIMIT =  3.351    
 *** AUTO TIME STEP:  NEXT TIME INC = 0.83333E-02  DECREASED (FACTOR = 0.3333)

     HT FLOW CONVERGENCE VALUE=  0.1115      CRITERION=  0.5058E-03
    EQUIL ITER   1 COMPLETED.  NEW TRIANG MATRIX.  MAX DOF INC=   21.78    
     HT FLOW CONVERGENCE VALUE=  0.9775E-03  CRITERION=  0.4937E-03
    EQUIL ITER   2 COMPLETED.  NEW TRIANG MATRIX.  MAX DOF INC= -0.2634    
     HT FLOW CONVERGENCE VALUE=  0.1299E-04  CRITERION=  0.4939E-03 <<< CONVERGED
    >>> SOLUTION CONVERGED AFTER EQUILIBRIUM ITERATION   2
 *** LOAD STEP    11   SUBSTEP     2  COMPLETED.    CUM ITER =     94
 *** TIME =  0.533333         TIME INC =  0.833333E-02
 *** RESPONSE EIGENVALUE =  213.4       OSCILLATION LIMIT =  1.778    
 *** AUTO TIME STEP:  NEXT TIME INC = 0.27778E-02  DECREASED (FACTOR = 0.3333)

     HT FLOW CONVERGENCE VALUE=  0.5953E-01  CRITERION=  0.5473E-03
    EQUIL ITER   1 COMPLETED.  NEW TRIANG MATRIX.  MAX DOF INC=   11.00    
     HT FLOW CONVERGENCE VALUE=  0.6045E-03  CRITERION=  0.5294E-03
    EQUIL ITER   2 COMPLETED.  NEW TRIANG MATRIX.  MAX DOF INC= -0.1081    
     HT FLOW CONVERGENCE VALUE=  0.5683E-05  CRITERION=  0.5296E-03 <<< CONVERGED
    >>> SOLUTION CONVERGED AFTER EQUILIBRIUM ITERATION   2
 *** LOAD STEP    11   SUBSTEP     3  COMPLETED.    CUM ITER =     96
 *** TIME =  0.536111         TIME INC =  0.277778E-02
 *** RESPONSE EIGENVALUE =  172.9       OSCILLATION LIMIT = 0.4802    
 *** AUTO STEP TIME:  NEXT TIME INC = 0.27778E-02  UNCHANGED

     HT FLOW CONVERGENCE VALUE=  0.6962E-01  CRITERION=  0.5888E-03
    EQUIL ITER   1 COMPLETED.  NEW TRIANG MATRIX.  MAX DOF INC=   13.68    
     HT FLOW CONVERGENCE VALUE=  0.8898E-03  CRITERION=  0.5670E-03
    EQUIL ITER   2 COMPLETED.  NEW TRIANG MATRIX.  MAX DOF INC= -0.1634    
     HT FLOW CONVERGENCE VALUE=  0.9914E-05  CRITERION=  0.5673E-03 <<< CONVERGED
    >>> SOLUTION CONVERGED AFTER EQUILIBRIUM ITERATION   2
 *** LOAD STEP    11   SUBSTEP     4  COMPLETED.    CUM ITER =     98
 *** TIME =  0.538889         TIME INC =  0.277778E-02
 *** RESPONSE EIGENVALUE =  131.8       OSCILLATION LIMIT = 0.3661    
 *** AUTO TIME STEP:  NEXT TIME INC = 0.37938E-02  INCREASED (FACTOR = 1.3658)

     HT FLOW CONVERGENCE VALUE=  0.9248E-01  CRITERION=  0.6456E-03
    EQUIL ITER   1 COMPLETED.  NEW TRIANG MATRIX.  MAX DOF INC=   22.53    
     HT FLOW CONVERGENCE VALUE=  0.2040E-02  CRITERION=  0.6199E-03
    EQUIL ITER   2 COMPLETED.  NEW TRIANG MATRIX.  MAX DOF INC= -0.4088    
     HT FLOW CONVERGENCE VALUE=  0.4087E-04  CRITERION=  0.6204E-03 <<< CONVERGED
    >>> SOLUTION CONVERGED AFTER EQUILIBRIUM ITERATION   2
 *** LOAD STEP    11   SUBSTEP     5  COMPLETED.    CUM ITER =    100
 *** TIME =  0.542683         TIME INC =  0.379384E-02
 *** RESPONSE EIGENVALUE =  97.22       OSCILLATION LIMIT = 0.3688    
 *** AUTO TIME STEP:  NEXT TIME INC = 0.51429E-02  INCREASED (FACTOR = 1.3556)

     HT FLOW CONVERGENCE VALUE=  0.1217      CRITERION=  0.7224E-03
    EQUIL ITER   1 COMPLETED.  NEW TRIANG MATRIX.  MAX DOF INC=   36.01    
     HT FLOW CONVERGENCE VALUE=  0.5225E-02  CRITERION=  0.6930E-03
    EQUIL ITER   2 COMPLETED.  NEW TRIANG MATRIX.  MAX DOF INC=  -1.021    
     HT FLOW CONVERGENCE VALUE=  0.1462E-03  CRITERION=  0.6938E-03 <<< CONVERGED
    >>> SOLUTION CONVERGED AFTER EQUILIBRIUM ITERATION   2
 *** LOAD STEP    11   SUBSTEP     6  COMPLETED.    CUM ITER =    102
 *** TIME =  0.547826         TIME INC =  0.514292E-02
 *** RESPONSE EIGENVALUE =  71.02       OSCILLATION LIMIT = 0.3652    
 *** AUTO TIME STEP:  NEXT TIME INC = 0.21744E-02  DECREASED (FACTOR = 0.4228)

     HT FLOW CONVERGENCE VALUE=  0.1037      CRITERION=  0.7547E-03
    EQUIL ITER   1 COMPLETED.  NEW TRIANG MATRIX.  MAX DOF INC=   15.96    
     HT FLOW CONVERGENCE VALUE=  0.2688E-02  CRITERION=  0.7245E-03
    EQUIL ITER   2 COMPLETED.  NEW TRIANG MATRIX.  MAX DOF INC= -0.3442    
     HT FLOW CONVERGENCE VALUE=  0.4742E-04  CRITERION=  0.7252E-03 <<< CONVERGED
    >>> SOLUTION CONVERGED AFTER EQUILIBRIUM ITERATION   2
 *** LOAD STEP    11   SUBSTEP     7  COMPLETED.    CUM ITER =    104
 *** TIME =  0.550000         TIME INC =  0.217435E-02
 *** RESPONSE EIGENVALUE =  63.38       OSCILLATION LIMIT = 0.1378    

 *** NOTE ***                            ELAPSED TIME =      83.473   TIME= 11:07:57
 The number of multiframe restart files exceeds 4, a user specified      
 limit.  The .Rnnn file numbering will be reset to 1.                    

 FINISH SOLUTION PROCESSING


 ***** ROUTINE COMPLETED *****  ELAPSED TIME =        86.145



 *** MAPDL - ENGINEERING ANALYSIS SYSTEM  RELEASE 2026 R1.02       26.1     ***
 Ansys Mechanical Enterprise Academic Research     
 01196637  VERSION=WINDOWS x64   11:08:00  SEP 18, 2026 Elapsed Time=     86.148

 testbed2--Thermique transitoire (B5)                                          

 Note - This MAPDL version was linked by Licensee

          ***** MAPDL RESULTS INTERPRETATION (POST1) *****

 SUM ALL THE ACTIVE ENTRIES IN THE ELEMENT TABLE 

 TABLE LABEL     TOTAL
 ERATE      314697.    
 EVOL      0.745986E-08
 GMASS     0.181928E-06

 SUM ALL THE ACTIVE ENTRIES IN THE ELEMENT TABLE 

 TABLE LABEL     TOTAL
 ERATE      57902.7    
 EVOL      0.115478E-09
 GMASS     0.334324E-07
 LALPHA     49.2686    
 LVOL      0.115478E-09
 ALVOL     0.284471E-10

 EXIT THE MAPDL POST1 DATABASE PROCESSOR


 ***** ROUTINE COMPLETED *****  ELAPSED TIME =        86.718



 *****  MAPDL SOLUTION ROUTINE  *****

 *****  MAPDL SOLVE    COMMAND  *****

 *** MAPDL - ENGINEERING ANALYSIS SYSTEM  RELEASE 2026 R1.02       26.1     ***
 Ansys Mechanical Enterprise Academic Research     
 01196637  VERSION=WINDOWS x64   11:08:01  SEP 18, 2026 Elapsed Time=     87.042

 testbed2--Thermique transitoire (B5)                                          

 Note - This MAPDL version was linked by Licensee

 *** MAPDL - ENGINEERING ANALYSIS SYSTEM  RELEASE 2026 R1.02       26.1     ***
 Ansys Mechanical Enterprise Academic Research     
 01196637  VERSION=WINDOWS x64   11:08:01  SEP 18, 2026 Elapsed Time=     87.372

 testbed2--Thermique transitoire (B5)                                          

 Note - This MAPDL version was linked by Licensee

 SOLUTION MONITORING INFO IS WRITTEN TO FILE= file.mntr                                                                                                                                                                                                                                                           

     HT FLOW CONVERGENCE VALUE=  0.9473E-01  CRITERION=  0.7529E-03
    EQUIL ITER   1 COMPLETED.  NEW TRIANG MATRIX.  MAX DOF INC=   111.9    

 *** NOTE ***                            ELAPSED TIME =      88.142   TIME= 11:08:02
 Bisection has been requested by the routine usermatth.F.                
 *** LOAD STEP    12   SUBSTEP     1  NOT COMPLETED.  CUM ITER =    107
 *** BEGIN BISECTION NUMBER   1    NEW TIME INCREMENT=  0.25000E-01

     HT FLOW CONVERGENCE VALUE=  0.3525      CRITERION=  0.3790E-03
    EQUIL ITER   1 COMPLETED.  NEW TRIANG MATRIX.  MAX DOF INC=  -114.9    
     HT FLOW CONVERGENCE VALUE=  0.4004E-02  CRITERION=  0.4042E-03
    EQUIL ITER   2 COMPLETED.  NEW TRIANG MATRIX.  MAX DOF INC=   2.091    
     HT FLOW CONVERGENCE VALUE=  0.5414E-04  CRITERION=  0.4038E-03 <<< CONVERGED
    >>> SOLUTION CONVERGED AFTER EQUILIBRIUM ITERATION   2
 *** LOAD STEP    12   SUBSTEP     1  COMPLETED.    CUM ITER =    108
 *** TIME =  0.575000         TIME INC =  0.250000E-01
 *** RESPONSE EIGENVALUE =  137.5       OSCILLATION LIMIT =  3.437    
 *** AUTO TIME STEP:  NEXT TIME INC = 0.83333E-02  DECREASED (FACTOR = 0.3333)

     HT FLOW CONVERGENCE VALUE=  0.1111      CRITERION=  0.5047E-03
    EQUIL ITER   1 COMPLETED.  NEW TRIANG MATRIX.  MAX DOF INC=   21.84    
     HT FLOW CONVERGENCE VALUE=  0.1014E-02  CRITERION=  0.4926E-03
    EQUIL ITER   2 COMPLETED.  NEW TRIANG MATRIX.  MAX DOF INC= -0.2735    
     HT FLOW CONVERGENCE VALUE=  0.1388E-04  CRITERION=  0.4927E-03 <<< CONVERGED
    >>> SOLUTION CONVERGED AFTER EQUILIBRIUM ITERATION   2
 *** LOAD STEP    12   SUBSTEP     2  COMPLETED.    CUM ITER =    110
 *** TIME =  0.583333         TIME INC =  0.833333E-02
 *** RESPONSE EIGENVALUE =  224.4       OSCILLATION LIMIT =  1.870    
 *** AUTO TIME STEP:  NEXT TIME INC = 0.27778E-02  DECREASED (FACTOR = 0.3333)

     HT FLOW CONVERGENCE VALUE=  0.5903E-01  CRITERION=  0.5460E-03
    EQUIL ITER   1 COMPLETED.  NEW TRIANG MATRIX.  MAX DOF INC=   11.00    
     HT FLOW CONVERGENCE VALUE=  0.6285E-03  CRITERION=  0.5283E-03
    EQUIL ITER   2 COMPLETED.  NEW TRIANG MATRIX.  MAX DOF INC= -0.1122    
     HT FLOW CONVERGENCE VALUE=  0.6121E-05  CRITERION=  0.5284E-03 <<< CONVERGED
    >>> SOLUTION CONVERGED AFTER EQUILIBRIUM ITERATION   2
 *** LOAD STEP    12   SUBSTEP     3  COMPLETED.    CUM ITER =    112
 *** TIME =  0.586111         TIME INC =  0.277778E-02
 *** RESPONSE EIGENVALUE =  176.3       OSCILLATION LIMIT = 0.4896    
 *** AUTO STEP TIME:  NEXT TIME INC = 0.27778E-02  UNCHANGED

     HT FLOW CONVERGENCE VALUE=  0.6917E-01  CRITERION=  0.5875E-03
    EQUIL ITER   1 COMPLETED.  NEW TRIANG MATRIX.  MAX DOF INC=   13.68    
     HT FLOW CONVERGENCE VALUE=  0.9257E-03  CRITERION=  0.5658E-03
    EQUIL ITER   2 COMPLETED.  NEW TRIANG MATRIX.  MAX DOF INC= -0.1696    
     HT FLOW CONVERGENCE VALUE=  0.1069E-04  CRITERION=  0.5661E-03 <<< CONVERGED
    >>> SOLUTION CONVERGED AFTER EQUILIBRIUM ITERATION   2
 *** LOAD STEP    12   SUBSTEP     4  COMPLETED.    CUM ITER =    114
 *** TIME =  0.588889         TIME INC =  0.277778E-02
 *** RESPONSE EIGENVALUE =  132.9       OSCILLATION LIMIT = 0.3693    
 *** AUTO TIME STEP:  NEXT TIME INC = 0.37609E-02  INCREASED (FACTOR = 1.3539)

     HT FLOW CONVERGENCE VALUE=  0.9162E-01  CRITERION=  0.6436E-03
    EQUIL ITER   1 COMPLETED.  NEW TRIANG MATRIX.  MAX DOF INC=   22.28    
     HT FLOW CONVERGENCE VALUE=  0.2289E-02  CRITERION=  0.6181E-03
    EQUIL ITER   2 COMPLETED.  NEW TRIANG MATRIX.  MAX DOF INC= -0.4301    
     HT FLOW CONVERGENCE VALUE=  0.4430E-04  CRITERION=  0.6186E-03 <<< CONVERGED
    >>> SOLUTION CONVERGED AFTER EQUILIBRIUM ITERATION   2
 *** LOAD STEP    12   SUBSTEP     5  COMPLETED.    CUM ITER =    116
 *** TIME =  0.592650         TIME INC =  0.376090E-02
 *** RESPONSE EIGENVALUE =  97.57       OSCILLATION LIMIT = 0.3669    
 *** AUTO TIME STEP:  NEXT TIME INC = 0.51247E-02  INCREASED (FACTOR = 1.3626)

     HT FLOW CONVERGENCE VALUE=  0.1209      CRITERION=  0.7201E-03
    EQUIL ITER   1 COMPLETED.  NEW TRIANG MATRIX.  MAX DOF INC=   35.77    
     HT FLOW CONVERGENCE VALUE=  0.5657E-02  CRITERION=  0.6908E-03
    EQUIL ITER   2 COMPLETED.  NEW TRIANG MATRIX.  MAX DOF INC=  -1.066    
     HT FLOW CONVERGENCE VALUE=  0.1541E-03  CRITERION=  0.6917E-03 <<< CONVERGED
    >>> SOLUTION CONVERGED AFTER EQUILIBRIUM ITERATION   2
 *** LOAD STEP    12   SUBSTEP     6  COMPLETED.    CUM ITER =    118
 *** TIME =  0.597775         TIME INC =  0.512475E-02
 *** RESPONSE EIGENVALUE =  71.07       OSCILLATION LIMIT = 0.3642    
 *** AUTO TIME STEP:  NEXT TIME INC = 0.22255E-02  DECREASED (FACTOR = 0.4343)

     HT FLOW CONVERGENCE VALUE=  0.1036      CRITERION=  0.7530E-03
    EQUIL ITER   1 COMPLETED.  NEW TRIANG MATRIX.  MAX DOF INC=   16.30    
     HT FLOW CONVERGENCE VALUE=  0.2840E-02  CRITERION=  0.7230E-03
    EQUIL ITER   2 COMPLETED.  NEW TRIANG MATRIX.  MAX DOF INC= -0.3747    
     HT FLOW CONVERGENCE VALUE=  0.5460E-04  CRITERION=  0.7238E-03 <<< CONVERGED
    >>> SOLUTION CONVERGED AFTER EQUILIBRIUM ITERATION   2
 *** LOAD STEP    12   SUBSTEP     7  COMPLETED.    CUM ITER =    120
 *** TIME =  0.600000         TIME INC =  0.222546E-02
 *** RESPONSE EIGENVALUE =  63.21       OSCILLATION LIMIT = 0.1407    

 *** NOTE ***                            ELAPSED TIME =      94.731   TIME= 11:08:09
 The number of multiframe restart files exceeds 4, a user specified      
 limit.  The .Rnnn file numbering will be reset to 1.                    

 FINISH SOLUTION PROCESSING


 ***** ROUTINE COMPLETED *****  ELAPSED TIME =        97.729



 *** MAPDL - ENGINEERING ANALYSIS SYSTEM  RELEASE 2026 R1.02       26.1     ***
 Ansys Mechanical Enterprise Academic Research     
 01196637  VERSION=WINDOWS x64   11:08:12  SEP 18, 2026 Elapsed Time=     97.732

 testbed2--Thermique transitoire (B5)                                          

 Note - This MAPDL version was linked by Licensee

          ***** MAPDL RESULTS INTERPRETATION (POST1) *****

 SUM ALL THE ACTIVE ENTRIES IN THE ELEMENT TABLE 

 TABLE LABEL     TOTAL
 ERATE      330805.    
 EVOL      0.745986E-08
 GMASS     0.191252E-06

 SUM ALL THE ACTIVE ENTRIES IN THE ELEMENT TABLE 

 TABLE LABEL     TOTAL
 ERATE      58404.2    
 EVOL      0.115478E-09
 GMASS     0.337219E-07
 LALPHA     52.4950    
 LVOL      0.115478E-09
 ALVOL     0.303101E-10

 EXIT THE MAPDL POST1 DATABASE PROCESSOR


 ***** ROUTINE COMPLETED *****  ELAPSED TIME =        98.290



 *****  MAPDL SOLUTION ROUTINE  *****

 *****  MAPDL SOLVE    COMMAND  *****

 *** MAPDL - ENGINEERING ANALYSIS SYSTEM  RELEASE 2026 R1.02       26.1     ***
 Ansys Mechanical Enterprise Academic Research     
 01196637  VERSION=WINDOWS x64   11:08:12  SEP 18, 2026 Elapsed Time=     98.613

 testbed2--Thermique transitoire (B5)                                          

 Note - This MAPDL version was linked by Licensee

 *** MAPDL - ENGINEERING ANALYSIS SYSTEM  RELEASE 2026 R1.02       26.1     ***
 Ansys Mechanical Enterprise Academic Research     
 01196637  VERSION=WINDOWS x64   11:08:13  SEP 18, 2026 Elapsed Time=     98.948

 testbed2--Thermique transitoire (B5)                                          

 Note - This MAPDL version was linked by Licensee

 SOLUTION MONITORING INFO IS WRITTEN TO FILE= file.mntr                                                                                                                                                                                                                                                           

     HT FLOW CONVERGENCE VALUE=  0.9428E-01  CRITERION=  0.7510E-03
    EQUIL ITER   1 COMPLETED.  NEW TRIANG MATRIX.  MAX DOF INC=   111.7    

 *** NOTE ***                            ELAPSED TIME =      99.887   TIME= 11:08:14
 Bisection has been requested by the routine usermatth.F.                
 *** LOAD STEP    13   SUBSTEP     1  NOT COMPLETED.  CUM ITER =    123
 *** BEGIN BISECTION NUMBER   1    NEW TIME INCREMENT=  0.25000E-01

     HT FLOW CONVERGENCE VALUE=  0.3519      CRITERION=  0.3781E-03
    EQUIL ITER   1 COMPLETED.  NEW TRIANG MATRIX.  MAX DOF INC=  -114.4    
     HT FLOW CONVERGENCE VALUE=  0.4178E-02  CRITERION=  0.4030E-03
    EQUIL ITER   2 COMPLETED.  NEW TRIANG MATRIX.  MAX DOF INC=   2.127    
     HT FLOW CONVERGENCE VALUE=  0.5537E-04  CRITERION=  0.4025E-03 <<< CONVERGED
    >>> SOLUTION CONVERGED AFTER EQUILIBRIUM ITERATION   2
 *** LOAD STEP    13   SUBSTEP     1  COMPLETED.    CUM ITER =    124
 *** TIME =  0.625000         TIME INC =  0.250000E-01
 *** RESPONSE EIGENVALUE =  139.5       OSCILLATION LIMIT =  3.488    
 *** AUTO TIME STEP:  NEXT TIME INC = 0.83333E-02  DECREASED (FACTOR = 0.3333)

     HT FLOW CONVERGENCE VALUE=  0.1108      CRITERION=  0.5034E-03
    EQUIL ITER   1 COMPLETED.  NEW TRIANG MATRIX.  MAX DOF INC=   21.81    
     HT FLOW CONVERGENCE VALUE=  0.1050E-02  CRITERION=  0.4914E-03
    EQUIL ITER   2 COMPLETED.  NEW TRIANG MATRIX.  MAX DOF INC= -0.2810    
     HT FLOW CONVERGENCE VALUE=  0.1473E-04  CRITERION=  0.4915E-03 <<< CONVERGED
    >>> SOLUTION CONVERGED AFTER EQUILIBRIUM ITERATION   2
 *** LOAD STEP    13   SUBSTEP     2  COMPLETED.    CUM ITER =    126
 *** TIME =  0.633333         TIME INC =  0.833333E-02
 *** RESPONSE EIGENVALUE =  234.8       OSCILLATION LIMIT =  1.957    
 *** AUTO TIME STEP:  NEXT TIME INC = 0.27778E-02  DECREASED (FACTOR = 0.3333)

     HT FLOW CONVERGENCE VALUE=  0.5854E-01  CRITERION=  0.5447E-03
    EQUIL ITER   1 COMPLETED.  NEW TRIANG MATRIX.  MAX DOF INC=   10.98    
     HT FLOW CONVERGENCE VALUE=  0.6509E-03  CRITERION=  0.5270E-03
    EQUIL ITER   2 COMPLETED.  NEW TRIANG MATRIX.  MAX DOF INC= -0.1156    
     HT FLOW CONVERGENCE VALUE=  0.6537E-05  CRITERION=  0.5272E-03 <<< CONVERGED
    >>> SOLUTION CONVERGED AFTER EQUILIBRIUM ITERATION   2
 *** LOAD STEP    13   SUBSTEP     3  COMPLETED.    CUM ITER =    128
 *** TIME =  0.636111         TIME INC =  0.277778E-02
 *** RESPONSE EIGENVALUE =  179.8       OSCILLATION LIMIT = 0.4994    
 *** AUTO STEP TIME:  NEXT TIME INC = 0.27778E-02  UNCHANGED

     HT FLOW CONVERGENCE VALUE=  0.6868E-01  CRITERION=  0.5860E-03
    EQUIL ITER   1 COMPLETED.  NEW TRIANG MATRIX.  MAX DOF INC=   13.64    
     HT FLOW CONVERGENCE VALUE=  0.9864E-03  CRITERION=  0.5645E-03
    EQUIL ITER   2 COMPLETED.  NEW TRIANG MATRIX.  MAX DOF INC= -0.1772    
     HT FLOW CONVERGENCE VALUE=  0.1627E-04  CRITERION=  0.5648E-03 <<< CONVERGED
    >>> SOLUTION CONVERGED AFTER EQUILIBRIUM ITERATION   2
 *** LOAD STEP    13   SUBSTEP     4  COMPLETED.    CUM ITER =    130
 *** TIME =  0.638889         TIME INC =  0.277778E-02
 *** RESPONSE EIGENVALUE =  134.3       OSCILLATION LIMIT = 0.3730    
 *** AUTO TIME STEP:  NEXT TIME INC = 0.37235E-02  INCREASED (FACTOR = 1.3405)

     HT FLOW CONVERGENCE VALUE=  0.9062E-01  CRITERION=  0.6415E-03
    EQUIL ITER   1 COMPLETED.  NEW TRIANG MATRIX.  MAX DOF INC=   21.97    
     HT FLOW CONVERGENCE VALUE=  0.2524E-02  CRITERION=  0.6162E-03
    EQUIL ITER   2 COMPLETED.  NEW TRIANG MATRIX.  MAX DOF INC= -0.4477    
     HT FLOW CONVERGENCE VALUE=  0.4742E-04  CRITERION=  0.6167E-03 <<< CONVERGED
    >>> SOLUTION CONVERGED AFTER EQUILIBRIUM ITERATION   2
 *** LOAD STEP    13   SUBSTEP     5  COMPLETED.    CUM ITER =    132
 *** TIME =  0.642612         TIME INC =  0.372349E-02
 *** RESPONSE EIGENVALUE =  98.16       OSCILLATION LIMIT = 0.3655    
 *** AUTO TIME STEP:  NEXT TIME INC = 0.50935E-02  INCREASED (FACTOR = 1.3679)

     HT FLOW CONVERGENCE VALUE=  0.1198      CRITERION=  0.7173E-03
    EQUIL ITER   1 COMPLETED.  NEW TRIANG MATRIX.  MAX DOF INC=   35.39    
     HT FLOW CONVERGENCE VALUE=  0.6035E-02  CRITERION=  0.6883E-03
    EQUIL ITER   2 COMPLETED.  NEW TRIANG MATRIX.  MAX DOF INC=  -1.110    
     HT FLOW CONVERGENCE VALUE=  0.1659E-03  CRITERION=  0.6892E-03 <<< CONVERGED
    >>> SOLUTION CONVERGED AFTER EQUILIBRIUM ITERATION   2
 *** LOAD STEP    13   SUBSTEP     6  COMPLETED.    CUM ITER =    134
 *** TIME =  0.647706         TIME INC =  0.509354E-02
 *** RESPONSE EIGENVALUE =  71.28       OSCILLATION LIMIT = 0.3631    
 *** AUTO TIME STEP:  NEXT TIME INC = 0.22941E-02  DECREASED (FACTOR = 0.4504)

     HT FLOW CONVERGENCE VALUE=  0.1034      CRITERION=  0.7511E-03
    EQUIL ITER   1 COMPLETED.  NEW TRIANG MATRIX.  MAX DOF INC=   16.74    
     HT FLOW CONVERGENCE VALUE=  0.3040E-02  CRITERION=  0.7214E-03
    EQUIL ITER   2 COMPLETED.  NEW TRIANG MATRIX.  MAX DOF INC= -0.4048    
     HT FLOW CONVERGENCE VALUE=  0.6157E-04  CRITERION=  0.7222E-03 <<< CONVERGED
    >>> SOLUTION CONVERGED AFTER EQUILIBRIUM ITERATION   2
 *** LOAD STEP    13   SUBSTEP     7  COMPLETED.    CUM ITER =    136
 *** TIME =  0.650000         TIME INC =  0.229408E-02
 *** RESPONSE EIGENVALUE =  63.18       OSCILLATION LIMIT = 0.1449    

 *** NOTE ***                            ELAPSED TIME =     114.710   TIME= 11:08:29
 The number of multiframe restart files exceeds 4, a user specified      
 limit.  The .Rnnn file numbering will be reset to 1.                    

 FINISH SOLUTION PROCESSING


 ***** ROUTINE COMPLETED *****  ELAPSED TIME =       118.590



 *** MAPDL - ENGINEERING ANALYSIS SYSTEM  RELEASE 2026 R1.02       26.1     ***
 Ansys Mechanical Enterprise Academic Research     
 01196637  VERSION=WINDOWS x64   11:08:32  SEP 18, 2026 Elapsed Time=    118.594

 testbed2--Thermique transitoire (B5)                                          

 Note - This MAPDL version was linked by Licensee

          ***** MAPDL RESULTS INTERPRETATION (POST1) *****

 SUM ALL THE ACTIVE ENTRIES IN THE ELEMENT TABLE 

 TABLE LABEL     TOTAL
 ERATE      347498.    
 EVOL      0.745986E-08
 GMASS     0.200915E-06

 SUM ALL THE ACTIVE ENTRIES IN THE ELEMENT TABLE 

 TABLE LABEL     TOTAL
 ERATE      58880.8    
 EVOL      0.115478E-09
 GMASS     0.339972E-07
 LALPHA     55.7650    
 LVOL      0.115478E-09
 ALVOL     0.321981E-10

 EXIT THE MAPDL POST1 DATABASE PROCESSOR


 ***** ROUTINE COMPLETED *****  ELAPSED TIME =       119.401



 *****  MAPDL SOLUTION ROUTINE  *****

 *****  MAPDL SOLVE    COMMAND  *****

 *** MAPDL - ENGINEERING ANALYSIS SYSTEM  RELEASE 2026 R1.02       26.1     ***
 Ansys Mechanical Enterprise Academic Research     
 01196637  VERSION=WINDOWS x64   11:08:34  SEP 18, 2026 Elapsed Time=    119.814

 testbed2--Thermique transitoire (B5)                                          

 Note - This MAPDL version was linked by Licensee

 *** MAPDL - ENGINEERING ANALYSIS SYSTEM  RELEASE 2026 R1.02       26.1     ***
 Ansys Mechanical Enterprise Academic Research     
 01196637  VERSION=WINDOWS x64   11:08:34  SEP 18, 2026 Elapsed Time=    120.309

 testbed2--Thermique transitoire (B5)                                          

 Note - This MAPDL version was linked by Licensee

 SOLUTION MONITORING INFO IS WRITTEN TO FILE= file.mntr                                                                                                                                                                                                                                                           

     HT FLOW CONVERGENCE VALUE=  0.9372E-01  CRITERION=  0.7491E-03
    EQUIL ITER   1 COMPLETED.  NEW TRIANG MATRIX.  MAX DOF INC=   111.3    

 *** NOTE ***                            ELAPSED TIME =     124.810   TIME= 11:08:39
 Bisection has been requested by the routine usermatth.F.                
 *** LOAD STEP    14   SUBSTEP     1  NOT COMPLETED.  CUM ITER =    139
 *** BEGIN BISECTION NUMBER   1    NEW TIME INCREMENT=  0.25000E-01

     HT FLOW CONVERGENCE VALUE=  0.3512      CRITERION=  0.3771E-03
    EQUIL ITER   1 COMPLETED.  NEW TRIANG MATRIX.  MAX DOF INC=  -114.0    
     HT FLOW CONVERGENCE VALUE=  0.4354E-02  CRITERION=  0.4018E-03
    EQUIL ITER   2 COMPLETED.  NEW TRIANG MATRIX.  MAX DOF INC=   2.167    
     HT FLOW CONVERGENCE VALUE=  0.5655E-04  CRITERION=  0.4013E-03 <<< CONVERGED
    >>> SOLUTION CONVERGED AFTER EQUILIBRIUM ITERATION   2
 *** LOAD STEP    14   SUBSTEP     1  COMPLETED.    CUM ITER =    140
 *** TIME =  0.675000         TIME INC =  0.250000E-01
 *** RESPONSE EIGENVALUE =  140.8       OSCILLATION LIMIT =  3.520    
 *** AUTO TIME STEP:  NEXT TIME INC = 0.83333E-02  DECREASED (FACTOR = 0.3333)

     HT FLOW CONVERGENCE VALUE=  0.1105      CRITERION=  0.5021E-03
    EQUIL ITER   1 COMPLETED.  NEW TRIANG MATRIX.  MAX DOF INC=   21.74    
     HT FLOW CONVERGENCE VALUE=  0.1078E-02  CRITERION=  0.4901E-03
    EQUIL ITER   2 COMPLETED.  NEW TRIANG MATRIX.  MAX DOF INC= -0.2868    
     HT FLOW CONVERGENCE VALUE=  0.1541E-04  CRITERION=  0.4903E-03 <<< CONVERGED
    >>> SOLUTION CONVERGED AFTER EQUILIBRIUM ITERATION   2
 *** LOAD STEP    14   SUBSTEP     2  COMPLETED.    CUM ITER =    142
 *** TIME =  0.683333         TIME INC =  0.833333E-02
 *** RESPONSE EIGENVALUE =  244.8       OSCILLATION LIMIT =  2.040    
 *** AUTO TIME STEP:  NEXT TIME INC = 0.27778E-02  DECREASED (FACTOR = 0.3333)

     HT FLOW CONVERGENCE VALUE=  0.5807E-01  CRITERION=  0.5433E-03
    EQUIL ITER   1 COMPLETED.  NEW TRIANG MATRIX.  MAX DOF INC=   10.94    
     HT FLOW CONVERGENCE VALUE=  0.6702E-03  CRITERION=  0.5257E-03
    EQUIL ITER   2 COMPLETED.  NEW TRIANG MATRIX.  MAX DOF INC= -0.1187    
     HT FLOW CONVERGENCE VALUE=  0.6929E-05  CRITERION=  0.5259E-03 <<< CONVERGED
    >>> SOLUTION CONVERGED AFTER EQUILIBRIUM ITERATION   2
 *** LOAD STEP    14   SUBSTEP     3  COMPLETED.    CUM ITER =    144
 *** TIME =  0.686111         TIME INC =  0.277778E-02
 *** RESPONSE EIGENVALUE =  183.3       OSCILLATION LIMIT = 0.5090    
 *** AUTO STEP TIME:  NEXT TIME INC = 0.27778E-02  UNCHANGED

     HT FLOW CONVERGENCE VALUE=  0.6818E-01  CRITERION=  0.5846E-03
    EQUIL ITER   1 COMPLETED.  NEW TRIANG MATRIX.  MAX DOF INC=   13.59    
     HT FLOW CONVERGENCE VALUE=  0.1189E-02  CRITERION=  0.5631E-03
    EQUIL ITER   2 COMPLETED.  NEW TRIANG MATRIX.  MAX DOF INC= -0.1942    
     HT FLOW CONVERGENCE VALUE=  0.1811E-04  CRITERION=  0.5634E-03 <<< CONVERGED
    >>> SOLUTION CONVERGED AFTER EQUILIBRIUM ITERATION   2
 *** LOAD STEP    14   SUBSTEP     4  COMPLETED.    CUM ITER =    146
 *** TIME =  0.688889         TIME INC =  0.277778E-02
 *** RESPONSE EIGENVALUE =  135.4       OSCILLATION LIMIT = 0.3761    
 *** AUTO TIME STEP:  NEXT TIME INC = 0.36928E-02  INCREASED (FACTOR = 1.3294)

     HT FLOW CONVERGENCE VALUE=  0.8967E-01  CRITERION=  0.6394E-03
    EQUIL ITER   1 COMPLETED.  NEW TRIANG MATRIX.  MAX DOF INC=   21.68    
     HT FLOW CONVERGENCE VALUE=  0.2733E-02  CRITERION=  0.6143E-03
    EQUIL ITER   2 COMPLETED.  NEW TRIANG MATRIX.  MAX DOF INC= -0.4635    
     HT FLOW CONVERGENCE VALUE=  0.6059E-04  CRITERION=  0.6149E-03 <<< CONVERGED
    >>> SOLUTION CONVERGED AFTER EQUILIBRIUM ITERATION   2
 *** LOAD STEP    14   SUBSTEP     5  COMPLETED.    CUM ITER =    148
 *** TIME =  0.692582         TIME INC =  0.369282E-02
 *** RESPONSE EIGENVALUE =  98.79       OSCILLATION LIMIT = 0.3648    
 *** AUTO TIME STEP:  NEXT TIME INC = 0.50614E-02  INCREASED (FACTOR = 1.3706)

     HT FLOW CONVERGENCE VALUE=  0.1187      CRITERION=  0.7145E-03
    EQUIL ITER   1 COMPLETED.  NEW TRIANG MATRIX.  MAX DOF INC=   34.97    
     HT FLOW CONVERGENCE VALUE=  0.6240E-02  CRITERION=  0.6858E-03
    EQUIL ITER   2 COMPLETED.  NEW TRIANG MATRIX.  MAX DOF INC=  -1.141    
     HT FLOW CONVERGENCE VALUE=  0.1768E-03  CRITERION=  0.6868E-03 <<< CONVERGED
    >>> SOLUTION CONVERGED AFTER EQUILIBRIUM ITERATION   2
 *** LOAD STEP    14   SUBSTEP     6  COMPLETED.    CUM ITER =    150
 *** TIME =  0.697643         TIME INC =  0.506144E-02
 *** RESPONSE EIGENVALUE =  71.59       OSCILLATION LIMIT = 0.3623    
 *** AUTO TIME STEP:  NEXT TIME INC = 0.23569E-02  DECREASED (FACTOR = 0.4656)

     HT FLOW CONVERGENCE VALUE=  0.1032      CRITERION=  0.7492E-03
    EQUIL ITER   1 COMPLETED.  NEW TRIANG MATRIX.  MAX DOF INC=   17.13    
     HT FLOW CONVERGENCE VALUE=  0.3232E-02  CRITERION=  0.7197E-03
    EQUIL ITER   2 COMPLETED.  NEW TRIANG MATRIX.  MAX DOF INC= -0.4339    
     HT FLOW CONVERGENCE VALUE=  0.6803E-04  CRITERION=  0.7205E-03 <<< CONVERGED
    >>> SOLUTION CONVERGED AFTER EQUILIBRIUM ITERATION   2
 *** LOAD STEP    14   SUBSTEP     7  COMPLETED.    CUM ITER =    152
 *** TIME =  0.700000         TIME INC =  0.235686E-02
 *** RESPONSE EIGENVALUE =  63.21       OSCILLATION LIMIT = 0.1490    

 *** NOTE ***                            ELAPSED TIME =     176.437   TIME= 11:09:30
 The number of multiframe restart files exceeds 4, a user specified      
 limit.  The .Rnnn file numbering will be reset to 1.                    

 FINISH SOLUTION PROCESSING


 ***** ROUTINE COMPLETED *****  ELAPSED TIME =       194.120



 *** MAPDL - ENGINEERING ANALYSIS SYSTEM  RELEASE 2026 R1.02       26.1     ***
 Ansys Mechanical Enterprise Academic Research     
 01196637  VERSION=WINDOWS x64   11:09:48  SEP 18, 2026 Elapsed Time=    194.123

 testbed2--Thermique transitoire (B5)                                          

 Note - This MAPDL version was linked by Licensee

          ***** MAPDL RESULTS INTERPRETATION (POST1) *****

 SUM ALL THE ACTIVE ENTRIES IN THE ELEMENT TABLE 

 TABLE LABEL     TOTAL
 ERATE      364254.    
 EVOL      0.745986E-08
 GMASS     0.210616E-06

 SUM ALL THE ACTIVE ENTRIES IN THE ELEMENT TABLE 

 TABLE LABEL     TOTAL
 ERATE      59252.7    
 EVOL      0.115478E-09
 GMASS     0.342119E-07
 LALPHA     59.0737    
 LVOL      0.115478E-09
 ALVOL     0.341085E-10

 EXIT THE MAPDL POST1 DATABASE PROCESSOR


 ***** ROUTINE COMPLETED *****  ELAPSED TIME =       195.089



 *****  MAPDL SOLUTION ROUTINE  *****

 *****  MAPDL SOLVE    COMMAND  *****

 *** MAPDL - ENGINEERING ANALYSIS SYSTEM  RELEASE 2026 R1.02       26.1     ***
 Ansys Mechanical Enterprise Academic Research     
 01196637  VERSION=WINDOWS x64   11:09:50  SEP 18, 2026 Elapsed Time=    195.859

 testbed2--Thermique transitoire (B5)                                          

 Note - This MAPDL version was linked by Licensee

 *** MAPDL - ENGINEERING ANALYSIS SYSTEM  RELEASE 2026 R1.02       26.1     ***
 Ansys Mechanical Enterprise Academic Research     
 01196637  VERSION=WINDOWS x64   11:09:51  SEP 18, 2026 Elapsed Time=    197.345

 testbed2--Thermique transitoire (B5)                                          

 Note - This MAPDL version was linked by Licensee

 SOLUTION MONITORING INFO IS WRITTEN TO FILE= file.mntr                                                                                                                                                                                                                                                           

     HT FLOW CONVERGENCE VALUE=  0.9311E-01  CRITERION=  0.7472E-03
    EQUIL ITER   1 COMPLETED.  NEW TRIANG MATRIX.  MAX DOF INC=   110.9    

 *** NOTE ***                            ELAPSED TIME =     201.866   TIME= 11:09:56
 Bisection has been requested by the routine usermatth.F.                
 *** LOAD STEP    15   SUBSTEP     1  NOT COMPLETED.  CUM ITER =    155
 *** BEGIN BISECTION NUMBER   1    NEW TIME INCREMENT=  0.25000E-01

     HT FLOW CONVERGENCE VALUE=  0.3504      CRITERION=  0.3762E-03
    EQUIL ITER   1 COMPLETED.  NEW TRIANG MATRIX.  MAX DOF INC=  -113.7    
     HT FLOW CONVERGENCE VALUE=  0.4536E-02  CRITERION=  0.4007E-03
    EQUIL ITER   2 COMPLETED.  NEW TRIANG MATRIX.  MAX DOF INC=   2.206    
     HT FLOW CONVERGENCE VALUE=  0.5766E-04  CRITERION=  0.4002E-03 <<< CONVERGED
    >>> SOLUTION CONVERGED AFTER EQUILIBRIUM ITERATION   2
 *** LOAD STEP    15   SUBSTEP     1  COMPLETED.    CUM ITER =    156
 *** TIME =  0.725000         TIME INC =  0.250000E-01
 *** RESPONSE EIGENVALUE =  141.5       OSCILLATION LIMIT =  3.538    
 *** AUTO TIME STEP:  NEXT TIME INC = 0.83333E-02  DECREASED (FACTOR = 0.3333)

     HT FLOW CONVERGENCE VALUE=  0.1102      CRITERION=  0.5008E-03
    EQUIL ITER   1 COMPLETED.  NEW TRIANG MATRIX.  MAX DOF INC=   21.65    
     HT FLOW CONVERGENCE VALUE=  0.1107E-02  CRITERION=  0.4889E-03
    EQUIL ITER   2 COMPLETED.  NEW TRIANG MATRIX.  MAX DOF INC= -0.2914    
     HT FLOW CONVERGENCE VALUE=  0.1609E-04  CRITERION=  0.4891E-03 <<< CONVERGED
    >>> SOLUTION CONVERGED AFTER EQUILIBRIUM ITERATION   2
 *** LOAD STEP    15   SUBSTEP     2  COMPLETED.    CUM ITER =    158
 *** TIME =  0.733333         TIME INC =  0.833333E-02
 *** RESPONSE EIGENVALUE =  254.4       OSCILLATION LIMIT =  2.120    
 *** AUTO TIME STEP:  NEXT TIME INC = 0.27778E-02  DECREASED (FACTOR = 0.3333)

     HT FLOW CONVERGENCE VALUE=  0.5762E-01  CRITERION=  0.5419E-03
    EQUIL ITER   1 COMPLETED.  NEW TRIANG MATRIX.  MAX DOF INC=   10.89    
     HT FLOW CONVERGENCE VALUE=  0.7032E-03  CRITERION=  0.5245E-03
    EQUIL ITER   2 COMPLETED.  NEW TRIANG MATRIX.  MAX DOF INC= -0.1226    
     HT FLOW CONVERGENCE VALUE=  0.1045E-04  CRITERION=  0.5246E-03 <<< CONVERGED
    >>> SOLUTION CONVERGED AFTER EQUILIBRIUM ITERATION   2
 *** LOAD STEP    15   SUBSTEP     3  COMPLETED.    CUM ITER =    160
 *** TIME =  0.736111         TIME INC =  0.277778E-02
 *** RESPONSE EIGENVALUE =  186.6       OSCILLATION LIMIT = 0.5183    
 *** AUTO STEP TIME:  NEXT TIME INC = 0.27778E-02  UNCHANGED

     HT FLOW CONVERGENCE VALUE=  0.6769E-01  CRITERION=  0.5831E-03
    EQUIL ITER   1 COMPLETED.  NEW TRIANG MATRIX.  MAX DOF INC=   13.54    
     HT FLOW CONVERGENCE VALUE=  0.1399E-02  CRITERION=  0.5618E-03
    EQUIL ITER   2 COMPLETED.  NEW TRIANG MATRIX.  MAX DOF INC= -0.2101    
     HT FLOW CONVERGENCE VALUE=  0.1994E-04  CRITERION=  0.5622E-03 <<< CONVERGED
    >>> SOLUTION CONVERGED AFTER EQUILIBRIUM ITERATION   2
 *** LOAD STEP    15   SUBSTEP     4  COMPLETED.    CUM ITER =    162
 *** TIME =  0.738889         TIME INC =  0.277778E-02
 *** RESPONSE EIGENVALUE =  136.5       OSCILLATION LIMIT = 0.3792    
 *** AUTO TIME STEP:  NEXT TIME INC = 0.36625E-02  INCREASED (FACTOR = 1.3185)

     HT FLOW CONVERGENCE VALUE=  0.8872E-01  CRITERION=  0.6373E-03
    EQUIL ITER   1 COMPLETED.  NEW TRIANG MATRIX.  MAX DOF INC=   21.38    
     HT FLOW CONVERGENCE VALUE=  0.3023E-02  CRITERION=  0.6125E-03
    EQUIL ITER   2 COMPLETED.  NEW TRIANG MATRIX.  MAX DOF INC= -0.4830    
     HT FLOW CONVERGENCE VALUE=  0.6440E-04  CRITERION=  0.6131E-03 <<< CONVERGED
    >>> SOLUTION CONVERGED AFTER EQUILIBRIUM ITERATION   2
 *** LOAD STEP    15   SUBSTEP     5  COMPLETED.    CUM ITER =    164
 *** TIME =  0.742551         TIME INC =  0.366250E-02
 *** RESPONSE EIGENVALUE =  99.36       OSCILLATION LIMIT = 0.3639    
 *** AUTO TIME STEP:  NEXT TIME INC = 0.50322E-02  INCREASED (FACTOR = 1.3740)

     HT FLOW CONVERGENCE VALUE=  0.1176      CRITERION=  0.7118E-03
    EQUIL ITER   1 COMPLETED.  NEW TRIANG MATRIX.  MAX DOF INC=   34.57    
     HT FLOW CONVERGENCE VALUE=  0.6342E-02  CRITERION=  0.6834E-03
    EQUIL ITER   2 COMPLETED.  NEW TRIANG MATRIX.  MAX DOF INC=  -1.165    
     HT FLOW CONVERGENCE VALUE=  0.1871E-03  CRITERION=  0.6844E-03 <<< CONVERGED
    >>> SOLUTION CONVERGED AFTER EQUILIBRIUM ITERATION   2
 *** LOAD STEP    15   SUBSTEP     6  COMPLETED.    CUM ITER =    166
 *** TIME =  0.747584         TIME INC =  0.503219E-02
 *** RESPONSE EIGENVALUE =  71.94       OSCILLATION LIMIT = 0.3620    
 *** AUTO TIME STEP:  NEXT TIME INC = 0.24164E-02  DECREASED (FACTOR = 0.4802)

     HT FLOW CONVERGENCE VALUE=  0.1029      CRITERION=  0.7473E-03
    EQUIL ITER   1 COMPLETED.  NEW TRIANG MATRIX.  MAX DOF INC=   17.49    
     HT FLOW CONVERGENCE VALUE=  0.3405E-02  CRITERION=  0.7181E-03
    EQUIL ITER   2 COMPLETED.  NEW TRIANG MATRIX.  MAX DOF INC= -0.4692    
     HT FLOW CONVERGENCE VALUE=  0.7726E-04  CRITERION=  0.7189E-03 <<< CONVERGED
    >>> SOLUTION CONVERGED AFTER EQUILIBRIUM ITERATION   2
 *** LOAD STEP    15   SUBSTEP     7  COMPLETED.    CUM ITER =    168
 *** TIME =  0.750000         TIME INC =  0.241643E-02
 *** RESPONSE EIGENVALUE =  63.20       OSCILLATION LIMIT = 0.1527    

 *** NOTE ***                            ELAPSED TIME =     229.454   TIME= 11:10:23
 The number of multiframe restart files exceeds 4, a user specified      
 limit.  The .Rnnn file numbering will be reset to 1.                    

 FINISH SOLUTION PROCESSING


 ***** ROUTINE COMPLETED *****  ELAPSED TIME =       236.531



 *** MAPDL - ENGINEERING ANALYSIS SYSTEM  RELEASE 2026 R1.02       26.1     ***
 Ansys Mechanical Enterprise Academic Research     
 01196637  VERSION=WINDOWS x64   11:10:30  SEP 18, 2026 Elapsed Time=    236.565

 testbed2--Thermique transitoire (B5)                                          

 Note - This MAPDL version was linked by Licensee

          ***** MAPDL RESULTS INTERPRETATION (POST1) *****

 SUM ALL THE ACTIVE ENTRIES IN THE ELEMENT TABLE 

 TABLE LABEL     TOTAL
 ERATE      380797.    
 EVOL      0.745986E-08
 GMASS     0.220196E-06

 SUM ALL THE ACTIVE ENTRIES IN THE ELEMENT TABLE 

 TABLE LABEL     TOTAL
 ERATE      59491.9    
 EVOL      0.115478E-09
 GMASS     0.343500E-07
 LALPHA     62.4140    
 LVOL      0.115478E-09
 ALVOL     0.360372E-10

 EXIT THE MAPDL POST1 DATABASE PROCESSOR


 ***** ROUTINE COMPLETED *****  ELAPSED TIME =       237.413



 *****  MAPDL SOLUTION ROUTINE  *****

 *****  MAPDL SOLVE    COMMAND  *****

 *** MAPDL - ENGINEERING ANALYSIS SYSTEM  RELEASE 2026 R1.02       26.1     ***
 Ansys Mechanical Enterprise Academic Research     
 01196637  VERSION=WINDOWS x64   11:10:32  SEP 18, 2026 Elapsed Time=    238.100

 testbed2--Thermique transitoire (B5)                                          

 Note - This MAPDL version was linked by Licensee

 *** MAPDL - ENGINEERING ANALYSIS SYSTEM  RELEASE 2026 R1.02       26.1     ***
 Ansys Mechanical Enterprise Academic Research     
 01196637  VERSION=WINDOWS x64   11:10:33  SEP 18, 2026 Elapsed Time=    239.035

 testbed2--Thermique transitoire (B5)                                          

 Note - This MAPDL version was linked by Licensee

 SOLUTION MONITORING INFO IS WRITTEN TO FILE= file.mntr                                                                                                                                                                                                                                                           

     HT FLOW CONVERGENCE VALUE=  0.9247E-01  CRITERION=  0.7453E-03
    EQUIL ITER   1 COMPLETED.  NEW TRIANG MATRIX.  MAX DOF INC=   110.4    

 *** NOTE ***                            ELAPSED TIME =     241.688   TIME= 11:10:36
 Bisection has been requested by the routine usermatth.F.                
 *** LOAD STEP    16   SUBSTEP     1  NOT COMPLETED.  CUM ITER =    171
 *** BEGIN BISECTION NUMBER   1    NEW TIME INCREMENT=  0.25000E-01

     HT FLOW CONVERGENCE VALUE=  0.3497      CRITERION=  0.3752E-03
    EQUIL ITER   1 COMPLETED.  NEW TRIANG MATRIX.  MAX DOF INC=  -113.3    
     HT FLOW CONVERGENCE VALUE=  0.4703E-02  CRITERION=  0.3995E-03
    EQUIL ITER   2 COMPLETED.  NEW TRIANG MATRIX.  MAX DOF INC=   2.249    
     HT FLOW CONVERGENCE VALUE=  0.5858E-04  CRITERION=  0.3990E-03 <<< CONVERGED
    >>> SOLUTION CONVERGED AFTER EQUILIBRIUM ITERATION   2
 *** LOAD STEP    16   SUBSTEP     1  COMPLETED.    CUM ITER =    172
 *** TIME =  0.775000         TIME INC =  0.250000E-01
 *** RESPONSE EIGENVALUE =  142.0       OSCILLATION LIMIT =  3.549    
 *** AUTO TIME STEP:  NEXT TIME INC = 0.83333E-02  DECREASED (FACTOR = 0.3333)

     HT FLOW CONVERGENCE VALUE=  0.1099      CRITERION=  0.4996E-03
    EQUIL ITER   1 COMPLETED.  NEW TRIANG MATRIX.  MAX DOF INC=   21.55    
     HT FLOW CONVERGENCE VALUE=  0.1131E-02  CRITERION=  0.4878E-03
    EQUIL ITER   2 COMPLETED.  NEW TRIANG MATRIX.  MAX DOF INC= -0.2952    
     HT FLOW CONVERGENCE VALUE=  0.1665E-04  CRITERION=  0.4879E-03 <<< CONVERGED
    >>> SOLUTION CONVERGED AFTER EQUILIBRIUM ITERATION   2
 *** LOAD STEP    16   SUBSTEP     2  COMPLETED.    CUM ITER =    174
 *** TIME =  0.783333         TIME INC =  0.833333E-02
 *** RESPONSE EIGENVALUE =  263.7       OSCILLATION LIMIT =  2.197    
 *** AUTO TIME STEP:  NEXT TIME INC = 0.27778E-02  DECREASED (FACTOR = 0.3333)

     HT FLOW CONVERGENCE VALUE=  0.5721E-01  CRITERION=  0.5406E-03
    EQUIL ITER   1 COMPLETED.  NEW TRIANG MATRIX.  MAX DOF INC=   10.85    
     HT FLOW CONVERGENCE VALUE=  0.8766E-03  CRITERION=  0.5232E-03
    EQUIL ITER   2 COMPLETED.  NEW TRIANG MATRIX.  MAX DOF INC= -0.1356    
     HT FLOW CONVERGENCE VALUE=  0.1163E-04  CRITERION=  0.5235E-03 <<< CONVERGED
    >>> SOLUTION CONVERGED AFTER EQUILIBRIUM ITERATION   2
 *** LOAD STEP    16   SUBSTEP     3  COMPLETED.    CUM ITER =    176
 *** TIME =  0.786111         TIME INC =  0.277778E-02
 *** RESPONSE EIGENVALUE =  189.3       OSCILLATION LIMIT = 0.5259    
 *** AUTO STEP TIME:  NEXT TIME INC = 0.27778E-02  UNCHANGED

     HT FLOW CONVERGENCE VALUE=  0.6721E-01  CRITERION=  0.5816E-03
    EQUIL ITER   1 COMPLETED.  NEW TRIANG MATRIX.  MAX DOF INC=   13.48    
     HT FLOW CONVERGENCE VALUE=  0.1438E-02  CRITERION=  0.5605E-03
    EQUIL ITER   2 COMPLETED.  NEW TRIANG MATRIX.  MAX DOF INC= -0.2148    
     HT FLOW CONVERGENCE VALUE=  0.2104E-04  CRITERION=  0.5609E-03 <<< CONVERGED
    >>> SOLUTION CONVERGED AFTER EQUILIBRIUM ITERATION   2
 *** LOAD STEP    16   SUBSTEP     4  COMPLETED.    CUM ITER =    178
 *** TIME =  0.788889         TIME INC =  0.277778E-02
 *** RESPONSE EIGENVALUE =  137.9       OSCILLATION LIMIT = 0.3829    
 *** AUTO TIME STEP:  NEXT TIME INC = 0.36271E-02  INCREASED (FACTOR = 1.3058)

     HT FLOW CONVERGENCE VALUE=  0.8773E-01  CRITERION=  0.6352E-03
    EQUIL ITER   1 COMPLETED.  NEW TRIANG MATRIX.  MAX DOF INC=   21.06    
     HT FLOW CONVERGENCE VALUE=  0.3311E-02  CRITERION=  0.6106E-03
    EQUIL ITER   2 COMPLETED.  NEW TRIANG MATRIX.  MAX DOF INC= -0.5010    
     HT FLOW CONVERGENCE VALUE=  0.6641E-04  CRITERION=  0.6112E-03 <<< CONVERGED
    >>> SOLUTION CONVERGED AFTER EQUILIBRIUM ITERATION   2
 *** LOAD STEP    16   SUBSTEP     5  COMPLETED.    CUM ITER =    180
 *** TIME =  0.792516         TIME INC =  0.362710E-02
 *** RESPONSE EIGENVALUE =  99.97       OSCILLATION LIMIT = 0.3626    
 *** AUTO TIME STEP:  NEXT TIME INC = 0.50016E-02  INCREASED (FACTOR = 1.3790)

     HT FLOW CONVERGENCE VALUE=  0.1165      CRITERION=  0.7090E-03
    EQUIL ITER   1 COMPLETED.  NEW TRIANG MATRIX.  MAX DOF INC=   34.16    
     HT FLOW CONVERGENCE VALUE=  0.6430E-02  CRITERION=  0.6809E-03
    EQUIL ITER   2 COMPLETED.  NEW TRIANG MATRIX.  MAX DOF INC=  -1.187    
     HT FLOW CONVERGENCE VALUE=  0.1953E-03  CRITERION=  0.6819E-03 <<< CONVERGED
    >>> SOLUTION CONVERGED AFTER EQUILIBRIUM ITERATION   2
 *** LOAD STEP    16   SUBSTEP     6  COMPLETED.    CUM ITER =    182
 *** TIME =  0.797518         TIME INC =  0.500160E-02
 *** RESPONSE EIGENVALUE =  72.30       OSCILLATION LIMIT = 0.3616    
 *** AUTO TIME STEP:  NEXT TIME INC = 0.24824E-02  DECREASED (FACTOR = 0.4963)

     HT FLOW CONVERGENCE VALUE=  0.1027      CRITERION=  0.7455E-03
    EQUIL ITER   1 COMPLETED.  NEW TRIANG MATRIX.  MAX DOF INC=   17.89    
     HT FLOW CONVERGENCE VALUE=  0.3606E-02  CRITERION=  0.7164E-03
    EQUIL ITER   2 COMPLETED.  NEW TRIANG MATRIX.  MAX DOF INC= -0.5052    
     HT FLOW CONVERGENCE VALUE=  0.8685E-04  CRITERION=  0.7173E-03 <<< CONVERGED
    >>> SOLUTION CONVERGED AFTER EQUILIBRIUM ITERATION   2
 *** LOAD STEP    16   SUBSTEP     7  COMPLETED.    CUM ITER =    184
 *** TIME =  0.800000         TIME INC =  0.248242E-02
 *** RESPONSE EIGENVALUE =  63.20       OSCILLATION LIMIT = 0.1569    

 *** NOTE ***                            ELAPSED TIME =     262.714   TIME= 11:10:57
 The number of multiframe restart files exceeds 4, a user specified      
 limit.  The .Rnnn file numbering will be reset to 1.                    

 FINISH SOLUTION PROCESSING


 ***** ROUTINE COMPLETED *****  ELAPSED TIME =       271.856



 *** MAPDL - ENGINEERING ANALYSIS SYSTEM  RELEASE 2026 R1.02       26.1     ***
 Ansys Mechanical Enterprise Academic Research     
 01196637  VERSION=WINDOWS x64   11:11:06  SEP 18, 2026 Elapsed Time=    271.859

 testbed2--Thermique transitoire (B5)                                          

 Note - This MAPDL version was linked by Licensee

          ***** MAPDL RESULTS INTERPRETATION (POST1) *****

 SUM ALL THE ACTIVE ENTRIES IN THE ELEMENT TABLE 

 TABLE LABEL     TOTAL
 ERATE      396977.    
 EVOL      0.745986E-08
 GMASS     0.229566E-06

 SUM ALL THE ACTIVE ENTRIES IN THE ELEMENT TABLE 

 TABLE LABEL     TOTAL
 ERATE      59600.5    
 EVOL      0.115478E-09
 GMASS     0.344127E-07
 LALPHA     65.7778    
 LVOL      0.115478E-09
 ALVOL     0.379794E-10

 EXIT THE MAPDL POST1 DATABASE PROCESSOR


 ***** ROUTINE COMPLETED *****  ELAPSED TIME =       272.736



 *****  MAPDL SOLUTION ROUTINE  *****

 *****  MAPDL SOLVE    COMMAND  *****

 *** MAPDL - ENGINEERING ANALYSIS SYSTEM  RELEASE 2026 R1.02       26.1     ***
 Ansys Mechanical Enterprise Academic Research     
 01196637  VERSION=WINDOWS x64   11:11:07  SEP 18, 2026 Elapsed Time=    273.102

 testbed2--Thermique transitoire (B5)                                          

 Note - This MAPDL version was linked by Licensee

 *** MAPDL - ENGINEERING ANALYSIS SYSTEM  RELEASE 2026 R1.02       26.1     ***
 Ansys Mechanical Enterprise Academic Research     
 01196637  VERSION=WINDOWS x64   11:11:07  SEP 18, 2026 Elapsed Time=    273.573

 testbed2--Thermique transitoire (B5)                                          

 Note - This MAPDL version was linked by Licensee

 SOLUTION MONITORING INFO IS WRITTEN TO FILE= file.mntr                                                                                                                                                                                                                                                           

     HT FLOW CONVERGENCE VALUE=  0.9183E-01  CRITERION=  0.7435E-03
    EQUIL ITER   1 COMPLETED.  NEW TRIANG MATRIX.  MAX DOF INC=   109.8    

 *** NOTE ***                            ELAPSED TIME =     275.254   TIME= 11:11:09
 Bisection has been requested by the routine usermatth.F.                
 *** LOAD STEP    17   SUBSTEP     1  NOT COMPLETED.  CUM ITER =    187
 *** BEGIN BISECTION NUMBER   1    NEW TIME INCREMENT=  0.25000E-01

     HT FLOW CONVERGENCE VALUE=  0.3490      CRITERION=  0.3743E-03
    EQUIL ITER   1 COMPLETED.  NEW TRIANG MATRIX.  MAX DOF INC=  -113.0    
     HT FLOW CONVERGENCE VALUE=  0.4874E-02  CRITERION=  0.3984E-03
    EQUIL ITER   2 COMPLETED.  NEW TRIANG MATRIX.  MAX DOF INC=   2.288    
     HT FLOW CONVERGENCE VALUE=  0.5940E-04  CRITERION=  0.3979E-03 <<< CONVERGED
    >>> SOLUTION CONVERGED AFTER EQUILIBRIUM ITERATION   2
 *** LOAD STEP    17   SUBSTEP     1  COMPLETED.    CUM ITER =    188
 *** TIME =  0.825000         TIME INC =  0.250000E-01
 *** RESPONSE EIGENVALUE =  142.2       OSCILLATION LIMIT =  3.554    
 *** AUTO TIME STEP:  NEXT TIME INC = 0.83333E-02  DECREASED (FACTOR = 0.3333)

     HT FLOW CONVERGENCE VALUE=  0.1097      CRITERION=  0.4984E-03
    EQUIL ITER   1 COMPLETED.  NEW TRIANG MATRIX.  MAX DOF INC=   21.45    
     HT FLOW CONVERGENCE VALUE=  0.1206E-02  CRITERION=  0.4866E-03
    EQUIL ITER   2 COMPLETED.  NEW TRIANG MATRIX.  MAX DOF INC= -0.3018    
     HT FLOW CONVERGENCE VALUE=  0.2409E-04  CRITERION=  0.4868E-03 <<< CONVERGED
    >>> SOLUTION CONVERGED AFTER EQUILIBRIUM ITERATION   2
 *** LOAD STEP    17   SUBSTEP     2  COMPLETED.    CUM ITER =    190
 *** TIME =  0.833333         TIME INC =  0.833333E-02
 *** RESPONSE EIGENVALUE =  272.5       OSCILLATION LIMIT =  2.271    
 *** AUTO TIME STEP:  NEXT TIME INC = 0.27778E-02  DECREASED (FACTOR = 0.3333)

     HT FLOW CONVERGENCE VALUE=  0.5681E-01  CRITERION=  0.5392E-03
    EQUIL ITER   1 COMPLETED.  NEW TRIANG MATRIX.  MAX DOF INC=   10.80    
     HT FLOW CONVERGENCE VALUE=  0.1012E-02  CRITERION=  0.5221E-03
    EQUIL ITER   2 COMPLETED.  NEW TRIANG MATRIX.  MAX DOF INC= -0.1451    
     HT FLOW CONVERGENCE VALUE=  0.1263E-04  CRITERION=  0.5223E-03 <<< CONVERGED
    >>> SOLUTION CONVERGED AFTER EQUILIBRIUM ITERATION   2
 *** LOAD STEP    17   SUBSTEP     3  COMPLETED.    CUM ITER =    192
 *** TIME =  0.836111         TIME INC =  0.277778E-02
 *** RESPONSE EIGENVALUE =  192.0       OSCILLATION LIMIT = 0.5334    
 *** AUTO STEP TIME:  NEXT TIME INC = 0.27778E-02  UNCHANGED

     HT FLOW CONVERGENCE VALUE=  0.6674E-01  CRITERION=  0.5802E-03
    EQUIL ITER   1 COMPLETED.  NEW TRIANG MATRIX.  MAX DOF INC=   13.42    
     HT FLOW CONVERGENCE VALUE=  0.1657E-02  CRITERION=  0.5593E-03
    EQUIL ITER   2 COMPLETED.  NEW TRIANG MATRIX.  MAX DOF INC= -0.2303    
     HT FLOW CONVERGENCE VALUE=  0.2718E-04  CRITERION=  0.5597E-03 <<< CONVERGED
    >>> SOLUTION CONVERGED AFTER EQUILIBRIUM ITERATION   2
 *** LOAD STEP    17   SUBSTEP     4  COMPLETED.    CUM ITER =    194
 *** TIME =  0.838889         TIME INC =  0.277778E-02
 *** RESPONSE EIGENVALUE =  138.8       OSCILLATION LIMIT = 0.3855    
 *** AUTO TIME STEP:  NEXT TIME INC = 0.36026E-02  INCREASED (FACTOR = 1.2969)

     HT FLOW CONVERGENCE VALUE=  0.8689E-01  CRITERION=  0.6333E-03
    EQUIL ITER   1 COMPLETED.  NEW TRIANG MATRIX.  MAX DOF INC=   20.81    
     HT FLOW CONVERGENCE VALUE=  0.3352E-02  CRITERION=  0.6089E-03
    EQUIL ITER   2 COMPLETED.  NEW TRIANG MATRIX.  MAX DOF INC= -0.5134    
     HT FLOW CONVERGENCE VALUE=  0.7054E-04  CRITERION=  0.6096E-03 <<< CONVERGED
    >>> SOLUTION CONVERGED AFTER EQUILIBRIUM ITERATION   2
 *** LOAD STEP    17   SUBSTEP     5  COMPLETED.    CUM ITER =    196
 *** TIME =  0.842492         TIME INC =  0.360263E-02
 *** RESPONSE EIGENVALUE =  100.6       OSCILLATION LIMIT = 0.3623    
 *** AUTO TIME STEP:  NEXT TIME INC = 0.49721E-02  INCREASED (FACTOR = 1.3801)

     HT FLOW CONVERGENCE VALUE=  0.1154      CRITERION=  0.7065E-03
    EQUIL ITER   1 COMPLETED.  NEW TRIANG MATRIX.  MAX DOF INC=   33.76    
     HT FLOW CONVERGENCE VALUE=  0.6530E-02  CRITERION=  0.6787E-03
    EQUIL ITER   2 COMPLETED.  NEW TRIANG MATRIX.  MAX DOF INC=  -1.207    
     HT FLOW CONVERGENCE VALUE=  0.2050E-03  CRITERION=  0.6797E-03 <<< CONVERGED
    >>> SOLUTION CONVERGED AFTER EQUILIBRIUM ITERATION   2
 *** LOAD STEP    17   SUBSTEP     6  COMPLETED.    CUM ITER =    198
 *** TIME =  0.847464         TIME INC =  0.497215E-02
 *** RESPONSE EIGENVALUE =  72.62       OSCILLATION LIMIT = 0.3611    
 *** AUTO TIME STEP:  NEXT TIME INC = 0.25363E-02  DECREASED (FACTOR = 0.5101)

     HT FLOW CONVERGENCE VALUE=  0.1024      CRITERION=  0.7437E-03
    EQUIL ITER   1 COMPLETED.  NEW TRIANG MATRIX.  MAX DOF INC=   18.20    
     HT FLOW CONVERGENCE VALUE=  0.3775E-02  CRITERION=  0.7149E-03
    EQUIL ITER   2 COMPLETED.  NEW TRIANG MATRIX.  MAX DOF INC= -0.5342    
     HT FLOW CONVERGENCE VALUE=  0.9479E-04  CRITERION=  0.7158E-03 <<< CONVERGED
    >>> SOLUTION CONVERGED AFTER EQUILIBRIUM ITERATION   2
 *** LOAD STEP    17   SUBSTEP     7  COMPLETED.    CUM ITER =    200
 *** TIME =  0.850000         TIME INC =  0.253633E-02
 *** RESPONSE EIGENVALUE =  63.23       OSCILLATION LIMIT = 0.1604    

 *** NOTE ***                            ELAPSED TIME =     286.656   TIME= 11:11:21
 The number of multiframe restart files exceeds 4, a user specified      
 limit.  The .Rnnn file numbering will be reset to 1.                    

 FINISH SOLUTION PROCESSING


 ***** ROUTINE COMPLETED *****  ELAPSED TIME =       293.825



 *** MAPDL - ENGINEERING ANALYSIS SYSTEM  RELEASE 2026 R1.02       26.1     ***
 Ansys Mechanical Enterprise Academic Research     
 01196637  VERSION=WINDOWS x64   11:11:28  SEP 18, 2026 Elapsed Time=    293.829

 testbed2--Thermique transitoire (B5)                                          

 Note - This MAPDL version was linked by Licensee

          ***** MAPDL RESULTS INTERPRETATION (POST1) *****

 SUM ALL THE ACTIVE ENTRIES IN THE ELEMENT TABLE 

 TABLE LABEL     TOTAL
 ERATE      412630.    
 EVOL      0.745986E-08
 GMASS     0.238633E-06

 SUM ALL THE ACTIVE ENTRIES IN THE ELEMENT TABLE 

 TABLE LABEL     TOTAL
 ERATE      59561.8    
 EVOL      0.115478E-09
 GMASS     0.343903E-07
 LALPHA     69.1565    
 LVOL      0.115478E-09
 ALVOL     0.399302E-10

 EXIT THE MAPDL POST1 DATABASE PROCESSOR


 ***** ROUTINE COMPLETED *****  ELAPSED TIME =       294.678



 *****  MAPDL SOLUTION ROUTINE  *****

 *****  MAPDL SOLVE    COMMAND  *****

 *** MAPDL - ENGINEERING ANALYSIS SYSTEM  RELEASE 2026 R1.02       26.1     ***
 Ansys Mechanical Enterprise Academic Research     
 01196637  VERSION=WINDOWS x64   11:11:29  SEP 18, 2026 Elapsed Time=    295.136

 testbed2--Thermique transitoire (B5)                                          

 Note - This MAPDL version was linked by Licensee

 *** MAPDL - ENGINEERING ANALYSIS SYSTEM  RELEASE 2026 R1.02       26.1     ***
 Ansys Mechanical Enterprise Academic Research     
 01196637  VERSION=WINDOWS x64   11:11:30  SEP 18, 2026 Elapsed Time=    295.679

 testbed2--Thermique transitoire (B5)                                          

 Note - This MAPDL version was linked by Licensee

 SOLUTION MONITORING INFO IS WRITTEN TO FILE= file.mntr                                                                                                                                                                                                                                                           

     HT FLOW CONVERGENCE VALUE=  0.9121E-01  CRITERION=  0.7418E-03
    EQUIL ITER   1 COMPLETED.  NEW TRIANG MATRIX.  MAX DOF INC=   109.3    

 *** NOTE ***                            ELAPSED TIME =     297.775   TIME= 11:11:32
 Bisection has been requested by the routine usermatth.F.                
 *** LOAD STEP    18   SUBSTEP     1  NOT COMPLETED.  CUM ITER =    203
 *** BEGIN BISECTION NUMBER   1    NEW TIME INCREMENT=  0.25000E-01

     HT FLOW CONVERGENCE VALUE=  0.3483      CRITERION=  0.3734E-03
    EQUIL ITER   1 COMPLETED.  NEW TRIANG MATRIX.  MAX DOF INC=  -112.7    
     HT FLOW CONVERGENCE VALUE=  0.5031E-02  CRITERION=  0.3974E-03
    EQUIL ITER   2 COMPLETED.  NEW TRIANG MATRIX.  MAX DOF INC=   2.325    
     HT FLOW CONVERGENCE VALUE=  0.5988E-04  CRITERION=  0.3968E-03 <<< CONVERGED
    >>> SOLUTION CONVERGED AFTER EQUILIBRIUM ITERATION   2
 *** LOAD STEP    18   SUBSTEP     1  COMPLETED.    CUM ITER =    204
 *** TIME =  0.875000         TIME INC =  0.250000E-01
 *** RESPONSE EIGENVALUE =  142.2       OSCILLATION LIMIT =  3.555    
 *** AUTO TIME STEP:  NEXT TIME INC = 0.83333E-02  DECREASED (FACTOR = 0.3333)

     HT FLOW CONVERGENCE VALUE=  0.1095      CRITERION=  0.4972E-03
    EQUIL ITER   1 COMPLETED.  NEW TRIANG MATRIX.  MAX DOF INC=   21.36    
     HT FLOW CONVERGENCE VALUE=  0.1368E-02  CRITERION=  0.4856E-03
    EQUIL ITER   2 COMPLETED.  NEW TRIANG MATRIX.  MAX DOF INC= -0.3137    
     HT FLOW CONVERGENCE VALUE=  0.2536E-04  CRITERION=  0.4857E-03 <<< CONVERGED
    >>> SOLUTION CONVERGED AFTER EQUILIBRIUM ITERATION   2
 *** LOAD STEP    18   SUBSTEP     2  COMPLETED.    CUM ITER =    206
 *** TIME =  0.883333         TIME INC =  0.833333E-02
 *** RESPONSE EIGENVALUE =  280.8       OSCILLATION LIMIT =  2.340    
 *** AUTO TIME STEP:  NEXT TIME INC = 0.27778E-02  DECREASED (FACTOR = 0.3333)

     HT FLOW CONVERGENCE VALUE=  0.5644E-01  CRITERION=  0.5380E-03
    EQUIL ITER   1 COMPLETED.  NEW TRIANG MATRIX.  MAX DOF INC=   10.75    
     HT FLOW CONVERGENCE VALUE=  0.1055E-02  CRITERION=  0.5209E-03
    EQUIL ITER   2 COMPLETED.  NEW TRIANG MATRIX.  MAX DOF INC= -0.1488    
     HT FLOW CONVERGENCE VALUE=  0.1576E-04  CRITERION=  0.5212E-03 <<< CONVERGED
    >>> SOLUTION CONVERGED AFTER EQUILIBRIUM ITERATION   2
 *** LOAD STEP    18   SUBSTEP     3  COMPLETED.    CUM ITER =    208
 *** TIME =  0.886111         TIME INC =  0.277778E-02
 *** RESPONSE EIGENVALUE =  194.8       OSCILLATION LIMIT = 0.5412    
 *** AUTO STEP TIME:  NEXT TIME INC = 0.27778E-02  UNCHANGED

     HT FLOW CONVERGENCE VALUE=  0.6631E-01  CRITERION=  0.5788E-03
    EQUIL ITER   1 COMPLETED.  NEW TRIANG MATRIX.  MAX DOF INC=   13.36    
     HT FLOW CONVERGENCE VALUE=  0.1882E-02  CRITERION=  0.5581E-03
    EQUIL ITER   2 COMPLETED.  NEW TRIANG MATRIX.  MAX DOF INC= -0.2453    
     HT FLOW CONVERGENCE VALUE=  0.2927E-04  CRITERION=  0.5585E-03 <<< CONVERGED
    >>> SOLUTION CONVERGED AFTER EQUILIBRIUM ITERATION   2
 *** LOAD STEP    18   SUBSTEP     4  COMPLETED.    CUM ITER =    210
 *** TIME =  0.888889         TIME INC =  0.277778E-02
 *** RESPONSE EIGENVALUE =  139.7       OSCILLATION LIMIT = 0.3880    
 *** AUTO TIME STEP:  NEXT TIME INC = 0.35799E-02  INCREASED (FACTOR = 1.2888)

     HT FLOW CONVERGENCE VALUE=  0.8610E-01  CRITERION=  0.6315E-03
    EQUIL ITER   1 COMPLETED.  NEW TRIANG MATRIX.  MAX DOF INC=   20.57    
     HT FLOW CONVERGENCE VALUE=  0.3376E-02  CRITERION=  0.6074E-03
    EQUIL ITER   2 COMPLETED.  NEW TRIANG MATRIX.  MAX DOF INC= -0.5239    
     HT FLOW CONVERGENCE VALUE=  0.7456E-04  CRITERION=  0.6080E-03 <<< CONVERGED
    >>> SOLUTION CONVERGED AFTER EQUILIBRIUM ITERATION   2
 *** LOAD STEP    18   SUBSTEP     5  COMPLETED.    CUM ITER =    212
 *** TIME =  0.892469         TIME INC =  0.357994E-02
 *** RESPONSE EIGENVALUE =  101.1       OSCILLATION LIMIT = 0.3620    
 *** AUTO TIME STEP:  NEXT TIME INC = 0.49444E-02  INCREASED (FACTOR = 1.3811)

     HT FLOW CONVERGENCE VALUE=  0.1144      CRITERION=  0.7041E-03
    EQUIL ITER   1 COMPLETED.  NEW TRIANG MATRIX.  MAX DOF INC=   33.39    
     HT FLOW CONVERGENCE VALUE=  0.6633E-02  CRITERION=  0.6765E-03
    EQUIL ITER   2 COMPLETED.  NEW TRIANG MATRIX.  MAX DOF INC=  -1.225    
     HT FLOW CONVERGENCE VALUE=  0.2147E-03  CRITERION=  0.6776E-03 <<< CONVERGED
    >>> SOLUTION CONVERGED AFTER EQUILIBRIUM ITERATION   2
 *** LOAD STEP    18   SUBSTEP     6  COMPLETED.    CUM ITER =    214
 *** TIME =  0.897413         TIME INC =  0.494437E-02
 *** RESPONSE EIGENVALUE =  72.91       OSCILLATION LIMIT = 0.3605    
 *** AUTO TIME STEP:  NEXT TIME INC = 0.25868E-02  DECREASED (FACTOR = 0.5232)

     HT FLOW CONVERGENCE VALUE=  0.1021      CRITERION=  0.7419E-03
    EQUIL ITER   1 COMPLETED.  NEW TRIANG MATRIX.  MAX DOF INC=   18.48    
     HT FLOW CONVERGENCE VALUE=  0.3927E-02  CRITERION=  0.7134E-03
    EQUIL ITER   2 COMPLETED.  NEW TRIANG MATRIX.  MAX DOF INC= -0.5641    
     HT FLOW CONVERGENCE VALUE=  0.1033E-03  CRITERION=  0.7143E-03 <<< CONVERGED
    >>> SOLUTION CONVERGED AFTER EQUILIBRIUM ITERATION   2
 *** LOAD STEP    18   SUBSTEP     7  COMPLETED.    CUM ITER =    216
 *** TIME =  0.900000         TIME INC =  0.258680E-02
 *** RESPONSE EIGENVALUE =  63.24       OSCILLATION LIMIT = 0.1636    

 *** NOTE ***                            ELAPSED TIME =     316.177   TIME= 11:11:50
 The number of multiframe restart files exceeds 4, a user specified      
 limit.  The .Rnnn file numbering will be reset to 1.                    

 FINISH SOLUTION PROCESSING


 ***** ROUTINE COMPLETED *****  ELAPSED TIME =       326.292



 *** MAPDL - ENGINEERING ANALYSIS SYSTEM  RELEASE 2026 R1.02       26.1     ***
 Ansys Mechanical Enterprise Academic Research     
 01196637  VERSION=WINDOWS x64   11:12:00  SEP 18, 2026 Elapsed Time=    326.296

 testbed2--Thermique transitoire (B5)                                          

 Note - This MAPDL version was linked by Licensee

          ***** MAPDL RESULTS INTERPRETATION (POST1) *****

 SUM ALL THE ACTIVE ENTRIES IN THE ELEMENT TABLE 

 TABLE LABEL     TOTAL
 ERATE      427712.    
 EVOL      0.745986E-08
 GMASS     0.247370E-06

 SUM ALL THE ACTIVE ENTRIES IN THE ELEMENT TABLE 

 TABLE LABEL     TOTAL
 ERATE      59389.2    
 EVOL      0.115478E-09
 GMASS     0.342907E-07
 LALPHA     72.5418    
 LVOL      0.115478E-09
 ALVOL     0.418849E-10

 EXIT THE MAPDL POST1 DATABASE PROCESSOR


 ***** ROUTINE COMPLETED *****  ELAPSED TIME =       327.015



 *****  MAPDL SOLUTION ROUTINE  *****

 *****  MAPDL SOLVE    COMMAND  *****

 *** MAPDL - ENGINEERING ANALYSIS SYSTEM  RELEASE 2026 R1.02       26.1     ***
 Ansys Mechanical Enterprise Academic Research     
 01196637  VERSION=WINDOWS x64   11:12:01  SEP 18, 2026 Elapsed Time=    327.424

 testbed2--Thermique transitoire (B5)                                          

 Note - This MAPDL version was linked by Licensee

 *** MAPDL - ENGINEERING ANALYSIS SYSTEM  RELEASE 2026 R1.02       26.1     ***
 Ansys Mechanical Enterprise Academic Research     
 01196637  VERSION=WINDOWS x64   11:12:02  SEP 18, 2026 Elapsed Time=    327.987

 testbed2--Thermique transitoire (B5)                                          

 Note - This MAPDL version was linked by Licensee

 SOLUTION MONITORING INFO IS WRITTEN TO FILE= file.mntr                                                                                                                                                                                                                                                           

     HT FLOW CONVERGENCE VALUE=  0.9061E-01  CRITERION=  0.7401E-03
    EQUIL ITER   1 COMPLETED.  NEW TRIANG MATRIX.  MAX DOF INC=   108.8    
     HT FLOW CONVERGENCE VALUE=  0.2939E-01  CRITERION=  0.7307E-03
    EQUIL ITER   2 COMPLETED.  NEW TRIANG MATRIX.  MAX DOF INC=  -19.60    
     HT FLOW CONVERGENCE VALUE=  0.5153E-02  CRITERION=  0.7324E-03
    EQUIL ITER   3 COMPLETED.  NEW TRIANG MATRIX.  MAX DOF INC=   3.237    
     HT FLOW CONVERGENCE VALUE=  0.8416E-03  CRITERION=  0.7322E-03
    EQUIL ITER   4 COMPLETED.  NEW TRIANG MATRIX.  MAX DOF INC= -0.5145    
     HT FLOW CONVERGENCE VALUE=  0.1336E-03  CRITERION=  0.7322E-03 <<< CONVERGED
    >>> SOLUTION CONVERGED AFTER EQUILIBRIUM ITERATION   4
 *** LOAD STEP    19   SUBSTEP     1  COMPLETED.    CUM ITER =    221
 *** TIME =  0.950000         TIME INC =  0.500000E-01
 *** RESPONSE EIGENVALUE =  8.438       OSCILLATION LIMIT = 0.4219    

 *** NOTE ***                            ELAPSED TIME =     332.609   TIME= 11:12:06
 The number of multiframe restart files exceeds 4, a user specified      
 limit.  The .Rnnn file numbering will be reset to 1.                    

 FINISH SOLUTION PROCESSING


 ***** ROUTINE COMPLETED *****  ELAPSED TIME =       343.244



 *** MAPDL - ENGINEERING ANALYSIS SYSTEM  RELEASE 2026 R1.02       26.1     ***
 Ansys Mechanical Enterprise Academic Research     
 01196637  VERSION=WINDOWS x64   11:12:17  SEP 18, 2026 Elapsed Time=    343.247

 testbed2--Thermique transitoire (B5)                                          

 Note - This MAPDL version was linked by Licensee

          ***** MAPDL RESULTS INTERPRETATION (POST1) *****

 SUM ALL THE ACTIVE ENTRIES IN THE ELEMENT TABLE 

 TABLE LABEL     TOTAL
 ERATE      723374.    
 EVOL      0.745986E-08
 GMASS     0.418316E-06

 SUM ALL THE ACTIVE ENTRIES IN THE ELEMENT TABLE 

 TABLE LABEL     TOTAL
 ERATE      98738.7    
 EVOL      0.115478E-09
 GMASS     0.570107E-07
 LALPHA     81.5181    
 LVOL      0.115478E-09
 ALVOL     0.470677E-10

 EXIT THE MAPDL POST1 DATABASE PROCESSOR


 ***** ROUTINE COMPLETED *****  ELAPSED TIME =       343.975



 *****  MAPDL SOLUTION ROUTINE  *****

 *****  MAPDL SOLVE    COMMAND  *****

 *** MAPDL - ENGINEERING ANALYSIS SYSTEM  RELEASE 2026 R1.02       26.1     ***
 Ansys Mechanical Enterprise Academic Research     
 01196637  VERSION=WINDOWS x64   11:12:18  SEP 18, 2026 Elapsed Time=    344.369

 testbed2--Thermique transitoire (B5)                                          

 Note - This MAPDL version was linked by Licensee

 *** MAPDL - ENGINEERING ANALYSIS SYSTEM  RELEASE 2026 R1.02       26.1     ***
 Ansys Mechanical Enterprise Academic Research     
 01196637  VERSION=WINDOWS x64   11:12:19  SEP 18, 2026 Elapsed Time=    345.049

 testbed2--Thermique transitoire (B5)                                          

 Note - This MAPDL version was linked by Licensee

 SOLUTION MONITORING INFO IS WRITTEN TO FILE= file.mntr                                                                                                                                                                                                                                                           

     HT FLOW CONVERGENCE VALUE=  0.5762E-01  CRITERION=  0.7079E-03
    EQUIL ITER   1 COMPLETED.  NEW TRIANG MATRIX.  MAX DOF INC=   57.58    
     HT FLOW CONVERGENCE VALUE=  0.1427E-01  CRITERION=  0.7041E-03
    EQUIL ITER   2 COMPLETED.  NEW TRIANG MATRIX.  MAX DOF INC=  -12.28    
     HT FLOW CONVERGENCE VALUE=  0.3211E-02  CRITERION=  0.7052E-03
    EQUIL ITER   3 COMPLETED.  NEW TRIANG MATRIX.  MAX DOF INC=   2.275    
     HT FLOW CONVERGENCE VALUE=  0.5827E-03  CRITERION=  0.7050E-03 <<< CONVERGED
    >>> SOLUTION CONVERGED AFTER EQUILIBRIUM ITERATION   3
 *** LOAD STEP    20   SUBSTEP     1  COMPLETED.    CUM ITER =    225
 *** TIME =   1.00000         TIME INC =  0.500000E-01
 *** RESPONSE EIGENVALUE =  3.391       OSCILLATION LIMIT = 0.1695    

 *** NOTE ***                            ELAPSED TIME =     349.358   TIME= 11:12:23
 The number of multiframe restart files exceeds 4, a user specified      
 limit.  The .Rnnn file numbering will be reset to 1.                    

 FINISH SOLUTION PROCESSING


 ***** ROUTINE COMPLETED *****  ELAPSED TIME =       359.513



 *** MAPDL - ENGINEERING ANALYSIS SYSTEM  RELEASE 2026 R1.02       26.1     ***
 Ansys Mechanical Enterprise Academic Research     
 01196637  VERSION=WINDOWS x64   11:12:33  SEP 18, 2026 Elapsed Time=    359.516

 testbed2--Thermique transitoire (B5)                                          

 Note - This MAPDL version was linked by Licensee

          ***** MAPDL RESULTS INTERPRETATION (POST1) *****

 SUM ALL THE ACTIVE ENTRIES IN THE ELEMENT TABLE 

 TABLE LABEL     TOTAL
 ERATE      824615.    
 EVOL      0.745986E-08
 GMASS     0.476922E-06

 SUM ALL THE ACTIVE ENTRIES IN THE ELEMENT TABLE 

 TABLE LABEL     TOTAL
 ERATE      97507.2    
 EVOL      0.115478E-09
 GMASS     0.562996E-07
 LALPHA     90.3824    
 LVOL      0.115478E-09
 ALVOL     0.521858E-10

 EXIT THE MAPDL POST1 DATABASE PROCESSOR


 ***** ROUTINE COMPLETED *****  ELAPSED TIME =       360.245



 *****  MAPDL SOLUTION ROUTINE  *****

 *****  MAPDL SOLVE    COMMAND  *****

 *** MAPDL - ENGINEERING ANALYSIS SYSTEM  RELEASE 2026 R1.02       26.1     ***
 Ansys Mechanical Enterprise Academic Research     
 01196637  VERSION=WINDOWS x64   11:12:34  SEP 18, 2026 Elapsed Time=    360.611

 testbed2--Thermique transitoire (B5)                                          

 Note - This MAPDL version was linked by Licensee

 *** MAPDL - ENGINEERING ANALYSIS SYSTEM  RELEASE 2026 R1.02       26.1     ***
 Ansys Mechanical Enterprise Academic Research     
 01196637  VERSION=WINDOWS x64   11:12:35  SEP 18, 2026 Elapsed Time=    361.222

 testbed2--Thermique transitoire (B5)                                          

 Note - This MAPDL version was linked by Licensee

 SOLUTION MONITORING INFO IS WRITTEN TO FILE= file.mntr                                                                                                                                                                                                                                                           

     HT FLOW CONVERGENCE VALUE=  0.4334E-01  CRITERION=  0.6975E-03
    EQUIL ITER   1 COMPLETED.  NEW TRIANG MATRIX.  MAX DOF INC=   41.13    
     HT FLOW CONVERGENCE VALUE=  0.9843E-02  CRITERION=  0.6952E-03
    EQUIL ITER   2 COMPLETED.  NEW TRIANG MATRIX.  MAX DOF INC=  -9.188    
     HT FLOW CONVERGENCE VALUE=  0.2426E-02  CRITERION=  0.6960E-03
    EQUIL ITER   3 COMPLETED.  NEW TRIANG MATRIX.  MAX DOF INC=   1.822    
     HT FLOW CONVERGENCE VALUE=  0.4697E-03  CRITERION=  0.6959E-03 <<< CONVERGED
    >>> SOLUTION CONVERGED AFTER EQUILIBRIUM ITERATION   3
 *** LOAD STEP    21   SUBSTEP     1  COMPLETED.    CUM ITER =    229
 *** TIME =   1.05000         TIME INC =  0.500000E-01
 *** RESPONSE EIGENVALUE =  2.005       OSCILLATION LIMIT = 0.1003    

 *** NOTE ***                            ELAPSED TIME =     365.050   TIME= 11:12:39
 The number of multiframe restart files exceeds 4, a user specified      
 limit.  The .Rnnn file numbering will be reset to 1.                    

 FINISH SOLUTION PROCESSING


 ***** ROUTINE COMPLETED *****  ELAPSED TIME =       375.347



 *** MAPDL - ENGINEERING ANALYSIS SYSTEM  RELEASE 2026 R1.02       26.1     ***
 Ansys Mechanical Enterprise Academic Research     
 01196637  VERSION=WINDOWS x64   11:12:49  SEP 18, 2026 Elapsed Time=    375.351

 testbed2--Thermique transitoire (B5)                                          

 Note - This MAPDL version was linked by Licensee

          ***** MAPDL RESULTS INTERPRETATION (POST1) *****

 SUM ALL THE ACTIVE ENTRIES IN THE ELEMENT TABLE 

 TABLE LABEL     TOTAL
 ERATE      910772.    
 EVOL      0.745986E-08
 GMASS     0.526812E-06

 SUM ALL THE ACTIVE ENTRIES IN THE ELEMENT TABLE 

 TABLE LABEL     TOTAL
 ERATE      96723.5    
 EVOL      0.115478E-09
 GMASS     0.558471E-07
 LALPHA     99.1754    
 LVOL      0.115478E-09
 ALVOL     0.572628E-10

 EXIT THE MAPDL POST1 DATABASE PROCESSOR


 ***** ROUTINE COMPLETED *****  ELAPSED TIME =       376.076



 *****  MAPDL SOLUTION ROUTINE  *****

 *****  MAPDL SOLVE    COMMAND  *****

 *** MAPDL - ENGINEERING ANALYSIS SYSTEM  RELEASE 2026 R1.02       26.1     ***
 Ansys Mechanical Enterprise Academic Research     
 01196637  VERSION=WINDOWS x64   11:12:50  SEP 18, 2026 Elapsed Time=    376.466

 testbed2--Thermique transitoire (B5)                                          

 Note - This MAPDL version was linked by Licensee

 *** MAPDL - ENGINEERING ANALYSIS SYSTEM  RELEASE 2026 R1.02       26.1     ***
 Ansys Mechanical Enterprise Academic Research     
 01196637  VERSION=WINDOWS x64   11:12:51  SEP 18, 2026 Elapsed Time=    377.035

 testbed2--Thermique transitoire (B5)                                          

 Note - This MAPDL version was linked by Licensee

 SOLUTION MONITORING INFO IS WRITTEN TO FILE= file.mntr                                                                                                                                                                                                                                                           

     HT FLOW CONVERGENCE VALUE=  0.3744E-01  CRITERION=  0.6890E-03
    EQUIL ITER   1 COMPLETED.  NEW TRIANG MATRIX.  MAX DOF INC=   32.63    
     HT FLOW CONVERGENCE VALUE=  0.7376E-02  CRITERION=  0.6877E-03
    EQUIL ITER   2 COMPLETED.  NEW TRIANG MATRIX.  MAX DOF INC=  -7.238    
     HT FLOW CONVERGENCE VALUE=  0.1923E-02  CRITERION=  0.6883E-03
    EQUIL ITER   3 COMPLETED.  NEW TRIANG MATRIX.  MAX DOF INC=   1.499    
     HT FLOW CONVERGENCE VALUE=  0.3879E-03  CRITERION=  0.6881E-03 <<< CONVERGED
    >>> SOLUTION CONVERGED AFTER EQUILIBRIUM ITERATION   3
 *** LOAD STEP    22   SUBSTEP     1  COMPLETED.    CUM ITER =    233
 *** TIME =   1.10000         TIME INC =  0.500000E-01
 *** RESPONSE EIGENVALUE =  1.493       OSCILLATION LIMIT = 0.7464E-01

 *** NOTE ***                            ELAPSED TIME =     380.829   TIME= 11:12:55
 The number of multiframe restart files exceeds 4, a user specified      
 limit.  The .Rnnn file numbering will be reset to 1.                    

 FINISH SOLUTION PROCESSING


 ***** ROUTINE COMPLETED *****  ELAPSED TIME =       391.161



 *** MAPDL - ENGINEERING ANALYSIS SYSTEM  RELEASE 2026 R1.02       26.1     ***
 Ansys Mechanical Enterprise Academic Research     
 01196637  VERSION=WINDOWS x64   11:13:05  SEP 18, 2026 Elapsed Time=    391.164

 testbed2--Thermique transitoire (B5)                                          

 Note - This MAPDL version was linked by Licensee

          ***** MAPDL RESULTS INTERPRETATION (POST1) *****

 SUM ALL THE ACTIVE ENTRIES IN THE ELEMENT TABLE 

 TABLE LABEL     TOTAL
 ERATE      978587.    
 EVOL      0.745986E-08
 GMASS     0.566105E-06

 SUM ALL THE ACTIVE ENTRIES IN THE ELEMENT TABLE 

 TABLE LABEL     TOTAL
 ERATE      93743.1    
 EVOL      0.115478E-09
 GMASS     0.541263E-07
 LALPHA     107.698    
 LVOL      0.115478E-09
 ALVOL     0.621834E-10

 EXIT THE MAPDL POST1 DATABASE PROCESSOR


 ***** ROUTINE COMPLETED *****  ELAPSED TIME =       391.960



 *****  MAPDL SOLUTION ROUTINE  *****

 *****  MAPDL SOLVE    COMMAND  *****

 *** MAPDL - ENGINEERING ANALYSIS SYSTEM  RELEASE 2026 R1.02       26.1     ***
 Ansys Mechanical Enterprise Academic Research     
 01196637  VERSION=WINDOWS x64   11:13:06  SEP 18, 2026 Elapsed Time=    392.393

 testbed2--Thermique transitoire (B5)                                          

 Note - This MAPDL version was linked by Licensee

 *** MAPDL - ENGINEERING ANALYSIS SYSTEM  RELEASE 2026 R1.02       26.1     ***
 Ansys Mechanical Enterprise Academic Research     
 01196637  VERSION=WINDOWS x64   11:13:07  SEP 18, 2026 Elapsed Time=    392.990

 testbed2--Thermique transitoire (B5)                                          

 Note - This MAPDL version was linked by Licensee

 SOLUTION MONITORING INFO IS WRITTEN TO FILE= file.mntr                                                                                                                                                                                                                                                           

     HT FLOW CONVERGENCE VALUE=  0.3355E-01  CRITERION=  0.6827E-03
    EQUIL ITER   1 COMPLETED.  NEW TRIANG MATRIX.  MAX DOF INC=   27.54    
     HT FLOW CONVERGENCE VALUE=  0.5929E-02  CRITERION=  0.6818E-03
    EQUIL ITER   2 COMPLETED.  NEW TRIANG MATRIX.  MAX DOF INC=  -5.971    
     HT FLOW CONVERGENCE VALUE=  0.1593E-02  CRITERION=  0.6823E-03
    EQUIL ITER   3 COMPLETED.  NEW TRIANG MATRIX.  MAX DOF INC=   1.269    
     HT FLOW CONVERGENCE VALUE=  0.3283E-03  CRITERION=  0.6821E-03 <<< CONVERGED
    >>> SOLUTION CONVERGED AFTER EQUILIBRIUM ITERATION   3
 *** LOAD STEP    23   SUBSTEP     1  COMPLETED.    CUM ITER =    237
 *** TIME =   1.15000         TIME INC =  0.500000E-01
 *** RESPONSE EIGENVALUE =  1.222       OSCILLATION LIMIT = 0.6111E-01

 *** NOTE ***                            ELAPSED TIME =     396.890   TIME= 11:13:11
 The number of multiframe restart files exceeds 4, a user specified      
 limit.  The .Rnnn file numbering will be reset to 1.                    

 FINISH SOLUTION PROCESSING


 ***** ROUTINE COMPLETED *****  ELAPSED TIME =       407.499



 *** MAPDL - ENGINEERING ANALYSIS SYSTEM  RELEASE 2026 R1.02       26.1     ***
 Ansys Mechanical Enterprise Academic Research     
 01196637  VERSION=WINDOWS x64   11:13:21  SEP 18, 2026 Elapsed Time=    407.502

 testbed2--Thermique transitoire (B5)                                          

 Note - This MAPDL version was linked by Licensee

          ***** MAPDL RESULTS INTERPRETATION (POST1) *****

 SUM ALL THE ACTIVE ENTRIES IN THE ELEMENT TABLE 

 TABLE LABEL     TOTAL
 ERATE     0.103241E+07
 EVOL      0.745986E-08
 GMASS     0.597311E-06

 SUM ALL THE ACTIVE ENTRIES IN THE ELEMENT TABLE 

 TABLE LABEL     TOTAL
 ERATE      89513.8    
 EVOL      0.115478E-09
 GMASS     0.516843E-07
 LALPHA     115.835    
 LVOL      0.115478E-09
 ALVOL     0.668820E-10

 EXIT THE MAPDL POST1 DATABASE PROCESSOR


 ***** ROUTINE COMPLETED *****  ELAPSED TIME =       408.217



 *****  MAPDL SOLUTION ROUTINE  *****

 *****  MAPDL SOLVE    COMMAND  *****

 *** MAPDL - ENGINEERING ANALYSIS SYSTEM  RELEASE 2026 R1.02       26.1     ***
 Ansys Mechanical Enterprise Academic Research     
 01196637  VERSION=WINDOWS x64   11:13:22  SEP 18, 2026 Elapsed Time=    408.599

 testbed2--Thermique transitoire (B5)                                          

 Note - This MAPDL version was linked by Licensee

 *** MAPDL - ENGINEERING ANALYSIS SYSTEM  RELEASE 2026 R1.02       26.1     ***
 Ansys Mechanical Enterprise Academic Research     
 01196637  VERSION=WINDOWS x64   11:13:23  SEP 18, 2026 Elapsed Time=    409.095

 testbed2--Thermique transitoire (B5)                                          

 Note - This MAPDL version was linked by Licensee

 SOLUTION MONITORING INFO IS WRITTEN TO FILE= file.mntr                                                                                                                                                                                                                                                           

     HT FLOW CONVERGENCE VALUE=  0.3077E-01  CRITERION=  0.6778E-03
    EQUIL ITER   1 COMPLETED.  NEW TRIANG MATRIX.  MAX DOF INC=   24.18    
     HT FLOW CONVERGENCE VALUE=  0.5014E-02  CRITERION=  0.6772E-03
    EQUIL ITER   2 COMPLETED.  NEW TRIANG MATRIX.  MAX DOF INC=  -5.104    
     HT FLOW CONVERGENCE VALUE=  0.1363E-02  CRITERION=  0.6776E-03
    EQUIL ITER   3 COMPLETED.  NEW TRIANG MATRIX.  MAX DOF INC=   1.099    
     HT FLOW CONVERGENCE VALUE=  0.2835E-03  CRITERION=  0.6775E-03 <<< CONVERGED
    >>> SOLUTION CONVERGED AFTER EQUILIBRIUM ITERATION   3
 *** LOAD STEP    24   SUBSTEP     1  COMPLETED.    CUM ITER =    241
 *** TIME =   1.20000         TIME INC =  0.500000E-01
 *** RESPONSE EIGENVALUE =  1.056       OSCILLATION LIMIT = 0.5278E-01

 *** NOTE ***                            ELAPSED TIME =     412.935   TIME= 11:13:27
 The number of multiframe restart files exceeds 4, a user specified      
 limit.  The .Rnnn file numbering will be reset to 1.                    

 FINISH SOLUTION PROCESSING


 ***** ROUTINE COMPLETED *****  ELAPSED TIME =       423.662



 *** MAPDL - ENGINEERING ANALYSIS SYSTEM  RELEASE 2026 R1.02       26.1     ***
 Ansys Mechanical Enterprise Academic Research     
 01196637  VERSION=WINDOWS x64   11:13:38  SEP 18, 2026 Elapsed Time=    423.666

 testbed2--Thermique transitoire (B5)                                          

 Note - This MAPDL version was linked by Licensee

          ***** MAPDL RESULTS INTERPRETATION (POST1) *****

 SUM ALL THE ACTIVE ENTRIES IN THE ELEMENT TABLE 

 TABLE LABEL     TOTAL
 ERATE     0.107535E+07
 EVOL      0.745986E-08
 GMASS     0.622229E-06

 SUM ALL THE ACTIVE ENTRIES IN THE ELEMENT TABLE 

 TABLE LABEL     TOTAL
 ERATE      84561.4    
 EVOL      0.115478E-09
 GMASS     0.488248E-07
 LALPHA     123.523    
 LVOL      0.115478E-09
 ALVOL     0.713206E-10

 EXIT THE MAPDL POST1 DATABASE PROCESSOR


 ***** ROUTINE COMPLETED *****  ELAPSED TIME =       424.402



 *****  MAPDL SOLUTION ROUTINE  *****

 *****  MAPDL SOLVE    COMMAND  *****

 *** MAPDL - ENGINEERING ANALYSIS SYSTEM  RELEASE 2026 R1.02       26.1     ***
 Ansys Mechanical Enterprise Academic Research     
 01196637  VERSION=WINDOWS x64   11:13:39  SEP 18, 2026 Elapsed Time=    424.794

 testbed2--Thermique transitoire (B5)                                          

 Note - This MAPDL version was linked by Licensee

 *** MAPDL - ENGINEERING ANALYSIS SYSTEM  RELEASE 2026 R1.02       26.1     ***
 Ansys Mechanical Enterprise Academic Research     
 01196637  VERSION=WINDOWS x64   11:13:39  SEP 18, 2026 Elapsed Time=    425.308

 testbed2--Thermique transitoire (B5)                                          

 Note - This MAPDL version was linked by Licensee

 SOLUTION MONITORING INFO IS WRITTEN TO FILE= file.mntr                                                                                                                                                                                                                                                           

     HT FLOW CONVERGENCE VALUE=  0.2866E-01  CRITERION=  0.6740E-03
    EQUIL ITER   1 COMPLETED.  NEW TRIANG MATRIX.  MAX DOF INC=   21.79    
     HT FLOW CONVERGENCE VALUE=  0.4413E-02  CRITERION=  0.6736E-03
    EQUIL ITER   2 COMPLETED.  NEW TRIANG MATRIX.  MAX DOF INC=  -4.488    
     HT FLOW CONVERGENCE VALUE=  0.1203E-02  CRITERION=  0.6739E-03
    EQUIL ITER   3 COMPLETED.  NEW TRIANG MATRIX.  MAX DOF INC=  0.9715    
     HT FLOW CONVERGENCE VALUE=  0.2519E-03  CRITERION=  0.6738E-03 <<< CONVERGED
    >>> SOLUTION CONVERGED AFTER EQUILIBRIUM ITERATION   3
 *** LOAD STEP    25   SUBSTEP     1  COMPLETED.    CUM ITER =    245
 *** TIME =   1.25000         TIME INC =  0.500000E-01
 *** RESPONSE EIGENVALUE = 0.9410       OSCILLATION LIMIT = 0.4705E-01

 *** NOTE ***                            ELAPSED TIME =     429.140   TIME= 11:13:43
 The number of multiframe restart files exceeds 4, a user specified      
 limit.  The .Rnnn file numbering will be reset to 1.                    

 FINISH SOLUTION PROCESSING


 ***** ROUTINE COMPLETED *****  ELAPSED TIME =       439.720



 *** MAPDL - ENGINEERING ANALYSIS SYSTEM  RELEASE 2026 R1.02       26.1     ***
 Ansys Mechanical Enterprise Academic Research     
 01196637  VERSION=WINDOWS x64   11:13:54  SEP 18, 2026 Elapsed Time=    439.723

 testbed2--Thermique transitoire (B5)                                          

 Note - This MAPDL version was linked by Licensee

          ***** MAPDL RESULTS INTERPRETATION (POST1) *****

 SUM ALL THE ACTIVE ENTRIES IN THE ELEMENT TABLE 

 TABLE LABEL     TOTAL
 ERATE     0.110976E+07
 EVOL      0.745986E-08
 GMASS     0.642220E-06

 SUM ALL THE ACTIVE ENTRIES IN THE ELEMENT TABLE 

 TABLE LABEL     TOTAL
 ERATE      79240.6    
 EVOL      0.115478E-09
 GMASS     0.457527E-07
 LALPHA     130.726    
 LVOL      0.115478E-09
 ALVOL     0.754799E-10

 EXIT THE MAPDL POST1 DATABASE PROCESSOR


 ***** ROUTINE COMPLETED *****  ELAPSED TIME =       440.446



 *****  MAPDL SOLUTION ROUTINE  *****

 *****  MAPDL SOLVE    COMMAND  *****

 *** MAPDL - ENGINEERING ANALYSIS SYSTEM  RELEASE 2026 R1.02       26.1     ***
 Ansys Mechanical Enterprise Academic Research     
 01196637  VERSION=WINDOWS x64   11:13:55  SEP 18, 2026 Elapsed Time=    440.853

 testbed2--Thermique transitoire (B5)                                          

 Note - This MAPDL version was linked by Licensee

 *** MAPDL - ENGINEERING ANALYSIS SYSTEM  RELEASE 2026 R1.02       26.1     ***
 Ansys Mechanical Enterprise Academic Research     
 01196637  VERSION=WINDOWS x64   11:13:55  SEP 18, 2026 Elapsed Time=    441.372

 testbed2--Thermique transitoire (B5)                                          

 Note - This MAPDL version was linked by Licensee

 SOLUTION MONITORING INFO IS WRITTEN TO FILE= file.mntr                                                                                                                                                                                                                                                           

     HT FLOW CONVERGENCE VALUE=  0.2700E-01  CRITERION=  0.6711E-03
    EQUIL ITER   1 COMPLETED.  NEW TRIANG MATRIX.  MAX DOF INC=   20.01    
     HT FLOW CONVERGENCE VALUE=  0.3977E-02  CRITERION=  0.6707E-03
    EQUIL ITER   2 COMPLETED.  NEW TRIANG MATRIX.  MAX DOF INC=  -4.032    
     HT FLOW CONVERGENCE VALUE=  0.1084E-02  CRITERION=  0.6710E-03
    EQUIL ITER   3 COMPLETED.  NEW TRIANG MATRIX.  MAX DOF INC=  0.8712    
     HT FLOW CONVERGENCE VALUE=  0.2246E-03  CRITERION=  0.6710E-03 <<< CONVERGED
    >>> SOLUTION CONVERGED AFTER EQUILIBRIUM ITERATION   3
 *** LOAD STEP    26   SUBSTEP     1  COMPLETED.    CUM ITER =    249
 *** TIME =   1.30000         TIME INC =  0.500000E-01
 *** RESPONSE EIGENVALUE = 0.8558       OSCILLATION LIMIT = 0.4279E-01

 *** NOTE ***                            ELAPSED TIME =     444.580   TIME= 11:13:58
 The number of multiframe restart files exceeds 4, a user specified      
 limit.  The .Rnnn file numbering will be reset to 1.                    

 FINISH SOLUTION PROCESSING


 ***** ROUTINE COMPLETED *****  ELAPSED TIME =       450.525



 *** MAPDL - ENGINEERING ANALYSIS SYSTEM  RELEASE 2026 R1.02       26.1     ***
 Ansys Mechanical Enterprise Academic Research     
 01196637  VERSION=WINDOWS x64   11:14:04  SEP 18, 2026 Elapsed Time=    450.529

 testbed2--Thermique transitoire (B5)                                          

 Note - This MAPDL version was linked by Licensee

          ***** MAPDL RESULTS INTERPRETATION (POST1) *****

 SUM ALL THE ACTIVE ENTRIES IN THE ELEMENT TABLE 

 TABLE LABEL     TOTAL
 ERATE     0.113740E+07
 EVOL      0.745986E-08
 GMASS     0.658298E-06

 SUM ALL THE ACTIVE ENTRIES IN THE ELEMENT TABLE 

 TABLE LABEL     TOTAL
 ERATE      73784.0    
 EVOL      0.115478E-09
 GMASS     0.426021E-07
 LALPHA     137.434    
 LVOL      0.115478E-09
 ALVOL     0.793528E-10

 EXIT THE MAPDL POST1 DATABASE PROCESSOR


 ***** ROUTINE COMPLETED *****  ELAPSED TIME =       451.127



 *****  MAPDL SOLUTION ROUTINE  *****

 *****  MAPDL SOLVE    COMMAND  *****

 *** MAPDL - ENGINEERING ANALYSIS SYSTEM  RELEASE 2026 R1.02       26.1     ***
 Ansys Mechanical Enterprise Academic Research     
 01196637  VERSION=WINDOWS x64   11:14:05  SEP 18, 2026 Elapsed Time=    451.553

 testbed2--Thermique transitoire (B5)                                          

 Note - This MAPDL version was linked by Licensee

 *** MAPDL - ENGINEERING ANALYSIS SYSTEM  RELEASE 2026 R1.02       26.1     ***
 Ansys Mechanical Enterprise Academic Research     
 01196637  VERSION=WINDOWS x64   11:14:06  SEP 18, 2026 Elapsed Time=    451.902

 testbed2--Thermique transitoire (B5)                                          

 Note - This MAPDL version was linked by Licensee

 SOLUTION MONITORING INFO IS WRITTEN TO FILE= file.mntr                                                                                                                                                                                                                                                           

     HT FLOW CONVERGENCE VALUE=  0.2566E-01  CRITERION=  0.6688E-03
    EQUIL ITER   1 COMPLETED.  NEW TRIANG MATRIX.  MAX DOF INC=   18.62    
     HT FLOW CONVERGENCE VALUE=  0.3666E-02  CRITERION=  0.6685E-03
    EQUIL ITER   2 COMPLETED.  NEW TRIANG MATRIX.  MAX DOF INC=  -3.683    
     HT FLOW CONVERGENCE VALUE=  0.9868E-03  CRITERION=  0.6688E-03
    EQUIL ITER   3 COMPLETED.  NEW TRIANG MATRIX.  MAX DOF INC=  0.7905    
     HT FLOW CONVERGENCE VALUE=  0.2043E-03  CRITERION=  0.6687E-03 <<< CONVERGED
    >>> SOLUTION CONVERGED AFTER EQUILIBRIUM ITERATION   3
 *** LOAD STEP    27   SUBSTEP     1  COMPLETED.    CUM ITER =    253
 *** TIME =   1.35000         TIME INC =  0.500000E-01
 *** RESPONSE EIGENVALUE = 0.7897       OSCILLATION LIMIT = 0.3948E-01

 *** NOTE ***                            ELAPSED TIME =     454.906   TIME= 11:14:09
 The number of multiframe restart files exceeds 4, a user specified      
 limit.  The .Rnnn file numbering will be reset to 1.                    

 FINISH SOLUTION PROCESSING


 ***** ROUTINE COMPLETED *****  ELAPSED TIME =       466.571



 *** MAPDL - ENGINEERING ANALYSIS SYSTEM  RELEASE 2026 R1.02       26.1     ***
 Ansys Mechanical Enterprise Academic Research     
 01196637  VERSION=WINDOWS x64   11:14:20  SEP 18, 2026 Elapsed Time=    466.576

 testbed2--Thermique transitoire (B5)                                          

 Note - This MAPDL version was linked by Licensee

          ***** MAPDL RESULTS INTERPRETATION (POST1) *****

 SUM ALL THE ACTIVE ENTRIES IN THE ELEMENT TABLE 

 TABLE LABEL     TOTAL
 ERATE     0.115961E+07
 EVOL      0.745986E-08
 GMASS     0.671235E-06

 SUM ALL THE ACTIVE ENTRIES IN THE ELEMENT TABLE 

 TABLE LABEL     TOTAL
 ERATE      68345.0    
 EVOL      0.115478E-09
 GMASS     0.394617E-07
 LALPHA     143.647    
 LVOL      0.115478E-09
 ALVOL     0.829403E-10

 EXIT THE MAPDL POST1 DATABASE PROCESSOR


 ***** ROUTINE COMPLETED *****  ELAPSED TIME =       467.443



 *****  MAPDL SOLUTION ROUTINE  *****

 *****  MAPDL SOLVE    COMMAND  *****

 *** MAPDL - ENGINEERING ANALYSIS SYSTEM  RELEASE 2026 R1.02       26.1     ***
 Ansys Mechanical Enterprise Academic Research     
 01196637  VERSION=WINDOWS x64   11:14:22  SEP 18, 2026 Elapsed Time=    467.935

 testbed2--Thermique transitoire (B5)                                          

 Note - This MAPDL version was linked by Licensee

 *** MAPDL - ENGINEERING ANALYSIS SYSTEM  RELEASE 2026 R1.02       26.1     ***
 Ansys Mechanical Enterprise Academic Research     
 01196637  VERSION=WINDOWS x64   11:14:22  SEP 18, 2026 Elapsed Time=    468.432

 testbed2--Thermique transitoire (B5)                                          

 Note - This MAPDL version was linked by Licensee

 SOLUTION MONITORING INFO IS WRITTEN TO FILE= file.mntr                                                                                                                                                                                                                                                           

     HT FLOW CONVERGENCE VALUE=  0.2454E-01  CRITERION=  0.6670E-03
    EQUIL ITER   1 COMPLETED.  NEW TRIANG MATRIX.  MAX DOF INC=   17.51    
     HT FLOW CONVERGENCE VALUE=  0.3409E-02  CRITERION=  0.6668E-03
    EQUIL ITER   2 COMPLETED.  NEW TRIANG MATRIX.  MAX DOF INC=  -3.406    
     HT FLOW CONVERGENCE VALUE=  0.9069E-03  CRITERION=  0.6670E-03
    EQUIL ITER   3 COMPLETED.  NEW TRIANG MATRIX.  MAX DOF INC=  0.7237    
     HT FLOW CONVERGENCE VALUE=  0.1857E-03  CRITERION=  0.6669E-03 <<< CONVERGED
    >>> SOLUTION CONVERGED AFTER EQUILIBRIUM ITERATION   3
 *** LOAD STEP    28   SUBSTEP     1  COMPLETED.    CUM ITER =    257
 *** TIME =   1.40000         TIME INC =  0.500000E-01
 *** RESPONSE EIGENVALUE = 0.7364       OSCILLATION LIMIT = 0.3682E-01

 *** NOTE ***                            ELAPSED TIME =     472.469   TIME= 11:14:26
 The number of multiframe restart files exceeds 4, a user specified      
 limit.  The .Rnnn file numbering will be reset to 1.                    

 FINISH SOLUTION PROCESSING


 ***** ROUTINE COMPLETED *****  ELAPSED TIME =       485.758



 *** MAPDL - ENGINEERING ANALYSIS SYSTEM  RELEASE 2026 R1.02       26.1     ***
 Ansys Mechanical Enterprise Academic Research     
 01196637  VERSION=WINDOWS x64   11:14:40  SEP 18, 2026 Elapsed Time=    485.762

 testbed2--Thermique transitoire (B5)                                          

 Note - This MAPDL version was linked by Licensee

          ***** MAPDL RESULTS INTERPRETATION (POST1) *****

 SUM ALL THE ACTIVE ENTRIES IN THE ELEMENT TABLE 

 TABLE LABEL     TOTAL
 ERATE     0.117740E+07
 EVOL      0.745986E-08
 GMASS     0.681616E-06

 SUM ALL THE ACTIVE ENTRIES IN THE ELEMENT TABLE 

 TABLE LABEL     TOTAL
 ERATE      63024.9    
 EVOL      0.115478E-09
 GMASS     0.363899E-07
 LALPHA     149.377    
 LVOL      0.115478E-09
 ALVOL     0.862484E-10

 EXIT THE MAPDL POST1 DATABASE PROCESSOR


 ***** ROUTINE COMPLETED *****  ELAPSED TIME =       486.511



 *****  MAPDL SOLUTION ROUTINE  *****

 *****  MAPDL SOLVE    COMMAND  *****

 *** MAPDL - ENGINEERING ANALYSIS SYSTEM  RELEASE 2026 R1.02       26.1     ***
 Ansys Mechanical Enterprise Academic Research     
 01196637  VERSION=WINDOWS x64   11:14:41  SEP 18, 2026 Elapsed Time=    487.019

 testbed2--Thermique transitoire (B5)                                          

 Note - This MAPDL version was linked by Licensee

 *** MAPDL - ENGINEERING ANALYSIS SYSTEM  RELEASE 2026 R1.02       26.1     ***
 Ansys Mechanical Enterprise Academic Research     
 01196637  VERSION=WINDOWS x64   11:14:41  SEP 18, 2026 Elapsed Time=    487.551

 testbed2--Thermique transitoire (B5)                                          

 Note - This MAPDL version was linked by Licensee

 SOLUTION MONITORING INFO IS WRITTEN TO FILE= file.mntr                                                                                                                                                                                                                                                           

     HT FLOW CONVERGENCE VALUE=  0.2360E-01  CRITERION=  0.6656E-03
    EQUIL ITER   1 COMPLETED.  NEW TRIANG MATRIX.  MAX DOF INC=   16.61    
     HT FLOW CONVERGENCE VALUE=  0.3216E-02  CRITERION=  0.6654E-03
    EQUIL ITER   2 COMPLETED.  NEW TRIANG MATRIX.  MAX DOF INC=  -3.182    
     HT FLOW CONVERGENCE VALUE=  0.8391E-03  CRITERION=  0.6656E-03
    EQUIL ITER   3 COMPLETED.  NEW TRIANG MATRIX.  MAX DOF INC=  0.6674    
     HT FLOW CONVERGENCE VALUE=  0.1697E-03  CRITERION=  0.6656E-03 <<< CONVERGED
    >>> SOLUTION CONVERGED AFTER EQUILIBRIUM ITERATION   3
 *** LOAD STEP    29   SUBSTEP     1  COMPLETED.    CUM ITER =    261
 *** TIME =   1.45000         TIME INC =  0.500000E-01
 *** RESPONSE EIGENVALUE = 0.6926       OSCILLATION LIMIT = 0.3463E-01

 *** NOTE ***                            ELAPSED TIME =     491.895   TIME= 11:14:46
 The number of multiframe restart files exceeds 4, a user specified      
 limit.  The .Rnnn file numbering will be reset to 1.                    

 FINISH SOLUTION PROCESSING


 ***** ROUTINE COMPLETED *****  ELAPSED TIME =       503.826



 *** MAPDL - ENGINEERING ANALYSIS SYSTEM  RELEASE 2026 R1.02       26.1     ***
 Ansys Mechanical Enterprise Academic Research     
 01196637  VERSION=WINDOWS x64   11:14:58  SEP 18, 2026 Elapsed Time=    503.830

 testbed2--Thermique transitoire (B5)                                          

 Note - This MAPDL version was linked by Licensee

          ***** MAPDL RESULTS INTERPRETATION (POST1) *****

 SUM ALL THE ACTIVE ENTRIES IN THE ELEMENT TABLE 

 TABLE LABEL     TOTAL
 ERATE     0.119155E+07
 EVOL      0.745986E-08
 GMASS     0.689896E-06

 SUM ALL THE ACTIVE ENTRIES IN THE ELEMENT TABLE 

 TABLE LABEL     TOTAL
 ERATE      57890.2    
 EVOL      0.115478E-09
 GMASS     0.334252E-07
 LALPHA     154.639    
 LVOL      0.115478E-09
 ALVOL     0.892871E-10

 EXIT THE MAPDL POST1 DATABASE PROCESSOR


 ***** ROUTINE COMPLETED *****  ELAPSED TIME =       504.630



 *****  MAPDL SOLUTION ROUTINE  *****

 *****  MAPDL SOLVE    COMMAND  *****

 *** MAPDL - ENGINEERING ANALYSIS SYSTEM  RELEASE 2026 R1.02       26.1     ***
 Ansys Mechanical Enterprise Academic Research     
 01196637  VERSION=WINDOWS x64   11:14:59  SEP 18, 2026 Elapsed Time=    505.074

 testbed2--Thermique transitoire (B5)                                          

 Note - This MAPDL version was linked by Licensee

 *** MAPDL - ENGINEERING ANALYSIS SYSTEM  RELEASE 2026 R1.02       26.1     ***
 Ansys Mechanical Enterprise Academic Research     
 01196637  VERSION=WINDOWS x64   11:15:00  SEP 18, 2026 Elapsed Time=    505.673

 testbed2--Thermique transitoire (B5)                                          

 Note - This MAPDL version was linked by Licensee

 SOLUTION MONITORING INFO IS WRITTEN TO FILE= file.mntr                                                                                                                                                                                                                                                           

     HT FLOW CONVERGENCE VALUE=  0.2279E-01  CRITERION=  0.6645E-03
    EQUIL ITER   1 COMPLETED.  NEW TRIANG MATRIX.  MAX DOF INC=   15.85    
     HT FLOW CONVERGENCE VALUE=  0.3061E-02  CRITERION=  0.6644E-03
    EQUIL ITER   2 COMPLETED.  NEW TRIANG MATRIX.  MAX DOF INC=  -2.993    
     HT FLOW CONVERGENCE VALUE=  0.7832E-03  CRITERION=  0.6646E-03
    EQUIL ITER   3 COMPLETED.  NEW TRIANG MATRIX.  MAX DOF INC=  0.6184    
     HT FLOW CONVERGENCE VALUE=  0.1559E-03  CRITERION=  0.6645E-03 <<< CONVERGED
    >>> SOLUTION CONVERGED AFTER EQUILIBRIUM ITERATION   3
 *** LOAD STEP    30   SUBSTEP     1  COMPLETED.    CUM ITER =    265
 *** TIME =   1.50000         TIME INC =  0.500000E-01
 *** RESPONSE EIGENVALUE = 0.6560       OSCILLATION LIMIT = 0.3280E-01

 *** NOTE ***                            ELAPSED TIME =     509.779   TIME= 11:15:04
 The number of multiframe restart files exceeds 4, a user specified      
 limit.  The .Rnnn file numbering will be reset to 1.                    

 FINISH SOLUTION PROCESSING


 ***** ROUTINE COMPLETED *****  ELAPSED TIME =       521.864



 *** MAPDL - ENGINEERING ANALYSIS SYSTEM  RELEASE 2026 R1.02       26.1     ***
 Ansys Mechanical Enterprise Academic Research     
 01196637  VERSION=WINDOWS x64   11:15:16  SEP 18, 2026 Elapsed Time=    521.868

 testbed2--Thermique transitoire (B5)                                          

 Note - This MAPDL version was linked by Licensee

          ***** MAPDL RESULTS INTERPRETATION (POST1) *****

 SUM ALL THE ACTIVE ENTRIES IN THE ELEMENT TABLE 

 TABLE LABEL     TOTAL
 ERATE     0.120268E+07
 EVOL      0.745986E-08
 GMASS     0.696431E-06

 SUM ALL THE ACTIVE ENTRIES IN THE ELEMENT TABLE 

 TABLE LABEL     TOTAL
 ERATE      52983.7    
 EVOL      0.115478E-09
 GMASS     0.305922E-07
 LALPHA     159.456    
 LVOL      0.115478E-09
 ALVOL     0.920682E-10

 EXIT THE MAPDL POST1 DATABASE PROCESSOR


 ***** ROUTINE COMPLETED *****  ELAPSED TIME =       522.579



 *****  MAPDL SOLUTION ROUTINE  *****

 *****  MAPDL SOLVE    COMMAND  *****

 *** MAPDL - ENGINEERING ANALYSIS SYSTEM  RELEASE 2026 R1.02       26.1     ***
 Ansys Mechanical Enterprise Academic Research     
 01196637  VERSION=WINDOWS x64   11:15:17  SEP 18, 2026 Elapsed Time=    523.004

 testbed2--Thermique transitoire (B5)                                          

 Note - This MAPDL version was linked by Licensee

 *** MAPDL - ENGINEERING ANALYSIS SYSTEM  RELEASE 2026 R1.02       26.1     ***
 Ansys Mechanical Enterprise Academic Research     
 01196637  VERSION=WINDOWS x64   11:15:17  SEP 18, 2026 Elapsed Time=    523.562

 testbed2--Thermique transitoire (B5)                                          

 Note - This MAPDL version was linked by Licensee

 SOLUTION MONITORING INFO IS WRITTEN TO FILE= file.mntr                                                                                                                                                                                                                                                           

     HT FLOW CONVERGENCE VALUE=  0.2210E-01  CRITERION=  0.6637E-03
    EQUIL ITER   1 COMPLETED.  NEW TRIANG MATRIX.  MAX DOF INC=   15.22    
     HT FLOW CONVERGENCE VALUE=  0.2918E-02  CRITERION=  0.6636E-03
    EQUIL ITER   2 COMPLETED.  NEW TRIANG MATRIX.  MAX DOF INC=  -2.832    
     HT FLOW CONVERGENCE VALUE=  0.7336E-03  CRITERION=  0.6637E-03
    EQUIL ITER   3 COMPLETED.  NEW TRIANG MATRIX.  MAX DOF INC=  0.5756    
     HT FLOW CONVERGENCE VALUE=  0.1436E-03  CRITERION=  0.6637E-03 <<< CONVERGED
    >>> SOLUTION CONVERGED AFTER EQUILIBRIUM ITERATION   3
 *** LOAD STEP    31   SUBSTEP     1  COMPLETED.    CUM ITER =    269
 *** TIME =   1.55000         TIME INC =  0.500000E-01
 *** RESPONSE EIGENVALUE = 0.6249       OSCILLATION LIMIT = 0.3124E-01

 *** NOTE ***                            ELAPSED TIME =     527.632   TIME= 11:15:22
 The number of multiframe restart files exceeds 4, a user specified      
 limit.  The .Rnnn file numbering will be reset to 1.                    

 FINISH SOLUTION PROCESSING


 ***** ROUTINE COMPLETED *****  ELAPSED TIME =       540.320



 *** MAPDL - ENGINEERING ANALYSIS SYSTEM  RELEASE 2026 R1.02       26.1     ***
 Ansys Mechanical Enterprise Academic Research     
 01196637  VERSION=WINDOWS x64   11:15:34  SEP 18, 2026 Elapsed Time=    540.323

 testbed2--Thermique transitoire (B5)                                          

 Note - This MAPDL version was linked by Licensee

          ***** MAPDL RESULTS INTERPRETATION (POST1) *****

 SUM ALL THE ACTIVE ENTRIES IN THE ELEMENT TABLE 

 TABLE LABEL     TOTAL
 ERATE     0.121129E+07
 EVOL      0.745986E-08
 GMASS     0.701505E-06

 SUM ALL THE ACTIVE ENTRIES IN THE ELEMENT TABLE 

 TABLE LABEL     TOTAL
 ERATE      48332.2    
 EVOL      0.115478E-09
 GMASS     0.279065E-07
 LALPHA     163.850    
 LVOL      0.115478E-09
 ALVOL     0.946051E-10

 EXIT THE MAPDL POST1 DATABASE PROCESSOR


 ***** ROUTINE COMPLETED *****  ELAPSED TIME =       541.024



 *****  MAPDL SOLUTION ROUTINE  *****

 *****  MAPDL SOLVE    COMMAND  *****

 *** MAPDL - ENGINEERING ANALYSIS SYSTEM  RELEASE 2026 R1.02       26.1     ***
 Ansys Mechanical Enterprise Academic Research     
 01196637  VERSION=WINDOWS x64   11:15:35  SEP 18, 2026 Elapsed Time=    541.477

 testbed2--Thermique transitoire (B5)                                          

 Note - This MAPDL version was linked by Licensee

 *** MAPDL - ENGINEERING ANALYSIS SYSTEM  RELEASE 2026 R1.02       26.1     ***
 Ansys Mechanical Enterprise Academic Research     
 01196637  VERSION=WINDOWS x64   11:15:36  SEP 18, 2026 Elapsed Time=    542.055

 testbed2--Thermique transitoire (B5)                                          

 Note - This MAPDL version was linked by Licensee

 SOLUTION MONITORING INFO IS WRITTEN TO FILE= file.mntr                                                                                                                                                                                                                                                           

     HT FLOW CONVERGENCE VALUE=  0.2149E-01  CRITERION=  0.6631E-03
    EQUIL ITER   1 COMPLETED.  NEW TRIANG MATRIX.  MAX DOF INC=   14.68    
     HT FLOW CONVERGENCE VALUE=  0.2805E-02  CRITERION=  0.6630E-03
    EQUIL ITER   2 COMPLETED.  NEW TRIANG MATRIX.  MAX DOF INC=  -2.690    
     HT FLOW CONVERGENCE VALUE=  0.6907E-03  CRITERION=  0.6631E-03
    EQUIL ITER   3 COMPLETED.  NEW TRIANG MATRIX.  MAX DOF INC=  0.5370    
     HT FLOW CONVERGENCE VALUE=  0.1327E-03  CRITERION=  0.6631E-03 <<< CONVERGED
    >>> SOLUTION CONVERGED AFTER EQUILIBRIUM ITERATION   3
 *** LOAD STEP    32   SUBSTEP     1  COMPLETED.    CUM ITER =    273
 *** TIME =   1.60000         TIME INC =  0.500000E-01
 *** RESPONSE EIGENVALUE = 0.5984       OSCILLATION LIMIT = 0.2992E-01

 *** NOTE ***                            ELAPSED TIME =     545.918   TIME= 11:15:40
 The number of multiframe restart files exceeds 4, a user specified      
 limit.  The .Rnnn file numbering will be reset to 1.                    

 FINISH SOLUTION PROCESSING


 ***** ROUTINE COMPLETED *****  ELAPSED TIME =       558.243



 *** MAPDL - ENGINEERING ANALYSIS SYSTEM  RELEASE 2026 R1.02       26.1     ***
 Ansys Mechanical Enterprise Academic Research     
 01196637  VERSION=WINDOWS x64   11:15:52  SEP 18, 2026 Elapsed Time=    558.246

 testbed2--Thermique transitoire (B5)                                          

 Note - This MAPDL version was linked by Licensee

          ***** MAPDL RESULTS INTERPRETATION (POST1) *****

 SUM ALL THE ACTIVE ENTRIES IN THE ELEMENT TABLE 

 TABLE LABEL     TOTAL
 ERATE     0.121777E+07
 EVOL      0.745986E-08
 GMASS     0.705350E-06

 SUM ALL THE ACTIVE ENTRIES IN THE ELEMENT TABLE 

 TABLE LABEL     TOTAL
 ERATE      43951.0    
 EVOL      0.115478E-09
 GMASS     0.253768E-07
 LALPHA     167.845    
 LVOL      0.115478E-09
 ALVOL     0.969121E-10

 EXIT THE MAPDL POST1 DATABASE PROCESSOR


 ***** ROUTINE COMPLETED *****  ELAPSED TIME =       558.997



 *****  MAPDL SOLUTION ROUTINE  *****

 *****  MAPDL SOLVE    COMMAND  *****

 *** MAPDL - ENGINEERING ANALYSIS SYSTEM  RELEASE 2026 R1.02       26.1     ***
 Ansys Mechanical Enterprise Academic Research     
 01196637  VERSION=WINDOWS x64   11:15:53  SEP 18, 2026 Elapsed Time=    559.503

 testbed2--Thermique transitoire (B5)                                          

 Note - This MAPDL version was linked by Licensee

 *** MAPDL - ENGINEERING ANALYSIS SYSTEM  RELEASE 2026 R1.02       26.1     ***
 Ansys Mechanical Enterprise Academic Research     
 01196637  VERSION=WINDOWS x64   11:15:54  SEP 18, 2026 Elapsed Time=    560.387

 testbed2--Thermique transitoire (B5)                                          

 Note - This MAPDL version was linked by Licensee

 SOLUTION MONITORING INFO IS WRITTEN TO FILE= file.mntr                                                                                                                                                                                                                                                           

     HT FLOW CONVERGENCE VALUE=  0.2096E-01  CRITERION=  0.6627E-03
    EQUIL ITER   1 COMPLETED.  NEW TRIANG MATRIX.  MAX DOF INC=   14.22    
     HT FLOW CONVERGENCE VALUE=  0.2704E-02  CRITERION=  0.6626E-03
    EQUIL ITER   2 COMPLETED.  NEW TRIANG MATRIX.  MAX DOF INC=  -2.564    
     HT FLOW CONVERGENCE VALUE=  0.6505E-03  CRITERION=  0.6627E-03 <<< CONVERGED
    >>> SOLUTION CONVERGED AFTER EQUILIBRIUM ITERATION   2
 *** LOAD STEP    33   SUBSTEP     1  COMPLETED.    CUM ITER =    276
 *** TIME =   1.65000         TIME INC =  0.500000E-01
 *** RESPONSE EIGENVALUE = 0.5988       OSCILLATION LIMIT = 0.2994E-01

 *** NOTE ***                            ELAPSED TIME =     566.095   TIME= 11:16:00
 The number of multiframe restart files exceeds 4, a user specified      
 limit.  The .Rnnn file numbering will be reset to 1.                    

 FINISH SOLUTION PROCESSING


 ***** ROUTINE COMPLETED *****  ELAPSED TIME =       598.163



 *** MAPDL - ENGINEERING ANALYSIS SYSTEM  RELEASE 2026 R1.02       26.1     ***
 Ansys Mechanical Enterprise Academic Research     
 01196637  VERSION=WINDOWS x64   11:16:32  SEP 18, 2026 Elapsed Time=    598.169

 testbed2--Thermique transitoire (B5)                                          

 Note - This MAPDL version was linked by Licensee

          ***** MAPDL RESULTS INTERPRETATION (POST1) *****

 SUM ALL THE ACTIVE ENTRIES IN THE ELEMENT TABLE 

 TABLE LABEL     TOTAL
 ERATE     0.122058E+07
 EVOL      0.745986E-08
 GMASS     0.707073E-06

 SUM ALL THE ACTIVE ENTRIES IN THE ELEMENT TABLE 

 TABLE LABEL     TOTAL
 ERATE      39760.8    
 EVOL      0.115478E-09
 GMASS     0.229575E-07
 LALPHA     171.460    
 LVOL      0.115478E-09
 ALVOL     0.989992E-10

 EXIT THE MAPDL POST1 DATABASE PROCESSOR


 ***** ROUTINE COMPLETED *****  ELAPSED TIME =       599.103



 *****  MAPDL SOLUTION ROUTINE  *****

 *****  MAPDL SOLVE    COMMAND  *****

 *** MAPDL - ENGINEERING ANALYSIS SYSTEM  RELEASE 2026 R1.02       26.1     ***
 Ansys Mechanical Enterprise Academic Research     
 01196637  VERSION=WINDOWS x64   11:16:34  SEP 18, 2026 Elapsed Time=    599.854

 testbed2--Thermique transitoire (B5)                                          

 Note - This MAPDL version was linked by Licensee

 *** MAPDL - ENGINEERING ANALYSIS SYSTEM  RELEASE 2026 R1.02       26.1     ***
 Ansys Mechanical Enterprise Academic Research     
 01196637  VERSION=WINDOWS x64   11:16:35  SEP 18, 2026 Elapsed Time=    601.273

 testbed2--Thermique transitoire (B5)                                          

 Note - This MAPDL version was linked by Licensee

 SOLUTION MONITORING INFO IS WRITTEN TO FILE= file.mntr                                                                                                                                                                                                                                                           

     HT FLOW CONVERGENCE VALUE=  0.2038E-01  CRITERION=  0.6626E-03
    EQUIL ITER   1 COMPLETED.  NEW TRIANG MATRIX.  MAX DOF INC=   13.81    
     HT FLOW CONVERGENCE VALUE=  0.2681E-02  CRITERION=  0.6624E-03
    EQUIL ITER   2 COMPLETED.  NEW TRIANG MATRIX.  MAX DOF INC=  -2.481    
     HT FLOW CONVERGENCE VALUE=  0.6227E-03  CRITERION=  0.6626E-03 <<< CONVERGED
    >>> SOLUTION CONVERGED AFTER EQUILIBRIUM ITERATION   2
 *** LOAD STEP    34   SUBSTEP     1  COMPLETED.    CUM ITER =    279
 *** TIME =   1.70000         TIME INC =  0.500000E-01
 *** RESPONSE EIGENVALUE = 0.5517       OSCILLATION LIMIT = 0.2759E-01

 *** NOTE ***                            ELAPSED TIME =     609.380   TIME= 11:16:43
 The number of multiframe restart files exceeds 4, a user specified      
 limit.  The .Rnnn file numbering will be reset to 1.                    

 FINISH SOLUTION PROCESSING


 ***** ROUTINE COMPLETED *****  ELAPSED TIME =       640.539



 *** MAPDL - ENGINEERING ANALYSIS SYSTEM  RELEASE 2026 R1.02       26.1     ***
 Ansys Mechanical Enterprise Academic Research     
 01196637  VERSION=WINDOWS x64   11:17:14  SEP 18, 2026 Elapsed Time=    640.545

 testbed2--Thermique transitoire (B5)                                          

 Note - This MAPDL version was linked by Licensee

          ***** MAPDL RESULTS INTERPRETATION (POST1) *****

 SUM ALL THE ACTIVE ENTRIES IN THE ELEMENT TABLE 

 TABLE LABEL     TOTAL
 ERATE     0.122309E+07
 EVOL      0.745986E-08
 GMASS     0.708622E-06

 SUM ALL THE ACTIVE ENTRIES IN THE ELEMENT TABLE 

 TABLE LABEL     TOTAL
 ERATE      35951.0    
 EVOL      0.115478E-09
 GMASS     0.207577E-07
 LALPHA     174.728    
 LVOL      0.115478E-09
 ALVOL     0.100886E-09

 EXIT THE MAPDL POST1 DATABASE PROCESSOR


 ***** ROUTINE COMPLETED *****  ELAPSED TIME =       641.482



 *****  MAPDL SOLUTION ROUTINE  *****

 *****  MAPDL SOLVE    COMMAND  *****

 *** MAPDL - ENGINEERING ANALYSIS SYSTEM  RELEASE 2026 R1.02       26.1     ***
 Ansys Mechanical Enterprise Academic Research     
 01196637  VERSION=WINDOWS x64   11:17:16  SEP 18, 2026 Elapsed Time=    642.297

 testbed2--Thermique transitoire (B5)                                          

 Note - This MAPDL version was linked by Licensee

 *** MAPDL - ENGINEERING ANALYSIS SYSTEM  RELEASE 2026 R1.02       26.1     ***
 Ansys Mechanical Enterprise Academic Research     
 01196637  VERSION=WINDOWS x64   11:17:18  SEP 18, 2026 Elapsed Time=    643.623

 testbed2--Thermique transitoire (B5)                                          

 Note - This MAPDL version was linked by Licensee

 SOLUTION MONITORING INFO IS WRITTEN TO FILE= file.mntr                                                                                                                                                                                                                                                           

     HT FLOW CONVERGENCE VALUE=  0.1999E-01  CRITERION=  0.6625E-03
    EQUIL ITER   1 COMPLETED.  NEW TRIANG MATRIX.  MAX DOF INC=   13.46    
     HT FLOW CONVERGENCE VALUE=  0.2597E-02  CRITERION=  0.6623E-03
    EQUIL ITER   2 COMPLETED.  NEW TRIANG MATRIX.  MAX DOF INC=  -2.388    
     HT FLOW CONVERGENCE VALUE=  0.5924E-03  CRITERION=  0.6625E-03 <<< CONVERGED
    >>> SOLUTION CONVERGED AFTER EQUILIBRIUM ITERATION   2
 *** LOAD STEP    35   SUBSTEP     1  COMPLETED.    CUM ITER =    282
 *** TIME =   1.75000         TIME INC =  0.500000E-01
 *** RESPONSE EIGENVALUE = 0.5325       OSCILLATION LIMIT = 0.2662E-01

 *** NOTE ***                            ELAPSED TIME =     651.647   TIME= 11:17:26
 The number of multiframe restart files exceeds 4, a user specified      
 limit.  The .Rnnn file numbering will be reset to 1.                    

 FINISH SOLUTION PROCESSING


 ***** ROUTINE COMPLETED *****  ELAPSED TIME =       682.478



 *** MAPDL - ENGINEERING ANALYSIS SYSTEM  RELEASE 2026 R1.02       26.1     ***
 Ansys Mechanical Enterprise Academic Research     
 01196637  VERSION=WINDOWS x64   11:17:56  SEP 18, 2026 Elapsed Time=    682.483

 testbed2--Thermique transitoire (B5)                                          

 Note - This MAPDL version was linked by Licensee

          ***** MAPDL RESULTS INTERPRETATION (POST1) *****

 SUM ALL THE ACTIVE ENTRIES IN THE ELEMENT TABLE 

 TABLE LABEL     TOTAL
 ERATE     0.122451E+07
 EVOL      0.745986E-08
 GMASS     0.709538E-06

 SUM ALL THE ACTIVE ENTRIES IN THE ELEMENT TABLE 

 TABLE LABEL     TOTAL
 ERATE      32411.4    
 EVOL      0.115478E-09
 GMASS     0.187140E-07
 LALPHA     177.675    
 LVOL      0.115478E-09
 ALVOL     0.102588E-09

 EXIT THE MAPDL POST1 DATABASE PROCESSOR


 ***** ROUTINE COMPLETED *****  ELAPSED TIME =       683.348



 *****  MAPDL SOLUTION ROUTINE  *****

 *****  MAPDL SOLVE    COMMAND  *****

 *** MAPDL - ENGINEERING ANALYSIS SYSTEM  RELEASE 2026 R1.02       26.1     ***
 Ansys Mechanical Enterprise Academic Research     
 01196637  VERSION=WINDOWS x64   11:17:58  SEP 18, 2026 Elapsed Time=    684.144

 testbed2--Thermique transitoire (B5)                                          

 Note - This MAPDL version was linked by Licensee

 *** MAPDL - ENGINEERING ANALYSIS SYSTEM  RELEASE 2026 R1.02       26.1     ***
 Ansys Mechanical Enterprise Academic Research     
 01196637  VERSION=WINDOWS x64   11:17:59  SEP 18, 2026 Elapsed Time=    685.418

 testbed2--Thermique transitoire (B5)                                          

 Note - This MAPDL version was linked by Licensee

 SOLUTION MONITORING INFO IS WRITTEN TO FILE= file.mntr                                                                                                                                                                                                                                                           

     HT FLOW CONVERGENCE VALUE=  0.1964E-01  CRITERION=  0.6625E-03
    EQUIL ITER   1 COMPLETED.  NEW TRIANG MATRIX.  MAX DOF INC=   13.17    
     HT FLOW CONVERGENCE VALUE=  0.2540E-02  CRITERION=  0.6623E-03
    EQUIL ITER   2 COMPLETED.  NEW TRIANG MATRIX.  MAX DOF INC=  -2.296    
     HT FLOW CONVERGENCE VALUE=  0.5639E-03  CRITERION=  0.6625E-03 <<< CONVERGED
    >>> SOLUTION CONVERGED AFTER EQUILIBRIUM ITERATION   2
 *** LOAD STEP    36   SUBSTEP     1  COMPLETED.    CUM ITER =    285
 *** TIME =   1.80000         TIME INC =  0.500000E-01
 *** RESPONSE EIGENVALUE = 0.5177       OSCILLATION LIMIT = 0.2589E-01

 *** NOTE ***                            ELAPSED TIME =     693.517   TIME= 11:18:07
 The number of multiframe restart files exceeds 4, a user specified      
 limit.  The .Rnnn file numbering will be reset to 1.                    

 FINISH SOLUTION PROCESSING


 ***** ROUTINE COMPLETED *****  ELAPSED TIME =       724.828



 *** MAPDL - ENGINEERING ANALYSIS SYSTEM  RELEASE 2026 R1.02       26.1     ***
 Ansys Mechanical Enterprise Academic Research     
 01196637  VERSION=WINDOWS x64   11:18:39  SEP 18, 2026 Elapsed Time=    724.832

 testbed2--Thermique transitoire (B5)                                          

 Note - This MAPDL version was linked by Licensee

          ***** MAPDL RESULTS INTERPRETATION (POST1) *****

 SUM ALL THE ACTIVE ENTRIES IN THE ELEMENT TABLE 

 TABLE LABEL     TOTAL
 ERATE     0.122496E+07
 EVOL      0.745986E-08
 GMASS     0.709898E-06

 SUM ALL THE ACTIVE ENTRIES IN THE ELEMENT TABLE 

 TABLE LABEL     TOTAL
 ERATE      29141.7    
 EVOL      0.115478E-09
 GMASS     0.168261E-07
 LALPHA     180.324    
 LVOL      0.115478E-09
 ALVOL     0.104117E-09

 EXIT THE MAPDL POST1 DATABASE PROCESSOR


 ***** ROUTINE COMPLETED *****  ELAPSED TIME =       725.688



 *****  MAPDL SOLUTION ROUTINE  *****

 *****  MAPDL SOLVE    COMMAND  *****

 *** MAPDL - ENGINEERING ANALYSIS SYSTEM  RELEASE 2026 R1.02       26.1     ***
 Ansys Mechanical Enterprise Academic Research     
 01196637  VERSION=WINDOWS x64   11:18:40  SEP 18, 2026 Elapsed Time=    726.425

 testbed2--Thermique transitoire (B5)                                          

 Note - This MAPDL version was linked by Licensee

 *** MAPDL - ENGINEERING ANALYSIS SYSTEM  RELEASE 2026 R1.02       26.1     ***
 Ansys Mechanical Enterprise Academic Research     
 01196637  VERSION=WINDOWS x64   11:18:42  SEP 18, 2026 Elapsed Time=    727.773

 testbed2--Thermique transitoire (B5)                                          

 Note - This MAPDL version was linked by Licensee

 SOLUTION MONITORING INFO IS WRITTEN TO FILE= file.mntr                                                                                                                                                                                                                                                           

     HT FLOW CONVERGENCE VALUE=  0.1932E-01  CRITERION=  0.6625E-03
    EQUIL ITER   1 COMPLETED.  NEW TRIANG MATRIX.  MAX DOF INC=   12.90    
     HT FLOW CONVERGENCE VALUE=  0.2468E-02  CRITERION=  0.6624E-03
    EQUIL ITER   2 COMPLETED.  NEW TRIANG MATRIX.  MAX DOF INC=  -2.207    
     HT FLOW CONVERGENCE VALUE=  0.5354E-03  CRITERION=  0.6625E-03 <<< CONVERGED
    >>> SOLUTION CONVERGED AFTER EQUILIBRIUM ITERATION   2
 *** LOAD STEP    37   SUBSTEP     1  COMPLETED.    CUM ITER =    288
 *** TIME =   1.85000         TIME INC =  0.500000E-01
 *** RESPONSE EIGENVALUE = 0.5051       OSCILLATION LIMIT = 0.2525E-01

 *** NOTE ***                            ELAPSED TIME =     735.371   TIME= 11:18:49
 The number of multiframe restart files exceeds 4, a user specified      
 limit.  The .Rnnn file numbering will be reset to 1.                    

 FINISH SOLUTION PROCESSING


 ***** ROUTINE COMPLETED *****  ELAPSED TIME =       766.268



 *** MAPDL - ENGINEERING ANALYSIS SYSTEM  RELEASE 2026 R1.02       26.1     ***
 Ansys Mechanical Enterprise Academic Research     
 01196637  VERSION=WINDOWS x64   11:19:20  SEP 18, 2026 Elapsed Time=    766.271

 testbed2--Thermique transitoire (B5)                                          

 Note - This MAPDL version was linked by Licensee

          ***** MAPDL RESULTS INTERPRETATION (POST1) *****

 SUM ALL THE ACTIVE ENTRIES IN THE ELEMENT TABLE 

 TABLE LABEL     TOTAL
 ERATE     0.122456E+07
 EVOL      0.745986E-08
 GMASS     0.709766E-06

 SUM ALL THE ACTIVE ENTRIES IN THE ELEMENT TABLE 

 TABLE LABEL     TOTAL
 ERATE      26131.3    
 EVOL      0.115478E-09
 GMASS     0.150879E-07
 LALPHA     182.700    
 LVOL      0.115478E-09
 ALVOL     0.105489E-09

 EXIT THE MAPDL POST1 DATABASE PROCESSOR


 ***** ROUTINE COMPLETED *****  ELAPSED TIME =       767.241



 *****  MAPDL SOLUTION ROUTINE  *****

 *****  MAPDL SOLVE    COMMAND  *****

 *** MAPDL - ENGINEERING ANALYSIS SYSTEM  RELEASE 2026 R1.02       26.1     ***
 Ansys Mechanical Enterprise Academic Research     
 01196637  VERSION=WINDOWS x64   11:19:22  SEP 18, 2026 Elapsed Time=    767.977

 testbed2--Thermique transitoire (B5)                                          

 Note - This MAPDL version was linked by Licensee

 *** MAPDL - ENGINEERING ANALYSIS SYSTEM  RELEASE 2026 R1.02       26.1     ***
 Ansys Mechanical Enterprise Academic Research     
 01196637  VERSION=WINDOWS x64   11:19:23  SEP 18, 2026 Elapsed Time=    769.374

 testbed2--Thermique transitoire (B5)                                          

 Note - This MAPDL version was linked by Licensee

 SOLUTION MONITORING INFO IS WRITTEN TO FILE= file.mntr                                                                                                                                                                                                                                                           

     HT FLOW CONVERGENCE VALUE=  0.1903E-01  CRITERION=  0.6627E-03
    EQUIL ITER   1 COMPLETED.  NEW TRIANG MATRIX.  MAX DOF INC=   12.66    
     HT FLOW CONVERGENCE VALUE=  0.2399E-02  CRITERION=  0.6625E-03
    EQUIL ITER   2 COMPLETED.  NEW TRIANG MATRIX.  MAX DOF INC=  -2.121    
     HT FLOW CONVERGENCE VALUE=  0.5101E-03  CRITERION=  0.6627E-03 <<< CONVERGED
    >>> SOLUTION CONVERGED AFTER EQUILIBRIUM ITERATION   2
 *** LOAD STEP    38   SUBSTEP     1  COMPLETED.    CUM ITER =    291
 *** TIME =   1.90000         TIME INC =  0.500000E-01
 *** RESPONSE EIGENVALUE = 0.4940       OSCILLATION LIMIT = 0.2470E-01

 *** NOTE ***                            ELAPSED TIME =     777.137   TIME= 11:19:31
 The number of multiframe restart files exceeds 4, a user specified      
 limit.  The .Rnnn file numbering will be reset to 1.                    

 FINISH SOLUTION PROCESSING


 ***** ROUTINE COMPLETED *****  ELAPSED TIME =       809.507



 *** MAPDL - ENGINEERING ANALYSIS SYSTEM  RELEASE 2026 R1.02       26.1     ***
 Ansys Mechanical Enterprise Academic Research     
 01196637  VERSION=WINDOWS x64   11:20:03  SEP 18, 2026 Elapsed Time=    809.513

 testbed2--Thermique transitoire (B5)                                          

 Note - This MAPDL version was linked by Licensee

          ***** MAPDL RESULTS INTERPRETATION (POST1) *****

 SUM ALL THE ACTIVE ENTRIES IN THE ELEMENT TABLE 

 TABLE LABEL     TOTAL
 ERATE     0.122343E+07
 EVOL      0.745986E-08
 GMASS     0.709208E-06

 SUM ALL THE ACTIVE ENTRIES IN THE ELEMENT TABLE 

 TABLE LABEL     TOTAL
 ERATE      23369.1    
 EVOL      0.115478E-09
 GMASS     0.134931E-07
 LALPHA     184.824    
 LVOL      0.115478E-09
 ALVOL     0.106715E-09

 EXIT THE MAPDL POST1 DATABASE PROCESSOR


 ***** ROUTINE COMPLETED *****  ELAPSED TIME =       810.477



 *****  MAPDL SOLUTION ROUTINE  *****

 *****  MAPDL SOLVE    COMMAND  *****

 *** MAPDL - ENGINEERING ANALYSIS SYSTEM  RELEASE 2026 R1.02       26.1     ***
 Ansys Mechanical Enterprise Academic Research     
 01196637  VERSION=WINDOWS x64   11:20:05  SEP 18, 2026 Elapsed Time=    811.268

 testbed2--Thermique transitoire (B5)                                          

 Note - This MAPDL version was linked by Licensee

 *** MAPDL - ENGINEERING ANALYSIS SYSTEM  RELEASE 2026 R1.02       26.1     ***
 Ansys Mechanical Enterprise Academic Research     
 01196637  VERSION=WINDOWS x64   11:20:06  SEP 18, 2026 Elapsed Time=    812.590

 testbed2--Thermique transitoire (B5)                                          

 Note - This MAPDL version was linked by Licensee

 SOLUTION MONITORING INFO IS WRITTEN TO FILE= file.mntr                                                                                                                                                                                                                                                           

     HT FLOW CONVERGENCE VALUE=  0.1876E-01  CRITERION=  0.6628E-03
    EQUIL ITER   1 COMPLETED.  NEW TRIANG MATRIX.  MAX DOF INC=   12.44    
     HT FLOW CONVERGENCE VALUE=  0.2340E-02  CRITERION=  0.6627E-03
    EQUIL ITER   2 COMPLETED.  NEW TRIANG MATRIX.  MAX DOF INC=  -2.039    
     HT FLOW CONVERGENCE VALUE=  0.4842E-03  CRITERION=  0.6628E-03 <<< CONVERGED
    >>> SOLUTION CONVERGED AFTER EQUILIBRIUM ITERATION   2
 *** LOAD STEP    39   SUBSTEP     1  COMPLETED.    CUM ITER =    294
 *** TIME =   1.95000         TIME INC =  0.500000E-01
 *** RESPONSE EIGENVALUE = 0.4840       OSCILLATION LIMIT = 0.2420E-01

 *** NOTE ***                            ELAPSED TIME =     820.066   TIME= 11:20:14
 The number of multiframe restart files exceeds 4, a user specified      
 limit.  The .Rnnn file numbering will be reset to 1.                    

 FINISH SOLUTION PROCESSING


 ***** ROUTINE COMPLETED *****  ELAPSED TIME =       850.102



 *** MAPDL - ENGINEERING ANALYSIS SYSTEM  RELEASE 2026 R1.02       26.1     ***
 Ansys Mechanical Enterprise Academic Research     
 01196637  VERSION=WINDOWS x64   11:20:44  SEP 18, 2026 Elapsed Time=    850.106

 testbed2--Thermique transitoire (B5)                                          

 Note - This MAPDL version was linked by Licensee

          ***** MAPDL RESULTS INTERPRETATION (POST1) *****

 SUM ALL THE ACTIVE ENTRIES IN THE ELEMENT TABLE 

 TABLE LABEL     TOTAL
 ERATE     0.122165E+07
 EVOL      0.745986E-08
 GMASS     0.708277E-06

 SUM ALL THE ACTIVE ENTRIES IN THE ELEMENT TABLE 

 TABLE LABEL     TOTAL
 ERATE      20843.0    
 EVOL      0.115478E-09
 GMASS     0.120345E-07
 LALPHA     186.719    
 LVOL      0.115478E-09
 ALVOL     0.107809E-09

 EXIT THE MAPDL POST1 DATABASE PROCESSOR


 ***** ROUTINE COMPLETED *****  ELAPSED TIME =       850.715



 *****  MAPDL SOLUTION ROUTINE  *****

 *****  MAPDL SOLVE    COMMAND  *****

 *** MAPDL - ENGINEERING ANALYSIS SYSTEM  RELEASE 2026 R1.02       26.1     ***
 Ansys Mechanical Enterprise Academic Research     
 01196637  VERSION=WINDOWS x64   11:20:45  SEP 18, 2026 Elapsed Time=    851.131

 testbed2--Thermique transitoire (B5)                                          

 Note - This MAPDL version was linked by Licensee

 *** MAPDL - ENGINEERING ANALYSIS SYSTEM  RELEASE 2026 R1.02       26.1     ***
 Ansys Mechanical Enterprise Academic Research     
 01196637  VERSION=WINDOWS x64   11:20:45  SEP 18, 2026 Elapsed Time=    851.465

 testbed2--Thermique transitoire (B5)                                          

 Note - This MAPDL version was linked by Licensee

 SOLUTION MONITORING INFO IS WRITTEN TO FILE= file.mntr                                                                                                                                                                                                                                                           

     HT FLOW CONVERGENCE VALUE=  0.1851E-01  CRITERION=  0.6631E-03
    EQUIL ITER   1 COMPLETED.  NEW TRIANG MATRIX.  MAX DOF INC=   12.23    
     HT FLOW CONVERGENCE VALUE=  0.2282E-02  CRITERION=  0.6630E-03
    EQUIL ITER   2 COMPLETED.  NEW TRIANG MATRIX.  MAX DOF INC=  -1.959    
     HT FLOW CONVERGENCE VALUE=  0.4616E-03  CRITERION=  0.6631E-03 <<< CONVERGED
    >>> SOLUTION CONVERGED AFTER EQUILIBRIUM ITERATION   2
 *** LOAD STEP    40   SUBSTEP     1  COMPLETED.    CUM ITER =    297
 *** TIME =   2.00000         TIME INC =  0.500000E-01
 *** RESPONSE EIGENVALUE = 0.4751       OSCILLATION LIMIT = 0.2375E-01

 *** NOTE ***                            ELAPSED TIME =     852.858   TIME= 11:20:47
 The number of multiframe restart files exceeds 4, a user specified      
 limit.  The .Rnnn file numbering will be reset to 1.                    

 FINISH SOLUTION PROCESSING


 ***** ROUTINE COMPLETED *****  ELAPSED TIME =       881.564



 *** MAPDL - ENGINEERING ANALYSIS SYSTEM  RELEASE 2026 R1.02       26.1     ***
 Ansys Mechanical Enterprise Academic Research     
 01196637  VERSION=WINDOWS x64   11:21:15  SEP 18, 2026 Elapsed Time=    881.568

 testbed2--Thermique transitoire (B5)                                          

 Note - This MAPDL version was linked by Licensee

          ***** MAPDL RESULTS INTERPRETATION (POST1) *****

 SUM ALL THE ACTIVE ENTRIES IN THE ELEMENT TABLE 

 TABLE LABEL     TOTAL
 ERATE     0.121932E+07
 EVOL      0.745986E-08
 GMASS     0.707026E-06

 SUM ALL THE ACTIVE ENTRIES IN THE ELEMENT TABLE 

 TABLE LABEL     TOTAL
 ERATE      18540.4    
 EVOL      0.115478E-09
 GMASS     0.107050E-07
 LALPHA     188.404    
 LVOL      0.115478E-09
 ALVOL     0.108783E-09

 EXIT THE MAPDL POST1 DATABASE PROCESSOR


 ***** ROUTINE COMPLETED *****  ELAPSED TIME =       882.540



 *****  MAPDL SOLUTION ROUTINE  *****

 *****  MAPDL SOLVE    COMMAND  *****

 *** MAPDL - ENGINEERING ANALYSIS SYSTEM  RELEASE 2026 R1.02       26.1     ***
 Ansys Mechanical Enterprise Academic Research     
 01196637  VERSION=WINDOWS x64   11:21:17  SEP 18, 2026 Elapsed Time=    883.324

 testbed2--Thermique transitoire (B5)                                          

 Note - This MAPDL version was linked by Licensee

 *** MAPDL - ENGINEERING ANALYSIS SYSTEM  RELEASE 2026 R1.02       26.1     ***
 Ansys Mechanical Enterprise Academic Research     
 01196637  VERSION=WINDOWS x64   11:21:19  SEP 18, 2026 Elapsed Time=    884.800

 testbed2--Thermique transitoire (B5)                                          

 Note - This MAPDL version was linked by Licensee

 SOLUTION MONITORING INFO IS WRITTEN TO FILE= file.mntr                                                                                                                                                                                                                                                           

     HT FLOW CONVERGENCE VALUE=  0.1828E-01  CRITERION=  0.6633E-03
    EQUIL ITER   1 COMPLETED.  NEW TRIANG MATRIX.  MAX DOF INC=   12.04    
     HT FLOW CONVERGENCE VALUE=  0.2219E-02  CRITERION=  0.6632E-03
    EQUIL ITER   2 COMPLETED.  NEW TRIANG MATRIX.  MAX DOF INC=  -1.884    
     HT FLOW CONVERGENCE VALUE=  0.4383E-03  CRITERION=  0.6633E-03 <<< CONVERGED
    >>> SOLUTION CONVERGED AFTER EQUILIBRIUM ITERATION   2
 *** LOAD STEP    41   SUBSTEP     1  COMPLETED.    CUM ITER =    300
 *** TIME =   2.05000         TIME INC =  0.500000E-01
 *** RESPONSE EIGENVALUE = 0.4668       OSCILLATION LIMIT = 0.2334E-01

 *** NOTE ***                            ELAPSED TIME =     893.037   TIME= 11:21:27
 The number of multiframe restart files exceeds 4, a user specified      
 limit.  The .Rnnn file numbering will be reset to 1.                    

 FINISH SOLUTION PROCESSING


 ***** ROUTINE COMPLETED *****  ELAPSED TIME =       922.051



 *** MAPDL - ENGINEERING ANALYSIS SYSTEM  RELEASE 2026 R1.02       26.1     ***
 Ansys Mechanical Enterprise Academic Research     
 01196637  VERSION=WINDOWS x64   11:21:56  SEP 18, 2026 Elapsed Time=    922.054

 testbed2--Thermique transitoire (B5)                                          

 Note - This MAPDL version was linked by Licensee

          ***** MAPDL RESULTS INTERPRETATION (POST1) *****

 SUM ALL THE ACTIVE ENTRIES IN THE ELEMENT TABLE 

 TABLE LABEL     TOTAL
 ERATE     0.121652E+07
 EVOL      0.745986E-08
 GMASS     0.705499E-06

 SUM ALL THE ACTIVE ENTRIES IN THE ELEMENT TABLE 

 TABLE LABEL     TOTAL
 ERATE      16448.3    
 EVOL      0.115478E-09
 GMASS     0.949708E-08
 LALPHA     189.900    
 LVOL      0.115478E-09
 ALVOL     0.109646E-09

 EXIT THE MAPDL POST1 DATABASE PROCESSOR


 ***** ROUTINE COMPLETED *****  ELAPSED TIME =       922.612



 *****  MAPDL SOLUTION ROUTINE  *****

 *****  MAPDL SOLVE    COMMAND  *****

 *** MAPDL - ENGINEERING ANALYSIS SYSTEM  RELEASE 2026 R1.02       26.1     ***
 Ansys Mechanical Enterprise Academic Research     
 01196637  VERSION=WINDOWS x64   11:21:57  SEP 18, 2026 Elapsed Time=    923.019

 testbed2--Thermique transitoire (B5)                                          

 Note - This MAPDL version was linked by Licensee

 *** MAPDL - ENGINEERING ANALYSIS SYSTEM  RELEASE 2026 R1.02       26.1     ***
 Ansys Mechanical Enterprise Academic Research     
 01196637  VERSION=WINDOWS x64   11:21:57  SEP 18, 2026 Elapsed Time=    923.339

 testbed2--Thermique transitoire (B5)                                          

 Note - This MAPDL version was linked by Licensee

 SOLUTION MONITORING INFO IS WRITTEN TO FILE= file.mntr                                                                                                                                                                                                                                                           

     HT FLOW CONVERGENCE VALUE=  0.1806E-01  CRITERION=  0.6636E-03
    EQUIL ITER   1 COMPLETED.  NEW TRIANG MATRIX.  MAX DOF INC=   11.86    
     HT FLOW CONVERGENCE VALUE=  0.2168E-02  CRITERION=  0.6636E-03
    EQUIL ITER   2 COMPLETED.  NEW TRIANG MATRIX.  MAX DOF INC=  -1.812    
     HT FLOW CONVERGENCE VALUE=  0.4180E-03  CRITERION=  0.6637E-03 <<< CONVERGED
    >>> SOLUTION CONVERGED AFTER EQUILIBRIUM ITERATION   2
 *** LOAD STEP    42   SUBSTEP     1  COMPLETED.    CUM ITER =    303
 *** TIME =   2.10000         TIME INC =  0.500000E-01
 *** RESPONSE EIGENVALUE = 0.4594       OSCILLATION LIMIT = 0.2297E-01

 *** NOTE ***                            ELAPSED TIME =     924.749   TIME= 11:21:59
 The number of multiframe restart files exceeds 4, a user specified      
 limit.  The .Rnnn file numbering will be reset to 1.                    

 FINISH SOLUTION PROCESSING


 ***** ROUTINE COMPLETED *****  ELAPSED TIME =       933.296



 *** MAPDL - ENGINEERING ANALYSIS SYSTEM  RELEASE 2026 R1.02       26.1     ***
 Ansys Mechanical Enterprise Academic Research     
 01196637  VERSION=WINDOWS x64   11:22:07  SEP 18, 2026 Elapsed Time=    933.300

 testbed2--Thermique transitoire (B5)                                          

 Note - This MAPDL version was linked by Licensee

          ***** MAPDL RESULTS INTERPRETATION (POST1) *****

 SUM ALL THE ACTIVE ENTRIES IN THE ELEMENT TABLE 

 TABLE LABEL     TOTAL
 ERATE     0.121330E+07
 EVOL      0.745986E-08
 GMASS     0.703739E-06

 SUM ALL THE ACTIVE ENTRIES IN THE ELEMENT TABLE 

 TABLE LABEL     TOTAL
 ERATE      14553.6    
 EVOL      0.115478E-09
 GMASS     0.840308E-08
 LALPHA     191.223    
 LVOL      0.115478E-09
 ALVOL     0.110410E-09

 EXIT THE MAPDL POST1 DATABASE PROCESSOR


 ***** ROUTINE COMPLETED *****  ELAPSED TIME =       934.125



 *****  MAPDL SOLUTION ROUTINE  *****

 *****  MAPDL SOLVE    COMMAND  *****

 *** MAPDL - ENGINEERING ANALYSIS SYSTEM  RELEASE 2026 R1.02       26.1     ***
 Ansys Mechanical Enterprise Academic Research     
 01196637  VERSION=WINDOWS x64   11:22:09  SEP 18, 2026 Elapsed Time=    934.883

 testbed2--Thermique transitoire (B5)                                          

 Note - This MAPDL version was linked by Licensee

 *** MAPDL - ENGINEERING ANALYSIS SYSTEM  RELEASE 2026 R1.02       26.1     ***
 Ansys Mechanical Enterprise Academic Research     
 01196637  VERSION=WINDOWS x64   11:22:10  SEP 18, 2026 Elapsed Time=    936.304

 testbed2--Thermique transitoire (B5)                                          

 Note - This MAPDL version was linked by Licensee

 SOLUTION MONITORING INFO IS WRITTEN TO FILE= file.mntr                                                                                                                                                                                                                                                           

     HT FLOW CONVERGENCE VALUE=  0.1786E-01  CRITERION=  0.6640E-03
    EQUIL ITER   1 COMPLETED.  NEW TRIANG MATRIX.  MAX DOF INC=   11.69    
     HT FLOW CONVERGENCE VALUE=  0.2115E-02  CRITERION=  0.6639E-03
    EQUIL ITER   2 COMPLETED.  NEW TRIANG MATRIX.  MAX DOF INC=  -1.743    
     HT FLOW CONVERGENCE VALUE=  0.3976E-03  CRITERION=  0.6640E-03 <<< CONVERGED
    >>> SOLUTION CONVERGED AFTER EQUILIBRIUM ITERATION   2
 *** LOAD STEP    43   SUBSTEP     1  COMPLETED.    CUM ITER =    306
 *** TIME =   2.15000         TIME INC =  0.500000E-01
 *** RESPONSE EIGENVALUE = 0.4525       OSCILLATION LIMIT = 0.2262E-01

 *** NOTE ***                            ELAPSED TIME =     944.570   TIME= 11:22:18
 The number of multiframe restart files exceeds 4, a user specified      
 limit.  The .Rnnn file numbering will be reset to 1.                    

 FINISH SOLUTION PROCESSING


 ***** ROUTINE COMPLETED *****  ELAPSED TIME =       978.118



 *** MAPDL - ENGINEERING ANALYSIS SYSTEM  RELEASE 2026 R1.02       26.1     ***
 Ansys Mechanical Enterprise Academic Research     
 01196637  VERSION=WINDOWS x64   11:22:52  SEP 18, 2026 Elapsed Time=    978.122

 testbed2--Thermique transitoire (B5)                                          

 Note - This MAPDL version was linked by Licensee

          ***** MAPDL RESULTS INTERPRETATION (POST1) *****

 SUM ALL THE ACTIVE ENTRIES IN THE ELEMENT TABLE 

 TABLE LABEL     TOTAL
 ERATE     0.120975E+07
 EVOL      0.745986E-08
 GMASS     0.701778E-06

 SUM ALL THE ACTIVE ENTRIES IN THE ELEMENT TABLE 

 TABLE LABEL     TOTAL
 ERATE      12843.0    
 EVOL      0.115478E-09
 GMASS     0.741543E-08
 LALPHA     192.390    
 LVOL      0.115478E-09
 ALVOL     0.111084E-09

 EXIT THE MAPDL POST1 DATABASE PROCESSOR


 ***** ROUTINE COMPLETED *****  ELAPSED TIME =       979.067



 *****  MAPDL SOLUTION ROUTINE  *****

 *****  MAPDL SOLVE    COMMAND  *****

 *** MAPDL - ENGINEERING ANALYSIS SYSTEM  RELEASE 2026 R1.02       26.1     ***
 Ansys Mechanical Enterprise Academic Research     
 01196637  VERSION=WINDOWS x64   11:22:54  SEP 18, 2026 Elapsed Time=    980.001

 testbed2--Thermique transitoire (B5)                                          

 Note - This MAPDL version was linked by Licensee

 *** MAPDL - ENGINEERING ANALYSIS SYSTEM  RELEASE 2026 R1.02       26.1     ***
 Ansys Mechanical Enterprise Academic Research     
 01196637  VERSION=WINDOWS x64   11:22:55  SEP 18, 2026 Elapsed Time=    981.478

 testbed2--Thermique transitoire (B5)                                          

 Note - This MAPDL version was linked by Licensee

 SOLUTION MONITORING INFO IS WRITTEN TO FILE= file.mntr                                                                                                                                                                                                                                                           

     HT FLOW CONVERGENCE VALUE=  0.1767E-01  CRITERION=  0.6643E-03
    EQUIL ITER   1 COMPLETED.  NEW TRIANG MATRIX.  MAX DOF INC=   11.53    
     HT FLOW CONVERGENCE VALUE=  0.2058E-02  CRITERION=  0.6643E-03
    EQUIL ITER   2 COMPLETED.  NEW TRIANG MATRIX.  MAX DOF INC=  -1.676    
     HT FLOW CONVERGENCE VALUE=  0.3794E-03  CRITERION=  0.6643E-03 <<< CONVERGED
    >>> SOLUTION CONVERGED AFTER EQUILIBRIUM ITERATION   2
 *** LOAD STEP    44   SUBSTEP     1  COMPLETED.    CUM ITER =    309
 *** TIME =   2.20000         TIME INC =  0.500000E-01
 *** RESPONSE EIGENVALUE = 0.4462       OSCILLATION LIMIT = 0.2231E-01

 *** NOTE ***                            ELAPSED TIME =     989.457   TIME= 11:23:03
 The number of multiframe restart files exceeds 4, a user specified      
 limit.  The .Rnnn file numbering will be reset to 1.                    

 FINISH SOLUTION PROCESSING
