
 Ansys Mechanical Enterprise Academic Research     


 *------------------------------------------------------------------*
 |                                                                  |
 |   W E L C O M E   T O   T H E   A N S Y S (R)  P R O G R A M     |
 |                                                                  |
 *------------------------------------------------------------------*




 ***************************************************************
 *         ANSYS MAPDL 2026 R1.02       LEGAL NOTICES          *
 ***************************************************************
 *                                                             *
 * Copyright (c) 2026 Synopsys, Inc. and ANSYS, Inc.           *
 * All rights reserved.                                        *
 * Unauthorized use, distribution or duplication is            *
 * prohibited.                                                 *
 *                                                             *
 * Ansys is a registered trademark of Ansys, Inc. or its       *
 * subsidiaries in the United States or other countries.       *
 * See the Ansys, Inc. online documentation or the Ansys, Inc. *
 * documentation CD or online help for the complete Legal      *
 * Notice.                                                     *
 *                                                             *
 ***************************************************************
 *                                                             *
 * THIS ANSYS SOFTWARE PRODUCT AND PROGRAM DOCUMENTATION       *
 * INCLUDE TRADE SECRETS AND CONFIDENTIAL AND PROPRIETARY      *
 * PRODUCTS OF ANSYS, INC., ITS SUBSIDIARIES, OR LICENSORS.    *
 * The software products and documentation are furnished by    *
 * Ansys, Inc. or its subsidiaries under a software license    *
 * agreement that contains provisions concerning               *
 * non-disclosure, copying, length and nature of use,          *
 * compliance with exporting laws, warranties, disclaimers,    *
 * limitations of liability, and remedies, and other           *
 * provisions.  The software products and documentation may be *
 * used, disclosed, transferred, or copied only in accordance  *
 * with the terms and conditions of that software license      *
 * agreement.                                                  *
 *                                                             *
 * Ansys, Inc. is a UL registered                              *
 * ISO 9001:2015 company.                                      *
 *                                                             *
 ***************************************************************
 *                                                             *
 * This product is subject to U.S. laws governing export and   *
 * re-export.                                                  *
 *                                                             *
 * For U.S. Government users, except as specifically granted   *
 * by the Ansys, Inc. software license agreement, the use,     *
 * duplication, or disclosure by the United States Government  *
 * is subject to restrictions stated in the Ansys, Inc.        *
 * software license agreement and FAR 12.212 (for non-DOD      *
 * licenses).                                                  *
 *                                                             *
 ***************************************************************

 2026 R1.02  
     
 Point Releases and Patches installed:   
     
 Ansys Service Pack 2026 R1.01   
 Ansys Service Pack 2026 R1.02   
 Ansys, Inc. License Manager 2026 R1 
 Ansys, Inc. License Manager 2026 R1.01  
 Ansys, Inc. License Manager 2026 R1.02  
 Discovery (reduced install) 2026 R1 
 Discovery (reduced install) 2026 R1.01  
 Discovery (reduced install) 2026 R1.02  
 Core WB Files 2026 R1   
 Core WB Files 2026 R1.01
 Core WB Files 2026 R1.02
 BladeModeler 2026 R1
 BladeModeler 2026 R1.01 
 BladeModeler 2026 R1.02 
 CFX (includes CFD-Post) 2026 R1 
 CFX (includes CFD-Post) 2026 R1.01  
 CFX (includes CFD-Post) 2026 R1.02  
 CFD-Post only 2026 R1   
 CFD-Post only 2026 R1.01
 CFD-Post only 2026 R1.02
 Chemkin 2026 R1 
 Chemkin 2026 R1.01  
 Chemkin 2026 R1.02  
 EnSight 2026 R1 
 EnSight 2026 R1.01  
 EnSight 2026 R1.02  
 FENSAP-ICE 2026 R1  
 FENSAP-ICE 2026 R1.01   
 FENSAP-ICE 2026 R1.02   
 Fluent (includes CFD-Post) 2026 R1  
 Fluent (includes CFD-Post) 2026 R1.01   
 Fluent (includes CFD-Post) 2026 R1.02   
 Polyflow (includes CFD-Post) 2026 R1
 Polyflow (includes CFD-Post) 2026 R1.01 
 Polyflow (includes CFD-Post) 2026 R1.02 
 Forte (includes EnSight) 2026 R1
 Forte (includes EnSight) 2026 R1.01 
 Forte (includes EnSight) 2026 R1.02 
 ICEM CFD 2026 R1
 ICEM CFD 2026 R1.01 
 ICEM CFD 2026 R1.02 
 RBF Morph Fluids UDF 2026 R1
 RBF Morph Fluids UDF 2026 R1.01 
 RBF Morph Fluids UDF 2026 R1.02 
 RBF Morph Libraries 2026 R1 
 RBF Morph Libraries 2026 R1.01  
 RBF Morph Libraries 2026 R1.02  
 Rocky 2026 R1   
 Rocky 2026 R1.01
 Rocky 2026 R1.02
 Thermal Desktop: AutoCAD 2026 R1
 Thermal Desktop: AutoCAD 2026 R1.01 
 Thermal Desktop: AutoCAD 2026 R1.02 
 Thermal Desktop: Thermal Desktop and TD Designer  2026 R1   
 Thermal Desktop: Thermal Desktop and TD Designer  2026 R1.01
 Thermal Desktop: Thermal Desktop and TD Designer  2026 R1.02
 Thermal Desktop: Sinda Solver 2026 R1   
 Thermal Desktop: Sinda Solver 2026 R1.01
 Thermal Desktop: Sinda Solver 2026 R1.02
 TurboGrid 2026 R1   
 TurboGrid 2026 R1.01
 TurboGrid 2026 R1.02
 Granta EduPack 2026 R1  
 Granta EduPack 2026 R1.01   
 Granta EduPack 2026 R1.02   
 Granta Selector 2026 R1 
 Granta Selector 2026 R1.01  
 Granta Selector 2026 R1.02  
 Dynamic Reporting 2026 R1   
 Dynamic Reporting 2026 R1.01
 Dynamic Reporting 2026 R1.02
 Remote Solve Manager Standalone Services 2026 R1
 Remote Solve Manager Standalone Services 2026 R1.01 
 Remote Solve Manager Standalone Services 2026 R1.02 
 Aqwa 2026 R1
 Aqwa 2026 R1.01 
 Aqwa 2026 R1.02 
 Autodyn 2026 R1 
 Autodyn 2026 R1.01  
 Autodyn 2026 R1.02  
 Customization Files for User Programmable Features 2026 R1  
 Customization Files for User Programmable Features 2026 R1.01   
 Customization Files for User Programmable Features 2026 R1.02   
 LS-DYNA 2026 R1 
 LS-DYNA 2026 R1.01  
 LS-DYNA 2026 R1.02  
 Material Calibration App 2026 R1
 Material Calibration App 2026 R1.01 
 Material Calibration App 2026 R1.02 
 Material Designer 2026 R1   
 Material Designer 2026 R1.01
 Material Designer 2026 R1.02
 Mechanical Products 2026 R1 
 Mechanical Products 2026 R1.01  
 Mechanical Products 2026 R1.02  
 Motion 2026 R1  
 Motion 2026 R1.01   
 Motion 2026 R1.02   
 RBF Morph 2026 R1   
 RBF Morph 2026 R1.01
 RBF Morph 2026 R1.02
 Sherlock 2026 R1
 Sherlock 2026 R1.01 
 Sherlock 2026 R1.02 
 Sound - SAS 2026 R1 
 Sound - SAS 2026 R1.01  
 Sound - SAS 2026 R1.02  
 ACIS Geometry Interface 2026 R1 
 ACIS Geometry Interface 2026 R1.01  
 ACIS Geometry Interface 2026 R1.02  
 AutoCAD Geometry Interface 2026 R1  
 AutoCAD Geometry Interface 2026 R1.01   
 AutoCAD Geometry Interface 2026 R1.02   
 Catia, Version 4 Geometry Interface 2026 R1 
 Catia, Version 4 Geometry Interface 2026 R1.01  
 Catia, Version 4 Geometry Interface 2026 R1.02  
 Catia, Version 5 Geometry Interface 2026 R1 
 Catia, Version 5 Geometry Interface 2026 R1.01  
 Catia, Version 5 Geometry Interface 2026 R1.02  
 Catia, Version 6 Geometry Interface 2026 R1 
 Catia, Version 6 Geometry Interface 2026 R1.01  
 Catia, Version 6 Geometry Interface 2026 R1.02  
 Creo Elements/Direct Modeling Geometry Interface 2026 R1
 Creo Elements/Direct Modeling Geometry Interface 2026 R1.01 
 Creo Elements/Direct Modeling Geometry Interface 2026 R1.02 
 Creo Parametric Geometry Interface 2026 R1  
 Creo Parametric Geometry Interface 2026 R1.01   
 Creo Parametric Geometry Interface 2026 R1.02   
 Inventor Geometry Interface 2026 R1 
 Inventor Geometry Interface 2026 R1.01  
 Inventor Geometry Interface 2026 R1.02  
 JTOpen Geometry Interface 2026 R1   
 JTOpen Geometry Interface 2026 R1.01
 JTOpen Geometry Interface 2026 R1.02
 NX Geometry Interface 2026 R1   
 NX Geometry Interface 2026 R1.01
 NX Geometry Interface 2026 R1.02
 Parasolid Geometry Interface  2026 R1   
 Parasolid Geometry Interface  2026 R1.01
 Parasolid Geometry Interface  2026 R1.02
 Solid Edge Geometry Interface 2026 R1   
 Solid Edge Geometry Interface 2026 R1.01
 Solid Edge Geometry Interface 2026 R1.02
 SOLIDWORKS Geometry Interface 2026 R1   
 SOLIDWORKS Geometry Interface 2026 R1.01
 SOLIDWORKS Geometry Interface 2026 R1.02


          *****  MAPDL COMMAND LINE ARGUMENTS  *****
  INITIAL JOBNAME              = file                                                                                                                                                                                                                                                    
  BATCH MODE REQUESTED (-b)    = NOLIST
  INPUT FILE COPY MODE (-c)    = COPY
  DISTRIBUTED MEMORY PARALLEL REQUESTED
      12 PARALLEL PROCESSES REQUESTED WITH SINGLE THREAD PER PROCESS
    TOTAL OF    12 CORES REQUESTED
  INPUT FILE NAME              = C:\Temp\PCBRV_20261005_X_local_v2\run.dat
  OUTPUT FILE NAME             = C:\Temp\PCBRV_20261005_X_local_v2\solve.out
  START-UP FILE MODE           = NOREAD
  STOP FILE MODE               = NOREAD

 RELEASE= 2026 R1.02           BUILD= 26.1      UP20260202   VERSION=WINDOWS x64 
 CURRENT JOBNAME=file0  11:21:05  OCT 05, 2026  Elapsed Time=       0.156




 *** NOTE ***                            ELAPSED TIME =       9.481   TIME= 11:21:09
 The /CONFIG,NOELDB command is not valid in a distributed memory         
 parallel solution.  Command is ignored.                                 

 *GET  _WALLSTRT  FROM  ACTI  ITEM=TIME WALL  VALUE= 0.265381637E-02
 *********** Resuming The ANSYS db File from Modal Solution ***********

 RESUME ANSYS DATA FROM FILE NAME=file.db                                                                                                                                                                                                                                                             

 *** MAPDL GLOBAL STATUS *** 

 TITLE = powerboardsim_v1--RANDOM VIBE - expanded prestressed modal basis (C5) 
 ANALYSIS TYPE =  MODAL                
       646 ELEM TYPES DEFINED    MAX ELEM TYPE NUMBER =           651
    248516 ELEMENTS DEFINED      MAX ELEMENT NUMBER =          341323
    369590 NODES DEFINED         MAX NODE NUMBER =             379902
       208 MATERIALS DEFINED     MAX MATERIAL NUMBER =            208
       426 REAL CONSTS DEFINED   MAX REAL CONST NUMBER =          651
         6 SECTIONS DEFINED      MAX SECTION NUMBER =             649
         6 COORD SYS DEFINED     MAX COORD SYS NUMBER =            17
 
 ACTIVE COORDINATE SYSTEM             =          0  (CARTESIAN)
 NUMBER OF DEFINED NODAL CONSTRAINTS  =       2349
 NUMBER OF DEFINED NODAL LOADS        =          0
 NUMBER OF DEFINED COMPONENTS         =         20
 NUMBER OF DEFINED ELEM SURFACE LOADS =          0
 NUMBER OF DEFINED ELEM BODY LOADS    =          0
 NUMBER OF DEFINED NODE BODY FORCES   =          0
 CURRENT LOAD CASE =      0 OF      0
 LOAD SET   =       1
 SUBSTEP    =      38
 TIME/FREQ  =    2.0000    

 INITIAL JOBNAME = file
 CURRENT JOBNAME = file

 TITLE= 
 powerboardsim_v1--RANDOM VIBE - X - 2pct damping (F5)                         

  ACT Extensions:
      LSDYNA, 2026.1
      5f463412-bd3e-484b-87e7-cbc0a665e474, wbex
      ANSYSMotion, 2026.1
      20180725-3f81-49eb-9f31-41364844c769, wbex
      BoltTools, 2024.1
      e58f9c27-8401-45e5-83b8-72af00fdd1a2, wbex
      Sherlock_App, 2026.1
      22267810-43dd-444c-b69c-948d1736da5a, wbex

 *****  MAPDL SOLUTION ROUTINE  *****

 SET PARAMETER DIMENSIONS ON  _WB_PROJECTSCRATCH_DIR_PSD
  TYPE=STRI  DIMENSIONS=      248        1        1

 PARAMETER _WB_PROJECTSCRATCH_DIR_PSD(1) = C:\Temp\PCBRV_20261005_X_local_v2\

 SET PARAMETER DIMENSIONS ON  _WB_SOLVERFILES_DIR_PSD
  TYPE=STRI  DIMENSIONS=      248        1        1

 PARAMETER _WB_SOLVERFILES_DIR_PSD(1) = C:\Temp\PCBRV_20261005_X_local_v2\

 SET PARAMETER DIMENSIONS ON  _WB_USERFILES_DIR_PSD
  TYPE=STRI  DIMENSIONS=      248        1        1

 PARAMETER _WB_USERFILES_DIR_PSD(1) = Z:\Developer\MIT_Rkt_Team\2026-7\MIT-RT-26_27-Work\simulation_work\avionics\powerboardsim\1\powerboardsim_v1_files\user_files\

 Graphical-Solution-Tracking set to ON
 For /MENU,ON or /MENU,GRPH operations, GST ToFile option is ON  

 FINISH SOLUTION PROCESSING


 ***** ROUTINE COMPLETED *****  ELAPSED TIME =        10.511



 *GET  _NUMNODE  FROM  NODE  ITEM=COUN       VALUE=  369590.000     

 *GET  _NUMELEM  FROM  ELEM  ITEM=COUN           VALUE=  248516.000    

 *GET  _MAXELEMNUM  FROM  ELEM  ITEM=NUM  MAX       VALUE=  341323.000    

 *GET  _MAXNODENUM  FROM  NODE  ITEM=NUM  MAX   VALUE=  379902.000     

 *GET  _MAXELEMTYPE  FROM  ETYP  ITEM=NUM  MAX   VALUE=  651.000000    

 *GET  _MAXREALCONST  FROM  RCON  ITEM=NUM  MAX   VALUE=  651.000000    
 --- Number of total nodes = 369590
 --- Number of contact elements = 150810
 --- Number of spring elements = 0
 --- Number of bearing elements = 0
 --- Number of solid elements = 112902
 --- Number of condensed parts = 0
 --- Number of total elements = 248516

 *GET  _WALLBSOL  FROM  ACTI  ITEM=TIME WALL  VALUE= 0.292909814E-02

 *****  MAPDL SOLUTION ROUTINE  *****


 PERFORM A SPECTRUM ANALYSIS
  THIS WILL BE A NEW ANALYSIS

 *** NOTE ***                            ELAPSED TIME =      10.545   TIME= 11:21:10
 Some analysis options have been reset to their defaults.  Please verify 
 current settings or respecify as required.                              

 CONTACT PAIR INFO IS WRITTEN TO FILE= file.cnm                                                                                                                                                                                                                                                            


 USE PSD RESPONSE SPECTRUM
  USE ALL MODES FROM THE MODAL ANALYSIS
  INCLUDE STRESS RESPONSES IN THE CALCULATIONS
  PSD INTEGRATION WILL BE PERFORMED IN CLOSED FORM

 DAMPING RATIO =      0.0200

 COMBINE MODES USING THE PSD METHOD
  WHOSE SIGNIFICANCE LEVEL EXCEEDS THE THRESHOLD OF   0.0000    
      ALL MODES FROM THE MODAL ANALYSIS ARE SELECTED FOR COMBINATION.

 PSD RESULT QUANTITIES     DISP    VELO    ACEL
                           REL      NO      NO 
 MODAL RESPONSE PSD SAVED   NO      NO      NO 

 PSD RESULT QUANTITIES     DISP    VELO    ACEL
                           REL     ABS      NO 
 MODAL RESPONSE PSD SAVED   NO      NO      NO 

 PSD RESULT QUANTITIES     DISP    VELO    ACEL
                           REL     ABS     ABS 
 MODAL RESPONSE PSD SAVED   NO      NO      NO 
 CMBLOCK read of NODE component USERSELFSU                                                                                                                                                                                                                                                        completed

 SELECT      COMPONENT USERSELFSU                                                                                                                                                                                                                                                      

 RESELECT     FOR ITEM=D    COMPONENT=UX    BETWEEN  0.0000     AND   0.0000    
   KABS=  0.  TOLERANCE= 0.100000E-05

        781  NODES (OF     369590  DEFINED) SELECTED BY  NSEL  COMMAND.

 SPECIFIED CONSTRAINT UX   FOR SELECTED NODES            1 TO      379902 BY           1
 REAL=  1.00000000       IMAG=  0.00000000    

 ALL SELECT   FOR ITEM=NODE COMPONENT=    
  IN RANGE         1 TO     379902 STEP          1

     369590  NODES (OF     369590  DEFINED) SELECTED BY NSEL  COMMAND.

 ALSO SELECT ALL COMPONENTS

 PSD TYPE FOR TABLE NUMBER  1 IS ACEL

 ROW NUMBER =  1  COLUMN NUMBER =  1
   PSDFRQ =    20.000        50.000        800.00        2000.0    


 PSD VALUES (DIAGONAL) FOR TABLE  1
   PSDVAL =    2.5004        15.387        15.387        2.5004    


 PARAMETER _MECHOBJID =     4139.000000    

 PARAMETER _MECHANALYSISSTEP =     0.000000000    

 SET PARAMETER DIMENSIONS ON  _APDLBOLTCSIDS
  TYPE=ARRA  DIMENSIONS=        1        1        1

 *** WARNING ***                         ELAPSED TIME =      10.557   TIME= 11:21:10
 Parameter _APDLBOLTCSIDS already exists.  It is deleted and redefined   
 by the *DIM command.                                                    

 PARAMETER _APDLBOLTCSIDS(1) =     12.00000000    

 PARAMETER _BOLTZLOC =     0.000000000    

 PARAMETER _NUTWASHERZLOC =     0.000000000    

 PARAMETER _NUTZLOC =     0.000000000    

 PARAMETER PBINDEX =     1.000000000    

 PARAMETER PBBODY = PCB670_01_BODY  

 PARAMETER PBSHAFT = PCB670_01_SHAFT 

 PARAMETER PBHOLE = PCB670_01_HOLE  
 ****** Sending PCB_ExistingBolt_670N.xml at ASSEMBLY Level as Bolt ******

 PARAMETER PARTNAMEINASSEMBLY = Bolt    

 PARAMETER INPUTLEVEL = ASSEMBLY

 PARAMETER PARTFILENAME = PCB_ExistingBolt_670N.xml       

 PARAMETER PBLOAD =     750.0000000    

 *GET  PBANALYSIS  FROM  ACTI  ITEM=ANTY       VALUE=  8.00000000    

 *IF  PBAnalysis  ( =   8.00000     )  EQ  
      0  ( =   0.00000     )  THEN    

 *ENDIF

 SELECT ALL ENTITIES OF TYPE= ALL  AND BELOW
 Done Sending PCB_ExistingBolt_670N.xml at ASSEMBLY Level as Bolt

 PARAMETER _MECHOBJID =     4147.000000    

 PARAMETER _MECHANALYSISSTEP =     0.000000000    

 SET PARAMETER DIMENSIONS ON  _APDLBOLTCSIDS
  TYPE=ARRA  DIMENSIONS=        1        1        1

 *** WARNING ***                         ELAPSED TIME =      10.558   TIME= 11:21:10
 Parameter _APDLBOLTCSIDS already exists.  It is deleted and redefined   
 by the *DIM command.                                                    

 PARAMETER _APDLBOLTCSIDS(1) =     12.00000000    

 PARAMETER _BOLTZLOC =     0.000000000    

 PARAMETER _NUTWASHERZLOC =     0.000000000    

 PARAMETER _NUTZLOC =     0.000000000    

 PARAMETER PBINDEX =     2.000000000    

 PARAMETER PBBODY = PCB670_02_BODY  

 PARAMETER PBSHAFT = PCB670_02_SHAFT 

 PARAMETER PBHOLE = PCB670_02_HOLE  
 ****** Sending PCB_ExistingBolt_670N.xml at ASSEMBLY Level as Bolt ******

 PARAMETER PARTNAMEINASSEMBLY = Bolt    

 PARAMETER INPUTLEVEL = ASSEMBLY

 PARAMETER PARTFILENAME = PCB_ExistingBolt_670N.xml       

 PARAMETER PBLOAD =     750.0000000    

 *GET  PBANALYSIS  FROM  ACTI  ITEM=ANTY       VALUE=  8.00000000    

 *IF  PBAnalysis  ( =   8.00000     )  EQ  
      0  ( =   0.00000     )  THEN    

 *ENDIF

 SELECT ALL ENTITIES OF TYPE= ALL  AND BELOW
 Done Sending PCB_ExistingBolt_670N.xml at ASSEMBLY Level as Bolt

 PARAMETER _MECHOBJID =     4155.000000    

 PARAMETER _MECHANALYSISSTEP =     0.000000000    

 SET PARAMETER DIMENSIONS ON  _APDLBOLTCSIDS
  TYPE=ARRA  DIMENSIONS=        1        1        1

 *** WARNING ***                         ELAPSED TIME =      10.559   TIME= 11:21:10
 Parameter _APDLBOLTCSIDS already exists.  It is deleted and redefined   
 by the *DIM command.                                                    

 PARAMETER _APDLBOLTCSIDS(1) =     12.00000000    

 PARAMETER _BOLTZLOC =     0.000000000    

 PARAMETER _NUTWASHERZLOC =     0.000000000    

 PARAMETER _NUTZLOC =     0.000000000    

 PARAMETER PBINDEX =     3.000000000    

 PARAMETER PBBODY = PCB670_03_BODY  

 PARAMETER PBSHAFT = PCB670_03_SHAFT 

 PARAMETER PBHOLE = PCB670_03_HOLE  
 ****** Sending PCB_ExistingBolt_670N.xml at ASSEMBLY Level as Bolt ******

 PARAMETER PARTNAMEINASSEMBLY = Bolt    

 PARAMETER INPUTLEVEL = ASSEMBLY

 PARAMETER PARTFILENAME = PCB_ExistingBolt_670N.xml       

 PARAMETER PBLOAD =     750.0000000    

 *GET  PBANALYSIS  FROM  ACTI  ITEM=ANTY       VALUE=  8.00000000    

 *IF  PBAnalysis  ( =   8.00000     )  EQ  
      0  ( =   0.00000     )  THEN    

 *ENDIF

 SELECT ALL ENTITIES OF TYPE= ALL  AND BELOW
 Done Sending PCB_ExistingBolt_670N.xml at ASSEMBLY Level as Bolt

 PARAMETER _MECHOBJID =     4163.000000    

 PARAMETER _MECHANALYSISSTEP =     0.000000000    

 SET PARAMETER DIMENSIONS ON  _APDLBOLTCSIDS
  TYPE=ARRA  DIMENSIONS=        1        1        1

 *** WARNING ***                         ELAPSED TIME =      10.561   TIME= 11:21:10
 Parameter _APDLBOLTCSIDS already exists.  It is deleted and redefined   
 by the *DIM command.                                                    

 PARAMETER _APDLBOLTCSIDS(1) =     12.00000000    

 PARAMETER _BOLTZLOC =     0.000000000    

 PARAMETER _NUTWASHERZLOC =     0.000000000    

 PARAMETER _NUTZLOC =     0.000000000    

 PARAMETER PBINDEX =     4.000000000    

 PARAMETER PBBODY = PCB670_04_BODY  

 PARAMETER PBSHAFT = PCB670_04_SHAFT 

 PARAMETER PBHOLE = PCB670_04_HOLE  
 ****** Sending PCB_ExistingBolt_670N.xml at ASSEMBLY Level as Bolt ******

 PARAMETER PARTNAMEINASSEMBLY = Bolt    

 PARAMETER INPUTLEVEL = ASSEMBLY

 PARAMETER PARTFILENAME = PCB_ExistingBolt_670N.xml       

 PARAMETER PBLOAD =     750.0000000    

 *GET  PBANALYSIS  FROM  ACTI  ITEM=ANTY       VALUE=  8.00000000    

 *IF  PBAnalysis  ( =   8.00000     )  EQ  
      0  ( =   0.00000     )  THEN    

 *ENDIF

 SELECT ALL ENTITIES OF TYPE= ALL  AND BELOW
 Done Sending PCB_ExistingBolt_670N.xml at ASSEMBLY Level as Bolt

 PARAMETER _MECHOBJID =     4171.000000    

 PARAMETER _MECHANALYSISSTEP =     0.000000000    

 SET PARAMETER DIMENSIONS ON  _APDLBOLTCSIDS
  TYPE=ARRA  DIMENSIONS=        1        1        1

 *** WARNING ***                         ELAPSED TIME =      10.562   TIME= 11:21:10
 Parameter _APDLBOLTCSIDS already exists.  It is deleted and redefined   
 by the *DIM command.                                                    

 PARAMETER _APDLBOLTCSIDS(1) =     12.00000000    

 PARAMETER _BOLTZLOC =     0.000000000    

 PARAMETER _NUTWASHERZLOC =     0.000000000    

 PARAMETER _NUTZLOC =     0.000000000    

 PARAMETER PBINDEX =     5.000000000    

 PARAMETER PBBODY = PCB670_05_BODY  

 PARAMETER PBSHAFT = PCB670_05_SHAFT 

 PARAMETER PBHOLE = PCB670_05_HOLE  
 ****** Sending PCB_ExistingBolt_670N.xml at ASSEMBLY Level as Bolt ******

 PARAMETER PARTNAMEINASSEMBLY = Bolt    

 PARAMETER INPUTLEVEL = ASSEMBLY

 PARAMETER PARTFILENAME = PCB_ExistingBolt_670N.xml       

 PARAMETER PBLOAD =     750.0000000    

 *GET  PBANALYSIS  FROM  ACTI  ITEM=ANTY       VALUE=  8.00000000    

 *IF  PBAnalysis  ( =   8.00000     )  EQ  
      0  ( =   0.00000     )  THEN    

 *ENDIF

 SELECT ALL ENTITIES OF TYPE= ALL  AND BELOW
 Done Sending PCB_ExistingBolt_670N.xml at ASSEMBLY Level as Bolt

 PARAMETER _MECHOBJID =     4179.000000    

 PARAMETER _MECHANALYSISSTEP =     0.000000000    

 SET PARAMETER DIMENSIONS ON  _APDLBOLTCSIDS
  TYPE=ARRA  DIMENSIONS=        1        1        1

 *** WARNING ***                         ELAPSED TIME =      10.564   TIME= 11:21:10
 Parameter _APDLBOLTCSIDS already exists.  It is deleted and redefined   
 by the *DIM command.                                                    

 PARAMETER _APDLBOLTCSIDS(1) =     12.00000000    

 PARAMETER _BOLTZLOC =     0.000000000    

 PARAMETER _NUTWASHERZLOC =     0.000000000    

 PARAMETER _NUTZLOC =     0.000000000    

 PARAMETER PBINDEX =     6.000000000    

 PARAMETER PBBODY = PCB670_06_BODY  

 PARAMETER PBSHAFT = PCB670_06_SHAFT 

 PARAMETER PBHOLE = PCB670_06_HOLE  
 ****** Sending PCB_ExistingBolt_670N.xml at ASSEMBLY Level as Bolt ******

 PARAMETER PARTNAMEINASSEMBLY = Bolt    

 PARAMETER INPUTLEVEL = ASSEMBLY

 PARAMETER PARTFILENAME = PCB_ExistingBolt_670N.xml       

 PARAMETER PBLOAD =     750.0000000    

 *GET  PBANALYSIS  FROM  ACTI  ITEM=ANTY       VALUE=  8.00000000    

 *IF  PBAnalysis  ( =   8.00000     )  EQ  
      0  ( =   0.00000     )  THEN    

 *ENDIF

 SELECT ALL ENTITIES OF TYPE= ALL  AND BELOW
 Done Sending PCB_ExistingBolt_670N.xml at ASSEMBLY Level as Bolt

 *** NOTE ***                            ELAPSED TIME =      10.596   TIME= 11:21:10
 The automatic domain decomposition logic has selected the MESH domain   
 decomposition method with 12 processes per solution.                    

 COMPUTE PARTICIPATION FACTORS FOR TABLE   1
  FOR BASE EXCITATION

 *****  MAPDL PFACT    COMMAND  *****

 *** MAPDL - ENGINEERING ANALYSIS SYSTEM  RELEASE 2026 R1.02       26.1     ***
 Ansys Mechanical Enterprise Academic Research     
 01196637  VERSION=WINDOWS x64   11:21:10  OCT 05, 2026 Elapsed Time=     10.883

 powerboardsim_v1--RANDOM VIBE - X - 2pct damping (F5)                         



                       S O L U T I O N   O P T I O N S

   PROBLEM DIMENSIONALITY. . . . . . . . . . . . .3-D                  
   DEGREES OF FREEDOM. . . . . . UX   UY   UZ  
   ANALYSIS TYPE . . . . . . . . . . . . . . . . .SPECTRUM             
      SPECTRUM TYPE. . . . . . . . . . . . . . . .PSD           
   OFFSET TEMPERATURE FROM ABSOLUTE ZERO . . . . .  273.15    
   ELEMENT RESULTS CALCULATION . . . . . . . . . .ON 
   GLOBALLY ASSEMBLED MATRIX . . . . . . . . . . .SYMMETRIC  

 *** WARNING ***                         ELAPSED TIME =      11.634   TIME= 11:21:11
 Material number 628 (used by element 330976) should normally have at    
 least one MP or one TB type command associated with it.  Output of      
 energy by material may not be available.                                

 *** NOTE ***                            ELAPSED TIME =      11.649   TIME= 11:21:11
 The step data was checked and warning messages were found.              
  Please review output or errors file (                                  
 C:\Temp\PCBRV_20261005_X_local_v2\file0.err ) for these warning         
 messages.                                                               

                      L O A D   S T E P   O P T I O N S

   LOAD STEP NUMBER. . . . . . . . . . . . . . . .     2
   MODAL DAMPING RATIO . . . . . . . . . . . . . . 0.20000E-01
   MODE COMBINATION TYPE . . . . . . . . . . . . . PSD
   SIGNIFICANCE LEVEL FOR COMBINATIONS. . . . .  0.0000    
         ALL MODES FROM THE MODAL ANALYSIS ARE SELECTED FOR COMBINATION.
   PRINT OUTPUT CONTROLS . . . . . . . . . . . . .NO PRINTOUT
   DATABASE OUTPUT CONTROLS
      ITEM     FREQUENCY   COMPONENT
       ALL       NONE               
      NSOL        ALL               
      STRS        ALL               
      EPEL        ALL               
      EPPL        ALL               
      RSOL        ALL               
      NLOA        ALL               


 >>>> PRETENSION ELEMENT STATUS <<<<
 SECTION NAME     PT.NODE  --------STATUS--------------------  ----LOAD SOURCE----
   629             369771  FIXED RELATIVE MOTION=  0.0000
   637             373773  FIXED RELATIVE MOTION=  0.0000
   633             371772  FIXED RELATIVE MOTION=  0.0000
   645             377775  FIXED RELATIVE MOTION=  0.0000
   641             375774  FIXED RELATIVE MOTION=  0.0000
   649             379776  FIXED RELATIVE MOTION=  0.0000

 *** NOTE ***                            ELAPSED TIME =     104.743   TIME= 11:22:44
 The initial memory allocation (-m) has been exceeded.                   
  Supplemental memory allocations are being used.                        

 SOLVING THE STATIC EQUATIONS TO CALCULATE UNIT STATIC SHAPE


 *** MAPDL - ENGINEERING ANALYSIS SYSTEM  RELEASE 2026 R1.02       26.1     ***
 Ansys Mechanical Enterprise Academic Research     
 01196637  VERSION=WINDOWS x64   11:24:49  OCT 05, 2026 Elapsed Time=    229.998

 powerboardsim_v1--RANDOM VIBE - X - 2pct damping (F5)                         




  ***** PARTICIPATION FACTORS FOR BASE EXCITATION NO.   1 *****    TABLE NO.  1

  MODE   VALUE      MODE   VALUE      MODE   VALUE      MODE   VALUE     

    1  0.12089E-02    2  0.77488E-03    3 -0.24448        4 -0.27993    
    5 -0.31344E-01    6  0.19191E-01    7  0.21325E-01    8 -0.18119E-01
    9 -0.24672E-02   10 -0.12109E-01   11 -0.92422E-02   12  0.21067E-02
   13 -0.19962E-01   14  0.25654E-01   15  0.51740E-01   16 -0.12216E-01
   17  0.98745E-02   18  0.35948E-02   19 -0.60845E-03   20  0.27710E-02
   21 -0.80168E-02   22  0.85052E-02   23  0.12158E-01   24  0.74486E-02
   25 -0.35503E-01   26 -0.45620E-01   27  0.21562E-01   28 -0.14315E-01
   29 -0.47617E-01   30  0.10362       31 -0.14442       32  0.95143E-01
   33 -0.12596       34  0.86705E-01   35 -0.43058E-01   36 -0.15854E-01
   37 -0.39942E-01   38 -0.28920E-01

 SELECT       FOR ITEM=D    COMPONENT=UX    BETWEEN  1.0000     AND   1.0000    
   KABS=  0.  TOLERANCE= 0.500000E-02

        781  NODES (OF     369590  DEFINED) SELECTED BY  NSEL  COMMAND.

 SPECIFIED CONSTRAINT UX   FOR SELECTED NODES            1 TO      379902 BY           1
 REAL=  0.00000000       IMAG=  0.00000000    

 ALL SELECT   FOR ITEM=NODE COMPONENT=    
  IN RANGE         1 TO     379902 STEP          1

     369590  NODES (OF     369590  DEFINED) SELECTED BY NSEL  COMMAND.

 PRINT NSOL ITEMS WITH A FREQUENCY OF ALL 
   FOR ALL APPLICABLE ENTITIES

 PARAMETER _MECHOBJID =     4139.000000    

 PARAMETER _MECHANALYSISSTEP =     0.000000000    

 SET PARAMETER DIMENSIONS ON  _APDLBOLTCSIDS
  TYPE=ARRA  DIMENSIONS=        1        1        1

 *** WARNING ***                         ELAPSED TIME =     233.987   TIME= 11:24:53
 Parameter _APDLBOLTCSIDS already exists.  It is deleted and redefined   
 by the *DIM command.                                                    

 PARAMETER _APDLBOLTCSIDS(1) =     12.00000000    

 PARAMETER _BOLTZLOC =     0.000000000    

 PARAMETER _NUTWASHERZLOC =     0.000000000    

 PARAMETER _NUTZLOC =     0.000000000    

 PARAMETER PBINDEX =     1.000000000    

 PARAMETER PBBODY = PCB670_01_BODY  

 PARAMETER PBSHAFT = PCB670_01_SHAFT 

 PARAMETER PBHOLE = PCB670_01_HOLE  
 ****** Sending PCB_ExistingBolt_670N.xml at ASSEMBLY Level as Bolt ******

 PARAMETER PARTNAMEINASSEMBLY = Bolt    

 PARAMETER INPUTLEVEL = ASSEMBLY

 PARAMETER PARTFILENAME = PCB_ExistingBolt_670N.xml       

 PARAMETER PBLOAD =     750.0000000    

 *GET  PBANALYSIS  FROM  ACTI  ITEM=ANTY       VALUE=  8.00000000    

 *IF  PBAnalysis  ( =   8.00000     )  EQ  
      0  ( =   0.00000     )  THEN    

 *ENDIF

 SELECT ALL ENTITIES OF TYPE= ALL  AND BELOW
 Done Sending PCB_ExistingBolt_670N.xml at ASSEMBLY Level as Bolt

 PARAMETER _MECHOBJID =     4147.000000    

 PARAMETER _MECHANALYSISSTEP =     0.000000000    

 SET PARAMETER DIMENSIONS ON  _APDLBOLTCSIDS
  TYPE=ARRA  DIMENSIONS=        1        1        1

 *** WARNING ***                         ELAPSED TIME =     233.988   TIME= 11:24:53
 Parameter _APDLBOLTCSIDS already exists.  It is deleted and redefined   
 by the *DIM command.                                                    

 PARAMETER _APDLBOLTCSIDS(1) =     12.00000000    

 PARAMETER _BOLTZLOC =     0.000000000    

 PARAMETER _NUTWASHERZLOC =     0.000000000    

 PARAMETER _NUTZLOC =     0.000000000    

 PARAMETER PBINDEX =     2.000000000    

 PARAMETER PBBODY = PCB670_02_BODY  

 PARAMETER PBSHAFT = PCB670_02_SHAFT 

 PARAMETER PBHOLE = PCB670_02_HOLE  
 ****** Sending PCB_ExistingBolt_670N.xml at ASSEMBLY Level as Bolt ******

 PARAMETER PARTNAMEINASSEMBLY = Bolt    

 PARAMETER INPUTLEVEL = ASSEMBLY

 PARAMETER PARTFILENAME = PCB_ExistingBolt_670N.xml       

 PARAMETER PBLOAD =     750.0000000    

 *GET  PBANALYSIS  FROM  ACTI  ITEM=ANTY       VALUE=  8.00000000    

 *IF  PBAnalysis  ( =   8.00000     )  EQ  
      0  ( =   0.00000     )  THEN    

 *ENDIF

 SELECT ALL ENTITIES OF TYPE= ALL  AND BELOW
 Done Sending PCB_ExistingBolt_670N.xml at ASSEMBLY Level as Bolt

 PARAMETER _MECHOBJID =     4155.000000    

 PARAMETER _MECHANALYSISSTEP =     0.000000000    

 SET PARAMETER DIMENSIONS ON  _APDLBOLTCSIDS
  TYPE=ARRA  DIMENSIONS=        1        1        1

 *** WARNING ***                         ELAPSED TIME =     233.989   TIME= 11:24:53
 Parameter _APDLBOLTCSIDS already exists.  It is deleted and redefined   
 by the *DIM command.                                                    

 PARAMETER _APDLBOLTCSIDS(1) =     12.00000000    

 PARAMETER _BOLTZLOC =     0.000000000    

 PARAMETER _NUTWASHERZLOC =     0.000000000    

 PARAMETER _NUTZLOC =     0.000000000    

 PARAMETER PBINDEX =     3.000000000    

 PARAMETER PBBODY = PCB670_03_BODY  

 PARAMETER PBSHAFT = PCB670_03_SHAFT 

 PARAMETER PBHOLE = PCB670_03_HOLE  
 ****** Sending PCB_ExistingBolt_670N.xml at ASSEMBLY Level as Bolt ******

 PARAMETER PARTNAMEINASSEMBLY = Bolt    

 PARAMETER INPUTLEVEL = ASSEMBLY

 PARAMETER PARTFILENAME = PCB_ExistingBolt_670N.xml       

 PARAMETER PBLOAD =     750.0000000    

 *GET  PBANALYSIS  FROM  ACTI  ITEM=ANTY       VALUE=  8.00000000    

 *IF  PBAnalysis  ( =   8.00000     )  EQ  
      0  ( =   0.00000     )  THEN    

 *ENDIF

 SELECT ALL ENTITIES OF TYPE= ALL  AND BELOW
 Done Sending PCB_ExistingBolt_670N.xml at ASSEMBLY Level as Bolt

 PARAMETER _MECHOBJID =     4163.000000    

 PARAMETER _MECHANALYSISSTEP =     0.000000000    

 SET PARAMETER DIMENSIONS ON  _APDLBOLTCSIDS
  TYPE=ARRA  DIMENSIONS=        1        1        1

 *** WARNING ***                         ELAPSED TIME =     233.990   TIME= 11:24:53
 Parameter _APDLBOLTCSIDS already exists.  It is deleted and redefined   
 by the *DIM command.                                                    

 PARAMETER _APDLBOLTCSIDS(1) =     12.00000000    

 PARAMETER _BOLTZLOC =     0.000000000    

 PARAMETER _NUTWASHERZLOC =     0.000000000    

 PARAMETER _NUTZLOC =     0.000000000    

 PARAMETER PBINDEX =     4.000000000    

 PARAMETER PBBODY = PCB670_04_BODY  

 PARAMETER PBSHAFT = PCB670_04_SHAFT 

 PARAMETER PBHOLE = PCB670_04_HOLE  
 ****** Sending PCB_ExistingBolt_670N.xml at ASSEMBLY Level as Bolt ******

 PARAMETER PARTNAMEINASSEMBLY = Bolt    

 PARAMETER INPUTLEVEL = ASSEMBLY

 PARAMETER PARTFILENAME = PCB_ExistingBolt_670N.xml       

 PARAMETER PBLOAD =     750.0000000    

 *GET  PBANALYSIS  FROM  ACTI  ITEM=ANTY       VALUE=  8.00000000    

 *IF  PBAnalysis  ( =   8.00000     )  EQ  
      0  ( =   0.00000     )  THEN    

 *ENDIF

 SELECT ALL ENTITIES OF TYPE= ALL  AND BELOW
 Done Sending PCB_ExistingBolt_670N.xml at ASSEMBLY Level as Bolt

 PARAMETER _MECHOBJID =     4171.000000    

 PARAMETER _MECHANALYSISSTEP =     0.000000000    

 SET PARAMETER DIMENSIONS ON  _APDLBOLTCSIDS
  TYPE=ARRA  DIMENSIONS=        1        1        1

 *** WARNING ***                         ELAPSED TIME =     233.991   TIME= 11:24:53
 Parameter _APDLBOLTCSIDS already exists.  It is deleted and redefined   
 by the *DIM command.                                                    

 PARAMETER _APDLBOLTCSIDS(1) =     12.00000000    

 PARAMETER _BOLTZLOC =     0.000000000    

 PARAMETER _NUTWASHERZLOC =     0.000000000    

 PARAMETER _NUTZLOC =     0.000000000    

 PARAMETER PBINDEX =     5.000000000    

 PARAMETER PBBODY = PCB670_05_BODY  

 PARAMETER PBSHAFT = PCB670_05_SHAFT 

 PARAMETER PBHOLE = PCB670_05_HOLE  
 ****** Sending PCB_ExistingBolt_670N.xml at ASSEMBLY Level as Bolt ******

 PARAMETER PARTNAMEINASSEMBLY = Bolt    

 PARAMETER INPUTLEVEL = ASSEMBLY

 PARAMETER PARTFILENAME = PCB_ExistingBolt_670N.xml       

 PARAMETER PBLOAD =     750.0000000    

 *GET  PBANALYSIS  FROM  ACTI  ITEM=ANTY       VALUE=  8.00000000    

 *IF  PBAnalysis  ( =   8.00000     )  EQ  
      0  ( =   0.00000     )  THEN    

 *ENDIF

 SELECT ALL ENTITIES OF TYPE= ALL  AND BELOW
 Done Sending PCB_ExistingBolt_670N.xml at ASSEMBLY Level as Bolt

 PARAMETER _MECHOBJID =     4179.000000    

 PARAMETER _MECHANALYSISSTEP =     0.000000000    

 SET PARAMETER DIMENSIONS ON  _APDLBOLTCSIDS
  TYPE=ARRA  DIMENSIONS=        1        1        1

 *** WARNING ***                         ELAPSED TIME =     233.992   TIME= 11:24:53
 Parameter _APDLBOLTCSIDS already exists.  It is deleted and redefined   
 by the *DIM command.                                                    

 PARAMETER _APDLBOLTCSIDS(1) =     12.00000000    

 PARAMETER _BOLTZLOC =     0.000000000    

 PARAMETER _NUTWASHERZLOC =     0.000000000    

 PARAMETER _NUTZLOC =     0.000000000    

 PARAMETER PBINDEX =     6.000000000    

 PARAMETER PBBODY = PCB670_06_BODY  

 PARAMETER PBSHAFT = PCB670_06_SHAFT 

 PARAMETER PBHOLE = PCB670_06_HOLE  
 ****** Sending PCB_ExistingBolt_670N.xml at ASSEMBLY Level as Bolt ******

 PARAMETER PARTNAMEINASSEMBLY = Bolt    

 PARAMETER INPUTLEVEL = ASSEMBLY

 PARAMETER PARTFILENAME = PCB_ExistingBolt_670N.xml       

 PARAMETER PBLOAD =     750.0000000    

 *GET  PBANALYSIS  FROM  ACTI  ITEM=ANTY       VALUE=  8.00000000    

 *IF  PBAnalysis  ( =   8.00000     )  EQ  
      0  ( =   0.00000     )  THEN    

 *ENDIF

 SELECT ALL ENTITIES OF TYPE= ALL  AND BELOW
 Done Sending PCB_ExistingBolt_670N.xml at ASSEMBLY Level as Bolt

 *GET  ANSINTER_  FROM  ACTI  ITEM=INT        VALUE=  0.00000000    

 *IF  ANSINTER_  ( =   0.00000     )  NE  
      0  ( =   0.00000     )  THEN    

 *ENDIF

 *****  MAPDL SOLVE    COMMAND  *****
                                                                         
 Elapsed Time at start of random vibration closed-form solution =        
 237.515349.                                                             


 FREQUENCIES USED FOR RANDOM VIBRATION SOLUTION

  MODE   FREQUENCY

     1    485.964    
     2    596.964    
     3    645.435    
     4    781.350    
     5    820.242    
     6    826.296    
     7    1122.02    
     8    1139.11    
     9    1199.71    
    10    1366.08    
    11    1467.90    
    12    1714.13    
    13    1941.55    
    14    2003.04    
    15    2017.96    
    16    2135.66    
    17    2183.76    
    18    2212.56    
    19    2301.31    
    20    2364.18    
    21    2369.94    
    22    2537.21    
    23    2704.29    
    24    2874.96    
    25    2924.00    
    26    2950.88    
    27    3016.72    
    28    3201.73    
    29    3237.68    
    30    3368.53    
    31    3460.29    
    32    3551.45    
    33    3597.70    
    34    3654.57    
    35    3692.04    
    36    3775.15    
    37    3911.14    
    38    3986.07    

 PERFORM INTEGRATION FOR DISPLACEMENT-TYPE QUANTITIES

 PERFORM INTEGRATION FOR VELOCITY-TYPE QUANTITIES

 PERFORM INTEGRATION FOR ACCELERATION-TYPE QUANTITIES
                                                                         
 Modal covariance matrix computed elapsed time = 237.528127.             
                                                                         
 Quasi-static modal covariance matrix computed elapsed time =            
 237.528182.                                                             
                                                                         
 Covariant-modal covariance matrix computed elapsed time = 237.529211.   
                                                                         
 Psd file file0.psd created.  Elapsed Time = 237.530036.                 
                                                                         
 Elapsed Time at start of random vibration mode combinations =           
 237.730123.                                                             

  BASE EXCITATION PROBLEM


 ***** SUMMARY OF TERMS INCLUDED IN MODE COMBINATIONS *****
            (MODAL COVARIANCE MATRIX TERMS ONLY)

             *** DISPLACEMENT-TYPE QUANTITY ***

           MAXIMUM TERM = 0.85719E-10

             MODE  MODE   COVARIANCE    COVARIANCE
               I     J       TERM         RATIO

               1       1    0.49223E-14   0.57424E-04
               2       1    0.76137E-16   0.88822E-06
               2       2    0.10897E-14   0.12713E-04
               3       1   -0.10106E-13   0.11790E-03
               3       2   -0.62340E-13   0.72726E-03
               3       3    0.85719E-10    1.0000    
               4       1   -0.64424E-15   0.75158E-05
               4       2   -0.35162E-14   0.41020E-04
               4       3    0.23771E-11   0.27731E-01
               4       4    0.62317E-10   0.72699    
               5       1    0.68167E-16   0.79524E-06
               5       2   -0.15029E-15   0.17533E-05
               5       3    0.11435E-12   0.13340E-02
               5       4    0.24837E-11   0.28975E-01
               5       5    0.64586E-12   0.75347E-02
               6       1   -0.49655E-16   0.57927E-06
               6       2    0.77687E-16   0.90630E-06
               6       3   -0.61430E-13   0.71665E-03
               6       4   -0.12418E-11   0.14487E-01
               6       5   -0.37607E-12   0.43872E-02
               6       6    0.23424E-12   0.27326E-02
               7       1   -0.16254E-16   0.18962E-06
               7       2    0.12152E-16   0.14177E-06
               7       3   -0.80347E-14   0.93733E-04
               7       4   -0.36772E-13   0.42898E-03
               7       5   -0.58967E-14   0.68791E-04
               7       6    0.37599E-14   0.43864E-04
               7       7    0.66172E-13   0.77197E-03
               8       1    0.10309E-16   0.12026E-06
               8       2   -0.11759E-16   0.13719E-06
               8       3    0.70862E-14   0.82668E-04
               8       4    0.29818E-13   0.34786E-03
               8       5    0.47144E-14   0.54998E-04
               8       6   -0.29998E-14   0.34996E-04
               8       7   -0.47666E-13   0.55607E-03
               8       8    0.44376E-13   0.51769E-03
               9       1   -0.24386E-19   0.28448E-09
               9       2   -0.21861E-17   0.25503E-07
               9       3    0.10745E-14   0.12535E-04
               9       4    0.35630E-14   0.41566E-04
               9       5    0.53970E-15   0.62962E-05
               9       6   -0.34138E-15   0.39826E-05
               9       7   -0.19004E-14   0.22170E-04
               9       8    0.21227E-14   0.24764E-04
               9       9    0.63924E-15   0.74574E-05
              10       1   -0.11385E-16   0.13282E-06
              10       2   -0.14922E-16   0.17408E-06
              10       3    0.59796E-14   0.69758E-04
              10       4    0.13877E-13   0.16189E-03
              10       5    0.19491E-14   0.22738E-04
              10       6   -0.12214E-14   0.14249E-04
              10       7   -0.19292E-14   0.22506E-04
              10       8    0.17137E-14   0.19992E-04
              10       9    0.29936E-15   0.34923E-05
              10      10    0.81756E-14   0.95377E-04
              11       1   -0.11119E-16   0.12971E-06
              11       2   -0.11988E-16   0.13985E-06
              11       3    0.45745E-14   0.53367E-04
              11       4    0.94857E-14   0.11066E-03
              11       5    0.12958E-14   0.15116E-04
              11       6   -0.80944E-15   0.94429E-05
              11       7   -0.10204E-14   0.11903E-04
              11       8    0.87553E-15   0.10214E-04
              11       9    0.12773E-15   0.14901E-05
              11      10    0.14671E-14   0.17115E-04
              11      11    0.33490E-14   0.39070E-04
              12       1    0.28961E-17   0.33785E-07
              12       2    0.26115E-17   0.30466E-07
              12       3   -0.94274E-15   0.10998E-04
              12       4   -0.16911E-14   0.19729E-04
              12       5   -0.22214E-15   0.25915E-05
              12       6    0.13816E-15   0.16118E-05
              12       7    0.14297E-15   0.16679E-05
              12       8   -0.11986E-15   0.13983E-05
              12       9   -0.15634E-16   0.18239E-06
              12      10   -0.74294E-16   0.86671E-06
              12      11   -0.64648E-16   0.75418E-06
              12      12    0.80785E-16   0.94245E-06
              13       1   -0.24101E-16   0.28116E-06
              13       2   -0.20694E-16   0.24141E-06
              13       3    0.73372E-14   0.85596E-04
              13       4    0.12499E-13   0.14581E-03
              13       5    0.16176E-14   0.18871E-04
              13       6   -0.10042E-14   0.11715E-04
              13       7   -0.96124E-15   0.11214E-04
              13       8    0.80028E-15   0.93361E-05
              13       9    0.10138E-15   0.11827E-05
              13      10    0.41401E-15   0.48298E-05
              13      11    0.29034E-15   0.33871E-05
              13      12   -0.77175E-16   0.90032E-06
              13      13    0.35184E-14   0.41045E-04
              14       1    0.29213E-16   0.34080E-06
              14       2    0.24953E-16   0.29111E-06
              14       3   -0.88284E-14   0.10299E-03
              14       4   -0.14942E-13   0.17432E-03
              14       5   -0.19303E-14   0.22518E-04
              14       6    0.11980E-14   0.13976E-04
              14       7    0.11257E-14   0.13132E-04
              14       8   -0.93565E-15   0.10915E-04
              14       9   -0.11773E-15   0.13734E-05
              14      10   -0.46676E-15   0.54453E-05
              14      11   -0.31663E-15   0.36938E-05
              14      12    0.65573E-16   0.76497E-06
              14      13   -0.22423E-14   0.26159E-04
              14      14    0.33203E-14   0.38735E-04
              15       1    0.59553E-16   0.69475E-06
              15       2    0.50531E-16   0.58950E-06
              15       3   -0.17837E-13   0.20809E-03
              15       4   -0.29997E-13   0.34995E-03
              15       5   -0.38678E-14   0.45122E-04
              15       6    0.24002E-14   0.28000E-04
              15       7    0.22562E-14   0.26320E-04
              15       8   -0.18756E-14   0.21881E-04
              15       9   -0.23617E-15   0.27551E-05
              15      10   -0.93835E-15   0.10947E-04
              15      11   -0.63693E-15   0.74304E-05
              15      12    0.12890E-15   0.15038E-05
              15      13   -0.36676E-14   0.42787E-04
              15      14    0.58958E-14   0.68781E-04
              15      15    0.10793E-13   0.12591E-03
              16       1   -0.15427E-16   0.17997E-06
              16       2   -0.12478E-16   0.14557E-06
              16       3    0.43316E-14   0.50533E-04
              16       4    0.69389E-14   0.80949E-04
              16       5    0.88162E-15   0.10285E-04
              16       6   -0.54635E-15   0.63737E-05
              16       7   -0.51987E-15   0.60648E-05
              16       8    0.43320E-15   0.50538E-05
              16       9    0.55056E-16   0.64228E-06
              16      10    0.22591E-15   0.26355E-05
              16      11    0.15696E-15   0.18311E-05
              16      12   -0.31938E-16   0.37259E-06
              16      13    0.45667E-15   0.53275E-05
              16      14   -0.69000E-15   0.80496E-05
              16      15   -0.13409E-14   0.15643E-04
              16      16    0.21076E-15   0.24587E-05
              17       1    0.12542E-16   0.14632E-06
              17       2    0.10032E-16   0.11704E-06
              17       3   -0.34684E-14   0.40463E-04
              17       4   -0.54879E-14   0.64022E-04
              17       5   -0.69458E-15   0.81030E-05
              17       6    0.43028E-15   0.50196E-05
              17       7    0.40973E-15   0.47799E-05
              17       8   -0.34156E-15   0.39846E-05
              17       9   -0.43474E-16   0.50717E-06
              17      10   -0.17925E-15   0.20912E-05
              17      11   -0.12491E-15   0.14572E-05
              17      12    0.25336E-16   0.29557E-06
              17      13   -0.32876E-15   0.38354E-05
              17      14    0.48098E-15   0.56111E-05
              17      15    0.93798E-15   0.10942E-04
              17      16   -0.15223E-15   0.17759E-05
              17      17    0.11063E-15   0.12906E-05
              18       1    0.45605E-17   0.53203E-07
              18       2    0.36279E-17   0.42323E-07
              18       3   -0.12517E-14   0.14602E-04
              18       4   -0.19681E-14   0.22959E-04
              18       5   -0.24860E-15   0.29002E-05
              18       6    0.15397E-15   0.17962E-05
              18       7    0.14660E-15   0.17102E-05
              18       8   -0.12223E-15   0.14259E-05
              18       9   -0.15567E-16   0.18160E-06
              18      10   -0.64301E-16   0.75014E-06
              18      11   -0.44850E-16   0.52322E-06
              18      12    0.90698E-17   0.10581E-06
              18      13   -0.11278E-15   0.13157E-05
              18      14    0.16259E-15   0.18968E-05
              18      15    0.31748E-15   0.37037E-05
              18      16   -0.52252E-16   0.60957E-06
              18      17    0.38079E-16   0.44423E-06
              18      18    0.13124E-16   0.15310E-06
              19       1   -0.75867E-18   0.88507E-08
              19       2   -0.59546E-18   0.69466E-08
              19       3    0.20439E-15   0.23845E-05
              19       4    0.31634E-15   0.36904E-05
              19       5    0.39760E-16   0.46384E-06
              19       6   -0.24613E-16   0.28714E-06
              19       7   -0.23393E-16   0.27291E-06
              19       8    0.19509E-16   0.22760E-06
              19       9    0.24872E-17   0.29015E-07
              19      10    0.10302E-16   0.12019E-06
              19      11    0.71928E-17   0.83912E-07
              19      12   -0.14392E-17   0.16790E-07
              19      13    0.16335E-16   0.19056E-06
              19      14   -0.22808E-16   0.26608E-06
              19      15   -0.44640E-16   0.52078E-06
              19      16    0.75700E-17   0.88312E-07
              19      17   -0.55512E-17   0.64761E-07
              19      18   -0.19187E-17   0.22384E-07
              19      19    0.28234E-18   0.32938E-08
              20       1    0.33860E-17   0.39501E-07
              20       2    0.26380E-17   0.30775E-07
              20       3   -0.90292E-15   0.10533E-04
              20       4   -0.13850E-14   0.16158E-04
              20       5   -0.17359E-15   0.20251E-05
              20       6    0.10743E-15   0.12533E-05
              20       7    0.10191E-15   0.11889E-05
              20       8   -0.84996E-16   0.99157E-06
              20       9   -0.10839E-16   0.12645E-06
              20      10   -0.44921E-16   0.52405E-06
              20      11   -0.31356E-16   0.36580E-06
              20      12    0.62275E-17   0.72650E-07
              20      13   -0.67698E-16   0.78976E-06
              20      14    0.93108E-16   0.10862E-05
              20      15    0.18241E-15   0.21280E-05
              20      16   -0.31375E-16   0.36602E-06
              20      17    0.23078E-16   0.26923E-06
              20      18    0.79880E-17   0.93188E-07
              20      19   -0.11792E-17   0.13757E-07
              20      20    0.49334E-17   0.57553E-07
              21       1   -0.97757E-17   0.11404E-06
              21       2   -0.76116E-17   0.88797E-07
              21       3    0.26046E-14   0.30385E-04
              21       4    0.39924E-14   0.46575E-04
              21       5    0.50025E-15   0.58359E-05
              21       6   -0.30958E-15   0.36116E-05
              21       7   -0.29362E-15   0.34254E-05
              21       8    0.24489E-15   0.28569E-05
              21       9    0.31229E-16   0.36432E-06
              21      10    0.12943E-15   0.15100E-05
              21      11    0.90342E-16   0.10539E-05
              21      12   -0.17931E-16   0.20918E-06
              21      13    0.19427E-15   0.22663E-05
              21      14   -0.26687E-15   0.31133E-05
              21      15   -0.52287E-15   0.60998E-05
              21      16    0.90035E-16   0.10504E-05
              21      17   -0.66242E-16   0.77278E-06
              21      18   -0.22931E-16   0.26751E-06
              21      19    0.33861E-17   0.39502E-07
              21      20   -0.14168E-16   0.16528E-06
              21      21    0.40686E-16   0.47465E-06
              22       1    0.96591E-17   0.11268E-06
              22       2    0.74135E-17   0.86487E-07
              22       3   -0.25225E-14   0.29427E-04
              22       4   -0.37979E-14   0.44307E-04
              22       5   -0.47316E-15   0.55198E-05
              22       6    0.29264E-15   0.34139E-05
              22       7    0.27598E-15   0.32196E-05
              22       8   -0.23018E-15   0.26852E-05
              22       9   -0.29351E-16   0.34241E-06
              22      10   -0.12155E-15   0.14180E-05
              22      11   -0.84685E-16   0.98794E-06
              22      12    0.16529E-16   0.19282E-06
              22      13   -0.16676E-15   0.19454E-05
              22      14    0.22351E-15   0.26075E-05
              22      15    0.43855E-15   0.51162E-05
              22      16   -0.77337E-16   0.90221E-06
              22      17    0.57201E-16   0.66730E-06
              22      18    0.19850E-16   0.23157E-06
              22      19   -0.29477E-17   0.34388E-07
              22      20    0.12369E-16   0.14429E-06
              22      21   -0.35528E-16   0.41447E-06
              22      22    0.31181E-16   0.36375E-06
              23       1    0.12715E-16   0.14833E-06
              23       2    0.96617E-17   0.11271E-06
              23       3   -0.32742E-14   0.38197E-04
              23       4   -0.48668E-14   0.56777E-04
              23       5   -0.60381E-15   0.70440E-05
              23       6    0.37328E-15   0.43547E-05
              23       7    0.35012E-15   0.40845E-05
              23       8   -0.29198E-15   0.34062E-05
              23       9   -0.37216E-16   0.43416E-06
              23      10   -0.15383E-15   0.17946E-05
              23      11   -0.10696E-15   0.12477E-05
              23      12    0.20612E-16   0.24046E-06
              23      13   -0.19948E-15   0.23272E-05
              23      14    0.26363E-15   0.30755E-05
              23      15    0.51770E-15   0.60395E-05
              23      16   -0.92607E-16   0.10804E-05
              23      17    0.68717E-16   0.80165E-06
              23      18    0.23883E-16   0.27862E-06
              23      19   -0.35590E-17   0.41520E-07
              23      20    0.14960E-16   0.17452E-06
              23      21   -0.42978E-16   0.50138E-06
              23      22    0.37838E-16   0.44142E-06
              23      23    0.46010E-16   0.53675E-06
              24       1    0.71292E-17   0.83170E-07
              24       2    0.53765E-17   0.62723E-07
              24       3   -0.18164E-14   0.21190E-04
              24       4   -0.26733E-14   0.31186E-04
              24       5   -0.33060E-15   0.38567E-05
              24       6    0.20430E-15   0.23834E-05
              24       7    0.19069E-15   0.22246E-05
              24       8   -0.15900E-15   0.18549E-05
              24       9   -0.20256E-16   0.23631E-06
              24      10   -0.83564E-16   0.97486E-06
              24      11   -0.57987E-16   0.67648E-06
              24      12    0.11066E-16   0.12910E-06
              24      13   -0.10416E-15   0.12152E-05
              24      14    0.13640E-15   0.15912E-05
              24      15    0.26799E-15   0.31264E-05
              24      16   -0.48408E-16   0.56473E-06
              24      17    0.36001E-16   0.41998E-06
              24      18    0.12525E-16   0.14612E-06
              24      19   -0.18711E-17   0.21828E-07
              24      20    0.78748E-17   0.91867E-07
              24      21   -0.22625E-16   0.26395E-06
              24      22    0.19964E-16   0.23290E-06
              24      23    0.24310E-16   0.28360E-06
              24      24    0.12857E-16   0.14999E-06
              25       1   -0.33117E-16   0.38635E-06
              25       2   -0.24930E-16   0.29083E-06
              25       3    0.84160E-14   0.98181E-04
              25       4    0.12356E-13   0.14415E-03
              25       5    0.15269E-14   0.17812E-04
              25       6   -0.94350E-15   0.11007E-04
              25       7   -0.87952E-15   0.10260E-04
              25       8    0.73332E-15   0.85550E-05
              25       9    0.93409E-16   0.10897E-05
              25      10    0.38513E-15   0.44930E-05
              25      11    0.26711E-15   0.31162E-05
              25      12   -0.50854E-16   0.59326E-06
              25      13    0.47572E-15   0.55497E-05
              25      14   -0.62163E-15   0.72520E-05
              25      15   -0.12215E-14   0.14250E-04
              25      16    0.22114E-15   0.25798E-05
              25      17   -0.16455E-15   0.19196E-05
              25      18   -0.57263E-16   0.66803E-06
              25      19    0.85590E-17   0.99849E-07
              25      20   -0.36032E-16   0.42035E-06
              25      21    0.10353E-15   0.12078E-05
              25      22   -0.91397E-16   0.10662E-05
              25      23   -0.11133E-15   0.12988E-05
              25      24   -0.58895E-16   0.68707E-06
              25      25    0.26979E-15   0.31474E-05
              26       1   -0.41959E-16   0.48949E-06
              26       2   -0.31556E-16   0.36813E-06
              26       3    0.10649E-13   0.12423E-03
              26       4    0.15615E-13   0.18216E-03
              26       5    0.19287E-14   0.22500E-04
              26       6   -0.11918E-14   0.13903E-04
              26       7   -0.11102E-14   0.12951E-04
              26       8    0.92563E-15   0.10798E-04
              26       9    0.11789E-15   0.13754E-05
              26      10    0.48595E-15   0.56691E-05
              26      11    0.33695E-15   0.39308E-05
              26      12   -0.64070E-16   0.74744E-06
              26      13    0.59745E-15   0.69698E-05
              26      14   -0.77988E-15   0.90982E-05
              26      15   -0.15326E-14   0.17879E-04
              26      16    0.27777E-15   0.32405E-05
              26      17   -0.20674E-15   0.24118E-05
              26      18   -0.71955E-16   0.83943E-06
              26      19    0.10758E-16   0.12550E-06
              26      20   -0.45296E-16   0.52843E-06
              26      21    0.13015E-15   0.15183E-05
              26      22   -0.11493E-15   0.13408E-05
              26      23   -0.14002E-15   0.16334E-05
              26      24   -0.74080E-16   0.86421E-06
              26      25    0.33936E-15   0.39590E-05
              26      26    0.42688E-15   0.49800E-05
              27       1    0.19158E-16   0.22350E-06
              27       2    0.14377E-16   0.16772E-06
              27       3   -0.48472E-14   0.56547E-04
              27       4   -0.70872E-14   0.82679E-04
              27       5   -0.87458E-15   0.10203E-04
              27       6    0.54036E-15   0.63038E-05
              27       7    0.50257E-15   0.58630E-05
              27       8   -0.41900E-15   0.48881E-05
              27       9   -0.53356E-16   0.62246E-06
              27      10   -0.21977E-15   0.25639E-05
              27      11   -0.15229E-15   0.17766E-05
              27      12    0.28877E-16   0.33688E-06
              27      13   -0.26737E-15   0.31191E-05
              27      14    0.34820E-15   0.40621E-05
              27      15    0.68437E-15   0.79838E-05
              27      16   -0.12435E-15   0.14507E-05
              27      17    0.92607E-16   0.10804E-05
              27      18    0.32241E-16   0.37612E-06
              27      19   -0.48235E-17   0.56271E-07
              27      20    0.20316E-16   0.23701E-06
              27      21   -0.58375E-16   0.68100E-06
              27      22    0.51579E-16   0.60173E-06
              27      23    0.62862E-16   0.73336E-06
              27      24    0.33268E-16   0.38811E-06
              27      25   -0.15241E-15   0.17781E-05
              27      26   -0.19172E-15   0.22367E-05
              27      27    0.86115E-16   0.10046E-05
              28       1   -0.11550E-16   0.13474E-06
              28       2   -0.86228E-17   0.10059E-06
              28       3    0.29009E-14   0.33842E-04
              28       4    0.42123E-14   0.49141E-04
              28       5    0.51864E-15   0.60505E-05
              28       6   -0.32036E-15   0.37373E-05
              28       7   -0.29677E-15   0.34621E-05
              28       8    0.24739E-15   0.28860E-05
              28       9    0.31487E-16   0.36733E-06
              28      10    0.12946E-15   0.15103E-05
              28      11    0.89571E-16   0.10449E-05
              28      12   -0.16871E-16   0.19682E-06
              28      13    0.15372E-15   0.17933E-05
              28      14   -0.19915E-15   0.23233E-05
              28      15   -0.39155E-15   0.45678E-05
              28      16    0.71565E-16   0.83487E-06
              28      17   -0.53367E-16   0.62259E-06
              28      18   -0.18592E-16   0.21689E-06
              28      19    0.27857E-17   0.32497E-07
              28      20   -0.11742E-16   0.13698E-06
              28      21    0.33740E-16   0.39362E-06
              28      22   -0.29854E-16   0.34827E-06
              28      23   -0.36417E-16   0.42484E-06
              28      24   -0.19285E-16   0.22497E-06
              28      25    0.88362E-16   0.10308E-05
              28      26    0.11116E-15   0.12968E-05
              28      27   -0.49938E-16   0.58258E-06
              28      28    0.28970E-16   0.33797E-06
              29       1   -0.37713E-16   0.43996E-06
              29       2   -0.28131E-16   0.32818E-06
              29       3    0.94608E-14   0.11037E-03
              29       4    0.13721E-13   0.16007E-03
              29       5    0.16888E-14   0.19702E-04
              29       6   -0.10431E-14   0.12169E-04
              29       7   -0.96563E-15   0.11265E-04
              29       8    0.80493E-15   0.93904E-05
              29       9    0.10244E-15   0.11951E-05
              29      10    0.42106E-15   0.49121E-05
              29      11    0.29124E-15   0.33976E-05
              29      12   -0.54794E-16   0.63923E-06
              29      13    0.49797E-15   0.58094E-05
              29      14   -0.64460E-15   0.75199E-05
              29      15   -0.12674E-14   0.14786E-04
              29      16    0.23187E-15   0.27050E-05
              29      17   -0.17295E-15   0.20177E-05
              29      18   -0.60258E-16   0.70297E-06
              29      19    0.90308E-17   0.10535E-06
              29      20   -0.38071E-16   0.44413E-06
              29      21    0.10940E-15   0.12762E-05
              29      22   -0.96818E-16   0.11295E-05
              29      23   -0.11812E-15   0.13780E-05
              29      24   -0.62557E-16   0.72979E-06
              29      25    0.28664E-15   0.33440E-05
              29      26    0.36061E-15   0.42068E-05
              29      27   -0.16200E-15   0.18899E-05
              29      28    0.93989E-16   0.10965E-05
              29      29    0.30493E-15   0.35573E-05
              30       1    0.76763E-16   0.89552E-06
              30       2    0.57096E-16   0.66608E-06
              30       3   -0.19179E-13   0.22374E-03
              30       4   -0.27708E-13   0.32324E-03
              30       5   -0.34060E-14   0.39734E-04
              30       6    0.21035E-14   0.24539E-04
              30       7    0.19426E-14   0.22663E-04
              30       8   -0.16192E-14   0.18889E-04
              30       9   -0.20600E-15   0.24032E-05
              30      10   -0.84580E-15   0.98671E-05
              30      11   -0.58449E-15   0.68187E-05
              30      12    0.10957E-15   0.12782E-05
              30      13   -0.98750E-15   0.11520E-04
              30      14    0.12748E-14   0.14872E-04
              30      15    0.25070E-14   0.29247E-04
              30      16   -0.46008E-15   0.53673E-05
              30      17    0.34341E-15   0.40063E-05
              30      18    0.11969E-15   0.13963E-05
              30      19   -0.17952E-16   0.20943E-06
              30      20    0.75711E-16   0.88324E-06
              30      21   -0.21757E-15   0.25381E-05
              30      22    0.19269E-15   0.22479E-05
              30      23    0.23519E-15   0.27438E-05
              30      24    0.12460E-15   0.14536E-05
              30      25   -0.57099E-15   0.66612E-05
              30      26   -0.71836E-15   0.83804E-05
              30      27    0.32275E-15   0.37653E-05
              30      28   -0.18729E-15   0.21849E-05
              30      29   -0.60766E-15   0.70889E-05
              30      30    0.12111E-14   0.14128E-04
              31       1   -0.10217E-15   0.11920E-05
              31       2   -0.75862E-16   0.88500E-06
              31       3    0.25463E-13   0.29705E-03
              31       4    0.36699E-13   0.42813E-03
              31       5    0.45076E-14   0.52586E-04
              31       6   -0.27836E-14   0.32473E-04
              31       7   -0.25669E-14   0.29945E-04
              31       8    0.21394E-14   0.24958E-04
              31       9    0.27213E-15   0.31746E-05
              31      10    0.11165E-14   0.13025E-04
              31      11    0.77114E-15   0.89962E-05
              31      12   -0.14423E-15   0.16826E-05
              31      13    0.12935E-14   0.15090E-04
              31      14   -0.16672E-14   0.19449E-04
              31      15   -0.32790E-14   0.38253E-04
              31      16    0.60286E-15   0.70330E-05
              31      17   -0.45019E-15   0.52519E-05
              31      18   -0.15694E-15   0.18308E-05
              31      19    0.23550E-16   0.27474E-06
              31      20   -0.99344E-16   0.11589E-05
              31      21    0.28548E-15   0.33305E-05
              31      22   -0.25296E-15   0.29510E-05
              31      23   -0.30884E-15   0.36030E-05
              31      24   -0.16366E-15   0.19092E-05
              31      25    0.74999E-15   0.87494E-05
              31      26    0.94357E-15   0.11008E-04
              31      27   -0.42396E-15   0.49460E-05
              31      28    0.24605E-15   0.28705E-05
              31      29    0.79833E-15   0.93133E-05
              31      30   -0.15912E-14   0.18563E-04
              31      31    0.20907E-14   0.24390E-04
              32       1    0.64338E-16   0.75057E-06
              32       2    0.47693E-16   0.55639E-06
              32       3   -0.15998E-13   0.18663E-03
              32       4   -0.23007E-13   0.26840E-03
              32       5   -0.28239E-14   0.32943E-04
              32       6    0.17437E-14   0.20342E-04
              32       7    0.16057E-14   0.18732E-04
              32       8   -0.13382E-14   0.15612E-04
              32       9   -0.17019E-15   0.19854E-05
              32      10   -0.69783E-15   0.81410E-05
              32      11   -0.48172E-15   0.56197E-05
              32      12    0.89915E-16   0.10490E-05
              32      13   -0.80288E-15   0.93664E-05
              32      14    0.10334E-14   0.12056E-04
              32      15    0.20327E-14   0.23713E-04
              32      16   -0.37433E-15   0.43670E-05
              32      17    0.27964E-15   0.32623E-05
              32      18    0.97502E-16   0.11375E-05
              32      19   -0.14637E-16   0.17076E-06
              32      20    0.61760E-16   0.72050E-06
              32      21   -0.17748E-15   0.20705E-05
              32      22    0.15732E-15   0.18353E-05
              32      23    0.19213E-15   0.22414E-05
              32      24    0.10183E-15   0.11879E-05
              32      25   -0.46667E-15   0.54442E-05
              32      26   -0.58714E-15   0.68496E-05
              32      27    0.26383E-15   0.30778E-05
              32      28   -0.15313E-15   0.17865E-05
              32      29   -0.49685E-15   0.57963E-05
              32      30    0.99035E-15   0.11553E-04
              32      31   -0.13013E-14   0.15181E-04
              32      32    0.81000E-15   0.94494E-05
              33       1   -0.83270E-16   0.97143E-06
              33       2   -0.61682E-16   0.71958E-06
              33       3    0.20683E-13   0.24129E-03
              33       4    0.29715E-13   0.34665E-03
              33       5    0.36460E-14   0.42534E-04
              33       6   -0.22512E-14   0.26263E-04
              33       7   -0.20718E-14   0.24169E-04
              33       8    0.17266E-14   0.20142E-04
              33       9    0.21956E-15   0.25613E-05
              33      10    0.89999E-15   0.10499E-04
              33      11    0.62111E-15   0.72459E-05
              33      12   -0.11582E-15   0.13512E-05
              33      13    0.10321E-14   0.12041E-04
              33      14   -0.13276E-14   0.15488E-04
              33      15   -0.26115E-14   0.30466E-04
              33      16    0.48130E-15   0.56149E-05
              33      17   -0.35962E-15   0.41953E-05
              33      18   -0.12540E-15   0.14629E-05
              33      19    0.18829E-16   0.21966E-06
              33      20   -0.79454E-16   0.92691E-06
              33      21    0.22833E-15   0.26637E-05
              33      22   -0.20243E-15   0.23616E-05
              33      23   -0.24725E-15   0.28845E-05
              33      24   -0.13105E-15   0.15289E-05
              33      25    0.60062E-15   0.70068E-05
              33      26    0.75567E-15   0.88157E-05
              33      27   -0.33956E-15   0.39613E-05
              33      28    0.19710E-15   0.22994E-05
              33      29    0.63953E-15   0.74607E-05
              33      30   -0.12748E-14   0.14872E-04
              33      31    0.16751E-14   0.19541E-04
              33      32   -0.10427E-14   0.12164E-04
              33      33    0.13422E-14   0.15658E-04
              34       1    0.55757E-16   0.65047E-06
              34       2    0.41266E-16   0.48141E-06
              34       3   -0.13832E-13   0.16137E-03
              34       4   -0.19848E-13   0.23155E-03
              34       5   -0.24344E-14   0.28400E-04
              34       6    0.15031E-14   0.17535E-04
              34       7    0.13822E-14   0.16125E-04
              34       8   -0.11519E-14   0.13438E-04
              34       9   -0.14646E-15   0.17086E-05
              34      10   -0.60013E-15   0.70012E-05
              34      11   -0.41405E-15   0.48303E-05
              34      12    0.77127E-16   0.89976E-06
              34      13   -0.68570E-15   0.79994E-05
              34      14    0.88135E-15   0.10282E-04
              34      15    0.17338E-14   0.20226E-04
              34      16   -0.31982E-15   0.37310E-05
              34      17    0.23901E-15   0.27883E-05
              34      18    0.83350E-16   0.97236E-06
              34      19   -0.12518E-16   0.14604E-06
              34      20    0.52830E-16   0.61632E-06
              34      21   -0.15182E-15   0.17712E-05
              34      22    0.13463E-15   0.15706E-05
              34      23    0.16446E-15   0.19186E-05
              34      24    0.87180E-16   0.10170E-05
              34      25   -0.39955E-15   0.46612E-05
              34      26   -0.50271E-15   0.58646E-05
              34      27    0.22590E-15   0.26353E-05
              34      28   -0.13113E-15   0.15298E-05
              34      29   -0.42548E-15   0.49637E-05
              34      30    0.84815E-15   0.98946E-05
              34      31   -0.11145E-14   0.13002E-04
              34      32    0.69374E-15   0.80932E-05
              34      33   -0.89303E-15   0.10418E-04
              34      34    0.59420E-15   0.69319E-05
              35       1   -0.27194E-16   0.31724E-06
              35       2   -0.20115E-16   0.23466E-06
              35       3    0.67409E-14   0.78640E-04
              35       4    0.96655E-14   0.11276E-03
              35       5    0.11852E-14   0.13827E-04
              35       6   -0.73176E-15   0.85367E-05
              35       7   -0.67256E-15   0.78462E-05
              35       8    0.56049E-15   0.65387E-05
              35       9    0.71259E-16   0.83131E-06
              35      10    0.29193E-15   0.34057E-05
              35      11    0.20137E-15   0.23492E-05
              35      12   -0.37485E-16   0.43730E-06
              35      13    0.33278E-15   0.38822E-05
              35      14   -0.42753E-15   0.49876E-05
              35      15   -0.84105E-15   0.98117E-05
              35      16    0.15523E-15   0.18109E-05
              35      17   -0.11602E-15   0.13535E-05
              35      18   -0.40464E-16   0.47205E-06
              35      19    0.60781E-17   0.70907E-07
              35      20   -0.25653E-16   0.29927E-06
              35      21    0.73722E-16   0.86004E-06
              35      22   -0.65383E-16   0.76276E-06
              35      23   -0.79876E-16   0.93184E-06
              35      24   -0.42345E-16   0.49399E-06
              35      25    0.19407E-15   0.22640E-05
              35      26    0.24418E-15   0.28486E-05
              35      27   -0.10973E-15   0.12801E-05
              35      28    0.63699E-16   0.74311E-06
              35      29    0.20668E-15   0.24112E-05
              35      30   -0.41200E-15   0.48064E-05
              35      31    0.54139E-15   0.63159E-05
              35      32   -0.33700E-15   0.39315E-05
              35      33    0.43381E-15   0.50609E-05
              35      34   -0.28865E-15   0.33674E-05
              35      35    0.14022E-15   0.16358E-05
              36       1   -0.96241E-17   0.11227E-06
              36       2   -0.71106E-17   0.82952E-07
              36       3    0.23817E-14   0.27786E-04
              36       4    0.34097E-14   0.39778E-04
              36       5    0.41789E-15   0.48751E-05
              36       6   -0.25799E-15   0.30098E-05
              36       7   -0.23688E-15   0.27635E-05
              36       8    0.19740E-15   0.23029E-05
              36       9    0.25093E-16   0.29274E-06
              36      10    0.10275E-15   0.11987E-05
              36      11    0.70850E-16   0.82654E-06
              36      12   -0.13169E-16   0.15363E-06
              36      13    0.11656E-15   0.13598E-05
              36      14   -0.14961E-15   0.17454E-05
              36      15   -0.29434E-15   0.34338E-05
              36      16    0.54388E-16   0.63449E-06
              36      17   -0.40662E-16   0.47437E-06
              36      18   -0.14183E-16   0.16546E-06
              36      19    0.21311E-17   0.24861E-07
              36      20   -0.89957E-17   0.10494E-06
              36      21    0.25852E-16   0.30159E-06
              36      22   -0.22934E-16   0.26755E-06
              36      23   -0.28023E-16   0.32692E-06
              36      24   -0.14858E-16   0.17333E-06
              36      25    0.68098E-16   0.79443E-06
              36      26    0.85681E-16   0.99956E-06
              36      27   -0.38504E-16   0.44919E-06
              36      28    0.22354E-16   0.26079E-06
              36      29    0.72533E-16   0.84617E-06
              36      30   -0.14460E-15   0.16869E-05
              36      31    0.19001E-15   0.22167E-05
              36      32   -0.11828E-15   0.13799E-05
              36      33    0.15226E-15   0.17763E-05
              36      34   -0.10131E-15   0.11819E-05
              36      35    0.49216E-16   0.57415E-06
              36      36    0.17274E-16   0.20152E-06
              37       1   -0.22753E-16   0.26543E-06
              37       2   -0.16782E-16   0.19578E-06
              37       3    0.56172E-14   0.65531E-04
              37       4    0.80228E-14   0.93595E-04
              37       5    0.98252E-15   0.11462E-04
              37       6   -0.60654E-15   0.70759E-05
              37       7   -0.55604E-15   0.64867E-05
              37       8    0.46333E-15   0.54052E-05
              37       9    0.58885E-16   0.68696E-06
              37      10    0.24094E-15   0.28109E-05
              37      11    0.16604E-15   0.19371E-05
              37      12   -0.30799E-16   0.35930E-06
              37      13    0.27143E-15   0.31665E-05
              37      14   -0.34790E-15   0.40587E-05
              37      15   -0.68452E-15   0.79857E-05
              37      16    0.12670E-15   0.14781E-05
              37      17   -0.94761E-16   0.11055E-05
              37      18   -0.33058E-16   0.38566E-06
              37      19    0.49694E-17   0.57973E-07
              37      20   -0.20982E-16   0.24477E-06
              37      21    0.60299E-16   0.70345E-06
              37      22   -0.53515E-16   0.62431E-06
              37      23   -0.65407E-16   0.76304E-06
              37      24   -0.34685E-16   0.40464E-06
              37      25    0.15898E-15   0.18547E-05
              37      26    0.20003E-15   0.23336E-05
              37      27   -0.89896E-16   0.10487E-05
              37      28    0.52197E-16   0.60894E-06
              37      29    0.16937E-15   0.19759E-05
              37      30   -0.33766E-15   0.39392E-05
              37      31    0.44373E-15   0.51766E-05
              37      32   -0.27623E-15   0.32225E-05
              37      33    0.35559E-15   0.41483E-05
              37      34   -0.23661E-15   0.27603E-05
              37      35    0.11494E-15   0.13409E-05
              37      36    0.40345E-16   0.47067E-06
              37      37    0.94232E-16   0.10993E-05
              38       1   -0.15917E-16   0.18569E-06
              38       2   -0.11730E-16   0.13685E-06
              38       3    0.39249E-14   0.45789E-04
              38       4    0.55993E-14   0.65322E-04
              38       5    0.68546E-15   0.79966E-05
              38       6   -0.42313E-15   0.49363E-05
              38       7   -0.38760E-15   0.45218E-05
              38       8    0.32297E-15   0.37677E-05
              38       9    0.41042E-16   0.47879E-06
              38      10    0.16787E-15   0.19584E-05
              38      11    0.11565E-15   0.13492E-05
              38      12   -0.21430E-16   0.25000E-06
              38      13    0.18846E-15   0.21985E-05
              38      14   -0.24139E-15   0.28161E-05
              38      15   -0.47498E-15   0.55411E-05
              38      16    0.87986E-16   0.10264E-05
              38      17   -0.65820E-16   0.76785E-06
              38      18   -0.22964E-16   0.26790E-06
              38      19    0.34527E-17   0.40280E-07
              38      20   -0.14580E-16   0.17009E-06
              38      21    0.41901E-16   0.48882E-06
              38      22   -0.37195E-16   0.43391E-06
              38      23   -0.45466E-16   0.53040E-06
              38      24   -0.24112E-16   0.28130E-06
              38      25    0.11052E-15   0.12894E-05
              38      26    0.13906E-15   0.16223E-05
              38      27   -0.62498E-16   0.72910E-06
              38      28    0.36291E-16   0.42337E-06
              38      29    0.11776E-15   0.13738E-05
              38      30   -0.23477E-15   0.27389E-05
              38      31    0.30853E-15   0.35993E-05
              38      32   -0.19207E-15   0.22407E-05
              38      33    0.24725E-15   0.28844E-05
              38      34   -0.16452E-15   0.19193E-05
              38      35    0.79924E-16   0.93240E-06
              38      36    0.28054E-16   0.32728E-06
              38      37    0.65525E-16   0.76441E-06
              38      38    0.45563E-16   0.53154E-06

              *** VELOCITY-TYPE QUANTITY ***

           MAXIMUM TERM = 0.14673E-02

             MODE  MODE   COVARIANCE    COVARIANCE
               I     J       TERM         RATIO

               1       1    0.45444E-07   0.30971E-04
               2       1    0.56436E-09   0.38462E-06
               2       2    0.15123E-07   0.10307E-04
               3       1   -0.24824E-07   0.16918E-04
               3       2   -0.88092E-06   0.60036E-03
               3       3    0.13880E-02   0.94593    
               4       1    0.12238E-06   0.83402E-04
               4       2    0.22133E-07   0.15084E-04
               4       3    0.19484E-04   0.13279E-01
               4       4    0.14673E-02    1.0000    
               5       1    0.16804E-07   0.11452E-04
               5       2    0.73757E-08   0.50266E-05
               5       3   -0.89503E-06   0.60998E-03
               5       4    0.58795E-04   0.40070E-01
               5       5    0.16684E-04   0.11370E-01
               6       1   -0.10477E-07   0.71402E-05
               6       2   -0.48157E-08   0.32819E-05
               6       3    0.72807E-06   0.49619E-03
               6       4   -0.29163E-04   0.19875E-01
               6       5   -0.97730E-05   0.66605E-02
               6       6    0.61359E-05   0.41817E-02
               7       1   -0.97722E-08   0.66599E-05
               7       2   -0.58820E-08   0.40087E-05
               7       3    0.17576E-05   0.11978E-02
               7       4    0.11866E-05   0.80870E-03
               7       5    0.72076E-07   0.49121E-04
               7       6   -0.38359E-07   0.26142E-04
               7       7    0.31110E-05   0.21202E-02
               8       1    0.81163E-08   0.55314E-05
               8       2    0.48848E-08   0.33291E-05
               8       3   -0.14611E-05   0.99573E-03
               8       4   -0.10172E-05   0.69327E-03
               8       5   -0.66596E-07   0.45386E-04
               8       6    0.36351E-07   0.24773E-04
               8       7   -0.22556E-05   0.15372E-02
               8       8    0.21474E-05   0.14635E-02
               9       1    0.10199E-08   0.69511E-06
               9       2    0.61321E-09   0.41791E-06
               9       3   -0.18381E-06   0.12527E-03
               9       4   -0.13770E-06   0.93847E-04
               9       5   -0.10466E-07   0.71327E-05
               9       6    0.59629E-08   0.40638E-05
               9       7   -0.81356E-07   0.55446E-04
               9       8    0.98007E-07   0.66793E-04
               9       9    0.34152E-07   0.23275E-04
              10       1    0.40591E-08   0.27663E-05
              10       2    0.24300E-08   0.16561E-05
              10       3   -0.72980E-06   0.49737E-03
              10       4   -0.59550E-06   0.40584E-03
              10       5   -0.51890E-07   0.35364E-04
              10       6    0.30511E-07   0.20793E-04
              10       7   -0.29455E-07   0.20074E-04
              10       8    0.31825E-07   0.21690E-04
              10       9    0.97041E-08   0.66135E-05
              10      10    0.55914E-06   0.38107E-03
              11       1    0.27554E-08   0.18778E-05
              11       2    0.16462E-08   0.11219E-05
              11       3   -0.49458E-06   0.33706E-03
              11       4   -0.41366E-06   0.28192E-03
              11       5   -0.37270E-07   0.25400E-04
              11       6    0.22059E-07   0.15033E-04
              11       7   -0.34651E-08   0.23615E-05
              11       8    0.48650E-08   0.33156E-05
              11       9    0.19107E-08   0.13022E-05
              11      10    0.84949E-07   0.57894E-04
              11      11    0.26233E-06   0.17878E-03
              12       1   -0.49365E-09   0.33643E-06
              12       2   -0.29453E-09   0.20073E-06
              12       3    0.88643E-07   0.60412E-04
              12       4    0.77226E-07   0.52631E-04
              12       5    0.72887E-08   0.49674E-05
              12       6   -0.43504E-08   0.29649E-05
              12       7   -0.17913E-08   0.12208E-05
              12       8    0.14117E-08   0.96211E-06
              12       9    0.13539E-09   0.92272E-07
              12      10   -0.55722E-09   0.37976E-06
              12      11   -0.18491E-08   0.12602E-05
              12      12    0.84396E-08   0.57517E-05
              13       1    0.41897E-08   0.28554E-05
              13       2    0.25225E-08   0.17191E-05
              13       3   -0.76469E-06   0.52115E-03
              13       4   -0.70481E-06   0.48034E-03
              13       5   -0.69582E-07   0.47421E-04
              13       6    0.41839E-07   0.28514E-04
              13       7    0.28695E-07   0.19556E-04
              13       8   -0.23955E-07   0.16326E-04
              13       9   -0.30715E-08   0.20933E-05
              13      10   -0.12558E-07   0.85582E-05
              13      11   -0.79351E-08   0.54079E-05
              13      12   -0.18288E-08   0.12463E-05
              13      13    0.44915E-06   0.30610E-03
              14       1   -0.53247E-08   0.36289E-05
              14       2   -0.32186E-08   0.21936E-05
              14       3    0.97844E-06   0.66682E-03
              14       4    0.91793E-06   0.62559E-03
              14       5    0.91741E-07   0.62523E-04
              14       6   -0.55270E-07   0.37667E-04
              14       7   -0.41417E-07   0.28226E-04
              14       8    0.34783E-07   0.23705E-04
              14       9    0.45657E-08   0.31116E-05
              14      10    0.20640E-07   0.14066E-04
              14      11    0.14890E-07   0.10148E-04
              14      12   -0.16985E-08   0.11575E-05
              14      13   -0.24934E-06   0.16993E-03
              14      14    0.40487E-06   0.27593E-03
              15       1   -0.10475E-07   0.71386E-05
              15       2   -0.63242E-08   0.43100E-05
              15       3    0.19212E-05   0.13093E-02
              15       4    0.17962E-05   0.12241E-02
              15       5    0.17917E-06   0.12211E-03
              15       6   -0.10791E-06   0.73541E-04
              15       7   -0.79898E-07   0.54452E-04
              15       8    0.67060E-07   0.45703E-04
              15       9    0.87835E-08   0.59861E-05
              15      10    0.39490E-07   0.26913E-04
              15      11    0.28428E-07   0.19374E-04
              15      12   -0.34933E-08   0.23807E-05
              15      13   -0.37808E-06   0.25767E-03
              15      14    0.69951E-06   0.47673E-03
              15      15    0.12540E-05   0.85465E-03
              16       1    0.19339E-08   0.13180E-05
              16       2    0.11494E-08   0.78334E-06
              16       3   -0.34581E-06   0.23567E-03
              16       4   -0.30716E-06   0.20933E-03
              16       5   -0.29676E-07   0.20225E-04
              16       6    0.17782E-07   0.12119E-04
              16       7    0.10411E-07   0.70951E-05
              16       8   -0.86084E-08   0.58668E-05
              16       9   -0.10659E-08   0.72643E-06
              16      10   -0.39208E-08   0.26721E-05
              16      11   -0.23206E-08   0.15815E-05
              16      12   -0.16229E-09   0.11061E-06
              16      13    0.34728E-07   0.23668E-04
              16      14   -0.65423E-07   0.44587E-04
              16      15   -0.12632E-06   0.86090E-04
              16      16    0.16534E-07   0.11268E-04
              17       1   -0.14431E-08   0.98350E-06
              17       2   -0.85363E-09   0.58176E-06
              17       3    0.25606E-06   0.17451E-03
              17       4    0.22388E-06   0.15258E-03
              17       5    0.21411E-07   0.14592E-04
              17       6   -0.12809E-07   0.87293E-05
              17       7   -0.68635E-08   0.46776E-05
              17       8    0.56386E-08   0.38428E-05
              17       9    0.68063E-09   0.46386E-06
              17      10    0.22494E-08   0.15330E-05
              17      11    0.11580E-08   0.78923E-06
              17      12    0.26992E-09   0.18395E-06
              17      13   -0.23780E-07   0.16207E-04
              17      14    0.43145E-07   0.29404E-04
              17      15    0.83676E-07   0.57027E-04
              17      16   -0.11336E-07   0.77255E-05
              17      17    0.78236E-08   0.53319E-05
              18       1   -0.50272E-09   0.34261E-06
              18       2   -0.29662E-09   0.20215E-06
              18       3    0.88841E-07   0.60546E-04
              18       4    0.77033E-07   0.52499E-04
              18       5    0.73274E-08   0.49937E-05
              18       6   -0.43796E-08   0.29848E-05
              18       7   -0.22318E-08   0.15210E-05
              18       8    0.18264E-08   0.12447E-05
              18       9    0.21704E-09   0.14792E-06
              18      10    0.66724E-09   0.45473E-06
              18      11    0.30611E-09   0.20862E-06
              18      12    0.11773E-09   0.80238E-07
              18      13   -0.79657E-08   0.54288E-05
              18      14    0.14188E-07   0.96697E-05
              18      15    0.27561E-07   0.18783E-04
              18      16   -0.37902E-08   0.25831E-05
              18      17    0.26240E-08   0.17883E-05
              18      18    0.88134E-09   0.60065E-06
              19       1    0.75237E-10   0.51275E-07
              19       2    0.44102E-10   0.30056E-07
              19       3   -0.13156E-07   0.89659E-05
              19       4   -0.11163E-07   0.76076E-05
              19       5   -0.10467E-08   0.71335E-06
              19       6    0.62413E-09   0.42536E-06
              19       7    0.27497E-09   0.18740E-06
              19       8   -0.22226E-09   0.15147E-06
              19       9   -0.25095E-10   0.17102E-07
              19      10   -0.57937E-10   0.39485E-07
              19      11   -0.11407E-10   0.77744E-08
              19      12   -0.25344E-10   0.17272E-07
              19      13    0.10900E-08   0.74288E-06
              19      14   -0.18607E-08   0.12681E-05
              19      15   -0.36244E-08   0.24701E-05
              19      16    0.51478E-09   0.35083E-06
              19      17   -0.35888E-09   0.24458E-06
              19      18   -0.12094E-09   0.82419E-07
              19      19    0.16720E-10   0.11395E-07
              20       1   -0.31672E-09   0.21585E-06
              20       2   -0.18494E-09   0.12604E-06
              20       3    0.55038E-07   0.37509E-04
              20       4    0.46109E-07   0.31424E-04
              20       5    0.42867E-08   0.29215E-05
              20       6   -0.25524E-08   0.17395E-05
              20       7   -0.10203E-08   0.69536E-06
              20       8    0.81717E-09   0.55691E-06
              20       9    0.88635E-10   0.60406E-07
              20      10    0.14997E-09   0.10221E-06
              20      11   -0.27312E-10   0.18613E-07
              20      12    0.12197E-09   0.83122E-07
              20      13   -0.43814E-08   0.29860E-05
              20      14    0.73219E-08   0.49900E-05
              20      15    0.14276E-07   0.97296E-05
              20      16   -0.20592E-08   0.14034E-05
              20      17    0.14406E-08   0.98182E-06
              20      18    0.48628E-09   0.33141E-06
              20      19   -0.67492E-10   0.45997E-07
              20      20    0.27298E-09   0.18604E-06
              21       1    0.90998E-09   0.62017E-06
              21       2    0.53118E-09   0.36201E-06
              21       3   -0.15805E-06   0.10771E-03
              21       4   -0.13227E-06   0.90141E-04
              21       5   -0.12288E-07   0.83742E-05
              21       6    0.73155E-08   0.49856E-05
              21       7    0.28989E-08   0.19756E-05
              21       8   -0.23197E-08   0.15809E-05
              21       9   -0.25063E-09   0.17081E-06
              21      10   -0.40887E-09   0.27865E-06
              21      11    0.95957E-10   0.65396E-07
              21      12   -0.35383E-09   0.24114E-06
              21      13    0.12541E-07   0.85471E-05
              21      14   -0.20923E-07   0.14259E-04
              21      15   -0.40799E-07   0.27805E-04
              21      16    0.58920E-08   0.40155E-05
              21      17   -0.41232E-08   0.28100E-05
              21      18   -0.13919E-08   0.94863E-06
              21      19    0.19325E-09   0.13170E-06
              21      20   -0.78175E-09   0.53278E-06
              21      21    0.22388E-08   0.15258E-05
              22       1   -0.80193E-09   0.54653E-06
              22       2   -0.46434E-09   0.31646E-06
              22       3    0.13748E-06   0.93696E-04
              22       4    0.11203E-06   0.76350E-04
              22       5    0.10219E-07   0.69645E-05
              22       6   -0.60651E-08   0.41335E-05
              22       7   -0.18808E-08   0.12818E-05
              22       8    0.14640E-08   0.99772E-06
              22       9    0.13837E-09   0.94303E-07
              22      10   -0.80285E-10   0.54716E-07
              22      11   -0.42816E-09   0.29179E-06
              22      12    0.37347E-09   0.25453E-06
              22      13   -0.10149E-07   0.69170E-05
              22      14    0.16325E-07   0.11125E-04
              22      15    0.31877E-07   0.21725E-04
              22      16   -0.47259E-08   0.32208E-05
              22      17    0.33278E-08   0.22679E-05
              22      18    0.11268E-08   0.76790E-06
              22      19   -0.15752E-09   0.10735E-06
              22      20    0.63950E-09   0.43583E-06
              22      21   -0.18319E-08   0.12485E-05
              22      22    0.15088E-08   0.10283E-05
              23       1   -0.97438E-09   0.66406E-06
              23       2   -0.56079E-09   0.38219E-06
              23       3    0.16543E-06   0.11274E-03
              23       4    0.13213E-06   0.90048E-04
              23       5    0.11884E-07   0.80990E-05
              23       6   -0.70359E-08   0.47951E-05
              23       7   -0.17217E-08   0.11734E-05
              23       8    0.12949E-08   0.88247E-06
              23       9    0.10011E-09   0.68224E-07
              23      10   -0.44679E-09   0.30449E-06
              23      11   -0.78383E-09   0.53420E-06
              23      12    0.49465E-09   0.33711E-06
              23      13   -0.11656E-07   0.79434E-05
              23      14    0.18338E-07   0.12498E-04
              23      15    0.35834E-07   0.24422E-04
              23      16   -0.53984E-08   0.36791E-05
              23      17    0.38162E-08   0.26008E-05
              23      18    0.12946E-08   0.88226E-06
              23      19   -0.18178E-09   0.12389E-06
              23      20    0.73970E-09   0.50411E-06
              23      21   -0.21194E-08   0.14444E-05
              23      22    0.17529E-08   0.11947E-05
              23      23    0.20421E-08   0.13917E-05
              24       1   -0.51414E-09   0.35039E-06
              24       2   -0.29447E-09   0.20069E-06
              24       3    0.86613E-07   0.59028E-04
              24       4    0.68080E-07   0.46398E-04
              24       5    0.60532E-08   0.41253E-05
              24       6   -0.35767E-08   0.24375E-05
              24       7   -0.68649E-09   0.46785E-06
              24       8    0.49310E-09   0.33606E-06
              24       9    0.26334E-10   0.17947E-07
              24      10   -0.36763E-09   0.25054E-06
              24      11   -0.51067E-09   0.34803E-06
              24      12    0.27439E-09   0.18700E-06
              24      13   -0.59013E-08   0.40218E-05
              24      14    0.91470E-08   0.62338E-05
              24      15    0.17882E-07   0.12187E-04
              24      16   -0.27239E-08   0.18564E-05
              24      17    0.19309E-08   0.13159E-05
              24      18    0.65589E-09   0.44700E-06
              24      19   -0.92391E-10   0.62966E-07
              24      20    0.37657E-09   0.25664E-06
              24      21   -0.10791E-08   0.73541E-06
              24      22    0.89522E-09   0.61010E-06
              24      23    0.10450E-08   0.71216E-06
              24      24    0.53547E-09   0.36493E-06
              25       1    0.23536E-08   0.16040E-05
              25       2    0.13464E-08   0.91759E-06
              25       3   -0.39573E-06   0.26969E-03
              25       4   -0.30982E-06   0.21114E-03
              25       5   -0.27467E-07   0.18719E-04
              25       6    0.16221E-07   0.11055E-04
              25       7    0.28999E-08   0.19764E-05
              25       8   -0.20497E-08   0.13969E-05
              25       9   -0.91783E-10   0.62551E-07
              25      10    0.18237E-08   0.12429E-05
              25      11    0.24399E-08   0.16628E-05
              25      12   -0.12692E-08   0.86501E-06
              25      13    0.26751E-07   0.18231E-04
              25      14   -0.41324E-07   0.28163E-04
              25      15   -0.80793E-07   0.55062E-04
              25      16    0.12339E-07   0.84091E-05
              25      17   -0.87521E-08   0.59647E-05
              25      18   -0.29739E-08   0.20267E-05
              25      19    0.41922E-09   0.28570E-06
              25      20   -0.17093E-08   0.11649E-05
              25      21    0.48983E-08   0.33383E-05
              25      22   -0.40665E-08   0.27714E-05
              25      23   -0.47489E-08   0.32365E-05
              25      24   -0.24343E-08   0.16590E-05
              25      25    0.11068E-07   0.75428E-05
              26       1    0.29593E-08   0.20168E-05
              26       2    0.16919E-08   0.11530E-05
              26       3   -0.49708E-06   0.33877E-03
              26       4   -0.38836E-06   0.26467E-03
              26       5   -0.34379E-07   0.23430E-04
              26       6    0.20298E-07   0.13833E-04
              26       7    0.34888E-08   0.23776E-05
              26       8   -0.24426E-08   0.16647E-05
              26       9   -0.96757E-10   0.65941E-07
              26      10    0.23838E-08   0.16246E-05
              26      11    0.31335E-08   0.21355E-05
              26      12   -0.16042E-08   0.10933E-05
              26      13    0.33467E-07   0.22809E-04
              26      14   -0.51609E-07   0.35173E-04
              26      15   -0.10091E-06   0.68770E-04
              26      16    0.15431E-07   0.10516E-04
              26      17   -0.10949E-07   0.74619E-05
              26      18   -0.37209E-08   0.25359E-05
              26      19    0.52472E-09   0.35761E-06
              26      20   -0.21399E-08   0.14584E-05
              26      21    0.61324E-08   0.41793E-05
              26      22   -0.50929E-08   0.34709E-05
              26      23   -0.59490E-08   0.40543E-05
              26      24   -0.30500E-08   0.20786E-05
              26      25    0.13867E-07   0.94509E-05
              26      26    0.17376E-07   0.11842E-04
              27       1   -0.13279E-08   0.90497E-06
              27       2   -0.75806E-09   0.51663E-06
              27       3    0.22253E-06   0.15165E-03
              27       4    0.17302E-06   0.11792E-03
              27       5    0.15263E-07   0.10402E-04
              27       6   -0.90057E-08   0.61375E-05
              27       7   -0.14039E-08   0.95680E-06
              27       8    0.95796E-09   0.65286E-06
              27       9    0.24343E-10   0.16590E-07
              27      10   -0.11620E-08   0.79191E-06
              27      11   -0.14724E-08   0.10035E-05
              27      12    0.72801E-09   0.49615E-06
              27      13   -0.14845E-07   0.10117E-04
              27      14    0.22804E-07   0.15541E-04
              27      15    0.44592E-07   0.30390E-04
              27      16   -0.68392E-08   0.46610E-05
              27      17    0.48564E-08   0.33097E-05
              27      18    0.16510E-08   0.11252E-05
              27      19   -0.23302E-09   0.15881E-06
              27      20    0.95075E-09   0.64795E-06
              27      21   -0.27247E-08   0.18569E-05
              27      22    0.22647E-08   0.15434E-05
              27      23    0.26468E-08   0.18038E-05
              27      24    0.13575E-08   0.92517E-06
              27      25   -0.61727E-08   0.42068E-05
              27      26   -0.77348E-08   0.52714E-05
              27      27    0.34435E-08   0.23468E-05
              28       1    0.76804E-09   0.52343E-06
              28       2    0.43692E-09   0.29777E-06
              28       3   -0.12798E-06   0.87222E-04
              28       4   -0.98356E-07   0.67031E-04
              28       5   -0.86015E-08   0.58621E-05
              28       6    0.50675E-08   0.34536E-05
              28       7    0.59186E-09   0.40336E-06
              28       8   -0.36611E-09   0.24951E-06
              28       9    0.11784E-10   0.80312E-08
              28      10    0.79555E-09   0.54218E-06
              28      11    0.93949E-09   0.64028E-06
              28      12   -0.43131E-09   0.29394E-06
              28      13    0.83577E-08   0.56959E-05
              28      14   -0.12726E-07   0.86726E-05
              28      15   -0.24890E-07   0.16963E-04
              28      16    0.38437E-08   0.26195E-05
              28      17   -0.27340E-08   0.18633E-05
              28      18   -0.93026E-09   0.63399E-06
              28      19    0.13156E-09   0.89658E-07
              28      20   -0.53732E-09   0.36619E-06
              28      21    0.15400E-08   0.10495E-05
              28      22   -0.12825E-08   0.87402E-06
              28      23   -0.15007E-08   0.10228E-05
              28      24   -0.77041E-09   0.52505E-06
              28      25    0.35039E-08   0.23880E-05
              28      26    0.43910E-08   0.29926E-05
              28      27   -0.19554E-08   0.13326E-05
              28      28    0.11110E-08   0.75716E-06
              29       1    0.24904E-08   0.16973E-05
              29       2    0.14159E-08   0.96495E-06
              29       3   -0.41459E-06   0.28255E-03
              29       4   -0.31798E-06   0.21671E-03
              29       5   -0.27767E-07   0.18924E-04
              29       6    0.16354E-07   0.11146E-04
              29       7    0.17999E-08   0.12267E-05
              29       8   -0.10854E-08   0.73972E-06
              29       9    0.52160E-10   0.35548E-07
              29      10    0.26455E-08   0.18029E-05
              29      11    0.30928E-08   0.21078E-05
              29      12   -0.14037E-08   0.95663E-06
              29      13    0.26979E-07   0.18387E-04
              29      14   -0.41020E-07   0.27956E-04
              29      15   -0.80235E-07   0.54681E-04
              29      16    0.12404E-07   0.84536E-05
              29      17   -0.88257E-08   0.60149E-05
              29      18   -0.30034E-08   0.20468E-05
              29      19    0.42487E-09   0.28956E-06
              29      20   -0.17356E-08   0.11828E-05
              29      21    0.49744E-08   0.33901E-05
              29      22   -0.41439E-08   0.28241E-05
              29      23   -0.48502E-08   0.33055E-05
              29      24   -0.24903E-08   0.16972E-05
              29      25    0.11326E-07   0.77191E-05
              29      26    0.14194E-07   0.96736E-05
              29      27   -0.63210E-08   0.43079E-05
              29      28    0.35918E-08   0.24479E-05
              29      29    0.11613E-07   0.79141E-05
              30       1   -0.49538E-08   0.33761E-05
              30       2   -0.28107E-08   0.19156E-05
              30       3    0.82202E-06   0.56022E-03
              30       4    0.62627E-06   0.42681E-03
              30       5    0.54415E-07   0.37084E-04
              30       6   -0.32020E-07   0.21822E-04
              30       7   -0.28020E-08   0.19096E-05
              30       8    0.14956E-08   0.10193E-05
              30       9   -0.19453E-09   0.13257E-06
              30      10   -0.56873E-08   0.38760E-05
              30      11   -0.64497E-08   0.43956E-05
              30      12    0.28240E-08   0.19246E-05
              30      13   -0.52878E-07   0.36037E-04
              30      14    0.80028E-07   0.54541E-04
              30      15    0.15656E-06   0.10670E-03
              30      16   -0.24292E-07   0.16555E-04
              30      17    0.17300E-07   0.11790E-04
              30      18    0.58898E-08   0.40140E-05
              30      19   -0.83409E-09   0.56845E-06
              30      20    0.34092E-08   0.23234E-05
              30      21   -0.97715E-08   0.66594E-05
              30      22    0.81485E-08   0.55533E-05
              30      23    0.95438E-08   0.65042E-05
              30      24    0.49026E-08   0.33412E-05
              30      25   -0.22301E-07   0.15198E-04
              30      26   -0.27949E-07   0.19048E-04
              30      27    0.12448E-07   0.84836E-05
              30      28   -0.70756E-08   0.48222E-05
              30      29   -0.22877E-07   0.15591E-04
              30      30    0.45076E-07   0.30720E-04
              31       1    0.65005E-08   0.44302E-05
              31       2    0.36837E-08   0.25105E-05
              31       3   -0.10765E-05   0.73367E-03
              31       4   -0.81675E-06   0.55663E-03
              31       5   -0.70741E-07   0.48211E-04
              31       6    0.41604E-07   0.28354E-04
              31       7    0.30511E-08   0.20794E-05
              31       8   -0.14295E-08   0.97419E-06
              31       9    0.32801E-09   0.22354E-06
              31      10    0.78008E-08   0.53164E-05
              31      11    0.86983E-08   0.59280E-05
              31      12   -0.37299E-08   0.25420E-05
              31      13    0.68765E-07   0.46864E-04
              31      14   -0.10379E-06   0.70731E-04
              31      15   -0.20305E-06   0.13838E-03
              31      16    0.31575E-07   0.21519E-04
              31      17   -0.22500E-07   0.15334E-04
              31      18   -0.76621E-08   0.52219E-05
              31      19    0.10858E-08   0.73998E-06
              31      20   -0.44395E-08   0.30256E-05
              31      21    0.12725E-07   0.86722E-05
              31      22   -0.10618E-07   0.72364E-05
              31      23   -0.12441E-07   0.84790E-05
              31      24   -0.63929E-08   0.43569E-05
              31      25    0.29082E-07   0.19820E-04
              31      26    0.36449E-07   0.24841E-04
              31      27   -0.16235E-07   0.11065E-04
              31      28    0.92301E-08   0.62905E-05
              31      29    0.29844E-07   0.20339E-04
              31      30   -0.58810E-07   0.40080E-04
              31      31    0.76733E-07   0.52295E-04
              32       1   -0.40414E-08   0.27543E-05
              32       2   -0.22876E-08   0.15590E-05
              32       3    0.66806E-06   0.45529E-03
              32       4    0.50493E-06   0.34412E-03
              32       5    0.43607E-07   0.29719E-04
              32       6   -0.25633E-07   0.17469E-04
              32       7   -0.15489E-08   0.10556E-05
              32       8    0.59237E-09   0.40371E-06
              32       9   -0.24428E-09   0.16648E-06
              32      10   -0.50358E-08   0.34320E-05
              32      11   -0.55364E-08   0.37731E-05
              32      12    0.23317E-08   0.15891E-05
              32      13   -0.42406E-07   0.28901E-04
              32      14    0.63848E-07   0.43514E-04
              32      15    0.12492E-06   0.85138E-04
              32      16   -0.19464E-07   0.13265E-04
              32      17    0.13877E-07   0.94573E-05
              32      18    0.47268E-08   0.32214E-05
              32      19   -0.67022E-09   0.45676E-06
              32      20    0.27411E-08   0.18681E-05
              32      21   -0.78571E-08   0.53548E-05
              32      22    0.65599E-08   0.44707E-05
              32      23    0.76892E-08   0.52403E-05
              32      24    0.39521E-08   0.26934E-05
              32      25   -0.17980E-07   0.12253E-04
              32      26   -0.22535E-07   0.15358E-04
              32      27    0.10038E-07   0.68414E-05
              32      28   -0.57081E-08   0.38902E-05
              32      29   -0.18457E-07   0.12578E-04
              32      30    0.36374E-07   0.24789E-04
              32      31   -0.47461E-07   0.32346E-04
              32      32    0.29358E-07   0.20008E-04
              33       1    0.51992E-08   0.35433E-05
              33       2    0.29413E-08   0.20046E-05
              33       3   -0.85870E-06   0.58522E-03
              33       4   -0.64785E-06   0.44152E-03
              33       5   -0.55874E-07   0.38079E-04
              33       6    0.32835E-07   0.22378E-04
              33       7    0.17822E-08   0.12146E-05
              33       8   -0.58302E-09   0.39733E-06
              33       9    0.33861E-09   0.23077E-06
              33      10    0.65902E-08   0.44913E-05
              33      11    0.71994E-08   0.49065E-05
              33      12   -0.30072E-08   0.20494E-05
              33      13    0.54348E-07   0.37039E-04
              33      14   -0.81736E-07   0.55705E-04
              33      15   -0.15993E-06   0.10899E-03
              33      16    0.24941E-07   0.16998E-04
              33      17   -0.17786E-07   0.12121E-04
              33      18   -0.60590E-08   0.41293E-05
              33      19    0.85934E-09   0.58565E-06
              33      20   -0.35151E-08   0.23956E-05
              33      21    0.10076E-07   0.68668E-05
              33      22   -0.84145E-08   0.57346E-05
              33      23   -0.98648E-08   0.67230E-05
              33      24   -0.50710E-08   0.34559E-05
              33      25    0.23070E-07   0.15723E-04
              33      26    0.28916E-07   0.19707E-04
              33      27   -0.12881E-07   0.87788E-05
              33      28    0.73252E-08   0.49922E-05
              33      29    0.23686E-07   0.16142E-04
              33      30   -0.46681E-07   0.31814E-04
              33      31    0.60912E-07   0.41513E-04
              33      32   -0.37679E-07   0.25679E-04
              33      33    0.48359E-07   0.32958E-04
              34       1   -0.34570E-08   0.23560E-05
              34       2   -0.19545E-08   0.13320E-05
              34       3    0.57038E-06   0.38872E-03
              34       4    0.42942E-06   0.29266E-03
              34       5    0.36976E-07   0.25199E-04
              34       6   -0.21723E-07   0.14805E-04
              34       7   -0.10223E-08   0.69671E-06
              34       8    0.24918E-09   0.16982E-06
              34       9   -0.24396E-09   0.16626E-06
              34      10   -0.44679E-08   0.30449E-05
              34      11   -0.48460E-08   0.33026E-05
              34      12    0.20052E-08   0.13665E-05
              34      13   -0.35977E-07   0.24519E-04
              34      14    0.54037E-07   0.36827E-04
              34      15    0.10574E-06   0.72061E-04
              34      16   -0.16507E-07   0.11250E-04
              34      17    0.11775E-07   0.80245E-05
              34      18    0.40117E-08   0.27340E-05
              34      19   -0.56915E-09   0.38789E-06
              34      20    0.23285E-08   0.15869E-05
              34      21   -0.66745E-08   0.45488E-05
              34      22    0.55758E-08   0.38000E-05
              34      23    0.65381E-08   0.44558E-05
              34      24    0.33614E-08   0.22908E-05
              34      25   -0.15293E-07   0.10423E-04
              34      26   -0.19169E-07   0.13064E-04
              34      27    0.85394E-08   0.58197E-05
              34      28   -0.48565E-08   0.33098E-05
              34      29   -0.15704E-07   0.10702E-04
              34      30    0.30951E-07   0.21094E-04
              34      31   -0.40388E-07   0.27525E-04
              34      32    0.24984E-07   0.17027E-04
              34      33   -0.32066E-07   0.21854E-04
              34      34    0.21263E-07   0.14491E-04
              35       1    0.16786E-08   0.11440E-05
              35       2    0.94866E-09   0.64652E-06
              35       3   -0.27678E-06   0.18863E-03
              35       4   -0.20810E-06   0.14182E-03
              35       5   -0.17901E-07   0.12199E-04
              35       6    0.10514E-07   0.71658E-05
              35       7    0.44687E-09   0.30455E-06
              35       8   -0.78865E-10   0.53748E-07
              35       9    0.12418E-09   0.84628E-07
              35      10    0.21955E-08   0.14963E-05
              35      11    0.23709E-08   0.16158E-05
              35      12   -0.97532E-09   0.66470E-06
              35      13    0.17421E-07   0.11873E-04
              35      14   -0.26145E-07   0.17818E-04
              35      15   -0.51159E-07   0.34866E-04
              35      16    0.79922E-08   0.54468E-05
              35      17   -0.57018E-08   0.38858E-05
              35      18   -0.19428E-08   0.13241E-05
              35      19    0.27569E-09   0.18788E-06
              35      20   -0.11280E-08   0.76875E-06
              35      21    0.32334E-08   0.22036E-05
              35      22   -0.27016E-08   0.18412E-05
              35      23   -0.31683E-08   0.21592E-05
              35      24   -0.16290E-08   0.11102E-05
              35      25    0.74117E-08   0.50512E-05
              35      26    0.92901E-08   0.63313E-05
              35      27   -0.41387E-08   0.28206E-05
              35      28    0.23539E-08   0.16042E-05
              35      29    0.76115E-08   0.51873E-05
              35      30   -0.15002E-07   0.10224E-04
              35      31    0.19577E-07   0.13342E-04
              35      32   -0.12110E-07   0.82535E-05
              35      33    0.15543E-07   0.10593E-04
              35      34   -0.10307E-07   0.70243E-05
              35      35    0.49962E-08   0.34050E-05
              36       1    0.58862E-09   0.40115E-06
              36       2    0.33237E-09   0.22652E-06
              36       3   -0.96924E-07   0.66056E-04
              36       4   -0.72670E-07   0.49526E-04
              36       5   -0.62376E-08   0.42510E-05
              36       6    0.36624E-08   0.24960E-05
              36       7    0.12049E-09   0.82119E-07
              36       8    0.31350E-11   0.21365E-08
              36       9    0.47718E-10   0.32520E-07
              36      10    0.78884E-09   0.53761E-06
              36      11    0.84434E-09   0.57543E-06
              36      12   -0.34320E-09   0.23390E-06
              36      13    0.60734E-08   0.41391E-05
              36      14   -0.90995E-08   0.62015E-05
              36      15   -0.17807E-07   0.12136E-04
              36      16    0.27857E-08   0.18985E-05
              36      17   -0.19880E-08   0.13549E-05
              36      18   -0.67751E-09   0.46174E-06
              36      19    0.96179E-10   0.65548E-07
              36      20   -0.39361E-09   0.26825E-06
              36      21    0.11283E-08   0.76895E-06
              36      22   -0.94311E-09   0.64275E-06
              36      23   -0.11063E-08   0.75397E-06
              36      24   -0.56894E-09   0.38774E-06
              36      25    0.25887E-08   0.17642E-05
              36      26    0.32448E-08   0.22114E-05
              36      27   -0.14456E-08   0.98522E-06
              36      28    0.82231E-09   0.56042E-06
              36      29    0.26590E-08   0.18122E-05
              36      30   -0.52413E-08   0.35720E-05
              36      31    0.68398E-08   0.46615E-05
              36      32   -0.42313E-08   0.28837E-05
              36      33    0.54309E-08   0.37012E-05
              36      34   -0.36013E-08   0.24543E-05
              36      35    0.17457E-08   0.11897E-05
              36      36    0.60998E-09   0.41571E-06
              37       1    0.13728E-08   0.93557E-06
              37       2    0.77420E-09   0.52763E-06
              37       3   -0.22560E-06   0.15375E-03
              37       4   -0.16844E-06   0.11480E-03
              37       5   -0.14412E-07   0.98218E-05
              37       6    0.84569E-08   0.57635E-05
              37       7    0.15713E-09   0.10709E-06
              37       8    0.11262E-09   0.76754E-07
              37       9    0.12554E-09   0.85559E-07
              37      10    0.19041E-08   0.12977E-05
              37      11    0.20129E-08   0.13719E-05
              37      12   -0.80434E-09   0.54817E-06
              37      13    0.14044E-07   0.95714E-05
              37      14   -0.20991E-07   0.14306E-04
              37      15   -0.41081E-07   0.27997E-04
              37      16    0.64396E-08   0.43887E-05
              37      17   -0.45981E-08   0.31337E-05
              37      18   -0.15674E-08   0.10682E-05
              37      19    0.22264E-09   0.15173E-06
              37      20   -0.91144E-09   0.62116E-06
              37      21    0.26127E-08   0.17806E-05
              37      22   -0.21852E-08   0.14892E-05
              37      23   -0.25643E-08   0.17476E-05
              37      24   -0.13191E-08   0.89899E-06
              37      25    0.60022E-08   0.40906E-05
              37      26    0.75238E-08   0.51276E-05
              37      27   -0.33523E-08   0.22846E-05
              37      28    0.19072E-08   0.12998E-05
              37      29    0.61673E-08   0.42031E-05
              37      30   -0.12158E-07   0.82858E-05
              37      31    0.15867E-07   0.10814E-04
              37      32   -0.98162E-08   0.66899E-05
              37      33    0.12599E-07   0.85867E-05
              37      34   -0.83551E-08   0.56941E-05
              37      35    0.40502E-08   0.27602E-05
              37      36    0.14153E-08   0.96452E-06
              37      37    0.32838E-08   0.22380E-05
              38       1    0.95386E-09   0.65007E-06
              38       2    0.53760E-09   0.36639E-06
              38       3   -0.15660E-06   0.10672E-03
              38       4   -0.11668E-06   0.79517E-04
              38       5   -0.99666E-08   0.67924E-05
              38       6    0.58468E-08   0.39847E-05
              38       7    0.66357E-10   0.45223E-07
              38       8    0.11464E-09   0.78132E-07
              38       9    0.92149E-10   0.62801E-07
              38      10    0.13451E-08   0.91674E-06
              38      11    0.14136E-08   0.96341E-06
              38      12   -0.56019E-09   0.38178E-06
              38      13    0.97171E-08   0.66224E-05
              38      14   -0.14506E-07   0.98863E-05
              38      15   -0.28391E-07   0.19349E-04
              38      16    0.44548E-08   0.30360E-05
              38      17   -0.31817E-08   0.21684E-05
              38      18   -0.10847E-08   0.73926E-06
              38      19    0.15412E-09   0.10504E-06
              38      20   -0.63105E-09   0.43007E-06
              38      21    0.18090E-08   0.12329E-05
              38      22   -0.15134E-08   0.10314E-05
              38      23   -0.17763E-08   0.12106E-05
              38      24   -0.91388E-09   0.62282E-06
              38      25    0.41585E-08   0.28341E-05
              38      26    0.52128E-08   0.35526E-05
              38      27   -0.23227E-08   0.15830E-05
              38      28    0.13216E-08   0.90066E-06
              38      29    0.42736E-08   0.29125E-05
              38      30   -0.84251E-08   0.57418E-05
              38      31    0.10996E-07   0.74937E-05
              38      32   -0.68027E-08   0.46362E-05
              38      33    0.87316E-08   0.59508E-05
              38      34   -0.57903E-08   0.39462E-05
              38      35    0.28069E-08   0.19130E-05
              38      36    0.98084E-09   0.66846E-06
              38      37    0.22759E-08   0.15511E-05
              38      38    0.15774E-08   0.10750E-05

             *** ACCELERATION-TYPE QUANTITY ***

           MAXIMUM TERM =  35979.    

             MODE  MODE   COVARIANCE    COVARIANCE
               I     J       TERM         RATIO

               1       1    0.44691       0.12421E-04
               2       1    0.20260E-01   0.56310E-06
               2       2    0.22104       0.61435E-05
               3       1    -4.4521       0.12374E-03
               3       2    -15.896       0.44180E-03
               3       3     23581.       0.65541    
               4       1    -1.8632       0.51786E-04
               4       2    -1.8509       0.51443E-04
               4       3     1072.3       0.29802E-01
               4       4     35979.        1.0000    
               5       1   -0.96675E-01   0.26869E-05
               5       2   -0.79379E-01   0.22062E-05
               5       3     48.571       0.13500E-02
               5       4     1547.1       0.42998E-01
               5       5     448.80       0.12474E-01
               6       1    0.50518E-01   0.14041E-05
               6       2    0.39490E-01   0.10976E-05
               6       3    -25.067       0.69671E-03
               6       4    -778.93       0.21649E-01
               6       5    -264.88       0.73619E-02
               6       6     167.41       0.46529E-02
               7       1   -0.10019       0.27847E-05
               7       2   -0.84647E-01   0.23527E-05
               7       3     28.742       0.79884E-03
               7       4     24.533       0.68186E-03
               7       5     1.2859       0.35741E-04
               7       6   -0.63175       0.17559E-04
               7       7     154.27       0.42878E-02
               8       1    0.87801E-01   0.24403E-05
               8       2    0.73326E-01   0.20380E-05
               8       3    -24.870       0.69122E-03
               8       4    -22.415       0.62300E-03
               8       5    -1.3995       0.38897E-04
               8       6    0.74029       0.20575E-04
               8       7    -113.48       0.31540E-02
               8       8     109.69       0.30488E-02
               9       1    0.13105E-01   0.36424E-06
               9       2    0.10566E-01   0.29367E-06
               9       3    -3.5659       0.99109E-04
               9       4    -3.6100       0.10034E-03
               9       5   -0.29701       0.82550E-05
               9       6    0.17106       0.47544E-05
               9       7    -4.2619       0.11845E-03
               9       8     5.2314       0.14540E-03
               9       9     1.9311       0.53673E-04
              10       1    0.76963E-01   0.21391E-05
              10       2    0.58041E-01   0.16132E-05
              10       3    -19.308       0.53665E-03
              10       4    -21.743       0.60431E-03
              10       5    -2.1699       0.60309E-04
              10       6     1.3038       0.36237E-04
              10       7    -1.2787       0.35539E-04
              10       8     1.5103       0.41976E-04
              10       9    0.55959       0.15553E-04
              10      10     40.764       0.11330E-02
              11       1    0.64172E-01   0.17836E-05
              11       2    0.47063E-01   0.13081E-05
              11       3    -15.540       0.43193E-03
              11       4    -17.870       0.49666E-03
              11       5    -1.8540       0.51530E-04
              11       6     1.1218       0.31180E-04
              11       7    0.24866       0.69111E-05
              11       8   -0.93424E-01   0.25966E-05
              11       9    0.70966E-01   0.19724E-05
              11      10     6.3546       0.17662E-03
              11      11     22.002       0.61153E-03
              12       1   -0.18164E-01   0.50485E-06
              12       2   -0.12721E-01   0.35356E-06
              12       3     4.1440       0.11518E-03
              12       4     4.8552       0.13495E-03
              12       5    0.52616       0.14624E-04
              12       6   -0.32065       0.89120E-05
              12       7   -0.29827       0.82900E-05
              12       8    0.24888       0.69172E-05
              12       9    0.31066E-01   0.86344E-06
              12      10    0.59401E-01   0.16510E-05
              12      11   -0.93319E-01   0.25937E-05
              12      12    0.95465       0.26533E-04
              13       1    0.25020       0.69541E-05
              13       2    0.17006       0.47267E-05
              13       3    -54.905       0.15260E-02
              13       4    -64.928       0.18046E-02
              13       5    -7.1997       0.20011E-03
              13       6     4.4029       0.12237E-03
              13       7     4.9754       0.13828E-03
              13       8    -4.2368       0.11776E-03
              13       9   -0.58123       0.16154E-04
              13      10    -2.8638       0.79596E-04
              13      11    -2.1141       0.58759E-04
              13      12    0.65554E-01   0.18220E-05
              13      13     63.312       0.17597E-02
              14       1   -0.35979       0.99999E-05
              14       2   -0.24331       0.67626E-05
              14       3     78.437       0.21800E-02
              14       4     92.960       0.25837E-02
              14       5     10.352       0.28771E-03
              14       6    -6.3345       0.17606E-03
              14       7    -7.3562       0.20446E-03
              14       8     6.2775       0.17448E-03
              14       9    0.86871       0.24145E-04
              14      10     4.4589       0.12393E-03
              14      11     3.4740       0.96555E-04
              14      12   -0.66013       0.18348E-04
              14      13    -33.430       0.92914E-03
              14      14     57.499       0.15981E-02
              15       1   -0.70611       0.19625E-04
              15       2   -0.47755       0.13273E-04
              15       3     153.94       0.42786E-02
              15       4     182.34       0.50680E-02
              15       5     20.297       0.56414E-03
              15       6    -12.420       0.34519E-03
              15       7    -14.384       0.39978E-03
              15       8     12.272       0.34110E-03
              15       9     1.6972       0.47172E-04
              15      10     8.6962       0.24170E-03
              15      11     6.7722       0.18822E-03
              15      12    -1.3284       0.36920E-04
              15      13    -48.842       0.13575E-02
              15      14     98.441       0.27360E-02
              15      15     175.39       0.48748E-02
              16       1    0.11583       0.32192E-05
              16       2    0.78612E-01   0.21849E-05
              16       3    -25.343       0.70437E-03
              16       4    -29.724       0.82614E-03
              16       5    -3.2822       0.91224E-04
              16       6     2.0059       0.55751E-04
              16       7     2.1901       0.60870E-04
              16       8    -1.8607       0.51715E-04
              16       9   -0.25313       0.70355E-05
              16      10    -1.2212       0.33943E-04
              16      11   -0.90113       0.25046E-04
              16      12    0.13437       0.37347E-05
              16      13     3.8061       0.10579E-03
              16      14    -8.4442       0.23469E-03
              16      15    -16.322       0.45365E-03
              16      16     1.9836       0.55132E-04
              17       1   -0.83689E-01   0.23260E-05
              17       2   -0.56845E-01   0.15799E-05
              17       3     18.323       0.50927E-03
              17       4     21.415       0.59519E-03
              17       5     2.3583       0.65547E-04
              17       6    -1.4407       0.40042E-04
              17       7    -1.5411       0.42834E-04
              17       8     1.3074       0.36337E-04
              17       9    0.17683       0.49148E-05
              17      10    0.83484       0.23203E-04
              17      11    0.60378       0.16781E-04
              17      12   -0.79179E-01   0.22007E-05
              17      13    -2.5416       0.70640E-04
              17      14     5.4480       0.15142E-03
              17      15     10.584       0.29417E-03
              17      16    -1.3292       0.36945E-04
              17      17    0.89607       0.24905E-04
              18       1   -0.28696E-01   0.79756E-06
              18       2   -0.19498E-01   0.54191E-06
              18       3     6.2843       0.17466E-03
              18       4     7.3303       0.20374E-03
              18       5    0.80612       0.22405E-04
              18       6   -0.49234       0.13684E-04
              18       7   -0.52090       0.14478E-04
              18       8    0.44154       0.12272E-04
              18       9    0.59534E-01   0.16547E-05
              18      10    0.27780       0.77211E-05
              18      11    0.19874       0.55237E-05
              18      12   -0.24190E-01   0.67234E-06
              18      13   -0.84156       0.23390E-04
              18      14     1.7721       0.49255E-04
              18      15     3.4490       0.95861E-04
              18      16   -0.43932       0.12210E-04
              18      17    0.29696       0.82537E-05
              18      18    0.98541E-01   0.27388E-05
              19       1    0.41342E-02   0.11491E-06
              19       2    0.28110E-02   0.78127E-07
              19       3   -0.90567       0.25172E-04
              19       4    -1.0509       0.29208E-04
              19       5   -0.11513       0.32000E-05
              19       6    0.70278E-01   0.19533E-05
              19       7    0.72203E-01   0.20068E-05
              19       8   -0.61070E-01   0.16974E-05
              19       9   -0.81657E-02   0.22696E-06
              19      10   -0.36931E-01   0.10264E-05
              19      11   -0.25658E-01   0.71315E-06
              19      12    0.24994E-02   0.69466E-07
              19      13    0.11213       0.31165E-05
              19      14   -0.22628       0.62891E-05
              19      15   -0.44175       0.12278E-04
              19      16    0.57967E-01   0.16111E-05
              19      17   -0.39424E-01   0.10957E-05
              19      18   -0.13119E-01   0.36464E-06
              19      19    0.17581E-02   0.48864E-07
              20       1   -0.17054E-01   0.47400E-06
              20       2   -0.11599E-01   0.32237E-06
              20       3     3.7360       0.10384E-03
              20       4     4.3211       0.12010E-03
              20       5    0.47237       0.13129E-04
              20       6   -0.28824       0.80112E-05
              20       7   -0.29099       0.80876E-05
              20       8    0.24580       0.68318E-05
              20       9    0.32703E-01   0.90893E-06
              20      10    0.14517       0.40347E-05
              20      11    0.99094E-01   0.27542E-05
              20      12   -0.82593E-02   0.22956E-06
              20      13   -0.44447       0.12353E-04
              20      14    0.87745       0.24388E-04
              20      15     1.7149       0.47664E-04
              20      16   -0.22820       0.63424E-05
              20      17    0.15567       0.43267E-05
              20      18    0.51878E-01   0.14419E-05
              20      19   -0.69751E-02   0.19386E-06
              20      20    0.27720E-01   0.77044E-06
              21       1    0.48918E-01   0.13596E-05
              21       2    0.33270E-01   0.92469E-06
              21       3    -10.716       0.29785E-03
              21       4    -12.391       0.34439E-03
              21       5    -1.3543       0.37641E-04
              21       6    0.82637       0.22968E-04
              21       7    0.83300       0.23152E-04
              21       8   -0.70358       0.19555E-04
              21       9   -0.93567E-01   0.26006E-05
              21      10   -0.41467       0.11525E-04
              21      11   -0.28264       0.78557E-05
              21      12    0.23222E-01   0.64543E-06
              21      13     1.2708       0.35320E-04
              21      14    -2.5043       0.69605E-04
              21      15    -4.8950       0.13605E-03
              21      16    0.65206       0.18123E-04
              21      17   -0.44493       0.12366E-04
              21      18   -0.14829       0.41216E-05
              21      19    0.19943E-01   0.55430E-06
              21      20   -0.79268E-01   0.22032E-05
              21      21    0.22668       0.63003E-05
              22       1   -0.41508E-01   0.11537E-05
              22       2   -0.28237E-01   0.78482E-06
              22       3     9.0891       0.25262E-03
              22       4     10.437       0.29008E-03
              22       5     1.1355       0.31558E-04
              22       6   -0.69233       0.19242E-04
              22       7   -0.67249       0.18691E-04
              22       8    0.56646       0.15744E-04
              22       9    0.74541E-01   0.20718E-05
              22      10    0.31756       0.88262E-05
              22      11    0.20842       0.57928E-05
              22      12   -0.11072E-01   0.30774E-06
              22      13    -1.0017       0.27841E-04
              22      14     1.8995       0.52794E-04
              22      15     3.7182       0.10334E-03
              22      16   -0.50692       0.14089E-04
              22      17    0.34774       0.96650E-05
              22      18    0.11619       0.32295E-05
              22      19   -0.15719E-01   0.43688E-06
              22      20    0.62666E-01   0.17417E-05
              22      21   -0.17925       0.49819E-05
              22      22    0.14252       0.39611E-05
              23       1   -0.49185E-01   0.13670E-05
              23       2   -0.33458E-01   0.92994E-06
              23       3     10.763       0.29915E-03
              23       4     12.293       0.34168E-03
              23       5     1.3328       0.37044E-04
              23       6   -0.81223       0.22575E-04
              23       7   -0.76721       0.21324E-04
              23       8    0.64493       0.17925E-04
              23       9    0.84196E-01   0.23401E-05
              23      10    0.34818       0.96772E-05
              23      11    0.22197       0.61695E-05
              23      12   -0.69699E-02   0.19372E-06
              23      13    -1.1298       0.31401E-04
              23      14     2.0926       0.58161E-04
              23      15     4.0989       0.11392E-03
              23      16   -0.56663       0.15749E-04
              23      17    0.38999       0.10839E-04
              23      18    0.13052       0.36276E-05
              23      19   -0.17722E-01   0.49257E-06
              23      20    0.70791E-01   0.19675E-05
              23      21   -0.20252       0.56287E-05
              23      22    0.16159       0.44912E-05
              23      23    0.18364       0.51039E-05
              24       1   -0.25483E-01   0.70826E-06
              24       2   -0.17332E-01   0.48173E-06
              24       3     5.5727       0.15489E-03
              24       4     6.3374       0.17614E-03
              24       5    0.68521       0.19044E-04
              24       6   -0.41739       0.11601E-04
              24       7   -0.38558       0.10717E-04
              24       8    0.32360       0.89940E-05
              24       9    0.41981E-01   0.11668E-05
              24      10    0.16953       0.47120E-05
              24      11    0.10556       0.29340E-05
              24      12   -0.14695E-02   0.40843E-07
              24      13   -0.56432       0.15685E-04
              24      14     1.0286       0.28588E-04
              24      15     2.0155       0.56020E-04
              24      16   -0.28128       0.78178E-05
              24      17    0.19405       0.53932E-05
              24      18    0.65014E-01   0.18070E-05
              24      19   -0.88512E-02   0.24601E-06
              24      20    0.35404E-01   0.98402E-06
              24      21   -0.10130       0.28154E-05
              24      22    0.81029E-01   0.22521E-05
              24      23    0.92235E-01   0.25636E-05
              24      24    0.46382E-01   0.12891E-05
              25       1    0.11615       0.32283E-05
              25       2    0.78997E-01   0.21956E-05
              25       3    -25.396       0.70584E-03
              25       4    -28.849       0.80183E-03
              25       5    -3.1171       0.86636E-04
              25       6     1.8986       0.52769E-04
              25       7     1.7443       0.48479E-04
              25       8    -1.4633       0.40670E-04
              25       9   -0.18954       0.52680E-05
              25      10   -0.76095       0.21150E-04
              25      11   -0.47103       0.13092E-04
              25      12    0.45000E-02   0.12507E-06
              25      13     2.5498       0.70869E-04
              25      14    -4.6305       0.12870E-03
              25      15    -9.0745       0.25221E-03
              25      16     1.2692       0.35274E-04
              25      17   -0.87601       0.24348E-04
              25      18   -0.29358       0.81597E-05
              25      19    0.39994E-01   0.11116E-05
              25      20   -0.16002       0.44477E-05
              25      21    0.45786       0.12726E-04
              25      22   -0.36647       0.10186E-04
              25      23   -0.41731       0.11599E-04
              25      24   -0.20991       0.58342E-05
              25      25    0.95005       0.26405E-04
              26       1    0.14572       0.40502E-05
              26       2    0.99107E-01   0.27545E-05
              26       3    -31.858       0.88546E-03
              26       4    -36.170       0.10053E-02
              26       5    -3.9067       0.10858E-03
              26       6     2.3794       0.66132E-04
              26       7     2.1797       0.60583E-04
              26       8    -1.8282       0.50813E-04
              26       9   -0.23662       0.65764E-05
              26      10   -0.94705       0.26322E-04
              26      11   -0.58441       0.16243E-04
              26      12    0.42457E-02   0.11800E-06
              26      13     3.1846       0.88512E-04
              26      14    -5.7725       0.16044E-03
              26      15    -11.313       0.31443E-03
              26      16     1.5840       0.44025E-04
              26      17    -1.0936       0.30396E-04
              26      18   -0.36656       0.10188E-04
              26      19    0.49950E-01   0.13883E-05
              26      20   -0.19990       0.55559E-05
              26      21    0.57195       0.15897E-04
              26      22   -0.45793       0.12727E-04
              26      23   -0.52156       0.14496E-04
              26      24   -0.26239       0.72927E-05
              26      25     1.1876       0.33008E-04
              26      26     1.4846       0.41261E-04
              27       1   -0.65058E-01   0.18082E-05
              27       2   -0.44243E-01   0.12297E-05
              27       3     14.220       0.39522E-03
              27       4     16.123       0.44812E-03
              27       5     1.7400       0.48362E-04
              27       6    -1.0596       0.29451E-04
              27       7   -0.96429       0.26801E-04
              27       8    0.80839       0.22468E-04
              27       9    0.10443       0.29025E-05
              27      10    0.41503       0.11535E-04
              27      11    0.25428       0.70673E-05
              27      12   -0.49566E-03   0.13776E-07
              27      13    -1.4072       0.39110E-04
              27      14     2.5400       0.70596E-04
              27      15     4.9784       0.13837E-03
              27      16   -0.69879       0.19422E-04
              27      17    0.48277       0.13418E-04
              27      18    0.16186       0.44987E-05
              27      19   -0.22072E-01   0.61348E-06
              27      20    0.88365E-01   0.24560E-05
              27      21   -0.25284       0.70273E-05
              27      22    0.20257       0.56303E-05
              27      23    0.23083       0.64155E-05
              27      24    0.11616       0.32286E-05
              27      25   -0.52580       0.14614E-04
              27      26   -0.65731       0.18269E-04
              27      27    0.29106       0.80896E-05
              28       1    0.37187E-01   0.10336E-05
              28       2    0.25284E-01   0.70274E-06
              28       3    -8.1229       0.22577E-03
              28       4    -9.1809       0.25517E-03
              28       5   -0.98886       0.27484E-04
              28       6    0.60201       0.16732E-04
              28       7    0.53911       0.14984E-04
              28       8   -0.45142       0.12547E-04
              28       9   -0.58052E-01   0.16135E-05
              28      10   -0.22679       0.63032E-05
              28      11   -0.13652       0.37944E-05
              28      12   -0.15158E-02   0.42131E-07
              28      13    0.78495       0.21817E-04
              28      14    -1.4035       0.39007E-04
              28      15    -2.7514       0.76471E-04
              28      16    0.38842       0.10796E-04
              28      17   -0.26873       0.74690E-05
              28      18   -0.90162E-01   0.25059E-05
              28      19    0.12315E-01   0.34229E-06
              28      20   -0.49347E-01   0.13715E-05
              28      21    0.14121       0.39246E-05
              28      22   -0.11331       0.31494E-05
              28      23   -0.12925       0.35925E-05
              28      24   -0.65096E-01   0.18093E-05
              28      25    0.29471       0.81910E-05
              28      26    0.36845       0.10241E-04
              28      27   -0.16318       0.45355E-05
              28      28    0.91535E-01   0.25441E-05
              29       1    0.12035       0.33449E-05
              29       2    0.81822E-01   0.22741E-05
              29       3    -26.285       0.73055E-03
              29       4    -29.692       0.82525E-03
              29       5    -3.1970       0.88857E-04
              29       6     1.9462       0.54092E-04
              29       7     1.7381       0.48307E-04
              29       8    -1.4551       0.40442E-04
              29       9   -0.18698       0.51968E-05
              29      10   -0.72830       0.20242E-04
              29      11   -0.43709       0.12148E-04
              29      12   -0.58403E-02   0.16232E-06
              29      13     2.5299       0.70316E-04
              29      14    -4.5164       0.12553E-03
              29      15    -8.8544       0.24610E-03
              29      16     1.2512       0.34775E-04
              29      17   -0.86584       0.24065E-04
              29      18   -0.29053       0.80750E-05
              29      19    0.39695E-01   0.11033E-05
              29      20   -0.15908       0.44213E-05
              29      21    0.45521       0.12652E-04
              29      22   -0.36539       0.10156E-04
              29      23   -0.41686       0.11586E-04
              29      24   -0.20997       0.58358E-05
              29      25    0.95061       0.26421E-04
              29      26     1.1885       0.33033E-04
              29      27   -0.52640       0.14631E-04
              29      28    0.29529       0.82073E-05
              29      29    0.95265       0.26478E-04
              30       1   -0.23785       0.66109E-05
              30       2   -0.16169       0.44940E-05
              30       3     51.929       0.14433E-02
              30       4     58.553       0.16274E-02
              30       5     6.2975       0.17503E-03
              30       6    -3.8330       0.10653E-03
              30       7    -3.3919       0.94275E-04
              30       8     2.8378       0.78872E-04
              30       9    0.36372       0.10109E-04
              30      10     1.4030       0.38993E-04
              30      11    0.83344       0.23164E-04
              30      12    0.17455E-01   0.48514E-06
              30      13    -4.9333       0.13711E-03
              30      14     8.7633       0.24356E-03
              30      15     17.182       0.47756E-03
              30      16    -2.4354       0.67688E-04
              30      17     1.6866       0.46878E-04
              30      18    0.56616       0.15736E-04
              30      19   -0.77423E-01   0.21519E-05
              30      20    0.31041       0.86275E-05
              30      21   -0.88829       0.24689E-04
              30      22    0.71364       0.19835E-04
              30      23    0.81463       0.22642E-04
              30      24    0.41049       0.11409E-04
              30      25    -1.8586       0.51658E-04
              30      26    -2.3238       0.64588E-04
              30      27     1.0294       0.28610E-04
              30      28   -0.57760       0.16054E-04
              30      29    -1.8635       0.51793E-04
              30      30     3.6457       0.10133E-03
              31       1    0.31091       0.86412E-05
              31       2    0.21133       0.58736E-05
              31       3    -67.860       0.18861E-02
              31       4    -76.429       0.21243E-02
              31       5    -8.2143       0.22831E-03
              31       6     4.9991       0.13894E-03
              31       7     4.3988       0.12226E-03
              31       8    -3.6786       0.10224E-03
              31       9   -0.47073       0.13083E-04
              31      10    -1.8047       0.50159E-04
              31      11    -1.0653       0.29607E-04
              31      12   -0.27405E-01   0.76169E-06
              31      13     6.3951       0.17774E-03
              31      14    -11.326       0.31480E-03
              31      15    -22.209       0.61728E-03
              31      16     3.1537       0.87653E-04
              31      17    -2.1851       0.60733E-04
              31      18   -0.73366       0.20391E-04
              31      19    0.10038       0.27900E-05
              31      20   -0.40258       0.11189E-04
              31      21     1.1521       0.32020E-04
              31      22   -0.92604       0.25738E-04
              31      23    -1.0575       0.29391E-04
              31      24   -0.53298       0.14813E-04
              31      25     2.4134       0.67077E-04
              31      26     3.0176       0.83869E-04
              31      27    -1.3368       0.37153E-04
              31      28    0.75020       0.20851E-04
              31      29     2.4204       0.67272E-04
              31      30    -4.7356       0.13162E-03
              31      31     6.1518       0.17098E-03
              32       1   -0.19262       0.53535E-05
              32       2   -0.13091       0.36385E-05
              32       3     42.031       0.11682E-02
              32       4     47.290       0.13144E-02
              32       5     5.0793       0.14117E-03
              32       6    -3.0909       0.85907E-04
              32       7    -2.7057       0.75202E-04
              32       8     2.2619       0.62866E-04
              32       9    0.28902       0.80331E-05
              32      10     1.1019       0.30627E-04
              32      11    0.64665       0.17973E-04
              32      12    0.19464E-01   0.54097E-06
              32      13    -3.9325       0.10930E-03
              32      14     6.9468       0.19308E-03
              32      15     13.623       0.37862E-03
              32      16    -1.9376       0.53852E-04
              32      17     1.3430       0.37328E-04
              32      18    0.45102       0.12535E-04
              32      19   -0.61740E-01   0.17160E-05
              32      20    0.24767       0.68836E-05
              32      21   -0.70877       0.19699E-04
              32      22    0.56998       0.15842E-04
              32      23    0.65106       0.18095E-04
              32      24    0.32822       0.91225E-05
              32      25    -1.4863       0.41310E-04
              32      26    -1.8584       0.51653E-04
              32      27    0.82333       0.22883E-04
              32      28   -0.46213       0.12844E-04
              32      29    -1.4910       0.41441E-04
              32      30     2.9175       0.81087E-04
              32      31    -3.7901       0.10534E-03
              32      32     2.3351       0.64902E-04
              33       1    0.24739       0.68760E-05
              33       2    0.16813       0.46730E-05
              33       3    -53.978       0.15002E-02
              33       4    -60.701       0.16871E-02
              33       5    -6.5179       0.18116E-03
              33       6     3.9661       0.11023E-03
              33       7     3.4634       0.96260E-04
              33       8    -2.8947       0.80456E-04
              33       9   -0.36964       0.10274E-04
              33      10    -1.4056       0.39067E-04
              33      11   -0.82256       0.22862E-04
              33      12   -0.26474E-01   0.73582E-06
              33      13     5.0332       0.13989E-03
              33      14    -8.8804       0.24682E-03
              33      15    -17.415       0.48402E-03
              33      16     2.4788       0.68895E-04
              33      17    -1.7185       0.47765E-04
              33      18   -0.57718       0.16042E-04
              33      19    0.79027E-01   0.21965E-05
              33      20   -0.31705       0.88121E-05
              33      21    0.90735       0.25219E-04
              33      22   -0.72983       0.20285E-04
              33      23   -0.83377       0.23174E-04
              33      24   -0.42038       0.11684E-04
              33      25     1.9037       0.52910E-04
              33      26     2.3803       0.66158E-04
              33      27    -1.0546       0.29310E-04
              33      28    0.59196       0.16453E-04
              33      29     1.9099       0.53083E-04
              33      30    -3.7373       0.10387E-03
              33      31     4.8552       0.13494E-03
              33      32    -2.9914       0.83144E-04
              33      33     3.8322       0.10651E-03
              34       1   -0.16418       0.45632E-05
              34       2   -0.11157       0.31011E-05
              34       3     35.817       0.99549E-03
              34       4     40.255       0.11188E-02
              34       5     4.3210       0.12010E-03
              34       6    -2.6291       0.73073E-04
              34       7    -2.2893       0.63628E-04
              34       8     1.9130       0.53171E-04
              34       9    0.24409       0.67841E-05
              34      10    0.92533       0.25718E-04
              34      11    0.53973       0.15001E-04
              34      12    0.18696E-01   0.51963E-06
              34      13    -3.3266       0.92458E-04
              34      14     5.8611       0.16290E-03
              34      15     11.494       0.31947E-03
              34      16    -1.6375       0.45513E-04
              34      17     1.1356       0.31561E-04
              34      18    0.38142       0.10601E-04
              34      19   -0.52238E-01   0.14519E-05
              34      20    0.20960       0.58257E-05
              34      21   -0.59985       0.16672E-04
              34      22    0.48262       0.13414E-04
              34      23    0.55145       0.15327E-04
              34      24    0.27807       0.77285E-05
              34      25    -1.2592       0.34999E-04
              34      26    -1.5746       0.43763E-04
              34      27    0.69761       0.19389E-04
              34      28   -0.39162       0.10885E-04
              34      29    -1.2635       0.35119E-04
              34      30     2.4726       0.68723E-04
              34      31    -3.2123       0.89282E-04
              34      32     1.9793       0.55011E-04
              34      33    -2.5356       0.70473E-04
              34      34     1.6777       0.46629E-04
              35       1    0.79626E-01   0.22131E-05
              35       2    0.54110E-01   0.15039E-05
              35       3    -17.369       0.48276E-03
              35       4    -19.515       0.54238E-03
              35       5    -2.0942       0.58206E-04
              35       6     1.2742       0.35414E-04
              35       7     1.1075       0.30782E-04
              35       8   -0.92535       0.25719E-04
              35       9   -0.11801       0.32799E-05
              35      10   -0.44650       0.12410E-04
              35      11   -0.25990       0.72236E-05
              35      12   -0.94063E-02   0.26143E-06
              35      13     1.6092       0.44726E-04
              35      14    -2.8328       0.78734E-04
              35      15    -5.5555       0.15441E-03
              35      16    0.79191       0.22010E-04
              35      17   -0.54923       0.15265E-04
              35      18   -0.18449       0.51278E-05
              35      19    0.25272E-01   0.70239E-06
              35      20   -0.10141       0.28186E-05
              35      21    0.29022       0.80664E-05
              35      22   -0.23354       0.64909E-05
              35      23   -0.26687       0.74174E-05
              35      24   -0.13458       0.37405E-05
              35      25    0.60947       0.16939E-04
              35      26    0.76209       0.21181E-04
              35      27   -0.33765       0.93846E-05
              35      28    0.18956       0.52685E-05
              35      29    0.61161       0.16999E-04
              35      30    -1.1969       0.33265E-04
              35      31     1.5550       0.43218E-04
              35      32   -0.95810       0.26629E-04
              35      33     1.2274       0.34114E-04
              35      34   -0.81212       0.22572E-04
              35      35    0.39313       0.10927E-04
              36       1    0.27852E-01   0.77411E-06
              36       2    0.18926E-01   0.52601E-06
              36       3    -6.0744       0.16883E-03
              36       4    -6.8194       0.18954E-03
              36       5   -0.73149       0.20331E-04
              36       6    0.44503       0.12369E-04
              36       7    0.38535       0.10710E-04
              36       8   -0.32188       0.89464E-05
              36       9   -0.41005E-01   0.11397E-05
              36      10   -0.15452       0.42947E-05
              36      11   -0.89553E-01   0.24890E-05
              36      12   -0.35343E-02   0.98233E-07
              36      13    0.55986       0.15560E-04
              36      14   -0.98379       0.27343E-04
              36      15    -1.9294       0.53626E-04
              36      16    0.27535       0.76530E-05
              36      17   -0.19102       0.53093E-05
              36      18   -0.64176E-01   0.17837E-05
              36      19    0.87938E-02   0.24441E-06
              36      20   -0.35294E-01   0.98096E-06
              36      21    0.10101       0.28074E-05
              36      22   -0.81307E-01   0.22598E-05
              36      23   -0.92933E-01   0.25829E-05
              36      24   -0.46872E-01   0.13028E-05
              36      25    0.21228       0.59000E-05
              36      26    0.26544       0.73776E-05
              36      27   -0.11761       0.32688E-05
              36      28    0.66033E-01   0.18353E-05
              36      29    0.21306       0.59217E-05
              36      30   -0.41696       0.11589E-04
              36      31    0.54173       0.15057E-04
              36      32   -0.33380       0.92776E-05
              36      33    0.42764       0.11886E-04
              36      34   -0.28295       0.78643E-05
              36      35    0.13697       0.38070E-05
              36      36    0.47725E-01   0.13264E-05
              37       1    0.64720E-01   0.17988E-05
              37       2    0.43973E-01   0.12222E-05
              37       3    -14.111       0.39221E-03
              37       4    -15.824       0.43981E-03
              37       5    -1.6962       0.47143E-04
              37       6     1.0318       0.28679E-04
              37       7    0.88846       0.24694E-04
              37       8   -0.74183       0.20618E-04
              37       9   -0.94354E-01   0.26225E-05
              37      10   -0.35342       0.98228E-05
              37      11   -0.20350       0.56560E-05
              37      12   -0.90284E-02   0.25093E-06
              37      13     1.2907       0.35872E-04
              37      14    -2.2621       0.62872E-04
              37      15    -4.4368       0.12331E-03
              37      16    0.63424       0.17628E-04
              37      17   -0.44019       0.12235E-04
              37      18   -0.14792       0.41112E-05
              37      19    0.20278E-01   0.56361E-06
              37      20   -0.81410E-01   0.22627E-05
              37      21    0.23299       0.64757E-05
              37      22   -0.18764       0.52152E-05
              37      23   -0.21454       0.59628E-05
              37      24   -0.10823       0.30081E-05
              37      25    0.49018       0.13624E-04
              37      26    0.61296       0.17037E-04
              37      27   -0.27161       0.75490E-05
              37      28    0.15252       0.42391E-05
              37      29    0.49212       0.13678E-04
              37      30   -0.96318       0.26770E-04
              37      31     1.2514       0.34782E-04
              37      32   -0.77115       0.21433E-04
              37      33    0.98794       0.27459E-04
              37      34   -0.65371       0.18169E-04
              37      35    0.31645       0.87954E-05
              37      36    0.11026       0.30646E-05
              37      37    0.25476       0.70809E-05
              38       1    0.44888E-01   0.12476E-05
              38       2    0.30497E-01   0.84762E-06
              38       3    -9.7860       0.27199E-03
              38       4    -10.967       0.30482E-03
              38       5    -1.1752       0.32663E-04
              38       6    0.71486       0.19869E-04
              38       7    0.61380       0.17060E-04
              38       8   -0.51240       0.14241E-04
              38       9   -0.65121E-01   0.18099E-05
              38      10   -0.24318       0.67589E-05
              38      11   -0.13957       0.38791E-05
              38      12   -0.65381E-02   0.18172E-06
              38      13    0.89162       0.24782E-04
              38      14    -1.5608       0.43379E-04
              38      15    -3.0613       0.85084E-04
              38      16    0.43798       0.12173E-04
              38      17   -0.30404       0.84504E-05
              38      18   -0.10218       0.28399E-05
              38      19    0.14011E-01   0.38942E-06
              38      20   -0.56257E-01   0.15636E-05
              38      21    0.16101       0.44750E-05
              38      22   -0.12970       0.36048E-05
              38      23   -0.14831       0.41221E-05
              38      24   -0.74830E-01   0.20798E-05
              38      25    0.33892       0.94198E-05
              38      26    0.42382       0.11779E-04
              38      27   -0.18780       0.52197E-05
              38      28    0.10547       0.29313E-05
              38      29    0.34031       0.94584E-05
              38      30   -0.66607       0.18513E-04
              38      31    0.86544       0.24054E-04
              38      32   -0.53330       0.14822E-04
              38      33    0.68323       0.18990E-04
              38      34   -0.45209       0.12565E-04
              38      35    0.21885       0.60828E-05
              38      36    0.76257E-01   0.21195E-05
              38      37    0.17620       0.48972E-05
              38      38    0.12186       0.33870E-05


 ***** SUMMARY OF OUTPUT QUANTITIES COMPUTED *****
           AND WRITTEN ON RESULTS FILE

     DISPLACEMENT-TYPE QUANTITIES COMPUTED
      AND WRITTEN ON RESULTS FILE AS LOAD STEP  3
      VALUES ARE RELATIVE TO BASE

      THESE ARE STATISTICAL QUANTITIES WHICH
      CANNOT BE COMBINED OR TRANSFORMED IN ANY
      VECTORIAL SENSE


     VELOCITY-TYPE QUANTITIES COMPUTED
      AND WRITTEN ON RESULTS FILE AS LOAD STEP  4
      VALUES ARE ABSOLUTE

      THESE ARE STATISTICAL QUANTITIES WHICH
      CANNOT BE COMBINED OR TRANSFORMED IN ANY
      VECTORIAL SENSE


     ACCELERATION-TYPE QUANTITIES COMPUTED
      AND WRITTEN ON RESULTS FILE AS LOAD STEP  5
      VALUES ARE ABSOLUTE

      THESE ARE STATISTICAL QUANTITIES WHICH
      CANNOT BE COMBINED OR TRANSFORMED IN ANY
      VECTORIAL SENSE

 *************** Write FE CONNECTORS *********

 WRITE OUT CONSTRAINT EQUATIONS TO FILE= file.ce                                                                                                                                                                                                                                                             

 FINISH SOLUTION PROCESSING


 ***** ROUTINE COMPLETED *****  ELAPSED TIME =       417.559



 *** MAPDL - ENGINEERING ANALYSIS SYSTEM  RELEASE 2026 R1.02       26.1     ***
 Ansys Mechanical Enterprise Academic Research     
 01196637  VERSION=WINDOWS x64   11:27:57  OCT 05, 2026 Elapsed Time=    417.596

 powerboardsim_v1--RANDOM VIBE - X - 2pct damping (F5)                         



          ***** MAPDL RESULTS INTERPRETATION (POST1) *****

 *** NOTE ***                            ELAPSED TIME =     417.597   TIME= 11:27:57
 Reading results into the database (SET command) will update the current 
 displacement and force boundary conditions in the database with the     
 values from the results file for that load set.  Note that any          
 subsequent solutions will use these values unless action is taken to    
 either SAVE the current values or not overwrite them (/EXIT,NOSAVE).    

 *** NOTE ***                            ELAPSED TIME =     417.597   TIME= 11:27:57
 The nodal coordinates were updated from their original locations during 
 a prior operation (an explicit UPCOORD or UPGEOM, or a linear           
 perturbation analysis).                                                 

 ***** SUMMATION OF STATIC   FORCES AND MOMENTS IN THE GLOBAL COORDINATE SYSTEM *****
  (Excludes contact elements; issue FSUM,,both to include them)
                    (Spectrum Analysis summation is used)
  FX  =   68.73417    
  FY  =  0.4645559    
  FZ  =   3.323175    
  MX  =  0.2474491E-01
  MY  =   1.716906    
  MZ  =  0.5234175E-01

 SUMMATION POINT= 0.34812E-01 0.60407E-01 0.10401E-01

 PRINTOUT RESUMED BY /GOP

 *** NOTE ***                            ELAPSED TIME =     421.993   TIME= 11:28:01
 Write parameters to file= spectrum_reaction_parms.txt.                  

 *** NOTE ***                            ELAPSED TIME =     421.993   TIME= 11:28:01
 Parameters written.  Lines= 74.                                         

 EXIT THE MAPDL POST1 DATABASE PROCESSOR


 ***** ROUTINE COMPLETED *****  ELAPSED TIME =       421.993



 ALL CURRENT MAPDL DATA WRITTEN TO FILE NAME= file.db
  FOR POSSIBLE RESUME FROM THIS POINT

 *GET  _WALLASOL  FROM  ACTI  ITEM=TIME WALL  VALUE= 0.117919168    

 *** MAPDL - ENGINEERING ANALYSIS SYSTEM  RELEASE 2026 R1.02       26.1     ***
 Ansys Mechanical Enterprise Academic Research     
 01196637  VERSION=WINDOWS x64   11:28:04  OCT 05, 2026 Elapsed Time=    424.513

 powerboardsim_v1--RANDOM VIBE - X - 2pct damping (F5)                         



          ***** MAPDL RESULTS INTERPRETATION (POST1) *****

 *** NOTE ***                            ELAPSED TIME =     424.514   TIME= 11:28:04
 The nodal coordinates were updated from their original locations during 
 a prior operation (an explicit UPCOORD or UPGEOM, or a linear           
 perturbation analysis).                                                 

 PARAMETER _MECHOBJID =     4139.000000    

 PARAMETER _MECHANALYSISSTEP =     0.000000000    

 SET PARAMETER DIMENSIONS ON  _APDLBOLTCSIDS
  TYPE=ARRA  DIMENSIONS=        1        1        1

 *** WARNING ***                         ELAPSED TIME =     424.514   TIME= 11:28:04
 Parameter _APDLBOLTCSIDS already exists.  It is deleted and redefined   
 by the *DIM command.                                                    

 PARAMETER _APDLBOLTCSIDS(1) =     12.00000000    

 PARAMETER _BOLTZLOC =     0.000000000    

 PARAMETER _NUTWASHERZLOC =     0.000000000    

 PARAMETER _NUTZLOC =     0.000000000    

 PARAMETER _MECHOBJID =     4147.000000    

 PARAMETER _MECHANALYSISSTEP =     0.000000000    

 SET PARAMETER DIMENSIONS ON  _APDLBOLTCSIDS
  TYPE=ARRA  DIMENSIONS=        1        1        1

 *** WARNING ***                         ELAPSED TIME =     424.514   TIME= 11:28:04
 Parameter _APDLBOLTCSIDS already exists.  It is deleted and redefined   
 by the *DIM command.                                                    

 PARAMETER _APDLBOLTCSIDS(1) =     12.00000000    

 PARAMETER _BOLTZLOC =     0.000000000    

 PARAMETER _NUTWASHERZLOC =     0.000000000    

 PARAMETER _NUTZLOC =     0.000000000    

 PARAMETER _MECHOBJID =     4155.000000    

 PARAMETER _MECHANALYSISSTEP =     0.000000000    

 SET PARAMETER DIMENSIONS ON  _APDLBOLTCSIDS
  TYPE=ARRA  DIMENSIONS=        1        1        1

 *** WARNING ***                         ELAPSED TIME =     424.515   TIME= 11:28:04
 Parameter _APDLBOLTCSIDS already exists.  It is deleted and redefined   
 by the *DIM command.                                                    

 PARAMETER _APDLBOLTCSIDS(1) =     12.00000000    

 PARAMETER _BOLTZLOC =     0.000000000    

 PARAMETER _NUTWASHERZLOC =     0.000000000    

 PARAMETER _NUTZLOC =     0.000000000    

 PARAMETER _MECHOBJID =     4163.000000    

 PARAMETER _MECHANALYSISSTEP =     0.000000000    

 SET PARAMETER DIMENSIONS ON  _APDLBOLTCSIDS
  TYPE=ARRA  DIMENSIONS=        1        1        1

 *** WARNING ***                         ELAPSED TIME =     424.515   TIME= 11:28:04
 Parameter _APDLBOLTCSIDS already exists.  It is deleted and redefined   
 by the *DIM command.                                                    

 PARAMETER _APDLBOLTCSIDS(1) =     12.00000000    

 PARAMETER _BOLTZLOC =     0.000000000    

 PARAMETER _NUTWASHERZLOC =     0.000000000    

 PARAMETER _NUTZLOC =     0.000000000    

 PARAMETER _MECHOBJID =     4171.000000    

 PARAMETER _MECHANALYSISSTEP =     0.000000000    

 SET PARAMETER DIMENSIONS ON  _APDLBOLTCSIDS
  TYPE=ARRA  DIMENSIONS=        1        1        1

 *** WARNING ***                         ELAPSED TIME =     424.515   TIME= 11:28:04
 Parameter _APDLBOLTCSIDS already exists.  It is deleted and redefined   
 by the *DIM command.                                                    

 PARAMETER _APDLBOLTCSIDS(1) =     12.00000000    

 PARAMETER _BOLTZLOC =     0.000000000    

 PARAMETER _NUTWASHERZLOC =     0.000000000    

 PARAMETER _NUTZLOC =     0.000000000    

 PARAMETER _MECHOBJID =     4179.000000    

 PARAMETER _MECHANALYSISSTEP =     0.000000000    

 SET PARAMETER DIMENSIONS ON  _APDLBOLTCSIDS
  TYPE=ARRA  DIMENSIONS=        1        1        1

 *** WARNING ***                         ELAPSED TIME =     424.515   TIME= 11:28:04
 Parameter _APDLBOLTCSIDS already exists.  It is deleted and redefined   
 by the *DIM command.                                                    

 PARAMETER _APDLBOLTCSIDS(1) =     12.00000000    

 PARAMETER _BOLTZLOC =     0.000000000    

 PARAMETER _NUTWASHERZLOC =     0.000000000    

 PARAMETER _NUTZLOC =     0.000000000    

 Set Encoding of XML File to:ISO-8859-1

 Set Output of XML File to:
     PARM,     ,     ,     ,     ,     ,     ,     ,     ,     ,     ,     ,
         ,     ,     ,     ,     ,     ,     ,

 DATABASE WRITTEN ON FILE  parm.xml                                                                                                                                                                                                                                                            

 EXIT THE MAPDL POST1 DATABASE PROCESSOR


 ***** ROUTINE COMPLETED *****  ELAPSED TIME =       424.516



 PRINTOUT RESUMED BY /GOP

 *GET  _WALLDONE  FROM  ACTI  ITEM=TIME WALL  VALUE= 0.117921340    

 PARAMETER _PREPTIME =    -1.851247042    

 PARAMETER _SOLVTIME =     413.9642530    

 PARAMETER _POSTTIME =    0.7818375000E-02

 PARAMETER _TOTALTIM =     412.1208244    

 *GET  _DLBRATIO  FROM  ACTI  ITEM=SOLU DLBR  VALUE=  1.82363490    

 *GET  _COMBTIME  FROM  ACTI  ITEM=SOLU COMB  VALUE=  64.5400226    

 *GET  _SSMODE   FROM  ACTI  ITEM=SOLU SSMM  VALUE=  2.00000000    

 *GET  _NDOFS    FROM  ACTI  ITEM=SOLU NDOF  VALUE=  1071429.00    
 --- Total number of nodes = 369590
 --- Total number of elements = 248516
 --- Element load balance ratio = 1.8236349
 --- Time to combine distributed files = 64.5400226
 --- Sparse memory mode = 2
 --- Number of DOF = 1071429

 ***** END OF INPUT ENCOUNTERED *****

 PURGE ALL SOLUTION AND POST DATA
 SAVE ALL MODEL DATA

 ALL CURRENT MAPDL DATA WRITTEN TO FILE NAME= file.db
  FOR POSSIBLE RESUME FROM THIS POINT


 NUMBER OF WARNING MESSAGES ENCOUNTERED=         22
 NUMBER OF ERROR   MESSAGES ENCOUNTERED=          0

 *** NOTE ***                            ELAPSED TIME =     441.068   TIME= 11:28:20
 The solution for the current simulation was performed using 12 cores.   
 The parallel performance of this simulation on this hardware indicates  
 that this simulation would benefit from using additional CPU cores.     
 Consider using more CPU cores, which may require additional HPC         
 licenses, when running this simulation again on the same hardware.      

+--------------------- M A P D L   S T A T I S T I C S ------------------------+

Release: 2026 R1.02         Build: 26.1       Update: UP20260202   Platform: WINDOWS x64 
Date Run: 10/05/2026   Time: 11:28     Process ID: 16812
Operating System: Windows 11  (Build: 26200)

Processor Model:                           Virtual CPU @ 3.20GHz

Compiler: Intel(R) Fortran Compiler Classic Version 2021.9  (Build: 20230302)
          Intel(R) C/C++ Compiler Classic Version 2021.9  (Build: 20230302)
          AOCL-BLAS 5.1.1 Build 20251008
          Intel(R) oneAPI Math Kernel Library Version 2024.2.3-Product Build 20250403

Number of machines requested            :    1
Total number of cores available         :   14
Number of physical cores available      :   14
Number of processes requested           :   12
Number of threads per process requested :    1
Total number of cores requested         :   12 (Distributed Memory Parallel)               
MPI Type: INTELMPI
MPI Version: Intel(R) MPI Library 2021.16 for Windows* OS


GPU Acceleration: Not Requested

Job Name: file0
Input File: run.dat

  Core                Machine Name   Working Directory
 -----------------------------------------------------
     0             MARCDNICHITBF25   C:\Temp\PCBRV_20261005_X_local_v2
     1             MARCDNICHITBF25   C:\Temp\PCBRV_20261005_X_local_v2
     2             MARCDNICHITBF25   C:\Temp\PCBRV_20261005_X_local_v2
     3             MARCDNICHITBF25   C:\Temp\PCBRV_20261005_X_local_v2
     4             MARCDNICHITBF25   C:\Temp\PCBRV_20261005_X_local_v2
     5             MARCDNICHITBF25   C:\Temp\PCBRV_20261005_X_local_v2
     6             MARCDNICHITBF25   C:\Temp\PCBRV_20261005_X_local_v2
     7             MARCDNICHITBF25   C:\Temp\PCBRV_20261005_X_local_v2
     8             MARCDNICHITBF25   C:\Temp\PCBRV_20261005_X_local_v2
     9             MARCDNICHITBF25   C:\Temp\PCBRV_20261005_X_local_v2
    10             MARCDNICHITBF25   C:\Temp\PCBRV_20261005_X_local_v2
    11             MARCDNICHITBF25   C:\Temp\PCBRV_20261005_X_local_v2
 
Latency time from master to core     1 =   34.331 microseconds
Latency time from master to core     2 =   34.847 microseconds
Latency time from master to core     3 =  385.078 microseconds
Latency time from master to core     4 =   42.540 microseconds
Latency time from master to core     5 =   34.323 microseconds
Latency time from master to core     6 =   31.884 microseconds
Latency time from master to core     7 =  402.529 microseconds
Latency time from master to core     8 =   32.248 microseconds
Latency time from master to core     9 =   37.378 microseconds
Latency time from master to core    10 =  400.275 microseconds
Latency time from master to core    11 =   31.571 microseconds
 
Communication speed from master to core     1 =  1877.12 MB/sec
Communication speed from master to core     2 =  2135.07 MB/sec
Communication speed from master to core     3 =  2163.96 MB/sec
Communication speed from master to core     4 =   575.32 MB/sec
Communication speed from master to core     5 =   347.39 MB/sec
Communication speed from master to core     6 =   338.87 MB/sec
Communication speed from master to core     7 =   291.75 MB/sec
Communication speed from master to core     8 =   537.16 MB/sec
Communication speed from master to core     9 =   643.50 MB/sec
Communication speed from master to core    10 =   446.17 MB/sec
Communication speed from master to core    11 =   284.29 MB/sec

Total CPU time for main thread                    :      386.9 seconds
Total CPU time summed for all threads             :      432.8 seconds

Elapsed time spent obtaining a license            :        1.3 seconds
Elapsed time spent pre-processing model (/PREP7)  :        0.0 seconds
Elapsed time spent solution - preprocessing       :       27.6 seconds
Elapsed time spent computing solution             :      309.0 seconds
   Elapsed time in element formation & assembly   :       59.0 seconds
   Elapsed time in equation solver                :      109.9 seconds
   Elapsed time in element result calculations    :       23.9 seconds
Elapsed time spent solution - postprocessing      :       64.5 seconds
Elapsed time spent post-processing model (/POST1) :        4.4 seconds
 
Sparse direct equation solver computational rate  :       21.8 Gflops
Sparse direct equation solver effective I/O rate  :       29.5 GB/sec

Sum of disk space used on all processes           :    21194.5 MB

Sum of memory used on all processes               :    14695.0 MB
Sum of memory allocated on all processes          :    18978.0 MB
Physical memory available                         :        112 GB
Total amount of I/O written to disk               :       12.5 GB
Total amount of I/O read from disk                :       30.6 GB

+------------------ E N D   M A P D L   S T A T I S T I C S -------------------+


 *-----------------------------------------------------------------------------*
 |                                                                             |
 |                               RUN COMPLETED                                 |
 |                                                                             |
 |-----------------------------------------------------------------------------|
 |                                                                             |
 |  Ansys MAPDL 2026 R1.02      Build 26.1         UP20260202    WINDOWS x64   |
 |                                                                             |
 |-----------------------------------------------------------------------------|
 |                                                                             |
 |  Database Requested(-db)     1024 MB     Scratch Memory Requested   1024 MB |
 |  Max Database Used(Master)    706 MB     Max Scratch Used(Master)   1408 MB |
 |  Max Database Used(Workers)    10 MB     Max Scratch Used(Workers)  1601 MB |
 |  Sum Database Used(All)       810 MB     Sum Scratch Used(All)     13885 MB |
 |                                                                             |
 |-----------------------------------------------------------------------------|
 |                                                                             |
 |        CP Time      (sec) =        432.797       Time  =  11:28:20          |
 |        Elapsed Time (sec) =        441.068       Date  =  10/05/2026        |
 |                                                                             |
 *-----------------------------------------------------------------------------*
