
 Ansys Mechanical Enterprise Academic Research     


 *------------------------------------------------------------------*
 |                                                                  |
 |   W E L C O M E   T O   T H E   A N S Y S (R)  P R O G R A M     |
 |                                                                  |
 *------------------------------------------------------------------*




 ***************************************************************
 *         ANSYS MAPDL 2026 R1.02       LEGAL NOTICES          *
 ***************************************************************
 *                                                             *
 * Copyright (c) 2026 Synopsys, Inc. and ANSYS, Inc.           *
 * All rights reserved.                                        *
 * Unauthorized use, distribution or duplication is            *
 * prohibited.                                                 *
 *                                                             *
 * Ansys is a registered trademark of Ansys, Inc. or its       *
 * subsidiaries in the United States or other countries.       *
 * See the Ansys, Inc. online documentation or the Ansys, Inc. *
 * documentation CD or online help for the complete Legal      *
 * Notice.                                                     *
 *                                                             *
 ***************************************************************
 *                                                             *
 * THIS ANSYS SOFTWARE PRODUCT AND PROGRAM DOCUMENTATION       *
 * INCLUDE TRADE SECRETS AND CONFIDENTIAL AND PROPRIETARY      *
 * PRODUCTS OF ANSYS, INC., ITS SUBSIDIARIES, OR LICENSORS.    *
 * The software products and documentation are furnished by    *
 * Ansys, Inc. or its subsidiaries under a software license    *
 * agreement that contains provisions concerning               *
 * non-disclosure, copying, length and nature of use,          *
 * compliance with exporting laws, warranties, disclaimers,    *
 * limitations of liability, and remedies, and other           *
 * provisions.  The software products and documentation may be *
 * used, disclosed, transferred, or copied only in accordance  *
 * with the terms and conditions of that software license      *
 * agreement.                                                  *
 *                                                             *
 * Ansys, Inc. is a UL registered                              *
 * ISO 9001:2015 company.                                      *
 *                                                             *
 ***************************************************************
 *                                                             *
 * This product is subject to U.S. laws governing export and   *
 * re-export.                                                  *
 *                                                             *
 * For U.S. Government users, except as specifically granted   *
 * by the Ansys, Inc. software license agreement, the use,     *
 * duplication, or disclosure by the United States Government  *
 * is subject to restrictions stated in the Ansys, Inc.        *
 * software license agreement and FAR 12.212 (for non-DOD      *
 * licenses).                                                  *
 *                                                             *
 ***************************************************************

 2026 R1.02  
     
 Point Releases and Patches installed:   
     
 Ansys Service Pack 2026 R1.01   
 Ansys Service Pack 2026 R1.02   
 Ansys, Inc. License Manager 2026 R1 
 Ansys, Inc. License Manager 2026 R1.01  
 Ansys, Inc. License Manager 2026 R1.02  
 Discovery (reduced install) 2026 R1 
 Discovery (reduced install) 2026 R1.01  
 Discovery (reduced install) 2026 R1.02  
 Core WB Files 2026 R1   
 Core WB Files 2026 R1.01
 Core WB Files 2026 R1.02
 BladeModeler 2026 R1
 BladeModeler 2026 R1.01 
 BladeModeler 2026 R1.02 
 CFX (includes CFD-Post) 2026 R1 
 CFX (includes CFD-Post) 2026 R1.01  
 CFX (includes CFD-Post) 2026 R1.02  
 CFD-Post only 2026 R1   
 CFD-Post only 2026 R1.01
 CFD-Post only 2026 R1.02
 Chemkin 2026 R1 
 Chemkin 2026 R1.01  
 Chemkin 2026 R1.02  
 EnSight 2026 R1 
 EnSight 2026 R1.01  
 EnSight 2026 R1.02  
 FENSAP-ICE 2026 R1  
 FENSAP-ICE 2026 R1.01   
 FENSAP-ICE 2026 R1.02   
 Fluent (includes CFD-Post) 2026 R1  
 Fluent (includes CFD-Post) 2026 R1.01   
 Fluent (includes CFD-Post) 2026 R1.02   
 Polyflow (includes CFD-Post) 2026 R1
 Polyflow (includes CFD-Post) 2026 R1.01 
 Polyflow (includes CFD-Post) 2026 R1.02 
 Forte (includes EnSight) 2026 R1
 Forte (includes EnSight) 2026 R1.01 
 Forte (includes EnSight) 2026 R1.02 
 ICEM CFD 2026 R1
 ICEM CFD 2026 R1.01 
 ICEM CFD 2026 R1.02 
 RBF Morph Fluids UDF 2026 R1
 RBF Morph Fluids UDF 2026 R1.01 
 RBF Morph Fluids UDF 2026 R1.02 
 RBF Morph Libraries 2026 R1 
 RBF Morph Libraries 2026 R1.01  
 RBF Morph Libraries 2026 R1.02  
 Rocky 2026 R1   
 Rocky 2026 R1.01
 Rocky 2026 R1.02
 Thermal Desktop: AutoCAD 2026 R1
 Thermal Desktop: AutoCAD 2026 R1.01 
 Thermal Desktop: AutoCAD 2026 R1.02 
 Thermal Desktop: Thermal Desktop and TD Designer  2026 R1   
 Thermal Desktop: Thermal Desktop and TD Designer  2026 R1.01
 Thermal Desktop: Thermal Desktop and TD Designer  2026 R1.02
 Thermal Desktop: Sinda Solver 2026 R1   
 Thermal Desktop: Sinda Solver 2026 R1.01
 Thermal Desktop: Sinda Solver 2026 R1.02
 TurboGrid 2026 R1   
 TurboGrid 2026 R1.01
 TurboGrid 2026 R1.02
 Granta EduPack 2026 R1  
 Granta EduPack 2026 R1.01   
 Granta EduPack 2026 R1.02   
 Granta Selector 2026 R1 
 Granta Selector 2026 R1.01  
 Granta Selector 2026 R1.02  
 Dynamic Reporting 2026 R1   
 Dynamic Reporting 2026 R1.01
 Dynamic Reporting 2026 R1.02
 Remote Solve Manager Standalone Services 2026 R1
 Remote Solve Manager Standalone Services 2026 R1.01 
 Remote Solve Manager Standalone Services 2026 R1.02 
 Aqwa 2026 R1
 Aqwa 2026 R1.01 
 Aqwa 2026 R1.02 
 Autodyn 2026 R1 
 Autodyn 2026 R1.01  
 Autodyn 2026 R1.02  
 Customization Files for User Programmable Features 2026 R1  
 Customization Files for User Programmable Features 2026 R1.01   
 Customization Files for User Programmable Features 2026 R1.02   
 LS-DYNA 2026 R1 
 LS-DYNA 2026 R1.01  
 LS-DYNA 2026 R1.02  
 Material Calibration App 2026 R1
 Material Calibration App 2026 R1.01 
 Material Calibration App 2026 R1.02 
 Material Designer 2026 R1   
 Material Designer 2026 R1.01
 Material Designer 2026 R1.02
 Mechanical Products 2026 R1 
 Mechanical Products 2026 R1.01  
 Mechanical Products 2026 R1.02  
 Motion 2026 R1  
 Motion 2026 R1.01   
 Motion 2026 R1.02   
 RBF Morph 2026 R1   
 RBF Morph 2026 R1.01
 RBF Morph 2026 R1.02
 Sherlock 2026 R1
 Sherlock 2026 R1.01 
 Sherlock 2026 R1.02 
 Sound - SAS 2026 R1 
 Sound - SAS 2026 R1.01  
 Sound - SAS 2026 R1.02  
 ACIS Geometry Interface 2026 R1 
 ACIS Geometry Interface 2026 R1.01  
 ACIS Geometry Interface 2026 R1.02  
 AutoCAD Geometry Interface 2026 R1  
 AutoCAD Geometry Interface 2026 R1.01   
 AutoCAD Geometry Interface 2026 R1.02   
 Catia, Version 4 Geometry Interface 2026 R1 
 Catia, Version 4 Geometry Interface 2026 R1.01  
 Catia, Version 4 Geometry Interface 2026 R1.02  
 Catia, Version 5 Geometry Interface 2026 R1 
 Catia, Version 5 Geometry Interface 2026 R1.01  
 Catia, Version 5 Geometry Interface 2026 R1.02  
 Catia, Version 6 Geometry Interface 2026 R1 
 Catia, Version 6 Geometry Interface 2026 R1.01  
 Catia, Version 6 Geometry Interface 2026 R1.02  
 Creo Elements/Direct Modeling Geometry Interface 2026 R1
 Creo Elements/Direct Modeling Geometry Interface 2026 R1.01 
 Creo Elements/Direct Modeling Geometry Interface 2026 R1.02 
 Creo Parametric Geometry Interface 2026 R1  
 Creo Parametric Geometry Interface 2026 R1.01   
 Creo Parametric Geometry Interface 2026 R1.02   
 Inventor Geometry Interface 2026 R1 
 Inventor Geometry Interface 2026 R1.01  
 Inventor Geometry Interface 2026 R1.02  
 JTOpen Geometry Interface 2026 R1   
 JTOpen Geometry Interface 2026 R1.01
 JTOpen Geometry Interface 2026 R1.02
 NX Geometry Interface 2026 R1   
 NX Geometry Interface 2026 R1.01
 NX Geometry Interface 2026 R1.02
 Parasolid Geometry Interface  2026 R1   
 Parasolid Geometry Interface  2026 R1.01
 Parasolid Geometry Interface  2026 R1.02
 Solid Edge Geometry Interface 2026 R1   
 Solid Edge Geometry Interface 2026 R1.01
 Solid Edge Geometry Interface 2026 R1.02
 SOLIDWORKS Geometry Interface 2026 R1   
 SOLIDWORKS Geometry Interface 2026 R1.01
 SOLIDWORKS Geometry Interface 2026 R1.02


          *****  MAPDL COMMAND LINE ARGUMENTS  *****
  BATCH MODE REQUESTED (-b)    = NOLIST
  INPUT FILE COPY MODE (-c)    = COPY
  DISTRIBUTED MEMORY PARALLEL REQUESTED
      12 PARALLEL PROCESSES REQUESTED WITH SINGLE THREAD PER PROCESS
    TOTAL OF    12 CORES REQUESTED
  INPUT FILE NAME              = Z:\Developer\MIT_Rkt_Team\2026-7\MIT-RT-26_27-Work\simulation_work\avionics\powerboardsim\1\_ProjectScratch\ScrC805\dummy.dat
  OUTPUT FILE NAME             = Z:\Developer\MIT_Rkt_Team\2026-7\MIT-RT-26_27-Work\simulation_work\avionics\powerboardsim\1\_ProjectScratch\ScrC805\solve.out
  START-UP FILE MODE           = NOREAD
  STOP FILE MODE               = NOREAD

 RELEASE= 2026 R1.02           BUILD= 26.1      UP20260202   VERSION=WINDOWS x64 
 CURRENT JOBNAME=file0  15:52:08  OCT 04, 2026  Elapsed Time=       0.078


 PARAMETER _DS_PROGRESS =     999.0000000    

 /INPUT FILE= ds.dat  LINE=       0



 *** NOTE ***                            ELAPSED TIME =       7.156   TIME= 15:52:10
 The /CONFIG,NOELDB command is not valid in a distributed memory         
 parallel solution.  Command is ignored.                                 

 *GET  _WALLSTRT  FROM  ACTI  ITEM=TIME WALL  VALUE= 0.199664872E-02

 TITLE= 
 powerboardsim_v1--Modale (B5)                                                 

  ACT Extensions:
      LSDYNA, 2026.1
      5f463412-bd3e-484b-87e7-cbc0a665e474, wbex
      ANSYSMotion, 2026.1
      20180725-3f81-49eb-9f31-41364844c769, wbex
      Sherlock_App, 2026.1
      22267810-43dd-444c-b69c-948d1736da5a, wbex

 SET PARAMETER DIMENSIONS ON  _WB_PROJECTSCRATCH_DIR
  TYPE=STRI  DIMENSIONS=      248        1        1

 PARAMETER _WB_PROJECTSCRATCH_DIR(1) = Z:\Developer\MIT_Rkt_Team\2026-7\MIT-RT-26_27-Work\simulation_work\avionics\powerboardsim\1\_ProjectScratch\ScrC805\

 SET PARAMETER DIMENSIONS ON  _WB_SOLVERFILES_DIR
  TYPE=STRI  DIMENSIONS=      248        1        1

 PARAMETER _WB_SOLVERFILES_DIR(1) = Z:\Developer\MIT_Rkt_Team\2026-7\MIT-RT-26_27-Work\simulation_work\avionics\powerboardsim\1\powerboardsim_v1_files\dp0\global\MECH\SYS\Outil Contact\

 SET PARAMETER DIMENSIONS ON  _WB_USERFILES_DIR
  TYPE=STRI  DIMENSIONS=      248        1        1

 PARAMETER _WB_USERFILES_DIR(1) = Z:\Developer\MIT_Rkt_Team\2026-7\MIT-RT-26_27-Work\simulation_work\avionics\powerboardsim\1\powerboardsim_v1_files\user_files\
 --- Data in consistent MKS units. See Solving Units in the help system for more

 MKS UNITS SPECIFIED FOR INTERNAL    
  LENGTH        (l)  = METER (M)
  MASS          (M)  = KILOGRAM (KG)
  TIME          (t)  = SECOND (SEC)
  TEMPERATURE   (T)  = CELSIUS (C)
  TOFFSET            = 273.0
  CHARGE        (Q)  = COULOMB
  FORCE         (f)  = NEWTON (N) (KG-M/SEC2)
  HEAT               = JOULE (N-M)

  PRESSURE           = PASCAL (NEWTON/M**2)
  ENERGY        (W)  = JOULE (N-M)
  POWER         (P)  = WATT (N-M/SEC)
  CURRENT       (i)  = AMPERE (COULOMBS/SEC)
  CAPACITANCE   (C)  = FARAD
  INDUCTANCE    (L)  = HENRY
  MAGNETIC FLUX      = WEBER
  RESISTANCE    (R)  = OHM
  ELECTRIC POTENTIAL = VOLT

 INPUT  UNITS ARE ALSO SET TO MKS 

 *** MAPDL - ENGINEERING ANALYSIS SYSTEM  RELEASE 2026 R1.02       26.1     ***
 Ansys Mechanical Enterprise Academic Research     
 01196637  VERSION=WINDOWS x64   15:52:10  OCT 04, 2026 Elapsed Time=      7.196

 powerboardsim_v1--Modale (B5)                                                 



          ***** MAPDL ANALYSIS DEFINITION (PREP7) *****
 *********** Send User Defined Coordinate System(s) ***********
 *********** Nodes for the whole assembly ***********
 *********** Elements for Body 1 'COMP_C1|COMP_C1' ***********
 *********** Elements for Body 2 'COMP_C2|COMP_C2' ***********
 *********** Elements for Body 3 'COMP_C3|COMP_C3' ***********
 *********** Elements for Body 4 'COMP_C4|COMP_C4' ***********
 *********** Elements for Body 5 'COMP_C5|COMP_C5' ***********
 *********** Elements for Body 6 'COMP_C6|COMP_C6' ***********
 *********** Elements for Body 7 'COMP_C7|COMP_C7' ***********
 *********** Elements for Body 8 'COMP_C8|COMP_C8' ***********
 *********** Elements for Body 9 'COMP_C9|COMP_C9' ***********
 *********** Elements for Body 10 'COMP_C10|COMP_C10' ***********
 *********** Elements for Body 11 'COMP_C11|COMP_C11' ***********
 *********** Elements for Body 12 'COMP_C12|COMP_C12' ***********
 *********** Elements for Body 13 'COMP_C13|COMP_C13' ***********
 *********** Elements for Body 14 'COMP_C14|COMP_C14' ***********
 *********** Elements for Body 15 'COMP_C15|COMP_C15' ***********
 *********** Elements for Body 16 'COMP_C16|COMP_C16' ***********
 *********** Elements for Body 17 'COMP_C17|COMP_C17' ***********
 *********** Elements for Body 18 'COMP_C18|COMP_C18' ***********
 *********** Elements for Body 19 'COMP_C19|COMP_C19' ***********
 *********** Elements for Body 20 'COMP_C20|COMP_C20' ***********
 *********** Elements for Body 21 'COMP_C21|COMP_C21' ***********
 *********** Elements for Body 22 'COMP_C22|COMP_C22' ***********
 *********** Elements for Body 23 'COMP_C23|COMP_C23' ***********
 *********** Elements for Body 24 'COMP_C24|COMP_C24' ***********
 *********** Elements for Body 25 'COMP_C25|COMP_C25' ***********
 *********** Elements for Body 26 'COMP_C26|COMP_C26' ***********
 *********** Elements for Body 27 'COMP_C27|COMP_C27' ***********
 *********** Elements for Body 28 'COMP_C28|COMP_C28' ***********
 *********** Elements for Body 29 'COMP_C29|COMP_C29' ***********
 *********** Elements for Body 30 'COMP_C30|COMP_C30' ***********
 *********** Elements for Body 31 'COMP_C31|COMP_C31' ***********
 *********** Elements for Body 32 'COMP_C32|COMP_C32' ***********
 *********** Elements for Body 33 'COMP_C33|COMP_C33' ***********
 *********** Elements for Body 34 'COMP_C34|COMP_C34' ***********
 *********** Elements for Body 35 'COMP_C35|COMP_C35' ***********
 *********** Elements for Body 36 'COMP_C36|COMP_C36' ***********
 *********** Elements for Body 37 'COMP_C37|COMP_C37' ***********
 *********** Elements for Body 38 'COMP_C38|COMP_C38' ***********
 *********** Elements for Body 39 'COMP_C39|COMP_C39' ***********
 *********** Elements for Body 40 'COMP_C40|COMP_C40' ***********
 *********** Elements for Body 41 'COMP_C41|COMP_C41' ***********
 *********** Elements for Body 42 'COMP_C42|COMP_C42' ***********
 *********** Elements for Body 43 'COMP_C43|COMP_C43' ***********
 *********** Elements for Body 44 'COMP_C44|COMP_C44' ***********
 *********** Elements for Body 45 'COMP_C45|COMP_C45' ***********
 *********** Elements for Body 46 'COMP_C46|COMP_C46' ***********
 *********** Elements for Body 47 'COMP_C47|COMP_C47' ***********
 *********** Elements for Body 48 'COMP_C48|COMP_C48' ***********
 *********** Elements for Body 49 'COMP_C49|COMP_C49' ***********
 *********** Elements for Body 50 'COMP_C50|COMP_C50' ***********
 *********** Elements for Body 51 'COMP_C51|COMP_C51' ***********
 *********** Elements for Body 52 'COMP_C52|COMP_C52' ***********
 *********** Elements for Body 53 'COMP_C53|COMP_C53' ***********
 *********** Elements for Body 54 'COMP_C54|COMP_C54' ***********
 *********** Elements for Body 55 'COMP_C55|COMP_C55' ***********
 *********** Elements for Body 56 'COMP_C56|COMP_C56' ***********
 *********** Elements for Body 57 'COMP_C57|COMP_C57' ***********
 *********** Elements for Body 58 'COMP_C58|COMP_C58' ***********
 *********** Elements for Body 59 'COMP_C59|COMP_C59' ***********
 *********** Elements for Body 60 'COMP_C60|COMP_C60' ***********
 *********** Elements for Body 61 'COMP_C61|COMP_C61' ***********
 *********** Elements for Body 62 'COMP_C62|COMP_C62' ***********
 *********** Elements for Body 63 'COMP_C63|COMP_C63' ***********
 *********** Elements for Body 64 'COMP_C64|COMP_C64' ***********
 *********** Elements for Body 65 'COMP_C65|COMP_C65' ***********
 *********** Elements for Body 66 'COMP_C66|COMP_C66' ***********
 *********** Elements for Body 67 'COMP_C67|COMP_C67' ***********
 *********** Elements for Body 68 'COMP_C68|COMP_C68' ***********
 *********** Elements for Body 69 'COMP_C69|COMP_C69' ***********
 *********** Elements for Body 70 'COMP_C70|COMP_C70' ***********
 *********** Elements for Body 71 'COMP_C71|COMP_C71' ***********
 *********** Elements for Body 72 'COMP_C72|COMP_C72' ***********
 *********** Elements for Body 73 'COMP_C73|COMP_C73' ***********
 *********** Elements for Body 74 'COMP_C74|COMP_C74' ***********
 *********** Elements for Body 75 'COMP_D1|COMP_D1' ***********
 *********** Elements for Body 76 'COMP_D2|COMP_D2' ***********
 *********** Elements for Body 77 'COMP_D3|COMP_D3' ***********
 *********** Elements for Body 78 'COMP_D4|COMP_D4' ***********
 *********** Elements for Body 79 'COMP_D5|COMP_D5' ***********
 *********** Elements for Body 80 'COMP_D6|COMP_D6' ***********
 *********** Elements for Body 81 'COMP_D7|COMP_D7' ***********
 *********** Elements for Body 82 'COMP_D8|COMP_D8' ***********
 *********** Elements for Body 83 'COMP_D9|COMP_D9' ***********
 *********** Elements for Body 84 'COMP_D10|COMP_D10' ***********
 *********** Elements for Body 85 'COMP_IC1|COMP_IC1' ***********
 *********** Elements for Body 86 'COMP_IC2|COMP_IC2' ***********
 *********** Elements for Body 87 'COMP_IC3|COMP_IC3' ***********
 *********** Elements for Body 88 'COMP_IC4|COMP_IC4' ***********
 *********** Elements for Body 89 'COMP_IC5|COMP_IC5' ***********
 *********** Elements for Body 90 'COMP_IC7|COMP_IC7' ***********
 *********** Elements for Body 91 'COMP_IC8|COMP_IC8' ***********
 *********** Elements for Body 92 'COMP_IC9|COMP_IC9' ***********
 *********** Elements for Body 93 'COMP_IC10|COMP_IC10' ***********
 *********** Elements for Body 94 'COMP_IC11|COMP_IC11' ***********
 *********** Elements for Body 95 'COMP_IC12|COMP_IC12' ***********
 *********** Elements for Body 96 'COMP_IC13|COMP_IC13' ***********
 *********** Elements for Body 97 'COMP_IC14|COMP_IC14' ***********
 *********** Elements for Body 98 'COMP_IC15|COMP_IC15' ***********
 *********** Elements for Body 99 'COMP_J1|COMP_J1' ***********
 *********** Elements for Body 100 'COMP_J2|COMP_J2' ***********
 *********** Elements for Body 101 'COMP_J3|COMP_J3' ***********
 *********** Elements for Body 102 'COMP_J4|COMP_J4' ***********
 *********** Elements for Body 103 'COMP_J5|COMP_J5' ***********
 *********** Elements for Body 104 'COMP_J6|COMP_J6' ***********
 *********** Elements for Body 105 'COMP_L1|COMP_L1' ***********
 *********** Elements for Body 106 'COMP_L2|COMP_L2' ***********
 *********** Elements for Body 107 'COMP_L3|COMP_L3' ***********
 *********** Elements for Body 108 'COMP_L4|COMP_L4' ***********
 *********** Elements for Body 109 'COMP_L5|COMP_L5' ***********
 *********** Elements for Body 110 'COMP_L6|COMP_L6' ***********
 *********** Elements for Body 111 'COMP_Q1|COMP_Q1' ***********
 *********** Elements for Body 112 'COMP_Q2|COMP_Q2' ***********
 *********** Elements for Body 113 'COMP_Q3|COMP_Q3' ***********
 *********** Elements for Body 114 'COMP_Q4|COMP_Q4' ***********
 *********** Elements for Body 115 'COMP_R1|COMP_R1' ***********
 *********** Elements for Body 116 'COMP_R2|COMP_R2' ***********
 *********** Elements for Body 117 'COMP_R3|COMP_R3' ***********
 *********** Elements for Body 118 'COMP_R4|COMP_R4' ***********
 *********** Elements for Body 119 'COMP_R5|COMP_R5' ***********
 *********** Elements for Body 120 'COMP_R6|COMP_R6' ***********
 *********** Elements for Body 121 'COMP_R7|COMP_R7' ***********
 *********** Elements for Body 122 'COMP_R8|COMP_R8' ***********
 *********** Elements for Body 123 'COMP_R9|COMP_R9' ***********
 *********** Elements for Body 124 'COMP_R10|COMP_R10' ***********
 *********** Elements for Body 125 'COMP_R11|COMP_R11' ***********
 *********** Elements for Body 126 'COMP_R12|COMP_R12' ***********
 *********** Elements for Body 127 'COMP_R13|COMP_R13' ***********
 *********** Elements for Body 128 'COMP_R14|COMP_R14' ***********
 *********** Elements for Body 129 'COMP_R15|COMP_R15' ***********
 *********** Elements for Body 130 'COMP_R16|COMP_R16' ***********
 *********** Elements for Body 131 'COMP_R17|COMP_R17' ***********
 *********** Elements for Body 132 'COMP_R18|COMP_R18' ***********
 *********** Elements for Body 133 'COMP_R19|COMP_R19' ***********
 *********** Elements for Body 134 'COMP_R20|COMP_R20' ***********
 *********** Elements for Body 135 'COMP_R21|COMP_R21' ***********
 *********** Elements for Body 136 'COMP_R22|COMP_R22' ***********
 *********** Elements for Body 137 'COMP_R23|COMP_R23' ***********
 *********** Elements for Body 138 'COMP_R24|COMP_R24' ***********
 *********** Elements for Body 139 'COMP_R25|COMP_R25' ***********
 *********** Elements for Body 140 'COMP_R26|COMP_R26' ***********
 *********** Elements for Body 141 'COMP_R27|COMP_R27' ***********
 *********** Elements for Body 142 'COMP_R28|COMP_R28' ***********
 *********** Elements for Body 143 'COMP_R29|COMP_R29' ***********
 *********** Elements for Body 144 'COMP_R30|COMP_R30' ***********
 *********** Elements for Body 145 'COMP_R31|COMP_R31' ***********
 *********** Elements for Body 146 'COMP_R32|COMP_R32' ***********
 *********** Elements for Body 147 'COMP_R33|COMP_R33' ***********
 *********** Elements for Body 148 'COMP_R34|COMP_R34' ***********
 *********** Elements for Body 149 'COMP_R35|COMP_R35' ***********
 *********** Elements for Body 150 'COMP_R36|COMP_R36' ***********
 *********** Elements for Body 151 'COMP_R37|COMP_R37' ***********
 *********** Elements for Body 152 'COMP_R38|COMP_R38' ***********
 *********** Elements for Body 153 'COMP_R39|COMP_R39' ***********
 *********** Elements for Body 154 'COMP_R40|COMP_R40' ***********
 *********** Elements for Body 155 'COMP_R41|COMP_R41' ***********
 *********** Elements for Body 156 'COMP_R42|COMP_R42' ***********
 *********** Elements for Body 157 'COMP_R43|COMP_R43' ***********
 *********** Elements for Body 158 'COMP_R44|COMP_R44' ***********
 *********** Elements for Body 159 'COMP_R45|COMP_R45' ***********
 *********** Elements for Body 160 'COMP_R46|COMP_R46' ***********
 *********** Elements for Body 161 'COMP_R47|COMP_R47' ***********
 *********** Elements for Body 162 'COMP_R48|COMP_R48' ***********
 *********** Elements for Body 163 'COMP_R49|COMP_R49' ***********
 *********** Elements for Body 164 'COMP_R50|COMP_R50' ***********
 *********** Elements for Body 165 'COMP_R51|COMP_R51' ***********
 *********** Elements for Body 166 'COMP_R52|COMP_R52' ***********
 *********** Elements for Body 167 'COMP_R53|COMP_R53' ***********
 *********** Elements for Body 168 'COMP_R54|COMP_R54' ***********
 *********** Elements for Body 169 'COMP_R55|COMP_R55' ***********
 *********** Elements for Body 170 'COMP_R56|COMP_R56' ***********
 *********** Elements for Body 171 'COMP_RefDes|COMP_RefDes' ***********
 *********** Elements for Body 172 'COMP_U1|COMP_U1' ***********
 *********** Elements for Body 173 'Power_Board_Batt_Screw_defeatured_2|Part 13[
 *********** Elements for Body 174 'Power_Board_Batt_Screw_defeatured_2|Part 28[
 *********** Elements for Body 175 'Power_Board_Batt_Screw_defeatured_2|Part 12[
 *********** Elements for Body 176 'Power_Board_Batt_Screw_defeatured_2|Part 27[
 *********** Elements for Body 177 'Power_Board_Batt_Screw_defeatured_2|Part 11[
 *********** Elements for Body 178 'Power_Board_Batt_Screw_defeatured_2|Part 26[
 *********** Elements for Body 179 'Power_Board_Batt_Screw_defeatured_2|Part 3[1
 *********** Elements for Body 180 'Power_Board_Batt_Screw_defeatured_2|Part 25[
 *********** Elements for Body 181 'Power_Board_Batt_Screw_defeatured_2|Part 2[1
 *********** Elements for Body 182 'Power_Board_Batt_Screw_defeatured_2|Part 24[
 *********** Elements for Body 183 'Power_Board_Batt_Screw_defeatured_2|Part 4[1
 *********** Elements for Body 184 'Power_Board_Batt_Screw_defeatured_2|Part 23[
 *********** Elements for Body 185 'Power_Board_Batt_Screw_defeatured_2|Part 22[
 *********** Elements for Body 186 'Power_Board_Batt_Screw_defeatured_2|Part 6[1
 *********** Elements for Body 187 'Power_Board_Batt_Screw_defeatured_2|Part 5[1
 *********** Elements for Body 188 'Power_Board_Batt_Screw_defeatured_2|Part 33[
 *********** Elements for Body 189 'Power_Board_Batt_Screw_defeatured_2|Part 17[
 *********** Elements for Body 190 'Power_Board_Batt_Screw_defeatured_2|Part 1[1
 *********** Elements for Body 191 'Power_Board_Batt_Screw_defeatured_2|Part 16[
 *********** Elements for Body 192 'Power_Board_Batt_Screw_defeatured_2|Part 15[
 *********** Elements for Body 193 'Power_Board_Batt_Screw_defeatured_2|Part 14[
 *********** Elements for Body 194 'Power_Board_Batt_Screw_defeatured_2|Part 31[
 *********** Elements for Body 195 'Power_Board_Batt_Screw_defeatured_2|LPattern
 *********** Elements for Body 196 'Power_Board_Batt_Screw_defeatured_2|LPattern
 *********** Elements for Body 197 'Power_Board_Batt_Screw_defeatured_2|LPattern
 *********** Elements for Body 198 'Power_Board_Batt_Screw_defeatured_2|LPattern
 *********** Elements for Body 199 'Power_Board_Batt_Screw_defeatured_2|LPattern
 *********** Elements for Body 200 'Power_Board_Batt_Screw_defeatured_2|LPattern
 *********** Elements for Body 201 'Power_Board_Batt_Screw_defeatured_2|LPattern
 *********** Elements for Body 202 'Power_Board_Batt_Screw_defeatured_2|LPattern
 *********** Elements for Body 203 'Power_Board_Batt_Screw_defeatured_2|LPattern
 *********** Elements for Body 204 'Power_Board_Batt_Screw_defeatured_2|LPattern
 *********** Elements for Body 205 'Power_Board_Batt_Screw_defeatured_2|Part 30[
 *********** Elements for Body 206 'Power_Board_Batt_Screw_defeatured_2|LPattern
 *********** Elements for Body 207 'Power_Board_Batt_Screw_defeatured_2|LPattern
 *********** Elements for Body 208 'PCB|PCB' ***********
 *********** Send Materials ***********
 *********** Create Contact "Zone de contact" ***********
             Real Constant Set For Above Contact Is 210 & 209
 *********** Create Contact "Zone de contact 2" ***********
             Real Constant Set For Above Contact Is 212 & 211
 *********** Create Contact "Zone de contact 3" ***********
             Real Constant Set For Above Contact Is 214 & 213
 *********** Create Contact "Zone de contact 4" ***********
             Real Constant Set For Above Contact Is 216 & 215
 *********** Create Contact "Zone de contact 5" ***********
             Real Constant Set For Above Contact Is 218 & 217
 *********** Create Contact "Zone de contact 6" ***********
             Real Constant Set For Above Contact Is 220 & 219
 *********** Create Contact "Zone de contact 7" ***********
             Real Constant Set For Above Contact Is 222 & 221
 *********** Create Contact "Zone de contact 8" ***********
             Real Constant Set For Above Contact Is 224 & 223
 *********** Create Contact "Zone de contact 9" ***********
             Real Constant Set For Above Contact Is 226 & 225
 *********** Create Contact "Zone de contact 10" ***********
             Real Constant Set For Above Contact Is 228 & 227
 *********** Create Contact "Zone de contact 11" ***********
             Real Constant Set For Above Contact Is 230 & 229
 *********** Create Contact "Zone de contact 12" ***********
             Real Constant Set For Above Contact Is 232 & 231
 *********** Create Contact "Zone de contact 13" ***********
             Real Constant Set For Above Contact Is 234 & 233
 *********** Create Contact "Zone de contact 14" ***********
             Real Constant Set For Above Contact Is 236 & 235
 *********** Create Contact "Zone de contact 15" ***********
             Real Constant Set For Above Contact Is 238 & 237
 *********** Create Contact "Zone de contact 16" ***********
             Real Constant Set For Above Contact Is 240 & 239
 *********** Create Contact "Zone de contact 17" ***********
             Real Constant Set For Above Contact Is 242 & 241
 *********** Create Contact "Zone de contact 18" ***********
             Real Constant Set For Above Contact Is 244 & 243
 *********** Create Contact "Zone de contact 19" ***********
             Real Constant Set For Above Contact Is 246 & 245
 *********** Create Contact "Zone de contact 20" ***********
             Real Constant Set For Above Contact Is 248 & 247
 *********** Create Contact "Zone de contact 21" ***********
             Real Constant Set For Above Contact Is 250 & 249
 *********** Create Contact "Zone de contact 22" ***********
             Real Constant Set For Above Contact Is 252 & 251
 *********** Create Contact "Zone de contact 23" ***********
             Real Constant Set For Above Contact Is 254 & 253
 *********** Create Contact "Zone de contact 24" ***********
             Real Constant Set For Above Contact Is 256 & 255
 *********** Create Contact "Zone de contact 25" ***********
             Real Constant Set For Above Contact Is 258 & 257
 *********** Create Contact "Zone de contact 26" ***********
             Real Constant Set For Above Contact Is 260 & 259
 *********** Create Contact "Zone de contact 27" ***********
             Real Constant Set For Above Contact Is 262 & 261
 *********** Create Contact "Zone de contact 28" ***********
             Real Constant Set For Above Contact Is 264 & 263
 *********** Create Contact "Zone de contact 29" ***********
             Real Constant Set For Above Contact Is 266 & 265
 *********** Create Contact "Zone de contact 30" ***********
             Real Constant Set For Above Contact Is 268 & 267
 *********** Create Contact "Zone de contact 31" ***********
             Real Constant Set For Above Contact Is 270 & 269
 *********** Create Contact "Zone de contact 32" ***********
             Real Constant Set For Above Contact Is 272 & 271
 *********** Create Contact "Zone de contact 33" ***********
             Real Constant Set For Above Contact Is 274 & 273
 *********** Create Contact "Zone de contact 34" ***********
             Real Constant Set For Above Contact Is 276 & 275
 *********** Create Contact "Zone de contact 35" ***********
             Real Constant Set For Above Contact Is 278 & 277
 *********** Create Contact "Zone de contact 36" ***********
             Real Constant Set For Above Contact Is 280 & 279
 *********** Create Contact "Zone de contact 37" ***********
             Real Constant Set For Above Contact Is 282 & 281
 *********** Create Contact "Zone de contact 38" ***********
             Real Constant Set For Above Contact Is 284 & 283
 *********** Create Contact "Zone de contact 39" ***********
             Real Constant Set For Above Contact Is 286 & 285
 *********** Create Contact "Zone de contact 40" ***********
             Real Constant Set For Above Contact Is 288 & 287
 *********** Create Contact "Zone de contact 41" ***********
             Real Constant Set For Above Contact Is 290 & 289
 *********** Create Contact "Zone de contact 42" ***********
             Real Constant Set For Above Contact Is 292 & 291
 *********** Create Contact "Zone de contact 43" ***********
             Real Constant Set For Above Contact Is 294 & 293
 *********** Create Contact "Zone de contact 44" ***********
             Real Constant Set For Above Contact Is 296 & 295
 *********** Create Contact "Zone de contact 45" ***********
             Real Constant Set For Above Contact Is 298 & 297
 *********** Create Contact "Zone de contact 46" ***********
             Real Constant Set For Above Contact Is 300 & 299
 *********** Create Contact "Zone de contact 47" ***********
             Real Constant Set For Above Contact Is 302 & 301
 *********** Create Contact "Zone de contact 48" ***********
             Real Constant Set For Above Contact Is 304 & 303
 *********** Create Contact "Zone de contact 49" ***********
             Real Constant Set For Above Contact Is 306 & 305
 *********** Create Contact "Zone de contact 50" ***********
             Real Constant Set For Above Contact Is 308 & 307
 *********** Create Contact "Zone de contact 51" ***********
             Real Constant Set For Above Contact Is 310 & 309
 *********** Create Contact "Zone de contact 52" ***********
             Real Constant Set For Above Contact Is 312 & 311
 *********** Create Contact "Zone de contact 53" ***********
             Real Constant Set For Above Contact Is 314 & 313
 *********** Create Contact "Zone de contact 54" ***********
             Real Constant Set For Above Contact Is 316 & 315
 *********** Create Contact "Zone de contact 55" ***********
             Real Constant Set For Above Contact Is 318 & 317
 *********** Create Contact "Zone de contact 56" ***********
             Real Constant Set For Above Contact Is 320 & 319
 *********** Create Contact "Zone de contact 57" ***********
             Real Constant Set For Above Contact Is 322 & 321
 *********** Create Contact "Zone de contact 58" ***********
             Real Constant Set For Above Contact Is 324 & 323
 *********** Create Contact "Zone de contact 59" ***********
             Real Constant Set For Above Contact Is 326 & 325
 *********** Create Contact "Zone de contact 60" ***********
             Real Constant Set For Above Contact Is 328 & 327
 *********** Create Contact "Zone de contact 61" ***********
             Real Constant Set For Above Contact Is 330 & 329
 *********** Create Contact "Zone de contact 62" ***********
             Real Constant Set For Above Contact Is 332 & 331
 *********** Create Contact "Zone de contact 63" ***********
             Real Constant Set For Above Contact Is 334 & 333
 *********** Create Contact "Zone de contact 64" ***********
             Real Constant Set For Above Contact Is 336 & 335
 *********** Create Contact "Zone de contact 65" ***********
             Real Constant Set For Above Contact Is 338 & 337
 *********** Create Contact "Zone de contact 66" ***********
             Real Constant Set For Above Contact Is 340 & 339
 *********** Create Contact "Zone de contact 67" ***********
             Real Constant Set For Above Contact Is 342 & 341
 *********** Create Contact "Zone de contact 68" ***********
             Real Constant Set For Above Contact Is 344 & 343
 *********** Create Contact "Zone de contact 69" ***********
             Real Constant Set For Above Contact Is 346 & 345
 *********** Create Contact "Zone de contact 70" ***********
             Real Constant Set For Above Contact Is 348 & 347
 *********** Create Contact "Zone de contact 71" ***********
             Real Constant Set For Above Contact Is 350 & 349
 *********** Create Contact "Zone de contact 72" ***********
             Real Constant Set For Above Contact Is 352 & 351
 *********** Create Contact "Zone de contact 73" ***********
             Real Constant Set For Above Contact Is 354 & 353
 *********** Create Contact "Zone de contact 74" ***********
             Real Constant Set For Above Contact Is 356 & 355
 *********** Create Contact "Zone de contact 75" ***********
             Real Constant Set For Above Contact Is 358 & 357
 *********** Create Contact "Zone de contact 76" ***********
             Real Constant Set For Above Contact Is 360 & 359
 *********** Create Contact "Zone de contact 77" ***********
             Real Constant Set For Above Contact Is 362 & 361
 *********** Create Contact "Zone de contact 78" ***********
             Real Constant Set For Above Contact Is 364 & 363
 *********** Create Contact "Zone de contact 79" ***********
             Real Constant Set For Above Contact Is 366 & 365
 *********** Create Contact "Zone de contact 80" ***********
             Real Constant Set For Above Contact Is 368 & 367
 *********** Create Contact "Zone de contact 81" ***********
             Real Constant Set For Above Contact Is 370 & 369
 *********** Create Contact "Zone de contact 82" ***********
             Real Constant Set For Above Contact Is 372 & 371
 *********** Create Contact "Zone de contact 83" ***********
             Real Constant Set For Above Contact Is 374 & 373
 *********** Create Contact "Zone de contact 84" ***********
             Real Constant Set For Above Contact Is 376 & 375
 *********** Create Contact "Zone de contact 85" ***********
             Real Constant Set For Above Contact Is 378 & 377
 *********** Create Contact "Zone de contact 86" ***********
             Real Constant Set For Above Contact Is 380 & 379
 *********** Create Contact "Zone de contact 87" ***********
             Real Constant Set For Above Contact Is 382 & 381
 *********** Create Contact "Zone de contact 88" ***********
             Real Constant Set For Above Contact Is 384 & 383
 *********** Create Contact "Zone de contact 89" ***********
             Real Constant Set For Above Contact Is 386 & 385
 *********** Create Contact "Zone de contact 90" ***********
             Real Constant Set For Above Contact Is 388 & 387
 *********** Create Contact "Zone de contact 91" ***********
             Real Constant Set For Above Contact Is 390 & 389
 *********** Create Contact "Zone de contact 92" ***********
             Real Constant Set For Above Contact Is 392 & 391
 *********** Create Contact "Zone de contact 93" ***********
             Real Constant Set For Above Contact Is 394 & 393
 *********** Create Contact "Zone de contact 94" ***********
             Real Constant Set For Above Contact Is 396 & 395
 *********** Create Contact "Zone de contact 95" ***********
             Real Constant Set For Above Contact Is 398 & 397
 *********** Create Contact "Zone de contact 96" ***********
             Real Constant Set For Above Contact Is 400 & 399
 *********** Create Contact "Zone de contact 97" ***********
             Real Constant Set For Above Contact Is 402 & 401
 *********** Create Contact "Zone de contact 98" ***********
             Real Constant Set For Above Contact Is 404 & 403
 *********** Create Contact "Zone de contact 99" ***********
             Real Constant Set For Above Contact Is 406 & 405
 *********** Create Contact "Zone de contact 100" ***********
             Real Constant Set For Above Contact Is 408 & 407
 *********** Create Contact "Zone de contact 101" ***********
             Real Constant Set For Above Contact Is 410 & 409
 *********** Create Contact "Zone de contact 102" ***********
             Real Constant Set For Above Contact Is 412 & 411
 *********** Create Contact "Zone de contact 103" ***********
             Real Constant Set For Above Contact Is 414 & 413
 *********** Create Contact "Zone de contact 104" ***********
             Real Constant Set For Above Contact Is 416 & 415
 *********** Create Contact "Zone de contact 105" ***********
             Real Constant Set For Above Contact Is 418 & 417
 *********** Create Contact "Zone de contact 106" ***********
             Real Constant Set For Above Contact Is 420 & 419
 *********** Create Contact "Zone de contact 107" ***********
             Real Constant Set For Above Contact Is 422 & 421
 *********** Create Contact "Zone de contact 108" ***********
             Real Constant Set For Above Contact Is 424 & 423
 *********** Create Contact "Zone de contact 109" ***********
             Real Constant Set For Above Contact Is 426 & 425
 *********** Create Contact "Zone de contact 110" ***********
             Real Constant Set For Above Contact Is 428 & 427
 *********** Create Contact "Zone de contact 111" ***********
             Real Constant Set For Above Contact Is 430 & 429
 *********** Create Contact "Zone de contact 112" ***********
             Real Constant Set For Above Contact Is 432 & 431
 *********** Create Contact "Zone de contact 113" ***********
             Real Constant Set For Above Contact Is 434 & 433
 *********** Create Contact "Zone de contact 114" ***********
             Real Constant Set For Above Contact Is 436 & 435
 *********** Create Contact "Zone de contact 115" ***********
             Real Constant Set For Above Contact Is 438 & 437
 *********** Create Contact "Zone de contact 116" ***********
             Real Constant Set For Above Contact Is 440 & 439
 *********** Create Contact "Zone de contact 117" ***********
             Real Constant Set For Above Contact Is 442 & 441
 *********** Create Contact "Zone de contact 118" ***********
             Real Constant Set For Above Contact Is 444 & 443
 *********** Create Contact "Zone de contact 119" ***********
             Real Constant Set For Above Contact Is 446 & 445
 *********** Create Contact "Zone de contact 120" ***********
             Real Constant Set For Above Contact Is 448 & 447
 *********** Create Contact "Zone de contact 121" ***********
             Real Constant Set For Above Contact Is 450 & 449
 *********** Create Contact "Zone de contact 122" ***********
             Real Constant Set For Above Contact Is 452 & 451
 *********** Create Contact "Zone de contact 123" ***********
             Real Constant Set For Above Contact Is 454 & 453
 *********** Create Contact "Zone de contact 124" ***********
             Real Constant Set For Above Contact Is 456 & 455
 *********** Create Contact "Zone de contact 125" ***********
             Real Constant Set For Above Contact Is 458 & 457
 *********** Create Contact "Zone de contact 126" ***********
             Real Constant Set For Above Contact Is 460 & 459
 *********** Create Contact "Zone de contact 127" ***********
             Real Constant Set For Above Contact Is 462 & 461
 *********** Create Contact "Zone de contact 128" ***********
             Real Constant Set For Above Contact Is 464 & 463
 *********** Create Contact "Zone de contact 129" ***********
             Real Constant Set For Above Contact Is 466 & 465
 *********** Create Contact "Zone de contact 130" ***********
             Real Constant Set For Above Contact Is 468 & 467
 *********** Create Contact "Zone de contact 131" ***********
             Real Constant Set For Above Contact Is 470 & 469
 *********** Create Contact "Zone de contact 132" ***********
             Real Constant Set For Above Contact Is 472 & 471
 *********** Create Contact "Zone de contact 133" ***********
             Real Constant Set For Above Contact Is 474 & 473
 *********** Create Contact "Zone de contact 134" ***********
             Real Constant Set For Above Contact Is 476 & 475
 *********** Create Contact "Zone de contact 135" ***********
             Real Constant Set For Above Contact Is 478 & 477
 *********** Create Contact "Zone de contact 136" ***********
             Real Constant Set For Above Contact Is 480 & 479
 *********** Create Contact "Zone de contact 137" ***********
             Real Constant Set For Above Contact Is 482 & 481
 *********** Create Contact "Zone de contact 138" ***********
             Real Constant Set For Above Contact Is 484 & 483
 *********** Create Contact "Zone de contact 139" ***********
             Real Constant Set For Above Contact Is 486 & 485
 *********** Create Contact "Zone de contact 140" ***********
             Real Constant Set For Above Contact Is 488 & 487
 *********** Create Contact "Zone de contact 141" ***********
             Real Constant Set For Above Contact Is 490 & 489
 *********** Create Contact "Zone de contact 142" ***********
             Real Constant Set For Above Contact Is 492 & 491
 *********** Create Contact "Zone de contact 143" ***********
             Real Constant Set For Above Contact Is 494 & 493
 *********** Create Contact "Zone de contact 144" ***********
             Real Constant Set For Above Contact Is 496 & 495
 *********** Create Contact "Zone de contact 145" ***********
             Real Constant Set For Above Contact Is 498 & 497
 *********** Create Contact "Zone de contact 146" ***********
             Real Constant Set For Above Contact Is 500 & 499
 *********** Create Contact "Zone de contact 147" ***********
             Real Constant Set For Above Contact Is 502 & 501
 *********** Create Contact "Zone de contact 148" ***********
             Real Constant Set For Above Contact Is 504 & 503
 *********** Create Contact "Zone de contact 149" ***********
             Real Constant Set For Above Contact Is 506 & 505
 *********** Create Contact "Zone de contact 150" ***********
             Real Constant Set For Above Contact Is 508 & 507
 *********** Create Contact "Zone de contact 151" ***********
             Real Constant Set For Above Contact Is 510 & 509
 *********** Create Contact "Zone de contact 152" ***********
             Real Constant Set For Above Contact Is 512 & 511
 *********** Create Contact "Zone de contact 153" ***********
             Real Constant Set For Above Contact Is 514 & 513
 *********** Create Contact "Zone de contact 154" ***********
             Real Constant Set For Above Contact Is 516 & 515
 *********** Create Contact "Zone de contact 155" ***********
             Real Constant Set For Above Contact Is 518 & 517
 *********** Create Contact "Zone de contact 156" ***********
             Real Constant Set For Above Contact Is 520 & 519
 *********** Create Contact "Zone de contact 157" ***********
             Real Constant Set For Above Contact Is 522 & 521
 *********** Create Contact "Zone de contact 158" ***********
             Real Constant Set For Above Contact Is 524 & 523
 *********** Create Contact "Zone de contact 159" ***********
             Real Constant Set For Above Contact Is 526 & 525
 *********** Create Contact "Zone de contact 160" ***********
             Real Constant Set For Above Contact Is 528 & 527
 *********** Create Contact "Zone de contact 161" ***********
             Real Constant Set For Above Contact Is 530 & 529
 *********** Create Contact "Zone de contact 162" ***********
             Real Constant Set For Above Contact Is 532 & 531
 *********** Create Contact "Zone de contact 163" ***********
             Real Constant Set For Above Contact Is 534 & 533
 *********** Create Contact "Zone de contact 164" ***********
             Real Constant Set For Above Contact Is 536 & 535
 *********** Create Contact "Zone de contact 165" ***********
             Real Constant Set For Above Contact Is 538 & 537
 *********** Create Contact "Zone de contact 166" ***********
             Real Constant Set For Above Contact Is 540 & 539
 *********** Create Contact "Zone de contact 167" ***********
             Real Constant Set For Above Contact Is 542 & 541
 *********** Create Contact "Zone de contact 168" ***********
             Real Constant Set For Above Contact Is 544 & 543
 *********** Create Contact "Zone de contact 169" ***********
             Real Constant Set For Above Contact Is 546 & 545
 *********** Create Contact "Zone de contact 170" ***********
             Real Constant Set For Above Contact Is 548 & 547
 *********** Create Contact "Zone de contact 171" ***********
             Real Constant Set For Above Contact Is 550 & 549
 *********** Create Contact "Zone de contact 172" ***********
             Real Constant Set For Above Contact Is 552 & 551
 *********** Create Contact "Zone de contact 173" ***********
             Real Constant Set For Above Contact Is 554 & 553
 *********** Create Contact "Zone de contact 174" ***********
             Real Constant Set For Above Contact Is 556 & 555
 *********** Create Contact "Zone de contact 175" ***********
             Real Constant Set For Above Contact Is 558 & 557
 *********** Create Contact "Zone de contact 176" ***********
             Real Constant Set For Above Contact Is 560 & 559
 *********** Create Contact "Zone de contact 177" ***********
             Real Constant Set For Above Contact Is 562 & 561
 *********** Create Contact "Zone de contact 178" ***********
             Real Constant Set For Above Contact Is 564 & 563
 *********** Create Contact "Zone de contact 179" ***********
             Real Constant Set For Above Contact Is 566 & 565
 *********** Create Contact "Zone de contact 180" ***********
             Real Constant Set For Above Contact Is 568 & 567
 *********** Create Contact "Zone de contact 181" ***********
             Real Constant Set For Above Contact Is 570 & 569
 *********** Create Contact "Zone de contact 182" ***********
             Real Constant Set For Above Contact Is 572 & 571
 *********** Create Contact "Zone de contact 183" ***********
             Real Constant Set For Above Contact Is 574 & 573
 *********** Create Contact "Zone de contact 184" ***********
             Real Constant Set For Above Contact Is 576 & 575
 *********** Create Contact "Zone de contact 185" ***********
             Real Constant Set For Above Contact Is 578 & 577
 *********** Create Contact "Zone de contact 186" ***********
             Real Constant Set For Above Contact Is 580 & 579
 *********** Create Contact "Zone de contact 187" ***********
             Real Constant Set For Above Contact Is 582 & 581
 *********** Create Contact "Zone de contact 188" ***********
             Real Constant Set For Above Contact Is 584 & 583
 *********** Create Contact "Zone de contact 189" ***********
             Real Constant Set For Above Contact Is 586 & 585
 *********** Create Contact "Zone de contact 190" ***********
             Real Constant Set For Above Contact Is 588 & 587
 *********** Create Contact "Zone de contact 191" ***********
             Real Constant Set For Above Contact Is 590 & 589
 *********** Create Contact "Zone de contact 192" ***********
             Real Constant Set For Above Contact Is 592 & 591
 *********** Create Contact "Zone de contact 193" ***********
             Real Constant Set For Above Contact Is 594 & 593
 *********** Create Contact "Zone de contact 194" ***********
             Real Constant Set For Above Contact Is 596 & 595
 *********** Create Contact "Zone de contact 195" ***********
             Real Constant Set For Above Contact Is 598 & 597
 *********** Create Contact "Zone de contact 196" ***********
             Real Constant Set For Above Contact Is 600 & 599
 *********** Create Contact "Zone de contact 197" ***********
             Real Constant Set For Above Contact Is 602 & 601
 *********** Create Contact "Zone de contact 198" ***********
             Real Constant Set For Above Contact Is 604 & 603
 *********** Create Contact "Zone de contact 199" ***********
             Real Constant Set For Above Contact Is 606 & 605
 *********** Create Contact "Zone de contact 200" ***********
             Real Constant Set For Above Contact Is 608 & 607
 *********** Create Contact "Zone de contact 201" ***********
             Real Constant Set For Above Contact Is 610 & 609
 *********** Create Contact "Zone de contact 202" ***********
             Real Constant Set For Above Contact Is 612 & 611
 *********** Create Contact "Zone de contact 203" ***********
             Real Constant Set For Above Contact Is 614 & 613
 *********** Create Contact "Zone de contact 204" ***********
             Real Constant Set For Above Contact Is 616 & 615
 *********** Create Contact "Zone de contact 205" ***********
             Real Constant Set For Above Contact Is 618 & 617
 *********** Create Contact "Zone de contact 206" ***********
             Real Constant Set For Above Contact Is 620 & 619
 *********** Create Contact "Zone de contact 207" ***********
             Real Constant Set For Above Contact Is 622 & 621
 *********** Create Contact "Zone de contact 208" ***********
             Real Constant Set For Above Contact Is 624 & 623
 *********** Create Contact "Left battery mount - low Y" ***********
             Real Constant Set For Above Contact Is 626 & 625
 *********** Create Contact "Left battery mount - high Y" ***********
             Real Constant Set For Above Contact Is 628 & 627


 ***** ROUTINE COMPLETED *****  ELAPSED TIME =         7.800


 --- Number of total nodes = 95215
 --- Number of contact elements = 18170
 --- Number of spring elements = 0
 --- Number of bearing elements = 0
 --- Number of solid elements = 32843
 --- Number of condensed parts = 0
 --- Number of total elements = 51013

 *GET  _WALLBSOL  FROM  ACTI  ITEM=TIME WALL  VALUE= 0.216886705E-02

 *****  MAPDL SOLUTION ROUTINE  *****

 DO NOT SAVE ANY RESTART FILES AT ALL

 ERASE THE CURRENT DATABASE OUTPUT CONTROL TABLE.


 WRITE ALL  ITEMS TO THE DATABASE WITH A FREQUENCY OF NONE
   FOR ALL APPLICABLE ENTITIES

 WRITE NSOL ITEMS TO THE DATABASE WITH A FREQUENCY OF LAST
   FOR ALL APPLICABLE ENTITIES

 WRITE STRS ITEMS TO THE DATABASE WITH A FREQUENCY OF LAST
   FOR ALL APPLICABLE ENTITIES

 WRITE CONT ITEMS TO THE DATABASE WITH A FREQUENCY OF LAST
   FOR ALL APPLICABLE ENTITIES

 WRITE EANG ITEMS TO THE DATABASE WITH A FREQUENCY OF LAST
   FOR ALL APPLICABLE ENTITIES

 WRITE VENG ITEMS TO THE DATABASE WITH A FREQUENCY OF LAST
   FOR ALL APPLICABLE ENTITIES

 WRITE ETMP ITEMS TO THE DATABASE WITH A FREQUENCY OF LAST
   FOR ALL APPLICABLE ENTITIES

 NLDIAG: Nonlinear diagnostics CONT option is set to ON. 
         Writing frequency : each ITERATION.

 CONTACT INFORMATION PRINTOUT LEVEL       1

 SELECT       FOR ITEM=ENAM COMPONENT=    
  IN RANGE       169 TO        177 STEP          1

      18170  ELEMENTS (OF      51013  DEFINED) SELECTED BY  ESEL  COMMAND.

 SELECT      ALL NODES HAVING ANY ELEMENT IN ELEMENT SET.

      24908 NODES (OF      95215  DEFINED) SELECTED FROM
    18170 SELECTED ELEMENTS BY NSLE COMMAND.

 SELECT      ALL ELEMENTS HAVING ANY NODE IN NODAL SET.

      32998 ELEMENTS (OF      51013  DEFINED) SELECTED FROM
    24908 SELECTED NODES BY  ESLN COMMAND.

 SELECT      ALL NODES HAVING ANY ELEMENT IN ELEMENT SET.

      64005 NODES (OF      95215  DEFINED) SELECTED FROM
    32998 SELECTED ELEMENTS BY NSLE COMMAND.

 CHECK INITIAL OPEN/CLOSED STATUS OF SELECTED CONTACT ELEMENTS
      AND POST INITIAL CONTACT STATUS

 *** SELECTION OF ELEMENT TECHNOLOGIES FOR APPLICABLE ELEMENTS ***
      --- GIVE SUGGESTIONS AND RESET THE KEY OPTIONS ---

 ELEMENT TYPE         1 IS SOLID186. KEYOPT(2) IS ALREADY SET AS SUGGESTED AND NO
 RESETTING IS NEEDED.

 ELEMENT TYPE         2 IS SOLID186. KEYOPT(2) IS ALREADY SET AS SUGGESTED AND NO
 RESETTING IS NEEDED.

 ELEMENT TYPE         3 IS SOLID186. KEYOPT(2) IS ALREADY SET AS SUGGESTED AND NO
 RESETTING IS NEEDED.

 ELEMENT TYPE         4 IS SOLID186. KEYOPT(2) IS ALREADY SET AS SUGGESTED AND NO
 RESETTING IS NEEDED.

 ELEMENT TYPE         5 IS SOLID186. KEYOPT(2) IS ALREADY SET AS SUGGESTED AND NO
 RESETTING IS NEEDED.

 ELEMENT TYPE         6 IS SOLID186. KEYOPT(2) IS ALREADY SET AS SUGGESTED AND NO
 RESETTING IS NEEDED.

 ELEMENT TYPE         7 IS SOLID186. KEYOPT(2) IS ALREADY SET AS SUGGESTED AND NO
 RESETTING IS NEEDED.

 ELEMENT TYPE         8 IS SOLID186. KEYOPT(2) IS ALREADY SET AS SUGGESTED AND NO
 RESETTING IS NEEDED.

 ELEMENT TYPE         9 IS SOLID186. KEYOPT(2) IS ALREADY SET AS SUGGESTED AND NO
 RESETTING IS NEEDED.

 ELEMENT TYPE        10 IS SOLID186. KEYOPT(2) IS ALREADY SET AS SUGGESTED AND NO
 RESETTING IS NEEDED.

 ELEMENT TYPE        11 IS SOLID186. KEYOPT(2) IS ALREADY SET AS SUGGESTED AND NO
 RESETTING IS NEEDED.

 ELEMENT TYPE        12 IS SOLID186. KEYOPT(2) IS ALREADY SET AS SUGGESTED AND NO
 RESETTING IS NEEDED.

 ELEMENT TYPE        13 IS SOLID186. KEYOPT(2) IS ALREADY SET AS SUGGESTED AND NO
 RESETTING IS NEEDED.

 ELEMENT TYPE        14 IS SOLID186. KEYOPT(2) IS ALREADY SET AS SUGGESTED AND NO
 RESETTING IS NEEDED.

 ELEMENT TYPE        15 IS SOLID186. KEYOPT(2) IS ALREADY SET AS SUGGESTED AND NO
 RESETTING IS NEEDED.

 ELEMENT TYPE        16 IS SOLID186. KEYOPT(2) IS ALREADY SET AS SUGGESTED AND NO
 RESETTING IS NEEDED.

 ELEMENT TYPE        17 IS SOLID186. KEYOPT(2) IS ALREADY SET AS SUGGESTED AND NO
 RESETTING IS NEEDED.

 ELEMENT TYPE        18 IS SOLID186. KEYOPT(2) IS ALREADY SET AS SUGGESTED AND NO
 RESETTING IS NEEDED.

 ELEMENT TYPE        19 IS SOLID186. KEYOPT(2) IS ALREADY SET AS SUGGESTED AND NO
 RESETTING IS NEEDED.

 ELEMENT TYPE        20 IS SOLID186. KEYOPT(2) IS ALREADY SET AS SUGGESTED AND NO
 RESETTING IS NEEDED.

 ELEMENT TYPE        21 IS SOLID186. KEYOPT(2) IS ALREADY SET AS SUGGESTED AND NO
 RESETTING IS NEEDED.

 ELEMENT TYPE        22 IS SOLID186. KEYOPT(2) IS ALREADY SET AS SUGGESTED AND NO
 RESETTING IS NEEDED.

 ELEMENT TYPE        23 IS SOLID186. KEYOPT(2) IS ALREADY SET AS SUGGESTED AND NO
 RESETTING IS NEEDED.

 ELEMENT TYPE        24 IS SOLID186. KEYOPT(2) IS ALREADY SET AS SUGGESTED AND NO
 RESETTING IS NEEDED.

 ELEMENT TYPE        25 IS SOLID186. KEYOPT(2) IS ALREADY SET AS SUGGESTED AND NO
 RESETTING IS NEEDED.

 ELEMENT TYPE        26 IS SOLID186. KEYOPT(2) IS ALREADY SET AS SUGGESTED AND NO
 RESETTING IS NEEDED.

 ELEMENT TYPE        27 IS SOLID186. KEYOPT(2) IS ALREADY SET AS SUGGESTED AND NO
 RESETTING IS NEEDED.

 ELEMENT TYPE        28 IS SOLID186. KEYOPT(2) IS ALREADY SET AS SUGGESTED AND NO
 RESETTING IS NEEDED.

 ELEMENT TYPE        29 IS SOLID186. KEYOPT(2) IS ALREADY SET AS SUGGESTED AND NO
 RESETTING IS NEEDED.

 ELEMENT TYPE        30 IS SOLID186. KEYOPT(2) IS ALREADY SET AS SUGGESTED AND NO
 RESETTING IS NEEDED.

 ELEMENT TYPE        31 IS SOLID186. KEYOPT(2) IS ALREADY SET AS SUGGESTED AND NO
 RESETTING IS NEEDED.

 ELEMENT TYPE        32 IS SOLID186. KEYOPT(2) IS ALREADY SET AS SUGGESTED AND NO
 RESETTING IS NEEDED.

 ELEMENT TYPE        33 IS SOLID186. KEYOPT(2) IS ALREADY SET AS SUGGESTED AND NO
 RESETTING IS NEEDED.

 ELEMENT TYPE        34 IS SOLID186. KEYOPT(2) IS ALREADY SET AS SUGGESTED AND NO
 RESETTING IS NEEDED.

 ELEMENT TYPE        35 IS SOLID186. KEYOPT(2) IS ALREADY SET AS SUGGESTED AND NO
 RESETTING IS NEEDED.

 ELEMENT TYPE        36 IS SOLID186. KEYOPT(2) IS ALREADY SET AS SUGGESTED AND NO
 RESETTING IS NEEDED.

 ELEMENT TYPE        37 IS SOLID186. KEYOPT(2) IS ALREADY SET AS SUGGESTED AND NO
 RESETTING IS NEEDED.

 ELEMENT TYPE        38 IS SOLID186. KEYOPT(2) IS ALREADY SET AS SUGGESTED AND NO
 RESETTING IS NEEDED.

 ELEMENT TYPE        39 IS SOLID186. KEYOPT(2) IS ALREADY SET AS SUGGESTED AND NO
 RESETTING IS NEEDED.

 ELEMENT TYPE        40 IS SOLID186. KEYOPT(2) IS ALREADY SET AS SUGGESTED AND NO
 RESETTING IS NEEDED.

 ELEMENT TYPE        41 IS SOLID186. KEYOPT(2) IS ALREADY SET AS SUGGESTED AND NO
 RESETTING IS NEEDED.

 ELEMENT TYPE        42 IS SOLID186. KEYOPT(2) IS ALREADY SET AS SUGGESTED AND NO
 RESETTING IS NEEDED.

 ELEMENT TYPE        43 IS SOLID186. KEYOPT(2) IS ALREADY SET AS SUGGESTED AND NO
 RESETTING IS NEEDED.

 ELEMENT TYPE        44 IS SOLID186. KEYOPT(2) IS ALREADY SET AS SUGGESTED AND NO
 RESETTING IS NEEDED.

 ELEMENT TYPE        45 IS SOLID186. KEYOPT(2) IS ALREADY SET AS SUGGESTED AND NO
 RESETTING IS NEEDED.

 ELEMENT TYPE        46 IS SOLID186. KEYOPT(2) IS ALREADY SET AS SUGGESTED AND NO
 RESETTING IS NEEDED.

 ELEMENT TYPE        47 IS SOLID186. KEYOPT(2) IS ALREADY SET AS SUGGESTED AND NO
 RESETTING IS NEEDED.

 ELEMENT TYPE        48 IS SOLID186. KEYOPT(2) IS ALREADY SET AS SUGGESTED AND NO
 RESETTING IS NEEDED.

 ELEMENT TYPE        49 IS SOLID186. KEYOPT(2) IS ALREADY SET AS SUGGESTED AND NO
 RESETTING IS NEEDED.

 ELEMENT TYPE        50 IS SOLID186. KEYOPT(2) IS ALREADY SET AS SUGGESTED AND NO
 RESETTING IS NEEDED.

 ELEMENT TYPE        51 IS SOLID186. KEYOPT(2) IS ALREADY SET AS SUGGESTED AND NO
 RESETTING IS NEEDED.

 ELEMENT TYPE        52 IS SOLID186. KEYOPT(2) IS ALREADY SET AS SUGGESTED AND NO
 RESETTING IS NEEDED.

 ELEMENT TYPE        53 IS SOLID186. KEYOPT(2) IS ALREADY SET AS SUGGESTED AND NO
 RESETTING IS NEEDED.

 ELEMENT TYPE        54 IS SOLID186. KEYOPT(2) IS ALREADY SET AS SUGGESTED AND NO
 RESETTING IS NEEDED.

 ELEMENT TYPE        55 IS SOLID186. KEYOPT(2) IS ALREADY SET AS SUGGESTED AND NO
 RESETTING IS NEEDED.

 ELEMENT TYPE        56 IS SOLID186. KEYOPT(2) IS ALREADY SET AS SUGGESTED AND NO
 RESETTING IS NEEDED.

 ELEMENT TYPE        57 IS SOLID186. KEYOPT(2) IS ALREADY SET AS SUGGESTED AND NO
 RESETTING IS NEEDED.

 ELEMENT TYPE        58 IS SOLID186. KEYOPT(2) IS ALREADY SET AS SUGGESTED AND NO
 RESETTING IS NEEDED.

 ELEMENT TYPE        59 IS SOLID186. KEYOPT(2) IS ALREADY SET AS SUGGESTED AND NO
 RESETTING IS NEEDED.

 ELEMENT TYPE        60 IS SOLID186. KEYOPT(2) IS ALREADY SET AS SUGGESTED AND NO
 RESETTING IS NEEDED.

 ELEMENT TYPE        61 IS SOLID186. KEYOPT(2) IS ALREADY SET AS SUGGESTED AND NO
 RESETTING IS NEEDED.

 ELEMENT TYPE        62 IS SOLID186. KEYOPT(2) IS ALREADY SET AS SUGGESTED AND NO
 RESETTING IS NEEDED.

 ELEMENT TYPE        63 IS SOLID186. KEYOPT(2) IS ALREADY SET AS SUGGESTED AND NO
 RESETTING IS NEEDED.

 ELEMENT TYPE        64 IS SOLID186. KEYOPT(2) IS ALREADY SET AS SUGGESTED AND NO
 RESETTING IS NEEDED.

 ELEMENT TYPE        65 IS SOLID186. KEYOPT(2) IS ALREADY SET AS SUGGESTED AND NO
 RESETTING IS NEEDED.

 ELEMENT TYPE        66 IS SOLID186. KEYOPT(2) IS ALREADY SET AS SUGGESTED AND NO
 RESETTING IS NEEDED.

 ELEMENT TYPE        67 IS SOLID186. KEYOPT(2) IS ALREADY SET AS SUGGESTED AND NO
 RESETTING IS NEEDED.

 ELEMENT TYPE        68 IS SOLID186. KEYOPT(2) IS ALREADY SET AS SUGGESTED AND NO
 RESETTING IS NEEDED.

 ELEMENT TYPE        69 IS SOLID186. KEYOPT(2) IS ALREADY SET AS SUGGESTED AND NO
 RESETTING IS NEEDED.

 ELEMENT TYPE        70 IS SOLID186. KEYOPT(2) IS ALREADY SET AS SUGGESTED AND NO
 RESETTING IS NEEDED.

 ELEMENT TYPE        71 IS SOLID186. KEYOPT(2) IS ALREADY SET AS SUGGESTED AND NO
 RESETTING IS NEEDED.

 ELEMENT TYPE        72 IS SOLID186. KEYOPT(2) IS ALREADY SET AS SUGGESTED AND NO
 RESETTING IS NEEDED.

 ELEMENT TYPE        73 IS SOLID186. KEYOPT(2) IS ALREADY SET AS SUGGESTED AND NO
 RESETTING IS NEEDED.

 ELEMENT TYPE        74 IS SOLID186. KEYOPT(2) IS ALREADY SET AS SUGGESTED AND NO
 RESETTING IS NEEDED.

 ELEMENT TYPE        75 IS SOLID186. KEYOPT(2) IS ALREADY SET AS SUGGESTED AND NO
 RESETTING IS NEEDED.

 ELEMENT TYPE        76 IS SOLID186. KEYOPT(2) IS ALREADY SET AS SUGGESTED AND NO
 RESETTING IS NEEDED.

 ELEMENT TYPE        77 IS SOLID186. KEYOPT(2) IS ALREADY SET AS SUGGESTED AND NO
 RESETTING IS NEEDED.

 ELEMENT TYPE        78 IS SOLID186. KEYOPT(2) IS ALREADY SET AS SUGGESTED AND NO
 RESETTING IS NEEDED.

 ELEMENT TYPE        79 IS SOLID186. KEYOPT(2) IS ALREADY SET AS SUGGESTED AND NO
 RESETTING IS NEEDED.

 ELEMENT TYPE        80 IS SOLID186. KEYOPT(2) IS ALREADY SET AS SUGGESTED AND NO
 RESETTING IS NEEDED.

 ELEMENT TYPE        81 IS SOLID186. KEYOPT(2) IS ALREADY SET AS SUGGESTED AND NO
 RESETTING IS NEEDED.

 ELEMENT TYPE        82 IS SOLID186. KEYOPT(2) IS ALREADY SET AS SUGGESTED AND NO
 RESETTING IS NEEDED.

 ELEMENT TYPE        83 IS SOLID186. KEYOPT(2) IS ALREADY SET AS SUGGESTED AND NO
 RESETTING IS NEEDED.

 ELEMENT TYPE        84 IS SOLID186. KEYOPT(2) IS ALREADY SET AS SUGGESTED AND NO
 RESETTING IS NEEDED.

 ELEMENT TYPE        85 IS SOLID186. KEYOPT(2) IS ALREADY SET AS SUGGESTED AND NO
 RESETTING IS NEEDED.

 ELEMENT TYPE        86 IS SOLID186. KEYOPT(2) IS ALREADY SET AS SUGGESTED AND NO
 RESETTING IS NEEDED.

 ELEMENT TYPE        87 IS SOLID186. KEYOPT(2) IS ALREADY SET AS SUGGESTED AND NO
 RESETTING IS NEEDED.

 ELEMENT TYPE        88 IS SOLID186. KEYOPT(2) IS ALREADY SET AS SUGGESTED AND NO
 RESETTING IS NEEDED.

 ELEMENT TYPE        89 IS SOLID186. KEYOPT(2) IS ALREADY SET AS SUGGESTED AND NO
 RESETTING IS NEEDED.

 ELEMENT TYPE        90 IS SOLID186. KEYOPT(2) IS ALREADY SET AS SUGGESTED AND NO
 RESETTING IS NEEDED.

 ELEMENT TYPE        91 IS SOLID186. KEYOPT(2) IS ALREADY SET AS SUGGESTED AND NO
 RESETTING IS NEEDED.

 ELEMENT TYPE        92 IS SOLID186. KEYOPT(2) IS ALREADY SET AS SUGGESTED AND NO
 RESETTING IS NEEDED.

 ELEMENT TYPE        93 IS SOLID186. KEYOPT(2) IS ALREADY SET AS SUGGESTED AND NO
 RESETTING IS NEEDED.

 ELEMENT TYPE        94 IS SOLID186. KEYOPT(2) IS ALREADY SET AS SUGGESTED AND NO
 RESETTING IS NEEDED.

 ELEMENT TYPE        95 IS SOLID186. KEYOPT(2) IS ALREADY SET AS SUGGESTED AND NO
 RESETTING IS NEEDED.

 ELEMENT TYPE        96 IS SOLID186. KEYOPT(2) IS ALREADY SET AS SUGGESTED AND NO
 RESETTING IS NEEDED.

 ELEMENT TYPE        97 IS SOLID186. KEYOPT(2) IS ALREADY SET AS SUGGESTED AND NO
 RESETTING IS NEEDED.

 ELEMENT TYPE        98 IS SOLID186. KEYOPT(2) IS ALREADY SET AS SUGGESTED AND NO
 RESETTING IS NEEDED.

 ELEMENT TYPE        99 IS SOLID186. KEYOPT(2) IS ALREADY SET AS SUGGESTED AND NO
 RESETTING IS NEEDED.

 ELEMENT TYPE       100 IS SOLID186. KEYOPT(2) IS ALREADY SET AS SUGGESTED AND NO
 RESETTING IS NEEDED.

 ELEMENT TYPE       101 IS SOLID186. KEYOPT(2) IS ALREADY SET AS SUGGESTED AND NO
 RESETTING IS NEEDED.

 ELEMENT TYPE       102 IS SOLID186. KEYOPT(2) IS ALREADY SET AS SUGGESTED AND NO
 RESETTING IS NEEDED.

 ELEMENT TYPE       103 IS SOLID186. KEYOPT(2) IS ALREADY SET AS SUGGESTED AND NO
 RESETTING IS NEEDED.

 ELEMENT TYPE       104 IS SOLID186. KEYOPT(2) IS ALREADY SET AS SUGGESTED AND NO
 RESETTING IS NEEDED.

 ELEMENT TYPE       105 IS SOLID186. KEYOPT(2) IS ALREADY SET AS SUGGESTED AND NO
 RESETTING IS NEEDED.

 ELEMENT TYPE       106 IS SOLID186. KEYOPT(2) IS ALREADY SET AS SUGGESTED AND NO
 RESETTING IS NEEDED.

 ELEMENT TYPE       107 IS SOLID186. KEYOPT(2) IS ALREADY SET AS SUGGESTED AND NO
 RESETTING IS NEEDED.

 ELEMENT TYPE       108 IS SOLID186. KEYOPT(2) IS ALREADY SET AS SUGGESTED AND NO
 RESETTING IS NEEDED.

 ELEMENT TYPE       109 IS SOLID186. KEYOPT(2) IS ALREADY SET AS SUGGESTED AND NO
 RESETTING IS NEEDED.

 ELEMENT TYPE       110 IS SOLID186. KEYOPT(2) IS ALREADY SET AS SUGGESTED AND NO
 RESETTING IS NEEDED.

 ELEMENT TYPE       111 IS SOLID186. KEYOPT(2) IS ALREADY SET AS SUGGESTED AND NO
 RESETTING IS NEEDED.

 ELEMENT TYPE       112 IS SOLID186. KEYOPT(2) IS ALREADY SET AS SUGGESTED AND NO
 RESETTING IS NEEDED.

 ELEMENT TYPE       113 IS SOLID186. KEYOPT(2) IS ALREADY SET AS SUGGESTED AND NO
 RESETTING IS NEEDED.

 ELEMENT TYPE       114 IS SOLID186. KEYOPT(2) IS ALREADY SET AS SUGGESTED AND NO
 RESETTING IS NEEDED.

 ELEMENT TYPE       115 IS SOLID186. KEYOPT(2) IS ALREADY SET AS SUGGESTED AND NO
 RESETTING IS NEEDED.

 ELEMENT TYPE       116 IS SOLID186. KEYOPT(2) IS ALREADY SET AS SUGGESTED AND NO
 RESETTING IS NEEDED.

 ELEMENT TYPE       117 IS SOLID186. KEYOPT(2) IS ALREADY SET AS SUGGESTED AND NO
 RESETTING IS NEEDED.

 ELEMENT TYPE       118 IS SOLID186. KEYOPT(2) IS ALREADY SET AS SUGGESTED AND NO
 RESETTING IS NEEDED.

 ELEMENT TYPE       119 IS SOLID186. KEYOPT(2) IS ALREADY SET AS SUGGESTED AND NO
 RESETTING IS NEEDED.

 ELEMENT TYPE       120 IS SOLID186. KEYOPT(2) IS ALREADY SET AS SUGGESTED AND NO
 RESETTING IS NEEDED.

 ELEMENT TYPE       121 IS SOLID186. KEYOPT(2) IS ALREADY SET AS SUGGESTED AND NO
 RESETTING IS NEEDED.

 ELEMENT TYPE       122 IS SOLID186. KEYOPT(2) IS ALREADY SET AS SUGGESTED AND NO
 RESETTING IS NEEDED.

 ELEMENT TYPE       123 IS SOLID186. KEYOPT(2) IS ALREADY SET AS SUGGESTED AND NO
 RESETTING IS NEEDED.

 ELEMENT TYPE       124 IS SOLID186. KEYOPT(2) IS ALREADY SET AS SUGGESTED AND NO
 RESETTING IS NEEDED.

 ELEMENT TYPE       125 IS SOLID186. KEYOPT(2) IS ALREADY SET AS SUGGESTED AND NO
 RESETTING IS NEEDED.

 ELEMENT TYPE       126 IS SOLID186. KEYOPT(2) IS ALREADY SET AS SUGGESTED AND NO
 RESETTING IS NEEDED.

 ELEMENT TYPE       127 IS SOLID186. KEYOPT(2) IS ALREADY SET AS SUGGESTED AND NO
 RESETTING IS NEEDED.

 ELEMENT TYPE       128 IS SOLID186. KEYOPT(2) IS ALREADY SET AS SUGGESTED AND NO
 RESETTING IS NEEDED.

 ELEMENT TYPE       129 IS SOLID186. KEYOPT(2) IS ALREADY SET AS SUGGESTED AND NO
 RESETTING IS NEEDED.

 ELEMENT TYPE       130 IS SOLID186. KEYOPT(2) IS ALREADY SET AS SUGGESTED AND NO
 RESETTING IS NEEDED.

 ELEMENT TYPE       131 IS SOLID186. KEYOPT(2) IS ALREADY SET AS SUGGESTED AND NO
 RESETTING IS NEEDED.

 ELEMENT TYPE       132 IS SOLID186. KEYOPT(2) IS ALREADY SET AS SUGGESTED AND NO
 RESETTING IS NEEDED.

 ELEMENT TYPE       133 IS SOLID186. KEYOPT(2) IS ALREADY SET AS SUGGESTED AND NO
 RESETTING IS NEEDED.

 ELEMENT TYPE       134 IS SOLID186. KEYOPT(2) IS ALREADY SET AS SUGGESTED AND NO
 RESETTING IS NEEDED.

 ELEMENT TYPE       135 IS SOLID186. KEYOPT(2) IS ALREADY SET AS SUGGESTED AND NO
 RESETTING IS NEEDED.

 ELEMENT TYPE       136 IS SOLID186. KEYOPT(2) IS ALREADY SET AS SUGGESTED AND NO
 RESETTING IS NEEDED.

 ELEMENT TYPE       137 IS SOLID186. KEYOPT(2) IS ALREADY SET AS SUGGESTED AND NO
 RESETTING IS NEEDED.

 ELEMENT TYPE       138 IS SOLID186. KEYOPT(2) IS ALREADY SET AS SUGGESTED AND NO
 RESETTING IS NEEDED.

 ELEMENT TYPE       139 IS SOLID186. KEYOPT(2) IS ALREADY SET AS SUGGESTED AND NO
 RESETTING IS NEEDED.

 ELEMENT TYPE       140 IS SOLID186. KEYOPT(2) IS ALREADY SET AS SUGGESTED AND NO
 RESETTING IS NEEDED.

 ELEMENT TYPE       141 IS SOLID186. KEYOPT(2) IS ALREADY SET AS SUGGESTED AND NO
 RESETTING IS NEEDED.

 ELEMENT TYPE       142 IS SOLID186. KEYOPT(2) IS ALREADY SET AS SUGGESTED AND NO
 RESETTING IS NEEDED.

 ELEMENT TYPE       143 IS SOLID186. KEYOPT(2) IS ALREADY SET AS SUGGESTED AND NO
 RESETTING IS NEEDED.

 ELEMENT TYPE       144 IS SOLID186. KEYOPT(2) IS ALREADY SET AS SUGGESTED AND NO
 RESETTING IS NEEDED.

 ELEMENT TYPE       145 IS SOLID186. KEYOPT(2) IS ALREADY SET AS SUGGESTED AND NO
 RESETTING IS NEEDED.

 ELEMENT TYPE       146 IS SOLID186. KEYOPT(2) IS ALREADY SET AS SUGGESTED AND NO
 RESETTING IS NEEDED.

 ELEMENT TYPE       147 IS SOLID186. KEYOPT(2) IS ALREADY SET AS SUGGESTED AND NO
 RESETTING IS NEEDED.

 ELEMENT TYPE       148 IS SOLID186. KEYOPT(2) IS ALREADY SET AS SUGGESTED AND NO
 RESETTING IS NEEDED.

 ELEMENT TYPE       149 IS SOLID186. KEYOPT(2) IS ALREADY SET AS SUGGESTED AND NO
 RESETTING IS NEEDED.

 ELEMENT TYPE       150 IS SOLID186. KEYOPT(2) IS ALREADY SET AS SUGGESTED AND NO
 RESETTING IS NEEDED.

 ELEMENT TYPE       151 IS SOLID186. KEYOPT(2) IS ALREADY SET AS SUGGESTED AND NO
 RESETTING IS NEEDED.

 ELEMENT TYPE       152 IS SOLID186. KEYOPT(2) IS ALREADY SET AS SUGGESTED AND NO
 RESETTING IS NEEDED.

 ELEMENT TYPE       153 IS SOLID186. KEYOPT(2) IS ALREADY SET AS SUGGESTED AND NO
 RESETTING IS NEEDED.

 ELEMENT TYPE       154 IS SOLID186. KEYOPT(2) IS ALREADY SET AS SUGGESTED AND NO
 RESETTING IS NEEDED.

 ELEMENT TYPE       155 IS SOLID186. KEYOPT(2) IS ALREADY SET AS SUGGESTED AND NO
 RESETTING IS NEEDED.

 ELEMENT TYPE       156 IS SOLID186. KEYOPT(2) IS ALREADY SET AS SUGGESTED AND NO
 RESETTING IS NEEDED.

 ELEMENT TYPE       157 IS SOLID186. KEYOPT(2) IS ALREADY SET AS SUGGESTED AND NO
 RESETTING IS NEEDED.

 ELEMENT TYPE       158 IS SOLID186. KEYOPT(2) IS ALREADY SET AS SUGGESTED AND NO
 RESETTING IS NEEDED.

 ELEMENT TYPE       159 IS SOLID186. KEYOPT(2) IS ALREADY SET AS SUGGESTED AND NO
 RESETTING IS NEEDED.

 ELEMENT TYPE       160 IS SOLID186. KEYOPT(2) IS ALREADY SET AS SUGGESTED AND NO
 RESETTING IS NEEDED.

 ELEMENT TYPE       161 IS SOLID186. KEYOPT(2) IS ALREADY SET AS SUGGESTED AND NO
 RESETTING IS NEEDED.

 ELEMENT TYPE       162 IS SOLID186. KEYOPT(2) IS ALREADY SET AS SUGGESTED AND NO
 RESETTING IS NEEDED.

 ELEMENT TYPE       163 IS SOLID186. KEYOPT(2) IS ALREADY SET AS SUGGESTED AND NO
 RESETTING IS NEEDED.

 ELEMENT TYPE       164 IS SOLID186. KEYOPT(2) IS ALREADY SET AS SUGGESTED AND NO
 RESETTING IS NEEDED.

 ELEMENT TYPE       165 IS SOLID186. KEYOPT(2) IS ALREADY SET AS SUGGESTED AND NO
 RESETTING IS NEEDED.

 ELEMENT TYPE       166 IS SOLID186. KEYOPT(2) IS ALREADY SET AS SUGGESTED AND NO
 RESETTING IS NEEDED.

 ELEMENT TYPE       167 IS SOLID186. KEYOPT(2) IS ALREADY SET AS SUGGESTED AND NO
 RESETTING IS NEEDED.

 ELEMENT TYPE       168 IS SOLID186. KEYOPT(2) IS ALREADY SET AS SUGGESTED AND NO
 RESETTING IS NEEDED.

 ELEMENT TYPE       169 IS SOLID186. KEYOPT(2) IS ALREADY SET AS SUGGESTED AND NO
 RESETTING IS NEEDED.

 ELEMENT TYPE       170 IS SOLID186. KEYOPT(2) IS ALREADY SET AS SUGGESTED AND NO
 RESETTING IS NEEDED.

 ELEMENT TYPE       171 IS SOLID186. KEYOPT(2) IS ALREADY SET AS SUGGESTED AND NO
 RESETTING IS NEEDED.

 ELEMENT TYPE       172 IS SOLID186. KEYOPT(2) IS ALREADY SET AS SUGGESTED AND NO
 RESETTING IS NEEDED.

 ELEMENT TYPE       173 IS SOLID186. KEYOPT(2) IS ALREADY SET AS SUGGESTED AND NO
 RESETTING IS NEEDED.

 ELEMENT TYPE       174 IS SOLID187. IT IS NOT ASSOCIATED WITH FULLY INCOMPRESSIBLE
 HYPERELASTIC MATERIALS. NO SUGGESTION IS AVAILABLE AND NO RESETTING IS NEEDED.

 ELEMENT TYPE       175 IS SOLID187. IT IS NOT ASSOCIATED WITH FULLY INCOMPRESSIBLE
 HYPERELASTIC MATERIALS. NO SUGGESTION IS AVAILABLE AND NO RESETTING IS NEEDED.

 ELEMENT TYPE       176 IS SOLID187. IT IS NOT ASSOCIATED WITH FULLY INCOMPRESSIBLE
 HYPERELASTIC MATERIALS. NO SUGGESTION IS AVAILABLE AND NO RESETTING IS NEEDED.

 ELEMENT TYPE       177 IS SOLID187. IT IS NOT ASSOCIATED WITH FULLY INCOMPRESSIBLE
 HYPERELASTIC MATERIALS. NO SUGGESTION IS AVAILABLE AND NO RESETTING IS NEEDED.

 ELEMENT TYPE       178 IS SOLID186. KEYOPT(2) IS ALREADY SET AS SUGGESTED AND NO
 RESETTING IS NEEDED.

 ELEMENT TYPE       179 IS SOLID187. IT IS NOT ASSOCIATED WITH FULLY INCOMPRESSIBLE
 HYPERELASTIC MATERIALS. NO SUGGESTION IS AVAILABLE AND NO RESETTING IS NEEDED.

 ELEMENT TYPE       180 IS SOLID187. IT IS NOT ASSOCIATED WITH FULLY INCOMPRESSIBLE
 HYPERELASTIC MATERIALS. NO SUGGESTION IS AVAILABLE AND NO RESETTING IS NEEDED.

 ELEMENT TYPE       181 IS SOLID186. KEYOPT(2) IS ALREADY SET AS SUGGESTED AND NO
 RESETTING IS NEEDED.

 ELEMENT TYPE       182 IS SOLID186. KEYOPT(2) IS ALREADY SET AS SUGGESTED AND NO
 RESETTING IS NEEDED.

 ELEMENT TYPE       183 IS SOLID186. KEYOPT(2) IS ALREADY SET AS SUGGESTED AND NO
 RESETTING IS NEEDED.

 ELEMENT TYPE       184 IS SOLID187. IT IS NOT ASSOCIATED WITH FULLY INCOMPRESSIBLE
 HYPERELASTIC MATERIALS. NO SUGGESTION IS AVAILABLE AND NO RESETTING IS NEEDED.

 ELEMENT TYPE       185 IS SOLID187. IT IS NOT ASSOCIATED WITH FULLY INCOMPRESSIBLE
 HYPERELASTIC MATERIALS. NO SUGGESTION IS AVAILABLE AND NO RESETTING IS NEEDED.

 ELEMENT TYPE       186 IS SOLID187. IT IS NOT ASSOCIATED WITH FULLY INCOMPRESSIBLE
 HYPERELASTIC MATERIALS. NO SUGGESTION IS AVAILABLE AND NO RESETTING IS NEEDED.

 ELEMENT TYPE       187 IS SOLID187. IT IS NOT ASSOCIATED WITH FULLY INCOMPRESSIBLE
 HYPERELASTIC MATERIALS. NO SUGGESTION IS AVAILABLE AND NO RESETTING IS NEEDED.

 ELEMENT TYPE       188 IS SOLID187. IT IS NOT ASSOCIATED WITH FULLY INCOMPRESSIBLE
 HYPERELASTIC MATERIALS. NO SUGGESTION IS AVAILABLE AND NO RESETTING IS NEEDED.

 ELEMENT TYPE       189 IS SOLID187. IT IS NOT ASSOCIATED WITH FULLY INCOMPRESSIBLE
 HYPERELASTIC MATERIALS. NO SUGGESTION IS AVAILABLE AND NO RESETTING IS NEEDED.

 ELEMENT TYPE       190 IS SOLID187. IT IS NOT ASSOCIATED WITH FULLY INCOMPRESSIBLE
 HYPERELASTIC MATERIALS. NO SUGGESTION IS AVAILABLE AND NO RESETTING IS NEEDED.

 ELEMENT TYPE       191 IS SOLID187. IT IS NOT ASSOCIATED WITH FULLY INCOMPRESSIBLE
 HYPERELASTIC MATERIALS. NO SUGGESTION IS AVAILABLE AND NO RESETTING IS NEEDED.

 ELEMENT TYPE       192 IS SOLID186. KEYOPT(2) IS ALREADY SET AS SUGGESTED AND NO
 RESETTING IS NEEDED.

 ELEMENT TYPE       193 IS SOLID187. IT IS NOT ASSOCIATED WITH FULLY INCOMPRESSIBLE
 HYPERELASTIC MATERIALS. NO SUGGESTION IS AVAILABLE AND NO RESETTING IS NEEDED.

 ELEMENT TYPE       194 IS SOLID187. IT IS NOT ASSOCIATED WITH FULLY INCOMPRESSIBLE
 HYPERELASTIC MATERIALS. NO SUGGESTION IS AVAILABLE AND NO RESETTING IS NEEDED.

 ELEMENT TYPE       195 IS SOLID187. IT IS NOT ASSOCIATED WITH FULLY INCOMPRESSIBLE
 HYPERELASTIC MATERIALS. NO SUGGESTION IS AVAILABLE AND NO RESETTING IS NEEDED.

 ELEMENT TYPE       196 IS SOLID187. IT IS NOT ASSOCIATED WITH FULLY INCOMPRESSIBLE
 HYPERELASTIC MATERIALS. NO SUGGESTION IS AVAILABLE AND NO RESETTING IS NEEDED.

 ELEMENT TYPE       197 IS SOLID187. IT IS NOT ASSOCIATED WITH FULLY INCOMPRESSIBLE
 HYPERELASTIC MATERIALS. NO SUGGESTION IS AVAILABLE AND NO RESETTING IS NEEDED.

 ELEMENT TYPE       198 IS SOLID187. IT IS NOT ASSOCIATED WITH FULLY INCOMPRESSIBLE
 HYPERELASTIC MATERIALS. NO SUGGESTION IS AVAILABLE AND NO RESETTING IS NEEDED.

 ELEMENT TYPE       199 IS SOLID187. IT IS NOT ASSOCIATED WITH FULLY INCOMPRESSIBLE
 HYPERELASTIC MATERIALS. NO SUGGESTION IS AVAILABLE AND NO RESETTING IS NEEDED.

 ELEMENT TYPE       200 IS SOLID187. IT IS NOT ASSOCIATED WITH FULLY INCOMPRESSIBLE
 HYPERELASTIC MATERIALS. NO SUGGESTION IS AVAILABLE AND NO RESETTING IS NEEDED.

 ELEMENT TYPE       201 IS SOLID187. IT IS NOT ASSOCIATED WITH FULLY INCOMPRESSIBLE
 HYPERELASTIC MATERIALS. NO SUGGESTION IS AVAILABLE AND NO RESETTING IS NEEDED.

 ELEMENT TYPE       202 IS SOLID187. IT IS NOT ASSOCIATED WITH FULLY INCOMPRESSIBLE
 HYPERELASTIC MATERIALS. NO SUGGESTION IS AVAILABLE AND NO RESETTING IS NEEDED.

 ELEMENT TYPE       203 IS SOLID187. IT IS NOT ASSOCIATED WITH FULLY INCOMPRESSIBLE
 HYPERELASTIC MATERIALS. NO SUGGESTION IS AVAILABLE AND NO RESETTING IS NEEDED.

 ELEMENT TYPE       204 IS SOLID187. IT IS NOT ASSOCIATED WITH FULLY INCOMPRESSIBLE
 HYPERELASTIC MATERIALS. NO SUGGESTION IS AVAILABLE AND NO RESETTING IS NEEDED.

 ELEMENT TYPE       205 IS SOLID187. IT IS NOT ASSOCIATED WITH FULLY INCOMPRESSIBLE
 HYPERELASTIC MATERIALS. NO SUGGESTION IS AVAILABLE AND NO RESETTING IS NEEDED.

 ELEMENT TYPE       206 IS SOLID187. IT IS NOT ASSOCIATED WITH FULLY INCOMPRESSIBLE
 HYPERELASTIC MATERIALS. NO SUGGESTION IS AVAILABLE AND NO RESETTING IS NEEDED.

 ELEMENT TYPE       207 IS SOLID187. IT IS NOT ASSOCIATED WITH FULLY INCOMPRESSIBLE
 HYPERELASTIC MATERIALS. NO SUGGESTION IS AVAILABLE AND NO RESETTING IS NEEDED.

 ELEMENT TYPE       208 IS SOLID186. KEYOPT(2) IS ALREADY SET AS SUGGESTED AND NO
 RESETTING IS NEEDED.



 *** NOTE ***                            ELAPSED TIME =       7.935   TIME= 15:52:11
 The conditions for direct assembly have been met.  No .emat or .erot    
 files will be produced.                                                 

 SOLUTION MONITORING INFO IS WRITTEN TO FILE= file.mntr                                                                                                                                                                                                                                                           
 *WARNING*: Some target elements on target surface specified by real     
 constant set 213 belong to symmetric contact (e.g.  213 and 612), some  
 do not.                                                                 
 *WARNING*: Some MPC/Lagrange based elements (e.g.57396) in real         
 constant set 555 overlap with other MPC/Lagrange based elements         
 (e.g.58018) in real constant set 557 which can cause overconstraint.    

 *** NOTE ***                            ELAPSED TIME =       8.559   TIME= 15:52:12
 Smoothing on certain target nodes (e.g.89216) for pair ID 609 may have  
 accuracy issue.  Please verify element normal of connected target       
 elements (e.g.70060 & 70079).                                           

 *** NOTE ***                            ELAPSED TIME =       9.548   TIME= 15:52:13
 Deformable-deformable contact pair identified by real constant set 209  
 and contact element type 209 has been set up.                           
 Auto surface constraint is built
 Contact algorithm: MPC based approach

 *** NOTE ***                            ELAPSED TIME =       9.549   TIME= 15:52:13
 Contact related postprocess items (ETABLE, pressure ...) are not        
 available.                                                              
 Contact detection at: nodal point (normal to target surface)
 MPC will be built internally to handle bonded contact.
 Average contact surface length               0.66144E-03
 Average contact pair depth                   0.35000E-03
 Average target surface length                0.77135E-02
 User defined pinball region PINB             0.30000E-03
 Default target edge extension factor TOLS     2.0000    
 Initial penetration/gap is excluded.
 Bonded contact (always) is defined.

 *** NOTE ***                            ELAPSED TIME =       9.550   TIME= 15:52:13
 Max.  Initial penetration 1.084202172E-19 was detected between contact  
 element 55199 and target element 55200.                                 
 ****************************************
  

 *** NOTE ***                            ELAPSED TIME =       9.550   TIME= 15:52:13
 Deformable-deformable contact pair identified by real constant set 211  
 and contact element type 211 has been set up.                           
 Auto surface constraint is built
 Contact algorithm: MPC based approach

 *** NOTE ***                            ELAPSED TIME =       9.550   TIME= 15:52:13
 Contact related postprocess items (ETABLE, pressure ...) are not        
 available.                                                              
 Contact detection at: nodal point (normal to target surface)
 MPC will be built internally to handle bonded contact.
 Average contact surface length               0.66144E-03
 Average contact pair depth                   0.35000E-03
 Average target surface length                0.79124E-02
 User defined pinball region PINB             0.30000E-03
 Default target edge extension factor TOLS     2.0000    
 Initial penetration/gap is excluded.
 Bonded contact (always) is defined.

 *** NOTE ***                            ELAPSED TIME =       9.551   TIME= 15:52:13
 Max.  Initial penetration 5.421010862E-20 was detected between contact  
 element 55202 and target element 55204.                                 
 ****************************************
  

 *** NOTE ***                            ELAPSED TIME =       9.551   TIME= 15:52:13
 Deformable-deformable contact pair identified by real constant set 213  
 and contact element type 213 has been set up.                           
 Auto surface constraint is built
 Contact algorithm: MPC based approach

 *** NOTE ***                            ELAPSED TIME =       9.552   TIME= 15:52:13
 Contact related postprocess items (ETABLE, pressure ...) are not        
 available.                                                              
 Contact detection at: nodal point (normal to target surface)
 MPC will be built internally to handle bonded contact.
 Average contact surface length               0.91119E-02
 Average contact pair depth                   0.65000E-02
 Average target surface length                0.71733E-02
 User defined pinball region PINB             0.30000E-03
 Default target edge extension factor TOLS     2.0000    
 Initial penetration/gap is excluded.
 Bonded contact (always) is defined.

 *** NOTE ***                            ELAPSED TIME =       9.552   TIME= 15:52:13
 Max.  Initial penetration 5.421010862E-20 was detected between contact  
 element 55205 and target element 55207.                                 
 ****************************************
  

 *** NOTE ***                            ELAPSED TIME =       9.552   TIME= 15:52:13
 Deformable-deformable contact pair identified by real constant set 215  
 and contact element type 215 has been set up.                           
 Auto surface constraint is built
 Contact algorithm: MPC based approach

 *** NOTE ***                            ELAPSED TIME =       9.553   TIME= 15:52:13
 Contact related postprocess items (ETABLE, pressure ...) are not        
 available.                                                              
 Contact detection at: nodal point (normal to target surface)
 MPC will be built internally to handle bonded contact.
 Average contact surface length               0.21166E-02
 Average contact pair depth                   0.16000E-02
 Average target surface length                0.83122E-02
 User defined pinball region PINB             0.30000E-03
 Default target edge extension factor TOLS     2.0000    
 Initial penetration/gap is excluded.
 Bonded contact (always) is defined.

 *** NOTE ***                            ELAPSED TIME =       9.554   TIME= 15:52:13
 Max.  Initial penetration 1.084202172E-19 was detected between contact  
 element 55211 and target element 55212.                                 
 ****************************************
  

 *** NOTE ***                            ELAPSED TIME =       9.554   TIME= 15:52:13
 Deformable-deformable contact pair identified by real constant set 217  
 and contact element type 217 has been set up.                           
 Auto surface constraint is built
 Contact algorithm: MPC based approach

 *** NOTE ***                            ELAPSED TIME =       9.554   TIME= 15:52:13
 Contact related postprocess items (ETABLE, pressure ...) are not        
 available.                                                              
 Contact detection at: nodal point (normal to target surface)
 MPC will be built internally to handle bonded contact.
 Average contact surface length               0.66144E-03
 Average contact pair depth                   0.35000E-03
 Average target surface length                0.78657E-02
 User defined pinball region PINB             0.30000E-03
 Default target edge extension factor TOLS     2.0000    
 Initial penetration/gap is excluded.
 Bonded contact (always) is defined.

 *** NOTE ***                            ELAPSED TIME =       9.555   TIME= 15:52:13
 Max.  Initial penetration 1.084202172E-19 was detected between contact  
 element 55214 and target element 55215.                                 
 ****************************************
  

 *** NOTE ***                            ELAPSED TIME =       9.555   TIME= 15:52:13
 Deformable-deformable contact pair identified by real constant set 219  
 and contact element type 219 has been set up.                           
 Auto surface constraint is built
 Contact algorithm: MPC based approach

 *** NOTE ***                            ELAPSED TIME =       9.555   TIME= 15:52:13
 Contact related postprocess items (ETABLE, pressure ...) are not        
 available.                                                              
 Contact detection at: nodal point (normal to target surface)
 MPC will be built internally to handle bonded contact.
 Average contact surface length               0.66144E-03
 Average contact pair depth                   0.35000E-03
 Average target surface length                0.80158E-02
 User defined pinball region PINB             0.30000E-03
 Default target edge extension factor TOLS     2.0000    
 Initial penetration/gap is excluded.
 Bonded contact (always) is defined.

 *** NOTE ***                            ELAPSED TIME =       9.556   TIME= 15:52:13
 Max.  Initial penetration 1.084202172E-19 was detected between contact  
 element 55216 and target element 55218.                                 
 ****************************************
  

 *** NOTE ***                            ELAPSED TIME =       9.556   TIME= 15:52:13
 Deformable-deformable contact pair identified by real constant set 221  
 and contact element type 221 has been set up.                           
 Auto surface constraint is built
 Contact algorithm: MPC based approach

 *** NOTE ***                            ELAPSED TIME =       9.557   TIME= 15:52:13
 Contact related postprocess items (ETABLE, pressure ...) are not        
 available.                                                              
 Contact detection at: nodal point (normal to target surface)
 MPC will be built internally to handle bonded contact.
 Average contact surface length               0.21166E-02
 Average contact pair depth                   0.16000E-02
 Average target surface length                0.77589E-02
 User defined pinball region PINB             0.30000E-03
 Default target edge extension factor TOLS     2.0000    
 Initial penetration/gap is excluded.
 Bonded contact (always) is defined.

 *** NOTE ***                            ELAPSED TIME =       9.557   TIME= 15:52:13
 Max.  Initial penetration 1.084202172E-19 was detected between contact  
 element 55219 and target element 55221.                                 
 ****************************************
  

 *** NOTE ***                            ELAPSED TIME =       9.557   TIME= 15:52:13
 Deformable-deformable contact pair identified by real constant set 223  
 and contact element type 223 has been set up.                           
 Auto surface constraint is built
 Contact algorithm: MPC based approach

 *** NOTE ***                            ELAPSED TIME =       9.558   TIME= 15:52:13
 Contact related postprocess items (ETABLE, pressure ...) are not        
 available.                                                              
 Contact detection at: nodal point (normal to target surface)
 MPC will be built internally to handle bonded contact.
 Average contact surface length               0.66144E-03
 Average contact pair depth                   0.35000E-03
 Average target surface length                0.79641E-02
 User defined pinball region PINB             0.30000E-03
 Default target edge extension factor TOLS     2.0000    
 Initial penetration/gap is excluded.
 Bonded contact (always) is defined.

 *** NOTE ***                            ELAPSED TIME =       9.558   TIME= 15:52:13
 Max.  Initial penetration 1.084202172E-19 was detected between contact  
 element 55222 and target element 55223.                                 
 ****************************************
  

 *** NOTE ***                            ELAPSED TIME =       9.559   TIME= 15:52:13
 Deformable-deformable contact pair identified by real constant set 225  
 and contact element type 225 has been set up.                           
 Auto surface constraint is built
 Contact algorithm: MPC based approach

 *** NOTE ***                            ELAPSED TIME =       9.559   TIME= 15:52:13
 Contact related postprocess items (ETABLE, pressure ...) are not        
 available.                                                              
 Contact detection at: nodal point (normal to target surface)
 MPC will be built internally to handle bonded contact.
 Average contact surface length               0.66144E-03
 Average contact pair depth                   0.35000E-03
 Average target surface length                0.72176E-02
 User defined pinball region PINB             0.30000E-03
 Default target edge extension factor TOLS     2.0000    
 Initial penetration/gap is excluded.
 Bonded contact (always) is defined.

 *** NOTE ***                            ELAPSED TIME =       9.560   TIME= 15:52:13
 Max.  Initial penetration 1.084202172E-19 was detected between contact  
 element 55227 and target element 55228.                                 
 ****************************************
  

 *** NOTE ***                            ELAPSED TIME =       9.560   TIME= 15:52:13
 Deformable-deformable contact pair identified by real constant set 227  
 and contact element type 227 has been set up.                           
 Auto surface constraint is built
 Contact algorithm: MPC based approach

 *** NOTE ***                            ELAPSED TIME =       9.560   TIME= 15:52:13
 Contact related postprocess items (ETABLE, pressure ...) are not        
 available.                                                              
 Contact detection at: nodal point (normal to target surface)
 MPC will be built internally to handle bonded contact.
 Average contact surface length               0.14422E-02
 Average contact pair depth                   0.90000E-03
 Average target surface length                0.72262E-02
 User defined pinball region PINB             0.30000E-03
 Default target edge extension factor TOLS     2.0000    
 Initial penetration/gap is excluded.
 Bonded contact (always) is defined.

 *** NOTE ***                            ELAPSED TIME =       9.561   TIME= 15:52:13
 Max.  Initial penetration 1.084202172E-19 was detected between contact  
 element 55229 and target element 55231.                                 
 ****************************************
  

 *** NOTE ***                            ELAPSED TIME =       9.561   TIME= 15:52:13
 Deformable-deformable contact pair identified by real constant set 229  
 and contact element type 229 has been set up.                           
 Auto surface constraint is built
 Contact algorithm: MPC based approach

 *** NOTE ***                            ELAPSED TIME =       9.562   TIME= 15:52:13
 Contact related postprocess items (ETABLE, pressure ...) are not        
 available.                                                              
 Contact detection at: nodal point (normal to target surface)
 MPC will be built internally to handle bonded contact.
 Average contact surface length               0.18330E-02
 Average contact pair depth                   0.12500E-02
 Average target surface length                0.69724E-02
 User defined pinball region PINB             0.30000E-03
 Default target edge extension factor TOLS     2.0000    
 Initial penetration/gap is excluded.
 Bonded contact (always) is defined.

 *** NOTE ***                            ELAPSED TIME =       9.562   TIME= 15:52:13
 Max.  Initial penetration 1.626303259E-19 was detected between contact  
 element 55232 and target element 55233.                                 
 ****************************************
  

 *** NOTE ***                            ELAPSED TIME =       9.562   TIME= 15:52:13
 Deformable-deformable contact pair identified by real constant set 231  
 and contact element type 231 has been set up.                           
 Auto surface constraint is built
 Contact algorithm: MPC based approach

 *** NOTE ***                            ELAPSED TIME =       9.563   TIME= 15:52:13
 Contact related postprocess items (ETABLE, pressure ...) are not        
 available.                                                              
 Contact detection at: nodal point (normal to target surface)
 MPC will be built internally to handle bonded contact.
 Average contact surface length               0.18330E-02
 Average contact pair depth                   0.12500E-02
 Average target surface length                0.69724E-02
 User defined pinball region PINB             0.30000E-03
 Default target edge extension factor TOLS     2.0000    
 Initial penetration/gap is excluded.
 Bonded contact (always) is defined.

 *** NOTE ***                            ELAPSED TIME =       9.563   TIME= 15:52:13
 Max.  Initial penetration 1.355252716E-19 was detected between contact  
 element 55235 and target element 55237.                                 
 ****************************************
  

 *** NOTE ***                            ELAPSED TIME =       9.564   TIME= 15:52:13
 Deformable-deformable contact pair identified by real constant set 233  
 and contact element type 233 has been set up.                           
 Auto surface constraint is built
 Contact algorithm: MPC based approach

 *** NOTE ***                            ELAPSED TIME =       9.564   TIME= 15:52:13
 Contact related postprocess items (ETABLE, pressure ...) are not        
 available.                                                              
 Contact detection at: nodal point (normal to target surface)
 MPC will be built internally to handle bonded contact.
 Average contact surface length               0.66144E-03
 Average contact pair depth                   0.35000E-03
 Average target surface length                0.70744E-02
 User defined pinball region PINB             0.30000E-03
 Default target edge extension factor TOLS     2.0000    
 Initial penetration/gap is excluded.
 Bonded contact (always) is defined.

 *** NOTE ***                            ELAPSED TIME =       9.565   TIME= 15:52:13
 Max.  Initial penetration 8.131516294E-20 was detected between contact  
 element 55238 and target element 55239.                                 
 ****************************************
  

 *** NOTE ***                            ELAPSED TIME =       9.565   TIME= 15:52:13
 Deformable-deformable contact pair identified by real constant set 235  
 and contact element type 235 has been set up.                           
 Auto surface constraint is built
 Contact algorithm: MPC based approach

 *** NOTE ***                            ELAPSED TIME =       9.565   TIME= 15:52:13
 Contact related postprocess items (ETABLE, pressure ...) are not        
 available.                                                              
 Contact detection at: nodal point (normal to target surface)
 MPC will be built internally to handle bonded contact.
 Average contact surface length               0.66144E-03
 Average contact pair depth                   0.35000E-03
 Average target surface length                0.72262E-02
 User defined pinball region PINB             0.30000E-03
 Default target edge extension factor TOLS     2.0000    
 Initial penetration/gap is excluded.
 Bonded contact (always) is defined.

 *** NOTE ***                            ELAPSED TIME =       9.566   TIME= 15:52:13
 Max.  Initial penetration 1.084202172E-19 was detected between contact  
 element 55240 and target element 55242.                                 
 ****************************************
  

 *** NOTE ***                            ELAPSED TIME =       9.566   TIME= 15:52:13
 Deformable-deformable contact pair identified by real constant set 237  
 and contact element type 237 has been set up.                           
 Auto surface constraint is built
 Contact algorithm: MPC based approach

 *** NOTE ***                            ELAPSED TIME =       9.567   TIME= 15:52:13
 Contact related postprocess items (ETABLE, pressure ...) are not        
 available.                                                              
 Contact detection at: nodal point (normal to target surface)
 MPC will be built internally to handle bonded contact.
 Average contact surface length               0.66144E-03
 Average contact pair depth                   0.35000E-03
 Average target surface length                0.68704E-02
 User defined pinball region PINB             0.30000E-03
 Default target edge extension factor TOLS     2.0000    
 Initial penetration/gap is excluded.
 Bonded contact (always) is defined.

 *** NOTE ***                            ELAPSED TIME =       9.567   TIME= 15:52:13
 Max.  Initial penetration 2.168404345E-19 was detected between contact  
 element 55243 and target element 55244.                                 
 ****************************************
  

 *** NOTE ***                            ELAPSED TIME =       9.568   TIME= 15:52:13
 Deformable-deformable contact pair identified by real constant set 239  
 and contact element type 239 has been set up.                           
 Auto surface constraint is built
 Contact algorithm: MPC based approach

 *** NOTE ***                            ELAPSED TIME =       9.568   TIME= 15:52:13
 Contact related postprocess items (ETABLE, pressure ...) are not        
 available.                                                              
 Contact detection at: nodal point (normal to target surface)
 MPC will be built internally to handle bonded contact.
 Average contact surface length               0.66144E-03
 Average contact pair depth                   0.35000E-03
 Average target surface length                0.73994E-02
 User defined pinball region PINB             0.30000E-03
 Default target edge extension factor TOLS     2.0000    
 Initial penetration/gap is excluded.
 Bonded contact (always) is defined.

 *** NOTE ***                            ELAPSED TIME =       9.569   TIME= 15:52:13
 Max.  Initial penetration 1.084202172E-19 was detected between contact  
 element 55245 and target element 55247.                                 
 ****************************************
  

 *** NOTE ***                            ELAPSED TIME =       9.569   TIME= 15:52:13
 Deformable-deformable contact pair identified by real constant set 241  
 and contact element type 241 has been set up.                           
 Auto surface constraint is built
 Contact algorithm: MPC based approach

 *** NOTE ***                            ELAPSED TIME =       9.569   TIME= 15:52:13
 Contact related postprocess items (ETABLE, pressure ...) are not        
 available.                                                              
 Contact detection at: nodal point (normal to target surface)
 MPC will be built internally to handle bonded contact.
 Average contact surface length               0.90139E-03
 Average contact pair depth                   0.50000E-03
 Average target surface length                0.76147E-02
 User defined pinball region PINB             0.30000E-03
 Default target edge extension factor TOLS     2.0000    
 Initial penetration/gap is excluded.
 Bonded contact (always) is defined.

 *** NOTE ***                            ELAPSED TIME =       9.570   TIME= 15:52:13
 Max.  Initial penetration 1.626303259E-19 was detected between contact  
 element 55248 and target element 55249.                                 
 ****************************************
  

 *** NOTE ***                            ELAPSED TIME =       9.570   TIME= 15:52:13
 Deformable-deformable contact pair identified by real constant set 243  
 and contact element type 243 has been set up.                           
 Auto surface constraint is built
 Contact algorithm: MPC based approach

 *** NOTE ***                            ELAPSED TIME =       9.570   TIME= 15:52:13
 Contact related postprocess items (ETABLE, pressure ...) are not        
 available.                                                              
 Contact detection at: nodal point (normal to target surface)
 MPC will be built internally to handle bonded contact.
 Average contact surface length               0.90139E-03
 Average contact pair depth                   0.50000E-03
 Average target surface length                0.73666E-02
 User defined pinball region PINB             0.30000E-03
 Default target edge extension factor TOLS     2.0000    
 Initial penetration/gap is excluded.
 Bonded contact (always) is defined.

 *** NOTE ***                            ELAPSED TIME =       9.571   TIME= 15:52:13
 Max.  Initial penetration 5.421010862E-20 was detected between contact  
 element 55251 and target element 55252.                                 
 ****************************************
  

 *** NOTE ***                            ELAPSED TIME =       9.571   TIME= 15:52:13
 Deformable-deformable contact pair identified by real constant set 245  
 and contact element type 245 has been set up.                           
 Auto surface constraint is built
 Contact algorithm: MPC based approach

 *** NOTE ***                            ELAPSED TIME =       9.572   TIME= 15:52:13
 Contact related postprocess items (ETABLE, pressure ...) are not        
 available.                                                              
 Contact detection at: nodal point (normal to target surface)
 MPC will be built internally to handle bonded contact.
 Average contact surface length               0.66144E-03
 Average contact pair depth                   0.35000E-03
 Average target surface length                0.76093E-02
 User defined pinball region PINB             0.30000E-03
 Default target edge extension factor TOLS     2.0000    
 Initial penetration/gap is excluded.
 Bonded contact (always) is defined.

 *** NOTE ***                            ELAPSED TIME =       9.572   TIME= 15:52:13
 Max.  Initial penetration 5.421010862E-20 was detected between contact  
 element 55255 and target element 55256.                                 
 ****************************************
  

 *** NOTE ***                            ELAPSED TIME =       9.572   TIME= 15:52:13
 Deformable-deformable contact pair identified by real constant set 247  
 and contact element type 247 has been set up.                           
 Auto surface constraint is built
 Contact algorithm: MPC based approach

 *** NOTE ***                            ELAPSED TIME =       9.573   TIME= 15:52:13
 Contact related postprocess items (ETABLE, pressure ...) are not        
 available.                                                              
 Contact detection at: nodal point (normal to target surface)
 MPC will be built internally to handle bonded contact.
 Average contact surface length               0.66144E-03
 Average contact pair depth                   0.35000E-03
 Average target surface length                0.80224E-02
 User defined pinball region PINB             0.30000E-03
 Default target edge extension factor TOLS     2.0000    
 Initial penetration/gap is excluded.
 Bonded contact (always) is defined.

 *** NOTE ***                            ELAPSED TIME =       9.573   TIME= 15:52:13
 Max.  Initial penetration 1.626303259E-19 was detected between contact  
 element 55257 and target element 55258.                                 
 ****************************************
  

 *** NOTE ***                            ELAPSED TIME =       9.574   TIME= 15:52:13
 Deformable-deformable contact pair identified by real constant set 249  
 and contact element type 249 has been set up.                           
 Auto surface constraint is built
 Contact algorithm: MPC based approach

 *** NOTE ***                            ELAPSED TIME =       9.574   TIME= 15:52:13
 Contact related postprocess items (ETABLE, pressure ...) are not        
 available.                                                              
 Contact detection at: nodal point (normal to target surface)
 MPC will be built internally to handle bonded contact.
 Average contact surface length               0.91119E-02
 Average contact pair depth                   0.65000E-02
 Average target surface length                0.60160E-02
 User defined pinball region PINB             0.30000E-03
 Default target edge extension factor TOLS     2.0000    
 Initial penetration/gap is excluded.
 Bonded contact (always) is defined.

 *** NOTE ***                            ELAPSED TIME =       9.575   TIME= 15:52:13
 Max.  Initial penetration 1.084202172E-19 was detected between contact  
 element 55260 and target element 55264.                                 
 ****************************************
  

 *** NOTE ***                            ELAPSED TIME =       9.575   TIME= 15:52:13
 Deformable-deformable contact pair identified by real constant set 251  
 and contact element type 251 has been set up.                           
 Auto surface constraint is built
 Contact algorithm: MPC based approach

 *** NOTE ***                            ELAPSED TIME =       9.575   TIME= 15:52:13
 Contact related postprocess items (ETABLE, pressure ...) are not        
 available.                                                              
 Contact detection at: nodal point (normal to target surface)
 MPC will be built internally to handle bonded contact.
 Average contact surface length               0.28844E-02
 Average contact pair depth                   0.16000E-02
 Average target surface length                0.74101E-02
 User defined pinball region PINB             0.30000E-03
 Default target edge extension factor TOLS     2.0000    
 Initial penetration/gap is excluded.
 Bonded contact (always) is defined.

 *** NOTE ***                            ELAPSED TIME =       9.576   TIME= 15:52:13
 Max.  Initial penetration 1.084202172E-19 was detected between contact  
 element 55270 and target element 55273.                                 
 ****************************************
  

 *** NOTE ***                            ELAPSED TIME =       9.576   TIME= 15:52:13
 Deformable-deformable contact pair identified by real constant set 253  
 and contact element type 253 has been set up.                           
 Auto surface constraint is built
 Contact algorithm: MPC based approach

 *** NOTE ***                            ELAPSED TIME =       9.577   TIME= 15:52:13
 Contact related postprocess items (ETABLE, pressure ...) are not        
 available.                                                              
 Contact detection at: nodal point (normal to target surface)
 MPC will be built internally to handle bonded contact.
 Average contact surface length               0.21166E-02
 Average contact pair depth                   0.16000E-02
 Average target surface length                0.59247E-02
 User defined pinball region PINB             0.30000E-03
 Default target edge extension factor TOLS     2.0000    
 Initial penetration/gap is excluded.
 Bonded contact (always) is defined.

 *** NOTE ***                            ELAPSED TIME =       9.577   TIME= 15:52:13
 Max.  Initial penetration 1.084202172E-19 was detected between contact  
 element 55274 and target element 55275.                                 
 ****************************************
  

 *** NOTE ***                            ELAPSED TIME =       9.577   TIME= 15:52:13
 Deformable-deformable contact pair identified by real constant set 255  
 and contact element type 255 has been set up.                           
 Auto surface constraint is built
 Contact algorithm: MPC based approach

 *** NOTE ***                            ELAPSED TIME =       9.578   TIME= 15:52:13
 Contact related postprocess items (ETABLE, pressure ...) are not        
 available.                                                              
 Contact detection at: nodal point (normal to target surface)
 MPC will be built internally to handle bonded contact.
 Average contact surface length               0.66144E-03
 Average contact pair depth                   0.35000E-03
 Average target surface length                0.73243E-02
 User defined pinball region PINB             0.30000E-03
 Default target edge extension factor TOLS     2.0000    
 Initial penetration/gap is excluded.
 Bonded contact (always) is defined.

 *** NOTE ***                            ELAPSED TIME =       9.578   TIME= 15:52:13
 Max.  Initial penetration 5.421010862E-20 was detected between contact  
 element 55279 and target element 55280.                                 
 ****************************************
  

 *** NOTE ***                            ELAPSED TIME =       9.579   TIME= 15:52:13
 Deformable-deformable contact pair identified by real constant set 257  
 and contact element type 257 has been set up.                           
 Auto surface constraint is built
 Contact algorithm: MPC based approach

 *** NOTE ***                            ELAPSED TIME =       9.579   TIME= 15:52:13
 Contact related postprocess items (ETABLE, pressure ...) are not        
 available.                                                              
 Contact detection at: nodal point (normal to target surface)
 MPC will be built internally to handle bonded contact.
 Average contact surface length               0.66144E-03
 Average contact pair depth                   0.35000E-03
 Average target surface length                0.71978E-02
 User defined pinball region PINB             0.30000E-03
 Default target edge extension factor TOLS     2.0000    
 Initial penetration/gap is excluded.
 Bonded contact (always) is defined.

 *** NOTE ***                            ELAPSED TIME =       9.580   TIME= 15:52:13
 Max.  Initial penetration 1.084202172E-19 was detected between contact  
 element 55282 and target element 55284.                                 
 ****************************************
  

 *** NOTE ***                            ELAPSED TIME =       9.580   TIME= 15:52:13
 Deformable-deformable contact pair identified by real constant set 259  
 and contact element type 259 has been set up.                           
 Auto surface constraint is built
 Contact algorithm: MPC based approach

 *** NOTE ***                            ELAPSED TIME =       9.581   TIME= 15:52:13
 Contact related postprocess items (ETABLE, pressure ...) are not        
 available.                                                              
 Contact detection at: nodal point (normal to target surface)
 MPC will be built internally to handle bonded contact.
 Average contact surface length               0.21166E-02
 Average contact pair depth                   0.16000E-02
 Average target surface length                0.80461E-02
 User defined pinball region PINB             0.30000E-03
 Default target edge extension factor TOLS     2.0000    
 Initial penetration/gap is excluded.
 Bonded contact (always) is defined.

 *** NOTE ***                            ELAPSED TIME =       9.581   TIME= 15:52:13
 Max.  Initial penetration 1.626303259E-19 was detected between contact  
 element 55286 and target element 55287.                                 
 ****************************************
  

 *** NOTE ***                            ELAPSED TIME =       9.582   TIME= 15:52:13
 Deformable-deformable contact pair identified by real constant set 261  
 and contact element type 261 has been set up.                           
 Auto surface constraint is built
 Contact algorithm: MPC based approach

 *** NOTE ***                            ELAPSED TIME =       9.582   TIME= 15:52:13
 Contact related postprocess items (ETABLE, pressure ...) are not        
 available.                                                              
 Contact detection at: nodal point (normal to target surface)
 MPC will be built internally to handle bonded contact.
 Average contact surface length               0.28844E-02
 Average contact pair depth                   0.16000E-02
 Average target surface length                0.77905E-02
 User defined pinball region PINB             0.30000E-03
 Default target edge extension factor TOLS     2.0000    
 Initial penetration/gap is excluded.
 Bonded contact (always) is defined.

 *** NOTE ***                            ELAPSED TIME =       9.583   TIME= 15:52:13
 Max.  Initial penetration 5.421010862E-20 was detected between contact  
 element 55289 and target element 55290.                                 
 ****************************************
  

 *** NOTE ***                            ELAPSED TIME =       9.583   TIME= 15:52:13
 Deformable-deformable contact pair identified by real constant set 263  
 and contact element type 263 has been set up.                           
 Auto surface constraint is built
 Contact algorithm: MPC based approach

 *** NOTE ***                            ELAPSED TIME =       9.583   TIME= 15:52:13
 Contact related postprocess items (ETABLE, pressure ...) are not        
 available.                                                              
 Contact detection at: nodal point (normal to target surface)
 MPC will be built internally to handle bonded contact.
 Average contact surface length               0.66144E-03
 Average contact pair depth                   0.35000E-03
 Average target surface length                0.77830E-02
 User defined pinball region PINB             0.30000E-03
 Default target edge extension factor TOLS     2.0000    
 Initial penetration/gap is excluded.
 Bonded contact (always) is defined.

 *** NOTE ***                            ELAPSED TIME =       9.584   TIME= 15:52:13
 Max.  Initial penetration 1.084202172E-19 was detected between contact  
 element 55294 and target element 55296.                                 
 ****************************************
  

 *** NOTE ***                            ELAPSED TIME =       9.584   TIME= 15:52:13
 Deformable-deformable contact pair identified by real constant set 265  
 and contact element type 265 has been set up.                           
 Auto surface constraint is built
 Contact algorithm: MPC based approach

 *** NOTE ***                            ELAPSED TIME =       9.584   TIME= 15:52:13
 Contact related postprocess items (ETABLE, pressure ...) are not        
 available.                                                              
 Contact detection at: nodal point (normal to target surface)
 MPC will be built internally to handle bonded contact.
 Average contact surface length               0.90139E-03
 Average contact pair depth                   0.55000E-03
 Average target surface length                0.59698E-02
 User defined pinball region PINB             0.30000E-03
 Default target edge extension factor TOLS     2.0000    
 Initial penetration/gap is excluded.
 Bonded contact (always) is defined.

 *** NOTE ***                            ELAPSED TIME =       9.585   TIME= 15:52:13
 Max.  Initial penetration 1.626303259E-19 was detected between contact  
 element 55298 and target element 55300.                                 
 ****************************************
  

 *** NOTE ***                            ELAPSED TIME =       9.585   TIME= 15:52:13
 Deformable-deformable contact pair identified by real constant set 267  
 and contact element type 267 has been set up.                           
 Auto surface constraint is built
 Contact algorithm: MPC based approach

 *** NOTE ***                            ELAPSED TIME =       9.586   TIME= 15:52:13
 Contact related postprocess items (ETABLE, pressure ...) are not        
 available.                                                              
 Contact detection at: nodal point (normal to target surface)
 MPC will be built internally to handle bonded contact.
 Average contact surface length               0.66144E-03
 Average contact pair depth                   0.35000E-03
 Average target surface length                0.60351E-02
 User defined pinball region PINB             0.30000E-03
 Default target edge extension factor TOLS     2.0000    
 Initial penetration/gap is excluded.
 Bonded contact (always) is defined.

 *** NOTE ***                            ELAPSED TIME =       9.586   TIME= 15:52:13
 Max.  Initial penetration 5.421010862E-20 was detected between contact  
 element 55301 and target element 55303.                                 
 ****************************************
  

 *** NOTE ***                            ELAPSED TIME =       9.587   TIME= 15:52:13
 Deformable-deformable contact pair identified by real constant set 269  
 and contact element type 269 has been set up.                           
 Auto surface constraint is built
 Contact algorithm: MPC based approach

 *** NOTE ***                            ELAPSED TIME =       9.587   TIME= 15:52:13
 Contact related postprocess items (ETABLE, pressure ...) are not        
 available.                                                              
 Contact detection at: nodal point (normal to target surface)
 MPC will be built internally to handle bonded contact.
 Average contact surface length               0.66144E-03
 Average contact pair depth                   0.35000E-03
 Average target surface length                0.77109E-02
 User defined pinball region PINB             0.30000E-03
 Default target edge extension factor TOLS     2.0000    
 Initial penetration/gap is excluded.
 Bonded contact (always) is defined.

 *** NOTE ***                            ELAPSED TIME =       9.587   TIME= 15:52:13
 Max.  Initial penetration 1.626303259E-19 was detected between contact  
 element 55305 and target element 55306.                                 
 ****************************************
  

 *** NOTE ***                            ELAPSED TIME =       9.588   TIME= 15:52:13
 Deformable-deformable contact pair identified by real constant set 271  
 and contact element type 271 has been set up.                           
 Auto surface constraint is built
 Contact algorithm: MPC based approach

 *** NOTE ***                            ELAPSED TIME =       9.588   TIME= 15:52:13
 Contact related postprocess items (ETABLE, pressure ...) are not        
 available.                                                              
 Contact detection at: nodal point (normal to target surface)
 MPC will be built internally to handle bonded contact.
 Average contact surface length               0.91119E-02
 Average contact pair depth                   0.65000E-02
 Average target surface length                0.72144E-02
 User defined pinball region PINB             0.30000E-03
 Default target edge extension factor TOLS     2.0000    
 Initial penetration/gap is excluded.
 Bonded contact (always) is defined.

 *** NOTE ***                            ELAPSED TIME =       9.589   TIME= 15:52:13
 Max.  Initial penetration 1.28749008E-19 was detected between contact   
 element 55308 and target element 55311.                                 
 ****************************************
  

 *** NOTE ***                            ELAPSED TIME =       9.589   TIME= 15:52:13
 Deformable-deformable contact pair identified by real constant set 273  
 and contact element type 273 has been set up.                           
 Auto surface constraint is built
 Contact algorithm: MPC based approach

 *** NOTE ***                            ELAPSED TIME =       9.589   TIME= 15:52:13
 Contact related postprocess items (ETABLE, pressure ...) are not        
 available.                                                              
 Contact detection at: nodal point (normal to target surface)
 MPC will be built internally to handle bonded contact.
 Average contact surface length               0.28844E-02
 Average contact pair depth                   0.16000E-02
 Average target surface length                0.82009E-02
 User defined pinball region PINB             0.30000E-03
 Default target edge extension factor TOLS     2.0000    
 Initial penetration/gap is excluded.
 Bonded contact (always) is defined.

 *** NOTE ***                            ELAPSED TIME =       9.590   TIME= 15:52:13
 Max.  Initial penetration 8.131516294E-20 was detected between contact  
 element 55316 and target element 55318.                                 
 ****************************************
  

 *** NOTE ***                            ELAPSED TIME =       9.590   TIME= 15:52:13
 Deformable-deformable contact pair identified by real constant set 275  
 and contact element type 275 has been set up.                           
 Auto surface constraint is built
 Contact algorithm: MPC based approach

 *** NOTE ***                            ELAPSED TIME =       9.590   TIME= 15:52:13
 Contact related postprocess items (ETABLE, pressure ...) are not        
 available.                                                              
 Contact detection at: nodal point (normal to target surface)
 MPC will be built internally to handle bonded contact.
 Average contact surface length               0.66144E-03
 Average contact pair depth                   0.35000E-03
 Average target surface length                0.82009E-02
 User defined pinball region PINB             0.30000E-03
 Default target edge extension factor TOLS     2.0000    
 Initial penetration/gap is excluded.
 Bonded contact (always) is defined.

 *** NOTE ***                            ELAPSED TIME =       9.591   TIME= 15:52:13
 Max.  Initial penetration 8.131516294E-20 was detected between contact  
 element 55319 and target element 55320.                                 
 ****************************************
  

 *** NOTE ***                            ELAPSED TIME =       9.591   TIME= 15:52:13
 Deformable-deformable contact pair identified by real constant set 277  
 and contact element type 277 has been set up.                           
 Auto surface constraint is built
 Contact algorithm: MPC based approach

 *** NOTE ***                            ELAPSED TIME =       9.592   TIME= 15:52:13
 Contact related postprocess items (ETABLE, pressure ...) are not        
 available.                                                              
 Contact detection at: nodal point (normal to target surface)
 MPC will be built internally to handle bonded contact.
 Average contact surface length               0.66144E-03
 Average contact pair depth                   0.35000E-03
 Average target surface length                0.82931E-02
 User defined pinball region PINB             0.30000E-03
 Default target edge extension factor TOLS     2.0000    
 Initial penetration/gap is excluded.
 Bonded contact (always) is defined.

 *** NOTE ***                            ELAPSED TIME =       9.592   TIME= 15:52:13
 Max.  Initial penetration 5.421010862E-20 was detected between contact  
 element 55322 and target element 55323.                                 
 ****************************************
  

 *** NOTE ***                            ELAPSED TIME =       9.593   TIME= 15:52:13
 Deformable-deformable contact pair identified by real constant set 279  
 and contact element type 279 has been set up.                           
 Auto surface constraint is built
 Contact algorithm: MPC based approach

 *** NOTE ***                            ELAPSED TIME =       9.593   TIME= 15:52:13
 Contact related postprocess items (ETABLE, pressure ...) are not        
 available.                                                              
 Contact detection at: nodal point (normal to target surface)
 MPC will be built internally to handle bonded contact.
 Average contact surface length               0.28844E-02
 Average contact pair depth                   0.16000E-02
 Average target surface length                0.72661E-02
 User defined pinball region PINB             0.30000E-03
 Default target edge extension factor TOLS     2.0000    
 Initial penetration/gap is excluded.
 Bonded contact (always) is defined.

 *** NOTE ***                            ELAPSED TIME =       9.593   TIME= 15:52:13
 Max.  Initial penetration 8.131516294E-20 was detected between contact  
 element 55325 and target element 55326.                                 
 ****************************************
  

 *** NOTE ***                            ELAPSED TIME =       9.594   TIME= 15:52:13
 Deformable-deformable contact pair identified by real constant set 281  
 and contact element type 281 has been set up.                           
 Auto surface constraint is built
 Contact algorithm: MPC based approach

 *** NOTE ***                            ELAPSED TIME =       9.594   TIME= 15:52:13
 Contact related postprocess items (ETABLE, pressure ...) are not        
 available.                                                              
 Contact detection at: nodal point (normal to target surface)
 MPC will be built internally to handle bonded contact.
 Average contact surface length               0.66144E-03
 Average contact pair depth                   0.35000E-03
 Average target surface length                0.75657E-02
 User defined pinball region PINB             0.30000E-03
 Default target edge extension factor TOLS     2.0000    
 Initial penetration/gap is excluded.
 Bonded contact (always) is defined.

 *** NOTE ***                            ELAPSED TIME =       9.595   TIME= 15:52:13
 Max.  Initial penetration 5.421010862E-20 was detected between contact  
 element 55328 and target element 55329.                                 
 ****************************************
  

 *** NOTE ***                            ELAPSED TIME =       9.595   TIME= 15:52:13
 Deformable-deformable contact pair identified by real constant set 283  
 and contact element type 283 has been set up.                           
 Auto surface constraint is built
 Contact algorithm: MPC based approach

 *** NOTE ***                            ELAPSED TIME =       9.596   TIME= 15:52:13
 Contact related postprocess items (ETABLE, pressure ...) are not        
 available.                                                              
 Contact detection at: nodal point (normal to target surface)
 MPC will be built internally to handle bonded contact.
 Average contact surface length               0.91119E-02
 Average contact pair depth                   0.65000E-02
 Average target surface length                0.82660E-02
 User defined pinball region PINB             0.30000E-03
 Default target edge extension factor TOLS     2.0000    
 Initial penetration/gap is excluded.
 Bonded contact (always) is defined.

 *** NOTE ***                            ELAPSED TIME =       9.596   TIME= 15:52:13
 Max.  Initial penetration 1.626303259E-19 was detected between contact  
 element 55330 and target element 55333.                                 
 ****************************************
  

 *** NOTE ***                            ELAPSED TIME =       9.597   TIME= 15:52:13
 Deformable-deformable contact pair identified by real constant set 285  
 and contact element type 285 has been set up.                           
 Auto surface constraint is built
 Contact algorithm: MPC based approach

 *** NOTE ***                            ELAPSED TIME =       9.597   TIME= 15:52:13
 Contact related postprocess items (ETABLE, pressure ...) are not        
 available.                                                              
 Contact detection at: nodal point (normal to target surface)
 MPC will be built internally to handle bonded contact.
 Average contact surface length               0.90139E-03
 Average contact pair depth                   0.55000E-03
 Average target surface length                0.44439E-02
 User defined pinball region PINB             0.30000E-03
 Default target edge extension factor TOLS     2.0000    
 Initial penetration/gap is excluded.
 Bonded contact (always) is defined.

 *** NOTE ***                            ELAPSED TIME =       9.598   TIME= 15:52:13
 Max.  Initial penetration 1.084202172E-19 was detected between contact  
 element 55336 and target element 55338.                                 
 ****************************************
  

 *** NOTE ***                            ELAPSED TIME =       9.598   TIME= 15:52:13
 Deformable-deformable contact pair identified by real constant set 287  
 and contact element type 287 has been set up.                           
 Auto surface constraint is built
 Contact algorithm: MPC based approach

 *** NOTE ***                            ELAPSED TIME =       9.598   TIME= 15:52:13
 Contact related postprocess items (ETABLE, pressure ...) are not        
 available.                                                              
 Contact detection at: nodal point (normal to target surface)
 MPC will be built internally to handle bonded contact.
 Average contact surface length               0.66144E-03
 Average contact pair depth                   0.35000E-03
 Average target surface length                0.44858E-02
 User defined pinball region PINB             0.30000E-03
 Default target edge extension factor TOLS     2.0000    
 Initial penetration/gap is excluded.
 Bonded contact (always) is defined.

 *** NOTE ***                            ELAPSED TIME =       9.599   TIME= 15:52:13
 Max.  Initial penetration 1.084202172E-19 was detected between contact  
 element 55340 and target element 55341.                                 
 ****************************************
  

 *** NOTE ***                            ELAPSED TIME =       9.599   TIME= 15:52:13
 Deformable-deformable contact pair identified by real constant set 289  
 and contact element type 289 has been set up.                           
 Auto surface constraint is built
 Contact algorithm: MPC based approach

 *** NOTE ***                            ELAPSED TIME =       9.599   TIME= 15:52:13
 Contact related postprocess items (ETABLE, pressure ...) are not        
 available.                                                              
 Contact detection at: nodal point (normal to target surface)
 MPC will be built internally to handle bonded contact.
 Average contact surface length               0.66144E-03
 Average contact pair depth                   0.35000E-03
 Average target surface length                0.43330E-02
 User defined pinball region PINB             0.30000E-03
 Default target edge extension factor TOLS     2.0000    
 Initial penetration/gap is excluded.
 Bonded contact (always) is defined.

 *** NOTE ***                            ELAPSED TIME =       9.600   TIME= 15:52:13
 Max.  Initial penetration 2.168404345E-19 was detected between contact  
 element 55344 and target element 55346.                                 
 ****************************************
  

 *** NOTE ***                            ELAPSED TIME =       9.600   TIME= 15:52:13
 Deformable-deformable contact pair identified by real constant set 291  
 and contact element type 291 has been set up.                           
 Auto surface constraint is built
 Contact algorithm: MPC based approach

 *** NOTE ***                            ELAPSED TIME =       9.600   TIME= 15:52:13
 Contact related postprocess items (ETABLE, pressure ...) are not        
 available.                                                              
 Contact detection at: nodal point (normal to target surface)
 MPC will be built internally to handle bonded contact.
 Average contact surface length               0.66144E-03
 Average contact pair depth                   0.35000E-03
 Average target surface length                0.54588E-02
 User defined pinball region PINB             0.30000E-03
 Default target edge extension factor TOLS     2.0000    
 Initial penetration/gap is excluded.
 Bonded contact (always) is defined.

 *** NOTE ***                            ELAPSED TIME =       9.601   TIME= 15:52:13
 Max.  Initial penetration 1.626303259E-19 was detected between contact  
 element 55347 and target element 55348.                                 
 ****************************************
  

 *** NOTE ***                            ELAPSED TIME =       9.601   TIME= 15:52:13
 Deformable-deformable contact pair identified by real constant set 293  
 and contact element type 293 has been set up.                           
 Auto surface constraint is built
 Contact algorithm: MPC based approach

 *** NOTE ***                            ELAPSED TIME =       9.602   TIME= 15:52:13
 Contact related postprocess items (ETABLE, pressure ...) are not        
 available.                                                              
 Contact detection at: nodal point (normal to target surface)
 MPC will be built internally to handle bonded contact.
 Average contact surface length               0.66144E-03
 Average contact pair depth                   0.35000E-03
 Average target surface length                0.43632E-02
 User defined pinball region PINB             0.30000E-03
 Default target edge extension factor TOLS     2.0000    
 Initial penetration/gap is excluded.
 Bonded contact (always) is defined.

 *** NOTE ***                            ELAPSED TIME =       9.602   TIME= 15:52:13
 Max.  Initial penetration 1.355252716E-19 was detected between contact  
 element 55349 and target element 55352.                                 
 ****************************************
  

 *** NOTE ***                            ELAPSED TIME =       9.603   TIME= 15:52:13
 Deformable-deformable contact pair identified by real constant set 295  
 and contact element type 295 has been set up.                           
 Auto surface constraint is built
 Contact algorithm: MPC based approach

 *** NOTE ***                            ELAPSED TIME =       9.603   TIME= 15:52:13
 Contact related postprocess items (ETABLE, pressure ...) are not        
 available.                                                              
 Contact detection at: nodal point (normal to target surface)
 MPC will be built internally to handle bonded contact.
 Average contact surface length               0.66144E-03
 Average contact pair depth                   0.35000E-03
 Average target surface length                0.56200E-02
 User defined pinball region PINB             0.30000E-03
 Default target edge extension factor TOLS     2.0000    
 Initial penetration/gap is excluded.
 Bonded contact (always) is defined.

 *** NOTE ***                            ELAPSED TIME =       9.604   TIME= 15:52:13
 Max.  Initial penetration 1.084202172E-19 was detected between contact  
 element 55353 and target element 55356.                                 
 ****************************************
  

 *** NOTE ***                            ELAPSED TIME =       9.604   TIME= 15:52:13
 Deformable-deformable contact pair identified by real constant set 297  
 and contact element type 297 has been set up.                           
 Auto surface constraint is built
 Contact algorithm: MPC based approach

 *** NOTE ***                            ELAPSED TIME =       9.604   TIME= 15:52:13
 Contact related postprocess items (ETABLE, pressure ...) are not        
 available.                                                              
 Contact detection at: nodal point (normal to target surface)
 MPC will be built internally to handle bonded contact.
 Average contact surface length               0.66144E-03
 Average contact pair depth                   0.35000E-03
 Average target surface length                0.38671E-02
 User defined pinball region PINB             0.30000E-03
 Default target edge extension factor TOLS     2.0000    
 Initial penetration/gap is excluded.
 Bonded contact (always) is defined.

 *** NOTE ***                            ELAPSED TIME =       9.605   TIME= 15:52:13
 Max.  Initial penetration 1.626303259E-19 was detected between contact  
 element 55358 and target element 55362.                                 
 ****************************************
  

 *** NOTE ***                            ELAPSED TIME =       9.605   TIME= 15:52:13
 Deformable-deformable contact pair identified by real constant set 299  
 and contact element type 299 has been set up.                           
 Auto surface constraint is built
 Contact algorithm: MPC based approach

 *** NOTE ***                            ELAPSED TIME =       9.605   TIME= 15:52:13
 Contact related postprocess items (ETABLE, pressure ...) are not        
 available.                                                              
 Contact detection at: nodal point (normal to target surface)
 MPC will be built internally to handle bonded contact.
 Average contact surface length               0.66144E-03
 Average contact pair depth                   0.35000E-03
 Average target surface length                0.37100E-02
 User defined pinball region PINB             0.30000E-03
 Default target edge extension factor TOLS     2.0000    
 Initial penetration/gap is excluded.
 Bonded contact (always) is defined.

 *** NOTE ***                            ELAPSED TIME =       9.606   TIME= 15:52:13
 Max.  Initial penetration 8.131516294E-20 was detected between contact  
 element 55364 and target element 55365.                                 
 ****************************************
  

 *** NOTE ***                            ELAPSED TIME =       9.606   TIME= 15:52:13
 Deformable-deformable contact pair identified by real constant set 301  
 and contact element type 301 has been set up.                           
 Auto surface constraint is built
 Contact algorithm: MPC based approach

 *** NOTE ***                            ELAPSED TIME =       9.607   TIME= 15:52:13
 Contact related postprocess items (ETABLE, pressure ...) are not        
 available.                                                              
 Contact detection at: nodal point (normal to target surface)
 MPC will be built internally to handle bonded contact.
 Average contact surface length               0.66144E-03
 Average contact pair depth                   0.35000E-03
 Average target surface length                0.74244E-02
 User defined pinball region PINB             0.30000E-03
 Default target edge extension factor TOLS     2.0000    
 Initial penetration/gap is excluded.
 Bonded contact (always) is defined.

 *** NOTE ***                            ELAPSED TIME =       9.607   TIME= 15:52:13
 Max.  Initial penetration 1.355252716E-19 was detected between contact  
 element 55369 and target element 55372.                                 
 ****************************************
  

 *** NOTE ***                            ELAPSED TIME =       9.608   TIME= 15:52:13
 Deformable-deformable contact pair identified by real constant set 303  
 and contact element type 303 has been set up.                           
 Auto surface constraint is built
 Contact algorithm: MPC based approach

 *** NOTE ***                            ELAPSED TIME =       9.608   TIME= 15:52:13
 Contact related postprocess items (ETABLE, pressure ...) are not        
 available.                                                              
 Contact detection at: nodal point (normal to target surface)
 MPC will be built internally to handle bonded contact.
 Average contact surface length               0.66144E-03
 Average contact pair depth                   0.35000E-03
 Average target surface length                0.49845E-02
 User defined pinball region PINB             0.30000E-03
 Default target edge extension factor TOLS     2.0000    
 Initial penetration/gap is excluded.
 Bonded contact (always) is defined.

 *** NOTE ***                            ELAPSED TIME =       9.609   TIME= 15:52:13
 Max.  Initial penetration 1.084202172E-19 was detected between contact  
 element 55374 and target element 55377.                                 
 ****************************************
  

 *** NOTE ***                            ELAPSED TIME =       9.609   TIME= 15:52:13
 Deformable-deformable contact pair identified by real constant set 305  
 and contact element type 305 has been set up.                           
 Auto surface constraint is built
 Contact algorithm: MPC based approach

 *** NOTE ***                            ELAPSED TIME =       9.609   TIME= 15:52:13
 Contact related postprocess items (ETABLE, pressure ...) are not        
 available.                                                              
 Contact detection at: nodal point (normal to target surface)
 MPC will be built internally to handle bonded contact.
 Average contact surface length               0.66144E-03
 Average contact pair depth                   0.35000E-03
 Average target surface length                0.38746E-02
 User defined pinball region PINB             0.30000E-03
 Default target edge extension factor TOLS     2.0000    
 Initial penetration/gap is excluded.
 Bonded contact (always) is defined.

 *** NOTE ***                            ELAPSED TIME =       9.610   TIME= 15:52:13
 Max.  Initial penetration 8.131516294E-20 was detected between contact  
 element 55379 and target element 55380.                                 
 ****************************************
  

 *** NOTE ***                            ELAPSED TIME =       9.610   TIME= 15:52:13
 Deformable-deformable contact pair identified by real constant set 307  
 and contact element type 307 has been set up.                           
 Auto surface constraint is built
 Contact algorithm: MPC based approach

 *** NOTE ***                            ELAPSED TIME =       9.610   TIME= 15:52:13
 Contact related postprocess items (ETABLE, pressure ...) are not        
 available.                                                              
 Contact detection at: nodal point (normal to target surface)
 MPC will be built internally to handle bonded contact.
 Average contact surface length               0.66144E-03
 Average contact pair depth                   0.35000E-03
 Average target surface length                0.49845E-02
 User defined pinball region PINB             0.30000E-03
 Default target edge extension factor TOLS     2.0000    
 Initial penetration/gap is excluded.
 Bonded contact (always) is defined.

 *** NOTE ***                            ELAPSED TIME =       9.611   TIME= 15:52:13
 Max.  Initial penetration 8.131516294E-20 was detected between contact  
 element 55384 and target element 55388.                                 
 ****************************************
  

 *** NOTE ***                            ELAPSED TIME =       9.612   TIME= 15:52:13
 Deformable-deformable contact pair identified by real constant set 309  
 and contact element type 309 has been set up.                           
 Auto surface constraint is built
 Contact algorithm: MPC based approach

 *** NOTE ***                            ELAPSED TIME =       9.612   TIME= 15:52:13
 Contact related postprocess items (ETABLE, pressure ...) are not        
 available.                                                              
 Contact detection at: nodal point (normal to target surface)
 MPC will be built internally to handle bonded contact.
 Average contact surface length               0.66144E-03
 Average contact pair depth                   0.35000E-03
 Average target surface length                0.69374E-02
 User defined pinball region PINB             0.30000E-03
 Default target edge extension factor TOLS     2.0000    
 Initial penetration/gap is excluded.
 Bonded contact (always) is defined.

 *** NOTE ***                            ELAPSED TIME =       9.613   TIME= 15:52:13
 Max.  Initial penetration 1.626303259E-19 was detected between contact  
 element 55389 and target element 55390.                                 
 ****************************************
  

 *** NOTE ***                            ELAPSED TIME =       9.613   TIME= 15:52:13
 Deformable-deformable contact pair identified by real constant set 311  
 and contact element type 311 has been set up.                           
 Auto surface constraint is built
 Contact algorithm: MPC based approach

 *** NOTE ***                            ELAPSED TIME =       9.613   TIME= 15:52:13
 Contact related postprocess items (ETABLE, pressure ...) are not        
 available.                                                              
 Contact detection at: nodal point (normal to target surface)
 MPC will be built internally to handle bonded contact.
 Average contact surface length               0.66144E-03
 Average contact pair depth                   0.35000E-03
 Average target surface length                0.52738E-02
 User defined pinball region PINB             0.30000E-03
 Default target edge extension factor TOLS     2.0000    
 Initial penetration/gap is excluded.
 Bonded contact (always) is defined.

 *** NOTE ***                            ELAPSED TIME =       9.614   TIME= 15:52:13
 Max.  Initial penetration 1.355252716E-20 was detected between contact  
 element 55394 and target element 55395.                                 
 ****************************************
  

 *** NOTE ***                            ELAPSED TIME =       9.614   TIME= 15:52:13
 Deformable-deformable contact pair identified by real constant set 313  
 and contact element type 313 has been set up.                           
 Auto surface constraint is built
 Contact algorithm: MPC based approach

 *** NOTE ***                            ELAPSED TIME =       9.614   TIME= 15:52:13
 Contact related postprocess items (ETABLE, pressure ...) are not        
 available.                                                              
 Contact detection at: nodal point (normal to target surface)
 MPC will be built internally to handle bonded contact.
 Average contact surface length               0.66144E-03
 Average contact pair depth                   0.35000E-03
 Average target surface length                0.71836E-02
 User defined pinball region PINB             0.30000E-03
 Default target edge extension factor TOLS     2.0000    
 Initial penetration/gap is excluded.
 Bonded contact (always) is defined.

 *** NOTE ***                            ELAPSED TIME =       9.614   TIME= 15:52:13
 Max.  Initial penetration 1.084202172E-19 was detected between contact  
 element 55398 and target element 55399.                                 
 ****************************************
  

 *** NOTE ***                            ELAPSED TIME =       9.615   TIME= 15:52:13
 Deformable-deformable contact pair identified by real constant set 315  
 and contact element type 315 has been set up.                           
 Auto surface constraint is built
 Contact algorithm: MPC based approach

 *** NOTE ***                            ELAPSED TIME =       9.615   TIME= 15:52:13
 Contact related postprocess items (ETABLE, pressure ...) are not        
 available.                                                              
 Contact detection at: nodal point (normal to target surface)
 MPC will be built internally to handle bonded contact.
 Average contact surface length               0.66144E-03
 Average contact pair depth                   0.35000E-03
 Average target surface length                0.71543E-02
 User defined pinball region PINB             0.30000E-03
 Default target edge extension factor TOLS     2.0000    
 Initial penetration/gap is excluded.
 Bonded contact (always) is defined.

 *** NOTE ***                            ELAPSED TIME =       9.615   TIME= 15:52:13
 Max.  Initial penetration 1.626303259E-19 was detected between contact  
 element 55402 and target element 55405.                                 
 ****************************************
  

 *** NOTE ***                            ELAPSED TIME =       9.615   TIME= 15:52:13
 Deformable-deformable contact pair identified by real constant set 317  
 and contact element type 317 has been set up.                           
 Auto surface constraint is built
 Contact algorithm: MPC based approach

 *** NOTE ***                            ELAPSED TIME =       9.616   TIME= 15:52:13
 Contact related postprocess items (ETABLE, pressure ...) are not        
 available.                                                              
 Contact detection at: nodal point (normal to target surface)
 MPC will be built internally to handle bonded contact.
 Average contact surface length               0.66144E-03
 Average contact pair depth                   0.35000E-03
 Average target surface length                0.75304E-02
 User defined pinball region PINB             0.30000E-03
 Default target edge extension factor TOLS     2.0000    
 Initial penetration/gap is excluded.
 Bonded contact (always) is defined.

 *** NOTE ***                            ELAPSED TIME =       9.616   TIME= 15:52:13
 Max.  Initial penetration 5.421010862E-20 was detected between contact  
 element 55406 and target element 55407.                                 
 ****************************************
  

 *** NOTE ***                            ELAPSED TIME =       9.616   TIME= 15:52:13
 Deformable-deformable contact pair identified by real constant set 319  
 and contact element type 319 has been set up.                           
 Auto surface constraint is built
 Contact algorithm: MPC based approach

 *** NOTE ***                            ELAPSED TIME =       9.616   TIME= 15:52:13
 Contact related postprocess items (ETABLE, pressure ...) are not        
 available.                                                              
 Contact detection at: nodal point (normal to target surface)
 MPC will be built internally to handle bonded contact.
 Average contact surface length               0.91119E-02
 Average contact pair depth                   0.65000E-02
 Average target surface length                0.71120E-02
 User defined pinball region PINB             0.30000E-03
 Default target edge extension factor TOLS     2.0000    
 Initial penetration/gap is excluded.
 Bonded contact (always) is defined.

 *** NOTE ***                            ELAPSED TIME =       9.617   TIME= 15:52:13
 Max.  Initial penetration 1.626303259E-19 was detected between contact  
 element 55408 and target element 55410.                                 
 ****************************************
  

 *** NOTE ***                            ELAPSED TIME =       9.617   TIME= 15:52:13
 Deformable-deformable contact pair identified by real constant set 321  
 and contact element type 321 has been set up.                           
 Auto surface constraint is built
 Contact algorithm: MPC based approach

 *** NOTE ***                            ELAPSED TIME =       9.617   TIME= 15:52:13
 Contact related postprocess items (ETABLE, pressure ...) are not        
 available.                                                              
 Contact detection at: nodal point (normal to target surface)
 MPC will be built internally to handle bonded contact.
 Average contact surface length               0.21166E-02
 Average contact pair depth                   0.16000E-02
 Average target surface length                0.73306E-02
 User defined pinball region PINB             0.30000E-03
 Default target edge extension factor TOLS     2.0000    
 Initial penetration/gap is excluded.
 Bonded contact (always) is defined.

 *** NOTE ***                            ELAPSED TIME =       9.618   TIME= 15:52:13
 Max.  Initial penetration 8.300922883E-20 was detected between contact  
 element 55415 and target element 55416.                                 
 ****************************************
  

 *** NOTE ***                            ELAPSED TIME =       9.618   TIME= 15:52:13
 Deformable-deformable contact pair identified by real constant set 323  
 and contact element type 323 has been set up.                           
 Auto surface constraint is built
 Contact algorithm: MPC based approach

 *** NOTE ***                            ELAPSED TIME =       9.618   TIME= 15:52:13
 Contact related postprocess items (ETABLE, pressure ...) are not        
 available.                                                              
 Contact detection at: nodal point (normal to target surface)
 MPC will be built internally to handle bonded contact.
 Average contact surface length               0.66144E-03
 Average contact pair depth                   0.35000E-03
 Average target surface length                0.73306E-02
 User defined pinball region PINB             0.30000E-03
 Default target edge extension factor TOLS     2.0000    
 Initial penetration/gap is excluded.
 Bonded contact (always) is defined.

 *** NOTE ***                            ELAPSED TIME =       9.618   TIME= 15:52:13
 Max.  Initial penetration 8.131516294E-20 was detected between contact  
 element 55418 and target element 55419.                                 
 ****************************************
  

 *** NOTE ***                            ELAPSED TIME =       9.619   TIME= 15:52:13
 Deformable-deformable contact pair identified by real constant set 325  
 and contact element type 325 has been set up.                           
 Auto surface constraint is built
 Contact algorithm: MPC based approach

 *** NOTE ***                            ELAPSED TIME =       9.619   TIME= 15:52:13
 Contact related postprocess items (ETABLE, pressure ...) are not        
 available.                                                              
 Contact detection at: nodal point (normal to target surface)
 MPC will be built internally to handle bonded contact.
 Average contact surface length               0.66144E-03
 Average contact pair depth                   0.35000E-03
 Average target surface length                0.69134E-02
 User defined pinball region PINB             0.30000E-03
 Default target edge extension factor TOLS     2.0000    
 Initial penetration/gap is excluded.
 Bonded contact (always) is defined.

 *** NOTE ***                            ELAPSED TIME =       9.619   TIME= 15:52:13
 Max.  Initial penetration 1.084202172E-19 was detected between contact  
 element 55421 and target element 55422.                                 
 ****************************************
  

 *** NOTE ***                            ELAPSED TIME =       9.620   TIME= 15:52:13
 Deformable-deformable contact pair identified by real constant set 327  
 and contact element type 327 has been set up.                           
 Auto surface constraint is built
 Contact algorithm: MPC based approach

 *** NOTE ***                            ELAPSED TIME =       9.620   TIME= 15:52:13
 Contact related postprocess items (ETABLE, pressure ...) are not        
 available.                                                              
 Contact detection at: nodal point (normal to target surface)
 MPC will be built internally to handle bonded contact.
 Average contact surface length               0.28844E-02
 Average contact pair depth                   0.16000E-02
 Average target surface length                0.90206E-02
 User defined pinball region PINB             0.30000E-03
 Default target edge extension factor TOLS     2.0000    
 Initial penetration/gap is excluded.
 Bonded contact (always) is defined.

 *** NOTE ***                            ELAPSED TIME =       9.620   TIME= 15:52:13
 Max.  Initial penetration 1.084202172E-19 was detected between contact  
 element 55424 and target element 55426.                                 
 ****************************************
  

 *** NOTE ***                            ELAPSED TIME =       9.620   TIME= 15:52:13
 Deformable-deformable contact pair identified by real constant set 329  
 and contact element type 329 has been set up.                           
 Auto surface constraint is built
 Contact algorithm: MPC based approach

 *** NOTE ***                            ELAPSED TIME =       9.621   TIME= 15:52:13
 Contact related postprocess items (ETABLE, pressure ...) are not        
 available.                                                              
 Contact detection at: nodal point (normal to target surface)
 MPC will be built internally to handle bonded contact.
 Average contact surface length               0.66144E-03
 Average contact pair depth                   0.35000E-03
 Average target surface length                0.75304E-02
 User defined pinball region PINB             0.30000E-03
 Default target edge extension factor TOLS     2.0000    
 Initial penetration/gap is excluded.
 Bonded contact (always) is defined.

 *** NOTE ***                            ELAPSED TIME =       9.621   TIME= 15:52:13
 Max.  Initial penetration 2.168404345E-19 was detected between contact  
 element 55427 and target element 55428.                                 
 ****************************************
  

 *** NOTE ***                            ELAPSED TIME =       9.621   TIME= 15:52:13
 Deformable-deformable contact pair identified by real constant set 331  
 and contact element type 331 has been set up.                           
 Auto surface constraint is built
 Contact algorithm: MPC based approach

 *** NOTE ***                            ELAPSED TIME =       9.621   TIME= 15:52:13
 Contact related postprocess items (ETABLE, pressure ...) are not        
 available.                                                              
 Contact detection at: nodal point (normal to target surface)
 MPC will be built internally to handle bonded contact.
 Average contact surface length               0.66144E-03
 Average contact pair depth                   0.35000E-03
 Average target surface length                0.88181E-02
 User defined pinball region PINB             0.30000E-03
 Default target edge extension factor TOLS     2.0000    
 Initial penetration/gap is excluded.
 Bonded contact (always) is defined.

 *** NOTE ***                            ELAPSED TIME =       9.622   TIME= 15:52:13
 Max.  Initial penetration 2.710505431E-20 was detected between contact  
 element 55429 and target element 55431.                                 
 ****************************************
  

 *** NOTE ***                            ELAPSED TIME =       9.622   TIME= 15:52:13
 Deformable-deformable contact pair identified by real constant set 333  
 and contact element type 333 has been set up.                           
 Auto surface constraint is built
 Contact algorithm: MPC based approach

 *** NOTE ***                            ELAPSED TIME =       9.622   TIME= 15:52:13
 Contact related postprocess items (ETABLE, pressure ...) are not        
 available.                                                              
 Contact detection at: nodal point (normal to target surface)
 MPC will be built internally to handle bonded contact.
 Average contact surface length               0.66144E-03
 Average contact pair depth                   0.35000E-03
 Average target surface length                0.90742E-02
 User defined pinball region PINB             0.30000E-03
 Default target edge extension factor TOLS     2.0000    
 Initial penetration/gap is excluded.
 Bonded contact (always) is defined.

 *** NOTE ***                            ELAPSED TIME =       9.623   TIME= 15:52:13
 Max.  Initial penetration 2.710505431E-20 was detected between contact  
 element 55433 and target element 55436.                                 
 ****************************************
  

 *** NOTE ***                            ELAPSED TIME =       9.623   TIME= 15:52:13
 Deformable-deformable contact pair identified by real constant set 335  
 and contact element type 335 has been set up.                           
 Auto surface constraint is built
 Contact algorithm: MPC based approach

 *** NOTE ***                            ELAPSED TIME =       9.623   TIME= 15:52:13
 Contact related postprocess items (ETABLE, pressure ...) are not        
 available.                                                              
 Contact detection at: nodal point (normal to target surface)
 MPC will be built internally to handle bonded contact.
 Average contact surface length               0.66144E-03
 Average contact pair depth                   0.35000E-03
 Average target surface length                0.90742E-02
 User defined pinball region PINB             0.30000E-03
 Default target edge extension factor TOLS     2.0000    
 Initial penetration/gap is excluded.
 Bonded contact (always) is defined.

 *** NOTE ***                            ELAPSED TIME =       9.623   TIME= 15:52:13
 Max.  Initial penetration 8.470329473E-20 was detected between contact  
 element 55438 and target element 55440.                                 
 ****************************************
  

 *** NOTE ***                            ELAPSED TIME =       9.624   TIME= 15:52:13
 Deformable-deformable contact pair identified by real constant set 337  
 and contact element type 337 has been set up.                           
 Auto surface constraint is built
 Contact algorithm: MPC based approach

 *** NOTE ***                            ELAPSED TIME =       9.624   TIME= 15:52:13
 Contact related postprocess items (ETABLE, pressure ...) are not        
 available.                                                              
 Contact detection at: nodal point (normal to target surface)
 MPC will be built internally to handle bonded contact.
 Average contact surface length               0.66144E-03
 Average contact pair depth                   0.35000E-03
 Average target surface length                0.46542E-02
 User defined pinball region PINB             0.30000E-03
 Default target edge extension factor TOLS     2.0000    
 Initial penetration/gap is excluded.
 Bonded contact (always) is defined.

 *** NOTE ***                            ELAPSED TIME =       9.625   TIME= 15:52:13
 Max.  Initial penetration 5.421010862E-20 was detected between contact  
 element 55443 and target element 55445.                                 
 ****************************************
  

 *** NOTE ***                            ELAPSED TIME =       9.625   TIME= 15:52:13
 Deformable-deformable contact pair identified by real constant set 339  
 and contact element type 339 has been set up.                           
 Auto surface constraint is built
 Contact algorithm: MPC based approach

 *** NOTE ***                            ELAPSED TIME =       9.625   TIME= 15:52:13
 Contact related postprocess items (ETABLE, pressure ...) are not        
 available.                                                              
 Contact detection at: nodal point (normal to target surface)
 MPC will be built internally to handle bonded contact.
 Average contact surface length               0.66144E-03
 Average contact pair depth                   0.35000E-03
 Average target surface length                0.11294E-01
 User defined pinball region PINB             0.30000E-03
 Default target edge extension factor TOLS     2.0000    
 Initial penetration/gap is excluded.
 Bonded contact (always) is defined.

 *** NOTE ***                            ELAPSED TIME =       9.626   TIME= 15:52:13
 Max.  Initial penetration 1.355252716E-19 was detected between contact  
 element 55447 and target element 55449.                                 
 ****************************************
  

 *** NOTE ***                            ELAPSED TIME =       9.627   TIME= 15:52:13
 Deformable-deformable contact pair identified by real constant set 341  
 and contact element type 341 has been set up.                           
 Auto surface constraint is built
 Contact algorithm: MPC based approach

 *** NOTE ***                            ELAPSED TIME =       9.627   TIME= 15:52:13
 Contact related postprocess items (ETABLE, pressure ...) are not        
 available.                                                              
 Contact detection at: nodal point (normal to target surface)
 MPC will be built internally to handle bonded contact.
 Average contact surface length               0.28844E-02
 Average contact pair depth                   0.16000E-02
 Average target surface length                0.96697E-02
 User defined pinball region PINB             0.30000E-03
 Default target edge extension factor TOLS     2.0000    
 Initial penetration/gap is excluded.
 Bonded contact (always) is defined.

 *** NOTE ***                            ELAPSED TIME =       9.628   TIME= 15:52:13
 Max.  Initial penetration 1.084202172E-19 was detected between contact  
 element 55450 and target element 55452.                                 
 ****************************************
  

 *** NOTE ***                            ELAPSED TIME =       9.628   TIME= 15:52:13
 Deformable-deformable contact pair identified by real constant set 343  
 and contact element type 343 has been set up.                           
 Auto surface constraint is built
 Contact algorithm: MPC based approach

 *** NOTE ***                            ELAPSED TIME =       9.628   TIME= 15:52:13
 Contact related postprocess items (ETABLE, pressure ...) are not        
 available.                                                              
 Contact detection at: nodal point (normal to target surface)
 MPC will be built internally to handle bonded contact.
 Average contact surface length               0.66144E-03
 Average contact pair depth                   0.35000E-03
 Average target surface length                0.12737E-01
 User defined pinball region PINB             0.30000E-03
 Default target edge extension factor TOLS     2.0000    
 Initial penetration/gap is excluded.
 Bonded contact (always) is defined.

 *** NOTE ***                            ELAPSED TIME =       9.629   TIME= 15:52:13
 Max.  Initial penetration 1.626303259E-19 was detected between contact  
 element 55454 and target element 55455.                                 
 ****************************************
  

 *** NOTE ***                            ELAPSED TIME =       9.629   TIME= 15:52:13
 Deformable-deformable contact pair identified by real constant set 345  
 and contact element type 345 has been set up.                           
 Auto surface constraint is built
 Contact algorithm: MPC based approach

 *** NOTE ***                            ELAPSED TIME =       9.629   TIME= 15:52:13
 Contact related postprocess items (ETABLE, pressure ...) are not        
 available.                                                              
 Contact detection at: nodal point (normal to target surface)
 MPC will be built internally to handle bonded contact.
 Average contact surface length               0.66144E-03
 Average contact pair depth                   0.35000E-03
 Average target surface length                0.11294E-01
 User defined pinball region PINB             0.30000E-03
 Default target edge extension factor TOLS     2.0000    
 Initial penetration/gap is excluded.
 Bonded contact (always) is defined.

 *** NOTE ***                            ELAPSED TIME =       9.630   TIME= 15:52:13
 Max.  Initial penetration 6.776263578E-20 was detected between contact  
 element 55456 and target element 55457.                                 
 ****************************************
  

 *** NOTE ***                            ELAPSED TIME =       9.630   TIME= 15:52:13
 Deformable-deformable contact pair identified by real constant set 347  
 and contact element type 347 has been set up.                           
 Auto surface constraint is built
 Contact algorithm: MPC based approach

 *** NOTE ***                            ELAPSED TIME =       9.631   TIME= 15:52:13
 Contact related postprocess items (ETABLE, pressure ...) are not        
 available.                                                              
 Contact detection at: nodal point (normal to target surface)
 MPC will be built internally to handle bonded contact.
 Average contact surface length               0.28844E-02
 Average contact pair depth                   0.16000E-02
 Average target surface length                0.54486E-02
 User defined pinball region PINB             0.30000E-03
 Default target edge extension factor TOLS     2.0000    
 Initial penetration/gap is excluded.
 Bonded contact (always) is defined.

 *** NOTE ***                            ELAPSED TIME =       9.631   TIME= 15:52:13
 Max.  Initial penetration 1.084202172E-19 was detected between contact  
 element 55459 and target element 55461.                                 
 ****************************************
  

 *** NOTE ***                            ELAPSED TIME =       9.632   TIME= 15:52:13
 Deformable-deformable contact pair identified by real constant set 349  
 and contact element type 349 has been set up.                           
 Auto surface constraint is built
 Contact algorithm: MPC based approach

 *** NOTE ***                            ELAPSED TIME =       9.632   TIME= 15:52:13
 Contact related postprocess items (ETABLE, pressure ...) are not        
 available.                                                              
 Contact detection at: nodal point (normal to target surface)
 MPC will be built internally to handle bonded contact.
 Average contact surface length               0.66144E-03
 Average contact pair depth                   0.35000E-03
 Average target surface length                0.11294E-01
 User defined pinball region PINB             0.30000E-03
 Default target edge extension factor TOLS     2.0000    
 Initial penetration/gap is excluded.
 Bonded contact (always) is defined.

 *** NOTE ***                            ELAPSED TIME =       9.632   TIME= 15:52:13
 Max.  Initial penetration 8.470329473E-20 was detected between contact  
 element 55463 and target element 55465.                                 
 ****************************************
  

 *** NOTE ***                            ELAPSED TIME =       9.633   TIME= 15:52:13
 Deformable-deformable contact pair identified by real constant set 351  
 and contact element type 351 has been set up.                           
 Auto surface constraint is built
 Contact algorithm: MPC based approach

 *** NOTE ***                            ELAPSED TIME =       9.633   TIME= 15:52:13
 Contact related postprocess items (ETABLE, pressure ...) are not        
 available.                                                              
 Contact detection at: nodal point (normal to target surface)
 MPC will be built internally to handle bonded contact.
 Average contact surface length               0.91119E-02
 Average contact pair depth                   0.65000E-02
 Average target surface length                0.90977E-02
 User defined pinball region PINB             0.30000E-03
 Default target edge extension factor TOLS     2.0000    
 Initial penetration/gap is excluded.
 Bonded contact (always) is defined.

 *** NOTE ***                            ELAPSED TIME =       9.634   TIME= 15:52:13
 Max.  Initial penetration 5.421010862E-20 was detected between contact  
 element 55466 and target element 55467.                                 
 ****************************************
  

 *** NOTE ***                            ELAPSED TIME =       9.634   TIME= 15:52:13
 Deformable-deformable contact pair identified by real constant set 353  
 and contact element type 353 has been set up.                           
 Auto surface constraint is built
 Contact algorithm: MPC based approach

 *** NOTE ***                            ELAPSED TIME =       9.634   TIME= 15:52:13
 Contact related postprocess items (ETABLE, pressure ...) are not        
 available.                                                              
 Contact detection at: nodal point (normal to target surface)
 MPC will be built internally to handle bonded contact.
 Average contact surface length               0.66144E-03
 Average contact pair depth                   0.35000E-03
 Average target surface length                0.73567E-02
 User defined pinball region PINB             0.30000E-03
 Default target edge extension factor TOLS     2.0000    
 Initial penetration/gap is excluded.
 Bonded contact (always) is defined.

 *** NOTE ***                            ELAPSED TIME =       9.635   TIME= 15:52:13
 Max.  Initial penetration 5.421010862E-20 was detected between contact  
 element 55472 and target element 55473.                                 
 ****************************************
  

 *** NOTE ***                            ELAPSED TIME =       9.635   TIME= 15:52:13
 Deformable-deformable contact pair identified by real constant set 355  
 and contact element type 355 has been set up.                           
 Auto surface constraint is built
 Contact algorithm: MPC based approach

 *** NOTE ***                            ELAPSED TIME =       9.635   TIME= 15:52:13
 Contact related postprocess items (ETABLE, pressure ...) are not        
 available.                                                              
 Contact detection at: nodal point (normal to target surface)
 MPC will be built internally to handle bonded contact.
 Average contact surface length               0.66144E-03
 Average contact pair depth                   0.35000E-03
 Average target surface length                0.77444E-02
 User defined pinball region PINB             0.30000E-03
 Default target edge extension factor TOLS     2.0000    
 Initial penetration/gap is excluded.
 Bonded contact (always) is defined.

 *** NOTE ***                            ELAPSED TIME =       9.636   TIME= 15:52:13
 Max.  Initial penetration 1.297194236E-34 was detected between contact  
 element 55474 and target element 55477.                                 
 ****************************************
  

 *** NOTE ***                            ELAPSED TIME =       9.636   TIME= 15:52:13
 Deformable-deformable contact pair identified by real constant set 357  
 and contact element type 357 has been set up.                           
 Auto surface constraint is built
 Contact algorithm: MPC based approach

 *** NOTE ***                            ELAPSED TIME =       9.637   TIME= 15:52:13
 Contact related postprocess items (ETABLE, pressure ...) are not        
 available.                                                              
 Contact detection at: nodal point (normal to target surface)
 MPC will be built internally to handle bonded contact.
 Average contact surface length               0.10583E-02
 Average contact pair depth                   0.45000E-03
 Average target surface length                0.30795E-02
 User defined pinball region PINB             0.30000E-03
 Default target edge extension factor TOLS     2.0000    
 Initial penetration/gap is excluded.
 Bonded contact (always) is defined.

 *** NOTE ***                            ELAPSED TIME =       9.637   TIME= 15:52:13
 Max.  Initial penetration 5.421010862E-20 was detected between contact  
 element 55478 and target element 55480.                                 
 ****************************************
  

 *** NOTE ***                            ELAPSED TIME =       9.638   TIME= 15:52:13
 Deformable-deformable contact pair identified by real constant set 359  
 and contact element type 359 has been set up.                           
 Auto surface constraint is built
 Contact algorithm: MPC based approach

 *** NOTE ***                            ELAPSED TIME =       9.638   TIME= 15:52:13
 Contact related postprocess items (ETABLE, pressure ...) are not        
 available.                                                              
 Contact detection at: nodal point (normal to target surface)
 MPC will be built internally to handle bonded contact.
 Average contact surface length               0.63592E-02
 Average contact pair depth                   0.19078E-02
 Average target surface length                0.64602E-02
 User defined pinball region PINB             0.30000E-03
 Default target edge extension factor TOLS     2.0000    
 Initial penetration/gap is excluded.
 Bonded contact (always) is defined.

 *** NOTE ***                            ELAPSED TIME =       9.638   TIME= 15:52:13
 Max.  Initial penetration 1.084202172E-19 was detected between contact  
 element 55485 and target element 55488.                                 
 ****************************************
  

 *** NOTE ***                            ELAPSED TIME =       9.639   TIME= 15:52:13
 Deformable-deformable contact pair identified by real constant set 361  
 and contact element type 361 has been set up.                           
 Auto surface constraint is built
 Contact algorithm: MPC based approach

 *** NOTE ***                            ELAPSED TIME =       9.639   TIME= 15:52:13
 Contact related postprocess items (ETABLE, pressure ...) are not        
 available.                                                              
 Contact detection at: nodal point (normal to target surface)
 MPC will be built internally to handle bonded contact.
 Average contact surface length               0.10583E-02
 Average contact pair depth                   0.45000E-03
 Average target surface length                0.70251E-02
 User defined pinball region PINB             0.30000E-03
 Default target edge extension factor TOLS     2.0000    
 Initial penetration/gap is excluded.
 Bonded contact (always) is defined.

 *** NOTE ***                            ELAPSED TIME =       9.640   TIME= 15:52:13
 Max.  Initial penetration 1.219727444E-19 was detected between contact  
 element 55491 and target element 55493.                                 
 ****************************************
  

 *** NOTE ***                            ELAPSED TIME =       9.640   TIME= 15:52:13
 Deformable-deformable contact pair identified by real constant set 363  
 and contact element type 363 has been set up.                           
 Auto surface constraint is built
 Contact algorithm: MPC based approach

 *** NOTE ***                            ELAPSED TIME =       9.640   TIME= 15:52:13
 Contact related postprocess items (ETABLE, pressure ...) are not        
 available.                                                              
 Contact detection at: nodal point (normal to target surface)
 MPC will be built internally to handle bonded contact.
 Average contact surface length               0.10583E-02
 Average contact pair depth                   0.45000E-03
 Average target surface length                0.63508E-02
 User defined pinball region PINB             0.30000E-03
 Default target edge extension factor TOLS     2.0000    
 Initial penetration/gap is excluded.
 Bonded contact (always) is defined.

 *** NOTE ***                            ELAPSED TIME =       9.641   TIME= 15:52:13
 Max.  Initial penetration 5.421010862E-20 was detected between contact  
 element 55494 and target element 55497.                                 
 ****************************************
  

 *** NOTE ***                            ELAPSED TIME =       9.641   TIME= 15:52:13
 Deformable-deformable contact pair identified by real constant set 365  
 and contact element type 365 has been set up.                           
 Auto surface constraint is built
 Contact algorithm: MPC based approach

 *** NOTE ***                            ELAPSED TIME =       9.641   TIME= 15:52:13
 Contact related postprocess items (ETABLE, pressure ...) are not        
 available.                                                              
 Contact detection at: nodal point (normal to target surface)
 MPC will be built internally to handle bonded contact.
 Average contact surface length               0.10583E-02
 Average contact pair depth                   0.45000E-03
 Average target surface length                0.57487E-02
 User defined pinball region PINB             0.30000E-03
 Default target edge extension factor TOLS     2.0000    
 Initial penetration/gap is excluded.
 Bonded contact (always) is defined.

 *** NOTE ***                            ELAPSED TIME =       9.644   TIME= 15:52:13
 Max.  Initial penetration 5.421010862E-20 was detected between contact  
 element 55498 and target element 55500.                                 
 ****************************************
  

 *** NOTE ***                            ELAPSED TIME =       9.644   TIME= 15:52:13
 Deformable-deformable contact pair identified by real constant set 367  
 and contact element type 367 has been set up.                           
 Auto surface constraint is built
 Contact algorithm: MPC based approach

 *** NOTE ***                            ELAPSED TIME =       9.644   TIME= 15:52:13
 Contact related postprocess items (ETABLE, pressure ...) are not        
 available.                                                              
 Contact detection at: nodal point (normal to target surface)
 MPC will be built internally to handle bonded contact.
 Average contact surface length               0.34231E-02
 Average contact pair depth                   0.24000E-02
 Average target surface length                0.76216E-02
 User defined pinball region PINB             0.30000E-03
 Default target edge extension factor TOLS     2.0000    
 Initial penetration/gap is excluded.
 Bonded contact (always) is defined.

 *** NOTE ***                            ELAPSED TIME =       9.645   TIME= 15:52:13
 Max.  Initial penetration 5.421010862E-20 was detected between contact  
 element 55503 and target element 55505.                                 
 ****************************************
  

 *** NOTE ***                            ELAPSED TIME =       9.646   TIME= 15:52:13
 Deformable-deformable contact pair identified by real constant set 369  
 and contact element type 369 has been set up.                           
 Auto surface constraint is built
 Contact algorithm: MPC based approach

 *** NOTE ***                            ELAPSED TIME =       9.646   TIME= 15:52:13
 Contact related postprocess items (ETABLE, pressure ...) are not        
 available.                                                              
 Contact detection at: nodal point (normal to target surface)
 MPC will be built internally to handle bonded contact.
 Average contact surface length               0.40918E-02
 Average contact pair depth                   0.24500E-02
 Average target surface length                0.72884E-02
 User defined pinball region PINB             0.30000E-03
 Default target edge extension factor TOLS     2.0000    
 Initial penetration/gap is excluded.
 Bonded contact (always) is defined.

 *** NOTE ***                            ELAPSED TIME =       9.647   TIME= 15:52:13
 Max.  Initial penetration 1.355252716E-19 was detected between contact  
 element 55507 and target element 55510.                                 
 ****************************************
  

 *** NOTE ***                            ELAPSED TIME =       9.647   TIME= 15:52:13
 Deformable-deformable contact pair identified by real constant set 371  
 and contact element type 371 has been set up.                           
 Auto surface constraint is built
 Contact algorithm: MPC based approach

 *** NOTE ***                            ELAPSED TIME =       9.648   TIME= 15:52:13
 Contact related postprocess items (ETABLE, pressure ...) are not        
 available.                                                              
 Contact detection at: nodal point (normal to target surface)
 MPC will be built internally to handle bonded contact.
 Average contact surface length               0.40918E-02
 Average contact pair depth                   0.24500E-02
 Average target surface length                0.48511E-02
 User defined pinball region PINB             0.30000E-03
 Default target edge extension factor TOLS     2.0000    
 Initial penetration/gap is excluded.
 Bonded contact (always) is defined.

 *** NOTE ***                            ELAPSED TIME =       9.648   TIME= 15:52:13
 Max.  Initial penetration 1.084202172E-19 was detected between contact  
 element 55512 and target element 55519.                                 
 ****************************************
  

 *** NOTE ***                            ELAPSED TIME =       9.649   TIME= 15:52:13
 Deformable-deformable contact pair identified by real constant set 373  
 and contact element type 373 has been set up.                           
 Auto surface constraint is built
 Contact algorithm: MPC based approach

 *** NOTE ***                            ELAPSED TIME =       9.649   TIME= 15:52:13
 Contact related postprocess items (ETABLE, pressure ...) are not        
 available.                                                              
 Contact detection at: nodal point (normal to target surface)
 MPC will be built internally to handle bonded contact.
 Average contact surface length               0.10583E-02
 Average contact pair depth                   0.45000E-03
 Average target surface length                0.37921E-02
 User defined pinball region PINB             0.30000E-03
 Default target edge extension factor TOLS     2.0000    
 Initial penetration/gap is excluded.
 Bonded contact (always) is defined.

 *** NOTE ***                            ELAPSED TIME =       9.649   TIME= 15:52:13
 Max.  Initial penetration 5.421010862E-20 was detected between contact  
 element 55520 and target element 55522.                                 
 ****************************************
  

 *** NOTE ***                            ELAPSED TIME =       9.650   TIME= 15:52:13
 Deformable-deformable contact pair identified by real constant set 375  
 and contact element type 375 has been set up.                           
 Auto surface constraint is built
 Contact algorithm: MPC based approach

 *** NOTE ***                            ELAPSED TIME =       9.650   TIME= 15:52:13
 Contact related postprocess items (ETABLE, pressure ...) are not        
 available.                                                              
 Contact detection at: nodal point (normal to target surface)
 MPC will be built internally to handle bonded contact.
 Average contact surface length               0.10583E-02
 Average contact pair depth                   0.45000E-03
 Average target surface length                0.70251E-02
 User defined pinball region PINB             0.30000E-03
 Default target edge extension factor TOLS     2.0000    
 Initial penetration/gap is excluded.
 Bonded contact (always) is defined.

 *** NOTE ***                            ELAPSED TIME =       9.651   TIME= 15:52:13
 Max.  Initial penetration 7.453889936E-20 was detected between contact  
 element 55524 and target element 55526.                                 
 ****************************************
  

 *** NOTE ***                            ELAPSED TIME =       9.651   TIME= 15:52:13
 Deformable-deformable contact pair identified by real constant set 377  
 and contact element type 377 has been set up.                           
 Auto surface constraint is built
 Contact algorithm: MPC based approach

 *** NOTE ***                            ELAPSED TIME =       9.651   TIME= 15:52:13
 Contact related postprocess items (ETABLE, pressure ...) are not        
 available.                                                              
 Contact detection at: nodal point (normal to target surface)
 MPC will be built internally to handle bonded contact.
 Average contact surface length               0.20970E-02
 Average contact pair depth                   0.11000E-02
 Average target surface length                0.72846E-02
 User defined pinball region PINB             0.30000E-03
 Default target edge extension factor TOLS     2.0000    
 Initial penetration/gap is excluded.
 Bonded contact (always) is defined.

 *** NOTE ***                            ELAPSED TIME =       9.652   TIME= 15:52:13
 Max.  Initial penetration 8.131516294E-20 was detected between contact  
 element 55527 and target element 55528.                                 
 ****************************************
  

 *** NOTE ***                            ELAPSED TIME =       9.652   TIME= 15:52:13
 Deformable-deformable contact pair identified by real constant set 379  
 and contact element type 379 has been set up.                           
 Auto surface constraint is built
 Contact algorithm: MPC based approach

 *** NOTE ***                            ELAPSED TIME =       9.652   TIME= 15:52:13
 Contact related postprocess items (ETABLE, pressure ...) are not        
 available.                                                              
 Contact detection at: nodal point (normal to target surface)
 MPC will be built internally to handle bonded contact.
 Average contact surface length               0.34000E-02
 Average contact pair depth                   0.10200E-02
 Average target surface length                0.79641E-02
 User defined pinball region PINB             0.30000E-03
 Default target edge extension factor TOLS     2.0000    
 Initial penetration/gap is excluded.
 Bonded contact (always) is defined.

 *** NOTE ***                            ELAPSED TIME =       9.653   TIME= 15:52:13
 Max.  Initial penetration 1.355252716E-19 was detected between contact  
 element 55530 and target element 55532.                                 
 ****************************************
  

 *** NOTE ***                            ELAPSED TIME =       9.653   TIME= 15:52:13
 Deformable-deformable contact pair identified by real constant set 381  
 and contact element type 381 has been set up.                           
 Auto surface constraint is built
 Contact algorithm: MPC based approach

 *** NOTE ***                            ELAPSED TIME =       9.654   TIME= 15:52:13
 Contact related postprocess items (ETABLE, pressure ...) are not        
 available.                                                              
 Contact detection at: nodal point (normal to target surface)
 MPC will be built internally to handle bonded contact.
 Average contact surface length               0.20970E-02
 Average contact pair depth                   0.11000E-02
 Average target surface length                0.72176E-02
 User defined pinball region PINB             0.30000E-03
 Default target edge extension factor TOLS     2.0000    
 Initial penetration/gap is excluded.
 Bonded contact (always) is defined.

 *** NOTE ***                            ELAPSED TIME =       9.654   TIME= 15:52:13
 Max.  Initial penetration 1.084202172E-19 was detected between contact  
 element 55535 and target element 55536.                                 
 ****************************************
  

 *** NOTE ***                            ELAPSED TIME =       9.655   TIME= 15:52:13
 Deformable-deformable contact pair identified by real constant set 383  
 and contact element type 383 has been set up.                           
 Auto surface constraint is built
 Contact algorithm: MPC based approach

 *** NOTE ***                            ELAPSED TIME =       9.655   TIME= 15:52:13
 Contact related postprocess items (ETABLE, pressure ...) are not        
 available.                                                              
 Contact detection at: nodal point (normal to target surface)
 MPC will be built internally to handle bonded contact.
 Average contact surface length               0.38000E-02
 Average contact pair depth                   0.11400E-02
 Average target surface length                0.73128E-02
 User defined pinball region PINB             0.30000E-03
 Default target edge extension factor TOLS     2.0000    
 Initial penetration/gap is excluded.
 Bonded contact (always) is defined.

 *** NOTE ***                            ELAPSED TIME =       9.656   TIME= 15:52:13
 Max.  Initial penetration 1.084202172E-19 was detected between contact  
 element 55537 and target element 55540.                                 
 ****************************************
  

 *** NOTE ***                            ELAPSED TIME =       9.656   TIME= 15:52:13
 Deformable-deformable contact pair identified by real constant set 385  
 and contact element type 385 has been set up.                           
 Auto surface constraint is built
 Contact algorithm: MPC based approach

 *** NOTE ***                            ELAPSED TIME =       9.656   TIME= 15:52:13
 Contact related postprocess items (ETABLE, pressure ...) are not        
 available.                                                              
 Contact detection at: nodal point (normal to target surface)
 MPC will be built internally to handle bonded contact.
 Average contact surface length               0.20970E-02
 Average contact pair depth                   0.11000E-02
 Average target surface length                0.76093E-02
 User defined pinball region PINB             0.30000E-03
 Default target edge extension factor TOLS     2.0000    
 Initial penetration/gap is excluded.
 Bonded contact (always) is defined.

 *** NOTE ***                            ELAPSED TIME =       9.657   TIME= 15:52:13
 Max.  Initial penetration 1.084202172E-19 was detected between contact  
 element 55542 and target element 55543.                                 
 ****************************************
  

 *** NOTE ***                            ELAPSED TIME =       9.657   TIME= 15:52:13
 Deformable-deformable contact pair identified by real constant set 387  
 and contact element type 387 has been set up.                           
 Auto surface constraint is built
 Contact algorithm: MPC based approach

 *** NOTE ***                            ELAPSED TIME =       9.658   TIME= 15:52:13
 Contact related postprocess items (ETABLE, pressure ...) are not        
 available.                                                              
 Contact detection at: nodal point (normal to target surface)
 MPC will be built internally to handle bonded contact.
 Average contact surface length               0.20970E-02
 Average contact pair depth                   0.11000E-02
 Average target surface length                0.41286E-02
 User defined pinball region PINB             0.30000E-03
 Default target edge extension factor TOLS     2.0000    
 Initial penetration/gap is excluded.
 Bonded contact (always) is defined.

 *** NOTE ***                            ELAPSED TIME =       9.659   TIME= 15:52:13
 Max.  Initial penetration 5.421010862E-20 was detected between contact  
 element 55544 and target element 55548.                                 
 ****************************************
  

 *** NOTE ***                            ELAPSED TIME =       9.659   TIME= 15:52:13
 Deformable-deformable contact pair identified by real constant set 389  
 and contact element type 389 has been set up.                           
 Auto surface constraint is built
 Contact algorithm: MPC based approach

 *** NOTE ***                            ELAPSED TIME =       9.659   TIME= 15:52:13
 Contact related postprocess items (ETABLE, pressure ...) are not        
 available.                                                              
 Contact detection at: nodal point (normal to target surface)
 MPC will be built internally to handle bonded contact.
 Average contact surface length               0.31796E-02
 Average contact pair depth                   0.10000E-02
 Average target surface length                0.79559E-02
 User defined pinball region PINB             0.30000E-03
 Default target edge extension factor TOLS     2.0000    
 Initial penetration/gap is excluded.
 Bonded contact (always) is defined.

 *** NOTE ***                            ELAPSED TIME =       9.660   TIME= 15:52:13
 Max.  Initial penetration 1.084202172E-19 was detected between contact  
 element 55549 and target element 55551.                                 
 ****************************************
  

 *** NOTE ***                            ELAPSED TIME =       9.660   TIME= 15:52:13
 Deformable-deformable contact pair identified by real constant set 391  
 and contact element type 391 has been set up.                           
 Auto surface constraint is built
 Contact algorithm: MPC based approach

 *** NOTE ***                            ELAPSED TIME =       9.661   TIME= 15:52:13
 Contact related postprocess items (ETABLE, pressure ...) are not        
 available.                                                              
 Contact detection at: nodal point (normal to target surface)
 MPC will be built internally to handle bonded contact.
 Average contact surface length               0.47500E-02
 Average contact pair depth                   0.14250E-02
 Average target surface length                0.55558E-02
 User defined pinball region PINB             0.30000E-03
 Default target edge extension factor TOLS     2.0000    
 Initial penetration/gap is excluded.
 Bonded contact (always) is defined.

 *** NOTE ***                            ELAPSED TIME =       9.661   TIME= 15:52:13
 Max.  Initial penetration 1.084202172E-19 was detected between contact  
 element 55554 and target element 55561.                                 
 ****************************************
  

 *** NOTE ***                            ELAPSED TIME =       9.662   TIME= 15:52:13
 Deformable-deformable contact pair identified by real constant set 393  
 and contact element type 393 has been set up.                           
 Auto surface constraint is built
 Contact algorithm: MPC based approach

 *** NOTE ***                            ELAPSED TIME =       9.662   TIME= 15:52:13
 Contact related postprocess items (ETABLE, pressure ...) are not        
 available.                                                              
 Contact detection at: nodal point (normal to target surface)
 MPC will be built internally to handle bonded contact.
 Average contact surface length               0.48000E-02
 Average contact pair depth                   0.14400E-02
 Average target surface length                0.63505E-02
 User defined pinball region PINB             0.30000E-03
 Default target edge extension factor TOLS     2.0000    
 Initial penetration/gap is excluded.
 Bonded contact (always) is defined.

 *** NOTE ***                            ELAPSED TIME =       9.663   TIME= 15:52:13
 Max.  Initial penetration 6.09863722E-20 was detected between contact   
 element 55563 and target element 55566.                                 
 ****************************************
  

 *** NOTE ***                            ELAPSED TIME =       9.663   TIME= 15:52:13
 Deformable-deformable contact pair identified by real constant set 395  
 and contact element type 395 has been set up.                           
 Auto surface constraint is built
 Contact algorithm: MPC based approach

 *** NOTE ***                            ELAPSED TIME =       9.664   TIME= 15:52:13
 Contact related postprocess items (ETABLE, pressure ...) are not        
 available.                                                              
 Contact detection at: nodal point (normal to target surface)
 MPC will be built internally to handle bonded contact.
 Average contact surface length               0.20970E-02
 Average contact pair depth                   0.11000E-02
 Average target surface length                0.76534E-02
 User defined pinball region PINB             0.30000E-03
 Default target edge extension factor TOLS     2.0000    
 Initial penetration/gap is excluded.
 Bonded contact (always) is defined.

 *** NOTE ***                            ELAPSED TIME =       9.664   TIME= 15:52:13
 Max.  Initial penetration 5.421010862E-20 was detected between contact  
 element 55569 and target element 55570.                                 
 ****************************************
  

 *** NOTE ***                            ELAPSED TIME =       9.665   TIME= 15:52:13
 Deformable-deformable contact pair identified by real constant set 397  
 and contact element type 397 has been set up.                           
 Auto surface constraint is built
 Contact algorithm: MPC based approach

 *** NOTE ***                            ELAPSED TIME =       9.665   TIME= 15:52:13
 Contact related postprocess items (ETABLE, pressure ...) are not        
 available.                                                              
 Contact detection at: nodal point (normal to target surface)
 MPC will be built internally to handle bonded contact.
 Average contact surface length               0.31796E-02
 Average contact pair depth                   0.10000E-02
 Average target surface length                0.69328E-02
 User defined pinball region PINB             0.30000E-03
 Default target edge extension factor TOLS     2.0000    
 Initial penetration/gap is excluded.
 Bonded contact (always) is defined.

 *** NOTE ***                            ELAPSED TIME =       9.666   TIME= 15:52:13
 Max.  Initial penetration 1.084202172E-19 was detected between contact  
 element 55573 and target element 55575.                                 
 ****************************************
  

 *** NOTE ***                            ELAPSED TIME =       9.666   TIME= 15:52:13
 Deformable-deformable contact pair identified by real constant set 399  
 and contact element type 399 has been set up.                           
 Auto surface constraint is built
 Contact algorithm: MPC based approach

 *** NOTE ***                            ELAPSED TIME =       9.667   TIME= 15:52:13
 Contact related postprocess items (ETABLE, pressure ...) are not        
 available.                                                              
 Contact detection at: nodal point (normal to target surface)
 MPC will be built internally to handle bonded contact.
 Average contact surface length               0.48000E-02
 Average contact pair depth                   0.14400E-02
 Average target surface length                0.86778E-02
 User defined pinball region PINB             0.30000E-03
 Default target edge extension factor TOLS     2.0000    
 Initial penetration/gap is excluded.
 Bonded contact (always) is defined.

 *** NOTE ***                            ELAPSED TIME =       9.667   TIME= 15:52:13
 Max.  Initial penetration 1.626303259E-19 was detected between contact  
 element 55577 and target element 55578.                                 
 ****************************************
  

 *** NOTE ***                            ELAPSED TIME =       9.668   TIME= 15:52:13
 Deformable-deformable contact pair identified by real constant set 401  
 and contact element type 401 has been set up.                           
 Auto surface constraint is built
 Contact algorithm: MPC based approach

 *** NOTE ***                            ELAPSED TIME =       9.668   TIME= 15:52:13
 Contact related postprocess items (ETABLE, pressure ...) are not        
 available.                                                              
 Contact detection at: nodal point (normal to target surface)
 MPC will be built internally to handle bonded contact.
 Average contact surface length               0.20970E-02
 Average contact pair depth                   0.11000E-02
 Average target surface length                0.37828E-02
 User defined pinball region PINB             0.30000E-03
 Default target edge extension factor TOLS     2.0000    
 Initial penetration/gap is excluded.
 Bonded contact (always) is defined.

 *** NOTE ***                            ELAPSED TIME =       9.669   TIME= 15:52:13
 Max.  Initial penetration 1.084202172E-19 was detected between contact  
 element 55582 and target element 55586.                                 
 ****************************************
  

 *** NOTE ***                            ELAPSED TIME =       9.669   TIME= 15:52:13
 Deformable-deformable contact pair identified by real constant set 403  
 and contact element type 403 has been set up.                           
 Auto surface constraint is built
 Contact algorithm: MPC based approach

 *** NOTE ***                            ELAPSED TIME =       9.669   TIME= 15:52:13
 Contact related postprocess items (ETABLE, pressure ...) are not        
 available.                                                              
 Contact detection at: nodal point (normal to target surface)
 MPC will be built internally to handle bonded contact.
 Average contact surface length               0.34000E-02
 Average contact pair depth                   0.10200E-02
 Average target surface length                0.11294E-01
 User defined pinball region PINB             0.30000E-03
 Default target edge extension factor TOLS     2.0000    
 Initial penetration/gap is excluded.
 Bonded contact (always) is defined.

 *** NOTE ***                            ELAPSED TIME =       9.670   TIME= 15:52:13
 Max.  Initial penetration 1.084202172E-19 was detected between contact  
 element 55588 and target element 55589.                                 
 ****************************************
  

 *** NOTE ***                            ELAPSED TIME =       9.670   TIME= 15:52:13
 Deformable-deformable contact pair identified by real constant set 405  
 and contact element type 405 has been set up.                           
 Auto surface constraint is built
 Contact algorithm: MPC based approach

 *** NOTE ***                            ELAPSED TIME =       9.670   TIME= 15:52:13
 Contact related postprocess items (ETABLE, pressure ...) are not        
 available.                                                              
 Contact detection at: nodal point (normal to target surface)
 MPC will be built internally to handle bonded contact.
 Average contact surface length               0.98012E-02
 Average contact pair depth                   0.29404E-02
 Average target surface length                0.14902E-02
 User defined pinball region PINB             0.30000E-03
 Default target edge extension factor TOLS     2.0000    
 Initial penetration/gap is excluded.
 Bonded contact (always) is defined.

 *** NOTE ***                            ELAPSED TIME =       9.671   TIME= 15:52:13
 Max.  Initial penetration 5.421010862E-20 was detected between contact  
 element 55592 and target element 55630.                                 
 ****************************************
  

 *** NOTE ***                            ELAPSED TIME =       9.671   TIME= 15:52:13
 Deformable-deformable contact pair identified by real constant set 407  
 and contact element type 407 has been set up.                           
 Auto surface constraint is built
 Contact algorithm: MPC based approach

 *** NOTE ***                            ELAPSED TIME =       9.672   TIME= 15:52:13
 Contact related postprocess items (ETABLE, pressure ...) are not        
 available.                                                              
 Contact detection at: nodal point (normal to target surface)
 MPC will be built internally to handle bonded contact.
 Average contact surface length               0.97027E-02
 Average contact pair depth                   0.60700E-02
 Average target surface length                0.15677E-02
 User defined pinball region PINB             0.30000E-03
 Default target edge extension factor TOLS     2.0000    
 Initial penetration/gap is excluded.
 Bonded contact (always) is defined.

 *** NOTE ***                            ELAPSED TIME =       9.672   TIME= 15:52:13
 Max.  Initial penetration 5.421010862E-20 was detected between contact  
 element 55813 and target element 55834.                                 
 ****************************************
  

 *** NOTE ***                            ELAPSED TIME =       9.673   TIME= 15:52:13
 Deformable-deformable contact pair identified by real constant set 409  
 and contact element type 409 has been set up.                           
 Auto surface constraint is built
 Contact algorithm: MPC based approach

 *** NOTE ***                            ELAPSED TIME =       9.673   TIME= 15:52:13
 Contact related postprocess items (ETABLE, pressure ...) are not        
 available.                                                              
 Contact detection at: nodal point (normal to target surface)
 MPC will be built internally to handle bonded contact.
 Average contact surface length               0.85101E-02
 Average contact pair depth                   0.84000E-02
 Average target surface length                0.20458E-02
 User defined pinball region PINB             0.30000E-03
 Default target edge extension factor TOLS     2.0000    
 Initial penetration/gap is excluded.
 Bonded contact (always) is defined.

 *** NOTE ***                            ELAPSED TIME =       9.674   TIME= 15:52:13
 Max.  Initial penetration 1.084202172E-19 was detected between contact  
 element 55904 and target element 55995.                                 
 ****************************************
  

 *** NOTE ***                            ELAPSED TIME =       9.674   TIME= 15:52:13
 Deformable-deformable contact pair identified by real constant set 411  
 and contact element type 411 has been set up.                           
 Auto surface constraint is built
 Contact algorithm: MPC based approach

 *** NOTE ***                            ELAPSED TIME =       9.675   TIME= 15:52:13
 Contact related postprocess items (ETABLE, pressure ...) are not        
 available.                                                              
 Contact detection at: nodal point (normal to target surface)
 MPC will be built internally to handle bonded contact.
 Average contact surface length               0.65098E-02
 Average contact pair depth                   0.67000E-02
 Average target surface length                0.19770E-02
 User defined pinball region PINB             0.30000E-03
 Default target edge extension factor TOLS     2.0000    
 Initial penetration/gap is excluded.
 Bonded contact (always) is defined.

 *** NOTE ***                            ELAPSED TIME =       9.675   TIME= 15:52:13
 Max.  Initial penetration 1.084202172E-19 was detected between contact  
 element 55998 and target element 56020.                                 
 ****************************************
  

 *** NOTE ***                            ELAPSED TIME =       9.676   TIME= 15:52:13
 Deformable-deformable contact pair identified by real constant set 413  
 and contact element type 413 has been set up.                           
 Auto surface constraint is built
 Contact algorithm: MPC based approach

 *** NOTE ***                            ELAPSED TIME =       9.676   TIME= 15:52:13
 Contact related postprocess items (ETABLE, pressure ...) are not        
 available.                                                              
 Contact detection at: nodal point (normal to target surface)
 MPC will be built internally to handle bonded contact.
 Average contact surface length               0.74198E-02
 Average contact pair depth                   0.62500E-02
 Average target surface length                0.99529E-02
 User defined pinball region PINB             0.30000E-03
 Default target edge extension factor TOLS     2.0000    
 Initial penetration/gap is excluded.
 Bonded contact (always) is defined.

 *** NOTE ***                            ELAPSED TIME =       9.677   TIME= 15:52:13
 Max.  Initial penetration 1.084202172E-19 was detected between contact  
 element 56045 and target element 56049.                                 
 ****************************************
  

 *** NOTE ***                            ELAPSED TIME =       9.677   TIME= 15:52:13
 Deformable-deformable contact pair identified by real constant set 415  
 and contact element type 415 has been set up.                           
 Auto surface constraint is built
 Contact algorithm: MPC based approach

 *** NOTE ***                            ELAPSED TIME =       9.677   TIME= 15:52:13
 Contact related postprocess items (ETABLE, pressure ...) are not        
 available.                                                              
 Contact detection at: nodal point (normal to target surface)
 MPC will be built internally to handle bonded contact.
 Average contact surface length               0.74198E-02
 Average contact pair depth                   0.62500E-02
 Average target surface length                0.79087E-02
 User defined pinball region PINB             0.30000E-03
 Default target edge extension factor TOLS     2.0000    
 Initial penetration/gap is excluded.
 Bonded contact (always) is defined.

 *** NOTE ***                            ELAPSED TIME =       9.678   TIME= 15:52:13
 Max.  Initial penetration 1.084202172E-19 was detected between contact  
 element 56052 and target element 56057.                                 
 ****************************************
  

 *** NOTE ***                            ELAPSED TIME =       9.678   TIME= 15:52:13
 Deformable-deformable contact pair identified by real constant set 417  
 and contact element type 417 has been set up.                           
 Auto surface constraint is built
 Contact algorithm: MPC based approach

 *** NOTE ***                            ELAPSED TIME =       9.678   TIME= 15:52:13
 Contact related postprocess items (ETABLE, pressure ...) are not        
 available.                                                              
 Contact detection at: nodal point (normal to target surface)
 MPC will be built internally to handle bonded contact.
 Average contact surface length               0.78037E-02
 Average contact pair depth                   0.54000E-02
 Average target surface length                0.79789E-02
 User defined pinball region PINB             0.30000E-03
 Default target edge extension factor TOLS     2.0000    
 Initial penetration/gap is excluded.
 Bonded contact (always) is defined.

 *** NOTE ***                            ELAPSED TIME =       9.679   TIME= 15:52:13
 Max.  Initial penetration 2.168404345E-19 was detected between contact  
 element 56058 and target element 56061.                                 
 ****************************************
  

 *** NOTE ***                            ELAPSED TIME =       9.679   TIME= 15:52:13
 Deformable-deformable contact pair identified by real constant set 419  
 and contact element type 419 has been set up.                           
 Auto surface constraint is built
 Contact algorithm: MPC based approach

 *** NOTE ***                            ELAPSED TIME =       9.680   TIME= 15:52:13
 Contact related postprocess items (ETABLE, pressure ...) are not        
 available.                                                              
 Contact detection at: nodal point (normal to target surface)
 MPC will be built internally to handle bonded contact.
 Average contact surface length               0.70930E-02
 Average contact pair depth                   0.30000E-02
 Average target surface length                0.41392E-02
 User defined pinball region PINB             0.30000E-03
 Default target edge extension factor TOLS     2.0000    
 Initial penetration/gap is excluded.
 Bonded contact (always) is defined.

 *** NOTE ***                            ELAPSED TIME =       9.680   TIME= 15:52:13
 Max.  Initial penetration 5.421010862E-20 was detected between contact  
 element 56063 and target element 56067.                                 
 ****************************************
  

 *** NOTE ***                            ELAPSED TIME =       9.680   TIME= 15:52:13
 Deformable-deformable contact pair identified by real constant set 421  
 and contact element type 421 has been set up.                           
 Auto surface constraint is built
 Contact algorithm: MPC based approach

 *** NOTE ***                            ELAPSED TIME =       9.681   TIME= 15:52:13
 Contact related postprocess items (ETABLE, pressure ...) are not        
 available.                                                              
 Contact detection at: nodal point (normal to target surface)
 MPC will be built internally to handle bonded contact.
 Average contact surface length               0.83260E-02
 Average contact pair depth                   0.24978E-02
 Average target surface length                0.78084E-02
 User defined pinball region PINB             0.30000E-03
 Default target edge extension factor TOLS     2.0000    
 Initial penetration/gap is excluded.
 Bonded contact (always) is defined.

 *** NOTE ***                            ELAPSED TIME =       9.681   TIME= 15:52:13
 Max.  Initial penetration 1.626303259E-19 was detected between contact  
 element 56073 and target element 56074.                                 
 ****************************************
  

 *** NOTE ***                            ELAPSED TIME =       9.682   TIME= 15:52:13
 Deformable-deformable contact pair identified by real constant set 423  
 and contact element type 423 has been set up.                           
 Auto surface constraint is built
 Contact algorithm: MPC based approach

 *** NOTE ***                            ELAPSED TIME =       9.682   TIME= 15:52:13
 Contact related postprocess items (ETABLE, pressure ...) are not        
 available.                                                              
 Contact detection at: nodal point (normal to target surface)
 MPC will be built internally to handle bonded contact.
 Average contact surface length               0.70930E-02
 Average contact pair depth                   0.30000E-02
 Average target surface length                0.74885E-02
 User defined pinball region PINB             0.30000E-03
 Default target edge extension factor TOLS     2.0000    
 Initial penetration/gap is excluded.
 Bonded contact (always) is defined.

 *** NOTE ***                            ELAPSED TIME =       9.683   TIME= 15:52:13
 Max.  Initial penetration 1.084202172E-19 was detected between contact  
 element 56081 and target element 56084.                                 
 ****************************************
  

 *** NOTE ***                            ELAPSED TIME =       9.683   TIME= 15:52:13
 Deformable-deformable contact pair identified by real constant set 425  
 and contact element type 425 has been set up.                           
 Auto surface constraint is built
 Contact algorithm: MPC based approach

 *** NOTE ***                            ELAPSED TIME =       9.683   TIME= 15:52:13
 Contact related postprocess items (ETABLE, pressure ...) are not        
 available.                                                              
 Contact detection at: nodal point (normal to target surface)
 MPC will be built internally to handle bonded contact.
 Average contact surface length               0.70930E-02
 Average contact pair depth                   0.30000E-02
 Average target surface length                0.78149E-02
 User defined pinball region PINB             0.30000E-03
 Default target edge extension factor TOLS     2.0000    
 Initial penetration/gap is excluded.
 Bonded contact (always) is defined.

 *** NOTE ***                            ELAPSED TIME =       9.684   TIME= 15:52:13
 Max.  Initial penetration 1.626303259E-19 was detected between contact  
 element 56086 and target element 56087.                                 
 ****************************************
  

 *** NOTE ***                            ELAPSED TIME =       9.684   TIME= 15:52:13
 Deformable-deformable contact pair identified by real constant set 427  
 and contact element type 427 has been set up.                           
 Auto surface constraint is built
 Contact algorithm: MPC based approach

 *** NOTE ***                            ELAPSED TIME =       9.685   TIME= 15:52:13
 Contact related postprocess items (ETABLE, pressure ...) are not        
 available.                                                              
 Contact detection at: nodal point (normal to target surface)
 MPC will be built internally to handle bonded contact.
 Average contact surface length               0.78037E-02
 Average contact pair depth                   0.54000E-02
 Average target surface length                0.73407E-02
 User defined pinball region PINB             0.30000E-03
 Default target edge extension factor TOLS     2.0000    
 Initial penetration/gap is excluded.
 Bonded contact (always) is defined.

 *** NOTE ***                            ELAPSED TIME =       9.685   TIME= 15:52:13
 Max.  Initial penetration 5.421010862E-20 was detected between contact  
 element 56091 and target element 56094.                                 
 ****************************************
  

 *** NOTE ***                            ELAPSED TIME =       9.685   TIME= 15:52:13
 Deformable-deformable contact pair identified by real constant set 429  
 and contact element type 429 has been set up.                           
 Auto surface constraint is built
 Contact algorithm: MPC based approach

 *** NOTE ***                            ELAPSED TIME =       9.686   TIME= 15:52:13
 Contact related postprocess items (ETABLE, pressure ...) are not        
 available.                                                              
 Contact detection at: nodal point (normal to target surface)
 MPC will be built internally to handle bonded contact.
 Average contact surface length               0.33000E-02
 Average contact pair depth                   0.99000E-03
 Average target surface length                0.66209E-02
 User defined pinball region PINB             0.30000E-03
 Default target edge extension factor TOLS     2.0000    
 Initial penetration/gap is excluded.
 Bonded contact (always) is defined.

 *** NOTE ***                            ELAPSED TIME =       9.686   TIME= 15:52:13
 Max.  Initial penetration 1.626303259E-19 was detected between contact  
 element 56099 and target element 56102.                                 
 ****************************************
  

 *** NOTE ***                            ELAPSED TIME =       9.687   TIME= 15:52:13
 Deformable-deformable contact pair identified by real constant set 431  
 and contact element type 431 has been set up.                           
 Auto surface constraint is built
 Contact algorithm: MPC based approach

 *** NOTE ***                            ELAPSED TIME =       9.687   TIME= 15:52:13
 Contact related postprocess items (ETABLE, pressure ...) are not        
 available.                                                              
 Contact detection at: nodal point (normal to target surface)
 MPC will be built internally to handle bonded contact.
 Average contact surface length               0.18358E-02
 Average contact pair depth                   0.10000E-02
 Average target surface length                0.62266E-02
 User defined pinball region PINB             0.30000E-03
 Default target edge extension factor TOLS     2.0000    
 Initial penetration/gap is excluded.
 Bonded contact (always) is defined.

 *** NOTE ***                            ELAPSED TIME =       9.688   TIME= 15:52:13
 Max.  Initial penetration 5.421010862E-20 was detected between contact  
 element 56104 and target element 56109.                                 
 ****************************************
  

 *** NOTE ***                            ELAPSED TIME =       9.688   TIME= 15:52:13
 Deformable-deformable contact pair identified by real constant set 433  
 and contact element type 433 has been set up.                           
 Auto surface constraint is built
 Contact algorithm: MPC based approach

 *** NOTE ***                            ELAPSED TIME =       9.688   TIME= 15:52:13
 Contact related postprocess items (ETABLE, pressure ...) are not        
 available.                                                              
 Contact detection at: nodal point (normal to target surface)
 MPC will be built internally to handle bonded contact.
 Average contact surface length               0.60166E-02
 Average contact pair depth                   0.18050E-02
 Average target surface length                0.34129E-02
 User defined pinball region PINB             0.30000E-03
 Default target edge extension factor TOLS     2.0000    
 Initial penetration/gap is excluded.
 Bonded contact (always) is defined.

 *** NOTE ***                            ELAPSED TIME =       9.689   TIME= 15:52:13
 Max.  Initial penetration 1.084202172E-19 was detected between contact  
 element 56110 and target element 56120.                                 
 ****************************************
  

 *** NOTE ***                            ELAPSED TIME =       9.690   TIME= 15:52:13
 Deformable-deformable contact pair identified by real constant set 435  
 and contact element type 435 has been set up.                           
 Auto surface constraint is built
 Contact algorithm: MPC based approach

 *** NOTE ***                            ELAPSED TIME =       9.690   TIME= 15:52:13
 Contact related postprocess items (ETABLE, pressure ...) are not        
 available.                                                              
 Contact detection at: nodal point (normal to target surface)
 MPC will be built internally to handle bonded contact.
 Average contact surface length               0.46508E-02
 Average contact pair depth                   0.13952E-02
 Average target surface length                0.53324E-02
 User defined pinball region PINB             0.30000E-03
 Default target edge extension factor TOLS     2.0000    
 Initial penetration/gap is excluded.
 Bonded contact (always) is defined.

 *** NOTE ***                            ELAPSED TIME =       9.691   TIME= 15:52:13
 Max.  Initial penetration 1.084202172E-19 was detected between contact  
 element 56123 and target element 56127.                                 
 ****************************************
  

 *** NOTE ***                            ELAPSED TIME =       9.691   TIME= 15:52:13
 Deformable-deformable contact pair identified by real constant set 437  
 and contact element type 437 has been set up.                           
 Auto surface constraint is built
 Contact algorithm: MPC based approach

 *** NOTE ***                            ELAPSED TIME =       9.691   TIME= 15:52:13
 Contact related postprocess items (ETABLE, pressure ...) are not        
 available.                                                              
 Contact detection at: nodal point (normal to target surface)
 MPC will be built internally to handle bonded contact.
 Average contact surface length               0.42332E-02
 Average contact pair depth                   0.12700E-02
 Average target surface length                0.75217E-02
 User defined pinball region PINB             0.30000E-03
 Default target edge extension factor TOLS     2.0000    
 Initial penetration/gap is excluded.
 Bonded contact (always) is defined.

 *** NOTE ***                            ELAPSED TIME =       9.692   TIME= 15:52:13
 Max.  Initial penetration 1.084202172E-19 was detected between contact  
 element 56129 and target element 56130.                                 
 ****************************************
  

 *** NOTE ***                            ELAPSED TIME =       9.692   TIME= 15:52:13
 Deformable-deformable contact pair identified by real constant set 439  
 and contact element type 439 has been set up.                           
 Auto surface constraint is built
 Contact algorithm: MPC based approach

 *** NOTE ***                            ELAPSED TIME =       9.693   TIME= 15:52:13
 Contact related postprocess items (ETABLE, pressure ...) are not        
 available.                                                              
 Contact detection at: nodal point (normal to target surface)
 MPC will be built internally to handle bonded contact.
 Average contact surface length               0.66144E-03
 Average contact pair depth                   0.35000E-03
 Average target surface length                0.37662E-02
 User defined pinball region PINB             0.30000E-03
 Default target edge extension factor TOLS     2.0000    
 Initial penetration/gap is excluded.
 Bonded contact (always) is defined.

 *** NOTE ***                            ELAPSED TIME =       9.693   TIME= 15:52:13
 Max.  Initial penetration 1.084202172E-19 was detected between contact  
 element 56134 and target element 56139.                                 
 ****************************************
  

 *** NOTE ***                            ELAPSED TIME =       9.694   TIME= 15:52:13
 Deformable-deformable contact pair identified by real constant set 441  
 and contact element type 441 has been set up.                           
 Auto surface constraint is built
 Contact algorithm: MPC based approach

 *** NOTE ***                            ELAPSED TIME =       9.694   TIME= 15:52:13
 Contact related postprocess items (ETABLE, pressure ...) are not        
 available.                                                              
 Contact detection at: nodal point (normal to target surface)
 MPC will be built internally to handle bonded contact.
 Average contact surface length               0.66144E-03
 Average contact pair depth                   0.35000E-03
 Average target surface length                0.77293E-02
 User defined pinball region PINB             0.30000E-03
 Default target edge extension factor TOLS     2.0000    
 Initial penetration/gap is excluded.
 Bonded contact (always) is defined.

 *** NOTE ***                            ELAPSED TIME =       9.694   TIME= 15:52:13
 Max.  Initial penetration 1.219727444E-19 was detected between contact  
 element 56140 and target element 56141.                                 
 ****************************************
  

 *** NOTE ***                            ELAPSED TIME =       9.695   TIME= 15:52:13
 Deformable-deformable contact pair identified by real constant set 443  
 and contact element type 443 has been set up.                           
 Auto surface constraint is built
 Contact algorithm: MPC based approach

 *** NOTE ***                            ELAPSED TIME =       9.695   TIME= 15:52:13
 Contact related postprocess items (ETABLE, pressure ...) are not        
 available.                                                              
 Contact detection at: nodal point (normal to target surface)
 MPC will be built internally to handle bonded contact.
 Average contact surface length               0.66144E-03
 Average contact pair depth                   0.35000E-03
 Average target surface length                0.75928E-02
 User defined pinball region PINB             0.30000E-03
 Default target edge extension factor TOLS     2.0000    
 Initial penetration/gap is excluded.
 Bonded contact (always) is defined.

 *** NOTE ***                            ELAPSED TIME =       9.696   TIME= 15:52:13
 Max.  Initial penetration 5.421010862E-20 was detected between contact  
 element 56143 and target element 56144.                                 
 ****************************************
  

 *** NOTE ***                            ELAPSED TIME =       9.696   TIME= 15:52:13
 Deformable-deformable contact pair identified by real constant set 445  
 and contact element type 445 has been set up.                           
 Auto surface constraint is built
 Contact algorithm: MPC based approach

 *** NOTE ***                            ELAPSED TIME =       9.696   TIME= 15:52:13
 Contact related postprocess items (ETABLE, pressure ...) are not        
 available.                                                              
 Contact detection at: nodal point (normal to target surface)
 MPC will be built internally to handle bonded contact.
 Average contact surface length               0.66144E-03
 Average contact pair depth                   0.35000E-03
 Average target surface length                0.75928E-02
 User defined pinball region PINB             0.30000E-03
 Default target edge extension factor TOLS     2.0000    
 Initial penetration/gap is excluded.
 Bonded contact (always) is defined.

 *** NOTE ***                            ELAPSED TIME =       9.697   TIME= 15:52:13
 Max.  Initial penetration 1.355252716E-19 was detected between contact  
 element 56145 and target element 56146.                                 
 ****************************************
  

 *** NOTE ***                            ELAPSED TIME =       9.697   TIME= 15:52:13
 Deformable-deformable contact pair identified by real constant set 447  
 and contact element type 447 has been set up.                           
 Auto surface constraint is built
 Contact algorithm: MPC based approach

 *** NOTE ***                            ELAPSED TIME =       9.697   TIME= 15:52:13
 Contact related postprocess items (ETABLE, pressure ...) are not        
 available.                                                              
 Contact detection at: nodal point (normal to target surface)
 MPC will be built internally to handle bonded contact.
 Average contact surface length               0.42332E-02
 Average contact pair depth                   0.12700E-02
 Average target surface length                0.69174E-02
 User defined pinball region PINB             0.30000E-03
 Default target edge extension factor TOLS     2.0000    
 Initial penetration/gap is excluded.
 Bonded contact (always) is defined.

 *** NOTE ***                            ELAPSED TIME =       9.698   TIME= 15:52:13
 Max.  Initial penetration 1.084202172E-19 was detected between contact  
 element 56147 and target element 56148.                                 
 ****************************************
  

 *** NOTE ***                            ELAPSED TIME =       9.698   TIME= 15:52:13
 Deformable-deformable contact pair identified by real constant set 449  
 and contact element type 449 has been set up.                           
 Auto surface constraint is built
 Contact algorithm: MPC based approach

 *** NOTE ***                            ELAPSED TIME =       9.699   TIME= 15:52:13
 Contact related postprocess items (ETABLE, pressure ...) are not        
 available.                                                              
 Contact detection at: nodal point (normal to target surface)
 MPC will be built internally to handle bonded contact.
 Average contact surface length               0.66144E-03
 Average contact pair depth                   0.35000E-03
 Average target surface length                0.63489E-02
 User defined pinball region PINB             0.30000E-03
 Default target edge extension factor TOLS     2.0000    
 Initial penetration/gap is excluded.
 Bonded contact (always) is defined.

 *** NOTE ***                            ELAPSED TIME =       9.699   TIME= 15:52:13
 Max.  Initial penetration 7.722018285E-36 was detected between contact  
 element 56152 and target element 56154.                                 
 ****************************************
  

 *** NOTE ***                            ELAPSED TIME =       9.699   TIME= 15:52:13
 Deformable-deformable contact pair identified by real constant set 451  
 and contact element type 451 has been set up.                           
 Auto surface constraint is built
 Contact algorithm: MPC based approach

 *** NOTE ***                            ELAPSED TIME =       9.700   TIME= 15:52:13
 Contact related postprocess items (ETABLE, pressure ...) are not        
 available.                                                              
 Contact detection at: nodal point (normal to target surface)
 MPC will be built internally to handle bonded contact.
 Average contact surface length               0.66144E-03
 Average contact pair depth                   0.35000E-03
 Average target surface length                0.70251E-02
 User defined pinball region PINB             0.30000E-03
 Default target edge extension factor TOLS     2.0000    
 Initial penetration/gap is excluded.
 Bonded contact (always) is defined.

 *** NOTE ***                            ELAPSED TIME =       9.700   TIME= 15:52:13
 Max.  Initial penetration 1.355252716E-19 was detected between contact  
 element 56156 and target element 56157.                                 
 ****************************************
  

 *** NOTE ***                            ELAPSED TIME =       9.701   TIME= 15:52:13
 Deformable-deformable contact pair identified by real constant set 453  
 and contact element type 453 has been set up.                           
 Auto surface constraint is built
 Contact algorithm: MPC based approach

 *** NOTE ***                            ELAPSED TIME =       9.701   TIME= 15:52:13
 Contact related postprocess items (ETABLE, pressure ...) are not        
 available.                                                              
 Contact detection at: nodal point (normal to target surface)
 MPC will be built internally to handle bonded contact.
 Average contact surface length               0.66144E-03
 Average contact pair depth                   0.35000E-03
 Average target surface length                0.74603E-02
 User defined pinball region PINB             0.30000E-03
 Default target edge extension factor TOLS     2.0000    
 Initial penetration/gap is excluded.
 Bonded contact (always) is defined.

 *** NOTE ***                            ELAPSED TIME =       9.702   TIME= 15:52:13
 Max.  Initial penetration 1.084202172E-19 was detected between contact  
 element 56159 and target element 56161.                                 
 ****************************************
  

 *** NOTE ***                            ELAPSED TIME =       9.702   TIME= 15:52:13
 Deformable-deformable contact pair identified by real constant set 455  
 and contact element type 455 has been set up.                           
 Auto surface constraint is built
 Contact algorithm: MPC based approach

 *** NOTE ***                            ELAPSED TIME =       9.702   TIME= 15:52:13
 Contact related postprocess items (ETABLE, pressure ...) are not        
 available.                                                              
 Contact detection at: nodal point (normal to target surface)
 MPC will be built internally to handle bonded contact.
 Average contact surface length               0.66144E-03
 Average contact pair depth                   0.35000E-03
 Average target surface length                0.63489E-02
 User defined pinball region PINB             0.30000E-03
 Default target edge extension factor TOLS     2.0000    
 Initial penetration/gap is excluded.
 Bonded contact (always) is defined.

 *** NOTE ***                            ELAPSED TIME =       9.703   TIME= 15:52:13
 Max.  Initial penetration 1.084202172E-19 was detected between contact  
 element 56163 and target element 56165.                                 
 ****************************************
  

 *** NOTE ***                            ELAPSED TIME =       9.703   TIME= 15:52:13
 Deformable-deformable contact pair identified by real constant set 457  
 and contact element type 457 has been set up.                           
 Auto surface constraint is built
 Contact algorithm: MPC based approach

 *** NOTE ***                            ELAPSED TIME =       9.703   TIME= 15:52:13
 Contact related postprocess items (ETABLE, pressure ...) are not        
 available.                                                              
 Contact detection at: nodal point (normal to target surface)
 MPC will be built internally to handle bonded contact.
 Average contact surface length               0.66144E-03
 Average contact pair depth                   0.35000E-03
 Average target surface length                0.74603E-02
 User defined pinball region PINB             0.30000E-03
 Default target edge extension factor TOLS     2.0000    
 Initial penetration/gap is excluded.
 Bonded contact (always) is defined.

 *** NOTE ***                            ELAPSED TIME =       9.704   TIME= 15:52:13
 Max.  Initial penetration 1.626303259E-19 was detected between contact  
 element 56167 and target element 56170.                                 
 ****************************************
  

 *** NOTE ***                            ELAPSED TIME =       9.704   TIME= 15:52:13
 Deformable-deformable contact pair identified by real constant set 459  
 and contact element type 459 has been set up.                           
 Auto surface constraint is built
 Contact algorithm: MPC based approach

 *** NOTE ***                            ELAPSED TIME =       9.706   TIME= 15:52:13
 Contact related postprocess items (ETABLE, pressure ...) are not        
 available.                                                              
 Contact detection at: nodal point (normal to target surface)
 MPC will be built internally to handle bonded contact.
 Average contact surface length               0.66144E-03
 Average contact pair depth                   0.35000E-03
 Average target surface length                0.60616E-02
 User defined pinball region PINB             0.30000E-03
 Default target edge extension factor TOLS     2.0000    
 Initial penetration/gap is excluded.
 Bonded contact (always) is defined.

 *** NOTE ***                            ELAPSED TIME =       9.707   TIME= 15:52:13
 Max.  Initial penetration 5.421010862E-20 was detected between contact  
 element 56171 and target element 56172.                                 
 ****************************************
  

 *** NOTE ***                            ELAPSED TIME =       9.707   TIME= 15:52:13
 Deformable-deformable contact pair identified by real constant set 461  
 and contact element type 461 has been set up.                           
 Auto surface constraint is built
 Contact algorithm: MPC based approach

 *** NOTE ***                            ELAPSED TIME =       9.708   TIME= 15:52:13
 Contact related postprocess items (ETABLE, pressure ...) are not        
 available.                                                              
 Contact detection at: nodal point (normal to target surface)
 MPC will be built internally to handle bonded contact.
 Average contact surface length               0.66144E-03
 Average contact pair depth                   0.35000E-03
 Average target surface length                0.72262E-02
 User defined pinball region PINB             0.30000E-03
 Default target edge extension factor TOLS     2.0000    
 Initial penetration/gap is excluded.
 Bonded contact (always) is defined.

 *** NOTE ***                            ELAPSED TIME =       9.708   TIME= 15:52:13
 Max.  Initial penetration 1.355252716E-20 was detected between contact  
 element 56175 and target element 56176.                                 
 ****************************************
  

 *** NOTE ***                            ELAPSED TIME =       9.709   TIME= 15:52:13
 Deformable-deformable contact pair identified by real constant set 463  
 and contact element type 463 has been set up.                           
 Auto surface constraint is built
 Contact algorithm: MPC based approach

 *** NOTE ***                            ELAPSED TIME =       9.709   TIME= 15:52:13
 Contact related postprocess items (ETABLE, pressure ...) are not        
 available.                                                              
 Contact detection at: nodal point (normal to target surface)
 MPC will be built internally to handle bonded contact.
 Average contact surface length               0.66144E-03
 Average contact pair depth                   0.35000E-03
 Average target surface length                0.76147E-02
 User defined pinball region PINB             0.30000E-03
 Default target edge extension factor TOLS     2.0000    
 Initial penetration/gap is excluded.
 Bonded contact (always) is defined.

 *** NOTE ***                            ELAPSED TIME =       9.709   TIME= 15:52:13
 Max.  Initial penetration 1.084202172E-19 was detected between contact  
 element 56178 and target element 56179.                                 
 ****************************************
  

 *** NOTE ***                            ELAPSED TIME =       9.710   TIME= 15:52:13
 Deformable-deformable contact pair identified by real constant set 465  
 and contact element type 465 has been set up.                           
 Auto surface constraint is built
 Contact algorithm: MPC based approach

 *** NOTE ***                            ELAPSED TIME =       9.710   TIME= 15:52:13
 Contact related postprocess items (ETABLE, pressure ...) are not        
 available.                                                              
 Contact detection at: nodal point (normal to target surface)
 MPC will be built internally to handle bonded contact.
 Average contact surface length               0.42332E-02
 Average contact pair depth                   0.12700E-02
 Average target surface length                0.77990E-02
 User defined pinball region PINB             0.30000E-03
 Default target edge extension factor TOLS     2.0000    
 Initial penetration/gap is excluded.
 Bonded contact (always) is defined.

 *** NOTE ***                            ELAPSED TIME =       9.711   TIME= 15:52:13
 Max.  Initial penetration 1.084202172E-19 was detected between contact  
 element 56181 and target element 56184.                                 
 ****************************************
  

 *** NOTE ***                            ELAPSED TIME =       9.711   TIME= 15:52:13
 Deformable-deformable contact pair identified by real constant set 467  
 and contact element type 467 has been set up.                           
 Auto surface constraint is built
 Contact algorithm: MPC based approach

 *** NOTE ***                            ELAPSED TIME =       9.711   TIME= 15:52:13
 Contact related postprocess items (ETABLE, pressure ...) are not        
 available.                                                              
 Contact detection at: nodal point (normal to target surface)
 MPC will be built internally to handle bonded contact.
 Average contact surface length               0.66144E-03
 Average contact pair depth                   0.35000E-03
 Average target surface length                0.65757E-02
 User defined pinball region PINB             0.30000E-03
 Default target edge extension factor TOLS     2.0000    
 Initial penetration/gap is excluded.
 Bonded contact (always) is defined.

 *** NOTE ***                            ELAPSED TIME =       9.712   TIME= 15:52:13
 Max.  Initial penetration 1.223130507E-34 was detected between contact  
 element 56186 and target element 56188.                                 
 ****************************************
  

 *** NOTE ***                            ELAPSED TIME =       9.712   TIME= 15:52:13
 Deformable-deformable contact pair identified by real constant set 469  
 and contact element type 469 has been set up.                           
 Auto surface constraint is built
 Contact algorithm: MPC based approach

 *** NOTE ***                            ELAPSED TIME =       9.712   TIME= 15:52:13
 Contact related postprocess items (ETABLE, pressure ...) are not        
 available.                                                              
 Contact detection at: nodal point (normal to target surface)
 MPC will be built internally to handle bonded contact.
 Average contact surface length               0.66144E-03
 Average contact pair depth                   0.35000E-03
 Average target surface length                0.62281E-02
 User defined pinball region PINB             0.30000E-03
 Default target edge extension factor TOLS     2.0000    
 Initial penetration/gap is excluded.
 Bonded contact (always) is defined.

 *** NOTE ***                            ELAPSED TIME =       9.713   TIME= 15:52:13
 Max.  Initial penetration 8.131516294E-20 was detected between contact  
 element 56190 and target element 56193.                                 
 ****************************************
  

 *** NOTE ***                            ELAPSED TIME =       9.713   TIME= 15:52:13
 Deformable-deformable contact pair identified by real constant set 471  
 and contact element type 471 has been set up.                           
 Auto surface constraint is built
 Contact algorithm: MPC based approach

 *** NOTE ***                            ELAPSED TIME =       9.714   TIME= 15:52:13
 Contact related postprocess items (ETABLE, pressure ...) are not        
 available.                                                              
 Contact detection at: nodal point (normal to target surface)
 MPC will be built internally to handle bonded contact.
 Average contact surface length               0.66144E-03
 Average contact pair depth                   0.35000E-03
 Average target surface length                0.65757E-02
 User defined pinball region PINB             0.30000E-03
 Default target edge extension factor TOLS     2.0000    
 Initial penetration/gap is excluded.
 Bonded contact (always) is defined.

 *** NOTE ***                            ELAPSED TIME =       9.714   TIME= 15:52:13
 Max.  Initial penetration 1.084202172E-19 was detected between contact  
 element 56195 and target element 56197.                                 
 ****************************************
  

 *** NOTE ***                            ELAPSED TIME =       9.715   TIME= 15:52:13
 Deformable-deformable contact pair identified by real constant set 473  
 and contact element type 473 has been set up.                           
 Auto surface constraint is built
 Contact algorithm: MPC based approach

 *** NOTE ***                            ELAPSED TIME =       9.715   TIME= 15:52:13
 Contact related postprocess items (ETABLE, pressure ...) are not        
 available.                                                              
 Contact detection at: nodal point (normal to target surface)
 MPC will be built internally to handle bonded contact.
 Average contact surface length               0.66144E-03
 Average contact pair depth                   0.35000E-03
 Average target surface length                0.66680E-02
 User defined pinball region PINB             0.30000E-03
 Default target edge extension factor TOLS     2.0000    
 Initial penetration/gap is excluded.
 Bonded contact (always) is defined.

 *** NOTE ***                            ELAPSED TIME =       9.715   TIME= 15:52:13
 Max.  Initial penetration 1.084202172E-19 was detected between contact  
 element 56199 and target element 56201.                                 
 ****************************************
  

 *** NOTE ***                            ELAPSED TIME =       9.716   TIME= 15:52:13
 Deformable-deformable contact pair identified by real constant set 475  
 and contact element type 475 has been set up.                           
 Auto surface constraint is built
 Contact algorithm: MPC based approach

 *** NOTE ***                            ELAPSED TIME =       9.716   TIME= 15:52:13
 Contact related postprocess items (ETABLE, pressure ...) are not        
 available.                                                              
 Contact detection at: nodal point (normal to target surface)
 MPC will be built internally to handle bonded contact.
 Average contact surface length               0.66144E-03
 Average contact pair depth                   0.35000E-03
 Average target surface length                0.66680E-02
 User defined pinball region PINB             0.30000E-03
 Default target edge extension factor TOLS     2.0000    
 Initial penetration/gap is excluded.
 Bonded contact (always) is defined.

 *** NOTE ***                            ELAPSED TIME =       9.717   TIME= 15:52:13
 Max.  Initial penetration 1.355252716E-19 was detected between contact  
 element 56202 and target element 56204.                                 
 ****************************************
  

 *** NOTE ***                            ELAPSED TIME =       9.717   TIME= 15:52:13
 Deformable-deformable contact pair identified by real constant set 477  
 and contact element type 477 has been set up.                           
 Auto surface constraint is built
 Contact algorithm: MPC based approach

 *** NOTE ***                            ELAPSED TIME =       9.717   TIME= 15:52:13
 Contact related postprocess items (ETABLE, pressure ...) are not        
 available.                                                              
 Contact detection at: nodal point (normal to target surface)
 MPC will be built internally to handle bonded contact.
 Average contact surface length               0.42332E-02
 Average contact pair depth                   0.12700E-02
 Average target surface length                0.66424E-02
 User defined pinball region PINB             0.30000E-03
 Default target edge extension factor TOLS     2.0000    
 Initial penetration/gap is excluded.
 Bonded contact (always) is defined.

 *** NOTE ***                            ELAPSED TIME =       9.718   TIME= 15:52:13
 Max.  Initial penetration 5.421010862E-20 was detected between contact  
 element 56205 and target element 56208.                                 
 ****************************************
  

 *** NOTE ***                            ELAPSED TIME =       9.718   TIME= 15:52:13
 Deformable-deformable contact pair identified by real constant set 479  
 and contact element type 479 has been set up.                           
 Auto surface constraint is built
 Contact algorithm: MPC based approach

 *** NOTE ***                            ELAPSED TIME =       9.719   TIME= 15:52:13
 Contact related postprocess items (ETABLE, pressure ...) are not        
 available.                                                              
 Contact detection at: nodal point (normal to target surface)
 MPC will be built internally to handle bonded contact.
 Average contact surface length               0.66144E-03
 Average contact pair depth                   0.35000E-03
 Average target surface length                0.76187E-02
 User defined pinball region PINB             0.30000E-03
 Default target edge extension factor TOLS     2.0000    
 Initial penetration/gap is excluded.
 Bonded contact (always) is defined.

 *** NOTE ***                            ELAPSED TIME =       9.719   TIME= 15:52:13
 Max.  Initial penetration 1.626303259E-19 was detected between contact  
 element 56212 and target element 56213.                                 
 ****************************************
  

 *** NOTE ***                            ELAPSED TIME =       9.719   TIME= 15:52:13
 Deformable-deformable contact pair identified by real constant set 481  
 and contact element type 481 has been set up.                           
 Auto surface constraint is built
 Contact algorithm: MPC based approach

 *** NOTE ***                            ELAPSED TIME =       9.720   TIME= 15:52:13
 Contact related postprocess items (ETABLE, pressure ...) are not        
 available.                                                              
 Contact detection at: nodal point (normal to target surface)
 MPC will be built internally to handle bonded contact.
 Average contact surface length               0.66144E-03
 Average contact pair depth                   0.35000E-03
 Average target surface length                0.57709E-02
 User defined pinball region PINB             0.30000E-03
 Default target edge extension factor TOLS     2.0000    
 Initial penetration/gap is excluded.
 Bonded contact (always) is defined.

 *** NOTE ***                            ELAPSED TIME =       9.721   TIME= 15:52:13
 Max.  Initial penetration 5.421010862E-20 was detected between contact  
 element 56215 and target element 56218.                                 
 ****************************************
  

 *** NOTE ***                            ELAPSED TIME =       9.721   TIME= 15:52:13
 Deformable-deformable contact pair identified by real constant set 483  
 and contact element type 483 has been set up.                           
 Auto surface constraint is built
 Contact algorithm: MPC based approach

 *** NOTE ***                            ELAPSED TIME =       9.721   TIME= 15:52:13
 Contact related postprocess items (ETABLE, pressure ...) are not        
 available.                                                              
 Contact detection at: nodal point (normal to target surface)
 MPC will be built internally to handle bonded contact.
 Average contact surface length               0.66144E-03
 Average contact pair depth                   0.35000E-03
 Average target surface length                0.82931E-02
 User defined pinball region PINB             0.30000E-03
 Default target edge extension factor TOLS     2.0000    
 Initial penetration/gap is excluded.
 Bonded contact (always) is defined.

 *** NOTE ***                            ELAPSED TIME =       9.722   TIME= 15:52:13
 Max.  Initial penetration 2.168404345E-19 was detected between contact  
 element 56221 and target element 56223.                                 
 ****************************************
  

 *** NOTE ***                            ELAPSED TIME =       9.722   TIME= 15:52:13
 Deformable-deformable contact pair identified by real constant set 485  
 and contact element type 485 has been set up.                           
 Auto surface constraint is built
 Contact algorithm: MPC based approach

 *** NOTE ***                            ELAPSED TIME =       9.722   TIME= 15:52:13
 Contact related postprocess items (ETABLE, pressure ...) are not        
 available.                                                              
 Contact detection at: nodal point (normal to target surface)
 MPC will be built internally to handle bonded contact.
 Average contact surface length               0.66144E-03
 Average contact pair depth                   0.35000E-03
 Average target surface length                0.76187E-02
 User defined pinball region PINB             0.30000E-03
 Default target edge extension factor TOLS     2.0000    
 Initial penetration/gap is excluded.
 Bonded contact (always) is defined.

 *** NOTE ***                            ELAPSED TIME =       9.723   TIME= 15:52:13
 Max.  Initial penetration 2.168404345E-19 was detected between contact  
 element 56224 and target element 56225.                                 
 ****************************************
  

 *** NOTE ***                            ELAPSED TIME =       9.723   TIME= 15:52:13
 Deformable-deformable contact pair identified by real constant set 487  
 and contact element type 487 has been set up.                           
 Auto surface constraint is built
 Contact algorithm: MPC based approach

 *** NOTE ***                            ELAPSED TIME =       9.724   TIME= 15:52:13
 Contact related postprocess items (ETABLE, pressure ...) are not        
 available.                                                              
 Contact detection at: nodal point (normal to target surface)
 MPC will be built internally to handle bonded contact.
 Average contact surface length               0.66144E-03
 Average contact pair depth                   0.35000E-03
 Average target surface length                0.82931E-02
 User defined pinball region PINB             0.30000E-03
 Default target edge extension factor TOLS     2.0000    
 Initial penetration/gap is excluded.
 Bonded contact (always) is defined.

 *** NOTE ***                            ELAPSED TIME =       9.724   TIME= 15:52:13
 Max.  Initial penetration 1.084202172E-19 was detected between contact  
 element 56227 and target element 56229.                                 
 ****************************************
  

 *** NOTE ***                            ELAPSED TIME =       9.725   TIME= 15:52:13
 Deformable-deformable contact pair identified by real constant set 489  
 and contact element type 489 has been set up.                           
 Auto surface constraint is built
 Contact algorithm: MPC based approach

 *** NOTE ***                            ELAPSED TIME =       9.725   TIME= 15:52:13
 Contact related postprocess items (ETABLE, pressure ...) are not        
 available.                                                              
 Contact detection at: nodal point (normal to target surface)
 MPC will be built internally to handle bonded contact.
 Average contact surface length               0.66144E-03
 Average contact pair depth                   0.35000E-03
 Average target surface length                0.76216E-02
 User defined pinball region PINB             0.30000E-03
 Default target edge extension factor TOLS     2.0000    
 Initial penetration/gap is excluded.
 Bonded contact (always) is defined.

 *** NOTE ***                            ELAPSED TIME =       9.726   TIME= 15:52:13
 Max.  Initial penetration 8.131516294E-20 was detected between contact  
 element 56230 and target element 56231.                                 
 ****************************************
  

 *** NOTE ***                            ELAPSED TIME =       9.726   TIME= 15:52:13
 Deformable-deformable contact pair identified by real constant set 491  
 and contact element type 491 has been set up.                           
 Auto surface constraint is built
 Contact algorithm: MPC based approach

 *** NOTE ***                            ELAPSED TIME =       9.726   TIME= 15:52:13
 Contact related postprocess items (ETABLE, pressure ...) are not        
 available.                                                              
 Contact detection at: nodal point (normal to target surface)
 MPC will be built internally to handle bonded contact.
 Average contact surface length               0.66144E-03
 Average contact pair depth                   0.35000E-03
 Average target surface length                0.89372E-02
 User defined pinball region PINB             0.30000E-03
 Default target edge extension factor TOLS     2.0000    
 Initial penetration/gap is excluded.
 Bonded contact (always) is defined.

 *** NOTE ***                            ELAPSED TIME =       9.727   TIME= 15:52:13
 Max.  Initial penetration 1.084202172E-19 was detected between contact  
 element 56234 and target element 56235.                                 
 ****************************************
  

 *** NOTE ***                            ELAPSED TIME =       9.727   TIME= 15:52:13
 Deformable-deformable contact pair identified by real constant set 493  
 and contact element type 493 has been set up.                           
 Auto surface constraint is built
 Contact algorithm: MPC based approach

 *** NOTE ***                            ELAPSED TIME =       9.727   TIME= 15:52:13
 Contact related postprocess items (ETABLE, pressure ...) are not        
 available.                                                              
 Contact detection at: nodal point (normal to target surface)
 MPC will be built internally to handle bonded contact.
 Average contact surface length               0.66144E-03
 Average contact pair depth                   0.35000E-03
 Average target surface length                0.44183E-02
 User defined pinball region PINB             0.30000E-03
 Default target edge extension factor TOLS     2.0000    
 Initial penetration/gap is excluded.
 Bonded contact (always) is defined.

 *** NOTE ***                            ELAPSED TIME =       9.728   TIME= 15:52:13
 Max.  Initial penetration 1.626303259E-19 was detected between contact  
 element 56237 and target element 56239.                                 
 ****************************************
  

 *** NOTE ***                            ELAPSED TIME =       9.728   TIME= 15:52:13
 Deformable-deformable contact pair identified by real constant set 495  
 and contact element type 495 has been set up.                           
 Auto surface constraint is built
 Contact algorithm: MPC based approach

 *** NOTE ***                            ELAPSED TIME =       9.729   TIME= 15:52:13
 Contact related postprocess items (ETABLE, pressure ...) are not        
 available.                                                              
 Contact detection at: nodal point (normal to target surface)
 MPC will be built internally to handle bonded contact.
 Average contact surface length               0.66144E-03
 Average contact pair depth                   0.35000E-03
 Average target surface length                0.44183E-02
 User defined pinball region PINB             0.30000E-03
 Default target edge extension factor TOLS     2.0000    
 Initial penetration/gap is excluded.
 Bonded contact (always) is defined.

 *** NOTE ***                            ELAPSED TIME =       9.729   TIME= 15:52:13
 Max.  Initial penetration 1.084202172E-19 was detected between contact  
 element 56240 and target element 56242.                                 
 ****************************************
  

 *** NOTE ***                            ELAPSED TIME =       9.730   TIME= 15:52:13
 Deformable-deformable contact pair identified by real constant set 497  
 and contact element type 497 has been set up.                           
 Auto surface constraint is built
 Contact algorithm: MPC based approach

 *** NOTE ***                            ELAPSED TIME =       9.730   TIME= 15:52:13
 Contact related postprocess items (ETABLE, pressure ...) are not        
 available.                                                              
 Contact detection at: nodal point (normal to target surface)
 MPC will be built internally to handle bonded contact.
 Average contact surface length               0.42332E-02
 Average contact pair depth                   0.12700E-02
 Average target surface length                0.63750E-02
 User defined pinball region PINB             0.30000E-03
 Default target edge extension factor TOLS     2.0000    
 Initial penetration/gap is excluded.
 Bonded contact (always) is defined.

 *** NOTE ***                            ELAPSED TIME =       9.730   TIME= 15:52:13
 Max.  Initial penetration 5.421010862E-20 was detected between contact  
 element 56243 and target element 56246.                                 
 ****************************************
  

 *** NOTE ***                            ELAPSED TIME =       9.731   TIME= 15:52:13
 Deformable-deformable contact pair identified by real constant set 499  
 and contact element type 499 has been set up.                           
 Auto surface constraint is built
 Contact algorithm: MPC based approach

 *** NOTE ***                            ELAPSED TIME =       9.731   TIME= 15:52:13
 Contact related postprocess items (ETABLE, pressure ...) are not        
 available.                                                              
 Contact detection at: nodal point (normal to target surface)
 MPC will be built internally to handle bonded contact.
 Average contact surface length               0.66144E-03
 Average contact pair depth                   0.35000E-03
 Average target surface length                0.44858E-02
 User defined pinball region PINB             0.30000E-03
 Default target edge extension factor TOLS     2.0000    
 Initial penetration/gap is excluded.
 Bonded contact (always) is defined.

 *** NOTE ***                            ELAPSED TIME =       9.732   TIME= 15:52:13
 Max.  Initial penetration 5.421010862E-20 was detected between contact  
 element 56248 and target element 56250.                                 
 ****************************************
  

 *** NOTE ***                            ELAPSED TIME =       9.732   TIME= 15:52:13
 Deformable-deformable contact pair identified by real constant set 501  
 and contact element type 501 has been set up.                           
 Auto surface constraint is built
 Contact algorithm: MPC based approach

 *** NOTE ***                            ELAPSED TIME =       9.732   TIME= 15:52:13
 Contact related postprocess items (ETABLE, pressure ...) are not        
 available.                                                              
 Contact detection at: nodal point (normal to target surface)
 MPC will be built internally to handle bonded contact.
 Average contact surface length               0.66144E-03
 Average contact pair depth                   0.35000E-03
 Average target surface length                0.46658E-02
 User defined pinball region PINB             0.30000E-03
 Default target edge extension factor TOLS     2.0000    
 Initial penetration/gap is excluded.
 Bonded contact (always) is defined.

 *** NOTE ***                            ELAPSED TIME =       9.733   TIME= 15:52:13
 Max.  Initial penetration 1.084202172E-19 was detected between contact  
 element 56252 and target element 56253.                                 
 ****************************************
  

 *** NOTE ***                            ELAPSED TIME =       9.733   TIME= 15:52:13
 Deformable-deformable contact pair identified by real constant set 503  
 and contact element type 503 has been set up.                           
 Auto surface constraint is built
 Contact algorithm: MPC based approach

 *** NOTE ***                            ELAPSED TIME =       9.733   TIME= 15:52:13
 Contact related postprocess items (ETABLE, pressure ...) are not        
 available.                                                              
 Contact detection at: nodal point (normal to target surface)
 MPC will be built internally to handle bonded contact.
 Average contact surface length               0.66144E-03
 Average contact pair depth                   0.35000E-03
 Average target surface length                0.39578E-02
 User defined pinball region PINB             0.30000E-03
 Default target edge extension factor TOLS     2.0000    
 Initial penetration/gap is excluded.
 Bonded contact (always) is defined.

 *** NOTE ***                            ELAPSED TIME =       9.734   TIME= 15:52:13
 Max.  Initial penetration 1.626303259E-19 was detected between contact  
 element 56254 and target element 56255.                                 
 ****************************************
  

 *** NOTE ***                            ELAPSED TIME =       9.734   TIME= 15:52:13
 Deformable-deformable contact pair identified by real constant set 505  
 and contact element type 505 has been set up.                           
 Auto surface constraint is built
 Contact algorithm: MPC based approach

 *** NOTE ***                            ELAPSED TIME =       9.735   TIME= 15:52:13
 Contact related postprocess items (ETABLE, pressure ...) are not        
 available.                                                              
 Contact detection at: nodal point (normal to target surface)
 MPC will be built internally to handle bonded contact.
 Average contact surface length               0.66144E-03
 Average contact pair depth                   0.35000E-03
 Average target surface length                0.36693E-02
 User defined pinball region PINB             0.30000E-03
 Default target edge extension factor TOLS     2.0000    
 Initial penetration/gap is excluded.
 Bonded contact (always) is defined.

 *** NOTE ***                            ELAPSED TIME =       9.735   TIME= 15:52:13
 Max.  Initial penetration 1.084202172E-19 was detected between contact  
 element 56259 and target element 56260.                                 
 ****************************************
  

 *** NOTE ***                            ELAPSED TIME =       9.736   TIME= 15:52:13
 Deformable-deformable contact pair identified by real constant set 507  
 and contact element type 507 has been set up.                           
 Auto surface constraint is built
 Contact algorithm: MPC based approach

 *** NOTE ***                            ELAPSED TIME =       9.737   TIME= 15:52:13
 Contact related postprocess items (ETABLE, pressure ...) are not        
 available.                                                              
 Contact detection at: nodal point (normal to target surface)
 MPC will be built internally to handle bonded contact.
 Average contact surface length               0.66144E-03
 Average contact pair depth                   0.35000E-03
 Average target surface length                0.31436E-02
 User defined pinball region PINB             0.30000E-03
 Default target edge extension factor TOLS     2.0000    
 Initial penetration/gap is excluded.
 Bonded contact (always) is defined.

 *** NOTE ***                            ELAPSED TIME =       9.738   TIME= 15:52:13
 Max.  Initial penetration 1.084202172E-19 was detected between contact  
 element 56264 and target element 56267.                                 
 ****************************************
  

 *** NOTE ***                            ELAPSED TIME =       9.738   TIME= 15:52:13
 Deformable-deformable contact pair identified by real constant set 509  
 and contact element type 509 has been set up.                           
 Auto surface constraint is built
 Contact algorithm: MPC based approach

 *** NOTE ***                            ELAPSED TIME =       9.738   TIME= 15:52:13
 Contact related postprocess items (ETABLE, pressure ...) are not        
 available.                                                              
 Contact detection at: nodal point (normal to target surface)
 MPC will be built internally to handle bonded contact.
 Average contact surface length               0.66144E-03
 Average contact pair depth                   0.35000E-03
 Average target surface length                0.71087E-02
 User defined pinball region PINB             0.30000E-03
 Default target edge extension factor TOLS     2.0000    
 Initial penetration/gap is excluded.
 Bonded contact (always) is defined.

 *** NOTE ***                            ELAPSED TIME =       9.739   TIME= 15:52:13
 Max.  Initial penetration 2.168404345E-19 was detected between contact  
 element 56270 and target element 56274.                                 
 ****************************************
  

 *** NOTE ***                            ELAPSED TIME =       9.739   TIME= 15:52:13
 Deformable-deformable contact pair identified by real constant set 511  
 and contact element type 511 has been set up.                           
 Auto surface constraint is built
 Contact algorithm: MPC based approach

 *** NOTE ***                            ELAPSED TIME =       9.739   TIME= 15:52:13
 Contact related postprocess items (ETABLE, pressure ...) are not        
 available.                                                              
 Contact detection at: nodal point (normal to target surface)
 MPC will be built internally to handle bonded contact.
 Average contact surface length               0.66144E-03
 Average contact pair depth                   0.35000E-03
 Average target surface length                0.45760E-02
 User defined pinball region PINB             0.30000E-03
 Default target edge extension factor TOLS     2.0000    
 Initial penetration/gap is excluded.
 Bonded contact (always) is defined.

 *** NOTE ***                            ELAPSED TIME =       9.740   TIME= 15:52:13
 Max.  Initial penetration 2.168404345E-19 was detected between contact  
 element 56276 and target element 56277.                                 
 ****************************************
  

 *** NOTE ***                            ELAPSED TIME =       9.740   TIME= 15:52:13
 Deformable-deformable contact pair identified by real constant set 513  
 and contact element type 513 has been set up.                           
 Auto surface constraint is built
 Contact algorithm: MPC based approach

 *** NOTE ***                            ELAPSED TIME =       9.741   TIME= 15:52:13
 Contact related postprocess items (ETABLE, pressure ...) are not        
 available.                                                              
 Contact detection at: nodal point (normal to target surface)
 MPC will be built internally to handle bonded contact.
 Average contact surface length               0.66144E-03
 Average contact pair depth                   0.35000E-03
 Average target surface length                0.51715E-02
 User defined pinball region PINB             0.30000E-03
 Default target edge extension factor TOLS     2.0000    
 Initial penetration/gap is excluded.
 Bonded contact (always) is defined.

 *** NOTE ***                            ELAPSED TIME =       9.741   TIME= 15:52:13
 Max.  Initial penetration 1.084202172E-19 was detected between contact  
 element 56282 and target element 56285.                                 
 ****************************************
  

 *** NOTE ***                            ELAPSED TIME =       9.742   TIME= 15:52:13
 Deformable-deformable contact pair identified by real constant set 515  
 and contact element type 515 has been set up.                           
 Auto surface constraint is built
 Contact algorithm: MPC based approach

 *** NOTE ***                            ELAPSED TIME =       9.742   TIME= 15:52:13
 Contact related postprocess items (ETABLE, pressure ...) are not        
 available.                                                              
 Contact detection at: nodal point (normal to target surface)
 MPC will be built internally to handle bonded contact.
 Average contact surface length               0.66144E-03
 Average contact pair depth                   0.35000E-03
 Average target surface length                0.61052E-02
 User defined pinball region PINB             0.30000E-03
 Default target edge extension factor TOLS     2.0000    
 Initial penetration/gap is excluded.
 Bonded contact (always) is defined.

 *** NOTE ***                            ELAPSED TIME =       9.743   TIME= 15:52:13
 Max.  Initial penetration 1.694065895E-19 was detected between contact  
 element 56286 and target element 56287.                                 
 ****************************************
  

 *** NOTE ***                            ELAPSED TIME =       9.743   TIME= 15:52:13
 Deformable-deformable contact pair identified by real constant set 517  
 and contact element type 517 has been set up.                           
 Auto surface constraint is built
 Contact algorithm: MPC based approach

 *** NOTE ***                            ELAPSED TIME =       9.743   TIME= 15:52:13
 Contact related postprocess items (ETABLE, pressure ...) are not        
 available.                                                              
 Contact detection at: nodal point (normal to target surface)
 MPC will be built internally to handle bonded contact.
 Average contact surface length               0.42332E-02
 Average contact pair depth                   0.12700E-02
 Average target surface length                0.89087E-02
 User defined pinball region PINB             0.30000E-03
 Default target edge extension factor TOLS     2.0000    
 Initial penetration/gap is excluded.
 Bonded contact (always) is defined.

 *** NOTE ***                            ELAPSED TIME =       9.744   TIME= 15:52:13
 Max.  Initial penetration 1.355252716E-19 was detected between contact  
 element 56289 and target element 56291.                                 
 ****************************************
  

 *** NOTE ***                            ELAPSED TIME =       9.744   TIME= 15:52:13
 Deformable-deformable contact pair identified by real constant set 519  
 and contact element type 519 has been set up.                           
 Auto surface constraint is built
 Contact algorithm: MPC based approach

 *** NOTE ***                            ELAPSED TIME =       9.744   TIME= 15:52:13
 Contact related postprocess items (ETABLE, pressure ...) are not        
 available.                                                              
 Contact detection at: nodal point (normal to target surface)
 MPC will be built internally to handle bonded contact.
 Average contact surface length               0.66144E-03
 Average contact pair depth                   0.35000E-03
 Average target surface length                0.55105E-02
 User defined pinball region PINB             0.30000E-03
 Default target edge extension factor TOLS     2.0000    
 Initial penetration/gap is excluded.
 Bonded contact (always) is defined.

 *** NOTE ***                            ELAPSED TIME =       9.745   TIME= 15:52:13
 Max.  Initial penetration 1.626303259E-19 was detected between contact  
 element 56296 and target element 56298.                                 
 ****************************************
  

 *** NOTE ***                            ELAPSED TIME =       9.745   TIME= 15:52:13
 Deformable-deformable contact pair identified by real constant set 521  
 and contact element type 521 has been set up.                           
 Auto surface constraint is built
 Contact algorithm: MPC based approach

 *** NOTE ***                            ELAPSED TIME =       9.746   TIME= 15:52:13
 Contact related postprocess items (ETABLE, pressure ...) are not        
 available.                                                              
 Contact detection at: nodal point (normal to target surface)
 MPC will be built internally to handle bonded contact.
 Average contact surface length               0.66144E-03
 Average contact pair depth                   0.35000E-03
 Average target surface length                0.60732E-02
 User defined pinball region PINB             0.30000E-03
 Default target edge extension factor TOLS     2.0000    
 Initial penetration/gap is excluded.
 Bonded contact (always) is defined.

 *** NOTE ***                            ELAPSED TIME =       9.746   TIME= 15:52:13
 Max.  Initial penetration 1.084202172E-19 was detected between contact  
 element 56300 and target element 56302.                                 
 ****************************************
  

 *** NOTE ***                            ELAPSED TIME =       9.746   TIME= 15:52:13
 Deformable-deformable contact pair identified by real constant set 523  
 and contact element type 523 has been set up.                           
 Auto surface constraint is built
 Contact algorithm: MPC based approach

 *** NOTE ***                            ELAPSED TIME =       9.747   TIME= 15:52:13
 Contact related postprocess items (ETABLE, pressure ...) are not        
 available.                                                              
 Contact detection at: nodal point (normal to target surface)
 MPC will be built internally to handle bonded contact.
 Average contact surface length               0.66144E-03
 Average contact pair depth                   0.35000E-03
 Average target surface length                0.82190E-02
 User defined pinball region PINB             0.30000E-03
 Default target edge extension factor TOLS     2.0000    
 Initial penetration/gap is excluded.
 Bonded contact (always) is defined.

 *** NOTE ***                            ELAPSED TIME =       9.747   TIME= 15:52:13
 Max.  Initial penetration 5.421010862E-20 was detected between contact  
 element 56303 and target element 56305.                                 
 ****************************************
  

 *** NOTE ***                            ELAPSED TIME =       9.748   TIME= 15:52:13
 Deformable-deformable contact pair identified by real constant set 525  
 and contact element type 525 has been set up.                           
 Auto surface constraint is built
 Contact algorithm: MPC based approach

 *** NOTE ***                            ELAPSED TIME =       9.748   TIME= 15:52:13
 Contact related postprocess items (ETABLE, pressure ...) are not        
 available.                                                              
 Contact detection at: nodal point (normal to target surface)
 MPC will be built internally to handle bonded contact.
 Average contact surface length               0.66144E-03
 Average contact pair depth                   0.35000E-03
 Average target surface length                0.82190E-02
 User defined pinball region PINB             0.30000E-03
 Default target edge extension factor TOLS     2.0000    
 Initial penetration/gap is excluded.
 Bonded contact (always) is defined.

 *** NOTE ***                            ELAPSED TIME =       9.749   TIME= 15:52:13
 Max.  Initial penetration 1.084202172E-19 was detected between contact  
 element 56306 and target element 56308.                                 
 ****************************************
  

 *** NOTE ***                            ELAPSED TIME =       9.749   TIME= 15:52:13
 Deformable-deformable contact pair identified by real constant set 527  
 and contact element type 527 has been set up.                           
 Auto surface constraint is built
 Contact algorithm: MPC based approach

 *** NOTE ***                            ELAPSED TIME =       9.749   TIME= 15:52:13
 Contact related postprocess items (ETABLE, pressure ...) are not        
 available.                                                              
 Contact detection at: nodal point (normal to target surface)
 MPC will be built internally to handle bonded contact.
 Average contact surface length               0.42332E-02
 Average contact pair depth                   0.12700E-02
 Average target surface length                0.77791E-02
 User defined pinball region PINB             0.30000E-03
 Default target edge extension factor TOLS     2.0000    
 Initial penetration/gap is excluded.
 Bonded contact (always) is defined.

 *** NOTE ***                            ELAPSED TIME =       9.750   TIME= 15:52:13
 Max.  Initial penetration 2.168404345E-19 was detected between contact  
 element 56309 and target element 56314.                                 
 ****************************************
  

 *** NOTE ***                            ELAPSED TIME =       9.750   TIME= 15:52:13
 Deformable-deformable contact pair identified by real constant set 529  
 and contact element type 529 has been set up.                           
 Auto surface constraint is built
 Contact algorithm: MPC based approach

 *** NOTE ***                            ELAPSED TIME =       9.750   TIME= 15:52:13
 Contact related postprocess items (ETABLE, pressure ...) are not        
 available.                                                              
 Contact detection at: nodal point (normal to target surface)
 MPC will be built internally to handle bonded contact.
 Average contact surface length               0.66144E-03
 Average contact pair depth                   0.35000E-03
 Average target surface length                0.48660E-02
 User defined pinball region PINB             0.30000E-03
 Default target edge extension factor TOLS     2.0000    
 Initial penetration/gap is excluded.
 Bonded contact (always) is defined.

 *** NOTE ***                            ELAPSED TIME =       9.751   TIME= 15:52:13
 Max.  Initial penetration 5.421010862E-20 was detected between contact  
 element 56315 and target element 56317.                                 
 ****************************************
  

 *** NOTE ***                            ELAPSED TIME =       9.752   TIME= 15:52:13
 Deformable-deformable contact pair identified by real constant set 531  
 and contact element type 531 has been set up.                           
 Auto surface constraint is built
 Contact algorithm: MPC based approach

 *** NOTE ***                            ELAPSED TIME =       9.752   TIME= 15:52:13
 Contact related postprocess items (ETABLE, pressure ...) are not        
 available.                                                              
 Contact detection at: nodal point (normal to target surface)
 MPC will be built internally to handle bonded contact.
 Average contact surface length               0.66144E-03
 Average contact pair depth                   0.35000E-03
 Average target surface length                0.69134E-02
 User defined pinball region PINB             0.30000E-03
 Default target edge extension factor TOLS     2.0000    
 Initial penetration/gap is excluded.
 Bonded contact (always) is defined.

 *** NOTE ***                            ELAPSED TIME =       9.754   TIME= 15:52:13
 Max.  Initial penetration 1.084202172E-19 was detected between contact  
 element 56320 and target element 56321.                                 
 ****************************************
  

 *** NOTE ***                            ELAPSED TIME =       9.757   TIME= 15:52:13
 Deformable-deformable contact pair identified by real constant set 533  
 and contact element type 533 has been set up.                           
 Auto surface constraint is built
 Contact algorithm: MPC based approach

 *** NOTE ***                            ELAPSED TIME =       9.757   TIME= 15:52:13
 Contact related postprocess items (ETABLE, pressure ...) are not        
 available.                                                              
 Contact detection at: nodal point (normal to target surface)
 MPC will be built internally to handle bonded contact.
 Average contact surface length               0.66144E-03
 Average contact pair depth                   0.35000E-03
 Average target surface length                0.69328E-02
 User defined pinball region PINB             0.30000E-03
 Default target edge extension factor TOLS     2.0000    
 Initial penetration/gap is excluded.
 Bonded contact (always) is defined.

 *** NOTE ***                            ELAPSED TIME =       9.758   TIME= 15:52:13
 Max.  Initial penetration 2.710505431E-20 was detected between contact  
 element 56323 and target element 56324.                                 
 ****************************************
  

 *** NOTE ***                            ELAPSED TIME =       9.758   TIME= 15:52:13
 Deformable-deformable contact pair identified by real constant set 535  
 and contact element type 535 has been set up.                           
 Auto surface constraint is built
 Contact algorithm: MPC based approach

 *** NOTE ***                            ELAPSED TIME =       9.758   TIME= 15:52:13
 Contact related postprocess items (ETABLE, pressure ...) are not        
 available.                                                              
 Contact detection at: nodal point (normal to target surface)
 MPC will be built internally to handle bonded contact.
 Average contact surface length               0.66144E-03
 Average contact pair depth                   0.35000E-03
 Average target surface length                0.10223E-01
 User defined pinball region PINB             0.30000E-03
 Default target edge extension factor TOLS     2.0000    
 Initial penetration/gap is excluded.
 Bonded contact (always) is defined.

 *** NOTE ***                            ELAPSED TIME =       9.759   TIME= 15:52:13
 Max.  Initial penetration 1.084202172E-19 was detected between contact  
 element 56327 and target element 56329.                                 
 ****************************************
  

 *** NOTE ***                            ELAPSED TIME =       9.759   TIME= 15:52:13
 Deformable-deformable contact pair identified by real constant set 537  
 and contact element type 537 has been set up.                           
 Auto surface constraint is built
 Contact algorithm: MPC based approach

 *** NOTE ***                            ELAPSED TIME =       9.760   TIME= 15:52:13
 Contact related postprocess items (ETABLE, pressure ...) are not        
 available.                                                              
 Contact detection at: nodal point (normal to target surface)
 MPC will be built internally to handle bonded contact.
 Average contact surface length               0.66144E-03
 Average contact pair depth                   0.35000E-03
 Average target surface length                0.82896E-02
 User defined pinball region PINB             0.30000E-03
 Default target edge extension factor TOLS     2.0000    
 Initial penetration/gap is excluded.
 Bonded contact (always) is defined.

 *** NOTE ***                            ELAPSED TIME =       9.760   TIME= 15:52:13
 Max.  Initial penetration 1.084202172E-19 was detected between contact  
 element 56330 and target element 56333.                                 
 ****************************************
  

 *** NOTE ***                            ELAPSED TIME =       9.761   TIME= 15:52:13
 Deformable-deformable contact pair identified by real constant set 539  
 and contact element type 539 has been set up.                           
 Auto surface constraint is built
 Contact algorithm: MPC based approach

 *** NOTE ***                            ELAPSED TIME =       9.761   TIME= 15:52:13
 Contact related postprocess items (ETABLE, pressure ...) are not        
 available.                                                              
 Contact detection at: nodal point (normal to target surface)
 MPC will be built internally to handle bonded contact.
 Average contact surface length               0.42332E-02
 Average contact pair depth                   0.12700E-02
 Average target surface length                0.46497E-02
 User defined pinball region PINB             0.30000E-03
 Default target edge extension factor TOLS     2.0000    
 Initial penetration/gap is excluded.
 Bonded contact (always) is defined.

 *** NOTE ***                            ELAPSED TIME =       9.762   TIME= 15:52:13
 Max.  Initial penetration 1.084202172E-19 was detected between contact  
 element 56334 and target element 56335.                                 
 ****************************************
  

 *** NOTE ***                            ELAPSED TIME =       9.762   TIME= 15:52:13
 Deformable-deformable contact pair identified by real constant set 541  
 and contact element type 541 has been set up.                           
 Auto surface constraint is built
 Contact algorithm: MPC based approach

 *** NOTE ***                            ELAPSED TIME =       9.762   TIME= 15:52:13
 Contact related postprocess items (ETABLE, pressure ...) are not        
 available.                                                              
 Contact detection at: nodal point (normal to target surface)
 MPC will be built internally to handle bonded contact.
 Average contact surface length               0.66144E-03
 Average contact pair depth                   0.35000E-03
 Average target surface length                0.70251E-02
 User defined pinball region PINB             0.30000E-03
 Default target edge extension factor TOLS     2.0000    
 Initial penetration/gap is excluded.
 Bonded contact (always) is defined.

 *** NOTE ***                            ELAPSED TIME =       9.763   TIME= 15:52:13
 Max.  Initial penetration 1.626303259E-19 was detected between contact  
 element 56342 and target element 56343.                                 
 ****************************************
  

 *** NOTE ***                            ELAPSED TIME =       9.763   TIME= 15:52:13
 Deformable-deformable contact pair identified by real constant set 543  
 and contact element type 543 has been set up.                           
 Auto surface constraint is built
 Contact algorithm: MPC based approach

 *** NOTE ***                            ELAPSED TIME =       9.763   TIME= 15:52:13
 Contact related postprocess items (ETABLE, pressure ...) are not        
 available.                                                              
 Contact detection at: nodal point (normal to target surface)
 MPC will be built internally to handle bonded contact.
 Average contact surface length               0.66144E-03
 Average contact pair depth                   0.35000E-03
 Average target surface length                0.12737E-01
 User defined pinball region PINB             0.30000E-03
 Default target edge extension factor TOLS     2.0000    
 Initial penetration/gap is excluded.
 Bonded contact (always) is defined.

 *** NOTE ***                            ELAPSED TIME =       9.764   TIME= 15:52:13
 Max.  Initial penetration 1.084202172E-19 was detected between contact  
 element 56345 and target element 56346.                                 
 ****************************************
  

 *** NOTE ***                            ELAPSED TIME =       9.764   TIME= 15:52:13
 Deformable-deformable contact pair identified by real constant set 545  
 and contact element type 545 has been set up.                           
 Auto surface constraint is built
 Contact algorithm: MPC based approach

 *** NOTE ***                            ELAPSED TIME =       9.765   TIME= 15:52:13
 Contact related postprocess items (ETABLE, pressure ...) are not        
 available.                                                              
 Contact detection at: nodal point (normal to target surface)
 MPC will be built internally to handle bonded contact.
 Average contact surface length               0.66144E-03
 Average contact pair depth                   0.35000E-03
 Average target surface length                0.11294E-01
 User defined pinball region PINB             0.30000E-03
 Default target edge extension factor TOLS     2.0000    
 Initial penetration/gap is excluded.
 Bonded contact (always) is defined.

 *** NOTE ***                            ELAPSED TIME =       9.765   TIME= 15:52:13
 Max.  Initial penetration 5.421010862E-20 was detected between contact  
 element 56347 and target element 56348.                                 
 ****************************************
  

 *** NOTE ***                            ELAPSED TIME =       9.766   TIME= 15:52:13
 Deformable-deformable contact pair identified by real constant set 547  
 and contact element type 547 has been set up.                           
 Auto surface constraint is built
 Contact algorithm: MPC based approach

 *** NOTE ***                            ELAPSED TIME =       9.766   TIME= 15:52:13
 Contact related postprocess items (ETABLE, pressure ...) are not        
 available.                                                              
 Contact detection at: nodal point (normal to target surface)
 MPC will be built internally to handle bonded contact.
 Average contact surface length               0.66144E-03
 Average contact pair depth                   0.35000E-03
 Average target surface length                0.12737E-01
 User defined pinball region PINB             0.30000E-03
 Default target edge extension factor TOLS     2.0000    
 Initial penetration/gap is excluded.
 Bonded contact (always) is defined.

 *** NOTE ***                            ELAPSED TIME =       9.767   TIME= 15:52:13
 Max.  Initial penetration 2.710505431E-20 was detected between contact  
 element 56350 and target element 56351.                                 
 ****************************************
  

 *** NOTE ***                            ELAPSED TIME =       9.767   TIME= 15:52:13
 Deformable-deformable contact pair identified by real constant set 549  
 and contact element type 549 has been set up.                           
 Auto surface constraint is built
 Contact algorithm: MPC based approach

 *** NOTE ***                            ELAPSED TIME =       9.769   TIME= 15:52:13
 Contact related postprocess items (ETABLE, pressure ...) are not        
 available.                                                              
 Contact detection at: nodal point (normal to target surface)
 MPC will be built internally to handle bonded contact.
 Average contact surface length               0.38810E-02
 Average contact pair depth                   0.11643E-02
 Average target surface length                0.70577E-02
 User defined pinball region PINB             0.30000E-03
 Default target edge extension factor TOLS     2.0000    
 Initial penetration/gap is excluded.
 Bonded contact (always) is defined.

 *** NOTE ***                            ELAPSED TIME =       9.769   TIME= 15:52:13
 Max.  Initial penetration 5.421010862E-20 was detected between contact  
 element 56352 and target element 56353.                                 
 ****************************************
  

 *** NOTE ***                            ELAPSED TIME =       9.770   TIME= 15:52:13
 Deformable-deformable contact pair identified by real constant set 551  
 and contact element type 551 has been set up.                           
 Auto surface constraint is built
 Contact algorithm: MPC based approach

 *** NOTE ***                            ELAPSED TIME =       9.770   TIME= 15:52:13
 Contact related postprocess items (ETABLE, pressure ...) are not        
 available.                                                              
 Contact detection at: nodal point (normal to target surface)
 MPC will be built internally to handle bonded contact.
 Average contact surface length               0.41725E-02
 Average contact pair depth                   0.15700E-02
 Average target surface length                0.73283E-02
 User defined pinball region PINB             0.30000E-03
 Default target edge extension factor TOLS     2.0000    
 Initial penetration/gap is excluded.
 Bonded contact (always) is defined.

 *** NOTE ***                            ELAPSED TIME =       9.770   TIME= 15:52:13
 Max.  Initial penetration 1.084202172E-19 was detected between contact  
 element 56358 and target element 56360.                                 
 ****************************************
  

 *** NOTE ***                            ELAPSED TIME =       9.771   TIME= 15:52:13
 Symmetric Deformable- deformable contact pair identified by real        
 constant set 553 and contact element type 553 has been set up.  The     
 companion pair has real constant set ID 554.  Both pairs should have    
 the same behavior.                                                      
 MAPDL will keep the current pair and deactivate its companion pair,     
 resulting in asymmetric contact.                                        
 Auto surface constraint is built
 Contact algorithm: MPC based approach

 *** NOTE ***                            ELAPSED TIME =       9.771   TIME= 15:52:13
 Contact related postprocess items (ETABLE, pressure ...) are not        
 available.                                                              
 Contact detection at: nodal point (normal to target surface)
 MPC will be built internally to handle bonded contact.
 Average contact surface length               0.48287E-03
 Average contact pair depth                   0.17947E-03
 Average target surface length                0.18630E-02
 User defined pinball region PINB             0.30000E-03
 Default target edge extension factor TOLS     2.0000    
 Initial penetration/gap is excluded.
 Bonded contact (always) is defined.

 *** NOTE ***                            ELAPSED TIME =       9.772   TIME= 15:52:13
 Min.  Initial gap 7.306246786E-05 was detected between contact element  
 56691 and target element 56953.                                         
 Contact is detected due to initial settings.                            
  
 Max.  Geometric gap 2.521142594E-04 has been detected between contact   
 element 56651 and target element 56960.                                 
 *WARNING*: The geometric gap/penetration may be too large.  Increase    
 pinball radius if it is a true geometric gap/penetration.  Decrease     
 pinball if it is a false one.                                           
 *WARNING*: The initial penetration/gap is relatively large.  Bonded/no  
 separation option may cause an accuracy issue.  Switch to MPC           
 algorithm or you may use the CNCHECK,ADJUST/MORPH command to move the   
 contact nodes towards the target surface.                               
 ****************************************
  

 *** NOTE ***                            ELAPSED TIME =       9.773   TIME= 15:52:13
 Symmetric Deformable- deformable contact pair identified by real        
 constant set 554 and contact element type 553 has been set up.  The     
 companion pair has real constant set ID 553.  Both pairs should have    
 the same behavior.                                                      
 MAPDL will deactivate the current pair and keep its companion pair,     
 resulting in asymmetric contact.                                        
 Auto surface constraint is built
 Contact algorithm: MPC based approach

 *** NOTE ***                            ELAPSED TIME =       9.774   TIME= 15:52:13
 Contact related postprocess items (ETABLE, pressure ...) are not        
 available.                                                              
 Contact detection at: nodal point (normal to target surface)
 MPC will be built internally to handle bonded contact.
 Average contact surface length               0.18857E-02
 Average contact pair depth                   0.58628E-03
 Average target surface length                0.47184E-03
 User defined pinball region PINB             0.30000E-03
 Default target edge extension factor TOLS     2.0000    
 Initial penetration/gap is excluded.
 Bonded contact (always) is defined.

 *** NOTE ***                            ELAPSED TIME =       9.774   TIME= 15:52:13
 Min.  Initial gap 7.44975617E-05 was detected between contact element   
 56937 and target element 56450.                                         
 Contact is detected due to initial settings.                            
  
 Max.  Geometric gap 2.126647871E-04 has been detected between contact   
 element 56940 and target element 56627.                                 
 *WARNING*: The geometric gap/penetration may be too large.  Increase    
 pinball radius if it is a true geometric gap/penetration.  Decrease     
 pinball if it is a false one.                                           
 ****************************************
  

 *** NOTE ***                            ELAPSED TIME =       9.775   TIME= 15:52:13
 Symmetric Deformable- deformable contact pair identified by real        
 constant set 555 and contact element type 555 has been set up.  The     
 companion pair has real constant set ID 556.  Both pairs should have    
 the same behavior.                                                      
 MAPDL will keep the current pair and deactivate its companion pair,     
 resulting in asymmetric contact.                                        
 Auto surface constraint is built
 Distributed constraint is built
 Contact algorithm: MPC based approach

 *** NOTE ***                            ELAPSED TIME =       9.776   TIME= 15:52:13
 Contact related postprocess items (ETABLE, pressure ...) are not        
 available.                                                              
 Contact detection at: nodal point (normal to target surface)
 MPC will be built internally to handle bonded contact.
 *WARNING*: Certain contact elements (for example 57738&58106) overlap   
 each other.  Overconstraint may occur.                                  
 Average contact surface length               0.46382E-03
 Average contact pair depth                   0.20354E-03
 Average target surface length                0.26423E-02
 User defined pinball region PINB             0.30000E-03
 Default target edge extension factor TOLS     2.0000    
 Initial penetration/gap is excluded.
 Bonded contact (always) is defined.

 *** NOTE ***                            ELAPSED TIME =       9.776   TIME= 15:52:13
 Min.  Initial gap 2.450088658E-05 was detected between contact element  
 57392 and target element 57839.                                         
 Contact is detected due to initial settings.                            
  
 Max.  Geometric gap 1.896008884E-04 has been detected between contact   
 element 57379 and target element 57906.                                 
 *WARNING*: The geometric gap/penetration may be too large.  Increase    
 pinball radius if it is a true geometric gap/penetration.  Decrease     
 pinball if it is a false one.                                           
 ****************************************
  

 *** NOTE ***                            ELAPSED TIME =       9.777   TIME= 15:52:13
 Symmetric Deformable- deformable contact pair identified by real        
 constant set 556 and contact element type 555 has been set up.  The     
 companion pair has real constant set ID 555.  Both pairs should have    
 the same behavior.                                                      
 MAPDL will deactivate the current pair and keep its companion pair,     
 resulting in asymmetric contact.                                        
 Auto surface constraint is built
 Contact algorithm: MPC based approach

 *** NOTE ***                            ELAPSED TIME =       9.777   TIME= 15:52:13
 Contact related postprocess items (ETABLE, pressure ...) are not        
 available.                                                              
 Contact detection at: nodal point (normal to target surface)
 MPC will be built internally to handle bonded contact.
 Average contact surface length               0.27069E-02
 Average contact pair depth                   0.81207E-03
 Average target surface length                0.47389E-03
 User defined pinball region PINB             0.30000E-03
 Default target edge extension factor TOLS     2.0000    
 Initial penetration/gap is excluded.
 Bonded contact (always) is defined.

 *** NOTE ***                            ELAPSED TIME =       9.778   TIME= 15:52:13
 Min.  Initial gap 2.450088679E-05 was detected between contact element  
 57777 and target element 57173.                                         
 Contact is detected due to initial settings.                            
  
 Max.  Geometric gap 2.331905336E-04 has been detected between contact   
 element 57792 and target element 56990.                                 
 *WARNING*: The geometric gap/penetration may be too large.  Increase    
 pinball radius if it is a true geometric gap/penetration.  Decrease     
 pinball if it is a false one.                                           
 ****************************************
  

 *** NOTE ***                            ELAPSED TIME =       9.779   TIME= 15:52:13
 Symmetric Deformable- deformable contact pair identified by real        
 constant set 557 and contact element type 557 has been set up.  The     
 companion pair has real constant set ID 558.  Both pairs should have    
 the same behavior.                                                      
 MAPDL will deactivate the current pair and keep its companion pair,     
 resulting in asymmetric contact.                                        
 Auto surface constraint is built
 Distributed constraint is built
 Contact algorithm: MPC based approach

 *** NOTE ***                            ELAPSED TIME =       9.779   TIME= 15:52:13
 Contact related postprocess items (ETABLE, pressure ...) are not        
 available.                                                              
 Contact detection at: nodal point (normal to target surface)
 MPC will be built internally to handle bonded contact.
 Average contact surface length               0.48810E-03
 Average contact pair depth                   0.18617E-03
 Average target surface length                0.45782E-03
 User defined pinball region PINB             0.30000E-03
 Default target edge extension factor TOLS     2.0000    
 Initial penetration/gap is excluded.
 Bonded contact (always) is defined.

 *** NOTE ***                            ELAPSED TIME =       9.780   TIME= 15:52:13
 Min.  Initial gap 1.745003118E-04 was detected between contact element  
 58014 and target element 58151.                                         
 Contact is detected due to initial settings.                            
  
 Max.  Geometric gap 2.228569917E-04 has been detected between contact   
 element 58012 and target element 58178.                                 
 *WARNING*: The geometric gap/penetration may be too large.  Increase    
 pinball radius if it is a true geometric gap/penetration.  Decrease     
 pinball if it is a false one.                                           
 *WARNING*: The initial penetration/gap is relatively large.  Bonded/no  
 separation option may cause an accuracy issue.  Switch to MPC           
 algorithm or you may use the CNCHECK,ADJUST/MORPH command to move the   
 contact nodes towards the target surface.                               
 ****************************************
  

 *** NOTE ***                            ELAPSED TIME =       9.781   TIME= 15:52:13
 Symmetric Deformable- deformable contact pair identified by real        
 constant set 558 and contact element type 557 has been set up.  The     
 companion pair has real constant set ID 557.  Both pairs should have    
 the same behavior.                                                      
 MAPDL will keep the current pair and deactivate its companion pair,     
 resulting in asymmetric contact.                                        
 Auto surface constraint is built
 Distributed constraint is built
 Contact algorithm: MPC based approach

 *** NOTE ***                            ELAPSED TIME =       9.781   TIME= 15:52:13
 Contact related postprocess items (ETABLE, pressure ...) are not        
 available.                                                              
 Contact detection at: nodal point (normal to target surface)
 MPC will be built internally to handle bonded contact.
 *WARNING*: Certain contact elements (for example 58146&70027) overlap   
 each other.  Overconstraint may occur.                                  
 Average contact surface length               0.50613E-03
 Average contact pair depth                   0.68498E-03
 Average target surface length                0.49856E-03
 User defined pinball region PINB             0.30000E-03
 Default target edge extension factor TOLS     2.0000    
 Initial penetration/gap is excluded.
 Bonded contact (always) is defined.

 *** NOTE ***                            ELAPSED TIME =       9.782   TIME= 15:52:13
 Min.  Initial gap 1.746201975E-04 was detected between contact element  
 58129 and target element 57999.                                         
 Contact is detected due to initial settings.                            
  
 Max.  Geometric gap 2.539985717E-04 has been detected between contact   
 element 58123 and target element 57908.                                 
 *WARNING*: The geometric gap/penetration may be too large.  Increase    
 pinball radius if it is a true geometric gap/penetration.  Decrease     
 pinball if it is a false one.                                           
 *WARNING*: The initial penetration/gap is relatively large.  Bonded/no  
 separation option may cause an accuracy issue.  Switch to MPC           
 algorithm or you may use the CNCHECK,ADJUST/MORPH command to move the   
 contact nodes towards the target surface.                               
 ****************************************
  

 *** NOTE ***                            ELAPSED TIME =       9.783   TIME= 15:52:13
 Symmetric Deformable- deformable contact pair identified by real        
 constant set 559 and contact element type 559 has been set up.  The     
 companion pair has real constant set ID 560.  Both pairs should have    
 the same behavior.                                                      
 MAPDL will keep the current pair and deactivate its companion pair,     
 resulting in asymmetric contact.                                        
 Auto surface constraint is built
 Contact algorithm: MPC based approach

 *** NOTE ***                            ELAPSED TIME =       9.784   TIME= 15:52:13
 Contact related postprocess items (ETABLE, pressure ...) are not        
 available.                                                              
 Contact detection at: nodal point (normal to target surface)
 MPC will be built internally to handle bonded contact.
 Average contact surface length               0.39575E-02
 Average contact pair depth                   0.11873E-02
 Average target surface length                0.44984E-02
 User defined pinball region PINB             0.30000E-03
 Default target edge extension factor TOLS     2.0000    
 Initial penetration/gap is excluded.
 Bonded contact (always) is defined.

 *** NOTE ***                            ELAPSED TIME =       9.784   TIME= 15:52:13
 Max.  Initial penetration 6.06911316E-08 was detected between contact   
 element 58245 and target element 58332.                                 
 You may move entire target surface by : x= 3.623532966E-12, y=          
 -6.069113145E-08, z= 2.030731337E-12,to reduce initial penetration.     
  
 Max.  Geometric gap 1.126840786E-06 has been detected between contact   
 element 58251 and target element 58346.                                 
 ****************************************
  

 *** NOTE ***                            ELAPSED TIME =       9.785   TIME= 15:52:13
 Symmetric Deformable- deformable contact pair identified by real        
 constant set 560 and contact element type 559 has been set up.  The     
 companion pair has real constant set ID 559.  Both pairs should have    
 the same behavior.                                                      
 MAPDL will deactivate the current pair and keep its companion pair,     
 resulting in asymmetric contact.                                        
 Auto surface constraint is built
 Contact algorithm: MPC based approach

 *** NOTE ***                            ELAPSED TIME =       9.785   TIME= 15:52:13
 Contact related postprocess items (ETABLE, pressure ...) are not        
 available.                                                              
 Contact detection at: nodal point (normal to target surface)
 MPC will be built internally to handle bonded contact.
 Average contact surface length               0.46334E-02
 Average contact pair depth                   0.34632E-02
 Average target surface length                0.37429E-02
 User defined pinball region PINB             0.30000E-03
 Default target edge extension factor TOLS     2.0000    
 Initial penetration/gap is excluded.
 Bonded contact (always) is defined.

 *** NOTE ***                            ELAPSED TIME =       9.786   TIME= 15:52:13
 Min.  Initial gap 1.390170853E-09 was detected between contact element  
 58284 and target element 58229.                                         
 Contact is detected due to initial settings.                            
  
 Max.  Geometric gap 1.002185724E-06 has been detected between contact   
 element 58307 and target element 58192.                                 
 ****************************************
  

 *** NOTE ***                            ELAPSED TIME =       9.787   TIME= 15:52:13
 Symmetric Deformable- deformable contact pair identified by real        
 constant set 561 and contact element type 561 has been set up.  The     
 companion pair has real constant set ID 562.  Both pairs should have    
 the same behavior.                                                      
 MAPDL will deactivate the current pair and keep its companion pair,     
 resulting in asymmetric contact.                                        
 Auto surface constraint is built
 Contact algorithm: MPC based approach

 *** NOTE ***                            ELAPSED TIME =       9.787   TIME= 15:52:13
 Contact related postprocess items (ETABLE, pressure ...) are not        
 available.                                                              
 Contact detection at: nodal point (normal to target surface)
 MPC will be built internally to handle bonded contact.
 Average contact surface length               0.28352E-02
 Average contact pair depth                   0.85056E-03
 Average target surface length                0.50201E-03
 User defined pinball region PINB             0.30000E-03
 Default target edge extension factor TOLS     2.0000    
 Initial penetration/gap is excluded.
 Bonded contact (always) is defined.

 *** NOTE ***                            ELAPSED TIME =       9.788   TIME= 15:52:13
 Min.  Initial gap 2.450088682E-05 was detected between contact element  
 58447 and target element 59004.                                         
 Contact is detected due to initial settings.                            
  
 Max.  Geometric gap 2.797672862E-04 has been detected between contact   
 element 58468 and target element 58855.                                 
 *WARNING*: The geometric gap/penetration may be too large.  Increase    
 pinball radius if it is a true geometric gap/penetration.  Decrease     
 pinball if it is a false one.                                           
 ****************************************
  

 *** NOTE ***                            ELAPSED TIME =       9.788   TIME= 15:52:13
 Symmetric Deformable- deformable contact pair identified by real        
 constant set 562 and contact element type 561 has been set up.  The     
 companion pair has real constant set ID 561.  Both pairs should have    
 the same behavior.                                                      
 MAPDL will keep the current pair and deactivate its companion pair,     
 resulting in asymmetric contact.                                        
 Auto surface constraint is built
 Distributed constraint is built
 Contact algorithm: MPC based approach

 *** NOTE ***                            ELAPSED TIME =       9.789   TIME= 15:52:13
 Contact related postprocess items (ETABLE, pressure ...) are not        
 available.                                                              
 Contact detection at: nodal point (normal to target surface)
 MPC will be built internally to handle bonded contact.
 *WARNING*: Certain contact elements (for example 58843&73230) overlap   
 each other.  Overconstraint may occur.                                  
 Average contact surface length               0.49783E-03
 Average contact pair depth                   0.21303E-03
 Average target surface length                0.27601E-02
 User defined pinball region PINB             0.30000E-03
 Default target edge extension factor TOLS     2.0000    
 Initial penetration/gap is excluded.
 Bonded contact (always) is defined.

 *** NOTE ***                            ELAPSED TIME =       9.790   TIME= 15:52:13
 Min.  Initial gap 2.450088658E-05 was detected between contact element  
 58560 and target element 58419.                                         
 Contact is detected due to initial settings.                            
  
 Max.  Geometric gap 1.896008884E-04 has been detected between contact   
 element 58499 and target element 58398.                                 
 *WARNING*: The geometric gap/penetration may be too large.  Increase    
 pinball radius if it is a true geometric gap/penetration.  Decrease     
 pinball if it is a false one.                                           
 ****************************************
  

 *** NOTE ***                            ELAPSED TIME =       9.791   TIME= 15:52:13
 Symmetric Deformable- deformable contact pair identified by real        
 constant set 563 and contact element type 563 has been set up.  The     
 companion pair has real constant set ID 564.  Both pairs should have    
 the same behavior.                                                      
 MAPDL will deactivate the current pair and keep its companion pair,     
 resulting in asymmetric contact.                                        
 Auto surface constraint is built
 Contact algorithm: MPC based approach

 *** NOTE ***                            ELAPSED TIME =       9.791   TIME= 15:52:13
 Contact related postprocess items (ETABLE, pressure ...) are not        
 available.                                                              
 Contact detection at: nodal point (normal to target surface)
 MPC will be built internally to handle bonded contact.
 Average contact surface length               0.18857E-02
 Average contact pair depth                   0.58376E-03
 Average target surface length                0.49211E-03
 User defined pinball region PINB             0.30000E-03
 Default target edge extension factor TOLS     2.0000    
 Initial penetration/gap is excluded.
 Bonded contact (always) is defined.

 *** NOTE ***                            ELAPSED TIME =       9.792   TIME= 15:52:13
 Min.  Initial gap 7.449756175E-05 was detected between contact element  
 59221 and target element 59625.                                         
 Contact is detected due to initial settings.                            
  
 Max.  Geometric gap 2.126678888E-04 has been detected between contact   
 element 59216 and target element 59544.                                 
 *WARNING*: The geometric gap/penetration may be too large.  Increase    
 pinball radius if it is a true geometric gap/penetration.  Decrease     
 pinball if it is a false one.                                           
 ****************************************
  

 *** NOTE ***                            ELAPSED TIME =       9.792   TIME= 15:52:13
 Symmetric Deformable- deformable contact pair identified by real        
 constant set 564 and contact element type 563 has been set up.  The     
 companion pair has real constant set ID 563.  Both pairs should have    
 the same behavior.                                                      
 MAPDL will keep the current pair and deactivate its companion pair,     
 resulting in asymmetric contact.                                        
 Auto surface constraint is built
 Contact algorithm: MPC based approach

 *** NOTE ***                            ELAPSED TIME =       9.793   TIME= 15:52:13
 Contact related postprocess items (ETABLE, pressure ...) are not        
 available.                                                              
 Contact detection at: nodal point (normal to target surface)
 MPC will be built internally to handle bonded contact.
 Average contact surface length               0.49139E-03
 Average contact pair depth                   0.19380E-03
 Average target surface length                0.18630E-02
 User defined pinball region PINB             0.30000E-03
 Default target edge extension factor TOLS     2.0000    
 Initial penetration/gap is excluded.
 Bonded contact (always) is defined.

 *** NOTE ***                            ELAPSED TIME =       9.794   TIME= 15:52:13
 Min.  Initial gap 7.256274291E-05 was detected between contact element  
 59247 and target element 59208.                                         
 Contact is detected due to initial settings.                            
  
 Max.  Geometric gap 2.521577111E-04 has been detected between contact   
 element 59479 and target element 59205.                                 
 *WARNING*: The geometric gap/penetration may be too large.  Increase    
 pinball radius if it is a true geometric gap/penetration.  Decrease     
 pinball if it is a false one.                                           
 *WARNING*: The initial penetration/gap is relatively large.  Bonded/no  
 separation option may cause an accuracy issue.  Switch to MPC           
 algorithm or you may use the CNCHECK,ADJUST/MORPH command to move the   
 contact nodes towards the target surface.                               
 ****************************************
  

 *** NOTE ***                            ELAPSED TIME =       9.794   TIME= 15:52:13
 Symmetric Deformable- deformable contact pair identified by real        
 constant set 565 and contact element type 565 has been set up.  The     
 companion pair has real constant set ID 566.  Both pairs should have    
 the same behavior.                                                      
 MAPDL will deactivate the current pair and keep its companion pair,     
 resulting in asymmetric contact.                                        
 Auto surface constraint is built
 Contact algorithm: MPC based approach

 *** NOTE ***                            ELAPSED TIME =       9.795   TIME= 15:52:13
 Contact related postprocess items (ETABLE, pressure ...) are not        
 available.                                                              
 Contact detection at: nodal point (normal to target surface)
 MPC will be built internally to handle bonded contact.
 Average contact surface length               0.19096E-02
 Average contact pair depth                   0.61993E-03
 Average target surface length                0.61657E-03
 User defined pinball region PINB             0.30000E-03
 Default target edge extension factor TOLS     2.0000    
 Initial penetration/gap is excluded.
 Bonded contact (always) is defined.

 *** NOTE ***                            ELAPSED TIME =       9.795   TIME= 15:52:13
 Max.  Initial penetration 9.999170802E-05 was detected between contact  
 element 59802 and target element 60037.                                 
 You may move entire target surface by : x= 6.167669116E-08, y=          
 -2.95322463E-11, z= -9.9991689E-05,to reduce initial penetration.       
  
 Max.  Geometric gap 1.467345654E-04 has been detected between contact   
 element 59804 and target element 60066.                                 
 ****************************************
  

 *** NOTE ***                            ELAPSED TIME =       9.796   TIME= 15:52:13
 Symmetric Deformable- deformable contact pair identified by real        
 constant set 566 and contact element type 565 has been set up.  The     
 companion pair has real constant set ID 565.  Both pairs should have    
 the same behavior.                                                      
 MAPDL will keep the current pair and deactivate its companion pair,     
 resulting in asymmetric contact.                                        
 Auto surface constraint is built
 Contact algorithm: MPC based approach

 *** NOTE ***                            ELAPSED TIME =       9.797   TIME= 15:52:13
 Contact related postprocess items (ETABLE, pressure ...) are not        
 available.                                                              
 Contact detection at: nodal point (normal to target surface)
 MPC will be built internally to handle bonded contact.
 Average contact surface length               0.62001E-03
 Average contact pair depth                   0.50294E-03
 Average target surface length                0.18891E-02
 User defined pinball region PINB             0.30000E-03
 Default target edge extension factor TOLS     2.0000    
 Initial penetration/gap is excluded.
 Bonded contact (always) is defined.

 *** NOTE ***                            ELAPSED TIME =       9.797   TIME= 15:52:13
 Max.  Initial penetration 1.025198312E-04 was detected between contact  
 element 59859 and target element 59779.                                 
 You may move entire target surface by : x= -3.62896777E-06, y=          
 1.367627615E-05, z= 1.015386914E-04,to reduce initial penetration.      
  
 Max.  Geometric gap 2.775633247E-04 has been detected between contact   
 element 59908 and target element 59785.                                 
 *WARNING*: The geometric gap/penetration may be too large.  Increase    
 pinball radius if it is a true geometric gap/penetration.  Decrease     
 pinball if it is a false one.                                           
 ****************************************
  

 *** NOTE ***                            ELAPSED TIME =       9.798   TIME= 15:52:13
 Symmetric Deformable- deformable contact pair identified by real        
 constant set 567 and contact element type 567 has been set up.  The     
 companion pair has real constant set ID 568.  Both pairs should have    
 the same behavior.                                                      
 MAPDL will deactivate the current pair and keep its companion pair,     
 resulting in asymmetric contact.                                        
 Auto surface constraint is built
 Contact algorithm: MPC based approach

 *** NOTE ***                            ELAPSED TIME =       9.799   TIME= 15:52:13
 Contact related postprocess items (ETABLE, pressure ...) are not        
 available.                                                              
 Contact detection at: nodal point (normal to target surface)
 MPC will be built internally to handle bonded contact.
 Average contact surface length               0.44724E-02
 Average contact pair depth                   0.36037E-02
 Average target surface length                0.36252E-02
 User defined pinball region PINB             0.30000E-03
 Default target edge extension factor TOLS     2.0000    
 Initial penetration/gap is excluded.
 Bonded contact (always) is defined.

 *** NOTE ***                            ELAPSED TIME =       9.799   TIME= 15:52:13
 Min.  Initial gap 2.828998404E-09 was detected between contact element  
 60263 and target element 60350.                                         
 Contact is detected due to initial settings.                            
  
 Max.  Geometric gap 1.004375889E-06 has been detected between contact   
 element 60229 and target element 60361.                                 
 ****************************************
  

 *** NOTE ***                            ELAPSED TIME =       9.800   TIME= 15:52:13
 Symmetric Deformable- deformable contact pair identified by real        
 constant set 568 and contact element type 567 has been set up.  The     
 companion pair has real constant set ID 567.  Both pairs should have    
 the same behavior.                                                      
 MAPDL will keep the current pair and deactivate its companion pair,     
 resulting in asymmetric contact.                                        
 Auto surface constraint is built
 Contact algorithm: MPC based approach

 *** NOTE ***                            ELAPSED TIME =       9.800   TIME= 15:52:13
 Contact related postprocess items (ETABLE, pressure ...) are not        
 available.                                                              
 Contact detection at: nodal point (normal to target surface)
 MPC will be built internally to handle bonded contact.
 Average contact surface length               0.38208E-02
 Average contact pair depth                   0.11462E-02
 Average target surface length                0.43144E-02
 User defined pinball region PINB             0.30000E-03
 Default target edge extension factor TOLS     2.0000    
 Initial penetration/gap is excluded.
 Bonded contact (always) is defined.

 *** NOTE ***                            ELAPSED TIME =       9.801   TIME= 15:52:13
 Max.  Initial penetration 1.222199932E-07 was detected between contact  
 element 60296 and target element 60220.                                 
 You may move entire target surface by : x= -1.272037408E-12, y=         
 1.222199932E-07, z= 2.55864359E-12,to reduce initial penetration.       
  
 Max.  Geometric gap 1.128363645E-06 has been detected between contact   
 element 60320 and target element 60188.                                 
 ****************************************
  

 *** NOTE ***                            ELAPSED TIME =       9.802   TIME= 15:52:13
 Symmetric Deformable- deformable contact pair identified by real        
 constant set 569 and contact element type 569 has been set up.  The     
 companion pair has real constant set ID 570.  Both pairs should have    
 the same behavior.                                                      
 MAPDL will deactivate the current pair and keep its companion pair,     
 resulting in asymmetric contact.                                        
 Auto surface constraint is built
 Contact algorithm: MPC based approach

 *** NOTE ***                            ELAPSED TIME =       9.802   TIME= 15:52:13
 Contact related postprocess items (ETABLE, pressure ...) are not        
 available.                                                              
 Contact detection at: nodal point (normal to target surface)
 MPC will be built internally to handle bonded contact.
 Average contact surface length               0.19235E-02
 Average contact pair depth                   0.59433E-03
 Average target surface length                0.48677E-03
 User defined pinball region PINB             0.30000E-03
 Default target edge extension factor TOLS     2.0000    
 Initial penetration/gap is excluded.
 Bonded contact (always) is defined.

 *** NOTE ***                            ELAPSED TIME =       9.803   TIME= 15:52:13
 Min.  Initial gap 7.44975615E-05 was detected between contact element   
 60397 and target element 60734.                                         
 Contact is detected due to initial settings.                            
  
 Max.  Geometric gap 2.1711867E-04 has been detected between contact     
 element 60394 and target element 60942.                                 
 *WARNING*: The geometric gap/penetration may be too large.  Increase    
 pinball radius if it is a true geometric gap/penetration.  Decrease     
 pinball if it is a false one.                                           
 ****************************************
  

 *** NOTE ***                            ELAPSED TIME =       9.804   TIME= 15:52:13
 Symmetric Deformable- deformable contact pair identified by real        
 constant set 570 and contact element type 569 has been set up.  The     
 companion pair has real constant set ID 569.  Both pairs should have    
 the same behavior.                                                      
 MAPDL will keep the current pair and deactivate its companion pair,     
 resulting in asymmetric contact.                                        
 Auto surface constraint is built
 Contact algorithm: MPC based approach

 *** NOTE ***                            ELAPSED TIME =       9.804   TIME= 15:52:13
 Contact related postprocess items (ETABLE, pressure ...) are not        
 available.                                                              
 Contact detection at: nodal point (normal to target surface)
 MPC will be built internally to handle bonded contact.
 Average contact surface length               0.47749E-03
 Average contact pair depth                   0.18481E-03
 Average target surface length                0.18995E-02
 User defined pinball region PINB             0.30000E-03
 Default target edge extension factor TOLS     2.0000    
 Initial penetration/gap is excluded.
 Bonded contact (always) is defined.

 *** NOTE ***                            ELAPSED TIME =       9.805   TIME= 15:52:13
 Min.  Initial gap 7.28723859E-05 was detected between contact element   
 60437 and target element 60380.                                         
 Contact is detected due to initial settings.                            
  
 Max.  Geometric gap 2.52128731E-04 has been detected between contact    
 element 60679 and target element 60374.                                 
 *WARNING*: The geometric gap/penetration may be too large.  Increase    
 pinball radius if it is a true geometric gap/penetration.  Decrease     
 pinball if it is a false one.                                           
 *WARNING*: The initial penetration/gap is relatively large.  Bonded/no  
 separation option may cause an accuracy issue.  Switch to MPC           
 algorithm or you may use the CNCHECK,ADJUST/MORPH command to move the   
 contact nodes towards the target surface.                               
 ****************************************
  

 *** NOTE ***                            ELAPSED TIME =       9.805   TIME= 15:52:13
 Symmetric Deformable- deformable contact pair identified by real        
 constant set 571 and contact element type 571 has been set up.  The     
 companion pair has real constant set ID 572.  Both pairs should have    
 the same behavior.                                                      
 MAPDL will deactivate the current pair and keep its companion pair,     
 resulting in asymmetric contact.                                        
 Auto surface constraint is built
 Contact algorithm: MPC based approach

 *** NOTE ***                            ELAPSED TIME =       9.806   TIME= 15:52:13
 Contact related postprocess items (ETABLE, pressure ...) are not        
 available.                                                              
 Contact detection at: nodal point (normal to target surface)
 MPC will be built internally to handle bonded contact.
 Average contact surface length               0.19096E-02
 Average contact pair depth                   0.61088E-03
 Average target surface length                0.61582E-03
 User defined pinball region PINB             0.30000E-03
 Default target edge extension factor TOLS     2.0000    
 Initial penetration/gap is excluded.
 Bonded contact (always) is defined.

 *** NOTE ***                            ELAPSED TIME =       9.807   TIME= 15:52:13
 Max.  Initial penetration 9.999168903E-05 was detected between contact  
 element 60995 and target element 61227.                                 
 You may move entire target surface by : x= -4.520076781E-15, y=         
 8.621136606E-12, z= -9.999168903E-05,to reduce initial penetration.     
  
 Max.  Geometric gap 2.166692665E-04 has been detected between contact   
 element 60997 and target element 61314.                                 
 *WARNING*: The geometric gap/penetration may be too large.  Increase    
 pinball radius if it is a true geometric gap/penetration.  Decrease     
 pinball if it is a false one.                                           
 ****************************************
  

 *** NOTE ***                            ELAPSED TIME =       9.807   TIME= 15:52:13
 Symmetric Deformable- deformable contact pair identified by real        
 constant set 572 and contact element type 571 has been set up.  The     
 companion pair has real constant set ID 571.  Both pairs should have    
 the same behavior.                                                      
 MAPDL will keep the current pair and deactivate its companion pair,     
 resulting in asymmetric contact.                                        
 Auto surface constraint is built
 Contact algorithm: MPC based approach

 *** NOTE ***                            ELAPSED TIME =       9.808   TIME= 15:52:13
 Contact related postprocess items (ETABLE, pressure ...) are not        
 available.                                                              
 Contact detection at: nodal point (normal to target surface)
 MPC will be built internally to handle bonded contact.
 Average contact surface length               0.61877E-03
 Average contact pair depth                   0.51004E-03
 Average target surface length                0.18891E-02
 User defined pinball region PINB             0.30000E-03
 Default target edge extension factor TOLS     2.0000    
 Initial penetration/gap is excluded.
 Bonded contact (always) is defined.

 *** NOTE ***                            ELAPSED TIME =       9.808   TIME= 15:52:13
 Max.  Initial penetration 1.018895615E-04 was detected between contact  
 element 61059 and target element 60985.                                 
 You may move entire target surface by : x= -4.565537801E-06, y=         
 1.319162513E-05, z= 1.009287849E-04,to reduce initial penetration.      
  
 Max.  Geometric gap 2.959538757E-04 has been detected between contact   
 element 61139 and target element 60975.                                 
 *WARNING*: The geometric gap/penetration may be too large.  Increase    
 pinball radius if it is a true geometric gap/penetration.  Decrease     
 pinball if it is a false one.                                           
 ****************************************
  

 *** NOTE ***                            ELAPSED TIME =       9.809   TIME= 15:52:13
 Symmetric Deformable- deformable contact pair identified by real        
 constant set 573 and contact element type 573 has been set up.  The     
 companion pair has real constant set ID 574.  Both pairs should have    
 the same behavior.                                                      
 MAPDL will keep the current pair and deactivate its companion pair,     
 resulting in asymmetric contact.                                        
 Auto surface constraint is built
 Contact algorithm: MPC based approach

 *** NOTE ***                            ELAPSED TIME =       9.810   TIME= 15:52:13
 Contact related postprocess items (ETABLE, pressure ...) are not        
 available.                                                              
 Contact detection at: nodal point (normal to target surface)
 MPC will be built internally to handle bonded contact.
 Average contact surface length               0.51311E-03
 Average contact pair depth                   0.18069E-03
 Average target surface length                0.18630E-02
 User defined pinball region PINB             0.30000E-03
 Default target edge extension factor TOLS     2.0000    
 Initial penetration/gap is excluded.
 Bonded contact (always) is defined.

 *** NOTE ***                            ELAPSED TIME =       9.810   TIME= 15:52:13
 Min.  Initial gap 7.273956437E-05 was detected between contact element  
 61686 and target element 61879.                                         
 Contact is detected due to initial settings.                            
  
 Max.  Geometric gap 2.521142615E-04 has been detected between contact   
 element 61832 and target element 61874.                                 
 *WARNING*: The geometric gap/penetration may be too large.  Increase    
 pinball radius if it is a true geometric gap/penetration.  Decrease     
 pinball if it is a false one.                                           
 *WARNING*: The initial penetration/gap is relatively large.  Bonded/no  
 separation option may cause an accuracy issue.  Switch to MPC           
 algorithm or you may use the CNCHECK,ADJUST/MORPH command to move the   
 contact nodes towards the target surface.                               
 ****************************************
  

 *** NOTE ***                            ELAPSED TIME =       9.811   TIME= 15:52:13
 Symmetric Deformable- deformable contact pair identified by real        
 constant set 574 and contact element type 573 has been set up.  The     
 companion pair has real constant set ID 573.  Both pairs should have    
 the same behavior.                                                      
 MAPDL will deactivate the current pair and keep its companion pair,     
 resulting in asymmetric contact.                                        
 Auto surface constraint is built
 Contact algorithm: MPC based approach

 *** NOTE ***                            ELAPSED TIME =       9.812   TIME= 15:52:13
 Contact related postprocess items (ETABLE, pressure ...) are not        
 available.                                                              
 Contact detection at: nodal point (normal to target surface)
 MPC will be built internally to handle bonded contact.
 Average contact surface length               0.18857E-02
 Average contact pair depth                   0.58671E-03
 Average target surface length                0.51086E-03
 User defined pinball region PINB             0.30000E-03
 Default target edge extension factor TOLS     2.0000    
 Initial penetration/gap is excluded.
 Bonded contact (always) is defined.

 *** NOTE ***                            ELAPSED TIME =       9.812   TIME= 15:52:13
 Min.  Initial gap 7.449756192E-05 was detected between contact element  
 61860 and target element 61425.                                         
 Contact is detected due to initial settings.                            
  
 Max.  Geometric gap 2.12664787E-04 has been detected between contact    
 element 61854 and target element 61594.                                 
 *WARNING*: The geometric gap/penetration may be too large.  Increase    
 pinball radius if it is a true geometric gap/penetration.  Decrease     
 pinball if it is a false one.                                           
 ****************************************
  

 *** NOTE ***                            ELAPSED TIME =       9.813   TIME= 15:52:13
 Symmetric Deformable- deformable contact pair identified by real        
 constant set 575 and contact element type 575 has been set up.  The     
 companion pair has real constant set ID 576.  Both pairs should have    
 the same behavior.                                                      
 MAPDL will deactivate the current pair and keep its companion pair,     
 resulting in asymmetric contact.                                        
 Auto surface constraint is built
 Contact algorithm: MPC based approach

 *** NOTE ***                            ELAPSED TIME =       9.813   TIME= 15:52:13
 Contact related postprocess items (ETABLE, pressure ...) are not        
 available.                                                              
 Contact detection at: nodal point (normal to target surface)
 MPC will be built internally to handle bonded contact.
 Average contact surface length               0.14613E-02
 Average contact pair depth                   0.43839E-03
 Average target surface length                0.49229E-03
 User defined pinball region PINB             0.30000E-03
 Default target edge extension factor TOLS     2.0000    
 Initial penetration/gap is excluded.
 Bonded contact (always) is defined.

 *** NOTE ***                            ELAPSED TIME =       9.814   TIME= 15:52:13
 Min.  Initial gap 2.449958836E-05 was detected between contact element  
 62075 and target element 62936.                                         
 Contact is detected due to initial settings.                            
  
 Max.  Geometric gap 2.850894049E-04 has been detected between contact   
 element 62102 and target element 62631.                                 
 *WARNING*: The geometric gap/penetration may be too large.  Increase    
 pinball radius if it is a true geometric gap/penetration.  Decrease     
 pinball if it is a false one.                                           
 ****************************************
  

 *** NOTE ***                            ELAPSED TIME =       9.815   TIME= 15:52:13
 Symmetric Deformable- deformable contact pair identified by real        
 constant set 576 and contact element type 575 has been set up.  The     
 companion pair has real constant set ID 575.  Both pairs should have    
 the same behavior.                                                      
 MAPDL will keep the current pair and deactivate its companion pair,     
 resulting in asymmetric contact.                                        
 Auto surface constraint is built
 Distributed constraint is built
 Contact algorithm: MPC based approach

 *** NOTE ***                            ELAPSED TIME =       9.815   TIME= 15:52:13
 Contact related postprocess items (ETABLE, pressure ...) are not        
 available.                                                              
 Contact detection at: nodal point (normal to target surface)
 MPC will be built internally to handle bonded contact.
 *WARNING*: Certain contact elements (for example 62595&64421) overlap   
 each other.  Overconstraint may occur.                                  
 Average contact surface length               0.49674E-03
 Average contact pair depth                   0.20741E-03
 Average target surface length                0.14436E-02
 User defined pinball region PINB             0.30000E-03
 Default target edge extension factor TOLS     2.0000    
 Initial penetration/gap is excluded.
 Bonded contact (always) is defined.

 *** NOTE ***                            ELAPSED TIME =       9.816   TIME= 15:52:13
 Min.  Initial gap 2.449958832E-05 was detected between contact element  
 62512 and target element 61942.                                         
 Contact is detected due to initial settings.                            
  
 Max.  Geometric gap 1.895995902E-04 has been detected between contact   
 element 62270 and target element 61926.                                 
 *WARNING*: The geometric gap/penetration may be too large.  Increase    
 pinball radius if it is a true geometric gap/penetration.  Decrease     
 pinball if it is a false one.                                           
 ****************************************
  

 *** NOTE ***                            ELAPSED TIME =       9.817   TIME= 15:52:13
 Symmetric Deformable- deformable contact pair identified by real        
 constant set 577 and contact element type 577 has been set up.  The     
 companion pair has real constant set ID 578.  Both pairs should have    
 the same behavior.                                                      
 MAPDL will keep the current pair and deactivate its companion pair,     
 resulting in asymmetric contact.                                        
 Auto surface constraint is built
 Contact algorithm: MPC based approach

 *** NOTE ***                            ELAPSED TIME =       9.817   TIME= 15:52:13
 Contact related postprocess items (ETABLE, pressure ...) are not        
 available.                                                              
 Contact detection at: nodal point (normal to target surface)
 MPC will be built internally to handle bonded contact.
 Average contact surface length               0.25572E-02
 Average contact pair depth                   0.76715E-03
 Average target surface length                0.43144E-02
 User defined pinball region PINB             0.30000E-03
 Default target edge extension factor TOLS     2.0000    
 Initial penetration/gap is excluded.
 Bonded contact (always) is defined.

 *** NOTE ***                            ELAPSED TIME =       9.818   TIME= 15:52:13
 Max.  Initial penetration 1.211383056E-07 was detected between contact  
 element 63163 and target element 63278.                                 
 You may move entire target surface by : x= 3.554477753E-13, y=          
 1.211383056E-07, z= -1.278974239E-12,to reduce initial penetration.     
  
 Max.  Geometric gap 1.129267427E-06 has been detected between contact   
 element 63176 and target element 63241.                                 
 ****************************************
  

 *** NOTE ***                            ELAPSED TIME =       9.819   TIME= 15:52:13
 Symmetric Deformable- deformable contact pair identified by real        
 constant set 578 and contact element type 577 has been set up.  The     
 companion pair has real constant set ID 577.  Both pairs should have    
 the same behavior.                                                      
 MAPDL will deactivate the current pair and keep its companion pair,     
 resulting in asymmetric contact.                                        
 Auto surface constraint is built
 Contact algorithm: MPC based approach

 *** NOTE ***                            ELAPSED TIME =       9.819   TIME= 15:52:13
 Contact related postprocess items (ETABLE, pressure ...) are not        
 available.                                                              
 Contact detection at: nodal point (normal to target surface)
 MPC will be built internally to handle bonded contact.
 Average contact surface length               0.44724E-02
 Average contact pair depth                   0.38613E-02
 Average target surface length                0.25134E-02
 User defined pinball region PINB             0.30000E-03
 Default target edge extension factor TOLS     2.0000    
 Initial penetration/gap is excluded.
 Bonded contact (always) is defined.

 *** NOTE ***                            ELAPSED TIME =       9.820   TIME= 15:52:13
 Min.  Initial gap 2.830551557E-09 was detected between contact element  
 63229 and target element 63051.                                         
 Contact is detected due to initial settings.                            
  
 Max.  Geometric gap 1.004376361E-06 has been detected between contact   
 element 63193 and target element 63079.                                 
 ****************************************
  

 *** NOTE ***                            ELAPSED TIME =       9.820   TIME= 15:52:13
 Symmetric Deformable- deformable contact pair identified by real        
 constant set 579 and contact element type 579 has been set up.  The     
 companion pair has real constant set ID 580.  Both pairs should have    
 the same behavior.                                                      
 MAPDL will deactivate the current pair and keep its companion pair,     
 resulting in asymmetric contact.                                        
 Auto surface constraint is built
 Contact algorithm: MPC based approach

 *** NOTE ***                            ELAPSED TIME =       9.821   TIME= 15:52:13
 Contact related postprocess items (ETABLE, pressure ...) are not        
 available.                                                              
 Contact detection at: nodal point (normal to target surface)
 MPC will be built internally to handle bonded contact.
 Average contact surface length               0.26934E-02
 Average contact pair depth                   0.80802E-03
 Average target surface length                0.47223E-03
 User defined pinball region PINB             0.30000E-03
 Default target edge extension factor TOLS     2.0000    
 Initial penetration/gap is excluded.
 Bonded contact (always) is defined.

 *** NOTE ***                            ELAPSED TIME =       9.821   TIME= 15:52:13
 Min.  Initial gap 2.44995885E-05 was detected between contact element   
 63370 and target element 63893.                                         
 Contact is detected due to initial settings.                            
  
 Max.  Geometric gap 2.900493429E-04 has been detected between contact   
 element 63362 and target element 63839.                                 
 *WARNING*: The geometric gap/penetration may be too large.  Increase    
 pinball radius if it is a true geometric gap/penetration.  Decrease     
 pinball if it is a false one.                                           
 ****************************************
  

 *** NOTE ***                            ELAPSED TIME =       9.822   TIME= 15:52:13
 Symmetric Deformable- deformable contact pair identified by real        
 constant set 580 and contact element type 579 has been set up.  The     
 companion pair has real constant set ID 579.  Both pairs should have    
 the same behavior.                                                      
 MAPDL will keep the current pair and deactivate its companion pair,     
 resulting in asymmetric contact.                                        
 Auto surface constraint is built
 Distributed constraint is built
 Contact algorithm: MPC based approach

 *** NOTE ***                            ELAPSED TIME =       9.822   TIME= 15:52:13
 Contact related postprocess items (ETABLE, pressure ...) are not        
 available.                                                              
 Contact detection at: nodal point (normal to target surface)
 MPC will be built internally to handle bonded contact.
 *WARNING*: Certain contact elements (for example 63829&72519) overlap   
 each other.  Overconstraint may occur.                                  
 Average contact surface length               0.47110E-03
 Average contact pair depth                   0.20540E-03
 Average target surface length                0.26249E-02
 User defined pinball region PINB             0.30000E-03
 Default target edge extension factor TOLS     2.0000    
 Initial penetration/gap is excluded.
 Bonded contact (always) is defined.

 *** NOTE ***                            ELAPSED TIME =       9.823   TIME= 15:52:13
 Min.  Initial gap 2.449958839E-05 was detected between contact element  
 63624 and target element 63295.                                         
 Contact is detected due to initial settings.                            
  
 Max.  Geometric gap 1.895995901E-04 has been detected between contact   
 element 63821 and target element 63350.                                 
 *WARNING*: The geometric gap/penetration may be too large.  Increase    
 pinball radius if it is a true geometric gap/penetration.  Decrease     
 pinball if it is a false one.                                           
 ****************************************
  

 *** NOTE ***                            ELAPSED TIME =       9.824   TIME= 15:52:13
 Symmetric Deformable- deformable contact pair identified by real        
 constant set 581 and contact element type 581 has been set up.  The     
 companion pair has real constant set ID 582.  Both pairs should have    
 the same behavior.                                                      
 MAPDL will deactivate the current pair and keep its companion pair,     
 resulting in asymmetric contact.                                        
 Auto surface constraint is built
 Distributed constraint is built
 Contact algorithm: MPC based approach

 *** NOTE ***                            ELAPSED TIME =       9.824   TIME= 15:52:13
 Contact related postprocess items (ETABLE, pressure ...) are not        
 available.                                                              
 Contact detection at: nodal point (normal to target surface)
 MPC will be built internally to handle bonded contact.
 Average contact surface length               0.53328E-03
 Average contact pair depth                   0.19209E-03
 Average target surface length                0.44592E-03
 User defined pinball region PINB             0.30000E-03
 Default target edge extension factor TOLS     2.0000    
 Initial penetration/gap is excluded.
 Bonded contact (always) is defined.

 *** NOTE ***                            ELAPSED TIME =       9.825   TIME= 15:52:13
 Min.  Initial gap 1.744928474E-04 was detected between contact element  
 64400 and target element 64489.                                         
 Contact is detected due to initial settings.                            
  
 Max.  Geometric gap 2.228495153E-04 has been detected between contact   
 element 64430 and target element 64490.                                 
 *WARNING*: The geometric gap/penetration may be too large.  Increase    
 pinball radius if it is a true geometric gap/penetration.  Decrease     
 pinball if it is a false one.                                           
 *WARNING*: The initial penetration/gap is relatively large.  Bonded/no  
 separation option may cause an accuracy issue.  Switch to MPC           
 algorithm or you may use the CNCHECK,ADJUST/MORPH command to move the   
 contact nodes towards the target surface.                               
 ****************************************
  

 *** NOTE ***                            ELAPSED TIME =       9.826   TIME= 15:52:13
 Symmetric Deformable- deformable contact pair identified by real        
 constant set 582 and contact element type 581 has been set up.  The     
 companion pair has real constant set ID 581.  Both pairs should have    
 the same behavior.                                                      
 MAPDL will keep the current pair and deactivate its companion pair,     
 resulting in asymmetric contact.                                        
 Auto surface constraint is built
 Distributed constraint is built
 Contact algorithm: MPC based approach

 *** NOTE ***                            ELAPSED TIME =       9.826   TIME= 15:52:13
 Contact related postprocess items (ETABLE, pressure ...) are not        
 available.                                                              
 Contact detection at: nodal point (normal to target surface)
 MPC will be built internally to handle bonded contact.
 *WARNING*: Certain contact elements (for example 64472&70947) overlap   
 each other.  Overconstraint may occur.                                  
 Average contact surface length               0.49373E-03
 Average contact pair depth                   0.61055E-03
 Average target surface length                0.51172E-03
 User defined pinball region PINB             0.30000E-03
 Default target edge extension factor TOLS     2.0000    
 Initial penetration/gap is excluded.
 Bonded contact (always) is defined.

 *** NOTE ***                            ELAPSED TIME =       9.827   TIME= 15:52:13
 Min.  Initial gap 1.744930093E-04 was detected between contact element  
 64468 and target element 64301.                                         
 Contact is detected due to initial settings.                            
  
 Max.  Geometric gap 2.473811327E-04 has been detected between contact   
 element 64450 and target element 64329.                                 
 *WARNING*: The geometric gap/penetration may be too large.  Increase    
 pinball radius if it is a true geometric gap/penetration.  Decrease     
 pinball if it is a false one.                                           
 *WARNING*: The initial penetration/gap is relatively large.  Bonded/no  
 separation option may cause an accuracy issue.  Switch to MPC           
 algorithm or you may use the CNCHECK,ADJUST/MORPH command to move the   
 contact nodes towards the target surface.                               
 ****************************************
  

 *** NOTE ***                            ELAPSED TIME =       9.828   TIME= 15:52:13
 Symmetric Deformable- deformable contact pair identified by real        
 constant set 583 and contact element type 583 has been set up.  The     
 companion pair has real constant set ID 584.  Both pairs should have    
 the same behavior.                                                      
 MAPDL will keep the current pair and deactivate its companion pair,     
 resulting in asymmetric contact.                                        
 Auto surface constraint is built
 Contact algorithm: MPC based approach

 *** NOTE ***                            ELAPSED TIME =       9.829   TIME= 15:52:13
 Contact related postprocess items (ETABLE, pressure ...) are not        
 available.                                                              
 Contact detection at: nodal point (normal to target surface)
 MPC will be built internally to handle bonded contact.
 Average contact surface length               0.47450E-03
 Average contact pair depth                   0.17893E-03
 Average target surface length                0.18630E-02
 User defined pinball region PINB             0.30000E-03
 Default target edge extension factor TOLS     2.0000    
 Initial penetration/gap is excluded.
 Bonded contact (always) is defined.

 *** NOTE ***                            ELAPSED TIME =       9.829   TIME= 15:52:13
 Min.  Initial gap 7.241808669E-05 was detected between contact element  
 64882 and target element 65103.                                         
 Contact is detected due to initial settings.                            
  
 Max.  Geometric gap 2.52114261E-04 has been detected between contact    
 element 65050 and target element 65089.                                 
 *WARNING*: The geometric gap/penetration may be too large.  Increase    
 pinball radius if it is a true geometric gap/penetration.  Decrease     
 pinball if it is a false one.                                           
 *WARNING*: The initial penetration/gap is relatively large.  Bonded/no  
 separation option may cause an accuracy issue.  Switch to MPC           
 algorithm or you may use the CNCHECK,ADJUST/MORPH command to move the   
 contact nodes towards the target surface.                               
 ****************************************
  

 *** NOTE ***                            ELAPSED TIME =       9.831   TIME= 15:52:13
 Symmetric Deformable- deformable contact pair identified by real        
 constant set 584 and contact element type 583 has been set up.  The     
 companion pair has real constant set ID 583.  Both pairs should have    
 the same behavior.                                                      
 MAPDL will deactivate the current pair and keep its companion pair,     
 resulting in asymmetric contact.                                        
 Auto surface constraint is built
 Contact algorithm: MPC based approach

 *** NOTE ***                            ELAPSED TIME =       9.831   TIME= 15:52:13
 Contact related postprocess items (ETABLE, pressure ...) are not        
 available.                                                              
 Contact detection at: nodal point (normal to target surface)
 MPC will be built internally to handle bonded contact.
 Average contact surface length               0.18857E-02
 Average contact pair depth                   0.58348E-03
 Average target surface length                0.47458E-03
 User defined pinball region PINB             0.30000E-03
 Default target edge extension factor TOLS     2.0000    
 Initial penetration/gap is excluded.
 Bonded contact (always) is defined.

 *** NOTE ***                            ELAPSED TIME =       9.832   TIME= 15:52:13
 Min.  Initial gap 7.449756169E-05 was detected between contact element  
 65071 and target element 64602.                                         
 Contact is detected due to initial settings.                            
  
 Max.  Geometric gap 2.126647869E-04 has been detected between contact   
 element 65069 and target element 64774.                                 
 *WARNING*: The geometric gap/penetration may be too large.  Increase    
 pinball radius if it is a true geometric gap/penetration.  Decrease     
 pinball if it is a false one.                                           
 ****************************************
  

 *** NOTE ***                            ELAPSED TIME =       9.832   TIME= 15:52:13
 Symmetric Deformable- deformable contact pair identified by real        
 constant set 585 and contact element type 585 has been set up.  The     
 companion pair has real constant set ID 586.  Both pairs should have    
 the same behavior.                                                      
 MAPDL will keep the current pair and deactivate its companion pair,     
 resulting in asymmetric contact.                                        
 Auto surface constraint is built
 Distributed constraint is built
 Contact algorithm: MPC based approach

 *** NOTE ***                            ELAPSED TIME =       9.833   TIME= 15:52:13
 Contact related postprocess items (ETABLE, pressure ...) are not        
 available.                                                              
 Contact detection at: nodal point (normal to target surface)
 MPC will be built internally to handle bonded contact.
 *WARNING*: Certain contact elements (for example 65752&66557) overlap   
 each other.  Overconstraint may occur.                                  
 Average contact surface length               0.51318E-03
 Average contact pair depth                   0.21514E-03
 Average target surface length                0.27045E-02
 User defined pinball region PINB             0.30000E-03
 Default target edge extension factor TOLS     2.0000    
 Initial penetration/gap is excluded.
 Bonded contact (always) is defined.

 *** NOTE ***                            ELAPSED TIME =       9.834   TIME= 15:52:13
 Min.  Initial gap 2.450088659E-05 was detected between contact element  
 65449 and target element 65884.                                         
 Contact is detected due to initial settings.                            
  
 Max.  Geometric gap 1.896008883E-04 has been detected between contact   
 element 65776 and target element 65882.                                 
 *WARNING*: The geometric gap/penetration may be too large.  Increase    
 pinball radius if it is a true geometric gap/penetration.  Decrease     
 pinball if it is a false one.                                           
 ****************************************
  

 *** NOTE ***                            ELAPSED TIME =       9.834   TIME= 15:52:13
 Symmetric Deformable- deformable contact pair identified by real        
 constant set 586 and contact element type 585 has been set up.  The     
 companion pair has real constant set ID 585.  Both pairs should have    
 the same behavior.                                                      
 MAPDL will deactivate the current pair and keep its companion pair,     
 resulting in asymmetric contact.                                        
 Auto surface constraint is built
 Contact algorithm: MPC based approach

 *** NOTE ***                            ELAPSED TIME =       9.835   TIME= 15:52:13
 Contact related postprocess items (ETABLE, pressure ...) are not        
 available.                                                              
 Contact detection at: nodal point (normal to target surface)
 MPC will be built internally to handle bonded contact.
 Average contact surface length               0.27806E-02
 Average contact pair depth                   0.83419E-03
 Average target surface length                0.51561E-03
 User defined pinball region PINB             0.30000E-03
 Default target edge extension factor TOLS     2.0000    
 Initial penetration/gap is excluded.
 Bonded contact (always) is defined.

 *** NOTE ***                            ELAPSED TIME =       9.835   TIME= 15:52:13
 Min.  Initial gap 2.450088672E-05 was detected between contact element  
 65793 and target element 65190.                                         
 Contact is detected due to initial settings.                            
  
 Max.  Geometric gap 2.369013201E-04 has been detected between contact   
 element 65789 and target element 65125.                                 
 *WARNING*: The geometric gap/penetration may be too large.  Increase    
 pinball radius if it is a true geometric gap/penetration.  Decrease     
 pinball if it is a false one.                                           
 ****************************************
  

 *** NOTE ***                            ELAPSED TIME =       9.836   TIME= 15:52:13
 Symmetric Deformable- deformable contact pair identified by real        
 constant set 587 and contact element type 587 has been set up.  The     
 companion pair has real constant set ID 588.  Both pairs should have    
 the same behavior.                                                      
 MAPDL will keep the current pair and deactivate its companion pair,     
 resulting in asymmetric contact.                                        
 Auto surface constraint is built
 Contact algorithm: MPC based approach

 *** NOTE ***                            ELAPSED TIME =       9.837   TIME= 15:52:13
 Contact related postprocess items (ETABLE, pressure ...) are not        
 available.                                                              
 Contact detection at: nodal point (normal to target surface)
 MPC will be built internally to handle bonded contact.
 Average contact surface length               0.53054E-03
 Average contact pair depth                   0.18143E-03
 Average target surface length                0.18630E-02
 User defined pinball region PINB             0.30000E-03
 Default target edge extension factor TOLS     2.0000    
 Initial penetration/gap is excluded.
 Bonded contact (always) is defined.

 *** NOTE ***                            ELAPSED TIME =       9.837   TIME= 15:52:13
 Min.  Initial gap 7.289126831E-05 was detected between contact element  
 66154 and target element 66405.                                         
 Contact is detected due to initial settings.                            
  
 Max.  Geometric gap 2.521142619E-04 has been detected between contact   
 element 66348 and target element 66390.                                 
 *WARNING*: The geometric gap/penetration may be too large.  Increase    
 pinball radius if it is a true geometric gap/penetration.  Decrease     
 pinball if it is a false one.                                           
 *WARNING*: The initial penetration/gap is relatively large.  Bonded/no  
 separation option may cause an accuracy issue.  Switch to MPC           
 algorithm or you may use the CNCHECK,ADJUST/MORPH command to move the   
 contact nodes towards the target surface.                               
 ****************************************
  

 *** NOTE ***                            ELAPSED TIME =       9.838   TIME= 15:52:13
 Symmetric Deformable- deformable contact pair identified by real        
 constant set 588 and contact element type 587 has been set up.  The     
 companion pair has real constant set ID 587.  Both pairs should have    
 the same behavior.                                                      
 MAPDL will deactivate the current pair and keep its companion pair,     
 resulting in asymmetric contact.                                        
 Auto surface constraint is built
 Contact algorithm: MPC based approach

 *** NOTE ***                            ELAPSED TIME =       9.838   TIME= 15:52:13
 Contact related postprocess items (ETABLE, pressure ...) are not        
 available.                                                              
 Contact detection at: nodal point (normal to target surface)
 MPC will be built internally to handle bonded contact.
 Average contact surface length               0.18857E-02
 Average contact pair depth                   0.58905E-03
 Average target surface length                0.53156E-03
 User defined pinball region PINB             0.30000E-03
 Default target edge extension factor TOLS     2.0000    
 Initial penetration/gap is excluded.
 Bonded contact (always) is defined.

 *** NOTE ***                            ELAPSED TIME =       9.839   TIME= 15:52:13
 Min.  Initial gap 7.449756137E-05 was detected between contact element  
 66375 and target element 65960.                                         
 Contact is detected due to initial settings.                            
  
 Max.  Geometric gap 2.126647866E-04 has been detected between contact   
 element 66370 and target element 66124.                                 
 *WARNING*: The geometric gap/penetration may be too large.  Increase    
 pinball radius if it is a true geometric gap/penetration.  Decrease     
 pinball if it is a false one.                                           
 ****************************************
  

 *** NOTE ***                            ELAPSED TIME =       9.840   TIME= 15:52:13
 Symmetric Deformable- deformable contact pair identified by real        
 constant set 589 and contact element type 589 has been set up.  The     
 companion pair has real constant set ID 590.  Both pairs should have    
 the same behavior.                                                      
 MAPDL will deactivate the current pair and keep its companion pair,     
 resulting in asymmetric contact.                                        
 Auto surface constraint is built
 Distributed constraint is built
 Contact algorithm: MPC based approach

 *** NOTE ***                            ELAPSED TIME =       9.840   TIME= 15:52:13
 Contact related postprocess items (ETABLE, pressure ...) are not        
 available.                                                              
 Contact detection at: nodal point (normal to target surface)
 MPC will be built internally to handle bonded contact.
 Average contact surface length               0.59459E-03
 Average contact pair depth                   0.21389E-03
 Average target surface length                0.54414E-03
 User defined pinball region PINB             0.30000E-03
 Default target edge extension factor TOLS     2.0000    
 Initial penetration/gap is excluded.
 Bonded contact (always) is defined.

 *** NOTE ***                            ELAPSED TIME =       9.841   TIME= 15:52:13
 Min.  Initial gap 1.745002781E-04 was detected between contact element  
 66538 and target element 66617.                                         
 Contact is detected due to initial settings.                            
  
 Max.  Geometric gap 2.228569652E-04 has been detected between contact   
 element 66565 and target element 66618.                                 
 *WARNING*: The geometric gap/penetration may be too large.  Increase    
 pinball radius if it is a true geometric gap/penetration.  Decrease     
 pinball if it is a false one.                                           
 *WARNING*: The initial penetration/gap is relatively large.  Bonded/no  
 separation option may cause an accuracy issue.  Switch to MPC           
 algorithm or you may use the CNCHECK,ADJUST/MORPH command to move the   
 contact nodes towards the target surface.                               
 ****************************************
  

 *** NOTE ***                            ELAPSED TIME =       9.842   TIME= 15:52:13
 Symmetric Deformable- deformable contact pair identified by real        
 constant set 590 and contact element type 589 has been set up.  The     
 companion pair has real constant set ID 589.  Both pairs should have    
 the same behavior.                                                      
 MAPDL will keep the current pair and deactivate its companion pair,     
 resulting in asymmetric contact.                                        
 Auto surface constraint is built
 Distributed constraint is built
 Contact algorithm: MPC based approach

 *** NOTE ***                            ELAPSED TIME =       9.842   TIME= 15:52:13
 Contact related postprocess items (ETABLE, pressure ...) are not        
 available.                                                              
 Contact detection at: nodal point (normal to target surface)
 MPC will be built internally to handle bonded contact.
 *WARNING*: Certain contact elements (for example 66602&70195) overlap   
 each other.  Overconstraint may occur.                                  
 Average contact surface length               0.60379E-03
 Average contact pair depth                   0.82336E-03
 Average target surface length                0.57293E-03
 User defined pinball region PINB             0.30000E-03
 Default target edge extension factor TOLS     2.0000    
 Initial penetration/gap is excluded.
 Bonded contact (always) is defined.

 *** NOTE ***                            ELAPSED TIME =       9.843   TIME= 15:52:13
 Min.  Initial gap 1.745027438E-04 was detected between contact element  
 66599 and target element 66460.                                         
 Contact is detected due to initial settings.                            
  
 Max.  Geometric gap 2.689796322E-04 has been detected between contact   
 element 66584 and target element 66485.                                 
 *WARNING*: The geometric gap/penetration may be too large.  Increase    
 pinball radius if it is a true geometric gap/penetration.  Decrease     
 pinball if it is a false one.                                           
 ****************************************
  

 *** NOTE ***                            ELAPSED TIME =       9.844   TIME= 15:52:13
 Symmetric Deformable- deformable contact pair identified by real        
 constant set 591 and contact element type 591 has been set up.  The     
 companion pair has real constant set ID 592.  Both pairs should have    
 the same behavior.                                                      
 MAPDL will deactivate the current pair and keep its companion pair,     
 resulting in asymmetric contact.                                        
 Auto surface constraint is built
 Contact algorithm: MPC based approach

 *** NOTE ***                            ELAPSED TIME =       9.844   TIME= 15:52:13
 Contact related postprocess items (ETABLE, pressure ...) are not        
 available.                                                              
 Contact detection at: nodal point (normal to target surface)
 MPC will be built internally to handle bonded contact.
 Average contact surface length               0.19096E-02
 Average contact pair depth                   0.61540E-03
 Average target surface length                0.61540E-03
 User defined pinball region PINB             0.30000E-03
 Default target edge extension factor TOLS     2.0000    
 Initial penetration/gap is excluded.
 Bonded contact (always) is defined.

 *** NOTE ***                            ELAPSED TIME =       9.845   TIME= 15:52:13
 Max.  Initial penetration 9.999913488E-05 was detected between contact  
 element 66667 and target element 66860.                                 
 You may move entire target surface by : x= -6.024587716E-08, y=         
 -1.949121424E-08, z= -9.999911484E-05,to reduce initial penetration.    
 ****************************************
  

 *** NOTE ***                            ELAPSED TIME =       9.846   TIME= 15:52:13
 Symmetric Deformable- deformable contact pair identified by real        
 constant set 592 and contact element type 591 has been set up.  The     
 companion pair has real constant set ID 591.  Both pairs should have    
 the same behavior.                                                      
 MAPDL will keep the current pair and deactivate its companion pair,     
 resulting in asymmetric contact.                                        
 Auto surface constraint is built
 Contact algorithm: MPC based approach

 *** NOTE ***                            ELAPSED TIME =       9.846   TIME= 15:52:13
 Contact related postprocess items (ETABLE, pressure ...) are not        
 available.                                                              
 Contact detection at: nodal point (normal to target surface)
 MPC will be built internally to handle bonded contact.
 Average contact surface length               0.61823E-03
 Average contact pair depth                   0.51007E-03
 Average target surface length                0.18891E-02
 User defined pinball region PINB             0.30000E-03
 Default target edge extension factor TOLS     2.0000    
 Initial penetration/gap is excluded.
 Bonded contact (always) is defined.

 *** NOTE ***                            ELAPSED TIME =       9.847   TIME= 15:52:13
 Max.  Initial penetration 1.018995628E-04 was detected between contact  
 element 66735 and target element 66647.                                 
 You may move entire target surface by : x= -1.150567922E-05, y=         
 8.048293101E-06, z= 1.009275246E-04,to reduce initial penetration.      
  
 Max.  Geometric gap 2.808324838E-04 has been detected between contact   
 element 66755 and target element 66651.                                 
 *WARNING*: The geometric gap/penetration may be too large.  Increase    
 pinball radius if it is a true geometric gap/penetration.  Decrease     
 pinball if it is a false one.                                           
 ****************************************
  

 *** NOTE ***                            ELAPSED TIME =       9.848   TIME= 15:52:13
 Symmetric Deformable- deformable contact pair identified by real        
 constant set 593 and contact element type 593 has been set up.  The     
 companion pair has real constant set ID 594.  Both pairs should have    
 the same behavior.                                                      
 MAPDL will deactivate the current pair and keep its companion pair,     
 resulting in asymmetric contact.                                        
 Auto surface constraint is built
 Contact algorithm: MPC based approach

 *** NOTE ***                            ELAPSED TIME =       9.848   TIME= 15:52:13
 Contact related postprocess items (ETABLE, pressure ...) are not        
 available.                                                              
 Contact detection at: nodal point (normal to target surface)
 MPC will be built internally to handle bonded contact.
 Average contact surface length               0.19096E-02
 Average contact pair depth                   0.61271E-03
 Average target surface length                0.61603E-03
 User defined pinball region PINB             0.30000E-03
 Default target edge extension factor TOLS     2.0000    
 Initial penetration/gap is excluded.
 Bonded contact (always) is defined.

 *** NOTE ***                            ELAPSED TIME =       9.849   TIME= 15:52:13
 Max.  Initial penetration 9.999913674E-05 was detected between contact  
 element 67058 and target element 67275.                                 
 You may move entire target surface by : x= 5.786145016E-08, y=          
 8.959134535E-12, z= -9.999912E-05,to reduce initial penetration.        
  
 Max.  Geometric gap 1.467282234E-04 has been detected between contact   
 element 67064 and target element 67324.                                 
 ****************************************
  

 *** NOTE ***                            ELAPSED TIME =       9.850   TIME= 15:52:13
 Symmetric Deformable- deformable contact pair identified by real        
 constant set 594 and contact element type 593 has been set up.  The     
 companion pair has real constant set ID 593.  Both pairs should have    
 the same behavior.                                                      
 MAPDL will keep the current pair and deactivate its companion pair,     
 resulting in asymmetric contact.                                        
 Auto surface constraint is built
 Contact algorithm: MPC based approach

 *** NOTE ***                            ELAPSED TIME =       9.851   TIME= 15:52:13
 Contact related postprocess items (ETABLE, pressure ...) are not        
 available.                                                              
 Contact detection at: nodal point (normal to target surface)
 MPC will be built internally to handle bonded contact.
 Average contact surface length               0.61920E-03
 Average contact pair depth                   0.50785E-03
 Average target surface length                0.18891E-02
 User defined pinball region PINB             0.30000E-03
 Default target edge extension factor TOLS     2.0000    
 Initial penetration/gap is excluded.
 Bonded contact (always) is defined.

 *** NOTE ***                            ELAPSED TIME =       9.851   TIME= 15:52:13
 Max.  Initial penetration 9.801975931E-05 was detected between contact  
 element 67099 and target element 67042.                                 
 You may move entire target surface by : x= -9.031397382E-07, y=         
 1.404367663E-05, z= 9.700429217E-05,to reduce initial penetration.      
  
 Max.  Geometric gap 2.853998673E-04 has been detected between contact   
 element 67164 and target element 67041.                                 
 *WARNING*: The geometric gap/penetration may be too large.  Increase    
 pinball radius if it is a true geometric gap/penetration.  Decrease     
 pinball if it is a false one.                                           
 ****************************************
  

 *** NOTE ***                            ELAPSED TIME =       9.852   TIME= 15:52:13
 Symmetric Deformable- deformable contact pair identified by real        
 constant set 595 and contact element type 595 has been set up.  The     
 companion pair has real constant set ID 596.  Both pairs should have    
 the same behavior.                                                      
 MAPDL will keep the current pair and deactivate its companion pair,     
 resulting in asymmetric contact.                                        
 Auto surface constraint is built
 Contact algorithm: MPC based approach

 *** NOTE ***                            ELAPSED TIME =       9.852   TIME= 15:52:13
 Contact related postprocess items (ETABLE, pressure ...) are not        
 available.                                                              
 Contact detection at: nodal point (normal to target surface)
 MPC will be built internally to handle bonded contact.
 Average contact surface length               0.40100E-02
 Average contact pair depth                   0.12030E-02
 Average target surface length                0.51900E-02
 User defined pinball region PINB             0.30000E-03
 Default target edge extension factor TOLS     2.0000    
 Initial penetration/gap is excluded.
 Bonded contact (always) is defined.

 *** NOTE ***                            ELAPSED TIME =       9.853   TIME= 15:52:13
 Max.  Initial penetration 5.944759847E-08 was detected between contact  
 element 67500 and target element 67556.                                 
 You may move entire target surface by : x= 1.755120638E-11, y=          
 -5.944758694E-08, z= 3.261551855E-11,to reduce initial penetration.     
  
 Max.  Geometric gap 1.126488792E-06 has been detected between contact   
 element 67491 and target element 67578.                                 
 ****************************************
  

 *** NOTE ***                            ELAPSED TIME =       9.854   TIME= 15:52:13
 Symmetric Deformable- deformable contact pair identified by real        
 constant set 596 and contact element type 595 has been set up.  The     
 companion pair has real constant set ID 595.  Both pairs should have    
 the same behavior.                                                      
 MAPDL will deactivate the current pair and keep its companion pair,     
 resulting in asymmetric contact.                                        
 Auto surface constraint is built
 Contact algorithm: MPC based approach

 *** NOTE ***                            ELAPSED TIME =       9.854   TIME= 15:52:13
 Contact related postprocess items (ETABLE, pressure ...) are not        
 available.                                                              
 Contact detection at: nodal point (normal to target surface)
 MPC will be built internally to handle bonded contact.
 Average contact surface length               0.53404E-02
 Average contact pair depth                   0.46463E-02
 Average target surface length                0.38148E-02
 User defined pinball region PINB             0.30000E-03
 Default target edge extension factor TOLS     2.0000    
 Initial penetration/gap is excluded.
 Bonded contact (always) is defined.

 *** NOTE ***                            ELAPSED TIME =       9.855   TIME= 15:52:13
 Min.  Initial gap 1.351670407E-09 was detected between contact element  
 67525 and target element 67455.                                         
 Contact is detected due to initial settings.                            
  
 Max.  Geometric gap 1.002185578E-06 has been detected between contact   
 element 67546 and target element 67441.                                 
 ****************************************
  

 *** NOTE ***                            ELAPSED TIME =       9.855   TIME= 15:52:13
 Symmetric Deformable- deformable contact pair identified by real        
 constant set 597 and contact element type 597 has been set up.  The     
 companion pair has real constant set ID 598.  Both pairs should have    
 the same behavior.                                                      
 MAPDL will deactivate the current pair and keep its companion pair,     
 resulting in asymmetric contact.                                        
 Auto surface constraint is built
 Contact algorithm: MPC based approach

 *** NOTE ***                            ELAPSED TIME =       9.856   TIME= 15:52:13
 Contact related postprocess items (ETABLE, pressure ...) are not        
 available.                                                              
 Contact detection at: nodal point (normal to target surface)
 MPC will be built internally to handle bonded contact.
 Average contact surface length               0.18275E-02
 Average contact pair depth                   0.61617E-03
 Average target surface length                0.61619E-03
 User defined pinball region PINB             0.30000E-03
 Default target edge extension factor TOLS     2.0000    
 Initial penetration/gap is excluded.
 Bonded contact (always) is defined.

 *** NOTE ***                            ELAPSED TIME =       9.856   TIME= 15:52:13
 Max.  Initial penetration 9.9991689E-05 was detected between contact    
 element 67609 and target element 67827.                                 
 You may move entire target surface by : x= 1.831594611E-19, y=          
 8.736740846E-12, z= -9.9991689E-05,to reduce initial penetration.       
  
 Max.  Geometric gap 2.934755911E-04 has been detected between contact   
 element 67625 and target element 67892.                                 
 *WARNING*: The geometric gap/penetration may be too large.  Increase    
 pinball radius if it is a true geometric gap/penetration.  Decrease     
 pinball if it is a false one.                                           
 ****************************************
  

 *** NOTE ***                            ELAPSED TIME =       9.857   TIME= 15:52:13
 Symmetric Deformable- deformable contact pair identified by real        
 constant set 598 and contact element type 597 has been set up.  The     
 companion pair has real constant set ID 597.  Both pairs should have    
 the same behavior.                                                      
 MAPDL will keep the current pair and deactivate its companion pair,     
 resulting in asymmetric contact.                                        
 Auto surface constraint is built
 Contact algorithm: MPC based approach

 *** NOTE ***                            ELAPSED TIME =       9.857   TIME= 15:52:13
 Contact related postprocess items (ETABLE, pressure ...) are not        
 available.                                                              
 Contact detection at: nodal point (normal to target surface)
 MPC will be built internally to handle bonded contact.
 Average contact surface length               0.61946E-03
 Average contact pair depth                   0.50723E-03
 Average target surface length                0.18034E-02
 User defined pinball region PINB             0.30000E-03
 Default target edge extension factor TOLS     2.0000    
 Initial penetration/gap is excluded.
 Bonded contact (always) is defined.

 *** NOTE ***                            ELAPSED TIME =       9.858   TIME= 15:52:13
 Max.  Initial penetration 1.018922031E-04 was detected between contact  
 element 67689 and target element 67597.                                 
 You may move entire target surface by : x= -1.150484802E-05, y=         
 8.047710412E-06, z= 1.009202352E-04,to reduce initial penetration.      
  
 Max.  Geometric gap 2.746104071E-04 has been detected between contact   
 element 67718 and target element 67601.                                 
 *WARNING*: The geometric gap/penetration may be too large.  Increase    
 pinball radius if it is a true geometric gap/penetration.  Decrease     
 pinball if it is a false one.                                           
 ****************************************
  

 *** NOTE ***                            ELAPSED TIME =       9.859   TIME= 15:52:13
 Symmetric Deformable- deformable contact pair identified by real        
 constant set 599 and contact element type 599 has been set up.  The     
 companion pair has real constant set ID 600.  Both pairs should have    
 the same behavior.                                                      
 MAPDL will keep the current pair and deactivate its companion pair,     
 resulting in asymmetric contact.                                        
 Auto surface constraint is built
 Contact algorithm: MPC based approach

 *** NOTE ***                            ELAPSED TIME =       9.859   TIME= 15:52:13
 Contact related postprocess items (ETABLE, pressure ...) are not        
 available.                                                              
 Contact detection at: nodal point (normal to target surface)
 MPC will be built internally to handle bonded contact.
 Average contact surface length               0.38993E-02
 Average contact pair depth                   0.11698E-02
 Average target surface length                0.55364E-02
 User defined pinball region PINB             0.30000E-03
 Default target edge extension factor TOLS     2.0000    
 Initial penetration/gap is excluded.
 Bonded contact (always) is defined.

 *** NOTE ***                            ELAPSED TIME =       9.860   TIME= 15:52:13
 Max.  Initial penetration 6.058393811E-08 was detected between contact  
 element 68064 and target element 68115.                                 
 You may move entire target surface by : x= 2.077711326E-11, y=          
 6.058392283E-08, z= 3.768146705E-11,to reduce initial penetration.      
  
 Max.  Geometric gap 1.12545361E-06 has been detected between contact    
 element 68078 and target element 68130.                                 
 ****************************************
  

 *** NOTE ***                            ELAPSED TIME =       9.860   TIME= 15:52:13
 Symmetric Deformable- deformable contact pair identified by real        
 constant set 600 and contact element type 599 has been set up.  The     
 companion pair has real constant set ID 599.  Both pairs should have    
 the same behavior.                                                      
 MAPDL will deactivate the current pair and keep its companion pair,     
 resulting in asymmetric contact.                                        
 Auto surface constraint is built
 Contact algorithm: MPC based approach

 *** NOTE ***                            ELAPSED TIME =       9.861   TIME= 15:52:13
 Contact related postprocess items (ETABLE, pressure ...) are not        
 available.                                                              
 Contact detection at: nodal point (normal to target surface)
 MPC will be built internally to handle bonded contact.
 Average contact surface length               0.57185E-02
 Average contact pair depth                   0.48641E-02
 Average target surface length                0.36978E-02
 User defined pinball region PINB             0.30000E-03
 Default target edge extension factor TOLS     2.0000    
 Initial penetration/gap is excluded.
 Bonded contact (always) is defined.

 *** NOTE ***                            ELAPSED TIME =       9.862   TIME= 15:52:13
 Max.  Initial penetration 7.118915561E-10 was detected between contact  
 element 68088 and target element 68023.                                 
  
 Max.  Geometric gap 1.000485586E-06 has been detected between contact   
 element 68099 and target element 68032.                                 
 ****************************************
  

 *** NOTE ***                            ELAPSED TIME =       9.862   TIME= 15:52:13
 Symmetric Deformable- deformable contact pair identified by real        
 constant set 601 and contact element type 601 has been set up.  The     
 companion pair has real constant set ID 602.  Both pairs should have    
 the same behavior.                                                      
 MAPDL will deactivate the current pair and keep its companion pair,     
 resulting in asymmetric contact.                                        
 Auto surface constraint is built
 Contact algorithm: MPC based approach

 *** NOTE ***                            ELAPSED TIME =       9.863   TIME= 15:52:13
 Contact related postprocess items (ETABLE, pressure ...) are not        
 available.                                                              
 Contact detection at: nodal point (normal to target surface)
 MPC will be built internally to handle bonded contact.
 Average contact surface length               0.26635E-02
 Average contact pair depth                   0.79905E-03
 Average target surface length                0.49243E-03
 User defined pinball region PINB             0.30000E-03
 Default target edge extension factor TOLS     2.0000    
 Initial penetration/gap is excluded.
 Bonded contact (always) is defined.

 *** NOTE ***                            ELAPSED TIME =       9.864   TIME= 15:52:13
 Min.  Initial gap 2.449958835E-05 was detected between contact element  
 68244 and target element 68761.                                         
 Contact is detected due to initial settings.                            
  
 Max.  Geometric gap 2.456232323E-04 has been detected between contact   
 element 68280 and target element 69000.                                 
 *WARNING*: The geometric gap/penetration may be too large.  Increase    
 pinball radius if it is a true geometric gap/penetration.  Decrease     
 pinball if it is a false one.                                           
 ****************************************
  

 *** NOTE ***                            ELAPSED TIME =       9.864   TIME= 15:52:13
 Symmetric Deformable- deformable contact pair identified by real        
 constant set 602 and contact element type 601 has been set up.  The     
 companion pair has real constant set ID 601.  Both pairs should have    
 the same behavior.                                                      
 MAPDL will keep the current pair and deactivate its companion pair,     
 resulting in asymmetric contact.                                        
 Auto surface constraint is built
 Distributed constraint is built
 Contact algorithm: MPC based approach

 *** NOTE ***                            ELAPSED TIME =       9.865   TIME= 15:52:13
 Contact related postprocess items (ETABLE, pressure ...) are not        
 available.                                                              
 Contact detection at: nodal point (normal to target surface)
 MPC will be built internally to handle bonded contact.
 *WARNING*: Certain contact elements (for example 68621&69788) overlap   
 each other.  Overconstraint may occur.                                  
 Average contact surface length               0.48584E-03
 Average contact pair depth                   0.21023E-03
 Average target surface length                0.25903E-02
 User defined pinball region PINB             0.30000E-03
 Default target edge extension factor TOLS     2.0000    
 Initial penetration/gap is excluded.
 Bonded contact (always) is defined.

 *** NOTE ***                            ELAPSED TIME =       9.865   TIME= 15:52:13
 Min.  Initial gap 2.449958833E-05 was detected between contact element  
 68443 and target element 68165.                                         
 Contact is detected due to initial settings.                            
  
 Max.  Geometric gap 1.895995901E-04 has been detected between contact   
 element 68647 and target element 68170.                                 
 *WARNING*: The geometric gap/penetration may be too large.  Increase    
 pinball radius if it is a true geometric gap/penetration.  Decrease     
 pinball if it is a false one.                                           
 ****************************************
  

 *** NOTE ***                            ELAPSED TIME =       9.866   TIME= 15:52:13
 Symmetric Deformable- deformable contact pair identified by real        
 constant set 603 and contact element type 603 has been set up.  The     
 companion pair has real constant set ID 604.  Both pairs should have    
 the same behavior.                                                      
 MAPDL will deactivate the current pair and keep its companion pair,     
 resulting in asymmetric contact.                                        
 Auto surface constraint is built
 Contact algorithm: MPC based approach

 *** NOTE ***                            ELAPSED TIME =       9.867   TIME= 15:52:13
 Contact related postprocess items (ETABLE, pressure ...) are not        
 available.                                                              
 Contact detection at: nodal point (normal to target surface)
 MPC will be built internally to handle bonded contact.
 Average contact surface length               0.19096E-02
 Average contact pair depth                   0.61159E-03
 Average target surface length                0.61646E-03
 User defined pinball region PINB             0.30000E-03
 Default target edge extension factor TOLS     2.0000    
 Initial penetration/gap is excluded.
 Bonded contact (always) is defined.

 *** NOTE ***                            ELAPSED TIME =       9.867   TIME= 15:52:13
 Max.  Initial penetration 9.999912E-05 was detected between contact     
 element 69035 and target element 69257.                                 
 You may move entire target surface by : x= -7.213926652E-15, y=         
 8.583983006E-12, z= -9.999912E-05,to reduce initial penetration.        
  
 Max.  Geometric gap 2.166630598E-04 has been detected between contact   
 element 69041 and target element 69302.                                 
 *WARNING*: The geometric gap/penetration may be too large.  Increase    
 pinball radius if it is a true geometric gap/penetration.  Decrease     
 pinball if it is a false one.                                           
 ****************************************
  

 *** NOTE ***                            ELAPSED TIME =       9.868   TIME= 15:52:13
 Symmetric Deformable- deformable contact pair identified by real        
 constant set 604 and contact element type 603 has been set up.  The     
 companion pair has real constant set ID 603.  Both pairs should have    
 the same behavior.                                                      
 MAPDL will keep the current pair and deactivate its companion pair,     
 resulting in asymmetric contact.                                        
 Auto surface constraint is built
 Contact algorithm: MPC based approach

 *** NOTE ***                            ELAPSED TIME =       9.868   TIME= 15:52:13
 Contact related postprocess items (ETABLE, pressure ...) are not        
 available.                                                              
 Contact detection at: nodal point (normal to target surface)
 MPC will be built internally to handle bonded contact.
 Average contact surface length               0.61970E-03
 Average contact pair depth                   0.50327E-03
 Average target surface length                0.18891E-02
 User defined pinball region PINB             0.30000E-03
 Default target edge extension factor TOLS     2.0000    
 Initial penetration/gap is excluded.
 Bonded contact (always) is defined.

 *** NOTE ***                            ELAPSED TIME =       9.869   TIME= 15:52:13
 Max.  Initial penetration 1.018969249E-04 was detected between contact  
 element 69089 and target element 69028.                                 
 You may move entire target surface by : x= -4.565867222E-06, y=         
 1.319257859E-05, z= 1.009360789E-04,to reduce initial penetration.      
  
 Max.  Geometric gap 2.968243451E-04 has been detected between contact   
 element 69201 and target element 69022.                                 
 *WARNING*: The geometric gap/penetration may be too large.  Increase    
 pinball radius if it is a true geometric gap/penetration.  Decrease     
 pinball if it is a false one.                                           
 ****************************************
  

 *** NOTE ***                            ELAPSED TIME =       9.870   TIME= 15:52:13
 Symmetric Deformable- deformable contact pair identified by real        
 constant set 605 and contact element type 605 has been set up.  The     
 companion pair has real constant set ID 606.  Both pairs should have    
 the same behavior.                                                      
 MAPDL will deactivate the current pair and keep its companion pair,     
 resulting in asymmetric contact.                                        
 Auto surface constraint is built
 Contact algorithm: MPC based approach

 *** NOTE ***                            ELAPSED TIME =       9.870   TIME= 15:52:13
 Contact related postprocess items (ETABLE, pressure ...) are not        
 available.                                                              
 Contact detection at: nodal point (normal to target surface)
 MPC will be built internally to handle bonded contact.
 Average contact surface length               0.44724E-02
 Average contact pair depth                   0.34433E-02
 Average target surface length                0.36780E-02
 User defined pinball region PINB             0.30000E-03
 Default target edge extension factor TOLS     2.0000    
 Initial penetration/gap is excluded.
 Bonded contact (always) is defined.

 *** NOTE ***                            ELAPSED TIME =       9.871   TIME= 15:52:13
 Max.  Initial penetration 2.761680204E-09 was detected between contact  
 element 69491 and target element 69592.                                 
  
 Max.  Geometric gap 9.984241746E-07 has been detected between contact   
 element 69466 and target element 69602.                                 
 ****************************************
  

 *** NOTE ***                            ELAPSED TIME =       9.871   TIME= 15:52:13
 Symmetric Deformable- deformable contact pair identified by real        
 constant set 606 and contact element type 605 has been set up.  The     
 companion pair has real constant set ID 605.  Both pairs should have    
 the same behavior.                                                      
 MAPDL will keep the current pair and deactivate its companion pair,     
 resulting in asymmetric contact.                                        
 Auto surface constraint is built
 Contact algorithm: MPC based approach

 *** NOTE ***                            ELAPSED TIME =       9.872   TIME= 15:52:13
 Contact related postprocess items (ETABLE, pressure ...) are not        
 available.                                                              
 Contact detection at: nodal point (normal to target surface)
 MPC will be built internally to handle bonded contact.
 Average contact surface length               0.38663E-02
 Average contact pair depth                   0.11599E-02
 Average target surface length                0.43144E-02
 User defined pinball region PINB             0.30000E-03
 Default target edge extension factor TOLS     2.0000    
 Initial penetration/gap is excluded.
 Bonded contact (always) is defined.

 *** NOTE ***                            ELAPSED TIME =       9.872   TIME= 15:52:13
 Max.  Initial penetration 1.272779555E-07 was detected between contact  
 element 69543 and target element 69450.                                 
 You may move entire target surface by : x= -8.070576727E-13, y=         
 -1.272779555E-07, z= -1.550990045E-12,to reduce initial penetration.    
  
 Max.  Geometric gap 1.123073621E-06 has been detected between contact   
 element 69520 and target element 69433.                                 
 ****************************************
  

 *** NOTE ***                            ELAPSED TIME =       9.873   TIME= 15:52:13
 Symmetric Deformable- deformable contact pair identified by real        
 constant set 607 and contact element type 607 has been set up.  The     
 companion pair has real constant set ID 608.  Both pairs should have    
 the same behavior.                                                      
 MAPDL will deactivate the current pair and keep its companion pair,     
 resulting in asymmetric contact.                                        
 Auto surface constraint is built
 Distributed constraint is built
 Contact algorithm: MPC based approach

 *** NOTE ***                            ELAPSED TIME =       9.874   TIME= 15:52:13
 Contact related postprocess items (ETABLE, pressure ...) are not        
 available.                                                              
 Contact detection at: nodal point (normal to target surface)
 MPC will be built internally to handle bonded contact.
 Average contact surface length               0.53527E-03
 Average contact pair depth                   0.21090E-03
 Average target surface length                0.44464E-03
 User defined pinball region PINB             0.30000E-03
 Default target edge extension factor TOLS     2.0000    
 Initial penetration/gap is excluded.
 Bonded contact (always) is defined.

 *** NOTE ***                            ELAPSED TIME =       9.874   TIME= 15:52:13
 Min.  Initial gap 1.74492883E-04 was detected between contact element   
 69700 and target element 69846.                                         
 Contact is detected due to initial settings.                            
  
 Max.  Geometric gap 2.228495584E-04 has been detected between contact   
 element 69703 and target element 69856.                                 
 *WARNING*: The geometric gap/penetration may be too large.  Increase    
 pinball radius if it is a true geometric gap/penetration.  Decrease     
 pinball if it is a false one.                                           
 *WARNING*: The initial penetration/gap is relatively large.  Bonded/no  
 separation option may cause an accuracy issue.  Switch to MPC           
 algorithm or you may use the CNCHECK,ADJUST/MORPH command to move the   
 contact nodes towards the target surface.                               
 ****************************************
  

 *** NOTE ***                            ELAPSED TIME =       9.875   TIME= 15:52:13
 Symmetric Deformable- deformable contact pair identified by real        
 constant set 608 and contact element type 607 has been set up.  The     
 companion pair has real constant set ID 607.  Both pairs should have    
 the same behavior.                                                      
 MAPDL will keep the current pair and deactivate its companion pair,     
 resulting in asymmetric contact.                                        
 Auto surface constraint is built
 Distributed constraint is built
 Contact algorithm: MPC based approach

 *** NOTE ***                            ELAPSED TIME =       9.876   TIME= 15:52:13
 Contact related postprocess items (ETABLE, pressure ...) are not        
 available.                                                              
 Contact detection at: nodal point (normal to target surface)
 MPC will be built internally to handle bonded contact.
 *WARNING*: Certain contact elements (for example 69828&70760) overlap   
 each other.  Overconstraint may occur.                                  
 Average contact surface length               0.48904E-03
 Average contact pair depth                   0.58968E-03
 Average target surface length                0.52424E-03
 User defined pinball region PINB             0.30000E-03
 Default target edge extension factor TOLS     2.0000    
 Initial penetration/gap is excluded.
 Bonded contact (always) is defined.

 *** NOTE ***                            ELAPSED TIME =       9.876   TIME= 15:52:13
 Min.  Initial gap 1.746251683E-04 was detected between contact element  
 69790 and target element 69634.                                         
 Contact is detected due to initial settings.                            
  
 Max.  Geometric gap 2.491270158E-04 has been detected between contact   
 element 69789 and target element 69606.                                 
 *WARNING*: The geometric gap/penetration may be too large.  Increase    
 pinball radius if it is a true geometric gap/penetration.  Decrease     
 pinball if it is a false one.                                           
 *WARNING*: The initial penetration/gap is relatively large.  Bonded/no  
 separation option may cause an accuracy issue.  Switch to MPC           
 algorithm or you may use the CNCHECK,ADJUST/MORPH command to move the   
 contact nodes towards the target surface.                               
 ****************************************
  

 *** NOTE ***                            ELAPSED TIME =       9.878   TIME= 15:52:13
 Symmetric Deformable- deformable contact pair identified by real        
 constant set 609 and contact element type 609 has been set up.  The     
 companion pair has real constant set ID 610.  Both pairs should have    
 the same behavior.                                                      
 MAPDL will keep the current pair and deactivate its companion pair,     
 resulting in asymmetric contact.                                        
 Auto surface constraint is built
 Distributed constraint is built
 Contact algorithm: MPC based approach

 *** NOTE ***                            ELAPSED TIME =       9.878   TIME= 15:52:13
 Contact related postprocess items (ETABLE, pressure ...) are not        
 available.                                                              
 Contact detection at: nodal point (normal to target surface)
 *WARNING*: Smoothing on certain contact/target nodes (for example       
 89216) may have an accuracy issue.  You may switch contact and target   
 surfaces, or split the current pair into multiple pairs, or use Gauss   
 detection.                                                              
 MPC will be built internally to handle bonded contact.
 *WARNING*: Certain contact elements (for example 70034&58124) overlap   
 each other.  Overconstraint may occur.                                  
 Average contact surface length               0.10302E-02
 Average contact pair depth                   0.48300E-03
 Average target surface length                0.24136E-02
 User defined pinball region PINB             0.30000E-03
 Default target edge extension factor TOLS     2.0000    
 Initial penetration/gap is excluded.
 Bonded contact (always) is defined.

 *** NOTE ***                            ELAPSED TIME =       9.879   TIME= 15:52:13
 Max.  Initial penetration 2.297253253E-04 was detected between contact  
 element 69958 and target element 70080.                                 
 You may move entire target surface by : x= 2.287381223E-04, y=          
 1.639925614E-06, z= 2.121101505E-05,to reduce initial penetration.      
 *WARNING*: The geometric gap/penetration may be too large.  Increase    
 pinball radius if it is a true geometric gap/penetration.  Decrease     
 pinball if it is a false one.                                           
 *WARNING*: The initial penetration/gap is relatively large.  Bonded/no  
 separation option may cause an accuracy issue.  Switch to MPC           
 algorithm or you may use the CNCHECK,ADJUST/MORPH command to move the   
 contact nodes towards the target surface.                               
 ****************************************
  

 *** NOTE ***                            ELAPSED TIME =       9.880   TIME= 15:52:13
 Symmetric Deformable- deformable contact pair identified by real        
 constant set 610 and contact element type 609 has been set up.  The     
 companion pair has real constant set ID 609.  Both pairs should have    
 the same behavior.                                                      
 MAPDL will deactivate the current pair and keep its companion pair,     
 resulting in asymmetric contact.                                        
 Auto surface constraint is built
 Distributed constraint is built
 Contact algorithm: MPC based approach

 *** NOTE ***                            ELAPSED TIME =       9.881   TIME= 15:52:13
 Contact related postprocess items (ETABLE, pressure ...) are not        
 available.                                                              
 Contact detection at: nodal point (normal to target surface)
 *WARNING*: Smoothing on certain contact/target nodes (for example       
 74914) may have an accuracy issue.  You may switch contact and target   
 surfaces, or split the current pair into multiple pairs, or use Gauss   
 detection.                                                              
 MPC will be built internally to handle bonded contact.
 Average contact surface length               0.23988E-02
 Average contact pair depth                   0.19123E-02
 Average target surface length                0.99955E-03
 User defined pinball region PINB             0.30000E-03
 Default target edge extension factor TOLS     2.0000    
 Initial penetration/gap is excluded.
 Bonded contact (always) is defined.

 *** NOTE ***                            ELAPSED TIME =       9.882   TIME= 15:52:13
 Max.  Initial penetration 2.986161168E-04 was detected between contact  
 element 70048 and target element 69936.                                 
 You may move entire target surface by : x= -2.28855805E-04, y=          
 6.446279792E-06, z= 1.917160692E-04,to reduce initial penetration.      
 *WARNING*: The detected Max.  Penetration is close to the pair based    
 pinball.  Please verify the pinball radius carefully.                   
 *WARNING*: The geometric gap/penetration may be too large.  Increase    
 pinball radius if it is a true geometric gap/penetration.  Decrease     
 pinball if it is a false one.                                           
 *WARNING*: The detected geometric gap/penetration is close to the pair  
 based pinball.  Please verify the pinball radius carefully.             
 ****************************************
  

 *** NOTE ***                            ELAPSED TIME =       9.883   TIME= 15:52:13
 Symmetric Deformable- deformable contact pair identified by real        
 constant set 611 and contact element type 611 has been set up.  The     
 companion pair has real constant set ID 612.  Both pairs should have    
 the same behavior.                                                      
 MAPDL will keep the current pair and deactivate its companion pair,     
 resulting in asymmetric contact.                                        
 Auto surface constraint is built
 Distributed constraint is built
 Contact algorithm: MPC based approach

 *** NOTE ***                            ELAPSED TIME =       9.884   TIME= 15:52:13
 Contact related postprocess items (ETABLE, pressure ...) are not        
 available.                                                              
 Contact detection at: nodal point (normal to target surface)
 *WARNING*: Smoothing on certain contact/target nodes (for example       
 89229) may have an accuracy issue.  You may switch contact and target   
 surfaces, or split the current pair into multiple pairs, or use Gauss   
 detection.                                                              
 MPC will be built internally to handle bonded contact.
 *WARNING*: Certain contact elements (for example 70282&66579) overlap   
 each other.  Overconstraint may occur.                                  
 Average contact surface length               0.89619E-03
 Average contact pair depth                   0.42544E-03
 Average target surface length                0.29593E-02
 User defined pinball region PINB             0.30000E-03
 Default target edge extension factor TOLS     2.0000    
 Initial penetration/gap is excluded.
 Bonded contact (always) is defined.

 *** NOTE ***                            ELAPSED TIME =       9.885   TIME= 15:52:13
 Max.  Initial penetration 2.815263323E-04 was detected between contact  
 element 70191 and target element 70326.                                 
 You may move entire target surface by : x= 1.997176975E-04, y=          
 -1.978930779E-04, z= 1.443075855E-05,to reduce initial penetration.     
 *WARNING*: The detected Max.  Penetration is close to the pair based    
 pinball.  Please verify the pinball radius carefully.                   
 *WARNING*: The geometric gap/penetration may be too large.  Increase    
 pinball radius if it is a true geometric gap/penetration.  Decrease     
 pinball if it is a false one.                                           
 *WARNING*: The initial penetration/gap is relatively large.  Bonded/no  
 separation option may cause an accuracy issue.  Switch to MPC           
 algorithm or you may use the CNCHECK,ADJUST/MORPH command to move the   
 contact nodes towards the target surface.                               
 ****************************************
  

 *** NOTE ***                            ELAPSED TIME =       9.886   TIME= 15:52:13
 Symmetric Deformable- deformable contact pair identified by real        
 constant set 612 and contact element type 611 has been set up.  The     
 companion pair has real constant set ID 611.  Both pairs should have    
 the same behavior.                                                      
 MAPDL will deactivate the current pair and keep its companion pair,     
 resulting in asymmetric contact.                                        
 Auto surface constraint is built
 Distributed constraint is built
 Contact algorithm: MPC based approach

 *** NOTE ***                            ELAPSED TIME =       9.887   TIME= 15:52:13
 Contact related postprocess items (ETABLE, pressure ...) are not        
 available.                                                              
 Contact detection at: nodal point (normal to target surface)
 *WARNING*: Smoothing on certain contact/target nodes (for example       
 76486) may have an accuracy issue.  You may switch contact and target   
 surfaces, or split the current pair into multiple pairs, or use Gauss   
 detection.                                                              
 MPC will be built internally to handle bonded contact.
 Average contact surface length               0.31465E-02
 Average contact pair depth                   0.20261E-02
 Average target surface length                0.87558E-03
 User defined pinball region PINB             0.30000E-03
 Default target edge extension factor TOLS     2.0000    
 Initial penetration/gap is excluded.
 Bonded contact (always) is defined.

 *** NOTE ***                            ELAPSED TIME =       9.888   TIME= 15:52:13
 Max.  Initial penetration 2.732996198E-04 was detected between contact  
 element 70305 and target element 70096.                                 
 You may move entire target surface by : x= -1.750543331E-04, y=         
 2.095184498E-04, z= -1.227525381E-05,to reduce initial penetration.     
 *WARNING*: The detected Max.  Penetration is close to the pair based    
 pinball.  Please verify the pinball radius carefully.                   
  
 Max.  Geometric gap 2.875702479E-04 has been detected between contact   
 element 70301 and target element 70157.                                 
 *WARNING*: The geometric gap/penetration may be too large.  Increase    
 pinball radius if it is a true geometric gap/penetration.  Decrease     
 pinball if it is a false one.                                           
 ****************************************
  

 *** NOTE ***                            ELAPSED TIME =       9.889   TIME= 15:52:13
 Symmetric Deformable- deformable contact pair identified by real        
 constant set 613 and contact element type 613 has been set up.  The     
 companion pair has real constant set ID 614.  Both pairs should have    
 the same behavior.                                                      
 MAPDL will keep the current pair and deactivate its companion pair,     
 resulting in asymmetric contact.                                        
 Auto surface constraint is built
 Distributed constraint is built
 Contact algorithm: MPC based approach

 *** NOTE ***                            ELAPSED TIME =       9.889   TIME= 15:52:13
 Contact related postprocess items (ETABLE, pressure ...) are not        
 available.                                                              
 Contact detection at: nodal point (normal to target surface)
 *WARNING*: Smoothing on certain contact/target nodes (for example       
 89269) may have an accuracy issue.  You may switch contact and target   
 surfaces, or split the current pair into multiple pairs, or use Gauss   
 detection.                                                              
 MPC will be built internally to handle bonded contact.
 *WARNING*: Certain contact elements (for example 70510&72598) overlap   
 each other.  Overconstraint may occur.                                  
 Average contact surface length               0.96499E-03
 Average contact pair depth                   0.44734E-03
 Average target surface length                0.30272E-02
 User defined pinball region PINB             0.30000E-03
 Default target edge extension factor TOLS     2.0000    
 Initial penetration/gap is excluded.
 Bonded contact (always) is defined.

 *** NOTE ***                            ELAPSED TIME =       9.890   TIME= 15:52:13
 Max.  Initial penetration 1.957783996E-04 was detected between contact  
 element 70456 and target element 70532.                                 
 You may move entire target surface by : x= 1.188284686E-04, y=          
 4.182029491E-05, z= -1.498667399E-04,to reduce initial penetration.     
 *WARNING*: The geometric gap/penetration may be too large.  Increase    
 pinball radius if it is a true geometric gap/penetration.  Decrease     
 pinball if it is a false one.                                           
 *WARNING*: The initial penetration/gap is relatively large.  Bonded/no  
 separation option may cause an accuracy issue.  Switch to MPC           
 algorithm or you may use the CNCHECK,ADJUST/MORPH command to move the   
 contact nodes towards the target surface.                               
 ****************************************
  

 *** NOTE ***                            ELAPSED TIME =       9.891   TIME= 15:52:13
 Symmetric Deformable- deformable contact pair identified by real        
 constant set 614 and contact element type 613 has been set up.  The     
 companion pair has real constant set ID 613.  Both pairs should have    
 the same behavior.                                                      
 MAPDL will deactivate the current pair and keep its companion pair,     
 resulting in asymmetric contact.                                        
 Auto surface constraint is built
 Distributed constraint is built
 Contact algorithm: MPC based approach

 *** NOTE ***                            ELAPSED TIME =       9.892   TIME= 15:52:13
 Contact related postprocess items (ETABLE, pressure ...) are not        
 available.                                                              
 Contact detection at: nodal point (normal to target surface)
 *WARNING*: Smoothing on certain contact/target nodes (for example       
 78192) may have an accuracy issue.  You may switch contact and target   
 surfaces, or split the current pair into multiple pairs, or use Gauss   
 detection.                                                              
 MPC will be built internally to handle bonded contact.
 Average contact surface length               0.31790E-02
 Average contact pair depth                   0.34644E-02
 Average target surface length                0.93603E-03
 User defined pinball region PINB             0.30000E-03
 Default target edge extension factor TOLS     2.0000    
 Initial penetration/gap is excluded.
 Bonded contact (always) is defined.

 *** NOTE ***                            ELAPSED TIME =       9.893   TIME= 15:52:13
 Max.  Initial penetration 2.084756764E-04 was detected between contact  
 element 70521 and target element 70375.                                 
 You may move entire target surface by : x= 9.97797658E-05, y=           
 1.050997587E-04, z= 1.498670969E-04,to reduce initial penetration.      
 *WARNING*: The geometric gap/penetration may be too large.  Increase    
 pinball radius if it is a true geometric gap/penetration.  Decrease     
 pinball if it is a false one.                                           
 ****************************************
  

 *** NOTE ***                            ELAPSED TIME =       9.894   TIME= 15:52:13
 Symmetric Deformable- deformable contact pair identified by real        
 constant set 615 and contact element type 615 has been set up.  The     
 companion pair has real constant set ID 616.  Both pairs should have    
 the same behavior.                                                      
 MAPDL will keep the current pair and deactivate its companion pair,     
 resulting in asymmetric contact.                                        
 Auto surface constraint is built
 Distributed constraint is built
 Contact algorithm: MPC based approach

 *** NOTE ***                            ELAPSED TIME =       9.895   TIME= 15:52:13
 Contact related postprocess items (ETABLE, pressure ...) are not        
 available.                                                              
 Contact detection at: nodal point (normal to target surface)
 *WARNING*: Smoothing on certain contact/target nodes (for example       
 89261) may have an accuracy issue.  You may switch contact and target   
 surfaces, or split the current pair into multiple pairs, or use Gauss   
 detection.                                                              
 MPC will be built internally to handle bonded contact.
 *WARNING*: Certain contact elements (for example 70764&69796) overlap   
 each other.  Overconstraint may occur.                                  
 Average contact surface length               0.86025E-03
 Average contact pair depth                   0.41966E-03
 Average target surface length                0.27318E-02
 User defined pinball region PINB             0.30000E-03
 Default target edge extension factor TOLS     2.0000    
 Initial penetration/gap is excluded.
 Bonded contact (always) is defined.

 *** NOTE ***                            ELAPSED TIME =       9.896   TIME= 15:52:13
 Max.  Initial penetration 2.295118518E-04 was detected between contact  
 element 70664 and target element 70803.                                 
 You may move entire target surface by : x= 2.287512929E-04, y=          
 1.169573792E-07, z= 1.866875567E-05,to reduce initial penetration.      
 *WARNING*: The geometric gap/penetration may be too large.  Increase    
 pinball radius if it is a true geometric gap/penetration.  Decrease     
 pinball if it is a false one.                                           
 *WARNING*: The initial penetration/gap is relatively large.  Bonded/no  
 separation option may cause an accuracy issue.  Switch to MPC           
 algorithm or you may use the CNCHECK,ADJUST/MORPH command to move the   
 contact nodes towards the target surface.                               
 ****************************************
  

 *** NOTE ***                            ELAPSED TIME =       9.896   TIME= 15:52:13
 Symmetric Deformable- deformable contact pair identified by real        
 constant set 616 and contact element type 615 has been set up.  The     
 companion pair has real constant set ID 615.  Both pairs should have    
 the same behavior.                                                      
 MAPDL will deactivate the current pair and keep its companion pair,     
 resulting in asymmetric contact.                                        
 Auto surface constraint is built
 Distributed constraint is built
 Contact algorithm: MPC based approach

 *** NOTE ***                            ELAPSED TIME =       9.897   TIME= 15:52:13
 Contact related postprocess items (ETABLE, pressure ...) are not        
 available.                                                              
 Contact detection at: nodal point (normal to target surface)
 *WARNING*: Smoothing on certain contact/target nodes (for example       
 79695) may have an accuracy issue.  You may switch contact and target   
 surfaces, or split the current pair into multiple pairs, or use Gauss   
 detection.                                                              
 MPC will be built internally to handle bonded contact.
 Average contact surface length               0.28442E-02
 Average contact pair depth                   0.25360E-02
 Average target surface length                0.83968E-03
 User defined pinball region PINB             0.30000E-03
 Default target edge extension factor TOLS     2.0000    
 Initial penetration/gap is excluded.
 Bonded contact (always) is defined.

 *** NOTE ***                            ELAPSED TIME =       9.898   TIME= 15:52:13
 Max.  Initial penetration 2.768033596E-04 was detected between contact  
 element 70770 and target element 70609.                                 
 You may move entire target surface by : x= -2.327229694E-04, y=         
 -2.410708792E-07, z= 1.498668118E-04,to reduce initial penetration.     
 *WARNING*: The detected Max.  Penetration is close to the pair based    
 pinball.  Please verify the pinball radius carefully.                   
 *WARNING*: The geometric gap/penetration may be too large.  Increase    
 pinball radius if it is a true geometric gap/penetration.  Decrease     
 pinball if it is a false one.                                           
 ****************************************
  

 *** NOTE ***                            ELAPSED TIME =       9.898   TIME= 15:52:13
 Symmetric Deformable- deformable contact pair identified by real        
 constant set 617 and contact element type 617 has been set up.  The     
 companion pair has real constant set ID 618.  Both pairs should have    
 the same behavior.                                                      
 MAPDL will keep the current pair and deactivate its companion pair,     
 resulting in asymmetric contact.                                        
 Auto surface constraint is built
 Distributed constraint is built
 Contact algorithm: MPC based approach

 *** NOTE ***                            ELAPSED TIME =       9.899   TIME= 15:52:13
 Contact related postprocess items (ETABLE, pressure ...) are not        
 available.                                                              
 Contact detection at: nodal point (normal to target surface)
 *WARNING*: Smoothing on certain contact/target nodes (for example       
 89253) may have an accuracy issue.  You may switch contact and target   
 surfaces, or split the current pair into multiple pairs, or use Gauss   
 detection.                                                              
 MPC will be built internally to handle bonded contact.
 *WARNING*: Certain contact elements (for example 71027&64440) overlap   
 each other.  Overconstraint may occur.                                  
 Average contact surface length               0.84988E-03
 Average contact pair depth                   0.38848E-03
 Average target surface length                0.27379E-02
 User defined pinball region PINB             0.30000E-03
 Default target edge extension factor TOLS     2.0000    
 Initial penetration/gap is excluded.
 Bonded contact (always) is defined.

 *** NOTE ***                            ELAPSED TIME =       9.900   TIME= 15:52:13
 Max.  Initial penetration 2.823451919E-04 was detected between contact  
 element 70923 and target element 71072.                                 
 You may move entire target surface by : x= 2.008958794E-04, y=          
 -1.961813929E-04, z= 2.95383502E-05,to reduce initial penetration.      
 *WARNING*: The detected Max.  Penetration is close to the pair based    
 pinball.  Please verify the pinball radius carefully.                   
  
 Max.  Geometric gap 2.986626387E-04 has been detected between contact   
 element 70921 and target element 71068.                                 
 *WARNING*: The geometric gap/penetration may be too large.  Increase    
 pinball radius if it is a true geometric gap/penetration.  Decrease     
 pinball if it is a false one.                                           
 *WARNING*: The detected geometric gap/penetration is close to the pair  
 based pinball.  Please verify the pinball radius carefully.             
 *WARNING*: The initial penetration/gap is relatively large.  Bonded/no  
 separation option may cause an accuracy issue.  Switch to MPC           
 algorithm or you may use the CNCHECK,ADJUST/MORPH command to move the   
 contact nodes towards the target surface.                               
 ****************************************
  

 *** NOTE ***                            ELAPSED TIME =       9.901   TIME= 15:52:13
 Symmetric Deformable- deformable contact pair identified by real        
 constant set 618 and contact element type 617 has been set up.  The     
 companion pair has real constant set ID 617.  Both pairs should have    
 the same behavior.                                                      
 MAPDL will deactivate the current pair and keep its companion pair,     
 resulting in asymmetric contact.                                        
 Auto surface constraint is built
 Distributed constraint is built
 Contact algorithm: MPC based approach

 *** NOTE ***                            ELAPSED TIME =       9.901   TIME= 15:52:13
 Contact related postprocess items (ETABLE, pressure ...) are not        
 available.                                                              
 Contact detection at: nodal point (normal to target surface)
 *WARNING*: Smoothing on certain contact/target nodes (for example       
 81355) may have an accuracy issue.  You may switch contact and target   
 surfaces, or split the current pair into multiple pairs, or use Gauss   
 detection.                                                              
 MPC will be built internally to handle bonded contact.
 Average contact surface length               0.27161E-02
 Average contact pair depth                   0.18862E-02
 Average target surface length                0.82963E-03
 User defined pinball region PINB             0.30000E-03
 Default target edge extension factor TOLS     2.0000    
 Initial penetration/gap is excluded.
 Bonded contact (always) is defined.

 *** NOTE ***                            ELAPSED TIME =       9.902   TIME= 15:52:13
 Max.  Initial penetration 2.703636609E-04 was detected between contact  
 element 71050 and target element 70811.                                 
 You may move entire target surface by : x= -1.747143873E-04, y=         
 2.051795166E-04, z= -2.17429988E-05,to reduce initial penetration.      
 *WARNING*: The detected Max.  Penetration is close to the pair based    
 pinball.  Please verify the pinball radius carefully.                   
  
 Max.  Geometric gap 2.942540213E-04 has been detected between contact   
 element 71045 and target element 70809.                                 
 *WARNING*: The geometric gap/penetration may be too large.  Increase    
 pinball radius if it is a true geometric gap/penetration.  Decrease     
 pinball if it is a false one.                                           
 ****************************************
  

 *** NOTE ***                            ELAPSED TIME =       9.903   TIME= 15:52:13
 Symmetric Deformable- deformable contact pair identified by real        
 constant set 619 and contact element type 619 has been set up.  The     
 companion pair has real constant set ID 620.  Both pairs should have    
 the same behavior.                                                      
 MAPDL will keep the current pair and deactivate its companion pair,     
 resulting in asymmetric contact.                                        
 Auto surface constraint is built
 Distributed constraint is built
 Contact algorithm: MPC based approach

 *** NOTE ***                            ELAPSED TIME =       9.904   TIME= 15:52:13
 Contact related postprocess items (ETABLE, pressure ...) are not        
 available.                                                              
 Contact detection at: nodal point (normal to target surface)
 *WARNING*: Smoothing on certain contact/target nodes (for example       
 89208) may have an accuracy issue.  You may switch contact and target   
 surfaces, or split the current pair into multiple pairs, or use Gauss   
 detection.                                                              
 MPC will be built internally to handle bonded contact.
 *WARNING*: Certain contact elements (for example 71318&73324) overlap   
 each other.  Overconstraint may occur.                                  
 Average contact surface length               0.80061E-03
 Average contact pair depth                   0.40880E-03
 Average target surface length                0.27207E-02
 User defined pinball region PINB             0.30000E-03
 Default target edge extension factor TOLS     2.0000    
 Initial penetration/gap is excluded.
 Bonded contact (always) is defined.

 *** NOTE ***                            ELAPSED TIME =       9.905   TIME= 15:52:13
 Max.  Initial penetration 1.968519505E-04 was detected between contact  
 element 71256 and target element 71343.                                 
 You may move entire target surface by : x= -2.804499256E-05, y=         
 1.245245244E-04, z= -1.498593061E-04,to reduce initial penetration.     
 *WARNING*: The geometric gap/penetration may be too large.  Increase    
 pinball radius if it is a true geometric gap/penetration.  Decrease     
 pinball if it is a false one.                                           
 *WARNING*: The initial penetration/gap is relatively large.  Bonded/no  
 separation option may cause an accuracy issue.  Switch to MPC           
 algorithm or you may use the CNCHECK,ADJUST/MORPH command to move the   
 contact nodes towards the target surface.                               
 ****************************************
  

 *** NOTE ***                            ELAPSED TIME =       9.905   TIME= 15:52:13
 Symmetric Deformable- deformable contact pair identified by real        
 constant set 620 and contact element type 619 has been set up.  The     
 companion pair has real constant set ID 619.  Both pairs should have    
 the same behavior.                                                      
 MAPDL will deactivate the current pair and keep its companion pair,     
 resulting in asymmetric contact.                                        
 Auto surface constraint is built
 Distributed constraint is built
 Contact algorithm: MPC based approach

 *** NOTE ***                            ELAPSED TIME =       9.906   TIME= 15:52:13
 Contact related postprocess items (ETABLE, pressure ...) are not        
 available.                                                              
 Contact detection at: nodal point (normal to target surface)
 *WARNING*: Smoothing on certain contact/target nodes (for example       
 83015) may have an accuracy issue.  You may switch contact and target   
 surfaces, or split the current pair into multiple pairs, or use Gauss   
 detection.                                                              
 MPC will be built internally to handle bonded contact.
 Average contact surface length               0.28910E-02
 Average contact pair depth                   0.25141E-02
 Average target surface length                0.78186E-03
 User defined pinball region PINB             0.30000E-03
 Default target edge extension factor TOLS     2.0000    
 Initial penetration/gap is excluded.
 Bonded contact (always) is defined.

 *** NOTE ***                            ELAPSED TIME =       9.907   TIME= 15:52:13
 Max.  Initial penetration 2.153581414E-04 was detected between contact  
 element 71321 and target element 71142.                                 
 You may move entire target surface by : x= 2.753158633E-06, y=          
 1.546403347E-04, z= 1.498596545E-04,to reduce initial penetration.      
 *WARNING*: The geometric gap/penetration may be too large.  Increase    
 pinball radius if it is a true geometric gap/penetration.  Decrease     
 pinball if it is a false one.                                           
 ****************************************
  

 *** NOTE ***                            ELAPSED TIME =       9.907   TIME= 15:52:13
 Symmetric Deformable- deformable contact pair identified by real        
 constant set 621 and contact element type 621 has been set up.  The     
 companion pair has real constant set ID 622.  Both pairs should have    
 the same behavior.                                                      
 MAPDL will keep the current pair and deactivate its companion pair,     
 resulting in asymmetric contact.                                        
 Auto surface constraint is built
 Distributed constraint is built
 Contact algorithm: MPC based approach

 *** NOTE ***                            ELAPSED TIME =       9.908   TIME= 15:52:13
 Contact related postprocess items (ETABLE, pressure ...) are not        
 available.                                                              
 Contact detection at: nodal point (normal to target surface)
 *WARNING*: Smoothing on certain contact/target nodes (for example       
 89240) may have an accuracy issue.  You may switch contact and target   
 surfaces, or split the current pair into multiple pairs, or use Gauss   
 detection.                                                              
 MPC will be built internally to handle bonded contact.
 Average contact surface length               0.99459E-03
 Average contact pair depth                   0.51711E-03
 Average target surface length                0.27635E-02
 User defined pinball region PINB             0.30000E-03
 Default target edge extension factor TOLS     2.0000    
 Initial penetration/gap is excluded.
 Bonded contact (always) is defined.

 *** NOTE ***                            ELAPSED TIME =       9.909   TIME= 15:52:13
 Max.  Initial penetration 2.444347371E-04 was detected between contact  
 element 71451 and target element 71576.                                 
 You may move entire target surface by : x= 2.433884287E-04, y=          
 -2.923931692E-06, z= 2.240232413E-05,to reduce initial penetration.     
 *WARNING*: The geometric gap/penetration may be too large.  Increase    
 pinball radius if it is a true geometric gap/penetration.  Decrease     
 pinball if it is a false one.                                           
 *WARNING*: The initial penetration/gap is relatively large.  Bonded/no  
 separation option may cause an accuracy issue.  Switch to MPC           
 algorithm or you may use the CNCHECK,ADJUST/MORPH command to move the   
 contact nodes towards the target surface.                               
 ****************************************
  

 *** NOTE ***                            ELAPSED TIME =       9.910   TIME= 15:52:13
 Symmetric Deformable- deformable contact pair identified by real        
 constant set 622 and contact element type 621 has been set up.  The     
 companion pair has real constant set ID 621.  Both pairs should have    
 the same behavior.                                                      
 MAPDL will deactivate the current pair and keep its companion pair,     
 resulting in asymmetric contact.                                        
 Auto surface constraint is built
 Distributed constraint is built
 Contact algorithm: MPC based approach

 *** NOTE ***                            ELAPSED TIME =       9.910   TIME= 15:52:13
 Contact related postprocess items (ETABLE, pressure ...) are not        
 available.                                                              
 Contact detection at: nodal point (normal to target surface)
 *WARNING*: Smoothing on certain contact/target nodes (for example       
 84744) may have an accuracy issue.  You may switch contact and target   
 surfaces, or split the current pair into multiple pairs, or use Gauss   
 detection.                                                              
 MPC will be built internally to handle bonded contact.
 Average contact surface length               0.28011E-02
 Average contact pair depth                   0.16848E-02
 Average target surface length                0.96850E-03
 User defined pinball region PINB             0.30000E-03
 Default target edge extension factor TOLS     2.0000    
 Initial penetration/gap is excluded.
 Bonded contact (always) is defined.

 *** NOTE ***                            ELAPSED TIME =       9.911   TIME= 15:52:13
 Max.  Initial penetration 2.434797697E-04 was detected between contact  
 element 71551 and target element 71433.                                 
 You may move entire target surface by : x= -2.426576865E-04, y=         
 -8.008274322E-06, z= -1.831701369E-05,to reduce initial penetration.    
 *WARNING*: The geometric gap/penetration may be too large.  Increase    
 pinball radius if it is a true geometric gap/penetration.  Decrease     
 pinball if it is a false one.                                           
 ****************************************
  

 *** NOTE ***                            ELAPSED TIME =       9.912   TIME= 15:52:13
 Symmetric Deformable- deformable contact pair identified by real        
 constant set 623 and contact element type 623 has been set up.  The     
 companion pair has real constant set ID 624.  Both pairs should have    
 the same behavior.                                                      
 MAPDL will keep the current pair and deactivate its companion pair,     
 resulting in asymmetric contact.                                        
 Auto surface constraint is built
 Distributed constraint is built
 Contact algorithm: MPC based approach

 *** NOTE ***                            ELAPSED TIME =       9.912   TIME= 15:52:13
 Contact related postprocess items (ETABLE, pressure ...) are not        
 available.                                                              
 Contact detection at: nodal point (normal to target surface)
 *WARNING*: Smoothing on certain contact/target nodes (for example       
 89237) may have an accuracy issue.  You may switch contact and target   
 surfaces, or split the current pair into multiple pairs, or use Gauss   
 detection.                                                              
 MPC will be built internally to handle bonded contact.
 Average contact surface length               0.83436E-03
 Average contact pair depth                   0.40303E-03
 Average target surface length                0.25114E-02
 User defined pinball region PINB             0.30000E-03
 Default target edge extension factor TOLS     2.0000    
 Initial penetration/gap is excluded.
 Bonded contact (always) is defined.

 *** NOTE ***                            ELAPSED TIME =       9.913   TIME= 15:52:13
 Max.  Initial penetration 2.477936996E-04 was detected between contact  
 element 71725 and target element 71851.                                 
 You may move entire target surface by : x= 2.474030129E-04, y=          
 -4.611532243E-06, z= 1.312252045E-05,to reduce initial penetration.     
 *WARNING*: The geometric gap/penetration may be too large.  Increase    
 pinball radius if it is a true geometric gap/penetration.  Decrease     
 pinball if it is a false one.                                           
 *WARNING*: The initial penetration/gap is relatively large.  Bonded/no  
 separation option may cause an accuracy issue.  Switch to MPC           
 algorithm or you may use the CNCHECK,ADJUST/MORPH command to move the   
 contact nodes towards the target surface.                               
 ****************************************
  

 *** NOTE ***                            ELAPSED TIME =       9.914   TIME= 15:52:13
 Symmetric Deformable- deformable contact pair identified by real        
 constant set 624 and contact element type 623 has been set up.  The     
 companion pair has real constant set ID 623.  Both pairs should have    
 the same behavior.                                                      
 MAPDL will deactivate the current pair and keep its companion pair,     
 resulting in asymmetric contact.                                        
 Auto surface constraint is built
 Distributed constraint is built
 Contact algorithm: MPC based approach

 *** NOTE ***                            ELAPSED TIME =       9.915   TIME= 15:52:13
 Contact related postprocess items (ETABLE, pressure ...) are not        
 available.                                                              
 Contact detection at: nodal point (normal to target surface)
 *WARNING*: Smoothing on certain contact/target nodes (for example       
 86268) may have an accuracy issue.  You may switch contact and target   
 surfaces, or split the current pair into multiple pairs, or use Gauss   
 detection.                                                              
 MPC will be built internally to handle bonded contact.
 Average contact surface length               0.24796E-02
 Average contact pair depth                   0.16227E-02
 Average target surface length                0.81492E-03
 User defined pinball region PINB             0.30000E-03
 Default target edge extension factor TOLS     2.0000    
 Initial penetration/gap is excluded.
 Bonded contact (always) is defined.

 *** NOTE ***                            ELAPSED TIME =       9.915   TIME= 15:52:13
 Max.  Initial penetration 2.899800163E-04 was detected between contact  
 element 71807 and target element 71608.                                 
 You may move entire target surface by : x= -1.624566868E-04, y=         
 1.724300935E-04, z= 1.672246921E-04,to reduce initial penetration.      
 *WARNING*: The detected Max.  Penetration is close to the pair based    
 pinball.  Please verify the pinball radius carefully.                   
 *WARNING*: The geometric gap/penetration may be too large.  Increase    
 pinball radius if it is a true geometric gap/penetration.  Decrease     
 pinball if it is a false one.                                           
 ****************************************
  

 *** NOTE ***                            ELAPSED TIME =       9.916   TIME= 15:52:13
 Symmetric Deformable- deformable contact pair identified by real        
 constant set 625 and contact element type 625 has been set up.  The     
 companion pair has real constant set ID 626.  Both pairs should have    
 the same behavior.                                                      
 MAPDL will deactivate the current pair and keep its companion pair,     
 resulting in asymmetric contact.                                        
 Auto surface constraint is built
 Distributed constraint is built
 Contact algorithm: MPC based approach

 *** NOTE ***                            ELAPSED TIME =       9.917   TIME= 15:52:13
 Contact related postprocess items (ETABLE, pressure ...) are not        
 available.                                                              
 Contact detection at: nodal point (normal to target surface)
 MPC will be built internally to handle bonded contact.
 Average contact surface length               0.48207E-03
 Average contact pair depth                   0.18995E-03
 Average target surface length                0.46850E-03
 User defined pinball region PINB             0.30000E-03
 Default target edge extension factor TOLS     2.0000    
 Initial penetration/gap is excluded.
 Bonded contact (always) is defined.

 *** NOTE ***                            ELAPSED TIME =       9.917   TIME= 15:52:13
 Min.  Initial gap 2.019164893E-04 was detected between contact element  
 72221 and target element 72634.                                         
 Contact is detected due to initial settings.                            
  
 Max.  Geometric gap 2.228495663E-04 has been detected between contact   
 element 72572 and target element 72651.                                 
 *WARNING*: The geometric gap/penetration may be too large.  Increase    
 pinball radius if it is a true geometric gap/penetration.  Decrease     
 pinball if it is a false one.                                           
 *WARNING*: The initial penetration/gap is relatively large.  Bonded/no  
 separation option may cause an accuracy issue.  Switch to MPC           
 algorithm or you may use the CNCHECK,ADJUST/MORPH command to move the   
 contact nodes towards the target surface.                               
 ****************************************
  

 *** NOTE ***                            ELAPSED TIME =       9.918   TIME= 15:52:13
 Symmetric Deformable- deformable contact pair identified by real        
 constant set 626 and contact element type 625 has been set up.  The     
 companion pair has real constant set ID 625.  Both pairs should have    
 the same behavior.                                                      
 MAPDL will keep the current pair and deactivate its companion pair,     
 resulting in asymmetric contact.                                        
 Auto surface constraint is built
 Distributed constraint is built
 Contact algorithm: MPC based approach

 *** NOTE ***                            ELAPSED TIME =       9.919   TIME= 15:52:13
 Contact related postprocess items (ETABLE, pressure ...) are not        
 available.                                                              
 Contact detection at: nodal point (normal to target surface)
 MPC will be built internally to handle bonded contact.
 *WARNING*: Certain contact elements (for example 72617&70477) overlap   
 each other.  Overconstraint may occur.                                  
 Average contact surface length               0.52669E-03
 Average contact pair depth                   0.61736E-03
 Average target surface length                0.47788E-03
 User defined pinball region PINB             0.30000E-03
 Default target edge extension factor TOLS     2.0000    
 Initial penetration/gap is excluded.
 Bonded contact (always) is defined.

 *** NOTE ***                            ELAPSED TIME =       9.919   TIME= 15:52:13
 Min.  Initial gap 1.911814894E-04 was detected between contact element  
 72593 and target element 72214.                                         
 Contact is detected due to initial settings.                            
  
 Max.  Geometric gap 2.8372076E-04 has been detected between contact     
 element 72585 and target element 72209.                                 
 *WARNING*: The geometric gap/penetration may be too large.  Increase    
 pinball radius if it is a true geometric gap/penetration.  Decrease     
 pinball if it is a false one.                                           
 *WARNING*: The initial penetration/gap is relatively large.  Bonded/no  
 separation option may cause an accuracy issue.  Switch to MPC           
 algorithm or you may use the CNCHECK,ADJUST/MORPH command to move the   
 contact nodes towards the target surface.                               
 ****************************************
  

 *** NOTE ***                            ELAPSED TIME =       9.920   TIME= 15:52:13
 Symmetric Deformable- deformable contact pair identified by real        
 constant set 627 and contact element type 627 has been set up.  The     
 companion pair has real constant set ID 628.  Both pairs should have    
 the same behavior.                                                      
 MAPDL will deactivate the current pair and keep its companion pair,     
 resulting in asymmetric contact.                                        
 Auto surface constraint is built
 Distributed constraint is built
 Contact algorithm: MPC based approach

 *** NOTE ***                            ELAPSED TIME =       9.921   TIME= 15:52:13
 Contact related postprocess items (ETABLE, pressure ...) are not        
 available.                                                              
 Contact detection at: nodal point (normal to target surface)
 MPC will be built internally to handle bonded contact.
 Average contact surface length               0.51099E-03
 Average contact pair depth                   0.19558E-03
 Average target surface length                0.46911E-03
 User defined pinball region PINB             0.30000E-03
 Default target edge extension factor TOLS     2.0000    
 Initial penetration/gap is excluded.
 Bonded contact (always) is defined.

 *** NOTE ***                            ELAPSED TIME =       9.921   TIME= 15:52:13
 Min.  Initial gap 2.01922911E-04 was detected between contact element   
 72979 and target element 73359.                                         
 Contact is detected due to initial settings.                            
  
 Max.  Geometric gap 2.228569971E-04 has been detected between contact   
 element 73284 and target element 73363.                                 
 *WARNING*: The geometric gap/penetration may be too large.  Increase    
 pinball radius if it is a true geometric gap/penetration.  Decrease     
 pinball if it is a false one.                                           
 *WARNING*: The initial penetration/gap is relatively large.  Bonded/no  
 separation option may cause an accuracy issue.  Switch to MPC           
 algorithm or you may use the CNCHECK,ADJUST/MORPH command to move the   
 contact nodes towards the target surface.                               
 ****************************************
  

 *** NOTE ***                            ELAPSED TIME =       9.922   TIME= 15:52:13
 Symmetric Deformable- deformable contact pair identified by real        
 constant set 628 and contact element type 627 has been set up.  The     
 companion pair has real constant set ID 627.  Both pairs should have    
 the same behavior.                                                      
 MAPDL will keep the current pair and deactivate its companion pair,     
 resulting in asymmetric contact.                                        
 Auto surface constraint is built
 Distributed constraint is built
 Contact algorithm: MPC based approach

 *** NOTE ***                            ELAPSED TIME =       9.923   TIME= 15:52:13
 Contact related postprocess items (ETABLE, pressure ...) are not        
 available.                                                              
 Contact detection at: nodal point (normal to target surface)
 MPC will be built internally to handle bonded contact.
 *WARNING*: Certain contact elements (for example 73329&71278) overlap   
 each other.  Overconstraint may occur.                                  
 Average contact surface length               0.51388E-03
 Average contact pair depth                   0.54198E-03
 Average target surface length                0.50944E-03
 User defined pinball region PINB             0.30000E-03
 Default target edge extension factor TOLS     2.0000    
 Initial penetration/gap is excluded.
 Bonded contact (always) is defined.

 *** NOTE ***                            ELAPSED TIME =       9.924   TIME= 15:52:13
 Min.  Initial gap 1.91184411E-04 was detected between contact element   
 73306 and target element 72971.                                         
 Contact is detected due to initial settings.                            
  
 Max.  Geometric gap 2.954608942E-04 has been detected between contact   
 element 73293 and target element 72658.                                 
 *WARNING*: The geometric gap/penetration may be too large.  Increase    
 pinball radius if it is a true geometric gap/penetration.  Decrease     
 pinball if it is a false one.                                           
 *WARNING*: The initial penetration/gap is relatively large.  Bonded/no  
 separation option may cause an accuracy issue.  Switch to MPC           
 algorithm or you may use the CNCHECK,ADJUST/MORPH command to move the   
 contact nodes towards the target surface.                               
 ****************************************
  

 *** WARNING ***                         ELAPSED TIME =       9.925   TIME= 15:52:13
 Overconstraint may occur for Lagrange multiplier or MPC based contact   
 algorithm.                                                              
 The reasons for possible overconstraint are:                            

 *** WARNING ***                         ELAPSED TIME =       9.925   TIME= 15:52:13
 Certain contact elements (for example 73329 & 71278) overlap with       
 other.                                                                  
 ****************************************
  
  


 *** WARNING ***                         ELAPSED TIME =      11.660   TIME= 15:52:15
 Multiple constraints have been applied on degree of freedom 1 of        
 contact node 75066 (may be more nodes).  The program will remove        
 certain internal MPCs.  Please check the model carefully.               
  
 The FEA model contains 0 external CE equations and 40605 internal CE    
 equations.                                                              
  
 *************************************************
  SUMMARY FOR CONTACT PAIR IDENTIFIED BY REAL CONSTANT SET         209
 Max.  Penetration of 0 has been detected between contact element 55199  
 and target element 55200.                                               
  
 Max.  Geometrical gap of 1.084202172E-19 has been detected between      
 contact element 55199 and target element 55200.                         
  
 Max.  Geometrical penetration of -1.084202172E-19 has been detected     
 between contact element 55199 and target element 55200.                 
 For total 1 contact elements, there are 1 elements are in contact.      
 There are 1 elements are in sticking.                                   
 Max.  Pinball distance 3.E-04.                                          
 One of the contact searching regions contains at least 2 target         
 elements.                                                               
 *************************************************
  
 *************************************************
  SUMMARY FOR CONTACT PAIR IDENTIFIED BY REAL CONSTANT SET         211
 Max.  Penetration of 0 has been detected between contact element 55202  
 and target element 55204.                                               
  
 Max.  Geometrical gap of 5.421010862E-20 has been detected between      
 contact element 55202 and target element 55204.                         
  
 Max.  Geometrical penetration of -5.421010862E-20 has been detected     
 between contact element 55202 and target element 55204.                 
 For total 1 contact elements, there are 1 elements are in contact.      
 There are 1 elements are in sticking.                                   
 Max.  Pinball distance 3.E-04.                                          
 One of the contact searching regions contains at least 2 target         
 elements.                                                               
 *************************************************
  
 *************************************************
  SUMMARY FOR CONTACT PAIR IDENTIFIED BY REAL CONSTANT SET         213
 Max.  Penetration of 0 has been detected between contact element 55205  
 and target element 55207.                                               
  
 Max.  Geometrical gap of 8.131516294E-20 has been detected between      
 contact element 55205 and target element 55209.                         
  
 Max.  Geometrical penetration of -5.421010862E-20 has been detected     
 between contact element 55205 and target element 55209.                 
 For total 1 contact elements, there are 1 elements are in contact.      
 There are 1 elements are in sticking.                                   
 Max.  Pinball distance 3.E-04.                                          
 One of the contact searching regions contains at least 5 target         
 elements.                                                               
 *************************************************
  
 *************************************************
  SUMMARY FOR CONTACT PAIR IDENTIFIED BY REAL CONSTANT SET         215
 Max.  Penetration of 0 has been detected between contact element 55211  
 and target element 55213.                                               
  
 Max.  Geometrical gap of 1.084202172E-19 has been detected between      
 contact element 55211 and target element 55212.                         
  
 Max.  Geometrical penetration of -1.084202172E-19 has been detected     
 between contact element 55211 and target element 55212.                 
 For total 1 contact elements, there are 1 elements are in contact.      
 There are 1 elements are in sticking.                                   
 Max.  Pinball distance 3.E-04.                                          
 One of the contact searching regions contains at least 2 target         
 elements.                                                               
 *************************************************
  
 *************************************************
  SUMMARY FOR CONTACT PAIR IDENTIFIED BY REAL CONSTANT SET         217
 Max.  Penetration of 0 has been detected between contact element 55214  
 and target element 55215.                                               
  
 Max.  Geometrical gap of 5.421010862E-20 has been detected between      
 contact element 55214 and target element 55215.                         
  
 Max.  Geometrical penetration of -1.084202172E-19 has been detected     
 between contact element 55214 and target element 55215.                 
 For total 1 contact elements, there are 1 elements are in contact.      
 There are 1 elements are in sticking.                                   
 Max.  Pinball distance 3.E-04.                                          
 One of the contact searching regions contains at least 1 target         
 elements.                                                               
 *************************************************
  
 *************************************************
  SUMMARY FOR CONTACT PAIR IDENTIFIED BY REAL CONSTANT SET         219
 Max.  Penetration of 0 has been detected between contact element 55216  
 and target element 55218.                                               
  
 Max.  Geometrical gap of 1.084202172E-19 has been detected between      
 contact element 55216 and target element 55218.                         
  
 Max.  Geometrical penetration of -1.084202172E-19 has been detected     
 between contact element 55216 and target element 55218.                 
 For total 1 contact elements, there are 1 elements are in contact.      
 There are 1 elements are in sticking.                                   
 Max.  Pinball distance 3.E-04.                                          
 One of the contact searching regions contains at least 2 target         
 elements.                                                               
 *************************************************
  
 *************************************************
  SUMMARY FOR CONTACT PAIR IDENTIFIED BY REAL CONSTANT SET         221
 Max.  Penetration of 0 has been detected between contact element 55219  
 and target element 55220.                                               
  
 Max.  Geometrical gap of 1.084202172E-19 has been detected between      
 contact element 55219 and target element 55221.                         
  
 Max.  Geometrical penetration of -1.084202172E-19 has been detected     
 between contact element 55219 and target element 55221.                 
 For total 1 contact elements, there are 1 elements are in contact.      
 There are 1 elements are in sticking.                                   
 Max.  Pinball distance 3.E-04.                                          
 One of the contact searching regions contains at least 2 target         
 elements.                                                               
 *************************************************
  
 *************************************************
  SUMMARY FOR CONTACT PAIR IDENTIFIED BY REAL CONSTANT SET         223
 Max.  Penetration of 0 has been detected between contact element 55222  
 and target element 55223.                                               
  
 Max.  Geometrical gap of 1.084202172E-19 has been detected between      
 contact element 55222 and target element 55223.                         
  
 Max.  Geometrical penetration of -1.084202172E-19 has been detected     
 between contact element 55222 and target element 55223.                 
 For total 1 contact elements, there are 1 elements are in contact.      
 There are 1 elements are in sticking.                                   
 Max.  Pinball distance 3.E-04.                                          
 One of the contact searching regions contains at least 4 target         
 elements.                                                               
 *************************************************
  
 *************************************************
  SUMMARY FOR CONTACT PAIR IDENTIFIED BY REAL CONSTANT SET         225
 Max.  Penetration of 0 has been detected between contact element 55227  
 and target element 55228.                                               
  
 Max.  Geometrical gap of 1.626303259E-19 has been detected between      
 contact element 55227 and target element 55228.                         
  
 Max.  Geometrical penetration of -1.084202172E-19 has been detected     
 between contact element 55227 and target element 55228.                 
 For total 1 contact elements, there are 1 elements are in contact.      
 There are 1 elements are in sticking.                                   
 Max.  Pinball distance 3.E-04.                                          
 One of the contact searching regions contains at least 1 target         
 elements.                                                               
 *************************************************
  
 *************************************************
  SUMMARY FOR CONTACT PAIR IDENTIFIED BY REAL CONSTANT SET         227
 Max.  Penetration of 0 has been detected between contact element 55229  
 and target element 55230.                                               
  
 Max.  Geometrical gap of 1.626303259E-19 has been detected between      
 contact element 55229 and target element 55230.                         
  
 Max.  Geometrical penetration of -1.084202172E-19 has been detected     
 between contact element 55229 and target element 55230.                 
 For total 1 contact elements, there are 1 elements are in contact.      
 There are 1 elements are in sticking.                                   
 Max.  Pinball distance 3.E-04.                                          
 One of the contact searching regions contains at least 2 target         
 elements.                                                               
 *************************************************
  
 *************************************************
  SUMMARY FOR CONTACT PAIR IDENTIFIED BY REAL CONSTANT SET         229
 Max.  Penetration of 0 has been detected between contact element 55232  
 and target element 55233.                                               
  
 Max.  Geometrical gap of 1.084202172E-19 has been detected between      
 contact element 55232 and target element 55233.                         
  
 Max.  Geometrical penetration of -1.626303259E-19 has been detected     
 between contact element 55232 and target element 55233.                 
 For total 1 contact elements, there are 1 elements are in contact.      
 There are 1 elements are in sticking.                                   
 Max.  Pinball distance 3.E-04.                                          
 One of the contact searching regions contains at least 2 target         
 elements.                                                               
 *************************************************
  
 *************************************************
  SUMMARY FOR CONTACT PAIR IDENTIFIED BY REAL CONSTANT SET         231
 Max.  Penetration of 0 has been detected between contact element 55235  
 and target element 55236.                                               
  
 Max.  Geometrical gap of 6.776263578E-20 has been detected between      
 contact element 55235 and target element 55237.                         
  
 Max.  Geometrical penetration of -1.355252716E-19 has been detected     
 between contact element 55235 and target element 55237.                 
 For total 1 contact elements, there are 1 elements are in contact.      
 There are 1 elements are in sticking.                                   
 Max.  Pinball distance 3.E-04.                                          
 One of the contact searching regions contains at least 2 target         
 elements.                                                               
 *************************************************
  
 *************************************************
  SUMMARY FOR CONTACT PAIR IDENTIFIED BY REAL CONSTANT SET         233
 Max.  Penetration of 0 has been detected between contact element 55238  
 and target element 55239.                                               
  
 Max.  Geometrical gap of 1.084202172E-19 has been detected between      
 contact element 55238 and target element 55239.                         
  
 Max.  Geometrical penetration of -8.131516294E-20 has been detected     
 between contact element 55238 and target element 55239.                 
 For total 1 contact elements, there are 1 elements are in contact.      
 There are 1 elements are in sticking.                                   
 Max.  Pinball distance 3.E-04.                                          
 One of the contact searching regions contains at least 1 target         
 elements.                                                               
 *************************************************
  
 *************************************************
  SUMMARY FOR CONTACT PAIR IDENTIFIED BY REAL CONSTANT SET         235
 Max.  Penetration of 0 has been detected between contact element 55240  
 and target element 55242.                                               
  
 Max.  Geometrical gap of 5.421010862E-20 has been detected between      
 contact element 55240 and target element 55242.                         
  
 Max.  Geometrical penetration of -1.084202172E-19 has been detected     
 between contact element 55240 and target element 55242.                 
 For total 1 contact elements, there are 1 elements are in contact.      
 There are 1 elements are in sticking.                                   
 Max.  Pinball distance 3.E-04.                                          
 One of the contact searching regions contains at least 2 target         
 elements.                                                               
 *************************************************
  
 *************************************************
  SUMMARY FOR CONTACT PAIR IDENTIFIED BY REAL CONSTANT SET         237
 Max.  Penetration of 0 has been detected between contact element 55243  
 and target element 55244.                                               
  
 Max.  Geometrical gap of 1.121514432E-34 has been detected between      
 contact element 55243 and target element 55244.                         
  
 Max.  Geometrical penetration of -2.168404345E-19 has been detected     
 between contact element 55243 and target element 55244.                 
 For total 1 contact elements, there are 1 elements are in contact.      
 There are 1 elements are in sticking.                                   
 Max.  Pinball distance 3.E-04.                                          
 One of the contact searching regions contains at least 1 target         
 elements.                                                               
 *************************************************
  
 *************************************************
  SUMMARY FOR CONTACT PAIR IDENTIFIED BY REAL CONSTANT SET         239
 Max.  Penetration of 0 has been detected between contact element 55245  
 and target element 55247.                                               
  
 Max.  Geometrical gap of 5.421010862E-20 has been detected between      
 contact element 55245 and target element 55247.                         
  
 Max.  Geometrical penetration of -1.084202172E-19 has been detected     
 between contact element 55245 and target element 55247.                 
 For total 1 contact elements, there are 1 elements are in contact.      
 There are 1 elements are in sticking.                                   
 Max.  Pinball distance 3.E-04.                                          
 One of the contact searching regions contains at least 2 target         
 elements.                                                               
 *************************************************
  
 *************************************************
  SUMMARY FOR CONTACT PAIR IDENTIFIED BY REAL CONSTANT SET         241
 Max.  Penetration of 0 has been detected between contact element 55248  
 and target element 55249.                                               
  
 Max.  Geometrical gap of 5.421010862E-20 has been detected between      
 contact element 55248 and target element 55249.                         
  
 Max.  Geometrical penetration of -1.626303259E-19 has been detected     
 between contact element 55248 and target element 55249.                 
 For total 1 contact elements, there are 1 elements are in contact.      
 There are 1 elements are in sticking.                                   
 Max.  Pinball distance 3.E-04.                                          
 One of the contact searching regions contains at least 2 target         
 elements.                                                               
 *************************************************
  
 *************************************************
  SUMMARY FOR CONTACT PAIR IDENTIFIED BY REAL CONSTANT SET         243
 Max.  Penetration of 0 has been detected between contact element 55251  
 and target element 55253.                                               
  
 Max.  Geometrical gap of 1.084202172E-19 has been detected between      
 contact element 55251 and target element 55252.                         
  
 Max.  Geometrical penetration of -5.421010862E-20 has been detected     
 between contact element 55251 and target element 55252.                 
 For total 1 contact elements, there are 1 elements are in contact.      
 There are 1 elements are in sticking.                                   
 Max.  Pinball distance 3.E-04.                                          
 One of the contact searching regions contains at least 3 target         
 elements.                                                               
 *************************************************
  
 *************************************************
  SUMMARY FOR CONTACT PAIR IDENTIFIED BY REAL CONSTANT SET         245
 Max.  Penetration of 0 has been detected between contact element 55255  
 and target element 55256.                                               
  
 Max.  Geometrical gap of 1.084202172E-19 has been detected between      
 contact element 55255 and target element 55256.                         
  
 Max.  Geometrical penetration of -5.421010862E-20 has been detected     
 between contact element 55255 and target element 55256.                 
 For total 1 contact elements, there are 1 elements are in contact.      
 There are 1 elements are in sticking.                                   
 Max.  Pinball distance 3.E-04.                                          
 One of the contact searching regions contains at least 1 target         
 elements.                                                               
 *************************************************
  
 *************************************************
  SUMMARY FOR CONTACT PAIR IDENTIFIED BY REAL CONSTANT SET         247
 Max.  Penetration of 0 has been detected between contact element 55257  
 and target element 55258.                                               
  
 Max.  Geometrical gap of 1.626303259E-19 has been detected between      
 contact element 55257 and target element 55258.                         
  
 Max.  Geometrical penetration of -1.626303259E-19 has been detected     
 between contact element 55257 and target element 55258.                 
 For total 1 contact elements, there are 1 elements are in contact.      
 There are 1 elements are in sticking.                                   
 Max.  Pinball distance 3.E-04.                                          
 One of the contact searching regions contains at least 2 target         
 elements.                                                               
 *************************************************
  
 *************************************************
  SUMMARY FOR CONTACT PAIR IDENTIFIED BY REAL CONSTANT SET         249
 Max.  Penetration of 0 has been detected between contact element 55260  
 and target element 55262.                                               
  
 Max.  Geometrical gap of 5.421010862E-20 has been detected between      
 contact element 55260 and target element 55264.                         
  
 Max.  Geometrical penetration of -1.084202172E-19 has been detected     
 between contact element 55260 and target element 55264.                 
 For total 1 contact elements, there are 1 elements are in contact.      
 There are 1 elements are in sticking.                                   
 Max.  Pinball distance 3.E-04.                                          
 One of the contact searching regions contains at least 7 target         
 elements.                                                               
 *************************************************
  
 *************************************************
  SUMMARY FOR CONTACT PAIR IDENTIFIED BY REAL CONSTANT SET         251
 Max.  Penetration of 0 has been detected between contact element 55270  
 and target element 55271.                                               
  
 Max.  Geometrical gap of 1.084202172E-19 has been detected between      
 contact element 55270 and target element 55273.                         
  
 Max.  Geometrical penetration of -1.084202172E-19 has been detected     
 between contact element 55270 and target element 55273.                 
 For total 1 contact elements, there are 1 elements are in contact.      
 There are 1 elements are in sticking.                                   
 Max.  Pinball distance 3.E-04.                                          
 One of the contact searching regions contains at least 3 target         
 elements.                                                               
 *************************************************
  
 *************************************************
  SUMMARY FOR CONTACT PAIR IDENTIFIED BY REAL CONSTANT SET         253
 Max.  Penetration of 0 has been detected between contact element 55274  
 and target element 55276.                                               
  
 Max.  Geometrical gap of 1.084202172E-19 has been detected between      
 contact element 55274 and target element 55276.                         
  
 Max.  Geometrical penetration of -1.084202172E-19 has been detected     
 between contact element 55274 and target element 55276.                 
 For total 1 contact elements, there are 1 elements are in contact.      
 There are 1 elements are in sticking.                                   
 Max.  Pinball distance 3.E-04.                                          
 One of the contact searching regions contains at least 4 target         
 elements.                                                               
 *************************************************
  
 *************************************************
  SUMMARY FOR CONTACT PAIR IDENTIFIED BY REAL CONSTANT SET         255
 Max.  Penetration of 0 has been detected between contact element 55279  
 and target element 55280.                                               
  
 Max.  Geometrical gap of 1.219727444E-19 has been detected between      
 contact element 55279 and target element 55280.                         
  
 Max.  Geometrical penetration of -5.421010862E-20 has been detected     
 between contact element 55279 and target element 55280.                 
 For total 1 contact elements, there are 1 elements are in contact.      
 There are 1 elements are in sticking.                                   
 Max.  Pinball distance 3.E-04.                                          
 One of the contact searching regions contains at least 2 target         
 elements.                                                               
 *************************************************
  
 *************************************************
  SUMMARY FOR CONTACT PAIR IDENTIFIED BY REAL CONSTANT SET         257
 Max.  Penetration of 0 has been detected between contact element 55282  
 and target element 55284.                                               
  
 Max.  Geometrical gap of 5.421010862E-20 has been detected between      
 contact element 55282 and target element 55284.                         
  
 Max.  Geometrical penetration of -1.084202172E-19 has been detected     
 between contact element 55282 and target element 55284.                 
 For total 1 contact elements, there are 1 elements are in contact.      
 There are 1 elements are in sticking.                                   
 Max.  Pinball distance 3.E-04.                                          
 One of the contact searching regions contains at least 3 target         
 elements.                                                               
 *************************************************
  
 *************************************************
  SUMMARY FOR CONTACT PAIR IDENTIFIED BY REAL CONSTANT SET         259
 Max.  Penetration of 0 has been detected between contact element 55286  
 and target element 55287.                                               
  
 Max.  Geometrical gap of 8.131516294E-20 has been detected between      
 contact element 55286 and target element 55287.                         
  
 Max.  Geometrical penetration of -1.626303259E-19 has been detected     
 between contact element 55286 and target element 55287.                 
 For total 1 contact elements, there are 1 elements are in contact.      
 There are 1 elements are in sticking.                                   
 Max.  Pinball distance 3.E-04.                                          
 One of the contact searching regions contains at least 2 target         
 elements.                                                               
 *************************************************
  
 *************************************************
  SUMMARY FOR CONTACT PAIR IDENTIFIED BY REAL CONSTANT SET         261
 Max.  Penetration of 0 has been detected between contact element 55289  
 and target element 55292.                                               
  
 Max.  Geometrical gap of 2.710505431E-20 has been detected between      
 contact element 55289 and target element 55290.                         
  
 Max.  Geometrical penetration of -5.421010862E-20 has been detected     
 between contact element 55289 and target element 55290.                 
 For total 1 contact elements, there are 1 elements are in contact.      
 There are 1 elements are in sticking.                                   
 Max.  Pinball distance 3.E-04.                                          
 One of the contact searching regions contains at least 4 target         
 elements.                                                               
 *************************************************
  
 *************************************************
  SUMMARY FOR CONTACT PAIR IDENTIFIED BY REAL CONSTANT SET         263
 Max.  Penetration of 0 has been detected between contact element 55294  
 and target element 55296.                                               
  
 Max.  Geometrical gap of 1.084202172E-19 has been detected between      
 contact element 55294 and target element 55296.                         
  
 Max.  Geometrical penetration of -1.084202172E-19 has been detected     
 between contact element 55294 and target element 55296.                 
 For total 1 contact elements, there are 1 elements are in contact.      
 There are 1 elements are in sticking.                                   
 Max.  Pinball distance 3.E-04.                                          
 One of the contact searching regions contains at least 3 target         
 elements.                                                               
 *************************************************
  
 *************************************************
  SUMMARY FOR CONTACT PAIR IDENTIFIED BY REAL CONSTANT SET         265
 Max.  Penetration of 0 has been detected between contact element 55298  
 and target element 55300.                                               
  
 Max.  Geometrical gap of 1.355252716E-19 has been detected between      
 contact element 55298 and target element 55300.                         
  
 Max.  Geometrical penetration of -1.626303259E-19 has been detected     
 between contact element 55298 and target element 55300.                 
 For total 1 contact elements, there are 1 elements are in contact.      
 There are 1 elements are in sticking.                                   
 Max.  Pinball distance 3.E-04.                                          
 One of the contact searching regions contains at least 2 target         
 elements.                                                               
 *************************************************
  
 *************************************************
  SUMMARY FOR CONTACT PAIR IDENTIFIED BY REAL CONSTANT SET         267
 Max.  Penetration of 0 has been detected between contact element 55301  
 and target element 55303.                                               
  
 Max.  Geometrical gap of 1.084202172E-19 has been detected between      
 contact element 55301 and target element 55303.                         
  
 Max.  Geometrical penetration of -5.421010862E-20 has been detected     
 between contact element 55301 and target element 55303.                 
 For total 1 contact elements, there are 1 elements are in contact.      
 There are 1 elements are in sticking.                                   
 Max.  Pinball distance 3.E-04.                                          
 One of the contact searching regions contains at least 3 target         
 elements.                                                               
 *************************************************
  
 *************************************************
  SUMMARY FOR CONTACT PAIR IDENTIFIED BY REAL CONSTANT SET         269
 Max.  Penetration of 0 has been detected between contact element 55305  
 and target element 55306.                                               
  
 Max.  Geometrical gap of 1.084202172E-19 has been detected between      
 contact element 55305 and target element 55306.                         
  
 Max.  Geometrical penetration of -1.626303259E-19 has been detected     
 between contact element 55305 and target element 55306.                 
 For total 1 contact elements, there are 1 elements are in contact.      
 There are 1 elements are in sticking.                                   
 Max.  Pinball distance 3.E-04.                                          
 One of the contact searching regions contains at least 2 target         
 elements.                                                               
 *************************************************
  
 *************************************************
  SUMMARY FOR CONTACT PAIR IDENTIFIED BY REAL CONSTANT SET         271
 Max.  Penetration of 0 has been detected between contact element 55308  
 and target element 55315.                                               
  
 Max.  Geometrical gap of 1.084202172E-19 has been detected between      
 contact element 55308 and target element 55311.                         
  
 Max.  Geometrical penetration of -1.28749008E-19 has been detected      
 between contact element 55308 and target element 55311.                 
 For total 1 contact elements, there are 1 elements are in contact.      
 There are 1 elements are in sticking.                                   
 Max.  Pinball distance 3.E-04.                                          
 One of the contact searching regions contains at least 5 target         
 elements.                                                               
 *************************************************
  
 *************************************************
  SUMMARY FOR CONTACT PAIR IDENTIFIED BY REAL CONSTANT SET         273
 Max.  Penetration of 0 has been detected between contact element 55316  
 and target element 55318.                                               
  
 Max.  Geometrical gap of 1.626303259E-19 has been detected between      
 contact element 55316 and target element 55318.                         
  
 Max.  Geometrical penetration of -8.131516294E-20 has been detected     
 between contact element 55316 and target element 55318.                 
 For total 1 contact elements, there are 1 elements are in contact.      
 There are 1 elements are in sticking.                                   
 Max.  Pinball distance 3.E-04.                                          
 One of the contact searching regions contains at least 2 target         
 elements.                                                               
 *************************************************
  
 *************************************************
  SUMMARY FOR CONTACT PAIR IDENTIFIED BY REAL CONSTANT SET         275
 Max.  Penetration of 0 has been detected between contact element 55319  
 and target element 55321.                                               
  
 Max.  Geometrical gap of 9.486769009E-20 has been detected between      
 contact element 55319 and target element 55320.                         
  
 Max.  Geometrical penetration of -8.131516294E-20 has been detected     
 between contact element 55319 and target element 55320.                 
 For total 1 contact elements, there are 1 elements are in contact.      
 There are 1 elements are in sticking.                                   
 Max.  Pinball distance 3.E-04.                                          
 One of the contact searching regions contains at least 2 target         
 elements.                                                               
 *************************************************
  
 *************************************************
  SUMMARY FOR CONTACT PAIR IDENTIFIED BY REAL CONSTANT SET         277
 Max.  Penetration of 0 has been detected between contact element 55322  
 and target element 55323.                                               
  
 Max.  Geometrical gap of 5.421010862E-20 has been detected between      
 contact element 55322 and target element 55323.                         
  
 Max.  Geometrical penetration of -5.421010862E-20 has been detected     
 between contact element 55322 and target element 55323.                 
 For total 1 contact elements, there are 1 elements are in contact.      
 There are 1 elements are in sticking.                                   
 Max.  Pinball distance 3.E-04.                                          
 One of the contact searching regions contains at least 2 target         
 elements.                                                               
 *************************************************
  
 *************************************************
  SUMMARY FOR CONTACT PAIR IDENTIFIED BY REAL CONSTANT SET         279
 Max.  Penetration of 0 has been detected between contact element 55325  
 and target element 55327.                                               
  
 Max.  Geometrical gap of 1.084202172E-19 has been detected between      
 contact element 55325 and target element 55327.                         
  
 Max.  Geometrical penetration of -8.131516294E-20 has been detected     
 between contact element 55325 and target element 55327.                 
 For total 1 contact elements, there are 1 elements are in contact.      
 There are 1 elements are in sticking.                                   
 Max.  Pinball distance 3.E-04.                                          
 One of the contact searching regions contains at least 2 target         
 elements.                                                               
 *************************************************
  
 *************************************************
  SUMMARY FOR CONTACT PAIR IDENTIFIED BY REAL CONSTANT SET         281
 Max.  Penetration of 0 has been detected between contact element 55328  
 and target element 55329.                                               
  
 Max.  Geometrical gap of 1.084202172E-19 has been detected between      
 contact element 55328 and target element 55329.                         
  
 Max.  Geometrical penetration of -5.421010862E-20 has been detected     
 between contact element 55328 and target element 55329.                 
 For total 1 contact elements, there are 1 elements are in contact.      
 There are 1 elements are in sticking.                                   
 Max.  Pinball distance 3.E-04.                                          
 One of the contact searching regions contains at least 1 target         
 elements.                                                               
 *************************************************
  
 *************************************************
  SUMMARY FOR CONTACT PAIR IDENTIFIED BY REAL CONSTANT SET         283
 Max.  Penetration of 0 has been detected between contact element 55330  
 and target element 55332.                                               
  
 Max.  Geometrical gap of 1.084202172E-19 has been detected between      
 contact element 55330 and target element 55333.                         
  
 Max.  Geometrical penetration of -1.626303259E-19 has been detected     
 between contact element 55330 and target element 55333.                 
 For total 1 contact elements, there are 1 elements are in contact.      
 There are 1 elements are in sticking.                                   
 Max.  Pinball distance 3.E-04.                                          
 One of the contact searching regions contains at least 5 target         
 elements.                                                               
 *************************************************
  
 *************************************************
  SUMMARY FOR CONTACT PAIR IDENTIFIED BY REAL CONSTANT SET         285
 Max.  Penetration of 0 has been detected between contact element 55336  
 and target element 55338.                                               
  
 Max.  Geometrical gap of 1.084202172E-19 has been detected between      
 contact element 55336 and target element 55338.                         
  
 Max.  Geometrical penetration of -1.084202172E-19 has been detected     
 between contact element 55336 and target element 55338.                 
 For total 1 contact elements, there are 1 elements are in contact.      
 There are 1 elements are in sticking.                                   
 Max.  Pinball distance 3.E-04.                                          
 One of the contact searching regions contains at least 3 target         
 elements.                                                               
 *************************************************
  
 *************************************************
  SUMMARY FOR CONTACT PAIR IDENTIFIED BY REAL CONSTANT SET         287
 Max.  Penetration of 0 has been detected between contact element 55340  
 and target element 55341.                                               
  
 Max.  Geometrical gap of 2.710505431E-20 has been detected between      
 contact element 55340 and target element 55341.                         
  
 Max.  Geometrical penetration of -1.084202172E-19 has been detected     
 between contact element 55340 and target element 55341.                 
 For total 1 contact elements, there are 1 elements are in contact.      
 There are 1 elements are in sticking.                                   
 Max.  Pinball distance 3.E-04.                                          
 One of the contact searching regions contains at least 3 target         
 elements.                                                               
 *************************************************
  
 *************************************************
  SUMMARY FOR CONTACT PAIR IDENTIFIED BY REAL CONSTANT SET         289
 Max.  Penetration of 0 has been detected between contact element 55344  
 and target element 55345.                                               
  
 Max.  Geometrical gap of 1.084202172E-19 has been detected between      
 contact element 55344 and target element 55346.                         
  
 Max.  Geometrical penetration of -2.168404345E-19 has been detected     
 between contact element 55344 and target element 55346.                 
 For total 1 contact elements, there are 1 elements are in contact.      
 There are 1 elements are in sticking.                                   
 Max.  Pinball distance 3.E-04.                                          
 One of the contact searching regions contains at least 2 target         
 elements.                                                               
 *************************************************
  
 *************************************************
  SUMMARY FOR CONTACT PAIR IDENTIFIED BY REAL CONSTANT SET         291
 Max.  Penetration of 0 has been detected between contact element 55347  
 and target element 55348.                                               
  
 Max.  Geometrical gap of 1.084202172E-19 has been detected between      
 contact element 55347 and target element 55348.                         
  
 Max.  Geometrical penetration of -1.626303259E-19 has been detected     
 between contact element 55347 and target element 55348.                 
 For total 1 contact elements, there are 1 elements are in contact.      
 There are 1 elements are in sticking.                                   
 Max.  Pinball distance 3.E-04.                                          
 One of the contact searching regions contains at least 1 target         
 elements.                                                               
 *************************************************
  
 *************************************************
  SUMMARY FOR CONTACT PAIR IDENTIFIED BY REAL CONSTANT SET         293
 Max.  Penetration of 0 has been detected between contact element 55349  
 and target element 55352.                                               
  
 Max.  Geometrical gap of 1.343529947E-34 has been detected between      
 contact element 55349 and target element 55352.                         
  
 Max.  Geometrical penetration of -1.355252716E-19 has been detected     
 between contact element 55349 and target element 55352.                 
 For total 1 contact elements, there are 1 elements are in contact.      
 There are 1 elements are in sticking.                                   
 Max.  Pinball distance 3.E-04.                                          
 One of the contact searching regions contains at least 3 target         
 elements.                                                               
 *************************************************
  
 *************************************************
  SUMMARY FOR CONTACT PAIR IDENTIFIED BY REAL CONSTANT SET         295
 Max.  Penetration of 0 has been detected between contact element 55353  
 and target element 55355.                                               
  
 Max.  Geometrical gap of 1.084202172E-19 has been detected between      
 contact element 55353 and target element 55356.                         
  
 Max.  Geometrical penetration of -1.084202172E-19 has been detected     
 between contact element 55353 and target element 55356.                 
 For total 1 contact elements, there are 1 elements are in contact.      
 There are 1 elements are in sticking.                                   
 Max.  Pinball distance 3.E-04.                                          
 One of the contact searching regions contains at least 4 target         
 elements.                                                               
 *************************************************
  
 *************************************************
  SUMMARY FOR CONTACT PAIR IDENTIFIED BY REAL CONSTANT SET         297
 Max.  Penetration of 0 has been detected between contact element 55358  
 and target element 55362.                                               
  
 Max.  Geometrical gap of 5.421010862E-20 has been detected between      
 contact element 55358 and target element 55362.                         
  
 Max.  Geometrical penetration of -1.626303259E-19 has been detected     
 between contact element 55358 and target element 55362.                 
 For total 1 contact elements, there are 1 elements are in contact.      
 There are 1 elements are in sticking.                                   
 Max.  Pinball distance 3.E-04.                                          
 One of the contact searching regions contains at least 4 target         
 elements.                                                               
 *************************************************
  
 *************************************************
  SUMMARY FOR CONTACT PAIR IDENTIFIED BY REAL CONSTANT SET         299
 Max.  Penetration of 0 has been detected between contact element 55364  
 and target element 55365.                                               
  
 Max.  Geometrical gap of 1.626303259E-19 has been detected between      
 contact element 55364 and target element 55368.                         
  
 Max.  Geometrical penetration of -8.131516294E-20 has been detected     
 between contact element 55364 and target element 55368.                 
 For total 1 contact elements, there are 1 elements are in contact.      
 There are 1 elements are in sticking.                                   
 Max.  Pinball distance 3.E-04.                                          
 One of the contact searching regions contains at least 4 target         
 elements.                                                               
 *************************************************
  
 *************************************************
  SUMMARY FOR CONTACT PAIR IDENTIFIED BY REAL CONSTANT SET         301
 Max.  Penetration of 0 has been detected between contact element 55369  
 and target element 55372.                                               
  
 Max.  Geometrical gap of 1.626303259E-19 has been detected between      
 contact element 55369 and target element 55372.                         
  
 Max.  Geometrical penetration of -1.355252716E-19 has been detected     
 between contact element 55369 and target element 55372.                 
 For total 1 contact elements, there are 1 elements are in contact.      
 There are 1 elements are in sticking.                                   
 Max.  Pinball distance 3.E-04.                                          
 One of the contact searching regions contains at least 4 target         
 elements.                                                               
 *************************************************
  
 *************************************************
  SUMMARY FOR CONTACT PAIR IDENTIFIED BY REAL CONSTANT SET         303
 Max.  Penetration of 0 has been detected between contact element 55374  
 and target element 55377.                                               
  
 Max.  Geometrical gap of 8.131516294E-20 has been detected between      
 contact element 55374 and target element 55377.                         
  
 Max.  Geometrical penetration of -1.084202172E-19 has been detected     
 between contact element 55374 and target element 55377.                 
 For total 1 contact elements, there are 1 elements are in contact.      
 There are 1 elements are in sticking.                                   
 Max.  Pinball distance 3.E-04.                                          
 One of the contact searching regions contains at least 4 target         
 elements.                                                               
 *************************************************
  
 *************************************************
  SUMMARY FOR CONTACT PAIR IDENTIFIED BY REAL CONSTANT SET         305
 Max.  Penetration of 0 has been detected between contact element 55379  
 and target element 55380.                                               
  
 Max.  Geometrical gap of 1.626303259E-19 has been detected between      
 contact element 55379 and target element 55380.                         
  
 Max.  Geometrical penetration of -8.131516294E-20 has been detected     
 between contact element 55379 and target element 55380.                 
 For total 1 contact elements, there are 1 elements are in contact.      
 There are 1 elements are in sticking.                                   
 Max.  Pinball distance 3.E-04.                                          
 One of the contact searching regions contains at least 4 target         
 elements.                                                               
 *************************************************
  
 *************************************************
  SUMMARY FOR CONTACT PAIR IDENTIFIED BY REAL CONSTANT SET         307
 Max.  Penetration of 0 has been detected between contact element 55384  
 and target element 55387.                                               
  
 Max.  Geometrical gap of 1.084202172E-19 has been detected between      
 contact element 55384 and target element 55388.                         
  
 Max.  Geometrical penetration of -8.131516294E-20 has been detected     
 between contact element 55384 and target element 55388.                 
 For total 1 contact elements, there are 1 elements are in contact.      
 There are 1 elements are in sticking.                                   
 Max.  Pinball distance 3.E-04.                                          
 One of the contact searching regions contains at least 4 target         
 elements.                                                               
 *************************************************
  
 *************************************************
  SUMMARY FOR CONTACT PAIR IDENTIFIED BY REAL CONSTANT SET         309
 Max.  Penetration of 0 has been detected between contact element 55389  
 and target element 55390.                                               
  
 Max.  Geometrical gap of 1.626303259E-19 has been detected between      
 contact element 55389 and target element 55390.                         
  
 Max.  Geometrical penetration of -1.626303259E-19 has been detected     
 between contact element 55389 and target element 55390.                 
 For total 1 contact elements, there are 1 elements are in contact.      
 There are 1 elements are in sticking.                                   
 Max.  Pinball distance 3.E-04.                                          
 One of the contact searching regions contains at least 4 target         
 elements.                                                               
 *************************************************
  
 *************************************************
  SUMMARY FOR CONTACT PAIR IDENTIFIED BY REAL CONSTANT SET         311
 Max.  Penetration of 0 has been detected between contact element 55394  
 and target element 55395.                                               
  
 Max.  Geometrical gap of 1.355252716E-19 has been detected between      
 contact element 55394 and target element 55395.                         
  
 Max.  Geometrical penetration of -1.355252716E-20 has been detected     
 between contact element 55394 and target element 55395.                 
 For total 1 contact elements, there are 1 elements are in contact.      
 There are 1 elements are in sticking.                                   
 Max.  Pinball distance 3.E-04.                                          
 One of the contact searching regions contains at least 3 target         
 elements.                                                               
 *************************************************
  
 *************************************************
  SUMMARY FOR CONTACT PAIR IDENTIFIED BY REAL CONSTANT SET         313
 Max.  Penetration of 0 has been detected between contact element 55398  
 and target element 55399.                                               
  
 Max.  Geometrical gap of 5.421010862E-20 has been detected between      
 contact element 55398 and target element 55399.                         
  
 Max.  Geometrical penetration of -1.084202172E-19 has been detected     
 between contact element 55398 and target element 55399.                 
 For total 1 contact elements, there are 1 elements are in contact.      
 There are 1 elements are in sticking.                                   
 Max.  Pinball distance 3.E-04.                                          
 One of the contact searching regions contains at least 3 target         
 elements.                                                               
 *************************************************
  
 *************************************************
  SUMMARY FOR CONTACT PAIR IDENTIFIED BY REAL CONSTANT SET         315
 Max.  Penetration of 0 has been detected between contact element 55402  
 and target element 55405.                                               
  
 Max.  Geometrical gap of 1.084202172E-19 has been detected between      
 contact element 55402 and target element 55405.                         
  
 Max.  Geometrical penetration of -1.626303259E-19 has been detected     
 between contact element 55402 and target element 55405.                 
 For total 1 contact elements, there are 1 elements are in contact.      
 There are 1 elements are in sticking.                                   
 Max.  Pinball distance 3.E-04.                                          
 One of the contact searching regions contains at least 3 target         
 elements.                                                               
 *************************************************
  
 *************************************************
  SUMMARY FOR CONTACT PAIR IDENTIFIED BY REAL CONSTANT SET         317
 Max.  Penetration of 0 has been detected between contact element 55406  
 and target element 55407.                                               
  
 Max.  Geometrical gap of 5.421010862E-20 has been detected between      
 contact element 55406 and target element 55407.                         
  
 Max.  Geometrical penetration of -5.421010862E-20 has been detected     
 between contact element 55406 and target element 55407.                 
 For total 1 contact elements, there are 1 elements are in contact.      
 There are 1 elements are in sticking.                                   
 Max.  Pinball distance 3.E-04.                                          
 One of the contact searching regions contains at least 1 target         
 elements.                                                               
 *************************************************
  
 *************************************************
  SUMMARY FOR CONTACT PAIR IDENTIFIED BY REAL CONSTANT SET         319
 Max.  Penetration of 0 has been detected between contact element 55408  
 and target element 55409.                                               
  
 Max.  Geometrical gap of 2.168404345E-19 has been detected between      
 contact element 55408 and target element 55413.                         
  
 Max.  Geometrical penetration of -1.626303259E-19 has been detected     
 between contact element 55408 and target element 55413.                 
 For total 1 contact elements, there are 1 elements are in contact.      
 There are 1 elements are in sticking.                                   
 Max.  Pinball distance 3.E-04.                                          
 One of the contact searching regions contains at least 4 target         
 elements.                                                               
 *************************************************
  
 *************************************************
  SUMMARY FOR CONTACT PAIR IDENTIFIED BY REAL CONSTANT SET         321
 Max.  Penetration of 0 has been detected between contact element 55415  
 and target element 55416.                                               
  
 Max.  Geometrical gap of 1.897353802E-19 has been detected between      
 contact element 55415 and target element 55417.                         
  
 Max.  Geometrical penetration of -8.300922883E-20 has been detected     
 between contact element 55415 and target element 55417.                 
 For total 1 contact elements, there are 1 elements are in contact.      
 There are 1 elements are in sticking.                                   
 Max.  Pinball distance 3.E-04.                                          
 One of the contact searching regions contains at least 2 target         
 elements.                                                               
 *************************************************
  
 *************************************************
  SUMMARY FOR CONTACT PAIR IDENTIFIED BY REAL CONSTANT SET         323
 Max.  Penetration of 0 has been detected between contact element 55418  
 and target element 55419.                                               
  
 Max.  Geometrical gap of 8.131516294E-20 has been detected between      
 contact element 55418 and target element 55419.                         
  
 Max.  Geometrical penetration of -8.131516294E-20 has been detected     
 between contact element 55418 and target element 55419.                 
 For total 1 contact elements, there are 1 elements are in contact.      
 There are 1 elements are in sticking.                                   
 Max.  Pinball distance 3.E-04.                                          
 One of the contact searching regions contains at least 2 target         
 elements.                                                               
 *************************************************
  
 *************************************************
  SUMMARY FOR CONTACT PAIR IDENTIFIED BY REAL CONSTANT SET         325
 Max.  Penetration of 0 has been detected between contact element 55421  
 and target element 55422.                                               
  
 Max.  Geometrical gap of 1.084202172E-19 has been detected between      
 contact element 55421 and target element 55422.                         
  
 Max.  Geometrical penetration of -1.084202172E-19 has been detected     
 between contact element 55421 and target element 55422.                 
 For total 1 contact elements, there are 1 elements are in contact.      
 There are 1 elements are in sticking.                                   
 Max.  Pinball distance 3.E-04.                                          
 One of the contact searching regions contains at least 2 target         
 elements.                                                               
 *************************************************
  
 *************************************************
  SUMMARY FOR CONTACT PAIR IDENTIFIED BY REAL CONSTANT SET         327
 Max.  Penetration of 0 has been detected between contact element 55424  
 and target element 55426.                                               
  
 Max.  Geometrical gap of 5.421010862E-20 has been detected between      
 contact element 55424 and target element 55426.                         
  
 Max.  Geometrical penetration of -1.084202172E-19 has been detected     
 between contact element 55424 and target element 55426.                 
 For total 1 contact elements, there are 1 elements are in contact.      
 There are 1 elements are in sticking.                                   
 Max.  Pinball distance 3.E-04.                                          
 One of the contact searching regions contains at least 2 target         
 elements.                                                               
 *************************************************
  
 *************************************************
  SUMMARY FOR CONTACT PAIR IDENTIFIED BY REAL CONSTANT SET         329
 Max.  Penetration of 0 has been detected between contact element 55427  
 and target element 55428.                                               
  
 Max.  Geometrical gap of 5.421010862E-20 has been detected between      
 contact element 55427 and target element 55428.                         
  
 Max.  Geometrical penetration of -2.168404345E-19 has been detected     
 between contact element 55427 and target element 55428.                 
 For total 1 contact elements, there are 1 elements are in contact.      
 There are 1 elements are in sticking.                                   
 Max.  Pinball distance 3.E-04.                                          
 One of the contact searching regions contains at least 1 target         
 elements.                                                               
 *************************************************
  
 *************************************************
  SUMMARY FOR CONTACT PAIR IDENTIFIED BY REAL CONSTANT SET         331
 Max.  Penetration of 0 has been detected between contact element 55429  
 and target element 55431.                                               
  
 Max.  Geometrical gap of 1.084202172E-19 has been detected between      
 contact element 55429 and target element 55431.                         
  
 Max.  Geometrical penetration of -2.710505431E-20 has been detected     
 between contact element 55429 and target element 55431.                 
 For total 1 contact elements, there are 1 elements are in contact.      
 There are 1 elements are in sticking.                                   
 Max.  Pinball distance 3.E-04.                                          
 One of the contact searching regions contains at least 3 target         
 elements.                                                               
 *************************************************
  
 *************************************************
  SUMMARY FOR CONTACT PAIR IDENTIFIED BY REAL CONSTANT SET         333
 Max.  Penetration of 0 has been detected between contact element 55433  
 and target element 55436.                                               
  
 Max.  Geometrical gap of 1.084202172E-19 has been detected between      
 contact element 55433 and target element 55437.                         
  
 Max.  Geometrical penetration of -2.710505431E-20 has been detected     
 between contact element 55433 and target element 55437.                 
 For total 1 contact elements, there are 1 elements are in contact.      
 There are 1 elements are in sticking.                                   
 Max.  Pinball distance 3.E-04.                                          
 One of the contact searching regions contains at least 4 target         
 elements.                                                               
 *************************************************
  
 *************************************************
  SUMMARY FOR CONTACT PAIR IDENTIFIED BY REAL CONSTANT SET         335
 Max.  Penetration of 0 has been detected between contact element 55438  
 and target element 55439.                                               
  
 Max.  Geometrical gap of 1.355252716E-20 has been detected between      
 contact element 55438 and target element 55440.                         
  
 Max.  Geometrical penetration of -8.470329473E-20 has been detected     
 between contact element 55438 and target element 55440.                 
 For total 1 contact elements, there are 1 elements are in contact.      
 There are 1 elements are in sticking.                                   
 Max.  Pinball distance 3.E-04.                                          
 One of the contact searching regions contains at least 4 target         
 elements.                                                               
 *************************************************
  
 *************************************************
  SUMMARY FOR CONTACT PAIR IDENTIFIED BY REAL CONSTANT SET         337
 Max.  Penetration of 0 has been detected between contact element 55443  
 and target element 55445.                                               
  
 Max.  Geometrical gap of 1.084202172E-19 has been detected between      
 contact element 55443 and target element 55445.                         
  
 Max.  Geometrical penetration of -5.421010862E-20 has been detected     
 between contact element 55443 and target element 55445.                 
 For total 1 contact elements, there are 1 elements are in contact.      
 There are 1 elements are in sticking.                                   
 Max.  Pinball distance 3.E-04.                                          
 One of the contact searching regions contains at least 3 target         
 elements.                                                               
 *************************************************
  
 *************************************************
  SUMMARY FOR CONTACT PAIR IDENTIFIED BY REAL CONSTANT SET         339
 Max.  Penetration of 0 has been detected between contact element 55447  
 and target element 55449.                                               
  
 Max.  Geometrical gap of 1.219727444E-19 has been detected between      
 contact element 55447 and target element 55449.                         
  
 Max.  Geometrical penetration of -1.355252716E-19 has been detected     
 between contact element 55447 and target element 55449.                 
 For total 1 contact elements, there are 1 elements are in contact.      
 There are 1 elements are in sticking.                                   
 Max.  Pinball distance 3.E-04.                                          
 One of the contact searching regions contains at least 2 target         
 elements.                                                               
 *************************************************
  
 *************************************************
  SUMMARY FOR CONTACT PAIR IDENTIFIED BY REAL CONSTANT SET         341
 Max.  Penetration of 0 has been detected between contact element 55450  
 and target element 55452.                                               
  
 Max.  Geometrical gap of 1.355252716E-20 has been detected between      
 contact element 55450 and target element 55452.                         
  
 Max.  Geometrical penetration of -1.084202172E-19 has been detected     
 between contact element 55450 and target element 55452.                 
 For total 1 contact elements, there are 1 elements are in contact.      
 There are 1 elements are in sticking.                                   
 Max.  Pinball distance 3.E-04.                                          
 One of the contact searching regions contains at least 3 target         
 elements.                                                               
 *************************************************
  
 *************************************************
  SUMMARY FOR CONTACT PAIR IDENTIFIED BY REAL CONSTANT SET         343
 Max.  Penetration of 0 has been detected between contact element 55454  
 and target element 55455.                                               
  
 Max.  Geometrical gap of 2.168404345E-19 has been detected between      
 contact element 55454 and target element 55455.                         
  
 Max.  Geometrical penetration of -1.626303259E-19 has been detected     
 between contact element 55454 and target element 55455.                 
 For total 1 contact elements, there are 1 elements are in contact.      
 There are 1 elements are in sticking.                                   
 Max.  Pinball distance 3.E-04.                                          
 One of the contact searching regions contains at least 1 target         
 elements.                                                               
 *************************************************
  
 *************************************************
  SUMMARY FOR CONTACT PAIR IDENTIFIED BY REAL CONSTANT SET         345
 Max.  Penetration of 0 has been detected between contact element 55456  
 and target element 55457.                                               
  
 Max.  Geometrical gap of 9.486769009E-20 has been detected between      
 contact element 55456 and target element 55457.                         
  
 Max.  Geometrical penetration of -6.776263578E-20 has been detected     
 between contact element 55456 and target element 55457.                 
 For total 1 contact elements, there are 1 elements are in contact.      
 There are 1 elements are in sticking.                                   
 Max.  Pinball distance 3.E-04.                                          
 One of the contact searching regions contains at least 2 target         
 elements.                                                               
 *************************************************
  
 *************************************************
  SUMMARY FOR CONTACT PAIR IDENTIFIED BY REAL CONSTANT SET         347
 Max.  Penetration of 0 has been detected between contact element 55459  
 and target element 55461.                                               
  
 Max.  Geometrical gap of 1.355252716E-19 has been detected between      
 contact element 55459 and target element 55462.                         
  
 Max.  Geometrical penetration of -1.084202172E-19 has been detected     
 between contact element 55459 and target element 55462.                 
 For total 1 contact elements, there are 1 elements are in contact.      
 There are 1 elements are in sticking.                                   
 Max.  Pinball distance 3.E-04.                                          
 One of the contact searching regions contains at least 3 target         
 elements.                                                               
 *************************************************
  
 *************************************************
  SUMMARY FOR CONTACT PAIR IDENTIFIED BY REAL CONSTANT SET         349
 Max.  Penetration of 0 has been detected between contact element 55463  
 and target element 55464.                                               
  
 Max.  Geometrical gap of 9.994988778E-20 has been detected between      
 contact element 55463 and target element 55465.                         
  
 Max.  Geometrical penetration of -8.470329473E-20 has been detected     
 between contact element 55463 and target element 55465.                 
 For total 1 contact elements, there are 1 elements are in contact.      
 There are 1 elements are in sticking.                                   
 Max.  Pinball distance 3.E-04.                                          
 One of the contact searching regions contains at least 2 target         
 elements.                                                               
 *************************************************
  
 *************************************************
  SUMMARY FOR CONTACT PAIR IDENTIFIED BY REAL CONSTANT SET         351
 Max.  Penetration of 0 has been detected between contact element 55466  
 and target element 55467.                                               
  
 Max.  Geometrical gap of 8.131516294E-20 has been detected between      
 contact element 55466 and target element 55470.                         
  
 Max.  Geometrical penetration of -5.421010862E-20 has been detected     
 between contact element 55466 and target element 55470.                 
 For total 1 contact elements, there are 1 elements are in contact.      
 There are 1 elements are in sticking.                                   
 Max.  Pinball distance 3.E-04.                                          
 One of the contact searching regions contains at least 4 target         
 elements.                                                               
 *************************************************
  
 *************************************************
  SUMMARY FOR CONTACT PAIR IDENTIFIED BY REAL CONSTANT SET         353
 Max.  Penetration of 0 has been detected between contact element 55472  
 and target element 55473.                                               
  
 Max.  Geometrical gap of 8.131516294E-20 has been detected between      
 contact element 55472 and target element 55473.                         
  
 Max.  Geometrical penetration of -5.421010862E-20 has been detected     
 between contact element 55472 and target element 55473.                 
 For total 1 contact elements, there are 1 elements are in contact.      
 There are 1 elements are in sticking.                                   
 Max.  Pinball distance 3.E-04.                                          
 One of the contact searching regions contains at least 1 target         
 elements.                                                               
 *************************************************
  
 *************************************************
  SUMMARY FOR CONTACT PAIR IDENTIFIED BY REAL CONSTANT SET         355
 Max.  Penetration of 0 has been detected between contact element 55474  
 and target element 55477.                                               
  
 Max.  Geometrical gap of 1.084202172E-19 has been detected between      
 contact element 55474 and target element 55476.                         
  
 Max.  Geometrical penetration of -1.297194236E-34 has been detected     
 between contact element 55474 and target element 55476.                 
 For total 1 contact elements, there are 1 elements are in contact.      
 There are 1 elements are in sticking.                                   
 Max.  Pinball distance 3.E-04.                                          
 One of the contact searching regions contains at least 3 target         
 elements.                                                               
 *************************************************
  
 *************************************************
  SUMMARY FOR CONTACT PAIR IDENTIFIED BY REAL CONSTANT SET         357
 Max.  Penetration of 0 has been detected between contact element 55478  
 and target element 55480.                                               
  
 Max.  Geometrical gap of 1.084202172E-19 has been detected between      
 contact element 55478 and target element 55480.                         
  
 Max.  Geometrical penetration of -5.421010862E-20 has been detected     
 between contact element 55478 and target element 55480.                 
 For total 1 contact elements, there are 1 elements are in contact.      
 There are 1 elements are in sticking.                                   
 Max.  Pinball distance 3.E-04.                                          
 One of the contact searching regions contains at least 5 target         
 elements.                                                               
 *************************************************
  
 *************************************************
  SUMMARY FOR CONTACT PAIR IDENTIFIED BY REAL CONSTANT SET         359
 Max.  Penetration of 0 has been detected between contact element 55485  
 and target element 55486.                                               
  
 Max.  Geometrical gap of 1.626303259E-19 has been detected between      
 contact element 55485 and target element 55488.                         
  
 Max.  Geometrical penetration of -1.084202172E-19 has been detected     
 between contact element 55485 and target element 55488.                 
 For total 1 contact elements, there are 1 elements are in contact.      
 There are 1 elements are in sticking.                                   
 Max.  Pinball distance 3.E-04.                                          
 One of the contact searching regions contains at least 5 target         
 elements.                                                               
 *************************************************
  
 *************************************************
  SUMMARY FOR CONTACT PAIR IDENTIFIED BY REAL CONSTANT SET         361
 Max.  Penetration of 0 has been detected between contact element 55491  
 and target element 55493.                                               
  
 Max.  Geometrical gap of 1.626303259E-19 has been detected between      
 contact element 55491 and target element 55493.                         
  
 Max.  Geometrical penetration of -1.219727444E-19 has been detected     
 between contact element 55491 and target element 55493.                 
 For total 1 contact elements, there are 1 elements are in contact.      
 There are 1 elements are in sticking.                                   
 Max.  Pinball distance 3.E-04.                                          
 One of the contact searching regions contains at least 2 target         
 elements.                                                               
 *************************************************
  
 *************************************************
  SUMMARY FOR CONTACT PAIR IDENTIFIED BY REAL CONSTANT SET         363
 Max.  Penetration of 0 has been detected between contact element 55494  
 and target element 55497.                                               
  
 Max.  Geometrical gap of 1.084202172E-19 has been detected between      
 contact element 55494 and target element 55497.                         
  
 Max.  Geometrical penetration of -5.421010862E-20 has been detected     
 between contact element 55494 and target element 55497.                 
 For total 1 contact elements, there are 1 elements are in contact.      
 There are 1 elements are in sticking.                                   
 Max.  Pinball distance 3.E-04.                                          
 One of the contact searching regions contains at least 3 target         
 elements.                                                               
 *************************************************
  
 *************************************************
  SUMMARY FOR CONTACT PAIR IDENTIFIED BY REAL CONSTANT SET         365
 Max.  Penetration of 0 has been detected between contact element 55498  
 and target element 55502.                                               
  
 Max.  Geometrical gap of 1.084202172E-19 has been detected between      
 contact element 55498 and target element 55502.                         
  
 Max.  Geometrical penetration of -5.421010862E-20 has been detected     
 between contact element 55498 and target element 55502.                 
 For total 1 contact elements, there are 1 elements are in contact.      
 There are 1 elements are in sticking.                                   
 Max.  Pinball distance 3.E-04.                                          
 One of the contact searching regions contains at least 4 target         
 elements.                                                               
 *************************************************
  
 *************************************************
  SUMMARY FOR CONTACT PAIR IDENTIFIED BY REAL CONSTANT SET         367
 Max.  Penetration of 0 has been detected between contact element 55503  
 and target element 55505.                                               
  
 Max.  Geometrical gap of 1.084202172E-19 has been detected between      
 contact element 55503 and target element 55505.                         
  
 Max.  Geometrical penetration of -5.421010862E-20 has been detected     
 between contact element 55503 and target element 55505.                 
 For total 1 contact elements, there are 1 elements are in contact.      
 There are 1 elements are in sticking.                                   
 Max.  Pinball distance 3.E-04.                                          
 One of the contact searching regions contains at least 3 target         
 elements.                                                               
 *************************************************
  
 *************************************************
  SUMMARY FOR CONTACT PAIR IDENTIFIED BY REAL CONSTANT SET         369
 Max.  Penetration of 0 has been detected between contact element 55507  
 and target element 55508.                                               
  
 Max.  Geometrical gap of 2.168404345E-19 has been detected between      
 contact element 55507 and target element 55508.                         
  
 Max.  Geometrical penetration of -1.355252716E-19 has been detected     
 between contact element 55507 and target element 55508.                 
 For total 1 contact elements, there are 1 elements are in contact.      
 There are 1 elements are in sticking.                                   
 Max.  Pinball distance 3.E-04.                                          
 One of the contact searching regions contains at least 4 target         
 elements.                                                               
 *************************************************
  
 *************************************************
  SUMMARY FOR CONTACT PAIR IDENTIFIED BY REAL CONSTANT SET         371
 Max.  Penetration of 0 has been detected between contact element 55512  
 and target element 55515.                                               
  
 Max.  Geometrical gap of 5.421010862E-20 has been detected between      
 contact element 55512 and target element 55519.                         
  
 Max.  Geometrical penetration of -1.084202172E-19 has been detected     
 between contact element 55512 and target element 55519.                 
 For total 1 contact elements, there are 1 elements are in contact.      
 There are 1 elements are in sticking.                                   
 Max.  Pinball distance 3.E-04.                                          
 One of the contact searching regions contains at least 6 target         
 elements.                                                               
 *************************************************
  
 *************************************************
  SUMMARY FOR CONTACT PAIR IDENTIFIED BY REAL CONSTANT SET         373
 Max.  Penetration of 0 has been detected between contact element 55520  
 and target element 55521.                                               
  
 Max.  Geometrical gap of 1.084202172E-19 has been detected between      
 contact element 55520 and target element 55522.                         
  
 Max.  Geometrical penetration of -5.421010862E-20 has been detected     
 between contact element 55520 and target element 55522.                 
 For total 1 contact elements, there are 1 elements are in contact.      
 There are 1 elements are in sticking.                                   
 Max.  Pinball distance 3.E-04.                                          
 One of the contact searching regions contains at least 3 target         
 elements.                                                               
 *************************************************
  
 *************************************************
  SUMMARY FOR CONTACT PAIR IDENTIFIED BY REAL CONSTANT SET         375
 Max.  Penetration of 0 has been detected between contact element 55524  
 and target element 55526.                                               
  
 Max.  Geometrical gap of 1.084202172E-19 has been detected between      
 contact element 55524 and target element 55526.                         
  
 Max.  Geometrical penetration of -7.453889936E-20 has been detected     
 between contact element 55524 and target element 55526.                 
 For total 1 contact elements, there are 1 elements are in contact.      
 There are 1 elements are in sticking.                                   
 Max.  Pinball distance 3.E-04.                                          
 One of the contact searching regions contains at least 2 target         
 elements.                                                               
 *************************************************
  
 *************************************************
  SUMMARY FOR CONTACT PAIR IDENTIFIED BY REAL CONSTANT SET         377
 Max.  Penetration of 0 has been detected between contact element 55527  
 and target element 55528.                                               
  
 Max.  Geometrical gap of 8.131516294E-20 has been detected between      
 contact element 55527 and target element 55528.                         
  
 Max.  Geometrical penetration of -8.131516294E-20 has been detected     
 between contact element 55527 and target element 55528.                 
 For total 1 contact elements, there are 1 elements are in contact.      
 There are 1 elements are in sticking.                                   
 Max.  Pinball distance 3.E-04.                                          
 One of the contact searching regions contains at least 2 target         
 elements.                                                               
 *************************************************
  
 *************************************************
  SUMMARY FOR CONTACT PAIR IDENTIFIED BY REAL CONSTANT SET         379
 Max.  Penetration of 0 has been detected between contact element 55530  
 and target element 55533.                                               
  
 Max.  Geometrical gap of 1.084202172E-19 has been detected between      
 contact element 55530 and target element 55532.                         
  
 Max.  Geometrical penetration of -1.355252716E-19 has been detected     
 between contact element 55530 and target element 55532.                 
 For total 1 contact elements, there are 1 elements are in contact.      
 There are 1 elements are in sticking.                                   
 Max.  Pinball distance 3.E-04.                                          
 One of the contact searching regions contains at least 4 target         
 elements.                                                               
 *************************************************
  
 *************************************************
  SUMMARY FOR CONTACT PAIR IDENTIFIED BY REAL CONSTANT SET         381
 Max.  Penetration of 0 has been detected between contact element 55535  
 and target element 55536.                                               
  
 Max.  Geometrical gap of 1.897353802E-19 has been detected between      
 contact element 55535 and target element 55536.                         
  
 Max.  Geometrical penetration of -1.084202172E-19 has been detected     
 between contact element 55535 and target element 55536.                 
 For total 1 contact elements, there are 1 elements are in contact.      
 There are 1 elements are in sticking.                                   
 Max.  Pinball distance 3.E-04.                                          
 One of the contact searching regions contains at least 1 target         
 elements.                                                               
 *************************************************
  
 *************************************************
  SUMMARY FOR CONTACT PAIR IDENTIFIED BY REAL CONSTANT SET         383
 Max.  Penetration of 0 has been detected between contact element 55537  
 and target element 55539.                                               
  
 Max.  Geometrical gap of 2.710505431E-20 has been detected between      
 contact element 55537 and target element 55540.                         
  
 Max.  Geometrical penetration of -1.084202172E-19 has been detected     
 between contact element 55537 and target element 55540.                 
 For total 1 contact elements, there are 1 elements are in contact.      
 There are 1 elements are in sticking.                                   
 Max.  Pinball distance 3.E-04.                                          
 One of the contact searching regions contains at least 4 target         
 elements.                                                               
 *************************************************
  
 *************************************************
  SUMMARY FOR CONTACT PAIR IDENTIFIED BY REAL CONSTANT SET         385
 Max.  Penetration of 0 has been detected between contact element 55542  
 and target element 55543.                                               
  
 Max.  Geometrical gap of 2.168404345E-19 has been detected between      
 contact element 55542 and target element 55543.                         
  
 Max.  Geometrical penetration of -1.084202172E-19 has been detected     
 between contact element 55542 and target element 55543.                 
 For total 1 contact elements, there are 1 elements are in contact.      
 There are 1 elements are in sticking.                                   
 Max.  Pinball distance 3.E-04.                                          
 One of the contact searching regions contains at least 1 target         
 elements.                                                               
 *************************************************
  
 *************************************************
  SUMMARY FOR CONTACT PAIR IDENTIFIED BY REAL CONSTANT SET         387
 Max.  Penetration of 0 has been detected between contact element 55544  
 and target element 55548.                                               
  
 Max.  Geometrical gap of 1.626303259E-19 has been detected between      
 contact element 55544 and target element 55548.                         
  
 Max.  Geometrical penetration of -5.421010862E-20 has been detected     
 between contact element 55544 and target element 55548.                 
 For total 1 contact elements, there are 1 elements are in contact.      
 There are 1 elements are in sticking.                                   
 Max.  Pinball distance 3.E-04.                                          
 One of the contact searching regions contains at least 4 target         
 elements.                                                               
 *************************************************
  
 *************************************************
  SUMMARY FOR CONTACT PAIR IDENTIFIED BY REAL CONSTANT SET         389
 Max.  Penetration of 0 has been detected between contact element 55549  
 and target element 55550.                                               
  
 Max.  Geometrical gap of 6.776263578E-20 has been detected between      
 contact element 55549 and target element 55551.                         
  
 Max.  Geometrical penetration of -1.084202172E-19 has been detected     
 between contact element 55549 and target element 55551.                 
 For total 1 contact elements, there are 1 elements are in contact.      
 There are 1 elements are in sticking.                                   
 Max.  Pinball distance 3.E-04.                                          
 One of the contact searching regions contains at least 4 target         
 elements.                                                               
 *************************************************
  
 *************************************************
  SUMMARY FOR CONTACT PAIR IDENTIFIED BY REAL CONSTANT SET         391
 Max.  Penetration of 0 has been detected between contact element 55554  
 and target element 55561.                                               
  
 Max.  Geometrical gap of 1.084202172E-19 has been detected between      
 contact element 55554 and target element 55559.                         
  
 Max.  Geometrical penetration of -1.084202172E-19 has been detected     
 between contact element 55554 and target element 55559.                 
 For total 1 contact elements, there are 1 elements are in contact.      
 There are 1 elements are in sticking.                                   
 Max.  Pinball distance 3.E-04.                                          
 One of the contact searching regions contains at least 6 target         
 elements.                                                               
 *************************************************
  
 *************************************************
  SUMMARY FOR CONTACT PAIR IDENTIFIED BY REAL CONSTANT SET         393
 Max.  Penetration of 0 has been detected between contact element 55563  
 and target element 55566.                                               
  
 Max.  Geometrical gap of 8.131516294E-20 has been detected between      
 contact element 55563 and target element 55565.                         
  
 Max.  Geometrical penetration of -6.09863722E-20 has been detected      
 between contact element 55563 and target element 55565.                 
 For total 1 contact elements, there are 1 elements are in contact.      
 There are 1 elements are in sticking.                                   
 Max.  Pinball distance 3.E-04.                                          
 One of the contact searching regions contains at least 5 target         
 elements.                                                               
 *************************************************
  
 *************************************************
  SUMMARY FOR CONTACT PAIR IDENTIFIED BY REAL CONSTANT SET         395
 Max.  Penetration of 0 has been detected between contact element 55569  
 and target element 55571.                                               
  
 Max.  Geometrical gap of 1.084202172E-19 has been detected between      
 contact element 55569 and target element 55570.                         
  
 Max.  Geometrical penetration of -5.421010862E-20 has been detected     
 between contact element 55569 and target element 55570.                 
 For total 1 contact elements, there are 1 elements are in contact.      
 There are 1 elements are in sticking.                                   
 Max.  Pinball distance 3.E-04.                                          
 One of the contact searching regions contains at least 3 target         
 elements.                                                               
 *************************************************
  
 *************************************************
  SUMMARY FOR CONTACT PAIR IDENTIFIED BY REAL CONSTANT SET         397
 Max.  Penetration of 0 has been detected between contact element 55573  
 and target element 55575.                                               
  
 Max.  Geometrical gap of 1.626303259E-19 has been detected between      
 contact element 55573 and target element 55575.                         
  
 Max.  Geometrical penetration of -1.084202172E-19 has been detected     
 between contact element 55573 and target element 55575.                 
 For total 1 contact elements, there are 1 elements are in contact.      
 There are 1 elements are in sticking.                                   
 Max.  Pinball distance 3.E-04.                                          
 One of the contact searching regions contains at least 3 target         
 elements.                                                               
 *************************************************
  
 *************************************************
  SUMMARY FOR CONTACT PAIR IDENTIFIED BY REAL CONSTANT SET         399
 Max.  Penetration of 0 has been detected between contact element 55577  
 and target element 55578.                                               
  
 Max.  Geometrical gap of 1.084202172E-19 has been detected between      
 contact element 55577 and target element 55578.                         
  
 Max.  Geometrical penetration of -1.626303259E-19 has been detected     
 between contact element 55577 and target element 55578.                 
 For total 1 contact elements, there are 1 elements are in contact.      
 There are 1 elements are in sticking.                                   
 Max.  Pinball distance 3.E-04.                                          
 One of the contact searching regions contains at least 3 target         
 elements.                                                               
 *************************************************
  
 *************************************************
  SUMMARY FOR CONTACT PAIR IDENTIFIED BY REAL CONSTANT SET         401
 Max.  Penetration of 0 has been detected between contact element 55582  
 and target element 55587.                                               
  
 Max.  Geometrical gap of 1.084202172E-19 has been detected between      
 contact element 55582 and target element 55586.                         
  
 Max.  Geometrical penetration of -1.084202172E-19 has been detected     
 between contact element 55582 and target element 55586.                 
 For total 1 contact elements, there are 1 elements are in contact.      
 There are 1 elements are in sticking.                                   
 Max.  Pinball distance 3.E-04.                                          
 One of the contact searching regions contains at least 5 target         
 elements.                                                               
 *************************************************
  
 *************************************************
  SUMMARY FOR CONTACT PAIR IDENTIFIED BY REAL CONSTANT SET         403
 Max.  Penetration of 0 has been detected between contact element 55588  
 and target element 55590.                                               
  
 Max.  Geometrical gap of 5.421010862E-20 has been detected between      
 contact element 55588 and target element 55589.                         
  
 Max.  Geometrical penetration of -1.084202172E-19 has been detected     
 between contact element 55588 and target element 55589.                 
 For total 1 contact elements, there are 1 elements are in contact.      
 There are 1 elements are in sticking.                                   
 Max.  Pinball distance 3.E-04.                                          
 One of the contact searching regions contains at least 2 target         
 elements.                                                               
 *************************************************
  
 *************************************************
  SUMMARY FOR CONTACT PAIR IDENTIFIED BY REAL CONSTANT SET         405
 Max.  Penetration of 0 has been detected between contact element 55591  
 and target element 55623.                                               
  
 Max.  Geometrical gap of 1.084202172E-19 has been detected between      
 contact element 55591 and target element 55623.                         
  
 Max.  Geometrical penetration of -5.421010862E-20 has been detected     
 between contact element 55591 and target element 55623.                 
 For total 5 contact elements, there are 5 elements are in contact.      
 There are 5 elements are in sticking.                                   
 Max.  Pinball distance 3.E-04.                                          
 One of the contact searching regions contains at least 33 target        
 elements.                                                               
 *************************************************
  
 *************************************************
  SUMMARY FOR CONTACT PAIR IDENTIFIED BY REAL CONSTANT SET         407
 Max.  Penetration of 0 has been detected between contact element 55813  
 and target element 55831.                                               
  
 Max.  Geometrical gap of 6.776263578E-20 has been detected between      
 contact element 55814 and target element 55849.                         
  
 Max.  Geometrical penetration of -5.421010862E-20 has been detected     
 between contact element 55814 and target element 55849.                 
 For total 2 contact elements, there are 2 elements are in contact.      
 There are 2 elements are in sticking.                                   
 Max.  Pinball distance 3.E-04.                                          
 One of the contact searching regions contains at least 48 target        
 elements.                                                               
 *************************************************
  
 *************************************************
  SUMMARY FOR CONTACT PAIR IDENTIFIED BY REAL CONSTANT SET         409
 Max.  Penetration of 0 has been detected between contact element 55904  
 and target element 55975.                                               
  
 Max.  Geometrical gap of 1.084202172E-19 has been detected between      
 contact element 55904 and target element 55995.                         
  
 Max.  Geometrical penetration of -1.084202172E-19 has been detected     
 between contact element 55904 and target element 55995.                 
 For total 4 contact elements, there are 4 elements are in contact.      
 There are 4 elements are in sticking.                                   
 Max.  Pinball distance 3.E-04.                                          
 One of the contact searching regions contains at least 24 target        
 elements.                                                               
 *************************************************
  
 *************************************************
  SUMMARY FOR CONTACT PAIR IDENTIFIED BY REAL CONSTANT SET         411
 Max.  Penetration of 0 has been detected between contact element 55998  
 and target element 56013.                                               
  
 Max.  Geometrical gap of 1.084202172E-19 has been detected between      
 contact element 55998 and target element 56023.                         
  
 Max.  Geometrical penetration of -1.084202172E-19 has been detected     
 between contact element 55998 and target element 56023.                 
 For total 2 contact elements, there are 2 elements are in contact.      
 There are 2 elements are in sticking.                                   
 Max.  Pinball distance 3.E-04.                                          
 One of the contact searching regions contains at least 25 target        
 elements.                                                               
 *************************************************
  
 *************************************************
  SUMMARY FOR CONTACT PAIR IDENTIFIED BY REAL CONSTANT SET         413
 Max.  Penetration of 0 has been detected between contact element 56045  
 and target element 56050.                                               
  
 Max.  Geometrical gap of 5.421010862E-20 has been detected between      
 contact element 56045 and target element 56049.                         
  
 Max.  Geometrical penetration of -1.084202172E-19 has been detected     
 between contact element 56045 and target element 56049.                 
 For total 1 contact elements, there are 1 elements are in contact.      
 There are 1 elements are in sticking.                                   
 Max.  Pinball distance 3.E-04.                                          
 One of the contact searching regions contains at least 6 target         
 elements.                                                               
 *************************************************
  
 *************************************************
  SUMMARY FOR CONTACT PAIR IDENTIFIED BY REAL CONSTANT SET         415
 Max.  Penetration of 0 has been detected between contact element 56052  
 and target element 56057.                                               
  
 Max.  Geometrical gap of 8.131516294E-20 has been detected between      
 contact element 56052 and target element 56057.                         
  
 Max.  Geometrical penetration of -1.084202172E-19 has been detected     
 between contact element 56052 and target element 56057.                 
 For total 1 contact elements, there are 1 elements are in contact.      
 There are 1 elements are in sticking.                                   
 Max.  Pinball distance 3.E-04.                                          
 One of the contact searching regions contains at least 5 target         
 elements.                                                               
 *************************************************
  
 *************************************************
  SUMMARY FOR CONTACT PAIR IDENTIFIED BY REAL CONSTANT SET         417
 Max.  Penetration of 0 has been detected between contact element 56058  
 and target element 56059.                                               
  
 Max.  Geometrical gap of 1.03684753E-34 has been detected between       
 contact element 56058 and target element 56061.                         
  
 Max.  Geometrical penetration of -2.168404345E-19 has been detected     
 between contact element 56058 and target element 56061.                 
 For total 1 contact elements, there are 1 elements are in contact.      
 There are 1 elements are in sticking.                                   
 Max.  Pinball distance 3.E-04.                                          
 One of the contact searching regions contains at least 4 target         
 elements.                                                               
 *************************************************
  
 *************************************************
  SUMMARY FOR CONTACT PAIR IDENTIFIED BY REAL CONSTANT SET         419
 Max.  Penetration of 0 has been detected between contact element 56063  
 and target element 56069.                                               
  
 Max.  Geometrical gap of 1.626303259E-19 has been detected between      
 contact element 56063 and target element 56064.                         
  
 Max.  Geometrical penetration of -5.421010862E-20 has been detected     
 between contact element 56063 and target element 56064.                 
 For total 1 contact elements, there are 1 elements are in contact.      
 There are 1 elements are in sticking.                                   
 Max.  Pinball distance 3.E-04.                                          
 One of the contact searching regions contains at least 5 target         
 elements.                                                               
 *************************************************
  
 *************************************************
  SUMMARY FOR CONTACT PAIR IDENTIFIED BY REAL CONSTANT SET         421
 Max.  Penetration of 0 has been detected between contact element 56073  
 and target element 56076.                                               
  
 Max.  Geometrical gap of 1.151964808E-19 has been detected between      
 contact element 56073 and target element 56074.                         
  
 Max.  Geometrical penetration of -1.626303259E-19 has been detected     
 between contact element 56073 and target element 56074.                 
 For total 1 contact elements, there are 1 elements are in contact.      
 There are 1 elements are in sticking.                                   
 Max.  Pinball distance 3.E-04.                                          
 One of the contact searching regions contains at least 5 target         
 elements.                                                               
 *************************************************
  
 *************************************************
  SUMMARY FOR CONTACT PAIR IDENTIFIED BY REAL CONSTANT SET         423
 Max.  Penetration of 0 has been detected between contact element 56081  
 and target element 56082.                                               
  
 Max.  Geometrical gap of 8.131516294E-20 has been detected between      
 contact element 56081 and target element 56084.                         
  
 Max.  Geometrical penetration of -1.084202172E-19 has been detected     
 between contact element 56081 and target element 56084.                 
 For total 1 contact elements, there are 1 elements are in contact.      
 There are 1 elements are in sticking.                                   
 Max.  Pinball distance 3.E-04.                                          
 One of the contact searching regions contains at least 4 target         
 elements.                                                               
 *************************************************
  
 *************************************************
  SUMMARY FOR CONTACT PAIR IDENTIFIED BY REAL CONSTANT SET         425
 Max.  Penetration of 0 has been detected between contact element 56086  
 and target element 56087.                                               
  
 Max.  Geometrical gap of 1.626303259E-19 has been detected between      
 contact element 56086 and target element 56089.                         
  
 Max.  Geometrical penetration of -1.626303259E-19 has been detected     
 between contact element 56086 and target element 56089.                 
 For total 1 contact elements, there are 1 elements are in contact.      
 There are 1 elements are in sticking.                                   
 Max.  Pinball distance 3.E-04.                                          
 One of the contact searching regions contains at least 4 target         
 elements.                                                               
 *************************************************
  
 *************************************************
  SUMMARY FOR CONTACT PAIR IDENTIFIED BY REAL CONSTANT SET         427
 Max.  Penetration of 0 has been detected between contact element 56091  
 and target element 56095.                                               
  
 Max.  Geometrical gap of 1.738511184E-35 has been detected between      
 contact element 56091 and target element 56094.                         
  
 Max.  Geometrical penetration of -5.421010862E-20 has been detected     
 between contact element 56091 and target element 56094.                 
 For total 1 contact elements, there are 1 elements are in contact.      
 There are 1 elements are in sticking.                                   
 Max.  Pinball distance 3.E-04.                                          
 One of the contact searching regions contains at least 4 target         
 elements.                                                               
 *************************************************
  
 *************************************************
  SUMMARY FOR CONTACT PAIR IDENTIFIED BY REAL CONSTANT SET         429
 Max.  Penetration of 0 has been detected between contact element 56099  
 and target element 56100.                                               
  
 Max.  Geometrical gap of 1.626303259E-19 has been detected between      
 contact element 56099 and target element 56100.                         
  
 Max.  Geometrical penetration of -1.626303259E-19 has been detected     
 between contact element 56099 and target element 56100.                 
 For total 1 contact elements, there are 1 elements are in contact.      
 There are 1 elements are in sticking.                                   
 Max.  Pinball distance 3.E-04.                                          
 One of the contact searching regions contains at least 4 target         
 elements.                                                               
 *************************************************
  
 *************************************************
  SUMMARY FOR CONTACT PAIR IDENTIFIED BY REAL CONSTANT SET         431
 Max.  Penetration of 0 has been detected between contact element 56104  
 and target element 56109.                                               
  
 Max.  Geometrical gap of 6.776263578E-20 has been detected between      
 contact element 56104 and target element 56108.                         
  
 Max.  Geometrical penetration of -5.421010862E-20 has been detected     
 between contact element 56104 and target element 56108.                 
 For total 1 contact elements, there are 1 elements are in contact.      
 There are 1 elements are in sticking.                                   
 Max.  Pinball distance 3.E-04.                                          
 One of the contact searching regions contains at least 4 target         
 elements.                                                               
 *************************************************
  
 *************************************************
  SUMMARY FOR CONTACT PAIR IDENTIFIED BY REAL CONSTANT SET         433
 Max.  Penetration of 0 has been detected between contact element 56110  
 and target element 56119.                                               
  
 Max.  Geometrical gap of 1.084202172E-19 has been detected between      
 contact element 56110 and target element 56116.                         
  
 Max.  Geometrical penetration of -1.084202172E-19 has been detected     
 between contact element 56110 and target element 56116.                 
 For total 1 contact elements, there are 1 elements are in contact.      
 There are 1 elements are in sticking.                                   
 Max.  Pinball distance 3.E-04.                                          
 One of the contact searching regions contains at least 9 target         
 elements.                                                               
 *************************************************
  
 *************************************************
  SUMMARY FOR CONTACT PAIR IDENTIFIED BY REAL CONSTANT SET         435
 Max.  Penetration of 0 has been detected between contact element 56123  
 and target element 56127.                                               
  
 Max.  Geometrical gap of 1.084202172E-19 has been detected between      
 contact element 56123 and target element 56127.                         
  
 Max.  Geometrical penetration of -1.084202172E-19 has been detected     
 between contact element 56123 and target element 56127.                 
 For total 1 contact elements, there are 1 elements are in contact.      
 There are 1 elements are in sticking.                                   
 Max.  Pinball distance 3.E-04.                                          
 One of the contact searching regions contains at least 5 target         
 elements.                                                               
 *************************************************
  
 *************************************************
  SUMMARY FOR CONTACT PAIR IDENTIFIED BY REAL CONSTANT SET         437
 Max.  Penetration of 0 has been detected between contact element 56129  
 and target element 56131.                                               
  
 Max.  Geometrical gap of 5.421010862E-20 has been detected between      
 contact element 56129 and target element 56130.                         
  
 Max.  Geometrical penetration of -1.084202172E-19 has been detected     
 between contact element 56129 and target element 56130.                 
 For total 1 contact elements, there are 1 elements are in contact.      
 There are 1 elements are in sticking.                                   
 Max.  Pinball distance 3.E-04.                                          
 One of the contact searching regions contains at least 4 target         
 elements.                                                               
 *************************************************
  
 *************************************************
  SUMMARY FOR CONTACT PAIR IDENTIFIED BY REAL CONSTANT SET         439
 Max.  Penetration of 0 has been detected between contact element 56134  
 and target element 56139.                                               
  
 Max.  Geometrical gap of 5.421010862E-20 has been detected between      
 contact element 56134 and target element 56139.                         
  
 Max.  Geometrical penetration of -1.084202172E-19 has been detected     
 between contact element 56134 and target element 56139.                 
 For total 1 contact elements, there are 1 elements are in contact.      
 There are 1 elements are in sticking.                                   
 Max.  Pinball distance 3.E-04.                                          
 One of the contact searching regions contains at least 5 target         
 elements.                                                               
 *************************************************
  
 *************************************************
  SUMMARY FOR CONTACT PAIR IDENTIFIED BY REAL CONSTANT SET         441
 Max.  Penetration of 0 has been detected between contact element 56140  
 and target element 56142.                                               
  
 Max.  Geometrical gap of 8.131516294E-20 has been detected between      
 contact element 56140 and target element 56141.                         
  
 Max.  Geometrical penetration of -1.219727444E-19 has been detected     
 between contact element 56140 and target element 56141.                 
 For total 1 contact elements, there are 1 elements are in contact.      
 There are 1 elements are in sticking.                                   
 Max.  Pinball distance 3.E-04.                                          
 One of the contact searching regions contains at least 2 target         
 elements.                                                               
 *************************************************
  
 *************************************************
  SUMMARY FOR CONTACT PAIR IDENTIFIED BY REAL CONSTANT SET         443
 Max.  Penetration of 0 has been detected between contact element 56143  
 and target element 56144.                                               
  
 Max.  Geometrical gap of 8.131516294E-20 has been detected between      
 contact element 56143 and target element 56144.                         
  
 Max.  Geometrical penetration of -5.421010862E-20 has been detected     
 between contact element 56143 and target element 56144.                 
 For total 1 contact elements, there are 1 elements are in contact.      
 There are 1 elements are in sticking.                                   
 Max.  Pinball distance 3.E-04.                                          
 One of the contact searching regions contains at least 1 target         
 elements.                                                               
 *************************************************
  
 *************************************************
  SUMMARY FOR CONTACT PAIR IDENTIFIED BY REAL CONSTANT SET         445
 Max.  Penetration of 0 has been detected between contact element 56145  
 and target element 56146.                                               
  
 Max.  Geometrical gap of 1.084202172E-19 has been detected between      
 contact element 56145 and target element 56146.                         
  
 Max.  Geometrical penetration of -1.355252716E-19 has been detected     
 between contact element 56145 and target element 56146.                 
 For total 1 contact elements, there are 1 elements are in contact.      
 There are 1 elements are in sticking.                                   
 Max.  Pinball distance 3.E-04.                                          
 One of the contact searching regions contains at least 1 target         
 elements.                                                               
 *************************************************
  
 *************************************************
  SUMMARY FOR CONTACT PAIR IDENTIFIED BY REAL CONSTANT SET         447
 Max.  Penetration of 0 has been detected between contact element 56147  
 and target element 56151.                                               
  
 Max.  Geometrical gap of 5.421010862E-20 has been detected between      
 contact element 56147 and target element 56148.                         
  
 Max.  Geometrical penetration of -1.084202172E-19 has been detected     
 between contact element 56147 and target element 56148.                 
 For total 1 contact elements, there are 1 elements are in contact.      
 There are 1 elements are in sticking.                                   
 Max.  Pinball distance 3.E-04.                                          
 One of the contact searching regions contains at least 4 target         
 elements.                                                               
 *************************************************
  
 *************************************************
  SUMMARY FOR CONTACT PAIR IDENTIFIED BY REAL CONSTANT SET         449
 Max.  Penetration of 0 has been detected between contact element 56152  
 and target element 56154.                                               
  
 Max.  Geometrical gap of 1.084202172E-19 has been detected between      
 contact element 56152 and target element 56154.                         
 For total 1 contact elements, there are 1 elements are in contact.      
 There are 1 elements are in sticking.                                   
 Max.  Pinball distance 3.E-04.                                          
 One of the contact searching regions contains at least 3 target         
 elements.                                                               
 *************************************************
  
 *************************************************
  SUMMARY FOR CONTACT PAIR IDENTIFIED BY REAL CONSTANT SET         451
 Max.  Penetration of 0 has been detected between contact element 56156  
 and target element 56157.                                               
  
 Max.  Geometrical gap of 1.084202172E-19 has been detected between      
 contact element 56156 and target element 56157.                         
  
 Max.  Geometrical penetration of -1.355252716E-19 has been detected     
 between contact element 56156 and target element 56157.                 
 For total 1 contact elements, there are 1 elements are in contact.      
 There are 1 elements are in sticking.                                   
 Max.  Pinball distance 3.E-04.                                          
 One of the contact searching regions contains at least 2 target         
 elements.                                                               
 *************************************************
  
 *************************************************
  SUMMARY FOR CONTACT PAIR IDENTIFIED BY REAL CONSTANT SET         453
 Max.  Penetration of 0 has been detected between contact element 56159  
 and target element 56162.                                               
  
 Max.  Geometrical gap of 1.084202172E-19 has been detected between      
 contact element 56159 and target element 56161.                         
  
 Max.  Geometrical penetration of -1.084202172E-19 has been detected     
 between contact element 56159 and target element 56161.                 
 For total 1 contact elements, there are 1 elements are in contact.      
 There are 1 elements are in sticking.                                   
 Max.  Pinball distance 3.E-04.                                          
 One of the contact searching regions contains at least 3 target         
 elements.                                                               
 *************************************************
  
 *************************************************
  SUMMARY FOR CONTACT PAIR IDENTIFIED BY REAL CONSTANT SET         455
 Max.  Penetration of 0 has been detected between contact element 56163  
 and target element 56166.                                               
  
 Max.  Geometrical gap of 1.626303259E-19 has been detected between      
 contact element 56163 and target element 56166.                         
  
 Max.  Geometrical penetration of -1.084202172E-19 has been detected     
 between contact element 56163 and target element 56166.                 
 For total 1 contact elements, there are 1 elements are in contact.      
 There are 1 elements are in sticking.                                   
 Max.  Pinball distance 3.E-04.                                          
 One of the contact searching regions contains at least 3 target         
 elements.                                                               
 *************************************************
  
 *************************************************
  SUMMARY FOR CONTACT PAIR IDENTIFIED BY REAL CONSTANT SET         457
 Max.  Penetration of 0 has been detected between contact element 56167  
 and target element 56169.                                               
  
 Max.  Geometrical gap of 2.168404345E-19 has been detected between      
 contact element 56167 and target element 56170.                         
  
 Max.  Geometrical penetration of -1.626303259E-19 has been detected     
 between contact element 56167 and target element 56170.                 
 For total 1 contact elements, there are 1 elements are in contact.      
 There are 1 elements are in sticking.                                   
 Max.  Pinball distance 3.E-04.                                          
 One of the contact searching regions contains at least 3 target         
 elements.                                                               
 *************************************************
  
 *************************************************
  SUMMARY FOR CONTACT PAIR IDENTIFIED BY REAL CONSTANT SET         459
 Max.  Penetration of 0 has been detected between contact element 56171  
 and target element 56172.                                               
  
 Max.  Geometrical gap of 1.084202172E-19 has been detected between      
 contact element 56171 and target element 56172.                         
  
 Max.  Geometrical penetration of -5.421010862E-20 has been detected     
 between contact element 56171 and target element 56172.                 
 For total 1 contact elements, there are 1 elements are in contact.      
 There are 1 elements are in sticking.                                   
 Max.  Pinball distance 3.E-04.                                          
 One of the contact searching regions contains at least 3 target         
 elements.                                                               
 *************************************************
  
 *************************************************
  SUMMARY FOR CONTACT PAIR IDENTIFIED BY REAL CONSTANT SET         461
 Max.  Penetration of 0 has been detected between contact element 56175  
 and target element 56176.                                               
  
 Max.  Geometrical gap of 1.76182853E-19 has been detected between       
 contact element 56175 and target element 56176.                         
  
 Max.  Geometrical penetration of -1.355252716E-20 has been detected     
 between contact element 56175 and target element 56176.                 
 For total 1 contact elements, there are 1 elements are in contact.      
 There are 1 elements are in sticking.                                   
 Max.  Pinball distance 3.E-04.                                          
 One of the contact searching regions contains at least 2 target         
 elements.                                                               
 *************************************************
  
 *************************************************
  SUMMARY FOR CONTACT PAIR IDENTIFIED BY REAL CONSTANT SET         463
 Max.  Penetration of 0 has been detected between contact element 56178  
 and target element 56179.                                               
  
 Max.  Geometrical gap of 1.084202172E-19 has been detected between      
 contact element 56178 and target element 56179.                         
  
 Max.  Geometrical penetration of -1.084202172E-19 has been detected     
 between contact element 56178 and target element 56179.                 
 For total 1 contact elements, there are 1 elements are in contact.      
 There are 1 elements are in sticking.                                   
 Max.  Pinball distance 3.E-04.                                          
 One of the contact searching regions contains at least 2 target         
 elements.                                                               
 *************************************************
  
 *************************************************
  SUMMARY FOR CONTACT PAIR IDENTIFIED BY REAL CONSTANT SET         465
 Max.  Penetration of 0 has been detected between contact element 56181  
 and target element 56184.                                               
  
 Max.  Geometrical gap of 5.421010862E-20 has been detected between      
 contact element 56181 and target element 56184.                         
  
 Max.  Geometrical penetration of -1.084202172E-19 has been detected     
 between contact element 56181 and target element 56184.                 
 For total 1 contact elements, there are 1 elements are in contact.      
 There are 1 elements are in sticking.                                   
 Max.  Pinball distance 3.E-04.                                          
 One of the contact searching regions contains at least 4 target         
 elements.                                                               
 *************************************************
  
 *************************************************
  SUMMARY FOR CONTACT PAIR IDENTIFIED BY REAL CONSTANT SET         467
 Max.  Penetration of 0 has been detected between contact element 56186  
 and target element 56188.                                               
  
 Max.  Geometrical gap of 1.084202172E-19 has been detected between      
 contact element 56186 and target element 56188.                         
  
 Max.  Geometrical penetration of -1.223130507E-34 has been detected     
 between contact element 56186 and target element 56188.                 
 For total 1 contact elements, there are 1 elements are in contact.      
 There are 1 elements are in sticking.                                   
 Max.  Pinball distance 3.E-04.                                          
 One of the contact searching regions contains at least 3 target         
 elements.                                                               
 *************************************************
  
 *************************************************
  SUMMARY FOR CONTACT PAIR IDENTIFIED BY REAL CONSTANT SET         469
 Max.  Penetration of 0 has been detected between contact element 56190  
 and target element 56193.                                               
  
 Max.  Geometrical gap of 1.219727444E-19 has been detected between      
 contact element 56190 and target element 56193.                         
  
 Max.  Geometrical penetration of -8.131516294E-20 has been detected     
 between contact element 56190 and target element 56193.                 
 For total 1 contact elements, there are 1 elements are in contact.      
 There are 1 elements are in sticking.                                   
 Max.  Pinball distance 3.E-04.                                          
 One of the contact searching regions contains at least 4 target         
 elements.                                                               
 *************************************************
  
 *************************************************
  SUMMARY FOR CONTACT PAIR IDENTIFIED BY REAL CONSTANT SET         471
 Max.  Penetration of 0 has been detected between contact element 56195  
 and target element 56197.                                               
  
 Max.  Geometrical gap of 5.421010862E-20 has been detected between      
 contact element 56195 and target element 56197.                         
  
 Max.  Geometrical penetration of -1.084202172E-19 has been detected     
 between contact element 56195 and target element 56197.                 
 For total 1 contact elements, there are 1 elements are in contact.      
 There are 1 elements are in sticking.                                   
 Max.  Pinball distance 3.E-04.                                          
 One of the contact searching regions contains at least 3 target         
 elements.                                                               
 *************************************************
  
 *************************************************
  SUMMARY FOR CONTACT PAIR IDENTIFIED BY REAL CONSTANT SET         473
 Max.  Penetration of 0 has been detected between contact element 56199  
 and target element 56201.                                               
  
 Max.  Geometrical gap of 8.131516294E-20 has been detected between      
 contact element 56199 and target element 56201.                         
  
 Max.  Geometrical penetration of -1.084202172E-19 has been detected     
 between contact element 56199 and target element 56201.                 
 For total 1 contact elements, there are 1 elements are in contact.      
 There are 1 elements are in sticking.                                   
 Max.  Pinball distance 3.E-04.                                          
 One of the contact searching regions contains at least 2 target         
 elements.                                                               
 *************************************************
  
 *************************************************
  SUMMARY FOR CONTACT PAIR IDENTIFIED BY REAL CONSTANT SET         475
 Max.  Penetration of 0 has been detected between contact element 56202  
 and target element 56204.                                               
  
 Max.  Geometrical gap of 1.219727444E-19 has been detected between      
 contact element 56202 and target element 56204.                         
  
 Max.  Geometrical penetration of -1.355252716E-19 has been detected     
 between contact element 56202 and target element 56204.                 
 For total 1 contact elements, there are 1 elements are in contact.      
 There are 1 elements are in sticking.                                   
 Max.  Pinball distance 3.E-04.                                          
 One of the contact searching regions contains at least 2 target         
 elements.                                                               
 *************************************************
  
 *************************************************
  SUMMARY FOR CONTACT PAIR IDENTIFIED BY REAL CONSTANT SET         477
 Max.  Penetration of 0 has been detected between contact element 56205  
 and target element 56209.                                               
  
 Max.  Geometrical gap of 1.084202172E-19 has been detected between      
 contact element 56205 and target element 56206.                         
  
 Max.  Geometrical penetration of -5.421010862E-20 has been detected     
 between contact element 56205 and target element 56206.                 
 For total 1 contact elements, there are 1 elements are in contact.      
 There are 1 elements are in sticking.                                   
 Max.  Pinball distance 3.E-04.                                          
 One of the contact searching regions contains at least 5 target         
 elements.                                                               
 *************************************************
  
 *************************************************
  SUMMARY FOR CONTACT PAIR IDENTIFIED BY REAL CONSTANT SET         479
 Max.  Penetration of 0 has been detected between contact element 56212  
 and target element 56213.                                               
  
 Max.  Geometrical gap of 2.168404345E-19 has been detected between      
 contact element 56212 and target element 56213.                         
  
 Max.  Geometrical penetration of -1.626303259E-19 has been detected     
 between contact element 56212 and target element 56213.                 
 For total 1 contact elements, there are 1 elements are in contact.      
 There are 1 elements are in sticking.                                   
 Max.  Pinball distance 3.E-04.                                          
 One of the contact searching regions contains at least 2 target         
 elements.                                                               
 *************************************************
  
 *************************************************
  SUMMARY FOR CONTACT PAIR IDENTIFIED BY REAL CONSTANT SET         481
 Max.  Penetration of 0 has been detected between contact element 56215  
 and target element 56218.                                               
  
 Max.  Geometrical gap of 8.131516294E-20 has been detected between      
 contact element 56215 and target element 56218.                         
  
 Max.  Geometrical penetration of -5.421010862E-20 has been detected     
 between contact element 56215 and target element 56218.                 
 For total 1 contact elements, there are 1 elements are in contact.      
 There are 1 elements are in sticking.                                   
 Max.  Pinball distance 3.E-04.                                          
 One of the contact searching regions contains at least 5 target         
 elements.                                                               
 *************************************************
  
 *************************************************
  SUMMARY FOR CONTACT PAIR IDENTIFIED BY REAL CONSTANT SET         483
 Max.  Penetration of 0 has been detected between contact element 56221  
 and target element 56223.                                               
  
 Max.  Geometrical gap of 1.084202172E-19 has been detected between      
 contact element 56221 and target element 56223.                         
  
 Max.  Geometrical penetration of -2.168404345E-19 has been detected     
 between contact element 56221 and target element 56223.                 
 For total 1 contact elements, there are 1 elements are in contact.      
 There are 1 elements are in sticking.                                   
 Max.  Pinball distance 3.E-04.                                          
 One of the contact searching regions contains at least 2 target         
 elements.                                                               
 *************************************************
  
 *************************************************
  SUMMARY FOR CONTACT PAIR IDENTIFIED BY REAL CONSTANT SET         485
 Max.  Penetration of 0 has been detected between contact element 56224  
 and target element 56225.                                               
  
 Max.  Geometrical gap of 5.421010862E-20 has been detected between      
 contact element 56224 and target element 56225.                         
  
 Max.  Geometrical penetration of -2.168404345E-19 has been detected     
 between contact element 56224 and target element 56225.                 
 For total 1 contact elements, there are 1 elements are in contact.      
 There are 1 elements are in sticking.                                   
 Max.  Pinball distance 3.E-04.                                          
 One of the contact searching regions contains at least 2 target         
 elements.                                                               
 *************************************************
  
 *************************************************
  SUMMARY FOR CONTACT PAIR IDENTIFIED BY REAL CONSTANT SET         487
 Max.  Penetration of 0 has been detected between contact element 56227  
 and target element 56229.                                               
  
 Max.  Geometrical gap of 1.084202172E-19 has been detected between      
 contact element 56227 and target element 56229.                         
  
 Max.  Geometrical penetration of -1.084202172E-19 has been detected     
 between contact element 56227 and target element 56229.                 
 For total 1 contact elements, there are 1 elements are in contact.      
 There are 1 elements are in sticking.                                   
 Max.  Pinball distance 3.E-04.                                          
 One of the contact searching regions contains at least 2 target         
 elements.                                                               
 *************************************************
  
 *************************************************
  SUMMARY FOR CONTACT PAIR IDENTIFIED BY REAL CONSTANT SET         489
 Max.  Penetration of 0 has been detected between contact element 56230  
 and target element 56231.                                               
  
 Max.  Geometrical gap of 1.084202172E-19 has been detected between      
 contact element 56230 and target element 56231.                         
  
 Max.  Geometrical penetration of -8.131516294E-20 has been detected     
 between contact element 56230 and target element 56231.                 
 For total 1 contact elements, there are 1 elements are in contact.      
 There are 1 elements are in sticking.                                   
 Max.  Pinball distance 3.E-04.                                          
 One of the contact searching regions contains at least 3 target         
 elements.                                                               
 *************************************************
  
 *************************************************
  SUMMARY FOR CONTACT PAIR IDENTIFIED BY REAL CONSTANT SET         491
 Max.  Penetration of 0 has been detected between contact element 56234  
 and target element 56235.                                               
  
 Max.  Geometrical gap of 5.421010862E-20 has been detected between      
 contact element 56234 and target element 56235.                         
  
 Max.  Geometrical penetration of -1.084202172E-19 has been detected     
 between contact element 56234 and target element 56235.                 
 For total 1 contact elements, there are 1 elements are in contact.      
 There are 1 elements are in sticking.                                   
 Max.  Pinball distance 3.E-04.                                          
 One of the contact searching regions contains at least 2 target         
 elements.                                                               
 *************************************************
  
 *************************************************
  SUMMARY FOR CONTACT PAIR IDENTIFIED BY REAL CONSTANT SET         493
 Max.  Penetration of 0 has been detected between contact element 56237  
 and target element 56239.                                               
  
 Max.  Geometrical gap of 6.09863722E-20 has been detected between       
 contact element 56237 and target element 56239.                         
  
 Max.  Geometrical penetration of -1.626303259E-19 has been detected     
 between contact element 56237 and target element 56239.                 
 For total 1 contact elements, there are 1 elements are in contact.      
 There are 1 elements are in sticking.                                   
 Max.  Pinball distance 3.E-04.                                          
 One of the contact searching regions contains at least 2 target         
 elements.                                                               
 *************************************************
  
 *************************************************
  SUMMARY FOR CONTACT PAIR IDENTIFIED BY REAL CONSTANT SET         495
 Max.  Penetration of 0 has been detected between contact element 56240  
 and target element 56242.                                               
  
 Max.  Geometrical gap of 1.084202172E-19 has been detected between      
 contact element 56240 and target element 56242.                         
  
 Max.  Geometrical penetration of -1.084202172E-19 has been detected     
 between contact element 56240 and target element 56242.                 
 For total 1 contact elements, there are 1 elements are in contact.      
 There are 1 elements are in sticking.                                   
 Max.  Pinball distance 3.E-04.                                          
 One of the contact searching regions contains at least 2 target         
 elements.                                                               
 *************************************************
  
 *************************************************
  SUMMARY FOR CONTACT PAIR IDENTIFIED BY REAL CONSTANT SET         497
 Max.  Penetration of 0 has been detected between contact element 56243  
 and target element 56247.                                               
  
 Max.  Geometrical gap of 5.421010862E-20 has been detected between      
 contact element 56243 and target element 56247.                         
  
 Max.  Geometrical penetration of -5.421010862E-20 has been detected     
 between contact element 56243 and target element 56247.                 
 For total 1 contact elements, there are 1 elements are in contact.      
 There are 1 elements are in sticking.                                   
 Max.  Pinball distance 3.E-04.                                          
 One of the contact searching regions contains at least 4 target         
 elements.                                                               
 *************************************************
  
 *************************************************
  SUMMARY FOR CONTACT PAIR IDENTIFIED BY REAL CONSTANT SET         499
 Max.  Penetration of 0 has been detected between contact element 56248  
 and target element 56249.                                               
  
 Max.  Geometrical gap of 1.355252716E-19 has been detected between      
 contact element 56248 and target element 56250.                         
  
 Max.  Geometrical penetration of -5.421010862E-20 has been detected     
 between contact element 56248 and target element 56250.                 
 For total 1 contact elements, there are 1 elements are in contact.      
 There are 1 elements are in sticking.                                   
 Max.  Pinball distance 3.E-04.                                          
 One of the contact searching regions contains at least 3 target         
 elements.                                                               
 *************************************************
  
 *************************************************
  SUMMARY FOR CONTACT PAIR IDENTIFIED BY REAL CONSTANT SET         501
 Max.  Penetration of 0 has been detected between contact element 56252  
 and target element 56253.                                               
  
 Max.  Geometrical gap of 1.084202172E-19 has been detected between      
 contact element 56252 and target element 56253.                         
  
 Max.  Geometrical penetration of -1.084202172E-19 has been detected     
 between contact element 56252 and target element 56253.                 
 For total 1 contact elements, there are 1 elements are in contact.      
 There are 1 elements are in sticking.                                   
 Max.  Pinball distance 3.E-04.                                          
 One of the contact searching regions contains at least 1 target         
 elements.                                                               
 *************************************************
  
 *************************************************
  SUMMARY FOR CONTACT PAIR IDENTIFIED BY REAL CONSTANT SET         503
 Max.  Penetration of 0 has been detected between contact element 56254  
 and target element 56255.                                               
  
 Max.  Geometrical gap of 1.084202172E-19 has been detected between      
 contact element 56254 and target element 56255.                         
  
 Max.  Geometrical penetration of -1.626303259E-19 has been detected     
 between contact element 56254 and target element 56255.                 
 For total 1 contact elements, there are 1 elements are in contact.      
 There are 1 elements are in sticking.                                   
 Max.  Pinball distance 3.E-04.                                          
 One of the contact searching regions contains at least 4 target         
 elements.                                                               
 *************************************************
  
 *************************************************
  SUMMARY FOR CONTACT PAIR IDENTIFIED BY REAL CONSTANT SET         505
 Max.  Penetration of 0 has been detected between contact element 56259  
 and target element 56263.                                               
  
 Max.  Geometrical gap of 1.016439537E-19 has been detected between      
 contact element 56259 and target element 56260.                         
  
 Max.  Geometrical penetration of -1.084202172E-19 has been detected     
 between contact element 56259 and target element 56260.                 
 For total 1 contact elements, there are 1 elements are in contact.      
 There are 1 elements are in sticking.                                   
 Max.  Pinball distance 3.E-04.                                          
 One of the contact searching regions contains at least 4 target         
 elements.                                                               
 *************************************************
  
 *************************************************
  SUMMARY FOR CONTACT PAIR IDENTIFIED BY REAL CONSTANT SET         507
 Max.  Penetration of 0 has been detected between contact element 56264  
 and target element 56267.                                               
  
 Max.  Geometrical gap of 5.421010862E-20 has been detected between      
 contact element 56264 and target element 56267.                         
  
 Max.  Geometrical penetration of -1.084202172E-19 has been detected     
 between contact element 56264 and target element 56267.                 
 For total 1 contact elements, there are 1 elements are in contact.      
 There are 1 elements are in sticking.                                   
 Max.  Pinball distance 3.E-04.                                          
 One of the contact searching regions contains at least 5 target         
 elements.                                                               
 *************************************************
  
 *************************************************
  SUMMARY FOR CONTACT PAIR IDENTIFIED BY REAL CONSTANT SET         509
 Max.  Penetration of 0 has been detected between contact element 56270  
 and target element 56274.                                               
  
 Max.  Geometrical gap of 1.084202172E-19 has been detected between      
 contact element 56270 and target element 56274.                         
  
 Max.  Geometrical penetration of -2.168404345E-19 has been detected     
 between contact element 56270 and target element 56274.                 
 For total 1 contact elements, there are 1 elements are in contact.      
 There are 1 elements are in sticking.                                   
 Max.  Pinball distance 3.E-04.                                          
 One of the contact searching regions contains at least 5 target         
 elements.                                                               
 *************************************************
  
 *************************************************
  SUMMARY FOR CONTACT PAIR IDENTIFIED BY REAL CONSTANT SET         511
 Max.  Penetration of 0 has been detected between contact element 56276  
 and target element 56277.                                               
  
 Max.  Geometrical gap of 6.09863722E-20 has been detected between       
 contact element 56276 and target element 56277.                         
  
 Max.  Geometrical penetration of -2.168404345E-19 has been detected     
 between contact element 56276 and target element 56277.                 
 For total 1 contact elements, there are 1 elements are in contact.      
 There are 1 elements are in sticking.                                   
 Max.  Pinball distance 3.E-04.                                          
 One of the contact searching regions contains at least 4 target         
 elements.                                                               
 *************************************************
  
 *************************************************
  SUMMARY FOR CONTACT PAIR IDENTIFIED BY REAL CONSTANT SET         513
 Max.  Penetration of 0 has been detected between contact element 56282  
 and target element 56285.                                               
  
 Max.  Geometrical gap of 1.084202172E-19 has been detected between      
 contact element 56282 and target element 56285.                         
  
 Max.  Geometrical penetration of -1.084202172E-19 has been detected     
 between contact element 56282 and target element 56285.                 
 For total 1 contact elements, there are 1 elements are in contact.      
 There are 1 elements are in sticking.                                   
 Max.  Pinball distance 3.E-04.                                          
 One of the contact searching regions contains at least 3 target         
 elements.                                                               
 *************************************************
  
 *************************************************
  SUMMARY FOR CONTACT PAIR IDENTIFIED BY REAL CONSTANT SET         515
 Max.  Penetration of 0 has been detected between contact element 56286  
 and target element 56287.                                               
  
 Max.  Geometrical gap of 1.084202172E-19 has been detected between      
 contact element 56286 and target element 56287.                         
  
 Max.  Geometrical penetration of -1.694065895E-19 has been detected     
 between contact element 56286 and target element 56287.                 
 For total 1 contact elements, there are 1 elements are in contact.      
 There are 1 elements are in sticking.                                   
 Max.  Pinball distance 3.E-04.                                          
 One of the contact searching regions contains at least 2 target         
 elements.                                                               
 *************************************************
  
 *************************************************
  SUMMARY FOR CONTACT PAIR IDENTIFIED BY REAL CONSTANT SET         517
 Max.  Penetration of 0 has been detected between contact element 56289  
 and target element 56291.                                               
  
 Max.  Geometrical gap of 1.084202172E-19 has been detected between      
 contact element 56289 and target element 56291.                         
  
 Max.  Geometrical penetration of -1.355252716E-19 has been detected     
 between contact element 56289 and target element 56291.                 
 For total 1 contact elements, there are 1 elements are in contact.      
 There are 1 elements are in sticking.                                   
 Max.  Pinball distance 3.E-04.                                          
 One of the contact searching regions contains at least 6 target         
 elements.                                                               
 *************************************************
  
 *************************************************
  SUMMARY FOR CONTACT PAIR IDENTIFIED BY REAL CONSTANT SET         519
 Max.  Penetration of 0 has been detected between contact element 56296  
 and target element 56298.                                               
  
 Max.  Geometrical gap of 5.421010862E-20 has been detected between      
 contact element 56296 and target element 56298.                         
  
 Max.  Geometrical penetration of -1.626303259E-19 has been detected     
 between contact element 56296 and target element 56298.                 
 For total 1 contact elements, there are 1 elements are in contact.      
 There are 1 elements are in sticking.                                   
 Max.  Pinball distance 3.E-04.                                          
 One of the contact searching regions contains at least 3 target         
 elements.                                                               
 *************************************************
  
 *************************************************
  SUMMARY FOR CONTACT PAIR IDENTIFIED BY REAL CONSTANT SET         521
 Max.  Penetration of 0 has been detected between contact element 56300  
 and target element 56302.                                               
  
 Max.  Geometrical gap of 1.626303259E-19 has been detected between      
 contact element 56300 and target element 56302.                         
  
 Max.  Geometrical penetration of -1.084202172E-19 has been detected     
 between contact element 56300 and target element 56302.                 
 For total 1 contact elements, there are 1 elements are in contact.      
 There are 1 elements are in sticking.                                   
 Max.  Pinball distance 3.E-04.                                          
 One of the contact searching regions contains at least 2 target         
 elements.                                                               
 *************************************************
  
 *************************************************
  SUMMARY FOR CONTACT PAIR IDENTIFIED BY REAL CONSTANT SET         523
 Max.  Penetration of 0 has been detected between contact element 56303  
 and target element 56305.                                               
  
 Max.  Geometrical gap of 5.421010862E-20 has been detected between      
 contact element 56303 and target element 56305.                         
  
 Max.  Geometrical penetration of -5.421010862E-20 has been detected     
 between contact element 56303 and target element 56305.                 
 For total 1 contact elements, there are 1 elements are in contact.      
 There are 1 elements are in sticking.                                   
 Max.  Pinball distance 3.E-04.                                          
 One of the contact searching regions contains at least 2 target         
 elements.                                                               
 *************************************************
  
 *************************************************
  SUMMARY FOR CONTACT PAIR IDENTIFIED BY REAL CONSTANT SET         525
 Max.  Penetration of 0 has been detected between contact element 56306  
 and target element 56308.                                               
  
 Max.  Geometrical gap of 1.456896669E-19 has been detected between      
 contact element 56306 and target element 56308.                         
  
 Max.  Geometrical penetration of -1.084202172E-19 has been detected     
 between contact element 56306 and target element 56308.                 
 For total 1 contact elements, there are 1 elements are in contact.      
 There are 1 elements are in sticking.                                   
 Max.  Pinball distance 3.E-04.                                          
 One of the contact searching regions contains at least 2 target         
 elements.                                                               
 *************************************************
  
 *************************************************
  SUMMARY FOR CONTACT PAIR IDENTIFIED BY REAL CONSTANT SET         527
 Max.  Penetration of 0 has been detected between contact element 56309  
 and target element 56314.                                               
  
 Max.  Geometrical gap of 1.423015351E-19 has been detected between      
 contact element 56309 and target element 56314.                         
  
 Max.  Geometrical penetration of -2.168404345E-19 has been detected     
 between contact element 56309 and target element 56314.                 
 For total 1 contact elements, there are 1 elements are in contact.      
 There are 1 elements are in sticking.                                   
 Max.  Pinball distance 3.E-04.                                          
 One of the contact searching regions contains at least 5 target         
 elements.                                                               
 *************************************************
  
 *************************************************
  SUMMARY FOR CONTACT PAIR IDENTIFIED BY REAL CONSTANT SET         529
 Max.  Penetration of 0 has been detected between contact element 56315  
 and target element 56317.                                               
  
 Max.  Geometrical gap of 1.084202172E-19 has been detected between      
 contact element 56315 and target element 56319.                         
  
 Max.  Geometrical penetration of -5.421010862E-20 has been detected     
 between contact element 56315 and target element 56319.                 
 For total 1 contact elements, there are 1 elements are in contact.      
 There are 1 elements are in sticking.                                   
 Max.  Pinball distance 3.E-04.                                          
 One of the contact searching regions contains at least 4 target         
 elements.                                                               
 *************************************************
  
 *************************************************
  SUMMARY FOR CONTACT PAIR IDENTIFIED BY REAL CONSTANT SET         531
 Max.  Penetration of 0 has been detected between contact element 56320  
 and target element 56321.                                               
  
 Max.  Geometrical gap of 5.421010862E-20 has been detected between      
 contact element 56320 and target element 56321.                         
  
 Max.  Geometrical penetration of -1.084202172E-19 has been detected     
 between contact element 56320 and target element 56321.                 
 For total 1 contact elements, there are 1 elements are in contact.      
 There are 1 elements are in sticking.                                   
 Max.  Pinball distance 3.E-04.                                          
 One of the contact searching regions contains at least 2 target         
 elements.                                                               
 *************************************************
  
 *************************************************
  SUMMARY FOR CONTACT PAIR IDENTIFIED BY REAL CONSTANT SET         533
 Max.  Penetration of 0 has been detected between contact element 56323  
 and target element 56324.                                               
  
 Max.  Geometrical gap of 5.421010862E-20 has been detected between      
 contact element 56323 and target element 56324.                         
  
 Max.  Geometrical penetration of -2.710505431E-20 has been detected     
 between contact element 56323 and target element 56324.                 
 For total 1 contact elements, there are 1 elements are in contact.      
 There are 1 elements are in sticking.                                   
 Max.  Pinball distance 3.E-04.                                          
 One of the contact searching regions contains at least 3 target         
 elements.                                                               
 *************************************************
  
 *************************************************
  SUMMARY FOR CONTACT PAIR IDENTIFIED BY REAL CONSTANT SET         535
 Max.  Penetration of 0 has been detected between contact element 56327  
 and target element 56329.                                               
  
 Max.  Geometrical gap of 1.084202172E-19 has been detected between      
 contact element 56327 and target element 56329.                         
  
 Max.  Geometrical penetration of -1.084202172E-19 has been detected     
 between contact element 56327 and target element 56329.                 
 For total 1 contact elements, there are 1 elements are in contact.      
 There are 1 elements are in sticking.                                   
 Max.  Pinball distance 3.E-04.                                          
 One of the contact searching regions contains at least 2 target         
 elements.                                                               
 *************************************************
  
 *************************************************
  SUMMARY FOR CONTACT PAIR IDENTIFIED BY REAL CONSTANT SET         537
 Max.  Penetration of 0 has been detected between contact element 56330  
 and target element 56333.                                               
  
 Max.  Geometrical gap of 1.626303259E-19 has been detected between      
 contact element 56330 and target element 56333.                         
  
 Max.  Geometrical penetration of -1.084202172E-19 has been detected     
 between contact element 56330 and target element 56333.                 
 For total 1 contact elements, there are 1 elements are in contact.      
 There are 1 elements are in sticking.                                   
 Max.  Pinball distance 3.E-04.                                          
 One of the contact searching regions contains at least 3 target         
 elements.                                                               
 *************************************************
  
 *************************************************
  SUMMARY FOR CONTACT PAIR IDENTIFIED BY REAL CONSTANT SET         539
 Max.  Penetration of 0 has been detected between contact element 56334  
 and target element 56335.                                               
  
 Max.  Geometrical gap of 1.084202172E-19 has been detected between      
 contact element 56334 and target element 56335.                         
  
 Max.  Geometrical penetration of -1.084202172E-19 has been detected     
 between contact element 56334 and target element 56335.                 
 For total 1 contact elements, there are 1 elements are in contact.      
 There are 1 elements are in sticking.                                   
 Max.  Pinball distance 3.E-04.                                          
 One of the contact searching regions contains at least 7 target         
 elements.                                                               
 *************************************************
  
 *************************************************
  SUMMARY FOR CONTACT PAIR IDENTIFIED BY REAL CONSTANT SET         541
 Max.  Penetration of 0 has been detected between contact element 56342  
 and target element 56343.                                               
  
 Max.  Geometrical gap of 5.421010862E-20 has been detected between      
 contact element 56342 and target element 56343.                         
  
 Max.  Geometrical penetration of -1.626303259E-19 has been detected     
 between contact element 56342 and target element 56343.                 
 For total 1 contact elements, there are 1 elements are in contact.      
 There are 1 elements are in sticking.                                   
 Max.  Pinball distance 3.E-04.                                          
 One of the contact searching regions contains at least 2 target         
 elements.                                                               
 *************************************************
  
 *************************************************
  SUMMARY FOR CONTACT PAIR IDENTIFIED BY REAL CONSTANT SET         543
 Max.  Penetration of 0 has been detected between contact element 56345  
 and target element 56346.                                               
  
 Max.  Geometrical gap of 5.421010862E-20 has been detected between      
 contact element 56345 and target element 56346.                         
  
 Max.  Geometrical penetration of -1.084202172E-19 has been detected     
 between contact element 56345 and target element 56346.                 
 For total 1 contact elements, there are 1 elements are in contact.      
 There are 1 elements are in sticking.                                   
 Max.  Pinball distance 3.E-04.                                          
 One of the contact searching regions contains at least 1 target         
 elements.                                                               
 *************************************************
  
 *************************************************
  SUMMARY FOR CONTACT PAIR IDENTIFIED BY REAL CONSTANT SET         545
 Max.  Penetration of 0 has been detected between contact element 56347  
 and target element 56348.                                               
  
 Max.  Geometrical gap of 1.626303259E-19 has been detected between      
 contact element 56347 and target element 56348.                         
  
 Max.  Geometrical penetration of -5.421010862E-20 has been detected     
 between contact element 56347 and target element 56348.                 
 For total 1 contact elements, there are 1 elements are in contact.      
 There are 1 elements are in sticking.                                   
 Max.  Pinball distance 3.E-04.                                          
 One of the contact searching regions contains at least 2 target         
 elements.                                                               
 *************************************************
  
 *************************************************
  SUMMARY FOR CONTACT PAIR IDENTIFIED BY REAL CONSTANT SET         547
 Max.  Penetration of 0 has been detected between contact element 56350  
 and target element 56351.                                               
  
 Max.  Geometrical gap of 1.355252716E-19 has been detected between      
 contact element 56350 and target element 56351.                         
  
 Max.  Geometrical penetration of -2.710505431E-20 has been detected     
 between contact element 56350 and target element 56351.                 
 For total 1 contact elements, there are 1 elements are in contact.      
 There are 1 elements are in sticking.                                   
 Max.  Pinball distance 3.E-04.                                          
 One of the contact searching regions contains at least 1 target         
 elements.                                                               
 *************************************************
  
 *************************************************
  SUMMARY FOR CONTACT PAIR IDENTIFIED BY REAL CONSTANT SET         549
 Max.  Penetration of 0 has been detected between contact element 56352  
 and target element 56354.                                               
  
 Max.  Geometrical gap of 1.084202172E-19 has been detected between      
 contact element 56352 and target element 56354.                         
  
 Max.  Geometrical penetration of -5.421010862E-20 has been detected     
 between contact element 56352 and target element 56354.                 
 For total 1 contact elements, there are 1 elements are in contact.      
 There are 1 elements are in sticking.                                   
 Max.  Pinball distance 3.E-04.                                          
 One of the contact searching regions contains at least 5 target         
 elements.                                                               
 *************************************************
  
 *************************************************
  SUMMARY FOR CONTACT PAIR IDENTIFIED BY REAL CONSTANT SET         551
 Max.  Penetration of 0 has been detected between contact element 56358  
 and target element 56360.                                               
  
 Max.  Geometrical gap of 1.626303259E-19 has been detected between      
 contact element 56358 and target element 56359.                         
  
 Max.  Geometrical penetration of -1.084202172E-19 has been detected     
 between contact element 56358 and target element 56359.                 
 For total 1 contact elements, there are 1 elements are in contact.      
 There are 1 elements are in sticking.                                   
 Max.  Pinball distance 3.E-04.                                          
 One of the contact searching regions contains at least 4 target         
 elements.                                                               
 *************************************************
  
 *************************************************
  SUMMARY FOR CONTACT PAIR IDENTIFIED BY REAL CONSTANT SET         553
 Max.  Penetration of 0 has been detected between contact element 56646  
 and target element 56952.                                               
  
 Max.  Geometrical gap of 2.521142594E-04 has been detected between      
 contact element 56651 and target element 56960.                         
 *WARNING*: The geometrical gap may be too large.  Increase pinball if   
 it is a true geometrical gap.  Decrease pinball if it is a false one.   
 For total 283 contact elements, there are 131 elements are in contact.  
 There are 131 elements are in sticking.                                 
 Max.  Pinball distance 3.E-04.                                          
 One of the contact searching regions contains at least 7 target         
 elements.                                                               
 *************************************************
  
 *************************************************
  SUMMARY FOR CONTACT PAIR IDENTIFIED BY REAL CONSTANT SET         554

 *** NOTE ***                            ELAPSED TIME =      13.061   TIME= 15:52:16
 Contact pair is inactive.                                               
  
 *************************************************
  SUMMARY FOR CONTACT PAIR IDENTIFIED BY REAL CONSTANT SET         555
 Max.  Penetration of 0 has been detected between contact element 57368  
 and target element 57868.                                               
  
 Max.  Geometrical gap of 1.896008884E-04 has been detected between      
 contact element 57379 and target element 57906.                         
 *WARNING*: The geometrical gap may be too large.  Increase pinball if   
 it is a true geometrical gap.  Decrease pinball if it is a false one.   
 For total 399 contact elements, there are 377 elements are in contact.  
 There are 377 elements are in sticking.                                 
 Potential overconstraint is detected.                                   
 Max.  Pinball distance 3.E-04.                                          
 One of the contact searching regions contains at least 13 target        
 elements.                                                               
 *************************************************
  
 *************************************************
  SUMMARY FOR CONTACT PAIR IDENTIFIED BY REAL CONSTANT SET         556

 *** NOTE ***                            ELAPSED TIME =      13.062   TIME= 15:52:16
 Contact pair is inactive.                                               
  
 *************************************************
  SUMMARY FOR CONTACT PAIR IDENTIFIED BY REAL CONSTANT SET         557

 *** NOTE ***                            ELAPSED TIME =      13.063   TIME= 15:52:16
 Contact pair is inactive.                                               
  
 *************************************************
  SUMMARY FOR CONTACT PAIR IDENTIFIED BY REAL CONSTANT SET         558
 Max.  Penetration of 0 has been detected between contact element 58107  
 and target element 57907.                                               
  
 Max.  Geometrical gap of 2.539985717E-04 has been detected between      
 contact element 58123 and target element 57908.                         
 *WARNING*: The geometrical gap may be too large.  Increase pinball if   
 it is a true geometrical gap.  Decrease pinball if it is a false one.   
 For total 40 contact elements, there are 34 elements are in contact.    
 There are 34 elements are in sticking.                                  
 Potential overconstraint is detected.                                   
 Max.  Pinball distance 3.E-04.                                          
 One of the contact searching regions contains at least 15 target        
 elements.                                                               
 *************************************************
  
 *************************************************
  SUMMARY FOR CONTACT PAIR IDENTIFIED BY REAL CONSTANT SET         559
 Max.  Penetration of 0 has been detected between contact element 58234  
 and target element 58327.                                               
  
 Max.  Geometrical gap of 1.126840786E-06 has been detected between      
 contact element 58251 and target element 58346.                         
  
 Max.  Geometrical penetration of -6.06911316E-08 has been detected      
 between contact element 58251 and target element 58346.                 
 For total 47 contact elements, there are 43 elements are in contact.    
 There are 43 elements are in sticking.                                  
 Max.  Pinball distance 3.E-04.                                          
 One of the contact searching regions contains at least 10 target        
 elements.                                                               
 *************************************************
  
 *************************************************
  SUMMARY FOR CONTACT PAIR IDENTIFIED BY REAL CONSTANT SET         560

 *** NOTE ***                            ELAPSED TIME =      13.065   TIME= 15:52:16
 Contact pair is inactive.                                               
  
 *************************************************
  SUMMARY FOR CONTACT PAIR IDENTIFIED BY REAL CONSTANT SET         561

 *** NOTE ***                            ELAPSED TIME =      13.065   TIME= 15:52:16
 Contact pair is inactive.                                               
  
 *************************************************
  SUMMARY FOR CONTACT PAIR IDENTIFIED BY REAL CONSTANT SET         562
 Max.  Penetration of 0 has been detected between contact element 58493  
 and target element 58363.                                               
  
 Max.  Geometrical gap of 1.896008884E-04 has been detected between      
 contact element 58499 and target element 58398.                         
 *WARNING*: The geometrical gap may be too large.  Increase pinball if   
 it is a true geometrical gap.  Decrease pinball if it is a false one.   
 For total 351 contact elements, there are 340 elements are in contact.  
 There are 340 elements are in sticking.                                 
 Potential overconstraint is detected.                                   
 Max.  Pinball distance 3.E-04.                                          
 One of the contact searching regions contains at least 11 target        
 elements.                                                               
 *************************************************
  
 *************************************************
  SUMMARY FOR CONTACT PAIR IDENTIFIED BY REAL CONSTANT SET         563

 *** NOTE ***                            ELAPSED TIME =      13.067   TIME= 15:52:16
 Contact pair is inactive.                                               
  
 *************************************************
  SUMMARY FOR CONTACT PAIR IDENTIFIED BY REAL CONSTANT SET         564
 Max.  Penetration of 0 has been detected between contact element 59235  
 and target element 59209.                                               
  
 Max.  Geometrical gap of 2.521577111E-04 has been detected between      
 contact element 59479 and target element 59205.                         
 *WARNING*: The geometrical gap may be too large.  Increase pinball if   
 it is a true geometrical gap.  Decrease pinball if it is a false one.   
 For total 272 contact elements, there are 138 elements are in contact.  
 There are 138 elements are in sticking.                                 
 Max.  Pinball distance 3.E-04.                                          
 One of the contact searching regions contains at least 7 target         
 elements.                                                               
 *************************************************
  
 *************************************************
  SUMMARY FOR CONTACT PAIR IDENTIFIED BY REAL CONSTANT SET         565

 *** NOTE ***                            ELAPSED TIME =      13.068   TIME= 15:52:16
 Contact pair is inactive.                                               
  
 *************************************************
  SUMMARY FOR CONTACT PAIR IDENTIFIED BY REAL CONSTANT SET         566
 Max.  Penetration of 0 has been detected between contact element 59819  
 and target element 59790.                                               
  
 Max.  Geometrical gap of 2.775633247E-04 has been detected between      
 contact element 59908 and target element 59785.                         
 *WARNING*: The geometrical gap may be too large.  Increase pinball if   
 it is a true geometrical gap.  Decrease pinball if it is a false one.   
  
 Max.  Geometrical penetration of -1.025198312E-04 has been detected     
 between contact element 59908 and target element 59785.                 
 For total 180 contact elements, there are 170 elements are in contact.  
 There are 170 elements are in sticking.                                 
 Max.  Pinball distance 3.E-04.                                          
 One of the contact searching regions contains at least 9 target         
 elements.                                                               
 *************************************************
  
 *************************************************
  SUMMARY FOR CONTACT PAIR IDENTIFIED BY REAL CONSTANT SET         567

 *** NOTE ***                            ELAPSED TIME =      13.069   TIME= 15:52:16
 Contact pair is inactive.                                               
  
 *************************************************
  SUMMARY FOR CONTACT PAIR IDENTIFIED BY REAL CONSTANT SET         568
 Max.  Penetration of 0 has been detected between contact element 60275  
 and target element 60195.                                               
  
 Max.  Geometrical gap of 1.128363645E-06 has been detected between      
 contact element 60320 and target element 60188.                         
  
 Max.  Geometrical penetration of -1.222199932E-07 has been detected     
 between contact element 60320 and target element 60188.                 
 For total 49 contact elements, there are 46 elements are in contact.    
 There are 46 elements are in sticking.                                  
 Max.  Pinball distance 3.E-04.                                          
 One of the contact searching regions contains at least 12 target        
 elements.                                                               
 *************************************************
  
 *************************************************
  SUMMARY FOR CONTACT PAIR IDENTIFIED BY REAL CONSTANT SET         569

 *** NOTE ***                            ELAPSED TIME =      13.071   TIME= 15:52:16
 Contact pair is inactive.                                               
  
 *************************************************
  SUMMARY FOR CONTACT PAIR IDENTIFIED BY REAL CONSTANT SET         570
 Max.  Penetration of 0 has been detected between contact element 60411  
 and target element 60389.                                               
  
 Max.  Geometrical gap of 2.52128731E-04 has been detected between       
 contact element 60679 and target element 60374.                         
 *WARNING*: The geometrical gap may be too large.  Increase pinball if   
 it is a true geometrical gap.  Decrease pinball if it is a false one.   
 For total 281 contact elements, there are 144 elements are in contact.  
 There are 144 elements are in sticking.                                 
 Max.  Pinball distance 3.E-04.                                          
 One of the contact searching regions contains at least 7 target         
 elements.                                                               
 *************************************************
  
 *************************************************
  SUMMARY FOR CONTACT PAIR IDENTIFIED BY REAL CONSTANT SET         571

 *** NOTE ***                            ELAPSED TIME =      13.072   TIME= 15:52:16
 Contact pair is inactive.                                               
  
 *************************************************
  SUMMARY FOR CONTACT PAIR IDENTIFIED BY REAL CONSTANT SET         572
 Max.  Penetration of 0 has been detected between contact element 61013  
 and target element 60973.                                               
  
 Max.  Geometrical gap of 2.959538757E-04 has been detected between      
 contact element 61139 and target element 60975.                         
 *WARNING*: The geometrical gap may be too large.  Increase pinball if   
 it is a true geometrical gap.  Decrease pinball if it is a false one.   
  
 Max.  Geometrical penetration of -1.018895615E-04 has been detected     
 between contact element 61139 and target element 60975.                 
 For total 180 contact elements, there are 170 elements are in contact.  
 There are 170 elements are in sticking.                                 
 Max.  Pinball distance 3.E-04.                                          
 One of the contact searching regions contains at least 9 target         
 elements.                                                               
 *************************************************
  
 *************************************************
  SUMMARY FOR CONTACT PAIR IDENTIFIED BY REAL CONSTANT SET         573
 Max.  Penetration of 0 has been detected between contact element 61612  
 and target element 61878.                                               
  
 Max.  Geometrical gap of 2.521142615E-04 has been detected between      
 contact element 61832 and target element 61874.                         
 *WARNING*: The geometrical gap may be too large.  Increase pinball if   
 it is a true geometrical gap.  Decrease pinball if it is a false one.   
 For total 239 contact elements, there are 108 elements are in contact.  
 There are 108 elements are in sticking.                                 
 Max.  Pinball distance 3.E-04.                                          
 One of the contact searching regions contains at least 7 target         
 elements.                                                               
 *************************************************
  
 *************************************************
  SUMMARY FOR CONTACT PAIR IDENTIFIED BY REAL CONSTANT SET         574

 *** NOTE ***                            ELAPSED TIME =      13.074   TIME= 15:52:16
 Contact pair is inactive.                                               
  
 *************************************************
  SUMMARY FOR CONTACT PAIR IDENTIFIED BY REAL CONSTANT SET         575

 *** NOTE ***                            ELAPSED TIME =      13.074   TIME= 15:52:16
 Contact pair is inactive.                                               
  
 *************************************************
  SUMMARY FOR CONTACT PAIR IDENTIFIED BY REAL CONSTANT SET         576
 Max.  Penetration of 0 has been detected between contact element 62253  
 and target element 61941.                                               
  
 Max.  Geometrical gap of 1.895995902E-04 has been detected between      
 contact element 62270 and target element 61926.                         
 *WARNING*: The geometrical gap may be too large.  Increase pinball if   
 it is a true geometrical gap.  Decrease pinball if it is a false one.   
 For total 370 contact elements, there are 350 elements are in contact.  
 There are 350 elements are in sticking.                                 
 Potential overconstraint is detected.                                   
 Max.  Pinball distance 3.E-04.                                          
 One of the contact searching regions contains at least 14 target        
 elements.                                                               
 *************************************************
  
 *************************************************
  SUMMARY FOR CONTACT PAIR IDENTIFIED BY REAL CONSTANT SET         577
 Max.  Penetration of 0 has been detected between contact element 63093  
 and target element 63268.                                               
  
 Max.  Geometrical gap of 1.129267427E-06 has been detected between      
 contact element 63176 and target element 63241.                         
  
 Max.  Geometrical penetration of -1.211383056E-07 has been detected     
 between contact element 63176 and target element 63241.                 
 For total 100 contact elements, there are 98 elements are in contact.   
 There are 98 elements are in sticking.                                  
 Max.  Pinball distance 3.E-04.                                          
 One of the contact searching regions contains at least 13 target        
 elements.                                                               
 *************************************************
  
 *************************************************
  SUMMARY FOR CONTACT PAIR IDENTIFIED BY REAL CONSTANT SET         578

 *** NOTE ***                            ELAPSED TIME =      13.076   TIME= 15:52:16
 Contact pair is inactive.                                               
  
 *************************************************
  SUMMARY FOR CONTACT PAIR IDENTIFIED BY REAL CONSTANT SET         579

 *** NOTE ***                            ELAPSED TIME =      13.077   TIME= 15:52:16
 Contact pair is inactive.                                               
  
 *************************************************
  SUMMARY FOR CONTACT PAIR IDENTIFIED BY REAL CONSTANT SET         580
 Max.  Penetration of 0 has been detected between contact element 63431  
 and target element 63310.                                               
  
 Max.  Geometrical gap of 1.895995901E-04 has been detected between      
 contact element 63821 and target element 63350.                         
 *WARNING*: The geometrical gap may be too large.  Increase pinball if   
 it is a true geometrical gap.  Decrease pinball if it is a false one.   
 For total 399 contact elements, there are 383 elements are in contact.  
 There are 383 elements are in sticking.                                 
 Potential overconstraint is detected.                                   
 Max.  Pinball distance 3.E-04.                                          
 One of the contact searching regions contains at least 13 target        
 elements.                                                               
 *************************************************
  
 *************************************************
  SUMMARY FOR CONTACT PAIR IDENTIFIED BY REAL CONSTANT SET         581

 *** NOTE ***                            ELAPSED TIME =      13.078   TIME= 15:52:16
 Contact pair is inactive.                                               
  
 *************************************************
  SUMMARY FOR CONTACT PAIR IDENTIFIED BY REAL CONSTANT SET         582
 Max.  Penetration of 0 has been detected between contact element 64433  
 and target element 64330.                                               
  
 Max.  Geometrical gap of 2.473811327E-04 has been detected between      
 contact element 64450 and target element 64329.                         
 *WARNING*: The geometrical gap may be too large.  Increase pinball if   
 it is a true geometrical gap.  Decrease pinball if it is a false one.   
 For total 40 contact elements, there are 26 elements are in contact.    
 There are 26 elements are in sticking.                                  
 Potential overconstraint is detected.                                   
 Max.  Pinball distance 3.E-04.                                          
 One of the contact searching regions contains at least 17 target        
 elements.                                                               
 *************************************************
  
 *************************************************
  SUMMARY FOR CONTACT PAIR IDENTIFIED BY REAL CONSTANT SET         583
 Max.  Penetration of 0 has been detected between contact element 64790  
 and target element 65091.                                               
  
 Max.  Geometrical gap of 2.52114261E-04 has been detected between       
 contact element 65050 and target element 65089.                         
 *WARNING*: The geometrical gap may be too large.  Increase pinball if   
 it is a true geometrical gap.  Decrease pinball if it is a false one.   
 For total 277 contact elements, there are 124 elements are in contact.  
 There are 124 elements are in sticking.                                 
 Max.  Pinball distance 3.E-04.                                          
 One of the contact searching regions contains at least 7 target         
 elements.                                                               
 *************************************************
  
 *************************************************
  SUMMARY FOR CONTACT PAIR IDENTIFIED BY REAL CONSTANT SET         584

 *** NOTE ***                            ELAPSED TIME =      13.080   TIME= 15:52:16
 Contact pair is inactive.                                               
  
 *************************************************
  SUMMARY FOR CONTACT PAIR IDENTIFIED BY REAL CONSTANT SET         585
 Max.  Penetration of 0 has been detected between contact element 65444  
 and target element 65902.                                               
  
 Max.  Geometrical gap of 1.896008883E-04 has been detected between      
 contact element 65776 and target element 65882.                         
 *WARNING*: The geometrical gap may be too large.  Increase pinball if   
 it is a true geometrical gap.  Decrease pinball if it is a false one.   
 For total 337 contact elements, there are 320 elements are in contact.  
 There are 320 elements are in sticking.                                 
 Potential overconstraint is detected.                                   
 Max.  Pinball distance 3.E-04.                                          
 One of the contact searching regions contains at least 11 target        
 elements.                                                               
 *************************************************
  
 *************************************************
  SUMMARY FOR CONTACT PAIR IDENTIFIED BY REAL CONSTANT SET         586

 *** NOTE ***                            ELAPSED TIME =      13.083   TIME= 15:52:16
 Contact pair is inactive.                                               
  
 *************************************************
  SUMMARY FOR CONTACT PAIR IDENTIFIED BY REAL CONSTANT SET         587
 Max.  Penetration of 0 has been detected between contact element 66143  
 and target element 66392.                                               
  
 Max.  Geometrical gap of 2.521142619E-04 has been detected between      
 contact element 66348 and target element 66390.                         
 *WARNING*: The geometrical gap may be too large.  Increase pinball if   
 it is a true geometrical gap.  Decrease pinball if it is a false one.   
 For total 224 contact elements, there are 96 elements are in contact.   
 There are 96 elements are in sticking.                                  
 Max.  Pinball distance 3.E-04.                                          
 One of the contact searching regions contains at least 7 target         
 elements.                                                               
 *************************************************
  
 *************************************************
  SUMMARY FOR CONTACT PAIR IDENTIFIED BY REAL CONSTANT SET         588

 *** NOTE ***                            ELAPSED TIME =      13.084   TIME= 15:52:16
 Contact pair is inactive.                                               
  
 *************************************************
  SUMMARY FOR CONTACT PAIR IDENTIFIED BY REAL CONSTANT SET         589

 *** NOTE ***                            ELAPSED TIME =      13.084   TIME= 15:52:16
 Contact pair is inactive.                                               
  
 *************************************************
  SUMMARY FOR CONTACT PAIR IDENTIFIED BY REAL CONSTANT SET         590
 Max.  Penetration of 0 has been detected between contact element 66569  
 and target element 66463.                                               
  
 Max.  Geometrical gap of 2.689796322E-04 has been detected between      
 contact element 66584 and target element 66485.                         
 *WARNING*: The geometrical gap may be too large.  Increase pinball if   
 it is a true geometrical gap.  Decrease pinball if it is a false one.   
 For total 34 contact elements, there are 23 elements are in contact.    
 There are 23 elements are in sticking.                                  
 Potential overconstraint is detected.                                   
 Max.  Pinball distance 3.E-04.                                          
 One of the contact searching regions contains at least 14 target        
 elements.                                                               
 *************************************************
  
 *************************************************
  SUMMARY FOR CONTACT PAIR IDENTIFIED BY REAL CONSTANT SET         591

 *** NOTE ***                            ELAPSED TIME =      13.086   TIME= 15:52:16
 Contact pair is inactive.                                               
  
 *************************************************
  SUMMARY FOR CONTACT PAIR IDENTIFIED BY REAL CONSTANT SET         592
 Max.  Penetration of 0 has been detected between contact element 66677  
 and target element 66638.                                               
  
 Max.  Geometrical gap of 2.808324838E-04 has been detected between      
 contact element 66755 and target element 66651.                         
 *WARNING*: The geometrical gap may be too large.  Increase pinball if   
 it is a true geometrical gap.  Decrease pinball if it is a false one.   
  
 Max.  Geometrical penetration of -1.018995628E-04 has been detected     
 between contact element 66755 and target element 66651.                 
 For total 180 contact elements, there are 172 elements are in contact.  
 There are 172 elements are in sticking.                                 
 Max.  Pinball distance 3.E-04.                                          
 One of the contact searching regions contains at least 9 target         
 elements.                                                               
 *************************************************
  
 *************************************************
  SUMMARY FOR CONTACT PAIR IDENTIFIED BY REAL CONSTANT SET         593

 *** NOTE ***                            ELAPSED TIME =      13.087   TIME= 15:52:16
 Contact pair is inactive.                                               
  
 *************************************************
  SUMMARY FOR CONTACT PAIR IDENTIFIED BY REAL CONSTANT SET         594
 Max.  Penetration of 0 has been detected between contact element 67078  
 and target element 67049.                                               
  
 Max.  Geometrical gap of 2.853998673E-04 has been detected between      
 contact element 67164 and target element 67041.                         
 *WARNING*: The geometrical gap may be too large.  Increase pinball if   
 it is a true geometrical gap.  Decrease pinball if it is a false one.   
  
 Max.  Geometrical penetration of -9.801975931E-05 has been detected     
 between contact element 67164 and target element 67041.                 
 For total 180 contact elements, there are 168 elements are in contact.  
 There are 168 elements are in sticking.                                 
 Max.  Pinball distance 3.E-04.                                          
 One of the contact searching regions contains at least 9 target         
 elements.                                                               
 *************************************************
  
 *************************************************
  SUMMARY FOR CONTACT PAIR IDENTIFIED BY REAL CONSTANT SET         595
 Max.  Penetration of 0 has been detected between contact element 67482  
 and target element 67565.                                               
  
 Max.  Geometrical gap of 1.126488792E-06 has been detected between      
 contact element 67491 and target element 67578.                         
  
 Max.  Geometrical penetration of -5.944759847E-08 has been detected     
 between contact element 67491 and target element 67578.                 
 For total 44 contact elements, there are 42 elements are in contact.    
 There are 42 elements are in sticking.                                  
 Max.  Pinball distance 3.E-04.                                          
 One of the contact searching regions contains at least 9 target         
 elements.                                                               
 *************************************************
  
 *************************************************
  SUMMARY FOR CONTACT PAIR IDENTIFIED BY REAL CONSTANT SET         596

 *** NOTE ***                            ELAPSED TIME =      13.089   TIME= 15:52:16
 Contact pair is inactive.                                               
  
 *************************************************
  SUMMARY FOR CONTACT PAIR IDENTIFIED BY REAL CONSTANT SET         597

 *** NOTE ***                            ELAPSED TIME =      13.089   TIME= 15:52:16
 Contact pair is inactive.                                               
  
 *************************************************
  SUMMARY FOR CONTACT PAIR IDENTIFIED BY REAL CONSTANT SET         598
 Max.  Penetration of 0 has been detected between contact element 67633  
 and target element 67592.                                               
  
 Max.  Geometrical gap of 2.746104071E-04 has been detected between      
 contact element 67718 and target element 67601.                         
 *WARNING*: The geometrical gap may be too large.  Increase pinball if   
 it is a true geometrical gap.  Decrease pinball if it is a false one.   
  
 Max.  Geometrical penetration of -1.018922031E-04 has been detected     
 between contact element 67718 and target element 67601.                 
 For total 180 contact elements, there are 172 elements are in contact.  
 There are 172 elements are in sticking.                                 
 Max.  Pinball distance 3.E-04.                                          
 One of the contact searching regions contains at least 9 target         
 elements.                                                               
 *************************************************
  
 *************************************************
  SUMMARY FOR CONTACT PAIR IDENTIFIED BY REAL CONSTANT SET         599
 Max.  Penetration of 0 has been detected between contact element 68040  
 and target element 68116.                                               
  
 Max.  Geometrical gap of 1.12545361E-06 has been detected between       
 contact element 68078 and target element 68130.                         
  
 Max.  Geometrical penetration of -6.058393811E-08 has been detected     
 between contact element 68078 and target element 68130.                 
 For total 48 contact elements, there are 44 elements are in contact.    
 There are 44 elements are in sticking.                                  
 Max.  Pinball distance 3.E-04.                                          
 One of the contact searching regions contains at least 10 target        
 elements.                                                               
 *************************************************
  
 *************************************************
  SUMMARY FOR CONTACT PAIR IDENTIFIED BY REAL CONSTANT SET         600

 *** NOTE ***                            ELAPSED TIME =      13.092   TIME= 15:52:16
 Contact pair is inactive.                                               
  
 *************************************************
  SUMMARY FOR CONTACT PAIR IDENTIFIED BY REAL CONSTANT SET         601

 *** NOTE ***                            ELAPSED TIME =      13.092   TIME= 15:52:16
 Contact pair is inactive.                                               
  
 *************************************************
  SUMMARY FOR CONTACT PAIR IDENTIFIED BY REAL CONSTANT SET         602
 Max.  Penetration of 0 has been detected between contact element 68287  
 and target element 68151.                                               
  
 Max.  Geometrical gap of 1.895995901E-04 has been detected between      
 contact element 68647 and target element 68170.                         
 *WARNING*: The geometrical gap may be too large.  Increase pinball if   
 it is a true geometrical gap.  Decrease pinball if it is a false one.   
 For total 364 contact elements, there are 350 elements are in contact.  
 There are 350 elements are in sticking.                                 
 Potential overconstraint is detected.                                   
 Max.  Pinball distance 3.E-04.                                          
 One of the contact searching regions contains at least 12 target        
 elements.                                                               
 *************************************************
  
 *************************************************
  SUMMARY FOR CONTACT PAIR IDENTIFIED BY REAL CONSTANT SET         603

 *** NOTE ***                            ELAPSED TIME =      13.093   TIME= 15:52:16
 Contact pair is inactive.                                               
  
 *************************************************
  SUMMARY FOR CONTACT PAIR IDENTIFIED BY REAL CONSTANT SET         604
 Max.  Penetration of 0 has been detected between contact element 69055  
 and target element 69016.                                               
  
 Max.  Geometrical gap of 2.968243451E-04 has been detected between      
 contact element 69201 and target element 69022.                         
 *WARNING*: The geometrical gap may be too large.  Increase pinball if   
 it is a true geometrical gap.  Decrease pinball if it is a false one.   
  
 Max.  Geometrical penetration of -1.018969249E-04 has been detected     
 between contact element 69201 and target element 69022.                 
 For total 180 contact elements, there are 170 elements are in contact.  
 There are 170 elements are in sticking.                                 
 Max.  Pinball distance 3.E-04.                                          
 One of the contact searching regions contains at least 9 target         
 elements.                                                               
 *************************************************
  
 *************************************************
  SUMMARY FOR CONTACT PAIR IDENTIFIED BY REAL CONSTANT SET         605

 *** NOTE ***                            ELAPSED TIME =      13.094   TIME= 15:52:16
 Contact pair is inactive.                                               
  
 *************************************************
  SUMMARY FOR CONTACT PAIR IDENTIFIED BY REAL CONSTANT SET         606
 Max.  Penetration of 0 has been detected between contact element 69511  
 and target element 69435.                                               
  
 Max.  Geometrical gap of 1.123073621E-06 has been detected between      
 contact element 69520 and target element 69433.                         
  
 Max.  Geometrical penetration of -1.272779555E-07 has been detected     
 between contact element 69520 and target element 69433.                 
 For total 47 contact elements, there are 44 elements are in contact.    
 There are 44 elements are in sticking.                                  
 Max.  Pinball distance 3.E-04.                                          
 One of the contact searching regions contains at least 13 target        
 elements.                                                               
 *************************************************
  
 *************************************************
  SUMMARY FOR CONTACT PAIR IDENTIFIED BY REAL CONSTANT SET         607

 *** NOTE ***                            ELAPSED TIME =      13.096   TIME= 15:52:16
 Contact pair is inactive.                                               
  
 *************************************************
  SUMMARY FOR CONTACT PAIR IDENTIFIED BY REAL CONSTANT SET         608
 Max.  Penetration of 0 has been detected between contact element 69789  
 and target element 69608.                                               
  
 Max.  Geometrical gap of 2.491270158E-04 has been detected between      
 contact element 69789 and target element 69606.                         
 *WARNING*: The geometrical gap may be too large.  Increase pinball if   
 it is a true geometrical gap.  Decrease pinball if it is a false one.   
 For total 40 contact elements, there are 33 elements are in contact.    
 There are 33 elements are in sticking.                                  
 Potential overconstraint is detected.                                   
 Max.  Pinball distance 3.E-04.                                          
 One of the contact searching regions contains at least 13 target        
 elements.                                                               
 *************************************************
  
 *************************************************
  SUMMARY FOR CONTACT PAIR IDENTIFIED BY REAL CONSTANT SET         609
 Max.  Penetration of 0 has been detected between contact element 69953  
 and target element 70082.                                               
  
 Max.  Geometrical gap of 1.656480164E-04 has been detected between      
 contact element 69958 and target element 70080.                         
 *WARNING*: The geometrical gap may be too large.  Increase pinball if   
 it is a true geometrical gap.  Decrease pinball if it is a false one.   
  
 Max.  Geometrical penetration of -2.297253253E-04 has been detected     
 between contact element 69958 and target element 70080.                 
 *WARNING*: The geometrical penetration may be too large.  Increase      
 pinball if it is a true geometrical penetration.  Decrease pinball if   
 it is a false one.                                                      
 For total 84 contact elements, there are 84 elements are in contact.    
 There are 84 elements are in sticking.                                  
 Potential overconstraint is detected.                                   
 Max.  Pinball distance 3.E-04.                                          
 One of the contact searching regions contains at least 9 target         
 elements.                                                               
 *************************************************
  
 *************************************************
  SUMMARY FOR CONTACT PAIR IDENTIFIED BY REAL CONSTANT SET         610

 *** NOTE ***                            ELAPSED TIME =      13.098   TIME= 15:52:16
 Contact pair is inactive.                                               
  
 *************************************************
  SUMMARY FOR CONTACT PAIR IDENTIFIED BY REAL CONSTANT SET         611
 Max.  Penetration of 0 has been detected between contact element 70184  
 and target element 70320.                                               
  
 Max.  Geometrical gap of 2.520981937E-04 has been detected between      
 contact element 70191 and target element 70326.                         
 *WARNING*: The geometrical gap may be too large.  Increase pinball if   
 it is a true geometrical gap.  Decrease pinball if it is a false one.   
  
 Max.  Geometrical penetration of -2.815263323E-04 has been detected     
 between contact element 70191 and target element 70326.                 
 *WARNING*: The geometrical penetration may be too large.  Increase      
 pinball if it is a true geometrical penetration.  Decrease pinball if   
 it is a false one.                                                      
 For total 101 contact elements, there are 93 elements are in contact.   
 There are 93 elements are in sticking.                                  
 Potential overconstraint is detected.                                   
 Max.  Pinball distance 3.E-04.                                          
 One of the contact searching regions contains at least 8 target         
 elements.                                                               
 *************************************************
  
 *************************************************
  SUMMARY FOR CONTACT PAIR IDENTIFIED BY REAL CONSTANT SET         612

 *** NOTE ***                            ELAPSED TIME =      13.100   TIME= 15:52:16
 Contact pair is inactive.                                               
  
 *************************************************
  SUMMARY FOR CONTACT PAIR IDENTIFIED BY REAL CONSTANT SET         613
 Max.  Penetration of 0 has been detected between contact element 70419  
 and target element 70542.                                               
  
 Max.  Geometrical gap of 5.200658447E-05 has been detected between      
 contact element 70456 and target element 70532.                         
  
 Max.  Geometrical penetration of -1.957783996E-04 has been detected     
 between contact element 70456 and target element 70532.                 
 *WARNING*: The geometrical penetration may be too large.  Increase      
 pinball if it is a true geometrical penetration.  Decrease pinball if   
 it is a false one.                                                      
 For total 92 contact elements, there are 92 elements are in contact.    
 There are 92 elements are in sticking.                                  
 Potential overconstraint is detected.                                   
 Max.  Pinball distance 3.E-04.                                          
 One of the contact searching regions contains at least 8 target         
 elements.                                                               
 *************************************************
  
 *************************************************
  SUMMARY FOR CONTACT PAIR IDENTIFIED BY REAL CONSTANT SET         614

 *** NOTE ***                            ELAPSED TIME =      13.101   TIME= 15:52:16
 Contact pair is inactive.                                               
  
 *************************************************
  SUMMARY FOR CONTACT PAIR IDENTIFIED BY REAL CONSTANT SET         615
 Max.  Penetration of 0 has been detected between contact element 70657  
 and target element 70797.                                               
  
 Max.  Geometrical gap of 2.140186675E-04 has been detected between      
 contact element 70664 and target element 70803.                         
 *WARNING*: The geometrical gap may be too large.  Increase pinball if   
 it is a true geometrical gap.  Decrease pinball if it is a false one.   
  
 Max.  Geometrical penetration of -2.295118518E-04 has been detected     
 between contact element 70664 and target element 70803.                 
 *WARNING*: The geometrical penetration may be too large.  Increase      
 pinball if it is a true geometrical penetration.  Decrease pinball if   
 it is a false one.                                                      
 For total 108 contact elements, there are 100 elements are in contact.  
 There are 100 elements are in sticking.                                 
 Potential overconstraint is detected.                                   
 Max.  Pinball distance 3.E-04.                                          
 One of the contact searching regions contains at least 8 target         
 elements.                                                               
 *************************************************
  
 *************************************************
  SUMMARY FOR CONTACT PAIR IDENTIFIED BY REAL CONSTANT SET         616

 *** NOTE ***                            ELAPSED TIME =      13.103   TIME= 15:52:16
 Contact pair is inactive.                                               
  
 *************************************************
  SUMMARY FOR CONTACT PAIR IDENTIFIED BY REAL CONSTANT SET         617
 Max.  Penetration of 0 has been detected between contact element 70917  
 and target element 71072.                                               
  
 Max.  Geometrical gap of 2.986626387E-04 has been detected between      
 contact element 70921 and target element 71068.                         
 *WARNING*: The geometrical gap may be too large.  Increase pinball if   
 it is a true geometrical gap.  Decrease pinball if it is a false one.   
  
 Max.  Geometrical penetration of -2.823451919E-04 has been detected     
 between contact element 70921 and target element 71068.                 
 *WARNING*: The geometrical penetration may be too large.  Increase      
 pinball if it is a true geometrical penetration.  Decrease pinball if   
 it is a false one.                                                      
 For total 112 contact elements, there are 94 elements are in contact.   
 There are 94 elements are in sticking.                                  
 Potential overconstraint is detected.                                   
 Max.  Pinball distance 3.E-04.                                          
 One of the contact searching regions contains at least 9 target         
 elements.                                                               
 *************************************************
  
 *************************************************
  SUMMARY FOR CONTACT PAIR IDENTIFIED BY REAL CONSTANT SET         618

 *** NOTE ***                            ELAPSED TIME =      13.104   TIME= 15:52:16
 Contact pair is inactive.                                               
  
 *************************************************
  SUMMARY FOR CONTACT PAIR IDENTIFIED BY REAL CONSTANT SET         619
 Max.  Penetration of 0 has been detected between contact element 71196  
 and target element 71358.                                               
  
 Max.  Geometrical gap of 5.498376605E-05 has been detected between      
 contact element 71256 and target element 71343.                         
  
 Max.  Geometrical penetration of -1.968519505E-04 has been detected     
 between contact element 71256 and target element 71343.                 
 *WARNING*: The geometrical penetration may be too large.  Increase      
 pinball if it is a true geometrical penetration.  Decrease pinball if   
 it is a false one.                                                      
 For total 123 contact elements, there are 119 elements are in contact.  
 There are 119 elements are in sticking.                                 
 Potential overconstraint is detected.                                   
 Max.  Pinball distance 3.E-04.                                          
 One of the contact searching regions contains at least 8 target         
 elements.                                                               
 *************************************************
  
 *************************************************
  SUMMARY FOR CONTACT PAIR IDENTIFIED BY REAL CONSTANT SET         620

 *** NOTE ***                            ELAPSED TIME =      13.106   TIME= 15:52:16
 Contact pair is inactive.                                               
  
 *************************************************
  SUMMARY FOR CONTACT PAIR IDENTIFIED BY REAL CONSTANT SET         621
 Max.  Penetration of 0 has been detected between contact element 71444  
 and target element 71577.                                               
  
 Max.  Geometrical gap of 1.829162328E-04 has been detected between      
 contact element 71451 and target element 71576.                         
 *WARNING*: The geometrical gap may be too large.  Increase pinball if   
 it is a true geometrical gap.  Decrease pinball if it is a false one.   
  
 Max.  Geometrical penetration of -2.444347371E-04 has been detected     
 between contact element 71451 and target element 71576.                 
 *WARNING*: The geometrical penetration may be too large.  Increase      
 pinball if it is a true geometrical penetration.  Decrease pinball if   
 it is a false one.                                                      
 For total 85 contact elements, there are 83 elements are in contact.    
 There are 83 elements are in sticking.                                  
 Max.  Pinball distance 3.E-04.                                          
 One of the contact searching regions contains at least 9 target         
 elements.                                                               
 *************************************************
  
 *************************************************
  SUMMARY FOR CONTACT PAIR IDENTIFIED BY REAL CONSTANT SET         622

 *** NOTE ***                            ELAPSED TIME =      13.107   TIME= 15:52:16
 Contact pair is inactive.                                               
  
 *************************************************
  SUMMARY FOR CONTACT PAIR IDENTIFIED BY REAL CONSTANT SET         623
 Max.  Penetration of 0 has been detected between contact element 71693  
 and target element 71852.                                               
  
 Max.  Geometrical gap of 2.059613642E-04 has been detected between      
 contact element 71725 and target element 71851.                         
 *WARNING*: The geometrical gap may be too large.  Increase pinball if   
 it is a true geometrical gap.  Decrease pinball if it is a false one.   
  
 Max.  Geometrical penetration of -2.477936996E-04 has been detected     
 between contact element 71725 and target element 71851.                 
 *WARNING*: The geometrical penetration may be too large.  Increase      
 pinball if it is a true geometrical penetration.  Decrease pinball if   
 it is a false one.                                                      
 For total 114 contact elements, there are 103 elements are in contact.  
 There are 103 elements are in sticking.                                 
 Max.  Pinball distance 3.E-04.                                          
 One of the contact searching regions contains at least 8 target         
 elements.                                                               
 *************************************************
  
 *************************************************
  SUMMARY FOR CONTACT PAIR IDENTIFIED BY REAL CONSTANT SET         624

 *** NOTE ***                            ELAPSED TIME =      13.109   TIME= 15:52:16
 Contact pair is inactive.                                               
  
 *************************************************
  SUMMARY FOR CONTACT PAIR IDENTIFIED BY REAL CONSTANT SET         625

 *** NOTE ***                            ELAPSED TIME =      13.109   TIME= 15:52:16
 Contact pair is inactive.                                               
  
 *************************************************
  SUMMARY FOR CONTACT PAIR IDENTIFIED BY REAL CONSTANT SET         626
 Max.  Penetration of 0 has been detected between contact element 72579  
 and target element 71853.                                               
  
 Max.  Geometrical gap of 2.8372076E-04 has been detected between        
 contact element 72585 and target element 72209.                         
 *WARNING*: The geometrical gap may be too large.  Increase pinball if   
 it is a true geometrical gap.  Decrease pinball if it is a false one.   
 For total 39 contact elements, there are 39 elements are in contact.    
 There are 39 elements are in sticking.                                  
 Potential overconstraint is detected.                                   
 Max.  Pinball distance 3.E-04.                                          
 One of the contact searching regions contains at least 13 target        
 elements.                                                               
 *************************************************
  
 *************************************************
  SUMMARY FOR CONTACT PAIR IDENTIFIED BY REAL CONSTANT SET         627

 *** NOTE ***                            ELAPSED TIME =      13.110   TIME= 15:52:16
 Contact pair is inactive.                                               
  
 *************************************************
  SUMMARY FOR CONTACT PAIR IDENTIFIED BY REAL CONSTANT SET         628
 Max.  Penetration of 0 has been detected between contact element 73291  
 and target element 72659.                                               
  
 Max.  Geometrical gap of 2.954608942E-04 has been detected between      
 contact element 73293 and target element 72658.                         
 *WARNING*: The geometrical gap may be too large.  Increase pinball if   
 it is a true geometrical gap.  Decrease pinball if it is a false one.   
 For total 39 contact elements, there are 39 elements are in contact.    
 There are 39 elements are in sticking.                                  
 Potential overconstraint is detected.                                   
 Max.  Pinball distance 3.E-04.                                          
 One of the contact searching regions contains at least 10 target        
 elements.                                                               
 *************************************************



            **** CENTER OF MASS, MASS, AND MASS MOMENTS OF INERTIA ****

  CALCULATIONS ASSUME ELEMENT MASS AT ELEMENT CENTROID

  TOTAL MASS =  0.94294E-01

                           MOM. OF INERTIA         MOM. OF INERTIA
  CENTER OF MASS            ABOUT ORIGIN        ABOUT CENTER OF MASS

  XC =  0.37584E-01      IXX =   0.4769E-03      IXX =   0.1431E-03
  YC =  0.59474E-01      IYY =   0.1693E-03      IYY =   0.3582E-04
  ZC = -0.16127E-02      IZZ =   0.6366E-03      IZZ =   0.1699E-03
                         IXY =  -0.2130E-03      IXY =  -0.2186E-05
                         IYZ =   0.1051E-04      IYZ =   0.1467E-05
                         IZX =   0.4351E-05      IZX =  -0.1365E-05


  *** MASS SUMMARY BY ELEMENT TYPE ***

  TYPE      MASS
     1  0.638750E-06
     2  0.638750E-06
     3  0.108763E-02
     4  0.493158E-04
     5  0.638750E-06
     6  0.638750E-06
     7  0.493158E-04
     8  0.638750E-06
     9  0.638750E-06
    10  0.693504E-05
    11  0.180600E-04
    12  0.180600E-04
    13  0.638750E-06
    14  0.638750E-06
    15  0.638750E-06
    16  0.638750E-06
    17  0.127500E-05
    18  0.150500E-05
    19  0.638750E-06
    20  0.638750E-06
    21  0.108763E-02
    22  0.493158E-04
    23  0.493158E-04
    24  0.638750E-06
    25  0.638750E-06
    26  0.493158E-04
    27  0.493158E-04
    28  0.638750E-06
    29  0.165550E-05
    30  0.638750E-06
    31  0.638750E-06
    32  0.108763E-02
    33  0.493158E-04
    34  0.638750E-06
    35  0.638750E-06
    36  0.493158E-04
    37  0.638750E-06
    38  0.108763E-02
    39  0.165550E-05
    40  0.638750E-06
    41  0.638750E-06
    42  0.638750E-06
    43  0.638750E-06
    44  0.638750E-06
    45  0.638750E-06
    46  0.638750E-06
    47  0.638750E-06
    48  0.638750E-06
    49  0.638750E-06
    50  0.638750E-06
    51  0.638750E-06
    52  0.638750E-06
    53  0.638750E-06
    54  0.638750E-06
    55  0.638750E-06
    56  0.108763E-02
    57  0.493158E-04
    58  0.638750E-06
    59  0.638750E-06
    60  0.493158E-04
    61  0.638750E-06
    62  0.638750E-06
    63  0.638750E-06
    64  0.638750E-06
    65  0.638750E-06
    66  0.638750E-06
    67  0.493158E-04
    68  0.638750E-06
    69  0.638750E-06
    70  0.493158E-04
    71  0.638750E-06
    72  0.108763E-02
    73  0.638750E-06
    74  0.638750E-06
    75  0.210240E-05
    76  0.705024E-04
    77  0.210240E-05
    78  0.210240E-05
    79  0.210240E-05
    80  0.583200E-04
    81  0.841428E-04
    82  0.841428E-04
    83  0.210240E-05
    84  0.210240E-05
    85  0.139172E-04
    86  0.208080E-04
    87  0.139172E-04
    88  0.207936E-04
    89  0.139172E-04
    90  0.139172E-04
    91  0.146880E-04
    92  0.324900E-04
    93  0.248832E-04
    94  0.139172E-04
    95  0.146880E-04
    96  0.248832E-04
    97  0.139172E-04
    98  0.208080E-04
    99  0.200880E-02
   100  0.830879E-02
   101  0.423386E-02
   102  0.562937E-02
   103  0.339231E-02
   104  0.339231E-02
   105  0.283865E-02
   106  0.130894E-02
   107  0.489888E-04
   108  0.130894E-02
   109  0.130894E-02
   110  0.283865E-02
   111  0.166617E-04
   112  0.921858E-05
   113  0.748584E-04
   114  0.209385E-04
   115  0.485888E-04
   116  0.638750E-06
   117  0.638750E-06
   118  0.638750E-06
   119  0.638750E-06
   120  0.485888E-04
   121  0.638750E-06
   122  0.638750E-06
   123  0.638750E-06
   124  0.638750E-06
   125  0.638750E-06
   126  0.638750E-06
   127  0.638750E-06
   128  0.638750E-06
   129  0.485888E-04
   130  0.638750E-06
   131  0.638750E-06
   132  0.638750E-06
   133  0.638750E-06
   134  0.638750E-06
   135  0.485888E-04
   136  0.638750E-06
   137  0.638750E-06
   138  0.638750E-06
   139  0.638750E-06
   140  0.638750E-06
   141  0.638750E-06
   142  0.638750E-06
   143  0.638750E-06
   144  0.638750E-06
   145  0.530739E-04
   146  0.638750E-06
   147  0.638750E-06
   148  0.638750E-06
   149  0.638750E-06
   150  0.638750E-06
   151  0.638750E-06
   152  0.638750E-06
   153  0.638750E-06
   154  0.638750E-06
   155  0.485888E-04
   156  0.638750E-06
   157  0.638750E-06
   158  0.638750E-06
   159  0.638750E-06
   160  0.485888E-04
   161  0.638750E-06
   162  0.638750E-06
   163  0.638750E-06
   164  0.638750E-06
   165  0.638750E-06
   166  0.485888E-04
   167  0.638750E-06
   168  0.638750E-06
   169  0.638750E-06
   170  0.638750E-06
   171  0.138600E-04
   172  0.739058E-04
   173  0.329300E-03
   174  0.613280E-03
   175  0.138425E-03
   176  0.720147E-02
   177  0.138449E-03
   178  0.354650E-03
   179  0.607992E-03
   180  0.613395E-03
   181  0.355515E-03
   182  0.343934E-03
   183  0.337177E-03
   184  0.138425E-03
   185  0.138425E-03
   186  0.612758E-03
   187  0.800501E-02
   188  0.138429E-03
   189  0.612308E-03
   190  0.138425E-03
   191  0.772820E-02
   192  0.375029E-03
   193  0.610494E-03
   194  0.146888E-03
   195  0.148003E-03
   196  0.148290E-03
   197  0.149270E-03
   198  0.144468E-03
   199  0.144712E-03
   200  0.165690E-03
   201  0.149446E-03
   202  0.165891E-03
   203  0.172142E-03
   204  0.172643E-03
   205  0.145291E-03
   206  0.154658E-03
   207  0.153975E-03
   208  0.175844E-01

   *** ELEMENT MATRIX FORMULATION TIMES
     TYPE    NUMBER     ENAME   TOTAL ELAPSED   AVG ELAPSED

        1         1  SOLID186          0.0807   0.080731750
        2         1  SOLID186          0.0995   0.099515375
        3         1  SOLID186          0.0098   0.009798917
        4         1  SOLID186          0.0092   0.009174333
        5         1  SOLID186          0.0296   0.029587375
        6         1  SOLID186          0.0994   0.099431625
        7         1  SOLID186          0.0992   0.099197792
        8         1  SOLID186          0.0995   0.099496458
        9         1  SOLID186          0.0994   0.099448958
       10         1  SOLID186          0.0021   0.002064167
       11         1  SOLID186          0.0995   0.099494333
       12         1  SOLID186          0.0995   0.099531458
       13         1  SOLID186          0.0002   0.000213292
       14         1  SOLID186          0.0002   0.000207417
       15         1  SOLID186          0.0002   0.000198917
       16         1  SOLID186          0.0002   0.000191000
       17         1  SOLID186          0.0002   0.000195333
       18         1  SOLID186          0.0002   0.000197292
       19         1  SOLID186          0.0002   0.000230417
       20         1  SOLID186          0.0002   0.000201250
       21         1  SOLID186          0.0002   0.000194917
       22         1  SOLID186          0.0002   0.000193417
       23         1  SOLID186          0.0002   0.000192875
       24         1  SOLID186          0.0002   0.000191917
       25         1  SOLID186          0.0002   0.000191667
       26         1  SOLID186          0.0002   0.000191333
       27         1  SOLID186          0.0002   0.000191292
       28         1  SOLID186          0.0004   0.000386125
       29         1  SOLID186          0.0002   0.000184625
       30         1  SOLID186          0.0002   0.000184083
       31         1  SOLID186          0.0002   0.000183083
       32         1  SOLID186          0.0002   0.000183167
       33         1  SOLID186          0.0002   0.000182625
       34         1  SOLID186          0.0002   0.000183042
       35         1  SOLID186          0.0002   0.000186667
       36         1  SOLID186          0.0002   0.000183542
       37         1  SOLID186          0.0002   0.000183250
       38         1  SOLID186          0.0002   0.000184750
       39         1  SOLID186          0.0002   0.000160250
       40         1  SOLID186          0.0002   0.000151333
       41         1  SOLID186          0.0002   0.000152292
       42         1  SOLID186          0.0002   0.000151333
       43         1  SOLID186          0.0002   0.000151250
       44         1  SOLID186          0.0002   0.000150625
       45         1  SOLID186          0.0002   0.000151167
       46         1  SOLID186          0.0002   0.000154042
       47         1  SOLID186          0.0002   0.000153708
       48         1  SOLID186          0.0002   0.000154000
       49         1  SOLID186          0.0002   0.000154208
       50         1  SOLID186          0.0002   0.000167708
       51         1  SOLID186          0.0002   0.000185583
       52         1  SOLID186          0.0002   0.000166667
       53         1  SOLID186          0.0002   0.000176958
       54         1  SOLID186          0.0002   0.000223458
       55         1  SOLID186          0.0002   0.000170750
       56         1  SOLID186          0.0002   0.000195917
       57         1  SOLID186          0.0002   0.000161833
       58         1  SOLID186          0.0002   0.000185042
       59         1  SOLID186          0.0002   0.000182708
       60         1  SOLID186          0.0002   0.000151667
       61         1  SOLID186          0.0002   0.000177708
       62         1  SOLID186          0.0002   0.000171333
       63         1  SOLID186          0.0002   0.000151833
       64         1  SOLID186          0.0002   0.000177708
       65         1  SOLID186          0.0002   0.000172625
       66         1  SOLID186          0.0002   0.000152583
       67         1  SOLID186          0.0002   0.000178292
       68         1  SOLID186          0.0002   0.000152208
       69         1  SOLID186          0.0002   0.000171500
       70         1  SOLID186          0.0002   0.000151542
       71         1  SOLID186          0.0002   0.000173917
       72         1  SOLID186          0.0002   0.000170792
       73         1  SOLID186          0.0002   0.000165000
       74         1  SOLID186          0.0002   0.000173458
       75         1  SOLID186          0.0002   0.000171458
       76         1  SOLID186          0.0002   0.000157875
       77         1  SOLID186          0.0002   0.000179167
       78         1  SOLID186          0.0002   0.000176792
       79         1  SOLID186          0.0002   0.000154250
       80         1  SOLID186          0.0002   0.000173042
       81         1  SOLID186          0.0002   0.000177167
       82         1  SOLID186          0.0002   0.000153875
       83         1  SOLID186          0.0002   0.000173958
       84         1  SOLID186          0.0002   0.000172375
       85         1  SOLID186          0.0002   0.000153458
       86         1  SOLID186          0.0002   0.000178833
       87         1  SOLID186          0.0002   0.000172542
       88         1  SOLID186          0.0002   0.000152958
       89         1  SOLID186          0.0002   0.000172375
       90         1  SOLID186          0.0002   0.000207250
       91         1  SOLID186          0.0002   0.000153708
       92         1  SOLID186          0.0002   0.000172625
       93         1  SOLID186          0.0002   0.000153583
       94         1  SOLID186          0.0002   0.000175708
       95         1  SOLID186          0.0002   0.000153292
       96         1  SOLID186          0.0002   0.000173125
       97         1  SOLID186          0.0002   0.000176250
       98         1  SOLID186          0.0002   0.000154833
       99         5  SOLID186          0.0009   0.000170625
      100         2  SOLID186          0.0003   0.000163458
      101         4  SOLID186          0.0007   0.000169219
      102         2  SOLID186          0.0004   0.000177438
      103         1  SOLID186          0.0002   0.000177125
      104         1  SOLID186          0.0002   0.000157708
      105         1  SOLID186          0.0002   0.000173542
      106         1  SOLID186          0.0002   0.000155917
      107         1  SOLID186          0.0002   0.000177875
      108         1  SOLID186          0.0002   0.000178708
      109         1  SOLID186          0.0002   0.000156542
      110         1  SOLID186          0.0002   0.000188708
      111         1  SOLID186          0.0002   0.000154958
      112         1  SOLID186          0.0002   0.000161875
      113         1  SOLID186          0.0002   0.000183500
      114         1  SOLID186          0.0002   0.000159375
      115         1  SOLID186          0.0001   0.000146125
      116         1  SOLID186          0.0002   0.000188500
      117         1  SOLID186          0.0002   0.000159083
      118         1  SOLID186          0.0002   0.000159083
      119         1  SOLID186          0.0002   0.000186500
      120         1  SOLID186          0.0002   0.000156000
      121         1  SOLID186          0.0002   0.000154958
      122         1  SOLID186          0.0002   0.000157000
      123         1  SOLID186          0.0002   0.000190917
      124         1  SOLID186          0.0002   0.000158333
      125         1  SOLID186          0.0002   0.000157792
      126         1  SOLID186          0.0002   0.000158875
      127         1  SOLID186          0.0002   0.000191792
      128         1  SOLID186          0.0002   0.000157500
      129         1  SOLID186          0.0002   0.000158958
      130         1  SOLID186          0.0002   0.000191750
      131         1  SOLID186          0.0002   0.000157333
      132         1  SOLID186          0.0002   0.000160417
      133         1  SOLID186          0.0002   0.000191333
      134         1  SOLID186          0.0002   0.000157875
      135         1  SOLID186          0.0002   0.000155417
      136         1  SOLID186          0.0002   0.000192208
      137         1  SOLID186          0.0002   0.000157833
      138         1  SOLID186          0.0002   0.000155208
      139         1  SOLID186          0.0002   0.000160583
      140         1  SOLID186          0.0002   0.000155833
      141         1  SOLID186          0.0002   0.000225417
      142         1  SOLID186          0.0002   0.000155792
      143         1  SOLID186          0.0002   0.000155375
      144         1  SOLID186          0.0002   0.000193083
      145         1  SOLID186          0.0002   0.000156250
      146         1  SOLID186          0.0002   0.000155083
      147         1  SOLID186          0.0002   0.000191583
      148         1  SOLID186          0.0002   0.000156625
      149         1  SOLID186          0.0002   0.000155708
      150         1  SOLID186          0.0002   0.000156083
      151         1  SOLID186          0.0002   0.000191583
      152         1  SOLID186          0.0002   0.000154875
      153         1  SOLID186          0.0002   0.000156083
      154         1  SOLID186          0.0002   0.000155042
      155         1  SOLID186          0.0002   0.000192958
      156         1  SOLID186          0.0002   0.000157417
      157         1  SOLID186          0.0002   0.000154625
      158         1  SOLID186          0.0002   0.000191750
      159         1  SOLID186          0.0002   0.000157000
      160         1  SOLID186          0.0002   0.000154500
      161         1  SOLID186          0.0002   0.000191583
      162         1  SOLID186          0.0002   0.000157083
      163         1  SOLID186          0.0002   0.000188667
      164         1  SOLID186          0.0002   0.000190792
      165         1  SOLID186          0.0002   0.000157333
      166         1  SOLID186          0.0002   0.000155917
      167         1  SOLID186          0.0002   0.000156583
      168         1  SOLID186          0.0002   0.000191875
      169         1  SOLID186          0.0002   0.000155250
      170         1  SOLID186          0.0002   0.000173792
      171         1  SOLID186          0.0002   0.000155125
      172         1  SOLID186          0.0002   0.000201750
      173       743  SOLID186          0.1489   0.000200350
      174       364  SOLID187          0.0205   0.000056305
      175        60  SOLID187          0.0027   0.000044783
      176       263  SOLID187          0.0139   0.000052844
      177        60  SOLID187          0.0035   0.000058106
      178       659  SOLID186          0.1442   0.000218853
      179       918  SOLID187          0.0550   0.000059946
      180       374  SOLID187          0.0824   0.000220286
      181       710  SOLID186          0.3753   0.000528531
      182       748  SOLID186          0.3100   0.000414451
      183       622  SOLID186          0.2338   0.000375891
      184        60  SOLID187          0.0069   0.000114360
      185        60  SOLID187          0.0055   0.000090843
      186       360  SOLID187          0.0437   0.000121502
      187       230  SOLID187          0.0244   0.000106218
      188        63  SOLID187          0.0072   0.000113554
      189       375  SOLID187          0.0418   0.000111391
      190        60  SOLID187          0.0060   0.000100117
      191       230  SOLID187          0.0338   0.000146928
      192       698  SOLID186          0.2294   0.000328610
      193       373  SOLID187          0.0349   0.000093553
      194       596  SOLID187          0.0539   0.000090515
      195       603  SOLID187          0.0618   0.000102413
      196       596  SOLID187          0.0524   0.000087938
      197       606  SOLID187          0.0566   0.000093353
      198       617  SOLID187          0.0488   0.000079028
      199       578  SOLID187          0.0493   0.000085360
      200       242  SOLID187          0.0188   0.000077659
      201       285  SOLID187          0.0232   0.000081397
      202       291  SOLID187          0.0225   0.000077389
      203       308  SOLID187          0.0312   0.000101454
      204       304  SOLID187          0.0246   0.000081019
      205       311  SOLID187          0.0238   0.000076594
      206       267  SOLID187          0.0289   0.000108297
      207       291  SOLID187          0.0308   0.000105765
      208       722  SOLID186          0.1880   0.000260327
      209         1  CONTA174          0.0032   0.003152125
      210         2  TARGE170          0.0000   0.000003250
      211         1  CONTA174          0.0032   0.003154292
      212         2  TARGE170          0.0000   0.000002979
      213         1  CONTA174          0.0031   0.003124958
      214         5  TARGE170          0.0000   0.000003400
      215         1  CONTA174          0.0032   0.003152583
      216         2  TARGE170          0.0000   0.000003604
      217         1  CONTA174          0.0031   0.003116250
      218         1  TARGE170          0.0000   0.000002792
      219         1  CONTA174          0.0031   0.003127292
      220         2  TARGE170          0.0000   0.000003917
      221         1  CONTA174          0.0031   0.003106458
      222         2  TARGE170          0.0000   0.000002250
      223         1  CONTA174          0.0031   0.003128042
      224         4  TARGE170          0.0000   0.000002687
      225         1  CONTA174          0.0031   0.003109583
      226         1  TARGE170          0.0000   0.000002958
      227         1  CONTA174          0.0031   0.003129583
      228         2  TARGE170          0.0000   0.000003687
      229         1  CONTA174          0.0031   0.003089125
      230         2  TARGE170          0.0000   0.000002854
      231         1  CONTA174          0.0031   0.003107292
      232         2  TARGE170          0.0000   0.000002625
      233         1  CONTA174          0.0005   0.000476875
      234         1  TARGE170          0.0000   0.000002625
      235         1  CONTA174          0.0005   0.000486792
      236         2  TARGE170          0.0000   0.000002729
      237         1  CONTA174          0.0005   0.000461292
      238         1  TARGE170          0.0000   0.000002667
      239         1  CONTA174          0.0005   0.000456792
      240         2  TARGE170          0.0000   0.000002938
      241         1  CONTA174          0.0005   0.000473958
      242         2  TARGE170          0.0000   0.000002813
      243         1  CONTA174          0.0008   0.000797000
      244         3  TARGE170          0.0000   0.000003611
      245         1  CONTA174          0.0005   0.000501750
      246         1  TARGE170          0.0000   0.000002792
      247         1  CONTA174          0.0008   0.000791333
      248         2  TARGE170          0.0000   0.000004812
      249         1  CONTA174          0.0008   0.000780458
      250         9  TARGE170          0.0000   0.000002981
      251         1  CONTA174          0.0008   0.000776875
      252         3  TARGE170          0.0000   0.000002569
      253         1  CONTA174          0.0008   0.000780250
      254         4  TARGE170          0.0000   0.000003115
      255         1  CONTA174          0.0009   0.000881083
      256         2  TARGE170          0.0000   0.000003042
      257         1  CONTA174          0.0005   0.000484583
      258         3  TARGE170          0.0000   0.000004056
      259         1  CONTA174          0.0005   0.000451167
      260         2  TARGE170          0.0000   0.000004625
      261         1  CONTA174          0.0005   0.000478958
      262         4  TARGE170          0.0000   0.000002604
      263         1  CONTA174          0.0005   0.000466000
      264         3  TARGE170          0.0000   0.000002861
      265         1  CONTA174          0.0005   0.000461833
      266         2  TARGE170          0.0000   0.000002375
      267         1  CONTA174          0.0004   0.000426500
      268         3  TARGE170          0.0000   0.000002583
      269         1  CONTA174          0.0007   0.000662333
      270         2  TARGE170          0.0000   0.000003083
      271         1  CONTA174          0.0007   0.000657042
      272         7  TARGE170          0.0000   0.000002804
      273         1  CONTA174          0.0007   0.000658667
      274         2  TARGE170          0.0000   0.000003083
      275         1  CONTA174          0.0007   0.000654208
      276         2  TARGE170          0.0000   0.000002479
      277         1  CONTA174          0.0007   0.000674042
      278         2  TARGE170          0.0000   0.000003958
      279         1  CONTA174          0.0006   0.000573500
      280         2  TARGE170          0.0000   0.000003042
      281         1  CONTA174          0.0006   0.000575083
      282         1  TARGE170          0.0000   0.000002958
      283         1  CONTA174          0.0006   0.000552208
      284         5  TARGE170          0.0000   0.000002742
      285         1  CONTA174          0.0006   0.000557750
      286         3  TARGE170          0.0000   0.000002931
      287         1  CONTA174          0.0006   0.000551875
      288         3  TARGE170          0.0000   0.000002806
      289         1  CONTA174          0.0005   0.000546833
      290         2  TARGE170          0.0000   0.000002958
      291         1  CONTA174          0.0005   0.000547167
      292         1  TARGE170          0.0000   0.000002833
      293         1  CONTA174          0.0007   0.000722958
      294         3  TARGE170          0.0000   0.000002958
      295         1  CONTA174          0.0007   0.000704000
      296         4  TARGE170          0.0000   0.000002625
      297         1  CONTA174          0.0007   0.000699625
      298         5  TARGE170          0.0000   0.000003317
      299         1  CONTA174          0.0007   0.000697083
      300         4  TARGE170          0.0000   0.000005042
      301         1  CONTA174          0.0007   0.000691333
      302         4  TARGE170          0.0000   0.000002948
      303         1  CONTA174          0.0007   0.000695792
      304         4  TARGE170          0.0000   0.000002604
      305         1  CONTA174          0.0007   0.000692958
      306         4  TARGE170          0.0000   0.000002656
      307         1  CONTA174          0.0007   0.000681458
      308         4  TARGE170          0.0000   0.000002604
      309         1  CONTA174          0.0007   0.000675583
      310         4  TARGE170          0.0000   0.000002573
      311         1  CONTA174          0.0007   0.000668542
      312         3  TARGE170          0.0000   0.000002569
      313         1  CONTA174          0.0007   0.000682292
      314         3  TARGE170          0.0000   0.000003514
      315         1  CONTA174          0.0007   0.000676375
      316         3  TARGE170          0.0000   0.000003972
      317         1  CONTA174          0.0002   0.000190000
      318         1  TARGE170          0.0000   0.000002458
      319         1  CONTA174          0.0008   0.000779000
      320         6  TARGE170          0.0000   0.000002382
      321         1  CONTA174          0.0008   0.000780167
      322         2  TARGE170          0.0000   0.000001750
      323         1  CONTA174          0.0008   0.000777042
      324         2  TARGE170          0.0000   0.000003146
      325         1  CONTA174          0.0008   0.000771875
      326         2  TARGE170          0.0000   0.000003271
      327         1  CONTA174          0.0008   0.000772875
      328         2  TARGE170          0.0000   0.000002833
      329         1  CONTA174          0.0007   0.000727250
      330         1  TARGE170          0.0000   0.000002833
      331         1  CONTA174          0.0008   0.000771500
      332         3  TARGE170          0.0000   0.000003528
      333         1  CONTA174          0.0008   0.000773792
      334         4  TARGE170          0.0000   0.000002333
      335         1  CONTA174          0.0008   0.000779875
      336         4  TARGE170          0.0000   0.000004438
      337         1  CONTA174          0.0008   0.000784542
      338         3  TARGE170          0.0000   0.000002500
      339         1  CONTA174          0.0008   0.000798500
      340         2  TARGE170          0.0000   0.000002583
      341         1  CONTA174          0.0006   0.000614333
      342         3  TARGE170          0.0000   0.000002708
      343         1  CONTA174          0.0006   0.000601542
      344         1  TARGE170          0.0000   0.000002792
      345         1  CONTA174          0.0006   0.000591917
      346         2  TARGE170          0.0000   0.000002750
      347         1  CONTA174          0.0006   0.000598542
      348         3  TARGE170          0.0000   0.000002917
      349         1  CONTA174          0.0006   0.000586125
      350         2  TARGE170          0.0000   0.000002813
      351         1  CONTA174          0.0006   0.000582375
      352         5  TARGE170          0.0000   0.000002650
      353         1  CONTA174          0.0006   0.000576375
      354         1  TARGE170          0.0000   0.000002833
      355         1  CONTA174          0.0006   0.000593250
      356         3  TARGE170          0.0000   0.000004208
      357         1  CONTA174          0.0006   0.000590958
      358         6  TARGE170          0.0000   0.000002771
      359         1  CONTA174          0.0006   0.000566292
      360         5  TARGE170          0.0000   0.000003108
      361         1  CONTA174          0.0006   0.000559750
      362         2  TARGE170          0.0000   0.000002875
      363         1  CONTA174          0.0006   0.000567500
      364         3  TARGE170          0.0000   0.000002556
      365         1  CONTA174          0.0006   0.000574542
      366         4  TARGE170          0.0000   0.000002771
      367         1  CONTA174          0.0013   0.001312542
      368         3  TARGE170          0.0000   0.000002903
      369         1  CONTA174          0.0013   0.001272917
      370         4  TARGE170          0.0000   0.000003104
      371         1  CONTA174          0.0015   0.001536875
      372         7  TARGE170          0.0000   0.000002744
      373         1  CONTA174          0.0015   0.001538083
      374         3  TARGE170          0.0000   0.000002875
      375         1  CONTA174          0.0012   0.001249333
      376         2  TARGE170          0.0000   0.000003500
      377         1  CONTA174          0.0014   0.001393042
      378         2  TARGE170          0.0000   0.000003063
      379         1  CONTA174          0.0014   0.001419000
      380         4  TARGE170          0.0000   0.000004333
      381         1  CONTA174          0.0009   0.000921500
      382         1  TARGE170          0.0000   0.000002875
      383         1  CONTA174          0.0014   0.001425542
      384         4  TARGE170          0.0000   0.000002250
      385         1  CONTA174          0.0009   0.000925958
      386         1  TARGE170          0.0000   0.000000750
      387         1  CONTA174          0.0014   0.001417750
      388         4  TARGE170          0.0000   0.000002896
      389         1  CONTA174          0.0014   0.001419417
      390         4  TARGE170          0.0000   0.000004448
      391         1  CONTA174          0.0007   0.000663000
      392         8  TARGE170          0.0000   0.000003307
      393         1  CONTA174          0.0007   0.000663833
      394         5  TARGE170          0.0000   0.000003633
      395         1  CONTA174          0.0005   0.000463667
      396         3  TARGE170          0.0000   0.000003458
      397         1  CONTA174          0.0006   0.000591750
      398         3  TARGE170          0.0000   0.000002889
      399         1  CONTA174          0.0006   0.000640250
      400         4  TARGE170          0.0000   0.000003240
      401         1  CONTA174          0.0009   0.000897042
      402         5  TARGE170          0.0000   0.000003175
      403         1  CONTA174          0.0008   0.000848375
      404         2  TARGE170          0.0000   0.000003542
      405         5  CONTA174          0.0039   0.000778358
      406       217  TARGE170          0.0041   0.000018873
      407         2  CONTA174          0.0014   0.000691146
      408        89  TARGE170          0.0025   0.000028208
      409         4  CONTA174          0.0026   0.000642448
      410        90  TARGE170          0.0025   0.000027685
      411         2  CONTA174          0.0017   0.000836750
      412        45  TARGE170          0.0011   0.000024533
      413         1  CONTA174          0.0008   0.000815667
      414         6  TARGE170          0.0001   0.000023868
      415         1  CONTA174          0.0008   0.000804292
      416         5  TARGE170          0.0001   0.000026533
      417         1  CONTA174          0.0008   0.000798542
      418         4  TARGE170          0.0001   0.000027854
      419         1  CONTA174          0.0008   0.000788917
      420         9  TARGE170          0.0002   0.000027593
      421         1  CONTA174          0.0008   0.000790708
      422         7  TARGE170          0.0002   0.000026845
      423         1  CONTA174          0.0008   0.000776333
      424         4  TARGE170          0.0001   0.000026250
      425         1  CONTA174          0.0008   0.000763792
      426         4  TARGE170          0.0001   0.000025250
      427         1  CONTA174          0.0008   0.000799000
      428         7  TARGE170          0.0002   0.000025286
      429         1  CONTA174          0.0008   0.000753042
      430         4  TARGE170          0.0001   0.000028833
      431         1  CONTA174          0.0005   0.000523417
      432         5  TARGE170          0.0001   0.000028100
      433         1  CONTA174          0.0006   0.000594458
      434        12  TARGE170          0.0004   0.000029212
      435         1  CONTA174          0.0005   0.000491583
      436         5  TARGE170          0.0002   0.000031392
      437         1  CONTA174          0.0005   0.000505000
      438         4  TARGE170          0.0001   0.000028510
      439         1  CONTA174          0.0006   0.000593750
      440         5  TARGE170          0.0002   0.000033975
      441         1  CONTA174          0.0006   0.000586833
      442         2  TARGE170          0.0001   0.000040750
      443         1  CONTA174          0.0004   0.000357083
      444         1  TARGE170          0.0000   0.000042625
      445         1  CONTA174          0.0005   0.000481125
      446         1  TARGE170          0.0000   0.000043583
      447         1  CONTA174          0.0005   0.000504458
      448         4  TARGE170          0.0002   0.000041583
      449         1  CONTA174          0.0006   0.000577667
      450         3  TARGE170          0.0001   0.000029222
      451         1  CONTA174          0.0005   0.000547042
      452         2  TARGE170          0.0000   0.000024417
      453         1  CONTA174          0.0005   0.000467125
      454         3  TARGE170          0.0001   0.000025083
      455         1  CONTA174          0.0008   0.000836042
      456         3  TARGE170          0.0001   0.000027819
      457         1  CONTA174          0.0007   0.000731875
      458         3  TARGE170          0.0001   0.000030056
      459         1  CONTA174          0.0007   0.000682250
      460         3  TARGE170          0.0001   0.000030903
      461         1  CONTA174          0.0007   0.000676125
      462         2  TARGE170          0.0001   0.000029500
      463         1  CONTA174          0.0009   0.000919042
      464         2  TARGE170          0.0001   0.000031458
      465         1  CONTA174          0.0009   0.000902292
      466         4  TARGE170          0.0001   0.000029281
      467         1  CONTA174          0.0008   0.000823833
      468         3  TARGE170          0.0001   0.000025875
      469         1  CONTA174          0.0009   0.000853000
      470         4  TARGE170          0.0001   0.000027854
      471         1  CONTA174          0.0008   0.000824083
      472         3  TARGE170          0.0001   0.000026681
      473         1  CONTA174          0.0008   0.000812417
      474         2  TARGE170          0.0001   0.000030021
      475         1  CONTA174          0.0008   0.000829000
      476         2  TARGE170          0.0001   0.000030125
      477         1  CONTA174          0.0008   0.000795083
      478         6  TARGE170          0.0002   0.000025535
      479         1  CONTA174          0.0004   0.000351875
      480         2  TARGE170          0.0001   0.000030438
      481         1  CONTA174          0.0008   0.000760708
      482         5  TARGE170          0.0002   0.000030267
      483         1  CONTA174          0.0006   0.000561500
      484         2  TARGE170          0.0001   0.000034604
      485         1  CONTA174          0.0005   0.000542125
      486         2  TARGE170          0.0001   0.000046167
      487         1  CONTA174          0.0006   0.000615958
      488         2  TARGE170          0.0001   0.000050667
      489         1  CONTA174          0.0012   0.001248667
      490         3  TARGE170          0.0002   0.000051847
      491         1  CONTA174          0.0010   0.001041333
      492         2  TARGE170          0.0001   0.000050792
      493         1  CONTA174          0.0012   0.001249625
      494         2  TARGE170          0.0001   0.000049708
      495         1  CONTA174          0.0010   0.001032708
      496         2  TARGE170          0.0001   0.000039458
      497         1  CONTA174          0.0012   0.001217417
      498         4  TARGE170          0.0001   0.000027385
      499         1  CONTA174          0.0012   0.001211917
      500         3  TARGE170          0.0001   0.000027931
      501         1  CONTA174          0.0012   0.001199125
      502         1  TARGE170          0.0000   0.000027250
      503         1  CONTA174          0.0011   0.001138292
      504         4  TARGE170          0.0001   0.000027073
      505         1  CONTA174          0.0008   0.000792542
      506         4  TARGE170          0.0001   0.000026792
      507         1  CONTA174          0.0008   0.000800500
      508         5  TARGE170          0.0001   0.000024408
      509         1  CONTA174          0.0007   0.000743750
      510         5  TARGE170          0.0001   0.000027183
      511         1  CONTA174          0.0007   0.000676333
      512         5  TARGE170          0.0002   0.000031450
      513         1  CONTA174          0.0008   0.000847292
      514         3  TARGE170          0.0001   0.000033139
      515         1  CONTA174          0.0009   0.000855000
      516         2  TARGE170          0.0001   0.000026938
      517         1  CONTA174          0.0007   0.000688250
      518         6  TARGE170          0.0002   0.000025250
      519         1  CONTA174          0.0007   0.000677333
      520         3  TARGE170          0.0001   0.000024778
      521         1  CONTA174          0.0007   0.000676542
      522         2  TARGE170          0.0000   0.000023958
      523         1  CONTA174          0.0007   0.000672292
      524         2  TARGE170          0.0001   0.000025208
      525         1  CONTA174          0.0007   0.000668750
      526         2  TARGE170          0.0001   0.000025104
      527         1  CONTA174          0.0007   0.000670542
      528         5  TARGE170          0.0001   0.000028033
      529         1  CONTA174          0.0007   0.000675167
      530         4  TARGE170          0.0001   0.000028135
      531         1  CONTA174          0.0007   0.000663208
      532         2  TARGE170          0.0001   0.000026646
      533         1  CONTA174          0.0054   0.005445542
      534         3  TARGE170          0.0001   0.000033264
      535         1  CONTA174          0.0007   0.000658458
      536         2  TARGE170          0.0001   0.000038438
      537         1  CONTA174          0.0009   0.000881625
      538         3  TARGE170          0.0001   0.000040014
      539         1  CONTA174          0.0009   0.000863125
      540         7  TARGE170          0.0002   0.000034577
      541         1  CONTA174          0.0008   0.000836250
      542         2  TARGE170          0.0001   0.000025354
      543         1  CONTA174          0.0008   0.000831542
      544         1  TARGE170          0.0000   0.000023667
      545         1  CONTA174          0.0008   0.000835625
      546         2  TARGE170          0.0000   0.000023125
      547         1  CONTA174          0.0008   0.000820958
      548         1  TARGE170          0.0000   0.000024417
      549         1  CONTA174          0.0008   0.000841083
      550         5  TARGE170          0.0001   0.000026750
      551         1  CONTA174          0.0008   0.000835042
      552         4  TARGE170          0.0001   0.000027333
      553       303  CONTA174          0.2286   0.000754469
      554       303  TARGE170          0.0081   0.000026690
      555       469  CONTA174          0.3172   0.000676435
      556       469  TARGE170          0.0157   0.000033493
      557       140  CONTA174          0.0754   0.000538375
      558       140  TARGE170          0.0044   0.000031734
      559        87  CONTA174          0.0468   0.000538122
      560        87  TARGE170          0.0028   0.000031902
      561       417  CONTA174          0.3396   0.000814477
      562       417  TARGE170          0.0104   0.000024901
      563       292  CONTA174          0.2279   0.000780413
      564       292  TARGE170          0.0108   0.000037018
      565       200  CONTA174          0.1567   0.000783260
      566       200  TARGE170          0.0055   0.000027648
      567        97  CONTA174          0.0738   0.000760330
      568        97  TARGE170          0.0024   0.000024361
      569       300  CONTA174          0.2116   0.000705254
      570       300  TARGE170          0.0082   0.000027413
      571       200  CONTA174          0.1371   0.000685300
      572       200  TARGE170          0.0075   0.000037329
      573       259  CONTA174          0.1882   0.000726743
      574       259  TARGE170          0.0056   0.000021786
      575       551  CONTA174          0.4297   0.000779855
      576       551  TARGE170          0.0162   0.000029465
      577       148  CONTA174          0.0898   0.000606678
      578       148  TARGE170          0.0037   0.000024874
      579       470  CONTA174          0.3322   0.000706822
      580       470  TARGE170          0.0158   0.000033513
      581       142  CONTA174          0.1354   0.000953310
      582       142  TARGE170          0.0045   0.000031421
      583       297  CONTA174          0.2525   0.000850120
      584       297  TARGE170          0.0070   0.000023713
      585       406  CONTA174          0.3177   0.000782568
      586       406  TARGE170          0.0119   0.000029255
      587       244  CONTA174          0.1934   0.000792635
      588       244  TARGE170          0.0068   0.000027693
      589       115  CONTA174          0.0740   0.000643189
      590       115  TARGE170          0.0026   0.000022937
      591       200  CONTA174          0.1632   0.000816219
      592       200  TARGE170          0.0077   0.000038281
      593       200  CONTA174          0.1760   0.000879751
      594       200  TARGE170          0.0110   0.000055101
      595        75  CONTA174          0.0600   0.000799593
      596        75  TARGE170          0.0021   0.000028398
      597       202  CONTA174          0.1560   0.000772298
      598       202  TARGE170          0.0056   0.000027909
      599        75  CONTA174          0.0460   0.000613298
      600        75  TARGE170          0.0041   0.000054286
      601       437  CONTA174          0.3413   0.000780943
      602       437  TARGE170          0.0143   0.000032689
      603       200  CONTA174          0.1736   0.000867819
      604       200  TARGE170          0.0113   0.000056564
      605        95  CONTA174          0.0572   0.000602467
      606        95  TARGE170          0.0040   0.000041743
      607       132  CONTA174          0.1121   0.000849548
      608       132  TARGE170          0.0036   0.000027331
      609       107  CONTA174          0.0608   0.000568204
      610       107  TARGE170          0.0023   0.000021708
      611       122  CONTA174          0.1517   0.001243297
      612       122  TARGE170          0.0032   0.000025951
      613       111  CONTA174          0.0808   0.000727501
      614       111  TARGE170          0.0031   0.000028259
      615       128  CONTA174          0.0830   0.000648144
      616       128  TARGE170          0.0033   0.000025588
      617       134  CONTA174          0.0963   0.000718685
      618       134  TARGE170          0.0031   0.000022850
      619       143  CONTA174          0.0843   0.000589546
      620       143  TARGE170          0.0040   0.000028122
      621       110  CONTA174          0.0624   0.000566945
      622       110  TARGE170          0.0053   0.000048475
      623       137  CONTA174          0.1213   0.000885262
      624       137  TARGE170          0.0038   0.000027407
      625       402  CONTA174          0.3384   0.000841785
      626       402  TARGE170          0.0096   0.000023786
      627       356  CONTA174          0.6449   0.001811417
      628       356  TARGE170          0.0091   0.000025461
 Elapsed Time at end of element matrix formulation = 13.1586504.         

   *** ELEMENT RESULT CALCULATION TIMES
     TYPE    NUMBER     ENAME   TOTAL ELAPSED   AVG ELAPSED

      209         1  CONTA174          0.0055   0.005547833
      211         1  CONTA174          0.0061   0.006090000
      213         1  CONTA174          0.0054   0.005392792
      215         1  CONTA174          0.0051   0.005093500
      217         1  CONTA174          0.0054   0.005406792
      219         1  CONTA174          0.0055   0.005528500
      221         1  CONTA174          0.0049   0.004916417
      223         1  CONTA174          0.0041   0.004080042
      225         1  CONTA174          0.0054   0.005384250
      227         1  CONTA174          0.0050   0.004983875
      229         1  CONTA174          0.0049   0.004931542
      231         1  CONTA174          0.0049   0.004902333
      233         1  CONTA174          0.0000   0.000041792
      235         1  CONTA174          0.0000   0.000024250
      237         1  CONTA174          0.0000   0.000045333
      239         1  CONTA174          0.0009   0.000915000
      241         1  CONTA174          0.0005   0.000539417
      243         1  CONTA174          0.0000   0.000042375
      245         1  CONTA174          0.0000   0.000027750
      247         1  CONTA174          0.0002   0.000171708
      249         1  CONTA174          0.0000   0.000023583
      251         1  CONTA174          0.0001   0.000055250
      253         1  CONTA174          0.0000   0.000020000
      255         1  CONTA174          0.0002   0.000175833
      257         1  CONTA174          0.0000   0.000024250
      259         1  CONTA174          0.0000   0.000030208
      261         1  CONTA174          0.0000   0.000029208
      263         1  CONTA174          0.0003   0.000309667
      265         1  CONTA174          0.0000   0.000047625
      267         1  CONTA174          0.0000   0.000020333
      269         1  CONTA174          0.0000   0.000020292
      271         1  CONTA174          0.0003   0.000332917
      273         1  CONTA174          0.0000   0.000022917
      275         1  CONTA174          0.0000   0.000020750
      277         1  CONTA174          0.0004   0.000403542
      279         1  CONTA174          0.0001   0.000062958
      281         1  CONTA174          0.0000   0.000028375
      283         1  CONTA174          0.0000   0.000039417
      285         1  CONTA174          0.0000   0.000019750
      287         1  CONTA174          0.0001   0.000095292
      289         1  CONTA174          0.0000   0.000030792
      291         1  CONTA174          0.0000   0.000020667
      293         1  CONTA174          0.0001   0.000060250
      295         1  CONTA174          0.0001   0.000126958
      297         1  CONTA174          0.0000   0.000027917
      299         1  CONTA174          0.0000   0.000022750
      301         1  CONTA174          0.0000   0.000039042
      303         1  CONTA174          0.0001   0.000108375
      305         1  CONTA174          0.0000   0.000022375
      307         1  CONTA174          0.0000   0.000019417
      309         1  CONTA174          0.0000   0.000041500
      311         1  CONTA174          0.0004   0.000443750
      313         1  CONTA174          0.0005   0.000459833
      315         1  CONTA174          0.0001   0.000109208
      317         1  CONTA174          0.0002   0.000206875
      319         1  CONTA174          0.0002   0.000222875
      321         1  CONTA174          0.0002   0.000220417
      323         1  CONTA174          0.0002   0.000204833
      325         1  CONTA174          0.0002   0.000189792
      327         1  CONTA174          0.0003   0.000338917
      329         1  CONTA174          0.0004   0.000409333
      331         1  CONTA174          0.0004   0.000396542
      333         1  CONTA174          0.0005   0.000482042
      335         1  CONTA174          0.0005   0.000519083
      337         1  CONTA174          0.0004   0.000438833
      339         1  CONTA174          0.0005   0.000477667
      341         1  CONTA174          0.0004   0.000379583
      343         1  CONTA174          0.0004   0.000370417
      345         1  CONTA174          0.0005   0.000499542
      347         1  CONTA174          0.0005   0.000501542
      349         1  CONTA174          0.0005   0.000502625
      351         1  CONTA174          0.0005   0.000524458
      353         1  CONTA174          0.0005   0.000531375
      355         1  CONTA174          0.0005   0.000506167
      357         1  CONTA174          0.0005   0.000512875
      359         1  CONTA174          0.0005   0.000506083
      361         1  CONTA174          0.0005   0.000510000
      363         1  CONTA174          0.0005   0.000501667
      365         1  CONTA174          0.0005   0.000499208
      367         1  CONTA174          0.0005   0.000493417
      369         1  CONTA174          0.0004   0.000420542
      371         1  CONTA174          0.0005   0.000490083
      373         1  CONTA174          0.0005   0.000510208
      375         1  CONTA174          0.0005   0.000505417
      377         1  CONTA174          0.0005   0.000491042
      379         1  CONTA174          0.0006   0.000557625
      381         1  CONTA174          0.0005   0.000547542
      383         1  CONTA174          0.0006   0.000552375
      385         1  CONTA174          0.0006   0.000606542
      387         1  CONTA174          0.0006   0.000611833
      389         1  CONTA174          0.0006   0.000616583
      391         1  CONTA174          0.0006   0.000618250
      393         1  CONTA174          0.0006   0.000583000
      395         1  CONTA174          0.0005   0.000540125
      397         1  CONTA174          0.0005   0.000528542
      399         1  CONTA174          0.0005   0.000516250
      401         1  CONTA174          0.0005   0.000544083
      403         1  CONTA174          0.0005   0.000535292
      405         5  CONTA174          0.0025   0.000503992
      407         2  CONTA174          0.0011   0.000541063
      409         4  CONTA174          0.0023   0.000583927
      411         2  CONTA174          0.0011   0.000560229
      413         1  CONTA174          0.0007   0.000694167
      415         1  CONTA174          0.0006   0.000576292
      417         1  CONTA174          0.0006   0.000572833
      419         1  CONTA174          0.0007   0.000671750
      421         1  CONTA174          0.0006   0.000607208
      423         1  CONTA174          0.0006   0.000598875
      425         1  CONTA174          0.0005   0.000514667
      427         1  CONTA174          0.0005   0.000504625
      429         1  CONTA174          0.0005   0.000503375
      431         1  CONTA174          0.0005   0.000521208
      433         1  CONTA174          0.0005   0.000505042
      435         1  CONTA174          0.0005   0.000471792
      437         1  CONTA174          0.0005   0.000451875
      439         1  CONTA174          0.0005   0.000453500
      441         1  CONTA174          0.0004   0.000369000
      443         1  CONTA174          0.0004   0.000412667
      445         1  CONTA174          0.0004   0.000413750
      447         1  CONTA174          0.0004   0.000417833
      449         1  CONTA174          0.0004   0.000410708
      451         1  CONTA174          0.0004   0.000421583
      453         1  CONTA174          0.0004   0.000415375
      455         1  CONTA174          0.0004   0.000405708
      457         1  CONTA174          0.0004   0.000438958
      459         1  CONTA174          0.0004   0.000416583
      461         1  CONTA174          0.0004   0.000423542
      463         1  CONTA174          0.0004   0.000422833
      465         1  CONTA174          0.0004   0.000422625
      467         1  CONTA174          0.0004   0.000385333
      469         1  CONTA174          0.0004   0.000397958
      471         1  CONTA174          0.0005   0.000467625
      473         1  CONTA174          0.0004   0.000391000
      475         1  CONTA174          0.0005   0.000480292
      477         1  CONTA174          0.0005   0.000473375
      479         1  CONTA174          0.0005   0.000483458
      481         1  CONTA174          0.0004   0.000420958
      483         1  CONTA174          0.0005   0.000519333
      485         1  CONTA174          0.0006   0.000591875
      487         1  CONTA174          0.0007   0.000712958
      489         1  CONTA174          0.0008   0.000814042
      491         1  CONTA174          0.0009   0.000873625
      493         1  CONTA174          0.0009   0.000862125
      495         1  CONTA174          0.0009   0.000893333
      497         1  CONTA174          0.0010   0.001003542
      499         1  CONTA174          0.0011   0.001068750
      501         1  CONTA174          0.0011   0.001057042
      503         1  CONTA174          0.0011   0.001062042
      505         1  CONTA174          0.0010   0.001037042
      507         1  CONTA174          0.0010   0.001037792
      509         1  CONTA174          0.0010   0.000977542
      511         1  CONTA174          0.0010   0.001049208
      513         1  CONTA174          0.0007   0.000736583
      515         1  CONTA174          0.0009   0.000876042
      517         1  CONTA174          0.0009   0.000885958
      519         1  CONTA174          0.0008   0.000835500
      521         1  CONTA174          0.0007   0.000708958
      523         1  CONTA174          0.0007   0.000711292
      525         1  CONTA174          0.0007   0.000699667
      527         1  CONTA174          0.0008   0.000751125
      529         1  CONTA174          0.0007   0.000732833
      531         1  CONTA174          0.0008   0.000764333
      533         1  CONTA174          0.0014   0.001394000
      535         1  CONTA174          0.0008   0.000755833
      537         1  CONTA174          0.0006   0.000559958
      539         1  CONTA174          0.0006   0.000554333
      541         1  CONTA174          0.0006   0.000566708
      543         1  CONTA174          0.0006   0.000567375
      545         1  CONTA174          0.0006   0.000563833
      547         1  CONTA174          0.0006   0.000581250
      549         1  CONTA174          0.0006   0.000593000
      551         1  CONTA174          0.0005   0.000526833
      553       303  CONTA174          0.1702   0.000561619
      555       469  CONTA174          0.2765   0.000589561
      557       140  CONTA174          0.0771   0.000550841
      559        87  CONTA174          0.0542   0.000623025
      561       417  CONTA174          0.2645   0.000634309
      563       292  CONTA174          0.1909   0.000653628
      565       200  CONTA174          0.1347   0.000673411
      567        97  CONTA174          0.0621   0.000639881
      569       300  CONTA174          0.2045   0.000681772
      571       200  CONTA174          0.1435   0.000717602
      573       259  CONTA174          0.1746   0.000674247
      575       551  CONTA174          0.4454   0.000808384
      577       148  CONTA174          0.1107   0.000748236
      579       470  CONTA174          0.3231   0.000687521
      581       142  CONTA174          0.1059   0.000745697
      583       297  CONTA174          0.2051   0.000690697
      585       406  CONTA174          0.3272   0.000805852
      587       244  CONTA174          0.1752   0.000717958
      589       115  CONTA174          0.0780   0.000678348
      591       200  CONTA174          0.1500   0.000750237
      593       200  CONTA174          0.1534   0.000767070
      595        75  CONTA174          0.0465   0.000620099
      597       202  CONTA174          0.1387   0.000686793
      599        75  CONTA174          0.0473   0.000630101
      601       437  CONTA174          0.4275   0.000978347
      603       200  CONTA174          0.1340   0.000669948
      605        95  CONTA174          0.0664   0.000699043
      607       132  CONTA174          0.0847   0.000641787
      609       107  CONTA174          0.0657   0.000613740
      611       122  CONTA174          0.0700   0.000573474
      613       111  CONTA174          0.0843   0.000759069
      615       128  CONTA174          0.1448   0.001131366
      617       134  CONTA174          0.1226   0.000914561
      619       143  CONTA174          0.0946   0.000661607
      621       110  CONTA174          0.0797   0.000724226
      623       137  CONTA174          0.0964   0.000703372
      625       402  CONTA174          0.3699   0.000920145
      627       356  CONTA174          0.3615   0.001015420

   *** NODAL LOAD CALCULATION TIMES
     TYPE    NUMBER     ENAME   TOTAL ELAPSED   AVG ELAPSED

      209         1  CONTA174          0.0042   0.004231708
      211         1  CONTA174          0.0041   0.004101625
      213         1  CONTA174          0.0042   0.004182042
      215         1  CONTA174          0.0043   0.004268500
      217         1  CONTA174          0.0042   0.004200875
      219         1  CONTA174          0.0040   0.003950417
      221         1  CONTA174          0.0044   0.004351667
      223         1  CONTA174          0.0002   0.000150542
      225         1  CONTA174          0.0046   0.004624458
      227         1  CONTA174          0.0048   0.004784208
      229         1  CONTA174          0.0039   0.003944125
      231         1  CONTA174          0.0050   0.005038667
      233         1  CONTA174          0.0000   0.000003167
      235         1  CONTA174          0.0000   0.000001708
      237         1  CONTA174          0.0000   0.000001625
      239         1  CONTA174          0.0000   0.000006417
      241         1  CONTA174          0.0000   0.000011167
      243         1  CONTA174          0.0000   0.000001792
      245         1  CONTA174          0.0000   0.000001792
      247         1  CONTA174          0.0000   0.000002750
      249         1  CONTA174          0.0000   0.000001250
      251         1  CONTA174          0.0000   0.000001333
      253         1  CONTA174          0.0000   0.000001083
      255         1  CONTA174          0.0000   0.000003167
      257         1  CONTA174          0.0000   0.000001500
      259         1  CONTA174          0.0000   0.000001792
      261         1  CONTA174          0.0000   0.000001542
      263         1  CONTA174          0.0000   0.000001917
      265         1  CONTA174          0.0000   0.000001417
      267         1  CONTA174          0.0000   0.000001083
      269         1  CONTA174          0.0000   0.000001042
      271         1  CONTA174          0.0000   0.000002542
      273         1  CONTA174          0.0000   0.000001125
      275         1  CONTA174          0.0000   0.000001042
      277         1  CONTA174          0.0000   0.000002458
      279         1  CONTA174          0.0000   0.000002292
      281         1  CONTA174          0.0001   0.000086292
      283         1  CONTA174          0.0000   0.000001750
      285         1  CONTA174          0.0000   0.000001083
      287         1  CONTA174          0.0000   0.000002542
      289         1  CONTA174          0.0000   0.000001542
      291         1  CONTA174          0.0000   0.000001083
      293         1  CONTA174          0.0000   0.000007167
      295         1  CONTA174          0.0000   0.000003000
      297         1  CONTA174          0.0000   0.000002583
      299         1  CONTA174          0.0000   0.000001208
      301         1  CONTA174          0.0000   0.000001333
      303         1  CONTA174          0.0000   0.000002125
      305         1  CONTA174          0.0000   0.000001042
      307         1  CONTA174          0.0000   0.000003125
      309         1  CONTA174          0.0000   0.000002583
      311         1  CONTA174          0.0000   0.000004250
      313         1  CONTA174          0.0000   0.000003167
      315         1  CONTA174          0.0000   0.000002208
      317         1  CONTA174          0.0000   0.000003625
      319         1  CONTA174          0.0000   0.000002417
      321         1  CONTA174          0.0000   0.000002042
      323         1  CONTA174          0.0000   0.000005417
      325         1  CONTA174          0.0000   0.000003542
      327         1  CONTA174          0.0000   0.000002958
      329         1  CONTA174          0.0000   0.000003833
      331         1  CONTA174          0.0000   0.000004250
      333         1  CONTA174          0.0000   0.000004583
      335         1  CONTA174          0.0000   0.000003750
      337         1  CONTA174          0.0000   0.000004708
      339         1  CONTA174          0.0000   0.000005250
      341         1  CONTA174          0.0000   0.000005667
      343         1  CONTA174          0.0000   0.000003250
      345         1  CONTA174          0.0000   0.000001917
      347         1  CONTA174          0.0000   0.000005042
      349         1  CONTA174          0.0000   0.000004000
      351         1  CONTA174          0.0000   0.000003792
      353         1  CONTA174          0.0000   0.000002042
      355         1  CONTA174          0.0000   0.000002167
      357         1  CONTA174          0.0000   0.000002875
      359         1  CONTA174          0.0000   0.000002917
      361         1  CONTA174          0.0000   0.000005833
      363         1  CONTA174          0.0000   0.000003250
      365         1  CONTA174          0.0000   0.000003417
      367         1  CONTA174          0.0000   0.000002000
      369         1  CONTA174          0.0000   0.000002250
      371         1  CONTA174          0.0000   0.000002500
      373         1  CONTA174          0.0000   0.000002875
      375         1  CONTA174          0.0000   0.000003000
      377         1  CONTA174          0.0000   0.000002125
      379         1  CONTA174          0.0000   0.000021542
      381         1  CONTA174          0.0000   0.000002667
      383         1  CONTA174          0.0000   0.000006292
      385         1  CONTA174          0.0000   0.000004042
      387         1  CONTA174          0.0000   0.000003750
      389         1  CONTA174          0.0000   0.000003792
      391         1  CONTA174          0.0000   0.000002375
      393         1  CONTA174          0.0000   0.000004167
      395         1  CONTA174          0.0000   0.000001917
      397         1  CONTA174          0.0000   0.000003250
      399         1  CONTA174          0.0000   0.000003250
      401         1  CONTA174          0.0000   0.000002042
      403         1  CONTA174          0.0000   0.000002208
      405         5  CONTA174          0.0000   0.000003175
      407         2  CONTA174          0.0000   0.000003000
      409         4  CONTA174          0.0000   0.000002542
      411         2  CONTA174          0.0000   0.000001667
      413         1  CONTA174          0.0000   0.000003542
      415         1  CONTA174          0.0000   0.000001667
      417         1  CONTA174          0.0000   0.000002458
      419         1  CONTA174          0.0000   0.000001625
      421         1  CONTA174          0.0000   0.000001833
      423         1  CONTA174          0.0000   0.000003417
      425         1  CONTA174          0.0000   0.000002375
      427         1  CONTA174          0.0000   0.000003083
      429         1  CONTA174          0.0000   0.000002792
      431         1  CONTA174          0.0000   0.000002333
      433         1  CONTA174          0.0000   0.000002167
      435         1  CONTA174          0.0000   0.000002167
      437         1  CONTA174          0.0000   0.000001875
      439         1  CONTA174          0.0000   0.000002083
      441         1  CONTA174          0.0000   0.000001667
      443         1  CONTA174          0.0000   0.000003083
      445         1  CONTA174          0.0000   0.000002500
      447         1  CONTA174          0.0000   0.000002000
      449         1  CONTA174          0.0000   0.000002042
      451         1  CONTA174          0.0000   0.000003625
      453         1  CONTA174          0.0000   0.000001792
      455         1  CONTA174          0.0000   0.000004083
      457         1  CONTA174          0.0000   0.000001500
      459         1  CONTA174          0.0000   0.000001250
      461         1  CONTA174          0.0000   0.000001667
      463         1  CONTA174          0.0000   0.000002417
      465         1  CONTA174          0.0000   0.000001792
      467         1  CONTA174          0.0000   0.000003083
      469         1  CONTA174          0.0000   0.000002042
      471         1  CONTA174          0.0000   0.000002125
      473         1  CONTA174          0.0000   0.000001833
      475         1  CONTA174          0.0000   0.000003333
      477         1  CONTA174          0.0000   0.000001542
      479         1  CONTA174          0.0000   0.000001750
      481         1  CONTA174          0.0000   0.000001833
      483         1  CONTA174          0.0000   0.000004042
      485         1  CONTA174          0.0000   0.000001792
      487         1  CONTA174          0.0000   0.000002250
      489         1  CONTA174          0.0000   0.000001458
      491         1  CONTA174          0.0000   0.000004542
      493         1  CONTA174          0.0000   0.000002083
      495         1  CONTA174          0.0000   0.000005375
      497         1  CONTA174          0.0000   0.000003042
      499         1  CONTA174          0.0000   0.000003125
      501         1  CONTA174          0.0000   0.000004583
      503         1  CONTA174          0.0000   0.000002750
      505         1  CONTA174          0.0000   0.000004667
      507         1  CONTA174          0.0000   0.000002708
      509         1  CONTA174          0.0000   0.000001917
      511         1  CONTA174          0.0000   0.000004042
      513         1  CONTA174          0.0000   0.000001875
      515         1  CONTA174          0.0000   0.000003042
      517         1  CONTA174          0.0000   0.000004083
      519         1  CONTA174          0.0000   0.000005042
      521         1  CONTA174          0.0000   0.000002875
      523         1  CONTA174          0.0000   0.000002833
      525         1  CONTA174          0.0000   0.000002833
      527         1  CONTA174          0.0000   0.000001917
      529         1  CONTA174          0.0000   0.000003125
      531         1  CONTA174          0.0000   0.000002500
      533         1  CONTA174          0.0000   0.000003958
      535         1  CONTA174          0.0000   0.000004250
      537         1  CONTA174          0.0000   0.000002208
      539         1  CONTA174          0.0000   0.000003917
      541         1  CONTA174          0.0000   0.000002292
      543         1  CONTA174          0.0000   0.000003625
      545         1  CONTA174          0.0000   0.000003417
      547         1  CONTA174          0.0000   0.000004333
      549         1  CONTA174          0.0000   0.000002167
      551         1  CONTA174          0.0000   0.000003750
      553       303  CONTA174          0.0010   0.000003140
      555       469  CONTA174          0.0015   0.000003144
      557       140  CONTA174          0.0005   0.000003501
      559        87  CONTA174          0.0004   0.000004448
      561       417  CONTA174          0.0014   0.000003297
      563       292  CONTA174          0.0010   0.000003312
      565       200  CONTA174          0.0009   0.000004371
      567        97  CONTA174          0.0003   0.000002786
      569       300  CONTA174          0.0012   0.000003875
      571       200  CONTA174          0.0008   0.000004068
      573       259  CONTA174          0.0011   0.000004391
      575       551  CONTA174          0.0022   0.000004035
      577       148  CONTA174          0.0007   0.000004982
      579       470  CONTA174          0.0019   0.000004140
      581       142  CONTA174          0.0005   0.000003636
      583       297  CONTA174          0.0015   0.000005132
      585       406  CONTA174          0.0017   0.000004090
      587       244  CONTA174          0.0010   0.000003896
      589       115  CONTA174          0.0003   0.000002611
      591       200  CONTA174          0.0007   0.000003457
      593       200  CONTA174          0.0009   0.000004295
      595        75  CONTA174          0.0002   0.000002971
      597       202  CONTA174          0.0009   0.000004619
      599        75  CONTA174          0.0002   0.000003046
      601       437  CONTA174          0.0021   0.000004824
      603       200  CONTA174          0.0008   0.000003976
      605        95  CONTA174          0.0003   0.000003316
      607       132  CONTA174          0.0004   0.000003319
      609       107  CONTA174          0.0004   0.000003381
      611       122  CONTA174          0.0005   0.000003849
      613       111  CONTA174          0.0004   0.000003523
      615       128  CONTA174          0.0005   0.000003611
      617       134  CONTA174          0.0005   0.000003951
      619       143  CONTA174          0.0006   0.000004139
      621       110  CONTA174          0.0005   0.000004149
      623       137  CONTA174          0.0006   0.000004651
      625       402  CONTA174          0.0018   0.000004488
      627       356  CONTA174          0.0014   0.000003916

 FINISH SOLUTION PROCESSING


 ***** ROUTINE COMPLETED *****  ELAPSED TIME =        14.585



 *GET  _WALLASOL  FROM  ACTI  ITEM=TIME WALL  VALUE= 0.405149473E-02

 PRINTOUT RESUMED BY /GOP

 *GET  _WALLDONE  FROM  ACTI  ITEM=TIME WALL  VALUE= 0.405164780E-02

 PARAMETER _PREPTIME =    0.6199860000    

 PARAMETER _SOLVTIME =     6.777459667    

 PARAMETER _POSTTIME =    0.5510416667E-03

 PARAMETER _TOTALTIM =     7.397996708    

 *GET  _DLBRATIO  FROM  ACTI  ITEM=SOLU DLBR  VALUE=  0.00000000    

 *GET  _COMBTIME  FROM  ACTI  ITEM=SOLU COMB  VALUE=  0.00000000    

 *GET  _SSMODE   FROM  ACTI  ITEM=SOLU SSMM  VALUE=  0.00000000    

 *GET  _NDOFS    FROM  ACTI  ITEM=SOLU NDOF  VALUE=  0.00000000    
 --- Total number of nodes = 95215
 --- Total number of elements = 51013
 --- Element load balance ratio = 0
 --- Time to combine distributed files = 0
 --- Sparse memory mode = 0
 --- Number of DOF = 0

 EXIT MAPDL WITHOUT SAVING DATABASE


 NUMBER OF WARNING MESSAGES ENCOUNTERED=          3
 NUMBER OF ERROR   MESSAGES ENCOUNTERED=          0

+--------------------- M A P D L   S T A T I S T I C S ------------------------+

Release: 2026 R1.02         Build: 26.1       Update: UP20260202   Platform: WINDOWS x64 
Date Run: 10/04/2026   Time: 15:52     Process ID: 10692
Operating System: Windows 11  (Build: 26200)

Processor Model:                           Virtual CPU @ 3.20GHz

Compiler: Intel(R) Fortran Compiler Classic Version 2021.9  (Build: 20230302)
          Intel(R) C/C++ Compiler Classic Version 2021.9  (Build: 20230302)
          AOCL-BLAS 5.1.1 Build 20251008
          Intel(R) oneAPI Math Kernel Library Version 2024.2.3-Product Build 20250403

Number of machines requested            :    1
Total number of cores available         :   14
Number of physical cores available      :   14
Number of processes requested           :   12
Number of threads per process requested :    1
Total number of cores requested         :   12 (Distributed Memory Parallel)               
MPI Type: INTELMPI
MPI Version: Intel(R) MPI Library 2021.16 for Windows* OS


GPU Acceleration: Not Requested

Job Name: file0
Input File: dummy.dat

  Core                Machine Name   Working Directory
 -----------------------------------------------------
     0             MARCDNICHITBF25   Z:\Developer\MIT_Rkt_Team\2026-7\MIT-RT-26_27-Work\simulation_work\avionics\powerboardsim\1\_ProjectScratch\ScrC805
     1             MARCDNICHITBF25   Z:\Developer\MIT_Rkt_Team\2026-7\MIT-RT-26_27-Work\simulation_work\avionics\powerboardsim\1\_ProjectScratch\ScrC805
     2             MARCDNICHITBF25   Z:\Developer\MIT_Rkt_Team\2026-7\MIT-RT-26_27-Work\simulation_work\avionics\powerboardsim\1\_ProjectScratch\ScrC805
     3             MARCDNICHITBF25   Z:\Developer\MIT_Rkt_Team\2026-7\MIT-RT-26_27-Work\simulation_work\avionics\powerboardsim\1\_ProjectScratch\ScrC805
     4             MARCDNICHITBF25   Z:\Developer\MIT_Rkt_Team\2026-7\MIT-RT-26_27-Work\simulation_work\avionics\powerboardsim\1\_ProjectScratch\ScrC805
     5             MARCDNICHITBF25   Z:\Developer\MIT_Rkt_Team\2026-7\MIT-RT-26_27-Work\simulation_work\avionics\powerboardsim\1\_ProjectScratch\ScrC805
     6             MARCDNICHITBF25   Z:\Developer\MIT_Rkt_Team\2026-7\MIT-RT-26_27-Work\simulation_work\avionics\powerboardsim\1\_ProjectScratch\ScrC805
     7             MARCDNICHITBF25   Z:\Developer\MIT_Rkt_Team\2026-7\MIT-RT-26_27-Work\simulation_work\avionics\powerboardsim\1\_ProjectScratch\ScrC805
     8             MARCDNICHITBF25   Z:\Developer\MIT_Rkt_Team\2026-7\MIT-RT-26_27-Work\simulation_work\avionics\powerboardsim\1\_ProjectScratch\ScrC805
     9             MARCDNICHITBF25   Z:\Developer\MIT_Rkt_Team\2026-7\MIT-RT-26_27-Work\simulation_work\avionics\powerboardsim\1\_ProjectScratch\ScrC805
    10             MARCDNICHITBF25   Z:\Developer\MIT_Rkt_Team\2026-7\MIT-RT-26_27-Work\simulation_work\avionics\powerboardsim\1\_ProjectScratch\ScrC805
    11             MARCDNICHITBF25   Z:\Developer\MIT_Rkt_Team\2026-7\MIT-RT-26_27-Work\simulation_work\avionics\powerboardsim\1\_ProjectScratch\ScrC805
 
Latency time from master to core     1 =   36.595 microseconds
Latency time from master to core     2 =   38.237 microseconds
Latency time from master to core     3 =   45.071 microseconds
Latency time from master to core     4 =   34.260 microseconds
Latency time from master to core     5 =   33.851 microseconds
Latency time from master to core     6 =   33.486 microseconds
Latency time from master to core     7 =   31.556 microseconds
Latency time from master to core     8 =   34.659 microseconds
Latency time from master to core     9 =   36.345 microseconds
Latency time from master to core    10 =   30.265 microseconds
Latency time from master to core    11 =   31.046 microseconds
 
Communication speed from master to core     1 =  1884.33 MB/sec
Communication speed from master to core     2 =  2026.60 MB/sec
Communication speed from master to core     3 =  1922.27 MB/sec
Communication speed from master to core     4 =  2127.20 MB/sec
Communication speed from master to core     5 =  2335.88 MB/sec
Communication speed from master to core     6 =  2094.89 MB/sec
Communication speed from master to core     7 =  2139.95 MB/sec
Communication speed from master to core     8 =  1860.57 MB/sec
Communication speed from master to core     9 =  1747.55 MB/sec
Communication speed from master to core    10 =  1848.74 MB/sec
Communication speed from master to core    11 =  1713.71 MB/sec

Total CPU time for main thread                    :        7.9 seconds
Total CPU time summed for all threads             :       35.7 seconds

Elapsed time spent obtaining a license            :        0.6 seconds
Elapsed time spent pre-processing model (/PREP7)  :        0.6 seconds
Elapsed time spent solution - preprocessing       :        0.3 seconds
Elapsed time spent computing solution             :        0.0 seconds
   Elapsed time in element formation & assembly   :        2.9 seconds
   Elapsed time in equation solver                :        0.0 seconds
   Elapsed time in element result calculations    :        0.0 seconds
Elapsed time spent solution - postprocessing      :        0.0 seconds
Elapsed time spent post-processing model (/POST1) :        0.0 seconds
 
Equation solver used                              :            Sparse (symmetric)

Sum of disk space used on all processes           :      154.1 MB

Sum of memory used on all processes               :      356.0 MB
Sum of memory allocated on all processes          :     4416.0 MB
Physical memory available                         :        112 GB
Total amount of I/O written to disk               :        0.3 GB
Total amount of I/O read from disk                :        0.2 GB

+------------------ E N D   M A P D L   S T A T I S T I C S -------------------+


 *-----------------------------------------------------------------------------*
 |                                                                             |
 |                               RUN COMPLETED                                 |
 |                                                                             |
 |-----------------------------------------------------------------------------|
 |                                                                             |
 |  Ansys MAPDL 2026 R1.02      Build 26.1         UP20260202    WINDOWS x64   |
 |                                                                             |
 |-----------------------------------------------------------------------------|
 |                                                                             |
 |  Database Requested(-db)     1024 MB     Scratch Memory Requested   1024 MB |
 |  Max Database Used(Master)     99 MB     Max Scratch Used(Master)    169 MB |
 |  Max Database Used(Workers)     1 MB     Max Scratch Used(Workers)     7 MB |
 |  Sum Database Used(All)       110 MB     Sum Scratch Used(All)       246 MB |
 |                                                                             |
 |-----------------------------------------------------------------------------|
 |                                                                             |
 |        CP Time      (sec) =         35.656       Time  =  15:52:28          |
 |        Elapsed Time (sec) =         25.026       Date  =  10/04/2026        |
 |                                                                             |
 *-----------------------------------------------------------------------------*
