
 Ansys Mechanical Enterprise Academic Research     


 *------------------------------------------------------------------*
 |                                                                  |
 |   W E L C O M E   T O   T H E   A N S Y S (R)  P R O G R A M     |
 |                                                                  |
 *------------------------------------------------------------------*




 ***************************************************************
 *         ANSYS MAPDL 2026 R1.02       LEGAL NOTICES          *
 ***************************************************************
 *                                                             *
 * Copyright (c) 2026 Synopsys, Inc. and ANSYS, Inc.           *
 * All rights reserved.                                        *
 * Unauthorized use, distribution or duplication is            *
 * prohibited.                                                 *
 *                                                             *
 * Ansys is a registered trademark of Ansys, Inc. or its       *
 * subsidiaries in the United States or other countries.       *
 * See the Ansys, Inc. online documentation or the Ansys, Inc. *
 * documentation CD or online help for the complete Legal      *
 * Notice.                                                     *
 *                                                             *
 ***************************************************************
 *                                                             *
 * THIS ANSYS SOFTWARE PRODUCT AND PROGRAM DOCUMENTATION       *
 * INCLUDE TRADE SECRETS AND CONFIDENTIAL AND PROPRIETARY      *
 * PRODUCTS OF ANSYS, INC., ITS SUBSIDIARIES, OR LICENSORS.    *
 * The software products and documentation are furnished by    *
 * Ansys, Inc. or its subsidiaries under a software license    *
 * agreement that contains provisions concerning               *
 * non-disclosure, copying, length and nature of use,          *
 * compliance with exporting laws, warranties, disclaimers,    *
 * limitations of liability, and remedies, and other           *
 * provisions.  The software products and documentation may be *
 * used, disclosed, transferred, or copied only in accordance  *
 * with the terms and conditions of that software license      *
 * agreement.                                                  *
 *                                                             *
 * Ansys, Inc. is a UL registered                              *
 * ISO 9001:2015 company.                                      *
 *                                                             *
 ***************************************************************
 *                                                             *
 * This product is subject to U.S. laws governing export and   *
 * re-export.                                                  *
 *                                                             *
 * For U.S. Government users, except as specifically granted   *
 * by the Ansys, Inc. software license agreement, the use,     *
 * duplication, or disclosure by the United States Government  *
 * is subject to restrictions stated in the Ansys, Inc.        *
 * software license agreement and FAR 12.212 (for non-DOD      *
 * licenses).                                                  *
 *                                                             *
 ***************************************************************

 2026 R1.02  
     
 Point Releases and Patches installed:   
     
 Ansys Service Pack 2026 R1.01   
 Ansys Service Pack 2026 R1.02   
 Ansys, Inc. License Manager 2026 R1 
 Ansys, Inc. License Manager 2026 R1.01  
 Ansys, Inc. License Manager 2026 R1.02  
 Discovery (reduced install) 2026 R1 
 Discovery (reduced install) 2026 R1.01  
 Discovery (reduced install) 2026 R1.02  
 Core WB Files 2026 R1   
 Core WB Files 2026 R1.01
 Core WB Files 2026 R1.02
 BladeModeler 2026 R1
 BladeModeler 2026 R1.01 
 BladeModeler 2026 R1.02 
 CFX (includes CFD-Post) 2026 R1 
 CFX (includes CFD-Post) 2026 R1.01  
 CFX (includes CFD-Post) 2026 R1.02  
 CFD-Post only 2026 R1   
 CFD-Post only 2026 R1.01
 CFD-Post only 2026 R1.02
 Chemkin 2026 R1 
 Chemkin 2026 R1.01  
 Chemkin 2026 R1.02  
 EnSight 2026 R1 
 EnSight 2026 R1.01  
 EnSight 2026 R1.02  
 FENSAP-ICE 2026 R1  
 FENSAP-ICE 2026 R1.01   
 FENSAP-ICE 2026 R1.02   
 Fluent (includes CFD-Post) 2026 R1  
 Fluent (includes CFD-Post) 2026 R1.01   
 Fluent (includes CFD-Post) 2026 R1.02   
 Polyflow (includes CFD-Post) 2026 R1
 Polyflow (includes CFD-Post) 2026 R1.01 
 Polyflow (includes CFD-Post) 2026 R1.02 
 Forte (includes EnSight) 2026 R1
 Forte (includes EnSight) 2026 R1.01 
 Forte (includes EnSight) 2026 R1.02 
 ICEM CFD 2026 R1
 ICEM CFD 2026 R1.01 
 ICEM CFD 2026 R1.02 
 RBF Morph Fluids UDF 2026 R1
 RBF Morph Fluids UDF 2026 R1.01 
 RBF Morph Fluids UDF 2026 R1.02 
 RBF Morph Libraries 2026 R1 
 RBF Morph Libraries 2026 R1.01  
 RBF Morph Libraries 2026 R1.02  
 Rocky 2026 R1   
 Rocky 2026 R1.01
 Rocky 2026 R1.02
 Thermal Desktop: AutoCAD 2026 R1
 Thermal Desktop: AutoCAD 2026 R1.01 
 Thermal Desktop: AutoCAD 2026 R1.02 
 Thermal Desktop: Thermal Desktop and TD Designer  2026 R1   
 Thermal Desktop: Thermal Desktop and TD Designer  2026 R1.01
 Thermal Desktop: Thermal Desktop and TD Designer  2026 R1.02
 Thermal Desktop: Sinda Solver 2026 R1   
 Thermal Desktop: Sinda Solver 2026 R1.01
 Thermal Desktop: Sinda Solver 2026 R1.02
 TurboGrid 2026 R1   
 TurboGrid 2026 R1.01
 TurboGrid 2026 R1.02
 Granta EduPack 2026 R1  
 Granta EduPack 2026 R1.01   
 Granta EduPack 2026 R1.02   
 Granta Selector 2026 R1 
 Granta Selector 2026 R1.01  
 Granta Selector 2026 R1.02  
 Dynamic Reporting 2026 R1   
 Dynamic Reporting 2026 R1.01
 Dynamic Reporting 2026 R1.02
 Remote Solve Manager Standalone Services 2026 R1
 Remote Solve Manager Standalone Services 2026 R1.01 
 Remote Solve Manager Standalone Services 2026 R1.02 
 Aqwa 2026 R1
 Aqwa 2026 R1.01 
 Aqwa 2026 R1.02 
 Autodyn 2026 R1 
 Autodyn 2026 R1.01  
 Autodyn 2026 R1.02  
 Customization Files for User Programmable Features 2026 R1  
 Customization Files for User Programmable Features 2026 R1.01   
 Customization Files for User Programmable Features 2026 R1.02   
 LS-DYNA 2026 R1 
 LS-DYNA 2026 R1.01  
 LS-DYNA 2026 R1.02  
 Material Calibration App 2026 R1
 Material Calibration App 2026 R1.01 
 Material Calibration App 2026 R1.02 
 Material Designer 2026 R1   
 Material Designer 2026 R1.01
 Material Designer 2026 R1.02
 Mechanical Products 2026 R1 
 Mechanical Products 2026 R1.01  
 Mechanical Products 2026 R1.02  
 Motion 2026 R1  
 Motion 2026 R1.01   
 Motion 2026 R1.02   
 RBF Morph 2026 R1   
 RBF Morph 2026 R1.01
 RBF Morph 2026 R1.02
 Sherlock 2026 R1
 Sherlock 2026 R1.01 
 Sherlock 2026 R1.02 
 Sound - SAS 2026 R1 
 Sound - SAS 2026 R1.01  
 Sound - SAS 2026 R1.02  
 ACIS Geometry Interface 2026 R1 
 ACIS Geometry Interface 2026 R1.01  
 ACIS Geometry Interface 2026 R1.02  
 AutoCAD Geometry Interface 2026 R1  
 AutoCAD Geometry Interface 2026 R1.01   
 AutoCAD Geometry Interface 2026 R1.02   
 Catia, Version 4 Geometry Interface 2026 R1 
 Catia, Version 4 Geometry Interface 2026 R1.01  
 Catia, Version 4 Geometry Interface 2026 R1.02  
 Catia, Version 5 Geometry Interface 2026 R1 
 Catia, Version 5 Geometry Interface 2026 R1.01  
 Catia, Version 5 Geometry Interface 2026 R1.02  
 Catia, Version 6 Geometry Interface 2026 R1 
 Catia, Version 6 Geometry Interface 2026 R1.01  
 Catia, Version 6 Geometry Interface 2026 R1.02  
 Creo Elements/Direct Modeling Geometry Interface 2026 R1
 Creo Elements/Direct Modeling Geometry Interface 2026 R1.01 
 Creo Elements/Direct Modeling Geometry Interface 2026 R1.02 
 Creo Parametric Geometry Interface 2026 R1  
 Creo Parametric Geometry Interface 2026 R1.01   
 Creo Parametric Geometry Interface 2026 R1.02   
 Inventor Geometry Interface 2026 R1 
 Inventor Geometry Interface 2026 R1.01  
 Inventor Geometry Interface 2026 R1.02  
 JTOpen Geometry Interface 2026 R1   
 JTOpen Geometry Interface 2026 R1.01
 JTOpen Geometry Interface 2026 R1.02
 NX Geometry Interface 2026 R1   
 NX Geometry Interface 2026 R1.01
 NX Geometry Interface 2026 R1.02
 Parasolid Geometry Interface  2026 R1   
 Parasolid Geometry Interface  2026 R1.01
 Parasolid Geometry Interface  2026 R1.02
 Solid Edge Geometry Interface 2026 R1   
 Solid Edge Geometry Interface 2026 R1.01
 Solid Edge Geometry Interface 2026 R1.02
 SOLIDWORKS Geometry Interface 2026 R1   
 SOLIDWORKS Geometry Interface 2026 R1.01
 SOLIDWORKS Geometry Interface 2026 R1.02


          *****  MAPDL COMMAND LINE ARGUMENTS  *****
  INITIAL JOBNAME              = check                                                                                                                                                                                                                                                   
  BATCH MODE REQUESTED (-b)    = NOLIST
  INPUT FILE COPY MODE (-c)    = COPY
  SHARED MEMORY PARALLEL REQUESTED
    SINGLE PROCESS WITH SINGLE THREAD REQUESTED
    TOTAL OF     1 CORES REQUESTED
  INPUT FILE NAME              = C:\Temp\PBTear26_e30u03_coarse\preflight.dat
  OUTPUT FILE NAME             = C:\Temp\PBTear26_e30u03_coarse\preflight.out
  START-UP FILE MODE           = NOREAD
  STOP FILE MODE               = NOREAD

 RELEASE= 2026 R1.02           BUILD= 26.1      UP20260202   VERSION=WINDOWS x64 
 CURRENT JOBNAME=check  17:29:17  OCT 05, 2026  Elapsed Time=       0.188


 TITLE= 
 Edge battery: estimated nickel ductile damage                                 


 *** MAPDL - ENGINEERING ANALYSIS SYSTEM  RELEASE 2026 R1.02       26.1     ***
 Ansys Mechanical Enterprise Academic Research     
 01196637  VERSION=WINDOWS x64   17:29:18  OCT 05, 2026 Elapsed Time=      7.204

 Edge battery: estimated nickel ductile damage                                 



          ***** MAPDL ANALYSIS DEFINITION (PREP7) *****

 MPA UNITS SPECIFIED FOR INTERNAL    
  LENGTH      = MILLIMETERS (mm)
  MASS        = TONNE (Mg)
  TIME        = SECONDS (sec)
  TEMPERATURE = CELSIUS (C)
  TOFFSET     = 273.0
  FORCE       = NEWTON (N)
  HEAT        = MILLIJOULES (mJ)

 INPUT  UNITS ARE ALSO SET TO MPA 

 ELEMENT TYPE          1 IS SHELL181     4-NODE SHELL                
  KEYOPT( 1- 6)=        0      0      0        0      0      0
  KEYOPT( 7-12)=        0      0      0        0      0      0
  KEYOPT(13-18)=        0      0      0        0      0      0

 CURRENT NODAL DOF SET IS  UX    UY    UZ    ROTX  ROTY  ROTZ
  THREE-DIMENSIONAL MODEL

 ELEMENT TYPE       1 IS SHELL181     4-NODE SHELL                
  KEYOPT( 1- 6)=        0      0      2        0      0      0
  KEYOPT( 7-12)=        0      0      0        0      0      0
  KEYOPT(13-18)=        0      0      0        0      0      0

 CURRENT NODAL DOF SET IS  UX    UY    UZ    ROTX  ROTY  ROTZ
  THREE-DIMENSIONAL MODEL

 ELEMENT TYPE       1 IS SHELL181     4-NODE SHELL                
  KEYOPT( 1- 6)=        0      0      2        0      0      0
  KEYOPT( 7-12)=        0      2      0        0      0      0
  KEYOPT(13-18)=        0      0      0        0      0      0

 CURRENT NODAL DOF SET IS  UX    UY    UZ    ROTX  ROTY  ROTZ
  THREE-DIMENSIONAL MODEL
                                      
   INPUT SECTION ID NUMBER               1
   INPUT SECTION TYPE                 SHELL
   INPUT SHELL SECTION NAME                   


 Shell Section ID=        1 Number of layers=    1  Total Thickness=     0.150000
         
   SHELL SECTION WITH SECTION ID NUMBER      1 IS OFFSET TO MID SURFACE OF SHELL

  Layer      Thickness   MatID   Ori. Angle  Num Intg. Pts

      1        0.1500         1        0.0000     7

  Section Solution Controls
  User Transverse Shear Stiffness (11)=  0.0000    
                                  (22)=  0.0000    
                                  (12)=  0.0000    
  Added Mass Per Unit Area            =  0.0000    
  Hourglass Scale Factor; Membrane    =  1.0000    
                          Bending     =  1.0000    
  Drill Stiffness Scale Factor        =  1.0000    

 MATERIAL          1     EX   =   205000.0      

 MATERIAL          1     PRXY =  0.2900000      

 MATERIAL          1     EX   =   205000.0      

 MATERIAL          1     PRXY =  0.2900000      

   RATE-INDEPENDENT PLASTICITY - MULTILINEAR ISOTROPIC HARDENING OPTION FOR MATERIAL 1 
 POINT INSERTED IN THE  PLAS  TABLE FOR MATERIAL     1
    COL1= 0.00000e+00    COL2= 1.85000e+02 
 POINT INSERTED IN THE  PLAS  TABLE FOR MATERIAL     1
    COL1= 1.00000e-03    COL2= 1.92036e+02 
 POINT INSERTED IN THE  PLAS  TABLE FOR MATERIAL     1
    COL1= 3.00000e-03    COL2= 2.05348e+02 
 POINT INSERTED IN THE  PLAS  TABLE FOR MATERIAL     1
    COL1= 5.00000e-03    COL2= 2.17695e+02 
 POINT INSERTED IN THE  PLAS  TABLE FOR MATERIAL     1
    COL1= 7.00000e-03    COL2= 2.29138e+02 
 POINT INSERTED IN THE  PLAS  TABLE FOR MATERIAL     1
    COL1= 9.00000e-03    COL2= 2.39737e+02 
 POINT INSERTED IN THE  PLAS  TABLE FOR MATERIAL     1
    COL1= 1.10000e-02    COL2= 2.49548e+02 
 POINT INSERTED IN THE  PLAS  TABLE FOR MATERIAL     1
    COL1= 1.30000e-02    COL2= 2.58626e+02 
 POINT INSERTED IN THE  PLAS  TABLE FOR MATERIAL     1
    COL1= 1.50000e-02    COL2= 2.67023e+02 
 POINT INSERTED IN THE  PLAS  TABLE FOR MATERIAL     1
    COL1= 1.70000e-02    COL2= 2.74791e+02 
 POINT INSERTED IN THE  PLAS  TABLE FOR MATERIAL     1
    COL1= 1.90000e-02    COL2= 2.81979e+02 
 POINT INSERTED IN THE  PLAS  TABLE FOR MATERIAL     1
    COL1= 2.10000e-02    COL2= 2.88634e+02 
 POINT INSERTED IN THE  PLAS  TABLE FOR MATERIAL     1
    COL1= 2.30000e-02    COL2= 2.94802e+02 
 POINT INSERTED IN THE  PLAS  TABLE FOR MATERIAL     1
    COL1= 2.50000e-02    COL2= 3.00525e+02 
 POINT INSERTED IN THE  PLAS  TABLE FOR MATERIAL     1
    COL1= 2.70000e-02    COL2= 3.05846e+02 
 POINT INSERTED IN THE  PLAS  TABLE FOR MATERIAL     1
    COL1= 2.90000e-02    COL2= 3.09974e+02 
 POINT INSERTED IN THE  PLAS  TABLE FOR MATERIAL     1
    COL1= 3.10000e-02    COL2= 3.13576e+02 
 POINT INSERTED IN THE  PLAS  TABLE FOR MATERIAL     1
    COL1= 3.30000e-02    COL2= 3.17153e+02 
 POINT INSERTED IN THE  PLAS  TABLE FOR MATERIAL     1
    COL1= 3.50000e-02    COL2= 3.20706e+02 
 POINT INSERTED IN THE  PLAS  TABLE FOR MATERIAL     1
    COL1= 3.70000e-02    COL2= 3.24234e+02 
 POINT INSERTED IN THE  PLAS  TABLE FOR MATERIAL     1
    COL1= 3.90000e-02    COL2= 3.27739e+02 
 POINT INSERTED IN THE  PLAS  TABLE FOR MATERIAL     1
    COL1= 4.10000e-02    COL2= 3.31219e+02 
 POINT INSERTED IN THE  PLAS  TABLE FOR MATERIAL     1
    COL1= 4.30000e-02    COL2= 3.34675e+02 
 POINT INSERTED IN THE  PLAS  TABLE FOR MATERIAL     1
    COL1= 4.50000e-02    COL2= 3.38107e+02 
 POINT INSERTED IN THE  PLAS  TABLE FOR MATERIAL     1
    COL1= 4.70000e-02    COL2= 3.41515e+02 
 POINT INSERTED IN THE  PLAS  TABLE FOR MATERIAL     1
    COL1= 4.90000e-02    COL2= 3.44898e+02 
 POINT INSERTED IN THE  PLAS  TABLE FOR MATERIAL     1
    COL1= 5.10000e-02    COL2= 3.48257e+02 
 POINT INSERTED IN THE  PLAS  TABLE FOR MATERIAL     1
    COL1= 5.30000e-02    COL2= 3.51592e+02 
 POINT INSERTED IN THE  PLAS  TABLE FOR MATERIAL     1
    COL1= 5.50000e-02    COL2= 3.54903e+02 
 POINT INSERTED IN THE  PLAS  TABLE FOR MATERIAL     1
    COL1= 5.70000e-02    COL2= 3.58190e+02 
 POINT INSERTED IN THE  PLAS  TABLE FOR MATERIAL     1
    COL1= 5.90000e-02    COL2= 3.61452e+02 
 POINT INSERTED IN THE  PLAS  TABLE FOR MATERIAL     1
    COL1= 6.10000e-02    COL2= 3.64690e+02 
 POINT INSERTED IN THE  PLAS  TABLE FOR MATERIAL     1
    COL1= 6.30000e-02    COL2= 3.67904e+02 
 POINT INSERTED IN THE  PLAS  TABLE FOR MATERIAL     1
    COL1= 6.50000e-02    COL2= 3.71094e+02 
 POINT INSERTED IN THE  PLAS  TABLE FOR MATERIAL     1
    COL1= 6.70000e-02    COL2= 3.74259e+02 
 POINT INSERTED IN THE  PLAS  TABLE FOR MATERIAL     1
    COL1= 6.90000e-02    COL2= 3.77401e+02 
 POINT INSERTED IN THE  PLAS  TABLE FOR MATERIAL     1
    COL1= 7.10000e-02    COL2= 3.80518e+02 
 POINT INSERTED IN THE  PLAS  TABLE FOR MATERIAL     1
    COL1= 7.30000e-02    COL2= 3.83611e+02 
 POINT INSERTED IN THE  PLAS  TABLE FOR MATERIAL     1
    COL1= 7.50000e-02    COL2= 3.86679e+02 
 POINT INSERTED IN THE  PLAS  TABLE FOR MATERIAL     1
    COL1= 7.70000e-02    COL2= 3.89724e+02 
 POINT INSERTED IN THE  PLAS  TABLE FOR MATERIAL     1
    COL1= 7.90000e-02    COL2= 3.92744e+02 
 POINT INSERTED IN THE  PLAS  TABLE FOR MATERIAL     1
    COL1= 8.10000e-02    COL2= 3.95740e+02 
 POINT INSERTED IN THE  PLAS  TABLE FOR MATERIAL     1
    COL1= 8.30000e-02    COL2= 3.98712e+02 
 POINT INSERTED IN THE  PLAS  TABLE FOR MATERIAL     1
    COL1= 8.50000e-02    COL2= 4.01659e+02 
 POINT INSERTED IN THE  PLAS  TABLE FOR MATERIAL     1
    COL1= 8.70000e-02    COL2= 4.04583e+02 
 POINT INSERTED IN THE  PLAS  TABLE FOR MATERIAL     1
    COL1= 8.90000e-02    COL2= 4.07482e+02 
 POINT INSERTED IN THE  PLAS  TABLE FOR MATERIAL     1
    COL1= 9.10000e-02    COL2= 4.10357e+02 
 POINT INSERTED IN THE  PLAS  TABLE FOR MATERIAL     1
    COL1= 9.30000e-02    COL2= 4.13208e+02 
 POINT INSERTED IN THE  PLAS  TABLE FOR MATERIAL     1
    COL1= 9.50000e-02    COL2= 4.16034e+02 
 POINT INSERTED IN THE  PLAS  TABLE FOR MATERIAL     1
    COL1= 9.70000e-02    COL2= 4.18837e+02 
 POINT INSERTED IN THE  PLAS  TABLE FOR MATERIAL     1
    COL1= 9.90000e-02    COL2= 4.21615e+02 
 POINT INSERTED IN THE  PLAS  TABLE FOR MATERIAL     1
    COL1= 1.01000e-01    COL2= 4.24369e+02 
 POINT INSERTED IN THE  PLAS  TABLE FOR MATERIAL     1
    COL1= 1.03000e-01    COL2= 4.27099e+02 
 POINT INSERTED IN THE  PLAS  TABLE FOR MATERIAL     1
    COL1= 1.05000e-01    COL2= 4.29804e+02 
 POINT INSERTED IN THE  PLAS  TABLE FOR MATERIAL     1
    COL1= 1.07000e-01    COL2= 4.32486e+02 
 POINT INSERTED IN THE  PLAS  TABLE FOR MATERIAL     1
    COL1= 1.09000e-01    COL2= 4.35143e+02 
 POINT INSERTED IN THE  PLAS  TABLE FOR MATERIAL     1
    COL1= 1.11000e-01    COL2= 4.37776e+02 
 POINT INSERTED IN THE  PLAS  TABLE FOR MATERIAL     1
    COL1= 1.13000e-01    COL2= 4.40384e+02 
 POINT INSERTED IN THE  PLAS  TABLE FOR MATERIAL     1
    COL1= 1.15000e-01    COL2= 4.42969e+02 
 POINT INSERTED IN THE  PLAS  TABLE FOR MATERIAL     1
    COL1= 1.17000e-01    COL2= 4.45529e+02 
 POINT INSERTED IN THE  PLAS  TABLE FOR MATERIAL     1
    COL1= 1.19000e-01    COL2= 4.48065e+02 
 POINT INSERTED IN THE  PLAS  TABLE FOR MATERIAL     1
    COL1= 1.21000e-01    COL2= 4.50577e+02 
 POINT INSERTED IN THE  PLAS  TABLE FOR MATERIAL     1
    COL1= 1.23000e-01    COL2= 4.53065e+02 
 POINT INSERTED IN THE  PLAS  TABLE FOR MATERIAL     1
    COL1= 1.25000e-01    COL2= 4.55528e+02 
 POINT INSERTED IN THE  PLAS  TABLE FOR MATERIAL     1
    COL1= 1.27000e-01    COL2= 4.57967e+02 
 POINT INSERTED IN THE  PLAS  TABLE FOR MATERIAL     1
    COL1= 1.29000e-01    COL2= 4.60382e+02 
 POINT INSERTED IN THE  PLAS  TABLE FOR MATERIAL     1
    COL1= 1.31000e-01    COL2= 4.62773e+02 
 POINT INSERTED IN THE  PLAS  TABLE FOR MATERIAL     1
    COL1= 1.33000e-01    COL2= 4.65140e+02 
 POINT INSERTED IN THE  PLAS  TABLE FOR MATERIAL     1
    COL1= 1.35000e-01    COL2= 4.67482e+02 
 POINT INSERTED IN THE  PLAS  TABLE FOR MATERIAL     1
    COL1= 1.37000e-01    COL2= 4.69800e+02 
 POINT INSERTED IN THE  PLAS  TABLE FOR MATERIAL     1
    COL1= 1.39000e-01    COL2= 4.72094e+02 
 POINT INSERTED IN THE  PLAS  TABLE FOR MATERIAL     1
    COL1= 1.41000e-01    COL2= 4.74364e+02 
 POINT INSERTED IN THE  PLAS  TABLE FOR MATERIAL     1
    COL1= 1.43000e-01    COL2= 4.76609e+02 
 POINT INSERTED IN THE  PLAS  TABLE FOR MATERIAL     1
    COL1= 1.45000e-01    COL2= 4.78831e+02 
 POINT INSERTED IN THE  PLAS  TABLE FOR MATERIAL     1
    COL1= 1.47000e-01    COL2= 4.81028e+02 
 POINT INSERTED IN THE  PLAS  TABLE FOR MATERIAL     1
    COL1= 1.49000e-01    COL2= 4.83201e+02 
 POINT INSERTED IN THE  PLAS  TABLE FOR MATERIAL     1
    COL1= 1.51000e-01    COL2= 4.85349e+02 
 POINT INSERTED IN THE  PLAS  TABLE FOR MATERIAL     1
    COL1= 1.53000e-01    COL2= 4.87474e+02 
 POINT INSERTED IN THE  PLAS  TABLE FOR MATERIAL     1
    COL1= 1.55000e-01    COL2= 4.89574e+02 
 POINT INSERTED IN THE  PLAS  TABLE FOR MATERIAL     1
    COL1= 1.57000e-01    COL2= 4.91650e+02 
 POINT INSERTED IN THE  PLAS  TABLE FOR MATERIAL     1
    COL1= 1.59000e-01    COL2= 4.93702e+02 
 POINT INSERTED IN THE  PLAS  TABLE FOR MATERIAL     1
    COL1= 1.61000e-01    COL2= 4.95730e+02 
 POINT INSERTED IN THE  PLAS  TABLE FOR MATERIAL     1
    COL1= 1.63000e-01    COL2= 4.97733e+02 
 POINT INSERTED IN THE  PLAS  TABLE FOR MATERIAL     1
    COL1= 1.65000e-01    COL2= 4.99712e+02 
 POINT INSERTED IN THE  PLAS  TABLE FOR MATERIAL     1
    COL1= 1.67000e-01    COL2= 5.01667e+02 
 POINT INSERTED IN THE  PLAS  TABLE FOR MATERIAL     1
    COL1= 1.69000e-01    COL2= 5.03598e+02 
 POINT INSERTED IN THE  PLAS  TABLE FOR MATERIAL     1
    COL1= 1.71000e-01    COL2= 5.05505e+02 
 POINT INSERTED IN THE  PLAS  TABLE FOR MATERIAL     1
    COL1= 1.73000e-01    COL2= 5.07387e+02 
 POINT INSERTED IN THE  PLAS  TABLE FOR MATERIAL     1
    COL1= 1.75000e-01    COL2= 5.09245e+02 
 POINT INSERTED IN THE  PLAS  TABLE FOR MATERIAL     1
    COL1= 1.77000e-01    COL2= 5.11079e+02 
 POINT INSERTED IN THE  PLAS  TABLE FOR MATERIAL     1
    COL1= 1.79000e-01    COL2= 5.12889e+02 
 POINT INSERTED IN THE  PLAS  TABLE FOR MATERIAL     1
    COL1= 1.81000e-01    COL2= 5.14675e+02 
 POINT INSERTED IN THE  PLAS  TABLE FOR MATERIAL     1
    COL1= 1.83000e-01    COL2= 5.16436e+02 
 POINT INSERTED IN THE  PLAS  TABLE FOR MATERIAL     1
    COL1= 1.85000e-01    COL2= 5.18173e+02 
 POINT INSERTED IN THE  PLAS  TABLE FOR MATERIAL     1
    COL1= 1.87000e-01    COL2= 5.19886e+02 
 POINT INSERTED IN THE  PLAS  TABLE FOR MATERIAL     1
    COL1= 1.89000e-01    COL2= 5.21575e+02 
 POINT INSERTED IN THE  PLAS  TABLE FOR MATERIAL     1
    COL1= 1.91000e-01    COL2= 5.23239e+02 
 POINT INSERTED IN THE  PLAS  TABLE FOR MATERIAL     1
    COL1= 1.93000e-01    COL2= 5.24879e+02 
 POINT INSERTED IN THE  PLAS  TABLE FOR MATERIAL     1
    COL1= 1.95000e-01    COL2= 5.26496e+02 
 POINT INSERTED IN THE  PLAS  TABLE FOR MATERIAL     1
    COL1= 1.97000e-01    COL2= 5.28087e+02 
 POINT INSERTED IN THE  PLAS  TABLE FOR MATERIAL     1
    COL1= 1.99000e-01    COL2= 5.29655e+02 
 POINT INSERTED IN THE  PLAS  TABLE FOR MATERIAL     1
    COL1= 1.99999e-01    COL2= 5.30429e+02 
 POINT INSERTED IN THE  PLAS  TABLE FOR MATERIAL     1
    COL1= 2.10000e-01    COL2= 5.38676e+02 
 POINT INSERTED IN THE  PLAS  TABLE FOR MATERIAL     1
    COL1= 2.20000e-01    COL2= 5.46658e+02 
 POINT INSERTED IN THE  PLAS  TABLE FOR MATERIAL     1
    COL1= 2.30000e-01    COL2= 5.54396e+02 
 POINT INSERTED IN THE  PLAS  TABLE FOR MATERIAL     1
    COL1= 2.40000e-01    COL2= 5.61907e+02 
 POINT INSERTED IN THE  PLAS  TABLE FOR MATERIAL     1
    COL1= 2.50000e-01    COL2= 5.69207e+02 
 POINT INSERTED IN THE  PLAS  TABLE FOR MATERIAL     1
    COL1= 2.60000e-01    COL2= 5.76310e+02 
 POINT INSERTED IN THE  PLAS  TABLE FOR MATERIAL     1
    COL1= 2.70000e-01    COL2= 5.83228e+02 
 POINT INSERTED IN THE  PLAS  TABLE FOR MATERIAL     1
    COL1= 2.80000e-01    COL2= 5.89974e+02 
 POINT INSERTED IN THE  PLAS  TABLE FOR MATERIAL     1
    COL1= 2.90000e-01    COL2= 5.96556e+02 
 POINT INSERTED IN THE  PLAS  TABLE FOR MATERIAL     1
    COL1= 3.00000e-01    COL2= 6.02985e+02 
 POINT INSERTED IN THE  PLAS  TABLE FOR MATERIAL     1
    COL1= 3.10000e-01    COL2= 6.09270e+02 
 POINT INSERTED IN THE  PLAS  TABLE FOR MATERIAL     1
    COL1= 3.20000e-01    COL2= 6.15417e+02 
 POINT INSERTED IN THE  PLAS  TABLE FOR MATERIAL     1
    COL1= 3.30000e-01    COL2= 6.21434e+02 
 POINT INSERTED IN THE  PLAS  TABLE FOR MATERIAL     1
    COL1= 3.40000e-01    COL2= 6.27327e+02 
 POINT INSERTED IN THE  PLAS  TABLE FOR MATERIAL     1
    COL1= 3.50000e-01    COL2= 6.33104e+02 
 POINT INSERTED IN THE  PLAS  TABLE FOR MATERIAL     1
    COL1= 3.60000e-01    COL2= 6.38768e+02 
 POINT INSERTED IN THE  PLAS  TABLE FOR MATERIAL     1
    COL1= 3.70000e-01    COL2= 6.44326e+02 
 POINT INSERTED IN THE  PLAS  TABLE FOR MATERIAL     1
    COL1= 3.80000e-01    COL2= 6.49782e+02 
 POINT INSERTED IN THE  PLAS  TABLE FOR MATERIAL     1
    COL1= 3.90000e-01    COL2= 6.55141e+02 
 POINT INSERTED IN THE  PLAS  TABLE FOR MATERIAL     1
    COL1= 4.00000e-01    COL2= 6.60407e+02 
 POINT INSERTED IN THE  PLAS  TABLE FOR MATERIAL     1
    COL1= 4.10000e-01    COL2= 6.65583e+02 
 POINT INSERTED IN THE  PLAS  TABLE FOR MATERIAL     1
    COL1= 4.20000e-01    COL2= 6.70674e+02 
 POINT INSERTED IN THE  PLAS  TABLE FOR MATERIAL     1
    COL1= 4.30000e-01    COL2= 6.75683e+02 
 POINT INSERTED IN THE  PLAS  TABLE FOR MATERIAL     1
    COL1= 4.40000e-01    COL2= 6.80612e+02 
 POINT INSERTED IN THE  PLAS  TABLE FOR MATERIAL     1
    COL1= 4.50000e-01    COL2= 6.85466e+02 
 POINT INSERTED IN THE  PLAS  TABLE FOR MATERIAL     1
    COL1= 4.60000e-01    COL2= 6.90246e+02 
 POINT INSERTED IN THE  PLAS  TABLE FOR MATERIAL     1
    COL1= 4.70000e-01    COL2= 6.94956e+02 
 POINT INSERTED IN THE  PLAS  TABLE FOR MATERIAL     1
    COL1= 4.80000e-01    COL2= 6.99597e+02 
 POINT INSERTED IN THE  PLAS  TABLE FOR MATERIAL     1
    COL1= 4.90000e-01    COL2= 7.04173e+02 
 POINT INSERTED IN THE  PLAS  TABLE FOR MATERIAL     1
    COL1= 5.00000e-01    COL2= 7.08686e+02 
 POINT INSERTED IN THE  PLAS  TABLE FOR MATERIAL     1
    COL1= 5.10000e-01    COL2= 7.13137e+02 
 POINT INSERTED IN THE  PLAS  TABLE FOR MATERIAL     1
    COL1= 5.20000e-01    COL2= 7.17529e+02 
 POINT INSERTED IN THE  PLAS  TABLE FOR MATERIAL     1
    COL1= 5.30000e-01    COL2= 7.21864e+02 
 POINT INSERTED IN THE  PLAS  TABLE FOR MATERIAL     1
    COL1= 5.40000e-01    COL2= 7.26143e+02 
 POINT INSERTED IN THE  PLAS  TABLE FOR MATERIAL     1
    COL1= 5.50000e-01    COL2= 7.30368e+02 
 POINT INSERTED IN THE  PLAS  TABLE FOR MATERIAL     1
    COL1= 5.60000e-01    COL2= 7.34541e+02 
 POINT INSERTED IN THE  PLAS  TABLE FOR MATERIAL     1
    COL1= 5.70000e-01    COL2= 7.38664e+02 
 POINT INSERTED IN THE  PLAS  TABLE FOR MATERIAL     1
    COL1= 5.80000e-01    COL2= 7.42737e+02 
 POINT INSERTED IN THE  PLAS  TABLE FOR MATERIAL     1
    COL1= 5.90000e-01    COL2= 7.46762e+02 
 POINT INSERTED IN THE  PLAS  TABLE FOR MATERIAL     1
    COL1= 6.00000e-01    COL2= 7.50741e+02 
 POINT INSERTED IN THE  PLAS  TABLE FOR MATERIAL     1
    COL1= 6.10000e-01    COL2= 7.54675e+02 
 POINT INSERTED IN THE  PLAS  TABLE FOR MATERIAL     1
    COL1= 6.20000e-01    COL2= 7.58566e+02 
 POINT INSERTED IN THE  PLAS  TABLE FOR MATERIAL     1
    COL1= 6.30000e-01    COL2= 7.62413e+02 
 POINT INSERTED IN THE  PLAS  TABLE FOR MATERIAL     1
    COL1= 6.40000e-01    COL2= 7.66219e+02 
 POINT INSERTED IN THE  PLAS  TABLE FOR MATERIAL     1
    COL1= 6.50000e-01    COL2= 7.69984e+02 
 POINT INSERTED IN THE  PLAS  TABLE FOR MATERIAL     1
    COL1= 6.60000e-01    COL2= 7.73710e+02 
 POINT INSERTED IN THE  PLAS  TABLE FOR MATERIAL     1
    COL1= 6.70000e-01    COL2= 7.77398e+02 
 POINT INSERTED IN THE  PLAS  TABLE FOR MATERIAL     1
    COL1= 6.80000e-01    COL2= 7.81048e+02 
 POINT INSERTED IN THE  PLAS  TABLE FOR MATERIAL     1
    COL1= 6.90000e-01    COL2= 7.84662e+02 
 POINT INSERTED IN THE  PLAS  TABLE FOR MATERIAL     1
    COL1= 7.00000e-01    COL2= 7.88240e+02 
 POINT INSERTED IN THE  PLAS  TABLE FOR MATERIAL     1
    COL1= 7.10000e-01    COL2= 7.91783e+02 
 POINT INSERTED IN THE  PLAS  TABLE FOR MATERIAL     1
    COL1= 7.20000e-01    COL2= 7.95293e+02 
 POINT INSERTED IN THE  PLAS  TABLE FOR MATERIAL     1
    COL1= 7.30000e-01    COL2= 7.98769e+02 
 POINT INSERTED IN THE  PLAS  TABLE FOR MATERIAL     1
    COL1= 7.40000e-01    COL2= 8.02212e+02 
 POINT INSERTED IN THE  PLAS  TABLE FOR MATERIAL     1
    COL1= 7.50000e-01    COL2= 8.05625e+02 
 POINT INSERTED IN THE  PLAS  TABLE FOR MATERIAL     1
    COL1= 7.60000e-01    COL2= 8.09006e+02 
 POINT INSERTED IN THE  PLAS  TABLE FOR MATERIAL     1
    COL1= 7.70000e-01    COL2= 8.12356e+02 
 POINT INSERTED IN THE  PLAS  TABLE FOR MATERIAL     1
    COL1= 7.80000e-01    COL2= 8.15678e+02 
 POINT INSERTED IN THE  PLAS  TABLE FOR MATERIAL     1
    COL1= 7.90000e-01    COL2= 8.18970e+02 
 POINT INSERTED IN THE  PLAS  TABLE FOR MATERIAL     1
    COL1= 8.00000e-01    COL2= 8.22233e+02 
 POINT INSERTED IN THE  PLAS  TABLE FOR MATERIAL     1
    COL1= 8.10000e-01    COL2= 8.25469e+02 
 POINT INSERTED IN THE  PLAS  TABLE FOR MATERIAL     1
    COL1= 8.20000e-01    COL2= 8.28678e+02 
 POINT INSERTED IN THE  PLAS  TABLE FOR MATERIAL     1
    COL1= 8.30000e-01    COL2= 8.31860e+02 
 POINT INSERTED IN THE  PLAS  TABLE FOR MATERIAL     1
    COL1= 8.40000e-01    COL2= 8.35017e+02 
 POINT INSERTED IN THE  PLAS  TABLE FOR MATERIAL     1
    COL1= 8.50000e-01    COL2= 8.38147e+02 
 POINT INSERTED IN THE  PLAS  TABLE FOR MATERIAL     1
    COL1= 8.60000e-01    COL2= 8.41252e+02 
 POINT INSERTED IN THE  PLAS  TABLE FOR MATERIAL     1
    COL1= 8.70000e-01    COL2= 8.44333e+02 
 POINT INSERTED IN THE  PLAS  TABLE FOR MATERIAL     1
    COL1= 8.80000e-01    COL2= 8.47390e+02 
 POINT INSERTED IN THE  PLAS  TABLE FOR MATERIAL     1
    COL1= 8.90000e-01    COL2= 8.50423e+02 
 POINT INSERTED IN THE  PLAS  TABLE FOR MATERIAL     1
    COL1= 9.00000e-01    COL2= 8.53433e+02 
 POINT INSERTED IN THE  PLAS  TABLE FOR MATERIAL     1
    COL1= 9.10000e-01    COL2= 8.56420e+02 
 POINT INSERTED IN THE  PLAS  TABLE FOR MATERIAL     1
    COL1= 9.20000e-01    COL2= 8.59384e+02 
 POINT INSERTED IN THE  PLAS  TABLE FOR MATERIAL     1
    COL1= 9.30000e-01    COL2= 8.62327e+02 
 POINT INSERTED IN THE  PLAS  TABLE FOR MATERIAL     1
    COL1= 9.40000e-01    COL2= 8.65248e+02 
 POINT INSERTED IN THE  PLAS  TABLE FOR MATERIAL     1
    COL1= 9.50000e-01    COL2= 8.68148e+02 
 POINT INSERTED IN THE  PLAS  TABLE FOR MATERIAL     1
    COL1= 9.60000e-01    COL2= 8.71027e+02 
 POINT INSERTED IN THE  PLAS  TABLE FOR MATERIAL     1
    COL1= 9.70000e-01    COL2= 8.73886e+02 
 POINT INSERTED IN THE  PLAS  TABLE FOR MATERIAL     1
    COL1= 9.80000e-01    COL2= 8.76725e+02 
 POINT INSERTED IN THE  PLAS  TABLE FOR MATERIAL     1
    COL1= 9.90000e-01    COL2= 8.79543e+02 
 POINT INSERTED IN THE  PLAS  TABLE FOR MATERIAL     1
    COL1= 1.00000e+00    COL2= 8.82343e+02 
 POINT INSERTED IN THE  PLAS  TABLE FOR MATERIAL     1
    COL1= 1.01000e+00    COL2= 8.85123e+02 
 POINT INSERTED IN THE  PLAS  TABLE FOR MATERIAL     1
    COL1= 1.02000e+00    COL2= 8.87885e+02 
 POINT INSERTED IN THE  PLAS  TABLE FOR MATERIAL     1
    COL1= 1.03000e+00    COL2= 8.90628e+02 
 POINT INSERTED IN THE  PLAS  TABLE FOR MATERIAL     1
    COL1= 1.04000e+00    COL2= 8.93353e+02 
 POINT INSERTED IN THE  PLAS  TABLE FOR MATERIAL     1
    COL1= 1.05000e+00    COL2= 8.96061e+02 
 POINT INSERTED IN THE  PLAS  TABLE FOR MATERIAL     1
    COL1= 1.06000e+00    COL2= 8.98750e+02 
 POINT INSERTED IN THE  PLAS  TABLE FOR MATERIAL     1
    COL1= 1.07000e+00    COL2= 9.01422e+02 
 POINT INSERTED IN THE  PLAS  TABLE FOR MATERIAL     1
    COL1= 1.08000e+00    COL2= 9.04078e+02 
 POINT INSERTED IN THE  PLAS  TABLE FOR MATERIAL     1
    COL1= 1.09000e+00    COL2= 9.06716e+02 
 POINT INSERTED IN THE  PLAS  TABLE FOR MATERIAL     1
    COL1= 1.10000e+00    COL2= 9.09338e+02 
 POINT INSERTED IN THE  PLAS  TABLE FOR MATERIAL     1
    COL1= 1.11000e+00    COL2= 9.11944e+02 
 POINT INSERTED IN THE  PLAS  TABLE FOR MATERIAL     1
    COL1= 1.12000e+00    COL2= 9.14534e+02 
 POINT INSERTED IN THE  PLAS  TABLE FOR MATERIAL     1
    COL1= 1.13000e+00    COL2= 9.17108e+02 
 POINT INSERTED IN THE  PLAS  TABLE FOR MATERIAL     1
    COL1= 1.14000e+00    COL2= 9.19666e+02 
 POINT INSERTED IN THE  PLAS  TABLE FOR MATERIAL     1
    COL1= 1.15000e+00    COL2= 9.22210e+02 
 POINT INSERTED IN THE  PLAS  TABLE FOR MATERIAL     1
    COL1= 1.16000e+00    COL2= 9.24738e+02 
 POINT INSERTED IN THE  PLAS  TABLE FOR MATERIAL     1
    COL1= 1.17000e+00    COL2= 9.27251e+02 
 POINT INSERTED IN THE  PLAS  TABLE FOR MATERIAL     1
    COL1= 1.18000e+00    COL2= 9.29750e+02 
 POINT INSERTED IN THE  PLAS  TABLE FOR MATERIAL     1
    COL1= 1.19000e+00    COL2= 9.32234e+02 
 POINT INSERTED IN THE  PLAS  TABLE FOR MATERIAL     1
    COL1= 1.20000e+00    COL2= 9.34704e+02 
 POINT INSERTED IN THE  PLAS  TABLE FOR MATERIAL     1
    COL1= 1.21000e+00    COL2= 9.37160e+02 
 POINT INSERTED IN THE  PLAS  TABLE FOR MATERIAL     1
    COL1= 1.22000e+00    COL2= 9.39602e+02 
 POINT INSERTED IN THE  PLAS  TABLE FOR MATERIAL     1
    COL1= 1.23000e+00    COL2= 9.42030e+02 
 POINT INSERTED IN THE  PLAS  TABLE FOR MATERIAL     1
    COL1= 1.24000e+00    COL2= 9.44445e+02 
 POINT INSERTED IN THE  PLAS  TABLE FOR MATERIAL     1
    COL1= 1.25000e+00    COL2= 9.46847e+02 
 POINT INSERTED IN THE  PLAS  TABLE FOR MATERIAL     1
    COL1= 1.26000e+00    COL2= 9.49235e+02 
 POINT INSERTED IN THE  PLAS  TABLE FOR MATERIAL     1
    COL1= 1.27000e+00    COL2= 9.51611e+02 
 POINT INSERTED IN THE  PLAS  TABLE FOR MATERIAL     1
    COL1= 1.28000e+00    COL2= 9.53974e+02 
 POINT INSERTED IN THE  PLAS  TABLE FOR MATERIAL     1
    COL1= 1.29000e+00    COL2= 9.56324e+02 
 POINT INSERTED IN THE  PLAS  TABLE FOR MATERIAL     1
    COL1= 1.30000e+00    COL2= 9.58662e+02 
 POINT INSERTED IN THE  PLAS  TABLE FOR MATERIAL     1
    COL1= 1.31000e+00    COL2= 9.60988e+02 
 POINT INSERTED IN THE  PLAS  TABLE FOR MATERIAL     1
    COL1= 1.32000e+00    COL2= 9.63301e+02 
 POINT INSERTED IN THE  PLAS  TABLE FOR MATERIAL     1
    COL1= 1.33000e+00    COL2= 9.65603e+02 
 POINT INSERTED IN THE  PLAS  TABLE FOR MATERIAL     1
    COL1= 1.34000e+00    COL2= 9.67892e+02 
 POINT INSERTED IN THE  PLAS  TABLE FOR MATERIAL     1
    COL1= 1.35000e+00    COL2= 9.70171e+02 
 POINT INSERTED IN THE  PLAS  TABLE FOR MATERIAL     1
    COL1= 1.36000e+00    COL2= 9.72437e+02 
 POINT INSERTED IN THE  PLAS  TABLE FOR MATERIAL     1
    COL1= 1.37000e+00    COL2= 9.74692e+02 
 POINT INSERTED IN THE  PLAS  TABLE FOR MATERIAL     1
    COL1= 1.38000e+00    COL2= 9.76936e+02 
 POINT INSERTED IN THE  PLAS  TABLE FOR MATERIAL     1
    COL1= 1.39000e+00    COL2= 9.79169e+02 
 POINT INSERTED IN THE  PLAS  TABLE FOR MATERIAL     1
    COL1= 1.40000e+00    COL2= 9.81391e+02 
 POINT INSERTED IN THE  PLAS  TABLE FOR MATERIAL     1
    COL1= 1.41000e+00    COL2= 9.83602e+02 
 POINT INSERTED IN THE  PLAS  TABLE FOR MATERIAL     1
    COL1= 1.42000e+00    COL2= 9.85803e+02 
 POINT INSERTED IN THE  PLAS  TABLE FOR MATERIAL     1
    COL1= 1.43000e+00    COL2= 9.87992e+02 
 POINT INSERTED IN THE  PLAS  TABLE FOR MATERIAL     1
    COL1= 1.44000e+00    COL2= 9.90172e+02 
 POINT INSERTED IN THE  PLAS  TABLE FOR MATERIAL     1
    COL1= 1.45000e+00    COL2= 9.92341e+02 
 POINT INSERTED IN THE  PLAS  TABLE FOR MATERIAL     1
    COL1= 1.46000e+00    COL2= 9.94500e+02 
 POINT INSERTED IN THE  PLAS  TABLE FOR MATERIAL     1
    COL1= 1.47000e+00    COL2= 9.96649e+02 
 POINT INSERTED IN THE  PLAS  TABLE FOR MATERIAL     1
    COL1= 1.48000e+00    COL2= 9.98787e+02 
 POINT INSERTED IN THE  PLAS  TABLE FOR MATERIAL     1
    COL1= 1.49000e+00    COL2= 1.00092e+03 
 POINT INSERTED IN THE  PLAS  TABLE FOR MATERIAL     1
    COL1= 1.50000e+00    COL2= 1.00304e+03 
 POINT INSERTED IN THE  PLAS  TABLE FOR MATERIAL     1
    COL1= 1.51000e+00    COL2= 1.00514e+03 
 POINT INSERTED IN THE  PLAS  TABLE FOR MATERIAL     1
    COL1= 1.52000e+00    COL2= 1.00725e+03 
 POINT INSERTED IN THE  PLAS  TABLE FOR MATERIAL     1
    COL1= 1.53000e+00    COL2= 1.00934e+03 
 POINT INSERTED IN THE  PLAS  TABLE FOR MATERIAL     1
    COL1= 1.54000e+00    COL2= 1.01142e+03 
 POINT INSERTED IN THE  PLAS  TABLE FOR MATERIAL     1
    COL1= 1.55000e+00    COL2= 1.01349e+03 
 POINT INSERTED IN THE  PLAS  TABLE FOR MATERIAL     1
    COL1= 1.56000e+00    COL2= 1.01555e+03 
 POINT INSERTED IN THE  PLAS  TABLE FOR MATERIAL     1
    COL1= 1.57000e+00    COL2= 1.01761e+03 
 POINT INSERTED IN THE  PLAS  TABLE FOR MATERIAL     1
    COL1= 1.58000e+00    COL2= 1.01965e+03 
 POINT INSERTED IN THE  PLAS  TABLE FOR MATERIAL     1
    COL1= 1.59000e+00    COL2= 1.02169e+03 
 POINT INSERTED IN THE  PLAS  TABLE FOR MATERIAL     1
    COL1= 1.60000e+00    COL2= 1.02371e+03 

   GENERALIZED DAMAGE - DUCTILE INITIATION CRITERION
 POINT INSERTED IN THE  CDM  TABLE FOR MATERIAL     1
    COL1=-1.00000e+03    COL2= 1.00000e+06 
 POINT INSERTED IN THE  CDM  TABLE FOR MATERIAL     1
    COL1=-1.00000e-06    COL2= 1.00000e+06 
 POINT INSERTED IN THE  CDM  TABLE FOR MATERIAL     1
    COL1= 0.00000e+00    COL2= 3.00000e-01 
 POINT INSERTED IN THE  CDM  TABLE FOR MATERIAL     1
    COL1= 3.33333e-01    COL2= 3.00000e-01 
 POINT INSERTED IN THE  CDM  TABLE FOR MATERIAL     1
    COL1= 4.00000e-01    COL2= 2.71451e-01 
 POINT INSERTED IN THE  CDM  TABLE FOR MATERIAL     1
    COL1= 5.00000e-01    COL2= 2.33640e-01 
 POINT INSERTED IN THE  CDM  TABLE FOR MATERIAL     1
    COL1= 6.00000e-01    COL2= 2.01096e-01 
 POINT INSERTED IN THE  CDM  TABLE FOR MATERIAL     1
    COL1= 6.66667e-01    COL2= 1.81959e-01 
 POINT INSERTED IN THE  CDM  TABLE FOR MATERIAL     1
    COL1= 8.00000e-01    COL2= 1.48976e-01 
 POINT INSERTED IN THE  CDM  TABLE FOR MATERIAL     1
    COL1= 1.00000e+00    COL2= 1.10364e-01 
 POINT INSERTED IN THE  CDM  TABLE FOR MATERIAL     1
    COL1= 1.20000e+00    COL2= 8.17595e-02 
 POINT INSERTED IN THE  CDM  TABLE FOR MATERIAL     1
    COL1= 1.50000e+00    COL2= 5.21322e-02 
 POINT INSERTED IN THE  CDM  TABLE FOR MATERIAL     1
    COL1= 2.00000e+00    COL2= 2.46255e-02 

   GENERALIZED DAMAGE - LINEAR DAMAGE EVOLUTION LAW
 DATA FOR  CDM  TABLE FOR MATERIAL   1 AT TEMPERATURE=  0.0000    
 LOC=  1 3.00000e-02    


   GENERALIZED DAMAGE - DAMAGE CAP
 DATA FOR  CDM  TABLE FOR MATERIAL   1 AT TEMPERATURE=  0.0000    
 LOC=  1 9.99900e-01    


 ELEMENT TYPE          2 IS MPC184       3-D RIGID LINK- MPC         
  KEYOPT( 1- 6)=        0      0      0        0      0      0
  KEYOPT( 7-12)=        0      0      0        0      0      0
  KEYOPT(13-18)=        0      0      0        0      0      0

 CURRENT NODAL DOF SET IS  UX    UY    UZ    ROTX  ROTY  ROTZ
  THREE-DIMENSIONAL MODEL

 ELEMENT TYPE       2 IS MPC184       3-D RIGID BEAM - MPC        
  KEYOPT( 1- 6)=        1      0      0        0      0      0
  KEYOPT( 7-12)=        0      0      0        0      0      0
  KEYOPT(13-18)=        0      0      0        0      0      0

 CURRENT NODAL DOF SET IS  UX    UY    UZ    ROTX  ROTY  ROTZ
  THREE-DIMENSIONAL MODEL

 ELEMENT TYPE       2 IS MPC184       3-D RIGID BEAM              
  KEYOPT( 1- 6)=        1      1      0        0      0      0
  KEYOPT( 7-12)=        0      0      0        0      0      0
  KEYOPT(13-18)=        0      0      0        0      0      0

 CURRENT NODAL DOF SET IS  UX    UY    UZ    ROTX  ROTY  ROTZ
  THREE-DIMENSIONAL MODEL

 NODE          1  KCS=      0  X,Y,Z=  8.8907       19.809      -1.1977     

 NODE          2  KCS=      0  X,Y,Z=  9.0216       19.933      -1.1977     

 NODE          3  KCS=      0  X,Y,Z=  9.1795       20.062      -1.1977     

 NODE          4  KCS=      0  X,Y,Z=  9.3689       20.193      -1.1977     

 NODE          5  KCS=      0  X,Y,Z=  9.5933       20.321      -1.1977     

 NODE          6  KCS=      0  X,Y,Z=  9.8545       20.436      -1.1977     

 NODE          7  KCS=      0  X,Y,Z=  10.150       20.529      -1.1977     

 NODE          8  KCS=      0  X,Y,Z=  10.474       20.590      -1.1977     

 NODE          9  KCS=      0  X,Y,Z=  10.812       20.611      -1.1977     

 NODE         10  KCS=      0  X,Y,Z=  11.151       20.590      -1.1977     

 NODE         11  KCS=      0  X,Y,Z=  11.474       20.529      -1.1977     

 NODE         12  KCS=      0  X,Y,Z=  11.770       20.436      -1.1977     

 NODE         13  KCS=      0  X,Y,Z=  12.031       20.321      -1.1977     

 NODE         14  KCS=      0  X,Y,Z=  12.256       20.193      -1.1977     

 NODE         15  KCS=      0  X,Y,Z=  12.445       20.062      -1.1977     

 NODE         16  KCS=      0  X,Y,Z=  12.603       19.933      -1.1977     

 NODE         17  KCS=      0  X,Y,Z=  12.734       19.809      -1.1977     

 NODE         18  KCS=      0  X,Y,Z=  12.857       19.677      -1.1977     

 NODE         19  KCS=      0  X,Y,Z=  12.985       19.517      -1.1977     

 NODE         20  KCS=      0  X,Y,Z=  13.114       19.327      -1.1977     

 NODE         21  KCS=      0  X,Y,Z=  13.238       19.102      -1.1977     

 NODE         22  KCS=      0  X,Y,Z=  13.350       18.841      -1.1977     

 NODE         23  KCS=      0  X,Y,Z=  13.439       18.547      -1.1977     

 NODE         24  KCS=      0  X,Y,Z=  13.497       18.228      -1.1977     

 NODE         25  KCS=      0  X,Y,Z=  13.516       17.893      -1.1977     

 NODE         26  KCS=      0  X,Y,Z=  13.494       17.560      -1.1977     

 NODE         27  KCS=      0  X,Y,Z=  13.433       17.242      -1.1977     

 NODE         28  KCS=      0  X,Y,Z=  13.342       16.951      -1.1977     

 NODE         29  KCS=      0  X,Y,Z=  13.228       16.693      -1.1977     

 NODE         30  KCS=      0  X,Y,Z=  13.103       16.471      -1.1977     

 NODE         31  KCS=      0  X,Y,Z=  12.974       16.283      -1.1977     

 NODE         32  KCS=      0  X,Y,Z=  12.847       16.126      -1.1977     

 NODE         33  KCS=      0  X,Y,Z=  12.724       15.995      -1.1977     

 NODE         34  KCS=      0  X,Y,Z=  12.593       15.872      -1.1977     

 NODE         35  KCS=      0  X,Y,Z=  12.435       15.744      -1.1977     

 NODE         36  KCS=      0  X,Y,Z=  12.245       15.614      -1.1977     

 NODE         37  KCS=      0  X,Y,Z=  12.022       15.488      -1.1977     

 NODE         38  KCS=      0  X,Y,Z=  11.762       15.375      -1.1977     

 NODE         39  KCS=      0  X,Y,Z=  11.468       15.284      -1.1977     

 NODE         40  KCS=      0  X,Y,Z=  11.148       15.224      -1.1977     

 NODE         41  KCS=      0  X,Y,Z=  10.812       15.203      -1.1977     

 NODE         42  KCS=      0  X,Y,Z=  10.477       15.224      -1.1977     

 NODE         43  KCS=      0  X,Y,Z=  10.157       15.284      -1.1977     

 NODE         44  KCS=      0  X,Y,Z=  9.8629       15.375      -1.1977     

 NODE         45  KCS=      0  X,Y,Z=  9.6031       15.488      -1.1977     

 NODE         46  KCS=      0  X,Y,Z=  9.3792       15.614      -1.1977     

 NODE         47  KCS=      0  X,Y,Z=  9.1899       15.744      -1.1977     

 NODE         48  KCS=      0  X,Y,Z=  9.0318       15.872      -1.1977     

 NODE         49  KCS=      0  X,Y,Z=  8.9003       15.995      -1.1977     

 NODE         50  KCS=      0  X,Y,Z=  8.7780       16.126      -1.1977     

 NODE         51  KCS=      0  X,Y,Z=  8.6504       16.283      -1.1977     

 NODE         52  KCS=      0  X,Y,Z=  8.5213       16.471      -1.1977     

 NODE         53  KCS=      0  X,Y,Z=  8.3962       16.693      -1.1977     

 NODE         54  KCS=      0  X,Y,Z=  8.2831       16.951      -1.1977     

 NODE         55  KCS=      0  X,Y,Z=  8.1914       17.242      -1.1977     

 NODE         56  KCS=      0  X,Y,Z=  8.1307       17.560      -1.1977     

 NODE         57  KCS=      0  X,Y,Z=  8.1084       17.893      -1.1977     

 NODE         58  KCS=      0  X,Y,Z=  8.1274       18.228      -1.1977     

 NODE         59  KCS=      0  X,Y,Z=  8.1853       18.547      -1.1977     

 NODE         60  KCS=      0  X,Y,Z=  8.2748       18.841      -1.1977     

 NODE         61  KCS=      0  X,Y,Z=  8.3866       19.102      -1.1977     

 NODE         62  KCS=      0  X,Y,Z=  8.5110       19.327      -1.1977     

 NODE         63  KCS=      0  X,Y,Z=  8.6401       19.517      -1.1977     

 NODE         64  KCS=      0  X,Y,Z=  8.7679       19.677      -1.1977     

 NODE         65  KCS=      0  X,Y,Z=  8.5522       20.145      -1.1977     

 NODE         66  KCS=      0  X,Y,Z=  8.7061       20.290      -1.1977     

 NODE         67  KCS=      0  X,Y,Z=  8.8918       20.442      -1.1977     

 NODE         68  KCS=      0  X,Y,Z=  9.1145       20.596      -1.1977     

 NODE         69  KCS=      0  X,Y,Z=  9.3786       20.746      -1.1977     

 NODE         70  KCS=      0  X,Y,Z=  9.6858       20.881      -1.1977     

 NODE         71  KCS=      0  X,Y,Z=  10.034       20.991      -1.1977     

 NODE         72  KCS=      0  X,Y,Z=  10.414       21.062      -1.1977     

 NODE         73  KCS=      0  X,Y,Z=  10.812       21.087      -1.1977     

 NODE         74  KCS=      0  X,Y,Z=  11.211       21.062      -1.1977     

 NODE         75  KCS=      0  X,Y,Z=  11.591       20.991      -1.1977     

 NODE         76  KCS=      0  X,Y,Z=  11.939       20.881      -1.1977     

 NODE         77  KCS=      0  X,Y,Z=  12.246       20.746      -1.1977     

 NODE         78  KCS=      0  X,Y,Z=  12.510       20.596      -1.1977     

 NODE         79  KCS=      0  X,Y,Z=  12.733       20.442      -1.1977     

 NODE         80  KCS=      0  X,Y,Z=  12.919       20.290      -1.1977     

 NODE         81  KCS=      0  X,Y,Z=  13.073       20.145      -1.1977     

 NODE         82  KCS=      0  X,Y,Z=  13.217       19.989      -1.1977     

 NODE         83  KCS=      0  X,Y,Z=  13.367       19.801      -1.1977     

 NODE         84  KCS=      0  X,Y,Z=  13.519       19.577      -1.1977     

 NODE         85  KCS=      0  X,Y,Z=  13.666       19.312      -1.1977     

 NODE         86  KCS=      0  X,Y,Z=  13.797       19.006      -1.1977     

 NODE         87  KCS=      0  X,Y,Z=  13.902       18.660      -1.1977     

 NODE         88  KCS=      0  X,Y,Z=  13.970       18.284      -1.1977     

 NODE         89  KCS=      0  X,Y,Z=  13.993       17.891      -1.1977     

 NODE         90  KCS=      0  X,Y,Z=  13.966       17.499      -1.1977     

 NODE         91  KCS=      0  X,Y,Z=  13.895       17.125      -1.1977     

 NODE         92  KCS=      0  X,Y,Z=  13.787       16.782      -1.1977     

 NODE         93  KCS=      0  X,Y,Z=  13.654       16.479      -1.1977     

 NODE         94  KCS=      0  X,Y,Z=  13.507       16.218      -1.1977     

 NODE         95  KCS=      0  X,Y,Z=  13.355       15.997      -1.1977     

 NODE         96  KCS=      0  X,Y,Z=  13.205       15.812      -1.1977     

 NODE         97  KCS=      0  X,Y,Z=  13.061       15.658      -1.1977     

 NODE         98  KCS=      0  X,Y,Z=  12.907       15.513      -1.1977     

 NODE         99  KCS=      0  X,Y,Z=  12.721       15.363      -1.1977     

 NODE        100  KCS=      0  X,Y,Z=  12.498       15.210      -1.1977     

 NODE        101  KCS=      0  X,Y,Z=  12.235       15.062      -1.1977     

 NODE        102  KCS=      0  X,Y,Z=  11.929       14.929      -1.1977     

 NODE        103  KCS=      0  X,Y,Z=  11.584       14.822      -1.1977     

 NODE        104  KCS=      0  X,Y,Z=  11.207       14.751      -1.1977     

 NODE        105  KCS=      0  X,Y,Z=  10.812       14.727      -1.1977     

 NODE        106  KCS=      0  X,Y,Z=  10.418       14.751      -1.1977     

 NODE        107  KCS=      0  X,Y,Z=  10.041       14.822      -1.1977     

 NODE        108  KCS=      0  X,Y,Z=  9.6956       14.929      -1.1977     

 NODE        109  KCS=      0  X,Y,Z=  9.3900       15.062      -1.1977     

 NODE        110  KCS=      0  X,Y,Z=  9.1267       15.210      -1.1977     

 NODE        111  KCS=      0  X,Y,Z=  8.9041       15.363      -1.1977     

 NODE        112  KCS=      0  X,Y,Z=  8.7180       15.513      -1.1977     

 NODE        113  KCS=      0  X,Y,Z=  8.5634       15.658      -1.1977     

 NODE        114  KCS=      0  X,Y,Z=  8.4196       15.812      -1.1977     

 NODE        115  KCS=      0  X,Y,Z=  8.2695       15.997      -1.1977     

 NODE        116  KCS=      0  X,Y,Z=  8.1176       16.218      -1.1977     

 NODE        117  KCS=      0  X,Y,Z=  7.9705       16.479      -1.1977     

 NODE        118  KCS=      0  X,Y,Z=  7.8375       16.782      -1.1977     

 NODE        119  KCS=      0  X,Y,Z=  7.7296       17.125      -1.1977     

 NODE        120  KCS=      0  X,Y,Z=  7.6582       17.499      -1.1977     

 NODE        121  KCS=      0  X,Y,Z=  7.6320       17.891      -1.1977     

 NODE        122  KCS=      0  X,Y,Z=  7.6543       18.284      -1.1977     

 NODE        123  KCS=      0  X,Y,Z=  7.7224       18.660      -1.1977     

 NODE        124  KCS=      0  X,Y,Z=  7.8277       19.006      -1.1977     

 NODE        125  KCS=      0  X,Y,Z=  7.9592       19.312      -1.1977     

 NODE        126  KCS=      0  X,Y,Z=  8.1055       19.577      -1.1977     

 NODE        127  KCS=      0  X,Y,Z=  8.2573       19.801      -1.1977     

 NODE        128  KCS=      0  X,Y,Z=  8.4077       19.989      -1.1977     

 NODE        129  KCS=      0  X,Y,Z=  8.2136       20.480      -1.1977     

 NODE        130  KCS=      0  X,Y,Z=  8.3906       20.647      -1.1977     

 NODE        131  KCS=      0  X,Y,Z=  8.6041       20.822      -1.1977     

 NODE        132  KCS=      0  X,Y,Z=  8.8602       20.999      -1.1977     

 NODE        133  KCS=      0  X,Y,Z=  9.1638       21.171      -1.1977     

 NODE        134  KCS=      0  X,Y,Z=  9.5170       21.327      -1.1977     

 NODE        135  KCS=      0  X,Y,Z=  9.9170       21.453      -1.1977     

 NODE        136  KCS=      0  X,Y,Z=  10.354       21.535      -1.1977     

 NODE        137  KCS=      0  X,Y,Z=  10.812       21.564      -1.1977     

 NODE        138  KCS=      0  X,Y,Z=  11.270       21.535      -1.1977     

 NODE        139  KCS=      0  X,Y,Z=  11.708       21.453      -1.1977     

 NODE        140  KCS=      0  X,Y,Z=  12.108       21.327      -1.1977     

 NODE        141  KCS=      0  X,Y,Z=  12.461       21.171      -1.1977     

 NODE        142  KCS=      0  X,Y,Z=  12.765       20.999      -1.1977     

 NODE        143  KCS=      0  X,Y,Z=  13.021       20.822      -1.1977     

 NODE        144  KCS=      0  X,Y,Z=  13.234       20.647      -1.1977     

 NODE        145  KCS=      0  X,Y,Z=  13.411       20.480      -1.1977     

 NODE        146  KCS=      0  X,Y,Z=  13.577       20.300      -1.1977     

 NODE        147  KCS=      0  X,Y,Z=  13.750       20.085      -1.1977     

 NODE        148  KCS=      0  X,Y,Z=  13.925       19.827      -1.1977     

 NODE        149  KCS=      0  X,Y,Z=  14.093       19.523      -1.1977     

 NODE        150  KCS=      0  X,Y,Z=  14.244       19.170      -1.1977     

 NODE        151  KCS=      0  X,Y,Z=  14.365       18.773      -1.1977     

 NODE        152  KCS=      0  X,Y,Z=  14.443       18.340      -1.1977     

 NODE        153  KCS=      0  X,Y,Z=  14.469       17.889      -1.1977     

 NODE        154  KCS=      0  X,Y,Z=  14.439       17.438      -1.1977     

 NODE        155  KCS=      0  X,Y,Z=  14.357       17.008      -1.1977     

 NODE        156  KCS=      0  X,Y,Z=  14.233       16.614      -1.1977     

 NODE        157  KCS=      0  X,Y,Z=  14.080       16.265      -1.1977     

 NODE        158  KCS=      0  X,Y,Z=  13.911       15.965      -1.1977     

 NODE        159  KCS=      0  X,Y,Z=  13.736       15.711      -1.1977     

 NODE        160  KCS=      0  X,Y,Z=  13.564       15.498      -1.1977     

 NODE        161  KCS=      0  X,Y,Z=  13.398       15.321      -1.1977     

 NODE        162  KCS=      0  X,Y,Z=  13.220       15.155      -1.1977     

 NODE        163  KCS=      0  X,Y,Z=  13.006       14.982      -1.1977     

 NODE        164  KCS=      0  X,Y,Z=  12.750       14.806      -1.1977     

 NODE        165  KCS=      0  X,Y,Z=  12.448       14.636      -1.1977     

 NODE        166  KCS=      0  X,Y,Z=  12.096       14.483      -1.1977     

 NODE        167  KCS=      0  X,Y,Z=  11.699       14.359      -1.1977     

 NODE        168  KCS=      0  X,Y,Z=  11.266       14.278      -1.1977     

 NODE        169  KCS=      0  X,Y,Z=  10.812       14.250      -1.1977     

 NODE        170  KCS=      0  X,Y,Z=  10.359       14.278      -1.1977     

 NODE        171  KCS=      0  X,Y,Z=  9.9254       14.359      -1.1977     

 NODE        172  KCS=      0  X,Y,Z=  9.5283       14.483      -1.1977     

 NODE        173  KCS=      0  X,Y,Z=  9.1769       14.636      -1.1977     

 NODE        174  KCS=      0  X,Y,Z=  8.8742       14.806      -1.1977     

 NODE        175  KCS=      0  X,Y,Z=  8.6182       14.982      -1.1977     

 NODE        176  KCS=      0  X,Y,Z=  8.4043       15.155      -1.1977     

 NODE        177  KCS=      0  X,Y,Z=  8.2266       15.321      -1.1977     

 NODE        178  KCS=      0  X,Y,Z=  8.0611       15.498      -1.1977     

 NODE        179  KCS=      0  X,Y,Z=  7.8886       15.711      -1.1977     

 NODE        180  KCS=      0  X,Y,Z=  7.7139       15.965      -1.1977     

 NODE        181  KCS=      0  X,Y,Z=  7.5448       16.265      -1.1977     

 NODE        182  KCS=      0  X,Y,Z=  7.3918       16.614      -1.1977     

 NODE        183  KCS=      0  X,Y,Z=  7.2678       17.008      -1.1977     

 NODE        184  KCS=      0  X,Y,Z=  7.1857       17.438      -1.1977     

 NODE        185  KCS=      0  X,Y,Z=  7.1555       17.889      -1.1977     

 NODE        186  KCS=      0  X,Y,Z=  7.1813       18.340      -1.1977     

 NODE        187  KCS=      0  X,Y,Z=  7.2595       18.773      -1.1977     

 NODE        188  KCS=      0  X,Y,Z=  7.3806       19.170      -1.1977     

 NODE        189  KCS=      0  X,Y,Z=  7.5318       19.523      -1.1977     

 NODE        190  KCS=      0  X,Y,Z=  7.7000       19.827      -1.1977     

 NODE        191  KCS=      0  X,Y,Z=  7.8746       20.085      -1.1977     

 NODE        192  KCS=      0  X,Y,Z=  8.0475       20.300      -1.1977     

 NODE        193  KCS=      0  X,Y,Z=  7.8750       20.815      -1.1977     

 NODE        194  KCS=      0  X,Y,Z=  8.0751       21.004      -1.1977     

 NODE        195  KCS=      0  X,Y,Z=  8.3164       21.202      -1.1977     

 NODE        196  KCS=      0  X,Y,Z=  8.6059       21.402      -1.1977     

 NODE        197  KCS=      0  X,Y,Z=  8.9490       21.596      -1.1977     

 NODE        198  KCS=      0  X,Y,Z=  9.3482       21.772      -1.1977     

 NODE        199  KCS=      0  X,Y,Z=  9.8004       21.914      -1.1977     

 NODE        200  KCS=      0  X,Y,Z=  10.295       22.008      -1.1977     

 NODE        201  KCS=      0  X,Y,Z=  10.812       22.040      -1.1977     

 NODE        202  KCS=      0  X,Y,Z=  11.330       22.008      -1.1977     

 NODE        203  KCS=      0  X,Y,Z=  11.824       21.914      -1.1977     

 NODE        204  KCS=      0  X,Y,Z=  12.276       21.772      -1.1977     

 NODE        205  KCS=      0  X,Y,Z=  12.676       21.596      -1.1977     

 NODE        206  KCS=      0  X,Y,Z=  13.019       21.402      -1.1977     

 NODE        207  KCS=      0  X,Y,Z=  13.308       21.202      -1.1977     

 NODE        208  KCS=      0  X,Y,Z=  13.550       21.004      -1.1977     

 NODE        209  KCS=      0  X,Y,Z=  13.750       20.815      -1.1977     

 NODE        210  KCS=      0  X,Y,Z=  13.937       20.612      -1.1977     

 NODE        211  KCS=      0  X,Y,Z=  14.133       20.368      -1.1977     

 NODE        212  KCS=      0  X,Y,Z=  14.330       20.077      -1.1977     

 NODE        213  KCS=      0  X,Y,Z=  14.520       19.733      -1.1977     

 NODE        214  KCS=      0  X,Y,Z=  14.691       19.335      -1.1977     

 NODE        215  KCS=      0  X,Y,Z=  14.828       18.886      -1.1977     

 NODE        216  KCS=      0  X,Y,Z=  14.917       18.397      -1.1977     

 NODE        217  KCS=      0  X,Y,Z=  14.946       17.886      -1.1977     

 NODE        218  KCS=      0  X,Y,Z=  14.911       17.377      -1.1977     

 NODE        219  KCS=      0  X,Y,Z=  14.819       16.890      -1.1977     

 NODE        220  KCS=      0  X,Y,Z=  14.678       16.445      -1.1977     

 NODE        221  KCS=      0  X,Y,Z=  14.506       16.051      -1.1977     

 NODE        222  KCS=      0  X,Y,Z=  14.314       15.712      -1.1977     

 NODE        223  KCS=      0  X,Y,Z=  14.117       15.424      -1.1977     

 NODE        224  KCS=      0  X,Y,Z=  13.922       15.184      -1.1977     

 NODE        225  KCS=      0  X,Y,Z=  13.735       14.984      -1.1977     

 NODE        226  KCS=      0  X,Y,Z=  13.534       14.796      -1.1977     

 NODE        227  KCS=      0  X,Y,Z=  13.292       14.600      -1.1977     

 NODE        228  KCS=      0  X,Y,Z=  13.003       14.402      -1.1977     

 NODE        229  KCS=      0  X,Y,Z=  12.661       14.210      -1.1977     

 NODE        230  KCS=      0  X,Y,Z=  12.264       14.037      -1.1977     

 NODE        231  KCS=      0  X,Y,Z=  11.815       13.897      -1.1977     

 NODE        232  KCS=      0  X,Y,Z=  11.325       13.806      -1.1977     

 NODE        233  KCS=      0  X,Y,Z=  10.812       13.774      -1.1977     

 NODE        234  KCS=      0  X,Y,Z=  10.300       13.806      -1.1977     

 NODE        235  KCS=      0  X,Y,Z=  9.8099       13.897      -1.1977     

 NODE        236  KCS=      0  X,Y,Z=  9.3611       14.037      -1.1977     

 NODE        237  KCS=      0  X,Y,Z=  8.9639       14.210      -1.1977     

 NODE        238  KCS=      0  X,Y,Z=  8.6217       14.402      -1.1977     

 NODE        239  KCS=      0  X,Y,Z=  8.3324       14.600      -1.1977     

 NODE        240  KCS=      0  X,Y,Z=  8.0906       14.796      -1.1977     

 NODE        241  KCS=      0  X,Y,Z=  7.8897       14.984      -1.1977     

 NODE        242  KCS=      0  X,Y,Z=  7.7027       15.184      -1.1977     

 NODE        243  KCS=      0  X,Y,Z=  7.5077       15.424      -1.1977     

 NODE        244  KCS=      0  X,Y,Z=  7.3103       15.712      -1.1977     

 NODE        245  KCS=      0  X,Y,Z=  7.1191       16.051      -1.1977     

 NODE        246  KCS=      0  X,Y,Z=  6.9462       16.445      -1.1977     

 NODE        247  KCS=      0  X,Y,Z=  6.8060       16.890      -1.1977     

 NODE        248  KCS=      0  X,Y,Z=  6.7132       17.377      -1.1977     

 NODE        249  KCS=      0  X,Y,Z=  6.6791       17.886      -1.1977     

 NODE        250  KCS=      0  X,Y,Z=  6.7082       18.397      -1.1977     

 NODE        251  KCS=      0  X,Y,Z=  6.7966       18.886      -1.1977     

 NODE        252  KCS=      0  X,Y,Z=  6.9335       19.335      -1.1977     

 NODE        253  KCS=      0  X,Y,Z=  7.1044       19.733      -1.1977     

 NODE        254  KCS=      0  X,Y,Z=  7.2945       20.077      -1.1977     

 NODE        255  KCS=      0  X,Y,Z=  7.4918       20.368      -1.1977     

 NODE        256  KCS=      0  X,Y,Z=  7.6872       20.612      -1.1977     

 NODE        257  KCS=      0  X,Y,Z=  7.5364       21.150      -1.1977     

 NODE        258  KCS=      0  X,Y,Z=  7.7596       21.361      -1.1977     

 NODE        259  KCS=      0  X,Y,Z=  8.0287       21.581      -1.1977     

 NODE        260  KCS=      0  X,Y,Z=  8.3515       21.805      -1.1977     

 NODE        261  KCS=      0  X,Y,Z=  8.7342       22.022      -1.1977     

 NODE        262  KCS=      0  X,Y,Z=  9.1795       22.218      -1.1977     

 NODE        263  KCS=      0  X,Y,Z=  9.6837       22.376      -1.1977     

 NODE        264  KCS=      0  X,Y,Z=  10.235       22.480      -1.1977     

 NODE        265  KCS=      0  X,Y,Z=  10.812       22.517      -1.1977     

 NODE        266  KCS=      0  X,Y,Z=  11.390       22.480      -1.1977     

 NODE        267  KCS=      0  X,Y,Z=  11.941       22.376      -1.1977     

 NODE        268  KCS=      0  X,Y,Z=  12.445       22.218      -1.1977     

 NODE        269  KCS=      0  X,Y,Z=  12.890       22.022      -1.1977     

 NODE        270  KCS=      0  X,Y,Z=  13.273       21.805      -1.1977     

 NODE        271  KCS=      0  X,Y,Z=  13.596       21.581      -1.1977     

 NODE        272  KCS=      0  X,Y,Z=  13.865       21.361      -1.1977     

 NODE        273  KCS=      0  X,Y,Z=  14.088       21.150      -1.1977     

 NODE        274  KCS=      0  X,Y,Z=  14.298       20.924      -1.1977     

 NODE        275  KCS=      0  X,Y,Z=  14.516       20.652      -1.1977     

 NODE        276  KCS=      0  X,Y,Z=  14.736       20.327      -1.1977     

 NODE        277  KCS=      0  X,Y,Z=  14.948       19.944      -1.1977     

 NODE        278  KCS=      0  X,Y,Z=  15.138       19.499      -1.1977     

 NODE        279  KCS=      0  X,Y,Z=  15.291       18.999      -1.1977     

 NODE        280  KCS=      0  X,Y,Z=  15.390       18.453      -1.1977     

 NODE        281  KCS=      0  X,Y,Z=  15.422       17.884      -1.1977     

 NODE        282  KCS=      0  X,Y,Z=  15.384       17.316      -1.1977     

 NODE        283  KCS=      0  X,Y,Z=  15.280       16.773      -1.1977     

 NODE        284  KCS=      0  X,Y,Z=  15.124       16.277      -1.1977     

 NODE        285  KCS=      0  X,Y,Z=  14.931       15.837      -1.1977     

 NODE        286  KCS=      0  X,Y,Z=  14.718       15.459      -1.1977     

 NODE        287  KCS=      0  X,Y,Z=  14.498       15.138      -1.1977     

 NODE        288  KCS=      0  X,Y,Z=  14.280       14.870      -1.1977     

 NODE        289  KCS=      0  X,Y,Z=  14.072       14.647      -1.1977     

 NODE        290  KCS=      0  X,Y,Z=  13.848       14.438      -1.1977     

 NODE        291  KCS=      0  X,Y,Z=  13.578       14.219      -1.1977     

 NODE        292  KCS=      0  X,Y,Z=  13.256       13.998      -1.1977     

 NODE        293  KCS=      0  X,Y,Z=  12.874       13.784      -1.1977     

 NODE        294  KCS=      0  X,Y,Z=  12.431       13.591      -1.1977     

 NODE        295  KCS=      0  X,Y,Z=  11.930       13.435      -1.1977     

 NODE        296  KCS=      0  X,Y,Z=  11.384       13.333      -1.1977     

 NODE        297  KCS=      0  X,Y,Z=  10.812       13.297      -1.1977     

 NODE        298  KCS=      0  X,Y,Z=  10.241       13.333      -1.1977     

 NODE        299  KCS=      0  X,Y,Z=  9.6943       13.435      -1.1977     

 NODE        300  KCS=      0  X,Y,Z=  9.1938       13.591      -1.1977     

 NODE        301  KCS=      0  X,Y,Z=  8.7508       13.784      -1.1977     

 NODE        302  KCS=      0  X,Y,Z=  8.3692       13.998      -1.1977     

 NODE        303  KCS=      0  X,Y,Z=  8.0465       14.219      -1.1977     

 NODE        304  KCS=      0  X,Y,Z=  7.7768       14.438      -1.1977     

 NODE        305  KCS=      0  X,Y,Z=  7.5528       14.647      -1.1977     

 NODE        306  KCS=      0  X,Y,Z=  7.3442       14.870      -1.1977     

 NODE        307  KCS=      0  X,Y,Z=  7.1268       15.138      -1.1977     

 NODE        308  KCS=      0  X,Y,Z=  6.9066       15.459      -1.1977     

 NODE        309  KCS=      0  X,Y,Z=  6.6934       15.837      -1.1977     

 NODE        310  KCS=      0  X,Y,Z=  6.5006       16.277      -1.1977     

 NODE        311  KCS=      0  X,Y,Z=  6.3442       16.773      -1.1977     

 NODE        312  KCS=      0  X,Y,Z=  6.2407       17.316      -1.1977     

 NODE        313  KCS=      0  X,Y,Z=  6.2027       17.884      -1.1977     

 NODE        314  KCS=      0  X,Y,Z=  6.2351       18.453      -1.1977     

 NODE        315  KCS=      0  X,Y,Z=  6.3337       18.999      -1.1977     

 NODE        316  KCS=      0  X,Y,Z=  6.4864       19.499      -1.1977     

 NODE        317  KCS=      0  X,Y,Z=  6.6769       19.944      -1.1977     

 NODE        318  KCS=      0  X,Y,Z=  6.8890       20.327      -1.1977     

 NODE        319  KCS=      0  X,Y,Z=  7.1091       20.652      -1.1977     

 NODE        320  KCS=      0  X,Y,Z=  7.3270       20.924      -1.1977     

 NODE        321  KCS=      0  X,Y,Z=  7.1979       21.485      -1.1977     

 NODE        322  KCS=      0  X,Y,Z=  7.4440       21.718      -1.1977     

 NODE        323  KCS=      0  X,Y,Z=  7.7410       21.961      -1.1977     

 NODE        324  KCS=      0  X,Y,Z=  8.0972       22.208      -1.1977     

 NODE        325  KCS=      0  X,Y,Z=  8.5194       22.447      -1.1977     

 NODE        326  KCS=      0  X,Y,Z=  9.0107       22.663      -1.1977     

 NODE        327  KCS=      0  X,Y,Z=  9.5671       22.838      -1.1977     

 NODE        328  KCS=      0  X,Y,Z=  10.175       22.953      -1.1977     

 NODE        329  KCS=      0  X,Y,Z=  10.812       22.993      -1.1977     

 NODE        330  KCS=      0  X,Y,Z=  11.449       22.953      -1.1977     

 NODE        331  KCS=      0  X,Y,Z=  12.058       22.838      -1.1977     

 NODE        332  KCS=      0  X,Y,Z=  12.614       22.663      -1.1977     

 NODE        333  KCS=      0  X,Y,Z=  13.105       22.447      -1.1977     

 NODE        334  KCS=      0  X,Y,Z=  13.528       22.208      -1.1977     

 NODE        335  KCS=      0  X,Y,Z=  13.884       21.961      -1.1977     

 NODE        336  KCS=      0  X,Y,Z=  14.181       21.718      -1.1977     

 NODE        337  KCS=      0  X,Y,Z=  14.427       21.485      -1.1977     

 NODE        338  KCS=      0  X,Y,Z=  14.658       21.236      -1.1977     

 NODE        339  KCS=      0  X,Y,Z=  14.898       20.936      -1.1977     

 NODE        340  KCS=      0  X,Y,Z=  15.141       20.577      -1.1977     

 NODE        341  KCS=      0  X,Y,Z=  15.375       20.154      -1.1977     

 NODE        342  KCS=      0  X,Y,Z=  15.585       19.664      -1.1977     

 NODE        343  KCS=      0  X,Y,Z=  15.754       19.111      -1.1977     

 NODE        344  KCS=      0  X,Y,Z=  15.863       18.510      -1.1977     

 NODE        345  KCS=      0  X,Y,Z=  15.898       17.882      -1.1977     

 NODE        346  KCS=      0  X,Y,Z=  15.856       17.254      -1.1977     

 NODE        347  KCS=      0  X,Y,Z=  15.742       16.656      -1.1977     

 NODE        348  KCS=      0  X,Y,Z=  15.570       16.108      -1.1977     

 NODE        349  KCS=      0  X,Y,Z=  15.357       15.623      -1.1977     

 NODE        350  KCS=      0  X,Y,Z=  15.122       15.206      -1.1977     

 NODE        351  KCS=      0  X,Y,Z=  14.879       14.852      -1.1977     

 NODE        352  KCS=      0  X,Y,Z=  14.639       14.556      -1.1977     

 NODE        353  KCS=      0  X,Y,Z=  14.409       14.311      -1.1977     

 NODE        354  KCS=      0  X,Y,Z=  14.162       14.079      -1.1977     

 NODE        355  KCS=      0  X,Y,Z=  13.864       13.838      -1.1977     

 NODE        356  KCS=      0  X,Y,Z=  13.508       13.594      -1.1977     

 NODE        357  KCS=      0  X,Y,Z=  13.087       13.358      -1.1977     

 NODE        358  KCS=      0  X,Y,Z=  12.598       13.145      -1.1977     

 NODE        359  KCS=      0  X,Y,Z=  12.046       12.973      -1.1977     

 NODE        360  KCS=      0  X,Y,Z=  11.443       12.860      -1.1977     

 NODE        361  KCS=      0  X,Y,Z=  10.812       12.821      -1.1977     

 NODE        362  KCS=      0  X,Y,Z=  10.181       12.860      -1.1977     

 NODE        363  KCS=      0  X,Y,Z=  9.5788       12.973      -1.1977     

 NODE        364  KCS=      0  X,Y,Z=  9.0265       13.145      -1.1977     

 NODE        365  KCS=      0  X,Y,Z=  8.5377       13.358      -1.1977     

 NODE        366  KCS=      0  X,Y,Z=  8.1167       13.594      -1.1977     

 NODE        367  KCS=      0  X,Y,Z=  7.7606       13.838      -1.1977     

 NODE        368  KCS=      0  X,Y,Z=  7.4631       14.079      -1.1977     

 NODE        369  KCS=      0  X,Y,Z=  7.2159       14.311      -1.1977     

 NODE        370  KCS=      0  X,Y,Z=  6.9858       14.556      -1.1977     

 NODE        371  KCS=      0  X,Y,Z=  6.7459       14.852      -1.1977     

 NODE        372  KCS=      0  X,Y,Z=  6.5029       15.206      -1.1977     

 NODE        373  KCS=      0  X,Y,Z=  6.2677       15.623      -1.1977     

 NODE        374  KCS=      0  X,Y,Z=  6.0549       16.108      -1.1977     

 NODE        375  KCS=      0  X,Y,Z=  5.8824       16.656      -1.1977     

 NODE        376  KCS=      0  X,Y,Z=  5.7682       17.254      -1.1977     

 NODE        377  KCS=      0  X,Y,Z=  5.7262       17.882      -1.1977     

 NODE        378  KCS=      0  X,Y,Z=  5.7620       18.510      -1.1977     

 NODE        379  KCS=      0  X,Y,Z=  5.8709       19.111      -1.1977     

 NODE        380  KCS=      0  X,Y,Z=  6.0393       19.664      -1.1977     

 NODE        381  KCS=      0  X,Y,Z=  6.2495       20.154      -1.1977     

 NODE        382  KCS=      0  X,Y,Z=  6.4836       20.577      -1.1977     

 NODE        383  KCS=      0  X,Y,Z=  6.7263       20.936      -1.1977     

 NODE        384  KCS=      0  X,Y,Z=  6.9668       21.236      -1.1977     

 NODE        385  KCS=      0  X,Y,Z=  6.8593       21.821      -1.1977     

 NODE        386  KCS=      0  X,Y,Z=  7.1285       22.075      -1.1977     

 NODE        387  KCS=      0  X,Y,Z=  7.4533       22.341      -1.1977     

 NODE        388  KCS=      0  X,Y,Z=  7.8429       22.611      -1.1977     

 NODE        389  KCS=      0  X,Y,Z=  8.3046       22.872      -1.1977     

 NODE        390  KCS=      0  X,Y,Z=  8.8419       23.109      -1.1977     

 NODE        391  KCS=      0  X,Y,Z=  9.4504       23.300      -1.1977     

 NODE        392  KCS=      0  X,Y,Z=  10.116       23.426      -1.1977     

 NODE        393  KCS=      0  X,Y,Z=  10.812       23.470      -1.1977     

 NODE        394  KCS=      0  X,Y,Z=  11.509       23.426      -1.1977     

 NODE        395  KCS=      0  X,Y,Z=  12.174       23.300      -1.1977     

 NODE        396  KCS=      0  X,Y,Z=  12.783       23.109      -1.1977     

 NODE        397  KCS=      0  X,Y,Z=  13.320       22.872      -1.1977     

 NODE        398  KCS=      0  X,Y,Z=  13.782       22.611      -1.1977     

 NODE        399  KCS=      0  X,Y,Z=  14.171       22.341      -1.1977     

 NODE        400  KCS=      0  X,Y,Z=  14.496       22.075      -1.1977     

 NODE        401  KCS=      0  X,Y,Z=  14.765       21.821      -1.1977     

 NODE        402  KCS=      0  X,Y,Z=  15.018       21.548      -1.1977     

 NODE        403  KCS=      0  X,Y,Z=  15.281       21.219      -1.1977     

 NODE        404  KCS=      0  X,Y,Z=  15.547       20.827      -1.1977     

 NODE        405  KCS=      0  X,Y,Z=  15.803       20.365      -1.1977     

 NODE        406  KCS=      0  X,Y,Z=  16.032       19.829      -1.1977     

 NODE        407  KCS=      0  X,Y,Z=  16.217       19.224      -1.1977     

 NODE        408  KCS=      0  X,Y,Z=  16.336       18.566      -1.1977     

 NODE        409  KCS=      0  X,Y,Z=  16.375       17.879      -1.1977     

 NODE        410  KCS=      0  X,Y,Z=  16.329       17.193      -1.1977     

 NODE        411  KCS=      0  X,Y,Z=  16.204       16.539      -1.1977     

 NODE        412  KCS=      0  X,Y,Z=  16.015       15.940      -1.1977     

 NODE        413  KCS=      0  X,Y,Z=  15.783       15.409      -1.1977     

 NODE        414  KCS=      0  X,Y,Z=  15.525       14.952      -1.1977     

 NODE        415  KCS=      0  X,Y,Z=  15.260       14.566      -1.1977     

 NODE        416  KCS=      0  X,Y,Z=  14.997       14.243      -1.1977     

 NODE        417  KCS=      0  X,Y,Z=  14.746       13.974      -1.1977     

 NODE        418  KCS=      0  X,Y,Z=  14.475       13.721      -1.1977     

 NODE        419  KCS=      0  X,Y,Z=  14.150       13.457      -1.1977     

 NODE        420  KCS=      0  X,Y,Z=  13.761       13.190      -1.1977     

 NODE        421  KCS=      0  X,Y,Z=  13.300       12.932      -1.1977     

 NODE        422  KCS=      0  X,Y,Z=  12.766       12.699      -1.1977     

 NODE        423  KCS=      0  X,Y,Z=  12.161       12.510      -1.1977     

 NODE        424  KCS=      0  X,Y,Z=  11.502       12.387      -1.1977     

 NODE        425  KCS=      0  X,Y,Z=  10.812       12.344      -1.1977     

 NODE        426  KCS=      0  X,Y,Z=  10.122       12.387      -1.1977     

 NODE        427  KCS=      0  X,Y,Z=  9.4632       12.510      -1.1977     

 NODE        428  KCS=      0  X,Y,Z=  8.8592       12.699      -1.1977     

 NODE        429  KCS=      0  X,Y,Z=  8.3247       12.932      -1.1977     

 NODE        430  KCS=      0  X,Y,Z=  7.8642       13.190      -1.1977     

 NODE        431  KCS=      0  X,Y,Z=  7.4748       13.457      -1.1977     

 NODE        432  KCS=      0  X,Y,Z=  7.1494       13.721      -1.1977     

 NODE        433  KCS=      0  X,Y,Z=  6.8790       13.974      -1.1977     

 NODE        434  KCS=      0  X,Y,Z=  6.6274       14.243      -1.1977     

 NODE        435  KCS=      0  X,Y,Z=  6.3649       14.566      -1.1977     

 NODE        436  KCS=      0  X,Y,Z=  6.0992       14.952      -1.1977     

 NODE        437  KCS=      0  X,Y,Z=  5.8420       15.409      -1.1977     

 NODE        438  KCS=      0  X,Y,Z=  5.6093       15.940      -1.1977     

 NODE        439  KCS=      0  X,Y,Z=  5.4206       16.539      -1.1977     

 NODE        440  KCS=      0  X,Y,Z=  5.2957       17.193      -1.1977     

 NODE        441  KCS=      0  X,Y,Z=  5.2498       17.879      -1.1977     

 NODE        442  KCS=      0  X,Y,Z=  5.2890       18.566      -1.1977     

 NODE        443  KCS=      0  X,Y,Z=  5.4080       19.224      -1.1977     

 NODE        444  KCS=      0  X,Y,Z=  5.5922       19.829      -1.1977     

 NODE        445  KCS=      0  X,Y,Z=  5.8221       20.365      -1.1977     

 NODE        446  KCS=      0  X,Y,Z=  6.0781       20.827      -1.1977     

 NODE        447  KCS=      0  X,Y,Z=  6.3436       21.219      -1.1977     

 NODE        448  KCS=      0  X,Y,Z=  6.6066       21.548      -1.1977     

 NODE        449  KCS=      0  X,Y,Z=  6.2681       22.406      -1.1977     

 NODE        450  KCS=      0  X,Y,Z=  6.6488       22.618      -1.1977     

 NODE        451  KCS=      0  X,Y,Z=  7.0757       22.839      -1.1977     

 NODE        452  KCS=      0  X,Y,Z=  7.5565       23.064      -1.1977     

 NODE        453  KCS=      0  X,Y,Z=  8.0976       23.282      -1.1977     

 NODE        454  KCS=      0  X,Y,Z=  8.7016       23.479      -1.1977     

 NODE        455  KCS=      0  X,Y,Z=  9.3649       23.639      -1.1977     

 NODE        456  KCS=      0  X,Y,Z=  10.075       23.743      -1.1977     

 NODE        457  KCS=      0  X,Y,Z=  10.812       23.780      -1.1977     

 NODE        458  KCS=      0  X,Y,Z=  11.549       23.743      -1.1977     

 NODE        459  KCS=      0  X,Y,Z=  12.260       23.639      -1.1977     

 NODE        460  KCS=      0  X,Y,Z=  12.923       23.479      -1.1977     

 NODE        461  KCS=      0  X,Y,Z=  13.527       23.282      -1.1977     

 NODE        462  KCS=      0  X,Y,Z=  14.068       23.064      -1.1977     

 NODE        463  KCS=      0  X,Y,Z=  14.549       22.839      -1.1977     

 NODE        464  KCS=      0  X,Y,Z=  14.976       22.618      -1.1977     

 NODE        465  KCS=      0  X,Y,Z=  15.357       22.406      -1.1977     

 NODE        466  KCS=      0  X,Y,Z=  15.567       22.023      -1.1977     

 NODE        467  KCS=      0  X,Y,Z=  15.786       21.594      -1.1977     

 NODE        468  KCS=      0  X,Y,Z=  16.008       21.112      -1.1977     

 NODE        469  KCS=      0  X,Y,Z=  16.221       20.571      -1.1977     

 NODE        470  KCS=      0  X,Y,Z=  16.412       19.969      -1.1977     

 NODE        471  KCS=      0  X,Y,Z=  16.566       19.309      -1.1977     

 NODE        472  KCS=      0  X,Y,Z=  16.665       18.606      -1.1977     

 NODE        473  KCS=      0  X,Y,Z=  16.698       17.878      -1.1977     

 NODE        474  KCS=      0  X,Y,Z=  16.660       17.151      -1.1977     

 NODE        475  KCS=      0  X,Y,Z=  16.555       16.450      -1.1977     

 NODE        476  KCS=      0  X,Y,Z=  16.398       15.795      -1.1977     

 NODE        477  KCS=      0  X,Y,Z=  16.204       15.198      -1.1977     

 NODE        478  KCS=      0  X,Y,Z=  15.990       14.661      -1.1977     

 NODE        479  KCS=      0  X,Y,Z=  15.769       14.184      -1.1977     

 NODE        480  KCS=      0  X,Y,Z=  15.550       13.759      -1.1977     

 NODE        481  KCS=      0  X,Y,Z=  15.340       13.379      -1.1977     

 NODE        482  KCS=      0  X,Y,Z=  14.959       13.168      -1.1977     

 NODE        483  KCS=      0  X,Y,Z=  14.531       12.949      -1.1977     

 NODE        484  KCS=      0  X,Y,Z=  14.050       12.726      -1.1977     

 NODE        485  KCS=      0  X,Y,Z=  13.510       12.511      -1.1977     

 NODE        486  KCS=      0  X,Y,Z=  12.909       12.317      -1.1977     

 NODE        487  KCS=      0  X,Y,Z=  12.249       12.160      -1.1977     

 NODE        488  KCS=      0  X,Y,Z=  11.544       12.057      -1.1977     

 NODE        489  KCS=      0  X,Y,Z=  10.812       12.021      -1.1977     

 NODE        490  KCS=      0  X,Y,Z=  10.081       12.057      -1.1977     

 NODE        491  KCS=      0  X,Y,Z=  9.3756       12.160      -1.1977     

 NODE        492  KCS=      0  X,Y,Z=  8.7160       12.317      -1.1977     

 NODE        493  KCS=      0  X,Y,Z=  8.1143       12.511      -1.1977     

 NODE        494  KCS=      0  X,Y,Z=  7.5743       12.726      -1.1977     

 NODE        495  KCS=      0  X,Y,Z=  7.0935       12.949      -1.1977     

 NODE        496  KCS=      0  X,Y,Z=  6.6661       13.168      -1.1977     

 NODE        497  KCS=      0  X,Y,Z=  6.2846       13.379      -1.1977     

 NODE        498  KCS=      0  X,Y,Z=  6.0749       13.759      -1.1977     

 NODE        499  KCS=      0  X,Y,Z=  5.8562       14.184      -1.1977     

 NODE        500  KCS=      0  X,Y,Z=  5.6348       14.661      -1.1977     

 NODE        501  KCS=      0  X,Y,Z=  5.4204       15.198      -1.1977     

 NODE        502  KCS=      0  X,Y,Z=  5.2265       15.795      -1.1977     

 NODE        503  KCS=      0  X,Y,Z=  5.0692       16.450      -1.1977     

 NODE        504  KCS=      0  X,Y,Z=  4.9652       17.151      -1.1977     

 NODE        505  KCS=      0  X,Y,Z=  4.9269       17.878      -1.1977     

 NODE        506  KCS=      0  X,Y,Z=  4.9595       18.606      -1.1977     

 NODE        507  KCS=      0  X,Y,Z=  5.0587       19.309      -1.1977     

 NODE        508  KCS=      0  X,Y,Z=  5.2122       19.969      -1.1977     

 NODE        509  KCS=      0  X,Y,Z=  5.4038       20.571      -1.1977     

 NODE        510  KCS=      0  X,Y,Z=  5.6171       21.112      -1.1977     

 NODE        511  KCS=      0  X,Y,Z=  5.8384       21.594      -1.1977     

 NODE        512  KCS=      0  X,Y,Z=  6.0575       22.023      -1.1977     

 NODE        513  KCS=      0  X,Y,Z=  5.6770       22.991      -1.1977     

 NODE        514  KCS=      0  X,Y,Z=  6.1690       23.161      -1.1977     

 NODE        515  KCS=      0  X,Y,Z=  6.6980       23.338      -1.1977     

 NODE        516  KCS=      0  X,Y,Z=  7.2702       23.518      -1.1977     

 NODE        517  KCS=      0  X,Y,Z=  7.8905       23.692      -1.1977     

 NODE        518  KCS=      0  X,Y,Z=  8.5612       23.850      -1.1977     

 NODE        519  KCS=      0  X,Y,Z=  9.2794       23.978      -1.1977     

 NODE        520  KCS=      0  X,Y,Z=  10.035       24.061      -1.1977     

 NODE        521  KCS=      0  X,Y,Z=  10.812       24.090      -1.1977     

 NODE        522  KCS=      0  X,Y,Z=  11.589       24.061      -1.1977     

 NODE        523  KCS=      0  X,Y,Z=  12.345       23.978      -1.1977     

 NODE        524  KCS=      0  X,Y,Z=  13.063       23.850      -1.1977     

 NODE        525  KCS=      0  X,Y,Z=  13.734       23.692      -1.1977     

 NODE        526  KCS=      0  X,Y,Z=  14.355       23.518      -1.1977     

 NODE        527  KCS=      0  X,Y,Z=  14.927       23.338      -1.1977     

 NODE        528  KCS=      0  X,Y,Z=  15.456       23.161      -1.1977     

 NODE        529  KCS=      0  X,Y,Z=  15.948       22.991      -1.1977     

 NODE        530  KCS=      0  X,Y,Z=  16.116       22.498      -1.1977     

 NODE        531  KCS=      0  X,Y,Z=  16.292       21.968      -1.1977     

 NODE        532  KCS=      0  X,Y,Z=  16.469       21.396      -1.1977     

 NODE        533  KCS=      0  X,Y,Z=  16.639       20.777      -1.1977     

 NODE        534  KCS=      0  X,Y,Z=  16.792       20.108      -1.1977     

 NODE        535  KCS=      0  X,Y,Z=  16.915       19.395      -1.1977     

 NODE        536  KCS=      0  X,Y,Z=  16.995       18.645      -1.1977     

 NODE        537  KCS=      0  X,Y,Z=  17.021       17.876      -1.1977     

 NODE        538  KCS=      0  X,Y,Z=  16.990       17.108      -1.1977     

 NODE        539  KCS=      0  X,Y,Z=  16.907       16.361      -1.1977     

 NODE        540  KCS=      0  X,Y,Z=  16.781       15.650      -1.1977     

 NODE        541  KCS=      0  X,Y,Z=  16.626       14.986      -1.1977     

 NODE        542  KCS=      0  X,Y,Z=  16.454       14.370      -1.1977     

 NODE        543  KCS=      0  X,Y,Z=  16.277       13.801      -1.1977     

 NODE        544  KCS=      0  X,Y,Z=  16.102       13.275      -1.1977     

 NODE        545  KCS=      0  X,Y,Z=  15.935       12.785      -1.1977     

 NODE        546  KCS=      0  X,Y,Z=  15.442       12.616      -1.1977     

 NODE        547  KCS=      0  X,Y,Z=  14.912       12.440      -1.1977     

 NODE        548  KCS=      0  X,Y,Z=  14.340       12.262      -1.1977     

 NODE        549  KCS=      0  X,Y,Z=  13.721       12.090      -1.1977     

 NODE        550  KCS=      0  X,Y,Z=  13.052       11.935      -1.1977     

 NODE        551  KCS=      0  X,Y,Z=  12.337       11.809      -1.1977     

 NODE        552  KCS=      0  X,Y,Z=  11.585       11.727      -1.1977     

 NODE        553  KCS=      0  X,Y,Z=  10.812       11.699      -1.1977     

 NODE        554  KCS=      0  X,Y,Z=  10.040       11.727      -1.1977     

 NODE        555  KCS=      0  X,Y,Z=  9.2879       11.809      -1.1977     

 NODE        556  KCS=      0  X,Y,Z=  8.5727       11.935      -1.1977     

 NODE        557  KCS=      0  X,Y,Z=  7.9039       12.090      -1.1977     

 NODE        558  KCS=      0  X,Y,Z=  7.2844       12.262      -1.1977     

 NODE        559  KCS=      0  X,Y,Z=  6.7123       12.440      -1.1977     

 NODE        560  KCS=      0  X,Y,Z=  6.1829       12.616      -1.1977     

 NODE        561  KCS=      0  X,Y,Z=  5.6901       12.785      -1.1977     

 NODE        562  KCS=      0  X,Y,Z=  5.5224       13.275      -1.1977     

 NODE        563  KCS=      0  X,Y,Z=  5.3474       13.801      -1.1977     

 NODE        564  KCS=      0  X,Y,Z=  5.1703       14.370      -1.1977     

 NODE        565  KCS=      0  X,Y,Z=  4.9988       14.986      -1.1977     

 NODE        566  KCS=      0  X,Y,Z=  4.8436       15.650      -1.1977     

 NODE        567  KCS=      0  X,Y,Z=  4.7179       16.361      -1.1977     

 NODE        568  KCS=      0  X,Y,Z=  4.6346       17.108      -1.1977     

 NODE        569  KCS=      0  X,Y,Z=  4.6040       17.876      -1.1977     

 NODE        570  KCS=      0  X,Y,Z=  4.6301       18.645      -1.1977     

 NODE        571  KCS=      0  X,Y,Z=  4.7094       19.395      -1.1977     

 NODE        572  KCS=      0  X,Y,Z=  4.8323       20.108      -1.1977     

 NODE        573  KCS=      0  X,Y,Z=  4.9855       20.777      -1.1977     

 NODE        574  KCS=      0  X,Y,Z=  5.1562       21.396      -1.1977     

 NODE        575  KCS=      0  X,Y,Z=  5.3332       21.968      -1.1977     

 NODE        576  KCS=      0  X,Y,Z=  5.5085       22.498      -1.1977     

 NODE        577  KCS=      0  X,Y,Z=  5.0858       23.576      -1.1977     

 NODE        578  KCS=      0  X,Y,Z=  5.6892       23.703      -1.1977     

 NODE        579  KCS=      0  X,Y,Z=  6.3203       23.836      -1.1977     

 NODE        580  KCS=      0  X,Y,Z=  6.9839       23.971      -1.1977     

 NODE        581  KCS=      0  X,Y,Z=  7.6835       24.102      -1.1977     

 NODE        582  KCS=      0  X,Y,Z=  8.4209       24.220      -1.1977     

 NODE        583  KCS=      0  X,Y,Z=  9.1939       24.316      -1.1977     

 NODE        584  KCS=      0  X,Y,Z=  9.9952       24.379      -1.1977     

 NODE        585  KCS=      0  X,Y,Z=  10.812       24.401      -1.1977     

 NODE        586  KCS=      0  X,Y,Z=  11.630       24.379      -1.1977     

 NODE        587  KCS=      0  X,Y,Z=  12.431       24.316      -1.1977     

 NODE        588  KCS=      0  X,Y,Z=  13.204       24.220      -1.1977     

 NODE        589  KCS=      0  X,Y,Z=  13.941       24.102      -1.1977     

 NODE        590  KCS=      0  X,Y,Z=  14.641       23.971      -1.1977     

 NODE        591  KCS=      0  X,Y,Z=  15.304       23.836      -1.1977     

 NODE        592  KCS=      0  X,Y,Z=  15.936       23.703      -1.1977     

 NODE        593  KCS=      0  X,Y,Z=  16.539       23.576      -1.1977     

 NODE        594  KCS=      0  X,Y,Z=  16.665       22.973      -1.1977     

 NODE        595  KCS=      0  X,Y,Z=  16.797       22.343      -1.1977     

 NODE        596  KCS=      0  X,Y,Z=  16.929       21.681      -1.1977     

 NODE        597  KCS=      0  X,Y,Z=  17.057       20.983      -1.1977     

 NODE        598  KCS=      0  X,Y,Z=  17.172       20.248      -1.1977     

 NODE        599  KCS=      0  X,Y,Z=  17.265       19.480      -1.1977     

 NODE        600  KCS=      0  X,Y,Z=  17.324       18.684      -1.1977     

 NODE        601  KCS=      0  X,Y,Z=  17.344       17.874      -1.1977     

 NODE        602  KCS=      0  X,Y,Z=  17.321       17.065      -1.1977     

 NODE        603  KCS=      0  X,Y,Z=  17.258       16.271      -1.1977     

 NODE        604  KCS=      0  X,Y,Z=  17.164       15.505      -1.1977     

 NODE        605  KCS=      0  X,Y,Z=  17.048       14.774      -1.1977     

 NODE        606  KCS=      0  X,Y,Z=  16.919       14.079      -1.1977     

 NODE        607  KCS=      0  X,Y,Z=  16.786       13.419      -1.1977     

 NODE        608  KCS=      0  X,Y,Z=  16.655       12.791      -1.1977     

 NODE        609  KCS=      0  X,Y,Z=  16.529       12.190      -1.1977     

 NODE        610  KCS=      0  X,Y,Z=  15.925       12.064      -1.1977     

 NODE        611  KCS=      0  X,Y,Z=  15.294       11.932      -1.1977     

 NODE        612  KCS=      0  X,Y,Z=  14.630       11.798      -1.1977     

 NODE        613  KCS=      0  X,Y,Z=  13.931       11.669      -1.1977     

 NODE        614  KCS=      0  X,Y,Z=  13.195       11.553      -1.1977     

 NODE        615  KCS=      0  X,Y,Z=  12.424       11.459      -1.1977     

 NODE        616  KCS=      0  X,Y,Z=  11.626       11.397      -1.1977     

 NODE        617  KCS=      0  X,Y,Z=  10.812       11.376      -1.1977     

 NODE        618  KCS=      0  X,Y,Z=  9.9986       11.397      -1.1977     

 NODE        619  KCS=      0  X,Y,Z=  9.2003       11.459      -1.1977     

 NODE        620  KCS=      0  X,Y,Z=  8.4295       11.553      -1.1977     

 NODE        621  KCS=      0  X,Y,Z=  7.6935       11.669      -1.1977     

 NODE        622  KCS=      0  X,Y,Z=  6.9945       11.798      -1.1977     

 NODE        623  KCS=      0  X,Y,Z=  6.3311       11.932      -1.1977     

 NODE        624  KCS=      0  X,Y,Z=  5.6996       12.064      -1.1977     

 NODE        625  KCS=      0  X,Y,Z=  5.0957       12.190      -1.1977     

 NODE        626  KCS=      0  X,Y,Z=  4.9699       12.791      -1.1977     

 NODE        627  KCS=      0  X,Y,Z=  4.8386       13.419      -1.1977     

 NODE        628  KCS=      0  X,Y,Z=  4.7058       14.079      -1.1977     

 NODE        629  KCS=      0  X,Y,Z=  4.5772       14.774      -1.1977     

 NODE        630  KCS=      0  X,Y,Z=  4.4608       15.505      -1.1977     

 NODE        631  KCS=      0  X,Y,Z=  4.3665       16.271      -1.1977     

 NODE        632  KCS=      0  X,Y,Z=  4.3040       17.065      -1.1977     

 NODE        633  KCS=      0  X,Y,Z=  4.2811       17.874      -1.1977     

 NODE        634  KCS=      0  X,Y,Z=  4.3007       18.684      -1.1977     

 NODE        635  KCS=      0  X,Y,Z=  4.3602       19.480      -1.1977     

 NODE        636  KCS=      0  X,Y,Z=  4.4523       20.248      -1.1977     

 NODE        637  KCS=      0  X,Y,Z=  4.5672       20.983      -1.1977     

 NODE        638  KCS=      0  X,Y,Z=  4.6952       21.681      -1.1977     

 NODE        639  KCS=      0  X,Y,Z=  4.8280       22.343      -1.1977     

 NODE        640  KCS=      0  X,Y,Z=  4.9595       22.973      -1.1977     

 NODE        641  KCS=      0  X,Y,Z=  4.4947       24.162      -1.1977     

 NODE        642  KCS=      0  X,Y,Z=  5.2094       24.246      -1.1977     

 NODE        643  KCS=      0  X,Y,Z=  5.9427       24.335      -1.1977     

 NODE        644  KCS=      0  X,Y,Z=  6.6975       24.425      -1.1977     

 NODE        645  KCS=      0  X,Y,Z=  7.4764       24.512      -1.1977     

 NODE        646  KCS=      0  X,Y,Z=  8.2805       24.591      -1.1977     

 NODE        647  KCS=      0  X,Y,Z=  9.1084       24.655      -1.1977     

 NODE        648  KCS=      0  X,Y,Z=  9.9551       24.697      -1.1977     

 NODE        649  KCS=      0  X,Y,Z=  10.812       24.711      -1.1977     

 NODE        650  KCS=      0  X,Y,Z=  11.670       24.697      -1.1977     

 NODE        651  KCS=      0  X,Y,Z=  12.516       24.655      -1.1977     

 NODE        652  KCS=      0  X,Y,Z=  13.344       24.591      -1.1977     

 NODE        653  KCS=      0  X,Y,Z=  14.148       24.512      -1.1977     

 NODE        654  KCS=      0  X,Y,Z=  14.927       24.425      -1.1977     

 NODE        655  KCS=      0  X,Y,Z=  15.682       24.335      -1.1977     

 NODE        656  KCS=      0  X,Y,Z=  16.415       24.246      -1.1977     

 NODE        657  KCS=      0  X,Y,Z=  17.130       24.162      -1.1977     

 NODE        658  KCS=      0  X,Y,Z=  17.214       23.449      -1.1977     

 NODE        659  KCS=      0  X,Y,Z=  17.302       22.717      -1.1977     

 NODE        660  KCS=      0  X,Y,Z=  17.390       21.965      -1.1977     

 NODE        661  KCS=      0  X,Y,Z=  17.476       21.189      -1.1977     

 NODE        662  KCS=      0  X,Y,Z=  17.552       20.388      -1.1977     

 NODE        663  KCS=      0  X,Y,Z=  17.614       19.565      -1.1977     

 NODE        664  KCS=      0  X,Y,Z=  17.653       18.724      -1.1977     

 NODE        665  KCS=      0  X,Y,Z=  17.667       17.873      -1.1977     

 NODE        666  KCS=      0  X,Y,Z=  17.651       17.022      -1.1977     

 NODE        667  KCS=      0  X,Y,Z=  17.610       16.182      -1.1977     

 NODE        668  KCS=      0  X,Y,Z=  17.547       15.361      -1.1977     

 NODE        669  KCS=      0  X,Y,Z=  17.469       14.562      -1.1977     

 NODE        670  KCS=      0  X,Y,Z=  17.383       13.788      -1.1977     

 NODE        671  KCS=      0  X,Y,Z=  17.295       13.037      -1.1977     

 NODE        672  KCS=      0  X,Y,Z=  17.207       12.307      -1.1977     

 NODE        673  KCS=      0  X,Y,Z=  17.123       11.596      -1.1977     

 NODE        674  KCS=      0  X,Y,Z=  16.408       11.512      -1.1977     

 NODE        675  KCS=      0  X,Y,Z=  15.675       11.424      -1.1977     

 NODE        676  KCS=      0  X,Y,Z=  14.920       11.335      -1.1977     

 NODE        677  KCS=      0  X,Y,Z=  14.142       11.249      -1.1977     

 NODE        678  KCS=      0  X,Y,Z=  13.338       11.171      -1.1977     

 NODE        679  KCS=      0  X,Y,Z=  12.512       11.108      -1.1977     

 NODE        680  KCS=      0  X,Y,Z=  11.667       11.067      -1.1977     

 NODE        681  KCS=      0  X,Y,Z=  10.812       11.053      -1.1977     

 NODE        682  KCS=      0  X,Y,Z=  9.9574       11.067      -1.1977     

 NODE        683  KCS=      0  X,Y,Z=  9.1126       11.108      -1.1977     

 NODE        684  KCS=      0  X,Y,Z=  8.2863       11.171      -1.1977     

 NODE        685  KCS=      0  X,Y,Z=  7.4831       11.249      -1.1977     

 NODE        686  KCS=      0  X,Y,Z=  6.7046       11.335      -1.1977     

 NODE        687  KCS=      0  X,Y,Z=  5.9498       11.424      -1.1977     

 NODE        688  KCS=      0  X,Y,Z=  5.2163       11.512      -1.1977     

 NODE        689  KCS=      0  X,Y,Z=  4.5012       11.596      -1.1977     

 NODE        690  KCS=      0  X,Y,Z=  4.4174       12.307      -1.1977     

 NODE        691  KCS=      0  X,Y,Z=  4.3299       13.037      -1.1977     

 NODE        692  KCS=      0  X,Y,Z=  4.2413       13.788      -1.1977     

 NODE        693  KCS=      0  X,Y,Z=  4.1556       14.562      -1.1977     

 NODE        694  KCS=      0  X,Y,Z=  4.0780       15.361      -1.1977     

 NODE        695  KCS=      0  X,Y,Z=  4.0151       16.182      -1.1977     

 NODE        696  KCS=      0  X,Y,Z=  3.9735       17.022      -1.1977     

 NODE        697  KCS=      0  X,Y,Z=  3.9582       17.873      -1.1977     

 NODE        698  KCS=      0  X,Y,Z=  3.9712       18.724      -1.1977     

 NODE        699  KCS=      0  X,Y,Z=  4.0109       19.565      -1.1977     

 NODE        700  KCS=      0  X,Y,Z=  4.0723       20.388      -1.1977     

 NODE        701  KCS=      0  X,Y,Z=  4.1489       21.189      -1.1977     

 NODE        702  KCS=      0  X,Y,Z=  4.2343       21.965      -1.1977     

 NODE        703  KCS=      0  X,Y,Z=  4.3228       22.717      -1.1977     

 NODE        704  KCS=      0  X,Y,Z=  4.4104       23.449      -1.1977     

 NODE        705  KCS=      0  X,Y,Z=  3.9035       24.747      -1.1977     

 NODE        706  KCS=      0  X,Y,Z=  4.7296       24.789      -1.1977     

 NODE        707  KCS=      0  X,Y,Z=  5.5650       24.833      -1.1977     

 NODE        708  KCS=      0  X,Y,Z=  6.4112       24.878      -1.1977     

 NODE        709  KCS=      0  X,Y,Z=  7.2694       24.922      -1.1977     

 NODE        710  KCS=      0  X,Y,Z=  8.1402       24.961      -1.1977     

 NODE        711  KCS=      0  X,Y,Z=  9.0229       24.993      -1.1977     

 NODE        712  KCS=      0  X,Y,Z=  9.9150       25.014      -1.1977     

 NODE        713  KCS=      0  X,Y,Z=  10.812       25.022      -1.1977     

 NODE        714  KCS=      0  X,Y,Z=  11.710       25.014      -1.1977     

 NODE        715  KCS=      0  X,Y,Z=  12.602       24.993      -1.1977     

 NODE        716  KCS=      0  X,Y,Z=  13.485       24.961      -1.1977     

 NODE        717  KCS=      0  X,Y,Z=  14.355       24.922      -1.1977     

 NODE        718  KCS=      0  X,Y,Z=  15.214       24.878      -1.1977     

 NODE        719  KCS=      0  X,Y,Z=  16.060       24.833      -1.1977     

 NODE        720  KCS=      0  X,Y,Z=  16.895       24.789      -1.1977     

 NODE        721  KCS=      0  X,Y,Z=  17.721       24.747      -1.1977     

 NODE        722  KCS=      0  X,Y,Z=  17.763       23.924      -1.1977     

 NODE        723  KCS=      0  X,Y,Z=  17.807       23.092      -1.1977     

 NODE        724  KCS=      0  X,Y,Z=  17.851       22.249      -1.1977     

 NODE        725  KCS=      0  X,Y,Z=  17.894       21.395      -1.1977     

 NODE        726  KCS=      0  X,Y,Z=  17.932       20.528      -1.1977     

 NODE        727  KCS=      0  X,Y,Z=  17.963       19.650      -1.1977     

 NODE        728  KCS=      0  X,Y,Z=  17.983       18.763      -1.1977     

 NODE        729  KCS=      0  X,Y,Z=  17.989       17.871      -1.1977     

 NODE        730  KCS=      0  X,Y,Z=  17.982       16.979      -1.1977     

 NODE        731  KCS=      0  X,Y,Z=  17.961       16.093      -1.1977     

 NODE        732  KCS=      0  X,Y,Z=  17.930       15.216      -1.1977     

 NODE        733  KCS=      0  X,Y,Z=  17.891       14.350      -1.1977     

 NODE        734  KCS=      0  X,Y,Z=  17.848       13.497      -1.1977     

 NODE        735  KCS=      0  X,Y,Z=  17.804       12.655      -1.1977     

 NODE        736  KCS=      0  X,Y,Z=  17.760       11.824      -1.1977     

 NODE        737  KCS=      0  X,Y,Z=  17.718       11.001      -1.1977     

 NODE        738  KCS=      0  X,Y,Z=  16.892       10.959      -1.1977     

 NODE        739  KCS=      0  X,Y,Z=  16.056       10.915      -1.1977     

 NODE        740  KCS=      0  X,Y,Z=  15.210       10.871      -1.1977     

 NODE        741  KCS=      0  X,Y,Z=  14.352       10.828      -1.1977     

 NODE        742  KCS=      0  X,Y,Z=  13.482       10.789      -1.1977     

 NODE        743  KCS=      0  X,Y,Z=  12.600       10.758      -1.1977     

 NODE        744  KCS=      0  X,Y,Z=  11.709       10.737      -1.1977     

 NODE        745  KCS=      0  X,Y,Z=  10.812       10.730      -1.1977     

 NODE        746  KCS=      0  X,Y,Z=  9.9161       10.737      -1.1977     

 NODE        747  KCS=      0  X,Y,Z=  9.0250       10.758      -1.1977     

 NODE        748  KCS=      0  X,Y,Z=  8.1431       10.789      -1.1977     

 NODE        749  KCS=      0  X,Y,Z=  7.2727       10.828      -1.1977     

 NODE        750  KCS=      0  X,Y,Z=  6.4147       10.871      -1.1977     

 NODE        751  KCS=      0  X,Y,Z=  5.5686       10.915      -1.1977     

 NODE        752  KCS=      0  X,Y,Z=  4.7331       10.959      -1.1977     

 NODE        753  KCS=      0  X,Y,Z=  3.9068       11.001      -1.1977     

 NODE        754  KCS=      0  X,Y,Z=  3.8649       11.824      -1.1977     

 NODE        755  KCS=      0  X,Y,Z=  3.8211       12.655      -1.1977     

 NODE        756  KCS=      0  X,Y,Z=  3.7768       13.497      -1.1977     

 NODE        757  KCS=      0  X,Y,Z=  3.7340       14.350      -1.1977     

 NODE        758  KCS=      0  X,Y,Z=  3.6952       15.216      -1.1977     

 NODE        759  KCS=      0  X,Y,Z=  3.6637       16.093      -1.1977     

 NODE        760  KCS=      0  X,Y,Z=  3.6429       16.979      -1.1977     

 NODE        761  KCS=      0  X,Y,Z=  3.6353       17.871      -1.1977     

 NODE        762  KCS=      0  X,Y,Z=  3.6418       18.763      -1.1977     

 NODE        763  KCS=      0  X,Y,Z=  3.6616       19.650      -1.1977     

 NODE        764  KCS=      0  X,Y,Z=  3.6923       20.528      -1.1977     

 NODE        765  KCS=      0  X,Y,Z=  3.7306       21.395      -1.1977     

 NODE        766  KCS=      0  X,Y,Z=  3.7733       22.249      -1.1977     

 NODE        767  KCS=      0  X,Y,Z=  3.8176       23.092      -1.1977     

 NODE        768  KCS=      0  X,Y,Z=  3.8614       23.924      -1.1977     

 NODE        769  KCS=      0  X,Y,Z=  3.3123       25.332      -1.1977     

 NODE        770  KCS=      0  X,Y,Z=  4.2498       25.332      -1.1977     

 NODE        771  KCS=      0  X,Y,Z=  5.1873       25.332      -1.1977     

 NODE        772  KCS=      0  X,Y,Z=  6.1248       25.332      -1.1977     

 NODE        773  KCS=      0  X,Y,Z=  7.0623       25.332      -1.1977     

 NODE        774  KCS=      0  X,Y,Z=  7.9998       25.332      -1.1977     

 NODE        775  KCS=      0  X,Y,Z=  8.9373       25.332      -1.1977     

 NODE        776  KCS=      0  X,Y,Z=  9.8748       25.332      -1.1977     

 NODE        777  KCS=      0  X,Y,Z=  10.812       25.332      -1.1977     

 NODE        778  KCS=      0  X,Y,Z=  11.750       25.332      -1.1977     

 NODE        779  KCS=      0  X,Y,Z=  12.687       25.332      -1.1977     

 NODE        780  KCS=      0  X,Y,Z=  13.625       25.332      -1.1977     

 NODE        781  KCS=      0  X,Y,Z=  14.562       25.332      -1.1977     

 NODE        782  KCS=      0  X,Y,Z=  15.500       25.332      -1.1977     

 NODE        783  KCS=      0  X,Y,Z=  16.437       25.332      -1.1977     

 NODE        784  KCS=      0  X,Y,Z=  17.375       25.332      -1.1977     

 NODE        785  KCS=      0  X,Y,Z=  18.312       25.332      -1.1977     

 NODE        786  KCS=      0  X,Y,Z=  18.312       24.399      -1.1977     

 NODE        787  KCS=      0  X,Y,Z=  18.312       23.466      -1.1977     

 NODE        788  KCS=      0  X,Y,Z=  18.312       22.534      -1.1977     

 NODE        789  KCS=      0  X,Y,Z=  18.312       21.601      -1.1977     

 NODE        790  KCS=      0  X,Y,Z=  18.312       20.668      -1.1977     

 NODE        791  KCS=      0  X,Y,Z=  18.312       19.735      -1.1977     

 NODE        792  KCS=      0  X,Y,Z=  18.312       18.802      -1.1977     

 NODE        793  KCS=      0  X,Y,Z=  18.312       17.869      -1.1977     

 NODE        794  KCS=      0  X,Y,Z=  18.312       16.937      -1.1977     

 NODE        795  KCS=      0  X,Y,Z=  18.312       16.004      -1.1977     

 NODE        796  KCS=      0  X,Y,Z=  18.312       15.071      -1.1977     

 NODE        797  KCS=      0  X,Y,Z=  18.312       14.138      -1.1977     

 NODE        798  KCS=      0  X,Y,Z=  18.312       13.205      -1.1977     

 NODE        799  KCS=      0  X,Y,Z=  18.312       12.273      -1.1977     

 NODE        800  KCS=      0  X,Y,Z=  18.312       11.340      -1.1977     

 NODE        801  KCS=      0  X,Y,Z=  18.312       10.407      -1.1977     

 NODE        802  KCS=      0  X,Y,Z=  17.375       10.407      -1.1977     

 NODE        803  KCS=      0  X,Y,Z=  16.437       10.407      -1.1977     

 NODE        804  KCS=      0  X,Y,Z=  15.500       10.407      -1.1977     

 NODE        805  KCS=      0  X,Y,Z=  14.562       10.407      -1.1977     

 NODE        806  KCS=      0  X,Y,Z=  13.625       10.407      -1.1977     

 NODE        807  KCS=      0  X,Y,Z=  12.687       10.407      -1.1977     

 NODE        808  KCS=      0  X,Y,Z=  11.750       10.407      -1.1977     

 NODE        809  KCS=      0  X,Y,Z=  10.812       10.407      -1.1977     

 NODE        810  KCS=      0  X,Y,Z=  9.8748       10.407      -1.1977     

 NODE        811  KCS=      0  X,Y,Z=  8.9373       10.407      -1.1977     

 NODE        812  KCS=      0  X,Y,Z=  7.9998       10.407      -1.1977     

 NODE        813  KCS=      0  X,Y,Z=  7.0623       10.407      -1.1977     

 NODE        814  KCS=      0  X,Y,Z=  6.1248       10.407      -1.1977     

 NODE        815  KCS=      0  X,Y,Z=  5.1873       10.407      -1.1977     

 NODE        816  KCS=      0  X,Y,Z=  4.2498       10.407      -1.1977     

 NODE        817  KCS=      0  X,Y,Z=  3.3123       10.407      -1.1977     

 NODE        818  KCS=      0  X,Y,Z=  3.3123       11.340      -1.1977     

 NODE        819  KCS=      0  X,Y,Z=  3.3123       12.273      -1.1977     

 NODE        820  KCS=      0  X,Y,Z=  3.3123       13.205      -1.1977     

 NODE        821  KCS=      0  X,Y,Z=  3.3123       14.138      -1.1977     

 NODE        822  KCS=      0  X,Y,Z=  3.3123       15.071      -1.1977     

 NODE        823  KCS=      0  X,Y,Z=  3.3123       16.004      -1.1977     

 NODE        824  KCS=      0  X,Y,Z=  3.3123       16.937      -1.1977     

 NODE        825  KCS=      0  X,Y,Z=  3.3123       17.869      -1.1977     

 NODE        826  KCS=      0  X,Y,Z=  3.3123       18.802      -1.1977     

 NODE        827  KCS=      0  X,Y,Z=  3.3123       19.735      -1.1977     

 NODE        828  KCS=      0  X,Y,Z=  3.3123       20.668      -1.1977     

 NODE        829  KCS=      0  X,Y,Z=  3.3123       21.601      -1.1977     

 NODE        830  KCS=      0  X,Y,Z=  3.3123       22.534      -1.1977     

 NODE        831  KCS=      0  X,Y,Z=  3.3123       23.466      -1.1977     

 NODE        832  KCS=      0  X,Y,Z=  3.3123       24.399      -1.1977     

 NODE        833  KCS=      0  X,Y,Z=  3.3123       25.332      -1.9237     

 NODE        834  KCS=      0  X,Y,Z=  4.2498       25.332      -1.9237     

 NODE        835  KCS=      0  X,Y,Z=  5.1873       25.332      -1.9237     

 NODE        836  KCS=      0  X,Y,Z=  6.1248       25.332      -1.9237     

 NODE        837  KCS=      0  X,Y,Z=  7.0623       25.332      -1.9237     

 NODE        838  KCS=      0  X,Y,Z=  7.9998       25.332      -1.9237     

 NODE        839  KCS=      0  X,Y,Z=  8.9373       25.332      -1.9237     

 NODE        840  KCS=      0  X,Y,Z=  9.8748       25.332      -1.9237     

 NODE        841  KCS=      0  X,Y,Z=  10.812       25.332      -1.9237     

 NODE        842  KCS=      0  X,Y,Z=  11.750       25.332      -1.9237     

 NODE        843  KCS=      0  X,Y,Z=  12.687       25.332      -1.9237     

 NODE        844  KCS=      0  X,Y,Z=  13.625       25.332      -1.9237     

 NODE        845  KCS=      0  X,Y,Z=  14.562       25.332      -1.9237     

 NODE        846  KCS=      0  X,Y,Z=  15.500       25.332      -1.9237     

 NODE        847  KCS=      0  X,Y,Z=  16.437       25.332      -1.9237     

 NODE        848  KCS=      0  X,Y,Z=  17.375       25.332      -1.9237     

 NODE        849  KCS=      0  X,Y,Z=  18.312       25.332      -1.9237     

 NODE        850  KCS=      0  X,Y,Z=  3.3123       25.332      -2.6498     

 NODE        851  KCS=      0  X,Y,Z=  4.2498       25.332      -2.6498     

 NODE        852  KCS=      0  X,Y,Z=  5.1873       25.332      -2.6498     

 NODE        853  KCS=      0  X,Y,Z=  6.1248       25.332      -2.6498     

 NODE        854  KCS=      0  X,Y,Z=  7.0623       25.332      -2.6498     

 NODE        855  KCS=      0  X,Y,Z=  7.9998       25.332      -2.6498     

 NODE        856  KCS=      0  X,Y,Z=  8.9373       25.332      -2.6498     

 NODE        857  KCS=      0  X,Y,Z=  9.8748       25.332      -2.6498     

 NODE        858  KCS=      0  X,Y,Z=  10.812       25.332      -2.6498     

 NODE        859  KCS=      0  X,Y,Z=  11.750       25.332      -2.6498     

 NODE        860  KCS=      0  X,Y,Z=  12.687       25.332      -2.6498     

 NODE        861  KCS=      0  X,Y,Z=  13.625       25.332      -2.6498     

 NODE        862  KCS=      0  X,Y,Z=  14.562       25.332      -2.6498     

 NODE        863  KCS=      0  X,Y,Z=  15.500       25.332      -2.6498     

 NODE        864  KCS=      0  X,Y,Z=  16.437       25.332      -2.6498     

 NODE        865  KCS=      0  X,Y,Z=  17.375       25.332      -2.6498     

 NODE        866  KCS=      0  X,Y,Z=  18.312       25.332      -2.6498     

 NODE        867  KCS=      0  X,Y,Z=  3.3123       25.332      -3.3758     

 NODE        868  KCS=      0  X,Y,Z=  4.2498       25.332      -3.3758     

 NODE        869  KCS=      0  X,Y,Z=  5.1873       25.332      -3.3758     

 NODE        870  KCS=      0  X,Y,Z=  6.1248       25.332      -3.3758     

 NODE        871  KCS=      0  X,Y,Z=  7.0623       25.332      -3.3758     

 NODE        872  KCS=      0  X,Y,Z=  7.9998       25.332      -3.3758     

 NODE        873  KCS=      0  X,Y,Z=  8.9373       25.332      -3.3758     

 NODE        874  KCS=      0  X,Y,Z=  9.8748       25.332      -3.3758     

 NODE        875  KCS=      0  X,Y,Z=  10.812       25.332      -3.3758     

 NODE        876  KCS=      0  X,Y,Z=  11.750       25.332      -3.3758     

 NODE        877  KCS=      0  X,Y,Z=  12.687       25.332      -3.3758     

 NODE        878  KCS=      0  X,Y,Z=  13.625       25.332      -3.3758     

 NODE        879  KCS=      0  X,Y,Z=  14.562       25.332      -3.3758     

 NODE        880  KCS=      0  X,Y,Z=  15.500       25.332      -3.3758     

 NODE        881  KCS=      0  X,Y,Z=  16.437       25.332      -3.3758     

 NODE        882  KCS=      0  X,Y,Z=  17.375       25.332      -3.3758     

 NODE        883  KCS=      0  X,Y,Z=  18.312       25.332      -3.3758     

 NODE        884  KCS=      0  X,Y,Z=  3.3123       25.332      -4.1018     

 NODE        885  KCS=      0  X,Y,Z=  4.2498       25.332      -4.1018     

 NODE        886  KCS=      0  X,Y,Z=  5.1873       25.332      -4.1018     

 NODE        887  KCS=      0  X,Y,Z=  6.1248       25.332      -4.1018     

 NODE        888  KCS=      0  X,Y,Z=  7.0623       25.332      -4.1018     

 NODE        889  KCS=      0  X,Y,Z=  7.9998       25.332      -4.1018     

 NODE        890  KCS=      0  X,Y,Z=  8.9373       25.332      -4.1018     

 NODE        891  KCS=      0  X,Y,Z=  9.8748       25.332      -4.1018     

 NODE        892  KCS=      0  X,Y,Z=  10.812       25.332      -4.1018     

 NODE        893  KCS=      0  X,Y,Z=  11.750       25.332      -4.1018     

 NODE        894  KCS=      0  X,Y,Z=  12.687       25.332      -4.1018     

 NODE        895  KCS=      0  X,Y,Z=  13.625       25.332      -4.1018     

 NODE        896  KCS=      0  X,Y,Z=  14.562       25.332      -4.1018     

 NODE        897  KCS=      0  X,Y,Z=  15.500       25.332      -4.1018     

 NODE        898  KCS=      0  X,Y,Z=  16.437       25.332      -4.1018     

 NODE        899  KCS=      0  X,Y,Z=  17.375       25.332      -4.1018     

 NODE        900  KCS=      0  X,Y,Z=  18.312       25.332      -4.1018     

 NODE        901  KCS=      0  X,Y,Z=  3.3123       25.332      -4.8279     

 NODE        902  KCS=      0  X,Y,Z=  4.2498       25.332      -4.8279     

 NODE        903  KCS=      0  X,Y,Z=  5.1873       25.332      -4.8279     

 NODE        904  KCS=      0  X,Y,Z=  6.1248       25.332      -4.8279     

 NODE        905  KCS=      0  X,Y,Z=  7.0623       25.332      -4.8279     

 NODE        906  KCS=      0  X,Y,Z=  7.9998       25.332      -4.8279     

 NODE        907  KCS=      0  X,Y,Z=  8.9373       25.332      -4.8279     

 NODE        908  KCS=      0  X,Y,Z=  9.8748       25.332      -4.8279     

 NODE        909  KCS=      0  X,Y,Z=  10.812       25.332      -4.8279     

 NODE        910  KCS=      0  X,Y,Z=  11.750       25.332      -4.8279     

 NODE        911  KCS=      0  X,Y,Z=  12.687       25.332      -4.8279     

 NODE        912  KCS=      0  X,Y,Z=  13.625       25.332      -4.8279     

 NODE        913  KCS=      0  X,Y,Z=  14.562       25.332      -4.8279     

 NODE        914  KCS=      0  X,Y,Z=  15.500       25.332      -4.8279     

 NODE        915  KCS=      0  X,Y,Z=  16.437       25.332      -4.8279     

 NODE        916  KCS=      0  X,Y,Z=  17.375       25.332      -4.8279     

 NODE        917  KCS=      0  X,Y,Z=  18.312       25.332      -4.8279     

 NODE        918  KCS=      0  X,Y,Z=  3.3123       25.332      -5.5539     

 NODE        919  KCS=      0  X,Y,Z=  4.2498       25.332      -5.5539     

 NODE        920  KCS=      0  X,Y,Z=  5.1873       25.332      -5.5539     

 NODE        921  KCS=      0  X,Y,Z=  6.1248       25.332      -5.5539     

 NODE        922  KCS=      0  X,Y,Z=  7.0623       25.332      -5.5539     

 NODE        923  KCS=      0  X,Y,Z=  7.9998       25.332      -5.5539     

 NODE        924  KCS=      0  X,Y,Z=  8.9373       25.332      -5.5539     

 NODE        925  KCS=      0  X,Y,Z=  9.8748       25.332      -5.5539     

 NODE        926  KCS=      0  X,Y,Z=  10.812       25.332      -5.5539     

 NODE        927  KCS=      0  X,Y,Z=  11.750       25.332      -5.5539     

 NODE        928  KCS=      0  X,Y,Z=  12.687       25.332      -5.5539     

 NODE        929  KCS=      0  X,Y,Z=  13.625       25.332      -5.5539     

 NODE        930  KCS=      0  X,Y,Z=  14.562       25.332      -5.5539     

 NODE        931  KCS=      0  X,Y,Z=  15.500       25.332      -5.5539     

 NODE        932  KCS=      0  X,Y,Z=  16.437       25.332      -5.5539     

 NODE        933  KCS=      0  X,Y,Z=  17.375       25.332      -5.5539     

 NODE        934  KCS=      0  X,Y,Z=  18.312       25.332      -5.5539     

 NODE        935  KCS=      0  X,Y,Z=  3.3123       25.332      -6.2800     

 NODE        936  KCS=      0  X,Y,Z=  4.2498       25.332      -6.2800     

 NODE        937  KCS=      0  X,Y,Z=  5.1873       25.332      -6.2800     

 NODE        938  KCS=      0  X,Y,Z=  6.1248       25.332      -6.2800     

 NODE        939  KCS=      0  X,Y,Z=  7.0623       25.332      -6.2800     

 NODE        940  KCS=      0  X,Y,Z=  7.9998       25.332      -6.2800     

 NODE        941  KCS=      0  X,Y,Z=  8.9373       25.332      -6.2800     

 NODE        942  KCS=      0  X,Y,Z=  9.8748       25.332      -6.2800     

 NODE        943  KCS=      0  X,Y,Z=  10.812       25.332      -6.2800     

 NODE        944  KCS=      0  X,Y,Z=  11.750       25.332      -6.2800     

 NODE        945  KCS=      0  X,Y,Z=  12.687       25.332      -6.2800     

 NODE        946  KCS=      0  X,Y,Z=  13.625       25.332      -6.2800     

 NODE        947  KCS=      0  X,Y,Z=  14.562       25.332      -6.2800     

 NODE        948  KCS=      0  X,Y,Z=  15.500       25.332      -6.2800     

 NODE        949  KCS=      0  X,Y,Z=  16.437       25.332      -6.2800     

 NODE        950  KCS=      0  X,Y,Z=  17.375       25.332      -6.2800     

 NODE        951  KCS=      0  X,Y,Z=  18.312       25.332      -6.2800     

 NODE        952  KCS=      0  X,Y,Z=  3.3123       25.332      -7.0060     

 NODE        953  KCS=      0  X,Y,Z=  4.2498       25.332      -7.0060     

 NODE        954  KCS=      0  X,Y,Z=  5.1873       25.332      -7.0060     

 NODE        955  KCS=      0  X,Y,Z=  6.1248       25.332      -7.0060     

 NODE        956  KCS=      0  X,Y,Z=  7.0623       25.332      -7.0060     

 NODE        957  KCS=      0  X,Y,Z=  7.9998       25.332      -7.0060     

 NODE        958  KCS=      0  X,Y,Z=  8.9373       25.332      -7.0060     

 NODE        959  KCS=      0  X,Y,Z=  9.8748       25.332      -7.0060     

 NODE        960  KCS=      0  X,Y,Z=  10.812       25.332      -7.0060     

 NODE        961  KCS=      0  X,Y,Z=  11.750       25.332      -7.0060     

 NODE        962  KCS=      0  X,Y,Z=  12.687       25.332      -7.0060     

 NODE        963  KCS=      0  X,Y,Z=  13.625       25.332      -7.0060     

 NODE        964  KCS=      0  X,Y,Z=  14.562       25.332      -7.0060     

 NODE        965  KCS=      0  X,Y,Z=  15.500       25.332      -7.0060     

 NODE        966  KCS=      0  X,Y,Z=  16.437       25.332      -7.0060     

 NODE        967  KCS=      0  X,Y,Z=  17.375       25.332      -7.0060     

 NODE        968  KCS=      0  X,Y,Z=  18.312       25.332      -7.0060     

 NODE        969  KCS=      0  X,Y,Z=  3.3123       25.332      -7.7321     

 NODE        970  KCS=      0  X,Y,Z=  4.2498       25.332      -7.7321     

 NODE        971  KCS=      0  X,Y,Z=  5.1873       25.332      -7.7321     

 NODE        972  KCS=      0  X,Y,Z=  6.1248       25.332      -7.7321     

 NODE        973  KCS=      0  X,Y,Z=  7.0623       25.332      -7.7321     

 NODE        974  KCS=      0  X,Y,Z=  7.9998       25.332      -7.7321     

 NODE        975  KCS=      0  X,Y,Z=  8.9373       25.332      -7.7321     

 NODE        976  KCS=      0  X,Y,Z=  9.8748       25.332      -7.7321     

 NODE        977  KCS=      0  X,Y,Z=  10.812       25.332      -7.7321     

 NODE        978  KCS=      0  X,Y,Z=  11.750       25.332      -7.7321     

 NODE        979  KCS=      0  X,Y,Z=  12.687       25.332      -7.7321     

 NODE        980  KCS=      0  X,Y,Z=  13.625       25.332      -7.7321     

 NODE        981  KCS=      0  X,Y,Z=  14.562       25.332      -7.7321     

 NODE        982  KCS=      0  X,Y,Z=  15.500       25.332      -7.7321     

 NODE        983  KCS=      0  X,Y,Z=  16.437       25.332      -7.7321     

 NODE        984  KCS=      0  X,Y,Z=  17.375       25.332      -7.7321     

 NODE        985  KCS=      0  X,Y,Z=  18.312       25.332      -7.7321     

 NODE        986  KCS=      0  X,Y,Z=  3.3123       25.332      -8.4581     

 NODE        987  KCS=      0  X,Y,Z=  4.2498       25.332      -8.4581     

 NODE        988  KCS=      0  X,Y,Z=  5.1873       25.332      -8.4581     

 NODE        989  KCS=      0  X,Y,Z=  6.1248       25.332      -8.4581     

 NODE        990  KCS=      0  X,Y,Z=  7.0623       25.332      -8.4581     

 NODE        991  KCS=      0  X,Y,Z=  7.9998       25.332      -8.4581     

 NODE        992  KCS=      0  X,Y,Z=  8.9373       25.332      -8.4581     

 NODE        993  KCS=      0  X,Y,Z=  9.8748       25.332      -8.4581     

 NODE        994  KCS=      0  X,Y,Z=  10.812       25.332      -8.4581     

 NODE        995  KCS=      0  X,Y,Z=  11.750       25.332      -8.4581     

 NODE        996  KCS=      0  X,Y,Z=  12.687       25.332      -8.4581     

 NODE        997  KCS=      0  X,Y,Z=  13.625       25.332      -8.4581     

 NODE        998  KCS=      0  X,Y,Z=  14.562       25.332      -8.4581     

 NODE        999  KCS=      0  X,Y,Z=  15.500       25.332      -8.4581     

 NODE       1000  KCS=      0  X,Y,Z=  16.437       25.332      -8.4581     

 NODE       1001  KCS=      0  X,Y,Z=  17.375       25.332      -8.4581     

 NODE       1002  KCS=      0  X,Y,Z=  18.312       25.332      -8.4581     

 NODE       1003  KCS=      0  X,Y,Z=  3.3123       25.332      -9.1841     

 NODE       1004  KCS=      0  X,Y,Z=  4.2498       25.332      -9.1841     

 NODE       1005  KCS=      0  X,Y,Z=  5.1873       25.332      -9.1841     

 NODE       1006  KCS=      0  X,Y,Z=  6.1248       25.332      -9.1841     

 NODE       1007  KCS=      0  X,Y,Z=  7.0623       25.332      -9.1841     

 NODE       1008  KCS=      0  X,Y,Z=  7.9998       25.332      -9.1841     

 NODE       1009  KCS=      0  X,Y,Z=  8.9373       25.332      -9.1841     

 NODE       1010  KCS=      0  X,Y,Z=  9.8748       25.332      -9.1841     

 NODE       1011  KCS=      0  X,Y,Z=  10.812       25.332      -9.1841     

 NODE       1012  KCS=      0  X,Y,Z=  11.750       25.332      -9.1841     

 NODE       1013  KCS=      0  X,Y,Z=  12.687       25.332      -9.1841     

 NODE       1014  KCS=      0  X,Y,Z=  13.625       25.332      -9.1841     

 NODE       1015  KCS=      0  X,Y,Z=  14.562       25.332      -9.1841     

 NODE       1016  KCS=      0  X,Y,Z=  15.500       25.332      -9.1841     

 NODE       1017  KCS=      0  X,Y,Z=  16.437       25.332      -9.1841     

 NODE       1018  KCS=      0  X,Y,Z=  17.375       25.332      -9.1841     

 NODE       1019  KCS=      0  X,Y,Z=  18.312       25.332      -9.1841     

 NODE       1020  KCS=      0  X,Y,Z=  3.3123       25.332      -9.9102     

 NODE       1021  KCS=      0  X,Y,Z=  4.2498       25.332      -9.9102     

 NODE       1022  KCS=      0  X,Y,Z=  5.1873       25.332      -9.9102     

 NODE       1023  KCS=      0  X,Y,Z=  6.1248       25.332      -9.9102     

 NODE       1024  KCS=      0  X,Y,Z=  7.0623       25.332      -9.9102     

 NODE       1025  KCS=      0  X,Y,Z=  7.9998       25.332      -9.9102     

 NODE       1026  KCS=      0  X,Y,Z=  8.9373       25.332      -9.9102     

 NODE       1027  KCS=      0  X,Y,Z=  9.8748       25.332      -9.9102     

 NODE       1028  KCS=      0  X,Y,Z=  10.812       25.332      -9.9102     

 NODE       1029  KCS=      0  X,Y,Z=  11.750       25.332      -9.9102     

 NODE       1030  KCS=      0  X,Y,Z=  12.687       25.332      -9.9102     

 NODE       1031  KCS=      0  X,Y,Z=  13.625       25.332      -9.9102     

 NODE       1032  KCS=      0  X,Y,Z=  14.562       25.332      -9.9102     

 NODE       1033  KCS=      0  X,Y,Z=  15.500       25.332      -9.9102     

 NODE       1034  KCS=      0  X,Y,Z=  16.437       25.332      -9.9102     

 NODE       1035  KCS=      0  X,Y,Z=  17.375       25.332      -9.9102     

 NODE       1036  KCS=      0  X,Y,Z=  18.312       25.332      -9.9102     

 NODE       1037  KCS=      0  X,Y,Z=  3.3123       25.332      -10.636     

 NODE       1038  KCS=      0  X,Y,Z=  4.2498       25.332      -10.636     

 NODE       1039  KCS=      0  X,Y,Z=  5.1873       25.332      -10.636     

 NODE       1040  KCS=      0  X,Y,Z=  6.1248       25.332      -10.636     

 NODE       1041  KCS=      0  X,Y,Z=  7.0623       25.332      -10.636     

 NODE       1042  KCS=      0  X,Y,Z=  7.9998       25.332      -10.636     

 NODE       1043  KCS=      0  X,Y,Z=  8.9373       25.332      -10.636     

 NODE       1044  KCS=      0  X,Y,Z=  9.8748       25.332      -10.636     

 NODE       1045  KCS=      0  X,Y,Z=  10.812       25.332      -10.636     

 NODE       1046  KCS=      0  X,Y,Z=  11.750       25.332      -10.636     

 NODE       1047  KCS=      0  X,Y,Z=  12.687       25.332      -10.636     

 NODE       1048  KCS=      0  X,Y,Z=  13.625       25.332      -10.636     

 NODE       1049  KCS=      0  X,Y,Z=  14.562       25.332      -10.636     

 NODE       1050  KCS=      0  X,Y,Z=  15.500       25.332      -10.636     

 NODE       1051  KCS=      0  X,Y,Z=  16.437       25.332      -10.636     

 NODE       1052  KCS=      0  X,Y,Z=  17.375       25.332      -10.636     

 NODE       1053  KCS=      0  X,Y,Z=  18.312       25.332      -10.636     

 NODE       1054  KCS=      0  X,Y,Z=  3.3123       25.332      -11.362     

 NODE       1055  KCS=      0  X,Y,Z=  4.2498       25.332      -11.362     

 NODE       1056  KCS=      0  X,Y,Z=  5.1873       25.332      -11.362     

 NODE       1057  KCS=      0  X,Y,Z=  6.1248       25.332      -11.362     

 NODE       1058  KCS=      0  X,Y,Z=  7.0623       25.332      -11.362     

 NODE       1059  KCS=      0  X,Y,Z=  7.9998       25.332      -11.362     

 NODE       1060  KCS=      0  X,Y,Z=  8.9373       25.332      -11.362     

 NODE       1061  KCS=      0  X,Y,Z=  9.8748       25.332      -11.362     

 NODE       1062  KCS=      0  X,Y,Z=  10.812       25.332      -11.362     

 NODE       1063  KCS=      0  X,Y,Z=  11.750       25.332      -11.362     

 NODE       1064  KCS=      0  X,Y,Z=  12.687       25.332      -11.362     

 NODE       1065  KCS=      0  X,Y,Z=  13.625       25.332      -11.362     

 NODE       1066  KCS=      0  X,Y,Z=  14.562       25.332      -11.362     

 NODE       1067  KCS=      0  X,Y,Z=  15.500       25.332      -11.362     

 NODE       1068  KCS=      0  X,Y,Z=  16.437       25.332      -11.362     

 NODE       1069  KCS=      0  X,Y,Z=  17.375       25.332      -11.362     

 NODE       1070  KCS=      0  X,Y,Z=  18.312       25.332      -11.362     

 NODE       1071  KCS=      0  X,Y,Z=  3.3123       25.332      -12.088     

 NODE       1072  KCS=      0  X,Y,Z=  4.2498       25.332      -12.088     

 NODE       1073  KCS=      0  X,Y,Z=  5.1873       25.332      -12.088     

 NODE       1074  KCS=      0  X,Y,Z=  6.1248       25.332      -12.088     

 NODE       1075  KCS=      0  X,Y,Z=  7.0623       25.332      -12.088     

 NODE       1076  KCS=      0  X,Y,Z=  7.9998       25.332      -12.088     

 NODE       1077  KCS=      0  X,Y,Z=  8.9373       25.332      -12.088     

 NODE       1078  KCS=      0  X,Y,Z=  9.8748       25.332      -12.088     

 NODE       1079  KCS=      0  X,Y,Z=  10.812       25.332      -12.088     

 NODE       1080  KCS=      0  X,Y,Z=  11.750       25.332      -12.088     

 NODE       1081  KCS=      0  X,Y,Z=  12.687       25.332      -12.088     

 NODE       1082  KCS=      0  X,Y,Z=  13.625       25.332      -12.088     

 NODE       1083  KCS=      0  X,Y,Z=  14.562       25.332      -12.088     

 NODE       1084  KCS=      0  X,Y,Z=  15.500       25.332      -12.088     

 NODE       1085  KCS=      0  X,Y,Z=  16.437       25.332      -12.088     

 NODE       1086  KCS=      0  X,Y,Z=  17.375       25.332      -12.088     

 NODE       1087  KCS=      0  X,Y,Z=  18.312       25.332      -12.088     

 NODE       1088  KCS=      0  X,Y,Z=  3.3123       25.332      -12.814     

 NODE       1089  KCS=      0  X,Y,Z=  4.2498       25.332      -12.814     

 NODE       1090  KCS=      0  X,Y,Z=  5.1873       25.332      -12.814     

 NODE       1091  KCS=      0  X,Y,Z=  6.1248       25.332      -12.814     

 NODE       1092  KCS=      0  X,Y,Z=  7.0623       25.332      -12.814     

 NODE       1093  KCS=      0  X,Y,Z=  7.9998       25.332      -12.814     

 NODE       1094  KCS=      0  X,Y,Z=  8.9373       25.332      -12.814     

 NODE       1095  KCS=      0  X,Y,Z=  9.8748       25.332      -12.814     

 NODE       1096  KCS=      0  X,Y,Z=  10.812       25.332      -12.814     

 NODE       1097  KCS=      0  X,Y,Z=  11.750       25.332      -12.814     

 NODE       1098  KCS=      0  X,Y,Z=  12.687       25.332      -12.814     

 NODE       1099  KCS=      0  X,Y,Z=  13.625       25.332      -12.814     

 NODE       1100  KCS=      0  X,Y,Z=  14.562       25.332      -12.814     

 NODE       1101  KCS=      0  X,Y,Z=  15.500       25.332      -12.814     

 NODE       1102  KCS=      0  X,Y,Z=  16.437       25.332      -12.814     

 NODE       1103  KCS=      0  X,Y,Z=  17.375       25.332      -12.814     

 NODE       1104  KCS=      0  X,Y,Z=  18.312       25.332      -12.814     

 NODE       1105  KCS=      0  X,Y,Z=  3.3123       25.332      -13.540     

 NODE       1106  KCS=      0  X,Y,Z=  4.2498       25.332      -13.540     

 NODE       1107  KCS=      0  X,Y,Z=  5.1873       25.332      -13.540     

 NODE       1108  KCS=      0  X,Y,Z=  6.1248       25.332      -13.540     

 NODE       1109  KCS=      0  X,Y,Z=  7.0623       25.332      -13.540     

 NODE       1110  KCS=      0  X,Y,Z=  7.9998       25.332      -13.540     

 NODE       1111  KCS=      0  X,Y,Z=  8.9373       25.332      -13.540     

 NODE       1112  KCS=      0  X,Y,Z=  9.8748       25.332      -13.540     

 NODE       1113  KCS=      0  X,Y,Z=  10.812       25.332      -13.540     

 NODE       1114  KCS=      0  X,Y,Z=  11.750       25.332      -13.540     

 NODE       1115  KCS=      0  X,Y,Z=  12.687       25.332      -13.540     

 NODE       1116  KCS=      0  X,Y,Z=  13.625       25.332      -13.540     

 NODE       1117  KCS=      0  X,Y,Z=  14.562       25.332      -13.540     

 NODE       1118  KCS=      0  X,Y,Z=  15.500       25.332      -13.540     

 NODE       1119  KCS=      0  X,Y,Z=  16.437       25.332      -13.540     

 NODE       1120  KCS=      0  X,Y,Z=  17.375       25.332      -13.540     

 NODE       1121  KCS=      0  X,Y,Z=  18.312       25.332      -13.540     

 NODE       1122  KCS=      0  X,Y,Z=  3.3123       25.332      -14.266     

 NODE       1123  KCS=      0  X,Y,Z=  4.2498       25.332      -14.266     

 NODE       1124  KCS=      0  X,Y,Z=  5.1873       25.332      -14.266     

 NODE       1125  KCS=      0  X,Y,Z=  6.1248       25.332      -14.266     

 NODE       1126  KCS=      0  X,Y,Z=  7.0623       25.332      -14.266     

 NODE       1127  KCS=      0  X,Y,Z=  7.9998       25.332      -14.266     

 NODE       1128  KCS=      0  X,Y,Z=  8.9373       25.332      -14.266     

 NODE       1129  KCS=      0  X,Y,Z=  9.8748       25.332      -14.266     

 NODE       1130  KCS=      0  X,Y,Z=  10.812       25.332      -14.266     

 NODE       1131  KCS=      0  X,Y,Z=  11.750       25.332      -14.266     

 NODE       1132  KCS=      0  X,Y,Z=  12.687       25.332      -14.266     

 NODE       1133  KCS=      0  X,Y,Z=  13.625       25.332      -14.266     

 NODE       1134  KCS=      0  X,Y,Z=  14.562       25.332      -14.266     

 NODE       1135  KCS=      0  X,Y,Z=  15.500       25.332      -14.266     

 NODE       1136  KCS=      0  X,Y,Z=  16.437       25.332      -14.266     

 NODE       1137  KCS=      0  X,Y,Z=  17.375       25.332      -14.266     

 NODE       1138  KCS=      0  X,Y,Z=  18.312       25.332      -14.266     

 NODE       1139  KCS=      0  X,Y,Z=  3.3123       25.332      -14.992     

 NODE       1140  KCS=      0  X,Y,Z=  4.2498       25.332      -14.992     

 NODE       1141  KCS=      0  X,Y,Z=  5.1873       25.332      -14.992     

 NODE       1142  KCS=      0  X,Y,Z=  6.1248       25.332      -14.992     

 NODE       1143  KCS=      0  X,Y,Z=  7.0623       25.332      -14.992     

 NODE       1144  KCS=      0  X,Y,Z=  7.9998       25.332      -14.992     

 NODE       1145  KCS=      0  X,Y,Z=  8.9373       25.332      -14.992     

 NODE       1146  KCS=      0  X,Y,Z=  9.8748       25.332      -14.992     

 NODE       1147  KCS=      0  X,Y,Z=  10.812       25.332      -14.992     

 NODE       1148  KCS=      0  X,Y,Z=  11.750       25.332      -14.992     

 NODE       1149  KCS=      0  X,Y,Z=  12.687       25.332      -14.992     

 NODE       1150  KCS=      0  X,Y,Z=  13.625       25.332      -14.992     

 NODE       1151  KCS=      0  X,Y,Z=  14.562       25.332      -14.992     

 NODE       1152  KCS=      0  X,Y,Z=  15.500       25.332      -14.992     

 NODE       1153  KCS=      0  X,Y,Z=  16.437       25.332      -14.992     

 NODE       1154  KCS=      0  X,Y,Z=  17.375       25.332      -14.992     

 NODE       1155  KCS=      0  X,Y,Z=  18.312       25.332      -14.992     

 NODE       1156  KCS=      0  X,Y,Z=  3.3123       25.332      -15.719     

 NODE       1157  KCS=      0  X,Y,Z=  4.2498       25.332      -15.719     

 NODE       1158  KCS=      0  X,Y,Z=  5.1873       25.332      -15.719     

 NODE       1159  KCS=      0  X,Y,Z=  6.1248       25.332      -15.719     

 NODE       1160  KCS=      0  X,Y,Z=  7.0623       25.332      -15.719     

 NODE       1161  KCS=      0  X,Y,Z=  7.9998       25.332      -15.719     

 NODE       1162  KCS=      0  X,Y,Z=  8.9373       25.332      -15.719     

 NODE       1163  KCS=      0  X,Y,Z=  9.8748       25.332      -15.719     

 NODE       1164  KCS=      0  X,Y,Z=  10.812       25.332      -15.719     

 NODE       1165  KCS=      0  X,Y,Z=  11.750       25.332      -15.719     

 NODE       1166  KCS=      0  X,Y,Z=  12.687       25.332      -15.719     

 NODE       1167  KCS=      0  X,Y,Z=  13.625       25.332      -15.719     

 NODE       1168  KCS=      0  X,Y,Z=  14.562       25.332      -15.719     

 NODE       1169  KCS=      0  X,Y,Z=  15.500       25.332      -15.719     

 NODE       1170  KCS=      0  X,Y,Z=  16.437       25.332      -15.719     

 NODE       1171  KCS=      0  X,Y,Z=  17.375       25.332      -15.719     

 NODE       1172  KCS=      0  X,Y,Z=  18.312       25.332      -15.719     

 NODE       1173  KCS=      0  X,Y,Z=  3.3123       25.332      -16.445     

 NODE       1174  KCS=      0  X,Y,Z=  4.2498       25.332      -16.445     

 NODE       1175  KCS=      0  X,Y,Z=  5.1873       25.332      -16.445     

 NODE       1176  KCS=      0  X,Y,Z=  6.1248       25.332      -16.445     

 NODE       1177  KCS=      0  X,Y,Z=  7.0623       25.332      -16.445     

 NODE       1178  KCS=      0  X,Y,Z=  7.9998       25.332      -16.445     

 NODE       1179  KCS=      0  X,Y,Z=  8.9373       25.332      -16.445     

 NODE       1180  KCS=      0  X,Y,Z=  9.8748       25.332      -16.445     

 NODE       1181  KCS=      0  X,Y,Z=  10.812       25.332      -16.445     

 NODE       1182  KCS=      0  X,Y,Z=  11.750       25.332      -16.445     

 NODE       1183  KCS=      0  X,Y,Z=  12.687       25.332      -16.445     

 NODE       1184  KCS=      0  X,Y,Z=  13.625       25.332      -16.445     

 NODE       1185  KCS=      0  X,Y,Z=  14.562       25.332      -16.445     

 NODE       1186  KCS=      0  X,Y,Z=  15.500       25.332      -16.445     

 NODE       1187  KCS=      0  X,Y,Z=  16.437       25.332      -16.445     

 NODE       1188  KCS=      0  X,Y,Z=  17.375       25.332      -16.445     

 NODE       1189  KCS=      0  X,Y,Z=  18.312       25.332      -16.445     

 NODE       1190  KCS=      0  X,Y,Z=  3.3123       25.332      -17.171     

 NODE       1191  KCS=      0  X,Y,Z=  4.2498       25.332      -17.171     

 NODE       1192  KCS=      0  X,Y,Z=  5.1873       25.332      -17.171     

 NODE       1193  KCS=      0  X,Y,Z=  6.1248       25.332      -17.171     

 NODE       1194  KCS=      0  X,Y,Z=  7.0623       25.332      -17.171     

 NODE       1195  KCS=      0  X,Y,Z=  7.9998       25.332      -17.171     

 NODE       1196  KCS=      0  X,Y,Z=  8.9373       25.332      -17.171     

 NODE       1197  KCS=      0  X,Y,Z=  9.8748       25.332      -17.171     

 NODE       1198  KCS=      0  X,Y,Z=  10.812       25.332      -17.171     

 NODE       1199  KCS=      0  X,Y,Z=  11.750       25.332      -17.171     

 NODE       1200  KCS=      0  X,Y,Z=  12.687       25.332      -17.171     

 NODE       1201  KCS=      0  X,Y,Z=  13.625       25.332      -17.171     

 NODE       1202  KCS=      0  X,Y,Z=  14.562       25.332      -17.171     

 NODE       1203  KCS=      0  X,Y,Z=  15.500       25.332      -17.171     

 NODE       1204  KCS=      0  X,Y,Z=  16.437       25.332      -17.171     

 NODE       1205  KCS=      0  X,Y,Z=  17.375       25.332      -17.171     

 NODE       1206  KCS=      0  X,Y,Z=  18.312       25.332      -17.171     

 NODE       1207  KCS=      0  X,Y,Z=  3.3123       25.332      -17.897     

 NODE       1208  KCS=      0  X,Y,Z=  4.2498       25.332      -17.897     

 NODE       1209  KCS=      0  X,Y,Z=  5.1873       25.332      -17.897     

 NODE       1210  KCS=      0  X,Y,Z=  6.1248       25.332      -17.897     

 NODE       1211  KCS=      0  X,Y,Z=  7.0623       25.332      -17.897     

 NODE       1212  KCS=      0  X,Y,Z=  7.9998       25.332      -17.897     

 NODE       1213  KCS=      0  X,Y,Z=  8.9373       25.332      -17.897     

 NODE       1214  KCS=      0  X,Y,Z=  9.8748       25.332      -17.897     

 NODE       1215  KCS=      0  X,Y,Z=  10.812       25.332      -17.897     

 NODE       1216  KCS=      0  X,Y,Z=  11.750       25.332      -17.897     

 NODE       1217  KCS=      0  X,Y,Z=  12.687       25.332      -17.897     

 NODE       1218  KCS=      0  X,Y,Z=  13.625       25.332      -17.897     

 NODE       1219  KCS=      0  X,Y,Z=  14.562       25.332      -17.897     

 NODE       1220  KCS=      0  X,Y,Z=  15.500       25.332      -17.897     

 NODE       1221  KCS=      0  X,Y,Z=  16.437       25.332      -17.897     

 NODE       1222  KCS=      0  X,Y,Z=  17.375       25.332      -17.897     

 NODE       1223  KCS=      0  X,Y,Z=  18.312       25.332      -17.897     

 NODE       1224  KCS=      0  X,Y,Z=  3.3123       25.332      -18.623     

 NODE       1225  KCS=      0  X,Y,Z=  4.2498       25.332      -18.623     

 NODE       1226  KCS=      0  X,Y,Z=  5.1873       25.332      -18.623     

 NODE       1227  KCS=      0  X,Y,Z=  6.1248       25.332      -18.623     

 NODE       1228  KCS=      0  X,Y,Z=  7.0623       25.332      -18.623     

 NODE       1229  KCS=      0  X,Y,Z=  7.9998       25.332      -18.623     

 NODE       1230  KCS=      0  X,Y,Z=  8.9373       25.332      -18.623     

 NODE       1231  KCS=      0  X,Y,Z=  9.8748       25.332      -18.623     

 NODE       1232  KCS=      0  X,Y,Z=  10.812       25.332      -18.623     

 NODE       1233  KCS=      0  X,Y,Z=  11.750       25.332      -18.623     

 NODE       1234  KCS=      0  X,Y,Z=  12.687       25.332      -18.623     

 NODE       1235  KCS=      0  X,Y,Z=  13.625       25.332      -18.623     

 NODE       1236  KCS=      0  X,Y,Z=  14.562       25.332      -18.623     

 NODE       1237  KCS=      0  X,Y,Z=  15.500       25.332      -18.623     

 NODE       1238  KCS=      0  X,Y,Z=  16.437       25.332      -18.623     

 NODE       1239  KCS=      0  X,Y,Z=  17.375       25.332      -18.623     

 NODE       1240  KCS=      0  X,Y,Z=  18.312       25.332      -18.623     

 NODE       1241  KCS=      0  X,Y,Z=  8.8907       101.00      -1.1977     

 NODE       1242  KCS=      0  X,Y,Z=  9.0216       100.88      -1.1977     

 NODE       1243  KCS=      0  X,Y,Z=  9.1795       100.75      -1.1977     

 NODE       1244  KCS=      0  X,Y,Z=  9.3689       100.62      -1.1977     

 NODE       1245  KCS=      0  X,Y,Z=  9.5933       100.49      -1.1977     

 NODE       1246  KCS=      0  X,Y,Z=  9.8545       100.38      -1.1977     

 NODE       1247  KCS=      0  X,Y,Z=  10.150       100.29      -1.1977     

 NODE       1248  KCS=      0  X,Y,Z=  10.474       100.22      -1.1977     

 NODE       1249  KCS=      0  X,Y,Z=  10.812       100.20      -1.1977     

 NODE       1250  KCS=      0  X,Y,Z=  11.151       100.22      -1.1977     

 NODE       1251  KCS=      0  X,Y,Z=  11.474       100.29      -1.1977     

 NODE       1252  KCS=      0  X,Y,Z=  11.770       100.38      -1.1977     

 NODE       1253  KCS=      0  X,Y,Z=  12.031       100.49      -1.1977     

 NODE       1254  KCS=      0  X,Y,Z=  12.256       100.62      -1.1977     

 NODE       1255  KCS=      0  X,Y,Z=  12.445       100.75      -1.1977     

 NODE       1256  KCS=      0  X,Y,Z=  12.603       100.88      -1.1977     

 NODE       1257  KCS=      0  X,Y,Z=  12.734       101.00      -1.1977     

 NODE       1258  KCS=      0  X,Y,Z=  12.857       101.14      -1.1977     

 NODE       1259  KCS=      0  X,Y,Z=  12.985       101.30      -1.1977     

 NODE       1260  KCS=      0  X,Y,Z=  13.114       101.49      -1.1977     

 NODE       1261  KCS=      0  X,Y,Z=  13.238       101.71      -1.1977     

 NODE       1262  KCS=      0  X,Y,Z=  13.350       101.97      -1.1977     

 NODE       1263  KCS=      0  X,Y,Z=  13.439       102.27      -1.1977     

 NODE       1264  KCS=      0  X,Y,Z=  13.497       102.59      -1.1977     

 NODE       1265  KCS=      0  X,Y,Z=  13.516       102.92      -1.1977     

 NODE       1266  KCS=      0  X,Y,Z=  13.494       103.25      -1.1977     

 NODE       1267  KCS=      0  X,Y,Z=  13.433       103.57      -1.1977     

 NODE       1268  KCS=      0  X,Y,Z=  13.342       103.86      -1.1977     

 NODE       1269  KCS=      0  X,Y,Z=  13.228       104.12      -1.1977     

 NODE       1270  KCS=      0  X,Y,Z=  13.103       104.34      -1.1977     

 NODE       1271  KCS=      0  X,Y,Z=  12.974       104.53      -1.1977     

 NODE       1272  KCS=      0  X,Y,Z=  12.847       104.69      -1.1977     

 NODE       1273  KCS=      0  X,Y,Z=  12.724       104.82      -1.1977     

 NODE       1274  KCS=      0  X,Y,Z=  12.593       104.94      -1.1977     

 NODE       1275  KCS=      0  X,Y,Z=  12.435       105.07      -1.1977     

 NODE       1276  KCS=      0  X,Y,Z=  12.245       105.20      -1.1977     

 NODE       1277  KCS=      0  X,Y,Z=  12.022       105.33      -1.1977     

 NODE       1278  KCS=      0  X,Y,Z=  11.762       105.44      -1.1977     

 NODE       1279  KCS=      0  X,Y,Z=  11.468       105.53      -1.1977     

 NODE       1280  KCS=      0  X,Y,Z=  11.148       105.59      -1.1977     

 NODE       1281  KCS=      0  X,Y,Z=  10.812       105.61      -1.1977     

 NODE       1282  KCS=      0  X,Y,Z=  10.477       105.59      -1.1977     

 NODE       1283  KCS=      0  X,Y,Z=  10.157       105.53      -1.1977     

 NODE       1284  KCS=      0  X,Y,Z=  9.8629       105.44      -1.1977     

 NODE       1285  KCS=      0  X,Y,Z=  9.6031       105.33      -1.1977     

 NODE       1286  KCS=      0  X,Y,Z=  9.3792       105.20      -1.1977     

 NODE       1287  KCS=      0  X,Y,Z=  9.1899       105.07      -1.1977     

 NODE       1288  KCS=      0  X,Y,Z=  9.0318       104.94      -1.1977     

 NODE       1289  KCS=      0  X,Y,Z=  8.9003       104.82      -1.1977     

 NODE       1290  KCS=      0  X,Y,Z=  8.7780       104.69      -1.1977     

 NODE       1291  KCS=      0  X,Y,Z=  8.6504       104.53      -1.1977     

 NODE       1292  KCS=      0  X,Y,Z=  8.5213       104.34      -1.1977     

 NODE       1293  KCS=      0  X,Y,Z=  8.3962       104.12      -1.1977     

 NODE       1294  KCS=      0  X,Y,Z=  8.2831       103.86      -1.1977     

 NODE       1295  KCS=      0  X,Y,Z=  8.1914       103.57      -1.1977     

 NODE       1296  KCS=      0  X,Y,Z=  8.1307       103.25      -1.1977     

 NODE       1297  KCS=      0  X,Y,Z=  8.1084       102.92      -1.1977     

 NODE       1298  KCS=      0  X,Y,Z=  8.1274       102.59      -1.1977     

 NODE       1299  KCS=      0  X,Y,Z=  8.1853       102.27      -1.1977     

 NODE       1300  KCS=      0  X,Y,Z=  8.2748       101.97      -1.1977     

 NODE       1301  KCS=      0  X,Y,Z=  8.3866       101.71      -1.1977     

 NODE       1302  KCS=      0  X,Y,Z=  8.5110       101.49      -1.1977     

 NODE       1303  KCS=      0  X,Y,Z=  8.6401       101.30      -1.1977     

 NODE       1304  KCS=      0  X,Y,Z=  8.7679       101.14      -1.1977     

 NODE       1305  KCS=      0  X,Y,Z=  8.5522       100.67      -1.1977     

 NODE       1306  KCS=      0  X,Y,Z=  8.7061       100.52      -1.1977     

 NODE       1307  KCS=      0  X,Y,Z=  8.8918       100.37      -1.1977     

 NODE       1308  KCS=      0  X,Y,Z=  9.1145       100.22      -1.1977     

 NODE       1309  KCS=      0  X,Y,Z=  9.3786       100.07      -1.1977     

 NODE       1310  KCS=      0  X,Y,Z=  9.6858       99.933      -1.1977     

 NODE       1311  KCS=      0  X,Y,Z=  10.034       99.823      -1.1977     

 NODE       1312  KCS=      0  X,Y,Z=  10.414       99.752      -1.1977     

 NODE       1313  KCS=      0  X,Y,Z=  10.812       99.727      -1.1977     

 NODE       1314  KCS=      0  X,Y,Z=  11.211       99.752      -1.1977     

 NODE       1315  KCS=      0  X,Y,Z=  11.591       99.823      -1.1977     

 NODE       1316  KCS=      0  X,Y,Z=  11.939       99.933      -1.1977     

 NODE       1317  KCS=      0  X,Y,Z=  12.246       100.07      -1.1977     

 NODE       1318  KCS=      0  X,Y,Z=  12.510       100.22      -1.1977     

 NODE       1319  KCS=      0  X,Y,Z=  12.733       100.37      -1.1977     

 NODE       1320  KCS=      0  X,Y,Z=  12.919       100.52      -1.1977     

 NODE       1321  KCS=      0  X,Y,Z=  13.073       100.67      -1.1977     

 NODE       1322  KCS=      0  X,Y,Z=  13.217       100.83      -1.1977     

 NODE       1323  KCS=      0  X,Y,Z=  13.367       101.01      -1.1977     

 NODE       1324  KCS=      0  X,Y,Z=  13.519       101.24      -1.1977     

 NODE       1325  KCS=      0  X,Y,Z=  13.666       101.50      -1.1977     

 NODE       1326  KCS=      0  X,Y,Z=  13.797       101.81      -1.1977     

 NODE       1327  KCS=      0  X,Y,Z=  13.902       102.15      -1.1977     

 NODE       1328  KCS=      0  X,Y,Z=  13.970       102.53      -1.1977     

 NODE       1329  KCS=      0  X,Y,Z=  13.993       102.92      -1.1977     

 NODE       1330  KCS=      0  X,Y,Z=  13.966       103.32      -1.1977     

 NODE       1331  KCS=      0  X,Y,Z=  13.895       103.69      -1.1977     

 NODE       1332  KCS=      0  X,Y,Z=  13.787       104.03      -1.1977     

 NODE       1333  KCS=      0  X,Y,Z=  13.654       104.34      -1.1977     

 NODE       1334  KCS=      0  X,Y,Z=  13.507       104.60      -1.1977     

 NODE       1335  KCS=      0  X,Y,Z=  13.355       104.82      -1.1977     

 NODE       1336  KCS=      0  X,Y,Z=  13.205       105.00      -1.1977     

 NODE       1337  KCS=      0  X,Y,Z=  13.061       105.16      -1.1977     

 NODE       1338  KCS=      0  X,Y,Z=  12.907       105.30      -1.1977     

 NODE       1339  KCS=      0  X,Y,Z=  12.721       105.45      -1.1977     

 NODE       1340  KCS=      0  X,Y,Z=  12.498       105.60      -1.1977     

 NODE       1341  KCS=      0  X,Y,Z=  12.235       105.75      -1.1977     

 NODE       1342  KCS=      0  X,Y,Z=  11.929       105.88      -1.1977     

 NODE       1343  KCS=      0  X,Y,Z=  11.584       105.99      -1.1977     

 NODE       1344  KCS=      0  X,Y,Z=  11.207       106.06      -1.1977     

 NODE       1345  KCS=      0  X,Y,Z=  10.812       106.09      -1.1977     

 NODE       1346  KCS=      0  X,Y,Z=  10.418       106.06      -1.1977     

 NODE       1347  KCS=      0  X,Y,Z=  10.041       105.99      -1.1977     

 NODE       1348  KCS=      0  X,Y,Z=  9.6956       105.88      -1.1977     

 NODE       1349  KCS=      0  X,Y,Z=  9.3900       105.75      -1.1977     

 NODE       1350  KCS=      0  X,Y,Z=  9.1267       105.60      -1.1977     

 NODE       1351  KCS=      0  X,Y,Z=  8.9041       105.45      -1.1977     

 NODE       1352  KCS=      0  X,Y,Z=  8.7180       105.30      -1.1977     

 NODE       1353  KCS=      0  X,Y,Z=  8.5634       105.16      -1.1977     

 NODE       1354  KCS=      0  X,Y,Z=  8.4196       105.00      -1.1977     

 NODE       1355  KCS=      0  X,Y,Z=  8.2695       104.82      -1.1977     

 NODE       1356  KCS=      0  X,Y,Z=  8.1176       104.60      -1.1977     

 NODE       1357  KCS=      0  X,Y,Z=  7.9705       104.34      -1.1977     

 NODE       1358  KCS=      0  X,Y,Z=  7.8375       104.03      -1.1977     

 NODE       1359  KCS=      0  X,Y,Z=  7.7296       103.69      -1.1977     

 NODE       1360  KCS=      0  X,Y,Z=  7.6582       103.32      -1.1977     

 NODE       1361  KCS=      0  X,Y,Z=  7.6320       102.92      -1.1977     

 NODE       1362  KCS=      0  X,Y,Z=  7.6543       102.53      -1.1977     

 NODE       1363  KCS=      0  X,Y,Z=  7.7224       102.15      -1.1977     

 NODE       1364  KCS=      0  X,Y,Z=  7.8277       101.81      -1.1977     

 NODE       1365  KCS=      0  X,Y,Z=  7.9592       101.50      -1.1977     

 NODE       1366  KCS=      0  X,Y,Z=  8.1055       101.24      -1.1977     

 NODE       1367  KCS=      0  X,Y,Z=  8.2573       101.01      -1.1977     

 NODE       1368  KCS=      0  X,Y,Z=  8.4077       100.83      -1.1977     

 NODE       1369  KCS=      0  X,Y,Z=  8.2136       100.33      -1.1977     

 NODE       1370  KCS=      0  X,Y,Z=  8.3906       100.17      -1.1977     

 NODE       1371  KCS=      0  X,Y,Z=  8.6041       99.992      -1.1977     

 NODE       1372  KCS=      0  X,Y,Z=  8.8602       99.815      -1.1977     

 NODE       1373  KCS=      0  X,Y,Z=  9.1638       99.643      -1.1977     

 NODE       1374  KCS=      0  X,Y,Z=  9.5170       99.487      -1.1977     

 NODE       1375  KCS=      0  X,Y,Z=  9.9170       99.361      -1.1977     

 NODE       1376  KCS=      0  X,Y,Z=  10.354       99.279      -1.1977     

 NODE       1377  KCS=      0  X,Y,Z=  10.812       99.250      -1.1977     

 NODE       1378  KCS=      0  X,Y,Z=  11.270       99.279      -1.1977     

 NODE       1379  KCS=      0  X,Y,Z=  11.708       99.361      -1.1977     

 NODE       1380  KCS=      0  X,Y,Z=  12.108       99.487      -1.1977     

 NODE       1381  KCS=      0  X,Y,Z=  12.461       99.643      -1.1977     

 NODE       1382  KCS=      0  X,Y,Z=  12.765       99.815      -1.1977     

 NODE       1383  KCS=      0  X,Y,Z=  13.021       99.992      -1.1977     

 NODE       1384  KCS=      0  X,Y,Z=  13.234       100.17      -1.1977     

 NODE       1385  KCS=      0  X,Y,Z=  13.411       100.33      -1.1977     

 NODE       1386  KCS=      0  X,Y,Z=  13.577       100.51      -1.1977     

 NODE       1387  KCS=      0  X,Y,Z=  13.750       100.73      -1.1977     

 NODE       1388  KCS=      0  X,Y,Z=  13.925       100.99      -1.1977     

 NODE       1389  KCS=      0  X,Y,Z=  14.093       101.29      -1.1977     

 NODE       1390  KCS=      0  X,Y,Z=  14.244       101.64      -1.1977     

 NODE       1391  KCS=      0  X,Y,Z=  14.365       102.04      -1.1977     

 NODE       1392  KCS=      0  X,Y,Z=  14.443       102.47      -1.1977     

 NODE       1393  KCS=      0  X,Y,Z=  14.469       102.93      -1.1977     

 NODE       1394  KCS=      0  X,Y,Z=  14.439       103.38      -1.1977     

 NODE       1395  KCS=      0  X,Y,Z=  14.357       103.81      -1.1977     

 NODE       1396  KCS=      0  X,Y,Z=  14.233       104.20      -1.1977     

 NODE       1397  KCS=      0  X,Y,Z=  14.080       104.55      -1.1977     

 NODE       1398  KCS=      0  X,Y,Z=  13.911       104.85      -1.1977     

 NODE       1399  KCS=      0  X,Y,Z=  13.736       105.10      -1.1977     

 NODE       1400  KCS=      0  X,Y,Z=  13.564       105.32      -1.1977     

 NODE       1401  KCS=      0  X,Y,Z=  13.398       105.49      -1.1977     

 NODE       1402  KCS=      0  X,Y,Z=  13.220       105.66      -1.1977     

 NODE       1403  KCS=      0  X,Y,Z=  13.006       105.83      -1.1977     

 NODE       1404  KCS=      0  X,Y,Z=  12.750       106.01      -1.1977     

 NODE       1405  KCS=      0  X,Y,Z=  12.448       106.18      -1.1977     

 NODE       1406  KCS=      0  X,Y,Z=  12.096       106.33      -1.1977     

 NODE       1407  KCS=      0  X,Y,Z=  11.699       106.45      -1.1977     

 NODE       1408  KCS=      0  X,Y,Z=  11.266       106.54      -1.1977     

 NODE       1409  KCS=      0  X,Y,Z=  10.812       106.56      -1.1977     

 NODE       1410  KCS=      0  X,Y,Z=  10.359       106.54      -1.1977     

 NODE       1411  KCS=      0  X,Y,Z=  9.9254       106.45      -1.1977     

 NODE       1412  KCS=      0  X,Y,Z=  9.5283       106.33      -1.1977     

 NODE       1413  KCS=      0  X,Y,Z=  9.1769       106.18      -1.1977     

 NODE       1414  KCS=      0  X,Y,Z=  8.8742       106.01      -1.1977     

 NODE       1415  KCS=      0  X,Y,Z=  8.6182       105.83      -1.1977     

 NODE       1416  KCS=      0  X,Y,Z=  8.4043       105.66      -1.1977     

 NODE       1417  KCS=      0  X,Y,Z=  8.2266       105.49      -1.1977     

 NODE       1418  KCS=      0  X,Y,Z=  8.0611       105.32      -1.1977     

 NODE       1419  KCS=      0  X,Y,Z=  7.8886       105.10      -1.1977     

 NODE       1420  KCS=      0  X,Y,Z=  7.7139       104.85      -1.1977     

 NODE       1421  KCS=      0  X,Y,Z=  7.5448       104.55      -1.1977     

 NODE       1422  KCS=      0  X,Y,Z=  7.3918       104.20      -1.1977     

 NODE       1423  KCS=      0  X,Y,Z=  7.2678       103.81      -1.1977     

 NODE       1424  KCS=      0  X,Y,Z=  7.1857       103.38      -1.1977     

 NODE       1425  KCS=      0  X,Y,Z=  7.1555       102.93      -1.1977     

 NODE       1426  KCS=      0  X,Y,Z=  7.1813       102.47      -1.1977     

 NODE       1427  KCS=      0  X,Y,Z=  7.2595       102.04      -1.1977     

 NODE       1428  KCS=      0  X,Y,Z=  7.3806       101.64      -1.1977     

 NODE       1429  KCS=      0  X,Y,Z=  7.5318       101.29      -1.1977     

 NODE       1430  KCS=      0  X,Y,Z=  7.7000       100.99      -1.1977     

 NODE       1431  KCS=      0  X,Y,Z=  7.8746       100.73      -1.1977     

 NODE       1432  KCS=      0  X,Y,Z=  8.0475       100.51      -1.1977     

 NODE       1433  KCS=      0  X,Y,Z=  7.8750       99.999      -1.1977     

 NODE       1434  KCS=      0  X,Y,Z=  8.0751       99.810      -1.1977     

 NODE       1435  KCS=      0  X,Y,Z=  8.3164       99.612      -1.1977     

 NODE       1436  KCS=      0  X,Y,Z=  8.6059       99.412      -1.1977     

 NODE       1437  KCS=      0  X,Y,Z=  8.9490       99.218      -1.1977     

 NODE       1438  KCS=      0  X,Y,Z=  9.3482       99.042      -1.1977     

 NODE       1439  KCS=      0  X,Y,Z=  9.8004       98.900      -1.1977     

 NODE       1440  KCS=      0  X,Y,Z=  10.295       98.806      -1.1977     

 NODE       1441  KCS=      0  X,Y,Z=  10.812       98.774      -1.1977     

 NODE       1442  KCS=      0  X,Y,Z=  11.330       98.806      -1.1977     

 NODE       1443  KCS=      0  X,Y,Z=  11.824       98.900      -1.1977     

 NODE       1444  KCS=      0  X,Y,Z=  12.276       99.042      -1.1977     

 NODE       1445  KCS=      0  X,Y,Z=  12.676       99.218      -1.1977     

 NODE       1446  KCS=      0  X,Y,Z=  13.019       99.412      -1.1977     

 NODE       1447  KCS=      0  X,Y,Z=  13.308       99.612      -1.1977     

 NODE       1448  KCS=      0  X,Y,Z=  13.550       99.810      -1.1977     

 NODE       1449  KCS=      0  X,Y,Z=  13.750       99.999      -1.1977     

 NODE       1450  KCS=      0  X,Y,Z=  13.937       100.20      -1.1977     

 NODE       1451  KCS=      0  X,Y,Z=  14.133       100.45      -1.1977     

 NODE       1452  KCS=      0  X,Y,Z=  14.330       100.74      -1.1977     

 NODE       1453  KCS=      0  X,Y,Z=  14.520       101.08      -1.1977     

 NODE       1454  KCS=      0  X,Y,Z=  14.691       101.48      -1.1977     

 NODE       1455  KCS=      0  X,Y,Z=  14.828       101.93      -1.1977     

 NODE       1456  KCS=      0  X,Y,Z=  14.917       102.42      -1.1977     

 NODE       1457  KCS=      0  X,Y,Z=  14.946       102.93      -1.1977     

 NODE       1458  KCS=      0  X,Y,Z=  14.911       103.44      -1.1977     

 NODE       1459  KCS=      0  X,Y,Z=  14.819       103.92      -1.1977     

 NODE       1460  KCS=      0  X,Y,Z=  14.678       104.37      -1.1977     

 NODE       1461  KCS=      0  X,Y,Z=  14.506       104.76      -1.1977     

 NODE       1462  KCS=      0  X,Y,Z=  14.314       105.10      -1.1977     

 NODE       1463  KCS=      0  X,Y,Z=  14.117       105.39      -1.1977     

 NODE       1464  KCS=      0  X,Y,Z=  13.922       105.63      -1.1977     

 NODE       1465  KCS=      0  X,Y,Z=  13.735       105.83      -1.1977     

 NODE       1466  KCS=      0  X,Y,Z=  13.534       106.02      -1.1977     

 NODE       1467  KCS=      0  X,Y,Z=  13.292       106.21      -1.1977     

 NODE       1468  KCS=      0  X,Y,Z=  13.003       106.41      -1.1977     

 NODE       1469  KCS=      0  X,Y,Z=  12.661       106.60      -1.1977     

 NODE       1470  KCS=      0  X,Y,Z=  12.264       106.78      -1.1977     

 NODE       1471  KCS=      0  X,Y,Z=  11.815       106.92      -1.1977     

 NODE       1472  KCS=      0  X,Y,Z=  11.325       107.01      -1.1977     

 NODE       1473  KCS=      0  X,Y,Z=  10.812       107.04      -1.1977     

 NODE       1474  KCS=      0  X,Y,Z=  10.300       107.01      -1.1977     

 NODE       1475  KCS=      0  X,Y,Z=  9.8099       106.92      -1.1977     

 NODE       1476  KCS=      0  X,Y,Z=  9.3611       106.78      -1.1977     

 NODE       1477  KCS=      0  X,Y,Z=  8.9639       106.60      -1.1977     

 NODE       1478  KCS=      0  X,Y,Z=  8.6217       106.41      -1.1977     

 NODE       1479  KCS=      0  X,Y,Z=  8.3324       106.21      -1.1977     

 NODE       1480  KCS=      0  X,Y,Z=  8.0906       106.02      -1.1977     

 NODE       1481  KCS=      0  X,Y,Z=  7.8897       105.83      -1.1977     

 NODE       1482  KCS=      0  X,Y,Z=  7.7027       105.63      -1.1977     

 NODE       1483  KCS=      0  X,Y,Z=  7.5077       105.39      -1.1977     

 NODE       1484  KCS=      0  X,Y,Z=  7.3103       105.10      -1.1977     

 NODE       1485  KCS=      0  X,Y,Z=  7.1191       104.76      -1.1977     

 NODE       1486  KCS=      0  X,Y,Z=  6.9462       104.37      -1.1977     

 NODE       1487  KCS=      0  X,Y,Z=  6.8060       103.92      -1.1977     

 NODE       1488  KCS=      0  X,Y,Z=  6.7132       103.44      -1.1977     

 NODE       1489  KCS=      0  X,Y,Z=  6.6791       102.93      -1.1977     

 NODE       1490  KCS=      0  X,Y,Z=  6.7082       102.42      -1.1977     

 NODE       1491  KCS=      0  X,Y,Z=  6.7966       101.93      -1.1977     

 NODE       1492  KCS=      0  X,Y,Z=  6.9335       101.48      -1.1977     

 NODE       1493  KCS=      0  X,Y,Z=  7.1044       101.08      -1.1977     

 NODE       1494  KCS=      0  X,Y,Z=  7.2945       100.74      -1.1977     

 NODE       1495  KCS=      0  X,Y,Z=  7.4918       100.45      -1.1977     

 NODE       1496  KCS=      0  X,Y,Z=  7.6872       100.20      -1.1977     

 NODE       1497  KCS=      0  X,Y,Z=  7.5364       99.664      -1.1977     

 NODE       1498  KCS=      0  X,Y,Z=  7.7596       99.453      -1.1977     

 NODE       1499  KCS=      0  X,Y,Z=  8.0287       99.233      -1.1977     

 NODE       1500  KCS=      0  X,Y,Z=  8.3515       99.009      -1.1977     

 NODE       1501  KCS=      0  X,Y,Z=  8.7342       98.792      -1.1977     

 NODE       1502  KCS=      0  X,Y,Z=  9.1795       98.596      -1.1977     

 NODE       1503  KCS=      0  X,Y,Z=  9.6837       98.438      -1.1977     

 NODE       1504  KCS=      0  X,Y,Z=  10.235       98.334      -1.1977     

 NODE       1505  KCS=      0  X,Y,Z=  10.812       98.297      -1.1977     

 NODE       1506  KCS=      0  X,Y,Z=  11.390       98.334      -1.1977     

 NODE       1507  KCS=      0  X,Y,Z=  11.941       98.438      -1.1977     

 NODE       1508  KCS=      0  X,Y,Z=  12.445       98.596      -1.1977     

 NODE       1509  KCS=      0  X,Y,Z=  12.890       98.792      -1.1977     

 NODE       1510  KCS=      0  X,Y,Z=  13.273       99.009      -1.1977     

 NODE       1511  KCS=      0  X,Y,Z=  13.596       99.233      -1.1977     

 NODE       1512  KCS=      0  X,Y,Z=  13.865       99.453      -1.1977     

 NODE       1513  KCS=      0  X,Y,Z=  14.088       99.664      -1.1977     

 NODE       1514  KCS=      0  X,Y,Z=  14.298       99.890      -1.1977     

 NODE       1515  KCS=      0  X,Y,Z=  14.516       100.16      -1.1977     

 NODE       1516  KCS=      0  X,Y,Z=  14.736       100.49      -1.1977     

 NODE       1517  KCS=      0  X,Y,Z=  14.948       100.87      -1.1977     

 NODE       1518  KCS=      0  X,Y,Z=  15.138       101.31      -1.1977     

 NODE       1519  KCS=      0  X,Y,Z=  15.291       101.82      -1.1977     

 NODE       1520  KCS=      0  X,Y,Z=  15.390       102.36      -1.1977     

 NODE       1521  KCS=      0  X,Y,Z=  15.422       102.93      -1.1977     

 NODE       1522  KCS=      0  X,Y,Z=  15.384       103.50      -1.1977     

 NODE       1523  KCS=      0  X,Y,Z=  15.280       104.04      -1.1977     

 NODE       1524  KCS=      0  X,Y,Z=  15.124       104.54      -1.1977     

 NODE       1525  KCS=      0  X,Y,Z=  14.931       104.98      -1.1977     

 NODE       1526  KCS=      0  X,Y,Z=  14.718       105.36      -1.1977     

 NODE       1527  KCS=      0  X,Y,Z=  14.498       105.68      -1.1977     

 NODE       1528  KCS=      0  X,Y,Z=  14.280       105.94      -1.1977     

 NODE       1529  KCS=      0  X,Y,Z=  14.072       106.17      -1.1977     

 NODE       1530  KCS=      0  X,Y,Z=  13.848       106.38      -1.1977     

 NODE       1531  KCS=      0  X,Y,Z=  13.578       106.59      -1.1977     

 NODE       1532  KCS=      0  X,Y,Z=  13.256       106.82      -1.1977     

 NODE       1533  KCS=      0  X,Y,Z=  12.874       107.03      -1.1977     

 NODE       1534  KCS=      0  X,Y,Z=  12.431       107.22      -1.1977     

 NODE       1535  KCS=      0  X,Y,Z=  11.930       107.38      -1.1977     

 NODE       1536  KCS=      0  X,Y,Z=  11.384       107.48      -1.1977     

 NODE       1537  KCS=      0  X,Y,Z=  10.812       107.52      -1.1977     

 NODE       1538  KCS=      0  X,Y,Z=  10.241       107.48      -1.1977     

 NODE       1539  KCS=      0  X,Y,Z=  9.6943       107.38      -1.1977     

 NODE       1540  KCS=      0  X,Y,Z=  9.1938       107.22      -1.1977     

 NODE       1541  KCS=      0  X,Y,Z=  8.7508       107.03      -1.1977     

 NODE       1542  KCS=      0  X,Y,Z=  8.3692       106.82      -1.1977     

 NODE       1543  KCS=      0  X,Y,Z=  8.0465       106.59      -1.1977     

 NODE       1544  KCS=      0  X,Y,Z=  7.7768       106.38      -1.1977     

 NODE       1545  KCS=      0  X,Y,Z=  7.5528       106.17      -1.1977     

 NODE       1546  KCS=      0  X,Y,Z=  7.3442       105.94      -1.1977     

 NODE       1547  KCS=      0  X,Y,Z=  7.1268       105.68      -1.1977     

 NODE       1548  KCS=      0  X,Y,Z=  6.9066       105.36      -1.1977     

 NODE       1549  KCS=      0  X,Y,Z=  6.6934       104.98      -1.1977     

 NODE       1550  KCS=      0  X,Y,Z=  6.5006       104.54      -1.1977     

 NODE       1551  KCS=      0  X,Y,Z=  6.3442       104.04      -1.1977     

 NODE       1552  KCS=      0  X,Y,Z=  6.2407       103.50      -1.1977     

 NODE       1553  KCS=      0  X,Y,Z=  6.2027       102.93      -1.1977     

 NODE       1554  KCS=      0  X,Y,Z=  6.2351       102.36      -1.1977     

 NODE       1555  KCS=      0  X,Y,Z=  6.3337       101.82      -1.1977     

 NODE       1556  KCS=      0  X,Y,Z=  6.4864       101.31      -1.1977     

 NODE       1557  KCS=      0  X,Y,Z=  6.6769       100.87      -1.1977     

 NODE       1558  KCS=      0  X,Y,Z=  6.8890       100.49      -1.1977     

 NODE       1559  KCS=      0  X,Y,Z=  7.1091       100.16      -1.1977     

 NODE       1560  KCS=      0  X,Y,Z=  7.3270       99.890      -1.1977     

 NODE       1561  KCS=      0  X,Y,Z=  7.1979       99.329      -1.1977     

 NODE       1562  KCS=      0  X,Y,Z=  7.4440       99.096      -1.1977     

 NODE       1563  KCS=      0  X,Y,Z=  7.7410       98.853      -1.1977     

 NODE       1564  KCS=      0  X,Y,Z=  8.0972       98.606      -1.1977     

 NODE       1565  KCS=      0  X,Y,Z=  8.5194       98.367      -1.1977     

 NODE       1566  KCS=      0  X,Y,Z=  9.0107       98.151      -1.1977     

 NODE       1567  KCS=      0  X,Y,Z=  9.5671       97.976      -1.1977     

 NODE       1568  KCS=      0  X,Y,Z=  10.175       97.861      -1.1977     

 NODE       1569  KCS=      0  X,Y,Z=  10.812       97.821      -1.1977     

 NODE       1570  KCS=      0  X,Y,Z=  11.449       97.861      -1.1977     

 NODE       1571  KCS=      0  X,Y,Z=  12.058       97.976      -1.1977     

 NODE       1572  KCS=      0  X,Y,Z=  12.614       98.151      -1.1977     

 NODE       1573  KCS=      0  X,Y,Z=  13.105       98.367      -1.1977     

 NODE       1574  KCS=      0  X,Y,Z=  13.528       98.606      -1.1977     

 NODE       1575  KCS=      0  X,Y,Z=  13.884       98.853      -1.1977     

 NODE       1576  KCS=      0  X,Y,Z=  14.181       99.096      -1.1977     

 NODE       1577  KCS=      0  X,Y,Z=  14.427       99.329      -1.1977     

 NODE       1578  KCS=      0  X,Y,Z=  14.658       99.578      -1.1977     

 NODE       1579  KCS=      0  X,Y,Z=  14.898       99.878      -1.1977     

 NODE       1580  KCS=      0  X,Y,Z=  15.141       100.24      -1.1977     

 NODE       1581  KCS=      0  X,Y,Z=  15.375       100.66      -1.1977     

 NODE       1582  KCS=      0  X,Y,Z=  15.585       101.15      -1.1977     

 NODE       1583  KCS=      0  X,Y,Z=  15.754       101.70      -1.1977     

 NODE       1584  KCS=      0  X,Y,Z=  15.863       102.30      -1.1977     

 NODE       1585  KCS=      0  X,Y,Z=  15.898       102.93      -1.1977     

 NODE       1586  KCS=      0  X,Y,Z=  15.856       103.56      -1.1977     

 NODE       1587  KCS=      0  X,Y,Z=  15.742       104.16      -1.1977     

 NODE       1588  KCS=      0  X,Y,Z=  15.570       104.71      -1.1977     

 NODE       1589  KCS=      0  X,Y,Z=  15.357       105.19      -1.1977     

 NODE       1590  KCS=      0  X,Y,Z=  15.122       105.61      -1.1977     

 NODE       1591  KCS=      0  X,Y,Z=  14.879       105.96      -1.1977     

 NODE       1592  KCS=      0  X,Y,Z=  14.639       106.26      -1.1977     

 NODE       1593  KCS=      0  X,Y,Z=  14.409       106.50      -1.1977     

 NODE       1594  KCS=      0  X,Y,Z=  14.162       106.73      -1.1977     

 NODE       1595  KCS=      0  X,Y,Z=  13.864       106.98      -1.1977     

 NODE       1596  KCS=      0  X,Y,Z=  13.508       107.22      -1.1977     

 NODE       1597  KCS=      0  X,Y,Z=  13.087       107.46      -1.1977     

 NODE       1598  KCS=      0  X,Y,Z=  12.598       107.67      -1.1977     

 NODE       1599  KCS=      0  X,Y,Z=  12.046       107.84      -1.1977     

 NODE       1600  KCS=      0  X,Y,Z=  11.443       107.95      -1.1977     

 NODE       1601  KCS=      0  X,Y,Z=  10.812       107.99      -1.1977     

 NODE       1602  KCS=      0  X,Y,Z=  10.181       107.95      -1.1977     

 NODE       1603  KCS=      0  X,Y,Z=  9.5788       107.84      -1.1977     

 NODE       1604  KCS=      0  X,Y,Z=  9.0265       107.67      -1.1977     

 NODE       1605  KCS=      0  X,Y,Z=  8.5377       107.46      -1.1977     

 NODE       1606  KCS=      0  X,Y,Z=  8.1167       107.22      -1.1977     

 NODE       1607  KCS=      0  X,Y,Z=  7.7606       106.98      -1.1977     

 NODE       1608  KCS=      0  X,Y,Z=  7.4631       106.73      -1.1977     

 NODE       1609  KCS=      0  X,Y,Z=  7.2159       106.50      -1.1977     

 NODE       1610  KCS=      0  X,Y,Z=  6.9858       106.26      -1.1977     

 NODE       1611  KCS=      0  X,Y,Z=  6.7459       105.96      -1.1977     

 NODE       1612  KCS=      0  X,Y,Z=  6.5029       105.61      -1.1977     

 NODE       1613  KCS=      0  X,Y,Z=  6.2677       105.19      -1.1977     

 NODE       1614  KCS=      0  X,Y,Z=  6.0549       104.71      -1.1977     

 NODE       1615  KCS=      0  X,Y,Z=  5.8824       104.16      -1.1977     

 NODE       1616  KCS=      0  X,Y,Z=  5.7682       103.56      -1.1977     

 NODE       1617  KCS=      0  X,Y,Z=  5.7262       102.93      -1.1977     

 NODE       1618  KCS=      0  X,Y,Z=  5.7620       102.30      -1.1977     

 NODE       1619  KCS=      0  X,Y,Z=  5.8709       101.70      -1.1977     

 NODE       1620  KCS=      0  X,Y,Z=  6.0393       101.15      -1.1977     

 NODE       1621  KCS=      0  X,Y,Z=  6.2495       100.66      -1.1977     

 NODE       1622  KCS=      0  X,Y,Z=  6.4836       100.24      -1.1977     

 NODE       1623  KCS=      0  X,Y,Z=  6.7263       99.878      -1.1977     

 NODE       1624  KCS=      0  X,Y,Z=  6.9668       99.578      -1.1977     

 NODE       1625  KCS=      0  X,Y,Z=  6.8593       98.993      -1.1977     

 NODE       1626  KCS=      0  X,Y,Z=  7.1285       98.739      -1.1977     

 NODE       1627  KCS=      0  X,Y,Z=  7.4533       98.473      -1.1977     

 NODE       1628  KCS=      0  X,Y,Z=  7.8429       98.203      -1.1977     

 NODE       1629  KCS=      0  X,Y,Z=  8.3046       97.942      -1.1977     

 NODE       1630  KCS=      0  X,Y,Z=  8.8419       97.705      -1.1977     

 NODE       1631  KCS=      0  X,Y,Z=  9.4504       97.514      -1.1977     

 NODE       1632  KCS=      0  X,Y,Z=  10.116       97.388      -1.1977     

 NODE       1633  KCS=      0  X,Y,Z=  10.812       97.344      -1.1977     

 NODE       1634  KCS=      0  X,Y,Z=  11.509       97.388      -1.1977     

 NODE       1635  KCS=      0  X,Y,Z=  12.174       97.514      -1.1977     

 NODE       1636  KCS=      0  X,Y,Z=  12.783       97.705      -1.1977     

 NODE       1637  KCS=      0  X,Y,Z=  13.320       97.942      -1.1977     

 NODE       1638  KCS=      0  X,Y,Z=  13.782       98.203      -1.1977     

 NODE       1639  KCS=      0  X,Y,Z=  14.171       98.473      -1.1977     

 NODE       1640  KCS=      0  X,Y,Z=  14.496       98.739      -1.1977     

 NODE       1641  KCS=      0  X,Y,Z=  14.765       98.993      -1.1977     

 NODE       1642  KCS=      0  X,Y,Z=  15.018       99.266      -1.1977     

 NODE       1643  KCS=      0  X,Y,Z=  15.281       99.595      -1.1977     

 NODE       1644  KCS=      0  X,Y,Z=  15.547       99.987      -1.1977     

 NODE       1645  KCS=      0  X,Y,Z=  15.803       100.45      -1.1977     

 NODE       1646  KCS=      0  X,Y,Z=  16.032       100.99      -1.1977     

 NODE       1647  KCS=      0  X,Y,Z=  16.217       101.59      -1.1977     

 NODE       1648  KCS=      0  X,Y,Z=  16.336       102.25      -1.1977     

 NODE       1649  KCS=      0  X,Y,Z=  16.375       102.93      -1.1977     

 NODE       1650  KCS=      0  X,Y,Z=  16.329       103.62      -1.1977     

 NODE       1651  KCS=      0  X,Y,Z=  16.204       104.28      -1.1977     

 NODE       1652  KCS=      0  X,Y,Z=  16.015       104.87      -1.1977     

 NODE       1653  KCS=      0  X,Y,Z=  15.783       105.40      -1.1977     

 NODE       1654  KCS=      0  X,Y,Z=  15.525       105.86      -1.1977     

 NODE       1655  KCS=      0  X,Y,Z=  15.260       106.25      -1.1977     

 NODE       1656  KCS=      0  X,Y,Z=  14.997       106.57      -1.1977     

 NODE       1657  KCS=      0  X,Y,Z=  14.746       106.84      -1.1977     

 NODE       1658  KCS=      0  X,Y,Z=  14.475       107.09      -1.1977     

 NODE       1659  KCS=      0  X,Y,Z=  14.150       107.36      -1.1977     

 NODE       1660  KCS=      0  X,Y,Z=  13.761       107.62      -1.1977     

 NODE       1661  KCS=      0  X,Y,Z=  13.300       107.88      -1.1977     

 NODE       1662  KCS=      0  X,Y,Z=  12.766       108.12      -1.1977     

 NODE       1663  KCS=      0  X,Y,Z=  12.161       108.30      -1.1977     

 NODE       1664  KCS=      0  X,Y,Z=  11.502       108.43      -1.1977     

 NODE       1665  KCS=      0  X,Y,Z=  10.812       108.47      -1.1977     

 NODE       1666  KCS=      0  X,Y,Z=  10.122       108.43      -1.1977     

 NODE       1667  KCS=      0  X,Y,Z=  9.4632       108.30      -1.1977     

 NODE       1668  KCS=      0  X,Y,Z=  8.8592       108.12      -1.1977     

 NODE       1669  KCS=      0  X,Y,Z=  8.3247       107.88      -1.1977     

 NODE       1670  KCS=      0  X,Y,Z=  7.8642       107.62      -1.1977     

 NODE       1671  KCS=      0  X,Y,Z=  7.4748       107.36      -1.1977     

 NODE       1672  KCS=      0  X,Y,Z=  7.1494       107.09      -1.1977     

 NODE       1673  KCS=      0  X,Y,Z=  6.8790       106.84      -1.1977     

 NODE       1674  KCS=      0  X,Y,Z=  6.6274       106.57      -1.1977     

 NODE       1675  KCS=      0  X,Y,Z=  6.3649       106.25      -1.1977     

 NODE       1676  KCS=      0  X,Y,Z=  6.0992       105.86      -1.1977     

 NODE       1677  KCS=      0  X,Y,Z=  5.8420       105.40      -1.1977     

 NODE       1678  KCS=      0  X,Y,Z=  5.6093       104.87      -1.1977     

 NODE       1679  KCS=      0  X,Y,Z=  5.4206       104.28      -1.1977     

 NODE       1680  KCS=      0  X,Y,Z=  5.2957       103.62      -1.1977     

 NODE       1681  KCS=      0  X,Y,Z=  5.2498       102.93      -1.1977     

 NODE       1682  KCS=      0  X,Y,Z=  5.2890       102.25      -1.1977     

 NODE       1683  KCS=      0  X,Y,Z=  5.4080       101.59      -1.1977     

 NODE       1684  KCS=      0  X,Y,Z=  5.5922       100.99      -1.1977     

 NODE       1685  KCS=      0  X,Y,Z=  5.8221       100.45      -1.1977     

 NODE       1686  KCS=      0  X,Y,Z=  6.0781       99.987      -1.1977     

 NODE       1687  KCS=      0  X,Y,Z=  6.3436       99.595      -1.1977     

 NODE       1688  KCS=      0  X,Y,Z=  6.6066       99.266      -1.1977     

 NODE       1689  KCS=      0  X,Y,Z=  6.2681       98.408      -1.1977     

 NODE       1690  KCS=      0  X,Y,Z=  6.6488       98.196      -1.1977     

 NODE       1691  KCS=      0  X,Y,Z=  7.0757       97.975      -1.1977     

 NODE       1692  KCS=      0  X,Y,Z=  7.5565       97.750      -1.1977     

 NODE       1693  KCS=      0  X,Y,Z=  8.0976       97.532      -1.1977     

 NODE       1694  KCS=      0  X,Y,Z=  8.7016       97.335      -1.1977     

 NODE       1695  KCS=      0  X,Y,Z=  9.3649       97.175      -1.1977     

 NODE       1696  KCS=      0  X,Y,Z=  10.075       97.071      -1.1977     

 NODE       1697  KCS=      0  X,Y,Z=  10.812       97.034      -1.1977     

 NODE       1698  KCS=      0  X,Y,Z=  11.549       97.071      -1.1977     

 NODE       1699  KCS=      0  X,Y,Z=  12.260       97.175      -1.1977     

 NODE       1700  KCS=      0  X,Y,Z=  12.923       97.335      -1.1977     

 NODE       1701  KCS=      0  X,Y,Z=  13.527       97.532      -1.1977     

 NODE       1702  KCS=      0  X,Y,Z=  14.068       97.750      -1.1977     

 NODE       1703  KCS=      0  X,Y,Z=  14.549       97.975      -1.1977     

 NODE       1704  KCS=      0  X,Y,Z=  14.976       98.196      -1.1977     

 NODE       1705  KCS=      0  X,Y,Z=  15.357       98.408      -1.1977     

 NODE       1706  KCS=      0  X,Y,Z=  15.567       98.791      -1.1977     

 NODE       1707  KCS=      0  X,Y,Z=  15.786       99.220      -1.1977     

 NODE       1708  KCS=      0  X,Y,Z=  16.008       99.702      -1.1977     

 NODE       1709  KCS=      0  X,Y,Z=  16.221       100.24      -1.1977     

 NODE       1710  KCS=      0  X,Y,Z=  16.412       100.85      -1.1977     

 NODE       1711  KCS=      0  X,Y,Z=  16.566       101.50      -1.1977     

 NODE       1712  KCS=      0  X,Y,Z=  16.665       102.21      -1.1977     

 NODE       1713  KCS=      0  X,Y,Z=  16.698       102.94      -1.1977     

 NODE       1714  KCS=      0  X,Y,Z=  16.660       103.66      -1.1977     

 NODE       1715  KCS=      0  X,Y,Z=  16.555       104.36      -1.1977     

 NODE       1716  KCS=      0  X,Y,Z=  16.398       105.02      -1.1977     

 NODE       1717  KCS=      0  X,Y,Z=  16.204       105.62      -1.1977     

 NODE       1718  KCS=      0  X,Y,Z=  15.990       106.15      -1.1977     

 NODE       1719  KCS=      0  X,Y,Z=  15.769       106.63      -1.1977     

 NODE       1720  KCS=      0  X,Y,Z=  15.550       107.06      -1.1977     

 NODE       1721  KCS=      0  X,Y,Z=  15.340       107.43      -1.1977     

 NODE       1722  KCS=      0  X,Y,Z=  14.959       107.65      -1.1977     

 NODE       1723  KCS=      0  X,Y,Z=  14.531       107.87      -1.1977     

 NODE       1724  KCS=      0  X,Y,Z=  14.050       108.09      -1.1977     

 NODE       1725  KCS=      0  X,Y,Z=  13.510       108.30      -1.1977     

 NODE       1726  KCS=      0  X,Y,Z=  12.909       108.50      -1.1977     

 NODE       1727  KCS=      0  X,Y,Z=  12.249       108.65      -1.1977     

 NODE       1728  KCS=      0  X,Y,Z=  11.544       108.76      -1.1977     

 NODE       1729  KCS=      0  X,Y,Z=  10.812       108.79      -1.1977     

 NODE       1730  KCS=      0  X,Y,Z=  10.081       108.76      -1.1977     

 NODE       1731  KCS=      0  X,Y,Z=  9.3756       108.65      -1.1977     

 NODE       1732  KCS=      0  X,Y,Z=  8.7160       108.50      -1.1977     

 NODE       1733  KCS=      0  X,Y,Z=  8.1143       108.30      -1.1977     

 NODE       1734  KCS=      0  X,Y,Z=  7.5743       108.09      -1.1977     

 NODE       1735  KCS=      0  X,Y,Z=  7.0935       107.87      -1.1977     

 NODE       1736  KCS=      0  X,Y,Z=  6.6661       107.65      -1.1977     

 NODE       1737  KCS=      0  X,Y,Z=  6.2846       107.43      -1.1977     

 NODE       1738  KCS=      0  X,Y,Z=  6.0749       107.06      -1.1977     

 NODE       1739  KCS=      0  X,Y,Z=  5.8562       106.63      -1.1977     

 NODE       1740  KCS=      0  X,Y,Z=  5.6348       106.15      -1.1977     

 NODE       1741  KCS=      0  X,Y,Z=  5.4204       105.62      -1.1977     

 NODE       1742  KCS=      0  X,Y,Z=  5.2265       105.02      -1.1977     

 NODE       1743  KCS=      0  X,Y,Z=  5.0692       104.36      -1.1977     

 NODE       1744  KCS=      0  X,Y,Z=  4.9652       103.66      -1.1977     

 NODE       1745  KCS=      0  X,Y,Z=  4.9269       102.94      -1.1977     

 NODE       1746  KCS=      0  X,Y,Z=  4.9595       102.21      -1.1977     

 NODE       1747  KCS=      0  X,Y,Z=  5.0587       101.50      -1.1977     

 NODE       1748  KCS=      0  X,Y,Z=  5.2122       100.85      -1.1977     

 NODE       1749  KCS=      0  X,Y,Z=  5.4038       100.24      -1.1977     

 NODE       1750  KCS=      0  X,Y,Z=  5.6171       99.702      -1.1977     

 NODE       1751  KCS=      0  X,Y,Z=  5.8384       99.220      -1.1977     

 NODE       1752  KCS=      0  X,Y,Z=  6.0575       98.791      -1.1977     

 NODE       1753  KCS=      0  X,Y,Z=  5.6770       97.823      -1.1977     

 NODE       1754  KCS=      0  X,Y,Z=  6.1690       97.653      -1.1977     

 NODE       1755  KCS=      0  X,Y,Z=  6.6980       97.476      -1.1977     

 NODE       1756  KCS=      0  X,Y,Z=  7.2702       97.296      -1.1977     

 NODE       1757  KCS=      0  X,Y,Z=  7.8905       97.122      -1.1977     

 NODE       1758  KCS=      0  X,Y,Z=  8.5612       96.964      -1.1977     

 NODE       1759  KCS=      0  X,Y,Z=  9.2794       96.836      -1.1977     

 NODE       1760  KCS=      0  X,Y,Z=  10.035       96.753      -1.1977     

 NODE       1761  KCS=      0  X,Y,Z=  10.812       96.724      -1.1977     

 NODE       1762  KCS=      0  X,Y,Z=  11.589       96.753      -1.1977     

 NODE       1763  KCS=      0  X,Y,Z=  12.345       96.836      -1.1977     

 NODE       1764  KCS=      0  X,Y,Z=  13.063       96.964      -1.1977     

 NODE       1765  KCS=      0  X,Y,Z=  13.734       97.122      -1.1977     

 NODE       1766  KCS=      0  X,Y,Z=  14.355       97.296      -1.1977     

 NODE       1767  KCS=      0  X,Y,Z=  14.927       97.476      -1.1977     

 NODE       1768  KCS=      0  X,Y,Z=  15.456       97.653      -1.1977     

 NODE       1769  KCS=      0  X,Y,Z=  15.948       97.823      -1.1977     

 NODE       1770  KCS=      0  X,Y,Z=  16.116       98.316      -1.1977     

 NODE       1771  KCS=      0  X,Y,Z=  16.292       98.846      -1.1977     

 NODE       1772  KCS=      0  X,Y,Z=  16.469       99.418      -1.1977     

 NODE       1773  KCS=      0  X,Y,Z=  16.639       100.04      -1.1977     

 NODE       1774  KCS=      0  X,Y,Z=  16.792       100.71      -1.1977     

 NODE       1775  KCS=      0  X,Y,Z=  16.915       101.42      -1.1977     

 NODE       1776  KCS=      0  X,Y,Z=  16.995       102.17      -1.1977     

 NODE       1777  KCS=      0  X,Y,Z=  17.021       102.94      -1.1977     

 NODE       1778  KCS=      0  X,Y,Z=  16.990       103.71      -1.1977     

 NODE       1779  KCS=      0  X,Y,Z=  16.907       104.45      -1.1977     

 NODE       1780  KCS=      0  X,Y,Z=  16.781       105.16      -1.1977     

 NODE       1781  KCS=      0  X,Y,Z=  16.626       105.83      -1.1977     

 NODE       1782  KCS=      0  X,Y,Z=  16.454       106.44      -1.1977     

 NODE       1783  KCS=      0  X,Y,Z=  16.277       107.01      -1.1977     

 NODE       1784  KCS=      0  X,Y,Z=  16.102       107.54      -1.1977     

 NODE       1785  KCS=      0  X,Y,Z=  15.935       108.03      -1.1977     

 NODE       1786  KCS=      0  X,Y,Z=  15.442       108.20      -1.1977     

 NODE       1787  KCS=      0  X,Y,Z=  14.912       108.37      -1.1977     

 NODE       1788  KCS=      0  X,Y,Z=  14.340       108.55      -1.1977     

 NODE       1789  KCS=      0  X,Y,Z=  13.721       108.72      -1.1977     

 NODE       1790  KCS=      0  X,Y,Z=  13.052       108.88      -1.1977     

 NODE       1791  KCS=      0  X,Y,Z=  12.337       109.00      -1.1977     

 NODE       1792  KCS=      0  X,Y,Z=  11.585       109.09      -1.1977     

 NODE       1793  KCS=      0  X,Y,Z=  10.812       109.12      -1.1977     

 NODE       1794  KCS=      0  X,Y,Z=  10.040       109.09      -1.1977     

 NODE       1795  KCS=      0  X,Y,Z=  9.2879       109.00      -1.1977     

 NODE       1796  KCS=      0  X,Y,Z=  8.5727       108.88      -1.1977     

 NODE       1797  KCS=      0  X,Y,Z=  7.9039       108.72      -1.1977     

 NODE       1798  KCS=      0  X,Y,Z=  7.2844       108.55      -1.1977     

 NODE       1799  KCS=      0  X,Y,Z=  6.7123       108.37      -1.1977     

 NODE       1800  KCS=      0  X,Y,Z=  6.1829       108.20      -1.1977     

 NODE       1801  KCS=      0  X,Y,Z=  5.6901       108.03      -1.1977     

 NODE       1802  KCS=      0  X,Y,Z=  5.5224       107.54      -1.1977     

 NODE       1803  KCS=      0  X,Y,Z=  5.3474       107.01      -1.1977     

 NODE       1804  KCS=      0  X,Y,Z=  5.1703       106.44      -1.1977     

 NODE       1805  KCS=      0  X,Y,Z=  4.9988       105.83      -1.1977     

 NODE       1806  KCS=      0  X,Y,Z=  4.8436       105.16      -1.1977     

 NODE       1807  KCS=      0  X,Y,Z=  4.7179       104.45      -1.1977     

 NODE       1808  KCS=      0  X,Y,Z=  4.6346       103.71      -1.1977     

 NODE       1809  KCS=      0  X,Y,Z=  4.6040       102.94      -1.1977     

 NODE       1810  KCS=      0  X,Y,Z=  4.6301       102.17      -1.1977     

 NODE       1811  KCS=      0  X,Y,Z=  4.7094       101.42      -1.1977     

 NODE       1812  KCS=      0  X,Y,Z=  4.8323       100.71      -1.1977     

 NODE       1813  KCS=      0  X,Y,Z=  4.9855       100.04      -1.1977     

 NODE       1814  KCS=      0  X,Y,Z=  5.1562       99.418      -1.1977     

 NODE       1815  KCS=      0  X,Y,Z=  5.3332       98.846      -1.1977     

 NODE       1816  KCS=      0  X,Y,Z=  5.5085       98.316      -1.1977     

 NODE       1817  KCS=      0  X,Y,Z=  5.0858       97.238      -1.1977     

 NODE       1818  KCS=      0  X,Y,Z=  5.6892       97.111      -1.1977     

 NODE       1819  KCS=      0  X,Y,Z=  6.3203       96.978      -1.1977     

 NODE       1820  KCS=      0  X,Y,Z=  6.9839       96.843      -1.1977     

 NODE       1821  KCS=      0  X,Y,Z=  7.6835       96.712      -1.1977     

 NODE       1822  KCS=      0  X,Y,Z=  8.4209       96.594      -1.1977     

 NODE       1823  KCS=      0  X,Y,Z=  9.1939       96.498      -1.1977     

 NODE       1824  KCS=      0  X,Y,Z=  9.9952       96.435      -1.1977     

 NODE       1825  KCS=      0  X,Y,Z=  10.812       96.413      -1.1977     

 NODE       1826  KCS=      0  X,Y,Z=  11.630       96.435      -1.1977     

 NODE       1827  KCS=      0  X,Y,Z=  12.431       96.498      -1.1977     

 NODE       1828  KCS=      0  X,Y,Z=  13.204       96.594      -1.1977     

 NODE       1829  KCS=      0  X,Y,Z=  13.941       96.712      -1.1977     

 NODE       1830  KCS=      0  X,Y,Z=  14.641       96.843      -1.1977     

 NODE       1831  KCS=      0  X,Y,Z=  15.304       96.978      -1.1977     

 NODE       1832  KCS=      0  X,Y,Z=  15.936       97.111      -1.1977     

 NODE       1833  KCS=      0  X,Y,Z=  16.539       97.238      -1.1977     

 NODE       1834  KCS=      0  X,Y,Z=  16.665       97.841      -1.1977     

 NODE       1835  KCS=      0  X,Y,Z=  16.797       98.471      -1.1977     

 NODE       1836  KCS=      0  X,Y,Z=  16.929       99.133      -1.1977     

 NODE       1837  KCS=      0  X,Y,Z=  17.057       99.831      -1.1977     

 NODE       1838  KCS=      0  X,Y,Z=  17.172       100.57      -1.1977     

 NODE       1839  KCS=      0  X,Y,Z=  17.265       101.33      -1.1977     

 NODE       1840  KCS=      0  X,Y,Z=  17.324       102.13      -1.1977     

 NODE       1841  KCS=      0  X,Y,Z=  17.344       102.94      -1.1977     

 NODE       1842  KCS=      0  X,Y,Z=  17.321       103.75      -1.1977     

 NODE       1843  KCS=      0  X,Y,Z=  17.258       104.54      -1.1977     

 NODE       1844  KCS=      0  X,Y,Z=  17.164       105.31      -1.1977     

 NODE       1845  KCS=      0  X,Y,Z=  17.048       106.04      -1.1977     

 NODE       1846  KCS=      0  X,Y,Z=  16.919       106.74      -1.1977     

 NODE       1847  KCS=      0  X,Y,Z=  16.786       107.39      -1.1977     

 NODE       1848  KCS=      0  X,Y,Z=  16.655       108.02      -1.1977     

 NODE       1849  KCS=      0  X,Y,Z=  16.529       108.62      -1.1977     

 NODE       1850  KCS=      0  X,Y,Z=  15.925       108.75      -1.1977     

 NODE       1851  KCS=      0  X,Y,Z=  15.294       108.88      -1.1977     

 NODE       1852  KCS=      0  X,Y,Z=  14.630       109.02      -1.1977     

 NODE       1853  KCS=      0  X,Y,Z=  13.931       109.14      -1.1977     

 NODE       1854  KCS=      0  X,Y,Z=  13.195       109.26      -1.1977     

 NODE       1855  KCS=      0  X,Y,Z=  12.424       109.36      -1.1977     

 NODE       1856  KCS=      0  X,Y,Z=  11.626       109.42      -1.1977     

 NODE       1857  KCS=      0  X,Y,Z=  10.812       109.44      -1.1977     

 NODE       1858  KCS=      0  X,Y,Z=  9.9986       109.42      -1.1977     

 NODE       1859  KCS=      0  X,Y,Z=  9.2003       109.36      -1.1977     

 NODE       1860  KCS=      0  X,Y,Z=  8.4295       109.26      -1.1977     

 NODE       1861  KCS=      0  X,Y,Z=  7.6935       109.14      -1.1977     

 NODE       1862  KCS=      0  X,Y,Z=  6.9945       109.02      -1.1977     

 NODE       1863  KCS=      0  X,Y,Z=  6.3311       108.88      -1.1977     

 NODE       1864  KCS=      0  X,Y,Z=  5.6996       108.75      -1.1977     

 NODE       1865  KCS=      0  X,Y,Z=  5.0957       108.62      -1.1977     

 NODE       1866  KCS=      0  X,Y,Z=  4.9699       108.02      -1.1977     

 NODE       1867  KCS=      0  X,Y,Z=  4.8386       107.39      -1.1977     

 NODE       1868  KCS=      0  X,Y,Z=  4.7058       106.74      -1.1977     

 NODE       1869  KCS=      0  X,Y,Z=  4.5772       106.04      -1.1977     

 NODE       1870  KCS=      0  X,Y,Z=  4.4608       105.31      -1.1977     

 NODE       1871  KCS=      0  X,Y,Z=  4.3665       104.54      -1.1977     

 NODE       1872  KCS=      0  X,Y,Z=  4.3040       103.75      -1.1977     

 NODE       1873  KCS=      0  X,Y,Z=  4.2811       102.94      -1.1977     

 NODE       1874  KCS=      0  X,Y,Z=  4.3007       102.13      -1.1977     

 NODE       1875  KCS=      0  X,Y,Z=  4.3602       101.33      -1.1977     

 NODE       1876  KCS=      0  X,Y,Z=  4.4523       100.57      -1.1977     

 NODE       1877  KCS=      0  X,Y,Z=  4.5672       99.831      -1.1977     

 NODE       1878  KCS=      0  X,Y,Z=  4.6952       99.133      -1.1977     

 NODE       1879  KCS=      0  X,Y,Z=  4.8280       98.471      -1.1977     

 NODE       1880  KCS=      0  X,Y,Z=  4.9595       97.841      -1.1977     

 NODE       1881  KCS=      0  X,Y,Z=  4.4947       96.652      -1.1977     

 NODE       1882  KCS=      0  X,Y,Z=  5.2094       96.568      -1.1977     

 NODE       1883  KCS=      0  X,Y,Z=  5.9427       96.479      -1.1977     

 NODE       1884  KCS=      0  X,Y,Z=  6.6975       96.389      -1.1977     

 NODE       1885  KCS=      0  X,Y,Z=  7.4764       96.302      -1.1977     

 NODE       1886  KCS=      0  X,Y,Z=  8.2805       96.223      -1.1977     

 NODE       1887  KCS=      0  X,Y,Z=  9.1084       96.159      -1.1977     

 NODE       1888  KCS=      0  X,Y,Z=  9.9551       96.117      -1.1977     

 NODE       1889  KCS=      0  X,Y,Z=  10.812       96.103      -1.1977     

 NODE       1890  KCS=      0  X,Y,Z=  11.670       96.117      -1.1977     

 NODE       1891  KCS=      0  X,Y,Z=  12.516       96.159      -1.1977     

 NODE       1892  KCS=      0  X,Y,Z=  13.344       96.223      -1.1977     

 NODE       1893  KCS=      0  X,Y,Z=  14.148       96.302      -1.1977     

 NODE       1894  KCS=      0  X,Y,Z=  14.927       96.389      -1.1977     

 NODE       1895  KCS=      0  X,Y,Z=  15.682       96.479      -1.1977     

 NODE       1896  KCS=      0  X,Y,Z=  16.415       96.568      -1.1977     

 NODE       1897  KCS=      0  X,Y,Z=  17.130       96.652      -1.1977     

 NODE       1898  KCS=      0  X,Y,Z=  17.214       97.365      -1.1977     

 NODE       1899  KCS=      0  X,Y,Z=  17.302       98.097      -1.1977     

 NODE       1900  KCS=      0  X,Y,Z=  17.390       98.849      -1.1977     

 NODE       1901  KCS=      0  X,Y,Z=  17.476       99.625      -1.1977     

 NODE       1902  KCS=      0  X,Y,Z=  17.552       100.43      -1.1977     

 NODE       1903  KCS=      0  X,Y,Z=  17.614       101.25      -1.1977     

 NODE       1904  KCS=      0  X,Y,Z=  17.653       102.09      -1.1977     

 NODE       1905  KCS=      0  X,Y,Z=  17.667       102.94      -1.1977     

 NODE       1906  KCS=      0  X,Y,Z=  17.651       103.79      -1.1977     

 NODE       1907  KCS=      0  X,Y,Z=  17.610       104.63      -1.1977     

 NODE       1908  KCS=      0  X,Y,Z=  17.547       105.45      -1.1977     

 NODE       1909  KCS=      0  X,Y,Z=  17.469       106.25      -1.1977     

 NODE       1910  KCS=      0  X,Y,Z=  17.383       107.03      -1.1977     

 NODE       1911  KCS=      0  X,Y,Z=  17.295       107.78      -1.1977     

 NODE       1912  KCS=      0  X,Y,Z=  17.207       108.51      -1.1977     

 NODE       1913  KCS=      0  X,Y,Z=  17.123       109.22      -1.1977     

 NODE       1914  KCS=      0  X,Y,Z=  16.408       109.30      -1.1977     

 NODE       1915  KCS=      0  X,Y,Z=  15.675       109.39      -1.1977     

 NODE       1916  KCS=      0  X,Y,Z=  14.920       109.48      -1.1977     

 NODE       1917  KCS=      0  X,Y,Z=  14.142       109.57      -1.1977     

 NODE       1918  KCS=      0  X,Y,Z=  13.338       109.64      -1.1977     

 NODE       1919  KCS=      0  X,Y,Z=  12.512       109.71      -1.1977     

 NODE       1920  KCS=      0  X,Y,Z=  11.667       109.75      -1.1977     

 NODE       1921  KCS=      0  X,Y,Z=  10.812       109.76      -1.1977     

 NODE       1922  KCS=      0  X,Y,Z=  9.9574       109.75      -1.1977     

 NODE       1923  KCS=      0  X,Y,Z=  9.1126       109.71      -1.1977     

 NODE       1924  KCS=      0  X,Y,Z=  8.2863       109.64      -1.1977     

 NODE       1925  KCS=      0  X,Y,Z=  7.4831       109.57      -1.1977     

 NODE       1926  KCS=      0  X,Y,Z=  6.7046       109.48      -1.1977     

 NODE       1927  KCS=      0  X,Y,Z=  5.9498       109.39      -1.1977     

 NODE       1928  KCS=      0  X,Y,Z=  5.2163       109.30      -1.1977     

 NODE       1929  KCS=      0  X,Y,Z=  4.5012       109.22      -1.1977     

 NODE       1930  KCS=      0  X,Y,Z=  4.4174       108.51      -1.1977     

 NODE       1931  KCS=      0  X,Y,Z=  4.3299       107.78      -1.1977     

 NODE       1932  KCS=      0  X,Y,Z=  4.2413       107.03      -1.1977     

 NODE       1933  KCS=      0  X,Y,Z=  4.1556       106.25      -1.1977     

 NODE       1934  KCS=      0  X,Y,Z=  4.0780       105.45      -1.1977     

 NODE       1935  KCS=      0  X,Y,Z=  4.0151       104.63      -1.1977     

 NODE       1936  KCS=      0  X,Y,Z=  3.9735       103.79      -1.1977     

 NODE       1937  KCS=      0  X,Y,Z=  3.9582       102.94      -1.1977     

 NODE       1938  KCS=      0  X,Y,Z=  3.9712       102.09      -1.1977     

 NODE       1939  KCS=      0  X,Y,Z=  4.0109       101.25      -1.1977     

 NODE       1940  KCS=      0  X,Y,Z=  4.0723       100.43      -1.1977     

 NODE       1941  KCS=      0  X,Y,Z=  4.1489       99.625      -1.1977     

 NODE       1942  KCS=      0  X,Y,Z=  4.2343       98.849      -1.1977     

 NODE       1943  KCS=      0  X,Y,Z=  4.3228       98.097      -1.1977     

 NODE       1944  KCS=      0  X,Y,Z=  4.4104       97.365      -1.1977     

 NODE       1945  KCS=      0  X,Y,Z=  3.9035       96.067      -1.1977     

 NODE       1946  KCS=      0  X,Y,Z=  4.7296       96.025      -1.1977     

 NODE       1947  KCS=      0  X,Y,Z=  5.5650       95.981      -1.1977     

 NODE       1948  KCS=      0  X,Y,Z=  6.4112       95.936      -1.1977     

 NODE       1949  KCS=      0  X,Y,Z=  7.2694       95.892      -1.1977     

 NODE       1950  KCS=      0  X,Y,Z=  8.1402       95.853      -1.1977     

 NODE       1951  KCS=      0  X,Y,Z=  9.0229       95.821      -1.1977     

 NODE       1952  KCS=      0  X,Y,Z=  9.9150       95.800      -1.1977     

 NODE       1953  KCS=      0  X,Y,Z=  10.812       95.792      -1.1977     

 NODE       1954  KCS=      0  X,Y,Z=  11.710       95.800      -1.1977     

 NODE       1955  KCS=      0  X,Y,Z=  12.602       95.821      -1.1977     

 NODE       1956  KCS=      0  X,Y,Z=  13.485       95.853      -1.1977     

 NODE       1957  KCS=      0  X,Y,Z=  14.355       95.892      -1.1977     

 NODE       1958  KCS=      0  X,Y,Z=  15.214       95.936      -1.1977     

 NODE       1959  KCS=      0  X,Y,Z=  16.060       95.981      -1.1977     

 NODE       1960  KCS=      0  X,Y,Z=  16.895       96.025      -1.1977     

 NODE       1961  KCS=      0  X,Y,Z=  17.721       96.067      -1.1977     

 NODE       1962  KCS=      0  X,Y,Z=  17.763       96.890      -1.1977     

 NODE       1963  KCS=      0  X,Y,Z=  17.807       97.722      -1.1977     

 NODE       1964  KCS=      0  X,Y,Z=  17.851       98.565      -1.1977     

 NODE       1965  KCS=      0  X,Y,Z=  17.894       99.419      -1.1977     

 NODE       1966  KCS=      0  X,Y,Z=  17.932       100.29      -1.1977     

 NODE       1967  KCS=      0  X,Y,Z=  17.963       101.16      -1.1977     

 NODE       1968  KCS=      0  X,Y,Z=  17.983       102.05      -1.1977     

 NODE       1969  KCS=      0  X,Y,Z=  17.989       102.94      -1.1977     

 NODE       1970  KCS=      0  X,Y,Z=  17.982       103.83      -1.1977     

 NODE       1971  KCS=      0  X,Y,Z=  17.961       104.72      -1.1977     

 NODE       1972  KCS=      0  X,Y,Z=  17.930       105.60      -1.1977     

 NODE       1973  KCS=      0  X,Y,Z=  17.891       106.46      -1.1977     

 NODE       1974  KCS=      0  X,Y,Z=  17.848       107.32      -1.1977     

 NODE       1975  KCS=      0  X,Y,Z=  17.804       108.16      -1.1977     

 NODE       1976  KCS=      0  X,Y,Z=  17.760       108.99      -1.1977     

 NODE       1977  KCS=      0  X,Y,Z=  17.718       109.81      -1.1977     

 NODE       1978  KCS=      0  X,Y,Z=  16.892       109.85      -1.1977     

 NODE       1979  KCS=      0  X,Y,Z=  16.056       109.90      -1.1977     

 NODE       1980  KCS=      0  X,Y,Z=  15.210       109.94      -1.1977     

 NODE       1981  KCS=      0  X,Y,Z=  14.352       109.99      -1.1977     

 NODE       1982  KCS=      0  X,Y,Z=  13.482       110.03      -1.1977     

 NODE       1983  KCS=      0  X,Y,Z=  12.600       110.06      -1.1977     

 NODE       1984  KCS=      0  X,Y,Z=  11.709       110.08      -1.1977     

 NODE       1985  KCS=      0  X,Y,Z=  10.812       110.08      -1.1977     

 NODE       1986  KCS=      0  X,Y,Z=  9.9161       110.08      -1.1977     

 NODE       1987  KCS=      0  X,Y,Z=  9.0250       110.06      -1.1977     

 NODE       1988  KCS=      0  X,Y,Z=  8.1431       110.03      -1.1977     

 NODE       1989  KCS=      0  X,Y,Z=  7.2727       109.99      -1.1977     

 NODE       1990  KCS=      0  X,Y,Z=  6.4147       109.94      -1.1977     

 NODE       1991  KCS=      0  X,Y,Z=  5.5686       109.90      -1.1977     

 NODE       1992  KCS=      0  X,Y,Z=  4.7331       109.85      -1.1977     

 NODE       1993  KCS=      0  X,Y,Z=  3.9068       109.81      -1.1977     

 NODE       1994  KCS=      0  X,Y,Z=  3.8649       108.99      -1.1977     

 NODE       1995  KCS=      0  X,Y,Z=  3.8211       108.16      -1.1977     

 NODE       1996  KCS=      0  X,Y,Z=  3.7768       107.32      -1.1977     

 NODE       1997  KCS=      0  X,Y,Z=  3.7340       106.46      -1.1977     

 NODE       1998  KCS=      0  X,Y,Z=  3.6952       105.60      -1.1977     

 NODE       1999  KCS=      0  X,Y,Z=  3.6637       104.72      -1.1977     

 NODE       2000  KCS=      0  X,Y,Z=  3.6429       103.83      -1.1977     

 NODE       2001  KCS=      0  X,Y,Z=  3.6353       102.94      -1.1977     

 NODE       2002  KCS=      0  X,Y,Z=  3.6418       102.05      -1.1977     

 NODE       2003  KCS=      0  X,Y,Z=  3.6616       101.16      -1.1977     

 NODE       2004  KCS=      0  X,Y,Z=  3.6923       100.29      -1.1977     

 NODE       2005  KCS=      0  X,Y,Z=  3.7306       99.419      -1.1977     

 NODE       2006  KCS=      0  X,Y,Z=  3.7733       98.565      -1.1977     

 NODE       2007  KCS=      0  X,Y,Z=  3.8176       97.722      -1.1977     

 NODE       2008  KCS=      0  X,Y,Z=  3.8614       96.890      -1.1977     

 NODE       2009  KCS=      0  X,Y,Z=  3.3123       95.482      -1.1977     

 NODE       2010  KCS=      0  X,Y,Z=  4.2498       95.482      -1.1977     

 NODE       2011  KCS=      0  X,Y,Z=  5.1873       95.482      -1.1977     

 NODE       2012  KCS=      0  X,Y,Z=  6.1248       95.482      -1.1977     

 NODE       2013  KCS=      0  X,Y,Z=  7.0623       95.482      -1.1977     

 NODE       2014  KCS=      0  X,Y,Z=  7.9998       95.482      -1.1977     

 NODE       2015  KCS=      0  X,Y,Z=  8.9373       95.482      -1.1977     

 NODE       2016  KCS=      0  X,Y,Z=  9.8748       95.482      -1.1977     

 NODE       2017  KCS=      0  X,Y,Z=  10.812       95.482      -1.1977     

 NODE       2018  KCS=      0  X,Y,Z=  11.750       95.482      -1.1977     

 NODE       2019  KCS=      0  X,Y,Z=  12.687       95.482      -1.1977     

 NODE       2020  KCS=      0  X,Y,Z=  13.625       95.482      -1.1977     

 NODE       2021  KCS=      0  X,Y,Z=  14.562       95.482      -1.1977     

 NODE       2022  KCS=      0  X,Y,Z=  15.500       95.482      -1.1977     

 NODE       2023  KCS=      0  X,Y,Z=  16.437       95.482      -1.1977     

 NODE       2024  KCS=      0  X,Y,Z=  17.375       95.482      -1.1977     

 NODE       2025  KCS=      0  X,Y,Z=  18.312       95.482      -1.1977     

 NODE       2026  KCS=      0  X,Y,Z=  18.312       96.415      -1.1977     

 NODE       2027  KCS=      0  X,Y,Z=  18.312       97.348      -1.1977     

 NODE       2028  KCS=      0  X,Y,Z=  18.312       98.280      -1.1977     

 NODE       2029  KCS=      0  X,Y,Z=  18.312       99.213      -1.1977     

 NODE       2030  KCS=      0  X,Y,Z=  18.312       100.15      -1.1977     

 NODE       2031  KCS=      0  X,Y,Z=  18.312       101.08      -1.1977     

 NODE       2032  KCS=      0  X,Y,Z=  18.312       102.01      -1.1977     

 NODE       2033  KCS=      0  X,Y,Z=  18.312       102.94      -1.1977     

 NODE       2034  KCS=      0  X,Y,Z=  18.312       103.88      -1.1977     

 NODE       2035  KCS=      0  X,Y,Z=  18.312       104.81      -1.1977     

 NODE       2036  KCS=      0  X,Y,Z=  18.312       105.74      -1.1977     

 NODE       2037  KCS=      0  X,Y,Z=  18.312       106.68      -1.1977     

 NODE       2038  KCS=      0  X,Y,Z=  18.312       107.61      -1.1977     

 NODE       2039  KCS=      0  X,Y,Z=  18.312       108.54      -1.1977     

 NODE       2040  KCS=      0  X,Y,Z=  18.312       109.47      -1.1977     

 NODE       2041  KCS=      0  X,Y,Z=  18.312       110.41      -1.1977     

 NODE       2042  KCS=      0  X,Y,Z=  17.375       110.41      -1.1977     

 NODE       2043  KCS=      0  X,Y,Z=  16.437       110.41      -1.1977     

 NODE       2044  KCS=      0  X,Y,Z=  15.500       110.41      -1.1977     

 NODE       2045  KCS=      0  X,Y,Z=  14.562       110.41      -1.1977     

 NODE       2046  KCS=      0  X,Y,Z=  13.625       110.41      -1.1977     

 NODE       2047  KCS=      0  X,Y,Z=  12.687       110.41      -1.1977     

 NODE       2048  KCS=      0  X,Y,Z=  11.750       110.41      -1.1977     

 NODE       2049  KCS=      0  X,Y,Z=  10.812       110.41      -1.1977     

 NODE       2050  KCS=      0  X,Y,Z=  9.8748       110.41      -1.1977     

 NODE       2051  KCS=      0  X,Y,Z=  8.9373       110.41      -1.1977     

 NODE       2052  KCS=      0  X,Y,Z=  7.9998       110.41      -1.1977     

 NODE       2053  KCS=      0  X,Y,Z=  7.0623       110.41      -1.1977     

 NODE       2054  KCS=      0  X,Y,Z=  6.1248       110.41      -1.1977     

 NODE       2055  KCS=      0  X,Y,Z=  5.1873       110.41      -1.1977     

 NODE       2056  KCS=      0  X,Y,Z=  4.2498       110.41      -1.1977     

 NODE       2057  KCS=      0  X,Y,Z=  3.3123       110.41      -1.1977     

 NODE       2058  KCS=      0  X,Y,Z=  3.3123       109.47      -1.1977     

 NODE       2059  KCS=      0  X,Y,Z=  3.3123       108.54      -1.1977     

 NODE       2060  KCS=      0  X,Y,Z=  3.3123       107.61      -1.1977     

 NODE       2061  KCS=      0  X,Y,Z=  3.3123       106.68      -1.1977     

 NODE       2062  KCS=      0  X,Y,Z=  3.3123       105.74      -1.1977     

 NODE       2063  KCS=      0  X,Y,Z=  3.3123       104.81      -1.1977     

 NODE       2064  KCS=      0  X,Y,Z=  3.3123       103.88      -1.1977     

 NODE       2065  KCS=      0  X,Y,Z=  3.3123       102.94      -1.1977     

 NODE       2066  KCS=      0  X,Y,Z=  3.3123       102.01      -1.1977     

 NODE       2067  KCS=      0  X,Y,Z=  3.3123       101.08      -1.1977     

 NODE       2068  KCS=      0  X,Y,Z=  3.3123       100.15      -1.1977     

 NODE       2069  KCS=      0  X,Y,Z=  3.3123       99.213      -1.1977     

 NODE       2070  KCS=      0  X,Y,Z=  3.3123       98.280      -1.1977     

 NODE       2071  KCS=      0  X,Y,Z=  3.3123       97.348      -1.1977     

 NODE       2072  KCS=      0  X,Y,Z=  3.3123       96.415      -1.1977     

 NODE       2073  KCS=      0  X,Y,Z=  3.3123       95.482      -1.9237     

 NODE       2074  KCS=      0  X,Y,Z=  4.2498       95.482      -1.9237     

 NODE       2075  KCS=      0  X,Y,Z=  5.1873       95.482      -1.9237     

 NODE       2076  KCS=      0  X,Y,Z=  6.1248       95.482      -1.9237     

 NODE       2077  KCS=      0  X,Y,Z=  7.0623       95.482      -1.9237     

 NODE       2078  KCS=      0  X,Y,Z=  7.9998       95.482      -1.9237     

 NODE       2079  KCS=      0  X,Y,Z=  8.9373       95.482      -1.9237     

 NODE       2080  KCS=      0  X,Y,Z=  9.8748       95.482      -1.9237     

 NODE       2081  KCS=      0  X,Y,Z=  10.812       95.482      -1.9237     

 NODE       2082  KCS=      0  X,Y,Z=  11.750       95.482      -1.9237     

 NODE       2083  KCS=      0  X,Y,Z=  12.687       95.482      -1.9237     

 NODE       2084  KCS=      0  X,Y,Z=  13.625       95.482      -1.9237     

 NODE       2085  KCS=      0  X,Y,Z=  14.562       95.482      -1.9237     

 NODE       2086  KCS=      0  X,Y,Z=  15.500       95.482      -1.9237     

 NODE       2087  KCS=      0  X,Y,Z=  16.437       95.482      -1.9237     

 NODE       2088  KCS=      0  X,Y,Z=  17.375       95.482      -1.9237     

 NODE       2089  KCS=      0  X,Y,Z=  18.312       95.482      -1.9237     

 NODE       2090  KCS=      0  X,Y,Z=  3.3123       95.482      -2.6498     

 NODE       2091  KCS=      0  X,Y,Z=  4.2498       95.482      -2.6498     

 NODE       2092  KCS=      0  X,Y,Z=  5.1873       95.482      -2.6498     

 NODE       2093  KCS=      0  X,Y,Z=  6.1248       95.482      -2.6498     

 NODE       2094  KCS=      0  X,Y,Z=  7.0623       95.482      -2.6498     

 NODE       2095  KCS=      0  X,Y,Z=  7.9998       95.482      -2.6498     

 NODE       2096  KCS=      0  X,Y,Z=  8.9373       95.482      -2.6498     

 NODE       2097  KCS=      0  X,Y,Z=  9.8748       95.482      -2.6498     

 NODE       2098  KCS=      0  X,Y,Z=  10.812       95.482      -2.6498     

 NODE       2099  KCS=      0  X,Y,Z=  11.750       95.482      -2.6498     

 NODE       2100  KCS=      0  X,Y,Z=  12.687       95.482      -2.6498     

 NODE       2101  KCS=      0  X,Y,Z=  13.625       95.482      -2.6498     

 NODE       2102  KCS=      0  X,Y,Z=  14.562       95.482      -2.6498     

 NODE       2103  KCS=      0  X,Y,Z=  15.500       95.482      -2.6498     

 NODE       2104  KCS=      0  X,Y,Z=  16.437       95.482      -2.6498     

 NODE       2105  KCS=      0  X,Y,Z=  17.375       95.482      -2.6498     

 NODE       2106  KCS=      0  X,Y,Z=  18.312       95.482      -2.6498     

 NODE       2107  KCS=      0  X,Y,Z=  3.3123       95.482      -3.3758     

 NODE       2108  KCS=      0  X,Y,Z=  4.2498       95.482      -3.3758     

 NODE       2109  KCS=      0  X,Y,Z=  5.1873       95.482      -3.3758     

 NODE       2110  KCS=      0  X,Y,Z=  6.1248       95.482      -3.3758     

 NODE       2111  KCS=      0  X,Y,Z=  7.0623       95.482      -3.3758     

 NODE       2112  KCS=      0  X,Y,Z=  7.9998       95.482      -3.3758     

 NODE       2113  KCS=      0  X,Y,Z=  8.9373       95.482      -3.3758     

 NODE       2114  KCS=      0  X,Y,Z=  9.8748       95.482      -3.3758     

 NODE       2115  KCS=      0  X,Y,Z=  10.812       95.482      -3.3758     

 NODE       2116  KCS=      0  X,Y,Z=  11.750       95.482      -3.3758     

 NODE       2117  KCS=      0  X,Y,Z=  12.687       95.482      -3.3758     

 NODE       2118  KCS=      0  X,Y,Z=  13.625       95.482      -3.3758     

 NODE       2119  KCS=      0  X,Y,Z=  14.562       95.482      -3.3758     

 NODE       2120  KCS=      0  X,Y,Z=  15.500       95.482      -3.3758     

 NODE       2121  KCS=      0  X,Y,Z=  16.437       95.482      -3.3758     

 NODE       2122  KCS=      0  X,Y,Z=  17.375       95.482      -3.3758     

 NODE       2123  KCS=      0  X,Y,Z=  18.312       95.482      -3.3758     

 NODE       2124  KCS=      0  X,Y,Z=  3.3123       95.482      -4.1018     

 NODE       2125  KCS=      0  X,Y,Z=  4.2498       95.482      -4.1018     

 NODE       2126  KCS=      0  X,Y,Z=  5.1873       95.482      -4.1018     

 NODE       2127  KCS=      0  X,Y,Z=  6.1248       95.482      -4.1018     

 NODE       2128  KCS=      0  X,Y,Z=  7.0623       95.482      -4.1018     

 NODE       2129  KCS=      0  X,Y,Z=  7.9998       95.482      -4.1018     

 NODE       2130  KCS=      0  X,Y,Z=  8.9373       95.482      -4.1018     

 NODE       2131  KCS=      0  X,Y,Z=  9.8748       95.482      -4.1018     

 NODE       2132  KCS=      0  X,Y,Z=  10.812       95.482      -4.1018     

 NODE       2133  KCS=      0  X,Y,Z=  11.750       95.482      -4.1018     

 NODE       2134  KCS=      0  X,Y,Z=  12.687       95.482      -4.1018     

 NODE       2135  KCS=      0  X,Y,Z=  13.625       95.482      -4.1018     

 NODE       2136  KCS=      0  X,Y,Z=  14.562       95.482      -4.1018     

 NODE       2137  KCS=      0  X,Y,Z=  15.500       95.482      -4.1018     

 NODE       2138  KCS=      0  X,Y,Z=  16.437       95.482      -4.1018     

 NODE       2139  KCS=      0  X,Y,Z=  17.375       95.482      -4.1018     

 NODE       2140  KCS=      0  X,Y,Z=  18.312       95.482      -4.1018     

 NODE       2141  KCS=      0  X,Y,Z=  3.3123       95.482      -4.8279     

 NODE       2142  KCS=      0  X,Y,Z=  4.2498       95.482      -4.8279     

 NODE       2143  KCS=      0  X,Y,Z=  5.1873       95.482      -4.8279     

 NODE       2144  KCS=      0  X,Y,Z=  6.1248       95.482      -4.8279     

 NODE       2145  KCS=      0  X,Y,Z=  7.0623       95.482      -4.8279     

 NODE       2146  KCS=      0  X,Y,Z=  7.9998       95.482      -4.8279     

 NODE       2147  KCS=      0  X,Y,Z=  8.9373       95.482      -4.8279     

 NODE       2148  KCS=      0  X,Y,Z=  9.8748       95.482      -4.8279     

 NODE       2149  KCS=      0  X,Y,Z=  10.812       95.482      -4.8279     

 NODE       2150  KCS=      0  X,Y,Z=  11.750       95.482      -4.8279     

 NODE       2151  KCS=      0  X,Y,Z=  12.687       95.482      -4.8279     

 NODE       2152  KCS=      0  X,Y,Z=  13.625       95.482      -4.8279     

 NODE       2153  KCS=      0  X,Y,Z=  14.562       95.482      -4.8279     

 NODE       2154  KCS=      0  X,Y,Z=  15.500       95.482      -4.8279     

 NODE       2155  KCS=      0  X,Y,Z=  16.437       95.482      -4.8279     

 NODE       2156  KCS=      0  X,Y,Z=  17.375       95.482      -4.8279     

 NODE       2157  KCS=      0  X,Y,Z=  18.312       95.482      -4.8279     

 NODE       2158  KCS=      0  X,Y,Z=  3.3123       95.482      -5.5539     

 NODE       2159  KCS=      0  X,Y,Z=  4.2498       95.482      -5.5539     

 NODE       2160  KCS=      0  X,Y,Z=  5.1873       95.482      -5.5539     

 NODE       2161  KCS=      0  X,Y,Z=  6.1248       95.482      -5.5539     

 NODE       2162  KCS=      0  X,Y,Z=  7.0623       95.482      -5.5539     

 NODE       2163  KCS=      0  X,Y,Z=  7.9998       95.482      -5.5539     

 NODE       2164  KCS=      0  X,Y,Z=  8.9373       95.482      -5.5539     

 NODE       2165  KCS=      0  X,Y,Z=  9.8748       95.482      -5.5539     

 NODE       2166  KCS=      0  X,Y,Z=  10.812       95.482      -5.5539     

 NODE       2167  KCS=      0  X,Y,Z=  11.750       95.482      -5.5539     

 NODE       2168  KCS=      0  X,Y,Z=  12.687       95.482      -5.5539     

 NODE       2169  KCS=      0  X,Y,Z=  13.625       95.482      -5.5539     

 NODE       2170  KCS=      0  X,Y,Z=  14.562       95.482      -5.5539     

 NODE       2171  KCS=      0  X,Y,Z=  15.500       95.482      -5.5539     

 NODE       2172  KCS=      0  X,Y,Z=  16.437       95.482      -5.5539     

 NODE       2173  KCS=      0  X,Y,Z=  17.375       95.482      -5.5539     

 NODE       2174  KCS=      0  X,Y,Z=  18.312       95.482      -5.5539     

 NODE       2175  KCS=      0  X,Y,Z=  3.3123       95.482      -6.2800     

 NODE       2176  KCS=      0  X,Y,Z=  4.2498       95.482      -6.2800     

 NODE       2177  KCS=      0  X,Y,Z=  5.1873       95.482      -6.2800     

 NODE       2178  KCS=      0  X,Y,Z=  6.1248       95.482      -6.2800     

 NODE       2179  KCS=      0  X,Y,Z=  7.0623       95.482      -6.2800     

 NODE       2180  KCS=      0  X,Y,Z=  7.9998       95.482      -6.2800     

 NODE       2181  KCS=      0  X,Y,Z=  8.9373       95.482      -6.2800     

 NODE       2182  KCS=      0  X,Y,Z=  9.8748       95.482      -6.2800     

 NODE       2183  KCS=      0  X,Y,Z=  10.812       95.482      -6.2800     

 NODE       2184  KCS=      0  X,Y,Z=  11.750       95.482      -6.2800     

 NODE       2185  KCS=      0  X,Y,Z=  12.687       95.482      -6.2800     

 NODE       2186  KCS=      0  X,Y,Z=  13.625       95.482      -6.2800     

 NODE       2187  KCS=      0  X,Y,Z=  14.562       95.482      -6.2800     

 NODE       2188  KCS=      0  X,Y,Z=  15.500       95.482      -6.2800     

 NODE       2189  KCS=      0  X,Y,Z=  16.437       95.482      -6.2800     

 NODE       2190  KCS=      0  X,Y,Z=  17.375       95.482      -6.2800     

 NODE       2191  KCS=      0  X,Y,Z=  18.312       95.482      -6.2800     

 NODE       2192  KCS=      0  X,Y,Z=  3.3123       95.482      -7.0060     

 NODE       2193  KCS=      0  X,Y,Z=  4.2498       95.482      -7.0060     

 NODE       2194  KCS=      0  X,Y,Z=  5.1873       95.482      -7.0060     

 NODE       2195  KCS=      0  X,Y,Z=  6.1248       95.482      -7.0060     

 NODE       2196  KCS=      0  X,Y,Z=  7.0623       95.482      -7.0060     

 NODE       2197  KCS=      0  X,Y,Z=  7.9998       95.482      -7.0060     

 NODE       2198  KCS=      0  X,Y,Z=  8.9373       95.482      -7.0060     

 NODE       2199  KCS=      0  X,Y,Z=  9.8748       95.482      -7.0060     

 NODE       2200  KCS=      0  X,Y,Z=  10.812       95.482      -7.0060     

 NODE       2201  KCS=      0  X,Y,Z=  11.750       95.482      -7.0060     

 NODE       2202  KCS=      0  X,Y,Z=  12.687       95.482      -7.0060     

 NODE       2203  KCS=      0  X,Y,Z=  13.625       95.482      -7.0060     

 NODE       2204  KCS=      0  X,Y,Z=  14.562       95.482      -7.0060     

 NODE       2205  KCS=      0  X,Y,Z=  15.500       95.482      -7.0060     

 NODE       2206  KCS=      0  X,Y,Z=  16.437       95.482      -7.0060     

 NODE       2207  KCS=      0  X,Y,Z=  17.375       95.482      -7.0060     

 NODE       2208  KCS=      0  X,Y,Z=  18.312       95.482      -7.0060     

 NODE       2209  KCS=      0  X,Y,Z=  3.3123       95.482      -7.7321     

 NODE       2210  KCS=      0  X,Y,Z=  4.2498       95.482      -7.7321     

 NODE       2211  KCS=      0  X,Y,Z=  5.1873       95.482      -7.7321     

 NODE       2212  KCS=      0  X,Y,Z=  6.1248       95.482      -7.7321     

 NODE       2213  KCS=      0  X,Y,Z=  7.0623       95.482      -7.7321     

 NODE       2214  KCS=      0  X,Y,Z=  7.9998       95.482      -7.7321     

 NODE       2215  KCS=      0  X,Y,Z=  8.9373       95.482      -7.7321     

 NODE       2216  KCS=      0  X,Y,Z=  9.8748       95.482      -7.7321     

 NODE       2217  KCS=      0  X,Y,Z=  10.812       95.482      -7.7321     

 NODE       2218  KCS=      0  X,Y,Z=  11.750       95.482      -7.7321     

 NODE       2219  KCS=      0  X,Y,Z=  12.687       95.482      -7.7321     

 NODE       2220  KCS=      0  X,Y,Z=  13.625       95.482      -7.7321     

 NODE       2221  KCS=      0  X,Y,Z=  14.562       95.482      -7.7321     

 NODE       2222  KCS=      0  X,Y,Z=  15.500       95.482      -7.7321     

 NODE       2223  KCS=      0  X,Y,Z=  16.437       95.482      -7.7321     

 NODE       2224  KCS=      0  X,Y,Z=  17.375       95.482      -7.7321     

 NODE       2225  KCS=      0  X,Y,Z=  18.312       95.482      -7.7321     

 NODE       2226  KCS=      0  X,Y,Z=  3.3123       95.482      -8.4581     

 NODE       2227  KCS=      0  X,Y,Z=  4.2498       95.482      -8.4581     

 NODE       2228  KCS=      0  X,Y,Z=  5.1873       95.482      -8.4581     

 NODE       2229  KCS=      0  X,Y,Z=  6.1248       95.482      -8.4581     

 NODE       2230  KCS=      0  X,Y,Z=  7.0623       95.482      -8.4581     

 NODE       2231  KCS=      0  X,Y,Z=  7.9998       95.482      -8.4581     

 NODE       2232  KCS=      0  X,Y,Z=  8.9373       95.482      -8.4581     

 NODE       2233  KCS=      0  X,Y,Z=  9.8748       95.482      -8.4581     

 NODE       2234  KCS=      0  X,Y,Z=  10.812       95.482      -8.4581     

 NODE       2235  KCS=      0  X,Y,Z=  11.750       95.482      -8.4581     

 NODE       2236  KCS=      0  X,Y,Z=  12.687       95.482      -8.4581     

 NODE       2237  KCS=      0  X,Y,Z=  13.625       95.482      -8.4581     

 NODE       2238  KCS=      0  X,Y,Z=  14.562       95.482      -8.4581     

 NODE       2239  KCS=      0  X,Y,Z=  15.500       95.482      -8.4581     

 NODE       2240  KCS=      0  X,Y,Z=  16.437       95.482      -8.4581     

 NODE       2241  KCS=      0  X,Y,Z=  17.375       95.482      -8.4581     

 NODE       2242  KCS=      0  X,Y,Z=  18.312       95.482      -8.4581     

 NODE       2243  KCS=      0  X,Y,Z=  3.3123       95.482      -9.1841     

 NODE       2244  KCS=      0  X,Y,Z=  4.2498       95.482      -9.1841     

 NODE       2245  KCS=      0  X,Y,Z=  5.1873       95.482      -9.1841     

 NODE       2246  KCS=      0  X,Y,Z=  6.1248       95.482      -9.1841     

 NODE       2247  KCS=      0  X,Y,Z=  7.0623       95.482      -9.1841     

 NODE       2248  KCS=      0  X,Y,Z=  7.9998       95.482      -9.1841     

 NODE       2249  KCS=      0  X,Y,Z=  8.9373       95.482      -9.1841     

 NODE       2250  KCS=      0  X,Y,Z=  9.8748       95.482      -9.1841     

 NODE       2251  KCS=      0  X,Y,Z=  10.812       95.482      -9.1841     

 NODE       2252  KCS=      0  X,Y,Z=  11.750       95.482      -9.1841     

 NODE       2253  KCS=      0  X,Y,Z=  12.687       95.482      -9.1841     

 NODE       2254  KCS=      0  X,Y,Z=  13.625       95.482      -9.1841     

 NODE       2255  KCS=      0  X,Y,Z=  14.562       95.482      -9.1841     

 NODE       2256  KCS=      0  X,Y,Z=  15.500       95.482      -9.1841     

 NODE       2257  KCS=      0  X,Y,Z=  16.437       95.482      -9.1841     

 NODE       2258  KCS=      0  X,Y,Z=  17.375       95.482      -9.1841     

 NODE       2259  KCS=      0  X,Y,Z=  18.312       95.482      -9.1841     

 NODE       2260  KCS=      0  X,Y,Z=  3.3123       95.482      -9.9102     

 NODE       2261  KCS=      0  X,Y,Z=  4.2498       95.482      -9.9102     

 NODE       2262  KCS=      0  X,Y,Z=  5.1873       95.482      -9.9102     

 NODE       2263  KCS=      0  X,Y,Z=  6.1248       95.482      -9.9102     

 NODE       2264  KCS=      0  X,Y,Z=  7.0623       95.482      -9.9102     

 NODE       2265  KCS=      0  X,Y,Z=  7.9998       95.482      -9.9102     

 NODE       2266  KCS=      0  X,Y,Z=  8.9373       95.482      -9.9102     

 NODE       2267  KCS=      0  X,Y,Z=  9.8748       95.482      -9.9102     

 NODE       2268  KCS=      0  X,Y,Z=  10.812       95.482      -9.9102     

 NODE       2269  KCS=      0  X,Y,Z=  11.750       95.482      -9.9102     

 NODE       2270  KCS=      0  X,Y,Z=  12.687       95.482      -9.9102     

 NODE       2271  KCS=      0  X,Y,Z=  13.625       95.482      -9.9102     

 NODE       2272  KCS=      0  X,Y,Z=  14.562       95.482      -9.9102     

 NODE       2273  KCS=      0  X,Y,Z=  15.500       95.482      -9.9102     

 NODE       2274  KCS=      0  X,Y,Z=  16.437       95.482      -9.9102     

 NODE       2275  KCS=      0  X,Y,Z=  17.375       95.482      -9.9102     

 NODE       2276  KCS=      0  X,Y,Z=  18.312       95.482      -9.9102     

 NODE       2277  KCS=      0  X,Y,Z=  3.3123       95.482      -10.636     

 NODE       2278  KCS=      0  X,Y,Z=  4.2498       95.482      -10.636     

 NODE       2279  KCS=      0  X,Y,Z=  5.1873       95.482      -10.636     

 NODE       2280  KCS=      0  X,Y,Z=  6.1248       95.482      -10.636     

 NODE       2281  KCS=      0  X,Y,Z=  7.0623       95.482      -10.636     

 NODE       2282  KCS=      0  X,Y,Z=  7.9998       95.482      -10.636     

 NODE       2283  KCS=      0  X,Y,Z=  8.9373       95.482      -10.636     

 NODE       2284  KCS=      0  X,Y,Z=  9.8748       95.482      -10.636     

 NODE       2285  KCS=      0  X,Y,Z=  10.812       95.482      -10.636     

 NODE       2286  KCS=      0  X,Y,Z=  11.750       95.482      -10.636     

 NODE       2287  KCS=      0  X,Y,Z=  12.687       95.482      -10.636     

 NODE       2288  KCS=      0  X,Y,Z=  13.625       95.482      -10.636     

 NODE       2289  KCS=      0  X,Y,Z=  14.562       95.482      -10.636     

 NODE       2290  KCS=      0  X,Y,Z=  15.500       95.482      -10.636     

 NODE       2291  KCS=      0  X,Y,Z=  16.437       95.482      -10.636     

 NODE       2292  KCS=      0  X,Y,Z=  17.375       95.482      -10.636     

 NODE       2293  KCS=      0  X,Y,Z=  18.312       95.482      -10.636     

 NODE       2294  KCS=      0  X,Y,Z=  3.3123       95.482      -11.362     

 NODE       2295  KCS=      0  X,Y,Z=  4.2498       95.482      -11.362     

 NODE       2296  KCS=      0  X,Y,Z=  5.1873       95.482      -11.362     

 NODE       2297  KCS=      0  X,Y,Z=  6.1248       95.482      -11.362     

 NODE       2298  KCS=      0  X,Y,Z=  7.0623       95.482      -11.362     

 NODE       2299  KCS=      0  X,Y,Z=  7.9998       95.482      -11.362     

 NODE       2300  KCS=      0  X,Y,Z=  8.9373       95.482      -11.362     

 NODE       2301  KCS=      0  X,Y,Z=  9.8748       95.482      -11.362     

 NODE       2302  KCS=      0  X,Y,Z=  10.812       95.482      -11.362     

 NODE       2303  KCS=      0  X,Y,Z=  11.750       95.482      -11.362     

 NODE       2304  KCS=      0  X,Y,Z=  12.687       95.482      -11.362     

 NODE       2305  KCS=      0  X,Y,Z=  13.625       95.482      -11.362     

 NODE       2306  KCS=      0  X,Y,Z=  14.562       95.482      -11.362     

 NODE       2307  KCS=      0  X,Y,Z=  15.500       95.482      -11.362     

 NODE       2308  KCS=      0  X,Y,Z=  16.437       95.482      -11.362     

 NODE       2309  KCS=      0  X,Y,Z=  17.375       95.482      -11.362     

 NODE       2310  KCS=      0  X,Y,Z=  18.312       95.482      -11.362     

 NODE       2311  KCS=      0  X,Y,Z=  3.3123       95.482      -12.088     

 NODE       2312  KCS=      0  X,Y,Z=  4.2498       95.482      -12.088     

 NODE       2313  KCS=      0  X,Y,Z=  5.1873       95.482      -12.088     

 NODE       2314  KCS=      0  X,Y,Z=  6.1248       95.482      -12.088     

 NODE       2315  KCS=      0  X,Y,Z=  7.0623       95.482      -12.088     

 NODE       2316  KCS=      0  X,Y,Z=  7.9998       95.482      -12.088     

 NODE       2317  KCS=      0  X,Y,Z=  8.9373       95.482      -12.088     

 NODE       2318  KCS=      0  X,Y,Z=  9.8748       95.482      -12.088     

 NODE       2319  KCS=      0  X,Y,Z=  10.812       95.482      -12.088     

 NODE       2320  KCS=      0  X,Y,Z=  11.750       95.482      -12.088     

 NODE       2321  KCS=      0  X,Y,Z=  12.687       95.482      -12.088     

 NODE       2322  KCS=      0  X,Y,Z=  13.625       95.482      -12.088     

 NODE       2323  KCS=      0  X,Y,Z=  14.562       95.482      -12.088     

 NODE       2324  KCS=      0  X,Y,Z=  15.500       95.482      -12.088     

 NODE       2325  KCS=      0  X,Y,Z=  16.437       95.482      -12.088     

 NODE       2326  KCS=      0  X,Y,Z=  17.375       95.482      -12.088     

 NODE       2327  KCS=      0  X,Y,Z=  18.312       95.482      -12.088     

 NODE       2328  KCS=      0  X,Y,Z=  3.3123       95.482      -12.814     

 NODE       2329  KCS=      0  X,Y,Z=  4.2498       95.482      -12.814     

 NODE       2330  KCS=      0  X,Y,Z=  5.1873       95.482      -12.814     

 NODE       2331  KCS=      0  X,Y,Z=  6.1248       95.482      -12.814     

 NODE       2332  KCS=      0  X,Y,Z=  7.0623       95.482      -12.814     

 NODE       2333  KCS=      0  X,Y,Z=  7.9998       95.482      -12.814     

 NODE       2334  KCS=      0  X,Y,Z=  8.9373       95.482      -12.814     

 NODE       2335  KCS=      0  X,Y,Z=  9.8748       95.482      -12.814     

 NODE       2336  KCS=      0  X,Y,Z=  10.812       95.482      -12.814     

 NODE       2337  KCS=      0  X,Y,Z=  11.750       95.482      -12.814     

 NODE       2338  KCS=      0  X,Y,Z=  12.687       95.482      -12.814     

 NODE       2339  KCS=      0  X,Y,Z=  13.625       95.482      -12.814     

 NODE       2340  KCS=      0  X,Y,Z=  14.562       95.482      -12.814     

 NODE       2341  KCS=      0  X,Y,Z=  15.500       95.482      -12.814     

 NODE       2342  KCS=      0  X,Y,Z=  16.437       95.482      -12.814     

 NODE       2343  KCS=      0  X,Y,Z=  17.375       95.482      -12.814     

 NODE       2344  KCS=      0  X,Y,Z=  18.312       95.482      -12.814     

 NODE       2345  KCS=      0  X,Y,Z=  3.3123       95.482      -13.540     

 NODE       2346  KCS=      0  X,Y,Z=  4.2498       95.482      -13.540     

 NODE       2347  KCS=      0  X,Y,Z=  5.1873       95.482      -13.540     

 NODE       2348  KCS=      0  X,Y,Z=  6.1248       95.482      -13.540     

 NODE       2349  KCS=      0  X,Y,Z=  7.0623       95.482      -13.540     

 NODE       2350  KCS=      0  X,Y,Z=  7.9998       95.482      -13.540     

 NODE       2351  KCS=      0  X,Y,Z=  8.9373       95.482      -13.540     

 NODE       2352  KCS=      0  X,Y,Z=  9.8748       95.482      -13.540     

 NODE       2353  KCS=      0  X,Y,Z=  10.812       95.482      -13.540     

 NODE       2354  KCS=      0  X,Y,Z=  11.750       95.482      -13.540     

 NODE       2355  KCS=      0  X,Y,Z=  12.687       95.482      -13.540     

 NODE       2356  KCS=      0  X,Y,Z=  13.625       95.482      -13.540     

 NODE       2357  KCS=      0  X,Y,Z=  14.562       95.482      -13.540     

 NODE       2358  KCS=      0  X,Y,Z=  15.500       95.482      -13.540     

 NODE       2359  KCS=      0  X,Y,Z=  16.437       95.482      -13.540     

 NODE       2360  KCS=      0  X,Y,Z=  17.375       95.482      -13.540     

 NODE       2361  KCS=      0  X,Y,Z=  18.312       95.482      -13.540     

 NODE       2362  KCS=      0  X,Y,Z=  3.3123       95.482      -14.266     

 NODE       2363  KCS=      0  X,Y,Z=  4.2498       95.482      -14.266     

 NODE       2364  KCS=      0  X,Y,Z=  5.1873       95.482      -14.266     

 NODE       2365  KCS=      0  X,Y,Z=  6.1248       95.482      -14.266     

 NODE       2366  KCS=      0  X,Y,Z=  7.0623       95.482      -14.266     

 NODE       2367  KCS=      0  X,Y,Z=  7.9998       95.482      -14.266     

 NODE       2368  KCS=      0  X,Y,Z=  8.9373       95.482      -14.266     

 NODE       2369  KCS=      0  X,Y,Z=  9.8748       95.482      -14.266     

 NODE       2370  KCS=      0  X,Y,Z=  10.812       95.482      -14.266     

 NODE       2371  KCS=      0  X,Y,Z=  11.750       95.482      -14.266     

 NODE       2372  KCS=      0  X,Y,Z=  12.687       95.482      -14.266     

 NODE       2373  KCS=      0  X,Y,Z=  13.625       95.482      -14.266     

 NODE       2374  KCS=      0  X,Y,Z=  14.562       95.482      -14.266     

 NODE       2375  KCS=      0  X,Y,Z=  15.500       95.482      -14.266     

 NODE       2376  KCS=      0  X,Y,Z=  16.437       95.482      -14.266     

 NODE       2377  KCS=      0  X,Y,Z=  17.375       95.482      -14.266     

 NODE       2378  KCS=      0  X,Y,Z=  18.312       95.482      -14.266     

 NODE       2379  KCS=      0  X,Y,Z=  3.3123       95.482      -14.992     

 NODE       2380  KCS=      0  X,Y,Z=  4.2498       95.482      -14.992     

 NODE       2381  KCS=      0  X,Y,Z=  5.1873       95.482      -14.992     

 NODE       2382  KCS=      0  X,Y,Z=  6.1248       95.482      -14.992     

 NODE       2383  KCS=      0  X,Y,Z=  7.0623       95.482      -14.992     

 NODE       2384  KCS=      0  X,Y,Z=  7.9998       95.482      -14.992     

 NODE       2385  KCS=      0  X,Y,Z=  8.9373       95.482      -14.992     

 NODE       2386  KCS=      0  X,Y,Z=  9.8748       95.482      -14.992     

 NODE       2387  KCS=      0  X,Y,Z=  10.812       95.482      -14.992     

 NODE       2388  KCS=      0  X,Y,Z=  11.750       95.482      -14.992     

 NODE       2389  KCS=      0  X,Y,Z=  12.687       95.482      -14.992     

 NODE       2390  KCS=      0  X,Y,Z=  13.625       95.482      -14.992     

 NODE       2391  KCS=      0  X,Y,Z=  14.562       95.482      -14.992     

 NODE       2392  KCS=      0  X,Y,Z=  15.500       95.482      -14.992     

 NODE       2393  KCS=      0  X,Y,Z=  16.437       95.482      -14.992     

 NODE       2394  KCS=      0  X,Y,Z=  17.375       95.482      -14.992     

 NODE       2395  KCS=      0  X,Y,Z=  18.312       95.482      -14.992     

 NODE       2396  KCS=      0  X,Y,Z=  3.3123       95.482      -15.719     

 NODE       2397  KCS=      0  X,Y,Z=  4.2498       95.482      -15.719     

 NODE       2398  KCS=      0  X,Y,Z=  5.1873       95.482      -15.719     

 NODE       2399  KCS=      0  X,Y,Z=  6.1248       95.482      -15.719     

 NODE       2400  KCS=      0  X,Y,Z=  7.0623       95.482      -15.719     

 NODE       2401  KCS=      0  X,Y,Z=  7.9998       95.482      -15.719     

 NODE       2402  KCS=      0  X,Y,Z=  8.9373       95.482      -15.719     

 NODE       2403  KCS=      0  X,Y,Z=  9.8748       95.482      -15.719     

 NODE       2404  KCS=      0  X,Y,Z=  10.812       95.482      -15.719     

 NODE       2405  KCS=      0  X,Y,Z=  11.750       95.482      -15.719     

 NODE       2406  KCS=      0  X,Y,Z=  12.687       95.482      -15.719     

 NODE       2407  KCS=      0  X,Y,Z=  13.625       95.482      -15.719     

 NODE       2408  KCS=      0  X,Y,Z=  14.562       95.482      -15.719     

 NODE       2409  KCS=      0  X,Y,Z=  15.500       95.482      -15.719     

 NODE       2410  KCS=      0  X,Y,Z=  16.437       95.482      -15.719     

 NODE       2411  KCS=      0  X,Y,Z=  17.375       95.482      -15.719     

 NODE       2412  KCS=      0  X,Y,Z=  18.312       95.482      -15.719     

 NODE       2413  KCS=      0  X,Y,Z=  3.3123       95.482      -16.445     

 NODE       2414  KCS=      0  X,Y,Z=  4.2498       95.482      -16.445     

 NODE       2415  KCS=      0  X,Y,Z=  5.1873       95.482      -16.445     

 NODE       2416  KCS=      0  X,Y,Z=  6.1248       95.482      -16.445     

 NODE       2417  KCS=      0  X,Y,Z=  7.0623       95.482      -16.445     

 NODE       2418  KCS=      0  X,Y,Z=  7.9998       95.482      -16.445     

 NODE       2419  KCS=      0  X,Y,Z=  8.9373       95.482      -16.445     

 NODE       2420  KCS=      0  X,Y,Z=  9.8748       95.482      -16.445     

 NODE       2421  KCS=      0  X,Y,Z=  10.812       95.482      -16.445     

 NODE       2422  KCS=      0  X,Y,Z=  11.750       95.482      -16.445     

 NODE       2423  KCS=      0  X,Y,Z=  12.687       95.482      -16.445     

 NODE       2424  KCS=      0  X,Y,Z=  13.625       95.482      -16.445     

 NODE       2425  KCS=      0  X,Y,Z=  14.562       95.482      -16.445     

 NODE       2426  KCS=      0  X,Y,Z=  15.500       95.482      -16.445     

 NODE       2427  KCS=      0  X,Y,Z=  16.437       95.482      -16.445     

 NODE       2428  KCS=      0  X,Y,Z=  17.375       95.482      -16.445     

 NODE       2429  KCS=      0  X,Y,Z=  18.312       95.482      -16.445     

 NODE       2430  KCS=      0  X,Y,Z=  3.3123       95.482      -17.171     

 NODE       2431  KCS=      0  X,Y,Z=  4.2498       95.482      -17.171     

 NODE       2432  KCS=      0  X,Y,Z=  5.1873       95.482      -17.171     

 NODE       2433  KCS=      0  X,Y,Z=  6.1248       95.482      -17.171     

 NODE       2434  KCS=      0  X,Y,Z=  7.0623       95.482      -17.171     

 NODE       2435  KCS=      0  X,Y,Z=  7.9998       95.482      -17.171     

 NODE       2436  KCS=      0  X,Y,Z=  8.9373       95.482      -17.171     

 NODE       2437  KCS=      0  X,Y,Z=  9.8748       95.482      -17.171     

 NODE       2438  KCS=      0  X,Y,Z=  10.812       95.482      -17.171     

 NODE       2439  KCS=      0  X,Y,Z=  11.750       95.482      -17.171     

 NODE       2440  KCS=      0  X,Y,Z=  12.687       95.482      -17.171     

 NODE       2441  KCS=      0  X,Y,Z=  13.625       95.482      -17.171     

 NODE       2442  KCS=      0  X,Y,Z=  14.562       95.482      -17.171     

 NODE       2443  KCS=      0  X,Y,Z=  15.500       95.482      -17.171     

 NODE       2444  KCS=      0  X,Y,Z=  16.437       95.482      -17.171     

 NODE       2445  KCS=      0  X,Y,Z=  17.375       95.482      -17.171     

 NODE       2446  KCS=      0  X,Y,Z=  18.312       95.482      -17.171     

 NODE       2447  KCS=      0  X,Y,Z=  3.3123       95.482      -17.897     

 NODE       2448  KCS=      0  X,Y,Z=  4.2498       95.482      -17.897     

 NODE       2449  KCS=      0  X,Y,Z=  5.1873       95.482      -17.897     

 NODE       2450  KCS=      0  X,Y,Z=  6.1248       95.482      -17.897     

 NODE       2451  KCS=      0  X,Y,Z=  7.0623       95.482      -17.897     

 NODE       2452  KCS=      0  X,Y,Z=  7.9998       95.482      -17.897     

 NODE       2453  KCS=      0  X,Y,Z=  8.9373       95.482      -17.897     

 NODE       2454  KCS=      0  X,Y,Z=  9.8748       95.482      -17.897     

 NODE       2455  KCS=      0  X,Y,Z=  10.812       95.482      -17.897     

 NODE       2456  KCS=      0  X,Y,Z=  11.750       95.482      -17.897     

 NODE       2457  KCS=      0  X,Y,Z=  12.687       95.482      -17.897     

 NODE       2458  KCS=      0  X,Y,Z=  13.625       95.482      -17.897     

 NODE       2459  KCS=      0  X,Y,Z=  14.562       95.482      -17.897     

 NODE       2460  KCS=      0  X,Y,Z=  15.500       95.482      -17.897     

 NODE       2461  KCS=      0  X,Y,Z=  16.437       95.482      -17.897     

 NODE       2462  KCS=      0  X,Y,Z=  17.375       95.482      -17.897     

 NODE       2463  KCS=      0  X,Y,Z=  18.312       95.482      -17.897     

 NODE       2464  KCS=      0  X,Y,Z=  3.3123       95.482      -18.623     

 NODE       2465  KCS=      0  X,Y,Z=  4.2498       95.482      -18.623     

 NODE       2466  KCS=      0  X,Y,Z=  5.1873       95.482      -18.623     

 NODE       2467  KCS=      0  X,Y,Z=  6.1248       95.482      -18.623     

 NODE       2468  KCS=      0  X,Y,Z=  7.0623       95.482      -18.623     

 NODE       2469  KCS=      0  X,Y,Z=  7.9998       95.482      -18.623     

 NODE       2470  KCS=      0  X,Y,Z=  8.9373       95.482      -18.623     

 NODE       2471  KCS=      0  X,Y,Z=  9.8748       95.482      -18.623     

 NODE       2472  KCS=      0  X,Y,Z=  10.812       95.482      -18.623     

 NODE       2473  KCS=      0  X,Y,Z=  11.750       95.482      -18.623     

 NODE       2474  KCS=      0  X,Y,Z=  12.687       95.482      -18.623     

 NODE       2475  KCS=      0  X,Y,Z=  13.625       95.482      -18.623     

 NODE       2476  KCS=      0  X,Y,Z=  14.562       95.482      -18.623     

 NODE       2477  KCS=      0  X,Y,Z=  15.500       95.482      -18.623     

 NODE       2478  KCS=      0  X,Y,Z=  16.437       95.482      -18.623     

 NODE       2479  KCS=      0  X,Y,Z=  17.375       95.482      -18.623     

 NODE       2480  KCS=      0  X,Y,Z=  18.312       95.482      -18.623     

 NODE       2481  KCS=      0  X,Y,Z=  10.804       60.407      -11.823     

 ELEMENT TYPE SET TO         1

 MATERIAL NUMBER SET TO         1

 SECTION ID NUMBER=        1

 ELEMENT      1       2     66     65      1

 ELEMENT      2       3     67     66      2

 ELEMENT      3       4     68     67      3

 ELEMENT      4       5     69     68      4

 ELEMENT      5       6     70     69      5

 ELEMENT      6       7     71     70      6

 ELEMENT      7       8     72     71      7

 ELEMENT      8       9     73     72      8

 ELEMENT      9      10     74     73      9

 ELEMENT     10      11     75     74     10

 ELEMENT     11      12     76     75     11

 ELEMENT     12      13     77     76     12

 ELEMENT     13      14     78     77     13

 ELEMENT     14      15     79     78     14

 ELEMENT     15      16     80     79     15

 ELEMENT     16      17     81     80     16

 ELEMENT     17      18     82     81     17

 ELEMENT     18      19     83     82     18

 ELEMENT     19      20     84     83     19

 ELEMENT     20      21     85     84     20

 ELEMENT     21      22     86     85     21

 ELEMENT     22      23     87     86     22

 ELEMENT     23      24     88     87     23

 ELEMENT     24      25     89     88     24

 ELEMENT     25      26     90     89     25

 ELEMENT     26      27     91     90     26

 ELEMENT     27      28     92     91     27

 ELEMENT     28      29     93     92     28

 ELEMENT     29      30     94     93     29

 ELEMENT     30      31     95     94     30

 ELEMENT     31      32     96     95     31

 ELEMENT     32      33     97     96     32

 ELEMENT     33      34     98     97     33

 ELEMENT     34      35     99     98     34

 ELEMENT     35      36    100     99     35

 ELEMENT     36      37    101    100     36

 ELEMENT     37      38    102    101     37

 ELEMENT     38      39    103    102     38

 ELEMENT     39      40    104    103     39

 ELEMENT     40      41    105    104     40

 ELEMENT     41      42    106    105     41

 ELEMENT     42      43    107    106     42

 ELEMENT     43      44    108    107     43

 ELEMENT     44      45    109    108     44

 ELEMENT     45      46    110    109     45

 ELEMENT     46      47    111    110     46

 ELEMENT     47      48    112    111     47

 ELEMENT     48      49    113    112     48

 ELEMENT     49      50    114    113     49

 ELEMENT     50      51    115    114     50

 ELEMENT     51      52    116    115     51

 ELEMENT     52      53    117    116     52

 ELEMENT     53      54    118    117     53

 ELEMENT     54      55    119    118     54

 ELEMENT     55      56    120    119     55

 ELEMENT     56      57    121    120     56

 ELEMENT     57      58    122    121     57

 ELEMENT     58      59    123    122     58

 ELEMENT     59      60    124    123     59

 ELEMENT     60      61    125    124     60

 ELEMENT     61      62    126    125     61

 ELEMENT     62      63    127    126     62

 ELEMENT     63      64    128    127     63

 ELEMENT     64       1     65    128     64

 ELEMENT     65      66    130    129     65

 ELEMENT     66      67    131    130     66

 ELEMENT     67      68    132    131     67

 ELEMENT     68      69    133    132     68

 ELEMENT     69      70    134    133     69

 ELEMENT     70      71    135    134     70

 ELEMENT     71      72    136    135     71

 ELEMENT     72      73    137    136     72

 ELEMENT     73      74    138    137     73

 ELEMENT     74      75    139    138     74

 ELEMENT     75      76    140    139     75

 ELEMENT     76      77    141    140     76

 ELEMENT     77      78    142    141     77

 ELEMENT     78      79    143    142     78

 ELEMENT     79      80    144    143     79

 ELEMENT     80      81    145    144     80

 ELEMENT     81      82    146    145     81

 ELEMENT     82      83    147    146     82

 ELEMENT     83      84    148    147     83

 ELEMENT     84      85    149    148     84

 ELEMENT     85      86    150    149     85

 ELEMENT     86      87    151    150     86

 ELEMENT     87      88    152    151     87

 ELEMENT     88      89    153    152     88

 ELEMENT     89      90    154    153     89

 ELEMENT     90      91    155    154     90

 ELEMENT     91      92    156    155     91

 ELEMENT     92      93    157    156     92

 ELEMENT     93      94    158    157     93

 ELEMENT     94      95    159    158     94

 ELEMENT     95      96    160    159     95

 ELEMENT     96      97    161    160     96

 ELEMENT     97      98    162    161     97

 ELEMENT     98      99    163    162     98

 ELEMENT     99     100    164    163     99

 ELEMENT    100     101    165    164    100

 ELEMENT    101     102    166    165    101

 ELEMENT    102     103    167    166    102

 ELEMENT    103     104    168    167    103

 ELEMENT    104     105    169    168    104

 ELEMENT    105     106    170    169    105

 ELEMENT    106     107    171    170    106

 ELEMENT    107     108    172    171    107

 ELEMENT    108     109    173    172    108

 ELEMENT    109     110    174    173    109

 ELEMENT    110     111    175    174    110

 ELEMENT    111     112    176    175    111

 ELEMENT    112     113    177    176    112

 ELEMENT    113     114    178    177    113

 ELEMENT    114     115    179    178    114

 ELEMENT    115     116    180    179    115

 ELEMENT    116     117    181    180    116

 ELEMENT    117     118    182    181    117

 ELEMENT    118     119    183    182    118

 ELEMENT    119     120    184    183    119

 ELEMENT    120     121    185    184    120

 ELEMENT    121     122    186    185    121

 ELEMENT    122     123    187    186    122

 ELEMENT    123     124    188    187    123

 ELEMENT    124     125    189    188    124

 ELEMENT    125     126    190    189    125

 ELEMENT    126     127    191    190    126

 ELEMENT    127     128    192    191    127

 ELEMENT    128      65    129    192    128

 ELEMENT    129     130    194    193    129

 ELEMENT    130     131    195    194    130

 ELEMENT    131     132    196    195    131

 ELEMENT    132     133    197    196    132

 ELEMENT    133     134    198    197    133

 ELEMENT    134     135    199    198    134

 ELEMENT    135     136    200    199    135

 ELEMENT    136     137    201    200    136

 ELEMENT    137     138    202    201    137

 ELEMENT    138     139    203    202    138

 ELEMENT    139     140    204    203    139

 ELEMENT    140     141    205    204    140

 ELEMENT    141     142    206    205    141

 ELEMENT    142     143    207    206    142

 ELEMENT    143     144    208    207    143

 ELEMENT    144     145    209    208    144

 ELEMENT    145     146    210    209    145

 ELEMENT    146     147    211    210    146

 ELEMENT    147     148    212    211    147

 ELEMENT    148     149    213    212    148

 ELEMENT    149     150    214    213    149

 ELEMENT    150     151    215    214    150

 ELEMENT    151     152    216    215    151

 ELEMENT    152     153    217    216    152

 ELEMENT    153     154    218    217    153

 ELEMENT    154     155    219    218    154

 ELEMENT    155     156    220    219    155

 ELEMENT    156     157    221    220    156

 ELEMENT    157     158    222    221    157

 ELEMENT    158     159    223    222    158

 ELEMENT    159     160    224    223    159

 ELEMENT    160     161    225    224    160

 ELEMENT    161     162    226    225    161

 ELEMENT    162     163    227    226    162

 ELEMENT    163     164    228    227    163

 ELEMENT    164     165    229    228    164

 ELEMENT    165     166    230    229    165

 ELEMENT    166     167    231    230    166

 ELEMENT    167     168    232    231    167

 ELEMENT    168     169    233    232    168

 ELEMENT    169     170    234    233    169

 ELEMENT    170     171    235    234    170

 ELEMENT    171     172    236    235    171

 ELEMENT    172     173    237    236    172

 ELEMENT    173     174    238    237    173

 ELEMENT    174     175    239    238    174

 ELEMENT    175     176    240    239    175

 ELEMENT    176     177    241    240    176

 ELEMENT    177     178    242    241    177

 ELEMENT    178     179    243    242    178

 ELEMENT    179     180    244    243    179

 ELEMENT    180     181    245    244    180

 ELEMENT    181     182    246    245    181

 ELEMENT    182     183    247    246    182

 ELEMENT    183     184    248    247    183

 ELEMENT    184     185    249    248    184

 ELEMENT    185     186    250    249    185

 ELEMENT    186     187    251    250    186

 ELEMENT    187     188    252    251    187

 ELEMENT    188     189    253    252    188

 ELEMENT    189     190    254    253    189

 ELEMENT    190     191    255    254    190

 ELEMENT    191     192    256    255    191

 ELEMENT    192     129    193    256    192

 ELEMENT    193     194    258    257    193

 ELEMENT    194     195    259    258    194

 ELEMENT    195     196    260    259    195

 ELEMENT    196     197    261    260    196

 ELEMENT    197     198    262    261    197

 ELEMENT    198     199    263    262    198

 ELEMENT    199     200    264    263    199

 ELEMENT    200     201    265    264    200

 ELEMENT    201     202    266    265    201

 ELEMENT    202     203    267    266    202

 ELEMENT    203     204    268    267    203

 ELEMENT    204     205    269    268    204

 ELEMENT    205     206    270    269    205

 ELEMENT    206     207    271    270    206

 ELEMENT    207     208    272    271    207

 ELEMENT    208     209    273    272    208

 ELEMENT    209     210    274    273    209

 ELEMENT    210     211    275    274    210

 ELEMENT    211     212    276    275    211

 ELEMENT    212     213    277    276    212

 ELEMENT    213     214    278    277    213

 ELEMENT    214     215    279    278    214

 ELEMENT    215     216    280    279    215

 ELEMENT    216     217    281    280    216

 ELEMENT    217     218    282    281    217

 ELEMENT    218     219    283    282    218

 ELEMENT    219     220    284    283    219

 ELEMENT    220     221    285    284    220

 ELEMENT    221     222    286    285    221

 ELEMENT    222     223    287    286    222

 ELEMENT    223     224    288    287    223

 ELEMENT    224     225    289    288    224

 ELEMENT    225     226    290    289    225

 ELEMENT    226     227    291    290    226

 ELEMENT    227     228    292    291    227

 ELEMENT    228     229    293    292    228

 ELEMENT    229     230    294    293    229

 ELEMENT    230     231    295    294    230

 ELEMENT    231     232    296    295    231

 ELEMENT    232     233    297    296    232

 ELEMENT    233     234    298    297    233

 ELEMENT    234     235    299    298    234

 ELEMENT    235     236    300    299    235

 ELEMENT    236     237    301    300    236

 ELEMENT    237     238    302    301    237

 ELEMENT    238     239    303    302    238

 ELEMENT    239     240    304    303    239

 ELEMENT    240     241    305    304    240

 ELEMENT    241     242    306    305    241

 ELEMENT    242     243    307    306    242

 ELEMENT    243     244    308    307    243

 ELEMENT    244     245    309    308    244

 ELEMENT    245     246    310    309    245

 ELEMENT    246     247    311    310    246

 ELEMENT    247     248    312    311    247

 ELEMENT    248     249    313    312    248

 ELEMENT    249     250    314    313    249

 ELEMENT    250     251    315    314    250

 ELEMENT    251     252    316    315    251

 ELEMENT    252     253    317    316    252

 ELEMENT    253     254    318    317    253

 ELEMENT    254     255    319    318    254

 ELEMENT    255     256    320    319    255

 ELEMENT    256     193    257    320    256

 ELEMENT    257     258    322    321    257

 ELEMENT    258     259    323    322    258

 ELEMENT    259     260    324    323    259

 ELEMENT    260     261    325    324    260

 ELEMENT    261     262    326    325    261

 ELEMENT    262     263    327    326    262

 ELEMENT    263     264    328    327    263

 ELEMENT    264     265    329    328    264

 ELEMENT    265     266    330    329    265

 ELEMENT    266     267    331    330    266

 ELEMENT    267     268    332    331    267

 ELEMENT    268     269    333    332    268

 ELEMENT    269     270    334    333    269

 ELEMENT    270     271    335    334    270

 ELEMENT    271     272    336    335    271

 ELEMENT    272     273    337    336    272

 ELEMENT    273     274    338    337    273

 ELEMENT    274     275    339    338    274

 ELEMENT    275     276    340    339    275

 ELEMENT    276     277    341    340    276

 ELEMENT    277     278    342    341    277

 ELEMENT    278     279    343    342    278

 ELEMENT    279     280    344    343    279

 ELEMENT    280     281    345    344    280

 ELEMENT    281     282    346    345    281

 ELEMENT    282     283    347    346    282

 ELEMENT    283     284    348    347    283

 ELEMENT    284     285    349    348    284

 ELEMENT    285     286    350    349    285

 ELEMENT    286     287    351    350    286

 ELEMENT    287     288    352    351    287

 ELEMENT    288     289    353    352    288

 ELEMENT    289     290    354    353    289

 ELEMENT    290     291    355    354    290

 ELEMENT    291     292    356    355    291

 ELEMENT    292     293    357    356    292

 ELEMENT    293     294    358    357    293

 ELEMENT    294     295    359    358    294

 ELEMENT    295     296    360    359    295

 ELEMENT    296     297    361    360    296

 ELEMENT    297     298    362    361    297

 ELEMENT    298     299    363    362    298

 ELEMENT    299     300    364    363    299

 ELEMENT    300     301    365    364    300

 ELEMENT    301     302    366    365    301

 ELEMENT    302     303    367    366    302

 ELEMENT    303     304    368    367    303

 ELEMENT    304     305    369    368    304

 ELEMENT    305     306    370    369    305

 ELEMENT    306     307    371    370    306

 ELEMENT    307     308    372    371    307

 ELEMENT    308     309    373    372    308

 ELEMENT    309     310    374    373    309

 ELEMENT    310     311    375    374    310

 ELEMENT    311     312    376    375    311

 ELEMENT    312     313    377    376    312

 ELEMENT    313     314    378    377    313

 ELEMENT    314     315    379    378    314

 ELEMENT    315     316    380    379    315

 ELEMENT    316     317    381    380    316

 ELEMENT    317     318    382    381    317

 ELEMENT    318     319    383    382    318

 ELEMENT    319     320    384    383    319

 ELEMENT    320     257    321    384    320

 ELEMENT    321     322    386    385    321

 ELEMENT    322     323    387    386    322

 ELEMENT    323     324    388    387    323

 ELEMENT    324     325    389    388    324

 ELEMENT    325     326    390    389    325

 ELEMENT    326     327    391    390    326

 ELEMENT    327     328    392    391    327

 ELEMENT    328     329    393    392    328

 ELEMENT    329     330    394    393    329

 ELEMENT    330     331    395    394    330

 ELEMENT    331     332    396    395    331

 ELEMENT    332     333    397    396    332

 ELEMENT    333     334    398    397    333

 ELEMENT    334     335    399    398    334

 ELEMENT    335     336    400    399    335

 ELEMENT    336     337    401    400    336

 ELEMENT    337     338    402    401    337

 ELEMENT    338     339    403    402    338

 ELEMENT    339     340    404    403    339

 ELEMENT    340     341    405    404    340

 ELEMENT    341     342    406    405    341

 ELEMENT    342     343    407    406    342

 ELEMENT    343     344    408    407    343

 ELEMENT    344     345    409    408    344

 ELEMENT    345     346    410    409    345

 ELEMENT    346     347    411    410    346

 ELEMENT    347     348    412    411    347

 ELEMENT    348     349    413    412    348

 ELEMENT    349     350    414    413    349

 ELEMENT    350     351    415    414    350

 ELEMENT    351     352    416    415    351

 ELEMENT    352     353    417    416    352

 ELEMENT    353     354    418    417    353

 ELEMENT    354     355    419    418    354

 ELEMENT    355     356    420    419    355

 ELEMENT    356     357    421    420    356

 ELEMENT    357     358    422    421    357

 ELEMENT    358     359    423    422    358

 ELEMENT    359     360    424    423    359

 ELEMENT    360     361    425    424    360

 ELEMENT    361     362    426    425    361

 ELEMENT    362     363    427    426    362

 ELEMENT    363     364    428    427    363

 ELEMENT    364     365    429    428    364

 ELEMENT    365     366    430    429    365

 ELEMENT    366     367    431    430    366

 ELEMENT    367     368    432    431    367

 ELEMENT    368     369    433    432    368

 ELEMENT    369     370    434    433    369

 ELEMENT    370     371    435    434    370

 ELEMENT    371     372    436    435    371

 ELEMENT    372     373    437    436    372

 ELEMENT    373     374    438    437    373

 ELEMENT    374     375    439    438    374

 ELEMENT    375     376    440    439    375

 ELEMENT    376     377    441    440    376

 ELEMENT    377     378    442    441    377

 ELEMENT    378     379    443    442    378

 ELEMENT    379     380    444    443    379

 ELEMENT    380     381    445    444    380

 ELEMENT    381     382    446    445    381

 ELEMENT    382     383    447    446    382

 ELEMENT    383     384    448    447    383

 ELEMENT    384     321    385    448    384

 ELEMENT    385     386    450    449    385

 ELEMENT    386     387    451    450    386

 ELEMENT    387     388    452    451    387

 ELEMENT    388     389    453    452    388

 ELEMENT    389     390    454    453    389

 ELEMENT    390     391    455    454    390

 ELEMENT    391     392    456    455    391

 ELEMENT    392     393    457    456    392

 ELEMENT    393     394    458    457    393

 ELEMENT    394     395    459    458    394

 ELEMENT    395     396    460    459    395

 ELEMENT    396     397    461    460    396

 ELEMENT    397     398    462    461    397

 ELEMENT    398     399    463    462    398

 ELEMENT    399     400    464    463    399

 ELEMENT    400     401    465    464    400

 ELEMENT    401     402    466    465    401

 ELEMENT    402     403    467    466    402

 ELEMENT    403     404    468    467    403

 ELEMENT    404     405    469    468    404

 ELEMENT    405     406    470    469    405

 ELEMENT    406     407    471    470    406

 ELEMENT    407     408    472    471    407

 ELEMENT    408     409    473    472    408

 ELEMENT    409     410    474    473    409

 ELEMENT    410     411    475    474    410

 ELEMENT    411     412    476    475    411

 ELEMENT    412     413    477    476    412

 ELEMENT    413     414    478    477    413

 ELEMENT    414     415    479    478    414

 ELEMENT    415     416    480    479    415

 ELEMENT    416     417    481    480    416

 ELEMENT    417     418    482    481    417

 ELEMENT    418     419    483    482    418

 ELEMENT    419     420    484    483    419

 ELEMENT    420     421    485    484    420

 ELEMENT    421     422    486    485    421

 ELEMENT    422     423    487    486    422

 ELEMENT    423     424    488    487    423

 ELEMENT    424     425    489    488    424

 ELEMENT    425     426    490    489    425

 ELEMENT    426     427    491    490    426

 ELEMENT    427     428    492    491    427

 ELEMENT    428     429    493    492    428

 ELEMENT    429     430    494    493    429

 ELEMENT    430     431    495    494    430

 ELEMENT    431     432    496    495    431

 ELEMENT    432     433    497    496    432

 ELEMENT    433     434    498    497    433

 ELEMENT    434     435    499    498    434

 ELEMENT    435     436    500    499    435

 ELEMENT    436     437    501    500    436

 ELEMENT    437     438    502    501    437

 ELEMENT    438     439    503    502    438

 ELEMENT    439     440    504    503    439

 ELEMENT    440     441    505    504    440

 ELEMENT    441     442    506    505    441

 ELEMENT    442     443    507    506    442

 ELEMENT    443     444    508    507    443

 ELEMENT    444     445    509    508    444

 ELEMENT    445     446    510    509    445

 ELEMENT    446     447    511    510    446

 ELEMENT    447     448    512    511    447

 ELEMENT    448     385    449    512    448

 ELEMENT    449     450    514    513    449

 ELEMENT    450     451    515    514    450

 ELEMENT    451     452    516    515    451

 ELEMENT    452     453    517    516    452

 ELEMENT    453     454    518    517    453

 ELEMENT    454     455    519    518    454

 ELEMENT    455     456    520    519    455

 ELEMENT    456     457    521    520    456

 ELEMENT    457     458    522    521    457

 ELEMENT    458     459    523    522    458

 ELEMENT    459     460    524    523    459

 ELEMENT    460     461    525    524    460

 ELEMENT    461     462    526    525    461

 ELEMENT    462     463    527    526    462

 ELEMENT    463     464    528    527    463

 ELEMENT    464     465    529    528    464

 ELEMENT    465     466    530    529    465

 ELEMENT    466     467    531    530    466

 ELEMENT    467     468    532    531    467

 ELEMENT    468     469    533    532    468

 ELEMENT    469     470    534    533    469

 ELEMENT    470     471    535    534    470

 ELEMENT    471     472    536    535    471

 ELEMENT    472     473    537    536    472

 ELEMENT    473     474    538    537    473

 ELEMENT    474     475    539    538    474

 ELEMENT    475     476    540    539    475

 ELEMENT    476     477    541    540    476

 ELEMENT    477     478    542    541    477

 ELEMENT    478     479    543    542    478

 ELEMENT    479     480    544    543    479

 ELEMENT    480     481    545    544    480

 ELEMENT    481     482    546    545    481

 ELEMENT    482     483    547    546    482

 ELEMENT    483     484    548    547    483

 ELEMENT    484     485    549    548    484

 ELEMENT    485     486    550    549    485

 ELEMENT    486     487    551    550    486

 ELEMENT    487     488    552    551    487

 ELEMENT    488     489    553    552    488

 ELEMENT    489     490    554    553    489

 ELEMENT    490     491    555    554    490

 ELEMENT    491     492    556    555    491

 ELEMENT    492     493    557    556    492

 ELEMENT    493     494    558    557    493

 ELEMENT    494     495    559    558    494

 ELEMENT    495     496    560    559    495

 ELEMENT    496     497    561    560    496

 ELEMENT    497     498    562    561    497

 ELEMENT    498     499    563    562    498

 ELEMENT    499     500    564    563    499

 ELEMENT    500     501    565    564    500

 ELEMENT    501     502    566    565    501

 ELEMENT    502     503    567    566    502

 ELEMENT    503     504    568    567    503

 ELEMENT    504     505    569    568    504

 ELEMENT    505     506    570    569    505

 ELEMENT    506     507    571    570    506

 ELEMENT    507     508    572    571    507

 ELEMENT    508     509    573    572    508

 ELEMENT    509     510    574    573    509

 ELEMENT    510     511    575    574    510

 ELEMENT    511     512    576    575    511

 ELEMENT    512     449    513    576    512

 ELEMENT    513     514    578    577    513

 ELEMENT    514     515    579    578    514

 ELEMENT    515     516    580    579    515

 ELEMENT    516     517    581    580    516

 ELEMENT    517     518    582    581    517

 ELEMENT    518     519    583    582    518

 ELEMENT    519     520    584    583    519

 ELEMENT    520     521    585    584    520

 ELEMENT    521     522    586    585    521

 ELEMENT    522     523    587    586    522

 ELEMENT    523     524    588    587    523

 ELEMENT    524     525    589    588    524

 ELEMENT    525     526    590    589    525

 ELEMENT    526     527    591    590    526

 ELEMENT    527     528    592    591    527

 ELEMENT    528     529    593    592    528

 ELEMENT    529     530    594    593    529

 ELEMENT    530     531    595    594    530

 ELEMENT    531     532    596    595    531

 ELEMENT    532     533    597    596    532

 ELEMENT    533     534    598    597    533

 ELEMENT    534     535    599    598    534

 ELEMENT    535     536    600    599    535

 ELEMENT    536     537    601    600    536

 ELEMENT    537     538    602    601    537

 ELEMENT    538     539    603    602    538

 ELEMENT    539     540    604    603    539

 ELEMENT    540     541    605    604    540

 ELEMENT    541     542    606    605    541

 ELEMENT    542     543    607    606    542

 ELEMENT    543     544    608    607    543

 ELEMENT    544     545    609    608    544

 ELEMENT    545     546    610    609    545

 ELEMENT    546     547    611    610    546

 ELEMENT    547     548    612    611    547

 ELEMENT    548     549    613    612    548

 ELEMENT    549     550    614    613    549

 ELEMENT    550     551    615    614    550

 ELEMENT    551     552    616    615    551

 ELEMENT    552     553    617    616    552

 ELEMENT    553     554    618    617    553

 ELEMENT    554     555    619    618    554

 ELEMENT    555     556    620    619    555

 ELEMENT    556     557    621    620    556

 ELEMENT    557     558    622    621    557

 ELEMENT    558     559    623    622    558

 ELEMENT    559     560    624    623    559

 ELEMENT    560     561    625    624    560

 ELEMENT    561     562    626    625    561

 ELEMENT    562     563    627    626    562

 ELEMENT    563     564    628    627    563

 ELEMENT    564     565    629    628    564

 ELEMENT    565     566    630    629    565

 ELEMENT    566     567    631    630    566

 ELEMENT    567     568    632    631    567

 ELEMENT    568     569    633    632    568

 ELEMENT    569     570    634    633    569

 ELEMENT    570     571    635    634    570

 ELEMENT    571     572    636    635    571

 ELEMENT    572     573    637    636    572

 ELEMENT    573     574    638    637    573

 ELEMENT    574     575    639    638    574

 ELEMENT    575     576    640    639    575

 ELEMENT    576     513    577    640    576

 ELEMENT    577     578    642    641    577

 ELEMENT    578     579    643    642    578

 ELEMENT    579     580    644    643    579

 ELEMENT    580     581    645    644    580

 ELEMENT    581     582    646    645    581

 ELEMENT    582     583    647    646    582

 ELEMENT    583     584    648    647    583

 ELEMENT    584     585    649    648    584

 ELEMENT    585     586    650    649    585

 ELEMENT    586     587    651    650    586

 ELEMENT    587     588    652    651    587

 ELEMENT    588     589    653    652    588

 ELEMENT    589     590    654    653    589

 ELEMENT    590     591    655    654    590

 ELEMENT    591     592    656    655    591

 ELEMENT    592     593    657    656    592

 ELEMENT    593     594    658    657    593

 ELEMENT    594     595    659    658    594

 ELEMENT    595     596    660    659    595

 ELEMENT    596     597    661    660    596

 ELEMENT    597     598    662    661    597

 ELEMENT    598     599    663    662    598

 ELEMENT    599     600    664    663    599

 ELEMENT    600     601    665    664    600

 ELEMENT    601     602    666    665    601

 ELEMENT    602     603    667    666    602

 ELEMENT    603     604    668    667    603

 ELEMENT    604     605    669    668    604

 ELEMENT    605     606    670    669    605

 ELEMENT    606     607    671    670    606

 ELEMENT    607     608    672    671    607

 ELEMENT    608     609    673    672    608

 ELEMENT    609     610    674    673    609

 ELEMENT    610     611    675    674    610

 ELEMENT    611     612    676    675    611

 ELEMENT    612     613    677    676    612

 ELEMENT    613     614    678    677    613

 ELEMENT    614     615    679    678    614

 ELEMENT    615     616    680    679    615

 ELEMENT    616     617    681    680    616

 ELEMENT    617     618    682    681    617

 ELEMENT    618     619    683    682    618

 ELEMENT    619     620    684    683    619

 ELEMENT    620     621    685    684    620

 ELEMENT    621     622    686    685    621

 ELEMENT    622     623    687    686    622

 ELEMENT    623     624    688    687    623

 ELEMENT    624     625    689    688    624

 ELEMENT    625     626    690    689    625

 ELEMENT    626     627    691    690    626

 ELEMENT    627     628    692    691    627

 ELEMENT    628     629    693    692    628

 ELEMENT    629     630    694    693    629

 ELEMENT    630     631    695    694    630

 ELEMENT    631     632    696    695    631

 ELEMENT    632     633    697    696    632

 ELEMENT    633     634    698    697    633

 ELEMENT    634     635    699    698    634

 ELEMENT    635     636    700    699    635

 ELEMENT    636     637    701    700    636

 ELEMENT    637     638    702    701    637

 ELEMENT    638     639    703    702    638

 ELEMENT    639     640    704    703    639

 ELEMENT    640     577    641    704    640

 ELEMENT    641     642    706    705    641

 ELEMENT    642     643    707    706    642

 ELEMENT    643     644    708    707    643

 ELEMENT    644     645    709    708    644

 ELEMENT    645     646    710    709    645

 ELEMENT    646     647    711    710    646

 ELEMENT    647     648    712    711    647

 ELEMENT    648     649    713    712    648

 ELEMENT    649     650    714    713    649

 ELEMENT    650     651    715    714    650

 ELEMENT    651     652    716    715    651

 ELEMENT    652     653    717    716    652

 ELEMENT    653     654    718    717    653

 ELEMENT    654     655    719    718    654

 ELEMENT    655     656    720    719    655

 ELEMENT    656     657    721    720    656

 ELEMENT    657     658    722    721    657

 ELEMENT    658     659    723    722    658

 ELEMENT    659     660    724    723    659

 ELEMENT    660     661    725    724    660

 ELEMENT    661     662    726    725    661

 ELEMENT    662     663    727    726    662

 ELEMENT    663     664    728    727    663

 ELEMENT    664     665    729    728    664

 ELEMENT    665     666    730    729    665

 ELEMENT    666     667    731    730    666

 ELEMENT    667     668    732    731    667

 ELEMENT    668     669    733    732    668

 ELEMENT    669     670    734    733    669

 ELEMENT    670     671    735    734    670

 ELEMENT    671     672    736    735    671

 ELEMENT    672     673    737    736    672

 ELEMENT    673     674    738    737    673

 ELEMENT    674     675    739    738    674

 ELEMENT    675     676    740    739    675

 ELEMENT    676     677    741    740    676

 ELEMENT    677     678    742    741    677

 ELEMENT    678     679    743    742    678

 ELEMENT    679     680    744    743    679

 ELEMENT    680     681    745    744    680

 ELEMENT    681     682    746    745    681

 ELEMENT    682     683    747    746    682

 ELEMENT    683     684    748    747    683

 ELEMENT    684     685    749    748    684

 ELEMENT    685     686    750    749    685

 ELEMENT    686     687    751    750    686

 ELEMENT    687     688    752    751    687

 ELEMENT    688     689    753    752    688

 ELEMENT    689     690    754    753    689

 ELEMENT    690     691    755    754    690

 ELEMENT    691     692    756    755    691

 ELEMENT    692     693    757    756    692

 ELEMENT    693     694    758    757    693

 ELEMENT    694     695    759    758    694

 ELEMENT    695     696    760    759    695

 ELEMENT    696     697    761    760    696

 ELEMENT    697     698    762    761    697

 ELEMENT    698     699    763    762    698

 ELEMENT    699     700    764    763    699

 ELEMENT    700     701    765    764    700

 ELEMENT    701     702    766    765    701

 ELEMENT    702     703    767    766    702

 ELEMENT    703     704    768    767    703

 ELEMENT    704     641    705    768    704

 ELEMENT    705     706    770    769    705

 ELEMENT    706     707    771    770    706

 ELEMENT    707     708    772    771    707

 ELEMENT    708     709    773    772    708

 ELEMENT    709     710    774    773    709

 ELEMENT    710     711    775    774    710

 ELEMENT    711     712    776    775    711

 ELEMENT    712     713    777    776    712

 ELEMENT    713     714    778    777    713

 ELEMENT    714     715    779    778    714

 ELEMENT    715     716    780    779    715

 ELEMENT    716     717    781    780    716

 ELEMENT    717     718    782    781    717

 ELEMENT    718     719    783    782    718

 ELEMENT    719     720    784    783    719

 ELEMENT    720     721    785    784    720

 ELEMENT    721     722    786    785    721

 ELEMENT    722     723    787    786    722

 ELEMENT    723     724    788    787    723

 ELEMENT    724     725    789    788    724

 ELEMENT    725     726    790    789    725

 ELEMENT    726     727    791    790    726

 ELEMENT    727     728    792    791    727

 ELEMENT    728     729    793    792    728

 ELEMENT    729     730    794    793    729

 ELEMENT    730     731    795    794    730

 ELEMENT    731     732    796    795    731

 ELEMENT    732     733    797    796    732

 ELEMENT    733     734    798    797    733

 ELEMENT    734     735    799    798    734

 ELEMENT    735     736    800    799    735

 ELEMENT    736     737    801    800    736

 ELEMENT    737     738    802    801    737

 ELEMENT    738     739    803    802    738

 ELEMENT    739     740    804    803    739

 ELEMENT    740     741    805    804    740

 ELEMENT    741     742    806    805    741

 ELEMENT    742     743    807    806    742

 ELEMENT    743     744    808    807    743

 ELEMENT    744     745    809    808    744

 ELEMENT    745     746    810    809    745

 ELEMENT    746     747    811    810    746

 ELEMENT    747     748    812    811    747

 ELEMENT    748     749    813    812    748

 ELEMENT    749     750    814    813    749

 ELEMENT    750     751    815    814    750

 ELEMENT    751     752    816    815    751

 ELEMENT    752     753    817    816    752

 ELEMENT    753     754    818    817    753

 ELEMENT    754     755    819    818    754

 ELEMENT    755     756    820    819    755

 ELEMENT    756     757    821    820    756

 ELEMENT    757     758    822    821    757

 ELEMENT    758     759    823    822    758

 ELEMENT    759     760    824    823    759

 ELEMENT    760     761    825    824    760

 ELEMENT    761     762    826    825    761

 ELEMENT    762     763    827    826    762

 ELEMENT    763     764    828    827    763

 ELEMENT    764     765    829    828    764

 ELEMENT    765     766    830    829    765

 ELEMENT    766     767    831    830    766

 ELEMENT    767     768    832    831    767

 ELEMENT    768     705    769    832    768

 ELEMENT    769     770    834    833    769

 ELEMENT    770     771    835    834    770

 ELEMENT    771     772    836    835    771

 ELEMENT    772     773    837    836    772

 ELEMENT    773     774    838    837    773

 ELEMENT    774     775    839    838    774

 ELEMENT    775     776    840    839    775

 ELEMENT    776     777    841    840    776

 ELEMENT    777     778    842    841    777

 ELEMENT    778     779    843    842    778

 ELEMENT    779     780    844    843    779

 ELEMENT    780     781    845    844    780

 ELEMENT    781     782    846    845    781

 ELEMENT    782     783    847    846    782

 ELEMENT    783     784    848    847    783

 ELEMENT    784     785    849    848    784

 ELEMENT    785     834    851    850    833

 ELEMENT    786     835    852    851    834

 ELEMENT    787     836    853    852    835

 ELEMENT    788     837    854    853    836

 ELEMENT    789     838    855    854    837

 ELEMENT    790     839    856    855    838

 ELEMENT    791     840    857    856    839

 ELEMENT    792     841    858    857    840

 ELEMENT    793     842    859    858    841

 ELEMENT    794     843    860    859    842

 ELEMENT    795     844    861    860    843

 ELEMENT    796     845    862    861    844

 ELEMENT    797     846    863    862    845

 ELEMENT    798     847    864    863    846

 ELEMENT    799     848    865    864    847

 ELEMENT    800     849    866    865    848

 ELEMENT    801     851    868    867    850

 ELEMENT    802     852    869    868    851

 ELEMENT    803     853    870    869    852

 ELEMENT    804     854    871    870    853

 ELEMENT    805     855    872    871    854

 ELEMENT    806     856    873    872    855

 ELEMENT    807     857    874    873    856

 ELEMENT    808     858    875    874    857

 ELEMENT    809     859    876    875    858

 ELEMENT    810     860    877    876    859

 ELEMENT    811     861    878    877    860

 ELEMENT    812     862    879    878    861

 ELEMENT    813     863    880    879    862

 ELEMENT    814     864    881    880    863

 ELEMENT    815     865    882    881    864

 ELEMENT    816     866    883    882    865

 ELEMENT    817     868    885    884    867

 ELEMENT    818     869    886    885    868

 ELEMENT    819     870    887    886    869

 ELEMENT    820     871    888    887    870

 ELEMENT    821     872    889    888    871

 ELEMENT    822     873    890    889    872

 ELEMENT    823     874    891    890    873

 ELEMENT    824     875    892    891    874

 ELEMENT    825     876    893    892    875

 ELEMENT    826     877    894    893    876

 ELEMENT    827     878    895    894    877

 ELEMENT    828     879    896    895    878

 ELEMENT    829     880    897    896    879

 ELEMENT    830     881    898    897    880

 ELEMENT    831     882    899    898    881

 ELEMENT    832     883    900    899    882

 ELEMENT    833     885    902    901    884

 ELEMENT    834     886    903    902    885

 ELEMENT    835     887    904    903    886

 ELEMENT    836     888    905    904    887

 ELEMENT    837     889    906    905    888

 ELEMENT    838     890    907    906    889

 ELEMENT    839     891    908    907    890

 ELEMENT    840     892    909    908    891

 ELEMENT    841     893    910    909    892

 ELEMENT    842     894    911    910    893

 ELEMENT    843     895    912    911    894

 ELEMENT    844     896    913    912    895

 ELEMENT    845     897    914    913    896

 ELEMENT    846     898    915    914    897

 ELEMENT    847     899    916    915    898

 ELEMENT    848     900    917    916    899

 ELEMENT    849     902    919    918    901

 ELEMENT    850     903    920    919    902

 ELEMENT    851     904    921    920    903

 ELEMENT    852     905    922    921    904

 ELEMENT    853     906    923    922    905

 ELEMENT    854     907    924    923    906

 ELEMENT    855     908    925    924    907

 ELEMENT    856     909    926    925    908

 ELEMENT    857     910    927    926    909

 ELEMENT    858     911    928    927    910

 ELEMENT    859     912    929    928    911

 ELEMENT    860     913    930    929    912

 ELEMENT    861     914    931    930    913

 ELEMENT    862     915    932    931    914

 ELEMENT    863     916    933    932    915

 ELEMENT    864     917    934    933    916

 ELEMENT    865     919    936    935    918

 ELEMENT    866     920    937    936    919

 ELEMENT    867     921    938    937    920

 ELEMENT    868     922    939    938    921

 ELEMENT    869     923    940    939    922

 ELEMENT    870     924    941    940    923

 ELEMENT    871     925    942    941    924

 ELEMENT    872     926    943    942    925

 ELEMENT    873     927    944    943    926

 ELEMENT    874     928    945    944    927

 ELEMENT    875     929    946    945    928

 ELEMENT    876     930    947    946    929

 ELEMENT    877     931    948    947    930

 ELEMENT    878     932    949    948    931

 ELEMENT    879     933    950    949    932

 ELEMENT    880     934    951    950    933

 ELEMENT    881     936    953    952    935

 ELEMENT    882     937    954    953    936

 ELEMENT    883     938    955    954    937

 ELEMENT    884     939    956    955    938

 ELEMENT    885     940    957    956    939

 ELEMENT    886     941    958    957    940

 ELEMENT    887     942    959    958    941

 ELEMENT    888     943    960    959    942

 ELEMENT    889     944    961    960    943

 ELEMENT    890     945    962    961    944

 ELEMENT    891     946    963    962    945

 ELEMENT    892     947    964    963    946

 ELEMENT    893     948    965    964    947

 ELEMENT    894     949    966    965    948

 ELEMENT    895     950    967    966    949

 ELEMENT    896     951    968    967    950

 ELEMENT    897     953    970    969    952

 ELEMENT    898     954    971    970    953

 ELEMENT    899     955    972    971    954

 ELEMENT    900     956    973    972    955

 ELEMENT    901     957    974    973    956

 ELEMENT    902     958    975    974    957

 ELEMENT    903     959    976    975    958

 ELEMENT    904     960    977    976    959

 ELEMENT    905     961    978    977    960

 ELEMENT    906     962    979    978    961

 ELEMENT    907     963    980    979    962

 ELEMENT    908     964    981    980    963

 ELEMENT    909     965    982    981    964

 ELEMENT    910     966    983    982    965

 ELEMENT    911     967    984    983    966

 ELEMENT    912     968    985    984    967

 ELEMENT    913     970    987    986    969

 ELEMENT    914     971    988    987    970

 ELEMENT    915     972    989    988    971

 ELEMENT    916     973    990    989    972

 ELEMENT    917     974    991    990    973

 ELEMENT    918     975    992    991    974

 ELEMENT    919     976    993    992    975

 ELEMENT    920     977    994    993    976

 ELEMENT    921     978    995    994    977

 ELEMENT    922     979    996    995    978

 ELEMENT    923     980    997    996    979

 ELEMENT    924     981    998    997    980

 ELEMENT    925     982    999    998    981

 ELEMENT    926     983   1000    999    982

 ELEMENT    927     984   1001   1000    983

 ELEMENT    928     985   1002   1001    984

 ELEMENT    929     987   1004   1003    986

 ELEMENT    930     988   1005   1004    987

 ELEMENT    931     989   1006   1005    988

 ELEMENT    932     990   1007   1006    989

 ELEMENT    933     991   1008   1007    990

 ELEMENT    934     992   1009   1008    991

 ELEMENT    935     993   1010   1009    992

 ELEMENT    936     994   1011   1010    993

 ELEMENT    937     995   1012   1011    994

 ELEMENT    938     996   1013   1012    995

 ELEMENT    939     997   1014   1013    996

 ELEMENT    940     998   1015   1014    997

 ELEMENT    941     999   1016   1015    998

 ELEMENT    942    1000   1017   1016    999

 ELEMENT    943    1001   1018   1017   1000

 ELEMENT    944    1002   1019   1018   1001

 ELEMENT    945    1004   1021   1020   1003

 ELEMENT    946    1005   1022   1021   1004

 ELEMENT    947    1006   1023   1022   1005

 ELEMENT    948    1007   1024   1023   1006

 ELEMENT    949    1008   1025   1024   1007

 ELEMENT    950    1009   1026   1025   1008

 ELEMENT    951    1010   1027   1026   1009

 ELEMENT    952    1011   1028   1027   1010

 ELEMENT    953    1012   1029   1028   1011

 ELEMENT    954    1013   1030   1029   1012

 ELEMENT    955    1014   1031   1030   1013

 ELEMENT    956    1015   1032   1031   1014

 ELEMENT    957    1016   1033   1032   1015

 ELEMENT    958    1017   1034   1033   1016

 ELEMENT    959    1018   1035   1034   1017

 ELEMENT    960    1019   1036   1035   1018

 ELEMENT    961    1021   1038   1037   1020

 ELEMENT    962    1022   1039   1038   1021

 ELEMENT    963    1023   1040   1039   1022

 ELEMENT    964    1024   1041   1040   1023

 ELEMENT    965    1025   1042   1041   1024

 ELEMENT    966    1026   1043   1042   1025

 ELEMENT    967    1027   1044   1043   1026

 ELEMENT    968    1028   1045   1044   1027

 ELEMENT    969    1029   1046   1045   1028

 ELEMENT    970    1030   1047   1046   1029

 ELEMENT    971    1031   1048   1047   1030

 ELEMENT    972    1032   1049   1048   1031

 ELEMENT    973    1033   1050   1049   1032

 ELEMENT    974    1034   1051   1050   1033

 ELEMENT    975    1035   1052   1051   1034

 ELEMENT    976    1036   1053   1052   1035

 ELEMENT    977    1038   1055   1054   1037

 ELEMENT    978    1039   1056   1055   1038

 ELEMENT    979    1040   1057   1056   1039

 ELEMENT    980    1041   1058   1057   1040

 ELEMENT    981    1042   1059   1058   1041

 ELEMENT    982    1043   1060   1059   1042

 ELEMENT    983    1044   1061   1060   1043

 ELEMENT    984    1045   1062   1061   1044

 ELEMENT    985    1046   1063   1062   1045

 ELEMENT    986    1047   1064   1063   1046

 ELEMENT    987    1048   1065   1064   1047

 ELEMENT    988    1049   1066   1065   1048

 ELEMENT    989    1050   1067   1066   1049

 ELEMENT    990    1051   1068   1067   1050

 ELEMENT    991    1052   1069   1068   1051

 ELEMENT    992    1053   1070   1069   1052

 ELEMENT    993    1055   1072   1071   1054

 ELEMENT    994    1056   1073   1072   1055

 ELEMENT    995    1057   1074   1073   1056

 ELEMENT    996    1058   1075   1074   1057

 ELEMENT    997    1059   1076   1075   1058

 ELEMENT    998    1060   1077   1076   1059

 ELEMENT    999    1061   1078   1077   1060

 ELEMENT   1000    1062   1079   1078   1061

 ELEMENT   1001    1063   1080   1079   1062

 ELEMENT   1002    1064   1081   1080   1063

 ELEMENT   1003    1065   1082   1081   1064

 ELEMENT   1004    1066   1083   1082   1065

 ELEMENT   1005    1067   1084   1083   1066

 ELEMENT   1006    1068   1085   1084   1067

 ELEMENT   1007    1069   1086   1085   1068

 ELEMENT   1008    1070   1087   1086   1069

 ELEMENT   1009    1072   1089   1088   1071

 ELEMENT   1010    1073   1090   1089   1072

 ELEMENT   1011    1074   1091   1090   1073

 ELEMENT   1012    1075   1092   1091   1074

 ELEMENT   1013    1076   1093   1092   1075

 ELEMENT   1014    1077   1094   1093   1076

 ELEMENT   1015    1078   1095   1094   1077

 ELEMENT   1016    1079   1096   1095   1078

 ELEMENT   1017    1080   1097   1096   1079

 ELEMENT   1018    1081   1098   1097   1080

 ELEMENT   1019    1082   1099   1098   1081

 ELEMENT   1020    1083   1100   1099   1082

 ELEMENT   1021    1084   1101   1100   1083

 ELEMENT   1022    1085   1102   1101   1084

 ELEMENT   1023    1086   1103   1102   1085

 ELEMENT   1024    1087   1104   1103   1086

 ELEMENT   1025    1089   1106   1105   1088

 ELEMENT   1026    1090   1107   1106   1089

 ELEMENT   1027    1091   1108   1107   1090

 ELEMENT   1028    1092   1109   1108   1091

 ELEMENT   1029    1093   1110   1109   1092

 ELEMENT   1030    1094   1111   1110   1093

 ELEMENT   1031    1095   1112   1111   1094

 ELEMENT   1032    1096   1113   1112   1095

 ELEMENT   1033    1097   1114   1113   1096

 ELEMENT   1034    1098   1115   1114   1097

 ELEMENT   1035    1099   1116   1115   1098

 ELEMENT   1036    1100   1117   1116   1099

 ELEMENT   1037    1101   1118   1117   1100

 ELEMENT   1038    1102   1119   1118   1101

 ELEMENT   1039    1103   1120   1119   1102

 ELEMENT   1040    1104   1121   1120   1103

 ELEMENT   1041    1106   1123   1122   1105

 ELEMENT   1042    1107   1124   1123   1106

 ELEMENT   1043    1108   1125   1124   1107

 ELEMENT   1044    1109   1126   1125   1108

 ELEMENT   1045    1110   1127   1126   1109

 ELEMENT   1046    1111   1128   1127   1110

 ELEMENT   1047    1112   1129   1128   1111

 ELEMENT   1048    1113   1130   1129   1112

 ELEMENT   1049    1114   1131   1130   1113

 ELEMENT   1050    1115   1132   1131   1114

 ELEMENT   1051    1116   1133   1132   1115

 ELEMENT   1052    1117   1134   1133   1116

 ELEMENT   1053    1118   1135   1134   1117

 ELEMENT   1054    1119   1136   1135   1118

 ELEMENT   1055    1120   1137   1136   1119

 ELEMENT   1056    1121   1138   1137   1120

 ELEMENT   1057    1123   1140   1139   1122

 ELEMENT   1058    1124   1141   1140   1123

 ELEMENT   1059    1125   1142   1141   1124

 ELEMENT   1060    1126   1143   1142   1125

 ELEMENT   1061    1127   1144   1143   1126

 ELEMENT   1062    1128   1145   1144   1127

 ELEMENT   1063    1129   1146   1145   1128

 ELEMENT   1064    1130   1147   1146   1129

 ELEMENT   1065    1131   1148   1147   1130

 ELEMENT   1066    1132   1149   1148   1131

 ELEMENT   1067    1133   1150   1149   1132

 ELEMENT   1068    1134   1151   1150   1133

 ELEMENT   1069    1135   1152   1151   1134

 ELEMENT   1070    1136   1153   1152   1135

 ELEMENT   1071    1137   1154   1153   1136

 ELEMENT   1072    1138   1155   1154   1137

 ELEMENT   1073    1140   1157   1156   1139

 ELEMENT   1074    1141   1158   1157   1140

 ELEMENT   1075    1142   1159   1158   1141

 ELEMENT   1076    1143   1160   1159   1142

 ELEMENT   1077    1144   1161   1160   1143

 ELEMENT   1078    1145   1162   1161   1144

 ELEMENT   1079    1146   1163   1162   1145

 ELEMENT   1080    1147   1164   1163   1146

 ELEMENT   1081    1148   1165   1164   1147

 ELEMENT   1082    1149   1166   1165   1148

 ELEMENT   1083    1150   1167   1166   1149

 ELEMENT   1084    1151   1168   1167   1150

 ELEMENT   1085    1152   1169   1168   1151

 ELEMENT   1086    1153   1170   1169   1152

 ELEMENT   1087    1154   1171   1170   1153

 ELEMENT   1088    1155   1172   1171   1154

 ELEMENT   1089    1157   1174   1173   1156

 ELEMENT   1090    1158   1175   1174   1157

 ELEMENT   1091    1159   1176   1175   1158

 ELEMENT   1092    1160   1177   1176   1159

 ELEMENT   1093    1161   1178   1177   1160

 ELEMENT   1094    1162   1179   1178   1161

 ELEMENT   1095    1163   1180   1179   1162

 ELEMENT   1096    1164   1181   1180   1163

 ELEMENT   1097    1165   1182   1181   1164

 ELEMENT   1098    1166   1183   1182   1165

 ELEMENT   1099    1167   1184   1183   1166

 ELEMENT   1100    1168   1185   1184   1167

 ELEMENT   1101    1169   1186   1185   1168

 ELEMENT   1102    1170   1187   1186   1169

 ELEMENT   1103    1171   1188   1187   1170

 ELEMENT   1104    1172   1189   1188   1171

 ELEMENT   1105    1174   1191   1190   1173

 ELEMENT   1106    1175   1192   1191   1174

 ELEMENT   1107    1176   1193   1192   1175

 ELEMENT   1108    1177   1194   1193   1176

 ELEMENT   1109    1178   1195   1194   1177

 ELEMENT   1110    1179   1196   1195   1178

 ELEMENT   1111    1180   1197   1196   1179

 ELEMENT   1112    1181   1198   1197   1180

 ELEMENT   1113    1182   1199   1198   1181

 ELEMENT   1114    1183   1200   1199   1182

 ELEMENT   1115    1184   1201   1200   1183

 ELEMENT   1116    1185   1202   1201   1184

 ELEMENT   1117    1186   1203   1202   1185

 ELEMENT   1118    1187   1204   1203   1186

 ELEMENT   1119    1188   1205   1204   1187

 ELEMENT   1120    1189   1206   1205   1188

 ELEMENT   1121    1191   1208   1207   1190

 ELEMENT   1122    1192   1209   1208   1191

 ELEMENT   1123    1193   1210   1209   1192

 ELEMENT   1124    1194   1211   1210   1193

 ELEMENT   1125    1195   1212   1211   1194

 ELEMENT   1126    1196   1213   1212   1195

 ELEMENT   1127    1197   1214   1213   1196

 ELEMENT   1128    1198   1215   1214   1197

 ELEMENT   1129    1199   1216   1215   1198

 ELEMENT   1130    1200   1217   1216   1199

 ELEMENT   1131    1201   1218   1217   1200

 ELEMENT   1132    1202   1219   1218   1201

 ELEMENT   1133    1203   1220   1219   1202

 ELEMENT   1134    1204   1221   1220   1203

 ELEMENT   1135    1205   1222   1221   1204

 ELEMENT   1136    1206   1223   1222   1205

 ELEMENT   1137    1208   1225   1224   1207

 ELEMENT   1138    1209   1226   1225   1208

 ELEMENT   1139    1210   1227   1226   1209

 ELEMENT   1140    1211   1228   1227   1210

 ELEMENT   1141    1212   1229   1228   1211

 ELEMENT   1142    1213   1230   1229   1212

 ELEMENT   1143    1214   1231   1230   1213

 ELEMENT   1144    1215   1232   1231   1214

 ELEMENT   1145    1216   1233   1232   1215

 ELEMENT   1146    1217   1234   1233   1216

 ELEMENT   1147    1218   1235   1234   1217

 ELEMENT   1148    1219   1236   1235   1218

 ELEMENT   1149    1220   1237   1236   1219

 ELEMENT   1150    1221   1238   1237   1220

 ELEMENT   1151    1222   1239   1238   1221

 ELEMENT   1152    1223   1240   1239   1222

 ELEMENT   1153    1241   1305   1306   1242

 ELEMENT   1154    1242   1306   1307   1243

 ELEMENT   1155    1243   1307   1308   1244

 ELEMENT   1156    1244   1308   1309   1245

 ELEMENT   1157    1245   1309   1310   1246

 ELEMENT   1158    1246   1310   1311   1247

 ELEMENT   1159    1247   1311   1312   1248

 ELEMENT   1160    1248   1312   1313   1249

 ELEMENT   1161    1249   1313   1314   1250

 ELEMENT   1162    1250   1314   1315   1251

 ELEMENT   1163    1251   1315   1316   1252

 ELEMENT   1164    1252   1316   1317   1253

 ELEMENT   1165    1253   1317   1318   1254

 ELEMENT   1166    1254   1318   1319   1255

 ELEMENT   1167    1255   1319   1320   1256

 ELEMENT   1168    1256   1320   1321   1257

 ELEMENT   1169    1257   1321   1322   1258

 ELEMENT   1170    1258   1322   1323   1259

 ELEMENT   1171    1259   1323   1324   1260

 ELEMENT   1172    1260   1324   1325   1261

 ELEMENT   1173    1261   1325   1326   1262

 ELEMENT   1174    1262   1326   1327   1263

 ELEMENT   1175    1263   1327   1328   1264

 ELEMENT   1176    1264   1328   1329   1265

 ELEMENT   1177    1265   1329   1330   1266

 ELEMENT   1178    1266   1330   1331   1267

 ELEMENT   1179    1267   1331   1332   1268

 ELEMENT   1180    1268   1332   1333   1269

 ELEMENT   1181    1269   1333   1334   1270

 ELEMENT   1182    1270   1334   1335   1271

 ELEMENT   1183    1271   1335   1336   1272

 ELEMENT   1184    1272   1336   1337   1273

 ELEMENT   1185    1273   1337   1338   1274

 ELEMENT   1186    1274   1338   1339   1275

 ELEMENT   1187    1275   1339   1340   1276

 ELEMENT   1188    1276   1340   1341   1277

 ELEMENT   1189    1277   1341   1342   1278

 ELEMENT   1190    1278   1342   1343   1279

 ELEMENT   1191    1279   1343   1344   1280

 ELEMENT   1192    1280   1344   1345   1281

 ELEMENT   1193    1281   1345   1346   1282

 ELEMENT   1194    1282   1346   1347   1283

 ELEMENT   1195    1283   1347   1348   1284

 ELEMENT   1196    1284   1348   1349   1285

 ELEMENT   1197    1285   1349   1350   1286

 ELEMENT   1198    1286   1350   1351   1287

 ELEMENT   1199    1287   1351   1352   1288

 ELEMENT   1200    1288   1352   1353   1289

 ELEMENT   1201    1289   1353   1354   1290

 ELEMENT   1202    1290   1354   1355   1291

 ELEMENT   1203    1291   1355   1356   1292

 ELEMENT   1204    1292   1356   1357   1293

 ELEMENT   1205    1293   1357   1358   1294

 ELEMENT   1206    1294   1358   1359   1295

 ELEMENT   1207    1295   1359   1360   1296

 ELEMENT   1208    1296   1360   1361   1297

 ELEMENT   1209    1297   1361   1362   1298

 ELEMENT   1210    1298   1362   1363   1299

 ELEMENT   1211    1299   1363   1364   1300

 ELEMENT   1212    1300   1364   1365   1301

 ELEMENT   1213    1301   1365   1366   1302

 ELEMENT   1214    1302   1366   1367   1303

 ELEMENT   1215    1303   1367   1368   1304

 ELEMENT   1216    1304   1368   1305   1241

 ELEMENT   1217    1305   1369   1370   1306

 ELEMENT   1218    1306   1370   1371   1307

 ELEMENT   1219    1307   1371   1372   1308

 ELEMENT   1220    1308   1372   1373   1309

 ELEMENT   1221    1309   1373   1374   1310

 ELEMENT   1222    1310   1374   1375   1311

 ELEMENT   1223    1311   1375   1376   1312

 ELEMENT   1224    1312   1376   1377   1313

 ELEMENT   1225    1313   1377   1378   1314

 ELEMENT   1226    1314   1378   1379   1315

 ELEMENT   1227    1315   1379   1380   1316

 ELEMENT   1228    1316   1380   1381   1317

 ELEMENT   1229    1317   1381   1382   1318

 ELEMENT   1230    1318   1382   1383   1319

 ELEMENT   1231    1319   1383   1384   1320

 ELEMENT   1232    1320   1384   1385   1321

 ELEMENT   1233    1321   1385   1386   1322

 ELEMENT   1234    1322   1386   1387   1323

 ELEMENT   1235    1323   1387   1388   1324

 ELEMENT   1236    1324   1388   1389   1325

 ELEMENT   1237    1325   1389   1390   1326

 ELEMENT   1238    1326   1390   1391   1327

 ELEMENT   1239    1327   1391   1392   1328

 ELEMENT   1240    1328   1392   1393   1329

 ELEMENT   1241    1329   1393   1394   1330

 ELEMENT   1242    1330   1394   1395   1331

 ELEMENT   1243    1331   1395   1396   1332

 ELEMENT   1244    1332   1396   1397   1333

 ELEMENT   1245    1333   1397   1398   1334

 ELEMENT   1246    1334   1398   1399   1335

 ELEMENT   1247    1335   1399   1400   1336

 ELEMENT   1248    1336   1400   1401   1337

 ELEMENT   1249    1337   1401   1402   1338

 ELEMENT   1250    1338   1402   1403   1339

 ELEMENT   1251    1339   1403   1404   1340

 ELEMENT   1252    1340   1404   1405   1341

 ELEMENT   1253    1341   1405   1406   1342

 ELEMENT   1254    1342   1406   1407   1343

 ELEMENT   1255    1343   1407   1408   1344

 ELEMENT   1256    1344   1408   1409   1345

 ELEMENT   1257    1345   1409   1410   1346

 ELEMENT   1258    1346   1410   1411   1347

 ELEMENT   1259    1347   1411   1412   1348

 ELEMENT   1260    1348   1412   1413   1349

 ELEMENT   1261    1349   1413   1414   1350

 ELEMENT   1262    1350   1414   1415   1351

 ELEMENT   1263    1351   1415   1416   1352

 ELEMENT   1264    1352   1416   1417   1353

 ELEMENT   1265    1353   1417   1418   1354

 ELEMENT   1266    1354   1418   1419   1355

 ELEMENT   1267    1355   1419   1420   1356

 ELEMENT   1268    1356   1420   1421   1357

 ELEMENT   1269    1357   1421   1422   1358

 ELEMENT   1270    1358   1422   1423   1359

 ELEMENT   1271    1359   1423   1424   1360

 ELEMENT   1272    1360   1424   1425   1361

 ELEMENT   1273    1361   1425   1426   1362

 ELEMENT   1274    1362   1426   1427   1363

 ELEMENT   1275    1363   1427   1428   1364

 ELEMENT   1276    1364   1428   1429   1365

 ELEMENT   1277    1365   1429   1430   1366

 ELEMENT   1278    1366   1430   1431   1367

 ELEMENT   1279    1367   1431   1432   1368

 ELEMENT   1280    1368   1432   1369   1305

 ELEMENT   1281    1369   1433   1434   1370

 ELEMENT   1282    1370   1434   1435   1371

 ELEMENT   1283    1371   1435   1436   1372

 ELEMENT   1284    1372   1436   1437   1373

 ELEMENT   1285    1373   1437   1438   1374

 ELEMENT   1286    1374   1438   1439   1375

 ELEMENT   1287    1375   1439   1440   1376

 ELEMENT   1288    1376   1440   1441   1377

 ELEMENT   1289    1377   1441   1442   1378

 ELEMENT   1290    1378   1442   1443   1379

 ELEMENT   1291    1379   1443   1444   1380

 ELEMENT   1292    1380   1444   1445   1381

 ELEMENT   1293    1381   1445   1446   1382

 ELEMENT   1294    1382   1446   1447   1383

 ELEMENT   1295    1383   1447   1448   1384

 ELEMENT   1296    1384   1448   1449   1385

 ELEMENT   1297    1385   1449   1450   1386

 ELEMENT   1298    1386   1450   1451   1387

 ELEMENT   1299    1387   1451   1452   1388

 ELEMENT   1300    1388   1452   1453   1389

 ELEMENT   1301    1389   1453   1454   1390

 ELEMENT   1302    1390   1454   1455   1391

 ELEMENT   1303    1391   1455   1456   1392

 ELEMENT   1304    1392   1456   1457   1393

 ELEMENT   1305    1393   1457   1458   1394

 ELEMENT   1306    1394   1458   1459   1395

 ELEMENT   1307    1395   1459   1460   1396

 ELEMENT   1308    1396   1460   1461   1397

 ELEMENT   1309    1397   1461   1462   1398

 ELEMENT   1310    1398   1462   1463   1399

 ELEMENT   1311    1399   1463   1464   1400

 ELEMENT   1312    1400   1464   1465   1401

 ELEMENT   1313    1401   1465   1466   1402

 ELEMENT   1314    1402   1466   1467   1403

 ELEMENT   1315    1403   1467   1468   1404

 ELEMENT   1316    1404   1468   1469   1405

 ELEMENT   1317    1405   1469   1470   1406

 ELEMENT   1318    1406   1470   1471   1407

 ELEMENT   1319    1407   1471   1472   1408

 ELEMENT   1320    1408   1472   1473   1409

 ELEMENT   1321    1409   1473   1474   1410

 ELEMENT   1322    1410   1474   1475   1411

 ELEMENT   1323    1411   1475   1476   1412

 ELEMENT   1324    1412   1476   1477   1413

 ELEMENT   1325    1413   1477   1478   1414

 ELEMENT   1326    1414   1478   1479   1415

 ELEMENT   1327    1415   1479   1480   1416

 ELEMENT   1328    1416   1480   1481   1417

 ELEMENT   1329    1417   1481   1482   1418

 ELEMENT   1330    1418   1482   1483   1419

 ELEMENT   1331    1419   1483   1484   1420

 ELEMENT   1332    1420   1484   1485   1421

 ELEMENT   1333    1421   1485   1486   1422

 ELEMENT   1334    1422   1486   1487   1423

 ELEMENT   1335    1423   1487   1488   1424

 ELEMENT   1336    1424   1488   1489   1425

 ELEMENT   1337    1425   1489   1490   1426

 ELEMENT   1338    1426   1490   1491   1427

 ELEMENT   1339    1427   1491   1492   1428

 ELEMENT   1340    1428   1492   1493   1429

 ELEMENT   1341    1429   1493   1494   1430

 ELEMENT   1342    1430   1494   1495   1431

 ELEMENT   1343    1431   1495   1496   1432

 ELEMENT   1344    1432   1496   1433   1369

 ELEMENT   1345    1433   1497   1498   1434

 ELEMENT   1346    1434   1498   1499   1435

 ELEMENT   1347    1435   1499   1500   1436

 ELEMENT   1348    1436   1500   1501   1437

 ELEMENT   1349    1437   1501   1502   1438

 ELEMENT   1350    1438   1502   1503   1439

 ELEMENT   1351    1439   1503   1504   1440

 ELEMENT   1352    1440   1504   1505   1441

 ELEMENT   1353    1441   1505   1506   1442

 ELEMENT   1354    1442   1506   1507   1443

 ELEMENT   1355    1443   1507   1508   1444

 ELEMENT   1356    1444   1508   1509   1445

 ELEMENT   1357    1445   1509   1510   1446

 ELEMENT   1358    1446   1510   1511   1447

 ELEMENT   1359    1447   1511   1512   1448

 ELEMENT   1360    1448   1512   1513   1449

 ELEMENT   1361    1449   1513   1514   1450

 ELEMENT   1362    1450   1514   1515   1451

 ELEMENT   1363    1451   1515   1516   1452

 ELEMENT   1364    1452   1516   1517   1453

 ELEMENT   1365    1453   1517   1518   1454

 ELEMENT   1366    1454   1518   1519   1455

 ELEMENT   1367    1455   1519   1520   1456

 ELEMENT   1368    1456   1520   1521   1457

 ELEMENT   1369    1457   1521   1522   1458

 ELEMENT   1370    1458   1522   1523   1459

 ELEMENT   1371    1459   1523   1524   1460

 ELEMENT   1372    1460   1524   1525   1461

 ELEMENT   1373    1461   1525   1526   1462

 ELEMENT   1374    1462   1526   1527   1463

 ELEMENT   1375    1463   1527   1528   1464

 ELEMENT   1376    1464   1528   1529   1465

 ELEMENT   1377    1465   1529   1530   1466

 ELEMENT   1378    1466   1530   1531   1467

 ELEMENT   1379    1467   1531   1532   1468

 ELEMENT   1380    1468   1532   1533   1469

 ELEMENT   1381    1469   1533   1534   1470

 ELEMENT   1382    1470   1534   1535   1471

 ELEMENT   1383    1471   1535   1536   1472

 ELEMENT   1384    1472   1536   1537   1473

 ELEMENT   1385    1473   1537   1538   1474

 ELEMENT   1386    1474   1538   1539   1475

 ELEMENT   1387    1475   1539   1540   1476

 ELEMENT   1388    1476   1540   1541   1477

 ELEMENT   1389    1477   1541   1542   1478

 ELEMENT   1390    1478   1542   1543   1479

 ELEMENT   1391    1479   1543   1544   1480

 ELEMENT   1392    1480   1544   1545   1481

 ELEMENT   1393    1481   1545   1546   1482

 ELEMENT   1394    1482   1546   1547   1483

 ELEMENT   1395    1483   1547   1548   1484

 ELEMENT   1396    1484   1548   1549   1485

 ELEMENT   1397    1485   1549   1550   1486

 ELEMENT   1398    1486   1550   1551   1487

 ELEMENT   1399    1487   1551   1552   1488

 ELEMENT   1400    1488   1552   1553   1489

 ELEMENT   1401    1489   1553   1554   1490

 ELEMENT   1402    1490   1554   1555   1491

 ELEMENT   1403    1491   1555   1556   1492

 ELEMENT   1404    1492   1556   1557   1493

 ELEMENT   1405    1493   1557   1558   1494

 ELEMENT   1406    1494   1558   1559   1495

 ELEMENT   1407    1495   1559   1560   1496

 ELEMENT   1408    1496   1560   1497   1433

 ELEMENT   1409    1497   1561   1562   1498

 ELEMENT   1410    1498   1562   1563   1499

 ELEMENT   1411    1499   1563   1564   1500

 ELEMENT   1412    1500   1564   1565   1501

 ELEMENT   1413    1501   1565   1566   1502

 ELEMENT   1414    1502   1566   1567   1503

 ELEMENT   1415    1503   1567   1568   1504

 ELEMENT   1416    1504   1568   1569   1505

 ELEMENT   1417    1505   1569   1570   1506

 ELEMENT   1418    1506   1570   1571   1507

 ELEMENT   1419    1507   1571   1572   1508

 ELEMENT   1420    1508   1572   1573   1509

 ELEMENT   1421    1509   1573   1574   1510

 ELEMENT   1422    1510   1574   1575   1511

 ELEMENT   1423    1511   1575   1576   1512

 ELEMENT   1424    1512   1576   1577   1513

 ELEMENT   1425    1513   1577   1578   1514

 ELEMENT   1426    1514   1578   1579   1515

 ELEMENT   1427    1515   1579   1580   1516

 ELEMENT   1428    1516   1580   1581   1517

 ELEMENT   1429    1517   1581   1582   1518

 ELEMENT   1430    1518   1582   1583   1519

 ELEMENT   1431    1519   1583   1584   1520

 ELEMENT   1432    1520   1584   1585   1521

 ELEMENT   1433    1521   1585   1586   1522

 ELEMENT   1434    1522   1586   1587   1523

 ELEMENT   1435    1523   1587   1588   1524

 ELEMENT   1436    1524   1588   1589   1525

 ELEMENT   1437    1525   1589   1590   1526

 ELEMENT   1438    1526   1590   1591   1527

 ELEMENT   1439    1527   1591   1592   1528

 ELEMENT   1440    1528   1592   1593   1529

 ELEMENT   1441    1529   1593   1594   1530

 ELEMENT   1442    1530   1594   1595   1531

 ELEMENT   1443    1531   1595   1596   1532

 ELEMENT   1444    1532   1596   1597   1533

 ELEMENT   1445    1533   1597   1598   1534

 ELEMENT   1446    1534   1598   1599   1535

 ELEMENT   1447    1535   1599   1600   1536

 ELEMENT   1448    1536   1600   1601   1537

 ELEMENT   1449    1537   1601   1602   1538

 ELEMENT   1450    1538   1602   1603   1539

 ELEMENT   1451    1539   1603   1604   1540

 ELEMENT   1452    1540   1604   1605   1541

 ELEMENT   1453    1541   1605   1606   1542

 ELEMENT   1454    1542   1606   1607   1543

 ELEMENT   1455    1543   1607   1608   1544

 ELEMENT   1456    1544   1608   1609   1545

 ELEMENT   1457    1545   1609   1610   1546

 ELEMENT   1458    1546   1610   1611   1547

 ELEMENT   1459    1547   1611   1612   1548

 ELEMENT   1460    1548   1612   1613   1549

 ELEMENT   1461    1549   1613   1614   1550

 ELEMENT   1462    1550   1614   1615   1551

 ELEMENT   1463    1551   1615   1616   1552

 ELEMENT   1464    1552   1616   1617   1553

 ELEMENT   1465    1553   1617   1618   1554

 ELEMENT   1466    1554   1618   1619   1555

 ELEMENT   1467    1555   1619   1620   1556

 ELEMENT   1468    1556   1620   1621   1557

 ELEMENT   1469    1557   1621   1622   1558

 ELEMENT   1470    1558   1622   1623   1559

 ELEMENT   1471    1559   1623   1624   1560

 ELEMENT   1472    1560   1624   1561   1497

 ELEMENT   1473    1561   1625   1626   1562

 ELEMENT   1474    1562   1626   1627   1563

 ELEMENT   1475    1563   1627   1628   1564

 ELEMENT   1476    1564   1628   1629   1565

 ELEMENT   1477    1565   1629   1630   1566

 ELEMENT   1478    1566   1630   1631   1567

 ELEMENT   1479    1567   1631   1632   1568

 ELEMENT   1480    1568   1632   1633   1569

 ELEMENT   1481    1569   1633   1634   1570

 ELEMENT   1482    1570   1634   1635   1571

 ELEMENT   1483    1571   1635   1636   1572

 ELEMENT   1484    1572   1636   1637   1573

 ELEMENT   1485    1573   1637   1638   1574

 ELEMENT   1486    1574   1638   1639   1575

 ELEMENT   1487    1575   1639   1640   1576

 ELEMENT   1488    1576   1640   1641   1577

 ELEMENT   1489    1577   1641   1642   1578

 ELEMENT   1490    1578   1642   1643   1579

 ELEMENT   1491    1579   1643   1644   1580

 ELEMENT   1492    1580   1644   1645   1581

 ELEMENT   1493    1581   1645   1646   1582

 ELEMENT   1494    1582   1646   1647   1583

 ELEMENT   1495    1583   1647   1648   1584

 ELEMENT   1496    1584   1648   1649   1585

 ELEMENT   1497    1585   1649   1650   1586

 ELEMENT   1498    1586   1650   1651   1587

 ELEMENT   1499    1587   1651   1652   1588

 ELEMENT   1500    1588   1652   1653   1589

 ELEMENT   1501    1589   1653   1654   1590

 ELEMENT   1502    1590   1654   1655   1591

 ELEMENT   1503    1591   1655   1656   1592

 ELEMENT   1504    1592   1656   1657   1593

 ELEMENT   1505    1593   1657   1658   1594

 ELEMENT   1506    1594   1658   1659   1595

 ELEMENT   1507    1595   1659   1660   1596

 ELEMENT   1508    1596   1660   1661   1597

 ELEMENT   1509    1597   1661   1662   1598

 ELEMENT   1510    1598   1662   1663   1599

 ELEMENT   1511    1599   1663   1664   1600

 ELEMENT   1512    1600   1664   1665   1601

 ELEMENT   1513    1601   1665   1666   1602

 ELEMENT   1514    1602   1666   1667   1603

 ELEMENT   1515    1603   1667   1668   1604

 ELEMENT   1516    1604   1668   1669   1605

 ELEMENT   1517    1605   1669   1670   1606

 ELEMENT   1518    1606   1670   1671   1607

 ELEMENT   1519    1607   1671   1672   1608

 ELEMENT   1520    1608   1672   1673   1609

 ELEMENT   1521    1609   1673   1674   1610

 ELEMENT   1522    1610   1674   1675   1611

 ELEMENT   1523    1611   1675   1676   1612

 ELEMENT   1524    1612   1676   1677   1613

 ELEMENT   1525    1613   1677   1678   1614

 ELEMENT   1526    1614   1678   1679   1615

 ELEMENT   1527    1615   1679   1680   1616

 ELEMENT   1528    1616   1680   1681   1617

 ELEMENT   1529    1617   1681   1682   1618

 ELEMENT   1530    1618   1682   1683   1619

 ELEMENT   1531    1619   1683   1684   1620

 ELEMENT   1532    1620   1684   1685   1621

 ELEMENT   1533    1621   1685   1686   1622

 ELEMENT   1534    1622   1686   1687   1623

 ELEMENT   1535    1623   1687   1688   1624

 ELEMENT   1536    1624   1688   1625   1561

 ELEMENT   1537    1625   1689   1690   1626

 ELEMENT   1538    1626   1690   1691   1627

 ELEMENT   1539    1627   1691   1692   1628

 ELEMENT   1540    1628   1692   1693   1629

 ELEMENT   1541    1629   1693   1694   1630

 ELEMENT   1542    1630   1694   1695   1631

 ELEMENT   1543    1631   1695   1696   1632

 ELEMENT   1544    1632   1696   1697   1633

 ELEMENT   1545    1633   1697   1698   1634

 ELEMENT   1546    1634   1698   1699   1635

 ELEMENT   1547    1635   1699   1700   1636

 ELEMENT   1548    1636   1700   1701   1637

 ELEMENT   1549    1637   1701   1702   1638

 ELEMENT   1550    1638   1702   1703   1639

 ELEMENT   1551    1639   1703   1704   1640

 ELEMENT   1552    1640   1704   1705   1641

 ELEMENT   1553    1641   1705   1706   1642

 ELEMENT   1554    1642   1706   1707   1643

 ELEMENT   1555    1643   1707   1708   1644

 ELEMENT   1556    1644   1708   1709   1645

 ELEMENT   1557    1645   1709   1710   1646

 ELEMENT   1558    1646   1710   1711   1647

 ELEMENT   1559    1647   1711   1712   1648

 ELEMENT   1560    1648   1712   1713   1649

 ELEMENT   1561    1649   1713   1714   1650

 ELEMENT   1562    1650   1714   1715   1651

 ELEMENT   1563    1651   1715   1716   1652

 ELEMENT   1564    1652   1716   1717   1653

 ELEMENT   1565    1653   1717   1718   1654

 ELEMENT   1566    1654   1718   1719   1655

 ELEMENT   1567    1655   1719   1720   1656

 ELEMENT   1568    1656   1720   1721   1657

 ELEMENT   1569    1657   1721   1722   1658

 ELEMENT   1570    1658   1722   1723   1659

 ELEMENT   1571    1659   1723   1724   1660

 ELEMENT   1572    1660   1724   1725   1661

 ELEMENT   1573    1661   1725   1726   1662

 ELEMENT   1574    1662   1726   1727   1663

 ELEMENT   1575    1663   1727   1728   1664

 ELEMENT   1576    1664   1728   1729   1665

 ELEMENT   1577    1665   1729   1730   1666

 ELEMENT   1578    1666   1730   1731   1667

 ELEMENT   1579    1667   1731   1732   1668

 ELEMENT   1580    1668   1732   1733   1669

 ELEMENT   1581    1669   1733   1734   1670

 ELEMENT   1582    1670   1734   1735   1671

 ELEMENT   1583    1671   1735   1736   1672

 ELEMENT   1584    1672   1736   1737   1673

 ELEMENT   1585    1673   1737   1738   1674

 ELEMENT   1586    1674   1738   1739   1675

 ELEMENT   1587    1675   1739   1740   1676

 ELEMENT   1588    1676   1740   1741   1677

 ELEMENT   1589    1677   1741   1742   1678

 ELEMENT   1590    1678   1742   1743   1679

 ELEMENT   1591    1679   1743   1744   1680

 ELEMENT   1592    1680   1744   1745   1681

 ELEMENT   1593    1681   1745   1746   1682

 ELEMENT   1594    1682   1746   1747   1683

 ELEMENT   1595    1683   1747   1748   1684

 ELEMENT   1596    1684   1748   1749   1685

 ELEMENT   1597    1685   1749   1750   1686

 ELEMENT   1598    1686   1750   1751   1687

 ELEMENT   1599    1687   1751   1752   1688

 ELEMENT   1600    1688   1752   1689   1625

 ELEMENT   1601    1689   1753   1754   1690

 ELEMENT   1602    1690   1754   1755   1691

 ELEMENT   1603    1691   1755   1756   1692

 ELEMENT   1604    1692   1756   1757   1693

 ELEMENT   1605    1693   1757   1758   1694

 ELEMENT   1606    1694   1758   1759   1695

 ELEMENT   1607    1695   1759   1760   1696

 ELEMENT   1608    1696   1760   1761   1697

 ELEMENT   1609    1697   1761   1762   1698

 ELEMENT   1610    1698   1762   1763   1699

 ELEMENT   1611    1699   1763   1764   1700

 ELEMENT   1612    1700   1764   1765   1701

 ELEMENT   1613    1701   1765   1766   1702

 ELEMENT   1614    1702   1766   1767   1703

 ELEMENT   1615    1703   1767   1768   1704

 ELEMENT   1616    1704   1768   1769   1705

 ELEMENT   1617    1705   1769   1770   1706

 ELEMENT   1618    1706   1770   1771   1707

 ELEMENT   1619    1707   1771   1772   1708

 ELEMENT   1620    1708   1772   1773   1709

 ELEMENT   1621    1709   1773   1774   1710

 ELEMENT   1622    1710   1774   1775   1711

 ELEMENT   1623    1711   1775   1776   1712

 ELEMENT   1624    1712   1776   1777   1713

 ELEMENT   1625    1713   1777   1778   1714

 ELEMENT   1626    1714   1778   1779   1715

 ELEMENT   1627    1715   1779   1780   1716

 ELEMENT   1628    1716   1780   1781   1717

 ELEMENT   1629    1717   1781   1782   1718

 ELEMENT   1630    1718   1782   1783   1719

 ELEMENT   1631    1719   1783   1784   1720

 ELEMENT   1632    1720   1784   1785   1721

 ELEMENT   1633    1721   1785   1786   1722

 ELEMENT   1634    1722   1786   1787   1723

 ELEMENT   1635    1723   1787   1788   1724

 ELEMENT   1636    1724   1788   1789   1725

 ELEMENT   1637    1725   1789   1790   1726

 ELEMENT   1638    1726   1790   1791   1727

 ELEMENT   1639    1727   1791   1792   1728

 ELEMENT   1640    1728   1792   1793   1729

 ELEMENT   1641    1729   1793   1794   1730

 ELEMENT   1642    1730   1794   1795   1731

 ELEMENT   1643    1731   1795   1796   1732

 ELEMENT   1644    1732   1796   1797   1733

 ELEMENT   1645    1733   1797   1798   1734

 ELEMENT   1646    1734   1798   1799   1735

 ELEMENT   1647    1735   1799   1800   1736

 ELEMENT   1648    1736   1800   1801   1737

 ELEMENT   1649    1737   1801   1802   1738

 ELEMENT   1650    1738   1802   1803   1739

 ELEMENT   1651    1739   1803   1804   1740

 ELEMENT   1652    1740   1804   1805   1741

 ELEMENT   1653    1741   1805   1806   1742

 ELEMENT   1654    1742   1806   1807   1743

 ELEMENT   1655    1743   1807   1808   1744

 ELEMENT   1656    1744   1808   1809   1745

 ELEMENT   1657    1745   1809   1810   1746

 ELEMENT   1658    1746   1810   1811   1747

 ELEMENT   1659    1747   1811   1812   1748

 ELEMENT   1660    1748   1812   1813   1749

 ELEMENT   1661    1749   1813   1814   1750

 ELEMENT   1662    1750   1814   1815   1751

 ELEMENT   1663    1751   1815   1816   1752

 ELEMENT   1664    1752   1816   1753   1689

 ELEMENT   1665    1753   1817   1818   1754

 ELEMENT   1666    1754   1818   1819   1755

 ELEMENT   1667    1755   1819   1820   1756

 ELEMENT   1668    1756   1820   1821   1757

 ELEMENT   1669    1757   1821   1822   1758

 ELEMENT   1670    1758   1822   1823   1759

 ELEMENT   1671    1759   1823   1824   1760

 ELEMENT   1672    1760   1824   1825   1761

 ELEMENT   1673    1761   1825   1826   1762

 ELEMENT   1674    1762   1826   1827   1763

 ELEMENT   1675    1763   1827   1828   1764

 ELEMENT   1676    1764   1828   1829   1765

 ELEMENT   1677    1765   1829   1830   1766

 ELEMENT   1678    1766   1830   1831   1767

 ELEMENT   1679    1767   1831   1832   1768

 ELEMENT   1680    1768   1832   1833   1769

 ELEMENT   1681    1769   1833   1834   1770

 ELEMENT   1682    1770   1834   1835   1771

 ELEMENT   1683    1771   1835   1836   1772

 ELEMENT   1684    1772   1836   1837   1773

 ELEMENT   1685    1773   1837   1838   1774

 ELEMENT   1686    1774   1838   1839   1775

 ELEMENT   1687    1775   1839   1840   1776

 ELEMENT   1688    1776   1840   1841   1777

 ELEMENT   1689    1777   1841   1842   1778

 ELEMENT   1690    1778   1842   1843   1779

 ELEMENT   1691    1779   1843   1844   1780

 ELEMENT   1692    1780   1844   1845   1781

 ELEMENT   1693    1781   1845   1846   1782

 ELEMENT   1694    1782   1846   1847   1783

 ELEMENT   1695    1783   1847   1848   1784

 ELEMENT   1696    1784   1848   1849   1785

 ELEMENT   1697    1785   1849   1850   1786

 ELEMENT   1698    1786   1850   1851   1787

 ELEMENT   1699    1787   1851   1852   1788

 ELEMENT   1700    1788   1852   1853   1789

 ELEMENT   1701    1789   1853   1854   1790

 ELEMENT   1702    1790   1854   1855   1791

 ELEMENT   1703    1791   1855   1856   1792

 ELEMENT   1704    1792   1856   1857   1793

 ELEMENT   1705    1793   1857   1858   1794

 ELEMENT   1706    1794   1858   1859   1795

 ELEMENT   1707    1795   1859   1860   1796

 ELEMENT   1708    1796   1860   1861   1797

 ELEMENT   1709    1797   1861   1862   1798

 ELEMENT   1710    1798   1862   1863   1799

 ELEMENT   1711    1799   1863   1864   1800

 ELEMENT   1712    1800   1864   1865   1801

 ELEMENT   1713    1801   1865   1866   1802

 ELEMENT   1714    1802   1866   1867   1803

 ELEMENT   1715    1803   1867   1868   1804

 ELEMENT   1716    1804   1868   1869   1805

 ELEMENT   1717    1805   1869   1870   1806

 ELEMENT   1718    1806   1870   1871   1807

 ELEMENT   1719    1807   1871   1872   1808

 ELEMENT   1720    1808   1872   1873   1809

 ELEMENT   1721    1809   1873   1874   1810

 ELEMENT   1722    1810   1874   1875   1811

 ELEMENT   1723    1811   1875   1876   1812

 ELEMENT   1724    1812   1876   1877   1813

 ELEMENT   1725    1813   1877   1878   1814

 ELEMENT   1726    1814   1878   1879   1815

 ELEMENT   1727    1815   1879   1880   1816

 ELEMENT   1728    1816   1880   1817   1753

 ELEMENT   1729    1817   1881   1882   1818

 ELEMENT   1730    1818   1882   1883   1819

 ELEMENT   1731    1819   1883   1884   1820

 ELEMENT   1732    1820   1884   1885   1821

 ELEMENT   1733    1821   1885   1886   1822

 ELEMENT   1734    1822   1886   1887   1823

 ELEMENT   1735    1823   1887   1888   1824

 ELEMENT   1736    1824   1888   1889   1825

 ELEMENT   1737    1825   1889   1890   1826

 ELEMENT   1738    1826   1890   1891   1827

 ELEMENT   1739    1827   1891   1892   1828

 ELEMENT   1740    1828   1892   1893   1829

 ELEMENT   1741    1829   1893   1894   1830

 ELEMENT   1742    1830   1894   1895   1831

 ELEMENT   1743    1831   1895   1896   1832

 ELEMENT   1744    1832   1896   1897   1833

 ELEMENT   1745    1833   1897   1898   1834

 ELEMENT   1746    1834   1898   1899   1835

 ELEMENT   1747    1835   1899   1900   1836

 ELEMENT   1748    1836   1900   1901   1837

 ELEMENT   1749    1837   1901   1902   1838

 ELEMENT   1750    1838   1902   1903   1839

 ELEMENT   1751    1839   1903   1904   1840

 ELEMENT   1752    1840   1904   1905   1841

 ELEMENT   1753    1841   1905   1906   1842

 ELEMENT   1754    1842   1906   1907   1843

 ELEMENT   1755    1843   1907   1908   1844

 ELEMENT   1756    1844   1908   1909   1845

 ELEMENT   1757    1845   1909   1910   1846

 ELEMENT   1758    1846   1910   1911   1847

 ELEMENT   1759    1847   1911   1912   1848

 ELEMENT   1760    1848   1912   1913   1849

 ELEMENT   1761    1849   1913   1914   1850

 ELEMENT   1762    1850   1914   1915   1851

 ELEMENT   1763    1851   1915   1916   1852

 ELEMENT   1764    1852   1916   1917   1853

 ELEMENT   1765    1853   1917   1918   1854

 ELEMENT   1766    1854   1918   1919   1855

 ELEMENT   1767    1855   1919   1920   1856

 ELEMENT   1768    1856   1920   1921   1857

 ELEMENT   1769    1857   1921   1922   1858

 ELEMENT   1770    1858   1922   1923   1859

 ELEMENT   1771    1859   1923   1924   1860

 ELEMENT   1772    1860   1924   1925   1861

 ELEMENT   1773    1861   1925   1926   1862

 ELEMENT   1774    1862   1926   1927   1863

 ELEMENT   1775    1863   1927   1928   1864

 ELEMENT   1776    1864   1928   1929   1865

 ELEMENT   1777    1865   1929   1930   1866

 ELEMENT   1778    1866   1930   1931   1867

 ELEMENT   1779    1867   1931   1932   1868

 ELEMENT   1780    1868   1932   1933   1869

 ELEMENT   1781    1869   1933   1934   1870

 ELEMENT   1782    1870   1934   1935   1871

 ELEMENT   1783    1871   1935   1936   1872

 ELEMENT   1784    1872   1936   1937   1873

 ELEMENT   1785    1873   1937   1938   1874

 ELEMENT   1786    1874   1938   1939   1875

 ELEMENT   1787    1875   1939   1940   1876

 ELEMENT   1788    1876   1940   1941   1877

 ELEMENT   1789    1877   1941   1942   1878

 ELEMENT   1790    1878   1942   1943   1879

 ELEMENT   1791    1879   1943   1944   1880

 ELEMENT   1792    1880   1944   1881   1817

 ELEMENT   1793    1881   1945   1946   1882

 ELEMENT   1794    1882   1946   1947   1883

 ELEMENT   1795    1883   1947   1948   1884

 ELEMENT   1796    1884   1948   1949   1885

 ELEMENT   1797    1885   1949   1950   1886

 ELEMENT   1798    1886   1950   1951   1887

 ELEMENT   1799    1887   1951   1952   1888

 ELEMENT   1800    1888   1952   1953   1889

 ELEMENT   1801    1889   1953   1954   1890

 ELEMENT   1802    1890   1954   1955   1891

 ELEMENT   1803    1891   1955   1956   1892

 ELEMENT   1804    1892   1956   1957   1893

 ELEMENT   1805    1893   1957   1958   1894

 ELEMENT   1806    1894   1958   1959   1895

 ELEMENT   1807    1895   1959   1960   1896

 ELEMENT   1808    1896   1960   1961   1897

 ELEMENT   1809    1897   1961   1962   1898

 ELEMENT   1810    1898   1962   1963   1899

 ELEMENT   1811    1899   1963   1964   1900

 ELEMENT   1812    1900   1964   1965   1901

 ELEMENT   1813    1901   1965   1966   1902

 ELEMENT   1814    1902   1966   1967   1903

 ELEMENT   1815    1903   1967   1968   1904

 ELEMENT   1816    1904   1968   1969   1905

 ELEMENT   1817    1905   1969   1970   1906

 ELEMENT   1818    1906   1970   1971   1907

 ELEMENT   1819    1907   1971   1972   1908

 ELEMENT   1820    1908   1972   1973   1909

 ELEMENT   1821    1909   1973   1974   1910

 ELEMENT   1822    1910   1974   1975   1911

 ELEMENT   1823    1911   1975   1976   1912

 ELEMENT   1824    1912   1976   1977   1913

 ELEMENT   1825    1913   1977   1978   1914

 ELEMENT   1826    1914   1978   1979   1915

 ELEMENT   1827    1915   1979   1980   1916

 ELEMENT   1828    1916   1980   1981   1917

 ELEMENT   1829    1917   1981   1982   1918

 ELEMENT   1830    1918   1982   1983   1919

 ELEMENT   1831    1919   1983   1984   1920

 ELEMENT   1832    1920   1984   1985   1921

 ELEMENT   1833    1921   1985   1986   1922

 ELEMENT   1834    1922   1986   1987   1923

 ELEMENT   1835    1923   1987   1988   1924

 ELEMENT   1836    1924   1988   1989   1925

 ELEMENT   1837    1925   1989   1990   1926

 ELEMENT   1838    1926   1990   1991   1927

 ELEMENT   1839    1927   1991   1992   1928

 ELEMENT   1840    1928   1992   1993   1929

 ELEMENT   1841    1929   1993   1994   1930

 ELEMENT   1842    1930   1994   1995   1931

 ELEMENT   1843    1931   1995   1996   1932

 ELEMENT   1844    1932   1996   1997   1933

 ELEMENT   1845    1933   1997   1998   1934

 ELEMENT   1846    1934   1998   1999   1935

 ELEMENT   1847    1935   1999   2000   1936

 ELEMENT   1848    1936   2000   2001   1937

 ELEMENT   1849    1937   2001   2002   1938

 ELEMENT   1850    1938   2002   2003   1939

 ELEMENT   1851    1939   2003   2004   1940

 ELEMENT   1852    1940   2004   2005   1941

 ELEMENT   1853    1941   2005   2006   1942

 ELEMENT   1854    1942   2006   2007   1943

 ELEMENT   1855    1943   2007   2008   1944

 ELEMENT   1856    1944   2008   1945   1881

 ELEMENT   1857    1945   2009   2010   1946

 ELEMENT   1858    1946   2010   2011   1947

 ELEMENT   1859    1947   2011   2012   1948

 ELEMENT   1860    1948   2012   2013   1949

 ELEMENT   1861    1949   2013   2014   1950

 ELEMENT   1862    1950   2014   2015   1951

 ELEMENT   1863    1951   2015   2016   1952

 ELEMENT   1864    1952   2016   2017   1953

 ELEMENT   1865    1953   2017   2018   1954

 ELEMENT   1866    1954   2018   2019   1955

 ELEMENT   1867    1955   2019   2020   1956

 ELEMENT   1868    1956   2020   2021   1957

 ELEMENT   1869    1957   2021   2022   1958

 ELEMENT   1870    1958   2022   2023   1959

 ELEMENT   1871    1959   2023   2024   1960

 ELEMENT   1872    1960   2024   2025   1961

 ELEMENT   1873    1961   2025   2026   1962

 ELEMENT   1874    1962   2026   2027   1963

 ELEMENT   1875    1963   2027   2028   1964

 ELEMENT   1876    1964   2028   2029   1965

 ELEMENT   1877    1965   2029   2030   1966

 ELEMENT   1878    1966   2030   2031   1967

 ELEMENT   1879    1967   2031   2032   1968

 ELEMENT   1880    1968   2032   2033   1969

 ELEMENT   1881    1969   2033   2034   1970

 ELEMENT   1882    1970   2034   2035   1971

 ELEMENT   1883    1971   2035   2036   1972

 ELEMENT   1884    1972   2036   2037   1973

 ELEMENT   1885    1973   2037   2038   1974

 ELEMENT   1886    1974   2038   2039   1975

 ELEMENT   1887    1975   2039   2040   1976

 ELEMENT   1888    1976   2040   2041   1977

 ELEMENT   1889    1977   2041   2042   1978

 ELEMENT   1890    1978   2042   2043   1979

 ELEMENT   1891    1979   2043   2044   1980

 ELEMENT   1892    1980   2044   2045   1981

 ELEMENT   1893    1981   2045   2046   1982

 ELEMENT   1894    1982   2046   2047   1983

 ELEMENT   1895    1983   2047   2048   1984

 ELEMENT   1896    1984   2048   2049   1985

 ELEMENT   1897    1985   2049   2050   1986

 ELEMENT   1898    1986   2050   2051   1987

 ELEMENT   1899    1987   2051   2052   1988

 ELEMENT   1900    1988   2052   2053   1989

 ELEMENT   1901    1989   2053   2054   1990

 ELEMENT   1902    1990   2054   2055   1991

 ELEMENT   1903    1991   2055   2056   1992

 ELEMENT   1904    1992   2056   2057   1993

 ELEMENT   1905    1993   2057   2058   1994

 ELEMENT   1906    1994   2058   2059   1995

 ELEMENT   1907    1995   2059   2060   1996

 ELEMENT   1908    1996   2060   2061   1997

 ELEMENT   1909    1997   2061   2062   1998

 ELEMENT   1910    1998   2062   2063   1999

 ELEMENT   1911    1999   2063   2064   2000

 ELEMENT   1912    2000   2064   2065   2001

 ELEMENT   1913    2001   2065   2066   2002

 ELEMENT   1914    2002   2066   2067   2003

 ELEMENT   1915    2003   2067   2068   2004

 ELEMENT   1916    2004   2068   2069   2005

 ELEMENT   1917    2005   2069   2070   2006

 ELEMENT   1918    2006   2070   2071   2007

 ELEMENT   1919    2007   2071   2072   2008

 ELEMENT   1920    2008   2072   2009   1945

 ELEMENT   1921    2009   2073   2074   2010

 ELEMENT   1922    2010   2074   2075   2011

 ELEMENT   1923    2011   2075   2076   2012

 ELEMENT   1924    2012   2076   2077   2013

 ELEMENT   1925    2013   2077   2078   2014

 ELEMENT   1926    2014   2078   2079   2015

 ELEMENT   1927    2015   2079   2080   2016

 ELEMENT   1928    2016   2080   2081   2017

 ELEMENT   1929    2017   2081   2082   2018

 ELEMENT   1930    2018   2082   2083   2019

 ELEMENT   1931    2019   2083   2084   2020

 ELEMENT   1932    2020   2084   2085   2021

 ELEMENT   1933    2021   2085   2086   2022

 ELEMENT   1934    2022   2086   2087   2023

 ELEMENT   1935    2023   2087   2088   2024

 ELEMENT   1936    2024   2088   2089   2025

 ELEMENT   1937    2073   2090   2091   2074

 ELEMENT   1938    2074   2091   2092   2075

 ELEMENT   1939    2075   2092   2093   2076

 ELEMENT   1940    2076   2093   2094   2077

 ELEMENT   1941    2077   2094   2095   2078

 ELEMENT   1942    2078   2095   2096   2079

 ELEMENT   1943    2079   2096   2097   2080

 ELEMENT   1944    2080   2097   2098   2081

 ELEMENT   1945    2081   2098   2099   2082

 ELEMENT   1946    2082   2099   2100   2083

 ELEMENT   1947    2083   2100   2101   2084

 ELEMENT   1948    2084   2101   2102   2085

 ELEMENT   1949    2085   2102   2103   2086

 ELEMENT   1950    2086   2103   2104   2087

 ELEMENT   1951    2087   2104   2105   2088

 ELEMENT   1952    2088   2105   2106   2089

 ELEMENT   1953    2090   2107   2108   2091

 ELEMENT   1954    2091   2108   2109   2092

 ELEMENT   1955    2092   2109   2110   2093

 ELEMENT   1956    2093   2110   2111   2094

 ELEMENT   1957    2094   2111   2112   2095

 ELEMENT   1958    2095   2112   2113   2096

 ELEMENT   1959    2096   2113   2114   2097

 ELEMENT   1960    2097   2114   2115   2098

 ELEMENT   1961    2098   2115   2116   2099

 ELEMENT   1962    2099   2116   2117   2100

 ELEMENT   1963    2100   2117   2118   2101

 ELEMENT   1964    2101   2118   2119   2102

 ELEMENT   1965    2102   2119   2120   2103

 ELEMENT   1966    2103   2120   2121   2104

 ELEMENT   1967    2104   2121   2122   2105

 ELEMENT   1968    2105   2122   2123   2106

 ELEMENT   1969    2107   2124   2125   2108

 ELEMENT   1970    2108   2125   2126   2109

 ELEMENT   1971    2109   2126   2127   2110

 ELEMENT   1972    2110   2127   2128   2111

 ELEMENT   1973    2111   2128   2129   2112

 ELEMENT   1974    2112   2129   2130   2113

 ELEMENT   1975    2113   2130   2131   2114

 ELEMENT   1976    2114   2131   2132   2115

 ELEMENT   1977    2115   2132   2133   2116

 ELEMENT   1978    2116   2133   2134   2117

 ELEMENT   1979    2117   2134   2135   2118

 ELEMENT   1980    2118   2135   2136   2119

 ELEMENT   1981    2119   2136   2137   2120

 ELEMENT   1982    2120   2137   2138   2121

 ELEMENT   1983    2121   2138   2139   2122

 ELEMENT   1984    2122   2139   2140   2123

 ELEMENT   1985    2124   2141   2142   2125

 ELEMENT   1986    2125   2142   2143   2126

 ELEMENT   1987    2126   2143   2144   2127

 ELEMENT   1988    2127   2144   2145   2128

 ELEMENT   1989    2128   2145   2146   2129

 ELEMENT   1990    2129   2146   2147   2130

 ELEMENT   1991    2130   2147   2148   2131

 ELEMENT   1992    2131   2148   2149   2132

 ELEMENT   1993    2132   2149   2150   2133

 ELEMENT   1994    2133   2150   2151   2134

 ELEMENT   1995    2134   2151   2152   2135

 ELEMENT   1996    2135   2152   2153   2136

 ELEMENT   1997    2136   2153   2154   2137

 ELEMENT   1998    2137   2154   2155   2138

 ELEMENT   1999    2138   2155   2156   2139

 ELEMENT   2000    2139   2156   2157   2140

 ELEMENT   2001    2141   2158   2159   2142

 ELEMENT   2002    2142   2159   2160   2143

 ELEMENT   2003    2143   2160   2161   2144

 ELEMENT   2004    2144   2161   2162   2145

 ELEMENT   2005    2145   2162   2163   2146

 ELEMENT   2006    2146   2163   2164   2147

 ELEMENT   2007    2147   2164   2165   2148

 ELEMENT   2008    2148   2165   2166   2149

 ELEMENT   2009    2149   2166   2167   2150

 ELEMENT   2010    2150   2167   2168   2151

 ELEMENT   2011    2151   2168   2169   2152

 ELEMENT   2012    2152   2169   2170   2153

 ELEMENT   2013    2153   2170   2171   2154

 ELEMENT   2014    2154   2171   2172   2155

 ELEMENT   2015    2155   2172   2173   2156

 ELEMENT   2016    2156   2173   2174   2157

 ELEMENT   2017    2158   2175   2176   2159

 ELEMENT   2018    2159   2176   2177   2160

 ELEMENT   2019    2160   2177   2178   2161

 ELEMENT   2020    2161   2178   2179   2162

 ELEMENT   2021    2162   2179   2180   2163

 ELEMENT   2022    2163   2180   2181   2164

 ELEMENT   2023    2164   2181   2182   2165

 ELEMENT   2024    2165   2182   2183   2166

 ELEMENT   2025    2166   2183   2184   2167

 ELEMENT   2026    2167   2184   2185   2168

 ELEMENT   2027    2168   2185   2186   2169

 ELEMENT   2028    2169   2186   2187   2170

 ELEMENT   2029    2170   2187   2188   2171

 ELEMENT   2030    2171   2188   2189   2172

 ELEMENT   2031    2172   2189   2190   2173

 ELEMENT   2032    2173   2190   2191   2174

 ELEMENT   2033    2175   2192   2193   2176

 ELEMENT   2034    2176   2193   2194   2177

 ELEMENT   2035    2177   2194   2195   2178

 ELEMENT   2036    2178   2195   2196   2179

 ELEMENT   2037    2179   2196   2197   2180

 ELEMENT   2038    2180   2197   2198   2181

 ELEMENT   2039    2181   2198   2199   2182

 ELEMENT   2040    2182   2199   2200   2183

 ELEMENT   2041    2183   2200   2201   2184

 ELEMENT   2042    2184   2201   2202   2185

 ELEMENT   2043    2185   2202   2203   2186

 ELEMENT   2044    2186   2203   2204   2187

 ELEMENT   2045    2187   2204   2205   2188

 ELEMENT   2046    2188   2205   2206   2189

 ELEMENT   2047    2189   2206   2207   2190

 ELEMENT   2048    2190   2207   2208   2191

 ELEMENT   2049    2192   2209   2210   2193

 ELEMENT   2050    2193   2210   2211   2194

 ELEMENT   2051    2194   2211   2212   2195

 ELEMENT   2052    2195   2212   2213   2196

 ELEMENT   2053    2196   2213   2214   2197

 ELEMENT   2054    2197   2214   2215   2198

 ELEMENT   2055    2198   2215   2216   2199

 ELEMENT   2056    2199   2216   2217   2200

 ELEMENT   2057    2200   2217   2218   2201

 ELEMENT   2058    2201   2218   2219   2202

 ELEMENT   2059    2202   2219   2220   2203

 ELEMENT   2060    2203   2220   2221   2204

 ELEMENT   2061    2204   2221   2222   2205

 ELEMENT   2062    2205   2222   2223   2206

 ELEMENT   2063    2206   2223   2224   2207

 ELEMENT   2064    2207   2224   2225   2208

 ELEMENT   2065    2209   2226   2227   2210

 ELEMENT   2066    2210   2227   2228   2211

 ELEMENT   2067    2211   2228   2229   2212

 ELEMENT   2068    2212   2229   2230   2213

 ELEMENT   2069    2213   2230   2231   2214

 ELEMENT   2070    2214   2231   2232   2215

 ELEMENT   2071    2215   2232   2233   2216

 ELEMENT   2072    2216   2233   2234   2217

 ELEMENT   2073    2217   2234   2235   2218

 ELEMENT   2074    2218   2235   2236   2219

 ELEMENT   2075    2219   2236   2237   2220

 ELEMENT   2076    2220   2237   2238   2221

 ELEMENT   2077    2221   2238   2239   2222

 ELEMENT   2078    2222   2239   2240   2223

 ELEMENT   2079    2223   2240   2241   2224

 ELEMENT   2080    2224   2241   2242   2225

 ELEMENT   2081    2226   2243   2244   2227

 ELEMENT   2082    2227   2244   2245   2228

 ELEMENT   2083    2228   2245   2246   2229

 ELEMENT   2084    2229   2246   2247   2230

 ELEMENT   2085    2230   2247   2248   2231

 ELEMENT   2086    2231   2248   2249   2232

 ELEMENT   2087    2232   2249   2250   2233

 ELEMENT   2088    2233   2250   2251   2234

 ELEMENT   2089    2234   2251   2252   2235

 ELEMENT   2090    2235   2252   2253   2236

 ELEMENT   2091    2236   2253   2254   2237

 ELEMENT   2092    2237   2254   2255   2238

 ELEMENT   2093    2238   2255   2256   2239

 ELEMENT   2094    2239   2256   2257   2240

 ELEMENT   2095    2240   2257   2258   2241

 ELEMENT   2096    2241   2258   2259   2242

 ELEMENT   2097    2243   2260   2261   2244

 ELEMENT   2098    2244   2261   2262   2245

 ELEMENT   2099    2245   2262   2263   2246

 ELEMENT   2100    2246   2263   2264   2247

 ELEMENT   2101    2247   2264   2265   2248

 ELEMENT   2102    2248   2265   2266   2249

 ELEMENT   2103    2249   2266   2267   2250

 ELEMENT   2104    2250   2267   2268   2251

 ELEMENT   2105    2251   2268   2269   2252

 ELEMENT   2106    2252   2269   2270   2253

 ELEMENT   2107    2253   2270   2271   2254

 ELEMENT   2108    2254   2271   2272   2255

 ELEMENT   2109    2255   2272   2273   2256

 ELEMENT   2110    2256   2273   2274   2257

 ELEMENT   2111    2257   2274   2275   2258

 ELEMENT   2112    2258   2275   2276   2259

 ELEMENT   2113    2260   2277   2278   2261

 ELEMENT   2114    2261   2278   2279   2262

 ELEMENT   2115    2262   2279   2280   2263

 ELEMENT   2116    2263   2280   2281   2264

 ELEMENT   2117    2264   2281   2282   2265

 ELEMENT   2118    2265   2282   2283   2266

 ELEMENT   2119    2266   2283   2284   2267

 ELEMENT   2120    2267   2284   2285   2268

 ELEMENT   2121    2268   2285   2286   2269

 ELEMENT   2122    2269   2286   2287   2270

 ELEMENT   2123    2270   2287   2288   2271

 ELEMENT   2124    2271   2288   2289   2272

 ELEMENT   2125    2272   2289   2290   2273

 ELEMENT   2126    2273   2290   2291   2274

 ELEMENT   2127    2274   2291   2292   2275

 ELEMENT   2128    2275   2292   2293   2276

 ELEMENT   2129    2277   2294   2295   2278

 ELEMENT   2130    2278   2295   2296   2279

 ELEMENT   2131    2279   2296   2297   2280

 ELEMENT   2132    2280   2297   2298   2281

 ELEMENT   2133    2281   2298   2299   2282

 ELEMENT   2134    2282   2299   2300   2283

 ELEMENT   2135    2283   2300   2301   2284

 ELEMENT   2136    2284   2301   2302   2285

 ELEMENT   2137    2285   2302   2303   2286

 ELEMENT   2138    2286   2303   2304   2287

 ELEMENT   2139    2287   2304   2305   2288

 ELEMENT   2140    2288   2305   2306   2289

 ELEMENT   2141    2289   2306   2307   2290

 ELEMENT   2142    2290   2307   2308   2291

 ELEMENT   2143    2291   2308   2309   2292

 ELEMENT   2144    2292   2309   2310   2293

 ELEMENT   2145    2294   2311   2312   2295

 ELEMENT   2146    2295   2312   2313   2296

 ELEMENT   2147    2296   2313   2314   2297

 ELEMENT   2148    2297   2314   2315   2298

 ELEMENT   2149    2298   2315   2316   2299

 ELEMENT   2150    2299   2316   2317   2300

 ELEMENT   2151    2300   2317   2318   2301

 ELEMENT   2152    2301   2318   2319   2302

 ELEMENT   2153    2302   2319   2320   2303

 ELEMENT   2154    2303   2320   2321   2304

 ELEMENT   2155    2304   2321   2322   2305

 ELEMENT   2156    2305   2322   2323   2306

 ELEMENT   2157    2306   2323   2324   2307

 ELEMENT   2158    2307   2324   2325   2308

 ELEMENT   2159    2308   2325   2326   2309

 ELEMENT   2160    2309   2326   2327   2310

 ELEMENT   2161    2311   2328   2329   2312

 ELEMENT   2162    2312   2329   2330   2313

 ELEMENT   2163    2313   2330   2331   2314

 ELEMENT   2164    2314   2331   2332   2315

 ELEMENT   2165    2315   2332   2333   2316

 ELEMENT   2166    2316   2333   2334   2317

 ELEMENT   2167    2317   2334   2335   2318

 ELEMENT   2168    2318   2335   2336   2319

 ELEMENT   2169    2319   2336   2337   2320

 ELEMENT   2170    2320   2337   2338   2321

 ELEMENT   2171    2321   2338   2339   2322

 ELEMENT   2172    2322   2339   2340   2323

 ELEMENT   2173    2323   2340   2341   2324

 ELEMENT   2174    2324   2341   2342   2325

 ELEMENT   2175    2325   2342   2343   2326

 ELEMENT   2176    2326   2343   2344   2327

 ELEMENT   2177    2328   2345   2346   2329

 ELEMENT   2178    2329   2346   2347   2330

 ELEMENT   2179    2330   2347   2348   2331

 ELEMENT   2180    2331   2348   2349   2332

 ELEMENT   2181    2332   2349   2350   2333

 ELEMENT   2182    2333   2350   2351   2334

 ELEMENT   2183    2334   2351   2352   2335

 ELEMENT   2184    2335   2352   2353   2336

 ELEMENT   2185    2336   2353   2354   2337

 ELEMENT   2186    2337   2354   2355   2338

 ELEMENT   2187    2338   2355   2356   2339

 ELEMENT   2188    2339   2356   2357   2340

 ELEMENT   2189    2340   2357   2358   2341

 ELEMENT   2190    2341   2358   2359   2342

 ELEMENT   2191    2342   2359   2360   2343

 ELEMENT   2192    2343   2360   2361   2344

 ELEMENT   2193    2345   2362   2363   2346

 ELEMENT   2194    2346   2363   2364   2347

 ELEMENT   2195    2347   2364   2365   2348

 ELEMENT   2196    2348   2365   2366   2349

 ELEMENT   2197    2349   2366   2367   2350

 ELEMENT   2198    2350   2367   2368   2351

 ELEMENT   2199    2351   2368   2369   2352

 ELEMENT   2200    2352   2369   2370   2353

 ELEMENT   2201    2353   2370   2371   2354

 ELEMENT   2202    2354   2371   2372   2355

 ELEMENT   2203    2355   2372   2373   2356

 ELEMENT   2204    2356   2373   2374   2357

 ELEMENT   2205    2357   2374   2375   2358

 ELEMENT   2206    2358   2375   2376   2359

 ELEMENT   2207    2359   2376   2377   2360

 ELEMENT   2208    2360   2377   2378   2361

 ELEMENT   2209    2362   2379   2380   2363

 ELEMENT   2210    2363   2380   2381   2364

 ELEMENT   2211    2364   2381   2382   2365

 ELEMENT   2212    2365   2382   2383   2366

 ELEMENT   2213    2366   2383   2384   2367

 ELEMENT   2214    2367   2384   2385   2368

 ELEMENT   2215    2368   2385   2386   2369

 ELEMENT   2216    2369   2386   2387   2370

 ELEMENT   2217    2370   2387   2388   2371

 ELEMENT   2218    2371   2388   2389   2372

 ELEMENT   2219    2372   2389   2390   2373

 ELEMENT   2220    2373   2390   2391   2374

 ELEMENT   2221    2374   2391   2392   2375

 ELEMENT   2222    2375   2392   2393   2376

 ELEMENT   2223    2376   2393   2394   2377

 ELEMENT   2224    2377   2394   2395   2378

 ELEMENT   2225    2379   2396   2397   2380

 ELEMENT   2226    2380   2397   2398   2381

 ELEMENT   2227    2381   2398   2399   2382

 ELEMENT   2228    2382   2399   2400   2383

 ELEMENT   2229    2383   2400   2401   2384

 ELEMENT   2230    2384   2401   2402   2385

 ELEMENT   2231    2385   2402   2403   2386

 ELEMENT   2232    2386   2403   2404   2387

 ELEMENT   2233    2387   2404   2405   2388

 ELEMENT   2234    2388   2405   2406   2389

 ELEMENT   2235    2389   2406   2407   2390

 ELEMENT   2236    2390   2407   2408   2391

 ELEMENT   2237    2391   2408   2409   2392

 ELEMENT   2238    2392   2409   2410   2393

 ELEMENT   2239    2393   2410   2411   2394

 ELEMENT   2240    2394   2411   2412   2395

 ELEMENT   2241    2396   2413   2414   2397

 ELEMENT   2242    2397   2414   2415   2398

 ELEMENT   2243    2398   2415   2416   2399

 ELEMENT   2244    2399   2416   2417   2400

 ELEMENT   2245    2400   2417   2418   2401

 ELEMENT   2246    2401   2418   2419   2402

 ELEMENT   2247    2402   2419   2420   2403

 ELEMENT   2248    2403   2420   2421   2404

 ELEMENT   2249    2404   2421   2422   2405

 ELEMENT   2250    2405   2422   2423   2406

 ELEMENT   2251    2406   2423   2424   2407

 ELEMENT   2252    2407   2424   2425   2408

 ELEMENT   2253    2408   2425   2426   2409

 ELEMENT   2254    2409   2426   2427   2410

 ELEMENT   2255    2410   2427   2428   2411

 ELEMENT   2256    2411   2428   2429   2412

 ELEMENT   2257    2413   2430   2431   2414

 ELEMENT   2258    2414   2431   2432   2415

 ELEMENT   2259    2415   2432   2433   2416

 ELEMENT   2260    2416   2433   2434   2417

 ELEMENT   2261    2417   2434   2435   2418

 ELEMENT   2262    2418   2435   2436   2419

 ELEMENT   2263    2419   2436   2437   2420

 ELEMENT   2264    2420   2437   2438   2421

 ELEMENT   2265    2421   2438   2439   2422

 ELEMENT   2266    2422   2439   2440   2423

 ELEMENT   2267    2423   2440   2441   2424

 ELEMENT   2268    2424   2441   2442   2425

 ELEMENT   2269    2425   2442   2443   2426

 ELEMENT   2270    2426   2443   2444   2427

 ELEMENT   2271    2427   2444   2445   2428

 ELEMENT   2272    2428   2445   2446   2429

 ELEMENT   2273    2430   2447   2448   2431

 ELEMENT   2274    2431   2448   2449   2432

 ELEMENT   2275    2432   2449   2450   2433

 ELEMENT   2276    2433   2450   2451   2434

 ELEMENT   2277    2434   2451   2452   2435

 ELEMENT   2278    2435   2452   2453   2436

 ELEMENT   2279    2436   2453   2454   2437

 ELEMENT   2280    2437   2454   2455   2438

 ELEMENT   2281    2438   2455   2456   2439

 ELEMENT   2282    2439   2456   2457   2440

 ELEMENT   2283    2440   2457   2458   2441

 ELEMENT   2284    2441   2458   2459   2442

 ELEMENT   2285    2442   2459   2460   2443

 ELEMENT   2286    2443   2460   2461   2444

 ELEMENT   2287    2444   2461   2462   2445

 ELEMENT   2288    2445   2462   2463   2446

 ELEMENT   2289    2447   2464   2465   2448

 ELEMENT   2290    2448   2465   2466   2449

 ELEMENT   2291    2449   2466   2467   2450

 ELEMENT   2292    2450   2467   2468   2451

 ELEMENT   2293    2451   2468   2469   2452

 ELEMENT   2294    2452   2469   2470   2453

 ELEMENT   2295    2453   2470   2471   2454

 ELEMENT   2296    2454   2471   2472   2455

 ELEMENT   2297    2455   2472   2473   2456

 ELEMENT   2298    2456   2473   2474   2457

 ELEMENT   2299    2457   2474   2475   2458

 ELEMENT   2300    2458   2475   2476   2459

 ELEMENT   2301    2459   2476   2477   2460

 ELEMENT   2302    2460   2477   2478   2461

 ELEMENT   2303    2461   2478   2479   2462

 ELEMENT   2304    2462   2479   2480   2463

 SELECT       FOR ITEM=TYPE COMPONENT=    
  IN RANGE         1 TO          1 STEP          1

       2304  ELEMENTS (OF       2304  DEFINED) SELECTED BY  ESEL  COMMAND.

 DEFINITION OF COMPONENT = NICKEL    ENTITY=ELEM

 SELECT ALL ENTITIES OF TYPE= ALL  AND BELOW

 ELEMENT TYPE SET TO         2

 ELEMENT   2305    2481    776

 ELEMENT   2306    2481    777

 ELEMENT   2307    2481    778

 ELEMENT   2308    2481    837

 ELEMENT   2309    2481    838

 ELEMENT   2310    2481    839

 ELEMENT   2311    2481    840

 ELEMENT   2312    2481    841

 ELEMENT   2313    2481    842

 ELEMENT   2314    2481    843

 ELEMENT   2315    2481    844

 ELEMENT   2316    2481    845

 ELEMENT   2317    2481    853

 ELEMENT   2318    2481    854

 ELEMENT   2319    2481    855

 ELEMENT   2320    2481    856

 ELEMENT   2321    2481    857

 ELEMENT   2322    2481    858

 ELEMENT   2323    2481    859

 ELEMENT   2324    2481    860

 ELEMENT   2325    2481    861

 ELEMENT   2326    2481    862

 ELEMENT   2327    2481    863

 ELEMENT   2328    2481    868

 ELEMENT   2329    2481    869

 ELEMENT   2330    2481    870

 ELEMENT   2331    2481    871

 ELEMENT   2332    2481    872

 ELEMENT   2333    2481    873

 ELEMENT   2334    2481    874

 ELEMENT   2335    2481    875

 ELEMENT   2336    2481    876

 ELEMENT   2337    2481    877

 ELEMENT   2338    2481    878

 ELEMENT   2339    2481    879

 ELEMENT   2340    2481    880

 ELEMENT   2341    2481    881

 ELEMENT   2342    2481    885

 ELEMENT   2343    2481    886

 ELEMENT   2344    2481    887

 ELEMENT   2345    2481    888

 ELEMENT   2346    2481    889

 ELEMENT   2347    2481    890

 ELEMENT   2348    2481    891

 ELEMENT   2349    2481    892

 ELEMENT   2350    2481    893

 ELEMENT   2351    2481    894

 ELEMENT   2352    2481    895

 ELEMENT   2353    2481    896

 ELEMENT   2354    2481    897

 ELEMENT   2355    2481    898

 ELEMENT   2356    2481    899

 ELEMENT   2357    2481    901

 ELEMENT   2358    2481    902

 ELEMENT   2359    2481    903

 ELEMENT   2360    2481    904

 ELEMENT   2361    2481    905

 ELEMENT   2362    2481    906

 ELEMENT   2363    2481    907

 ELEMENT   2364    2481    908

 ELEMENT   2365    2481    909

 ELEMENT   2366    2481    910

 ELEMENT   2367    2481    911

 ELEMENT   2368    2481    912

 ELEMENT   2369    2481    913

 ELEMENT   2370    2481    914

 ELEMENT   2371    2481    915

 ELEMENT   2372    2481    916

 ELEMENT   2373    2481    917

 ELEMENT   2374    2481    918

 ELEMENT   2375    2481    919

 ELEMENT   2376    2481    920

 ELEMENT   2377    2481    921

 ELEMENT   2378    2481    922

 ELEMENT   2379    2481    923

 ELEMENT   2380    2481    924

 ELEMENT   2381    2481    925

 ELEMENT   2382    2481    926

 ELEMENT   2383    2481    927

 ELEMENT   2384    2481    928

 ELEMENT   2385    2481    929

 ELEMENT   2386    2481    930

 ELEMENT   2387    2481    931

 ELEMENT   2388    2481    932

 ELEMENT   2389    2481    933

 ELEMENT   2390    2481    934

 ELEMENT   2391    2481    935

 ELEMENT   2392    2481    936

 ELEMENT   2393    2481    937

 ELEMENT   2394    2481    938

 ELEMENT   2395    2481    939

 ELEMENT   2396    2481    940

 ELEMENT   2397    2481    941

 ELEMENT   2398    2481    942

 ELEMENT   2399    2481    943

 ELEMENT   2400    2481    944

 ELEMENT   2401    2481    945

 ELEMENT   2402    2481    946

 ELEMENT   2403    2481    947

 ELEMENT   2404    2481    948

 ELEMENT   2405    2481    949

 ELEMENT   2406    2481    950

 ELEMENT   2407    2481    951

 ELEMENT   2408    2481    952

 ELEMENT   2409    2481    953

 ELEMENT   2410    2481    954

 ELEMENT   2411    2481    955

 ELEMENT   2412    2481    956

 ELEMENT   2413    2481    957

 ELEMENT   2414    2481    958

 ELEMENT   2415    2481    959

 ELEMENT   2416    2481    960

 ELEMENT   2417    2481    961

 ELEMENT   2418    2481    962

 ELEMENT   2419    2481    963

 ELEMENT   2420    2481    964

 ELEMENT   2421    2481    965

 ELEMENT   2422    2481    966

 ELEMENT   2423    2481    967

 ELEMENT   2424    2481    968

 ELEMENT   2425    2481    969

 ELEMENT   2426    2481    970

 ELEMENT   2427    2481    971

 ELEMENT   2428    2481    972

 ELEMENT   2429    2481    973

 ELEMENT   2430    2481    974

 ELEMENT   2431    2481    975

 ELEMENT   2432    2481    976

 ELEMENT   2433    2481    977

 ELEMENT   2434    2481    978

 ELEMENT   2435    2481    979

 ELEMENT   2436    2481    980

 ELEMENT   2437    2481    981

 ELEMENT   2438    2481    982

 ELEMENT   2439    2481    983

 ELEMENT   2440    2481    984

 ELEMENT   2441    2481    985

 ELEMENT   2442    2481    986

 ELEMENT   2443    2481    987

 ELEMENT   2444    2481    988

 ELEMENT   2445    2481    989

 ELEMENT   2446    2481    990

 ELEMENT   2447    2481    991

 ELEMENT   2448    2481    992

 ELEMENT   2449    2481    993

 ELEMENT   2450    2481    994

 ELEMENT   2451    2481    995

 ELEMENT   2452    2481    996

 ELEMENT   2453    2481    997

 ELEMENT   2454    2481    998

 ELEMENT   2455    2481    999

 ELEMENT   2456    2481   1000

 ELEMENT   2457    2481   1001

 ELEMENT   2458    2481   1002

 ELEMENT   2459    2481   1003

 ELEMENT   2460    2481   1004

 ELEMENT   2461    2481   1005

 ELEMENT   2462    2481   1006

 ELEMENT   2463    2481   1007

 ELEMENT   2464    2481   1008

 ELEMENT   2465    2481   1009

 ELEMENT   2466    2481   1010

 ELEMENT   2467    2481   1011

 ELEMENT   2468    2481   1012

 ELEMENT   2469    2481   1013

 ELEMENT   2470    2481   1014

 ELEMENT   2471    2481   1015

 ELEMENT   2472    2481   1016

 ELEMENT   2473    2481   1017

 ELEMENT   2474    2481   1018

 ELEMENT   2475    2481   1019

 ELEMENT   2476    2481   1020

 ELEMENT   2477    2481   1021

 ELEMENT   2478    2481   1022

 ELEMENT   2479    2481   1023

 ELEMENT   2480    2481   1024

 ELEMENT   2481    2481   1025

 ELEMENT   2482    2481   1026

 ELEMENT   2483    2481   1027

 ELEMENT   2484    2481   1028

 ELEMENT   2485    2481   1029

 ELEMENT   2486    2481   1030

 ELEMENT   2487    2481   1031

 ELEMENT   2488    2481   1032

 ELEMENT   2489    2481   1033

 ELEMENT   2490    2481   1034

 ELEMENT   2491    2481   1035

 ELEMENT   2492    2481   1036

 ELEMENT   2493    2481   1037

 ELEMENT   2494    2481   1038

 ELEMENT   2495    2481   1039

 ELEMENT   2496    2481   1040

 ELEMENT   2497    2481   1041

 ELEMENT   2498    2481   1042

 ELEMENT   2499    2481   1043

 ELEMENT   2500    2481   1044

 ELEMENT   2501    2481   1045

 ELEMENT   2502    2481   1046

 ELEMENT   2503    2481   1047

 ELEMENT   2504    2481   1048

 ELEMENT   2505    2481   1049

 ELEMENT   2506    2481   1050

 ELEMENT   2507    2481   1051

 ELEMENT   2508    2481   1052

 ELEMENT   2509    2481   1053

 ELEMENT   2510    2481   1054

 ELEMENT   2511    2481   1055

 ELEMENT   2512    2481   1056

 ELEMENT   2513    2481   1057

 ELEMENT   2514    2481   1058

 ELEMENT   2515    2481   1059

 ELEMENT   2516    2481   1060

 ELEMENT   2517    2481   1061

 ELEMENT   2518    2481   1062

 ELEMENT   2519    2481   1063

 ELEMENT   2520    2481   1064

 ELEMENT   2521    2481   1065

 ELEMENT   2522    2481   1066

 ELEMENT   2523    2481   1067

 ELEMENT   2524    2481   1068

 ELEMENT   2525    2481   1069

 ELEMENT   2526    2481   1070

 ELEMENT   2527    2481   1071

 ELEMENT   2528    2481   1072

 ELEMENT   2529    2481   1073

 ELEMENT   2530    2481   1074

 ELEMENT   2531    2481   1075

 ELEMENT   2532    2481   1076

 ELEMENT   2533    2481   1077

 ELEMENT   2534    2481   1078

 ELEMENT   2535    2481   1079

 ELEMENT   2536    2481   1080

 ELEMENT   2537    2481   1081

 ELEMENT   2538    2481   1082

 ELEMENT   2539    2481   1083

 ELEMENT   2540    2481   1084

 ELEMENT   2541    2481   1085

 ELEMENT   2542    2481   1086

 ELEMENT   2543    2481   1087

 ELEMENT   2544    2481   1088

 ELEMENT   2545    2481   1089

 ELEMENT   2546    2481   1090

 ELEMENT   2547    2481   1091

 ELEMENT   2548    2481   1092

 ELEMENT   2549    2481   1093

 ELEMENT   2550    2481   1094

 ELEMENT   2551    2481   1095

 ELEMENT   2552    2481   1096

 ELEMENT   2553    2481   1097

 ELEMENT   2554    2481   1098

 ELEMENT   2555    2481   1099

 ELEMENT   2556    2481   1100

 ELEMENT   2557    2481   1101

 ELEMENT   2558    2481   1102

 ELEMENT   2559    2481   1103

 ELEMENT   2560    2481   1104

 ELEMENT   2561    2481   1105

 ELEMENT   2562    2481   1106

 ELEMENT   2563    2481   1107

 ELEMENT   2564    2481   1108

 ELEMENT   2565    2481   1109

 ELEMENT   2566    2481   1110

 ELEMENT   2567    2481   1111

 ELEMENT   2568    2481   1112

 ELEMENT   2569    2481   1113

 ELEMENT   2570    2481   1114

 ELEMENT   2571    2481   1115

 ELEMENT   2572    2481   1116

 ELEMENT   2573    2481   1117

 ELEMENT   2574    2481   1118

 ELEMENT   2575    2481   1119

 ELEMENT   2576    2481   1120

 ELEMENT   2577    2481   1121

 ELEMENT   2578    2481   1122

 ELEMENT   2579    2481   1123

 ELEMENT   2580    2481   1124

 ELEMENT   2581    2481   1125

 ELEMENT   2582    2481   1126

 ELEMENT   2583    2481   1127

 ELEMENT   2584    2481   1128

 ELEMENT   2585    2481   1129

 ELEMENT   2586    2481   1130

 ELEMENT   2587    2481   1131

 ELEMENT   2588    2481   1132

 ELEMENT   2589    2481   1133

 ELEMENT   2590    2481   1134

 ELEMENT   2591    2481   1135

 ELEMENT   2592    2481   1136

 ELEMENT   2593    2481   1137

 ELEMENT   2594    2481   1138

 ELEMENT   2595    2481   1139

 ELEMENT   2596    2481   1140

 ELEMENT   2597    2481   1141

 ELEMENT   2598    2481   1142

 ELEMENT   2599    2481   1143

 ELEMENT   2600    2481   1144

 ELEMENT   2601    2481   1145

 ELEMENT   2602    2481   1146

 ELEMENT   2603    2481   1147

 ELEMENT   2604    2481   1148

 ELEMENT   2605    2481   1149

 ELEMENT   2606    2481   1150

 ELEMENT   2607    2481   1151

 ELEMENT   2608    2481   1152

 ELEMENT   2609    2481   1153

 ELEMENT   2610    2481   1154

 ELEMENT   2611    2481   1155

 ELEMENT   2612    2481   1156

 ELEMENT   2613    2481   1157

 ELEMENT   2614    2481   1158

 ELEMENT   2615    2481   1159

 ELEMENT   2616    2481   1160

 ELEMENT   2617    2481   1161

 ELEMENT   2618    2481   1162

 ELEMENT   2619    2481   1163

 ELEMENT   2620    2481   1164

 ELEMENT   2621    2481   1165

 ELEMENT   2622    2481   1166

 ELEMENT   2623    2481   1167

 ELEMENT   2624    2481   1168

 ELEMENT   2625    2481   1169

 ELEMENT   2626    2481   1170

 ELEMENT   2627    2481   1171

 ELEMENT   2628    2481   1172

 ELEMENT   2629    2481   1173

 ELEMENT   2630    2481   1174

 ELEMENT   2631    2481   1175

 ELEMENT   2632    2481   1176

 ELEMENT   2633    2481   1177

 ELEMENT   2634    2481   1178

 ELEMENT   2635    2481   1179

 ELEMENT   2636    2481   1180

 ELEMENT   2637    2481   1181

 ELEMENT   2638    2481   1182

 ELEMENT   2639    2481   1183

 ELEMENT   2640    2481   1184

 ELEMENT   2641    2481   1185

 ELEMENT   2642    2481   1186

 ELEMENT   2643    2481   1187

 ELEMENT   2644    2481   1188

 ELEMENT   2645    2481   1189

 ELEMENT   2646    2481   1190

 ELEMENT   2647    2481   1191

 ELEMENT   2648    2481   1192

 ELEMENT   2649    2481   1193

 ELEMENT   2650    2481   1194

 ELEMENT   2651    2481   1195

 ELEMENT   2652    2481   1196

 ELEMENT   2653    2481   1197

 ELEMENT   2654    2481   1198

 ELEMENT   2655    2481   1199

 ELEMENT   2656    2481   1200

 ELEMENT   2657    2481   1201

 ELEMENT   2658    2481   1202

 ELEMENT   2659    2481   1203

 ELEMENT   2660    2481   1204

 ELEMENT   2661    2481   1205

 ELEMENT   2662    2481   1206

 ELEMENT   2663    2481   1207

 ELEMENT   2664    2481   1208

 ELEMENT   2665    2481   1209

 ELEMENT   2666    2481   1210

 ELEMENT   2667    2481   1211

 ELEMENT   2668    2481   1212

 ELEMENT   2669    2481   1213

 ELEMENT   2670    2481   1214

 ELEMENT   2671    2481   1215

 ELEMENT   2672    2481   1216

 ELEMENT   2673    2481   1217

 ELEMENT   2674    2481   1218

 ELEMENT   2675    2481   1219

 ELEMENT   2676    2481   1220

 ELEMENT   2677    2481   1221

 ELEMENT   2678    2481   1222

 ELEMENT   2679    2481   1223

 ELEMENT   2680    2481   1224

 ELEMENT   2681    2481   1225

 ELEMENT   2682    2481   1226

 ELEMENT   2683    2481   1227

 ELEMENT   2684    2481   1228

 ELEMENT   2685    2481   1229

 ELEMENT   2686    2481   1230

 ELEMENT   2687    2481   1231

 ELEMENT   2688    2481   1232

 ELEMENT   2689    2481   1233

 ELEMENT   2690    2481   1234

 ELEMENT   2691    2481   1235

 ELEMENT   2692    2481   1236

 ELEMENT   2693    2481   1237

 ELEMENT   2694    2481   1238

 ELEMENT   2695    2481   1239

 ELEMENT   2696    2481   1240

 ELEMENT   2697    2481   2016

 ELEMENT   2698    2481   2017

 ELEMENT   2699    2481   2018

 ELEMENT   2700    2481   2077

 ELEMENT   2701    2481   2078

 ELEMENT   2702    2481   2079

 ELEMENT   2703    2481   2080

 ELEMENT   2704    2481   2081

 ELEMENT   2705    2481   2082

 ELEMENT   2706    2481   2083

 ELEMENT   2707    2481   2084

 ELEMENT   2708    2481   2085

 ELEMENT   2709    2481   2093

 ELEMENT   2710    2481   2094

 ELEMENT   2711    2481   2095

 ELEMENT   2712    2481   2096

 ELEMENT   2713    2481   2097

 ELEMENT   2714    2481   2098

 ELEMENT   2715    2481   2099

 ELEMENT   2716    2481   2100

 ELEMENT   2717    2481   2101

 ELEMENT   2718    2481   2102

 ELEMENT   2719    2481   2103

 ELEMENT   2720    2481   2108

 ELEMENT   2721    2481   2109

 ELEMENT   2722    2481   2110

 ELEMENT   2723    2481   2111

 ELEMENT   2724    2481   2112

 ELEMENT   2725    2481   2113

 ELEMENT   2726    2481   2114

 ELEMENT   2727    2481   2115

 ELEMENT   2728    2481   2116

 ELEMENT   2729    2481   2117

 ELEMENT   2730    2481   2118

 ELEMENT   2731    2481   2119

 ELEMENT   2732    2481   2120

 ELEMENT   2733    2481   2121

 ELEMENT   2734    2481   2125

 ELEMENT   2735    2481   2126

 ELEMENT   2736    2481   2127

 ELEMENT   2737    2481   2128

 ELEMENT   2738    2481   2129

 ELEMENT   2739    2481   2130

 ELEMENT   2740    2481   2131

 ELEMENT   2741    2481   2132

 ELEMENT   2742    2481   2133

 ELEMENT   2743    2481   2134

 ELEMENT   2744    2481   2135

 ELEMENT   2745    2481   2136

 ELEMENT   2746    2481   2137

 ELEMENT   2747    2481   2138

 ELEMENT   2748    2481   2139

 ELEMENT   2749    2481   2141

 ELEMENT   2750    2481   2142

 ELEMENT   2751    2481   2143

 ELEMENT   2752    2481   2144

 ELEMENT   2753    2481   2145

 ELEMENT   2754    2481   2146

 ELEMENT   2755    2481   2147

 ELEMENT   2756    2481   2148

 ELEMENT   2757    2481   2149

 ELEMENT   2758    2481   2150

 ELEMENT   2759    2481   2151

 ELEMENT   2760    2481   2152

 ELEMENT   2761    2481   2153

 ELEMENT   2762    2481   2154

 ELEMENT   2763    2481   2155

 ELEMENT   2764    2481   2156

 ELEMENT   2765    2481   2157

 ELEMENT   2766    2481   2158

 ELEMENT   2767    2481   2159

 ELEMENT   2768    2481   2160

 ELEMENT   2769    2481   2161

 ELEMENT   2770    2481   2162

 ELEMENT   2771    2481   2163

 ELEMENT   2772    2481   2164

 ELEMENT   2773    2481   2165

 ELEMENT   2774    2481   2166

 ELEMENT   2775    2481   2167

 ELEMENT   2776    2481   2168

 ELEMENT   2777    2481   2169

 ELEMENT   2778    2481   2170

 ELEMENT   2779    2481   2171

 ELEMENT   2780    2481   2172

 ELEMENT   2781    2481   2173

 ELEMENT   2782    2481   2174

 ELEMENT   2783    2481   2175

 ELEMENT   2784    2481   2176

 ELEMENT   2785    2481   2177

 ELEMENT   2786    2481   2178

 ELEMENT   2787    2481   2179

 ELEMENT   2788    2481   2180

 ELEMENT   2789    2481   2181

 ELEMENT   2790    2481   2182

 ELEMENT   2791    2481   2183

 ELEMENT   2792    2481   2184

 ELEMENT   2793    2481   2185

 ELEMENT   2794    2481   2186

 ELEMENT   2795    2481   2187

 ELEMENT   2796    2481   2188

 ELEMENT   2797    2481   2189

 ELEMENT   2798    2481   2190

 ELEMENT   2799    2481   2191

 ELEMENT   2800    2481   2192

 ELEMENT   2801    2481   2193

 ELEMENT   2802    2481   2194

 ELEMENT   2803    2481   2195

 ELEMENT   2804    2481   2196

 ELEMENT   2805    2481   2197

 ELEMENT   2806    2481   2198

 ELEMENT   2807    2481   2199

 ELEMENT   2808    2481   2200

 ELEMENT   2809    2481   2201

 ELEMENT   2810    2481   2202

 ELEMENT   2811    2481   2203

 ELEMENT   2812    2481   2204

 ELEMENT   2813    2481   2205

 ELEMENT   2814    2481   2206

 ELEMENT   2815    2481   2207

 ELEMENT   2816    2481   2208

 ELEMENT   2817    2481   2209

 ELEMENT   2818    2481   2210

 ELEMENT   2819    2481   2211

 ELEMENT   2820    2481   2212

 ELEMENT   2821    2481   2213

 ELEMENT   2822    2481   2214

 ELEMENT   2823    2481   2215

 ELEMENT   2824    2481   2216

 ELEMENT   2825    2481   2217

 ELEMENT   2826    2481   2218

 ELEMENT   2827    2481   2219

 ELEMENT   2828    2481   2220

 ELEMENT   2829    2481   2221

 ELEMENT   2830    2481   2222

 ELEMENT   2831    2481   2223

 ELEMENT   2832    2481   2224

 ELEMENT   2833    2481   2225

 ELEMENT   2834    2481   2226

 ELEMENT   2835    2481   2227

 ELEMENT   2836    2481   2228

 ELEMENT   2837    2481   2229

 ELEMENT   2838    2481   2230

 ELEMENT   2839    2481   2231

 ELEMENT   2840    2481   2232

 ELEMENT   2841    2481   2233

 ELEMENT   2842    2481   2234

 ELEMENT   2843    2481   2235

 ELEMENT   2844    2481   2236

 ELEMENT   2845    2481   2237

 ELEMENT   2846    2481   2238

 ELEMENT   2847    2481   2239

 ELEMENT   2848    2481   2240

 ELEMENT   2849    2481   2241

 ELEMENT   2850    2481   2242

 ELEMENT   2851    2481   2243

 ELEMENT   2852    2481   2244

 ELEMENT   2853    2481   2245

 ELEMENT   2854    2481   2246

 ELEMENT   2855    2481   2247

 ELEMENT   2856    2481   2248

 ELEMENT   2857    2481   2249

 ELEMENT   2858    2481   2250

 ELEMENT   2859    2481   2251

 ELEMENT   2860    2481   2252

 ELEMENT   2861    2481   2253

 ELEMENT   2862    2481   2254

 ELEMENT   2863    2481   2255

 ELEMENT   2864    2481   2256

 ELEMENT   2865    2481   2257

 ELEMENT   2866    2481   2258

 ELEMENT   2867    2481   2259

 ELEMENT   2868    2481   2260

 ELEMENT   2869    2481   2261

 ELEMENT   2870    2481   2262

 ELEMENT   2871    2481   2263

 ELEMENT   2872    2481   2264

 ELEMENT   2873    2481   2265

 ELEMENT   2874    2481   2266

 ELEMENT   2875    2481   2267

 ELEMENT   2876    2481   2268

 ELEMENT   2877    2481   2269

 ELEMENT   2878    2481   2270

 ELEMENT   2879    2481   2271

 ELEMENT   2880    2481   2272

 ELEMENT   2881    2481   2273

 ELEMENT   2882    2481   2274

 ELEMENT   2883    2481   2275

 ELEMENT   2884    2481   2276

 ELEMENT   2885    2481   2277

 ELEMENT   2886    2481   2278

 ELEMENT   2887    2481   2279

 ELEMENT   2888    2481   2280

 ELEMENT   2889    2481   2281

 ELEMENT   2890    2481   2282

 ELEMENT   2891    2481   2283

 ELEMENT   2892    2481   2284

 ELEMENT   2893    2481   2285

 ELEMENT   2894    2481   2286

 ELEMENT   2895    2481   2287

 ELEMENT   2896    2481   2288

 ELEMENT   2897    2481   2289

 ELEMENT   2898    2481   2290

 ELEMENT   2899    2481   2291

 ELEMENT   2900    2481   2292

 ELEMENT   2901    2481   2293

 ELEMENT   2902    2481   2294

 ELEMENT   2903    2481   2295

 ELEMENT   2904    2481   2296

 ELEMENT   2905    2481   2297

 ELEMENT   2906    2481   2298

 ELEMENT   2907    2481   2299

 ELEMENT   2908    2481   2300

 ELEMENT   2909    2481   2301

 ELEMENT   2910    2481   2302

 ELEMENT   2911    2481   2303

 ELEMENT   2912    2481   2304

 ELEMENT   2913    2481   2305

 ELEMENT   2914    2481   2306

 ELEMENT   2915    2481   2307

 ELEMENT   2916    2481   2308

 ELEMENT   2917    2481   2309

 ELEMENT   2918    2481   2310

 ELEMENT   2919    2481   2311

 ELEMENT   2920    2481   2312

 ELEMENT   2921    2481   2313

 ELEMENT   2922    2481   2314

 ELEMENT   2923    2481   2315

 ELEMENT   2924    2481   2316

 ELEMENT   2925    2481   2317

 ELEMENT   2926    2481   2318

 ELEMENT   2927    2481   2319

 ELEMENT   2928    2481   2320

 ELEMENT   2929    2481   2321

 ELEMENT   2930    2481   2322

 ELEMENT   2931    2481   2323

 ELEMENT   2932    2481   2324

 ELEMENT   2933    2481   2325

 ELEMENT   2934    2481   2326

 ELEMENT   2935    2481   2327

 ELEMENT   2936    2481   2328

 ELEMENT   2937    2481   2329

 ELEMENT   2938    2481   2330

 ELEMENT   2939    2481   2331

 ELEMENT   2940    2481   2332

 ELEMENT   2941    2481   2333

 ELEMENT   2942    2481   2334

 ELEMENT   2943    2481   2335

 ELEMENT   2944    2481   2336

 ELEMENT   2945    2481   2337

 ELEMENT   2946    2481   2338

 ELEMENT   2947    2481   2339

 ELEMENT   2948    2481   2340

 ELEMENT   2949    2481   2341

 ELEMENT   2950    2481   2342

 ELEMENT   2951    2481   2343

 ELEMENT   2952    2481   2344

 ELEMENT   2953    2481   2345

 ELEMENT   2954    2481   2346

 ELEMENT   2955    2481   2347

 ELEMENT   2956    2481   2348

 ELEMENT   2957    2481   2349

 ELEMENT   2958    2481   2350

 ELEMENT   2959    2481   2351

 ELEMENT   2960    2481   2352

 ELEMENT   2961    2481   2353

 ELEMENT   2962    2481   2354

 ELEMENT   2963    2481   2355

 ELEMENT   2964    2481   2356

 ELEMENT   2965    2481   2357

 ELEMENT   2966    2481   2358

 ELEMENT   2967    2481   2359

 ELEMENT   2968    2481   2360

 ELEMENT   2969    2481   2361

 ELEMENT   2970    2481   2362

 ELEMENT   2971    2481   2363

 ELEMENT   2972    2481   2364

 ELEMENT   2973    2481   2365

 ELEMENT   2974    2481   2366

 ELEMENT   2975    2481   2367

 ELEMENT   2976    2481   2368

 ELEMENT   2977    2481   2369

 ELEMENT   2978    2481   2370

 ELEMENT   2979    2481   2371

 ELEMENT   2980    2481   2372

 ELEMENT   2981    2481   2373

 ELEMENT   2982    2481   2374

 ELEMENT   2983    2481   2375

 ELEMENT   2984    2481   2376

 ELEMENT   2985    2481   2377

 ELEMENT   2986    2481   2378

 ELEMENT   2987    2481   2379

 ELEMENT   2988    2481   2380

 ELEMENT   2989    2481   2381

 ELEMENT   2990    2481   2382

 ELEMENT   2991    2481   2383

 ELEMENT   2992    2481   2384

 ELEMENT   2993    2481   2385

 ELEMENT   2994    2481   2386

 ELEMENT   2995    2481   2387

 ELEMENT   2996    2481   2388

 ELEMENT   2997    2481   2389

 ELEMENT   2998    2481   2390

 ELEMENT   2999    2481   2391

 ELEMENT   3000    2481   2392

 ELEMENT   3001    2481   2393

 ELEMENT   3002    2481   2394

 ELEMENT   3003    2481   2395

 ELEMENT   3004    2481   2396

 ELEMENT   3005    2481   2397

 ELEMENT   3006    2481   2398

 ELEMENT   3007    2481   2399

 ELEMENT   3008    2481   2400

 ELEMENT   3009    2481   2401

 ELEMENT   3010    2481   2402

 ELEMENT   3011    2481   2403

 ELEMENT   3012    2481   2404

 ELEMENT   3013    2481   2405

 ELEMENT   3014    2481   2406

 ELEMENT   3015    2481   2407

 ELEMENT   3016    2481   2408

 ELEMENT   3017    2481   2409

 ELEMENT   3018    2481   2410

 ELEMENT   3019    2481   2411

 ELEMENT   3020    2481   2412

 ELEMENT   3021    2481   2413

 ELEMENT   3022    2481   2414

 ELEMENT   3023    2481   2415

 ELEMENT   3024    2481   2416

 ELEMENT   3025    2481   2417

 ELEMENT   3026    2481   2418

 ELEMENT   3027    2481   2419

 ELEMENT   3028    2481   2420

 ELEMENT   3029    2481   2421

 ELEMENT   3030    2481   2422

 ELEMENT   3031    2481   2423

 ELEMENT   3032    2481   2424

 ELEMENT   3033    2481   2425

 ELEMENT   3034    2481   2426

 ELEMENT   3035    2481   2427

 ELEMENT   3036    2481   2428

 ELEMENT   3037    2481   2429

 ELEMENT   3038    2481   2430

 ELEMENT   3039    2481   2431

 ELEMENT   3040    2481   2432

 ELEMENT   3041    2481   2433

 ELEMENT   3042    2481   2434

 ELEMENT   3043    2481   2435

 ELEMENT   3044    2481   2436

 ELEMENT   3045    2481   2437

 ELEMENT   3046    2481   2438

 ELEMENT   3047    2481   2439

 ELEMENT   3048    2481   2440

 ELEMENT   3049    2481   2441

 ELEMENT   3050    2481   2442

 ELEMENT   3051    2481   2443

 ELEMENT   3052    2481   2444

 ELEMENT   3053    2481   2445

 ELEMENT   3054    2481   2446

 ELEMENT   3055    2481   2447

 ELEMENT   3056    2481   2448

 ELEMENT   3057    2481   2449

 ELEMENT   3058    2481   2450

 ELEMENT   3059    2481   2451

 ELEMENT   3060    2481   2452

 ELEMENT   3061    2481   2453

 ELEMENT   3062    2481   2454

 ELEMENT   3063    2481   2455

 ELEMENT   3064    2481   2456

 ELEMENT   3065    2481   2457

 ELEMENT   3066    2481   2458

 ELEMENT   3067    2481   2459

 ELEMENT   3068    2481   2460

 ELEMENT   3069    2481   2461

 ELEMENT   3070    2481   2462

 ELEMENT   3071    2481   2463

 ELEMENT   3072    2481   2464

 ELEMENT   3073    2481   2465

 ELEMENT   3074    2481   2466

 ELEMENT   3075    2481   2467

 ELEMENT   3076    2481   2468

 ELEMENT   3077    2481   2469

 ELEMENT   3078    2481   2470

 ELEMENT   3079    2481   2471

 ELEMENT   3080    2481   2472

 ELEMENT   3081    2481   2473

 ELEMENT   3082    2481   2474

 ELEMENT   3083    2481   2475

 ELEMENT   3084    2481   2476

 ELEMENT   3085    2481   2477

 ELEMENT   3086    2481   2478

 ELEMENT   3087    2481   2479

 ELEMENT   3088    2481   2480

 SELECT ALL ENTITIES OF TYPE= ALL  AND BELOW


 ***** ROUTINE COMPLETED *****  ELAPSED TIME =         7.748



 *****  MAPDL SOLUTION ROUTINE  *****

 LARGE DEFORMATION ANALYSIS

 FINISH SOLUTION PROCESSING


 ***** ROUTINE COMPLETED *****  ELAPSED TIME =         7.748



 *** MAPDL - ENGINEERING ANALYSIS SYSTEM  RELEASE 2026 R1.02       26.1     ***
 Ansys Mechanical Enterprise Academic Research     
 01196637  VERSION=WINDOWS x64   17:29:19  OCT 05, 2026 Elapsed Time=      7.748

 Edge battery: estimated nickel ductile damage                                 



          ***** MAPDL ANALYSIS DEFINITION (PREP7) *****

 ELEMENT TYPE          3 IS CONTA174     3D 8-NODE SURF-SURF CONTACT 
  KEYOPT( 1- 6)=        0      0      0        0      0      0
  KEYOPT( 7-12)=        0      0      0        0      0      0
  KEYOPT(13-18)=        0      0      0        0      0      0

 CURRENT NODAL DOF SET IS  UX    UY    UZ    ROTX  ROTY  ROTZ
  THREE-DIMENSIONAL MODEL

 ELEMENT TYPE       3 IS CONTA174     3D 8-NODE SURF-SURF CONTACT 
  KEYOPT( 1- 6)=        0      0      0        0      0      0
  KEYOPT( 7-12)=        0      0      0        0      0      0
  KEYOPT(13-18)=        0      0      0        0      0      0

 CURRENT NODAL DOF SET IS  UX    UY    UZ    ROTX  ROTY  ROTZ
  THREE-DIMENSIONAL MODEL

 ELEMENT TYPE       3 IS CONTA174     3D 8-NODE SURF-SURF CONTACT 
  KEYOPT( 1- 6)=        0      0      0        0      0      0
  KEYOPT( 7-12)=        0      0      0        2      0      0
  KEYOPT(13-18)=        0      0      0        0      0      0

 CURRENT NODAL DOF SET IS  UX    UY    UZ    ROTX  ROTY  ROTZ
  THREE-DIMENSIONAL MODEL

 ELEMENT TYPE       3 IS CONTA174     3D 8-NODE SURF-SURF CONTACT 
  KEYOPT( 1- 6)=        0      0      0        0      0      0
  KEYOPT( 7-12)=        0      0      0        2      1      0
  KEYOPT(13-18)=        0      0      0        0      0      0

 CURRENT NODAL DOF SET IS  UX    UY    UZ    ROTX  ROTY  ROTZ
  THREE-DIMENSIONAL MODEL

 ELEMENT TYPE       3 IS CONTA174     3D 8-NODE SURF-SURF CONTACT 
  KEYOPT( 1- 6)=        0      0      0        0      0      0
  KEYOPT( 7-12)=        0      0      0        2      1      0
  KEYOPT(13-18)=        0      0      0        0      0      0

 CURRENT NODAL DOF SET IS  UX    UY    UZ    ROTX  ROTY  ROTZ
  THREE-DIMENSIONAL MODEL

 ELEMENT TYPE          4 IS TARGE170     3-D TARGET SEGMENT          
  KEYOPT( 1- 6)=        0      0      0        0      0      0
  KEYOPT( 7-12)=        0      0      0        0      0      0
  KEYOPT(13-18)=        0      0      0        0      0      0

 CURRENT NODAL DOF SET IS  UX    UY    UZ    ROTX  ROTY  ROTZ
  THREE-DIMENSIONAL MODEL

 ELEMENT TYPE       4 IS TARGE170     3-D TARGET SEGMENT          
  KEYOPT( 1- 6)=        0      1      0        0      0      0
  KEYOPT( 7-12)=        0      0      0        0      0      0
  KEYOPT(13-18)=        0      0      0        0      0      0

 CURRENT NODAL DOF SET IS  UX    UY    UZ    ROTX  ROTY  ROTZ
  THREE-DIMENSIONAL MODEL

 MATERIAL          2     MU   =  0.2000000      

 REAL CONSTANT SET          1  ITEMS   1 TO   6
    0.0000       0.0000      0.10000      0.10000E-01   0.0000      0.20000    

 REAL CONSTANT NUMBER=        1

 MATERIAL NUMBER SET TO         2

 ELEMENT TYPE SET TO         3

 ELEMENT   3089       1     65     66      2      0      0      0      0


 ELEMENT   3090       2     66     67      3      0      0      0      0


 ELEMENT   3091       3     67     68      4      0      0      0      0


 ELEMENT   3092       4     68     69      5      0      0      0      0


 ELEMENT   3093       5     69     70      6      0      0      0      0


 ELEMENT   3094       6     70     71      7      0      0      0      0


 ELEMENT   3095       7     71     72      8      0      0      0      0


 ELEMENT   3096       8     72     73      9      0      0      0      0


 ELEMENT   3097       9     73     74     10      0      0      0      0


 ELEMENT   3098      10     74     75     11      0      0      0      0


 ELEMENT   3099      11     75     76     12      0      0      0      0


 ELEMENT   3100      12     76     77     13      0      0      0      0


 ELEMENT   3101      13     77     78     14      0      0      0      0


 ELEMENT   3102      14     78     79     15      0      0      0      0


 ELEMENT   3103      15     79     80     16      0      0      0      0


 ELEMENT   3104      16     80     81     17      0      0      0      0


 ELEMENT   3105      17     81     82     18      0      0      0      0


 ELEMENT   3106      18     82     83     19      0      0      0      0


 ELEMENT   3107      19     83     84     20      0      0      0      0


 ELEMENT   3108      20     84     85     21      0      0      0      0


 ELEMENT   3109      21     85     86     22      0      0      0      0


 ELEMENT   3110      22     86     87     23      0      0      0      0


 ELEMENT   3111      23     87     88     24      0      0      0      0


 ELEMENT   3112      24     88     89     25      0      0      0      0


 ELEMENT   3113      25     89     90     26      0      0      0      0


 ELEMENT   3114      26     90     91     27      0      0      0      0


 ELEMENT   3115      27     91     92     28      0      0      0      0


 ELEMENT   3116      28     92     93     29      0      0      0      0


 ELEMENT   3117      29     93     94     30      0      0      0      0


 ELEMENT   3118      30     94     95     31      0      0      0      0


 ELEMENT   3119      31     95     96     32      0      0      0      0


 ELEMENT   3120      32     96     97     33      0      0      0      0


 ELEMENT   3121      33     97     98     34      0      0      0      0


 ELEMENT   3122      34     98     99     35      0      0      0      0


 ELEMENT   3123      35     99    100     36      0      0      0      0


 ELEMENT   3124      36    100    101     37      0      0      0      0


 ELEMENT   3125      37    101    102     38      0      0      0      0


 ELEMENT   3126      38    102    103     39      0      0      0      0


 ELEMENT   3127      39    103    104     40      0      0      0      0


 ELEMENT   3128      40    104    105     41      0      0      0      0


 ELEMENT   3129      41    105    106     42      0      0      0      0


 ELEMENT   3130      42    106    107     43      0      0      0      0


 ELEMENT   3131      43    107    108     44      0      0      0      0


 ELEMENT   3132      44    108    109     45      0      0      0      0


 ELEMENT   3133      45    109    110     46      0      0      0      0


 ELEMENT   3134      46    110    111     47      0      0      0      0


 ELEMENT   3135      47    111    112     48      0      0      0      0


 ELEMENT   3136      48    112    113     49      0      0      0      0


 ELEMENT   3137      49    113    114     50      0      0      0      0


 ELEMENT   3138      50    114    115     51      0      0      0      0


 ELEMENT   3139      51    115    116     52      0      0      0      0


 ELEMENT   3140      52    116    117     53      0      0      0      0


 ELEMENT   3141      53    117    118     54      0      0      0      0


 ELEMENT   3142      54    118    119     55      0      0      0      0


 ELEMENT   3143      55    119    120     56      0      0      0      0


 ELEMENT   3144      56    120    121     57      0      0      0      0


 ELEMENT   3145      57    121    122     58      0      0      0      0


 ELEMENT   3146      58    122    123     59      0      0      0      0


 ELEMENT   3147      59    123    124     60      0      0      0      0


 ELEMENT   3148      60    124    125     61      0      0      0      0


 ELEMENT   3149      61    125    126     62      0      0      0      0


 ELEMENT   3150      62    126    127     63      0      0      0      0


 ELEMENT   3151      63    127    128     64      0      0      0      0


 ELEMENT   3152      64    128     65      1      0      0      0      0


 ELEMENT   3153      65    129    130     66      0      0      0      0


 ELEMENT   3154      66    130    131     67      0      0      0      0


 ELEMENT   3155      67    131    132     68      0      0      0      0


 ELEMENT   3156      68    132    133     69      0      0      0      0


 ELEMENT   3157      69    133    134     70      0      0      0      0


 ELEMENT   3158      70    134    135     71      0      0      0      0


 ELEMENT   3159      71    135    136     72      0      0      0      0


 ELEMENT   3160      72    136    137     73      0      0      0      0


 ELEMENT   3161      73    137    138     74      0      0      0      0


 ELEMENT   3162      74    138    139     75      0      0      0      0


 ELEMENT   3163      75    139    140     76      0      0      0      0


 ELEMENT   3164      76    140    141     77      0      0      0      0


 ELEMENT   3165      77    141    142     78      0      0      0      0


 ELEMENT   3166      78    142    143     79      0      0      0      0


 ELEMENT   3167      79    143    144     80      0      0      0      0


 ELEMENT   3168      80    144    145     81      0      0      0      0


 ELEMENT   3169      81    145    146     82      0      0      0      0


 ELEMENT   3170      82    146    147     83      0      0      0      0


 ELEMENT   3171      83    147    148     84      0      0      0      0


 ELEMENT   3172      84    148    149     85      0      0      0      0


 ELEMENT   3173      85    149    150     86      0      0      0      0


 ELEMENT   3174      86    150    151     87      0      0      0      0


 ELEMENT   3175      87    151    152     88      0      0      0      0


 ELEMENT   3176      88    152    153     89      0      0      0      0


 ELEMENT   3177      89    153    154     90      0      0      0      0


 ELEMENT   3178      90    154    155     91      0      0      0      0


 ELEMENT   3179      91    155    156     92      0      0      0      0


 ELEMENT   3180      92    156    157     93      0      0      0      0


 ELEMENT   3181      93    157    158     94      0      0      0      0


 ELEMENT   3182      94    158    159     95      0      0      0      0


 ELEMENT   3183      95    159    160     96      0      0      0      0


 ELEMENT   3184      96    160    161     97      0      0      0      0


 ELEMENT   3185      97    161    162     98      0      0      0      0


 ELEMENT   3186      98    162    163     99      0      0      0      0


 ELEMENT   3187      99    163    164    100      0      0      0      0


 ELEMENT   3188     100    164    165    101      0      0      0      0


 ELEMENT   3189     101    165    166    102      0      0      0      0


 ELEMENT   3190     102    166    167    103      0      0      0      0


 ELEMENT   3191     103    167    168    104      0      0      0      0


 ELEMENT   3192     104    168    169    105      0      0      0      0


 ELEMENT   3193     105    169    170    106      0      0      0      0


 ELEMENT   3194     106    170    171    107      0      0      0      0


 ELEMENT   3195     107    171    172    108      0      0      0      0


 ELEMENT   3196     108    172    173    109      0      0      0      0


 ELEMENT   3197     109    173    174    110      0      0      0      0


 ELEMENT   3198     110    174    175    111      0      0      0      0


 ELEMENT   3199     111    175    176    112      0      0      0      0


 ELEMENT   3200     112    176    177    113      0      0      0      0


 ELEMENT   3201     113    177    178    114      0      0      0      0


 ELEMENT   3202     114    178    179    115      0      0      0      0


 ELEMENT   3203     115    179    180    116      0      0      0      0


 ELEMENT   3204     116    180    181    117      0      0      0      0


 ELEMENT   3205     117    181    182    118      0      0      0      0


 ELEMENT   3206     118    182    183    119      0      0      0      0


 ELEMENT   3207     119    183    184    120      0      0      0      0


 ELEMENT   3208     120    184    185    121      0      0      0      0


 ELEMENT   3209     121    185    186    122      0      0      0      0


 ELEMENT   3210     122    186    187    123      0      0      0      0


 ELEMENT   3211     123    187    188    124      0      0      0      0


 ELEMENT   3212     124    188    189    125      0      0      0      0


 ELEMENT   3213     125    189    190    126      0      0      0      0


 ELEMENT   3214     126    190    191    127      0      0      0      0


 ELEMENT   3215     127    191    192    128      0      0      0      0


 ELEMENT   3216     128    192    129     65      0      0      0      0


 ELEMENT   3217     129    193    194    130      0      0      0      0


 ELEMENT   3218     130    194    195    131      0      0      0      0


 ELEMENT   3219     131    195    196    132      0      0      0      0


 ELEMENT   3220     132    196    197    133      0      0      0      0


 ELEMENT   3221     133    197    198    134      0      0      0      0


 ELEMENT   3222     134    198    199    135      0      0      0      0


 ELEMENT   3223     135    199    200    136      0      0      0      0


 ELEMENT   3224     136    200    201    137      0      0      0      0


 ELEMENT   3225     137    201    202    138      0      0      0      0


 ELEMENT   3226     138    202    203    139      0      0      0      0


 ELEMENT   3227     139    203    204    140      0      0      0      0


 ELEMENT   3228     140    204    205    141      0      0      0      0


 ELEMENT   3229     141    205    206    142      0      0      0      0


 ELEMENT   3230     142    206    207    143      0      0      0      0


 ELEMENT   3231     143    207    208    144      0      0      0      0


 ELEMENT   3232     144    208    209    145      0      0      0      0


 ELEMENT   3233     145    209    210    146      0      0      0      0


 ELEMENT   3234     146    210    211    147      0      0      0      0


 ELEMENT   3235     147    211    212    148      0      0      0      0


 ELEMENT   3236     148    212    213    149      0      0      0      0


 ELEMENT   3237     149    213    214    150      0      0      0      0


 ELEMENT   3238     150    214    215    151      0      0      0      0


 ELEMENT   3239     151    215    216    152      0      0      0      0


 ELEMENT   3240     152    216    217    153      0      0      0      0


 ELEMENT   3241     153    217    218    154      0      0      0      0


 ELEMENT   3242     154    218    219    155      0      0      0      0


 ELEMENT   3243     155    219    220    156      0      0      0      0


 ELEMENT   3244     156    220    221    157      0      0      0      0


 ELEMENT   3245     157    221    222    158      0      0      0      0


 ELEMENT   3246     158    222    223    159      0      0      0      0


 ELEMENT   3247     159    223    224    160      0      0      0      0


 ELEMENT   3248     160    224    225    161      0      0      0      0


 ELEMENT   3249     161    225    226    162      0      0      0      0


 ELEMENT   3250     162    226    227    163      0      0      0      0


 ELEMENT   3251     163    227    228    164      0      0      0      0


 ELEMENT   3252     164    228    229    165      0      0      0      0


 ELEMENT   3253     165    229    230    166      0      0      0      0


 ELEMENT   3254     166    230    231    167      0      0      0      0


 ELEMENT   3255     167    231    232    168      0      0      0      0


 ELEMENT   3256     168    232    233    169      0      0      0      0


 ELEMENT   3257     169    233    234    170      0      0      0      0


 ELEMENT   3258     170    234    235    171      0      0      0      0


 ELEMENT   3259     171    235    236    172      0      0      0      0


 ELEMENT   3260     172    236    237    173      0      0      0      0


 ELEMENT   3261     173    237    238    174      0      0      0      0


 ELEMENT   3262     174    238    239    175      0      0      0      0


 ELEMENT   3263     175    239    240    176      0      0      0      0


 ELEMENT   3264     176    240    241    177      0      0      0      0


 ELEMENT   3265     177    241    242    178      0      0      0      0


 ELEMENT   3266     178    242    243    179      0      0      0      0


 ELEMENT   3267     179    243    244    180      0      0      0      0


 ELEMENT   3268     180    244    245    181      0      0      0      0


 ELEMENT   3269     181    245    246    182      0      0      0      0


 ELEMENT   3270     182    246    247    183      0      0      0      0


 ELEMENT   3271     183    247    248    184      0      0      0      0


 ELEMENT   3272     184    248    249    185      0      0      0      0


 ELEMENT   3273     185    249    250    186      0      0      0      0


 ELEMENT   3274     186    250    251    187      0      0      0      0


 ELEMENT   3275     187    251    252    188      0      0      0      0


 ELEMENT   3276     188    252    253    189      0      0      0      0


 ELEMENT   3277     189    253    254    190      0      0      0      0


 ELEMENT   3278     190    254    255    191      0      0      0      0


 ELEMENT   3279     191    255    256    192      0      0      0      0


 ELEMENT   3280     192    256    193    129      0      0      0      0


 ELEMENT   3281     193    257    258    194      0      0      0      0


 ELEMENT   3282     194    258    259    195      0      0      0      0


 ELEMENT   3283     195    259    260    196      0      0      0      0


 ELEMENT   3284     196    260    261    197      0      0      0      0


 ELEMENT   3285     197    261    262    198      0      0      0      0


 ELEMENT   3286     198    262    263    199      0      0      0      0


 ELEMENT   3287     199    263    264    200      0      0      0      0


 ELEMENT   3288     200    264    265    201      0      0      0      0


 ELEMENT   3289     201    265    266    202      0      0      0      0


 ELEMENT   3290     202    266    267    203      0      0      0      0


 ELEMENT   3291     203    267    268    204      0      0      0      0


 ELEMENT   3292     204    268    269    205      0      0      0      0


 ELEMENT   3293     205    269    270    206      0      0      0      0


 ELEMENT   3294     206    270    271    207      0      0      0      0


 ELEMENT   3295     207    271    272    208      0      0      0      0


 ELEMENT   3296     208    272    273    209      0      0      0      0


 ELEMENT   3297     209    273    274    210      0      0      0      0


 ELEMENT   3298     210    274    275    211      0      0      0      0


 ELEMENT   3299     211    275    276    212      0      0      0      0


 ELEMENT   3300     212    276    277    213      0      0      0      0


 ELEMENT   3301     213    277    278    214      0      0      0      0


 ELEMENT   3302     214    278    279    215      0      0      0      0


 ELEMENT   3303     215    279    280    216      0      0      0      0


 ELEMENT   3304     216    280    281    217      0      0      0      0


 ELEMENT   3305     217    281    282    218      0      0      0      0


 ELEMENT   3306     218    282    283    219      0      0      0      0


 ELEMENT   3307     219    283    284    220      0      0      0      0


 ELEMENT   3308     220    284    285    221      0      0      0      0


 ELEMENT   3309     221    285    286    222      0      0      0      0


 ELEMENT   3310     222    286    287    223      0      0      0      0


 ELEMENT   3311     223    287    288    224      0      0      0      0


 ELEMENT   3312     224    288    289    225      0      0      0      0


 ELEMENT   3313     225    289    290    226      0      0      0      0


 ELEMENT   3314     226    290    291    227      0      0      0      0


 ELEMENT   3315     227    291    292    228      0      0      0      0


 ELEMENT   3316     228    292    293    229      0      0      0      0


 ELEMENT   3317     229    293    294    230      0      0      0      0


 ELEMENT   3318     230    294    295    231      0      0      0      0


 ELEMENT   3319     231    295    296    232      0      0      0      0


 ELEMENT   3320     232    296    297    233      0      0      0      0


 ELEMENT   3321     233    297    298    234      0      0      0      0


 ELEMENT   3322     234    298    299    235      0      0      0      0


 ELEMENT   3323     235    299    300    236      0      0      0      0


 ELEMENT   3324     236    300    301    237      0      0      0      0


 ELEMENT   3325     237    301    302    238      0      0      0      0


 ELEMENT   3326     238    302    303    239      0      0      0      0


 ELEMENT   3327     239    303    304    240      0      0      0      0


 ELEMENT   3328     240    304    305    241      0      0      0      0


 ELEMENT   3329     241    305    306    242      0      0      0      0


 ELEMENT   3330     242    306    307    243      0      0      0      0


 ELEMENT   3331     243    307    308    244      0      0      0      0


 ELEMENT   3332     244    308    309    245      0      0      0      0


 ELEMENT   3333     245    309    310    246      0      0      0      0


 ELEMENT   3334     246    310    311    247      0      0      0      0


 ELEMENT   3335     247    311    312    248      0      0      0      0


 ELEMENT   3336     248    312    313    249      0      0      0      0


 ELEMENT   3337     249    313    314    250      0      0      0      0


 ELEMENT   3338     250    314    315    251      0      0      0      0


 ELEMENT   3339     251    315    316    252      0      0      0      0


 ELEMENT   3340     252    316    317    253      0      0      0      0


 ELEMENT   3341     253    317    318    254      0      0      0      0


 ELEMENT   3342     254    318    319    255      0      0      0      0


 ELEMENT   3343     255    319    320    256      0      0      0      0


 ELEMENT   3344     256    320    257    193      0      0      0      0


 ELEMENT   3345     257    321    322    258      0      0      0      0


 ELEMENT   3346     258    322    323    259      0      0      0      0


 ELEMENT   3347     259    323    324    260      0      0      0      0


 ELEMENT   3348     260    324    325    261      0      0      0      0


 ELEMENT   3349     261    325    326    262      0      0      0      0


 ELEMENT   3350     262    326    327    263      0      0      0      0


 ELEMENT   3351     263    327    328    264      0      0      0      0


 ELEMENT   3352     264    328    329    265      0      0      0      0


 ELEMENT   3353     265    329    330    266      0      0      0      0


 ELEMENT   3354     266    330    331    267      0      0      0      0


 ELEMENT   3355     267    331    332    268      0      0      0      0


 ELEMENT   3356     268    332    333    269      0      0      0      0


 ELEMENT   3357     269    333    334    270      0      0      0      0


 ELEMENT   3358     270    334    335    271      0      0      0      0


 ELEMENT   3359     271    335    336    272      0      0      0      0


 ELEMENT   3360     272    336    337    273      0      0      0      0


 ELEMENT   3361     273    337    338    274      0      0      0      0


 ELEMENT   3362     274    338    339    275      0      0      0      0


 ELEMENT   3363     275    339    340    276      0      0      0      0


 ELEMENT   3364     276    340    341    277      0      0      0      0


 ELEMENT   3365     277    341    342    278      0      0      0      0


 ELEMENT   3366     278    342    343    279      0      0      0      0


 ELEMENT   3367     279    343    344    280      0      0      0      0


 ELEMENT   3368     280    344    345    281      0      0      0      0


 ELEMENT   3369     281    345    346    282      0      0      0      0


 ELEMENT   3370     282    346    347    283      0      0      0      0


 ELEMENT   3371     283    347    348    284      0      0      0      0


 ELEMENT   3372     284    348    349    285      0      0      0      0


 ELEMENT   3373     285    349    350    286      0      0      0      0


 ELEMENT   3374     286    350    351    287      0      0      0      0


 ELEMENT   3375     287    351    352    288      0      0      0      0


 ELEMENT   3376     288    352    353    289      0      0      0      0


 ELEMENT   3377     289    353    354    290      0      0      0      0


 ELEMENT   3378     290    354    355    291      0      0      0      0


 ELEMENT   3379     291    355    356    292      0      0      0      0


 ELEMENT   3380     292    356    357    293      0      0      0      0


 ELEMENT   3381     293    357    358    294      0      0      0      0


 ELEMENT   3382     294    358    359    295      0      0      0      0


 ELEMENT   3383     295    359    360    296      0      0      0      0


 ELEMENT   3384     296    360    361    297      0      0      0      0


 ELEMENT   3385     297    361    362    298      0      0      0      0


 ELEMENT   3386     298    362    363    299      0      0      0      0


 ELEMENT   3387     299    363    364    300      0      0      0      0


 ELEMENT   3388     300    364    365    301      0      0      0      0


 ELEMENT   3389     301    365    366    302      0      0      0      0


 ELEMENT   3390     302    366    367    303      0      0      0      0


 ELEMENT   3391     303    367    368    304      0      0      0      0


 ELEMENT   3392     304    368    369    305      0      0      0      0


 ELEMENT   3393     305    369    370    306      0      0      0      0


 ELEMENT   3394     306    370    371    307      0      0      0      0


 ELEMENT   3395     307    371    372    308      0      0      0      0


 ELEMENT   3396     308    372    373    309      0      0      0      0


 ELEMENT   3397     309    373    374    310      0      0      0      0


 ELEMENT   3398     310    374    375    311      0      0      0      0


 ELEMENT   3399     311    375    376    312      0      0      0      0


 ELEMENT   3400     312    376    377    313      0      0      0      0


 ELEMENT   3401     313    377    378    314      0      0      0      0


 ELEMENT   3402     314    378    379    315      0      0      0      0


 ELEMENT   3403     315    379    380    316      0      0      0      0


 ELEMENT   3404     316    380    381    317      0      0      0      0


 ELEMENT   3405     317    381    382    318      0      0      0      0


 ELEMENT   3406     318    382    383    319      0      0      0      0


 ELEMENT   3407     319    383    384    320      0      0      0      0


 ELEMENT   3408     320    384    321    257      0      0      0      0


 ELEMENT   3409     321    385    386    322      0      0      0      0


 ELEMENT   3410     322    386    387    323      0      0      0      0


 ELEMENT   3411     323    387    388    324      0      0      0      0


 ELEMENT   3412     324    388    389    325      0      0      0      0


 ELEMENT   3413     325    389    390    326      0      0      0      0


 ELEMENT   3414     326    390    391    327      0      0      0      0


 ELEMENT   3415     327    391    392    328      0      0      0      0


 ELEMENT   3416     328    392    393    329      0      0      0      0


 ELEMENT   3417     329    393    394    330      0      0      0      0


 ELEMENT   3418     330    394    395    331      0      0      0      0


 ELEMENT   3419     331    395    396    332      0      0      0      0


 ELEMENT   3420     332    396    397    333      0      0      0      0


 ELEMENT   3421     333    397    398    334      0      0      0      0


 ELEMENT   3422     334    398    399    335      0      0      0      0


 ELEMENT   3423     335    399    400    336      0      0      0      0


 ELEMENT   3424     336    400    401    337      0      0      0      0


 ELEMENT   3425     337    401    402    338      0      0      0      0


 ELEMENT   3426     338    402    403    339      0      0      0      0


 ELEMENT   3427     339    403    404    340      0      0      0      0


 ELEMENT   3428     340    404    405    341      0      0      0      0


 ELEMENT   3429     341    405    406    342      0      0      0      0


 ELEMENT   3430     342    406    407    343      0      0      0      0


 ELEMENT   3431     343    407    408    344      0      0      0      0


 ELEMENT   3432     344    408    409    345      0      0      0      0


 ELEMENT   3433     345    409    410    346      0      0      0      0


 ELEMENT   3434     346    410    411    347      0      0      0      0


 ELEMENT   3435     347    411    412    348      0      0      0      0


 ELEMENT   3436     348    412    413    349      0      0      0      0


 ELEMENT   3437     349    413    414    350      0      0      0      0


 ELEMENT   3438     350    414    415    351      0      0      0      0


 ELEMENT   3439     351    415    416    352      0      0      0      0


 ELEMENT   3440     352    416    417    353      0      0      0      0


 ELEMENT   3441     353    417    418    354      0      0      0      0


 ELEMENT   3442     354    418    419    355      0      0      0      0


 ELEMENT   3443     355    419    420    356      0      0      0      0


 ELEMENT   3444     356    420    421    357      0      0      0      0


 ELEMENT   3445     357    421    422    358      0      0      0      0


 ELEMENT   3446     358    422    423    359      0      0      0      0


 ELEMENT   3447     359    423    424    360      0      0      0      0


 ELEMENT   3448     360    424    425    361      0      0      0      0


 ELEMENT   3449     361    425    426    362      0      0      0      0


 ELEMENT   3450     362    426    427    363      0      0      0      0


 ELEMENT   3451     363    427    428    364      0      0      0      0


 ELEMENT   3452     364    428    429    365      0      0      0      0


 ELEMENT   3453     365    429    430    366      0      0      0      0


 ELEMENT   3454     366    430    431    367      0      0      0      0


 ELEMENT   3455     367    431    432    368      0      0      0      0


 ELEMENT   3456     368    432    433    369      0      0      0      0


 ELEMENT   3457     369    433    434    370      0      0      0      0


 ELEMENT   3458     370    434    435    371      0      0      0      0


 ELEMENT   3459     371    435    436    372      0      0      0      0


 ELEMENT   3460     372    436    437    373      0      0      0      0


 ELEMENT   3461     373    437    438    374      0      0      0      0


 ELEMENT   3462     374    438    439    375      0      0      0      0


 ELEMENT   3463     375    439    440    376      0      0      0      0


 ELEMENT   3464     376    440    441    377      0      0      0      0


 ELEMENT   3465     377    441    442    378      0      0      0      0


 ELEMENT   3466     378    442    443    379      0      0      0      0


 ELEMENT   3467     379    443    444    380      0      0      0      0


 ELEMENT   3468     380    444    445    381      0      0      0      0


 ELEMENT   3469     381    445    446    382      0      0      0      0


 ELEMENT   3470     382    446    447    383      0      0      0      0


 ELEMENT   3471     383    447    448    384      0      0      0      0


 ELEMENT   3472     384    448    385    321      0      0      0      0


 ELEMENT   3473     385    449    450    386      0      0      0      0


 ELEMENT   3474     386    450    451    387      0      0      0      0


 ELEMENT   3475     387    451    452    388      0      0      0      0


 ELEMENT   3476     388    452    453    389      0      0      0      0


 ELEMENT   3477     389    453    454    390      0      0      0      0


 ELEMENT   3478     390    454    455    391      0      0      0      0


 ELEMENT   3479     391    455    456    392      0      0      0      0


 ELEMENT   3480     392    456    457    393      0      0      0      0


 ELEMENT   3481     393    457    458    394      0      0      0      0


 ELEMENT   3482     394    458    459    395      0      0      0      0


 ELEMENT   3483     395    459    460    396      0      0      0      0


 ELEMENT   3484     396    460    461    397      0      0      0      0


 ELEMENT   3485     397    461    462    398      0      0      0      0


 ELEMENT   3486     398    462    463    399      0      0      0      0


 ELEMENT   3487     399    463    464    400      0      0      0      0


 ELEMENT   3488     400    464    465    401      0      0      0      0


 ELEMENT   3489     401    465    466    402      0      0      0      0


 ELEMENT   3490     402    466    467    403      0      0      0      0


 ELEMENT   3491     403    467    468    404      0      0      0      0


 ELEMENT   3492     404    468    469    405      0      0      0      0


 ELEMENT   3493     405    469    470    406      0      0      0      0


 ELEMENT   3494     406    470    471    407      0      0      0      0


 ELEMENT   3495     407    471    472    408      0      0      0      0


 ELEMENT   3496     408    472    473    409      0      0      0      0


 ELEMENT   3497     409    473    474    410      0      0      0      0


 ELEMENT   3498     410    474    475    411      0      0      0      0


 ELEMENT   3499     411    475    476    412      0      0      0      0


 ELEMENT   3500     412    476    477    413      0      0      0      0


 ELEMENT   3501     413    477    478    414      0      0      0      0


 ELEMENT   3502     414    478    479    415      0      0      0      0


 ELEMENT   3503     415    479    480    416      0      0      0      0


 ELEMENT   3504     416    480    481    417      0      0      0      0


 ELEMENT   3505     417    481    482    418      0      0      0      0


 ELEMENT   3506     418    482    483    419      0      0      0      0


 ELEMENT   3507     419    483    484    420      0      0      0      0


 ELEMENT   3508     420    484    485    421      0      0      0      0


 ELEMENT   3509     421    485    486    422      0      0      0      0


 ELEMENT   3510     422    486    487    423      0      0      0      0


 ELEMENT   3511     423    487    488    424      0      0      0      0


 ELEMENT   3512     424    488    489    425      0      0      0      0


 ELEMENT   3513     425    489    490    426      0      0      0      0


 ELEMENT   3514     426    490    491    427      0      0      0      0


 ELEMENT   3515     427    491    492    428      0      0      0      0


 ELEMENT   3516     428    492    493    429      0      0      0      0


 ELEMENT   3517     429    493    494    430      0      0      0      0


 ELEMENT   3518     430    494    495    431      0      0      0      0


 ELEMENT   3519     431    495    496    432      0      0      0      0


 ELEMENT   3520     432    496    497    433      0      0      0      0


 ELEMENT   3521     433    497    498    434      0      0      0      0


 ELEMENT   3522     434    498    499    435      0      0      0      0


 ELEMENT   3523     435    499    500    436      0      0      0      0


 ELEMENT   3524     436    500    501    437      0      0      0      0


 ELEMENT   3525     437    501    502    438      0      0      0      0


 ELEMENT   3526     438    502    503    439      0      0      0      0


 ELEMENT   3527     439    503    504    440      0      0      0      0


 ELEMENT   3528     440    504    505    441      0      0      0      0


 ELEMENT   3529     441    505    506    442      0      0      0      0


 ELEMENT   3530     442    506    507    443      0      0      0      0


 ELEMENT   3531     443    507    508    444      0      0      0      0


 ELEMENT   3532     444    508    509    445      0      0      0      0


 ELEMENT   3533     445    509    510    446      0      0      0      0


 ELEMENT   3534     446    510    511    447      0      0      0      0


 ELEMENT   3535     447    511    512    448      0      0      0      0


 ELEMENT   3536     448    512    449    385      0      0      0      0


 ELEMENT   3537     449    513    514    450      0      0      0      0


 ELEMENT   3538     450    514    515    451      0      0      0      0


 ELEMENT   3539     451    515    516    452      0      0      0      0


 ELEMENT   3540     452    516    517    453      0      0      0      0


 ELEMENT   3541     453    517    518    454      0      0      0      0


 ELEMENT   3542     454    518    519    455      0      0      0      0


 ELEMENT   3543     455    519    520    456      0      0      0      0


 ELEMENT   3544     456    520    521    457      0      0      0      0


 ELEMENT   3545     457    521    522    458      0      0      0      0


 ELEMENT   3546     458    522    523    459      0      0      0      0


 ELEMENT   3547     459    523    524    460      0      0      0      0


 ELEMENT   3548     460    524    525    461      0      0      0      0


 ELEMENT   3549     461    525    526    462      0      0      0      0


 ELEMENT   3550     462    526    527    463      0      0      0      0


 ELEMENT   3551     463    527    528    464      0      0      0      0


 ELEMENT   3552     464    528    529    465      0      0      0      0


 ELEMENT   3553     465    529    530    466      0      0      0      0


 ELEMENT   3554     466    530    531    467      0      0      0      0


 ELEMENT   3555     467    531    532    468      0      0      0      0


 ELEMENT   3556     468    532    533    469      0      0      0      0


 ELEMENT   3557     469    533    534    470      0      0      0      0


 ELEMENT   3558     470    534    535    471      0      0      0      0


 ELEMENT   3559     471    535    536    472      0      0      0      0


 ELEMENT   3560     472    536    537    473      0      0      0      0


 ELEMENT   3561     473    537    538    474      0      0      0      0


 ELEMENT   3562     474    538    539    475      0      0      0      0


 ELEMENT   3563     475    539    540    476      0      0      0      0


 ELEMENT   3564     476    540    541    477      0      0      0      0


 ELEMENT   3565     477    541    542    478      0      0      0      0


 ELEMENT   3566     478    542    543    479      0      0      0      0


 ELEMENT   3567     479    543    544    480      0      0      0      0


 ELEMENT   3568     480    544    545    481      0      0      0      0


 ELEMENT   3569     481    545    546    482      0      0      0      0


 ELEMENT   3570     482    546    547    483      0      0      0      0


 ELEMENT   3571     483    547    548    484      0      0      0      0


 ELEMENT   3572     484    548    549    485      0      0      0      0


 ELEMENT   3573     485    549    550    486      0      0      0      0


 ELEMENT   3574     486    550    551    487      0      0      0      0


 ELEMENT   3575     487    551    552    488      0      0      0      0


 ELEMENT   3576     488    552    553    489      0      0      0      0


 ELEMENT   3577     489    553    554    490      0      0      0      0


 ELEMENT   3578     490    554    555    491      0      0      0      0


 ELEMENT   3579     491    555    556    492      0      0      0      0


 ELEMENT   3580     492    556    557    493      0      0      0      0


 ELEMENT   3581     493    557    558    494      0      0      0      0


 ELEMENT   3582     494    558    559    495      0      0      0      0


 ELEMENT   3583     495    559    560    496      0      0      0      0


 ELEMENT   3584     496    560    561    497      0      0      0      0


 ELEMENT   3585     497    561    562    498      0      0      0      0


 ELEMENT   3586     498    562    563    499      0      0      0      0


 ELEMENT   3587     499    563    564    500      0      0      0      0


 ELEMENT   3588     500    564    565    501      0      0      0      0


 ELEMENT   3589     501    565    566    502      0      0      0      0


 ELEMENT   3590     502    566    567    503      0      0      0      0


 ELEMENT   3591     503    567    568    504      0      0      0      0


 ELEMENT   3592     504    568    569    505      0      0      0      0


 ELEMENT   3593     505    569    570    506      0      0      0      0


 ELEMENT   3594     506    570    571    507      0      0      0      0


 ELEMENT   3595     507    571    572    508      0      0      0      0


 ELEMENT   3596     508    572    573    509      0      0      0      0


 ELEMENT   3597     509    573    574    510      0      0      0      0


 ELEMENT   3598     510    574    575    511      0      0      0      0


 ELEMENT   3599     511    575    576    512      0      0      0      0


 ELEMENT   3600     512    576    513    449      0      0      0      0


 ELEMENT   3601     513    577    578    514      0      0      0      0


 ELEMENT   3602     514    578    579    515      0      0      0      0


 ELEMENT   3603     515    579    580    516      0      0      0      0


 ELEMENT   3604     516    580    581    517      0      0      0      0


 ELEMENT   3605     517    581    582    518      0      0      0      0


 ELEMENT   3606     518    582    583    519      0      0      0      0


 ELEMENT   3607     519    583    584    520      0      0      0      0


 ELEMENT   3608     520    584    585    521      0      0      0      0


 ELEMENT   3609     521    585    586    522      0      0      0      0


 ELEMENT   3610     522    586    587    523      0      0      0      0


 ELEMENT   3611     523    587    588    524      0      0      0      0


 ELEMENT   3612     524    588    589    525      0      0      0      0


 ELEMENT   3613     525    589    590    526      0      0      0      0


 ELEMENT   3614     526    590    591    527      0      0      0      0


 ELEMENT   3615     527    591    592    528      0      0      0      0


 ELEMENT   3616     528    592    593    529      0      0      0      0


 ELEMENT   3617     529    593    594    530      0      0      0      0


 ELEMENT   3618     530    594    595    531      0      0      0      0


 ELEMENT   3619     531    595    596    532      0      0      0      0


 ELEMENT   3620     532    596    597    533      0      0      0      0


 ELEMENT   3621     533    597    598    534      0      0      0      0


 ELEMENT   3622     534    598    599    535      0      0      0      0


 ELEMENT   3623     535    599    600    536      0      0      0      0


 ELEMENT   3624     536    600    601    537      0      0      0      0


 ELEMENT   3625     537    601    602    538      0      0      0      0


 ELEMENT   3626     538    602    603    539      0      0      0      0


 ELEMENT   3627     539    603    604    540      0      0      0      0


 ELEMENT   3628     540    604    605    541      0      0      0      0


 ELEMENT   3629     541    605    606    542      0      0      0      0


 ELEMENT   3630     542    606    607    543      0      0      0      0


 ELEMENT   3631     543    607    608    544      0      0      0      0


 ELEMENT   3632     544    608    609    545      0      0      0      0


 ELEMENT   3633     545    609    610    546      0      0      0      0


 ELEMENT   3634     546    610    611    547      0      0      0      0


 ELEMENT   3635     547    611    612    548      0      0      0      0


 ELEMENT   3636     548    612    613    549      0      0      0      0


 ELEMENT   3637     549    613    614    550      0      0      0      0


 ELEMENT   3638     550    614    615    551      0      0      0      0


 ELEMENT   3639     551    615    616    552      0      0      0      0


 ELEMENT   3640     552    616    617    553      0      0      0      0


 ELEMENT   3641     553    617    618    554      0      0      0      0


 ELEMENT   3642     554    618    619    555      0      0      0      0


 ELEMENT   3643     555    619    620    556      0      0      0      0


 ELEMENT   3644     556    620    621    557      0      0      0      0


 ELEMENT   3645     557    621    622    558      0      0      0      0


 ELEMENT   3646     558    622    623    559      0      0      0      0


 ELEMENT   3647     559    623    624    560      0      0      0      0


 ELEMENT   3648     560    624    625    561      0      0      0      0


 ELEMENT   3649     561    625    626    562      0      0      0      0


 ELEMENT   3650     562    626    627    563      0      0      0      0


 ELEMENT   3651     563    627    628    564      0      0      0      0


 ELEMENT   3652     564    628    629    565      0      0      0      0


 ELEMENT   3653     565    629    630    566      0      0      0      0


 ELEMENT   3654     566    630    631    567      0      0      0      0


 ELEMENT   3655     567    631    632    568      0      0      0      0


 ELEMENT   3656     568    632    633    569      0      0      0      0


 ELEMENT   3657     569    633    634    570      0      0      0      0


 ELEMENT   3658     570    634    635    571      0      0      0      0


 ELEMENT   3659     571    635    636    572      0      0      0      0


 ELEMENT   3660     572    636    637    573      0      0      0      0


 ELEMENT   3661     573    637    638    574      0      0      0      0


 ELEMENT   3662     574    638    639    575      0      0      0      0


 ELEMENT   3663     575    639    640    576      0      0      0      0


 ELEMENT   3664     576    640    577    513      0      0      0      0


 ELEMENT   3665     577    641    642    578      0      0      0      0


 ELEMENT   3666     578    642    643    579      0      0      0      0


 ELEMENT   3667     579    643    644    580      0      0      0      0


 ELEMENT   3668     580    644    645    581      0      0      0      0


 ELEMENT   3669     581    645    646    582      0      0      0      0


 ELEMENT   3670     582    646    647    583      0      0      0      0


 ELEMENT   3671     583    647    648    584      0      0      0      0


 ELEMENT   3672     584    648    649    585      0      0      0      0


 ELEMENT   3673     585    649    650    586      0      0      0      0


 ELEMENT   3674     586    650    651    587      0      0      0      0


 ELEMENT   3675     587    651    652    588      0      0      0      0


 ELEMENT   3676     588    652    653    589      0      0      0      0


 ELEMENT   3677     589    653    654    590      0      0      0      0


 ELEMENT   3678     590    654    655    591      0      0      0      0


 ELEMENT   3679     591    655    656    592      0      0      0      0


 ELEMENT   3680     592    656    657    593      0      0      0      0


 ELEMENT   3681     593    657    658    594      0      0      0      0


 ELEMENT   3682     594    658    659    595      0      0      0      0


 ELEMENT   3683     595    659    660    596      0      0      0      0


 ELEMENT   3684     596    660    661    597      0      0      0      0


 ELEMENT   3685     597    661    662    598      0      0      0      0


 ELEMENT   3686     598    662    663    599      0      0      0      0


 ELEMENT   3687     599    663    664    600      0      0      0      0


 ELEMENT   3688     600    664    665    601      0      0      0      0


 ELEMENT   3689     601    665    666    602      0      0      0      0


 ELEMENT   3690     602    666    667    603      0      0      0      0


 ELEMENT   3691     603    667    668    604      0      0      0      0


 ELEMENT   3692     604    668    669    605      0      0      0      0


 ELEMENT   3693     605    669    670    606      0      0      0      0


 ELEMENT   3694     606    670    671    607      0      0      0      0


 ELEMENT   3695     607    671    672    608      0      0      0      0


 ELEMENT   3696     608    672    673    609      0      0      0      0


 ELEMENT   3697     609    673    674    610      0      0      0      0


 ELEMENT   3698     610    674    675    611      0      0      0      0


 ELEMENT   3699     611    675    676    612      0      0      0      0


 ELEMENT   3700     612    676    677    613      0      0      0      0


 ELEMENT   3701     613    677    678    614      0      0      0      0


 ELEMENT   3702     614    678    679    615      0      0      0      0


 ELEMENT   3703     615    679    680    616      0      0      0      0


 ELEMENT   3704     616    680    681    617      0      0      0      0


 ELEMENT   3705     617    681    682    618      0      0      0      0


 ELEMENT   3706     618    682    683    619      0      0      0      0


 ELEMENT   3707     619    683    684    620      0      0      0      0


 ELEMENT   3708     620    684    685    621      0      0      0      0


 ELEMENT   3709     621    685    686    622      0      0      0      0


 ELEMENT   3710     622    686    687    623      0      0      0      0


 ELEMENT   3711     623    687    688    624      0      0      0      0


 ELEMENT   3712     624    688    689    625      0      0      0      0


 ELEMENT   3713     625    689    690    626      0      0      0      0


 ELEMENT   3714     626    690    691    627      0      0      0      0


 ELEMENT   3715     627    691    692    628      0      0      0      0


 ELEMENT   3716     628    692    693    629      0      0      0      0


 ELEMENT   3717     629    693    694    630      0      0      0      0


 ELEMENT   3718     630    694    695    631      0      0      0      0


 ELEMENT   3719     631    695    696    632      0      0      0      0


 ELEMENT   3720     632    696    697    633      0      0      0      0


 ELEMENT   3721     633    697    698    634      0      0      0      0


 ELEMENT   3722     634    698    699    635      0      0      0      0


 ELEMENT   3723     635    699    700    636      0      0      0      0


 ELEMENT   3724     636    700    701    637      0      0      0      0


 ELEMENT   3725     637    701    702    638      0      0      0      0


 ELEMENT   3726     638    702    703    639      0      0      0      0


 ELEMENT   3727     639    703    704    640      0      0      0      0


 ELEMENT   3728     640    704    641    577      0      0      0      0


 ELEMENT   3729     641    705    706    642      0      0      0      0


 ELEMENT   3730     642    706    707    643      0      0      0      0


 ELEMENT   3731     643    707    708    644      0      0      0      0


 ELEMENT   3732     644    708    709    645      0      0      0      0


 ELEMENT   3733     645    709    710    646      0      0      0      0


 ELEMENT   3734     646    710    711    647      0      0      0      0


 ELEMENT   3735     647    711    712    648      0      0      0      0


 ELEMENT   3736     648    712    713    649      0      0      0      0


 ELEMENT   3737     649    713    714    650      0      0      0      0


 ELEMENT   3738     650    714    715    651      0      0      0      0


 ELEMENT   3739     651    715    716    652      0      0      0      0


 ELEMENT   3740     652    716    717    653      0      0      0      0


 ELEMENT   3741     653    717    718    654      0      0      0      0


 ELEMENT   3742     654    718    719    655      0      0      0      0


 ELEMENT   3743     655    719    720    656      0      0      0      0


 ELEMENT   3744     656    720    721    657      0      0      0      0


 ELEMENT   3745     657    721    722    658      0      0      0      0


 ELEMENT   3746     658    722    723    659      0      0      0      0


 ELEMENT   3747     659    723    724    660      0      0      0      0


 ELEMENT   3748     660    724    725    661      0      0      0      0


 ELEMENT   3749     661    725    726    662      0      0      0      0


 ELEMENT   3750     662    726    727    663      0      0      0      0


 ELEMENT   3751     663    727    728    664      0      0      0      0


 ELEMENT   3752     664    728    729    665      0      0      0      0


 ELEMENT   3753     665    729    730    666      0      0      0      0


 ELEMENT   3754     666    730    731    667      0      0      0      0


 ELEMENT   3755     667    731    732    668      0      0      0      0


 ELEMENT   3756     668    732    733    669      0      0      0      0


 ELEMENT   3757     669    733    734    670      0      0      0      0


 ELEMENT   3758     670    734    735    671      0      0      0      0


 ELEMENT   3759     671    735    736    672      0      0      0      0


 ELEMENT   3760     672    736    737    673      0      0      0      0


 ELEMENT   3761     673    737    738    674      0      0      0      0


 ELEMENT   3762     674    738    739    675      0      0      0      0


 ELEMENT   3763     675    739    740    676      0      0      0      0


 ELEMENT   3764     676    740    741    677      0      0      0      0


 ELEMENT   3765     677    741    742    678      0      0      0      0


 ELEMENT   3766     678    742    743    679      0      0      0      0


 ELEMENT   3767     679    743    744    680      0      0      0      0


 ELEMENT   3768     680    744    745    681      0      0      0      0


 ELEMENT   3769     681    745    746    682      0      0      0      0


 ELEMENT   3770     682    746    747    683      0      0      0      0


 ELEMENT   3771     683    747    748    684      0      0      0      0


 ELEMENT   3772     684    748    749    685      0      0      0      0


 ELEMENT   3773     685    749    750    686      0      0      0      0


 ELEMENT   3774     686    750    751    687      0      0      0      0


 ELEMENT   3775     687    751    752    688      0      0      0      0


 ELEMENT   3776     688    752    753    689      0      0      0      0


 ELEMENT   3777     689    753    754    690      0      0      0      0


 ELEMENT   3778     690    754    755    691      0      0      0      0


 ELEMENT   3779     691    755    756    692      0      0      0      0


 ELEMENT   3780     692    756    757    693      0      0      0      0


 ELEMENT   3781     693    757    758    694      0      0      0      0


 ELEMENT   3782     694    758    759    695      0      0      0      0


 ELEMENT   3783     695    759    760    696      0      0      0      0


 ELEMENT   3784     696    760    761    697      0      0      0      0


 ELEMENT   3785     697    761    762    698      0      0      0      0


 ELEMENT   3786     698    762    763    699      0      0      0      0


 ELEMENT   3787     699    763    764    700      0      0      0      0


 ELEMENT   3788     700    764    765    701      0      0      0      0


 ELEMENT   3789     701    765    766    702      0      0      0      0


 ELEMENT   3790     702    766    767    703      0      0      0      0


 ELEMENT   3791     703    767    768    704      0      0      0      0


 ELEMENT   3792     704    768    705    641      0      0      0      0


 ELEMENT   3793     705    769    770    706      0      0      0      0


 ELEMENT   3794     706    770    771    707      0      0      0      0


 ELEMENT   3795     707    771    772    708      0      0      0      0


 ELEMENT   3796     708    772    773    709      0      0      0      0


 ELEMENT   3797     709    773    774    710      0      0      0      0


 ELEMENT   3798     710    774    775    711      0      0      0      0


 ELEMENT   3799     711    775    776    712      0      0      0      0


 ELEMENT   3800     712    776    777    713      0      0      0      0


 ELEMENT   3801     713    777    778    714      0      0      0      0


 ELEMENT   3802     714    778    779    715      0      0      0      0


 ELEMENT   3803     715    779    780    716      0      0      0      0


 ELEMENT   3804     716    780    781    717      0      0      0      0


 ELEMENT   3805     717    781    782    718      0      0      0      0


 ELEMENT   3806     718    782    783    719      0      0      0      0


 ELEMENT   3807     719    783    784    720      0      0      0      0


 ELEMENT   3808     720    784    785    721      0      0      0      0


 ELEMENT   3809     721    785    786    722      0      0      0      0


 ELEMENT   3810     722    786    787    723      0      0      0      0


 ELEMENT   3811     723    787    788    724      0      0      0      0


 ELEMENT   3812     724    788    789    725      0      0      0      0


 ELEMENT   3813     725    789    790    726      0      0      0      0


 ELEMENT   3814     726    790    791    727      0      0      0      0


 ELEMENT   3815     727    791    792    728      0      0      0      0


 ELEMENT   3816     728    792    793    729      0      0      0      0


 ELEMENT   3817     729    793    794    730      0      0      0      0


 ELEMENT   3818     730    794    795    731      0      0      0      0


 ELEMENT   3819     731    795    796    732      0      0      0      0


 ELEMENT   3820     732    796    797    733      0      0      0      0


 ELEMENT   3821     733    797    798    734      0      0      0      0


 ELEMENT   3822     734    798    799    735      0      0      0      0


 ELEMENT   3823     735    799    800    736      0      0      0      0


 ELEMENT   3824     736    800    801    737      0      0      0      0


 ELEMENT   3825     737    801    802    738      0      0      0      0


 ELEMENT   3826     738    802    803    739      0      0      0      0


 ELEMENT   3827     739    803    804    740      0      0      0      0


 ELEMENT   3828     740    804    805    741      0      0      0      0


 ELEMENT   3829     741    805    806    742      0      0      0      0


 ELEMENT   3830     742    806    807    743      0      0      0      0


 ELEMENT   3831     743    807    808    744      0      0      0      0


 ELEMENT   3832     744    808    809    745      0      0      0      0


 ELEMENT   3833     745    809    810    746      0      0      0      0


 ELEMENT   3834     746    810    811    747      0      0      0      0


 ELEMENT   3835     747    811    812    748      0      0      0      0


 ELEMENT   3836     748    812    813    749      0      0      0      0


 ELEMENT   3837     749    813    814    750      0      0      0      0


 ELEMENT   3838     750    814    815    751      0      0      0      0


 ELEMENT   3839     751    815    816    752      0      0      0      0


 ELEMENT   3840     752    816    817    753      0      0      0      0


 ELEMENT   3841     753    817    818    754      0      0      0      0


 ELEMENT   3842     754    818    819    755      0      0      0      0


 ELEMENT   3843     755    819    820    756      0      0      0      0


 ELEMENT   3844     756    820    821    757      0      0      0      0


 ELEMENT   3845     757    821    822    758      0      0      0      0


 ELEMENT   3846     758    822    823    759      0      0      0      0


 ELEMENT   3847     759    823    824    760      0      0      0      0


 ELEMENT   3848     760    824    825    761      0      0      0      0


 ELEMENT   3849     761    825    826    762      0      0      0      0


 ELEMENT   3850     762    826    827    763      0      0      0      0


 ELEMENT   3851     763    827    828    764      0      0      0      0


 ELEMENT   3852     764    828    829    765      0      0      0      0


 ELEMENT   3853     765    829    830    766      0      0      0      0


 ELEMENT   3854     766    830    831    767      0      0      0      0


 ELEMENT   3855     767    831    832    768      0      0      0      0


 ELEMENT   3856     768    832    769    705      0      0      0      0


 NODE       2482  KCS=      0  X,Y,Z=  8.8907       19.809      -1.2727     

 NODE       2483  KCS=      0  X,Y,Z=  9.0216       19.933      -1.2727     

 NODE       2484  KCS=      0  X,Y,Z=  9.1795       20.062      -1.2727     

 NODE       2485  KCS=      0  X,Y,Z=  9.3689       20.193      -1.2727     

 NODE       2486  KCS=      0  X,Y,Z=  9.5933       20.321      -1.2727     

 NODE       2487  KCS=      0  X,Y,Z=  9.8545       20.436      -1.2727     

 NODE       2488  KCS=      0  X,Y,Z=  10.150       20.529      -1.2727     

 NODE       2489  KCS=      0  X,Y,Z=  10.474       20.590      -1.2727     

 NODE       2490  KCS=      0  X,Y,Z=  10.812       20.611      -1.2727     

 NODE       2491  KCS=      0  X,Y,Z=  11.151       20.590      -1.2727     

 NODE       2492  KCS=      0  X,Y,Z=  11.474       20.529      -1.2727     

 NODE       2493  KCS=      0  X,Y,Z=  11.770       20.436      -1.2727     

 NODE       2494  KCS=      0  X,Y,Z=  12.031       20.321      -1.2727     

 NODE       2495  KCS=      0  X,Y,Z=  12.256       20.193      -1.2727     

 NODE       2496  KCS=      0  X,Y,Z=  12.445       20.062      -1.2727     

 NODE       2497  KCS=      0  X,Y,Z=  12.603       19.933      -1.2727     

 NODE       2498  KCS=      0  X,Y,Z=  12.734       19.809      -1.2727     

 NODE       2499  KCS=      0  X,Y,Z=  12.857       19.677      -1.2727     

 NODE       2500  KCS=      0  X,Y,Z=  12.985       19.517      -1.2727     

 NODE       2501  KCS=      0  X,Y,Z=  13.114       19.327      -1.2727     

 NODE       2502  KCS=      0  X,Y,Z=  13.238       19.102      -1.2727     

 NODE       2503  KCS=      0  X,Y,Z=  13.350       18.841      -1.2727     

 NODE       2504  KCS=      0  X,Y,Z=  13.439       18.547      -1.2727     

 NODE       2505  KCS=      0  X,Y,Z=  13.497       18.228      -1.2727     

 NODE       2506  KCS=      0  X,Y,Z=  13.516       17.893      -1.2727     

 NODE       2507  KCS=      0  X,Y,Z=  13.494       17.560      -1.2727     

 NODE       2508  KCS=      0  X,Y,Z=  13.433       17.242      -1.2727     

 NODE       2509  KCS=      0  X,Y,Z=  13.342       16.951      -1.2727     

 NODE       2510  KCS=      0  X,Y,Z=  13.228       16.693      -1.2727     

 NODE       2511  KCS=      0  X,Y,Z=  13.103       16.471      -1.2727     

 NODE       2512  KCS=      0  X,Y,Z=  12.974       16.283      -1.2727     

 NODE       2513  KCS=      0  X,Y,Z=  12.847       16.126      -1.2727     

 NODE       2514  KCS=      0  X,Y,Z=  12.724       15.995      -1.2727     

 NODE       2515  KCS=      0  X,Y,Z=  12.593       15.872      -1.2727     

 NODE       2516  KCS=      0  X,Y,Z=  12.435       15.744      -1.2727     

 NODE       2517  KCS=      0  X,Y,Z=  12.245       15.614      -1.2727     

 NODE       2518  KCS=      0  X,Y,Z=  12.022       15.488      -1.2727     

 NODE       2519  KCS=      0  X,Y,Z=  11.762       15.375      -1.2727     

 NODE       2520  KCS=      0  X,Y,Z=  11.468       15.284      -1.2727     

 NODE       2521  KCS=      0  X,Y,Z=  11.148       15.224      -1.2727     

 NODE       2522  KCS=      0  X,Y,Z=  10.812       15.203      -1.2727     

 NODE       2523  KCS=      0  X,Y,Z=  10.477       15.224      -1.2727     

 NODE       2524  KCS=      0  X,Y,Z=  10.157       15.284      -1.2727     

 NODE       2525  KCS=      0  X,Y,Z=  9.8629       15.375      -1.2727     

 NODE       2526  KCS=      0  X,Y,Z=  9.6031       15.488      -1.2727     

 NODE       2527  KCS=      0  X,Y,Z=  9.3792       15.614      -1.2727     

 NODE       2528  KCS=      0  X,Y,Z=  9.1899       15.744      -1.2727     

 NODE       2529  KCS=      0  X,Y,Z=  9.0318       15.872      -1.2727     

 NODE       2530  KCS=      0  X,Y,Z=  8.9003       15.995      -1.2727     

 NODE       2531  KCS=      0  X,Y,Z=  8.7780       16.126      -1.2727     

 NODE       2532  KCS=      0  X,Y,Z=  8.6504       16.283      -1.2727     

 NODE       2533  KCS=      0  X,Y,Z=  8.5213       16.471      -1.2727     

 NODE       2534  KCS=      0  X,Y,Z=  8.3962       16.693      -1.2727     

 NODE       2535  KCS=      0  X,Y,Z=  8.2831       16.951      -1.2727     

 NODE       2536  KCS=      0  X,Y,Z=  8.1914       17.242      -1.2727     

 NODE       2537  KCS=      0  X,Y,Z=  8.1307       17.560      -1.2727     

 NODE       2538  KCS=      0  X,Y,Z=  8.1084       17.893      -1.2727     

 NODE       2539  KCS=      0  X,Y,Z=  8.1274       18.228      -1.2727     

 NODE       2540  KCS=      0  X,Y,Z=  8.1853       18.547      -1.2727     

 NODE       2541  KCS=      0  X,Y,Z=  8.2748       18.841      -1.2727     

 NODE       2542  KCS=      0  X,Y,Z=  8.3866       19.102      -1.2727     

 NODE       2543  KCS=      0  X,Y,Z=  8.5110       19.327      -1.2727     

 NODE       2544  KCS=      0  X,Y,Z=  8.6401       19.517      -1.2727     

 NODE       2545  KCS=      0  X,Y,Z=  8.7679       19.677      -1.2727     

 NODE       2546  KCS=      0  X,Y,Z=  8.5522       20.145      -1.2727     

 NODE       2547  KCS=      0  X,Y,Z=  8.7061       20.290      -1.2727     

 NODE       2548  KCS=      0  X,Y,Z=  8.8918       20.442      -1.2727     

 NODE       2549  KCS=      0  X,Y,Z=  9.1145       20.596      -1.2727     

 NODE       2550  KCS=      0  X,Y,Z=  9.3786       20.746      -1.2727     

 NODE       2551  KCS=      0  X,Y,Z=  9.6858       20.881      -1.2727     

 NODE       2552  KCS=      0  X,Y,Z=  10.034       20.991      -1.2727     

 NODE       2553  KCS=      0  X,Y,Z=  10.414       21.062      -1.2727     

 NODE       2554  KCS=      0  X,Y,Z=  10.812       21.087      -1.2727     

 NODE       2555  KCS=      0  X,Y,Z=  11.211       21.062      -1.2727     

 NODE       2556  KCS=      0  X,Y,Z=  11.591       20.991      -1.2727     

 NODE       2557  KCS=      0  X,Y,Z=  11.939       20.881      -1.2727     

 NODE       2558  KCS=      0  X,Y,Z=  12.246       20.746      -1.2727     

 NODE       2559  KCS=      0  X,Y,Z=  12.510       20.596      -1.2727     

 NODE       2560  KCS=      0  X,Y,Z=  12.733       20.442      -1.2727     

 NODE       2561  KCS=      0  X,Y,Z=  12.919       20.290      -1.2727     

 NODE       2562  KCS=      0  X,Y,Z=  13.073       20.145      -1.2727     

 NODE       2563  KCS=      0  X,Y,Z=  13.217       19.989      -1.2727     

 NODE       2564  KCS=      0  X,Y,Z=  13.367       19.801      -1.2727     

 NODE       2565  KCS=      0  X,Y,Z=  13.519       19.577      -1.2727     

 NODE       2566  KCS=      0  X,Y,Z=  13.666       19.312      -1.2727     

 NODE       2567  KCS=      0  X,Y,Z=  13.797       19.006      -1.2727     

 NODE       2568  KCS=      0  X,Y,Z=  13.902       18.660      -1.2727     

 NODE       2569  KCS=      0  X,Y,Z=  13.970       18.284      -1.2727     

 NODE       2570  KCS=      0  X,Y,Z=  13.993       17.891      -1.2727     

 NODE       2571  KCS=      0  X,Y,Z=  13.966       17.499      -1.2727     

 NODE       2572  KCS=      0  X,Y,Z=  13.895       17.125      -1.2727     

 NODE       2573  KCS=      0  X,Y,Z=  13.787       16.782      -1.2727     

 NODE       2574  KCS=      0  X,Y,Z=  13.654       16.479      -1.2727     

 NODE       2575  KCS=      0  X,Y,Z=  13.507       16.218      -1.2727     

 NODE       2576  KCS=      0  X,Y,Z=  13.355       15.997      -1.2727     

 NODE       2577  KCS=      0  X,Y,Z=  13.205       15.812      -1.2727     

 NODE       2578  KCS=      0  X,Y,Z=  13.061       15.658      -1.2727     

 NODE       2579  KCS=      0  X,Y,Z=  12.907       15.513      -1.2727     

 NODE       2580  KCS=      0  X,Y,Z=  12.721       15.363      -1.2727     

 NODE       2581  KCS=      0  X,Y,Z=  12.498       15.210      -1.2727     

 NODE       2582  KCS=      0  X,Y,Z=  12.235       15.062      -1.2727     

 NODE       2583  KCS=      0  X,Y,Z=  11.929       14.929      -1.2727     

 NODE       2584  KCS=      0  X,Y,Z=  11.584       14.822      -1.2727     

 NODE       2585  KCS=      0  X,Y,Z=  11.207       14.751      -1.2727     

 NODE       2586  KCS=      0  X,Y,Z=  10.812       14.727      -1.2727     

 NODE       2587  KCS=      0  X,Y,Z=  10.418       14.751      -1.2727     

 NODE       2588  KCS=      0  X,Y,Z=  10.041       14.822      -1.2727     

 NODE       2589  KCS=      0  X,Y,Z=  9.6956       14.929      -1.2727     

 NODE       2590  KCS=      0  X,Y,Z=  9.3900       15.062      -1.2727     

 NODE       2591  KCS=      0  X,Y,Z=  9.1267       15.210      -1.2727     

 NODE       2592  KCS=      0  X,Y,Z=  8.9041       15.363      -1.2727     

 NODE       2593  KCS=      0  X,Y,Z=  8.7180       15.513      -1.2727     

 NODE       2594  KCS=      0  X,Y,Z=  8.5634       15.658      -1.2727     

 NODE       2595  KCS=      0  X,Y,Z=  8.4196       15.812      -1.2727     

 NODE       2596  KCS=      0  X,Y,Z=  8.2695       15.997      -1.2727     

 NODE       2597  KCS=      0  X,Y,Z=  8.1176       16.218      -1.2727     

 NODE       2598  KCS=      0  X,Y,Z=  7.9705       16.479      -1.2727     

 NODE       2599  KCS=      0  X,Y,Z=  7.8375       16.782      -1.2727     

 NODE       2600  KCS=      0  X,Y,Z=  7.7296       17.125      -1.2727     

 NODE       2601  KCS=      0  X,Y,Z=  7.6582       17.499      -1.2727     

 NODE       2602  KCS=      0  X,Y,Z=  7.6320       17.891      -1.2727     

 NODE       2603  KCS=      0  X,Y,Z=  7.6543       18.284      -1.2727     

 NODE       2604  KCS=      0  X,Y,Z=  7.7224       18.660      -1.2727     

 NODE       2605  KCS=      0  X,Y,Z=  7.8277       19.006      -1.2727     

 NODE       2606  KCS=      0  X,Y,Z=  7.9592       19.312      -1.2727     

 NODE       2607  KCS=      0  X,Y,Z=  8.1055       19.577      -1.2727     

 NODE       2608  KCS=      0  X,Y,Z=  8.2573       19.801      -1.2727     

 NODE       2609  KCS=      0  X,Y,Z=  8.4077       19.989      -1.2727     

 NODE       2610  KCS=      0  X,Y,Z=  8.2136       20.480      -1.2727     

 NODE       2611  KCS=      0  X,Y,Z=  8.3906       20.647      -1.2727     

 NODE       2612  KCS=      0  X,Y,Z=  8.6041       20.822      -1.2727     

 NODE       2613  KCS=      0  X,Y,Z=  8.8602       20.999      -1.2727     

 NODE       2614  KCS=      0  X,Y,Z=  9.1638       21.171      -1.2727     

 NODE       2615  KCS=      0  X,Y,Z=  9.5170       21.327      -1.2727     

 NODE       2616  KCS=      0  X,Y,Z=  9.9170       21.453      -1.2727     

 NODE       2617  KCS=      0  X,Y,Z=  10.354       21.535      -1.2727     

 NODE       2618  KCS=      0  X,Y,Z=  10.812       21.564      -1.2727     

 NODE       2619  KCS=      0  X,Y,Z=  11.270       21.535      -1.2727     

 NODE       2620  KCS=      0  X,Y,Z=  11.708       21.453      -1.2727     

 NODE       2621  KCS=      0  X,Y,Z=  12.108       21.327      -1.2727     

 NODE       2622  KCS=      0  X,Y,Z=  12.461       21.171      -1.2727     

 NODE       2623  KCS=      0  X,Y,Z=  12.765       20.999      -1.2727     

 NODE       2624  KCS=      0  X,Y,Z=  13.021       20.822      -1.2727     

 NODE       2625  KCS=      0  X,Y,Z=  13.234       20.647      -1.2727     

 NODE       2626  KCS=      0  X,Y,Z=  13.411       20.480      -1.2727     

 NODE       2627  KCS=      0  X,Y,Z=  13.577       20.300      -1.2727     

 NODE       2628  KCS=      0  X,Y,Z=  13.750       20.085      -1.2727     

 NODE       2629  KCS=      0  X,Y,Z=  13.925       19.827      -1.2727     

 NODE       2630  KCS=      0  X,Y,Z=  14.093       19.523      -1.2727     

 NODE       2631  KCS=      0  X,Y,Z=  14.244       19.170      -1.2727     

 NODE       2632  KCS=      0  X,Y,Z=  14.365       18.773      -1.2727     

 NODE       2633  KCS=      0  X,Y,Z=  14.443       18.340      -1.2727     

 NODE       2634  KCS=      0  X,Y,Z=  14.469       17.889      -1.2727     

 NODE       2635  KCS=      0  X,Y,Z=  14.439       17.438      -1.2727     

 NODE       2636  KCS=      0  X,Y,Z=  14.357       17.008      -1.2727     

 NODE       2637  KCS=      0  X,Y,Z=  14.233       16.614      -1.2727     

 NODE       2638  KCS=      0  X,Y,Z=  14.080       16.265      -1.2727     

 NODE       2639  KCS=      0  X,Y,Z=  13.911       15.965      -1.2727     

 NODE       2640  KCS=      0  X,Y,Z=  13.736       15.711      -1.2727     

 NODE       2641  KCS=      0  X,Y,Z=  13.564       15.498      -1.2727     

 NODE       2642  KCS=      0  X,Y,Z=  13.398       15.321      -1.2727     

 NODE       2643  KCS=      0  X,Y,Z=  13.220       15.155      -1.2727     

 NODE       2644  KCS=      0  X,Y,Z=  13.006       14.982      -1.2727     

 NODE       2645  KCS=      0  X,Y,Z=  12.750       14.806      -1.2727     

 NODE       2646  KCS=      0  X,Y,Z=  12.448       14.636      -1.2727     

 NODE       2647  KCS=      0  X,Y,Z=  12.096       14.483      -1.2727     

 NODE       2648  KCS=      0  X,Y,Z=  11.699       14.359      -1.2727     

 NODE       2649  KCS=      0  X,Y,Z=  11.266       14.278      -1.2727     

 NODE       2650  KCS=      0  X,Y,Z=  10.812       14.250      -1.2727     

 NODE       2651  KCS=      0  X,Y,Z=  10.359       14.278      -1.2727     

 NODE       2652  KCS=      0  X,Y,Z=  9.9254       14.359      -1.2727     

 NODE       2653  KCS=      0  X,Y,Z=  9.5283       14.483      -1.2727     

 NODE       2654  KCS=      0  X,Y,Z=  9.1769       14.636      -1.2727     

 NODE       2655  KCS=      0  X,Y,Z=  8.8742       14.806      -1.2727     

 NODE       2656  KCS=      0  X,Y,Z=  8.6182       14.982      -1.2727     

 NODE       2657  KCS=      0  X,Y,Z=  8.4043       15.155      -1.2727     

 NODE       2658  KCS=      0  X,Y,Z=  8.2266       15.321      -1.2727     

 NODE       2659  KCS=      0  X,Y,Z=  8.0611       15.498      -1.2727     

 NODE       2660  KCS=      0  X,Y,Z=  7.8886       15.711      -1.2727     

 NODE       2661  KCS=      0  X,Y,Z=  7.7139       15.965      -1.2727     

 NODE       2662  KCS=      0  X,Y,Z=  7.5448       16.265      -1.2727     

 NODE       2663  KCS=      0  X,Y,Z=  7.3918       16.614      -1.2727     

 NODE       2664  KCS=      0  X,Y,Z=  7.2678       17.008      -1.2727     

 NODE       2665  KCS=      0  X,Y,Z=  7.1857       17.438      -1.2727     

 NODE       2666  KCS=      0  X,Y,Z=  7.1555       17.889      -1.2727     

 NODE       2667  KCS=      0  X,Y,Z=  7.1813       18.340      -1.2727     

 NODE       2668  KCS=      0  X,Y,Z=  7.2595       18.773      -1.2727     

 NODE       2669  KCS=      0  X,Y,Z=  7.3806       19.170      -1.2727     

 NODE       2670  KCS=      0  X,Y,Z=  7.5318       19.523      -1.2727     

 NODE       2671  KCS=      0  X,Y,Z=  7.7000       19.827      -1.2727     

 NODE       2672  KCS=      0  X,Y,Z=  7.8746       20.085      -1.2727     

 NODE       2673  KCS=      0  X,Y,Z=  8.0475       20.300      -1.2727     

 NODE       2674  KCS=      0  X,Y,Z=  7.8750       20.815      -1.2727     

 NODE       2675  KCS=      0  X,Y,Z=  8.0751       21.004      -1.2727     

 NODE       2676  KCS=      0  X,Y,Z=  8.3164       21.202      -1.2727     

 NODE       2677  KCS=      0  X,Y,Z=  8.6059       21.402      -1.2727     

 NODE       2678  KCS=      0  X,Y,Z=  8.9490       21.596      -1.2727     

 NODE       2679  KCS=      0  X,Y,Z=  9.3482       21.772      -1.2727     

 NODE       2680  KCS=      0  X,Y,Z=  9.8004       21.914      -1.2727     

 NODE       2681  KCS=      0  X,Y,Z=  10.295       22.008      -1.2727     

 NODE       2682  KCS=      0  X,Y,Z=  10.812       22.040      -1.2727     

 NODE       2683  KCS=      0  X,Y,Z=  11.330       22.008      -1.2727     

 NODE       2684  KCS=      0  X,Y,Z=  11.824       21.914      -1.2727     

 NODE       2685  KCS=      0  X,Y,Z=  12.276       21.772      -1.2727     

 NODE       2686  KCS=      0  X,Y,Z=  12.676       21.596      -1.2727     

 NODE       2687  KCS=      0  X,Y,Z=  13.019       21.402      -1.2727     

 NODE       2688  KCS=      0  X,Y,Z=  13.308       21.202      -1.2727     

 NODE       2689  KCS=      0  X,Y,Z=  13.550       21.004      -1.2727     

 NODE       2690  KCS=      0  X,Y,Z=  13.750       20.815      -1.2727     

 NODE       2691  KCS=      0  X,Y,Z=  13.937       20.612      -1.2727     

 NODE       2692  KCS=      0  X,Y,Z=  14.133       20.368      -1.2727     

 NODE       2693  KCS=      0  X,Y,Z=  14.330       20.077      -1.2727     

 NODE       2694  KCS=      0  X,Y,Z=  14.520       19.733      -1.2727     

 NODE       2695  KCS=      0  X,Y,Z=  14.691       19.335      -1.2727     

 NODE       2696  KCS=      0  X,Y,Z=  14.828       18.886      -1.2727     

 NODE       2697  KCS=      0  X,Y,Z=  14.917       18.397      -1.2727     

 NODE       2698  KCS=      0  X,Y,Z=  14.946       17.886      -1.2727     

 NODE       2699  KCS=      0  X,Y,Z=  14.911       17.377      -1.2727     

 NODE       2700  KCS=      0  X,Y,Z=  14.819       16.890      -1.2727     

 NODE       2701  KCS=      0  X,Y,Z=  14.678       16.445      -1.2727     

 NODE       2702  KCS=      0  X,Y,Z=  14.506       16.051      -1.2727     

 NODE       2703  KCS=      0  X,Y,Z=  14.314       15.712      -1.2727     

 NODE       2704  KCS=      0  X,Y,Z=  14.117       15.424      -1.2727     

 NODE       2705  KCS=      0  X,Y,Z=  13.922       15.184      -1.2727     

 NODE       2706  KCS=      0  X,Y,Z=  13.735       14.984      -1.2727     

 NODE       2707  KCS=      0  X,Y,Z=  13.534       14.796      -1.2727     

 NODE       2708  KCS=      0  X,Y,Z=  13.292       14.600      -1.2727     

 NODE       2709  KCS=      0  X,Y,Z=  13.003       14.402      -1.2727     

 NODE       2710  KCS=      0  X,Y,Z=  12.661       14.210      -1.2727     

 NODE       2711  KCS=      0  X,Y,Z=  12.264       14.037      -1.2727     

 NODE       2712  KCS=      0  X,Y,Z=  11.815       13.897      -1.2727     

 NODE       2713  KCS=      0  X,Y,Z=  11.325       13.806      -1.2727     

 NODE       2714  KCS=      0  X,Y,Z=  10.812       13.774      -1.2727     

 NODE       2715  KCS=      0  X,Y,Z=  10.300       13.806      -1.2727     

 NODE       2716  KCS=      0  X,Y,Z=  9.8099       13.897      -1.2727     

 NODE       2717  KCS=      0  X,Y,Z=  9.3611       14.037      -1.2727     

 NODE       2718  KCS=      0  X,Y,Z=  8.9639       14.210      -1.2727     

 NODE       2719  KCS=      0  X,Y,Z=  8.6217       14.402      -1.2727     

 NODE       2720  KCS=      0  X,Y,Z=  8.3324       14.600      -1.2727     

 NODE       2721  KCS=      0  X,Y,Z=  8.0906       14.796      -1.2727     

 NODE       2722  KCS=      0  X,Y,Z=  7.8897       14.984      -1.2727     

 NODE       2723  KCS=      0  X,Y,Z=  7.7027       15.184      -1.2727     

 NODE       2724  KCS=      0  X,Y,Z=  7.5077       15.424      -1.2727     

 NODE       2725  KCS=      0  X,Y,Z=  7.3103       15.712      -1.2727     

 NODE       2726  KCS=      0  X,Y,Z=  7.1191       16.051      -1.2727     

 NODE       2727  KCS=      0  X,Y,Z=  6.9462       16.445      -1.2727     

 NODE       2728  KCS=      0  X,Y,Z=  6.8060       16.890      -1.2727     

 NODE       2729  KCS=      0  X,Y,Z=  6.7132       17.377      -1.2727     

 NODE       2730  KCS=      0  X,Y,Z=  6.6791       17.886      -1.2727     

 NODE       2731  KCS=      0  X,Y,Z=  6.7082       18.397      -1.2727     

 NODE       2732  KCS=      0  X,Y,Z=  6.7966       18.886      -1.2727     

 NODE       2733  KCS=      0  X,Y,Z=  6.9335       19.335      -1.2727     

 NODE       2734  KCS=      0  X,Y,Z=  7.1044       19.733      -1.2727     

 NODE       2735  KCS=      0  X,Y,Z=  7.2945       20.077      -1.2727     

 NODE       2736  KCS=      0  X,Y,Z=  7.4918       20.368      -1.2727     

 NODE       2737  KCS=      0  X,Y,Z=  7.6872       20.612      -1.2727     

 NODE       2738  KCS=      0  X,Y,Z=  7.5364       21.150      -1.2727     

 NODE       2739  KCS=      0  X,Y,Z=  7.7596       21.361      -1.2727     

 NODE       2740  KCS=      0  X,Y,Z=  8.0287       21.581      -1.2727     

 NODE       2741  KCS=      0  X,Y,Z=  8.3515       21.805      -1.2727     

 NODE       2742  KCS=      0  X,Y,Z=  8.7342       22.022      -1.2727     

 NODE       2743  KCS=      0  X,Y,Z=  9.1795       22.218      -1.2727     

 NODE       2744  KCS=      0  X,Y,Z=  9.6837       22.376      -1.2727     

 NODE       2745  KCS=      0  X,Y,Z=  10.235       22.480      -1.2727     

 NODE       2746  KCS=      0  X,Y,Z=  10.812       22.517      -1.2727     

 NODE       2747  KCS=      0  X,Y,Z=  11.390       22.480      -1.2727     

 NODE       2748  KCS=      0  X,Y,Z=  11.941       22.376      -1.2727     

 NODE       2749  KCS=      0  X,Y,Z=  12.445       22.218      -1.2727     

 NODE       2750  KCS=      0  X,Y,Z=  12.890       22.022      -1.2727     

 NODE       2751  KCS=      0  X,Y,Z=  13.273       21.805      -1.2727     

 NODE       2752  KCS=      0  X,Y,Z=  13.596       21.581      -1.2727     

 NODE       2753  KCS=      0  X,Y,Z=  13.865       21.361      -1.2727     

 NODE       2754  KCS=      0  X,Y,Z=  14.088       21.150      -1.2727     

 NODE       2755  KCS=      0  X,Y,Z=  14.298       20.924      -1.2727     

 NODE       2756  KCS=      0  X,Y,Z=  14.516       20.652      -1.2727     

 NODE       2757  KCS=      0  X,Y,Z=  14.736       20.327      -1.2727     

 NODE       2758  KCS=      0  X,Y,Z=  14.948       19.944      -1.2727     

 NODE       2759  KCS=      0  X,Y,Z=  15.138       19.499      -1.2727     

 NODE       2760  KCS=      0  X,Y,Z=  15.291       18.999      -1.2727     

 NODE       2761  KCS=      0  X,Y,Z=  15.390       18.453      -1.2727     

 NODE       2762  KCS=      0  X,Y,Z=  15.422       17.884      -1.2727     

 NODE       2763  KCS=      0  X,Y,Z=  15.384       17.316      -1.2727     

 NODE       2764  KCS=      0  X,Y,Z=  15.280       16.773      -1.2727     

 NODE       2765  KCS=      0  X,Y,Z=  15.124       16.277      -1.2727     

 NODE       2766  KCS=      0  X,Y,Z=  14.931       15.837      -1.2727     

 NODE       2767  KCS=      0  X,Y,Z=  14.718       15.459      -1.2727     

 NODE       2768  KCS=      0  X,Y,Z=  14.498       15.138      -1.2727     

 NODE       2769  KCS=      0  X,Y,Z=  14.280       14.870      -1.2727     

 NODE       2770  KCS=      0  X,Y,Z=  14.072       14.647      -1.2727     

 NODE       2771  KCS=      0  X,Y,Z=  13.848       14.438      -1.2727     

 NODE       2772  KCS=      0  X,Y,Z=  13.578       14.219      -1.2727     

 NODE       2773  KCS=      0  X,Y,Z=  13.256       13.998      -1.2727     

 NODE       2774  KCS=      0  X,Y,Z=  12.874       13.784      -1.2727     

 NODE       2775  KCS=      0  X,Y,Z=  12.431       13.591      -1.2727     

 NODE       2776  KCS=      0  X,Y,Z=  11.930       13.435      -1.2727     

 NODE       2777  KCS=      0  X,Y,Z=  11.384       13.333      -1.2727     

 NODE       2778  KCS=      0  X,Y,Z=  10.812       13.297      -1.2727     

 NODE       2779  KCS=      0  X,Y,Z=  10.241       13.333      -1.2727     

 NODE       2780  KCS=      0  X,Y,Z=  9.6943       13.435      -1.2727     

 NODE       2781  KCS=      0  X,Y,Z=  9.1938       13.591      -1.2727     

 NODE       2782  KCS=      0  X,Y,Z=  8.7508       13.784      -1.2727     

 NODE       2783  KCS=      0  X,Y,Z=  8.3692       13.998      -1.2727     

 NODE       2784  KCS=      0  X,Y,Z=  8.0465       14.219      -1.2727     

 NODE       2785  KCS=      0  X,Y,Z=  7.7768       14.438      -1.2727     

 NODE       2786  KCS=      0  X,Y,Z=  7.5528       14.647      -1.2727     

 NODE       2787  KCS=      0  X,Y,Z=  7.3442       14.870      -1.2727     

 NODE       2788  KCS=      0  X,Y,Z=  7.1268       15.138      -1.2727     

 NODE       2789  KCS=      0  X,Y,Z=  6.9066       15.459      -1.2727     

 NODE       2790  KCS=      0  X,Y,Z=  6.6934       15.837      -1.2727     

 NODE       2791  KCS=      0  X,Y,Z=  6.5006       16.277      -1.2727     

 NODE       2792  KCS=      0  X,Y,Z=  6.3442       16.773      -1.2727     

 NODE       2793  KCS=      0  X,Y,Z=  6.2407       17.316      -1.2727     

 NODE       2794  KCS=      0  X,Y,Z=  6.2027       17.884      -1.2727     

 NODE       2795  KCS=      0  X,Y,Z=  6.2351       18.453      -1.2727     

 NODE       2796  KCS=      0  X,Y,Z=  6.3337       18.999      -1.2727     

 NODE       2797  KCS=      0  X,Y,Z=  6.4864       19.499      -1.2727     

 NODE       2798  KCS=      0  X,Y,Z=  6.6769       19.944      -1.2727     

 NODE       2799  KCS=      0  X,Y,Z=  6.8890       20.327      -1.2727     

 NODE       2800  KCS=      0  X,Y,Z=  7.1091       20.652      -1.2727     

 NODE       2801  KCS=      0  X,Y,Z=  7.3270       20.924      -1.2727     

 NODE       2802  KCS=      0  X,Y,Z=  7.1979       21.485      -1.2727     

 NODE       2803  KCS=      0  X,Y,Z=  7.4440       21.718      -1.2727     

 NODE       2804  KCS=      0  X,Y,Z=  7.7410       21.961      -1.2727     

 NODE       2805  KCS=      0  X,Y,Z=  8.0972       22.208      -1.2727     

 NODE       2806  KCS=      0  X,Y,Z=  8.5194       22.447      -1.2727     

 NODE       2807  KCS=      0  X,Y,Z=  9.0107       22.663      -1.2727     

 NODE       2808  KCS=      0  X,Y,Z=  9.5671       22.838      -1.2727     

 NODE       2809  KCS=      0  X,Y,Z=  10.175       22.953      -1.2727     

 NODE       2810  KCS=      0  X,Y,Z=  10.812       22.993      -1.2727     

 NODE       2811  KCS=      0  X,Y,Z=  11.449       22.953      -1.2727     

 NODE       2812  KCS=      0  X,Y,Z=  12.058       22.838      -1.2727     

 NODE       2813  KCS=      0  X,Y,Z=  12.614       22.663      -1.2727     

 NODE       2814  KCS=      0  X,Y,Z=  13.105       22.447      -1.2727     

 NODE       2815  KCS=      0  X,Y,Z=  13.528       22.208      -1.2727     

 NODE       2816  KCS=      0  X,Y,Z=  13.884       21.961      -1.2727     

 NODE       2817  KCS=      0  X,Y,Z=  14.181       21.718      -1.2727     

 NODE       2818  KCS=      0  X,Y,Z=  14.427       21.485      -1.2727     

 NODE       2819  KCS=      0  X,Y,Z=  14.658       21.236      -1.2727     

 NODE       2820  KCS=      0  X,Y,Z=  14.898       20.936      -1.2727     

 NODE       2821  KCS=      0  X,Y,Z=  15.141       20.577      -1.2727     

 NODE       2822  KCS=      0  X,Y,Z=  15.375       20.154      -1.2727     

 NODE       2823  KCS=      0  X,Y,Z=  15.585       19.664      -1.2727     

 NODE       2824  KCS=      0  X,Y,Z=  15.754       19.111      -1.2727     

 NODE       2825  KCS=      0  X,Y,Z=  15.863       18.510      -1.2727     

 NODE       2826  KCS=      0  X,Y,Z=  15.898       17.882      -1.2727     

 NODE       2827  KCS=      0  X,Y,Z=  15.856       17.254      -1.2727     

 NODE       2828  KCS=      0  X,Y,Z=  15.742       16.656      -1.2727     

 NODE       2829  KCS=      0  X,Y,Z=  15.570       16.108      -1.2727     

 NODE       2830  KCS=      0  X,Y,Z=  15.357       15.623      -1.2727     

 NODE       2831  KCS=      0  X,Y,Z=  15.122       15.206      -1.2727     

 NODE       2832  KCS=      0  X,Y,Z=  14.879       14.852      -1.2727     

 NODE       2833  KCS=      0  X,Y,Z=  14.639       14.556      -1.2727     

 NODE       2834  KCS=      0  X,Y,Z=  14.409       14.311      -1.2727     

 NODE       2835  KCS=      0  X,Y,Z=  14.162       14.079      -1.2727     

 NODE       2836  KCS=      0  X,Y,Z=  13.864       13.838      -1.2727     

 NODE       2837  KCS=      0  X,Y,Z=  13.508       13.594      -1.2727     

 NODE       2838  KCS=      0  X,Y,Z=  13.087       13.358      -1.2727     

 NODE       2839  KCS=      0  X,Y,Z=  12.598       13.145      -1.2727     

 NODE       2840  KCS=      0  X,Y,Z=  12.046       12.973      -1.2727     

 NODE       2841  KCS=      0  X,Y,Z=  11.443       12.860      -1.2727     

 NODE       2842  KCS=      0  X,Y,Z=  10.812       12.821      -1.2727     

 NODE       2843  KCS=      0  X,Y,Z=  10.181       12.860      -1.2727     

 NODE       2844  KCS=      0  X,Y,Z=  9.5788       12.973      -1.2727     

 NODE       2845  KCS=      0  X,Y,Z=  9.0265       13.145      -1.2727     

 NODE       2846  KCS=      0  X,Y,Z=  8.5377       13.358      -1.2727     

 NODE       2847  KCS=      0  X,Y,Z=  8.1167       13.594      -1.2727     

 NODE       2848  KCS=      0  X,Y,Z=  7.7606       13.838      -1.2727     

 NODE       2849  KCS=      0  X,Y,Z=  7.4631       14.079      -1.2727     

 NODE       2850  KCS=      0  X,Y,Z=  7.2159       14.311      -1.2727     

 NODE       2851  KCS=      0  X,Y,Z=  6.9858       14.556      -1.2727     

 NODE       2852  KCS=      0  X,Y,Z=  6.7459       14.852      -1.2727     

 NODE       2853  KCS=      0  X,Y,Z=  6.5029       15.206      -1.2727     

 NODE       2854  KCS=      0  X,Y,Z=  6.2677       15.623      -1.2727     

 NODE       2855  KCS=      0  X,Y,Z=  6.0549       16.108      -1.2727     

 NODE       2856  KCS=      0  X,Y,Z=  5.8824       16.656      -1.2727     

 NODE       2857  KCS=      0  X,Y,Z=  5.7682       17.254      -1.2727     

 NODE       2858  KCS=      0  X,Y,Z=  5.7262       17.882      -1.2727     

 NODE       2859  KCS=      0  X,Y,Z=  5.7620       18.510      -1.2727     

 NODE       2860  KCS=      0  X,Y,Z=  5.8709       19.111      -1.2727     

 NODE       2861  KCS=      0  X,Y,Z=  6.0393       19.664      -1.2727     

 NODE       2862  KCS=      0  X,Y,Z=  6.2495       20.154      -1.2727     

 NODE       2863  KCS=      0  X,Y,Z=  6.4836       20.577      -1.2727     

 NODE       2864  KCS=      0  X,Y,Z=  6.7263       20.936      -1.2727     

 NODE       2865  KCS=      0  X,Y,Z=  6.9668       21.236      -1.2727     

 NODE       2866  KCS=      0  X,Y,Z=  6.8593       21.821      -1.2727     

 NODE       2867  KCS=      0  X,Y,Z=  7.1285       22.075      -1.2727     

 NODE       2868  KCS=      0  X,Y,Z=  7.4533       22.341      -1.2727     

 NODE       2869  KCS=      0  X,Y,Z=  7.8429       22.611      -1.2727     

 NODE       2870  KCS=      0  X,Y,Z=  8.3046       22.872      -1.2727     

 NODE       2871  KCS=      0  X,Y,Z=  8.8419       23.109      -1.2727     

 NODE       2872  KCS=      0  X,Y,Z=  9.4504       23.300      -1.2727     

 NODE       2873  KCS=      0  X,Y,Z=  10.116       23.426      -1.2727     

 NODE       2874  KCS=      0  X,Y,Z=  10.812       23.470      -1.2727     

 NODE       2875  KCS=      0  X,Y,Z=  11.509       23.426      -1.2727     

 NODE       2876  KCS=      0  X,Y,Z=  12.174       23.300      -1.2727     

 NODE       2877  KCS=      0  X,Y,Z=  12.783       23.109      -1.2727     

 NODE       2878  KCS=      0  X,Y,Z=  13.320       22.872      -1.2727     

 NODE       2879  KCS=      0  X,Y,Z=  13.782       22.611      -1.2727     

 NODE       2880  KCS=      0  X,Y,Z=  14.171       22.341      -1.2727     

 NODE       2881  KCS=      0  X,Y,Z=  14.496       22.075      -1.2727     

 NODE       2882  KCS=      0  X,Y,Z=  14.765       21.821      -1.2727     

 NODE       2883  KCS=      0  X,Y,Z=  15.018       21.548      -1.2727     

 NODE       2884  KCS=      0  X,Y,Z=  15.281       21.219      -1.2727     

 NODE       2885  KCS=      0  X,Y,Z=  15.547       20.827      -1.2727     

 NODE       2886  KCS=      0  X,Y,Z=  15.803       20.365      -1.2727     

 NODE       2887  KCS=      0  X,Y,Z=  16.032       19.829      -1.2727     

 NODE       2888  KCS=      0  X,Y,Z=  16.217       19.224      -1.2727     

 NODE       2889  KCS=      0  X,Y,Z=  16.336       18.566      -1.2727     

 NODE       2890  KCS=      0  X,Y,Z=  16.375       17.879      -1.2727     

 NODE       2891  KCS=      0  X,Y,Z=  16.329       17.193      -1.2727     

 NODE       2892  KCS=      0  X,Y,Z=  16.204       16.539      -1.2727     

 NODE       2893  KCS=      0  X,Y,Z=  16.015       15.940      -1.2727     

 NODE       2894  KCS=      0  X,Y,Z=  15.783       15.409      -1.2727     

 NODE       2895  KCS=      0  X,Y,Z=  15.525       14.952      -1.2727     

 NODE       2896  KCS=      0  X,Y,Z=  15.260       14.566      -1.2727     

 NODE       2897  KCS=      0  X,Y,Z=  14.997       14.243      -1.2727     

 NODE       2898  KCS=      0  X,Y,Z=  14.746       13.974      -1.2727     

 NODE       2899  KCS=      0  X,Y,Z=  14.475       13.721      -1.2727     

 NODE       2900  KCS=      0  X,Y,Z=  14.150       13.457      -1.2727     

 NODE       2901  KCS=      0  X,Y,Z=  13.761       13.190      -1.2727     

 NODE       2902  KCS=      0  X,Y,Z=  13.300       12.932      -1.2727     

 NODE       2903  KCS=      0  X,Y,Z=  12.766       12.699      -1.2727     

 NODE       2904  KCS=      0  X,Y,Z=  12.161       12.510      -1.2727     

 NODE       2905  KCS=      0  X,Y,Z=  11.502       12.387      -1.2727     

 NODE       2906  KCS=      0  X,Y,Z=  10.812       12.344      -1.2727     

 NODE       2907  KCS=      0  X,Y,Z=  10.122       12.387      -1.2727     

 NODE       2908  KCS=      0  X,Y,Z=  9.4632       12.510      -1.2727     

 NODE       2909  KCS=      0  X,Y,Z=  8.8592       12.699      -1.2727     

 NODE       2910  KCS=      0  X,Y,Z=  8.3247       12.932      -1.2727     

 NODE       2911  KCS=      0  X,Y,Z=  7.8642       13.190      -1.2727     

 NODE       2912  KCS=      0  X,Y,Z=  7.4748       13.457      -1.2727     

 NODE       2913  KCS=      0  X,Y,Z=  7.1494       13.721      -1.2727     

 NODE       2914  KCS=      0  X,Y,Z=  6.8790       13.974      -1.2727     

 NODE       2915  KCS=      0  X,Y,Z=  6.6274       14.243      -1.2727     

 NODE       2916  KCS=      0  X,Y,Z=  6.3649       14.566      -1.2727     

 NODE       2917  KCS=      0  X,Y,Z=  6.0992       14.952      -1.2727     

 NODE       2918  KCS=      0  X,Y,Z=  5.8420       15.409      -1.2727     

 NODE       2919  KCS=      0  X,Y,Z=  5.6093       15.940      -1.2727     

 NODE       2920  KCS=      0  X,Y,Z=  5.4206       16.539      -1.2727     

 NODE       2921  KCS=      0  X,Y,Z=  5.2957       17.193      -1.2727     

 NODE       2922  KCS=      0  X,Y,Z=  5.2498       17.879      -1.2727     

 NODE       2923  KCS=      0  X,Y,Z=  5.2890       18.566      -1.2727     

 NODE       2924  KCS=      0  X,Y,Z=  5.4080       19.224      -1.2727     

 NODE       2925  KCS=      0  X,Y,Z=  5.5922       19.829      -1.2727     

 NODE       2926  KCS=      0  X,Y,Z=  5.8221       20.365      -1.2727     

 NODE       2927  KCS=      0  X,Y,Z=  6.0781       20.827      -1.2727     

 NODE       2928  KCS=      0  X,Y,Z=  6.3436       21.219      -1.2727     

 NODE       2929  KCS=      0  X,Y,Z=  6.6066       21.548      -1.2727     

 NODE       2930  KCS=      0  X,Y,Z=  10.812       17.907      -1.2727     

 ELEMENT TYPE SET TO         4

 *** NOTE ***                            ELAPSED TIME =       7.839   TIME= 17:29:19
 Setting the current shape of target element as pilot node.              

 ELEMENT   3857    2930      0      0      0      0      0      0      0


 *** NOTE ***                            ELAPSED TIME =       7.839   TIME= 17:29:19
 Rotational degrees of freedom ROTX+ROTY+ROTZ have been activated for    
 pilot node 2930.                                                        

 *** NOTE ***                            ELAPSED TIME =       7.839   TIME= 17:29:19
 Setting the current shape of target element as quadrilateral.           

 ELEMENT   3858    2483   2547   2546   2482      0      0      0      0


 ELEMENT   3859    2484   2548   2547   2483      0      0      0      0


 ELEMENT   3860    2485   2549   2548   2484      0      0      0      0


 ELEMENT   3861    2486   2550   2549   2485      0      0      0      0


 ELEMENT   3862    2487   2551   2550   2486      0      0      0      0


 ELEMENT   3863    2488   2552   2551   2487      0      0      0      0


 ELEMENT   3864    2489   2553   2552   2488      0      0      0      0


 ELEMENT   3865    2490   2554   2553   2489      0      0      0      0


 ELEMENT   3866    2491   2555   2554   2490      0      0      0      0


 ELEMENT   3867    2492   2556   2555   2491      0      0      0      0


 ELEMENT   3868    2493   2557   2556   2492      0      0      0      0


 ELEMENT   3869    2494   2558   2557   2493      0      0      0      0


 ELEMENT   3870    2495   2559   2558   2494      0      0      0      0


 ELEMENT   3871    2496   2560   2559   2495      0      0      0      0


 ELEMENT   3872    2497   2561   2560   2496      0      0      0      0


 ELEMENT   3873    2498   2562   2561   2497      0      0      0      0


 ELEMENT   3874    2499   2563   2562   2498      0      0      0      0


 ELEMENT   3875    2500   2564   2563   2499      0      0      0      0


 ELEMENT   3876    2501   2565   2564   2500      0      0      0      0


 ELEMENT   3877    2502   2566   2565   2501      0      0      0      0


 ELEMENT   3878    2503   2567   2566   2502      0      0      0      0


 ELEMENT   3879    2504   2568   2567   2503      0      0      0      0


 ELEMENT   3880    2505   2569   2568   2504      0      0      0      0


 ELEMENT   3881    2506   2570   2569   2505      0      0      0      0


 ELEMENT   3882    2507   2571   2570   2506      0      0      0      0


 ELEMENT   3883    2508   2572   2571   2507      0      0      0      0


 ELEMENT   3884    2509   2573   2572   2508      0      0      0      0


 ELEMENT   3885    2510   2574   2573   2509      0      0      0      0


 ELEMENT   3886    2511   2575   2574   2510      0      0      0      0


 ELEMENT   3887    2512   2576   2575   2511      0      0      0      0


 ELEMENT   3888    2513   2577   2576   2512      0      0      0      0


 ELEMENT   3889    2514   2578   2577   2513      0      0      0      0


 ELEMENT   3890    2515   2579   2578   2514      0      0      0      0


 ELEMENT   3891    2516   2580   2579   2515      0      0      0      0


 ELEMENT   3892    2517   2581   2580   2516      0      0      0      0


 ELEMENT   3893    2518   2582   2581   2517      0      0      0      0


 ELEMENT   3894    2519   2583   2582   2518      0      0      0      0


 ELEMENT   3895    2520   2584   2583   2519      0      0      0      0


 ELEMENT   3896    2521   2585   2584   2520      0      0      0      0


 ELEMENT   3897    2522   2586   2585   2521      0      0      0      0


 ELEMENT   3898    2523   2587   2586   2522      0      0      0      0


 ELEMENT   3899    2524   2588   2587   2523      0      0      0      0


 ELEMENT   3900    2525   2589   2588   2524      0      0      0      0


 ELEMENT   3901    2526   2590   2589   2525      0      0      0      0


 ELEMENT   3902    2527   2591   2590   2526      0      0      0      0


 ELEMENT   3903    2528   2592   2591   2527      0      0      0      0


 ELEMENT   3904    2529   2593   2592   2528      0      0      0      0


 ELEMENT   3905    2530   2594   2593   2529      0      0      0      0


 ELEMENT   3906    2531   2595   2594   2530      0      0      0      0


 ELEMENT   3907    2532   2596   2595   2531      0      0      0      0


 ELEMENT   3908    2533   2597   2596   2532      0      0      0      0


 ELEMENT   3909    2534   2598   2597   2533      0      0      0      0


 ELEMENT   3910    2535   2599   2598   2534      0      0      0      0


 ELEMENT   3911    2536   2600   2599   2535      0      0      0      0


 ELEMENT   3912    2537   2601   2600   2536      0      0      0      0


 ELEMENT   3913    2538   2602   2601   2537      0      0      0      0


 ELEMENT   3914    2539   2603   2602   2538      0      0      0      0


 ELEMENT   3915    2540   2604   2603   2539      0      0      0      0


 ELEMENT   3916    2541   2605   2604   2540      0      0      0      0


 ELEMENT   3917    2542   2606   2605   2541      0      0      0      0


 ELEMENT   3918    2543   2607   2606   2542      0      0      0      0


 ELEMENT   3919    2544   2608   2607   2543      0      0      0      0


 ELEMENT   3920    2545   2609   2608   2544      0      0      0      0


 ELEMENT   3921    2482   2546   2609   2545      0      0      0      0


 ELEMENT   3922    2547   2611   2610   2546      0      0      0      0


 ELEMENT   3923    2548   2612   2611   2547      0      0      0      0


 ELEMENT   3924    2549   2613   2612   2548      0      0      0      0


 ELEMENT   3925    2550   2614   2613   2549      0      0      0      0


 ELEMENT   3926    2551   2615   2614   2550      0      0      0      0


 ELEMENT   3927    2552   2616   2615   2551      0      0      0      0


 ELEMENT   3928    2553   2617   2616   2552      0      0      0      0


 ELEMENT   3929    2554   2618   2617   2553      0      0      0      0


 ELEMENT   3930    2555   2619   2618   2554      0      0      0      0


 ELEMENT   3931    2556   2620   2619   2555      0      0      0      0


 ELEMENT   3932    2557   2621   2620   2556      0      0      0      0


 ELEMENT   3933    2558   2622   2621   2557      0      0      0      0


 ELEMENT   3934    2559   2623   2622   2558      0      0      0      0


 ELEMENT   3935    2560   2624   2623   2559      0      0      0      0


 ELEMENT   3936    2561   2625   2624   2560      0      0      0      0


 ELEMENT   3937    2562   2626   2625   2561      0      0      0      0


 ELEMENT   3938    2563   2627   2626   2562      0      0      0      0


 ELEMENT   3939    2564   2628   2627   2563      0      0      0      0


 ELEMENT   3940    2565   2629   2628   2564      0      0      0      0


 ELEMENT   3941    2566   2630   2629   2565      0      0      0      0


 ELEMENT   3942    2567   2631   2630   2566      0      0      0      0


 ELEMENT   3943    2568   2632   2631   2567      0      0      0      0


 ELEMENT   3944    2569   2633   2632   2568      0      0      0      0


 ELEMENT   3945    2570   2634   2633   2569      0      0      0      0


 ELEMENT   3946    2571   2635   2634   2570      0      0      0      0


 ELEMENT   3947    2572   2636   2635   2571      0      0      0      0


 ELEMENT   3948    2573   2637   2636   2572      0      0      0      0


 ELEMENT   3949    2574   2638   2637   2573      0      0      0      0


 ELEMENT   3950    2575   2639   2638   2574      0      0      0      0


 ELEMENT   3951    2576   2640   2639   2575      0      0      0      0


 ELEMENT   3952    2577   2641   2640   2576      0      0      0      0


 ELEMENT   3953    2578   2642   2641   2577      0      0      0      0


 ELEMENT   3954    2579   2643   2642   2578      0      0      0      0


 ELEMENT   3955    2580   2644   2643   2579      0      0      0      0


 ELEMENT   3956    2581   2645   2644   2580      0      0      0      0


 ELEMENT   3957    2582   2646   2645   2581      0      0      0      0


 ELEMENT   3958    2583   2647   2646   2582      0      0      0      0


 ELEMENT   3959    2584   2648   2647   2583      0      0      0      0


 ELEMENT   3960    2585   2649   2648   2584      0      0      0      0


 ELEMENT   3961    2586   2650   2649   2585      0      0      0      0


 ELEMENT   3962    2587   2651   2650   2586      0      0      0      0


 ELEMENT   3963    2588   2652   2651   2587      0      0      0      0


 ELEMENT   3964    2589   2653   2652   2588      0      0      0      0


 ELEMENT   3965    2590   2654   2653   2589      0      0      0      0


 ELEMENT   3966    2591   2655   2654   2590      0      0      0      0


 ELEMENT   3967    2592   2656   2655   2591      0      0      0      0


 ELEMENT   3968    2593   2657   2656   2592      0      0      0      0


 ELEMENT   3969    2594   2658   2657   2593      0      0      0      0


 ELEMENT   3970    2595   2659   2658   2594      0      0      0      0


 ELEMENT   3971    2596   2660   2659   2595      0      0      0      0


 ELEMENT   3972    2597   2661   2660   2596      0      0      0      0


 ELEMENT   3973    2598   2662   2661   2597      0      0      0      0


 ELEMENT   3974    2599   2663   2662   2598      0      0      0      0


 ELEMENT   3975    2600   2664   2663   2599      0      0      0      0


 ELEMENT   3976    2601   2665   2664   2600      0      0      0      0


 ELEMENT   3977    2602   2666   2665   2601      0      0      0      0


 ELEMENT   3978    2603   2667   2666   2602      0      0      0      0


 ELEMENT   3979    2604   2668   2667   2603      0      0      0      0


 ELEMENT   3980    2605   2669   2668   2604      0      0      0      0


 ELEMENT   3981    2606   2670   2669   2605      0      0      0      0


 ELEMENT   3982    2607   2671   2670   2606      0      0      0      0


 ELEMENT   3983    2608   2672   2671   2607      0      0      0      0


 ELEMENT   3984    2609   2673   2672   2608      0      0      0      0


 ELEMENT   3985    2546   2610   2673   2609      0      0      0      0


 ELEMENT   3986    2611   2675   2674   2610      0      0      0      0


 ELEMENT   3987    2612   2676   2675   2611      0      0      0      0


 ELEMENT   3988    2613   2677   2676   2612      0      0      0      0


 ELEMENT   3989    2614   2678   2677   2613      0      0      0      0


 ELEMENT   3990    2615   2679   2678   2614      0      0      0      0


 ELEMENT   3991    2616   2680   2679   2615      0      0      0      0


 ELEMENT   3992    2617   2681   2680   2616      0      0      0      0


 ELEMENT   3993    2618   2682   2681   2617      0      0      0      0


 ELEMENT   3994    2619   2683   2682   2618      0      0      0      0


 ELEMENT   3995    2620   2684   2683   2619      0      0      0      0


 ELEMENT   3996    2621   2685   2684   2620      0      0      0      0


 ELEMENT   3997    2622   2686   2685   2621      0      0      0      0


 ELEMENT   3998    2623   2687   2686   2622      0      0      0      0


 ELEMENT   3999    2624   2688   2687   2623      0      0      0      0


 ELEMENT   4000    2625   2689   2688   2624      0      0      0      0


 ELEMENT   4001    2626   2690   2689   2625      0      0      0      0


 ELEMENT   4002    2627   2691   2690   2626      0      0      0      0


 ELEMENT   4003    2628   2692   2691   2627      0      0      0      0


 ELEMENT   4004    2629   2693   2692   2628      0      0      0      0


 ELEMENT   4005    2630   2694   2693   2629      0      0      0      0


 ELEMENT   4006    2631   2695   2694   2630      0      0      0      0


 ELEMENT   4007    2632   2696   2695   2631      0      0      0      0


 ELEMENT   4008    2633   2697   2696   2632      0      0      0      0


 ELEMENT   4009    2634   2698   2697   2633      0      0      0      0


 ELEMENT   4010    2635   2699   2698   2634      0      0      0      0


 ELEMENT   4011    2636   2700   2699   2635      0      0      0      0


 ELEMENT   4012    2637   2701   2700   2636      0      0      0      0


 ELEMENT   4013    2638   2702   2701   2637      0      0      0      0


 ELEMENT   4014    2639   2703   2702   2638      0      0      0      0


 ELEMENT   4015    2640   2704   2703   2639      0      0      0      0


 ELEMENT   4016    2641   2705   2704   2640      0      0      0      0


 ELEMENT   4017    2642   2706   2705   2641      0      0      0      0


 ELEMENT   4018    2643   2707   2706   2642      0      0      0      0


 ELEMENT   4019    2644   2708   2707   2643      0      0      0      0


 ELEMENT   4020    2645   2709   2708   2644      0      0      0      0


 ELEMENT   4021    2646   2710   2709   2645      0      0      0      0


 ELEMENT   4022    2647   2711   2710   2646      0      0      0      0


 ELEMENT   4023    2648   2712   2711   2647      0      0      0      0


 ELEMENT   4024    2649   2713   2712   2648      0      0      0      0


 ELEMENT   4025    2650   2714   2713   2649      0      0      0      0


 ELEMENT   4026    2651   2715   2714   2650      0      0      0      0


 ELEMENT   4027    2652   2716   2715   2651      0      0      0      0


 ELEMENT   4028    2653   2717   2716   2652      0      0      0      0


 ELEMENT   4029    2654   2718   2717   2653      0      0      0      0


 ELEMENT   4030    2655   2719   2718   2654      0      0      0      0


 ELEMENT   4031    2656   2720   2719   2655      0      0      0      0


 ELEMENT   4032    2657   2721   2720   2656      0      0      0      0


 ELEMENT   4033    2658   2722   2721   2657      0      0      0      0


 ELEMENT   4034    2659   2723   2722   2658      0      0      0      0


 ELEMENT   4035    2660   2724   2723   2659      0      0      0      0


 ELEMENT   4036    2661   2725   2724   2660      0      0      0      0


 ELEMENT   4037    2662   2726   2725   2661      0      0      0      0


 ELEMENT   4038    2663   2727   2726   2662      0      0      0      0


 ELEMENT   4039    2664   2728   2727   2663      0      0      0      0


 ELEMENT   4040    2665   2729   2728   2664      0      0      0      0


 ELEMENT   4041    2666   2730   2729   2665      0      0      0      0


 ELEMENT   4042    2667   2731   2730   2666      0      0      0      0


 ELEMENT   4043    2668   2732   2731   2667      0      0      0      0


 ELEMENT   4044    2669   2733   2732   2668      0      0      0      0


 ELEMENT   4045    2670   2734   2733   2669      0      0      0      0


 ELEMENT   4046    2671   2735   2734   2670      0      0      0      0


 ELEMENT   4047    2672   2736   2735   2671      0      0      0      0


 ELEMENT   4048    2673   2737   2736   2672      0      0      0      0


 ELEMENT   4049    2610   2674   2737   2673      0      0      0      0


 ELEMENT   4050    2675   2739   2738   2674      0      0      0      0


 ELEMENT   4051    2676   2740   2739   2675      0      0      0      0


 ELEMENT   4052    2677   2741   2740   2676      0      0      0      0


 ELEMENT   4053    2678   2742   2741   2677      0      0      0      0


 ELEMENT   4054    2679   2743   2742   2678      0      0      0      0


 ELEMENT   4055    2680   2744   2743   2679      0      0      0      0


 ELEMENT   4056    2681   2745   2744   2680      0      0      0      0


 ELEMENT   4057    2682   2746   2745   2681      0      0      0      0


 ELEMENT   4058    2683   2747   2746   2682      0      0      0      0


 ELEMENT   4059    2684   2748   2747   2683      0      0      0      0


 ELEMENT   4060    2685   2749   2748   2684      0      0      0      0


 ELEMENT   4061    2686   2750   2749   2685      0      0      0      0


 ELEMENT   4062    2687   2751   2750   2686      0      0      0      0


 ELEMENT   4063    2688   2752   2751   2687      0      0      0      0


 ELEMENT   4064    2689   2753   2752   2688      0      0      0      0


 ELEMENT   4065    2690   2754   2753   2689      0      0      0      0


 ELEMENT   4066    2691   2755   2754   2690      0      0      0      0


 ELEMENT   4067    2692   2756   2755   2691      0      0      0      0


 ELEMENT   4068    2693   2757   2756   2692      0      0      0      0


 ELEMENT   4069    2694   2758   2757   2693      0      0      0      0


 ELEMENT   4070    2695   2759   2758   2694      0      0      0      0


 ELEMENT   4071    2696   2760   2759   2695      0      0      0      0


 ELEMENT   4072    2697   2761   2760   2696      0      0      0      0


 ELEMENT   4073    2698   2762   2761   2697      0      0      0      0


 ELEMENT   4074    2699   2763   2762   2698      0      0      0      0


 ELEMENT   4075    2700   2764   2763   2699      0      0      0      0


 ELEMENT   4076    2701   2765   2764   2700      0      0      0      0


 ELEMENT   4077    2702   2766   2765   2701      0      0      0      0


 ELEMENT   4078    2703   2767   2766   2702      0      0      0      0


 ELEMENT   4079    2704   2768   2767   2703      0      0      0      0


 ELEMENT   4080    2705   2769   2768   2704      0      0      0      0


 ELEMENT   4081    2706   2770   2769   2705      0      0      0      0


 ELEMENT   4082    2707   2771   2770   2706      0      0      0      0


 ELEMENT   4083    2708   2772   2771   2707      0      0      0      0


 ELEMENT   4084    2709   2773   2772   2708      0      0      0      0


 ELEMENT   4085    2710   2774   2773   2709      0      0      0      0


 ELEMENT   4086    2711   2775   2774   2710      0      0      0      0


 ELEMENT   4087    2712   2776   2775   2711      0      0      0      0


 ELEMENT   4088    2713   2777   2776   2712      0      0      0      0


 ELEMENT   4089    2714   2778   2777   2713      0      0      0      0


 ELEMENT   4090    2715   2779   2778   2714      0      0      0      0


 ELEMENT   4091    2716   2780   2779   2715      0      0      0      0


 ELEMENT   4092    2717   2781   2780   2716      0      0      0      0


 ELEMENT   4093    2718   2782   2781   2717      0      0      0      0


 ELEMENT   4094    2719   2783   2782   2718      0      0      0      0


 ELEMENT   4095    2720   2784   2783   2719      0      0      0      0


 ELEMENT   4096    2721   2785   2784   2720      0      0      0      0


 ELEMENT   4097    2722   2786   2785   2721      0      0      0      0


 ELEMENT   4098    2723   2787   2786   2722      0      0      0      0


 ELEMENT   4099    2724   2788   2787   2723      0      0      0      0


 ELEMENT   4100    2725   2789   2788   2724      0      0      0      0


 ELEMENT   4101    2726   2790   2789   2725      0      0      0      0


 ELEMENT   4102    2727   2791   2790   2726      0      0      0      0


 ELEMENT   4103    2728   2792   2791   2727      0      0      0      0


 ELEMENT   4104    2729   2793   2792   2728      0      0      0      0


 ELEMENT   4105    2730   2794   2793   2729      0      0      0      0


 ELEMENT   4106    2731   2795   2794   2730      0      0      0      0


 ELEMENT   4107    2732   2796   2795   2731      0      0      0      0


 ELEMENT   4108    2733   2797   2796   2732      0      0      0      0


 ELEMENT   4109    2734   2798   2797   2733      0      0      0      0


 ELEMENT   4110    2735   2799   2798   2734      0      0      0      0


 ELEMENT   4111    2736   2800   2799   2735      0      0      0      0


 ELEMENT   4112    2737   2801   2800   2736      0      0      0      0


 ELEMENT   4113    2674   2738   2801   2737      0      0      0      0


 ELEMENT   4114    2739   2803   2802   2738      0      0      0      0


 ELEMENT   4115    2740   2804   2803   2739      0      0      0      0


 ELEMENT   4116    2741   2805   2804   2740      0      0      0      0


 ELEMENT   4117    2742   2806   2805   2741      0      0      0      0


 ELEMENT   4118    2743   2807   2806   2742      0      0      0      0


 ELEMENT   4119    2744   2808   2807   2743      0      0      0      0


 ELEMENT   4120    2745   2809   2808   2744      0      0      0      0


 ELEMENT   4121    2746   2810   2809   2745      0      0      0      0


 ELEMENT   4122    2747   2811   2810   2746      0      0      0      0


 ELEMENT   4123    2748   2812   2811   2747      0      0      0      0


 ELEMENT   4124    2749   2813   2812   2748      0      0      0      0


 ELEMENT   4125    2750   2814   2813   2749      0      0      0      0


 ELEMENT   4126    2751   2815   2814   2750      0      0      0      0


 ELEMENT   4127    2752   2816   2815   2751      0      0      0      0


 ELEMENT   4128    2753   2817   2816   2752      0      0      0      0


 ELEMENT   4129    2754   2818   2817   2753      0      0      0      0


 ELEMENT   4130    2755   2819   2818   2754      0      0      0      0


 ELEMENT   4131    2756   2820   2819   2755      0      0      0      0


 ELEMENT   4132    2757   2821   2820   2756      0      0      0      0


 ELEMENT   4133    2758   2822   2821   2757      0      0      0      0


 ELEMENT   4134    2759   2823   2822   2758      0      0      0      0


 ELEMENT   4135    2760   2824   2823   2759      0      0      0      0


 ELEMENT   4136    2761   2825   2824   2760      0      0      0      0


 ELEMENT   4137    2762   2826   2825   2761      0      0      0      0


 ELEMENT   4138    2763   2827   2826   2762      0      0      0      0


 ELEMENT   4139    2764   2828   2827   2763      0      0      0      0


 ELEMENT   4140    2765   2829   2828   2764      0      0      0      0


 ELEMENT   4141    2766   2830   2829   2765      0      0      0      0


 ELEMENT   4142    2767   2831   2830   2766      0      0      0      0


 ELEMENT   4143    2768   2832   2831   2767      0      0      0      0


 ELEMENT   4144    2769   2833   2832   2768      0      0      0      0


 ELEMENT   4145    2770   2834   2833   2769      0      0      0      0


 ELEMENT   4146    2771   2835   2834   2770      0      0      0      0


 ELEMENT   4147    2772   2836   2835   2771      0      0      0      0


 ELEMENT   4148    2773   2837   2836   2772      0      0      0      0


 ELEMENT   4149    2774   2838   2837   2773      0      0      0      0


 ELEMENT   4150    2775   2839   2838   2774      0      0      0      0


 ELEMENT   4151    2776   2840   2839   2775      0      0      0      0


 ELEMENT   4152    2777   2841   2840   2776      0      0      0      0


 ELEMENT   4153    2778   2842   2841   2777      0      0      0      0


 ELEMENT   4154    2779   2843   2842   2778      0      0      0      0


 ELEMENT   4155    2780   2844   2843   2779      0      0      0      0


 ELEMENT   4156    2781   2845   2844   2780      0      0      0      0


 ELEMENT   4157    2782   2846   2845   2781      0      0      0      0


 ELEMENT   4158    2783   2847   2846   2782      0      0      0      0


 ELEMENT   4159    2784   2848   2847   2783      0      0      0      0


 ELEMENT   4160    2785   2849   2848   2784      0      0      0      0


 ELEMENT   4161    2786   2850   2849   2785      0      0      0      0


 ELEMENT   4162    2787   2851   2850   2786      0      0      0      0


 ELEMENT   4163    2788   2852   2851   2787      0      0      0      0


 ELEMENT   4164    2789   2853   2852   2788      0      0      0      0


 ELEMENT   4165    2790   2854   2853   2789      0      0      0      0


 ELEMENT   4166    2791   2855   2854   2790      0      0      0      0


 ELEMENT   4167    2792   2856   2855   2791      0      0      0      0


 ELEMENT   4168    2793   2857   2856   2792      0      0      0      0


 ELEMENT   4169    2794   2858   2857   2793      0      0      0      0


 ELEMENT   4170    2795   2859   2858   2794      0      0      0      0


 ELEMENT   4171    2796   2860   2859   2795      0      0      0      0


 ELEMENT   4172    2797   2861   2860   2796      0      0      0      0


 ELEMENT   4173    2798   2862   2861   2797      0      0      0      0


 ELEMENT   4174    2799   2863   2862   2798      0      0      0      0


 ELEMENT   4175    2800   2864   2863   2799      0      0      0      0


 ELEMENT   4176    2801   2865   2864   2800      0      0      0      0


 ELEMENT   4177    2738   2802   2865   2801      0      0      0      0


 ELEMENT   4178    2803   2867   2866   2802      0      0      0      0


 ELEMENT   4179    2804   2868   2867   2803      0      0      0      0


 ELEMENT   4180    2805   2869   2868   2804      0      0      0      0


 ELEMENT   4181    2806   2870   2869   2805      0      0      0      0


 ELEMENT   4182    2807   2871   2870   2806      0      0      0      0


 ELEMENT   4183    2808   2872   2871   2807      0      0      0      0


 ELEMENT   4184    2809   2873   2872   2808      0      0      0      0


 ELEMENT   4185    2810   2874   2873   2809      0      0      0      0


 ELEMENT   4186    2811   2875   2874   2810      0      0      0      0


 ELEMENT   4187    2812   2876   2875   2811      0      0      0      0


 ELEMENT   4188    2813   2877   2876   2812      0      0      0      0


 ELEMENT   4189    2814   2878   2877   2813      0      0      0      0


 ELEMENT   4190    2815   2879   2878   2814      0      0      0      0


 ELEMENT   4191    2816   2880   2879   2815      0      0      0      0


 ELEMENT   4192    2817   2881   2880   2816      0      0      0      0


 ELEMENT   4193    2818   2882   2881   2817      0      0      0      0


 ELEMENT   4194    2819   2883   2882   2818      0      0      0      0


 ELEMENT   4195    2820   2884   2883   2819      0      0      0      0


 ELEMENT   4196    2821   2885   2884   2820      0      0      0      0


 ELEMENT   4197    2822   2886   2885   2821      0      0      0      0


 ELEMENT   4198    2823   2887   2886   2822      0      0      0      0


 ELEMENT   4199    2824   2888   2887   2823      0      0      0      0


 ELEMENT   4200    2825   2889   2888   2824      0      0      0      0


 ELEMENT   4201    2826   2890   2889   2825      0      0      0      0


 ELEMENT   4202    2827   2891   2890   2826      0      0      0      0


 ELEMENT   4203    2828   2892   2891   2827      0      0      0      0


 ELEMENT   4204    2829   2893   2892   2828      0      0      0      0


 ELEMENT   4205    2830   2894   2893   2829      0      0      0      0


 ELEMENT   4206    2831   2895   2894   2830      0      0      0      0


 ELEMENT   4207    2832   2896   2895   2831      0      0      0      0


 ELEMENT   4208    2833   2897   2896   2832      0      0      0      0


 ELEMENT   4209    2834   2898   2897   2833      0      0      0      0


 ELEMENT   4210    2835   2899   2898   2834      0      0      0      0


 ELEMENT   4211    2836   2900   2899   2835      0      0      0      0


 ELEMENT   4212    2837   2901   2900   2836      0      0      0      0


 ELEMENT   4213    2838   2902   2901   2837      0      0      0      0


 ELEMENT   4214    2839   2903   2902   2838      0      0      0      0


 ELEMENT   4215    2840   2904   2903   2839      0      0      0      0


 ELEMENT   4216    2841   2905   2904   2840      0      0      0      0


 ELEMENT   4217    2842   2906   2905   2841      0      0      0      0


 ELEMENT   4218    2843   2907   2906   2842      0      0      0      0


 ELEMENT   4219    2844   2908   2907   2843      0      0      0      0


 ELEMENT   4220    2845   2909   2908   2844      0      0      0      0


 ELEMENT   4221    2846   2910   2909   2845      0      0      0      0


 ELEMENT   4222    2847   2911   2910   2846      0      0      0      0


 ELEMENT   4223    2848   2912   2911   2847      0      0      0      0


 ELEMENT   4224    2849   2913   2912   2848      0      0      0      0


 ELEMENT   4225    2850   2914   2913   2849      0      0      0      0


 ELEMENT   4226    2851   2915   2914   2850      0      0      0      0


 ELEMENT   4227    2852   2916   2915   2851      0      0      0      0


 ELEMENT   4228    2853   2917   2916   2852      0      0      0      0


 ELEMENT   4229    2854   2918   2917   2853      0      0      0      0


 ELEMENT   4230    2855   2919   2918   2854      0      0      0      0


 ELEMENT   4231    2856   2920   2919   2855      0      0      0      0


 ELEMENT   4232    2857   2921   2920   2856      0      0      0      0


 ELEMENT   4233    2858   2922   2921   2857      0      0      0      0


 ELEMENT   4234    2859   2923   2922   2858      0      0      0      0


 ELEMENT   4235    2860   2924   2923   2859      0      0      0      0


 ELEMENT   4236    2861   2925   2924   2860      0      0      0      0


 ELEMENT   4237    2862   2926   2925   2861      0      0      0      0


 ELEMENT   4238    2863   2927   2926   2862      0      0      0      0


 ELEMENT   4239    2864   2928   2927   2863      0      0      0      0


 ELEMENT   4240    2865   2929   2928   2864      0      0      0      0


 ELEMENT   4241    2802   2866   2929   2865      0      0      0      0


 SPECIFIED CONSTRAINT UX   FOR SELECTED NODES         2930 TO        2930 BY           1
 REAL=  0.00000000       IMAG=  0.00000000    
 ADDITIONAL DOFS=  UY    UZ    ROTX  ROTY  ROTZ

 DELETE SPECIFIED CONSTRAINT UZ   FOR SELECTED NODES
  RANGE    2930 TO    2930 BY       1

 NUMBER OF SPECIFIED CONSTRAINTS DELETED=       1

 REAL CONSTANT SET          2  ITEMS   1 TO   6
    0.0000       0.0000      0.10000      0.10000E-01   0.0000      0.20000    

 REAL CONSTANT NUMBER=        2

 MATERIAL NUMBER SET TO         2

 ELEMENT TYPE SET TO         3

 ELEMENT   4242       2     66     65      1      0      0      0      0


 ELEMENT   4243       3     67     66      2      0      0      0      0


 ELEMENT   4244       4     68     67      3      0      0      0      0


 ELEMENT   4245       5     69     68      4      0      0      0      0


 ELEMENT   4246       6     70     69      5      0      0      0      0


 ELEMENT   4247       7     71     70      6      0      0      0      0


 ELEMENT   4248       8     72     71      7      0      0      0      0


 ELEMENT   4249       9     73     72      8      0      0      0      0


 ELEMENT   4250      10     74     73      9      0      0      0      0


 ELEMENT   4251      11     75     74     10      0      0      0      0


 ELEMENT   4252      12     76     75     11      0      0      0      0


 ELEMENT   4253      13     77     76     12      0      0      0      0


 ELEMENT   4254      14     78     77     13      0      0      0      0


 ELEMENT   4255      15     79     78     14      0      0      0      0


 ELEMENT   4256      16     80     79     15      0      0      0      0


 ELEMENT   4257      17     81     80     16      0      0      0      0


 ELEMENT   4258      18     82     81     17      0      0      0      0


 ELEMENT   4259      19     83     82     18      0      0      0      0


 ELEMENT   4260      20     84     83     19      0      0      0      0


 ELEMENT   4261      21     85     84     20      0      0      0      0


 ELEMENT   4262      22     86     85     21      0      0      0      0


 ELEMENT   4263      23     87     86     22      0      0      0      0


 ELEMENT   4264      24     88     87     23      0      0      0      0


 ELEMENT   4265      25     89     88     24      0      0      0      0


 ELEMENT   4266      26     90     89     25      0      0      0      0


 ELEMENT   4267      27     91     90     26      0      0      0      0


 ELEMENT   4268      28     92     91     27      0      0      0      0


 ELEMENT   4269      29     93     92     28      0      0      0      0


 ELEMENT   4270      30     94     93     29      0      0      0      0


 ELEMENT   4271      31     95     94     30      0      0      0      0


 ELEMENT   4272      32     96     95     31      0      0      0      0


 ELEMENT   4273      33     97     96     32      0      0      0      0


 ELEMENT   4274      34     98     97     33      0      0      0      0


 ELEMENT   4275      35     99     98     34      0      0      0      0


 ELEMENT   4276      36    100     99     35      0      0      0      0


 ELEMENT   4277      37    101    100     36      0      0      0      0


 ELEMENT   4278      38    102    101     37      0      0      0      0


 ELEMENT   4279      39    103    102     38      0      0      0      0


 ELEMENT   4280      40    104    103     39      0      0      0      0


 ELEMENT   4281      41    105    104     40      0      0      0      0


 ELEMENT   4282      42    106    105     41      0      0      0      0


 ELEMENT   4283      43    107    106     42      0      0      0      0


 ELEMENT   4284      44    108    107     43      0      0      0      0


 ELEMENT   4285      45    109    108     44      0      0      0      0


 ELEMENT   4286      46    110    109     45      0      0      0      0


 ELEMENT   4287      47    111    110     46      0      0      0      0


 ELEMENT   4288      48    112    111     47      0      0      0      0


 ELEMENT   4289      49    113    112     48      0      0      0      0


 ELEMENT   4290      50    114    113     49      0      0      0      0


 ELEMENT   4291      51    115    114     50      0      0      0      0


 ELEMENT   4292      52    116    115     51      0      0      0      0


 ELEMENT   4293      53    117    116     52      0      0      0      0


 ELEMENT   4294      54    118    117     53      0      0      0      0


 ELEMENT   4295      55    119    118     54      0      0      0      0


 ELEMENT   4296      56    120    119     55      0      0      0      0


 ELEMENT   4297      57    121    120     56      0      0      0      0


 ELEMENT   4298      58    122    121     57      0      0      0      0


 ELEMENT   4299      59    123    122     58      0      0      0      0


 ELEMENT   4300      60    124    123     59      0      0      0      0


 ELEMENT   4301      61    125    124     60      0      0      0      0


 ELEMENT   4302      62    126    125     61      0      0      0      0


 ELEMENT   4303      63    127    126     62      0      0      0      0


 ELEMENT   4304      64    128    127     63      0      0      0      0


 ELEMENT   4305       1     65    128     64      0      0      0      0


 ELEMENT   4306      66    130    129     65      0      0      0      0


 ELEMENT   4307      67    131    130     66      0      0      0      0


 ELEMENT   4308      68    132    131     67      0      0      0      0


 ELEMENT   4309      69    133    132     68      0      0      0      0


 ELEMENT   4310      70    134    133     69      0      0      0      0


 ELEMENT   4311      71    135    134     70      0      0      0      0


 ELEMENT   4312      72    136    135     71      0      0      0      0


 ELEMENT   4313      73    137    136     72      0      0      0      0


 ELEMENT   4314      74    138    137     73      0      0      0      0


 ELEMENT   4315      75    139    138     74      0      0      0      0


 ELEMENT   4316      76    140    139     75      0      0      0      0


 ELEMENT   4317      77    141    140     76      0      0      0      0


 ELEMENT   4318      78    142    141     77      0      0      0      0


 ELEMENT   4319      79    143    142     78      0      0      0      0


 ELEMENT   4320      80    144    143     79      0      0      0      0


 ELEMENT   4321      81    145    144     80      0      0      0      0


 ELEMENT   4322      82    146    145     81      0      0      0      0


 ELEMENT   4323      83    147    146     82      0      0      0      0


 ELEMENT   4324      84    148    147     83      0      0      0      0


 ELEMENT   4325      85    149    148     84      0      0      0      0


 ELEMENT   4326      86    150    149     85      0      0      0      0


 ELEMENT   4327      87    151    150     86      0      0      0      0


 ELEMENT   4328      88    152    151     87      0      0      0      0


 ELEMENT   4329      89    153    152     88      0      0      0      0


 ELEMENT   4330      90    154    153     89      0      0      0      0


 ELEMENT   4331      91    155    154     90      0      0      0      0


 ELEMENT   4332      92    156    155     91      0      0      0      0


 ELEMENT   4333      93    157    156     92      0      0      0      0


 ELEMENT   4334      94    158    157     93      0      0      0      0


 ELEMENT   4335      95    159    158     94      0      0      0      0


 ELEMENT   4336      96    160    159     95      0      0      0      0


 ELEMENT   4337      97    161    160     96      0      0      0      0


 ELEMENT   4338      98    162    161     97      0      0      0      0


 ELEMENT   4339      99    163    162     98      0      0      0      0


 ELEMENT   4340     100    164    163     99      0      0      0      0


 ELEMENT   4341     101    165    164    100      0      0      0      0


 ELEMENT   4342     102    166    165    101      0      0      0      0


 ELEMENT   4343     103    167    166    102      0      0      0      0


 ELEMENT   4344     104    168    167    103      0      0      0      0


 ELEMENT   4345     105    169    168    104      0      0      0      0


 ELEMENT   4346     106    170    169    105      0      0      0      0


 ELEMENT   4347     107    171    170    106      0      0      0      0


 ELEMENT   4348     108    172    171    107      0      0      0      0


 ELEMENT   4349     109    173    172    108      0      0      0      0


 ELEMENT   4350     110    174    173    109      0      0      0      0


 ELEMENT   4351     111    175    174    110      0      0      0      0


 ELEMENT   4352     112    176    175    111      0      0      0      0


 ELEMENT   4353     113    177    176    112      0      0      0      0


 ELEMENT   4354     114    178    177    113      0      0      0      0


 ELEMENT   4355     115    179    178    114      0      0      0      0


 ELEMENT   4356     116    180    179    115      0      0      0      0


 ELEMENT   4357     117    181    180    116      0      0      0      0


 ELEMENT   4358     118    182    181    117      0      0      0      0


 ELEMENT   4359     119    183    182    118      0      0      0      0


 ELEMENT   4360     120    184    183    119      0      0      0      0


 ELEMENT   4361     121    185    184    120      0      0      0      0


 ELEMENT   4362     122    186    185    121      0      0      0      0


 ELEMENT   4363     123    187    186    122      0      0      0      0


 ELEMENT   4364     124    188    187    123      0      0      0      0


 ELEMENT   4365     125    189    188    124      0      0      0      0


 ELEMENT   4366     126    190    189    125      0      0      0      0


 ELEMENT   4367     127    191    190    126      0      0      0      0


 ELEMENT   4368     128    192    191    127      0      0      0      0


 ELEMENT   4369      65    129    192    128      0      0      0      0


 ELEMENT   4370     130    194    193    129      0      0      0      0


 ELEMENT   4371     131    195    194    130      0      0      0      0


 ELEMENT   4372     132    196    195    131      0      0      0      0


 ELEMENT   4373     133    197    196    132      0      0      0      0


 ELEMENT   4374     134    198    197    133      0      0      0      0


 ELEMENT   4375     135    199    198    134      0      0      0      0


 ELEMENT   4376     136    200    199    135      0      0      0      0


 ELEMENT   4377     137    201    200    136      0      0      0      0


 ELEMENT   4378     138    202    201    137      0      0      0      0


 ELEMENT   4379     139    203    202    138      0      0      0      0


 ELEMENT   4380     140    204    203    139      0      0      0      0


 ELEMENT   4381     141    205    204    140      0      0      0      0


 ELEMENT   4382     142    206    205    141      0      0      0      0


 ELEMENT   4383     143    207    206    142      0      0      0      0


 ELEMENT   4384     144    208    207    143      0      0      0      0


 ELEMENT   4385     145    209    208    144      0      0      0      0


 ELEMENT   4386     146    210    209    145      0      0      0      0


 ELEMENT   4387     147    211    210    146      0      0      0      0


 ELEMENT   4388     148    212    211    147      0      0      0      0


 ELEMENT   4389     149    213    212    148      0      0      0      0


 ELEMENT   4390     150    214    213    149      0      0      0      0


 ELEMENT   4391     151    215    214    150      0      0      0      0


 ELEMENT   4392     152    216    215    151      0      0      0      0


 ELEMENT   4393     153    217    216    152      0      0      0      0


 ELEMENT   4394     154    218    217    153      0      0      0      0


 ELEMENT   4395     155    219    218    154      0      0      0      0


 ELEMENT   4396     156    220    219    155      0      0      0      0


 ELEMENT   4397     157    221    220    156      0      0      0      0


 ELEMENT   4398     158    222    221    157      0      0      0      0


 ELEMENT   4399     159    223    222    158      0      0      0      0


 ELEMENT   4400     160    224    223    159      0      0      0      0


 ELEMENT   4401     161    225    224    160      0      0      0      0


 ELEMENT   4402     162    226    225    161      0      0      0      0


 ELEMENT   4403     163    227    226    162      0      0      0      0


 ELEMENT   4404     164    228    227    163      0      0      0      0


 ELEMENT   4405     165    229    228    164      0      0      0      0


 ELEMENT   4406     166    230    229    165      0      0      0      0


 ELEMENT   4407     167    231    230    166      0      0      0      0


 ELEMENT   4408     168    232    231    167      0      0      0      0


 ELEMENT   4409     169    233    232    168      0      0      0      0


 ELEMENT   4410     170    234    233    169      0      0      0      0


 ELEMENT   4411     171    235    234    170      0      0      0      0


 ELEMENT   4412     172    236    235    171      0      0      0      0


 ELEMENT   4413     173    237    236    172      0      0      0      0


 ELEMENT   4414     174    238    237    173      0      0      0      0


 ELEMENT   4415     175    239    238    174      0      0      0      0


 ELEMENT   4416     176    240    239    175      0      0      0      0


 ELEMENT   4417     177    241    240    176      0      0      0      0


 ELEMENT   4418     178    242    241    177      0      0      0      0


 ELEMENT   4419     179    243    242    178      0      0      0      0


 ELEMENT   4420     180    244    243    179      0      0      0      0


 ELEMENT   4421     181    245    244    180      0      0      0      0


 ELEMENT   4422     182    246    245    181      0      0      0      0


 ELEMENT   4423     183    247    246    182      0      0      0      0


 ELEMENT   4424     184    248    247    183      0      0      0      0


 ELEMENT   4425     185    249    248    184      0      0      0      0


 ELEMENT   4426     186    250    249    185      0      0      0      0


 ELEMENT   4427     187    251    250    186      0      0      0      0


 ELEMENT   4428     188    252    251    187      0      0      0      0


 ELEMENT   4429     189    253    252    188      0      0      0      0


 ELEMENT   4430     190    254    253    189      0      0      0      0


 ELEMENT   4431     191    255    254    190      0      0      0      0


 ELEMENT   4432     192    256    255    191      0      0      0      0


 ELEMENT   4433     129    193    256    192      0      0      0      0


 ELEMENT   4434     194    258    257    193      0      0      0      0


 ELEMENT   4435     195    259    258    194      0      0      0      0


 ELEMENT   4436     196    260    259    195      0      0      0      0


 ELEMENT   4437     197    261    260    196      0      0      0      0


 ELEMENT   4438     198    262    261    197      0      0      0      0


 ELEMENT   4439     199    263    262    198      0      0      0      0


 ELEMENT   4440     200    264    263    199      0      0      0      0


 ELEMENT   4441     201    265    264    200      0      0      0      0


 ELEMENT   4442     202    266    265    201      0      0      0      0


 ELEMENT   4443     203    267    266    202      0      0      0      0


 ELEMENT   4444     204    268    267    203      0      0      0      0


 ELEMENT   4445     205    269    268    204      0      0      0      0


 ELEMENT   4446     206    270    269    205      0      0      0      0


 ELEMENT   4447     207    271    270    206      0      0      0      0


 ELEMENT   4448     208    272    271    207      0      0      0      0


 ELEMENT   4449     209    273    272    208      0      0      0      0


 ELEMENT   4450     210    274    273    209      0      0      0      0


 ELEMENT   4451     211    275    274    210      0      0      0      0


 ELEMENT   4452     212    276    275    211      0      0      0      0


 ELEMENT   4453     213    277    276    212      0      0      0      0


 ELEMENT   4454     214    278    277    213      0      0      0      0


 ELEMENT   4455     215    279    278    214      0      0      0      0


 ELEMENT   4456     216    280    279    215      0      0      0      0


 ELEMENT   4457     217    281    280    216      0      0      0      0


 ELEMENT   4458     218    282    281    217      0      0      0      0


 ELEMENT   4459     219    283    282    218      0      0      0      0


 ELEMENT   4460     220    284    283    219      0      0      0      0


 ELEMENT   4461     221    285    284    220      0      0      0      0


 ELEMENT   4462     222    286    285    221      0      0      0      0


 ELEMENT   4463     223    287    286    222      0      0      0      0


 ELEMENT   4464     224    288    287    223      0      0      0      0


 ELEMENT   4465     225    289    288    224      0      0      0      0


 ELEMENT   4466     226    290    289    225      0      0      0      0


 ELEMENT   4467     227    291    290    226      0      0      0      0


 ELEMENT   4468     228    292    291    227      0      0      0      0


 ELEMENT   4469     229    293    292    228      0      0      0      0


 ELEMENT   4470     230    294    293    229      0      0      0      0


 ELEMENT   4471     231    295    294    230      0      0      0      0


 ELEMENT   4472     232    296    295    231      0      0      0      0


 ELEMENT   4473     233    297    296    232      0      0      0      0


 ELEMENT   4474     234    298    297    233      0      0      0      0


 ELEMENT   4475     235    299    298    234      0      0      0      0


 ELEMENT   4476     236    300    299    235      0      0      0      0


 ELEMENT   4477     237    301    300    236      0      0      0      0


 ELEMENT   4478     238    302    301    237      0      0      0      0


 ELEMENT   4479     239    303    302    238      0      0      0      0


 ELEMENT   4480     240    304    303    239      0      0      0      0


 ELEMENT   4481     241    305    304    240      0      0      0      0


 ELEMENT   4482     242    306    305    241      0      0      0      0


 ELEMENT   4483     243    307    306    242      0      0      0      0


 ELEMENT   4484     244    308    307    243      0      0      0      0


 ELEMENT   4485     245    309    308    244      0      0      0      0


 ELEMENT   4486     246    310    309    245      0      0      0      0


 ELEMENT   4487     247    311    310    246      0      0      0      0


 ELEMENT   4488     248    312    311    247      0      0      0      0


 ELEMENT   4489     249    313    312    248      0      0      0      0


 ELEMENT   4490     250    314    313    249      0      0      0      0


 ELEMENT   4491     251    315    314    250      0      0      0      0


 ELEMENT   4492     252    316    315    251      0      0      0      0


 ELEMENT   4493     253    317    316    252      0      0      0      0


 ELEMENT   4494     254    318    317    253      0      0      0      0


 ELEMENT   4495     255    319    318    254      0      0      0      0


 ELEMENT   4496     256    320    319    255      0      0      0      0


 ELEMENT   4497     193    257    320    256      0      0      0      0


 ELEMENT   4498     258    322    321    257      0      0      0      0


 ELEMENT   4499     259    323    322    258      0      0      0      0


 ELEMENT   4500     260    324    323    259      0      0      0      0


 ELEMENT   4501     261    325    324    260      0      0      0      0


 ELEMENT   4502     262    326    325    261      0      0      0      0


 ELEMENT   4503     263    327    326    262      0      0      0      0


 ELEMENT   4504     264    328    327    263      0      0      0      0


 ELEMENT   4505     265    329    328    264      0      0      0      0


 ELEMENT   4506     266    330    329    265      0      0      0      0


 ELEMENT   4507     267    331    330    266      0      0      0      0


 ELEMENT   4508     268    332    331    267      0      0      0      0


 ELEMENT   4509     269    333    332    268      0      0      0      0


 ELEMENT   4510     270    334    333    269      0      0      0      0


 ELEMENT   4511     271    335    334    270      0      0      0      0


 ELEMENT   4512     272    336    335    271      0      0      0      0


 ELEMENT   4513     273    337    336    272      0      0      0      0


 ELEMENT   4514     274    338    337    273      0      0      0      0


 ELEMENT   4515     275    339    338    274      0      0      0      0


 ELEMENT   4516     276    340    339    275      0      0      0      0


 ELEMENT   4517     277    341    340    276      0      0      0      0


 ELEMENT   4518     278    342    341    277      0      0      0      0


 ELEMENT   4519     279    343    342    278      0      0      0      0


 ELEMENT   4520     280    344    343    279      0      0      0      0


 ELEMENT   4521     281    345    344    280      0      0      0      0


 ELEMENT   4522     282    346    345    281      0      0      0      0


 ELEMENT   4523     283    347    346    282      0      0      0      0


 ELEMENT   4524     284    348    347    283      0      0      0      0


 ELEMENT   4525     285    349    348    284      0      0      0      0


 ELEMENT   4526     286    350    349    285      0      0      0      0


 ELEMENT   4527     287    351    350    286      0      0      0      0


 ELEMENT   4528     288    352    351    287      0      0      0      0


 ELEMENT   4529     289    353    352    288      0      0      0      0


 ELEMENT   4530     290    354    353    289      0      0      0      0


 ELEMENT   4531     291    355    354    290      0      0      0      0


 ELEMENT   4532     292    356    355    291      0      0      0      0


 ELEMENT   4533     293    357    356    292      0      0      0      0


 ELEMENT   4534     294    358    357    293      0      0      0      0


 ELEMENT   4535     295    359    358    294      0      0      0      0


 ELEMENT   4536     296    360    359    295      0      0      0      0


 ELEMENT   4537     297    361    360    296      0      0      0      0


 ELEMENT   4538     298    362    361    297      0      0      0      0


 ELEMENT   4539     299    363    362    298      0      0      0      0


 ELEMENT   4540     300    364    363    299      0      0      0      0


 ELEMENT   4541     301    365    364    300      0      0      0      0


 ELEMENT   4542     302    366    365    301      0      0      0      0


 ELEMENT   4543     303    367    366    302      0      0      0      0


 ELEMENT   4544     304    368    367    303      0      0      0      0


 ELEMENT   4545     305    369    368    304      0      0      0      0


 ELEMENT   4546     306    370    369    305      0      0      0      0


 ELEMENT   4547     307    371    370    306      0      0      0      0


 ELEMENT   4548     308    372    371    307      0      0      0      0


 ELEMENT   4549     309    373    372    308      0      0      0      0


 ELEMENT   4550     310    374    373    309      0      0      0      0


 ELEMENT   4551     311    375    374    310      0      0      0      0


 ELEMENT   4552     312    376    375    311      0      0      0      0


 ELEMENT   4553     313    377    376    312      0      0      0      0


 ELEMENT   4554     314    378    377    313      0      0      0      0


 ELEMENT   4555     315    379    378    314      0      0      0      0


 ELEMENT   4556     316    380    379    315      0      0      0      0


 ELEMENT   4557     317    381    380    316      0      0      0      0


 ELEMENT   4558     318    382    381    317      0      0      0      0


 ELEMENT   4559     319    383    382    318      0      0      0      0


 ELEMENT   4560     320    384    383    319      0      0      0      0


 ELEMENT   4561     257    321    384    320      0      0      0      0


 ELEMENT   4562     322    386    385    321      0      0      0      0


 ELEMENT   4563     323    387    386    322      0      0      0      0


 ELEMENT   4564     324    388    387    323      0      0      0      0


 ELEMENT   4565     325    389    388    324      0      0      0      0


 ELEMENT   4566     326    390    389    325      0      0      0      0


 ELEMENT   4567     327    391    390    326      0      0      0      0


 ELEMENT   4568     328    392    391    327      0      0      0      0


 ELEMENT   4569     329    393    392    328      0      0      0      0


 ELEMENT   4570     330    394    393    329      0      0      0      0


 ELEMENT   4571     331    395    394    330      0      0      0      0


 ELEMENT   4572     332    396    395    331      0      0      0      0


 ELEMENT   4573     333    397    396    332      0      0      0      0


 ELEMENT   4574     334    398    397    333      0      0      0      0


 ELEMENT   4575     335    399    398    334      0      0      0      0


 ELEMENT   4576     336    400    399    335      0      0      0      0


 ELEMENT   4577     337    401    400    336      0      0      0      0


 ELEMENT   4578     338    402    401    337      0      0      0      0


 ELEMENT   4579     339    403    402    338      0      0      0      0


 ELEMENT   4580     340    404    403    339      0      0      0      0


 ELEMENT   4581     341    405    404    340      0      0      0      0


 ELEMENT   4582     342    406    405    341      0      0      0      0


 ELEMENT   4583     343    407    406    342      0      0      0      0


 ELEMENT   4584     344    408    407    343      0      0      0      0


 ELEMENT   4585     345    409    408    344      0      0      0      0


 ELEMENT   4586     346    410    409    345      0      0      0      0


 ELEMENT   4587     347    411    410    346      0      0      0      0


 ELEMENT   4588     348    412    411    347      0      0      0      0


 ELEMENT   4589     349    413    412    348      0      0      0      0


 ELEMENT   4590     350    414    413    349      0      0      0      0


 ELEMENT   4591     351    415    414    350      0      0      0      0


 ELEMENT   4592     352    416    415    351      0      0      0      0


 ELEMENT   4593     353    417    416    352      0      0      0      0


 ELEMENT   4594     354    418    417    353      0      0      0      0


 ELEMENT   4595     355    419    418    354      0      0      0      0


 ELEMENT   4596     356    420    419    355      0      0      0      0


 ELEMENT   4597     357    421    420    356      0      0      0      0


 ELEMENT   4598     358    422    421    357      0      0      0      0


 ELEMENT   4599     359    423    422    358      0      0      0      0


 ELEMENT   4600     360    424    423    359      0      0      0      0


 ELEMENT   4601     361    425    424    360      0      0      0      0


 ELEMENT   4602     362    426    425    361      0      0      0      0


 ELEMENT   4603     363    427    426    362      0      0      0      0


 ELEMENT   4604     364    428    427    363      0      0      0      0


 ELEMENT   4605     365    429    428    364      0      0      0      0


 ELEMENT   4606     366    430    429    365      0      0      0      0


 ELEMENT   4607     367    431    430    366      0      0      0      0


 ELEMENT   4608     368    432    431    367      0      0      0      0


 ELEMENT   4609     369    433    432    368      0      0      0      0


 ELEMENT   4610     370    434    433    369      0      0      0      0


 ELEMENT   4611     371    435    434    370      0      0      0      0


 ELEMENT   4612     372    436    435    371      0      0      0      0


 ELEMENT   4613     373    437    436    372      0      0      0      0


 ELEMENT   4614     374    438    437    373      0      0      0      0


 ELEMENT   4615     375    439    438    374      0      0      0      0


 ELEMENT   4616     376    440    439    375      0      0      0      0


 ELEMENT   4617     377    441    440    376      0      0      0      0


 ELEMENT   4618     378    442    441    377      0      0      0      0


 ELEMENT   4619     379    443    442    378      0      0      0      0


 ELEMENT   4620     380    444    443    379      0      0      0      0


 ELEMENT   4621     381    445    444    380      0      0      0      0


 ELEMENT   4622     382    446    445    381      0      0      0      0


 ELEMENT   4623     383    447    446    382      0      0      0      0


 ELEMENT   4624     384    448    447    383      0      0      0      0


 ELEMENT   4625     321    385    448    384      0      0      0      0


 ELEMENT   4626     386    450    449    385      0      0      0      0


 ELEMENT   4627     387    451    450    386      0      0      0      0


 ELEMENT   4628     388    452    451    387      0      0      0      0


 ELEMENT   4629     389    453    452    388      0      0      0      0


 ELEMENT   4630     390    454    453    389      0      0      0      0


 ELEMENT   4631     391    455    454    390      0      0      0      0


 ELEMENT   4632     392    456    455    391      0      0      0      0


 ELEMENT   4633     393    457    456    392      0      0      0      0


 ELEMENT   4634     394    458    457    393      0      0      0      0


 ELEMENT   4635     395    459    458    394      0      0      0      0


 ELEMENT   4636     396    460    459    395      0      0      0      0


 ELEMENT   4637     397    461    460    396      0      0      0      0


 ELEMENT   4638     398    462    461    397      0      0      0      0


 ELEMENT   4639     399    463    462    398      0      0      0      0


 ELEMENT   4640     400    464    463    399      0      0      0      0


 ELEMENT   4641     401    465    464    400      0      0      0      0


 ELEMENT   4642     402    466    465    401      0      0      0      0


 ELEMENT   4643     403    467    466    402      0      0      0      0


 ELEMENT   4644     404    468    467    403      0      0      0      0


 ELEMENT   4645     405    469    468    404      0      0      0      0


 ELEMENT   4646     406    470    469    405      0      0      0      0


 ELEMENT   4647     407    471    470    406      0      0      0      0


 ELEMENT   4648     408    472    471    407      0      0      0      0


 ELEMENT   4649     409    473    472    408      0      0      0      0


 ELEMENT   4650     410    474    473    409      0      0      0      0


 ELEMENT   4651     411    475    474    410      0      0      0      0


 ELEMENT   4652     412    476    475    411      0      0      0      0


 ELEMENT   4653     413    477    476    412      0      0      0      0


 ELEMENT   4654     414    478    477    413      0      0      0      0


 ELEMENT   4655     415    479    478    414      0      0      0      0


 ELEMENT   4656     416    480    479    415      0      0      0      0


 ELEMENT   4657     417    481    480    416      0      0      0      0


 ELEMENT   4658     418    482    481    417      0      0      0      0


 ELEMENT   4659     419    483    482    418      0      0      0      0


 ELEMENT   4660     420    484    483    419      0      0      0      0


 ELEMENT   4661     421    485    484    420      0      0      0      0


 ELEMENT   4662     422    486    485    421      0      0      0      0


 ELEMENT   4663     423    487    486    422      0      0      0      0


 ELEMENT   4664     424    488    487    423      0      0      0      0


 ELEMENT   4665     425    489    488    424      0      0      0      0


 ELEMENT   4666     426    490    489    425      0      0      0      0


 ELEMENT   4667     427    491    490    426      0      0      0      0


 ELEMENT   4668     428    492    491    427      0      0      0      0


 ELEMENT   4669     429    493    492    428      0      0      0      0


 ELEMENT   4670     430    494    493    429      0      0      0      0


 ELEMENT   4671     431    495    494    430      0      0      0      0


 ELEMENT   4672     432    496    495    431      0      0      0      0


 ELEMENT   4673     433    497    496    432      0      0      0      0


 ELEMENT   4674     434    498    497    433      0      0      0      0


 ELEMENT   4675     435    499    498    434      0      0      0      0


 ELEMENT   4676     436    500    499    435      0      0      0      0


 ELEMENT   4677     437    501    500    436      0      0      0      0


 ELEMENT   4678     438    502    501    437      0      0      0      0


 ELEMENT   4679     439    503    502    438      0      0      0      0


 ELEMENT   4680     440    504    503    439      0      0      0      0


 ELEMENT   4681     441    505    504    440      0      0      0      0


 ELEMENT   4682     442    506    505    441      0      0      0      0


 ELEMENT   4683     443    507    506    442      0      0      0      0


 ELEMENT   4684     444    508    507    443      0      0      0      0


 ELEMENT   4685     445    509    508    444      0      0      0      0


 ELEMENT   4686     446    510    509    445      0      0      0      0


 ELEMENT   4687     447    511    510    446      0      0      0      0


 ELEMENT   4688     448    512    511    447      0      0      0      0


 ELEMENT   4689     385    449    512    448      0      0      0      0


 ELEMENT   4690     450    514    513    449      0      0      0      0


 ELEMENT   4691     451    515    514    450      0      0      0      0


 ELEMENT   4692     452    516    515    451      0      0      0      0


 ELEMENT   4693     453    517    516    452      0      0      0      0


 ELEMENT   4694     454    518    517    453      0      0      0      0


 ELEMENT   4695     455    519    518    454      0      0      0      0


 ELEMENT   4696     456    520    519    455      0      0      0      0


 ELEMENT   4697     457    521    520    456      0      0      0      0


 ELEMENT   4698     458    522    521    457      0      0      0      0


 ELEMENT   4699     459    523    522    458      0      0      0      0


 ELEMENT   4700     460    524    523    459      0      0      0      0


 ELEMENT   4701     461    525    524    460      0      0      0      0


 ELEMENT   4702     462    526    525    461      0      0      0      0


 ELEMENT   4703     463    527    526    462      0      0      0      0


 ELEMENT   4704     464    528    527    463      0      0      0      0


 ELEMENT   4705     465    529    528    464      0      0      0      0


 ELEMENT   4706     466    530    529    465      0      0      0      0


 ELEMENT   4707     467    531    530    466      0      0      0      0


 ELEMENT   4708     468    532    531    467      0      0      0      0


 ELEMENT   4709     469    533    532    468      0      0      0      0


 ELEMENT   4710     470    534    533    469      0      0      0      0


 ELEMENT   4711     471    535    534    470      0      0      0      0


 ELEMENT   4712     472    536    535    471      0      0      0      0


 ELEMENT   4713     473    537    536    472      0      0      0      0


 ELEMENT   4714     474    538    537    473      0      0      0      0


 ELEMENT   4715     475    539    538    474      0      0      0      0


 ELEMENT   4716     476    540    539    475      0      0      0      0


 ELEMENT   4717     477    541    540    476      0      0      0      0


 ELEMENT   4718     478    542    541    477      0      0      0      0


 ELEMENT   4719     479    543    542    478      0      0      0      0


 ELEMENT   4720     480    544    543    479      0      0      0      0


 ELEMENT   4721     481    545    544    480      0      0      0      0


 ELEMENT   4722     482    546    545    481      0      0      0      0


 ELEMENT   4723     483    547    546    482      0      0      0      0


 ELEMENT   4724     484    548    547    483      0      0      0      0


 ELEMENT   4725     485    549    548    484      0      0      0      0


 ELEMENT   4726     486    550    549    485      0      0      0      0


 ELEMENT   4727     487    551    550    486      0      0      0      0


 ELEMENT   4728     488    552    551    487      0      0      0      0


 ELEMENT   4729     489    553    552    488      0      0      0      0


 ELEMENT   4730     490    554    553    489      0      0      0      0


 ELEMENT   4731     491    555    554    490      0      0      0      0


 ELEMENT   4732     492    556    555    491      0      0      0      0


 ELEMENT   4733     493    557    556    492      0      0      0      0


 ELEMENT   4734     494    558    557    493      0      0      0      0


 ELEMENT   4735     495    559    558    494      0      0      0      0


 ELEMENT   4736     496    560    559    495      0      0      0      0


 ELEMENT   4737     497    561    560    496      0      0      0      0


 ELEMENT   4738     498    562    561    497      0      0      0      0


 ELEMENT   4739     499    563    562    498      0      0      0      0


 ELEMENT   4740     500    564    563    499      0      0      0      0


 ELEMENT   4741     501    565    564    500      0      0      0      0


 ELEMENT   4742     502    566    565    501      0      0      0      0


 ELEMENT   4743     503    567    566    502      0      0      0      0


 ELEMENT   4744     504    568    567    503      0      0      0      0


 ELEMENT   4745     505    569    568    504      0      0      0      0


 ELEMENT   4746     506    570    569    505      0      0      0      0


 ELEMENT   4747     507    571    570    506      0      0      0      0


 ELEMENT   4748     508    572    571    507      0      0      0      0


 ELEMENT   4749     509    573    572    508      0      0      0      0


 ELEMENT   4750     510    574    573    509      0      0      0      0


 ELEMENT   4751     511    575    574    510      0      0      0      0


 ELEMENT   4752     512    576    575    511      0      0      0      0


 ELEMENT   4753     449    513    576    512      0      0      0      0


 ELEMENT   4754     514    578    577    513      0      0      0      0


 ELEMENT   4755     515    579    578    514      0      0      0      0


 ELEMENT   4756     516    580    579    515      0      0      0      0


 ELEMENT   4757     517    581    580    516      0      0      0      0


 ELEMENT   4758     518    582    581    517      0      0      0      0


 ELEMENT   4759     519    583    582    518      0      0      0      0


 ELEMENT   4760     520    584    583    519      0      0      0      0


 ELEMENT   4761     521    585    584    520      0      0      0      0


 ELEMENT   4762     522    586    585    521      0      0      0      0


 ELEMENT   4763     523    587    586    522      0      0      0      0


 ELEMENT   4764     524    588    587    523      0      0      0      0


 ELEMENT   4765     525    589    588    524      0      0      0      0


 ELEMENT   4766     526    590    589    525      0      0      0      0


 ELEMENT   4767     527    591    590    526      0      0      0      0


 ELEMENT   4768     528    592    591    527      0      0      0      0


 ELEMENT   4769     529    593    592    528      0      0      0      0


 ELEMENT   4770     530    594    593    529      0      0      0      0


 ELEMENT   4771     531    595    594    530      0      0      0      0


 ELEMENT   4772     532    596    595    531      0      0      0      0


 ELEMENT   4773     533    597    596    532      0      0      0      0


 ELEMENT   4774     534    598    597    533      0      0      0      0


 ELEMENT   4775     535    599    598    534      0      0      0      0


 ELEMENT   4776     536    600    599    535      0      0      0      0


 ELEMENT   4777     537    601    600    536      0      0      0      0


 ELEMENT   4778     538    602    601    537      0      0      0      0


 ELEMENT   4779     539    603    602    538      0      0      0      0


 ELEMENT   4780     540    604    603    539      0      0      0      0


 ELEMENT   4781     541    605    604    540      0      0      0      0


 ELEMENT   4782     542    606    605    541      0      0      0      0


 ELEMENT   4783     543    607    606    542      0      0      0      0


 ELEMENT   4784     544    608    607    543      0      0      0      0


 ELEMENT   4785     545    609    608    544      0      0      0      0


 ELEMENT   4786     546    610    609    545      0      0      0      0


 ELEMENT   4787     547    611    610    546      0      0      0      0


 ELEMENT   4788     548    612    611    547      0      0      0      0


 ELEMENT   4789     549    613    612    548      0      0      0      0


 ELEMENT   4790     550    614    613    549      0      0      0      0


 ELEMENT   4791     551    615    614    550      0      0      0      0


 ELEMENT   4792     552    616    615    551      0      0      0      0


 ELEMENT   4793     553    617    616    552      0      0      0      0


 ELEMENT   4794     554    618    617    553      0      0      0      0


 ELEMENT   4795     555    619    618    554      0      0      0      0


 ELEMENT   4796     556    620    619    555      0      0      0      0


 ELEMENT   4797     557    621    620    556      0      0      0      0


 ELEMENT   4798     558    622    621    557      0      0      0      0


 ELEMENT   4799     559    623    622    558      0      0      0      0


 ELEMENT   4800     560    624    623    559      0      0      0      0


 ELEMENT   4801     561    625    624    560      0      0      0      0


 ELEMENT   4802     562    626    625    561      0      0      0      0


 ELEMENT   4803     563    627    626    562      0      0      0      0


 ELEMENT   4804     564    628    627    563      0      0      0      0


 ELEMENT   4805     565    629    628    564      0      0      0      0


 ELEMENT   4806     566    630    629    565      0      0      0      0


 ELEMENT   4807     567    631    630    566      0      0      0      0


 ELEMENT   4808     568    632    631    567      0      0      0      0


 ELEMENT   4809     569    633    632    568      0      0      0      0


 ELEMENT   4810     570    634    633    569      0      0      0      0


 ELEMENT   4811     571    635    634    570      0      0      0      0


 ELEMENT   4812     572    636    635    571      0      0      0      0


 ELEMENT   4813     573    637    636    572      0      0      0      0


 ELEMENT   4814     574    638    637    573      0      0      0      0


 ELEMENT   4815     575    639    638    574      0      0      0      0


 ELEMENT   4816     576    640    639    575      0      0      0      0


 ELEMENT   4817     513    577    640    576      0      0      0      0


 ELEMENT   4818     578    642    641    577      0      0      0      0


 ELEMENT   4819     579    643    642    578      0      0      0      0


 ELEMENT   4820     580    644    643    579      0      0      0      0


 ELEMENT   4821     581    645    644    580      0      0      0      0


 ELEMENT   4822     582    646    645    581      0      0      0      0


 ELEMENT   4823     583    647    646    582      0      0      0      0


 ELEMENT   4824     584    648    647    583      0      0      0      0


 ELEMENT   4825     585    649    648    584      0      0      0      0


 ELEMENT   4826     586    650    649    585      0      0      0      0


 ELEMENT   4827     587    651    650    586      0      0      0      0


 ELEMENT   4828     588    652    651    587      0      0      0      0


 ELEMENT   4829     589    653    652    588      0      0      0      0


 ELEMENT   4830     590    654    653    589      0      0      0      0


 ELEMENT   4831     591    655    654    590      0      0      0      0


 ELEMENT   4832     592    656    655    591      0      0      0      0


 ELEMENT   4833     593    657    656    592      0      0      0      0


 ELEMENT   4834     594    658    657    593      0      0      0      0


 ELEMENT   4835     595    659    658    594      0      0      0      0


 ELEMENT   4836     596    660    659    595      0      0      0      0


 ELEMENT   4837     597    661    660    596      0      0      0      0


 ELEMENT   4838     598    662    661    597      0      0      0      0


 ELEMENT   4839     599    663    662    598      0      0      0      0


 ELEMENT   4840     600    664    663    599      0      0      0      0


 ELEMENT   4841     601    665    664    600      0      0      0      0


 ELEMENT   4842     602    666    665    601      0      0      0      0


 ELEMENT   4843     603    667    666    602      0      0      0      0


 ELEMENT   4844     604    668    667    603      0      0      0      0


 ELEMENT   4845     605    669    668    604      0      0      0      0


 ELEMENT   4846     606    670    669    605      0      0      0      0


 ELEMENT   4847     607    671    670    606      0      0      0      0


 ELEMENT   4848     608    672    671    607      0      0      0      0


 ELEMENT   4849     609    673    672    608      0      0      0      0


 ELEMENT   4850     610    674    673    609      0      0      0      0


 ELEMENT   4851     611    675    674    610      0      0      0      0


 ELEMENT   4852     612    676    675    611      0      0      0      0


 ELEMENT   4853     613    677    676    612      0      0      0      0


 ELEMENT   4854     614    678    677    613      0      0      0      0


 ELEMENT   4855     615    679    678    614      0      0      0      0


 ELEMENT   4856     616    680    679    615      0      0      0      0


 ELEMENT   4857     617    681    680    616      0      0      0      0


 ELEMENT   4858     618    682    681    617      0      0      0      0


 ELEMENT   4859     619    683    682    618      0      0      0      0


 ELEMENT   4860     620    684    683    619      0      0      0      0


 ELEMENT   4861     621    685    684    620      0      0      0      0


 ELEMENT   4862     622    686    685    621      0      0      0      0


 ELEMENT   4863     623    687    686    622      0      0      0      0


 ELEMENT   4864     624    688    687    623      0      0      0      0


 ELEMENT   4865     625    689    688    624      0      0      0      0


 ELEMENT   4866     626    690    689    625      0      0      0      0


 ELEMENT   4867     627    691    690    626      0      0      0      0


 ELEMENT   4868     628    692    691    627      0      0      0      0


 ELEMENT   4869     629    693    692    628      0      0      0      0


 ELEMENT   4870     630    694    693    629      0      0      0      0


 ELEMENT   4871     631    695    694    630      0      0      0      0


 ELEMENT   4872     632    696    695    631      0      0      0      0


 ELEMENT   4873     633    697    696    632      0      0      0      0


 ELEMENT   4874     634    698    697    633      0      0      0      0


 ELEMENT   4875     635    699    698    634      0      0      0      0


 ELEMENT   4876     636    700    699    635      0      0      0      0


 ELEMENT   4877     637    701    700    636      0      0      0      0


 ELEMENT   4878     638    702    701    637      0      0      0      0


 ELEMENT   4879     639    703    702    638      0      0      0      0


 ELEMENT   4880     640    704    703    639      0      0      0      0


 ELEMENT   4881     577    641    704    640      0      0      0      0


 ELEMENT   4882     642    706    705    641      0      0      0      0


 ELEMENT   4883     643    707    706    642      0      0      0      0


 ELEMENT   4884     644    708    707    643      0      0      0      0


 ELEMENT   4885     645    709    708    644      0      0      0      0


 ELEMENT   4886     646    710    709    645      0      0      0      0


 ELEMENT   4887     647    711    710    646      0      0      0      0


 ELEMENT   4888     648    712    711    647      0      0      0      0


 ELEMENT   4889     649    713    712    648      0      0      0      0


 ELEMENT   4890     650    714    713    649      0      0      0      0


 ELEMENT   4891     651    715    714    650      0      0      0      0


 ELEMENT   4892     652    716    715    651      0      0      0      0


 ELEMENT   4893     653    717    716    652      0      0      0      0


 ELEMENT   4894     654    718    717    653      0      0      0      0


 ELEMENT   4895     655    719    718    654      0      0      0      0


 ELEMENT   4896     656    720    719    655      0      0      0      0


 ELEMENT   4897     657    721    720    656      0      0      0      0


 ELEMENT   4898     658    722    721    657      0      0      0      0


 ELEMENT   4899     659    723    722    658      0      0      0      0


 ELEMENT   4900     660    724    723    659      0      0      0      0


 ELEMENT   4901     661    725    724    660      0      0      0      0


 ELEMENT   4902     662    726    725    661      0      0      0      0


 ELEMENT   4903     663    727    726    662      0      0      0      0


 ELEMENT   4904     664    728    727    663      0      0      0      0


 ELEMENT   4905     665    729    728    664      0      0      0      0


 ELEMENT   4906     666    730    729    665      0      0      0      0


 ELEMENT   4907     667    731    730    666      0      0      0      0


 ELEMENT   4908     668    732    731    667      0      0      0      0


 ELEMENT   4909     669    733    732    668      0      0      0      0


 ELEMENT   4910     670    734    733    669      0      0      0      0


 ELEMENT   4911     671    735    734    670      0      0      0      0


 ELEMENT   4912     672    736    735    671      0      0      0      0


 ELEMENT   4913     673    737    736    672      0      0      0      0


 ELEMENT   4914     674    738    737    673      0      0      0      0


 ELEMENT   4915     675    739    738    674      0      0      0      0


 ELEMENT   4916     676    740    739    675      0      0      0      0


 ELEMENT   4917     677    741    740    676      0      0      0      0


 ELEMENT   4918     678    742    741    677      0      0      0      0


 ELEMENT   4919     679    743    742    678      0      0      0      0


 ELEMENT   4920     680    744    743    679      0      0      0      0


 ELEMENT   4921     681    745    744    680      0      0      0      0


 ELEMENT   4922     682    746    745    681      0      0      0      0


 ELEMENT   4923     683    747    746    682      0      0      0      0


 ELEMENT   4924     684    748    747    683      0      0      0      0


 ELEMENT   4925     685    749    748    684      0      0      0      0


 ELEMENT   4926     686    750    749    685      0      0      0      0


 ELEMENT   4927     687    751    750    686      0      0      0      0


 ELEMENT   4928     688    752    751    687      0      0      0      0


 ELEMENT   4929     689    753    752    688      0      0      0      0


 ELEMENT   4930     690    754    753    689      0      0      0      0


 ELEMENT   4931     691    755    754    690      0      0      0      0


 ELEMENT   4932     692    756    755    691      0      0      0      0


 ELEMENT   4933     693    757    756    692      0      0      0      0


 ELEMENT   4934     694    758    757    693      0      0      0      0


 ELEMENT   4935     695    759    758    694      0      0      0      0


 ELEMENT   4936     696    760    759    695      0      0      0      0


 ELEMENT   4937     697    761    760    696      0      0      0      0


 ELEMENT   4938     698    762    761    697      0      0      0      0


 ELEMENT   4939     699    763    762    698      0      0      0      0


 ELEMENT   4940     700    764    763    699      0      0      0      0


 ELEMENT   4941     701    765    764    700      0      0      0      0


 ELEMENT   4942     702    766    765    701      0      0      0      0


 ELEMENT   4943     703    767    766    702      0      0      0      0


 ELEMENT   4944     704    768    767    703      0      0      0      0


 ELEMENT   4945     641    705    768    704      0      0      0      0


 ELEMENT   4946     706    770    769    705      0      0      0      0


 ELEMENT   4947     707    771    770    706      0      0      0      0


 ELEMENT   4948     708    772    771    707      0      0      0      0


 ELEMENT   4949     709    773    772    708      0      0      0      0


 ELEMENT   4950     710    774    773    709      0      0      0      0


 ELEMENT   4951     711    775    774    710      0      0      0      0


 ELEMENT   4952     712    776    775    711      0      0      0      0


 ELEMENT   4953     713    777    776    712      0      0      0      0


 ELEMENT   4954     714    778    777    713      0      0      0      0


 ELEMENT   4955     715    779    778    714      0      0      0      0


 ELEMENT   4956     716    780    779    715      0      0      0      0


 ELEMENT   4957     717    781    780    716      0      0      0      0


 ELEMENT   4958     718    782    781    717      0      0      0      0


 ELEMENT   4959     719    783    782    718      0      0      0      0


 ELEMENT   4960     720    784    783    719      0      0      0      0


 ELEMENT   4961     721    785    784    720      0      0      0      0


 ELEMENT   4962     722    786    785    721      0      0      0      0


 ELEMENT   4963     723    787    786    722      0      0      0      0


 ELEMENT   4964     724    788    787    723      0      0      0      0


 ELEMENT   4965     725    789    788    724      0      0      0      0


 ELEMENT   4966     726    790    789    725      0      0      0      0


 ELEMENT   4967     727    791    790    726      0      0      0      0


 ELEMENT   4968     728    792    791    727      0      0      0      0


 ELEMENT   4969     729    793    792    728      0      0      0      0


 ELEMENT   4970     730    794    793    729      0      0      0      0


 ELEMENT   4971     731    795    794    730      0      0      0      0


 ELEMENT   4972     732    796    795    731      0      0      0      0


 ELEMENT   4973     733    797    796    732      0      0      0      0


 ELEMENT   4974     734    798    797    733      0      0      0      0


 ELEMENT   4975     735    799    798    734      0      0      0      0


 ELEMENT   4976     736    800    799    735      0      0      0      0


 ELEMENT   4977     737    801    800    736      0      0      0      0


 ELEMENT   4978     738    802    801    737      0      0      0      0


 ELEMENT   4979     739    803    802    738      0      0      0      0


 ELEMENT   4980     740    804    803    739      0      0      0      0


 ELEMENT   4981     741    805    804    740      0      0      0      0


 ELEMENT   4982     742    806    805    741      0      0      0      0


 ELEMENT   4983     743    807    806    742      0      0      0      0


 ELEMENT   4984     744    808    807    743      0      0      0      0


 ELEMENT   4985     745    809    808    744      0      0      0      0


 ELEMENT   4986     746    810    809    745      0      0      0      0


 ELEMENT   4987     747    811    810    746      0      0      0      0


 ELEMENT   4988     748    812    811    747      0      0      0      0


 ELEMENT   4989     749    813    812    748      0      0      0      0


 ELEMENT   4990     750    814    813    749      0      0      0      0


 ELEMENT   4991     751    815    814    750      0      0      0      0


 ELEMENT   4992     752    816    815    751      0      0      0      0


 ELEMENT   4993     753    817    816    752      0      0      0      0


 ELEMENT   4994     754    818    817    753      0      0      0      0


 ELEMENT   4995     755    819    818    754      0      0      0      0


 ELEMENT   4996     756    820    819    755      0      0      0      0


 ELEMENT   4997     757    821    820    756      0      0      0      0


 ELEMENT   4998     758    822    821    757      0      0      0      0


 ELEMENT   4999     759    823    822    758      0      0      0      0


 ELEMENT   5000     760    824    823    759      0      0      0      0


 ELEMENT   5001     761    825    824    760      0      0      0      0


 ELEMENT   5002     762    826    825    761      0      0      0      0


 ELEMENT   5003     763    827    826    762      0      0      0      0


 ELEMENT   5004     764    828    827    763      0      0      0      0


 ELEMENT   5005     765    829    828    764      0      0      0      0


 ELEMENT   5006     766    830    829    765      0      0      0      0


 ELEMENT   5007     767    831    830    766      0      0      0      0


 ELEMENT   5008     768    832    831    767      0      0      0      0


 ELEMENT   5009     705    769    832    768      0      0      0      0


 NODE       2931  KCS=      0  X,Y,Z=  8.8907       19.809      -1.1227     

 NODE       2932  KCS=      0  X,Y,Z=  9.0216       19.933      -1.1227     

 NODE       2933  KCS=      0  X,Y,Z=  9.1795       20.062      -1.1227     

 NODE       2934  KCS=      0  X,Y,Z=  9.3689       20.193      -1.1227     

 NODE       2935  KCS=      0  X,Y,Z=  9.5933       20.321      -1.1227     

 NODE       2936  KCS=      0  X,Y,Z=  9.8545       20.436      -1.1227     

 NODE       2937  KCS=      0  X,Y,Z=  10.150       20.529      -1.1227     

 NODE       2938  KCS=      0  X,Y,Z=  10.474       20.590      -1.1227     

 NODE       2939  KCS=      0  X,Y,Z=  10.812       20.611      -1.1227     

 NODE       2940  KCS=      0  X,Y,Z=  11.151       20.590      -1.1227     

 NODE       2941  KCS=      0  X,Y,Z=  11.474       20.529      -1.1227     

 NODE       2942  KCS=      0  X,Y,Z=  11.770       20.436      -1.1227     

 NODE       2943  KCS=      0  X,Y,Z=  12.031       20.321      -1.1227     

 NODE       2944  KCS=      0  X,Y,Z=  12.256       20.193      -1.1227     

 NODE       2945  KCS=      0  X,Y,Z=  12.445       20.062      -1.1227     

 NODE       2946  KCS=      0  X,Y,Z=  12.603       19.933      -1.1227     

 NODE       2947  KCS=      0  X,Y,Z=  12.734       19.809      -1.1227     

 NODE       2948  KCS=      0  X,Y,Z=  12.857       19.677      -1.1227     

 NODE       2949  KCS=      0  X,Y,Z=  12.985       19.517      -1.1227     

 NODE       2950  KCS=      0  X,Y,Z=  13.114       19.327      -1.1227     

 NODE       2951  KCS=      0  X,Y,Z=  13.238       19.102      -1.1227     

 NODE       2952  KCS=      0  X,Y,Z=  13.350       18.841      -1.1227     

 NODE       2953  KCS=      0  X,Y,Z=  13.439       18.547      -1.1227     

 NODE       2954  KCS=      0  X,Y,Z=  13.497       18.228      -1.1227     

 NODE       2955  KCS=      0  X,Y,Z=  13.516       17.893      -1.1227     

 NODE       2956  KCS=      0  X,Y,Z=  13.494       17.560      -1.1227     

 NODE       2957  KCS=      0  X,Y,Z=  13.433       17.242      -1.1227     

 NODE       2958  KCS=      0  X,Y,Z=  13.342       16.951      -1.1227     

 NODE       2959  KCS=      0  X,Y,Z=  13.228       16.693      -1.1227     

 NODE       2960  KCS=      0  X,Y,Z=  13.103       16.471      -1.1227     

 NODE       2961  KCS=      0  X,Y,Z=  12.974       16.283      -1.1227     

 NODE       2962  KCS=      0  X,Y,Z=  12.847       16.126      -1.1227     

 NODE       2963  KCS=      0  X,Y,Z=  12.724       15.995      -1.1227     

 NODE       2964  KCS=      0  X,Y,Z=  12.593       15.872      -1.1227     

 NODE       2965  KCS=      0  X,Y,Z=  12.435       15.744      -1.1227     

 NODE       2966  KCS=      0  X,Y,Z=  12.245       15.614      -1.1227     

 NODE       2967  KCS=      0  X,Y,Z=  12.022       15.488      -1.1227     

 NODE       2968  KCS=      0  X,Y,Z=  11.762       15.375      -1.1227     

 NODE       2969  KCS=      0  X,Y,Z=  11.468       15.284      -1.1227     

 NODE       2970  KCS=      0  X,Y,Z=  11.148       15.224      -1.1227     

 NODE       2971  KCS=      0  X,Y,Z=  10.812       15.203      -1.1227     

 NODE       2972  KCS=      0  X,Y,Z=  10.477       15.224      -1.1227     

 NODE       2973  KCS=      0  X,Y,Z=  10.157       15.284      -1.1227     

 NODE       2974  KCS=      0  X,Y,Z=  9.8629       15.375      -1.1227     

 NODE       2975  KCS=      0  X,Y,Z=  9.6031       15.488      -1.1227     

 NODE       2976  KCS=      0  X,Y,Z=  9.3792       15.614      -1.1227     

 NODE       2977  KCS=      0  X,Y,Z=  9.1899       15.744      -1.1227     

 NODE       2978  KCS=      0  X,Y,Z=  9.0318       15.872      -1.1227     

 NODE       2979  KCS=      0  X,Y,Z=  8.9003       15.995      -1.1227     

 NODE       2980  KCS=      0  X,Y,Z=  8.7780       16.126      -1.1227     

 NODE       2981  KCS=      0  X,Y,Z=  8.6504       16.283      -1.1227     

 NODE       2982  KCS=      0  X,Y,Z=  8.5213       16.471      -1.1227     

 NODE       2983  KCS=      0  X,Y,Z=  8.3962       16.693      -1.1227     

 NODE       2984  KCS=      0  X,Y,Z=  8.2831       16.951      -1.1227     

 NODE       2985  KCS=      0  X,Y,Z=  8.1914       17.242      -1.1227     

 NODE       2986  KCS=      0  X,Y,Z=  8.1307       17.560      -1.1227     

 NODE       2987  KCS=      0  X,Y,Z=  8.1084       17.893      -1.1227     

 NODE       2988  KCS=      0  X,Y,Z=  8.1274       18.228      -1.1227     

 NODE       2989  KCS=      0  X,Y,Z=  8.1853       18.547      -1.1227     

 NODE       2990  KCS=      0  X,Y,Z=  8.2748       18.841      -1.1227     

 NODE       2991  KCS=      0  X,Y,Z=  8.3866       19.102      -1.1227     

 NODE       2992  KCS=      0  X,Y,Z=  8.5110       19.327      -1.1227     

 NODE       2993  KCS=      0  X,Y,Z=  8.6401       19.517      -1.1227     

 NODE       2994  KCS=      0  X,Y,Z=  8.7679       19.677      -1.1227     

 NODE       2995  KCS=      0  X,Y,Z=  8.5522       20.145      -1.1227     

 NODE       2996  KCS=      0  X,Y,Z=  8.7061       20.290      -1.1227     

 NODE       2997  KCS=      0  X,Y,Z=  8.8918       20.442      -1.1227     

 NODE       2998  KCS=      0  X,Y,Z=  9.1145       20.596      -1.1227     

 NODE       2999  KCS=      0  X,Y,Z=  9.3786       20.746      -1.1227     

 NODE       3000  KCS=      0  X,Y,Z=  9.6858       20.881      -1.1227     

 NODE       3001  KCS=      0  X,Y,Z=  10.034       20.991      -1.1227     

 NODE       3002  KCS=      0  X,Y,Z=  10.414       21.062      -1.1227     

 NODE       3003  KCS=      0  X,Y,Z=  10.812       21.087      -1.1227     

 NODE       3004  KCS=      0  X,Y,Z=  11.211       21.062      -1.1227     

 NODE       3005  KCS=      0  X,Y,Z=  11.591       20.991      -1.1227     

 NODE       3006  KCS=      0  X,Y,Z=  11.939       20.881      -1.1227     

 NODE       3007  KCS=      0  X,Y,Z=  12.246       20.746      -1.1227     

 NODE       3008  KCS=      0  X,Y,Z=  12.510       20.596      -1.1227     

 NODE       3009  KCS=      0  X,Y,Z=  12.733       20.442      -1.1227     

 NODE       3010  KCS=      0  X,Y,Z=  12.919       20.290      -1.1227     

 NODE       3011  KCS=      0  X,Y,Z=  13.073       20.145      -1.1227     

 NODE       3012  KCS=      0  X,Y,Z=  13.217       19.989      -1.1227     

 NODE       3013  KCS=      0  X,Y,Z=  13.367       19.801      -1.1227     

 NODE       3014  KCS=      0  X,Y,Z=  13.519       19.577      -1.1227     

 NODE       3015  KCS=      0  X,Y,Z=  13.666       19.312      -1.1227     

 NODE       3016  KCS=      0  X,Y,Z=  13.797       19.006      -1.1227     

 NODE       3017  KCS=      0  X,Y,Z=  13.902       18.660      -1.1227     

 NODE       3018  KCS=      0  X,Y,Z=  13.970       18.284      -1.1227     

 NODE       3019  KCS=      0  X,Y,Z=  13.993       17.891      -1.1227     

 NODE       3020  KCS=      0  X,Y,Z=  13.966       17.499      -1.1227     

 NODE       3021  KCS=      0  X,Y,Z=  13.895       17.125      -1.1227     

 NODE       3022  KCS=      0  X,Y,Z=  13.787       16.782      -1.1227     

 NODE       3023  KCS=      0  X,Y,Z=  13.654       16.479      -1.1227     

 NODE       3024  KCS=      0  X,Y,Z=  13.507       16.218      -1.1227     

 NODE       3025  KCS=      0  X,Y,Z=  13.355       15.997      -1.1227     

 NODE       3026  KCS=      0  X,Y,Z=  13.205       15.812      -1.1227     

 NODE       3027  KCS=      0  X,Y,Z=  13.061       15.658      -1.1227     

 NODE       3028  KCS=      0  X,Y,Z=  12.907       15.513      -1.1227     

 NODE       3029  KCS=      0  X,Y,Z=  12.721       15.363      -1.1227     

 NODE       3030  KCS=      0  X,Y,Z=  12.498       15.210      -1.1227     

 NODE       3031  KCS=      0  X,Y,Z=  12.235       15.062      -1.1227     

 NODE       3032  KCS=      0  X,Y,Z=  11.929       14.929      -1.1227     

 NODE       3033  KCS=      0  X,Y,Z=  11.584       14.822      -1.1227     

 NODE       3034  KCS=      0  X,Y,Z=  11.207       14.751      -1.1227     

 NODE       3035  KCS=      0  X,Y,Z=  10.812       14.727      -1.1227     

 NODE       3036  KCS=      0  X,Y,Z=  10.418       14.751      -1.1227     

 NODE       3037  KCS=      0  X,Y,Z=  10.041       14.822      -1.1227     

 NODE       3038  KCS=      0  X,Y,Z=  9.6956       14.929      -1.1227     

 NODE       3039  KCS=      0  X,Y,Z=  9.3900       15.062      -1.1227     

 NODE       3040  KCS=      0  X,Y,Z=  9.1267       15.210      -1.1227     

 NODE       3041  KCS=      0  X,Y,Z=  8.9041       15.363      -1.1227     

 NODE       3042  KCS=      0  X,Y,Z=  8.7180       15.513      -1.1227     

 NODE       3043  KCS=      0  X,Y,Z=  8.5634       15.658      -1.1227     

 NODE       3044  KCS=      0  X,Y,Z=  8.4196       15.812      -1.1227     

 NODE       3045  KCS=      0  X,Y,Z=  8.2695       15.997      -1.1227     

 NODE       3046  KCS=      0  X,Y,Z=  8.1176       16.218      -1.1227     

 NODE       3047  KCS=      0  X,Y,Z=  7.9705       16.479      -1.1227     

 NODE       3048  KCS=      0  X,Y,Z=  7.8375       16.782      -1.1227     

 NODE       3049  KCS=      0  X,Y,Z=  7.7296       17.125      -1.1227     

 NODE       3050  KCS=      0  X,Y,Z=  7.6582       17.499      -1.1227     

 NODE       3051  KCS=      0  X,Y,Z=  7.6320       17.891      -1.1227     

 NODE       3052  KCS=      0  X,Y,Z=  7.6543       18.284      -1.1227     

 NODE       3053  KCS=      0  X,Y,Z=  7.7224       18.660      -1.1227     

 NODE       3054  KCS=      0  X,Y,Z=  7.8277       19.006      -1.1227     

 NODE       3055  KCS=      0  X,Y,Z=  7.9592       19.312      -1.1227     

 NODE       3056  KCS=      0  X,Y,Z=  8.1055       19.577      -1.1227     

 NODE       3057  KCS=      0  X,Y,Z=  8.2573       19.801      -1.1227     

 NODE       3058  KCS=      0  X,Y,Z=  8.4077       19.989      -1.1227     

 NODE       3059  KCS=      0  X,Y,Z=  8.2136       20.480      -1.1227     

 NODE       3060  KCS=      0  X,Y,Z=  8.3906       20.647      -1.1227     

 NODE       3061  KCS=      0  X,Y,Z=  8.6041       20.822      -1.1227     

 NODE       3062  KCS=      0  X,Y,Z=  8.8602       20.999      -1.1227     

 NODE       3063  KCS=      0  X,Y,Z=  9.1638       21.171      -1.1227     

 NODE       3064  KCS=      0  X,Y,Z=  9.5170       21.327      -1.1227     

 NODE       3065  KCS=      0  X,Y,Z=  9.9170       21.453      -1.1227     

 NODE       3066  KCS=      0  X,Y,Z=  10.354       21.535      -1.1227     

 NODE       3067  KCS=      0  X,Y,Z=  10.812       21.564      -1.1227     

 NODE       3068  KCS=      0  X,Y,Z=  11.270       21.535      -1.1227     

 NODE       3069  KCS=      0  X,Y,Z=  11.708       21.453      -1.1227     

 NODE       3070  KCS=      0  X,Y,Z=  12.108       21.327      -1.1227     

 NODE       3071  KCS=      0  X,Y,Z=  12.461       21.171      -1.1227     

 NODE       3072  KCS=      0  X,Y,Z=  12.765       20.999      -1.1227     

 NODE       3073  KCS=      0  X,Y,Z=  13.021       20.822      -1.1227     

 NODE       3074  KCS=      0  X,Y,Z=  13.234       20.647      -1.1227     

 NODE       3075  KCS=      0  X,Y,Z=  13.411       20.480      -1.1227     

 NODE       3076  KCS=      0  X,Y,Z=  13.577       20.300      -1.1227     

 NODE       3077  KCS=      0  X,Y,Z=  13.750       20.085      -1.1227     

 NODE       3078  KCS=      0  X,Y,Z=  13.925       19.827      -1.1227     

 NODE       3079  KCS=      0  X,Y,Z=  14.093       19.523      -1.1227     

 NODE       3080  KCS=      0  X,Y,Z=  14.244       19.170      -1.1227     

 NODE       3081  KCS=      0  X,Y,Z=  14.365       18.773      -1.1227     

 NODE       3082  KCS=      0  X,Y,Z=  14.443       18.340      -1.1227     

 NODE       3083  KCS=      0  X,Y,Z=  14.469       17.889      -1.1227     

 NODE       3084  KCS=      0  X,Y,Z=  14.439       17.438      -1.1227     

 NODE       3085  KCS=      0  X,Y,Z=  14.357       17.008      -1.1227     

 NODE       3086  KCS=      0  X,Y,Z=  14.233       16.614      -1.1227     

 NODE       3087  KCS=      0  X,Y,Z=  14.080       16.265      -1.1227     

 NODE       3088  KCS=      0  X,Y,Z=  13.911       15.965      -1.1227     

 NODE       3089  KCS=      0  X,Y,Z=  13.736       15.711      -1.1227     

 NODE       3090  KCS=      0  X,Y,Z=  13.564       15.498      -1.1227     

 NODE       3091  KCS=      0  X,Y,Z=  13.398       15.321      -1.1227     

 NODE       3092  KCS=      0  X,Y,Z=  13.220       15.155      -1.1227     

 NODE       3093  KCS=      0  X,Y,Z=  13.006       14.982      -1.1227     

 NODE       3094  KCS=      0  X,Y,Z=  12.750       14.806      -1.1227     

 NODE       3095  KCS=      0  X,Y,Z=  12.448       14.636      -1.1227     

 NODE       3096  KCS=      0  X,Y,Z=  12.096       14.483      -1.1227     

 NODE       3097  KCS=      0  X,Y,Z=  11.699       14.359      -1.1227     

 NODE       3098  KCS=      0  X,Y,Z=  11.266       14.278      -1.1227     

 NODE       3099  KCS=      0  X,Y,Z=  10.812       14.250      -1.1227     

 NODE       3100  KCS=      0  X,Y,Z=  10.359       14.278      -1.1227     

 NODE       3101  KCS=      0  X,Y,Z=  9.9254       14.359      -1.1227     

 NODE       3102  KCS=      0  X,Y,Z=  9.5283       14.483      -1.1227     

 NODE       3103  KCS=      0  X,Y,Z=  9.1769       14.636      -1.1227     

 NODE       3104  KCS=      0  X,Y,Z=  8.8742       14.806      -1.1227     

 NODE       3105  KCS=      0  X,Y,Z=  8.6182       14.982      -1.1227     

 NODE       3106  KCS=      0  X,Y,Z=  8.4043       15.155      -1.1227     

 NODE       3107  KCS=      0  X,Y,Z=  8.2266       15.321      -1.1227     

 NODE       3108  KCS=      0  X,Y,Z=  8.0611       15.498      -1.1227     

 NODE       3109  KCS=      0  X,Y,Z=  7.8886       15.711      -1.1227     

 NODE       3110  KCS=      0  X,Y,Z=  7.7139       15.965      -1.1227     

 NODE       3111  KCS=      0  X,Y,Z=  7.5448       16.265      -1.1227     

 NODE       3112  KCS=      0  X,Y,Z=  7.3918       16.614      -1.1227     

 NODE       3113  KCS=      0  X,Y,Z=  7.2678       17.008      -1.1227     

 NODE       3114  KCS=      0  X,Y,Z=  7.1857       17.438      -1.1227     

 NODE       3115  KCS=      0  X,Y,Z=  7.1555       17.889      -1.1227     

 NODE       3116  KCS=      0  X,Y,Z=  7.1813       18.340      -1.1227     

 NODE       3117  KCS=      0  X,Y,Z=  7.2595       18.773      -1.1227     

 NODE       3118  KCS=      0  X,Y,Z=  7.3806       19.170      -1.1227     

 NODE       3119  KCS=      0  X,Y,Z=  7.5318       19.523      -1.1227     

 NODE       3120  KCS=      0  X,Y,Z=  7.7000       19.827      -1.1227     

 NODE       3121  KCS=      0  X,Y,Z=  7.8746       20.085      -1.1227     

 NODE       3122  KCS=      0  X,Y,Z=  8.0475       20.300      -1.1227     

 NODE       3123  KCS=      0  X,Y,Z=  7.8750       20.815      -1.1227     

 NODE       3124  KCS=      0  X,Y,Z=  8.0751       21.004      -1.1227     

 NODE       3125  KCS=      0  X,Y,Z=  8.3164       21.202      -1.1227     

 NODE       3126  KCS=      0  X,Y,Z=  8.6059       21.402      -1.1227     

 NODE       3127  KCS=      0  X,Y,Z=  8.9490       21.596      -1.1227     

 NODE       3128  KCS=      0  X,Y,Z=  9.3482       21.772      -1.1227     

 NODE       3129  KCS=      0  X,Y,Z=  9.8004       21.914      -1.1227     

 NODE       3130  KCS=      0  X,Y,Z=  10.295       22.008      -1.1227     

 NODE       3131  KCS=      0  X,Y,Z=  10.812       22.040      -1.1227     

 NODE       3132  KCS=      0  X,Y,Z=  11.330       22.008      -1.1227     

 NODE       3133  KCS=      0  X,Y,Z=  11.824       21.914      -1.1227     

 NODE       3134  KCS=      0  X,Y,Z=  12.276       21.772      -1.1227     

 NODE       3135  KCS=      0  X,Y,Z=  12.676       21.596      -1.1227     

 NODE       3136  KCS=      0  X,Y,Z=  13.019       21.402      -1.1227     

 NODE       3137  KCS=      0  X,Y,Z=  13.308       21.202      -1.1227     

 NODE       3138  KCS=      0  X,Y,Z=  13.550       21.004      -1.1227     

 NODE       3139  KCS=      0  X,Y,Z=  13.750       20.815      -1.1227     

 NODE       3140  KCS=      0  X,Y,Z=  13.937       20.612      -1.1227     

 NODE       3141  KCS=      0  X,Y,Z=  14.133       20.368      -1.1227     

 NODE       3142  KCS=      0  X,Y,Z=  14.330       20.077      -1.1227     

 NODE       3143  KCS=      0  X,Y,Z=  14.520       19.733      -1.1227     

 NODE       3144  KCS=      0  X,Y,Z=  14.691       19.335      -1.1227     

 NODE       3145  KCS=      0  X,Y,Z=  14.828       18.886      -1.1227     

 NODE       3146  KCS=      0  X,Y,Z=  14.917       18.397      -1.1227     

 NODE       3147  KCS=      0  X,Y,Z=  14.946       17.886      -1.1227     

 NODE       3148  KCS=      0  X,Y,Z=  14.911       17.377      -1.1227     

 NODE       3149  KCS=      0  X,Y,Z=  14.819       16.890      -1.1227     

 NODE       3150  KCS=      0  X,Y,Z=  14.678       16.445      -1.1227     

 NODE       3151  KCS=      0  X,Y,Z=  14.506       16.051      -1.1227     

 NODE       3152  KCS=      0  X,Y,Z=  14.314       15.712      -1.1227     

 NODE       3153  KCS=      0  X,Y,Z=  14.117       15.424      -1.1227     

 NODE       3154  KCS=      0  X,Y,Z=  13.922       15.184      -1.1227     

 NODE       3155  KCS=      0  X,Y,Z=  13.735       14.984      -1.1227     

 NODE       3156  KCS=      0  X,Y,Z=  13.534       14.796      -1.1227     

 NODE       3157  KCS=      0  X,Y,Z=  13.292       14.600      -1.1227     

 NODE       3158  KCS=      0  X,Y,Z=  13.003       14.402      -1.1227     

 NODE       3159  KCS=      0  X,Y,Z=  12.661       14.210      -1.1227     

 NODE       3160  KCS=      0  X,Y,Z=  12.264       14.037      -1.1227     

 NODE       3161  KCS=      0  X,Y,Z=  11.815       13.897      -1.1227     

 NODE       3162  KCS=      0  X,Y,Z=  11.325       13.806      -1.1227     

 NODE       3163  KCS=      0  X,Y,Z=  10.812       13.774      -1.1227     

 NODE       3164  KCS=      0  X,Y,Z=  10.300       13.806      -1.1227     

 NODE       3165  KCS=      0  X,Y,Z=  9.8099       13.897      -1.1227     

 NODE       3166  KCS=      0  X,Y,Z=  9.3611       14.037      -1.1227     

 NODE       3167  KCS=      0  X,Y,Z=  8.9639       14.210      -1.1227     

 NODE       3168  KCS=      0  X,Y,Z=  8.6217       14.402      -1.1227     

 NODE       3169  KCS=      0  X,Y,Z=  8.3324       14.600      -1.1227     

 NODE       3170  KCS=      0  X,Y,Z=  8.0906       14.796      -1.1227     

 NODE       3171  KCS=      0  X,Y,Z=  7.8897       14.984      -1.1227     

 NODE       3172  KCS=      0  X,Y,Z=  7.7027       15.184      -1.1227     

 NODE       3173  KCS=      0  X,Y,Z=  7.5077       15.424      -1.1227     

 NODE       3174  KCS=      0  X,Y,Z=  7.3103       15.712      -1.1227     

 NODE       3175  KCS=      0  X,Y,Z=  7.1191       16.051      -1.1227     

 NODE       3176  KCS=      0  X,Y,Z=  6.9462       16.445      -1.1227     

 NODE       3177  KCS=      0  X,Y,Z=  6.8060       16.890      -1.1227     

 NODE       3178  KCS=      0  X,Y,Z=  6.7132       17.377      -1.1227     

 NODE       3179  KCS=      0  X,Y,Z=  6.6791       17.886      -1.1227     

 NODE       3180  KCS=      0  X,Y,Z=  6.7082       18.397      -1.1227     

 NODE       3181  KCS=      0  X,Y,Z=  6.7966       18.886      -1.1227     

 NODE       3182  KCS=      0  X,Y,Z=  6.9335       19.335      -1.1227     

 NODE       3183  KCS=      0  X,Y,Z=  7.1044       19.733      -1.1227     

 NODE       3184  KCS=      0  X,Y,Z=  7.2945       20.077      -1.1227     

 NODE       3185  KCS=      0  X,Y,Z=  7.4918       20.368      -1.1227     

 NODE       3186  KCS=      0  X,Y,Z=  7.6872       20.612      -1.1227     

 NODE       3187  KCS=      0  X,Y,Z=  7.5364       21.150      -1.1227     

 NODE       3188  KCS=      0  X,Y,Z=  7.7596       21.361      -1.1227     

 NODE       3189  KCS=      0  X,Y,Z=  8.0287       21.581      -1.1227     

 NODE       3190  KCS=      0  X,Y,Z=  8.3515       21.805      -1.1227     

 NODE       3191  KCS=      0  X,Y,Z=  8.7342       22.022      -1.1227     

 NODE       3192  KCS=      0  X,Y,Z=  9.1795       22.218      -1.1227     

 NODE       3193  KCS=      0  X,Y,Z=  9.6837       22.376      -1.1227     

 NODE       3194  KCS=      0  X,Y,Z=  10.235       22.480      -1.1227     

 NODE       3195  KCS=      0  X,Y,Z=  10.812       22.517      -1.1227     

 NODE       3196  KCS=      0  X,Y,Z=  11.390       22.480      -1.1227     

 NODE       3197  KCS=      0  X,Y,Z=  11.941       22.376      -1.1227     

 NODE       3198  KCS=      0  X,Y,Z=  12.445       22.218      -1.1227     

 NODE       3199  KCS=      0  X,Y,Z=  12.890       22.022      -1.1227     

 NODE       3200  KCS=      0  X,Y,Z=  13.273       21.805      -1.1227     

 NODE       3201  KCS=      0  X,Y,Z=  13.596       21.581      -1.1227     

 NODE       3202  KCS=      0  X,Y,Z=  13.865       21.361      -1.1227     

 NODE       3203  KCS=      0  X,Y,Z=  14.088       21.150      -1.1227     

 NODE       3204  KCS=      0  X,Y,Z=  14.298       20.924      -1.1227     

 NODE       3205  KCS=      0  X,Y,Z=  14.516       20.652      -1.1227     

 NODE       3206  KCS=      0  X,Y,Z=  14.736       20.327      -1.1227     

 NODE       3207  KCS=      0  X,Y,Z=  14.948       19.944      -1.1227     

 NODE       3208  KCS=      0  X,Y,Z=  15.138       19.499      -1.1227     

 NODE       3209  KCS=      0  X,Y,Z=  15.291       18.999      -1.1227     

 NODE       3210  KCS=      0  X,Y,Z=  15.390       18.453      -1.1227     

 NODE       3211  KCS=      0  X,Y,Z=  15.422       17.884      -1.1227     

 NODE       3212  KCS=      0  X,Y,Z=  15.384       17.316      -1.1227     

 NODE       3213  KCS=      0  X,Y,Z=  15.280       16.773      -1.1227     

 NODE       3214  KCS=      0  X,Y,Z=  15.124       16.277      -1.1227     

 NODE       3215  KCS=      0  X,Y,Z=  14.931       15.837      -1.1227     

 NODE       3216  KCS=      0  X,Y,Z=  14.718       15.459      -1.1227     

 NODE       3217  KCS=      0  X,Y,Z=  14.498       15.138      -1.1227     

 NODE       3218  KCS=      0  X,Y,Z=  14.280       14.870      -1.1227     

 NODE       3219  KCS=      0  X,Y,Z=  14.072       14.647      -1.1227     

 NODE       3220  KCS=      0  X,Y,Z=  13.848       14.438      -1.1227     

 NODE       3221  KCS=      0  X,Y,Z=  13.578       14.219      -1.1227     

 NODE       3222  KCS=      0  X,Y,Z=  13.256       13.998      -1.1227     

 NODE       3223  KCS=      0  X,Y,Z=  12.874       13.784      -1.1227     

 NODE       3224  KCS=      0  X,Y,Z=  12.431       13.591      -1.1227     

 NODE       3225  KCS=      0  X,Y,Z=  11.930       13.435      -1.1227     

 NODE       3226  KCS=      0  X,Y,Z=  11.384       13.333      -1.1227     

 NODE       3227  KCS=      0  X,Y,Z=  10.812       13.297      -1.1227     

 NODE       3228  KCS=      0  X,Y,Z=  10.241       13.333      -1.1227     

 NODE       3229  KCS=      0  X,Y,Z=  9.6943       13.435      -1.1227     

 NODE       3230  KCS=      0  X,Y,Z=  9.1938       13.591      -1.1227     

 NODE       3231  KCS=      0  X,Y,Z=  8.7508       13.784      -1.1227     

 NODE       3232  KCS=      0  X,Y,Z=  8.3692       13.998      -1.1227     

 NODE       3233  KCS=      0  X,Y,Z=  8.0465       14.219      -1.1227     

 NODE       3234  KCS=      0  X,Y,Z=  7.7768       14.438      -1.1227     

 NODE       3235  KCS=      0  X,Y,Z=  7.5528       14.647      -1.1227     

 NODE       3236  KCS=      0  X,Y,Z=  7.3442       14.870      -1.1227     

 NODE       3237  KCS=      0  X,Y,Z=  7.1268       15.138      -1.1227     

 NODE       3238  KCS=      0  X,Y,Z=  6.9066       15.459      -1.1227     

 NODE       3239  KCS=      0  X,Y,Z=  6.6934       15.837      -1.1227     

 NODE       3240  KCS=      0  X,Y,Z=  6.5006       16.277      -1.1227     

 NODE       3241  KCS=      0  X,Y,Z=  6.3442       16.773      -1.1227     

 NODE       3242  KCS=      0  X,Y,Z=  6.2407       17.316      -1.1227     

 NODE       3243  KCS=      0  X,Y,Z=  6.2027       17.884      -1.1227     

 NODE       3244  KCS=      0  X,Y,Z=  6.2351       18.453      -1.1227     

 NODE       3245  KCS=      0  X,Y,Z=  6.3337       18.999      -1.1227     

 NODE       3246  KCS=      0  X,Y,Z=  6.4864       19.499      -1.1227     

 NODE       3247  KCS=      0  X,Y,Z=  6.6769       19.944      -1.1227     

 NODE       3248  KCS=      0  X,Y,Z=  6.8890       20.327      -1.1227     

 NODE       3249  KCS=      0  X,Y,Z=  7.1091       20.652      -1.1227     

 NODE       3250  KCS=      0  X,Y,Z=  7.3270       20.924      -1.1227     

 NODE       3251  KCS=      0  X,Y,Z=  7.1979       21.485      -1.1227     

 NODE       3252  KCS=      0  X,Y,Z=  7.4440       21.718      -1.1227     

 NODE       3253  KCS=      0  X,Y,Z=  7.7410       21.961      -1.1227     

 NODE       3254  KCS=      0  X,Y,Z=  8.0972       22.208      -1.1227     

 NODE       3255  KCS=      0  X,Y,Z=  8.5194       22.447      -1.1227     

 NODE       3256  KCS=      0  X,Y,Z=  9.0107       22.663      -1.1227     

 NODE       3257  KCS=      0  X,Y,Z=  9.5671       22.838      -1.1227     

 NODE       3258  KCS=      0  X,Y,Z=  10.175       22.953      -1.1227     

 NODE       3259  KCS=      0  X,Y,Z=  10.812       22.993      -1.1227     

 NODE       3260  KCS=      0  X,Y,Z=  11.449       22.953      -1.1227     

 NODE       3261  KCS=      0  X,Y,Z=  12.058       22.838      -1.1227     

 NODE       3262  KCS=      0  X,Y,Z=  12.614       22.663      -1.1227     

 NODE       3263  KCS=      0  X,Y,Z=  13.105       22.447      -1.1227     

 NODE       3264  KCS=      0  X,Y,Z=  13.528       22.208      -1.1227     

 NODE       3265  KCS=      0  X,Y,Z=  13.884       21.961      -1.1227     

 NODE       3266  KCS=      0  X,Y,Z=  14.181       21.718      -1.1227     

 NODE       3267  KCS=      0  X,Y,Z=  14.427       21.485      -1.1227     

 NODE       3268  KCS=      0  X,Y,Z=  14.658       21.236      -1.1227     

 NODE       3269  KCS=      0  X,Y,Z=  14.898       20.936      -1.1227     

 NODE       3270  KCS=      0  X,Y,Z=  15.141       20.577      -1.1227     

 NODE       3271  KCS=      0  X,Y,Z=  15.375       20.154      -1.1227     

 NODE       3272  KCS=      0  X,Y,Z=  15.585       19.664      -1.1227     

 NODE       3273  KCS=      0  X,Y,Z=  15.754       19.111      -1.1227     

 NODE       3274  KCS=      0  X,Y,Z=  15.863       18.510      -1.1227     

 NODE       3275  KCS=      0  X,Y,Z=  15.898       17.882      -1.1227     

 NODE       3276  KCS=      0  X,Y,Z=  15.856       17.254      -1.1227     

 NODE       3277  KCS=      0  X,Y,Z=  15.742       16.656      -1.1227     

 NODE       3278  KCS=      0  X,Y,Z=  15.570       16.108      -1.1227     

 NODE       3279  KCS=      0  X,Y,Z=  15.357       15.623      -1.1227     

 NODE       3280  KCS=      0  X,Y,Z=  15.122       15.206      -1.1227     

 NODE       3281  KCS=      0  X,Y,Z=  14.879       14.852      -1.1227     

 NODE       3282  KCS=      0  X,Y,Z=  14.639       14.556      -1.1227     

 NODE       3283  KCS=      0  X,Y,Z=  14.409       14.311      -1.1227     

 NODE       3284  KCS=      0  X,Y,Z=  14.162       14.079      -1.1227     

 NODE       3285  KCS=      0  X,Y,Z=  13.864       13.838      -1.1227     

 NODE       3286  KCS=      0  X,Y,Z=  13.508       13.594      -1.1227     

 NODE       3287  KCS=      0  X,Y,Z=  13.087       13.358      -1.1227     

 NODE       3288  KCS=      0  X,Y,Z=  12.598       13.145      -1.1227     

 NODE       3289  KCS=      0  X,Y,Z=  12.046       12.973      -1.1227     

 NODE       3290  KCS=      0  X,Y,Z=  11.443       12.860      -1.1227     

 NODE       3291  KCS=      0  X,Y,Z=  10.812       12.821      -1.1227     

 NODE       3292  KCS=      0  X,Y,Z=  10.181       12.860      -1.1227     

 NODE       3293  KCS=      0  X,Y,Z=  9.5788       12.973      -1.1227     

 NODE       3294  KCS=      0  X,Y,Z=  9.0265       13.145      -1.1227     

 NODE       3295  KCS=      0  X,Y,Z=  8.5377       13.358      -1.1227     

 NODE       3296  KCS=      0  X,Y,Z=  8.1167       13.594      -1.1227     

 NODE       3297  KCS=      0  X,Y,Z=  7.7606       13.838      -1.1227     

 NODE       3298  KCS=      0  X,Y,Z=  7.4631       14.079      -1.1227     

 NODE       3299  KCS=      0  X,Y,Z=  7.2159       14.311      -1.1227     

 NODE       3300  KCS=      0  X,Y,Z=  6.9858       14.556      -1.1227     

 NODE       3301  KCS=      0  X,Y,Z=  6.7459       14.852      -1.1227     

 NODE       3302  KCS=      0  X,Y,Z=  6.5029       15.206      -1.1227     

 NODE       3303  KCS=      0  X,Y,Z=  6.2677       15.623      -1.1227     

 NODE       3304  KCS=      0  X,Y,Z=  6.0549       16.108      -1.1227     

 NODE       3305  KCS=      0  X,Y,Z=  5.8824       16.656      -1.1227     

 NODE       3306  KCS=      0  X,Y,Z=  5.7682       17.254      -1.1227     

 NODE       3307  KCS=      0  X,Y,Z=  5.7262       17.882      -1.1227     

 NODE       3308  KCS=      0  X,Y,Z=  5.7620       18.510      -1.1227     

 NODE       3309  KCS=      0  X,Y,Z=  5.8709       19.111      -1.1227     

 NODE       3310  KCS=      0  X,Y,Z=  6.0393       19.664      -1.1227     

 NODE       3311  KCS=      0  X,Y,Z=  6.2495       20.154      -1.1227     

 NODE       3312  KCS=      0  X,Y,Z=  6.4836       20.577      -1.1227     

 NODE       3313  KCS=      0  X,Y,Z=  6.7263       20.936      -1.1227     

 NODE       3314  KCS=      0  X,Y,Z=  6.9668       21.236      -1.1227     

 NODE       3315  KCS=      0  X,Y,Z=  6.8593       21.821      -1.1227     

 NODE       3316  KCS=      0  X,Y,Z=  7.1285       22.075      -1.1227     

 NODE       3317  KCS=      0  X,Y,Z=  7.4533       22.341      -1.1227     

 NODE       3318  KCS=      0  X,Y,Z=  7.8429       22.611      -1.1227     

 NODE       3319  KCS=      0  X,Y,Z=  8.3046       22.872      -1.1227     

 NODE       3320  KCS=      0  X,Y,Z=  8.8419       23.109      -1.1227     

 NODE       3321  KCS=      0  X,Y,Z=  9.4504       23.300      -1.1227     

 NODE       3322  KCS=      0  X,Y,Z=  10.116       23.426      -1.1227     

 NODE       3323  KCS=      0  X,Y,Z=  10.812       23.470      -1.1227     

 NODE       3324  KCS=      0  X,Y,Z=  11.509       23.426      -1.1227     

 NODE       3325  KCS=      0  X,Y,Z=  12.174       23.300      -1.1227     

 NODE       3326  KCS=      0  X,Y,Z=  12.783       23.109      -1.1227     

 NODE       3327  KCS=      0  X,Y,Z=  13.320       22.872      -1.1227     

 NODE       3328  KCS=      0  X,Y,Z=  13.782       22.611      -1.1227     

 NODE       3329  KCS=      0  X,Y,Z=  14.171       22.341      -1.1227     

 NODE       3330  KCS=      0  X,Y,Z=  14.496       22.075      -1.1227     

 NODE       3331  KCS=      0  X,Y,Z=  14.765       21.821      -1.1227     

 NODE       3332  KCS=      0  X,Y,Z=  15.018       21.548      -1.1227     

 NODE       3333  KCS=      0  X,Y,Z=  15.281       21.219      -1.1227     

 NODE       3334  KCS=      0  X,Y,Z=  15.547       20.827      -1.1227     

 NODE       3335  KCS=      0  X,Y,Z=  15.803       20.365      -1.1227     

 NODE       3336  KCS=      0  X,Y,Z=  16.032       19.829      -1.1227     

 NODE       3337  KCS=      0  X,Y,Z=  16.217       19.224      -1.1227     

 NODE       3338  KCS=      0  X,Y,Z=  16.336       18.566      -1.1227     

 NODE       3339  KCS=      0  X,Y,Z=  16.375       17.879      -1.1227     

 NODE       3340  KCS=      0  X,Y,Z=  16.329       17.193      -1.1227     

 NODE       3341  KCS=      0  X,Y,Z=  16.204       16.539      -1.1227     

 NODE       3342  KCS=      0  X,Y,Z=  16.015       15.940      -1.1227     

 NODE       3343  KCS=      0  X,Y,Z=  15.783       15.409      -1.1227     

 NODE       3344  KCS=      0  X,Y,Z=  15.525       14.952      -1.1227     

 NODE       3345  KCS=      0  X,Y,Z=  15.260       14.566      -1.1227     

 NODE       3346  KCS=      0  X,Y,Z=  14.997       14.243      -1.1227     

 NODE       3347  KCS=      0  X,Y,Z=  14.746       13.974      -1.1227     

 NODE       3348  KCS=      0  X,Y,Z=  14.475       13.721      -1.1227     

 NODE       3349  KCS=      0  X,Y,Z=  14.150       13.457      -1.1227     

 NODE       3350  KCS=      0  X,Y,Z=  13.761       13.190      -1.1227     

 NODE       3351  KCS=      0  X,Y,Z=  13.300       12.932      -1.1227     

 NODE       3352  KCS=      0  X,Y,Z=  12.766       12.699      -1.1227     

 NODE       3353  KCS=      0  X,Y,Z=  12.161       12.510      -1.1227     

 NODE       3354  KCS=      0  X,Y,Z=  11.502       12.387      -1.1227     

 NODE       3355  KCS=      0  X,Y,Z=  10.812       12.344      -1.1227     

 NODE       3356  KCS=      0  X,Y,Z=  10.122       12.387      -1.1227     

 NODE       3357  KCS=      0  X,Y,Z=  9.4632       12.510      -1.1227     

 NODE       3358  KCS=      0  X,Y,Z=  8.8592       12.699      -1.1227     

 NODE       3359  KCS=      0  X,Y,Z=  8.3247       12.932      -1.1227     

 NODE       3360  KCS=      0  X,Y,Z=  7.8642       13.190      -1.1227     

 NODE       3361  KCS=      0  X,Y,Z=  7.4748       13.457      -1.1227     

 NODE       3362  KCS=      0  X,Y,Z=  7.1494       13.721      -1.1227     

 NODE       3363  KCS=      0  X,Y,Z=  6.8790       13.974      -1.1227     

 NODE       3364  KCS=      0  X,Y,Z=  6.6274       14.243      -1.1227     

 NODE       3365  KCS=      0  X,Y,Z=  6.3649       14.566      -1.1227     

 NODE       3366  KCS=      0  X,Y,Z=  6.0992       14.952      -1.1227     

 NODE       3367  KCS=      0  X,Y,Z=  5.8420       15.409      -1.1227     

 NODE       3368  KCS=      0  X,Y,Z=  5.6093       15.940      -1.1227     

 NODE       3369  KCS=      0  X,Y,Z=  5.4206       16.539      -1.1227     

 NODE       3370  KCS=      0  X,Y,Z=  5.2957       17.193      -1.1227     

 NODE       3371  KCS=      0  X,Y,Z=  5.2498       17.879      -1.1227     

 NODE       3372  KCS=      0  X,Y,Z=  5.2890       18.566      -1.1227     

 NODE       3373  KCS=      0  X,Y,Z=  5.4080       19.224      -1.1227     

 NODE       3374  KCS=      0  X,Y,Z=  5.5922       19.829      -1.1227     

 NODE       3375  KCS=      0  X,Y,Z=  5.8221       20.365      -1.1227     

 NODE       3376  KCS=      0  X,Y,Z=  6.0781       20.827      -1.1227     

 NODE       3377  KCS=      0  X,Y,Z=  6.3436       21.219      -1.1227     

 NODE       3378  KCS=      0  X,Y,Z=  6.6066       21.548      -1.1227     

 NODE       3379  KCS=      0  X,Y,Z=  10.812       17.907      -1.1227     

 ELEMENT TYPE SET TO         4

 *** NOTE ***                            ELAPSED TIME =       7.960   TIME= 17:29:19
 Setting the current shape of target element as pilot node.              

 ELEMENT   5010    3379      0      0      0      0      0      0      0


 *** NOTE ***                            ELAPSED TIME =       7.960   TIME= 17:29:19
 Rotational degrees of freedom ROTX+ROTY+ROTZ have been activated for    
 pilot node 3379.                                                        

 *** NOTE ***                            ELAPSED TIME =       7.960   TIME= 17:29:19
 Setting the current shape of target element as quadrilateral.           

 ELEMENT   5011    2931   2995   2996   2932      0      0      0      0


 ELEMENT   5012    2932   2996   2997   2933      0      0      0      0


 ELEMENT   5013    2933   2997   2998   2934      0      0      0      0


 ELEMENT   5014    2934   2998   2999   2935      0      0      0      0


 ELEMENT   5015    2935   2999   3000   2936      0      0      0      0


 ELEMENT   5016    2936   3000   3001   2937      0      0      0      0


 ELEMENT   5017    2937   3001   3002   2938      0      0      0      0


 ELEMENT   5018    2938   3002   3003   2939      0      0      0      0


 ELEMENT   5019    2939   3003   3004   2940      0      0      0      0


 ELEMENT   5020    2940   3004   3005   2941      0      0      0      0


 ELEMENT   5021    2941   3005   3006   2942      0      0      0      0


 ELEMENT   5022    2942   3006   3007   2943      0      0      0      0


 ELEMENT   5023    2943   3007   3008   2944      0      0      0      0


 ELEMENT   5024    2944   3008   3009   2945      0      0      0      0


 ELEMENT   5025    2945   3009   3010   2946      0      0      0      0


 ELEMENT   5026    2946   3010   3011   2947      0      0      0      0


 ELEMENT   5027    2947   3011   3012   2948      0      0      0      0


 ELEMENT   5028    2948   3012   3013   2949      0      0      0      0


 ELEMENT   5029    2949   3013   3014   2950      0      0      0      0


 ELEMENT   5030    2950   3014   3015   2951      0      0      0      0


 ELEMENT   5031    2951   3015   3016   2952      0      0      0      0


 ELEMENT   5032    2952   3016   3017   2953      0      0      0      0


 ELEMENT   5033    2953   3017   3018   2954      0      0      0      0


 ELEMENT   5034    2954   3018   3019   2955      0      0      0      0


 ELEMENT   5035    2955   3019   3020   2956      0      0      0      0


 ELEMENT   5036    2956   3020   3021   2957      0      0      0      0


 ELEMENT   5037    2957   3021   3022   2958      0      0      0      0


 ELEMENT   5038    2958   3022   3023   2959      0      0      0      0


 ELEMENT   5039    2959   3023   3024   2960      0      0      0      0


 ELEMENT   5040    2960   3024   3025   2961      0      0      0      0


 ELEMENT   5041    2961   3025   3026   2962      0      0      0      0


 ELEMENT   5042    2962   3026   3027   2963      0      0      0      0


 ELEMENT   5043    2963   3027   3028   2964      0      0      0      0


 ELEMENT   5044    2964   3028   3029   2965      0      0      0      0


 ELEMENT   5045    2965   3029   3030   2966      0      0      0      0


 ELEMENT   5046    2966   3030   3031   2967      0      0      0      0


 ELEMENT   5047    2967   3031   3032   2968      0      0      0      0


 ELEMENT   5048    2968   3032   3033   2969      0      0      0      0


 ELEMENT   5049    2969   3033   3034   2970      0      0      0      0


 ELEMENT   5050    2970   3034   3035   2971      0      0      0      0


 ELEMENT   5051    2971   3035   3036   2972      0      0      0      0


 ELEMENT   5052    2972   3036   3037   2973      0      0      0      0


 ELEMENT   5053    2973   3037   3038   2974      0      0      0      0


 ELEMENT   5054    2974   3038   3039   2975      0      0      0      0


 ELEMENT   5055    2975   3039   3040   2976      0      0      0      0


 ELEMENT   5056    2976   3040   3041   2977      0      0      0      0


 ELEMENT   5057    2977   3041   3042   2978      0      0      0      0


 ELEMENT   5058    2978   3042   3043   2979      0      0      0      0


 ELEMENT   5059    2979   3043   3044   2980      0      0      0      0


 ELEMENT   5060    2980   3044   3045   2981      0      0      0      0


 ELEMENT   5061    2981   3045   3046   2982      0      0      0      0


 ELEMENT   5062    2982   3046   3047   2983      0      0      0      0


 ELEMENT   5063    2983   3047   3048   2984      0      0      0      0


 ELEMENT   5064    2984   3048   3049   2985      0      0      0      0


 ELEMENT   5065    2985   3049   3050   2986      0      0      0      0


 ELEMENT   5066    2986   3050   3051   2987      0      0      0      0


 ELEMENT   5067    2987   3051   3052   2988      0      0      0      0


 ELEMENT   5068    2988   3052   3053   2989      0      0      0      0


 ELEMENT   5069    2989   3053   3054   2990      0      0      0      0


 ELEMENT   5070    2990   3054   3055   2991      0      0      0      0


 ELEMENT   5071    2991   3055   3056   2992      0      0      0      0


 ELEMENT   5072    2992   3056   3057   2993      0      0      0      0


 ELEMENT   5073    2993   3057   3058   2994      0      0      0      0


 ELEMENT   5074    2994   3058   2995   2931      0      0      0      0


 ELEMENT   5075    2995   3059   3060   2996      0      0      0      0


 ELEMENT   5076    2996   3060   3061   2997      0      0      0      0


 ELEMENT   5077    2997   3061   3062   2998      0      0      0      0


 ELEMENT   5078    2998   3062   3063   2999      0      0      0      0


 ELEMENT   5079    2999   3063   3064   3000      0      0      0      0


 ELEMENT   5080    3000   3064   3065   3001      0      0      0      0


 ELEMENT   5081    3001   3065   3066   3002      0      0      0      0


 ELEMENT   5082    3002   3066   3067   3003      0      0      0      0


 ELEMENT   5083    3003   3067   3068   3004      0      0      0      0


 ELEMENT   5084    3004   3068   3069   3005      0      0      0      0


 ELEMENT   5085    3005   3069   3070   3006      0      0      0      0


 ELEMENT   5086    3006   3070   3071   3007      0      0      0      0


 ELEMENT   5087    3007   3071   3072   3008      0      0      0      0


 ELEMENT   5088    3008   3072   3073   3009      0      0      0      0


 ELEMENT   5089    3009   3073   3074   3010      0      0      0      0


 ELEMENT   5090    3010   3074   3075   3011      0      0      0      0


 ELEMENT   5091    3011   3075   3076   3012      0      0      0      0


 ELEMENT   5092    3012   3076   3077   3013      0      0      0      0


 ELEMENT   5093    3013   3077   3078   3014      0      0      0      0


 ELEMENT   5094    3014   3078   3079   3015      0      0      0      0


 ELEMENT   5095    3015   3079   3080   3016      0      0      0      0


 ELEMENT   5096    3016   3080   3081   3017      0      0      0      0


 ELEMENT   5097    3017   3081   3082   3018      0      0      0      0


 ELEMENT   5098    3018   3082   3083   3019      0      0      0      0


 ELEMENT   5099    3019   3083   3084   3020      0      0      0      0


 ELEMENT   5100    3020   3084   3085   3021      0      0      0      0


 ELEMENT   5101    3021   3085   3086   3022      0      0      0      0


 ELEMENT   5102    3022   3086   3087   3023      0      0      0      0


 ELEMENT   5103    3023   3087   3088   3024      0      0      0      0


 ELEMENT   5104    3024   3088   3089   3025      0      0      0      0


 ELEMENT   5105    3025   3089   3090   3026      0      0      0      0


 ELEMENT   5106    3026   3090   3091   3027      0      0      0      0


 ELEMENT   5107    3027   3091   3092   3028      0      0      0      0


 ELEMENT   5108    3028   3092   3093   3029      0      0      0      0


 ELEMENT   5109    3029   3093   3094   3030      0      0      0      0


 ELEMENT   5110    3030   3094   3095   3031      0      0      0      0


 ELEMENT   5111    3031   3095   3096   3032      0      0      0      0


 ELEMENT   5112    3032   3096   3097   3033      0      0      0      0


 ELEMENT   5113    3033   3097   3098   3034      0      0      0      0


 ELEMENT   5114    3034   3098   3099   3035      0      0      0      0


 ELEMENT   5115    3035   3099   3100   3036      0      0      0      0


 ELEMENT   5116    3036   3100   3101   3037      0      0      0      0


 ELEMENT   5117    3037   3101   3102   3038      0      0      0      0


 ELEMENT   5118    3038   3102   3103   3039      0      0      0      0


 ELEMENT   5119    3039   3103   3104   3040      0      0      0      0


 ELEMENT   5120    3040   3104   3105   3041      0      0      0      0


 ELEMENT   5121    3041   3105   3106   3042      0      0      0      0


 ELEMENT   5122    3042   3106   3107   3043      0      0      0      0


 ELEMENT   5123    3043   3107   3108   3044      0      0      0      0


 ELEMENT   5124    3044   3108   3109   3045      0      0      0      0


 ELEMENT   5125    3045   3109   3110   3046      0      0      0      0


 ELEMENT   5126    3046   3110   3111   3047      0      0      0      0


 ELEMENT   5127    3047   3111   3112   3048      0      0      0      0


 ELEMENT   5128    3048   3112   3113   3049      0      0      0      0


 ELEMENT   5129    3049   3113   3114   3050      0      0      0      0


 ELEMENT   5130    3050   3114   3115   3051      0      0      0      0


 ELEMENT   5131    3051   3115   3116   3052      0      0      0      0


 ELEMENT   5132    3052   3116   3117   3053      0      0      0      0


 ELEMENT   5133    3053   3117   3118   3054      0      0      0      0


 ELEMENT   5134    3054   3118   3119   3055      0      0      0      0


 ELEMENT   5135    3055   3119   3120   3056      0      0      0      0


 ELEMENT   5136    3056   3120   3121   3057      0      0      0      0


 ELEMENT   5137    3057   3121   3122   3058      0      0      0      0


 ELEMENT   5138    3058   3122   3059   2995      0      0      0      0


 ELEMENT   5139    3059   3123   3124   3060      0      0      0      0


 ELEMENT   5140    3060   3124   3125   3061      0      0      0      0


 ELEMENT   5141    3061   3125   3126   3062      0      0      0      0


 ELEMENT   5142    3062   3126   3127   3063      0      0      0      0


 ELEMENT   5143    3063   3127   3128   3064      0      0      0      0


 ELEMENT   5144    3064   3128   3129   3065      0      0      0      0


 ELEMENT   5145    3065   3129   3130   3066      0      0      0      0


 ELEMENT   5146    3066   3130   3131   3067      0      0      0      0


 ELEMENT   5147    3067   3131   3132   3068      0      0      0      0


 ELEMENT   5148    3068   3132   3133   3069      0      0      0      0


 ELEMENT   5149    3069   3133   3134   3070      0      0      0      0


 ELEMENT   5150    3070   3134   3135   3071      0      0      0      0


 ELEMENT   5151    3071   3135   3136   3072      0      0      0      0


 ELEMENT   5152    3072   3136   3137   3073      0      0      0      0


 ELEMENT   5153    3073   3137   3138   3074      0      0      0      0


 ELEMENT   5154    3074   3138   3139   3075      0      0      0      0


 ELEMENT   5155    3075   3139   3140   3076      0      0      0      0


 ELEMENT   5156    3076   3140   3141   3077      0      0      0      0


 ELEMENT   5157    3077   3141   3142   3078      0      0      0      0


 ELEMENT   5158    3078   3142   3143   3079      0      0      0      0


 ELEMENT   5159    3079   3143   3144   3080      0      0      0      0


 ELEMENT   5160    3080   3144   3145   3081      0      0      0      0


 ELEMENT   5161    3081   3145   3146   3082      0      0      0      0


 ELEMENT   5162    3082   3146   3147   3083      0      0      0      0


 ELEMENT   5163    3083   3147   3148   3084      0      0      0      0


 ELEMENT   5164    3084   3148   3149   3085      0      0      0      0


 ELEMENT   5165    3085   3149   3150   3086      0      0      0      0


 ELEMENT   5166    3086   3150   3151   3087      0      0      0      0


 ELEMENT   5167    3087   3151   3152   3088      0      0      0      0


 ELEMENT   5168    3088   3152   3153   3089      0      0      0      0


 ELEMENT   5169    3089   3153   3154   3090      0      0      0      0


 ELEMENT   5170    3090   3154   3155   3091      0      0      0      0


 ELEMENT   5171    3091   3155   3156   3092      0      0      0      0


 ELEMENT   5172    3092   3156   3157   3093      0      0      0      0


 ELEMENT   5173    3093   3157   3158   3094      0      0      0      0


 ELEMENT   5174    3094   3158   3159   3095      0      0      0      0


 ELEMENT   5175    3095   3159   3160   3096      0      0      0      0


 ELEMENT   5176    3096   3160   3161   3097      0      0      0      0


 ELEMENT   5177    3097   3161   3162   3098      0      0      0      0


 ELEMENT   5178    3098   3162   3163   3099      0      0      0      0


 ELEMENT   5179    3099   3163   3164   3100      0      0      0      0


 ELEMENT   5180    3100   3164   3165   3101      0      0      0      0


 ELEMENT   5181    3101   3165   3166   3102      0      0      0      0


 ELEMENT   5182    3102   3166   3167   3103      0      0      0      0


 ELEMENT   5183    3103   3167   3168   3104      0      0      0      0


 ELEMENT   5184    3104   3168   3169   3105      0      0      0      0


 ELEMENT   5185    3105   3169   3170   3106      0      0      0      0


 ELEMENT   5186    3106   3170   3171   3107      0      0      0      0


 ELEMENT   5187    3107   3171   3172   3108      0      0      0      0


 ELEMENT   5188    3108   3172   3173   3109      0      0      0      0


 ELEMENT   5189    3109   3173   3174   3110      0      0      0      0


 ELEMENT   5190    3110   3174   3175   3111      0      0      0      0


 ELEMENT   5191    3111   3175   3176   3112      0      0      0      0


 ELEMENT   5192    3112   3176   3177   3113      0      0      0      0


 ELEMENT   5193    3113   3177   3178   3114      0      0      0      0


 ELEMENT   5194    3114   3178   3179   3115      0      0      0      0


 ELEMENT   5195    3115   3179   3180   3116      0      0      0      0


 ELEMENT   5196    3116   3180   3181   3117      0      0      0      0


 ELEMENT   5197    3117   3181   3182   3118      0      0      0      0


 ELEMENT   5198    3118   3182   3183   3119      0      0      0      0


 ELEMENT   5199    3119   3183   3184   3120      0      0      0      0


 ELEMENT   5200    3120   3184   3185   3121      0      0      0      0


 ELEMENT   5201    3121   3185   3186   3122      0      0      0      0


 ELEMENT   5202    3122   3186   3123   3059      0      0      0      0


 ELEMENT   5203    3123   3187   3188   3124      0      0      0      0


 ELEMENT   5204    3124   3188   3189   3125      0      0      0      0


 ELEMENT   5205    3125   3189   3190   3126      0      0      0      0


 ELEMENT   5206    3126   3190   3191   3127      0      0      0      0


 ELEMENT   5207    3127   3191   3192   3128      0      0      0      0


 ELEMENT   5208    3128   3192   3193   3129      0      0      0      0


 ELEMENT   5209    3129   3193   3194   3130      0      0      0      0


 ELEMENT   5210    3130   3194   3195   3131      0      0      0      0


 ELEMENT   5211    3131   3195   3196   3132      0      0      0      0


 ELEMENT   5212    3132   3196   3197   3133      0      0      0      0


 ELEMENT   5213    3133   3197   3198   3134      0      0      0      0


 ELEMENT   5214    3134   3198   3199   3135      0      0      0      0


 ELEMENT   5215    3135   3199   3200   3136      0      0      0      0


 ELEMENT   5216    3136   3200   3201   3137      0      0      0      0


 ELEMENT   5217    3137   3201   3202   3138      0      0      0      0


 ELEMENT   5218    3138   3202   3203   3139      0      0      0      0


 ELEMENT   5219    3139   3203   3204   3140      0      0      0      0


 ELEMENT   5220    3140   3204   3205   3141      0      0      0      0


 ELEMENT   5221    3141   3205   3206   3142      0      0      0      0


 ELEMENT   5222    3142   3206   3207   3143      0      0      0      0


 ELEMENT   5223    3143   3207   3208   3144      0      0      0      0


 ELEMENT   5224    3144   3208   3209   3145      0      0      0      0


 ELEMENT   5225    3145   3209   3210   3146      0      0      0      0


 ELEMENT   5226    3146   3210   3211   3147      0      0      0      0


 ELEMENT   5227    3147   3211   3212   3148      0      0      0      0


 ELEMENT   5228    3148   3212   3213   3149      0      0      0      0


 ELEMENT   5229    3149   3213   3214   3150      0      0      0      0


 ELEMENT   5230    3150   3214   3215   3151      0      0      0      0


 ELEMENT   5231    3151   3215   3216   3152      0      0      0      0


 ELEMENT   5232    3152   3216   3217   3153      0      0      0      0


 ELEMENT   5233    3153   3217   3218   3154      0      0      0      0


 ELEMENT   5234    3154   3218   3219   3155      0      0      0      0


 ELEMENT   5235    3155   3219   3220   3156      0      0      0      0


 ELEMENT   5236    3156   3220   3221   3157      0      0      0      0


 ELEMENT   5237    3157   3221   3222   3158      0      0      0      0


 ELEMENT   5238    3158   3222   3223   3159      0      0      0      0


 ELEMENT   5239    3159   3223   3224   3160      0      0      0      0


 ELEMENT   5240    3160   3224   3225   3161      0      0      0      0


 ELEMENT   5241    3161   3225   3226   3162      0      0      0      0


 ELEMENT   5242    3162   3226   3227   3163      0      0      0      0


 ELEMENT   5243    3163   3227   3228   3164      0      0      0      0


 ELEMENT   5244    3164   3228   3229   3165      0      0      0      0


 ELEMENT   5245    3165   3229   3230   3166      0      0      0      0


 ELEMENT   5246    3166   3230   3231   3167      0      0      0      0


 ELEMENT   5247    3167   3231   3232   3168      0      0      0      0


 ELEMENT   5248    3168   3232   3233   3169      0      0      0      0


 ELEMENT   5249    3169   3233   3234   3170      0      0      0      0


 ELEMENT   5250    3170   3234   3235   3171      0      0      0      0


 ELEMENT   5251    3171   3235   3236   3172      0      0      0      0


 ELEMENT   5252    3172   3236   3237   3173      0      0      0      0


 ELEMENT   5253    3173   3237   3238   3174      0      0      0      0


 ELEMENT   5254    3174   3238   3239   3175      0      0      0      0


 ELEMENT   5255    3175   3239   3240   3176      0      0      0      0


 ELEMENT   5256    3176   3240   3241   3177      0      0      0      0


 ELEMENT   5257    3177   3241   3242   3178      0      0      0      0


 ELEMENT   5258    3178   3242   3243   3179      0      0      0      0


 ELEMENT   5259    3179   3243   3244   3180      0      0      0      0


 ELEMENT   5260    3180   3244   3245   3181      0      0      0      0


 ELEMENT   5261    3181   3245   3246   3182      0      0      0      0


 ELEMENT   5262    3182   3246   3247   3183      0      0      0      0


 ELEMENT   5263    3183   3247   3248   3184      0      0      0      0


 ELEMENT   5264    3184   3248   3249   3185      0      0      0      0


 ELEMENT   5265    3185   3249   3250   3186      0      0      0      0


 ELEMENT   5266    3186   3250   3187   3123      0      0      0      0


 ELEMENT   5267    3187   3251   3252   3188      0      0      0      0


 ELEMENT   5268    3188   3252   3253   3189      0      0      0      0


 ELEMENT   5269    3189   3253   3254   3190      0      0      0      0


 ELEMENT   5270    3190   3254   3255   3191      0      0      0      0


 ELEMENT   5271    3191   3255   3256   3192      0      0      0      0


 ELEMENT   5272    3192   3256   3257   3193      0      0      0      0


 ELEMENT   5273    3193   3257   3258   3194      0      0      0      0


 ELEMENT   5274    3194   3258   3259   3195      0      0      0      0


 ELEMENT   5275    3195   3259   3260   3196      0      0      0      0


 ELEMENT   5276    3196   3260   3261   3197      0      0      0      0


 ELEMENT   5277    3197   3261   3262   3198      0      0      0      0


 ELEMENT   5278    3198   3262   3263   3199      0      0      0      0


 ELEMENT   5279    3199   3263   3264   3200      0      0      0      0


 ELEMENT   5280    3200   3264   3265   3201      0      0      0      0


 ELEMENT   5281    3201   3265   3266   3202      0      0      0      0


 ELEMENT   5282    3202   3266   3267   3203      0      0      0      0


 ELEMENT   5283    3203   3267   3268   3204      0      0      0      0


 ELEMENT   5284    3204   3268   3269   3205      0      0      0      0


 ELEMENT   5285    3205   3269   3270   3206      0      0      0      0


 ELEMENT   5286    3206   3270   3271   3207      0      0      0      0


 ELEMENT   5287    3207   3271   3272   3208      0      0      0      0


 ELEMENT   5288    3208   3272   3273   3209      0      0      0      0


 ELEMENT   5289    3209   3273   3274   3210      0      0      0      0


 ELEMENT   5290    3210   3274   3275   3211      0      0      0      0


 ELEMENT   5291    3211   3275   3276   3212      0      0      0      0


 ELEMENT   5292    3212   3276   3277   3213      0      0      0      0


 ELEMENT   5293    3213   3277   3278   3214      0      0      0      0


 ELEMENT   5294    3214   3278   3279   3215      0      0      0      0


 ELEMENT   5295    3215   3279   3280   3216      0      0      0      0


 ELEMENT   5296    3216   3280   3281   3217      0      0      0      0


 ELEMENT   5297    3217   3281   3282   3218      0      0      0      0


 ELEMENT   5298    3218   3282   3283   3219      0      0      0      0


 ELEMENT   5299    3219   3283   3284   3220      0      0      0      0


 ELEMENT   5300    3220   3284   3285   3221      0      0      0      0


 ELEMENT   5301    3221   3285   3286   3222      0      0      0      0


 ELEMENT   5302    3222   3286   3287   3223      0      0      0      0


 ELEMENT   5303    3223   3287   3288   3224      0      0      0      0


 ELEMENT   5304    3224   3288   3289   3225      0      0      0      0


 ELEMENT   5305    3225   3289   3290   3226      0      0      0      0


 ELEMENT   5306    3226   3290   3291   3227      0      0      0      0


 ELEMENT   5307    3227   3291   3292   3228      0      0      0      0


 ELEMENT   5308    3228   3292   3293   3229      0      0      0      0


 ELEMENT   5309    3229   3293   3294   3230      0      0      0      0


 ELEMENT   5310    3230   3294   3295   3231      0      0      0      0


 ELEMENT   5311    3231   3295   3296   3232      0      0      0      0


 ELEMENT   5312    3232   3296   3297   3233      0      0      0      0


 ELEMENT   5313    3233   3297   3298   3234      0      0      0      0


 ELEMENT   5314    3234   3298   3299   3235      0      0      0      0


 ELEMENT   5315    3235   3299   3300   3236      0      0      0      0


 ELEMENT   5316    3236   3300   3301   3237      0      0      0      0


 ELEMENT   5317    3237   3301   3302   3238      0      0      0      0


 ELEMENT   5318    3238   3302   3303   3239      0      0      0      0


 ELEMENT   5319    3239   3303   3304   3240      0      0      0      0


 ELEMENT   5320    3240   3304   3305   3241      0      0      0      0


 ELEMENT   5321    3241   3305   3306   3242      0      0      0      0


 ELEMENT   5322    3242   3306   3307   3243      0      0      0      0


 ELEMENT   5323    3243   3307   3308   3244      0      0      0      0


 ELEMENT   5324    3244   3308   3309   3245      0      0      0      0


 ELEMENT   5325    3245   3309   3310   3246      0      0      0      0


 ELEMENT   5326    3246   3310   3311   3247      0      0      0      0


 ELEMENT   5327    3247   3311   3312   3248      0      0      0      0


 ELEMENT   5328    3248   3312   3313   3249      0      0      0      0


 ELEMENT   5329    3249   3313   3314   3250      0      0      0      0


 ELEMENT   5330    3250   3314   3251   3187      0      0      0      0


 ELEMENT   5331    3251   3315   3316   3252      0      0      0      0


 ELEMENT   5332    3252   3316   3317   3253      0      0      0      0


 ELEMENT   5333    3253   3317   3318   3254      0      0      0      0


 ELEMENT   5334    3254   3318   3319   3255      0      0      0      0


 ELEMENT   5335    3255   3319   3320   3256      0      0      0      0


 ELEMENT   5336    3256   3320   3321   3257      0      0      0      0


 ELEMENT   5337    3257   3321   3322   3258      0      0      0      0


 ELEMENT   5338    3258   3322   3323   3259      0      0      0      0


 ELEMENT   5339    3259   3323   3324   3260      0      0      0      0


 ELEMENT   5340    3260   3324   3325   3261      0      0      0      0


 ELEMENT   5341    3261   3325   3326   3262      0      0      0      0


 ELEMENT   5342    3262   3326   3327   3263      0      0      0      0


 ELEMENT   5343    3263   3327   3328   3264      0      0      0      0


 ELEMENT   5344    3264   3328   3329   3265      0      0      0      0


 ELEMENT   5345    3265   3329   3330   3266      0      0      0      0


 ELEMENT   5346    3266   3330   3331   3267      0      0      0      0


 ELEMENT   5347    3267   3331   3332   3268      0      0      0      0


 ELEMENT   5348    3268   3332   3333   3269      0      0      0      0


 ELEMENT   5349    3269   3333   3334   3270      0      0      0      0


 ELEMENT   5350    3270   3334   3335   3271      0      0      0      0


 ELEMENT   5351    3271   3335   3336   3272      0      0      0      0


 ELEMENT   5352    3272   3336   3337   3273      0      0      0      0


 ELEMENT   5353    3273   3337   3338   3274      0      0      0      0


 ELEMENT   5354    3274   3338   3339   3275      0      0      0      0


 ELEMENT   5355    3275   3339   3340   3276      0      0      0      0


 ELEMENT   5356    3276   3340   3341   3277      0      0      0      0


 ELEMENT   5357    3277   3341   3342   3278      0      0      0      0


 ELEMENT   5358    3278   3342   3343   3279      0      0      0      0


 ELEMENT   5359    3279   3343   3344   3280      0      0      0      0


 ELEMENT   5360    3280   3344   3345   3281      0      0      0      0


 ELEMENT   5361    3281   3345   3346   3282      0      0      0      0


 ELEMENT   5362    3282   3346   3347   3283      0      0      0      0


 ELEMENT   5363    3283   3347   3348   3284      0      0      0      0


 ELEMENT   5364    3284   3348   3349   3285      0      0      0      0


 ELEMENT   5365    3285   3349   3350   3286      0      0      0      0


 ELEMENT   5366    3286   3350   3351   3287      0      0      0      0


 ELEMENT   5367    3287   3351   3352   3288      0      0      0      0


 ELEMENT   5368    3288   3352   3353   3289      0      0      0      0


 ELEMENT   5369    3289   3353   3354   3290      0      0      0      0


 ELEMENT   5370    3290   3354   3355   3291      0      0      0      0


 ELEMENT   5371    3291   3355   3356   3292      0      0      0      0


 ELEMENT   5372    3292   3356   3357   3293      0      0      0      0


 ELEMENT   5373    3293   3357   3358   3294      0      0      0      0


 ELEMENT   5374    3294   3358   3359   3295      0      0      0      0


 ELEMENT   5375    3295   3359   3360   3296      0      0      0      0


 ELEMENT   5376    3296   3360   3361   3297      0      0      0      0


 ELEMENT   5377    3297   3361   3362   3298      0      0      0      0


 ELEMENT   5378    3298   3362   3363   3299      0      0      0      0


 ELEMENT   5379    3299   3363   3364   3300      0      0      0      0


 ELEMENT   5380    3300   3364   3365   3301      0      0      0      0


 ELEMENT   5381    3301   3365   3366   3302      0      0      0      0


 ELEMENT   5382    3302   3366   3367   3303      0      0      0      0


 ELEMENT   5383    3303   3367   3368   3304      0      0      0      0


 ELEMENT   5384    3304   3368   3369   3305      0      0      0      0


 ELEMENT   5385    3305   3369   3370   3306      0      0      0      0


 ELEMENT   5386    3306   3370   3371   3307      0      0      0      0


 ELEMENT   5387    3307   3371   3372   3308      0      0      0      0


 ELEMENT   5388    3308   3372   3373   3309      0      0      0      0


 ELEMENT   5389    3309   3373   3374   3310      0      0      0      0


 ELEMENT   5390    3310   3374   3375   3311      0      0      0      0


 ELEMENT   5391    3311   3375   3376   3312      0      0      0      0


 ELEMENT   5392    3312   3376   3377   3313      0      0      0      0


 ELEMENT   5393    3313   3377   3378   3314      0      0      0      0


 ELEMENT   5394    3314   3378   3315   3251      0      0      0      0


 SPECIFIED CONSTRAINT UX   FOR SELECTED NODES         3379 TO        3379 BY           1
 REAL=  0.00000000       IMAG=  0.00000000    
 ADDITIONAL DOFS=  UY    UZ    ROTX  ROTY  ROTZ

 REAL CONSTANT SET          3  ITEMS   1 TO   6
    0.0000       0.0000      0.10000      0.10000E-01   0.0000      0.20000    

 REAL CONSTANT NUMBER=        3

 MATERIAL NUMBER SET TO         2

 ELEMENT TYPE SET TO         3

 ELEMENT   5395    1242   1306   1305   1241      0      0      0      0


 ELEMENT   5396    1243   1307   1306   1242      0      0      0      0


 ELEMENT   5397    1244   1308   1307   1243      0      0      0      0


 ELEMENT   5398    1245   1309   1308   1244      0      0      0      0


 ELEMENT   5399    1246   1310   1309   1245      0      0      0      0


 ELEMENT   5400    1247   1311   1310   1246      0      0      0      0


 ELEMENT   5401    1248   1312   1311   1247      0      0      0      0


 ELEMENT   5402    1249   1313   1312   1248      0      0      0      0


 ELEMENT   5403    1250   1314   1313   1249      0      0      0      0


 ELEMENT   5404    1251   1315   1314   1250      0      0      0      0


 ELEMENT   5405    1252   1316   1315   1251      0      0      0      0


 ELEMENT   5406    1253   1317   1316   1252      0      0      0      0


 ELEMENT   5407    1254   1318   1317   1253      0      0      0      0


 ELEMENT   5408    1255   1319   1318   1254      0      0      0      0


 ELEMENT   5409    1256   1320   1319   1255      0      0      0      0


 ELEMENT   5410    1257   1321   1320   1256      0      0      0      0


 ELEMENT   5411    1258   1322   1321   1257      0      0      0      0


 ELEMENT   5412    1259   1323   1322   1258      0      0      0      0


 ELEMENT   5413    1260   1324   1323   1259      0      0      0      0


 ELEMENT   5414    1261   1325   1324   1260      0      0      0      0


 ELEMENT   5415    1262   1326   1325   1261      0      0      0      0


 ELEMENT   5416    1263   1327   1326   1262      0      0      0      0


 ELEMENT   5417    1264   1328   1327   1263      0      0      0      0


 ELEMENT   5418    1265   1329   1328   1264      0      0      0      0


 ELEMENT   5419    1266   1330   1329   1265      0      0      0      0


 ELEMENT   5420    1267   1331   1330   1266      0      0      0      0


 ELEMENT   5421    1268   1332   1331   1267      0      0      0      0


 ELEMENT   5422    1269   1333   1332   1268      0      0      0      0


 ELEMENT   5423    1270   1334   1333   1269      0      0      0      0


 ELEMENT   5424    1271   1335   1334   1270      0      0      0      0


 ELEMENT   5425    1272   1336   1335   1271      0      0      0      0


 ELEMENT   5426    1273   1337   1336   1272      0      0      0      0


 ELEMENT   5427    1274   1338   1337   1273      0      0      0      0


 ELEMENT   5428    1275   1339   1338   1274      0      0      0      0


 ELEMENT   5429    1276   1340   1339   1275      0      0      0      0


 ELEMENT   5430    1277   1341   1340   1276      0      0      0      0


 ELEMENT   5431    1278   1342   1341   1277      0      0      0      0


 ELEMENT   5432    1279   1343   1342   1278      0      0      0      0


 ELEMENT   5433    1280   1344   1343   1279      0      0      0      0


 ELEMENT   5434    1281   1345   1344   1280      0      0      0      0


 ELEMENT   5435    1282   1346   1345   1281      0      0      0      0


 ELEMENT   5436    1283   1347   1346   1282      0      0      0      0


 ELEMENT   5437    1284   1348   1347   1283      0      0      0      0


 ELEMENT   5438    1285   1349   1348   1284      0      0      0      0


 ELEMENT   5439    1286   1350   1349   1285      0      0      0      0


 ELEMENT   5440    1287   1351   1350   1286      0      0      0      0


 ELEMENT   5441    1288   1352   1351   1287      0      0      0      0


 ELEMENT   5442    1289   1353   1352   1288      0      0      0      0


 ELEMENT   5443    1290   1354   1353   1289      0      0      0      0


 ELEMENT   5444    1291   1355   1354   1290      0      0      0      0


 ELEMENT   5445    1292   1356   1355   1291      0      0      0      0


 ELEMENT   5446    1293   1357   1356   1292      0      0      0      0


 ELEMENT   5447    1294   1358   1357   1293      0      0      0      0


 ELEMENT   5448    1295   1359   1358   1294      0      0      0      0


 ELEMENT   5449    1296   1360   1359   1295      0      0      0      0


 ELEMENT   5450    1297   1361   1360   1296      0      0      0      0


 ELEMENT   5451    1298   1362   1361   1297      0      0      0      0


 ELEMENT   5452    1299   1363   1362   1298      0      0      0      0


 ELEMENT   5453    1300   1364   1363   1299      0      0      0      0


 ELEMENT   5454    1301   1365   1364   1300      0      0      0      0


 ELEMENT   5455    1302   1366   1365   1301      0      0      0      0


 ELEMENT   5456    1303   1367   1366   1302      0      0      0      0


 ELEMENT   5457    1304   1368   1367   1303      0      0      0      0


 ELEMENT   5458    1241   1305   1368   1304      0      0      0      0


 ELEMENT   5459    1306   1370   1369   1305      0      0      0      0


 ELEMENT   5460    1307   1371   1370   1306      0      0      0      0


 ELEMENT   5461    1308   1372   1371   1307      0      0      0      0


 ELEMENT   5462    1309   1373   1372   1308      0      0      0      0


 ELEMENT   5463    1310   1374   1373   1309      0      0      0      0


 ELEMENT   5464    1311   1375   1374   1310      0      0      0      0


 ELEMENT   5465    1312   1376   1375   1311      0      0      0      0


 ELEMENT   5466    1313   1377   1376   1312      0      0      0      0


 ELEMENT   5467    1314   1378   1377   1313      0      0      0      0


 ELEMENT   5468    1315   1379   1378   1314      0      0      0      0


 ELEMENT   5469    1316   1380   1379   1315      0      0      0      0


 ELEMENT   5470    1317   1381   1380   1316      0      0      0      0


 ELEMENT   5471    1318   1382   1381   1317      0      0      0      0


 ELEMENT   5472    1319   1383   1382   1318      0      0      0      0


 ELEMENT   5473    1320   1384   1383   1319      0      0      0      0


 ELEMENT   5474    1321   1385   1384   1320      0      0      0      0


 ELEMENT   5475    1322   1386   1385   1321      0      0      0      0


 ELEMENT   5476    1323   1387   1386   1322      0      0      0      0


 ELEMENT   5477    1324   1388   1387   1323      0      0      0      0


 ELEMENT   5478    1325   1389   1388   1324      0      0      0      0


 ELEMENT   5479    1326   1390   1389   1325      0      0      0      0


 ELEMENT   5480    1327   1391   1390   1326      0      0      0      0


 ELEMENT   5481    1328   1392   1391   1327      0      0      0      0


 ELEMENT   5482    1329   1393   1392   1328      0      0      0      0


 ELEMENT   5483    1330   1394   1393   1329      0      0      0      0


 ELEMENT   5484    1331   1395   1394   1330      0      0      0      0


 ELEMENT   5485    1332   1396   1395   1331      0      0      0      0


 ELEMENT   5486    1333   1397   1396   1332      0      0      0      0


 ELEMENT   5487    1334   1398   1397   1333      0      0      0      0


 ELEMENT   5488    1335   1399   1398   1334      0      0      0      0


 ELEMENT   5489    1336   1400   1399   1335      0      0      0      0


 ELEMENT   5490    1337   1401   1400   1336      0      0      0      0


 ELEMENT   5491    1338   1402   1401   1337      0      0      0      0


 ELEMENT   5492    1339   1403   1402   1338      0      0      0      0


 ELEMENT   5493    1340   1404   1403   1339      0      0      0      0


 ELEMENT   5494    1341   1405   1404   1340      0      0      0      0


 ELEMENT   5495    1342   1406   1405   1341      0      0      0      0


 ELEMENT   5496    1343   1407   1406   1342      0      0      0      0


 ELEMENT   5497    1344   1408   1407   1343      0      0      0      0


 ELEMENT   5498    1345   1409   1408   1344      0      0      0      0


 ELEMENT   5499    1346   1410   1409   1345      0      0      0      0


 ELEMENT   5500    1347   1411   1410   1346      0      0      0      0


 ELEMENT   5501    1348   1412   1411   1347      0      0      0      0


 ELEMENT   5502    1349   1413   1412   1348      0      0      0      0


 ELEMENT   5503    1350   1414   1413   1349      0      0      0      0


 ELEMENT   5504    1351   1415   1414   1350      0      0      0      0


 ELEMENT   5505    1352   1416   1415   1351      0      0      0      0


 ELEMENT   5506    1353   1417   1416   1352      0      0      0      0


 ELEMENT   5507    1354   1418   1417   1353      0      0      0      0


 ELEMENT   5508    1355   1419   1418   1354      0      0      0      0


 ELEMENT   5509    1356   1420   1419   1355      0      0      0      0


 ELEMENT   5510    1357   1421   1420   1356      0      0      0      0


 ELEMENT   5511    1358   1422   1421   1357      0      0      0      0


 ELEMENT   5512    1359   1423   1422   1358      0      0      0      0


 ELEMENT   5513    1360   1424   1423   1359      0      0      0      0


 ELEMENT   5514    1361   1425   1424   1360      0      0      0      0


 ELEMENT   5515    1362   1426   1425   1361      0      0      0      0


 ELEMENT   5516    1363   1427   1426   1362      0      0      0      0


 ELEMENT   5517    1364   1428   1427   1363      0      0      0      0


 ELEMENT   5518    1365   1429   1428   1364      0      0      0      0


 ELEMENT   5519    1366   1430   1429   1365      0      0      0      0


 ELEMENT   5520    1367   1431   1430   1366      0      0      0      0


 ELEMENT   5521    1368   1432   1431   1367      0      0      0      0


 ELEMENT   5522    1305   1369   1432   1368      0      0      0      0


 ELEMENT   5523    1370   1434   1433   1369      0      0      0      0


 ELEMENT   5524    1371   1435   1434   1370      0      0      0      0


 ELEMENT   5525    1372   1436   1435   1371      0      0      0      0


 ELEMENT   5526    1373   1437   1436   1372      0      0      0      0


 ELEMENT   5527    1374   1438   1437   1373      0      0      0      0


 ELEMENT   5528    1375   1439   1438   1374      0      0      0      0


 ELEMENT   5529    1376   1440   1439   1375      0      0      0      0


 ELEMENT   5530    1377   1441   1440   1376      0      0      0      0


 ELEMENT   5531    1378   1442   1441   1377      0      0      0      0


 ELEMENT   5532    1379   1443   1442   1378      0      0      0      0


 ELEMENT   5533    1380   1444   1443   1379      0      0      0      0


 ELEMENT   5534    1381   1445   1444   1380      0      0      0      0


 ELEMENT   5535    1382   1446   1445   1381      0      0      0      0


 ELEMENT   5536    1383   1447   1446   1382      0      0      0      0


 ELEMENT   5537    1384   1448   1447   1383      0      0      0      0


 ELEMENT   5538    1385   1449   1448   1384      0      0      0      0


 ELEMENT   5539    1386   1450   1449   1385      0      0      0      0


 ELEMENT   5540    1387   1451   1450   1386      0      0      0      0


 ELEMENT   5541    1388   1452   1451   1387      0      0      0      0


 ELEMENT   5542    1389   1453   1452   1388      0      0      0      0


 ELEMENT   5543    1390   1454   1453   1389      0      0      0      0


 ELEMENT   5544    1391   1455   1454   1390      0      0      0      0


 ELEMENT   5545    1392   1456   1455   1391      0      0      0      0


 ELEMENT   5546    1393   1457   1456   1392      0      0      0      0


 ELEMENT   5547    1394   1458   1457   1393      0      0      0      0


 ELEMENT   5548    1395   1459   1458   1394      0      0      0      0


 ELEMENT   5549    1396   1460   1459   1395      0      0      0      0


 ELEMENT   5550    1397   1461   1460   1396      0      0      0      0


 ELEMENT   5551    1398   1462   1461   1397      0      0      0      0


 ELEMENT   5552    1399   1463   1462   1398      0      0      0      0


 ELEMENT   5553    1400   1464   1463   1399      0      0      0      0


 ELEMENT   5554    1401   1465   1464   1400      0      0      0      0


 ELEMENT   5555    1402   1466   1465   1401      0      0      0      0


 ELEMENT   5556    1403   1467   1466   1402      0      0      0      0


 ELEMENT   5557    1404   1468   1467   1403      0      0      0      0


 ELEMENT   5558    1405   1469   1468   1404      0      0      0      0


 ELEMENT   5559    1406   1470   1469   1405      0      0      0      0


 ELEMENT   5560    1407   1471   1470   1406      0      0      0      0


 ELEMENT   5561    1408   1472   1471   1407      0      0      0      0


 ELEMENT   5562    1409   1473   1472   1408      0      0      0      0


 ELEMENT   5563    1410   1474   1473   1409      0      0      0      0


 ELEMENT   5564    1411   1475   1474   1410      0      0      0      0


 ELEMENT   5565    1412   1476   1475   1411      0      0      0      0


 ELEMENT   5566    1413   1477   1476   1412      0      0      0      0


 ELEMENT   5567    1414   1478   1477   1413      0      0      0      0


 ELEMENT   5568    1415   1479   1478   1414      0      0      0      0


 ELEMENT   5569    1416   1480   1479   1415      0      0      0      0


 ELEMENT   5570    1417   1481   1480   1416      0      0      0      0


 ELEMENT   5571    1418   1482   1481   1417      0      0      0      0


 ELEMENT   5572    1419   1483   1482   1418      0      0      0      0


 ELEMENT   5573    1420   1484   1483   1419      0      0      0      0


 ELEMENT   5574    1421   1485   1484   1420      0      0      0      0


 ELEMENT   5575    1422   1486   1485   1421      0      0      0      0


 ELEMENT   5576    1423   1487   1486   1422      0      0      0      0


 ELEMENT   5577    1424   1488   1487   1423      0      0      0      0


 ELEMENT   5578    1425   1489   1488   1424      0      0      0      0


 ELEMENT   5579    1426   1490   1489   1425      0      0      0      0


 ELEMENT   5580    1427   1491   1490   1426      0      0      0      0


 ELEMENT   5581    1428   1492   1491   1427      0      0      0      0


 ELEMENT   5582    1429   1493   1492   1428      0      0      0      0


 ELEMENT   5583    1430   1494   1493   1429      0      0      0      0


 ELEMENT   5584    1431   1495   1494   1430      0      0      0      0


 ELEMENT   5585    1432   1496   1495   1431      0      0      0      0


 ELEMENT   5586    1369   1433   1496   1432      0      0      0      0


 ELEMENT   5587    1434   1498   1497   1433      0      0      0      0


 ELEMENT   5588    1435   1499   1498   1434      0      0      0      0


 ELEMENT   5589    1436   1500   1499   1435      0      0      0      0


 ELEMENT   5590    1437   1501   1500   1436      0      0      0      0


 ELEMENT   5591    1438   1502   1501   1437      0      0      0      0


 ELEMENT   5592    1439   1503   1502   1438      0      0      0      0


 ELEMENT   5593    1440   1504   1503   1439      0      0      0      0


 ELEMENT   5594    1441   1505   1504   1440      0      0      0      0


 ELEMENT   5595    1442   1506   1505   1441      0      0      0      0


 ELEMENT   5596    1443   1507   1506   1442      0      0      0      0


 ELEMENT   5597    1444   1508   1507   1443      0      0      0      0


 ELEMENT   5598    1445   1509   1508   1444      0      0      0      0


 ELEMENT   5599    1446   1510   1509   1445      0      0      0      0


 ELEMENT   5600    1447   1511   1510   1446      0      0      0      0


 ELEMENT   5601    1448   1512   1511   1447      0      0      0      0


 ELEMENT   5602    1449   1513   1512   1448      0      0      0      0


 ELEMENT   5603    1450   1514   1513   1449      0      0      0      0


 ELEMENT   5604    1451   1515   1514   1450      0      0      0      0


 ELEMENT   5605    1452   1516   1515   1451      0      0      0      0


 ELEMENT   5606    1453   1517   1516   1452      0      0      0      0


 ELEMENT   5607    1454   1518   1517   1453      0      0      0      0


 ELEMENT   5608    1455   1519   1518   1454      0      0      0      0


 ELEMENT   5609    1456   1520   1519   1455      0      0      0      0


 ELEMENT   5610    1457   1521   1520   1456      0      0      0      0


 ELEMENT   5611    1458   1522   1521   1457      0      0      0      0


 ELEMENT   5612    1459   1523   1522   1458      0      0      0      0


 ELEMENT   5613    1460   1524   1523   1459      0      0      0      0


 ELEMENT   5614    1461   1525   1524   1460      0      0      0      0


 ELEMENT   5615    1462   1526   1525   1461      0      0      0      0


 ELEMENT   5616    1463   1527   1526   1462      0      0      0      0


 ELEMENT   5617    1464   1528   1527   1463      0      0      0      0


 ELEMENT   5618    1465   1529   1528   1464      0      0      0      0


 ELEMENT   5619    1466   1530   1529   1465      0      0      0      0


 ELEMENT   5620    1467   1531   1530   1466      0      0      0      0


 ELEMENT   5621    1468   1532   1531   1467      0      0      0      0


 ELEMENT   5622    1469   1533   1532   1468      0      0      0      0


 ELEMENT   5623    1470   1534   1533   1469      0      0      0      0


 ELEMENT   5624    1471   1535   1534   1470      0      0      0      0


 ELEMENT   5625    1472   1536   1535   1471      0      0      0      0


 ELEMENT   5626    1473   1537   1536   1472      0      0      0      0


 ELEMENT   5627    1474   1538   1537   1473      0      0      0      0


 ELEMENT   5628    1475   1539   1538   1474      0      0      0      0


 ELEMENT   5629    1476   1540   1539   1475      0      0      0      0


 ELEMENT   5630    1477   1541   1540   1476      0      0      0      0


 ELEMENT   5631    1478   1542   1541   1477      0      0      0      0


 ELEMENT   5632    1479   1543   1542   1478      0      0      0      0


 ELEMENT   5633    1480   1544   1543   1479      0      0      0      0


 ELEMENT   5634    1481   1545   1544   1480      0      0      0      0


 ELEMENT   5635    1482   1546   1545   1481      0      0      0      0


 ELEMENT   5636    1483   1547   1546   1482      0      0      0      0


 ELEMENT   5637    1484   1548   1547   1483      0      0      0      0


 ELEMENT   5638    1485   1549   1548   1484      0      0      0      0


 ELEMENT   5639    1486   1550   1549   1485      0      0      0      0


 ELEMENT   5640    1487   1551   1550   1486      0      0      0      0


 ELEMENT   5641    1488   1552   1551   1487      0      0      0      0


 ELEMENT   5642    1489   1553   1552   1488      0      0      0      0


 ELEMENT   5643    1490   1554   1553   1489      0      0      0      0


 ELEMENT   5644    1491   1555   1554   1490      0      0      0      0


 ELEMENT   5645    1492   1556   1555   1491      0      0      0      0


 ELEMENT   5646    1493   1557   1556   1492      0      0      0      0


 ELEMENT   5647    1494   1558   1557   1493      0      0      0      0


 ELEMENT   5648    1495   1559   1558   1494      0      0      0      0


 ELEMENT   5649    1496   1560   1559   1495      0      0      0      0


 ELEMENT   5650    1433   1497   1560   1496      0      0      0      0


 ELEMENT   5651    1498   1562   1561   1497      0      0      0      0


 ELEMENT   5652    1499   1563   1562   1498      0      0      0      0


 ELEMENT   5653    1500   1564   1563   1499      0      0      0      0


 ELEMENT   5654    1501   1565   1564   1500      0      0      0      0


 ELEMENT   5655    1502   1566   1565   1501      0      0      0      0


 ELEMENT   5656    1503   1567   1566   1502      0      0      0      0


 ELEMENT   5657    1504   1568   1567   1503      0      0      0      0


 ELEMENT   5658    1505   1569   1568   1504      0      0      0      0


 ELEMENT   5659    1506   1570   1569   1505      0      0      0      0


 ELEMENT   5660    1507   1571   1570   1506      0      0      0      0


 ELEMENT   5661    1508   1572   1571   1507      0      0      0      0


 ELEMENT   5662    1509   1573   1572   1508      0      0      0      0


 ELEMENT   5663    1510   1574   1573   1509      0      0      0      0


 ELEMENT   5664    1511   1575   1574   1510      0      0      0      0


 ELEMENT   5665    1512   1576   1575   1511      0      0      0      0


 ELEMENT   5666    1513   1577   1576   1512      0      0      0      0


 ELEMENT   5667    1514   1578   1577   1513      0      0      0      0


 ELEMENT   5668    1515   1579   1578   1514      0      0      0      0


 ELEMENT   5669    1516   1580   1579   1515      0      0      0      0


 ELEMENT   5670    1517   1581   1580   1516      0      0      0      0


 ELEMENT   5671    1518   1582   1581   1517      0      0      0      0


 ELEMENT   5672    1519   1583   1582   1518      0      0      0      0


 ELEMENT   5673    1520   1584   1583   1519      0      0      0      0


 ELEMENT   5674    1521   1585   1584   1520      0      0      0      0


 ELEMENT   5675    1522   1586   1585   1521      0      0      0      0


 ELEMENT   5676    1523   1587   1586   1522      0      0      0      0


 ELEMENT   5677    1524   1588   1587   1523      0      0      0      0


 ELEMENT   5678    1525   1589   1588   1524      0      0      0      0


 ELEMENT   5679    1526   1590   1589   1525      0      0      0      0


 ELEMENT   5680    1527   1591   1590   1526      0      0      0      0


 ELEMENT   5681    1528   1592   1591   1527      0      0      0      0


 ELEMENT   5682    1529   1593   1592   1528      0      0      0      0


 ELEMENT   5683    1530   1594   1593   1529      0      0      0      0


 ELEMENT   5684    1531   1595   1594   1530      0      0      0      0


 ELEMENT   5685    1532   1596   1595   1531      0      0      0      0


 ELEMENT   5686    1533   1597   1596   1532      0      0      0      0


 ELEMENT   5687    1534   1598   1597   1533      0      0      0      0


 ELEMENT   5688    1535   1599   1598   1534      0      0      0      0


 ELEMENT   5689    1536   1600   1599   1535      0      0      0      0


 ELEMENT   5690    1537   1601   1600   1536      0      0      0      0


 ELEMENT   5691    1538   1602   1601   1537      0      0      0      0


 ELEMENT   5692    1539   1603   1602   1538      0      0      0      0


 ELEMENT   5693    1540   1604   1603   1539      0      0      0      0


 ELEMENT   5694    1541   1605   1604   1540      0      0      0      0


 ELEMENT   5695    1542   1606   1605   1541      0      0      0      0


 ELEMENT   5696    1543   1607   1606   1542      0      0      0      0


 ELEMENT   5697    1544   1608   1607   1543      0      0      0      0


 ELEMENT   5698    1545   1609   1608   1544      0      0      0      0


 ELEMENT   5699    1546   1610   1609   1545      0      0      0      0


 ELEMENT   5700    1547   1611   1610   1546      0      0      0      0


 ELEMENT   5701    1548   1612   1611   1547      0      0      0      0


 ELEMENT   5702    1549   1613   1612   1548      0      0      0      0


 ELEMENT   5703    1550   1614   1613   1549      0      0      0      0


 ELEMENT   5704    1551   1615   1614   1550      0      0      0      0


 ELEMENT   5705    1552   1616   1615   1551      0      0      0      0


 ELEMENT   5706    1553   1617   1616   1552      0      0      0      0


 ELEMENT   5707    1554   1618   1617   1553      0      0      0      0


 ELEMENT   5708    1555   1619   1618   1554      0      0      0      0


 ELEMENT   5709    1556   1620   1619   1555      0      0      0      0


 ELEMENT   5710    1557   1621   1620   1556      0      0      0      0


 ELEMENT   5711    1558   1622   1621   1557      0      0      0      0


 ELEMENT   5712    1559   1623   1622   1558      0      0      0      0


 ELEMENT   5713    1560   1624   1623   1559      0      0      0      0


 ELEMENT   5714    1497   1561   1624   1560      0      0      0      0


 ELEMENT   5715    1562   1626   1625   1561      0      0      0      0


 ELEMENT   5716    1563   1627   1626   1562      0      0      0      0


 ELEMENT   5717    1564   1628   1627   1563      0      0      0      0


 ELEMENT   5718    1565   1629   1628   1564      0      0      0      0


 ELEMENT   5719    1566   1630   1629   1565      0      0      0      0


 ELEMENT   5720    1567   1631   1630   1566      0      0      0      0


 ELEMENT   5721    1568   1632   1631   1567      0      0      0      0


 ELEMENT   5722    1569   1633   1632   1568      0      0      0      0


 ELEMENT   5723    1570   1634   1633   1569      0      0      0      0


 ELEMENT   5724    1571   1635   1634   1570      0      0      0      0


 ELEMENT   5725    1572   1636   1635   1571      0      0      0      0


 ELEMENT   5726    1573   1637   1636   1572      0      0      0      0


 ELEMENT   5727    1574   1638   1637   1573      0      0      0      0


 ELEMENT   5728    1575   1639   1638   1574      0      0      0      0


 ELEMENT   5729    1576   1640   1639   1575      0      0      0      0


 ELEMENT   5730    1577   1641   1640   1576      0      0      0      0


 ELEMENT   5731    1578   1642   1641   1577      0      0      0      0


 ELEMENT   5732    1579   1643   1642   1578      0      0      0      0


 ELEMENT   5733    1580   1644   1643   1579      0      0      0      0


 ELEMENT   5734    1581   1645   1644   1580      0      0      0      0


 ELEMENT   5735    1582   1646   1645   1581      0      0      0      0


 ELEMENT   5736    1583   1647   1646   1582      0      0      0      0


 ELEMENT   5737    1584   1648   1647   1583      0      0      0      0


 ELEMENT   5738    1585   1649   1648   1584      0      0      0      0


 ELEMENT   5739    1586   1650   1649   1585      0      0      0      0


 ELEMENT   5740    1587   1651   1650   1586      0      0      0      0


 ELEMENT   5741    1588   1652   1651   1587      0      0      0      0


 ELEMENT   5742    1589   1653   1652   1588      0      0      0      0


 ELEMENT   5743    1590   1654   1653   1589      0      0      0      0


 ELEMENT   5744    1591   1655   1654   1590      0      0      0      0


 ELEMENT   5745    1592   1656   1655   1591      0      0      0      0


 ELEMENT   5746    1593   1657   1656   1592      0      0      0      0


 ELEMENT   5747    1594   1658   1657   1593      0      0      0      0


 ELEMENT   5748    1595   1659   1658   1594      0      0      0      0


 ELEMENT   5749    1596   1660   1659   1595      0      0      0      0


 ELEMENT   5750    1597   1661   1660   1596      0      0      0      0


 ELEMENT   5751    1598   1662   1661   1597      0      0      0      0


 ELEMENT   5752    1599   1663   1662   1598      0      0      0      0


 ELEMENT   5753    1600   1664   1663   1599      0      0      0      0


 ELEMENT   5754    1601   1665   1664   1600      0      0      0      0


 ELEMENT   5755    1602   1666   1665   1601      0      0      0      0


 ELEMENT   5756    1603   1667   1666   1602      0      0      0      0


 ELEMENT   5757    1604   1668   1667   1603      0      0      0      0


 ELEMENT   5758    1605   1669   1668   1604      0      0      0      0


 ELEMENT   5759    1606   1670   1669   1605      0      0      0      0


 ELEMENT   5760    1607   1671   1670   1606      0      0      0      0


 ELEMENT   5761    1608   1672   1671   1607      0      0      0      0


 ELEMENT   5762    1609   1673   1672   1608      0      0      0      0


 ELEMENT   5763    1610   1674   1673   1609      0      0      0      0


 ELEMENT   5764    1611   1675   1674   1610      0      0      0      0


 ELEMENT   5765    1612   1676   1675   1611      0      0      0      0


 ELEMENT   5766    1613   1677   1676   1612      0      0      0      0


 ELEMENT   5767    1614   1678   1677   1613      0      0      0      0


 ELEMENT   5768    1615   1679   1678   1614      0      0      0      0


 ELEMENT   5769    1616   1680   1679   1615      0      0      0      0


 ELEMENT   5770    1617   1681   1680   1616      0      0      0      0


 ELEMENT   5771    1618   1682   1681   1617      0      0      0      0


 ELEMENT   5772    1619   1683   1682   1618      0      0      0      0


 ELEMENT   5773    1620   1684   1683   1619      0      0      0      0


 ELEMENT   5774    1621   1685   1684   1620      0      0      0      0


 ELEMENT   5775    1622   1686   1685   1621      0      0      0      0


 ELEMENT   5776    1623   1687   1686   1622      0      0      0      0


 ELEMENT   5777    1624   1688   1687   1623      0      0      0      0


 ELEMENT   5778    1561   1625   1688   1624      0      0      0      0


 ELEMENT   5779    1626   1690   1689   1625      0      0      0      0


 ELEMENT   5780    1627   1691   1690   1626      0      0      0      0


 ELEMENT   5781    1628   1692   1691   1627      0      0      0      0


 ELEMENT   5782    1629   1693   1692   1628      0      0      0      0


 ELEMENT   5783    1630   1694   1693   1629      0      0      0      0


 ELEMENT   5784    1631   1695   1694   1630      0      0      0      0


 ELEMENT   5785    1632   1696   1695   1631      0      0      0      0


 ELEMENT   5786    1633   1697   1696   1632      0      0      0      0


 ELEMENT   5787    1634   1698   1697   1633      0      0      0      0


 ELEMENT   5788    1635   1699   1698   1634      0      0      0      0


 ELEMENT   5789    1636   1700   1699   1635      0      0      0      0


 ELEMENT   5790    1637   1701   1700   1636      0      0      0      0


 ELEMENT   5791    1638   1702   1701   1637      0      0      0      0


 ELEMENT   5792    1639   1703   1702   1638      0      0      0      0


 ELEMENT   5793    1640   1704   1703   1639      0      0      0      0


 ELEMENT   5794    1641   1705   1704   1640      0      0      0      0


 ELEMENT   5795    1642   1706   1705   1641      0      0      0      0


 ELEMENT   5796    1643   1707   1706   1642      0      0      0      0


 ELEMENT   5797    1644   1708   1707   1643      0      0      0      0


 ELEMENT   5798    1645   1709   1708   1644      0      0      0      0


 ELEMENT   5799    1646   1710   1709   1645      0      0      0      0


 ELEMENT   5800    1647   1711   1710   1646      0      0      0      0


 ELEMENT   5801    1648   1712   1711   1647      0      0      0      0


 ELEMENT   5802    1649   1713   1712   1648      0      0      0      0


 ELEMENT   5803    1650   1714   1713   1649      0      0      0      0


 ELEMENT   5804    1651   1715   1714   1650      0      0      0      0


 ELEMENT   5805    1652   1716   1715   1651      0      0      0      0


 ELEMENT   5806    1653   1717   1716   1652      0      0      0      0


 ELEMENT   5807    1654   1718   1717   1653      0      0      0      0


 ELEMENT   5808    1655   1719   1718   1654      0      0      0      0


 ELEMENT   5809    1656   1720   1719   1655      0      0      0      0


 ELEMENT   5810    1657   1721   1720   1656      0      0      0      0


 ELEMENT   5811    1658   1722   1721   1657      0      0      0      0


 ELEMENT   5812    1659   1723   1722   1658      0      0      0      0


 ELEMENT   5813    1660   1724   1723   1659      0      0      0      0


 ELEMENT   5814    1661   1725   1724   1660      0      0      0      0


 ELEMENT   5815    1662   1726   1725   1661      0      0      0      0


 ELEMENT   5816    1663   1727   1726   1662      0      0      0      0


 ELEMENT   5817    1664   1728   1727   1663      0      0      0      0


 ELEMENT   5818    1665   1729   1728   1664      0      0      0      0


 ELEMENT   5819    1666   1730   1729   1665      0      0      0      0


 ELEMENT   5820    1667   1731   1730   1666      0      0      0      0


 ELEMENT   5821    1668   1732   1731   1667      0      0      0      0


 ELEMENT   5822    1669   1733   1732   1668      0      0      0      0


 ELEMENT   5823    1670   1734   1733   1669      0      0      0      0


 ELEMENT   5824    1671   1735   1734   1670      0      0      0      0


 ELEMENT   5825    1672   1736   1735   1671      0      0      0      0


 ELEMENT   5826    1673   1737   1736   1672      0      0      0      0


 ELEMENT   5827    1674   1738   1737   1673      0      0      0      0


 ELEMENT   5828    1675   1739   1738   1674      0      0      0      0


 ELEMENT   5829    1676   1740   1739   1675      0      0      0      0


 ELEMENT   5830    1677   1741   1740   1676      0      0      0      0


 ELEMENT   5831    1678   1742   1741   1677      0      0      0      0


 ELEMENT   5832    1679   1743   1742   1678      0      0      0      0


 ELEMENT   5833    1680   1744   1743   1679      0      0      0      0


 ELEMENT   5834    1681   1745   1744   1680      0      0      0      0


 ELEMENT   5835    1682   1746   1745   1681      0      0      0      0


 ELEMENT   5836    1683   1747   1746   1682      0      0      0      0


 ELEMENT   5837    1684   1748   1747   1683      0      0      0      0


 ELEMENT   5838    1685   1749   1748   1684      0      0      0      0


 ELEMENT   5839    1686   1750   1749   1685      0      0      0      0


 ELEMENT   5840    1687   1751   1750   1686      0      0      0      0


 ELEMENT   5841    1688   1752   1751   1687      0      0      0      0


 ELEMENT   5842    1625   1689   1752   1688      0      0      0      0


 ELEMENT   5843    1690   1754   1753   1689      0      0      0      0


 ELEMENT   5844    1691   1755   1754   1690      0      0      0      0


 ELEMENT   5845    1692   1756   1755   1691      0      0      0      0


 ELEMENT   5846    1693   1757   1756   1692      0      0      0      0


 ELEMENT   5847    1694   1758   1757   1693      0      0      0      0


 ELEMENT   5848    1695   1759   1758   1694      0      0      0      0


 ELEMENT   5849    1696   1760   1759   1695      0      0      0      0


 ELEMENT   5850    1697   1761   1760   1696      0      0      0      0


 ELEMENT   5851    1698   1762   1761   1697      0      0      0      0


 ELEMENT   5852    1699   1763   1762   1698      0      0      0      0


 ELEMENT   5853    1700   1764   1763   1699      0      0      0      0


 ELEMENT   5854    1701   1765   1764   1700      0      0      0      0


 ELEMENT   5855    1702   1766   1765   1701      0      0      0      0


 ELEMENT   5856    1703   1767   1766   1702      0      0      0      0


 ELEMENT   5857    1704   1768   1767   1703      0      0      0      0


 ELEMENT   5858    1705   1769   1768   1704      0      0      0      0


 ELEMENT   5859    1706   1770   1769   1705      0      0      0      0


 ELEMENT   5860    1707   1771   1770   1706      0      0      0      0


 ELEMENT   5861    1708   1772   1771   1707      0      0      0      0


 ELEMENT   5862    1709   1773   1772   1708      0      0      0      0


 ELEMENT   5863    1710   1774   1773   1709      0      0      0      0


 ELEMENT   5864    1711   1775   1774   1710      0      0      0      0


 ELEMENT   5865    1712   1776   1775   1711      0      0      0      0


 ELEMENT   5866    1713   1777   1776   1712      0      0      0      0


 ELEMENT   5867    1714   1778   1777   1713      0      0      0      0


 ELEMENT   5868    1715   1779   1778   1714      0      0      0      0


 ELEMENT   5869    1716   1780   1779   1715      0      0      0      0


 ELEMENT   5870    1717   1781   1780   1716      0      0      0      0


 ELEMENT   5871    1718   1782   1781   1717      0      0      0      0


 ELEMENT   5872    1719   1783   1782   1718      0      0      0      0


 ELEMENT   5873    1720   1784   1783   1719      0      0      0      0


 ELEMENT   5874    1721   1785   1784   1720      0      0      0      0


 ELEMENT   5875    1722   1786   1785   1721      0      0      0      0


 ELEMENT   5876    1723   1787   1786   1722      0      0      0      0


 ELEMENT   5877    1724   1788   1787   1723      0      0      0      0


 ELEMENT   5878    1725   1789   1788   1724      0      0      0      0


 ELEMENT   5879    1726   1790   1789   1725      0      0      0      0


 ELEMENT   5880    1727   1791   1790   1726      0      0      0      0


 ELEMENT   5881    1728   1792   1791   1727      0      0      0      0


 ELEMENT   5882    1729   1793   1792   1728      0      0      0      0


 ELEMENT   5883    1730   1794   1793   1729      0      0      0      0


 ELEMENT   5884    1731   1795   1794   1730      0      0      0      0


 ELEMENT   5885    1732   1796   1795   1731      0      0      0      0


 ELEMENT   5886    1733   1797   1796   1732      0      0      0      0


 ELEMENT   5887    1734   1798   1797   1733      0      0      0      0


 ELEMENT   5888    1735   1799   1798   1734      0      0      0      0


 ELEMENT   5889    1736   1800   1799   1735      0      0      0      0


 ELEMENT   5890    1737   1801   1800   1736      0      0      0      0


 ELEMENT   5891    1738   1802   1801   1737      0      0      0      0


 ELEMENT   5892    1739   1803   1802   1738      0      0      0      0


 ELEMENT   5893    1740   1804   1803   1739      0      0      0      0


 ELEMENT   5894    1741   1805   1804   1740      0      0      0      0


 ELEMENT   5895    1742   1806   1805   1741      0      0      0      0


 ELEMENT   5896    1743   1807   1806   1742      0      0      0      0


 ELEMENT   5897    1744   1808   1807   1743      0      0      0      0


 ELEMENT   5898    1745   1809   1808   1744      0      0      0      0


 ELEMENT   5899    1746   1810   1809   1745      0      0      0      0


 ELEMENT   5900    1747   1811   1810   1746      0      0      0      0


 ELEMENT   5901    1748   1812   1811   1747      0      0      0      0


 ELEMENT   5902    1749   1813   1812   1748      0      0      0      0


 ELEMENT   5903    1750   1814   1813   1749      0      0      0      0


 ELEMENT   5904    1751   1815   1814   1750      0      0      0      0


 ELEMENT   5905    1752   1816   1815   1751      0      0      0      0


 ELEMENT   5906    1689   1753   1816   1752      0      0      0      0


 ELEMENT   5907    1754   1818   1817   1753      0      0      0      0


 ELEMENT   5908    1755   1819   1818   1754      0      0      0      0


 ELEMENT   5909    1756   1820   1819   1755      0      0      0      0


 ELEMENT   5910    1757   1821   1820   1756      0      0      0      0


 ELEMENT   5911    1758   1822   1821   1757      0      0      0      0


 ELEMENT   5912    1759   1823   1822   1758      0      0      0      0


 ELEMENT   5913    1760   1824   1823   1759      0      0      0      0


 ELEMENT   5914    1761   1825   1824   1760      0      0      0      0


 ELEMENT   5915    1762   1826   1825   1761      0      0      0      0


 ELEMENT   5916    1763   1827   1826   1762      0      0      0      0


 ELEMENT   5917    1764   1828   1827   1763      0      0      0      0


 ELEMENT   5918    1765   1829   1828   1764      0      0      0      0


 ELEMENT   5919    1766   1830   1829   1765      0      0      0      0


 ELEMENT   5920    1767   1831   1830   1766      0      0      0      0


 ELEMENT   5921    1768   1832   1831   1767      0      0      0      0


 ELEMENT   5922    1769   1833   1832   1768      0      0      0      0


 ELEMENT   5923    1770   1834   1833   1769      0      0      0      0


 ELEMENT   5924    1771   1835   1834   1770      0      0      0      0


 ELEMENT   5925    1772   1836   1835   1771      0      0      0      0


 ELEMENT   5926    1773   1837   1836   1772      0      0      0      0


 ELEMENT   5927    1774   1838   1837   1773      0      0      0      0


 ELEMENT   5928    1775   1839   1838   1774      0      0      0      0


 ELEMENT   5929    1776   1840   1839   1775      0      0      0      0


 ELEMENT   5930    1777   1841   1840   1776      0      0      0      0


 ELEMENT   5931    1778   1842   1841   1777      0      0      0      0


 ELEMENT   5932    1779   1843   1842   1778      0      0      0      0


 ELEMENT   5933    1780   1844   1843   1779      0      0      0      0


 ELEMENT   5934    1781   1845   1844   1780      0      0      0      0


 ELEMENT   5935    1782   1846   1845   1781      0      0      0      0


 ELEMENT   5936    1783   1847   1846   1782      0      0      0      0


 ELEMENT   5937    1784   1848   1847   1783      0      0      0      0


 ELEMENT   5938    1785   1849   1848   1784      0      0      0      0


 ELEMENT   5939    1786   1850   1849   1785      0      0      0      0


 ELEMENT   5940    1787   1851   1850   1786      0      0      0      0


 ELEMENT   5941    1788   1852   1851   1787      0      0      0      0


 ELEMENT   5942    1789   1853   1852   1788      0      0      0      0


 ELEMENT   5943    1790   1854   1853   1789      0      0      0      0


 ELEMENT   5944    1791   1855   1854   1790      0      0      0      0


 ELEMENT   5945    1792   1856   1855   1791      0      0      0      0


 ELEMENT   5946    1793   1857   1856   1792      0      0      0      0


 ELEMENT   5947    1794   1858   1857   1793      0      0      0      0


 ELEMENT   5948    1795   1859   1858   1794      0      0      0      0


 ELEMENT   5949    1796   1860   1859   1795      0      0      0      0


 ELEMENT   5950    1797   1861   1860   1796      0      0      0      0


 ELEMENT   5951    1798   1862   1861   1797      0      0      0      0


 ELEMENT   5952    1799   1863   1862   1798      0      0      0      0


 ELEMENT   5953    1800   1864   1863   1799      0      0      0      0


 ELEMENT   5954    1801   1865   1864   1800      0      0      0      0


 ELEMENT   5955    1802   1866   1865   1801      0      0      0      0


 ELEMENT   5956    1803   1867   1866   1802      0      0      0      0


 ELEMENT   5957    1804   1868   1867   1803      0      0      0      0


 ELEMENT   5958    1805   1869   1868   1804      0      0      0      0


 ELEMENT   5959    1806   1870   1869   1805      0      0      0      0


 ELEMENT   5960    1807   1871   1870   1806      0      0      0      0


 ELEMENT   5961    1808   1872   1871   1807      0      0      0      0


 ELEMENT   5962    1809   1873   1872   1808      0      0      0      0


 ELEMENT   5963    1810   1874   1873   1809      0      0      0      0


 ELEMENT   5964    1811   1875   1874   1810      0      0      0      0


 ELEMENT   5965    1812   1876   1875   1811      0      0      0      0


 ELEMENT   5966    1813   1877   1876   1812      0      0      0      0


 ELEMENT   5967    1814   1878   1877   1813      0      0      0      0


 ELEMENT   5968    1815   1879   1878   1814      0      0      0      0


 ELEMENT   5969    1816   1880   1879   1815      0      0      0      0


 ELEMENT   5970    1753   1817   1880   1816      0      0      0      0


 ELEMENT   5971    1818   1882   1881   1817      0      0      0      0


 ELEMENT   5972    1819   1883   1882   1818      0      0      0      0


 ELEMENT   5973    1820   1884   1883   1819      0      0      0      0


 ELEMENT   5974    1821   1885   1884   1820      0      0      0      0


 ELEMENT   5975    1822   1886   1885   1821      0      0      0      0


 ELEMENT   5976    1823   1887   1886   1822      0      0      0      0


 ELEMENT   5977    1824   1888   1887   1823      0      0      0      0


 ELEMENT   5978    1825   1889   1888   1824      0      0      0      0


 ELEMENT   5979    1826   1890   1889   1825      0      0      0      0


 ELEMENT   5980    1827   1891   1890   1826      0      0      0      0


 ELEMENT   5981    1828   1892   1891   1827      0      0      0      0


 ELEMENT   5982    1829   1893   1892   1828      0      0      0      0


 ELEMENT   5983    1830   1894   1893   1829      0      0      0      0


 ELEMENT   5984    1831   1895   1894   1830      0      0      0      0


 ELEMENT   5985    1832   1896   1895   1831      0      0      0      0


 ELEMENT   5986    1833   1897   1896   1832      0      0      0      0


 ELEMENT   5987    1834   1898   1897   1833      0      0      0      0


 ELEMENT   5988    1835   1899   1898   1834      0      0      0      0


 ELEMENT   5989    1836   1900   1899   1835      0      0      0      0


 ELEMENT   5990    1837   1901   1900   1836      0      0      0      0


 ELEMENT   5991    1838   1902   1901   1837      0      0      0      0


 ELEMENT   5992    1839   1903   1902   1838      0      0      0      0


 ELEMENT   5993    1840   1904   1903   1839      0      0      0      0


 ELEMENT   5994    1841   1905   1904   1840      0      0      0      0


 ELEMENT   5995    1842   1906   1905   1841      0      0      0      0


 ELEMENT   5996    1843   1907   1906   1842      0      0      0      0


 ELEMENT   5997    1844   1908   1907   1843      0      0      0      0


 ELEMENT   5998    1845   1909   1908   1844      0      0      0      0


 ELEMENT   5999    1846   1910   1909   1845      0      0      0      0


 ELEMENT   6000    1847   1911   1910   1846      0      0      0      0


 ELEMENT   6001    1848   1912   1911   1847      0      0      0      0


 ELEMENT   6002    1849   1913   1912   1848      0      0      0      0


 ELEMENT   6003    1850   1914   1913   1849      0      0      0      0


 ELEMENT   6004    1851   1915   1914   1850      0      0      0      0


 ELEMENT   6005    1852   1916   1915   1851      0      0      0      0


 ELEMENT   6006    1853   1917   1916   1852      0      0      0      0


 ELEMENT   6007    1854   1918   1917   1853      0      0      0      0


 ELEMENT   6008    1855   1919   1918   1854      0      0      0      0


 ELEMENT   6009    1856   1920   1919   1855      0      0      0      0


 ELEMENT   6010    1857   1921   1920   1856      0      0      0      0


 ELEMENT   6011    1858   1922   1921   1857      0      0      0      0


 ELEMENT   6012    1859   1923   1922   1858      0      0      0      0


 ELEMENT   6013    1860   1924   1923   1859      0      0      0      0


 ELEMENT   6014    1861   1925   1924   1860      0      0      0      0


 ELEMENT   6015    1862   1926   1925   1861      0      0      0      0


 ELEMENT   6016    1863   1927   1926   1862      0      0      0      0


 ELEMENT   6017    1864   1928   1927   1863      0      0      0      0


 ELEMENT   6018    1865   1929   1928   1864      0      0      0      0


 ELEMENT   6019    1866   1930   1929   1865      0      0      0      0


 ELEMENT   6020    1867   1931   1930   1866      0      0      0      0


 ELEMENT   6021    1868   1932   1931   1867      0      0      0      0


 ELEMENT   6022    1869   1933   1932   1868      0      0      0      0


 ELEMENT   6023    1870   1934   1933   1869      0      0      0      0


 ELEMENT   6024    1871   1935   1934   1870      0      0      0      0


 ELEMENT   6025    1872   1936   1935   1871      0      0      0      0


 ELEMENT   6026    1873   1937   1936   1872      0      0      0      0


 ELEMENT   6027    1874   1938   1937   1873      0      0      0      0


 ELEMENT   6028    1875   1939   1938   1874      0      0      0      0


 ELEMENT   6029    1876   1940   1939   1875      0      0      0      0


 ELEMENT   6030    1877   1941   1940   1876      0      0      0      0


 ELEMENT   6031    1878   1942   1941   1877      0      0      0      0


 ELEMENT   6032    1879   1943   1942   1878      0      0      0      0


 ELEMENT   6033    1880   1944   1943   1879      0      0      0      0


 ELEMENT   6034    1817   1881   1944   1880      0      0      0      0


 ELEMENT   6035    1882   1946   1945   1881      0      0      0      0


 ELEMENT   6036    1883   1947   1946   1882      0      0      0      0


 ELEMENT   6037    1884   1948   1947   1883      0      0      0      0


 ELEMENT   6038    1885   1949   1948   1884      0      0      0      0


 ELEMENT   6039    1886   1950   1949   1885      0      0      0      0


 ELEMENT   6040    1887   1951   1950   1886      0      0      0      0


 ELEMENT   6041    1888   1952   1951   1887      0      0      0      0


 ELEMENT   6042    1889   1953   1952   1888      0      0      0      0


 ELEMENT   6043    1890   1954   1953   1889      0      0      0      0


 ELEMENT   6044    1891   1955   1954   1890      0      0      0      0


 ELEMENT   6045    1892   1956   1955   1891      0      0      0      0


 ELEMENT   6046    1893   1957   1956   1892      0      0      0      0


 ELEMENT   6047    1894   1958   1957   1893      0      0      0      0


 ELEMENT   6048    1895   1959   1958   1894      0      0      0      0


 ELEMENT   6049    1896   1960   1959   1895      0      0      0      0


 ELEMENT   6050    1897   1961   1960   1896      0      0      0      0


 ELEMENT   6051    1898   1962   1961   1897      0      0      0      0


 ELEMENT   6052    1899   1963   1962   1898      0      0      0      0


 ELEMENT   6053    1900   1964   1963   1899      0      0      0      0


 ELEMENT   6054    1901   1965   1964   1900      0      0      0      0


 ELEMENT   6055    1902   1966   1965   1901      0      0      0      0


 ELEMENT   6056    1903   1967   1966   1902      0      0      0      0


 ELEMENT   6057    1904   1968   1967   1903      0      0      0      0


 ELEMENT   6058    1905   1969   1968   1904      0      0      0      0


 ELEMENT   6059    1906   1970   1969   1905      0      0      0      0


 ELEMENT   6060    1907   1971   1970   1906      0      0      0      0


 ELEMENT   6061    1908   1972   1971   1907      0      0      0      0


 ELEMENT   6062    1909   1973   1972   1908      0      0      0      0


 ELEMENT   6063    1910   1974   1973   1909      0      0      0      0


 ELEMENT   6064    1911   1975   1974   1910      0      0      0      0


 ELEMENT   6065    1912   1976   1975   1911      0      0      0      0


 ELEMENT   6066    1913   1977   1976   1912      0      0      0      0


 ELEMENT   6067    1914   1978   1977   1913      0      0      0      0


 ELEMENT   6068    1915   1979   1978   1914      0      0      0      0


 ELEMENT   6069    1916   1980   1979   1915      0      0      0      0


 ELEMENT   6070    1917   1981   1980   1916      0      0      0      0


 ELEMENT   6071    1918   1982   1981   1917      0      0      0      0


 ELEMENT   6072    1919   1983   1982   1918      0      0      0      0


 ELEMENT   6073    1920   1984   1983   1919      0      0      0      0


 ELEMENT   6074    1921   1985   1984   1920      0      0      0      0


 ELEMENT   6075    1922   1986   1985   1921      0      0      0      0


 ELEMENT   6076    1923   1987   1986   1922      0      0      0      0


 ELEMENT   6077    1924   1988   1987   1923      0      0      0      0


 ELEMENT   6078    1925   1989   1988   1924      0      0      0      0


 ELEMENT   6079    1926   1990   1989   1925      0      0      0      0


 ELEMENT   6080    1927   1991   1990   1926      0      0      0      0


 ELEMENT   6081    1928   1992   1991   1927      0      0      0      0


 ELEMENT   6082    1929   1993   1992   1928      0      0      0      0


 ELEMENT   6083    1930   1994   1993   1929      0      0      0      0


 ELEMENT   6084    1931   1995   1994   1930      0      0      0      0


 ELEMENT   6085    1932   1996   1995   1931      0      0      0      0


 ELEMENT   6086    1933   1997   1996   1932      0      0      0      0


 ELEMENT   6087    1934   1998   1997   1933      0      0      0      0


 ELEMENT   6088    1935   1999   1998   1934      0      0      0      0


 ELEMENT   6089    1936   2000   1999   1935      0      0      0      0


 ELEMENT   6090    1937   2001   2000   1936      0      0      0      0


 ELEMENT   6091    1938   2002   2001   1937      0      0      0      0


 ELEMENT   6092    1939   2003   2002   1938      0      0      0      0


 ELEMENT   6093    1940   2004   2003   1939      0      0      0      0


 ELEMENT   6094    1941   2005   2004   1940      0      0      0      0


 ELEMENT   6095    1942   2006   2005   1941      0      0      0      0


 ELEMENT   6096    1943   2007   2006   1942      0      0      0      0


 ELEMENT   6097    1944   2008   2007   1943      0      0      0      0


 ELEMENT   6098    1881   1945   2008   1944      0      0      0      0


 ELEMENT   6099    1946   2010   2009   1945      0      0      0      0


 ELEMENT   6100    1947   2011   2010   1946      0      0      0      0


 ELEMENT   6101    1948   2012   2011   1947      0      0      0      0


 ELEMENT   6102    1949   2013   2012   1948      0      0      0      0


 ELEMENT   6103    1950   2014   2013   1949      0      0      0      0


 ELEMENT   6104    1951   2015   2014   1950      0      0      0      0


 ELEMENT   6105    1952   2016   2015   1951      0      0      0      0


 ELEMENT   6106    1953   2017   2016   1952      0      0      0      0


 ELEMENT   6107    1954   2018   2017   1953      0      0      0      0


 ELEMENT   6108    1955   2019   2018   1954      0      0      0      0


 ELEMENT   6109    1956   2020   2019   1955      0      0      0      0


 ELEMENT   6110    1957   2021   2020   1956      0      0      0      0


 ELEMENT   6111    1958   2022   2021   1957      0      0      0      0


 ELEMENT   6112    1959   2023   2022   1958      0      0      0      0


 ELEMENT   6113    1960   2024   2023   1959      0      0      0      0


 ELEMENT   6114    1961   2025   2024   1960      0      0      0      0


 ELEMENT   6115    1962   2026   2025   1961      0      0      0      0


 ELEMENT   6116    1963   2027   2026   1962      0      0      0      0


 ELEMENT   6117    1964   2028   2027   1963      0      0      0      0


 ELEMENT   6118    1965   2029   2028   1964      0      0      0      0


 ELEMENT   6119    1966   2030   2029   1965      0      0      0      0


 ELEMENT   6120    1967   2031   2030   1966      0      0      0      0


 ELEMENT   6121    1968   2032   2031   1967      0      0      0      0


 ELEMENT   6122    1969   2033   2032   1968      0      0      0      0


 ELEMENT   6123    1970   2034   2033   1969      0      0      0      0


 ELEMENT   6124    1971   2035   2034   1970      0      0      0      0


 ELEMENT   6125    1972   2036   2035   1971      0      0      0      0


 ELEMENT   6126    1973   2037   2036   1972      0      0      0      0


 ELEMENT   6127    1974   2038   2037   1973      0      0      0      0


 ELEMENT   6128    1975   2039   2038   1974      0      0      0      0


 ELEMENT   6129    1976   2040   2039   1975      0      0      0      0


 ELEMENT   6130    1977   2041   2040   1976      0      0      0      0


 ELEMENT   6131    1978   2042   2041   1977      0      0      0      0


 ELEMENT   6132    1979   2043   2042   1978      0      0      0      0


 ELEMENT   6133    1980   2044   2043   1979      0      0      0      0


 ELEMENT   6134    1981   2045   2044   1980      0      0      0      0


 ELEMENT   6135    1982   2046   2045   1981      0      0      0      0


 ELEMENT   6136    1983   2047   2046   1982      0      0      0      0


 ELEMENT   6137    1984   2048   2047   1983      0      0      0      0


 ELEMENT   6138    1985   2049   2048   1984      0      0      0      0


 ELEMENT   6139    1986   2050   2049   1985      0      0      0      0


 ELEMENT   6140    1987   2051   2050   1986      0      0      0      0


 ELEMENT   6141    1988   2052   2051   1987      0      0      0      0


 ELEMENT   6142    1989   2053   2052   1988      0      0      0      0


 ELEMENT   6143    1990   2054   2053   1989      0      0      0      0


 ELEMENT   6144    1991   2055   2054   1990      0      0      0      0


 ELEMENT   6145    1992   2056   2055   1991      0      0      0      0


 ELEMENT   6146    1993   2057   2056   1992      0      0      0      0


 ELEMENT   6147    1994   2058   2057   1993      0      0      0      0


 ELEMENT   6148    1995   2059   2058   1994      0      0      0      0


 ELEMENT   6149    1996   2060   2059   1995      0      0      0      0


 ELEMENT   6150    1997   2061   2060   1996      0      0      0      0


 ELEMENT   6151    1998   2062   2061   1997      0      0      0      0


 ELEMENT   6152    1999   2063   2062   1998      0      0      0      0


 ELEMENT   6153    2000   2064   2063   1999      0      0      0      0


 ELEMENT   6154    2001   2065   2064   2000      0      0      0      0


 ELEMENT   6155    2002   2066   2065   2001      0      0      0      0


 ELEMENT   6156    2003   2067   2066   2002      0      0      0      0


 ELEMENT   6157    2004   2068   2067   2003      0      0      0      0


 ELEMENT   6158    2005   2069   2068   2004      0      0      0      0


 ELEMENT   6159    2006   2070   2069   2005      0      0      0      0


 ELEMENT   6160    2007   2071   2070   2006      0      0      0      0


 ELEMENT   6161    2008   2072   2071   2007      0      0      0      0


 ELEMENT   6162    1945   2009   2072   2008      0      0      0      0


 NODE       3380  KCS=      0  X,Y,Z=  8.8907       101.00      -1.2727     

 NODE       3381  KCS=      0  X,Y,Z=  9.0216       100.88      -1.2727     

 NODE       3382  KCS=      0  X,Y,Z=  9.1795       100.75      -1.2727     

 NODE       3383  KCS=      0  X,Y,Z=  9.3689       100.62      -1.2727     

 NODE       3384  KCS=      0  X,Y,Z=  9.5933       100.49      -1.2727     

 NODE       3385  KCS=      0  X,Y,Z=  9.8545       100.38      -1.2727     

 NODE       3386  KCS=      0  X,Y,Z=  10.150       100.29      -1.2727     

 NODE       3387  KCS=      0  X,Y,Z=  10.474       100.22      -1.2727     

 NODE       3388  KCS=      0  X,Y,Z=  10.812       100.20      -1.2727     

 NODE       3389  KCS=      0  X,Y,Z=  11.151       100.22      -1.2727     

 NODE       3390  KCS=      0  X,Y,Z=  11.474       100.29      -1.2727     

 NODE       3391  KCS=      0  X,Y,Z=  11.770       100.38      -1.2727     

 NODE       3392  KCS=      0  X,Y,Z=  12.031       100.49      -1.2727     

 NODE       3393  KCS=      0  X,Y,Z=  12.256       100.62      -1.2727     

 NODE       3394  KCS=      0  X,Y,Z=  12.445       100.75      -1.2727     

 NODE       3395  KCS=      0  X,Y,Z=  12.603       100.88      -1.2727     

 NODE       3396  KCS=      0  X,Y,Z=  12.734       101.00      -1.2727     

 NODE       3397  KCS=      0  X,Y,Z=  12.857       101.14      -1.2727     

 NODE       3398  KCS=      0  X,Y,Z=  12.985       101.30      -1.2727     

 NODE       3399  KCS=      0  X,Y,Z=  13.114       101.49      -1.2727     

 NODE       3400  KCS=      0  X,Y,Z=  13.238       101.71      -1.2727     

 NODE       3401  KCS=      0  X,Y,Z=  13.350       101.97      -1.2727     

 NODE       3402  KCS=      0  X,Y,Z=  13.439       102.27      -1.2727     

 NODE       3403  KCS=      0  X,Y,Z=  13.497       102.59      -1.2727     

 NODE       3404  KCS=      0  X,Y,Z=  13.516       102.92      -1.2727     

 NODE       3405  KCS=      0  X,Y,Z=  13.494       103.25      -1.2727     

 NODE       3406  KCS=      0  X,Y,Z=  13.433       103.57      -1.2727     

 NODE       3407  KCS=      0  X,Y,Z=  13.342       103.86      -1.2727     

 NODE       3408  KCS=      0  X,Y,Z=  13.228       104.12      -1.2727     

 NODE       3409  KCS=      0  X,Y,Z=  13.103       104.34      -1.2727     

 NODE       3410  KCS=      0  X,Y,Z=  12.974       104.53      -1.2727     

 NODE       3411  KCS=      0  X,Y,Z=  12.847       104.69      -1.2727     

 NODE       3412  KCS=      0  X,Y,Z=  12.724       104.82      -1.2727     

 NODE       3413  KCS=      0  X,Y,Z=  12.593       104.94      -1.2727     

 NODE       3414  KCS=      0  X,Y,Z=  12.435       105.07      -1.2727     

 NODE       3415  KCS=      0  X,Y,Z=  12.245       105.20      -1.2727     

 NODE       3416  KCS=      0  X,Y,Z=  12.022       105.33      -1.2727     

 NODE       3417  KCS=      0  X,Y,Z=  11.762       105.44      -1.2727     

 NODE       3418  KCS=      0  X,Y,Z=  11.468       105.53      -1.2727     

 NODE       3419  KCS=      0  X,Y,Z=  11.148       105.59      -1.2727     

 NODE       3420  KCS=      0  X,Y,Z=  10.812       105.61      -1.2727     

 NODE       3421  KCS=      0  X,Y,Z=  10.477       105.59      -1.2727     

 NODE       3422  KCS=      0  X,Y,Z=  10.157       105.53      -1.2727     

 NODE       3423  KCS=      0  X,Y,Z=  9.8629       105.44      -1.2727     

 NODE       3424  KCS=      0  X,Y,Z=  9.6031       105.33      -1.2727     

 NODE       3425  KCS=      0  X,Y,Z=  9.3792       105.20      -1.2727     

 NODE       3426  KCS=      0  X,Y,Z=  9.1899       105.07      -1.2727     

 NODE       3427  KCS=      0  X,Y,Z=  9.0318       104.94      -1.2727     

 NODE       3428  KCS=      0  X,Y,Z=  8.9003       104.82      -1.2727     

 NODE       3429  KCS=      0  X,Y,Z=  8.7780       104.69      -1.2727     

 NODE       3430  KCS=      0  X,Y,Z=  8.6504       104.53      -1.2727     

 NODE       3431  KCS=      0  X,Y,Z=  8.5213       104.34      -1.2727     

 NODE       3432  KCS=      0  X,Y,Z=  8.3962       104.12      -1.2727     

 NODE       3433  KCS=      0  X,Y,Z=  8.2831       103.86      -1.2727     

 NODE       3434  KCS=      0  X,Y,Z=  8.1914       103.57      -1.2727     

 NODE       3435  KCS=      0  X,Y,Z=  8.1307       103.25      -1.2727     

 NODE       3436  KCS=      0  X,Y,Z=  8.1084       102.92      -1.2727     

 NODE       3437  KCS=      0  X,Y,Z=  8.1274       102.59      -1.2727     

 NODE       3438  KCS=      0  X,Y,Z=  8.1853       102.27      -1.2727     

 NODE       3439  KCS=      0  X,Y,Z=  8.2748       101.97      -1.2727     

 NODE       3440  KCS=      0  X,Y,Z=  8.3866       101.71      -1.2727     

 NODE       3441  KCS=      0  X,Y,Z=  8.5110       101.49      -1.2727     

 NODE       3442  KCS=      0  X,Y,Z=  8.6401       101.30      -1.2727     

 NODE       3443  KCS=      0  X,Y,Z=  8.7679       101.14      -1.2727     

 NODE       3444  KCS=      0  X,Y,Z=  8.5522       100.67      -1.2727     

 NODE       3445  KCS=      0  X,Y,Z=  8.7061       100.52      -1.2727     

 NODE       3446  KCS=      0  X,Y,Z=  8.8918       100.37      -1.2727     

 NODE       3447  KCS=      0  X,Y,Z=  9.1145       100.22      -1.2727     

 NODE       3448  KCS=      0  X,Y,Z=  9.3786       100.07      -1.2727     

 NODE       3449  KCS=      0  X,Y,Z=  9.6858       99.933      -1.2727     

 NODE       3450  KCS=      0  X,Y,Z=  10.034       99.823      -1.2727     

 NODE       3451  KCS=      0  X,Y,Z=  10.414       99.752      -1.2727     

 NODE       3452  KCS=      0  X,Y,Z=  10.812       99.727      -1.2727     

 NODE       3453  KCS=      0  X,Y,Z=  11.211       99.752      -1.2727     

 NODE       3454  KCS=      0  X,Y,Z=  11.591       99.823      -1.2727     

 NODE       3455  KCS=      0  X,Y,Z=  11.939       99.933      -1.2727     

 NODE       3456  KCS=      0  X,Y,Z=  12.246       100.07      -1.2727     

 NODE       3457  KCS=      0  X,Y,Z=  12.510       100.22      -1.2727     

 NODE       3458  KCS=      0  X,Y,Z=  12.733       100.37      -1.2727     

 NODE       3459  KCS=      0  X,Y,Z=  12.919       100.52      -1.2727     

 NODE       3460  KCS=      0  X,Y,Z=  13.073       100.67      -1.2727     

 NODE       3461  KCS=      0  X,Y,Z=  13.217       100.83      -1.2727     

 NODE       3462  KCS=      0  X,Y,Z=  13.367       101.01      -1.2727     

 NODE       3463  KCS=      0  X,Y,Z=  13.519       101.24      -1.2727     

 NODE       3464  KCS=      0  X,Y,Z=  13.666       101.50      -1.2727     

 NODE       3465  KCS=      0  X,Y,Z=  13.797       101.81      -1.2727     

 NODE       3466  KCS=      0  X,Y,Z=  13.902       102.15      -1.2727     

 NODE       3467  KCS=      0  X,Y,Z=  13.970       102.53      -1.2727     

 NODE       3468  KCS=      0  X,Y,Z=  13.993       102.92      -1.2727     

 NODE       3469  KCS=      0  X,Y,Z=  13.966       103.32      -1.2727     

 NODE       3470  KCS=      0  X,Y,Z=  13.895       103.69      -1.2727     

 NODE       3471  KCS=      0  X,Y,Z=  13.787       104.03      -1.2727     

 NODE       3472  KCS=      0  X,Y,Z=  13.654       104.34      -1.2727     

 NODE       3473  KCS=      0  X,Y,Z=  13.507       104.60      -1.2727     

 NODE       3474  KCS=      0  X,Y,Z=  13.355       104.82      -1.2727     

 NODE       3475  KCS=      0  X,Y,Z=  13.205       105.00      -1.2727     

 NODE       3476  KCS=      0  X,Y,Z=  13.061       105.16      -1.2727     

 NODE       3477  KCS=      0  X,Y,Z=  12.907       105.30      -1.2727     

 NODE       3478  KCS=      0  X,Y,Z=  12.721       105.45      -1.2727     

 NODE       3479  KCS=      0  X,Y,Z=  12.498       105.60      -1.2727     

 NODE       3480  KCS=      0  X,Y,Z=  12.235       105.75      -1.2727     

 NODE       3481  KCS=      0  X,Y,Z=  11.929       105.88      -1.2727     

 NODE       3482  KCS=      0  X,Y,Z=  11.584       105.99      -1.2727     

 NODE       3483  KCS=      0  X,Y,Z=  11.207       106.06      -1.2727     

 NODE       3484  KCS=      0  X,Y,Z=  10.812       106.09      -1.2727     

 NODE       3485  KCS=      0  X,Y,Z=  10.418       106.06      -1.2727     

 NODE       3486  KCS=      0  X,Y,Z=  10.041       105.99      -1.2727     

 NODE       3487  KCS=      0  X,Y,Z=  9.6956       105.88      -1.2727     

 NODE       3488  KCS=      0  X,Y,Z=  9.3900       105.75      -1.2727     

 NODE       3489  KCS=      0  X,Y,Z=  9.1267       105.60      -1.2727     

 NODE       3490  KCS=      0  X,Y,Z=  8.9041       105.45      -1.2727     

 NODE       3491  KCS=      0  X,Y,Z=  8.7180       105.30      -1.2727     

 NODE       3492  KCS=      0  X,Y,Z=  8.5634       105.16      -1.2727     

 NODE       3493  KCS=      0  X,Y,Z=  8.4196       105.00      -1.2727     

 NODE       3494  KCS=      0  X,Y,Z=  8.2695       104.82      -1.2727     

 NODE       3495  KCS=      0  X,Y,Z=  8.1176       104.60      -1.2727     

 NODE       3496  KCS=      0  X,Y,Z=  7.9705       104.34      -1.2727     

 NODE       3497  KCS=      0  X,Y,Z=  7.8375       104.03      -1.2727     

 NODE       3498  KCS=      0  X,Y,Z=  7.7296       103.69      -1.2727     

 NODE       3499  KCS=      0  X,Y,Z=  7.6582       103.32      -1.2727     

 NODE       3500  KCS=      0  X,Y,Z=  7.6320       102.92      -1.2727     

 NODE       3501  KCS=      0  X,Y,Z=  7.6543       102.53      -1.2727     

 NODE       3502  KCS=      0  X,Y,Z=  7.7224       102.15      -1.2727     

 NODE       3503  KCS=      0  X,Y,Z=  7.8277       101.81      -1.2727     

 NODE       3504  KCS=      0  X,Y,Z=  7.9592       101.50      -1.2727     

 NODE       3505  KCS=      0  X,Y,Z=  8.1055       101.24      -1.2727     

 NODE       3506  KCS=      0  X,Y,Z=  8.2573       101.01      -1.2727     

 NODE       3507  KCS=      0  X,Y,Z=  8.4077       100.83      -1.2727     

 NODE       3508  KCS=      0  X,Y,Z=  8.2136       100.33      -1.2727     

 NODE       3509  KCS=      0  X,Y,Z=  8.3906       100.17      -1.2727     

 NODE       3510  KCS=      0  X,Y,Z=  8.6041       99.992      -1.2727     

 NODE       3511  KCS=      0  X,Y,Z=  8.8602       99.815      -1.2727     

 NODE       3512  KCS=      0  X,Y,Z=  9.1638       99.643      -1.2727     

 NODE       3513  KCS=      0  X,Y,Z=  9.5170       99.487      -1.2727     

 NODE       3514  KCS=      0  X,Y,Z=  9.9170       99.361      -1.2727     

 NODE       3515  KCS=      0  X,Y,Z=  10.354       99.279      -1.2727     

 NODE       3516  KCS=      0  X,Y,Z=  10.812       99.250      -1.2727     

 NODE       3517  KCS=      0  X,Y,Z=  11.270       99.279      -1.2727     

 NODE       3518  KCS=      0  X,Y,Z=  11.708       99.361      -1.2727     

 NODE       3519  KCS=      0  X,Y,Z=  12.108       99.487      -1.2727     

 NODE       3520  KCS=      0  X,Y,Z=  12.461       99.643      -1.2727     

 NODE       3521  KCS=      0  X,Y,Z=  12.765       99.815      -1.2727     

 NODE       3522  KCS=      0  X,Y,Z=  13.021       99.992      -1.2727     

 NODE       3523  KCS=      0  X,Y,Z=  13.234       100.17      -1.2727     

 NODE       3524  KCS=      0  X,Y,Z=  13.411       100.33      -1.2727     

 NODE       3525  KCS=      0  X,Y,Z=  13.577       100.51      -1.2727     

 NODE       3526  KCS=      0  X,Y,Z=  13.750       100.73      -1.2727     

 NODE       3527  KCS=      0  X,Y,Z=  13.925       100.99      -1.2727     

 NODE       3528  KCS=      0  X,Y,Z=  14.093       101.29      -1.2727     

 NODE       3529  KCS=      0  X,Y,Z=  14.244       101.64      -1.2727     

 NODE       3530  KCS=      0  X,Y,Z=  14.365       102.04      -1.2727     

 NODE       3531  KCS=      0  X,Y,Z=  14.443       102.47      -1.2727     

 NODE       3532  KCS=      0  X,Y,Z=  14.469       102.93      -1.2727     

 NODE       3533  KCS=      0  X,Y,Z=  14.439       103.38      -1.2727     

 NODE       3534  KCS=      0  X,Y,Z=  14.357       103.81      -1.2727     

 NODE       3535  KCS=      0  X,Y,Z=  14.233       104.20      -1.2727     

 NODE       3536  KCS=      0  X,Y,Z=  14.080       104.55      -1.2727     

 NODE       3537  KCS=      0  X,Y,Z=  13.911       104.85      -1.2727     

 NODE       3538  KCS=      0  X,Y,Z=  13.736       105.10      -1.2727     

 NODE       3539  KCS=      0  X,Y,Z=  13.564       105.32      -1.2727     

 NODE       3540  KCS=      0  X,Y,Z=  13.398       105.49      -1.2727     

 NODE       3541  KCS=      0  X,Y,Z=  13.220       105.66      -1.2727     

 NODE       3542  KCS=      0  X,Y,Z=  13.006       105.83      -1.2727     

 NODE       3543  KCS=      0  X,Y,Z=  12.750       106.01      -1.2727     

 NODE       3544  KCS=      0  X,Y,Z=  12.448       106.18      -1.2727     

 NODE       3545  KCS=      0  X,Y,Z=  12.096       106.33      -1.2727     

 NODE       3546  KCS=      0  X,Y,Z=  11.699       106.45      -1.2727     

 NODE       3547  KCS=      0  X,Y,Z=  11.266       106.54      -1.2727     

 NODE       3548  KCS=      0  X,Y,Z=  10.812       106.56      -1.2727     

 NODE       3549  KCS=      0  X,Y,Z=  10.359       106.54      -1.2727     

 NODE       3550  KCS=      0  X,Y,Z=  9.9254       106.45      -1.2727     

 NODE       3551  KCS=      0  X,Y,Z=  9.5283       106.33      -1.2727     

 NODE       3552  KCS=      0  X,Y,Z=  9.1769       106.18      -1.2727     

 NODE       3553  KCS=      0  X,Y,Z=  8.8742       106.01      -1.2727     

 NODE       3554  KCS=      0  X,Y,Z=  8.6182       105.83      -1.2727     

 NODE       3555  KCS=      0  X,Y,Z=  8.4043       105.66      -1.2727     

 NODE       3556  KCS=      0  X,Y,Z=  8.2266       105.49      -1.2727     

 NODE       3557  KCS=      0  X,Y,Z=  8.0611       105.32      -1.2727     

 NODE       3558  KCS=      0  X,Y,Z=  7.8886       105.10      -1.2727     

 NODE       3559  KCS=      0  X,Y,Z=  7.7139       104.85      -1.2727     

 NODE       3560  KCS=      0  X,Y,Z=  7.5448       104.55      -1.2727     

 NODE       3561  KCS=      0  X,Y,Z=  7.3918       104.20      -1.2727     

 NODE       3562  KCS=      0  X,Y,Z=  7.2678       103.81      -1.2727     

 NODE       3563  KCS=      0  X,Y,Z=  7.1857       103.38      -1.2727     

 NODE       3564  KCS=      0  X,Y,Z=  7.1555       102.93      -1.2727     

 NODE       3565  KCS=      0  X,Y,Z=  7.1813       102.47      -1.2727     

 NODE       3566  KCS=      0  X,Y,Z=  7.2595       102.04      -1.2727     

 NODE       3567  KCS=      0  X,Y,Z=  7.3806       101.64      -1.2727     

 NODE       3568  KCS=      0  X,Y,Z=  7.5318       101.29      -1.2727     

 NODE       3569  KCS=      0  X,Y,Z=  7.7000       100.99      -1.2727     

 NODE       3570  KCS=      0  X,Y,Z=  7.8746       100.73      -1.2727     

 NODE       3571  KCS=      0  X,Y,Z=  8.0475       100.51      -1.2727     

 NODE       3572  KCS=      0  X,Y,Z=  7.8750       99.999      -1.2727     

 NODE       3573  KCS=      0  X,Y,Z=  8.0751       99.810      -1.2727     

 NODE       3574  KCS=      0  X,Y,Z=  8.3164       99.612      -1.2727     

 NODE       3575  KCS=      0  X,Y,Z=  8.6059       99.412      -1.2727     

 NODE       3576  KCS=      0  X,Y,Z=  8.9490       99.218      -1.2727     

 NODE       3577  KCS=      0  X,Y,Z=  9.3482       99.042      -1.2727     

 NODE       3578  KCS=      0  X,Y,Z=  9.8004       98.900      -1.2727     

 NODE       3579  KCS=      0  X,Y,Z=  10.295       98.806      -1.2727     

 NODE       3580  KCS=      0  X,Y,Z=  10.812       98.774      -1.2727     

 NODE       3581  KCS=      0  X,Y,Z=  11.330       98.806      -1.2727     

 NODE       3582  KCS=      0  X,Y,Z=  11.824       98.900      -1.2727     

 NODE       3583  KCS=      0  X,Y,Z=  12.276       99.042      -1.2727     

 NODE       3584  KCS=      0  X,Y,Z=  12.676       99.218      -1.2727     

 NODE       3585  KCS=      0  X,Y,Z=  13.019       99.412      -1.2727     

 NODE       3586  KCS=      0  X,Y,Z=  13.308       99.612      -1.2727     

 NODE       3587  KCS=      0  X,Y,Z=  13.550       99.810      -1.2727     

 NODE       3588  KCS=      0  X,Y,Z=  13.750       99.999      -1.2727     

 NODE       3589  KCS=      0  X,Y,Z=  13.937       100.20      -1.2727     

 NODE       3590  KCS=      0  X,Y,Z=  14.133       100.45      -1.2727     

 NODE       3591  KCS=      0  X,Y,Z=  14.330       100.74      -1.2727     

 NODE       3592  KCS=      0  X,Y,Z=  14.520       101.08      -1.2727     

 NODE       3593  KCS=      0  X,Y,Z=  14.691       101.48      -1.2727     

 NODE       3594  KCS=      0  X,Y,Z=  14.828       101.93      -1.2727     

 NODE       3595  KCS=      0  X,Y,Z=  14.917       102.42      -1.2727     

 NODE       3596  KCS=      0  X,Y,Z=  14.946       102.93      -1.2727     

 NODE       3597  KCS=      0  X,Y,Z=  14.911       103.44      -1.2727     

 NODE       3598  KCS=      0  X,Y,Z=  14.819       103.92      -1.2727     

 NODE       3599  KCS=      0  X,Y,Z=  14.678       104.37      -1.2727     

 NODE       3600  KCS=      0  X,Y,Z=  14.506       104.76      -1.2727     

 NODE       3601  KCS=      0  X,Y,Z=  14.314       105.10      -1.2727     

 NODE       3602  KCS=      0  X,Y,Z=  14.117       105.39      -1.2727     

 NODE       3603  KCS=      0  X,Y,Z=  13.922       105.63      -1.2727     

 NODE       3604  KCS=      0  X,Y,Z=  13.735       105.83      -1.2727     

 NODE       3605  KCS=      0  X,Y,Z=  13.534       106.02      -1.2727     

 NODE       3606  KCS=      0  X,Y,Z=  13.292       106.21      -1.2727     

 NODE       3607  KCS=      0  X,Y,Z=  13.003       106.41      -1.2727     

 NODE       3608  KCS=      0  X,Y,Z=  12.661       106.60      -1.2727     

 NODE       3609  KCS=      0  X,Y,Z=  12.264       106.78      -1.2727     

 NODE       3610  KCS=      0  X,Y,Z=  11.815       106.92      -1.2727     

 NODE       3611  KCS=      0  X,Y,Z=  11.325       107.01      -1.2727     

 NODE       3612  KCS=      0  X,Y,Z=  10.812       107.04      -1.2727     

 NODE       3613  KCS=      0  X,Y,Z=  10.300       107.01      -1.2727     

 NODE       3614  KCS=      0  X,Y,Z=  9.8099       106.92      -1.2727     

 NODE       3615  KCS=      0  X,Y,Z=  9.3611       106.78      -1.2727     

 NODE       3616  KCS=      0  X,Y,Z=  8.9639       106.60      -1.2727     

 NODE       3617  KCS=      0  X,Y,Z=  8.6217       106.41      -1.2727     

 NODE       3618  KCS=      0  X,Y,Z=  8.3324       106.21      -1.2727     

 NODE       3619  KCS=      0  X,Y,Z=  8.0906       106.02      -1.2727     

 NODE       3620  KCS=      0  X,Y,Z=  7.8897       105.83      -1.2727     

 NODE       3621  KCS=      0  X,Y,Z=  7.7027       105.63      -1.2727     

 NODE       3622  KCS=      0  X,Y,Z=  7.5077       105.39      -1.2727     

 NODE       3623  KCS=      0  X,Y,Z=  7.3103       105.10      -1.2727     

 NODE       3624  KCS=      0  X,Y,Z=  7.1191       104.76      -1.2727     

 NODE       3625  KCS=      0  X,Y,Z=  6.9462       104.37      -1.2727     

 NODE       3626  KCS=      0  X,Y,Z=  6.8060       103.92      -1.2727     

 NODE       3627  KCS=      0  X,Y,Z=  6.7132       103.44      -1.2727     

 NODE       3628  KCS=      0  X,Y,Z=  6.6791       102.93      -1.2727     

 NODE       3629  KCS=      0  X,Y,Z=  6.7082       102.42      -1.2727     

 NODE       3630  KCS=      0  X,Y,Z=  6.7966       101.93      -1.2727     

 NODE       3631  KCS=      0  X,Y,Z=  6.9335       101.48      -1.2727     

 NODE       3632  KCS=      0  X,Y,Z=  7.1044       101.08      -1.2727     

 NODE       3633  KCS=      0  X,Y,Z=  7.2945       100.74      -1.2727     

 NODE       3634  KCS=      0  X,Y,Z=  7.4918       100.45      -1.2727     

 NODE       3635  KCS=      0  X,Y,Z=  7.6872       100.20      -1.2727     

 NODE       3636  KCS=      0  X,Y,Z=  7.5364       99.664      -1.2727     

 NODE       3637  KCS=      0  X,Y,Z=  7.7596       99.453      -1.2727     

 NODE       3638  KCS=      0  X,Y,Z=  8.0287       99.233      -1.2727     

 NODE       3639  KCS=      0  X,Y,Z=  8.3515       99.009      -1.2727     

 NODE       3640  KCS=      0  X,Y,Z=  8.7342       98.792      -1.2727     

 NODE       3641  KCS=      0  X,Y,Z=  9.1795       98.596      -1.2727     

 NODE       3642  KCS=      0  X,Y,Z=  9.6837       98.438      -1.2727     

 NODE       3643  KCS=      0  X,Y,Z=  10.235       98.334      -1.2727     

 NODE       3644  KCS=      0  X,Y,Z=  10.812       98.297      -1.2727     

 NODE       3645  KCS=      0  X,Y,Z=  11.390       98.334      -1.2727     

 NODE       3646  KCS=      0  X,Y,Z=  11.941       98.438      -1.2727     

 NODE       3647  KCS=      0  X,Y,Z=  12.445       98.596      -1.2727     

 NODE       3648  KCS=      0  X,Y,Z=  12.890       98.792      -1.2727     

 NODE       3649  KCS=      0  X,Y,Z=  13.273       99.009      -1.2727     

 NODE       3650  KCS=      0  X,Y,Z=  13.596       99.233      -1.2727     

 NODE       3651  KCS=      0  X,Y,Z=  13.865       99.453      -1.2727     

 NODE       3652  KCS=      0  X,Y,Z=  14.088       99.664      -1.2727     

 NODE       3653  KCS=      0  X,Y,Z=  14.298       99.890      -1.2727     

 NODE       3654  KCS=      0  X,Y,Z=  14.516       100.16      -1.2727     

 NODE       3655  KCS=      0  X,Y,Z=  14.736       100.49      -1.2727     

 NODE       3656  KCS=      0  X,Y,Z=  14.948       100.87      -1.2727     

 NODE       3657  KCS=      0  X,Y,Z=  15.138       101.31      -1.2727     

 NODE       3658  KCS=      0  X,Y,Z=  15.291       101.82      -1.2727     

 NODE       3659  KCS=      0  X,Y,Z=  15.390       102.36      -1.2727     

 NODE       3660  KCS=      0  X,Y,Z=  15.422       102.93      -1.2727     

 NODE       3661  KCS=      0  X,Y,Z=  15.384       103.50      -1.2727     

 NODE       3662  KCS=      0  X,Y,Z=  15.280       104.04      -1.2727     

 NODE       3663  KCS=      0  X,Y,Z=  15.124       104.54      -1.2727     

 NODE       3664  KCS=      0  X,Y,Z=  14.931       104.98      -1.2727     

 NODE       3665  KCS=      0  X,Y,Z=  14.718       105.36      -1.2727     

 NODE       3666  KCS=      0  X,Y,Z=  14.498       105.68      -1.2727     

 NODE       3667  KCS=      0  X,Y,Z=  14.280       105.94      -1.2727     

 NODE       3668  KCS=      0  X,Y,Z=  14.072       106.17      -1.2727     

 NODE       3669  KCS=      0  X,Y,Z=  13.848       106.38      -1.2727     

 NODE       3670  KCS=      0  X,Y,Z=  13.578       106.59      -1.2727     

 NODE       3671  KCS=      0  X,Y,Z=  13.256       106.82      -1.2727     

 NODE       3672  KCS=      0  X,Y,Z=  12.874       107.03      -1.2727     

 NODE       3673  KCS=      0  X,Y,Z=  12.431       107.22      -1.2727     

 NODE       3674  KCS=      0  X,Y,Z=  11.930       107.38      -1.2727     

 NODE       3675  KCS=      0  X,Y,Z=  11.384       107.48      -1.2727     

 NODE       3676  KCS=      0  X,Y,Z=  10.812       107.52      -1.2727     

 NODE       3677  KCS=      0  X,Y,Z=  10.241       107.48      -1.2727     

 NODE       3678  KCS=      0  X,Y,Z=  9.6943       107.38      -1.2727     

 NODE       3679  KCS=      0  X,Y,Z=  9.1938       107.22      -1.2727     

 NODE       3680  KCS=      0  X,Y,Z=  8.7508       107.03      -1.2727     

 NODE       3681  KCS=      0  X,Y,Z=  8.3692       106.82      -1.2727     

 NODE       3682  KCS=      0  X,Y,Z=  8.0465       106.59      -1.2727     

 NODE       3683  KCS=      0  X,Y,Z=  7.7768       106.38      -1.2727     

 NODE       3684  KCS=      0  X,Y,Z=  7.5528       106.17      -1.2727     

 NODE       3685  KCS=      0  X,Y,Z=  7.3442       105.94      -1.2727     

 NODE       3686  KCS=      0  X,Y,Z=  7.1268       105.68      -1.2727     

 NODE       3687  KCS=      0  X,Y,Z=  6.9066       105.36      -1.2727     

 NODE       3688  KCS=      0  X,Y,Z=  6.6934       104.98      -1.2727     

 NODE       3689  KCS=      0  X,Y,Z=  6.5006       104.54      -1.2727     

 NODE       3690  KCS=      0  X,Y,Z=  6.3442       104.04      -1.2727     

 NODE       3691  KCS=      0  X,Y,Z=  6.2407       103.50      -1.2727     

 NODE       3692  KCS=      0  X,Y,Z=  6.2027       102.93      -1.2727     

 NODE       3693  KCS=      0  X,Y,Z=  6.2351       102.36      -1.2727     

 NODE       3694  KCS=      0  X,Y,Z=  6.3337       101.82      -1.2727     

 NODE       3695  KCS=      0  X,Y,Z=  6.4864       101.31      -1.2727     

 NODE       3696  KCS=      0  X,Y,Z=  6.6769       100.87      -1.2727     

 NODE       3697  KCS=      0  X,Y,Z=  6.8890       100.49      -1.2727     

 NODE       3698  KCS=      0  X,Y,Z=  7.1091       100.16      -1.2727     

 NODE       3699  KCS=      0  X,Y,Z=  7.3270       99.890      -1.2727     

 NODE       3700  KCS=      0  X,Y,Z=  7.1979       99.329      -1.2727     

 NODE       3701  KCS=      0  X,Y,Z=  7.4440       99.096      -1.2727     

 NODE       3702  KCS=      0  X,Y,Z=  7.7410       98.853      -1.2727     

 NODE       3703  KCS=      0  X,Y,Z=  8.0972       98.606      -1.2727     

 NODE       3704  KCS=      0  X,Y,Z=  8.5194       98.367      -1.2727     

 NODE       3705  KCS=      0  X,Y,Z=  9.0107       98.151      -1.2727     

 NODE       3706  KCS=      0  X,Y,Z=  9.5671       97.976      -1.2727     

 NODE       3707  KCS=      0  X,Y,Z=  10.175       97.861      -1.2727     

 NODE       3708  KCS=      0  X,Y,Z=  10.812       97.821      -1.2727     

 NODE       3709  KCS=      0  X,Y,Z=  11.449       97.861      -1.2727     

 NODE       3710  KCS=      0  X,Y,Z=  12.058       97.976      -1.2727     

 NODE       3711  KCS=      0  X,Y,Z=  12.614       98.151      -1.2727     

 NODE       3712  KCS=      0  X,Y,Z=  13.105       98.367      -1.2727     

 NODE       3713  KCS=      0  X,Y,Z=  13.528       98.606      -1.2727     

 NODE       3714  KCS=      0  X,Y,Z=  13.884       98.853      -1.2727     

 NODE       3715  KCS=      0  X,Y,Z=  14.181       99.096      -1.2727     

 NODE       3716  KCS=      0  X,Y,Z=  14.427       99.329      -1.2727     

 NODE       3717  KCS=      0  X,Y,Z=  14.658       99.578      -1.2727     

 NODE       3718  KCS=      0  X,Y,Z=  14.898       99.878      -1.2727     

 NODE       3719  KCS=      0  X,Y,Z=  15.141       100.24      -1.2727     

 NODE       3720  KCS=      0  X,Y,Z=  15.375       100.66      -1.2727     

 NODE       3721  KCS=      0  X,Y,Z=  15.585       101.15      -1.2727     

 NODE       3722  KCS=      0  X,Y,Z=  15.754       101.70      -1.2727     

 NODE       3723  KCS=      0  X,Y,Z=  15.863       102.30      -1.2727     

 NODE       3724  KCS=      0  X,Y,Z=  15.898       102.93      -1.2727     

 NODE       3725  KCS=      0  X,Y,Z=  15.856       103.56      -1.2727     

 NODE       3726  KCS=      0  X,Y,Z=  15.742       104.16      -1.2727     

 NODE       3727  KCS=      0  X,Y,Z=  15.570       104.71      -1.2727     

 NODE       3728  KCS=      0  X,Y,Z=  15.357       105.19      -1.2727     

 NODE       3729  KCS=      0  X,Y,Z=  15.122       105.61      -1.2727     

 NODE       3730  KCS=      0  X,Y,Z=  14.879       105.96      -1.2727     

 NODE       3731  KCS=      0  X,Y,Z=  14.639       106.26      -1.2727     

 NODE       3732  KCS=      0  X,Y,Z=  14.409       106.50      -1.2727     

 NODE       3733  KCS=      0  X,Y,Z=  14.162       106.73      -1.2727     

 NODE       3734  KCS=      0  X,Y,Z=  13.864       106.98      -1.2727     

 NODE       3735  KCS=      0  X,Y,Z=  13.508       107.22      -1.2727     

 NODE       3736  KCS=      0  X,Y,Z=  13.087       107.46      -1.2727     

 NODE       3737  KCS=      0  X,Y,Z=  12.598       107.67      -1.2727     

 NODE       3738  KCS=      0  X,Y,Z=  12.046       107.84      -1.2727     

 NODE       3739  KCS=      0  X,Y,Z=  11.443       107.95      -1.2727     

 NODE       3740  KCS=      0  X,Y,Z=  10.812       107.99      -1.2727     

 NODE       3741  KCS=      0  X,Y,Z=  10.181       107.95      -1.2727     

 NODE       3742  KCS=      0  X,Y,Z=  9.5788       107.84      -1.2727     

 NODE       3743  KCS=      0  X,Y,Z=  9.0265       107.67      -1.2727     

 NODE       3744  KCS=      0  X,Y,Z=  8.5377       107.46      -1.2727     

 NODE       3745  KCS=      0  X,Y,Z=  8.1167       107.22      -1.2727     

 NODE       3746  KCS=      0  X,Y,Z=  7.7606       106.98      -1.2727     

 NODE       3747  KCS=      0  X,Y,Z=  7.4631       106.73      -1.2727     

 NODE       3748  KCS=      0  X,Y,Z=  7.2159       106.50      -1.2727     

 NODE       3749  KCS=      0  X,Y,Z=  6.9858       106.26      -1.2727     

 NODE       3750  KCS=      0  X,Y,Z=  6.7459       105.96      -1.2727     

 NODE       3751  KCS=      0  X,Y,Z=  6.5029       105.61      -1.2727     

 NODE       3752  KCS=      0  X,Y,Z=  6.2677       105.19      -1.2727     

 NODE       3753  KCS=      0  X,Y,Z=  6.0549       104.71      -1.2727     

 NODE       3754  KCS=      0  X,Y,Z=  5.8824       104.16      -1.2727     

 NODE       3755  KCS=      0  X,Y,Z=  5.7682       103.56      -1.2727     

 NODE       3756  KCS=      0  X,Y,Z=  5.7262       102.93      -1.2727     

 NODE       3757  KCS=      0  X,Y,Z=  5.7620       102.30      -1.2727     

 NODE       3758  KCS=      0  X,Y,Z=  5.8709       101.70      -1.2727     

 NODE       3759  KCS=      0  X,Y,Z=  6.0393       101.15      -1.2727     

 NODE       3760  KCS=      0  X,Y,Z=  6.2495       100.66      -1.2727     

 NODE       3761  KCS=      0  X,Y,Z=  6.4836       100.24      -1.2727     

 NODE       3762  KCS=      0  X,Y,Z=  6.7263       99.878      -1.2727     

 NODE       3763  KCS=      0  X,Y,Z=  6.9668       99.578      -1.2727     

 NODE       3764  KCS=      0  X,Y,Z=  6.8593       98.993      -1.2727     

 NODE       3765  KCS=      0  X,Y,Z=  7.1285       98.739      -1.2727     

 NODE       3766  KCS=      0  X,Y,Z=  7.4533       98.473      -1.2727     

 NODE       3767  KCS=      0  X,Y,Z=  7.8429       98.203      -1.2727     

 NODE       3768  KCS=      0  X,Y,Z=  8.3046       97.942      -1.2727     

 NODE       3769  KCS=      0  X,Y,Z=  8.8419       97.705      -1.2727     

 NODE       3770  KCS=      0  X,Y,Z=  9.4504       97.514      -1.2727     

 NODE       3771  KCS=      0  X,Y,Z=  10.116       97.388      -1.2727     

 NODE       3772  KCS=      0  X,Y,Z=  10.812       97.344      -1.2727     

 NODE       3773  KCS=      0  X,Y,Z=  11.509       97.388      -1.2727     

 NODE       3774  KCS=      0  X,Y,Z=  12.174       97.514      -1.2727     

 NODE       3775  KCS=      0  X,Y,Z=  12.783       97.705      -1.2727     

 NODE       3776  KCS=      0  X,Y,Z=  13.320       97.942      -1.2727     

 NODE       3777  KCS=      0  X,Y,Z=  13.782       98.203      -1.2727     

 NODE       3778  KCS=      0  X,Y,Z=  14.171       98.473      -1.2727     

 NODE       3779  KCS=      0  X,Y,Z=  14.496       98.739      -1.2727     

 NODE       3780  KCS=      0  X,Y,Z=  14.765       98.993      -1.2727     

 NODE       3781  KCS=      0  X,Y,Z=  15.018       99.266      -1.2727     

 NODE       3782  KCS=      0  X,Y,Z=  15.281       99.595      -1.2727     

 NODE       3783  KCS=      0  X,Y,Z=  15.547       99.987      -1.2727     

 NODE       3784  KCS=      0  X,Y,Z=  15.803       100.45      -1.2727     

 NODE       3785  KCS=      0  X,Y,Z=  16.032       100.99      -1.2727     

 NODE       3786  KCS=      0  X,Y,Z=  16.217       101.59      -1.2727     

 NODE       3787  KCS=      0  X,Y,Z=  16.336       102.25      -1.2727     

 NODE       3788  KCS=      0  X,Y,Z=  16.375       102.93      -1.2727     

 NODE       3789  KCS=      0  X,Y,Z=  16.329       103.62      -1.2727     

 NODE       3790  KCS=      0  X,Y,Z=  16.204       104.28      -1.2727     

 NODE       3791  KCS=      0  X,Y,Z=  16.015       104.87      -1.2727     

 NODE       3792  KCS=      0  X,Y,Z=  15.783       105.40      -1.2727     

 NODE       3793  KCS=      0  X,Y,Z=  15.525       105.86      -1.2727     

 NODE       3794  KCS=      0  X,Y,Z=  15.260       106.25      -1.2727     

 NODE       3795  KCS=      0  X,Y,Z=  14.997       106.57      -1.2727     

 NODE       3796  KCS=      0  X,Y,Z=  14.746       106.84      -1.2727     

 NODE       3797  KCS=      0  X,Y,Z=  14.475       107.09      -1.2727     

 NODE       3798  KCS=      0  X,Y,Z=  14.150       107.36      -1.2727     

 NODE       3799  KCS=      0  X,Y,Z=  13.761       107.62      -1.2727     

 NODE       3800  KCS=      0  X,Y,Z=  13.300       107.88      -1.2727     

 NODE       3801  KCS=      0  X,Y,Z=  12.766       108.12      -1.2727     

 NODE       3802  KCS=      0  X,Y,Z=  12.161       108.30      -1.2727     

 NODE       3803  KCS=      0  X,Y,Z=  11.502       108.43      -1.2727     

 NODE       3804  KCS=      0  X,Y,Z=  10.812       108.47      -1.2727     

 NODE       3805  KCS=      0  X,Y,Z=  10.122       108.43      -1.2727     

 NODE       3806  KCS=      0  X,Y,Z=  9.4632       108.30      -1.2727     

 NODE       3807  KCS=      0  X,Y,Z=  8.8592       108.12      -1.2727     

 NODE       3808  KCS=      0  X,Y,Z=  8.3247       107.88      -1.2727     

 NODE       3809  KCS=      0  X,Y,Z=  7.8642       107.62      -1.2727     

 NODE       3810  KCS=      0  X,Y,Z=  7.4748       107.36      -1.2727     

 NODE       3811  KCS=      0  X,Y,Z=  7.1494       107.09      -1.2727     

 NODE       3812  KCS=      0  X,Y,Z=  6.8790       106.84      -1.2727     

 NODE       3813  KCS=      0  X,Y,Z=  6.6274       106.57      -1.2727     

 NODE       3814  KCS=      0  X,Y,Z=  6.3649       106.25      -1.2727     

 NODE       3815  KCS=      0  X,Y,Z=  6.0992       105.86      -1.2727     

 NODE       3816  KCS=      0  X,Y,Z=  5.8420       105.40      -1.2727     

 NODE       3817  KCS=      0  X,Y,Z=  5.6093       104.87      -1.2727     

 NODE       3818  KCS=      0  X,Y,Z=  5.4206       104.28      -1.2727     

 NODE       3819  KCS=      0  X,Y,Z=  5.2957       103.62      -1.2727     

 NODE       3820  KCS=      0  X,Y,Z=  5.2498       102.93      -1.2727     

 NODE       3821  KCS=      0  X,Y,Z=  5.2890       102.25      -1.2727     

 NODE       3822  KCS=      0  X,Y,Z=  5.4080       101.59      -1.2727     

 NODE       3823  KCS=      0  X,Y,Z=  5.5922       100.99      -1.2727     

 NODE       3824  KCS=      0  X,Y,Z=  5.8221       100.45      -1.2727     

 NODE       3825  KCS=      0  X,Y,Z=  6.0781       99.987      -1.2727     

 NODE       3826  KCS=      0  X,Y,Z=  6.3436       99.595      -1.2727     

 NODE       3827  KCS=      0  X,Y,Z=  6.6066       99.266      -1.2727     

 NODE       3828  KCS=      0  X,Y,Z=  10.812       102.91      -1.2727     

 ELEMENT TYPE SET TO         4

 *** NOTE ***                            ELAPSED TIME =       8.153   TIME= 17:29:19
 Setting the current shape of target element as pilot node.              

 ELEMENT   6163    3828      0      0      0      0      0      0      0


 *** NOTE ***                            ELAPSED TIME =       8.153   TIME= 17:29:19
 Rotational degrees of freedom ROTX+ROTY+ROTZ have been activated for    
 pilot node 3828.                                                        

 *** NOTE ***                            ELAPSED TIME =       8.156   TIME= 17:29:19
 Setting the current shape of target element as quadrilateral.           

 ELEMENT   6164    3380   3444   3445   3381      0      0      0      0


 ELEMENT   6165    3381   3445   3446   3382      0      0      0      0


 ELEMENT   6166    3382   3446   3447   3383      0      0      0      0


 ELEMENT   6167    3383   3447   3448   3384      0      0      0      0


 ELEMENT   6168    3384   3448   3449   3385      0      0      0      0


 ELEMENT   6169    3385   3449   3450   3386      0      0      0      0


 ELEMENT   6170    3386   3450   3451   3387      0      0      0      0


 ELEMENT   6171    3387   3451   3452   3388      0      0      0      0


 ELEMENT   6172    3388   3452   3453   3389      0      0      0      0


 ELEMENT   6173    3389   3453   3454   3390      0      0      0      0


 ELEMENT   6174    3390   3454   3455   3391      0      0      0      0


 ELEMENT   6175    3391   3455   3456   3392      0      0      0      0


 ELEMENT   6176    3392   3456   3457   3393      0      0      0      0


 ELEMENT   6177    3393   3457   3458   3394      0      0      0      0


 ELEMENT   6178    3394   3458   3459   3395      0      0      0      0


 ELEMENT   6179    3395   3459   3460   3396      0      0      0      0


 ELEMENT   6180    3396   3460   3461   3397      0      0      0      0


 ELEMENT   6181    3397   3461   3462   3398      0      0      0      0


 ELEMENT   6182    3398   3462   3463   3399      0      0      0      0


 ELEMENT   6183    3399   3463   3464   3400      0      0      0      0


 ELEMENT   6184    3400   3464   3465   3401      0      0      0      0


 ELEMENT   6185    3401   3465   3466   3402      0      0      0      0


 ELEMENT   6186    3402   3466   3467   3403      0      0      0      0


 ELEMENT   6187    3403   3467   3468   3404      0      0      0      0


 ELEMENT   6188    3404   3468   3469   3405      0      0      0      0


 ELEMENT   6189    3405   3469   3470   3406      0      0      0      0


 ELEMENT   6190    3406   3470   3471   3407      0      0      0      0


 ELEMENT   6191    3407   3471   3472   3408      0      0      0      0


 ELEMENT   6192    3408   3472   3473   3409      0      0      0      0


 ELEMENT   6193    3409   3473   3474   3410      0      0      0      0


 ELEMENT   6194    3410   3474   3475   3411      0      0      0      0


 ELEMENT   6195    3411   3475   3476   3412      0      0      0      0


 ELEMENT   6196    3412   3476   3477   3413      0      0      0      0


 ELEMENT   6197    3413   3477   3478   3414      0      0      0      0


 ELEMENT   6198    3414   3478   3479   3415      0      0      0      0


 ELEMENT   6199    3415   3479   3480   3416      0      0      0      0


 ELEMENT   6200    3416   3480   3481   3417      0      0      0      0


 ELEMENT   6201    3417   3481   3482   3418      0      0      0      0


 ELEMENT   6202    3418   3482   3483   3419      0      0      0      0


 ELEMENT   6203    3419   3483   3484   3420      0      0      0      0


 ELEMENT   6204    3420   3484   3485   3421      0      0      0      0


 ELEMENT   6205    3421   3485   3486   3422      0      0      0      0


 ELEMENT   6206    3422   3486   3487   3423      0      0      0      0


 ELEMENT   6207    3423   3487   3488   3424      0      0      0      0


 ELEMENT   6208    3424   3488   3489   3425      0      0      0      0


 ELEMENT   6209    3425   3489   3490   3426      0      0      0      0


 ELEMENT   6210    3426   3490   3491   3427      0      0      0      0


 ELEMENT   6211    3427   3491   3492   3428      0      0      0      0


 ELEMENT   6212    3428   3492   3493   3429      0      0      0      0


 ELEMENT   6213    3429   3493   3494   3430      0      0      0      0


 ELEMENT   6214    3430   3494   3495   3431      0      0      0      0


 ELEMENT   6215    3431   3495   3496   3432      0      0      0      0


 ELEMENT   6216    3432   3496   3497   3433      0      0      0      0


 ELEMENT   6217    3433   3497   3498   3434      0      0      0      0


 ELEMENT   6218    3434   3498   3499   3435      0      0      0      0


 ELEMENT   6219    3435   3499   3500   3436      0      0      0      0


 ELEMENT   6220    3436   3500   3501   3437      0      0      0      0


 ELEMENT   6221    3437   3501   3502   3438      0      0      0      0


 ELEMENT   6222    3438   3502   3503   3439      0      0      0      0


 ELEMENT   6223    3439   3503   3504   3440      0      0      0      0


 ELEMENT   6224    3440   3504   3505   3441      0      0      0      0


 ELEMENT   6225    3441   3505   3506   3442      0      0      0      0


 ELEMENT   6226    3442   3506   3507   3443      0      0      0      0


 ELEMENT   6227    3443   3507   3444   3380      0      0      0      0


 ELEMENT   6228    3444   3508   3509   3445      0      0      0      0


 ELEMENT   6229    3445   3509   3510   3446      0      0      0      0


 ELEMENT   6230    3446   3510   3511   3447      0      0      0      0


 ELEMENT   6231    3447   3511   3512   3448      0      0      0      0


 ELEMENT   6232    3448   3512   3513   3449      0      0      0      0


 ELEMENT   6233    3449   3513   3514   3450      0      0      0      0


 ELEMENT   6234    3450   3514   3515   3451      0      0      0      0


 ELEMENT   6235    3451   3515   3516   3452      0      0      0      0


 ELEMENT   6236    3452   3516   3517   3453      0      0      0      0


 ELEMENT   6237    3453   3517   3518   3454      0      0      0      0


 ELEMENT   6238    3454   3518   3519   3455      0      0      0      0


 ELEMENT   6239    3455   3519   3520   3456      0      0      0      0


 ELEMENT   6240    3456   3520   3521   3457      0      0      0      0


 ELEMENT   6241    3457   3521   3522   3458      0      0      0      0


 ELEMENT   6242    3458   3522   3523   3459      0      0      0      0


 ELEMENT   6243    3459   3523   3524   3460      0      0      0      0


 ELEMENT   6244    3460   3524   3525   3461      0      0      0      0


 ELEMENT   6245    3461   3525   3526   3462      0      0      0      0


 ELEMENT   6246    3462   3526   3527   3463      0      0      0      0


 ELEMENT   6247    3463   3527   3528   3464      0      0      0      0


 ELEMENT   6248    3464   3528   3529   3465      0      0      0      0


 ELEMENT   6249    3465   3529   3530   3466      0      0      0      0


 ELEMENT   6250    3466   3530   3531   3467      0      0      0      0


 ELEMENT   6251    3467   3531   3532   3468      0      0      0      0


 ELEMENT   6252    3468   3532   3533   3469      0      0      0      0


 ELEMENT   6253    3469   3533   3534   3470      0      0      0      0


 ELEMENT   6254    3470   3534   3535   3471      0      0      0      0


 ELEMENT   6255    3471   3535   3536   3472      0      0      0      0


 ELEMENT   6256    3472   3536   3537   3473      0      0      0      0


 ELEMENT   6257    3473   3537   3538   3474      0      0      0      0


 ELEMENT   6258    3474   3538   3539   3475      0      0      0      0


 ELEMENT   6259    3475   3539   3540   3476      0      0      0      0


 ELEMENT   6260    3476   3540   3541   3477      0      0      0      0


 ELEMENT   6261    3477   3541   3542   3478      0      0      0      0


 ELEMENT   6262    3478   3542   3543   3479      0      0      0      0


 ELEMENT   6263    3479   3543   3544   3480      0      0      0      0


 ELEMENT   6264    3480   3544   3545   3481      0      0      0      0


 ELEMENT   6265    3481   3545   3546   3482      0      0      0      0


 ELEMENT   6266    3482   3546   3547   3483      0      0      0      0


 ELEMENT   6267    3483   3547   3548   3484      0      0      0      0


 ELEMENT   6268    3484   3548   3549   3485      0      0      0      0


 ELEMENT   6269    3485   3549   3550   3486      0      0      0      0


 ELEMENT   6270    3486   3550   3551   3487      0      0      0      0


 ELEMENT   6271    3487   3551   3552   3488      0      0      0      0


 ELEMENT   6272    3488   3552   3553   3489      0      0      0      0


 ELEMENT   6273    3489   3553   3554   3490      0      0      0      0


 ELEMENT   6274    3490   3554   3555   3491      0      0      0      0


 ELEMENT   6275    3491   3555   3556   3492      0      0      0      0


 ELEMENT   6276    3492   3556   3557   3493      0      0      0      0


 ELEMENT   6277    3493   3557   3558   3494      0      0      0      0


 ELEMENT   6278    3494   3558   3559   3495      0      0      0      0


 ELEMENT   6279    3495   3559   3560   3496      0      0      0      0


 ELEMENT   6280    3496   3560   3561   3497      0      0      0      0


 ELEMENT   6281    3497   3561   3562   3498      0      0      0      0


 ELEMENT   6282    3498   3562   3563   3499      0      0      0      0


 ELEMENT   6283    3499   3563   3564   3500      0      0      0      0


 ELEMENT   6284    3500   3564   3565   3501      0      0      0      0


 ELEMENT   6285    3501   3565   3566   3502      0      0      0      0


 ELEMENT   6286    3502   3566   3567   3503      0      0      0      0


 ELEMENT   6287    3503   3567   3568   3504      0      0      0      0


 ELEMENT   6288    3504   3568   3569   3505      0      0      0      0


 ELEMENT   6289    3505   3569   3570   3506      0      0      0      0


 ELEMENT   6290    3506   3570   3571   3507      0      0      0      0


 ELEMENT   6291    3507   3571   3508   3444      0      0      0      0


 ELEMENT   6292    3508   3572   3573   3509      0      0      0      0


 ELEMENT   6293    3509   3573   3574   3510      0      0      0      0


 ELEMENT   6294    3510   3574   3575   3511      0      0      0      0


 ELEMENT   6295    3511   3575   3576   3512      0      0      0      0


 ELEMENT   6296    3512   3576   3577   3513      0      0      0      0


 ELEMENT   6297    3513   3577   3578   3514      0      0      0      0


 ELEMENT   6298    3514   3578   3579   3515      0      0      0      0


 ELEMENT   6299    3515   3579   3580   3516      0      0      0      0


 ELEMENT   6300    3516   3580   3581   3517      0      0      0      0


 ELEMENT   6301    3517   3581   3582   3518      0      0      0      0


 ELEMENT   6302    3518   3582   3583   3519      0      0      0      0


 ELEMENT   6303    3519   3583   3584   3520      0      0      0      0


 ELEMENT   6304    3520   3584   3585   3521      0      0      0      0


 ELEMENT   6305    3521   3585   3586   3522      0      0      0      0


 ELEMENT   6306    3522   3586   3587   3523      0      0      0      0


 ELEMENT   6307    3523   3587   3588   3524      0      0      0      0


 ELEMENT   6308    3524   3588   3589   3525      0      0      0      0


 ELEMENT   6309    3525   3589   3590   3526      0      0      0      0


 ELEMENT   6310    3526   3590   3591   3527      0      0      0      0


 ELEMENT   6311    3527   3591   3592   3528      0      0      0      0


 ELEMENT   6312    3528   3592   3593   3529      0      0      0      0


 ELEMENT   6313    3529   3593   3594   3530      0      0      0      0


 ELEMENT   6314    3530   3594   3595   3531      0      0      0      0


 ELEMENT   6315    3531   3595   3596   3532      0      0      0      0


 ELEMENT   6316    3532   3596   3597   3533      0      0      0      0


 ELEMENT   6317    3533   3597   3598   3534      0      0      0      0


 ELEMENT   6318    3534   3598   3599   3535      0      0      0      0


 ELEMENT   6319    3535   3599   3600   3536      0      0      0      0


 ELEMENT   6320    3536   3600   3601   3537      0      0      0      0


 ELEMENT   6321    3537   3601   3602   3538      0      0      0      0


 ELEMENT   6322    3538   3602   3603   3539      0      0      0      0


 ELEMENT   6323    3539   3603   3604   3540      0      0      0      0


 ELEMENT   6324    3540   3604   3605   3541      0      0      0      0


 ELEMENT   6325    3541   3605   3606   3542      0      0      0      0


 ELEMENT   6326    3542   3606   3607   3543      0      0      0      0


 ELEMENT   6327    3543   3607   3608   3544      0      0      0      0


 ELEMENT   6328    3544   3608   3609   3545      0      0      0      0


 ELEMENT   6329    3545   3609   3610   3546      0      0      0      0


 ELEMENT   6330    3546   3610   3611   3547      0      0      0      0


 ELEMENT   6331    3547   3611   3612   3548      0      0      0      0


 ELEMENT   6332    3548   3612   3613   3549      0      0      0      0


 ELEMENT   6333    3549   3613   3614   3550      0      0      0      0


 ELEMENT   6334    3550   3614   3615   3551      0      0      0      0


 ELEMENT   6335    3551   3615   3616   3552      0      0      0      0


 ELEMENT   6336    3552   3616   3617   3553      0      0      0      0


 ELEMENT   6337    3553   3617   3618   3554      0      0      0      0


 ELEMENT   6338    3554   3618   3619   3555      0      0      0      0


 ELEMENT   6339    3555   3619   3620   3556      0      0      0      0


 ELEMENT   6340    3556   3620   3621   3557      0      0      0      0


 ELEMENT   6341    3557   3621   3622   3558      0      0      0      0


 ELEMENT   6342    3558   3622   3623   3559      0      0      0      0


 ELEMENT   6343    3559   3623   3624   3560      0      0      0      0


 ELEMENT   6344    3560   3624   3625   3561      0      0      0      0


 ELEMENT   6345    3561   3625   3626   3562      0      0      0      0


 ELEMENT   6346    3562   3626   3627   3563      0      0      0      0


 ELEMENT   6347    3563   3627   3628   3564      0      0      0      0


 ELEMENT   6348    3564   3628   3629   3565      0      0      0      0


 ELEMENT   6349    3565   3629   3630   3566      0      0      0      0


 ELEMENT   6350    3566   3630   3631   3567      0      0      0      0


 ELEMENT   6351    3567   3631   3632   3568      0      0      0      0


 ELEMENT   6352    3568   3632   3633   3569      0      0      0      0


 ELEMENT   6353    3569   3633   3634   3570      0      0      0      0


 ELEMENT   6354    3570   3634   3635   3571      0      0      0      0


 ELEMENT   6355    3571   3635   3572   3508      0      0      0      0


 ELEMENT   6356    3572   3636   3637   3573      0      0      0      0


 ELEMENT   6357    3573   3637   3638   3574      0      0      0      0


 ELEMENT   6358    3574   3638   3639   3575      0      0      0      0


 ELEMENT   6359    3575   3639   3640   3576      0      0      0      0


 ELEMENT   6360    3576   3640   3641   3577      0      0      0      0


 ELEMENT   6361    3577   3641   3642   3578      0      0      0      0


 ELEMENT   6362    3578   3642   3643   3579      0      0      0      0


 ELEMENT   6363    3579   3643   3644   3580      0      0      0      0


 ELEMENT   6364    3580   3644   3645   3581      0      0      0      0


 ELEMENT   6365    3581   3645   3646   3582      0      0      0      0


 ELEMENT   6366    3582   3646   3647   3583      0      0      0      0


 ELEMENT   6367    3583   3647   3648   3584      0      0      0      0


 ELEMENT   6368    3584   3648   3649   3585      0      0      0      0


 ELEMENT   6369    3585   3649   3650   3586      0      0      0      0


 ELEMENT   6370    3586   3650   3651   3587      0      0      0      0


 ELEMENT   6371    3587   3651   3652   3588      0      0      0      0


 ELEMENT   6372    3588   3652   3653   3589      0      0      0      0


 ELEMENT   6373    3589   3653   3654   3590      0      0      0      0


 ELEMENT   6374    3590   3654   3655   3591      0      0      0      0


 ELEMENT   6375    3591   3655   3656   3592      0      0      0      0


 ELEMENT   6376    3592   3656   3657   3593      0      0      0      0


 ELEMENT   6377    3593   3657   3658   3594      0      0      0      0


 ELEMENT   6378    3594   3658   3659   3595      0      0      0      0


 ELEMENT   6379    3595   3659   3660   3596      0      0      0      0


 ELEMENT   6380    3596   3660   3661   3597      0      0      0      0


 ELEMENT   6381    3597   3661   3662   3598      0      0      0      0


 ELEMENT   6382    3598   3662   3663   3599      0      0      0      0


 ELEMENT   6383    3599   3663   3664   3600      0      0      0      0


 ELEMENT   6384    3600   3664   3665   3601      0      0      0      0


 ELEMENT   6385    3601   3665   3666   3602      0      0      0      0


 ELEMENT   6386    3602   3666   3667   3603      0      0      0      0


 ELEMENT   6387    3603   3667   3668   3604      0      0      0      0


 ELEMENT   6388    3604   3668   3669   3605      0      0      0      0


 ELEMENT   6389    3605   3669   3670   3606      0      0      0      0


 ELEMENT   6390    3606   3670   3671   3607      0      0      0      0


 ELEMENT   6391    3607   3671   3672   3608      0      0      0      0


 ELEMENT   6392    3608   3672   3673   3609      0      0      0      0


 ELEMENT   6393    3609   3673   3674   3610      0      0      0      0


 ELEMENT   6394    3610   3674   3675   3611      0      0      0      0


 ELEMENT   6395    3611   3675   3676   3612      0      0      0      0


 ELEMENT   6396    3612   3676   3677   3613      0      0      0      0


 ELEMENT   6397    3613   3677   3678   3614      0      0      0      0


 ELEMENT   6398    3614   3678   3679   3615      0      0      0      0


 ELEMENT   6399    3615   3679   3680   3616      0      0      0      0


 ELEMENT   6400    3616   3680   3681   3617      0      0      0      0


 ELEMENT   6401    3617   3681   3682   3618      0      0      0      0


 ELEMENT   6402    3618   3682   3683   3619      0      0      0      0


 ELEMENT   6403    3619   3683   3684   3620      0      0      0      0


 ELEMENT   6404    3620   3684   3685   3621      0      0      0      0


 ELEMENT   6405    3621   3685   3686   3622      0      0      0      0


 ELEMENT   6406    3622   3686   3687   3623      0      0      0      0


 ELEMENT   6407    3623   3687   3688   3624      0      0      0      0


 ELEMENT   6408    3624   3688   3689   3625      0      0      0      0


 ELEMENT   6409    3625   3689   3690   3626      0      0      0      0


 ELEMENT   6410    3626   3690   3691   3627      0      0      0      0


 ELEMENT   6411    3627   3691   3692   3628      0      0      0      0


 ELEMENT   6412    3628   3692   3693   3629      0      0      0      0


 ELEMENT   6413    3629   3693   3694   3630      0      0      0      0


 ELEMENT   6414    3630   3694   3695   3631      0      0      0      0


 ELEMENT   6415    3631   3695   3696   3632      0      0      0      0


 ELEMENT   6416    3632   3696   3697   3633      0      0      0      0


 ELEMENT   6417    3633   3697   3698   3634      0      0      0      0


 ELEMENT   6418    3634   3698   3699   3635      0      0      0      0


 ELEMENT   6419    3635   3699   3636   3572      0      0      0      0


 ELEMENT   6420    3636   3700   3701   3637      0      0      0      0


 ELEMENT   6421    3637   3701   3702   3638      0      0      0      0


 ELEMENT   6422    3638   3702   3703   3639      0      0      0      0


 ELEMENT   6423    3639   3703   3704   3640      0      0      0      0


 ELEMENT   6424    3640   3704   3705   3641      0      0      0      0


 ELEMENT   6425    3641   3705   3706   3642      0      0      0      0


 ELEMENT   6426    3642   3706   3707   3643      0      0      0      0


 ELEMENT   6427    3643   3707   3708   3644      0      0      0      0


 ELEMENT   6428    3644   3708   3709   3645      0      0      0      0


 ELEMENT   6429    3645   3709   3710   3646      0      0      0      0


 ELEMENT   6430    3646   3710   3711   3647      0      0      0      0


 ELEMENT   6431    3647   3711   3712   3648      0      0      0      0


 ELEMENT   6432    3648   3712   3713   3649      0      0      0      0


 ELEMENT   6433    3649   3713   3714   3650      0      0      0      0


 ELEMENT   6434    3650   3714   3715   3651      0      0      0      0


 ELEMENT   6435    3651   3715   3716   3652      0      0      0      0


 ELEMENT   6436    3652   3716   3717   3653      0      0      0      0


 ELEMENT   6437    3653   3717   3718   3654      0      0      0      0


 ELEMENT   6438    3654   3718   3719   3655      0      0      0      0


 ELEMENT   6439    3655   3719   3720   3656      0      0      0      0


 ELEMENT   6440    3656   3720   3721   3657      0      0      0      0


 ELEMENT   6441    3657   3721   3722   3658      0      0      0      0


 ELEMENT   6442    3658   3722   3723   3659      0      0      0      0


 ELEMENT   6443    3659   3723   3724   3660      0      0      0      0


 ELEMENT   6444    3660   3724   3725   3661      0      0      0      0


 ELEMENT   6445    3661   3725   3726   3662      0      0      0      0


 ELEMENT   6446    3662   3726   3727   3663      0      0      0      0


 ELEMENT   6447    3663   3727   3728   3664      0      0      0      0


 ELEMENT   6448    3664   3728   3729   3665      0      0      0      0


 ELEMENT   6449    3665   3729   3730   3666      0      0      0      0


 ELEMENT   6450    3666   3730   3731   3667      0      0      0      0


 ELEMENT   6451    3667   3731   3732   3668      0      0      0      0


 ELEMENT   6452    3668   3732   3733   3669      0      0      0      0


 ELEMENT   6453    3669   3733   3734   3670      0      0      0      0


 ELEMENT   6454    3670   3734   3735   3671      0      0      0      0


 ELEMENT   6455    3671   3735   3736   3672      0      0      0      0


 ELEMENT   6456    3672   3736   3737   3673      0      0      0      0


 ELEMENT   6457    3673   3737   3738   3674      0      0      0      0


 ELEMENT   6458    3674   3738   3739   3675      0      0      0      0


 ELEMENT   6459    3675   3739   3740   3676      0      0      0      0


 ELEMENT   6460    3676   3740   3741   3677      0      0      0      0


 ELEMENT   6461    3677   3741   3742   3678      0      0      0      0


 ELEMENT   6462    3678   3742   3743   3679      0      0      0      0


 ELEMENT   6463    3679   3743   3744   3680      0      0      0      0


 ELEMENT   6464    3680   3744   3745   3681      0      0      0      0


 ELEMENT   6465    3681   3745   3746   3682      0      0      0      0


 ELEMENT   6466    3682   3746   3747   3683      0      0      0      0


 ELEMENT   6467    3683   3747   3748   3684      0      0      0      0


 ELEMENT   6468    3684   3748   3749   3685      0      0      0      0


 ELEMENT   6469    3685   3749   3750   3686      0      0      0      0


 ELEMENT   6470    3686   3750   3751   3687      0      0      0      0


 ELEMENT   6471    3687   3751   3752   3688      0      0      0      0


 ELEMENT   6472    3688   3752   3753   3689      0      0      0      0


 ELEMENT   6473    3689   3753   3754   3690      0      0      0      0


 ELEMENT   6474    3690   3754   3755   3691      0      0      0      0


 ELEMENT   6475    3691   3755   3756   3692      0      0      0      0


 ELEMENT   6476    3692   3756   3757   3693      0      0      0      0


 ELEMENT   6477    3693   3757   3758   3694      0      0      0      0


 ELEMENT   6478    3694   3758   3759   3695      0      0      0      0


 ELEMENT   6479    3695   3759   3760   3696      0      0      0      0


 ELEMENT   6480    3696   3760   3761   3697      0      0      0      0


 ELEMENT   6481    3697   3761   3762   3698      0      0      0      0


 ELEMENT   6482    3698   3762   3763   3699      0      0      0      0


 ELEMENT   6483    3699   3763   3700   3636      0      0      0      0


 ELEMENT   6484    3700   3764   3765   3701      0      0      0      0


 ELEMENT   6485    3701   3765   3766   3702      0      0      0      0


 ELEMENT   6486    3702   3766   3767   3703      0      0      0      0


 ELEMENT   6487    3703   3767   3768   3704      0      0      0      0


 ELEMENT   6488    3704   3768   3769   3705      0      0      0      0


 ELEMENT   6489    3705   3769   3770   3706      0      0      0      0


 ELEMENT   6490    3706   3770   3771   3707      0      0      0      0


 ELEMENT   6491    3707   3771   3772   3708      0      0      0      0


 ELEMENT   6492    3708   3772   3773   3709      0      0      0      0


 ELEMENT   6493    3709   3773   3774   3710      0      0      0      0


 ELEMENT   6494    3710   3774   3775   3711      0      0      0      0


 ELEMENT   6495    3711   3775   3776   3712      0      0      0      0


 ELEMENT   6496    3712   3776   3777   3713      0      0      0      0


 ELEMENT   6497    3713   3777   3778   3714      0      0      0      0


 ELEMENT   6498    3714   3778   3779   3715      0      0      0      0


 ELEMENT   6499    3715   3779   3780   3716      0      0      0      0


 ELEMENT   6500    3716   3780   3781   3717      0      0      0      0


 ELEMENT   6501    3717   3781   3782   3718      0      0      0      0


 ELEMENT   6502    3718   3782   3783   3719      0      0      0      0


 ELEMENT   6503    3719   3783   3784   3720      0      0      0      0


 ELEMENT   6504    3720   3784   3785   3721      0      0      0      0


 ELEMENT   6505    3721   3785   3786   3722      0      0      0      0


 ELEMENT   6506    3722   3786   3787   3723      0      0      0      0


 ELEMENT   6507    3723   3787   3788   3724      0      0      0      0


 ELEMENT   6508    3724   3788   3789   3725      0      0      0      0


 ELEMENT   6509    3725   3789   3790   3726      0      0      0      0


 ELEMENT   6510    3726   3790   3791   3727      0      0      0      0


 ELEMENT   6511    3727   3791   3792   3728      0      0      0      0


 ELEMENT   6512    3728   3792   3793   3729      0      0      0      0


 ELEMENT   6513    3729   3793   3794   3730      0      0      0      0


 ELEMENT   6514    3730   3794   3795   3731      0      0      0      0


 ELEMENT   6515    3731   3795   3796   3732      0      0      0      0


 ELEMENT   6516    3732   3796   3797   3733      0      0      0      0


 ELEMENT   6517    3733   3797   3798   3734      0      0      0      0


 ELEMENT   6518    3734   3798   3799   3735      0      0      0      0


 ELEMENT   6519    3735   3799   3800   3736      0      0      0      0


 ELEMENT   6520    3736   3800   3801   3737      0      0      0      0


 ELEMENT   6521    3737   3801   3802   3738      0      0      0      0


 ELEMENT   6522    3738   3802   3803   3739      0      0      0      0


 ELEMENT   6523    3739   3803   3804   3740      0      0      0      0


 ELEMENT   6524    3740   3804   3805   3741      0      0      0      0


 ELEMENT   6525    3741   3805   3806   3742      0      0      0      0


 ELEMENT   6526    3742   3806   3807   3743      0      0      0      0


 ELEMENT   6527    3743   3807   3808   3744      0      0      0      0


 ELEMENT   6528    3744   3808   3809   3745      0      0      0      0


 ELEMENT   6529    3745   3809   3810   3746      0      0      0      0


 ELEMENT   6530    3746   3810   3811   3747      0      0      0      0


 ELEMENT   6531    3747   3811   3812   3748      0      0      0      0


 ELEMENT   6532    3748   3812   3813   3749      0      0      0      0


 ELEMENT   6533    3749   3813   3814   3750      0      0      0      0


 ELEMENT   6534    3750   3814   3815   3751      0      0      0      0


 ELEMENT   6535    3751   3815   3816   3752      0      0      0      0


 ELEMENT   6536    3752   3816   3817   3753      0      0      0      0


 ELEMENT   6537    3753   3817   3818   3754      0      0      0      0


 ELEMENT   6538    3754   3818   3819   3755      0      0      0      0


 ELEMENT   6539    3755   3819   3820   3756      0      0      0      0


 ELEMENT   6540    3756   3820   3821   3757      0      0      0      0


 ELEMENT   6541    3757   3821   3822   3758      0      0      0      0


 ELEMENT   6542    3758   3822   3823   3759      0      0      0      0


 ELEMENT   6543    3759   3823   3824   3760      0      0      0      0


 ELEMENT   6544    3760   3824   3825   3761      0      0      0      0


 ELEMENT   6545    3761   3825   3826   3762      0      0      0      0


 ELEMENT   6546    3762   3826   3827   3763      0      0      0      0


 ELEMENT   6547    3763   3827   3764   3700      0      0      0      0


 SPECIFIED CONSTRAINT UX   FOR SELECTED NODES         3828 TO        3828 BY           1
 REAL=  0.00000000       IMAG=  0.00000000    
 ADDITIONAL DOFS=  UY    UZ    ROTX  ROTY  ROTZ

 DELETE SPECIFIED CONSTRAINT UZ   FOR SELECTED NODES
  RANGE    3828 TO    3828 BY       1

 NUMBER OF SPECIFIED CONSTRAINTS DELETED=       1

 REAL CONSTANT SET          4  ITEMS   1 TO   6
    0.0000       0.0000      0.10000      0.10000E-01   0.0000      0.20000    

 REAL CONSTANT NUMBER=        4

 MATERIAL NUMBER SET TO         2

 ELEMENT TYPE SET TO         3

 ELEMENT   6548    1241   1305   1306   1242      0      0      0      0


 ELEMENT   6549    1242   1306   1307   1243      0      0      0      0


 ELEMENT   6550    1243   1307   1308   1244      0      0      0      0


 ELEMENT   6551    1244   1308   1309   1245      0      0      0      0


 ELEMENT   6552    1245   1309   1310   1246      0      0      0      0


 ELEMENT   6553    1246   1310   1311   1247      0      0      0      0


 ELEMENT   6554    1247   1311   1312   1248      0      0      0      0


 ELEMENT   6555    1248   1312   1313   1249      0      0      0      0


 ELEMENT   6556    1249   1313   1314   1250      0      0      0      0


 ELEMENT   6557    1250   1314   1315   1251      0      0      0      0


 ELEMENT   6558    1251   1315   1316   1252      0      0      0      0


 ELEMENT   6559    1252   1316   1317   1253      0      0      0      0


 ELEMENT   6560    1253   1317   1318   1254      0      0      0      0


 ELEMENT   6561    1254   1318   1319   1255      0      0      0      0


 ELEMENT   6562    1255   1319   1320   1256      0      0      0      0


 ELEMENT   6563    1256   1320   1321   1257      0      0      0      0


 ELEMENT   6564    1257   1321   1322   1258      0      0      0      0


 ELEMENT   6565    1258   1322   1323   1259      0      0      0      0


 ELEMENT   6566    1259   1323   1324   1260      0      0      0      0


 ELEMENT   6567    1260   1324   1325   1261      0      0      0      0


 ELEMENT   6568    1261   1325   1326   1262      0      0      0      0


 ELEMENT   6569    1262   1326   1327   1263      0      0      0      0


 ELEMENT   6570    1263   1327   1328   1264      0      0      0      0


 ELEMENT   6571    1264   1328   1329   1265      0      0      0      0


 ELEMENT   6572    1265   1329   1330   1266      0      0      0      0


 ELEMENT   6573    1266   1330   1331   1267      0      0      0      0


 ELEMENT   6574    1267   1331   1332   1268      0      0      0      0


 ELEMENT   6575    1268   1332   1333   1269      0      0      0      0


 ELEMENT   6576    1269   1333   1334   1270      0      0      0      0


 ELEMENT   6577    1270   1334   1335   1271      0      0      0      0


 ELEMENT   6578    1271   1335   1336   1272      0      0      0      0


 ELEMENT   6579    1272   1336   1337   1273      0      0      0      0


 ELEMENT   6580    1273   1337   1338   1274      0      0      0      0


 ELEMENT   6581    1274   1338   1339   1275      0      0      0      0


 ELEMENT   6582    1275   1339   1340   1276      0      0      0      0


 ELEMENT   6583    1276   1340   1341   1277      0      0      0      0


 ELEMENT   6584    1277   1341   1342   1278      0      0      0      0


 ELEMENT   6585    1278   1342   1343   1279      0      0      0      0


 ELEMENT   6586    1279   1343   1344   1280      0      0      0      0


 ELEMENT   6587    1280   1344   1345   1281      0      0      0      0


 ELEMENT   6588    1281   1345   1346   1282      0      0      0      0


 ELEMENT   6589    1282   1346   1347   1283      0      0      0      0


 ELEMENT   6590    1283   1347   1348   1284      0      0      0      0


 ELEMENT   6591    1284   1348   1349   1285      0      0      0      0


 ELEMENT   6592    1285   1349   1350   1286      0      0      0      0


 ELEMENT   6593    1286   1350   1351   1287      0      0      0      0


 ELEMENT   6594    1287   1351   1352   1288      0      0      0      0


 ELEMENT   6595    1288   1352   1353   1289      0      0      0      0


 ELEMENT   6596    1289   1353   1354   1290      0      0      0      0


 ELEMENT   6597    1290   1354   1355   1291      0      0      0      0


 ELEMENT   6598    1291   1355   1356   1292      0      0      0      0


 ELEMENT   6599    1292   1356   1357   1293      0      0      0      0


 ELEMENT   6600    1293   1357   1358   1294      0      0      0      0


 ELEMENT   6601    1294   1358   1359   1295      0      0      0      0


 ELEMENT   6602    1295   1359   1360   1296      0      0      0      0


 ELEMENT   6603    1296   1360   1361   1297      0      0      0      0


 ELEMENT   6604    1297   1361   1362   1298      0      0      0      0


 ELEMENT   6605    1298   1362   1363   1299      0      0      0      0


 ELEMENT   6606    1299   1363   1364   1300      0      0      0      0


 ELEMENT   6607    1300   1364   1365   1301      0      0      0      0


 ELEMENT   6608    1301   1365   1366   1302      0      0      0      0


 ELEMENT   6609    1302   1366   1367   1303      0      0      0      0


 ELEMENT   6610    1303   1367   1368   1304      0      0      0      0


 ELEMENT   6611    1304   1368   1305   1241      0      0      0      0


 ELEMENT   6612    1305   1369   1370   1306      0      0      0      0


 ELEMENT   6613    1306   1370   1371   1307      0      0      0      0


 ELEMENT   6614    1307   1371   1372   1308      0      0      0      0


 ELEMENT   6615    1308   1372   1373   1309      0      0      0      0


 ELEMENT   6616    1309   1373   1374   1310      0      0      0      0


 ELEMENT   6617    1310   1374   1375   1311      0      0      0      0


 ELEMENT   6618    1311   1375   1376   1312      0      0      0      0


 ELEMENT   6619    1312   1376   1377   1313      0      0      0      0


 ELEMENT   6620    1313   1377   1378   1314      0      0      0      0


 ELEMENT   6621    1314   1378   1379   1315      0      0      0      0


 ELEMENT   6622    1315   1379   1380   1316      0      0      0      0


 ELEMENT   6623    1316   1380   1381   1317      0      0      0      0


 ELEMENT   6624    1317   1381   1382   1318      0      0      0      0


 ELEMENT   6625    1318   1382   1383   1319      0      0      0      0


 ELEMENT   6626    1319   1383   1384   1320      0      0      0      0


 ELEMENT   6627    1320   1384   1385   1321      0      0      0      0


 ELEMENT   6628    1321   1385   1386   1322      0      0      0      0


 ELEMENT   6629    1322   1386   1387   1323      0      0      0      0


 ELEMENT   6630    1323   1387   1388   1324      0      0      0      0


 ELEMENT   6631    1324   1388   1389   1325      0      0      0      0


 ELEMENT   6632    1325   1389   1390   1326      0      0      0      0


 ELEMENT   6633    1326   1390   1391   1327      0      0      0      0


 ELEMENT   6634    1327   1391   1392   1328      0      0      0      0


 ELEMENT   6635    1328   1392   1393   1329      0      0      0      0


 ELEMENT   6636    1329   1393   1394   1330      0      0      0      0


 ELEMENT   6637    1330   1394   1395   1331      0      0      0      0


 ELEMENT   6638    1331   1395   1396   1332      0      0      0      0


 ELEMENT   6639    1332   1396   1397   1333      0      0      0      0


 ELEMENT   6640    1333   1397   1398   1334      0      0      0      0


 ELEMENT   6641    1334   1398   1399   1335      0      0      0      0


 ELEMENT   6642    1335   1399   1400   1336      0      0      0      0


 ELEMENT   6643    1336   1400   1401   1337      0      0      0      0


 ELEMENT   6644    1337   1401   1402   1338      0      0      0      0


 ELEMENT   6645    1338   1402   1403   1339      0      0      0      0


 ELEMENT   6646    1339   1403   1404   1340      0      0      0      0


 ELEMENT   6647    1340   1404   1405   1341      0      0      0      0


 ELEMENT   6648    1341   1405   1406   1342      0      0      0      0


 ELEMENT   6649    1342   1406   1407   1343      0      0      0      0


 ELEMENT   6650    1343   1407   1408   1344      0      0      0      0


 ELEMENT   6651    1344   1408   1409   1345      0      0      0      0


 ELEMENT   6652    1345   1409   1410   1346      0      0      0      0


 ELEMENT   6653    1346   1410   1411   1347      0      0      0      0


 ELEMENT   6654    1347   1411   1412   1348      0      0      0      0


 ELEMENT   6655    1348   1412   1413   1349      0      0      0      0


 ELEMENT   6656    1349   1413   1414   1350      0      0      0      0


 ELEMENT   6657    1350   1414   1415   1351      0      0      0      0


 ELEMENT   6658    1351   1415   1416   1352      0      0      0      0


 ELEMENT   6659    1352   1416   1417   1353      0      0      0      0


 ELEMENT   6660    1353   1417   1418   1354      0      0      0      0


 ELEMENT   6661    1354   1418   1419   1355      0      0      0      0


 ELEMENT   6662    1355   1419   1420   1356      0      0      0      0


 ELEMENT   6663    1356   1420   1421   1357      0      0      0      0


 ELEMENT   6664    1357   1421   1422   1358      0      0      0      0


 ELEMENT   6665    1358   1422   1423   1359      0      0      0      0


 ELEMENT   6666    1359   1423   1424   1360      0      0      0      0


 ELEMENT   6667    1360   1424   1425   1361      0      0      0      0


 ELEMENT   6668    1361   1425   1426   1362      0      0      0      0


 ELEMENT   6669    1362   1426   1427   1363      0      0      0      0


 ELEMENT   6670    1363   1427   1428   1364      0      0      0      0


 ELEMENT   6671    1364   1428   1429   1365      0      0      0      0


 ELEMENT   6672    1365   1429   1430   1366      0      0      0      0


 ELEMENT   6673    1366   1430   1431   1367      0      0      0      0


 ELEMENT   6674    1367   1431   1432   1368      0      0      0      0


 ELEMENT   6675    1368   1432   1369   1305      0      0      0      0


 ELEMENT   6676    1369   1433   1434   1370      0      0      0      0


 ELEMENT   6677    1370   1434   1435   1371      0      0      0      0


 ELEMENT   6678    1371   1435   1436   1372      0      0      0      0


 ELEMENT   6679    1372   1436   1437   1373      0      0      0      0


 ELEMENT   6680    1373   1437   1438   1374      0      0      0      0


 ELEMENT   6681    1374   1438   1439   1375      0      0      0      0


 ELEMENT   6682    1375   1439   1440   1376      0      0      0      0


 ELEMENT   6683    1376   1440   1441   1377      0      0      0      0


 ELEMENT   6684    1377   1441   1442   1378      0      0      0      0


 ELEMENT   6685    1378   1442   1443   1379      0      0      0      0


 ELEMENT   6686    1379   1443   1444   1380      0      0      0      0


 ELEMENT   6687    1380   1444   1445   1381      0      0      0      0


 ELEMENT   6688    1381   1445   1446   1382      0      0      0      0


 ELEMENT   6689    1382   1446   1447   1383      0      0      0      0


 ELEMENT   6690    1383   1447   1448   1384      0      0      0      0


 ELEMENT   6691    1384   1448   1449   1385      0      0      0      0


 ELEMENT   6692    1385   1449   1450   1386      0      0      0      0


 ELEMENT   6693    1386   1450   1451   1387      0      0      0      0


 ELEMENT   6694    1387   1451   1452   1388      0      0      0      0


 ELEMENT   6695    1388   1452   1453   1389      0      0      0      0


 ELEMENT   6696    1389   1453   1454   1390      0      0      0      0


 ELEMENT   6697    1390   1454   1455   1391      0      0      0      0


 ELEMENT   6698    1391   1455   1456   1392      0      0      0      0


 ELEMENT   6699    1392   1456   1457   1393      0      0      0      0


 ELEMENT   6700    1393   1457   1458   1394      0      0      0      0


 ELEMENT   6701    1394   1458   1459   1395      0      0      0      0


 ELEMENT   6702    1395   1459   1460   1396      0      0      0      0


 ELEMENT   6703    1396   1460   1461   1397      0      0      0      0


 ELEMENT   6704    1397   1461   1462   1398      0      0      0      0


 ELEMENT   6705    1398   1462   1463   1399      0      0      0      0


 ELEMENT   6706    1399   1463   1464   1400      0      0      0      0


 ELEMENT   6707    1400   1464   1465   1401      0      0      0      0


 ELEMENT   6708    1401   1465   1466   1402      0      0      0      0


 ELEMENT   6709    1402   1466   1467   1403      0      0      0      0


 ELEMENT   6710    1403   1467   1468   1404      0      0      0      0


 ELEMENT   6711    1404   1468   1469   1405      0      0      0      0


 ELEMENT   6712    1405   1469   1470   1406      0      0      0      0


 ELEMENT   6713    1406   1470   1471   1407      0      0      0      0


 ELEMENT   6714    1407   1471   1472   1408      0      0      0      0


 ELEMENT   6715    1408   1472   1473   1409      0      0      0      0


 ELEMENT   6716    1409   1473   1474   1410      0      0      0      0


 ELEMENT   6717    1410   1474   1475   1411      0      0      0      0


 ELEMENT   6718    1411   1475   1476   1412      0      0      0      0


 ELEMENT   6719    1412   1476   1477   1413      0      0      0      0


 ELEMENT   6720    1413   1477   1478   1414      0      0      0      0


 ELEMENT   6721    1414   1478   1479   1415      0      0      0      0


 ELEMENT   6722    1415   1479   1480   1416      0      0      0      0


 ELEMENT   6723    1416   1480   1481   1417      0      0      0      0


 ELEMENT   6724    1417   1481   1482   1418      0      0      0      0


 ELEMENT   6725    1418   1482   1483   1419      0      0      0      0


 ELEMENT   6726    1419   1483   1484   1420      0      0      0      0


 ELEMENT   6727    1420   1484   1485   1421      0      0      0      0


 ELEMENT   6728    1421   1485   1486   1422      0      0      0      0


 ELEMENT   6729    1422   1486   1487   1423      0      0      0      0


 ELEMENT   6730    1423   1487   1488   1424      0      0      0      0


 ELEMENT   6731    1424   1488   1489   1425      0      0      0      0


 ELEMENT   6732    1425   1489   1490   1426      0      0      0      0


 ELEMENT   6733    1426   1490   1491   1427      0      0      0      0


 ELEMENT   6734    1427   1491   1492   1428      0      0      0      0


 ELEMENT   6735    1428   1492   1493   1429      0      0      0      0


 ELEMENT   6736    1429   1493   1494   1430      0      0      0      0


 ELEMENT   6737    1430   1494   1495   1431      0      0      0      0


 ELEMENT   6738    1431   1495   1496   1432      0      0      0      0


 ELEMENT   6739    1432   1496   1433   1369      0      0      0      0


 ELEMENT   6740    1433   1497   1498   1434      0      0      0      0


 ELEMENT   6741    1434   1498   1499   1435      0      0      0      0


 ELEMENT   6742    1435   1499   1500   1436      0      0      0      0


 ELEMENT   6743    1436   1500   1501   1437      0      0      0      0


 ELEMENT   6744    1437   1501   1502   1438      0      0      0      0


 ELEMENT   6745    1438   1502   1503   1439      0      0      0      0


 ELEMENT   6746    1439   1503   1504   1440      0      0      0      0


 ELEMENT   6747    1440   1504   1505   1441      0      0      0      0


 ELEMENT   6748    1441   1505   1506   1442      0      0      0      0


 ELEMENT   6749    1442   1506   1507   1443      0      0      0      0


 ELEMENT   6750    1443   1507   1508   1444      0      0      0      0


 ELEMENT   6751    1444   1508   1509   1445      0      0      0      0


 ELEMENT   6752    1445   1509   1510   1446      0      0      0      0


 ELEMENT   6753    1446   1510   1511   1447      0      0      0      0


 ELEMENT   6754    1447   1511   1512   1448      0      0      0      0


 ELEMENT   6755    1448   1512   1513   1449      0      0      0      0


 ELEMENT   6756    1449   1513   1514   1450      0      0      0      0


 ELEMENT   6757    1450   1514   1515   1451      0      0      0      0


 ELEMENT   6758    1451   1515   1516   1452      0      0      0      0


 ELEMENT   6759    1452   1516   1517   1453      0      0      0      0


 ELEMENT   6760    1453   1517   1518   1454      0      0      0      0


 ELEMENT   6761    1454   1518   1519   1455      0      0      0      0


 ELEMENT   6762    1455   1519   1520   1456      0      0      0      0


 ELEMENT   6763    1456   1520   1521   1457      0      0      0      0


 ELEMENT   6764    1457   1521   1522   1458      0      0      0      0


 ELEMENT   6765    1458   1522   1523   1459      0      0      0      0


 ELEMENT   6766    1459   1523   1524   1460      0      0      0      0


 ELEMENT   6767    1460   1524   1525   1461      0      0      0      0


 ELEMENT   6768    1461   1525   1526   1462      0      0      0      0


 ELEMENT   6769    1462   1526   1527   1463      0      0      0      0


 ELEMENT   6770    1463   1527   1528   1464      0      0      0      0


 ELEMENT   6771    1464   1528   1529   1465      0      0      0      0


 ELEMENT   6772    1465   1529   1530   1466      0      0      0      0


 ELEMENT   6773    1466   1530   1531   1467      0      0      0      0


 ELEMENT   6774    1467   1531   1532   1468      0      0      0      0


 ELEMENT   6775    1468   1532   1533   1469      0      0      0      0


 ELEMENT   6776    1469   1533   1534   1470      0      0      0      0


 ELEMENT   6777    1470   1534   1535   1471      0      0      0      0


 ELEMENT   6778    1471   1535   1536   1472      0      0      0      0


 ELEMENT   6779    1472   1536   1537   1473      0      0      0      0


 ELEMENT   6780    1473   1537   1538   1474      0      0      0      0


 ELEMENT   6781    1474   1538   1539   1475      0      0      0      0


 ELEMENT   6782    1475   1539   1540   1476      0      0      0      0


 ELEMENT   6783    1476   1540   1541   1477      0      0      0      0


 ELEMENT   6784    1477   1541   1542   1478      0      0      0      0


 ELEMENT   6785    1478   1542   1543   1479      0      0      0      0


 ELEMENT   6786    1479   1543   1544   1480      0      0      0      0


 ELEMENT   6787    1480   1544   1545   1481      0      0      0      0


 ELEMENT   6788    1481   1545   1546   1482      0      0      0      0


 ELEMENT   6789    1482   1546   1547   1483      0      0      0      0


 ELEMENT   6790    1483   1547   1548   1484      0      0      0      0


 ELEMENT   6791    1484   1548   1549   1485      0      0      0      0


 ELEMENT   6792    1485   1549   1550   1486      0      0      0      0


 ELEMENT   6793    1486   1550   1551   1487      0      0      0      0


 ELEMENT   6794    1487   1551   1552   1488      0      0      0      0


 ELEMENT   6795    1488   1552   1553   1489      0      0      0      0


 ELEMENT   6796    1489   1553   1554   1490      0      0      0      0


 ELEMENT   6797    1490   1554   1555   1491      0      0      0      0


 ELEMENT   6798    1491   1555   1556   1492      0      0      0      0


 ELEMENT   6799    1492   1556   1557   1493      0      0      0      0


 ELEMENT   6800    1493   1557   1558   1494      0      0      0      0


 ELEMENT   6801    1494   1558   1559   1495      0      0      0      0


 ELEMENT   6802    1495   1559   1560   1496      0      0      0      0


 ELEMENT   6803    1496   1560   1497   1433      0      0      0      0


 ELEMENT   6804    1497   1561   1562   1498      0      0      0      0


 ELEMENT   6805    1498   1562   1563   1499      0      0      0      0


 ELEMENT   6806    1499   1563   1564   1500      0      0      0      0


 ELEMENT   6807    1500   1564   1565   1501      0      0      0      0


 ELEMENT   6808    1501   1565   1566   1502      0      0      0      0


 ELEMENT   6809    1502   1566   1567   1503      0      0      0      0


 ELEMENT   6810    1503   1567   1568   1504      0      0      0      0


 ELEMENT   6811    1504   1568   1569   1505      0      0      0      0


 ELEMENT   6812    1505   1569   1570   1506      0      0      0      0


 ELEMENT   6813    1506   1570   1571   1507      0      0      0      0


 ELEMENT   6814    1507   1571   1572   1508      0      0      0      0


 ELEMENT   6815    1508   1572   1573   1509      0      0      0      0


 ELEMENT   6816    1509   1573   1574   1510      0      0      0      0


 ELEMENT   6817    1510   1574   1575   1511      0      0      0      0


 ELEMENT   6818    1511   1575   1576   1512      0      0      0      0


 ELEMENT   6819    1512   1576   1577   1513      0      0      0      0


 ELEMENT   6820    1513   1577   1578   1514      0      0      0      0


 ELEMENT   6821    1514   1578   1579   1515      0      0      0      0


 ELEMENT   6822    1515   1579   1580   1516      0      0      0      0


 ELEMENT   6823    1516   1580   1581   1517      0      0      0      0


 ELEMENT   6824    1517   1581   1582   1518      0      0      0      0


 ELEMENT   6825    1518   1582   1583   1519      0      0      0      0


 ELEMENT   6826    1519   1583   1584   1520      0      0      0      0


 ELEMENT   6827    1520   1584   1585   1521      0      0      0      0


 ELEMENT   6828    1521   1585   1586   1522      0      0      0      0


 ELEMENT   6829    1522   1586   1587   1523      0      0      0      0


 ELEMENT   6830    1523   1587   1588   1524      0      0      0      0


 ELEMENT   6831    1524   1588   1589   1525      0      0      0      0


 ELEMENT   6832    1525   1589   1590   1526      0      0      0      0


 ELEMENT   6833    1526   1590   1591   1527      0      0      0      0


 ELEMENT   6834    1527   1591   1592   1528      0      0      0      0


 ELEMENT   6835    1528   1592   1593   1529      0      0      0      0


 ELEMENT   6836    1529   1593   1594   1530      0      0      0      0


 ELEMENT   6837    1530   1594   1595   1531      0      0      0      0


 ELEMENT   6838    1531   1595   1596   1532      0      0      0      0


 ELEMENT   6839    1532   1596   1597   1533      0      0      0      0


 ELEMENT   6840    1533   1597   1598   1534      0      0      0      0


 ELEMENT   6841    1534   1598   1599   1535      0      0      0      0


 ELEMENT   6842    1535   1599   1600   1536      0      0      0      0


 ELEMENT   6843    1536   1600   1601   1537      0      0      0      0


 ELEMENT   6844    1537   1601   1602   1538      0      0      0      0


 ELEMENT   6845    1538   1602   1603   1539      0      0      0      0


 ELEMENT   6846    1539   1603   1604   1540      0      0      0      0


 ELEMENT   6847    1540   1604   1605   1541      0      0      0      0


 ELEMENT   6848    1541   1605   1606   1542      0      0      0      0


 ELEMENT   6849    1542   1606   1607   1543      0      0      0      0


 ELEMENT   6850    1543   1607   1608   1544      0      0      0      0


 ELEMENT   6851    1544   1608   1609   1545      0      0      0      0


 ELEMENT   6852    1545   1609   1610   1546      0      0      0      0


 ELEMENT   6853    1546   1610   1611   1547      0      0      0      0


 ELEMENT   6854    1547   1611   1612   1548      0      0      0      0


 ELEMENT   6855    1548   1612   1613   1549      0      0      0      0


 ELEMENT   6856    1549   1613   1614   1550      0      0      0      0


 ELEMENT   6857    1550   1614   1615   1551      0      0      0      0


 ELEMENT   6858    1551   1615   1616   1552      0      0      0      0


 ELEMENT   6859    1552   1616   1617   1553      0      0      0      0


 ELEMENT   6860    1553   1617   1618   1554      0      0      0      0


 ELEMENT   6861    1554   1618   1619   1555      0      0      0      0


 ELEMENT   6862    1555   1619   1620   1556      0      0      0      0


 ELEMENT   6863    1556   1620   1621   1557      0      0      0      0


 ELEMENT   6864    1557   1621   1622   1558      0      0      0      0


 ELEMENT   6865    1558   1622   1623   1559      0      0      0      0


 ELEMENT   6866    1559   1623   1624   1560      0      0      0      0


 ELEMENT   6867    1560   1624   1561   1497      0      0      0      0


 ELEMENT   6868    1561   1625   1626   1562      0      0      0      0


 ELEMENT   6869    1562   1626   1627   1563      0      0      0      0


 ELEMENT   6870    1563   1627   1628   1564      0      0      0      0


 ELEMENT   6871    1564   1628   1629   1565      0      0      0      0


 ELEMENT   6872    1565   1629   1630   1566      0      0      0      0


 ELEMENT   6873    1566   1630   1631   1567      0      0      0      0


 ELEMENT   6874    1567   1631   1632   1568      0      0      0      0


 ELEMENT   6875    1568   1632   1633   1569      0      0      0      0


 ELEMENT   6876    1569   1633   1634   1570      0      0      0      0


 ELEMENT   6877    1570   1634   1635   1571      0      0      0      0


 ELEMENT   6878    1571   1635   1636   1572      0      0      0      0


 ELEMENT   6879    1572   1636   1637   1573      0      0      0      0


 ELEMENT   6880    1573   1637   1638   1574      0      0      0      0


 ELEMENT   6881    1574   1638   1639   1575      0      0      0      0


 ELEMENT   6882    1575   1639   1640   1576      0      0      0      0


 ELEMENT   6883    1576   1640   1641   1577      0      0      0      0


 ELEMENT   6884    1577   1641   1642   1578      0      0      0      0


 ELEMENT   6885    1578   1642   1643   1579      0      0      0      0


 ELEMENT   6886    1579   1643   1644   1580      0      0      0      0


 ELEMENT   6887    1580   1644   1645   1581      0      0      0      0


 ELEMENT   6888    1581   1645   1646   1582      0      0      0      0


 ELEMENT   6889    1582   1646   1647   1583      0      0      0      0


 ELEMENT   6890    1583   1647   1648   1584      0      0      0      0


 ELEMENT   6891    1584   1648   1649   1585      0      0      0      0


 ELEMENT   6892    1585   1649   1650   1586      0      0      0      0


 ELEMENT   6893    1586   1650   1651   1587      0      0      0      0


 ELEMENT   6894    1587   1651   1652   1588      0      0      0      0


 ELEMENT   6895    1588   1652   1653   1589      0      0      0      0


 ELEMENT   6896    1589   1653   1654   1590      0      0      0      0


 ELEMENT   6897    1590   1654   1655   1591      0      0      0      0


 ELEMENT   6898    1591   1655   1656   1592      0      0      0      0


 ELEMENT   6899    1592   1656   1657   1593      0      0      0      0


 ELEMENT   6900    1593   1657   1658   1594      0      0      0      0


 ELEMENT   6901    1594   1658   1659   1595      0      0      0      0


 ELEMENT   6902    1595   1659   1660   1596      0      0      0      0


 ELEMENT   6903    1596   1660   1661   1597      0      0      0      0


 ELEMENT   6904    1597   1661   1662   1598      0      0      0      0


 ELEMENT   6905    1598   1662   1663   1599      0      0      0      0


 ELEMENT   6906    1599   1663   1664   1600      0      0      0      0


 ELEMENT   6907    1600   1664   1665   1601      0      0      0      0


 ELEMENT   6908    1601   1665   1666   1602      0      0      0      0


 ELEMENT   6909    1602   1666   1667   1603      0      0      0      0


 ELEMENT   6910    1603   1667   1668   1604      0      0      0      0


 ELEMENT   6911    1604   1668   1669   1605      0      0      0      0


 ELEMENT   6912    1605   1669   1670   1606      0      0      0      0


 ELEMENT   6913    1606   1670   1671   1607      0      0      0      0


 ELEMENT   6914    1607   1671   1672   1608      0      0      0      0


 ELEMENT   6915    1608   1672   1673   1609      0      0      0      0


 ELEMENT   6916    1609   1673   1674   1610      0      0      0      0


 ELEMENT   6917    1610   1674   1675   1611      0      0      0      0


 ELEMENT   6918    1611   1675   1676   1612      0      0      0      0


 ELEMENT   6919    1612   1676   1677   1613      0      0      0      0


 ELEMENT   6920    1613   1677   1678   1614      0      0      0      0


 ELEMENT   6921    1614   1678   1679   1615      0      0      0      0


 ELEMENT   6922    1615   1679   1680   1616      0      0      0      0


 ELEMENT   6923    1616   1680   1681   1617      0      0      0      0


 ELEMENT   6924    1617   1681   1682   1618      0      0      0      0


 ELEMENT   6925    1618   1682   1683   1619      0      0      0      0


 ELEMENT   6926    1619   1683   1684   1620      0      0      0      0


 ELEMENT   6927    1620   1684   1685   1621      0      0      0      0


 ELEMENT   6928    1621   1685   1686   1622      0      0      0      0


 ELEMENT   6929    1622   1686   1687   1623      0      0      0      0


 ELEMENT   6930    1623   1687   1688   1624      0      0      0      0


 ELEMENT   6931    1624   1688   1625   1561      0      0      0      0


 ELEMENT   6932    1625   1689   1690   1626      0      0      0      0


 ELEMENT   6933    1626   1690   1691   1627      0      0      0      0


 ELEMENT   6934    1627   1691   1692   1628      0      0      0      0


 ELEMENT   6935    1628   1692   1693   1629      0      0      0      0


 ELEMENT   6936    1629   1693   1694   1630      0      0      0      0


 ELEMENT   6937    1630   1694   1695   1631      0      0      0      0


 ELEMENT   6938    1631   1695   1696   1632      0      0      0      0


 ELEMENT   6939    1632   1696   1697   1633      0      0      0      0


 ELEMENT   6940    1633   1697   1698   1634      0      0      0      0


 ELEMENT   6941    1634   1698   1699   1635      0      0      0      0


 ELEMENT   6942    1635   1699   1700   1636      0      0      0      0


 ELEMENT   6943    1636   1700   1701   1637      0      0      0      0


 ELEMENT   6944    1637   1701   1702   1638      0      0      0      0


 ELEMENT   6945    1638   1702   1703   1639      0      0      0      0


 ELEMENT   6946    1639   1703   1704   1640      0      0      0      0


 ELEMENT   6947    1640   1704   1705   1641      0      0      0      0


 ELEMENT   6948    1641   1705   1706   1642      0      0      0      0


 ELEMENT   6949    1642   1706   1707   1643      0      0      0      0


 ELEMENT   6950    1643   1707   1708   1644      0      0      0      0


 ELEMENT   6951    1644   1708   1709   1645      0      0      0      0


 ELEMENT   6952    1645   1709   1710   1646      0      0      0      0


 ELEMENT   6953    1646   1710   1711   1647      0      0      0      0


 ELEMENT   6954    1647   1711   1712   1648      0      0      0      0


 ELEMENT   6955    1648   1712   1713   1649      0      0      0      0


 ELEMENT   6956    1649   1713   1714   1650      0      0      0      0


 ELEMENT   6957    1650   1714   1715   1651      0      0      0      0


 ELEMENT   6958    1651   1715   1716   1652      0      0      0      0


 ELEMENT   6959    1652   1716   1717   1653      0      0      0      0


 ELEMENT   6960    1653   1717   1718   1654      0      0      0      0


 ELEMENT   6961    1654   1718   1719   1655      0      0      0      0


 ELEMENT   6962    1655   1719   1720   1656      0      0      0      0


 ELEMENT   6963    1656   1720   1721   1657      0      0      0      0


 ELEMENT   6964    1657   1721   1722   1658      0      0      0      0


 ELEMENT   6965    1658   1722   1723   1659      0      0      0      0


 ELEMENT   6966    1659   1723   1724   1660      0      0      0      0


 ELEMENT   6967    1660   1724   1725   1661      0      0      0      0


 ELEMENT   6968    1661   1725   1726   1662      0      0      0      0


 ELEMENT   6969    1662   1726   1727   1663      0      0      0      0


 ELEMENT   6970    1663   1727   1728   1664      0      0      0      0


 ELEMENT   6971    1664   1728   1729   1665      0      0      0      0


 ELEMENT   6972    1665   1729   1730   1666      0      0      0      0


 ELEMENT   6973    1666   1730   1731   1667      0      0      0      0


 ELEMENT   6974    1667   1731   1732   1668      0      0      0      0


 ELEMENT   6975    1668   1732   1733   1669      0      0      0      0


 ELEMENT   6976    1669   1733   1734   1670      0      0      0      0


 ELEMENT   6977    1670   1734   1735   1671      0      0      0      0


 ELEMENT   6978    1671   1735   1736   1672      0      0      0      0


 ELEMENT   6979    1672   1736   1737   1673      0      0      0      0


 ELEMENT   6980    1673   1737   1738   1674      0      0      0      0


 ELEMENT   6981    1674   1738   1739   1675      0      0      0      0


 ELEMENT   6982    1675   1739   1740   1676      0      0      0      0


 ELEMENT   6983    1676   1740   1741   1677      0      0      0      0


 ELEMENT   6984    1677   1741   1742   1678      0      0      0      0


 ELEMENT   6985    1678   1742   1743   1679      0      0      0      0


 ELEMENT   6986    1679   1743   1744   1680      0      0      0      0


 ELEMENT   6987    1680   1744   1745   1681      0      0      0      0


 ELEMENT   6988    1681   1745   1746   1682      0      0      0      0


 ELEMENT   6989    1682   1746   1747   1683      0      0      0      0


 ELEMENT   6990    1683   1747   1748   1684      0      0      0      0


 ELEMENT   6991    1684   1748   1749   1685      0      0      0      0


 ELEMENT   6992    1685   1749   1750   1686      0      0      0      0


 ELEMENT   6993    1686   1750   1751   1687      0      0      0      0


 ELEMENT   6994    1687   1751   1752   1688      0      0      0      0


 ELEMENT   6995    1688   1752   1689   1625      0      0      0      0


 ELEMENT   6996    1689   1753   1754   1690      0      0      0      0


 ELEMENT   6997    1690   1754   1755   1691      0      0      0      0


 ELEMENT   6998    1691   1755   1756   1692      0      0      0      0


 ELEMENT   6999    1692   1756   1757   1693      0      0      0      0


 ELEMENT   7000    1693   1757   1758   1694      0      0      0      0


 ELEMENT   7001    1694   1758   1759   1695      0      0      0      0


 ELEMENT   7002    1695   1759   1760   1696      0      0      0      0


 ELEMENT   7003    1696   1760   1761   1697      0      0      0      0


 ELEMENT   7004    1697   1761   1762   1698      0      0      0      0


 ELEMENT   7005    1698   1762   1763   1699      0      0      0      0


 ELEMENT   7006    1699   1763   1764   1700      0      0      0      0


 ELEMENT   7007    1700   1764   1765   1701      0      0      0      0


 ELEMENT   7008    1701   1765   1766   1702      0      0      0      0


 ELEMENT   7009    1702   1766   1767   1703      0      0      0      0


 ELEMENT   7010    1703   1767   1768   1704      0      0      0      0


 ELEMENT   7011    1704   1768   1769   1705      0      0      0      0


 ELEMENT   7012    1705   1769   1770   1706      0      0      0      0


 ELEMENT   7013    1706   1770   1771   1707      0      0      0      0


 ELEMENT   7014    1707   1771   1772   1708      0      0      0      0


 ELEMENT   7015    1708   1772   1773   1709      0      0      0      0


 ELEMENT   7016    1709   1773   1774   1710      0      0      0      0


 ELEMENT   7017    1710   1774   1775   1711      0      0      0      0


 ELEMENT   7018    1711   1775   1776   1712      0      0      0      0


 ELEMENT   7019    1712   1776   1777   1713      0      0      0      0


 ELEMENT   7020    1713   1777   1778   1714      0      0      0      0


 ELEMENT   7021    1714   1778   1779   1715      0      0      0      0


 ELEMENT   7022    1715   1779   1780   1716      0      0      0      0


 ELEMENT   7023    1716   1780   1781   1717      0      0      0      0


 ELEMENT   7024    1717   1781   1782   1718      0      0      0      0


 ELEMENT   7025    1718   1782   1783   1719      0      0      0      0


 ELEMENT   7026    1719   1783   1784   1720      0      0      0      0


 ELEMENT   7027    1720   1784   1785   1721      0      0      0      0


 ELEMENT   7028    1721   1785   1786   1722      0      0      0      0


 ELEMENT   7029    1722   1786   1787   1723      0      0      0      0


 ELEMENT   7030    1723   1787   1788   1724      0      0      0      0


 ELEMENT   7031    1724   1788   1789   1725      0      0      0      0


 ELEMENT   7032    1725   1789   1790   1726      0      0      0      0


 ELEMENT   7033    1726   1790   1791   1727      0      0      0      0


 ELEMENT   7034    1727   1791   1792   1728      0      0      0      0


 ELEMENT   7035    1728   1792   1793   1729      0      0      0      0


 ELEMENT   7036    1729   1793   1794   1730      0      0      0      0


 ELEMENT   7037    1730   1794   1795   1731      0      0      0      0


 ELEMENT   7038    1731   1795   1796   1732      0      0      0      0


 ELEMENT   7039    1732   1796   1797   1733      0      0      0      0


 ELEMENT   7040    1733   1797   1798   1734      0      0      0      0


 ELEMENT   7041    1734   1798   1799   1735      0      0      0      0


 ELEMENT   7042    1735   1799   1800   1736      0      0      0      0


 ELEMENT   7043    1736   1800   1801   1737      0      0      0      0


 ELEMENT   7044    1737   1801   1802   1738      0      0      0      0


 ELEMENT   7045    1738   1802   1803   1739      0      0      0      0


 ELEMENT   7046    1739   1803   1804   1740      0      0      0      0


 ELEMENT   7047    1740   1804   1805   1741      0      0      0      0


 ELEMENT   7048    1741   1805   1806   1742      0      0      0      0


 ELEMENT   7049    1742   1806   1807   1743      0      0      0      0


 ELEMENT   7050    1743   1807   1808   1744      0      0      0      0


 ELEMENT   7051    1744   1808   1809   1745      0      0      0      0


 ELEMENT   7052    1745   1809   1810   1746      0      0      0      0


 ELEMENT   7053    1746   1810   1811   1747      0      0      0      0


 ELEMENT   7054    1747   1811   1812   1748      0      0      0      0


 ELEMENT   7055    1748   1812   1813   1749      0      0      0      0


 ELEMENT   7056    1749   1813   1814   1750      0      0      0      0


 ELEMENT   7057    1750   1814   1815   1751      0      0      0      0


 ELEMENT   7058    1751   1815   1816   1752      0      0      0      0


 ELEMENT   7059    1752   1816   1753   1689      0      0      0      0


 ELEMENT   7060    1753   1817   1818   1754      0      0      0      0


 ELEMENT   7061    1754   1818   1819   1755      0      0      0      0


 ELEMENT   7062    1755   1819   1820   1756      0      0      0      0


 ELEMENT   7063    1756   1820   1821   1757      0      0      0      0


 ELEMENT   7064    1757   1821   1822   1758      0      0      0      0


 ELEMENT   7065    1758   1822   1823   1759      0      0      0      0


 ELEMENT   7066    1759   1823   1824   1760      0      0      0      0


 ELEMENT   7067    1760   1824   1825   1761      0      0      0      0


 ELEMENT   7068    1761   1825   1826   1762      0      0      0      0


 ELEMENT   7069    1762   1826   1827   1763      0      0      0      0


 ELEMENT   7070    1763   1827   1828   1764      0      0      0      0


 ELEMENT   7071    1764   1828   1829   1765      0      0      0      0


 ELEMENT   7072    1765   1829   1830   1766      0      0      0      0


 ELEMENT   7073    1766   1830   1831   1767      0      0      0      0


 ELEMENT   7074    1767   1831   1832   1768      0      0      0      0


 ELEMENT   7075    1768   1832   1833   1769      0      0      0      0


 ELEMENT   7076    1769   1833   1834   1770      0      0      0      0


 ELEMENT   7077    1770   1834   1835   1771      0      0      0      0


 ELEMENT   7078    1771   1835   1836   1772      0      0      0      0


 ELEMENT   7079    1772   1836   1837   1773      0      0      0      0


 ELEMENT   7080    1773   1837   1838   1774      0      0      0      0


 ELEMENT   7081    1774   1838   1839   1775      0      0      0      0


 ELEMENT   7082    1775   1839   1840   1776      0      0      0      0


 ELEMENT   7083    1776   1840   1841   1777      0      0      0      0


 ELEMENT   7084    1777   1841   1842   1778      0      0      0      0


 ELEMENT   7085    1778   1842   1843   1779      0      0      0      0


 ELEMENT   7086    1779   1843   1844   1780      0      0      0      0


 ELEMENT   7087    1780   1844   1845   1781      0      0      0      0


 ELEMENT   7088    1781   1845   1846   1782      0      0      0      0


 ELEMENT   7089    1782   1846   1847   1783      0      0      0      0


 ELEMENT   7090    1783   1847   1848   1784      0      0      0      0


 ELEMENT   7091    1784   1848   1849   1785      0      0      0      0


 ELEMENT   7092    1785   1849   1850   1786      0      0      0      0


 ELEMENT   7093    1786   1850   1851   1787      0      0      0      0


 ELEMENT   7094    1787   1851   1852   1788      0      0      0      0


 ELEMENT   7095    1788   1852   1853   1789      0      0      0      0


 ELEMENT   7096    1789   1853   1854   1790      0      0      0      0


 ELEMENT   7097    1790   1854   1855   1791      0      0      0      0


 ELEMENT   7098    1791   1855   1856   1792      0      0      0      0


 ELEMENT   7099    1792   1856   1857   1793      0      0      0      0


 ELEMENT   7100    1793   1857   1858   1794      0      0      0      0


 ELEMENT   7101    1794   1858   1859   1795      0      0      0      0


 ELEMENT   7102    1795   1859   1860   1796      0      0      0      0


 ELEMENT   7103    1796   1860   1861   1797      0      0      0      0


 ELEMENT   7104    1797   1861   1862   1798      0      0      0      0


 ELEMENT   7105    1798   1862   1863   1799      0      0      0      0


 ELEMENT   7106    1799   1863   1864   1800      0      0      0      0


 ELEMENT   7107    1800   1864   1865   1801      0      0      0      0


 ELEMENT   7108    1801   1865   1866   1802      0      0      0      0


 ELEMENT   7109    1802   1866   1867   1803      0      0      0      0


 ELEMENT   7110    1803   1867   1868   1804      0      0      0      0


 ELEMENT   7111    1804   1868   1869   1805      0      0      0      0


 ELEMENT   7112    1805   1869   1870   1806      0      0      0      0


 ELEMENT   7113    1806   1870   1871   1807      0      0      0      0


 ELEMENT   7114    1807   1871   1872   1808      0      0      0      0


 ELEMENT   7115    1808   1872   1873   1809      0      0      0      0


 ELEMENT   7116    1809   1873   1874   1810      0      0      0      0


 ELEMENT   7117    1810   1874   1875   1811      0      0      0      0


 ELEMENT   7118    1811   1875   1876   1812      0      0      0      0


 ELEMENT   7119    1812   1876   1877   1813      0      0      0      0


 ELEMENT   7120    1813   1877   1878   1814      0      0      0      0


 ELEMENT   7121    1814   1878   1879   1815      0      0      0      0


 ELEMENT   7122    1815   1879   1880   1816      0      0      0      0


 ELEMENT   7123    1816   1880   1817   1753      0      0      0      0


 ELEMENT   7124    1817   1881   1882   1818      0      0      0      0


 ELEMENT   7125    1818   1882   1883   1819      0      0      0      0


 ELEMENT   7126    1819   1883   1884   1820      0      0      0      0


 ELEMENT   7127    1820   1884   1885   1821      0      0      0      0


 ELEMENT   7128    1821   1885   1886   1822      0      0      0      0


 ELEMENT   7129    1822   1886   1887   1823      0      0      0      0


 ELEMENT   7130    1823   1887   1888   1824      0      0      0      0


 ELEMENT   7131    1824   1888   1889   1825      0      0      0      0


 ELEMENT   7132    1825   1889   1890   1826      0      0      0      0


 ELEMENT   7133    1826   1890   1891   1827      0      0      0      0


 ELEMENT   7134    1827   1891   1892   1828      0      0      0      0


 ELEMENT   7135    1828   1892   1893   1829      0      0      0      0


 ELEMENT   7136    1829   1893   1894   1830      0      0      0      0


 ELEMENT   7137    1830   1894   1895   1831      0      0      0      0


 ELEMENT   7138    1831   1895   1896   1832      0      0      0      0


 ELEMENT   7139    1832   1896   1897   1833      0      0      0      0


 ELEMENT   7140    1833   1897   1898   1834      0      0      0      0


 ELEMENT   7141    1834   1898   1899   1835      0      0      0      0


 ELEMENT   7142    1835   1899   1900   1836      0      0      0      0


 ELEMENT   7143    1836   1900   1901   1837      0      0      0      0


 ELEMENT   7144    1837   1901   1902   1838      0      0      0      0


 ELEMENT   7145    1838   1902   1903   1839      0      0      0      0


 ELEMENT   7146    1839   1903   1904   1840      0      0      0      0


 ELEMENT   7147    1840   1904   1905   1841      0      0      0      0


 ELEMENT   7148    1841   1905   1906   1842      0      0      0      0


 ELEMENT   7149    1842   1906   1907   1843      0      0      0      0


 ELEMENT   7150    1843   1907   1908   1844      0      0      0      0


 ELEMENT   7151    1844   1908   1909   1845      0      0      0      0


 ELEMENT   7152    1845   1909   1910   1846      0      0      0      0


 ELEMENT   7153    1846   1910   1911   1847      0      0      0      0


 ELEMENT   7154    1847   1911   1912   1848      0      0      0      0


 ELEMENT   7155    1848   1912   1913   1849      0      0      0      0


 ELEMENT   7156    1849   1913   1914   1850      0      0      0      0


 ELEMENT   7157    1850   1914   1915   1851      0      0      0      0


 ELEMENT   7158    1851   1915   1916   1852      0      0      0      0


 ELEMENT   7159    1852   1916   1917   1853      0      0      0      0


 ELEMENT   7160    1853   1917   1918   1854      0      0      0      0


 ELEMENT   7161    1854   1918   1919   1855      0      0      0      0


 ELEMENT   7162    1855   1919   1920   1856      0      0      0      0


 ELEMENT   7163    1856   1920   1921   1857      0      0      0      0


 ELEMENT   7164    1857   1921   1922   1858      0      0      0      0


 ELEMENT   7165    1858   1922   1923   1859      0      0      0      0


 ELEMENT   7166    1859   1923   1924   1860      0      0      0      0


 ELEMENT   7167    1860   1924   1925   1861      0      0      0      0


 ELEMENT   7168    1861   1925   1926   1862      0      0      0      0


 ELEMENT   7169    1862   1926   1927   1863      0      0      0      0


 ELEMENT   7170    1863   1927   1928   1864      0      0      0      0


 ELEMENT   7171    1864   1928   1929   1865      0      0      0      0


 ELEMENT   7172    1865   1929   1930   1866      0      0      0      0


 ELEMENT   7173    1866   1930   1931   1867      0      0      0      0


 ELEMENT   7174    1867   1931   1932   1868      0      0      0      0


 ELEMENT   7175    1868   1932   1933   1869      0      0      0      0


 ELEMENT   7176    1869   1933   1934   1870      0      0      0      0


 ELEMENT   7177    1870   1934   1935   1871      0      0      0      0


 ELEMENT   7178    1871   1935   1936   1872      0      0      0      0


 ELEMENT   7179    1872   1936   1937   1873      0      0      0      0


 ELEMENT   7180    1873   1937   1938   1874      0      0      0      0


 ELEMENT   7181    1874   1938   1939   1875      0      0      0      0


 ELEMENT   7182    1875   1939   1940   1876      0      0      0      0


 ELEMENT   7183    1876   1940   1941   1877      0      0      0      0


 ELEMENT   7184    1877   1941   1942   1878      0      0      0      0


 ELEMENT   7185    1878   1942   1943   1879      0      0      0      0


 ELEMENT   7186    1879   1943   1944   1880      0      0      0      0


 ELEMENT   7187    1880   1944   1881   1817      0      0      0      0


 ELEMENT   7188    1881   1945   1946   1882      0      0      0      0


 ELEMENT   7189    1882   1946   1947   1883      0      0      0      0


 ELEMENT   7190    1883   1947   1948   1884      0      0      0      0


 ELEMENT   7191    1884   1948   1949   1885      0      0      0      0


 ELEMENT   7192    1885   1949   1950   1886      0      0      0      0


 ELEMENT   7193    1886   1950   1951   1887      0      0      0      0


 ELEMENT   7194    1887   1951   1952   1888      0      0      0      0


 ELEMENT   7195    1888   1952   1953   1889      0      0      0      0


 ELEMENT   7196    1889   1953   1954   1890      0      0      0      0


 ELEMENT   7197    1890   1954   1955   1891      0      0      0      0


 ELEMENT   7198    1891   1955   1956   1892      0      0      0      0


 ELEMENT   7199    1892   1956   1957   1893      0      0      0      0


 ELEMENT   7200    1893   1957   1958   1894      0      0      0      0


 ELEMENT   7201    1894   1958   1959   1895      0      0      0      0


 ELEMENT   7202    1895   1959   1960   1896      0      0      0      0


 ELEMENT   7203    1896   1960   1961   1897      0      0      0      0


 ELEMENT   7204    1897   1961   1962   1898      0      0      0      0


 ELEMENT   7205    1898   1962   1963   1899      0      0      0      0


 ELEMENT   7206    1899   1963   1964   1900      0      0      0      0


 ELEMENT   7207    1900   1964   1965   1901      0      0      0      0


 ELEMENT   7208    1901   1965   1966   1902      0      0      0      0


 ELEMENT   7209    1902   1966   1967   1903      0      0      0      0


 ELEMENT   7210    1903   1967   1968   1904      0      0      0      0


 ELEMENT   7211    1904   1968   1969   1905      0      0      0      0


 ELEMENT   7212    1905   1969   1970   1906      0      0      0      0


 ELEMENT   7213    1906   1970   1971   1907      0      0      0      0


 ELEMENT   7214    1907   1971   1972   1908      0      0      0      0


 ELEMENT   7215    1908   1972   1973   1909      0      0      0      0


 ELEMENT   7216    1909   1973   1974   1910      0      0      0      0


 ELEMENT   7217    1910   1974   1975   1911      0      0      0      0


 ELEMENT   7218    1911   1975   1976   1912      0      0      0      0


 ELEMENT   7219    1912   1976   1977   1913      0      0      0      0


 ELEMENT   7220    1913   1977   1978   1914      0      0      0      0


 ELEMENT   7221    1914   1978   1979   1915      0      0      0      0


 ELEMENT   7222    1915   1979   1980   1916      0      0      0      0


 ELEMENT   7223    1916   1980   1981   1917      0      0      0      0


 ELEMENT   7224    1917   1981   1982   1918      0      0      0      0


 ELEMENT   7225    1918   1982   1983   1919      0      0      0      0


 ELEMENT   7226    1919   1983   1984   1920      0      0      0      0


 ELEMENT   7227    1920   1984   1985   1921      0      0      0      0


 ELEMENT   7228    1921   1985   1986   1922      0      0      0      0


 ELEMENT   7229    1922   1986   1987   1923      0      0      0      0


 ELEMENT   7230    1923   1987   1988   1924      0      0      0      0


 ELEMENT   7231    1924   1988   1989   1925      0      0      0      0


 ELEMENT   7232    1925   1989   1990   1926      0      0      0      0


 ELEMENT   7233    1926   1990   1991   1927      0      0      0      0


 ELEMENT   7234    1927   1991   1992   1928      0      0      0      0


 ELEMENT   7235    1928   1992   1993   1929      0      0      0      0


 ELEMENT   7236    1929   1993   1994   1930      0      0      0      0


 ELEMENT   7237    1930   1994   1995   1931      0      0      0      0


 ELEMENT   7238    1931   1995   1996   1932      0      0      0      0


 ELEMENT   7239    1932   1996   1997   1933      0      0      0      0


 ELEMENT   7240    1933   1997   1998   1934      0      0      0      0


 ELEMENT   7241    1934   1998   1999   1935      0      0      0      0


 ELEMENT   7242    1935   1999   2000   1936      0      0      0      0


 ELEMENT   7243    1936   2000   2001   1937      0      0      0      0


 ELEMENT   7244    1937   2001   2002   1938      0      0      0      0


 ELEMENT   7245    1938   2002   2003   1939      0      0      0      0


 ELEMENT   7246    1939   2003   2004   1940      0      0      0      0


 ELEMENT   7247    1940   2004   2005   1941      0      0      0      0


 ELEMENT   7248    1941   2005   2006   1942      0      0      0      0


 ELEMENT   7249    1942   2006   2007   1943      0      0      0      0


 ELEMENT   7250    1943   2007   2008   1944      0      0      0      0


 ELEMENT   7251    1944   2008   1945   1881      0      0      0      0


 ELEMENT   7252    1945   2009   2010   1946      0      0      0      0


 ELEMENT   7253    1946   2010   2011   1947      0      0      0      0


 ELEMENT   7254    1947   2011   2012   1948      0      0      0      0


 ELEMENT   7255    1948   2012   2013   1949      0      0      0      0


 ELEMENT   7256    1949   2013   2014   1950      0      0      0      0


 ELEMENT   7257    1950   2014   2015   1951      0      0      0      0


 ELEMENT   7258    1951   2015   2016   1952      0      0      0      0


 ELEMENT   7259    1952   2016   2017   1953      0      0      0      0


 ELEMENT   7260    1953   2017   2018   1954      0      0      0      0


 ELEMENT   7261    1954   2018   2019   1955      0      0      0      0


 ELEMENT   7262    1955   2019   2020   1956      0      0      0      0


 ELEMENT   7263    1956   2020   2021   1957      0      0      0      0


 ELEMENT   7264    1957   2021   2022   1958      0      0      0      0


 ELEMENT   7265    1958   2022   2023   1959      0      0      0      0


 ELEMENT   7266    1959   2023   2024   1960      0      0      0      0


 ELEMENT   7267    1960   2024   2025   1961      0      0      0      0


 ELEMENT   7268    1961   2025   2026   1962      0      0      0      0


 ELEMENT   7269    1962   2026   2027   1963      0      0      0      0


 ELEMENT   7270    1963   2027   2028   1964      0      0      0      0


 ELEMENT   7271    1964   2028   2029   1965      0      0      0      0


 ELEMENT   7272    1965   2029   2030   1966      0      0      0      0


 ELEMENT   7273    1966   2030   2031   1967      0      0      0      0


 ELEMENT   7274    1967   2031   2032   1968      0      0      0      0


 ELEMENT   7275    1968   2032   2033   1969      0      0      0      0


 ELEMENT   7276    1969   2033   2034   1970      0      0      0      0


 ELEMENT   7277    1970   2034   2035   1971      0      0      0      0


 ELEMENT   7278    1971   2035   2036   1972      0      0      0      0


 ELEMENT   7279    1972   2036   2037   1973      0      0      0      0


 ELEMENT   7280    1973   2037   2038   1974      0      0      0      0


 ELEMENT   7281    1974   2038   2039   1975      0      0      0      0


 ELEMENT   7282    1975   2039   2040   1976      0      0      0      0


 ELEMENT   7283    1976   2040   2041   1977      0      0      0      0


 ELEMENT   7284    1977   2041   2042   1978      0      0      0      0


 ELEMENT   7285    1978   2042   2043   1979      0      0      0      0


 ELEMENT   7286    1979   2043   2044   1980      0      0      0      0


 ELEMENT   7287    1980   2044   2045   1981      0      0      0      0


 ELEMENT   7288    1981   2045   2046   1982      0      0      0      0


 ELEMENT   7289    1982   2046   2047   1983      0      0      0      0


 ELEMENT   7290    1983   2047   2048   1984      0      0      0      0


 ELEMENT   7291    1984   2048   2049   1985      0      0      0      0


 ELEMENT   7292    1985   2049   2050   1986      0      0      0      0


 ELEMENT   7293    1986   2050   2051   1987      0      0      0      0


 ELEMENT   7294    1987   2051   2052   1988      0      0      0      0


 ELEMENT   7295    1988   2052   2053   1989      0      0      0      0


 ELEMENT   7296    1989   2053   2054   1990      0      0      0      0


 ELEMENT   7297    1990   2054   2055   1991      0      0      0      0


 ELEMENT   7298    1991   2055   2056   1992      0      0      0      0


 ELEMENT   7299    1992   2056   2057   1993      0      0      0      0


 ELEMENT   7300    1993   2057   2058   1994      0      0      0      0


 ELEMENT   7301    1994   2058   2059   1995      0      0      0      0


 ELEMENT   7302    1995   2059   2060   1996      0      0      0      0


 ELEMENT   7303    1996   2060   2061   1997      0      0      0      0


 ELEMENT   7304    1997   2061   2062   1998      0      0      0      0


 ELEMENT   7305    1998   2062   2063   1999      0      0      0      0


 ELEMENT   7306    1999   2063   2064   2000      0      0      0      0


 ELEMENT   7307    2000   2064   2065   2001      0      0      0      0


 ELEMENT   7308    2001   2065   2066   2002      0      0      0      0


 ELEMENT   7309    2002   2066   2067   2003      0      0      0      0


 ELEMENT   7310    2003   2067   2068   2004      0      0      0      0


 ELEMENT   7311    2004   2068   2069   2005      0      0      0      0


 ELEMENT   7312    2005   2069   2070   2006      0      0      0      0


 ELEMENT   7313    2006   2070   2071   2007      0      0      0      0


 ELEMENT   7314    2007   2071   2072   2008      0      0      0      0


 ELEMENT   7315    2008   2072   2009   1945      0      0      0      0


 NODE       3829  KCS=      0  X,Y,Z=  8.8907       101.00      -1.1227     

 NODE       3830  KCS=      0  X,Y,Z=  9.0216       100.88      -1.1227     

 NODE       3831  KCS=      0  X,Y,Z=  9.1795       100.75      -1.1227     

 NODE       3832  KCS=      0  X,Y,Z=  9.3689       100.62      -1.1227     

 NODE       3833  KCS=      0  X,Y,Z=  9.5933       100.49      -1.1227     

 NODE       3834  KCS=      0  X,Y,Z=  9.8545       100.38      -1.1227     

 NODE       3835  KCS=      0  X,Y,Z=  10.150       100.29      -1.1227     

 NODE       3836  KCS=      0  X,Y,Z=  10.474       100.22      -1.1227     

 NODE       3837  KCS=      0  X,Y,Z=  10.812       100.20      -1.1227     

 NODE       3838  KCS=      0  X,Y,Z=  11.151       100.22      -1.1227     

 NODE       3839  KCS=      0  X,Y,Z=  11.474       100.29      -1.1227     

 NODE       3840  KCS=      0  X,Y,Z=  11.770       100.38      -1.1227     

 NODE       3841  KCS=      0  X,Y,Z=  12.031       100.49      -1.1227     

 NODE       3842  KCS=      0  X,Y,Z=  12.256       100.62      -1.1227     

 NODE       3843  KCS=      0  X,Y,Z=  12.445       100.75      -1.1227     

 NODE       3844  KCS=      0  X,Y,Z=  12.603       100.88      -1.1227     

 NODE       3845  KCS=      0  X,Y,Z=  12.734       101.00      -1.1227     

 NODE       3846  KCS=      0  X,Y,Z=  12.857       101.14      -1.1227     

 NODE       3847  KCS=      0  X,Y,Z=  12.985       101.30      -1.1227     

 NODE       3848  KCS=      0  X,Y,Z=  13.114       101.49      -1.1227     

 NODE       3849  KCS=      0  X,Y,Z=  13.238       101.71      -1.1227     

 NODE       3850  KCS=      0  X,Y,Z=  13.350       101.97      -1.1227     

 NODE       3851  KCS=      0  X,Y,Z=  13.439       102.27      -1.1227     

 NODE       3852  KCS=      0  X,Y,Z=  13.497       102.59      -1.1227     

 NODE       3853  KCS=      0  X,Y,Z=  13.516       102.92      -1.1227     

 NODE       3854  KCS=      0  X,Y,Z=  13.494       103.25      -1.1227     

 NODE       3855  KCS=      0  X,Y,Z=  13.433       103.57      -1.1227     

 NODE       3856  KCS=      0  X,Y,Z=  13.342       103.86      -1.1227     

 NODE       3857  KCS=      0  X,Y,Z=  13.228       104.12      -1.1227     

 NODE       3858  KCS=      0  X,Y,Z=  13.103       104.34      -1.1227     

 NODE       3859  KCS=      0  X,Y,Z=  12.974       104.53      -1.1227     

 NODE       3860  KCS=      0  X,Y,Z=  12.847       104.69      -1.1227     

 NODE       3861  KCS=      0  X,Y,Z=  12.724       104.82      -1.1227     

 NODE       3862  KCS=      0  X,Y,Z=  12.593       104.94      -1.1227     

 NODE       3863  KCS=      0  X,Y,Z=  12.435       105.07      -1.1227     

 NODE       3864  KCS=      0  X,Y,Z=  12.245       105.20      -1.1227     

 NODE       3865  KCS=      0  X,Y,Z=  12.022       105.33      -1.1227     

 NODE       3866  KCS=      0  X,Y,Z=  11.762       105.44      -1.1227     

 NODE       3867  KCS=      0  X,Y,Z=  11.468       105.53      -1.1227     

 NODE       3868  KCS=      0  X,Y,Z=  11.148       105.59      -1.1227     

 NODE       3869  KCS=      0  X,Y,Z=  10.812       105.61      -1.1227     

 NODE       3870  KCS=      0  X,Y,Z=  10.477       105.59      -1.1227     

 NODE       3871  KCS=      0  X,Y,Z=  10.157       105.53      -1.1227     

 NODE       3872  KCS=      0  X,Y,Z=  9.8629       105.44      -1.1227     

 NODE       3873  KCS=      0  X,Y,Z=  9.6031       105.33      -1.1227     

 NODE       3874  KCS=      0  X,Y,Z=  9.3792       105.20      -1.1227     

 NODE       3875  KCS=      0  X,Y,Z=  9.1899       105.07      -1.1227     

 NODE       3876  KCS=      0  X,Y,Z=  9.0318       104.94      -1.1227     

 NODE       3877  KCS=      0  X,Y,Z=  8.9003       104.82      -1.1227     

 NODE       3878  KCS=      0  X,Y,Z=  8.7780       104.69      -1.1227     

 NODE       3879  KCS=      0  X,Y,Z=  8.6504       104.53      -1.1227     

 NODE       3880  KCS=      0  X,Y,Z=  8.5213       104.34      -1.1227     

 NODE       3881  KCS=      0  X,Y,Z=  8.3962       104.12      -1.1227     

 NODE       3882  KCS=      0  X,Y,Z=  8.2831       103.86      -1.1227     

 NODE       3883  KCS=      0  X,Y,Z=  8.1914       103.57      -1.1227     

 NODE       3884  KCS=      0  X,Y,Z=  8.1307       103.25      -1.1227     

 NODE       3885  KCS=      0  X,Y,Z=  8.1084       102.92      -1.1227     

 NODE       3886  KCS=      0  X,Y,Z=  8.1274       102.59      -1.1227     

 NODE       3887  KCS=      0  X,Y,Z=  8.1853       102.27      -1.1227     

 NODE       3888  KCS=      0  X,Y,Z=  8.2748       101.97      -1.1227     

 NODE       3889  KCS=      0  X,Y,Z=  8.3866       101.71      -1.1227     

 NODE       3890  KCS=      0  X,Y,Z=  8.5110       101.49      -1.1227     

 NODE       3891  KCS=      0  X,Y,Z=  8.6401       101.30      -1.1227     

 NODE       3892  KCS=      0  X,Y,Z=  8.7679       101.14      -1.1227     

 NODE       3893  KCS=      0  X,Y,Z=  8.5522       100.67      -1.1227     

 NODE       3894  KCS=      0  X,Y,Z=  8.7061       100.52      -1.1227     

 NODE       3895  KCS=      0  X,Y,Z=  8.8918       100.37      -1.1227     

 NODE       3896  KCS=      0  X,Y,Z=  9.1145       100.22      -1.1227     

 NODE       3897  KCS=      0  X,Y,Z=  9.3786       100.07      -1.1227     

 NODE       3898  KCS=      0  X,Y,Z=  9.6858       99.933      -1.1227     

 NODE       3899  KCS=      0  X,Y,Z=  10.034       99.823      -1.1227     

 NODE       3900  KCS=      0  X,Y,Z=  10.414       99.752      -1.1227     

 NODE       3901  KCS=      0  X,Y,Z=  10.812       99.727      -1.1227     

 NODE       3902  KCS=      0  X,Y,Z=  11.211       99.752      -1.1227     

 NODE       3903  KCS=      0  X,Y,Z=  11.591       99.823      -1.1227     

 NODE       3904  KCS=      0  X,Y,Z=  11.939       99.933      -1.1227     

 NODE       3905  KCS=      0  X,Y,Z=  12.246       100.07      -1.1227     

 NODE       3906  KCS=      0  X,Y,Z=  12.510       100.22      -1.1227     

 NODE       3907  KCS=      0  X,Y,Z=  12.733       100.37      -1.1227     

 NODE       3908  KCS=      0  X,Y,Z=  12.919       100.52      -1.1227     

 NODE       3909  KCS=      0  X,Y,Z=  13.073       100.67      -1.1227     

 NODE       3910  KCS=      0  X,Y,Z=  13.217       100.83      -1.1227     

 NODE       3911  KCS=      0  X,Y,Z=  13.367       101.01      -1.1227     

 NODE       3912  KCS=      0  X,Y,Z=  13.519       101.24      -1.1227     

 NODE       3913  KCS=      0  X,Y,Z=  13.666       101.50      -1.1227     

 NODE       3914  KCS=      0  X,Y,Z=  13.797       101.81      -1.1227     

 NODE       3915  KCS=      0  X,Y,Z=  13.902       102.15      -1.1227     

 NODE       3916  KCS=      0  X,Y,Z=  13.970       102.53      -1.1227     

 NODE       3917  KCS=      0  X,Y,Z=  13.993       102.92      -1.1227     

 NODE       3918  KCS=      0  X,Y,Z=  13.966       103.32      -1.1227     

 NODE       3919  KCS=      0  X,Y,Z=  13.895       103.69      -1.1227     

 NODE       3920  KCS=      0  X,Y,Z=  13.787       104.03      -1.1227     

 NODE       3921  KCS=      0  X,Y,Z=  13.654       104.34      -1.1227     

 NODE       3922  KCS=      0  X,Y,Z=  13.507       104.60      -1.1227     

 NODE       3923  KCS=      0  X,Y,Z=  13.355       104.82      -1.1227     

 NODE       3924  KCS=      0  X,Y,Z=  13.205       105.00      -1.1227     

 NODE       3925  KCS=      0  X,Y,Z=  13.061       105.16      -1.1227     

 NODE       3926  KCS=      0  X,Y,Z=  12.907       105.30      -1.1227     

 NODE       3927  KCS=      0  X,Y,Z=  12.721       105.45      -1.1227     

 NODE       3928  KCS=      0  X,Y,Z=  12.498       105.60      -1.1227     

 NODE       3929  KCS=      0  X,Y,Z=  12.235       105.75      -1.1227     

 NODE       3930  KCS=      0  X,Y,Z=  11.929       105.88      -1.1227     

 NODE       3931  KCS=      0  X,Y,Z=  11.584       105.99      -1.1227     

 NODE       3932  KCS=      0  X,Y,Z=  11.207       106.06      -1.1227     

 NODE       3933  KCS=      0  X,Y,Z=  10.812       106.09      -1.1227     

 NODE       3934  KCS=      0  X,Y,Z=  10.418       106.06      -1.1227     

 NODE       3935  KCS=      0  X,Y,Z=  10.041       105.99      -1.1227     

 NODE       3936  KCS=      0  X,Y,Z=  9.6956       105.88      -1.1227     

 NODE       3937  KCS=      0  X,Y,Z=  9.3900       105.75      -1.1227     

 NODE       3938  KCS=      0  X,Y,Z=  9.1267       105.60      -1.1227     

 NODE       3939  KCS=      0  X,Y,Z=  8.9041       105.45      -1.1227     

 NODE       3940  KCS=      0  X,Y,Z=  8.7180       105.30      -1.1227     

 NODE       3941  KCS=      0  X,Y,Z=  8.5634       105.16      -1.1227     

 NODE       3942  KCS=      0  X,Y,Z=  8.4196       105.00      -1.1227     

 NODE       3943  KCS=      0  X,Y,Z=  8.2695       104.82      -1.1227     

 NODE       3944  KCS=      0  X,Y,Z=  8.1176       104.60      -1.1227     

 NODE       3945  KCS=      0  X,Y,Z=  7.9705       104.34      -1.1227     

 NODE       3946  KCS=      0  X,Y,Z=  7.8375       104.03      -1.1227     

 NODE       3947  KCS=      0  X,Y,Z=  7.7296       103.69      -1.1227     

 NODE       3948  KCS=      0  X,Y,Z=  7.6582       103.32      -1.1227     

 NODE       3949  KCS=      0  X,Y,Z=  7.6320       102.92      -1.1227     

 NODE       3950  KCS=      0  X,Y,Z=  7.6543       102.53      -1.1227     

 NODE       3951  KCS=      0  X,Y,Z=  7.7224       102.15      -1.1227     

 NODE       3952  KCS=      0  X,Y,Z=  7.8277       101.81      -1.1227     

 NODE       3953  KCS=      0  X,Y,Z=  7.9592       101.50      -1.1227     

 NODE       3954  KCS=      0  X,Y,Z=  8.1055       101.24      -1.1227     

 NODE       3955  KCS=      0  X,Y,Z=  8.2573       101.01      -1.1227     

 NODE       3956  KCS=      0  X,Y,Z=  8.4077       100.83      -1.1227     

 NODE       3957  KCS=      0  X,Y,Z=  8.2136       100.33      -1.1227     

 NODE       3958  KCS=      0  X,Y,Z=  8.3906       100.17      -1.1227     

 NODE       3959  KCS=      0  X,Y,Z=  8.6041       99.992      -1.1227     

 NODE       3960  KCS=      0  X,Y,Z=  8.8602       99.815      -1.1227     

 NODE       3961  KCS=      0  X,Y,Z=  9.1638       99.643      -1.1227     

 NODE       3962  KCS=      0  X,Y,Z=  9.5170       99.487      -1.1227     

 NODE       3963  KCS=      0  X,Y,Z=  9.9170       99.361      -1.1227     

 NODE       3964  KCS=      0  X,Y,Z=  10.354       99.279      -1.1227     

 NODE       3965  KCS=      0  X,Y,Z=  10.812       99.250      -1.1227     

 NODE       3966  KCS=      0  X,Y,Z=  11.270       99.279      -1.1227     

 NODE       3967  KCS=      0  X,Y,Z=  11.708       99.361      -1.1227     

 NODE       3968  KCS=      0  X,Y,Z=  12.108       99.487      -1.1227     

 NODE       3969  KCS=      0  X,Y,Z=  12.461       99.643      -1.1227     

 NODE       3970  KCS=      0  X,Y,Z=  12.765       99.815      -1.1227     

 NODE       3971  KCS=      0  X,Y,Z=  13.021       99.992      -1.1227     

 NODE       3972  KCS=      0  X,Y,Z=  13.234       100.17      -1.1227     

 NODE       3973  KCS=      0  X,Y,Z=  13.411       100.33      -1.1227     

 NODE       3974  KCS=      0  X,Y,Z=  13.577       100.51      -1.1227     

 NODE       3975  KCS=      0  X,Y,Z=  13.750       100.73      -1.1227     

 NODE       3976  KCS=      0  X,Y,Z=  13.925       100.99      -1.1227     

 NODE       3977  KCS=      0  X,Y,Z=  14.093       101.29      -1.1227     

 NODE       3978  KCS=      0  X,Y,Z=  14.244       101.64      -1.1227     

 NODE       3979  KCS=      0  X,Y,Z=  14.365       102.04      -1.1227     

 NODE       3980  KCS=      0  X,Y,Z=  14.443       102.47      -1.1227     

 NODE       3981  KCS=      0  X,Y,Z=  14.469       102.93      -1.1227     

 NODE       3982  KCS=      0  X,Y,Z=  14.439       103.38      -1.1227     

 NODE       3983  KCS=      0  X,Y,Z=  14.357       103.81      -1.1227     

 NODE       3984  KCS=      0  X,Y,Z=  14.233       104.20      -1.1227     

 NODE       3985  KCS=      0  X,Y,Z=  14.080       104.55      -1.1227     

 NODE       3986  KCS=      0  X,Y,Z=  13.911       104.85      -1.1227     

 NODE       3987  KCS=      0  X,Y,Z=  13.736       105.10      -1.1227     

 NODE       3988  KCS=      0  X,Y,Z=  13.564       105.32      -1.1227     

 NODE       3989  KCS=      0  X,Y,Z=  13.398       105.49      -1.1227     

 NODE       3990  KCS=      0  X,Y,Z=  13.220       105.66      -1.1227     

 NODE       3991  KCS=      0  X,Y,Z=  13.006       105.83      -1.1227     

 NODE       3992  KCS=      0  X,Y,Z=  12.750       106.01      -1.1227     

 NODE       3993  KCS=      0  X,Y,Z=  12.448       106.18      -1.1227     

 NODE       3994  KCS=      0  X,Y,Z=  12.096       106.33      -1.1227     

 NODE       3995  KCS=      0  X,Y,Z=  11.699       106.45      -1.1227     

 NODE       3996  KCS=      0  X,Y,Z=  11.266       106.54      -1.1227     

 NODE       3997  KCS=      0  X,Y,Z=  10.812       106.56      -1.1227     

 NODE       3998  KCS=      0  X,Y,Z=  10.359       106.54      -1.1227     

 NODE       3999  KCS=      0  X,Y,Z=  9.9254       106.45      -1.1227     

 NODE       4000  KCS=      0  X,Y,Z=  9.5283       106.33      -1.1227     

 NODE       4001  KCS=      0  X,Y,Z=  9.1769       106.18      -1.1227     

 NODE       4002  KCS=      0  X,Y,Z=  8.8742       106.01      -1.1227     

 NODE       4003  KCS=      0  X,Y,Z=  8.6182       105.83      -1.1227     

 NODE       4004  KCS=      0  X,Y,Z=  8.4043       105.66      -1.1227     

 NODE       4005  KCS=      0  X,Y,Z=  8.2266       105.49      -1.1227     

 NODE       4006  KCS=      0  X,Y,Z=  8.0611       105.32      -1.1227     

 NODE       4007  KCS=      0  X,Y,Z=  7.8886       105.10      -1.1227     

 NODE       4008  KCS=      0  X,Y,Z=  7.7139       104.85      -1.1227     

 NODE       4009  KCS=      0  X,Y,Z=  7.5448       104.55      -1.1227     

 NODE       4010  KCS=      0  X,Y,Z=  7.3918       104.20      -1.1227     

 NODE       4011  KCS=      0  X,Y,Z=  7.2678       103.81      -1.1227     

 NODE       4012  KCS=      0  X,Y,Z=  7.1857       103.38      -1.1227     

 NODE       4013  KCS=      0  X,Y,Z=  7.1555       102.93      -1.1227     

 NODE       4014  KCS=      0  X,Y,Z=  7.1813       102.47      -1.1227     

 NODE       4015  KCS=      0  X,Y,Z=  7.2595       102.04      -1.1227     

 NODE       4016  KCS=      0  X,Y,Z=  7.3806       101.64      -1.1227     

 NODE       4017  KCS=      0  X,Y,Z=  7.5318       101.29      -1.1227     

 NODE       4018  KCS=      0  X,Y,Z=  7.7000       100.99      -1.1227     

 NODE       4019  KCS=      0  X,Y,Z=  7.8746       100.73      -1.1227     

 NODE       4020  KCS=      0  X,Y,Z=  8.0475       100.51      -1.1227     

 NODE       4021  KCS=      0  X,Y,Z=  7.8750       99.999      -1.1227     

 NODE       4022  KCS=      0  X,Y,Z=  8.0751       99.810      -1.1227     

 NODE       4023  KCS=      0  X,Y,Z=  8.3164       99.612      -1.1227     

 NODE       4024  KCS=      0  X,Y,Z=  8.6059       99.412      -1.1227     

 NODE       4025  KCS=      0  X,Y,Z=  8.9490       99.218      -1.1227     

 NODE       4026  KCS=      0  X,Y,Z=  9.3482       99.042      -1.1227     

 NODE       4027  KCS=      0  X,Y,Z=  9.8004       98.900      -1.1227     

 NODE       4028  KCS=      0  X,Y,Z=  10.295       98.806      -1.1227     

 NODE       4029  KCS=      0  X,Y,Z=  10.812       98.774      -1.1227     

 NODE       4030  KCS=      0  X,Y,Z=  11.330       98.806      -1.1227     

 NODE       4031  KCS=      0  X,Y,Z=  11.824       98.900      -1.1227     

 NODE       4032  KCS=      0  X,Y,Z=  12.276       99.042      -1.1227     

 NODE       4033  KCS=      0  X,Y,Z=  12.676       99.218      -1.1227     

 NODE       4034  KCS=      0  X,Y,Z=  13.019       99.412      -1.1227     

 NODE       4035  KCS=      0  X,Y,Z=  13.308       99.612      -1.1227     

 NODE       4036  KCS=      0  X,Y,Z=  13.550       99.810      -1.1227     

 NODE       4037  KCS=      0  X,Y,Z=  13.750       99.999      -1.1227     

 NODE       4038  KCS=      0  X,Y,Z=  13.937       100.20      -1.1227     

 NODE       4039  KCS=      0  X,Y,Z=  14.133       100.45      -1.1227     

 NODE       4040  KCS=      0  X,Y,Z=  14.330       100.74      -1.1227     

 NODE       4041  KCS=      0  X,Y,Z=  14.520       101.08      -1.1227     

 NODE       4042  KCS=      0  X,Y,Z=  14.691       101.48      -1.1227     

 NODE       4043  KCS=      0  X,Y,Z=  14.828       101.93      -1.1227     

 NODE       4044  KCS=      0  X,Y,Z=  14.917       102.42      -1.1227     

 NODE       4045  KCS=      0  X,Y,Z=  14.946       102.93      -1.1227     

 NODE       4046  KCS=      0  X,Y,Z=  14.911       103.44      -1.1227     

 NODE       4047  KCS=      0  X,Y,Z=  14.819       103.92      -1.1227     

 NODE       4048  KCS=      0  X,Y,Z=  14.678       104.37      -1.1227     

 NODE       4049  KCS=      0  X,Y,Z=  14.506       104.76      -1.1227     

 NODE       4050  KCS=      0  X,Y,Z=  14.314       105.10      -1.1227     

 NODE       4051  KCS=      0  X,Y,Z=  14.117       105.39      -1.1227     

 NODE       4052  KCS=      0  X,Y,Z=  13.922       105.63      -1.1227     

 NODE       4053  KCS=      0  X,Y,Z=  13.735       105.83      -1.1227     

 NODE       4054  KCS=      0  X,Y,Z=  13.534       106.02      -1.1227     

 NODE       4055  KCS=      0  X,Y,Z=  13.292       106.21      -1.1227     

 NODE       4056  KCS=      0  X,Y,Z=  13.003       106.41      -1.1227     

 NODE       4057  KCS=      0  X,Y,Z=  12.661       106.60      -1.1227     

 NODE       4058  KCS=      0  X,Y,Z=  12.264       106.78      -1.1227     

 NODE       4059  KCS=      0  X,Y,Z=  11.815       106.92      -1.1227     

 NODE       4060  KCS=      0  X,Y,Z=  11.325       107.01      -1.1227     

 NODE       4061  KCS=      0  X,Y,Z=  10.812       107.04      -1.1227     

 NODE       4062  KCS=      0  X,Y,Z=  10.300       107.01      -1.1227     

 NODE       4063  KCS=      0  X,Y,Z=  9.8099       106.92      -1.1227     

 NODE       4064  KCS=      0  X,Y,Z=  9.3611       106.78      -1.1227     

 NODE       4065  KCS=      0  X,Y,Z=  8.9639       106.60      -1.1227     

 NODE       4066  KCS=      0  X,Y,Z=  8.6217       106.41      -1.1227     

 NODE       4067  KCS=      0  X,Y,Z=  8.3324       106.21      -1.1227     

 NODE       4068  KCS=      0  X,Y,Z=  8.0906       106.02      -1.1227     

 NODE       4069  KCS=      0  X,Y,Z=  7.8897       105.83      -1.1227     

 NODE       4070  KCS=      0  X,Y,Z=  7.7027       105.63      -1.1227     

 NODE       4071  KCS=      0  X,Y,Z=  7.5077       105.39      -1.1227     

 NODE       4072  KCS=      0  X,Y,Z=  7.3103       105.10      -1.1227     

 NODE       4073  KCS=      0  X,Y,Z=  7.1191       104.76      -1.1227     

 NODE       4074  KCS=      0  X,Y,Z=  6.9462       104.37      -1.1227     

 NODE       4075  KCS=      0  X,Y,Z=  6.8060       103.92      -1.1227     

 NODE       4076  KCS=      0  X,Y,Z=  6.7132       103.44      -1.1227     

 NODE       4077  KCS=      0  X,Y,Z=  6.6791       102.93      -1.1227     

 NODE       4078  KCS=      0  X,Y,Z=  6.7082       102.42      -1.1227     

 NODE       4079  KCS=      0  X,Y,Z=  6.7966       101.93      -1.1227     

 NODE       4080  KCS=      0  X,Y,Z=  6.9335       101.48      -1.1227     

 NODE       4081  KCS=      0  X,Y,Z=  7.1044       101.08      -1.1227     

 NODE       4082  KCS=      0  X,Y,Z=  7.2945       100.74      -1.1227     

 NODE       4083  KCS=      0  X,Y,Z=  7.4918       100.45      -1.1227     

 NODE       4084  KCS=      0  X,Y,Z=  7.6872       100.20      -1.1227     

 NODE       4085  KCS=      0  X,Y,Z=  7.5364       99.664      -1.1227     

 NODE       4086  KCS=      0  X,Y,Z=  7.7596       99.453      -1.1227     

 NODE       4087  KCS=      0  X,Y,Z=  8.0287       99.233      -1.1227     

 NODE       4088  KCS=      0  X,Y,Z=  8.3515       99.009      -1.1227     

 NODE       4089  KCS=      0  X,Y,Z=  8.7342       98.792      -1.1227     

 NODE       4090  KCS=      0  X,Y,Z=  9.1795       98.596      -1.1227     

 NODE       4091  KCS=      0  X,Y,Z=  9.6837       98.438      -1.1227     

 NODE       4092  KCS=      0  X,Y,Z=  10.235       98.334      -1.1227     

 NODE       4093  KCS=      0  X,Y,Z=  10.812       98.297      -1.1227     

 NODE       4094  KCS=      0  X,Y,Z=  11.390       98.334      -1.1227     

 NODE       4095  KCS=      0  X,Y,Z=  11.941       98.438      -1.1227     

 NODE       4096  KCS=      0  X,Y,Z=  12.445       98.596      -1.1227     

 NODE       4097  KCS=      0  X,Y,Z=  12.890       98.792      -1.1227     

 NODE       4098  KCS=      0  X,Y,Z=  13.273       99.009      -1.1227     

 NODE       4099  KCS=      0  X,Y,Z=  13.596       99.233      -1.1227     

 NODE       4100  KCS=      0  X,Y,Z=  13.865       99.453      -1.1227     

 NODE       4101  KCS=      0  X,Y,Z=  14.088       99.664      -1.1227     

 NODE       4102  KCS=      0  X,Y,Z=  14.298       99.890      -1.1227     

 NODE       4103  KCS=      0  X,Y,Z=  14.516       100.16      -1.1227     

 NODE       4104  KCS=      0  X,Y,Z=  14.736       100.49      -1.1227     

 NODE       4105  KCS=      0  X,Y,Z=  14.948       100.87      -1.1227     

 NODE       4106  KCS=      0  X,Y,Z=  15.138       101.31      -1.1227     

 NODE       4107  KCS=      0  X,Y,Z=  15.291       101.82      -1.1227     

 NODE       4108  KCS=      0  X,Y,Z=  15.390       102.36      -1.1227     

 NODE       4109  KCS=      0  X,Y,Z=  15.422       102.93      -1.1227     

 NODE       4110  KCS=      0  X,Y,Z=  15.384       103.50      -1.1227     

 NODE       4111  KCS=      0  X,Y,Z=  15.280       104.04      -1.1227     

 NODE       4112  KCS=      0  X,Y,Z=  15.124       104.54      -1.1227     

 NODE       4113  KCS=      0  X,Y,Z=  14.931       104.98      -1.1227     

 NODE       4114  KCS=      0  X,Y,Z=  14.718       105.36      -1.1227     

 NODE       4115  KCS=      0  X,Y,Z=  14.498       105.68      -1.1227     

 NODE       4116  KCS=      0  X,Y,Z=  14.280       105.94      -1.1227     

 NODE       4117  KCS=      0  X,Y,Z=  14.072       106.17      -1.1227     

 NODE       4118  KCS=      0  X,Y,Z=  13.848       106.38      -1.1227     

 NODE       4119  KCS=      0  X,Y,Z=  13.578       106.59      -1.1227     

 NODE       4120  KCS=      0  X,Y,Z=  13.256       106.82      -1.1227     

 NODE       4121  KCS=      0  X,Y,Z=  12.874       107.03      -1.1227     

 NODE       4122  KCS=      0  X,Y,Z=  12.431       107.22      -1.1227     

 NODE       4123  KCS=      0  X,Y,Z=  11.930       107.38      -1.1227     

 NODE       4124  KCS=      0  X,Y,Z=  11.384       107.48      -1.1227     

 NODE       4125  KCS=      0  X,Y,Z=  10.812       107.52      -1.1227     

 NODE       4126  KCS=      0  X,Y,Z=  10.241       107.48      -1.1227     

 NODE       4127  KCS=      0  X,Y,Z=  9.6943       107.38      -1.1227     

 NODE       4128  KCS=      0  X,Y,Z=  9.1938       107.22      -1.1227     

 NODE       4129  KCS=      0  X,Y,Z=  8.7508       107.03      -1.1227     

 NODE       4130  KCS=      0  X,Y,Z=  8.3692       106.82      -1.1227     

 NODE       4131  KCS=      0  X,Y,Z=  8.0465       106.59      -1.1227     

 NODE       4132  KCS=      0  X,Y,Z=  7.7768       106.38      -1.1227     

 NODE       4133  KCS=      0  X,Y,Z=  7.5528       106.17      -1.1227     

 NODE       4134  KCS=      0  X,Y,Z=  7.3442       105.94      -1.1227     

 NODE       4135  KCS=      0  X,Y,Z=  7.1268       105.68      -1.1227     

 NODE       4136  KCS=      0  X,Y,Z=  6.9066       105.36      -1.1227     

 NODE       4137  KCS=      0  X,Y,Z=  6.6934       104.98      -1.1227     

 NODE       4138  KCS=      0  X,Y,Z=  6.5006       104.54      -1.1227     

 NODE       4139  KCS=      0  X,Y,Z=  6.3442       104.04      -1.1227     

 NODE       4140  KCS=      0  X,Y,Z=  6.2407       103.50      -1.1227     

 NODE       4141  KCS=      0  X,Y,Z=  6.2027       102.93      -1.1227     

 NODE       4142  KCS=      0  X,Y,Z=  6.2351       102.36      -1.1227     

 NODE       4143  KCS=      0  X,Y,Z=  6.3337       101.82      -1.1227     

 NODE       4144  KCS=      0  X,Y,Z=  6.4864       101.31      -1.1227     

 NODE       4145  KCS=      0  X,Y,Z=  6.6769       100.87      -1.1227     

 NODE       4146  KCS=      0  X,Y,Z=  6.8890       100.49      -1.1227     

 NODE       4147  KCS=      0  X,Y,Z=  7.1091       100.16      -1.1227     

 NODE       4148  KCS=      0  X,Y,Z=  7.3270       99.890      -1.1227     

 NODE       4149  KCS=      0  X,Y,Z=  7.1979       99.329      -1.1227     

 NODE       4150  KCS=      0  X,Y,Z=  7.4440       99.096      -1.1227     

 NODE       4151  KCS=      0  X,Y,Z=  7.7410       98.853      -1.1227     

 NODE       4152  KCS=      0  X,Y,Z=  8.0972       98.606      -1.1227     

 NODE       4153  KCS=      0  X,Y,Z=  8.5194       98.367      -1.1227     

 NODE       4154  KCS=      0  X,Y,Z=  9.0107       98.151      -1.1227     

 NODE       4155  KCS=      0  X,Y,Z=  9.5671       97.976      -1.1227     

 NODE       4156  KCS=      0  X,Y,Z=  10.175       97.861      -1.1227     

 NODE       4157  KCS=      0  X,Y,Z=  10.812       97.821      -1.1227     

 NODE       4158  KCS=      0  X,Y,Z=  11.449       97.861      -1.1227     

 NODE       4159  KCS=      0  X,Y,Z=  12.058       97.976      -1.1227     

 NODE       4160  KCS=      0  X,Y,Z=  12.614       98.151      -1.1227     

 NODE       4161  KCS=      0  X,Y,Z=  13.105       98.367      -1.1227     

 NODE       4162  KCS=      0  X,Y,Z=  13.528       98.606      -1.1227     

 NODE       4163  KCS=      0  X,Y,Z=  13.884       98.853      -1.1227     

 NODE       4164  KCS=      0  X,Y,Z=  14.181       99.096      -1.1227     

 NODE       4165  KCS=      0  X,Y,Z=  14.427       99.329      -1.1227     

 NODE       4166  KCS=      0  X,Y,Z=  14.658       99.578      -1.1227     

 NODE       4167  KCS=      0  X,Y,Z=  14.898       99.878      -1.1227     

 NODE       4168  KCS=      0  X,Y,Z=  15.141       100.24      -1.1227     

 NODE       4169  KCS=      0  X,Y,Z=  15.375       100.66      -1.1227     

 NODE       4170  KCS=      0  X,Y,Z=  15.585       101.15      -1.1227     

 NODE       4171  KCS=      0  X,Y,Z=  15.754       101.70      -1.1227     

 NODE       4172  KCS=      0  X,Y,Z=  15.863       102.30      -1.1227     

 NODE       4173  KCS=      0  X,Y,Z=  15.898       102.93      -1.1227     

 NODE       4174  KCS=      0  X,Y,Z=  15.856       103.56      -1.1227     

 NODE       4175  KCS=      0  X,Y,Z=  15.742       104.16      -1.1227     

 NODE       4176  KCS=      0  X,Y,Z=  15.570       104.71      -1.1227     

 NODE       4177  KCS=      0  X,Y,Z=  15.357       105.19      -1.1227     

 NODE       4178  KCS=      0  X,Y,Z=  15.122       105.61      -1.1227     

 NODE       4179  KCS=      0  X,Y,Z=  14.879       105.96      -1.1227     

 NODE       4180  KCS=      0  X,Y,Z=  14.639       106.26      -1.1227     

 NODE       4181  KCS=      0  X,Y,Z=  14.409       106.50      -1.1227     

 NODE       4182  KCS=      0  X,Y,Z=  14.162       106.73      -1.1227     

 NODE       4183  KCS=      0  X,Y,Z=  13.864       106.98      -1.1227     

 NODE       4184  KCS=      0  X,Y,Z=  13.508       107.22      -1.1227     

 NODE       4185  KCS=      0  X,Y,Z=  13.087       107.46      -1.1227     

 NODE       4186  KCS=      0  X,Y,Z=  12.598       107.67      -1.1227     

 NODE       4187  KCS=      0  X,Y,Z=  12.046       107.84      -1.1227     

 NODE       4188  KCS=      0  X,Y,Z=  11.443       107.95      -1.1227     

 NODE       4189  KCS=      0  X,Y,Z=  10.812       107.99      -1.1227     

 NODE       4190  KCS=      0  X,Y,Z=  10.181       107.95      -1.1227     

 NODE       4191  KCS=      0  X,Y,Z=  9.5788       107.84      -1.1227     

 NODE       4192  KCS=      0  X,Y,Z=  9.0265       107.67      -1.1227     

 NODE       4193  KCS=      0  X,Y,Z=  8.5377       107.46      -1.1227     

 NODE       4194  KCS=      0  X,Y,Z=  8.1167       107.22      -1.1227     

 NODE       4195  KCS=      0  X,Y,Z=  7.7606       106.98      -1.1227     

 NODE       4196  KCS=      0  X,Y,Z=  7.4631       106.73      -1.1227     

 NODE       4197  KCS=      0  X,Y,Z=  7.2159       106.50      -1.1227     

 NODE       4198  KCS=      0  X,Y,Z=  6.9858       106.26      -1.1227     

 NODE       4199  KCS=      0  X,Y,Z=  6.7459       105.96      -1.1227     

 NODE       4200  KCS=      0  X,Y,Z=  6.5029       105.61      -1.1227     

 NODE       4201  KCS=      0  X,Y,Z=  6.2677       105.19      -1.1227     

 NODE       4202  KCS=      0  X,Y,Z=  6.0549       104.71      -1.1227     

 NODE       4203  KCS=      0  X,Y,Z=  5.8824       104.16      -1.1227     

 NODE       4204  KCS=      0  X,Y,Z=  5.7682       103.56      -1.1227     

 NODE       4205  KCS=      0  X,Y,Z=  5.7262       102.93      -1.1227     

 NODE       4206  KCS=      0  X,Y,Z=  5.7620       102.30      -1.1227     

 NODE       4207  KCS=      0  X,Y,Z=  5.8709       101.70      -1.1227     

 NODE       4208  KCS=      0  X,Y,Z=  6.0393       101.15      -1.1227     

 NODE       4209  KCS=      0  X,Y,Z=  6.2495       100.66      -1.1227     

 NODE       4210  KCS=      0  X,Y,Z=  6.4836       100.24      -1.1227     

 NODE       4211  KCS=      0  X,Y,Z=  6.7263       99.878      -1.1227     

 NODE       4212  KCS=      0  X,Y,Z=  6.9668       99.578      -1.1227     

 NODE       4213  KCS=      0  X,Y,Z=  6.8593       98.993      -1.1227     

 NODE       4214  KCS=      0  X,Y,Z=  7.1285       98.739      -1.1227     

 NODE       4215  KCS=      0  X,Y,Z=  7.4533       98.473      -1.1227     

 NODE       4216  KCS=      0  X,Y,Z=  7.8429       98.203      -1.1227     

 NODE       4217  KCS=      0  X,Y,Z=  8.3046       97.942      -1.1227     

 NODE       4218  KCS=      0  X,Y,Z=  8.8419       97.705      -1.1227     

 NODE       4219  KCS=      0  X,Y,Z=  9.4504       97.514      -1.1227     

 NODE       4220  KCS=      0  X,Y,Z=  10.116       97.388      -1.1227     

 NODE       4221  KCS=      0  X,Y,Z=  10.812       97.344      -1.1227     

 NODE       4222  KCS=      0  X,Y,Z=  11.509       97.388      -1.1227     

 NODE       4223  KCS=      0  X,Y,Z=  12.174       97.514      -1.1227     

 NODE       4224  KCS=      0  X,Y,Z=  12.783       97.705      -1.1227     

 NODE       4225  KCS=      0  X,Y,Z=  13.320       97.942      -1.1227     

 NODE       4226  KCS=      0  X,Y,Z=  13.782       98.203      -1.1227     

 NODE       4227  KCS=      0  X,Y,Z=  14.171       98.473      -1.1227     

 NODE       4228  KCS=      0  X,Y,Z=  14.496       98.739      -1.1227     

 NODE       4229  KCS=      0  X,Y,Z=  14.765       98.993      -1.1227     

 NODE       4230  KCS=      0  X,Y,Z=  15.018       99.266      -1.1227     

 NODE       4231  KCS=      0  X,Y,Z=  15.281       99.595      -1.1227     

 NODE       4232  KCS=      0  X,Y,Z=  15.547       99.987      -1.1227     

 NODE       4233  KCS=      0  X,Y,Z=  15.803       100.45      -1.1227     

 NODE       4234  KCS=      0  X,Y,Z=  16.032       100.99      -1.1227     

 NODE       4235  KCS=      0  X,Y,Z=  16.217       101.59      -1.1227     

 NODE       4236  KCS=      0  X,Y,Z=  16.336       102.25      -1.1227     

 NODE       4237  KCS=      0  X,Y,Z=  16.375       102.93      -1.1227     

 NODE       4238  KCS=      0  X,Y,Z=  16.329       103.62      -1.1227     

 NODE       4239  KCS=      0  X,Y,Z=  16.204       104.28      -1.1227     

 NODE       4240  KCS=      0  X,Y,Z=  16.015       104.87      -1.1227     

 NODE       4241  KCS=      0  X,Y,Z=  15.783       105.40      -1.1227     

 NODE       4242  KCS=      0  X,Y,Z=  15.525       105.86      -1.1227     

 NODE       4243  KCS=      0  X,Y,Z=  15.260       106.25      -1.1227     

 NODE       4244  KCS=      0  X,Y,Z=  14.997       106.57      -1.1227     

 NODE       4245  KCS=      0  X,Y,Z=  14.746       106.84      -1.1227     

 NODE       4246  KCS=      0  X,Y,Z=  14.475       107.09      -1.1227     

 NODE       4247  KCS=      0  X,Y,Z=  14.150       107.36      -1.1227     

 NODE       4248  KCS=      0  X,Y,Z=  13.761       107.62      -1.1227     

 NODE       4249  KCS=      0  X,Y,Z=  13.300       107.88      -1.1227     

 NODE       4250  KCS=      0  X,Y,Z=  12.766       108.12      -1.1227     

 NODE       4251  KCS=      0  X,Y,Z=  12.161       108.30      -1.1227     

 NODE       4252  KCS=      0  X,Y,Z=  11.502       108.43      -1.1227     

 NODE       4253  KCS=      0  X,Y,Z=  10.812       108.47      -1.1227     

 NODE       4254  KCS=      0  X,Y,Z=  10.122       108.43      -1.1227     

 NODE       4255  KCS=      0  X,Y,Z=  9.4632       108.30      -1.1227     

 NODE       4256  KCS=      0  X,Y,Z=  8.8592       108.12      -1.1227     

 NODE       4257  KCS=      0  X,Y,Z=  8.3247       107.88      -1.1227     

 NODE       4258  KCS=      0  X,Y,Z=  7.8642       107.62      -1.1227     

 NODE       4259  KCS=      0  X,Y,Z=  7.4748       107.36      -1.1227     

 NODE       4260  KCS=      0  X,Y,Z=  7.1494       107.09      -1.1227     

 NODE       4261  KCS=      0  X,Y,Z=  6.8790       106.84      -1.1227     

 NODE       4262  KCS=      0  X,Y,Z=  6.6274       106.57      -1.1227     

 NODE       4263  KCS=      0  X,Y,Z=  6.3649       106.25      -1.1227     

 NODE       4264  KCS=      0  X,Y,Z=  6.0992       105.86      -1.1227     

 NODE       4265  KCS=      0  X,Y,Z=  5.8420       105.40      -1.1227     

 NODE       4266  KCS=      0  X,Y,Z=  5.6093       104.87      -1.1227     

 NODE       4267  KCS=      0  X,Y,Z=  5.4206       104.28      -1.1227     

 NODE       4268  KCS=      0  X,Y,Z=  5.2957       103.62      -1.1227     

 NODE       4269  KCS=      0  X,Y,Z=  5.2498       102.93      -1.1227     

 NODE       4270  KCS=      0  X,Y,Z=  5.2890       102.25      -1.1227     

 NODE       4271  KCS=      0  X,Y,Z=  5.4080       101.59      -1.1227     

 NODE       4272  KCS=      0  X,Y,Z=  5.5922       100.99      -1.1227     

 NODE       4273  KCS=      0  X,Y,Z=  5.8221       100.45      -1.1227     

 NODE       4274  KCS=      0  X,Y,Z=  6.0781       99.987      -1.1227     

 NODE       4275  KCS=      0  X,Y,Z=  6.3436       99.595      -1.1227     

 NODE       4276  KCS=      0  X,Y,Z=  6.6066       99.266      -1.1227     

 NODE       4277  KCS=      0  X,Y,Z=  10.812       102.91      -1.1227     

 ELEMENT TYPE SET TO         4

 *** NOTE ***                            ELAPSED TIME =       8.281   TIME= 17:29:19
 Setting the current shape of target element as pilot node.              

 ELEMENT   7316    4277      0      0      0      0      0      0      0


 *** NOTE ***                            ELAPSED TIME =       8.281   TIME= 17:29:19
 Rotational degrees of freedom ROTX+ROTY+ROTZ have been activated for    
 pilot node 4277.                                                        

 *** NOTE ***                            ELAPSED TIME =       8.282   TIME= 17:29:19
 Setting the current shape of target element as quadrilateral.           

 ELEMENT   7317    3830   3894   3893   3829      0      0      0      0


 ELEMENT   7318    3831   3895   3894   3830      0      0      0      0


 ELEMENT   7319    3832   3896   3895   3831      0      0      0      0


 ELEMENT   7320    3833   3897   3896   3832      0      0      0      0


 ELEMENT   7321    3834   3898   3897   3833      0      0      0      0


 ELEMENT   7322    3835   3899   3898   3834      0      0      0      0


 ELEMENT   7323    3836   3900   3899   3835      0      0      0      0


 ELEMENT   7324    3837   3901   3900   3836      0      0      0      0


 ELEMENT   7325    3838   3902   3901   3837      0      0      0      0


 ELEMENT   7326    3839   3903   3902   3838      0      0      0      0


 ELEMENT   7327    3840   3904   3903   3839      0      0      0      0


 ELEMENT   7328    3841   3905   3904   3840      0      0      0      0


 ELEMENT   7329    3842   3906   3905   3841      0      0      0      0


 ELEMENT   7330    3843   3907   3906   3842      0      0      0      0


 ELEMENT   7331    3844   3908   3907   3843      0      0      0      0


 ELEMENT   7332    3845   3909   3908   3844      0      0      0      0


 ELEMENT   7333    3846   3910   3909   3845      0      0      0      0


 ELEMENT   7334    3847   3911   3910   3846      0      0      0      0


 ELEMENT   7335    3848   3912   3911   3847      0      0      0      0


 ELEMENT   7336    3849   3913   3912   3848      0      0      0      0


 ELEMENT   7337    3850   3914   3913   3849      0      0      0      0


 ELEMENT   7338    3851   3915   3914   3850      0      0      0      0


 ELEMENT   7339    3852   3916   3915   3851      0      0      0      0


 ELEMENT   7340    3853   3917   3916   3852      0      0      0      0


 ELEMENT   7341    3854   3918   3917   3853      0      0      0      0


 ELEMENT   7342    3855   3919   3918   3854      0      0      0      0


 ELEMENT   7343    3856   3920   3919   3855      0      0      0      0


 ELEMENT   7344    3857   3921   3920   3856      0      0      0      0


 ELEMENT   7345    3858   3922   3921   3857      0      0      0      0


 ELEMENT   7346    3859   3923   3922   3858      0      0      0      0


 ELEMENT   7347    3860   3924   3923   3859      0      0      0      0


 ELEMENT   7348    3861   3925   3924   3860      0      0      0      0


 ELEMENT   7349    3862   3926   3925   3861      0      0      0      0


 ELEMENT   7350    3863   3927   3926   3862      0      0      0      0


 ELEMENT   7351    3864   3928   3927   3863      0      0      0      0


 ELEMENT   7352    3865   3929   3928   3864      0      0      0      0


 ELEMENT   7353    3866   3930   3929   3865      0      0      0      0


 ELEMENT   7354    3867   3931   3930   3866      0      0      0      0


 ELEMENT   7355    3868   3932   3931   3867      0      0      0      0


 ELEMENT   7356    3869   3933   3932   3868      0      0      0      0


 ELEMENT   7357    3870   3934   3933   3869      0      0      0      0


 ELEMENT   7358    3871   3935   3934   3870      0      0      0      0


 ELEMENT   7359    3872   3936   3935   3871      0      0      0      0


 ELEMENT   7360    3873   3937   3936   3872      0      0      0      0


 ELEMENT   7361    3874   3938   3937   3873      0      0      0      0


 ELEMENT   7362    3875   3939   3938   3874      0      0      0      0


 ELEMENT   7363    3876   3940   3939   3875      0      0      0      0


 ELEMENT   7364    3877   3941   3940   3876      0      0      0      0


 ELEMENT   7365    3878   3942   3941   3877      0      0      0      0


 ELEMENT   7366    3879   3943   3942   3878      0      0      0      0


 ELEMENT   7367    3880   3944   3943   3879      0      0      0      0


 ELEMENT   7368    3881   3945   3944   3880      0      0      0      0


 ELEMENT   7369    3882   3946   3945   3881      0      0      0      0


 ELEMENT   7370    3883   3947   3946   3882      0      0      0      0


 ELEMENT   7371    3884   3948   3947   3883      0      0      0      0


 ELEMENT   7372    3885   3949   3948   3884      0      0      0      0


 ELEMENT   7373    3886   3950   3949   3885      0      0      0      0


 ELEMENT   7374    3887   3951   3950   3886      0      0      0      0


 ELEMENT   7375    3888   3952   3951   3887      0      0      0      0


 ELEMENT   7376    3889   3953   3952   3888      0      0      0      0


 ELEMENT   7377    3890   3954   3953   3889      0      0      0      0


 ELEMENT   7378    3891   3955   3954   3890      0      0      0      0


 ELEMENT   7379    3892   3956   3955   3891      0      0      0      0


 ELEMENT   7380    3829   3893   3956   3892      0      0      0      0


 ELEMENT   7381    3894   3958   3957   3893      0      0      0      0


 ELEMENT   7382    3895   3959   3958   3894      0      0      0      0


 ELEMENT   7383    3896   3960   3959   3895      0      0      0      0


 ELEMENT   7384    3897   3961   3960   3896      0      0      0      0


 ELEMENT   7385    3898   3962   3961   3897      0      0      0      0


 ELEMENT   7386    3899   3963   3962   3898      0      0      0      0


 ELEMENT   7387    3900   3964   3963   3899      0      0      0      0


 ELEMENT   7388    3901   3965   3964   3900      0      0      0      0


 ELEMENT   7389    3902   3966   3965   3901      0      0      0      0


 ELEMENT   7390    3903   3967   3966   3902      0      0      0      0


 ELEMENT   7391    3904   3968   3967   3903      0      0      0      0


 ELEMENT   7392    3905   3969   3968   3904      0      0      0      0


 ELEMENT   7393    3906   3970   3969   3905      0      0      0      0


 ELEMENT   7394    3907   3971   3970   3906      0      0      0      0


 ELEMENT   7395    3908   3972   3971   3907      0      0      0      0


 ELEMENT   7396    3909   3973   3972   3908      0      0      0      0


 ELEMENT   7397    3910   3974   3973   3909      0      0      0      0


 ELEMENT   7398    3911   3975   3974   3910      0      0      0      0


 ELEMENT   7399    3912   3976   3975   3911      0      0      0      0


 ELEMENT   7400    3913   3977   3976   3912      0      0      0      0


 ELEMENT   7401    3914   3978   3977   3913      0      0      0      0


 ELEMENT   7402    3915   3979   3978   3914      0      0      0      0


 ELEMENT   7403    3916   3980   3979   3915      0      0      0      0


 ELEMENT   7404    3917   3981   3980   3916      0      0      0      0


 ELEMENT   7405    3918   3982   3981   3917      0      0      0      0


 ELEMENT   7406    3919   3983   3982   3918      0      0      0      0


 ELEMENT   7407    3920   3984   3983   3919      0      0      0      0


 ELEMENT   7408    3921   3985   3984   3920      0      0      0      0


 ELEMENT   7409    3922   3986   3985   3921      0      0      0      0


 ELEMENT   7410    3923   3987   3986   3922      0      0      0      0


 ELEMENT   7411    3924   3988   3987   3923      0      0      0      0


 ELEMENT   7412    3925   3989   3988   3924      0      0      0      0


 ELEMENT   7413    3926   3990   3989   3925      0      0      0      0


 ELEMENT   7414    3927   3991   3990   3926      0      0      0      0


 ELEMENT   7415    3928   3992   3991   3927      0      0      0      0


 ELEMENT   7416    3929   3993   3992   3928      0      0      0      0


 ELEMENT   7417    3930   3994   3993   3929      0      0      0      0


 ELEMENT   7418    3931   3995   3994   3930      0      0      0      0


 ELEMENT   7419    3932   3996   3995   3931      0      0      0      0


 ELEMENT   7420    3933   3997   3996   3932      0      0      0      0


 ELEMENT   7421    3934   3998   3997   3933      0      0      0      0


 ELEMENT   7422    3935   3999   3998   3934      0      0      0      0


 ELEMENT   7423    3936   4000   3999   3935      0      0      0      0


 ELEMENT   7424    3937   4001   4000   3936      0      0      0      0


 ELEMENT   7425    3938   4002   4001   3937      0      0      0      0


 ELEMENT   7426    3939   4003   4002   3938      0      0      0      0


 ELEMENT   7427    3940   4004   4003   3939      0      0      0      0


 ELEMENT   7428    3941   4005   4004   3940      0      0      0      0


 ELEMENT   7429    3942   4006   4005   3941      0      0      0      0


 ELEMENT   7430    3943   4007   4006   3942      0      0      0      0


 ELEMENT   7431    3944   4008   4007   3943      0      0      0      0


 ELEMENT   7432    3945   4009   4008   3944      0      0      0      0


 ELEMENT   7433    3946   4010   4009   3945      0      0      0      0


 ELEMENT   7434    3947   4011   4010   3946      0      0      0      0


 ELEMENT   7435    3948   4012   4011   3947      0      0      0      0


 ELEMENT   7436    3949   4013   4012   3948      0      0      0      0


 ELEMENT   7437    3950   4014   4013   3949      0      0      0      0


 ELEMENT   7438    3951   4015   4014   3950      0      0      0      0


 ELEMENT   7439    3952   4016   4015   3951      0      0      0      0


 ELEMENT   7440    3953   4017   4016   3952      0      0      0      0


 ELEMENT   7441    3954   4018   4017   3953      0      0      0      0


 ELEMENT   7442    3955   4019   4018   3954      0      0      0      0


 ELEMENT   7443    3956   4020   4019   3955      0      0      0      0


 ELEMENT   7444    3893   3957   4020   3956      0      0      0      0


 ELEMENT   7445    3958   4022   4021   3957      0      0      0      0


 ELEMENT   7446    3959   4023   4022   3958      0      0      0      0


 ELEMENT   7447    3960   4024   4023   3959      0      0      0      0


 ELEMENT   7448    3961   4025   4024   3960      0      0      0      0


 ELEMENT   7449    3962   4026   4025   3961      0      0      0      0


 ELEMENT   7450    3963   4027   4026   3962      0      0      0      0


 ELEMENT   7451    3964   4028   4027   3963      0      0      0      0


 ELEMENT   7452    3965   4029   4028   3964      0      0      0      0


 ELEMENT   7453    3966   4030   4029   3965      0      0      0      0


 ELEMENT   7454    3967   4031   4030   3966      0      0      0      0


 ELEMENT   7455    3968   4032   4031   3967      0      0      0      0


 ELEMENT   7456    3969   4033   4032   3968      0      0      0      0


 ELEMENT   7457    3970   4034   4033   3969      0      0      0      0


 ELEMENT   7458    3971   4035   4034   3970      0      0      0      0


 ELEMENT   7459    3972   4036   4035   3971      0      0      0      0


 ELEMENT   7460    3973   4037   4036   3972      0      0      0      0


 ELEMENT   7461    3974   4038   4037   3973      0      0      0      0


 ELEMENT   7462    3975   4039   4038   3974      0      0      0      0


 ELEMENT   7463    3976   4040   4039   3975      0      0      0      0


 ELEMENT   7464    3977   4041   4040   3976      0      0      0      0


 ELEMENT   7465    3978   4042   4041   3977      0      0      0      0


 ELEMENT   7466    3979   4043   4042   3978      0      0      0      0


 ELEMENT   7467    3980   4044   4043   3979      0      0      0      0


 ELEMENT   7468    3981   4045   4044   3980      0      0      0      0


 ELEMENT   7469    3982   4046   4045   3981      0      0      0      0


 ELEMENT   7470    3983   4047   4046   3982      0      0      0      0


 ELEMENT   7471    3984   4048   4047   3983      0      0      0      0


 ELEMENT   7472    3985   4049   4048   3984      0      0      0      0


 ELEMENT   7473    3986   4050   4049   3985      0      0      0      0


 ELEMENT   7474    3987   4051   4050   3986      0      0      0      0


 ELEMENT   7475    3988   4052   4051   3987      0      0      0      0


 ELEMENT   7476    3989   4053   4052   3988      0      0      0      0


 ELEMENT   7477    3990   4054   4053   3989      0      0      0      0


 ELEMENT   7478    3991   4055   4054   3990      0      0      0      0


 ELEMENT   7479    3992   4056   4055   3991      0      0      0      0


 ELEMENT   7480    3993   4057   4056   3992      0      0      0      0


 ELEMENT   7481    3994   4058   4057   3993      0      0      0      0


 ELEMENT   7482    3995   4059   4058   3994      0      0      0      0


 ELEMENT   7483    3996   4060   4059   3995      0      0      0      0


 ELEMENT   7484    3997   4061   4060   3996      0      0      0      0


 ELEMENT   7485    3998   4062   4061   3997      0      0      0      0


 ELEMENT   7486    3999   4063   4062   3998      0      0      0      0


 ELEMENT   7487    4000   4064   4063   3999      0      0      0      0


 ELEMENT   7488    4001   4065   4064   4000      0      0      0      0


 ELEMENT   7489    4002   4066   4065   4001      0      0      0      0


 ELEMENT   7490    4003   4067   4066   4002      0      0      0      0


 ELEMENT   7491    4004   4068   4067   4003      0      0      0      0


 ELEMENT   7492    4005   4069   4068   4004      0      0      0      0


 ELEMENT   7493    4006   4070   4069   4005      0      0      0      0


 ELEMENT   7494    4007   4071   4070   4006      0      0      0      0


 ELEMENT   7495    4008   4072   4071   4007      0      0      0      0


 ELEMENT   7496    4009   4073   4072   4008      0      0      0      0


 ELEMENT   7497    4010   4074   4073   4009      0      0      0      0


 ELEMENT   7498    4011   4075   4074   4010      0      0      0      0


 ELEMENT   7499    4012   4076   4075   4011      0      0      0      0


 ELEMENT   7500    4013   4077   4076   4012      0      0      0      0


 ELEMENT   7501    4014   4078   4077   4013      0      0      0      0


 ELEMENT   7502    4015   4079   4078   4014      0      0      0      0


 ELEMENT   7503    4016   4080   4079   4015      0      0      0      0


 ELEMENT   7504    4017   4081   4080   4016      0      0      0      0


 ELEMENT   7505    4018   4082   4081   4017      0      0      0      0


 ELEMENT   7506    4019   4083   4082   4018      0      0      0      0


 ELEMENT   7507    4020   4084   4083   4019      0      0      0      0


 ELEMENT   7508    3957   4021   4084   4020      0      0      0      0


 ELEMENT   7509    4022   4086   4085   4021      0      0      0      0


 ELEMENT   7510    4023   4087   4086   4022      0      0      0      0


 ELEMENT   7511    4024   4088   4087   4023      0      0      0      0


 ELEMENT   7512    4025   4089   4088   4024      0      0      0      0


 ELEMENT   7513    4026   4090   4089   4025      0      0      0      0


 ELEMENT   7514    4027   4091   4090   4026      0      0      0      0


 ELEMENT   7515    4028   4092   4091   4027      0      0      0      0


 ELEMENT   7516    4029   4093   4092   4028      0      0      0      0


 ELEMENT   7517    4030   4094   4093   4029      0      0      0      0


 ELEMENT   7518    4031   4095   4094   4030      0      0      0      0


 ELEMENT   7519    4032   4096   4095   4031      0      0      0      0


 ELEMENT   7520    4033   4097   4096   4032      0      0      0      0


 ELEMENT   7521    4034   4098   4097   4033      0      0      0      0


 ELEMENT   7522    4035   4099   4098   4034      0      0      0      0


 ELEMENT   7523    4036   4100   4099   4035      0      0      0      0


 ELEMENT   7524    4037   4101   4100   4036      0      0      0      0


 ELEMENT   7525    4038   4102   4101   4037      0      0      0      0


 ELEMENT   7526    4039   4103   4102   4038      0      0      0      0


 ELEMENT   7527    4040   4104   4103   4039      0      0      0      0


 ELEMENT   7528    4041   4105   4104   4040      0      0      0      0


 ELEMENT   7529    4042   4106   4105   4041      0      0      0      0


 ELEMENT   7530    4043   4107   4106   4042      0      0      0      0


 ELEMENT   7531    4044   4108   4107   4043      0      0      0      0


 ELEMENT   7532    4045   4109   4108   4044      0      0      0      0


 ELEMENT   7533    4046   4110   4109   4045      0      0      0      0


 ELEMENT   7534    4047   4111   4110   4046      0      0      0      0


 ELEMENT   7535    4048   4112   4111   4047      0      0      0      0


 ELEMENT   7536    4049   4113   4112   4048      0      0      0      0


 ELEMENT   7537    4050   4114   4113   4049      0      0      0      0


 ELEMENT   7538    4051   4115   4114   4050      0      0      0      0


 ELEMENT   7539    4052   4116   4115   4051      0      0      0      0


 ELEMENT   7540    4053   4117   4116   4052      0      0      0      0


 ELEMENT   7541    4054   4118   4117   4053      0      0      0      0


 ELEMENT   7542    4055   4119   4118   4054      0      0      0      0


 ELEMENT   7543    4056   4120   4119   4055      0      0      0      0


 ELEMENT   7544    4057   4121   4120   4056      0      0      0      0


 ELEMENT   7545    4058   4122   4121   4057      0      0      0      0


 ELEMENT   7546    4059   4123   4122   4058      0      0      0      0


 ELEMENT   7547    4060   4124   4123   4059      0      0      0      0


 ELEMENT   7548    4061   4125   4124   4060      0      0      0      0


 ELEMENT   7549    4062   4126   4125   4061      0      0      0      0


 ELEMENT   7550    4063   4127   4126   4062      0      0      0      0


 ELEMENT   7551    4064   4128   4127   4063      0      0      0      0


 ELEMENT   7552    4065   4129   4128   4064      0      0      0      0


 ELEMENT   7553    4066   4130   4129   4065      0      0      0      0


 ELEMENT   7554    4067   4131   4130   4066      0      0      0      0


 ELEMENT   7555    4068   4132   4131   4067      0      0      0      0


 ELEMENT   7556    4069   4133   4132   4068      0      0      0      0


 ELEMENT   7557    4070   4134   4133   4069      0      0      0      0


 ELEMENT   7558    4071   4135   4134   4070      0      0      0      0


 ELEMENT   7559    4072   4136   4135   4071      0      0      0      0


 ELEMENT   7560    4073   4137   4136   4072      0      0      0      0


 ELEMENT   7561    4074   4138   4137   4073      0      0      0      0


 ELEMENT   7562    4075   4139   4138   4074      0      0      0      0


 ELEMENT   7563    4076   4140   4139   4075      0      0      0      0


 ELEMENT   7564    4077   4141   4140   4076      0      0      0      0


 ELEMENT   7565    4078   4142   4141   4077      0      0      0      0


 ELEMENT   7566    4079   4143   4142   4078      0      0      0      0


 ELEMENT   7567    4080   4144   4143   4079      0      0      0      0


 ELEMENT   7568    4081   4145   4144   4080      0      0      0      0


 ELEMENT   7569    4082   4146   4145   4081      0      0      0      0


 ELEMENT   7570    4083   4147   4146   4082      0      0      0      0


 ELEMENT   7571    4084   4148   4147   4083      0      0      0      0


 ELEMENT   7572    4021   4085   4148   4084      0      0      0      0


 ELEMENT   7573    4086   4150   4149   4085      0      0      0      0


 ELEMENT   7574    4087   4151   4150   4086      0      0      0      0


 ELEMENT   7575    4088   4152   4151   4087      0      0      0      0


 ELEMENT   7576    4089   4153   4152   4088      0      0      0      0


 ELEMENT   7577    4090   4154   4153   4089      0      0      0      0


 ELEMENT   7578    4091   4155   4154   4090      0      0      0      0


 ELEMENT   7579    4092   4156   4155   4091      0      0      0      0


 ELEMENT   7580    4093   4157   4156   4092      0      0      0      0


 ELEMENT   7581    4094   4158   4157   4093      0      0      0      0


 ELEMENT   7582    4095   4159   4158   4094      0      0      0      0


 ELEMENT   7583    4096   4160   4159   4095      0      0      0      0


 ELEMENT   7584    4097   4161   4160   4096      0      0      0      0


 ELEMENT   7585    4098   4162   4161   4097      0      0      0      0


 ELEMENT   7586    4099   4163   4162   4098      0      0      0      0


 ELEMENT   7587    4100   4164   4163   4099      0      0      0      0


 ELEMENT   7588    4101   4165   4164   4100      0      0      0      0


 ELEMENT   7589    4102   4166   4165   4101      0      0      0      0


 ELEMENT   7590    4103   4167   4166   4102      0      0      0      0


 ELEMENT   7591    4104   4168   4167   4103      0      0      0      0


 ELEMENT   7592    4105   4169   4168   4104      0      0      0      0


 ELEMENT   7593    4106   4170   4169   4105      0      0      0      0


 ELEMENT   7594    4107   4171   4170   4106      0      0      0      0


 ELEMENT   7595    4108   4172   4171   4107      0      0      0      0


 ELEMENT   7596    4109   4173   4172   4108      0      0      0      0


 ELEMENT   7597    4110   4174   4173   4109      0      0      0      0


 ELEMENT   7598    4111   4175   4174   4110      0      0      0      0


 ELEMENT   7599    4112   4176   4175   4111      0      0      0      0


 ELEMENT   7600    4113   4177   4176   4112      0      0      0      0


 ELEMENT   7601    4114   4178   4177   4113      0      0      0      0


 ELEMENT   7602    4115   4179   4178   4114      0      0      0      0


 ELEMENT   7603    4116   4180   4179   4115      0      0      0      0


 ELEMENT   7604    4117   4181   4180   4116      0      0      0      0


 ELEMENT   7605    4118   4182   4181   4117      0      0      0      0


 ELEMENT   7606    4119   4183   4182   4118      0      0      0      0


 ELEMENT   7607    4120   4184   4183   4119      0      0      0      0


 ELEMENT   7608    4121   4185   4184   4120      0      0      0      0


 ELEMENT   7609    4122   4186   4185   4121      0      0      0      0


 ELEMENT   7610    4123   4187   4186   4122      0      0      0      0


 ELEMENT   7611    4124   4188   4187   4123      0      0      0      0


 ELEMENT   7612    4125   4189   4188   4124      0      0      0      0


 ELEMENT   7613    4126   4190   4189   4125      0      0      0      0


 ELEMENT   7614    4127   4191   4190   4126      0      0      0      0


 ELEMENT   7615    4128   4192   4191   4127      0      0      0      0


 ELEMENT   7616    4129   4193   4192   4128      0      0      0      0


 ELEMENT   7617    4130   4194   4193   4129      0      0      0      0


 ELEMENT   7618    4131   4195   4194   4130      0      0      0      0


 ELEMENT   7619    4132   4196   4195   4131      0      0      0      0


 ELEMENT   7620    4133   4197   4196   4132      0      0      0      0


 ELEMENT   7621    4134   4198   4197   4133      0      0      0      0


 ELEMENT   7622    4135   4199   4198   4134      0      0      0      0


 ELEMENT   7623    4136   4200   4199   4135      0      0      0      0


 ELEMENT   7624    4137   4201   4200   4136      0      0      0      0


 ELEMENT   7625    4138   4202   4201   4137      0      0      0      0


 ELEMENT   7626    4139   4203   4202   4138      0      0      0      0


 ELEMENT   7627    4140   4204   4203   4139      0      0      0      0


 ELEMENT   7628    4141   4205   4204   4140      0      0      0      0


 ELEMENT   7629    4142   4206   4205   4141      0      0      0      0


 ELEMENT   7630    4143   4207   4206   4142      0      0      0      0


 ELEMENT   7631    4144   4208   4207   4143      0      0      0      0


 ELEMENT   7632    4145   4209   4208   4144      0      0      0      0


 ELEMENT   7633    4146   4210   4209   4145      0      0      0      0


 ELEMENT   7634    4147   4211   4210   4146      0      0      0      0


 ELEMENT   7635    4148   4212   4211   4147      0      0      0      0


 ELEMENT   7636    4085   4149   4212   4148      0      0      0      0


 ELEMENT   7637    4150   4214   4213   4149      0      0      0      0


 ELEMENT   7638    4151   4215   4214   4150      0      0      0      0


 ELEMENT   7639    4152   4216   4215   4151      0      0      0      0


 ELEMENT   7640    4153   4217   4216   4152      0      0      0      0


 ELEMENT   7641    4154   4218   4217   4153      0      0      0      0


 ELEMENT   7642    4155   4219   4218   4154      0      0      0      0


 ELEMENT   7643    4156   4220   4219   4155      0      0      0      0


 ELEMENT   7644    4157   4221   4220   4156      0      0      0      0


 ELEMENT   7645    4158   4222   4221   4157      0      0      0      0


 ELEMENT   7646    4159   4223   4222   4158      0      0      0      0


 ELEMENT   7647    4160   4224   4223   4159      0      0      0      0


 ELEMENT   7648    4161   4225   4224   4160      0      0      0      0


 ELEMENT   7649    4162   4226   4225   4161      0      0      0      0


 ELEMENT   7650    4163   4227   4226   4162      0      0      0      0


 ELEMENT   7651    4164   4228   4227   4163      0      0      0      0


 ELEMENT   7652    4165   4229   4228   4164      0      0      0      0


 ELEMENT   7653    4166   4230   4229   4165      0      0      0      0


 ELEMENT   7654    4167   4231   4230   4166      0      0      0      0


 ELEMENT   7655    4168   4232   4231   4167      0      0      0      0


 ELEMENT   7656    4169   4233   4232   4168      0      0      0      0


 ELEMENT   7657    4170   4234   4233   4169      0      0      0      0


 ELEMENT   7658    4171   4235   4234   4170      0      0      0      0


 ELEMENT   7659    4172   4236   4235   4171      0      0      0      0


 ELEMENT   7660    4173   4237   4236   4172      0      0      0      0


 ELEMENT   7661    4174   4238   4237   4173      0      0      0      0


 ELEMENT   7662    4175   4239   4238   4174      0      0      0      0


 ELEMENT   7663    4176   4240   4239   4175      0      0      0      0


 ELEMENT   7664    4177   4241   4240   4176      0      0      0      0


 ELEMENT   7665    4178   4242   4241   4177      0      0      0      0


 ELEMENT   7666    4179   4243   4242   4178      0      0      0      0


 ELEMENT   7667    4180   4244   4243   4179      0      0      0      0


 ELEMENT   7668    4181   4245   4244   4180      0      0      0      0


 ELEMENT   7669    4182   4246   4245   4181      0      0      0      0


 ELEMENT   7670    4183   4247   4246   4182      0      0      0      0


 ELEMENT   7671    4184   4248   4247   4183      0      0      0      0


 ELEMENT   7672    4185   4249   4248   4184      0      0      0      0


 ELEMENT   7673    4186   4250   4249   4185      0      0      0      0


 ELEMENT   7674    4187   4251   4250   4186      0      0      0      0


 ELEMENT   7675    4188   4252   4251   4187      0      0      0      0


 ELEMENT   7676    4189   4253   4252   4188      0      0      0      0


 ELEMENT   7677    4190   4254   4253   4189      0      0      0      0


 ELEMENT   7678    4191   4255   4254   4190      0      0      0      0


 ELEMENT   7679    4192   4256   4255   4191      0      0      0      0


 ELEMENT   7680    4193   4257   4256   4192      0      0      0      0


 ELEMENT   7681    4194   4258   4257   4193      0      0      0      0


 ELEMENT   7682    4195   4259   4258   4194      0      0      0      0


 ELEMENT   7683    4196   4260   4259   4195      0      0      0      0


 ELEMENT   7684    4197   4261   4260   4196      0      0      0      0


 ELEMENT   7685    4198   4262   4261   4197      0      0      0      0


 ELEMENT   7686    4199   4263   4262   4198      0      0      0      0


 ELEMENT   7687    4200   4264   4263   4199      0      0      0      0


 ELEMENT   7688    4201   4265   4264   4200      0      0      0      0


 ELEMENT   7689    4202   4266   4265   4201      0      0      0      0


 ELEMENT   7690    4203   4267   4266   4202      0      0      0      0


 ELEMENT   7691    4204   4268   4267   4203      0      0      0      0


 ELEMENT   7692    4205   4269   4268   4204      0      0      0      0


 ELEMENT   7693    4206   4270   4269   4205      0      0      0      0


 ELEMENT   7694    4207   4271   4270   4206      0      0      0      0


 ELEMENT   7695    4208   4272   4271   4207      0      0      0      0


 ELEMENT   7696    4209   4273   4272   4208      0      0      0      0


 ELEMENT   7697    4210   4274   4273   4209      0      0      0      0


 ELEMENT   7698    4211   4275   4274   4210      0      0      0      0


 ELEMENT   7699    4212   4276   4275   4211      0      0      0      0


 ELEMENT   7700    4149   4213   4276   4212      0      0      0      0


 SPECIFIED CONSTRAINT UX   FOR SELECTED NODES         4277 TO        4277 BY           1
 REAL=  0.00000000       IMAG=  0.00000000    
 ADDITIONAL DOFS=  UY    UZ    ROTX  ROTY  ROTZ

 SPECIFIED CONSTRAINT UX   FOR SELECTED NODES         2481 TO        2481 BY           1
 REAL=  0.00000000       IMAG=  0.00000000    
 ADDITIONAL DOFS=  UY    UZ    ROTX  ROTY  ROTZ

 SELECT       FOR ITEM=TYPE COMPONENT=    
  IN RANGE         3 TO          3 STEP          1

       3072  ELEMENTS (OF       7700  DEFINED) SELECTED BY  ESEL  COMMAND.

 DEFINITION OF COMPONENT = CLAMP_CONTACT  ENTITY=ELEM

 SELECT ALL ENTITIES OF TYPE= ALL  AND BELOW


 ***** ROUTINE COMPLETED *****  ELAPSED TIME =         8.297



 *****  MAPDL SOLUTION ROUTINE  *****

 LARGE DEFORMATION ANALYSIS

 FINISH SOLUTION PROCESSING


 ***** ROUTINE COMPLETED *****  ELAPSED TIME =         8.298



 *** MAPDL - ENGINEERING ANALYSIS SYSTEM  RELEASE 2026 R1.02       26.1     ***
 Ansys Mechanical Enterprise Academic Research     
 01196637  VERSION=WINDOWS x64   17:29:19  OCT 05, 2026 Elapsed Time=      8.298

 Edge battery: estimated nickel ductile damage                                 



          ***** MAPDL ANALYSIS DEFINITION (PREP7) *****

 CHECK MODEL FOR ERRORS
     Check all data

 *** WARNING ***                         ELAPSED TIME =       8.302   TIME= 17:29:19
 One or more single layer Shell elements (such as element 3089)          
 reference section 1, which defines a different material (1) than the    
 attribute of the element (2).                                           

 *** NOTE ***                            ELAPSED TIME =       8.323   TIME= 17:29:19
 Present time 0 is less than or equal to the previous time.  Time will   
 default to 1.                                                           

 *** NOTE ***                            ELAPSED TIME =       8.343   TIME= 17:29:19
 The analysis data was checked and warning messages were found.          
  Please review output or errors file (                                  
 C:\Temp\PBTear26_e30u03_coarse\check.err ) for these warning messages.  

 *GET  NN        FROM  NODE  ITEM=COUN       VALUE=  4277.00000     

 *GET  NE        FROM  ELEM  ITEM=COUN           VALUE=  7700.00000    

 OPENED FILE= inventory.txt FOR COMMAND FILE DATA 


  COMMAND FILE CLOSED 


 ALL CURRENT MAPDL DATA WRITTEN TO FILE NAME= model.db
  FOR POSSIBLE RESUME FROM THIS POINT


 ***** ROUTINE COMPLETED *****  ELAPSED TIME =         8.476



 EXIT MAPDL WITHOUT SAVING DATABASE


 NUMBER OF WARNING MESSAGES ENCOUNTERED=          1
 NUMBER OF ERROR   MESSAGES ENCOUNTERED=          0

+--------------------- M A P D L   S T A T I S T I C S ------------------------+

Release: 2026 R1.02         Build: 26.1       Update: UP20260202   Platform: WINDOWS x64 
Date Run: 10/05/2026   Time: 17:29     Process ID: 10848
Operating System: Windows 11  (Build: 26200)

Processor Model:                           Virtual CPU @ 3.20GHz

Compiler: Intel(R) Fortran Compiler Classic Version 2021.9  (Build: 20230302)
          Intel(R) C/C++ Compiler Classic Version 2021.9  (Build: 20230302)
          AOCL-BLAS 5.1.1 Build 20251008
          Intel(R) oneAPI Math Kernel Library Version 2024.2.3-Product Build 20250403

Number of machines requested            :    1
Total number of cores available         :   14
Number of physical cores available      :   14
Number of processes requested           :    1
Number of threads per process requested :    1
Total number of cores requested         :    1 (Shared Memory Parallel)                    

GPU Acceleration: Not Requested

Job Name: check
Input File: preflight.dat
Working Directory: C:\Temp\PBTear26_e30u03_coarse

Total CPU time for main thread                    :        2.8 seconds
Total CPU time summed for all threads             :        2.2 seconds

Elapsed time spent obtaining a license            :        2.0 seconds
Elapsed time spent pre-processing model (/PREP7)  :        1.3 seconds
Elapsed time spent solution - preprocessing       :        0.0 seconds
Elapsed time spent computing solution             :        0.0 seconds
   Elapsed time in element formation & assembly   :        0.0 seconds
   Elapsed time in equation solver                :        0.0 seconds
   Elapsed time in element result calculations    :        0.0 seconds
Elapsed time spent solution - postprocessing      :        0.0 seconds
Elapsed time spent post-processing model (/POST1) :        0.0 seconds
 

Sum of disk space used on all processes           :        4.2 MB

Sum of memory used on all processes               :       16.0 MB
Sum of memory allocated on all processes          :     2304.0 MB
Physical memory available                         :        112 GB
Total amount of I/O written to disk               :        0.0 GB
Total amount of I/O read from disk                :        0.0 GB

+------------------ E N D   M A P D L   S T A T I S T I C S -------------------+


 *-----------------------------------------------------------------------------*
 |                                                                             |
 |                               RUN COMPLETED                                 |
 |                                                                             |
 |-----------------------------------------------------------------------------|
 |                                                                             |
 |  Ansys MAPDL 2026 R1.02      Build 26.1         UP20260202    WINDOWS x64   |
 |                                                                             |
 |-----------------------------------------------------------------------------|
 |                                                                             |
 |  Database Requested(-db)  1024 MB     Scratch Memory Requested      1024 MB |
 |  Maximum Database Used       7 MB     Maximum Scratch Memory Used      9 MB |
 |                                                                             |
 |-----------------------------------------------------------------------------|
 |                                                                             |
 |        CP Time      (sec) =          2.188       Time  =  17:29:30          |
 |        Elapsed Time (sec) =         18.803       Date  =  10/05/2026        |
 |                                                                             |
 *-----------------------------------------------------------------------------*
