132054|WindowsForms10.Window.8.app.0.34f5582_r7_ad1|-16,-16,3616,1992|RASAero II 
132052|WindowsForms10.Window.8.app.0.34f5582_r7_ad1|0,168,3600,1978|
131938|WindowsForms10.Window.8.app.0.34f5582_r7_ad1|0,168,3600,438|
263020|WindowsForms10.EDIT.app.0.34f5582_r7_ad1|340,188,1282,270|Hsq
328648|WindowsForms10.EDIT.app.0.34f5582_r7_ad1|418,294,1162,376|Motor: I500T-14A  (AT)  Loaded Wt. (lb) 14.5064
132048|WindowsForms10.LISTBOX.app.0.34f5582_r7_ad1|18,188,316,378|
197574|WindowsForms10.Window.8.app.0.34f5582_r7_ad1|0,446,3600,1978|
197562|WindowsForms10.Window.8.app.0.34f5582_r7_ad1|1780,1902,1906,1942|
263104|WindowsForms10.EDIT.app.0.34f5582_r7_ad1|1784,1906,1902,1938|0.00
197578|WindowsForms10.STATIC.app.0.34f5582_r7_ad1|642,1906,2794,1934|Mach
131936|WindowsForms10.Window.8.app.0.34f5582_r7_ad1|18,454,3592,1834|
132056|WindowsForms10.Window.8.app.0.34f5582_r7_ad1|4,1846,3600,1932|
197438|WindowsForms10.Window.8.app.0.34f5582_r7_ad1|0,94,3600,162|ToolStrip1
197598|WindowsForms10.Window.8.app.0.34f5582_r7_ad1|0,46,3600,94|MenuStrip1
132054|WindowsForms10.Window.8.app.0.34f5582_r7_ad1|-16,-16,3616,1992|RASAero II 
132052|WindowsForms10.Window.8.app.0.34f5582_r7_ad1|0,168,3600,1978|
131938|WindowsForms10.Window.8.app.0.34f5582_r7_ad1|0,168,3600,438|
263020|WindowsForms10.EDIT.app.0.34f5582_r7_ad1|340,188,1282,270|Hbev
328648|WindowsForms10.EDIT.app.0.34f5582_r7_ad1|418,294,1162,376|Motor: I500T-14A  (AT)  Loaded Wt. (lb) 14.5064
132048|WindowsForms10.LISTBOX.app.0.34f5582_r7_ad1|18,188,316,378|
197574|WindowsForms10.Window.8.app.0.34f5582_r7_ad1|0,446,3600,1978|
197562|WindowsForms10.Window.8.app.0.34f5582_r7_ad1|1780,1902,1906,1942|
263104|WindowsForms10.EDIT.app.0.34f5582_r7_ad1|1784,1906,1902,1938|0.00
197578|WindowsForms10.STATIC.app.0.34f5582_r7_ad1|642,1906,2794,1934|Mach
131936|WindowsForms10.Window.8.app.0.34f5582_r7_ad1|18,454,3592,1834|
132056|WindowsForms10.Window.8.app.0.34f5582_r7_ad1|4,1846,3600,1932|
197438|WindowsForms10.Window.8.app.0.34f5582_r7_ad1|0,94,3600,162|ToolStrip1
197598|WindowsForms10.Window.8.app.0.34f5582_r7_ad1|0,46,3600,94|MenuStrip1
132054|WindowsForms10.Window.8.app.0.34f5582_r7_ad1|-16,-16,3616,1992|RASAero II 
132052|WindowsForms10.Window.8.app.0.34f5582_r7_ad1|0,168,3600,1978|
131938|WindowsForms10.Window.8.app.0.34f5582_r7_ad1|0,168,3600,438|
263020|WindowsForms10.EDIT.app.0.34f5582_r7_ad1|340,188,1282,270|Hbev
328648|WindowsForms10.EDIT.app.0.34f5582_r7_ad1|418,294,1162,376|Motor: I500T-14A  (AT)  Loaded Wt. (lb) 14.5064
132048|WindowsForms10.LISTBOX.app.0.34f5582_r7_ad1|18,188,316,378|
197574|WindowsForms10.Window.8.app.0.34f5582_r7_ad1|0,446,3600,1978|
197562|WindowsForms10.Window.8.app.0.34f5582_r7_ad1|1780,1902,1906,1942|
263104|WindowsForms10.EDIT.app.0.34f5582_r7_ad1|1784,1906,1902,1938|0.00
197578|WindowsForms10.STATIC.app.0.34f5582_r7_ad1|642,1906,2794,1934|Mach
131936|WindowsForms10.Window.8.app.0.34f5582_r7_ad1|18,454,3592,1834|
132056|WindowsForms10.Window.8.app.0.34f5582_r7_ad1|4,1846,3600,1932|
197438|WindowsForms10.Window.8.app.0.34f5582_r7_ad1|0,94,3600,162|ToolStrip1
197598|WindowsForms10.Window.8.app.0.34f5582_r7_ad1|0,46,3600,94|MenuStrip1
5702078|WindowsForms10.Window.8.app.0.34f5582_r7_ad1|156,156,1730,1310|Aero Plots
5439996|WindowsForms10.STATIC.app.0.34f5582_r7_ad1|722,276,894,310|Plot Data to:
5178272|WindowsForms10.COMBOBOX.app.0.34f5582_r7_ad1|904,272,1076,314|Mach 25
8979626|WindowsForms10.Window.8.app.0.34f5582_r7_ad1|196,338,1746,1284|
5243360|WindowsForms10.Window.8.app.0.34f5582_r7_ad1|196,338,1746,1082|
5309248|WindowsForms10.Window.8.app.0.34f5582_r7_ad1|204,368,1714,1074|
6160948|WindowsForms10.Window.8.app.0.34f5582_r7_ad1|196,1090,1746,1284|
4916140|WindowsForms10.Window.8.app.0.34f5582_r7_ad1|208,1094,1692,1272|
5505234|WindowsForms10.SCROLLBAR.app.0.34f5582_r7_ad1|210,1236,1656,1270|
5113168|WindowsForms10.SCROLLBAR.app.0.34f5582_r7_ad1|1656,1096,1690,1236|
6160598|WindowsForms10.COMBOBOX.app.0.34f5582_r7_ad1|442,268,694,310|Mach Number
5965158|WindowsForms10.COMBOBOX.app.0.34f5582_r7_ad1|204,270,430,312|CD
6423080|WindowsForms10.Window.8.app.0.34f5582_r7_ad1|172,218,1714,266|MenuStrip1
132054|WindowsForms10.Window.8.app.0.34f5582_r7_ad1|-16,-16,3616,1992|RASAero II 
132052|WindowsForms10.Window.8.app.0.34f5582_r7_ad1|0,168,3600,1978|
131938|WindowsForms10.Window.8.app.0.34f5582_r7_ad1|0,168,3600,438|
263020|WindowsForms10.EDIT.app.0.34f5582_r7_ad1|340,188,1282,270|Hbev
328648|WindowsForms10.EDIT.app.0.34f5582_r7_ad1|418,294,1162,376|Motor: I500T-14A  (AT)  Loaded Wt. (lb) 14.5064
132048|WindowsForms10.LISTBOX.app.0.34f5582_r7_ad1|18,188,316,378|
197574|WindowsForms10.Window.8.app.0.34f5582_r7_ad1|0,446,3600,1978|
197562|WindowsForms10.Window.8.app.0.34f5582_r7_ad1|1780,1902,1906,1942|
263104|WindowsForms10.EDIT.app.0.34f5582_r7_ad1|1784,1906,1902,1938|0.00
197578|WindowsForms10.STATIC.app.0.34f5582_r7_ad1|642,1906,2794,1934|Mach
131936|WindowsForms10.Window.8.app.0.34f5582_r7_ad1|18,454,3592,1834|
132056|WindowsForms10.Window.8.app.0.34f5582_r7_ad1|4,1846,3600,1932|
197438|WindowsForms10.Window.8.app.0.34f5582_r7_ad1|0,94,3600,162|ToolStrip1
197598|WindowsForms10.Window.8.app.0.34f5582_r7_ad1|0,46,3600,94|MenuStrip1
5702078|WindowsForms10.Window.8.app.0.34f5582_r7_ad1|156,156,1730,1310|Aero Plots
5439996|WindowsForms10.STATIC.app.0.34f5582_r7_ad1|722,276,894,310|Plot Data to:
5178272|WindowsForms10.COMBOBOX.app.0.34f5582_r7_ad1|904,272,1076,314|Mach 25
8979626|WindowsForms10.Window.8.app.0.34f5582_r7_ad1|196,338,1746,1284|
5243360|WindowsForms10.Window.8.app.0.34f5582_r7_ad1|196,338,1746,1082|
5309248|WindowsForms10.Window.8.app.0.34f5582_r7_ad1|204,368,1714,1074|
6160948|WindowsForms10.Window.8.app.0.34f5582_r7_ad1|196,1090,1746,1284|
4916140|WindowsForms10.Window.8.app.0.34f5582_r7_ad1|208,1094,1692,1272|
5505234|WindowsForms10.SCROLLBAR.app.0.34f5582_r7_ad1|210,1236,1656,1270|
5113168|WindowsForms10.SCROLLBAR.app.0.34f5582_r7_ad1|1656,1096,1690,1236|
6160598|WindowsForms10.COMBOBOX.app.0.34f5582_r7_ad1|442,268,694,310|Mach Number
5965158|WindowsForms10.COMBOBOX.app.0.34f5582_r7_ad1|204,270,430,312|CD
6423080|WindowsForms10.Window.8.app.0.34f5582_r7_ad1|172,218,1714,266|MenuStrip1
132054|WindowsForms10.Window.8.app.0.34f5582_r7_ad1|-16,-16,3616,1992|RASAero II 
132052|WindowsForms10.Window.8.app.0.34f5582_r7_ad1|0,168,3600,1978|
131938|WindowsForms10.Window.8.app.0.34f5582_r7_ad1|0,168,3600,438|
263020|WindowsForms10.EDIT.app.0.34f5582_r7_ad1|340,188,1282,270|Hbev
328648|WindowsForms10.EDIT.app.0.34f5582_r7_ad1|418,294,1162,376|Motor: I500T-14A  (AT)  Loaded Wt. (lb) 14.5064
132048|WindowsForms10.LISTBOX.app.0.34f5582_r7_ad1|18,188,316,378|
197574|WindowsForms10.Window.8.app.0.34f5582_r7_ad1|0,446,3600,1978|
197562|WindowsForms10.Window.8.app.0.34f5582_r7_ad1|1780,1902,1906,1942|
263104|WindowsForms10.EDIT.app.0.34f5582_r7_ad1|1784,1906,1902,1938|0.00
197578|WindowsForms10.STATIC.app.0.34f5582_r7_ad1|642,1906,2794,1934|Mach
131936|WindowsForms10.Window.8.app.0.34f5582_r7_ad1|18,454,3592,1834|
132056|WindowsForms10.Window.8.app.0.34f5582_r7_ad1|4,1846,3600,1932|
197438|WindowsForms10.Window.8.app.0.34f5582_r7_ad1|0,94,3600,162|ToolStrip1
197598|WindowsForms10.Window.8.app.0.34f5582_r7_ad1|0,46,3600,94|MenuStrip1
5702078|WindowsForms10.Window.8.app.0.34f5582_r7_ad1|156,156,1730,1310|Aero Plots
5439996|WindowsForms10.STATIC.app.0.34f5582_r7_ad1|722,276,894,310|Plot Data to:
5178272|WindowsForms10.COMBOBOX.app.0.34f5582_r7_ad1|904,272,1076,314|Mach 25
8979626|WindowsForms10.Window.8.app.0.34f5582_r7_ad1|196,338,1746,1284|
5243360|WindowsForms10.Window.8.app.0.34f5582_r7_ad1|196,338,1746,1082|
5309248|WindowsForms10.Window.8.app.0.34f5582_r7_ad1|204,368,1714,1074|
6160948|WindowsForms10.Window.8.app.0.34f5582_r7_ad1|196,1090,1746,1284|
4916140|WindowsForms10.Window.8.app.0.34f5582_r7_ad1|208,1094,1692,1272|
5505234|WindowsForms10.SCROLLBAR.app.0.34f5582_r7_ad1|210,1236,1656,1270|
5113168|WindowsForms10.SCROLLBAR.app.0.34f5582_r7_ad1|1656,1096,1690,1236|
6160598|WindowsForms10.COMBOBOX.app.0.34f5582_r7_ad1|442,268,694,310|Mach Number
5965158|WindowsForms10.COMBOBOX.app.0.34f5582_r7_ad1|204,270,430,312|CD
6423080|WindowsForms10.Window.8.app.0.34f5582_r7_ad1|172,218,1714,266|MenuStrip1
132054|WindowsForms10.Window.8.app.0.34f5582_r7_ad1|-16,-16,3616,1992|RASAero II 
132052|WindowsForms10.Window.8.app.0.34f5582_r7_ad1|0,168,3600,1978|
131938|WindowsForms10.Window.8.app.0.34f5582_r7_ad1|0,168,3600,438|
263020|WindowsForms10.EDIT.app.0.34f5582_r7_ad1|340,188,1282,270|Hbev
328648|WindowsForms10.EDIT.app.0.34f5582_r7_ad1|418,294,1162,376|Motor: I500T-14A  (AT)  Loaded Wt. (lb) 14.5064
132048|WindowsForms10.LISTBOX.app.0.34f5582_r7_ad1|18,188,316,378|
197574|WindowsForms10.Window.8.app.0.34f5582_r7_ad1|0,446,3600,1978|
197562|WindowsForms10.Window.8.app.0.34f5582_r7_ad1|1780,1902,1906,1942|
263104|WindowsForms10.EDIT.app.0.34f5582_r7_ad1|1784,1906,1902,1938|0.00
197578|WindowsForms10.STATIC.app.0.34f5582_r7_ad1|642,1906,2794,1934|Mach
131936|WindowsForms10.Window.8.app.0.34f5582_r7_ad1|18,454,3592,1834|
132056|WindowsForms10.Window.8.app.0.34f5582_r7_ad1|4,1846,3600,1932|
197438|WindowsForms10.Window.8.app.0.34f5582_r7_ad1|0,94,3600,162|ToolStrip1
197598|WindowsForms10.Window.8.app.0.34f5582_r7_ad1|0,46,3600,94|MenuStrip1
EXPORTED Hbev
132054|WindowsForms10.Window.8.app.0.34f5582_r7_ad1|-16,-16,3616,1992|RASAero II 
132052|WindowsForms10.Window.8.app.0.34f5582_r7_ad1|0,168,3600,1978|
131938|WindowsForms10.Window.8.app.0.34f5582_r7_ad1|0,168,3600,438|
263020|WindowsForms10.EDIT.app.0.34f5582_r7_ad1|340,188,1282,270|Hbev
328648|WindowsForms10.EDIT.app.0.34f5582_r7_ad1|418,294,1162,376|Motor: I500T-14A  (AT)  Loaded Wt. (lb) 14.5064
132048|WindowsForms10.LISTBOX.app.0.34f5582_r7_ad1|18,188,316,378|
197574|WindowsForms10.Window.8.app.0.34f5582_r7_ad1|0,446,3600,1978|
197562|WindowsForms10.Window.8.app.0.34f5582_r7_ad1|1780,1902,1906,1942|
263104|WindowsForms10.EDIT.app.0.34f5582_r7_ad1|1784,1906,1902,1938|0.00
197578|WindowsForms10.STATIC.app.0.34f5582_r7_ad1|642,1906,2794,1934|Mach
131936|WindowsForms10.Window.8.app.0.34f5582_r7_ad1|18,454,3592,1834|
132056|WindowsForms10.Window.8.app.0.34f5582_r7_ad1|4,1846,3600,1932|
197438|WindowsForms10.Window.8.app.0.34f5582_r7_ad1|0,94,3600,162|ToolStrip1
197598|WindowsForms10.Window.8.app.0.34f5582_r7_ad1|0,46,3600,94|MenuStrip1
132054|WindowsForms10.Window.8.app.0.34f5582_r7_ad1|-16,-16,3616,1992|RASAero II 
132052|WindowsForms10.Window.8.app.0.34f5582_r7_ad1|0,168,3600,1978|
131938|WindowsForms10.Window.8.app.0.34f5582_r7_ad1|0,168,3600,438|
263020|WindowsForms10.EDIT.app.0.34f5582_r7_ad1|340,188,1282,270|Ssq
328648|WindowsForms10.EDIT.app.0.34f5582_r7_ad1|418,294,1162,376|Motor: I500T-14A  (AT)  Loaded Wt. (lb) 3.4833
132048|WindowsForms10.LISTBOX.app.0.34f5582_r7_ad1|18,188,316,378|
197574|WindowsForms10.Window.8.app.0.34f5582_r7_ad1|0,446,3600,1978|
197562|WindowsForms10.Window.8.app.0.34f5582_r7_ad1|1780,1902,1906,1942|
263104|WindowsForms10.EDIT.app.0.34f5582_r7_ad1|1784,1906,1902,1938|0.00
197578|WindowsForms10.STATIC.app.0.34f5582_r7_ad1|642,1906,2794,1934|Mach
131936|WindowsForms10.Window.8.app.0.34f5582_r7_ad1|18,454,3592,1834|
132056|WindowsForms10.Window.8.app.0.34f5582_r7_ad1|4,1846,3600,1932|
197438|WindowsForms10.Window.8.app.0.34f5582_r7_ad1|0,94,3600,162|ToolStrip1
197598|WindowsForms10.Window.8.app.0.34f5582_r7_ad1|0,46,3600,94|MenuStrip1
132054|WindowsForms10.Window.8.app.0.34f5582_r7_ad1|-16,-16,3616,1992|RASAero II 
132052|WindowsForms10.Window.8.app.0.34f5582_r7_ad1|0,168,3600,1978|
131938|WindowsForms10.Window.8.app.0.34f5582_r7_ad1|0,168,3600,438|
263020|WindowsForms10.EDIT.app.0.34f5582_r7_ad1|340,188,1282,270|Ssq
328648|WindowsForms10.EDIT.app.0.34f5582_r7_ad1|418,294,1162,376|Motor: I500T-14A  (AT)  Loaded Wt. (lb) 3.4833
132048|WindowsForms10.LISTBOX.app.0.34f5582_r7_ad1|18,188,316,378|
197574|WindowsForms10.Window.8.app.0.34f5582_r7_ad1|0,446,3600,1978|
197562|WindowsForms10.Window.8.app.0.34f5582_r7_ad1|1780,1902,1906,1942|
263104|WindowsForms10.EDIT.app.0.34f5582_r7_ad1|1784,1906,1902,1938|0.00
197578|WindowsForms10.STATIC.app.0.34f5582_r7_ad1|642,1906,2794,1934|Mach
131936|WindowsForms10.Window.8.app.0.34f5582_r7_ad1|18,454,3592,1834|
132056|WindowsForms10.Window.8.app.0.34f5582_r7_ad1|4,1846,3600,1932|
197438|WindowsForms10.Window.8.app.0.34f5582_r7_ad1|0,94,3600,162|ToolStrip1
197598|WindowsForms10.Window.8.app.0.34f5582_r7_ad1|0,46,3600,94|MenuStrip1
8257612|WindowsForms10.Window.8.app.0.34f5582_r7_ad1|208,208,1782,1362|Aero Plots
6357026|WindowsForms10.STATIC.app.0.34f5582_r7_ad1|774,328,946,362|Plot Data to:
7865166|WindowsForms10.COMBOBOX.app.0.34f5582_r7_ad1|956,324,1128,366|Mach 25
5309344|WindowsForms10.Window.8.app.0.34f5582_r7_ad1|248,390,1798,1336|
7078042|WindowsForms10.Window.8.app.0.34f5582_r7_ad1|248,390,1798,1134|
6554444|WindowsForms10.Window.8.app.0.34f5582_r7_ad1|256,420,1766,1126|
3540332|WindowsForms10.Window.8.app.0.34f5582_r7_ad1|248,1142,1798,1336|
5440320|WindowsForms10.Window.8.app.0.34f5582_r7_ad1|260,1146,1744,1324|
5374040|WindowsForms10.SCROLLBAR.app.0.34f5582_r7_ad1|262,1288,1708,1322|
6095398|WindowsForms10.SCROLLBAR.app.0.34f5582_r7_ad1|1708,1148,1742,1288|
6292020|WindowsForms10.COMBOBOX.app.0.34f5582_r7_ad1|494,320,746,362|Mach Number
5244240|WindowsForms10.COMBOBOX.app.0.34f5582_r7_ad1|256,322,482,364|CD
6684890|WindowsForms10.Window.8.app.0.34f5582_r7_ad1|224,270,1766,318|MenuStrip1
132054|WindowsForms10.Window.8.app.0.34f5582_r7_ad1|-16,-16,3616,1992|RASAero II 
132052|WindowsForms10.Window.8.app.0.34f5582_r7_ad1|0,168,3600,1978|
131938|WindowsForms10.Window.8.app.0.34f5582_r7_ad1|0,168,3600,438|
263020|WindowsForms10.EDIT.app.0.34f5582_r7_ad1|340,188,1282,270|Ssq
328648|WindowsForms10.EDIT.app.0.34f5582_r7_ad1|418,294,1162,376|Motor: I500T-14A  (AT)  Loaded Wt. (lb) 3.4833
132048|WindowsForms10.LISTBOX.app.0.34f5582_r7_ad1|18,188,316,378|
197574|WindowsForms10.Window.8.app.0.34f5582_r7_ad1|0,446,3600,1978|
197562|WindowsForms10.Window.8.app.0.34f5582_r7_ad1|1780,1902,1906,1942|
263104|WindowsForms10.EDIT.app.0.34f5582_r7_ad1|1784,1906,1902,1938|0.00
197578|WindowsForms10.STATIC.app.0.34f5582_r7_ad1|642,1906,2794,1934|Mach
131936|WindowsForms10.Window.8.app.0.34f5582_r7_ad1|18,454,3592,1834|
132056|WindowsForms10.Window.8.app.0.34f5582_r7_ad1|4,1846,3600,1932|
197438|WindowsForms10.Window.8.app.0.34f5582_r7_ad1|0,94,3600,162|ToolStrip1
197598|WindowsForms10.Window.8.app.0.34f5582_r7_ad1|0,46,3600,94|MenuStrip1
8257612|WindowsForms10.Window.8.app.0.34f5582_r7_ad1|208,208,1782,1362|Aero Plots
6357026|WindowsForms10.STATIC.app.0.34f5582_r7_ad1|774,328,946,362|Plot Data to:
7865166|WindowsForms10.COMBOBOX.app.0.34f5582_r7_ad1|956,324,1128,366|Mach 25
5309344|WindowsForms10.Window.8.app.0.34f5582_r7_ad1|248,390,1798,1336|
7078042|WindowsForms10.Window.8.app.0.34f5582_r7_ad1|248,390,1798,1134|
6554444|WindowsForms10.Window.8.app.0.34f5582_r7_ad1|256,420,1766,1126|
3540332|WindowsForms10.Window.8.app.0.34f5582_r7_ad1|248,1142,1798,1336|
5440320|WindowsForms10.Window.8.app.0.34f5582_r7_ad1|260,1146,1744,1324|
5374040|WindowsForms10.SCROLLBAR.app.0.34f5582_r7_ad1|262,1288,1708,1322|
6095398|WindowsForms10.SCROLLBAR.app.0.34f5582_r7_ad1|1708,1148,1742,1288|
6292020|WindowsForms10.COMBOBOX.app.0.34f5582_r7_ad1|494,320,746,362|Mach Number
5244240|WindowsForms10.COMBOBOX.app.0.34f5582_r7_ad1|256,322,482,364|CD
6684890|WindowsForms10.Window.8.app.0.34f5582_r7_ad1|224,270,1766,318|MenuStrip1
132054|WindowsForms10.Window.8.app.0.34f5582_r7_ad1|-16,-16,3616,1992|RASAero II 
132052|WindowsForms10.Window.8.app.0.34f5582_r7_ad1|0,168,3600,1978|
131938|WindowsForms10.Window.8.app.0.34f5582_r7_ad1|0,168,3600,438|
263020|WindowsForms10.EDIT.app.0.34f5582_r7_ad1|340,188,1282,270|Ssq
328648|WindowsForms10.EDIT.app.0.34f5582_r7_ad1|418,294,1162,376|Motor: I500T-14A  (AT)  Loaded Wt. (lb) 3.4833
132048|WindowsForms10.LISTBOX.app.0.34f5582_r7_ad1|18,188,316,378|
197574|WindowsForms10.Window.8.app.0.34f5582_r7_ad1|0,446,3600,1978|
197562|WindowsForms10.Window.8.app.0.34f5582_r7_ad1|1780,1902,1906,1942|
263104|WindowsForms10.EDIT.app.0.34f5582_r7_ad1|1784,1906,1902,1938|0.00
197578|WindowsForms10.STATIC.app.0.34f5582_r7_ad1|642,1906,2794,1934|Mach
131936|WindowsForms10.Window.8.app.0.34f5582_r7_ad1|18,454,3592,1834|
132056|WindowsForms10.Window.8.app.0.34f5582_r7_ad1|4,1846,3600,1932|
197438|WindowsForms10.Window.8.app.0.34f5582_r7_ad1|0,94,3600,162|ToolStrip1
197598|WindowsForms10.Window.8.app.0.34f5582_r7_ad1|0,46,3600,94|MenuStrip1
8257612|WindowsForms10.Window.8.app.0.34f5582_r7_ad1|208,208,1782,1362|Aero Plots
6357026|WindowsForms10.STATIC.app.0.34f5582_r7_ad1|774,328,946,362|Plot Data to:
7865166|WindowsForms10.COMBOBOX.app.0.34f5582_r7_ad1|956,324,1128,366|Mach 25
5309344|WindowsForms10.Window.8.app.0.34f5582_r7_ad1|248,390,1798,1336|
7078042|WindowsForms10.Window.8.app.0.34f5582_r7_ad1|248,390,1798,1134|
6554444|WindowsForms10.Window.8.app.0.34f5582_r7_ad1|256,420,1766,1126|
3540332|WindowsForms10.Window.8.app.0.34f5582_r7_ad1|248,1142,1798,1336|
5440320|WindowsForms10.Window.8.app.0.34f5582_r7_ad1|260,1146,1744,1324|
5374040|WindowsForms10.SCROLLBAR.app.0.34f5582_r7_ad1|262,1288,1708,1322|
6095398|WindowsForms10.SCROLLBAR.app.0.34f5582_r7_ad1|1708,1148,1742,1288|
6292020|WindowsForms10.COMBOBOX.app.0.34f5582_r7_ad1|494,320,746,362|Mach Number
5244240|WindowsForms10.COMBOBOX.app.0.34f5582_r7_ad1|256,322,482,364|CD
6684890|WindowsForms10.Window.8.app.0.34f5582_r7_ad1|224,270,1766,318|MenuStrip1
132054|WindowsForms10.Window.8.app.0.34f5582_r7_ad1|-16,-16,3616,1992|RASAero II 
132052|WindowsForms10.Window.8.app.0.34f5582_r7_ad1|0,168,3600,1978|
131938|WindowsForms10.Window.8.app.0.34f5582_r7_ad1|0,168,3600,438|
263020|WindowsForms10.EDIT.app.0.34f5582_r7_ad1|340,188,1282,270|Ssq
328648|WindowsForms10.EDIT.app.0.34f5582_r7_ad1|418,294,1162,376|Motor: I500T-14A  (AT)  Loaded Wt. (lb) 3.4833
132048|WindowsForms10.LISTBOX.app.0.34f5582_r7_ad1|18,188,316,378|
197574|WindowsForms10.Window.8.app.0.34f5582_r7_ad1|0,446,3600,1978|
197562|WindowsForms10.Window.8.app.0.34f5582_r7_ad1|1780,1902,1906,1942|
263104|WindowsForms10.EDIT.app.0.34f5582_r7_ad1|1784,1906,1902,1938|0.00
197578|WindowsForms10.STATIC.app.0.34f5582_r7_ad1|642,1906,2794,1934|Mach
131936|WindowsForms10.Window.8.app.0.34f5582_r7_ad1|18,454,3592,1834|
132056|WindowsForms10.Window.8.app.0.34f5582_r7_ad1|4,1846,3600,1932|
197438|WindowsForms10.Window.8.app.0.34f5582_r7_ad1|0,94,3600,162|ToolStrip1
197598|WindowsForms10.Window.8.app.0.34f5582_r7_ad1|0,46,3600,94|MenuStrip1
EXPORTED Ssq
132054|WindowsForms10.Window.8.app.0.34f5582_r7_ad1|-16,-16,3616,1992|RASAero II 
132052|WindowsForms10.Window.8.app.0.34f5582_r7_ad1|0,168,3600,1978|
131938|WindowsForms10.Window.8.app.0.34f5582_r7_ad1|0,168,3600,438|
263020|WindowsForms10.EDIT.app.0.34f5582_r7_ad1|340,188,1282,270|Ssq
328648|WindowsForms10.EDIT.app.0.34f5582_r7_ad1|418,294,1162,376|Motor: I500T-14A  (AT)  Loaded Wt. (lb) 3.4833
132048|WindowsForms10.LISTBOX.app.0.34f5582_r7_ad1|18,188,316,378|
197574|WindowsForms10.Window.8.app.0.34f5582_r7_ad1|0,446,3600,1978|
197562|WindowsForms10.Window.8.app.0.34f5582_r7_ad1|1780,1902,1906,1942|
263104|WindowsForms10.EDIT.app.0.34f5582_r7_ad1|1784,1906,1902,1938|0.00
197578|WindowsForms10.STATIC.app.0.34f5582_r7_ad1|642,1906,2794,1934|Mach
131936|WindowsForms10.Window.8.app.0.34f5582_r7_ad1|18,454,3592,1834|
132056|WindowsForms10.Window.8.app.0.34f5582_r7_ad1|4,1846,3600,1932|
197438|WindowsForms10.Window.8.app.0.34f5582_r7_ad1|0,94,3600,162|ToolStrip1
197598|WindowsForms10.Window.8.app.0.34f5582_r7_ad1|0,46,3600,94|MenuStrip1
132054|WindowsForms10.Window.8.app.0.34f5582_r7_ad1|-16,-16,3616,1992|RASAero II 
132052|WindowsForms10.Window.8.app.0.34f5582_r7_ad1|0,168,3600,1978|
131938|WindowsForms10.Window.8.app.0.34f5582_r7_ad1|0,168,3600,438|
263020|WindowsForms10.EDIT.app.0.34f5582_r7_ad1|340,188,1282,270|Hbody
328648|WindowsForms10.EDIT.app.0.34f5582_r7_ad1|418,294,1162,376|Motor: I500T-14A  (AT)  Loaded Wt. (lb) 14.5064
132048|WindowsForms10.LISTBOX.app.0.34f5582_r7_ad1|18,188,316,378|
197574|WindowsForms10.Window.8.app.0.34f5582_r7_ad1|0,446,3600,1978|
197562|WindowsForms10.Window.8.app.0.34f5582_r7_ad1|1780,1902,1906,1942|
263104|WindowsForms10.EDIT.app.0.34f5582_r7_ad1|1784,1906,1902,1938|0.00
197578|WindowsForms10.STATIC.app.0.34f5582_r7_ad1|642,1906,2794,1934|Mach
131936|WindowsForms10.Window.8.app.0.34f5582_r7_ad1|18,454,3592,1834|
132056|WindowsForms10.Window.8.app.0.34f5582_r7_ad1|4,1846,3600,1932|
197438|WindowsForms10.Window.8.app.0.34f5582_r7_ad1|0,94,3600,162|ToolStrip1
197598|WindowsForms10.Window.8.app.0.34f5582_r7_ad1|0,46,3600,94|MenuStrip1
132054|WindowsForms10.Window.8.app.0.34f5582_r7_ad1|-16,-16,3616,1992|RASAero II 
132052|WindowsForms10.Window.8.app.0.34f5582_r7_ad1|0,168,3600,1978|
131938|WindowsForms10.Window.8.app.0.34f5582_r7_ad1|0,168,3600,438|
263020|WindowsForms10.EDIT.app.0.34f5582_r7_ad1|340,188,1282,270|Hbody
328648|WindowsForms10.EDIT.app.0.34f5582_r7_ad1|418,294,1162,376|Motor: I500T-14A  (AT)  Loaded Wt. (lb) 14.5064
132048|WindowsForms10.LISTBOX.app.0.34f5582_r7_ad1|18,188,316,378|
197574|WindowsForms10.Window.8.app.0.34f5582_r7_ad1|0,446,3600,1978|
197562|WindowsForms10.Window.8.app.0.34f5582_r7_ad1|1780,1902,1906,1942|
263104|WindowsForms10.EDIT.app.0.34f5582_r7_ad1|1784,1906,1902,1938|0.00
197578|WindowsForms10.STATIC.app.0.34f5582_r7_ad1|642,1906,2794,1934|Mach
131936|WindowsForms10.Window.8.app.0.34f5582_r7_ad1|18,454,3592,1834|
132056|WindowsForms10.Window.8.app.0.34f5582_r7_ad1|4,1846,3600,1932|
197438|WindowsForms10.Window.8.app.0.34f5582_r7_ad1|0,94,3600,162|ToolStrip1
197598|WindowsForms10.Window.8.app.0.34f5582_r7_ad1|0,46,3600,94|MenuStrip1
5767378|WindowsForms10.Window.8.app.0.34f5582_r7_ad1|260,260,1834,1414|Aero Plots
7143686|WindowsForms10.STATIC.app.0.34f5582_r7_ad1|826,380,998,414|Plot Data to:
5702140|WindowsForms10.COMBOBOX.app.0.34f5582_r7_ad1|1008,376,1180,418|Mach 25
7996238|WindowsForms10.Window.8.app.0.34f5582_r7_ad1|300,442,1850,1388|
6095038|WindowsForms10.Window.8.app.0.34f5582_r7_ad1|300,442,1850,1186|
7536672|WindowsForms10.Window.8.app.0.34f5582_r7_ad1|308,472,1818,1178|
6685224|WindowsForms10.Window.8.app.0.34f5582_r7_ad1|300,1194,1850,1388|
6685516|WindowsForms10.Window.8.app.0.34f5582_r7_ad1|312,1198,1796,1376|
5178284|WindowsForms10.SCROLLBAR.app.0.34f5582_r7_ad1|314,1340,1760,1374|
6554130|WindowsForms10.SCROLLBAR.app.0.34f5582_r7_ad1|1760,1200,1794,1340|
3671404|WindowsForms10.COMBOBOX.app.0.34f5582_r7_ad1|546,372,798,414|Mach Number
6226470|WindowsForms10.COMBOBOX.app.0.34f5582_r7_ad1|308,374,534,416|CD
5702494|WindowsForms10.Window.8.app.0.34f5582_r7_ad1|276,322,1818,370|MenuStrip1
132054|WindowsForms10.Window.8.app.0.34f5582_r7_ad1|-16,-16,3616,1992|RASAero II 
132052|WindowsForms10.Window.8.app.0.34f5582_r7_ad1|0,168,3600,1978|
131938|WindowsForms10.Window.8.app.0.34f5582_r7_ad1|0,168,3600,438|
263020|WindowsForms10.EDIT.app.0.34f5582_r7_ad1|340,188,1282,270|Hbody
328648|WindowsForms10.EDIT.app.0.34f5582_r7_ad1|418,294,1162,376|Motor: I500T-14A  (AT)  Loaded Wt. (lb) 14.5064
132048|WindowsForms10.LISTBOX.app.0.34f5582_r7_ad1|18,188,316,378|
197574|WindowsForms10.Window.8.app.0.34f5582_r7_ad1|0,446,3600,1978|
197562|WindowsForms10.Window.8.app.0.34f5582_r7_ad1|1780,1902,1906,1942|
263104|WindowsForms10.EDIT.app.0.34f5582_r7_ad1|1784,1906,1902,1938|0.00
197578|WindowsForms10.STATIC.app.0.34f5582_r7_ad1|642,1906,2794,1934|Mach
131936|WindowsForms10.Window.8.app.0.34f5582_r7_ad1|18,454,3592,1834|
132056|WindowsForms10.Window.8.app.0.34f5582_r7_ad1|4,1846,3600,1932|
197438|WindowsForms10.Window.8.app.0.34f5582_r7_ad1|0,94,3600,162|ToolStrip1
197598|WindowsForms10.Window.8.app.0.34f5582_r7_ad1|0,46,3600,94|MenuStrip1
5767378|WindowsForms10.Window.8.app.0.34f5582_r7_ad1|260,260,1834,1414|Aero Plots
7143686|WindowsForms10.STATIC.app.0.34f5582_r7_ad1|826,380,998,414|Plot Data to:
5702140|WindowsForms10.COMBOBOX.app.0.34f5582_r7_ad1|1008,376,1180,418|Mach 25
7996238|WindowsForms10.Window.8.app.0.34f5582_r7_ad1|300,442,1850,1388|
6095038|WindowsForms10.Window.8.app.0.34f5582_r7_ad1|300,442,1850,1186|
7536672|WindowsForms10.Window.8.app.0.34f5582_r7_ad1|308,472,1818,1178|
6685224|WindowsForms10.Window.8.app.0.34f5582_r7_ad1|300,1194,1850,1388|
6685516|WindowsForms10.Window.8.app.0.34f5582_r7_ad1|312,1198,1796,1376|
5178284|WindowsForms10.SCROLLBAR.app.0.34f5582_r7_ad1|314,1340,1760,1374|
6554130|WindowsForms10.SCROLLBAR.app.0.34f5582_r7_ad1|1760,1200,1794,1340|
3671404|WindowsForms10.COMBOBOX.app.0.34f5582_r7_ad1|546,372,798,414|Mach Number
6226470|WindowsForms10.COMBOBOX.app.0.34f5582_r7_ad1|308,374,534,416|CD
5702494|WindowsForms10.Window.8.app.0.34f5582_r7_ad1|276,322,1818,370|MenuStrip1
132054|WindowsForms10.Window.8.app.0.34f5582_r7_ad1|-16,-16,3616,1992|RASAero II 
132052|WindowsForms10.Window.8.app.0.34f5582_r7_ad1|0,168,3600,1978|
131938|WindowsForms10.Window.8.app.0.34f5582_r7_ad1|0,168,3600,438|
263020|WindowsForms10.EDIT.app.0.34f5582_r7_ad1|340,188,1282,270|Hbody
328648|WindowsForms10.EDIT.app.0.34f5582_r7_ad1|418,294,1162,376|Motor: I500T-14A  (AT)  Loaded Wt. (lb) 14.5064
132048|WindowsForms10.LISTBOX.app.0.34f5582_r7_ad1|18,188,316,378|
197574|WindowsForms10.Window.8.app.0.34f5582_r7_ad1|0,446,3600,1978|
197562|WindowsForms10.Window.8.app.0.34f5582_r7_ad1|1780,1902,1906,1942|
263104|WindowsForms10.EDIT.app.0.34f5582_r7_ad1|1784,1906,1902,1938|0.00
197578|WindowsForms10.STATIC.app.0.34f5582_r7_ad1|642,1906,2794,1934|Mach
131936|WindowsForms10.Window.8.app.0.34f5582_r7_ad1|18,454,3592,1834|
132056|WindowsForms10.Window.8.app.0.34f5582_r7_ad1|4,1846,3600,1932|
197438|WindowsForms10.Window.8.app.0.34f5582_r7_ad1|0,94,3600,162|ToolStrip1
197598|WindowsForms10.Window.8.app.0.34f5582_r7_ad1|0,46,3600,94|MenuStrip1
5767378|WindowsForms10.Window.8.app.0.34f5582_r7_ad1|260,260,1834,1414|Aero Plots
7143686|WindowsForms10.STATIC.app.0.34f5582_r7_ad1|826,380,998,414|Plot Data to:
5702140|WindowsForms10.COMBOBOX.app.0.34f5582_r7_ad1|1008,376,1180,418|Mach 25
7996238|WindowsForms10.Window.8.app.0.34f5582_r7_ad1|300,442,1850,1388|
6095038|WindowsForms10.Window.8.app.0.34f5582_r7_ad1|300,442,1850,1186|
7536672|WindowsForms10.Window.8.app.0.34f5582_r7_ad1|308,472,1818,1178|
6685224|WindowsForms10.Window.8.app.0.34f5582_r7_ad1|300,1194,1850,1388|
6685516|WindowsForms10.Window.8.app.0.34f5582_r7_ad1|312,1198,1796,1376|
5178284|WindowsForms10.SCROLLBAR.app.0.34f5582_r7_ad1|314,1340,1760,1374|
6554130|WindowsForms10.SCROLLBAR.app.0.34f5582_r7_ad1|1760,1200,1794,1340|
3671404|WindowsForms10.COMBOBOX.app.0.34f5582_r7_ad1|546,372,798,414|Mach Number
6226470|WindowsForms10.COMBOBOX.app.0.34f5582_r7_ad1|308,374,534,416|CD
5702494|WindowsForms10.Window.8.app.0.34f5582_r7_ad1|276,322,1818,370|MenuStrip1
132054|WindowsForms10.Window.8.app.0.34f5582_r7_ad1|-16,-16,3616,1992|RASAero II 
132052|WindowsForms10.Window.8.app.0.34f5582_r7_ad1|0,168,3600,1978|
131938|WindowsForms10.Window.8.app.0.34f5582_r7_ad1|0,168,3600,438|
263020|WindowsForms10.EDIT.app.0.34f5582_r7_ad1|340,188,1282,270|Hbody
328648|WindowsForms10.EDIT.app.0.34f5582_r7_ad1|418,294,1162,376|Motor: I500T-14A  (AT)  Loaded Wt. (lb) 14.5064
132048|WindowsForms10.LISTBOX.app.0.34f5582_r7_ad1|18,188,316,378|
197574|WindowsForms10.Window.8.app.0.34f5582_r7_ad1|0,446,3600,1978|
197562|WindowsForms10.Window.8.app.0.34f5582_r7_ad1|1780,1902,1906,1942|
263104|WindowsForms10.EDIT.app.0.34f5582_r7_ad1|1784,1906,1902,1938|0.00
197578|WindowsForms10.STATIC.app.0.34f5582_r7_ad1|642,1906,2794,1934|Mach
131936|WindowsForms10.Window.8.app.0.34f5582_r7_ad1|18,454,3592,1834|
132056|WindowsForms10.Window.8.app.0.34f5582_r7_ad1|4,1846,3600,1932|
197438|WindowsForms10.Window.8.app.0.34f5582_r7_ad1|0,94,3600,162|ToolStrip1
197598|WindowsForms10.Window.8.app.0.34f5582_r7_ad1|0,46,3600,94|MenuStrip1
EXPORTED Hbody
132054|WindowsForms10.Window.8.app.0.34f5582_r7_ad1|-16,-16,3616,1992|RASAero II 
132052|WindowsForms10.Window.8.app.0.34f5582_r7_ad1|0,168,3600,1978|
131938|WindowsForms10.Window.8.app.0.34f5582_r7_ad1|0,168,3600,438|
263020|WindowsForms10.EDIT.app.0.34f5582_r7_ad1|340,188,1282,270|Hbody
328648|WindowsForms10.EDIT.app.0.34f5582_r7_ad1|418,294,1162,376|Motor: I500T-14A  (AT)  Loaded Wt. (lb) 14.5064
132048|WindowsForms10.LISTBOX.app.0.34f5582_r7_ad1|18,188,316,378|
197574|WindowsForms10.Window.8.app.0.34f5582_r7_ad1|0,446,3600,1978|
197562|WindowsForms10.Window.8.app.0.34f5582_r7_ad1|1780,1902,1906,1942|
263104|WindowsForms10.EDIT.app.0.34f5582_r7_ad1|1784,1906,1902,1938|0.00
197578|WindowsForms10.STATIC.app.0.34f5582_r7_ad1|642,1906,2794,1934|Mach
131936|WindowsForms10.Window.8.app.0.34f5582_r7_ad1|18,454,3592,1834|
132056|WindowsForms10.Window.8.app.0.34f5582_r7_ad1|4,1846,3600,1932|
197438|WindowsForms10.Window.8.app.0.34f5582_r7_ad1|0,94,3600,162|ToolStrip1
197598|WindowsForms10.Window.8.app.0.34f5582_r7_ad1|0,46,3600,94|MenuStrip1
132054|WindowsForms10.Window.8.app.0.34f5582_r7_ad1|-16,-16,3616,1992|RASAero II 
132052|WindowsForms10.Window.8.app.0.34f5582_r7_ad1|0,168,3600,1978|
131938|WindowsForms10.Window.8.app.0.34f5582_r7_ad1|0,168,3600,438|
263020|WindowsForms10.EDIT.app.0.34f5582_r7_ad1|340,188,1282,270|Sbody
328648|WindowsForms10.EDIT.app.0.34f5582_r7_ad1|418,294,1162,376|Motor: I500T-14A  (AT)  Loaded Wt. (lb) 3.4833
132048|WindowsForms10.LISTBOX.app.0.34f5582_r7_ad1|18,188,316,378|
197574|WindowsForms10.Window.8.app.0.34f5582_r7_ad1|0,446,3600,1978|
197562|WindowsForms10.Window.8.app.0.34f5582_r7_ad1|1780,1902,1906,1942|
263104|WindowsForms10.EDIT.app.0.34f5582_r7_ad1|1784,1906,1902,1938|0.00
197578|WindowsForms10.STATIC.app.0.34f5582_r7_ad1|642,1906,2794,1934|Mach
131936|WindowsForms10.Window.8.app.0.34f5582_r7_ad1|18,454,3592,1834|
132056|WindowsForms10.Window.8.app.0.34f5582_r7_ad1|4,1846,3600,1932|
197438|WindowsForms10.Window.8.app.0.34f5582_r7_ad1|0,94,3600,162|ToolStrip1
197598|WindowsForms10.Window.8.app.0.34f5582_r7_ad1|0,46,3600,94|MenuStrip1
132054|WindowsForms10.Window.8.app.0.34f5582_r7_ad1|-16,-16,3616,1992|RASAero II 
132052|WindowsForms10.Window.8.app.0.34f5582_r7_ad1|0,168,3600,1978|
131938|WindowsForms10.Window.8.app.0.34f5582_r7_ad1|0,168,3600,438|
263020|WindowsForms10.EDIT.app.0.34f5582_r7_ad1|340,188,1282,270|Sbody
328648|WindowsForms10.EDIT.app.0.34f5582_r7_ad1|418,294,1162,376|Motor: I500T-14A  (AT)  Loaded Wt. (lb) 3.4833
132048|WindowsForms10.LISTBOX.app.0.34f5582_r7_ad1|18,188,316,378|
197574|WindowsForms10.Window.8.app.0.34f5582_r7_ad1|0,446,3600,1978|
197562|WindowsForms10.Window.8.app.0.34f5582_r7_ad1|1780,1902,1906,1942|
263104|WindowsForms10.EDIT.app.0.34f5582_r7_ad1|1784,1906,1902,1938|0.00
197578|WindowsForms10.STATIC.app.0.34f5582_r7_ad1|642,1906,2794,1934|Mach
131936|WindowsForms10.Window.8.app.0.34f5582_r7_ad1|18,454,3592,1834|
132056|WindowsForms10.Window.8.app.0.34f5582_r7_ad1|4,1846,3600,1932|
197438|WindowsForms10.Window.8.app.0.34f5582_r7_ad1|0,94,3600,162|ToolStrip1
197598|WindowsForms10.Window.8.app.0.34f5582_r7_ad1|0,46,3600,94|MenuStrip1
5636184|WindowsForms10.Window.8.app.0.34f5582_r7_ad1|312,312,1886,1466|Aero Plots
7274716|WindowsForms10.STATIC.app.0.34f5582_r7_ad1|878,432,1050,466|Plot Data to:
6619170|WindowsForms10.COMBOBOX.app.0.34f5582_r7_ad1|1060,428,1232,470|Mach 25
5833212|WindowsForms10.Window.8.app.0.34f5582_r7_ad1|352,494,1902,1440|
6553814|WindowsForms10.Window.8.app.0.34f5582_r7_ad1|352,494,1902,1238|
5374686|WindowsForms10.Window.8.app.0.34f5582_r7_ad1|360,524,1870,1230|
6947034|WindowsForms10.Window.8.app.0.34f5582_r7_ad1|352,1246,1902,1440|
7667744|WindowsForms10.Window.8.app.0.34f5582_r7_ad1|364,1250,1848,1428|
5570586|WindowsForms10.SCROLLBAR.app.0.34f5582_r7_ad1|366,1392,1812,1426|
6161044|WindowsForms10.SCROLLBAR.app.0.34f5582_r7_ad1|1812,1252,1846,1392|
6816296|WindowsForms10.COMBOBOX.app.0.34f5582_r7_ad1|598,424,850,466|Mach Number
6685202|WindowsForms10.COMBOBOX.app.0.34f5582_r7_ad1|360,426,586,468|CD
5702464|WindowsForms10.Window.8.app.0.34f5582_r7_ad1|328,374,1870,422|MenuStrip1
132054|WindowsForms10.Window.8.app.0.34f5582_r7_ad1|-16,-16,3616,1992|RASAero II 
132052|WindowsForms10.Window.8.app.0.34f5582_r7_ad1|0,168,3600,1978|
131938|WindowsForms10.Window.8.app.0.34f5582_r7_ad1|0,168,3600,438|
263020|WindowsForms10.EDIT.app.0.34f5582_r7_ad1|340,188,1282,270|Sbody
328648|WindowsForms10.EDIT.app.0.34f5582_r7_ad1|418,294,1162,376|Motor: I500T-14A  (AT)  Loaded Wt. (lb) 3.4833
132048|WindowsForms10.LISTBOX.app.0.34f5582_r7_ad1|18,188,316,378|
197574|WindowsForms10.Window.8.app.0.34f5582_r7_ad1|0,446,3600,1978|
197562|WindowsForms10.Window.8.app.0.34f5582_r7_ad1|1780,1902,1906,1942|
263104|WindowsForms10.EDIT.app.0.34f5582_r7_ad1|1784,1906,1902,1938|0.00
197578|WindowsForms10.STATIC.app.0.34f5582_r7_ad1|642,1906,2794,1934|Mach
131936|WindowsForms10.Window.8.app.0.34f5582_r7_ad1|18,454,3592,1834|
132056|WindowsForms10.Window.8.app.0.34f5582_r7_ad1|4,1846,3600,1932|
197438|WindowsForms10.Window.8.app.0.34f5582_r7_ad1|0,94,3600,162|ToolStrip1
197598|WindowsForms10.Window.8.app.0.34f5582_r7_ad1|0,46,3600,94|MenuStrip1
5636184|WindowsForms10.Window.8.app.0.34f5582_r7_ad1|312,312,1886,1466|Aero Plots
7274716|WindowsForms10.STATIC.app.0.34f5582_r7_ad1|878,432,1050,466|Plot Data to:
6619170|WindowsForms10.COMBOBOX.app.0.34f5582_r7_ad1|1060,428,1232,470|Mach 25
5833212|WindowsForms10.Window.8.app.0.34f5582_r7_ad1|352,494,1902,1440|
6553814|WindowsForms10.Window.8.app.0.34f5582_r7_ad1|352,494,1902,1238|
5374686|WindowsForms10.Window.8.app.0.34f5582_r7_ad1|360,524,1870,1230|
6947034|WindowsForms10.Window.8.app.0.34f5582_r7_ad1|352,1246,1902,1440|
7667744|WindowsForms10.Window.8.app.0.34f5582_r7_ad1|364,1250,1848,1428|
5570586|WindowsForms10.SCROLLBAR.app.0.34f5582_r7_ad1|366,1392,1812,1426|
6161044|WindowsForms10.SCROLLBAR.app.0.34f5582_r7_ad1|1812,1252,1846,1392|
6816296|WindowsForms10.COMBOBOX.app.0.34f5582_r7_ad1|598,424,850,466|Mach Number
6685202|WindowsForms10.COMBOBOX.app.0.34f5582_r7_ad1|360,426,586,468|CD
5702464|WindowsForms10.Window.8.app.0.34f5582_r7_ad1|328,374,1870,422|MenuStrip1
132054|WindowsForms10.Window.8.app.0.34f5582_r7_ad1|-16,-16,3616,1992|RASAero II 
132052|WindowsForms10.Window.8.app.0.34f5582_r7_ad1|0,168,3600,1978|
131938|WindowsForms10.Window.8.app.0.34f5582_r7_ad1|0,168,3600,438|
263020|WindowsForms10.EDIT.app.0.34f5582_r7_ad1|340,188,1282,270|Sbody
328648|WindowsForms10.EDIT.app.0.34f5582_r7_ad1|418,294,1162,376|Motor: I500T-14A  (AT)  Loaded Wt. (lb) 3.4833
132048|WindowsForms10.LISTBOX.app.0.34f5582_r7_ad1|18,188,316,378|
197574|WindowsForms10.Window.8.app.0.34f5582_r7_ad1|0,446,3600,1978|
197562|WindowsForms10.Window.8.app.0.34f5582_r7_ad1|1780,1902,1906,1942|
263104|WindowsForms10.EDIT.app.0.34f5582_r7_ad1|1784,1906,1902,1938|0.00
197578|WindowsForms10.STATIC.app.0.34f5582_r7_ad1|642,1906,2794,1934|Mach
131936|WindowsForms10.Window.8.app.0.34f5582_r7_ad1|18,454,3592,1834|
132056|WindowsForms10.Window.8.app.0.34f5582_r7_ad1|4,1846,3600,1932|
197438|WindowsForms10.Window.8.app.0.34f5582_r7_ad1|0,94,3600,162|ToolStrip1
197598|WindowsForms10.Window.8.app.0.34f5582_r7_ad1|0,46,3600,94|MenuStrip1
5636184|WindowsForms10.Window.8.app.0.34f5582_r7_ad1|312,312,1886,1466|Aero Plots
7274716|WindowsForms10.STATIC.app.0.34f5582_r7_ad1|878,432,1050,466|Plot Data to:
6619170|WindowsForms10.COMBOBOX.app.0.34f5582_r7_ad1|1060,428,1232,470|Mach 25
5833212|WindowsForms10.Window.8.app.0.34f5582_r7_ad1|352,494,1902,1440|
6553814|WindowsForms10.Window.8.app.0.34f5582_r7_ad1|352,494,1902,1238|
5374686|WindowsForms10.Window.8.app.0.34f5582_r7_ad1|360,524,1870,1230|
6947034|WindowsForms10.Window.8.app.0.34f5582_r7_ad1|352,1246,1902,1440|
7667744|WindowsForms10.Window.8.app.0.34f5582_r7_ad1|364,1250,1848,1428|
5570586|WindowsForms10.SCROLLBAR.app.0.34f5582_r7_ad1|366,1392,1812,1426|
6161044|WindowsForms10.SCROLLBAR.app.0.34f5582_r7_ad1|1812,1252,1846,1392|
6816296|WindowsForms10.COMBOBOX.app.0.34f5582_r7_ad1|598,424,850,466|Mach Number
6685202|WindowsForms10.COMBOBOX.app.0.34f5582_r7_ad1|360,426,586,468|CD
5702464|WindowsForms10.Window.8.app.0.34f5582_r7_ad1|328,374,1870,422|MenuStrip1
132054|WindowsForms10.Window.8.app.0.34f5582_r7_ad1|-16,-16,3616,1992|RASAero II 
132052|WindowsForms10.Window.8.app.0.34f5582_r7_ad1|0,168,3600,1978|
131938|WindowsForms10.Window.8.app.0.34f5582_r7_ad1|0,168,3600,438|
263020|WindowsForms10.EDIT.app.0.34f5582_r7_ad1|340,188,1282,270|Sbody
328648|WindowsForms10.EDIT.app.0.34f5582_r7_ad1|418,294,1162,376|Motor: I500T-14A  (AT)  Loaded Wt. (lb) 3.4833
132048|WindowsForms10.LISTBOX.app.0.34f5582_r7_ad1|18,188,316,378|
197574|WindowsForms10.Window.8.app.0.34f5582_r7_ad1|0,446,3600,1978|
197562|WindowsForms10.Window.8.app.0.34f5582_r7_ad1|1780,1902,1906,1942|
263104|WindowsForms10.EDIT.app.0.34f5582_r7_ad1|1784,1906,1902,1938|0.00
197578|WindowsForms10.STATIC.app.0.34f5582_r7_ad1|642,1906,2794,1934|Mach
131936|WindowsForms10.Window.8.app.0.34f5582_r7_ad1|18,454,3592,1834|
132056|WindowsForms10.Window.8.app.0.34f5582_r7_ad1|4,1846,3600,1932|
197438|WindowsForms10.Window.8.app.0.34f5582_r7_ad1|0,94,3600,162|ToolStrip1
197598|WindowsForms10.Window.8.app.0.34f5582_r7_ad1|0,46,3600,94|MenuStrip1
EXPORTED Sbody
132054|WindowsForms10.Window.8.app.0.34f5582_r7_ad1|-16,-16,3616,1992|RASAero II 
132052|WindowsForms10.Window.8.app.0.34f5582_r7_ad1|0,168,3600,1978|
131938|WindowsForms10.Window.8.app.0.34f5582_r7_ad1|0,168,3600,438|
263020|WindowsForms10.EDIT.app.0.34f5582_r7_ad1|340,188,1282,270|Sbody
328648|WindowsForms10.EDIT.app.0.34f5582_r7_ad1|418,294,1162,376|Motor: I500T-14A  (AT)  Loaded Wt. (lb) 3.4833
132048|WindowsForms10.LISTBOX.app.0.34f5582_r7_ad1|18,188,316,378|
197574|WindowsForms10.Window.8.app.0.34f5582_r7_ad1|0,446,3600,1978|
197562|WindowsForms10.Window.8.app.0.34f5582_r7_ad1|1780,1902,1906,1942|
263104|WindowsForms10.EDIT.app.0.34f5582_r7_ad1|1784,1906,1902,1938|0.00
197578|WindowsForms10.STATIC.app.0.34f5582_r7_ad1|642,1906,2794,1934|Mach
131936|WindowsForms10.Window.8.app.0.34f5582_r7_ad1|18,454,3592,1834|
132056|WindowsForms10.Window.8.app.0.34f5582_r7_ad1|4,1846,3600,1932|
197438|WindowsForms10.Window.8.app.0.34f5582_r7_ad1|0,94,3600,162|ToolStrip1
197598|WindowsForms10.Window.8.app.0.34f5582_r7_ad1|0,46,3600,94|MenuStrip1
132054|WindowsForms10.Window.8.app.0.34f5582_r7_ad1|-16,-16,3616,1992|RASAero II 
132052|WindowsForms10.Window.8.app.0.34f5582_r7_ad1|0,168,3600,1978|
131938|WindowsForms10.Window.8.app.0.34f5582_r7_ad1|0,168,3600,438|
263020|WindowsForms10.EDIT.app.0.34f5582_r7_ad1|340,188,1282,270|Hsq-thin
328648|WindowsForms10.EDIT.app.0.34f5582_r7_ad1|418,294,1162,376|Motor: I500T-14A  (AT)  Loaded Wt. (lb) 14.5064
132048|WindowsForms10.LISTBOX.app.0.34f5582_r7_ad1|18,188,316,378|
197574|WindowsForms10.Window.8.app.0.34f5582_r7_ad1|0,446,3600,1978|
197562|WindowsForms10.Window.8.app.0.34f5582_r7_ad1|1780,1902,1906,1942|
263104|WindowsForms10.EDIT.app.0.34f5582_r7_ad1|1784,1906,1902,1938|0.00
197578|WindowsForms10.STATIC.app.0.34f5582_r7_ad1|642,1906,2794,1934|Mach
131936|WindowsForms10.Window.8.app.0.34f5582_r7_ad1|18,454,3592,1834|
132056|WindowsForms10.Window.8.app.0.34f5582_r7_ad1|4,1846,3600,1932|
197438|WindowsForms10.Window.8.app.0.34f5582_r7_ad1|0,94,3600,162|ToolStrip1
197598|WindowsForms10.Window.8.app.0.34f5582_r7_ad1|0,46,3600,94|MenuStrip1
132054|WindowsForms10.Window.8.app.0.34f5582_r7_ad1|-16,-16,3616,1992|RASAero II 
132052|WindowsForms10.Window.8.app.0.34f5582_r7_ad1|0,168,3600,1978|
131938|WindowsForms10.Window.8.app.0.34f5582_r7_ad1|0,168,3600,438|
263020|WindowsForms10.EDIT.app.0.34f5582_r7_ad1|340,188,1282,270|Hsq-thin
328648|WindowsForms10.EDIT.app.0.34f5582_r7_ad1|418,294,1162,376|Motor: I500T-14A  (AT)  Loaded Wt. (lb) 14.5064
132048|WindowsForms10.LISTBOX.app.0.34f5582_r7_ad1|18,188,316,378|
197574|WindowsForms10.Window.8.app.0.34f5582_r7_ad1|0,446,3600,1978|
197562|WindowsForms10.Window.8.app.0.34f5582_r7_ad1|1780,1902,1906,1942|
263104|WindowsForms10.EDIT.app.0.34f5582_r7_ad1|1784,1906,1902,1938|0.00
197578|WindowsForms10.STATIC.app.0.34f5582_r7_ad1|642,1906,2794,1934|Mach
131936|WindowsForms10.Window.8.app.0.34f5582_r7_ad1|18,454,3592,1834|
132056|WindowsForms10.Window.8.app.0.34f5582_r7_ad1|4,1846,3600,1932|
197438|WindowsForms10.Window.8.app.0.34f5582_r7_ad1|0,94,3600,162|ToolStrip1
197598|WindowsForms10.Window.8.app.0.34f5582_r7_ad1|0,46,3600,94|MenuStrip1
5440428|WindowsForms10.Window.8.app.0.34f5582_r7_ad1|364,364,1938,1518|Aero Plots
6357172|WindowsForms10.STATIC.app.0.34f5582_r7_ad1|930,484,1102,518|Plot Data to:
7405830|WindowsForms10.COMBOBOX.app.0.34f5582_r7_ad1|1112,480,1284,522|Mach 25
6750242|WindowsForms10.Window.8.app.0.34f5582_r7_ad1|404,546,1954,1492|
6685236|WindowsForms10.Window.8.app.0.34f5582_r7_ad1|404,546,1954,1290|
4588348|WindowsForms10.Window.8.app.0.34f5582_r7_ad1|412,576,1922,1282|
5964638|WindowsForms10.Window.8.app.0.34f5582_r7_ad1|404,1298,1954,1492|
5505758|WindowsForms10.Window.8.app.0.34f5582_r7_ad1|416,1302,1900,1480|
5178690|WindowsForms10.SCROLLBAR.app.0.34f5582_r7_ad1|418,1444,1864,1478|
6554982|WindowsForms10.SCROLLBAR.app.0.34f5582_r7_ad1|1864,1304,1898,1444|
7078106|WindowsForms10.COMBOBOX.app.0.34f5582_r7_ad1|650,476,902,518|Mach Number
6292116|WindowsForms10.COMBOBOX.app.0.34f5582_r7_ad1|412,478,638,520|CD
6947660|WindowsForms10.Window.8.app.0.34f5582_r7_ad1|380,426,1922,474|MenuStrip1
132054|WindowsForms10.Window.8.app.0.34f5582_r7_ad1|-16,-16,3616,1992|RASAero II 
132052|WindowsForms10.Window.8.app.0.34f5582_r7_ad1|0,168,3600,1978|
131938|WindowsForms10.Window.8.app.0.34f5582_r7_ad1|0,168,3600,438|
263020|WindowsForms10.EDIT.app.0.34f5582_r7_ad1|340,188,1282,270|Hsq-thin
328648|WindowsForms10.EDIT.app.0.34f5582_r7_ad1|418,294,1162,376|Motor: I500T-14A  (AT)  Loaded Wt. (lb) 14.5064
132048|WindowsForms10.LISTBOX.app.0.34f5582_r7_ad1|18,188,316,378|
197574|WindowsForms10.Window.8.app.0.34f5582_r7_ad1|0,446,3600,1978|
197562|WindowsForms10.Window.8.app.0.34f5582_r7_ad1|1780,1902,1906,1942|
263104|WindowsForms10.EDIT.app.0.34f5582_r7_ad1|1784,1906,1902,1938|0.00
197578|WindowsForms10.STATIC.app.0.34f5582_r7_ad1|642,1906,2794,1934|Mach
131936|WindowsForms10.Window.8.app.0.34f5582_r7_ad1|18,454,3592,1834|
132056|WindowsForms10.Window.8.app.0.34f5582_r7_ad1|4,1846,3600,1932|
197438|WindowsForms10.Window.8.app.0.34f5582_r7_ad1|0,94,3600,162|ToolStrip1
197598|WindowsForms10.Window.8.app.0.34f5582_r7_ad1|0,46,3600,94|MenuStrip1
5440428|WindowsForms10.Window.8.app.0.34f5582_r7_ad1|364,364,1938,1518|Aero Plots
6357172|WindowsForms10.STATIC.app.0.34f5582_r7_ad1|930,484,1102,518|Plot Data to:
7405830|WindowsForms10.COMBOBOX.app.0.34f5582_r7_ad1|1112,480,1284,522|Mach 25
6750242|WindowsForms10.Window.8.app.0.34f5582_r7_ad1|404,546,1954,1492|
6685236|WindowsForms10.Window.8.app.0.34f5582_r7_ad1|404,546,1954,1290|
4588348|WindowsForms10.Window.8.app.0.34f5582_r7_ad1|412,576,1922,1282|
5964638|WindowsForms10.Window.8.app.0.34f5582_r7_ad1|404,1298,1954,1492|
5505758|WindowsForms10.Window.8.app.0.34f5582_r7_ad1|416,1302,1900,1480|
5178690|WindowsForms10.SCROLLBAR.app.0.34f5582_r7_ad1|418,1444,1864,1478|
6554982|WindowsForms10.SCROLLBAR.app.0.34f5582_r7_ad1|1864,1304,1898,1444|
7078106|WindowsForms10.COMBOBOX.app.0.34f5582_r7_ad1|650,476,902,518|Mach Number
6292116|WindowsForms10.COMBOBOX.app.0.34f5582_r7_ad1|412,478,638,520|CD
6947660|WindowsForms10.Window.8.app.0.34f5582_r7_ad1|380,426,1922,474|MenuStrip1
132054|WindowsForms10.Window.8.app.0.34f5582_r7_ad1|-16,-16,3616,1992|RASAero II 
132052|WindowsForms10.Window.8.app.0.34f5582_r7_ad1|0,168,3600,1978|
131938|WindowsForms10.Window.8.app.0.34f5582_r7_ad1|0,168,3600,438|
263020|WindowsForms10.EDIT.app.0.34f5582_r7_ad1|340,188,1282,270|Hsq-thin
328648|WindowsForms10.EDIT.app.0.34f5582_r7_ad1|418,294,1162,376|Motor: I500T-14A  (AT)  Loaded Wt. (lb) 14.5064
132048|WindowsForms10.LISTBOX.app.0.34f5582_r7_ad1|18,188,316,378|
197574|WindowsForms10.Window.8.app.0.34f5582_r7_ad1|0,446,3600,1978|
197562|WindowsForms10.Window.8.app.0.34f5582_r7_ad1|1780,1902,1906,1942|
263104|WindowsForms10.EDIT.app.0.34f5582_r7_ad1|1784,1906,1902,1938|0.00
197578|WindowsForms10.STATIC.app.0.34f5582_r7_ad1|642,1906,2794,1934|Mach
131936|WindowsForms10.Window.8.app.0.34f5582_r7_ad1|18,454,3592,1834|
132056|WindowsForms10.Window.8.app.0.34f5582_r7_ad1|4,1846,3600,1932|
197438|WindowsForms10.Window.8.app.0.34f5582_r7_ad1|0,94,3600,162|ToolStrip1
197598|WindowsForms10.Window.8.app.0.34f5582_r7_ad1|0,46,3600,94|MenuStrip1
5440428|WindowsForms10.Window.8.app.0.34f5582_r7_ad1|364,364,1938,1518|Aero Plots
6357172|WindowsForms10.STATIC.app.0.34f5582_r7_ad1|930,484,1102,518|Plot Data to:
7405830|WindowsForms10.COMBOBOX.app.0.34f5582_r7_ad1|1112,480,1284,522|Mach 25
6750242|WindowsForms10.Window.8.app.0.34f5582_r7_ad1|404,546,1954,1492|
6685236|WindowsForms10.Window.8.app.0.34f5582_r7_ad1|404,546,1954,1290|
4588348|WindowsForms10.Window.8.app.0.34f5582_r7_ad1|412,576,1922,1282|
5964638|WindowsForms10.Window.8.app.0.34f5582_r7_ad1|404,1298,1954,1492|
5505758|WindowsForms10.Window.8.app.0.34f5582_r7_ad1|416,1302,1900,1480|
5178690|WindowsForms10.SCROLLBAR.app.0.34f5582_r7_ad1|418,1444,1864,1478|
6554982|WindowsForms10.SCROLLBAR.app.0.34f5582_r7_ad1|1864,1304,1898,1444|
7078106|WindowsForms10.COMBOBOX.app.0.34f5582_r7_ad1|650,476,902,518|Mach Number
6292116|WindowsForms10.COMBOBOX.app.0.34f5582_r7_ad1|412,478,638,520|CD
6947660|WindowsForms10.Window.8.app.0.34f5582_r7_ad1|380,426,1922,474|MenuStrip1
132054|WindowsForms10.Window.8.app.0.34f5582_r7_ad1|-16,-16,3616,1992|RASAero II 
132052|WindowsForms10.Window.8.app.0.34f5582_r7_ad1|0,168,3600,1978|
131938|WindowsForms10.Window.8.app.0.34f5582_r7_ad1|0,168,3600,438|
263020|WindowsForms10.EDIT.app.0.34f5582_r7_ad1|340,188,1282,270|Hsq-thin
328648|WindowsForms10.EDIT.app.0.34f5582_r7_ad1|418,294,1162,376|Motor: I500T-14A  (AT)  Loaded Wt. (lb) 14.5064
132048|WindowsForms10.LISTBOX.app.0.34f5582_r7_ad1|18,188,316,378|
197574|WindowsForms10.Window.8.app.0.34f5582_r7_ad1|0,446,3600,1978|
197562|WindowsForms10.Window.8.app.0.34f5582_r7_ad1|1780,1902,1906,1942|
263104|WindowsForms10.EDIT.app.0.34f5582_r7_ad1|1784,1906,1902,1938|0.00
197578|WindowsForms10.STATIC.app.0.34f5582_r7_ad1|642,1906,2794,1934|Mach
131936|WindowsForms10.Window.8.app.0.34f5582_r7_ad1|18,454,3592,1834|
132056|WindowsForms10.Window.8.app.0.34f5582_r7_ad1|4,1846,3600,1932|
197438|WindowsForms10.Window.8.app.0.34f5582_r7_ad1|0,94,3600,162|ToolStrip1
197598|WindowsForms10.Window.8.app.0.34f5582_r7_ad1|0,46,3600,94|MenuStrip1
EXPORTED Hsq-thin
132054|WindowsForms10.Window.8.app.0.34f5582_r7_ad1|-16,-16,3616,1992|RASAero II 
132052|WindowsForms10.Window.8.app.0.34f5582_r7_ad1|0,168,3600,1978|
131938|WindowsForms10.Window.8.app.0.34f5582_r7_ad1|0,168,3600,438|
263020|WindowsForms10.EDIT.app.0.34f5582_r7_ad1|340,188,1282,270|Hsq-thin
328648|WindowsForms10.EDIT.app.0.34f5582_r7_ad1|418,294,1162,376|Motor: I500T-14A  (AT)  Loaded Wt. (lb) 14.5064
132048|WindowsForms10.LISTBOX.app.0.34f5582_r7_ad1|18,188,316,378|
197574|WindowsForms10.Window.8.app.0.34f5582_r7_ad1|0,446,3600,1978|
197562|WindowsForms10.Window.8.app.0.34f5582_r7_ad1|1780,1902,1906,1942|
263104|WindowsForms10.EDIT.app.0.34f5582_r7_ad1|1784,1906,1902,1938|0.00
197578|WindowsForms10.STATIC.app.0.34f5582_r7_ad1|642,1906,2794,1934|Mach
131936|WindowsForms10.Window.8.app.0.34f5582_r7_ad1|18,454,3592,1834|
132056|WindowsForms10.Window.8.app.0.34f5582_r7_ad1|4,1846,3600,1932|
197438|WindowsForms10.Window.8.app.0.34f5582_r7_ad1|0,94,3600,162|ToolStrip1
197598|WindowsForms10.Window.8.app.0.34f5582_r7_ad1|0,46,3600,94|MenuStrip1
132054|WindowsForms10.Window.8.app.0.34f5582_r7_ad1|-16,-16,3616,1992|RASAero II 
132052|WindowsForms10.Window.8.app.0.34f5582_r7_ad1|0,168,3600,1978|
131938|WindowsForms10.Window.8.app.0.34f5582_r7_ad1|0,168,3600,438|
263020|WindowsForms10.EDIT.app.0.34f5582_r7_ad1|340,188,1282,270|Hsq-thick
328648|WindowsForms10.EDIT.app.0.34f5582_r7_ad1|418,294,1162,376|Motor: I500T-14A  (AT)  Loaded Wt. (lb) 14.5064
132048|WindowsForms10.LISTBOX.app.0.34f5582_r7_ad1|18,188,316,378|
197574|WindowsForms10.Window.8.app.0.34f5582_r7_ad1|0,446,3600,1978|
197562|WindowsForms10.Window.8.app.0.34f5582_r7_ad1|1780,1902,1906,1942|
263104|WindowsForms10.EDIT.app.0.34f5582_r7_ad1|1784,1906,1902,1938|0.00
197578|WindowsForms10.STATIC.app.0.34f5582_r7_ad1|642,1906,2794,1934|Mach
131936|WindowsForms10.Window.8.app.0.34f5582_r7_ad1|18,454,3592,1834|
132056|WindowsForms10.Window.8.app.0.34f5582_r7_ad1|4,1846,3600,1932|
197438|WindowsForms10.Window.8.app.0.34f5582_r7_ad1|0,94,3600,162|ToolStrip1
197598|WindowsForms10.Window.8.app.0.34f5582_r7_ad1|0,46,3600,94|MenuStrip1
132054|WindowsForms10.Window.8.app.0.34f5582_r7_ad1|-16,-16,3616,1992|RASAero II 
132052|WindowsForms10.Window.8.app.0.34f5582_r7_ad1|0,168,3600,1978|
131938|WindowsForms10.Window.8.app.0.34f5582_r7_ad1|0,168,3600,438|
263020|WindowsForms10.EDIT.app.0.34f5582_r7_ad1|340,188,1282,270|Hsq-thick
328648|WindowsForms10.EDIT.app.0.34f5582_r7_ad1|418,294,1162,376|Motor: I500T-14A  (AT)  Loaded Wt. (lb) 14.5064
132048|WindowsForms10.LISTBOX.app.0.34f5582_r7_ad1|18,188,316,378|
197574|WindowsForms10.Window.8.app.0.34f5582_r7_ad1|0,446,3600,1978|
197562|WindowsForms10.Window.8.app.0.34f5582_r7_ad1|1780,1902,1906,1942|
263104|WindowsForms10.EDIT.app.0.34f5582_r7_ad1|1784,1906,1902,1938|0.00
197578|WindowsForms10.STATIC.app.0.34f5582_r7_ad1|642,1906,2794,1934|Mach
131936|WindowsForms10.Window.8.app.0.34f5582_r7_ad1|18,454,3592,1834|
132056|WindowsForms10.Window.8.app.0.34f5582_r7_ad1|4,1846,3600,1932|
197438|WindowsForms10.Window.8.app.0.34f5582_r7_ad1|0,94,3600,162|ToolStrip1
197598|WindowsForms10.Window.8.app.0.34f5582_r7_ad1|0,46,3600,94|MenuStrip1
5832730|WindowsForms10.Window.8.app.0.34f5582_r7_ad1|416,416,1990,1570|Aero Plots
6881496|WindowsForms10.STATIC.app.0.34f5582_r7_ad1|982,536,1154,570|Plot Data to:
7536860|WindowsForms10.COMBOBOX.app.0.34f5582_r7_ad1|1164,532,1336,574|Mach 25
7536902|WindowsForms10.Window.8.app.0.34f5582_r7_ad1|456,598,2006,1544|
4064620|WindowsForms10.Window.8.app.0.34f5582_r7_ad1|456,598,2006,1342|
7077946|WindowsForms10.Window.8.app.0.34f5582_r7_ad1|464,628,1974,1334|
5964608|WindowsForms10.Window.8.app.0.34f5582_r7_ad1|456,1350,2006,1544|
4719420|WindowsForms10.Window.8.app.0.34f5582_r7_ad1|468,1354,1952,1532|
7929888|WindowsForms10.SCROLLBAR.app.0.34f5582_r7_ad1|470,1496,1916,1530|
6553810|WindowsForms10.SCROLLBAR.app.0.34f5582_r7_ad1|1916,1356,1950,1496|
6095710|WindowsForms10.COMBOBOX.app.0.34f5582_r7_ad1|702,528,954,570|Mach Number
6686054|WindowsForms10.COMBOBOX.app.0.34f5582_r7_ad1|464,530,690,572|CD
8913742|WindowsForms10.Window.8.app.0.34f5582_r7_ad1|432,478,1974,526|MenuStrip1
132054|WindowsForms10.Window.8.app.0.34f5582_r7_ad1|-16,-16,3616,1992|RASAero II 
132052|WindowsForms10.Window.8.app.0.34f5582_r7_ad1|0,168,3600,1978|
131938|WindowsForms10.Window.8.app.0.34f5582_r7_ad1|0,168,3600,438|
263020|WindowsForms10.EDIT.app.0.34f5582_r7_ad1|340,188,1282,270|Hsq-thick
328648|WindowsForms10.EDIT.app.0.34f5582_r7_ad1|418,294,1162,376|Motor: I500T-14A  (AT)  Loaded Wt. (lb) 14.5064
132048|WindowsForms10.LISTBOX.app.0.34f5582_r7_ad1|18,188,316,378|
197574|WindowsForms10.Window.8.app.0.34f5582_r7_ad1|0,446,3600,1978|
197562|WindowsForms10.Window.8.app.0.34f5582_r7_ad1|1780,1902,1906,1942|
263104|WindowsForms10.EDIT.app.0.34f5582_r7_ad1|1784,1906,1902,1938|0.00
197578|WindowsForms10.STATIC.app.0.34f5582_r7_ad1|642,1906,2794,1934|Mach
131936|WindowsForms10.Window.8.app.0.34f5582_r7_ad1|18,454,3592,1834|
132056|WindowsForms10.Window.8.app.0.34f5582_r7_ad1|4,1846,3600,1932|
197438|WindowsForms10.Window.8.app.0.34f5582_r7_ad1|0,94,3600,162|ToolStrip1
197598|WindowsForms10.Window.8.app.0.34f5582_r7_ad1|0,46,3600,94|MenuStrip1
5832730|WindowsForms10.Window.8.app.0.34f5582_r7_ad1|416,416,1990,1570|Aero Plots
6881496|WindowsForms10.STATIC.app.0.34f5582_r7_ad1|982,536,1154,570|Plot Data to:
7536860|WindowsForms10.COMBOBOX.app.0.34f5582_r7_ad1|1164,532,1336,574|Mach 25
7536902|WindowsForms10.Window.8.app.0.34f5582_r7_ad1|456,598,2006,1544|
4064620|WindowsForms10.Window.8.app.0.34f5582_r7_ad1|456,598,2006,1342|
7077946|WindowsForms10.Window.8.app.0.34f5582_r7_ad1|464,628,1974,1334|
5964608|WindowsForms10.Window.8.app.0.34f5582_r7_ad1|456,1350,2006,1544|
4719420|WindowsForms10.Window.8.app.0.34f5582_r7_ad1|468,1354,1952,1532|
7929888|WindowsForms10.SCROLLBAR.app.0.34f5582_r7_ad1|470,1496,1916,1530|
6553810|WindowsForms10.SCROLLBAR.app.0.34f5582_r7_ad1|1916,1356,1950,1496|
6095710|WindowsForms10.COMBOBOX.app.0.34f5582_r7_ad1|702,528,954,570|Mach Number
6686054|WindowsForms10.COMBOBOX.app.0.34f5582_r7_ad1|464,530,690,572|CD
8913742|WindowsForms10.Window.8.app.0.34f5582_r7_ad1|432,478,1974,526|MenuStrip1
132054|WindowsForms10.Window.8.app.0.34f5582_r7_ad1|-16,-16,3616,1992|RASAero II 
132052|WindowsForms10.Window.8.app.0.34f5582_r7_ad1|0,168,3600,1978|
131938|WindowsForms10.Window.8.app.0.34f5582_r7_ad1|0,168,3600,438|
263020|WindowsForms10.EDIT.app.0.34f5582_r7_ad1|340,188,1282,270|Hsq-thick
328648|WindowsForms10.EDIT.app.0.34f5582_r7_ad1|418,294,1162,376|Motor: I500T-14A  (AT)  Loaded Wt. (lb) 14.5064
132048|WindowsForms10.LISTBOX.app.0.34f5582_r7_ad1|18,188,316,378|
197574|WindowsForms10.Window.8.app.0.34f5582_r7_ad1|0,446,3600,1978|
197562|WindowsForms10.Window.8.app.0.34f5582_r7_ad1|1780,1902,1906,1942|
263104|WindowsForms10.EDIT.app.0.34f5582_r7_ad1|1784,1906,1902,1938|0.00
197578|WindowsForms10.STATIC.app.0.34f5582_r7_ad1|642,1906,2794,1934|Mach
131936|WindowsForms10.Window.8.app.0.34f5582_r7_ad1|18,454,3592,1834|
132056|WindowsForms10.Window.8.app.0.34f5582_r7_ad1|4,1846,3600,1932|
197438|WindowsForms10.Window.8.app.0.34f5582_r7_ad1|0,94,3600,162|ToolStrip1
197598|WindowsForms10.Window.8.app.0.34f5582_r7_ad1|0,46,3600,94|MenuStrip1
5832730|WindowsForms10.Window.8.app.0.34f5582_r7_ad1|416,416,1990,1570|Aero Plots
6881496|WindowsForms10.STATIC.app.0.34f5582_r7_ad1|982,536,1154,570|Plot Data to:
7536860|WindowsForms10.COMBOBOX.app.0.34f5582_r7_ad1|1164,532,1336,574|Mach 25
7536902|WindowsForms10.Window.8.app.0.34f5582_r7_ad1|456,598,2006,1544|
4064620|WindowsForms10.Window.8.app.0.34f5582_r7_ad1|456,598,2006,1342|
7077946|WindowsForms10.Window.8.app.0.34f5582_r7_ad1|464,628,1974,1334|
5964608|WindowsForms10.Window.8.app.0.34f5582_r7_ad1|456,1350,2006,1544|
4719420|WindowsForms10.Window.8.app.0.34f5582_r7_ad1|468,1354,1952,1532|
7929888|WindowsForms10.SCROLLBAR.app.0.34f5582_r7_ad1|470,1496,1916,1530|
6553810|WindowsForms10.SCROLLBAR.app.0.34f5582_r7_ad1|1916,1356,1950,1496|
6095710|WindowsForms10.COMBOBOX.app.0.34f5582_r7_ad1|702,528,954,570|Mach Number
6686054|WindowsForms10.COMBOBOX.app.0.34f5582_r7_ad1|464,530,690,572|CD
8913742|WindowsForms10.Window.8.app.0.34f5582_r7_ad1|432,478,1974,526|MenuStrip1
132054|WindowsForms10.Window.8.app.0.34f5582_r7_ad1|-16,-16,3616,1992|RASAero II 
132052|WindowsForms10.Window.8.app.0.34f5582_r7_ad1|0,168,3600,1978|
131938|WindowsForms10.Window.8.app.0.34f5582_r7_ad1|0,168,3600,438|
263020|WindowsForms10.EDIT.app.0.34f5582_r7_ad1|340,188,1282,270|Hsq-thick
328648|WindowsForms10.EDIT.app.0.34f5582_r7_ad1|418,294,1162,376|Motor: I500T-14A  (AT)  Loaded Wt. (lb) 14.5064
132048|WindowsForms10.LISTBOX.app.0.34f5582_r7_ad1|18,188,316,378|
197574|WindowsForms10.Window.8.app.0.34f5582_r7_ad1|0,446,3600,1978|
197562|WindowsForms10.Window.8.app.0.34f5582_r7_ad1|1780,1902,1906,1942|
263104|WindowsForms10.EDIT.app.0.34f5582_r7_ad1|1784,1906,1902,1938|0.00
197578|WindowsForms10.STATIC.app.0.34f5582_r7_ad1|642,1906,2794,1934|Mach
131936|WindowsForms10.Window.8.app.0.34f5582_r7_ad1|18,454,3592,1834|
132056|WindowsForms10.Window.8.app.0.34f5582_r7_ad1|4,1846,3600,1932|
197438|WindowsForms10.Window.8.app.0.34f5582_r7_ad1|0,94,3600,162|ToolStrip1
197598|WindowsForms10.Window.8.app.0.34f5582_r7_ad1|0,46,3600,94|MenuStrip1
EXPORTED Hsq-thick
132054|WindowsForms10.Window.8.app.0.34f5582_r7_ad1|-16,-16,3616,1992|RASAero II 
132052|WindowsForms10.Window.8.app.0.34f5582_r7_ad1|0,168,3600,1978|
131938|WindowsForms10.Window.8.app.0.34f5582_r7_ad1|0,168,3600,438|
263020|WindowsForms10.EDIT.app.0.34f5582_r7_ad1|340,188,1282,270|Hsq-thick
328648|WindowsForms10.EDIT.app.0.34f5582_r7_ad1|418,294,1162,376|Motor: I500T-14A  (AT)  Loaded Wt. (lb) 14.5064
132048|WindowsForms10.LISTBOX.app.0.34f5582_r7_ad1|18,188,316,378|
197574|WindowsForms10.Window.8.app.0.34f5582_r7_ad1|0,446,3600,1978|
197562|WindowsForms10.Window.8.app.0.34f5582_r7_ad1|1780,1902,1906,1942|
263104|WindowsForms10.EDIT.app.0.34f5582_r7_ad1|1784,1906,1902,1938|0.00
197578|WindowsForms10.STATIC.app.0.34f5582_r7_ad1|642,1906,2794,1934|Mach
131936|WindowsForms10.Window.8.app.0.34f5582_r7_ad1|18,454,3592,1834|
132056|WindowsForms10.Window.8.app.0.34f5582_r7_ad1|4,1846,3600,1932|
197438|WindowsForms10.Window.8.app.0.34f5582_r7_ad1|0,94,3600,162|ToolStrip1
197598|WindowsForms10.Window.8.app.0.34f5582_r7_ad1|0,46,3600,94|MenuStrip1
132054|WindowsForms10.Window.8.app.0.34f5582_r7_ad1|-16,-16,3616,1992|RASAero II 
132052|WindowsForms10.Window.8.app.0.34f5582_r7_ad1|0,168,3600,1978|
131938|WindowsForms10.Window.8.app.0.34f5582_r7_ad1|0,168,3600,438|
263020|WindowsForms10.EDIT.app.0.34f5582_r7_ad1|340,188,1282,270|Hsq-unswept
328648|WindowsForms10.EDIT.app.0.34f5582_r7_ad1|418,294,1162,376|Motor: I500T-14A  (AT)  Loaded Wt. (lb) 14.5064
132048|WindowsForms10.LISTBOX.app.0.34f5582_r7_ad1|18,188,316,378|
197574|WindowsForms10.Window.8.app.0.34f5582_r7_ad1|0,446,3600,1978|
197562|WindowsForms10.Window.8.app.0.34f5582_r7_ad1|1780,1902,1906,1942|
263104|WindowsForms10.EDIT.app.0.34f5582_r7_ad1|1784,1906,1902,1938|0.00
197578|WindowsForms10.STATIC.app.0.34f5582_r7_ad1|642,1906,2794,1934|Mach
131936|WindowsForms10.Window.8.app.0.34f5582_r7_ad1|18,454,3592,1834|
132056|WindowsForms10.Window.8.app.0.34f5582_r7_ad1|4,1846,3600,1932|
197438|WindowsForms10.Window.8.app.0.34f5582_r7_ad1|0,94,3600,162|ToolStrip1
197598|WindowsForms10.Window.8.app.0.34f5582_r7_ad1|0,46,3600,94|MenuStrip1
132054|WindowsForms10.Window.8.app.0.34f5582_r7_ad1|-16,-16,3616,1992|RASAero II 
132052|WindowsForms10.Window.8.app.0.34f5582_r7_ad1|0,168,3600,1978|
131938|WindowsForms10.Window.8.app.0.34f5582_r7_ad1|0,168,3600,438|
263020|WindowsForms10.EDIT.app.0.34f5582_r7_ad1|340,188,1282,270|Hsq-unswept
328648|WindowsForms10.EDIT.app.0.34f5582_r7_ad1|418,294,1162,376|Motor: I500T-14A  (AT)  Loaded Wt. (lb) 14.5064
132048|WindowsForms10.LISTBOX.app.0.34f5582_r7_ad1|18,188,316,378|
197574|WindowsForms10.Window.8.app.0.34f5582_r7_ad1|0,446,3600,1978|
197562|WindowsForms10.Window.8.app.0.34f5582_r7_ad1|1780,1902,1906,1942|
263104|WindowsForms10.EDIT.app.0.34f5582_r7_ad1|1784,1906,1902,1938|0.00
197578|WindowsForms10.STATIC.app.0.34f5582_r7_ad1|642,1906,2794,1934|Mach
131936|WindowsForms10.Window.8.app.0.34f5582_r7_ad1|18,454,3592,1834|
132056|WindowsForms10.Window.8.app.0.34f5582_r7_ad1|4,1846,3600,1932|
197438|WindowsForms10.Window.8.app.0.34f5582_r7_ad1|0,94,3600,162|ToolStrip1
197598|WindowsForms10.Window.8.app.0.34f5582_r7_ad1|0,46,3600,94|MenuStrip1
5440834|WindowsForms10.Window.8.app.0.34f5582_r7_ad1|468,468,2042,1622|Aero Plots
7537206|WindowsForms10.STATIC.app.0.34f5582_r7_ad1|1034,588,1206,622|Plot Data to:
6619316|WindowsForms10.COMBOBOX.app.0.34f5582_r7_ad1|1216,584,1388,626|Mach 25
7667932|WindowsForms10.Window.8.app.0.34f5582_r7_ad1|508,650,2058,1596|
7209512|WindowsForms10.Window.8.app.0.34f5582_r7_ad1|508,650,2058,1394|
6291546|WindowsForms10.Window.8.app.0.34f5582_r7_ad1|516,680,2026,1386|
7209804|WindowsForms10.Window.8.app.0.34f5582_r7_ad1|508,1402,2058,1596|
7209018|WindowsForms10.Window.8.app.0.34f5582_r7_ad1|520,1406,2004,1584|
6160528|WindowsForms10.SCROLLBAR.app.0.34f5582_r7_ad1|522,1548,1968,1582|
6029338|WindowsForms10.SCROLLBAR.app.0.34f5582_r7_ad1|1968,1408,2002,1548|
6095680|WindowsForms10.COMBOBOX.app.0.34f5582_r7_ad1|754,580,1006,622|Mach Number
6684882|WindowsForms10.COMBOBOX.app.0.34f5582_r7_ad1|516,582,742,624|CD
5767902|WindowsForms10.Window.8.app.0.34f5582_r7_ad1|484,530,2026,578|MenuStrip1
132054|WindowsForms10.Window.8.app.0.34f5582_r7_ad1|-16,-16,3616,1992|RASAero II 
132052|WindowsForms10.Window.8.app.0.34f5582_r7_ad1|0,168,3600,1978|
131938|WindowsForms10.Window.8.app.0.34f5582_r7_ad1|0,168,3600,438|
263020|WindowsForms10.EDIT.app.0.34f5582_r7_ad1|340,188,1282,270|Hsq-unswept
328648|WindowsForms10.EDIT.app.0.34f5582_r7_ad1|418,294,1162,376|Motor: I500T-14A  (AT)  Loaded Wt. (lb) 14.5064
132048|WindowsForms10.LISTBOX.app.0.34f5582_r7_ad1|18,188,316,378|
197574|WindowsForms10.Window.8.app.0.34f5582_r7_ad1|0,446,3600,1978|
197562|WindowsForms10.Window.8.app.0.34f5582_r7_ad1|1780,1902,1906,1942|
263104|WindowsForms10.EDIT.app.0.34f5582_r7_ad1|1784,1906,1902,1938|0.00
197578|WindowsForms10.STATIC.app.0.34f5582_r7_ad1|642,1906,2794,1934|Mach
131936|WindowsForms10.Window.8.app.0.34f5582_r7_ad1|18,454,3592,1834|
132056|WindowsForms10.Window.8.app.0.34f5582_r7_ad1|4,1846,3600,1932|
197438|WindowsForms10.Window.8.app.0.34f5582_r7_ad1|0,94,3600,162|ToolStrip1
197598|WindowsForms10.Window.8.app.0.34f5582_r7_ad1|0,46,3600,94|MenuStrip1
5440834|WindowsForms10.Window.8.app.0.34f5582_r7_ad1|468,468,2042,1622|Aero Plots
7537206|WindowsForms10.STATIC.app.0.34f5582_r7_ad1|1034,588,1206,622|Plot Data to:
6619316|WindowsForms10.COMBOBOX.app.0.34f5582_r7_ad1|1216,584,1388,626|Mach 25
7667932|WindowsForms10.Window.8.app.0.34f5582_r7_ad1|508,650,2058,1596|
7209512|WindowsForms10.Window.8.app.0.34f5582_r7_ad1|508,650,2058,1394|
6291546|WindowsForms10.Window.8.app.0.34f5582_r7_ad1|516,680,2026,1386|
7209804|WindowsForms10.Window.8.app.0.34f5582_r7_ad1|508,1402,2058,1596|
7209018|WindowsForms10.Window.8.app.0.34f5582_r7_ad1|520,1406,2004,1584|
6160528|WindowsForms10.SCROLLBAR.app.0.34f5582_r7_ad1|522,1548,1968,1582|
6029338|WindowsForms10.SCROLLBAR.app.0.34f5582_r7_ad1|1968,1408,2002,1548|
6095680|WindowsForms10.COMBOBOX.app.0.34f5582_r7_ad1|754,580,1006,622|Mach Number
6684882|WindowsForms10.COMBOBOX.app.0.34f5582_r7_ad1|516,582,742,624|CD
5767902|WindowsForms10.Window.8.app.0.34f5582_r7_ad1|484,530,2026,578|MenuStrip1
132054|WindowsForms10.Window.8.app.0.34f5582_r7_ad1|-16,-16,3616,1992|RASAero II 
132052|WindowsForms10.Window.8.app.0.34f5582_r7_ad1|0,168,3600,1978|
131938|WindowsForms10.Window.8.app.0.34f5582_r7_ad1|0,168,3600,438|
263020|WindowsForms10.EDIT.app.0.34f5582_r7_ad1|340,188,1282,270|Hsq-unswept
328648|WindowsForms10.EDIT.app.0.34f5582_r7_ad1|418,294,1162,376|Motor: I500T-14A  (AT)  Loaded Wt. (lb) 14.5064
132048|WindowsForms10.LISTBOX.app.0.34f5582_r7_ad1|18,188,316,378|
197574|WindowsForms10.Window.8.app.0.34f5582_r7_ad1|0,446,3600,1978|
197562|WindowsForms10.Window.8.app.0.34f5582_r7_ad1|1780,1902,1906,1942|
263104|WindowsForms10.EDIT.app.0.34f5582_r7_ad1|1784,1906,1902,1938|0.00
197578|WindowsForms10.STATIC.app.0.34f5582_r7_ad1|642,1906,2794,1934|Mach
131936|WindowsForms10.Window.8.app.0.34f5582_r7_ad1|18,454,3592,1834|
132056|WindowsForms10.Window.8.app.0.34f5582_r7_ad1|4,1846,3600,1932|
197438|WindowsForms10.Window.8.app.0.34f5582_r7_ad1|0,94,3600,162|ToolStrip1
197598|WindowsForms10.Window.8.app.0.34f5582_r7_ad1|0,46,3600,94|MenuStrip1
5440834|WindowsForms10.Window.8.app.0.34f5582_r7_ad1|468,468,2042,1622|Aero Plots
7537206|WindowsForms10.STATIC.app.0.34f5582_r7_ad1|1034,588,1206,622|Plot Data to:
6619316|WindowsForms10.COMBOBOX.app.0.34f5582_r7_ad1|1216,584,1388,626|Mach 25
7667932|WindowsForms10.Window.8.app.0.34f5582_r7_ad1|508,650,2058,1596|
7209512|WindowsForms10.Window.8.app.0.34f5582_r7_ad1|508,650,2058,1394|
6291546|WindowsForms10.Window.8.app.0.34f5582_r7_ad1|516,680,2026,1386|
7209804|WindowsForms10.Window.8.app.0.34f5582_r7_ad1|508,1402,2058,1596|
7209018|WindowsForms10.Window.8.app.0.34f5582_r7_ad1|520,1406,2004,1584|
6160528|WindowsForms10.SCROLLBAR.app.0.34f5582_r7_ad1|522,1548,1968,1582|
6029338|WindowsForms10.SCROLLBAR.app.0.34f5582_r7_ad1|1968,1408,2002,1548|
6095680|WindowsForms10.COMBOBOX.app.0.34f5582_r7_ad1|754,580,1006,622|Mach Number
6684882|WindowsForms10.COMBOBOX.app.0.34f5582_r7_ad1|516,582,742,624|CD
5767902|WindowsForms10.Window.8.app.0.34f5582_r7_ad1|484,530,2026,578|MenuStrip1
132054|WindowsForms10.Window.8.app.0.34f5582_r7_ad1|-16,-16,3616,1992|RASAero II 
132052|WindowsForms10.Window.8.app.0.34f5582_r7_ad1|0,168,3600,1978|
131938|WindowsForms10.Window.8.app.0.34f5582_r7_ad1|0,168,3600,438|
263020|WindowsForms10.EDIT.app.0.34f5582_r7_ad1|340,188,1282,270|Hsq-unswept
328648|WindowsForms10.EDIT.app.0.34f5582_r7_ad1|418,294,1162,376|Motor: I500T-14A  (AT)  Loaded Wt. (lb) 14.5064
132048|WindowsForms10.LISTBOX.app.0.34f5582_r7_ad1|18,188,316,378|
197574|WindowsForms10.Window.8.app.0.34f5582_r7_ad1|0,446,3600,1978|
197562|WindowsForms10.Window.8.app.0.34f5582_r7_ad1|1780,1902,1906,1942|
263104|WindowsForms10.EDIT.app.0.34f5582_r7_ad1|1784,1906,1902,1938|0.00
197578|WindowsForms10.STATIC.app.0.34f5582_r7_ad1|642,1906,2794,1934|Mach
131936|WindowsForms10.Window.8.app.0.34f5582_r7_ad1|18,454,3592,1834|
132056|WindowsForms10.Window.8.app.0.34f5582_r7_ad1|4,1846,3600,1932|
197438|WindowsForms10.Window.8.app.0.34f5582_r7_ad1|0,94,3600,162|ToolStrip1
197598|WindowsForms10.Window.8.app.0.34f5582_r7_ad1|0,46,3600,94|MenuStrip1
EXPORTED Hsq-unswept
132054|WindowsForms10.Window.8.app.0.34f5582_r7_ad1|-16,-16,3616,1992|RASAero II 
132052|WindowsForms10.Window.8.app.0.34f5582_r7_ad1|0,168,3600,1978|
131938|WindowsForms10.Window.8.app.0.34f5582_r7_ad1|0,168,3600,438|
263020|WindowsForms10.EDIT.app.0.34f5582_r7_ad1|340,188,1282,270|Hsq-unswept
328648|WindowsForms10.EDIT.app.0.34f5582_r7_ad1|418,294,1162,376|Motor: I500T-14A  (AT)  Loaded Wt. (lb) 14.5064
132048|WindowsForms10.LISTBOX.app.0.34f5582_r7_ad1|18,188,316,378|
197574|WindowsForms10.Window.8.app.0.34f5582_r7_ad1|0,446,3600,1978|
197562|WindowsForms10.Window.8.app.0.34f5582_r7_ad1|1780,1902,1906,1942|
263104|WindowsForms10.EDIT.app.0.34f5582_r7_ad1|1784,1906,1902,1938|0.00
197578|WindowsForms10.STATIC.app.0.34f5582_r7_ad1|642,1906,2794,1934|Mach
131936|WindowsForms10.Window.8.app.0.34f5582_r7_ad1|18,454,3592,1834|
132056|WindowsForms10.Window.8.app.0.34f5582_r7_ad1|4,1846,3600,1932|
197438|WindowsForms10.Window.8.app.0.34f5582_r7_ad1|0,94,3600,162|ToolStrip1
197598|WindowsForms10.Window.8.app.0.34f5582_r7_ad1|0,46,3600,94|MenuStrip1
132054|WindowsForms10.Window.8.app.0.34f5582_r7_ad1|-16,-16,3616,1992|RASAero II 
132052|WindowsForms10.Window.8.app.0.34f5582_r7_ad1|0,168,3600,1978|
131938|WindowsForms10.Window.8.app.0.34f5582_r7_ad1|0,168,3600,438|
263020|WindowsForms10.EDIT.app.0.34f5582_r7_ad1|340,188,1282,270|Ssq-unswept
328648|WindowsForms10.EDIT.app.0.34f5582_r7_ad1|418,294,1162,376|Motor: I500T-14A  (AT)  Loaded Wt. (lb) 3.4833
132048|WindowsForms10.LISTBOX.app.0.34f5582_r7_ad1|18,188,316,378|
197574|WindowsForms10.Window.8.app.0.34f5582_r7_ad1|0,446,3600,1978|
197562|WindowsForms10.Window.8.app.0.34f5582_r7_ad1|1780,1902,1906,1942|
263104|WindowsForms10.EDIT.app.0.34f5582_r7_ad1|1784,1906,1902,1938|0.00
197578|WindowsForms10.STATIC.app.0.34f5582_r7_ad1|642,1906,2794,1934|Mach
131936|WindowsForms10.Window.8.app.0.34f5582_r7_ad1|18,454,3592,1834|
132056|WindowsForms10.Window.8.app.0.34f5582_r7_ad1|4,1846,3600,1932|
197438|WindowsForms10.Window.8.app.0.34f5582_r7_ad1|0,94,3600,162|ToolStrip1
197598|WindowsForms10.Window.8.app.0.34f5582_r7_ad1|0,46,3600,94|MenuStrip1
132054|WindowsForms10.Window.8.app.0.34f5582_r7_ad1|-16,-16,3616,1992|RASAero II 
132052|WindowsForms10.Window.8.app.0.34f5582_r7_ad1|0,168,3600,1978|
131938|WindowsForms10.Window.8.app.0.34f5582_r7_ad1|0,168,3600,438|
263020|WindowsForms10.EDIT.app.0.34f5582_r7_ad1|340,188,1282,270|Ssq-unswept
328648|WindowsForms10.EDIT.app.0.34f5582_r7_ad1|418,294,1162,376|Motor: I500T-14A  (AT)  Loaded Wt. (lb) 3.4833
132048|WindowsForms10.LISTBOX.app.0.34f5582_r7_ad1|18,188,316,378|
197574|WindowsForms10.Window.8.app.0.34f5582_r7_ad1|0,446,3600,1978|
197562|WindowsForms10.Window.8.app.0.34f5582_r7_ad1|1780,1902,1906,1942|
263104|WindowsForms10.EDIT.app.0.34f5582_r7_ad1|1784,1906,1902,1938|0.00
197578|WindowsForms10.STATIC.app.0.34f5582_r7_ad1|642,1906,2794,1934|Mach
131936|WindowsForms10.Window.8.app.0.34f5582_r7_ad1|18,454,3592,1834|
132056|WindowsForms10.Window.8.app.0.34f5582_r7_ad1|4,1846,3600,1932|
197438|WindowsForms10.Window.8.app.0.34f5582_r7_ad1|0,94,3600,162|ToolStrip1
197598|WindowsForms10.Window.8.app.0.34f5582_r7_ad1|0,46,3600,94|MenuStrip1
8192032|WindowsForms10.Window.8.app.0.34f5582_r7_ad1|52,52,1626,1206|Aero Plots
7602206|WindowsForms10.STATIC.app.0.34f5582_r7_ad1|618,172,790,206|Plot Data to:
7143640|WindowsForms10.COMBOBOX.app.0.34f5582_r7_ad1|800,168,972,210|Mach 25
6750388|WindowsForms10.Window.8.app.0.34f5582_r7_ad1|92,234,1642,1180|
7471322|WindowsForms10.Window.8.app.0.34f5582_r7_ad1|92,234,1642,978|
5309802|WindowsForms10.Window.8.app.0.34f5582_r7_ad1|100,264,1610,970|
9175886|WindowsForms10.Window.8.app.0.34f5582_r7_ad1|92,986,1642,1180|
6422618|WindowsForms10.Window.8.app.0.34f5582_r7_ad1|104,990,1588,1168|
4981564|WindowsForms10.SCROLLBAR.app.0.34f5582_r7_ad1|106,1132,1552,1166|
6226860|WindowsForms10.SCROLLBAR.app.0.34f5582_r7_ad1|1552,992,1586,1132|
7340876|WindowsForms10.COMBOBOX.app.0.34f5582_r7_ad1|338,164,590,206|Mach Number
7733282|WindowsForms10.COMBOBOX.app.0.34f5582_r7_ad1|100,166,326,208|CD
6291600|WindowsForms10.Window.8.app.0.34f5582_r7_ad1|68,114,1610,162|MenuStrip1
132054|WindowsForms10.Window.8.app.0.34f5582_r7_ad1|-16,-16,3616,1992|RASAero II 
132052|WindowsForms10.Window.8.app.0.34f5582_r7_ad1|0,168,3600,1978|
131938|WindowsForms10.Window.8.app.0.34f5582_r7_ad1|0,168,3600,438|
263020|WindowsForms10.EDIT.app.0.34f5582_r7_ad1|340,188,1282,270|Ssq-unswept
328648|WindowsForms10.EDIT.app.0.34f5582_r7_ad1|418,294,1162,376|Motor: I500T-14A  (AT)  Loaded Wt. (lb) 3.4833
132048|WindowsForms10.LISTBOX.app.0.34f5582_r7_ad1|18,188,316,378|
197574|WindowsForms10.Window.8.app.0.34f5582_r7_ad1|0,446,3600,1978|
197562|WindowsForms10.Window.8.app.0.34f5582_r7_ad1|1780,1902,1906,1942|
263104|WindowsForms10.EDIT.app.0.34f5582_r7_ad1|1784,1906,1902,1938|0.00
197578|WindowsForms10.STATIC.app.0.34f5582_r7_ad1|642,1906,2794,1934|Mach
131936|WindowsForms10.Window.8.app.0.34f5582_r7_ad1|18,454,3592,1834|
132056|WindowsForms10.Window.8.app.0.34f5582_r7_ad1|4,1846,3600,1932|
197438|WindowsForms10.Window.8.app.0.34f5582_r7_ad1|0,94,3600,162|ToolStrip1
197598|WindowsForms10.Window.8.app.0.34f5582_r7_ad1|0,46,3600,94|MenuStrip1
8192032|WindowsForms10.Window.8.app.0.34f5582_r7_ad1|52,52,1626,1206|Aero Plots
7602206|WindowsForms10.STATIC.app.0.34f5582_r7_ad1|618,172,790,206|Plot Data to:
7143640|WindowsForms10.COMBOBOX.app.0.34f5582_r7_ad1|800,168,972,210|Mach 25
6750388|WindowsForms10.Window.8.app.0.34f5582_r7_ad1|92,234,1642,1180|
7471322|WindowsForms10.Window.8.app.0.34f5582_r7_ad1|92,234,1642,978|
5309802|WindowsForms10.Window.8.app.0.34f5582_r7_ad1|100,264,1610,970|
9175886|WindowsForms10.Window.8.app.0.34f5582_r7_ad1|92,986,1642,1180|
6422618|WindowsForms10.Window.8.app.0.34f5582_r7_ad1|104,990,1588,1168|
4981564|WindowsForms10.SCROLLBAR.app.0.34f5582_r7_ad1|106,1132,1552,1166|
6226860|WindowsForms10.SCROLLBAR.app.0.34f5582_r7_ad1|1552,992,1586,1132|
7340876|WindowsForms10.COMBOBOX.app.0.34f5582_r7_ad1|338,164,590,206|Mach Number
7733282|WindowsForms10.COMBOBOX.app.0.34f5582_r7_ad1|100,166,326,208|CD
6291600|WindowsForms10.Window.8.app.0.34f5582_r7_ad1|68,114,1610,162|MenuStrip1
132054|WindowsForms10.Window.8.app.0.34f5582_r7_ad1|-16,-16,3616,1992|RASAero II 
132052|WindowsForms10.Window.8.app.0.34f5582_r7_ad1|0,168,3600,1978|
131938|WindowsForms10.Window.8.app.0.34f5582_r7_ad1|0,168,3600,438|
263020|WindowsForms10.EDIT.app.0.34f5582_r7_ad1|340,188,1282,270|Ssq-unswept
328648|WindowsForms10.EDIT.app.0.34f5582_r7_ad1|418,294,1162,376|Motor: I500T-14A  (AT)  Loaded Wt. (lb) 3.4833
132048|WindowsForms10.LISTBOX.app.0.34f5582_r7_ad1|18,188,316,378|
197574|WindowsForms10.Window.8.app.0.34f5582_r7_ad1|0,446,3600,1978|
197562|WindowsForms10.Window.8.app.0.34f5582_r7_ad1|1780,1902,1906,1942|
263104|WindowsForms10.EDIT.app.0.34f5582_r7_ad1|1784,1906,1902,1938|0.00
197578|WindowsForms10.STATIC.app.0.34f5582_r7_ad1|642,1906,2794,1934|Mach
131936|WindowsForms10.Window.8.app.0.34f5582_r7_ad1|18,454,3592,1834|
132056|WindowsForms10.Window.8.app.0.34f5582_r7_ad1|4,1846,3600,1932|
197438|WindowsForms10.Window.8.app.0.34f5582_r7_ad1|0,94,3600,162|ToolStrip1
197598|WindowsForms10.Window.8.app.0.34f5582_r7_ad1|0,46,3600,94|MenuStrip1
8192032|WindowsForms10.Window.8.app.0.34f5582_r7_ad1|52,52,1626,1206|Aero Plots
7602206|WindowsForms10.STATIC.app.0.34f5582_r7_ad1|618,172,790,206|Plot Data to:
7143640|WindowsForms10.COMBOBOX.app.0.34f5582_r7_ad1|800,168,972,210|Mach 25
6750388|WindowsForms10.Window.8.app.0.34f5582_r7_ad1|92,234,1642,1180|
7471322|WindowsForms10.Window.8.app.0.34f5582_r7_ad1|92,234,1642,978|
5309802|WindowsForms10.Window.8.app.0.34f5582_r7_ad1|100,264,1610,970|
9175886|WindowsForms10.Window.8.app.0.34f5582_r7_ad1|92,986,1642,1180|
6422618|WindowsForms10.Window.8.app.0.34f5582_r7_ad1|104,990,1588,1168|
4981564|WindowsForms10.SCROLLBAR.app.0.34f5582_r7_ad1|106,1132,1552,1166|
6226860|WindowsForms10.SCROLLBAR.app.0.34f5582_r7_ad1|1552,992,1586,1132|
7340876|WindowsForms10.COMBOBOX.app.0.34f5582_r7_ad1|338,164,590,206|Mach Number
7733282|WindowsForms10.COMBOBOX.app.0.34f5582_r7_ad1|100,166,326,208|CD
6291600|WindowsForms10.Window.8.app.0.34f5582_r7_ad1|68,114,1610,162|MenuStrip1
132054|WindowsForms10.Window.8.app.0.34f5582_r7_ad1|-16,-16,3616,1992|RASAero II 
132052|WindowsForms10.Window.8.app.0.34f5582_r7_ad1|0,168,3600,1978|
131938|WindowsForms10.Window.8.app.0.34f5582_r7_ad1|0,168,3600,438|
263020|WindowsForms10.EDIT.app.0.34f5582_r7_ad1|340,188,1282,270|Ssq-unswept
328648|WindowsForms10.EDIT.app.0.34f5582_r7_ad1|418,294,1162,376|Motor: I500T-14A  (AT)  Loaded Wt. (lb) 3.4833
132048|WindowsForms10.LISTBOX.app.0.34f5582_r7_ad1|18,188,316,378|
197574|WindowsForms10.Window.8.app.0.34f5582_r7_ad1|0,446,3600,1978|
197562|WindowsForms10.Window.8.app.0.34f5582_r7_ad1|1780,1902,1906,1942|
263104|WindowsForms10.EDIT.app.0.34f5582_r7_ad1|1784,1906,1902,1938|0.00
197578|WindowsForms10.STATIC.app.0.34f5582_r7_ad1|642,1906,2794,1934|Mach
131936|WindowsForms10.Window.8.app.0.34f5582_r7_ad1|18,454,3592,1834|
132056|WindowsForms10.Window.8.app.0.34f5582_r7_ad1|4,1846,3600,1932|
197438|WindowsForms10.Window.8.app.0.34f5582_r7_ad1|0,94,3600,162|ToolStrip1
197598|WindowsForms10.Window.8.app.0.34f5582_r7_ad1|0,46,3600,94|MenuStrip1
EXPORTED Ssq-unswept
132054|WindowsForms10.Window.8.app.0.34f5582_r7_ad1|-16,-16,3616,1992|RASAero II 
132052|WindowsForms10.Window.8.app.0.34f5582_r7_ad1|0,168,3600,1978|
131938|WindowsForms10.Window.8.app.0.34f5582_r7_ad1|0,168,3600,438|
263020|WindowsForms10.EDIT.app.0.34f5582_r7_ad1|340,188,1282,270|Ssq-unswept
328648|WindowsForms10.EDIT.app.0.34f5582_r7_ad1|418,294,1162,376|Motor: I500T-14A  (AT)  Loaded Wt. (lb) 3.4833
132048|WindowsForms10.LISTBOX.app.0.34f5582_r7_ad1|18,188,316,378|
197574|WindowsForms10.Window.8.app.0.34f5582_r7_ad1|0,446,3600,1978|
197562|WindowsForms10.Window.8.app.0.34f5582_r7_ad1|1780,1902,1906,1942|
263104|WindowsForms10.EDIT.app.0.34f5582_r7_ad1|1784,1906,1902,1938|0.00
197578|WindowsForms10.STATIC.app.0.34f5582_r7_ad1|642,1906,2794,1934|Mach
131936|WindowsForms10.Window.8.app.0.34f5582_r7_ad1|18,454,3592,1834|
132056|WindowsForms10.Window.8.app.0.34f5582_r7_ad1|4,1846,3600,1932|
197438|WindowsForms10.Window.8.app.0.34f5582_r7_ad1|0,94,3600,162|ToolStrip1
197598|WindowsForms10.Window.8.app.0.34f5582_r7_ad1|0,46,3600,94|MenuStrip1
132054|WindowsForms10.Window.8.app.0.34f5582_r7_ad1|-16,-16,3616,1992|RASAero II 
132052|WindowsForms10.Window.8.app.0.34f5582_r7_ad1|0,168,3600,1978|
131938|WindowsForms10.Window.8.app.0.34f5582_r7_ad1|0,168,3600,438|
263020|WindowsForms10.EDIT.app.0.34f5582_r7_ad1|340,188,1282,270|Hbev-thick
328648|WindowsForms10.EDIT.app.0.34f5582_r7_ad1|418,294,1162,376|Motor: I500T-14A  (AT)  Loaded Wt. (lb) 14.5064
132048|WindowsForms10.LISTBOX.app.0.34f5582_r7_ad1|18,188,316,378|
197574|WindowsForms10.Window.8.app.0.34f5582_r7_ad1|0,446,3600,1978|
197562|WindowsForms10.Window.8.app.0.34f5582_r7_ad1|1780,1902,1906,1942|
263104|WindowsForms10.EDIT.app.0.34f5582_r7_ad1|1784,1906,1902,1938|0.00
197578|WindowsForms10.STATIC.app.0.34f5582_r7_ad1|642,1906,2794,1934|Mach
131936|WindowsForms10.Window.8.app.0.34f5582_r7_ad1|18,454,3592,1834|
132056|WindowsForms10.Window.8.app.0.34f5582_r7_ad1|4,1846,3600,1932|
197438|WindowsForms10.Window.8.app.0.34f5582_r7_ad1|0,94,3600,162|ToolStrip1
197598|WindowsForms10.Window.8.app.0.34f5582_r7_ad1|0,46,3600,94|MenuStrip1
132054|WindowsForms10.Window.8.app.0.34f5582_r7_ad1|-16,-16,3616,1992|RASAero II 
132052|WindowsForms10.Window.8.app.0.34f5582_r7_ad1|0,168,3600,1978|
131938|WindowsForms10.Window.8.app.0.34f5582_r7_ad1|0,168,3600,438|
263020|WindowsForms10.EDIT.app.0.34f5582_r7_ad1|340,188,1282,270|Hbev-thick
328648|WindowsForms10.EDIT.app.0.34f5582_r7_ad1|418,294,1162,376|Motor: I500T-14A  (AT)  Loaded Wt. (lb) 14.5064
132048|WindowsForms10.LISTBOX.app.0.34f5582_r7_ad1|18,188,316,378|
197574|WindowsForms10.Window.8.app.0.34f5582_r7_ad1|0,446,3600,1978|
197562|WindowsForms10.Window.8.app.0.34f5582_r7_ad1|1780,1902,1906,1942|
263104|WindowsForms10.EDIT.app.0.34f5582_r7_ad1|1784,1906,1902,1938|0.00
197578|WindowsForms10.STATIC.app.0.34f5582_r7_ad1|642,1906,2794,1934|Mach
131936|WindowsForms10.Window.8.app.0.34f5582_r7_ad1|18,454,3592,1834|
132056|WindowsForms10.Window.8.app.0.34f5582_r7_ad1|4,1846,3600,1932|
197438|WindowsForms10.Window.8.app.0.34f5582_r7_ad1|0,94,3600,162|ToolStrip1
197598|WindowsForms10.Window.8.app.0.34f5582_r7_ad1|0,46,3600,94|MenuStrip1
6291482|WindowsForms10.Window.8.app.0.34f5582_r7_ad1|104,104,1678,1258|Aero Plots
7077988|WindowsForms10.STATIC.app.0.34f5582_r7_ad1|670,224,842,258|Plot Data to:
7799350|WindowsForms10.COMBOBOX.app.0.34f5582_r7_ad1|852,220,1024,262|Mach 25
7274712|WindowsForms10.Window.8.app.0.34f5582_r7_ad1|144,286,1694,1232|
6488926|WindowsForms10.Window.8.app.0.34f5582_r7_ad1|144,286,1694,1030|
7405782|WindowsForms10.Window.8.app.0.34f5582_r7_ad1|152,316,1662,1022|
6030046|WindowsForms10.Window.8.app.0.34f5582_r7_ad1|144,1038,1694,1232|
5440874|WindowsForms10.Window.8.app.0.34f5582_r7_ad1|156,1042,1640,1220|
7471162|WindowsForms10.SCROLLBAR.app.0.34f5582_r7_ad1|158,1184,1604,1218|
7405752|WindowsForms10.SCROLLBAR.app.0.34f5582_r7_ad1|1604,1044,1638,1184|
9306958|WindowsForms10.COMBOBOX.app.0.34f5582_r7_ad1|390,216,642,258|Mach Number
6357932|WindowsForms10.COMBOBOX.app.0.34f5582_r7_ad1|152,218,378,260|CD
5112636|WindowsForms10.Window.8.app.0.34f5582_r7_ad1|120,166,1662,214|MenuStrip1
132054|WindowsForms10.Window.8.app.0.34f5582_r7_ad1|-16,-16,3616,1992|RASAero II 
132052|WindowsForms10.Window.8.app.0.34f5582_r7_ad1|0,168,3600,1978|
131938|WindowsForms10.Window.8.app.0.34f5582_r7_ad1|0,168,3600,438|
263020|WindowsForms10.EDIT.app.0.34f5582_r7_ad1|340,188,1282,270|Hbev-thick
328648|WindowsForms10.EDIT.app.0.34f5582_r7_ad1|418,294,1162,376|Motor: I500T-14A  (AT)  Loaded Wt. (lb) 14.5064
132048|WindowsForms10.LISTBOX.app.0.34f5582_r7_ad1|18,188,316,378|
197574|WindowsForms10.Window.8.app.0.34f5582_r7_ad1|0,446,3600,1978|
197562|WindowsForms10.Window.8.app.0.34f5582_r7_ad1|1780,1902,1906,1942|
263104|WindowsForms10.EDIT.app.0.34f5582_r7_ad1|1784,1906,1902,1938|0.00
197578|WindowsForms10.STATIC.app.0.34f5582_r7_ad1|642,1906,2794,1934|Mach
131936|WindowsForms10.Window.8.app.0.34f5582_r7_ad1|18,454,3592,1834|
132056|WindowsForms10.Window.8.app.0.34f5582_r7_ad1|4,1846,3600,1932|
197438|WindowsForms10.Window.8.app.0.34f5582_r7_ad1|0,94,3600,162|ToolStrip1
197598|WindowsForms10.Window.8.app.0.34f5582_r7_ad1|0,46,3600,94|MenuStrip1
6291482|WindowsForms10.Window.8.app.0.34f5582_r7_ad1|104,104,1678,1258|Aero Plots
7077988|WindowsForms10.STATIC.app.0.34f5582_r7_ad1|670,224,842,258|Plot Data to:
7799350|WindowsForms10.COMBOBOX.app.0.34f5582_r7_ad1|852,220,1024,262|Mach 25
7274712|WindowsForms10.Window.8.app.0.34f5582_r7_ad1|144,286,1694,1232|
6488926|WindowsForms10.Window.8.app.0.34f5582_r7_ad1|144,286,1694,1030|
7405782|WindowsForms10.Window.8.app.0.34f5582_r7_ad1|152,316,1662,1022|
6030046|WindowsForms10.Window.8.app.0.34f5582_r7_ad1|144,1038,1694,1232|
5440874|WindowsForms10.Window.8.app.0.34f5582_r7_ad1|156,1042,1640,1220|
7471162|WindowsForms10.SCROLLBAR.app.0.34f5582_r7_ad1|158,1184,1604,1218|
7405752|WindowsForms10.SCROLLBAR.app.0.34f5582_r7_ad1|1604,1044,1638,1184|
9306958|WindowsForms10.COMBOBOX.app.0.34f5582_r7_ad1|390,216,642,258|Mach Number
6357932|WindowsForms10.COMBOBOX.app.0.34f5582_r7_ad1|152,218,378,260|CD
5112636|WindowsForms10.Window.8.app.0.34f5582_r7_ad1|120,166,1662,214|MenuStrip1
132054|WindowsForms10.Window.8.app.0.34f5582_r7_ad1|-16,-16,3616,1992|RASAero II 
132052|WindowsForms10.Window.8.app.0.34f5582_r7_ad1|0,168,3600,1978|
131938|WindowsForms10.Window.8.app.0.34f5582_r7_ad1|0,168,3600,438|
263020|WindowsForms10.EDIT.app.0.34f5582_r7_ad1|340,188,1282,270|Hbev-thick
328648|WindowsForms10.EDIT.app.0.34f5582_r7_ad1|418,294,1162,376|Motor: I500T-14A  (AT)  Loaded Wt. (lb) 14.5064
132048|WindowsForms10.LISTBOX.app.0.34f5582_r7_ad1|18,188,316,378|
197574|WindowsForms10.Window.8.app.0.34f5582_r7_ad1|0,446,3600,1978|
197562|WindowsForms10.Window.8.app.0.34f5582_r7_ad1|1780,1902,1906,1942|
263104|WindowsForms10.EDIT.app.0.34f5582_r7_ad1|1784,1906,1902,1938|0.00
197578|WindowsForms10.STATIC.app.0.34f5582_r7_ad1|642,1906,2794,1934|Mach
131936|WindowsForms10.Window.8.app.0.34f5582_r7_ad1|18,454,3592,1834|
132056|WindowsForms10.Window.8.app.0.34f5582_r7_ad1|4,1846,3600,1932|
197438|WindowsForms10.Window.8.app.0.34f5582_r7_ad1|0,94,3600,162|ToolStrip1
197598|WindowsForms10.Window.8.app.0.34f5582_r7_ad1|0,46,3600,94|MenuStrip1
6291482|WindowsForms10.Window.8.app.0.34f5582_r7_ad1|104,104,1678,1258|Aero Plots
7077988|WindowsForms10.STATIC.app.0.34f5582_r7_ad1|670,224,842,258|Plot Data to:
7799350|WindowsForms10.COMBOBOX.app.0.34f5582_r7_ad1|852,220,1024,262|Mach 25
7274712|WindowsForms10.Window.8.app.0.34f5582_r7_ad1|144,286,1694,1232|
6488926|WindowsForms10.Window.8.app.0.34f5582_r7_ad1|144,286,1694,1030|
7405782|WindowsForms10.Window.8.app.0.34f5582_r7_ad1|152,316,1662,1022|
6030046|WindowsForms10.Window.8.app.0.34f5582_r7_ad1|144,1038,1694,1232|
5440874|WindowsForms10.Window.8.app.0.34f5582_r7_ad1|156,1042,1640,1220|
7471162|WindowsForms10.SCROLLBAR.app.0.34f5582_r7_ad1|158,1184,1604,1218|
7405752|WindowsForms10.SCROLLBAR.app.0.34f5582_r7_ad1|1604,1044,1638,1184|
9306958|WindowsForms10.COMBOBOX.app.0.34f5582_r7_ad1|390,216,642,258|Mach Number
6357932|WindowsForms10.COMBOBOX.app.0.34f5582_r7_ad1|152,218,378,260|CD
5112636|WindowsForms10.Window.8.app.0.34f5582_r7_ad1|120,166,1662,214|MenuStrip1
132054|WindowsForms10.Window.8.app.0.34f5582_r7_ad1|-16,-16,3616,1992|RASAero II 
132052|WindowsForms10.Window.8.app.0.34f5582_r7_ad1|0,168,3600,1978|
131938|WindowsForms10.Window.8.app.0.34f5582_r7_ad1|0,168,3600,438|
263020|WindowsForms10.EDIT.app.0.34f5582_r7_ad1|340,188,1282,270|Hbev-thick
328648|WindowsForms10.EDIT.app.0.34f5582_r7_ad1|418,294,1162,376|Motor: I500T-14A  (AT)  Loaded Wt. (lb) 14.5064
132048|WindowsForms10.LISTBOX.app.0.34f5582_r7_ad1|18,188,316,378|
197574|WindowsForms10.Window.8.app.0.34f5582_r7_ad1|0,446,3600,1978|
197562|WindowsForms10.Window.8.app.0.34f5582_r7_ad1|1780,1902,1906,1942|
263104|WindowsForms10.EDIT.app.0.34f5582_r7_ad1|1784,1906,1902,1938|0.00
197578|WindowsForms10.STATIC.app.0.34f5582_r7_ad1|642,1906,2794,1934|Mach
131936|WindowsForms10.Window.8.app.0.34f5582_r7_ad1|18,454,3592,1834|
132056|WindowsForms10.Window.8.app.0.34f5582_r7_ad1|4,1846,3600,1932|
197438|WindowsForms10.Window.8.app.0.34f5582_r7_ad1|0,94,3600,162|ToolStrip1
197598|WindowsForms10.Window.8.app.0.34f5582_r7_ad1|0,46,3600,94|MenuStrip1
EXPORTED Hbev-thick
132054|WindowsForms10.Window.8.app.0.34f5582_r7_ad1|-16,-16,3616,1992|RASAero II 
132052|WindowsForms10.Window.8.app.0.34f5582_r7_ad1|0,168,3600,1978|
131938|WindowsForms10.Window.8.app.0.34f5582_r7_ad1|0,168,3600,438|
263020|WindowsForms10.EDIT.app.0.34f5582_r7_ad1|340,188,1282,270|Hbev-thick
328648|WindowsForms10.EDIT.app.0.34f5582_r7_ad1|418,294,1162,376|Motor: I500T-14A  (AT)  Loaded Wt. (lb) 14.5064
132048|WindowsForms10.LISTBOX.app.0.34f5582_r7_ad1|18,188,316,378|
197574|WindowsForms10.Window.8.app.0.34f5582_r7_ad1|0,446,3600,1978|
197562|WindowsForms10.Window.8.app.0.34f5582_r7_ad1|1780,1902,1906,1942|
263104|WindowsForms10.EDIT.app.0.34f5582_r7_ad1|1784,1906,1902,1938|0.00
197578|WindowsForms10.STATIC.app.0.34f5582_r7_ad1|642,1906,2794,1934|Mach
131936|WindowsForms10.Window.8.app.0.34f5582_r7_ad1|18,454,3592,1834|
132056|WindowsForms10.Window.8.app.0.34f5582_r7_ad1|4,1846,3600,1932|
197438|WindowsForms10.Window.8.app.0.34f5582_r7_ad1|0,94,3600,162|ToolStrip1
197598|WindowsForms10.Window.8.app.0.34f5582_r7_ad1|0,46,3600,94|MenuStrip1
132054|WindowsForms10.Window.8.app.0.34f5582_r7_ad1|-16,-16,3616,1992|RASAero II 
132052|WindowsForms10.Window.8.app.0.34f5582_r7_ad1|0,168,3600,1978|
131938|WindowsForms10.Window.8.app.0.34f5582_r7_ad1|0,168,3600,438|
263020|WindowsForms10.EDIT.app.0.34f5582_r7_ad1|340,188,1282,270|Hbev-unswept
328648|WindowsForms10.EDIT.app.0.34f5582_r7_ad1|418,294,1162,376|Motor: I500T-14A  (AT)  Loaded Wt. (lb) 14.5064
132048|WindowsForms10.LISTBOX.app.0.34f5582_r7_ad1|18,188,316,378|
197574|WindowsForms10.Window.8.app.0.34f5582_r7_ad1|0,446,3600,1978|
197562|WindowsForms10.Window.8.app.0.34f5582_r7_ad1|1780,1902,1906,1942|
263104|WindowsForms10.EDIT.app.0.34f5582_r7_ad1|1784,1906,1902,1938|0.00
197578|WindowsForms10.STATIC.app.0.34f5582_r7_ad1|642,1906,2794,1934|Mach
131936|WindowsForms10.Window.8.app.0.34f5582_r7_ad1|18,454,3592,1834|
132056|WindowsForms10.Window.8.app.0.34f5582_r7_ad1|4,1846,3600,1932|
197438|WindowsForms10.Window.8.app.0.34f5582_r7_ad1|0,94,3600,162|ToolStrip1
197598|WindowsForms10.Window.8.app.0.34f5582_r7_ad1|0,46,3600,94|MenuStrip1
132054|WindowsForms10.Window.8.app.0.34f5582_r7_ad1|-16,-16,3616,1992|RASAero II 
132052|WindowsForms10.Window.8.app.0.34f5582_r7_ad1|0,168,3600,1978|
131938|WindowsForms10.Window.8.app.0.34f5582_r7_ad1|0,168,3600,438|
263020|WindowsForms10.EDIT.app.0.34f5582_r7_ad1|340,188,1282,270|Hbev-unswept
328648|WindowsForms10.EDIT.app.0.34f5582_r7_ad1|418,294,1162,376|Motor: I500T-14A  (AT)  Loaded Wt. (lb) 14.5064
132048|WindowsForms10.LISTBOX.app.0.34f5582_r7_ad1|18,188,316,378|
197574|WindowsForms10.Window.8.app.0.34f5582_r7_ad1|0,446,3600,1978|
197562|WindowsForms10.Window.8.app.0.34f5582_r7_ad1|1780,1902,1906,1942|
263104|WindowsForms10.EDIT.app.0.34f5582_r7_ad1|1784,1906,1902,1938|0.00
197578|WindowsForms10.STATIC.app.0.34f5582_r7_ad1|642,1906,2794,1934|Mach
131936|WindowsForms10.Window.8.app.0.34f5582_r7_ad1|18,454,3592,1834|
132056|WindowsForms10.Window.8.app.0.34f5582_r7_ad1|4,1846,3600,1932|
197438|WindowsForms10.Window.8.app.0.34f5582_r7_ad1|0,94,3600,162|ToolStrip1
197598|WindowsForms10.Window.8.app.0.34f5582_r7_ad1|0,46,3600,94|MenuStrip1
9634792|WindowsForms10.Window.8.app.0.34f5582_r7_ad1|156,156,1730,1310|Aero Plots
6750762|WindowsForms10.STATIC.app.0.34f5582_r7_ad1|722,276,894,310|Plot Data to:
7864350|WindowsForms10.COMBOBOX.app.0.34f5582_r7_ad1|904,272,1076,314|Mach 25
7930422|WindowsForms10.Window.8.app.0.34f5582_r7_ad1|196,338,1746,1284|
6488896|WindowsForms10.Window.8.app.0.34f5582_r7_ad1|196,338,1746,1082|
8586224|WindowsForms10.Window.8.app.0.34f5582_r7_ad1|204,368,1714,1074|
6553744|WindowsForms10.Window.8.app.0.34f5582_r7_ad1|196,1090,1746,1284|
7536854|WindowsForms10.Window.8.app.0.34f5582_r7_ad1|208,1094,1692,1272|
6684762|WindowsForms10.SCROLLBAR.app.0.34f5582_r7_ad1|210,1236,1656,1270|
6292346|WindowsForms10.SCROLLBAR.app.0.34f5582_r7_ad1|1656,1096,1690,1236|
6161118|WindowsForms10.COMBOBOX.app.0.34f5582_r7_ad1|442,268,694,310|Mach Number
7536824|WindowsForms10.COMBOBOX.app.0.34f5582_r7_ad1|204,270,430,312|CD
5701864|WindowsForms10.Window.8.app.0.34f5582_r7_ad1|172,218,1714,266|MenuStrip1
132054|WindowsForms10.Window.8.app.0.34f5582_r7_ad1|-16,-16,3616,1992|RASAero II 
132052|WindowsForms10.Window.8.app.0.34f5582_r7_ad1|0,168,3600,1978|
131938|WindowsForms10.Window.8.app.0.34f5582_r7_ad1|0,168,3600,438|
263020|WindowsForms10.EDIT.app.0.34f5582_r7_ad1|340,188,1282,270|Hbev-unswept
328648|WindowsForms10.EDIT.app.0.34f5582_r7_ad1|418,294,1162,376|Motor: I500T-14A  (AT)  Loaded Wt. (lb) 14.5064
132048|WindowsForms10.LISTBOX.app.0.34f5582_r7_ad1|18,188,316,378|
197574|WindowsForms10.Window.8.app.0.34f5582_r7_ad1|0,446,3600,1978|
197562|WindowsForms10.Window.8.app.0.34f5582_r7_ad1|1780,1902,1906,1942|
263104|WindowsForms10.EDIT.app.0.34f5582_r7_ad1|1784,1906,1902,1938|0.00
197578|WindowsForms10.STATIC.app.0.34f5582_r7_ad1|642,1906,2794,1934|Mach
131936|WindowsForms10.Window.8.app.0.34f5582_r7_ad1|18,454,3592,1834|
132056|WindowsForms10.Window.8.app.0.34f5582_r7_ad1|4,1846,3600,1932|
197438|WindowsForms10.Window.8.app.0.34f5582_r7_ad1|0,94,3600,162|ToolStrip1
197598|WindowsForms10.Window.8.app.0.34f5582_r7_ad1|0,46,3600,94|MenuStrip1
9634792|WindowsForms10.Window.8.app.0.34f5582_r7_ad1|156,156,1730,1310|Aero Plots
6750762|WindowsForms10.STATIC.app.0.34f5582_r7_ad1|722,276,894,310|Plot Data to:
7864350|WindowsForms10.COMBOBOX.app.0.34f5582_r7_ad1|904,272,1076,314|Mach 25
7930422|WindowsForms10.Window.8.app.0.34f5582_r7_ad1|196,338,1746,1284|
6488896|WindowsForms10.Window.8.app.0.34f5582_r7_ad1|196,338,1746,1082|
8586224|WindowsForms10.Window.8.app.0.34f5582_r7_ad1|204,368,1714,1074|
6553744|WindowsForms10.Window.8.app.0.34f5582_r7_ad1|196,1090,1746,1284|
7536854|WindowsForms10.Window.8.app.0.34f5582_r7_ad1|208,1094,1692,1272|
6684762|WindowsForms10.SCROLLBAR.app.0.34f5582_r7_ad1|210,1236,1656,1270|
6292346|WindowsForms10.SCROLLBAR.app.0.34f5582_r7_ad1|1656,1096,1690,1236|
6161118|WindowsForms10.COMBOBOX.app.0.34f5582_r7_ad1|442,268,694,310|Mach Number
7536824|WindowsForms10.COMBOBOX.app.0.34f5582_r7_ad1|204,270,430,312|CD
5701864|WindowsForms10.Window.8.app.0.34f5582_r7_ad1|172,218,1714,266|MenuStrip1
132054|WindowsForms10.Window.8.app.0.34f5582_r7_ad1|-16,-16,3616,1992|RASAero II 
132052|WindowsForms10.Window.8.app.0.34f5582_r7_ad1|0,168,3600,1978|
131938|WindowsForms10.Window.8.app.0.34f5582_r7_ad1|0,168,3600,438|
263020|WindowsForms10.EDIT.app.0.34f5582_r7_ad1|340,188,1282,270|Hbev-unswept
328648|WindowsForms10.EDIT.app.0.34f5582_r7_ad1|418,294,1162,376|Motor: I500T-14A  (AT)  Loaded Wt. (lb) 14.5064
132048|WindowsForms10.LISTBOX.app.0.34f5582_r7_ad1|18,188,316,378|
197574|WindowsForms10.Window.8.app.0.34f5582_r7_ad1|0,446,3600,1978|
197562|WindowsForms10.Window.8.app.0.34f5582_r7_ad1|1780,1902,1906,1942|
263104|WindowsForms10.EDIT.app.0.34f5582_r7_ad1|1784,1906,1902,1938|0.00
197578|WindowsForms10.STATIC.app.0.34f5582_r7_ad1|642,1906,2794,1934|Mach
131936|WindowsForms10.Window.8.app.0.34f5582_r7_ad1|18,454,3592,1834|
132056|WindowsForms10.Window.8.app.0.34f5582_r7_ad1|4,1846,3600,1932|
197438|WindowsForms10.Window.8.app.0.34f5582_r7_ad1|0,94,3600,162|ToolStrip1
197598|WindowsForms10.Window.8.app.0.34f5582_r7_ad1|0,46,3600,94|MenuStrip1
9634792|WindowsForms10.Window.8.app.0.34f5582_r7_ad1|156,156,1730,1310|Aero Plots
6750762|WindowsForms10.STATIC.app.0.34f5582_r7_ad1|722,276,894,310|Plot Data to:
7864350|WindowsForms10.COMBOBOX.app.0.34f5582_r7_ad1|904,272,1076,314|Mach 25
7930422|WindowsForms10.Window.8.app.0.34f5582_r7_ad1|196,338,1746,1284|
6488896|WindowsForms10.Window.8.app.0.34f5582_r7_ad1|196,338,1746,1082|
8586224|WindowsForms10.Window.8.app.0.34f5582_r7_ad1|204,368,1714,1074|
6553744|WindowsForms10.Window.8.app.0.34f5582_r7_ad1|196,1090,1746,1284|
7536854|WindowsForms10.Window.8.app.0.34f5582_r7_ad1|208,1094,1692,1272|
6684762|WindowsForms10.SCROLLBAR.app.0.34f5582_r7_ad1|210,1236,1656,1270|
6292346|WindowsForms10.SCROLLBAR.app.0.34f5582_r7_ad1|1656,1096,1690,1236|
6161118|WindowsForms10.COMBOBOX.app.0.34f5582_r7_ad1|442,268,694,310|Mach Number
7536824|WindowsForms10.COMBOBOX.app.0.34f5582_r7_ad1|204,270,430,312|CD
5701864|WindowsForms10.Window.8.app.0.34f5582_r7_ad1|172,218,1714,266|MenuStrip1
132054|WindowsForms10.Window.8.app.0.34f5582_r7_ad1|-16,-16,3616,1992|RASAero II 
132052|WindowsForms10.Window.8.app.0.34f5582_r7_ad1|0,168,3600,1978|
131938|WindowsForms10.Window.8.app.0.34f5582_r7_ad1|0,168,3600,438|
263020|WindowsForms10.EDIT.app.0.34f5582_r7_ad1|340,188,1282,270|Hbev-unswept
328648|WindowsForms10.EDIT.app.0.34f5582_r7_ad1|418,294,1162,376|Motor: I500T-14A  (AT)  Loaded Wt. (lb) 14.5064
132048|WindowsForms10.LISTBOX.app.0.34f5582_r7_ad1|18,188,316,378|
197574|WindowsForms10.Window.8.app.0.34f5582_r7_ad1|0,446,3600,1978|
197562|WindowsForms10.Window.8.app.0.34f5582_r7_ad1|1780,1902,1906,1942|
263104|WindowsForms10.EDIT.app.0.34f5582_r7_ad1|1784,1906,1902,1938|0.00
197578|WindowsForms10.STATIC.app.0.34f5582_r7_ad1|642,1906,2794,1934|Mach
131936|WindowsForms10.Window.8.app.0.34f5582_r7_ad1|18,454,3592,1834|
132056|WindowsForms10.Window.8.app.0.34f5582_r7_ad1|4,1846,3600,1932|
197438|WindowsForms10.Window.8.app.0.34f5582_r7_ad1|0,94,3600,162|ToolStrip1
197598|WindowsForms10.Window.8.app.0.34f5582_r7_ad1|0,46,3600,94|MenuStrip1
EXPORTED Hbev-unswept
132054|WindowsForms10.Window.8.app.0.34f5582_r7_ad1|-16,-16,3616,1992|RASAero II 
132052|WindowsForms10.Window.8.app.0.34f5582_r7_ad1|0,168,3600,1978|
131938|WindowsForms10.Window.8.app.0.34f5582_r7_ad1|0,168,3600,438|
263020|WindowsForms10.EDIT.app.0.34f5582_r7_ad1|340,188,1282,270|Hbev-unswept
328648|WindowsForms10.EDIT.app.0.34f5582_r7_ad1|418,294,1162,376|Motor: I500T-14A  (AT)  Loaded Wt. (lb) 14.5064
132048|WindowsForms10.LISTBOX.app.0.34f5582_r7_ad1|18,188,316,378|
197574|WindowsForms10.Window.8.app.0.34f5582_r7_ad1|0,446,3600,1978|
197562|WindowsForms10.Window.8.app.0.34f5582_r7_ad1|1780,1902,1906,1942|
263104|WindowsForms10.EDIT.app.0.34f5582_r7_ad1|1784,1906,1902,1938|0.00
197578|WindowsForms10.STATIC.app.0.34f5582_r7_ad1|642,1906,2794,1934|Mach
131936|WindowsForms10.Window.8.app.0.34f5582_r7_ad1|18,454,3592,1834|
132056|WindowsForms10.Window.8.app.0.34f5582_r7_ad1|4,1846,3600,1932|
197438|WindowsForms10.Window.8.app.0.34f5582_r7_ad1|0,94,3600,162|ToolStrip1
197598|WindowsForms10.Window.8.app.0.34f5582_r7_ad1|0,46,3600,94|MenuStrip1
132054|WindowsForms10.Window.8.app.0.34f5582_r7_ad1|-16,-16,3616,1992|RASAero II 
132052|WindowsForms10.Window.8.app.0.34f5582_r7_ad1|0,168,3600,1978|
131938|WindowsForms10.Window.8.app.0.34f5582_r7_ad1|0,168,3600,438|
263020|WindowsForms10.EDIT.app.0.34f5582_r7_ad1|340,188,1282,270|Hbody-short
328648|WindowsForms10.EDIT.app.0.34f5582_r7_ad1|418,294,1162,376|Motor: I500T-14A  (AT)  Loaded Wt. (lb) 14.5064
132048|WindowsForms10.LISTBOX.app.0.34f5582_r7_ad1|18,188,316,378|
197574|WindowsForms10.Window.8.app.0.34f5582_r7_ad1|0,446,3600,1978|
197562|WindowsForms10.Window.8.app.0.34f5582_r7_ad1|1780,1902,1906,1942|
263104|WindowsForms10.EDIT.app.0.34f5582_r7_ad1|1784,1906,1902,1938|0.00
197578|WindowsForms10.STATIC.app.0.34f5582_r7_ad1|642,1906,2794,1934|Mach
131936|WindowsForms10.Window.8.app.0.34f5582_r7_ad1|18,454,3592,1834|
132056|WindowsForms10.Window.8.app.0.34f5582_r7_ad1|4,1846,3600,1932|
197438|WindowsForms10.Window.8.app.0.34f5582_r7_ad1|0,94,3600,162|ToolStrip1
197598|WindowsForms10.Window.8.app.0.34f5582_r7_ad1|0,46,3600,94|MenuStrip1
132054|WindowsForms10.Window.8.app.0.34f5582_r7_ad1|-16,-16,3616,1992|RASAero II 
132052|WindowsForms10.Window.8.app.0.34f5582_r7_ad1|0,168,3600,1978|
131938|WindowsForms10.Window.8.app.0.34f5582_r7_ad1|0,168,3600,438|
263020|WindowsForms10.EDIT.app.0.34f5582_r7_ad1|340,188,1282,270|Hbody-short
328648|WindowsForms10.EDIT.app.0.34f5582_r7_ad1|418,294,1162,376|Motor: I500T-14A  (AT)  Loaded Wt. (lb) 14.5064
132048|WindowsForms10.LISTBOX.app.0.34f5582_r7_ad1|18,188,316,378|
197574|WindowsForms10.Window.8.app.0.34f5582_r7_ad1|0,446,3600,1978|
197562|WindowsForms10.Window.8.app.0.34f5582_r7_ad1|1780,1902,1906,1942|
263104|WindowsForms10.EDIT.app.0.34f5582_r7_ad1|1784,1906,1902,1938|0.00
197578|WindowsForms10.STATIC.app.0.34f5582_r7_ad1|642,1906,2794,1934|Mach
131936|WindowsForms10.Window.8.app.0.34f5582_r7_ad1|18,454,3592,1834|
132056|WindowsForms10.Window.8.app.0.34f5582_r7_ad1|4,1846,3600,1932|
197438|WindowsForms10.Window.8.app.0.34f5582_r7_ad1|0,94,3600,162|ToolStrip1
197598|WindowsForms10.Window.8.app.0.34f5582_r7_ad1|0,46,3600,94|MenuStrip1
7733306|WindowsForms10.Window.8.app.0.34f5582_r7_ad1|208,208,1782,1362|Aero Plots
7340094|WindowsForms10.STATIC.app.0.34f5582_r7_ad1|774,328,946,362|Plot Data to:
7340132|WindowsForms10.COMBOBOX.app.0.34f5582_r7_ad1|956,324,1128,366|Mach 25
7995422|WindowsForms10.Window.8.app.0.34f5582_r7_ad1|248,390,1798,1336|
7734092|WindowsForms10.Window.8.app.0.34f5582_r7_ad1|248,390,1798,1134|
8389526|WindowsForms10.Window.8.app.0.34f5582_r7_ad1|256,420,1766,1126|
5374780|WindowsForms10.Window.8.app.0.34f5582_r7_ad1|248,1142,1798,1336|
8717296|WindowsForms10.Window.8.app.0.34f5582_r7_ad1|260,1146,1744,1324|
5703018|WindowsForms10.SCROLLBAR.app.0.34f5582_r7_ad1|262,1288,1708,1322|
7209448|WindowsForms10.SCROLLBAR.app.0.34f5582_r7_ad1|1708,1148,1742,1288|
6684816|WindowsForms10.COMBOBOX.app.0.34f5582_r7_ad1|494,320,746,362|Mach Number
6423418|WindowsForms10.COMBOBOX.app.0.34f5582_r7_ad1|256,322,482,364|CD
8651604|WindowsForms10.Window.8.app.0.34f5582_r7_ad1|224,270,1766,318|MenuStrip1
132054|WindowsForms10.Window.8.app.0.34f5582_r7_ad1|-16,-16,3616,1992|RASAero II 
132052|WindowsForms10.Window.8.app.0.34f5582_r7_ad1|0,168,3600,1978|
131938|WindowsForms10.Window.8.app.0.34f5582_r7_ad1|0,168,3600,438|
263020|WindowsForms10.EDIT.app.0.34f5582_r7_ad1|340,188,1282,270|Hbody-short
328648|WindowsForms10.EDIT.app.0.34f5582_r7_ad1|418,294,1162,376|Motor: I500T-14A  (AT)  Loaded Wt. (lb) 14.5064
132048|WindowsForms10.LISTBOX.app.0.34f5582_r7_ad1|18,188,316,378|
197574|WindowsForms10.Window.8.app.0.34f5582_r7_ad1|0,446,3600,1978|
197562|WindowsForms10.Window.8.app.0.34f5582_r7_ad1|1780,1902,1906,1942|
263104|WindowsForms10.EDIT.app.0.34f5582_r7_ad1|1784,1906,1902,1938|0.00
197578|WindowsForms10.STATIC.app.0.34f5582_r7_ad1|642,1906,2794,1934|Mach
131936|WindowsForms10.Window.8.app.0.34f5582_r7_ad1|18,454,3592,1834|
132056|WindowsForms10.Window.8.app.0.34f5582_r7_ad1|4,1846,3600,1932|
197438|WindowsForms10.Window.8.app.0.34f5582_r7_ad1|0,94,3600,162|ToolStrip1
197598|WindowsForms10.Window.8.app.0.34f5582_r7_ad1|0,46,3600,94|MenuStrip1
7733306|WindowsForms10.Window.8.app.0.34f5582_r7_ad1|208,208,1782,1362|Aero Plots
7340094|WindowsForms10.STATIC.app.0.34f5582_r7_ad1|774,328,946,362|Plot Data to:
7340132|WindowsForms10.COMBOBOX.app.0.34f5582_r7_ad1|956,324,1128,366|Mach 25
7995422|WindowsForms10.Window.8.app.0.34f5582_r7_ad1|248,390,1798,1336|
7734092|WindowsForms10.Window.8.app.0.34f5582_r7_ad1|248,390,1798,1134|
8389526|WindowsForms10.Window.8.app.0.34f5582_r7_ad1|256,420,1766,1126|
5374780|WindowsForms10.Window.8.app.0.34f5582_r7_ad1|248,1142,1798,1336|
8717296|WindowsForms10.Window.8.app.0.34f5582_r7_ad1|260,1146,1744,1324|
5703018|WindowsForms10.SCROLLBAR.app.0.34f5582_r7_ad1|262,1288,1708,1322|
7209448|WindowsForms10.SCROLLBAR.app.0.34f5582_r7_ad1|1708,1148,1742,1288|
6684816|WindowsForms10.COMBOBOX.app.0.34f5582_r7_ad1|494,320,746,362|Mach Number
6423418|WindowsForms10.COMBOBOX.app.0.34f5582_r7_ad1|256,322,482,364|CD
8651604|WindowsForms10.Window.8.app.0.34f5582_r7_ad1|224,270,1766,318|MenuStrip1
132054|WindowsForms10.Window.8.app.0.34f5582_r7_ad1|-16,-16,3616,1992|RASAero II 
132052|WindowsForms10.Window.8.app.0.34f5582_r7_ad1|0,168,3600,1978|
131938|WindowsForms10.Window.8.app.0.34f5582_r7_ad1|0,168,3600,438|
263020|WindowsForms10.EDIT.app.0.34f5582_r7_ad1|340,188,1282,270|Hbody-short
328648|WindowsForms10.EDIT.app.0.34f5582_r7_ad1|418,294,1162,376|Motor: I500T-14A  (AT)  Loaded Wt. (lb) 14.5064
132048|WindowsForms10.LISTBOX.app.0.34f5582_r7_ad1|18,188,316,378|
197574|WindowsForms10.Window.8.app.0.34f5582_r7_ad1|0,446,3600,1978|
197562|WindowsForms10.Window.8.app.0.34f5582_r7_ad1|1780,1902,1906,1942|
263104|WindowsForms10.EDIT.app.0.34f5582_r7_ad1|1784,1906,1902,1938|0.00
197578|WindowsForms10.STATIC.app.0.34f5582_r7_ad1|642,1906,2794,1934|Mach
131936|WindowsForms10.Window.8.app.0.34f5582_r7_ad1|18,454,3592,1834|
132056|WindowsForms10.Window.8.app.0.34f5582_r7_ad1|4,1846,3600,1932|
197438|WindowsForms10.Window.8.app.0.34f5582_r7_ad1|0,94,3600,162|ToolStrip1
197598|WindowsForms10.Window.8.app.0.34f5582_r7_ad1|0,46,3600,94|MenuStrip1
7733306|WindowsForms10.Window.8.app.0.34f5582_r7_ad1|208,208,1782,1362|Aero Plots
7340094|WindowsForms10.STATIC.app.0.34f5582_r7_ad1|774,328,946,362|Plot Data to:
7340132|WindowsForms10.COMBOBOX.app.0.34f5582_r7_ad1|956,324,1128,366|Mach 25
7995422|WindowsForms10.Window.8.app.0.34f5582_r7_ad1|248,390,1798,1336|
7734092|WindowsForms10.Window.8.app.0.34f5582_r7_ad1|248,390,1798,1134|
8389526|WindowsForms10.Window.8.app.0.34f5582_r7_ad1|256,420,1766,1126|
5374780|WindowsForms10.Window.8.app.0.34f5582_r7_ad1|248,1142,1798,1336|
8717296|WindowsForms10.Window.8.app.0.34f5582_r7_ad1|260,1146,1744,1324|
5703018|WindowsForms10.SCROLLBAR.app.0.34f5582_r7_ad1|262,1288,1708,1322|
7209448|WindowsForms10.SCROLLBAR.app.0.34f5582_r7_ad1|1708,1148,1742,1288|
6684816|WindowsForms10.COMBOBOX.app.0.34f5582_r7_ad1|494,320,746,362|Mach Number
6423418|WindowsForms10.COMBOBOX.app.0.34f5582_r7_ad1|256,322,482,364|CD
8651604|WindowsForms10.Window.8.app.0.34f5582_r7_ad1|224,270,1766,318|MenuStrip1
132054|WindowsForms10.Window.8.app.0.34f5582_r7_ad1|-16,-16,3616,1992|RASAero II 
132052|WindowsForms10.Window.8.app.0.34f5582_r7_ad1|0,168,3600,1978|
131938|WindowsForms10.Window.8.app.0.34f5582_r7_ad1|0,168,3600,438|
263020|WindowsForms10.EDIT.app.0.34f5582_r7_ad1|340,188,1282,270|Hbody-short
328648|WindowsForms10.EDIT.app.0.34f5582_r7_ad1|418,294,1162,376|Motor: I500T-14A  (AT)  Loaded Wt. (lb) 14.5064
132048|WindowsForms10.LISTBOX.app.0.34f5582_r7_ad1|18,188,316,378|
197574|WindowsForms10.Window.8.app.0.34f5582_r7_ad1|0,446,3600,1978|
197562|WindowsForms10.Window.8.app.0.34f5582_r7_ad1|1780,1902,1906,1942|
263104|WindowsForms10.EDIT.app.0.34f5582_r7_ad1|1784,1906,1902,1938|0.00
197578|WindowsForms10.STATIC.app.0.34f5582_r7_ad1|642,1906,2794,1934|Mach
131936|WindowsForms10.Window.8.app.0.34f5582_r7_ad1|18,454,3592,1834|
132056|WindowsForms10.Window.8.app.0.34f5582_r7_ad1|4,1846,3600,1932|
197438|WindowsForms10.Window.8.app.0.34f5582_r7_ad1|0,94,3600,162|ToolStrip1
197598|WindowsForms10.Window.8.app.0.34f5582_r7_ad1|0,46,3600,94|MenuStrip1
EXPORTED Hbody-short
132054|WindowsForms10.Window.8.app.0.34f5582_r7_ad1|-16,-16,3616,1992|RASAero II 
132052|WindowsForms10.Window.8.app.0.34f5582_r7_ad1|0,168,3600,1978|
131938|WindowsForms10.Window.8.app.0.34f5582_r7_ad1|0,168,3600,438|
263020|WindowsForms10.EDIT.app.0.34f5582_r7_ad1|340,188,1282,270|Hbody-short
328648|WindowsForms10.EDIT.app.0.34f5582_r7_ad1|418,294,1162,376|Motor: I500T-14A  (AT)  Loaded Wt. (lb) 14.5064
132048|WindowsForms10.LISTBOX.app.0.34f5582_r7_ad1|18,188,316,378|
197574|WindowsForms10.Window.8.app.0.34f5582_r7_ad1|0,446,3600,1978|
197562|WindowsForms10.Window.8.app.0.34f5582_r7_ad1|1780,1902,1906,1942|
263104|WindowsForms10.EDIT.app.0.34f5582_r7_ad1|1784,1906,1902,1938|0.00
197578|WindowsForms10.STATIC.app.0.34f5582_r7_ad1|642,1906,2794,1934|Mach
131936|WindowsForms10.Window.8.app.0.34f5582_r7_ad1|18,454,3592,1834|
132056|WindowsForms10.Window.8.app.0.34f5582_r7_ad1|4,1846,3600,1932|
197438|WindowsForms10.Window.8.app.0.34f5582_r7_ad1|0,94,3600,162|ToolStrip1
197598|WindowsForms10.Window.8.app.0.34f5582_r7_ad1|0,46,3600,94|MenuStrip1
132054|WindowsForms10.Window.8.app.0.34f5582_r7_ad1|-16,-16,3616,1992|RASAero II 
132052|WindowsForms10.Window.8.app.0.34f5582_r7_ad1|0,168,3600,1978|
131938|WindowsForms10.Window.8.app.0.34f5582_r7_ad1|0,168,3600,438|
263020|WindowsForms10.EDIT.app.0.34f5582_r7_ad1|340,188,1282,270|Hbody-long
328648|WindowsForms10.EDIT.app.0.34f5582_r7_ad1|418,294,1162,376|Motor: I500T-14A  (AT)  Loaded Wt. (lb) 14.5064
132048|WindowsForms10.LISTBOX.app.0.34f5582_r7_ad1|18,188,316,378|
197574|WindowsForms10.Window.8.app.0.34f5582_r7_ad1|0,446,3600,1978|
197562|WindowsForms10.Window.8.app.0.34f5582_r7_ad1|1780,1902,1906,1942|
263104|WindowsForms10.EDIT.app.0.34f5582_r7_ad1|1784,1906,1902,1938|0.00
197578|WindowsForms10.STATIC.app.0.34f5582_r7_ad1|642,1906,2794,1934|Mach
131936|WindowsForms10.Window.8.app.0.34f5582_r7_ad1|18,454,3592,1834|
132056|WindowsForms10.Window.8.app.0.34f5582_r7_ad1|4,1846,3600,1932|
197438|WindowsForms10.Window.8.app.0.34f5582_r7_ad1|0,94,3600,162|ToolStrip1
197598|WindowsForms10.Window.8.app.0.34f5582_r7_ad1|0,46,3600,94|MenuStrip1
132054|WindowsForms10.Window.8.app.0.34f5582_r7_ad1|-16,-16,3616,1992|RASAero II 
132052|WindowsForms10.Window.8.app.0.34f5582_r7_ad1|0,168,3600,1978|
131938|WindowsForms10.Window.8.app.0.34f5582_r7_ad1|0,168,3600,438|
263020|WindowsForms10.EDIT.app.0.34f5582_r7_ad1|340,188,1282,270|Hbody-long
328648|WindowsForms10.EDIT.app.0.34f5582_r7_ad1|418,294,1162,376|Motor: I500T-14A  (AT)  Loaded Wt. (lb) 14.5064
132048|WindowsForms10.LISTBOX.app.0.34f5582_r7_ad1|18,188,316,378|
197574|WindowsForms10.Window.8.app.0.34f5582_r7_ad1|0,446,3600,1978|
197562|WindowsForms10.Window.8.app.0.34f5582_r7_ad1|1780,1902,1906,1942|
263104|WindowsForms10.EDIT.app.0.34f5582_r7_ad1|1784,1906,1902,1938|0.00
197578|WindowsForms10.STATIC.app.0.34f5582_r7_ad1|642,1906,2794,1934|Mach
131936|WindowsForms10.Window.8.app.0.34f5582_r7_ad1|18,454,3592,1834|
132056|WindowsForms10.Window.8.app.0.34f5582_r7_ad1|4,1846,3600,1932|
197438|WindowsForms10.Window.8.app.0.34f5582_r7_ad1|0,94,3600,162|ToolStrip1
197598|WindowsForms10.Window.8.app.0.34f5582_r7_ad1|0,46,3600,94|MenuStrip1
6946906|WindowsForms10.Window.8.app.0.34f5582_r7_ad1|260,260,1834,1414|Aero Plots
10747980|WindowsForms10.STATIC.app.0.34f5582_r7_ad1|826,380,998,414|Plot Data to:
7012906|WindowsForms10.COMBOBOX.app.0.34f5582_r7_ad1|1008,376,1180,418|Mach 25
7471204|WindowsForms10.Window.8.app.0.34f5582_r7_ad1|300,442,1850,1388|
9700174|WindowsForms10.Window.8.app.0.34f5582_r7_ad1|300,442,1850,1186|
7405650|WindowsForms10.Window.8.app.0.34f5582_r7_ad1|308,472,1818,1178|
5964008|WindowsForms10.Window.8.app.0.34f5582_r7_ad1|300,1194,1850,1388|
8520598|WindowsForms10.Window.8.app.0.34f5582_r7_ad1|312,1198,1796,1376|
7798998|WindowsForms10.SCROLLBAR.app.0.34f5582_r7_ad1|314,1340,1760,1374|
8848260|WindowsForms10.SCROLLBAR.app.0.34f5582_r7_ad1|1760,1200,1794,1340|
5505852|WindowsForms10.COMBOBOX.app.0.34f5582_r7_ad1|546,372,798,414|Mach Number
7340520|WindowsForms10.COMBOBOX.app.0.34f5582_r7_ad1|308,374,534,416|CD
5834090|WindowsForms10.Window.8.app.0.34f5582_r7_ad1|276,322,1818,370|MenuStrip1
132054|WindowsForms10.Window.8.app.0.34f5582_r7_ad1|-16,-16,3616,1992|RASAero II 
132052|WindowsForms10.Window.8.app.0.34f5582_r7_ad1|0,168,3600,1978|
131938|WindowsForms10.Window.8.app.0.34f5582_r7_ad1|0,168,3600,438|
263020|WindowsForms10.EDIT.app.0.34f5582_r7_ad1|340,188,1282,270|Hbody-long
328648|WindowsForms10.EDIT.app.0.34f5582_r7_ad1|418,294,1162,376|Motor: I500T-14A  (AT)  Loaded Wt. (lb) 14.5064
132048|WindowsForms10.LISTBOX.app.0.34f5582_r7_ad1|18,188,316,378|
197574|WindowsForms10.Window.8.app.0.34f5582_r7_ad1|0,446,3600,1978|
197562|WindowsForms10.Window.8.app.0.34f5582_r7_ad1|1780,1902,1906,1942|
263104|WindowsForms10.EDIT.app.0.34f5582_r7_ad1|1784,1906,1902,1938|0.00
197578|WindowsForms10.STATIC.app.0.34f5582_r7_ad1|642,1906,2794,1934|Mach
131936|WindowsForms10.Window.8.app.0.34f5582_r7_ad1|18,454,3592,1834|
132056|WindowsForms10.Window.8.app.0.34f5582_r7_ad1|4,1846,3600,1932|
197438|WindowsForms10.Window.8.app.0.34f5582_r7_ad1|0,94,3600,162|ToolStrip1
197598|WindowsForms10.Window.8.app.0.34f5582_r7_ad1|0,46,3600,94|MenuStrip1
6946906|WindowsForms10.Window.8.app.0.34f5582_r7_ad1|260,260,1834,1414|Aero Plots
10747980|WindowsForms10.STATIC.app.0.34f5582_r7_ad1|826,380,998,414|Plot Data to:
7012906|WindowsForms10.COMBOBOX.app.0.34f5582_r7_ad1|1008,376,1180,418|Mach 25
7471204|WindowsForms10.Window.8.app.0.34f5582_r7_ad1|300,442,1850,1388|
9700174|WindowsForms10.Window.8.app.0.34f5582_r7_ad1|300,442,1850,1186|
7405650|WindowsForms10.Window.8.app.0.34f5582_r7_ad1|308,472,1818,1178|
5964008|WindowsForms10.Window.8.app.0.34f5582_r7_ad1|300,1194,1850,1388|
8520598|WindowsForms10.Window.8.app.0.34f5582_r7_ad1|312,1198,1796,1376|
7798998|WindowsForms10.SCROLLBAR.app.0.34f5582_r7_ad1|314,1340,1760,1374|
8848260|WindowsForms10.SCROLLBAR.app.0.34f5582_r7_ad1|1760,1200,1794,1340|
5505852|WindowsForms10.COMBOBOX.app.0.34f5582_r7_ad1|546,372,798,414|Mach Number
7340520|WindowsForms10.COMBOBOX.app.0.34f5582_r7_ad1|308,374,534,416|CD
5834090|WindowsForms10.Window.8.app.0.34f5582_r7_ad1|276,322,1818,370|MenuStrip1
132054|WindowsForms10.Window.8.app.0.34f5582_r7_ad1|-16,-16,3616,1992|RASAero II 
132052|WindowsForms10.Window.8.app.0.34f5582_r7_ad1|0,168,3600,1978|
131938|WindowsForms10.Window.8.app.0.34f5582_r7_ad1|0,168,3600,438|
263020|WindowsForms10.EDIT.app.0.34f5582_r7_ad1|340,188,1282,270|Hbody-long
328648|WindowsForms10.EDIT.app.0.34f5582_r7_ad1|418,294,1162,376|Motor: I500T-14A  (AT)  Loaded Wt. (lb) 14.5064
132048|WindowsForms10.LISTBOX.app.0.34f5582_r7_ad1|18,188,316,378|
197574|WindowsForms10.Window.8.app.0.34f5582_r7_ad1|0,446,3600,1978|
197562|WindowsForms10.Window.8.app.0.34f5582_r7_ad1|1780,1902,1906,1942|
263104|WindowsForms10.EDIT.app.0.34f5582_r7_ad1|1784,1906,1902,1938|0.00
197578|WindowsForms10.STATIC.app.0.34f5582_r7_ad1|642,1906,2794,1934|Mach
131936|WindowsForms10.Window.8.app.0.34f5582_r7_ad1|18,454,3592,1834|
132056|WindowsForms10.Window.8.app.0.34f5582_r7_ad1|4,1846,3600,1932|
197438|WindowsForms10.Window.8.app.0.34f5582_r7_ad1|0,94,3600,162|ToolStrip1
197598|WindowsForms10.Window.8.app.0.34f5582_r7_ad1|0,46,3600,94|MenuStrip1
6946906|WindowsForms10.Window.8.app.0.34f5582_r7_ad1|260,260,1834,1414|Aero Plots
10747980|WindowsForms10.STATIC.app.0.34f5582_r7_ad1|826,380,998,414|Plot Data to:
7012906|WindowsForms10.COMBOBOX.app.0.34f5582_r7_ad1|1008,376,1180,418|Mach 25
7471204|WindowsForms10.Window.8.app.0.34f5582_r7_ad1|300,442,1850,1388|
9700174|WindowsForms10.Window.8.app.0.34f5582_r7_ad1|300,442,1850,1186|
7405650|WindowsForms10.Window.8.app.0.34f5582_r7_ad1|308,472,1818,1178|
5964008|WindowsForms10.Window.8.app.0.34f5582_r7_ad1|300,1194,1850,1388|
8520598|WindowsForms10.Window.8.app.0.34f5582_r7_ad1|312,1198,1796,1376|
7798998|WindowsForms10.SCROLLBAR.app.0.34f5582_r7_ad1|314,1340,1760,1374|
8848260|WindowsForms10.SCROLLBAR.app.0.34f5582_r7_ad1|1760,1200,1794,1340|
5505852|WindowsForms10.COMBOBOX.app.0.34f5582_r7_ad1|546,372,798,414|Mach Number
7340520|WindowsForms10.COMBOBOX.app.0.34f5582_r7_ad1|308,374,534,416|CD
5834090|WindowsForms10.Window.8.app.0.34f5582_r7_ad1|276,322,1818,370|MenuStrip1
132054|WindowsForms10.Window.8.app.0.34f5582_r7_ad1|-16,-16,3616,1992|RASAero II 
132052|WindowsForms10.Window.8.app.0.34f5582_r7_ad1|0,168,3600,1978|
131938|WindowsForms10.Window.8.app.0.34f5582_r7_ad1|0,168,3600,438|
263020|WindowsForms10.EDIT.app.0.34f5582_r7_ad1|340,188,1282,270|Hbody-long
328648|WindowsForms10.EDIT.app.0.34f5582_r7_ad1|418,294,1162,376|Motor: I500T-14A  (AT)  Loaded Wt. (lb) 14.5064
132048|WindowsForms10.LISTBOX.app.0.34f5582_r7_ad1|18,188,316,378|
197574|WindowsForms10.Window.8.app.0.34f5582_r7_ad1|0,446,3600,1978|
197562|WindowsForms10.Window.8.app.0.34f5582_r7_ad1|1780,1902,1906,1942|
263104|WindowsForms10.EDIT.app.0.34f5582_r7_ad1|1784,1906,1902,1938|0.00
197578|WindowsForms10.STATIC.app.0.34f5582_r7_ad1|642,1906,2794,1934|Mach
131936|WindowsForms10.Window.8.app.0.34f5582_r7_ad1|18,454,3592,1834|
132056|WindowsForms10.Window.8.app.0.34f5582_r7_ad1|4,1846,3600,1932|
197438|WindowsForms10.Window.8.app.0.34f5582_r7_ad1|0,94,3600,162|ToolStrip1
197598|WindowsForms10.Window.8.app.0.34f5582_r7_ad1|0,46,3600,94|MenuStrip1
EXPORTED Hbody-long
132054|WindowsForms10.Window.8.app.0.34f5582_r7_ad1|-16,-16,3616,1992|RASAero II 
132052|WindowsForms10.Window.8.app.0.34f5582_r7_ad1|0,168,3600,1978|
131938|WindowsForms10.Window.8.app.0.34f5582_r7_ad1|0,168,3600,438|
263020|WindowsForms10.EDIT.app.0.34f5582_r7_ad1|340,188,1282,270|Hbody-long
328648|WindowsForms10.EDIT.app.0.34f5582_r7_ad1|418,294,1162,376|Motor: I500T-14A  (AT)  Loaded Wt. (lb) 14.5064
132048|WindowsForms10.LISTBOX.app.0.34f5582_r7_ad1|18,188,316,378|
197574|WindowsForms10.Window.8.app.0.34f5582_r7_ad1|0,446,3600,1978|
197562|WindowsForms10.Window.8.app.0.34f5582_r7_ad1|1780,1902,1906,1942|
263104|WindowsForms10.EDIT.app.0.34f5582_r7_ad1|1784,1906,1902,1938|0.00
197578|WindowsForms10.STATIC.app.0.34f5582_r7_ad1|642,1906,2794,1934|Mach
131936|WindowsForms10.Window.8.app.0.34f5582_r7_ad1|18,454,3592,1834|
132056|WindowsForms10.Window.8.app.0.34f5582_r7_ad1|4,1846,3600,1932|
197438|WindowsForms10.Window.8.app.0.34f5582_r7_ad1|0,94,3600,162|ToolStrip1
197598|WindowsForms10.Window.8.app.0.34f5582_r7_ad1|0,46,3600,94|MenuStrip1
132054|WindowsForms10.Window.8.app.0.34f5582_r7_ad1|-16,-16,3616,1992|RASAero II 
132052|WindowsForms10.Window.8.app.0.34f5582_r7_ad1|0,168,3600,1978|
131938|WindowsForms10.Window.8.app.0.34f5582_r7_ad1|0,168,3600,438|
263020|WindowsForms10.EDIT.app.0.34f5582_r7_ad1|340,188,1282,270|Hsq-count3
328648|WindowsForms10.EDIT.app.0.34f5582_r7_ad1|418,294,1162,376|Motor: I500T-14A  (AT)  Loaded Wt. (lb) 14.5064
132048|WindowsForms10.LISTBOX.app.0.34f5582_r7_ad1|18,188,316,378|
197574|WindowsForms10.Window.8.app.0.34f5582_r7_ad1|0,446,3600,1978|
197562|WindowsForms10.Window.8.app.0.34f5582_r7_ad1|1780,1902,1906,1942|
263104|WindowsForms10.EDIT.app.0.34f5582_r7_ad1|1784,1906,1902,1938|0.00
197578|WindowsForms10.STATIC.app.0.34f5582_r7_ad1|642,1906,2794,1934|Mach
131936|WindowsForms10.Window.8.app.0.34f5582_r7_ad1|18,454,3592,1834|
132056|WindowsForms10.Window.8.app.0.34f5582_r7_ad1|4,1846,3600,1932|
197438|WindowsForms10.Window.8.app.0.34f5582_r7_ad1|0,94,3600,162|ToolStrip1
197598|WindowsForms10.Window.8.app.0.34f5582_r7_ad1|0,46,3600,94|MenuStrip1
132054|WindowsForms10.Window.8.app.0.34f5582_r7_ad1|-16,-16,3616,1992|RASAero II 
132052|WindowsForms10.Window.8.app.0.34f5582_r7_ad1|0,168,3600,1978|
131938|WindowsForms10.Window.8.app.0.34f5582_r7_ad1|0,168,3600,438|
263020|WindowsForms10.EDIT.app.0.34f5582_r7_ad1|340,188,1282,270|Hsq-count3
328648|WindowsForms10.EDIT.app.0.34f5582_r7_ad1|418,294,1162,376|Motor: I500T-14A  (AT)  Loaded Wt. (lb) 14.5064
132048|WindowsForms10.LISTBOX.app.0.34f5582_r7_ad1|18,188,316,378|
197574|WindowsForms10.Window.8.app.0.34f5582_r7_ad1|0,446,3600,1978|
197562|WindowsForms10.Window.8.app.0.34f5582_r7_ad1|1780,1902,1906,1942|
263104|WindowsForms10.EDIT.app.0.34f5582_r7_ad1|1784,1906,1902,1938|0.00
197578|WindowsForms10.STATIC.app.0.34f5582_r7_ad1|642,1906,2794,1934|Mach
131936|WindowsForms10.Window.8.app.0.34f5582_r7_ad1|18,454,3592,1834|
132056|WindowsForms10.Window.8.app.0.34f5582_r7_ad1|4,1846,3600,1932|
197438|WindowsForms10.Window.8.app.0.34f5582_r7_ad1|0,94,3600,162|ToolStrip1
197598|WindowsForms10.Window.8.app.0.34f5582_r7_ad1|0,46,3600,94|MenuStrip1
7602420|WindowsForms10.Window.8.app.0.34f5582_r7_ad1|312,312,1886,1466|Aero Plots
8323252|WindowsForms10.STATIC.app.0.34f5582_r7_ad1|878,432,1050,466|Plot Data to:
7602238|WindowsForms10.COMBOBOX.app.0.34f5582_r7_ad1|1060,428,1232,470|Mach 25
7143978|WindowsForms10.Window.8.app.0.34f5582_r7_ad1|352,494,1902,1440|
6554334|WindowsForms10.Window.8.app.0.34f5582_r7_ad1|352,494,1902,1238|
9306172|WindowsForms10.Window.8.app.0.34f5582_r7_ad1|360,524,1870,1230|
6620138|WindowsForms10.Window.8.app.0.34f5582_r7_ad1|352,1246,1902,1440|
8913748|WindowsForms10.Window.8.app.0.34f5582_r7_ad1|364,1250,1848,1428|
8979440|WindowsForms10.SCROLLBAR.app.0.34f5582_r7_ad1|366,1392,1812,1426|
6620030|WindowsForms10.SCROLLBAR.app.0.34f5582_r7_ad1|1812,1252,1846,1392|
7536722|WindowsForms10.COMBOBOX.app.0.34f5582_r7_ad1|598,424,850,466|Mach Number
8651670|WindowsForms10.COMBOBOX.app.0.34f5582_r7_ad1|360,426,586,468|CD
7930070|WindowsForms10.Window.8.app.0.34f5582_r7_ad1|328,374,1870,422|MenuStrip1
132054|WindowsForms10.Window.8.app.0.34f5582_r7_ad1|-16,-16,3616,1992|RASAero II 
132052|WindowsForms10.Window.8.app.0.34f5582_r7_ad1|0,168,3600,1978|
131938|WindowsForms10.Window.8.app.0.34f5582_r7_ad1|0,168,3600,438|
263020|WindowsForms10.EDIT.app.0.34f5582_r7_ad1|340,188,1282,270|Hsq-count3
328648|WindowsForms10.EDIT.app.0.34f5582_r7_ad1|418,294,1162,376|Motor: I500T-14A  (AT)  Loaded Wt. (lb) 14.5064
132048|WindowsForms10.LISTBOX.app.0.34f5582_r7_ad1|18,188,316,378|
197574|WindowsForms10.Window.8.app.0.34f5582_r7_ad1|0,446,3600,1978|
197562|WindowsForms10.Window.8.app.0.34f5582_r7_ad1|1780,1902,1906,1942|
263104|WindowsForms10.EDIT.app.0.34f5582_r7_ad1|1784,1906,1902,1938|0.00
197578|WindowsForms10.STATIC.app.0.34f5582_r7_ad1|642,1906,2794,1934|Mach
131936|WindowsForms10.Window.8.app.0.34f5582_r7_ad1|18,454,3592,1834|
132056|WindowsForms10.Window.8.app.0.34f5582_r7_ad1|4,1846,3600,1932|
197438|WindowsForms10.Window.8.app.0.34f5582_r7_ad1|0,94,3600,162|ToolStrip1
197598|WindowsForms10.Window.8.app.0.34f5582_r7_ad1|0,46,3600,94|MenuStrip1
7602420|WindowsForms10.Window.8.app.0.34f5582_r7_ad1|312,312,1886,1466|Aero Plots
8323252|WindowsForms10.STATIC.app.0.34f5582_r7_ad1|878,432,1050,466|Plot Data to:
7602238|WindowsForms10.COMBOBOX.app.0.34f5582_r7_ad1|1060,428,1232,470|Mach 25
7143978|WindowsForms10.Window.8.app.0.34f5582_r7_ad1|352,494,1902,1440|
6554334|WindowsForms10.Window.8.app.0.34f5582_r7_ad1|352,494,1902,1238|
9306172|WindowsForms10.Window.8.app.0.34f5582_r7_ad1|360,524,1870,1230|
6620138|WindowsForms10.Window.8.app.0.34f5582_r7_ad1|352,1246,1902,1440|
8913748|WindowsForms10.Window.8.app.0.34f5582_r7_ad1|364,1250,1848,1428|
8979440|WindowsForms10.SCROLLBAR.app.0.34f5582_r7_ad1|366,1392,1812,1426|
6620030|WindowsForms10.SCROLLBAR.app.0.34f5582_r7_ad1|1812,1252,1846,1392|
7536722|WindowsForms10.COMBOBOX.app.0.34f5582_r7_ad1|598,424,850,466|Mach Number
8651670|WindowsForms10.COMBOBOX.app.0.34f5582_r7_ad1|360,426,586,468|CD
7930070|WindowsForms10.Window.8.app.0.34f5582_r7_ad1|328,374,1870,422|MenuStrip1
132054|WindowsForms10.Window.8.app.0.34f5582_r7_ad1|-16,-16,3616,1992|RASAero II 
132052|WindowsForms10.Window.8.app.0.34f5582_r7_ad1|0,168,3600,1978|
131938|WindowsForms10.Window.8.app.0.34f5582_r7_ad1|0,168,3600,438|
263020|WindowsForms10.EDIT.app.0.34f5582_r7_ad1|340,188,1282,270|Hsq-count3
328648|WindowsForms10.EDIT.app.0.34f5582_r7_ad1|418,294,1162,376|Motor: I500T-14A  (AT)  Loaded Wt. (lb) 14.5064
132048|WindowsForms10.LISTBOX.app.0.34f5582_r7_ad1|18,188,316,378|
197574|WindowsForms10.Window.8.app.0.34f5582_r7_ad1|0,446,3600,1978|
197562|WindowsForms10.Window.8.app.0.34f5582_r7_ad1|1780,1902,1906,1942|
263104|WindowsForms10.EDIT.app.0.34f5582_r7_ad1|1784,1906,1902,1938|0.00
197578|WindowsForms10.STATIC.app.0.34f5582_r7_ad1|642,1906,2794,1934|Mach
131936|WindowsForms10.Window.8.app.0.34f5582_r7_ad1|18,454,3592,1834|
132056|WindowsForms10.Window.8.app.0.34f5582_r7_ad1|4,1846,3600,1932|
197438|WindowsForms10.Window.8.app.0.34f5582_r7_ad1|0,94,3600,162|ToolStrip1
197598|WindowsForms10.Window.8.app.0.34f5582_r7_ad1|0,46,3600,94|MenuStrip1
7602420|WindowsForms10.Window.8.app.0.34f5582_r7_ad1|312,312,1886,1466|Aero Plots
8323252|WindowsForms10.STATIC.app.0.34f5582_r7_ad1|878,432,1050,466|Plot Data to:
7602238|WindowsForms10.COMBOBOX.app.0.34f5582_r7_ad1|1060,428,1232,470|Mach 25
7143978|WindowsForms10.Window.8.app.0.34f5582_r7_ad1|352,494,1902,1440|
6554334|WindowsForms10.Window.8.app.0.34f5582_r7_ad1|352,494,1902,1238|
9306172|WindowsForms10.Window.8.app.0.34f5582_r7_ad1|360,524,1870,1230|
6620138|WindowsForms10.Window.8.app.0.34f5582_r7_ad1|352,1246,1902,1440|
8913748|WindowsForms10.Window.8.app.0.34f5582_r7_ad1|364,1250,1848,1428|
8979440|WindowsForms10.SCROLLBAR.app.0.34f5582_r7_ad1|366,1392,1812,1426|
6620030|WindowsForms10.SCROLLBAR.app.0.34f5582_r7_ad1|1812,1252,1846,1392|
7536722|WindowsForms10.COMBOBOX.app.0.34f5582_r7_ad1|598,424,850,466|Mach Number
8651670|WindowsForms10.COMBOBOX.app.0.34f5582_r7_ad1|360,426,586,468|CD
7930070|WindowsForms10.Window.8.app.0.34f5582_r7_ad1|328,374,1870,422|MenuStrip1
132054|WindowsForms10.Window.8.app.0.34f5582_r7_ad1|-16,-16,3616,1992|RASAero II 
132052|WindowsForms10.Window.8.app.0.34f5582_r7_ad1|0,168,3600,1978|
131938|WindowsForms10.Window.8.app.0.34f5582_r7_ad1|0,168,3600,438|
263020|WindowsForms10.EDIT.app.0.34f5582_r7_ad1|340,188,1282,270|Hsq-count3
328648|WindowsForms10.EDIT.app.0.34f5582_r7_ad1|418,294,1162,376|Motor: I500T-14A  (AT)  Loaded Wt. (lb) 14.5064
132048|WindowsForms10.LISTBOX.app.0.34f5582_r7_ad1|18,188,316,378|
197574|WindowsForms10.Window.8.app.0.34f5582_r7_ad1|0,446,3600,1978|
197562|WindowsForms10.Window.8.app.0.34f5582_r7_ad1|1780,1902,1906,1942|
263104|WindowsForms10.EDIT.app.0.34f5582_r7_ad1|1784,1906,1902,1938|0.00
197578|WindowsForms10.STATIC.app.0.34f5582_r7_ad1|642,1906,2794,1934|Mach
131936|WindowsForms10.Window.8.app.0.34f5582_r7_ad1|18,454,3592,1834|
132056|WindowsForms10.Window.8.app.0.34f5582_r7_ad1|4,1846,3600,1932|
197438|WindowsForms10.Window.8.app.0.34f5582_r7_ad1|0,94,3600,162|ToolStrip1
197598|WindowsForms10.Window.8.app.0.34f5582_r7_ad1|0,46,3600,94|MenuStrip1
EXPORTED Hsq-count3
